left Sync information: global sync logger time 09:40:28.743 equals 0
110: 1 1 1 1 1 1 1 1 1 1 4 2 1 1 1 1 |1 1 1 5 1 1 1 1 1 1 1 1 1 1 4 1 |1 1 1 1 1 1 1 1 1 1 1 1 1 1 1 1 |1 1 1 1 1 1 1 1 1 1 1 1 1 1 1 1 |1 1 1 1 1 1 1 1 1 1 1 1 1 1 1 1 |1 1 1 1 1 1 2 1 1 2 1 1 1 3 1 1 |1 1 1 1 1 1 1 1 1 1 1 1 1 1 1 1 |1 1 1 2 6 2 1 1 3 7 1 1 1 1 1 1 |1 1 1 1 1 1 1 4 1 1 1 1 1 1 1 13 |1 1 1 1 1 1 1 2 1 1 1 10 1 1 1 1 |1 1 1 1 1 1 9 1 1 1 1 1 1 1 1 1 |1 6 1 1 1 1 3 1 1 1 12 7 1 1 3 1 |
121: 1 1 1 1 1 1 1 1 1 1 4 2 1 1 1 1 |1 1 1 5 1 1 1 1 1 1 1 1 1 1 4 1 |1 1 1 1 1 1 1 1 1 1 1 1 1 1 1 1 |1 1 1 1 1 1 1 1 1 1 1 1 1 1 1 1 |1 1 1 1 1 1 1 1 1 1 1 1 1 1 1 1 |1 1 1 1 1 1 2 1 1 2 1 1 1 3 1 1 |1 1 1 1 1 1 1 1 1 1 1 1 1 1 1 1 |1 1 1 2 6 2 1 1 3 7 1 1 1 1 1 1 |1 1 1 1 1 1 1 4 1 1 1 1 1 1 1 13 |1 1 1 1 1 1 1 2 1 1 1 10 1 1 1 1 |1 1 1 1 1 1 9 1 1 1 1 1 1 1 1 1 |1 6 1 1 1 1 3 1 1 1 12 7 1 1 3 1 |
132: 1 1 1 1 1 1 1 1 1 1 1 4 1 1 1 1 |1 1 5 1 1 1 1 1 1 1 1 1 1 1 3 1 |1 1 1 1 1 1 1 1 1 1 1 1 1 1 1 1 |1 1 1 1 1 1 1 1 1 1 1 1 1 1 1 1 |1 1 1 1 1 1 1 1 1 1 1 1 1 1 1 1 |1 1 1 1 1 1 1 4 1 3 3 1 1 4 1 1 |1 1 1 1 1 1 1 1 1 1 1 1 1 1 1 1 |1 1 1 2 6 2 1 1 3 7 1 1 1 1 1 1 |1 1 1 1 1 1 1 4 1 1 1 1 1 1 1 13 |1 1 1 1 1 1 1 2 1 1 1 10 1 1 1 1 |1 1 1 1 1 1 9 1 1 1 1 1 1 1 1 1 |1 6 1 1 1 1 3 1 1 1 12 7 1 1 3 1 |
142: 1 1 1 1 1 1 1 1 1 1 1 4 1 1 1 1 |1 1 5 1 1 1 1 1 1 1 1 1 1 1 3 1 |1 1 1 1 1 1 1 1 1 1 1 1 1 1 1 1 |1 1 1 1 1 1 1 1 1 1 1 1 1 1 1 1 |1 1 1 1 1 1 1 1 1 1 1 1 1 1 1 1 |1 1 1 1 1 1 1 4 1 3 3 1 1 4 1 1 |1 1 1 1 1 1 1 1 1 1 1 1 1 1 1 2 |1 1 1 11 1 1 1 1 1 1 1 1 1 1 1 4 |1 1 1 1 1 1 1 8 1 1 7 1 1 1 2 1 |1 1 1 1 1 1 6 1 1 1 1 8 1 1 1 1 |5 1 9 1 1 1 7 1 1 1 1 5 2 1 1 9 |1 11 1 2 1 1 1 1 1 1 9 2 1 1 11 2 |
153: 1 1 1 1 1 1 1 1 1 1 1 4 1 1 1 1 |1 1 5 1 1 1 1 1 1 1 1 1 1 1 3 1 |1 1 1 1 1 1 1 1 1 1 1 1 1 1 1 1 |1 1 1 1 1 1 1 1 1 1 1 1 1 1 1 1 |1 1 1 1 1 1 1 1 1 1 1 1 1 1 1 1 |1 1 1 1 1 1 1 4 1 3 3 1 1 4 1 1 |1 1 1 1 1 1 1 1 1 1 1 1 1 1 1 2 |1 1 1 11 1 1 1 1 1 1 1 1 1 1 1 4 |1 1 1 1 1 1 1 8 1 1 7 1 1 1 2 1 |1 1 1 1 1 1 6 1 1 1 1 8 1 1 1 1 |5 1 9 1 1 1 7 1 1 1 1 5 2 1 1 9 |1 11 1 2 1 1 1 1 1 1 9 2 1 1 11 2 |
164: 1 1 1 1 1 1 1 1 1 1 5 9 1 1 1 1 |1 1 7 4 1 1 1 1 1 1 1 1 1 1 1 1 |1 1 1 1 1 1 1 1 1 1 1 1 1 1 1 1 |1 1 1 1 1 1 1 1 1 1 1 1 1 1 1 1 |1 1 1 1 1 1 1 1 1 1 1 1 1 1 1 1 |1 1 1 1 1 1 1 4 1 3 3 1 1 4 1 1 |1 1 1 1 1 1 1 1 1 1 1 1 1 1 1 2 |1 1 1 11 1 1 1 1 1 1 1 1 1 1 1 4 |1 1 1 1 1 1 1 8 1 1 7 1 1 1 2 1 |1 1 1 1 1 1 6 1 1 1 1 8 1 1 1 1 |5 1 9 1 1 1 7 1 1 1 1 5 2 1 1 9 |1 11 1 2 1 1 1 1 1 1 9 2 1 1 11 2 |
174: 1 1 1 1 1 1 1 1 1 1 5 9 1 1 1 1 |1 1 7 4 1 1 1 1 1 1 1 1 1 1 1 1 |1 1 1 1 1 1 1 1 1 1 1 1 1 1 1 1 |1 1 1 1 1 1 1 1 1 1 1 1 1 1 1 1 |1 1 1 1 1 1 1 1 1 1 1 1 1 1 1 1 |1 1 1 1 1 1 1 2 1 4 1 1 1 2 1 1 |1 1 1 1 1 1 1 1 1 1 1 1 1 1 1 1 |1 1 1 2 1 8 1 1 6 1 1 1 6 1 1 1 |1 1 1 1 1 1 1 9 1 1 5 1 1 1 1 12 |1 1 2 1 1 2 1 1 1 1 1 1 1 1 1 1 |3 1 1 1 1 1 6 1 1 1 1 9 4 1 1 3 |1 11 1 2 1 1 1 1 1 1 9 2 1 1 11 2 |
185: 1 1 1 1 1 1 1 1 1 1 5 9 1 1 1 1 |1 1 7 4 1 1 1 1 1 1 1 1 1 1 1 1 |1 1 1 1 1 1 1 1 1 1 1 1 1 1 1 1 |1 1 1 1 1 1 1 1 1 1 1 1 1 1 1 1 |1 1 1 1 1 1 1 1 1 1 1 1 1 1 1 1 |1 1 1 1 1 1 1 2 1 4 1 1 1 2 1 1 |1 1 1 1 1 1 1 1 1 1 1 1 1 1 1 1 |1 1 1 2 1 8 1 1 6 1 1 1 6 1 1 1 |1 1 1 1 1 1 1 9 1 1 5 1 1 1 1 12 |1 1 2 1 1 2 1 1 1 1 1 1 1 1 1 1 |3 1 1 1 1 1 6 1 1 1 1 9 4 1 1 3 |1 1 1 2 7 1 1 1 1 1 12 4 10 1 9 2 |
196: 1 1 1 1 1 1 1 1 1 1 5 7 1 1 1 1 |1 1 6 2 1 1 1 1 1 1 1 1 1 1 5 1 |1 1 1 1 1 1 1 1 1 1 1 1 1 1 1 1 |1 1 1 1 1 1 1 1 1 1 1 1 1 1 1 1 |1 1 1 1 1 1 1 1 1 1 1 1 1 1 1 1 |1 1 1 1 1 1 1 2 1 4 1 1 1 2 1 1 |1 1 1 1 1 1 1 1 1 1 1 1 1 1 1 1 |1 1 1 2 1 8 1 1 6 1 1 1 6 1 1 1 |1 1 1 1 1 1 1 9 1 1 5 1 1 1 1 12 |1 1 2 1 1 2 1 1 1 1 1 1 1 1 1 1 |3 1 1 1 1 1 6 1 1 1 1 9 4 1 1 3 |1 1 1 2 7 1 1 1 1 1 12 4 10 1 9 2 |
207: 1 1 1 1 1 1 1 1 1 1 5 7 1 1 1 1 |1 1 6 2 1 1 1 1 1 1 1 1 1 1 5 1 |1 1 1 1 1 1 1 1 1 1 1 1 1 1 1 1 |1 1 1 1 1 1 1 1 1 1 1 1 1 1 1 1 |1 1 1 1 1 1 1 1 1 1 1 1 1 4 1 1 |1 1 1 1 1 3 4 1 1 2 1 1 1 3 1 1 |1 1 1 1 1 1 1 1 1 1 1 1 1 1 1 1 |1 1 1 3 5 1 1 1 4 4 1 1 1 1 1 3 |1 1 1 1 1 1 1 8 1 1 1 1 1 1 1 1 |1 1 5 1 1 1 1 1 1 1 1 1 1 1 1 1 |3 1 1 1 1 1 6 1 1 1 1 9 4 1 1 3 |1 1 1 2 7 1 1 1 1 1 12 4 10 1 9 2 |
218: 1 1 1 1 1 1 1 1 1 1 5 7 1 1 1 1 |1 1 6 2 1 1 1 1 1 1 1 1 1 1 5 1 |1 1 1 1 1 1 1 1 1 1 1 1 1 1 1 1 |1 1 1 1 1 1 1 1 1 1 1 1 1 1 1 1 |1 1 1 1 1 1 1 1 1 1 1 1 1 4 1 1 |1 1 1 1 1 3 4 1 1 2 1 1 1 3 1 1 |1 1 1 1 1 1 1 1 1 1 1 1 1 1 1 1 |1 1 1 3 5 1 1 1 4 4 1 1 1 1 1 3 |1 1 1 1 1 1 1 8 1 1 1 1 1 1 1 1 |1 1 5 1 1 1 1 1 1 1 1 1 1 1 1 1 |5 1 1 1 1 1 1 1 1 1 1 7 1 1 1 1 |1 10 1 2 1 1 1 1 1 1 11 3 1 1 9 1 |
229: 4 1 1 1 2 1 1 1 1 1 9 5 1 1 1 1 |1 1 6 2 1 1 1 1 1 1 1 1 1 1 5 1 |1 1 1 1 1 1 1 1 1 1 1 1 1 1 1 1 |1 1 1 1 1 1 1 1 1 1 1 1 1 1 1 1 |1 1 1 1 1 1 1 1 1 1 1 1 1 4 1 1 |1 1 1 1 1 3 4 1 1 2 1 1 1 3 1 1 |1 1 1 1 1 1 1 1 1 1 1 1 1 1 1 1 |1 1 1 3 5 1 1 1 4 4 1 1 1 1 1 3 |1 1 1 1 1 1 1 8 1 1 1 1 1 1 1 1 |1 1 5 1 1 1 1 1 1 1 1 1 1 1 1 1 |5 1 1 1 1 1 1 1 1 1 1 7 1 1 1 1 |1 10 1 2 1 1 1 1 1 1 11 3 1 1 9 1 |
239: 4 1 1 1 2 1 1 1 1 1 9 5 1 1 1 1 |1 1 1 8 1 1 1 1 1 1 1 1 1 1 6 1 |1 1 1 1 1 1 1 1 1 1 1 1 1 1 1 1 |1 1 1 1 1 1 1 1 1 1 1 1 1 1 1 1 |1 1 1 1 1 1 1 1 1 1 1 1 1 1 1 1 |1 2 1 1 1 1 3 1 1 5 1 1 1 1 1 1 |1 1 1 1 1 5 1 1 1 1 1 1 1 1 1 1 |1 1 1 11 3 2 1 1 4 6 1 1 1 1 1 1 |1 1 1 1 1 1 1 1 1 1 1 1 1 1 1 1 |1 1 1 1 1 1 1 1 1 1 1 8 1 1 1 1 |5 1 1 1 1 1 1 1 1 1 1 7 1 1 1 1 |1 10 1 2 1 1 1 1 1 1 11 3 1 1 9 1 |
251: 4 1 1 1 2 1 1 1 1 1 9 5 1 1 1 1 |1 1 1 8 1 1 1 1 1 1 1 1 1 1 6 1 |1 1 1 1 1 1 1 1 1 1 1 1 1 1 1 1 |1 1 1 1 1 1 1 1 1 1 1 1 1 1 1 1 |1 1 1 1 1 1 1 1 1 1 1 1 1 1 1 1 |1 2 1 1 1 1 3 1 1 5 1 1 1 1 1 1 |1 1 1 1 1 5 1 1 1 1 1 1 1 1 1 1 |1 1 1 11 3 2 1 1 4 6 1 1 1 1 1 1 |1 1 1 1 1 1 1 1 1 1 1 1 1 1 1 1 |1 1 1 1 1 1 1 1 1 1 1 8 1 1 1 1 |3 1 1 1 1 1 8 1 1 1 1 6 1 1 1 2 |1 7 1 3 1 1 1 1 1 1 11 8 2 1 1 1 |
262: 1 1 1 1 1 1 2 1 1 1 7 2 1 1 1 1 |1 1 1 8 1 1 1 1 1 1 1 1 1 1 6 1 |1 1 1 1 1 1 1 1 1 1 1 1 1 1 1 1 |1 1 1 1 1 1 1 1 1 1 1 1 1 1 1 1 |1 1 1 1 1 1 1 1 1 1 1 1 1 1 1 1 |1 2 1 1 1 1 3 1 1 5 1 1 1 1 1 1 |1 1 1 1 1 5 1 1 1 1 1 1 1 1 1 1 |1 1 1 11 3 2 1 1 4 6 1 1 1 1 1 1 |1 1 1 1 1 1 1 1 1 1 1 1 1 1 1 1 |1 1 1 1 1 1 1 1 1 1 1 8 1 1 1 1 |3 1 1 1 1 1 8 1 1 1 1 6 1 1 1 2 |1 7 1 3 1 1 1 1 1 1 11 8 2 1 1 1 |
273: 1 1 1 1 1 1 2 1 1 1 7 2 1 1 1 1 |1 1 5 4 1 1 1 1 1 1 1 1 1 1 3 1 |1 1 1 1 1 1 1 1 1 1 1 1 1 1 1 1 |1 1 1 1 1 1 1 1 1 1 1 1 1 1 1 1 |1 1 1 1 1 1 1 1 1 1 1 1 1 1 1 1 |1 1 1 1 1 1 2 1 1 1 1 1 1 3 1 1 |1 1 1 1 1 1 1 8 1 1 1 1 1 5 1 1 |1 1 1 1 1 1 1 1 1 1 1 1 1 1 1 4 |1 1 1 1 1 1 1 8 1 1 1 1 1 1 1 9 |1 1 1 1 1 1 1 1 1 1 1 8 1 1 1 1 |3 1 1 1 1 1 8 1 1 1 1 6 1 1 1 2 |1 7 1 3 1 1 1 1 1 1 11 8 2 1 1 1 |
283: 1 1 1 1 1 1 2 1 1 1 7 2 1 1 1 1 |1 1 5 4 1 1 1 1 1 1 1 1 1 1 3 1 |1 1 1 1 1 1 1 1 1 1 1 1 1 1 1 1 |1 1 1 1 1 1 1 1 1 1 1 1 1 1 1 1 |1 1 1 1 1 1 1 1 1 1 1 1 1 1 1 1 |1 1 1 1 1 1 2 1 1 1 1 1 1 3 1 1 |1 1 1 1 1 1 1 8 1 1 1 1 1 5 1 1 |1 1 1 1 1 1 1 1 1 1 1 1 1 1 1 4 |1 1 1 1 1 1 1 8 1 1 1 1 1 1 1 9 |1 1 1 1 1 1 1 1 1 1 1 10 1 1 1 1 |4 1 1 1 1 1 1 1 1 1 1 6 2 1 1 8 |1 1 1 10 1 1 1 1 1 1 7 1 7 1 3 7 |
295: 3 1 1 1 1 1 1 1 1 1 6 9 1 1 1 1 |1 1 5 4 1 1 1 1 1 1 1 1 1 1 3 1 |1 1 1 1 1 1 1 1 1 1 1 1 1 1 1 1 |1 1 1 1 1 1 1 1 1 1 1 1 1 1 1 1 |1 1 1 1 1 1 1 1 1 1 1 1 1 1 1 1 |1 1 1 1 1 1 2 1 1 1 1 1 1 3 1 1 |1 1 1 1 1 1 1 8 1 1 1 1 1 5 1 1 |1 1 1 1 1 1 1 1 1 1 1 1 1 1 1 4 |1 1 1 1 1 1 1 8 1 1 1 1 1 1 1 9 |1 1 1 1 1 1 1 1 1 1 1 10 1 1 1 1 |4 1 1 1 1 1 1 1 1 1 1 6 2 1 1 8 |1 1 1 10 1 1 1 1 1 1 7 1 7 1 3 7 |
305: 3 1 1 1 1 1 1 1 1 1 6 9 1 1 1 1 |1 1 5 4 5 1 1 1 1 1 1 1 1 1 1 1 |1 1 1 1 1 1 1 1 1 1 1 1 1 1 1 1 |1 1 1 1 1 1 1 1 1 1 1 1 1 1 1 1 |1 1 1 1 1 1 1 1 1 1 1 1 1 2 1 1 |1 2 1 1 1 3 1 4 1 1 3 1 1 1 1 1 |1 1 1 1 1 1 1 1 1 1 1 1 1 1 1 1 |1 1 1 1 6 2 1 1 1 6 1 1 1 1 1 1 |1 1 1 1 4 1 1 8 1 1 1 1 1 1 1 1 |1 1 1 1 1 1 1 1 1 1 1 10 1 1 1 1 |4 1 1 1 1 1 1 1 1 1 1 6 2 1 1 8 |1 1 1 10 1 1 1 1 1 1 7 1 7 1 3 7 |
316: 3 1 1 1 1 1 1 1 1 1 6 9 1 1 1 1 |1 1 5 4 5 1 1 1 1 1 1 1 1 1 1 1 |1 1 1 1 1 1 1 1 1 1 1 1 1 1 1 1 |1 1 1 1 1 1 1 1 1 1 1 1 1 1 1 1 |1 1 1 1 1 1 1 1 1 1 1 1 1 2 1 1 |1 2 1 1 1 3 1 4 1 1 3 1 1 1 1 1 |1 1 1 1 1 1 1 1 1 1 1 1 1 1 1 1 |1 1 1 1 6 2 1 1 1 6 1 1 1 1 1 1 |1 1 1 1 4 1 1 8 1 1 1 1 1 1 1 1 |1 1 1 10 1 1 1 1 1 1 1 6 3 1 1 1 |3 1 1 1 1 1 1 1 1 1 1 1 1 1 1 1 |1 10 1 1 1 1 1 1 1 1 9 1 1 1 9 7 |
327: 3 1 1 1 1 1 1 1 1 1 6 9 1 1 1 1 |1 1 5 4 5 1 1 1 1 1 1 1 1 1 1 1 |1 1 1 1 1 1 1 1 1 1 1 1 1 1 1 1 |1 1 1 1 1 1 1 1 1 1 1 1 1 1 1 1 |1 1 1 1 1 1 1 1 1 1 1 1 1 2 1 1 |1 2 1 1 1 3 1 4 1 1 3 1 1 1 1 1 |1 1 1 1 1 1 1 1 1 1 1 1 1 1 1 1 |1 1 1 1 6 2 1 1 1 6 1 1 1 1 1 1 |1 1 1 1 4 1 1 8 1 1 1 1 1 1 1 1 |1 1 1 10 1 1 1 1 1 1 1 6 3 1 1 1 |3 1 1 1 1 1 1 1 1 1 1 1 1 1 1 1 |1 10 1 1 1 1 1 1 1 1 9 1 1 1 9 7 |
338: 5 1 1 1 1 1 1 1 1 1 6 5 1 1 1 1 |1 1 4 1 1 1 1 1 1 1 1 1 1 1 6 1 |1 1 1 1 1 1 1 1 1 1 1 1 1 1 1 1 |1 1 1 1 1 1 1 1 1 1 1 1 1 1 1 1 |1 1 1 1 1 1 1 1 1 1 1 1 1 1 1 1 |1 1 1 1 1 1 1 1 3 5 1 1 1 3 1 1 |1 1 1 1 1 1 1 1 1 1 1 1 1 1 1 1 |1 1 1 1 6 2 1 1 1 6 1 1 1 1 1 1 |1 1 1 1 4 1 1 8 1 1 1 1 1 1 1 1 |1 1 1 10 1 1 1 1 1 1 1 6 3 1 1 1 |3 1 1 1 1 1 1 1 1 1 1 1 1 1 1 1 |1 10 1 1 1 1 1 1 1 1 9 1 1 1 9 7 |
349: 5 1 1 1 1 1 1 1 1 1 6 5 1 1 1 1 |1 1 4 1 1 1 1 1 1 1 1 1 1 1 6 1 |1 1 1 1 1 1 1 1 1 1 1 1 1 1 1 1 |1 1 1 1 1 1 1 1 1 1 1 1 1 1 1 1 |1 1 1 1 1 1 1 1 1 1 1 1 1 1 1 1 |1 1 1 1 1 1 1 1 3 5 1 1 1 3 1 1 |1 1 1 1 1 1 1 1 1 1 1 1 1 1 1 1 |1 1 1 13 1 6 1 1 1 1 1 1 1 1 1 5 |1 1 1 1 1 1 1 6 1 1 1 1 1 1 1 1 |1 1 1 1 1 1 6 1 1 1 1 8 1 1 1 1 |5 1 1 1 1 1 2 1 1 1 1 5 2 1 1 3 |1 5 1 3 1 1 4 1 1 1 1 9 7 1 1 1 |
359: 5 1 1 1 1 1 1 1 1 1 6 5 1 1 1 1 |1 1 4 1 1 1 1 1 1 1 1 1 1 1 6 1 |1 1 1 1 1 1 1 1 1 1 1 1 1 1 1 1 |1 1 1 1 1 1 1 1 1 1 1 1 1 1 1 1 |1 1 1 1 1 1 1 1 1 1 1 1 1 1 1 1 |1 1 1 1 1 1 1 1 3 5 1 1 1 3 1 1 |1 1 1 1 1 1 1 1 1 1 1 1 1 1 1 1 |1 1 1 13 1 6 1 1 1 1 1 1 1 1 1 5 |1 1 1 1 1 1 1 6 1 1 1 1 1 1 1 1 |1 1 1 1 1 1 6 1 1 1 1 8 1 1 1 1 |5 1 1 1 1 1 2 1 1 1 1 5 2 1 1 3 |1 5 1 3 1 1 4 1 1 1 1 9 7 1 1 1 |
370: 1 1 1 1 1 1 1 1 1 1 6 6 1 1 1 1 |1 1 6 4 1 1 1 1 1 1 1 1 1 1 5 1 |1 1 1 1 1 1 1 1 1 1 1 1 1 1 1 1 |1 1 1 1 1 1 1 1 1 1 1 1 1 1 1 1 |1 1 1 1 1 1 1 1 1 1 1 1 1 1 1 1 |1 1 1 1 1 1 1 1 3 5 1 1 1 3 1 1 |1 1 1 1 1 1 1 1 1 1 1 1 1 1 1 1 |1 1 1 13 1 6 1 1 1 1 1 1 1 1 1 5 |1 1 1 1 1 1 1 6 1 1 1 1 1 1 1 1 |1 1 1 1 1 1 6 1 1 1 1 8 1 1 1 1 |5 1 1 1 1 1 2 1 1 1 1 5 2 1 1 3 |1 5 1 3 1 1 4 1 1 1 1 9 7 1 1 1 |
381: 1 1 1 1 1 1 1 1 1 1 6 6 1 1 1 1 |1 1 6 4 1 1 1 1 1 1 1 1 1 1 5 1 |1 1 1 1 1 1 1 1 1 1 1 1 1 1 1 1 |1 1 1 1 1 1 1 1 1 1 1 1 1 1 1 1 |1 1 1 1 1 1 1 1 1 1 1 1 1 1 1 1 |1 1 1 1 1 1 2 3 1 1 1 1 1 2 1 1 |1 1 1 1 1 1 1 1 1 1 1 1 1 1 1 1 |1 1 1 2 14 3 1 1 1 1 1 1 7 1 1 1 |1 1 1 1 1 1 1 11 1 1 1 1 1 1 1 1 |1 1 1 1 1 1 1 1 1 1 1 6 1 1 1 1 |4 1 1 1 1 1 8 1 1 1 1 6 6 1 1 3 |1 9 1 10 6 1 1 1 1 1 1 1 9 1 9 3 |
391: 1 1 1 1 1 1 1 1 1 1 6 6 1 1 1 1 |1 1 6 4 1 1 1 1 1 1 1 1 1 1 5 1 |1 1 1 1 1 1 1 1 1 1 1 1 1 1 1 1 |1 1 1 1 1 1 1 1 1 1 1 1 1 1 1 1 |1 1 1 1 1 1 1 1 1 1 1 1 1 1 1 1 |1 1 1 1 1 1 2 3 1 1 1 1 1 2 1 1 |1 1 1 1 1 1 1 1 1 1 1 1 1 1 1 1 |1 1 1 2 14 3 1 1 1 1 1 1 7 1 1 1 |1 1 1 1 1 1 1 11 1 1 1 1 1 1 1 1 |1 1 1 1 1 1 1 1 1 1 1 6 1 1 1 1 |4 1 1 1 1 1 8 1 1 1 1 6 6 1 1 3 |1 9 1 10 6 1 1 1 1 1 1 1 9 1 9 3 |
402: 1 1 1 8 1 1 1 1 1 1 6 4 1 1 1 1 |1 1 5 4 5 1 1 1 1 1 1 1 1 1 1 1 |1 1 1 1 1 1 1 1 1 1 1 1 1 1 1 1 |1 1 1 1 1 1 1 1 1 1 1 1 1 1 1 1 |1 1 1 1 1 1 1 1 1 1 1 1 1 8 1 1 |1 1 1 1 1 1 4 1 1 1 4 1 1 3 1 1 |1 1 1 1 1 1 1 1 1 1 1 1 1 1 1 1 |1 1 1 2 14 3 1 1 1 1 1 1 7 1 1 1 |1 1 1 1 1 1 1 11 1 1 1 1 1 1 1 1 |1 1 1 1 1 1 1 1 1 1 1 6 1 1 1 1 |4 1 1 1 1 1 8 1 1 1 1 6 6 1 1 3 |1 9 1 10 6 1 1 1 1 1 1 1 9 1 9 3 |
412: 1 1 1 8 1 1 1 1 1 1 6 4 1 1 1 1 |1 1 5 4 5 1 1 1 1 1 1 1 1 1 1 1 |1 1 1 1 1 1 1 1 1 1 1 1 1 1 1 1 |1 1 1 1 1 1 1 1 1 1 1 1 1 1 1 1 |1 1 1 1 1 1 1 1 1 1 1 1 1 8 1 1 |1 1 1 1 1 1 4 1 1 1 4 1 1 3 1 1 |1 1 1 1 1 1 1 4 1 1 1 1 1 1 1 2 |1 1 1 4 5 6 1 1 7 3 1 1 1 1 1 1 |1 1 2 1 7 1 1 7 1 1 1 1 1 1 1 1 |1 1 1 1 1 1 1 1 1 1 1 9 1 1 1 1 |2 1 1 1 1 1 1 1 1 1 1 5 1 1 1 1 |1 4 1 1 1 1 3 1 1 1 6 5 1 2 4 1 |
422: 1 1 1 8 1 1 1 1 1 1 6 4 1 1 1 1 |1 1 5 4 5 1 1 1 1 1 1 1 1 1 1 1 |1 1 1 1 1 1 1 1 1 1 1 1 1 1 1 1 |1 1 1 1 1 1 1 1 1 1 1 1 1 1 1 1 |1 1 1 1 1 1 1 1 1 1 1 1 1 8 1 1 |1 1 1 1 1 1 4 1 1 1 4 1 1 3 1 1 |1 1 1 1 1 1 1 4 1 1 1 1 1 1 1 2 |1 1 1 4 5 6 1 1 7 3 1 1 1 1 1 1 |1 1 2 1 7 1 1 7 1 1 1 1 1 1 1 1 |1 1 1 1 1 1 1 1 1 1 1 9 1 1 1 1 |2 1 1 1 1 1 1 1 1 1 1 5 1 1 1 1 |1 4 1 1 1 1 3 1 1 1 6 5 1 2 4 1 |
433: 4 1 1 1 2 1 1 1 1 1 6 4 1 1 1 1 |1 1 1 1 1 1 1 1 1 1 1 1 1 1 7 1 |1 1 1 1 1 1 1 1 1 1 1 1 1 1 1 1 |1 1 1 1 1 1 1 1 1 1 1 1 1 1 1 1 |1 1 1 1 1 1 1 1 1 1 1 1 1 8 1 1 |1 1 1 1 1 1 4 1 1 1 4 1 1 3 1 1 |1 1 1 1 1 1 1 4 1 1 1 1 1 1 1 2 |1 1 1 4 5 6 1 1 7 3 1 1 1 1 1 1 |1 1 2 1 7 1 1 7 1 1 1 1 1 1 1 1 |1 1 1 1 1 1 1 1 1 1 1 9 1 1 1 1 |2 1 1 1 1 1 1 1 1 1 1 5 1 1 1 1 |1 4 1 1 1 1 3 1 1 1 6 5 1 2 4 1 |
444: 4 1 1 1 2 1 1 1 1 1 6 4 1 1 1 1 |1 1 1 1 1 1 1 1 1 1 1 1 1 1 7 1 |1 1 1 1 1 1 1 1 1 1 1 1 1 1 1 1 |1 1 1 1 1 1 1 1 1 1 1 1 1 1 1 1 |1 1 1 1 1 1 1 1 1 1 1 1 1 1 1 1 |1 2 1 1 1 1 1 1 2 4 1 1 1 1 1 1 |1 1 1 1 1 1 1 1 1 1 1 1 1 1 1 1 |1 1 1 1 4 6 1 1 5 1 1 1 1 1 1 3 |1 1 2 1 1 1 4 7 1 1 1 1 1 1 1 1 |1 1 1 1 1 1 2 1 1 1 1 7 1 1 1 1 |1 1 9 1 1 1 7 1 1 1 1 5 1 1 1 1 |1 11 1 10 1 1 2 1 1 1 8 5 1 1 11 1 |
454: 4 1 1 1 2 1 1 1 1 1 6 4 1 1 1 1 |1 1 1 1 1 1 1 1 1 1 1 1 1 1 7 1 |1 1 1 1 1 1 1 1 1 1 1 1 1 1 1 1 |1 1 1 1 1 1 1 1 1 1 1 1 1 1 1 1 |1 1 1 1 1 1 1 1 1 1 1 1 1 1 1 1 |1 2 1 1 1 1 1 1 2 4 1 1 1 1 1 1 |1 1 1 1 1 1 1 1 1 1 1 1 1 1 1 1 |1 1 1 1 4 6 1 1 5 1 1 1 1 1 1 3 |1 1 2 1 1 1 4 7 1 1 1 1 1 1 1 1 |1 1 1 1 1 1 2 1 1 1 1 7 1 1 1 1 |1 1 9 1 1 1 7 1 1 1 1 5 1 1 1 1 |1 11 1 10 1 1 2 1 1 1 8 5 1 1 11 1 |
465: 4 1 1 1 2 1 1 1 1 1 6 4 1 1 1 1 |1 1 1 1 1 1 1 1 1 1 1 1 1 1 7 1 |1 1 1 1 1 1 1 1 1 1 1 1 1 1 1 1 |1 1 1 1 1 1 1 1 1 1 1 1 1 1 1 1 |1 1 1 1 1 1 1 1 1 1 1 1 1 1 1 1 |1 2 1 1 1 1 1 1 2 4 1 1 1 1 1 1 |1 1 1 1 1 1 1 1 1 1 1 1 1 1 1 1 |1 1 1 1 4 6 1 1 5 1 1 1 1 1 1 3 |1 1 2 1 1 1 4 7 1 1 1 1 1 1 1 1 |1 1 1 1 1 1 2 1 1 1 1 7 1 1 1 1 |1 1 9 1 1 1 7 1 1 1 1 5 1 1 1 1 |1 11 1 10 1 1 2 1 1 1 8 5 1 1 11 1 |
475: 2 1 1 1 1 1 2 1 1 1 1 2 1 1 1 1 |1 1 4 4 1 1 1 1 1 1 1 1 1 1 6 1 |1 1 1 1 1 1 1 1 1 1 1 1 1 1 1 1 |1 1 1 1 1 1 1 1 1 1 1 1 1 1 1 1 |1 1 1 1 1 1 1 1 1 1 1 1 1 1 1 1 |1 1 1 1 1 1 1 4 1 3 2 1 1 2 1 1 |1 1 1 1 1 1 1 1 1 1 1 1 1 1 1 1 |1 1 1 1 1 7 1 1 4 1 1 1 1 1 1 1 |1 1 1 1 1 1 1 1 1 1 1 1 1 1 1 1 |1 1 1 1 1 1 12 1 1 1 1 9 1 1 1 1 |1 1 9 1 1 1 7 1 1 1 1 5 1 1 1 1 |1 11 1 10 1 1 2 1 1 1 8 5 1 1 11 1 |
485: 2 1 1 1 1 1 2 1 1 1 1 2 1 1 1 1 |1 1 4 4 1 1 1 1 1 1 1 1 1 1 6 1 |1 1 1 1 1 1 1 1 1 1 1 1 1 1 1 1 |1 1 1 1 1 1 1 1 1 1 1 1 1 1 1 1 |1 1 1 1 1 1 1 1 1 1 1 1 1 1 1 1 |1 1 1 1 1 1 1 4 1 3 2 1 1 2 1 1 |1 1 1 1 1 1 1 1 1 1 1 1 1 1 1 1 |1 1 1 1 1 7 1 1 4 1 1 1 1 1 1 1 |1 1 1 1 1 1 1 1 1 1 1 1 1 1 1 1 |1 1 1 1 1 1 12 1 1 1 1 9 1 1 1 1 |4 1 1 1 1 1 8 1 1 1 1 1 1 1 1 2 |1 1 1 8 3 1 3 1 1 1 2 3 1 2 5 1 |
496: 2 1 1 1 1 1 2 1 1 1 1 2 1 1 1 1 |1 1 4 4 1 1 1 1 1 1 1 1 1 1 6 1 |1 1 1 1 1 1 1 1 1 1 1 1 1 1 1 1 |1 1 1 1 1 1 1 1 1 1 1 1 1 1 1 1 |1 1 1 1 1 1 1 1 1 1 1 1 1 1 1 1 |1 1 1 1 1 1 1 4 1 3 2 1 1 2 1 1 |1 1 1 1 1 1 1 1 1 1 1 1 1 1 1 1 |1 1 1 1 1 7 1 1 4 1 1 1 1 1 1 1 |1 1 1 1 1 1 1 1 1 1 1 1 1 1 1 1 |1 1 1 1 1 1 12 1 1 1 1 9 1 1 1 1 |4 1 1 1 1 1 8 1 1 1 1 1 1 1 1 2 |1 1 1 8 3 1 3 1 1 1 2 3 1 2 5 1 |
506: 1 1 1 1 1 1 1 1 1 1 6 1 1 1 1 1 |1 1 1 1 1 1 1 1 1 1 1 1 1 1 5 1 |1 1 1 1 1 1 1 1 1 1 1 1 1 1 1 1 |1 1 4 1 1 1 1 1 1 1 1 1 1 1 1 1 |1 1 1 1 1 1 1 1 1 1 1 1 1 2 5 1 |1 2 1 1 1 1 1 5 2 1 1 1 1 3 1 1 |1 1 1 1 1 1 1 6 1 1 1 1 1 1 1 1 |1 1 1 2 7 3 1 1 1 1 1 1 1 1 1 1 |1 1 1 1 1 1 1 1 1 1 1 1 1 1 1 1 |1 1 1 1 1 1 12 1 1 1 1 9 1 1 1 1 |4 1 1 1 1 1 8 1 1 1 1 1 1 1 1 2 |1 1 1 8 3 1 3 1 1 1 2 3 1 2 5 1 |
516: 1 1 1 1 1 1 1 1 1 1 6 1 1 1 1 1 |1 1 1 1 1 1 1 1 1 1 1 1 1 1 5 1 |1 1 1 1 1 1 1 1 1 1 1 1 1 1 1 1 |1 1 4 1 1 1 1 1 1 1 1 1 1 1 1 1 |1 1 1 1 1 1 1 1 1 1 1 1 1 2 5 1 |1 2 1 1 1 1 1 5 2 1 1 1 1 3 1 1 |1 1 1 1 1 1 1 6 1 1 1 1 1 1 1 1 |1 1 1 2 7 3 1 1 1 1 1 1 1 1 1 1 |1 1 1 1 2 1 1 9 1 1 6 1 1 1 1 1 |1 1 1 1 1 1 1 2 1 1 1 1 1 1 1 1 |3 1 1 1 1 1 6 1 1 1 1 8 5 1 1 3 |1 13 1 1 1 1 1 1 1 1 14 1 1 1 11 2 |
527: 1 1 1 1 1 1 1 1 1 1 6 1 1 1 1 1 |1 1 1 1 1 1 1 1 1 1 1 1 1 1 5 1 |1 1 1 1 1 1 1 1 1 1 1 1 1 1 1 1 |1 1 4 1 1 1 1 1 1 1 1 1 1 1 1 1 |1 1 1 1 1 1 1 1 1 1 1 1 1 2 5 1 |1 2 1 1 1 1 1 5 2 1 1 1 1 3 1 1 |1 1 1 1 1 1 1 6 1 1 1 1 1 1 1 1 |1 1 1 2 7 3 1 1 1 1 1 1 1 1 1 1 |1 1 1 1 2 1 1 9 1 1 6 1 1 1 1 1 |1 1 1 1 1 1 1 2 1 1 1 1 1 1 1 1 |3 1 1 1 1 1 6 1 1 1 1 8 5 1 1 3 |1 13 1 1 1 1 1 1 1 1 14 1 1 1 11 2 |
538: 3 1 1 1 1 1 1 1 1 1 5 8 1 1 1 1 |1 1 11 4 1 1 1 1 1 1 1 1 1 1 6 1 |1 1 1 1 1 1 1 1 1 1 1 1 1 1 1 1 |1 1 1 1 1 1 1 1 1 1 1 1 1 1 1 1 |1 1 1 1 1 1 1 1 1 1 1 1 1 1 1 1 |1 1 1 1 1 1 3 5 1 1 1 1 1 3 1 1 |1 1 1 1 1 1 1 6 1 1 1 1 1 1 1 1 |1 1 1 2 7 3 1 1 1 1 1 1 1 1 1 1 |1 1 1 1 2 1 1 9 1 1 6 1 1 1 1 1 |1 1 1 1 1 1 1 2 1 1 1 1 1 1 1 1 |3 1 1 1 1 1 6 1 1 1 1 8 5 1 1 3 |1 13 1 1 1 1 1 1 1 1 14 1 1 1 11 2 |
548: 3 1 1 1 1 1 1 1 1 1 5 8 1 1 1 1 |1 1 11 4 1 1 1 1 1 1 1 1 1 1 6 1 |1 1 1 1 1 1 1 1 1 1 1 1 1 1 1 1 |1 1 1 1 1 1 1 1 1 1 1 1 1 1 1 1 |1 1 1 1 1 1 1 1 1 1 1 1 1 1 1 1 |1 1 1 1 1 1 3 5 1 1 1 1 1 3 1 1 |1 1 1 1 1 1 1 1 1 1 1 1 1 1 1 1 |1 1 1 1 6 2 1 1 5 1 1 1 1 1 1 3 |1 1 2 1 1 1 1 8 1 1 1 1 1 1 1 1 |1 1 2 1 1 1 1 1 1 1 1 8 1 1 1 1 |1 1 1 1 1 1 6 1 1 1 1 1 1 1 1 1 |1 4 1 2 1 1 1 1 1 1 12 2 1 3 10 1 |
559: 3 1 1 1 1 1 1 1 1 1 5 8 1 1 1 1 |1 1 11 4 1 1 1 1 1 1 1 1 1 1 6 1 |1 1 1 1 1 1 1 1 1 1 1 1 1 1 1 1 |1 1 1 1 1 1 1 1 1 1 1 1 1 1 1 1 |1 1 1 1 1 1 1 1 1 1 1 1 1 1 1 1 |1 1 1 1 1 1 3 5 1 1 1 1 1 3 1 1 |1 1 1 1 1 1 1 1 1 1 1 1 1 1 1 1 |1 1 1 1 6 2 1 1 5 1 1 1 1 1 1 3 |1 1 2 1 1 1 1 8 1 1 1 1 1 1 1 1 |1 1 2 1 1 1 1 1 1 1 1 8 1 1 1 1 |1 1 1 1 1 1 6 1 1 1 1 1 1 1 1 1 |1 4 1 2 1 1 1 1 1 1 12 2 1 3 10 1 |
570: 3 1 1 1 1 1 1 1 1 1 5 6 1 1 1 1 |1 1 1 5 1 1 1 1 1 1 1 1 1 1 1 1 |1 1 1 1 1 1 1 1 1 1 1 1 1 1 1 1 |1 1 1 1 1 1 1 1 1 1 1 1 1 1 1 1 |1 1 1 1 1 1 1 1 1 1 1 1 1 1 1 1 |1 1 1 1 1 1 4 3 1 2 1 1 1 4 1 1 |1 1 1 1 1 1 1 1 1 1 1 1 1 1 1 1 |1 1 1 1 6 2 1 1 5 1 1 1 1 1 1 3 |1 1 2 1 1 1 1 8 1 1 1 1 1 1 1 1 |1 1 2 1 1 1 1 1 1 1 1 8 1 1 1 1 |1 1 1 1 1 1 6 1 1 1 1 1 1 1 1 1 |1 4 1 2 1 1 1 1 1 1 12 2 1 3 10 1 |
581: 3 1 1 1 1 1 1 1 1 1 5 6 1 1 1 1 |1 1 1 5 1 1 1 1 1 1 1 1 1 1 1 1 |1 1 1 1 1 1 1 1 1 1 1 1 1 1 1 1 |1 1 1 1 1 1 1 1 1 1 1 1 1 1 1 1 |1 1 1 1 1 1 1 1 1 1 1 1 1 1 1 1 |1 1 1 1 1 1 4 3 1 2 1 1 1 4 1 1 |1 1 1 1 1 1 1 1 1 1 3 1 1 1 1 1 |1 1 1 1 6 1 1 1 6 1 1 1 1 1 1 4 |1 1 1 5 2 1 1 9 1 1 1 1 1 1 1 2 |1 1 1 8 1 1 1 1 1 1 1 8 1 1 1 1 |3 1 1 1 1 1 6 1 1 1 1 7 1 1 1 7 |1 10 1 1 1 1 3 1 1 1 15 1 8 1 1 1 |
592: 3 1 1 1 1 1 1 1 1 1 5 6 1 1 1 1 |1 1 1 5 1 1 1 1 1 1 1 1 1 1 1 1 |1 1 1 1 1 1 1 1 1 1 1 1 1 1 1 1 |1 1 1 1 1 1 1 1 1 1 1 1 1 1 1 1 |1 1 1 1 1 1 1 1 1 1 1 1 1 1 1 1 |1 1 1 1 1 1 4 3 1 2 1 1 1 4 1 1 |1 1 1 1 1 1 1 1 1 1 3 1 1 1 1 1 |1 1 1 1 6 1 1 1 6 1 1 1 1 1 1 4 |1 1 1 5 2 1 1 9 1 1 1 1 1 1 1 2 |1 1 1 8 1 1 1 1 1 1 1 8 1 1 1 1 |3 1 1 1 1 1 6 1 1 1 1 7 1 1 1 7 |1 10 1 1 1 1 3 1 1 1 15 1 8 1 1 1 |
603: 1 1 1 1 1 1 1 1 1 1 6 1 1 1 1 1 |1 1 1 1 1 1 1 1 1 1 1 1 1 1 1 1 |1 1 1 1 1 1 1 1 1 1 1 1 1 1 1 1 |1 1 1 1 1 1 1 1 1 1 1 1 1 1 1 1 |1 1 1 1 1 1 1 1 1 1 1 1 1 8 1 1 |1 1 1 1 1 1 4 3 1 2 1 1 1 4 1 1 |1 1 1 1 1 1 1 1 1 1 3 1 1 1 1 1 |1 1 1 1 6 1 1 1 6 1 1 1 1 1 1 4 |1 1 1 5 2 1 1 9 1 1 1 1 1 1 1 2 |1 1 1 8 1 1 1 1 1 1 1 8 1 1 1 1 |3 1 1 1 1 1 6 1 1 1 1 7 1 1 1 7 |1 10 1 1 1 1 3 1 1 1 15 1 8 1 1 1 |
613: 1 1 1 1 1 1 1 1 1 1 6 1 1 1 1 1 |1 1 1 1 1 1 1 1 1 1 1 1 1 1 1 1 |1 1 1 1 1 1 1 1 1 1 1 1 1 1 1 1 |1 1 1 1 1 1 1 1 1 1 1 1 1 1 1 1 |1 1 1 1 1 1 1 1 1 1 1 1 1 8 1 1 |1 1 1 1 1 1 3 1 1 1 1 1 1 3 1 1 |1 1 1 1 1 1 1 1 1 1 1 1 1 1 1 1 |1 1 1 1 4 1 1 1 4 1 1 1 1 1 1 1 |1 1 2 5 4 1 1 9 1 1 5 1 4 1 1 1 |1 1 1 1 1 1 1 1 1 1 1 11 3 1 1 1 |3 1 1 1 1 1 1 1 1 1 1 1 1 2 1 1 |1 6 1 1 1 1 1 1 1 1 12 2 1 1 10 3 |
624: 1 1 1 1 1 1 1 1 1 1 6 1 1 1 1 1 |1 1 1 1 1 1 1 1 1 1 1 1 1 1 1 1 |1 1 1 1 1 1 1 1 1 1 1 1 1 1 1 1 |1 1 1 1 1 1 1 1 1 1 1 1 1 1 1 1 |1 1 1 1 1 1 1 1 1 1 1 1 1 8 1 1 |1 1 1 1 1 1 3 1 1 1 1 1 1 3 1 1 |1 1 1 1 1 1 1 1 1 1 1 1 1 1 1 1 |1 1 1 1 4 1 1 1 4 1 1 1 1 1 1 1 |1 1 2 5 4 1 1 9 1 1 5 1 4 1 1 1 |1 1 1 1 1 1 1 1 1 1 1 11 3 1 1 1 |3 1 1 1 1 1 1 1 1 1 1 1 1 2 1 1 |1 6 1 1 1 1 1 1 1 1 12 2 1 1 10 3 |
636: 1 1 1 1 1 1 1 1 1 1 6 1 1 1 1 1 |1 1 1 1 1 1 1 1 1 1 1 1 1 1 5 1 |1 1 1 1 1 1 1 1 1 1 1 1 1 1 1 1 |1 1 1 1 1 1 1 1 1 1 1 1 1 1 1 1 |1 1 1 1 1 1 1 1 1 1 1 1 1 8 1 1 |1 1 1 1 1 1 3 1 1 1 1 1 1 3 1 1 |1 1 1 1 1 1 1 1 1 1 1 1 1 1 1 1 |1 1 1 1 4 1 1 1 4 1 1 1 1 1 1 1 |1 1 2 5 4 1 1 9 1 1 5 1 4 1 1 1 |1 1 1 1 1 1 1 1 1 1 1 11 3 1 1 1 |3 1 1 1 1 1 1 1 1 1 1 1 1 2 1 1 |1 6 1 1 1 1 1 1 1 1 12 2 1 1 10 3 |
646: 1 1 1 1 1 1 1 1 1 1 6 1 1 1 1 1 |1 1 1 1 1 1 1 1 1 1 1 1 1 1 5 1 |1 1 1 1 1 1 1 1 1 1 1 1 1 1 1 1 |1 1 1 1 1 1 1 1 1 1 1 1 1 1 1 1 |1 1 1 1 1 1 1 1 1 1 1 1 1 1 1 1 |1 1 1 1 1 1 1 1 3 3 1 1 1 1 1 1 |1 1 1 1 1 1 1 1 1 1 1 1 1 1 1 1 |1 1 1 1 6 7 1 1 1 1 1 1 1 1 1 1 |1 1 1 1 1 1 1 7 1 1 1 1 1 1 1 1 |1 1 1 1 1 1 1 1 1 1 1 7 1 8 1 1 |1 1 1 1 1 1 7 1 1 1 1 1 1 1 1 1 |1 6 1 1 1 1 1 1 1 1 12 2 1 1 10 3 |
657: 1 1 1 1 1 1 1 1 1 1 6 1 1 1 1 1 |1 1 1 1 1 1 1 1 1 1 1 1 1 1 5 1 |1 1 1 1 1 1 1 1 1 1 1 1 1 1 1 1 |1 1 1 1 1 1 1 1 1 1 1 1 1 1 1 1 |1 1 1 1 1 1 1 1 1 1 1 1 1 1 1 1 |1 1 1 1 1 1 1 1 3 3 1 1 1 1 1 1 |1 1 1 1 1 1 1 1 1 1 1 1 1 1 1 1 |1 1 1 1 6 7 1 1 1 1 1 1 1 1 1 1 |1 1 1 1 1 1 1 7 1 1 1 1 1 1 1 1 |1 1 1 1 1 1 1 1 1 1 1 7 1 8 1 1 |1 1 1 1 1 1 7 1 1 1 1 1 1 1 1 1 |1 11 1 3 1 1 1 1 1 1 12 6 1 2 10 2 |
667: 3 1 1 1 1 1 1 1 1 1 5 10 1 1 1 1 |1 1 3 3 1 1 1 1 1 1 1 1 1 1 4 1 |1 1 1 1 1 1 1 1 1 1 1 1 1 1 1 1 |1 1 1 1 1 1 1 1 1 1 1 1 1 1 1 1 |1 1 1 1 1 1 1 1 1 1 1 1 1 1 1 1 |1 1 1 1 1 1 1 1 3 3 1 1 1 1 1 1 |1 1 1 1 1 1 1 1 1 1 1 1 1 1 1 1 |1 1 1 1 6 7 1 1 1 1 1 1 1 1 1 1 |1 1 1 1 1 1 1 7 1 1 1 1 1 1 1 1 |1 1 1 1 1 1 1 1 1 1 1 7 1 8 1 1 |1 1 1 1 1 1 7 1 1 1 1 1 1 1 1 1 |1 11 1 3 1 1 1 1 1 1 12 6 1 2 10 2 |
677: 3 1 1 1 1 1 1 1 1 1 5 10 1 1 1 1 |1 1 3 3 1 1 1 1 1 1 1 1 1 1 4 1 |1 1 1 1 1 1 1 1 1 1 1 1 1 1 1 1 |1 1 1 1 1 1 1 1 3 1 1 1 1 1 1 1 |1 1 1 1 4 1 1 1 1 1 1 1 1 2 1 1 |1 1 1 1 1 1 1 4 1 2 1 1 1 2 1 1 |1 1 1 1 1 1 1 1 1 1 1 1 1 6 1 1 |1 1 1 1 6 2 1 1 4 2 1 1 1 1 1 1 |1 1 2 1 1 1 1 8 1 1 1 1 1 1 1 1 |1 1 1 1 1 1 1 1 1 1 1 7 1 8 1 1 |1 1 1 1 1 1 7 1 1 1 1 1 1 1 1 1 |1 11 1 3 1 1 1 1 1 1 12 6 1 2 10 2 |
687: 3 1 1 1 1 1 1 1 1 1 5 10 1 1 1 1 |1 1 3 3 1 1 1 1 1 1 1 1 1 1 4 1 |1 1 1 1 1 1 1 1 1 1 1 1 1 1 1 1 |1 1 1 1 1 1 1 1 3 1 1 1 1 1 1 1 |1 1 1 1 4 1 1 1 1 1 1 1 1 2 1 1 |1 1 1 1 1 1 1 4 1 2 1 1 1 2 1 1 |1 1 1 1 1 1 1 1 1 1 1 1 1 6 1 1 |1 1 1 1 6 2 1 1 4 2 1 1 1 1 1 1 |1 1 2 1 1 1 1 8 1 1 1 1 1 1 1 1 |1 1 1 1 1 1 1 1 1 1 1 8 1 1 1 1 |4 1 1 1 1 1 7 1 1 4 1 6 1 1 1 8 |1 4 1 1 3 1 1 1 1 1 11 1 4 3 2 1 |
698: 3 1 1 1 1 1 1 1 1 1 5 10 1 1 1 1 |1 1 3 3 1 1 1 1 1 1 1 1 1 1 4 1 |1 1 1 1 1 1 1 1 1 1 1 1 1 1 1 1 |1 1 1 1 1 1 1 1 3 1 1 1 1 1 1 1 |1 1 1 1 4 1 1 1 1 1 1 1 1 2 1 1 |1 1 1 1 1 1 1 4 1 2 1 1 1 2 1 1 |1 1 1 1 1 1 1 1 1 1 1 1 1 6 1 1 |1 1 1 1 6 2 1 1 4 2 1 1 1 1 1 1 |1 1 2 1 1 1 1 8 1 1 1 1 1 1 1 1 |1 1 1 1 1 1 1 1 1 1 1 8 1 1 1 1 |4 1 1 1 1 1 7 1 1 4 1 6 1 1 1 8 |1 4 1 1 3 1 1 1 1 1 11 1 4 3 2 1 |
730: 6 1 1 2 1 1 1 1 1 1 4 7 1 1 1 1 |1 1 1 1 1 1 1 1 1 1 1 1 1 1 4 1 |1 1 1 1 1 1 1 1 1 1 1 1 1 1 1 1 |1 1 4 1 1 1 1 1 1 1 1 1 1 1 1 1 |1 1 1 1 4 1 1 1 1 1 1 1 1 2 1 1 |1 1 1 1 1 1 1 4 1 2 1 1 1 2 1 1 |1 1 1 1 1 1 1 1 1 1 1 1 1 6 1 1 |1 1 1 1 6 2 1 1 4 2 1 1 1 1 1 1 |1 1 2 1 1 1 1 8 1 1 1 1 1 1 1 1 |1 1 1 1 1 1 1 1 1 1 1 8 1 1 1 1 |4 1 1 1 1 1 7 1 1 4 1 6 1 1 1 8 |1 4 1 1 3 1 1 1 1 1 11 1 4 3 2 1 |
741: 6 1 1 2 1 1 1 1 1 1 4 7 1 1 1 1 |1 1 1 1 1 1 1 1 1 1 1 1 1 1 4 1 |1 1 1 1 1 1 1 1 1 1 1 1 1 1 1 1 |1 1 4 1 1 1 1 1 1 1 1 1 1 1 1 1 |1 1 1 1 1 1 1 1 1 1 1 1 1 8 4 1 |1 1 1 1 1 1 1 1 1 1 1 1 1 2 1 1 |1 1 1 1 1 1 1 1 1 1 3 1 1 1 1 2 |1 1 1 3 6 1 1 1 1 1 1 1 1 1 1 4 |1 1 1 1 1 1 1 1 1 1 7 1 5 1 1 1 |1 1 1 8 1 1 1 1 1 1 1 10 1 1 1 1 |3 1 4 1 1 1 6 1 1 1 1 8 4 1 1 9 |1 7 1 7 3 1 1 1 1 1 8 10 1 1 10 5 |
751: 6 1 1 2 1 1 1 1 1 1 4 7 1 1 1 1 |1 1 1 1 1 1 1 1 1 1 1 1 1 1 4 1 |1 1 1 1 1 1 1 1 1 1 1 1 1 1 1 1 |1 1 4 1 1 1 1 1 1 1 1 1 1 1 1 1 |1 1 1 1 1 1 1 1 1 1 1 1 1 8 4 1 |1 1 1 1 1 1 1 1 1 1 1 1 1 2 1 1 |1 1 1 1 1 1 1 1 1 1 3 1 1 1 1 2 |1 1 1 3 6 1 1 1 1 1 1 1 1 1 1 4 |1 1 1 1 1 1 1 1 1 1 7 1 5 1 1 1 |1 1 1 8 1 1 1 1 1 1 1 10 1 1 1 1 |3 1 4 1 1 1 6 1 1 1 1 8 4 1 1 9 |1 7 1 7 3 1 1 1 1 1 8 10 1 1 10 5 |
763: 4 1 1 2 9 1 1 1 1 1 6 6 1 1 1 1 |1 1 1 1 1 1 1 1 1 1 1 1 1 1 1 1 |1 1 1 1 1 1 1 1 1 1 1 1 1 1 1 1 |1 1 1 1 1 1 1 1 1 1 1 1 1 1 1 1 |1 1 1 1 1 1 1 1 1 1 1 1 1 1 1 1 |1 1 1 1 1 1 1 1 1 1 1 1 1 2 1 1 |1 1 1 1 1 1 1 1 1 1 3 1 1 1 1 2 |1 1 1 3 6 1 1 1 1 1 1 1 1 1 1 4 |1 1 1 1 1 1 1 1 1 1 7 1 5 1 1 1 |1 1 1 8 1 1 1 1 1 1 1 10 1 1 1 1 |3 1 4 1 1 1 6 1 1 1 1 8 4 1 1 9 |1 7 1 7 3 1 1 1 1 1 8 10 1 1 10 5 |
773: 4 1 1 2 9 1 1 1 1 1 6 6 1 1 1 1 |1 1 1 1 1 1 1 1 1 1 1 1 1 1 1 1 |1 1 1 1 1 1 1 1 1 1 1 1 1 1 1 1 |1 1 1 1 1 1 1 1 1 1 1 1 1 1 1 1 |1 1 1 1 1 1 1 1 1 1 1 1 1 1 1 1 |1 1 1 1 1 1 3 5 1 3 1 1 1 2 1 1 |1 1 1 1 1 1 1 1 1 1 1 1 1 1 1 1 |1 1 1 3 6 1 1 1 5 1 1 1 1 1 1 1 |1 1 2 1 1 1 1 6 1 1 1 1 1 1 1 1 |1 1 1 1 1 1 1 1 1 1 1 8 1 1 1 1 |5 1 1 1 1 1 1 1 1 1 1 9 2 3 1 1 |1 9 1 1 1 1 2 1 1 1 5 1 1 1 3 1 |
784: 4 1 1 2 9 1 1 1 1 1 6 6 1 1 1 1 |1 1 1 1 1 1 1 1 1 1 1 1 1 1 1 1 |1 1 1 1 1 1 1 1 1 1 1 1 1 1 1 1 |1 1 1 1 1 1 1 1 1 1 1 1 1 1 1 1 |1 1 1 1 1 1 1 1 1 1 1 1 1 1 1 1 |1 1 1 1 1 1 3 5 1 3 1 1 1 2 1 1 |1 1 1 1 1 1 1 1 1 1 1 1 1 1 1 1 |1 1 1 3 6 1 1 1 5 1 1 1 1 1 1 1 |1 1 2 1 1 1 1 6 1 1 1 1 1 1 1 1 |1 1 1 1 1 1 1 1 1 1 1 8 1 1 1 1 |5 1 1 1 1 1 1 1 1 1 1 9 2 3 1 1 |1 9 1 1 1 1 2 1 1 1 5 1 1 1 3 1 |
795: 6 1 1 1 3 1 3 1 1 1 1 7 1 1 1 1 |1 1 1 1 1 1 1 1 1 1 1 1 1 1 1 1 |1 1 1 1 1 1 1 1 1 1 1 1 1 1 1 1 |1 1 1 1 1 1 1 1 1 1 1 1 1 1 1 1 |1 1 1 1 1 1 1 1 1 1 1 1 1 1 1 1 |1 1 1 1 1 1 3 5 1 3 1 1 1 2 1 1 |1 1 1 1 1 1 1 1 1 1 1 1 1 1 1 1 |1 1 1 3 6 1 1 1 5 1 1 1 1 1 1 1 |1 1 2 1 1 1 1 6 1 1 1 1 1 1 1 1 |1 1 1 1 1 1 1 1 1 1 1 8 1 1 1 1 |5 1 1 1 1 1 1 1 1 1 1 9 2 3 1 1 |1 9 1 1 1 1 2 1 1 1 5 1 1 1 3 1 |
805: 6 1 1 1 3 1 3 1 1 1 1 7 1 1 1 1 |1 1 1 1 1 1 1 1 1 1 1 1 1 1 5 1 |1 1 1 1 1 1 1 1 1 1 1 1 1 1 1 1 |1 1 1 1 1 1 1 1 1 1 1 1 1 1 1 1 |1 1 1 1 1 1 1 1 1 1 1 1 1 1 1 1 |1 1 1 1 1 1 1 2 1 2 1 1 1 3 1 1 |1 1 1 1 1 1 1 1 1 1 1 1 1 1 1 1 |1 1 1 1 5 1 1 1 4 1 1 1 1 1 1 1 |1 1 1 1 1 1 1 12 1 1 1 1 1 1 1 2 |1 1 1 6 1 2 1 1 1 1 1 8 1 9 1 1 |5 1 1 1 1 1 1 1 1 1 1 9 2 3 1 1 |1 9 1 1 1 1 2 1 1 1 5 1 1 1 3 1 |
816: 6 1 1 1 3 1 3 1 1 1 1 7 1 1 1 1 |1 1 1 1 1 1 1 1 1 1 1 1 1 1 5 1 |1 1 1 1 1 1 1 1 1 1 1 1 1 1 1 1 |1 1 1 1 1 1 1 1 1 1 1 1 1 1 1 1 |1 1 1 1 1 1 1 1 1 1 1 1 1 1 1 1 |1 1 1 1 1 1 1 2 1 2 1 1 1 3 1 1 |1 1 1 1 1 1 1 1 1 1 1 1 1 1 1 1 |1 1 1 1 5 1 1 1 4 1 1 1 1 1 1 1 |1 1 1 1 1 1 1 12 1 1 1 1 1 1 1 2 |1 1 1 6 1 2 1 1 1 1 1 8 1 9 1 1 |2 1 10 1 1 1 8 1 1 1 1 7 5 1 1 2 |1 5 1 8 1 1 1 1 1 1 12 2 2 1 3 1 |
827: 1 1 1 1 2 1 1 1 1 1 2 8 1 1 1 1 |1 1 1 1 1 1 1 1 1 1 1 1 1 1 5 1 |1 1 1 1 1 1 1 1 1 1 1 1 1 1 1 1 |1 1 1 1 1 1 1 1 1 1 1 1 1 1 1 1 |1 1 1 1 1 1 1 1 1 1 1 1 1 1 1 1 |1 1 1 1 1 1 1 2 1 2 1 1 1 3 1 1 |1 1 1 1 1 1 1 1 1 1 1 1 1 1 1 1 |1 1 1 1 5 1 1 1 4 1 1 1 1 1 1 1 |1 1 1 1 1 1 1 12 1 1 1 1 1 1 1 2 |1 1 1 6 1 2 1 1 1 1 1 8 1 9 1 1 |2 1 10 1 1 1 8 1 1 1 1 7 5 1 1 2 |1 5 1 8 1 1 1 1 1 1 12 2 2 1 3 1 |
838: 1 1 1 1 2 1 1 1 1 1 2 8 1 1 1 1 |1 1 5 3 1 1 1 1 1 1 1 1 1 1 4 1 |1 1 1 1 1 1 1 1 1 1 1 1 1 1 1 1 |1 1 1 1 1 1 1 1 1 1 1 1 1 1 1 1 |1 1 1 1 1 1 1 1 1 1 1 1 1 4 1 1 |1 1 1 1 1 1 1 3 1 2 1 1 1 3 1 1 |1 1 1 1 1 1 1 1 1 1 1 1 1 1 1 2 |1 1 1 1 1 1 1 1 1 1 1 1 1 1 1 1 |1 1 1 1 1 1 1 12 1 1 1 1 1 1 1 2 |1 1 1 6 1 2 1 1 1 1 1 8 1 9 1 1 |2 1 10 1 1 1 8 1 1 1 1 7 5 1 1 2 |1 5 1 8 1 1 1 1 1 1 12 2 2 1 3 1 |
849: 1 1 1 1 2 1 1 1 1 1 2 8 1 1 1 1 |1 1 5 3 1 1 1 1 1 1 1 1 1 1 4 1 |1 1 1 1 1 1 1 1 1 1 1 1 1 1 1 1 |1 1 1 1 1 1 1 1 1 1 1 1 1 1 1 1 |1 1 1 1 1 1 1 1 1 1 1 1 1 4 1 1 |1 1 1 1 1 1 1 3 1 2 1 1 1 3 1 1 |1 1 1 1 1 1 1 1 1 1 1 1 1 1 1 2 |1 1 1 1 1 1 1 1 1 1 1 1 1 1 1 1 |1 1 2 1 1 1 1 9 1 1 1 1 1 1 1 1 |1 1 1 8 1 1 1 1 1 1 1 9 1 1 1 1 |2 1 1 1 1 1 4 1 1 1 1 9 2 3 1 8 |1 1 1 1 2 1 1 2 1 1 13 2 10 1 3 3 |
860: 1 1 1 1 1 1 1 1 1 1 1 1 1 1 1 1 |1 1 5 3 1 1 1 1 1 1 1 1 1 1 4 1 |1 1 1 1 1 1 1 1 1 1 1 1 1 1 1 1 |1 1 1 1 1 1 1 1 1 1 1 1 1 1 1 1 |1 1 1 1 1 1 1 1 1 1 1 1 1 4 1 1 |1 1 1 1 1 1 1 3 1 2 1 1 1 3 1 1 |1 1 1 1 1 1 1 1 1 1 1 1 1 1 1 2 |1 1 1 1 1 1 1 1 1 1 1 1 1 1 1 1 |1 1 2 1 1 1 1 9 1 1 1 1 1 1 1 1 |1 1 1 8 1 1 1 1 1 1 1 9 1 1 1 1 |2 1 1 1 1 1 4 1 1 1 1 9 2 3 1 8 |1 1 1 1 2 1 1 2 1 1 13 2 10 1 3 3 |
871: 1 1 1 1 1 1 1 1 1 1 1 1 1 1 1 1 |1 2 1 6 1 1 1 1 1 1 1 1 1 1 1 1 |1 1 1 1 1 1 1 1 1 1 1 1 1 1 1 1 |1 1 1 1 1 1 1 1 1 1 1 1 1 1 1 1 |1 1 1 1 1 1 1 1 1 1 1 1 1 8 1 1 |1 1 1 1 1 1 3 3 1 2 1 1 1 3 1 1 |1 1 1 1 1 1 1 1 1 1 1 1 1 1 1 1 |1 1 1 1 5 1 1 1 6 1 1 1 1 1 1 1 |1 1 2 1 1 1 1 7 1 1 1 1 1 1 1 1 |1 1 1 8 1 1 1 1 1 1 1 9 1 1 1 1 |2 1 1 1 1 1 4 1 1 1 1 9 2 3 1 8 |1 1 1 1 2 1 1 2 1 1 13 2 10 1 3 3 |
881: 1 1 1 1 1 1 1 1 1 1 1 1 1 1 1 1 |1 2 1 6 1 1 1 1 1 1 1 1 1 1 1 1 |1 1 1 1 1 1 1 1 1 1 1 1 1 1 1 1 |1 1 1 1 1 1 1 1 1 1 1 1 1 1 1 1 |1 1 1 1 1 1 1 1 1 1 1 1 1 8 1 1 |1 1 1 1 1 1 3 3 1 2 1 1 1 3 1 1 |1 1 1 1 1 1 1 1 1 1 1 1 1 1 1 1 |1 1 1 1 5 1 1 1 6 1 1 1 1 1 1 1 |1 1 2 1 1 1 1 7 1 1 1 1 1 1 1 1 |1 1 1 8 1 1 1 1 1 1 1 10 1 1 1 1 |4 1 3 1 1 1 1 1 1 1 1 8 3 1 1 1 |1 5 1 1 12 1 1 1 1 1 4 1 9 1 4 1 |
892: 1 1 1 1 1 1 1 1 1 1 1 1 1 1 1 1 |1 2 1 6 1 1 1 1 1 1 1 1 1 1 1 1 |1 1 1 1 1 1 1 1 1 1 1 1 1 1 1 1 |1 1 1 1 1 1 1 1 1 1 1 1 1 1 1 1 |1 1 1 1 1 1 1 1 1 1 1 1 1 8 1 1 |1 1 1 1 1 1 3 3 1 2 1 1 1 3 1 1 |1 1 1 1 1 1 1 1 1 1 1 1 1 1 1 1 |1 1 1 1 5 1 1 1 6 1 1 1 1 1 1 1 |1 1 2 1 1 1 1 7 1 1 1 1 1 1 1 1 |1 1 1 8 1 1 1 1 1 1 1 10 1 1 1 1 |4 1 3 1 1 1 1 1 1 1 1 8 3 1 1 1 |1 5 1 1 12 1 1 1 1 1 4 1 9 1 4 1 |
903: 1 1 1 1 1 1 1 1 1 1 5 1 1 1 1 1 |1 1 5 5 1 1 1 1 1 1 1 1 1 1 1 1 |1 1 1 1 1 1 1 1 1 1 1 1 1 1 1 1 |1 1 1 1 1 1 1 1 1 1 1 1 1 1 1 1 |1 1 1 1 1 1 1 1 1 1 1 1 1 1 1 1 |1 1 1 1 1 1 3 3 1 1 1 1 1 2 1 1 |1 1 1 1 1 4 1 1 1 1 1 1 1 1 1 1 |1 1 1 1 5 1 1 1 6 1 1 1 1 1 1 1 |1 1 2 1 1 1 1 7 1 1 1 1 1 1 1 1 |1 1 1 8 1 1 1 1 1 1 1 10 1 1 1 1 |4 1 3 1 1 1 1 1 1 1 1 8 3 1 1 1 |1 5 1 1 12 1 1 1 1 1 4 1 9 1 4 1 |
913: 1 1 1 1 1 1 1 1 1 1 5 1 1 1 1 1 |1 1 5 5 1 1 1 1 1 1 1 1 1 1 1 1 |1 1 1 1 1 1 1 1 1 1 1 1 1 1 1 1 |1 1 1 1 1 1 1 1 1 1 1 1 1 1 1 1 |1 1 1 1 1 1 1 1 1 1 1 1 1 1 1 1 |1 1 1 1 1 1 3 3 1 1 1 1 1 2 1 1 |1 1 1 1 1 4 1 1 1 1 1 1 1 1 1 1 |1 1 3 1 6 1 1 1 5 1 1 1 1 1 1 5 |1 1 3 1 1 1 1 1 1 1 1 1 1 1 1 1 |1 1 1 1 1 1 1 1 1 1 1 9 3 1 1 1 |2 1 1 1 1 1 6 1 1 1 1 6 5 1 1 4 |1 6 1 1 1 1 1 1 1 1 6 8 6 1 1 1 |
924: 1 1 1 1 1 1 1 1 1 1 5 1 1 1 1 1 |1 1 5 5 1 1 1 1 1 1 1 1 1 1 1 1 |1 1 1 1 1 1 1 1 1 1 1 1 1 1 1 1 |1 1 1 1 1 1 1 1 1 1 1 1 1 1 1 1 |1 1 1 1 1 1 1 1 1 1 1 1 1 1 1 1 |1 1 1 1 1 1 3 3 1 1 1 1 1 2 1 1 |1 1 1 1 1 4 1 1 1 1 1 1 1 1 1 1 |1 1 3 1 6 1 1 1 5 1 1 1 1 1 1 5 |1 1 3 1 1 1 1 1 1 1 1 1 1 1 1 1 |1 1 1 1 1 1 1 1 1 1 1 9 3 1 1 1 |2 1 1 1 1 1 6 1 1 1 1 6 5 1 1 4 |1 6 1 1 1 1 1 1 1 1 6 8 6 1 1 1 |
935: 1 1 1 1 2 1 2 1 1 1 1 7 1 1 1 1 |1 1 1 6 3 1 1 1 1 1 1 1 1 1 1 1 |1 1 1 1 1 1 1 1 1 1 1 1 1 1 1 1 |1 1 1 1 1 1 1 1 1 1 1 1 1 1 1 1 |1 1 1 1 1 1 1 1 1 1 1 1 1 1 1 1 |1 1 1 1 1 1 3 3 1 1 1 1 1 2 1 1 |1 1 1 1 1 4 1 1 1 1 1 1 1 1 1 1 |1 1 3 1 6 1 1 1 5 1 1 1 1 1 1 5 |1 1 3 1 1 1 1 1 1 1 1 1 1 1 1 1 |1 1 1 1 1 1 1 1 1 1 1 9 3 1 1 1 |2 1 1 1 1 1 6 1 1 1 1 6 5 1 1 4 |1 6 1 1 1 1 1 1 1 1 6 8 6 1 1 1 |
946: 1 1 1 1 2 1 2 1 1 1 1 7 1 1 1 1 |1 1 1 6 3 1 1 1 1 1 1 1 1 1 1 1 |1 1 1 1 1 1 1 1 1 1 1 1 1 1 1 1 |1 1 1 1 1 1 1 1 1 1 1 1 1 1 1 1 |1 1 1 1 1 1 1 1 1 1 1 1 1 1 1 1 |1 1 1 1 1 1 2 3 1 3 1 1 1 1 1 1 |1 1 1 1 1 1 1 1 1 1 1 1 1 1 1 1 |1 1 1 1 2 2 1 1 7 1 1 1 1 1 1 1 |1 1 1 1 1 1 1 8 1 1 1 1 1 1 1 1 |1 1 1 1 1 1 1 2 1 1 1 10 1 1 1 1 |3 1 1 1 1 1 4 1 1 1 1 7 2 1 1 3 |1 5 1 4 2 1 1 1 1 1 1 1 1 1 2 1 |
958: 1 1 1 1 2 1 2 1 1 1 1 7 1 1 1 1 |1 1 1 6 3 1 1 1 1 1 1 1 1 1 1 1 |1 1 1 1 1 1 1 1 1 1 1 1 1 1 1 1 |1 1 1 1 1 1 1 1 1 1 1 1 1 1 1 1 |1 1 1 1 1 1 1 1 1 1 1 1 1 1 1 1 |1 1 1 1 1 1 2 3 1 3 1 1 1 1 1 1 |1 1 1 1 1 1 1 1 1 1 1 1 1 1 1 1 |1 1 1 1 2 2 1 1 7 1 1 1 1 1 1 1 |1 1 1 1 1 1 1 8 1 1 1 1 1 1 1 1 |1 1 1 1 1 1 1 2 1 1 1 10 1 1 1 1 |3 1 1 1 1 1 4 1 1 1 1 7 2 1 1 3 |1 5 1 4 2 1 1 1 1 1 1 1 1 1 2 1 |
968: 3 1 1 1 1 1 1 1 1 1 6 5 1 1 1 1 |1 1 4 2 5 1 1 1 1 1 1 1 1 1 1 1 |1 1 1 1 1 1 1 1 1 1 1 1 1 1 1 1 |1 1 1 1 1 1 1 1 1 1 1 1 1 1 1 1 |1 1 1 1 1 1 1 1 1 1 1 1 1 3 6 1 |1 1 1 1 1 1 3 3 1 1 1 1 1 2 1 1 |1 1 1 1 1 1 1 1 1 1 1 1 1 1 1 1 |1 1 1 1 2 2 1 1 7 1 1 1 1 1 1 1 |1 1 1 1 1 1 1 8 1 1 1 1 1 1 1 1 |1 1 1 1 1 1 1 2 1 1 1 10 1 1 1 1 |3 1 1 1 1 1 4 1 1 1 1 7 2 1 1 3 |1 5 1 4 2 1 1 1 1 1 1 1 1 1 2 1 |
979: 3 1 1 1 1 1 1 1 1 1 6 5 1 1 1 1 |1 1 4 2 5 1 1 1 1 1 1 1 1 1 1 1 |1 1 1 1 1 1 1 1 1 1 1 1 1 1 1 1 |1 1 1 1 1 1 1 1 1 1 1 1 1 1 1 1 |1 1 1 1 1 1 1 1 1 1 1 1 1 3 6 1 |1 1 1 1 1 1 3 3 1 1 1 1 1 2 1 1 |1 1 1 1 1 1 1 1 1 1 1 1 1 1 1 1 |1 1 1 3 6 6 1 1 1 1 1 1 5 1 1 1 |1 1 1 6 7 1 1 7 1 1 1 1 1 1 1 1 |1 1 1 10 1 1 6 1 1 1 1 8 1 8 1 1 |5 1 1 1 1 1 11 1 1 1 1 7 1 1 1 1 |1 1 1 1 1 1 1 1 1 1 12 1 1 1 4 1 |
991: 3 1 1 1 1 1 1 1 1 1 6 5 1 1 1 1 |1 1 4 2 5 1 1 1 1 1 1 1 1 1 1 1 |1 1 1 1 1 1 1 1 1 1 1 1 1 1 1 1 |1 1 1 1 1 1 1 1 1 1 1 1 1 1 1 1 |1 1 1 1 1 1 1 1 1 1 1 1 1 3 6 1 |1 1 1 1 1 1 3 3 1 1 1 1 1 2 1 1 |1 1 1 1 1 1 1 1 1 1 1 1 1 1 1 1 |1 1 1 3 6 6 1 1 1 1 1 1 5 1 1 1 |1 1 1 6 7 1 1 7 1 1 1 1 1 1 1 1 |1 1 1 10 1 1 6 1 1 1 1 8 1 8 1 1 |5 1 1 1 1 1 11 1 1 1 1 7 1 1 1 1 |1 1 1 1 1 1 1 1 1 1 12 1 1 1 4 1 |
1002: 3 1 1 1 1 1 1 1 1 1 7 7 1 1 1 1 |1 1 1 1 1 1 1 1 1 1 1 1 1 1 6 1 |1 1 1 1 1 1 1 1 1 1 1 1 1 1 1 1 |1 1 1 1 1 1 1 1 1 1 1 1 1 1 1 1 |1 1 1 1 1 1 1 1 1 1 1 1 1 3 1 1 |1 1 1 1 1 1 1 3 2 2 1 1 1 1 1 1 |1 1 1 1 1 1 1 1 1 1 1 1 1 1 1 1 |1 1 1 3 6 6 1 1 1 1 1 1 5 1 1 1 |1 1 1 6 7 1 1 7 1 1 1 1 1 1 1 1 |1 1 1 10 1 1 6 1 1 1 1 8 1 8 1 1 |5 1 1 1 1 1 11 1 1 1 1 7 1 1 1 1 |1 1 1 1 1 1 1 1 1 1 12 1 1 1 4 1 |
1013: 3 1 1 1 1 1 1 1 1 1 7 7 1 1 1 1 |1 1 1 1 1 1 1 1 1 1 1 1 1 1 6 1 |1 1 1 1 1 1 1 1 1 1 1 1 1 1 1 1 |1 1 1 1 1 1 1 1 1 1 1 1 1 1 1 1 |1 1 1 1 1 1 1 1 1 1 1 1 1 3 1 1 |1 1 1 1 1 1 1 3 2 2 1 1 1 1 1 1 |1 1 1 1 1 1 1 5 1 1 1 1 1 1 1 1 |1 1 2 12 4 1 1 1 1 1 1 1 1 1 1 1 |1 1 1 1 1 1 1 4 1 1 1 1 1 1 1 1 |1 1 1 1 1 1 1 1 1 1 1 9 1 7 1 1 |2 1 1 1 1 1 1 1 1 1 1 5 2 1 1 1 |1 12 1 10 1 1 1 1 1 1 8 2 10 1 10 1 |
1024: 3 1 1 1 1 1 1 1 1 1 7 7 1 1 1 1 |1 1 1 1 1 1 1 1 1 1 1 1 1 1 6 1 |1 1 1 1 1 1 1 1 1 1 1 1 1 1 1 1 |1 1 1 1 1 1 1 1 1 1 1 1 1 1 1 1 |1 1 1 1 1 1 1 1 1 1 1 1 1 3 1 1 |1 1 1 1 1 1 1 3 2 2 1 1 1 1 1 1 |1 1 1 1 1 1 1 5 1 1 1 1 1 1 1 1 |1 1 2 12 4 1 1 1 1 1 1 1 1 1 1 1 |1 1 1 1 1 1 1 4 1 1 1 1 1 1 1 1 |1 1 1 1 1 1 1 1 1 1 1 9 1 7 1 1 |2 1 1 1 1 1 1 1 1 1 1 5 2 1 1 1 |1 12 1 10 1 1 1 1 1 1 8 2 10 1 10 1 |
1034: 1 1 1 1 1 1 1 1 1 1 1 6 1 1 1 1 |1 1 4 5 1 1 1 1 1 1 1 1 1 1 4 1 |1 1 1 1 1 1 1 1 1 1 1 1 1 1 1 1 |1 1 1 1 1 1 1 1 1 1 1 1 1 1 1 1 |1 1 1 1 1 1 1 1 1 1 1 1 1 3 1 1 |1 1 1 1 1 1 1 3 2 2 1 1 1 1 1 1 |1 1 1 1 1 1 1 5 1 1 1 1 1 1 1 1 |1 1 2 12 4 1 1 1 1 1 1 1 1 1 1 1 |1 1 1 1 1 1 1 4 1 1 1 1 1 1 1 1 |1 1 1 1 1 1 1 1 1 1 1 9 1 7 1 1 |2 1 1 1 1 1 1 1 1 1 1 5 2 1 1 1 |1 12 1 10 1 1 1 1 1 1 8 2 10 1 10 1 |
1045: 1 1 1 1 1 1 1 1 1 1 1 6 1 1 1 1 |1 1 4 5 1 1 1 1 1 1 1 1 1 1 4 1 |1 1 1 1 1 1 1 1 1 1 1 1 1 1 1 1 |1 1 1 1 1 1 1 1 1 1 1 1 1 1 1 1 |1 1 1 1 1 1 1 1 1 1 1 1 1 1 1 1 |1 1 1 1 1 1 2 4 1 1 1 1 1 2 1 1 |1 1 1 1 1 1 1 1 1 1 1 1 1 1 1 1 |1 1 1 1 4 1 1 1 3 1 1 1 1 1 1 1 |1 1 1 1 1 1 1 6 1 1 1 1 1 1 2 1 |1 1 1 1 1 1 1 1 1 1 1 8 1 1 1 1 |3 1 1 1 1 1 1 1 1 1 1 1 1 1 1 8 |1 10 1 6 1 1 2 2 1 1 11 1 7 1 9 1 |
1056: 1 1 1 1 1 1 1 1 1 1 1 6 1 1 1 1 |1 1 4 5 1 1 1 1 1 1 1 1 1 1 4 1 |1 1 1 1 1 1 1 1 1 1 1 1 1 1 1 1 |1 1 1 1 1 1 1 1 1 1 1 1 1 1 1 1 |1 1 1 1 1 1 1 1 1 1 1 1 1 1 1 1 |1 1 1 1 1 1 2 4 1 1 1 1 1 2 1 1 |1 1 1 1 1 1 1 1 1 1 1 1 1 1 1 1 |1 1 1 1 4 1 1 1 3 1 1 1 1 1 1 1 |1 1 1 1 1 1 1 6 1 1 1 1 1 1 2 1 |1 1 1 1 1 1 1 1 1 1 1 8 1 1 1 1 |3 1 1 1 1 1 1 1 1 1 1 1 1 1 1 8 |1 10 1 6 1 1 2 2 1 1 11 1 7 1 9 1 |
1066: 4 1 1 5 1 1 1 1 1 1 5 6 1 1 1 1 |1 1 1 1 1 1 1 1 1 1 1 1 1 1 1 1 |1 1 1 1 1 1 1 1 1 1 1 1 1 1 1 1 |1 1 1 1 1 1 1 1 1 1 1 1 1 1 1 1 |1 1 1 1 1 1 1 1 1 1 1 1 1 1 1 1 |1 1 1 1 1 1 2 4 1 1 1 1 1 2 1 1 |1 1 1 1 1 1 1 1 1 1 1 1 1 1 1 1 |1 1 1 1 4 1 1 1 3 1 1 1 1 1 1 1 |1 1 1 1 1 1 1 6 1 1 1 1 1 1 2 1 |1 1 1 1 1 1 1 1 1 1 1 8 1 1 1 1 |3 1 1 1 1 1 1 1 1 1 1 1 1 1 1 8 |1 10 1 6 1 1 2 2 1 1 11 1 7 1 9 1 |
1077: 4 1 1 5 1 1 1 1 1 1 5 6 1 1 1 1 |1 1 1 1 1 1 1 1 1 1 1 1 1 1 1 1 |1 1 1 1 1 1 1 1 1 1 1 1 1 1 1 1 |1 1 1 1 1 1 1 1 1 1 1 1 1 1 1 1 |1 1 1 1 1 1 1 1 1 1 1 1 1 8 1 1 |1 1 1 1 1 1 1 2 1 3 1 1 1 3 1 1 |1 1 1 1 1 1 1 1 1 1 1 1 1 1 1 1 |1 1 1 3 5 5 1 1 1 1 1 1 1 1 1 1 |1 1 2 1 8 1 1 6 1 1 1 1 1 1 1 1 |1 1 1 7 1 1 1 1 1 1 1 9 1 1 1 1 |3 1 7 1 1 1 2 1 1 1 1 5 1 1 1 1 |1 10 1 6 1 1 2 2 1 1 11 1 7 1 9 1 |
1089: 4 1 1 5 1 1 1 1 1 1 5 6 1 1 1 1 |1 1 1 1 1 1 1 1 1 1 1 1 1 1 1 1 |1 1 1 1 1 1 1 1 1 1 1 1 1 1 1 1 |1 1 1 1 1 1 1 1 1 1 1 1 1 1 1 1 |1 1 1 1 1 1 1 1 1 1 1 1 1 8 1 1 |1 1 1 1 1 1 1 2 1 3 1 1 1 3 1 1 |1 1 1 1 1 1 1 1 1 1 1 1 1 1 1 1 |1 1 1 3 5 5 1 1 1 1 1 1 1 1 1 1 |1 1 2 1 8 1 1 6 1 1 1 1 1 1 1 1 |1 1 1 7 1 1 1 1 1 1 1 9 1 1 1 1 |3 1 7 1 1 1 2 1 1 1 1 5 1 1 1 1 |1 4 1 1 1 1 1 1 1 1 11 1 1 2 8 1 |
1099: 2 1 1 1 4 1 1 1 1 1 7 2 1 1 1 1 |1 1 1 1 1 1 1 1 1 1 1 1 1 1 4 1 |1 1 1 1 1 1 1 1 1 1 1 1 1 1 1 1 |1 1 1 1 1 1 1 1 1 1 1 1 1 1 1 1 |1 1 1 1 1 1 1 1 1 1 1 1 1 8 1 1 |1 1 1 1 1 1 1 2 1 3 1 1 1 3 1 1 |1 1 1 1 1 1 1 1 1 1 1 1 1 1 1 1 |1 1 1 3 5 5 1 1 1 1 1 1 1 1 1 1 |1 1 2 1 8 1 1 6 1 1 1 1 1 1 1 1 |1 1 1 7 1 1 1 1 1 1 1 9 1 1 1 1 |3 1 7 1 1 1 2 1 1 1 1 5 1 1 1 1 |1 4 1 1 1 1 1 1 1 1 11 1 1 2 8 1 |
1110: 2 1 1 1 4 1 1 1 1 1 7 2 1 1 1 1 |1 1 1 1 1 1 1 1 1 1 1 1 1 1 4 1 |1 1 1 1 1 1 1 1 1 1 1 1 1 1 1 1 |1 1 1 1 1 1 1 1 1 1 1 1 1 1 1 1 |1 1 1 1 1 1 1 1 1 1 1 1 1 1 1 1 |1 1 1 1 1 1 1 4 2 3 1 1 1 3 1 1 |1 1 1 1 1 1 1 5 1 1 1 1 1 1 1 1 |1 1 1 4 6 1 1 1 1 1 1 1 1 1 1 4 |1 1 1 1 1 1 1 7 1 1 1 1 1 1 1 2 |1 1 1 1 1 1 1 1 1 1 1 8 1 1 1 1 |1 1 1 1 1 1 10 1 1 1 1 1 1 1 1 1 |1 4 1 1 1 1 1 1 1 1 11 1 1 2 8 1 |
1121: 2 1 1 1 4 1 1 1 1 1 7 2 1 1 1 1 |1 1 1 1 1 1 1 1 1 1 1 1 1 1 4 1 |1 1 1 1 1 1 1 1 1 1 1 1 1 1 1 1 |1 1 1 1 1 1 1 1 1 1 1 1 1 1 1 1 |1 1 1 1 1 1 1 1 1 1 1 1 1 1 1 1 |1 1 1 1 1 1 1 4 2 3 1 1 1 3 1 1 |1 1 1 1 1 1 1 5 1 1 1 1 1 1 1 1 |1 1 1 4 6 1 1 1 1 1 1 1 1 1 1 4 |1 1 1 1 1 1 1 7 1 1 1 1 1 1 1 2 |1 1 1 1 1 1 1 1 1 1 1 8 1 1 1 1 |1 1 1 1 1 1 10 1 1 1 1 1 1 1 1 1 |1 5 1 8 1 1 2 1 1 1 12 1 8 1 11 1 |
1132: 8 1 1 1 1 1 1 1 1 1 1 7 1 1 1 1 |1 1 1 1 1 1 1 1 1 1 1 1 1 1 4 1 |1 1 1 1 1 1 1 1 1 1 1 1 1 1 1 1 |1 1 1 1 1 1 1 1 1 1 1 1 1 1 1 1 |1 1 1 1 1 1 1 1 1 1 1 1 1 1 1 1 |1 1 1 1 1 1 1 4 2 3 1 1 1 3 1 1 |1 1 1 1 1 1 1 5 1 1 1 1 1 1 1 1 |1 1 1 4 6 1 1 1 1 1 1 1 1 1 1 4 |1 1 1 1 1 1 1 7 1 1 1 1 1 1 1 2 |1 1 1 1 1 1 1 1 1 1 1 8 1 1 1 1 |1 1 1 1 1 1 10 1 1 1 1 1 1 1 1 1 |1 5 1 8 1 1 2 1 1 1 12 1 8 1 11 1 |
1143: 8 1 1 1 1 1 1 1 1 1 1 7 1 1 1 1 |1 1 1 1 1 1 1 1 1 1 1 1 1 1 1 1 |1 1 1 1 1 1 1 1 1 1 1 1 1 1 1 1 |1 1 1 1 1 1 1 1 1 1 1 1 1 1 1 1 |1 1 1 1 1 1 1 1 1 1 1 1 1 1 1 1 |1 1 1 1 1 1 3 4 1 3 2 1 1 3 1 1 |1 1 1 1 1 1 1 1 1 1 1 2 1 1 1 1 |1 1 1 1 1 1 1 1 6 1 1 1 1 1 1 1 |1 1 1 1 1 1 1 6 1 1 1 1 1 1 1 1 |1 1 1 1 1 1 1 1 1 1 1 9 1 6 1 1 |3 1 1 5 1 1 1 1 1 1 1 5 1 1 1 1 |1 5 1 8 1 1 2 1 1 1 12 1 8 1 11 1 |
1153: 8 1 1 1 1 1 1 1 1 1 1 7 1 1 1 1 |1 1 1 1 1 1 1 1 1 1 1 1 1 1 1 1 |1 1 1 1 1 1 1 1 1 1 1 1 1 1 1 1 |1 1 1 1 1 1 1 1 1 1 1 1 1 1 1 1 |1 1 1 1 1 1 1 1 1 1 1 1 1 1 1 1 |1 1 1 1 1 1 3 4 1 3 2 1 1 3 1 1 |1 1 1 1 1 1 1 1 1 1 1 2 1 1 1 1 |1 1 1 1 1 1 1 1 6 1 1 1 1 1 1 1 |1 1 1 1 1 1 1 6 1 1 1 1 1 1 1 1 |1 1 1 1 1 1 1 1 1 1 1 9 1 6 1 1 |3 1 1 5 1 1 1 1 1 1 1 5 1 1 1 1 |1 3 1 3 2 1 3 1 1 1 11 5 1 1 1 1 |
1164: 8 1 1 1 1 1 1 1 1 1 1 7 1 1 1 1 |1 1 1 1 1 1 1 1 1 1 1 1 1 1 1 1 |1 1 1 1 1 1 1 1 1 1 1 1 1 1 1 1 |1 1 1 1 1 1 1 1 1 1 1 1 1 1 1 1 |1 1 1 1 1 1 1 1 1 1 1 1 1 1 1 1 |1 1 1 1 1 1 3 4 1 3 2 1 1 3 1 1 |1 1 1 1 1 1 1 1 1 1 1 2 1 1 1 1 |1 1 1 1 1 1 1 1 6 1 1 1 1 1 1 1 |1 1 1 1 1 1 1 6 1 1 1 1 1 1 1 1 |1 1 1 1 1 1 1 1 1 1 1 9 1 6 1 1 |3 1 1 5 1 1 1 1 1 1 1 5 1 1 1 1 |1 3 1 3 2 1 3 1 1 1 11 5 1 1 1 1 |
1175: 2 1 1 1 1 1 1 1 1 1 1 7 1 1 1 1 |1 1 1 7 1 1 1 1 1 1 1 1 1 1 1 1 |1 1 1 1 1 1 1 1 1 1 1 1 1 1 1 1 |1 1 9 1 1 1 1 1 1 1 1 1 1 1 1 1 |1 1 1 1 1 1 1 1 1 1 1 1 1 7 4 1 |1 1 1 1 4 1 1 3 1 4 1 1 1 2 1 1 |1 1 1 1 1 1 1 3 1 1 1 1 1 1 1 1 |1 1 1 3 6 1 1 1 1 1 1 1 1 1 1 3 |1 1 2 1 1 1 1 6 1 1 1 1 3 1 1 1 |1 1 1 8 1 1 1 1 1 1 1 1 1 1 1 1 |3 1 1 5 1 1 1 1 1 1 1 5 1 1 1 1 |1 3 1 3 2 1 3 1 1 1 11 5 1 1 1 1 |
1185: 2 1 1 1 1 1 1 1 1 1 1 7 1 1 1 1 |1 1 1 7 1 1 1 1 1 1 1 1 1 1 1 1 |1 1 1 1 1 1 1 1 1 1 1 1 1 1 1 1 |1 1 9 1 1 1 1 1 1 1 1 1 1 1 1 1 |1 1 1 1 1 1 1 1 1 1 1 1 1 7 4 1 |1 1 1 1 4 1 1 3 1 4 1 1 1 2 1 1 |1 1 1 1 1 1 1 3 1 1 1 1 1 1 1 1 |1 1 1 3 6 1 1 1 1 1 1 1 1 1 1 3 |1 1 2 1 1 1 1 6 1 1 1 1 3 1 1 1 |1 1 1 8 1 1 1 1 1 1 1 1 1 1 1 1 |4 1 1 1 1 1 1 1 1 1 1 1 1 1 1 3 |1 3 1 1 1 1 1 1 1 1 11 2 1 1 9 1 |
1196: 2 1 1 1 1 1 1 1 1 1 1 7 1 1 1 1 |1 1 1 7 1 1 1 1 1 1 1 1 1 1 1 1 |1 1 1 1 1 1 1 1 1 1 1 1 1 1 1 1 |1 1 9 1 1 1 1 1 1 1 1 1 1 1 1 1 |1 1 1 1 1 1 1 1 1 1 1 1 1 7 4 1 |1 1 1 1 4 1 1 3 1 4 1 1 1 2 1 1 |1 1 1 1 1 1 1 3 1 1 1 1 1 1 1 1 |1 1 1 3 6 1 1 1 1 1 1 1 1 1 1 3 |1 1 2 1 1 1 1 6 1 1 1 1 3 1 1 1 |1 1 1 8 1 1 1 1 1 1 1 1 1 1 1 1 |4 1 1 1 1 1 1 1 1 1 1 1 1 1 1 3 |1 3 1 1 1 1 1 1 1 1 11 2 1 1 9 1 |
1207: 2 1 1 1 1 1 1 1 1 1 5 1 1 1 1 1 |1 1 9 1 1 1 1 1 1 1 1 1 1 1 4 1 |1 1 1 1 1 1 1 1 1 1 1 1 1 1 1 1 |1 1 1 1 1 1 1 1 1 1 1 1 1 1 1 1 |1 1 1 1 1 1 1 1 1 1 1 1 1 1 1 1 |1 1 1 1 1 1 1 5 1 1 1 1 1 1 1 1 |1 1 1 1 1 1 1 1 1 1 1 1 1 1 1 1 |1 2 1 2 6 4 1 1 1 1 1 1 1 1 1 1 |1 1 2 1 1 1 1 6 1 1 1 1 3 1 1 1 |1 1 1 8 1 1 1 1 1 1 1 1 1 1 1 1 |4 1 1 1 1 1 1 1 1 1 1 1 1 1 1 3 |1 3 1 1 1 1 1 1 1 1 11 2 1 1 9 1 |
1218: 2 1 1 1 1 1 1 1 1 1 5 1 1 1 1 1 |1 1 9 1 1 1 1 1 1 1 1 1 1 1 4 1 |1 1 1 1 1 1 1 1 1 1 1 1 1 1 1 1 |1 1 1 1 1 1 1 1 1 1 1 1 1 1 1 1 |1 1 1 1 1 1 1 1 1 1 1 1 1 1 1 1 |1 1 1 1 1 1 1 5 1 1 1 1 1 1 1 1 |1 1 1 1 1 1 1 1 1 1 1 1 1 1 1 1 |1 2 1 2 6 4 1 1 1 1 1 1 1 1 1 1 |1 1 1 1 1 1 1 1 1 1 1 1 1 1 1 1 |1 1 1 1 1 1 1 1 1 1 1 9 1 1 1 2 |1 1 1 1 1 1 6 1 1 1 1 5 4 1 1 8 |1 6 1 4 2 1 1 1 1 1 11 3 10 1 3 1 |
1228: 2 1 1 1 1 1 1 1 1 1 5 1 1 1 1 1 |1 1 9 1 1 1 1 1 1 1 1 1 1 1 4 1 |1 1 1 1 1 1 1 1 1 1 1 1 1 1 1 1 |1 1 1 1 1 1 1 1 1 1 1 1 1 1 1 1 |1 1 1 1 1 1 1 1 1 1 1 1 1 1 1 1 |1 1 1 1 1 1 1 5 1 1 1 1 1 1 1 1 |1 1 1 1 1 1 1 1 1 1 1 1 1 1 1 1 |1 2 1 2 6 4 1 1 1 1 1 1 1 1 1 1 |1 1 1 1 1 1 1 1 1 1 1 1 1 1 1 1 |1 1 1 1 1 1 1 1 1 1 1 9 1 1 1 2 |1 1 1 1 1 1 6 1 1 1 1 5 4 1 1 8 |1 6 1 4 2 1 1 1 1 1 11 3 10 1 3 1 |
1239: 1 1 1 1 1 1 1 1 1 1 1 7 1 1 1 1 |1 1 1 1 1 1 1 1 1 1 1 1 1 1 1 1 |1 1 1 1 1 1 1 1 1 1 1 1 1 1 1 1 |1 1 1 1 1 1 1 1 1 1 1 1 1 1 1 1 |1 1 1 1 1 1 1 1 1 1 1 1 1 1 1 1 |1 1 1 1 1 1 2 2 1 2 1 1 1 3 1 1 |1 1 1 1 1 1 1 1 1 1 1 1 1 1 1 1 |1 1 1 1 5 1 1 1 5 1 1 1 1 1 1 1 |1 1 1 1 1 1 1 1 1 1 1 1 1 1 1 1 |1 1 1 1 1 1 1 1 1 1 1 9 1 1 1 2 |1 1 1 1 1 1 6 1 1 1 1 5 4 1 1 8 |1 6 1 4 2 1 1 1 1 1 11 3 10 1 3 1 |
1249: 1 1 1 1 1 1 1 1 1 1 1 7 1 1 1 1 |1 1 1 1 1 1 1 1 1 1 1 1 1 1 1 1 |1 1 1 1 1 1 1 1 1 1 1 1 1 1 1 1 |1 1 1 1 1 1 1 1 1 1 1 1 1 1 1 1 |1 1 1 1 1 1 1 1 1 1 1 1 1 1 1 1 |1 1 1 1 1 1 2 2 1 2 1 1 1 3 1 1 |1 1 1 1 1 1 1 1 1 1 1 1 1 1 1 1 |1 1 1 1 5 1 1 1 5 1 1 1 1 1 1 1 |1 1 3 1 1 1 1 1 1 1 1 1 1 1 1 4 |1 1 1 1 1 1 9 1 1 1 1 9 1 1 1 1 |1 1 1 1 1 1 7 1 1 1 1 7 1 1 1 1 |1 5 1 9 1 1 1 1 1 1 12 3 2 1 8 6 |
1260: 1 1 1 1 1 1 1 1 1 1 1 7 1 1 1 1 |1 1 1 1 1 1 1 1 1 1 1 1 1 1 1 1 |1 1 1 1 1 1 1 1 1 1 1 1 1 1 1 1 |1 1 1 1 1 1 1 1 1 1 1 1 1 1 1 1 |1 1 1 1 1 1 1 1 1 1 1 1 1 1 1 1 |1 1 1 1 1 1 2 2 1 2 1 1 1 3 1 1 |1 1 1 1 1 1 1 1 1 1 1 1 1 1 1 1 |1 1 1 1 5 1 1 1 5 1 1 1 1 1 1 1 |1 1 3 1 1 1 1 1 1 1 1 1 1 1 1 4 |1 1 1 1 1 1 9 1 1 1 1 9 1 1 1 1 |1 1 1 1 1 1 7 1 1 1 1 7 1 1 1 1 |1 5 1 9 1 1 1 1 1 1 12 3 2 1 8 6 |
1271: 1 1 1 1 1 1 1 1 1 1 1 8 1 1 1 1 |1 1 1 6 1 1 1 1 1 1 1 1 1 1 2 1 |1 1 1 1 1 1 1 1 1 1 1 1 1 1 1 1 |1 1 4 1 1 1 1 1 1 1 1 1 1 1 1 1 |1 1 1 1 1 1 1 1 1 1 1 1 1 1 1 1 |1 1 1 1 7 1 1 2 2 1 1 1 1 3 1 1 |1 1 1 1 1 1 1 1 1 1 1 1 1 1 1 1 |1 1 1 1 5 1 1 1 5 1 1 1 1 1 1 1 |1 1 3 1 1 1 1 1 1 1 1 1 1 1 1 4 |1 1 1 1 1 1 9 1 1 1 1 9 1 1 1 1 |1 1 1 1 1 1 7 1 1 1 1 7 1 1 1 1 |1 5 1 9 1 1 1 1 1 1 12 3 2 1 8 6 |
1282: 1 1 1 1 1 1 1 1 1 1 1 8 1 1 1 1 |1 1 1 6 1 1 1 1 1 1 1 1 1 1 2 1 |1 1 1 1 1 1 1 1 1 1 1 1 1 1 1 1 |1 1 4 1 1 1 1 1 1 1 1 1 1 1 1 1 |1 1 1 1 1 1 1 1 1 1 1 1 1 1 1 1 |1 1 1 1 7 1 1 2 2 1 1 1 1 3 1 1 |1 1 1 1 1 1 1 1 1 1 1 1 1 1 1 1 |1 1 1 1 6 1 1 1 6 1 1 1 1 1 1 1 |1 1 1 3 1 1 1 6 1 1 1 1 1 1 1 1 |1 1 1 5 1 1 1 1 1 1 1 1 1 1 1 1 |4 1 1 1 1 1 7 1 1 1 1 1 8 4 1 3 |1 10 1 4 4 1 1 1 1 1 10 4 8 1 12 1 |
1292: 1 1 1 1 1 1 1 1 1 1 1 8 1 1 1 1 |1 1 1 6 1 1 1 1 1 1 1 1 1 1 2 1 |1 1 1 1 1 1 1 1 1 1 1 1 1 1 1 1 |1 1 4 1 1 1 1 1 1 1 1 1 1 1 1 1 |1 1 1 1 1 1 1 1 1 1 1 1 1 1 1 1 |1 1 1 1 7 1 1 2 2 1 1 1 1 3 1 1 |1 1 1 1 1 1 1 1 1 1 1 1 1 1 1 1 |1 1 1 1 6 1 1 1 6 1 1 1 1 1 1 1 |1 1 1 3 1 1 1 6 1 1 1 1 1 1 1 1 |1 1 1 5 1 1 1 1 1 1 1 1 1 1 1 1 |4 1 1 1 1 1 7 1 1 1 1 1 8 4 1 3 |1 10 1 4 4 1 1 1 1 1 10 4 8 1 12 1 |
1303: 1 1 1 1 1 1 1 1 1 1 1 6 1 1 1 1 |1 1 7 6 4 1 1 1 1 1 1 1 1 1 1 1 |1 1 1 1 1 1 1 1 1 1 1 1 1 1 1 1 |1 1 1 1 1 1 1 1 1 1 1 1 1 1 1 1 |1 1 1 1 1 1 1 1 1 1 1 2 1 1 1 1 |1 1 1 1 1 1 1 5 1 1 1 1 1 2 1 1 |1 1 1 1 1 1 1 1 1 1 1 1 1 1 1 1 |1 1 1 1 6 1 1 1 6 1 1 1 1 1 1 1 |1 1 1 3 1 1 1 6 1 1 1 1 1 1 1 1 |1 1 1 5 1 1 1 1 1 1 1 1 1 1 1 1 |4 1 1 1 1 1 7 1 1 1 1 1 8 4 1 3 |1 10 1 4 4 1 1 1 1 1 10 4 8 1 12 1 |
1314: 1 1 1 1 1 1 1 1 1 1 1 6 1 1 1 1 |1 1 7 6 4 1 1 1 1 1 1 1 1 1 1 1 |1 1 1 1 1 1 1 1 1 1 1 1 1 1 1 1 |1 1 1 1 1 1 1 1 1 1 1 1 1 1 1 1 |1 1 1 1 1 1 1 1 1 1 1 2 1 1 1 1 |1 1 1 1 1 1 1 5 1 1 1 1 1 2 1 1 |1 1 1 1 1 1 1 1 1 1 1 1 1 1 1 1 |1 1 1 2 5 1 1 1 5 1 1 1 1 1 1 1 |1 1 1 1 1 1 1 8 1 1 1 1 1 1 1 1 |1 1 1 1 2 1 1 1 1 1 1 10 4 1 1 1 |2 1 1 1 1 1 1 1 1 1 1 1 1 1 5 7 |1 6 1 1 1 1 1 1 1 1 6 1 9 1 2 1 |
1324: 1 1 1 1 1 1 1 1 1 1 1 6 1 1 1 1 |1 1 7 6 4 1 1 1 1 1 1 1 1 1 1 1 |1 1 1 1 1 1 1 1 1 1 1 1 1 1 1 1 |1 1 1 1 1 1 1 1 1 1 1 1 1 1 1 1 |1 1 1 1 1 1 1 1 1 1 1 2 1 1 1 1 |1 1 1 1 1 1 1 5 1 1 1 1 1 2 1 1 |1 1 1 1 1 1 1 1 1 1 1 1 1 1 1 1 |1 1 1 2 5 1 1 1 5 1 1 1 1 1 1 1 |1 1 1 1 1 1 1 8 1 1 1 1 1 1 1 1 |1 1 1 1 2 1 1 1 1 1 1 10 4 1 1 1 |2 1 1 1 1 1 1 1 1 1 1 1 1 1 5 7 |1 6 1 1 1 1 1 1 1 1 6 1 9 1 2 1 |
1335: 3 1 1 1 1 1 1 1 1 1 1 8 1 1 1 1 |1 1 1 7 5 1 1 1 1 1 1 1 1 1 6 1 |1 1 1 1 1 1 1 1 1 1 1 1 1 1 1 1 |1 1 1 1 1 1 1 1 1 1 1 1 1 1 1 1 |1 1 1 1 1 1 1 1 1 1 1 1 1 1 1 1 |1 1 1 1 1 1 1 5 1 1 1 1 1 2 1 1 |1 1 1 1 1 1 1 1 1 1 1 1 1 1 1 1 |1 1 1 2 5 1 1 1 5 1 1 1 1 1 1 1 |1 1 1 1 1 1 1 8 1 1 1 1 1 1 1 1 |1 1 1 1 2 1 1 1 1 1 1 10 4 1 1 1 |2 1 1 1 1 1 1 1 1 1 1 1 1 1 5 7 |1 6 1 1 1 1 1 1 1 1 6 1 9 1 2 1 |
1346: 3 1 1 1 1 1 1 1 1 1 1 8 1 1 1 1 |1 1 1 7 5 1 1 1 1 1 1 1 1 1 6 1 |1 1 1 1 1 1 1 1 1 1 1 1 1 1 1 1 |1 1 1 1 1 1 1 1 1 1 1 1 1 1 1 1 |1 1 1 1 1 1 1 1 1 1 1 1 1 1 1 1 |1 2 1 1 1 1 3 1 1 1 1 1 1 4 1 1 |1 1 1 1 1 1 1 1 1 1 11 1 1 1 1 1 |1 1 1 6 6 1 1 1 1 1 1 1 1 1 1 3 |1 1 1 1 1 1 1 1 1 1 1 1 1 1 1 1 |1 1 1 1 1 4 1 1 1 1 1 7 1 9 1 1 |4 1 1 1 1 1 1 1 1 1 1 5 1 1 1 2 |1 11 1 7 8 1 1 1 1 1 9 1 1 1 1 1 |
1357: 3 1 1 1 1 1 1 1 1 1 1 8 1 1 1 1 |1 1 1 7 5 1 1 1 1 1 1 1 1 1 6 1 |1 1 1 1 1 1 1 1 1 1 1 1 1 1 1 1 |1 1 1 1 1 1 1 1 1 1 1 1 1 1 1 1 |1 1 1 1 1 1 1 1 1 1 1 1 1 1 1 1 |1 2 1 1 1 1 3 1 1 1 1 1 1 4 1 1 |1 1 1 1 1 1 1 1 1 1 11 1 1 1 1 1 |1 1 1 6 6 1 1 1 1 1 1 1 1 1 1 3 |1 1 1 1 1 1 1 1 1 1 1 1 1 1 1 1 |1 1 1 1 1 4 1 1 1 1 1 7 1 9 1 1 |4 1 1 1 1 1 1 1 1 1 1 5 1 1 1 2 |1 11 1 7 8 1 1 1 1 1 9 1 1 1 1 1 |
1367: 3 1 1 1 1 1 1 1 1 1 3 5 1 1 1 1 |1 1 5 3 1 1 1 1 1 1 1 1 1 1 1 1 |1 1 1 1 1 1 1 1 1 1 1 1 1 1 1 1 |1 1 1 1 1 1 1 1 1 1 1 1 1 1 1 1 |1 1 1 1 1 1 1 1 1 1 1 1 1 1 1 1 |1 2 1 1 1 1 3 1 1 1 1 1 1 4 1 1 |1 1 1 1 1 1 1 1 1 1 11 1 1 1 1 1 |1 1 1 6 6 1 1 1 1 1 1 1 1 1 1 3 |1 1 1 1 1 1 1 1 1 1 1 1 1 1 1 1 |1 1 1 1 1 4 1 1 1 1 1 7 1 9 1 1 |4 1 1 1 1 1 1 1 1 1 1 5 1 1 1 2 |1 11 1 7 8 1 1 1 1 1 9 1 1 1 1 1 |
1378: 3 1 1 1 1 1 1 1 1 1 3 5 1 1 1 1 |1 1 5 3 1 1 1 1 1 1 1 1 1 1 1 1 |1 1 1 1 1 1 1 1 1 1 1 1 1 1 1 1 |1 1 1 1 1 1 1 1 1 1 1 1 1 1 1 1 |1 1 1 1 1 1 1 1 1 1 1 1 1 1 1 1 |1 1 1 1 1 1 2 2 1 3 2 1 1 3 1 1 |1 1 1 1 1 1 1 1 1 1 1 1 1 1 1 1 |1 1 1 3 6 7 1 1 1 1 1 1 1 1 1 1 |1 1 1 1 1 1 1 6 1 1 1 1 1 1 1 1 |1 1 1 9 1 1 1 5 1 1 1 11 1 1 1 1 |5 1 1 1 1 1 1 1 1 1 1 4 1 1 1 7 |1 1 2 1 1 1 4 1 1 1 5 1 7 1 10 1 |
1389: 3 1 1 1 1 1 1 1 1 1 3 5 1 1 1 1 |1 1 5 3 1 1 1 1 1 1 1 1 1 1 1 1 |1 1 1 1 1 1 1 1 1 1 1 1 1 1 1 1 |1 1 1 1 1 1 1 1 1 1 1 1 1 1 1 1 |1 1 1 1 1 1 1 1 1 1 1 1 1 1 1 1 |1 1 1 1 1 1 2 2 1 3 2 1 1 3 1 1 |1 1 1 1 1 1 1 1 1 1 1 1 1 1 1 1 |1 1 1 3 6 7 1 1 1 1 1 1 1 1 1 1 |1 1 1 1 1 1 1 6 1 1 1 1 1 1 1 1 |1 1 1 9 1 1 1 5 1 1 1 11 1 1 1 1 |5 1 1 1 1 1 1 1 1 1 1 4 1 1 1 7 |1 1 2 1 1 1 4 1 1 1 5 1 7 1 10 1 |
1421: 3 1 1 1 1 1 1 1 1 1 3 5 1 1 1 1 |1 1 5 3 1 1 1 1 1 1 1 1 1 1 1 1 |1 1 1 1 1 1 1 1 1 1 1 1 1 1 1 1 |1 1 1 1 1 1 1 1 1 1 1 1 1 1 1 1 |1 1 1 1 1 1 1 1 1 1 1 1 1 1 1 1 |1 1 1 1 1 1 2 2 1 3 2 1 1 3 1 1 |1 1 1 1 1 1 1 1 1 1 1 1 1 1 1 1 |1 1 1 3 6 7 1 1 1 1 1 1 1 1 1 1 |1 1 1 1 1 1 1 6 1 1 1 1 1 1 1 1 |1 1 1 9 1 1 1 5 1 1 1 11 1 1 1 1 |5 1 1 1 1 1 1 1 1 1 1 4 1 1 1 7 |1 1 2 1 1 1 4 1 1 1 5 1 7 1 10 1 |
1432: 2 1 1 1 1 1 1 1 1 1 4 1 1 1 1 1 |1 1 1 1 1 1 1 1 1 1 1 1 1 1 1 1 |1 1 1 1 1 1 1 1 1 1 1 1 1 1 1 1 |1 1 1 1 1 1 1 1 2 1 1 1 1 1 1 1 |1 1 1 1 1 1 1 1 1 1 1 1 1 3 1 1 |1 1 1 1 1 1 3 1 2 5 1 1 1 2 1 1 |1 1 1 1 1 1 1 2 1 1 13 1 1 1 1 3 |1 1 1 3 6 7 1 1 1 1 1 1 1 1 1 1 |1 1 1 1 1 1 1 6 1 1 1 1 1 1 1 1 |1 1 1 9 1 1 1 5 1 1 1 11 1 1 1 1 |5 1 1 1 1 1 1 1 1 1 1 4 1 1 1 7 |1 1 2 1 1 1 4 1 1 1 5 1 7 1 10 1 |
1443: 2 1 1 1 1 1 1 1 1 1 4 1 1 1 1 1 |1 1 1 1 1 1 1 1 1 1 1 1 1 1 1 1 |1 1 1 1 1 1 1 1 1 1 1 1 1 1 1 1 |1 1 1 1 1 1 1 1 2 1 1 1 1 1 1 1 |1 1 1 1 1 1 1 1 1 1 1 1 1 3 1 1 |1 1 1 1 1 1 3 1 2 5 1 1 1 2 1 1 |1 1 1 1 1 1 1 2 1 1 13 1 1 1 1 3 |1 1 1 1 1 1 1 1 1 1 1 1 5 1 1 3 |1 1 1 1 1 1 1 2 1 1 3 1 1 1 1 1 |1 1 1 8 1 1 1 1 1 1 1 9 1 1 1 1 |1 1 8 1 1 1 1 1 1 1 1 5 3 1 2 9 |1 12 1 1 3 1 1 1 1 1 11 4 1 1 9 7 |
1453: 2 1 1 1 1 1 1 1 1 1 4 1 1 1 1 1 |1 1 1 1 1 1 1 1 1 1 1 1 1 1 1 1 |1 1 1 1 1 1 1 1 1 1 1 1 1 1 1 1 |1 1 1 1 1 1 1 1 2 1 1 1 1 1 1 1 |1 1 1 1 1 1 1 1 1 1 1 1 1 3 1 1 |1 1 1 1 1 1 3 1 2 5 1 1 1 2 1 1 |1 1 1 1 1 1 1 2 1 1 13 1 1 1 1 3 |1 1 1 1 1 1 1 1 1 1 1 1 5 1 1 3 |1 1 1 1 1 1 1 2 1 1 3 1 1 1 1 1 |1 1 1 8 1 1 1 1 1 1 1 9 1 1 1 1 |1 1 8 1 1 1 1 1 1 1 1 5 3 1 2 9 |1 12 1 1 3 1 1 1 1 1 11 4 1 1 9 7 |
1464: 3 1 1 1 1 1 1 1 1 1 6 4 1 1 1 1 |1 1 1 1 1 1 1 1 1 1 1 1 1 1 5 1 |1 1 1 1 1 1 1 1 1 1 1 1 1 1 1 1 |1 1 1 1 1 1 1 1 1 1 1 1 1 1 1 1 |1 1 1 1 1 1 1 1 1 1 1 1 1 1 1 1 |1 1 1 1 1 1 3 1 2 5 1 1 1 2 1 1 |1 1 1 1 1 1 1 2 1 1 13 1 1 1 1 3 |1 1 1 1 1 1 1 1 1 1 1 1 5 1 1 3 |1 1 1 1 1 1 1 2 1 1 3 1 1 1 1 1 |1 1 1 8 1 1 1 1 1 1 1 9 1 1 1 1 |1 1 8 1 1 1 1 1 1 1 1 5 3 1 2 9 |1 12 1 1 3 1 1 1 1 1 11 4 1 1 9 7 |
1474: 3 1 1 1 1 1 1 1 1 1 6 4 1 1 1 1 |1 1 1 1 1 1 1 1 1 1 1 1 1 1 5 1 |1 1 1 1 1 1 1 1 1 1 1 1 1 1 1 1 |1 1 1 1 1 1 1 1 1 1 1 1 1 1 1 1 |1 1 1 1 1 1 1 1 1 1 1 1 1 1 1 1 |1 1 1 1 1 1 1 8 1 4 1 1 1 3 1 1 |1 1 1 1 1 1 1 1 1 1 1 1 1 1 1 1 |1 1 1 1 7 1 1 1 5 1 1 1 1 1 1 4 |1 1 1 1 1 1 1 6 1 1 1 1 1 1 1 1 |1 1 1 1 1 1 1 1 1 1 1 7 3 1 1 2 |3 1 1 1 1 1 1 1 1 1 1 1 1 1 1 6 |1 7 1 9 1 1 2 1 1 1 3 1 1 3 4 1 |
1484: 3 1 1 1 1 1 1 1 1 1 6 4 1 1 1 1 |1 1 1 1 1 1 1 1 1 1 1 1 1 1 5 1 |1 1 1 1 1 1 1 1 1 1 1 1 1 1 1 1 |1 1 1 1 1 1 1 1 1 1 1 1 1 1 1 1 |1 1 1 1 1 1 1 1 1 1 1 1 1 1 1 1 |1 1 1 1 1 1 1 8 1 4 1 1 1 3 1 1 |1 1 1 1 1 1 1 1 1 1 1 1 1 1 1 1 |1 1 1 1 7 1 1 1 5 1 1 1 1 1 1 4 |1 1 1 1 1 1 1 6 1 1 1 1 1 1 1 1 |1 1 1 1 1 1 1 1 1 1 1 7 3 1 1 2 |3 1 1 1 1 1 1 1 1 1 1 1 1 1 1 6 |1 7 1 9 1 1 2 1 1 1 3 1 1 3 4 1 |
1495: 1 1 1 1 1 1 1 1 1 1 1 1 1 1 1 1 |1 1 6 4 6 1 1 1 1 1 1 1 1 1 1 1 |1 1 1 1 1 1 1 1 1 1 1 1 1 1 1 1 |1 1 1 1 1 1 1 1 1 1 1 1 1 1 1 1 |1 1 1 1 1 1 1 1 1 1 1 1 1 1 1 1 |1 1 1 1 1 1 1 8 1 4 1 1 1 3 1 1 |1 1 1 1 1 1 1 1 1 1 1 1 1 1 1 1 |1 1 1 1 7 1 1 1 5 1 1 1 1 1 1 4 |1 1 1 1 1 1 1 6 1 1 1 1 1 1 1 1 |1 1 1 1 1 1 1 1 1 1 1 7 3 1 1 2 |3 1 1 1 1 1 1 1 1 1 1 1 1 1 1 6 |1 7 1 9 1 1 2 1 1 1 3 1 1 3 4 1 |
1506: 1 1 1 1 1 1 1 1 1 1 1 1 1 1 1 1 |1 1 6 4 6 1 1 1 1 1 1 1 1 1 1 1 |1 1 1 1 1 1 1 1 1 1 1 1 1 1 1 1 |1 1 1 1 1 1 1 1 1 1 1 1 1 1 1 1 |1 1 1 1 1 1 1 1 1 1 1 1 1 1 1 1 |1 2 1 1 1 1 2 4 1 1 1 1 1 2 1 1 |1 1 1 1 1 1 1 1 1 1 1 1 1 1 1 1 |1 1 1 2 14 1 1 1 1 1 1 1 1 1 1 1 |1 1 2 1 1 1 1 9 1 1 1 1 1 1 1 1 |1 1 1 1 3 1 1 1 1 1 1 7 1 1 1 1 |3 1 1 1 1 1 7 1 1 1 1 5 1 1 1 2 |1 7 1 9 1 1 2 1 1 1 3 1 1 3 4 1 |
1516: 1 1 1 1 1 1 1 1 1 1 1 1 1 1 1 1 |1 1 6 4 6 1 1 1 1 1 1 1 1 1 1 1 |1 1 1 1 1 1 1 1 1 1 1 1 1 1 1 1 |1 1 1 1 1 1 1 1 1 1 1 1 1 1 1 1 |1 1 1 1 1 1 1 1 1 1 1 1 1 1 1 1 |1 2 1 1 1 1 2 4 1 1 1 1 1 2 1 1 |1 1 1 1 1 1 1 1 1 1 1 1 1 1 1 1 |1 1 1 2 14 1 1 1 1 1 1 1 1 1 1 1 |1 1 2 1 1 1 1 9 1 1 1 1 1 1 1 1 |1 1 1 1 3 1 1 1 1 1 1 7 1 1 1 1 |3 1 1 1 1 1 7 1 1 1 1 5 1 1 1 2 |1 9 1 10 1 1 1 2 1 1 1 1 1 1 10 1 |
1527: 5 1 1 6 1 1 1 1 1 1 5 8 1 1 1 1 |1 1 1 1 1 1 1 1 1 1 1 1 1 1 1 1 |1 1 1 1 1 1 1 1 1 1 1 1 1 1 1 1 |1 1 1 1 1 1 1 1 1 1 1 1 1 1 1 1 |1 1 1 1 1 1 1 1 1 1 1 1 1 1 1 1 |1 2 1 1 1 1 2 4 1 1 1 1 1 2 1 1 |1 1 1 1 1 1 1 1 1 1 1 1 1 1 1 1 |1 1 1 2 14 1 1 1 1 1 1 1 1 1 1 1 |1 1 2 1 1 1 1 9 1 1 1 1 1 1 1 1 |1 1 1 1 3 1 1 1 1 1 1 7 1 1 1 1 |3 1 1 1 1 1 7 1 1 1 1 5 1 1 1 2 |1 9 1 10 1 1 1 2 1 1 1 1 1 1 10 1 |
1537: 5 1 1 6 1 1 1 1 1 1 5 8 1 1 1 1 |1 1 1 1 1 1 1 1 1 1 1 1 1 1 1 1 |1 1 1 1 1 1 1 1 1 1 1 1 1 1 1 1 |1 1 3 1 1 1 1 1 1 1 1 1 1 1 1 1 |1 1 1 1 1 1 1 1 1 1 1 1 1 1 1 1 |1 1 1 1 1 1 4 1 1 2 1 1 1 2 1 1 |1 1 1 1 1 1 1 1 1 1 1 1 1 1 1 1 |1 1 1 2 5 1 1 1 1 1 1 1 1 1 1 1 |1 1 2 1 7 1 1 4 1 1 1 1 1 1 1 1 |1 1 1 1 3 1 1 1 1 1 1 7 1 1 1 1 |3 1 1 1 1 1 7 1 1 1 1 5 1 1 1 2 |1 9 1 10 1 1 1 2 1 1 1 1 1 1 10 1 |
1548: 5 1 1 6 1 1 1 1 1 1 5 8 1 1 1 1 |1 1 1 1 1 1 1 1 1 1 1 1 1 1 1 1 |1 1 1 1 1 1 1 1 1 1 1 1 1 1 1 1 |1 1 3 1 1 1 1 1 1 1 1 1 1 1 1 1 |1 1 1 1 1 1 1 1 1 1 1 1 1 1 1 1 |1 1 1 1 1 1 4 1 1 2 1 1 1 2 1 1 |1 1 1 1 1 1 1 1 1 1 1 1 1 1 1 1 |1 1 1 2 5 1 1 1 1 1 1 1 1 1 1 1 |1 1 2 1 7 1 1 4 1 1 1 1 1 1 1 1 |1 1 1 1 1 1 5 1 1 1 1 9 1 1 1 1 |3 1 1 1 1 1 3 1 1 1 1 1 1 1 1 2 |1 1 1 1 7 1 1 1 1 1 6 6 6 1 3 7 |
1559: 1 1 1 1 3 1 1 1 1 1 7 6 1 1 1 1 |1 1 1 1 1 1 1 1 1 1 1 1 1 1 1 1 |1 1 1 1 1 1 1 1 1 1 1 1 1 1 1 1 |1 1 3 1 1 1 1 1 1 1 1 1 1 1 1 1 |1 1 1 1 1 1 1 1 1 1 1 1 1 1 1 1 |1 1 1 1 1 1 4 1 1 2 1 1 1 2 1 1 |1 1 1 1 1 1 1 1 1 1 1 1 1 1 1 1 |1 1 1 2 5 1 1 1 1 1 1 1 1 1 1 1 |1 1 2 1 7 1 1 4 1 1 1 1 1 1 1 1 |1 1 1 1 1 1 5 1 1 1 1 9 1 1 1 1 |3 1 1 1 1 1 3 1 1 1 1 1 1 1 1 2 |1 1 1 1 7 1 1 1 1 1 6 6 6 1 3 7 |
1570: 1 1 1 1 3 1 1 1 1 1 7 6 1 1 1 1 |1 1 1 1 1 1 1 1 1 1 1 1 1 1 7 1 |1 1 1 1 1 1 1 1 1 1 1 1 1 1 1 1 |1 1 1 1 1 1 1 1 1 1 1 1 1 1 1 1 |1 1 1 1 1 1 1 1 1 1 1 1 1 3 1 1 |1 1 1 1 1 1 1 1 2 1 1 1 1 4 1 1 |1 1 1 1 1 1 1 1 1 1 1 1 1 1 1 1 |1 1 1 1 5 1 1 1 4 2 1 1 1 1 1 4 |1 1 1 1 1 1 4 7 1 1 1 1 1 1 1 1 |1 1 1 1 1 1 5 1 1 1 1 9 1 1 1 1 |3 1 1 1 1 1 3 1 1 1 1 1 1 1 1 2 |1 1 1 1 7 1 1 1 1 1 6 6 6 1 3 7 |
1581: 1 1 1 1 3 1 1 1 1 1 7 6 1 1 1 1 |1 1 1 1 1 1 1 1 1 1 1 1 1 1 7 1 |1 1 1 1 1 1 1 1 1 1 1 1 1 1 1 1 |1 1 1 1 1 1 1 1 1 1 1 1 1 1 1 1 |1 1 1 1 1 1 1 1 1 1 1 1 1 3 1 1 |1 1 1 1 1 1 1 1 2 1 1 1 1 4 1 1 |1 1 1 1 1 1 1 1 1 1 1 1 1 1 1 1 |1 1 1 1 5 1 1 1 4 2 1 1 1 1 1 4 |1 1 1 1 1 1 4 7 1 1 1 1 1 1 1 1 |1 1 2 1 1 1 1 1 1 1 1 7 1 1 1 1 |4 1 4 1 1 1 5 1 1 1 1 6 1 2 2 7 |1 4 1 9 1 1 1 1 1 1 13 1 1 1 4 3 |
1592: 1 1 1 1 3 1 1 1 1 1 7 6 1 1 1 1 |1 1 1 1 1 1 1 1 1 1 1 1 1 1 7 1 |1 1 1 1 1 1 1 1 1 1 1 1 1 1 1 1 |1 1 1 1 1 1 1 1 1 1 1 1 1 1 1 1 |1 1 1 1 1 1 1 1 1 1 1 1 1 3 1 1 |1 1 1 1 1 1 1 1 2 1 1 1 1 4 1 1 |1 1 1 1 1 1 1 1 1 1 1 1 1 1 1 1 |1 1 1 1 5 1 1 1 4 2 1 1 1 1 1 4 |1 1 1 1 1 1 4 7 1 1 1 1 1 1 1 1 |1 1 2 1 1 1 1 1 1 1 1 7 1 1 1 1 |4 1 4 1 1 1 5 1 1 1 1 6 1 2 2 7 |1 4 1 9 1 1 1 1 1 1 13 1 1 1 4 3 |
1602: 2 1 1 1 1 1 1 1 1 1 1 5 1 1 1 1 |1 1 5 5 1 1 1 1 1 1 1 1 1 1 6 1 |1 1 1 1 1 1 1 1 1 1 1 1 1 1 1 1 |1 1 1 1 1 1 1 1 1 1 1 1 1 1 1 1 |1 1 1 1 1 1 1 1 1 1 1 1 1 1 1 1 |1 1 1 1 1 1 3 4 1 4 2 1 1 3 1 1 |1 1 1 1 1 1 1 1 1 1 1 1 1 1 1 1 |1 1 1 1 5 1 1 1 4 2 1 1 1 1 1 4 |1 1 1 1 1 1 4 7 1 1 1 1 1 1 1 1 |1 1 2 1 1 1 1 1 1 1 1 7 1 1 1 1 |4 1 4 1 1 1 5 1 1 1 1 6 1 2 2 7 |1 4 1 9 1 1 1 1 1 1 13 1 1 1 4 3 |
1614: 2 1 1 1 1 1 1 1 1 1 1 5 1 1 1 1 |1 1 5 5 1 1 1 1 1 1 1 1 1 1 6 1 |1 1 1 1 1 1 1 1 1 1 1 1 1 1 1 1 |1 1 1 1 1 1 1 1 1 1 1 1 1 1 1 1 |1 1 1 1 1 1 1 1 1 1 1 1 1 1 1 1 |1 1 1 1 1 1 3 4 1 4 2 1 1 3 1 1 |1 1 1 1 1 1 1 1 1 1 1 1 1 1 1 1 |1 1 1 5 11 8 1 1 5 1 1 1 1 1 1 1 |1 1 1 1 1 1 1 7 1 1 1 1 1 1 1 1 |1 1 1 1 1 1 10 1 1 1 1 10 1 1 1 1 |3 1 1 1 1 1 7 1 1 1 1 7 2 1 1 2 |1 10 1 2 2 1 2 1 1 1 13 3 7 1 1 1 |
1625: 2 1 1 1 1 1 1 1 1 1 1 5 1 1 1 1 |1 1 5 5 1 1 1 1 1 1 1 1 1 1 6 1 |1 1 1 1 1 1 1 1 1 1 1 1 1 1 1 1 |1 1 1 1 1 1 1 1 1 1 1 1 1 1 1 1 |1 1 1 1 1 1 1 1 1 1 1 1 1 1 1 1 |1 1 1 1 1 1 3 4 1 4 2 1 1 3 1 1 |1 1 1 1 1 1 1 1 1 1 1 1 1 1 1 1 |1 1 1 5 11 8 1 1 5 1 1 1 1 1 1 1 |1 1 1 1 1 1 1 7 1 1 1 1 1 1 1 1 |1 1 1 1 1 1 10 1 1 1 1 10 1 1 1 1 |3 1 1 1 1 1 7 1 1 1 1 7 2 1 1 2 |1 10 1 2 2 1 2 1 1 1 13 3 7 1 1 1 |
1635: 2 1 1 1 1 1 1 1 1 1 7 1 1 1 1 1 |1 1 1 1 5 1 1 1 1 1 1 1 1 1 1 1 |1 1 1 1 1 1 1 1 1 1 1 1 1 1 1 1 |1 1 8 1 1 1 1 1 1 1 1 1 1 1 1 1 |1 1 1 1 1 1 1 1 1 1 1 1 1 1 5 1 |1 1 1 1 7 1 2 4 1 1 1 1 1 3 1 1 |1 1 1 1 1 1 1 1 1 1 1 1 1 1 1 1 |1 1 1 3 7 1 1 1 1 1 1 1 1 1 1 1 |1 1 1 1 1 1 1 7 1 1 1 1 1 1 1 1 |1 1 1 1 1 1 10 1 1 1 1 10 1 1 1 1 |3 1 1 1 1 1 7 1 1 1 1 7 2 1 1 2 |1 10 1 2 2 1 2 1 1 1 13 3 7 1 1 1 |
1646: 2 1 1 1 1 1 1 1 1 1 7 1 1 1 1 1 |1 1 1 1 5 1 1 1 1 1 1 1 1 1 1 1 |1 1 1 1 1 1 1 1 1 1 1 1 1 1 1 1 |1 1 8 1 1 1 1 1 1 1 1 1 1 1 1 1 |1 1 1 1 1 1 1 1 1 1 1 1 1 1 5 1 |1 1 1 1 7 1 2 4 1 1 1 1 1 3 1 1 |1 1 1 1 1 1 1 1 1 1 1 1 1 1 1 1 |1 1 1 3 7 1 1 1 1 1 1 1 1 1 1 1 |1 1 1 1 7 1 1 8 1 1 1 1 1 1 1 1 |1 1 1 1 1 1 1 1 1 1 1 1 1 1 1 1 |3 1 1 1 1 1 1 1 1 1 1 9 4 1 1 7 |1 10 1 1 1 1 1 1 1 1 15 3 1 1 8 2 |
1657: 2 1 1 1 1 1 1 1 1 1 7 1 1 1 1 1 |1 1 1 1 5 1 1 1 1 1 1 1 1 1 1 1 |1 1 1 1 1 1 1 1 1 1 1 1 1 1 1 1 |1 1 8 1 1 1 1 1 1 1 1 1 1 1 1 1 |1 1 1 1 1 1 1 1 1 1 1 1 1 1 5 1 |1 1 1 1 7 1 2 4 1 1 1 1 1 3 1 1 |1 1 1 1 1 1 1 1 1 1 1 1 1 1 1 1 |1 1 1 3 7 1 1 1 1 1 1 1 1 1 1 1 |1 1 1 1 7 1 1 8 1 1 1 1 1 1 1 1 |1 1 1 1 1 1 1 1 1 1 1 1 1 1 1 1 |3 1 1 1 1 1 1 1 1 1 1 9 4 1 1 7 |1 10 1 1 1 1 1 1 1 1 15 3 1 1 8 2 |
1667: 3 1 1 1 1 1 1 1 1 1 1 7 1 1 1 1 |1 1 7 6 4 1 1 1 1 1 1 1 1 1 5 1 |1 1 1 1 1 1 1 1 1 1 1 1 1 1 1 1 |1 1 1 1 1 1 1 1 1 1 1 1 1 1 1 1 |1 1 1 1 1 1 1 1 1 1 1 1 1 1 1 1 |1 1 1 1 1 1 1 1 2 2 1 1 1 3 1 1 |1 1 1 1 1 1 1 1 1 1 1 1 1 1 1 1 |1 1 1 3 7 1 1 1 1 1 1 1 1 1 1 1 |1 1 1 1 7 1 1 8 1 1 1 1 1 1 1 1 |1 1 1 1 1 1 1 1 1 1 1 1 1 1 1 1 |3 1 1 1 1 1 1 1 1 1 1 9 4 1 1 7 |1 10 1 1 1 1 1 1 1 1 15 3 1 1 8 2 |
1678: 3 1 1 1 1 1 1 1 1 1 1 7 1 1 1 1 |1 1 7 6 4 1 1 1 1 1 1 1 1 1 5 1 |1 1 1 1 1 1 1 1 1 1 1 1 1 1 1 1 |1 1 1 1 1 1 1 1 1 1 1 1 1 1 1 1 |1 1 1 1 1 1 1 1 1 1 1 1 1 1 1 1 |1 1 1 1 1 1 1 1 2 2 1 1 1 3 1 1 |1 1 1 1 1 1 1 1 1 1 1 1 1 1 1 1 |1 1 1 6 5 2 1 1 1 1 1 1 1 1 1 1 |1 1 1 1 1 1 3 6 1 1 1 1 1 1 1 11 |1 1 3 1 1 1 1 1 1 1 1 1 1 1 1 1 |1 1 1 1 1 1 1 1 1 1 1 6 1 1 1 1 |1 10 1 1 1 1 1 1 1 1 5 1 7 2 3 1 |
1688: 3 1 1 1 1 1 1 1 1 1 1 7 1 1 1 1 |1 1 7 6 4 1 1 1 1 1 1 1 1 1 5 1 |1 1 1 1 1 1 1 1 1 1 1 1 1 1 1 1 |1 1 1 1 1 1 1 1 1 1 1 1 1 1 1 1 |1 1 1 1 1 1 1 1 1 1 1 1 1 1 1 1 |1 1 1 1 1 1 1 1 2 2 1 1 1 3 1 1 |1 1 1 1 1 1 1 1 1 1 1 1 1 1 1 1 |1 1 1 6 5 2 1 1 1 1 1 1 1 1 1 1 |1 1 1 1 1 1 3 6 1 1 1 1 1 1 1 11 |1 1 3 1 1 1 1 1 1 1 1 1 1 1 1 1 |1 1 1 1 1 1 1 1 1 1 1 6 1 1 1 1 |1 10 1 1 1 1 1 1 1 1 5 1 7 2 3 1 |
1699: 2 1 1 1 1 1 1 1 1 1 6 6 1 1 1 1 |1 1 1 1 1 1 1 1 1 1 1 1 1 1 1 1 |1 1 1 1 1 1 1 1 1 1 1 1 1 1 1 1 |1 1 1 1 1 1 1 1 1 1 1 1 1 1 1 1 |1 1 1 1 1 1 1 1 1 1 1 1 1 1 1 1 |1 1 1 1 1 1 1 1 2 2 1 1 1 3 1 1 |1 1 1 1 1 1 1 1 1 1 1 1 1 1 1 1 |1 1 1 6 5 2 1 1 1 1 1 1 1 1 1 1 |1 1 1 1 1 1 3 6 1 1 1 1 1 1 1 11 |1 1 3 1 1 1 1 1 1 1 1 1 1 1 1 1 |1 1 1 1 1 1 1 1 1 1 1 6 1 1 1 1 |1 10 1 1 1 1 1 1 1 1 5 1 7 2 3 1 |
1710: 2 1 1 1 1 1 1 1 1 1 6 6 1 1 1 1 |1 1 1 1 1 1 1 1 1 1 1 1 1 1 1 1 |1 1 1 1 1 1 1 1 1 1 1 1 1 1 1 1 |1 1 1 1 1 1 1 1 1 1 1 1 1 1 1 1 |1 1 1 1 2 1 1 1 1 1 1 1 1 1 1 1 |1 1 1 1 1 1 3 1 1 3 1 1 1 2 1 1 |1 1 1 1 1 1 1 1 1 1 1 1 1 1 1 1 |1 1 1 1 1 1 1 1 1 1 1 1 1 1 1 1 |1 1 3 1 1 1 1 1 1 1 1 1 1 1 1 1 |1 1 1 1 1 1 8 1 1 1 1 7 1 1 1 1 |4 1 1 1 1 1 7 1 1 1 1 6 2 1 1 3 |1 11 1 8 1 1 1 1 1 1 11 5 7 1 1 1 |
1721: 2 1 1 1 1 1 1 1 1 1 6 6 1 1 1 1 |1 1 1 1 1 1 1 1 1 1 1 1 1 1 1 1 |1 1 1 1 1 1 1 1 1 1 1 1 1 1 1 1 |1 1 1 1 1 1 1 1 1 1 1 1 1 1 1 1 |1 1 1 1 2 1 1 1 1 1 1 1 1 1 1 1 |1 1 1 1 1 1 3 1 1 3 1 1 1 2 1 1 |1 1 1 1 1 1 1 1 1 1 1 1 1 1 1 1 |1 1 1 1 1 1 1 1 1 1 1 1 1 1 1 1 |1 1 3 1 1 1 1 1 1 1 1 1 1 1 1 1 |1 1 1 1 1 1 8 1 1 1 1 7 1 1 1 1 |4 1 1 1 1 1 7 1 1 1 1 6 2 1 1 3 |1 11 1 8 1 1 1 1 1 1 11 5 7 1 1 1 |
1732: 1 1 1 6 1 1 1 1 1 1 5 1 1 1 1 1 |1 1 1 1 1 1 1 1 1 1 1 1 1 1 3 1 |1 1 1 1 1 1 1 1 1 1 1 1 1 1 1 1 |1 1 1 1 1 1 1 1 1 1 1 1 1 1 1 1 |1 1 1 1 1 1 1 1 1 1 1 1 1 4 1 1 |1 1 1 1 1 1 3 1 1 3 1 1 1 2 1 1 |1 1 1 1 1 1 1 1 1 1 1 1 1 1 1 1 |1 1 1 1 1 1 1 1 1 1 1 1 1 1 1 1 |1 1 3 1 1 1 1 1 1 1 1 1 1 1 1 1 |1 1 1 1 1 1 8 1 1 1 1 7 1 1 1 1 |4 1 1 1 1 1 7 1 1 1 1 6 2 1 1 3 |1 11 1 8 1 1 1 1 1 1 11 5 7 1 1 1 |
1742: 1 1 1 6 1 1 1 1 1 1 5 1 1 1 1 1 |1 1 1 1 1 1 1 1 1 1 1 1 1 1 3 1 |1 1 1 1 1 1 1 1 1 1 1 1 1 1 1 1 |1 1 1 1 1 1 1 1 1 1 1 1 1 1 1 1 |1 1 1 1 1 1 1 1 1 1 1 1 1 4 1 1 |1 1 1 1 1 1 3 4 1 3 1 1 1 3 1 1 |1 1 1 1 1 1 1 4 1 1 1 1 1 1 1 1 |1 1 1 3 6 5 1 1 1 1 1 1 6 1 1 1 |1 1 1 1 1 1 1 7 1 1 1 1 1 1 1 1 |1 1 1 9 1 1 1 1 1 1 1 8 1 1 1 1 |4 1 1 1 1 1 2 1 1 1 1 8 1 3 1 1 |1 9 1 1 1 1 1 1 1 1 5 1 1 1 9 1 |
1754: 1 1 1 6 1 1 1 1 1 1 5 1 1 1 1 1 |1 1 1 1 1 1 1 1 1 1 1 1 1 1 3 1 |1 1 1 1 1 1 1 1 1 1 1 1 1 1 1 1 |1 1 1 1 1 1 1 1 1 1 1 1 1 1 1 1 |1 1 1 1 1 1 1 1 1 1 1 1 1 4 1 1 |1 1 1 1 1 1 3 4 1 3 1 1 1 3 1 1 |1 1 1 1 1 1 1 4 1 1 1 1 1 1 1 1 |1 1 1 3 6 5 1 1 1 1 1 1 6 1 1 1 |1 1 1 1 1 1 1 7 1 1 1 1 1 1 1 1 |1 1 1 9 1 1 1 1 1 1 1 8 1 1 1 1 |4 1 1 1 1 1 2 1 1 1 1 8 1 3 1 1 |1 9 1 1 1 1 1 1 1 1 5 1 1 1 9 1 |
1764: 1 1 1 1 3 1 1 1 1 1 1 1 1 1 1 1 |1 1 1 2 5 1 1 1 1 1 1 1 1 1 4 1 |1 1 1 1 1 1 1 1 1 1 1 1 1 1 1 2 |1 1 1 1 1 1 1 1 1 1 1 1 1 1 1 1 |1 1 1 1 1 1 1 1 1 1 1 1 1 4 1 1 |1 1 1 1 1 1 3 4 1 3 1 1 1 3 1 1 |1 1 1 1 1 1 1 4 1 1 1 1 1 1 1 1 |1 1 1 3 6 5 1 1 1 1 1 1 6 1 1 1 |1 1 1 1 1 1 1 7 1 1 1 1 1 1 1 1 |1 1 1 9 1 1 1 1 1 1 1 8 1 1 1 1 |4 1 1 1 1 1 2 1 1 1 1 8 1 3 1 1 |1 9 1 1 1 1 1 1 1 1 5 1 1 1 9 1 |
1775: 1 1 1 1 3 1 1 1 1 1 1 1 1 1 1 1 |1 1 1 2 5 1 1 1 1 1 1 1 1 1 4 1 |1 1 1 1 1 1 1 1 1 1 1 1 1 1 1 2 |1 1 1 1 1 1 1 1 1 1 1 1 1 1 1 1 |1 1 1 1 1 1 1 1 1 1 1 1 1 1 1 1 |1 1 1 1 1 1 1 1 2 1 1 1 1 1 1 1 |1 1 1 1 1 1 1 1 1 1 1 1 1 1 1 1 |1 1 1 3 1 1 1 1 1 1 1 1 1 1 1 1 |1 1 2 1 1 1 1 7 1 1 1 1 1 1 1 1 |1 1 1 1 1 1 1 1 1 1 1 1 1 1 1 1 |1 1 1 1 1 1 7 1 1 1 1 1 1 1 1 1 |1 9 1 1 1 1 1 1 1 1 5 1 1 1 9 1 |
1785: 1 1 1 1 3 1 1 1 1 1 1 1 1 1 1 1 |1 1 1 2 5 1 1 1 1 1 1 1 1 1 4 1 |1 1 1 1 1 1 1 1 1 1 1 1 1 1 1 2 |1 1 1 1 1 1 1 1 1 1 1 1 1 1 1 1 |1 1 1 1 1 1 1 1 1 1 1 1 1 1 1 1 |1 1 1 1 1 1 1 1 2 1 1 1 1 1 1 1 |1 1 1 1 1 1 1 1 1 1 1 1 1 1 1 1 |1 1 1 3 1 1 1 1 1 1 1 1 1 1 1 1 |1 1 2 1 1 1 1 7 1 1 1 1 1 1 1 1 |1 1 1 1 1 1 1 1 1 1 1 1 1 1 1 1 |1 1 1 1 1 1 7 1 1 1 1 1 1 1 1 1 |1 6 1 3 1 1 1 1 1 1 13 1 8 1 1 1 |
1797: 2 1 1 1 1 1 1 1 1 1 1 1 1 1 1 1 |1 1 1 2 5 1 1 1 1 1 1 1 1 1 4 1 |1 1 1 1 1 1 1 1 1 1 1 1 1 1 1 2 |1 1 1 1 1 1 1 1 1 1 1 1 1 1 1 1 |1 1 1 1 1 1 1 1 1 1 1 1 1 1 1 1 |1 1 1 1 1 1 1 1 2 1 1 1 1 1 1 1 |1 1 1 1 1 1 1 1 1 1 1 1 1 1 1 1 |1 1 1 3 1 1 1 1 1 1 1 1 1 1 1 1 |1 1 2 1 1 1 1 7 1 1 1 1 1 1 1 1 |1 1 1 1 1 1 1 1 1 1 1 1 1 1 1 1 |1 1 1 1 1 1 7 1 1 1 1 1 1 1 1 1 |1 6 1 3 1 1 1 1 1 1 13 1 8 1 1 1 |
1807: 2 1 1 1 1 1 1 1 1 1 1 1 1 1 1 1 |1 1 3 1 1 1 1 1 1 1 1 1 1 1 1 1 |1 1 1 1 1 1 1 1 1 1 1 1 1 1 1 1 |1 1 1 1 1 1 1 1 1 1 1 1 1 1 1 1 |1 1 1 1 2 1 1 1 1 1 1 1 1 1 1 1 |1 1 1 1 1 1 1 3 1 1 4 1 1 3 1 1 |1 1 1 1 1 1 1 1 1 1 1 1 1 1 1 1 |1 1 1 1 1 1 1 1 1 1 1 1 1 1 1 1 |1 1 1 1 1 1 1 10 1 1 1 1 1 1 1 1 |1 1 1 8 1 1 5 1 1 1 1 8 2 1 1 1 |3 1 1 1 1 1 6 1 1 1 1 5 1 4 1 8 |1 6 1 3 1 1 1 1 1 1 13 1 8 1 1 1 |
1819: 2 1 1 1 1 1 1 1 1 1 1 1 1 1 1 1 |1 1 3 1 1 1 1 1 1 1 1 1 1 1 1 1 |1 1 1 1 1 1 1 1 1 1 1 1 1 1 1 1 |1 1 1 1 1 1 1 1 1 1 1 1 1 1 1 1 |1 1 1 1 2 1 1 1 1 1 1 1 1 1 1 1 |1 1 1 1 1 1 1 3 1 1 4 1 1 3 1 1 |1 1 1 1 1 1 1 1 1 1 1 1 1 1 1 1 |1 1 1 1 1 1 1 1 1 1 1 1 1 1 1 1 |1 1 1 1 1 1 1 10 1 1 1 1 1 1 1 1 |1 1 1 8 1 1 5 1 1 1 1 8 2 1 1 1 |3 1 1 1 1 1 6 1 1 1 1 5 1 4 1 8 |1 6 1 1 1 1 1 1 1 1 13 2 3 1 1 1 |
1830: 1 1 1 1 1 1 1 1 1 1 5 1 1 1 1 1 |1 1 1 1 1 1 1 1 1 1 1 1 1 1 1 1 |1 1 1 1 1 1 1 1 1 1 1 1 1 1 1 1 |1 1 1 1 1 1 1 1 1 1 1 1 1 1 1 1 |1 1 1 1 2 1 1 1 1 1 1 1 1 1 1 1 |1 1 1 1 1 1 1 3 1 1 4 1 1 3 1 1 |1 1 1 1 1 1 1 1 1 1 1 1 1 1 1 1 |1 1 1 1 1 1 1 1 1 1 1 1 1 1 1 1 |1 1 1 1 1 1 1 10 1 1 1 1 1 1 1 1 |1 1 1 8 1 1 5 1 1 1 1 8 2 1 1 1 |3 1 1 1 1 1 6 1 1 1 1 5 1 4 1 8 |1 6 1 1 1 1 1 1 1 1 13 2 3 1 1 1 |
1842: 1 1 1 1 1 1 1 1 1 1 5 1 1 1 1 1 |1 1 1 1 1 1 1 1 1 1 1 1 1 1 1 1 |1 1 1 1 1 1 1 1 1 1 1 1 1 1 1 1 |1 1 6 1 1 1 1 1 1 1 1 1 1 1 1 1 |1 1 1 1 1 1 1 1 1 1 1 1 1 1 1 1 |1 1 1 1 1 1 4 3 1 1 1 1 1 3 1 1 |1 1 1 1 1 1 1 1 1 1 1 1 1 1 1 1 |1 1 1 1 6 2 1 1 5 1 1 1 1 1 1 1 |1 1 1 1 1 1 1 9 1 1 1 1 1 1 1 1 |1 1 1 1 2 1 1 1 1 1 1 9 2 1 1 1 |4 1 1 1 1 1 7 1 1 1 1 6 2 3 1 1 |1 6 1 1 1 1 1 1 1 1 13 2 3 1 1 1 |
1852: 1 1 1 1 1 1 1 1 1 1 5 1 1 1 1 1 |1 1 1 1 1 1 1 1 1 1 1 1 1 1 1 1 |1 1 1 1 1 1 1 1 1 1 1 1 1 1 1 1 |1 1 6 1 1 1 1 1 1 1 1 1 1 1 1 1 |1 1 1 1 1 1 1 1 1 1 1 1 1 1 1 1 |1 1 1 1 1 1 4 3 1 1 1 1 1 3 1 1 |1 1 1 1 1 1 1 1 1 1 1 1 1 1 1 1 |1 1 1 1 6 2 1 1 5 1 1 1 1 1 1 1 |1 1 1 1 1 1 1 9 1 1 1 1 1 1 1 1 |1 1 1 1 2 1 1 1 1 1 1 9 2 1 1 1 |4 1 1 1 1 1 7 1 1 1 1 6 2 3 1 1 |1 7 1 2 1 1 3 1 1 1 5 10 1 2 9 5 |
1863: 1 1 1 1 1 1 1 1 1 1 5 1 1 1 1 1 |1 1 1 1 1 1 1 1 1 1 1 1 1 1 1 1 |1 1 1 1 1 1 1 1 1 1 1 1 1 1 1 1 |1 1 6 1 1 1 1 1 1 1 1 1 1 1 1 1 |1 1 1 1 1 1 1 1 1 1 1 1 1 1 1 1 |1 1 1 1 1 1 4 3 1 1 1 1 1 3 1 1 |1 1 1 1 1 1 1 1 1 1 1 1 1 1 1 1 |1 1 1 1 6 2 1 1 5 1 1 1 1 1 1 1 |1 1 1 1 1 1 1 9 1 1 1 1 1 1 1 1 |1 1 1 1 2 1 1 1 1 1 1 9 2 1 1 1 |4 1 1 1 1 1 7 1 1 1 1 6 2 3 1 1 |1 7 1 2 1 1 3 1 1 1 5 10 1 2 9 5 |
1874: 3 1 1 1 1 1 1 1 1 1 5 7 1 1 1 1 |1 1 10 4 4 1 1 1 1 1 1 1 1 1 4 1 |1 1 1 1 1 1 1 1 1 1 1 1 1 1 1 1 |1 1 1 1 1 1 1 1 1 1 1 1 1 1 1 1 |1 1 1 1 1 1 1 1 1 1 1 1 1 1 1 1 |1 1 1 1 1 1 1 1 2 1 1 1 1 1 1 1 |1 1 1 1 1 1 1 1 1 1 1 1 1 1 1 1 |1 1 1 2 6 2 1 1 1 1 1 1 1 1 1 1 |1 1 2 1 1 1 1 7 1 1 1 1 1 1 1 1 |1 1 1 1 1 1 1 1 1 1 1 1 1 1 1 1 |4 1 1 1 1 1 7 1 1 1 1 6 2 3 1 1 |1 7 1 2 1 1 3 1 1 1 5 10 1 2 9 5 |
1886: 3 1 1 1 1 1 1 1 1 1 5 7 1 1 1 1 |1 1 10 4 4 1 1 1 1 1 1 1 1 1 4 1 |1 1 1 1 1 1 1 1 1 1 1 1 1 1 1 1 |1 1 1 1 1 1 1 1 1 1 1 1 1 1 1 1 |1 1 1 1 1 1 1 1 1 1 1 1 1 1 1 1 |1 1 1 1 1 1 1 1 2 1 1 1 1 1 1 1 |1 1 1 1 1 1 1 1 1 1 1 1 1 1 1 1 |1 1 1 2 6 2 1 1 1 1 1 1 1 1 1 1 |1 1 2 1 1 1 1 7 1 1 1 1 1 1 1 1 |1 1 1 1 1 1 1 1 1 1 1 1 1 1 1 1 |1 1 1 1 1 1 8 1 1 1 1 2 1 2 1 9 |1 12 1 7 1 1 1 1 1 1 4 10 2 1 10 1 |
1897: 3 1 1 1 1 1 1 1 1 1 5 7 1 1 1 1 |1 1 10 4 4 1 1 1 1 1 1 1 1 1 4 1 |1 1 1 1 1 1 1 1 1 1 1 1 1 1 1 1 |1 1 1 1 1 1 1 1 1 1 1 1 1 1 1 1 |1 1 1 1 1 1 1 1 1 1 1 1 1 1 1 1 |1 1 1 1 1 1 1 1 2 1 1 1 1 1 1 1 |1 1 1 1 1 1 1 1 1 1 1 1 1 1 1 1 |1 1 1 2 6 2 1 1 1 1 1 1 1 1 1 1 |1 1 2 1 1 1 1 7 1 1 1 1 1 1 1 1 |1 1 1 1 1 1 1 1 1 1 1 1 1 1 1 1 |1 1 1 1 1 1 8 1 1 1 1 2 1 2 1 9 |1 12 1 7 1 1 1 1 1 1 4 10 2 1 10 1 |
1908: 5 1 1 1 1 1 1 1 1 1 6 7 1 1 1 1 |1 1 4 1 1 1 1 1 1 1 1 1 1 1 1 1 |1 1 1 1 1 1 1 1 1 1 1 1 1 1 1 1 |1 1 1 1 1 1 1 1 1 1 1 1 1 1 1 1 |1 1 1 1 1 1 1 1 1 1 1 1 1 1 1 1 |1 1 1 1 1 1 2 3 1 2 1 1 1 1 1 1 |1 1 1 1 1 1 1 1 1 1 1 2 1 1 1 1 |1 1 1 1 1 1 1 1 3 1 1 1 1 1 1 1 |1 1 1 1 1 1 1 5 1 1 1 1 1 1 2 1 |1 1 1 1 1 1 9 1 1 1 1 7 1 1 1 1 |1 1 1 1 1 1 8 1 1 1 1 2 1 2 1 9 |1 12 1 7 1 1 1 1 1 1 4 10 2 1 10 1 |
1918: 5 1 1 1 1 1 1 1 1 1 6 7 1 1 1 1 |1 1 4 1 1 1 1 1 1 1 1 1 1 1 1 1 |1 1 1 1 1 1 1 1 1 1 1 1 1 1 1 1 |1 1 1 1 1 1 1 1 1 1 1 1 1 1 1 1 |1 1 1 1 1 1 1 1 1 1 1 1 1 1 1 1 |1 1 1 1 1 1 2 3 1 2 1 1 1 1 1 1 |1 1 1 1 1 1 1 1 1 1 1 2 1 1 1 1 |1 1 1 1 1 1 1 1 3 1 1 1 1 1 1 1 |1 1 1 1 1 1 1 5 1 1 1 1 1 1 2 1 |1 1 1 1 1 1 9 1 1 1 1 7 1 1 1 1 |4 1 1 1 1 1 1 1 1 1 1 4 1 1 1 1 |1 6 1 3 1 1 1 1 1 1 6 9 1 1 8 5 |
1929: 5 1 1 1 1 1 1 1 1 1 6 7 1 1 1 1 |1 1 4 1 1 1 1 1 1 1 1 1 1 1 1 1 |1 1 1 1 1 1 1 1 1 1 1 1 1 1 1 1 |1 1 1 1 1 1 1 1 1 1 1 1 1 1 1 1 |1 1 1 1 1 1 1 1 1 1 1 1 1 1 1 1 |1 1 1 1 1 1 2 3 1 2 1 1 1 1 1 1 |1 1 1 1 1 1 1 1 1 1 1 2 1 1 1 1 |1 1 1 1 1 1 1 1 3 1 1 1 1 1 1 1 |1 1 1 1 1 1 1 5 1 1 1 1 1 1 2 1 |1 1 1 1 1 1 9 1 1 1 1 7 1 1 1 1 |4 1 1 1 1 1 1 1 1 1 1 4 1 1 1 1 |1 6 1 3 1 1 1 1 1 1 6 9 1 1 8 5 |
1940: 1 1 1 1 1 1 1 1 1 1 7 7 1 1 1 1 |1 1 1 1 6 1 1 1 1 1 1 1 1 1 1 1 |1 1 1 1 1 1 1 1 1 1 1 1 1 1 1 1 |1 1 1 1 1 1 1 1 1 1 1 1 1 1 1 1 |1 1 1 1 1 1 1 1 1 1 1 1 1 1 1 1 |1 1 1 1 1 1 1 4 1 1 1 1 1 1 1 1 |1 1 1 1 1 1 1 1 1 1 1 2 1 1 1 1 |1 1 1 1 1 1 1 1 3 1 1 1 1 1 1 1 |1 1 1 1 1 1 1 5 1 1 1 1 1 1 2 1 |1 1 1 1 1 1 9 1 1 1 1 7 1 1 1 1 |4 1 1 1 1 1 1 1 1 1 1 4 1 1 1 1 |1 6 1 3 1 1 1 1 1 1 6 9 1 1 8 5 |
1951: 1 1 1 1 1 1 1 1 1 1 7 7 1 1 1 1 |1 1 1 1 6 1 1 1 1 1 1 1 1 1 1 1 |1 1 1 1 1 1 1 1 1 1 1 1 1 1 1 1 |1 1 1 1 1 1 1 1 1 1 1 1 1 1 1 1 |1 1 1 1 1 1 1 1 1 1 1 1 1 1 1 1 |1 1 1 1 1 1 1 4 1 1 1 1 1 1 1 1 |1 1 1 1 1 1 1 1 1 1 1 1 1 1 1 1 |1 1 1 1 6 1 1 1 6 1 1 1 1 1 1 1 |1 1 1 2 1 1 1 1 1 1 7 1 1 1 1 1 |1 1 1 1 1 1 1 1 1 1 1 8 1 1 1 2 |4 1 1 1 1 1 7 1 1 1 1 8 3 3 1 9 |1 12 1 6 1 1 3 2 1 1 12 3 1 1 8 2 |
1962: 1 1 1 1 1 1 1 1 1 1 7 7 1 1 1 1 |1 1 1 1 6 1 1 1 1 1 1 1 1 1 1 1 |1 1 1 1 1 1 1 1 1 1 1 1 1 1 1 1 |1 1 1 1 1 1 1 1 1 1 1 1 1 1 1 1 |1 1 1 1 1 1 1 1 1 1 1 1 1 1 1 1 |1 1 1 1 1 1 1 4 1 1 1 1 1 1 1 1 |1 1 1 1 1 1 1 1 1 1 1 1 1 1 1 1 |1 1 1 1 6 1 1 1 6 1 1 1 1 1 1 1 |1 1 1 2 1 1 1 1 1 1 7 1 1 1 1 1 |1 1 1 1 1 1 1 1 1 1 1 8 1 1 1 2 |4 1 1 1 1 1 7 1 1 1 1 8 3 3 1 9 |1 12 1 6 1 1 3 2 1 1 12 3 1 1 8 2 |
1993: 3 1 1 1 1 1 1 1 1 1 4 5 1 1 1 1 |1 1 1 1 6 1 1 1 1 1 1 1 1 1 1 1 |1 1 1 1 1 1 1 1 1 1 1 1 1 1 1 1 |1 1 1 1 1 1 1 1 1 1 1 1 1 1 1 1 |1 1 1 1 1 1 1 1 1 1 1 1 1 1 1 1 |1 1 1 1 1 1 1 4 1 1 1 1 1 1 1 1 |1 1 1 1 1 1 1 1 1 1 1 1 1 1 1 1 |1 1 1 1 6 1 1 1 6 1 1 1 1 1 1 1 |1 1 1 2 1 1 1 1 1 1 7 1 1 1 1 1 |1 1 1 1 1 1 1 1 1 1 1 8 1 1 1 2 |4 1 1 1 1 1 7 1 1 1 1 8 3 3 1 9 |1 12 1 6 1 1 3 2 1 1 12 3 1 1 8 2 |
2004: 3 1 1 1 1 1 1 1 1 1 4 5 1 1 1 1 |1 1 1 1 1 1 1 1 1 1 1 1 1 1 1 1 |1 1 1 1 1 1 1 1 1 1 1 1 1 1 1 1 |1 1 6 1 1 1 1 1 1 1 1 1 1 1 1 1 |1 1 1 1 1 1 1 1 1 1 1 1 1 3 1 1 |1 1 1 1 8 1 4 1 1 1 1 1 1 1 1 1 |1 1 1 1 1 1 1 1 1 1 1 1 1 1 1 2 |1 1 1 13 1 1 1 1 1 1 1 1 1 1 1 4 |1 1 1 1 1 1 1 7 1 1 1 1 1 1 1 1 |1 1 1 9 1 1 1 1 1 1 1 1 9 1 1 1 |4 1 1 1 1 1 7 1 1 1 1 8 3 3 1 9 |1 12 1 6 1 1 3 2 1 1 12 3 1 1 8 2 |
2014: 3 1 1 1 1 1 1 1 1 1 4 5 1 1 1 1 |1 1 1 1 1 1 1 1 1 1 1 1 1 1 1 1 |1 1 1 1 1 1 1 1 1 1 1 1 1 1 1 1 |1 1 6 1 1 1 1 1 1 1 1 1 1 1 1 1 |1 1 1 1 1 1 1 1 1 1 1 1 1 3 1 1 |1 1 1 1 8 1 4 1 1 1 1 1 1 1 1 1 |1 1 1 1 1 1 1 1 1 1 1 1 1 1 1 2 |1 1 1 13 1 1 1 1 1 1 1 1 1 1 1 4 |1 1 1 1 1 1 1 7 1 1 1 1 1 1 1 1 |1 1 1 9 1 1 1 1 1 1 1 1 9 1 1 1 |3 1 1 1 1 1 1 1 1 1 1 7 3 1 6 12 |1 6 1 1 2 1 1 1 1 1 11 1 8 1 10 7 |
2026: 3 1 1 1 1 1 2 1 1 1 4 5 1 1 1 1 |1 1 1 1 1 1 1 1 1 1 1 1 1 1 1 1 |1 1 1 1 1 1 1 1 1 1 1 1 1 1 1 1 |1 1 6 1 1 1 1 1 1 1 1 1 1 1 1 1 |1 1 1 1 1 1 1 1 1 1 1 1 1 3 1 1 |1 1 1 1 8 1 4 1 1 1 1 1 1 1 1 1 |1 1 1 1 1 1 1 1 1 1 1 1 1 1 1 2 |1 1 1 13 1 1 1 1 1 1 1 1 1 1 1 4 |1 1 1 1 1 1 1 7 1 1 1 1 1 1 1 1 |1 1 1 9 1 1 1 1 1 1 1 1 9 1 1 1 |3 1 1 1 1 1 1 1 1 1 1 7 3 1 6 12 |1 6 1 1 2 1 1 1 1 1 11 1 8 1 10 7 |
2036: 3 1 1 1 1 1 2 1 1 1 4 5 1 1 1 1 |1 1 1 1 1 1 1 1 1 1 1 1 1 1 4 1 |1 1 1 1 1 1 1 1 1 1 1 1 1 1 1 1 |1 1 1 1 1 1 1 1 1 1 1 1 1 1 1 1 |1 1 1 1 1 1 1 1 1 1 1 1 1 1 1 1 |1 1 1 1 1 1 1 2 1 2 1 1 1 1 1 1 |1 1 1 1 1 1 1 1 1 1 1 1 1 1 1 1 |1 1 1 1 5 1 1 1 5 1 1 1 1 1 1 1 |1 1 1 1 1 1 1 7 1 1 1 1 1 1 1 1 |1 1 1 9 1 1 1 1 1 1 1 1 9 1 1 1 |3 1 1 1 1 1 1 1 1 1 1 7 3 1 6 12 |1 6 1 1 2 1 1 1 1 1 11 1 8 1 10 7 |
2047: 3 1 1 1 1 1 2 1 1 1 4 5 1 1 1 1 |1 1 1 1 1 1 1 1 1 1 1 1 1 1 4 1 |1 1 1 1 1 1 1 1 1 1 1 1 1 1 1 1 |1 1 1 1 1 1 1 1 1 1 1 1 1 1 1 1 |1 1 1 1 1 1 1 1 1 1 1 1 1 1 1 1 |1 1 1 1 1 1 1 2 1 2 1 1 1 1 1 1 |1 1 1 1 1 1 1 1 1 1 1 1 1 1 1 1 |1 1 1 1 5 1 1 1 5 1 1 1 1 1 1 1 |1 1 1 1 1 1 1 9 1 1 2 1 1 1 1 1 |1 1 1 1 1 1 1 1 1 1 1 9 2 1 1 1 |3 1 9 1 1 1 7 1 1 1 1 6 2 1 1 2 |1 12 1 1 2 1 1 1 1 1 11 8 1 1 1 1 |
2058: 3 1 1 1 1 1 2 1 1 1 4 5 1 1 1 1 |1 1 1 1 1 1 1 1 1 1 1 1 1 1 4 1 |1 1 1 1 1 1 1 1 1 1 1 1 1 1 1 1 |1 1 1 1 1 1 1 1 1 1 1 1 1 1 1 1 |1 1 1 1 1 1 1 1 1 1 1 1 1 1 1 1 |1 1 1 1 1 1 1 2 1 2 1 1 1 1 1 1 |1 1 1 1 1 1 1 1 1 1 1 1 1 1 1 1 |1 1 1 1 5 1 1 1 5 1 1 1 1 1 1 1 |1 1 1 1 1 1 1 9 1 1 2 1 1 1 1 1 |1 1 1 1 1 1 1 1 1 1 1 9 2 1 1 1 |3 1 9 1 1 1 7 1 1 1 1 6 2 1 1 2 |1 12 1 1 2 1 1 1 1 1 11 8 1 1 1 1 |
2069: 3 1 1 1 1 1 1 1 1 1 5 1 1 1 1 1 |1 1 4 2 1 1 1 1 1 1 1 1 1 1 5 1 |1 1 1 1 1 1 1 1 1 1 1 1 1 1 1 1 |1 1 1 1 1 1 1 1 1 1 1 1 1 1 1 1 |1 1 1 1 1 1 1 1 1 1 1 1 1 1 1 1 |1 1 1 1 1 1 3 3 1 2 1 1 1 4 1 1 |1 1 1 1 1 1 1 1 1 1 1 1 1 1 1 1 |1 1 1 1 5 1 1 1 5 1 1 1 1 1 1 1 |1 1 1 1 1 1 1 9 1 1 2 1 1 1 1 1 |1 1 1 1 1 1 1 1 1 1 1 9 2 1 1 1 |3 1 9 1 1 1 7 1 1 1 1 6 2 1 1 2 |1 12 1 1 2 1 1 1 1 1 11 8 1 1 1 1 |
2079: 3 1 1 1 1 1 1 1 1 1 5 1 1 1 1 1 |1 1 4 2 1 1 1 1 1 1 1 1 1 1 5 1 |1 1 1 1 1 1 1 1 1 1 1 1 1 1 1 1 |1 1 1 1 1 1 1 1 1 1 1 1 1 1 1 1 |1 1 1 1 1 1 1 1 1 1 1 1 1 1 1 1 |1 1 1 1 1 1 3 3 1 2 1 1 1 4 1 1 |1 1 1 1 1 1 1 1 1 1 1 1 1 1 1 1 |1 1 1 1 1 1 1 1 6 1 1 1 1 1 1 1 |1 1 6 1 1 1 1 6 1 1 5 1 1 1 1 5 |1 1 1 1 1 1 1 1 1 1 1 10 1 1 1 1 |5 1 1 1 1 1 7 1 1 1 1 6 1 1 1 3 |1 1 1 7 1 1 1 1 1 1 10 3 8 1 3 2 |
2091: 3 1 1 1 1 1 1 1 1 1 5 1 1 1 1 1 |1 1 4 2 1 1 1 1 1 1 1 1 1 1 5 1 |1 1 1 1 1 1 1 1 1 1 1 1 1 1 1 1 |1 1 1 1 1 1 1 1 1 1 1 1 1 1 1 1 |1 1 1 1 1 1 1 1 1 1 1 1 1 1 1 1 |1 1 1 1 1 1 3 3 1 2 1 1 1 4 1 1 |1 1 1 1 1 1 1 1 1 1 1 1 1 1 1 1 |1 1 1 1 1 1 1 1 6 1 1 1 1 1 1 1 |1 1 6 1 1 1 1 6 1 1 5 1 1 1 1 5 |1 1 1 1 1 1 1 1 1 1 1 10 1 1 1 1 |5 1 1 1 1 1 7 1 1 1 1 6 1 1 1 3 |1 1 1 7 1 1 1 1 1 1 10 3 8 1 3 2 |
2102: 3 1 1 1 1 1 1 1 1 1 3 7 1 1 1 1 |1 1 6 4 5 1 1 1 1 1 1 1 1 1 1 1 |1 1 1 1 1 1 1 1 1 1 1 1 1 1 1 1 |1 1 1 1 1 1 1 1 1 1 1 1 1 1 1 1 |1 1 1 1 1 1 1 1 1 1 1 1 1 5 1 1 |1 1 1 1 2 5 1 1 1 1 1 1 1 2 1 1 |1 1 1 1 1 1 1 6 1 1 1 1 1 1 1 1 |1 1 1 1 1 1 1 1 6 1 1 1 1 1 1 1 |1 1 6 1 1 1 1 6 1 1 5 1 1 1 1 5 |1 1 1 1 1 1 1 1 1 1 1 10 1 1 1 1 |5 1 1 1 1 1 7 1 1 1 1 6 1 1 1 3 |1 1 1 7 1 1 1 1 1 1 10 3 8 1 3 2 |
2113: 3 1 1 1 1 1 1 1 1 1 3 7 1 1 1 1 |1 1 6 4 5 1 1 1 1 1 1 1 1 1 1 1 |1 1 1 1 1 1 1 1 1 1 1 1 1 1 1 1 |1 1 1 1 1 1 1 1 1 1 1 1 1 1 1 1 |1 1 1 1 1 1 1 1 1 1 1 1 1 5 1 1 |1 1 1 1 2 5 1 1 1 1 1 1 1 2 1 1 |1 1 1 1 1 1 1 6 1 1 1 1 1 1 1 1 |1 1 1 2 7 2 1 1 1 1 1 1 1 1 1 3 |1 1 1 1 1 1 1 3 1 1 7 1 1 1 1 1 |1 1 1 8 1 1 1 1 1 1 1 9 1 1 1 1 |2 1 1 1 1 1 1 1 1 1 1 1 1 1 1 1 |1 13 1 1 12 1 1 2 1 1 13 1 1 1 8 2 |
2125: 3 1 1 1 1 1 1 1 1 1 3 7 1 1 1 1 |1 1 6 4 5 1 1 1 1 1 1 1 1 1 1 1 |1 1 1 1 1 1 1 1 1 1 1 1 1 1 1 1 |1 1 1 1 1 1 1 1 1 1 1 1 1 1 1 1 |1 1 1 1 1 1 1 1 1 1 1 1 1 5 1 1 |1 1 1 1 2 5 1 1 1 1 1 1 1 2 1 1 |1 1 1 1 1 1 1 6 1 1 1 1 1 1 1 1 |1 1 1 2 7 2 1 1 1 1 1 1 1 1 1 3 |1 1 1 1 1 1 1 3 1 1 7 1 1 1 1 1 |1 1 1 8 1 1 1 1 1 1 1 9 1 1 1 1 |2 1 1 1 1 1 1 1 1 1 1 1 1 1 1 1 |1 13 1 1 12 1 1 2 1 1 13 1 1 1 8 2 |
2135: 3 1 1 1 2 1 1 1 1 1 1 7 1 1 1 1 |1 1 5 2 1 1 1 1 1 1 1 1 1 1 1 1 |1 1 1 1 1 1 1 1 1 1 1 1 1 1 1 1 |1 1 1 1 1 1 1 1 1 1 1 1 1 1 1 1 |1 1 1 1 1 1 1 1 1 1 1 1 1 3 1 1 |1 1 1 1 1 1 1 1 3 1 1 1 1 1 1 1 |1 1 1 1 1 1 1 6 1 1 1 1 1 1 1 1 |1 1 1 2 7 2 1 1 1 1 1 1 1 1 1 3 |1 1 1 1 1 1 1 3 1 1 7 1 1 1 1 1 |1 1 1 8 1 1 1 1 1 1 1 9 1 1 1 1 |2 1 1 1 1 1 1 1 1 1 1 1 1 1 1 1 |1 13 1 1 12 1 1 2 1 1 13 1 1 1 8 2 |
2147: 3 1 1 1 2 1 1 1 1 1 1 7 1 1 1 1 |1 1 5 2 1 1 1 1 1 1 1 1 1 1 1 1 |1 1 1 1 1 1 1 1 1 1 1 1 1 1 1 1 |1 1 1 1 1 1 1 1 1 1 1 1 1 1 1 1 |1 1 1 1 1 1 1 1 1 1 1 1 1 3 1 1 |1 1 1 1 1 1 1 1 3 1 1 1 1 1 1 1 |1 1 1 1 1 1 1 4 1 1 1 1 1 1 1 1 |1 1 1 12 3 3 1 1 1 1 1 1 1 1 1 1 |1 1 1 1 1 1 1 7 1 1 1 1 1 1 1 2 |1 1 1 1 1 1 1 1 1 1 1 10 1 1 1 1 |2 1 1 1 1 1 7 1 1 1 1 6 2 1 7 9 |1 3 1 1 1 1 6 1 1 1 4 1 2 1 1 1 |
2158: 3 1 1 1 2 1 1 1 1 1 1 7 1 1 1 1 |1 1 5 2 1 1 1 1 1 1 1 1 1 1 1 1 |1 1 1 1 1 1 1 1 1 1 1 1 1 1 1 1 |1 1 1 1 1 1 1 1 1 1 1 1 1 1 1 1 |1 1 1 1 1 1 1 1 1 1 1 1 1 3 1 1 |1 1 1 1 1 1 1 1 3 1 1 1 1 1 1 1 |1 1 1 1 1 1 1 4 1 1 1 1 1 1 1 1 |1 1 1 12 3 3 1 1 1 1 1 1 1 1 1 1 |1 1 1 1 1 1 1 7 1 1 1 1 1 1 1 2 |1 1 1 1 1 1 1 1 1 1 1 10 1 1 1 1 |2 1 1 1 1 1 7 1 1 1 1 6 2 1 7 9 |1 3 1 1 1 1 6 1 1 1 4 1 2 1 1 1 |
2169: 1 1 1 1 1 1 1 1 1 1 5 5 1 1 1 1 |1 1 3 3 1 1 1 1 1 1 1 1 1 1 1 1 |1 1 1 1 1 1 1 1 1 1 1 1 1 1 1 1 |1 1 1 1 1 1 1 1 1 1 1 1 1 1 1 1 |1 1 1 1 1 1 1 1 1 1 1 1 1 1 1 1 |1 1 1 1 1 1 2 2 1 1 2 1 1 3 1 1 |1 1 1 1 1 1 1 4 1 1 1 1 1 1 1 1 |1 1 1 12 3 3 1 1 1 1 1 1 1 1 1 1 |1 1 1 1 1 1 1 7 1 1 1 1 1 1 1 2 |1 1 1 1 1 1 1 1 1 1 1 10 1 1 1 1 |2 1 1 1 1 1 7 1 1 1 1 6 2 1 7 9 |1 3 1 1 1 1 6 1 1 1 4 1 2 1 1 1 |
2179: 1 1 1 1 1 1 1 1 1 1 5 5 1 1 1 1 |1 1 3 3 1 1 1 1 1 1 1 1 1 1 1 1 |1 1 1 1 1 1 1 1 1 1 1 1 1 1 1 1 |1 1 1 1 1 1 1 1 1 1 1 1 1 1 1 1 |1 1 1 1 1 1 1 1 1 1 1 1 1 1 1 1 |1 1 1 1 1 1 2 2 1 1 2 1 1 3 1 1 |1 1 1 1 1 1 1 6 1 1 1 1 1 1 1 1 |1 1 1 1 3 8 1 1 1 1 1 1 1 1 1 1 |1 1 2 1 1 1 1 9 1 1 1 1 1 1 1 1 |1 1 1 1 1 1 5 1 1 1 1 10 1 1 1 1 |4 1 1 1 1 1 7 1 1 1 1 5 2 1 1 2 |1 9 1 1 1 1 2 1 1 1 7 8 1 2 2 1 |
2191: 1 1 1 1 1 1 1 1 1 1 5 5 1 1 1 1 |1 1 3 3 1 1 1 1 1 1 1 1 1 1 1 1 |1 1 1 1 1 1 1 1 1 1 1 1 1 1 1 1 |1 1 1 1 1 1 1 1 1 1 1 1 1 1 1 1 |1 1 1 1 1 1 1 1 1 1 1 1 1 1 1 1 |1 1 1 1 1 1 2 2 1 1 2 1 1 3 1 1 |1 1 1 1 1 1 1 6 1 1 1 1 1 1 1 1 |1 1 1 1 3 8 1 1 1 1 1 1 1 1 1 1 |1 1 2 1 1 1 1 9 1 1 1 1 1 1 1 1 |1 1 1 1 1 1 5 1 1 1 1 10 1 1 1 1 |4 1 1 1 1 1 7 1 1 1 1 5 2 1 1 2 |1 9 1 1 1 1 2 1 1 1 7 8 1 2 2 1 |
2202: 3 1 1 3 1 1 1 1 1 1 5 1 1 1 1 1 |1 1 1 1 1 1 1 1 1 1 1 1 1 1 1 1 |1 1 1 1 1 1 1 1 1 1 1 1 1 1 1 1 |1 1 1 1 1 1 1 1 1 1 1 1 1 1 1 1 |1 1 1 1 1 1 1 1 1 1 1 1 1 1 1 1 |1 1 1 1 1 1 1 3 1 1 1 1 1 1 1 1 |1 1 1 1 1 1 1 6 1 1 1 1 1 1 1 1 |1 1 1 1 3 8 1 1 1 1 1 1 1 1 1 1 |1 1 2 1 1 1 1 9 1 1 1 1 1 1 1 1 |1 1 1 1 1 1 5 1 1 1 1 10 1 1 1 1 |4 1 1 1 1 1 7 1 1 1 1 5 2 1 1 2 |1 9 1 1 1 1 2 1 1 1 7 8 1 2 2 1 |
2212: 3 1 1 3 1 1 1 1 1 1 5 1 1 1 1 1 |1 1 1 1 1 1 1 1 1 1 1 1 1 1 1 1 |1 1 1 1 1 1 1 1 1 1 1 1 1 1 1 1 |1 1 1 1 1 1 1 1 1 1 1 1 1 1 1 1 |1 1 1 1 1 1 1 1 1 1 1 1 1 1 1 1 |1 1 1 1 1 1 1 3 1 1 1 1 1 1 1 1 |1 1 1 1 1 1 1 1 1 1 1 1 1 1 1 1 |1 1 1 1 7 1 1 1 1 1 1 1 1 1 1 1 |1 1 1 6 12 1 1 9 1 1 1 1 6 1 1 1 |1 1 1 1 1 1 1 1 1 1 1 8 2 1 1 1 |2 1 1 1 1 1 8 1 1 1 1 8 1 1 5 1 |1 6 1 1 9 1 1 2 1 1 11 1 8 1 4 3 |
2223: 3 1 1 3 1 1 1 1 1 1 5 1 1 1 1 1 |1 1 1 1 1 1 1 1 1 1 1 1 1 1 1 1 |1 1 1 1 1 1 1 1 1 1 1 1 1 1 1 1 |1 1 1 1 1 1 1 1 1 1 1 1 1 1 1 1 |1 1 1 1 1 1 1 1 1 1 1 1 1 1 1 1 |1 1 1 1 1 1 1 3 1 1 1 1 1 1 1 1 |1 1 1 1 1 1 1 1 1 1 1 1 1 1 1 1 |1 1 1 1 7 1 1 1 1 1 1 1 1 1 1 1 |1 1 1 6 12 1 1 9 1 1 1 1 6 1 1 1 |1 1 1 1 1 1 1 1 1 1 1 8 2 1 1 1 |2 1 1 1 1 1 8 1 1 1 1 8 1 1 5 1 |1 6 1 1 9 1 1 2 1 1 11 1 8 1 4 3 |
2234: 2 1 1 1 1 1 1 1 1 1 4 7 1 1 1 1 |1 1 1 1 1 1 1 1 1 1 1 1 1 1 1 1 |1 1 1 1 1 1 1 1 1 1 1 1 1 1 1 1 |1 1 1 1 1 1 1 1 1 1 1 1 1 1 1 1 |1 1 1 1 1 1 1 1 1 1 1 1 1 1 1 1 |1 1 1 1 1 1 1 3 1 1 1 1 1 1 1 1 |1 1 1 1 1 1 1 1 1 1 1 1 1 1 1 1 |1 1 1 1 7 1 1 1 1 1 1 1 1 1 1 1 |1 1 1 6 12 1 1 9 1 1 1 1 6 1 1 1 |1 1 1 1 1 1 1 1 1 1 1 8 2 1 1 1 |2 1 1 1 1 1 8 1 1 1 1 8 1 1 5 1 |1 6 1 1 9 1 1 2 1 1 11 1 8 1 4 3 |
2244: 2 1 1 1 1 1 1 1 1 1 4 7 1 1 1 1 |1 1 1 1 1 1 1 1 1 1 1 1 1 1 1 1 |1 1 1 1 1 1 1 1 1 1 1 1 1 1 1 1 |1 1 1 1 1 1 1 1 1 1 1 1 1 1 1 1 |1 1 1 1 1 1 1 1 1 1 1 1 1 1 1 1 |1 1 1 1 1 1 1 9 1 3 1 1 1 1 1 1 |1 1 1 1 1 1 1 1 1 1 1 1 1 1 1 1 |1 1 1 1 5 1 1 1 4 1 1 1 1 1 1 1 |1 1 1 1 1 1 1 9 1 1 1 1 1 1 1 1 |1 1 1 1 1 1 1 2 1 1 1 8 1 1 1 1 |3 1 1 1 1 1 7 1 1 1 1 6 2 1 1 3 |1 6 1 1 2 1 1 1 1 1 13 1 1 1 10 1 |
2255: 2 1 1 1 1 1 1 1 1 1 4 7 1 1 1 1 |1 1 1 1 1 1 1 1 1 1 1 1 1 1 1 1 |1 1 1 1 1 1 1 1 1 1 1 1 1 1 1 1 |1 1 1 1 1 1 1 1 1 1 1 1 1 1 1 1 |1 1 1 1 1 1 1 1 1 1 1 1 1 1 1 1 |1 1 1 1 1 1 1 9 1 3 1 1 1 1 1 1 |1 1 1 1 1 1 1 1 1 1 1 1 1 1 1 1 |1 1 1 1 5 1 1 1 4 1 1 1 1 1 1 1 |1 1 1 1 1 1 1 9 1 1 1 1 1 1 1 1 |1 1 1 1 1 1 1 2 1 1 1 8 1 1 1 1 |3 1 1 1 1 1 7 1 1 1 1 6 2 1 1 3 |1 6 1 1 2 1 1 1 1 1 13 1 1 1 10 1 |
2266: 2 1 1 1 1 1 1 1 1 1 3 6 1 1 1 1 |1 1 5 3 4 1 1 1 1 1 1 1 1 1 1 1 |1 1 1 1 1 1 1 1 1 1 1 1 1 1 1 1 |1 1 1 1 1 1 1 1 1 1 1 1 1 1 1 1 |1 1 1 1 1 1 1 1 1 1 1 1 1 1 1 1 |1 1 1 1 1 1 1 9 1 3 1 1 1 1 1 1 |1 1 1 1 1 1 1 1 1 1 1 1 1 1 1 1 |1 1 1 1 5 1 1 1 4 1 1 1 1 1 1 1 |1 1 1 1 1 1 1 9 1 1 1 1 1 1 1 1 |1 1 1 1 1 1 1 2 1 1 1 8 1 1 1 1 |3 1 1 1 1 1 7 1 1 1 1 6 2 1 1 3 |1 6 1 1 2 1 1 1 1 1 13 1 1 1 10 1 |
2276: 2 1 1 1 1 1 1 1 1 1 3 6 1 1 1 1 |1 1 5 3 4 1 1 1 1 1 1 1 1 1 1 1 |1 1 1 1 1 1 1 1 1 1 1 1 1 1 1 1 |1 1 1 1 1 1 1 1 1 1 1 1 1 1 1 1 |1 1 1 1 1 1 1 1 1 1 1 1 1 1 1 1 |1 1 1 1 1 1 1 2 2 1 1 1 1 3 1 1 |1 1 1 1 1 1 1 1 1 1 1 1 1 1 1 1 |1 1 1 1 8 1 1 1 1 1 1 1 1 1 1 1 |1 1 2 1 1 1 1 7 1 1 1 1 1 1 1 1 |1 1 1 1 1 1 10 1 1 1 1 10 1 1 1 1 |4 1 1 1 1 1 8 1 1 1 1 1 1 1 1 3 |1 6 1 1 2 1 1 1 1 1 13 1 1 1 10 1 |
2287: 2 1 1 1 1 1 1 1 1 1 3 6 1 1 1 1 |1 1 5 3 4 1 1 1 1 1 1 1 1 1 1 1 |1 1 1 1 1 1 1 1 1 1 1 1 1 1 1 1 |1 1 1 1 1 1 1 1 1 1 1 1 1 1 1 1 |1 1 1 1 1 1 1 1 1 1 1 1 1 1 1 1 |1 1 1 1 1 1 1 2 2 1 1 1 1 3 1 1 |1 1 1 1 1 1 1 1 1 1 1 1 1 1 1 1 |1 1 1 1 8 1 1 1 1 1 1 1 1 1 1 1 |1 1 2 1 1 1 1 7 1 1 1 1 1 1 1 1 |1 1 1 1 1 1 10 1 1 1 1 10 1 1 1 1 |4 1 1 1 1 1 8 1 1 1 1 1 1 1 1 3 |1 1 1 1 1 1 3 1 1 1 3 1 1 1 1 1 |
2299: 4 1 1 1 1 1 1 1 1 1 5 8 1 1 1 1 |1 1 5 4 1 1 1 1 1 1 1 1 1 1 1 1 |1 1 1 1 1 1 1 1 1 1 1 1 1 1 1 1 |1 1 1 1 1 1 1 1 1 1 1 1 1 1 1 1 |1 1 1 1 1 1 1 1 1 1 1 1 1 1 1 1 |1 1 1 1 1 1 1 2 2 1 1 1 1 3 1 1 |1 1 1 1 1 1 1 1 1 1 1 1 1 1 1 1 |1 1 1 1 8 1 1 1 1 1 1 1 1 1 1 1 |1 1 2 1 1 1 1 7 1 1 1 1 1 1 1 1 |1 1 1 1 1 1 10 1 1 1 1 10 1 1 1 1 |4 1 1 1 1 1 8 1 1 1 1 1 1 1 1 3 |1 1 1 1 1 1 3 1 1 1 3 1 1 1 1 1 |
2310: 4 1 1 1 1 1 1 1 1 1 5 8 1 1 1 1 |1 1 5 4 1 1 1 1 1 1 1 1 1 1 1 1 |1 1 1 1 1 1 1 1 1 1 1 1 1 1 1 1 |1 1 8 1 1 1 1 1 1 1 1 1 1 1 1 1 |1 1 1 1 1 1 1 1 1 1 1 1 1 4 1 1 |1 1 1 1 1 1 2 2 1 3 1 1 1 1 1 1 |1 1 1 1 1 1 1 1 1 1 1 1 1 1 1 1 |1 1 1 1 6 6 1 1 6 1 1 1 1 1 1 1 |1 1 2 1 1 1 1 7 1 1 1 1 1 1 1 1 |1 1 1 8 1 1 1 1 1 1 1 8 1 1 1 1 |3 1 1 1 1 1 1 1 1 1 1 5 1 1 1 2 |1 3 1 1 1 1 2 1 1 1 5 1 1 1 9 1 |
2322: 4 1 1 1 1 1 1 1 1 1 5 8 1 1 1 1 |1 1 5 4 1 1 1 1 1 1 1 1 1 1 1 1 |1 1 1 1 1 1 1 1 1 1 1 1 1 1 1 1 |1 1 8 1 1 1 1 1 1 1 1 1 1 1 1 1 |1 1 1 1 1 1 1 1 1 1 1 1 1 4 1 1 |1 1 1 1 1 1 2 2 1 3 1 1 1 1 1 1 |1 1 1 1 1 1 1 1 1 1 1 1 1 1 1 1 |1 1 1 1 6 6 1 1 6 1 1 1 1 1 1 1 |1 1 2 1 1 1 1 7 1 1 1 1 1 1 1 1 |1 1 1 8 1 1 1 1 1 1 1 8 1 1 1 1 |3 1 1 1 1 1 1 1 1 1 1 5 1 1 1 2 |1 3 1 1 1 1 2 1 1 1 5 1 1 1 9 1 |
2332: 5 1 1 1 1 1 1 1 1 1 4 5 1 1 1 1 |1 1 6 5 1 1 1 1 1 1 1 1 1 1 7 1 |1 1 1 1 1 1 1 1 1 1 1 1 1 1 1 1 |1 1 8 1 1 1 1 1 1 1 1 1 1 1 1 1 |1 1 1 1 1 1 1 1 1 1 1 1 1 4 1 1 |1 1 1 1 1 1 2 2 1 3 1 1 1 1 1 1 |1 1 1 1 1 1 1 1 1 1 1 1 1 1 1 1 |1 1 1 1 6 6 1 1 6 1 1 1 1 1 1 1 |1 1 2 1 1 1 1 7 1 1 1 1 1 1 1 1 |1 1 1 8 1 1 1 1 1 1 1 8 1 1 1 1 |3 1 1 1 1 1 1 1 1 1 1 5 1 1 1 2 |1 3 1 1 1 1 2 1 1 1 5 1 1 1 9 1 |
2343: 5 1 1 1 1 1 1 1 1 1 4 5 1 1 1 1 |1 1 6 5 1 1 1 1 1 1 1 1 1 1 7 1 |1 1 1 1 1 1 1 1 1 1 1 1 1 1 1 1 |1 1 1 1 1 1 1 1 1 1 1 1 1 1 1 1 |1 1 1 1 1 1 1 1 1 1 1 1 1 1 1 1 |1 1 1 1 1 1 1 1 1 1 3 1 1 4 1 1 |1 1 1 1 1 1 1 4 1 1 1 1 1 1 1 1 |1 1 1 2 6 6 1 1 1 1 1 1 1 1 1 1 |1 1 2 1 1 1 1 8 1 1 1 1 1 1 1 1 |1 1 2 1 1 1 1 1 1 1 1 9 1 1 1 1 |1 1 1 1 1 1 8 1 1 1 1 1 1 1 1 1 |1 3 1 1 1 1 2 1 1 1 5 1 1 1 9 1 |
2354: 5 1 1 1 1 1 1 1 1 1 4 5 1 1 1 1 |1 1 6 5 1 1 1 1 1 1 1 1 1 1 7 1 |1 1 1 1 1 1 1 1 1 1 1 1 1 1 1 1 |1 1 1 1 1 1 1 1 1 1 1 1 1 1 1 1 |1 1 1 1 1 1 1 1 1 1 1 1 1 1 1 1 |1 1 1 1 1 1 1 1 1 1 3 1 1 4 1 1 |1 1 1 1 1 1 1 4 1 1 1 1 1 1 1 1 |1 1 1 2 6 6 1 1 1 1 1 1 1 1 1 1 |1 1 2 1 1 1 1 8 1 1 1 1 1 1 1 1 |1 1 2 1 1 1 1 1 1 1 1 9 1 1 1 1 |1 1 1 1 1 1 8 1 1 1 1 1 1 1 1 1 |1 1 1 1 1 1 1 1 1 1 10 2 8 1 11 1 |
2365: 5 1 1 1 1 1 1 1 1 1 4 5 1 1 1 1 |1 1 6 5 1 1 1 1 1 1 1 1 1 1 7 1 |1 1 1 1 1 1 1 1 1 1 1 1 1 1 1 1 |1 1 1 1 1 1 1 1 1 1 1 1 1 1 1 1 |1 1 1 1 1 1 1 1 1 1 1 1 1 1 1 1 |1 1 1 1 1 1 1 1 1 1 3 1 1 4 1 1 |1 1 1 1 1 1 1 4 1 1 1 1 1 1 1 1 |1 1 1 2 6 6 1 1 1 1 1 1 1 1 1 1 |1 1 2 1 1 1 1 8 1 1 1 1 1 1 1 1 |1 1 2 1 1 1 1 1 1 1 1 9 1 1 1 1 |1 1 1 1 1 1 8 1 1 1 1 1 1 1 1 1 |1 1 1 1 1 1 1 1 1 1 10 2 8 1 11 1 |
2377: 1 1 1 1 1 1 1 1 1 1 6 7 1 1 1 1 |1 1 5 3 1 1 1 1 1 1 1 1 1 1 3 1 |1 1 1 1 1 1 1 1 1 1 1 1 1 1 1 1 |1 1 1 1 1 1 1 1 1 1 1 1 1 1 1 1 |1 1 1 1 2 1 1 1 1 1 1 1 1 1 1 1 |1 1 1 1 1 1 1 2 1 1 1 1 1 4 1 1 |1 1 1 1 1 1 1 1 1 1 1 2 1 1 1 2 |1 1 1 1 1 1 1 1 4 1 1 1 1 1 1 3 |1 1 2 1 1 1 1 8 1 1 1 1 8 1 1 1 |1 1 2 1 1 1 1 1 1 1 1 1 1 1 1 1 |3 1 1 1 1 1 1 1 1 1 1 7 1 1 1 7 |1 12 1 2 2 1 1 1 1 1 14 9 2 1 1 1 |
2388: 1 1 1 1 1 1 1 1 1 1 6 7 1 1 1 1 |1 1 5 3 1 1 1 1 1 1 1 1 1 1 3 1 |1 1 1 1 1 1 1 1 1 1 1 1 1 1 1 1 |1 1 1 1 1 1 1 1 1 1 1 1 1 1 1 1 |1 1 1 1 2 1 1 1 1 1 1 1 1 1 1 1 |1 1 1 1 1 1 1 2 1 1 1 1 1 4 1 1 |1 1 1 1 1 1 1 1 1 1 1 2 1 1 1 2 |1 1 1 1 1 1 1 1 4 1 1 1 1 1 1 3 |1 1 2 1 1 1 1 8 1 1 1 1 8 1 1 1 |1 1 2 1 1 1 1 1 1 1 1 1 1 1 1 1 |3 1 1 1 1 1 1 1 1 1 1 7 1 1 1 7 |1 12 1 2 2 1 1 1 1 1 14 9 2 1 1 1 |
2398: 3 1 1 1 1 1 1 1 1 1 1 5 1 1 1 1 |1 1 5 3 1 1 1 1 1 1 1 1 1 1 3 1 |1 1 1 1 1 1 1 1 1 1 1 1 1 1 1 1 |1 1 1 1 1 1 1 1 1 1 1 1 1 1 1 1 |1 1 1 1 2 1 1 1 1 1 1 1 1 1 1 1 |1 1 1 1 1 1 1 2 1 1 1 1 1 4 1 1 |1 1 1 1 1 1 1 1 1 1 1 2 1 1 1 2 |1 1 1 1 1 1 1 1 4 1 1 1 1 1 1 3 |1 1 2 1 1 1 1 8 1 1 1 1 8 1 1 1 |1 1 2 1 1 1 1 1 1 1 1 1 1 1 1 1 |3 1 1 1 1 1 1 1 1 1 1 7 1 1 1 7 |1 12 1 2 2 1 1 1 1 1 14 9 2 1 1 1 |
2410: 3 1 1 1 1 1 1 1 1 1 1 5 1 1 1 1 |1 1 5 3 1 1 1 1 1 1 1 1 1 1 1 1 |1 1 1 1 1 1 1 1 1 1 1 1 1 1 1 1 |1 1 5 1 1 1 1 1 1 1 1 1 1 1 1 1 |1 1 1 1 1 1 1 1 1 1 1 1 1 4 1 1 |1 1 1 1 8 1 4 1 1 4 1 1 1 2 1 1 |1 1 1 1 1 1 1 1 1 1 1 1 1 1 1 1 |1 1 1 3 5 7 1 1 5 1 1 1 1 1 1 1 |1 1 1 1 1 1 1 7 1 1 1 1 1 1 1 1 |1 1 1 1 1 1 1 1 1 1 1 9 1 1 1 1 |4 1 1 1 1 1 8 1 1 1 1 1 1 1 1 2 |1 9 1 1 1 1 3 1 1 1 13 7 1 2 9 1 |
2421: 3 1 1 1 1 1 1 1 1 1 1 5 1 1 1 1 |1 1 5 3 1 1 1 1 1 1 1 1 1 1 1 1 |1 1 1 1 1 1 1 1 1 1 1 1 1 1 1 1 |1 1 5 1 1 1 1 1 1 1 1 1 1 1 1 1 |1 1 1 1 1 1 1 1 1 1 1 1 1 4 1 1 |1 1 1 1 8 1 4 1 1 4 1 1 1 2 1 1 |1 1 1 1 1 1 1 1 1 1 1 1 1 1 1 1 |1 1 1 3 5 7 1 1 5 1 1 1 1 1 1 1 |1 1 1 1 1 1 1 7 1 1 1 1 1 1 1 1 |1 1 1 1 1 1 1 1 1 1 1 9 1 1 1 1 |4 1 1 1 1 1 8 1 1 1 1 1 1 1 1 2 |1 9 1 1 1 1 3 1 1 1 13 7 1 2 9 1 |
2432: 2 1 1 1 1 1 1 1 1 1 5 7 1 1 1 1 |1 1 5 5 1 1 1 1 1 1 1 1 1 1 5 1 |1 1 1 1 1 1 1 1 1 1 1 1 1 1 1 1 |1 1 5 1 1 1 1 1 1 1 1 1 1 1 1 1 |1 1 1 1 1 1 1 1 1 1 1 1 1 4 1 1 |1 1 1 1 8 1 4 1 1 4 1 1 1 2 1 1 |1 1 1 1 1 1 1 1 1 1 1 1 1 1 1 1 |1 1 1 3 5 7 1 1 5 1 1 1 1 1 1 1 |1 1 1 1 1 1 1 7 1 1 1 1 1 1 1 1 |1 1 1 1 1 1 1 1 1 1 1 9 1 1 1 1 |4 1 1 1 1 1 8 1 1 1 1 1 1 1 1 2 |1 9 1 1 1 1 3 1 1 1 13 7 1 2 9 1 |
2443: 2 1 1 1 1 1 1 1 1 1 5 7 1 1 1 1 |1 1 5 5 1 1 1 1 1 1 1 1 1 1 5 1 |1 1 1 1 1 1 1 1 1 1 1 1 1 1 1 1 |1 1 1 1 1 1 1 1 1 1 1 1 1 1 1 1 |1 1 1 1 1 1 1 1 1 1 1 1 1 1 1 1 |1 1 1 1 1 1 1 5 1 2 1 1 1 2 1 1 |1 1 1 1 1 1 1 1 1 1 1 1 1 1 1 1 |1 1 1 2 1 7 1 1 6 5 1 1 1 1 1 4 |1 1 1 1 1 1 1 7 1 1 6 1 1 1 1 1 |1 1 1 1 1 1 1 1 1 1 1 8 1 1 1 1 |1 1 1 1 1 1 7 1 1 1 1 1 1 1 4 9 |1 9 1 1 1 1 3 1 1 1 13 7 1 2 9 1 |
2454: 2 1 1 1 1 1 1 1 1 1 5 7 1 1 1 1 |1 1 5 5 1 1 1 1 1 1 1 1 1 1 5 1 |1 1 1 1 1 1 1 1 1 1 1 1 1 1 1 1 |1 1 1 1 1 1 1 1 1 1 1 1 1 1 1 1 |1 1 1 1 1 1 1 1 1 1 1 1 1 1 1 1 |1 1 1 1 1 1 1 5 1 2 1 1 1 2 1 1 |1 1 1 1 1 1 1 1 1 1 1 1 1 1 1 1 |1 1 1 2 1 7 1 1 6 5 1 1 1 1 1 4 |1 1 1 1 1 1 1 7 1 1 6 1 1 1 1 1 |1 1 1 1 1 1 1 1 1 1 1 8 1 1 1 1 |1 1 1 1 1 1 7 1 1 1 1 1 1 1 4 9 |1 5 1 1 1 1 1 2 1 1 11 1 1 1 10 1 |
2466: 2 1 1 1 1 1 1 1 1 1 1 6 1 1 1 1 |1 1 5 4 4 1 1 1 1 1 1 1 1 1 4 1 |1 1 1 1 1 1 1 1 1 1 1 1 1 1 1 1 |1 1 1 1 1 1 1 1 1 1 1 1 1 1 1 1 |1 1 1 1 1 1 1 1 1 1 1 1 1 1 1 1 |1 1 1 1 1 1 1 5 1 2 1 1 1 2 1 1 |1 1 1 1 1 1 1 1 1 1 1 1 1 1 1 1 |1 1 1 2 1 7 1 1 6 5 1 1 1 1 1 4 |1 1 1 1 1 1 1 7 1 1 6 1 1 1 1 1 |1 1 1 1 1 1 1 1 1 1 1 8 1 1 1 1 |1 1 1 1 1 1 7 1 1 1 1 1 1 1 4 9 |1 5 1 1 1 1 1 2 1 1 11 1 1 1 10 1 |
2476: 2 1 1 1 1 1 1 1 1 1 1 6 1 1 1 1 |1 1 5 4 4 1 1 1 1 1 1 1 1 1 4 1 |1 1 1 1 1 1 1 1 1 1 1 1 1 1 1 1 |1 1 1 1 1 1 1 1 1 1 1 1 1 1 1 1 |1 1 1 1 1 1 1 1 1 1 1 1 1 1 1 1 |1 1 1 1 1 1 1 4 1 1 1 1 1 3 1 1 |1 1 1 1 1 1 1 1 1 1 1 1 1 1 1 1 |1 1 1 5 6 1 1 1 5 1 1 1 1 1 1 3 |1 1 2 1 1 1 1 1 1 1 1 1 1 1 1 1 |1 1 1 1 1 1 1 1 1 1 1 1 1 1 1 1 |3 1 1 1 1 1 6 1 1 1 1 8 2 1 1 7 |1 5 1 1 1 1 1 2 1 1 11 1 1 1 10 1 |
2488: 2 1 1 1 1 1 1 1 1 1 1 6 1 1 1 1 |1 1 5 4 4 1 1 1 1 1 1 1 1 1 4 1 |1 1 1 1 1 1 1 1 1 1 1 1 1 1 1 1 |1 1 1 1 1 1 1 1 1 1 1 1 1 1 1 1 |1 1 1 1 1 1 1 1 1 1 1 1 1 1 1 1 |1 1 1 1 1 1 1 4 1 1 1 1 1 3 1 1 |1 1 1 1 1 1 1 1 1 1 1 1 1 1 1 1 |1 1 1 5 6 1 1 1 5 1 1 1 1 1 1 3 |1 1 2 1 1 1 1 1 1 1 1 1 1 1 1 1 |1 1 1 1 1 1 1 1 1 1 1 1 1 1 1 1 |3 1 1 1 1 1 6 1 1 1 1 8 2 1 1 7 |1 11 1 1 1 1 1 1 1 1 14 2 2 1 11 4 |
2498: 6 1 1 1 1 1 1 1 1 1 1 5 1 1 1 1 |1 1 4 2 1 1 1 1 1 1 1 1 1 1 1 1 |1 1 1 1 1 1 1 1 1 1 1 1 1 1 1 1 |1 1 1 1 1 1 1 1 1 1 1 1 1 1 1 1 |1 1 1 1 1 1 1 1 1 1 1 1 1 1 1 1 |1 1 1 1 1 1 1 4 1 1 1 1 1 3 1 1 |1 1 1 1 1 1 1 1 1 1 1 1 1 1 1 1 |1 1 1 5 6 1 1 1 5 1 1 1 1 1 1 3 |1 1 2 1 1 1 1 1 1 1 1 1 1 1 1 1 |1 1 1 1 1 1 1 1 1 1 1 1 1 1 1 1 |3 1 1 1 1 1 6 1 1 1 1 8 2 1 1 7 |1 11 1 1 1 1 1 1 1 1 14 2 2 1 11 4 |
2509: 6 1 1 1 1 1 1 1 1 1 1 5 1 1 1 1 |1 1 4 2 1 1 1 1 1 1 1 1 1 1 1 1 |1 1 1 1 1 1 1 1 1 1 1 1 1 1 1 1 |1 1 1 1 1 1 1 1 1 1 1 1 1 1 1 1 |1 1 1 1 1 1 1 1 1 1 1 1 1 1 1 1 |1 1 1 1 1 1 3 3 1 1 1 1 1 3 1 1 |1 1 1 1 1 1 1 1 1 1 1 1 1 1 1 1 |1 1 1 2 5 1 1 1 1 1 1 1 1 1 1 1 |1 1 1 14 1 1 1 8 1 1 5 1 1 1 1 1 |1 1 1 1 1 1 1 1 1 1 1 7 1 8 1 1 |3 1 1 1 1 1 6 1 1 1 1 8 2 1 1 7 |1 11 1 1 1 1 1 1 1 1 14 2 2 1 11 4 |
2520: 6 1 1 1 1 1 1 1 1 1 1 5 1 1 1 1 |1 1 4 2 1 1 1 1 1 1 1 1 1 1 1 1 |1 1 1 1 1 1 1 1 1 1 1 1 1 1 1 1 |1 1 1 1 1 1 1 1 1 1 1 1 1 1 1 1 |1 1 1 1 1 1 1 1 1 1 1 1 1 1 1 1 |1 1 1 1 1 1 3 3 1 1 1 1 1 3 1 1 |1 1 1 1 1 1 1 1 1 1 1 1 1 1 1 1 |1 1 1 2 5 1 1 1 1 1 1 1 1 1 1 1 |1 1 1 14 1 1 1 8 1 1 5 1 1 1 1 1 |1 1 1 1 1 1 1 1 1 1 1 7 1 8 1 1 |4 1 7 1 1 1 8 1 1 1 1 6 2 1 1 2 |1 5 1 1 2 1 1 1 1 1 12 1 1 1 9 2 |
2531: 3 1 1 1 1 1 1 1 1 1 6 6 1 1 1 1 |1 1 1 1 1 1 1 1 1 1 1 1 1 1 7 1 |1 1 1 1 1 1 1 1 1 1 1 1 1 1 1 1 |1 1 1 1 1 1 1 1 1 1 1 1 1 1 1 1 |1 1 1 1 1 1 1 1 1 1 1 1 1 1 1 1 |1 1 1 1 1 1 3 3 1 1 1 1 1 3 1 1 |1 1 1 1 1 1 1 1 1 1 1 1 1 1 1 1 |1 1 1 2 5 1 1 1 1 1 1 1 1 1 1 1 |1 1 1 14 1 1 1 8 1 1 5 1 1 1 1 1 |1 1 1 1 1 1 1 1 1 1 1 7 1 8 1 1 |4 1 7 1 1 1 8 1 1 1 1 6 2 1 1 2 |1 5 1 1 2 1 1 1 1 1 12 1 1 1 9 2 |
2542: 3 1 1 1 1 1 1 1 1 1 6 6 1 1 1 1 |1 1 1 1 1 1 1 1 1 1 1 1 1 1 7 1 |1 1 1 1 1 1 1 1 1 1 1 1 1 1 1 1 |1 1 1 1 1 1 1 1 1 1 1 1 1 1 1 1 |1 1 1 1 1 1 1 1 1 1 1 1 1 1 1 1 |1 1 1 1 1 1 2 3 1 1 1 1 1 2 1 1 |1 1 1 1 1 1 1 1 1 1 11 1 1 1 1 1 |1 1 1 3 6 7 1 1 1 8 1 1 1 1 1 1 |1 1 1 1 1 1 1 8 1 1 1 1 1 1 1 1 |1 1 1 1 1 1 1 1 1 1 1 6 2 1 1 1 |7 1 2 1 1 1 1 1 1 1 1 1 1 2 6 7 |1 5 1 1 2 1 1 1 1 1 12 1 1 1 9 2 |
2553: 3 1 1 1 1 1 1 1 1 1 6 6 1 1 1 1 |1 1 1 1 1 1 1 1 1 1 1 1 1 1 7 1 |1 1 1 1 1 1 1 1 1 1 1 1 1 1 1 1 |1 1 1 1 1 1 1 1 1 1 1 1 1 1 1 1 |1 1 1 1 1 1 1 1 1 1 1 1 1 1 1 1 |1 1 1 1 1 1 2 3 1 1 1 1 1 2 1 1 |1 1 1 1 1 1 1 1 1 1 11 1 1 1 1 1 |1 1 1 3 6 7 1 1 1 8 1 1 1 1 1 1 |1 1 1 1 1 1 1 8 1 1 1 1 1 1 1 1 |1 1 1 1 1 1 1 1 1 1 1 6 2 1 1 1 |7 1 2 1 1 1 1 1 1 1 1 1 1 2 6 7 |1 6 1 1 1 1 1 1 1 1 8 1 8 1 3 2 |
2564: 2 1 1 1 1 1 1 1 1 1 5 4 1 1 1 1 |1 1 3 1 1 1 1 1 1 1 1 1 1 1 4 1 |1 1 1 1 1 1 1 1 1 1 1 1 1 1 1 1 |1 1 1 1 1 1 1 1 1 1 1 1 1 1 1 1 |1 1 1 1 1 1 1 1 1 1 1 1 1 1 1 1 |1 1 1 1 1 1 2 3 1 1 1 1 1 2 1 1 |1 1 1 1 1 1 1 1 1 1 11 1 1 1 1 1 |1 1 1 3 6 7 1 1 1 8 1 1 1 1 1 1 |1 1 1 1 1 1 1 8 1 1 1 1 1 1 1 1 |1 1 1 1 1 1 1 1 1 1 1 6 2 1 1 1 |7 1 2 1 1 1 1 1 1 1 1 1 1 2 6 7 |1 6 1 1 1 1 1 1 1 1 8 1 8 1 3 2 |
2575: 2 1 1 1 1 1 1 1 1 1 5 4 1 1 1 1 |1 1 3 1 1 1 1 1 1 1 1 1 1 1 4 1 |1 1 1 1 1 1 1 1 1 1 1 1 1 1 1 1 |1 1 1 1 1 1 1 1 1 1 1 1 1 1 1 1 |1 1 1 1 1 1 1 1 1 1 1 1 1 1 1 1 |1 1 1 1 1 1 3 2 1 2 3 1 1 2 1 1 |1 1 1 1 1 1 1 1 1 1 1 1 1 1 1 1 |1 1 1 11 1 1 1 1 5 1 1 1 1 1 1 4 |1 1 1 1 1 1 1 7 1 1 1 1 1 1 2 4 |1 1 1 1 1 1 1 1 1 1 1 6 2 1 1 1 |7 1 2 1 1 1 1 1 1 1 1 1 1 2 6 7 |1 6 1 1 1 1 1 1 1 1 8 1 8 1 3 2 |
2585: 2 1 1 1 1 1 1 1 1 1 5 4 1 1 1 1 |1 1 3 1 1 1 1 1 1 1 1 1 1 1 4 1 |1 1 1 1 1 1 1 1 1 1 1 1 1 1 1 1 |1 1 1 1 1 1 1 1 1 1 1 1 1 1 1 1 |1 1 1 1 1 1 1 1 1 1 1 1 1 1 1 1 |1 1 1 1 1 1 3 2 1 2 3 1 1 2 1 1 |1 1 1 1 1 1 1 1 1 1 1 1 1 1 1 1 |1 1 1 11 1 1 1 1 5 1 1 1 1 1 1 4 |1 1 1 1 1 1 1 7 1 1 1 1 1 1 2 4 |1 1 1 1 1 1 1 1 1 1 1 8 1 1 1 1 |4 1 1 1 1 1 8 1 1 1 1 6 8 1 1 1 |1 6 1 1 4 1 1 1 1 1 1 2 4 1 1 1 |
2596: 3 1 1 1 1 1 1 1 1 1 1 7 1 1 1 1 |1 1 5 5 4 1 1 1 1 1 1 1 1 1 1 1 |1 1 1 1 1 1 1 1 1 1 1 1 1 1 1 1 |1 1 1 1 1 1 1 1 1 1 1 1 1 1 1 1 |1 1 1 1 1 1 1 1 1 1 1 1 1 1 1 1 |1 1 1 1 1 1 3 2 1 2 3 1 1 2 1 1 |1 1 1 1 1 1 1 1 1 1 1 1 1 1 1 1 |1 1 1 11 1 1 1 1 5 1 1 1 1 1 1 4 |1 1 1 1 1 1 1 7 1 1 1 1 1 1 2 4 |1 1 1 1 1 1 1 1 1 1 1 8 1 1 1 1 |4 1 1 1 1 1 8 1 1 1 1 6 8 1 1 1 |1 6 1 1 4 1 1 1 1 1 1 2 4 1 1 1 |
2607: 3 1 1 1 1 1 1 1 1 1 1 7 1 1 1 1 |1 1 5 5 4 1 1 1 1 1 1 1 1 1 1 1 |1 1 1 1 1 1 1 1 1 1 1 1 1 1 1 1 |1 1 1 1 1 1 1 1 1 1 1 1 1 1 1 1 |1 1 1 1 1 1 1 1 1 1 1 1 1 1 1 1 |1 1 1 1 1 1 2 3 1 1 1 1 1 5 1 1 |1 1 1 1 1 1 1 4 1 1 1 1 1 1 1 1 |1 1 1 1 1 1 1 1 5 1 1 1 1 1 1 4 |1 1 1 1 1 1 1 8 1 1 1 1 1 1 1 1 |1 1 1 2 1 1 1 1 1 1 1 9 1 1 1 1 |2 1 1 1 1 1 5 1 1 1 1 8 3 1 1 8 |1 6 1 1 4 1 1 1 1 1 1 2 4 1 1 1 |
2617: 3 1 1 1 1 1 1 1 1 1 1 7 1 1 1 1 |1 1 5 5 4 1 1 1 1 1 1 1 1 1 1 1 |1 1 1 1 1 1 1 1 1 1 1 1 1 1 1 1 |1 1 1 1 1 1 1 1 1 1 1 1 1 1 1 1 |1 1 1 1 1 1 1 1 1 1 1 1 1 1 1 1 |1 1 1 1 1 1 2 3 1 1 1 1 1 5 1 1 |1 1 1 1 1 1 1 4 1 1 1 1 1 1 1 1 |1 1 1 1 1 1 1 1 5 1 1 1 1 1 1 4 |1 1 1 1 1 1 1 8 1 1 1 1 1 1 1 1 |1 1 1 2 1 1 1 1 1 1 1 9 1 1 1 1 |2 1 1 1 1 1 5 1 1 1 1 8 3 1 1 8 |1 1 1 1 1 1 1 2 1 1 11 3 1 1 7 3 |
2628: 3 1 1 1 1 1 1 1 1 1 1 7 1 1 1 1 |1 1 5 5 4 1 1 1 1 1 1 1 1 1 1 1 |1 1 1 1 1 1 1 1 1 1 1 1 1 1 1 1 |1 1 1 1 1 1 1 1 1 1 1 1 1 1 1 1 |1 1 1 1 1 1 1 1 1 1 1 1 1 1 1 1 |1 1 1 1 1 1 2 3 1 1 1 1 1 5 1 1 |1 1 1 1 1 1 1 4 1 1 1 1 1 1 1 1 |1 1 1 1 1 1 1 1 5 1 1 1 1 1 1 4 |1 1 1 1 1 1 1 8 1 1 1 1 1 1 1 1 |1 1 1 2 1 1 1 1 1 1 1 9 1 1 1 1 |2 1 1 1 1 1 5 1 1 1 1 8 3 1 1 8 |1 1 1 1 1 1 1 2 1 1 11 3 1 1 7 3 |
2639: 1 1 1 1 5 1 1 1 1 1 2 7 1 1 1 1 |1 2 1 6 4 1 1 1 1 1 1 1 1 1 5 1 |1 1 1 1 1 1 1 1 1 1 1 1 1 1 1 1 |1 1 1 1 1 1 1 1 1 1 1 1 1 1 1 1 |1 1 1 1 1 1 1 1 1 1 1 1 1 1 1 1 |1 1 1 1 1 1 2 1 1 2 1 1 1 2 1 1 |1 1 1 1 1 1 1 1 1 1 1 1 1 1 1 1 |1 1 1 1 1 1 1 1 5 1 1 1 1 1 1 4 |1 1 1 1 1 1 1 8 1 1 1 1 1 1 1 1 |1 1 1 2 1 1 1 1 1 1 1 9 1 1 1 1 |2 1 1 1 1 1 5 1 1 1 1 8 3 1 1 8 |1 1 1 1 1 1 1 2 1 1 11 3 1 1 7 3 |
2650: 1 1 1 1 5 1 1 1 1 1 2 7 1 1 1 1 |1 2 1 6 4 1 1 1 1 1 1 1 1 1 5 1 |1 1 1 1 1 1 1 1 1 1 1 1 1 1 1 1 |1 1 1 1 1 1 1 1 1 1 1 1 1 1 1 1 |1 1 1 1 1 1 1 1 1 1 1 1 1 1 1 1 |1 1 1 1 1 1 2 1 1 2 1 1 1 2 1 1 |1 1 1 1 1 1 1 1 1 1 1 1 1 1 1 1 |1 1 1 2 5 1 1 1 6 1 1 1 1 1 1 4 |1 1 2 1 1 1 1 6 1 1 1 1 1 1 1 1 |1 1 1 9 1 1 1 1 1 1 1 1 1 1 1 1 |2 1 1 1 1 1 1 1 1 1 1 8 1 1 5 1 |1 5 1 5 1 1 1 1 1 1 11 1 8 1 8 1 |
2662: 1 1 1 1 5 1 1 1 1 1 2 7 1 1 1 1 |1 2 1 6 4 1 1 1 1 1 1 1 1 1 5 1 |1 1 1 1 1 1 1 1 1 1 1 1 1 1 1 1 |1 1 1 1 1 1 1 1 1 1 1 1 1 1 1 1 |1 1 1 1 1 1 1 1 1 1 1 1 1 1 1 1 |1 1 1 1 1 1 2 1 1 2 1 1 1 2 1 1 |1 1 1 1 1 1 1 1 1 1 1 1 1 1 1 1 |1 1 1 2 5 1 1 1 6 1 1 1 1 1 1 4 |1 1 2 1 1 1 1 6 1 1 1 1 1 1 1 1 |1 1 1 9 1 1 1 1 1 1 1 1 1 1 1 1 |2 1 1 1 1 1 1 1 1 1 1 8 1 1 5 1 |1 5 1 5 1 1 1 1 1 1 11 1 8 1 8 1 |
2692: 1 1 1 1 1 1 1 1 1 1 4 6 1 1 1 1 |1 1 1 1 1 1 1 1 1 1 1 1 1 1 1 1 |1 1 1 1 1 1 1 1 1 1 1 1 1 1 1 1 |1 1 1 1 1 1 1 1 1 1 1 1 1 1 1 1 |1 1 1 1 1 1 1 1 1 1 1 1 1 1 1 1 |1 1 1 1 1 1 2 1 1 2 1 1 1 2 1 1 |1 1 1 1 1 1 1 1 1 1 1 1 1 1 1 1 |1 1 1 2 5 1 1 1 6 1 1 1 1 1 1 4 |1 1 2 1 1 1 1 6 1 1 1 1 1 1 1 1 |1 1 1 9 1 1 1 1 1 1 1 1 1 1 1 1 |2 1 1 1 1 1 1 1 1 1 1 8 1 1 5 1 |1 5 1 5 1 1 1 1 1 1 11 1 8 1 8 1 |
2704: 1 1 1 1 1 1 1 1 1 1 4 6 1 1 1 1 |1 1 1 1 1 1 1 1 1 1 1 1 1 1 1 1 |1 1 1 1 1 1 1 1 1 1 1 1 1 1 1 1 |1 1 3 1 1 1 1 1 1 1 1 1 1 1 1 1 |1 1 1 1 1 1 1 1 1 1 1 1 1 3 1 1 |1 1 1 1 1 1 3 1 3 1 1 1 1 3 1 1 |1 1 1 1 1 1 1 1 1 1 1 1 1 1 1 1 |1 1 1 3 1 1 1 1 1 1 1 1 1 1 1 5 |1 1 1 1 1 1 1 3 1 1 1 1 5 1 1 1 |1 1 1 8 1 1 1 1 1 1 1 1 1 1 1 1 |5 1 7 1 1 1 5 1 1 1 1 7 1 1 1 8 |1 5 1 5 1 1 1 1 1 1 11 1 8 1 8 1 |
2715: 1 1 1 1 1 1 1 1 1 1 4 6 1 1 1 1 |1 1 1 1 1 1 1 1 1 1 1 1 1 1 1 1 |1 1 1 1 1 1 1 1 1 1 1 1 1 1 1 1 |1 1 3 1 1 1 1 1 1 1 1 1 1 1 1 1 |1 1 1 1 1 1 1 1 1 1 1 1 1 3 1 1 |1 1 1 1 1 1 3 1 3 1 1 1 1 3 1 1 |1 1 1 1 1 1 1 1 1 1 1 1 1 1 1 1 |1 1 1 3 1 1 1 1 1 1 1 1 1 1 1 5 |1 1 1 1 1 1 1 3 1 1 1 1 5 1 1 1 |1 1 1 8 1 1 1 1 1 1 1 1 1 1 1 1 |5 1 7 1 1 1 5 1 1 1 1 7 1 1 1 8 |1 7 1 9 2 1 2 1 1 1 10 7 2 1 9 8 |
2726: 3 1 1 1 1 1 1 1 1 1 1 6 1 1 1 1 |1 1 6 2 6 1 1 1 1 1 1 1 1 1 1 1 |1 1 1 1 1 1 1 1 1 1 1 1 1 1 1 1 |1 1 3 1 1 1 1 1 1 1 1 1 1 1 1 1 |1 1 1 1 1 1 1 1 1 1 1 1 1 3 1 1 |1 1 1 1 1 1 3 1 3 1 1 1 1 3 1 1 |1 1 1 1 1 1 1 1 1 1 1 1 1 1 1 1 |1 1 1 3 1 1 1 1 1 1 1 1 1 1 1 5 |1 1 1 1 1 1 1 3 1 1 1 1 5 1 1 1 |1 1 1 8 1 1 1 1 1 1 1 1 1 1 1 1 |5 1 7 1 1 1 5 1 1 1 1 7 1 1 1 8 |1 7 1 9 2 1 2 1 1 1 10 7 2 1 9 8 |
2737: 3 1 1 1 1 1 1 1 1 1 1 6 1 1 1 1 |1 1 6 2 6 1 1 1 1 1 1 1 1 1 1 1 |1 1 1 1 1 1 1 1 1 1 1 1 1 1 1 1 |1 1 1 1 1 1 1 1 1 1 1 1 1 1 1 1 |1 1 1 1 1 1 1 1 1 1 1 1 1 1 1 1 |1 1 1 1 1 1 3 4 1 3 1 1 1 4 1 1 |1 1 1 1 1 1 1 1 1 1 1 1 1 1 1 1 |1 1 1 4 4 1 1 1 5 1 1 1 1 1 1 1 |1 1 1 1 1 1 1 8 1 1 1 1 1 1 1 1 |1 1 1 8 1 1 9 1 1 1 1 9 1 1 1 1 |5 1 7 1 1 1 5 1 1 1 1 7 1 1 1 8 |1 7 1 9 2 1 2 1 1 1 10 7 2 1 9 8 |
2748: 3 1 1 1 1 1 1 1 1 1 1 6 1 1 1 1 |1 1 6 2 6 1 1 1 1 1 1 1 1 1 1 1 |1 1 1 1 1 1 1 1 1 1 1 1 1 1 1 1 |1 1 1 1 1 1 1 1 1 1 1 1 1 1 1 1 |1 1 1 1 1 1 1 1 1 1 1 1 1 1 1 1 |1 1 1 1 1 1 3 4 1 3 1 1 1 4 1 1 |1 1 1 1 1 1 1 1 1 1 1 1 1 1 1 1 |1 1 1 4 4 1 1 1 5 1 1 1 1 1 1 1 |1 1 1 1 1 1 1 8 1 1 1 1 1 1 1 1 |1 1 1 8 1 1 9 1 1 1 1 9 1 1 1 1 |3 1 1 1 1 1 7 1 1 1 1 5 1 1 1 3 |1 12 1 7 1 1 1 1 1 1 11 3 1 1 11 7 |
2758: 1 1 1 1 1 1 1 1 1 1 5 1 1 1 1 1 |1 1 6 2 6 1 1 1 1 1 1 1 1 1 1 1 |1 1 1 1 1 1 1 1 1 1 1 1 1 1 1 1 |1 1 1 1 1 1 1 1 1 1 1 1 1 1 1 1 |1 1 1 1 1 1 1 1 1 1 1 1 1 1 1 1 |1 1 1 1 1 1 3 4 1 3 1 1 1 4 1 1 |1 1 1 1 1 1 1 1 1 1 1 1 1 1 1 1 |1 1 1 4 4 1 1 1 5 1 1 1 1 1 1 1 |1 1 1 1 1 1 1 8 1 1 1 1 1 1 1 1 |1 1 1 8 1 1 9 1 1 1 1 9 1 1 1 1 |3 1 1 1 1 1 7 1 1 1 1 5 1 1 1 3 |1 12 1 7 1 1 1 1 1 1 11 3 1 1 11 7 |
2769: 1 1 1 1 1 1 1 1 1 1 5 1 1 1 1 1 |1 1 5 4 1 1 1 1 1 1 1 1 1 1 1 1 |1 1 1 1 1 1 1 1 1 1 1 1 1 1 1 1 |1 1 5 1 1 1 1 1 1 1 1 1 1 1 1 1 |1 1 1 1 1 1 1 1 1 1 1 1 1 4 1 1 |1 1 1 1 2 1 3 3 1 2 1 1 1 3 1 1 |1 1 1 1 1 1 1 1 1 1 1 1 1 1 1 1 |1 1 1 1 6 1 1 1 1 1 1 1 1 1 1 1 |1 1 2 1 1 1 1 6 1 1 1 1 1 1 1 1 |1 1 1 1 1 1 5 1 1 1 1 8 2 1 1 1 |3 1 1 1 1 1 7 1 1 1 1 5 1 1 1 3 |1 12 1 7 1 1 1 1 1 1 11 3 1 1 11 7 |
2779: 1 1 1 1 1 1 1 1 1 1 5 1 1 1 1 1 |1 1 5 4 1 1 1 1 1 1 1 1 1 1 1 1 |1 1 1 1 1 1 1 1 1 1 1 1 1 1 1 1 |1 1 5 1 1 1 1 1 1 1 1 1 1 1 1 1 |1 1 1 1 1 1 1 1 1 1 1 1 1 4 1 1 |1 1 1 1 2 1 3 3 1 2 1 1 1 3 1 1 |1 1 1 1 1 1 1 1 1 1 1 1 1 1 1 1 |1 1 1 1 6 1 1 1 1 1 1 1 1 1 1 1 |1 1 2 1 1 1 1 6 1 1 1 1 1 1 1 1 |1 1 1 1 1 1 5 1 1 1 1 8 2 1 1 1 |2 1 8 1 1 1 1 1 1 1 1 5 1 1 5 6 |1 11 1 1 2 1 1 1 1 1 11 1 7 1 8 1 |
2791: 3 1 1 1 1 1 1 1 1 1 6 6 1 1 1 1 |1 1 5 4 1 1 1 1 1 1 1 1 1 1 1 1 |1 1 1 1 1 1 1 1 1 1 1 1 1 1 1 1 |1 1 5 1 1 1 1 1 1 1 1 1 1 1 1 1 |1 1 1 1 1 1 1 1 1 1 1 1 1 4 1 1 |1 1 1 1 2 1 3 3 1 2 1 1 1 3 1 1 |1 1 1 1 1 1 1 1 1 1 1 1 1 1 1 1 |1 1 1 1 6 1 1 1 1 1 1 1 1 1 1 1 |1 1 2 1 1 1 1 6 1 1 1 1 1 1 1 1 |1 1 1 1 1 1 5 1 1 1 1 8 2 1 1 1 |2 1 8 1 1 1 1 1 1 1 1 5 1 1 5 6 |1 11 1 1 2 1 1 1 1 1 11 1 7 1 8 1 |
2802: 3 1 1 1 1 1 1 1 1 1 6 6 1 1 1 1 |1 1 9 1 7 1 1 1 1 1 1 1 1 1 6 1 |1 1 1 1 1 1 1 1 1 1 1 1 1 1 1 1 |1 1 1 1 1 1 1 1 1 1 1 1 1 1 1 1 |1 1 1 1 1 1 1 1 1 1 1 1 1 1 1 1 |1 1 1 1 1 1 1 4 2 4 1 1 1 4 1 1 |1 1 1 1 1 1 1 5 1 1 1 1 1 1 1 1 |1 1 1 3 5 1 1 1 1 1 1 1 1 1 1 1 |1 1 2 1 1 1 1 6 1 1 1 1 1 1 1 1 |1 1 1 1 1 1 5 1 1 1 1 8 2 1 1 1 |2 1 8 1 1 1 1 1 1 1 1 5 1 1 5 6 |1 11 1 1 2 1 1 1 1 1 11 1 7 1 8 1 |
2813: 3 1 1 1 1 1 1 1 1 1 6 6 1 1 1 1 |1 1 9 1 7 1 1 1 1 1 1 1 1 1 6 1 |1 1 1 1 1 1 1 1 1 1 1 1 1 1 1 1 |1 1 1 1 1 1 1 1 1 1 1 1 1 1 1 1 |1 1 1 1 1 1 1 1 1 1 1 1 1 1 1 1 |1 1 1 1 1 1 1 4 2 4 1 1 1 4 1 1 |1 1 1 1 1 1 1 5 1 1 1 1 1 1 1 1 |1 1 1 3 5 1 1 1 1 1 1 1 1 1 1 1 |1 1 1 1 1 1 1 8 1 1 1 1 6 1 1 1 |1 1 1 4 1 1 1 1 1 1 1 8 1 1 1 1 |1 1 1 1 1 1 8 1 1 1 1 1 1 1 1 8 |1 5 1 1 1 1 1 1 1 1 13 1 9 1 8 3 |
2824: 1 1 1 1 1 1 1 1 1 1 5 8 1 1 1 1 |1 1 9 1 7 1 1 1 1 1 1 1 1 1 6 1 |1 1 1 1 1 1 1 1 1 1 1 1 1 1 1 1 |1 1 1 1 1 1 1 1 1 1 1 1 1 1 1 1 |1 1 1 1 1 1 1 1 1 1 1 1 1 1 1 1 |1 1 1 1 1 1 1 4 2 4 1 1 1 4 1 1 |1 1 1 1 1 1 1 5 1 1 1 1 1 1 1 1 |1 1 1 3 5 1 1 1 1 1 1 1 1 1 1 1 |1 1 1 1 1 1 1 8 1 1 1 1 6 1 1 1 |1 1 1 4 1 1 1 1 1 1 1 8 1 1 1 1 |1 1 1 1 1 1 8 1 1 1 1 1 1 1 1 8 |1 5 1 1 1 1 1 1 1 1 13 1 9 1 8 3 |
2834: 1 1 1 1 1 1 1 1 1 1 5 8 1 1 1 1 |1 1 5 3 1 1 1 1 1 1 1 1 1 1 4 1 |1 1 1 1 1 1 1 1 1 1 1 1 1 1 1 1 |1 1 1 1 1 1 1 1 1 1 1 1 1 1 1 1 |1 1 1 1 1 1 1 1 1 1 1 1 1 1 1 1 |1 1 1 1 1 1 2 1 1 3 1 1 1 2 1 1 |1 1 1 1 1 1 1 1 1 1 1 1 1 1 1 1 |1 1 1 3 5 1 1 1 1 1 1 1 1 1 1 1 |1 1 1 1 1 1 1 8 1 1 1 1 6 1 1 1 |1 1 1 4 1 1 1 1 1 1 1 8 1 1 1 1 |1 1 1 1 1 1 8 1 1 1 1 1 1 1 1 8 |1 5 1 1 1 1 1 1 1 1 13 1 9 1 8 3 |
2845: 1 1 1 1 1 1 1 1 1 1 5 8 1 1 1 1 |1 1 5 3 1 1 1 1 1 1 1 1 1 1 4 1 |1 1 1 1 1 1 1 1 1 1 1 1 1 1 1 1 |1 1 1 1 1 1 1 1 1 1 1 1 1 1 1 1 |1 1 1 1 1 1 1 1 1 1 1 1 1 1 1 1 |1 1 1 1 1 1 2 1 1 3 1 1 1 2 1 1 |1 1 1 1 1 1 1 1 1 1 1 1 1 1 1 1 |1 1 1 1 1 8 1 1 5 1 1 1 1 1 1 1 |1 1 2 1 1 1 1 3 1 1 1 1 1 1 1 1 |1 1 1 1 1 1 1 2 1 1 1 9 1 1 1 1 |2 1 1 1 1 1 7 1 1 1 1 4 3 1 1 8 |1 7 1 6 2 1 3 1 1 1 12 1 2 1 1 1 |
2856: 1 1 1 1 1 1 1 1 1 1 5 8 1 1 1 1 |1 1 5 3 1 1 1 1 1 1 1 1 1 1 4 1 |1 1 1 1 1 1 1 1 1 1 1 1 1 1 1 1 |1 1 1 1 1 1 1 1 1 1 1 1 1 1 1 1 |1 1 1 1 1 1 1 1 1 1 1 1 1 1 1 1 |1 1 1 1 1 1 2 1 1 3 1 1 1 2 1 1 |1 1 1 1 1 1 1 1 1 1 1 1 1 1 1 1 |1 1 1 1 1 8 1 1 5 1 1 1 1 1 1 1 |1 1 2 1 1 1 1 3 1 1 1 1 1 1 1 1 |1 1 1 1 1 1 1 2 1 1 1 9 1 1 1 1 |2 1 1 1 1 1 7 1 1 1 1 4 3 1 1 8 |1 7 1 6 2 1 3 1 1 1 12 1 2 1 1 1 |
2867: 1 1 1 5 1 1 1 1 1 1 6 1 1 1 1 1 |1 1 1 1 1 1 1 1 1 1 1 1 1 1 4 1 |1 1 1 1 1 1 1 1 1 1 1 1 1 1 1 1 |1 1 1 1 1 1 1 1 1 1 1 1 1 1 1 1 |1 1 1 1 1 1 1 1 1 1 1 1 1 1 5 1 |1 1 1 1 1 1 4 1 1 1 3 1 1 3 1 1 |1 1 1 1 1 1 1 1 1 1 1 2 1 1 1 1 |1 1 1 1 1 8 1 1 5 1 1 1 1 1 1 1 |1 1 2 1 1 1 1 3 1 1 1 1 1 1 1 1 |1 1 1 1 1 1 1 2 1 1 1 9 1 1 1 1 |2 1 1 1 1 1 7 1 1 1 1 4 3 1 1 8 |1 7 1 6 2 1 3 1 1 1 12 1 2 1 1 1 |
2878: 1 1 1 5 1 1 1 1 1 1 6 1 1 1 1 1 |1 1 1 1 1 1 1 1 1 1 1 1 1 1 4 1 |1 1 1 1 1 1 1 1 1 1 1 1 1 1 1 1 |1 1 1 1 1 1 1 1 1 1 1 1 1 1 1 1 |1 1 1 1 1 1 1 1 1 1 1 1 1 1 5 1 |1 1 1 1 1 1 4 1 1 1 3 1 1 3 1 1 |1 1 1 1 1 1 1 1 1 1 1 2 1 1 1 1 |1 1 1 1 7 1 1 1 1 1 1 1 1 1 1 1 |1 1 1 2 1 1 1 8 1 1 1 1 1 1 1 1 |1 1 2 1 1 1 1 1 1 1 1 1 1 1 1 1 |2 1 1 1 1 1 8 1 1 1 5 1 1 3 1 2 |1 5 1 1 1 1 1 2 1 1 6 6 1 1 8 1 |
2888: 1 1 1 5 1 1 1 1 1 1 6 1 1 1 1 1 |1 1 1 1 1 1 1 1 1 1 1 1 1 1 4 1 |1 1 1 1 1 1 1 1 1 1 1 1 1 1 1 1 |1 1 1 1 1 1 1 1 1 1 1 1 1 1 1 1 |1 1 1 1 1 1 1 1 1 1 1 1 1 1 5 1 |1 1 1 1 1 1 4 1 1 1 3 1 1 3 1 1 |1 1 1 1 1 1 1 1 1 1 1 2 1 1 1 1 |1 1 1 1 7 1 1 1 1 1 1 1 1 1 1 1 |1 1 1 2 1 1 1 8 1 1 1 1 1 1 1 1 |1 1 2 1 1 1 1 1 1 1 1 1 1 1 1 1 |2 1 1 1 1 1 8 1 1 1 5 1 1 3 1 2 |1 5 1 1 1 1 1 2 1 1 6 6 1 1 8 1 |
2899: 4 1 1 1 3 1 1 1 1 1 5 6 1 1 1 1 |1 1 1 1 5 1 1 1 1 1 1 1 1 1 4 1 |1 1 1 1 1 1 1 1 1 1 1 1 1 1 1 1 |1 1 1 1 1 1 1 1 1 1 1 1 1 1 1 1 |1 1 1 1 1 1 1 1 1 1 1 1 1 1 1 1 |1 1 1 1 1 1 1 1 1 1 1 1 1 1 1 1 |1 1 1 1 1 1 1 1 1 1 1 2 1 1 1 1 |1 1 1 1 7 1 1 1 1 1 1 1 1 1 1 1 |1 1 1 2 1 1 1 8 1 1 1 1 1 1 1 1 |1 1 2 1 1 1 1 1 1 1 1 1 1 1 1 1 |2 1 1 1 1 1 8 1 1 1 5 1 1 3 1 2 |1 5 1 1 1 1 1 2 1 1 6 6 1 1 8 1 |
2911: 4 1 1 1 3 1 1 1 1 1 5 6 1 1 1 1 |1 1 1 1 5 1 1 1 1 1 1 1 1 1 4 1 |1 1 1 1 1 1 1 1 1 1 1 1 1 1 1 1 |1 1 1 1 1 1 1 1 1 1 1 1 1 1 1 1 |1 1 1 1 1 1 1 1 1 1 1 1 1 1 1 1 |1 1 1 1 1 1 1 1 1 1 1 1 1 1 1 1 |1 1 1 1 1 1 1 1 1 1 1 1 1 1 1 1 |1 1 1 1 6 2 1 1 6 1 1 1 1 1 1 2 |1 1 2 1 1 1 1 8 1 1 3 1 1 1 1 5 |1 1 1 1 1 1 1 1 1 1 1 1 1 1 1 1 |1 1 1 1 1 1 7 1 1 1 1 1 1 1 1 1 |1 7 1 1 1 1 1 2 1 1 11 8 3 1 3 1 |
2922: 4 1 1 1 3 1 1 1 1 1 5 6 1 1 1 1 |1 1 1 1 5 1 1 1 1 1 1 1 1 1 4 1 |1 1 1 1 1 1 1 1 1 1 1 1 1 1 1 1 |1 1 1 1 1 1 1 1 1 1 1 1 1 1 1 1 |1 1 1 1 1 1 1 1 1 1 1 1 1 1 1 1 |1 1 1 1 1 1 1 1 1 1 1 1 1 1 1 1 |1 1 1 1 1 1 1 1 1 1 1 1 1 1 1 1 |1 1 1 1 6 2 1 1 6 1 1 1 1 1 1 2 |1 1 2 1 1 1 1 8 1 1 3 1 1 1 1 5 |1 1 1 1 1 1 1 1 1 1 1 1 1 1 1 1 |1 1 1 1 1 1 7 1 1 1 1 1 1 1 1 1 |1 7 1 1 1 1 1 2 1 1 11 8 3 1 3 1 |
2932: 1 1 1 1 1 1 1 1 1 1 7 3 1 1 1 1 |1 1 1 5 1 1 1 1 1 1 1 1 1 1 5 1 |1 1 1 1 1 1 1 1 1 1 1 1 1 1 1 1 |1 1 1 1 1 1 1 1 1 1 1 1 1 1 1 1 |1 1 1 1 1 1 1 1 1 1 1 1 1 1 1 1 |1 1 1 1 1 1 1 1 1 1 1 1 1 1 1 1 |1 1 1 1 1 1 1 1 1 1 1 1 1 1 1 1 |1 1 1 1 6 2 1 1 6 1 1 1 1 1 1 2 |1 1 2 1 1 1 1 8 1 1 3 1 1 1 1 5 |1 1 1 1 1 1 1 1 1 1 1 1 1 1 1 1 |1 1 1 1 1 1 7 1 1 1 1 1 1 1 1 1 |1 7 1 1 1 1 1 2 1 1 11 8 3 1 3 1 |
2944: 1 1 1 1 1 1 1 1 1 1 7 3 1 1 1 1 |1 1 1 5 1 1 1 1 1 1 1 1 1 1 5 1 |1 1 1 1 1 1 1 1 1 1 1 1 1 1 1 1 |1 1 1 1 1 1 1 1 1 1 1 1 1 1 1 1 |1 1 1 1 1 1 1 1 1 1 1 1 1 1 1 1 |1 1 1 1 1 1 1 2 1 1 1 1 1 4 1 1 |1 1 1 1 1 1 1 2 1 1 1 1 1 1 1 1 |1 1 1 1 5 2 1 1 1 1 1 1 1 1 1 1 |1 1 1 4 1 1 1 8 1 1 1 1 1 1 1 1 |1 1 1 9 1 1 1 1 1 1 1 9 1 1 1 1 |3 1 1 1 1 1 8 1 1 1 1 6 2 1 1 1 |1 11 1 1 1 1 1 1 1 1 12 2 7 1 1 1 |
2956: 1 1 1 1 1 1 1 1 1 1 7 3 1 1 1 1 |1 1 1 5 1 1 1 1 1 1 1 1 1 1 5 1 |1 1 1 1 1 1 1 1 1 1 1 1 1 1 1 1 |1 1 1 1 1 1 1 1 1 1 1 1 1 1 1 1 |1 1 1 1 1 1 1 1 1 1 1 1 1 1 1 1 |1 1 1 1 1 1 1 2 1 1 1 1 1 4 1 1 |1 1 1 1 1 1 1 2 1 1 1 1 1 1 1 1 |1 1 1 1 5 2 1 1 1 1 1 1 1 1 1 1 |1 1 1 4 1 1 1 8 1 1 1 1 1 1 1 1 |1 1 1 9 1 1 1 1 1 1 1 9 1 1 1 1 |3 1 1 1 1 1 8 1 1 1 1 6 2 1 1 1 |1 11 1 1 1 1 1 1 1 1 12 2 7 1 1 1 |
2966: 1 1 1 1 1 1 1 1 1 1 1 6 1 1 1 1 |1 1 1 5 1 1 1 1 1 1 1 1 1 1 1 1 |1 1 1 1 1 1 1 1 1 1 1 1 1 1 1 1 |1 1 6 1 1 1 1 1 1 1 1 1 1 1 1 1 |1 1 1 1 1 1 1 1 1 1 1 1 1 1 1 1 |1 1 1 1 9 1 1 3 1 2 1 1 1 3 1 1 |1 1 1 1 1 1 1 2 1 1 1 1 1 1 1 1 |1 1 1 1 5 2 1 1 1 1 1 1 1 1 1 1 |1 1 1 4 1 1 1 8 1 1 1 1 1 1 1 1 |1 1 1 9 1 1 1 1 1 1 1 9 1 1 1 1 |3 1 1 1 1 1 8 1 1 1 1 6 2 1 1 1 |1 11 1 1 1 1 1 1 1 1 12 2 7 1 1 1 |
2978: 1 1 1 1 1 1 1 1 1 1 1 6 1 1 1 1 |1 1 1 5 1 1 1 1 1 1 1 1 1 1 1 1 |1 1 1 1 1 1 1 1 1 1 1 1 1 1 1 1 |1 1 6 1 1 1 1 1 1 1 1 1 1 1 1 1 |1 1 1 1 1 1 1 1 1 1 1 1 1 1 1 1 |1 1 1 1 9 1 1 3 1 2 1 1 1 3 1 1 |1 1 1 1 1 1 1 1 1 1 1 1 1 1 1 1 |1 1 1 1 4 3 1 1 1 1 1 1 1 1 1 4 |1 1 1 3 1 1 1 7 1 1 1 1 1 1 1 1 |1 1 1 1 1 1 1 1 1 1 1 9 2 6 1 1 |4 1 1 1 1 1 6 1 1 1 1 1 1 1 1 9 |1 5 1 1 1 1 1 1 1 1 7 1 1 1 10 1 |
2989: 1 1 1 1 1 1 1 1 1 1 1 6 1 1 1 1 |1 1 1 5 1 1 1 1 1 1 1 1 1 1 1 1 |1 1 1 1 1 1 1 1 1 1 1 1 1 1 1 1 |1 1 6 1 1 1 1 1 1 1 1 1 1 1 1 1 |1 1 1 1 1 1 1 1 1 1 1 1 1 1 1 1 |1 1 1 1 9 1 1 3 1 2 1 1 1 3 1 1 |1 1 1 1 1 1 1 1 1 1 1 1 1 1 1 1 |1 1 1 1 4 3 1 1 1 1 1 1 1 1 1 4 |1 1 1 3 1 1 1 7 1 1 1 1 1 1 1 1 |1 1 1 1 1 1 1 1 1 1 1 9 2 6 1 1 |4 1 1 1 1 1 6 1 1 1 1 1 1 1 1 9 |1 5 1 1 1 1 1 1 1 1 7 1 1 1 10 1 |
3000: 1 1 1 1 1 1 1 1 1 1 1 6 1 1 1 1 |1 1 4 6 3 1 1 1 1 1 1 1 1 1 4 1 |1 1 1 1 1 1 1 1 1 1 1 1 1 1 1 1 |1 1 1 1 1 1 1 1 1 1 1 1 1 1 1 1 |1 1 1 1 1 1 1 1 1 1 1 1 1 1 1 1 |1 1 1 1 9 1 1 3 1 2 1 1 1 3 1 1 |1 1 1 1 1 1 1 1 1 1 1 1 1 1 1 1 |1 1 1 1 4 3 1 1 1 1 1 1 1 1 1 4 |1 1 1 3 1 1 1 7 1 1 1 1 1 1 1 1 |1 1 1 1 1 1 1 1 1 1 1 9 2 6 1 1 |4 1 1 1 1 1 6 1 1 1 1 1 1 1 1 9 |1 5 1 1 1 1 1 1 1 1 7 1 1 1 10 1 |
3012: 1 1 1 1 1 1 1 1 1 1 1 6 1 1 1 1 |1 1 4 6 3 1 1 1 1 1 1 1 1 1 4 1 |1 1 1 1 1 1 1 1 1 1 1 1 1 1 1 1 |1 1 1 1 1 1 1 1 1 1 1 1 1 1 1 1 |1 1 1 1 1 1 1 1 1 1 1 1 1 1 1 1 |1 1 1 1 1 1 5 4 1 1 1 1 1 2 1 1 |1 1 1 1 1 1 1 5 1 1 1 1 1 1 1 1 |1 1 1 3 5 1 1 1 1 1 1 1 1 1 1 1 |1 1 1 1 1 1 1 7 1 1 1 1 5 1 1 1 |1 1 1 5 1 1 1 1 1 1 1 9 2 1 1 1 |1 1 3 1 1 1 1 1 1 1 1 1 1 1 1 1 |1 8 1 1 3 1 1 1 1 1 12 1 2 1 8 2 |
3023: 1 1 1 1 1 1 1 1 1 1 1 6 1 1 1 1 |1 1 4 6 3 1 1 1 1 1 1 1 1 1 4 1 |1 1 1 1 1 1 1 1 1 1 1 1 1 1 1 1 |1 1 1 1 1 1 1 1 1 1 1 1 1 1 1 1 |1 1 1 1 1 1 1 1 1 1 1 1 1 1 1 1 |1 1 1 1 1 1 5 4 1 1 1 1 1 2 1 1 |1 1 1 1 1 1 1 5 1 1 1 1 1 1 1 1 |1 1 1 3 5 1 1 1 1 1 1 1 1 1 1 1 |1 1 1 1 1 1 1 7 1 1 1 1 5 1 1 1 |1 1 1 5 1 1 1 1 1 1 1 9 2 1 1 1 |1 1 3 1 1 1 1 1 1 1 1 1 1 1 1 1 |1 8 1 1 3 1 1 1 1 1 12 1 2 1 8 2 |
3033: 1 1 1 1 1 1 1 1 1 1 2 6 1 1 1 1 |1 1 1 1 1 1 1 1 1 1 1 1 1 1 5 1 |1 1 1 1 1 1 1 1 1 1 1 1 1 1 1 1 |1 1 1 1 1 1 1 1 1 1 1 1 1 1 1 1 |1 1 1 1 1 1 1 1 1 1 1 1 1 4 1 1 |1 1 1 1 1 1 5 4 1 1 1 1 1 2 1 1 |1 1 1 1 1 1 1 5 1 1 1 1 1 1 1 1 |1 1 1 3 5 1 1 1 1 1 1 1 1 1 1 1 |1 1 1 1 1 1 1 7 1 1 1 1 5 1 1 1 |1 1 1 5 1 1 1 1 1 1 1 9 2 1 1 1 |1 1 3 1 1 1 1 1 1 1 1 1 1 1 1 1 |1 8 1 1 3 1 1 1 1 1 12 1 2 1 8 2 |
3044: 1 1 1 1 1 1 1 1 1 1 2 6 1 1 1 1 |1 1 1 1 1 1 1 1 1 1 1 1 1 1 5 1 |1 1 1 1 1 1 1 1 1 1 1 1 1 1 1 1 |1 1 1 1 1 1 1 1 1 1 1 1 1 1 1 1 |1 1 1 1 1 1 1 1 1 1 1 1 1 4 1 1 |1 1 1 1 1 1 1 2 1 2 1 1 1 3 1 1 |1 1 1 1 1 1 1 1 1 1 1 1 1 1 1 1 |1 1 1 1 6 2 1 1 1 1 1 1 6 1 1 4 |1 1 2 1 1 1 1 2 1 1 1 1 1 1 1 1 |1 1 1 8 1 1 1 1 1 1 1 9 2 1 1 1 |1 1 1 1 1 1 8 1 1 1 1 5 1 1 1 9 |1 6 1 3 1 1 1 1 1 1 13 8 2 1 2 1 |
3055: 1 1 1 1 1 1 1 1 1 1 2 6 1 1 1 1 |1 1 1 1 1 1 1 1 1 1 1 1 1 1 5 1 |1 1 1 1 1 1 1 1 1 1 1 1 1 1 1 1 |1 1 1 1 1 1 1 1 1 1 1 1 1 1 1 1 |1 1 1 1 1 1 1 1 1 1 1 1 1 4 1 1 |1 1 1 1 1 1 1 2 1 2 1 1 1 3 1 1 |1 1 1 1 1 1 1 1 1 1 1 1 1 1 1 1 |1 1 1 1 6 2 1 1 1 1 1 1 6 1 1 4 |1 1 2 1 1 1 1 2 1 1 1 1 1 1 1 1 |1 1 1 8 1 1 1 1 1 1 1 9 2 1 1 1 |1 1 1 1 1 1 8 1 1 1 1 5 1 1 1 9 |1 6 1 3 1 1 1 1 1 1 13 8 2 1 2 1 |
3066: 4 1 1 1 1 1 1 1 1 1 7 4 1 1 1 1 |1 1 4 5 1 1 1 1 1 1 1 1 1 1 1 1 |1 1 1 1 1 1 1 1 1 1 1 1 1 1 1 1 |1 1 1 1 1 1 1 1 1 1 1 1 1 1 1 1 |1 1 1 1 1 1 1 1 1 1 1 1 1 4 1 1 |1 1 1 1 1 1 1 2 1 2 1 1 1 3 1 1 |1 1 1 1 1 1 1 1 1 1 1 1 1 1 1 1 |1 1 1 1 6 2 1 1 1 1 1 1 6 1 1 4 |1 1 2 1 1 1 1 2 1 1 1 1 1 1 1 1 |1 1 1 8 1 1 1 1 1 1 1 9 2 1 1 1 |1 1 1 1 1 1 8 1 1 1 1 5 1 1 1 9 |1 6 1 3 1 1 1 1 1 1 13 8 2 1 2 1 |
3076: 4 1 1 1 1 1 1 1 1 1 7 4 1 1 1 1 |1 1 4 5 1 1 1 1 1 1 1 1 1 1 1 1 |1 1 1 1 1 1 1 1 1 1 1 1 1 1 1 1 |1 1 4 1 1 1 1 1 1 1 1 1 1 1 1 1 |1 1 1 1 1 1 1 1 1 1 1 1 1 1 1 1 |1 1 1 1 1 1 3 2 1 2 1 1 1 3 1 1 |1 1 1 1 1 1 1 1 1 1 1 1 1 1 1 1 |1 1 1 1 5 1 1 1 4 7 1 1 1 1 1 4 |1 1 1 16 1 1 1 8 1 1 5 1 1 1 1 1 |1 1 1 8 1 1 1 1 1 1 1 9 1 1 1 1 |4 1 1 1 1 1 8 1 1 1 1 7 4 1 1 2 |1 10 1 1 1 1 1 1 1 1 6 1 1 1 8 1 |
3087: 4 1 1 1 1 1 1 1 1 1 7 4 1 1 1 1 |1 1 4 5 1 1 1 1 1 1 1 1 1 1 1 1 |1 1 1 1 1 1 1 1 1 1 1 1 1 1 1 1 |1 1 4 1 1 1 1 1 1 1 1 1 1 1 1 1 |1 1 1 1 1 1 1 1 1 1 1 1 1 1 1 1 |1 1 1 1 1 1 3 2 1 2 1 1 1 3 1 1 |1 1 1 1 1 1 1 1 1 1 1 1 1 1 1 1 |1 1 1 1 5 1 1 1 4 7 1 1 1 1 1 4 |1 1 1 16 1 1 1 8 1 1 5 1 1 1 1 1 |1 1 1 8 1 1 1 1 1 1 1 9 1 1 1 1 |4 1 1 1 1 1 8 1 1 1 1 7 4 1 1 2 |1 10 1 1 1 1 1 1 1 1 6 1 1 1 8 1 |
3098: 1 1 1 1 1 1 1 1 1 1 5 4 1 1 1 1 |1 1 8 1 6 1 1 1 1 1 1 1 1 1 1 1 |1 1 1 1 1 1 1 1 1 1 1 1 1 1 1 1 |1 1 4 1 1 1 1 1 1 1 1 1 1 1 1 1 |1 1 1 1 1 1 1 1 1 1 1 1 1 1 1 1 |1 1 1 1 1 1 3 2 1 2 1 1 1 3 1 1 |1 1 1 1 1 1 1 1 1 1 1 1 1 1 1 1 |1 1 1 1 5 1 1 1 4 7 1 1 1 1 1 4 |1 1 1 16 1 1 1 8 1 1 5 1 1 1 1 1 |1 1 1 8 1 1 1 1 1 1 1 9 1 1 1 1 |4 1 1 1 1 1 8 1 1 1 1 7 4 1 1 2 |1 10 1 1 1 1 1 1 1 1 6 1 1 1 8 1 |
3108: 1 1 1 1 1 1 1 1 1 1 5 4 1 1 1 1 |1 1 8 1 6 1 1 1 1 1 1 1 1 1 1 1 |1 1 1 1 1 1 1 1 1 1 1 1 1 1 1 1 |1 1 1 1 1 1 1 1 1 1 1 1 1 1 1 1 |1 1 1 1 1 1 1 1 1 1 1 1 1 3 1 1 |1 1 1 1 1 1 1 3 1 2 1 1 1 1 1 1 |1 1 1 1 1 1 1 4 1 1 1 1 1 1 1 1 |1 1 1 2 7 1 1 1 3 5 1 1 1 1 1 1 |1 1 1 1 1 1 1 1 1 1 1 1 1 1 1 1 |1 1 1 1 1 1 1 2 1 1 1 8 2 1 1 1 |7 1 1 1 1 1 8 1 1 1 1 1 1 1 1 1 |1 5 1 1 1 1 1 1 1 1 1 9 1 2 3 1 |
3120: 1 1 1 1 1 1 1 1 1 1 5 4 1 1 1 1 |1 1 8 1 6 1 1 1 1 1 1 1 1 1 1 1 |1 1 1 1 1 1 1 1 1 1 1 1 1 1 1 1 |1 1 1 1 1 1 1 1 1 1 1 1 1 1 1 1 |1 1 1 1 1 1 1 1 1 1 1 1 1 3 1 1 |1 1 1 1 1 1 1 3 1 2 1 1 1 1 1 1 |1 1 1 1 1 1 1 4 1 1 1 1 1 1 1 1 |1 1 1 2 7 1 1 1 3 5 1 1 1 1 1 1 |1 1 1 1 1 1 1 1 1 1 1 1 1 1 1 1 |1 1 1 1 1 1 1 2 1 1 1 8 2 1 1 1 |7 1 1 1 1 1 8 1 1 1 1 1 1 1 1 1 |1 5 1 1 1 1 1 1 1 1 1 9 1 2 3 1 |
3131: 3 1 1 1 1 1 1 1 1 1 1 6 1 1 1 1 |1 1 3 1 11 1 1 1 1 1 1 1 1 1 5 1 |1 1 1 1 1 1 1 1 1 1 1 1 1 1 1 1 |1 1 1 1 1 1 1 1 1 1 1 1 1 1 1 1 |1 1 1 1 1 1 1 1 1 1 1 1 1 3 1 1 |1 1 1 1 1 1 1 3 1 2 1 1 1 1 1 1 |1 1 1 1 1 1 1 4 1 1 1 1 1 1 1 1 |1 1 1 2 7 1 1 1 3 5 1 1 1 1 1 1 |1 1 1 1 1 1 1 1 1 1 1 1 1 1 1 1 |1 1 1 1 1 1 1 2 1 1 1 8 2 1 1 1 |7 1 1 1 1 1 8 1 1 1 1 1 1 1 1 1 |1 5 1 1 1 1 1 1 1 1 1 9 1 2 3 1 |
3142: 3 1 1 1 1 1 1 1 1 1 1 6 1 1 1 1 |1 1 3 1 11 1 1 1 1 1 1 1 1 1 5 1 |1 1 1 1 1 1 1 1 1 1 1 1 1 1 1 1 |1 1 1 1 1 1 1 1 1 1 1 1 1 1 1 1 |1 1 1 1 1 1 1 1 1 1 1 1 1 1 1 1 |1 1 1 1 1 1 3 3 1 5 1 1 1 4 1 1 |1 1 1 1 1 1 1 5 1 1 1 1 1 1 1 1 |1 1 1 2 6 1 1 1 1 1 1 1 1 1 1 1 |1 1 2 1 1 1 1 1 1 1 1 1 1 1 1 3 |1 1 1 1 1 1 1 1 1 1 1 9 2 1 1 1 |2 1 1 1 1 1 7 1 1 1 1 1 1 1 1 7 |1 1 1 1 1 1 2 1 1 1 1 8 6 1 3 1 |
3153: 3 1 1 1 1 1 1 1 1 1 1 6 1 1 1 1 |1 1 3 1 11 1 1 1 1 1 1 1 1 1 5 1 |1 1 1 1 1 1 1 1 1 1 1 1 1 1 1 1 |1 1 1 1 1 1 1 1 1 1 1 1 1 1 1 1 |1 1 1 1 1 1 1 1 1 1 1 1 1 1 1 1 |1 1 1 1 1 1 3 3 1 5 1 1 1 4 1 1 |1 1 1 1 1 1 1 5 1 1 1 1 1 1 1 1 |1 1 1 2 6 1 1 1 1 1 1 1 1 1 1 1 |1 1 2 1 1 1 1 1 1 1 1 1 1 1 1 3 |1 1 1 1 1 1 1 1 1 1 1 9 2 1 1 1 |2 1 1 1 1 1 7 1 1 1 1 1 1 1 1 7 |1 1 1 1 1 1 2 1 1 1 1 8 6 1 3 1 |
3164: 2 1 1 1 1 1 1 1 1 1 1 7 1 1 1 1 |1 1 3 1 1 1 1 1 1 1 1 1 1 1 1 1 |1 1 1 1 1 1 1 1 1 1 1 1 1 1 1 1 |1 1 1 1 1 1 1 1 1 1 1 1 1 1 1 1 |1 1 1 1 1 1 1 1 1 1 1 1 1 1 1 1 |1 1 1 1 1 1 3 3 1 5 1 1 1 4 1 1 |1 1 1 1 1 1 1 5 1 1 1 1 1 1 1 1 |1 1 1 2 6 1 1 1 1 1 1 1 1 1 1 1 |1 1 2 1 1 1 1 1 1 1 1 1 1 1 1 3 |1 1 1 1 1 1 1 1 1 1 1 9 2 1 1 1 |2 1 1 1 1 1 7 1 1 1 1 1 1 1 1 7 |1 1 1 1 1 1 2 1 1 1 1 8 6 1 3 1 |
3174: 2 1 1 1 1 1 1 1 1 1 1 7 1 1 1 1 |1 1 3 1 1 1 1 1 1 1 1 1 1 1 1 1 |1 1 1 1 1 1 1 1 1 1 1 1 1 1 1 1 |1 2 1 1 1 1 1 1 1 1 1 1 1 1 1 1 |1 1 1 1 1 1 1 1 1 1 1 1 1 3 1 1 |1 1 1 1 1 1 4 3 1 1 1 1 1 1 1 1 |1 1 1 1 1 1 1 1 1 1 1 1 1 2 1 1 |1 1 1 1 5 5 1 1 4 1 1 1 1 1 1 1 |1 1 1 1 1 1 1 7 1 1 1 1 1 1 1 1 |1 1 1 1 1 1 2 1 1 1 1 8 1 1 1 1 |2 1 1 1 1 1 7 1 1 1 1 1 1 1 1 3 |1 1 1 1 1 1 2 1 1 1 1 8 6 1 3 1 |
3185: 2 1 1 1 1 1 1 1 1 1 1 7 1 1 1 1 |1 1 3 1 1 1 1 1 1 1 1 1 1 1 1 1 |1 1 1 1 1 1 1 1 1 1 1 1 1 1 1 1 |1 2 1 1 1 1 1 1 1 1 1 1 1 1 1 1 |1 1 1 1 1 1 1 1 1 1 1 1 1 3 1 1 |1 1 1 1 1 1 4 3 1 1 1 1 1 1 1 1 |1 1 1 1 1 1 1 1 1 1 1 1 1 2 1 1 |1 1 1 1 5 5 1 1 4 1 1 1 1 1 1 1 |1 1 1 1 1 1 1 7 1 1 1 1 1 1 1 1 |1 1 1 1 1 1 2 1 1 1 1 8 1 1 1 1 |2 1 1 1 1 1 7 1 1 1 1 1 1 1 1 3 |1 5 1 8 1 1 3 1 1 1 10 7 1 1 8 1 |
3195: 2 1 1 1 6 1 1 1 1 1 5 4 1 1 1 1 |1 1 1 1 4 1 1 1 1 1 1 1 1 1 3 1 |1 1 1 1 1 1 1 1 1 1 1 1 1 1 1 1 |1 2 1 1 1 1 1 1 1 1 1 1 1 1 1 1 |1 1 1 1 1 1 1 1 1 1 1 1 1 3 1 1 |1 1 1 1 1 1 4 3 1 1 1 1 1 1 1 1 |1 1 1 1 1 1 1 1 1 1 1 1 1 2 1 1 |1 1 1 1 5 5 1 1 4 1 1 1 1 1 1 1 |1 1 1 1 1 1 1 7 1 1 1 1 1 1 1 1 |1 1 1 1 1 1 2 1 1 1 1 8 1 1 1 1 |2 1 1 1 1 1 7 1 1 1 1 1 1 1 1 3 |1 5 1 8 1 1 3 1 1 1 10 7 1 1 8 1 |
3206: 2 1 1 1 6 1 1 1 1 1 5 4 1 1 1 1 |1 1 1 1 4 1 1 1 1 1 1 1 1 1 3 1 |1 1 1 1 1 1 1 1 1 1 1 1 1 1 1 1 |1 1 1 1 1 1 1 1 1 1 1 1 1 1 1 1 |1 1 1 1 1 1 1 1 1 1 1 1 1 3 1 1 |1 1 1 1 1 1 3 2 1 3 2 1 1 1 1 1 |1 1 1 1 1 1 1 1 1 1 1 1 1 1 1 1 |1 1 1 3 5 1 1 1 6 8 1 1 1 1 1 1 |1 1 2 1 1 1 1 9 1 1 1 1 1 1 1 1 |1 1 1 9 1 1 1 1 1 1 1 8 8 1 1 1 |3 1 1 1 1 1 1 1 1 1 1 6 1 1 1 8 |1 5 1 8 1 1 3 1 1 1 10 7 1 1 8 1 |
3218: 2 1 1 1 6 1 1 1 1 1 5 4 1 1 1 1 |1 1 1 1 4 1 1 1 1 1 1 1 1 1 3 1 |1 1 1 1 1 1 1 1 1 1 1 1 1 1 1 1 |1 1 1 1 1 1 1 1 1 1 1 1 1 1 1 1 |1 1 1 1 1 1 1 1 1 1 1 1 1 3 1 1 |1 1 1 1 1 1 3 2 1 3 2 1 1 1 1 1 |1 1 1 1 1 1 1 1 1 1 1 1 1 1 1 1 |1 1 1 3 5 1 1 1 6 8 1 1 1 1 1 1 |1 1 2 1 1 1 1 9 1 1 1 1 1 1 1 1 |1 1 1 9 1 1 1 1 1 1 1 8 8 1 1 1 |3 1 1 1 1 1 1 1 1 1 1 6 1 1 1 8 |1 5 1 1 1 1 1 1 1 1 6 8 1 1 9 2 |
3228: 1 1 1 1 1 1 1 1 1 1 6 5 1 1 1 1 |1 1 3 1 1 1 1 1 1 1 1 1 1 1 4 1 |1 1 1 1 1 1 1 1 1 1 1 1 1 1 1 1 |1 1 1 1 1 1 1 1 1 1 1 1 1 1 1 1 |1 1 1 1 1 1 1 1 1 1 1 1 1 3 1 1 |1 1 1 1 1 1 3 2 1 3 2 1 1 1 1 1 |1 1 1 1 1 1 1 1 1 1 1 1 1 1 1 1 |1 1 1 3 5 1 1 1 6 8 1 1 1 1 1 1 |1 1 2 1 1 1 1 9 1 1 1 1 1 1 1 1 |1 1 1 9 1 1 1 1 1 1 1 8 8 1 1 1 |3 1 1 1 1 1 1 1 1 1 1 6 1 1 1 8 |1 5 1 1 1 1 1 1 1 1 6 8 1 1 9 2 |
3239: 1 1 1 1 1 1 1 1 1 1 6 5 1 1 1 1 |1 1 3 1 1 1 1 1 1 1 1 1 1 1 4 1 |1 1 1 1 1 1 1 1 1 1 1 1 1 1 1 1 |1 1 1 1 1 1 1 1 1 1 1 1 1 1 1 1 |1 1 1 1 1 1 1 1 1 1 1 1 1 9 1 1 |1 1 1 1 1 1 2 3 1 1 1 1 1 1 1 1 |1 1 1 1 1 1 1 1 1 1 1 1 1 1 1 1 |1 1 1 1 4 2 1 1 4 1 1 1 1 1 1 4 |1 1 1 1 1 1 1 8 1 1 1 1 1 1 1 1 |1 1 1 1 1 1 1 1 1 1 1 9 1 1 1 1 |4 1 4 1 1 1 6 1 1 1 1 1 1 1 1 4 |1 5 1 1 1 1 1 1 1 1 6 8 1 1 9 2 |
3250: 1 1 1 1 1 1 1 1 1 1 6 5 1 1 1 1 |1 1 3 1 1 1 1 1 1 1 1 1 1 1 4 1 |1 1 1 1 1 1 1 1 1 1 1 1 1 1 1 1 |1 1 1 1 1 1 1 1 1 1 1 1 1 1 1 1 |1 1 1 1 1 1 1 1 1 1 1 1 1 9 1 1 |1 1 1 1 1 1 2 3 1 1 1 1 1 1 1 1 |1 1 1 1 1 1 1 1 1 1 1 1 1 1 1 1 |1 1 1 1 4 2 1 1 4 1 1 1 1 1 1 4 |1 1 1 1 1 1 1 8 1 1 1 1 1 1 1 1 |1 1 1 1 1 1 1 1 1 1 1 9 1 1 1 1 |4 1 4 1 1 1 6 1 1 1 1 1 1 1 1 4 |1 6 1 1 1 1 1 1 1 1 12 8 7 1 12 5 |
3260: 4 1 1 1 1 1 1 1 1 1 1 1 1 1 1 1 |1 1 2 3 1 1 1 1 1 1 1 1 1 1 1 1 |1 1 1 1 1 1 1 1 1 1 1 1 1 1 1 1 |1 1 1 1 1 1 1 1 1 1 1 1 1 1 1 1 |1 1 1 1 1 1 1 1 1 1 1 1 1 9 1 1 |1 1 1 1 1 1 2 3 1 1 1 1 1 1 1 1 |1 1 1 1 1 1 1 1 1 1 1 1 1 1 1 1 |1 1 1 1 4 2 1 1 4 1 1 1 1 1 1 4 |1 1 1 1 1 1 1 8 1 1 1 1 1 1 1 1 |1 1 1 1 1 1 1 1 1 1 1 9 1 1 1 1 |4 1 4 1 1 1 6 1 1 1 1 1 1 1 1 4 |1 6 1 1 1 1 1 1 1 1 12 8 7 1 12 5 |
3272: 4 1 1 1 1 1 1 1 1 1 1 1 1 1 1 1 |1 1 2 3 1 1 1 1 1 1 1 1 1 1 1 1 |1 1 1 1 1 1 1 1 1 1 1 1 1 1 1 1 |1 1 1 1 1 1 1 1 1 1 1 1 1 1 1 1 |1 1 1 1 1 1 1 1 1 1 1 1 1 1 1 1 |1 1 1 1 1 1 3 3 1 1 1 1 1 4 1 1 |1 1 1 1 1 1 1 1 1 1 3 1 1 1 1 1 |1 1 1 1 1 11 1 1 3 1 1 1 1 1 1 5 |1 1 1 1 1 1 1 2 1 1 1 1 5 1 1 1 |1 1 1 1 1 1 1 1 1 1 1 9 1 1 1 1 |4 1 4 1 1 1 6 1 1 1 1 1 1 1 1 4 |1 6 1 1 1 1 1 1 1 1 12 8 7 1 12 5 |
3283: 4 1 1 1 1 1 1 1 1 1 1 1 1 1 1 1 |1 1 2 3 1 1 1 1 1 1 1 1 1 1 1 1 |1 1 1 1 1 1 1 1 1 1 1 1 1 1 1 1 |1 1 1 1 1 1 1 1 1 1 1 1 1 1 1 1 |1 1 1 1 1 1 1 1 1 1 1 1 1 1 1 1 |1 1 1 1 1 1 3 3 1 1 1 1 1 4 1 1 |1 1 1 1 1 1 1 1 1 1 3 1 1 1 1 1 |1 1 1 1 1 11 1 1 3 1 1 1 1 1 1 5 |1 1 1 1 1 1 1 2 1 1 1 1 5 1 1 1 |1 1 1 1 1 1 1 1 1 1 1 9 1 1 1 1 |3 1 1 1 1 1 8 1 1 1 1 6 2 1 1 2 |1 1 1 1 1 1 1 1 1 1 7 2 8 1 4 1 |
3293: 3 1 1 1 1 1 1 1 1 1 1 6 1 1 1 1 |1 1 2 3 1 1 1 1 1 1 1 1 1 1 1 1 |1 1 1 1 1 1 1 1 1 1 1 1 1 1 1 1 |1 1 1 1 1 1 1 1 1 1 1 1 1 1 1 1 |1 1 1 1 1 1 1 1 1 1 1 1 1 1 1 1 |1 1 1 1 1 1 3 3 1 1 1 1 1 4 1 1 |1 1 1 1 1 1 1 1 1 1 3 1 1 1 1 1 |1 1 1 1 1 11 1 1 3 1 1 1 1 1 1 5 |1 1 1 1 1 1 1 2 1 1 1 1 5 1 1 1 |1 1 1 1 1 1 1 1 1 1 1 9 1 1 1 1 |3 1 1 1 1 1 8 1 1 1 1 6 2 1 1 2 |1 1 1 1 1 1 1 1 1 1 7 2 8 1 4 1 |
3304: 3 1 1 1 1 1 1 1 1 1 1 6 1 1 1 1 |1 3 1 1 1 1 1 1 1 1 1 1 1 1 4 1 |1 1 1 1 1 1 1 1 1 1 1 1 1 1 1 1 |1 1 1 1 1 1 1 1 1 1 1 1 1 1 1 1 |1 1 1 1 1 1 1 1 1 1 1 1 1 1 1 1 |1 1 1 1 2 2 3 3 1 1 1 1 1 3 1 1 |1 1 1 1 1 1 1 1 1 1 1 1 1 1 1 1 |1 1 1 1 4 1 1 1 5 1 1 1 1 1 1 1 |1 1 2 1 1 1 1 1 1 1 1 1 1 1 1 1 |1 1 1 7 1 1 1 1 1 1 1 10 1 1 1 1 |3 1 1 1 1 1 8 1 1 1 1 6 2 1 1 2 |1 1 1 1 1 1 1 1 1 1 7 2 8 1 4 1 |
3315: 3 1 1 1 1 1 1 1 1 1 1 6 1 1 1 1 |1 3 1 1 1 1 1 1 1 1 1 1 1 1 4 1 |1 1 1 1 1 1 1 1 1 1 1 1 1 1 1 1 |1 1 1 1 1 1 1 1 1 1 1 1 1 1 1 1 |1 1 1 1 1 1 1 1 1 1 1 1 1 1 1 1 |1 1 1 1 2 2 3 3 1 1 1 1 1 3 1 1 |1 1 1 1 1 1 1 1 1 1 1 1 1 1 1 1 |1 1 1 1 4 1 1 1 5 1 1 1 1 1 1 1 |1 1 2 1 1 1 1 1 1 1 1 1 1 1 1 1 |1 1 1 7 1 1 1 1 1 1 1 10 1 1 1 1 |4 1 1 1 1 1 1 1 1 1 1 1 1 1 1 1 |1 11 1 1 3 1 1 1 1 1 7 2 1 2 4 1 |
3326: 3 1 1 1 1 1 1 1 1 1 1 6 1 1 1 1 |1 3 1 1 1 1 1 1 1 1 1 1 1 1 4 1 |1 1 1 1 1 1 1 1 1 1 1 1 1 1 1 1 |1 1 1 1 1 1 1 1 1 1 1 1 1 1 1 1 |1 1 1 1 1 1 1 1 1 1 1 1 1 1 1 1 |1 1 1 1 2 2 3 3 1 1 1 1 1 3 1 1 |1 1 1 1 1 1 1 1 1 1 1 1 1 1 1 1 |1 1 1 1 4 1 1 1 5 1 1 1 1 1 1 1 |1 1 2 1 1 1 1 1 1 1 1 1 1 1 1 1 |1 1 1 7 1 1 1 1 1 1 1 10 1 1 1 1 |4 1 1 1 1 1 1 1 1 1 1 1 1 1 1 1 |1 11 1 1 3 1 1 1 1 1 7 2 1 2 4 1 |
3357: 1 1 1 1 1 1 1 1 1 1 4 6 1 1 1 1 |1 3 1 1 1 1 1 1 1 1 1 1 1 1 4 1 |1 1 1 1 1 1 1 1 1 1 1 1 1 1 1 1 |1 1 1 1 1 1 1 1 1 1 1 1 1 1 1 1 |1 1 1 1 1 1 1 1 1 1 1 1 1 1 1 1 |1 1 1 1 2 2 3 3 1 1 1 1 1 3 1 1 |1 1 1 1 1 1 1 1 1 1 1 1 1 1 1 1 |1 1 1 1 4 1 1 1 5 1 1 1 1 1 1 1 |1 1 2 1 1 1 1 1 1 1 1 1 1 1 1 1 |1 1 1 7 1 1 1 1 1 1 1 10 1 1 1 1 |4 1 1 1 1 1 1 1 1 1 1 1 1 1 1 1 |1 11 1 1 3 1 1 1 1 1 7 2 1 2 4 1 |
3368: 1 1 1 1 1 1 1 1 1 1 4 6 1 1 1 1 |1 1 1 1 1 1 1 1 1 1 1 1 1 1 1 1 |1 1 1 1 1 1 1 1 1 1 1 1 1 1 1 1 |1 1 1 1 1 1 1 1 2 1 1 1 1 1 1 1 |1 1 1 1 1 1 1 1 1 1 1 1 1 2 4 1 |1 1 1 1 1 1 3 1 2 1 1 1 1 2 1 1 |1 1 1 1 1 1 1 1 1 1 3 1 1 1 1 1 |1 1 1 2 1 1 1 1 1 1 1 1 1 1 1 4 |1 1 1 1 1 1 1 7 1 1 1 1 1 1 1 6 |1 1 1 1 1 1 1 1 1 1 1 9 1 1 1 1 |4 1 1 1 1 1 1 1 1 1 1 1 1 1 1 1 |1 11 1 1 3 1 1 1 1 1 7 2 1 2 4 1 |
3379: 1 1 1 1 1 1 1 1 1 1 4 6 1 1 1 1 |1 1 1 1 1 1 1 1 1 1 1 1 1 1 1 1 |1 1 1 1 1 1 1 1 1 1 1 1 1 1 1 1 |1 1 1 1 1 1 1 1 2 1 1 1 1 1 1 1 |1 1 1 1 1 1 1 1 1 1 1 1 1 2 4 1 |1 1 1 1 1 1 3 1 2 1 1 1 1 2 1 1 |1 1 1 1 1 1 1 1 1 1 3 1 1 1 1 1 |1 1 1 2 1 1 1 1 1 1 1 1 1 1 1 4 |1 1 1 1 1 1 1 7 1 1 1 1 1 1 1 6 |1 1 1 1 1 1 1 1 1 1 1 9 1 1 1 1 |2 1 3 1 1 1 1 1 1 1 1 7 1 1 1 8 |1 7 1 9 1 1 2 1 1 1 11 7 7 1 10 6 |
3390: 9 1 1 1 1 1 1 1 1 1 5 1 1 1 1 1 |1 1 1 1 1 1 1 1 1 1 1 1 1 1 1 1 |1 1 1 1 1 1 1 1 1 1 1 1 1 1 1 1 |1 1 1 1 1 1 1 1 2 1 1 1 1 1 1 1 |1 1 1 1 1 1 1 1 1 1 1 1 1 2 4 1 |1 1 1 1 1 1 3 1 2 1 1 1 1 2 1 1 |1 1 1 1 1 1 1 1 1 1 3 1 1 1 1 1 |1 1 1 2 1 1 1 1 1 1 1 1 1 1 1 4 |1 1 1 1 1 1 1 7 1 1 1 1 1 1 1 6 |1 1 1 1 1 1 1 1 1 1 1 9 1 1 1 1 |2 1 3 1 1 1 1 1 1 1 1 7 1 1 1 8 |1 7 1 9 1 1 2 1 1 1 11 7 7 1 10 6 |
3401: 9 1 1 1 1 1 1 1 1 1 5 1 1 1 1 1 |1 1 3 3 1 1 1 1 1 1 1 1 1 1 2 1 |1 1 1 1 1 1 1 1 1 1 1 1 1 1 1 1 |1 1 1 1 1 1 1 1 1 1 1 1 1 1 1 1 |1 1 1 1 1 1 1 1 1 1 1 1 1 1 4 1 |1 1 1 1 1 1 3 4 1 4 1 1 1 2 1 1 |1 1 1 1 1 1 1 1 1 1 1 1 1 2 1 1 |1 1 1 1 1 1 1 1 5 1 1 1 1 1 1 4 |1 1 1 1 1 1 1 7 1 1 1 1 1 1 1 1 |1 1 1 1 1 1 1 1 1 1 1 9 1 1 1 1 |2 1 3 1 1 1 1 1 1 1 1 7 1 1 1 8 |1 7 1 9 1 1 2 1 1 1 11 7 7 1 10 6 |
3412: 9 1 1 1 1 1 1 1 1 1 5 1 1 1 1 1 |1 1 3 3 1 1 1 1 1 1 1 1 1 1 2 1 |1 1 1 1 1 1 1 1 1 1 1 1 1 1 1 1 |1 1 1 1 1 1 1 1 1 1 1 1 1 1 1 1 |1 1 1 1 1 1 1 1 1 1 1 1 1 1 4 1 |1 1 1 1 1 1 3 4 1 4 1 1 1 2 1 1 |1 1 1 1 1 1 1 1 1 1 1 1 1 2 1 1 |1 1 1 1 1 1 1 1 5 1 1 1 1 1 1 4 |1 1 1 1 1 1 1 7 1 1 1 1 1 1 1 1 |1 1 2 1 1 1 1 1 1 1 1 1 9 1 1 1 |4 1 1 1 1 1 6 1 1 1 1 5 1 1 1 3 |1 1 1 1 1 1 1 1 1 1 11 2 1 1 4 1 |
3423: 3 1 1 1 1 1 1 1 1 1 5 5 1 1 1 1 |1 1 3 3 1 1 1 1 1 1 1 1 1 1 2 1 |1 1 1 1 1 1 1 1 1 1 1 1 1 1 1 1 |1 1 1 1 1 1 1 1 1 1 1 1 1 1 1 1 |1 1 1 1 1 1 1 1 1 1 1 1 1 1 4 1 |1 1 1 1 1 1 3 4 1 4 1 1 1 2 1 1 |1 1 1 1 1 1 1 1 1 1 1 1 1 2 1 1 |1 1 1 1 1 1 1 1 5 1 1 1 1 1 1 4 |1 1 1 1 1 1 1 7 1 1 1 1 1 1 1 1 |1 1 2 1 1 1 1 1 1 1 1 1 9 1 1 1 |4 1 1 1 1 1 6 1 1 1 1 5 1 1 1 3 |1 1 1 1 1 1 1 1 1 1 11 2 1 1 4 1 |
3434: 3 1 1 1 1 1 1 1 1 1 5 5 1 1 1 1 |1 1 4 2 1 1 1 1 1 1 1 1 1 1 4 1 |1 1 1 1 1 1 1 1 1 1 1 1 1 1 1 1 |1 1 5 1 1 1 1 1 1 1 1 1 1 1 1 1 |1 1 1 1 1 1 1 1 1 1 1 1 1 3 1 1 |1 1 1 1 9 1 1 4 1 2 1 1 1 2 1 1 |1 1 1 1 1 1 1 5 1 1 1 1 1 1 1 1 |1 1 1 3 7 3 1 1 1 1 1 1 1 1 1 4 |1 1 1 1 1 1 1 7 1 1 1 1 1 1 1 1 |1 1 2 1 1 1 1 1 1 1 1 1 9 1 1 1 |4 1 1 1 1 1 6 1 1 1 1 5 1 1 1 3 |1 1 1 1 1 1 1 1 1 1 11 2 1 1 4 1 |
3445: 3 1 1 1 1 1 1 1 1 1 5 5 1 1 1 1 |1 1 4 2 1 1 1 1 1 1 1 1 1 1 4 1 |1 1 1 1 1 1 1 1 1 1 1 1 1 1 1 1 |1 1 5 1 1 1 1 1 1 1 1 1 1 1 1 1 |1 1 1 1 1 1 1 1 1 1 1 1 1 3 1 1 |1 1 1 1 9 1 1 4 1 2 1 1 1 2 1 1 |1 1 1 1 1 1 1 5 1 1 1 1 1 1 1 1 |1 1 1 3 7 3 1 1 1 1 1 1 1 1 1 4 |1 1 1 1 1 1 1 7 1 1 1 1 1 1 1 1 |1 1 1 7 1 1 1 1 1 1 1 9 1 1 1 1 |3 1 1 1 1 1 7 1 1 1 1 1 1 1 1 7 |1 4 1 1 1 1 1 1 1 1 12 3 1 1 4 7 |
3456: 3 1 1 1 1 1 1 1 1 1 5 5 1 1 1 1 |1 1 4 2 1 1 1 1 1 1 1 1 1 1 4 1 |1 1 1 1 1 1 1 1 1 1 1 1 1 1 1 1 |1 1 5 1 1 1 1 1 1 1 1 1 1 1 1 1 |1 1 1 1 1 1 1 1 1 1 1 1 1 3 1 1 |1 1 1 1 9 1 1 4 1 2 1 1 1 2 1 1 |1 1 1 1 1 1 1 5 1 1 1 1 1 1 1 1 |1 1 1 3 7 3 1 1 1 1 1 1 1 1 1 4 |1 1 1 1 1 1 1 7 1 1 1 1 1 1 1 1 |1 1 1 7 1 1 1 1 1 1 1 9 1 1 1 1 |3 1 1 1 1 1 7 1 1 1 1 1 1 1 1 7 |1 4 1 1 1 1 1 1 1 1 12 3 1 1 4 7 |
3468: 1 1 1 1 1 1 1 1 1 1 5 7 1 1 1 1 |1 1 1 6 1 1 1 1 1 1 1 1 1 1 4 1 |1 1 1 1 1 1 1 1 1 1 1 1 1 1 1 1 |1 1 1 1 1 1 1 1 1 1 1 1 1 1 1 1 |1 1 1 1 1 1 1 1 1 1 1 1 1 1 1 1 |1 2 1 1 1 1 1 1 2 3 1 1 1 3 1 1 |1 1 1 1 1 1 1 1 1 1 1 1 1 1 1 1 |1 1 1 2 7 1 1 1 1 1 1 1 1 1 1 1 |1 1 1 1 1 1 1 7 1 1 1 1 1 1 1 1 |1 1 1 7 1 1 1 1 1 1 1 9 1 1 1 1 |3 1 1 1 1 1 7 1 1 1 1 1 1 1 1 7 |1 4 1 1 1 1 1 1 1 1 12 3 1 1 4 7 |
3478: 1 1 1 1 1 1 1 1 1 1 5 7 1 1 1 1 |1 1 1 6 1 1 1 1 1 1 1 1 1 1 4 1 |1 1 1 1 1 1 1 1 1 1 1 1 1 1 1 1 |1 1 1 1 1 1 1 1 1 1 1 1 1 1 1 1 |1 1 1 1 1 1 1 1 1 1 1 1 1 1 1 1 |1 2 1 1 1 1 1 1 2 3 1 1 1 3 1 1 |1 1 1 1 1 1 1 1 1 1 1 1 1 1 1 1 |1 1 1 2 7 1 1 1 1 1 1 1 1 1 1 1 |1 1 2 1 1 1 1 6 1 1 1 1 1 1 1 10 |1 1 1 1 1 1 1 1 1 1 1 9 1 1 1 1 |1 1 6 1 1 1 8 1 1 1 1 1 1 1 1 1 |1 11 1 1 1 1 1 1 1 1 1 1 1 2 10 2 |
3489: 1 1 1 1 1 1 1 1 1 1 5 7 1 1 1 1 |1 1 1 6 1 1 1 1 1 1 1 1 1 1 4 1 |1 1 1 1 1 1 1 1 1 1 1 1 1 1 1 1 |1 1 1 1 1 1 1 1 1 1 1 1 1 1 1 1 |1 1 1 1 1 1 1 1 1 1 1 1 1 1 1 1 |1 2 1 1 1 1 1 1 2 3 1 1 1 3 1 1 |1 1 1 1 1 1 1 1 1 1 1 1 1 1 1 1 |1 1 1 2 7 1 1 1 1 1 1 1 1 1 1 1 |1 1 2 1 1 1 1 6 1 1 1 1 1 1 1 10 |1 1 1 1 1 1 1 1 1 1 1 9 1 1 1 1 |1 1 6 1 1 1 8 1 1 1 1 1 1 1 1 1 |1 11 1 1 1 1 1 1 1 1 1 1 1 2 10 2 |
3500: 6 1 1 1 1 1 1 1 1 1 6 7 1 1 1 1 |1 1 1 1 4 1 1 1 1 1 1 1 1 1 5 1 |1 1 1 1 1 1 1 1 1 1 1 1 1 1 1 1 |1 1 1 1 1 1 1 1 1 1 1 1 1 1 1 1 |1 1 1 1 4 1 1 1 1 1 1 1 1 1 1 1 |1 1 1 1 1 1 2 3 1 3 2 1 1 3 1 1 |1 1 1 1 1 1 1 1 1 1 1 1 1 1 1 1 |1 1 1 2 7 1 1 1 1 1 1 1 1 1 1 1 |1 1 2 1 1 1 1 6 1 1 1 1 1 1 1 10 |1 1 1 1 1 1 1 1 1 1 1 9 1 1 1 1 |1 1 6 1 1 1 8 1 1 1 1 1 1 1 1 1 |1 11 1 1 1 1 1 1 1 1 1 1 1 2 10 2 |
3511: 6 1 1 1 1 1 1 1 1 1 6 7 1 1 1 1 |1 1 1 1 4 1 1 1 1 1 1 1 1 1 5 1 |1 1 1 1 1 1 1 1 1 1 1 1 1 1 1 1 |1 1 1 1 1 1 1 1 1 1 1 1 1 1 1 1 |1 1 1 1 4 1 1 1 1 1 1 1 1 1 1 1 |1 1 1 1 1 1 2 3 1 3 2 1 1 3 1 1 |1 1 1 1 1 2 1 5 1 1 1 1 1 1 1 1 |1 1 1 1 7 6 1 1 1 1 1 1 1 1 1 3 |1 1 3 1 1 1 1 7 1 1 1 1 1 1 1 1 |1 1 1 6 1 1 1 1 1 1 1 7 1 1 1 1 |3 1 3 4 1 1 9 1 1 1 1 5 1 1 7 7 |1 5 1 3 1 1 1 1 1 1 11 1 1 1 9 7 |
3522: 6 1 1 1 1 1 1 1 1 1 6 7 1 1 1 1 |1 1 1 1 4 1 1 1 1 1 1 1 1 1 5 1 |1 1 1 1 1 1 1 1 1 1 1 1 1 1 1 1 |1 1 1 1 1 1 1 1 1 1 1 1 1 1 1 1 |1 1 1 1 4 1 1 1 1 1 1 1 1 1 1 1 |1 1 1 1 1 1 2 3 1 3 2 1 1 3 1 1 |1 1 1 1 1 2 1 5 1 1 1 1 1 1 1 1 |1 1 1 1 7 6 1 1 1 1 1 1 1 1 1 3 |1 1 3 1 1 1 1 7 1 1 1 1 1 1 1 1 |1 1 1 6 1 1 1 1 1 1 1 7 1 1 1 1 |3 1 3 4 1 1 9 1 1 1 1 5 1 1 7 7 |1 5 1 3 1 1 1 1 1 1 11 1 1 1 9 7 |
3532: 2 1 1 1 2 1 1 1 1 1 4 6 1 1 1 1 |1 1 5 3 1 1 1 1 1 1 1 1 1 1 1 1 |1 1 1 1 1 1 1 1 1 1 1 1 1 1 1 1 |1 1 1 1 1 1 1 1 1 1 1 1 1 1 1 1 |1 1 1 1 4 1 1 1 1 1 1 1 1 1 1 1 |1 1 1 1 1 1 2 3 1 3 2 1 1 3 1 1 |1 1 1 1 1 2 1 5 1 1 1 1 1 1 1 1 |1 1 1 1 7 6 1 1 1 1 1 1 1 1 1 3 |1 1 3 1 1 1 1 7 1 1 1 1 1 1 1 1 |1 1 1 6 1 1 1 1 1 1 1 7 1 1 1 1 |3 1 3 4 1 1 9 1 1 1 1 5 1 1 7 7 |1 5 1 3 1 1 1 1 1 1 11 1 1 1 9 7 |
3543: 2 1 1 1 2 1 1 1 1 1 4 6 1 1 1 1 |1 1 5 3 1 1 1 1 1 1 1 1 1 1 1 1 |1 1 1 1 1 1 1 1 1 1 1 1 1 1 1 1 |1 1 1 1 1 1 1 1 1 1 1 1 1 1 1 1 |1 1 1 1 1 1 1 1 1 1 1 1 1 1 1 1 |1 1 1 1 1 1 1 3 1 2 1 1 1 1 1 1 |1 1 1 1 1 1 1 1 1 1 1 1 1 1 1 1 |1 1 1 2 5 1 1 1 1 1 1 1 1 1 1 4 |1 1 1 10 1 1 1 8 1 1 1 1 1 1 1 1 |1 1 1 1 1 1 1 1 1 1 1 9 1 1 1 1 |4 1 1 1 1 2 1 1 1 1 1 7 1 1 1 2 |1 5 1 1 1 1 1 2 1 1 4 8 5 1 4 2 |
3554: 2 1 1 1 2 1 1 1 1 1 4 6 1 1 1 1 |1 1 5 3 1 1 1 1 1 1 1 1 1 1 1 1 |1 1 1 1 1 1 1 1 1 1 1 1 1 1 1 1 |1 1 1 1 1 1 1 1 1 1 1 1 1 1 1 1 |1 1 1 1 1 1 1 1 1 1 1 1 1 1 1 1 |1 1 1 1 1 1 1 3 1 2 1 1 1 1 1 1 |1 1 1 1 1 1 1 1 1 1 1 1 1 1 1 1 |1 1 1 2 5 1 1 1 1 1 1 1 1 1 1 4 |1 1 1 10 1 1 1 8 1 1 1 1 1 1 1 1 |1 1 1 1 1 1 1 1 1 1 1 9 1 1 1 1 |4 1 1 1 1 2 1 1 1 1 1 7 1 1 1 2 |1 5 1 1 1 1 1 2 1 1 4 8 5 1 4 2 |
3564: 1 1 1 1 1 1 1 1 1 1 6 1 1 1 1 1 |1 1 9 1 5 1 1 1 1 1 1 1 1 1 1 1 |1 1 1 1 1 1 1 1 1 1 1 1 1 1 1 1 |1 1 1 1 1 1 1 1 1 1 1 1 1 1 1 1 |1 1 1 1 1 1 1 1 1 1 1 1 1 1 1 1 |1 1 1 1 1 1 1 1 2 3 1 1 1 1 1 1 |1 1 1 1 1 1 1 1 1 1 1 1 1 1 1 1 |1 1 1 2 5 1 1 1 1 1 1 1 1 1 1 4 |1 1 1 10 1 1 1 8 1 1 1 1 1 1 1 1 |1 1 1 1 1 1 1 1 1 1 1 9 1 1 1 1 |4 1 1 1 1 2 1 1 1 1 1 7 1 1 1 2 |1 5 1 1 1 1 1 2 1 1 4 8 5 1 4 2 |
3576: 1 1 1 1 1 1 1 1 1 1 6 1 1 1 1 1 |1 1 9 1 5 1 1 1 1 1 1 1 1 1 1 1 |1 1 1 1 1 1 1 1 1 1 1 1 1 1 1 1 |1 1 1 1 1 1 1 1 1 1 1 1 1 1 1 1 |1 1 1 1 1 1 1 1 1 1 1 1 1 1 1 1 |1 1 1 1 1 1 1 1 2 3 1 1 1 1 1 1 |1 1 1 1 1 1 1 1 1 1 1 1 1 1 1 1 |1 1 1 1 1 1 1 1 1 1 1 1 1 1 1 4 |1 1 1 1 1 1 1 9 1 1 6 1 1 1 1 1 |1 1 1 1 1 1 1 1 1 1 1 9 2 1 1 1 |1 1 1 1 1 1 1 1 1 1 1 4 1 1 5 5 |1 1 1 2 1 1 1 1 1 1 1 1 1 2 3 1 |
3586: 1 1 1 1 1 1 1 1 1 1 6 1 1 1 1 1 |1 1 9 1 5 1 1 1 1 1 1 1 1 1 1 1 |1 1 1 1 1 1 1 1 1 1 1 1 1 1 1 1 |1 1 1 1 1 1 1 1 1 1 1 1 1 1 1 1 |1 1 1 1 1 1 1 1 1 1 1 1 1 1 1 1 |1 1 1 1 1 1 1 1 2 3 1 1 1 1 1 1 |1 1 1 1 1 1 1 1 1 1 1 1 1 1 1 1 |1 1 1 1 1 1 1 1 1 1 1 1 1 1 1 4 |1 1 1 1 1 1 1 9 1 1 6 1 1 1 1 1 |1 1 1 1 1 1 1 1 1 1 1 9 2 1 1 1 |1 1 1 1 1 1 1 1 1 1 1 4 1 1 5 5 |1 1 1 2 1 1 1 1 1 1 1 1 1 2 3 1 |
3597: 2 1 1 1 1 1 1 1 1 1 1 6 1 1 1 1 |1 1 3 5 3 1 1 1 1 1 1 1 1 1 5 1 |1 1 1 1 1 1 1 1 1 1 1 1 1 1 1 1 |1 1 1 1 1 1 1 1 1 1 1 1 1 1 1 1 |1 1 1 1 1 1 1 1 1 1 1 1 1 1 1 1 |1 1 1 1 1 1 1 1 2 3 1 1 1 1 1 1 |1 1 1 1 1 1 1 1 1 1 1 1 1 1 1 1 |1 1 1 1 1 1 1 1 1 1 1 1 1 1 1 4 |1 1 1 1 1 1 1 9 1 1 6 1 1 1 1 1 |1 1 1 1 1 1 1 1 1 1 1 9 2 1 1 1 |1 1 1 1 1 1 1 1 1 1 1 4 1 1 5 5 |1 1 1 2 1 1 1 1 1 1 1 1 1 2 3 1 |
3608: 2 1 1 1 1 1 1 1 1 1 1 6 1 1 1 1 |1 1 3 5 3 1 1 1 1 1 1 1 1 1 5 1 |1 1 1 1 1 1 1 1 1 1 1 1 1 1 1 1 |1 1 1 1 1 1 1 1 1 1 1 1 1 1 1 1 |1 1 1 1 1 1 1 1 1 1 1 1 1 1 1 1 |1 5 1 1 1 1 3 2 1 1 1 1 1 3 1 1 |1 1 1 1 1 1 1 1 1 1 1 1 1 1 1 1 |1 1 1 7 5 1 1 1 3 1 1 1 1 1 1 6 |1 1 1 1 1 1 1 6 1 1 1 1 1 1 2 1 |1 1 1 1 1 1 1 1 1 1 1 6 3 1 1 1 |5 1 1 1 1 1 7 1 1 1 1 6 2 1 1 2 |1 12 1 1 1 1 3 1 1 1 14 4 2 1 3 1 |
3618: 2 1 1 1 1 1 1 1 1 1 1 6 1 1 1 1 |1 1 3 5 3 1 1 1 1 1 1 1 1 1 5 1 |1 1 1 1 1 1 1 1 1 1 1 1 1 1 1 1 |1 1 1 1 1 1 1 1 1 1 1 1 1 1 1 1 |1 1 1 1 1 1 1 1 1 1 1 1 1 1 1 1 |1 5 1 1 1 1 3 2 1 1 1 1 1 3 1 1 |1 1 1 1 1 1 1 1 1 1 1 1 1 1 1 1 |1 1 1 7 5 1 1 1 3 1 1 1 1 1 1 6 |1 1 1 1 1 1 1 6 1 1 1 1 1 1 2 1 |1 1 1 1 1 1 1 1 1 1 1 6 3 1 1 1 |5 1 1 1 1 1 7 1 1 1 1 6 2 1 1 2 |1 12 1 1 1 1 3 1 1 1 14 4 2 1 3 1 |
3630: 1 1 1 1 1 1 1 1 1 1 6 1 1 1 1 1 |1 1 1 1 1 1 1 1 1 1 1 1 1 1 4 1 |1 1 1 1 1 1 1 1 1 1 1 1 1 1 1 1 |1 1 5 1 1 1 1 1 1 1 1 1 1 1 1 1 |1 1 1 1 1 1 1 1 1 1 1 1 1 1 1 1 |1 5 1 1 1 1 3 2 1 1 1 1 1 3 1 1 |1 1 1 1 1 1 1 1 1 1 1 1 1 1 1 1 |1 1 1 7 5 1 1 1 3 1 1 1 1 1 1 6 |1 1 1 1 1 1 1 6 1 1 1 1 1 1 2 1 |1 1 1 1 1 1 1 1 1 1 1 6 3 1 1 1 |5 1 1 1 1 1 7 1 1 1 1 6 2 1 1 2 |1 12 1 1 1 1 3 1 1 1 14 4 2 1 3 1 |
3641: 1 1 1 1 1 1 1 1 1 1 6 1 1 1 1 1 |1 1 1 1 1 1 1 1 1 1 1 1 1 1 4 1 |1 1 1 1 1 1 1 1 1 1 1 1 1 1 1 1 |1 1 5 1 1 1 1 1 1 1 1 1 1 1 1 1 |1 1 1 1 1 1 1 1 1 1 1 1 1 1 1 1 |1 1 1 1 1 1 2 4 1 3 1 1 1 4 1 1 |1 1 1 1 1 1 1 1 1 1 1 1 1 1 1 1 |1 1 1 1 5 9 1 1 4 1 1 1 1 1 1 3 |1 1 1 13 1 1 1 3 1 1 1 1 1 1 1 1 |3 1 1 1 1 1 1 1 1 1 1 11 1 1 1 1 |1 1 1 1 1 1 1 1 1 1 1 6 1 1 2 1 |1 1 1 1 1 1 1 1 1 1 11 3 8 1 9 1 |
3652: 1 1 1 1 1 1 1 1 1 1 6 1 1 1 1 1 |1 1 1 1 1 1 1 1 1 1 1 1 1 1 4 1 |1 1 1 1 1 1 1 1 1 1 1 1 1 1 1 1 |1 1 5 1 1 1 1 1 1 1 1 1 1 1 1 1 |1 1 1 1 1 1 1 1 1 1 1 1 1 1 1 1 |1 1 1 1 1 1 2 4 1 3 1 1 1 4 1 1 |1 1 1 1 1 1 1 1 1 1 1 1 1 1 1 1 |1 1 1 1 5 9 1 1 4 1 1 1 1 1 1 3 |1 1 1 13 1 1 1 3 1 1 1 1 1 1 1 1 |3 1 1 1 1 1 1 1 1 1 1 11 1 1 1 1 |1 1 1 1 1 1 1 1 1 1 1 6 1 1 2 1 |1 1 1 1 1 1 1 1 1 1 11 3 8 1 9 1 |
3663: 1 1 1 1 7 1 1 1 1 1 6 1 1 1 1 1 |1 1 1 1 1 1 1 1 1 1 1 1 1 1 4 1 |1 1 1 1 1 1 1 1 1 1 1 1 1 1 1 1 |1 1 1 1 1 1 1 1 1 1 1 1 1 1 1 1 |1 1 1 1 1 1 1 1 1 1 1 1 1 1 1 1 |1 1 1 1 1 1 2 4 1 3 1 1 1 4 1 1 |1 1 1 1 1 1 1 1 1 1 1 1 1 1 1 1 |1 1 1 1 5 9 1 1 4 1 1 1 1 1 1 3 |1 1 1 13 1 1 1 3 1 1 1 1 1 1 1 1 |3 1 1 1 1 1 1 1 1 1 1 11 1 1 1 1 |1 1 1 1 1 1 1 1 1 1 1 6 1 1 2 1 |1 1 1 1 1 1 1 1 1 1 11 3 8 1 9 1 |
3675: 1 1 1 1 7 1 1 1 1 1 6 1 1 1 1 1 |1 1 1 1 1 1 1 1 1 1 1 1 1 1 4 1 |1 1 1 1 1 1 1 1 1 1 1 1 1 1 1 1 |1 1 1 1 1 1 1 1 1 1 1 1 1 1 1 1 |1 1 1 1 1 1 1 1 1 1 1 1 1 7 4 1 |1 1 1 1 1 1 2 1 1 1 1 1 1 3 1 1 |1 1 1 1 1 1 1 1 1 1 1 1 1 1 1 1 |1 1 1 2 5 2 1 1 4 1 1 1 1 1 1 4 |1 1 2 1 1 1 1 3 1 1 1 1 1 1 1 1 |1 1 1 9 1 1 1 1 1 1 1 1 8 1 1 1 |1 1 1 1 1 1 3 1 1 1 1 6 1 1 7 8 |1 13 1 2 2 1 1 1 1 1 7 2 1 1 10 2 |
3685: 1 1 1 1 7 1 1 1 1 1 6 1 1 1 1 1 |1 1 1 1 1 1 1 1 1 1 1 1 1 1 4 1 |1 1 1 1 1 1 1 1 1 1 1 1 1 1 1 1 |1 1 1 1 1 1 1 1 1 1 1 1 1 1 1 1 |1 1 1 1 1 1 1 1 1 1 1 1 1 7 4 1 |1 1 1 1 1 1 2 1 1 1 1 1 1 3 1 1 |1 1 1 1 1 1 1 1 1 1 1 1 1 1 1 1 |1 1 1 2 5 2 1 1 4 1 1 1 1 1 1 4 |1 1 2 1 1 1 1 3 1 1 1 1 1 1 1 1 |1 1 1 9 1 1 1 1 1 1 1 1 8 1 1 1 |1 1 1 1 1 1 3 1 1 1 1 6 1 1 7 8 |1 13 1 2 2 1 1 1 1 1 7 2 1 1 10 2 |
3696: 4 1 1 1 1 1 1 1 1 1 1 4 1 1 1 1 |1 1 5 1 1 1 1 1 1 1 1 1 1 1 1 1 |1 1 1 1 1 1 1 1 1 1 1 1 1 1 1 1 |1 1 1 1 1 1 1 1 1 1 1 1 1 1 1 1 |1 1 1 1 1 1 1 1 1 1 1 1 1 8 1 1 |1 1 1 1 1 1 2 3 1 4 2 1 1 1 1 1 |1 1 1 1 1 1 1 1 1 1 1 1 1 1 1 1 |1 1 1 2 5 2 1 1 4 1 1 1 1 1 1 4 |1 1 2 1 1 1 1 3 1 1 1 1 1 1 1 1 |1 1 1 9 1 1 1 1 1 1 1 1 8 1 1 1 |1 1 1 1 1 1 3 1 1 1 1 6 1 1 7 8 |1 13 1 2 2 1 1 1 1 1 7 2 1 1 10 2 |
3707: 4 1 1 1 1 1 1 1 1 1 1 4 1 1 1 1 |1 1 5 1 1 1 1 1 1 1 1 1 1 1 1 1 |1 1 1 1 1 1 1 1 1 1 1 1 1 1 1 1 |1 1 1 1 1 1 1 1 1 1 1 1 1 1 1 1 |1 1 1 1 1 1 1 1 1 1 1 1 1 8 1 1 |1 1 1 1 1 1 2 3 1 4 2 1 1 1 1 1 |1 1 1 1 1 1 1 1 1 1 1 1 1 1 1 1 |1 1 1 11 6 1 1 1 3 1 1 1 1 1 1 5 |1 1 1 1 1 1 1 1 1 1 1 1 1 1 1 1 |1 1 1 1 1 1 1 1 1 1 1 8 2 1 1 1 |5 1 1 1 1 1 6 1 1 1 1 5 3 1 6 8 |1 7 1 8 3 1 1 1 1 1 9 1 1 1 1 1 |
3719: 4 1 1 1 1 1 1 1 1 1 1 4 1 1 1 1 |1 1 5 1 1 1 1 1 1 1 1 1 1 1 1 1 |1 1 1 1 1 1 1 1 1 1 1 1 1 1 1 1 |1 1 1 1 1 1 1 1 1 1 1 1 1 1 1 1 |1 1 1 1 1 1 1 1 1 1 1 1 1 8 1 1 |1 1 1 1 1 1 2 3 1 4 2 1 1 1 1 1 |1 1 1 1 1 1 1 1 1 1 1 1 1 1 1 1 |1 1 1 11 6 1 1 1 3 1 1 1 1 1 1 5 |1 1 1 1 1 1 1 1 1 1 1 1 1 1 1 1 |1 1 1 1 1 1 1 1 1 1 1 8 2 1 1 1 |5 1 1 1 1 1 6 1 1 1 1 5 3 1 6 8 |1 7 1 8 3 1 1 1 1 1 9 1 1 1 1 1 |
3730: 1 1 1 1 1 1 1 1 1 1 6 8 1 1 1 1 |1 1 1 1 1 1 1 1 1 1 1 1 1 1 1 1 |1 1 1 1 1 1 1 1 1 1 1 1 1 1 1 1 |1 1 1 1 1 1 1 1 1 1 1 1 1 1 1 1 |1 1 1 1 1 1 1 1 1 1 1 1 1 6 1 1 |1 1 1 1 1 1 2 3 1 4 2 1 1 1 1 1 |1 1 1 1 1 1 1 1 1 1 1 1 1 1 1 1 |1 1 1 11 6 1 1 1 3 1 1 1 1 1 1 5 |1 1 1 1 1 1 1 1 1 1 1 1 1 1 1 1 |1 1 1 1 1 1 1 1 1 1 1 8 2 1 1 1 |5 1 1 1 1 1 6 1 1 1 1 5 3 1 6 8 |1 7 1 8 3 1 1 1 1 1 9 1 1 1 1 1 |
3741: 1 1 1 1 1 1 1 1 1 1 6 8 1 1 1 1 |1 1 1 1 1 1 1 1 1 1 1 1 1 1 1 1 |1 1 1 1 1 1 1 1 1 1 1 1 1 1 1 1 |1 1 1 1 1 1 1 1 1 1 1 1 1 1 1 1 |1 1 1 1 1 1 1 1 1 1 1 1 1 6 1 1 |1 1 1 1 1 1 4 1 1 2 1 1 1 4 1 1 |1 1 1 1 1 1 1 1 1 1 1 1 1 1 1 1 |1 1 1 1 1 12 1 1 5 1 1 1 1 1 1 1 |1 1 1 1 1 1 1 8 1 1 1 1 1 1 1 1 |1 1 1 1 1 1 1 1 1 1 1 9 3 1 1 1 |1 1 4 1 1 1 7 1 1 1 1 5 1 1 1 1 |1 1 1 1 1 1 1 1 1 1 12 4 8 1 8 1 |
3752: 1 1 1 1 1 1 1 1 1 1 6 8 1 1 1 1 |1 1 1 1 1 1 1 1 1 1 1 1 1 1 1 1 |1 1 1 1 1 1 1 1 1 1 1 1 1 1 1 1 |1 1 1 1 1 1 1 1 1 1 1 1 1 1 1 1 |1 1 1 1 1 1 1 1 1 1 1 1 1 6 1 1 |1 1 1 1 1 1 4 1 1 2 1 1 1 4 1 1 |1 1 1 1 1 1 1 1 1 1 1 1 1 1 1 1 |1 1 1 1 1 12 1 1 5 1 1 1 1 1 1 1 |1 1 1 1 1 1 1 8 1 1 1 1 1 1 1 1 |1 1 1 1 1 1 1 1 1 1 1 9 3 1 1 1 |1 1 4 1 1 1 7 1 1 1 1 5 1 1 1 1 |1 1 1 1 1 1 1 1 1 1 12 4 8 1 8 1 |
3762: 1 1 1 1 1 1 1 1 1 1 5 7 1 1 1 1 |1 1 1 1 1 1 1 1 1 1 1 1 1 1 3 1 |1 1 1 1 1 1 1 1 1 1 1 1 1 1 1 1 |1 1 1 1 1 1 1 1 1 1 1 1 1 1 1 1 |1 1 1 1 1 1 1 1 1 1 1 1 1 8 1 1 |1 1 1 1 1 1 4 1 1 2 1 1 1 4 1 1 |1 1 1 1 1 1 1 1 1 1 1 1 1 1 1 1 |1 1 1 1 1 12 1 1 5 1 1 1 1 1 1 1 |1 1 1 1 1 1 1 8 1 1 1 1 1 1 1 1 |1 1 1 1 1 1 1 1 1 1 1 9 3 1 1 1 |1 1 4 1 1 1 7 1 1 1 1 5 1 1 1 1 |1 1 1 1 1 1 1 1 1 1 12 4 8 1 8 1 |
3773: 1 1 1 1 1 1 1 1 1 1 5 7 1 1 1 1 |1 1 1 1 1 1 1 1 1 1 1 1 1 1 3 1 |1 1 1 1 1 1 1 1 1 1 1 1 1 1 1 1 |1 1 1 1 1 1 1 1 1 1 1 1 1 1 1 1 |1 1 1 1 1 1 1 1 1 1 1 1 1 8 1 1 |1 1 1 1 1 1 2 1 2 2 1 1 1 3 1 1 |1 1 1 1 1 1 1 1 1 1 1 1 1 1 1 1 |1 1 1 1 5 2 1 1 1 4 1 1 1 1 1 1 |1 1 2 1 1 1 1 8 1 1 1 1 1 1 1 1 |1 1 1 10 1 1 4 1 1 1 1 1 9 1 1 1 |2 1 7 1 1 1 1 1 1 1 1 6 1 1 5 1 |1 6 1 1 13 1 1 2 1 1 13 2 1 1 1 1 |
3783: 1 1 1 1 1 1 1 1 1 1 5 7 1 1 1 1 |1 1 1 1 1 1 1 1 1 1 1 1 1 1 3 1 |1 1 1 1 1 1 1 1 1 1 1 1 1 1 1 1 |1 1 1 1 1 1 1 1 1 1 1 1 1 1 1 1 |1 1 1 1 1 1 1 1 1 1 1 1 1 8 1 1 |1 1 1 1 1 1 2 1 2 2 1 1 1 3 1 1 |1 1 1 1 1 1 1 1 1 1 1 1 1 1 1 1 |1 1 1 1 5 2 1 1 1 4 1 1 1 1 1 1 |1 1 2 1 1 1 1 8 1 1 1 1 1 1 1 1 |1 1 1 10 1 1 4 1 1 1 1 1 9 1 1 1 |2 1 7 1 1 1 1 1 1 1 1 6 1 1 5 1 |1 6 1 1 13 1 1 2 1 1 13 2 1 1 1 1 |
3793: 2 1 1 1 1 1 1 1 1 1 6 1 1 1 1 1 |1 1 6 1 1 1 1 1 1 1 1 1 1 1 6 1 |1 1 1 1 1 1 1 1 1 1 1 1 1 1 1 1 |1 1 1 1 1 1 1 1 1 1 1 1 1 1 1 1 |1 1 1 1 1 1 1 1 1 1 1 1 1 8 1 1 |1 1 1 1 1 1 2 1 2 2 1 1 1 3 1 1 |1 1 1 1 1 1 1 1 1 1 1 1 1 1 1 1 |1 1 1 1 5 2 1 1 1 4 1 1 1 1 1 1 |1 1 2 1 1 1 1 8 1 1 1 1 1 1 1 1 |1 1 1 10 1 1 4 1 1 1 1 1 9 1 1 1 |2 1 7 1 1 1 1 1 1 1 1 6 1 1 5 1 |1 6 1 1 13 1 1 2 1 1 13 2 1 1 1 1 |
3803: 2 1 1 1 1 1 1 1 1 1 6 1 1 1 1 1 |1 1 6 1 1 1 1 1 1 1 1 1 1 1 6 1 |1 1 1 1 1 1 1 1 1 1 1 1 1 1 1 1 |1 1 1 1 1 1 1 1 1 1 1 1 1 1 1 1 |1 1 1 1 1 1 1 1 1 1 1 1 1 1 1 1 |1 1 1 1 1 1 2 8 1 3 1 1 1 1 1 1 |1 1 1 1 1 1 1 1 1 1 1 1 1 1 1 1 |1 1 1 1 5 7 1 1 1 1 1 1 1 1 1 2 |1 1 1 1 1 1 1 1 1 1 1 1 1 1 1 1 |1 1 1 10 1 1 4 1 1 1 1 1 9 1 1 1 |2 1 7 1 1 1 1 1 1 1 1 6 1 1 5 1 |1 6 1 1 13 1 1 2 1 1 13 2 1 1 1 1 |
3814: 2 1 1 1 1 1 1 1 1 1 6 1 1 1 1 1 |1 1 6 1 1 1 1 1 1 1 1 1 1 1 6 1 |1 1 1 1 1 1 1 1 1 1 1 1 1 1 1 1 |1 1 1 1 1 1 1 1 1 1 1 1 1 1 1 1 |1 1 1 1 1 1 1 1 1 1 1 1 1 1 1 1 |1 1 1 1 1 1 2 8 1 3 1 1 1 1 1 1 |1 1 1 1 1 1 1 1 1 1 1 1 1 1 1 1 |1 1 1 1 5 7 1 1 1 1 1 1 1 1 1 2 |1 1 1 1 1 1 1 1 1 1 1 1 1 1 1 1 |1 1 1 1 6 1 1 1 1 1 1 11 1 8 1 1 |3 1 1 1 1 1 7 1 1 1 1 6 1 1 1 3 |1 4 1 1 1 1 1 1 1 1 5 8 2 1 4 1 |
3825: 1 1 1 1 1 1 1 1 1 1 1 7 1 1 1 1 |1 1 6 1 1 1 1 1 1 1 1 1 1 1 6 1 |1 1 1 1 1 1 1 1 1 1 1 1 1 1 1 1 |1 1 1 1 1 1 1 1 1 1 1 1 1 1 1 1 |1 1 1 1 1 1 1 1 1 1 1 1 1 1 1 1 |1 1 1 1 1 1 2 8 1 3 1 1 1 1 1 1 |1 1 1 1 1 1 1 1 1 1 1 1 1 1 1 1 |1 1 1 1 5 7 1 1 1 1 1 1 1 1 1 2 |1 1 1 1 1 1 1 1 1 1 1 1 1 1 1 1 |1 1 1 1 6 1 1 1 1 1 1 11 1 8 1 1 |3 1 1 1 1 1 7 1 1 1 1 6 1 1 1 3 |1 4 1 1 1 1 1 1 1 1 5 8 2 1 4 1 |
3836: 1 1 1 1 1 1 1 1 1 1 1 7 1 1 1 1 |1 1 5 4 2 1 1 1 1 1 1 1 1 1 5 1 |1 1 1 1 1 1 1 1 1 1 1 1 1 1 1 1 |1 1 1 1 1 1 1 1 1 1 1 1 1 1 1 1 |1 1 1 1 1 1 1 1 1 1 1 1 1 1 1 1 |1 1 1 1 1 1 1 3 1 2 1 1 1 4 1 1 |1 1 1 1 1 1 1 5 1 1 1 1 1 5 1 1 |1 1 1 1 1 1 1 1 1 1 1 1 1 1 1 1 |1 1 1 1 1 1 1 7 1 1 1 1 1 1 1 1 |1 1 1 1 1 1 1 1 1 1 1 6 1 1 1 1 |1 1 1 1 5 1 1 1 1 1 1 8 8 1 1 1 |1 4 1 1 1 1 1 1 1 1 5 8 2 1 4 1 |
3848: 1 1 1 1 1 1 1 1 1 1 1 7 1 1 1 1 |1 1 5 4 2 1 1 1 1 1 1 1 1 1 5 1 |1 1 1 1 1 1 1 1 1 1 1 1 1 1 1 1 |1 1 1 1 1 1 1 1 1 1 1 1 1 1 1 1 |1 1 1 1 1 1 1 1 1 1 1 1 1 1 1 1 |1 1 1 1 1 1 1 3 1 2 1 1 1 4 1 1 |1 1 1 1 1 1 1 5 1 1 1 1 1 5 1 1 |1 1 1 1 1 1 1 1 1 1 1 1 1 1 1 1 |1 1 1 1 1 1 1 7 1 1 1 1 1 1 1 1 |1 1 1 1 1 1 1 1 1 1 1 6 1 1 1 1 |1 1 1 1 5 1 1 1 1 1 1 8 8 1 1 1 |1 1 1 7 1 1 1 1 1 1 13 2 9 2 8 2 |
3858: 1 1 1 1 1 1 1 1 1 1 1 7 1 1 1 1 |1 1 5 4 2 1 1 1 1 1 1 1 1 1 5 1 |1 1 1 1 1 1 1 1 1 1 1 1 1 1 1 1 |1 1 1 1 1 1 1 1 1 1 1 1 1 1 1 1 |1 1 1 1 1 1 1 1 1 1 1 1 1 1 1 1 |1 1 1 1 1 1 1 3 1 2 1 1 1 4 1 1 |1 1 1 1 1 1 1 5 1 1 1 1 1 5 1 1 |1 1 1 1 1 1 1 1 1 1 1 1 1 1 1 1 |1 1 1 1 1 1 1 7 1 1 1 1 1 1 1 1 |1 1 1 1 1 1 1 1 1 1 1 6 1 1 1 1 |1 1 1 1 5 1 1 1 1 1 1 8 8 1 1 1 |1 1 1 7 1 1 1 1 1 1 13 2 9 2 8 2 |
3869: 3 1 1 1 1 1 1 1 1 1 6 8 1 1 1 1 |1 1 1 7 4 1 1 1 1 1 1 1 1 1 4 1 |1 1 1 1 1 1 1 1 1 1 1 1 1 1 1 1 |1 1 1 1 1 1 1 1 1 1 1 1 1 1 1 1 |1 1 1 1 1 1 1 1 1 1 1 1 1 4 1 1 |1 1 1 1 1 6 3 1 3 3 1 1 1 5 1 1 |1 1 1 1 1 1 1 1 1 1 1 1 1 1 1 1 |1 1 1 2 5 1 1 1 1 1 1 1 1 1 1 1 |1 1 1 1 1 1 1 7 1 1 1 1 1 1 1 1 |1 1 1 1 1 1 1 1 1 1 1 6 1 1 1 1 |1 1 1 1 5 1 1 1 1 1 1 8 8 1 1 1 |1 1 1 7 1 1 1 1 1 1 13 2 9 2 8 2 |
3880: 3 1 1 1 1 1 1 1 1 1 6 8 1 1 1 1 |1 1 1 7 4 1 1 1 1 1 1 1 1 1 4 1 |1 1 1 1 1 1 1 1 1 1 1 1 1 1 1 1 |1 1 1 1 1 1 1 1 1 1 1 1 1 1 1 1 |1 1 1 1 1 1 1 1 1 1 1 1 1 4 1 1 |1 1 1 1 1 6 3 1 3 3 1 1 1 5 1 1 |1 1 1 1 1 1 1 1 1 1 1 1 1 1 1 1 |1 1 1 2 5 1 1 1 1 1 1 1 1 1 1 1 |1 1 2 1 5 1 1 1 1 1 1 1 1 1 1 1 |1 1 1 8 1 1 1 1 1 1 1 8 1 1 1 1 |2 1 1 1 1 1 1 1 1 1 1 6 4 1 1 1 |1 11 1 1 1 1 1 1 1 1 1 8 1 1 8 2 |
3891: 3 1 1 1 1 1 1 1 1 1 6 8 1 1 1 1 |1 1 1 7 4 1 1 1 1 1 1 1 1 1 4 1 |1 1 1 1 1 1 1 1 1 1 1 1 1 1 1 1 |1 1 1 1 1 1 1 1 1 1 1 1 1 1 1 1 |1 1 1 1 1 1 1 1 1 1 1 1 1 4 1 1 |1 1 1 1 1 6 3 1 3 3 1 1 1 5 1 1 |1 1 1 1 1 1 1 1 1 1 1 1 1 1 1 1 |1 1 1 2 5 1 1 1 1 1 1 1 1 1 1 1 |1 1 2 1 5 1 1 1 1 1 1 1 1 1 1 1 |1 1 1 8 1 1 1 1 1 1 1 8 1 1 1 1 |2 1 1 1 1 1 1 1 1 1 1 6 4 1 1 1 |1 11 1 1 1 1 1 1 1 1 1 8 1 1 8 2 |
3902: 2 1 1 1 1 1 1 1 1 1 1 7 1 1 1 1 |1 1 1 1 1 1 1 1 1 1 1 1 1 1 4 1 |1 1 1 1 1 1 1 1 1 1 1 1 1 1 1 1 |1 1 2 1 1 1 1 1 1 1 1 1 1 1 1 1 |1 1 1 1 1 1 1 1 1 1 1 1 1 1 1 1 |1 1 1 1 1 1 1 5 1 2 1 1 1 1 1 1 |1 1 1 1 1 1 1 1 1 1 1 1 1 1 1 1 |1 1 1 12 1 1 1 1 1 1 1 1 1 1 1 1 |1 1 2 1 5 1 1 1 1 1 1 1 1 1 1 1 |1 1 1 8 1 1 1 1 1 1 1 8 1 1 1 1 |2 1 1 1 1 1 1 1 1 1 1 6 4 1 1 1 |1 11 1 1 1 1 1 1 1 1 1 8 1 1 8 2 |
3914: 2 1 1 1 1 1 1 1 1 1 1 7 1 1 1 1 |1 1 1 1 1 1 1 1 1 1 1 1 1 1 4 1 |1 1 1 1 1 1 1 1 1 1 1 1 1 1 1 1 |1 1 2 1 1 1 1 1 1 1 1 1 1 1 1 1 |1 1 1 1 1 1 1 1 1 1 1 1 1 1 1 1 |1 1 1 1 1 1 1 5 1 2 1 1 1 1 1 1 |1 1 1 1 1 1 1 1 1 1 1 1 1 1 1 1 |1 1 1 12 1 1 1 1 1 1 1 1 1 1 1 1 |1 1 1 1 1 1 1 6 1 1 1 1 1 1 1 3 |1 1 1 1 1 1 1 1 1 1 1 6 1 1 1 1 |5 1 1 1 1 1 5 1 1 1 1 5 1 1 1 8 |1 7 1 1 1 1 1 2 1 1 12 8 1 1 2 1 |
3925: 1 1 1 1 1 1 1 1 1 1 1 6 1 1 1 1 |1 1 1 1 1 1 1 1 1 1 1 1 1 1 4 1 |1 1 1 1 1 1 1 1 1 1 1 1 1 1 1 1 |1 1 2 1 1 1 1 1 1 1 1 1 1 1 1 1 |1 1 1 1 1 1 1 1 1 1 1 1 1 1 1 1 |1 1 1 1 1 1 1 5 1 2 1 1 1 1 1 1 |1 1 1 1 1 1 1 1 1 1 1 1 1 1 1 1 |1 1 1 12 1 1 1 1 1 1 1 1 1 1 1 1 |1 1 1 1 1 1 1 6 1 1 1 1 1 1 1 3 |1 1 1 1 1 1 1 1 1 1 1 6 1 1 1 1 |5 1 1 1 1 1 5 1 1 1 1 5 1 1 1 8 |1 7 1 1 1 1 1 2 1 1 12 8 1 1 2 1 |
3936: 1 1 1 1 1 1 1 1 1 1 1 6 1 1 1 1 |1 1 5 4 5 1 1 1 1 1 1 1 1 1 5 1 |1 1 1 1 1 1 1 1 1 1 1 1 1 1 1 1 |1 1 1 1 1 1 1 1 1 1 1 1 1 1 1 1 |1 1 1 1 1 1 1 1 1 1 1 1 1 1 1 1 |1 1 1 1 1 1 1 3 1 2 1 1 1 1 1 1 |1 1 1 1 1 1 1 2 1 1 1 1 1 1 1 1 |1 1 1 1 1 1 1 1 5 2 1 1 1 1 1 1 |1 1 2 1 1 1 1 6 1 1 1 1 1 1 1 1 |1 1 1 1 1 1 1 1 1 1 1 6 1 1 1 1 |5 1 1 1 1 1 5 1 1 1 1 5 1 1 1 8 |1 7 1 1 1 1 1 2 1 1 12 8 1 1 2 1 |
3946: 1 1 1 1 1 1 1 1 1 1 1 6 1 1 1 1 |1 1 5 4 5 1 1 1 1 1 1 1 1 1 5 1 |1 1 1 1 1 1 1 1 1 1 1 1 1 1 1 1 |1 1 1 1 1 1 1 1 1 1 1 1 1 1 1 1 |1 1 1 1 1 1 1 1 1 1 1 1 1 1 1 1 |1 1 1 1 1 1 1 3 1 2 1 1 1 1 1 1 |1 1 1 1 1 1 1 2 1 1 1 1 1 1 1 1 |1 1 1 1 1 1 1 1 5 2 1 1 1 1 1 1 |1 1 2 1 1 1 1 6 1 1 1 1 1 1 1 1 |1 1 1 10 1 1 1 1 1 1 1 1 4 1 1 1 |2 1 1 1 1 1 7 1 1 1 1 6 1 1 1 1 |1 10 1 1 1 1 1 1 1 1 3 1 8 1 10 2 |
3958: 4 1 1 6 1 1 1 1 1 1 4 9 1 1 1 1 |1 1 5 4 5 1 1 1 1 1 1 1 1 1 5 1 |1 1 1 1 1 1 1 1 1 1 1 1 1 1 1 1 |1 1 1 1 1 1 1 1 1 1 1 1 1 1 1 1 |1 1 1 1 1 1 1 1 1 1 1 1 1 1 1 1 |1 1 1 1 1 1 1 3 1 2 1 1 1 1 1 1 |1 1 1 1 1 1 1 2 1 1 1 1 1 1 1 1 |1 1 1 1 1 1 1 1 5 2 1 1 1 1 1 1 |1 1 2 1 1 1 1 6 1 1 1 1 1 1 1 1 |1 1 1 10 1 1 1 1 1 1 1 1 4 1 1 1 |2 1 1 1 1 1 7 1 1 1 1 6 1 1 1 1 |1 10 1 1 1 1 1 1 1 1 3 1 8 1 10 2 |
3969: 4 1 1 6 1 1 1 1 1 1 4 9 1 1 1 1 |1 1 4 2 1 1 1 1 1 1 1 1 1 1 1 1 |1 1 1 1 1 1 1 1 1 1 1 1 1 1 1 1 |1 1 1 1 1 1 1 1 1 1 1 1 1 1 1 1 |1 1 1 1 1 1 1 1 1 1 1 1 1 7 1 1 |1 1 1 1 1 1 2 5 1 2 1 1 1 1 1 1 |1 1 1 1 1 1 1 1 1 1 1 1 1 1 1 1 |1 1 1 2 6 1 1 1 1 1 1 1 1 1 1 1 |1 1 1 7 7 1 1 8 1 1 1 1 1 1 1 1 |1 1 1 10 1 1 1 1 1 1 1 1 4 1 1 1 |2 1 1 1 1 1 7 1 1 1 1 6 1 1 1 1 |1 10 1 1 1 1 1 1 1 1 3 1 8 1 10 2 |
3981: 4 1 1 6 1 1 1 1 1 1 4 9 1 1 1 1 |1 1 4 2 1 1 1 1 1 1 1 1 1 1 1 1 |1 1 1 1 1 1 1 1 1 1 1 1 1 1 1 1 |1 1 1 1 1 1 1 1 1 1 1 1 1 1 1 1 |1 1 1 1 1 1 1 1 1 1 1 1 1 7 1 1 |1 1 1 1 1 1 2 5 1 2 1 1 1 1 1 1 |1 1 1 1 1 1 1 1 1 1 1 1 1 1 1 1 |1 1 1 2 6 1 1 1 1 1 1 1 1 1 1 1 |1 1 1 7 7 1 1 8 1 1 1 1 1 1 1 1 |1 1 1 5 1 1 1 1 1 1 1 7 2 1 1 1 |3 1 1 1 1 1 1 1 1 1 1 1 1 1 1 1 |1 10 1 1 1 1 1 1 1 1 7 1 7 1 10 1 |
3992: 4 1 1 6 1 1 1 1 1 1 4 9 1 1 1 1 |1 1 4 2 1 1 1 1 1 1 1 1 1 1 1 1 |1 1 1 1 1 1 1 1 1 1 1 1 1 1 1 1 |1 1 1 1 1 1 1 1 1 1 1 1 1 1 1 1 |1 1 1 1 1 1 1 1 1 1 1 1 1 7 1 1 |1 1 1 1 1 1 2 5 1 2 1 1 1 1 1 1 |1 1 1 1 1 1 1 1 1 1 1 1 1 1 1 1 |1 1 1 2 6 1 1 1 1 1 1 1 1 1 1 1 |1 1 1 7 7 1 1 8 1 1 1 1 1 1 1 1 |1 1 1 5 1 1 1 1 1 1 1 7 2 1 1 1 |3 1 1 1 1 1 1 1 1 1 1 1 1 1 1 1 |1 10 1 1 1 1 1 1 1 1 7 1 7 1 10 1 |
4024: 2 1 1 1 1 1 1 1 1 1 1 4 1 1 1 1 |1 1 1 1 1 1 1 1 1 1 1 1 1 1 3 1 |1 1 1 1 1 1 1 1 1 1 1 1 1 1 1 1 |1 1 1 1 1 1 1 1 1 1 1 1 1 1 1 1 |1 1 1 1 1 1 1 1 1 1 1 1 1 1 1 1 |1 1 1 1 1 1 3 4 1 1 1 1 1 1 1 1 |1 1 1 1 1 1 1 1 1 1 1 1 1 1 1 1 |1 1 1 2 6 1 1 1 1 1 1 1 1 1 1 1 |1 1 1 7 7 1 1 8 1 1 1 1 1 1 1 1 |1 1 1 5 1 1 1 1 1 1 1 7 2 1 1 1 |3 1 1 1 1 1 1 1 1 1 1 1 1 1 1 1 |1 10 1 1 1 1 1 1 1 1 7 1 7 1 10 1 |
4035: 2 1 1 1 1 1 1 1 1 1 1 4 1 1 1 1 |1 1 1 1 1 1 1 1 1 1 1 1 1 1 3 1 |1 1 1 1 1 1 1 1 1 1 1 1 1 1 1 1 |1 1 1 1 1 1 1 1 1 1 1 1 1 1 1 1 |1 1 1 1 1 1 1 1 1 1 1 1 1 1 1 1 |1 1 1 1 1 1 3 4 1 1 1 1 1 1 1 1 |1 1 1 1 1 1 1 1 1 1 1 2 1 1 1 1 |1 1 1 3 5 1 1 1 1 1 1 1 1 1 1 5 |1 1 1 1 1 1 1 9 1 1 1 1 2 1 1 1 |1 1 1 9 1 1 1 1 1 1 1 1 8 9 1 1 |4 1 1 1 1 1 8 1 1 1 1 7 1 1 1 1 |1 7 1 2 1 1 1 1 1 1 4 2 9 1 11 6 |
4045: 2 1 1 1 1 1 1 1 1 1 1 4 1 1 1 1 |1 1 1 1 1 1 1 1 1 1 1 1 1 1 3 1 |1 1 1 1 1 1 1 1 1 1 1 1 1 1 1 1 |1 1 1 1 1 1 1 1 1 1 1 1 1 1 1 1 |1 1 1 1 1 1 1 1 1 1 1 1 1 1 1 1 |1 1 1 1 1 1 3 4 1 1 1 1 1 1 1 1 |1 1 1 1 1 1 1 1 1 1 1 2 1 1 1 1 |1 1 1 3 5 1 1 1 1 1 1 1 1 1 1 5 |1 1 1 1 1 1 1 9 1 1 1 1 2 1 1 1 |1 1 1 9 1 1 1 1 1 1 1 1 8 9 1 1 |4 1 1 1 1 1 8 1 1 1 1 7 1 1 1 1 |1 7 1 2 1 1 1 1 1 1 4 2 9 1 11 6 |
4056: 3 1 1 1 2 1 1 1 1 1 1 1 1 1 1 1 |1 1 6 1 1 1 1 1 1 1 1 1 1 1 5 1 |1 1 1 1 1 1 1 1 1 1 1 1 1 1 1 1 |1 1 1 1 1 1 1 1 1 1 1 1 1 1 1 1 |1 1 1 1 1 1 1 1 1 1 1 1 1 1 1 1 |1 1 1 1 1 1 3 4 1 1 1 1 1 1 1 1 |1 1 1 1 1 1 1 1 1 1 1 2 1 1 1 1 |1 1 1 3 5 1 1 1 1 1 1 1 1 1 1 5 |1 1 1 1 1 1 1 9 1 1 1 1 2 1 1 1 |1 1 1 9 1 1 1 1 1 1 1 1 8 9 1 1 |4 1 1 1 1 1 8 1 1 1 1 7 1 1 1 1 |1 7 1 2 1 1 1 1 1 1 4 2 9 1 11 6 |
4067: 3 1 1 1 2 1 1 1 1 1 1 1 1 1 1 1 |1 1 6 1 1 1 1 1 1 1 1 1 1 1 5 1 |1 1 1 1 1 1 1 1 1 1 1 1 1 1 1 1 |1 1 1 1 1 1 1 1 1 1 1 1 1 1 1 1 |1 1 1 1 1 1 1 1 1 1 1 1 1 1 1 1 |1 2 1 1 1 1 1 4 1 1 1 1 1 4 1 1 |1 1 1 1 1 1 1 1 1 1 1 1 1 1 1 1 |1 1 1 14 4 6 1 1 5 1 1 1 1 1 1 1 |1 1 2 1 1 1 1 6 1 1 5 1 1 1 1 1 |1 1 2 1 1 5 1 1 1 1 1 7 2 1 1 1 |3 1 1 1 1 1 7 1 1 1 1 6 1 1 1 1 |1 5 1 1 3 1 1 5 1 1 10 1 1 1 9 3 |
4078: 3 1 1 1 2 1 1 1 1 1 1 1 1 1 1 1 |1 1 6 1 1 1 1 1 1 1 1 1 1 1 5 1 |1 1 1 1 1 1 1 1 1 1 1 1 1 1 1 1 |1 1 1 1 1 1 1 1 1 1 1 1 1 1 1 1 |1 1 1 1 1 1 1 1 1 1 1 1 1 1 1 1 |1 2 1 1 1 1 1 4 1 1 1 1 1 4 1 1 |1 1 1 1 1 1 1 1 1 1 1 1 1 1 1 1 |1 1 1 14 4 6 1 1 5 1 1 1 1 1 1 1 |1 1 2 1 1 1 1 6 1 1 5 1 1 1 1 1 |1 1 2 1 1 5 1 1 1 1 1 7 2 1 1 1 |3 1 1 1 1 1 7 1 1 1 1 6 1 1 1 1 |1 5 1 1 3 1 1 5 1 1 10 1 1 1 9 3 |
4089: 1 1 1 1 1 1 1 1 1 1 1 8 1 1 1 1 |1 1 1 7 1 1 1 1 1 1 1 1 1 1 1 1 |1 1 1 1 1 1 1 1 1 1 1 1 1 1 1 1 |1 3 1 1 1 1 1 1 1 1 1 1 1 1 1 1 |1 1 1 1 1 1 1 1 1 1 1 1 1 1 1 1 |1 2 1 1 1 1 1 4 1 1 1 1 1 4 1 1 |1 1 1 1 1 1 1 1 1 1 1 1 1 1 1 1 |1 1 1 14 4 6 1 1 5 1 1 1 1 1 1 1 |1 1 2 1 1 1 1 6 1 1 5 1 1 1 1 1 |1 1 2 1 1 5 1 1 1 1 1 7 2 1 1 1 |3 1 1 1 1 1 7 1 1 1 1 6 1 1 1 1 |1 5 1 1 3 1 1 5 1 1 10 1 1 1 9 3 |
4100: 1 1 1 1 1 1 1 1 1 1 1 8 1 1 1 1 |1 1 1 7 1 1 1 1 1 1 1 1 1 1 1 1 |1 1 1 1 1 1 1 1 1 1 1 1 1 1 1 1 |1 3 1 1 1 1 1 1 1 1 1 1 1 1 1 1 |1 1 1 1 1 1 1 1 1 1 1 1 1 1 1 1 |1 1 1 1 1 1 2 3 1 1 1 1 1 3 1 1 |1 1 1 1 1 1 1 1 1 1 1 1 1 1 1 1 |1 1 1 1 6 4 1 1 4 1 1 1 1 1 1 1 |1 1 1 1 1 1 1 10 1 1 7 1 7 1 1 1 |1 1 1 1 1 1 1 1 1 1 1 8 1 1 1 1 |4 1 1 1 1 1 8 1 1 1 1 1 1 1 1 8 |1 1 1 1 1 1 1 2 1 1 1 10 7 1 9 1 |
4111: 1 1 1 1 1 1 1 1 1 1 1 8 1 1 1 1 |1 1 1 7 1 1 1 1 1 1 1 1 1 1 1 1 |1 1 1 1 1 1 1 1 1 1 1 1 1 1 1 1 |1 3 1 1 1 1 1 1 1 1 1 1 1 1 1 1 |1 1 1 1 1 1 1 1 1 1 1 1 1 1 1 1 |1 1 1 1 1 1 2 3 1 1 1 1 1 3 1 1 |1 1 1 1 1 1 1 1 1 1 1 1 1 1 1 1 |1 1 1 1 6 4 1 1 4 1 1 1 1 1 1 1 |1 1 1 1 1 1 1 10 1 1 7 1 7 1 1 1 |1 1 1 1 1 1 1 1 1 1 1 8 1 1 1 1 |4 1 1 1 1 1 8 1 1 1 1 1 1 1 1 8 |1 1 1 1 1 1 1 2 1 1 1 10 7 1 9 1 |
4122: 4 1 1 1 7 1 1 1 1 1 1 5 1 1 1 1 |1 1 1 1 6 1 1 1 1 1 1 1 1 1 6 1 |1 1 1 1 1 1 1 1 1 1 1 1 1 1 1 1 |1 1 1 1 1 1 1 1 1 1 1 1 1 1 1 1 |1 1 1 1 1 1 1 1 1 1 1 1 1 1 1 1 |1 1 1 1 1 1 2 3 1 1 1 1 1 3 1 1 |1 1 1 1 1 1 1 1 1 1 1 1 1 1 1 1 |1 1 1 1 6 4 1 1 4 1 1 1 1 1 1 1 |1 1 1 1 1 1 1 10 1 1 7 1 7 1 1 1 |1 1 1 1 1 1 1 1 1 1 1 8 1 1 1 1 |4 1 1 1 1 1 8 1 1 1 1 1 1 1 1 8 |1 1 1 1 1 1 1 2 1 1 1 10 7 1 9 1 |
4133: 4 1 1 1 7 1 1 1 1 1 1 5 1 1 1 1 |1 1 1 1 6 1 1 1 1 1 1 1 1 1 6 1 |1 1 1 1 1 1 1 1 1 1 1 1 1 1 1 1 |1 1 1 1 1 1 1 1 1 1 1 1 1 1 1 1 |1 1 1 1 1 1 1 1 1 1 1 1 1 1 1 1 |1 1 1 1 1 1 2 3 1 3 1 1 1 3 1 1 |1 1 1 1 1 1 1 1 1 1 1 1 1 1 1 1 |1 1 1 1 7 1 1 1 3 1 1 1 1 1 1 1 |1 1 1 1 1 1 1 8 1 1 1 1 1 1 1 1 |1 1 1 11 1 1 1 1 1 1 1 9 2 1 1 1 |3 1 1 1 1 1 1 1 1 1 1 1 3 1 1 1 |1 6 1 1 1 1 1 2 1 1 1 1 7 1 8 3 |
4143: 4 1 1 1 7 1 1 1 1 1 1 5 1 1 1 1 |1 1 1 1 6 1 1 1 1 1 1 1 1 1 6 1 |1 1 1 1 1 1 1 1 1 1 1 1 1 1 1 1 |1 1 1 1 1 1 1 1 1 1 1 1 1 1 1 1 |1 1 1 1 1 1 1 1 1 1 1 1 1 1 1 1 |1 1 1 1 1 1 2 3 1 3 1 1 1 3 1 1 |1 1 1 1 1 1 1 1 1 1 1 1 1 1 1 1 |1 1 1 1 7 1 1 1 3 1 1 1 1 1 1 1 |1 1 1 1 1 1 1 8 1 1 1 1 1 1 1 1 |1 1 1 11 1 1 1 1 1 1 1 9 2 1 1 1 |3 1 1 1 1 1 1 1 1 1 1 1 3 1 1 1 |1 6 1 1 1 1 1 2 1 1 1 1 7 1 8 3 |
4155: 4 1 1 1 1 1 1 1 1 1 1 5 1 1 1 1 |1 1 4 1 1 1 1 1 1 1 1 1 1 1 1 1 |1 1 1 1 1 1 1 1 1 1 1 1 1 1 1 1 |1 1 1 1 1 1 1 1 1 1 1 1 1 1 1 1 |1 1 1 1 1 1 1 1 1 1 1 1 1 1 1 1 |1 2 1 1 1 1 4 2 1 4 2 1 1 3 1 1 |1 1 1 1 1 1 1 1 1 1 1 1 1 1 1 1 |1 1 1 1 7 1 1 1 3 1 1 1 1 1 1 1 |1 1 1 1 1 1 1 8 1 1 1 1 1 1 1 1 |1 1 1 11 1 1 1 1 1 1 1 9 2 1 1 1 |3 1 1 1 1 1 1 1 1 1 1 1 3 1 1 1 |1 6 1 1 1 1 1 2 1 1 1 1 7 1 8 3 |
4166: 4 1 1 1 1 1 1 1 1 1 1 5 1 1 1 1 |1 1 4 1 1 1 1 1 1 1 1 1 1 1 1 1 |1 1 1 1 1 1 1 1 1 1 1 1 1 1 1 1 |1 1 1 1 1 1 1 1 1 1 1 1 1 1 1 1 |1 1 1 1 1 1 1 1 1 1 1 1 1 1 1 1 |1 2 1 1 1 1 4 2 1 4 2 1 1 3 1 1 |1 1 1 1 1 1 1 1 1 1 1 1 1 1 1 1 |1 1 1 1 4 1 1 1 1 1 1 1 1 1 1 1 |1 1 1 1 1 1 1 5 1 1 1 1 5 1 1 1 |1 1 1 1 1 1 1 1 1 1 1 1 1 1 1 1 |5 1 6 1 1 1 8 1 1 1 1 1 1 1 1 1 |1 6 1 2 2 1 1 1 1 1 11 8 1 1 3 1 |
4177: 4 1 1 1 1 1 1 1 1 1 1 5 1 1 1 1 |1 1 4 1 1 1 1 1 1 1 1 1 1 1 1 1 |1 1 1 1 1 1 1 1 1 1 1 1 1 1 1 1 |1 1 1 1 1 1 1 1 1 1 1 1 1 1 1 1 |1 1 1 1 1 1 1 1 1 1 1 1 1 1 1 1 |1 2 1 1 1 1 4 2 1 4 2 1 1 3 1 1 |1 1 1 1 1 1 1 1 1 1 1 1 1 1 1 1 |1 1 1 1 4 1 1 1 1 1 1 1 1 1 1 1 |1 1 1 1 1 1 1 5 1 1 1 1 5 1 1 1 |1 1 1 1 1 1 1 1 1 1 1 1 1 1 1 1 |5 1 6 1 1 1 8 1 1 1 1 1 1 1 1 1 |1 6 1 2 2 1 1 1 1 1 11 8 1 1 3 1 |
4188: 5 1 1 1 1 1 1 1 1 1 1 5 1 1 1 1 |1 1 6 5 1 1 2 1 1 1 1 1 1 1 4 1 |1 1 1 1 1 1 1 1 1 1 1 1 1 1 1 1 |1 1 1 1 1 1 1 1 1 1 1 1 1 1 1 1 |1 1 1 1 1 1 1 1 1 1 1 1 1 1 1 1 |1 2 1 1 1 1 4 2 1 4 2 1 1 3 1 1 |1 1 1 1 1 1 1 1 1 1 1 1 1 1 1 1 |1 1 1 1 4 1 1 1 1 1 1 1 1 1 1 1 |1 1 1 1 1 1 1 5 1 1 1 1 5 1 1 1 |1 1 1 1 1 1 1 1 1 1 1 1 1 1 1 1 |5 1 6 1 1 1 8 1 1 1 1 1 1 1 1 1 |1 6 1 2 2 1 1 1 1 1 11 8 1 1 3 1 |
4199: 5 1 1 1 1 1 1 1 1 1 1 5 1 1 1 1 |1 1 6 5 1 1 2 1 1 1 1 1 1 1 4 1 |1 1 1 1 1 1 1 1 1 1 1 1 1 1 1 1 |1 1 1 1 1 1 1 1 1 1 1 1 1 1 1 1 |1 1 1 1 1 1 1 1 1 1 1 1 1 1 1 1 |1 1 1 4 1 1 2 1 1 2 1 1 1 3 1 1 |1 1 1 1 1 1 1 1 1 1 1 1 1 1 1 1 |1 1 1 1 1 1 1 1 1 1 1 1 1 1 1 1 |1 1 1 1 1 1 1 9 1 1 4 1 1 1 1 1 |1 1 1 1 1 1 1 1 1 1 1 7 1 1 1 1 |2 1 8 1 1 1 1 1 1 1 1 8 2 1 1 1 |1 2 1 1 1 1 1 1 1 1 6 1 1 1 1 1 |
4210: 5 1 1 1 1 1 1 1 1 1 1 5 1 1 1 1 |1 1 6 5 1 1 2 1 1 1 1 1 1 1 4 1 |1 1 1 1 1 1 1 1 1 1 1 1 1 1 1 1 |1 1 1 1 1 1 1 1 1 1 1 1 1 1 1 1 |1 1 1 1 1 1 1 1 1 1 1 1 1 1 1 1 |1 1 1 4 1 1 2 1 1 2 1 1 1 3 1 1 |1 1 1 1 1 1 1 1 1 1 1 1 1 1 1 1 |1 1 1 1 1 1 1 1 1 1 1 1 1 1 1 1 |1 1 1 1 1 1 1 9 1 1 4 1 1 1 1 1 |1 1 1 1 1 1 1 1 1 1 1 7 1 1 1 1 |2 1 8 1 1 1 1 1 1 1 1 8 2 1 1 1 |1 2 1 1 1 1 1 1 1 1 6 1 1 1 1 1 |
4221: 1 1 1 1 1 1 1 1 1 1 6 6 1 1 1 1 |1 1 1 1 6 1 1 1 1 1 1 1 1 1 2 1 |1 1 1 1 1 1 1 1 1 1 1 1 1 1 1 1 |1 1 1 1 1 1 1 1 1 1 1 1 1 1 1 1 |1 1 1 1 1 1 1 1 1 1 1 1 1 1 1 1 |1 1 1 4 1 1 2 1 1 2 1 1 1 3 1 1 |1 1 1 1 1 1 1 1 1 1 1 1 1 1 1 1 |1 1 1 1 1 1 1 1 1 1 1 1 1 1 1 1 |1 1 1 1 1 1 1 9 1 1 4 1 1 1 1 1 |1 1 1 1 1 1 1 1 1 1 1 7 1 1 1 1 |2 1 8 1 1 1 1 1 1 1 1 8 2 1 1 1 |1 2 1 1 1 1 1 1 1 1 6 1 1 1 1 1 |
4232: 1 1 1 1 1 1 1 1 1 1 6 6 1 1 1 1 |1 1 1 1 6 1 1 1 1 1 1 1 1 1 2 1 |1 1 1 1 1 1 1 1 1 1 1 1 1 1 1 1 |1 1 1 1 1 1 1 1 1 1 1 1 1 1 1 1 |1 1 1 1 1 1 1 1 1 1 1 1 1 1 1 1 |1 1 1 1 1 1 1 4 1 2 1 1 1 2 1 1 |1 1 1 1 1 1 1 1 1 1 1 1 1 1 1 1 |1 1 1 2 4 1 1 1 1 1 1 1 4 1 1 1 |1 1 1 1 1 1 1 9 1 1 1 1 1 1 1 1 |1 1 1 8 1 1 1 1 1 1 1 9 2 1 1 1 |2 1 1 1 1 1 1 1 1 1 1 1 1 3 1 1 |1 2 1 1 1 1 1 1 1 1 6 1 1 1 1 1 |
4242: 1 1 1 1 1 1 1 1 1 1 6 6 1 1 1 1 |1 1 1 1 6 1 1 1 1 1 1 1 1 1 2 1 |1 1 1 1 1 1 1 1 1 1 1 1 1 1 1 1 |1 1 1 1 1 1 1 1 1 1 1 1 1 1 1 1 |1 1 1 1 1 1 1 1 1 1 1 1 1 1 1 1 |1 1 1 1 1 1 1 4 1 2 1 1 1 2 1 1 |1 1 1 1 1 1 1 1 1 1 1 1 1 1 1 1 |1 1 1 2 4 1 1 1 1 1 1 1 4 1 1 1 |1 1 1 1 1 1 1 9 1 1 1 1 1 1 1 1 |1 1 1 8 1 1 1 1 1 1 1 9 2 1 1 1 |2 1 1 1 1 1 1 1 1 1 1 1 1 3 1 1 |1 7 1 1 4 1 1 1 1 1 7 1 1 1 10 1 |
4254: 3 1 1 1 1 1 1 1 1 1 6 8 1 1 1 1 |1 1 6 3 5 1 1 1 1 1 1 1 1 1 1 1 |1 1 1 1 1 1 1 1 1 1 1 1 1 1 1 1 |1 1 1 1 1 1 1 1 1 1 1 1 1 1 1 1 |1 1 1 1 1 1 1 1 1 1 1 1 1 1 1 1 |1 1 1 1 1 1 1 4 1 2 1 1 1 2 1 1 |1 1 1 1 1 1 1 1 1 1 1 1 1 1 1 1 |1 1 1 2 4 1 1 1 1 1 1 1 4 1 1 1 |1 1 1 1 1 1 1 9 1 1 1 1 1 1 1 1 |1 1 1 8 1 1 1 1 1 1 1 9 2 1 1 1 |2 1 1 1 1 1 1 1 1 1 1 1 1 3 1 1 |1 7 1 1 4 1 1 1 1 1 7 1 1 1 10 1 |
4264: 3 1 1 1 1 1 1 1 1 1 6 8 1 1 1 1 |1 1 6 3 5 1 1 1 1 1 1 1 1 1 1 1 |1 1 1 1 1 1 1 1 1 1 1 1 1 1 1 1 |1 1 1 1 1 1 1 1 1 1 1 1 1 1 1 1 |1 1 1 1 1 1 1 1 1 1 1 1 1 1 1 1 |1 1 1 1 1 1 1 7 1 1 1 1 1 2 1 1 |1 1 1 1 1 1 1 1 1 1 1 1 1 1 1 1 |1 1 1 1 5 1 1 1 1 1 1 1 1 1 1 1 |1 1 2 1 1 1 1 1 1 1 1 1 1 1 1 1 |1 1 1 1 1 1 1 1 1 1 1 9 1 1 1 1 |1 1 1 1 1 1 7 1 1 1 1 1 1 1 1 3 |1 7 1 1 4 1 1 1 1 1 7 1 1 1 10 1 |
4275: 3 1 1 1 1 1 1 1 1 1 6 8 1 1 1 1 |1 1 6 3 5 1 1 1 1 1 1 1 1 1 1 1 |1 1 1 1 1 1 1 1 1 1 1 1 1 1 1 1 |1 1 1 1 1 1 1 1 1 1 1 1 1 1 1 1 |1 1 1 1 1 1 1 1 1 1 1 1 1 1 1 1 |1 1 1 1 1 1 1 7 1 1 1 1 1 2 1 1 |1 1 1 1 1 1 1 1 1 1 1 1 1 1 1 1 |1 1 1 1 5 1 1 1 1 1 1 1 1 1 1 1 |1 1 2 1 1 1 1 1 1 1 1 1 1 1 1 1 |1 1 1 1 1 1 1 1 1 1 1 9 1 1 1 1 |1 1 1 1 1 1 7 1 1 1 1 1 1 1 1 3 |1 7 1 3 1 1 1 1 1 1 2 5 1 1 1 1 |
4286: 1 1 1 1 1 1 1 1 1 1 1 6 1 1 1 1 |1 1 1 6 5 1 1 1 1 1 1 1 1 1 1 1 |1 1 1 1 1 1 1 1 1 1 1 1 1 1 1 1 |1 1 1 1 1 1 1 1 1 1 1 1 1 1 1 1 |1 1 1 1 1 1 1 1 1 1 1 1 1 1 1 1 |1 1 1 1 1 1 1 7 1 1 1 1 1 2 1 1 |1 1 1 1 1 1 1 1 1 1 1 1 1 1 1 1 |1 1 1 1 5 1 1 1 1 1 1 1 1 1 1 1 |1 1 2 1 1 1 1 1 1 1 1 1 1 1 1 1 |1 1 1 1 1 1 1 1 1 1 1 9 1 1 1 1 |1 1 1 1 1 1 7 1 1 1 1 1 1 1 1 3 |1 7 1 3 1 1 1 1 1 1 2 5 1 1 1 1 |
4297: 1 1 1 1 1 1 1 1 1 1 1 6 1 1 1 1 |1 1 1 6 5 1 1 1 1 1 1 1 1 1 1 1 |1 1 1 1 1 1 1 1 1 1 1 1 1 1 1 1 |1 1 1 1 1 1 1 1 1 1 1 1 1 1 1 1 |1 1 1 1 1 1 1 1 1 1 1 1 1 1 1 1 |1 1 1 1 1 1 2 1 1 2 1 1 1 3 1 1 |1 1 1 1 1 1 1 2 1 1 1 1 1 1 1 1 |1 1 1 2 1 1 1 1 5 1 1 4 1 1 1 1 |1 1 1 1 1 1 1 7 1 1 6 1 1 1 1 1 |1 1 1 1 1 1 1 1 1 1 1 9 1 1 1 1 |1 1 1 1 1 1 7 1 1 1 1 1 1 1 1 3 |1 7 1 3 1 1 1 1 1 1 2 5 1 1 1 1 |
4307: 1 1 1 1 1 1 1 1 1 1 1 6 1 1 1 1 |1 1 1 6 5 1 1 1 1 1 1 1 1 1 1 1 |1 1 1 1 1 1 1 1 1 1 1 1 1 1 1 1 |1 1 1 1 1 1 1 1 1 1 1 1 1 1 1 1 |1 1 1 1 1 1 1 1 1 1 1 1 1 1 1 1 |1 1 1 1 1 1 2 1 1 2 1 1 1 3 1 1 |1 1 1 1 1 1 1 2 1 1 1 1 1 1 1 1 |1 1 1 2 1 1 1 1 5 1 1 4 1 1 1 1 |1 1 1 1 1 1 1 7 1 1 6 1 1 1 1 1 |1 1 2 1 1 1 1 1 1 1 1 7 1 1 1 1 |3 1 1 1 1 1 6 1 1 1 1 5 1 1 1 8 |1 2 1 1 1 1 1 1 1 1 5 1 1 1 4 3 |
4318: 2 1 1 1 1 1 1 1 1 1 4 6 1 1 1 1 |1 1 4 2 1 1 1 1 1 1 1 1 1 1 6 1 |1 1 1 1 1 1 1 1 1 1 1 1 1 1 1 1 |1 1 1 1 1 1 1 1 1 1 1 1 1 1 1 1 |1 1 1 1 1 1 1 1 1 1 1 1 1 1 1 1 |1 1 1 1 1 1 2 1 1 2 1 1 1 3 1 1 |1 1 1 1 1 1 1 2 1 1 1 1 1 1 1 1 |1 1 1 2 1 1 1 1 5 1 1 4 1 1 1 1 |1 1 1 1 1 1 1 7 1 1 6 1 1 1 1 1 |1 1 2 1 1 1 1 1 1 1 1 7 1 1 1 1 |3 1 1 1 1 1 6 1 1 1 1 5 1 1 1 8 |1 2 1 1 1 1 1 1 1 1 5 1 1 1 4 3 |
4329: 2 1 1 1 1 1 1 1 1 1 4 6 1 1 1 1 |1 1 4 2 1 1 1 1 1 1 1 1 1 1 6 1 |1 1 1 1 1 1 1 1 1 1 1 1 1 1 1 1 |1 1 1 1 1 1 1 1 1 1 1 1 1 1 1 1 |1 1 1 1 1 1 1 1 1 1 1 1 1 1 1 1 |1 1 1 1 1 5 4 3 1 3 2 1 1 1 1 1 |1 1 1 1 1 1 1 1 1 1 1 1 1 1 1 1 |1 1 1 2 5 1 1 4 1 1 1 1 1 1 1 2 |1 1 1 1 1 1 1 7 1 1 6 1 1 1 1 1 |1 1 2 1 1 1 1 1 1 1 1 7 1 1 1 1 |3 1 1 1 1 1 6 1 1 1 1 5 1 1 1 8 |1 2 1 1 1 1 1 1 1 1 5 1 1 1 4 3 |
4339: 2 1 1 1 1 1 1 1 1 1 4 6 1 1 1 1 |1 1 4 2 1 1 1 1 1 1 1 1 1 1 6 1 |1 1 1 1 1 1 1 1 1 1 1 1 1 1 1 1 |1 1 1 1 1 1 1 1 1 1 1 1 1 1 1 1 |1 1 1 1 1 1 1 1 1 1 1 1 1 1 1 1 |1 1 1 1 1 5 4 3 1 3 2 1 1 1 1 1 |1 1 1 1 1 1 1 1 1 1 1 1 1 1 1 1 |1 1 1 2 5 1 1 4 1 1 1 1 1 1 1 2 |1 1 1 1 1 1 1 9 1 1 1 1 1 1 1 1 |1 1 1 10 1 1 1 1 1 1 1 10 1 1 1 1 |3 1 9 1 1 1 1 1 1 1 1 7 1 1 6 1 |1 6 1 1 8 1 1 3 1 1 12 8 1 1 3 2 |
4351: 2 1 1 1 1 1 1 1 1 1 4 6 1 1 1 1 |1 1 4 2 1 1 1 1 1 1 1 1 1 1 6 1 |1 1 1 1 1 1 1 1 1 1 1 1 1 1 1 1 |1 1 1 1 1 1 1 1 1 1 1 1 1 1 1 1 |1 1 1 1 1 1 1 1 1 1 1 1 1 1 1 1 |1 1 1 1 1 5 4 3 1 3 2 1 1 1 1 1 |1 1 1 1 1 1 1 1 1 1 1 1 1 1 1 1 |1 1 1 2 5 1 1 4 1 1 1 1 1 1 1 2 |1 1 1 1 1 1 1 9 1 1 1 1 1 1 1 1 |1 1 1 10 1 1 1 1 1 1 1 10 1 1 1 1 |3 1 9 1 1 1 1 1 1 1 1 7 1 1 6 1 |1 6 1 1 8 1 1 3 1 1 12 8 1 1 3 2 |
4362: 2 1 1 1 1 1 1 1 1 1 6 6 1 1 1 1 |1 1 1 1 1 1 1 1 1 1 1 1 1 1 5 1 |1 1 1 1 1 1 1 1 1 1 1 1 1 1 1 1 |1 1 1 1 1 1 1 1 1 1 1 1 1 1 1 1 |1 1 1 1 1 1 1 1 1 1 1 1 1 4 1 1 |1 1 1 1 1 1 1 7 1 2 1 1 1 3 1 1 |1 1 1 1 1 1 1 1 1 1 1 1 1 1 1 1 |1 1 1 11 1 8 1 1 1 1 1 1 1 1 1 4 |1 1 1 1 1 1 1 9 1 1 1 1 1 1 1 1 |1 1 1 10 1 1 1 1 1 1 1 10 1 1 1 1 |3 1 9 1 1 1 1 1 1 1 1 7 1 1 6 1 |1 6 1 1 8 1 1 3 1 1 12 8 1 1 3 2 |
4374: 2 1 1 1 1 1 1 1 1 1 6 6 1 1 1 1 |1 1 1 1 1 1 1 1 1 1 1 1 1 1 5 1 |1 1 1 1 1 1 1 1 1 1 1 1 1 1 1 1 |1 1 1 1 1 1 1 1 1 1 1 1 1 1 1 1 |1 1 1 1 1 1 1 1 1 1 1 1 1 4 1 1 |1 1 1 1 1 1 1 7 1 2 1 1 1 3 1 1 |1 1 1 1 1 1 1 1 1 1 1 1 1 1 1 1 |1 1 1 11 1 8 1 1 1 1 1 1 1 1 1 4 |1 1 1 1 1 1 1 8 1 1 1 1 1 1 1 1 |1 1 1 1 1 1 1 1 1 1 1 9 1 1 1 1 |1 1 1 1 1 1 7 1 1 1 1 6 1 1 1 1 |1 4 1 1 1 1 1 1 1 1 14 8 6 1 4 1 |
4384: 2 1 1 1 1 1 1 1 1 1 6 6 1 1 1 1 |1 1 1 1 1 1 1 1 1 1 1 1 1 1 5 1 |1 1 1 1 1 1 1 1 1 1 1 1 1 1 1 1 |1 1 1 1 1 1 1 1 1 1 1 1 1 1 1 1 |1 1 1 1 1 1 1 1 1 1 1 1 1 4 1 1 |1 1 1 1 1 1 1 7 1 2 1 1 1 3 1 1 |1 1 1 1 1 1 1 1 1 1 1 1 1 1 1 1 |1 1 1 11 1 8 1 1 1 1 1 1 1 1 1 4 |1 1 1 1 1 1 1 8 1 1 1 1 1 1 1 1 |1 1 1 1 1 1 1 1 1 1 1 9 1 1 1 1 |1 1 1 1 1 1 7 1 1 1 1 6 1 1 1 1 |1 4 1 1 1 1 1 1 1 1 14 8 6 1 4 1 |
4396: 1 1 1 1 1 1 1 1 1 1 6 5 1 1 1 1 |1 1 6 4 5 1 1 1 1 1 1 1 1 1 4 1 |1 1 1 1 1 1 1 1 1 1 1 1 1 1 1 1 |1 1 1 1 1 1 1 1 1 1 1 1 1 1 1 1 |1 1 1 1 1 1 1 1 1 1 1 1 1 1 1 1 |1 1 1 1 1 1 2 1 1 1 1 1 1 2 1 1 |1 1 1 1 1 1 1 1 1 1 1 1 1 1 1 1 |1 1 1 1 2 1 1 1 4 1 1 1 1 1 1 1 |1 1 1 1 1 1 1 8 1 1 1 1 1 1 1 1 |1 1 1 1 1 1 1 1 1 1 1 9 1 1 1 1 |1 1 1 1 1 1 7 1 1 1 1 6 1 1 1 1 |1 4 1 1 1 1 1 1 1 1 14 8 6 1 4 1 |
4407: 1 1 1 1 1 1 1 1 1 1 6 5 1 1 1 1 |1 1 6 4 5 1 1 1 1 1 1 1 1 1 4 1 |1 1 1 1 1 1 1 1 1 1 1 1 1 1 1 1 |1 1 1 1 1 1 1 1 1 1 1 1 1 1 1 1 |1 1 1 1 1 1 1 1 1 1 1 1 1 1 1 1 |1 1 1 1 1 1 2 1 1 1 1 1 1 2 1 1 |1 1 1 1 1 1 1 1 1 1 1 1 1 1 1 1 |1 1 1 1 2 1 1 1 4 1 1 1 1 1 1 1 |1 1 2 1 1 1 1 6 1 1 5 1 1 1 1 1 |1 1 1 1 1 1 7 1 1 1 1 1 1 1 1 1 |4 1 1 1 1 1 8 1 1 1 1 5 1 1 1 2 |1 14 1 1 1 1 2 2 1 1 6 7 5 1 9 1 |
4418: 1 1 1 1 1 1 1 1 1 1 1 7 1 1 1 1 |1 1 6 4 5 1 1 1 1 1 1 1 1 1 4 1 |1 1 1 1 1 1 1 1 1 1 1 1 1 1 1 1 |1 1 1 1 1 1 1 1 1 1 1 1 1 1 1 1 |1 1 1 1 1 1 1 1 1 1 1 1 1 1 1 1 |1 1 1 1 1 1 2 1 1 1 1 1 1 2 1 1 |1 1 1 1 1 1 1 1 1 1 1 1 1 1 1 1 |1 1 1 1 2 1 1 1 4 1 1 1 1 1 1 1 |1 1 2 1 1 1 1 6 1 1 5 1 1 1 1 1 |1 1 1 1 1 1 7 1 1 1 1 1 1 1 1 1 |4 1 1 1 1 1 8 1 1 1 1 5 1 1 1 2 |1 14 1 1 1 1 2 2 1 1 6 7 5 1 9 1 |
4428: 1 1 1 1 1 1 1 1 1 1 1 7 1 1 1 1 |1 1 1 1 1 1 1 1 1 1 1 1 1 1 3 1 |1 1 1 1 1 1 1 1 1 1 1 1 1 1 1 1 |1 1 1 1 1 1 1 1 1 1 1 1 1 1 1 1 |1 1 1 1 1 1 1 1 1 1 1 1 1 1 1 1 |1 1 1 1 1 1 3 1 1 1 1 1 1 1 1 1 |1 1 1 1 1 1 1 1 1 1 1 1 1 1 1 1 |1 1 1 1 2 1 1 1 4 1 1 1 1 1 1 1 |1 1 2 1 1 1 1 6 1 1 5 1 1 1 1 1 |1 1 1 1 1 1 7 1 1 1 1 1 1 1 1 1 |4 1 1 1 1 1 8 1 1 1 1 5 1 1 1 2 |1 14 1 1 1 1 2 2 1 1 6 7 5 1 9 1 |
4440: 1 1 1 1 1 1 1 1 1 1 1 7 1 1 1 1 |1 1 1 1 1 1 1 1 1 1 1 1 1 1 3 1 |1 1 1 1 1 1 1 1 1 1 1 1 1 1 1 1 |1 1 1 1 1 1 1 1 1 1 1 1 1 1 1 1 |1 1 1 1 1 1 1 1 1 1 1 1 1 1 1 1 |1 1 1 1 1 1 3 1 1 1 1 1 1 1 1 1 |1 1 1 1 1 1 1 1 1 1 1 1 1 1 1 1 |1 1 1 1 6 1 1 1 1 1 1 1 1 1 1 1 |1 1 1 1 1 1 1 8 1 1 1 1 1 1 1 1 |1 1 1 1 1 1 1 1 1 1 1 10 1 1 1 1 |3 1 1 1 1 1 3 1 1 1 1 1 2 2 1 1 |1 10 1 1 1 1 1 1 1 1 1 8 7 1 9 1 |
4450: 1 1 1 1 1 1 1 1 1 1 1 7 1 1 1 1 |1 1 1 1 1 1 1 1 1 1 1 1 1 1 3 1 |1 1 1 1 1 1 1 1 1 1 1 1 1 1 1 1 |1 1 1 1 1 1 1 1 1 1 1 1 1 1 1 1 |1 1 1 1 1 1 1 1 1 1 1 1 1 1 1 1 |1 1 1 1 1 1 3 1 1 1 1 1 1 1 1 1 |1 1 1 1 1 1 1 1 1 1 1 1 1 1 1 1 |1 1 1 1 6 1 1 1 1 1 1 1 1 1 1 1 |1 1 1 1 1 1 1 8 1 1 1 1 1 1 1 1 |1 1 1 1 1 1 1 1 1 1 1 10 1 1 1 1 |3 1 1 1 1 1 3 1 1 1 1 1 2 2 1 1 |1 10 1 1 1 1 1 1 1 1 1 8 7 1 9 1 |
4462: 1 1 1 1 1 1 1 1 1 1 6 6 1 1 1 1 |1 1 1 1 6 1 1 1 1 1 1 1 1 1 1 1 |1 1 1 1 1 1 1 1 1 1 1 1 1 1 1 1 |1 1 1 1 1 1 1 1 1 1 1 1 1 1 1 1 |1 1 1 1 1 1 1 1 1 1 1 1 1 1 1 1 |1 1 1 1 1 1 1 1 1 3 1 1 1 1 1 1 |1 1 1 1 1 1 1 1 1 1 1 1 1 1 1 1 |1 1 1 1 6 1 1 1 1 1 1 1 1 1 1 1 |1 1 1 1 1 1 1 8 1 1 1 1 1 1 1 1 |1 1 1 1 1 1 1 1 1 1 1 10 1 1 1 1 |3 1 1 1 1 1 3 1 1 1 1 1 2 2 1 1 |1 10 1 1 1 1 1 1 1 1 1 8 7 1 9 1 |
4473: 1 1 1 1 1 1 1 1 1 1 6 6 1 1 1 1 |1 1 1 1 6 1 1 1 1 1 1 1 1 1 1 1 |1 1 1 1 1 1 1 1 1 1 1 1 1 1 1 1 |1 1 1 1 1 1 1 1 1 1 1 1 1 1 1 1 |1 1 1 1 1 1 1 1 1 1 1 1 1 1 1 1 |1 1 1 1 1 1 1 1 1 3 1 1 1 1 1 1 |1 1 1 1 1 1 1 1 1 1 1 1 1 1 1 1 |1 1 1 1 6 1 1 1 1 1 1 1 1 1 1 1 |1 1 1 1 1 1 4 7 1 1 1 1 1 1 1 1 |1 1 1 1 1 1 1 1 1 1 1 8 1 1 1 2 |1 1 1 1 1 1 8 1 1 1 1 5 1 1 1 7 |1 12 1 1 1 1 1 1 1 1 1 1 9 1 10 2 |
4484: 1 1 1 1 1 1 1 1 1 1 6 6 1 1 1 1 |1 1 1 1 6 1 1 1 1 1 1 1 1 1 1 1 |1 1 1 1 1 1 1 1 1 1 1 1 1 1 1 1 |1 1 1 1 1 1 1 1 1 1 1 1 1 1 1 1 |1 1 1 1 1 1 1 1 1 1 1 1 1 1 1 1 |1 1 1 1 1 1 1 1 1 3 1 1 1 1 1 1 |1 1 1 1 1 1 1 1 1 1 1 1 1 1 1 1 |1 1 1 1 6 1 1 1 1 1 1 1 1 1 1 1 |1 1 1 1 1 1 4 7 1 1 1 1 1 1 1 1 |1 1 1 1 1 1 1 1 1 1 1 8 1 1 1 2 |1 1 1 1 1 1 8 1 1 1 1 5 1 1 1 7 |1 12 1 1 1 1 1 1 1 1 1 1 9 1 10 2 |
4495: 6 1 1 1 1 1 1 1 1 1 5 6 1 1 1 1 |1 1 1 6 4 1 1 1 1 1 1 1 1 1 1 1 |1 1 1 1 1 1 1 1 1 1 1 1 1 1 1 1 |1 1 1 1 1 1 1 1 1 1 1 1 1 1 1 1 |1 1 1 1 1 1 1 1 1 1 1 1 1 1 1 1 |1 1 1 1 1 1 2 1 2 2 3 1 1 3 1 1 |1 1 1 1 1 1 1 1 1 1 1 1 1 1 1 1 |1 1 1 1 6 1 1 1 1 1 1 1 1 1 1 1 |1 1 1 1 1 1 4 7 1 1 1 1 1 1 1 1 |1 1 1 1 1 1 1 1 1 1 1 8 1 1 1 2 |1 1 1 1 1 1 8 1 1 1 1 5 1 1 1 7 |1 12 1 1 1 1 1 1 1 1 1 1 9 1 10 2 |
4506: 6 1 1 1 1 1 1 1 1 1 5 6 1 1 1 1 |1 1 1 6 4 1 1 1 1 1 1 1 1 1 1 1 |1 1 1 1 1 1 1 1 1 1 1 1 1 1 1 1 |1 1 1 1 1 1 1 1 1 1 1 1 1 1 1 1 |1 1 1 1 1 1 1 1 1 1 1 1 1 1 1 1 |1 1 1 1 1 1 2 1 2 2 3 1 1 3 1 1 |1 1 1 1 1 1 1 1 1 1 1 1 1 1 1 1 |1 1 1 1 1 1 1 1 1 1 1 1 6 1 1 1 |1 1 2 2 1 1 1 6 1 1 1 1 1 1 1 1 |1 1 1 1 1 1 1 1 1 1 1 8 1 1 1 1 |3 1 1 1 1 1 1 1 1 1 1 5 1 1 1 2 |1 12 1 7 1 1 1 1 1 1 12 8 7 1 1 1 |
4517: 6 1 1 1 1 1 1 1 1 1 5 6 1 1 1 1 |1 1 1 6 4 1 1 1 1 1 1 1 1 1 1 1 |1 1 1 1 1 1 1 1 1 1 1 1 1 1 1 1 |1 1 1 1 1 1 1 1 1 1 1 1 1 1 1 1 |1 1 1 1 1 1 1 1 1 1 1 1 1 1 1 1 |1 1 1 1 1 1 2 1 2 2 3 1 1 3 1 1 |1 1 1 1 1 1 1 1 1 1 1 1 1 1 1 1 |1 1 1 1 1 1 1 1 1 1 1 1 6 1 1 1 |1 1 2 2 1 1 1 6 1 1 1 1 1 1 1 1 |1 1 1 1 1 1 1 1 1 1 1 8 1 1 1 1 |3 1 1 1 1 1 1 1 1 1 1 5 1 1 1 2 |1 12 1 7 1 1 1 1 1 1 12 8 7 1 1 1 |
4527: 5 1 1 1 1 1 1 1 1 1 4 1 1 1 1 1 |1 1 1 6 1 1 1 1 1 1 1 1 1 1 1 1 |1 1 1 1 1 1 1 1 1 1 1 1 1 1 1 1 |1 1 5 1 1 1 1 1 1 1 1 1 1 1 1 1 |1 1 1 1 1 1 1 1 1 1 1 1 1 1 1 1 |1 1 1 1 8 1 2 1 1 2 1 1 1 4 1 1 |1 1 1 1 1 1 1 1 1 1 1 1 1 1 1 1 |1 1 1 1 5 8 1 1 1 1 1 1 1 1 1 1 |1 1 2 2 1 1 1 6 1 1 1 1 1 1 1 1 |1 1 1 1 1 1 1 1 1 1 1 8 1 1 1 1 |3 1 1 1 1 1 1 1 1 1 1 5 1 1 1 2 |1 12 1 7 1 1 1 1 1 1 12 8 7 1 1 1 |
4539: 5 1 1 1 1 1 1 1 1 1 4 1 1 1 1 1 |1 1 1 6 1 1 1 1 1 1 1 1 1 1 1 1 |1 1 1 1 1 1 1 1 1 1 1 1 1 1 1 1 |1 1 5 1 1 1 1 1 1 1 1 1 1 1 1 1 |1 1 1 1 1 1 1 1 1 1 1 1 1 1 1 1 |1 1 1 1 8 1 2 1 1 2 1 1 1 4 1 1 |1 1 1 1 1 1 1 1 1 1 1 1 1 1 1 1 |1 1 1 1 5 8 1 1 1 1 1 1 1 1 1 1 |1 1 1 1 1 1 1 6 1 1 6 1 1 1 1 1 |1 1 1 1 1 1 1 1 1 1 1 1 1 1 1 2 |4 1 1 1 1 1 6 1 1 1 1 5 3 1 1 6 |1 7 1 1 8 1 1 1 1 1 11 8 7 1 9 2 |
4551: 5 1 1 1 1 1 1 1 1 1 4 1 1 1 1 1 |1 1 1 6 1 1 1 1 1 1 1 1 1 1 1 1 |1 1 1 1 1 1 1 1 1 1 1 1 1 1 1 1 |1 1 5 1 1 1 1 1 1 1 1 1 1 1 1 1 |1 1 1 1 1 1 1 1 1 1 1 1 1 1 1 1 |1 1 1 1 8 1 2 1 1 2 1 1 1 4 1 1 |1 1 1 1 1 1 1 1 1 1 1 1 1 1 1 1 |1 1 1 1 5 8 1 1 1 1 1 1 1 1 1 1 |1 1 1 1 1 1 1 6 1 1 6 1 1 1 1 1 |1 1 1 1 1 1 1 1 1 1 1 1 1 1 1 2 |4 1 1 1 1 1 6 1 1 1 1 5 3 1 1 6 |1 7 1 1 8 1 1 1 1 1 11 8 7 1 9 2 |
4562: 1 1 1 1 1 1 1 1 1 1 1 8 1 1 1 1 |1 1 8 6 4 1 1 1 1 1 1 1 1 1 6 1 |1 1 1 1 1 1 1 1 1 1 1 1 1 1 1 1 |1 1 1 1 1 1 1 1 1 1 1 1 1 1 1 1 |1 1 1 1 1 1 1 1 1 1 1 1 1 4 1 1 |1 1 1 1 1 1 1 6 1 2 1 1 1 1 1 1 |1 1 1 1 1 1 1 1 1 1 1 1 1 1 1 1 |1 1 1 1 5 8 1 1 1 1 1 1 1 1 1 1 |1 1 1 1 1 1 1 6 1 1 6 1 1 1 1 1 |1 1 1 1 1 1 1 1 1 1 1 1 1 1 1 2 |4 1 1 1 1 1 6 1 1 1 1 5 3 1 1 6 |1 7 1 1 8 1 1 1 1 1 11 8 7 1 9 2 |
4574: 1 1 1 1 1 1 1 1 1 1 1 8 1 1 1 1 |1 1 8 6 4 1 1 1 1 1 1 1 1 1 6 1 |1 1 1 1 1 1 1 1 1 1 1 1 1 1 1 1 |1 1 1 1 1 1 1 1 1 1 1 1 1 1 1 1 |1 1 1 1 1 1 1 1 1 1 1 1 1 4 1 1 |1 1 1 1 1 1 1 6 1 2 1 1 1 1 1 1 |1 1 1 1 1 1 1 1 1 1 1 1 1 1 1 1 |1 1 1 2 6 1 1 1 3 1 1 1 1 1 1 1 |1 1 1 1 1 1 2 6 1 1 1 1 1 1 1 12 |1 1 3 1 1 1 1 1 1 1 1 9 1 1 1 1 |1 1 7 1 1 1 7 1 1 1 1 7 2 1 1 1 |1 10 1 1 1 1 1 1 1 1 14 1 1 1 2 2 |
4584: 1 1 1 1 1 1 1 1 1 1 1 8 1 1 1 1 |1 1 8 6 4 1 1 1 1 1 1 1 1 1 6 1 |1 1 1 1 1 1 1 1 1 1 1 1 1 1 1 1 |1 1 1 1 1 1 1 1 1 1 1 1 1 1 1 1 |1 1 1 1 1 1 1 1 1 1 1 1 1 4 1 1 |1 1 1 1 1 1 1 6 1 2 1 1 1 1 1 1 |1 1 1 1 1 1 1 1 1 1 1 1 1 1 1 1 |1 1 1 2 6 1 1 1 3 1 1 1 1 1 1 1 |1 1 1 1 1 1 2 6 1 1 1 1 1 1 1 12 |1 1 3 1 1 1 1 1 1 1 1 9 1 1 1 1 |1 1 7 1 1 1 7 1 1 1 1 7 2 1 1 1 |1 10 1 1 1 1 1 1 1 1 14 1 1 1 2 2 |
4595: 1 1 1 1 1 1 1 1 1 1 4 7 1 1 1 1 |1 1 5 4 1 1 1 1 1 1 1 1 1 1 1 1 |1 1 1 1 1 1 1 1 1 1 1 1 1 1 1 1 |1 1 1 1 1 1 1 1 1 1 1 1 1 1 1 1 |1 1 1 1 2 1 1 1 1 1 1 1 1 1 1 1 |1 1 1 1 1 1 1 2 1 1 1 1 1 2 1 1 |1 1 1 1 1 1 1 1 1 1 1 1 1 1 1 1 |1 1 1 2 6 1 1 1 3 1 1 1 1 1 1 1 |1 1 1 1 1 1 2 6 1 1 1 1 1 1 1 12 |1 1 3 1 1 1 1 1 1 1 1 9 1 1 1 1 |1 1 7 1 1 1 7 1 1 1 1 7 2 1 1 1 |1 10 1 1 1 1 1 1 1 1 14 1 1 1 2 2 |
4606: 1 1 1 1 1 1 1 1 1 1 4 7 1 1 1 1 |1 1 5 4 1 1 1 1 1 1 1 1 1 1 1 1 |1 1 1 1 1 1 1 1 1 1 1 1 1 1 1 1 |1 1 1 1 1 1 1 1 1 1 1 1 1 1 1 1 |1 1 1 1 2 1 1 1 1 1 1 1 1 1 1 1 |1 1 1 1 1 1 1 2 1 1 1 1 1 2 1 1 |1 1 1 1 1 1 1 1 1 1 1 1 1 1 1 1 |1 1 1 1 7 5 1 1 3 1 1 1 1 1 1 4 |1 1 2 1 1 1 1 3 1 1 1 1 1 1 1 1 |1 1 2 1 1 1 7 1 1 1 1 8 1 6 1 1 |4 1 1 1 1 1 7 1 1 1 1 6 1 1 1 3 |1 12 1 1 1 1 1 1 1 1 12 7 2 1 1 1 |
4617: 1 1 1 1 1 1 1 1 1 1 4 7 1 1 1 1 |1 1 5 4 1 1 1 1 1 1 1 1 1 1 1 1 |1 1 1 1 1 1 1 1 1 1 1 1 1 1 1 1 |1 1 1 1 1 1 1 1 1 1 1 1 1 1 1 1 |1 1 1 1 2 1 1 1 1 1 1 1 1 1 1 1 |1 1 1 1 1 1 1 2 1 1 1 1 1 2 1 1 |1 1 1 1 1 1 1 1 1 1 1 1 1 1 1 1 |1 1 1 1 7 5 1 1 3 1 1 1 1 1 1 4 |1 1 2 1 1 1 1 3 1 1 1 1 1 1 1 1 |1 1 2 1 1 1 7 1 1 1 1 8 1 6 1 1 |4 1 1 1 1 1 7 1 1 1 1 6 1 1 1 3 |1 12 1 1 1 1 1 1 1 1 12 7 2 1 1 1 |
4628: 1 1 1 1 1 1 2 1 1 1 5 7 1 1 1 1 |1 1 1 1 1 1 1 1 1 1 1 1 1 1 3 1 |1 1 1 1 1 1 1 1 1 1 1 1 1 1 1 1 |1 1 1 1 1 1 1 1 1 1 1 1 1 1 1 1 |1 1 1 1 1 1 1 1 1 1 1 1 1 1 4 1 |1 1 1 1 1 1 2 1 2 2 2 1 1 3 1 1 |1 1 1 1 1 1 1 1 1 1 1 1 1 1 1 1 |1 1 1 1 7 5 1 1 3 1 1 1 1 1 1 4 |1 1 2 1 1 1 1 3 1 1 1 1 1 1 1 1 |1 1 2 1 1 1 7 1 1 1 1 8 1 6 1 1 |4 1 1 1 1 1 7 1 1 1 1 6 1 1 1 3 |1 12 1 1 1 1 1 1 1 1 12 7 2 1 1 1 |
4638: 1 1 1 1 1 1 2 1 1 1 5 7 1 1 1 1 |1 1 1 1 1 1 1 1 1 1 1 1 1 1 3 1 |1 1 1 1 1 1 1 1 1 1 1 1 1 1 1 1 |1 1 1 1 1 1 1 1 1 1 1 1 1 1 1 1 |1 1 1 1 1 1 1 1 1 1 1 1 1 1 4 1 |1 1 1 1 1 1 2 1 2 2 2 1 1 3 1 1 |1 1 1 1 1 1 1 1 1 1 1 1 1 1 1 1 |1 1 1 2 7 1 1 1 1 1 1 1 1 1 1 1 |1 1 2 3 6 1 1 8 1 1 1 1 1 1 1 1 |1 1 2 1 1 1 1 1 1 1 1 9 3 1 1 1 |3 1 4 1 1 1 1 1 1 1 1 6 2 1 1 1 |1 1 1 1 1 1 2 2 1 1 1 1 8 1 7 3 |
4650: 1 1 1 1 1 1 2 1 1 1 5 7 1 1 1 1 |1 1 1 1 1 1 1 1 1 1 1 1 1 1 3 1 |1 1 1 1 1 1 1 1 1 1 1 1 1 1 1 1 |1 1 1 1 1 1 1 1 1 1 1 1 1 1 1 1 |1 1 1 1 1 1 1 1 1 1 1 1 1 1 4 1 |1 1 1 1 1 1 2 1 2 2 2 1 1 3 1 1 |1 1 1 1 1 1 1 1 1 1 1 1 1 1 1 1 |1 1 1 2 7 1 1 1 1 1 1 1 1 1 1 1 |1 1 2 3 6 1 1 8 1 1 1 1 1 1 1 1 |1 1 2 1 1 1 1 1 1 1 1 9 3 1 1 1 |3 1 4 1 1 1 1 1 1 1 1 6 2 1 1 1 |1 1 1 1 1 1 2 2 1 1 1 1 8 1 7 3 |
4661: 1 1 1 1 1 1 1 1 1 1 1 5 1 1 1 1 |1 1 2 6 1 1 1 1 1 1 1 1 1 1 4 1 |1 1 1 1 1 1 1 1 1 1 1 1 1 1 1 1 |1 1 3 1 1 1 1 1 1 1 1 1 1 1 1 1 |1 1 1 1 1 1 1 1 1 1 1 1 1 1 1 1 |1 1 1 1 1 1 1 5 3 2 1 1 1 1 1 1 |1 1 1 1 1 1 1 1 1 1 1 1 1 1 1 1 |1 1 1 2 7 1 1 1 1 1 1 1 1 1 1 1 |1 1 2 3 6 1 1 8 1 1 1 1 1 1 1 1 |1 1 2 1 1 1 1 1 1 1 1 9 3 1 1 1 |3 1 4 1 1 1 1 1 1 1 1 6 2 1 1 1 |1 1 1 1 1 1 2 2 1 1 1 1 8 1 7 3 |
4672: 1 1 1 1 1 1 1 1 1 1 1 5 1 1 1 1 |1 1 2 6 1 1 1 1 1 1 1 1 1 1 4 1 |1 1 1 1 1 1 1 1 1 1 1 1 1 1 1 1 |1 1 3 1 1 1 1 1 1 1 1 1 1 1 1 1 |1 1 1 1 1 1 1 1 1 1 1 1 1 1 1 1 |1 1 1 1 1 1 1 5 3 2 1 1 1 1 1 1 |1 1 1 1 1 1 1 1 1 1 1 2 1 1 1 1 |1 1 1 2 6 3 1 1 6 1 1 1 1 1 1 4 |1 1 3 1 1 1 1 10 1 1 1 1 1 1 1 5 |1 1 1 1 2 1 1 1 1 1 1 1 1 1 1 2 |1 1 1 1 1 1 1 1 1 1 1 1 2 1 1 8 |1 5 1 1 1 1 1 1 1 1 14 2 10 1 8 2 |
4683: 1 1 1 1 1 1 1 1 1 1 1 5 1 1 1 1 |1 1 2 6 1 1 1 1 1 1 1 1 1 1 4 1 |1 1 1 1 1 1 1 1 1 1 1 1 1 1 1 1 |1 1 3 1 1 1 1 1 1 1 1 1 1 1 1 1 |1 1 1 1 1 1 1 1 1 1 1 1 1 1 1 1 |1 1 1 1 1 1 1 5 3 2 1 1 1 1 1 1 |1 1 1 1 1 1 1 1 1 1 1 2 1 1 1 1 |1 1 1 2 6 3 1 1 6 1 1 1 1 1 1 4 |1 1 3 1 1 1 1 10 1 1 1 1 1 1 1 5 |1 1 1 1 2 1 1 1 1 1 1 1 1 1 1 2 |1 1 1 1 1 1 1 1 1 1 1 1 2 1 1 8 |1 5 1 1 1 1 1 1 1 1 14 2 10 1 8 2 |
4715: 1 1 1 1 1 1 1 1 1 1 1 5 1 1 1 1 |1 1 2 6 1 1 1 1 1 1 1 1 1 1 4 1 |1 1 1 1 1 1 1 1 1 1 1 1 1 1 1 1 |1 1 3 1 1 1 1 1 1 1 1 1 1 1 1 1 |1 1 1 1 1 1 1 1 1 1 1 1 1 1 1 1 |1 1 1 1 1 1 1 5 3 2 1 1 1 1 1 1 |1 1 1 1 1 1 1 1 1 1 1 2 1 1 1 1 |1 1 1 2 6 3 1 1 6 1 1 1 1 1 1 4 |1 1 3 1 1 1 1 10 1 1 1 1 1 1 1 5 |1 1 1 1 2 1 1 1 1 1 1 1 1 1 1 2 |1 1 1 1 1 1 1 1 1 1 1 1 2 1 1 8 |1 5 1 1 1 1 1 1 1 1 14 2 10 1 8 2 |
4725: 5 1 1 1 1 1 1 1 1 1 4 7 1 1 1 1 |1 1 1 1 1 1 1 1 1 1 1 1 1 1 1 1 |1 1 1 1 1 1 1 1 1 1 1 1 1 1 1 1 |1 1 4 1 1 1 1 1 2 1 1 1 1 1 1 1 |1 1 1 1 1 1 1 1 1 1 1 1 1 1 1 1 |1 1 1 1 1 1 2 1 3 1 1 1 1 1 1 1 |1 1 1 1 1 1 1 1 1 1 1 1 1 1 1 3 |1 1 1 1 1 1 1 1 1 1 1 1 3 1 1 2 |1 1 1 1 1 1 1 2 1 1 1 1 5 1 1 2 |1 1 1 1 2 1 1 1 1 1 1 1 1 1 1 2 |1 1 1 1 1 1 1 1 1 1 1 1 2 1 1 8 |1 5 1 1 1 1 1 1 1 1 14 2 10 1 8 2 |
4736: 5 1 1 1 1 1 1 1 1 1 4 7 1 1 1 1 |1 1 1 1 1 1 1 1 1 1 1 1 1 1 1 1 |1 1 1 1 1 1 1 1 1 1 1 1 1 1 1 1 |1 1 4 1 1 1 1 1 2 1 1 1 1 1 1 1 |1 1 1 1 1 1 1 1 1 1 1 1 1 1 1 1 |1 1 1 1 1 1 2 1 3 1 1 1 1 1 1 1 |1 1 1 1 1 1 1 1 1 1 1 1 1 1 1 3 |1 1 1 1 1 1 1 1 1 1 1 1 3 1 1 2 |1 1 1 1 1 1 1 2 1 1 1 1 5 1 1 2 |1 1 1 8 1 1 1 1 1 1 1 1 1 1 1 1 |2 1 1 1 1 1 6 1 1 1 1 9 3 1 1 1 |1 6 1 7 8 1 1 1 1 1 10 5 1 1 11 7 |
4746: 5 1 1 1 1 1 1 1 1 1 4 7 1 1 1 1 |1 1 1 1 1 1 1 1 1 1 1 1 1 1 1 1 |1 1 1 1 1 1 1 1 1 1 1 1 1 1 1 1 |1 1 4 1 1 1 1 1 2 1 1 1 1 1 1 1 |1 1 1 1 1 1 1 1 1 1 1 1 1 1 1 1 |1 1 1 1 1 1 2 1 3 1 1 1 1 1 1 1 |1 1 1 1 1 1 1 1 1 1 1 1 1 1 1 3 |1 1 1 1 1 1 1 1 1 1 1 1 3 1 1 2 |1 1 1 1 1 1 1 2 1 1 1 1 5 1 1 2 |1 1 1 8 1 1 1 1 1 1 1 1 1 1 1 1 |2 1 1 1 1 1 6 1 1 1 1 9 3 1 1 1 |1 6 1 7 8 1 1 1 1 1 10 5 1 1 11 7 |
4757: 3 1 1 1 1 1 1 1 1 1 1 4 1 1 1 1 |1 1 4 3 1 1 1 1 1 1 1 1 1 1 1 1 |1 1 1 1 1 1 1 1 1 1 1 1 1 1 1 1 |1 1 3 1 1 1 1 1 1 1 1 1 1 1 1 1 |1 1 1 1 1 1 1 1 1 1 1 1 1 2 1 1 |1 1 1 1 1 1 3 3 1 2 1 1 1 1 1 1 |1 1 1 1 1 1 1 1 1 1 1 1 1 2 1 1 |1 1 1 1 1 1 1 1 1 1 1 1 3 1 1 2 |1 1 1 1 1 1 1 2 1 1 1 1 5 1 1 2 |1 1 1 8 1 1 1 1 1 1 1 1 1 1 1 1 |2 1 1 1 1 1 6 1 1 1 1 9 3 1 1 1 |1 6 1 7 8 1 1 1 1 1 10 5 1 1 11 7 |
4769: 3 1 1 1 1 1 1 1 1 1 1 4 1 1 1 1 |1 1 4 3 1 1 1 1 1 1 1 1 1 1 1 1 |1 1 1 1 1 1 1 1 1 1 1 1 1 1 1 1 |1 1 3 1 1 1 1 1 1 1 1 1 1 1 1 1 |1 1 1 1 1 1 1 1 1 1 1 1 1 2 1 1 |1 1 1 1 1 1 3 3 1 2 1 1 1 1 1 1 |1 1 1 1 1 1 1 1 1 1 1 1 1 2 1 1 |1 1 1 1 4 8 1 1 4 1 1 1 1 1 1 1 |1 1 1 1 1 1 1 9 1 1 1 1 6 1 1 1 |2 1 1 1 1 1 2 1 1 1 1 10 1 1 1 1 |1 1 1 1 1 1 3 1 1 1 1 6 1 1 1 7 |1 7 1 1 1 1 2 1 1 1 12 7 1 1 10 1 |
4779: 3 1 1 1 1 1 1 1 1 1 1 4 1 1 1 1 |1 1 4 3 1 1 1 1 1 1 1 1 1 1 1 1 |1 1 1 1 1 1 1 1 1 1 1 1 1 1 1 1 |1 1 3 1 1 1 1 1 1 1 1 1 1 1 1 1 |1 1 1 1 1 1 1 1 1 1 1 1 1 2 1 1 |1 1 1 1 1 1 3 3 1 2 1 1 1 1 1 1 |1 1 1 1 1 1 1 1 1 1 1 1 1 2 1 1 |1 1 1 1 4 8 1 1 4 1 1 1 1 1 1 1 |1 1 1 1 1 1 1 9 1 1 1 1 6 1 1 1 |2 1 1 1 1 1 2 1 1 1 1 10 1 1 1 1 |1 1 1 1 1 1 3 1 1 1 1 6 1 1 1 7 |1 7 1 1 1 1 2 1 1 1 12 7 1 1 10 1 |
4791: 2 1 1 1 1 1 1 1 1 1 6 7 1 1 1 1 |1 1 1 1 1 1 1 1 1 1 1 1 1 1 5 1 |1 1 1 1 1 1 1 1 1 1 1 1 1 1 1 1 |1 1 1 1 1 1 1 1 1 1 1 1 1 1 1 1 |1 1 1 1 1 1 1 1 1 1 1 1 1 1 1 1 |1 1 1 1 1 1 3 2 1 2 3 1 1 1 1 1 |1 1 1 1 1 1 1 1 1 1 1 1 1 1 1 1 |1 1 1 2 6 6 1 1 4 1 1 1 1 1 1 1 |1 1 1 1 1 1 1 9 1 1 1 1 6 1 1 1 |2 1 1 1 1 1 2 1 1 1 1 10 1 1 1 1 |1 1 1 1 1 1 3 1 1 1 1 6 1 1 1 7 |1 7 1 1 1 1 2 1 1 1 12 7 1 1 10 1 |
4801: 2 1 1 1 1 1 1 1 1 1 6 7 1 1 1 1 |1 1 1 1 1 1 1 1 1 1 1 1 1 1 5 1 |1 1 1 1 1 1 1 1 1 1 1 1 1 1 1 1 |1 1 1 1 1 1 1 1 1 1 1 1 1 1 1 1 |1 1 1 1 1 1 1 1 1 1 1 1 1 1 1 1 |1 1 1 1 1 1 3 2 1 2 3 1 1 1 1 1 |1 1 1 1 1 1 1 1 1 1 1 1 1 1 1 1 |1 1 1 2 6 6 1 1 4 1 1 1 1 1 1 1 |1 1 2 1 1 1 1 8 1 1 1 1 1 1 1 1 |1 1 1 8 1 1 1 1 1 1 1 9 1 1 1 1 |4 1 1 1 1 1 1 1 1 1 1 7 1 2 5 5 |1 4 1 8 1 1 4 1 1 1 9 5 1 1 10 1 |
4812: 2 1 1 1 1 1 1 1 1 1 6 7 1 1 1 1 |1 1 1 1 1 1 1 1 1 1 1 1 1 1 5 1 |1 1 1 1 1 1 1 1 1 1 1 1 1 1 1 1 |1 1 1 1 1 1 1 1 1 1 1 1 1 1 1 1 |1 1 1 1 1 1 1 1 1 1 1 1 1 1 1 1 |1 1 1 1 1 1 3 2 1 2 3 1 1 1 1 1 |1 1 1 1 1 1 1 1 1 1 1 1 1 1 1 1 |1 1 1 2 6 6 1 1 4 1 1 1 1 1 1 1 |1 1 2 1 1 1 1 8 1 1 1 1 1 1 1 1 |1 1 1 8 1 1 1 1 1 1 1 9 1 1 1 1 |4 1 1 1 1 1 1 1 1 1 1 7 1 2 5 5 |1 4 1 8 1 1 4 1 1 1 9 5 1 1 10 1 |
4823: 4 1 1 1 1 1 1 1 1 1 1 7 1 1 1 1 |1 1 5 1 1 1 1 1 1 1 1 1 1 1 4 1 |1 1 1 1 1 1 1 1 1 1 1 1 1 1 1 1 |1 1 1 1 1 1 1 1 1 1 1 1 1 1 1 1 |1 1 1 1 1 1 1 1 1 1 1 1 1 5 1 1 |1 1 1 1 1 1 1 2 1 1 1 1 1 4 1 1 |1 1 1 1 1 1 1 1 1 1 1 1 1 1 1 1 |1 1 1 2 6 6 1 1 4 1 1 1 1 1 1 1 |1 1 2 1 1 1 1 8 1 1 1 1 1 1 1 1 |1 1 1 8 1 1 1 1 1 1 1 9 1 1 1 1 |4 1 1 1 1 1 1 1 1 1 1 7 1 2 5 5 |1 4 1 8 1 1 4 1 1 1 9 5 1 1 10 1 |
4834: 4 1 1 1 1 1 1 1 1 1 1 7 1 1 1 1 |1 1 5 1 1 1 1 1 1 1 1 1 1 1 4 1 |1 1 1 1 1 1 1 1 1 1 1 1 1 1 1 1 |1 1 1 1 1 1 1 1 1 1 1 1 1 1 1 1 |1 1 1 1 1 1 1 1 1 1 1 1 1 5 1 1 |1 1 1 1 1 1 1 2 1 1 1 1 1 4 1 1 |1 1 1 1 1 4 1 1 1 1 1 1 1 1 1 1 |1 1 1 2 7 2 1 1 1 1 1 1 1 1 1 4 |1 1 2 1 1 1 1 1 1 1 1 1 1 1 1 1 |1 1 1 7 1 1 1 1 1 1 1 9 1 8 1 1 |2 1 8 1 1 1 7 1 1 1 1 9 4 1 1 1 |1 13 1 1 1 1 1 1 1 1 3 7 2 1 1 1 |
4845: 4 1 1 1 1 1 1 1 1 1 1 7 1 1 1 1 |1 1 5 1 1 1 1 1 1 1 1 1 1 1 4 1 |1 1 1 1 1 1 1 1 1 1 1 1 1 1 1 1 |1 1 1 1 1 1 1 1 1 1 1 1 1 1 1 1 |1 1 1 1 1 1 1 1 1 1 1 1 1 5 1 1 |1 1 1 1 1 1 1 2 1 1 1 1 1 4 1 1 |1 1 1 1 1 4 1 1 1 1 1 1 1 1 1 1 |1 1 1 2 7 2 1 1 1 1 1 1 1 1 1 4 |1 1 2 1 1 1 1 1 1 1 1 1 1 1 1 1 |1 1 1 7 1 1 1 1 1 1 1 9 1 8 1 1 |2 1 8 1 1 1 7 1 1 1 1 9 4 1 1 1 |1 13 1 1 1 1 1 1 1 1 3 7 2 1 1 1 |
4856: 3 1 1 1 1 1 1 1 1 1 1 7 1 1 1 1 |1 1 1 7 1 1 1 1 1 1 1 1 1 1 5 1 |1 1 1 1 1 1 1 1 1 1 1 1 1 1 1 1 |1 1 5 1 1 1 1 1 1 1 1 1 1 1 1 1 |1 1 1 1 1 1 1 1 1 1 1 1 1 1 1 1 |1 1 1 3 1 1 2 2 1 4 1 1 1 4 1 1 |1 1 1 1 1 4 1 1 1 1 1 1 1 1 1 1 |1 1 1 2 7 2 1 1 1 1 1 1 1 1 1 4 |1 1 2 1 1 1 1 1 1 1 1 1 1 1 1 1 |1 1 1 7 1 1 1 1 1 1 1 9 1 8 1 1 |2 1 8 1 1 1 7 1 1 1 1 9 4 1 1 1 |1 13 1 1 1 1 1 1 1 1 3 7 2 1 1 1 |
4866: 3 1 1 1 1 1 1 1 1 1 1 7 1 1 1 1 |1 1 1 7 1 1 1 1 1 1 1 1 1 1 5 1 |1 1 1 1 1 1 1 1 1 1 1 1 1 1 1 1 |1 1 5 1 1 1 1 1 1 1 1 1 1 1 1 1 |1 1 1 1 1 1 1 1 1 1 1 1 1 1 1 1 |1 1 1 3 1 1 2 2 1 4 1 1 1 4 1 1 |1 1 1 1 1 1 1 1 1 1 4 1 1 1 1 1 |1 1 1 1 1 11 1 1 6 1 1 1 1 1 1 1 |1 1 1 1 1 1 1 5 1 1 1 1 5 1 1 1 |1 1 1 8 1 1 1 1 1 1 1 6 1 1 1 1 |1 1 1 1 1 1 8 1 1 1 1 6 1 1 1 8 |1 1 1 6 2 1 1 1 1 1 6 1 9 1 9 3 |
4877: 3 1 1 1 1 1 1 1 1 1 1 7 1 1 1 1 |1 1 1 7 1 1 1 1 1 1 1 1 1 1 5 1 |1 1 1 1 1 1 1 1 1 1 1 1 1 1 1 1 |1 1 5 1 1 1 1 1 1 1 1 1 1 1 1 1 |1 1 1 1 1 1 1 1 1 1 1 1 1 1 1 1 |1 1 1 3 1 1 2 2 1 4 1 1 1 4 1 1 |1 1 1 1 1 1 1 1 1 1 4 1 1 1 1 1 |1 1 1 1 1 11 1 1 6 1 1 1 1 1 1 1 |1 1 1 1 1 1 1 5 1 1 1 1 5 1 1 1 |1 1 1 8 1 1 1 1 1 1 1 6 1 1 1 1 |1 1 1 1 1 1 8 1 1 1 1 6 1 1 1 8 |1 1 1 6 2 1 1 1 1 1 6 1 9 1 9 3 |
4888: 3 1 1 1 1 1 1 1 1 1 5 6 1 1 1 1 |1 1 6 4 1 1 1 1 1 1 1 1 1 1 4 1 |1 1 1 1 1 1 1 1 1 1 1 1 1 1 1 1 |1 1 1 1 1 1 1 1 1 1 1 1 1 1 1 1 |1 1 1 1 1 1 1 1 1 1 1 1 1 10 1 1 |1 1 1 3 1 1 2 2 1 4 1 1 1 4 1 1 |1 1 1 1 1 1 1 1 1 1 4 1 1 1 1 1 |1 1 1 1 1 11 1 1 6 1 1 1 1 1 1 1 |1 1 1 1 1 1 1 5 1 1 1 1 5 1 1 1 |1 1 1 8 1 1 1 1 1 1 1 6 1 1 1 1 |1 1 1 1 1 1 8 1 1 1 1 6 1 1 1 8 |1 1 1 6 2 1 1 1 1 1 6 1 9 1 9 3 |
4898: 3 1 1 1 1 1 1 1 1 1 5 6 1 1 1 1 |1 1 6 4 1 1 1 1 1 1 1 1 1 1 4 1 |1 1 1 1 1 1 1 1 1 1 1 1 1 1 1 1 |1 1 1 1 1 1 1 1 1 1 1 1 1 1 1 1 |1 1 1 1 1 1 1 1 1 1 1 1 1 10 1 1 |1 1 1 1 1 5 2 4 1 2 1 1 1 3 1 1 |1 1 1 1 1 1 1 1 1 1 1 1 1 1 1 1 |1 1 1 1 6 1 1 1 1 1 1 2 1 1 1 1 |1 1 3 1 1 1 1 8 1 1 1 1 1 1 1 6 |1 1 6 1 1 1 1 1 1 1 1 9 1 1 1 1 |3 1 2 1 1 1 1 1 1 1 1 9 1 1 1 8 |1 6 1 1 1 1 1 1 1 1 5 1 1 1 10 3 |
4909: 3 1 1 1 1 1 1 1 1 1 5 6 1 1 1 1 |1 1 6 4 1 1 1 1 1 1 1 1 1 1 4 1 |1 1 1 1 1 1 1 1 1 1 1 1 1 1 1 1 |1 1 1 1 1 1 1 1 1 1 1 1 1 1 1 1 |1 1 1 1 1 1 1 1 1 1 1 1 1 10 1 1 |1 1 1 1 1 5 2 4 1 2 1 1 1 3 1 1 |1 1 1 1 1 1 1 1 1 1 1 1 1 1 1 1 |1 1 1 1 6 1 1 1 1 1 1 2 1 1 1 1 |1 1 3 1 1 1 1 8 1 1 1 1 1 1 1 6 |1 1 6 1 1 1 1 1 1 1 1 9 1 1 1 1 |3 1 2 1 1 1 1 1 1 1 1 9 1 1 1 8 |1 6 1 1 1 1 1 1 1 1 5 1 1 1 10 3 |
4920: 3 1 1 1 1 1 1 1 1 1 6 2 1 1 1 1 |1 1 4 5 1 1 1 1 1 1 1 1 1 1 6 1 |1 1 1 1 1 1 1 1 1 1 1 1 1 1 1 1 |1 1 1 1 1 1 1 1 1 1 1 1 1 1 1 1 |1 1 1 1 1 1 1 1 1 1 1 1 1 10 1 1 |1 1 1 1 1 5 2 4 1 2 1 1 1 3 1 1 |1 1 1 1 1 1 1 1 1 1 1 1 1 1 1 1 |1 1 1 1 6 1 1 1 1 1 1 2 1 1 1 1 |1 1 3 1 1 1 1 8 1 1 1 1 1 1 1 6 |1 1 6 1 1 1 1 1 1 1 1 9 1 1 1 1 |3 1 2 1 1 1 1 1 1 1 1 9 1 1 1 8 |1 6 1 1 1 1 1 1 1 1 5 1 1 1 10 3 |
4932: 3 1 1 1 1 1 1 1 1 1 6 2 1 1 1 1 |1 1 4 5 1 1 1 1 1 1 1 1 1 1 6 1 |1 1 1 1 1 1 1 1 1 1 1 1 1 1 1 1 |1 1 2 1 1 1 1 1 1 1 1 1 1 1 1 1 |1 1 1 1 1 1 1 1 1 1 1 1 1 1 1 1 |1 1 1 1 1 1 1 3 1 3 2 1 1 3 1 1 |1 1 1 1 1 4 1 1 1 1 1 1 1 1 1 1 |1 1 1 1 6 1 1 1 4 1 1 1 1 1 1 3 |1 1 1 1 1 1 1 2 1 1 1 1 1 1 1 1 |1 1 1 1 1 1 1 1 1 1 1 1 1 7 1 1 |4 1 1 1 1 1 6 1 1 1 1 4 1 1 1 3 |1 6 1 1 1 1 1 1 1 1 5 1 1 1 10 3 |
4943: 3 1 1 1 1 1 1 1 1 1 6 2 1 1 1 1 |1 1 4 5 1 1 1 1 1 1 1 1 1 1 6 1 |1 1 1 1 1 1 1 1 1 1 1 1 1 1 1 1 |1 1 2 1 1 1 1 1 1 1 1 1 1 1 1 1 |1 1 1 1 1 1 1 1 1 1 1 1 1 1 1 1 |1 1 1 1 1 1 1 3 1 3 2 1 1 3 1 1 |1 1 1 1 1 4 1 1 1 1 1 1 1 1 1 1 |1 1 1 1 6 1 1 1 4 1 1 1 1 1 1 3 |1 1 1 1 1 1 1 2 1 1 1 1 1 1 1 1 |1 1 1 1 1 1 1 1 1 1 1 1 1 7 1 1 |4 1 1 1 1 1 6 1 1 1 1 4 1 1 1 3 |1 3 1 1 1 1 1 1 1 1 6 6 1 1 10 4 |
4954: 1 1 1 1 1 1 1 1 1 1 1 5 1 1 1 1 |1 1 4 3 5 1 1 1 1 1 1 1 1 1 4 1 |1 1 1 1 1 1 1 1 1 1 1 1 1 1 1 1 |1 1 2 1 1 1 1 1 1 1 1 1 1 1 1 1 |1 1 1 1 1 1 1 1 1 1 1 1 1 1 1 1 |1 1 1 1 1 1 1 3 1 3 2 1 1 3 1 1 |1 1 1 1 1 4 1 1 1 1 1 1 1 1 1 1 |1 1 1 1 6 1 1 1 4 1 1 1 1 1 1 3 |1 1 1 1 1 1 1 2 1 1 1 1 1 1 1 1 |1 1 1 1 1 1 1 1 1 1 1 1 1 7 1 1 |4 1 1 1 1 1 6 1 1 1 1 4 1 1 1 3 |1 3 1 1 1 1 1 1 1 1 6 6 1 1 10 4 |
4964: 1 1 1 1 1 1 1 1 1 1 1 5 1 1 1 1 |1 1 4 3 5 1 1 1 1 1 1 1 1 1 4 1 |1 1 1 1 1 1 1 1 1 1 1 1 1 1 1 1 |1 1 1 1 1 1 1 1 1 1 1 1 1 1 1 1 |1 1 1 1 1 1 1 1 1 1 1 1 1 1 1 1 |1 2 1 1 1 1 1 5 1 1 1 1 1 3 1 1 |1 1 1 1 1 1 1 2 1 1 1 1 1 1 1 1 |1 1 1 3 1 1 1 1 4 1 1 1 6 1 1 4 |1 1 1 1 1 1 1 7 1 1 6 1 1 1 1 11 |1 1 1 1 1 1 1 1 1 1 1 1 1 7 1 1 |4 1 1 1 1 1 6 1 1 1 1 4 1 1 1 3 |1 3 1 1 1 1 1 1 1 1 6 6 1 1 10 4 |
4974: 1 1 1 1 1 1 1 1 1 1 1 5 1 1 1 1 |1 1 4 3 5 1 1 1 1 1 1 1 1 1 4 1 |1 1 1 1 1 1 1 1 1 1 1 1 1 1 1 1 |1 1 1 1 1 1 1 1 1 1 1 1 1 1 1 1 |1 1 1 1 1 1 1 1 1 1 1 1 1 1 1 1 |1 2 1 1 1 1 1 5 1 1 1 1 1 3 1 1 |1 1 1 1 1 1 1 2 1 1 1 1 1 1 1 1 |1 1 1 3 1 1 1 1 4 1 1 1 6 1 1 4 |1 1 1 1 1 1 1 7 1 1 6 1 1 1 1 11 |1 1 2 1 1 1 1 1 1 1 1 8 1 1 1 1 |3 1 1 1 3 1 8 1 1 1 1 1 1 1 1 4 |1 1 1 1 1 1 2 1 1 1 13 2 1 1 11 3 |
4984: 1 1 1 1 1 1 1 1 1 1 6 6 1 1 1 1 |1 1 4 3 5 1 1 1 1 1 1 1 1 1 4 1 |1 1 1 1 1 1 1 1 1 1 1 1 1 1 1 1 |1 1 1 1 1 1 1 1 1 1 1 1 1 1 1 1 |1 1 1 1 1 1 1 1 1 1 1 1 1 1 1 1 |1 2 1 1 1 1 1 5 1 1 1 1 1 3 1 1 |1 1 1 1 1 1 1 2 1 1 1 1 1 1 1 1 |1 1 1 3 1 1 1 1 4 1 1 1 6 1 1 4 |1 1 1 1 1 1 1 7 1 1 6 1 1 1 1 11 |1 1 2 1 1 1 1 1 1 1 1 8 1 1 1 1 |3 1 1 1 3 1 8 1 1 1 1 1 1 1 1 4 |1 1 1 1 1 1 2 1 1 1 13 2 1 1 11 3 |
4995: 1 1 1 1 1 1 1 1 1 1 6 6 1 1 1 1 |1 1 1 1 6 1 1 1 1 1 1 1 1 1 1 1 |1 1 1 1 1 1 1 1 1 1 1 1 1 1 1 1 |1 1 1 1 1 1 1 1 1 1 1 1 1 1 1 1 |1 1 1 1 1 1 1 1 1 1 1 1 1 1 1 1 |1 1 1 1 1 3 1 3 2 1 1 1 1 2 1 1 |1 1 1 1 1 1 1 1 1 1 1 1 1 1 1 1 |1 1 1 2 5 1 1 3 1 1 1 1 1 1 1 1 |1 1 1 1 5 1 1 8 1 1 8 1 8 1 1 1 |1 1 2 1 1 1 1 1 1 1 1 8 1 1 1 1 |3 1 1 1 3 1 8 1 1 1 1 1 1 1 1 4 |1 1 1 1 1 1 2 1 1 1 13 2 1 1 11 3 |
5005: 1 1 1 1 1 1 1 1 1 1 6 6 1 1 1 1 |1 1 1 1 6 1 1 1 1 1 1 1 1 1 1 1 |1 1 1 1 1 1 1 1 1 1 1 1 1 1 1 1 |1 1 1 1 1 1 1 1 1 1 1 1 1 1 1 1 |1 1 1 1 1 1 1 1 1 1 1 1 1 1 1 1 |1 1 1 1 1 3 1 3 2 1 1 1 1 2 1 1 |1 1 1 1 1 1 1 1 1 1 1 1 1 1 1 1 |1 1 1 2 5 1 1 3 1 1 1 1 1 1 1 1 |1 1 1 1 5 1 1 8 1 1 8 1 8 1 1 1 |1 1 1 1 2 1 1 2 1 1 1 9 1 1 1 1 |2 1 2 1 1 1 1 1 1 1 1 8 1 1 1 9 |1 10 1 1 6 1 1 1 1 1 10 10 1 1 4 6 |
5015: 1 1 1 1 1 1 1 1 1 1 6 6 1 1 1 1 |1 1 1 1 6 1 1 1 1 1 1 1 1 1 1 1 |1 1 1 1 1 1 1 1 1 1 1 1 1 1 1 1 |1 1 1 1 1 1 1 1 1 1 1 1 1 1 1 1 |1 1 1 1 1 1 1 1 1 1 1 1 1 1 1 1 |1 1 1 1 1 3 1 3 2 1 1 1 1 2 1 1 |1 1 1 1 1 1 1 1 1 1 1 1 1 1 1 1 |1 1 1 2 5 1 1 3 1 1 1 1 1 1 1 1 |1 1 1 1 5 1 1 8 1 1 8 1 8 1 1 1 |1 1 1 1 2 1 1 2 1 1 1 9 1 1 1 1 |2 1 2 1 1 1 1 1 1 1 1 8 1 1 1 9 |1 10 1 1 6 1 1 1 1 1 10 10 1 1 4 6 |
5026: 2 1 1 1 3 1 1 1 1 1 5 5 1 1 1 1 |1 1 1 1 5 1 1 1 1 1 1 1 1 1 1 1 |1 1 1 1 1 1 1 1 1 1 1 1 1 1 1 1 |1 1 1 1 1 1 1 1 1 1 1 1 1 1 1 1 |1 1 1 1 1 1 1 1 1 1 1 1 1 1 1 1 |1 1 1 1 1 1 1 1 2 2 1 1 1 1 1 1 |1 1 1 1 1 1 1 1 1 1 1 1 1 1 1 1 |1 1 1 2 5 1 1 3 1 1 1 1 1 1 1 1 |1 1 1 1 5 1 1 8 1 1 8 1 8 1 1 1 |1 1 1 1 2 1 1 2 1 1 1 9 1 1 1 1 |2 1 2 1 1 1 1 1 1 1 1 8 1 1 1 9 |1 10 1 1 6 1 1 1 1 1 10 10 1 1 4 6 |
5037: 2 1 1 1 3 1 1 1 1 1 5 5 1 1 1 1 |1 1 1 1 5 1 1 1 1 1 1 1 1 1 1 1 |1 1 1 1 1 1 1 1 1 1 1 1 1 1 1 1 |1 1 1 1 1 1 1 1 1 1 1 1 1 1 1 1 |1 1 1 1 1 1 1 1 1 1 1 1 1 1 1 1 |1 1 1 1 1 1 1 1 2 2 1 1 1 1 1 1 |1 1 1 1 1 1 1 1 1 1 1 1 1 1 1 1 |1 1 1 13 4 1 1 1 5 1 1 1 1 1 1 4 |1 1 1 1 1 1 1 6 1 1 1 1 1 1 1 1 |1 1 1 1 1 1 1 1 1 1 1 1 1 1 1 1 |2 1 1 1 1 1 7 1 1 1 1 4 1 1 1 4 |1 7 1 7 1 1 4 1 1 2 9 2 1 2 4 1 |
5048: 2 1 1 1 3 1 1 1 1 1 5 5 1 1 1 1 |1 1 1 1 5 1 1 1 1 1 1 1 1 1 1 1 |1 1 1 1 1 1 1 1 1 1 1 1 1 1 1 1 |1 1 1 1 1 1 1 1 1 1 1 1 1 1 1 1 |1 1 1 1 1 1 1 1 1 1 1 1 1 1 1 1 |1 1 1 1 1 1 1 1 2 2 1 1 1 1 1 1 |1 1 1 1 1 1 1 1 1 1 1 1 1 1 1 1 |1 1 1 13 4 1 1 1 5 1 1 1 1 1 1 4 |1 1 1 1 1 1 1 6 1 1 1 1 1 1 1 1 |1 1 1 1 1 1 1 1 1 1 1 1 1 1 1 1 |2 1 1 1 1 1 7 1 1 1 1 4 1 1 1 4 |1 7 1 7 1 1 4 1 1 2 9 2 1 2 4 1 |
5058: 1 1 1 1 1 1 1 1 1 1 1 7 1 1 1 1 |1 1 3 4 4 1 1 1 1 1 1 1 1 1 5 1 |1 1 1 1 1 1 1 1 1 1 1 1 1 1 1 1 |1 1 1 1 1 1 1 1 1 1 1 1 1 1 1 1 |1 1 1 1 1 1 1 1 1 1 1 1 1 1 1 1 |1 1 1 1 1 1 1 1 2 2 1 1 1 1 1 1 |1 1 1 1 1 1 1 1 1 1 1 1 1 1 1 1 |1 1 1 13 4 1 1 1 5 1 1 1 1 1 1 4 |1 1 1 1 1 1 1 6 1 1 1 1 1 1 1 1 |1 1 1 1 1 1 1 1 1 1 1 1 1 1 1 1 |2 1 1 1 1 1 7 1 1 1 1 4 1 1 1 4 |1 7 1 7 1 1 4 1 1 2 9 2 1 2 4 1 |
5069: 1 1 1 1 1 1 1 1 1 1 1 7 1 1 1 1 |1 1 3 4 4 1 1 1 1 1 1 1 1 1 5 1 |1 1 1 1 1 1 1 1 1 1 1 1 1 1 1 1 |1 1 1 1 1 1 1 1 1 1 1 1 1 1 1 1 |1 1 1 1 1 1 1 1 1 1 1 1 1 1 1 1 |1 3 1 1 1 1 1 1 2 1 1 1 1 4 1 1 |1 1 1 1 1 1 1 1 1 1 1 1 1 1 1 1 |1 1 1 1 13 1 1 1 5 1 1 1 1 1 1 1 |1 1 1 1 1 1 1 7 1 1 1 1 5 1 1 1 |1 1 1 9 1 1 1 1 1 1 1 7 1 1 1 1 |2 1 1 1 1 1 5 1 1 1 1 7 8 1 1 1 |1 10 1 7 1 1 1 1 1 1 12 8 4 1 8 3 |
5081: 1 1 1 1 1 1 1 1 1 1 1 7 1 1 1 1 |1 1 3 4 4 1 1 1 1 1 1 1 1 1 5 1 |1 1 1 1 1 1 1 1 1 1 1 1 1 1 1 1 |1 1 1 1 1 1 1 1 1 1 1 1 1 1 1 1 |1 1 1 1 1 1 1 1 1 1 1 1 1 1 1 1 |1 3 1 1 1 1 1 1 2 1 1 1 1 4 1 1 |1 1 1 1 1 1 1 1 1 1 1 1 1 1 1 1 |1 1 1 1 13 1 1 1 5 1 1 1 1 1 1 1 |1 1 1 1 1 1 1 7 1 1 1 1 5 1 1 1 |1 1 1 9 1 1 1 1 1 1 1 7 1 1 1 1 |2 1 1 1 1 1 5 1 1 1 1 7 8 1 1 1 |1 10 1 7 1 1 1 1 1 1 12 8 4 1 8 3 |
5091: 2 1 1 3 1 1 1 1 1 1 7 6 1 1 1 1 |1 1 1 1 1 1 1 1 1 1 1 1 1 1 1 1 |1 1 1 1 1 1 1 1 1 1 1 1 1 1 1 1 |1 1 1 1 1 1 1 1 1 1 1 1 1 1 1 1 |1 1 1 1 1 1 1 1 1 1 1 1 1 1 1 1 |1 3 1 1 1 1 1 1 2 1 1 1 1 4 1 1 |1 1 1 1 1 1 1 1 1 1 1 1 1 1 1 1 |1 1 1 1 13 1 1 1 5 1 1 1 1 1 1 1 |1 1 1 1 1 1 1 7 1 1 1 1 5 1 1 1 |1 1 1 9 1 1 1 1 1 1 1 7 1 1 1 1 |2 1 1 1 1 1 5 1 1 1 1 7 8 1 1 1 |1 10 1 7 1 1 1 1 1 1 12 8 4 1 8 3 |
5102: 2 1 1 3 1 1 1 1 1 1 7 6 1 1 1 1 |1 1 1 1 1 1 1 1 1 1 1 1 1 1 1 1 |1 1 1 1 1 1 1 1 1 1 1 1 1 1 1 1 |1 1 1 1 1 1 1 1 1 1 1 1 1 1 1 1 |1 1 1 1 1 1 1 1 1 1 1 1 1 2 5 1 |1 1 1 1 1 1 3 3 1 3 1 1 1 1 1 1 |1 1 1 1 1 1 1 1 1 1 1 1 1 1 1 1 |1 1 1 1 7 1 1 1 5 1 1 1 1 1 1 1 |1 1 1 1 1 1 1 8 1 1 7 1 1 1 1 13 |1 1 1 1 1 1 1 1 1 1 1 8 1 1 1 1 |1 1 1 1 1 1 1 1 1 1 5 7 1 2 1 2 |1 6 1 1 1 1 1 1 1 1 13 2 8 1 9 6 |
5114: 2 1 1 3 1 1 1 1 1 1 7 6 1 1 1 1 |1 1 1 1 1 1 1 1 1 1 1 1 1 1 1 1 |1 1 1 1 1 1 1 1 1 1 1 1 1 1 1 1 |1 1 1 1 1 1 1 1 1 1 1 1 1 1 1 1 |1 1 1 1 1 1 1 1 1 1 1 1 1 2 5 1 |1 1 1 1 1 1 3 3 1 3 1 1 1 1 1 1 |1 1 1 1 1 1 1 1 1 1 1 1 1 1 1 1 |1 1 1 1 7 1 1 1 5 1 1 1 1 1 1 1 |1 1 1 1 1 1 1 8 1 1 7 1 1 1 1 13 |1 1 1 1 1 1 1 1 1 1 1 8 1 1 1 1 |1 1 1 1 1 1 1 1 1 1 5 7 1 2 1 2 |1 6 1 1 1 1 1 1 1 1 13 2 8 1 9 6 |
5124: 2 1 1 1 2 1 1 1 1 1 1 1 1 1 1 1 |1 1 1 1 1 1 1 1 1 1 1 1 1 1 1 1 |1 1 1 1 1 1 1 1 1 1 1 1 1 1 1 1 |1 1 1 1 1 1 1 1 1 1 1 1 1 1 1 1 |1 1 1 1 1 1 1 1 1 1 1 1 1 2 5 1 |1 1 1 1 1 1 3 3 1 3 1 1 1 1 1 1 |1 1 1 1 1 1 1 1 1 1 1 1 1 1 1 1 |1 1 1 1 7 1 1 1 5 1 1 1 1 1 1 1 |1 1 1 1 1 1 1 8 1 1 7 1 1 1 1 13 |1 1 1 1 1 1 1 1 1 1 1 8 1 1 1 1 |1 1 1 1 1 1 1 1 1 1 5 7 1 2 1 2 |1 6 1 1 1 1 1 1 1 1 13 2 8 1 9 6 |
5135: 2 1 1 1 2 1 1 1 1 1 1 1 1 1 1 1 |1 1 1 1 1 1 1 1 1 1 1 1 1 1 1 1 |1 1 1 1 1 1 1 1 1 1 1 1 1 1 1 1 |1 1 1 1 1 1 1 1 1 1 1 1 1 1 1 1 |1 1 1 1 1 1 1 1 1 1 1 1 1 1 1 1 |1 1 1 1 1 1 1 1 2 3 1 1 1 1 1 1 |1 1 1 1 1 1 1 1 1 1 1 1 1 1 1 1 |1 1 1 3 6 1 1 1 5 1 1 1 1 1 1 1 |1 1 1 1 1 1 5 7 1 1 4 1 1 1 1 1 |1 1 1 1 1 1 1 1 1 1 1 1 1 1 1 1 |1 1 1 1 1 1 7 1 1 1 1 6 1 1 1 1 |1 14 1 1 1 1 1 1 1 1 14 3 1 1 10 3 |
5145: 2 1 1 1 2 1 1 1 1 1 1 1 1 1 1 1 |1 1 1 1 1 1 1 1 1 1 1 1 1 1 1 1 |1 1 1 1 1 1 1 1 1 1 1 1 1 1 1 1 |1 1 1 1 1 1 1 1 1 1 1 1 1 1 1 1 |1 1 1 1 1 1 1 1 1 1 1 1 1 1 1 1 |1 1 1 1 1 1 1 1 2 3 1 1 1 1 1 1 |1 1 1 1 1 1 1 1 1 1 1 1 1 1 1 1 |1 1 1 3 6 1 1 1 5 1 1 1 1 1 1 1 |1 1 1 1 1 1 5 7 1 1 4 1 1 1 1 1 |1 1 1 1 1 1 1 1 1 1 1 1 1 1 1 1 |1 1 1 1 1 1 7 1 1 1 1 6 1 1 1 1 |1 14 1 1 1 1 1 1 1 1 14 3 1 1 10 3 |
5157: 2 1 1 1 1 1 1 1 1 1 1 6 1 1 1 1 |1 1 4 1 1 1 1 1 1 1 1 1 1 1 1 1 |1 1 1 1 1 1 1 1 1 1 1 1 1 1 1 1 |1 1 1 1 1 1 1 1 1 1 1 1 1 1 1 1 |1 1 1 1 1 1 1 1 1 1 1 1 1 1 1 1 |1 1 1 1 1 1 1 1 2 3 1 1 1 1 1 1 |1 1 1 1 1 1 1 1 1 1 1 1 1 1 1 1 |1 1 1 3 6 1 1 1 5 1 1 1 1 1 1 1 |1 1 1 1 1 1 5 7 1 1 4 1 1 1 1 1 |1 1 1 1 1 1 1 1 1 1 1 1 1 1 1 1 |1 1 1 1 1 1 7 1 1 1 1 6 1 1 1 1 |1 14 1 1 1 1 1 1 1 1 14 3 1 1 10 3 |
5168: 2 1 1 1 1 1 1 1 1 1 1 6 1 1 1 1 |1 1 4 1 1 1 1 1 1 1 1 1 1 1 1 1 |1 1 1 1 1 1 1 1 1 1 1 1 1 1 1 1 |1 1 2 1 1 1 1 1 1 1 1 1 1 1 1 1 |1 1 1 1 1 1 1 1 1 1 1 1 1 1 1 1 |1 1 1 1 1 1 3 1 1 3 1 1 1 1 1 1 |1 1 1 1 1 1 1 1 1 1 1 1 1 1 1 1 |1 1 1 1 1 1 1 1 1 1 1 1 1 1 1 3 |1 1 1 1 1 1 1 7 1 1 1 1 1 1 1 7 |1 1 1 1 1 1 12 1 1 1 1 9 1 1 1 1 |1 1 1 1 1 1 1 1 1 1 1 6 2 1 1 2 |1 1 1 2 1 1 2 1 1 1 13 6 1 1 4 1 |
5180: 2 1 1 1 1 1 1 1 1 1 1 6 1 1 1 1 |1 1 4 1 1 1 1 1 1 1 1 1 1 1 1 1 |1 1 1 1 1 1 1 1 1 1 1 1 1 1 1 1 |1 1 2 1 1 1 1 1 1 1 1 1 1 1 1 1 |1 1 1 1 1 1 1 1 1 1 1 1 1 1 1 1 |1 1 1 1 1 1 3 1 1 3 1 1 1 1 1 1 |1 1 1 1 1 1 1 1 1 1 1 1 1 1 1 1 |1 1 1 1 1 1 1 1 1 1 1 1 1 1 1 3 |1 1 1 1 1 1 1 7 1 1 1 1 1 1 1 7 |1 1 1 1 1 1 12 1 1 1 1 9 1 1 1 1 |1 1 1 1 1 1 1 1 1 1 1 6 2 1 1 2 |1 1 1 2 1 1 2 1 1 1 13 6 1 1 4 1 |
5190: 1 1 1 1 1 1 1 1 1 1 4 7 1 1 1 1 |1 1 1 5 1 1 1 1 1 1 1 1 1 1 5 1 |1 1 1 1 1 1 1 1 1 1 1 1 1 1 1 1 |1 1 1 1 1 1 1 1 1 1 1 1 1 1 1 1 |1 1 1 1 1 1 1 1 1 1 1 1 1 4 1 1 |1 1 1 1 1 1 3 1 1 3 1 1 1 1 1 1 |1 1 1 1 1 1 1 1 1 1 1 1 1 1 1 1 |1 1 1 1 1 1 1 1 1 1 1 1 1 1 1 3 |1 1 1 1 1 1 1 7 1 1 1 1 1 1 1 7 |1 1 1 1 1 1 12 1 1 1 1 9 1 1 1 1 |1 1 1 1 1 1 1 1 1 1 1 6 2 1 1 2 |1 1 1 2 1 1 2 1 1 1 13 6 1 1 4 1 |
5201: 1 1 1 1 1 1 1 1 1 1 4 7 1 1 1 1 |1 1 1 5 1 1 1 1 1 1 1 1 1 1 5 1 |1 1 1 1 1 1 1 1 1 1 1 1 1 1 1 1 |1 1 1 1 1 1 1 1 1 1 1 1 1 1 1 1 |1 1 1 1 1 1 1 1 1 1 1 1 1 4 1 1 |1 1 1 1 1 1 1 4 2 3 1 1 1 1 1 1 |1 1 1 1 1 1 1 1 1 1 1 1 1 1 1 1 |1 1 1 2 7 1 1 1 5 1 1 1 1 1 1 2 |1 1 1 2 1 1 1 7 1 1 1 1 1 1 1 1 |1 1 1 9 1 1 1 1 1 1 1 1 1 1 1 1 |3 1 1 1 1 1 1 1 1 1 1 1 9 1 2 1 |1 1 1 2 1 1 2 1 1 1 13 6 1 1 4 1 |
5213: 1 1 1 1 1 1 1 1 1 1 4 7 1 1 1 1 |1 1 1 5 1 1 1 1 1 1 1 1 1 1 5 1 |1 1 1 1 1 1 1 1 1 1 1 1 1 1 1 1 |1 1 1 1 1 1 1 1 1 1 1 1 1 1 1 1 |1 1 1 1 1 1 1 1 1 1 1 1 1 4 1 1 |1 1 1 1 1 1 1 4 2 3 1 1 1 1 1 1 |1 1 1 1 1 1 1 1 1 1 1 1 1 1 1 1 |1 1 1 2 7 1 1 1 5 1 1 1 1 1 1 2 |1 1 1 2 1 1 1 7 1 1 1 1 1 1 1 1 |1 1 1 9 1 1 1 1 1 1 1 1 1 1 1 1 |3 1 1 1 1 1 1 1 1 1 1 1 9 1 2 1 |1 4 1 1 1 1 1 1 1 1 13 2 1 2 4 1 |
5224: 2 1 1 1 1 1 1 1 1 1 1 7 1 1 1 1 |1 1 10 3 4 1 1 1 1 1 1 1 1 1 6 1 |1 1 1 1 1 1 1 1 1 1 1 1 1 1 1 1 |1 1 1 1 1 1 1 1 1 1 1 1 1 1 1 1 |1 1 1 1 1 1 1 1 1 1 1 1 1 4 1 1 |1 1 1 1 1 1 1 4 2 3 1 1 1 1 1 1 |1 1 1 1 1 1 1 1 1 1 1 1 1 1 1 1 |1 1 1 2 7 1 1 1 5 1 1 1 1 1 1 2 |1 1 1 2 1 1 1 7 1 1 1 1 1 1 1 1 |1 1 1 9 1 1 1 1 1 1 1 1 1 1 1 1 |3 1 1 1 1 1 1 1 1 1 1 1 9 1 2 1 |1 4 1 1 1 1 1 1 1 1 13 2 1 2 4 1 |
5234: 2 1 1 1 1 1 1 1 1 1 1 7 1 1 1 1 |1 1 10 3 4 1 1 1 1 1 1 1 1 1 6 1 |1 1 1 1 1 1 1 1 1 1 1 1 1 1 1 1 |1 1 1 1 1 1 1 1 1 1 1 1 1 1 1 1 |1 1 1 1 1 1 1 1 1 1 1 1 1 1 1 1 |1 1 1 1 1 1 4 5 1 1 1 1 1 1 1 1 |1 1 1 1 1 1 1 1 1 1 1 1 1 1 1 1 |1 1 1 2 7 2 1 1 1 1 1 1 1 1 1 1 |1 1 1 1 1 1 1 7 1 1 1 1 1 1 1 1 |1 1 1 12 1 1 1 1 1 1 1 1 1 1 1 1 |1 1 1 1 1 1 8 1 1 1 1 1 1 1 1 1 |1 4 1 1 1 1 1 1 1 1 13 2 1 2 4 1 |
5245: 2 1 1 1 1 1 1 1 1 1 1 7 1 1 1 1 |1 1 10 3 4 1 1 1 1 1 1 1 1 1 6 1 |1 1 1 1 1 1 1 1 1 1 1 1 1 1 1 1 |1 1 1 1 1 1 1 1 1 1 1 1 1 1 1 1 |1 1 1 1 1 1 1 1 1 1 1 1 1 1 1 1 |1 1 1 1 1 1 4 5 1 1 1 1 1 1 1 1 |1 1 1 1 1 1 1 1 1 1 1 1 1 1 1 1 |1 1 1 2 7 2 1 1 1 1 1 1 1 1 1 1 |1 1 1 1 1 1 1 7 1 1 1 1 1 1 1 1 |1 1 1 12 1 1 1 1 1 1 1 1 1 1 1 1 |1 1 1 1 1 1 8 1 1 1 1 1 1 1 1 1 |1 6 1 1 1 1 1 1 1 1 7 8 1 1 10 2 |
5256: 2 1 1 1 1 1 1 1 1 1 7 5 1 1 1 1 |1 1 1 5 1 1 1 1 1 1 1 1 1 1 1 1 |1 1 1 1 1 1 1 1 1 1 1 1 1 1 1 1 |1 1 1 1 1 1 1 1 1 1 1 1 1 1 1 1 |1 1 1 1 1 1 1 1 1 1 1 1 1 1 1 1 |1 1 1 1 1 1 4 5 1 1 1 1 1 1 1 1 |1 1 1 1 1 1 1 1 1 1 1 1 1 1 1 1 |1 1 1 2 7 2 1 1 1 1 1 1 1 1 1 1 |1 1 1 1 1 1 1 7 1 1 1 1 1 1 1 1 |1 1 1 12 1 1 1 1 1 1 1 1 1 1 1 1 |1 1 1 1 1 1 8 1 1 1 1 1 1 1 1 1 |1 6 1 1 1 1 1 1 1 1 7 8 1 1 10 2 |
5266: 2 1 1 1 1 1 1 1 1 1 7 5 1 1 1 1 |1 1 1 5 1 1 1 1 1 1 1 1 1 1 1 1 |1 1 1 1 1 1 1 1 1 1 1 1 1 1 1 1 |1 1 1 1 1 1 1 1 1 1 1 1 1 1 1 1 |1 1 1 1 3 1 1 1 1 1 1 1 1 1 1 1 |1 1 1 1 1 1 4 3 1 4 2 1 1 1 1 1 |1 1 1 1 1 1 1 1 1 1 1 1 1 1 1 1 |1 1 1 1 7 1 1 1 4 1 1 1 1 1 1 5 |1 1 1 1 1 1 1 7 1 1 5 1 1 1 1 5 |1 1 2 1 1 1 7 1 1 1 1 8 3 1 1 1 |4 1 1 1 1 1 2 1 1 1 1 1 1 1 1 3 |1 6 1 1 1 1 1 1 1 1 7 8 1 1 10 2 |
5277: 2 1 1 1 1 1 1 1 1 1 7 5 1 1 1 1 |1 1 1 5 1 1 1 1 1 1 1 1 1 1 1 1 |1 1 1 1 1 1 1 1 1 1 1 1 1 1 1 1 |1 1 1 1 1 1 1 1 1 1 1 1 1 1 1 1 |1 1 1 1 3 1 1 1 1 1 1 1 1 1 1 1 |1 1 1 1 1 1 4 3 1 4 2 1 1 1 1 1 |1 1 1 1 1 1 1 1 1 1 1 1 1 1 1 1 |1 1 1 1 7 1 1 1 4 1 1 1 1 1 1 5 |1 1 1 1 1 1 1 7 1 1 5 1 1 1 1 5 |1 1 2 1 1 1 7 1 1 1 1 8 3 1 1 1 |4 1 1 1 1 1 2 1 1 1 1 1 1 1 1 3 |1 7 1 2 3 1 1 1 1 1 12 9 7 1 1 1 |
5288: 1 1 1 7 1 1 1 1 1 1 6 7 1 1 1 1 |1 1 6 3 1 1 1 1 1 1 1 1 1 1 3 1 |1 1 1 1 1 1 1 1 1 1 1 1 1 1 1 1 |1 1 1 1 1 1 1 1 1 1 1 1 1 1 1 1 |1 1 1 1 3 1 1 1 1 1 1 1 1 1 1 1 |1 1 1 1 1 1 4 3 1 4 2 1 1 1 1 1 |1 1 1 1 1 1 1 1 1 1 1 1 1 1 1 1 |1 1 1 1 7 1 1 1 4 1 1 1 1 1 1 5 |1 1 1 1 1 1 1 7 1 1 5 1 1 1 1 5 |1 1 2 1 1 1 7 1 1 1 1 8 3 1 1 1 |4 1 1 1 1 1 2 1 1 1 1 1 1 1 1 3 |1 7 1 2 3 1 1 1 1 1 12 9 7 1 1 1 |
5298: 1 1 1 7 1 1 1 1 1 1 6 7 1 1 1 1 |1 1 6 3 1 1 1 1 1 1 1 1 1 1 3 1 |1 1 1 1 1 1 1 1 1 1 1 1 1 1 1 1 |1 1 1 1 1 1 1 1 1 1 1 1 1 1 1 1 |1 1 1 1 1 1 1 1 1 1 1 1 1 8 5 1 |1 1 1 1 1 1 4 3 1 3 1 1 1 3 1 1 |1 1 1 1 1 1 1 1 1 1 1 1 1 1 1 1 |1 1 1 1 5 1 1 1 1 1 1 1 1 1 1 4 |1 1 1 1 1 1 1 7 1 1 5 1 1 1 1 5 |1 1 2 1 1 1 7 1 1 1 1 8 3 1 1 1 |4 1 1 1 1 1 2 1 1 1 1 1 1 1 1 3 |1 7 1 2 3 1 1 1 1 1 12 9 7 1 1 1 |
5309: 1 1 1 7 1 1 1 1 1 1 6 7 1 1 1 1 |1 1 6 3 1 1 1 1 1 1 1 1 1 1 3 1 |1 1 1 1 1 1 1 1 1 1 1 1 1 1 1 1 |1 1 1 1 1 1 1 1 1 1 1 1 1 1 1 1 |1 1 1 1 1 1 1 1 1 1 1 1 1 8 5 1 |1 1 1 1 1 1 4 3 1 3 1 1 1 3 1 1 |1 1 1 1 1 1 1 1 1 1 1 1 1 1 1 1 |1 1 1 1 5 1 1 1 1 1 1 1 1 1 1 4 |1 1 2 1 7 1 1 8 1 1 1 1 1 1 1 1 |1 1 1 1 1 1 1 1 1 1 1 8 2 8 1 1 |2 1 1 1 1 1 1 1 1 1 1 6 1 1 1 1 |1 4 1 1 9 1 1 1 1 1 7 7 1 1 4 1 |
5320: 1 1 1 7 1 1 1 1 1 1 6 7 1 1 1 1 |1 1 6 3 1 1 1 1 1 1 1 1 1 1 3 1 |1 1 1 1 1 1 1 1 1 1 1 1 1 1 1 1 |1 1 1 1 1 1 1 1 1 1 1 1 1 1 1 1 |1 1 1 1 1 1 1 1 1 1 1 1 1 8 5 1 |1 1 1 1 1 1 4 3 1 3 1 1 1 3 1 1 |1 1 1 1 1 1 1 1 1 1 1 1 1 1 1 1 |1 1 1 1 5 1 1 1 1 1 1 1 1 1 1 4 |1 1 2 1 7 1 1 8 1 1 1 1 1 1 1 1 |1 1 1 1 1 1 1 1 1 1 1 8 2 8 1 1 |2 1 1 1 1 1 1 1 1 1 1 6 1 1 1 1 |1 4 1 1 9 1 1 1 1 1 7 7 1 1 4 1 |
5352: 3 1 1 1 1 1 1 1 1 1 5 1 1 1 1 1 |1 1 6 1 1 1 1 1 1 1 1 1 1 1 1 1 |1 1 1 1 1 1 1 1 1 1 1 1 1 1 1 1 |1 1 4 1 1 1 1 1 1 1 1 1 1 1 1 1 |1 1 1 1 1 1 1 1 1 1 1 1 1 8 5 1 |1 1 1 1 1 1 4 3 1 3 1 1 1 3 1 1 |1 1 1 1 1 1 1 1 1 1 1 1 1 1 1 1 |1 1 1 1 5 1 1 1 1 1 1 1 1 1 1 4 |1 1 2 1 7 1 1 8 1 1 1 1 1 1 1 1 |1 1 1 1 1 1 1 1 1 1 1 8 2 8 1 1 |2 1 1 1 1 1 1 1 1 1 1 6 1 1 1 1 |1 4 1 1 9 1 1 1 1 1 7 7 1 1 4 1 |
5363: 3 1 1 1 1 1 1 1 1 1 5 1 1 1 1 1 |1 1 6 1 1 1 1 1 1 1 1 1 1 1 1 1 |1 1 1 1 1 1 1 1 1 1 1 1 1 1 1 1 |1 1 4 1 1 1 1 1 1 1 1 1 1 1 1 1 |1 1 1 1 1 1 1 1 1 1 1 2 1 3 1 1 |1 1 1 1 1 1 4 1 2 1 1 1 1 1 1 1 |1 1 1 1 1 1 1 1 1 1 3 2 1 1 1 1 |1 1 1 12 1 1 1 1 1 7 1 1 6 1 1 5 |1 1 2 1 1 1 1 9 1 1 1 1 6 1 1 1 |1 1 1 1 1 1 1 1 1 1 1 8 3 1 1 1 |4 1 8 1 1 1 7 1 1 1 1 8 3 1 2 6 |1 6 1 1 2 1 1 1 1 1 11 6 6 1 7 1 |
5374: 3 1 1 1 1 1 1 1 1 1 5 1 1 1 1 1 |1 1 6 1 1 1 1 1 1 1 1 1 1 1 1 1 |1 1 1 1 1 1 1 1 1 1 1 1 1 1 1 1 |1 1 4 1 1 1 1 1 1 1 1 1 1 1 1 1 |1 1 1 1 1 1 1 1 1 1 1 2 1 3 1 1 |1 1 1 1 1 1 4 1 2 1 1 1 1 1 1 1 |1 1 1 1 1 1 1 1 1 1 3 2 1 1 1 1 |1 1 1 12 1 1 1 1 1 7 1 1 6 1 1 5 |1 1 2 1 1 1 1 9 1 1 1 1 6 1 1 1 |1 1 1 1 1 1 1 1 1 1 1 8 3 1 1 1 |4 1 8 1 1 1 7 1 1 1 1 8 3 1 2 6 |1 6 1 1 2 1 1 1 1 1 11 6 6 1 7 1 |
5384: 4 1 1 1 1 1 1 1 1 1 1 4 1 1 1 1 |1 1 4 1 1 1 1 1 1 1 1 1 1 1 6 1 |1 1 1 1 1 1 1 1 1 1 1 1 1 1 1 1 |1 1 4 1 1 1 1 1 1 1 1 1 1 1 1 1 |1 1 1 1 1 1 1 1 1 1 1 2 1 3 1 1 |1 1 1 1 1 1 4 1 2 1 1 1 1 1 1 1 |1 1 1 1 1 1 1 1 1 1 3 2 1 1 1 1 |1 1 1 12 1 1 1 1 1 7 1 1 6 1 1 5 |1 1 2 1 1 1 1 9 1 1 1 1 6 1 1 1 |1 1 1 1 1 1 1 1 1 1 1 8 3 1 1 1 |4 1 8 1 1 1 7 1 1 1 1 8 3 1 2 6 |1 6 1 1 2 1 1 1 1 1 11 6 6 1 7 1 |
5395: 4 1 1 1 1 1 1 1 1 1 1 4 1 1 1 1 |1 1 4 1 1 1 1 1 1 1 1 1 1 1 6 1 |1 1 1 1 1 1 1 1 1 1 1 1 1 1 1 1 |1 1 1 1 1 1 1 1 1 1 1 1 1 1 1 1 |1 1 1 1 1 1 1 1 1 1 1 1 1 4 1 1 |1 7 1 1 1 1 2 3 1 1 1 1 1 4 1 1 |1 1 1 1 1 1 1 1 1 1 1 1 1 1 1 1 |1 1 1 5 1 1 1 1 6 1 1 1 1 1 1 1 |1 1 3 1 1 1 1 8 1 1 1 1 1 1 1 1 |1 1 1 1 1 1 1 1 1 1 1 9 1 1 1 1 |2 1 1 1 1 1 7 1 1 1 1 1 1 1 1 1 |1 6 1 3 1 1 1 1 1 1 1 10 1 1 1 1 |
5406: 4 1 1 1 1 1 1 1 1 1 1 4 1 1 1 1 |1 1 4 1 1 1 1 1 1 1 1 1 1 1 6 1 |1 1 1 1 1 1 1 1 1 1 1 1 1 1 1 1 |1 1 1 1 1 1 1 1 1 1 1 1 1 1 1 1 |1 1 1 1 1 1 1 1 1 1 1 1 1 4 1 1 |1 7 1 1 1 1 2 3 1 1 1 1 1 4 1 1 |1 1 1 1 1 1 1 1 1 1 1 1 1 1 1 1 |1 1 1 5 1 1 1 1 6 1 1 1 1 1 1 1 |1 1 3 1 1 1 1 8 1 1 1 1 1 1 1 1 |1 1 1 1 1 1 1 1 1 1 1 9 1 1 1 1 |2 1 1 1 1 1 7 1 1 1 1 1 1 1 1 1 |1 6 1 3 1 1 1 1 1 1 1 10 1 1 1 1 |
5416: 1 1 1 1 3 1 1 1 1 1 7 8 1 1 1 1 |1 1 6 2 1 1 1 1 1 1 1 1 1 1 1 1 |1 1 1 1 1 1 1 1 1 1 1 1 1 1 1 1 |1 1 1 1 1 1 1 1 1 1 1 1 1 1 1 1 |1 1 1 1 1 1 1 1 1 1 1 1 1 4 1 1 |1 7 1 1 1 1 2 3 1 1 1 1 1 4 1 1 |1 1 1 1 1 1 1 1 1 1 1 1 1 1 1 1 |1 1 1 5 1 1 1 1 6 1 1 1 1 1 1 1 |1 1 3 1 1 1 1 8 1 1 1 1 1 1 1 1 |1 1 1 1 1 1 1 1 1 1 1 9 1 1 1 1 |2 1 1 1 1 1 7 1 1 1 1 1 1 1 1 1 |1 6 1 3 1 1 1 1 1 1 1 10 1 1 1 1 |
5427: 1 1 1 1 3 1 1 1 1 1 7 8 1 1 1 1 |1 1 6 2 1 1 1 1 1 1 1 1 1 1 1 1 |1 1 1 1 1 1 1 1 1 1 1 1 1 1 1 1 |1 1 1 1 1 1 1 1 1 1 1 1 1 1 1 1 |1 1 1 1 1 1 1 1 1 1 1 1 1 1 1 1 |1 1 1 1 1 1 1 1 1 3 1 1 1 3 1 1 |1 1 1 1 1 1 1 1 1 1 1 1 1 1 1 1 |1 1 1 1 5 5 1 1 4 1 1 1 1 1 1 1 |1 1 1 1 1 1 1 9 1 1 1 1 1 1 1 1 |1 1 1 8 1 1 1 1 1 1 1 8 2 1 1 1 |2 1 1 1 1 1 7 1 1 1 1 1 1 1 1 1 |1 6 1 3 1 1 1 1 1 1 1 10 1 1 1 1 |
5438: 1 1 1 1 3 1 1 1 1 1 7 8 1 1 1 1 |1 1 6 2 1 1 1 1 1 1 1 1 1 1 1 1 |1 1 1 1 1 1 1 1 1 1 1 1 1 1 1 1 |1 1 1 1 1 1 1 1 1 1 1 1 1 1 1 1 |1 1 1 1 1 1 1 1 1 1 1 1 1 1 1 1 |1 1 1 1 1 1 1 1 1 3 1 1 1 3 1 1 |1 1 1 1 1 1 1 1 1 1 1 1 1 1 1 1 |1 1 1 1 5 5 1 1 4 1 1 1 1 1 1 1 |1 1 1 1 1 1 1 9 1 1 1 1 1 1 1 1 |1 1 1 8 1 1 1 1 1 1 1 8 2 1 1 1 |4 1 1 1 1 1 2 1 1 1 1 1 1 1 1 3 |1 1 1 3 2 1 2 1 1 1 13 1 1 1 3 1 |
5449: 3 1 1 1 7 1 1 1 1 1 7 4 1 1 1 1 |1 1 3 4 3 1 1 1 1 1 1 1 1 1 4 1 |1 1 1 1 1 1 1 1 1 1 1 1 1 1 1 1 |1 1 1 1 1 1 1 1 1 1 1 1 1 1 1 1 |1 1 1 1 1 1 1 1 1 1 1 1 1 1 1 1 |1 1 1 1 1 1 1 1 1 3 1 1 1 3 1 1 |1 1 1 1 1 1 1 1 1 1 1 1 1 1 1 1 |1 1 1 1 5 5 1 1 4 1 1 1 1 1 1 1 |1 1 1 1 1 1 1 9 1 1 1 1 1 1 1 1 |1 1 1 8 1 1 1 1 1 1 1 8 2 1 1 1 |4 1 1 1 1 1 2 1 1 1 1 1 1 1 1 3 |1 1 1 3 2 1 2 1 1 1 13 1 1 1 3 1 |
5459: 3 1 1 1 7 1 1 1 1 1 7 4 1 1 1 1 |1 1 3 4 3 1 1 1 1 1 1 1 1 1 4 1 |1 1 1 1 1 1 1 1 1 1 1 1 1 1 1 1 |1 1 1 1 1 1 1 1 1 1 1 1 1 1 1 1 |1 1 1 1 1 1 1 1 1 1 1 1 1 7 1 1 |1 1 1 1 1 1 3 4 1 2 1 1 1 1 1 1 |1 1 1 1 1 1 1 1 1 1 1 1 1 1 1 1 |1 1 1 2 6 1 1 1 4 6 1 1 1 1 1 1 |1 1 1 1 1 1 1 8 1 1 1 1 1 1 1 1 |1 1 1 8 1 1 1 1 1 1 1 8 2 1 1 1 |4 1 1 1 1 1 2 1 1 1 1 1 1 1 1 3 |1 1 1 3 2 1 2 1 1 1 13 1 1 1 3 1 |
5470: 3 1 1 1 7 1 1 1 1 1 7 4 1 1 1 1 |1 1 3 4 3 1 1 1 1 1 1 1 1 1 4 1 |1 1 1 1 1 1 1 1 1 1 1 1 1 1 1 1 |1 1 1 1 1 1 1 1 1 1 1 1 1 1 1 1 |1 1 1 1 1 1 1 1 1 1 1 1 1 7 1 1 |1 1 1 1 1 1 3 4 1 2 1 1 1 1 1 1 |1 1 1 1 1 1 1 1 1 1 1 1 1 1 1 1 |1 1 1 2 6 1 1 1 4 6 1 1 1 1 1 1 |1 1 1 1 1 1 1 8 1 1 1 1 1 1 1 1 |1 1 1 1 1 1 1 1 1 1 1 8 1 1 1 1 |3 1 1 1 1 1 1 1 1 1 1 6 1 2 1 1 |1 6 1 1 1 1 1 1 1 1 1 7 1 1 10 1 |
5481: 6 1 1 1 1 1 1 1 1 1 1 8 1 1 1 1 |1 1 1 1 1 1 1 1 1 1 1 1 1 1 1 1 |1 1 1 1 1 1 1 1 1 1 1 1 1 1 1 1 |1 1 1 1 1 1 1 1 1 1 1 1 1 1 1 1 |1 1 1 1 1 1 1 1 1 1 1 1 1 7 1 1 |1 1 1 1 1 1 3 4 1 2 1 1 1 1 1 1 |1 1 1 1 1 1 1 1 1 1 1 1 1 1 1 1 |1 1 1 2 6 1 1 1 4 6 1 1 1 1 1 1 |1 1 1 1 1 1 1 8 1 1 1 1 1 1 1 1 |1 1 1 1 1 1 1 1 1 1 1 8 1 1 1 1 |3 1 1 1 1 1 1 1 1 1 1 6 1 2 1 1 |1 6 1 1 1 1 1 1 1 1 1 7 1 1 10 1 |
5492: 6 1 1 1 1 1 1 1 1 1 1 8 1 1 1 1 |1 1 1 1 1 1 1 1 1 1 1 1 1 1 1 1 |1 1 1 1 1 1 1 1 1 1 1 1 1 1 1 1 |1 1 1 1 1 1 1 1 1 1 1 1 1 1 1 1 |1 1 1 1 1 1 1 1 1 1 1 1 1 1 1 1 |1 1 1 1 1 1 3 2 1 2 2 1 1 1 1 1 |1 1 1 1 1 1 1 1 1 1 1 1 1 1 1 1 |1 1 1 12 1 8 1 1 5 1 1 1 1 1 1 1 |1 1 1 1 1 1 1 6 1 1 1 1 1 1 1 1 |1 1 1 9 1 1 5 1 1 1 1 9 1 1 1 1 |2 1 5 1 1 1 8 1 1 1 1 4 1 1 1 1 |1 6 1 1 1 1 1 1 1 1 1 7 1 1 10 1 |
5503: 6 1 1 1 1 1 1 1 1 1 1 8 1 1 1 1 |1 1 1 1 1 1 1 1 1 1 1 1 1 1 1 1 |1 1 1 1 1 1 1 1 1 1 1 1 1 1 1 1 |1 1 1 1 1 1 1 1 1 1 1 1 1 1 1 1 |1 1 1 1 1 1 1 1 1 1 1 1 1 1 1 1 |1 1 1 1 1 1 3 2 1 2 2 1 1 1 1 1 |1 1 1 1 1 1 1 1 1 1 1 1 1 1 1 1 |1 1 1 12 1 8 1 1 5 1 1 1 1 1 1 1 |1 1 1 1 1 1 1 6 1 1 1 1 1 1 1 1 |1 1 1 9 1 1 5 1 1 1 1 9 1 1 1 1 |2 1 5 1 1 1 8 1 1 1 1 4 1 1 1 1 |1 6 1 1 2 1 1 1 1 1 5 9 7 2 3 1 |
5514: 2 1 1 1 1 1 1 1 1 1 5 8 1 1 1 1 |1 1 6 3 1 1 1 1 1 1 1 1 1 1 5 1 |1 1 1 1 1 1 1 1 1 1 1 1 1 1 1 1 |1 1 1 1 1 1 1 1 1 1 1 1 1 1 1 1 |1 1 1 1 1 1 1 1 1 1 1 1 1 1 1 1 |1 1 1 1 1 1 3 2 1 2 2 1 1 1 1 1 |1 1 1 1 1 1 1 1 1 1 1 1 1 1 1 1 |1 1 1 12 1 8 1 1 5 1 1 1 1 1 1 1 |1 1 1 1 1 1 1 6 1 1 1 1 1 1 1 1 |1 1 1 9 1 1 5 1 1 1 1 9 1 1 1 1 |2 1 5 1 1 1 8 1 1 1 1 4 1 1 1 1 |1 6 1 1 2 1 1 1 1 1 5 9 7 2 3 1 |
5525: 2 1 1 1 1 1 1 1 1 1 5 8 1 1 1 1 |1 1 6 3 1 1 1 1 1 1 1 1 1 1 5 1 |1 1 1 1 1 1 1 1 1 1 1 1 1 1 1 1 |1 1 4 1 1 1 1 1 1 1 1 1 1 1 1 1 |1 1 1 1 1 1 1 1 1 1 1 1 1 1 1 1 |1 2 1 3 1 1 1 1 1 2 1 1 1 4 1 1 |1 1 1 1 1 1 1 1 1 1 1 1 1 1 1 2 |1 1 1 1 1 6 1 1 6 1 1 1 1 1 1 4 |1 1 1 1 1 1 1 6 1 1 1 1 1 1 1 1 |1 1 1 9 1 1 5 1 1 1 1 9 1 1 1 1 |2 1 5 1 1 1 8 1 1 1 1 4 1 1 1 1 |1 6 1 1 2 1 1 1 1 1 5 9 7 2 3 1 |
5535: 2 1 1 1 1 1 1 1 1 1 5 8 1 1 1 1 |1 1 6 3 1 1 1 1 1 1 1 1 1 1 5 1 |1 1 1 1 1 1 1 1 1 1 1 1 1 1 1 1 |1 1 4 1 1 1 1 1 1 1 1 1 1 1 1 1 |1 1 1 1 1 1 1 1 1 1 1 1 1 1 1 1 |1 2 1 3 1 1 1 1 1 2 1 1 1 4 1 1 |1 1 1 1 1 1 1 1 1 1 1 1 1 1 1 2 |1 1 1 1 1 6 1 1 6 1 1 1 1 1 1 4 |1 1 1 1 1 1 1 9 1 1 1 1 1 1 1 1 |1 1 1 7 1 1 1 1 1 1 1 8 1 1 1 1 |2 1 1 1 1 1 1 1 1 1 1 6 3 1 1 7 |1 1 1 8 8 1 1 1 1 1 5 1 1 1 2 1 |
5547: 1 1 1 1 1 1 1 1 1 1 6 1 1 1 1 1 |1 1 6 3 1 1 1 1 1 1 1 1 1 1 5 1 |1 1 1 1 1 1 1 1 1 1 1 1 1 1 1 1 |1 1 4 1 1 1 1 1 1 1 1 1 1 1 1 1 |1 1 1 1 1 1 1 1 1 1 1 1 1 1 1 1 |1 2 1 3 1 1 1 1 1 2 1 1 1 4 1 1 |1 1 1 1 1 1 1 1 1 1 1 1 1 1 1 2 |1 1 1 1 1 6 1 1 6 1 1 1 1 1 1 4 |1 1 1 1 1 1 1 9 1 1 1 1 1 1 1 1 |1 1 1 7 1 1 1 1 1 1 1 8 1 1 1 1 |2 1 1 1 1 1 1 1 1 1 1 6 3 1 1 7 |1 1 1 8 8 1 1 1 1 1 5 1 1 1 2 1 |
5558: 1 1 1 1 1 1 1 1 1 1 6 1 1 1 1 1 |1 1 3 5 1 1 1 1 1 1 1 1 1 1 5 1 |1 1 1 1 1 1 1 1 1 1 1 1 1 1 1 1 |1 1 1 1 1 1 1 1 1 1 1 1 1 1 1 1 |1 1 1 1 1 1 1 1 1 1 1 1 1 1 1 1 |1 1 1 1 3 3 1 4 1 1 1 1 1 3 1 1 |1 1 1 1 1 1 1 1 1 1 1 1 1 1 1 1 |1 1 1 1 6 2 1 1 1 1 1 1 1 1 1 1 |1 1 1 1 1 1 1 9 1 1 1 1 1 1 1 1 |1 1 1 8 1 1 1 1 1 1 1 1 1 8 1 1 |2 1 1 1 1 1 1 1 1 1 1 6 3 1 1 7 |1 1 1 8 8 1 1 1 1 1 5 1 1 1 2 1 |
5568: 1 1 1 1 1 1 1 1 1 1 6 1 1 1 1 1 |1 1 3 5 1 1 1 1 1 1 1 1 1 1 5 1 |1 1 1 1 1 1 1 1 1 1 1 1 1 1 1 1 |1 1 1 1 1 1 1 1 1 1 1 1 1 1 1 1 |1 1 1 1 1 1 1 1 1 1 1 1 1 1 1 1 |1 1 1 1 3 3 1 4 1 1 1 1 1 3 1 1 |1 1 1 1 1 1 1 1 1 1 1 1 1 1 1 1 |1 1 1 1 6 2 1 1 1 1 1 1 1 1 1 1 |1 1 1 1 1 1 1 9 1 1 1 1 1 1 1 1 |1 1 1 8 1 1 1 1 1 1 1 1 1 8 1 1 |1 1 1 1 1 1 1 1 1 1 1 4 1 1 7 1 |1 6 1 1 5 1 1 2 1 1 1 1 1 1 8 4 |
5579: 2 1 1 1 1 1 1 1 1 1 1 4 1 1 1 1 |1 1 3 5 1 1 1 1 1 1 1 1 1 1 5 1 |1 1 1 1 1 1 1 1 1 1 1 1 1 1 1 1 |1 1 1 1 1 1 1 1 1 1 1 1 1 1 1 1 |1 1 1 1 1 1 1 1 1 1 1 1 1 1 1 1 |1 1 1 1 3 3 1 4 1 1 1 1 1 3 1 1 |1 1 1 1 1 1 1 1 1 1 1 1 1 1 1 1 |1 1 1 1 6 2 1 1 1 1 1 1 1 1 1 1 |1 1 1 1 1 1 1 9 1 1 1 1 1 1 1 1 |1 1 1 8 1 1 1 1 1 1 1 1 1 8 1 1 |1 1 1 1 1 1 1 1 1 1 1 4 1 1 7 1 |1 6 1 1 5 1 1 2 1 1 1 1 1 1 8 4 |
5590: 2 1 1 1 1 1 1 1 1 1 1 4 1 1 1 1 |1 1 6 9 1 1 1 1 1 1 1 1 1 1 3 1 |1 1 1 1 1 1 1 1 1 1 1 1 1 1 1 1 |1 1 1 1 1 1 1 1 1 1 1 1 1 1 1 1 |1 1 1 1 1 1 1 1 1 1 1 1 1 3 1 1 |1 1 1 1 1 1 1 8 1 3 1 1 1 3 1 1 |1 1 1 1 1 1 1 4 1 1 1 1 1 1 1 1 |1 1 1 1 5 4 1 1 1 1 1 1 6 1 1 4 |1 1 1 1 1 1 1 9 1 1 1 1 1 1 1 1 |1 1 1 8 1 1 1 1 1 1 1 1 1 8 1 1 |1 1 1 1 1 1 1 1 1 1 1 4 1 1 7 1 |1 6 1 1 5 1 1 2 1 1 1 1 1 1 8 4 |
5600: 2 1 1 1 1 1 1 1 1 1 1 4 1 1 1 1 |1 1 6 9 1 1 1 1 1 1 1 1 1 1 3 1 |1 1 1 1 1 1 1 1 1 1 1 1 1 1 1 1 |1 1 1 1 1 1 1 1 1 1 1 1 1 1 1 1 |1 1 1 1 1 1 1 1 1 1 1 1 1 3 1 1 |1 1 1 1 1 1 1 8 1 3 1 1 1 3 1 1 |1 1 1 1 1 1 1 4 1 1 1 1 1 1 1 1 |1 1 1 1 5 4 1 1 1 1 1 1 6 1 1 4 |1 1 3 1 1 1 1 1 1 1 3 1 1 1 1 5 |1 1 1 1 6 1 1 1 1 1 1 11 2 1 1 1 |1 1 7 1 1 1 8 1 1 1 1 10 9 1 1 7 |1 6 1 1 1 1 1 1 1 1 6 1 1 1 3 1 |
5612: 2 1 1 1 1 1 1 1 1 1 1 4 1 1 1 1 |1 1 6 9 1 1 1 1 1 1 1 1 1 1 3 1 |1 1 1 1 1 1 1 1 1 1 1 1 1 1 1 1 |1 1 1 1 1 1 1 1 1 1 1 1 1 1 1 1 |1 1 1 1 1 1 1 1 1 1 1 1 1 3 1 1 |1 1 1 1 1 1 1 8 1 3 1 1 1 3 1 1 |1 1 1 1 1 1 1 4 1 1 1 1 1 1 1 1 |1 1 1 1 5 4 1 1 1 1 1 1 6 1 1 4 |1 1 3 1 1 1 1 1 1 1 3 1 1 1 1 5 |1 1 1 1 6 1 1 1 1 1 1 11 2 1 1 1 |1 1 7 1 1 1 8 1 1 1 1 10 9 1 1 7 |1 6 1 1 1 1 1 1 1 1 6 1 1 1 3 1 |
5622: 1 1 1 1 1 1 1 1 1 1 5 7 1 1 1 1 |1 1 1 6 1 1 1 1 1 1 1 1 1 1 5 3 |1 1 1 1 1 1 1 1 1 1 1 1 1 1 1 1 |1 1 1 1 1 1 1 1 1 1 1 1 1 1 1 1 |1 1 1 1 1 1 1 1 1 1 1 1 1 1 1 1 |1 1 1 1 1 1 2 1 2 1 1 1 1 1 1 1 |1 1 1 1 1 1 1 4 1 1 1 1 1 1 1 1 |1 1 1 1 5 4 1 1 1 1 1 1 6 1 1 4 |1 1 3 1 1 1 1 1 1 1 3 1 1 1 1 5 |1 1 1 1 6 1 1 1 1 1 1 11 2 1 1 1 |1 1 7 1 1 1 8 1 1 1 1 10 9 1 1 7 |1 6 1 1 1 1 1 1 1 1 6 1 1 1 3 1 |
5633: 1 1 1 1 1 1 1 1 1 1 5 7 1 1 1 1 |1 1 1 6 1 1 1 1 1 1 1 1 1 1 5 3 |1 1 1 1 1 1 1 1 1 1 1 1 1 1 1 1 |1 1 1 1 1 1 1 1 1 1 1 1 1 1 1 1 |1 1 1 1 1 1 1 1 1 1 1 1 1 1 1 1 |1 1 1 1 1 1 2 1 2 1 1 1 1 1 1 1 |1 1 1 1 1 1 1 5 1 1 3 1 1 1 1 1 |1 1 1 1 1 1 1 1 1 1 1 1 1 1 1 5 |1 1 1 1 1 1 1 10 1 1 1 1 7 1 1 1 |1 1 2 1 1 1 1 1 1 1 1 7 1 1 1 1 |3 1 1 1 1 1 6 1 1 1 1 5 1 1 1 3 |1 3 1 1 1 1 1 1 1 1 11 2 1 1 8 4 |
5644: 1 1 1 1 1 1 1 1 1 1 5 7 1 1 1 1 |1 1 1 6 1 1 1 1 1 1 1 1 1 1 5 3 |1 1 1 1 1 1 1 1 1 1 1 1 1 1 1 1 |1 1 1 1 1 1 1 1 1 1 1 1 1 1 1 1 |1 1 1 1 1 1 1 1 1 1 1 1 1 1 1 1 |1 1 1 1 1 1 2 1 2 1 1 1 1 1 1 1 |1 1 1 1 1 1 1 5 1 1 3 1 1 1 1 1 |1 1 1 1 1 1 1 1 1 1 1 1 1 1 1 5 |1 1 1 1 1 1 1 10 1 1 1 1 7 1 1 1 |1 1 2 1 1 1 1 1 1 1 1 7 1 1 1 1 |3 1 1 1 1 1 6 1 1 1 1 5 1 1 1 3 |1 3 1 1 1 1 1 1 1 1 11 2 1 1 8 4 |
5656: 3 1 1 1 1 1 1 1 1 1 1 8 1 1 1 1 |1 1 1 5 1 1 1 1 1 1 1 1 1 1 1 1 |1 1 1 1 1 1 1 1 1 1 1 1 1 1 1 1 |1 1 1 1 1 1 1 1 1 1 1 1 1 1 1 1 |4 1 1 1 1 1 1 1 1 1 1 1 1 1 1 1 |1 1 1 1 1 4 1 4 1 2 1 1 1 3 1 1 |1 1 1 1 1 1 1 1 1 1 1 1 1 1 1 1 |1 1 1 1 1 1 1 1 1 1 1 1 1 1 1 5 |1 1 1 1 1 1 1 10 1 1 1 1 7 1 1 1 |1 1 2 1 1 1 1 1 1 1 1 7 1 1 1 1 |3 1 1 1 1 1 6 1 1 1 1 5 1 1 1 3 |1 3 1 1 1 1 1 1 1 1 11 2 1 1 8 4 |
5666: 3 1 1 1 1 1 1 1 1 1 1 8 1 1 1 1 |1 1 1 5 1 1 1 1 1 1 1 1 1 1 1 1 |1 1 1 1 1 1 1 1 1 1 1 1 1 1 1 1 |1 1 1 1 1 1 1 1 1 1 1 1 1 1 1 1 |4 1 1 1 1 1 1 1 1 1 1 1 1 1 1 1 |1 1 1 1 1 4 1 4 1 2 1 1 1 3 1 1 |1 1 1 1 1 1 1 1 1 1 1 1 1 1 1 1 |1 1 1 1 6 6 1 2 1 1 1 1 1 1 1 1 |1 1 1 1 4 1 1 8 1 1 1 1 1 1 1 1 |1 1 1 9 1 1 1 1 1 1 1 9 2 1 1 1 |3 1 2 1 1 1 1 1 1 1 1 1 1 1 1 1 |1 6 1 1 2 1 1 1 1 1 8 1 1 1 10 2 |
5677: 3 1 1 1 1 1 1 1 1 1 1 8 1 1 1 1 |1 1 1 5 1 1 1 1 1 1 1 1 1 1 1 1 |1 1 1 1 1 1 1 1 1 1 1 1 1 1 1 1 |1 1 1 1 1 1 1 1 1 1 1 1 1 1 1 1 |4 1 1 1 1 1 1 1 1 1 1 1 1 1 1 1 |1 1 1 1 1 4 1 4 1 2 1 1 1 3 1 1 |1 1 1 1 1 1 1 1 1 1 1 1 1 1 1 1 |1 1 1 1 6 6 1 2 1 1 1 1 1 1 1 1 |1 1 1 1 4 1 1 8 1 1 1 1 1 1 1 1 |1 1 1 9 1 1 1 1 1 1 1 9 2 1 1 1 |3 1 2 1 1 1 1 1 1 1 1 1 1 1 1 1 |1 6 1 1 2 1 1 1 1 1 8 1 1 1 10 2 |
5688: 3 1 1 1 1 1 1 1 1 1 5 5 1 1 1 1 |1 1 1 1 1 1 1 1 1 1 1 1 1 1 6 1 |1 1 1 1 1 1 1 1 1 1 1 1 1 1 1 1 |1 1 1 1 1 1 1 1 1 1 1 1 1 1 1 1 |1 1 1 1 1 1 1 1 1 1 1 1 1 1 1 1 |1 1 1 1 1 4 1 4 1 2 1 1 1 3 1 1 |1 1 1 1 1 1 1 1 1 1 1 1 1 1 1 1 |1 1 1 1 6 6 1 2 1 1 1 1 1 1 1 1 |1 1 1 1 4 1 1 8 1 1 1 1 1 1 1 1 |1 1 1 9 1 1 1 1 1 1 1 9 2 1 1 1 |3 1 2 1 1 1 1 1 1 1 1 1 1 1 1 1 |1 6 1 1 2 1 1 1 1 1 8 1 1 1 10 2 |
5698: 3 1 1 1 1 1 1 1 1 1 5 5 1 1 1 1 |1 1 1 1 1 1 1 1 1 1 1 1 1 1 6 1 |1 1 1 1 1 1 1 1 1 1 1 1 1 1 1 1 |1 1 1 1 1 1 1 1 1 1 1 1 1 1 1 1 |1 1 1 1 1 1 1 1 1 1 1 1 1 1 1 1 |1 1 1 1 1 1 1 4 2 2 1 1 1 1 1 1 |1 1 1 1 1 1 1 1 1 1 1 1 1 1 1 1 |1 1 3 1 5 1 1 1 5 1 1 1 1 1 1 3 |1 1 1 1 1 1 1 6 1 1 1 1 1 1 1 1 |1 1 1 1 1 1 1 1 1 1 1 1 1 1 1 1 |2 1 1 1 1 1 7 1 1 1 1 5 1 1 1 8 |1 5 1 7 1 1 1 1 1 1 1 9 2 1 9 1 |
5709: 3 1 1 1 1 1 1 1 1 1 5 5 1 1 1 1 |1 1 1 1 1 1 1 1 1 1 1 1 1 1 6 1 |1 1 1 1 1 1 1 1 1 1 1 1 1 1 1 1 |1 1 1 1 1 1 1 1 1 1 1 1 1 1 1 1 |1 1 1 1 1 1 1 1 1 1 1 1 1 1 1 1 |1 1 1 1 1 1 1 4 2 2 1 1 1 1 1 1 |1 1 1 1 1 1 1 1 1 1 1 1 1 1 1 1 |1 1 3 1 5 1 1 1 5 1 1 1 1 1 1 3 |1 1 1 1 1 1 1 6 1 1 1 1 1 1 1 1 |1 1 1 1 1 1 1 1 1 1 1 1 1 1 1 1 |2 1 1 1 1 1 7 1 1 1 1 5 1 1 1 8 |1 5 1 7 1 1 1 1 1 1 1 9 2 1 9 1 |
5720: 1 1 1 1 1 1 1 1 1 1 4 4 1 1 1 1 |1 1 4 1 7 1 1 1 1 1 1 1 1 1 3 1 |1 1 1 1 1 1 1 1 1 1 1 1 1 1 1 1 |1 1 1 1 1 1 1 1 1 1 1 1 1 1 1 1 |1 1 1 1 1 1 1 1 1 1 1 1 1 1 1 1 |1 1 1 1 1 1 1 4 2 2 1 1 1 1 1 1 |1 1 1 1 1 1 1 1 1 1 1 1 1 1 1 1 |1 1 3 1 5 1 1 1 5 1 1 1 1 1 1 3 |1 1 1 1 1 1 1 6 1 1 1 1 1 1 1 1 |1 1 1 1 1 1 1 1 1 1 1 1 1 1 1 1 |2 1 1 1 1 1 7 1 1 1 1 5 1 1 1 8 |1 5 1 7 1 1 1 1 1 1 1 9 2 1 9 1 |
5731: 1 1 1 1 1 1 1 1 1 1 4 4 1 1 1 1 |1 1 4 1 7 1 1 1 1 1 1 1 1 1 3 1 |1 1 1 1 1 1 1 1 1 1 1 1 1 1 1 1 |1 1 1 1 1 1 1 1 1 1 1 1 1 1 1 1 |1 1 1 1 1 1 1 1 1 1 1 1 1 1 6 1 |1 1 1 1 1 1 1 3 1 2 1 1 1 3 1 1 |1 1 1 1 1 1 1 1 1 1 1 1 1 1 1 1 |1 1 1 1 2 1 1 1 5 1 1 1 1 1 1 1 |1 1 3 1 1 1 1 8 1 1 1 1 1 1 1 1 |1 1 1 1 1 1 1 2 1 1 1 9 1 1 1 1 |2 1 1 1 1 1 6 1 1 1 1 8 1 1 1 1 |1 1 1 1 2 1 1 3 1 1 12 1 1 1 10 2 |
5742: 1 1 1 1 1 1 1 1 1 1 4 4 1 1 1 1 |1 1 4 1 7 1 1 1 1 1 1 1 1 1 3 1 |1 1 1 1 1 1 1 1 1 1 1 1 1 1 1 1 |1 1 1 1 1 1 1 1 1 1 1 1 1 1 1 1 |1 1 1 1 1 1 1 1 1 1 1 1 1 1 6 1 |1 1 1 1 1 1 1 3 1 2 1 1 1 3 1 1 |1 1 1 1 1 1 1 1 1 1 1 1 1 1 1 1 |1 1 1 1 2 1 1 1 5 1 1 1 1 1 1 1 |1 1 3 1 1 1 1 8 1 1 1 1 1 1 1 1 |1 1 1 1 1 1 1 2 1 1 1 9 1 1 1 1 |2 1 1 1 1 1 6 1 1 1 1 8 1 1 1 1 |1 1 1 1 2 1 1 3 1 1 12 1 1 1 10 2 |
5753: 1 1 1 6 1 1 1 1 1 1 3 7 1 1 1 1 |1 1 6 3 1 1 1 1 1 1 1 1 1 1 1 1 |1 1 1 1 1 1 1 1 1 1 1 1 1 1 1 1 |1 1 1 1 1 1 1 1 1 1 1 1 1 1 1 1 |1 1 1 1 1 1 1 1 1 1 1 1 1 1 6 1 |1 1 1 1 1 1 1 3 1 2 1 1 1 3 1 1 |1 1 1 1 1 1 1 1 1 1 1 1 1 1 1 1 |1 1 1 1 2 1 1 1 5 1 1 1 1 1 1 1 |1 1 3 1 1 1 1 8 1 1 1 1 1 1 1 1 |1 1 1 1 1 1 1 2 1 1 1 9 1 1 1 1 |2 1 1 1 1 1 6 1 1 1 1 8 1 1 1 1 |1 1 1 1 2 1 1 3 1 1 12 1 1 1 10 2 |
5763: 1 1 1 6 1 1 1 1 1 1 3 7 1 1 1 1 |1 1 6 3 1 1 1 1 1 1 1 1 1 1 1 1 |1 1 1 1 1 1 1 1 1 1 1 1 1 1 1 1 |1 1 1 1 1 1 1 1 1 1 1 1 1 1 1 1 |1 1 1 1 1 1 1 1 1 1 1 1 1 4 1 1 |1 1 1 1 1 1 1 3 1 3 1 1 1 3 1 1 |1 1 1 1 1 1 1 1 1 1 1 1 1 1 1 1 |1 1 1 1 6 1 1 1 7 1 1 1 1 1 1 4 |1 1 1 8 3 1 1 8 1 1 1 1 1 1 1 1 |1 1 1 1 1 1 1 1 1 1 1 1 1 8 1 2 |2 1 1 1 1 1 3 1 1 1 1 6 1 2 1 1 |1 6 1 1 1 1 1 1 1 1 11 2 1 2 8 3 |
5774: 1 1 1 6 1 1 1 1 1 1 3 7 1 1 1 1 |1 1 6 3 1 1 1 1 1 1 1 1 1 1 1 1 |1 1 1 1 1 1 1 1 1 1 1 1 1 1 1 1 |1 1 1 1 1 1 1 1 1 1 1 1 1 1 1 1 |1 1 1 1 1 1 1 1 1 1 1 1 1 4 1 1 |1 1 1 1 1 1 1 3 1 3 1 1 1 3 1 1 |1 1 1 1 1 1 1 1 1 1 1 1 1 1 1 1 |1 1 1 1 6 1 1 1 7 1 1 1 1 1 1 4 |1 1 1 8 3 1 1 8 1 1 1 1 1 1 1 1 |1 1 1 1 1 1 1 1 1 1 1 1 1 8 1 2 |2 1 1 1 1 1 3 1 1 1 1 6 1 2 1 1 |1 6 1 1 1 1 1 1 1 1 11 2 1 2 8 3 |
5785: 3 1 1 1 1 1 1 1 1 1 1 7 1 1 1 1 |1 1 1 1 1 1 1 1 1 1 1 1 1 1 3 1 |1 1 1 1 1 1 1 1 1 1 1 1 1 1 1 1 |1 1 1 1 1 1 1 1 1 1 1 1 1 1 1 1 |1 1 1 1 1 1 1 1 1 1 1 1 1 4 1 1 |1 1 1 1 1 1 1 3 1 3 1 1 1 3 1 1 |1 1 1 1 1 1 1 1 1 1 1 1 1 1 1 1 |1 1 1 1 6 1 1 1 7 1 1 1 1 1 1 4 |1 1 1 8 3 1 1 8 1 1 1 1 1 1 1 1 |1 1 1 1 1 1 1 1 1 1 1 1 1 8 1 2 |2 1 1 1 1 1 3 1 1 1 1 6 1 2 1 1 |1 6 1 1 1 1 1 1 1 1 11 2 1 2 8 3 |
5796: 3 1 1 1 1 1 1 1 1 1 1 7 1 1 1 1 |1 1 1 1 1 1 1 1 1 1 1 1 1 1 3 1 |1 1 1 1 1 1 1 1 1 1 1 1 1 1 1 1 |1 1 1 1 1 1 1 1 1 1 1 1 1 1 1 1 |1 1 1 1 1 1 1 1 1 1 1 1 1 1 1 1 |1 1 1 1 1 1 1 1 1 1 1 1 1 3 1 1 |1 1 1 1 1 1 1 1 1 1 1 1 1 1 1 1 |1 1 1 12 5 6 1 1 5 1 1 1 1 1 1 1 |1 1 1 1 1 1 4 7 1 1 1 1 1 1 1 1 |1 1 1 1 1 1 1 1 1 1 1 9 8 1 1 1 |2 1 1 1 1 1 3 1 1 1 1 6 1 2 1 1 |1 6 1 1 1 1 1 1 1 1 11 2 1 2 8 3 |
5806: 3 1 1 1 1 1 1 1 1 1 1 7 1 1 1 1 |1 1 1 1 1 1 1 1 1 1 1 1 1 1 3 1 |1 1 1 1 1 1 1 1 1 1 1 1 1 1 1 1 |1 1 1 1 1 1 1 1 1 1 1 1 1 1 1 1 |1 1 1 1 1 1 1 1 1 1 1 1 1 1 1 1 |1 1 1 1 1 1 1 1 1 1 1 1 1 3 1 1 |1 1 1 1 1 1 1 1 1 1 1 1 1 1 1 1 |1 1 1 12 5 6 1 1 5 1 1 1 1 1 1 1 |1 1 1 1 1 1 4 7 1 1 1 1 1 1 1 1 |1 1 1 1 1 1 1 1 1 1 1 9 8 1 1 1 |1 1 1 1 1 1 1 1 1 1 1 7 4 1 1 2 |1 11 1 1 1 1 1 1 1 1 11 2 8 1 2 1 |
5817: 3 1 1 1 1 1 1 1 1 1 1 7 1 1 1 1 |1 1 1 1 1 1 1 1 1 1 1 1 1 1 3 1 |1 1 1 1 1 1 1 1 1 1 1 1 1 1 1 1 |1 1 1 1 1 1 1 1 1 1 1 1 1 1 1 1 |1 1 1 1 1 1 1 1 1 1 1 1 1 1 1 1 |1 1 1 1 1 1 1 1 1 1 1 1 1 3 1 1 |1 1 1 1 1 1 1 1 1 1 1 1 1 1 1 1 |1 1 1 12 5 6 1 1 5 1 1 1 1 1 1 1 |1 1 1 1 1 1 4 7 1 1 1 1 1 1 1 1 |1 1 1 1 1 1 1 1 1 1 1 9 8 1 1 1 |1 1 1 1 1 1 1 1 1 1 1 7 4 1 1 2 |1 11 1 1 1 1 1 1 1 1 11 2 8 1 2 1 |
5828: 5 1 1 1 1 1 1 1 1 1 1 4 1 1 1 1 |1 1 5 5 1 1 1 1 1 1 1 1 1 1 5 1 |1 1 1 1 1 1 1 1 1 1 1 1 1 1 1 1 |1 1 1 1 1 1 1 1 1 1 1 1 1 1 1 1 |1 1 1 1 1 1 1 1 1 1 1 1 1 1 1 1 |1 1 1 1 1 1 2 1 2 3 2 1 1 3 1 1 |1 1 1 1 1 1 1 1 1 1 1 1 1 1 1 1 |1 1 1 3 4 1 1 1 4 1 1 1 1 1 1 1 |1 1 1 1 1 1 1 6 1 1 1 1 1 1 1 1 |1 1 1 1 1 1 1 1 1 1 1 8 1 7 1 1 |3 1 1 1 1 1 6 1 1 1 1 1 1 1 1 9 |1 11 1 1 1 1 1 1 1 1 11 2 8 1 2 1 |
5839: 5 1 1 1 1 1 1 1 1 1 1 4 1 1 1 1 |1 1 5 5 1 1 1 1 1 1 1 1 1 1 5 1 |1 1 1 1 1 1 1 1 1 1 1 1 1 1 1 1 |1 1 1 1 1 1 1 1 1 1 1 1 1 1 1 1 |1 1 1 1 1 1 1 1 1 1 1 1 1 1 1 1 |1 1 1 1 1 1 2 1 2 3 2 1 1 3 1 1 |1 1 1 1 1 1 1 1 1 1 1 1 1 1 1 1 |1 1 1 3 4 1 1 1 4 1 1 1 1 1 1 1 |1 1 1 1 1 1 1 6 1 1 1 1 1 1 1 1 |1 1 1 1 1 1 1 1 1 1 1 8 1 7 1 1 |3 1 1 1 1 1 6 1 1 1 1 1 1 1 1 9 |1 1 1 1 1 1 3 1 1 1 12 7 1 1 3 1 |
5850: 1 1 1 1 2 1 1 1 1 1 1 5 1 1 1 1 |1 1 5 5 1 1 1 1 1 1 1 1 1 1 5 1 |1 1 1 1 1 1 1 1 1 1 1 1 1 1 1 1 |1 1 1 1 1 1 1 1 1 1 1 1 1 1 1 1 |1 1 1 1 1 1 1 1 1 1 1 1 1 1 1 1 |1 1 1 1 1 1 2 1 2 3 2 1 1 3 1 1 |1 1 1 1 1 1 1 1 1 1 1 1 1 1 1 1 |1 1 1 3 4 1 1 1 4 1 1 1 1 1 1 1 |1 1 1 1 1 1 1 6 1 1 1 1 1 1 1 1 |1 1 1 1 1 1 1 1 1 1 1 8 1 7 1 1 |3 1 1 1 1 1 6 1 1 1 1 1 1 1 1 9 |1 1 1 1 1 1 3 1 1 1 12 7 1 1 3 1 |
5861: 1 1 1 1 2 1 1 1 1 1 1 5 1 1 1 1 |1 1 3 5 1 1 1 1 1 1 1 1 1 1 1 1 |1 1 1 1 1 1 1 1 1 1 1 1 1 1 1 1 |1 1 8 1 1 1 1 1 1 1 1 1 1 1 1 1 |1 1 1 1 1 1 1 1 1 1 1 1 1 3 1 1 |1 1 1 1 2 1 3 3 2 1 1 1 1 2 1 1 |1 1 1 1 1 1 1 1 1 1 1 1 1 1 1 1 |1 1 1 2 5 3 1 1 1 1 1 1 1 1 1 3 |1 1 1 1 1 1 1 7 1 1 6 1 1 1 1 1 |1 1 1 1 1 1 1 1 1 1 1 8 1 7 1 1 |3 1 1 1 1 1 6 1 1 1 1 1 1 1 1 9 |1 1 1 1 1 1 3 1 1 1 12 7 1 1 3 1 |
5872: 1 1 1 1 2 1 1 1 1 1 1 5 1 1 1 1 |1 1 3 5 1 1 1 1 1 1 1 1 1 1 1 1 |1 1 1 1 1 1 1 1 1 1 1 1 1 1 1 1 |1 1 8 1 1 1 1 1 1 1 1 1 1 1 1 1 |1 1 1 1 1 1 1 1 1 1 1 1 1 3 1 1 |1 1 1 1 2 1 3 3 2 1 1 1 1 2 1 1 |1 1 1 1 1 1 1 1 1 1 1 1 1 1 1 1 |1 1 1 2 5 3 1 1 1 1 1 1 1 1 1 3 |1 1 1 1 1 1 1 7 1 1 6 1 1 1 1 1 |1 1 1 1 1 1 1 2 1 1 1 8 2 1 1 1 |2 1 1 1 1 1 6 1 1 1 1 6 1 1 1 3 |1 12 1 4 1 1 2 1 1 1 8 1 8 1 9 1 |
5883: 1 1 1 1 2 1 1 1 1 1 1 5 1 1 1 1 |1 1 3 5 1 1 1 1 1 1 1 1 1 1 1 1 |1 1 1 1 1 1 1 1 1 1 1 1 1 1 1 1 |1 1 8 1 1 1 1 1 1 1 1 1 1 1 1 1 |1 1 1 1 1 1 1 1 1 1 1 1 1 3 1 1 |1 1 1 1 2 1 3 3 2 1 1 1 1 2 1 1 |1 1 1 1 1 1 1 1 1 1 1 1 1 1 1 1 |1 1 1 2 5 3 1 1 1 1 1 1 1 1 1 3 |1 1 1 1 1 1 1 7 1 1 6 1 1 1 1 1 |1 1 1 1 1 1 1 2 1 1 1 8 2 1 1 1 |2 1 1 1 1 1 6 1 1 1 1 6 1 1 1 3 |1 12 1 4 1 1 2 1 1 1 8 1 8 1 9 1 |
5894: 2 1 1 1 1 1 1 1 1 1 7 1 1 1 1 1 |1 1 8 1 1 1 1 1 1 1 1 1 1 1 1 1 |1 1 1 1 1 1 1 1 1 1 1 1 1 1 1 1 |1 1 1 1 1 1 1 1 1 1 1 1 1 1 1 1 |1 1 1 1 1 1 1 1 1 1 1 1 1 1 1 1 |1 1 1 1 1 1 1 1 1 1 1 1 1 1 1 1 |1 1 1 1 1 1 1 1 1 1 1 1 1 1 1 1 |1 1 1 2 6 7 1 1 5 1 1 1 1 1 1 2 |1 1 3 1 1 1 2 6 1 1 1 1 9 1 1 1 |1 1 1 1 1 1 1 2 1 1 1 8 2 1 1 1 |2 1 1 1 1 1 6 1 1 1 1 6 1 1 1 3 |1 12 1 4 1 1 2 1 1 1 8 1 8 1 9 1 |
5905: 2 1 1 1 1 1 1 1 1 1 7 1 1 1 1 1 |1 1 8 1 1 1 1 1 1 1 1 1 1 1 1 1 |1 1 1 1 1 1 1 1 1 1 1 1 1 1 1 1 |1 1 1 1 1 1 1 1 1 1 1 1 1 1 1 1 |1 1 1 1 1 1 1 1 1 1 1 1 1 1 1 1 |1 1 1 1 1 1 1 1 1 1 1 1 1 1 1 1 |1 1 1 1 1 1 1 1 1 1 1 1 1 1 1 1 |1 1 1 2 6 7 1 1 5 1 1 1 1 1 1 2 |1 1 3 1 1 1 2 6 1 1 1 1 9 1 1 1 |1 1 1 1 1 1 1 1 1 1 1 8 1 1 1 1 |1 1 1 1 1 1 9 1 1 1 1 1 1 1 1 1 |1 6 1 1 1 1 2 1 1 1 6 2 6 1 2 1 |
5915: 2 1 1 1 1 1 1 1 1 1 7 1 1 1 1 1 |1 1 8 1 1 1 1 1 1 1 1 1 1 1 1 1 |1 1 1 1 1 1 1 1 1 1 1 1 1 1 1 1 |1 1 1 1 1 1 1 1 1 1 1 1 1 1 1 1 |1 1 1 1 1 1 1 1 1 1 1 1 1 1 1 1 |1 1 1 1 1 1 1 1 1 1 1 1 1 1 1 1 |1 1 1 1 1 1 1 1 1 1 1 1 1 1 1 1 |1 1 1 2 6 7 1 1 5 1 1 1 1 1 1 2 |1 1 3 1 1 1 2 6 1 1 1 1 9 1 1 1 |1 1 1 1 1 1 1 1 1 1 1 8 1 1 1 1 |1 1 1 1 1 1 9 1 1 1 1 1 1 1 1 1 |1 6 1 1 1 1 2 1 1 1 6 2 6 1 2 1 |
5926: 8 1 1 1 1 1 1 1 1 1 6 6 1 1 1 1 |1 1 1 6 1 1 1 1 1 1 1 1 1 1 5 1 |1 1 1 1 1 1 1 1 1 1 1 1 1 1 1 1 |1 1 1 1 1 1 1 1 1 1 1 1 1 1 1 1 |1 1 1 1 2 1 1 1 1 1 1 1 1 1 1 1 |1 1 1 1 1 1 2 4 2 1 1 1 1 2 1 1 |1 1 1 1 1 1 1 1 1 1 1 1 1 1 1 1 |1 1 1 1 1 1 1 1 5 1 1 1 1 1 1 6 |1 1 3 1 1 1 2 6 1 1 1 1 9 1 1 1 |1 1 1 1 1 1 1 1 1 1 1 8 1 1 1 1 |1 1 1 1 1 1 9 1 1 1 1 1 1 1 1 1 |1 6 1 1 1 1 2 1 1 1 6 2 6 1 2 1 |
5937: 8 1 1 1 1 1 1 1 1 1 6 6 1 1 1 1 |1 1 1 6 1 1 1 1 1 1 1 1 1 1 5 1 |1 1 1 1 1 1 1 1 1 1 1 1 1 1 1 1 |1 1 1 1 1 1 1 1 1 1 1 1 1 1 1 1 |1 1 1 1 2 1 1 1 1 1 1 1 1 1 1 1 |1 1 1 1 1 1 2 4 2 1 1 1 1 2 1 1 |1 1 1 1 1 1 1 1 1 1 1 1 1 1 1 1 |1 1 1 1 1 1 1 1 5 1 1 1 1 1 1 6 |1 1 1 1 1 1 1 9 1 1 1 1 6 1 1 1 |1 1 1 1 1 1 7 1 1 1 1 8 2 1 1 1 |4 1 1 1 1 1 7 1 1 1 1 5 1 1 1 3 |1 6 1 8 1 1 3 1 1 2 12 6 6 1 1 1 |
5947: 8 1 1 1 1 1 1 1 1 1 6 6 1 1 1 1 |1 1 1 6 1 1 1 1 1 1 1 1 1 1 5 1 |1 1 1 1 1 1 1 1 1 1 1 1 1 1 1 1 |1 1 1 1 1 1 1 1 1 1 1 1 1 1 1 1 |1 1 1 1 2 1 1 1 1 1 1 1 1 1 1 1 |1 1 1 1 1 1 2 4 2 1 1 1 1 2 1 1 |1 1 1 1 1 1 1 1 1 1 1 1 1 1 1 1 |1 1 1 1 1 1 1 1 5 1 1 1 1 1 1 6 |1 1 1 1 1 1 1 9 1 1 1 1 6 1 1 1 |1 1 1 1 1 1 7 1 1 1 1 8 2 1 1 1 |4 1 1 1 1 1 7 1 1 1 1 5 1 1 1 3 |1 6 1 8 1 1 3 1 1 2 12 6 6 1 1 1 |
5959: 3 1 1 1 1 1 1 1 1 1 7 1 1 1 1 1 |1 1 1 5 1 1 1 1 1 1 1 1 1 1 1 1 |1 1 1 1 1 1 1 1 1 1 1 1 1 1 1 1 |1 1 2 1 1 1 1 1 1 1 1 1 1 1 1 1 |1 1 1 1 1 1 1 1 1 1 1 1 1 1 5 1 |1 1 1 1 1 1 2 4 1 2 1 1 1 3 1 1 |1 1 1 1 1 1 1 1 1 1 1 2 1 1 1 1 |1 1 1 2 6 1 1 1 5 1 1 1 1 1 1 1 |1 1 1 1 1 1 1 9 1 1 1 1 6 1 1 1 |1 1 1 1 1 1 7 1 1 1 1 8 2 1 1 1 |4 1 1 1 1 1 7 1 1 1 1 5 1 1 1 3 |1 6 1 8 1 1 3 1 1 2 12 6 6 1 1 1 |
5971: 3 1 1 1 1 1 1 1 1 1 7 1 1 1 1 1 |1 1 1 5 1 1 1 1 1 1 1 1 1 1 1 1 |1 1 1 1 1 1 1 1 1 1 1 1 1 1 1 1 |1 1 2 1 1 1 1 1 1 1 1 1 1 1 1 1 |1 1 1 1 1 1 1 1 1 1 1 1 1 1 5 1 |1 1 1 1 1 1 2 4 1 2 1 1 1 3 1 1 |1 1 1 1 1 1 1 1 1 1 1 2 1 1 1 1 |1 1 1 2 6 1 1 1 5 1 1 1 1 1 1 1 |1 1 1 1 1 1 1 7 1 1 5 1 1 1 1 1 |1 1 1 8 1 1 1 1 1 1 1 8 1 8 1 1 |3 1 1 1 1 1 1 1 1 1 1 5 8 1 1 2 |1 5 1 1 1 1 1 1 1 1 5 8 1 1 10 2 |
5982: 3 1 1 1 1 1 1 1 1 1 7 1 1 1 1 1 |1 1 1 5 1 1 1 1 1 1 1 1 1 1 1 1 |1 1 1 1 1 1 1 1 1 1 1 1 1 1 1 1 |1 1 2 1 1 1 1 1 1 1 1 1 1 1 1 1 |1 1 1 1 1 1 1 1 1 1 1 1 1 1 5 1 |1 1 1 1 1 1 2 4 1 2 1 1 1 3 1 1 |1 1 1 1 1 1 1 1 1 1 1 2 1 1 1 1 |1 1 1 2 6 1 1 1 5 1 1 1 1 1 1 1 |1 1 1 1 1 1 1 7 1 1 5 1 1 1 1 1 |1 1 1 8 1 1 1 1 1 1 1 8 1 8 1 1 |3 1 1 1 1 1 1 1 1 1 1 5 8 1 1 2 |1 5 1 1 1 1 1 1 1 1 5 8 1 1 10 2 |
5993: 1 1 1 1 1 1 1 1 1 1 3 8 1 1 1 1 |1 1 5 6 1 1 1 1 1 1 1 1 1 1 5 1 |1 1 1 1 1 1 1 1 1 1 1 1 1 1 1 1 |1 1 1 1 1 1 1 1 1 1 1 1 1 1 1 1 |1 1 1 1 1 1 1 1 1 1 1 1 1 1 1 1 |1 1 1 1 1 2 1 3 1 1 1 1 1 3 1 1 |1 1 1 1 1 1 1 5 1 1 1 1 1 1 1 1 |1 1 1 2 6 1 1 1 5 1 1 1 1 1 1 4 |1 1 1 1 1 1 1 7 1 1 5 1 1 1 1 1 |1 1 1 8 1 1 1 1 1 1 1 8 1 8 1 1 |3 1 1 1 1 1 1 1 1 1 1 5 8 1 1 2 |1 5 1 1 1 1 1 1 1 1 5 8 1 1 10 2 |
6003: 1 1 1 1 1 1 1 1 1 1 3 8 1 1 1 1 |1 1 5 6 1 1 1 1 1 1 1 1 1 1 5 1 |1 1 1 1 1 1 1 1 1 1 1 1 1 1 1 1 |1 1 1 1 1 1 1 1 1 1 1 1 1 1 1 1 |1 1 1 1 1 1 1 1 1 1 1 1 1 1 1 1 |1 1 1 1 1 2 1 3 1 1 1 1 1 3 1 1 |1 1 1 1 1 1 1 5 1 1 1 1 1 1 1 1 |1 1 1 2 6 1 1 1 5 1 1 1 1 1 1 4 |1 1 1 1 1 1 1 6 1 1 1 1 1 1 1 1 |1 1 1 1 1 1 1 1 1 1 1 7 1 1 1 1 |5 1 1 1 1 1 7 1 1 1 1 1 1 1 1 1 |1 5 1 2 3 1 1 1 1 1 11 3 1 1 1 1 |
6015: 1 1 1 1 1 1 1 1 1 1 3 8 1 1 1 1 |1 1 5 6 1 1 1 1 1 1 1 1 1 1 5 1 |1 1 1 1 1 1 1 1 1 1 1 1 1 1 1 1 |1 1 1 1 1 1 1 1 1 1 1 1 1 1 1 1 |1 1 1 1 1 1 1 1 1 1 1 1 1 1 1 1 |1 1 1 1 1 2 1 3 1 1 1 1 1 3 1 1 |1 1 1 1 1 1 1 5 1 1 1 1 1 1 1 1 |1 1 1 2 6 1 1 1 5 1 1 1 1 1 1 4 |1 1 1 1 1 1 1 6 1 1 1 1 1 1 1 1 |1 1 1 1 1 1 1 1 1 1 1 7 1 1 1 1 |5 1 1 1 1 1 7 1 1 1 1 1 1 1 1 1 |1 5 1 2 3 1 1 1 1 1 11 3 1 1 1 1 |
6046: 5 1 1 1 1 1 1 1 1 1 3 6 1 1 1 1 |1 1 5 6 1 1 1 1 1 1 1 1 1 1 5 1 |1 1 1 1 1 1 1 1 1 1 1 1 1 1 1 1 |1 1 1 1 1 1 1 1 1 1 1 1 1 1 1 1 |1 1 1 1 1 1 1 1 1 1 1 1 1 1 1 1 |1 1 1 1 1 2 1 3 1 1 1 1 1 3 1 1 |1 1 1 1 1 1 1 5 1 1 1 1 1 1 1 1 |1 1 1 2 6 1 1 1 5 1 1 1 1 1 1 4 |1 1 1 1 1 1 1 6 1 1 1 1 1 1 1 1 |1 1 1 1 1 1 1 1 1 1 1 7 1 1 1 1 |5 1 1 1 1 1 7 1 1 1 1 1 1 1 1 1 |1 5 1 2 3 1 1 1 1 1 11 3 1 1 1 1 |
6057: 5 1 1 1 1 1 1 1 1 1 3 6 1 1 1 1 |1 1 5 1 1 1 1 1 1 1 1 1 1 1 5 1 |1 1 1 1 1 1 1 1 1 1 1 1 1 1 1 1 |1 1 5 1 1 1 1 1 1 1 1 1 1 1 1 1 |1 1 1 1 1 1 1 1 1 1 1 1 1 2 4 1 |1 1 1 1 1 1 4 1 2 4 1 1 1 1 1 1 |1 1 1 1 1 1 1 1 1 1 1 1 1 1 1 2 |1 1 1 3 1 1 1 1 1 1 1 1 1 1 1 3 |1 1 2 1 1 1 1 8 1 1 1 1 1 1 1 1 |1 1 1 1 1 1 1 1 1 1 1 7 1 1 1 1 |5 1 1 1 1 1 7 1 1 1 1 1 1 1 1 1 |1 5 1 2 3 1 1 1 1 1 11 3 1 1 1 1 |
6069: 5 1 1 1 1 1 1 1 1 1 3 6 1 1 1 1 |1 1 5 1 1 1 1 1 1 1 1 1 1 1 5 1 |1 1 1 1 1 1 1 1 1 1 1 1 1 1 1 1 |1 1 5 1 1 1 1 1 1 1 1 1 1 1 1 1 |1 1 1 1 1 1 1 1 1 1 1 1 1 2 4 1 |1 1 1 1 1 1 4 1 2 4 1 1 1 1 1 1 |1 1 1 1 1 1 1 1 1 1 1 1 1 1 1 2 |1 1 1 3 1 1 1 1 1 1 1 1 1 1 1 3 |1 1 2 1 1 1 1 8 1 1 1 1 1 1 1 1 |1 1 2 1 2 1 1 1 1 1 1 9 1 1 1 1 |4 1 8 1 1 1 1 1 1 1 1 6 1 1 1 8 |1 12 1 1 1 1 1 1 1 1 11 2 7 1 11 9 |
6079: 5 1 1 1 1 1 1 1 1 1 3 6 1 1 1 1 |1 1 5 1 1 1 1 1 1 1 1 1 1 1 5 1 |1 1 1 1 1 1 1 1 1 1 1 1 1 1 1 1 |1 1 5 1 1 1 1 1 1 1 1 1 1 1 1 1 |1 1 1 1 1 1 1 1 1 1 1 1 1 2 4 1 |1 1 1 1 1 1 4 1 2 4 1 1 1 1 1 1 |1 1 1 1 1 1 1 1 1 1 1 1 1 1 1 2 |1 1 1 3 1 1 1 1 1 1 1 1 1 1 1 3 |1 1 2 1 1 1 1 8 1 1 1 1 1 1 1 1 |1 1 2 1 2 1 1 1 1 1 1 9 1 1 1 1 |4 1 8 1 1 1 1 1 1 1 1 6 1 1 1 8 |1 12 1 1 1 1 1 1 1 1 11 2 7 1 11 9 |
6090: 4 1 1 1 1 1 1 1 1 1 5 5 1 1 1 1 |1 1 5 3 5 1 1 1 1 1 1 1 1 1 4 1 |1 1 1 1 1 1 1 1 1 1 1 1 1 1 1 1 |1 1 1 1 1 1 1 1 1 1 1 1 1 1 1 1 |1 1 1 1 1 1 1 1 1 1 1 1 1 1 1 1 |1 1 1 3 1 1 1 3 1 2 1 1 1 3 1 1 |1 1 1 1 1 1 1 1 1 1 1 1 1 1 1 1 |1 1 1 3 1 1 1 1 1 1 1 1 1 1 1 3 |1 1 2 1 1 1 1 8 1 1 1 1 1 1 1 1 |1 1 2 1 2 1 1 1 1 1 1 9 1 1 1 1 |4 1 8 1 1 1 1 1 1 1 1 6 1 1 1 8 |1 12 1 1 1 1 1 1 1 1 11 2 7 1 11 9 |
6101: 4 1 1 1 1 1 1 1 1 1 5 5 1 1 1 1 |1 1 5 3 5 1 1 1 1 1 1 1 1 1 4 1 |1 1 1 1 1 1 1 1 1 1 1 1 1 1 1 1 |1 1 1 1 1 1 1 1 1 1 1 1 1 1 1 1 |1 1 1 1 1 1 1 1 1 1 1 1 1 1 1 1 |1 1 1 3 1 1 1 3 1 2 1 1 1 3 1 1 |1 1 1 1 1 1 1 1 1 1 1 1 1 1 1 1 |1 1 1 1 1 7 1 1 3 1 1 1 1 1 1 1 |1 1 1 1 1 1 1 8 1 1 1 1 1 1 1 1 |1 1 1 7 1 1 1 1 1 1 1 10 1 1 1 1 |2 1 1 1 1 1 8 1 1 1 1 1 1 1 1 7 |1 1 1 1 1 1 1 1 1 1 6 2 1 1 11 2 |
6113: 1 1 1 1 1 1 1 1 1 1 6 6 1 1 1 1 |1 1 5 3 5 1 1 1 1 1 1 1 1 1 4 1 |1 1 1 1 1 1 1 1 1 1 1 1 1 1 1 1 |1 1 1 1 1 1 1 1 1 1 1 1 1 1 1 1 |1 1 1 1 1 1 1 1 1 1 1 1 1 1 1 1 |1 1 1 3 1 1 1 3 1 2 1 1 1 3 1 1 |1 1 1 1 1 1 1 1 1 1 1 1 1 1 1 1 |1 1 1 1 1 7 1 1 3 1 1 1 1 1 1 1 |1 1 1 1 1 1 1 8 1 1 1 1 1 1 1 1 |1 1 1 7 1 1 1 1 1 1 1 10 1 1 1 1 |2 1 1 1 1 1 8 1 1 1 1 1 1 1 1 7 |1 1 1 1 1 1 1 1 1 1 6 2 1 1 11 2 |
6125: 1 1 1 1 1 1 1 1 1 1 6 6 1 1 1 1 |1 2 1 1 1 1 1 1 1 1 1 1 1 1 1 1 |1 1 1 1 1 1 1 1 1 1 1 1 1 1 1 1 |1 1 1 1 1 1 1 1 1 1 1 1 1 1 1 1 |1 1 1 1 1 1 1 1 1 1 1 1 1 3 1 1 |1 1 1 1 1 1 3 3 2 1 1 1 1 2 1 1 |1 1 1 1 1 1 1 1 1 1 1 1 1 1 1 1 |1 1 1 2 6 2 1 1 4 1 1 1 1 1 1 5 |1 1 1 1 1 1 1 8 1 1 1 1 1 1 1 1 |1 1 1 7 1 1 1 1 1 1 1 10 1 1 1 1 |2 1 1 1 1 1 8 1 1 1 1 1 1 1 1 7 |1 1 1 1 1 1 1 1 1 1 6 2 1 1 11 2 |
6135: 1 1 1 1 1 1 1 1 1 1 6 6 1 1 1 1 |1 2 1 1 1 1 1 1 1 1 1 1 1 1 1 1 |1 1 1 1 1 1 1 1 1 1 1 1 1 1 1 1 |1 1 1 1 1 1 1 1 1 1 1 1 1 1 1 1 |1 1 1 1 1 1 1 1 1 1 1 1 1 3 1 1 |1 1 1 1 1 1 3 3 2 1 1 1 1 2 1 1 |1 1 1 1 1 1 1 1 1 1 1 1 1 1 1 1 |1 1 1 2 6 2 1 1 4 1 1 1 1 1 1 5 |1 1 1 1 1 1 1 8 1 1 1 1 1 1 1 1 |1 1 1 7 1 1 1 1 1 1 1 1 1 1 1 1 |1 1 1 1 1 1 1 1 1 1 1 1 1 1 6 6 |1 6 1 1 4 1 1 1 1 1 12 2 8 1 9 2 |
6147: 2 1 1 1 1 1 1 1 1 1 1 6 1 1 1 1 |1 2 1 1 1 1 1 1 1 1 1 1 1 1 1 1 |1 1 1 1 1 1 1 1 1 1 1 1 1 1 1 1 |1 1 1 1 1 1 1 1 1 1 1 1 1 1 1 1 |1 1 1 1 1 1 1 1 1 1 1 1 1 3 1 1 |1 1 1 1 1 1 3 3 2 1 1 1 1 2 1 1 |1 1 1 1 1 1 1 1 1 1 1 1 1 1 1 1 |1 1 1 2 6 2 1 1 4 1 1 1 1 1 1 5 |1 1 1 1 1 1 1 8 1 1 1 1 1 1 1 1 |1 1 1 7 1 1 1 1 1 1 1 1 1 1 1 1 |1 1 1 1 1 1 1 1 1 1 1 1 1 1 6 6 |1 6 1 1 4 1 1 1 1 1 12 2 8 1 9 2 |
6158: 2 1 1 1 1 1 1 1 1 1 1 6 1 1 1 1 |1 1 5 1 5 1 1 1 1 1 1 1 1 1 6 1 |1 1 1 1 1 1 1 1 1 1 1 1 1 1 1 1 |1 1 2 1 1 1 1 1 1 1 1 1 1 1 1 1 |1 1 1 1 1 1 1 1 1 1 1 1 1 1 1 1 |1 1 1 1 1 1 1 8 1 1 1 1 1 2 1 1 |1 1 1 1 1 1 1 1 1 1 1 1 1 1 1 1 |1 1 1 12 5 2 1 1 1 2 1 1 1 1 1 1 |1 1 1 1 1 1 1 8 1 1 1 1 1 1 1 1 |1 1 1 7 1 1 1 1 1 1 1 1 1 1 1 1 |1 1 1 1 1 1 1 1 1 1 1 1 1 1 6 6 |1 6 1 1 4 1 1 1 1 1 12 2 8 1 9 2 |
6169: 2 1 1 1 1 1 1 1 1 1 1 6 1 1 1 1 |1 1 5 1 5 1 1 1 1 1 1 1 1 1 6 1 |1 1 1 1 1 1 1 1 1 1 1 1 1 1 1 1 |1 1 2 1 1 1 1 1 1 1 1 1 1 1 1 1 |1 1 1 1 1 1 1 1 1 1 1 1 1 1 1 1 |1 1 1 1 1 1 1 8 1 1 1 1 1 2 1 1 |1 1 1 1 1 1 1 1 1 1 1 1 1 1 1 1 |1 1 1 12 5 2 1 1 1 2 1 1 1 1 1 1 |1 1 1 1 1 1 1 7 1 1 1 1 1 1 1 1 |1 1 2 1 1 1 1 1 1 1 1 11 1 1 1 1 |2 1 1 1 1 1 7 1 1 1 1 6 1 3 1 1 |1 5 1 1 1 1 1 1 1 1 3 1 2 1 1 1 |
6179: 2 1 1 1 1 1 1 1 1 1 1 6 1 1 1 1 |1 1 5 1 5 1 1 1 1 1 1 1 1 1 6 1 |1 1 1 1 1 1 1 1 1 1 1 1 1 1 1 1 |1 1 2 1 1 1 1 1 1 1 1 1 1 1 1 1 |1 1 1 1 1 1 1 1 1 1 1 1 1 1 1 1 |1 1 1 1 1 1 1 8 1 1 1 1 1 2 1 1 |1 1 1 1 1 1 1 1 1 1 1 1 1 1 1 1 |1 1 1 12 5 2 1 1 1 2 1 1 1 1 1 1 |1 1 1 1 1 1 1 7 1 1 1 1 1 1 1 1 |1 1 2 1 1 1 1 1 1 1 1 11 1 1 1 1 |2 1 1 1 1 1 7 1 1 1 1 6 1 3 1 1 |1 5 1 1 1 1 1 1 1 1 3 1 2 1 1 1 |
6191: 1 1 1 1 1 1 1 1 1 1 1 1 1 1 1 1 |1 1 1 1 1 1 1 1 1 1 1 1 1 1 4 1 |1 1 1 1 1 1 1 1 1 1 1 1 1 1 1 1 |1 1 1 1 1 1 1 1 1 1 1 1 1 1 1 1 |1 1 1 1 1 1 1 1 1 1 1 1 1 1 1 1 |1 1 1 1 1 1 3 2 1 5 2 1 1 1 1 1 |1 1 1 1 1 1 1 3 1 1 1 1 1 1 1 1 |1 1 1 12 5 2 1 1 1 2 1 1 1 1 1 1 |1 1 1 1 1 1 1 7 1 1 1 1 1 1 1 1 |1 1 2 1 1 1 1 1 1 1 1 11 1 1 1 1 |2 1 1 1 1 1 7 1 1 1 1 6 1 3 1 1 |1 5 1 1 1 1 1 1 1 1 3 1 2 1 1 1 |
6202: 1 1 1 1 1 1 1 1 1 1 1 1 1 1 1 1 |1 1 1 1 1 1 1 1 1 1 1 1 1 1 4 1 |1 1 1 1 1 1 1 1 1 1 1 1 1 1 1 1 |1 1 1 1 1 1 1 1 1 1 1 1 1 1 1 1 |1 1 1 1 1 1 1 1 1 1 1 1 1 1 1 1 |1 1 1 1 1 1 3 2 1 5 2 1 1 1 1 1 |1 1 1 1 1 1 1 3 1 1 1 1 1 1 1 1 |1 1 1 1 1 1 1 1 4 1 1 1 1 1 1 1 |1 1 1 1 1 1 1 6 1 1 4 1 1 1 1 1 |1 1 1 1 1 1 1 1 1 1 1 9 1 1 1 1 |3 1 1 1 1 1 7 1 1 1 1 6 1 1 1 1 |1 1 1 1 1 1 1 1 1 1 9 2 1 2 3 1 |
6213: 1 1 1 1 1 1 1 1 1 1 1 1 1 1 1 1 |1 1 1 1 1 1 1 1 1 1 1 1 1 1 4 1 |1 1 1 1 1 1 1 1 1 1 1 1 1 1 1 1 |1 1 1 1 1 1 1 1 1 1 1 1 1 1 1 1 |1 1 1 1 1 1 1 1 1 1 1 1 1 1 1 1 |1 1 1 1 1 1 3 2 1 5 2 1 1 1 1 1 |1 1 1 1 1 1 1 3 1 1 1 1 1 1 1 1 |1 1 1 1 1 1 1 1 4 1 1 1 1 1 1 1 |1 1 1 1 1 1 1 6 1 1 4 1 1 1 1 1 |1 1 1 1 1 1 1 1 1 1 1 9 1 1 1 1 |3 1 1 1 1 1 7 1 1 1 1 6 1 1 1 1 |1 1 1 1 1 1 1 1 1 1 9 2 1 2 3 1 |
6225: 4 1 1 1 1 1 1 1 1 1 6 1 1 1 1 1 |1 1 4 1 1 1 1 1 1 1 1 1 1 1 3 1 |1 1 1 1 1 1 1 1 1 1 1 1 1 1 1 1 |1 1 1 1 1 1 1 1 1 1 1 1 1 1 1 1 |1 1 1 1 1 1 1 1 1 1 1 1 1 2 1 1 |1 1 1 1 1 5 1 2 1 2 1 1 1 3 1 1 |1 1 1 1 1 1 1 1 1 1 1 1 1 1 1 1 |1 1 1 1 6 5 1 4 1 1 1 1 1 1 1 1 |1 1 1 1 1 1 1 6 1 1 4 1 1 1 1 1 |1 1 1 1 1 1 1 1 1 1 1 9 1 1 1 1 |3 1 1 1 1 1 7 1 1 1 1 6 1 1 1 1 |1 1 1 1 1 1 1 1 1 1 9 2 1 2 3 1 |
6236: 4 1 1 1 1 1 1 1 1 1 6 1 1 1 1 1 |1 1 4 1 1 1 1 1 1 1 1 1 1 1 3 1 |1 1 1 1 1 1 1 1 1 1 1 1 1 1 1 1 |1 1 1 1 1 1 1 1 1 1 1 1 1 1 1 1 |1 1 1 1 1 1 1 1 1 1 1 1 1 2 1 1 |1 1 1 1 1 5 1 2 1 2 1 1 1 3 1 1 |1 1 1 1 1 1 1 1 1 1 1 1 1 1 1 1 |1 1 1 1 6 5 1 4 1 1 1 1 1 1 1 1 |1 1 2 1 1 1 1 1 1 1 1 1 1 1 1 1 |1 1 1 1 1 1 1 1 1 1 1 10 1 1 1 1 |4 1 1 1 1 1 1 1 1 1 1 9 1 2 5 1 |1 4 1 1 6 1 1 1 1 1 9 2 8 1 10 1 |
6246: 4 1 1 1 1 1 1 1 1 1 6 1 1 1 1 1 |1 1 4 1 1 1 1 1 1 1 1 1 1 1 3 1 |1 1 1 1 1 1 1 1 1 1 1 1 1 1 1 1 |1 1 1 1 1 1 1 1 1 1 1 1 1 1 1 1 |1 1 1 1 1 1 1 1 1 1 1 1 1 2 1 1 |1 1 1 1 1 5 1 2 1 2 1 1 1 3 1 1 |1 1 1 1 1 1 1 1 1 1 1 1 1 1 1 1 |1 1 1 1 6 5 1 4 1 1 1 1 1 1 1 1 |1 1 2 1 1 1 1 1 1 1 1 1 1 1 1 1 |1 1 1 1 1 1 1 1 1 1 1 10 1 1 1 1 |4 1 1 1 1 1 1 1 1 1 1 9 1 2 5 1 |1 4 1 1 6 1 1 1 1 1 9 2 8 1 10 1 |
6257: 1 1 1 1 1 1 1 1 1 1 5 6 1 1 1 1 |1 1 1 1 1 1 1 1 1 1 1 1 1 1 3 1 |1 1 1 1 1 1 1 1 1 1 1 1 1 1 1 1 |1 1 1 1 1 1 1 1 1 1 1 1 1 1 1 1 |1 1 1 1 1 1 1 1 1 1 1 1 1 1 1 1 |1 1 1 1 1 1 1 6 1 2 1 1 1 4 1 1 |1 1 1 1 1 1 1 1 1 1 1 1 1 1 1 1 |1 1 1 1 6 5 1 4 1 1 1 1 1 1 1 1 |1 1 2 1 1 1 1 1 1 1 1 1 1 1 1 1 |1 1 1 1 1 1 1 1 1 1 1 10 1 1 1 1 |4 1 1 1 1 1 1 1 1 1 1 9 1 2 5 1 |1 4 1 1 6 1 1 1 1 1 9 2 8 1 10 1 |
6268: 1 1 1 1 1 1 1 1 1 1 5 6 1 1 1 1 |1 1 1 1 1 1 1 1 1 1 1 1 1 1 3 1 |1 1 1 1 1 1 1 1 1 1 1 1 1 1 1 1 |1 1 1 1 1 1 1 1 1 1 1 1 1 1 1 1 |1 1 1 1 1 1 1 1 1 1 1 1 1 1 1 1 |1 1 1 1 1 1 1 6 1 2 1 1 1 4 1 1 |1 1 1 1 1 1 1 1 1 1 1 1 1 1 1 1 |1 1 1 1 5 6 1 1 6 1 1 1 1 1 1 4 |1 1 1 1 1 1 1 6 1 1 4 1 1 1 1 1 |1 1 1 1 1 1 1 1 1 1 1 1 1 7 1 1 |4 1 1 1 1 1 1 1 1 1 1 5 1 1 1 3 |1 11 1 1 1 1 1 1 1 1 7 1 10 1 9 3 |
6279: 1 1 1 1 1 1 1 1 1 1 5 6 1 1 1 1 |1 1 1 1 1 1 1 1 1 1 1 1 1 1 3 1 |1 1 1 1 1 1 1 1 1 1 1 1 1 1 1 1 |1 1 1 1 1 1 1 1 1 1 1 1 1 1 1 1 |1 1 1 1 1 1 1 1 1 1 1 1 1 1 1 1 |1 1 1 1 1 1 1 6 1 2 1 1 1 4 1 1 |1 1 1 1 1 1 1 1 1 1 1 1 1 1 1 1 |1 1 1 1 5 6 1 1 6 1 1 1 1 1 1 4 |1 1 1 1 1 1 1 6 1 1 4 1 1 1 1 1 |1 1 1 1 1 1 1 1 1 1 1 1 1 7 1 1 |4 1 1 1 1 1 1 1 1 1 1 5 1 1 1 3 |1 11 1 1 1 1 1 1 1 1 7 1 10 1 9 3 |
6289: 1 1 1 1 1 1 1 1 1 1 1 7 1 1 1 1 |1 1 1 6 4 1 1 1 1 1 1 1 1 1 6 1 |1 1 1 1 1 1 1 1 1 1 1 1 1 1 1 1 |1 1 1 1 1 1 1 1 1 1 1 1 1 1 1 1 |1 1 1 1 1 1 1 1 1 1 1 1 1 1 1 1 |1 1 1 1 1 1 1 6 1 2 1 1 1 4 1 1 |1 1 1 1 1 1 1 1 1 1 1 1 1 1 1 1 |1 1 1 1 5 6 1 1 6 1 1 1 1 1 1 4 |1 1 1 1 1 1 1 6 1 1 4 1 1 1 1 1 |1 1 1 1 1 1 1 1 1 1 1 1 1 7 1 1 |4 1 1 1 1 1 1 1 1 1 1 5 1 1 1 3 |1 11 1 1 1 1 1 1 1 1 7 1 10 1 9 3 |
6301: 1 1 1 1 1 1 1 1 1 1 1 7 1 1 1 1 |1 1 1 6 4 1 1 1 1 1 1 1 1 1 6 1 |1 1 1 1 1 1 1 1 1 1 1 1 1 1 1 1 |1 1 1 1 1 1 1 1 1 1 1 1 1 1 1 1 |1 1 1 1 1 1 1 1 1 1 1 1 1 1 1 1 |1 1 1 1 1 1 1 1 1 3 1 1 1 4 1 1 |1 1 1 1 1 1 1 1 1 1 3 1 1 1 1 1 |1 1 1 5 9 1 1 1 1 1 1 1 1 1 1 1 |1 1 1 1 1 1 1 5 1 1 1 1 1 1 1 1 |1 1 1 1 1 1 1 3 1 1 1 9 1 8 1 1 |2 1 1 1 1 1 7 1 1 1 1 7 2 1 1 1 |1 8 1 1 1 1 1 1 1 1 1 8 1 3 2 1 |
6312: 1 1 1 1 1 1 1 1 1 1 1 7 1 1 1 1 |1 1 1 6 4 1 1 1 1 1 1 1 1 1 6 1 |1 1 1 1 1 1 1 1 1 1 1 1 1 1 1 1 |1 1 1 1 1 1 1 1 1 1 1 1 1 1 1 1 |1 1 1 1 1 1 1 1 1 1 1 1 1 1 1 1 |1 1 1 1 1 1 1 1 1 3 1 1 1 4 1 1 |1 1 1 1 1 1 1 1 1 1 3 1 1 1 1 1 |1 1 1 5 9 1 1 1 1 1 1 1 1 1 1 1 |1 1 1 1 1 1 1 5 1 1 1 1 1 1 1 1 |1 1 1 1 1 1 1 3 1 1 1 9 1 8 1 1 |2 1 1 1 1 1 7 1 1 1 1 7 2 1 1 1 |1 8 1 1 1 1 1 1 1 1 1 8 1 3 2 1 |
6322: 5 1 1 6 1 1 1 1 1 1 6 6 1 1 1 1 |1 1 5 3 1 1 1 1 1 1 1 1 1 1 1 1 |1 1 1 1 1 1 1 1 1 1 1 1 1 1 1 1 |1 1 1 1 1 1 1 1 1 1 1 1 1 1 1 1 |1 1 1 1 1 1 1 1 1 1 1 1 1 8 1 1 |1 2 1 1 1 1 1 1 1 1 1 1 1 1 1 1 |1 1 1 1 1 1 1 1 1 1 3 1 1 1 1 1 |1 1 1 5 9 1 1 1 1 1 1 1 1 1 1 1 |1 1 1 1 1 1 1 5 1 1 1 1 1 1 1 1 |1 1 1 1 1 1 1 3 1 1 1 9 1 8 1 1 |2 1 1 1 1 1 7 1 1 1 1 7 2 1 1 1 |1 8 1 1 1 1 1 1 1 1 1 8 1 3 2 1 |
6333: 5 1 1 6 1 1 1 1 1 1 6 6 1 1 1 1 |1 1 5 3 1 1 1 1 1 1 1 1 1 1 1 1 |1 1 1 1 1 1 1 1 1 1 1 1 1 1 1 1 |1 1 1 1 1 1 1 1 1 1 1 1 1 1 1 1 |1 1 1 1 1 1 1 1 1 1 1 1 1 8 1 1 |1 2 1 1 1 1 1 1 1 1 1 1 1 1 1 1 |1 1 1 1 1 1 1 1 1 1 1 2 1 1 1 2 |1 1 1 1 7 1 1 1 1 1 1 1 1 1 1 1 |1 1 1 1 11 1 1 9 1 1 1 1 1 1 1 1 |1 1 1 10 1 1 1 1 1 1 1 1 1 1 1 1 |3 1 1 1 1 1 4 1 1 1 1 8 1 3 1 7 |1 5 1 1 1 1 1 1 1 1 11 7 1 2 10 1 |
6343: 5 1 1 6 1 1 1 1 1 1 6 6 1 1 1 1 |1 1 5 3 1 1 1 1 1 1 1 1 1 1 1 1 |1 1 1 1 1 1 1 1 1 1 1 1 1 1 1 1 |1 1 1 1 1 1 1 1 1 1 1 1 1 1 1 1 |1 1 1 1 1 1 1 1 1 1 1 1 1 8 1 1 |1 2 1 1 1 1 1 1 1 1 1 1 1 1 1 1 |1 1 1 1 1 1 1 1 1 1 1 2 1 1 1 2 |1 1 1 1 7 1 1 1 1 1 1 1 1 1 1 1 |1 1 1 1 11 1 1 9 1 1 1 1 1 1 1 1 |1 1 1 10 1 1 1 1 1 1 1 1 1 1 1 1 |3 1 1 1 1 1 4 1 1 1 1 8 1 3 1 7 |1 5 1 1 1 1 1 1 1 1 11 7 1 2 10 1 |
6353: 2 1 1 1 1 1 1 1 1 1 7 1 1 1 1 1 |1 1 1 1 1 1 1 1 1 1 1 1 1 1 6 1 |1 1 1 1 1 1 1 1 1 1 1 1 1 1 1 1 |1 1 1 1 1 1 1 1 1 1 1 1 1 1 1 1 |1 1 1 1 1 1 1 1 1 1 1 1 1 8 1 1 |1 2 1 1 1 1 1 1 1 1 1 1 1 1 1 1 |1 1 1 1 1 1 1 1 1 1 1 2 1 1 1 2 |1 1 1 1 7 1 1 1 1 1 1 1 1 1 1 1 |1 1 1 1 11 1 1 9 1 1 1 1 1 1 1 1 |1 1 1 10 1 1 1 1 1 1 1 1 1 1 1 1 |3 1 1 1 1 1 4 1 1 1 1 8 1 3 1 7 |1 5 1 1 1 1 1 1 1 1 11 7 1 2 10 1 |
6364: 2 1 1 1 1 1 1 1 1 1 7 1 1 1 1 1 |1 1 1 1 1 1 1 1 1 1 1 1 1 1 6 1 |1 1 1 1 1 1 1 1 1 1 1 1 1 1 1 1 |1 1 1 1 1 1 1 1 1 1 1 1 1 1 1 1 |1 1 1 1 1 1 1 1 1 1 1 1 1 1 1 1 |1 1 1 1 1 1 1 1 3 3 1 1 1 3 1 1 |1 1 1 1 1 1 1 1 1 1 1 1 1 1 1 1 |1 1 1 1 1 1 1 1 5 2 1 1 1 1 1 1 |1 1 1 1 1 1 1 7 1 1 1 1 1 1 1 1 |1 1 1 1 1 1 1 1 1 1 1 7 1 1 1 1 |1 1 2 1 1 1 2 1 1 1 1 4 2 1 1 7 |1 13 1 1 1 1 1 1 1 1 14 7 1 1 10 3 |
6375: 2 1 1 1 1 1 1 1 1 1 7 1 1 1 1 1 |1 1 1 1 1 1 1 1 1 1 1 1 1 1 6 1 |1 1 1 1 1 1 1 1 1 1 1 1 1 1 1 1 |1 1 1 1 1 1 1 1 1 1 1 1 1 1 1 1 |1 1 1 1 1 1 1 1 1 1 1 1 1 1 1 1 |1 1 1 1 1 1 1 1 3 3 1 1 1 3 1 1 |1 1 1 1 1 1 1 1 1 1 1 1 1 1 1 1 |1 1 1 1 1 1 1 1 5 2 1 1 1 1 1 1 |1 1 1 1 1 1 1 7 1 1 1 1 1 1 1 1 |1 1 1 1 1 1 1 1 1 1 1 7 1 1 1 1 |1 1 2 1 1 1 2 1 1 1 1 4 2 1 1 7 |1 13 1 1 1 1 1 1 1 1 14 7 1 1 10 3 |
6385: 9 1 1 1 1 1 1 1 1 1 6 7 1 1 1 1 |1 1 1 1 1 1 1 1 1 1 1 1 1 1 6 1 |1 1 1 1 1 1 1 1 1 1 1 1 1 1 1 1 |1 1 1 1 1 1 1 1 1 1 1 1 1 1 1 1 |1 1 1 1 1 1 1 1 1 1 1 1 1 1 1 1 |1 1 1 1 1 1 1 1 3 3 1 1 1 3 1 1 |1 1 1 1 1 1 1 1 1 1 1 1 1 1 1 1 |1 1 1 1 1 1 1 1 5 2 1 1 1 1 1 1 |1 1 1 1 1 1 1 7 1 1 1 1 1 1 1 1 |1 1 1 1 1 1 1 1 1 1 1 7 1 1 1 1 |1 1 2 1 1 1 2 1 1 1 1 4 2 1 1 7 |1 13 1 1 1 1 1 1 1 1 14 7 1 1 10 3 |
6396: 9 1 1 1 1 1 1 1 1 1 6 7 1 1 1 1 |1 1 1 1 1 1 1 1 1 1 1 1 1 1 1 1 |1 1 1 1 1 1 1 1 1 1 1 1 1 1 1 1 |1 1 1 1 1 1 1 1 1 1 1 1 1 1 1 1 |1 1 1 1 1 1 1 1 1 1 1 1 1 1 1 1 |1 1 1 1 1 1 4 4 2 1 1 1 1 1 1 1 |1 1 1 1 1 1 1 1 1 1 1 1 1 1 1 1 |1 1 1 1 11 1 1 1 6 1 1 1 6 1 1 5 |1 1 1 1 1 1 1 8 1 1 1 1 1 1 1 3 |1 1 1 1 1 1 1 1 1 1 1 1 1 10 1 1 |1 1 4 1 1 1 8 1 1 1 1 7 1 2 1 2 |1 13 1 1 1 1 1 1 1 1 14 7 1 1 10 3 |
6406: 9 1 1 1 1 1 1 1 1 1 6 7 1 1 1 1 |1 1 1 1 1 1 1 1 1 1 1 1 1 1 1 1 |1 1 1 1 1 1 1 1 1 1 1 1 1 1 1 1 |1 1 1 1 1 1 1 1 1 1 1 1 1 1 1 1 |1 1 1 1 1 1 1 1 1 1 1 1 1 1 1 1 |1 1 1 1 1 1 4 4 2 1 1 1 1 1 1 1 |1 1 1 1 1 1 1 1 1 1 1 1 1 1 1 1 |1 1 1 1 11 1 1 1 6 1 1 1 6 1 1 5 |1 1 1 1 1 1 1 8 1 1 1 1 1 1 1 3 |1 1 1 1 1 1 1 1 1 1 1 1 1 10 1 1 |1 1 4 1 1 1 8 1 1 1 1 7 1 2 1 2 |1 1 1 7 1 1 2 1 1 1 15 1 3 1 5 1 |
6417: 1 1 1 1 1 1 1 1 1 1 9 5 1 1 1 1 |1 1 1 1 1 1 1 1 1 1 1 1 1 1 1 1 |1 1 1 1 1 1 1 1 1 1 1 1 1 1 1 1 |1 1 1 1 1 1 1 1 1 1 1 1 1 1 1 1 |1 1 1 1 1 1 1 1 1 1 1 1 1 1 1 1 |1 1 1 1 1 1 4 4 2 1 1 1 1 1 1 1 |1 1 1 1 1 1 1 1 1 1 1 1 1 1 1 1 |1 1 1 1 11 1 1 1 6 1 1 1 6 1 1 5 |1 1 1 1 1 1 1 8 1 1 1 1 1 1 1 3 |1 1 1 1 1 1 1 1 1 1 1 1 1 10 1 1 |1 1 4 1 1 1 8 1 1 1 1 7 1 2 1 2 |1 1 1 7 1 1 2 1 1 1 15 1 3 1 5 1 |
6428: 1 1 1 1 1 1 1 1 1 1 9 5 1 1 1 1 |1 1 1 1 1 1 1 1 1 1 1 1 1 1 1 1 |1 1 1 1 1 1 1 1 1 1 1 1 1 1 1 1 |1 1 5 1 1 1 1 1 1 1 1 1 1 1 1 1 |1 1 1 1 1 1 1 1 1 1 1 1 1 9 5 1 |1 1 1 1 8 1 3 4 1 2 1 1 1 1 1 1 |1 1 1 1 1 1 1 5 1 1 1 1 1 1 1 1 |1 1 1 1 7 7 1 1 1 1 1 1 1 1 1 1 |1 1 1 1 1 1 1 1 1 1 5 1 1 1 1 1 |1 1 1 1 1 1 1 1 1 1 1 1 1 10 1 1 |1 1 4 1 1 1 8 1 1 1 1 7 1 2 1 2 |1 1 1 7 1 1 2 1 1 1 15 1 3 1 5 1 |
6439: 1 1 1 1 1 1 1 1 1 1 9 5 1 1 1 1 |1 1 1 1 1 1 1 1 1 1 1 1 1 1 1 1 |1 1 1 1 1 1 1 1 1 1 1 1 1 1 1 1 |1 1 5 1 1 1 1 1 1 1 1 1 1 1 1 1 |1 1 1 1 1 1 1 1 1 1 1 1 1 9 5 1 |1 1 1 1 8 1 3 4 1 2 1 1 1 1 1 1 |1 1 1 1 1 1 1 5 1 1 1 1 1 1 1 1 |1 1 1 1 7 7 1 1 1 1 1 1 1 1 1 1 |1 1 1 1 1 1 1 1 1 1 5 1 1 1 1 1 |1 1 1 1 1 1 1 1 1 1 1 9 1 1 1 1 |4 1 1 1 1 1 6 1 1 1 1 4 1 1 1 9 |1 6 1 1 1 1 1 1 1 1 15 1 8 1 1 1 |
6449: 1 1 1 1 1 1 1 1 1 1 9 5 1 1 1 1 |1 1 1 1 1 1 1 1 1 1 1 1 1 1 1 1 |1 1 1 1 1 1 1 1 1 1 1 1 1 1 1 1 |1 1 5 1 1 1 1 1 1 1 1 1 1 1 1 1 |1 1 1 1 1 1 1 1 1 1 1 1 1 9 5 1 |1 1 1 1 8 1 3 4 1 2 1 1 1 1 1 1 |1 1 1 1 1 1 1 5 1 1 1 1 1 1 1 1 |1 1 1 1 7 7 1 1 1 1 1 1 1 1 1 1 |1 1 1 1 1 1 1 1 1 1 5 1 1 1 1 1 |1 1 1 1 1 1 1 1 1 1 1 9 1 1 1 1 |4 1 1 1 1 1 6 1 1 1 1 4 1 1 1 9 |1 6 1 1 1 1 1 1 1 1 15 1 8 1 1 1 |
6461: 2 1 1 1 1 1 1 1 1 1 6 1 1 1 1 1 |1 1 5 6 1 1 1 1 1 1 1 1 1 1 3 1 |1 1 1 1 1 1 1 1 1 1 1 1 1 1 1 1 |1 1 1 1 1 1 1 1 1 1 1 1 1 1 1 1 |1 1 1 1 1 1 1 1 1 1 1 1 1 1 1 1 |1 2 1 1 1 1 3 4 2 2 1 1 1 1 1 1 |1 1 1 1 1 1 1 1 1 1 1 1 1 1 1 1 |1 1 1 1 7 7 1 1 1 1 1 1 1 1 1 1 |1 1 1 1 1 1 1 1 1 1 5 1 1 1 1 1 |1 1 1 1 1 1 1 1 1 1 1 9 1 1 1 1 |4 1 1 1 1 1 6 1 1 1 1 4 1 1 1 9 |1 6 1 1 1 1 1 1 1 1 15 1 8 1 1 1 |
6472: 2 1 1 1 1 1 1 1 1 1 6 1 1 1 1 1 |1 1 5 6 1 1 1 1 1 1 1 1 1 1 3 1 |1 1 1 1 1 1 1 1 1 1 1 1 1 1 1 1 |1 1 1 1 1 1 1 1 1 1 1 1 1 1 1 1 |1 1 1 1 1 1 1 1 1 1 1 1 1 1 1 1 |1 2 1 1 1 1 3 4 2 2 1 1 1 1 1 1 |1 1 1 1 1 1 1 1 1 1 1 1 1 1 1 1 |1 1 1 3 5 5 1 1 5 1 1 1 1 1 1 1 |1 1 1 1 1 1 2 8 1 1 1 1 1 1 1 1 |1 1 1 1 3 1 1 1 1 1 1 11 2 1 1 1 |1 1 1 1 1 1 8 1 1 1 1 1 1 1 2 1 |1 12 1 1 3 1 1 1 1 1 14 8 7 1 3 9 |
6483: 2 1 1 1 1 1 1 1 1 1 6 1 1 1 1 1 |1 1 5 6 1 1 1 1 1 1 1 1 1 1 3 1 |1 1 1 1 1 1 1 1 1 1 1 1 1 1 1 1 |1 1 1 1 1 1 1 1 1 1 1 1 1 1 1 1 |1 1 1 1 1 1 1 1 1 1 1 1 1 1 1 1 |1 2 1 1 1 1 3 4 2 2 1 1 1 1 1 1 |1 1 1 1 1 1 1 1 1 1 1 1 1 1 1 1 |1 1 1 3 5 5 1 1 5 1 1 1 1 1 1 1 |1 1 1 1 1 1 2 8 1 1 1 1 1 1 1 1 |1 1 1 1 3 1 1 1 1 1 1 11 2 1 1 1 |1 1 1 1 1 1 8 1 1 1 1 1 1 1 2 1 |1 12 1 1 3 1 1 1 1 1 14 8 7 1 3 9 |
6493: 6 1 1 1 1 1 1 1 1 1 1 4 1 1 1 1 |1 1 3 1 1 1 1 1 1 1 1 1 1 1 2 1 |1 1 1 1 1 1 1 1 1 1 1 1 1 1 1 1 |1 1 1 1 1 1 1 1 1 1 1 1 1 1 1 1 |1 1 1 1 1 1 1 1 1 1 1 1 1 1 1 1 |1 1 1 1 1 1 1 4 1 1 1 1 1 2 1 1 |1 1 1 1 1 1 1 1 1 1 1 1 1 4 1 1 |1 1 1 1 1 1 1 1 5 1 1 1 1 1 1 5 |1 1 1 1 1 1 2 8 1 1 1 1 1 1 1 1 |1 1 1 1 3 1 1 1 1 1 1 11 2 1 1 1 |1 1 1 1 1 1 8 1 1 1 1 1 1 1 2 1 |1 12 1 1 3 1 1 1 1 1 14 8 7 1 3 9 |
6505: 6 1 1 1 1 1 1 1 1 1 1 4 1 1 1 1 |1 1 3 1 1 1 1 1 1 1 1 1 1 1 2 1 |1 1 1 1 1 1 1 1 1 1 1 1 1 1 1 1 |1 1 1 1 1 1 1 1 1 1 1 1 1 1 1 1 |1 1 1 1 1 1 1 1 1 1 1 1 1 1 1 1 |1 1 1 1 1 1 1 4 1 1 1 1 1 2 1 1 |1 1 1 1 1 1 1 1 1 1 1 1 1 4 1 1 |1 1 1 1 1 1 1 1 5 1 1 1 1 1 1 5 |1 1 1 1 1 1 1 3 1 1 6 1 1 1 1 1 |1 1 1 1 1 1 1 1 1 1 1 10 3 1 1 1 |1 1 1 1 1 1 6 1 1 1 1 7 3 1 1 3 |1 13 1 1 1 1 2 2 1 2 9 1 1 1 1 1 |
6515: 6 1 1 1 1 1 1 1 1 1 1 4 1 1 1 1 |1 1 3 1 1 1 1 1 1 1 1 1 1 1 2 1 |1 1 1 1 1 1 1 1 1 1 1 1 1 1 1 1 |1 1 1 1 1 1 1 1 1 1 1 1 1 1 1 1 |1 1 1 1 1 1 1 1 1 1 1 1 1 1 1 1 |1 1 1 1 1 1 1 4 1 1 1 1 1 2 1 1 |1 1 1 1 1 1 1 1 1 1 1 1 1 4 1 1 |1 1 1 1 1 1 1 1 5 1 1 1 1 1 1 5 |1 1 1 1 1 1 1 3 1 1 6 1 1 1 1 1 |1 1 1 1 1 1 1 1 1 1 1 10 3 1 1 1 |1 1 1 1 1 1 6 1 1 1 1 7 3 1 1 3 |1 13 1 1 1 1 2 2 1 2 9 1 1 1 1 1 |
6526: 1 1 1 1 1 1 1 1 1 1 1 6 1 1 1 1 |1 1 1 1 1 1 1 1 1 1 1 1 1 1 1 1 |1 1 1 1 1 1 1 1 1 1 1 1 1 1 1 1 |1 1 6 1 1 1 1 1 1 1 1 1 1 1 1 1 |1 1 1 1 1 1 1 1 1 1 1 1 1 3 1 1 |1 1 1 1 6 1 4 3 1 3 1 1 1 5 1 1 |1 1 1 1 1 1 1 1 1 1 1 1 1 1 1 1 |1 1 1 3 5 6 1 1 1 1 1 1 1 1 1 1 |1 1 1 1 1 1 1 3 1 1 6 1 1 1 1 1 |1 1 1 1 1 1 1 1 1 1 1 10 3 1 1 1 |1 1 1 1 1 1 6 1 1 1 1 7 3 1 1 3 |1 13 1 1 1 1 2 2 1 2 9 1 1 1 1 1 |
6537: 1 1 1 1 1 1 1 1 1 1 1 6 1 1 1 1 |1 1 1 1 1 1 1 1 1 1 1 1 1 1 1 1 |1 1 1 1 1 1 1 1 1 1 1 1 1 1 1 1 |1 1 6 1 1 1 1 1 1 1 1 1 1 1 1 1 |1 1 1 1 1 1 1 1 1 1 1 1 1 3 1 1 |1 1 1 1 6 1 4 3 1 3 1 1 1 5 1 1 |1 1 1 1 1 1 1 1 1 1 1 1 1 1 1 1 |1 1 1 3 5 6 1 1 1 1 1 1 1 1 1 1 |1 1 2 1 1 1 1 5 1 1 1 1 1 1 1 1 |1 1 1 2 1 1 1 1 1 1 1 9 1 1 1 1 |1 1 1 1 1 1 7 1 1 1 1 8 1 1 1 8 |1 7 1 1 1 1 1 1 1 1 10 3 10 1 2 1 |
6547: 1 1 1 1 1 1 1 1 1 1 1 6 1 1 1 1 |1 1 1 1 1 1 1 1 1 1 1 1 1 1 1 1 |1 1 1 1 1 1 1 1 1 1 1 1 1 1 1 1 |1 1 6 1 1 1 1 1 1 1 1 1 1 1 1 1 |1 1 1 1 1 1 1 1 1 1 1 1 1 3 1 1 |1 1 1 1 6 1 4 3 1 3 1 1 1 5 1 1 |1 1 1 1 1 1 1 1 1 1 1 1 1 1 1 1 |1 1 1 3 5 6 1 1 1 1 1 1 1 1 1 1 |1 1 2 1 1 1 1 5 1 1 1 1 1 1 1 1 |1 1 1 2 1 1 1 1 1 1 1 9 1 1 1 1 |1 1 1 1 1 1 7 1 1 1 1 8 1 1 1 8 |1 7 1 1 1 1 1 1 1 1 10 3 10 1 2 1 |
6558: 3 1 1 1 1 1 1 1 1 1 6 6 1 1 1 1 |1 1 7 1 1 1 1 1 1 1 1 1 1 1 5 1 |1 1 1 1 1 1 1 1 1 1 1 1 1 1 1 1 |1 1 1 1 1 1 1 1 1 1 1 1 1 1 1 1 |1 1 1 1 1 1 1 1 1 1 1 1 1 1 1 1 |1 1 1 1 1 1 2 4 1 1 1 1 1 2 1 1 |1 1 1 1 1 1 1 1 1 1 1 1 1 1 1 1 |1 1 1 3 5 6 1 1 1 1 1 1 1 1 1 1 |1 1 2 1 1 1 1 5 1 1 1 1 1 1 1 1 |1 1 1 2 1 1 1 1 1 1 1 9 1 1 1 1 |1 1 1 1 1 1 7 1 1 1 1 8 1 1 1 8 |1 7 1 1 1 1 1 1 1 1 10 3 10 1 2 1 |
6569: 3 1 1 1 1 1 1 1 1 1 6 6 1 1 1 1 |1 1 7 1 1 1 1 1 1 1 1 1 1 1 5 1 |1 1 1 1 1 1 1 1 1 1 1 1 1 1 1 1 |1 1 1 1 1 1 1 1 1 1 1 1 1 1 1 1 |1 1 1 1 1 1 1 1 1 1 1 1 1 1 1 1 |1 1 1 1 1 1 2 4 1 1 1 1 1 2 1 1 |1 1 1 1 1 1 1 1 1 1 1 1 1 1 1 1 |1 1 1 1 8 1 1 1 3 1 1 1 1 1 1 4 |1 1 1 1 1 1 1 9 1 1 6 1 1 1 1 1 |1 1 1 1 1 1 1 2 1 1 1 8 1 1 1 1 |4 1 1 1 1 1 9 1 1 1 1 4 1 1 2 1 |1 1 1 1 4 1 1 3 1 1 7 7 2 1 3 2 |
6580: 3 1 1 1 1 1 1 1 1 1 6 6 1 1 1 1 |1 1 7 1 1 1 1 1 1 1 1 1 1 1 5 1 |1 1 1 1 1 1 1 1 1 1 1 1 1 1 1 1 |1 1 1 1 1 1 1 1 1 1 1 1 1 1 1 1 |1 1 1 1 1 1 1 1 1 1 1 1 1 1 1 1 |1 1 1 1 1 1 2 4 1 1 1 1 1 2 1 1 |1 1 1 1 1 1 1 1 1 1 1 1 1 1 1 1 |1 1 1 1 8 1 1 1 3 1 1 1 1 1 1 4 |1 1 1 1 1 1 1 9 1 1 6 1 1 1 1 1 |1 1 1 1 1 1 1 2 1 1 1 8 1 1 1 1 |4 1 1 1 1 1 9 1 1 1 1 4 1 1 2 1 |1 1 1 1 4 1 1 3 1 1 7 7 2 1 3 2 |
6592: 1 1 1 1 1 1 1 1 1 1 1 6 1 1 1 1 |1 1 6 4 10 1 1 1 1 1 1 1 1 1 5 1 |1 1 1 1 1 1 1 1 1 1 1 1 1 1 1 1 |1 1 1 1 1 1 1 1 1 1 1 1 1 1 1 1 |1 1 1 1 1 1 1 1 1 1 1 1 1 5 1 1 |1 4 1 1 1 1 2 1 1 2 1 1 1 3 1 1 |1 1 1 1 1 1 1 1 1 1 1 1 1 1 1 1 |1 1 1 1 8 1 1 1 3 1 1 1 1 1 1 4 |1 1 1 1 1 1 1 9 1 1 6 1 1 1 1 1 |1 1 1 1 1 1 1 2 1 1 1 8 1 1 1 1 |4 1 1 1 1 1 9 1 1 1 1 4 1 1 2 1 |1 1 1 1 4 1 1 3 1 1 7 7 2 1 3 2 |
6603: 1 1 1 1 1 1 1 1 1 1 1 6 1 1 1 1 |1 1 6 4 10 1 1 1 1 1 1 1 1 1 5 1 |1 1 1 1 1 1 1 1 1 1 1 1 1 1 1 1 |1 1 1 1 1 1 1 1 1 1 1 1 1 1 1 1 |1 1 1 1 1 1 1 1 1 1 1 1 1 5 1 1 |1 4 1 1 1 1 2 1 1 2 1 1 1 3 1 1 |1 1 1 1 1 1 1 1 1 1 1 1 1 1 1 1 |1 1 1 2 4 1 1 1 4 1 1 1 1 1 1 1 |1 1 1 1 1 1 1 5 1 1 1 1 1 1 1 1 |1 1 1 1 1 1 1 1 1 1 1 1 1 1 1 1 |3 1 1 1 1 1 10 1 1 1 1 6 1 1 1 1 |1 8 1 9 1 1 1 1 1 1 12 3 2 1 1 1 |
6613: 1 1 1 1 1 1 1 1 1 1 1 6 1 1 1 1 |1 1 6 4 10 1 1 1 1 1 1 1 1 1 5 1 |1 1 1 1 1 1 1 1 1 1 1 1 1 1 1 1 |1 1 1 1 1 1 1 1 1 1 1 1 1 1 1 1 |1 1 1 1 1 1 1 1 1 1 1 1 1 5 1 1 |1 4 1 1 1 1 2 1 1 2 1 1 1 3 1 1 |1 1 1 1 1 1 1 1 1 1 1 1 1 1 1 1 |1 1 1 2 4 1 1 1 4 1 1 1 1 1 1 1 |1 1 1 1 1 1 1 5 1 1 1 1 1 1 1 1 |1 1 1 1 1 1 1 1 1 1 1 1 1 1 1 1 |3 1 1 1 1 1 10 1 1 1 1 6 1 1 1 1 |1 8 1 9 1 1 1 1 1 1 12 3 2 1 1 1 |
6624: 2 1 1 1 2 1 1 1 1 1 5 2 1 1 1 1 |1 1 6 3 1 1 1 1 1 1 1 1 1 1 1 1 |1 1 1 1 1 1 1 1 1 1 1 1 1 1 1 1 |1 1 1 1 1 1 1 1 1 1 1 1 1 1 1 1 |1 1 1 1 1 1 1 1 1 1 1 1 1 1 5 1 |1 4 1 1 1 1 2 1 1 2 1 1 1 3 1 1 |1 1 1 1 1 1 1 1 1 1 1 1 1 1 1 1 |1 1 1 2 4 1 1 1 4 1 1 1 1 1 1 1 |1 1 1 1 1 1 1 5 1 1 1 1 1 1 1 1 |1 1 1 1 1 1 1 1 1 1 1 1 1 1 1 1 |3 1 1 1 1 1 10 1 1 1 1 6 1 1 1 1 |1 8 1 9 1 1 1 1 1 1 12 3 2 1 1 1 |
6635: 2 1 1 1 2 1 1 1 1 1 5 2 1 1 1 1 |1 1 6 3 1 1 1 1 1 1 1 1 1 1 1 1 |1 1 1 1 1 1 1 1 1 1 1 1 1 1 1 1 |1 1 1 1 1 1 1 1 1 1 1 1 1 1 1 1 |1 1 1 1 1 1 1 1 1 1 1 1 1 1 5 1 |1 1 1 1 1 1 2 4 1 1 1 1 1 3 1 1 |1 1 1 1 1 1 1 1 1 1 1 1 1 1 1 1 |1 1 1 1 5 1 1 1 1 1 1 1 1 1 1 1 |1 1 1 14 1 1 1 7 1 1 6 1 4 1 1 1 |1 1 1 10 1 1 1 1 1 1 1 1 1 5 1 1 |1 1 8 1 1 1 5 1 1 1 1 8 3 1 1 8 |1 11 1 1 4 1 1 1 1 1 7 4 1 1 8 2 |
6645: 2 1 1 1 2 1 1 1 1 1 5 2 1 1 1 1 |1 1 6 3 1 1 1 1 1 1 1 1 1 1 1 1 |1 1 1 1 1 1 1 1 1 1 1 1 1 1 1 1 |1 1 1 1 1 1 1 1 1 1 1 1 1 1 1 1 |1 1 1 1 1 1 1 1 1 1 1 1 1 1 5 1 |1 1 1 1 1 1 2 4 1 1 1 1 1 3 1 1 |1 1 1 1 1 1 1 1 1 1 1 1 1 1 1 1 |1 1 1 1 5 1 1 1 1 1 1 1 1 1 1 1 |1 1 1 14 1 1 1 7 1 1 6 1 4 1 1 1 |1 1 1 10 1 1 1 1 1 1 1 1 1 5 1 1 |1 1 8 1 1 1 5 1 1 1 1 8 3 1 1 8 |1 11 1 1 4 1 1 1 1 1 7 4 1 1 8 2 |
6656: 2 1 1 1 2 1 1 1 1 1 5 2 1 1 1 1 |1 1 6 3 1 1 1 1 1 1 1 1 1 1 1 1 |1 1 1 1 1 1 1 1 1 1 1 1 1 1 1 1 |1 1 1 1 1 1 1 1 1 1 1 1 1 1 1 1 |1 1 1 1 1 1 1 1 1 1 1 1 1 1 5 1 |1 1 1 1 1 1 2 4 1 1 1 1 1 3 1 1 |1 1 1 1 1 1 1 1 1 1 1 1 1 1 1 1 |1 1 1 1 5 1 1 1 1 1 1 1 1 1 1 1 |1 1 1 14 1 1 1 7 1 1 6 1 4 1 1 1 |1 1 1 10 1 1 1 1 1 1 1 1 1 5 1 1 |1 1 8 1 1 1 5 1 1 1 1 8 3 1 1 8 |1 11 1 1 4 1 1 1 1 1 7 4 1 1 8 2 |
6678: 3 1 1 6 1 1 1 1 1 1 1 1 1 1 1 1 |1 1 6 3 1 1 1 1 1 1 1 1 1 1 1 1 |1 1 1 1 1 1 1 1 1 1 1 1 1 1 1 1 |1 1 1 1 1 1 1 1 1 1 1 1 1 1 1 1 |1 1 1 1 1 1 1 1 1 1 1 1 1 1 5 1 |1 1 1 1 1 1 2 4 1 1 1 1 1 3 1 1 |1 1 1 1 1 1 1 1 1 1 1 1 1 1 1 1 |1 1 1 1 5 1 1 1 1 1 1 1 1 1 1 1 |1 1 1 14 1 1 1 7 1 1 6 1 4 1 1 1 |1 1 1 10 1 1 1 1 1 1 1 1 1 5 1 1 |1 1 8 1 1 1 5 1 1 1 1 8 3 1 1 8 |1 11 1 1 4 1 1 1 1 1 7 4 1 1 8 2 |
6690: 3 1 1 6 1 1 1 1 1 1 1 1 1 1 1 1 |1 1 1 1 1 1 1 1 1 1 1 1 1 1 3 1 |1 1 1 1 1 1 1 1 1 1 1 1 1 1 1 1 |1 1 4 1 1 1 1 1 1 1 1 1 1 1 1 1 |1 1 1 1 1 1 1 1 1 1 1 1 1 8 4 1 |1 1 1 1 1 1 2 1 2 2 2 1 1 1 1 1 |1 1 1 1 1 1 1 8 1 1 4 1 1 1 1 3 |1 1 1 12 1 1 1 1 1 1 1 1 1 1 1 4 |1 1 2 1 1 1 1 8 1 1 1 1 7 1 1 1 |1 1 1 1 1 1 1 1 1 1 1 9 6 1 1 1 |3 1 1 1 1 1 8 1 1 1 1 7 2 1 1 8 |1 11 1 1 4 1 1 1 1 1 7 4 1 1 8 2 |
6701: 3 1 1 6 1 1 1 1 1 1 1 1 1 1 1 1 |1 1 1 1 1 1 1 1 1 1 1 1 1 1 3 1 |1 1 1 1 1 1 1 1 1 1 1 1 1 1 1 1 |1 1 4 1 1 1 1 1 1 1 1 1 1 1 1 1 |1 1 1 1 1 1 1 1 1 1 1 1 1 8 4 1 |1 1 1 1 1 1 2 1 2 2 2 1 1 1 1 1 |1 1 1 1 1 1 1 8 1 1 4 1 1 1 1 3 |1 1 1 12 1 1 1 1 1 1 1 1 1 1 1 4 |1 1 2 1 1 1 1 8 1 1 1 1 7 1 1 1 |1 1 1 1 1 1 1 1 1 1 1 9 6 1 1 1 |3 1 1 1 1 1 8 1 1 1 1 7 2 1 1 8 |1 12 1 6 2 1 2 1 1 2 10 8 1 1 4 1 |
6712: 3 1 1 1 1 1 1 1 1 1 1 1 1 1 1 1 |1 1 4 4 1 1 1 1 1 1 1 1 1 1 1 1 |1 1 1 1 1 1 1 1 1 1 1 1 1 1 1 1 |1 1 4 1 1 1 1 1 1 1 1 1 1 1 1 1 |1 1 1 1 1 1 1 1 1 1 1 1 1 8 4 1 |1 1 1 1 1 1 2 1 2 2 2 1 1 1 1 1 |1 1 1 1 1 1 1 8 1 1 4 1 1 1 1 3 |1 1 1 12 1 1 1 1 1 1 1 1 1 1 1 4 |1 1 2 1 1 1 1 8 1 1 1 1 7 1 1 1 |1 1 1 1 1 1 1 1 1 1 1 9 6 1 1 1 |3 1 1 1 1 1 8 1 1 1 1 7 2 1 1 8 |1 12 1 6 2 1 2 1 1 2 10 8 1 1 4 1 |
6723: 3 1 1 1 1 1 1 1 1 1 1 1 1 1 1 1 |1 1 4 4 1 1 1 1 1 1 1 1 1 1 1 1 |1 1 1 1 1 1 1 1 1 1 1 1 1 1 1 1 |1 1 1 1 1 1 1 1 1 1 1 1 1 1 1 1 |1 1 1 1 1 1 1 1 1 1 1 1 1 1 1 1 |1 1 1 1 1 1 1 2 1 4 1 1 1 2 1 1 |1 1 1 1 1 1 1 1 1 1 1 1 1 1 1 1 |1 1 1 1 4 1 1 1 1 1 1 1 1 1 1 1 |1 1 2 1 1 1 1 8 1 1 1 1 7 1 1 1 |1 1 1 1 1 1 1 1 1 1 1 9 6 1 1 1 |3 1 1 1 1 1 8 1 1 1 1 7 2 1 1 8 |1 12 1 6 2 1 2 1 1 2 10 8 1 1 4 1 |
6734: 3 1 1 1 1 1 1 1 1 1 1 1 1 1 1 1 |1 1 4 4 1 1 1 1 1 1 1 1 1 1 1 1 |1 1 1 1 1 1 1 1 1 1 1 1 1 1 1 1 |1 1 1 1 1 1 1 1 1 1 1 1 1 1 1 1 |1 1 1 1 1 1 1 1 1 1 1 1 1 1 1 1 |1 1 1 1 1 1 1 2 1 4 1 1 1 2 1 1 |1 1 1 1 1 1 1 1 1 1 1 1 1 1 1 1 |1 1 1 1 4 1 1 1 1 1 1 1 1 1 1 1 |1 1 1 2 1 1 1 6 1 1 1 1 1 1 1 1 |1 1 1 2 4 1 1 1 1 1 1 7 1 1 1 1 |3 1 2 1 1 1 8 1 1 1 1 6 1 1 1 1 |1 7 1 6 1 1 7 1 1 1 1 9 1 1 1 1 |
6744: 3 1 1 1 1 1 1 1 1 1 1 1 1 1 1 1 |1 1 4 4 1 1 1 1 1 1 1 1 1 1 1 1 |1 1 1 1 1 1 1 1 1 1 1 1 1 1 1 1 |1 1 1 1 1 1 1 1 1 1 1 1 1 1 1 1 |1 1 1 1 1 1 1 1 1 1 1 1 1 1 1 1 |1 1 1 1 1 1 1 2 1 4 1 1 1 2 1 1 |1 1 1 1 1 1 1 1 1 1 1 1 1 1 1 1 |1 1 1 1 4 1 1 1 1 1 1 1 1 1 1 1 |1 1 1 2 1 1 1 6 1 1 1 1 1 1 1 1 |1 1 1 2 4 1 1 1 1 1 1 7 1 1 1 1 |3 1 2 1 1 1 8 1 1 1 1 6 1 1 1 1 |1 7 1 6 1 1 7 1 1 1 1 9 1 1 1 1 |
6755: 1 1 1 1 1 1 1 1 1 1 1 5 1 1 1 1 |1 1 1 1 1 1 1 1 1 1 1 1 1 1 1 1 |1 1 1 1 1 1 1 1 1 1 1 1 1 1 1 1 |1 1 1 1 1 1 1 1 1 1 1 1 1 1 1 1 |1 1 1 1 1 1 1 1 1 1 1 1 1 1 1 1 |1 1 1 1 1 1 3 3 1 3 1 1 1 2 1 1 |1 1 1 1 1 1 1 1 1 1 1 1 1 1 1 1 |1 1 1 1 4 1 1 1 1 1 1 1 1 1 1 1 |1 1 1 2 1 1 1 6 1 1 1 1 1 1 1 1 |1 1 1 2 4 1 1 1 1 1 1 7 1 1 1 1 |3 1 2 1 1 1 8 1 1 1 1 6 1 1 1 1 |1 7 1 6 1 1 7 1 1 1 1 9 1 1 1 1 |
6766: 1 1 1 1 1 1 1 1 1 1 1 5 1 1 1 1 |1 1 1 1 1 1 1 1 1 1 1 1 1 1 1 1 |1 1 1 1 1 1 1 1 1 1 1 1 1 1 1 1 |1 1 1 1 1 1 1 1 1 1 1 1 1 1 1 1 |1 1 1 1 1 1 1 1 1 1 1 1 1 1 1 1 |1 1 1 1 1 1 3 3 1 3 1 1 1 2 1 1 |1 1 1 1 1 1 1 8 1 1 1 1 1 1 1 1 |1 1 1 4 1 1 1 1 1 1 1 1 1 1 1 1 |1 1 1 1 1 1 1 2 1 1 1 1 4 1 1 1 |1 1 1 2 1 1 1 1 1 1 1 10 1 1 1 1 |2 1 4 1 1 1 6 1 1 1 1 8 1 1 1 8 |1 2 1 1 1 1 1 1 1 1 11 4 1 1 9 1 |
6776: 1 1 1 1 1 1 1 1 1 1 1 5 1 1 1 1 |1 1 1 1 1 1 1 1 1 1 1 1 1 1 1 1 |1 1 1 1 1 1 1 1 1 1 1 1 1 1 1 1 |1 1 1 1 1 1 1 1 1 1 1 1 1 1 1 1 |1 1 1 1 1 1 1 1 1 1 1 1 1 1 1 1 |1 1 1 1 1 1 3 3 1 3 1 1 1 2 1 1 |1 1 1 1 1 1 1 8 1 1 1 1 1 1 1 1 |1 1 1 4 1 1 1 1 1 1 1 1 1 1 1 1 |1 1 1 1 1 1 1 2 1 1 1 1 4 1 1 1 |1 1 1 2 1 1 1 1 1 1 1 10 1 1 1 1 |2 1 4 1 1 1 6 1 1 1 1 8 1 1 1 8 |1 2 1 1 1 1 1 1 1 1 11 4 1 1 9 1 |
6787: 4 1 1 9 1 1 1 1 1 1 6 1 1 1 1 1 |1 1 4 2 1 1 1 1 1 1 1 1 1 1 1 1 |1 1 1 1 1 1 1 1 1 1 1 1 1 1 1 1 |1 1 1 1 1 1 1 1 1 1 1 1 1 1 1 1 |1 1 1 1 1 1 1 1 1 1 1 1 1 1 1 1 |1 1 1 1 1 1 2 1 1 2 1 1 1 3 1 1 |1 1 1 1 1 1 1 8 1 1 1 1 1 1 1 1 |1 1 1 4 1 1 1 1 1 1 1 1 1 1 1 1 |1 1 1 1 1 1 1 2 1 1 1 1 4 1 1 1 |1 1 1 2 1 1 1 1 1 1 1 10 1 1 1 1 |2 1 4 1 1 1 6 1 1 1 1 8 1 1 1 8 |1 2 1 1 1 1 1 1 1 1 11 4 1 1 9 1 |
6798: 4 1 1 9 1 1 1 1 1 1 6 1 1 1 1 1 |1 1 4 2 1 1 1 1 1 1 1 1 1 1 1 1 |1 1 1 1 1 1 1 1 1 1 1 1 1 1 1 1 |1 1 1 1 1 1 1 1 1 1 1 1 1 1 1 1 |1 1 1 1 1 1 1 1 1 1 1 1 1 1 1 1 |1 1 1 1 1 1 2 1 1 2 1 1 1 3 1 1 |1 1 1 1 1 1 1 1 1 1 1 1 1 1 1 1 |1 1 1 1 7 6 1 1 1 1 1 1 1 1 1 1 |1 1 1 1 1 1 1 6 1 1 1 1 1 1 2 1 |1 1 1 2 1 1 1 1 1 1 1 4 1 1 1 1 |4 1 1 1 1 1 11 1 1 1 1 1 1 1 1 1 |1 1 1 1 1 1 1 1 1 1 4 8 5 1 9 1 |
6809: 4 1 1 9 1 1 1 1 1 1 6 1 1 1 1 1 |1 1 4 2 1 1 1 1 1 1 1 1 1 1 1 1 |1 1 1 1 1 1 1 1 1 1 1 1 1 1 1 1 |1 1 1 1 1 1 1 1 1 1 1 1 1 1 1 1 |1 1 1 1 1 1 1 1 1 1 1 1 1 1 1 1 |1 1 1 1 1 1 2 1 1 2 1 1 1 3 1 1 |1 1 1 1 1 1 1 1 1 1 1 1 1 1 1 1 |1 1 1 1 7 6 1 1 1 1 1 1 1 1 1 1 |1 1 1 1 1 1 1 6 1 1 1 1 1 1 2 1 |1 1 1 2 1 1 1 1 1 1 1 4 1 1 1 1 |4 1 1 1 1 1 11 1 1 1 1 1 1 1 1 1 |1 1 1 1 1 1 1 1 1 1 4 8 5 1 9 1 |
6819: 5 1 1 1 1 1 1 1 1 1 5 5 1 1 1 1 |1 1 1 1 6 1 1 1 1 1 1 1 1 1 1 1 |1 1 1 1 1 1 1 1 1 1 1 1 1 1 1 1 |1 1 1 1 1 1 1 1 1 1 1 1 1 1 1 1 |1 1 1 1 1 1 1 1 1 1 1 1 1 4 1 1 |1 1 1 1 1 1 1 3 1 2 1 1 1 4 1 1 |1 1 1 1 1 1 1 1 1 1 1 1 1 1 1 1 |1 1 1 1 7 6 1 1 1 1 1 1 1 1 1 1 |1 1 1 1 1 1 1 6 1 1 1 1 1 1 2 1 |1 1 1 2 1 1 1 1 1 1 1 4 1 1 1 1 |4 1 1 1 1 1 11 1 1 1 1 1 1 1 1 1 |1 1 1 1 1 1 1 1 1 1 4 8 5 1 9 1 |
6830: 5 1 1 1 1 1 1 1 1 1 5 5 1 1 1 1 |1 1 1 1 6 1 1 1 1 1 1 1 1 1 1 1 |1 1 1 1 1 1 1 1 1 1 1 1 1 1 1 1 |1 1 1 1 1 1 1 1 1 1 1 1 1 1 1 1 |1 1 1 1 1 1 1 1 1 1 1 1 1 4 1 1 |1 1 1 1 1 1 1 3 1 2 1 1 1 4 1 1 |1 1 1 1 1 1 1 1 1 1 1 1 1 1 1 1 |1 1 1 12 4 2 1 1 1 1 1 1 1 1 1 1 |1 1 2 1 1 1 1 9 1 1 1 1 1 1 1 4 |1 1 1 1 1 1 1 1 1 1 1 7 1 1 1 1 |4 1 1 1 1 1 7 1 1 1 1 7 1 1 1 1 |1 4 1 8 1 1 1 1 1 1 14 6 1 1 3 2 |
6841: 5 1 1 1 1 1 1 1 1 1 5 5 1 1 1 1 |1 1 1 1 6 1 1 1 1 1 1 1 1 1 1 1 |1 1 1 1 1 1 1 1 1 1 1 1 1 1 1 1 |1 1 1 1 1 1 1 1 1 1 1 1 1 1 1 1 |1 1 1 1 1 1 1 1 1 1 1 1 1 4 1 1 |1 1 1 1 1 1 1 3 1 2 1 1 1 4 1 1 |1 1 1 1 1 1 1 1 1 1 1 1 1 1 1 1 |1 1 1 12 4 2 1 1 1 1 1 1 1 1 1 1 |1 1 2 1 1 1 1 9 1 1 1 1 1 1 1 4 |1 1 1 1 1 1 1 1 1 1 1 7 1 1 1 1 |4 1 1 1 1 1 7 1 1 1 1 7 1 1 1 1 |1 4 1 8 1 1 1 1 1 1 14 6 1 1 3 2 |
6852: 1 1 1 1 1 1 1 1 1 1 6 3 1 1 1 1 |1 1 4 5 1 1 1 1 1 1 1 1 1 1 5 1 |1 1 1 1 1 1 1 1 1 1 1 1 1 1 1 1 |1 1 1 1 1 1 1 1 1 1 1 1 1 1 1 1 |1 1 1 1 1 1 1 1 1 1 1 1 1 4 1 1 |1 1 1 1 1 1 1 3 1 2 1 1 1 4 1 1 |1 1 1 1 1 1 1 1 1 1 1 1 1 1 1 1 |1 1 1 12 4 2 1 1 1 1 1 1 1 1 1 1 |1 1 2 1 1 1 1 9 1 1 1 1 1 1 1 4 |1 1 1 1 1 1 1 1 1 1 1 7 1 1 1 1 |4 1 1 1 1 1 7 1 1 1 1 7 1 1 1 1 |1 4 1 8 1 1 1 1 1 1 14 6 1 1 3 2 |
6863: 1 1 1 1 1 1 1 1 1 1 6 3 1 1 1 1 |1 1 4 5 1 1 1 1 1 1 1 1 1 1 5 1 |1 1 1 1 1 1 1 1 1 1 1 1 1 1 1 1 |1 1 1 1 1 1 1 1 1 1 1 1 1 1 1 1 |1 1 1 1 1 1 1 1 1 1 1 1 1 1 5 1 |1 1 1 1 1 1 3 2 1 3 1 1 1 3 1 1 |1 1 1 1 1 1 1 1 1 1 1 1 1 3 1 1 |1 1 1 1 10 3 1 1 5 1 1 1 1 1 1 1 |1 1 2 1 1 1 1 8 1 1 4 1 1 1 1 1 |1 1 1 1 1 1 1 1 1 1 1 1 1 1 1 1 |4 1 1 1 1 1 7 1 1 1 1 7 1 1 1 1 |1 4 1 8 1 1 1 1 1 1 14 6 1 1 3 2 |
6873: 1 1 1 1 1 1 1 1 1 1 6 3 1 1 1 1 |1 1 4 5 1 1 1 1 1 1 1 1 1 1 5 1 |1 1 1 1 1 1 1 1 1 1 1 1 1 1 1 1 |1 1 1 1 1 1 1 1 1 1 1 1 1 1 1 1 |1 1 1 1 1 1 1 1 1 1 1 1 1 1 5 1 |1 1 1 1 1 1 3 2 1 3 1 1 1 3 1 1 |1 1 1 1 1 1 1 1 1 1 1 1 1 3 1 1 |1 1 1 1 10 3 1 1 5 1 1 1 1 1 1 1 |1 1 2 1 1 1 1 8 1 1 4 1 1 1 1 1 |1 1 1 1 1 1 1 1 1 1 1 1 1 1 1 1 |2 1 3 1 1 1 6 1 1 1 1 5 1 1 1 1 |1 15 1 1 1 1 1 1 1 1 11 7 4 1 5 1 |
6884: 2 1 1 6 1 1 1 1 1 1 4 1 1 1 1 1 |1 1 1 1 1 1 1 1 1 1 1 1 1 1 1 1 |1 1 1 1 1 1 1 1 1 1 1 1 1 1 1 1 |1 1 1 1 1 1 1 1 1 1 1 1 1 1 1 1 |1 1 1 1 1 1 1 1 1 1 1 1 1 1 5 1 |1 1 1 1 1 1 3 2 1 3 1 1 1 3 1 1 |1 1 1 1 1 1 1 1 1 1 1 1 1 3 1 1 |1 1 1 1 10 3 1 1 5 1 1 1 1 1 1 1 |1 1 2 1 1 1 1 8 1 1 4 1 1 1 1 1 |1 1 1 1 1 1 1 1 1 1 1 1 1 1 1 1 |2 1 3 1 1 1 6 1 1 1 1 5 1 1 1 1 |1 15 1 1 1 1 1 1 1 1 11 7 4 1 5 1 |
6895: 2 1 1 6 1 1 1 1 1 1 4 1 1 1 1 1 |1 1 1 1 1 1 1 1 1 1 1 1 1 1 1 1 |1 1 1 1 1 1 1 1 1 1 1 1 1 1 1 1 |1 1 4 1 1 1 1 1 1 1 1 1 1 1 1 1 |1 1 1 1 1 1 1 1 1 1 1 1 1 3 1 1 |1 1 1 1 4 1 2 3 1 2 1 1 1 3 1 1 |1 1 1 1 1 1 1 1 1 1 1 1 1 1 1 1 |1 1 1 1 4 2 1 1 5 5 1 1 1 1 1 4 |1 1 3 1 9 1 1 4 1 1 1 1 1 1 1 1 |1 1 1 9 2 1 1 1 1 1 1 1 1 1 1 1 |2 1 1 1 1 1 1 1 1 1 1 8 3 1 1 7 |1 15 1 1 1 1 1 1 1 1 11 7 4 1 5 1 |
6905: 2 1 1 6 1 1 1 1 1 1 4 1 1 1 1 1 |1 1 1 1 1 1 1 1 1 1 1 1 1 1 1 1 |1 1 1 1 1 1 1 1 1 1 1 1 1 1 1 1 |1 1 4 1 1 1 1 1 1 1 1 1 1 1 1 1 |1 1 1 1 1 1 1 1 1 1 1 1 1 3 1 1 |1 1 1 1 4 1 2 3 1 2 1 1 1 3 1 1 |1 1 1 1 1 1 1 1 1 1 1 1 1 1 1 1 |1 1 1 1 4 2 1 1 5 5 1 1 1 1 1 4 |1 1 3 1 9 1 1 4 1 1 1 1 1 1 1 1 |1 1 1 9 2 1 1 1 1 1 1 1 1 1 1 1 |2 1 1 1 1 1 1 1 1 1 1 8 3 1 1 7 |1 12 1 1 1 1 1 1 1 1 11 1 10 1 9 1 |
6916: 5 1 1 1 1 1 1 1 1 1 1 1 1 1 1 1 |1 1 1 1 1 1 1 1 1 1 1 1 1 1 1 1 |1 1 1 1 1 1 1 1 1 1 1 1 1 1 1 1 |1 1 4 1 1 1 1 1 1 1 1 1 1 1 1 1 |1 1 1 1 1 1 1 1 1 1 1 1 1 3 1 1 |1 1 1 1 4 1 2 3 1 2 1 1 1 3 1 1 |1 1 1 1 1 1 1 1 1 1 1 1 1 1 1 1 |1 1 1 1 4 2 1 1 5 5 1 1 1 1 1 4 |1 1 3 1 9 1 1 4 1 1 1 1 1 1 1 1 |1 1 1 9 2 1 1 1 1 1 1 1 1 1 1 1 |2 1 1 1 1 1 1 1 1 1 1 8 3 1 1 7 |1 12 1 1 1 1 1 1 1 1 11 1 10 1 9 1 |
6927: 5 1 1 1 1 1 1 1 1 1 1 1 1 1 1 1 |1 1 3 6 4 1 1 1 1 1 1 1 1 1 1 1 |1 1 1 1 1 1 1 1 1 1 1 1 1 1 1 1 |1 1 1 1 1 1 1 1 1 1 1 1 1 1 1 1 |1 1 1 1 1 1 1 1 1 1 1 1 1 1 1 1 |1 1 1 1 1 1 1 4 3 1 1 1 1 1 1 1 |1 1 1 1 2 1 1 1 1 1 1 1 1 1 1 1 |1 1 1 1 4 1 1 1 1 1 1 1 1 1 1 1 |1 1 1 1 1 1 4 9 1 1 1 1 1 1 1 1 |1 1 1 9 2 1 1 1 1 1 1 1 1 1 1 1 |2 1 1 1 1 1 1 1 1 1 1 8 3 1 1 7 |1 12 1 1 1 1 1 1 1 1 11 1 10 1 9 1 |
6937: 5 1 1 1 1 1 1 1 1 1 1 1 1 1 1 1 |1 1 3 6 4 1 1 1 1 1 1 1 1 1 1 1 |1 1 1 1 1 1 1 1 1 1 1 1 1 1 1 1 |1 1 1 1 1 1 1 1 1 1 1 1 1 1 1 1 |1 1 1 1 1 1 1 1 1 1 1 1 1 1 1 1 |1 1 1 1 1 1 1 4 3 1 1 1 1 1 1 1 |1 1 1 1 2 1 1 1 1 1 1 1 1 1 1 1 |1 1 1 1 4 1 1 1 1 1 1 1 1 1 1 1 |1 1 1 1 1 1 4 9 1 1 1 1 1 1 1 1 |1 1 1 1 1 1 1 1 1 1 1 8 3 1 1 1 |1 1 1 1 1 1 8 1 1 1 1 1 1 3 1 1 |1 7 1 2 1 1 1 1 1 1 8 7 1 1 11 2 |
6948: 6 1 1 1 1 1 1 1 1 1 1 5 1 1 1 1 |1 1 3 6 4 1 1 1 1 1 1 1 1 1 1 1 |1 1 1 1 1 1 1 1 1 1 1 1 1 1 1 1 |1 1 1 1 1 1 1 1 1 1 1 1 1 1 1 1 |1 1 1 1 1 1 1 1 1 1 1 1 1 1 1 1 |1 1 1 1 1 1 1 4 3 1 1 1 1 1 1 1 |1 1 1 1 2 1 1 1 1 1 1 1 1 1 1 1 |1 1 1 1 4 1 1 1 1 1 1 1 1 1 1 1 |1 1 1 1 1 1 4 9 1 1 1 1 1 1 1 1 |1 1 1 1 1 1 1 1 1 1 1 8 3 1 1 1 |1 1 1 1 1 1 8 1 1 1 1 1 1 3 1 1 |1 7 1 2 1 1 1 1 1 1 8 7 1 1 11 2 |
6959: 6 1 1 1 1 1 1 1 1 1 1 5 1 1 1 1 |1 1 4 3 1 1 1 1 1 1 1 1 1 1 5 1 |1 1 1 1 1 1 1 1 1 1 1 1 1 1 1 1 |1 1 1 1 1 1 1 1 1 1 1 1 1 1 1 1 |1 1 1 1 1 1 1 1 1 1 1 1 1 2 1 1 |1 1 1 1 1 1 3 3 1 3 1 1 1 1 1 1 |1 1 1 1 1 1 1 1 1 1 3 1 1 1 1 1 |1 1 1 1 4 1 1 1 1 1 1 1 1 1 1 1 |1 1 1 1 1 1 4 9 1 1 1 1 1 1 1 1 |1 1 1 1 1 1 1 1 1 1 1 8 3 1 1 1 |1 1 1 1 1 1 8 1 1 1 1 1 1 3 1 1 |1 7 1 2 1 1 1 1 1 1 8 7 1 1 11 2 |
6969: 6 1 1 1 1 1 1 1 1 1 1 5 1 1 1 1 |1 1 4 3 1 1 1 1 1 1 1 1 1 1 5 1 |1 1 1 1 1 1 1 1 1 1 1 1 1 1 1 1 |1 1 1 1 1 1 1 1 1 1 1 1 1 1 1 1 |1 1 1 1 1 1 1 1 1 1 1 1 1 2 1 1 |1 1 1 1 1 1 3 3 1 3 1 1 1 1 1 1 |1 1 1 1 1 1 1 1 1 1 3 1 1 1 1 1 |1 1 1 3 4 1 1 1 4 1 1 1 1 1 1 1 |1 1 1 1 1 1 1 1 1 1 6 1 5 1 1 1 |1 1 1 9 1 1 1 1 1 1 1 8 4 1 1 1 |4 1 1 1 1 1 6 1 1 1 1 6 1 1 1 7 |1 15 1 2 1 1 2 1 1 1 11 2 1 1 1 1 |
6981: 6 1 1 1 1 1 1 1 1 1 1 5 1 1 1 1 |1 1 4 3 1 1 1 1 1 1 1 1 1 1 5 1 |1 1 1 1 1 1 1 1 1 1 1 1 1 1 1 1 |1 1 1 1 1 1 1 1 1 1 1 1 1 1 1 1 |1 1 1 1 1 1 1 1 1 1 1 1 1 2 1 1 |1 1 1 1 1 1 3 3 1 3 1 1 1 1 1 1 |1 1 1 1 1 1 1 1 1 1 3 1 1 1 1 1 |1 1 1 3 4 1 1 1 4 1 1 1 1 1 1 1 |1 1 1 1 1 1 1 1 1 1 6 1 5 1 1 1 |1 1 1 9 1 1 1 1 1 1 1 8 4 1 1 1 |4 1 1 1 1 1 6 1 1 1 1 6 1 1 1 7 |1 15 1 2 1 1 2 1 1 1 11 2 1 1 1 1 |
6992: 2 1 1 5 4 1 1 1 1 1 8 5 1 1 1 1 |1 1 4 1 1 1 1 1 1 1 1 1 1 1 5 1 |1 1 1 1 1 1 1 1 1 1 1 1 1 1 1 1 |1 1 9 1 1 1 1 1 1 1 1 1 1 1 1 1 |1 1 1 1 1 1 1 1 1 1 1 1 1 1 6 1 |1 1 1 1 1 1 5 1 1 2 1 1 1 1 1 1 |1 1 1 1 1 1 1 1 1 1 1 1 1 1 1 1 |1 1 1 3 7 1 1 1 1 1 1 1 1 1 1 1 |1 1 1 1 1 1 1 1 1 1 6 1 5 1 1 1 |1 1 1 9 1 1 1 1 1 1 1 8 4 1 1 1 |4 1 1 1 1 1 6 1 1 1 1 6 1 1 1 7 |1 15 1 2 1 1 2 1 1 1 11 2 1 1 1 1 |
7003: 2 1 1 5 4 1 1 1 1 1 8 5 1 1 1 1 |1 1 4 1 1 1 1 1 1 1 1 1 1 1 5 1 |1 1 1 1 1 1 1 1 1 1 1 1 1 1 1 1 |1 1 9 1 1 1 1 1 1 1 1 1 1 1 1 1 |1 1 1 1 1 1 1 1 1 1 1 1 1 1 6 1 |1 1 1 1 1 1 5 1 1 2 1 1 1 1 1 1 |1 1 1 1 1 1 1 1 1 1 1 1 1 1 1 1 |1 1 1 3 7 1 1 1 1 1 1 1 1 1 1 1 |1 1 2 1 1 1 1 7 1 1 1 1 1 1 1 1 |1 1 1 10 1 1 1 1 1 1 1 9 1 1 1 1 |4 1 1 1 1 1 1 1 1 1 1 5 1 1 1 10 |1 5 1 1 2 1 2 1 1 1 14 1 8 1 12 1 |
7014: 2 1 1 5 4 1 1 1 1 1 8 5 1 1 1 1 |1 1 4 1 1 1 1 1 1 1 1 1 1 1 5 1 |1 1 1 1 1 1 1 1 1 1 1 1 1 1 1 1 |1 1 9 1 1 1 1 1 1 1 1 1 1 1 1 1 |1 1 1 1 1 1 1 1 1 1 1 1 1 1 6 1 |1 1 1 1 1 1 5 1 1 2 1 1 1 1 1 1 |1 1 1 1 1 1 1 1 1 1 1 1 1 1 1 1 |1 1 1 3 7 1 1 1 1 1 1 1 1 1 1 1 |1 1 2 1 1 1 1 7 1 1 1 1 1 1 1 1 |1 1 1 10 1 1 1 1 1 1 1 9 1 1 1 1 |4 1 1 1 1 1 1 1 1 1 1 5 1 1 1 10 |1 5 1 1 2 1 2 1 1 1 14 1 8 1 12 1 |
7024: 1 1 1 1 1 1 1 1 1 1 1 1 1 1 1 1 |1 1 9 3 5 1 1 1 1 1 1 1 1 1 4 1 |1 1 1 1 1 1 1 1 1 1 1 1 1 1 1 1 |1 1 1 1 1 1 1 1 1 1 1 1 1 1 1 1 |1 1 1 1 1 1 1 1 1 1 1 1 1 3 1 1 |1 1 1 1 1 1 1 6 1 1 1 1 1 3 1 1 |1 1 1 1 1 1 1 1 1 1 1 1 1 1 1 1 |1 1 1 3 7 1 1 1 1 1 1 1 1 1 1 1 |1 1 2 1 1 1 1 7 1 1 1 1 1 1 1 1 |1 1 1 10 1 1 1 1 1 1 1 9 1 1 1 1 |4 1 1 1 1 1 1 1 1 1 1 5 1 1 1 10 |1 5 1 1 2 1 2 1 1 1 14 1 8 1 12 1 |
7035: 1 1 1 1 1 1 1 1 1 1 1 1 1 1 1 1 |1 1 9 3 5 1 1 1 1 1 1 1 1 1 4 1 |1 1 1 1 1 1 1 1 1 1 1 1 1 1 1 1 |1 1 1 1 1 1 1 1 1 1 1 1 1 1 1 1 |1 1 1 1 1 1 1 1 1 1 1 1 1 3 1 1 |1 1 1 1 1 1 1 6 1 1 1 1 1 3 1 1 |1 1 1 1 1 1 1 3 1 1 1 1 1 1 1 1 |1 1 1 1 6 2 1 1 1 1 1 1 1 1 1 3 |1 1 3 1 1 1 1 1 1 1 1 1 1 1 1 1 |1 1 3 1 1 1 1 1 1 1 1 1 1 1 1 1 |1 1 8 1 1 1 6 1 1 1 1 1 1 1 1 1 |1 5 1 1 1 1 1 1 1 1 4 1 1 2 10 1 |
7046: 1 1 1 1 1 1 1 1 1 1 1 1 1 1 1 1 |1 1 9 3 5 1 1 1 1 1 1 1 1 1 4 1 |1 1 1 1 1 1 1 1 1 1 1 1 1 1 1 1 |1 1 1 1 1 1 1 1 1 1 1 1 1 1 1 1 |1 1 1 1 1 1 1 1 1 1 1 1 1 3 1 1 |1 1 1 1 1 1 1 6 1 1 1 1 1 3 1 1 |1 1 1 1 1 1 1 3 1 1 1 1 1 1 1 1 |1 1 1 1 6 2 1 1 1 1 1 1 1 1 1 3 |1 1 3 1 1 1 1 1 1 1 1 1 1 1 1 1 |1 1 3 1 1 1 1 1 1 1 1 1 1 1 1 1 |1 1 8 1 1 1 6 1 1 1 1 1 1 1 1 1 |1 5 1 1 1 1 1 1 1 1 4 1 1 2 10 1 |
7056: 1 1 1 1 1 1 1 1 1 1 1 8 1 1 1 1 |1 1 1 6 2 1 1 1 1 1 1 1 1 1 1 1 |1 1 1 1 1 1 1 1 1 1 1 1 1 1 1 1 |1 1 1 1 1 1 1 1 1 1 1 1 1 1 1 1 |1 1 1 1 1 1 1 1 1 1 1 1 1 3 1 1 |1 1 1 1 1 1 1 6 1 1 1 1 1 3 1 1 |1 1 1 1 1 1 1 3 1 1 1 1 1 1 1 1 |1 1 1 1 6 2 1 1 1 1 1 1 1 1 1 3 |1 1 3 1 1 1 1 1 1 1 1 1 1 1 1 1 |1 1 3 1 1 1 1 1 1 1 1 1 1 1 1 1 |1 1 8 1 1 1 6 1 1 1 1 1 1 1 1 1 |1 5 1 1 1 1 1 1 1 1 4 1 1 2 10 1 |
7067: 1 1 1 1 1 1 1 1 1 1 1 8 1 1 1 1 |1 1 1 6 2 1 1 1 1 1 1 1 1 1 1 1 |1 1 1 1 1 1 1 1 1 1 1 1 1 1 1 1 |1 1 1 1 1 1 1 1 1 1 1 1 1 1 1 1 |1 1 1 1 1 1 1 1 1 1 1 1 1 3 1 1 |1 1 1 1 1 1 3 1 1 3 1 1 1 1 1 1 |1 1 1 1 1 2 1 1 1 1 1 1 1 1 1 2 |1 1 1 1 6 1 1 1 3 1 1 1 1 1 1 1 |1 1 1 1 1 1 1 1 1 1 1 1 1 1 1 1 |1 1 1 1 1 1 1 2 1 1 1 6 1 1 1 1 |4 1 1 7 1 1 9 1 1 1 1 6 1 1 1 8 |1 12 1 1 1 1 1 1 1 1 1 8 6 1 1 1 |
7078: 1 1 1 1 1 1 1 1 1 1 1 8 1 1 1 1 |1 1 1 6 2 1 1 1 1 1 1 1 1 1 1 1 |1 1 1 1 1 1 1 1 1 1 1 1 1 1 1 1 |1 1 1 1 1 1 1 1 1 1 1 1 1 1 1 1 |1 1 1 1 1 1 1 1 1 1 1 1 1 3 1 1 |1 1 1 1 1 1 3 1 1 3 1 1 1 1 1 1 |1 1 1 1 1 2 1 1 1 1 1 1 1 1 1 2 |1 1 1 1 6 1 1 1 3 1 1 1 1 1 1 1 |1 1 1 1 1 1 1 1 1 1 1 1 1 1 1 1 |1 1 1 1 1 1 1 2 1 1 1 6 1 1 1 1 |4 1 1 7 1 1 9 1 1 1 1 6 1 1 1 8 |1 12 1 1 1 1 1 1 1 1 1 8 6 1 1 1 |
7088: 2 1 1 1 1 1 1 1 1 1 5 2 1 1 1 1 |1 1 2 4 4 1 1 1 1 1 1 1 1 1 1 1 |1 1 1 1 1 1 1 1 1 1 1 1 1 1 1 1 |1 1 1 1 1 1 1 1 1 1 1 1 1 1 1 1 |1 1 1 1 1 1 1 1 1 1 1 1 1 3 1 1 |1 1 1 1 1 1 3 1 1 3 1 1 1 1 1 1 |1 1 1 1 1 2 1 1 1 1 1 1 1 1 1 2 |1 1 1 1 6 1 1 1 3 1 1 1 1 1 1 1 |1 1 1 1 1 1 1 1 1 1 1 1 1 1 1 1 |1 1 1 1 1 1 1 2 1 1 1 6 1 1 1 1 |4 1 1 7 1 1 9 1 1 1 1 6 1 1 1 8 |1 12 1 1 1 1 1 1 1 1 1 8 6 1 1 1 |
7099: 2 1 1 1 1 1 1 1 1 1 5 2 1 1 1 1 |1 1 2 4 4 1 1 1 1 1 1 1 1 1 1 1 |1 1 1 1 1 1 1 1 1 1 1 1 1 1 1 1 |1 1 1 1 1 1 1 1 1 1 1 1 1 1 1 1 |1 1 1 1 1 1 1 1 1 1 1 1 1 6 1 1 |1 1 1 1 1 1 3 2 2 3 1 1 1 3 1 1 |1 1 1 1 1 1 1 1 1 1 1 1 1 1 1 1 |1 1 1 3 3 1 1 1 5 1 1 1 1 1 1 1 |1 1 1 4 1 1 1 7 1 1 1 1 1 1 1 1 |1 1 1 1 1 1 1 1 1 1 1 1 1 1 1 1 |2 1 1 1 1 1 8 1 1 1 1 1 1 1 1 1 |1 5 1 1 1 1 1 1 1 1 1 1 8 1 6 1 |
7110: 2 1 1 1 1 1 1 1 1 1 5 2 1 1 1 1 |1 1 2 4 4 1 1 1 1 1 1 1 1 1 1 1 |1 1 1 1 1 1 1 1 1 1 1 1 1 1 1 1 |1 1 1 1 1 1 1 1 1 1 1 1 1 1 1 1 |1 1 1 1 1 1 1 1 1 1 1 1 1 6 1 1 |1 1 1 1 1 1 3 2 2 3 1 1 1 3 1 1 |1 1 1 1 1 1 1 1 1 1 1 1 1 1 1 1 |1 1 1 3 3 1 1 1 5 1 1 1 1 1 1 1 |1 1 1 4 1 1 1 7 1 1 1 1 1 1 1 1 |1 1 1 1 1 1 1 1 1 1 1 1 1 1 1 1 |2 1 1 1 1 1 8 1 1 1 1 1 1 1 1 1 |1 5 1 1 1 1 1 1 1 1 1 1 8 1 6 1 |
7121: 1 1 1 1 1 1 1 1 1 1 6 4 1 1 1 1 |1 1 6 1 1 1 1 1 1 1 1 1 1 1 5 1 |1 1 1 1 1 1 1 1 1 1 1 1 1 1 1 1 |1 1 1 1 1 1 1 1 1 1 1 1 1 1 1 1 |1 1 1 1 1 1 1 1 1 1 1 1 1 3 1 1 |1 1 1 1 1 1 3 2 2 3 1 1 1 3 1 1 |1 1 1 1 1 1 1 1 1 1 1 1 1 1 1 1 |1 1 1 3 3 1 1 1 5 1 1 1 1 1 1 1 |1 1 1 4 1 1 1 7 1 1 1 1 1 1 1 1 |1 1 1 1 1 1 1 1 1 1 1 1 1 1 1 1 |2 1 1 1 1 1 8 1 1 1 1 1 1 1 1 1 |1 5 1 1 1 1 1 1 1 1 1 1 8 1 6 1 |
7133: 1 1 1 1 1 1 1 1 1 1 6 4 1 1 1 1 |1 1 6 1 1 1 1 1 1 1 1 1 1 1 5 1 |1 1 1 1 1 1 1 1 1 1 1 1 1 1 1 1 |1 1 1 1 1 1 1 1 1 1 1 1 1 1 1 1 |1 1 1 1 1 1 1 1 1 1 1 1 1 3 1 1 |1 1 1 1 1 1 3 4 1 1 1 1 1 1 1 1 |1 1 1 1 1 1 1 1 1 1 1 1 1 1 1 1 |1 1 1 1 4 1 1 1 4 4 1 1 1 1 1 1 |1 1 1 1 1 1 1 6 1 1 1 1 1 1 1 1 |1 1 1 1 1 1 1 1 1 1 1 10 1 1 1 1 |4 1 8 1 1 1 8 1 1 1 1 1 1 1 1 1 |1 11 1 1 3 1 3 1 1 1 1 1 8 1 9 1 |
7144: 1 1 1 1 1 1 1 1 1 1 6 4 1 1 1 1 |1 1 6 1 1 1 1 1 1 1 1 1 1 1 5 1 |1 1 1 1 1 1 1 1 1 1 1 1 1 1 1 1 |1 1 1 1 1 1 1 1 1 1 1 1 1 1 1 1 |1 1 1 1 1 1 1 1 1 1 1 1 1 3 1 1 |1 1 1 1 1 1 3 4 1 1 1 1 1 1 1 1 |1 1 1 1 1 1 1 1 1 1 1 1 1 1 1 1 |1 1 1 1 4 1 1 1 4 4 1 1 1 1 1 1 |1 1 1 1 1 1 1 6 1 1 1 1 1 1 1 1 |1 1 1 1 1 1 1 1 1 1 1 10 1 1 1 1 |4 1 8 1 1 1 8 1 1 1 1 1 1 1 1 1 |1 11 1 1 3 1 3 1 1 1 1 1 8 1 9 1 |
7155: 2 1 1 1 2 1 1 1 1 1 1 6 1 1 1 1 |1 1 1 1 1 1 1 1 1 1 1 1 1 1 6 1 |1 1 1 1 1 1 1 1 1 1 1 1 1 1 1 1 |1 1 1 1 1 1 1 1 1 1 1 1 1 1 1 1 |1 1 1 1 1 1 1 1 1 1 1 1 1 1 1 1 |1 1 1 1 1 1 3 1 1 3 1 1 1 3 1 1 |1 1 1 1 1 1 1 1 1 1 1 1 1 1 1 1 |1 1 1 1 4 1 1 1 4 4 1 1 1 1 1 1 |1 1 1 1 1 1 1 6 1 1 1 1 1 1 1 1 |1 1 1 1 1 1 1 1 1 1 1 10 1 1 1 1 |4 1 8 1 1 1 8 1 1 1 1 1 1 1 1 1 |1 11 1 1 3 1 3 1 1 1 1 1 8 1 9 1 |
7165: 2 1 1 1 2 1 1 1 1 1 1 6 1 1 1 1 |1 1 1 1 1 1 1 1 1 1 1 1 1 1 6 1 |1 1 1 1 1 1 1 1 1 1 1 1 1 1 1 1 |1 1 1 1 1 1 1 1 1 1 1 1 1 1 1 1 |1 1 1 1 1 1 1 1 1 1 1 1 1 1 1 1 |1 1 1 1 1 1 3 1 1 3 1 1 1 3 1 1 |1 1 1 1 1 1 1 1 1 1 1 1 1 1 1 1 |1 1 1 1 1 7 1 1 3 1 1 1 1 1 1 1 |1 1 2 1 1 1 1 6 1 1 1 1 1 1 2 1 |1 1 1 1 1 4 1 1 1 1 1 7 4 1 1 1 |3 1 1 1 1 1 1 1 1 1 1 1 1 1 1 7 |1 13 1 1 1 1 1 1 1 1 3 10 1 2 4 1 |
7177: 2 1 1 1 2 1 1 1 1 1 1 6 1 1 1 1 |1 1 1 1 1 1 1 1 1 1 1 1 1 1 6 1 |1 1 1 1 1 1 1 1 1 1 1 1 1 1 1 1 |1 1 1 1 1 1 1 1 1 1 1 1 1 1 1 1 |1 1 1 1 1 1 1 1 1 1 1 1 1 1 1 1 |1 1 1 1 1 1 3 1 1 3 1 1 1 3 1 1 |1 1 1 1 1 1 1 1 1 1 1 1 1 1 1 1 |1 1 1 1 1 7 1 1 3 1 1 1 1 1 1 1 |1 1 2 1 1 1 1 6 1 1 1 1 1 1 2 1 |1 1 1 1 1 4 1 1 1 1 1 7 4 1 1 1 |3 1 1 1 1 1 1 1 1 1 1 1 1 1 1 7 |1 13 1 1 1 1 1 1 1 1 3 10 1 2 4 1 |
7188: 4 1 1 1 1 1 1 1 1 1 6 4 1 1 1 1 |1 1 4 3 1 1 1 1 1 1 1 1 1 1 1 1 |1 1 1 1 1 1 1 1 1 1 1 1 1 1 1 1 |1 1 1 1 1 1 1 1 1 1 1 1 1 1 1 1 |1 1 1 1 1 1 1 1 1 1 1 1 1 3 1 1 |1 1 1 7 1 1 3 1 1 1 1 1 1 1 1 1 |1 1 1 1 1 1 1 1 1 1 1 1 1 1 1 1 |1 1 1 1 7 5 1 1 4 1 1 1 1 1 1 1 |1 1 2 1 1 1 1 6 1 1 1 1 1 1 2 1 |1 1 1 1 1 4 1 1 1 1 1 7 4 1 1 1 |3 1 1 1 1 1 1 1 1 1 1 1 1 1 1 7 |1 13 1 1 1 1 1 1 1 1 3 10 1 2 4 1 |
7199: 4 1 1 1 1 1 1 1 1 1 6 4 1 1 1 1 |1 1 4 3 1 1 1 1 1 1 1 1 1 1 1 1 |1 1 1 1 1 1 1 1 1 1 1 1 1 1 1 1 |1 1 1 1 1 1 1 1 1 1 1 1 1 1 1 1 |1 1 1 1 1 1 1 1 1 1 1 1 1 3 1 1 |1 1 1 7 1 1 3 1 1 1 1 1 1 1 1 1 |1 1 1 1 1 1 1 1 1 1 1 1 1 1 1 1 |1 1 1 1 7 5 1 1 4 1 1 1 1 1 1 1 |1 1 1 1 1 1 1 9 1 1 7 1 1 1 1 1 |1 1 1 1 1 1 1 1 1 1 1 8 1 1 1 1 |4 1 1 1 1 1 7 1 1 1 1 1 1 1 1 3 |1 1 3 1 1 1 3 1 1 1 11 1 1 1 4 1 |
7209: 4 1 1 1 1 1 1 1 1 1 6 4 1 1 1 1 |1 1 4 3 1 1 1 1 1 1 1 1 1 1 1 1 |1 1 1 1 1 1 1 1 1 1 1 1 1 1 1 1 |1 1 1 1 1 1 1 1 1 1 1 1 1 1 1 1 |1 1 1 1 1 1 1 1 1 1 1 1 1 3 1 1 |1 1 1 7 1 1 3 1 1 1 1 1 1 1 1 1 |1 1 1 1 1 1 1 1 1 1 1 1 1 1 1 1 |1 1 1 1 7 5 1 1 4 1 1 1 1 1 1 1 |1 1 1 1 1 1 1 9 1 1 7 1 1 1 1 1 |1 1 1 1 1 1 1 1 1 1 1 8 1 1 1 1 |4 1 1 1 1 1 7 1 1 1 1 1 1 1 1 3 |1 1 3 1 1 1 3 1 1 1 11 1 1 1 4 1 |
7221: 1 1 1 1 10 1 1 1 1 1 8 7 1 1 1 1 |1 1 1 1 1 1 1 1 1 1 1 1 1 1 2 1 |1 1 1 1 1 1 1 1 1 1 1 1 1 1 1 1 |1 1 1 1 1 1 1 1 1 1 1 1 1 1 1 1 |1 1 1 1 1 1 1 1 1 1 1 1 1 1 5 1 |1 2 1 1 1 1 1 5 1 1 1 1 1 1 1 1 |1 1 1 1 1 1 1 1 1 1 1 1 1 1 1 1 |1 1 1 1 7 5 1 1 4 1 1 1 1 1 1 1 |1 1 1 1 1 1 1 9 1 1 7 1 1 1 1 1 |1 1 1 1 1 1 1 1 1 1 1 8 1 1 1 1 |4 1 1 1 1 1 7 1 1 1 1 1 1 1 1 3 |1 1 3 1 1 1 3 1 1 1 11 1 1 1 4 1 |
7232: 1 1 1 1 10 1 1 1 1 1 8 7 1 1 1 1 |1 1 1 1 1 1 1 1 1 1 1 1 1 1 2 1 |1 1 1 1 1 1 1 1 1 1 1 1 1 1 1 1 |1 1 1 1 1 1 1 1 1 1 1 1 1 1 1 1 |1 1 1 1 1 1 1 1 1 1 1 1 1 1 5 1 |1 2 1 1 1 1 1 5 1 1 1 1 1 1 1 1 |1 1 1 1 1 1 1 1 1 1 1 1 1 1 1 1 |1 1 1 1 4 2 1 1 2 2 1 1 1 1 1 1 |1 1 1 1 2 1 1 9 1 1 1 1 1 1 1 1 |1 1 1 9 1 1 1 1 1 1 1 9 2 1 1 1 |2 1 1 1 1 1 10 1 1 1 1 4 1 1 2 1 |1 13 1 2 1 1 1 1 1 1 13 1 10 1 10 1 |
7243: 1 1 1 1 10 1 1 1 1 1 8 7 1 1 1 1 |1 1 1 1 1 1 1 1 1 1 1 1 1 1 2 1 |1 1 1 1 1 1 1 1 1 1 1 1 1 1 1 1 |1 1 1 1 1 1 1 1 1 1 1 1 1 1 1 1 |1 1 1 1 1 1 1 1 1 1 1 1 1 1 5 1 |1 2 1 1 1 1 1 5 1 1 1 1 1 1 1 1 |1 1 1 1 1 1 1 1 1 1 1 1 1 1 1 1 |1 1 1 1 4 2 1 1 2 2 1 1 1 1 1 1 |1 1 1 1 2 1 1 9 1 1 1 1 1 1 1 1 |1 1 1 9 1 1 1 1 1 1 1 9 2 1 1 1 |2 1 1 1 1 1 10 1 1 1 1 4 1 1 2 1 |1 13 1 2 1 1 1 1 1 1 13 1 10 1 10 1 |
7254: 1 1 1 1 1 1 1 1 1 1 1 5 1 1 1 1 |1 1 1 1 1 1 1 1 1 1 1 1 1 1 6 1 |1 1 1 1 1 1 1 1 1 1 1 1 1 1 1 1 |1 1 1 1 1 1 1 1 1 1 1 1 1 1 1 1 |1 1 1 1 1 1 1 1 1 1 1 1 1 1 5 1 |1 2 1 1 1 1 1 5 1 1 1 1 1 1 1 1 |1 1 1 1 1 1 1 1 1 1 1 1 1 1 1 1 |1 1 1 1 4 2 1 1 2 2 1 1 1 1 1 1 |1 1 1 1 2 1 1 9 1 1 1 1 1 1 1 1 |1 1 1 9 1 1 1 1 1 1 1 9 2 1 1 1 |2 1 1 1 1 1 10 1 1 1 1 4 1 1 2 1 |1 13 1 2 1 1 1 1 1 1 13 1 10 1 10 1 |
7265: 1 1 1 1 1 1 1 1 1 1 1 5 1 1 1 1 |1 1 1 1 1 1 1 1 1 1 1 1 1 1 6 1 |1 1 1 1 1 1 1 1 1 1 1 1 1 1 1 1 |1 1 1 1 1 1 1 1 1 1 1 1 1 1 1 1 |1 1 1 1 1 1 1 1 1 1 1 1 1 1 5 1 |1 1 1 1 1 1 4 3 1 3 1 1 1 3 1 1 |1 1 1 1 1 1 1 1 1 1 1 1 1 1 1 1 |1 1 1 1 1 6 1 1 3 1 1 1 1 1 1 5 |1 1 2 1 1 1 1 1 1 1 6 1 1 1 2 1 |1 1 1 1 1 1 7 2 1 1 1 9 2 1 1 1 |2 1 1 1 1 1 8 1 1 1 1 5 1 1 1 1 |1 6 1 1 12 1 1 1 1 1 9 1 1 1 1 1 |
7276: 1 1 1 1 1 1 1 1 1 1 1 5 1 1 1 1 |1 1 1 1 1 1 1 1 1 1 1 1 1 1 6 1 |1 1 1 1 1 1 1 1 1 1 1 1 1 1 1 1 |1 1 1 1 1 1 1 1 1 1 1 1 1 1 1 1 |1 1 1 1 1 1 1 1 1 1 1 1 1 1 5 1 |1 1 1 1 1 1 4 3 1 3 1 1 1 3 1 1 |1 1 1 1 1 1 1 1 1 1 1 1 1 1 1 1 |1 1 1 1 1 6 1 1 3 1 1 1 1 1 1 5 |1 1 2 1 1 1 1 1 1 1 6 1 1 1 2 1 |1 1 1 1 1 1 7 2 1 1 1 9 2 1 1 1 |2 1 1 1 1 1 8 1 1 1 1 5 1 1 1 1 |1 6 1 1 12 1 1 1 1 1 9 1 1 1 1 1 |
7287: 2 1 1 1 1 1 1 1 1 1 2 1 1 1 1 1 |1 1 5 1 1 1 1 1 1 1 1 1 1 1 5 1 |1 1 1 1 1 1 1 1 1 1 1 1 1 1 1 1 |1 1 1 1 1 1 1 1 1 1 1 1 1 1 1 1 |1 1 1 1 1 1 1 1 1 1 1 1 1 1 1 1 |1 1 1 1 1 1 4 3 1 3 1 1 1 3 1 1 |1 1 1 1 1 1 1 1 1 1 1 1 1 1 1 1 |1 1 1 1 1 6 1 1 3 1 1 1 1 1 1 5 |1 1 2 1 1 1 1 1 1 1 6 1 1 1 2 1 |1 1 1 1 1 1 7 2 1 1 1 9 2 1 1 1 |2 1 1 1 1 1 8 1 1 1 1 5 1 1 1 1 |1 6 1 1 12 1 1 1 1 1 9 1 1 1 1 1 |
7297: 2 1 1 1 1 1 1 1 1 1 2 1 1 1 1 1 |1 1 5 1 1 1 1 1 1 1 1 1 1 1 5 1 |1 1 1 1 1 1 1 1 1 1 1 1 1 1 1 1 |1 1 1 1 1 1 1 1 1 1 1 1 1 1 1 1 |1 1 1 1 1 1 1 1 1 1 1 1 1 1 1 1 |1 1 1 5 1 1 3 1 3 3 1 1 1 3 1 1 |1 1 1 1 1 1 1 1 1 1 1 1 1 1 1 1 |1 1 1 1 1 11 1 1 4 1 1 1 1 1 1 1 |1 1 1 1 1 1 1 6 1 1 1 1 1 1 1 1 |1 1 1 1 1 1 1 1 1 1 1 9 1 1 1 1 |4 1 1 1 1 1 10 1 1 1 1 4 1 1 1 2 |1 1 1 1 1 1 1 1 1 1 10 8 4 1 2 7 |
7308: 2 1 1 1 1 1 1 1 1 1 2 1 1 1 1 1 |1 1 5 1 1 1 1 1 1 1 1 1 1 1 5 1 |1 1 1 1 1 1 1 1 1 1 1 1 1 1 1 1 |1 1 1 1 1 1 1 1 1 1 1 1 1 1 1 1 |1 1 1 1 1 1 1 1 1 1 1 1 1 1 1 1 |1 1 1 5 1 1 3 1 3 3 1 1 1 3 1 1 |1 1 1 1 1 1 1 1 1 1 1 1 1 1 1 1 |1 1 1 1 1 11 1 1 4 1 1 1 1 1 1 1 |1 1 1 1 1 1 1 6 1 1 1 1 1 1 1 1 |1 1 1 1 1 1 1 1 1 1 1 9 1 1 1 1 |4 1 1 1 1 1 10 1 1 1 1 4 1 1 1 2 |1 1 1 1 1 1 1 1 1 1 10 8 4 1 2 7 |
7319: 1 1 1 1 1 1 1 1 1 1 1 6 1 1 1 1 |1 1 5 2 5 1 1 1 1 1 1 1 1 1 2 1 |1 1 1 1 1 1 1 1 1 1 1 1 1 1 1 1 |1 1 1 1 1 1 1 1 1 1 1 1 1 1 1 1 |1 1 1 1 1 1 1 1 1 1 1 1 1 1 1 1 |1 1 1 5 1 1 3 1 3 3 1 1 1 3 1 1 |1 1 1 1 1 1 1 1 1 1 1 1 1 1 1 1 |1 1 1 1 1 11 1 1 4 1 1 1 1 1 1 1 |1 1 1 1 1 1 1 6 1 1 1 1 1 1 1 1 |1 1 1 1 1 1 1 1 1 1 1 9 1 1 1 1 |4 1 1 1 1 1 10 1 1 1 1 4 1 1 1 2 |1 1 1 1 1 1 1 1 1 1 10 8 4 1 2 7 |
7330: 1 1 1 1 1 1 1 1 1 1 1 6 1 1 1 1 |1 1 5 2 5 1 1 1 1 1 1 1 1 1 2 1 |1 1 1 1 1 1 1 1 1 1 1 1 1 1 1 1 |1 1 1 1 1 1 1 1 1 1 1 1 1 1 1 1 |1 1 1 1 1 1 1 1 1 1 1 1 1 1 1 1 |1 1 1 1 1 1 3 3 1 2 1 1 1 4 1 1 |1 1 1 1 1 1 1 1 1 1 1 2 1 1 1 1 |1 1 1 1 6 2 1 1 4 1 1 1 1 1 1 1 |1 1 1 1 1 1 1 7 1 1 1 1 1 1 1 1 |1 1 1 8 1 1 1 1 1 1 1 1 1 1 1 1 |2 1 1 1 1 1 1 1 1 1 1 1 1 1 1 1 |1 1 1 1 1 1 1 1 1 1 10 8 4 1 2 7 |
7341: 1 1 1 1 1 1 1 1 1 1 1 6 1 1 1 1 |1 1 5 2 5 1 1 1 1 1 1 1 1 1 2 1 |1 1 1 1 1 1 1 1 1 1 1 1 1 1 1 1 |1 1 1 1 1 1 1 1 1 1 1 1 1 1 1 1 |1 1 1 1 1 1 1 1 1 1 1 1 1 1 1 1 |1 1 1 1 1 1 3 3 1 2 1 1 1 4 1 1 |1 1 1 1 1 1 1 1 1 1 1 2 1 1 1 1 |1 1 1 1 6 2 1 1 4 1 1 1 1 1 1 1 |1 1 1 1 1 1 1 7 1 1 1 1 1 1 1 1 |1 1 1 8 1 1 1 1 1 1 1 1 1 1 1 1 |2 1 1 1 1 1 1 1 1 1 1 1 1 1 1 1 |1 7 1 1 3 1 1 1 1 1 5 1 1 3 8 2 |
7352: 1 1 1 1 1 1 1 1 1 1 1 6 1 1 1 1 |1 1 5 2 5 1 1 1 1 1 1 1 1 1 2 1 |1 1 1 1 1 1 1 1 1 1 1 1 1 1 1 1 |1 1 1 1 1 1 1 1 1 1 1 1 1 1 1 1 |1 1 1 1 1 1 1 1 1 1 1 1 1 1 1 1 |1 1 1 1 1 1 3 3 1 2 1 1 1 4 1 1 |1 1 1 1 1 1 1 1 1 1 1 2 1 1 1 1 |1 1 1 1 6 2 1 1 4 1 1 1 1 1 1 1 |1 1 1 1 1 1 1 7 1 1 1 1 1 1 1 1 |1 1 1 8 1 1 1 1 1 1 1 1 1 1 1 1 |2 1 1 1 1 1 1 1 1 1 1 1 1 1 1 1 |1 7 1 1 3 1 1 1 1 1 5 1 1 3 8 2 |
7385: 4 1 1 1 1 1 1 1 1 1 6 1 1 1 1 1 |1 1 1 1 1 1 1 1 1 1 1 1 1 1 4 1 |1 1 1 1 1 1 1 1 1 1 1 1 1 1 1 1 |1 1 4 1 1 1 1 1 1 1 1 1 1 1 1 1 |1 1 1 1 1 1 1 1 1 1 1 1 1 4 1 1 |1 1 1 1 1 1 2 1 3 1 2 1 1 1 1 1 |1 1 1 1 1 1 1 1 1 1 1 2 1 1 1 1 |1 1 1 1 6 2 1 1 4 1 1 1 1 1 1 1 |1 1 1 1 1 1 1 7 1 1 1 1 1 1 1 1 |1 1 1 8 1 1 1 1 1 1 1 1 1 1 1 1 |2 1 1 1 1 1 1 1 1 1 1 1 1 1 1 1 |1 7 1 1 3 1 1 1 1 1 5 1 1 3 8 2 |
7396: 4 1 1 1 1 1 1 1 1 1 6 1 1 1 1 1 |1 1 1 1 1 1 1 1 1 1 1 1 1 1 4 1 |1 1 1 1 1 1 1 1 1 1 1 1 1 1 1 1 |1 1 4 1 1 1 1 1 1 1 1 1 1 1 1 1 |1 1 1 1 1 1 1 1 1 1 1 1 1 4 1 1 |1 1 1 1 1 1 2 1 3 1 2 1 1 1 1 1 |1 1 1 1 1 1 1 1 1 1 1 1 1 1 1 1 |1 1 1 3 5 1 1 1 1 1 1 1 1 1 1 4 |1 1 1 1 1 1 1 7 1 1 3 1 2 1 1 1 |1 1 1 9 1 1 1 1 1 1 1 7 2 1 1 1 |3 1 6 1 1 1 4 1 1 1 1 9 3 1 1 1 |1 5 1 8 1 1 1 2 1 1 3 2 9 1 7 4 |
7407: 4 1 1 1 1 1 1 1 1 1 6 1 1 1 1 1 |1 1 1 1 1 1 1 1 1 1 1 1 1 1 4 1 |1 1 1 1 1 1 1 1 1 1 1 1 1 1 1 1 |1 1 4 1 1 1 1 1 1 1 1 1 1 1 1 1 |1 1 1 1 1 1 1 1 1 1 1 1 1 4 1 1 |1 1 1 1 1 1 2 1 3 1 2 1 1 1 1 1 |1 1 1 1 1 1 1 1 1 1 1 1 1 1 1 1 |1 1 1 3 5 1 1 1 1 1 1 1 1 1 1 4 |1 1 1 1 1 1 1 7 1 1 3 1 2 1 1 1 |1 1 1 9 1 1 1 1 1 1 1 7 2 1 1 1 |3 1 6 1 1 1 4 1 1 1 1 9 3 1 1 1 |1 5 1 8 1 1 1 2 1 1 3 2 9 1 7 4 |
7418: 7 1 1 1 1 1 1 1 1 1 1 3 1 1 1 1 |1 1 3 5 1 1 1 1 1 1 1 1 1 1 1 1 |1 1 1 1 1 1 1 1 1 1 1 1 1 1 1 1 |1 1 1 1 1 1 1 1 1 1 1 1 1 1 1 1 |1 1 1 1 1 1 1 1 1 1 1 1 1 4 1 1 |1 1 1 1 1 1 2 1 3 1 2 1 1 1 1 1 |1 1 1 1 1 1 1 1 1 1 1 1 1 1 1 1 |1 1 1 3 5 1 1 1 1 1 1 1 1 1 1 4 |1 1 1 1 1 1 1 7 1 1 3 1 2 1 1 1 |1 1 1 9 1 1 1 1 1 1 1 7 2 1 1 1 |3 1 6 1 1 1 4 1 1 1 1 9 3 1 1 1 |1 5 1 8 1 1 1 2 1 1 3 2 9 1 7 4 |
7429: 7 1 1 1 1 1 1 1 1 1 1 3 1 1 1 1 |1 1 3 5 1 1 1 1 1 1 1 1 1 1 1 1 |1 1 1 1 1 1 1 1 1 1 1 1 1 1 1 1 |1 1 1 1 1 1 1 1 1 1 1 1 1 1 1 1 |1 1 1 1 1 1 1 1 1 1 1 1 1 1 1 1 |1 1 1 1 1 1 5 3 1 4 1 1 1 2 1 1 |1 1 1 1 1 1 1 1 1 1 1 1 1 1 1 1 |1 1 1 1 1 1 1 1 5 1 1 1 1 1 1 1 |1 1 1 1 1 1 1 6 1 1 1 1 1 1 1 1 |1 1 1 9 1 1 8 1 1 1 1 8 1 1 1 1 |5 1 1 1 1 1 6 1 1 1 1 1 1 1 1 1 |1 13 1 1 1 1 1 1 1 1 11 6 1 1 14 5 |
7440: 7 1 1 1 1 1 1 1 1 1 1 3 1 1 1 1 |1 1 3 5 1 1 1 1 1 1 1 1 1 1 1 1 |1 1 1 1 1 1 1 1 1 1 1 1 1 1 1 1 |1 1 1 1 1 1 1 1 1 1 1 1 1 1 1 1 |1 1 1 1 1 1 1 1 1 1 1 1 1 1 1 1 |1 1 1 1 1 1 5 3 1 4 1 1 1 2 1 1 |1 1 1 1 1 1 1 1 1 1 1 1 1 1 1 1 |1 1 1 1 1 1 1 1 5 1 1 1 1 1 1 1 |1 1 1 1 1 1 1 6 1 1 1 1 1 1 1 1 |1 1 1 9 1 1 8 1 1 1 1 8 1 1 1 1 |5 1 1 1 1 1 6 1 1 1 1 1 1 1 1 1 |1 13 1 1 1 1 1 1 1 1 11 6 1 1 14 5 |
7451: 2 1 1 1 1 1 1 1 1 1 4 6 1 1 1 1 |1 1 3 5 3 1 1 1 1 1 1 1 1 1 1 1 |1 1 1 1 1 1 1 1 1 1 1 1 1 1 1 1 |1 1 4 1 1 1 1 1 1 1 1 1 1 1 1 1 |1 1 1 1 1 1 1 1 1 1 1 1 1 1 1 1 |1 1 1 1 5 1 1 2 1 1 1 1 1 3 1 1 |1 1 1 1 1 1 1 1 1 1 1 1 1 1 1 1 |1 1 1 1 1 1 1 1 5 1 1 1 1 1 1 1 |1 1 1 1 1 1 1 6 1 1 1 1 1 1 1 1 |1 1 1 9 1 1 8 1 1 1 1 8 1 1 1 1 |5 1 1 1 1 1 6 1 1 1 1 1 1 1 1 1 |1 13 1 1 1 1 1 1 1 1 11 6 1 1 14 5 |
7462: 2 1 1 1 1 1 1 1 1 1 4 6 1 1 1 1 |1 1 3 5 3 1 1 1 1 1 1 1 1 1 1 1 |1 1 1 1 1 1 1 1 1 1 1 1 1 1 1 1 |1 1 4 1 1 1 1 1 1 1 1 1 1 1 1 1 |1 1 1 1 1 1 1 1 1 1 1 1 1 1 1 1 |1 1 1 1 5 1 1 2 1 1 1 1 1 3 1 1 |1 1 1 1 1 1 1 1 1 1 1 1 1 1 1 1 |1 1 1 2 3 3 1 1 5 1 1 1 1 1 1 5 |1 1 1 1 1 1 1 9 1 1 1 1 1 1 1 1 |1 1 1 1 3 1 1 1 1 1 1 1 1 8 1 3 |2 1 1 1 1 1 1 1 1 1 1 8 1 1 1 1 |1 7 1 4 1 1 1 1 1 1 12 9 4 1 9 2 |
7473: 2 1 1 1 1 1 1 1 1 1 4 6 1 1 1 1 |1 1 3 5 3 1 1 1 1 1 1 1 1 1 1 1 |1 1 1 1 1 1 1 1 1 1 1 1 1 1 1 1 |1 1 4 1 1 1 1 1 1 1 1 1 1 1 1 1 |1 1 1 1 1 1 1 1 1 1 1 1 1 1 1 1 |1 1 1 1 5 1 1 2 1 1 1 1 1 3 1 1 |1 1 1 1 1 1 1 1 1 1 1 1 1 1 1 1 |1 1 1 2 3 3 1 1 5 1 1 1 1 1 1 5 |1 1 1 1 1 1 1 9 1 1 1 1 1 1 1 1 |1 1 1 1 3 1 1 1 1 1 1 1 1 8 1 3 |2 1 1 1 1 1 1 1 1 1 1 8 1 1 1 1 |1 7 1 4 1 1 1 1 1 1 12 9 4 1 9 2 |
7484: 1 1 1 1 1 1 1 1 1 1 1 8 1 1 1 1 |1 1 7 1 6 1 1 1 1 1 1 1 1 1 5 1 |1 1 1 1 1 1 1 1 1 1 1 1 1 1 1 1 |1 1 1 1 1 1 1 1 1 1 1 1 1 1 1 1 |1 1 1 1 1 1 1 1 1 1 1 1 1 1 1 1 |1 1 1 1 5 1 1 2 1 1 1 1 1 3 1 1 |1 1 1 1 1 1 1 1 1 1 1 1 1 1 1 1 |1 1 1 2 3 3 1 1 5 1 1 1 1 1 1 5 |1 1 1 1 1 1 1 9 1 1 1 1 1 1 1 1 |1 1 1 1 3 1 1 1 1 1 1 1 1 8 1 3 |2 1 1 1 1 1 1 1 1 1 1 8 1 1 1 1 |1 7 1 4 1 1 1 1 1 1 12 9 4 1 9 2 |
7495: 1 1 1 1 1 1 1 1 1 1 1 8 1 1 1 1 |1 1 7 1 6 1 1 1 1 1 1 1 1 1 5 1 |1 1 1 1 1 1 1 1 1 1 1 1 1 1 1 1 |1 1 1 1 1 1 1 1 1 1 1 1 1 1 1 1 |1 1 1 1 1 1 1 1 1 1 1 1 1 1 1 1 |1 1 1 1 1 1 1 6 2 1 1 1 1 1 1 1 |1 1 1 1 1 1 1 4 1 1 1 1 1 1 1 2 |1 1 1 1 1 6 1 1 5 1 1 1 1 1 1 1 |1 1 3 1 1 1 1 2 1 1 1 1 7 1 1 1 |1 1 1 1 1 1 1 1 1 1 1 1 1 9 1 1 |1 1 4 1 1 1 7 1 1 1 1 1 1 1 1 1 |1 7 1 1 1 1 1 1 1 1 8 2 8 1 9 1 |
7506: 1 1 1 1 1 1 1 1 1 1 1 8 1 1 1 1 |1 1 7 1 6 1 1 1 1 1 1 1 1 1 5 1 |1 1 1 1 1 1 1 1 1 1 1 1 1 1 1 1 |1 1 1 1 1 1 1 1 1 1 1 1 1 1 1 1 |1 1 1 1 1 1 1 1 1 1 1 1 1 1 1 1 |1 1 1 1 1 1 1 6 2 1 1 1 1 1 1 1 |1 1 1 1 1 1 1 4 1 1 1 1 1 1 1 2 |1 1 1 1 1 6 1 1 5 1 1 1 1 1 1 1 |1 1 3 1 1 1 1 2 1 1 1 1 7 1 1 1 |1 1 1 1 1 1 1 1 1 1 1 1 1 9 1 1 |1 1 4 1 1 1 7 1 1 1 1 1 1 1 1 1 |1 7 1 1 1 1 1 1 1 1 8 2 8 1 9 1 |
7517: 1 1 1 1 1 1 1 1 1 1 1 7 1 1 1 1 |1 1 3 3 1 1 1 1 1 1 1 1 1 1 5 1 |1 1 1 1 1 1 1 1 1 1 1 1 1 1 1 1 |1 1 1 1 1 1 1 1 1 1 1 1 1 1 1 1 |1 1 1 1 1 1 1 1 1 1 1 1 1 1 1 1 |1 1 1 1 1 1 1 6 2 1 1 1 1 1 1 1 |1 1 1 1 1 1 1 4 1 1 1 1 1 1 1 2 |1 1 1 1 1 6 1 1 5 1 1 1 1 1 1 1 |1 1 3 1 1 1 1 2 1 1 1 1 7 1 1 1 |1 1 1 1 1 1 1 1 1 1 1 1 1 9 1 1 |1 1 4 1 1 1 7 1 1 1 1 1 1 1 1 1 |1 7 1 1 1 1 1 1 1 1 8 2 8 1 9 1 |
7528: 1 1 1 1 1 1 1 1 1 1 1 7 1 1 1 1 |1 1 3 3 1 1 1 1 1 1 1 1 1 1 5 1 |1 1 1 1 1 1 1 1 1 1 1 1 1 1 1 1 |1 1 1 1 1 1 1 1 1 1 1 1 1 1 1 1 |1 1 1 1 1 1 1 1 1 1 1 1 1 1 1 1 |1 1 1 1 1 1 1 3 1 1 1 1 1 2 1 1 |1 1 1 1 1 1 1 1 1 1 1 1 1 1 1 1 |1 1 1 1 5 1 1 1 4 1 1 1 1 1 1 1 |1 1 1 6 1 1 1 7 1 1 1 1 1 1 1 1 |1 1 1 9 1 1 5 1 1 1 1 8 3 1 1 1 |4 1 3 3 1 1 1 1 1 1 1 5 1 1 1 9 |1 7 1 1 1 1 1 1 1 1 8 2 8 1 9 1 |
7539: 1 1 1 1 1 1 1 1 1 1 1 7 1 1 1 1 |1 1 3 3 1 1 1 1 1 1 1 1 1 1 5 1 |1 1 1 1 1 1 1 1 1 1 1 1 1 1 1 1 |1 1 1 1 1 1 1 1 1 1 1 1 1 1 1 1 |1 1 1 1 1 1 1 1 1 1 1 1 1 1 1 1 |1 1 1 1 1 1 1 3 1 1 1 1 1 2 1 1 |1 1 1 1 1 1 1 1 1 1 1 1 1 1 1 1 |1 1 1 1 5 1 1 1 4 1 1 1 1 1 1 1 |1 1 1 6 1 1 1 7 1 1 1 1 1 1 1 1 |1 1 1 9 1 1 5 1 1 1 1 8 3 1 1 1 |4 1 3 3 1 1 1 1 1 1 1 5 1 1 1 9 |1 12 1 1 1 1 4 1 1 1 12 2 1 1 5 1 |
7550: 1 1 1 1 2 1 1 1 1 1 7 8 1 1 1 1 |1 1 6 3 2 1 1 1 1 1 1 1 1 1 1 1 |1 1 1 1 1 1 1 1 1 1 1 1 1 1 1 1 |1 1 1 1 1 1 1 1 1 1 1 1 1 1 1 1 |1 1 1 1 1 1 1 1 1 1 1 1 1 1 1 1 |1 1 1 1 1 1 1 3 1 1 1 1 1 2 1 1 |1 1 1 1 1 1 1 1 1 1 1 1 1 1 1 1 |1 1 1 1 5 1 1 1 4 1 1 1 1 1 1 1 |1 1 1 6 1 1 1 7 1 1 1 1 1 1 1 1 |1 1 1 9 1 1 5 1 1 1 1 8 3 1 1 1 |4 1 3 3 1 1 1 1 1 1 1 5 1 1 1 9 |1 12 1 1 1 1 4 1 1 1 12 2 1 1 5 1 |
7561: 1 1 1 1 2 1 1 1 1 1 7 8 1 1 1 1 |1 1 6 3 2 1 1 1 1 1 1 1 1 1 1 1 |1 1 1 1 1 1 1 1 1 1 1 1 1 1 1 1 |1 1 3 1 1 1 1 1 1 1 1 1 1 1 1 1 |1 1 1 1 1 1 1 1 1 1 1 1 1 2 1 1 |1 1 1 1 1 1 2 4 1 1 1 1 1 4 1 1 |1 1 1 1 1 1 1 5 1 1 1 1 1 1 1 1 |1 1 1 1 5 1 1 1 6 1 1 1 1 1 1 1 |1 1 2 3 1 1 1 7 1 1 1 1 1 1 1 1 |1 1 1 6 1 2 2 1 1 1 1 6 1 1 1 1 |1 1 1 1 1 1 6 1 1 1 1 8 5 1 1 9 |1 12 1 1 1 1 4 1 1 1 12 2 1 1 5 1 |
7572: 1 1 1 1 2 1 1 1 1 1 7 8 1 1 1 1 |1 1 6 3 2 1 1 1 1 1 1 1 1 1 1 1 |1 1 1 1 1 1 1 1 1 1 1 1 1 1 1 1 |1 1 3 1 1 1 1 1 1 1 1 1 1 1 1 1 |1 1 1 1 1 1 1 1 1 1 1 1 1 2 1 1 |1 1 1 1 1 1 2 4 1 1 1 1 1 4 1 1 |1 1 1 1 1 1 1 5 1 1 1 1 1 1 1 1 |1 1 1 1 5 1 1 1 6 1 1 1 1 1 1 1 |1 1 2 3 1 1 1 7 1 1 1 1 1 1 1 1 |1 1 1 6 1 2 2 1 1 1 1 6 1 1 1 1 |1 1 1 1 1 1 6 1 1 1 1 8 5 1 1 9 |1 1 1 1 1 1 1 1 1 1 1 7 5 1 2 3 |
7582: 1 1 1 1 1 1 1 1 1 1 4 7 1 1 1 1 |1 1 10 5 1 1 1 1 1 1 1 1 1 1 3 1 |1 1 1 1 1 1 1 1 1 1 1 1 1 1 1 1 |1 1 1 1 1 1 1 1 1 1 1 1 1 1 1 1 |1 1 1 1 1 1 1 1 1 1 1 1 1 2 1 1 |1 1 1 1 1 1 2 4 1 1 1 1 1 4 1 1 |1 1 1 1 1 1 1 5 1 1 1 1 1 1 1 1 |1 1 1 1 5 1 1 1 6 1 1 1 1 1 1 1 |1 1 2 3 1 1 1 7 1 1 1 1 1 1 1 1 |1 1 1 6 1 2 2 1 1 1 1 6 1 1 1 1 |1 1 1 1 1 1 6 1 1 1 1 8 5 1 1 9 |1 1 1 1 1 1 1 1 1 1 1 7 5 1 2 3 |
7593: 1 1 1 1 1 1 1 1 1 1 4 7 1 1 1 1 |1 1 10 5 1 1 1 1 1 1 1 1 1 1 3 1 |1 1 1 1 1 1 1 1 1 1 1 1 1 1 1 1 |1 1 1 1 1 1 1 1 1 1 1 1 1 1 1 1 |1 1 1 1 1 1 1 1 1 1 1 1 1 1 1 1 |1 1 1 1 1 1 3 5 1 4 1 1 1 2 1 1 |1 1 1 1 1 1 1 1 1 1 1 1 1 1 1 1 |1 1 1 1 5 3 1 1 3 1 1 1 1 1 1 1 |1 1 1 1 1 1 1 8 1 1 1 1 1 1 1 1 |1 1 1 1 2 1 1 1 1 1 1 7 1 1 1 1 |1 1 1 1 1 1 7 1 1 1 1 1 1 1 1 9 |1 1 1 1 1 1 2 2 1 1 8 2 1 1 2 3 |
7604: 1 1 1 1 1 1 1 1 1 1 4 7 1 1 1 1 |1 1 10 5 1 1 1 1 1 1 1 1 1 1 3 1 |1 1 1 1 1 1 1 1 1 1 1 1 1 1 1 1 |1 1 1 1 1 1 1 1 1 1 1 1 1 1 1 1 |1 1 1 1 1 1 1 1 1 1 1 1 1 1 1 1 |1 1 1 1 1 1 3 5 1 4 1 1 1 2 1 1 |1 1 1 1 1 1 1 1 1 1 1 1 1 1 1 1 |1 1 1 1 5 3 1 1 3 1 1 1 1 1 1 1 |1 1 1 1 1 1 1 8 1 1 1 1 1 1 1 1 |1 1 1 1 2 1 1 1 1 1 1 7 1 1 1 1 |1 1 1 1 1 1 7 1 1 1 1 1 1 1 1 9 |1 1 1 1 1 1 2 2 1 1 8 2 1 1 2 3 |
7615: 4 1 1 1 1 1 1 1 1 1 1 6 1 1 1 1 |1 1 1 1 1 1 1 1 1 1 1 1 1 1 7 1 |1 1 1 1 1 1 1 1 1 1 1 1 1 1 1 1 |1 1 1 1 1 1 1 1 1 1 1 1 1 1 1 1 |1 1 1 1 1 1 1 1 1 1 1 1 1 1 1 1 |1 1 1 1 1 1 3 5 1 4 1 1 1 2 1 1 |1 1 1 1 1 1 1 1 1 1 1 1 1 1 1 1 |1 1 1 1 5 3 1 1 3 1 1 1 1 1 1 1 |1 1 1 1 1 1 1 8 1 1 1 1 1 1 1 1 |1 1 1 1 2 1 1 1 1 1 1 7 1 1 1 1 |1 1 1 1 1 1 7 1 1 1 1 1 1 1 1 9 |1 1 1 1 1 1 2 2 1 1 8 2 1 1 2 3 |
7626: 4 1 1 1 1 1 1 1 1 1 1 6 1 1 1 1 |1 1 1 1 1 1 1 1 1 1 1 1 1 1 7 1 |1 1 1 1 1 1 1 1 1 1 1 1 1 1 1 1 |1 1 1 1 1 1 1 1 1 1 1 1 1 1 1 1 |1 1 1 1 1 1 1 1 1 1 1 1 1 1 1 1 |1 1 1 1 1 1 4 2 1 4 1 1 1 4 1 1 |1 1 1 1 1 1 1 1 1 1 1 1 1 1 1 1 |1 1 1 5 4 1 1 1 4 1 1 1 1 1 1 1 |1 1 2 1 1 1 1 7 1 1 1 1 1 1 1 1 |1 1 2 2 1 1 1 2 1 1 1 5 1 8 1 1 |4 1 1 1 1 1 7 1 1 1 1 7 1 1 1 7 |1 4 1 7 1 1 1 1 1 1 12 1 5 1 10 5 |
7637: 4 1 1 1 1 1 1 1 1 1 1 6 1 1 1 1 |1 1 1 1 1 1 1 1 1 1 1 1 1 1 7 1 |1 1 1 1 1 1 1 1 1 1 1 1 1 1 1 1 |1 1 1 1 1 1 1 1 1 1 1 1 1 1 1 1 |1 1 1 1 1 1 1 1 1 1 1 1 1 1 1 1 |1 1 1 1 1 1 4 2 1 4 1 1 1 4 1 1 |1 1 1 1 1 1 1 1 1 1 1 1 1 1 1 1 |1 1 1 5 4 1 1 1 4 1 1 1 1 1 1 1 |1 1 2 1 1 1 1 7 1 1 1 1 1 1 1 1 |1 1 2 2 1 1 1 2 1 1 1 5 1 8 1 1 |4 1 1 1 1 1 7 1 1 1 1 7 1 1 1 7 |1 4 1 7 1 1 1 1 1 1 12 1 5 1 10 5 |
7648: 3 1 1 1 1 1 1 1 1 1 3 4 1 1 1 1 |1 1 3 5 1 1 1 1 1 1 1 1 1 1 4 1 |1 1 1 1 1 1 1 1 1 1 1 1 1 1 1 1 |1 1 1 1 1 1 1 1 1 1 1 1 1 1 1 1 |1 1 1 1 1 1 1 1 1 1 1 1 1 1 1 1 |1 1 1 1 1 1 4 2 1 4 1 1 1 4 1 1 |1 1 1 1 1 1 1 1 1 1 1 1 1 1 1 1 |1 1 1 5 4 1 1 1 4 1 1 1 1 1 1 1 |1 1 2 1 1 1 1 7 1 1 1 1 1 1 1 1 |1 1 2 2 1 1 1 2 1 1 1 5 1 8 1 1 |4 1 1 1 1 1 7 1 1 1 1 7 1 1 1 7 |1 4 1 7 1 1 1 1 1 1 12 1 5 1 10 5 |
7659: 3 1 1 1 1 1 1 1 1 1 3 4 1 1 1 1 |1 1 3 5 1 1 1 1 1 1 1 1 1 1 4 1 |1 1 1 1 1 1 1 1 1 1 1 1 1 1 1 1 |1 2 1 1 1 1 1 1 1 1 1 1 1 1 1 1 |1 1 1 1 1 1 1 1 1 1 1 1 1 1 1 1 |1 1 1 1 1 1 3 3 1 2 1 1 1 3 1 1 |1 1 1 1 1 1 1 1 1 1 1 1 1 1 1 1 |1 1 1 1 5 7 1 1 4 1 1 1 1 1 1 1 |1 1 1 1 1 1 1 5 1 1 1 1 4 1 1 1 |4 1 1 1 1 1 1 1 1 1 1 9 1 1 1 1 |1 1 1 1 1 1 8 1 1 1 1 1 1 1 1 1 |1 4 1 7 1 1 1 1 1 1 12 1 5 1 10 5 |
7670: 3 1 1 1 1 1 1 1 1 1 3 4 1 1 1 1 |1 1 3 5 1 1 1 1 1 1 1 1 1 1 4 1 |1 1 1 1 1 1 1 1 1 1 1 1 1 1 1 1 |1 2 1 1 1 1 1 1 1 1 1 1 1 1 1 1 |1 1 1 1 1 1 1 1 1 1 1 1 1 1 1 1 |1 1 1 1 1 1 3 3 1 2 1 1 1 3 1 1 |1 1 1 1 1 1 1 1 1 1 1 1 1 1 1 1 |1 1 1 1 5 7 1 1 4 1 1 1 1 1 1 1 |1 1 1 1 1 1 1 5 1 1 1 1 4 1 1 1 |4 1 1 1 1 1 1 1 1 1 1 9 1 1 1 1 |1 1 1 1 1 1 8 1 1 1 1 1 1 1 1 1 |1 4 1 1 1 1 1 1 1 1 1 1 6 1 10 1 |
7681: 2 1 1 1 7 1 1 1 1 1 1 1 1 1 1 1 |1 1 3 3 1 1 1 1 1 1 1 1 1 1 3 1 |1 1 1 1 1 1 1 1 1 1 1 1 1 1 1 1 |1 1 1 1 1 1 1 1 1 1 1 1 1 1 1 1 |1 1 1 1 1 1 1 1 1 1 1 1 1 1 1 1 |1 1 1 1 1 1 3 3 1 2 1 1 1 3 1 1 |1 1 1 1 1 1 1 1 1 1 1 1 1 1 1 1 |1 1 1 1 5 7 1 1 4 1 1 1 1 1 1 1 |1 1 1 1 1 1 1 5 1 1 1 1 4 1 1 1 |4 1 1 1 1 1 1 1 1 1 1 9 1 1 1 1 |1 1 1 1 1 1 8 1 1 1 1 1 1 1 1 1 |1 4 1 1 1 1 1 1 1 1 1 1 6 1 10 1 |
7692: 2 1 1 1 7 1 1 1 1 1 1 1 1 1 1 1 |1 1 3 3 1 1 1 1 1 1 1 1 1 1 3 1 |1 1 1 1 1 1 1 1 1 1 1 1 1 1 1 1 |1 1 1 1 1 1 1 1 1 1 1 1 1 1 1 1 |1 1 1 1 1 1 1 1 1 1 1 1 1 4 1 1 |1 1 1 1 1 1 1 2 2 1 3 1 1 6 1 1 |1 1 1 1 1 1 1 1 1 1 1 1 1 1 1 1 |1 1 1 2 1 6 1 1 6 3 1 1 1 1 1 1 |1 1 1 1 1 1 1 6 1 1 1 1 1 1 1 1 |1 1 1 7 1 1 1 1 1 1 1 1 1 1 1 1 |3 1 1 1 1 1 2 1 1 1 1 6 3 1 1 10 |1 9 1 1 1 1 1 1 1 1 1 10 1 2 2 4 |
7703: 2 1 1 1 7 1 1 1 1 1 1 1 1 1 1 1 |1 1 3 3 1 1 1 1 1 1 1 1 1 1 3 1 |1 1 1 1 1 1 1 1 1 1 1 1 1 1 1 1 |1 1 1 1 1 1 1 1 1 1 1 1 1 1 1 1 |1 1 1 1 1 1 1 1 1 1 1 1 1 4 1 1 |1 1 1 1 1 1 1 2 2 1 3 1 1 6 1 1 |1 1 1 1 1 1 1 1 1 1 1 1 1 1 1 1 |1 1 1 2 1 6 1 1 6 3 1 1 1 1 1 1 |1 1 1 1 1 1 1 6 1 1 1 1 1 1 1 1 |1 1 1 7 1 1 1 1 1 1 1 1 1 1 1 1 |3 1 1 1 1 1 2 1 1 1 1 6 3 1 1 10 |1 9 1 1 1 1 1 1 1 1 1 10 1 2 2 4 |
7714: 2 1 1 1 1 1 1 1 1 1 1 1 1 1 1 1 |1 1 4 1 1 1 1 1 1 1 1 1 1 1 5 1 |1 1 1 1 1 1 1 1 1 1 1 1 1 1 1 1 |1 1 1 1 1 1 1 1 1 1 1 1 1 1 1 1 |1 1 1 1 1 1 1 1 1 1 1 1 1 4 1 1 |1 1 1 1 1 1 1 2 2 1 3 1 1 6 1 1 |1 1 1 1 1 1 1 1 1 1 1 1 1 1 1 1 |1 1 1 2 1 6 1 1 6 3 1 1 1 1 1 1 |1 1 1 1 1 1 1 6 1 1 1 1 1 1 1 1 |1 1 1 7 1 1 1 1 1 1 1 1 1 1 1 1 |3 1 1 1 1 1 2 1 1 1 1 6 3 1 1 10 |1 9 1 1 1 1 1 1 1 1 1 10 1 2 2 4 |
7725: 2 1 1 1 1 1 1 1 1 1 1 1 1 1 1 1 |1 1 4 1 1 1 1 1 1 1 1 1 1 1 5 1 |1 1 1 1 1 1 1 1 1 1 1 1 1 1 1 1 |1 1 1 1 1 1 1 1 1 1 1 1 1 1 1 1 |1 1 1 1 1 1 1 1 1 1 1 1 1 1 1 1 |1 1 1 1 1 1 1 4 1 3 1 1 1 2 1 1 |1 1 1 1 1 1 1 1 1 1 1 1 1 1 1 1 |1 1 1 5 6 1 1 1 1 1 1 1 1 1 1 1 |1 1 3 1 1 1 1 7 1 1 1 1 1 1 1 1 |1 1 1 1 1 1 1 1 1 1 1 8 1 1 1 1 |2 1 6 1 1 1 5 1 1 1 1 7 3 1 1 1 |1 5 1 1 1 1 1 1 1 1 5 4 4 1 1 1 |
7736: 2 1 1 1 1 1 1 1 1 1 1 1 1 1 1 1 |1 1 4 1 1 1 1 1 1 1 1 1 1 1 5 1 |1 1 1 1 1 1 1 1 1 1 1 1 1 1 1 1 |1 1 1 1 1 1 1 1 1 1 1 1 1 1 1 1 |1 1 1 1 1 1 1 1 1 1 1 1 1 1 1 1 |1 1 1 1 1 1 1 4 1 3 1 1 1 2 1 1 |1 1 1 1 1 1 1 1 1 1 1 1 1 1 1 1 |1 1 1 5 6 1 1 1 1 1 1 1 1 1 1 1 |1 1 3 1 1 1 1 7 1 1 1 1 1 1 1 1 |1 1 1 1 1 1 1 1 1 1 1 8 1 1 1 1 |2 1 6 1 1 1 5 1 1 1 1 7 3 1 1 1 |1 5 1 1 1 1 1 1 1 1 5 4 4 1 1 1 |
7747: 3 1 1 1 1 1 1 1 1 1 7 4 1 1 1 1 |1 1 2 3 1 1 1 1 1 1 1 1 1 1 4 1 |1 1 1 1 1 1 1 1 1 1 1 1 1 1 1 1 |1 1 1 1 1 1 1 1 1 1 1 1 1 1 1 1 |1 1 1 1 1 1 1 1 1 1 1 1 1 1 1 1 |1 1 1 1 1 1 1 4 1 3 1 1 1 2 1 1 |1 1 1 1 1 1 1 1 1 1 1 1 1 1 1 1 |1 1 1 5 6 1 1 1 1 1 1 1 1 1 1 1 |1 1 3 1 1 1 1 7 1 1 1 1 1 1 1 1 |1 1 1 1 1 1 1 1 1 1 1 8 1 1 1 1 |2 1 6 1 1 1 5 1 1 1 1 7 3 1 1 1 |1 5 1 1 1 1 1 1 1 1 5 4 4 1 1 1 |
7758: 3 1 1 1 1 1 1 1 1 1 7 4 1 1 1 1 |1 1 2 3 1 1 1 1 1 1 1 1 1 1 4 1 |1 1 1 1 1 1 1 1 1 1 1 1 1 1 1 1 |1 1 1 1 1 1 1 1 1 1 1 1 1 1 1 1 |1 1 1 1 1 1 1 1 1 1 1 1 1 1 1 1 |1 1 1 1 1 1 1 4 1 1 1 1 1 2 1 1 |1 1 1 1 1 1 1 1 1 1 1 1 1 1 1 1 |1 1 1 1 1 12 1 1 6 1 1 1 1 1 1 1 |1 1 1 2 1 1 1 9 1 1 1 1 1 1 1 1 |1 1 1 1 1 1 1 1 1 1 1 9 1 1 1 1 |5 1 1 1 1 1 6 1 1 1 1 6 3 1 1 4 |1 1 1 1 3 1 1 1 1 1 13 8 1 1 3 2 |
7769: 3 1 1 1 1 1 1 1 1 1 7 4 1 1 1 1 |1 1 2 3 1 1 1 1 1 1 1 1 1 1 4 1 |1 1 1 1 1 1 1 1 1 1 1 1 1 1 1 1 |1 1 1 1 1 1 1 1 1 1 1 1 1 1 1 1 |1 1 1 1 1 1 1 1 1 1 1 1 1 1 1 1 |1 1 1 1 1 1 1 4 1 1 1 1 1 2 1 1 |1 1 1 1 1 1 1 1 1 1 1 1 1 1 1 1 |1 1 1 1 1 12 1 1 6 1 1 1 1 1 1 1 |1 1 1 2 1 1 1 9 1 1 1 1 1 1 1 1 |1 1 1 1 1 1 1 1 1 1 1 9 1 1 1 1 |5 1 1 1 1 1 6 1 1 1 1 6 3 1 1 4 |1 1 1 1 3 1 1 1 1 1 13 8 1 1 3 2 |
7780: 1 1 1 1 1 1 1 1 1 1 8 4 1 1 1 1 |1 1 1 1 1 1 1 1 1 1 1 1 1 1 1 1 |1 1 1 1 1 1 1 1 1 1 1 1 1 1 1 1 |1 1 1 1 1 1 1 1 1 1 1 1 1 1 1 1 |1 1 1 1 1 1 1 1 1 1 1 1 1 1 1 1 |1 1 1 1 1 1 1 4 1 1 1 1 1 2 1 1 |1 1 1 1 1 1 1 1 1 1 1 1 1 1 1 1 |1 1 1 1 1 12 1 1 6 1 1 1 1 1 1 1 |1 1 1 2 1 1 1 9 1 1 1 1 1 1 1 1 |1 1 1 1 1 1 1 1 1 1 1 9 1 1 1 1 |5 1 1 1 1 1 6 1 1 1 1 6 3 1 1 4 |1 1 1 1 3 1 1 1 1 1 13 8 1 1 3 2 |
7791: 1 1 1 1 1 1 1 1 1 1 8 4 1 1 1 1 |1 1 1 1 1 1 1 1 1 1 1 1 1 1 1 1 |1 1 1 1 1 1 1 1 1 1 1 1 1 1 1 1 |1 1 1 1 1 1 1 1 1 1 1 1 1 1 1 1 |1 1 1 1 1 1 1 1 1 1 1 1 1 2 6 1 |1 1 1 1 1 1 4 1 1 2 1 1 1 2 1 1 |1 1 1 1 1 1 1 1 1 1 1 1 1 1 1 1 |1 1 1 1 6 1 1 1 5 1 1 1 5 1 1 1 |1 1 1 1 1 1 1 10 1 1 1 1 1 1 1 1 |1 1 1 9 1 1 1 2 1 1 1 8 1 1 1 1 |4 1 1 1 1 1 1 1 1 1 1 7 1 1 1 1 |1 1 1 1 3 1 1 1 1 1 13 8 1 1 3 2 |
7802: 1 1 1 1 1 1 1 1 1 1 8 4 1 1 1 1 |1 1 1 1 1 1 1 1 1 1 1 1 1 1 1 1 |1 1 1 1 1 1 1 1 1 1 1 1 1 1 1 1 |1 1 1 1 1 1 1 1 1 1 1 1 1 1 1 1 |1 1 1 1 1 1 1 1 1 1 1 1 1 2 6 1 |1 1 1 1 1 1 4 1 1 2 1 1 1 2 1 1 |1 1 1 1 1 1 1 1 1 1 1 1 1 1 1 1 |1 1 1 1 6 1 1 1 5 1 1 1 5 1 1 1 |1 1 1 1 1 1 1 10 1 1 1 1 1 1 1 1 |1 1 1 9 1 1 1 2 1 1 1 8 1 1 1 1 |4 1 1 1 1 1 1 1 1 1 1 7 1 1 1 1 |1 1 1 1 4 1 1 1 1 1 12 6 1 1 11 1 |
7813: 1 1 1 1 1 1 1 1 1 1 6 6 1 1 1 1 |1 1 7 7 5 1 1 1 1 1 1 1 1 1 4 1 |1 1 1 1 1 1 1 1 1 1 1 1 1 1 1 1 |1 1 1 1 1 1 1 1 1 1 1 1 1 1 1 1 |1 1 1 1 1 1 1 1 1 1 1 1 1 2 6 1 |1 1 1 1 1 1 4 1 1 2 1 1 1 2 1 1 |1 1 1 1 1 1 1 1 1 1 1 1 1 1 1 1 |1 1 1 1 6 1 1 1 5 1 1 1 5 1 1 1 |1 1 1 1 1 1 1 10 1 1 1 1 1 1 1 1 |1 1 1 9 1 1 1 2 1 1 1 8 1 1 1 1 |4 1 1 1 1 1 1 1 1 1 1 7 1 1 1 1 |1 1 1 1 4 1 1 1 1 1 12 6 1 1 11 1 |
7824: 1 1 1 1 1 1 1 1 1 1 6 6 1 1 1 1 |1 1 7 7 5 1 1 1 1 1 1 1 1 1 4 1 |1 1 1 1 1 1 1 1 1 1 1 1 1 1 1 1 |1 1 1 1 1 1 1 1 1 1 1 1 1 1 1 1 |1 1 1 1 1 1 1 1 1 1 1 1 1 1 1 1 |1 1 1 1 1 1 1 5 3 1 1 1 1 1 1 1 |1 1 1 1 1 1 1 1 1 1 1 1 1 1 1 1 |1 1 1 1 8 1 1 1 5 1 1 1 1 1 1 1 |1 1 3 1 1 1 1 7 1 1 4 1 1 1 1 1 |1 1 1 1 1 1 1 1 1 1 1 1 1 8 1 1 |2 1 1 1 1 1 7 1 1 1 1 7 2 1 1 9 |1 1 1 1 4 1 1 1 1 1 12 6 1 1 11 1 |
7835: 1 1 1 1 1 1 1 1 1 1 6 6 1 1 1 1 |1 1 7 7 5 1 1 1 1 1 1 1 1 1 4 1 |1 1 1 1 1 1 1 1 1 1 1 1 1 1 1 1 |1 1 1 1 1 1 1 1 1 1 1 1 1 1 1 1 |1 1 1 1 1 1 1 1 1 1 1 1 1 1 1 1 |1 1 1 1 1 1 1 5 3 1 1 1 1 1 1 1 |1 1 1 1 1 1 1 1 1 1 1 1 1 1 1 1 |1 1 1 1 8 1 1 1 5 1 1 1 1 1 1 1 |1 1 3 1 1 1 1 7 1 1 4 1 1 1 1 1 |1 1 1 1 1 1 1 1 1 1 1 1 1 8 1 1 |2 1 1 1 1 1 7 1 1 1 1 7 2 1 1 9 |1 7 1 1 6 1 1 1 1 1 6 7 1 1 1 1 |
7846: 1 1 1 1 1 1 1 1 1 1 7 3 1 1 1 1 |1 1 7 7 5 1 1 1 1 1 1 1 1 1 4 1 |1 1 1 1 1 1 1 1 1 1 1 1 1 1 1 1 |1 1 1 1 1 1 1 1 1 1 1 1 1 1 1 1 |1 1 1 1 1 1 1 1 1 1 1 1 1 1 1 1 |1 1 1 1 1 1 1 5 3 1 1 1 1 1 1 1 |1 1 1 1 1 1 1 1 1 1 1 1 1 1 1 1 |1 1 1 1 8 1 1 1 5 1 1 1 1 1 1 1 |1 1 3 1 1 1 1 7 1 1 4 1 1 1 1 1 |1 1 1 1 1 1 1 1 1 1 1 1 1 8 1 1 |2 1 1 1 1 1 7 1 1 1 1 7 2 1 1 9 |1 7 1 1 6 1 1 1 1 1 6 7 1 1 1 1 |
7857: 1 1 1 1 1 1 1 1 1 1 7 3 1 1 1 1 |1 1 1 5 1 1 1 1 1 1 1 1 1 1 5 1 |1 1 1 1 1 1 1 1 1 1 1 1 1 1 1 1 |1 1 1 1 1 1 1 1 1 1 1 1 1 1 1 1 |1 1 1 1 1 1 1 1 1 1 1 1 1 1 1 1 |1 1 1 1 1 1 2 4 1 2 1 1 1 2 1 1 |1 1 1 1 1 1 1 3 1 1 1 1 1 1 1 1 |1 1 1 1 1 5 1 1 5 1 1 1 1 1 1 1 |1 1 1 1 1 1 1 8 1 1 1 1 1 1 1 1 |1 1 1 1 1 1 1 1 1 1 1 9 1 1 1 1 |4 1 1 1 6 1 1 1 1 1 1 6 1 1 1 11 |1 3 1 1 1 1 1 1 1 1 13 7 9 1 11 1 |
7868: 1 1 1 1 1 1 1 1 1 1 7 3 1 1 1 1 |1 1 1 5 1 1 1 1 1 1 1 1 1 1 5 1 |1 1 1 1 1 1 1 1 1 1 1 1 1 1 1 1 |1 1 1 1 1 1 1 1 1 1 1 1 1 1 1 1 |1 1 1 1 1 1 1 1 1 1 1 1 1 1 1 1 |1 1 1 1 1 1 2 4 1 2 1 1 1 2 1 1 |1 1 1 1 1 1 1 3 1 1 1 1 1 1 1 1 |1 1 1 1 1 5 1 1 5 1 1 1 1 1 1 1 |1 1 1 1 1 1 1 8 1 1 1 1 1 1 1 1 |1 1 1 1 1 1 1 1 1 1 1 9 1 1 1 1 |4 1 1 1 6 1 1 1 1 1 1 6 1 1 1 11 |1 3 1 1 1 1 1 1 1 1 13 7 9 1 11 1 |
7879: 1 1 1 1 1 1 1 1 1 1 7 5 1 1 1 1 |1 1 1 4 1 1 1 1 1 1 1 1 1 1 1 1 |1 1 1 1 1 1 1 1 1 1 1 1 1 1 1 1 |1 1 1 1 1 1 1 1 1 1 1 1 1 1 1 1 |1 1 1 1 1 1 1 1 1 1 1 1 1 1 1 1 |1 1 1 1 1 1 2 4 1 2 1 1 1 2 1 1 |1 1 1 1 1 1 1 3 1 1 1 1 1 1 1 1 |1 1 1 1 1 5 1 1 5 1 1 1 1 1 1 1 |1 1 1 1 1 1 1 8 1 1 1 1 1 1 1 1 |1 1 1 1 1 1 1 1 1 1 1 9 1 1 1 1 |4 1 1 1 6 1 1 1 1 1 1 6 1 1 1 11 |1 3 1 1 1 1 1 1 1 1 13 7 9 1 11 1 |
7890: 1 1 1 1 1 1 1 1 1 1 7 5 1 1 1 1 |1 1 1 4 1 1 1 1 1 1 1 1 1 1 1 1 |1 1 1 1 1 1 1 1 1 1 1 1 1 1 1 1 |1 1 1 1 1 1 1 1 1 1 1 1 1 1 1 1 |1 1 1 1 1 1 1 1 1 1 1 1 1 2 5 1 |1 1 1 1 1 4 1 4 2 1 2 1 1 3 1 1 |1 1 1 1 1 1 1 1 1 1 1 1 1 1 1 1 |1 1 1 1 7 1 1 1 4 2 1 1 1 1 1 1 |1 1 1 1 2 1 1 4 1 1 1 1 1 1 1 7 |1 1 1 1 1 1 1 1 1 1 1 1 1 1 1 1 |4 1 1 1 6 1 1 1 1 1 1 6 1 1 1 11 |1 3 1 1 1 1 1 1 1 1 13 7 9 1 11 1 |
7901: 1 1 1 1 1 1 1 1 1 1 7 5 1 1 1 1 |1 1 1 4 1 1 1 1 1 1 1 1 1 1 1 1 |1 1 1 1 1 1 1 1 1 1 1 1 1 1 1 1 |1 1 1 1 1 1 1 1 1 1 1 1 1 1 1 1 |1 1 1 1 1 1 1 1 1 1 1 1 1 2 5 1 |1 1 1 1 1 4 1 4 2 1 2 1 1 3 1 1 |1 1 1 1 1 1 1 1 1 1 1 1 1 1 1 1 |1 1 1 1 7 1 1 1 4 2 1 1 1 1 1 1 |1 1 1 1 2 1 1 4 1 1 1 1 1 1 1 7 |1 1 1 1 1 1 1 1 1 1 1 1 1 1 1 1 |3 1 1 1 1 1 2 1 1 1 1 6 1 1 2 2 |1 5 1 1 7 1 1 1 1 1 12 1 9 1 4 1 |
7912: 1 1 1 1 1 1 1 1 1 1 7 5 1 1 1 1 |1 1 1 4 1 1 1 1 1 1 1 1 1 1 1 1 |1 1 1 1 1 1 1 1 1 1 1 1 1 1 1 1 |1 1 1 1 1 1 1 1 1 1 1 1 1 1 1 1 |1 1 1 1 1 1 1 1 1 1 1 1 1 2 5 1 |1 1 1 1 1 4 1 4 2 1 2 1 1 3 1 1 |1 1 1 1 1 1 1 1 1 1 1 1 1 1 1 1 |1 1 1 1 7 1 1 1 4 2 1 1 1 1 1 1 |1 1 1 1 2 1 1 4 1 1 1 1 1 1 1 7 |1 1 1 1 1 1 1 1 1 1 1 1 1 1 1 1 |3 1 1 1 1 1 2 1 1 1 1 6 1 1 2 2 |1 5 1 1 7 1 1 1 1 1 12 1 9 1 4 1 |
7923: 4 1 1 1 1 1 1 1 1 1 5 5 1 1 1 1 |1 1 1 1 1 1 1 1 1 1 1 1 1 1 1 1 |1 1 1 1 1 1 1 1 1 1 1 1 1 1 1 1 |1 1 1 1 1 1 1 1 1 1 1 1 1 1 1 1 |1 1 1 1 1 1 1 1 1 1 1 1 1 1 1 1 |1 1 1 1 1 1 1 6 1 1 1 1 1 6 1 1 |1 1 1 1 1 1 1 1 1 1 1 1 1 1 1 1 |1 1 2 1 5 3 1 1 1 1 1 1 1 1 1 4 |1 1 1 1 2 1 1 4 1 1 1 1 1 1 1 7 |1 1 1 1 1 1 1 1 1 1 1 1 1 1 1 1 |3 1 1 1 1 1 2 1 1 1 1 6 1 1 2 2 |1 5 1 1 7 1 1 1 1 1 12 1 9 1 4 1 |
7934: 4 1 1 1 1 1 1 1 1 1 5 5 1 1 1 1 |1 1 1 1 1 1 1 1 1 1 1 1 1 1 1 1 |1 1 1 1 1 1 1 1 1 1 1 1 1 1 1 1 |1 1 1 1 1 1 1 1 1 1 1 1 1 1 1 1 |1 1 1 1 1 1 1 1 1 1 1 1 1 1 1 1 |1 1 1 1 1 1 1 6 1 1 1 1 1 6 1 1 |1 1 1 1 1 1 1 1 1 1 1 1 1 1 1 1 |1 1 2 1 5 3 1 1 1 1 1 1 1 1 1 4 |1 1 2 1 1 1 1 7 1 1 1 1 2 1 1 1 |1 1 1 1 1 1 1 1 1 1 1 1 1 1 1 1 |2 1 1 1 1 1 8 1 1 1 1 8 2 1 1 5 |1 6 1 7 1 1 1 1 1 1 11 1 1 1 11 1 |
7945: 4 1 1 1 1 1 1 1 1 1 5 5 1 1 1 1 |1 1 1 1 1 1 1 1 1 1 1 1 1 1 1 1 |1 1 1 1 1 1 1 1 1 1 1 1 1 1 1 1 |1 1 1 1 1 1 1 1 1 1 1 1 1 1 1 1 |1 1 1 1 1 1 1 1 1 1 1 1 1 1 1 1 |1 1 1 1 1 1 1 6 1 1 1 1 1 6 1 1 |1 1 1 1 1 1 1 1 1 1 1 1 1 1 1 1 |1 1 2 1 5 3 1 1 1 1 1 1 1 1 1 4 |1 1 2 1 1 1 1 7 1 1 1 1 2 1 1 1 |1 1 1 1 1 1 1 1 1 1 1 1 1 1 1 1 |2 1 1 1 1 1 8 1 1 1 1 8 2 1 1 5 |1 6 1 7 1 1 1 1 1 1 11 1 1 1 11 1 |
7955: 1 1 1 1 1 1 2 1 1 1 1 4 1 1 1 1 |1 1 5 3 8 1 1 1 1 1 1 1 1 1 6 1 |1 1 1 1 1 1 1 1 1 1 1 1 1 1 1 1 |1 1 1 1 1 1 1 1 1 1 1 1 1 1 1 1 |1 1 1 1 1 1 1 1 1 1 1 1 1 1 1 1 |1 1 1 1 1 1 3 5 1 3 2 1 1 3 1 1 |1 1 1 1 1 1 1 1 1 1 1 1 1 1 1 1 |1 1 1 4 1 1 1 1 3 1 1 1 1 1 1 1 |1 1 1 1 1 1 1 8 1 1 1 1 1 1 1 1 |1 1 1 1 1 1 1 1 1 1 1 1 1 1 1 1 |2 1 1 1 1 1 8 1 1 1 1 8 2 1 1 5 |1 6 1 7 1 1 1 1 1 1 11 1 1 1 11 1 |
7966: 1 1 1 1 1 1 2 1 1 1 1 4 1 1 1 1 |1 1 5 3 8 1 1 1 1 1 1 1 1 1 6 1 |1 1 1 1 1 1 1 1 1 1 1 1 1 1 1 1 |1 1 1 1 1 1 1 1 1 1 1 1 1 1 1 1 |1 1 1 1 1 1 1 1 1 1 1 1 1 1 1 1 |1 1 1 1 1 1 3 5 1 3 2 1 1 3 1 1 |1 1 1 1 1 1 1 1 1 1 1 1 1 1 1 1 |1 1 1 4 1 1 1 1 3 1 1 1 1 1 1 1 |1 1 1 1 1 1 1 8 1 1 1 1 1 1 1 1 |1 1 1 1 1 1 1 1 1 1 1 1 4 1 1 1 |5 1 1 1 1 1 5 1 1 1 1 1 1 1 1 8 |1 14 1 2 1 1 3 1 1 1 5 9 6 1 12 1 |
7977: 1 1 1 6 1 1 1 1 1 1 5 7 1 1 1 1 |1 1 5 3 8 1 1 1 1 1 1 1 1 1 6 1 |1 1 1 1 1 1 1 1 1 1 1 1 1 1 1 1 |1 1 1 1 1 1 1 1 1 1 1 1 1 1 1 1 |1 1 1 1 1 1 1 1 1 1 1 1 1 1 1 1 |1 1 1 1 1 1 3 5 1 3 2 1 1 3 1 1 |1 1 1 1 1 1 1 1 1 1 1 1 1 1 1 1 |1 1 1 4 1 1 1 1 3 1 1 1 1 1 1 1 |1 1 1 1 1 1 1 8 1 1 1 1 1 1 1 1 |1 1 1 1 1 1 1 1 1 1 1 1 4 1 1 1 |5 1 1 1 1 1 5 1 1 1 1 1 1 1 1 8 |1 14 1 2 1 1 3 1 1 1 5 9 6 1 12 1 |
7988: 1 1 1 6 1 1 1 1 1 1 5 7 1 1 1 1 |1 1 1 5 1 1 1 1 1 1 1 1 1 1 1 1 |1 1 1 1 1 1 1 1 1 1 1 1 1 1 1 1 |1 1 1 1 1 1 1 1 1 1 1 1 1 1 1 1 |1 1 1 1 1 1 1 1 1 1 1 1 1 1 1 1 |1 1 1 1 1 1 2 1 1 1 1 1 1 3 1 1 |1 1 1 1 1 1 1 5 1 1 1 1 1 1 1 1 |1 1 1 4 1 1 1 1 3 1 1 1 1 1 1 1 |1 1 1 1 1 1 1 8 1 1 1 1 1 1 1 1 |1 1 1 1 1 1 1 1 1 1 1 1 4 1 1 1 |5 1 1 1 1 1 5 1 1 1 1 1 1 1 1 8 |1 14 1 2 1 1 3 1 1 1 5 9 6 1 12 1 |
7999: 1 1 1 6 1 1 1 1 1 1 5 7 1 1 1 1 |1 1 1 5 1 1 1 1 1 1 1 1 1 1 1 1 |1 1 1 1 1 1 1 1 1 1 1 1 1 1 1 1 |1 1 1 1 1 1 1 1 1 1 1 1 1 1 1 1 |1 1 1 1 1 1 1 1 1 1 1 1 1 1 1 1 |1 1 1 1 1 1 2 1 1 1 1 1 1 3 1 1 |1 1 1 1 1 1 1 5 1 1 1 1 1 1 1 1 |1 1 1 1 6 1 1 1 4 2 1 1 4 1 1 4 |1 1 1 7 9 1 1 7 1 1 1 1 5 1 1 13 |1 1 1 1 1 1 1 2 1 1 1 1 1 1 1 1 |2 1 1 1 1 1 1 1 1 1 1 6 1 1 1 1 |1 1 1 1 1 1 2 1 1 1 12 8 1 1 9 8 |
8010: 1 1 1 6 1 1 1 1 1 1 5 7 1 1 1 1 |1 1 1 5 1 1 1 1 1 1 1 1 1 1 1 1 |1 1 1 1 1 1 1 1 1 1 1 1 1 1 1 1 |1 1 1 1 1 1 1 1 1 1 1 1 1 1 1 1 |1 1 1 1 1 1 1 1 1 1 1 1 1 1 1 1 |1 1 1 1 1 1 2 1 1 1 1 1 1 3 1 1 |1 1 1 1 1 1 1 5 1 1 1 1 1 1 1 1 |1 1 1 1 6 1 1 1 4 2 1 1 4 1 1 4 |1 1 1 7 9 1 1 7 1 1 1 1 5 1 1 13 |1 1 1 1 1 1 1 2 1 1 1 1 1 1 1 1 |2 1 1 1 1 1 1 1 1 1 1 6 1 1 1 1 |1 1 1 1 1 1 2 1 1 1 12 8 1 1 9 8 |
8043: 1 1 1 1 1 1 1 1 1 1 6 1 1 1 1 1 |1 1 1 1 1 1 1 1 1 1 1 1 1 1 1 1 |1 1 1 1 1 1 1 1 1 1 1 1 1 1 1 1 |1 1 5 1 1 1 1 1 1 1 1 1 1 1 1 1 |1 1 1 1 1 1 1 1 1 1 1 1 1 1 1 1 |1 1 1 1 1 1 2 1 1 1 1 1 1 3 1 1 |1 1 1 1 1 1 1 5 1 1 1 1 1 1 1 1 |1 1 1 1 6 1 1 1 4 2 1 1 4 1 1 4 |1 1 1 7 9 1 1 7 1 1 1 1 5 1 1 13 |1 1 1 1 1 1 1 2 1 1 1 1 1 1 1 1 |2 1 1 1 1 1 1 1 1 1 1 6 1 1 1 1 |1 1 1 1 1 1 2 1 1 1 12 8 1 1 9 8 |
8054: 1 1 1 1 1 1 1 1 1 1 6 1 1 1 1 1 |1 1 1 1 1 1 1 1 1 1 1 1 1 1 1 1 |1 1 1 1 1 1 1 1 1 1 1 1 1 1 1 1 |1 1 5 1 1 1 1 1 1 1 1 1 1 1 1 1 |1 1 1 1 1 1 1 1 1 1 1 1 1 8 4 1 |1 1 1 1 1 1 2 1 3 1 1 1 1 3 1 1 |1 1 1 1 1 1 1 1 1 1 1 1 1 1 1 1 |1 1 1 4 1 1 1 1 1 1 1 1 1 1 1 7 |1 1 1 1 1 1 1 7 1 1 3 1 1 1 2 4 |1 1 1 5 1 1 2 1 1 1 1 10 3 1 1 1 |5 1 1 1 1 1 9 1 1 1 1 6 2 1 1 8 |1 12 1 9 3 1 3 1 1 1 9 1 7 1 9 6 |
8065: 1 1 1 1 1 1 1 1 1 1 6 1 1 1 1 1 |1 1 1 1 1 1 1 1 1 1 1 1 1 1 1 1 |1 1 1 1 1 1 1 1 1 1 1 1 1 1 1 1 |1 1 5 1 1 1 1 1 1 1 1 1 1 1 1 1 |1 1 1 1 1 1 1 1 1 1 1 1 1 8 4 1 |1 1 1 1 1 1 2 1 3 1 1 1 1 3 1 1 |1 1 1 1 1 1 1 1 1 1 1 1 1 1 1 1 |1 1 1 4 1 1 1 1 1 1 1 1 1 1 1 7 |1 1 1 1 1 1 1 7 1 1 3 1 1 1 2 4 |1 1 1 5 1 1 2 1 1 1 1 10 3 1 1 1 |5 1 1 1 1 1 9 1 1 1 1 6 2 1 1 8 |1 12 1 9 3 1 3 1 1 1 9 1 7 1 9 6 |
8076: 5 1 1 1 1 1 1 1 1 1 1 5 1 1 1 1 |1 1 4 1 11 1 1 1 1 1 1 1 1 1 3 1 |1 1 1 1 1 1 1 1 1 1 1 1 1 1 1 1 |1 1 5 1 1 1 1 1 1 1 1 1 1 1 1 1 |1 1 1 1 1 1 1 1 1 1 1 1 1 8 4 1 |1 1 1 1 1 1 2 1 3 1 1 1 1 3 1 1 |1 1 1 1 1 1 1 1 1 1 1 1 1 1 1 1 |1 1 1 4 1 1 1 1 1 1 1 1 1 1 1 7 |1 1 1 1 1 1 1 7 1 1 3 1 1 1 2 4 |1 1 1 5 1 1 2 1 1 1 1 10 3 1 1 1 |5 1 1 1 1 1 9 1 1 1 1 6 2 1 1 8 |1 12 1 9 3 1 3 1 1 1 9 1 7 1 9 6 |
8087: 5 1 1 1 1 1 1 1 1 1 1 5 1 1 1 1 |1 1 4 1 11 1 1 1 1 1 1 1 1 1 3 1 |1 1 1 1 1 1 1 1 1 1 1 1 1 1 1 1 |1 1 1 1 1 1 1 1 1 1 1 1 1 1 1 1 |1 1 1 1 1 1 1 1 1 1 1 1 1 1 1 1 |1 1 1 1 1 1 2 3 2 1 1 1 1 3 1 1 |1 1 1 1 1 1 1 1 1 1 1 3 1 1 1 1 |1 1 1 5 1 1 1 1 1 1 1 1 1 1 1 2 |1 1 1 1 1 1 1 8 1 1 1 1 1 1 1 1 |1 1 1 1 1 1 1 1 1 1 1 1 1 1 1 1 |4 1 1 1 1 1 6 1 1 1 1 1 1 1 1 3 |1 6 1 4 1 1 1 1 1 1 12 8 7 1 9 7 |
8098: 5 1 1 1 1 1 1 1 1 1 1 5 1 1 1 1 |1 1 4 1 11 1 1 1 1 1 1 1 1 1 3 1 |1 1 1 1 1 1 1 1 1 1 1 1 1 1 1 1 |1 1 1 1 1 1 1 1 1 1 1 1 1 1 1 1 |1 1 1 1 1 1 1 1 1 1 1 1 1 1 1 1 |1 1 1 1 1 1 2 3 2 1 1 1 1 3 1 1 |1 1 1 1 1 1 1 1 1 1 1 3 1 1 1 1 |1 1 1 5 1 1 1 1 1 1 1 1 1 1 1 2 |1 1 1 1 1 1 1 8 1 1 1 1 1 1 1 1 |1 1 1 1 1 1 1 1 1 1 1 1 1 1 1 1 |4 1 1 1 1 1 6 1 1 1 1 1 1 1 1 3 |1 6 1 4 1 1 1 1 1 1 12 8 7 1 9 7 |
8109: 4 1 1 1 1 1 1 1 1 1 4 5 1 1 1 1 |1 1 1 1 1 1 1 1 1 1 1 1 1 1 1 1 |1 1 1 1 1 1 1 1 1 1 1 1 1 1 1 1 |1 1 1 1 1 1 1 1 1 1 1 1 1 1 1 1 |1 1 1 1 1 1 1 1 1 1 1 1 1 1 1 1 |1 1 1 1 1 1 2 3 2 1 1 1 1 3 1 1 |1 1 1 1 1 1 1 1 1 1 1 3 1 1 1 1 |1 1 1 5 1 1 1 1 1 1 1 1 1 1 1 2 |1 1 1 1 1 1 1 8 1 1 1 1 1 1 1 1 |1 1 1 1 1 1 1 1 1 1 1 1 1 1 1 1 |4 1 1 1 1 1 6 1 1 1 1 1 1 1 1 3 |1 6 1 4 1 1 1 1 1 1 12 8 7 1 9 7 |
8120: 4 1 1 1 1 1 1 1 1 1 4 5 1 1 1 1 |1 1 1 1 1 1 1 1 1 1 1 1 1 1 1 1 |1 1 1 1 1 1 1 1 1 1 1 1 1 1 1 1 |1 2 1 1 1 1 1 1 1 1 1 1 1 1 1 1 |1 1 1 1 1 1 1 1 1 1 1 1 1 3 1 1 |1 1 1 1 1 1 2 2 1 1 1 1 1 2 1 1 |1 1 1 1 1 1 1 1 1 1 1 1 1 1 1 1 |1 1 1 13 1 9 1 1 1 1 1 1 1 1 1 4 |1 1 1 1 1 1 1 7 1 1 6 1 1 1 1 1 |2 1 1 1 1 1 2 1 1 1 1 8 1 1 1 1 |3 1 1 1 1 1 8 1 1 1 1 1 1 1 1 1 |1 6 1 4 1 1 1 1 1 1 12 8 7 1 9 7 |
8131: 4 1 1 1 1 1 1 1 1 1 4 5 1 1 1 1 |1 1 1 1 1 1 1 1 1 1 1 1 1 1 1 1 |1 1 1 1 1 1 1 1 1 1 1 1 1 1 1 1 |1 2 1 1 1 1 1 1 1 1 1 1 1 1 1 1 |1 1 1 1 1 1 1 1 1 1 1 1 1 3 1 1 |1 1 1 1 1 1 2 2 1 1 1 1 1 2 1 1 |1 1 1 1 1 1 1 1 1 1 1 1 1 1 1 1 |1 1 1 13 1 9 1 1 1 1 1 1 1 1 1 4 |1 1 1 1 1 1 1 7 1 1 6 1 1 1 1 1 |2 1 1 1 1 1 2 1 1 1 1 8 1 1 1 1 |3 1 1 1 1 1 8 1 1 1 1 1 1 1 1 1 |1 1 1 8 1 1 3 1 1 1 1 7 5 1 10 1 |
8142: 1 1 1 1 7 1 1 1 1 1 5 6 1 1 1 1 |1 1 1 1 1 1 1 1 1 1 1 1 1 1 1 1 |1 1 1 1 1 1 1 1 1 1 1 1 1 1 1 1 |1 1 1 1 1 1 1 1 1 1 1 1 1 1 1 1 |1 1 1 1 1 1 1 1 1 1 1 1 1 3 1 1 |1 1 1 1 1 1 2 2 1 1 1 1 1 2 1 1 |1 1 1 1 1 1 1 1 1 1 1 1 1 1 1 1 |1 1 1 13 1 9 1 1 1 1 1 1 1 1 1 4 |1 1 1 1 1 1 1 7 1 1 6 1 1 1 1 1 |2 1 1 1 1 1 2 1 1 1 1 8 1 1 1 1 |3 1 1 1 1 1 8 1 1 1 1 1 1 1 1 1 |1 1 1 8 1 1 3 1 1 1 1 7 5 1 10 1 |
8153: 1 1 1 1 7 1 1 1 1 1 5 6 1 1 1 1 |1 1 1 1 1 1 1 1 1 1 1 1 1 1 1 1 |1 1 1 1 1 1 1 1 1 1 1 1 1 1 1 1 |1 1 1 1 1 1 1 1 1 1 1 1 1 1 1 1 |1 1 1 1 1 1 1 1 1 1 1 1 1 3 7 1 |1 1 1 1 1 1 3 1 1 1 3 1 1 2 1 1 |1 1 1 1 1 1 1 5 1 1 1 1 1 1 1 1 |1 1 1 1 5 1 1 1 5 1 1 1 1 1 1 3 |1 1 1 1 1 1 1 6 1 1 1 1 1 1 1 1 |1 1 1 8 1 1 2 1 1 1 1 8 1 1 1 1 |6 1 1 1 1 1 2 1 1 1 1 6 1 1 1 8 |1 1 1 8 1 1 3 1 1 1 1 7 5 1 10 1 |
8164: 1 1 1 1 7 1 1 1 1 1 5 6 1 1 1 1 |1 1 1 1 1 1 1 1 1 1 1 1 1 1 1 1 |1 1 1 1 1 1 1 1 1 1 1 1 1 1 1 1 |1 1 1 1 1 1 1 1 1 1 1 1 1 1 1 1 |1 1 1 1 1 1 1 1 1 1 1 1 1 3 7 1 |1 1 1 1 1 1 3 1 1 1 3 1 1 2 1 1 |1 1 1 1 1 1 1 5 1 1 1 1 1 1 1 1 |1 1 1 1 5 1 1 1 5 1 1 1 1 1 1 3 |1 1 1 1 1 1 1 6 1 1 1 1 1 1 1 1 |1 1 1 8 1 1 2 1 1 1 1 8 1 1 1 1 |6 1 1 1 1 1 2 1 1 1 1 6 1 1 1 8 |1 6 1 1 1 1 1 1 1 1 4 1 6 1 9 1 |
8175: 1 1 1 1 1 1 1 1 1 1 1 8 1 1 1 1 |1 1 6 1 1 1 1 1 1 1 1 1 1 1 3 1 |1 1 1 1 1 1 1 1 1 1 1 1 1 1 1 1 |1 1 1 1 1 1 1 1 1 1 1 1 1 1 1 1 |1 1 1 1 1 1 1 1 1 1 1 1 1 3 7 1 |1 1 1 1 1 1 3 1 1 1 3 1 1 2 1 1 |1 1 1 1 1 1 1 5 1 1 1 1 1 1 1 1 |1 1 1 1 5 1 1 1 5 1 1 1 1 1 1 3 |1 1 1 1 1 1 1 6 1 1 1 1 1 1 1 1 |1 1 1 8 1 1 2 1 1 1 1 8 1 1 1 1 |6 1 1 1 1 1 2 1 1 1 1 6 1 1 1 8 |1 6 1 1 1 1 1 1 1 1 4 1 6 1 9 1 |
8186: 1 1 1 1 1 1 1 1 1 1 1 8 1 1 1 1 |1 1 6 1 1 1 1 1 1 1 1 1 1 1 3 1 |1 1 1 1 1 1 1 1 1 1 1 1 1 1 1 1 |1 1 1 1 1 1 1 1 1 1 1 1 1 1 1 1 |1 1 1 1 1 1 1 1 1 1 1 1 1 1 5 1 |1 1 1 1 1 1 3 3 1 3 2 1 1 1 1 1 |1 1 1 1 1 1 1 4 1 1 10 2 1 1 1 1 |1 1 1 11 1 1 1 1 1 1 1 1 1 1 1 4 |1 1 2 1 1 1 1 8 1 1 1 1 1 1 1 5 |1 1 1 9 1 1 1 1 1 1 1 1 1 1 1 1 |2 1 1 1 1 1 5 1 1 1 1 7 2 1 1 8 |1 1 1 1 1 1 1 1 1 1 3 8 9 1 1 1 |
8197: 1 1 1 1 1 1 1 1 1 1 1 8 1 1 1 1 |1 1 6 1 1 1 1 1 1 1 1 1 1 1 3 1 |1 1 1 1 1 1 1 1 1 1 1 1 1 1 1 1 |1 1 1 1 1 1 1 1 1 1 1 1 1 1 1 1 |1 1 1 1 1 1 1 1 1 1 1 1 1 1 5 1 |1 1 1 1 1 1 3 3 1 3 2 1 1 1 1 1 |1 1 1 1 1 1 1 4 1 1 10 2 1 1 1 1 |1 1 1 11 1 1 1 1 1 1 1 1 1 1 1 4 |1 1 2 1 1 1 1 8 1 1 1 1 1 1 1 5 |1 1 1 9 1 1 1 1 1 1 1 1 1 1 1 1 |2 1 1 1 1 1 5 1 1 1 1 7 2 1 1 8 |1 1 1 1 1 1 1 1 1 1 3 8 9 1 1 1 |
8208: 4 1 1 1 1 1 1 1 1 1 6 7 1 1 1 1 |1 1 5 4 1 1 1 1 1 1 1 1 1 1 4 6 |1 1 1 1 1 1 1 1 1 1 1 1 1 1 1 1 |1 1 1 1 1 1 1 1 1 1 1 1 1 1 1 1 |1 1 1 1 1 1 1 1 1 1 1 1 1 1 5 1 |1 1 1 1 1 1 3 3 1 3 2 1 1 1 1 1 |1 1 1 1 1 1 1 4 1 1 10 2 1 1 1 1 |1 1 1 11 1 1 1 1 1 1 1 1 1 1 1 4 |1 1 2 1 1 1 1 8 1 1 1 1 1 1 1 5 |1 1 1 9 1 1 1 1 1 1 1 1 1 1 1 1 |2 1 1 1 1 1 5 1 1 1 1 7 2 1 1 8 |1 1 1 1 1 1 1 1 1 1 3 8 9 1 1 1 |
8219: 4 1 1 1 1 1 1 1 1 1 6 7 1 1 1 1 |1 1 5 4 1 1 1 1 1 1 1 1 1 1 4 6 |1 1 1 1 1 1 1 1 1 1 1 1 1 1 1 1 |1 1 5 1 1 1 1 1 1 1 1 1 1 1 1 2 |1 1 1 1 1 1 1 1 1 1 1 2 1 8 6 1 |1 1 1 3 2 1 4 1 3 3 4 1 1 1 1 1 |1 1 1 1 1 1 1 1 1 1 1 1 1 2 1 1 |1 1 1 4 1 12 1 1 1 1 1 1 1 1 1 6 |1 1 1 14 1 1 1 7 1 1 6 1 1 1 1 7 |1 1 1 1 1 1 1 1 1 1 1 1 1 1 1 1 |2 1 1 1 1 1 5 1 1 1 1 7 2 1 1 8 |1 1 1 1 1 1 1 1 1 1 3 8 9 1 1 1 |
8230: 4 1 1 1 1 1 1 1 1 1 6 7 1 1 1 1 |1 1 5 4 1 1 1 1 1 1 1 1 1 1 4 6 |1 1 1 1 1 1 1 1 1 1 1 1 1 1 1 1 |1 1 5 1 1 1 1 1 1 1 1 1 1 1 1 2 |1 1 1 1 1 1 1 1 1 1 1 2 1 8 6 1 |1 1 1 3 2 1 4 1 3 3 4 1 1 1 1 1 |1 1 1 1 1 1 1 1 1 1 1 1 1 2 1 1 |1 1 1 4 1 12 1 1 1 1 1 1 1 1 1 6 |1 1 1 14 1 1 1 7 1 1 6 1 1 1 1 7 |1 1 1 1 1 1 1 1 1 1 1 1 1 1 1 1 |7 1 1 1 1 1 9 1 1 1 1 7 8 1 3 3 |1 2 1 2 6 1 1 1 1 1 7 1 1 1 10 2 |
8241: 1 1 1 1 1 1 1 1 1 1 4 1 1 1 1 1 |1 1 1 1 5 1 1 1 1 1 1 1 1 1 4 8 |1 1 1 1 1 1 1 1 1 1 1 1 1 1 1 2 |1 1 5 1 1 1 1 1 1 1 1 1 1 1 1 2 |1 1 1 1 1 1 1 1 1 1 1 2 1 8 6 1 |1 1 1 3 2 1 4 1 3 3 4 1 1 1 1 1 |1 1 1 1 1 1 1 1 1 1 1 1 1 2 1 1 |1 1 1 4 1 12 1 1 1 1 1 1 1 1 1 6 |1 1 1 14 1 1 1 7 1 1 6 1 1 1 1 7 |1 1 1 1 1 1 1 1 1 1 1 1 1 1 1 1 |7 1 1 1 1 1 9 1 1 1 1 7 8 1 3 3 |1 2 1 2 6 1 1 1 1 1 7 1 1 1 10 2 |
8252: 1 1 1 1 1 1 1 1 1 1 4 1 1 1 1 1 |1 1 1 1 5 1 1 1 1 1 1 1 1 1 4 8 |1 1 1 1 1 1 1 1 1 1 1 1 1 1 1 2 |1 1 1 1 1 1 1 1 1 1 1 1 1 1 1 6 |1 1 1 1 1 1 1 1 1 1 1 1 1 1 12 1 |1 1 1 1 1 1 1 5 1 5 10 4 1 7 1 1 |1 1 1 1 1 1 1 5 1 1 10 1 1 5 1 1 |1 1 1 1 5 1 1 1 1 1 1 1 1 1 1 4 |1 1 4 1 1 1 1 8 1 1 1 1 6 1 3 1 |1 1 1 8 1 1 1 1 1 1 1 1 1 1 1 1 |5 1 1 1 1 1 1 1 1 1 1 7 2 1 4 3 |1 2 1 2 6 1 1 1 1 1 7 1 1 1 10 2 |
8263: 1 1 1 1 1 1 1 1 1 1 4 1 1 1 1 1 |1 1 1 1 5 1 1 1 1 1 1 1 1 1 4 8 |1 1 1 1 1 1 1 1 1 1 1 1 1 1 1 2 |1 1 1 1 1 1 1 1 1 1 1 1 1 1 1 6 |1 1 1 1 1 1 1 1 1 1 1 1 1 1 12 1 |1 1 1 1 1 1 1 5 1 5 10 4 1 7 1 1 |1 1 1 1 1 1 1 5 1 1 10 1 1 5 1 1 |1 1 1 1 5 1 1 1 1 1 1 1 1 1 1 4 |1 1 4 1 1 1 1 8 1 1 1 1 6 1 3 1 |1 1 1 8 1 1 1 1 1 1 1 1 1 1 1 1 |5 1 1 1 1 1 1 1 1 1 1 7 2 1 4 3 |1 7 1 1 2 1 2 1 1 1 12 2 1 1 3 1 |
8274: 3 1 1 1 1 1 1 1 1 1 6 3 1 1 1 1 |1 1 1 11 1 1 1 1 1 1 1 1 1 1 9 7 |1 1 1 1 1 1 1 1 1 1 1 1 1 1 1 8 |1 1 1 1 1 1 1 1 1 1 1 1 1 1 1 6 |1 1 1 1 1 1 1 1 1 1 1 1 1 1 12 1 |1 1 1 1 1 1 1 5 1 5 10 4 1 7 1 1 |1 1 1 1 1 1 1 5 1 1 10 1 1 5 1 1 |1 1 1 1 5 1 1 1 1 1 1 1 1 1 1 4 |1 1 4 1 1 1 1 8 1 1 1 1 6 1 3 1 |1 1 1 8 1 1 1 1 1 1 1 1 1 1 1 1 |5 1 1 1 1 1 1 1 1 1 1 7 2 1 4 3 |1 7 1 1 2 1 2 1 1 1 12 2 1 1 3 1 |
8285: 3 1 1 1 1 1 1 1 1 1 6 3 1 1 1 1 |1 1 1 11 1 1 1 1 1 1 1 1 1 1 9 7 |1 1 1 1 1 1 1 1 1 1 1 1 1 1 1 8 |1 1 4 1 1 1 1 1 1 1 1 1 1 1 1 12 |1 1 1 1 1 1 1 1 1 1 1 1 1 11 6 1 |1 1 1 1 1 1 1 1 4 1 9 4 1 10 1 1 |1 1 1 1 1 1 1 4 1 1 1 2 1 5 1 1 |1 1 1 12 4 1 1 1 1 1 1 1 1 1 1 1 |1 1 1 1 1 1 1 3 1 1 1 1 1 1 1 6 |1 1 1 8 1 1 1 1 1 1 1 1 1 1 1 1 |5 1 1 1 1 1 1 1 1 1 1 7 2 1 4 3 |1 7 1 1 2 1 2 1 1 1 12 2 1 1 3 1 |
8296: 3 1 1 1 1 1 1 1 1 1 6 3 1 1 1 1 |1 1 1 11 1 1 1 1 1 1 1 1 1 1 9 7 |1 1 1 1 1 1 1 1 1 1 1 1 1 1 1 8 |1 1 4 1 1 1 1 1 1 1 1 1 1 1 1 12 |1 1 1 1 1 1 1 1 1 1 1 1 1 11 6 1 |1 1 1 1 1 1 1 1 4 1 9 4 1 10 1 1 |1 1 1 1 1 1 1 4 1 1 1 2 1 5 1 1 |1 1 1 12 4 1 1 1 1 1 1 1 1 1 1 1 |1 1 1 1 1 1 1 3 1 1 1 1 1 1 1 6 |1 1 2 1 1 1 1 1 1 1 1 1 1 1 1 1 |3 1 1 1 1 1 1 1 1 1 1 6 1 1 1 8 |1 6 1 8 2 1 1 1 1 1 2 3 6 2 1 1 |
8307: 3 1 1 1 1 1 1 1 1 1 6 1 1 1 1 1 |1 1 1 11 1 1 1 1 1 1 1 1 1 1 9 7 |1 1 1 1 1 1 1 1 1 1 1 1 1 1 1 8 |1 1 4 1 1 1 1 1 1 1 1 1 1 1 1 12 |1 1 1 1 1 1 1 1 1 1 1 1 1 11 6 1 |1 1 1 1 1 1 1 1 4 1 9 4 1 10 1 1 |1 1 1 1 1 1 1 4 1 1 1 2 1 5 1 1 |1 1 1 12 4 1 1 1 1 1 1 1 1 1 1 1 |1 1 1 1 1 1 1 3 1 1 1 1 1 1 1 6 |1 1 2 1 1 1 1 1 1 1 1 1 1 1 1 1 |3 1 1 1 1 1 1 1 1 1 1 6 1 1 1 8 |1 6 1 8 2 1 1 1 1 1 2 3 6 2 1 1 |
8318: 3 1 1 1 1 1 1 1 1 1 6 1 1 1 1 1 |1 1 1 1 1 1 1 1 1 1 1 1 1 1 5 1 |1 1 1 1 1 1 1 1 1 1 1 1 1 1 1 2 |1 1 6 1 1 1 1 1 1 1 1 1 4 2 11 3 |1 1 1 1 1 4 1 1 1 1 1 2 1 18 25 1 |1 1 1 1 1 1 1 1 2 1 10 6 1 13 1 1 |1 1 1 1 1 1 1 7 1 1 4 2 1 8 1 1 |1 1 1 1 1 1 1 1 1 2 1 1 1 1 1 6 |1 1 1 1 1 1 1 8 1 1 1 1 5 1 2 10 |1 1 2 1 1 1 1 1 1 1 1 1 1 1 1 1 |3 1 1 1 1 1 1 1 1 1 1 6 1 1 1 8 |1 6 1 8 2 1 1 1 1 1 2 3 6 2 1 1 |
8328: 3 1 1 1 1 1 1 1 1 1 6 1 1 1 1 1 |1 1 1 1 1 1 1 1 1 1 1 1 1 1 5 1 |1 1 1 1 1 1 1 1 1 1 1 1 1 1 1 2 |1 1 6 1 1 1 1 1 1 1 1 1 4 2 11 3 |1 1 1 1 1 4 1 1 1 1 1 2 1 18 25 1 |1 1 1 1 1 1 1 1 2 1 10 6 1 13 1 1 |1 1 1 1 1 1 1 7 1 1 4 2 1 8 1 1 |1 1 1 1 1 1 1 1 1 2 1 1 1 1 1 6 |1 1 1 1 1 1 1 8 1 1 1 1 5 1 2 10 |1 1 1 9 1 1 1 1 1 1 1 1 3 12 1 1 |2 1 2 1 1 1 3 1 1 1 1 6 3 1 4 8 |1 1 1 7 1 1 4 1 1 1 12 2 7 1 10 6 |
8339: 3 1 1 1 1 1 1 1 1 1 6 1 1 1 1 1 |1 1 1 1 1 1 1 1 1 1 1 1 1 1 5 1 |1 1 1 1 1 1 1 1 1 1 1 1 1 1 1 2 |1 1 6 1 1 1 1 1 1 1 1 1 4 2 11 3 |1 1 1 1 1 4 1 1 1 1 1 2 1 18 25 1 |1 1 1 1 1 1 1 1 2 1 10 6 1 13 1 1 |1 1 1 1 1 1 1 7 1 1 4 2 1 8 1 1 |1 1 1 1 1 1 1 1 1 2 1 1 1 1 1 6 |1 1 1 1 1 1 1 8 1 1 1 1 5 1 2 10 |1 1 1 9 1 1 1 1 1 1 1 1 3 12 1 1 |2 1 2 1 1 1 3 1 1 1 1 6 3 1 4 8 |1 1 1 7 1 1 4 1 1 1 12 2 7 1 10 6 |
8350: 1 1 1 1 1 1 1 1 1 1 5 2 1 1 1 1 |1 1 1 1 1 1 1 1 1 1 1 1 1 1 12 1 |1 1 1 1 1 1 1 1 1 1 1 1 1 1 1 5 |1 1 1 1 1 1 1 1 6 2 1 1 13 11 40 58 |1 1 1 1 1 1 1 1 1 1 1 9 14 48 67 20 |1 1 1 1 3 6 1 1 1 1 10 6 10 34 8 2 |1 1 1 1 1 5 1 5 1 1 10 1 1 2 1 6 |1 1 1 12 4 4 1 1 1 1 1 1 7 1 1 1 |1 1 1 1 1 1 1 8 1 1 1 1 5 1 2 10 |1 1 1 9 1 1 1 1 1 1 1 1 3 12 1 1 |2 1 2 1 1 1 3 1 1 1 1 6 3 1 4 8 |1 1 1 7 1 1 4 1 1 1 12 2 7 1 10 6 |
8361: 1 1 1 1 1 1 1 1 1 1 5 2 1 1 1 1 |1 1 1 1 1 1 1 1 1 1 1 1 1 1 12 1 |1 1 1 1 1 1 1 1 1 1 1 1 1 1 1 5 |1 1 1 1 1 1 1 1 6 2 1 1 13 11 40 58 |1 1 1 1 1 1 1 1 1 1 1 9 14 48 67 20 |1 1 1 1 3 6 1 1 1 1 10 6 10 34 8 2 |1 1 1 1 1 5 1 5 1 1 10 1 1 2 1 6 |1 1 1 12 4 4 1 1 1 1 1 1 7 1 1 1 |1 1 1 1 1 1 1 7 1 1 1 1 6 1 1 13 |1 1 1 9 1 1 4 1 1 1 1 1 1 17 1 9 |4 1 8 1 1 1 1 1 1 1 1 8 5 3 3 1 |1 8 1 1 10 1 1 1 1 1 13 5 11 7 4 2 |
8372: 5 1 1 7 1 1 1 1 1 1 7 4 1 1 1 5 |1 1 1 1 1 1 1 1 1 1 1 1 1 1 12 1 |1 1 1 1 1 1 1 1 1 1 1 1 1 1 1 5 |1 1 1 1 1 1 1 1 6 2 1 1 13 11 40 58 |1 1 1 1 1 1 1 1 1 1 1 9 14 48 67 20 |1 1 1 1 3 6 1 1 1 1 10 6 10 34 8 2 |1 1 1 1 1 5 1 5 1 1 10 1 1 2 1 6 |1 1 1 12 4 4 1 1 1 1 1 1 7 1 1 1 |1 1 1 1 1 1 1 7 1 1 1 1 6 1 1 13 |1 1 1 9 1 1 4 1 1 1 1 1 1 17 1 9 |4 1 8 1 1 1 1 1 1 1 1 8 5 3 3 1 |1 8 1 1 10 1 1 1 1 1 13 5 11 7 4 2 |
8383: 5 1 1 7 1 1 1 1 1 1 7 4 1 1 1 5 |1 1 6 7 1 1 1 1 1 1 1 1 1 5 14 16 |1 1 1 1 1 1 1 1 1 1 1 1 1 8 19 56 |1 5 11 1 5 12 2 1 2 1 1 5 31 100 206 203 |9 1 1 1 2 6 1 1 1 1 10 26 96 232 234 111 |1 2 1 4 5 1 2 4 1 4 8 5 38 98 78 21 |1 1 1 1 1 1 1 7 1 1 13 3 1 4 8 10 |1 1 3 12 2 1 1 1 1 1 1 1 13 1 1 1 |1 1 1 1 1 1 1 7 1 1 5 1 7 2 8 7 |1 1 1 1 1 1 1 1 1 1 1 1 1 15 1 10 |4 1 8 1 1 1 1 1 1 1 1 8 5 3 3 1 |1 8 1 1 10 1 1 1 1 1 13 5 11 7 4 2 |
8394: 5 1 1 7 1 1 1 1 1 1 7 4 1 1 1 5 |1 1 6 7 1 1 1 1 1 1 1 1 1 5 14 16 |1 1 1 1 1 1 1 1 1 1 1 1 1 8 19 56 |1 5 11 1 5 12 2 1 2 1 1 5 31 100 206 203 |9 1 1 1 2 6 1 1 1 1 10 26 96 232 234 111 |1 2 1 4 5 1 2 4 1 4 8 5 38 98 78 21 |1 1 1 1 1 1 1 7 1 1 13 3 1 4 8 10 |1 1 3 12 2 1 1 1 1 1 1 1 13 1 1 1 |1 1 1 1 1 1 1 7 1 1 5 1 7 2 8 7 |1 1 1 1 1 1 1 1 1 1 1 1 1 15 1 10 |5 1 6 1 1 1 2 1 1 1 1 8 11 1 1 1 |1 6 1 7 3 1 1 1 1 1 11 3 1 8 10 11 |
8405: 4 1 1 1 1 1 2 1 1 1 6 2 1 1 1 7 |1 1 6 7 1 1 1 1 1 1 1 1 1 5 14 16 |1 1 1 1 1 1 1 1 1 1 1 1 1 8 19 56 |1 5 11 1 5 12 2 1 2 1 1 5 31 100 206 203 |9 1 1 1 2 6 1 1 1 1 10 26 96 232 234 111 |1 2 1 4 5 1 2 4 1 4 8 5 38 98 78 21 |1 1 1 1 1 1 1 7 1 1 13 3 1 4 8 10 |1 1 3 12 2 1 1 1 1 1 1 1 13 1 1 1 |1 1 1 1 1 1 1 7 1 1 5 1 7 2 8 7 |1 1 1 1 1 1 1 1 1 1 1 1 1 15 1 10 |5 1 6 1 1 1 2 1 1 1 1 8 11 1 1 1 |1 6 1 7 3 1 1 1 1 1 11 3 1 8 10 11 |
8416: 4 1 1 1 1 1 2 1 1 1 6 2 1 1 1 7 |1 1 1 4 1 1 1 1 1 1 1 1 1 6 15 9 |1 1 1 1 1 1 1 1 1 1 1 1 1 11 34 52 |6 1 4 10 5 3 1 1 12 1 1 4 34 126 212 197 |10 8 1 13 7 7 5 2 1 1 2 35 177 244 240 109 |1 1 1 1 1 1 11 26 1 1 11 15 67 162 102 24 |1 1 1 1 1 1 1 7 1 1 12 5 1 24 7 4 |1 1 1 2 8 6 1 1 1 1 1 8 9 1 1 1 |1 1 1 1 8 1 1 1 1 1 1 1 3 1 3 1 |1 1 1 1 1 1 1 1 1 1 1 1 1 15 1 10 |5 1 6 1 1 1 2 1 1 1 1 8 11 1 1 1 |1 6 1 7 3 1 1 1 1 1 11 3 1 8 10 11 |
8427: 4 1 1 1 1 1 2 1 1 1 6 2 1 1 1 7 |1 1 1 4 1 1 1 1 1 1 1 1 1 6 15 9 |1 1 1 1 1 1 1 1 1 1 1 1 1 11 34 52 |6 1 4 10 5 3 1 1 12 1 1 4 34 126 212 197 |10 8 1 13 7 7 5 2 1 1 2 35 177 244 240 109 |1 1 1 1 1 1 11 26 1 1 11 15 67 162 102 24 |1 1 1 1 1 1 1 7 1 1 12 5 1 24 7 4 |1 1 1 2 8 6 1 1 1 1 1 8 9 1 1 1 |1 1 1 1 8 1 1 1 1 1 1 1 3 1 3 1 |1 1 1 1 1 1 5 2 1 1 1 1 10 9 1 10 |4 1 7 1 1 1 7 1 1 1 8 6 5 1 1 2 |1 16 1 9 9 1 1 1 1 4 11 3 1 1 18 9 |
8438: 4 1 1 5 1 1 1 1 1 1 7 5 1 1 1 7 |1 1 1 1 1 1 1 1 1 1 1 1 1 1 15 17 |1 1 1 1 1 1 1 1 1 1 1 1 1 11 34 52 |6 1 4 10 5 3 1 1 12 1 1 4 34 126 212 197 |10 8 1 13 7 7 5 2 1 1 2 35 177 244 240 109 |1 1 1 1 1 1 11 26 1 1 11 15 67 162 102 24 |1 1 1 1 1 1 1 7 1 1 12 5 1 24 7 4 |1 1 1 2 8 6 1 1 1 1 1 8 9 1 1 1 |1 1 1 1 8 1 1 1 1 1 1 1 3 1 3 1 |1 1 1 1 1 1 5 2 1 1 1 1 10 9 1 10 |4 1 7 1 1 1 7 1 1 1 8 6 5 1 1 2 |1 16 1 9 9 1 1 1 1 4 11 3 1 1 18 9 |
8449: 4 1 1 5 1 1 1 1 1 1 7 5 1 1 1 7 |1 1 1 1 1 1 1 1 1 1 1 1 1 1 15 17 |1 1 1 1 1 1 1 1 1 1 1 1 2 10 37 50 |2 13 16 6 5 10 2 1 7 6 1 10 49 140 224 200 |11 6 1 1 15 9 3 6 1 1 9 35 195 249 242 130 |1 1 3 1 10 1 4 1 12 14 11 42 110 180 111 35 |1 1 1 1 1 1 1 5 1 1 9 9 8 25 1 1 |1 1 1 13 1 1 1 1 1 8 1 6 14 1 4 1 |1 1 3 1 1 1 1 9 1 1 5 1 4 2 7 7 |1 1 1 1 1 1 5 2 1 1 1 1 10 9 1 10 |4 1 7 1 1 1 7 1 1 1 8 6 5 1 1 2 |1 16 1 9 9 1 1 1 1 4 11 3 1 1 18 9 |
8460: 4 1 1 5 1 1 1 1 1 1 7 5 1 1 1 7 |1 1 1 1 1 1 1 1 1 1 1 1 1 1 15 17 |1 1 1 1 1 1 1 1 1 1 1 1 2 10 37 50 |2 13 16 6 5 10 2 1 7 6 1 10 49 140 224 200 |11 6 1 1 15 9 3 6 1 1 9 35 195 249 242 130 |1 1 3 1 10 1 4 1 12 14 11 42 110 180 111 35 |1 1 1 1 1 1 1 5 1 1 9 9 8 25 1 1 |1 1 1 13 1 1 1 1 1 8 1 6 14 1 4 1 |1 1 3 1 1 1 1 9 1 1 5 1 4 2 7 7 |1 1 1 1 1 1 6 1 1 1 5 8 11 15 1 11 |1 1 1 1 1 1 7 1 1 1 1 5 12 1 15 3 |1 7 1 7 1 1 1 2 1 1 7 9 1 9 16 13 |
8471: 1 1 1 4 1 1 1 1 1 1 3 1 1 7 1 8 |1 1 6 1 1 1 1 1 1 1 1 1 1 1 14 14 |1 1 1 1 1 1 1 1 1 1 1 1 2 10 37 50 |2 13 16 6 5 10 2 1 7 6 1 10 49 140 224 200 |11 6 1 1 15 9 3 6 1 1 9 35 195 249 242 130 |1 1 3 1 10 1 4 1 12 14 11 42 110 180 111 35 |1 1 1 1 1 1 1 5 1 1 9 9 8 25 1 1 |1 1 1 13 1 1 1 1 1 8 1 6 14 1 4 1 |1 1 3 1 1 1 1 9 1 1 5 1 4 2 7 7 |1 1 1 1 1 1 6 1 1 1 5 8 11 15 1 11 |1 1 1 1 1 1 7 1 1 1 1 5 12 1 15 3 |1 7 1 7 1 1 1 2 1 1 7 9 1 9 16 13 |
8482: 1 1 1 4 1 1 1 1 1 1 3 1 1 7 1 8 |1 1 6 1 1 1 1 1 1 1 1 1 1 1 14 14 |1 1 1 1 1 1 1 1 1 1 1 1 3 5 36 58 |15 16 25 6 7 3 4 1 8 1 6 6 51 136 225 204 |16 10 9 1 18 8 3 8 1 1 10 41 203 235 245 130 |1 10 1 9 14 4 17 13 5 44 8 22 136 182 121 17 |1 1 1 1 1 5 1 7 1 1 13 7 11 24 2 1 |1 1 1 12 6 1 1 1 1 8 1 1 1 1 8 1 |1 1 1 1 1 1 1 11 1 1 13 1 1 1 4 2 |1 1 1 1 1 1 5 1 1 1 7 2 11 8 1 1 |1 1 1 1 1 1 7 1 1 1 1 5 12 1 15 3 |1 7 1 7 1 1 1 2 1 1 7 9 1 9 16 13 |
8493: 1 1 1 4 1 1 1 1 1 1 3 1 1 7 1 8 |1 1 6 1 1 1 1 1 1 1 1 1 1 1 14 14 |1 1 1 1 1 1 1 1 1 1 1 1 3 5 36 58 |15 16 25 6 7 3 4 1 8 1 6 6 51 136 225 204 |16 10 9 1 18 8 3 8 1 1 10 41 203 235 245 130 |1 10 1 9 14 4 17 13 5 44 8 22 136 182 121 17 |1 1 1 1 1 5 1 7 1 1 13 7 11 24 2 1 |1 1 1 12 6 1 1 1 1 8 1 1 1 1 8 1 |1 1 1 1 1 1 1 11 1 1 13 1 1 1 4 2 |1 1 1 1 1 1 5 1 1 1 7 2 11 8 1 1 |8 1 1 1 1 1 1 1 1 1 1 7 9 1 15 1 |1 6 1 2 1 1 2 1 1 1 6 1 1 7 18 11 |
8504: 4 1 1 1 1 1 1 1 1 1 5 3 1 5 2 1 |1 1 6 1 1 1 1 1 1 1 1 1 1 1 14 14 |1 1 1 1 1 1 1 1 1 1 1 1 3 5 36 58 |15 16 25 6 7 3 4 1 8 1 6 6 51 136 225 204 |16 10 9 1 18 8 3 8 1 1 10 41 203 235 245 130 |1 10 1 9 14 4 17 13 5 44 8 22 136 182 121 17 |1 1 1 1 1 5 1 7 1 1 13 7 11 24 2 1 |1 1 1 12 6 1 1 1 1 8 1 1 1 1 8 1 |1 1 1 1 1 1 1 11 1 1 13 1 1 1 4 2 |1 1 1 1 1 1 5 1 1 1 7 2 11 8 1 1 |8 1 1 1 1 1 1 1 1 1 1 7 9 1 15 1 |1 6 1 2 1 1 2 1 1 1 6 1 1 7 18 11 |
8515: 4 1 1 1 1 1 1 1 1 1 5 3 1 5 2 1 |1 1 1 1 1 1 1 1 1 1 1 1 1 1 8 14 |1 1 1 1 1 1 1 1 1 1 1 1 3 9 35 66 |9 5 14 3 8 1 1 6 5 7 8 1 49 140 222 216 |17 5 3 9 14 1 4 1 5 1 5 44 206 246 250 140 |1 1 6 3 16 13 13 12 5 13 14 17 133 193 147 35 |1 1 1 1 1 1 1 6 1 1 9 8 11 20 1 1 |1 1 1 11 4 1 1 1 1 1 1 6 5 1 1 8 |1 1 1 1 1 1 1 8 1 1 10 1 1 1 5 8 |1 1 1 1 1 1 2 1 1 1 1 1 1 3 1 10 |8 1 1 1 1 1 1 1 1 1 1 7 9 1 15 1 |1 6 1 2 1 1 2 1 1 1 6 1 1 7 18 11 |
8526: 4 1 1 1 1 1 1 1 1 1 5 3 1 5 2 1 |1 1 1 1 1 1 1 1 1 1 1 1 1 1 8 14 |1 1 1 1 1 1 1 1 1 1 1 1 3 9 35 66 |9 5 14 3 8 1 1 6 5 7 8 1 49 140 222 216 |17 5 3 9 14 1 4 1 5 1 5 44 206 246 250 140 |1 1 6 3 16 13 13 12 5 13 14 17 133 193 147 35 |1 1 1 1 1 1 1 6 1 1 9 8 11 20 1 1 |1 1 1 11 4 1 1 1 1 1 1 6 5 1 1 8 |1 1 1 1 1 1 1 8 1 1 10 1 1 1 5 8 |1 1 1 1 1 1 2 1 1 1 1 1 1 3 1 10 |3 1 1 1 1 1 7 1 1 1 1 9 5 1 1 2 |1 6 1 1 2 1 1 2 1 1 13 3 1 10 16 10 |
8537: 1 1 1 3 3 1 1 1 1 1 6 7 1 9 1 6 |1 1 1 1 1 1 1 1 1 1 1 1 1 1 21 15 |1 1 1 1 1 1 1 1 1 1 1 1 1 1 35 72 |9 5 14 3 8 1 1 6 5 7 8 1 49 140 222 216 |17 5 3 9 14 1 4 1 5 1 5 44 206 246 250 140 |1 1 6 3 16 13 13 12 5 13 14 17 133 193 147 35 |1 1 1 1 1 1 1 6 1 1 9 8 11 20 1 1 |1 1 1 11 4 1 1 1 1 1 1 6 5 1 1 8 |1 1 1 1 1 1 1 8 1 1 10 1 1 1 5 8 |1 1 1 1 1 1 2 1 1 1 1 1 1 3 1 10 |3 1 1 1 1 1 7 1 1 1 1 9 5 1 1 2 |1 6 1 1 2 1 1 2 1 1 13 3 1 10 16 10 |
8548: 1 1 1 3 3 1 1 1 1 1 6 7 1 9 1 6 |1 1 1 1 1 1 1 1 1 1 1 1 1 1 21 15 |1 1 1 1 1 1 1 1 1 1 1 1 1 1 35 72 |6 1 12 1 1 2 1 1 8 1 3 10 47 143 219 224 |16 15 8 8 34 20 1 1 1 1 13 40 204 246 233 132 |4 2 1 1 7 14 10 6 12 10 20 32 138 205 129 48 |1 1 1 1 1 1 1 1 1 1 10 9 8 19 1 1 |1 1 1 13 5 1 1 1 1 1 1 5 5 1 4 13 |1 1 4 7 7 1 1 9 1 1 6 1 1 1 10 7 |1 1 1 1 2 1 1 1 1 1 7 5 9 15 1 1 |2 1 10 1 1 1 8 1 1 1 1 7 5 1 1 2 |1 6 1 1 2 1 1 2 1 1 13 3 1 10 16 10 |
8559: 1 1 1 3 3 1 1 1 1 1 6 7 1 9 1 6 |1 1 1 1 1 1 1 1 1 1 1 1 1 1 21 15 |1 1 1 1 1 1 1 1 1 1 1 1 1 1 35 72 |6 1 12 1 1 2 1 1 8 1 3 10 47 143 219 224 |16 15 8 8 34 20 1 1 1 1 13 40 204 246 233 132 |4 2 1 1 7 14 10 6 12 10 20 32 138 205 129 48 |1 1 1 1 1 1 1 1 1 1 10 9 8 19 1 1 |1 1 1 13 5 1 1 1 1 1 1 5 5 1 4 13 |1 1 4 7 7 1 1 9 1 1 6 1 1 1 10 7 |1 1 1 1 2 1 1 1 1 1 7 5 9 15 1 1 |2 1 10 1 1 1 8 1 1 1 1 7 5 1 1 2 |1 11 1 6 2 1 2 1 1 1 11 8 1 10 17 7 |
8570: 1 1 1 6 1 1 2 1 1 1 8 10 1 6 1 8 |1 1 4 1 1 1 1 1 1 1 1 1 1 7 21 15 |1 1 1 1 1 1 1 1 1 1 1 1 1 1 35 72 |6 1 12 1 1 2 1 1 8 1 3 10 47 143 219 224 |16 15 8 8 34 20 1 1 1 1 13 40 204 246 233 132 |4 2 1 1 7 14 10 6 12 10 20 32 138 205 129 48 |1 1 1 1 1 1 1 1 1 1 10 9 8 19 1 1 |1 1 1 13 5 1 1 1 1 1 1 5 5 1 4 13 |1 1 4 7 7 1 1 9 1 1 6 1 1 1 10 7 |1 1 1 1 2 1 1 1 1 1 7 5 9 15 1 1 |2 1 10 1 1 1 8 1 1 1 1 7 5 1 1 2 |1 11 1 6 2 1 2 1 1 1 11 8 1 10 17 7 |
8581: 1 1 1 6 1 1 2 1 1 1 8 10 1 6 1 8 |1 1 4 1 1 1 1 1 1 1 1 1 1 7 21 15 |1 1 1 1 1 1 1 1 1 1 1 1 2 16 37 74 |4 1 15 9 9 1 7 16 24 26 20 23 34 138 227 219 |13 1 4 9 11 9 1 1 1 1 1 25 212 241 235 152 |1 1 6 1 18 16 9 22 6 8 18 26 139 197 147 39 |1 1 1 1 1 1 1 1 1 1 13 7 11 17 1 1 |1 1 1 11 3 1 1 1 1 1 1 1 15 1 2 1 |1 1 2 5 1 1 1 10 1 1 8 1 7 4 3 9 |1 1 1 9 1 2 7 1 1 1 5 4 11 11 1 9 |7 1 1 1 1 1 3 1 1 1 1 6 5 1 1 4 |1 11 1 6 2 1 2 1 1 1 11 8 1 10 17 7 |
8592: 1 1 1 6 1 1 2 1 1 1 8 10 1 6 1 8 |1 1 4 1 1 1 1 1 1 1 1 1 1 7 21 15 |1 1 1 1 1 1 1 1 1 1 1 1 2 16 37 74 |4 1 15 9 9 1 7 16 24 26 20 23 34 138 227 219 |13 1 4 9 11 9 1 1 1 1 1 25 212 241 235 152 |1 1 6 1 18 16 9 22 6 8 18 26 139 197 147 39 |1 1 1 1 1 1 1 1 1 1 13 7 11 17 1 1 |1 1 1 11 3 1 1 1 1 1 1 1 15 1 2 1 |1 1 2 5 1 1 1 10 1 1 8 1 7 4 3 9 |1 1 1 9 1 2 7 1 1 1 5 4 11 11 1 9 |7 1 1 1 1 1 3 1 1 1 1 6 5 1 1 4 |1 4 1 1 1 1 1 1 1 1 13 7 1 8 13 1 |
8603: 1 1 1 1 1 1 3 1 1 1 7 1 1 6 3 1 |1 1 1 1 1 1 1 1 1 1 1 1 1 5 19 16 |1 1 1 1 1 1 1 1 1 1 1 1 2 16 37 74 |4 1 15 9 9 1 7 16 24 26 20 23 34 138 227 219 |13 1 4 9 11 9 1 1 1 1 1 25 212 241 235 152 |1 1 6 1 18 16 9 22 6 8 18 26 139 197 147 39 |1 1 1 1 1 1 1 1 1 1 13 7 11 17 1 1 |1 1 1 11 3 1 1 1 1 1 1 1 15 1 2 1 |1 1 2 5 1 1 1 10 1 1 8 1 7 4 3 9 |1 1 1 9 1 2 7 1 1 1 5 4 11 11 1 9 |7 1 1 1 1 1 3 1 1 1 1 6 5 1 1 4 |1 4 1 1 1 1 1 1 1 1 13 7 1 8 13 1 |
8614: 1 1 1 1 1 1 3 1 1 1 7 1 1 6 3 1 |1 1 1 1 1 1 1 1 1 1 1 1 1 5 19 16 |1 1 1 1 1 1 1 1 1 1 2 1 1 1 43 82 |12 1 10 9 4 9 3 1 1 9 9 18 45 132 222 218 |14 4 1 9 11 8 3 1 1 1 1 32 214 246 250 150 |1 1 1 7 6 15 8 3 2 10 11 38 133 196 156 31 |1 1 1 1 1 1 1 1 1 1 10 9 1 17 9 10 |1 1 1 1 1 1 1 1 1 1 1 8 8 1 1 13 |1 1 1 1 1 1 1 7 1 1 13 1 4 1 3 17 |1 1 1 8 1 1 5 1 1 1 1 8 9 10 1 1 |5 1 1 1 1 1 7 1 1 1 1 7 6 1 1 17 |1 11 1 8 8 1 1 2 1 1 1 1 1 9 7 4 |
8625: 1 1 1 1 1 1 3 1 1 1 7 1 1 6 3 1 |1 1 1 1 1 1 1 1 1 1 1 1 1 5 19 16 |1 1 1 1 1 1 1 1 1 1 2 1 1 1 43 82 |12 1 10 9 4 9 3 1 1 9 9 18 45 132 222 218 |14 4 1 9 11 8 3 1 1 1 1 32 214 246 250 150 |1 1 1 7 6 15 8 3 2 10 11 38 133 196 156 31 |1 1 1 1 1 1 1 1 1 1 10 9 1 17 9 10 |1 1 1 1 1 1 1 1 1 1 1 8 8 1 1 13 |1 1 1 1 1 1 1 7 1 1 13 1 4 1 3 17 |1 1 1 8 1 1 5 1 1 1 1 8 9 10 1 1 |5 1 1 1 1 1 7 1 1 1 1 7 6 1 1 17 |1 11 1 8 8 1 1 2 1 1 1 1 1 9 7 4 |
8636: 3 1 1 7 1 1 2 1 1 1 5 1 1 7 1 10 |1 1 1 1 1 1 1 1 1 1 1 1 1 1 20 8 |1 1 1 1 1 1 1 1 1 1 1 1 1 4 43 90 |12 1 10 9 4 9 3 1 1 9 9 18 45 132 222 218 |14 4 1 9 11 8 3 1 1 1 1 32 214 246 250 150 |1 1 1 7 6 15 8 3 2 10 11 38 133 196 156 31 |1 1 1 1 1 1 1 1 1 1 10 9 1 17 9 10 |1 1 1 1 1 1 1 1 1 1 1 8 8 1 1 13 |1 1 1 1 1 1 1 7 1 1 13 1 4 1 3 17 |1 1 1 8 1 1 5 1 1 1 1 8 9 10 1 1 |5 1 1 1 1 1 7 1 1 1 1 7 6 1 1 17 |1 11 1 8 8 1 1 2 1 1 1 1 1 9 7 4 |
8647: 3 1 1 7 1 1 2 1 1 1 5 1 1 7 1 10 |1 1 1 1 1 1 1 1 1 1 1 1 1 1 20 8 |1 1 1 1 1 1 1 1 1 1 1 1 1 4 43 90 |11 11 10 1 5 2 1 1 13 12 1 9 40 145 229 228 |13 2 1 10 14 1 1 1 5 1 1 30 201 227 236 140 |1 1 1 7 15 15 11 18 12 18 12 30 140 191 147 35 |1 1 1 1 1 1 1 7 1 1 12 1 11 18 1 4 |1 1 1 10 1 1 1 2 1 5 1 1 14 1 3 12 |1 1 1 1 1 1 1 6 1 1 11 1 1 2 4 1 |1 1 1 10 1 1 1 1 1 1 1 1 10 10 1 1 |5 1 8 1 1 1 8 1 1 1 1 9 11 1 1 1 |1 11 1 8 8 1 1 2 1 1 1 1 1 9 7 4 |
8658: 3 1 1 7 1 1 2 1 1 1 5 1 1 7 1 10 |1 1 1 1 1 1 1 1 1 1 1 1 1 1 20 8 |1 1 1 1 1 1 1 1 1 1 1 1 1 4 43 90 |11 11 10 1 5 2 1 1 13 12 1 9 40 145 229 228 |13 2 1 10 14 1 1 1 5 1 1 30 201 227 236 140 |1 1 1 7 15 15 11 18 12 18 12 30 140 191 147 35 |1 1 1 1 1 1 1 7 1 1 12 1 11 18 1 4 |1 1 1 10 1 1 1 2 1 5 1 1 14 1 3 12 |1 1 1 1 1 1 1 6 1 1 11 1 1 2 4 1 |1 1 1 10 1 1 1 1 1 1 1 1 10 10 1 1 |5 1 8 1 1 1 8 1 1 1 1 9 11 1 1 1 |1 7 1 8 4 1 1 1 2 2 12 5 1 10 12 1 |
8669: 4 1 1 1 1 1 1 1 1 1 6 14 1 1 1 2 |1 1 10 1 1 1 1 1 1 1 1 1 1 1 20 17 |1 1 1 1 1 1 1 1 1 1 1 1 2 15 45 85 |11 11 10 1 5 2 1 1 13 12 1 9 40 145 229 228 |13 2 1 10 14 1 1 1 5 1 1 30 201 227 236 140 |1 1 1 7 15 15 11 18 12 18 12 30 140 191 147 35 |1 1 1 1 1 1 1 7 1 1 12 1 11 18 1 4 |1 1 1 10 1 1 1 2 1 5 1 1 14 1 3 12 |1 1 1 1 1 1 1 6 1 1 11 1 1 2 4 1 |1 1 1 10 1 1 1 1 1 1 1 1 10 10 1 1 |5 1 8 1 1 1 8 1 1 1 1 9 11 1 1 1 |1 7 1 8 4 1 1 1 2 2 12 5 1 10 12 1 |
8680: 4 1 1 1 1 1 1 1 1 1 6 14 1 1 1 2 |1 1 10 1 1 1 1 1 1 1 1 1 1 1 20 17 |1 1 1 1 1 1 1 1 1 1 1 1 2 15 45 85 |11 7 12 4 9 9 1 1 1 8 1 3 39 145 225 228 |14 5 6 12 21 8 20 27 19 1 9 37 201 248 250 135 |3 1 5 20 11 8 19 10 1 4 7 25 139 198 159 33 |1 1 1 1 1 1 1 6 1 2 10 10 10 25 2 1 |1 1 1 13 6 17 1 1 1 8 1 1 8 1 1 1 |1 1 1 1 1 1 1 10 1 1 1 1 1 2 2 7 |1 1 1 1 1 1 1 1 1 1 4 6 12 8 1 1 |7 1 1 1 1 1 2 1 1 1 1 6 9 1 2 19 |1 8 1 9 4 1 1 1 1 1 1 1 2 10 11 11 |
8691: 4 1 1 1 1 1 1 1 1 1 6 14 1 1 1 2 |1 1 10 1 1 1 1 1 1 1 1 1 1 1 20 17 |1 1 1 1 1 1 1 1 1 1 1 1 2 15 45 85 |11 7 12 4 9 9 1 1 1 8 1 3 39 145 225 228 |14 5 6 12 21 8 20 27 19 1 9 37 201 248 250 135 |3 1 5 20 11 8 19 10 1 4 7 25 139 198 159 33 |1 1 1 1 1 1 1 6 1 2 10 10 10 25 2 1 |1 1 1 13 6 17 1 1 1 8 1 1 8 1 1 1 |1 1 1 1 1 1 1 10 1 1 1 1 1 2 2 7 |1 1 1 1 1 1 1 1 1 1 4 6 12 8 1 1 |7 1 1 1 1 1 2 1 1 1 1 6 9 1 2 19 |1 8 1 9 4 1 1 1 1 1 1 1 2 10 11 11 |
8701: 1 1 1 5 1 1 1 1 1 1 3 1 1 8 1 7 |1 1 10 1 1 1 1 1 1 1 1 1 2 1 9 3 |1 1 1 1 1 1 1 1 1 1 1 1 2 15 45 85 |11 7 12 4 9 9 1 1 1 8 1 3 39 145 225 228 |14 5 6 12 21 8 20 27 19 1 9 37 201 248 250 135 |3 1 5 20 11 8 19 10 1 4 7 25 139 198 159 33 |1 1 1 1 1 1 1 6 1 2 10 10 10 25 2 1 |1 1 1 13 6 17 1 1 1 8 1 1 8 1 1 1 |1 1 1 1 1 1 1 10 1 1 1 1 1 2 2 7 |1 1 1 1 1 1 1 1 1 1 4 6 12 8 1 1 |7 1 1 1 1 1 2 1 1 1 1 6 9 1 2 19 |1 8 1 9 4 1 1 1 1 1 1 1 2 10 11 11 |
8712: 1 1 1 5 1 1 1 1 1 1 3 1 1 8 1 7 |1 1 10 1 1 1 1 1 1 1 1 1 2 1 9 3 |1 1 1 1 1 1 1 1 1 1 1 1 9 19 43 94 |6 10 21 9 7 7 1 6 5 1 1 6 49 149 237 227 |21 1 12 1 15 4 1 4 14 20 31 62 213 245 239 143 |1 9 1 1 6 1 1 19 9 17 13 30 140 190 153 35 |1 1 1 1 1 1 1 8 1 1 10 7 12 23 3 1 |1 1 1 11 1 1 1 4 1 1 1 1 13 1 3 11 |1 1 2 1 6 1 1 10 1 1 9 1 1 1 10 10 |1 1 1 1 1 1 7 1 1 1 1 1 1 1 1 10 |5 1 1 1 1 1 1 1 1 1 7 1 1 1 1 6 |1 8 1 9 4 1 1 1 1 1 1 1 2 10 11 11 |
8723: 1 1 1 5 1 1 1 1 1 1 3 1 1 8 1 7 |1 1 10 1 1 1 1 1 1 1 1 1 2 1 9 3 |1 1 1 1 1 1 1 1 1 1 1 1 9 19 43 94 |6 10 21 9 7 7 1 6 5 1 1 6 49 149 237 227 |21 1 12 1 15 4 1 4 14 20 31 62 213 245 239 143 |1 9 1 1 6 1 1 19 9 17 13 30 140 190 153 35 |1 1 1 1 1 1 1 8 1 1 10 7 12 23 3 1 |1 1 1 11 1 1 1 4 1 1 1 1 13 1 3 11 |1 1 2 1 6 1 1 10 1 1 9 1 1 1 10 10 |1 1 1 1 1 1 7 1 1 1 1 1 1 1 1 10 |5 1 1 1 1 1 1 1 1 1 7 1 1 1 1 6 |1 11 1 14 8 1 4 2 1 1 14 3 2 8 18 10 |
8734: 1 1 1 5 1 1 1 1 1 1 3 1 1 8 1 7 |1 1 10 1 1 1 1 1 1 1 1 1 2 1 9 3 |1 1 1 1 1 1 1 1 1 1 1 1 9 19 43 94 |6 10 21 9 7 7 1 6 5 1 1 6 49 149 237 227 |21 1 12 1 15 4 1 4 14 20 31 62 213 245 239 143 |1 9 1 1 6 1 1 19 9 17 13 30 140 190 153 35 |1 1 1 1 1 1 1 8 1 1 10 7 12 23 3 1 |1 1 1 11 1 1 1 4 1 1 1 1 13 1 3 11 |1 1 2 1 6 1 1 10 1 1 9 1 1 1 10 10 |1 1 1 1 1 1 7 1 1 1 1 1 1 1 1 10 |5 1 1 1 1 1 1 1 1 1 7 1 1 1 1 6 |1 11 1 14 8 1 4 2 1 1 14 3 2 8 18 10 |
8745: 1 1 1 1 1 1 3 1 1 1 3 8 1 6 1 7 |1 1 1 1 1 1 1 1 1 1 1 1 1 6 14 18 |1 1 1 1 1 1 1 1 1 1 1 1 1 10 38 99 |10 9 8 15 12 8 4 1 16 17 8 21 46 147 215 231 |1 1 1 1 1 1 1 1 6 1 1 16 205 248 241 147 |12 10 13 1 17 11 4 19 12 17 12 23 136 199 174 53 |1 1 1 1 1 1 1 1 1 2 11 1 10 18 3 1 |1 1 1 13 2 1 1 1 1 5 1 1 6 1 9 11 |1 1 1 1 1 1 1 1 1 1 13 1 1 1 9 11 |1 1 1 1 2 1 1 1 1 1 1 1 9 10 1 10 |5 1 1 1 1 1 1 1 1 1 7 1 1 1 1 6 |1 11 1 14 8 1 4 2 1 1 14 3 2 8 18 10 |
8756: 1 1 1 1 1 1 3 1 1 1 3 8 1 6 1 7 |1 1 1 1 1 1 1 1 1 1 1 1 1 6 14 18 |1 1 1 1 1 1 1 1 1 1 1 1 1 10 38 99 |10 9 8 15 12 8 4 1 16 17 8 21 46 147 215 231 |1 1 1 1 1 1 1 1 6 1 1 16 205 248 241 147 |12 10 13 1 17 11 4 19 12 17 12 23 136 199 174 53 |1 1 1 1 1 1 1 1 1 2 11 1 10 18 3 1 |1 1 1 13 2 1 1 1 1 5 1 1 6 1 9 11 |1 1 1 1 1 1 1 1 1 1 13 1 1 1 9 11 |1 1 1 1 2 1 1 1 1 1 1 1 9 10 1 10 |6 1 1 1 4 1 9 1 1 1 1 8 7 1 2 15 |1 1 1 1 1 1 1 1 1 1 15 1 1 7 13 16 |
8767: 1 1 1 1 1 1 1 1 1 1 7 3 1 5 1 10 |1 1 1 1 1 1 1 1 1 1 1 1 1 6 14 18 |1 1 1 1 1 1 1 1 1 1 1 1 1 10 38 99 |10 9 8 15 12 8 4 1 16 17 8 21 46 147 215 231 |1 1 1 1 1 1 1 1 6 1 1 16 205 248 241 147 |12 10 13 1 17 11 4 19 12 17 12 23 136 199 174 53 |1 1 1 1 1 1 1 1 1 2 11 1 10 18 3 1 |1 1 1 13 2 1 1 1 1 5 1 1 6 1 9 11 |1 1 1 1 1 1 1 1 1 1 13 1 1 1 9 11 |1 1 1 1 2 1 1 1 1 1 1 1 9 10 1 10 |6 1 1 1 4 1 9 1 1 1 1 8 7 1 2 15 |1 1 1 1 1 1 1 1 1 1 15 1 1 7 13 16 |
8778: 1 1 1 1 1 1 1 1 1 1 7 3 1 5 1 10 |1 1 1 1 1 1 1 1 1 1 1 1 1 8 13 3 |1 1 1 1 1 1 1 1 1 1 2 1 2 1 45 105 |10 13 17 6 1 1 1 1 1 1 10 12 49 140 229 232 |8 8 3 2 13 7 1 1 1 1 9 42 209 249 251 156 |1 1 1 13 1 5 13 7 1 1 11 16 130 192 164 34 |1 1 1 1 1 1 1 1 1 1 10 4 3 14 1 1 |1 1 1 12 2 5 1 1 1 1 1 1 1 1 1 1 |1 1 1 14 1 1 1 11 1 1 12 1 1 1 3 3 |1 1 1 1 1 1 1 1 1 1 1 9 10 11 2 1 |3 1 1 1 2 1 2 1 1 1 1 8 11 5 1 15 |1 1 1 1 1 1 1 1 1 1 15 1 1 7 13 16 |
8789: 1 1 1 1 1 1 1 1 1 1 7 3 1 5 1 10 |1 1 1 1 1 1 1 1 1 1 1 1 1 8 13 3 |1 1 1 1 1 1 1 1 1 1 2 1 2 1 45 105 |10 13 17 6 1 1 1 1 1 1 10 12 49 140 229 232 |8 8 3 2 13 7 1 1 1 1 9 42 209 249 251 156 |1 1 1 13 1 5 13 7 1 1 11 16 130 192 164 34 |1 1 1 1 1 1 1 1 1 1 10 4 3 14 1 1 |1 1 1 12 2 5 1 1 1 1 1 1 1 1 1 1 |1 1 1 14 1 1 1 11 1 1 12 1 1 1 3 3 |1 1 1 1 1 1 1 1 1 1 1 9 10 11 2 1 |3 1 1 1 2 1 2 1 1 1 1 8 11 5 1 15 |1 2 1 7 2 1 1 1 1 1 12 8 1 1 4 3 |
8800: 1 1 1 1 1 1 2 1 1 1 3 1 1 9 1 1 |1 1 1 1 1 1 1 1 1 1 1 1 1 8 13 3 |1 1 1 1 1 1 1 1 1 1 2 1 2 1 45 105 |10 13 17 6 1 1 1 1 1 1 10 12 49 140 229 232 |8 8 3 2 13 7 1 1 1 1 9 42 209 249 251 156 |1 1 1 13 1 5 13 7 1 1 11 16 130 192 164 34 |1 1 1 1 1 1 1 1 1 1 10 4 3 14 1 1 |1 1 1 12 2 5 1 1 1 1 1 1 1 1 1 1 |1 1 1 14 1 1 1 11 1 1 12 1 1 1 3 3 |1 1 1 1 1 1 1 1 1 1 1 9 10 11 2 1 |3 1 1 1 2 1 2 1 1 1 1 8 11 5 1 15 |1 2 1 7 2 1 1 1 1 1 12 8 1 1 4 3 |
8811: 1 1 1 1 1 1 2 1 1 1 3 1 1 9 1 1 |1 1 1 1 1 1 1 1 1 1 1 1 1 1 20 15 |1 1 1 1 1 1 1 1 1 1 1 2 4 16 37 92 |1 1 16 5 1 1 1 1 2 13 2 11 50 149 234 225 |10 6 1 11 14 10 1 1 5 1 4 36 203 256 251 156 |1 8 2 1 15 6 4 14 5 4 6 29 125 184 161 38 |1 1 1 1 1 8 1 7 1 1 12 8 11 23 4 1 |1 1 1 4 1 1 1 1 1 1 1 1 14 1 1 7 |1 1 1 1 8 1 1 1 1 1 10 1 5 1 10 8 |1 1 1 1 1 1 7 1 1 1 4 2 8 9 1 1 |7 1 1 1 1 1 1 1 1 1 1 8 11 1 1 2 |1 2 1 7 2 1 1 1 1 1 12 8 1 1 4 3 |
8822: 1 1 1 1 1 1 2 1 1 1 3 1 1 9 1 1 |1 1 1 1 1 1 1 1 1 1 1 1 1 1 20 15 |1 1 1 1 1 1 1 1 1 1 1 2 4 16 37 92 |1 1 16 5 1 1 1 1 2 13 2 11 50 149 234 225 |10 6 1 11 14 10 1 1 5 1 4 36 203 256 251 156 |1 8 2 1 15 6 4 14 5 4 6 29 125 184 161 38 |1 1 1 1 1 8 1 7 1 1 12 8 11 23 4 1 |1 1 1 4 1 1 1 1 1 1 1 1 14 1 1 7 |1 1 1 1 8 1 1 1 1 1 10 1 5 1 10 8 |1 1 1 1 1 1 7 1 1 1 4 2 8 9 1 1 |7 1 1 1 1 1 1 1 1 1 1 8 11 1 1 2 |1 7 1 1 8 1 1 1 1 1 13 9 1 1 18 4 |
8833: 3 1 1 1 1 1 1 1 1 1 5 9 1 7 1 1 |1 1 1 1 1 1 1 1 1 1 1 1 1 2 20 10 |1 1 1 1 1 1 1 1 1 1 1 2 4 16 37 92 |1 1 16 5 1 1 1 1 2 13 2 11 50 149 234 225 |10 6 1 11 14 10 1 1 5 1 4 36 203 256 251 156 |1 8 2 1 15 6 4 14 5 4 6 29 125 184 161 38 |1 1 1 1 1 8 1 7 1 1 12 8 11 23 4 1 |1 1 1 4 1 1 1 1 1 1 1 1 14 1 1 7 |1 1 1 1 8 1 1 1 1 1 10 1 5 1 10 8 |1 1 1 1 1 1 7 1 1 1 4 2 8 9 1 1 |7 1 1 1 1 1 1 1 1 1 1 8 11 1 1 2 |1 7 1 1 8 1 1 1 1 1 13 9 1 1 18 4 |
8844: 3 1 1 1 1 1 1 1 1 1 5 9 1 7 1 1 |1 1 1 1 1 1 1 1 1 1 1 1 1 2 20 10 |1 1 1 1 1 1 1 1 1 1 1 1 1 11 39 109 |10 3 10 9 1 4 6 6 14 8 8 12 59 145 234 230 |14 1 1 7 9 6 24 20 6 19 27 48 206 245 235 153 |3 10 1 1 15 1 10 1 1 10 11 22 117 185 162 36 |1 1 1 1 1 4 1 7 1 1 8 8 3 13 2 1 |1 1 1 1 1 1 1 1 1 4 1 5 1 1 4 1 |1 1 1 1 1 1 1 1 1 1 11 1 7 1 10 14 |1 1 1 8 1 2 1 1 1 1 1 1 9 12 1 1 |3 1 1 1 1 1 1 1 1 1 1 9 10 2 1 1 |1 14 1 11 5 1 1 1 1 1 12 3 1 8 12 6 |
8855: 3 1 1 1 1 1 1 1 1 1 5 9 1 7 1 1 |1 1 1 1 1 1 1 1 1 1 1 1 1 2 20 10 |1 1 1 1 1 1 1 1 1 1 1 1 1 11 39 109 |10 3 10 9 1 4 6 6 14 8 8 12 59 145 234 230 |14 1 1 7 9 6 24 20 6 19 27 48 206 245 235 153 |3 10 1 1 15 1 10 1 1 10 11 22 117 185 162 36 |1 1 1 1 1 4 1 7 1 1 8 8 3 13 2 1 |1 1 1 1 1 1 1 1 1 4 1 5 1 1 4 1 |1 1 1 1 1 1 1 1 1 1 11 1 7 1 10 14 |1 1 1 8 1 2 1 1 1 1 1 1 9 12 1 1 |3 1 1 1 1 1 1 1 1 1 1 9 10 2 1 1 |1 14 1 11 5 1 1 1 1 1 12 3 1 8 12 6 |
8866: 4 1 1 1 1 1 1 1 1 1 9 6 1 1 3 8 |1 1 1 1 1 1 1 1 1 1 1 1 1 1 15 6 |1 1 1 1 1 1 1 1 1 1 1 1 1 11 39 109 |10 3 10 9 1 4 6 6 14 8 8 12 59 145 234 230 |14 1 1 7 9 6 24 20 6 19 27 48 206 245 235 153 |3 10 1 1 15 1 10 1 1 10 11 22 117 185 162 36 |1 1 1 1 1 4 1 7 1 1 8 8 3 13 2 1 |1 1 1 1 1 1 1 1 1 4 1 5 1 1 4 1 |1 1 1 1 1 1 1 1 1 1 11 1 7 1 10 14 |1 1 1 8 1 2 1 1 1 1 1 1 9 12 1 1 |3 1 1 1 1 1 1 1 1 1 1 9 10 2 1 1 |1 14 1 11 5 1 1 1 1 1 12 3 1 8 12 6 |
8877: 4 1 1 1 1 1 1 1 1 1 9 6 1 1 3 8 |1 1 1 1 1 1 1 1 1 1 1 1 1 1 15 6 |1 1 1 1 1 1 1 1 1 1 1 1 1 9 38 109 |6 8 6 3 6 3 5 4 1 13 1 14 51 146 230 234 |11 3 4 3 10 1 11 11 6 9 6 31 191 247 259 156 |1 7 8 10 13 2 3 1 1 2 21 32 130 193 149 30 |1 1 1 1 1 6 1 6 1 1 14 2 2 13 1 1 |1 1 1 12 1 1 1 1 7 4 1 6 8 1 2 13 |1 1 2 1 1 1 1 1 1 1 1 1 8 1 11 9 |1 1 1 1 1 2 6 2 1 1 6 3 10 10 1 1 |4 1 10 1 1 1 1 1 1 1 1 6 6 1 2 18 |1 7 1 1 3 1 1 1 1 1 11 2 1 10 17 4 |
8888: 4 1 1 1 1 1 1 1 1 1 9 6 1 1 3 8 |1 1 1 1 1 1 1 1 1 1 1 1 1 1 15 6 |1 1 1 1 1 1 1 1 1 1 1 1 1 9 38 109 |6 8 6 3 6 3 5 4 1 13 1 14 51 146 230 234 |11 3 4 3 10 1 11 11 6 9 6 31 191 247 259 156 |1 7 8 10 13 2 3 1 1 2 21 32 130 193 149 30 |1 1 1 1 1 6 1 6 1 1 14 2 2 13 1 1 |1 1 1 12 1 1 1 1 7 4 1 6 8 1 2 13 |1 1 2 1 1 1 1 1 1 1 1 1 8 1 11 9 |1 1 1 1 1 2 6 2 1 1 6 3 10 10 1 1 |4 1 10 1 1 1 1 1 1 1 1 6 6 1 2 18 |1 7 1 1 3 1 1 1 1 1 11 2 1 10 17 4 |
8899: 1 1 1 3 2 1 2 1 1 1 6 11 1 2 1 1 |1 1 1 1 1 1 1 1 1 1 1 1 1 1 15 6 |1 1 1 1 1 1 1 1 1 1 1 1 1 9 38 109 |6 8 6 3 6 3 5 4 1 13 1 14 51 146 230 234 |11 3 4 3 10 1 11 11 6 9 6 31 191 247 259 156 |1 7 8 10 13 2 3 1 1 2 21 32 130 193 149 30 |1 1 1 1 1 6 1 6 1 1 14 2 2 13 1 1 |1 1 1 12 1 1 1 1 7 4 1 6 8 1 2 13 |1 1 2 1 1 1 1 1 1 1 1 1 8 1 11 9 |1 1 1 1 1 2 6 2 1 1 6 3 10 10 1 1 |4 1 10 1 1 1 1 1 1 1 1 6 6 1 2 18 |1 7 1 1 3 1 1 1 1 1 11 2 1 10 17 4 |
8910: 1 1 1 3 2 1 2 1 1 1 6 11 1 2 1 1 |1 1 1 1 1 1 1 1 1 1 1 1 1 1 8 5 |1 1 1 1 1 1 4 1 1 1 1 1 1 4 42 103 |7 9 8 1 1 1 1 1 1 8 1 7 54 148 235 229 |2 1 2 20 29 12 1 1 1 1 10 29 206 247 252 144 |1 1 1 12 3 11 4 14 4 1 8 32 128 199 159 24 |1 1 1 1 1 1 1 1 1 1 12 9 9 25 2 1 |1 1 1 12 1 1 1 1 1 7 1 1 1 1 3 1 |1 1 1 1 1 1 1 9 1 1 14 1 4 2 10 10 |1 1 1 1 1 1 1 1 1 1 1 1 11 10 1 1 |1 1 1 1 1 1 1 1 1 1 1 7 10 1 10 1 |1 7 1 1 3 1 1 1 1 1 11 2 1 10 17 4 |
8921: 1 1 1 3 2 1 2 1 1 1 6 11 1 2 1 1 |1 1 1 1 1 1 1 1 1 1 1 1 1 1 8 5 |1 1 1 1 1 1 4 1 1 1 1 1 1 4 42 103 |7 9 8 1 1 1 1 1 1 8 1 7 54 148 235 229 |2 1 2 20 29 12 1 1 1 1 10 29 206 247 252 144 |1 1 1 12 3 11 4 14 4 1 8 32 128 199 159 24 |1 1 1 1 1 1 1 1 1 1 12 9 9 25 2 1 |1 1 1 12 1 1 1 1 1 7 1 1 1 1 3 1 |1 1 1 1 1 1 1 9 1 1 14 1 4 2 10 10 |1 1 1 1 1 1 1 1 1 1 1 1 11 10 1 1 |1 1 1 1 1 1 1 1 1 1 1 7 10 1 10 1 |1 9 1 7 1 1 1 3 1 1 12 3 1 10 17 17 |
8932: 4 1 1 1 1 1 1 1 1 1 6 1 1 1 1 3 |1 1 1 1 1 1 1 1 1 1 1 1 1 7 20 11 |1 1 1 1 1 1 1 1 1 1 1 6 1 10 41 107 |7 9 8 1 1 1 1 1 1 8 1 7 54 148 235 229 |2 1 2 20 29 12 1 1 1 1 10 29 206 247 252 144 |1 1 1 12 3 11 4 14 4 1 8 32 128 199 159 24 |1 1 1 1 1 1 1 1 1 1 12 9 9 25 2 1 |1 1 1 12 1 1 1 1 1 7 1 1 1 1 3 1 |1 1 1 1 1 1 1 9 1 1 14 1 4 2 10 10 |1 1 1 1 1 1 1 1 1 1 1 1 11 10 1 1 |1 1 1 1 1 1 1 1 1 1 1 7 10 1 10 1 |1 9 1 7 1 1 1 3 1 1 12 3 1 10 17 17 |
8943: 4 1 1 1 1 1 1 1 1 1 6 1 1 1 1 3 |1 1 1 1 1 1 1 1 1 1 1 1 1 7 20 11 |1 1 1 1 1 1 1 1 1 1 1 6 1 10 41 107 |5 1 15 1 8 1 1 1 6 14 8 19 40 142 227 231 |6 9 1 8 13 7 6 1 2 3 8 31 202 244 241 154 |1 1 3 5 14 8 4 10 12 7 23 24 127 189 163 36 |1 1 1 1 1 6 1 6 1 4 8 11 3 13 1 1 |1 1 1 12 4 1 1 1 1 8 1 1 15 1 6 1 |1 1 4 1 1 1 1 6 1 1 11 1 1 1 9 6 |1 1 5 1 1 3 1 1 1 1 1 1 9 10 1 1 |4 1 1 1 1 1 1 1 1 1 1 9 5 1 9 4 |1 11 1 5 6 1 2 1 1 1 5 1 1 9 9 3 |
8954: 4 1 1 1 1 1 1 1 1 1 6 1 1 1 1 3 |1 1 1 1 1 1 1 1 1 1 1 1 1 7 20 11 |1 1 1 1 1 1 1 1 1 1 1 6 1 10 41 107 |5 1 15 1 8 1 1 1 6 14 8 19 40 142 227 231 |6 9 1 8 13 7 6 1 2 3 8 31 202 244 241 154 |1 1 3 5 14 8 4 10 12 7 23 24 127 189 163 36 |1 1 1 1 1 6 1 6 1 4 8 11 3 13 1 1 |1 1 1 12 4 1 1 1 1 8 1 1 15 1 6 1 |1 1 4 1 1 1 1 6 1 1 11 1 1 1 9 6 |1 1 5 1 1 3 1 1 1 1 1 1 9 10 1 1 |4 1 1 1 1 1 1 1 1 1 1 9 5 1 9 4 |1 11 1 5 6 1 2 1 1 1 5 1 1 9 9 3 |
8965: 5 1 1 1 6 1 1 1 1 1 8 1 1 7 1 1 |1 1 1 1 1 1 1 1 1 1 1 1 1 1 8 16 |1 1 1 1 1 1 1 1 1 1 1 6 1 10 41 107 |5 1 15 1 8 1 1 1 6 14 8 19 40 142 227 231 |6 9 1 8 13 7 6 1 2 3 8 31 202 244 241 154 |1 1 3 5 14 8 4 10 12 7 23 24 127 189 163 36 |1 1 1 1 1 6 1 6 1 4 8 11 3 13 1 1 |1 1 1 12 4 1 1 1 1 8 1 1 15 1 6 1 |1 1 4 1 1 1 1 6 1 1 11 1 1 1 9 6 |1 1 5 1 1 3 1 1 1 1 1 1 9 10 1 1 |4 1 1 1 1 1 1 1 1 1 1 9 5 1 9 4 |1 11 1 5 6 1 2 1 1 1 5 1 1 9 9 3 |
8976: 5 1 1 1 6 1 1 1 1 1 8 1 1 7 1 1 |1 1 1 1 1 1 1 1 1 1 1 1 1 1 8 16 |1 1 1 1 1 1 1 1 1 1 1 1 1 1 32 99 |7 1 16 3 13 7 4 7 3 8 11 5 42 147 229 221 |31 35 24 23 29 6 1 1 1 1 10 34 190 229 234 153 |1 1 1 1 1 7 11 12 6 12 12 30 119 206 161 35 |1 1 1 1 1 1 1 6 1 1 12 7 12 18 1 1 |1 1 1 11 1 1 1 1 1 7 1 2 2 1 2 1 |1 1 3 1 3 1 1 9 1 1 8 1 1 1 9 10 |1 1 4 1 1 1 4 1 1 1 5 5 1 5 1 12 |3 1 1 1 1 1 1 1 1 1 1 6 12 1 3 11 |1 11 1 5 6 1 2 1 1 1 5 1 1 9 9 3 |
8987: 5 1 1 1 6 1 1 1 1 1 8 1 1 7 1 1 |1 1 1 1 1 1 1 1 1 1 1 1 1 1 8 16 |1 1 1 1 1 1 1 1 1 1 1 1 1 1 32 99 |7 1 16 3 13 7 4 7 3 8 11 5 42 147 229 221 |31 35 24 23 29 6 1 1 1 1 10 34 190 229 234 153 |1 1 1 1 1 7 11 12 6 12 12 30 119 206 161 35 |1 1 1 1 1 1 1 6 1 1 12 7 12 18 1 1 |1 1 1 11 1 1 1 1 1 7 1 2 2 1 2 1 |1 1 3 1 3 1 1 9 1 1 8 1 1 1 9 10 |1 1 4 1 1 1 4 1 1 1 5 5 1 5 1 12 |3 1 1 1 1 1 1 1 1 1 1 6 12 1 3 11 |1 1 1 1 1 1 1 1 1 1 6 1 2 7 18 11 |
8998: 5 1 1 1 6 1 1 1 1 1 8 1 1 7 1 1 |1 1 1 1 1 1 1 1 1 1 1 1 1 1 8 16 |1 1 1 1 1 1 1 1 1 1 1 1 1 1 32 99 |7 1 16 3 13 7 4 7 3 8 11 5 42 147 229 221 |31 35 24 23 29 6 1 1 1 1 10 34 190 229 234 153 |1 1 1 1 1 7 11 12 6 12 12 30 119 206 161 35 |1 1 1 1 1 1 1 6 1 1 12 7 12 18 1 1 |1 1 1 11 1 1 1 1 1 7 1 2 2 1 2 1 |1 1 3 1 3 1 1 9 1 1 8 1 1 1 9 10 |1 1 4 1 1 1 4 1 1 1 5 5 1 5 1 12 |3 1 1 1 1 1 1 1 1 1 1 6 12 1 3 11 |1 1 1 1 1 1 1 1 1 1 6 1 2 7 18 11 |
9009: 5 1 1 6 1 1 1 1 1 1 1 1 1 8 1 2 |1 1 1 1 1 1 1 1 1 4 1 1 1 1 10 3 |1 1 1 1 5 1 1 1 1 1 1 1 1 2 37 100 |6 1 3 1 1 1 3 8 15 3 3 9 52 138 227 221 |9 1 1 3 7 11 1 1 1 1 10 34 198 247 251 142 |3 1 6 1 15 11 1 1 3 11 18 27 122 190 164 35 |1 1 1 1 1 2 1 1 1 2 8 9 2 14 1 1 |1 1 1 12 1 1 1 1 1 3 1 1 1 1 1 6 |1 1 1 16 1 1 1 6 1 1 11 1 3 3 3 1 |1 1 1 7 1 1 1 1 1 1 1 9 9 9 1 10 |3 1 1 1 1 1 1 1 1 1 1 6 12 1 3 11 |1 1 1 1 1 1 1 1 1 1 6 1 2 7 18 11 |
9020: 5 1 1 6 1 1 1 1 1 1 1 1 1 8 1 2 |1 1 1 1 1 1 1 1 1 4 1 1 1 1 10 3 |1 1 1 1 5 1 1 1 1 1 1 1 1 2 37 100 |6 1 3 1 1 1 3 8 15 3 3 9 52 138 227 221 |9 1 1 3 7 11 1 1 1 1 10 34 198 247 251 142 |3 1 6 1 15 11 1 1 3 11 18 27 122 190 164 35 |1 1 1 1 1 2 1 1 1 2 8 9 2 14 1 1 |1 1 1 12 1 1 1 1 1 3 1 1 1 1 1 6 |1 1 1 16 1 1 1 6 1 1 11 1 3 3 3 1 |1 1 1 7 1 1 1 1 1 1 1 9 9 9 1 10 |5 1 8 1 1 1 1 1 1 1 1 8 4 1 1 17 |1 12 1 6 9 1 1 2 1 1 12 10 1 1 18 10 |
9031: 5 1 1 6 1 1 1 1 1 1 1 1 1 8 1 2 |1 1 1 1 1 1 1 1 1 4 1 1 1 1 10 3 |1 1 1 1 5 1 1 1 1 1 1 1 1 2 37 100 |6 1 3 1 1 1 3 8 15 3 3 9 52 138 227 221 |9 1 1 3 7 11 1 1 1 1 10 34 198 247 251 142 |3 1 6 1 15 11 1 1 3 11 18 27 122 190 164 35 |1 1 1 1 1 2 1 1 1 2 8 9 2 14 1 1 |1 1 1 12 1 1 1 1 1 3 1 1 1 1 1 6 |1 1 1 16 1 1 1 6 1 1 11 1 3 3 3 1 |1 1 1 7 1 1 1 1 1 1 1 9 9 9 1 10 |5 1 8 1 1 1 1 1 1 1 1 8 4 1 1 17 |1 12 1 6 9 1 1 2 1 1 12 10 1 1 18 10 |
9042: 5 1 1 3 1 1 1 1 1 1 5 9 1 1 4 8 |1 1 1 1 1 1 1 1 1 1 1 1 1 5 20 9 |1 1 1 1 1 1 1 1 1 1 1 3 1 1 37 109 |6 1 3 1 11 5 1 4 8 17 17 28 36 135 219 237 |11 7 1 8 8 1 11 5 3 5 17 43 202 249 240 145 |1 1 1 1 13 14 5 15 3 2 7 34 125 187 162 29 |1 1 1 1 1 2 1 1 1 2 8 9 2 14 1 1 |1 1 1 12 1 1 1 1 1 3 1 1 1 1 1 6 |1 1 1 16 1 1 1 6 1 1 11 1 3 3 3 1 |1 1 1 7 1 1 1 1 1 1 1 9 9 9 1 10 |5 1 8 1 1 1 1 1 1 1 1 8 4 1 1 17 |1 12 1 6 9 1 1 2 1 1 12 10 1 1 18 10 |
9053: 5 1 1 3 1 1 1 1 1 1 5 9 1 1 4 8 |1 1 1 1 1 1 1 1 1 1 1 1 1 5 20 9 |1 1 1 1 1 1 1 1 1 1 1 3 1 1 37 109 |6 1 3 1 11 5 1 4 8 17 17 28 36 135 219 237 |11 7 1 8 8 1 11 5 3 5 17 43 202 249 240 145 |1 1 1 1 13 14 5 15 3 2 7 34 125 187 162 29 |1 1 1 1 1 1 1 1 1 2 11 1 8 17 1 11 |1 1 1 4 1 1 1 1 1 1 1 1 1 3 9 11 |1 1 1 15 1 1 1 1 1 1 14 1 1 1 9 14 |1 1 1 5 1 1 8 1 1 1 1 6 9 10 2 7 |6 1 9 1 1 1 1 1 1 1 1 8 5 1 1 14 |1 5 1 1 1 1 4 1 1 1 11 3 1 10 19 7 |
9064: 5 1 1 3 1 1 1 1 1 1 5 9 1 1 4 8 |1 1 1 1 1 1 1 1 1 1 1 1 1 5 20 9 |1 1 1 1 1 1 1 1 1 1 1 3 1 1 37 109 |6 1 3 1 11 5 1 4 8 17 17 28 36 135 219 237 |11 7 1 8 8 1 11 5 3 5 17 43 202 249 240 145 |1 1 1 1 13 14 5 15 3 2 7 34 125 187 162 29 |1 1 1 1 1 1 1 1 1 2 11 1 8 17 1 11 |1 1 1 4 1 1 1 1 1 1 1 1 1 3 9 11 |1 1 1 15 1 1 1 1 1 1 14 1 1 1 9 14 |1 1 1 5 1 1 8 1 1 1 1 6 9 10 2 7 |6 1 9 1 1 1 1 1 1 1 1 8 5 1 1 14 |1 5 1 1 1 1 4 1 1 1 11 3 1 10 19 7 |
9075: 4 1 1 1 1 1 1 1 1 1 6 7 1 1 2 9 |1 1 1 1 1 1 1 1 1 1 1 1 1 5 11 2 |1 1 1 1 4 1 1 1 1 1 1 1 1 1 35 109 |23 22 21 28 15 15 4 3 17 13 3 18 55 156 226 238 |27 16 14 7 26 23 15 6 3 6 16 33 198 245 240 150 |1 1 7 5 11 16 2 4 3 5 19 30 120 184 155 35 |1 1 1 1 1 1 1 8 1 1 11 2 5 17 1 1 |1 1 1 12 5 1 1 1 1 1 1 6 8 1 1 14 |1 1 1 15 1 1 1 1 1 1 14 1 1 1 9 14 |1 1 1 5 1 1 8 1 1 1 1 6 9 10 2 7 |6 1 9 1 1 1 1 1 1 1 1 8 5 1 1 14 |1 5 1 1 1 1 4 1 1 1 11 3 1 10 19 7 |
9085: 4 1 1 1 1 1 1 1 1 1 6 7 1 1 2 9 |1 1 1 1 1 1 1 1 1 1 1 1 1 5 11 2 |1 1 1 1 4 1 1 1 1 1 1 1 1 1 35 109 |23 22 21 28 15 15 4 3 17 13 3 18 55 156 226 238 |27 16 14 7 26 23 15 6 3 6 16 33 198 245 240 150 |1 1 7 5 11 16 2 4 3 5 19 30 120 184 155 35 |1 1 1 1 1 1 1 8 1 1 11 2 5 17 1 1 |1 1 1 12 5 1 1 1 1 1 1 6 8 1 1 14 |1 1 1 14 2 1 1 8 1 1 13 1 1 2 1 20 |1 1 2 1 3 1 8 1 1 1 6 4 11 8 6 1 |4 1 7 1 1 1 7 1 1 1 1 6 7 1 1 11 |1 7 1 1 1 1 3 1 1 1 8 1 1 8 12 5 |
9096: 4 1 1 1 1 1 1 1 1 1 6 7 1 1 2 9 |1 1 1 1 1 1 1 1 1 1 1 1 1 5 11 2 |1 1 1 1 4 1 1 1 1 1 1 1 1 1 35 109 |23 22 21 28 15 15 4 3 17 13 3 18 55 156 226 238 |27 16 14 7 26 23 15 6 3 6 16 33 198 245 240 150 |1 1 7 5 11 16 2 4 3 5 19 30 120 184 155 35 |1 1 1 1 1 1 1 8 1 1 11 2 5 17 1 1 |1 1 1 12 5 1 1 1 1 1 1 6 8 1 1 14 |1 1 1 14 2 1 1 8 1 1 13 1 1 2 1 20 |1 1 2 1 3 1 8 1 1 1 6 4 11 8 6 1 |4 1 7 1 1 1 7 1 1 1 1 6 7 1 1 11 |1 7 1 1 1 1 3 1 1 1 8 1 1 8 12 5 |
9107: 1 1 1 1 7 1 3 1 1 1 7 2 1 9 1 7 |1 1 1 1 1 1 2 1 1 1 1 1 1 1 23 10 |1 1 1 1 1 1 1 1 1 1 1 1 8 15 38 107 |10 15 13 2 1 1 3 17 16 17 14 30 49 147 232 221 |20 9 1 1 8 2 1 1 1 4 16 38 214 247 244 150 |4 5 3 8 18 13 8 10 1 4 11 34 130 198 154 34 |1 1 1 1 1 2 1 7 1 2 10 1 4 12 10 1 |1 1 1 12 5 1 1 1 1 1 1 6 8 1 1 14 |1 1 1 14 2 1 1 8 1 1 13 1 1 2 1 20 |1 1 2 1 3 1 8 1 1 1 6 4 11 8 6 1 |4 1 7 1 1 1 7 1 1 1 1 6 7 1 1 11 |1 7 1 1 1 1 3 1 1 1 8 1 1 8 12 5 |
9118: 1 1 1 1 7 1 3 1 1 1 7 2 1 9 1 7 |1 1 1 1 1 1 2 1 1 1 1 1 1 1 23 10 |1 1 1 1 1 1 1 1 1 1 1 1 8 15 38 107 |10 15 13 2 1 1 3 17 16 17 14 30 49 147 232 221 |20 9 1 1 8 2 1 1 1 4 16 38 214 247 244 150 |4 5 3 8 18 13 8 10 1 4 11 34 130 198 154 34 |1 1 1 1 1 2 1 7 1 2 10 1 4 12 10 1 |1 1 1 1 11 1 1 1 1 2 1 6 8 1 3 13 |1 1 2 3 1 1 1 8 1 1 9 1 1 1 11 9 |1 1 1 9 1 1 12 1 1 1 1 1 10 11 1 10 |6 1 1 1 1 1 9 1 1 1 1 6 10 6 1 12 |1 1 1 7 2 1 1 1 1 1 11 8 1 1 5 3 |
9129: 1 1 1 1 7 1 3 1 1 1 7 2 1 9 1 7 |1 1 1 1 1 1 2 1 1 1 1 1 1 1 23 10 |1 1 1 1 1 1 1 1 1 1 1 1 8 15 38 107 |10 15 13 2 1 1 3 17 16 17 14 30 49 147 232 221 |20 9 1 1 8 2 1 1 1 4 16 38 214 247 244 150 |4 5 3 8 18 13 8 10 1 4 11 34 130 198 154 34 |1 1 1 1 1 2 1 7 1 2 10 1 4 12 10 1 |1 1 1 1 11 1 1 1 1 2 1 6 8 1 3 13 |1 1 2 3 1 1 1 8 1 1 9 1 1 1 11 9 |1 1 1 9 1 1 12 1 1 1 1 1 10 11 1 10 |6 1 1 1 1 1 9 1 1 1 1 6 10 6 1 12 |1 1 1 7 2 1 1 1 1 1 11 8 1 1 5 3 |
9140: 1 1 1 1 1 1 1 1 1 1 8 6 1 1 2 1 |1 1 1 9 10 1 1 1 1 1 1 1 1 1 14 4 |1 1 1 1 1 1 1 1 1 1 1 1 1 9 52 97 |1 1 7 5 13 8 2 2 12 9 1 18 53 143 234 229 |14 9 1 15 12 1 1 1 6 5 14 39 214 245 247 142 |1 1 5 13 15 12 4 1 2 4 20 26 137 191 140 16 |1 1 1 1 1 5 1 8 1 2 8 10 2 26 1 1 |1 1 1 10 2 1 1 1 1 5 1 7 2 1 2 11 |1 1 2 3 1 1 1 8 1 1 9 1 1 1 11 9 |1 1 1 9 1 1 12 1 1 1 1 1 10 11 1 10 |6 1 1 1 1 1 9 1 1 1 1 6 10 6 1 12 |1 1 1 7 2 1 1 1 1 1 11 8 1 1 5 3 |
9151: 1 1 1 1 1 1 1 1 1 1 8 6 1 1 2 1 |1 1 1 9 10 1 1 1 1 1 1 1 1 1 14 4 |1 1 1 1 1 1 1 1 1 1 1 1 1 9 52 97 |1 1 7 5 13 8 2 2 12 9 1 18 53 143 234 229 |14 9 1 15 12 1 1 1 6 5 14 39 214 245 247 142 |1 1 5 13 15 12 4 1 2 4 20 26 137 191 140 16 |1 1 1 1 1 5 1 8 1 2 8 10 2 26 1 1 |1 1 1 10 2 1 1 1 1 5 1 7 2 1 2 11 |1 1 1 1 9 1 1 9 1 1 13 1 1 1 10 13 |1 1 1 9 1 1 1 3 1 1 1 1 12 11 1 1 |6 1 5 1 1 1 4 1 1 1 1 9 6 1 1 18 |1 7 1 1 8 1 1 1 1 1 8 9 2 8 19 6 |
9162: 1 1 1 1 1 1 1 1 1 1 8 6 1 1 2 1 |1 1 1 9 10 1 1 1 1 1 1 1 1 1 14 4 |1 1 1 1 1 1 1 1 1 1 1 1 1 9 52 97 |1 1 7 5 13 8 2 2 12 9 1 18 53 143 234 229 |14 9 1 15 12 1 1 1 6 5 14 39 214 245 247 142 |1 1 5 13 15 12 4 1 2 4 20 26 137 191 140 16 |1 1 1 1 1 5 1 8 1 2 8 10 2 26 1 1 |1 1 1 10 2 1 1 1 1 5 1 7 2 1 2 11 |1 1 1 1 9 1 1 9 1 1 13 1 1 1 10 13 |1 1 1 9 1 1 1 3 1 1 1 1 12 11 1 1 |6 1 5 1 1 1 4 1 1 1 1 9 6 1 1 18 |1 7 1 1 8 1 1 1 1 1 8 9 2 8 19 6 |
9173: 1 1 1 1 1 1 1 1 1 1 5 1 1 2 1 1 |1 1 1 1 1 1 1 1 1 1 1 1 1 1 19 10 |1 1 1 1 1 1 1 1 1 1 1 1 7 16 50 102 |6 15 15 1 4 5 2 1 15 2 4 14 49 158 226 229 |14 1 1 1 17 7 12 20 14 7 14 36 213 246 245 140 |6 10 4 7 1 1 8 23 11 12 10 25 129 181 139 29 |1 1 1 1 1 1 1 1 1 1 9 8 7 25 1 1 |1 1 1 14 1 1 1 1 1 9 1 1 1 1 1 1 |1 1 1 1 9 1 1 9 1 1 13 1 1 1 10 13 |1 1 1 9 1 1 1 3 1 1 1 1 12 11 1 1 |6 1 5 1 1 1 4 1 1 1 1 9 6 1 1 18 |1 7 1 1 8 1 1 1 1 1 8 9 2 8 19 6 |
9184: 1 1 1 1 1 1 1 1 1 1 5 1 1 2 1 1 |1 1 1 1 1 1 1 1 1 1 1 1 1 1 19 10 |1 1 1 1 1 1 1 1 1 1 1 1 7 16 50 102 |6 15 15 1 4 5 2 1 15 2 4 14 49 158 226 229 |14 1 1 1 17 7 12 20 14 7 14 36 213 246 245 140 |6 10 4 7 1 1 8 23 11 12 10 25 129 181 139 29 |1 1 1 1 1 1 1 1 1 1 9 8 7 25 1 1 |1 1 1 14 1 1 1 1 1 9 1 1 1 1 1 1 |1 1 2 5 1 1 1 1 1 1 12 1 1 1 10 9 |1 1 1 1 3 1 7 1 1 1 1 1 9 17 1 9 |3 1 3 1 1 1 2 1 1 1 1 1 1 1 1 12 |1 5 1 8 1 1 1 1 1 1 12 2 1 1 5 8 |
9195: 4 1 1 1 6 1 1 1 1 1 6 6 1 1 1 1 |1 1 1 1 1 1 1 1 1 1 1 1 1 1 19 10 |1 1 1 1 1 1 1 1 1 1 1 1 7 16 50 102 |6 15 15 1 4 5 2 1 15 2 4 14 49 158 226 229 |14 1 1 1 17 7 12 20 14 7 14 36 213 246 245 140 |6 10 4 7 1 1 8 23 11 12 10 25 129 181 139 29 |1 1 1 1 1 1 1 1 1 1 9 8 7 25 1 1 |1 1 1 14 1 1 1 1 1 9 1 1 1 1 1 1 |1 1 2 5 1 1 1 1 1 1 12 1 1 1 10 9 |1 1 1 1 3 1 7 1 1 1 1 1 9 17 1 9 |3 1 3 1 1 1 2 1 1 1 1 1 1 1 1 12 |1 5 1 8 1 1 1 1 1 1 12 2 1 1 5 8 |
9206: 4 1 1 1 6 1 1 1 1 1 6 6 1 1 1 1 |1 1 1 1 1 1 1 1 1 1 1 1 1 1 10 6 |1 1 1 1 1 1 1 1 1 1 1 1 10 10 51 115 |1 1 11 1 9 15 2 2 6 6 2 6 63 147 241 228 |1 1 1 1 9 7 9 1 4 12 24 56 212 253 249 126 |1 6 2 1 1 1 3 2 8 14 15 34 138 185 138 18 |1 1 1 1 1 1 1 3 1 1 9 10 9 25 1 9 |1 1 1 13 1 1 1 1 1 7 1 7 1 1 2 1 |1 1 2 5 1 1 1 1 1 1 12 1 1 1 10 9 |1 1 1 1 3 1 7 1 1 1 1 1 9 17 1 9 |3 1 3 1 1 1 2 1 1 1 1 1 1 1 1 12 |1 5 1 8 1 1 1 1 1 1 12 2 1 1 5 8 |
9217: 4 1 1 1 6 1 1 1 1 1 6 6 1 1 1 1 |1 1 1 1 1 1 1 1 1 1 1 1 1 1 10 6 |1 1 1 1 1 1 1 1 1 1 1 1 10 10 51 115 |1 1 11 1 9 15 2 2 6 6 2 6 63 147 241 228 |1 1 1 1 9 7 9 1 4 12 24 56 212 253 249 126 |1 6 2 1 1 1 3 2 8 14 15 34 138 185 138 18 |1 1 1 1 1 1 1 3 1 1 9 10 9 25 1 9 |1 1 1 13 1 1 1 1 1 7 1 7 1 1 2 1 |1 1 1 1 1 1 1 9 1 1 12 1 8 1 8 9 |1 1 3 4 1 1 1 1 1 1 1 1 11 15 1 1 |3 1 1 1 1 1 1 1 1 1 1 7 11 1 1 4 |1 7 1 1 1 1 1 1 1 1 14 7 1 11 17 10 |
9228: 4 1 1 1 6 1 1 1 1 1 6 6 1 1 1 1 |1 1 1 1 1 1 1 1 1 1 1 1 1 1 10 6 |1 1 1 1 1 1 1 1 1 1 1 1 10 10 51 115 |1 1 11 1 9 15 2 2 6 6 2 6 63 147 241 228 |1 1 1 1 9 7 9 1 4 12 24 56 212 253 249 126 |1 6 2 1 1 1 3 2 8 14 15 34 138 185 138 18 |1 1 1 1 1 1 1 3 1 1 9 10 9 25 1 9 |1 1 1 13 1 1 1 1 1 7 1 7 1 1 2 1 |1 1 1 1 1 1 1 9 1 1 12 1 8 1 8 9 |1 1 3 4 1 1 1 1 1 1 1 1 11 15 1 1 |3 1 1 1 1 1 1 1 1 1 1 7 11 1 1 4 |1 7 1 1 1 1 1 1 1 1 14 7 1 11 17 10 |
9261: 1 1 1 5 7 1 1 1 3 1 6 12 1 9 2 1 |1 1 10 1 2 1 1 1 1 1 1 1 1 7 12 10 |1 1 1 1 1 1 1 1 1 1 1 1 10 10 51 115 |1 1 11 1 9 15 2 2 6 6 2 6 63 147 241 228 |1 1 1 1 9 7 9 1 4 12 24 56 212 253 249 126 |1 6 2 1 1 1 3 2 8 14 15 34 138 185 138 18 |1 1 1 1 1 1 1 3 1 1 9 10 9 25 1 9 |1 1 1 13 1 1 1 1 1 7 1 7 1 1 2 1 |1 1 1 1 1 1 1 9 1 1 12 1 8 1 8 9 |1 1 3 4 1 1 1 1 1 1 1 1 11 15 1 1 |3 1 1 1 1 1 1 1 1 1 1 7 11 1 1 4 |1 7 1 1 1 1 1 1 1 1 14 7 1 11 17 10 |
9272: 1 1 1 5 7 1 1 1 3 1 6 12 1 9 2 1 |1 1 10 1 2 1 1 1 1 1 1 1 1 7 12 10 |1 1 1 1 1 1 1 1 1 1 1 1 5 16 54 121 |9 7 5 1 12 14 3 1 19 1 1 4 77 169 245 232 |11 1 1 1 23 1 12 4 7 1 19 42 220 249 253 136 |1 1 1 14 13 14 1 1 3 17 19 37 139 185 140 17 |1 1 1 1 1 7 1 1 1 2 10 1 10 19 1 10 |1 1 1 14 6 1 1 1 1 2 1 6 6 1 1 7 |1 1 1 14 5 1 1 1 1 1 14 1 2 1 8 15 |1 1 1 8 1 2 1 1 1 1 1 1 2 2 1 1 |6 1 8 1 1 1 7 1 1 1 1 1 4 1 2 18 |1 7 1 1 1 1 1 1 1 1 14 7 1 11 17 10 |
9283: 1 1 1 5 7 1 1 1 3 1 6 12 1 9 2 1 |1 1 10 1 2 1 1 1 1 1 1 1 1 7 12 10 |1 1 1 1 1 1 1 1 1 1 1 1 5 16 54 121 |9 7 5 1 12 14 3 1 19 1 1 4 77 169 245 232 |11 1 1 1 23 1 12 4 7 1 19 42 220 249 253 136 |1 1 1 14 13 14 1 1 3 17 19 37 139 185 140 17 |1 1 1 1 1 7 1 1 1 2 10 1 10 19 1 10 |1 1 1 14 6 1 1 1 1 2 1 6 6 1 1 7 |1 1 1 14 5 1 1 1 1 1 14 1 2 1 8 15 |1 1 1 8 1 2 1 1 1 1 1 1 2 2 1 1 |6 1 8 1 1 1 7 1 1 1 1 1 4 1 2 18 |1 14 1 6 9 1 1 1 1 1 15 6 1 9 12 6 |
9294: 1 1 1 1 1 1 1 1 1 1 2 1 1 9 2 1 |1 1 1 1 1 1 1 1 1 1 1 1 1 7 9 11 |1 1 1 1 1 1 1 1 1 1 1 1 3 19 51 120 |9 7 5 1 12 14 3 1 19 1 1 4 77 169 245 232 |11 1 1 1 23 1 12 4 7 1 19 42 220 249 253 136 |1 1 1 14 13 14 1 1 3 17 19 37 139 185 140 17 |1 1 1 1 1 7 1 1 1 2 10 1 10 19 1 10 |1 1 1 14 6 1 1 1 1 2 1 6 6 1 1 7 |1 1 1 14 5 1 1 1 1 1 14 1 2 1 8 15 |1 1 1 8 1 2 1 1 1 1 1 1 2 2 1 1 |6 1 8 1 1 1 7 1 1 1 1 1 4 1 2 18 |1 14 1 6 9 1 1 1 1 1 15 6 1 9 12 6 |
9305: 1 1 1 1 1 1 1 1 1 1 2 1 1 9 2 1 |1 1 1 1 1 1 1 1 1 1 1 1 1 7 9 11 |1 1 1 1 1 1 1 1 1 1 1 1 3 19 51 120 |6 1 16 4 1 10 1 1 15 11 3 18 54 159 224 248 |31 26 19 11 8 11 1 2 1 1 3 44 209 241 245 109 |1 1 1 1 17 11 11 7 11 12 25 25 133 184 130 18 |1 1 1 1 1 6 1 7 1 1 14 7 3 24 8 1 |1 1 1 13 1 2 1 4 1 1 1 1 1 1 1 13 |1 1 1 4 1 1 1 10 1 1 12 1 1 2 10 9 |1 1 1 9 1 1 1 1 1 1 5 3 10 12 1 8 |4 1 3 1 1 1 1 1 1 1 1 8 5 1 1 2 |1 8 1 8 7 1 1 1 1 1 11 9 1 1 18 9 |
9316: 1 1 1 1 1 1 1 1 1 1 2 1 1 9 2 1 |1 1 1 1 1 1 1 1 1 1 1 1 1 7 9 11 |1 1 1 1 1 1 1 1 1 1 1 1 3 19 51 120 |6 1 16 4 1 10 1 1 15 11 3 18 54 159 224 248 |31 26 19 11 8 11 1 2 1 1 3 44 209 241 245 109 |1 1 1 1 17 11 11 7 11 12 25 25 133 184 130 18 |1 1 1 1 1 6 1 7 1 1 14 7 3 24 8 1 |1 1 1 13 1 2 1 4 1 1 1 1 1 1 1 13 |1 1 1 4 1 1 1 10 1 1 12 1 1 2 10 9 |1 1 1 9 1 1 1 1 1 1 5 3 10 12 1 8 |4 1 3 1 1 1 1 1 1 1 1 8 5 1 1 2 |1 8 1 8 7 1 1 1 1 1 11 9 1 1 18 9 |
9327: 5 1 1 1 1 1 1 1 1 1 2 1 1 1 1 2 |1 1 1 1 1 1 1 1 1 1 1 1 1 7 9 11 |1 1 1 1 1 1 1 1 1 1 1 1 3 19 51 120 |6 1 16 4 1 10 1 1 15 11 3 18 54 159 224 248 |31 26 19 11 8 11 1 2 1 1 3 44 209 241 245 109 |1 1 1 1 17 11 11 7 11 12 25 25 133 184 130 18 |1 1 1 1 1 6 1 7 1 1 14 7 3 24 8 1 |1 1 1 13 1 2 1 4 1 1 1 1 1 1 1 13 |1 1 1 4 1 1 1 10 1 1 12 1 1 2 10 9 |1 1 1 9 1 1 1 1 1 1 5 3 10 12 1 8 |4 1 3 1 1 1 1 1 1 1 1 8 5 1 1 2 |1 8 1 8 7 1 1 1 1 1 11 9 1 1 18 9 |
9338: 5 1 1 1 1 1 1 1 1 1 2 1 1 1 1 2 |1 1 1 1 1 1 1 1 1 1 1 1 1 1 8 4 |1 1 1 1 1 1 1 1 1 1 1 1 1 8 54 123 |4 1 15 5 1 1 1 1 5 1 1 2 51 158 231 215 |15 2 4 8 8 9 23 22 19 14 28 50 223 250 258 131 |4 9 3 1 15 7 11 12 8 6 19 30 135 190 137 21 |1 1 1 1 1 1 1 4 1 1 12 2 9 23 3 1 |1 1 1 12 1 1 1 1 1 1 1 1 1 1 1 6 |1 1 1 10 1 1 1 8 1 1 13 1 6 1 9 8 |1 1 1 9 1 1 1 1 1 1 1 1 9 20 1 1 |4 1 3 1 1 1 1 1 1 1 1 8 5 1 1 2 |1 8 1 8 7 1 1 1 1 1 11 9 1 1 18 9 |
9349: 5 1 1 1 1 1 1 1 1 1 2 1 1 1 1 2 |1 1 1 1 1 1 1 1 1 1 1 1 1 1 8 4 |1 1 1 1 1 1 1 1 1 1 1 1 1 8 54 123 |4 1 15 5 1 1 1 1 5 1 1 2 51 158 231 215 |15 2 4 8 8 9 23 22 19 14 28 50 223 250 258 131 |4 9 3 1 15 7 11 12 8 6 19 30 135 190 137 21 |1 1 1 1 1 1 1 4 1 1 12 2 9 23 3 1 |1 1 1 12 1 1 1 1 1 1 1 1 1 1 1 6 |1 1 1 10 1 1 1 8 1 1 13 1 6 1 9 8 |1 1 1 9 1 1 1 1 1 1 1 1 9 20 1 1 |6 1 1 1 1 2 3 1 1 1 1 8 10 1 3 15 |1 5 1 1 8 1 1 1 1 1 6 2 1 10 17 8 |
9360: 8 1 1 2 1 1 1 1 1 1 6 7 1 1 1 1 |1 1 11 1 1 1 1 1 1 5 1 1 1 1 21 11 |1 1 1 1 1 1 1 1 1 1 1 1 13 19 60 120 |4 1 15 5 1 1 1 1 5 1 1 2 51 158 231 215 |15 2 4 8 8 9 23 22 19 14 28 50 223 250 258 131 |4 9 3 1 15 7 11 12 8 6 19 30 135 190 137 21 |1 1 1 1 1 1 1 4 1 1 12 2 9 23 3 1 |1 1 1 12 1 1 1 1 1 1 1 1 1 1 1 6 |1 1 1 10 1 1 1 8 1 1 13 1 6 1 9 8 |1 1 1 9 1 1 1 1 1 1 1 1 9 20 1 1 |6 1 1 1 1 2 3 1 1 1 1 8 10 1 3 15 |1 5 1 1 8 1 1 1 1 1 6 2 1 10 17 8 |
9371: 8 1 1 2 1 1 1 1 1 1 6 7 1 1 1 1 |1 1 11 1 1 1 1 1 1 5 1 1 1 1 21 11 |1 1 1 1 1 1 1 1 1 1 1 1 13 19 60 120 |6 2 4 3 1 5 1 1 16 14 4 3 74 175 255 246 |8 3 5 5 3 1 2 12 1 1 3 30 221 269 262 133 |1 1 1 12 8 1 1 6 2 4 12 25 123 182 120 29 |1 1 1 1 1 1 1 9 1 3 8 1 1 14 1 8 |1 1 1 1 1 1 1 1 1 1 1 1 13 1 1 12 |1 1 1 10 1 1 1 7 1 1 6 1 1 1 11 8 |1 1 1 9 1 1 1 1 1 1 1 1 9 20 1 1 |6 1 1 1 1 2 3 1 1 1 1 8 10 1 3 15 |1 5 1 1 8 1 1 1 1 1 6 2 1 10 17 8 |
9382: 8 1 1 2 1 1 1 1 1 1 6 7 1 1 1 1 |1 1 11 1 1 1 1 1 1 5 1 1 1 1 21 11 |1 1 1 1 1 1 1 1 1 1 1 1 13 19 60 120 |6 2 4 3 1 5 1 1 16 14 4 3 74 175 255 246 |8 3 5 5 3 1 2 12 1 1 3 30 221 269 262 133 |1 1 1 12 8 1 1 6 2 4 12 25 123 182 120 29 |1 1 1 1 1 1 1 9 1 3 8 1 1 14 1 8 |1 1 1 1 1 1 1 1 1 1 1 1 13 1 1 12 |1 1 1 10 1 1 1 7 1 1 6 1 1 1 11 8 |1 1 1 10 2 1 1 1 1 1 1 3 11 11 1 1 |6 1 7 1 1 1 2 1 1 1 1 7 7 1 1 2 |1 1 1 7 9 1 1 1 1 1 1 1 1 11 18 1 |
9393: 1 1 1 1 1 1 1 1 1 1 5 1 1 7 1 8 |1 1 1 1 1 1 1 1 1 1 1 1 1 6 15 7 |1 1 1 1 1 1 1 1 1 1 1 1 13 19 60 120 |6 2 4 3 1 5 1 1 16 14 4 3 74 175 255 246 |8 3 5 5 3 1 2 12 1 1 3 30 221 269 262 133 |1 1 1 12 8 1 1 6 2 4 12 25 123 182 120 29 |1 1 1 1 1 1 1 9 1 3 8 1 1 14 1 8 |1 1 1 1 1 1 1 1 1 1 1 1 13 1 1 12 |1 1 1 10 1 1 1 7 1 1 6 1 1 1 11 8 |1 1 1 10 2 1 1 1 1 1 1 3 11 11 1 1 |6 1 7 1 1 1 2 1 1 1 1 7 7 1 1 2 |1 1 1 7 9 1 1 1 1 1 1 1 1 11 18 1 |
9404: 1 1 1 1 1 1 1 1 1 1 5 1 1 7 1 8 |1 1 1 1 1 1 1 1 1 1 1 1 1 6 15 7 |1 1 1 1 1 1 1 1 1 1 1 1 1 15 60 115 |8 1 2 1 1 1 6 1 14 6 1 18 56 161 236 230 |8 1 3 1 7 7 1 1 3 4 1 30 216 246 245 125 |1 17 6 18 25 26 4 7 11 18 19 27 130 178 128 23 |1 1 1 1 1 1 1 7 1 3 9 1 1 25 8 7 |1 1 1 18 4 1 1 1 1 3 1 7 13 1 9 4 |1 1 1 1 1 1 1 9 1 1 1 1 1 4 8 15 |1 1 1 1 1 1 1 1 1 1 1 8 11 17 1 10 |4 1 1 1 1 1 1 1 1 1 1 1 13 1 1 3 |1 1 1 7 9 1 1 1 1 1 1 1 1 11 18 1 |
9415: 1 1 1 1 1 1 1 1 1 1 5 1 1 7 1 8 |1 1 1 1 1 1 1 1 1 1 1 1 1 6 15 7 |1 1 1 1 1 1 1 1 1 1 1 1 1 15 60 115 |8 1 2 1 1 1 6 1 14 6 1 18 56 161 236 230 |8 1 3 1 7 7 1 1 3 4 1 30 216 246 245 125 |1 17 6 18 25 26 4 7 11 18 19 27 130 178 128 23 |1 1 1 1 1 1 1 7 1 3 9 1 1 25 8 7 |1 1 1 18 4 1 1 1 1 3 1 7 13 1 9 4 |1 1 1 1 1 1 1 9 1 1 1 1 1 4 8 15 |1 1 1 1 1 1 1 1 1 1 1 8 11 17 1 10 |4 1 1 1 1 1 1 1 1 1 1 1 13 1 1 3 |1 11 1 2 1 1 1 1 1 2 10 9 3 10 18 9 |
9426: 2 1 1 1 1 1 1 1 1 1 6 2 1 9 2 5 |1 1 1 1 1 1 1 1 1 1 1 1 1 1 9 6 |1 1 1 1 1 1 1 1 1 1 1 1 1 15 60 115 |8 1 2 1 1 1 6 1 14 6 1 18 56 161 236 230 |8 1 3 1 7 7 1 1 3 4 1 30 216 246 245 125 |1 17 6 18 25 26 4 7 11 18 19 27 130 178 128 23 |1 1 1 1 1 1 1 7 1 3 9 1 1 25 8 7 |1 1 1 18 4 1 1 1 1 3 1 7 13 1 9 4 |1 1 1 1 1 1 1 9 1 1 1 1 1 4 8 15 |1 1 1 1 1 1 1 1 1 1 1 8 11 17 1 10 |4 1 1 1 1 1 1 1 1 1 1 1 13 1 1 3 |1 11 1 2 1 1 1 1 1 2 10 9 3 10 18 9 |
9437: 2 1 1 1 1 1 1 1 1 1 6 2 1 9 2 5 |1 1 1 1 1 1 1 1 1 1 1 1 1 1 9 6 |1 1 1 1 1 1 1 1 1 2 1 1 6 12 52 122 |5 12 19 7 1 13 1 1 12 5 8 17 65 162 229 220 |1 1 2 7 3 9 1 1 4 1 1 43 217 240 247 121 |1 10 1 5 16 6 3 5 11 9 13 31 129 178 128 20 |1 1 1 1 1 1 1 7 1 1 5 1 10 22 9 7 |1 1 1 12 1 1 1 1 1 3 1 1 1 1 3 1 |1 1 1 1 1 1 7 3 1 1 10 1 3 1 11 9 |1 1 1 6 1 1 1 1 1 1 6 8 12 10 1 10 |4 1 1 1 1 1 1 1 1 1 1 1 13 1 1 3 |1 11 1 2 1 1 1 1 1 2 10 9 3 10 18 9 |
9448: 2 1 1 1 1 1 1 1 1 1 6 2 1 9 2 5 |1 1 1 1 1 1 1 1 1 1 1 1 1 1 9 6 |1 1 1 1 1 1 1 1 1 2 1 1 6 12 52 122 |5 12 19 7 1 13 1 1 12 5 8 17 65 162 229 220 |1 1 2 7 3 9 1 1 4 1 1 43 217 240 247 121 |1 10 1 5 16 6 3 5 11 9 13 31 129 178 128 20 |1 1 1 1 1 1 1 7 1 1 5 1 10 22 9 7 |1 1 1 12 1 1 1 1 1 3 1 1 1 1 3 1 |1 1 1 1 1 1 7 3 1 1 10 1 3 1 11 9 |1 1 1 6 1 1 1 1 1 1 6 8 12 10 1 10 |1 1 1 1 1 1 2 1 1 1 1 9 4 1 14 2 |1 3 1 7 1 1 1 1 1 1 7 8 1 7 17 7 |
9458: 1 1 1 1 2 1 1 1 1 1 7 6 1 7 3 2 |1 1 1 1 1 1 1 1 1 1 1 1 1 1 9 6 |1 1 1 1 1 1 1 1 1 2 1 1 6 12 52 122 |5 12 19 7 1 13 1 1 12 5 8 17 65 162 229 220 |1 1 2 7 3 9 1 1 4 1 1 43 217 240 247 121 |1 10 1 5 16 6 3 5 11 9 13 31 129 178 128 20 |1 1 1 1 1 1 1 7 1 1 5 1 10 22 9 7 |1 1 1 12 1 1 1 1 1 3 1 1 1 1 3 1 |1 1 1 1 1 1 7 3 1 1 10 1 3 1 11 9 |1 1 1 6 1 1 1 1 1 1 6 8 12 10 1 10 |1 1 1 1 1 1 2 1 1 1 1 9 4 1 14 2 |1 3 1 7 1 1 1 1 1 1 7 8 1 7 17 7 |
9469: 1 1 1 1 2 1 1 1 1 1 7 6 1 7 3 2 |1 1 1 1 2 1 1 1 1 2 1 1 1 5 11 10 |1 1 1 1 1 1 1 6 1 1 1 6 1 3 62 125 |8 8 13 1 8 5 8 1 14 18 8 16 64 153 232 217 |36 10 10 1 4 10 14 10 1 1 3 44 217 234 231 101 |1 7 1 1 8 9 4 7 3 1 13 26 130 186 129 27 |1 1 1 1 1 5 1 8 1 1 10 11 3 18 3 8 |1 1 1 11 1 1 1 1 1 1 1 7 8 1 2 14 |1 1 1 1 1 1 4 4 1 1 11 1 4 3 7 9 |1 1 1 1 1 1 1 1 1 1 5 1 11 13 1 1 |1 1 1 1 1 1 2 1 1 1 1 9 4 1 14 2 |1 3 1 7 1 1 1 1 1 1 7 8 1 7 17 7 |
9480: 1 1 1 1 2 1 1 1 1 1 7 6 1 7 3 2 |1 1 1 1 2 1 1 1 1 2 1 1 1 5 11 10 |1 1 1 1 1 1 1 6 1 1 1 6 1 3 62 125 |8 8 13 1 8 5 8 1 14 18 8 16 64 153 232 217 |36 10 10 1 4 10 14 10 1 1 3 44 217 234 231 101 |1 7 1 1 8 9 4 7 3 1 13 26 130 186 129 27 |1 1 1 1 1 5 1 8 1 1 10 11 3 18 3 8 |1 1 1 11 1 1 1 1 1 1 1 7 8 1 2 14 |1 1 1 1 1 1 4 4 1 1 11 1 4 3 7 9 |1 1 1 1 1 1 1 1 1 1 5 1 11 13 1 1 |1 1 10 1 1 1 1 1 1 1 1 6 10 3 11 11 |1 13 1 9 9 1 1 3 1 1 13 5 2 8 17 11 |
9491: 5 1 1 7 1 1 1 1 1 1 6 1 1 8 2 3 |1 1 1 1 1 1 1 1 1 1 1 1 1 1 11 5 |1 1 1 1 1 1 1 1 1 1 1 1 1 14 51 134 |8 8 13 1 8 5 8 1 14 18 8 16 64 153 232 217 |36 10 10 1 4 10 14 10 1 1 3 44 217 234 231 101 |1 7 1 1 8 9 4 7 3 1 13 26 130 186 129 27 |1 1 1 1 1 5 1 8 1 1 10 11 3 18 3 8 |1 1 1 11 1 1 1 1 1 1 1 7 8 1 2 14 |1 1 1 1 1 1 4 4 1 1 11 1 4 3 7 9 |1 1 1 1 1 1 1 1 1 1 5 1 11 13 1 1 |1 1 10 1 1 1 1 1 1 1 1 6 10 3 11 11 |1 13 1 9 9 1 1 3 1 1 13 5 2 8 17 11 |
9502: 5 1 1 7 1 1 1 1 1 1 6 1 1 8 2 3 |1 1 1 1 1 1 1 1 1 1 1 1 1 1 11 5 |1 1 1 1 1 1 1 1 1 1 1 1 1 14 51 134 |29 1 9 1 4 2 2 1 1 13 1 6 67 165 229 216 |12 1 1 8 15 6 1 10 10 6 19 52 214 249 239 116 |1 8 4 1 1 14 6 12 4 2 4 33 120 165 119 13 |1 1 1 1 1 1 1 5 1 1 8 8 1 24 1 1 |1 1 1 13 1 1 1 1 1 7 1 1 1 1 1 1 |1 1 4 1 1 1 1 9 1 1 5 1 2 2 8 8 |1 1 1 1 1 1 1 1 1 1 5 1 11 13 1 1 |1 1 10 1 1 1 1 1 1 1 1 6 10 3 11 11 |1 13 1 9 9 1 1 3 1 1 13 5 2 8 17 11 |
9513: 5 1 1 7 1 1 1 1 1 1 6 1 1 8 2 3 |1 1 1 1 1 1 1 1 1 1 1 1 1 1 11 5 |1 1 1 1 1 1 1 1 1 1 1 1 1 14 51 134 |29 1 9 1 4 2 2 1 1 13 1 6 67 165 229 216 |12 1 1 8 15 6 1 10 10 6 19 52 214 249 239 116 |1 8 4 1 1 14 6 12 4 2 4 33 120 165 119 13 |1 1 1 1 1 1 1 5 1 1 8 8 1 24 1 1 |1 1 1 13 1 1 1 1 1 7 1 1 1 1 1 1 |1 1 4 1 1 1 1 9 1 1 5 1 2 2 8 8 |1 1 1 1 1 1 1 1 1 1 1 1 12 11 1 10 |5 1 1 1 1 1 11 1 1 1 1 6 6 1 2 16 |1 13 1 1 1 1 1 1 1 1 13 7 2 11 17 10 |
9524: 2 1 1 1 1 1 1 1 1 1 2 4 1 8 1 7 |1 1 1 1 1 1 1 1 1 1 1 1 1 1 11 5 |1 1 1 1 1 1 1 1 1 1 1 1 1 14 51 134 |29 1 9 1 4 2 2 1 1 13 1 6 67 165 229 216 |12 1 1 8 15 6 1 10 10 6 19 52 214 249 239 116 |1 8 4 1 1 14 6 12 4 2 4 33 120 165 119 13 |1 1 1 1 1 1 1 5 1 1 8 8 1 24 1 1 |1 1 1 13 1 1 1 1 1 7 1 1 1 1 1 1 |1 1 4 1 1 1 1 9 1 1 5 1 2 2 8 8 |1 1 1 1 1 1 1 1 1 1 1 1 12 11 1 10 |5 1 1 1 1 1 11 1 1 1 1 6 6 1 2 16 |1 13 1 1 1 1 1 1 1 1 13 7 2 11 17 10 |
9535: 2 1 1 1 1 1 1 1 1 1 2 4 1 8 1 7 |1 1 1 1 1 1 1 1 1 1 1 1 1 7 13 6 |1 1 1 1 1 1 1 1 1 1 1 1 1 16 54 134 |8 1 15 9 8 1 13 1 16 1 1 13 63 150 228 220 |6 1 3 12 5 9 12 8 6 4 17 48 212 247 229 103 |3 1 3 1 19 7 12 11 11 5 8 32 121 165 116 25 |1 1 1 1 1 1 1 6 1 2 12 6 1 23 1 1 |1 1 1 1 1 1 1 1 9 1 1 1 6 1 1 13 |1 1 1 18 9 1 1 11 1 1 13 1 1 1 10 11 |1 1 1 1 1 1 1 1 1 1 1 1 12 11 1 10 |5 1 1 1 1 1 11 1 1 1 1 6 6 1 2 16 |1 13 1 1 1 1 1 1 1 1 13 7 2 11 17 10 |
9546: 2 1 1 1 1 1 1 1 1 1 2 4 1 8 1 7 |1 1 1 1 1 1 1 1 1 1 1 1 1 7 13 6 |1 1 1 1 1 1 1 1 1 1 1 1 1 16 54 134 |8 1 15 9 8 1 13 1 16 1 1 13 63 150 228 220 |6 1 3 12 5 9 12 8 6 4 17 48 212 247 229 103 |3 1 3 1 19 7 12 11 11 5 8 32 121 165 116 25 |1 1 1 1 1 1 1 6 1 2 12 6 1 23 1 1 |1 1 1 1 1 1 1 1 9 1 1 1 6 1 1 13 |1 1 1 18 9 1 1 11 1 1 13 1 1 1 10 11 |1 1 1 5 1 1 2 1 1 1 1 1 1 3 1 1 |6 1 9 1 1 1 3 1 1 1 6 5 5 1 1 10 |1 6 1 1 1 1 1 1 1 1 6 1 1 9 13 4 |
9557: 2 1 1 1 1 1 1 1 1 1 2 4 1 8 1 7 |1 1 1 1 1 1 1 1 1 1 1 1 1 7 13 6 |1 1 1 1 1 1 1 1 1 1 1 1 1 16 54 134 |8 1 15 9 8 1 13 1 16 1 1 13 63 150 228 220 |6 1 3 12 5 9 12 8 6 4 17 48 212 247 229 103 |3 1 3 1 19 7 12 11 11 5 8 32 121 165 116 25 |1 1 1 1 1 1 1 6 1 2 12 6 1 23 1 1 |1 1 1 1 1 1 1 1 9 1 1 1 6 1 1 13 |1 1 1 18 9 1 1 11 1 1 13 1 1 1 10 11 |1 1 1 5 1 1 2 1 1 1 1 1 1 3 1 1 |6 1 9 1 1 1 3 1 1 1 6 5 5 1 1 10 |1 6 1 1 1 1 1 1 1 1 6 1 1 9 13 4 |
9568: 2 1 1 4 1 1 1 1 1 1 7 1 1 1 1 1 |1 1 1 1 1 1 1 1 1 1 1 1 1 1 9 18 |1 1 1 1 1 1 1 1 1 1 1 4 1 19 56 130 |8 9 18 7 12 4 1 14 12 14 1 12 64 204 222 226 |1 8 2 28 9 4 3 4 1 1 4 32 210 246 241 115 |1 1 1 1 2 1 1 12 9 2 18 32 121 171 112 13 |1 1 1 1 1 4 1 8 1 1 10 9 2 26 6 2 |1 1 1 1 1 1 1 1 9 1 1 1 6 1 1 13 |1 1 1 18 9 1 1 11 1 1 13 1 1 1 10 11 |1 1 1 5 1 1 2 1 1 1 1 1 1 3 1 1 |6 1 9 1 1 1 3 1 1 1 6 5 5 1 1 10 |1 6 1 1 1 1 1 1 1 1 6 1 1 9 13 4 |
9579: 2 1 1 4 1 1 1 1 1 1 7 1 1 1 1 1 |1 1 1 1 1 1 1 1 1 1 1 1 1 1 9 18 |1 1 1 1 1 1 1 1 1 1 1 4 1 19 56 130 |8 9 18 7 12 4 1 14 12 14 1 12 64 204 222 226 |1 8 2 28 9 4 3 4 1 1 4 32 210 246 241 115 |1 1 1 1 2 1 1 12 9 2 18 32 121 171 112 13 |1 1 1 1 1 4 1 8 1 1 10 9 2 26 6 2 |1 1 1 1 14 9 1 1 1 2 1 6 1 1 1 11 |1 1 1 13 7 1 1 6 1 1 4 1 1 3 3 2 |1 1 1 1 1 1 1 1 1 1 1 1 2 8 1 8 |3 1 1 1 1 1 7 1 1 1 1 1 1 1 1 2 |1 1 1 1 1 1 1 1 1 2 7 9 4 9 11 4 |
9590: 2 1 1 4 1 1 1 1 1 1 7 1 1 1 1 1 |1 1 1 1 1 1 1 1 1 1 1 1 1 1 9 18 |1 1 1 1 1 1 1 1 1 1 1 4 1 19 56 130 |8 9 18 7 12 4 1 14 12 14 1 12 64 204 222 226 |1 8 2 28 9 4 3 4 1 1 4 32 210 246 241 115 |1 1 1 1 2 1 1 12 9 2 18 32 121 171 112 13 |1 1 1 1 1 4 1 8 1 1 10 9 2 26 6 2 |1 1 1 1 14 9 1 1 1 2 1 6 1 1 1 11 |1 1 1 13 7 1 1 6 1 1 4 1 1 3 3 2 |1 1 1 1 1 1 1 1 1 1 1 1 2 8 1 8 |3 1 1 1 1 1 7 1 1 1 1 1 1 1 1 2 |1 1 1 1 1 1 1 1 1 2 7 9 4 9 11 4 |
9601: 6 1 1 1 1 1 1 1 1 1 8 1 1 10 1 1 |1 1 1 1 7 1 1 1 1 1 1 1 1 1 20 10 |1 1 1 1 1 1 1 1 1 1 1 6 1 20 56 142 |9 5 17 8 9 13 1 5 15 13 4 8 68 164 232 217 |10 6 1 1 1 8 1 1 9 1 18 46 193 258 244 111 |1 1 1 12 3 1 2 12 11 6 21 26 119 171 109 14 |1 1 1 1 1 4 1 8 1 1 10 9 2 26 6 2 |1 1 1 1 14 9 1 1 1 2 1 6 1 1 1 11 |1 1 1 13 7 1 1 6 1 1 4 1 1 3 3 2 |1 1 1 1 1 1 1 1 1 1 1 1 2 8 1 8 |3 1 1 1 1 1 7 1 1 1 1 1 1 1 1 2 |1 1 1 1 1 1 1 1 1 2 7 9 4 9 11 4 |
9612: 6 1 1 1 1 1 1 1 1 1 8 1 1 10 1 1 |1 1 1 1 7 1 1 1 1 1 1 1 1 1 20 10 |1 1 1 1 1 1 1 1 1 1 1 6 1 20 56 142 |9 5 17 8 9 13 1 5 15 13 4 8 68 164 232 217 |10 6 1 1 1 8 1 1 9 1 18 46 193 258 244 111 |1 1 1 12 3 1 2 12 11 6 21 26 119 171 109 14 |1 1 1 1 1 1 1 1 1 1 4 1 1 25 3 8 |1 1 1 1 14 6 1 1 1 1 1 6 1 1 1 11 |1 1 1 15 1 1 1 2 1 1 6 1 2 2 4 10 |1 1 1 10 1 1 10 1 1 1 1 1 10 12 2 8 |3 1 9 1 1 1 1 1 1 1 1 9 10 5 1 2 |1 11 1 8 1 1 1 1 1 1 15 8 9 9 13 6 |
9623: 6 1 1 1 1 1 1 1 1 1 8 1 1 10 1 1 |1 1 1 1 7 1 1 1 1 1 1 1 1 1 20 10 |1 1 1 1 1 1 1 1 1 1 1 6 1 20 56 142 |9 5 17 8 9 13 1 5 15 13 4 8 68 164 232 217 |10 6 1 1 1 8 1 1 9 1 18 46 193 258 244 111 |1 1 1 12 3 1 2 12 11 6 21 26 119 171 109 14 |1 1 1 1 1 1 1 1 1 1 4 1 1 25 3 8 |1 1 1 1 14 6 1 1 1 1 1 6 1 1 1 11 |1 1 1 15 1 1 1 2 1 1 6 1 2 2 4 10 |1 1 1 10 1 1 10 1 1 1 1 1 10 12 2 8 |3 1 9 1 1 1 1 1 1 1 1 9 10 5 1 2 |1 11 1 8 1 1 1 1 1 1 15 8 9 9 13 6 |
9634: 1 1 1 2 1 1 1 1 1 1 5 1 1 10 1 1 |1 1 1 1 1 1 1 1 1 1 1 1 1 3 9 18 |1 1 1 1 1 1 1 1 1 1 1 1 1 8 67 140 |8 1 14 5 9 13 2 1 12 15 7 5 68 159 228 230 |11 6 1 1 1 3 1 1 1 1 12 43 205 271 242 144 |5 7 1 1 1 1 1 8 10 13 19 25 115 156 91 20 |1 1 1 1 1 3 1 8 1 1 11 5 2 22 1 1 |1 1 3 5 1 1 1 1 1 1 1 6 9 1 4 1 |1 1 1 15 1 1 1 2 1 1 6 1 2 2 4 10 |1 1 1 10 1 1 10 1 1 1 1 1 10 12 2 8 |3 1 9 1 1 1 1 1 1 1 1 9 10 5 1 2 |1 11 1 8 1 1 1 1 1 1 15 8 9 9 13 6 |
9645: 1 1 1 2 1 1 1 1 1 1 5 1 1 10 1 1 |1 1 1 1 1 1 1 1 1 1 1 1 1 3 9 18 |1 1 1 1 1 1 1 1 1 1 1 1 1 8 67 140 |8 1 14 5 9 13 2 1 12 15 7 5 68 159 228 230 |11 6 1 1 1 3 1 1 1 1 12 43 205 271 242 144 |5 7 1 1 1 1 1 8 10 13 19 25 115 156 91 20 |1 1 1 1 1 3 1 8 1 1 11 5 2 22 1 1 |1 1 3 5 1 1 1 1 1 1 1 6 9 1 4 1 |1 1 1 1 1 1 1 1 1 1 9 1 7 2 9 8 |1 1 1 1 1 1 5 1 1 1 4 10 10 10 1 1 |6 1 8 1 1 1 1 1 1 1 1 1 1 1 1 2 |1 8 1 1 2 1 1 1 1 1 11 3 1 1 20 9 |
9656: 1 1 1 2 1 1 1 1 1 1 5 1 1 10 1 1 |1 1 1 1 1 1 1 1 1 1 1 1 1 3 9 18 |1 1 1 1 1 1 1 1 1 1 1 1 1 8 67 140 |8 1 14 5 9 13 2 1 12 15 7 5 68 159 228 230 |11 6 1 1 1 3 1 1 1 1 12 43 205 271 242 144 |5 7 1 1 1 1 1 8 10 13 19 25 115 156 91 20 |1 1 1 1 1 3 1 8 1 1 11 5 2 22 1 1 |1 1 3 5 1 1 1 1 1 1 1 6 9 1 4 1 |1 1 1 1 1 1 1 1 1 1 9 1 7 2 9 8 |1 1 1 1 1 1 5 1 1 1 4 10 10 10 1 1 |6 1 8 1 1 1 1 1 1 1 1 1 1 1 1 2 |1 8 1 1 2 1 1 1 1 1 11 3 1 1 20 9 |
9667: 4 1 1 7 1 1 2 1 1 1 4 1 1 9 4 1 |1 1 2 1 1 1 1 1 1 1 1 1 1 2 21 21 |1 1 1 1 1 1 1 1 1 1 1 1 1 18 66 141 |1 1 16 5 3 2 1 1 18 15 1 11 56 172 220 229 |3 1 5 6 10 8 1 1 1 1 6 32 221 241 235 114 |6 10 1 7 1 8 6 31 1 4 22 30 112 171 106 8 |1 1 1 1 1 3 1 7 1 1 13 1 1 23 9 2 |1 1 3 5 1 1 1 1 1 1 1 6 9 1 4 1 |1 1 1 1 1 1 1 1 1 1 9 1 7 2 9 8 |1 1 1 1 1 1 5 1 1 1 4 10 10 10 1 1 |6 1 8 1 1 1 1 1 1 1 1 1 1 1 1 2 |1 8 1 1 2 1 1 1 1 1 11 3 1 1 20 9 |
9678: 4 1 1 7 1 1 2 1 1 1 4 1 1 9 4 1 |1 1 2 1 1 1 1 1 1 1 1 1 1 2 21 21 |1 1 1 1 1 1 1 1 1 1 1 1 1 18 66 141 |1 1 16 5 3 2 1 1 18 15 1 11 56 172 220 229 |3 1 5 6 10 8 1 1 1 1 6 32 221 241 235 114 |6 10 1 7 1 8 6 31 1 4 22 30 112 171 106 8 |1 1 1 1 1 3 1 7 1 1 13 1 1 23 9 2 |1 1 1 14 1 1 1 1 1 1 1 1 1 1 1 1 |1 1 1 13 9 1 1 10 1 1 12 1 1 1 4 10 |1 1 1 14 1 1 6 1 1 1 3 3 12 9 1 1 |1 1 6 1 1 1 8 1 1 1 1 1 10 1 10 2 |1 1 1 1 3 1 1 3 1 2 13 1 1 9 19 11 |
9689: 4 1 1 7 1 1 2 1 1 1 4 1 1 9 4 1 |1 1 2 1 1 1 1 1 1 1 1 1 1 2 21 21 |1 1 1 1 1 1 1 1 1 1 1 1 1 18 66 141 |1 1 16 5 3 2 1 1 18 15 1 11 56 172 220 229 |3 1 5 6 10 8 1 1 1 1 6 32 221 241 235 114 |6 10 1 7 1 8 6 31 1 4 22 30 112 171 106 8 |1 1 1 1 1 3 1 7 1 1 13 1 1 23 9 2 |1 1 1 14 1 1 1 1 1 1 1 1 1 1 1 1 |1 1 1 13 9 1 1 10 1 1 12 1 1 1 4 10 |1 1 1 14 1 1 6 1 1 1 3 3 12 9 1 1 |1 1 6 1 1 1 8 1 1 1 1 1 10 1 10 2 |1 1 1 1 3 1 1 3 1 2 13 1 1 9 19 11 |
9700: 1 1 1 2 1 1 1 1 1 1 1 1 1 1 1 1 |1 1 5 1 1 1 1 1 1 1 1 1 1 4 16 14 |1 1 1 1 1 1 6 8 1 1 1 6 6 6 63 144 |8 4 1 9 1 8 3 3 5 5 19 18 49 156 222 230 |16 8 1 8 13 5 1 2 5 1 2 33 206 247 245 103 |1 9 1 1 9 12 13 11 3 2 1 42 113 163 108 13 |1 1 1 1 1 1 1 6 1 1 12 6 10 19 1 11 |1 1 1 14 1 1 1 1 1 1 1 1 1 1 1 1 |1 1 1 13 9 1 1 10 1 1 12 1 1 1 4 10 |1 1 1 14 1 1 6 1 1 1 3 3 12 9 1 1 |1 1 6 1 1 1 8 1 1 1 1 1 10 1 10 2 |1 1 1 1 3 1 1 3 1 2 13 1 1 9 19 11 |
9711: 1 1 1 2 1 1 1 1 1 1 1 1 1 1 1 1 |1 1 5 1 1 1 1 1 1 1 1 1 1 4 16 14 |1 1 1 1 1 1 6 8 1 1 1 6 6 6 63 144 |8 4 1 9 1 8 3 3 5 5 19 18 49 156 222 230 |16 8 1 8 13 5 1 2 5 1 2 33 206 247 245 103 |1 9 1 1 9 12 13 11 3 2 1 42 113 163 108 13 |1 1 1 1 1 1 1 6 1 1 12 6 10 19 1 11 |1 1 1 1 5 1 1 6 3 1 1 1 6 1 1 1 |1 1 1 1 6 1 1 1 1 1 13 1 1 4 6 8 |1 1 1 1 4 1 1 1 1 1 6 5 11 10 1 1 |5 1 1 1 1 1 1 1 1 1 1 6 10 3 4 3 |1 14 1 1 1 1 2 1 1 1 14 5 1 1 16 12 |
9722: 1 1 1 2 1 1 1 1 1 1 1 1 1 1 1 1 |1 1 5 1 1 1 1 1 1 1 1 1 1 4 16 14 |1 1 1 1 1 1 6 8 1 1 1 6 6 6 63 144 |8 4 1 9 1 8 3 3 5 5 19 18 49 156 222 230 |16 8 1 8 13 5 1 2 5 1 2 33 206 247 245 103 |1 9 1 1 9 12 13 11 3 2 1 42 113 163 108 13 |1 1 1 1 1 1 1 6 1 1 12 6 10 19 1 11 |1 1 1 1 5 1 1 6 3 1 1 1 6 1 1 1 |1 1 1 1 6 1 1 1 1 1 13 1 1 4 6 8 |1 1 1 1 4 1 1 1 1 1 6 5 11 10 1 1 |5 1 1 1 1 1 1 1 1 1 1 6 10 3 4 3 |1 14 1 1 1 1 2 1 1 1 14 5 1 1 16 12 |
9733: 1 1 1 7 3 1 1 1 1 1 3 1 1 8 2 1 |1 1 1 1 1 1 1 1 1 1 1 1 1 1 9 24 |1 1 1 1 6 6 1 1 1 1 1 8 1 20 67 142 |1 5 6 1 1 3 1 1 19 15 1 10 56 166 230 232 |15 10 7 7 8 2 4 4 1 1 11 42 220 243 237 114 |1 11 1 1 3 1 14 12 11 6 21 31 119 161 117 10 |1 1 1 1 1 1 1 6 1 1 12 6 10 19 1 11 |1 1 1 1 5 1 1 6 3 1 1 1 6 1 1 1 |1 1 1 1 6 1 1 1 1 1 13 1 1 4 6 8 |1 1 1 1 4 1 1 1 1 1 6 5 11 10 1 1 |5 1 1 1 1 1 1 1 1 1 1 6 10 3 4 3 |1 14 1 1 1 1 2 1 1 1 14 5 1 1 16 12 |
9744: 1 1 1 7 3 1 1 1 1 1 3 1 1 8 2 1 |1 1 1 1 1 1 1 1 1 1 1 1 1 1 9 24 |1 1 1 1 6 6 1 1 1 1 1 8 1 20 67 142 |1 5 6 1 1 3 1 1 19 15 1 10 56 166 230 232 |15 10 7 7 8 2 4 4 1 1 11 42 220 243 237 114 |1 11 1 1 3 1 14 12 11 6 21 31 119 161 117 10 |1 1 1 1 1 1 1 1 1 1 10 1 1 24 7 7 |1 1 1 12 1 1 1 1 1 2 1 5 1 1 1 6 |1 1 1 2 1 1 1 1 1 1 11 1 1 4 3 2 |1 1 1 10 1 1 1 1 1 1 5 6 1 1 1 1 |4 1 9 1 1 2 1 1 1 1 1 1 12 4 1 1 |1 8 1 1 1 1 1 1 1 1 10 6 2 1 18 6 |
9755: 1 1 1 5 1 1 3 1 1 1 4 6 1 7 1 1 |1 1 1 1 1 1 1 1 1 1 1 1 1 1 9 24 |1 1 1 1 6 6 1 1 1 1 1 8 1 20 67 142 |1 5 6 1 1 3 1 1 19 15 1 10 56 166 230 232 |15 10 7 7 8 2 4 4 1 1 11 42 220 243 237 114 |1 11 1 1 3 1 14 12 11 6 21 31 119 161 117 10 |1 1 1 1 1 1 1 1 1 1 10 1 1 24 7 7 |1 1 1 12 1 1 1 1 1 2 1 5 1 1 1 6 |1 1 1 2 1 1 1 1 1 1 11 1 1 4 3 2 |1 1 1 10 1 1 1 1 1 1 5 6 1 1 1 1 |4 1 9 1 1 2 1 1 1 1 1 1 12 4 1 1 |1 8 1 1 1 1 1 1 1 1 10 6 2 1 18 6 |
9766: 1 1 1 5 1 1 3 1 1 1 4 6 1 7 1 1 |1 1 1 1 1 1 1 1 1 1 1 1 1 11 14 7 |1 1 1 1 1 1 1 1 1 1 1 1 1 18 63 141 |9 4 10 5 10 6 1 5 16 16 11 16 65 165 236 224 |10 5 6 8 9 10 1 1 1 1 13 40 210 247 243 110 |1 1 5 1 10 4 12 10 6 6 19 27 116 180 118 16 |1 1 1 1 1 7 1 1 1 2 11 1 9 22 1 1 |1 1 1 1 1 9 1 1 3 7 1 1 1 1 2 13 |1 1 1 2 1 1 1 1 1 1 11 1 1 4 3 2 |1 1 1 10 1 1 1 1 1 1 5 6 1 1 1 1 |4 1 9 1 1 2 1 1 1 1 1 1 12 4 1 1 |1 8 1 1 1 1 1 1 1 1 10 6 2 1 18 6 |
9777: 1 1 1 5 1 1 3 1 1 1 4 6 1 7 1 1 |1 1 1 1 1 1 1 1 1 1 1 1 1 11 14 7 |1 1 1 1 1 1 1 1 1 1 1 1 1 18 63 141 |9 4 10 5 10 6 1 5 16 16 11 16 65 165 236 224 |10 5 6 8 9 10 1 1 1 1 13 40 210 247 243 110 |1 1 5 1 10 4 12 10 6 6 19 27 116 180 118 16 |1 1 1 1 1 7 1 1 1 2 11 1 9 22 1 1 |1 1 1 1 1 9 1 1 3 7 1 1 1 1 2 13 |1 1 2 1 8 1 1 3 1 1 13 1 1 1 1 5 |1 1 1 9 1 3 8 1 1 1 1 2 11 9 8 7 |7 1 1 1 1 1 1 1 1 1 1 8 5 1 2 2 |1 8 1 1 1 1 1 1 1 1 10 1 1 7 12 4 |
9788: 1 1 1 5 1 1 3 1 1 1 4 6 1 7 1 1 |1 1 1 1 1 1 1 1 1 1 1 1 1 11 14 7 |1 1 1 1 1 1 1 1 1 1 1 1 1 18 63 141 |9 4 10 5 10 6 1 5 16 16 11 16 65 165 236 224 |10 5 6 8 9 10 1 1 1 1 13 40 210 247 243 110 |1 1 5 1 10 4 12 10 6 6 19 27 116 180 118 16 |1 1 1 1 1 7 1 1 1 2 11 1 9 22 1 1 |1 1 1 1 1 9 1 1 3 7 1 1 1 1 2 13 |1 1 2 1 8 1 1 3 1 1 13 1 1 1 1 5 |1 1 1 9 1 3 8 1 1 1 1 2 11 9 8 7 |7 1 1 1 1 1 1 1 1 1 1 8 5 1 2 2 |1 8 1 1 1 1 1 1 1 1 10 1 1 7 12 4 |
9799: 1 1 1 1 1 1 1 1 1 1 3 12 1 9 1 1 |1 1 1 1 1 1 4 1 1 1 1 1 1 1 26 5 |2 1 2 1 1 2 1 1 1 1 1 6 1 8 62 128 |8 7 6 1 1 1 1 1 11 1 1 12 64 160 225 219 |2 1 1 8 6 1 1 5 1 5 12 47 218 247 235 107 |1 1 1 9 19 8 10 12 11 12 14 25 119 176 109 17 |1 1 1 1 1 7 1 1 1 2 11 1 9 22 1 1 |1 1 1 1 1 9 1 1 3 7 1 1 1 1 2 13 |1 1 2 1 8 1 1 3 1 1 13 1 1 1 1 5 |1 1 1 9 1 3 8 1 1 1 1 2 11 9 8 7 |7 1 1 1 1 1 1 1 1 1 1 8 5 1 2 2 |1 8 1 1 1 1 1 1 1 1 10 1 1 7 12 4 |
9810: 1 1 1 1 1 1 1 1 1 1 3 12 1 9 1 1 |1 1 1 1 1 1 4 1 1 1 1 1 1 1 26 5 |2 1 2 1 1 2 1 1 1 1 1 6 1 8 62 128 |8 7 6 1 1 1 1 1 11 1 1 12 64 160 225 219 |2 1 1 8 6 1 1 5 1 5 12 47 218 247 235 107 |1 1 1 9 19 8 10 12 11 12 14 25 119 176 109 17 |1 1 1 1 1 1 1 7 1 1 13 1 1 25 8 7 |1 1 1 14 1 4 1 2 1 1 1 7 12 1 1 13 |1 1 1 5 8 1 1 8 1 1 6 1 1 1 11 7 |1 1 1 1 1 1 1 1 1 1 1 1 9 22 1 1 |5 1 1 1 1 1 9 1 1 3 1 6 11 1 2 9 |1 1 1 8 1 1 2 1 1 1 13 1 1 12 18 6 |
9820: 1 1 1 1 1 1 1 1 1 1 3 12 1 9 1 1 |1 1 1 1 1 1 4 1 1 1 1 1 1 1 26 5 |2 1 2 1 1 2 1 1 1 1 1 6 1 8 62 128 |8 7 6 1 1 1 1 1 11 1 1 12 64 160 225 219 |2 1 1 8 6 1 1 5 1 5 12 47 218 247 235 107 |1 1 1 9 19 8 10 12 11 12 14 25 119 176 109 17 |1 1 1 1 1 1 1 7 1 1 13 1 1 25 8 7 |1 1 1 14 1 4 1 2 1 1 1 7 12 1 1 13 |1 1 1 5 8 1 1 8 1 1 6 1 1 1 11 7 |1 1 1 1 1 1 1 1 1 1 1 1 9 22 1 1 |5 1 1 1 1 1 9 1 1 3 1 6 11 1 2 9 |1 1 1 8 1 1 2 1 1 1 13 1 1 12 18 6 |
9831: 3 1 1 1 1 1 1 1 1 1 6 7 1 1 1 1 |1 1 1 1 1 1 1 1 1 1 1 1 2 1 22 13 |1 1 1 1 1 1 1 1 1 1 1 1 11 15 62 132 |3 1 6 8 10 13 1 1 1 1 1 19 53 162 227 227 |12 5 2 6 1 1 1 1 1 1 10 31 220 247 242 125 |1 1 1 9 19 8 10 12 11 12 14 25 119 176 109 17 |1 1 1 1 1 1 1 7 1 1 13 1 1 25 8 7 |1 1 1 14 1 4 1 2 1 1 1 7 12 1 1 13 |1 1 1 5 8 1 1 8 1 1 6 1 1 1 11 7 |1 1 1 1 1 1 1 1 1 1 1 1 9 22 1 1 |5 1 1 1 1 1 9 1 1 3 1 6 11 1 2 9 |1 1 1 8 1 1 2 1 1 1 13 1 1 12 18 6 |
9842: 3 1 1 1 1 1 1 1 1 1 6 7 1 1 1 1 |1 1 1 1 1 1 1 1 1 1 1 1 2 1 22 13 |1 1 1 1 1 1 1 1 1 1 1 1 11 15 62 132 |3 1 6 8 10 13 1 1 1 1 1 19 53 162 227 227 |12 5 2 6 1 1 1 1 1 1 10 31 220 247 242 125 |1 4 4 2 15 1 14 10 11 7 18 31 127 178 113 17 |1 1 1 1 1 1 1 1 1 1 11 7 2 22 9 7 |1 1 1 1 1 1 1 1 1 1 1 4 1 1 3 13 |1 1 2 5 1 1 1 7 1 1 10 1 1 3 9 8 |1 1 1 1 1 1 9 1 1 1 1 1 7 3 1 10 |3 1 4 1 1 1 1 1 1 1 1 7 5 1 1 9 |1 12 1 2 1 1 1 1 1 1 8 1 1 10 10 2 |
9853: 3 1 1 1 1 1 1 1 1 1 6 7 1 1 1 1 |1 1 1 1 1 1 1 1 1 1 1 1 2 1 22 13 |1 1 1 1 1 1 1 1 1 1 1 1 11 15 62 132 |3 1 6 8 10 13 1 1 1 1 1 19 53 162 227 227 |12 5 2 6 1 1 1 1 1 1 10 31 220 247 242 125 |1 4 4 2 15 1 14 10 11 7 18 31 127 178 113 17 |1 1 1 1 1 1 1 1 1 1 11 7 2 22 9 7 |1 1 1 1 1 1 1 1 1 1 1 4 1 1 3 13 |1 1 2 5 1 1 1 7 1 1 10 1 1 3 9 8 |1 1 1 1 1 1 9 1 1 1 1 1 7 3 1 10 |3 1 4 1 1 1 1 1 1 1 1 7 5 1 1 9 |1 12 1 2 1 1 1 1 1 1 8 1 1 10 10 2 |
9864: 1 1 1 1 1 1 1 1 1 1 7 8 1 8 3 1 |1 1 1 1 1 1 1 1 1 1 1 1 1 1 23 11 |1 1 1 1 1 1 1 1 1 1 1 1 3 17 62 130 |9 5 13 8 12 2 1 1 19 13 7 16 64 162 230 227 |14 5 1 1 23 6 1 1 1 7 11 38 211 241 243 120 |1 4 4 2 15 1 14 10 11 7 18 31 127 178 113 17 |1 1 1 1 1 1 1 1 1 1 11 7 2 22 9 7 |1 1 1 1 1 1 1 1 1 1 1 4 1 1 3 13 |1 1 2 5 1 1 1 7 1 1 10 1 1 3 9 8 |1 1 1 1 1 1 9 1 1 1 1 1 7 3 1 10 |3 1 4 1 1 1 1 1 1 1 1 7 5 1 1 9 |1 12 1 2 1 1 1 1 1 1 8 1 1 10 10 2 |
9875: 1 1 1 1 1 1 1 1 1 1 7 8 1 8 3 1 |1 1 1 1 1 1 1 1 1 1 1 1 1 1 23 11 |1 1 1 1 1 1 1 1 1 1 1 1 3 17 62 130 |9 5 13 8 12 2 1 1 19 13 7 16 64 162 230 227 |14 5 1 1 23 6 1 1 1 7 11 38 211 241 243 120 |3 4 8 8 15 13 11 7 3 4 18 41 113 169 112 5 |1 1 1 1 1 1 1 6 1 1 12 1 9 26 1 1 |1 1 1 1 1 1 1 1 1 1 1 1 1 1 1 1 |1 1 1 1 1 1 1 8 1 1 14 1 1 2 11 9 |1 1 1 8 1 1 1 2 1 1 1 10 5 3 1 1 |5 1 1 5 1 1 6 1 1 1 1 8 13 4 1 11 |1 14 1 1 1 1 2 1 1 3 7 1 1 1 11 5 |
9886: 1 1 1 1 1 1 1 1 1 1 7 8 1 8 3 1 |1 1 1 1 1 1 1 1 1 1 1 1 1 1 23 11 |1 1 1 1 1 1 1 1 1 1 1 1 3 17 62 130 |9 5 13 8 12 2 1 1 19 13 7 16 64 162 230 227 |14 5 1 1 23 6 1 1 1 7 11 38 211 241 243 120 |3 4 8 8 15 13 11 7 3 4 18 41 113 169 112 5 |1 1 1 1 1 1 1 6 1 1 12 1 9 26 1 1 |1 1 1 1 1 1 1 1 1 1 1 1 1 1 1 1 |1 1 1 1 1 1 1 8 1 1 14 1 1 2 11 9 |1 1 1 8 1 1 1 2 1 1 1 10 5 3 1 1 |5 1 1 5 1 1 6 1 1 1 1 8 13 4 1 11 |1 14 1 1 1 1 2 1 1 3 7 1 1 1 11 5 |
9897: 3 1 1 5 1 1 1 1 1 1 6 8 1 9 1 1 |1 1 1 1 1 1 1 1 1 1 1 1 1 1 21 11 |1 1 1 1 1 1 1 9 1 1 3 1 1 19 62 129 |6 12 8 6 1 16 1 1 15 6 7 22 63 166 225 215 |14 5 1 1 23 6 1 1 1 7 11 38 211 241 243 120 |3 4 8 8 15 13 11 7 3 4 18 41 113 169 112 5 |1 1 1 1 1 1 1 6 1 1 12 1 9 26 1 1 |1 1 1 1 1 1 1 1 1 1 1 1 1 1 1 1 |1 1 1 1 1 1 1 8 1 1 14 1 1 2 11 9 |1 1 1 8 1 1 1 2 1 1 1 10 5 3 1 1 |5 1 1 5 1 1 6 1 1 1 1 8 13 4 1 11 |1 14 1 1 1 1 2 1 1 3 7 1 1 1 11 5 |
9908: 3 1 1 5 1 1 1 1 1 1 6 8 1 9 1 1 |1 1 1 1 1 1 1 1 1 1 1 1 1 1 21 11 |1 1 1 1 1 1 1 9 1 1 3 1 1 19 62 129 |6 12 8 6 1 16 1 1 15 6 7 22 63 166 225 215 |13 1 1 8 16 1 5 8 3 1 17 26 212 246 240 112 |1 9 1 1 4 1 1 11 12 6 19 33 116 169 121 25 |1 1 1 1 2 1 1 1 1 1 10 9 9 22 8 8 |1 1 1 11 1 1 1 1 1 8 1 1 1 1 4 10 |1 1 2 1 1 1 1 1 1 1 9 1 1 3 8 8 |1 1 1 1 1 1 1 1 1 1 1 1 9 12 1 1 |1 1 6 1 1 1 7 1 1 1 1 9 11 1 1 1 |1 10 1 6 3 1 1 1 1 1 10 9 1 1 18 10 |
9919: 3 1 1 5 1 1 1 1 1 1 6 8 1 9 1 1 |1 1 1 1 1 1 1 1 1 1 1 1 1 1 21 11 |1 1 1 1 1 1 1 9 1 1 3 1 1 19 62 129 |6 12 8 6 1 16 1 1 15 6 7 22 63 166 225 215 |13 1 1 8 16 1 5 8 3 1 17 26 212 246 240 112 |1 9 1 1 4 1 1 11 12 6 19 33 116 169 121 25 |1 1 1 1 2 1 1 1 1 1 10 9 9 22 8 8 |1 1 1 11 1 1 1 1 1 8 1 1 1 1 4 10 |1 1 2 1 1 1 1 1 1 1 9 1 1 3 8 8 |1 1 1 1 1 1 1 1 1 1 1 1 9 12 1 1 |1 1 6 1 1 1 7 1 1 1 1 9 11 1 1 1 |1 10 1 6 3 1 1 1 1 1 10 9 1 1 18 10 |
9930: 1 1 1 1 1 1 1 1 1 1 9 5 1 9 1 1 |1 1 1 1 1 1 1 1 1 1 1 1 1 1 20 13 |1 1 1 1 1 1 1 1 1 1 1 1 1 18 56 141 |7 8 14 2 12 25 7 7 8 15 4 28 64 163 236 232 |5 1 1 11 17 1 11 15 17 11 22 36 218 248 243 126 |1 1 7 8 1 6 22 22 15 16 18 33 120 180 120 9 |1 1 1 1 2 1 1 1 1 1 10 9 9 22 8 8 |1 1 1 11 1 1 1 1 1 8 1 1 1 1 4 10 |1 1 2 1 1 1 1 1 1 1 9 1 1 3 8 8 |1 1 1 1 1 1 1 1 1 1 1 1 9 12 1 1 |1 1 6 1 1 1 7 1 1 1 1 9 11 1 1 1 |1 10 1 6 3 1 1 1 1 1 10 9 1 1 18 10 |
9941: 1 1 1 1 1 1 1 1 1 1 9 5 1 9 1 1 |1 1 1 1 1 1 1 1 1 1 1 1 1 1 20 13 |1 1 1 1 1 1 1 1 1 1 1 1 1 18 56 141 |7 8 14 2 12 25 7 7 8 15 4 28 64 163 236 232 |5 1 1 11 17 1 11 15 17 11 22 36 218 248 243 126 |1 1 7 8 1 6 22 22 15 16 18 33 120 180 120 9 |1 1 1 1 1 9 1 7 1 1 9 9 2 25 6 6 |1 1 1 11 1 1 1 1 1 6 1 1 2 1 2 1 |1 1 3 1 1 1 1 10 1 1 12 1 1 3 8 7 |1 1 1 1 2 1 6 1 1 1 1 1 1 4 1 11 |2 1 8 1 1 1 1 1 1 1 1 6 6 1 2 2 |1 7 1 1 1 1 2 1 1 1 12 9 3 8 18 11 |
9952: 1 1 1 1 1 1 1 1 1 1 9 5 1 9 1 1 |1 1 1 1 1 1 1 1 1 1 1 1 1 1 20 13 |1 1 1 1 1 1 1 1 1 1 1 1 1 18 56 141 |7 8 14 2 12 25 7 7 8 15 4 28 64 163 236 232 |5 1 1 11 17 1 11 15 17 11 22 36 218 248 243 126 |1 1 7 8 1 6 22 22 15 16 18 33 120 180 120 9 |1 1 1 1 1 9 1 7 1 1 9 9 2 25 6 6 |1 1 1 11 1 1 1 1 1 6 1 1 2 1 2 1 |1 1 3 1 1 1 1 10 1 1 12 1 1 3 8 7 |1 1 1 1 2 1 6 1 1 1 1 1 1 4 1 11 |2 1 8 1 1 1 1 1 1 1 1 6 6 1 2 2 |1 7 1 1 1 1 2 1 1 1 12 9 3 8 18 11 |
9963: 6 1 1 7 1 1 1 1 1 1 5 1 1 7 1 10 |1 1 1 1 3 1 1 1 1 1 1 1 1 6 23 7 |1 1 1 1 1 1 1 1 1 1 1 1 1 15 51 142 |7 1 15 10 8 15 4 1 8 15 14 12 47 149 222 220 |10 1 1 13 12 8 6 1 1 1 9 35 207 242 246 120 |1 1 7 8 1 6 22 22 15 16 18 33 120 180 120 9 |1 1 1 1 1 9 1 7 1 1 9 9 2 25 6 6 |1 1 1 11 1 1 1 1 1 6 1 1 2 1 2 1 |1 1 3 1 1 1 1 10 1 1 12 1 1 3 8 7 |1 1 1 1 2 1 6 1 1 1 1 1 1 4 1 11 |2 1 8 1 1 1 1 1 1 1 1 6 6 1 2 2 |1 7 1 1 1 1 2 1 1 1 12 9 3 8 18 11 |
9974: 6 1 1 7 1 1 1 1 1 1 5 1 1 7 1 10 |1 1 1 1 3 1 1 1 1 1 1 1 1 6 23 7 |1 1 1 1 1 1 1 1 1 1 1 1 1 15 51 142 |7 1 15 10 8 15 4 1 8 15 14 12 47 149 222 220 |10 1 1 13 12 8 6 1 1 1 9 35 207 242 246 120 |1 2 4 1 10 1 1 1 1 1 7 24 128 178 110 18 |1 1 1 1 1 5 1 9 1 1 11 7 3 10 6 8 |1 1 1 11 1 1 1 1 1 1 1 6 6 1 1 1 |1 1 3 9 1 1 1 11 1 1 12 1 3 1 1 6 |1 1 1 1 2 2 1 1 1 1 6 7 1 1 1 1 |2 1 7 1 1 3 5 1 1 1 1 1 1 1 1 12 |1 1 1 1 10 1 1 1 1 1 13 6 8 2 5 5 |
9985: 6 1 1 7 1 1 1 1 1 1 5 1 1 7 1 10 |1 1 1 1 3 1 1 1 1 1 1 1 1 6 23 7 |1 1 1 1 1 1 1 1 1 1 1 1 1 15 51 142 |7 1 15 10 8 15 4 1 8 15 14 12 47 149 222 220 |10 1 1 13 12 8 6 1 1 1 9 35 207 242 246 120 |1 2 4 1 10 1 1 1 1 1 7 24 128 178 110 18 |1 1 1 1 1 5 1 9 1 1 11 7 3 10 6 8 |1 1 1 11 1 1 1 1 1 1 1 6 6 1 1 1 |1 1 3 9 1 1 1 11 1 1 12 1 3 1 1 6 |1 1 1 1 2 2 1 1 1 1 6 7 1 1 1 1 |2 1 7 1 1 3 5 1 1 1 1 1 1 1 1 12 |1 1 1 1 10 1 1 1 1 1 13 6 8 2 5 5 |
9996: 1 1 1 7 1 1 2 1 1 1 6 7 1 4 1 1 |1 1 1 1 1 1 1 1 1 1 1 1 1 11 9 4 |1 1 1 1 2 6 1 1 1 1 1 1 1 16 51 144 |2 1 7 1 1 7 7 7 16 15 6 14 65 166 239 231 |14 5 8 8 14 1 6 5 3 1 12 42 215 245 236 120 |1 2 4 1 10 1 1 1 1 1 7 24 128 178 110 18 |1 1 1 1 1 5 1 9 1 1 11 7 3 10 6 8 |1 1 1 11 1 1 1 1 1 1 1 6 6 1 1 1 |1 1 3 9 1 1 1 11 1 1 12 1 3 1 1 6 |1 1 1 1 2 2 1 1 1 1 6 7 1 1 1 1 |2 1 7 1 1 3 5 1 1 1 1 1 1 1 1 12 |1 1 1 1 10 1 1 1 1 1 13 6 8 2 5 5 |
10007: 1 1 1 7 1 1 2 1 1 1 6 7 1 4 1 1 |1 1 1 1 1 1 1 1 1 1 1 1 1 11 9 4 |1 1 1 1 2 6 1 1 1 1 1 1 1 16 51 144 |2 1 7 1 1 7 7 7 16 15 6 14 65 166 239 231 |14 5 8 8 14 1 6 5 3 1 12 42 215 245 236 120 |1 6 1 1 1 1 1 2 1 3 8 34 122 166 108 19 |1 1 1 1 1 1 1 9 1 1 10 7 2 22 8 4 |1 1 1 6 1 1 1 1 11 1 1 7 13 1 2 12 |1 1 1 12 4 1 1 1 1 1 13 1 4 1 11 9 |1 1 2 1 1 1 2 1 1 1 7 3 1 2 3 1 |6 1 1 1 1 1 1 1 1 1 1 9 5 1 1 12 |1 6 1 9 8 1 1 3 1 1 13 3 3 1 6 13 |
10018: 1 1 1 7 1 1 2 1 1 1 6 7 1 4 1 1 |1 1 1 1 1 1 1 1 1 1 1 1 1 11 9 4 |1 1 1 1 2 6 1 1 1 1 1 1 1 16 51 144 |2 1 7 1 1 7 7 7 16 15 6 14 65 166 239 231 |14 5 8 8 14 1 6 5 3 1 12 42 215 245 236 120 |1 6 1 1 1 1 1 2 1 3 8 34 122 166 108 19 |1 1 1 1 1 1 1 9 1 1 10 7 2 22 8 4 |1 1 1 6 1 1 1 1 11 1 1 7 13 1 2 12 |1 1 1 12 4 1 1 1 1 1 13 1 4 1 11 9 |1 1 2 1 1 1 2 1 1 1 7 3 1 2 3 1 |6 1 1 1 1 1 1 1 1 1 1 9 5 1 1 12 |1 6 1 9 8 1 1 3 1 1 13 3 3 1 6 13 |
10029: 11 1 1 4 1 1 1 1 1 1 4 1 1 8 1 7 |1 1 10 1 1 1 1 1 1 1 1 1 1 6 22 11 |1 1 1 1 1 1 1 1 1 1 1 3 1 19 56 130 |6 2 17 9 8 4 1 9 18 16 1 22 55 157 232 228 |14 5 8 8 14 1 6 5 3 1 12 42 215 245 236 120 |1 6 1 1 1 1 1 2 1 3 8 34 122 166 108 19 |1 1 1 1 1 1 1 9 1 1 10 7 2 22 8 4 |1 1 1 6 1 1 1 1 11 1 1 7 13 1 2 12 |1 1 1 12 4 1 1 1 1 1 13 1 4 1 11 9 |1 1 2 1 1 1 2 1 1 1 7 3 1 2 3 1 |6 1 1 1 1 1 1 1 1 1 1 9 5 1 1 12 |1 6 1 9 8 1 1 3 1 1 13 3 3 1 6 13 |
10040: 11 1 1 4 1 1 1 1 1 1 4 1 1 8 1 7 |1 1 10 1 1 1 1 1 1 1 1 1 1 6 22 11 |1 1 1 1 1 1 1 1 1 1 1 3 1 19 56 130 |6 2 17 9 8 4 1 9 18 16 1 22 55 157 232 228 |11 1 1 1 3 6 2 1 1 1 4 38 231 246 246 120 |1 1 1 8 9 14 13 4 1 1 11 18 124 178 110 23 |1 1 1 1 1 5 1 8 1 3 9 8 5 23 7 2 |1 1 1 1 14 5 1 1 1 2 1 1 14 1 1 12 |1 1 1 6 8 1 1 8 1 1 7 1 5 2 5 9 |1 1 1 10 1 1 1 1 1 1 1 1 1 16 1 9 |6 1 2 1 1 1 3 1 1 1 1 7 10 1 1 15 |1 5 1 9 7 1 2 1 1 1 1 2 1 1 5 2 |
10051: 11 1 1 4 1 1 1 1 1 1 4 1 1 8 1 7 |1 1 10 1 1 1 1 1 1 1 1 1 1 6 22 11 |1 1 1 1 1 1 1 1 1 1 1 3 1 19 56 130 |6 2 17 9 8 4 1 9 18 16 1 22 55 157 232 228 |11 1 1 1 3 6 2 1 1 1 4 38 231 246 246 120 |1 1 1 8 9 14 13 4 1 1 11 18 124 178 110 23 |1 1 1 1 1 5 1 8 1 3 9 8 5 23 7 2 |1 1 1 1 14 5 1 1 1 2 1 1 14 1 1 12 |1 1 1 6 8 1 1 8 1 1 7 1 5 2 5 9 |1 1 1 10 1 1 1 1 1 1 1 1 1 16 1 9 |6 1 2 1 1 1 3 1 1 1 1 7 10 1 1 15 |1 5 1 9 7 1 2 1 1 1 1 2 1 1 5 2 |
10062: 1 1 1 1 1 1 1 1 1 1 5 8 1 3 1 1 |1 1 1 1 2 1 1 1 1 1 1 1 1 1 9 13 |1 1 1 1 1 1 1 1 1 1 1 1 1 19 60 133 |21 27 24 12 20 15 1 2 8 1 1 18 66 170 241 230 |24 17 15 1 34 6 9 11 1 7 20 41 221 250 244 120 |8 15 2 24 19 1 2 6 1 6 25 22 116 183 115 12 |1 1 1 1 1 5 1 8 1 3 9 8 5 23 7 2 |1 1 1 1 14 5 1 1 1 2 1 1 14 1 1 12 |1 1 1 6 8 1 1 8 1 1 7 1 5 2 5 9 |1 1 1 10 1 1 1 1 1 1 1 1 1 16 1 9 |6 1 2 1 1 1 3 1 1 1 1 7 10 1 1 15 |1 5 1 9 7 1 2 1 1 1 1 2 1 1 5 2 |
10073: 1 1 1 1 1 1 1 1 1 1 5 8 1 3 1 1 |1 1 1 1 2 1 1 1 1 1 1 1 1 1 9 13 |1 1 1 1 1 1 1 1 1 1 1 1 1 19 60 133 |21 27 24 12 20 15 1 2 8 1 1 18 66 170 241 230 |24 17 15 1 34 6 9 11 1 7 20 41 221 250 244 120 |8 15 2 24 19 1 2 6 1 6 25 22 116 183 115 12 |1 1 1 1 1 1 1 7 1 1 10 10 3 24 6 2 |1 1 1 15 1 1 1 1 1 2 1 7 14 1 1 8 |1 1 1 1 1 1 1 8 1 1 13 1 1 3 11 10 |1 1 1 1 1 1 1 1 1 1 5 1 12 14 1 1 |4 1 1 1 1 1 6 1 1 1 1 7 10 1 7 17 |1 12 1 8 3 1 2 1 1 1 8 7 2 9 11 3 |
10084: 1 1 1 1 1 1 1 1 1 1 5 8 1 3 1 1 |1 1 1 1 2 1 1 1 1 1 1 1 1 1 9 13 |1 1 1 1 1 1 1 1 1 1 1 1 1 19 60 133 |21 27 24 12 20 15 1 2 8 1 1 18 66 170 241 230 |24 17 15 1 34 6 9 11 1 7 20 41 221 250 244 120 |8 15 2 24 19 1 2 6 1 6 25 22 116 183 115 12 |1 1 1 1 1 1 1 7 1 1 10 10 3 24 6 2 |1 1 1 15 1 1 1 1 1 2 1 7 14 1 1 8 |1 1 1 1 1 1 1 8 1 1 13 1 1 3 11 10 |1 1 1 1 1 1 1 1 1 1 5 1 12 14 1 1 |4 1 1 1 1 1 6 1 1 1 1 7 10 1 7 17 |1 12 1 8 3 1 2 1 1 1 8 7 2 9 11 3 |
10095: 1 1 1 1 1 1 1 1 1 1 7 1 1 2 1 1 |1 1 1 1 1 1 1 1 1 3 1 1 1 2 10 23 |1 1 1 1 1 1 1 1 1 1 1 6 1 9 68 140 |10 1 18 6 1 2 1 1 5 2 1 20 58 155 234 231 |13 7 7 8 23 23 8 3 4 8 10 42 209 236 243 117 |1 2 1 1 1 1 6 31 15 19 10 34 121 171 120 20 |1 1 1 1 1 1 1 6 1 1 11 10 1 23 7 2 |1 1 1 15 1 1 1 1 1 2 1 7 14 1 1 8 |1 1 1 1 1 1 1 8 1 1 13 1 1 3 11 10 |1 1 1 1 1 1 1 1 1 1 5 1 12 14 1 1 |4 1 1 1 1 1 6 1 1 1 1 7 10 1 7 17 |1 12 1 8 3 1 2 1 1 1 8 7 2 9 11 3 |
10106: 1 1 1 1 1 1 1 1 1 1 7 1 1 2 1 1 |1 1 1 1 1 1 1 1 1 3 1 1 1 2 10 23 |1 1 1 1 1 1 1 1 1 1 1 6 1 9 68 140 |10 1 18 6 1 2 1 1 5 2 1 20 58 155 234 231 |13 7 7 8 23 23 8 3 4 8 10 42 209 236 243 117 |1 2 1 1 1 1 6 31 15 19 10 34 121 171 120 20 |1 1 1 1 1 1 1 6 1 1 11 10 1 23 7 2 |1 1 1 12 5 1 1 1 1 4 1 1 1 1 3 11 |1 1 1 1 8 1 4 7 1 1 13 1 5 3 4 3 |1 1 1 8 1 1 6 1 1 1 6 4 10 8 1 1 |1 1 1 1 1 1 1 1 1 1 7 2 5 1 1 1 |1 8 1 8 7 1 1 2 1 1 12 1 1 9 19 10 |
10117: 1 1 1 1 1 1 1 1 1 1 7 1 1 2 1 1 |1 1 1 1 1 1 1 1 1 3 1 1 1 2 10 23 |1 1 1 1 1 1 1 1 1 1 1 6 1 9 68 140 |10 1 18 6 1 2 1 1 5 2 1 20 58 155 234 231 |13 7 7 8 23 23 8 3 4 8 10 42 209 236 243 117 |1 2 1 1 1 1 6 31 15 19 10 34 121 171 120 20 |1 1 1 1 1 1 1 6 1 1 11 10 1 23 7 2 |1 1 1 12 5 1 1 1 1 4 1 1 1 1 3 11 |1 1 1 1 8 1 4 7 1 1 13 1 5 3 4 3 |1 1 1 8 1 1 6 1 1 1 6 4 10 8 1 1 |1 1 1 1 1 1 1 1 1 1 7 2 5 1 1 1 |1 8 1 8 7 1 1 2 1 1 12 1 1 9 19 10 |
10128: 7 1 1 1 1 1 1 1 1 1 9 6 1 6 1 4 |1 1 1 1 4 1 1 1 1 1 1 1 1 1 10 24 |1 1 1 1 1 3 1 5 1 1 1 1 1 1 54 151 |7 1 5 10 8 1 1 1 13 1 11 13 68 170 233 220 |2 1 1 1 13 6 1 12 1 3 12 37 205 246 246 113 |2 9 5 1 9 2 10 7 13 12 13 33 121 172 108 17 |1 1 1 1 2 1 1 5 1 1 12 1 11 19 1 1 |1 1 1 11 2 1 1 1 1 1 1 7 9 1 1 1 |1 1 1 1 8 1 4 7 1 1 13 1 5 3 4 3 |1 1 1 8 1 1 6 1 1 1 6 4 10 8 1 1 |1 1 1 1 1 1 1 1 1 1 7 2 5 1 1 1 |1 8 1 8 7 1 1 2 1 1 12 1 1 9 19 10 |
10139: 7 1 1 1 1 1 1 1 1 1 9 6 1 6 1 4 |1 1 1 1 4 1 1 1 1 1 1 1 1 1 10 24 |1 1 1 1 1 3 1 5 1 1 1 1 1 1 54 151 |7 1 5 10 8 1 1 1 13 1 11 13 68 170 233 220 |2 1 1 1 13 6 1 12 1 3 12 37 205 246 246 113 |2 9 5 1 9 2 10 7 13 12 13 33 121 172 108 17 |1 1 1 1 2 1 1 5 1 1 12 1 11 19 1 1 |1 1 1 11 2 1 1 1 1 1 1 7 9 1 1 1 |1 1 1 1 1 1 6 3 1 1 12 1 1 2 3 2 |1 1 1 9 1 1 1 1 1 1 1 1 8 15 1 1 |1 1 8 1 1 1 1 1 1 1 7 8 6 4 2 10 |1 6 1 6 3 1 1 1 1 1 12 6 1 11 9 1 |
10150: 7 1 1 1 1 1 1 1 1 1 9 6 1 6 1 4 |1 1 1 1 4 1 1 1 1 1 1 1 1 1 10 24 |1 1 1 1 1 3 1 5 1 1 1 1 1 1 54 151 |7 1 5 10 8 1 1 1 13 1 11 13 68 170 233 220 |2 1 1 1 13 6 1 12 1 3 12 37 205 246 246 113 |2 9 5 1 9 2 10 7 13 12 13 33 121 172 108 17 |1 1 1 1 2 1 1 5 1 1 12 1 11 19 1 1 |1 1 1 11 2 1 1 1 1 1 1 7 9 1 1 1 |1 1 1 1 1 1 6 3 1 1 12 1 1 2 3 2 |1 1 1 9 1 1 1 1 1 1 1 1 8 15 1 1 |1 1 8 1 1 1 1 1 1 1 7 8 6 4 2 10 |1 6 1 6 3 1 1 1 1 1 12 6 1 11 9 1 |
10161: 1 1 1 4 7 1 1 1 1 1 5 9 1 9 1 1 |1 1 1 1 1 1 2 1 1 1 1 1 1 6 22 11 |1 1 1 1 1 4 1 1 1 1 1 1 10 19 66 151 |7 8 12 10 3 9 1 6 16 1 1 18 58 160 237 221 |12 5 1 1 6 11 1 4 1 1 1 33 218 246 244 127 |1 2 4 3 12 4 1 2 11 5 22 32 122 167 110 25 |1 1 1 1 2 1 1 5 1 1 12 1 11 19 1 1 |1 1 1 11 2 1 1 1 1 1 1 7 9 1 1 1 |1 1 1 1 1 1 6 3 1 1 12 1 1 2 3 2 |1 1 1 9 1 1 1 1 1 1 1 1 8 15 1 1 |1 1 8 1 1 1 1 1 1 1 7 8 6 4 2 10 |1 6 1 6 3 1 1 1 1 1 12 6 1 11 9 1 |
10172: 1 1 1 4 7 1 1 1 1 1 5 9 1 9 1 1 |1 1 1 1 1 1 2 1 1 1 1 1 1 6 22 11 |1 1 1 1 1 4 1 1 1 1 1 1 10 19 66 151 |7 8 12 10 3 9 1 6 16 1 1 18 58 160 237 221 |12 5 1 1 6 11 1 4 1 1 1 33 218 246 244 127 |1 2 4 3 12 4 1 2 11 5 22 32 122 167 110 25 |1 1 1 1 1 5 1 1 1 2 10 7 1 24 9 2 |1 1 1 4 1 1 1 1 1 2 1 8 9 1 3 1 |1 1 1 1 1 1 1 7 1 1 4 1 1 1 10 9 |1 1 1 1 1 1 1 1 1 1 1 1 1 8 1 1 |6 1 9 1 1 1 1 1 1 1 1 7 5 1 1 16 |1 10 1 1 1 1 4 1 1 1 7 1 1 10 13 13 |
10183: 1 1 1 4 7 1 1 1 1 1 5 9 1 9 1 1 |1 1 1 1 1 1 2 1 1 1 1 1 1 6 22 11 |1 1 1 1 1 4 1 1 1 1 1 1 10 19 66 151 |7 8 12 10 3 9 1 6 16 1 1 18 58 160 237 221 |12 5 1 1 6 11 1 4 1 1 1 33 218 246 244 127 |1 2 4 3 12 4 1 2 11 5 22 32 122 167 110 25 |1 1 1 1 1 5 1 1 1 2 10 7 1 24 9 2 |1 1 1 4 1 1 1 1 1 2 1 8 9 1 3 1 |1 1 1 1 1 1 1 7 1 1 4 1 1 1 10 9 |1 1 1 1 1 1 1 1 1 1 1 1 1 8 1 1 |6 1 9 1 1 1 1 1 1 1 1 7 5 1 1 16 |1 10 1 1 1 1 4 1 1 1 7 1 1 10 13 13 |
10194: 1 1 1 4 1 1 1 1 1 1 1 2 1 10 1 1 |1 1 1 1 1 1 1 1 1 1 1 1 1 4 20 11 |1 1 1 1 1 1 1 1 1 1 1 5 1 19 68 148 |9 13 15 18 9 17 16 22 25 16 2 7 64 155 221 228 |11 7 4 4 4 1 1 1 1 4 4 36 205 250 236 121 |1 1 4 3 19 16 15 27 20 8 20 29 123 178 120 20 |1 1 1 1 1 5 1 1 1 2 10 7 1 24 9 2 |1 1 1 4 1 1 1 1 1 2 1 8 9 1 3 1 |1 1 1 1 1 1 1 7 1 1 4 1 1 1 10 9 |1 1 1 1 1 1 1 1 1 1 1 1 1 8 1 1 |6 1 9 1 1 1 1 1 1 1 1 7 5 1 1 16 |1 10 1 1 1 1 4 1 1 1 7 1 1 10 13 13 |
10204: 1 1 1 4 1 1 1 1 1 1 1 2 1 10 1 1 |1 1 1 1 1 1 1 1 1 1 1 1 1 4 20 11 |1 1 1 1 1 1 1 1 1 1 1 5 1 19 68 148 |9 13 15 18 9 17 16 22 25 16 2 7 64 155 221 228 |11 7 4 4 4 1 1 1 1 4 4 36 205 250 236 121 |1 1 4 3 19 16 15 27 20 8 20 29 123 178 120 20 |1 1 1 1 1 3 1 1 1 1 11 1 1 23 9 7 |1 1 1 4 1 1 1 1 1 1 1 1 2 2 8 6 |1 1 1 10 1 1 1 8 1 1 7 1 3 3 3 4 |3 1 1 1 1 1 7 1 1 1 4 10 11 7 1 8 |4 1 9 1 1 1 1 1 1 1 1 7 3 1 2 9 |1 12 1 7 7 1 1 1 1 1 5 2 1 1 6 1 |
10215: 1 1 1 4 1 1 1 1 1 1 1 2 1 10 1 1 |1 1 1 1 1 1 1 1 1 1 1 1 1 4 20 11 |1 1 1 1 1 1 1 1 1 1 1 5 1 19 68 148 |9 13 15 18 9 17 16 22 25 16 2 7 64 155 221 228 |11 7 4 4 4 1 1 1 1 4 4 36 205 250 236 121 |1 1 4 3 19 16 15 27 20 8 20 29 123 178 120 20 |1 1 1 1 1 3 1 1 1 1 11 1 1 23 9 7 |1 1 1 4 1 1 1 1 1 1 1 1 2 2 8 6 |1 1 1 10 1 1 1 8 1 1 7 1 3 3 3 4 |3 1 1 1 1 1 7 1 1 1 4 10 11 7 1 8 |4 1 9 1 1 1 1 1 1 1 1 7 3 1 2 9 |1 12 1 7 7 1 1 1 1 1 5 2 1 1 6 1 |
10226: 3 1 1 1 1 1 3 1 1 1 2 1 1 6 2 1 |1 1 1 1 1 1 1 1 1 1 1 1 1 1 10 18 |1 1 1 1 1 1 1 4 1 1 1 1 15 16 59 149 |7 12 4 7 11 8 1 6 13 16 1 9 43 156 230 230 |14 1 1 11 20 1 3 1 1 1 4 43 211 235 243 120 |2 1 4 1 17 14 1 12 11 17 11 32 112 170 120 14 |1 1 1 1 1 1 1 2 1 1 10 10 2 22 1 11 |1 1 1 4 1 1 1 1 1 1 1 1 2 2 8 6 |1 1 1 10 1 1 1 8 1 1 7 1 3 3 3 4 |3 1 1 1 1 1 7 1 1 1 4 10 11 7 1 8 |4 1 9 1 1 1 1 1 1 1 1 7 3 1 2 9 |1 12 1 7 7 1 1 1 1 1 5 2 1 1 6 1 |
10237: 3 1 1 1 1 1 3 1 1 1 2 1 1 6 2 1 |1 1 1 1 1 1 1 1 1 1 1 1 1 1 10 18 |1 1 1 1 1 1 1 4 1 1 1 1 15 16 59 149 |7 12 4 7 11 8 1 6 13 16 1 9 43 156 230 230 |14 1 1 11 20 1 3 1 1 1 4 43 211 235 243 120 |2 1 4 1 17 14 1 12 11 17 11 32 112 170 120 14 |1 1 1 1 1 1 1 2 1 1 10 10 2 22 1 11 |1 1 1 1 1 1 1 1 1 1 1 6 9 1 1 7 |1 1 1 1 1 1 1 10 1 1 7 1 1 2 1 8 |1 1 1 8 1 1 8 1 1 1 1 1 9 10 1 1 |5 1 5 1 1 1 2 1 1 1 1 1 1 1 1 2 |1 3 1 8 2 1 2 1 1 1 10 1 1 10 11 3 |
10248: 3 1 1 1 1 1 3 1 1 1 2 1 1 6 2 1 |1 1 1 1 1 1 1 1 1 1 1 1 1 1 10 18 |1 1 1 1 1 1 1 4 1 1 1 1 15 16 59 149 |7 12 4 7 11 8 1 6 13 16 1 9 43 156 230 230 |14 1 1 11 20 1 3 1 1 1 4 43 211 235 243 120 |2 1 4 1 17 14 1 12 11 17 11 32 112 170 120 14 |1 1 1 1 1 1 1 2 1 1 10 10 2 22 1 11 |1 1 1 1 1 1 1 1 1 1 1 6 9 1 1 7 |1 1 1 1 1 1 1 10 1 1 7 1 1 2 1 8 |1 1 1 8 1 1 8 1 1 1 1 1 9 10 1 1 |5 1 5 1 1 1 2 1 1 1 1 1 1 1 1 2 |1 3 1 8 2 1 2 1 1 1 10 1 1 10 11 3 |
10259: 3 1 1 1 1 1 3 1 1 1 1 1 1 7 1 1 |1 1 1 3 1 1 1 1 1 1 1 1 1 1 21 13 |1 1 1 1 1 1 1 1 1 1 1 1 1 5 71 156 |27 34 29 17 9 5 1 9 15 14 11 17 64 165 235 233 |9 6 1 1 3 9 3 4 1 1 1 35 207 246 244 121 |3 11 1 1 16 7 12 10 12 7 19 28 121 164 118 19 |1 1 1 1 1 1 1 2 1 1 10 10 2 22 1 11 |1 1 1 1 1 1 1 1 1 1 1 6 9 1 1 7 |1 1 1 1 1 1 1 10 1 1 7 1 1 2 1 8 |1 1 1 8 1 1 8 1 1 1 1 1 9 10 1 1 |5 1 5 1 1 1 2 1 1 1 1 1 1 1 1 2 |1 3 1 8 2 1 2 1 1 1 10 1 1 10 11 3 |
10270: 3 1 1 1 1 1 3 1 1 1 1 1 1 7 1 1 |1 1 1 3 1 1 1 1 1 1 1 1 1 1 21 13 |1 1 1 1 1 1 1 1 1 1 1 1 1 5 71 156 |27 34 29 17 9 5 1 9 15 14 11 17 64 165 235 233 |9 6 1 1 3 9 3 4 1 1 1 35 207 246 244 121 |3 11 1 1 16 7 12 10 12 7 19 28 121 164 118 19 |1 1 1 1 1 1 1 8 1 1 4 1 1 25 9 7 |1 1 1 1 1 1 1 1 1 1 1 7 2 1 1 12 |1 1 1 13 1 1 1 4 1 1 10 1 2 1 10 13 |1 1 1 1 1 1 5 1 1 1 1 1 12 8 1 1 |5 1 8 1 1 1 6 1 1 1 1 1 13 3 1 19 |1 1 1 8 8 1 1 1 1 1 13 2 1 1 8 7 |
10281: 3 1 1 1 1 1 3 1 1 1 1 1 1 7 1 1 |1 1 1 3 1 1 1 1 1 1 1 1 1 1 21 13 |1 1 1 1 1 1 1 1 1 1 1 1 1 5 71 156 |27 34 29 17 9 5 1 9 15 14 11 17 64 165 235 233 |9 6 1 1 3 9 3 4 1 1 1 35 207 246 244 121 |3 11 1 1 16 7 12 10 12 7 19 28 121 164 118 19 |1 1 1 1 1 1 1 8 1 1 4 1 1 25 9 7 |1 1 1 1 1 1 1 1 1 1 1 7 2 1 1 12 |1 1 1 13 1 1 1 4 1 1 10 1 2 1 10 13 |1 1 1 1 1 1 5 1 1 1 1 1 12 8 1 1 |5 1 8 1 1 1 6 1 1 1 1 1 13 3 1 19 |1 1 1 8 8 1 1 1 1 1 13 2 1 1 8 7 |
10292: 4 1 1 1 1 1 1 1 1 1 8 3 1 7 1 8 |1 1 10 1 1 1 1 1 1 1 1 1 1 1 9 8 |1 1 1 1 1 1 1 1 1 1 2 1 1 7 71 152 |9 7 13 1 8 8 2 1 14 7 1 5 67 159 240 230 |12 1 4 6 10 1 1 1 1 1 3 36 219 242 240 128 |1 1 1 8 1 1 9 14 11 10 8 23 122 170 122 20 |1 1 1 1 1 1 1 8 1 1 4 1 1 25 9 7 |1 1 1 1 1 1 1 1 1 1 1 7 2 1 1 12 |1 1 1 13 1 1 1 4 1 1 10 1 2 1 10 13 |1 1 1 1 1 1 5 1 1 1 1 1 12 8 1 1 |5 1 8 1 1 1 6 1 1 1 1 1 13 3 1 19 |1 1 1 8 8 1 1 1 1 1 13 2 1 1 8 7 |
10303: 4 1 1 1 1 1 1 1 1 1 8 3 1 7 1 8 |1 1 10 1 1 1 1 1 1 1 1 1 1 1 9 8 |1 1 1 1 1 1 1 1 1 1 2 1 1 7 71 152 |9 7 13 1 8 8 2 1 14 7 1 5 67 159 240 230 |12 1 4 6 10 1 1 1 1 1 3 36 219 242 240 128 |1 1 1 8 1 1 9 14 11 10 8 23 122 170 122 20 |1 1 1 1 1 1 1 6 1 1 11 10 1 24 2 1 |1 1 1 14 2 1 1 1 1 7 1 2 12 7 1 1 |1 1 3 1 1 1 1 1 1 1 6 1 1 2 2 2 |1 1 1 5 1 3 5 1 1 1 1 1 9 13 1 1 |1 1 3 1 1 1 1 1 1 1 1 8 13 1 13 17 |1 12 1 1 1 1 1 1 1 1 10 8 1 10 16 9 |
10314: 4 1 1 1 1 1 1 1 1 1 8 3 1 7 1 8 |1 1 10 1 1 1 1 1 1 1 1 1 1 1 9 8 |1 1 1 1 1 1 1 1 1 1 2 1 1 7 71 152 |9 7 13 1 8 8 2 1 14 7 1 5 67 159 240 230 |12 1 4 6 10 1 1 1 1 1 3 36 219 242 240 128 |1 1 1 8 1 1 9 14 11 10 8 23 122 170 122 20 |1 1 1 1 1 1 1 6 1 1 11 10 1 24 2 1 |1 1 1 14 2 1 1 1 1 7 1 2 12 7 1 1 |1 1 3 1 1 1 1 1 1 1 6 1 1 2 2 2 |1 1 1 5 1 3 5 1 1 1 1 1 9 13 1 1 |1 1 3 1 1 1 1 1 1 1 1 8 13 1 13 17 |1 12 1 1 1 1 1 1 1 1 10 8 1 10 16 9 |
10325: 1 1 1 12 1 1 1 1 1 1 7 4 1 1 1 1 |1 1 1 1 1 1 1 1 1 1 1 1 1 7 6 9 |1 1 1 1 1 1 1 3 1 1 1 5 1 19 68 139 |1 1 1 1 11 8 1 4 17 15 4 8 63 173 237 246 |10 1 4 1 13 1 1 1 3 1 3 32 209 245 242 123 |1 7 3 2 1 1 1 22 5 4 21 27 121 165 120 19 |1 1 1 1 1 1 1 6 1 1 11 10 1 24 2 1 |1 1 1 14 2 1 1 1 1 7 1 2 12 7 1 1 |1 1 3 1 1 1 1 1 1 1 6 1 1 2 2 2 |1 1 1 5 1 3 5 1 1 1 1 1 9 13 1 1 |1 1 3 1 1 1 1 1 1 1 1 8 13 1 13 17 |1 12 1 1 1 1 1 1 1 1 10 8 1 10 16 9 |
10336: 1 1 1 12 1 1 1 1 1 1 7 4 1 1 1 1 |1 1 1 1 1 1 1 1 1 1 1 1 1 7 6 9 |1 1 1 1 1 1 1 3 1 1 1 5 1 19 68 139 |1 1 1 1 11 8 1 4 17 15 4 8 63 173 237 246 |10 1 4 1 13 1 1 1 3 1 3 32 209 245 242 123 |1 7 3 2 1 1 1 22 5 4 21 27 121 165 120 19 |1 1 1 1 1 1 1 6 1 2 10 1 1 23 2 1 |1 1 1 3 1 1 1 1 1 9 1 1 1 1 1 1 |1 1 1 2 4 1 1 8 1 1 13 1 2 1 3 4 |1 1 1 1 1 1 6 1 1 1 1 1 11 10 1 11 |5 1 8 1 1 1 4 1 1 1 1 10 10 4 14 12 |1 8 1 1 1 1 1 1 1 1 9 1 1 10 18 8 |
10347: 1 1 1 12 1 1 1 1 1 1 7 4 1 1 1 1 |1 1 1 1 1 1 1 1 1 1 1 1 1 7 6 9 |1 1 1 1 1 1 1 3 1 1 1 5 1 19 68 139 |1 1 1 1 11 8 1 4 17 15 4 8 63 173 237 246 |10 1 4 1 13 1 1 1 3 1 3 32 209 245 242 123 |1 7 3 2 1 1 1 22 5 4 21 27 121 165 120 19 |1 1 1 1 1 1 1 6 1 2 10 1 1 23 2 1 |1 1 1 3 1 1 1 1 1 9 1 1 1 1 1 1 |1 1 1 2 4 1 1 8 1 1 13 1 2 1 3 4 |1 1 1 1 1 1 6 1 1 1 1 1 11 10 1 11 |5 1 8 1 1 1 4 1 1 1 1 10 10 4 14 12 |1 8 1 1 1 1 1 1 1 1 9 1 1 10 18 8 |
10358: 1 1 1 1 1 1 1 1 1 1 4 10 1 8 3 1 |1 1 1 1 1 1 1 1 1 1 1 1 1 12 9 7 |1 3 1 1 1 9 1 3 1 1 1 1 5 11 68 149 |8 1 5 1 11 15 2 1 11 13 6 19 59 166 237 235 |12 1 2 1 5 1 1 9 1 2 10 43 214 251 244 120 |1 7 3 2 1 1 1 22 5 4 21 27 121 165 120 19 |1 1 1 1 1 1 1 6 1 2 10 1 1 23 2 1 |1 1 1 3 1 1 1 1 1 9 1 1 1 1 1 1 |1 1 1 2 4 1 1 8 1 1 13 1 2 1 3 4 |1 1 1 1 1 1 6 1 1 1 1 1 11 10 1 11 |5 1 8 1 1 1 4 1 1 1 1 10 10 4 14 12 |1 8 1 1 1 1 1 1 1 1 9 1 1 10 18 8 |
10369: 1 1 1 1 1 1 1 1 1 1 4 10 1 8 3 1 |1 1 1 1 1 1 1 1 1 1 1 1 1 12 9 7 |1 3 1 1 1 9 1 3 1 1 1 1 5 11 68 149 |8 1 5 1 11 15 2 1 11 13 6 19 59 166 237 235 |12 1 2 1 5 1 1 9 1 2 10 43 214 251 244 120 |1 1 1 1 8 5 1 1 14 10 12 32 120 168 117 20 |1 1 1 1 1 1 1 1 1 1 11 1 1 23 2 10 |1 1 1 14 1 1 1 1 1 1 1 1 1 1 1 1 |1 1 1 15 1 1 1 9 1 1 12 1 2 1 9 11 |1 1 1 1 2 1 9 1 1 1 6 4 9 9 1 1 |6 1 1 1 1 1 1 1 1 1 1 8 13 2 1 9 |1 13 1 1 1 1 2 1 1 1 7 1 1 8 19 10 |
10380: 1 1 1 1 1 1 1 1 1 1 4 10 1 8 3 1 |1 1 1 1 1 1 1 1 1 1 1 1 1 12 9 7 |1 3 1 1 1 9 1 3 1 1 1 1 5 11 68 149 |8 1 5 1 11 15 2 1 11 13 6 19 59 166 237 235 |12 1 2 1 5 1 1 9 1 2 10 43 214 251 244 120 |1 1 1 1 8 5 1 1 14 10 12 32 120 168 117 20 |1 1 1 1 1 1 1 1 1 1 11 1 1 23 2 10 |1 1 1 14 1 1 1 1 1 1 1 1 1 1 1 1 |1 1 1 15 1 1 1 9 1 1 12 1 2 1 9 11 |1 1 1 1 2 1 9 1 1 1 6 4 9 9 1 1 |6 1 1 1 1 1 1 1 1 1 1 8 13 2 1 9 |1 13 1 1 1 1 2 1 1 1 7 1 1 8 19 10 |
10391: 10 1 1 7 3 1 1 1 1 1 1 1 1 8 1 1 |1 1 1 1 1 1 1 1 1 3 1 1 1 6 25 11 |1 1 7 2 1 1 1 1 1 1 1 6 1 19 62 150 |7 1 14 10 7 5 1 1 3 7 1 5 76 164 236 230 |11 1 6 3 16 10 1 1 1 1 1 28 219 234 243 119 |1 1 1 1 8 5 1 1 14 10 12 32 120 168 117 20 |1 1 1 1 1 1 1 1 1 1 11 1 1 23 2 10 |1 1 1 14 1 1 1 1 1 1 1 1 1 1 1 1 |1 1 1 15 1 1 1 9 1 1 12 1 2 1 9 11 |1 1 1 1 2 1 9 1 1 1 6 4 9 9 1 1 |6 1 1 1 1 1 1 1 1 1 1 8 13 2 1 9 |1 13 1 1 1 1 2 1 1 1 7 1 1 8 19 10 |
10402: 10 1 1 7 3 1 1 1 1 1 1 1 1 8 1 1 |1 1 1 1 1 1 1 1 1 3 1 1 1 6 25 11 |1 1 7 2 1 1 1 1 1 1 1 6 1 19 62 150 |7 1 14 10 7 5 1 1 3 7 1 5 76 164 236 230 |11 1 6 3 16 10 1 1 1 1 1 28 219 234 243 119 |1 1 1 1 18 6 1 1 1 1 1 11 114 172 118 15 |1 1 1 1 1 6 1 3 1 1 5 7 4 22 1 10 |1 1 1 1 1 1 1 1 1 2 1 6 7 1 1 13 |1 1 1 1 3 1 1 9 1 1 7 1 1 1 9 8 |1 1 1 8 2 1 1 1 1 1 5 4 12 13 1 1 |5 1 6 6 1 1 1 1 1 1 2 7 14 1 1 17 |1 5 1 8 8 1 1 1 1 3 11 7 1 1 10 1 |
10413: 10 1 1 7 3 1 1 1 1 1 1 1 1 8 1 1 |1 1 1 1 1 1 1 1 1 3 1 1 1 6 25 11 |1 1 7 2 1 1 1 1 1 1 1 6 1 19 62 150 |7 1 14 10 7 5 1 1 3 7 1 5 76 164 236 230 |11 1 6 3 16 10 1 1 1 1 1 28 219 234 243 119 |1 1 1 1 18 6 1 1 1 1 1 11 114 172 118 15 |1 1 1 1 1 6 1 3 1 1 5 7 4 22 1 10 |1 1 1 1 1 1 1 1 1 2 1 6 7 1 1 13 |1 1 1 1 3 1 1 9 1 1 7 1 1 1 9 8 |1 1 1 8 2 1 1 1 1 1 5 4 12 13 1 1 |5 1 6 6 1 1 1 1 1 1 2 7 14 1 1 17 |1 5 1 8 8 1 1 1 1 3 11 7 1 1 10 1 |
10424: 1 1 1 1 1 1 1 1 1 1 1 1 1 1 1 1 |1 1 10 1 1 1 1 1 1 4 1 1 1 1 10 9 |1 1 1 1 1 1 1 1 1 1 1 1 1 8 61 141 |10 1 1 15 1 1 4 1 13 15 4 1 65 177 252 239 |12 9 2 9 13 1 3 1 7 1 8 34 215 253 251 124 |1 8 2 12 3 19 1 1 12 16 19 32 122 182 122 20 |1 1 1 1 1 6 1 3 1 1 5 7 4 22 1 10 |1 1 1 1 1 1 1 1 1 2 1 6 7 1 1 13 |1 1 1 1 3 1 1 9 1 1 7 1 1 1 9 8 |1 1 1 8 2 1 1 1 1 1 5 4 12 13 1 1 |5 1 6 6 1 1 1 1 1 1 2 7 14 1 1 17 |1 5 1 8 8 1 1 1 1 3 11 7 1 1 10 1 |
10435: 1 1 1 1 1 1 1 1 1 1 1 1 1 1 1 1 |1 1 10 1 1 1 1 1 1 4 1 1 1 1 10 9 |1 1 1 1 1 1 1 1 1 1 1 1 1 8 61 141 |10 1 1 15 1 1 4 1 13 15 4 1 65 177 252 239 |12 9 2 9 13 1 3 1 7 1 8 34 215 253 251 124 |1 8 2 12 3 19 1 1 12 16 19 32 122 182 122 20 |1 1 1 1 1 1 1 7 1 1 12 9 3 9 8 7 |1 1 1 12 2 1 1 2 1 2 1 1 2 1 9 8 |1 1 1 1 1 1 1 10 1 1 6 1 1 2 8 11 |1 1 1 9 1 1 1 2 1 1 6 9 12 9 1 1 |6 1 8 1 1 1 1 1 1 1 1 7 8 4 3 2 |1 12 1 1 4 1 1 2 1 1 7 1 1 6 12 3 |
10446: 1 1 1 1 1 1 1 1 1 1 1 1 1 1 1 1 |1 1 10 1 1 1 1 1 1 4 1 1 1 1 10 9 |1 1 1 1 1 1 1 1 1 1 1 1 1 8 61 141 |10 1 1 15 1 1 4 1 13 15 4 1 65 177 252 239 |12 9 2 9 13 1 3 1 7 1 8 34 215 253 251 124 |1 8 2 12 3 19 1 1 12 16 19 32 122 182 122 20 |1 1 1 1 1 1 1 7 1 1 12 9 3 9 8 7 |1 1 1 12 2 1 1 2 1 2 1 1 2 1 9 8 |1 1 1 1 1 1 1 10 1 1 6 1 1 2 8 11 |1 1 1 9 1 1 1 2 1 1 6 9 12 9 1 1 |6 1 8 1 1 1 1 1 1 1 1 7 8 4 3 2 |1 12 1 1 4 1 1 2 1 1 7 1 1 6 12 3 |
10479: 1 1 1 1 1 1 1 1 1 1 1 1 1 1 1 1 |1 1 10 1 1 1 1 1 1 4 1 1 1 1 10 9 |1 1 1 1 1 1 1 1 1 1 1 1 1 8 61 141 |10 1 1 15 1 1 4 1 13 15 4 1 65 177 252 239 |12 9 2 9 13 1 3 1 7 1 8 34 215 253 251 124 |1 8 2 12 3 19 1 1 12 16 19 32 122 182 122 20 |1 1 1 1 1 1 1 7 1 1 12 9 3 9 8 7 |1 1 1 12 2 1 1 2 1 2 1 1 2 1 9 8 |1 1 1 1 1 1 1 10 1 1 6 1 1 2 8 11 |1 1 1 9 1 1 1 2 1 1 6 9 12 9 1 1 |6 1 8 1 1 1 1 1 1 1 1 7 8 4 3 2 |1 12 1 1 4 1 1 2 1 1 7 1 1 6 12 3 |
10490: 1 1 1 6 2 1 1 1 2 1 7 13 1 8 1 1 |1 1 1 1 11 1 2 1 1 2 1 1 1 4 14 24 |1 1 1 1 4 1 1 1 1 1 2 6 12 8 69 149 |9 7 17 4 11 13 4 12 15 16 7 21 70 172 239 232 |7 6 2 2 14 7 1 1 7 1 1 49 219 249 243 118 |1 1 1 12 17 7 17 9 3 10 20 33 116 162 118 15 |2 1 1 1 1 5 1 1 1 1 9 8 5 25 7 3 |1 1 1 1 1 1 1 1 3 9 1 6 12 1 2 12 |1 1 1 13 1 1 1 7 1 1 11 1 2 1 9 15 |1 1 1 9 1 1 1 2 1 1 6 9 12 9 1 1 |6 1 8 1 1 1 1 1 1 1 1 7 8 4 3 2 |1 12 1 1 4 1 1 2 1 1 7 1 1 6 12 3 |
10501: 1 1 1 6 2 1 1 1 2 1 7 13 1 8 1 1 |1 1 1 1 11 1 2 1 1 2 1 1 1 4 14 24 |1 1 1 1 4 1 1 1 1 1 2 6 12 8 69 149 |9 7 17 4 11 13 4 12 15 16 7 21 70 172 239 232 |7 6 2 2 14 7 1 1 7 1 1 49 219 249 243 118 |1 1 1 12 17 7 17 9 3 10 20 33 116 162 118 15 |2 1 1 1 1 5 1 1 1 1 9 8 5 25 7 3 |1 1 1 1 1 1 1 1 3 9 1 6 12 1 2 12 |1 1 1 13 1 1 1 7 1 1 11 1 2 1 9 15 |1 1 2 4 1 1 1 1 1 1 1 8 2 2 1 1 |7 1 1 1 1 1 1 1 1 1 1 8 6 10 1 1 |1 1 1 1 1 1 1 2 1 1 11 4 1 1 6 3 |
10512: 1 1 1 6 2 1 1 1 2 1 7 13 1 8 1 1 |1 1 1 1 11 1 2 1 1 2 1 1 1 4 14 24 |1 1 1 1 4 1 1 1 1 1 2 6 12 8 69 149 |9 7 17 4 11 13 4 12 15 16 7 21 70 172 239 232 |7 6 2 2 14 7 1 1 7 1 1 49 219 249 243 118 |1 1 1 12 17 7 17 9 3 10 20 33 116 162 118 15 |2 1 1 1 1 5 1 1 1 1 9 8 5 25 7 3 |1 1 1 1 1 1 1 1 3 9 1 6 12 1 2 12 |1 1 1 13 1 1 1 7 1 1 11 1 2 1 9 15 |1 1 2 4 1 1 1 1 1 1 1 8 2 2 1 1 |7 1 1 1 1 1 1 1 1 1 1 8 6 10 1 1 |1 1 1 1 1 1 1 2 1 1 11 4 1 1 6 3 |
10523: 1 1 1 4 1 1 1 1 1 1 7 6 1 6 2 2 |1 1 6 1 1 1 1 1 1 1 1 1 1 4 23 16 |3 1 1 1 1 1 2 1 1 1 1 1 1 20 61 128 |8 19 12 7 14 6 3 7 16 9 10 10 52 164 226 223 |14 8 1 4 16 5 1 11 1 1 10 46 200 220 216 83 |1 1 1 1 7 1 4 12 8 1 6 33 122 169 102 17 |1 1 1 1 1 6 1 4 1 2 9 9 1 23 9 4 |1 1 1 12 1 1 1 1 1 7 1 2 2 1 1 1 |1 1 1 13 1 1 1 7 1 1 11 1 2 1 9 15 |1 1 2 4 1 1 1 1 1 1 1 8 2 2 1 1 |7 1 1 1 1 1 1 1 1 1 1 8 6 10 1 1 |1 1 1 1 1 1 1 2 1 1 11 4 1 1 6 3 |
10534: 1 1 1 4 1 1 1 1 1 1 7 6 1 6 2 2 |1 1 6 1 1 1 1 1 1 1 1 1 1 4 23 16 |3 1 1 1 1 1 2 1 1 1 1 1 1 20 61 128 |8 19 12 7 14 6 3 7 16 9 10 10 52 164 226 223 |14 8 1 4 16 5 1 11 1 1 10 46 200 220 216 83 |1 1 1 1 7 1 4 12 8 1 6 33 122 169 102 17 |1 1 1 1 1 6 1 4 1 2 9 9 1 23 9 4 |1 1 1 12 1 1 1 1 1 7 1 2 2 1 1 1 |1 1 1 1 1 1 1 3 1 1 6 1 2 2 8 6 |1 1 1 6 2 1 1 1 1 1 1 1 1 5 1 11 |9 1 1 1 1 1 4 1 1 1 1 5 6 4 9 1 |1 14 1 7 1 1 1 3 1 1 15 3 1 9 17 10 |
10545: 6 1 1 1 1 1 1 1 1 1 5 7 1 8 1 3 |1 1 6 1 1 1 1 1 1 1 1 1 1 4 23 16 |3 1 1 1 1 1 2 1 1 1 1 1 1 20 61 128 |8 19 12 7 14 6 3 7 16 9 10 10 52 164 226 223 |14 8 1 4 16 5 1 11 1 1 10 46 200 220 216 83 |1 1 1 1 7 1 4 12 8 1 6 33 122 169 102 17 |1 1 1 1 1 6 1 4 1 2 9 9 1 23 9 4 |1 1 1 12 1 1 1 1 1 7 1 2 2 1 1 1 |1 1 1 1 1 1 1 3 1 1 6 1 2 2 8 6 |1 1 1 6 2 1 1 1 1 1 1 1 1 5 1 11 |9 1 1 1 1 1 4 1 1 1 1 5 6 4 9 1 |1 14 1 7 1 1 1 3 1 1 15 3 1 9 17 10 |
10556: 6 1 1 1 1 1 1 1 1 1 5 7 1 8 1 3 |1 1 1 1 1 1 1 1 1 4 1 1 1 4 15 3 |1 1 1 1 1 1 1 2 5 1 1 1 3 14 48 114 |11 9 1 12 8 2 1 1 1 7 1 9 65 150 230 221 |14 8 1 10 13 1 5 1 3 1 10 42 203 246 245 110 |1 1 1 1 4 4 12 16 2 14 19 27 113 163 112 15 |1 1 1 1 1 1 1 6 1 1 10 8 1 23 8 7 |1 1 1 1 6 4 1 1 1 1 1 5 2 1 2 1 |1 1 1 1 1 1 1 1 1 1 6 1 1 3 7 9 |1 1 1 1 1 1 1 1 1 1 1 1 13 10 1 1 |9 1 1 1 1 1 4 1 1 1 1 5 6 4 9 1 |1 14 1 7 1 1 1 3 1 1 15 3 1 9 17 10 |
10567: 6 1 1 1 1 1 1 1 1 1 5 7 1 8 1 3 |1 1 1 1 1 1 1 1 1 4 1 1 1 4 15 3 |1 1 1 1 1 1 1 2 5 1 1 1 3 14 48 114 |11 9 1 12 8 2 1 1 1 7 1 9 65 150 230 221 |14 8 1 10 13 1 5 1 3 1 10 42 203 246 245 110 |1 1 1 1 4 4 12 16 2 14 19 27 113 163 112 15 |1 1 1 1 1 1 1 6 1 1 10 8 1 23 8 7 |1 1 1 1 6 4 1 1 1 1 1 5 2 1 2 1 |1 1 1 1 1 1 1 1 1 1 6 1 1 3 7 9 |1 1 1 1 1 1 1 1 1 1 1 1 13 10 1 1 |4 1 8 1 1 1 1 1 1 1 1 7 10 1 1 3 |1 14 1 1 1 1 1 3 1 1 14 4 1 1 18 10 |
10577: 1 1 1 1 1 1 1 1 1 1 5 7 1 9 1 1 |1 1 1 1 1 1 1 1 1 4 1 1 1 4 15 3 |1 1 1 1 1 1 1 2 5 1 1 1 3 14 48 114 |11 9 1 12 8 2 1 1 1 7 1 9 65 150 230 221 |14 8 1 10 13 1 5 1 3 1 10 42 203 246 245 110 |1 1 1 1 4 4 12 16 2 14 19 27 113 163 112 15 |1 1 1 1 1 1 1 6 1 1 10 8 1 23 8 7 |1 1 1 1 6 4 1 1 1 1 1 5 2 1 2 1 |1 1 1 1 1 1 1 1 1 1 6 1 1 3 7 9 |1 1 1 1 1 1 1 1 1 1 1 1 13 10 1 1 |4 1 8 1 1 1 1 1 1 1 1 7 10 1 1 3 |1 14 1 1 1 1 1 3 1 1 14 4 1 1 18 10 |
10588: 1 1 1 1 1 1 1 1 1 1 5 7 1 9 1 1 |1 1 1 1 1 1 6 1 1 1 1 1 1 1 22 15 |1 1 1 1 1 1 1 1 1 1 1 1 13 3 33 81 |41 1 15 8 10 1 1 1 14 4 13 20 49 147 214 206 |12 8 1 7 16 1 7 5 1 1 1 25 204 237 231 112 |3 7 1 9 20 8 12 12 3 11 19 22 103 165 103 21 |1 1 1 1 1 1 1 5 1 1 10 1 1 24 8 1 |1 1 1 13 1 3 1 1 1 2 1 1 1 1 3 1 |1 1 1 1 1 1 1 1 1 1 6 1 1 3 7 9 |1 1 1 1 1 1 1 1 1 1 1 1 13 10 1 1 |4 1 8 1 1 1 1 1 1 1 1 7 10 1 1 3 |1 14 1 1 1 1 1 3 1 1 14 4 1 1 18 10 |
10599: 1 1 1 1 1 1 1 1 1 1 5 7 1 9 1 1 |1 1 1 1 1 1 6 1 1 1 1 1 1 1 22 15 |1 1 1 1 1 1 1 1 1 1 1 1 13 3 33 81 |41 1 15 8 10 1 1 1 14 4 13 20 49 147 214 206 |12 8 1 7 16 1 7 5 1 1 1 25 204 237 231 112 |3 7 1 9 20 8 12 12 3 11 19 22 103 165 103 21 |1 1 1 1 1 1 1 5 1 1 10 1 1 24 8 1 |1 1 1 13 1 3 1 1 1 2 1 1 1 1 3 1 |1 1 1 2 1 1 1 9 1 1 6 1 1 3 2 1 |1 1 1 2 1 1 1 1 1 1 4 2 11 14 1 8 |3 1 1 1 1 1 1 1 1 1 1 1 1 1 1 1 |1 1 1 1 1 1 1 1 1 1 13 4 1 10 10 8 |
10610: 4 1 1 7 1 1 1 1 1 1 6 6 1 5 2 6 |1 1 1 1 1 1 6 1 1 1 1 1 1 1 22 15 |1 1 1 1 1 1 1 1 1 1 1 1 13 3 33 81 |41 1 15 8 10 1 1 1 14 4 13 20 49 147 214 206 |12 8 1 7 16 1 7 5 1 1 1 25 204 237 231 112 |3 7 1 9 20 8 12 12 3 11 19 22 103 165 103 21 |1 1 1 1 1 1 1 5 1 1 10 1 1 24 8 1 |1 1 1 13 1 3 1 1 1 2 1 1 1 1 3 1 |1 1 1 2 1 1 1 9 1 1 6 1 1 3 2 1 |1 1 1 2 1 1 1 1 1 1 4 2 11 14 1 8 |3 1 1 1 1 1 1 1 1 1 1 1 1 1 1 1 |1 1 1 1 1 1 1 1 1 1 13 4 1 10 10 8 |
10621: 4 1 1 7 1 1 1 1 1 1 6 6 1 5 2 6 |1 1 1 1 1 1 1 1 1 4 1 1 1 8 22 15 |1 1 1 1 1 1 1 1 1 1 1 1 1 16 30 62 |1 16 9 3 9 10 1 1 1 5 1 1 38 137 220 193 |5 1 1 1 10 1 10 7 1 6 1 24 194 247 239 108 |1 8 1 1 1 1 13 6 11 11 17 30 94 150 93 19 |1 1 1 1 1 1 1 7 1 1 15 1 1 23 7 7 |1 1 1 10 1 6 1 1 1 1 1 1 14 1 1 1 |1 1 1 14 8 1 1 8 1 1 8 1 4 1 9 7 |1 1 1 2 1 1 1 1 1 1 4 2 11 14 1 8 |3 1 1 1 1 1 1 1 1 1 1 1 1 1 1 1 |1 1 1 1 1 1 1 1 1 1 13 4 1 10 10 8 |
10632: 4 1 1 7 1 1 1 1 1 1 6 6 1 5 2 6 |1 1 1 1 1 1 1 1 1 4 1 1 1 8 22 15 |1 1 1 1 1 1 1 1 1 1 1 1 1 16 30 62 |1 16 9 3 9 10 1 1 1 5 1 1 38 137 220 193 |5 1 1 1 10 1 10 7 1 6 1 24 194 247 239 108 |1 8 1 1 1 1 13 6 11 11 17 30 94 150 93 19 |1 1 1 1 1 1 1 7 1 1 15 1 1 23 7 7 |1 1 1 10 1 6 1 1 1 1 1 1 14 1 1 1 |1 1 1 14 8 1 1 8 1 1 8 1 4 1 9 7 |1 1 1 1 2 1 1 2 1 1 6 4 5 11 1 9 |6 1 1 1 1 1 6 1 1 1 1 9 10 1 1 3 |1 7 1 1 10 1 1 1 1 1 7 1 2 8 13 3 |
10643: 4 1 1 7 1 1 1 1 1 1 6 6 1 5 2 6 |1 1 1 1 1 1 1 1 1 4 1 1 1 8 22 15 |1 1 1 1 1 1 1 1 1 1 1 1 1 16 30 62 |1 16 9 3 9 10 1 1 1 5 1 1 38 137 220 193 |5 1 1 1 10 1 10 7 1 6 1 24 194 247 239 108 |1 8 1 1 1 1 13 6 11 11 17 30 94 150 93 19 |1 1 1 1 1 1 1 7 1 1 15 1 1 23 7 7 |1 1 1 10 1 6 1 1 1 1 1 1 14 1 1 1 |1 1 1 14 8 1 1 8 1 1 8 1 4 1 9 7 |1 1 1 1 2 1 1 2 1 1 6 4 5 11 1 9 |6 1 1 1 1 1 6 1 1 1 1 9 10 1 1 3 |1 7 1 1 10 1 1 1 1 1 7 1 2 8 13 3 |
10654: 1 1 1 1 1 1 1 1 1 1 7 3 1 1 1 9 |1 1 1 1 1 1 1 1 1 1 1 1 2 2 12 19 |1 1 1 1 1 1 1 1 1 1 1 2 1 10 25 65 |1 11 9 9 1 1 3 1 1 1 1 1 28 128 201 172 |12 5 7 13 14 1 1 2 4 1 11 30 177 232 222 77 |1 1 1 4 1 8 11 11 10 7 17 27 95 148 85 9 |4 1 1 1 1 5 1 1 1 1 9 1 1 23 7 7 |1 1 1 10 1 6 1 1 1 1 1 1 14 1 1 1 |1 1 1 14 8 1 1 8 1 1 8 1 4 1 9 7 |1 1 1 1 2 1 1 2 1 1 6 4 5 11 1 9 |6 1 1 1 1 1 6 1 1 1 1 9 10 1 1 3 |1 7 1 1 10 1 1 1 1 1 7 1 2 8 13 3 |
10665: 1 1 1 1 1 1 1 1 1 1 7 3 1 1 1 9 |1 1 1 1 1 1 1 1 1 1 1 1 2 2 12 19 |1 1 1 1 1 1 1 1 1 1 1 2 1 10 25 65 |1 11 9 9 1 1 3 1 1 1 1 1 28 128 201 172 |12 5 7 13 14 1 1 2 4 1 11 30 177 232 222 77 |1 1 1 4 1 8 11 11 10 7 17 27 95 148 85 9 |4 1 1 1 1 5 1 1 1 1 9 1 1 23 7 7 |1 1 1 1 1 13 1 1 1 1 1 1 13 1 1 1 |1 1 2 1 1 1 1 9 1 1 6 1 1 1 3 1 |1 1 2 8 1 1 1 1 1 1 1 1 12 10 1 11 |5 1 1 1 1 1 1 1 1 1 1 1 13 1 1 1 |1 5 1 6 3 1 1 1 1 1 12 3 1 3 18 14 |
10676: 1 1 1 1 1 1 1 1 1 1 7 3 1 1 1 9 |1 1 1 1 1 1 1 1 1 1 1 1 2 2 12 19 |1 1 1 1 1 1 1 1 1 1 1 2 1 10 25 65 |1 11 9 9 1 1 3 1 1 1 1 1 28 128 201 172 |12 5 7 13 14 1 1 2 4 1 11 30 177 232 222 77 |1 1 1 4 1 8 11 11 10 7 17 27 95 148 85 9 |4 1 1 1 1 5 1 1 1 1 9 1 1 23 7 7 |1 1 1 1 1 13 1 1 1 1 1 1 13 1 1 1 |1 1 2 1 1 1 1 9 1 1 6 1 1 1 3 1 |1 1 2 8 1 1 1 1 1 1 1 1 12 10 1 11 |5 1 1 1 1 1 1 1 1 1 1 1 13 1 1 1 |1 5 1 6 3 1 1 1 1 1 12 3 1 3 18 14 |
10687: 1 1 1 1 1 1 1 1 1 1 6 7 1 6 2 1 |1 1 1 1 1 1 1 1 1 1 1 1 1 1 14 15 |1 1 1 1 1 1 1 1 1 1 1 1 4 6 35 54 |9 5 15 1 6 8 1 1 1 1 1 12 37 114 193 137 |1 1 1 5 17 1 1 4 1 1 4 22 150 231 210 78 |1 1 1 4 1 8 11 11 10 7 17 27 95 148 85 9 |4 1 1 1 1 5 1 1 1 1 9 1 1 23 7 7 |1 1 1 1 1 13 1 1 1 1 1 1 13 1 1 1 |1 1 2 1 1 1 1 9 1 1 6 1 1 1 3 1 |1 1 2 8 1 1 1 1 1 1 1 1 12 10 1 11 |5 1 1 1 1 1 1 1 1 1 1 1 13 1 1 1 |1 5 1 6 3 1 1 1 1 1 12 3 1 3 18 14 |
10698: 1 1 1 1 1 1 1 1 1 1 6 7 1 6 2 1 |1 1 1 1 1 1 1 1 1 1 1 1 1 1 14 15 |1 1 1 1 1 1 1 1 1 1 1 1 4 6 35 54 |9 5 15 1 6 8 1 1 1 1 1 12 37 114 193 137 |1 1 1 5 17 1 1 4 1 1 4 22 150 231 210 78 |1 1 1 1 1 1 12 4 8 13 15 25 79 144 78 11 |1 1 1 1 1 1 1 2 1 1 4 1 1 22 7 2 |1 1 1 1 1 1 1 1 1 1 1 1 12 3 1 1 |1 1 2 1 1 1 1 8 1 1 11 1 6 1 1 1 |1 1 1 10 1 1 1 1 1 1 1 1 8 16 1 3 |5 1 1 2 1 1 1 1 1 1 1 9 10 1 9 3 |1 5 1 7 2 1 1 1 1 1 13 5 1 7 11 4 |
10709: 1 1 1 1 1 1 1 1 1 1 6 7 1 6 2 1 |1 1 1 1 1 1 1 1 1 1 1 1 1 1 14 15 |1 1 1 1 1 1 1 1 1 1 1 1 4 6 35 54 |9 5 15 1 6 8 1 1 1 1 1 12 37 114 193 137 |1 1 1 5 17 1 1 4 1 1 4 22 150 231 210 78 |1 1 1 1 1 1 12 4 8 13 15 25 79 144 78 11 |1 1 1 1 1 1 1 2 1 1 4 1 1 22 7 2 |1 1 1 1 1 1 1 1 1 1 1 1 12 3 1 1 |1 1 2 1 1 1 1 8 1 1 11 1 6 1 1 1 |1 1 1 10 1 1 1 1 1 1 1 1 8 16 1 3 |5 1 1 2 1 1 1 1 1 1 1 9 10 1 9 3 |1 5 1 7 2 1 1 1 1 1 13 5 1 7 11 4 |
10720: 6 1 1 1 1 1 1 1 1 1 8 1 1 1 1 1 |1 1 1 1 7 1 1 1 1 1 1 1 1 1 14 1 |1 1 1 1 1 1 1 1 1 1 1 1 1 2 34 46 |3 5 16 1 1 2 1 4 1 1 1 10 40 108 181 125 |1 1 1 5 17 1 1 4 1 1 4 22 150 231 210 78 |1 1 1 1 1 1 12 4 8 13 15 25 79 144 78 11 |1 1 1 1 1 1 1 2 1 1 4 1 1 22 7 2 |1 1 1 1 1 1 1 1 1 1 1 1 12 3 1 1 |1 1 2 1 1 1 1 8 1 1 11 1 6 1 1 1 |1 1 1 10 1 1 1 1 1 1 1 1 8 16 1 3 |5 1 1 2 1 1 1 1 1 1 1 9 10 1 9 3 |1 5 1 7 2 1 1 1 1 1 13 5 1 7 11 4 |
10731: 6 1 1 1 1 1 1 1 1 1 8 1 1 1 1 1 |1 1 1 1 7 1 1 1 1 1 1 1 1 1 14 1 |1 1 1 1 1 1 1 1 1 1 1 1 1 2 34 46 |3 5 16 1 1 2 1 4 1 1 1 10 40 108 181 125 |6 1 2 1 1 7 1 1 5 1 7 28 169 232 199 55 |1 2 1 1 1 8 9 13 9 12 18 14 82 131 69 7 |1 1 1 1 1 1 1 8 1 1 5 1 1 21 7 1 |1 1 1 6 10 1 1 1 1 1 1 1 15 1 1 1 |1 1 1 2 1 1 1 8 1 1 13 1 2 1 1 15 |1 1 1 8 1 1 4 1 1 1 1 1 10 9 1 1 |5 1 2 1 1 1 2 1 1 1 1 9 11 1 9 5 |1 1 1 7 9 1 2 1 1 1 12 3 1 10 17 13 |
10742: 6 1 1 1 1 1 1 1 1 1 8 1 1 1 1 1 |1 1 1 1 7 1 1 1 1 1 1 1 1 1 14 1 |1 1 1 1 1 1 1 1 1 1 1 1 1 2 34 46 |3 5 16 1 1 2 1 4 1 1 1 10 40 108 181 125 |6 1 2 1 1 7 1 1 5 1 7 28 169 232 199 55 |1 2 1 1 1 8 9 13 9 12 18 14 82 131 69 7 |1 1 1 1 1 1 1 8 1 1 5 1 1 21 7 1 |1 1 1 6 10 1 1 1 1 1 1 1 15 1 1 1 |1 1 1 2 1 1 1 8 1 1 13 1 2 1 1 15 |1 1 1 8 1 1 4 1 1 1 1 1 10 9 1 1 |5 1 2 1 1 1 2 1 1 1 1 9 11 1 9 5 |1 1 1 7 9 1 2 1 1 1 12 3 1 10 17 13 |
10753: 3 1 1 1 1 1 1 1 1 1 5 6 1 2 1 1 |1 1 1 1 6 1 1 1 1 1 1 1 1 6 13 10 |1 1 1 1 1 1 1 1 1 1 1 1 3 9 28 30 |1 5 1 1 10 7 1 1 9 7 2 11 32 103 174 106 |6 1 2 1 1 7 1 1 5 1 7 28 169 232 199 55 |1 2 1 1 1 8 9 13 9 12 18 14 82 131 69 7 |1 1 1 1 1 1 1 8 1 1 5 1 1 21 7 1 |1 1 1 6 10 1 1 1 1 1 1 1 15 1 1 1 |1 1 1 2 1 1 1 8 1 1 13 1 2 1 1 15 |1 1 1 8 1 1 4 1 1 1 1 1 10 9 1 1 |5 1 2 1 1 1 2 1 1 1 1 9 11 1 9 5 |1 1 1 7 9 1 2 1 1 1 12 3 1 10 17 13 |
10764: 3 1 1 1 1 1 1 1 1 1 5 6 1 2 1 1 |1 1 1 1 6 1 1 1 1 1 1 1 1 6 13 10 |1 1 1 1 1 1 1 1 1 1 1 1 3 9 28 30 |1 5 1 1 10 7 1 1 9 7 2 11 32 103 174 106 |2 1 1 1 1 1 1 7 1 1 9 31 177 229 185 43 |1 1 5 6 4 1 10 11 9 12 12 17 85 146 53 1 |1 1 1 1 1 1 1 9 1 1 5 1 1 9 8 2 |1 1 1 1 16 1 1 1 1 2 1 1 1 1 1 1 |1 1 1 1 1 1 1 1 1 1 6 1 1 1 1 14 |1 1 1 8 1 1 1 1 1 1 1 9 8 8 1 1 |5 1 1 1 1 1 5 1 1 1 1 8 11 1 7 4 |1 1 1 1 1 1 4 1 1 1 6 1 1 5 20 13 |
10775: 3 1 1 1 1 1 1 1 1 1 5 6 1 2 1 1 |1 1 1 1 6 1 1 1 1 1 1 1 1 6 13 10 |1 1 1 1 1 1 1 1 1 1 1 1 3 9 28 30 |1 5 1 1 10 7 1 1 9 7 2 11 32 103 174 106 |2 1 1 1 1 1 1 7 1 1 9 31 177 229 185 43 |1 1 5 6 4 1 10 11 9 12 12 17 85 146 53 1 |1 1 1 1 1 1 1 9 1 1 5 1 1 9 8 2 |1 1 1 1 16 1 1 1 1 2 1 1 1 1 1 1 |1 1 1 1 1 1 1 1 1 1 6 1 1 1 1 14 |1 1 1 8 1 1 1 1 1 1 1 9 8 8 1 1 |5 1 1 1 1 1 5 1 1 1 1 8 11 1 7 4 |1 1 1 1 1 1 4 1 1 1 6 1 1 5 20 13 |
10786: 3 1 1 1 1 1 1 1 1 1 4 1 1 8 1 1 |1 1 1 1 4 1 1 1 1 1 1 1 1 1 6 2 |1 1 1 1 1 1 1 1 1 1 1 1 2 9 27 43 |11 1 2 1 4 6 1 1 1 13 4 12 40 116 178 95 |9 1 1 1 4 7 1 8 4 1 1 28 177 229 180 33 |1 1 5 6 4 1 10 11 9 12 12 17 85 146 53 1 |1 1 1 1 1 1 1 9 1 1 5 1 1 9 8 2 |1 1 1 1 16 1 1 1 1 2 1 1 1 1 1 1 |1 1 1 1 1 1 1 1 1 1 6 1 1 1 1 14 |1 1 1 8 1 1 1 1 1 1 1 9 8 8 1 1 |5 1 1 1 1 1 5 1 1 1 1 8 11 1 7 4 |1 1 1 1 1 1 4 1 1 1 6 1 1 5 20 13 |
10797: 3 1 1 1 1 1 1 1 1 1 4 1 1 8 1 1 |1 1 1 1 4 1 1 1 1 1 1 1 1 1 6 2 |1 1 1 1 1 1 1 1 1 1 1 1 2 9 27 43 |11 1 2 1 4 6 1 1 1 13 4 12 40 116 178 95 |9 1 1 1 4 7 1 8 4 1 1 28 177 229 180 33 |1 9 1 1 5 1 6 8 5 11 16 11 102 140 58 1 |1 1 1 1 1 3 1 8 1 2 11 3 1 11 2 1 |1 1 1 12 1 1 1 1 1 8 1 1 12 1 1 1 |1 1 1 5 2 1 1 1 1 1 13 1 3 1 1 12 |1 1 1 9 1 1 7 1 1 1 1 1 9 16 1 1 |3 1 1 1 1 1 8 1 1 1 1 9 11 4 1 8 |1 12 1 9 5 1 1 1 1 1 7 1 1 1 10 16 |
10808: 3 1 1 1 1 1 1 1 1 1 4 1 1 8 1 1 |1 1 1 1 4 1 1 1 1 1 1 1 1 1 6 2 |1 1 1 1 1 1 1 1 1 1 1 1 2 9 27 43 |11 1 2 1 4 6 1 1 1 13 4 12 40 116 178 95 |9 1 1 1 4 7 1 8 4 1 1 28 177 229 180 33 |1 9 1 1 5 1 6 8 5 11 16 11 102 140 58 1 |1 1 1 1 1 3 1 8 1 2 11 3 1 11 2 1 |1 1 1 12 1 1 1 1 1 8 1 1 12 1 1 1 |1 1 1 5 2 1 1 1 1 1 13 1 3 1 1 12 |1 1 1 9 1 1 7 1 1 1 1 1 9 16 1 1 |3 1 1 1 1 1 8 1 1 1 1 9 11 4 1 8 |1 12 1 9 5 1 1 1 1 1 7 1 1 1 10 16 |
10819: 1 1 1 1 1 1 1 1 1 1 4 1 1 2 2 1 |1 1 1 5 13 1 1 1 1 1 1 1 1 6 13 10 |1 1 1 1 1 1 1 1 1 1 1 1 4 4 29 40 |1 6 7 9 1 1 1 1 1 8 1 16 30 107 176 92 |11 1 3 1 11 1 1 1 1 1 1 35 182 230 184 42 |1 9 1 1 5 1 6 8 5 11 16 11 102 140 58 1 |1 1 1 1 1 3 1 8 1 2 11 3 1 11 2 1 |1 1 1 12 1 1 1 1 1 8 1 1 12 1 1 1 |1 1 1 5 2 1 1 1 1 1 13 1 3 1 1 12 |1 1 1 9 1 1 7 1 1 1 1 1 9 16 1 1 |3 1 1 1 1 1 8 1 1 1 1 9 11 4 1 8 |1 12 1 9 5 1 1 1 1 1 7 1 1 1 10 16 |
10830: 1 1 1 1 1 1 1 1 1 1 4 1 1 2 2 1 |1 1 1 5 13 1 1 1 1 1 1 1 1 6 13 10 |1 1 1 1 1 1 1 1 1 1 1 1 4 4 29 40 |1 6 7 9 1 1 1 1 1 8 1 16 30 107 176 92 |11 1 3 1 11 1 1 1 1 1 1 35 182 230 184 42 |1 1 1 9 3 7 10 3 4 1 18 31 91 137 61 11 |1 1 1 1 1 1 1 4 1 1 9 2 1 9 3 8 |1 1 1 1 1 1 1 1 1 2 1 7 14 1 1 1 |1 1 1 1 8 1 1 9 1 1 13 1 1 1 1 15 |1 1 1 9 1 1 1 2 1 1 1 10 11 10 1 1 |3 1 1 1 1 1 1 1 1 1 1 9 11 1 8 4 |1 13 1 1 3 1 1 1 1 1 7 1 1 2 18 14 |
10841: 1 1 1 1 1 1 1 1 1 1 4 1 1 2 2 1 |1 1 1 5 13 1 1 1 1 1 1 1 1 6 13 10 |1 1 1 1 1 1 1 1 1 1 1 1 4 4 29 40 |1 6 7 9 1 1 1 1 1 8 1 16 30 107 176 92 |11 1 3 1 11 1 1 1 1 1 1 35 182 230 184 42 |1 1 1 9 3 7 10 3 4 1 18 31 91 137 61 11 |1 1 1 1 1 1 1 4 1 1 9 2 1 9 3 8 |1 1 1 1 1 1 1 1 1 2 1 7 14 1 1 1 |1 1 1 1 8 1 1 9 1 1 13 1 1 1 1 15 |1 1 1 9 1 1 1 2 1 1 1 10 11 10 1 1 |3 1 1 1 1 1 1 1 1 1 1 9 11 1 8 4 |1 13 1 1 3 1 1 1 1 1 7 1 1 2 18 14 |
10852: 2 1 1 1 1 1 1 1 1 1 1 1 1 5 2 1 |1 1 1 1 1 1 1 1 1 1 1 1 1 1 12 1 |1 1 1 1 1 1 1 1 1 1 1 1 3 1 20 41 |2 5 6 1 1 1 1 1 5 7 1 10 43 121 189 91 |11 1 3 1 11 1 1 1 1 1 1 35 182 230 184 42 |1 1 1 9 3 7 10 3 4 1 18 31 91 137 61 11 |1 1 1 1 1 1 1 4 1 1 9 2 1 9 3 8 |1 1 1 1 1 1 1 1 1 2 1 7 14 1 1 1 |1 1 1 1 8 1 1 9 1 1 13 1 1 1 1 15 |1 1 1 9 1 1 1 2 1 1 1 10 11 10 1 1 |3 1 1 1 1 1 1 1 1 1 1 9 11 1 8 4 |1 13 1 1 3 1 1 1 1 1 7 1 1 2 18 14 |
10863: 2 1 1 1 1 1 1 1 1 1 1 1 1 5 2 1 |1 1 1 1 1 1 1 1 1 1 1 1 1 1 12 1 |1 1 1 1 1 1 1 1 1 1 1 1 3 1 20 41 |2 5 6 1 1 1 1 1 5 7 1 10 43 121 189 91 |1 1 1 1 13 1 1 1 1 1 10 23 173 230 185 44 |1 4 1 1 1 1 1 1 1 1 4 17 105 137 56 1 |1 1 1 1 1 1 1 7 1 1 11 1 1 10 6 1 |1 1 1 13 1 1 1 1 1 2 1 1 5 1 1 1 |2 1 2 1 1 1 1 7 1 1 1 1 1 2 4 11 |1 1 1 6 1 1 1 2 1 1 1 1 10 6 1 1 |4 1 1 1 1 1 1 1 1 1 1 5 11 1 9 4 |1 12 1 8 1 1 1 1 1 1 9 9 1 8 19 14 |
10874: 2 1 1 1 1 1 1 1 1 1 1 1 1 5 2 1 |1 1 1 1 1 1 1 1 1 1 1 1 1 1 12 1 |1 1 1 1 1 1 1 1 1 1 1 1 3 1 20 41 |2 5 6 1 1 1 1 1 5 7 1 10 43 121 189 91 |1 1 1 1 13 1 1 1 1 1 10 23 173 230 185 44 |1 4 1 1 1 1 1 1 1 1 4 17 105 137 56 1 |1 1 1 1 1 1 1 7 1 1 11 1 1 10 6 1 |1 1 1 13 1 1 1 1 1 2 1 1 5 1 1 1 |2 1 2 1 1 1 1 7 1 1 1 1 1 2 4 11 |1 1 1 6 1 1 1 2 1 1 1 1 10 6 1 1 |4 1 1 1 1 1 1 1 1 1 1 5 11 1 9 4 |1 12 1 8 1 1 1 1 1 1 9 9 1 8 19 14 |
10885: 1 1 1 1 1 1 1 1 1 1 6 9 1 7 1 7 |1 1 4 6 1 1 1 1 1 1 1 1 1 4 18 1 |1 1 1 1 1 1 1 1 1 1 1 1 2 14 32 39 |2 5 6 1 1 8 1 2 6 6 5 22 47 120 191 92 |4 1 1 1 5 6 1 1 1 1 1 36 178 220 169 27 |1 9 1 1 1 7 4 6 9 12 18 25 96 130 50 10 |1 1 1 1 1 1 1 7 1 1 11 1 1 10 6 1 |1 1 1 13 1 1 1 1 1 2 1 1 5 1 1 1 |2 1 2 1 1 1 1 7 1 1 1 1 1 2 4 11 |1 1 1 6 1 1 1 2 1 1 1 1 10 6 1 1 |4 1 1 1 1 1 1 1 1 1 1 5 11 1 9 4 |1 12 1 8 1 1 1 1 1 1 9 9 1 8 19 14 |
10896: 1 1 1 1 1 1 1 1 1 1 6 9 1 7 1 7 |1 1 4 6 1 1 1 1 1 1 1 1 1 4 18 1 |1 1 1 1 1 1 1 1 1 1 1 1 2 14 32 39 |2 5 6 1 1 8 1 2 6 6 5 22 47 120 191 92 |4 1 1 1 5 6 1 1 1 1 1 36 178 220 169 27 |1 9 1 1 1 7 4 6 9 12 18 25 96 130 50 10 |1 1 1 1 1 1 1 5 1 1 11 8 1 11 1 2 |1 1 3 3 1 1 1 1 1 2 1 8 8 1 1 1 |1 1 1 14 1 1 1 3 1 1 10 1 7 1 9 13 |1 1 1 1 7 1 5 1 1 1 4 5 9 8 1 1 |2 1 1 1 1 1 6 1 1 1 1 8 11 1 7 4 |1 5 1 7 3 1 1 1 1 1 7 9 3 10 16 9 |
10907: 1 1 1 1 1 1 1 1 1 1 6 9 1 7 1 7 |1 1 4 6 1 1 1 1 1 1 1 1 1 4 18 1 |1 1 1 1 1 1 1 1 1 1 1 1 2 14 32 39 |2 5 6 1 1 8 1 2 6 6 5 22 47 120 191 92 |4 1 1 1 5 6 1 1 1 1 1 36 178 220 169 27 |1 9 1 1 1 7 4 6 9 12 18 25 96 130 50 10 |1 1 1 1 1 1 1 5 1 1 11 8 1 11 1 2 |1 1 3 3 1 1 1 1 1 2 1 8 8 1 1 1 |1 1 1 14 1 1 1 3 1 1 10 1 7 1 9 13 |1 1 1 1 7 1 5 1 1 1 4 5 9 8 1 1 |2 1 1 1 1 1 6 1 1 1 1 8 11 1 7 4 |1 5 1 7 3 1 1 1 1 1 7 9 3 10 16 9 |
10918: 1 1 1 1 1 1 1 1 1 1 7 3 1 1 1 2 |1 1 1 1 1 1 1 1 1 1 1 1 1 1 3 1 |1 1 1 1 1 1 1 1 1 1 1 1 1 11 35 40 |3 1 6 1 7 1 1 1 8 5 1 7 43 122 160 59 |5 1 1 1 12 1 1 4 1 1 1 33 124 201 117 27 |1 9 1 1 1 7 4 6 9 12 18 25 96 130 50 10 |1 1 1 1 1 1 1 5 1 1 11 8 1 11 1 2 |1 1 3 3 1 1 1 1 1 2 1 8 8 1 1 1 |1 1 1 14 1 1 1 3 1 1 10 1 7 1 9 13 |1 1 1 1 7 1 5 1 1 1 4 5 9 8 1 1 |2 1 1 1 1 1 6 1 1 1 1 8 11 1 7 4 |1 5 1 7 3 1 1 1 1 1 7 9 3 10 16 9 |
10929: 1 1 1 1 1 1 1 1 1 1 7 3 1 1 1 2 |1 1 1 1 1 1 1 1 1 1 1 1 1 1 3 1 |1 1 1 1 1 1 1 1 1 1 1 1 1 11 35 40 |3 1 6 1 7 1 1 1 8 5 1 7 43 122 160 59 |5 1 1 1 12 1 1 4 1 1 1 33 124 201 117 27 |1 4 1 6 9 5 11 2 1 4 1 24 42 70 33 1 |1 1 1 1 1 1 1 1 1 1 12 1 2 15 1 2 |1 1 1 12 3 3 1 1 1 2 1 1 11 2 1 3 |1 1 3 1 1 1 1 9 1 1 11 1 1 1 1 15 |1 1 2 6 1 1 6 1 1 1 1 1 1 14 1 1 |1 1 3 1 1 1 6 1 1 1 1 7 3 1 6 3 |1 7 1 8 1 1 1 1 1 1 11 1 9 1 1 6 |
10939: 1 1 1 1 1 1 1 1 1 1 7 3 1 1 1 2 |1 1 1 1 1 1 1 1 1 1 1 1 1 1 3 1 |1 1 1 1 1 1 1 1 1 1 1 1 1 11 35 40 |3 1 6 1 7 1 1 1 8 5 1 7 43 122 160 59 |5 1 1 1 12 1 1 4 1 1 1 33 124 201 117 27 |1 4 1 6 9 5 11 2 1 4 1 24 42 70 33 1 |1 1 1 1 1 1 1 1 1 1 12 1 2 15 1 2 |1 1 1 12 3 3 1 1 1 2 1 1 11 2 1 3 |1 1 3 1 1 1 1 9 1 1 11 1 1 1 1 15 |1 1 2 6 1 1 6 1 1 1 1 1 1 14 1 1 |1 1 3 1 1 1 6 1 1 1 1 7 3 1 6 3 |1 7 1 8 1 1 1 1 1 1 11 1 9 1 1 6 |
10951: 1 1 1 1 1 1 1 1 1 1 6 6 1 1 1 1 |1 1 1 1 1 1 1 1 1 1 1 1 1 3 6 1 |1 1 1 1 1 1 1 1 1 1 1 1 1 9 33 34 |3 1 6 1 7 1 1 1 8 5 1 7 43 122 160 59 |5 1 1 1 12 1 1 4 1 1 1 33 124 201 117 27 |1 4 1 6 9 5 11 2 1 4 1 24 42 70 33 1 |1 1 1 1 1 1 1 1 1 1 12 1 2 15 1 2 |1 1 1 12 3 3 1 1 1 2 1 1 11 2 1 3 |1 1 3 1 1 1 1 9 1 1 11 1 1 1 1 15 |1 1 2 6 1 1 6 1 1 1 1 1 1 14 1 1 |1 1 3 1 1 1 6 1 1 1 1 7 3 1 6 3 |1 7 1 8 1 1 1 1 1 1 11 1 9 1 1 6 |
10961: 1 1 1 1 1 1 1 1 1 1 6 6 1 1 1 1 |1 1 1 1 1 1 1 1 1 1 1 1 1 3 6 1 |1 1 1 1 1 1 1 1 1 1 1 1 1 9 33 34 |1 1 1 1 1 1 1 1 1 6 1 10 32 41 47 33 |3 1 1 1 1 1 1 1 1 1 3 24 24 56 47 1 |1 1 1 1 8 1 1 3 1 1 12 9 13 24 1 1 |1 1 1 1 1 1 1 4 1 1 4 1 1 1 2 1 |1 1 1 13 1 1 1 1 1 2 1 1 1 1 1 5 |1 1 2 1 1 1 2 8 1 1 1 1 1 1 1 7 |1 1 1 1 1 1 1 1 1 1 1 1 1 1 1 1 |5 1 9 1 1 1 9 1 1 1 1 8 8 3 1 2 |1 11 1 7 1 1 1 1 1 1 12 7 11 1 1 1 |
10972: 1 1 1 1 1 1 1 1 1 1 6 6 1 1 1 1 |1 1 1 1 1 1 1 1 1 1 1 1 1 3 6 1 |1 1 1 1 1 1 1 1 1 1 1 1 1 9 33 34 |1 1 1 1 1 1 1 1 1 6 1 10 32 41 47 33 |3 1 1 1 1 1 1 1 1 1 3 24 24 56 47 1 |1 1 1 1 8 1 1 3 1 1 12 9 13 24 1 1 |1 1 1 1 1 1 1 4 1 1 4 1 1 1 2 1 |1 1 1 13 1 1 1 1 1 2 1 1 1 1 1 5 |1 1 2 1 1 1 2 8 1 1 1 1 1 1 1 7 |1 1 1 1 1 1 1 1 1 1 1 1 1 1 1 1 |5 1 9 1 1 1 9 1 1 1 1 8 8 3 1 2 |1 11 1 7 1 1 1 1 1 1 12 7 11 1 1 1 |
10983: 1 1 1 1 1 1 1 1 1 1 7 1 1 1 1 1 |1 1 1 1 1 1 1 1 1 1 1 1 1 5 8 7 |1 1 1 1 1 1 1 1 1 1 1 1 1 4 18 13 |1 1 1 1 1 1 1 1 1 6 1 10 32 41 47 33 |3 1 1 1 1 1 1 1 1 1 3 24 24 56 47 1 |1 1 1 1 8 1 1 3 1 1 12 9 13 24 1 1 |1 1 1 1 1 1 1 4 1 1 4 1 1 1 2 1 |1 1 1 13 1 1 1 1 1 2 1 1 1 1 1 5 |1 1 2 1 1 1 2 8 1 1 1 1 1 1 1 7 |1 1 1 1 1 1 1 1 1 1 1 1 1 1 1 1 |5 1 9 1 1 1 9 1 1 1 1 8 8 3 1 2 |1 11 1 7 1 1 1 1 1 1 12 7 11 1 1 1 |
10994: 1 1 1 1 1 1 1 1 1 1 7 1 1 1 1 1 |1 1 1 1 1 1 1 1 1 1 1 1 1 5 8 7 |1 1 1 1 1 1 1 1 1 1 1 1 1 4 18 13 |1 1 8 1 1 1 1 1 5 1 4 9 14 27 36 13 |2 1 1 1 1 1 1 1 1 1 1 18 20 27 17 1 |1 1 1 3 1 1 1 1 1 1 11 6 1 18 1 1 |1 1 1 1 1 4 1 2 1 1 9 1 1 1 1 1 |1 1 1 1 3 1 1 1 1 1 1 1 1 1 1 6 |1 1 1 1 1 1 1 3 1 1 6 1 6 1 1 7 |1 1 1 1 1 1 6 1 1 1 1 1 10 3 1 1 |3 1 1 1 1 1 6 1 1 1 1 8 5 2 1 8 |1 12 1 6 2 1 2 1 1 1 10 1 7 1 1 1 |
11005: 1 1 1 1 1 1 1 1 1 1 7 1 1 1 1 1 |1 1 1 1 1 1 1 1 1 1 1 1 1 5 8 7 |1 1 1 1 1 1 1 1 1 1 1 1 1 4 18 13 |1 1 8 1 1 1 1 1 5 1 4 9 14 27 36 13 |2 1 1 1 1 1 1 1 1 1 1 18 20 27 17 1 |1 1 1 3 1 1 1 1 1 1 11 6 1 18 1 1 |1 1 1 1 1 4 1 2 1 1 9 1 1 1 1 1 |1 1 1 1 3 1 1 1 1 1 1 1 1 1 1 6 |1 1 1 1 1 1 1 3 1 1 6 1 6 1 1 7 |1 1 1 1 1 1 6 1 1 1 1 1 10 3 1 1 |3 1 1 1 1 1 6 1 1 1 1 8 5 2 1 8 |1 12 1 6 2 1 2 1 1 1 10 1 7 1 1 1 |
11016: 1 1 1 1 1 1 1 1 1 1 5 7 1 1 1 5 |1 1 1 1 1 1 1 1 1 1 1 1 1 5 19 2 |1 1 1 1 1 1 1 1 1 1 1 1 3 7 16 16 |1 1 6 1 1 1 1 1 1 1 1 1 7 6 17 6 |2 1 1 1 1 1 1 1 1 1 1 18 20 27 17 1 |1 1 1 3 1 1 1 1 1 1 11 6 1 18 1 1 |1 1 1 1 1 4 1 2 1 1 9 1 1 1 1 1 |1 1 1 1 3 1 1 1 1 1 1 1 1 1 1 6 |1 1 1 1 1 1 1 3 1 1 6 1 6 1 1 7 |1 1 1 1 1 1 6 1 1 1 1 1 10 3 1 1 |3 1 1 1 1 1 6 1 1 1 1 8 5 2 1 8 |1 12 1 6 2 1 2 1 1 1 10 1 7 1 1 1 |
11027: 1 1 1 1 1 1 1 1 1 1 5 7 1 1 1 5 |1 1 1 1 1 1 1 1 1 1 1 1 1 5 19 2 |1 1 1 1 1 1 1 1 1 1 1 1 3 7 16 16 |1 1 6 1 1 1 1 1 1 1 1 1 7 6 17 6 |1 1 1 1 1 1 1 1 1 1 1 6 1 21 12 1 |1 1 1 1 9 1 2 2 2 1 11 7 2 11 1 1 |1 1 1 1 2 1 1 6 1 1 9 1 1 7 1 1 |1 1 1 1 7 6 1 1 1 1 1 1 1 1 1 3 |1 1 1 1 8 1 1 9 1 1 12 1 8 1 1 14 |1 1 1 1 1 1 1 2 1 1 1 8 2 1 1 1 |4 1 1 1 1 1 5 1 1 1 1 6 5 1 1 9 |1 7 1 1 1 1 3 1 1 1 13 2 10 1 11 2 |
11038: 1 1 1 1 1 1 1 1 1 1 5 7 1 1 1 5 |1 1 1 1 1 1 1 1 1 1 1 1 1 5 19 2 |1 1 1 1 1 1 1 1 1 1 1 1 3 7 16 16 |1 1 6 1 1 1 1 1 1 1 1 1 7 6 17 6 |1 1 1 1 1 1 1 1 1 1 1 6 1 21 12 1 |1 1 1 1 9 1 2 2 2 1 11 7 2 11 1 1 |1 1 1 1 2 1 1 6 1 1 9 1 1 7 1 1 |1 1 1 1 7 6 1 1 1 1 1 1 1 1 1 3 |1 1 1 1 8 1 1 9 1 1 12 1 8 1 1 14 |1 1 1 1 1 1 1 2 1 1 1 8 2 1 1 1 |4 1 1 1 1 1 5 1 1 1 1 6 5 1 1 9 |1 7 1 1 1 1 3 1 1 1 13 2 10 1 11 2 |
11049: 2 1 1 2 1 1 1 1 1 1 1 2 1 1 1 6 |1 1 11 1 1 1 1 1 1 1 1 1 1 7 12 15 |1 1 1 1 1 1 1 1 1 1 1 1 5 6 12 8 |1 1 6 1 1 1 1 1 1 1 1 1 7 6 17 6 |1 1 1 1 1 1 1 1 1 1 1 6 1 21 12 1 |1 1 1 1 9 1 2 2 2 1 11 7 2 11 1 1 |1 1 1 1 2 1 1 6 1 1 9 1 1 7 1 1 |1 1 1 1 7 6 1 1 1 1 1 1 1 1 1 3 |1 1 1 1 8 1 1 9 1 1 12 1 8 1 1 14 |1 1 1 1 1 1 1 2 1 1 1 8 2 1 1 1 |4 1 1 1 1 1 5 1 1 1 1 6 5 1 1 9 |1 7 1 1 1 1 3 1 1 1 13 2 10 1 11 2 |
11060: 2 1 1 2 1 1 1 1 1 1 1 2 1 1 1 6 |1 1 11 1 1 1 1 1 1 1 1 1 1 7 12 15 |1 1 1 1 1 1 1 1 1 1 1 1 5 6 12 8 |1 1 5 1 1 1 1 1 1 1 2 2 15 11 5 11 |1 1 1 1 1 1 1 1 1 1 1 1 10 20 17 1 |1 1 1 1 9 1 1 1 1 1 9 1 1 13 1 1 |1 1 1 1 1 1 1 1 1 1 12 1 1 7 1 1 |1 1 1 12 1 1 1 1 1 1 1 1 7 1 1 1 |1 1 2 1 1 1 1 8 1 1 1 1 5 1 1 11 |1 1 1 1 1 1 1 2 1 1 5 1 1 1 1 1 |1 1 1 1 1 1 8 1 1 1 1 6 2 1 7 7 |1 8 1 1 1 1 4 1 1 1 12 2 1 1 1 1 |
11071: 2 1 1 2 1 1 1 1 1 1 1 2 1 1 1 6 |1 1 11 1 1 1 1 1 1 1 1 1 1 7 12 15 |1 1 1 1 1 1 1 1 1 1 1 1 5 6 12 8 |1 1 5 1 1 1 1 1 1 1 2 2 15 11 5 11 |1 1 1 1 1 1 1 1 1 1 1 1 10 20 17 1 |1 1 1 1 9 1 1 1 1 1 9 1 1 13 1 1 |1 1 1 1 1 1 1 1 1 1 12 1 1 7 1 1 |1 1 1 12 1 1 1 1 1 1 1 1 7 1 1 1 |1 1 2 1 1 1 1 8 1 1 1 1 5 1 1 11 |1 1 1 1 1 1 1 2 1 1 5 1 1 1 1 1 |1 1 1 1 1 1 8 1 1 1 1 6 2 1 7 7 |1 8 1 1 1 1 4 1 1 1 12 2 1 1 1 1 |
11082: 2 1 1 6 1 1 1 1 1 1 6 1 1 1 1 1 |1 1 5 1 4 1 1 1 1 1 1 1 1 7 12 16 |1 1 1 1 1 1 1 1 1 1 1 1 1 10 10 6 |1 1 8 1 1 1 1 1 5 1 1 1 14 11 7 9 |1 1 1 1 1 1 1 1 1 1 4 3 1 6 12 1 |1 1 1 1 9 1 1 1 1 1 9 1 1 13 1 1 |1 1 1 1 1 1 1 1 1 1 12 1 1 7 1 1 |1 1 1 12 1 1 1 1 1 1 1 1 7 1 1 1 |1 1 2 1 1 1 1 8 1 1 1 1 5 1 1 11 |1 1 1 1 1 1 1 2 1 1 5 1 1 1 1 1 |1 1 1 1 1 1 8 1 1 1 1 6 2 1 7 7 |1 8 1 1 1 1 4 1 1 1 12 2 1 1 1 1 |
11093: 2 1 1 6 1 1 1 1 1 1 6 1 1 1 1 1 |1 1 5 1 4 1 1 1 1 1 1 1 1 7 12 16 |1 1 1 1 1 1 1 1 1 1 1 1 1 10 10 6 |1 1 8 1 1 1 1 1 5 1 1 1 14 11 7 9 |1 1 1 1 1 1 1 1 1 1 4 3 1 6 12 1 |1 3 1 1 1 1 3 1 2 1 10 1 1 10 1 1 |1 1 1 1 1 1 1 1 1 1 1 1 1 9 1 1 |1 1 1 6 1 1 1 1 1 1 1 6 1 1 1 5 |1 1 3 1 1 1 1 8 1 1 4 1 6 1 1 1 |1 1 1 1 2 8 4 1 1 1 1 1 1 1 1 1 |4 1 1 1 1 1 6 1 1 1 1 6 10 1 1 12 |1 13 1 8 4 1 1 1 1 1 8 1 7 1 1 1 |
11104: 2 1 1 6 1 1 1 1 1 1 6 1 1 1 1 1 |1 1 5 1 4 1 1 1 1 1 1 1 1 7 12 16 |1 1 1 1 1 1 1 1 1 1 1 1 1 10 10 6 |1 1 8 1 1 1 1 1 5 1 1 1 14 11 7 9 |1 1 1 1 1 1 1 1 1 1 4 3 1 6 12 1 |1 3 1 1 1 1 3 1 2 1 10 1 1 10 1 1 |1 1 1 1 1 1 1 1 1 1 1 1 1 9 1 1 |1 1 1 6 1 1 1 1 1 1 1 6 1 1 1 5 |1 1 3 1 1 1 1 8 1 1 4 1 6 1 1 1 |1 1 1 1 2 8 4 1 1 1 1 1 1 1 1 1 |4 1 1 1 1 1 6 1 1 1 1 6 10 1 1 12 |1 13 1 8 4 1 1 1 1 1 8 1 7 1 1 1 |
11115: 5 1 1 6 1 1 1 1 1 1 6 1 1 1 1 6 |1 1 1 1 1 1 4 1 1 2 1 1 1 7 22 14 |1 1 1 1 1 1 1 1 1 1 1 1 3 8 5 2 |1 1 8 1 1 1 1 1 5 1 1 1 14 11 7 9 |1 1 1 1 1 1 1 1 1 1 4 3 1 6 12 1 |1 3 1 1 1 1 3 1 2 1 10 1 1 10 1 1 |1 1 1 1 1 1 1 1 1 1 1 1 1 9 1 1 |1 1 1 6 1 1 1 1 1 1 1 6 1 1 1 5 |1 1 3 1 1 1 1 8 1 1 4 1 6 1 1 1 |1 1 1 1 2 8 4 1 1 1 1 1 1 1 1 1 |4 1 1 1 1 1 6 1 1 1 1 6 10 1 1 12 |1 13 1 8 4 1 1 1 1 1 8 1 7 1 1 1 |
11126: 5 1 1 6 1 1 1 1 1 1 6 1 1 1 1 6 |1 1 1 1 1 1 4 1 1 2 1 1 1 7 22 14 |1 1 1 1 1 1 1 1 1 1 1 1 3 8 5 2 |1 1 6 1 1 1 1 1 1 1 1 3 13 2 6 1 |1 1 1 1 1 1 1 1 1 1 1 1 6 12 1 1 |1 1 1 1 6 1 4 3 3 1 12 1 1 11 1 1 |1 1 1 1 1 4 1 1 1 1 12 1 1 8 1 1 |1 1 1 1 1 1 1 1 1 1 1 1 12 1 1 3 |1 1 1 14 1 1 1 6 1 1 6 1 5 1 2 9 |4 1 1 6 1 1 6 1 1 1 5 8 3 1 1 1 |2 1 1 1 1 1 5 1 1 1 1 8 8 1 1 10 |1 1 1 1 8 1 1 1 1 1 11 4 1 1 10 8 |
11137: 5 1 1 6 1 1 1 1 1 1 6 1 1 1 1 6 |1 1 1 1 1 1 4 1 1 2 1 1 1 7 22 14 |1 1 1 1 1 1 1 1 1 1 1 1 3 8 5 2 |1 1 6 1 1 1 1 1 1 1 1 3 13 2 6 1 |1 1 1 1 1 1 1 1 1 1 1 1 6 12 1 1 |1 1 1 1 6 1 4 3 3 1 12 1 1 11 1 1 |1 1 1 1 1 4 1 1 1 1 12 1 1 8 1 1 |1 1 1 1 1 1 1 1 1 1 1 1 12 1 1 3 |1 1 1 14 1 1 1 6 1 1 6 1 5 1 2 9 |4 1 1 6 1 1 6 1 1 1 5 8 3 1 1 1 |2 1 1 1 1 1 5 1 1 1 1 8 8 1 1 10 |1 1 1 1 8 1 1 1 1 1 11 4 1 1 10 8 |
11148: 5 1 1 1 10 1 2 1 1 1 7 11 1 1 1 6 |1 1 1 1 1 1 1 1 1 1 1 1 1 1 22 12 |1 1 1 1 1 1 1 1 1 1 1 9 5 20 37 30 |1 1 2 1 1 1 1 1 6 5 1 22 32 37 17 15 |1 1 1 1 1 1 1 1 1 1 1 1 6 12 1 1 |1 1 1 1 6 1 4 3 3 1 12 1 1 11 1 1 |1 1 1 1 1 4 1 1 1 1 12 1 1 8 1 1 |1 1 1 1 1 1 1 1 1 1 1 1 12 1 1 3 |1 1 1 14 1 1 1 6 1 1 6 1 5 1 2 9 |4 1 1 6 1 1 6 1 1 1 5 8 3 1 1 1 |2 1 1 1 1 1 5 1 1 1 1 8 8 1 1 10 |1 1 1 1 8 1 1 1 1 1 11 4 1 1 10 8 |
11159: 5 1 1 1 10 1 2 1 1 1 7 11 1 1 1 6 |1 1 1 1 1 1 1 1 1 1 1 1 1 1 22 12 |1 1 1 1 1 1 1 1 1 1 1 9 5 20 37 30 |1 1 2 1 1 1 1 1 6 5 1 22 32 37 17 15 |1 1 1 1 1 1 1 1 1 1 1 11 13 19 21 1 |1 2 1 1 1 1 1 1 1 1 10 14 8 4 2 1 |1 1 1 1 1 1 1 5 1 1 11 1 1 1 1 1 |1 1 1 1 5 2 1 1 1 7 1 1 13 1 1 7 |1 1 1 1 6 1 1 9 1 1 5 1 1 1 1 14 |1 1 1 9 1 1 1 2 1 1 1 1 11 12 1 1 |4 1 7 1 1 1 4 1 1 1 1 7 9 1 1 10 |1 10 1 8 1 1 1 1 1 1 14 4 1 8 6 15 |
11170: 5 1 1 1 10 1 2 1 1 1 7 11 1 1 1 6 |1 1 1 1 1 1 1 1 1 1 1 1 1 1 22 12 |1 1 1 1 1 1 1 1 1 1 1 9 5 20 37 30 |1 1 2 1 1 1 1 1 6 5 1 22 32 37 17 15 |1 1 1 1 1 1 1 1 1 1 1 11 13 19 21 1 |1 2 1 1 1 1 1 1 1 1 10 14 8 4 2 1 |1 1 1 1 1 1 1 5 1 1 11 1 1 1 1 1 |1 1 1 1 5 2 1 1 1 7 1 1 13 1 1 7 |1 1 1 1 6 1 1 9 1 1 5 1 1 1 1 14 |1 1 1 9 1 1 1 2 1 1 1 1 11 12 1 1 |4 1 7 1 1 1 4 1 1 1 1 7 9 1 1 10 |1 10 1 8 1 1 1 1 1 1 14 4 1 8 6 15 |
11181: 1 1 1 7 1 1 1 1 2 1 4 6 1 6 2 2 |1 1 1 1 2 1 1 1 1 3 1 1 7 12 25 31 |1 1 2 1 1 7 1 1 1 1 1 11 33 128 152 91 |7 4 8 2 1 1 2 1 14 1 19 89 209 207 131 37 |1 1 1 3 1 1 1 1 1 1 17 97 156 139 42 9 |1 2 1 1 1 1 1 1 1 1 10 14 8 4 2 1 |1 1 1 1 1 1 1 5 1 1 11 1 1 1 1 1 |1 1 1 1 5 2 1 1 1 7 1 1 13 1 1 7 |1 1 1 1 6 1 1 9 1 1 5 1 1 1 1 14 |1 1 1 9 1 1 1 2 1 1 1 1 11 12 1 1 |4 1 7 1 1 1 4 1 1 1 1 7 9 1 1 10 |1 10 1 8 1 1 1 1 1 1 14 4 1 8 6 15 |
11192: 1 1 1 7 1 1 1 1 2 1 4 6 1 6 2 2 |1 1 1 1 2 1 1 1 1 3 1 1 7 12 25 31 |1 1 2 1 1 7 1 1 1 1 1 11 33 128 152 91 |7 4 8 2 1 1 2 1 14 1 19 89 209 207 131 37 |1 1 1 3 1 1 1 1 1 1 17 97 156 139 42 9 |1 1 1 4 1 1 1 1 3 5 5 23 14 25 1 1 |1 1 1 1 1 1 1 1 1 1 11 8 2 7 1 1 |1 1 1 2 1 1 1 1 1 1 1 7 9 2 1 1 |1 1 1 13 1 1 1 11 1 1 13 1 1 1 3 13 |1 1 1 8 1 1 1 2 1 1 3 2 12 14 1 7 |5 1 13 1 1 1 1 1 1 1 1 1 14 1 1 1 |1 11 1 1 2 1 1 1 1 2 11 8 1 8 17 14 |
11203: 1 1 1 7 1 1 1 1 2 1 4 6 1 6 2 2 |1 1 1 1 2 1 1 1 1 3 1 1 7 12 25 31 |1 1 2 1 1 7 1 1 1 1 1 11 33 128 152 91 |7 4 8 2 1 1 2 1 14 1 19 89 209 207 131 37 |1 1 1 3 1 1 1 1 1 1 17 97 156 139 42 9 |1 1 1 4 1 1 1 1 3 5 5 23 14 25 1 1 |1 1 1 1 1 1 1 1 1 1 11 8 2 7 1 1 |1 1 1 2 1 1 1 1 1 1 1 7 9 2 1 1 |1 1 1 13 1 1 1 11 1 1 13 1 1 1 3 13 |1 1 1 8 1 1 1 2 1 1 3 2 12 14 1 7 |5 1 13 1 1 1 1 1 1 1 1 1 14 1 1 1 |1 11 1 1 2 1 1 1 1 2 11 8 1 8 17 14 |
11214: 1 1 1 1 1 1 1 1 1 1 6 1 1 7 6 10 |1 1 3 1 8 1 1 1 1 1 1 1 8 8 38 31 |1 1 1 1 1 1 1 3 1 1 1 15 52 142 159 111 |8 4 13 1 10 6 12 1 35 2 1 99 206 217 158 37 |1 1 1 1 15 1 11 9 4 17 28 153 200 163 46 1 |1 1 1 4 1 1 1 1 3 5 5 23 14 25 1 1 |1 1 1 1 1 1 1 1 1 1 11 8 2 7 1 1 |1 1 1 2 1 1 1 1 1 1 1 7 9 2 1 1 |1 1 1 13 1 1 1 11 1 1 13 1 1 1 3 13 |1 1 1 8 1 1 1 2 1 1 3 2 12 14 1 7 |5 1 13 1 1 1 1 1 1 1 1 1 14 1 1 1 |1 11 1 1 2 1 1 1 1 2 11 8 1 8 17 14 |
11225: 1 1 1 1 1 1 1 1 1 1 6 1 1 7 6 10 |1 1 3 1 8 1 1 1 1 1 1 1 8 8 38 31 |1 1 1 1 1 1 1 3 1 1 1 15 52 142 159 111 |8 4 13 1 10 6 12 1 35 2 1 99 206 217 158 37 |1 1 1 1 15 1 11 9 4 17 28 153 200 163 46 1 |1 10 1 1 1 1 1 1 1 1 5 31 18 20 3 1 |1 1 1 1 1 1 1 1 1 1 9 1 2 8 1 1 |1 1 1 7 4 5 1 1 1 2 1 6 7 1 1 1 |1 1 2 6 1 1 1 5 1 1 12 1 1 2 1 13 |1 1 1 10 1 6 7 1 1 1 1 1 11 10 1 1 |4 1 1 1 1 1 7 1 1 1 1 1 1 1 8 3 |1 5 1 8 1 1 4 1 1 1 12 9 3 7 5 18 |
11236: 1 1 1 1 1 1 1 1 1 1 6 1 1 7 6 10 |1 1 3 1 8 1 1 1 1 1 1 1 8 8 38 31 |1 1 1 1 1 1 1 3 1 1 1 15 52 142 159 111 |8 4 13 1 10 6 12 1 35 2 1 99 206 217 158 37 |1 1 1 1 15 1 11 9 4 17 28 153 200 163 46 1 |1 10 1 1 1 1 1 1 1 1 5 31 18 20 3 1 |1 1 1 1 1 1 1 1 1 1 9 1 2 8 1 1 |1 1 1 7 4 5 1 1 1 2 1 6 7 1 1 1 |1 1 2 6 1 1 1 5 1 1 12 1 1 2 1 13 |1 1 1 10 1 6 7 1 1 1 1 1 11 10 1 1 |4 1 1 1 1 1 7 1 1 1 1 1 1 1 8 3 |1 5 1 8 1 1 4 1 1 1 12 9 3 7 5 18 |
11247: 1 1 1 4 1 1 1 1 1 1 5 10 1 10 1 8 |1 1 1 5 1 1 1 1 1 1 1 1 8 9 37 27 |1 1 1 1 2 8 1 7 1 3 1 4 55 151 165 103 |11 1 15 6 1 23 1 12 1 12 7 140 230 229 151 50 |3 1 5 2 21 6 4 1 1 1 37 171 189 155 49 6 |1 1 1 1 8 1 1 3 8 7 9 25 28 34 8 1 |1 1 1 1 1 1 1 1 1 1 9 1 2 8 1 1 |1 1 1 7 4 5 1 1 1 2 1 6 7 1 1 1 |1 1 2 6 1 1 1 5 1 1 12 1 1 2 1 13 |1 1 1 10 1 6 7 1 1 1 1 1 11 10 1 1 |4 1 1 1 1 1 7 1 1 1 1 1 1 1 8 3 |1 5 1 8 1 1 4 1 1 1 12 9 3 7 5 18 |
11258: 1 1 1 4 1 1 1 1 1 1 5 10 1 10 1 8 |1 1 1 5 1 1 1 1 1 1 1 1 8 9 37 27 |1 1 1 1 2 8 1 7 1 3 1 4 55 151 165 103 |11 1 15 6 1 23 1 12 1 12 7 140 230 229 151 50 |3 1 5 2 21 6 4 1 1 1 37 171 189 155 49 6 |1 1 1 1 8 1 1 3 8 7 9 25 28 34 8 1 |1 1 1 1 1 5 1 3 1 3 11 7 1 9 1 1 |1 1 1 12 3 7 1 1 1 2 1 7 6 1 1 1 |1 1 3 2 1 1 2 8 1 1 11 1 1 2 1 12 |1 1 3 1 1 1 6 1 1 1 1 2 1 4 1 1 |2 4 3 1 1 1 8 1 1 1 1 9 11 5 8 1 |1 13 1 9 1 1 1 1 1 1 10 6 1 11 12 7 |
11269: 1 1 1 4 1 1 1 1 1 1 5 10 1 10 1 8 |1 1 1 5 1 1 1 1 1 1 1 1 8 9 37 27 |1 1 1 1 2 8 1 7 1 3 1 4 55 151 165 103 |11 1 15 6 1 23 1 12 1 12 7 140 230 229 151 50 |3 1 5 2 21 6 4 1 1 1 37 171 189 155 49 6 |1 1 1 1 8 1 1 3 8 7 9 25 28 34 8 1 |1 1 1 1 1 5 1 3 1 3 11 7 1 9 1 1 |1 1 1 12 3 7 1 1 1 2 1 7 6 1 1 1 |1 1 3 2 1 1 2 8 1 1 11 1 1 2 1 12 |1 1 3 1 1 1 6 1 1 1 1 2 1 4 1 1 |2 4 3 1 1 1 8 1 1 1 1 9 11 5 8 1 |1 13 1 9 1 1 1 1 1 1 10 6 1 11 12 7 |
11280: 1 1 1 1 1 1 1 1 1 1 7 14 1 7 1 1 |1 1 11 1 1 1 1 1 1 1 1 1 6 15 27 23 |2 1 1 1 3 1 3 8 1 1 2 17 45 149 161 97 |1 6 11 1 9 1 1 1 19 8 1 143 209 230 142 65 |1 4 1 1 1 17 1 1 1 1 24 156 213 160 38 10 |1 1 1 1 1 9 1 1 1 1 17 34 28 25 7 1 |1 1 1 1 1 5 1 3 1 3 11 7 1 9 1 1 |1 1 1 12 3 7 1 1 1 2 1 7 6 1 1 1 |1 1 3 2 1 1 2 8 1 1 11 1 1 2 1 12 |1 1 3 1 1 1 6 1 1 1 1 2 1 4 1 1 |2 4 3 1 1 1 8 1 1 1 1 9 11 5 8 1 |1 13 1 9 1 1 1 1 1 1 10 6 1 11 12 7 |
11291: 1 1 1 1 1 1 1 1 1 1 7 14 1 7 1 1 |1 1 11 1 1 1 1 1 1 1 1 1 6 15 27 23 |2 1 1 1 3 1 3 8 1 1 2 17 45 149 161 97 |1 6 11 1 9 1 1 1 19 8 1 143 209 230 142 65 |1 4 1 1 1 17 1 1 1 1 24 156 213 160 38 10 |1 1 1 1 1 9 1 1 1 1 17 34 28 25 7 1 |1 1 1 1 1 5 1 5 1 1 12 8 1 15 1 1 |1 1 1 14 1 1 1 1 1 1 1 7 8 1 1 1 |1 1 1 1 1 1 1 9 1 1 6 1 1 3 1 15 |1 1 1 9 1 1 1 1 1 1 4 3 1 2 1 1 |3 1 9 1 1 1 1 1 1 1 9 2 12 1 1 1 |1 8 1 1 6 1 1 1 1 1 12 17 14 10 9 2 |
11302: 1 1 1 1 1 1 1 1 1 1 7 14 1 7 1 1 |1 1 11 1 1 1 1 1 1 1 1 1 6 15 27 23 |2 1 1 1 3 1 3 8 1 1 2 17 45 149 161 97 |1 6 11 1 9 1 1 1 19 8 1 143 209 230 142 65 |1 4 1 1 1 17 1 1 1 1 24 156 213 160 38 10 |1 1 1 1 1 9 1 1 1 1 17 34 28 25 7 1 |1 1 1 1 1 5 1 5 1 1 12 8 1 15 1 1 |1 1 1 14 1 1 1 1 1 1 1 7 8 1 1 1 |1 1 1 1 1 1 1 9 1 1 6 1 1 3 1 15 |1 1 1 9 1 1 1 1 1 1 4 3 1 2 1 1 |3 1 9 1 1 1 1 1 1 1 9 2 12 1 1 1 |1 8 1 1 6 1 1 1 1 1 12 17 14 10 9 2 |
11312: 1 1 1 8 1 1 1 1 1 1 1 13 1 8 1 7 |1 1 1 1 1 1 1 1 1 6 1 1 1 21 39 22 |1 1 1 2 1 8 7 7 1 3 1 10 60 153 172 110 |6 4 12 10 11 3 5 1 46 1 16 122 216 217 157 1 |1 1 1 1 4 1 1 3 1 1 18 199 204 163 44 2 |1 1 1 1 1 9 1 1 1 1 17 34 28 25 7 1 |1 1 1 1 1 5 1 5 1 1 12 8 1 15 1 1 |1 1 1 14 1 1 1 1 1 1 1 7 8 1 1 1 |1 1 1 1 1 1 1 9 1 1 6 1 1 3 1 15 |1 1 1 9 1 1 1 1 1 1 4 3 1 2 1 1 |3 1 9 1 1 1 1 1 1 1 9 2 12 1 1 1 |1 8 1 1 6 1 1 1 1 1 12 17 14 10 9 2 |
11323: 1 1 1 8 1 1 1 1 1 1 1 13 1 8 1 7 |1 1 1 1 1 1 1 1 1 6 1 1 1 21 39 22 |1 1 1 2 1 8 7 7 1 3 1 10 60 153 172 110 |6 4 12 10 11 3 5 1 46 1 16 122 216 217 157 1 |1 1 1 1 4 1 1 3 1 1 18 199 204 163 44 2 |1 5 1 1 1 1 1 9 1 4 16 24 28 24 1 1 |1 1 1 1 1 1 1 5 1 1 12 11 2 12 1 1 |1 1 1 2 1 7 1 1 1 7 1 9 9 1 1 1 |1 1 1 1 1 1 1 8 1 1 6 1 1 1 1 13 |1 1 1 1 1 2 1 1 1 1 8 9 11 9 1 8 |3 1 2 1 1 1 7 1 1 1 1 1 1 1 8 5 |1 8 1 1 1 1 1 3 1 1 6 16 8 9 9 17 |
11334: 1 1 1 8 1 1 1 1 1 1 1 13 1 8 1 7 |1 1 1 1 1 1 1 1 1 6 1 1 1 21 39 22 |1 1 1 2 1 8 7 7 1 3 1 10 60 153 172 110 |6 4 12 10 11 3 5 1 46 1 16 122 216 217 157 1 |1 1 1 1 4 1 1 3 1 1 18 199 204 163 44 2 |1 5 1 1 1 1 1 9 1 4 16 24 28 24 1 1 |1 1 1 1 1 1 1 5 1 1 12 11 2 12 1 1 |1 1 1 2 1 7 1 1 1 7 1 9 9 1 1 1 |1 1 1 1 1 1 1 8 1 1 6 1 1 1 1 13 |1 1 1 1 1 2 1 1 1 1 8 9 11 9 1 8 |3 1 2 1 1 1 7 1 1 1 1 1 1 1 8 5 |1 8 1 1 1 1 1 3 1 1 6 16 8 9 9 17 |
11345: 6 1 1 2 1 1 1 1 1 1 9 8 1 1 4 1 |1 1 11 1 8 1 1 1 1 1 1 6 7 12 31 28 |2 1 1 1 4 2 1 1 1 1 2 4 62 151 173 118 |9 1 13 9 9 1 1 24 10 5 56 150 231 223 135 46 |1 1 1 1 1 1 4 1 14 2 31 194 211 153 50 1 |1 5 1 1 1 1 1 9 1 4 16 24 28 24 1 1 |1 1 1 1 1 1 1 5 1 1 12 11 2 12 1 1 |1 1 1 2 1 7 1 1 1 7 1 9 9 1 1 1 |1 1 1 1 1 1 1 8 1 1 6 1 1 1 1 13 |1 1 1 1 1 2 1 1 1 1 8 9 11 9 1 8 |3 1 2 1 1 1 7 1 1 1 1 1 1 1 8 5 |1 8 1 1 1 1 1 3 1 1 6 16 8 9 9 17 |
11356: 6 1 1 2 1 1 1 1 1 1 9 8 1 1 4 1 |1 1 11 1 8 1 1 1 1 1 1 6 7 12 31 28 |2 1 1 1 4 2 1 1 1 1 2 4 62 151 173 118 |9 1 13 9 9 1 1 24 10 5 56 150 231 223 135 46 |1 1 1 1 1 1 4 1 14 2 31 194 211 153 50 1 |1 1 1 5 8 6 1 2 1 1 18 25 28 28 1 1 |1 1 1 1 1 1 1 2 1 1 10 10 2 13 1 1 |1 1 1 1 1 1 1 1 1 2 1 1 14 1 1 1 |1 1 1 1 1 1 1 10 1 1 7 1 1 1 1 1 |1 1 2 1 1 1 2 2 1 1 1 2 1 4 1 2 |3 1 1 1 1 1 1 1 1 1 1 1 1 1 8 4 |1 1 1 6 7 1 1 1 1 2 11 1 1 8 13 1 |
11367: 6 1 1 2 1 1 1 1 1 1 9 8 1 1 4 1 |1 1 11 1 8 1 1 1 1 1 1 6 7 12 31 28 |2 1 1 1 4 2 1 1 1 1 2 4 62 151 173 118 |9 1 13 9 9 1 1 24 10 5 56 150 231 223 135 46 |1 1 1 1 1 1 4 1 14 2 31 194 211 153 50 1 |1 1 1 5 8 6 1 2 1 1 18 25 28 28 1 1 |1 1 1 1 1 1 1 2 1 1 10 10 2 13 1 1 |1 1 1 1 1 1 1 1 1 2 1 1 14 1 1 1 |1 1 1 1 1 1 1 10 1 1 7 1 1 1 1 1 |1 1 2 1 1 1 2 2 1 1 1 2 1 4 1 2 |3 1 1 1 1 1 1 1 1 1 1 1 1 1 8 4 |1 1 1 6 7 1 1 1 1 2 11 1 1 8 13 1 |
11378: 1 1 1 8 6 1 2 1 1 1 2 15 1 3 1 1 |1 1 12 3 2 1 1 1 1 2 1 1 9 22 45 39 |9 11 1 1 1 9 6 2 4 2 1 9 52 158 188 117 |10 1 10 1 9 5 1 1 14 38 16 132 235 248 164 59 |1 1 1 1 1 1 4 1 14 2 31 194 211 153 50 1 |1 1 1 5 8 6 1 2 1 1 18 25 28 28 1 1 |1 1 1 1 1 1 1 2 1 1 10 10 2 13 1 1 |1 1 1 1 1 1 1 1 1 2 1 1 14 1 1 1 |1 1 1 1 1 1 1 10 1 1 7 1 1 1 1 1 |1 1 2 1 1 1 2 2 1 1 1 2 1 4 1 2 |3 1 1 1 1 1 1 1 1 1 1 1 1 1 8 4 |1 1 1 6 7 1 1 1 1 2 11 1 1 8 13 1 |
11389: 1 1 1 8 6 1 2 1 1 1 2 15 1 3 1 1 |1 1 12 3 2 1 1 1 1 2 1 1 9 22 45 39 |9 11 1 1 1 9 6 2 4 2 1 9 52 158 188 117 |10 1 10 1 9 5 1 1 14 38 16 132 235 248 164 59 |5 5 1 24 7 7 1 1 1 1 28 183 220 163 41 14 |1 1 1 6 1 1 1 9 1 4 21 26 29 27 9 2 |1 1 1 1 1 1 1 1 1 1 7 10 1 15 1 1 |1 1 1 12 6 4 1 1 1 3 1 1 1 1 1 1 |1 1 1 1 1 1 1 7 1 1 6 1 1 1 1 1 |1 1 1 1 1 1 1 1 1 1 1 3 10 11 1 1 |3 1 3 1 1 1 1 1 1 1 1 1 1 1 1 1 |1 1 1 7 5 1 2 1 1 1 12 16 5 10 10 14 |
11400: 1 1 1 8 6 1 2 1 1 1 2 15 1 3 1 1 |1 1 12 3 2 1 1 1 1 2 1 1 9 22 45 39 |9 11 1 1 1 9 6 2 4 2 1 9 52 158 188 117 |10 1 10 1 9 5 1 1 14 38 16 132 235 248 164 59 |5 5 1 24 7 7 1 1 1 1 28 183 220 163 41 14 |1 1 1 6 1 1 1 9 1 4 21 26 29 27 9 2 |1 1 1 1 1 1 1 1 1 1 7 10 1 15 1 1 |1 1 1 12 6 4 1 1 1 3 1 1 1 1 1 1 |1 1 1 1 1 1 1 7 1 1 6 1 1 1 1 1 |1 1 1 1 1 1 1 1 1 1 1 3 10 11 1 1 |3 1 3 1 1 1 1 1 1 1 1 1 1 1 1 1 |1 1 1 7 5 1 2 1 1 1 12 16 5 10 10 14 |
11411: 1 1 1 8 1 1 1 1 1 1 7 10 1 1 1 1 |1 1 9 1 2 1 1 1 1 1 1 1 9 25 40 30 |1 1 3 1 3 28 1 4 1 1 7 10 63 158 193 140 |1 1 16 9 9 1 1 1 11 1 13 143 232 214 155 61 |5 1 1 1 6 18 1 1 1 1 10 188 216 173 40 1 |1 1 1 1 1 1 1 3 2 9 11 30 28 26 9 1 |1 1 1 1 1 1 1 1 1 1 7 10 1 15 1 1 |1 1 1 12 6 4 1 1 1 3 1 1 1 1 1 1 |1 1 1 1 1 1 1 7 1 1 6 1 1 1 1 1 |1 1 1 1 1 1 1 1 1 1 1 3 10 11 1 1 |3 1 3 1 1 1 1 1 1 1 1 1 1 1 1 1 |1 1 1 7 5 1 2 1 1 1 12 16 5 10 10 14 |
11422: 1 1 1 8 1 1 1 1 1 1 7 10 1 1 1 1 |1 1 9 1 2 1 1 1 1 1 1 1 9 25 40 30 |1 1 3 1 3 28 1 4 1 1 7 10 63 158 193 140 |1 1 16 9 9 1 1 1 11 1 13 143 232 214 155 61 |5 1 1 1 6 18 1 1 1 1 10 188 216 173 40 1 |1 1 1 1 1 1 1 3 2 9 11 30 28 26 9 1 |1 1 1 1 1 1 1 6 1 1 13 7 3 12 1 1 |1 1 1 1 1 1 1 1 1 3 1 1 3 1 2 1 |1 1 1 1 1 1 1 8 1 1 11 1 1 1 3 12 |1 1 1 5 1 1 1 3 1 1 6 8 1 2 1 3 |4 1 6 1 1 1 8 1 1 1 1 1 3 1 9 3 |1 12 1 8 4 1 1 1 1 1 6 1 1 10 17 14 |
11433: 1 1 1 8 1 1 1 1 1 1 7 10 1 1 1 1 |1 1 9 1 2 1 1 1 1 1 1 1 9 25 40 30 |1 1 3 1 3 28 1 4 1 1 7 10 63 158 193 140 |1 1 16 9 9 1 1 1 11 1 13 143 232 214 155 61 |5 1 1 1 6 18 1 1 1 1 10 188 216 173 40 1 |1 1 1 1 1 1 1 3 2 9 11 30 28 26 9 1 |1 1 1 1 1 1 1 6 1 1 13 7 3 12 1 1 |1 1 1 1 1 1 1 1 1 3 1 1 3 1 2 1 |1 1 1 1 1 1 1 8 1 1 11 1 1 1 3 12 |1 1 1 5 1 1 1 3 1 1 6 8 1 2 1 3 |4 1 6 1 1 1 8 1 1 1 1 1 3 1 9 3 |1 12 1 8 4 1 1 1 1 1 6 1 1 10 17 14 |
11444: 1 1 1 1 7 1 1 1 1 1 1 14 1 1 1 1 |1 1 1 1 1 1 1 1 1 1 1 1 6 15 34 32 |1 1 1 2 14 22 1 1 1 1 13 15 56 163 205 150 |12 13 19 1 8 2 1 1 1 15 14 147 227 221 172 65 |5 1 1 4 14 1 5 1 2 1 40 169 218 168 56 3 |1 1 1 1 1 1 1 3 2 9 11 30 28 26 9 1 |1 1 1 1 1 1 1 6 1 1 13 7 3 12 1 1 |1 1 1 1 1 1 1 1 1 3 1 1 3 1 2 1 |1 1 1 1 1 1 1 8 1 1 11 1 1 1 3 12 |1 1 1 5 1 1 1 3 1 1 6 8 1 2 1 3 |4 1 6 1 1 1 8 1 1 1 1 1 3 1 9 3 |1 12 1 8 4 1 1 1 1 1 6 1 1 10 17 14 |
11455: 1 1 1 1 7 1 1 1 1 1 1 14 1 1 1 1 |1 1 1 1 1 1 1 1 1 1 1 1 6 15 34 32 |1 1 1 2 14 22 1 1 1 1 13 15 56 163 205 150 |12 13 19 1 8 2 1 1 1 15 14 147 227 221 172 65 |5 1 1 4 14 1 5 1 2 1 40 169 218 168 56 3 |1 6 1 1 8 1 1 1 1 8 8 34 28 33 10 1 |1 1 1 1 1 1 1 5 1 1 12 8 1 14 1 1 |1 1 1 1 1 1 1 1 1 7 1 10 8 1 1 1 |1 1 1 1 1 1 1 10 1 1 15 1 1 1 3 12 |1 1 1 1 1 1 1 1 1 1 2 3 1 2 1 1 |2 1 1 1 1 1 1 1 1 1 7 3 1 1 7 3 |1 13 1 1 2 1 1 1 1 1 13 7 1 1 19 18 |
11466: 1 1 1 1 7 1 1 1 1 1 1 14 1 1 1 1 |1 1 1 1 1 1 1 1 1 1 1 1 6 15 34 32 |1 1 1 2 14 22 1 1 1 1 13 15 56 163 205 150 |12 13 19 1 8 2 1 1 1 15 14 147 227 221 172 65 |5 1 1 4 14 1 5 1 2 1 40 169 218 168 56 3 |1 6 1 1 8 1 1 1 1 8 8 34 28 33 10 1 |1 1 1 1 1 1 1 5 1 1 12 8 1 14 1 1 |1 1 1 1 1 1 1 1 1 7 1 10 8 1 1 1 |1 1 1 1 1 1 1 10 1 1 15 1 1 1 3 12 |1 1 1 1 1 1 1 1 1 1 2 3 1 2 1 1 |2 1 1 1 1 1 1 1 1 1 7 3 1 1 7 3 |1 13 1 1 2 1 1 1 1 1 13 7 1 1 19 18 |
11477: 1 1 1 1 1 1 1 1 1 1 6 15 1 8 1 1 |1 1 6 1 4 1 1 1 1 5 1 7 3 13 36 36 |3 1 5 1 1 1 1 3 1 1 1 13 73 167 198 162 |1 1 6 10 15 7 2 1 18 6 14 147 234 226 164 66 |10 1 1 6 15 1 1 3 1 1 23 178 205 191 28 17 |1 6 1 1 8 1 1 1 1 8 8 34 28 33 10 1 |1 1 1 1 1 1 1 5 1 1 12 8 1 14 1 1 |1 1 1 1 1 1 1 1 1 7 1 10 8 1 1 1 |1 1 1 1 1 1 1 10 1 1 15 1 1 1 3 12 |1 1 1 1 1 1 1 1 1 1 2 3 1 2 1 1 |2 1 1 1 1 1 1 1 1 1 7 3 1 1 7 3 |1 13 1 1 2 1 1 1 1 1 13 7 1 1 19 18 |
11488: 1 1 1 1 1 1 1 1 1 1 6 15 1 8 1 1 |1 1 6 1 4 1 1 1 1 5 1 7 3 13 36 36 |3 1 5 1 1 1 1 3 1 1 1 13 73 167 198 162 |1 1 6 10 15 7 2 1 18 6 14 147 234 226 164 66 |10 1 1 6 15 1 1 3 1 1 23 178 205 191 28 17 |1 3 1 2 9 1 3 6 1 11 15 24 16 34 1 3 |1 1 1 1 1 6 1 7 1 1 13 8 1 15 1 3 |1 1 1 13 1 1 1 1 1 8 1 7 9 1 1 1 |1 1 1 14 1 1 1 10 1 1 14 1 1 1 1 3 |1 1 3 11 1 1 5 1 1 1 6 9 1 16 1 7 |1 1 2 1 1 1 1 1 1 1 1 1 1 1 1 1 |1 6 1 8 1 1 4 1 1 1 8 14 7 8 13 9 |
11499: 1 1 1 1 1 1 1 1 1 1 6 15 1 8 1 1 |1 1 6 1 4 1 1 1 1 5 1 7 3 13 36 36 |3 1 5 1 1 1 1 3 1 1 1 13 73 167 198 162 |1 1 6 10 15 7 2 1 18 6 14 147 234 226 164 66 |10 1 1 6 15 1 1 3 1 1 23 178 205 191 28 17 |1 3 1 2 9 1 3 6 1 11 15 24 16 34 1 3 |1 1 1 1 1 6 1 7 1 1 13 8 1 15 1 3 |1 1 1 13 1 1 1 1 1 8 1 7 9 1 1 1 |1 1 1 14 1 1 1 10 1 1 14 1 1 1 1 3 |1 1 3 11 1 1 5 1 1 1 6 9 1 16 1 7 |1 1 2 1 1 1 1 1 1 1 1 1 1 1 1 1 |1 6 1 8 1 1 4 1 1 1 8 14 7 8 13 9 |
11510: 8 1 1 1 1 1 1 1 1 1 6 13 1 8 1 1 |1 1 15 1 1 1 1 1 1 1 1 1 8 23 41 49 |1 1 1 1 5 2 1 1 1 1 1 14 63 163 198 154 |7 6 16 1 8 2 1 4 9 5 21 142 229 226 167 67 |10 9 4 1 15 1 1 3 2 1 26 188 221 182 55 16 |1 6 1 1 1 2 9 4 1 1 17 31 27 20 8 1 |1 1 1 1 1 6 1 7 1 1 13 8 1 15 1 3 |1 1 1 13 1 1 1 1 1 8 1 7 9 1 1 1 |1 1 1 14 1 1 1 10 1 1 14 1 1 1 1 3 |1 1 3 11 1 1 5 1 1 1 6 9 1 16 1 7 |1 1 2 1 1 1 1 1 1 1 1 1 1 1 1 1 |1 6 1 8 1 1 4 1 1 1 8 14 7 8 13 9 |
11521: 8 1 1 1 1 1 1 1 1 1 6 13 1 8 1 1 |1 1 15 1 1 1 1 1 1 1 1 1 8 23 41 49 |1 1 1 1 5 2 1 1 1 1 1 14 63 163 198 154 |7 6 16 1 8 2 1 4 9 5 21 142 229 226 167 67 |10 9 4 1 15 1 1 3 2 1 26 188 221 182 55 16 |1 6 1 1 1 2 9 4 1 1 17 31 27 20 8 1 |1 1 1 1 1 4 1 5 1 1 12 9 1 15 1 1 |1 1 1 1 1 1 1 1 1 7 1 1 1 1 1 1 |1 1 1 1 1 1 1 10 1 1 12 1 1 2 1 16 |1 1 1 1 1 1 1 1 1 1 6 9 1 2 1 9 |7 1 8 1 1 1 4 1 1 1 1 1 1 6 1 1 |1 7 1 9 1 1 1 2 1 2 9 2 1 6 16 2 |
11532: 8 1 1 1 1 1 1 1 1 1 6 13 1 8 1 1 |1 1 15 1 1 1 1 1 1 1 1 1 8 23 41 49 |1 1 1 1 5 2 1 1 1 1 1 14 63 163 198 154 |7 6 16 1 8 2 1 4 9 5 21 142 229 226 167 67 |10 9 4 1 15 1 1 3 2 1 26 188 221 182 55 16 |1 6 1 1 1 2 9 4 1 1 17 31 27 20 8 1 |1 1 1 1 1 4 1 5 1 1 12 9 1 15 1 1 |1 1 1 1 1 1 1 1 1 7 1 1 1 1 1 1 |1 1 1 1 1 1 1 10 1 1 12 1 1 2 1 16 |1 1 1 1 1 1 1 1 1 1 6 9 1 2 1 9 |7 1 8 1 1 1 4 1 1 1 1 1 1 6 1 1 |1 7 1 9 1 1 1 2 1 2 9 2 1 6 16 2 |
11543: 6 1 1 1 1 1 1 1 2 1 5 12 1 5 1 1 |1 1 10 8 12 1 1 1 1 4 1 8 6 22 47 50 |1 1 1 1 1 10 7 8 1 1 7 10 55 156 196 168 |1 1 15 4 6 1 1 1 7 13 20 155 222 223 166 51 |4 1 2 1 15 1 1 10 1 2 28 185 220 182 58 13 |1 2 1 3 1 4 10 1 1 1 5 22 22 20 10 1 |1 1 1 1 1 4 1 5 1 1 12 9 1 15 1 1 |1 1 1 1 1 1 1 1 1 7 1 1 1 1 1 1 |1 1 1 1 1 1 1 10 1 1 12 1 1 2 1 16 |1 1 1 1 1 1 1 1 1 1 6 9 1 2 1 9 |7 1 8 1 1 1 4 1 1 1 1 1 1 6 1 1 |1 7 1 9 1 1 1 2 1 2 9 2 1 6 16 2 |
11554: 6 1 1 1 1 1 1 1 2 1 5 12 1 5 1 1 |1 1 10 8 12 1 1 1 1 4 1 8 6 22 47 50 |1 1 1 1 1 10 7 8 1 1 7 10 55 156 196 168 |1 1 15 4 6 1 1 1 7 13 20 155 222 223 166 51 |4 1 2 1 15 1 1 10 1 2 28 185 220 182 58 13 |1 2 1 3 1 4 10 1 1 1 5 22 22 20 10 1 |1 1 1 1 1 3 1 5 1 1 13 8 1 14 1 8 |1 1 1 13 1 1 1 1 1 9 1 1 1 1 1 1 |1 1 1 1 1 1 1 7 1 1 6 1 1 1 1 15 |1 1 1 9 1 1 7 1 1 1 1 2 1 3 1 2 |6 1 1 1 1 1 3 1 1 1 1 1 4 1 8 3 |1 10 1 1 1 1 1 1 1 1 6 4 1 9 16 7 |
11565: 6 1 1 1 1 1 1 1 2 1 5 12 1 5 1 1 |1 1 10 8 12 1 1 1 1 4 1 8 6 22 47 50 |1 1 1 1 1 10 7 8 1 1 7 10 55 156 196 168 |1 1 15 4 6 1 1 1 7 13 20 155 222 223 166 51 |4 1 2 1 15 1 1 10 1 2 28 185 220 182 58 13 |1 2 1 3 1 4 10 1 1 1 5 22 22 20 10 1 |1 1 1 1 1 3 1 5 1 1 13 8 1 14 1 8 |1 1 1 13 1 1 1 1 1 9 1 1 1 1 1 1 |1 1 1 1 1 1 1 7 1 1 6 1 1 1 1 15 |1 1 1 9 1 1 7 1 1 1 1 2 1 3 1 2 |6 1 1 1 1 1 3 1 1 1 1 1 4 1 8 3 |1 10 1 1 1 1 1 1 1 1 6 4 1 9 16 7 |
11576: 5 1 1 5 1 1 1 1 1 1 6 9 1 3 1 1 |1 1 12 5 13 1 1 1 1 3 1 7 4 22 44 41 |1 1 1 1 1 1 1 6 2 1 1 18 59 152 196 168 |1 1 7 1 4 1 1 1 15 11 18 143 227 223 167 53 |9 1 3 1 12 11 1 1 1 6 30 186 211 189 58 10 |1 2 1 3 1 4 10 1 1 1 5 22 22 20 10 1 |1 1 1 1 1 3 1 5 1 1 13 8 1 14 1 8 |1 1 1 13 1 1 1 1 1 9 1 1 1 1 1 1 |1 1 1 1 1 1 1 7 1 1 6 1 1 1 1 15 |1 1 1 9 1 1 7 1 1 1 1 2 1 3 1 2 |6 1 1 1 1 1 3 1 1 1 1 1 4 1 8 3 |1 10 1 1 1 1 1 1 1 1 6 4 1 9 16 7 |
11587: 5 1 1 5 1 1 1 1 1 1 6 9 1 3 1 1 |1 1 12 5 13 1 1 1 1 3 1 7 4 22 44 41 |1 1 1 1 1 1 1 6 2 1 1 18 59 152 196 168 |1 1 7 1 4 1 1 1 15 11 18 143 227 223 167 53 |9 1 3 1 12 11 1 1 1 6 30 186 211 189 58 10 |1 1 1 5 6 5 1 9 1 10 15 25 30 28 9 2 |1 1 1 1 1 4 1 5 1 1 15 2 1 15 1 1 |1 1 1 1 1 7 1 1 1 1 1 8 6 1 2 1 |1 1 4 1 1 1 1 9 1 1 12 1 1 2 1 14 |1 1 1 8 1 2 1 1 1 1 1 1 1 1 1 1 |4 1 3 1 1 1 7 1 1 1 1 1 5 1 8 4 |1 1 1 7 10 1 2 1 1 1 2 15 15 7 12 1 |
11598: 5 1 1 5 1 1 1 1 1 1 6 9 1 3 1 1 |1 1 12 5 13 1 1 1 1 3 1 7 4 22 44 41 |1 1 1 1 1 1 1 6 2 1 1 18 59 152 196 168 |1 1 7 1 4 1 1 1 15 11 18 143 227 223 167 53 |9 1 3 1 12 11 1 1 1 6 30 186 211 189 58 10 |1 1 1 5 6 5 1 9 1 10 15 25 30 28 9 2 |1 1 1 1 1 4 1 5 1 1 15 2 1 15 1 1 |1 1 1 1 1 7 1 1 1 1 1 8 6 1 2 1 |1 1 4 1 1 1 1 9 1 1 12 1 1 2 1 14 |1 1 1 8 1 2 1 1 1 1 1 1 1 1 1 1 |4 1 3 1 1 1 7 1 1 1 1 1 5 1 8 4 |1 1 1 7 10 1 2 1 1 1 2 15 15 7 12 1 |
11609: 1 1 1 7 1 1 1 1 1 1 6 14 1 1 1 2 |1 1 12 1 1 1 1 1 1 2 1 1 1 13 49 59 |1 1 1 1 12 1 5 2 1 1 1 24 52 154 214 181 |1 1 16 7 8 4 1 1 17 13 3 136 238 220 179 73 |3 1 1 1 16 1 1 1 1 1 17 190 222 188 47 9 |1 7 1 1 1 5 1 1 1 9 9 31 23 35 10 1 |1 1 1 1 1 4 1 5 1 1 15 2 1 15 1 1 |1 1 1 1 1 7 1 1 1 1 1 8 6 1 2 1 |1 1 4 1 1 1 1 9 1 1 12 1 1 2 1 14 |1 1 1 8 1 2 1 1 1 1 1 1 1 1 1 1 |4 1 3 1 1 1 7 1 1 1 1 1 5 1 8 4 |1 1 1 7 10 1 2 1 1 1 2 15 15 7 12 1 |
11620: 1 1 1 7 1 1 1 1 1 1 6 14 1 1 1 2 |1 1 12 1 1 1 1 1 1 2 1 1 1 13 49 59 |1 1 1 1 12 1 5 2 1 1 1 24 52 154 214 181 |1 1 16 7 8 4 1 1 17 13 3 136 238 220 179 73 |3 1 1 1 16 1 1 1 1 1 17 190 222 188 47 9 |1 7 1 1 1 5 1 1 1 9 9 31 23 35 10 1 |1 1 1 1 1 1 1 6 1 1 13 7 1 13 1 1 |1 1 1 2 1 1 1 1 1 1 1 1 1 1 1 1 |1 1 1 12 9 1 1 8 1 1 13 1 1 1 2 12 |1 1 1 7 1 1 9 1 1 1 4 9 1 8 1 9 |5 1 1 1 1 1 7 1 1 4 4 2 3 1 1 1 |1 10 1 8 8 1 1 1 3 1 11 16 6 1 3 17 |
11631: 1 1 1 7 1 1 1 1 1 1 6 14 1 1 1 2 |1 1 12 1 1 1 1 1 1 2 1 1 1 13 49 59 |1 1 1 1 12 1 5 2 1 1 1 24 52 154 214 181 |1 1 16 7 8 4 1 1 17 13 3 136 238 220 179 73 |3 1 1 1 16 1 1 1 1 1 17 190 222 188 47 9 |1 7 1 1 1 5 1 1 1 9 9 31 23 35 10 1 |1 1 1 1 1 1 1 6 1 1 13 7 1 13 1 1 |1 1 1 2 1 1 1 1 1 1 1 1 1 1 1 1 |1 1 1 12 9 1 1 8 1 1 13 1 1 1 2 12 |1 1 1 7 1 1 9 1 1 1 4 9 1 8 1 9 |5 1 1 1 1 1 7 1 1 4 4 2 3 1 1 1 |1 10 1 8 8 1 1 1 3 1 11 16 6 1 3 17 |
11642: 4 1 1 1 1 1 1 1 1 1 3 9 1 4 1 1 |1 1 1 1 1 1 1 1 1 1 1 1 9 25 52 58 |1 1 5 1 1 10 1 8 4 1 1 19 56 157 219 202 |8 1 35 25 36 28 1 1 26 27 25 143 236 221 187 78 |9 1 4 1 15 1 4 7 2 2 26 187 222 188 54 7 |1 1 1 1 1 4 1 1 5 9 9 24 15 35 9 2 |1 1 1 1 1 1 1 6 1 1 13 7 1 13 1 1 |1 1 1 2 1 1 1 1 1 1 1 1 1 1 1 1 |1 1 1 12 9 1 1 8 1 1 13 1 1 1 2 12 |1 1 1 7 1 1 9 1 1 1 4 9 1 8 1 9 |5 1 1 1 1 1 7 1 1 4 4 2 3 1 1 1 |1 10 1 8 8 1 1 1 3 1 11 16 6 1 3 17 |
11653: 4 1 1 1 1 1 1 1 1 1 3 9 1 4 1 1 |1 1 1 1 1 1 1 1 1 1 1 1 9 25 52 58 |1 1 5 1 1 10 1 8 4 1 1 19 56 157 219 202 |8 1 35 25 36 28 1 1 26 27 25 143 236 221 187 78 |9 1 4 1 15 1 4 7 2 2 26 187 222 188 54 7 |1 1 1 1 1 4 1 1 5 9 9 24 15 35 9 2 |1 1 1 1 1 5 1 6 1 1 13 9 1 15 1 7 |1 1 1 12 1 1 1 1 1 1 1 9 13 1 1 1 |1 1 3 2 1 1 1 1 1 1 6 1 1 1 1 1 |1 1 3 12 1 1 1 1 1 1 1 4 1 1 1 2 |1 1 7 1 1 1 1 1 1 1 1 8 9 1 1 1 |1 12 1 10 1 1 1 1 1 1 4 12 13 3 13 16 |
11664: 4 1 1 1 1 1 1 1 1 1 3 9 1 4 1 1 |1 1 1 1 1 1 1 1 1 1 1 1 9 25 52 58 |1 1 5 1 1 10 1 8 4 1 1 19 56 157 219 202 |8 1 35 25 36 28 1 1 26 27 25 143 236 221 187 78 |9 1 4 1 15 1 4 7 2 2 26 187 222 188 54 7 |1 1 1 1 1 4 1 1 5 9 9 24 15 35 9 2 |1 1 1 1 1 5 1 6 1 1 13 9 1 15 1 7 |1 1 1 12 1 1 1 1 1 1 1 9 13 1 1 1 |1 1 3 2 1 1 1 1 1 1 6 1 1 1 1 1 |1 1 3 12 1 1 1 1 1 1 1 4 1 1 1 2 |1 1 7 1 1 1 1 1 1 1 1 8 9 1 1 1 |1 12 1 10 1 1 1 1 1 1 4 12 13 3 13 16 |
11696: 4 1 1 1 1 1 1 1 1 1 3 9 1 4 1 1 |1 1 1 1 1 1 1 1 1 1 1 1 9 25 52 58 |1 1 5 1 1 10 1 8 4 1 1 19 56 157 219 202 |8 1 35 25 36 28 1 1 26 27 25 143 236 221 187 78 |9 1 4 1 15 1 4 7 2 2 26 187 222 188 54 7 |1 1 1 1 1 4 1 1 5 9 9 24 15 35 9 2 |1 1 1 1 1 5 1 6 1 1 13 9 1 15 1 7 |1 1 1 12 1 1 1 1 1 1 1 9 13 1 1 1 |1 1 3 2 1 1 1 1 1 1 6 1 1 1 1 1 |1 1 3 12 1 1 1 1 1 1 1 4 1 1 1 2 |1 1 7 1 1 1 1 1 1 1 1 8 9 1 1 1 |1 12 1 10 1 1 1 1 1 1 4 12 13 3 13 16 |
11707: 2 1 1 7 9 1 1 1 3 1 6 10 1 15 3 13 |1 1 2 1 12 1 1 1 1 5 1 9 8 12 48 60 |1 19 21 15 25 30 1 1 1 1 1 25 67 166 221 218 |6 7 4 1 1 13 9 4 17 7 19 142 235 224 195 93 |11 7 1 2 10 1 1 1 1 4 19 179 230 200 71 20 |1 9 1 5 9 8 2 7 3 10 18 36 30 25 3 1 |1 1 1 1 1 1 1 9 1 1 13 10 1 5 1 10 |1 1 1 12 1 1 1 1 1 1 1 9 13 1 1 1 |1 1 3 2 1 1 1 1 1 1 6 1 1 1 1 1 |1 1 3 12 1 1 1 1 1 1 1 4 1 1 1 2 |1 1 7 1 1 1 1 1 1 1 1 8 9 1 1 1 |1 12 1 10 1 1 1 1 1 1 4 12 13 3 13 16 |
11718: 2 1 1 7 9 1 1 1 3 1 6 10 1 15 3 13 |1 1 2 1 12 1 1 1 1 5 1 9 8 12 48 60 |1 19 21 15 25 30 1 1 1 1 1 25 67 166 221 218 |6 7 4 1 1 13 9 4 17 7 19 142 235 224 195 93 |11 7 1 2 10 1 1 1 1 4 19 179 230 200 71 20 |1 9 1 5 9 8 2 7 3 10 18 36 30 25 3 1 |1 1 1 1 1 1 1 9 1 1 13 10 1 5 1 10 |1 1 1 13 1 1 1 1 12 7 1 1 1 1 1 3 |1 1 1 14 10 1 1 8 1 1 11 1 1 5 2 2 |1 1 1 1 1 1 1 1 1 1 1 16 10 4 1 1 |5 1 3 1 1 1 1 1 1 1 1 1 1 1 1 2 |1 13 1 10 6 1 1 1 1 1 11 11 19 2 18 9 |
11729: 2 1 1 7 9 1 1 1 3 1 6 10 1 15 3 13 |1 1 2 1 12 1 1 1 1 5 1 9 8 12 48 60 |1 19 21 15 25 30 1 1 1 1 1 25 67 166 221 218 |6 7 4 1 1 13 9 4 17 7 19 142 235 224 195 93 |11 7 1 2 10 1 1 1 1 4 19 179 230 200 71 20 |1 9 1 5 9 8 2 7 3 10 18 36 30 25 3 1 |1 1 1 1 1 1 1 9 1 1 13 10 1 5 1 10 |1 1 1 13 1 1 1 1 12 7 1 1 1 1 1 3 |1 1 1 14 10 1 1 8 1 1 11 1 1 5 2 2 |1 1 1 1 1 1 1 1 1 1 1 16 10 4 1 1 |5 1 3 1 1 1 1 1 1 1 1 1 1 1 1 2 |1 13 1 10 6 1 1 1 1 1 11 11 19 2 18 9 |
11740: 4 1 1 6 1 1 2 1 1 1 6 14 1 3 1 1 |1 1 5 9 10 1 1 1 1 4 1 2 8 23 53 73 |10 10 15 5 12 15 7 14 9 1 6 13 62 157 207 212 |5 1 17 11 11 12 1 1 7 13 20 139 236 208 188 82 |1 1 1 1 14 1 9 8 1 1 20 172 221 197 65 11 |1 7 1 1 7 1 1 11 7 11 19 25 21 36 4 1 |1 1 1 1 1 1 1 1 1 1 13 6 1 17 1 1 |1 1 1 13 1 1 1 1 12 7 1 1 1 1 1 3 |1 1 1 14 10 1 1 8 1 1 11 1 1 5 2 2 |1 1 1 1 1 1 1 1 1 1 1 16 10 4 1 1 |5 1 3 1 1 1 1 1 1 1 1 1 1 1 1 2 |1 13 1 10 6 1 1 1 1 1 11 11 19 2 18 9 |
11751: 4 1 1 6 1 1 2 1 1 1 6 14 1 3 1 1 |1 1 5 9 10 1 1 1 1 4 1 2 8 23 53 73 |10 10 15 5 12 15 7 14 9 1 6 13 62 157 207 212 |5 1 17 11 11 12 1 1 7 13 20 139 236 208 188 82 |1 1 1 1 14 1 9 8 1 1 20 172 221 197 65 11 |1 7 1 1 7 1 1 11 7 11 19 25 21 36 4 1 |1 1 1 1 1 1 1 1 1 1 13 6 1 17 1 1 |1 1 1 13 1 5 1 1 1 2 1 1 13 1 2 1 |1 1 1 16 4 1 1 7 1 1 12 1 1 1 4 2 |1 1 1 10 1 1 1 1 1 1 1 10 1 3 1 1 |5 1 3 1 1 1 1 1 1 6 1 1 1 1 9 10 |1 12 1 1 3 1 1 1 1 2 4 15 9 1 18 9 |
11762: 4 1 1 6 1 1 2 1 1 1 6 14 1 3 1 1 |1 1 5 9 10 1 1 1 1 4 1 2 8 23 53 73 |10 10 15 5 12 15 7 14 9 1 6 13 62 157 207 212 |5 1 17 11 11 12 1 1 7 13 20 139 236 208 188 82 |1 1 1 1 14 1 9 8 1 1 20 172 221 197 65 11 |1 7 1 1 7 1 1 11 7 11 19 25 21 36 4 1 |1 1 1 1 1 1 1 1 1 1 13 6 1 17 1 1 |1 1 1 13 1 5 1 1 1 2 1 1 13 1 2 1 |1 1 1 16 4 1 1 7 1 1 12 1 1 1 4 2 |1 1 1 10 1 1 1 1 1 1 1 10 1 3 1 1 |5 1 3 1 1 1 1 1 1 6 1 1 1 1 9 10 |1 12 1 1 3 1 1 1 1 2 4 15 9 1 18 9 |
11773: 4 1 1 8 8 1 1 1 1 1 1 17 1 1 6 3 |1 1 9 13 1 6 2 1 1 5 1 1 8 23 50 76 |1 1 1 1 1 1 6 3 2 1 1 7 51 174 217 219 |10 1 11 7 1 14 1 1 13 5 5 135 231 226 198 96 |11 8 1 6 11 1 1 1 1 1 11 178 234 196 75 17 |1 1 3 7 9 5 1 10 2 8 10 33 22 38 5 1 |1 1 1 1 1 1 1 1 1 1 13 6 1 17 1 1 |1 1 1 13 1 5 1 1 1 2 1 1 13 1 2 1 |1 1 1 16 4 1 1 7 1 1 12 1 1 1 4 2 |1 1 1 10 1 1 1 1 1 1 1 10 1 3 1 1 |5 1 3 1 1 1 1 1 1 6 1 1 1 1 9 10 |1 12 1 1 3 1 1 1 1 2 4 15 9 1 18 9 |
11784: 4 1 1 8 8 1 1 1 1 1 1 17 1 1 6 3 |1 1 9 13 1 6 2 1 1 5 1 1 8 23 50 76 |1 1 1 1 1 1 6 3 2 1 1 7 51 174 217 219 |10 1 11 7 1 14 1 1 13 5 5 135 231 226 198 96 |11 8 1 6 11 1 1 1 1 1 11 178 234 196 75 17 |1 1 3 7 9 5 1 10 2 8 10 33 22 38 5 1 |1 1 1 1 1 1 1 7 1 1 11 7 2 9 1 1 |1 1 1 1 14 5 1 1 1 7 1 1 2 2 1 1 |1 1 1 2 1 1 1 6 1 1 7 1 1 2 3 4 |1 1 1 7 1 1 3 1 1 1 1 4 1 4 1 9 |4 1 8 1 1 1 1 1 1 1 5 2 3 9 1 1 |1 1 1 9 7 1 3 1 1 1 13 3 13 10 13 1 |
11795: 4 1 1 8 8 1 1 1 1 1 1 17 1 1 6 3 |1 1 9 13 1 6 2 1 1 5 1 1 8 23 50 76 |1 1 1 1 1 1 6 3 2 1 1 7 51 174 217 219 |10 1 11 7 1 14 1 1 13 5 5 135 231 226 198 96 |11 8 1 6 11 1 1 1 1 1 11 178 234 196 75 17 |1 1 3 7 9 5 1 10 2 8 10 33 22 38 5 1 |1 1 1 1 1 1 1 7 1 1 11 7 2 9 1 1 |1 1 1 1 14 5 1 1 1 7 1 1 2 2 1 1 |1 1 1 2 1 1 1 6 1 1 7 1 1 2 3 4 |1 1 1 7 1 1 3 1 1 1 1 4 1 4 1 9 |4 1 8 1 1 1 1 1 1 1 5 2 3 9 1 1 |1 1 1 9 7 1 3 1 1 1 13 3 13 10 13 1 |
11806: 1 1 1 2 8 1 1 1 1 1 5 12 1 1 1 12 |1 1 2 5 14 1 1 1 1 2 1 6 4 20 54 73 |1 1 1 1 1 1 2 5 1 2 3 4 46 161 210 225 |15 2 7 14 1 21 1 11 10 14 11 132 234 229 206 95 |12 7 5 1 15 1 4 4 2 1 28 179 230 205 71 16 |1 1 1 4 9 5 1 13 9 9 4 27 29 27 2 1 |1 1 1 1 1 1 1 7 1 1 11 7 2 9 1 1 |1 1 1 1 14 5 1 1 1 7 1 1 2 2 1 1 |1 1 1 2 1 1 1 6 1 1 7 1 1 2 3 4 |1 1 1 7 1 1 3 1 1 1 1 4 1 4 1 9 |4 1 8 1 1 1 1 1 1 1 5 2 3 9 1 1 |1 1 1 9 7 1 3 1 1 1 13 3 13 10 13 1 |
11817: 1 1 1 2 8 1 1 1 1 1 5 12 1 1 1 12 |1 1 2 5 14 1 1 1 1 2 1 6 4 20 54 73 |1 1 1 1 1 1 2 5 1 2 3 4 46 161 210 225 |15 2 7 14 1 21 1 11 10 14 11 132 234 229 206 95 |12 7 5 1 15 1 4 4 2 1 28 179 230 205 71 16 |1 1 1 4 9 5 1 13 9 9 4 27 29 27 2 1 |1 1 1 1 1 1 1 6 1 1 12 7 2 14 1 8 |1 1 1 12 6 1 1 1 1 1 1 1 2 1 1 1 |1 1 1 9 1 1 1 9 1 1 13 1 1 1 7 8 |1 1 1 1 1 2 1 1 1 1 6 11 11 15 1 8 |6 1 1 1 1 1 1 1 1 1 1 1 3 1 8 11 |1 6 1 2 4 1 1 1 1 1 6 16 7 1 16 7 |
11828: 1 1 1 2 8 1 1 1 1 1 5 12 1 1 1 12 |1 1 2 5 14 1 1 1 1 2 1 6 4 20 54 73 |1 1 1 1 1 1 2 5 1 2 3 4 46 161 210 225 |15 2 7 14 1 21 1 11 10 14 11 132 234 229 206 95 |12 7 5 1 15 1 4 4 2 1 28 179 230 205 71 16 |1 1 1 4 9 5 1 13 9 9 4 27 29 27 2 1 |1 1 1 1 1 1 1 6 1 1 12 7 2 14 1 8 |1 1 1 12 6 1 1 1 1 1 1 1 2 1 1 1 |1 1 1 9 1 1 1 9 1 1 13 1 1 1 7 8 |1 1 1 1 1 2 1 1 1 1 6 11 11 15 1 8 |6 1 1 1 1 1 1 1 1 1 1 1 3 1 8 11 |1 6 1 2 4 1 1 1 1 1 6 16 7 1 16 7 |
11839: 1 1 1 1 9 1 1 1 1 1 7 10 1 5 1 1 |1 1 7 7 10 1 1 1 1 5 1 6 2 24 50 79 |1 1 1 1 1 4 5 1 1 2 8 16 42 164 226 221 |7 3 7 1 10 4 1 1 15 15 17 135 236 229 202 99 |4 5 1 6 14 3 1 1 1 4 26 176 230 206 85 29 |1 2 1 1 8 1 1 10 1 8 17 32 36 37 3 1 |1 1 1 1 1 1 1 6 1 1 12 2 1 15 1 11 |1 1 1 12 6 1 1 1 1 1 1 1 2 1 1 1 |1 1 1 9 1 1 1 9 1 1 13 1 1 1 7 8 |1 1 1 1 1 2 1 1 1 1 6 11 11 15 1 8 |6 1 1 1 1 1 1 1 1 1 1 1 3 1 8 11 |1 6 1 2 4 1 1 1 1 1 6 16 7 1 16 7 |
11850: 1 1 1 1 9 1 1 1 1 1 7 10 1 5 1 1 |1 1 7 7 10 1 1 1 1 5 1 6 2 24 50 79 |1 1 1 1 1 4 5 1 1 2 8 16 42 164 226 221 |7 3 7 1 10 4 1 1 15 15 17 135 236 229 202 99 |4 5 1 6 14 3 1 1 1 4 26 176 230 206 85 29 |1 2 1 1 8 1 1 10 1 8 17 32 36 37 3 1 |1 1 1 1 1 1 1 6 1 1 12 2 1 15 1 11 |1 1 1 12 2 1 1 1 1 9 1 6 13 1 1 1 |1 1 3 1 2 1 1 10 1 1 8 1 1 1 1 3 |1 1 1 6 1 1 6 1 1 1 1 1 11 9 1 9 |6 1 1 1 1 1 1 1 1 1 1 1 1 1 1 1 |1 12 1 8 1 1 3 1 1 1 14 7 1 8 12 16 |
11861: 1 1 1 1 9 1 1 1 1 1 7 10 1 5 1 1 |1 1 7 7 10 1 1 1 1 5 1 6 2 24 50 79 |1 1 1 1 1 4 5 1 1 2 8 16 42 164 226 221 |7 3 7 1 10 4 1 1 15 15 17 135 236 229 202 99 |4 5 1 6 14 3 1 1 1 4 26 176 230 206 85 29 |1 2 1 1 8 1 1 10 1 8 17 32 36 37 3 1 |1 1 1 1 1 1 1 6 1 1 12 2 1 15 1 11 |1 1 1 12 2 1 1 1 1 9 1 6 13 1 1 1 |1 1 3 1 2 1 1 10 1 1 8 1 1 1 1 3 |1 1 1 6 1 1 6 1 1 1 1 1 11 9 1 9 |6 1 1 1 1 1 1 1 1 1 1 1 1 1 1 1 |1 12 1 8 1 1 3 1 1 1 14 7 1 8 12 16 |
11872: 5 1 1 4 1 1 1 1 1 1 5 10 1 8 1 9 |1 1 8 7 1 1 2 1 1 3 1 8 1 24 52 76 |8 1 4 1 1 6 6 6 6 1 9 11 53 164 221 217 |10 8 22 2 1 1 1 1 1 1 1 130 231 228 191 105 |4 2 2 1 4 5 1 1 2 1 23 172 227 214 73 15 |1 5 1 1 1 4 1 1 2 1 5 24 27 25 1 1 |1 1 1 1 1 4 1 6 1 1 9 10 1 17 1 7 |1 1 1 12 2 1 1 1 1 9 1 6 13 1 1 1 |1 1 3 1 2 1 1 10 1 1 8 1 1 1 1 3 |1 1 1 6 1 1 6 1 1 1 1 1 11 9 1 9 |6 1 1 1 1 1 1 1 1 1 1 1 1 1 1 1 |1 12 1 8 1 1 3 1 1 1 14 7 1 8 12 16 |
11883: 5 1 1 4 1 1 1 1 1 1 5 10 1 8 1 9 |1 1 8 7 1 1 2 1 1 3 1 8 1 24 52 76 |8 1 4 1 1 6 6 6 6 1 9 11 53 164 221 217 |10 8 22 2 1 1 1 1 1 1 1 130 231 228 191 105 |4 2 2 1 4 5 1 1 2 1 23 172 227 214 73 15 |1 5 1 1 1 4 1 1 2 1 5 24 27 25 1 1 |1 1 1 1 1 4 1 6 1 1 9 10 1 17 1 7 |1 1 1 13 1 1 1 1 1 1 1 1 2 1 1 1 |1 1 1 1 1 1 1 9 1 1 10 1 1 1 8 7 |1 1 1 9 1 1 1 1 1 1 3 1 1 4 1 8 |6 1 1 1 1 1 1 1 1 1 1 1 3 1 12 4 |1 7 1 5 1 1 1 1 1 1 14 8 6 10 20 15 |
11894: 5 1 1 4 1 1 1 1 1 1 5 10 1 8 1 9 |1 1 8 7 1 1 2 1 1 3 1 8 1 24 52 76 |8 1 4 1 1 6 6 6 6 1 9 11 53 164 221 217 |10 8 22 2 1 1 1 1 1 1 1 130 231 228 191 105 |4 2 2 1 4 5 1 1 2 1 23 172 227 214 73 15 |1 5 1 1 1 4 1 1 2 1 5 24 27 25 1 1 |1 1 1 1 1 4 1 6 1 1 9 10 1 17 1 7 |1 1 1 13 1 1 1 1 1 1 1 1 2 1 1 1 |1 1 1 1 1 1 1 9 1 1 10 1 1 1 8 7 |1 1 1 9 1 1 1 1 1 1 3 1 1 4 1 8 |6 1 1 1 1 1 1 1 1 1 1 1 3 1 12 4 |1 7 1 5 1 1 1 1 1 1 14 8 6 10 20 15 |
11905: 7 1 1 8 1 1 3 1 1 1 1 14 1 3 1 1 |1 3 4 14 9 1 1 1 1 1 1 7 9 18 56 75 |7 7 6 10 16 8 3 1 1 1 1 24 53 162 212 218 |7 1 15 1 3 19 3 1 9 16 18 140 232 228 213 108 |19 14 5 1 7 1 6 10 2 5 13 180 229 208 73 18 |1 1 1 1 1 6 1 11 1 4 18 41 28 28 1 1 |1 1 1 1 1 4 1 6 1 1 9 10 1 17 1 7 |1 1 1 13 1 1 1 1 1 1 1 1 2 1 1 1 |1 1 1 1 1 1 1 9 1 1 10 1 1 1 8 7 |1 1 1 9 1 1 1 1 1 1 3 1 1 4 1 8 |6 1 1 1 1 1 1 1 1 1 1 1 3 1 12 4 |1 7 1 5 1 1 1 1 1 1 14 8 6 10 20 15 |
11916: 7 1 1 8 1 1 3 1 1 1 1 14 1 3 1 1 |1 3 4 14 9 1 1 1 1 1 1 7 9 18 56 75 |7 7 6 10 16 8 3 1 1 1 1 24 53 162 212 218 |7 1 15 1 3 19 3 1 9 16 18 140 232 228 213 108 |19 14 5 1 7 1 6 10 2 5 13 180 229 208 73 18 |1 1 1 1 1 6 1 11 1 4 18 41 28 28 1 1 |1 1 1 1 1 1 1 6 1 1 13 9 3 11 1 9 |1 1 1 11 10 1 1 1 1 1 1 8 8 1 1 1 |1 1 1 13 2 1 1 1 1 1 14 1 1 1 4 3 |1 1 1 9 1 2 2 1 1 1 1 8 1 2 1 1 |6 1 7 1 1 2 1 1 1 1 1 1 5 1 1 4 |1 7 1 6 9 1 4 1 1 1 1 16 16 1 14 8 |
11927: 7 1 1 8 1 1 3 1 1 1 1 14 1 3 1 1 |1 3 4 14 9 1 1 1 1 1 1 7 9 18 56 75 |7 7 6 10 16 8 3 1 1 1 1 24 53 162 212 218 |7 1 15 1 3 19 3 1 9 16 18 140 232 228 213 108 |19 14 5 1 7 1 6 10 2 5 13 180 229 208 73 18 |1 1 1 1 1 6 1 11 1 4 18 41 28 28 1 1 |1 1 1 1 1 1 1 6 1 1 13 9 3 11 1 9 |1 1 1 11 10 1 1 1 1 1 1 8 8 1 1 1 |1 1 1 13 2 1 1 1 1 1 14 1 1 1 4 3 |1 1 1 9 1 2 2 1 1 1 1 8 1 2 1 1 |6 1 7 1 1 2 1 1 1 1 1 1 5 1 1 4 |1 7 1 6 9 1 4 1 1 1 1 16 16 1 14 8 |
11938: 2 1 1 5 3 1 1 1 1 1 6 13 1 1 1 1 |1 1 1 1 11 1 1 1 1 4 1 1 5 24 52 80 |7 3 4 1 7 31 1 9 1 1 1 1 59 171 228 238 |2 4 5 7 8 1 2 1 6 14 17 119 234 225 202 107 |13 1 1 1 15 6 6 14 16 12 29 172 220 212 78 18 |1 3 1 3 9 3 1 11 3 10 18 20 33 32 5 1 |1 1 1 1 2 1 1 6 1 1 9 11 1 14 1 7 |1 1 1 12 1 1 1 1 1 1 1 1 6 1 1 1 |1 1 1 13 2 1 1 1 1 1 14 1 1 1 4 3 |1 1 1 9 1 2 2 1 1 1 1 8 1 2 1 1 |6 1 7 1 1 2 1 1 1 1 1 1 5 1 1 4 |1 7 1 6 9 1 4 1 1 1 1 16 16 1 14 8 |
11949: 2 1 1 5 3 1 1 1 1 1 6 13 1 1 1 1 |1 1 1 1 11 1 1 1 1 4 1 1 5 24 52 80 |7 3 4 1 7 31 1 9 1 1 1 1 59 171 228 238 |2 4 5 7 8 1 2 1 6 14 17 119 234 225 202 107 |13 1 1 1 15 6 6 14 16 12 29 172 220 212 78 18 |1 3 1 3 9 3 1 11 3 10 18 20 33 32 5 1 |1 1 1 1 2 1 1 6 1 1 9 11 1 14 1 7 |1 1 1 12 1 1 1 1 1 1 1 1 6 1 1 1 |1 1 1 5 1 1 1 9 1 1 6 1 1 1 4 1 |1 1 1 10 1 1 8 1 1 1 5 8 10 10 1 9 |1 1 7 1 1 1 1 1 1 1 1 1 1 1 1 1 |1 6 1 2 1 1 2 1 1 1 10 16 2 10 11 2 |
11960: 5 1 1 7 5 1 2 1 1 1 7 11 1 9 3 1 |1 1 1 1 11 1 1 1 1 4 1 1 5 24 52 80 |7 3 4 1 7 31 1 9 1 1 1 1 59 171 228 238 |2 4 5 7 8 1 2 1 6 14 17 119 234 225 202 107 |13 1 1 1 15 6 6 14 16 12 29 172 220 212 78 18 |1 3 1 3 9 3 1 11 3 10 18 20 33 32 5 1 |1 1 1 1 2 1 1 6 1 1 9 11 1 14 1 7 |1 1 1 12 1 1 1 1 1 1 1 1 6 1 1 1 |1 1 1 5 1 1 1 9 1 1 6 1 1 1 4 1 |1 1 1 10 1 1 8 1 1 1 5 8 10 10 1 9 |1 1 7 1 1 1 1 1 1 1 1 1 1 1 1 1 |1 6 1 2 1 1 2 1 1 1 10 16 2 10 11 2 |
11971: 5 1 1 7 5 1 2 1 1 1 7 11 1 9 3 1 |1 2 11 12 12 1 1 1 1 5 1 8 1 24 53 75 |1 1 1 1 1 12 6 1 3 1 1 16 58 163 213 214 |7 14 12 3 6 4 1 5 18 14 18 134 234 230 205 99 |1 1 1 1 23 10 5 6 1 1 33 178 229 214 82 17 |1 9 1 1 1 1 1 2 1 3 19 38 24 29 3 1 |1 1 1 1 1 1 1 2 1 1 14 9 1 16 1 8 |1 1 1 1 1 1 1 1 1 2 1 8 8 1 1 1 |1 1 2 9 7 1 1 8 1 1 13 1 1 1 9 8 |1 1 1 10 1 1 8 1 1 1 5 8 10 10 1 9 |1 1 7 1 1 1 1 1 1 1 1 1 1 1 1 1 |1 6 1 2 1 1 2 1 1 1 10 16 2 10 11 2 |
11982: 5 1 1 7 5 1 2 1 1 1 7 11 1 9 3 1 |1 2 11 12 12 1 1 1 1 5 1 8 1 24 53 75 |1 1 1 1 1 12 6 1 3 1 1 16 58 163 213 214 |7 14 12 3 6 4 1 5 18 14 18 134 234 230 205 99 |1 1 1 1 23 10 5 6 1 1 33 178 229 214 82 17 |1 9 1 1 1 1 1 2 1 3 19 38 24 29 3 1 |1 1 1 1 1 1 1 2 1 1 14 9 1 16 1 8 |1 1 1 1 1 1 1 1 1 2 1 8 8 1 1 1 |1 1 2 9 7 1 1 8 1 1 13 1 1 1 9 8 |1 1 1 10 1 1 7 1 1 1 4 1 10 10 1 9 |5 1 1 1 1 1 1 1 1 1 1 10 4 1 1 1 |1 4 1 1 1 1 1 1 1 2 4 2 1 9 17 8 |
11993: 1 1 1 6 1 1 2 1 1 1 10 8 1 6 4 1 |1 4 11 6 3 1 1 1 1 1 1 1 9 21 52 77 |1 1 1 1 1 12 6 1 3 1 1 16 58 163 213 214 |7 14 12 3 6 4 1 5 18 14 18 134 234 230 205 99 |1 1 1 1 23 10 5 6 1 1 33 178 229 214 82 17 |1 9 1 1 1 1 1 2 1 3 19 38 24 29 3 1 |1 1 1 1 1 1 1 2 1 1 14 9 1 16 1 8 |1 1 1 1 1 1 1 1 1 2 1 8 8 1 1 1 |1 1 2 9 7 1 1 8 1 1 13 1 1 1 9 8 |1 1 1 10 1 1 7 1 1 1 4 1 10 10 1 9 |5 1 1 1 1 1 1 1 1 1 1 10 4 1 1 1 |1 4 1 1 1 1 1 1 1 2 4 2 1 9 17 8 |
12004: 1 1 1 6 1 1 2 1 1 1 10 8 1 6 4 1 |1 4 11 6 3 1 1 1 1 1 1 1 9 21 52 77 |1 1 4 1 1 1 4 11 1 1 6 20 39 153 219 220 |1 6 16 4 8 10 6 1 1 1 1 114 252 249 193 96 |8 3 1 7 12 1 4 1 21 4 29 184 227 213 73 2 |1 1 1 1 7 5 1 8 11 8 19 41 28 26 9 1 |1 1 1 1 1 5 1 2 1 1 10 9 1 15 1 7 |1 1 1 11 4 2 1 1 1 6 1 1 5 2 1 1 |1 1 2 9 7 1 1 8 1 1 13 1 1 1 9 8 |1 1 1 10 1 1 7 1 1 1 4 1 10 10 1 9 |5 1 1 1 1 1 1 1 1 1 1 10 4 1 1 1 |1 4 1 1 1 1 1 1 1 2 4 2 1 9 17 8 |
12015: 1 1 1 6 1 1 2 1 1 1 10 8 1 6 4 1 |1 4 11 6 3 1 1 1 1 1 1 1 9 21 52 77 |1 1 4 1 1 1 4 11 1 1 6 20 39 153 219 220 |1 6 16 4 8 10 6 1 1 1 1 114 252 249 193 96 |8 3 1 7 12 1 4 1 21 4 29 184 227 213 73 2 |1 1 1 1 7 5 1 8 11 8 19 41 28 26 9 1 |1 1 1 1 1 5 1 2 1 1 10 9 1 15 1 7 |1 1 1 11 4 2 1 1 1 6 1 1 5 2 1 1 |1 1 1 1 8 1 1 1 1 1 7 1 1 3 1 2 |1 1 1 9 1 1 1 1 1 1 3 2 1 1 1 11 |6 1 1 1 1 1 6 1 1 1 1 1 3 1 1 17 |1 1 1 7 10 1 1 2 1 1 7 14 11 7 18 11 |
12026: 4 1 1 3 1 1 1 1 1 1 8 16 1 1 1 5 |1 4 11 6 3 1 1 1 1 1 1 1 9 21 52 77 |1 1 4 1 1 1 4 11 1 1 6 20 39 153 219 220 |1 6 16 4 8 10 6 1 1 1 1 114 252 249 193 96 |8 3 1 7 12 1 4 1 21 4 29 184 227 213 73 2 |1 1 1 1 7 5 1 8 11 8 19 41 28 26 9 1 |1 1 1 1 1 5 1 2 1 1 10 9 1 15 1 7 |1 1 1 11 4 2 1 1 1 6 1 1 5 2 1 1 |1 1 1 1 8 1 1 1 1 1 7 1 1 3 1 2 |1 1 1 9 1 1 1 1 1 1 3 2 1 1 1 11 |6 1 1 1 1 1 6 1 1 1 1 1 3 1 1 17 |1 1 1 7 10 1 1 2 1 1 7 14 11 7 18 11 |
12037: 4 1 1 3 1 1 1 1 1 1 8 16 1 1 1 5 |1 1 1 1 7 1 1 1 1 3 1 8 8 20 53 84 |1 2 4 5 1 6 1 1 1 1 6 16 48 163 222 227 |10 4 13 5 3 7 1 1 15 16 21 128 228 214 201 103 |12 1 1 1 15 1 1 5 2 1 25 178 225 205 74 17 |1 1 1 6 7 1 1 1 1 7 4 34 34 32 1 1 |1 1 1 1 1 1 1 5 1 1 11 7 2 14 1 7 |1 1 4 3 1 1 1 1 1 2 1 9 11 1 1 1 |1 1 1 1 8 1 1 1 1 1 7 1 1 3 1 2 |1 1 1 9 1 1 1 1 1 1 3 2 1 1 1 11 |6 1 1 1 1 1 6 1 1 1 1 1 3 1 1 17 |1 1 1 7 10 1 1 2 1 1 7 14 11 7 18 11 |
12048: 4 1 1 3 1 1 1 1 1 1 8 16 1 1 1 5 |1 1 1 1 7 1 1 1 1 3 1 8 8 20 53 84 |1 2 4 5 1 6 1 1 1 1 6 16 48 163 222 227 |10 4 13 5 3 7 1 1 15 16 21 128 228 214 201 103 |12 1 1 1 15 1 1 5 2 1 25 178 225 205 74 17 |1 1 1 6 7 1 1 1 1 7 4 34 34 32 1 1 |1 1 1 1 1 1 1 5 1 1 11 7 2 14 1 7 |1 1 4 3 1 1 1 1 1 2 1 9 11 1 1 1 |1 1 1 3 1 1 1 2 1 1 12 1 1 2 1 14 |1 1 1 1 1 1 1 1 1 1 1 10 11 11 1 9 |3 1 2 1 1 1 1 1 1 1 1 1 1 1 1 3 |1 6 1 7 1 1 1 1 1 1 12 6 1 11 18 4 |
12059: 1 1 1 10 1 1 1 1 1 1 3 15 1 2 1 1 |1 1 1 1 7 1 1 1 1 3 1 8 8 20 53 84 |1 2 4 5 1 6 1 1 1 1 6 16 48 163 222 227 |10 4 13 5 3 7 1 1 15 16 21 128 228 214 201 103 |12 1 1 1 15 1 1 5 2 1 25 178 225 205 74 17 |1 1 1 6 7 1 1 1 1 7 4 34 34 32 1 1 |1 1 1 1 1 1 1 5 1 1 11 7 2 14 1 7 |1 1 4 3 1 1 1 1 1 2 1 9 11 1 1 1 |1 1 1 3 1 1 1 2 1 1 12 1 1 2 1 14 |1 1 1 1 1 1 1 1 1 1 1 10 11 11 1 9 |3 1 2 1 1 1 1 1 1 1 1 1 1 1 1 3 |1 6 1 7 1 1 1 1 1 1 12 6 1 11 18 4 |
12069: 1 1 1 10 1 1 1 1 1 1 3 15 1 2 1 1 |1 1 12 10 12 1 3 1 1 1 1 1 1 23 55 67 |1 1 1 6 1 3 1 2 1 1 1 20 52 159 218 235 |9 1 1 11 10 9 1 1 16 3 11 110 215 214 216 108 |15 1 2 1 15 6 1 1 1 1 24 178 221 208 81 10 |1 1 1 3 1 6 3 9 1 4 15 25 39 37 1 1 |1 1 1 1 1 5 1 5 1 1 12 8 1 16 1 6 |1 1 1 12 1 1 1 1 1 7 1 7 8 1 1 1 |1 1 1 3 1 1 1 2 1 1 12 1 1 2 1 14 |1 1 1 1 1 1 1 1 1 1 1 10 11 11 1 9 |3 1 2 1 1 1 1 1 1 1 1 1 1 1 1 3 |1 6 1 7 1 1 1 1 1 1 12 6 1 11 18 4 |
12080: 1 1 1 10 1 1 1 1 1 1 3 15 1 2 1 1 |1 1 12 10 12 1 3 1 1 1 1 1 1 23 55 67 |1 1 1 6 1 3 1 2 1 1 1 20 52 159 218 235 |9 1 1 11 10 9 1 1 16 3 11 110 215 214 216 108 |15 1 2 1 15 6 1 1 1 1 24 178 221 208 81 10 |1 1 1 3 1 6 3 9 1 4 15 25 39 37 1 1 |1 1 1 1 1 5 1 5 1 1 12 8 1 16 1 6 |1 1 1 12 1 1 1 1 1 7 1 7 8 1 1 1 |1 1 1 1 4 1 1 10 1 1 7 1 1 2 1 4 |1 1 1 1 1 1 1 1 1 1 1 2 1 6 1 10 |4 1 8 1 1 1 13 1 1 1 2 2 1 1 1 3 |1 8 1 1 9 1 1 1 1 1 15 13 6 1 18 9 |
12091: 1 1 1 10 1 1 1 1 1 1 3 15 1 2 1 1 |1 1 12 10 12 1 3 1 1 1 1 1 1 23 55 67 |1 1 1 6 1 3 1 2 1 1 1 20 52 159 218 235 |9 1 1 11 10 9 1 1 16 3 11 110 215 214 216 108 |15 1 2 1 15 6 1 1 1 1 24 178 221 208 81 10 |1 1 1 3 1 6 3 9 1 4 15 25 39 37 1 1 |1 1 1 1 1 5 1 5 1 1 12 8 1 16 1 6 |1 1 1 12 1 1 1 1 1 7 1 7 8 1 1 1 |1 1 1 1 4 1 1 10 1 1 7 1 1 2 1 4 |1 1 1 1 1 1 1 1 1 1 1 2 1 6 1 10 |4 1 8 1 1 1 13 1 1 1 2 2 1 1 1 3 |1 8 1 1 9 1 1 1 1 1 15 13 6 1 18 9 |
12102: 4 1 1 4 8 1 1 1 3 1 7 10 1 8 1 8 |1 5 12 5 12 1 1 1 1 1 1 5 7 14 48 65 |1 1 1 1 1 2 1 1 1 1 8 19 56 160 221 228 |1 4 4 1 10 7 1 8 14 9 4 130 235 225 212 108 |11 6 2 7 12 1 1 3 4 8 25 179 237 225 84 12 |1 6 1 1 10 6 2 11 4 6 20 40 33 30 5 1 |1 1 1 1 1 4 1 1 1 1 11 10 1 3 1 1 |1 1 1 12 1 1 1 1 1 7 1 7 8 1 1 1 |1 1 1 1 4 1 1 10 1 1 7 1 1 2 1 4 |1 1 1 1 1 1 1 1 1 1 1 2 1 6 1 10 |4 1 8 1 1 1 13 1 1 1 2 2 1 1 1 3 |1 8 1 1 9 1 1 1 1 1 15 13 6 1 18 9 |
12113: 4 1 1 4 8 1 1 1 3 1 7 10 1 8 1 8 |1 5 12 5 12 1 1 1 1 1 1 5 7 14 48 65 |1 1 1 1 1 2 1 1 1 1 8 19 56 160 221 228 |1 4 4 1 10 7 1 8 14 9 4 130 235 225 212 108 |11 6 2 7 12 1 1 3 4 8 25 179 237 225 84 12 |1 6 1 1 10 6 2 11 4 6 20 40 33 30 5 1 |1 1 1 1 1 4 1 1 1 1 11 10 1 3 1 1 |1 1 1 12 1 13 1 1 1 7 1 1 1 1 1 1 |1 1 7 7 1 1 1 6 1 1 12 1 1 2 4 1 |1 1 1 7 1 1 1 3 1 1 1 8 12 13 1 9 |3 1 9 1 1 1 7 1 1 1 5 1 1 1 1 2 |1 1 1 1 9 1 1 2 1 1 3 18 8 1 3 16 |
12124: 4 1 1 4 8 1 1 1 3 1 7 10 1 8 1 8 |1 5 12 5 12 1 1 1 1 1 1 5 7 14 48 65 |1 1 1 1 1 2 1 1 1 1 8 19 56 160 221 228 |1 4 4 1 10 7 1 8 14 9 4 130 235 225 212 108 |11 6 2 7 12 1 1 3 4 8 25 179 237 225 84 12 |1 6 1 1 10 6 2 11 4 6 20 40 33 30 5 1 |1 1 1 1 1 4 1 1 1 1 11 10 1 3 1 1 |1 1 1 12 1 13 1 1 1 7 1 1 1 1 1 1 |1 1 7 7 1 1 1 6 1 1 12 1 1 2 4 1 |1 1 1 7 1 1 1 3 1 1 1 8 12 13 1 9 |3 1 9 1 1 1 7 1 1 1 5 1 1 1 1 2 |1 1 1 1 9 1 1 2 1 1 3 18 8 1 3 16 |
12135: 8 1 1 3 1 1 1 1 1 1 8 13 1 1 5 1 |1 3 11 5 1 1 1 1 1 1 1 6 9 16 40 74 |6 1 1 1 1 7 2 1 3 1 11 11 40 158 206 230 |9 18 1 3 9 4 1 1 15 12 7 126 218 226 213 113 |15 1 5 1 9 8 1 1 3 1 13 184 232 217 93 15 |1 3 3 7 8 6 1 10 6 6 19 40 36 30 1 1 |1 1 1 1 1 4 1 2 1 1 9 9 1 8 1 6 |1 1 1 12 1 13 1 1 1 7 1 1 1 1 1 1 |1 1 7 7 1 1 1 6 1 1 12 1 1 2 4 1 |1 1 1 7 1 1 1 3 1 1 1 8 12 13 1 9 |3 1 9 1 1 1 7 1 1 1 5 1 1 1 1 2 |1 1 1 1 9 1 1 2 1 1 3 18 8 1 3 16 |
12146: 8 1 1 3 1 1 1 1 1 1 8 13 1 1 5 1 |1 3 11 5 1 1 1 1 1 1 1 6 9 16 40 74 |6 1 1 1 1 7 2 1 3 1 11 11 40 158 206 230 |9 18 1 3 9 4 1 1 15 12 7 126 218 226 213 113 |15 1 5 1 9 8 1 1 3 1 13 184 232 217 93 15 |1 3 3 7 8 6 1 10 6 6 19 40 36 30 1 1 |1 1 1 1 1 4 1 2 1 1 9 9 1 8 1 6 |1 1 1 1 4 1 1 1 1 3 1 9 9 1 1 1 |1 1 1 1 1 1 1 10 1 1 12 1 1 1 4 2 |1 1 1 7 2 1 1 1 1 1 4 11 1 8 1 10 |5 1 1 1 1 1 3 1 1 1 1 1 4 1 9 16 |1 1 1 7 9 1 1 1 1 3 7 3 1 8 14 1 |
12157: 8 1 1 3 1 1 1 1 1 1 8 13 1 1 5 1 |1 3 11 5 1 1 1 1 1 1 1 6 9 16 40 74 |6 1 1 1 1 7 2 1 3 1 11 11 40 158 206 230 |9 18 1 3 9 4 1 1 15 12 7 126 218 226 213 113 |15 1 5 1 9 8 1 1 3 1 13 184 232 217 93 15 |1 3 3 7 8 6 1 10 6 6 19 40 36 30 1 1 |1 1 1 1 1 4 1 2 1 1 9 9 1 8 1 6 |1 1 1 1 4 1 1 1 1 3 1 9 9 1 1 1 |1 1 1 1 1 1 1 10 1 1 12 1 1 1 4 2 |1 1 1 7 2 1 1 1 1 1 4 11 1 8 1 10 |5 1 1 1 1 1 3 1 1 1 1 1 4 1 9 16 |1 1 1 7 9 1 1 1 1 3 7 3 1 8 14 1 |
12168: 1 1 1 8 1 1 1 1 2 1 7 15 1 2 6 6 |1 1 14 1 13 1 1 1 1 3 1 8 9 22 34 72 |1 2 1 1 2 2 8 1 1 1 9 20 40 152 215 222 |9 14 20 10 5 1 1 1 16 4 9 114 221 224 216 113 |1 1 1 1 14 7 1 10 1 6 26 178 222 222 98 18 |1 2 1 3 9 9 4 4 1 12 20 39 42 43 17 1 |1 1 1 1 1 4 1 2 1 1 9 9 1 8 1 6 |1 1 1 1 4 1 1 1 1 3 1 9 9 1 1 1 |1 1 1 1 1 1 1 10 1 1 12 1 1 1 4 2 |1 1 1 7 2 1 1 1 1 1 4 11 1 8 1 10 |5 1 1 1 1 1 3 1 1 1 1 1 4 1 9 16 |1 1 1 7 9 1 1 1 1 3 7 3 1 8 14 1 |
12179: 1 1 1 8 1 1 1 1 2 1 7 15 1 2 6 6 |1 1 14 1 13 1 1 1 1 3 1 8 9 22 34 72 |1 2 1 1 2 2 8 1 1 1 9 20 40 152 215 222 |9 14 20 10 5 1 1 1 16 4 9 114 221 224 216 113 |1 1 1 1 14 7 1 10 1 6 26 178 222 222 98 18 |1 2 1 3 9 9 4 4 1 12 20 39 42 43 17 1 |1 1 1 1 1 1 1 5 1 1 14 7 1 15 1 1 |1 1 1 1 1 1 1 1 1 1 1 8 13 1 1 1 |2 1 1 1 1 1 1 9 1 1 5 1 1 2 8 13 |1 1 1 9 1 1 1 1 1 1 1 2 1 4 1 8 |5 1 1 1 1 1 4 1 1 1 1 1 1 1 1 1 |1 12 1 8 3 1 1 1 3 1 11 16 3 1 4 15 |
12190: 5 1 1 9 1 1 1 1 1 1 5 12 1 8 2 1 |1 1 14 1 13 1 1 1 1 3 1 8 9 22 34 72 |1 2 1 1 2 2 8 1 1 1 9 20 40 152 215 222 |9 14 20 10 5 1 1 1 16 4 9 114 221 224 216 113 |1 1 1 1 14 7 1 10 1 6 26 178 222 222 98 18 |1 2 1 3 9 9 4 4 1 12 20 39 42 43 17 1 |1 1 1 1 1 1 1 5 1 1 14 7 1 15 1 1 |1 1 1 1 1 1 1 1 1 1 1 8 13 1 1 1 |2 1 1 1 1 1 1 9 1 1 5 1 1 2 8 13 |1 1 1 9 1 1 1 1 1 1 1 2 1 4 1 8 |5 1 1 1 1 1 4 1 1 1 1 1 1 1 1 1 |1 12 1 8 3 1 1 1 3 1 11 16 3 1 4 15 |
12201: 5 1 1 9 1 1 1 1 1 1 5 12 1 8 2 1 |1 1 12 6 4 1 1 1 1 3 1 1 1 16 42 53 |1 1 4 1 4 14 9 1 2 1 16 9 50 123 203 223 |8 6 7 10 6 17 19 18 28 23 30 109 210 231 206 125 |4 1 4 1 13 6 3 7 5 1 9 158 236 235 113 17 |1 1 1 1 1 6 4 12 1 8 19 42 56 43 17 2 |1 1 1 1 1 1 1 5 1 1 15 8 1 15 1 8 |1 1 1 12 1 1 1 1 7 1 1 6 7 1 1 1 |2 1 1 1 1 1 1 9 1 1 5 1 1 2 8 13 |1 1 1 9 1 1 1 1 1 1 1 2 1 4 1 8 |5 1 1 1 1 1 4 1 1 1 1 1 1 1 1 1 |1 12 1 8 3 1 1 1 3 1 11 16 3 1 4 15 |
12212: 5 1 1 9 1 1 1 1 1 1 5 12 1 8 2 1 |1 1 12 6 4 1 1 1 1 3 1 1 1 16 42 53 |1 1 4 1 4 14 9 1 2 1 16 9 50 123 203 223 |8 6 7 10 6 17 19 18 28 23 30 109 210 231 206 125 |4 1 4 1 13 6 3 7 5 1 9 158 236 235 113 17 |1 1 1 1 1 6 4 12 1 8 19 42 56 43 17 2 |1 1 1 1 1 1 1 5 1 1 15 8 1 15 1 8 |1 1 1 12 1 1 1 1 7 1 1 6 7 1 1 1 |1 1 2 1 12 1 1 9 1 1 7 1 1 1 3 1 |1 1 1 1 1 1 7 1 1 1 1 1 1 3 1 8 |5 1 1 1 1 1 11 1 1 1 1 1 1 1 1 1 |1 11 1 1 9 1 2 2 1 1 10 3 3 5 13 7 |
12223: 2 1 1 1 1 1 1 1 1 1 7 11 1 8 1 1 |1 1 12 6 4 1 1 1 1 3 1 1 1 16 42 53 |1 1 4 1 4 14 9 1 2 1 16 9 50 123 203 223 |8 6 7 10 6 17 19 18 28 23 30 109 210 231 206 125 |4 1 4 1 13 6 3 7 5 1 9 158 236 235 113 17 |1 1 1 1 1 6 4 12 1 8 19 42 56 43 17 2 |1 1 1 1 1 1 1 5 1 1 15 8 1 15 1 8 |1 1 1 12 1 1 1 1 7 1 1 6 7 1 1 1 |1 1 2 1 12 1 1 9 1 1 7 1 1 1 3 1 |1 1 1 1 1 1 7 1 1 1 1 1 1 3 1 8 |5 1 1 1 1 1 11 1 1 1 1 1 1 1 1 1 |1 11 1 1 9 1 2 2 1 1 10 3 3 5 13 7 |
12234: 2 1 1 1 1 1 1 1 1 1 7 11 1 8 1 1 |1 1 12 1 11 1 1 1 1 1 1 1 1 15 36 30 |1 1 1 1 5 3 1 1 1 1 1 9 26 119 159 213 |39 1 11 1 1 1 1 1 15 14 1 70 203 222 210 126 |3 1 1 4 14 1 2 6 1 6 2 170 236 238 137 37 |1 1 1 2 8 6 5 4 6 11 16 42 81 60 14 1 |1 1 1 1 1 7 1 7 1 1 11 11 1 16 1 10 |1 1 1 3 1 1 1 4 1 1 1 1 1 1 1 6 |1 1 2 1 1 1 1 1 1 1 11 1 1 1 8 13 |1 1 1 1 1 1 7 1 1 1 1 1 1 3 1 8 |5 1 1 1 1 1 11 1 1 1 1 1 1 1 1 1 |1 11 1 1 9 1 2 2 1 1 10 3 3 5 13 7 |
12245: 2 1 1 1 1 1 1 1 1 1 7 11 1 8 1 1 |1 1 12 1 11 1 1 1 1 1 1 1 1 15 36 30 |1 1 1 1 5 3 1 1 1 1 1 9 26 119 159 213 |39 1 11 1 1 1 1 1 15 14 1 70 203 222 210 126 |3 1 1 4 14 1 2 6 1 6 2 170 236 238 137 37 |1 1 1 2 8 6 5 4 6 11 16 42 81 60 14 1 |1 1 1 1 1 7 1 7 1 1 11 11 1 16 1 10 |1 1 1 3 1 1 1 4 1 1 1 1 1 1 1 6 |1 1 2 1 1 1 1 1 1 1 11 1 1 1 8 13 |1 1 1 10 1 2 6 2 1 1 1 1 11 10 1 9 |5 1 8 1 1 1 8 1 1 1 5 6 4 1 10 8 |1 7 1 9 1 1 1 1 1 1 13 11 1 1 17 9 |
12256: 1 1 1 1 1 1 1 1 1 1 4 11 1 7 1 1 |1 1 6 1 1 1 1 1 1 2 1 1 1 13 27 28 |1 1 1 1 5 3 1 1 1 1 1 9 26 119 159 213 |39 1 11 1 1 1 1 1 15 14 1 70 203 222 210 126 |3 1 1 4 14 1 2 6 1 6 2 170 236 238 137 37 |1 1 1 2 8 6 5 4 6 11 16 42 81 60 14 1 |1 1 1 1 1 7 1 7 1 1 11 11 1 16 1 10 |1 1 1 3 1 1 1 4 1 1 1 1 1 1 1 6 |1 1 2 1 1 1 1 1 1 1 11 1 1 1 8 13 |1 1 1 10 1 2 6 2 1 1 1 1 11 10 1 9 |5 1 8 1 1 1 8 1 1 1 5 6 4 1 10 8 |1 7 1 9 1 1 1 1 1 1 13 11 1 1 17 9 |
12267: 1 1 1 1 1 1 1 1 1 1 4 11 1 7 1 1 |1 1 6 1 1 1 1 1 1 2 1 1 1 13 27 28 |1 1 1 1 2 7 1 1 1 2 1 9 18 72 162 199 |40 1 15 8 10 23 1 1 1 27 8 34 152 222 223 132 |13 1 1 2 11 1 7 1 8 7 18 144 225 240 160 26 |1 8 1 1 1 9 11 11 11 6 20 64 129 91 32 7 |1 1 1 1 1 4 1 7 1 1 11 9 10 16 1 8 |1 1 1 12 1 1 1 1 1 6 1 6 12 1 1 1 |1 1 2 2 1 1 1 7 1 1 7 1 1 1 8 2 |1 1 1 1 1 1 7 1 1 1 6 10 1 3 1 1 |5 1 8 1 1 1 8 1 1 1 5 6 4 1 10 8 |1 7 1 9 1 1 1 1 1 1 13 11 1 1 17 9 |
12278: 1 1 1 1 1 1 1 1 1 1 4 11 1 7 1 1 |1 1 6 1 1 1 1 1 1 2 1 1 1 13 27 28 |1 1 1 1 2 7 1 1 1 2 1 9 18 72 162 199 |40 1 15 8 10 23 1 1 1 27 8 34 152 222 223 132 |13 1 1 2 11 1 7 1 8 7 18 144 225 240 160 26 |1 8 1 1 1 9 11 11 11 6 20 64 129 91 32 7 |1 1 1 1 1 4 1 7 1 1 11 9 10 16 1 8 |1 1 1 12 1 1 1 1 1 6 1 6 12 1 1 1 |1 1 2 2 1 1 1 7 1 1 7 1 1 1 8 2 |1 1 1 1 1 1 7 1 1 1 6 10 1 3 1 1 |4 1 8 1 1 1 4 1 1 1 1 7 6 1 10 1 |1 13 1 2 1 1 1 1 1 1 7 3 2 1 17 11 |
12289: 1 1 1 1 1 1 1 1 1 1 5 12 1 10 1 1 |1 1 6 1 1 1 1 1 1 2 1 1 1 13 27 28 |1 1 1 1 2 7 1 1 1 2 1 9 18 72 162 199 |40 1 15 8 10 23 1 1 1 27 8 34 152 222 223 132 |13 1 1 2 11 1 7 1 8 7 18 144 225 240 160 26 |1 8 1 1 1 9 11 11 11 6 20 64 129 91 32 7 |1 1 1 1 1 4 1 7 1 1 11 9 10 16 1 8 |1 1 1 12 1 1 1 1 1 6 1 6 12 1 1 1 |1 1 2 2 1 1 1 7 1 1 7 1 1 1 8 2 |1 1 1 1 1 1 7 1 1 1 6 10 1 3 1 1 |4 1 8 1 1 1 4 1 1 1 1 7 6 1 10 1 |1 13 1 2 1 1 1 1 1 1 7 3 2 1 17 11 |
12299: 1 1 1 1 1 1 1 1 1 1 5 12 1 10 1 1 |1 1 1 1 1 1 3 1 1 1 1 1 1 13 30 18 |1 1 4 1 2 8 4 1 1 1 2 10 10 43 120 182 |5 6 1 8 16 2 1 14 15 29 1 20 98 208 228 158 |9 7 1 1 1 1 1 3 1 1 5 92 229 241 190 33 |2 10 1 14 9 1 1 9 10 2 27 73 156 143 51 6 |1 1 1 1 1 1 1 1 1 1 12 8 10 16 8 6 |1 1 1 5 1 16 1 1 1 7 1 7 8 2 1 1 |1 1 2 2 1 1 1 7 1 1 7 1 1 1 8 2 |1 1 1 1 1 1 7 1 1 1 6 10 1 3 1 1 |4 1 8 1 1 1 4 1 1 1 1 7 6 1 10 1 |1 13 1 2 1 1 1 1 1 1 7 3 2 1 17 11 |
12310: 1 1 1 1 1 1 1 1 1 1 5 12 1 10 1 1 |1 1 1 1 1 1 3 1 1 1 1 1 1 13 30 18 |1 1 4 1 2 8 4 1 1 1 2 10 10 43 120 182 |5 6 1 8 16 2 1 14 15 29 1 20 98 208 228 158 |9 7 1 1 1 1 1 3 1 1 5 92 229 241 190 33 |2 10 1 14 9 1 1 9 10 2 27 73 156 143 51 6 |1 1 1 1 1 1 1 1 1 1 12 8 10 16 8 6 |1 1 1 5 1 16 1 1 1 7 1 7 8 2 1 1 |1 1 1 6 1 1 1 9 1 1 13 1 1 3 9 8 |1 1 1 9 1 1 1 1 1 1 1 1 1 5 1 7 |6 1 8 1 1 1 1 1 1 1 1 1 11 1 1 9 |1 1 1 1 1 1 1 1 1 1 13 8 1 1 20 7 |
12321: 1 1 1 1 1 1 1 1 1 1 5 12 1 10 1 1 |1 1 1 1 1 1 3 1 1 1 1 1 1 13 30 18 |1 1 4 1 2 8 4 1 1 1 2 10 10 43 120 182 |5 6 1 8 16 2 1 14 15 29 1 20 98 208 228 158 |9 7 1 1 1 1 1 3 1 1 5 92 229 241 190 33 |2 10 1 14 9 1 1 9 10 2 27 73 156 143 51 6 |1 1 1 1 1 1 1 1 1 1 12 8 10 16 8 6 |1 1 1 5 1 16 1 1 1 7 1 7 8 2 1 1 |1 1 1 6 1 1 1 9 1 1 13 1 1 3 9 8 |1 1 1 9 1 1 1 1 1 1 1 1 1 5 1 7 |6 1 8 1 1 1 1 1 1 1 1 1 11 1 1 9 |1 1 1 1 1 1 1 1 1 1 13 8 1 1 20 7 |
12332: 7 1 1 1 1 1 1 1 1 1 6 5 1 1 1 1 |1 1 10 1 6 1 1 1 1 1 1 1 1 1 11 12 |1 1 1 1 1 1 1 7 1 1 2 2 1 20 97 174 |6 1 14 1 9 4 1 1 31 1 1 24 74 203 227 153 |5 1 3 8 10 1 1 1 1 1 1 59 230 230 212 39 |2 1 6 3 17 15 12 1 3 2 14 49 157 172 61 8 |1 1 1 1 1 1 1 1 1 1 12 8 10 16 8 6 |1 1 1 5 1 16 1 1 1 7 1 7 8 2 1 1 |1 1 1 6 1 1 1 9 1 1 13 1 1 3 9 8 |1 1 1 9 1 1 1 1 1 1 1 1 1 5 1 7 |6 1 8 1 1 1 1 1 1 1 1 1 11 1 1 9 |1 1 1 1 1 1 1 1 1 1 13 8 1 1 20 7 |
12342: 7 1 1 1 1 1 1 1 1 1 6 5 1 1 1 1 |1 1 10 1 6 1 1 1 1 1 1 1 1 1 11 12 |1 1 1 1 1 1 1 7 1 1 2 2 1 20 97 174 |6 1 14 1 9 4 1 1 31 1 1 24 74 203 227 153 |5 1 3 8 10 1 1 1 1 1 1 59 230 230 212 39 |2 1 6 3 17 15 12 1 3 2 14 49 157 172 61 8 |1 1 1 1 1 1 1 10 1 1 1 3 1 13 7 7 |1 1 1 1 14 5 1 1 1 1 1 1 1 1 1 8 |1 1 1 1 1 1 1 8 1 1 1 1 1 1 1 4 |1 1 1 9 1 1 1 1 1 1 4 1 10 11 1 8 |4 1 5 1 1 1 1 1 1 1 1 1 1 1 1 1 |1 11 1 7 1 1 2 1 1 1 10 1 1 8 12 3 |
12353: 7 1 1 1 1 1 1 1 1 1 6 5 1 1 1 1 |1 1 10 1 6 1 1 1 1 1 1 1 1 1 11 12 |1 1 1 1 1 1 1 7 1 1 2 2 1 20 97 174 |6 1 14 1 9 4 1 1 31 1 1 24 74 203 227 153 |5 1 3 8 10 1 1 1 1 1 1 59 230 230 212 39 |2 1 6 3 17 15 12 1 3 2 14 49 157 172 61 8 |1 1 1 1 1 1 1 10 1 1 1 3 1 13 7 7 |1 1 1 1 14 5 1 1 1 1 1 1 1 1 1 8 |1 1 1 1 1 1 1 8 1 1 1 1 1 1 1 4 |1 1 1 9 1 1 1 1 1 1 4 1 10 11 1 8 |4 1 5 1 1 1 1 1 1 1 1 1 1 1 1 1 |1 11 1 7 1 1 2 1 1 1 10 1 1 8 12 3 |
12364: 4 1 1 1 1 1 1 1 1 1 1 13 1 8 1 1 |1 1 1 1 4 1 1 1 1 1 1 1 1 9 13 18 |3 1 1 2 3 6 5 5 1 1 1 1 12 28 105 174 |4 1 16 1 1 5 1 8 9 5 12 11 114 187 220 170 |5 1 3 8 10 1 1 1 1 1 1 59 230 230 212 39 |2 1 6 3 17 15 12 1 3 2 14 49 157 172 61 8 |1 1 1 1 1 1 1 10 1 1 1 3 1 13 7 7 |1 1 1 1 14 5 1 1 1 1 1 1 1 1 1 8 |1 1 1 1 1 1 1 8 1 1 1 1 1 1 1 4 |1 1 1 9 1 1 1 1 1 1 4 1 10 11 1 8 |4 1 5 1 1 1 1 1 1 1 1 1 1 1 1 1 |1 11 1 7 1 1 2 1 1 1 10 1 1 8 12 3 |
12375: 4 1 1 1 1 1 1 1 1 1 1 13 1 8 1 1 |1 1 1 1 4 1 1 1 1 1 1 1 1 9 13 18 |3 1 1 2 3 6 5 5 1 1 1 1 12 28 105 174 |4 1 16 1 1 5 1 8 9 5 12 11 114 187 220 170 |13 8 21 2 10 10 1 3 1 1 13 79 226 235 199 45 |1 1 1 12 15 5 1 1 7 6 10 59 176 169 62 9 |1 1 1 1 2 1 1 8 1 1 10 3 1 23 6 2 |1 1 1 12 1 1 1 1 1 8 1 7 8 1 1 1 |1 1 1 1 1 1 1 8 1 1 6 1 1 2 1 2 |1 1 1 10 1 1 1 1 1 1 1 1 1 2 1 11 |3 1 1 1 5 1 1 1 1 1 1 1 1 1 1 1 |1 1 1 1 1 1 3 1 1 1 7 15 7 10 11 14 |
12385: 4 1 1 1 1 1 1 1 1 1 1 13 1 8 1 1 |1 1 1 1 4 1 1 1 1 1 1 1 1 9 13 18 |3 1 1 2 3 6 5 5 1 1 1 1 12 28 105 174 |4 1 16 1 1 5 1 8 9 5 12 11 114 187 220 170 |13 8 21 2 10 10 1 3 1 1 13 79 226 235 199 45 |1 1 1 12 15 5 1 1 7 6 10 59 176 169 62 9 |1 1 1 1 2 1 1 8 1 1 10 3 1 23 6 2 |1 1 1 12 1 1 1 1 1 8 1 7 8 1 1 1 |1 1 1 1 1 1 1 8 1 1 6 1 1 2 1 2 |1 1 1 10 1 1 1 1 1 1 1 1 1 2 1 11 |3 1 1 1 5 1 1 1 1 1 1 1 1 1 1 1 |1 1 1 1 1 1 3 1 1 1 7 15 7 10 11 14 |
12396: 1 1 1 1 8 1 1 1 2 1 7 15 1 8 1 1 |1 1 1 1 1 1 1 1 1 1 1 1 1 1 21 28 |2 1 5 1 2 6 8 6 1 1 2 4 13 25 106 174 |4 1 16 1 1 5 1 8 9 5 12 11 114 187 220 170 |13 8 21 2 10 10 1 3 1 1 13 79 226 235 199 45 |1 1 1 12 15 5 1 1 7 6 10 59 176 169 62 9 |1 1 1 1 2 1 1 8 1 1 10 3 1 23 6 2 |1 1 1 12 1 1 1 1 1 8 1 7 8 1 1 1 |1 1 1 1 1 1 1 8 1 1 6 1 1 2 1 2 |1 1 1 10 1 1 1 1 1 1 1 1 1 2 1 11 |3 1 1 1 5 1 1 1 1 1 1 1 1 1 1 1 |1 1 1 1 1 1 3 1 1 1 7 15 7 10 11 14 |
12407: 1 1 1 1 8 1 1 1 2 1 7 15 1 8 1 1 |1 1 1 1 1 1 1 1 1 1 1 1 1 1 21 28 |2 1 5 1 2 6 8 6 1 1 2 4 13 25 106 174 |9 3 14 10 7 6 1 6 15 6 1 13 80 206 230 181 |19 1 5 1 8 8 1 3 1 22 1 79 226 238 216 47 |1 4 5 1 1 10 1 4 1 1 19 74 165 158 62 10 |1 1 1 1 1 1 1 1 1 1 16 3 1 24 5 10 |1 1 1 1 1 1 1 1 1 1 1 7 8 1 1 1 |1 1 1 13 1 1 1 8 1 1 6 1 1 3 7 9 |1 1 1 1 1 1 6 1 1 1 1 3 11 11 1 9 |5 1 1 3 1 1 1 1 1 1 1 1 1 1 1 1 |1 6 1 4 7 1 1 1 1 1 9 1 2 8 12 16 |
12418: 1 1 1 1 8 1 1 1 2 1 7 15 1 8 1 1 |1 1 1 1 1 1 1 1 1 1 1 1 1 1 21 28 |2 1 5 1 2 6 8 6 1 1 2 4 13 25 106 174 |9 3 14 10 7 6 1 6 15 6 1 13 80 206 230 181 |19 1 5 1 8 8 1 3 1 22 1 79 226 238 216 47 |1 4 5 1 1 10 1 4 1 1 19 74 165 158 62 10 |1 1 1 1 1 1 1 1 1 1 16 3 1 24 5 10 |1 1 1 1 1 1 1 1 1 1 1 7 8 1 1 1 |1 1 1 13 1 1 1 8 1 1 6 1 1 3 7 9 |1 1 1 1 1 1 6 1 1 1 1 3 11 11 1 9 |5 1 1 3 1 1 1 1 1 1 1 1 1 1 1 1 |1 6 1 4 7 1 1 1 1 1 9 1 2 8 12 16 |
12428: 1 1 1 10 1 1 1 1 2 1 7 13 1 1 1 1 |1 1 1 1 14 1 1 1 1 1 1 1 1 6 21 12 |1 1 1 1 2 6 1 4 1 1 2 4 4 20 104 176 |9 3 14 10 7 6 1 6 15 6 1 13 80 206 230 181 |19 1 5 1 8 8 1 3 1 22 1 79 226 238 216 47 |1 4 5 1 1 10 1 4 1 1 19 74 165 158 62 10 |1 1 1 1 1 1 1 1 1 1 16 3 1 24 5 10 |1 1 1 1 1 1 1 1 1 1 1 7 8 1 1 1 |1 1 1 13 1 1 1 8 1 1 6 1 1 3 7 9 |1 1 1 1 1 1 6 1 1 1 1 3 11 11 1 9 |5 1 1 3 1 1 1 1 1 1 1 1 1 1 1 1 |1 6 1 4 7 1 1 1 1 1 9 1 2 8 12 16 |
12439: 1 1 1 10 1 1 1 1 2 1 7 13 1 1 1 1 |1 1 1 1 14 1 1 1 1 1 1 1 1 6 21 12 |1 1 1 1 2 6 1 4 1 1 2 4 4 20 104 176 |7 1 5 1 1 1 11 6 14 2 10 20 80 198 227 181 |14 6 1 1 25 1 1 1 1 1 19 99 244 238 203 29 |1 13 1 11 5 1 11 10 19 14 16 73 166 170 57 1 |1 1 1 1 1 1 1 6 1 1 13 4 1 23 7 1 |1 1 1 1 1 1 1 1 1 7 1 6 12 1 1 1 |1 1 1 1 1 1 1 7 1 1 12 1 1 1 10 7 |1 1 1 1 1 1 8 1 1 1 1 5 9 10 1 8 |2 1 1 1 1 1 4 1 1 1 1 1 1 1 1 1 |1 11 1 1 9 1 1 1 1 1 13 9 1 1 3 2 |
12450: 1 1 1 10 1 1 1 1 2 1 7 13 1 1 1 1 |1 1 1 1 14 1 1 1 1 1 1 1 1 6 21 12 |1 1 1 1 2 6 1 4 1 1 2 4 4 20 104 176 |7 1 5 1 1 1 11 6 14 2 10 20 80 198 227 181 |14 6 1 1 25 1 1 1 1 1 19 99 244 238 203 29 |1 13 1 11 5 1 11 10 19 14 16 73 166 170 57 1 |1 1 1 1 1 1 1 6 1 1 13 4 1 23 7 1 |1 1 1 1 1 1 1 1 1 7 1 6 12 1 1 1 |1 1 1 1 1 1 1 7 1 1 12 1 1 1 10 7 |1 1 1 1 1 1 8 1 1 1 1 5 9 10 1 8 |2 1 1 1 1 1 4 1 1 1 1 1 1 1 1 1 |1 11 1 1 9 1 1 1 1 1 13 9 1 1 3 2 |
12461: 1 1 1 3 1 1 1 1 1 1 7 7 1 5 3 7 |1 1 1 1 6 1 1 1 1 1 1 1 1 1 15 27 |1 1 1 1 1 5 1 3 1 1 1 1 5 36 105 169 |12 4 18 10 10 6 1 1 19 8 1 18 70 198 222 179 |14 6 1 1 25 1 1 1 1 1 19 99 244 238 203 29 |1 13 1 11 5 1 11 10 19 14 16 73 166 170 57 1 |1 1 1 1 1 1 1 6 1 1 13 4 1 23 7 1 |1 1 1 1 1 1 1 1 1 7 1 6 12 1 1 1 |1 1 1 1 1 1 1 7 1 1 12 1 1 1 10 7 |1 1 1 1 1 1 8 1 1 1 1 5 9 10 1 8 |2 1 1 1 1 1 4 1 1 1 1 1 1 1 1 1 |1 11 1 1 9 1 1 1 1 1 13 9 1 1 3 2 |
12472: 1 1 1 3 1 1 1 1 1 1 7 7 1 5 3 7 |1 1 1 1 6 1 1 1 1 1 1 1 1 1 15 27 |1 1 1 1 1 5 1 3 1 1 1 1 5 36 105 169 |12 4 18 10 10 6 1 1 19 8 1 18 70 198 222 179 |10 7 2 1 3 1 1 1 5 1 3 87 223 227 217 32 |3 1 7 7 8 14 1 2 4 12 18 67 165 173 64 9 |1 1 1 1 1 1 1 3 1 1 11 9 5 27 6 6 |1 1 1 8 1 1 1 1 1 8 1 8 11 1 1 7 |1 1 3 2 1 1 1 8 1 1 14 1 1 3 9 7 |1 1 1 8 1 7 5 2 1 1 4 10 10 12 1 7 |3 1 1 1 1 1 7 1 1 1 1 8 5 1 1 3 |1 7 1 6 1 1 1 8 1 1 7 1 2 1 6 1 |
12483: 1 1 1 3 1 1 1 1 1 1 7 7 1 5 3 7 |1 1 1 1 6 1 1 1 1 1 1 1 1 1 15 27 |1 1 1 1 1 5 1 3 1 1 1 1 5 36 105 169 |12 4 18 10 10 6 1 1 19 8 1 18 70 198 222 179 |10 7 2 1 3 1 1 1 5 1 3 87 223 227 217 32 |3 1 7 7 8 14 1 2 4 12 18 67 165 173 64 9 |1 1 1 1 1 1 1 3 1 1 11 9 5 27 6 6 |1 1 1 8 1 1 1 1 1 8 1 8 11 1 1 7 |1 1 3 2 1 1 1 8 1 1 14 1 1 3 9 7 |1 1 1 8 1 7 5 2 1 1 4 10 10 12 1 7 |3 1 1 1 1 1 7 1 1 1 1 8 5 1 1 3 |1 7 1 6 1 1 1 8 1 1 7 1 2 1 6 1 |
12493: 3 1 1 1 1 1 2 1 1 1 6 4 1 1 1 1 |1 1 18 6 1 1 1 1 1 1 1 1 1 1 10 12 |1 1 1 2 1 1 1 5 1 1 2 8 4 35 93 158 |1 1 17 10 8 11 2 1 15 14 4 11 82 193 233 192 |10 7 2 1 3 1 1 1 5 1 3 87 223 227 217 32 |3 1 7 7 8 14 1 2 4 12 18 67 165 173 64 9 |1 1 1 1 1 1 1 3 1 1 11 9 5 27 6 6 |1 1 1 8 1 1 1 1 1 8 1 8 11 1 1 7 |1 1 3 2 1 1 1 8 1 1 14 1 1 3 9 7 |1 1 1 8 1 7 5 2 1 1 4 10 10 12 1 7 |3 1 1 1 1 1 7 1 1 1 1 8 5 1 1 3 |1 7 1 6 1 1 1 8 1 1 7 1 2 1 6 1 |
12504: 3 1 1 1 1 1 2 1 1 1 6 4 1 1 1 1 |1 1 18 6 1 1 1 1 1 1 1 1 1 1 10 12 |1 1 1 2 1 1 1 5 1 1 2 8 4 35 93 158 |1 1 17 10 8 11 2 1 15 14 4 11 82 193 233 192 |11 1 1 8 14 2 1 1 3 1 10 92 224 220 211 38 |14 9 21 1 4 6 3 1 11 13 20 68 173 159 68 9 |1 1 1 1 1 1 1 7 1 2 11 7 3 23 1 9 |1 1 1 12 1 1 1 1 1 1 1 7 10 1 1 1 |1 1 1 5 1 1 1 8 1 1 12 1 1 1 9 8 |1 1 1 12 1 1 6 2 1 1 1 1 1 4 1 10 |1 1 1 1 1 1 2 1 1 1 1 6 4 1 9 1 |1 13 1 2 3 1 1 2 1 1 7 1 1 8 16 10 |
12516: 3 1 1 1 1 1 2 1 1 1 6 4 1 1 1 1 |1 1 18 6 1 1 1 1 1 1 1 1 1 1 10 12 |1 1 1 2 1 1 1 5 1 1 2 8 4 35 93 158 |1 1 17 10 8 11 2 1 15 14 4 11 82 193 233 192 |11 1 1 8 14 2 1 1 3 1 10 92 224 220 211 38 |14 9 21 1 4 6 3 1 11 13 20 68 173 159 68 9 |1 1 1 1 1 1 1 7 1 2 11 7 3 23 1 9 |1 1 1 12 1 1 1 1 1 1 1 7 10 1 1 1 |1 1 1 5 1 1 1 8 1 1 12 1 1 1 9 8 |1 1 1 12 1 1 6 2 1 1 1 1 1 4 1 10 |1 1 1 1 1 1 2 1 1 1 1 6 4 1 9 1 |1 13 1 2 3 1 1 2 1 1 7 1 1 8 16 10 |
12527: 5 1 1 4 1 1 1 1 1 1 6 13 1 9 1 1 |1 1 10 1 1 1 1 1 1 3 1 2 1 5 22 25 |1 1 1 1 1 6 1 1 1 1 1 9 10 20 95 160 |1 1 17 10 8 11 2 1 15 14 4 11 82 193 233 192 |11 1 1 8 14 2 1 1 3 1 10 92 224 220 211 38 |14 9 21 1 4 6 3 1 11 13 20 68 173 159 68 9 |1 1 1 1 1 1 1 7 1 2 11 7 3 23 1 9 |1 1 1 12 1 1 1 1 1 1 1 7 10 1 1 1 |1 1 1 5 1 1 1 8 1 1 12 1 1 1 9 8 |1 1 1 12 1 1 6 2 1 1 1 1 1 4 1 10 |1 1 1 1 1 1 2 1 1 1 1 6 4 1 9 1 |1 13 1 2 3 1 1 2 1 1 7 1 1 8 16 10 |
12537: 5 1 1 4 1 1 1 1 1 1 6 13 1 9 1 1 |1 1 10 1 1 1 1 1 1 3 1 2 1 5 22 25 |1 1 1 1 1 6 1 1 1 1 1 9 10 20 95 160 |9 2 19 15 17 16 12 17 30 17 11 19 73 197 227 189 |9 1 3 1 16 1 1 10 1 1 6 88 217 232 202 44 |1 1 1 28 19 1 1 13 12 7 43 48 172 162 55 1 |1 1 1 1 1 6 1 7 1 3 11 4 1 26 3 7 |1 1 1 11 1 1 1 1 1 1 1 7 9 1 1 1 |1 1 3 1 1 1 1 1 1 1 13 1 1 2 3 7 |1 1 1 8 1 1 1 1 1 1 1 1 1 3 1 9 |5 1 9 1 1 1 2 1 1 1 1 1 1 1 1 2 |1 10 1 11 7 1 3 1 1 1 10 15 13 9 18 7 |
12548: 5 1 1 4 1 1 1 1 1 1 6 13 1 9 1 1 |1 1 10 1 1 1 1 1 1 3 1 2 1 5 22 25 |1 1 1 1 1 6 1 1 1 1 1 9 10 20 95 160 |9 2 19 15 17 16 12 17 30 17 11 19 73 197 227 189 |9 1 3 1 16 1 1 10 1 1 6 88 217 232 202 44 |1 1 1 28 19 1 1 13 12 7 43 48 172 162 55 1 |1 1 1 1 1 6 1 7 1 3 11 4 1 26 3 7 |1 1 1 11 1 1 1 1 1 1 1 7 9 1 1 1 |1 1 3 1 1 1 1 1 1 1 13 1 1 2 3 7 |1 1 1 8 1 1 1 1 1 1 1 1 1 3 1 9 |5 1 9 1 1 1 2 1 1 1 1 1 1 1 1 2 |1 10 1 11 7 1 3 1 1 1 10 15 13 9 18 7 |
12559: 1 1 1 1 1 1 2 1 1 1 1 11 1 7 1 1 |1 1 1 1 5 1 1 1 1 1 1 1 1 8 13 22 |1 1 1 1 1 4 9 2 1 1 5 7 12 35 104 178 |1 1 12 1 1 1 1 1 16 18 1 21 78 203 221 182 |1 1 1 1 2 1 1 1 1 1 11 91 229 237 200 38 |1 1 1 28 19 1 1 13 12 7 43 48 172 162 55 1 |1 1 1 1 1 6 1 7 1 3 11 4 1 26 3 7 |1 1 1 11 1 1 1 1 1 1 1 7 9 1 1 1 |1 1 3 1 1 1 1 1 1 1 13 1 1 2 3 7 |1 1 1 8 1 1 1 1 1 1 1 1 1 3 1 9 |5 1 9 1 1 1 2 1 1 1 1 1 1 1 1 2 |1 10 1 11 7 1 3 1 1 1 10 15 13 9 18 7 |
12569: 1 1 1 1 1 1 2 1 1 1 1 11 1 7 1 1 |1 1 1 1 5 1 1 1 1 1 1 1 1 8 13 22 |1 1 1 1 1 4 9 2 1 1 5 7 12 35 104 178 |1 1 12 1 1 1 1 1 16 18 1 21 78 203 221 182 |1 1 1 1 2 1 1 1 1 1 11 91 229 237 200 38 |1 1 5 1 1 15 10 1 13 5 12 81 174 165 61 9 |1 1 2 1 1 6 1 7 1 1 12 9 3 24 1 1 |1 1 1 3 5 7 1 1 1 6 1 5 10 1 1 1 |1 1 1 1 1 1 1 10 1 1 8 1 1 2 9 9 |1 1 1 5 1 1 5 1 1 1 7 9 1 5 1 11 |3 1 1 1 1 1 1 1 1 1 1 6 5 1 1 1 |1 11 1 1 1 1 1 1 1 1 6 1 5 10 16 10 |
12580: 1 1 1 1 1 1 2 1 1 1 1 11 1 7 1 1 |1 1 1 1 5 1 1 1 1 1 1 1 1 8 13 22 |1 1 1 1 1 4 9 2 1 1 5 7 12 35 104 178 |1 1 12 1 1 1 1 1 16 18 1 21 78 203 221 182 |1 1 1 1 2 1 1 1 1 1 11 91 229 237 200 38 |1 1 5 1 1 15 10 1 13 5 12 81 174 165 61 9 |1 1 2 1 1 6 1 7 1 1 12 9 3 24 1 1 |1 1 1 3 5 7 1 1 1 6 1 5 10 1 1 1 |1 1 1 1 1 1 1 10 1 1 8 1 1 2 9 9 |1 1 1 5 1 1 5 1 1 1 7 9 1 5 1 11 |3 1 1 1 1 1 1 1 1 1 1 6 5 1 1 1 |1 11 1 1 1 1 1 1 1 1 6 1 5 10 16 10 |
12591: 4 1 1 1 1 1 1 1 1 1 5 7 1 11 1 1 |1 1 1 1 1 1 1 1 1 1 1 1 1 12 20 26 |9 1 4 1 6 7 6 8 1 1 1 9 11 37 98 175 |1 1 12 1 1 1 1 1 16 18 1 21 78 203 221 182 |1 1 1 1 2 1 1 1 1 1 11 91 229 237 200 38 |1 1 5 1 1 15 10 1 13 5 12 81 174 165 61 9 |1 1 2 1 1 6 1 7 1 1 12 9 3 24 1 1 |1 1 1 3 5 7 1 1 1 6 1 5 10 1 1 1 |1 1 1 1 1 1 1 10 1 1 8 1 1 2 9 9 |1 1 1 5 1 1 5 1 1 1 7 9 1 5 1 11 |3 1 1 1 1 1 1 1 1 1 1 6 5 1 1 1 |1 11 1 1 1 1 1 1 1 1 6 1 5 10 16 10 |
12602: 4 1 1 1 1 1 1 1 1 1 5 7 1 11 1 1 |1 1 1 1 1 1 1 1 1 1 1 1 1 12 20 26 |9 1 4 1 6 7 6 8 1 1 1 9 11 37 98 175 |1 9 16 2 9 6 1 1 12 1 10 20 83 202 230 189 |10 2 1 3 16 1 1 3 2 1 12 84 219 239 209 38 |1 6 1 16 17 7 3 17 2 2 27 74 165 162 61 7 |1 1 1 1 1 4 1 1 1 1 15 4 2 13 8 1 |1 1 1 12 1 3 1 1 1 8 1 7 7 1 1 1 |1 1 1 2 1 1 1 1 1 1 7 1 1 1 5 7 |1 1 1 1 1 1 2 1 2 1 1 1 1 1 1 1 |4 1 8 1 1 1 7 1 1 1 1 1 1 1 1 1 |1 11 1 1 1 1 1 1 1 1 6 1 5 10 16 10 |
12613: 4 1 1 1 1 1 1 1 1 1 5 7 1 11 1 1 |1 1 1 1 1 1 1 1 1 1 1 1 1 12 20 26 |9 1 4 1 6 7 6 8 1 1 1 9 11 37 98 175 |1 9 16 2 9 6 1 1 12 1 10 20 83 202 230 189 |10 2 1 3 16 1 1 3 2 1 12 84 219 239 209 38 |1 6 1 16 17 7 3 17 2 2 27 74 165 162 61 7 |1 1 1 1 1 4 1 1 1 1 15 4 2 13 8 1 |1 1 1 12 1 3 1 1 1 8 1 7 7 1 1 1 |1 1 1 2 1 1 1 1 1 1 7 1 1 1 5 7 |1 1 1 1 1 1 2 1 2 1 1 1 1 1 1 1 |4 1 8 1 1 1 7 1 1 1 1 1 1 1 1 1 |1 1 2 1 7 1 1 1 1 1 12 9 1 11 17 6 |
12624: 5 1 1 1 1 1 1 1 1 1 7 5 1 7 3 1 |1 1 1 1 8 1 1 1 1 1 1 1 1 13 13 15 |9 1 4 1 6 7 6 8 1 1 1 9 11 37 98 175 |1 9 16 2 9 6 1 1 12 1 10 20 83 202 230 189 |10 2 1 3 16 1 1 3 2 1 12 84 219 239 209 38 |1 6 1 16 17 7 3 17 2 2 27 74 165 162 61 7 |1 1 1 1 1 4 1 1 1 1 15 4 2 13 8 1 |1 1 1 12 1 3 1 1 1 8 1 7 7 1 1 1 |1 1 1 2 1 1 1 1 1 1 7 1 1 1 5 7 |1 1 1 1 1 1 2 1 2 1 1 1 1 1 1 1 |4 1 8 1 1 1 7 1 1 1 1 1 1 1 1 1 |1 1 2 1 7 1 1 1 1 1 12 9 1 11 17 6 |
12635: 5 1 1 1 1 1 1 1 1 1 7 5 1 7 3 1 |1 1 1 1 8 1 1 1 1 1 1 1 1 13 13 15 |1 1 1 1 1 7 2 8 1 1 1 1 14 27 92 166 |8 8 16 8 10 24 1 3 12 1 9 6 91 206 227 188 |9 1 1 1 14 1 10 11 1 5 12 113 227 240 211 39 |1 1 1 1 3 4 1 9 13 8 10 73 165 162 59 1 |1 1 1 1 1 7 1 3 1 2 12 2 1 22 7 7 |1 1 1 1 11 1 1 1 1 2 1 1 5 1 1 1 |1 1 1 5 1 1 1 8 1 1 6 1 1 4 2 7 |1 1 1 9 1 1 5 1 1 1 1 1 11 15 1 7 |3 1 8 1 1 1 1 1 1 1 1 1 2 1 1 3 |1 1 2 1 7 1 1 1 1 1 12 9 1 11 17 6 |
12645: 5 1 1 1 1 1 1 1 1 1 7 5 1 7 3 1 |1 1 1 1 8 1 1 1 1 1 1 1 1 13 13 15 |1 1 1 1 1 7 2 8 1 1 1 1 14 27 92 166 |8 8 16 8 10 24 1 3 12 1 9 6 91 206 227 188 |9 1 1 1 14 1 10 11 1 5 12 113 227 240 211 39 |1 1 1 1 3 4 1 9 13 8 10 73 165 162 59 1 |1 1 1 1 1 7 1 3 1 2 12 2 1 22 7 7 |1 1 1 1 11 1 1 1 1 2 1 1 5 1 1 1 |1 1 1 5 1 1 1 8 1 1 6 1 1 4 2 7 |1 1 1 9 1 1 5 1 1 1 1 1 11 15 1 7 |3 1 8 1 1 1 1 1 1 1 1 1 2 1 1 3 |1 1 1 1 1 1 1 1 1 1 9 1 2 8 17 17 |
12657: 5 1 1 1 1 1 1 1 1 1 7 5 1 7 3 1 |1 1 1 1 8 1 1 1 1 1 1 1 1 13 13 15 |1 1 1 1 1 7 2 8 1 1 1 1 14 27 92 166 |8 8 16 8 10 24 1 3 12 1 9 6 91 206 227 188 |9 1 1 1 14 1 10 11 1 5 12 113 227 240 211 39 |1 1 1 1 3 4 1 9 13 8 10 73 165 162 59 1 |1 1 1 1 1 7 1 3 1 2 12 2 1 22 7 7 |1 1 1 1 11 1 1 1 1 2 1 1 5 1 1 1 |1 1 1 5 1 1 1 8 1 1 6 1 1 4 2 7 |1 1 1 9 1 1 5 1 1 1 1 1 11 15 1 7 |3 1 8 1 1 1 1 1 1 1 1 1 2 1 1 3 |1 1 1 1 1 1 1 1 1 1 9 1 2 8 17 17 |
12668: 10 1 1 3 1 1 2 1 1 1 5 8 1 1 1 8 |1 1 1 1 5 1 1 1 1 1 1 2 1 1 22 24 |1 2 1 1 2 6 1 1 1 1 1 1 3 21 102 170 |11 14 16 4 2 15 1 10 8 8 8 12 85 192 230 185 |15 6 1 10 15 4 1 4 1 1 5 89 210 229 204 34 |3 1 1 15 9 1 1 3 11 11 13 64 165 162 52 1 |1 1 1 1 1 1 1 2 1 1 13 5 1 17 5 1 |1 1 1 4 3 1 1 1 1 8 1 5 8 1 1 1 |1 1 3 1 1 1 1 7 1 1 10 1 1 1 9 7 |1 1 1 1 1 1 1 1 1 1 1 1 3 6 1 1 |3 1 8 1 1 1 1 1 1 1 1 1 2 1 1 3 |1 1 1 1 1 1 1 1 1 1 9 1 2 8 17 17 |
12679: 10 1 1 3 1 1 2 1 1 1 5 8 1 1 1 8 |1 1 1 1 5 1 1 1 1 1 1 2 1 1 22 24 |1 2 1 1 2 6 1 1 1 1 1 1 3 21 102 170 |11 14 16 4 2 15 1 10 8 8 8 12 85 192 230 185 |15 6 1 10 15 4 1 4 1 1 5 89 210 229 204 34 |3 1 1 15 9 1 1 3 11 11 13 64 165 162 52 1 |1 1 1 1 1 1 1 2 1 1 13 5 1 17 5 1 |1 1 1 4 3 1 1 1 1 8 1 5 8 1 1 1 |1 1 3 1 1 1 1 7 1 1 10 1 1 1 9 7 |1 1 1 1 1 1 1 1 1 1 1 1 3 6 1 1 |7 1 9 1 1 1 1 1 1 1 1 7 6 1 1 1 |1 1 1 7 9 1 5 1 1 1 1 1 1 1 6 14 |
12691: 1 1 1 6 8 1 1 1 1 1 7 6 1 6 2 1 |1 1 1 1 5 1 1 1 1 1 1 2 1 1 22 24 |1 2 1 1 2 6 1 1 1 1 1 1 3 21 102 170 |11 14 16 4 2 15 1 10 8 8 8 12 85 192 230 185 |15 6 1 10 15 4 1 4 1 1 5 89 210 229 204 34 |3 1 1 15 9 1 1 3 11 11 13 64 165 162 52 1 |1 1 1 1 1 1 1 2 1 1 13 5 1 17 5 1 |1 1 1 4 3 1 1 1 1 8 1 5 8 1 1 1 |1 1 3 1 1 1 1 7 1 1 10 1 1 1 9 7 |1 1 1 1 1 1 1 1 1 1 1 1 3 6 1 1 |7 1 9 1 1 1 1 1 1 1 1 7 6 1 1 1 |1 1 1 7 9 1 5 1 1 1 1 1 1 1 6 14 |
12702: 1 1 1 6 8 1 1 1 1 1 7 6 1 6 2 1 |1 1 9 1 1 1 1 1 1 2 1 1 1 1 15 14 |1 1 1 1 5 3 1 5 1 1 1 5 12 34 109 158 |9 14 17 8 15 4 1 5 13 16 10 17 95 206 230 183 |12 5 1 9 11 26 1 1 1 1 7 84 225 240 208 35 |1 1 10 1 7 15 12 12 3 13 9 74 152 146 60 1 |1 1 1 1 1 1 1 1 1 1 10 1 4 25 6 8 |1 1 1 1 9 14 1 1 1 1 1 9 10 1 1 7 |1 1 1 1 10 1 1 8 1 1 12 1 1 3 1 3 |1 1 1 1 1 1 1 1 1 1 1 1 1 1 1 10 |4 1 1 1 3 1 6 1 1 1 1 1 5 1 1 3 |1 1 1 7 9 1 5 1 1 1 1 1 1 1 6 14 |
12714: 1 1 1 6 8 1 1 1 1 1 7 6 1 6 2 1 |1 1 9 1 1 1 1 1 1 2 1 1 1 1 15 14 |1 1 1 1 5 3 1 5 1 1 1 5 12 34 109 158 |9 14 17 8 15 4 1 5 13 16 10 17 95 206 230 183 |12 5 1 9 11 26 1 1 1 1 7 84 225 240 208 35 |1 1 10 1 7 15 12 12 3 13 9 74 152 146 60 1 |1 1 1 1 1 1 1 1 1 1 10 1 4 25 6 8 |1 1 1 1 9 14 1 1 1 1 1 9 10 1 1 7 |1 1 1 1 10 1 1 8 1 1 12 1 1 3 1 3 |1 1 1 1 1 1 1 1 1 1 1 1 1 1 1 10 |4 1 1 1 3 1 6 1 1 1 1 1 5 1 1 3 |1 6 1 6 8 1 1 1 1 1 15 7 9 10 12 10 |
12724: 4 1 1 1 1 1 1 1 1 1 4 1 1 4 4 1 |1 1 9 1 1 1 1 1 1 2 1 1 1 1 15 14 |1 1 1 1 5 3 1 5 1 1 1 5 12 34 109 158 |9 14 17 8 15 4 1 5 13 16 10 17 95 206 230 183 |12 5 1 9 11 26 1 1 1 1 7 84 225 240 208 35 |1 1 10 1 7 15 12 12 3 13 9 74 152 146 60 1 |1 1 1 1 1 1 1 1 1 1 10 1 4 25 6 8 |1 1 1 1 9 14 1 1 1 1 1 9 10 1 1 7 |1 1 1 1 10 1 1 8 1 1 12 1 1 3 1 3 |1 1 1 1 1 1 1 1 1 1 1 1 1 1 1 10 |4 1 1 1 3 1 6 1 1 1 1 1 5 1 1 3 |1 6 1 6 8 1 1 1 1 1 15 7 9 10 12 10 |
12735: 4 1 1 1 1 1 1 1 1 1 4 1 1 4 4 1 |1 1 1 6 15 1 1 1 1 1 1 1 1 1 13 13 |1 1 2 1 9 17 1 5 1 1 1 7 13 33 94 160 |8 8 8 8 1 1 16 7 25 31 7 18 79 189 231 173 |12 1 2 3 29 20 1 10 1 4 21 102 215 236 204 36 |1 2 1 1 1 1 11 8 11 17 21 75 162 154 46 9 |1 1 1 1 1 1 1 7 1 1 11 5 1 25 1 8 |1 1 1 4 1 2 1 1 1 2 1 8 8 1 1 1 |1 1 1 1 1 1 1 8 1 1 13 1 7 1 3 1 |1 1 1 8 1 1 1 1 1 1 1 1 12 11 1 1 |3 1 1 1 1 1 7 1 1 1 1 1 2 1 1 1 |1 6 1 6 8 1 1 1 1 1 15 7 9 10 12 10 |
12746: 4 1 1 1 1 1 1 1 1 1 4 1 1 4 4 1 |1 1 1 6 15 1 1 1 1 1 1 1 1 1 13 13 |1 1 2 1 9 17 1 5 1 1 1 7 13 33 94 160 |8 8 8 8 1 1 16 7 25 31 7 18 79 189 231 173 |12 1 2 3 29 20 1 10 1 4 21 102 215 236 204 36 |1 2 1 1 1 1 11 8 11 17 21 75 162 154 46 9 |1 1 1 1 1 1 1 7 1 1 11 5 1 25 1 8 |1 1 1 4 1 2 1 1 1 2 1 8 8 1 1 1 |1 1 1 1 1 1 1 8 1 1 13 1 7 1 3 1 |1 1 1 8 1 1 1 1 1 1 1 1 12 11 1 1 |3 1 1 1 1 1 7 1 1 1 1 1 2 1 1 1 |1 10 1 1 2 1 1 1 1 1 8 3 1 8 14 2 |
12756: 7 1 1 1 1 1 2 1 1 1 6 13 1 7 1 5 |1 1 1 6 15 1 1 1 1 1 1 1 1 1 13 13 |1 1 2 1 9 17 1 5 1 1 1 7 13 33 94 160 |8 8 8 8 1 1 16 7 25 31 7 18 79 189 231 173 |12 1 2 3 29 20 1 10 1 4 21 102 215 236 204 36 |1 2 1 1 1 1 11 8 11 17 21 75 162 154 46 9 |1 1 1 1 1 1 1 7 1 1 11 5 1 25 1 8 |1 1 1 4 1 2 1 1 1 2 1 8 8 1 1 1 |1 1 1 1 1 1 1 8 1 1 13 1 7 1 3 1 |1 1 1 8 1 1 1 1 1 1 1 1 12 11 1 1 |3 1 1 1 1 1 7 1 1 1 1 1 2 1 1 1 |1 10 1 1 2 1 1 1 1 1 8 3 1 8 14 2 |
12767: 7 1 1 1 1 1 2 1 1 1 6 13 1 7 1 5 |1 1 3 4 1 1 1 1 1 1 1 1 1 1 12 25 |5 1 1 1 1 1 1 7 1 1 1 5 6 34 106 163 |4 14 13 9 2 13 1 1 6 1 1 11 107 219 238 184 |8 1 6 7 6 10 1 2 1 1 2 78 235 261 208 48 |1 7 1 1 4 1 1 10 1 13 17 74 144 138 60 5 |1 1 1 1 1 4 1 8 1 1 11 2 1 23 5 10 |1 1 4 5 1 1 1 1 1 1 1 1 2 1 1 8 |1 1 1 6 1 1 1 7 1 1 4 1 1 4 8 6 |1 1 1 1 1 1 6 1 1 1 1 1 1 3 1 8 |5 1 1 1 1 1 3 1 1 1 4 8 5 1 1 1 |1 10 1 1 2 1 1 1 1 1 8 3 1 8 14 2 |
12778: 7 1 1 1 1 1 2 1 1 1 6 13 1 7 1 5 |1 1 3 4 1 1 1 1 1 1 1 1 1 1 12 25 |5 1 1 1 1 1 1 7 1 1 1 5 6 34 106 163 |4 14 13 9 2 13 1 1 6 1 1 11 107 219 238 184 |8 1 6 7 6 10 1 2 1 1 2 78 235 261 208 48 |1 7 1 1 4 1 1 10 1 13 17 74 144 138 60 5 |1 1 1 1 1 4 1 8 1 1 11 2 1 23 5 10 |1 1 4 5 1 1 1 1 1 1 1 1 2 1 1 8 |1 1 1 6 1 1 1 7 1 1 4 1 1 4 8 6 |1 1 1 1 1 1 6 1 1 1 1 1 1 3 1 8 |5 1 1 1 1 1 3 1 1 1 4 8 5 1 1 1 |1 11 1 8 2 1 1 1 1 1 6 1 1 1 20 7 |
12788: 7 1 1 1 1 1 2 1 1 1 6 13 1 7 1 5 |1 1 3 4 1 1 1 1 1 1 1 1 1 1 12 25 |5 1 1 1 1 1 1 7 1 1 1 5 6 34 106 163 |4 14 13 9 2 13 1 1 6 1 1 11 107 219 238 184 |8 1 6 7 6 10 1 2 1 1 2 78 235 261 208 48 |1 7 1 1 4 1 1 10 1 13 17 74 144 138 60 5 |1 1 1 1 1 4 1 8 1 1 11 2 1 23 5 10 |1 1 4 5 1 1 1 1 1 1 1 1 2 1 1 8 |1 1 1 6 1 1 1 7 1 1 4 1 1 4 8 6 |1 1 1 1 1 1 6 1 1 1 1 1 1 3 1 8 |5 1 1 1 1 1 3 1 1 1 4 8 5 1 1 1 |1 11 1 8 2 1 1 1 1 1 6 1 1 1 20 7 |
12799: 6 1 1 3 1 1 1 1 1 1 5 14 1 5 1 1 |1 1 1 1 1 1 1 1 1 1 1 1 1 1 9 13 |1 1 1 1 1 3 1 6 1 1 1 4 8 26 105 165 |7 1 4 1 10 8 1 1 15 12 1 19 82 187 230 186 |24 8 1 1 16 1 2 1 1 6 6 73 217 237 202 37 |1 1 1 1 2 8 12 18 1 2 10 65 149 137 38 1 |1 1 1 1 1 1 1 8 1 2 10 1 12 21 7 8 |1 1 1 12 1 1 1 1 1 7 1 9 13 1 1 1 |1 1 1 1 1 1 1 5 1 1 7 1 1 2 1 3 |1 1 1 1 2 1 1 1 1 1 1 2 10 15 1 8 |5 1 1 1 1 1 3 1 1 1 4 8 5 1 1 1 |1 11 1 8 2 1 1 1 1 1 6 1 1 1 20 7 |
12810: 6 1 1 3 1 1 1 1 1 1 5 14 1 5 1 1 |1 1 1 1 1 1 1 1 1 1 1 1 1 1 9 13 |1 1 1 1 1 3 1 6 1 1 1 4 8 26 105 165 |7 1 4 1 10 8 1 1 15 12 1 19 82 187 230 186 |24 8 1 1 16 1 2 1 1 6 6 73 217 237 202 37 |1 1 1 1 2 8 12 18 1 2 10 65 149 137 38 1 |1 1 1 1 1 1 1 8 1 2 10 1 12 21 7 8 |1 1 1 12 1 1 1 1 1 7 1 9 13 1 1 1 |1 1 1 1 1 1 1 5 1 1 7 1 1 2 1 3 |1 1 1 1 2 1 1 1 1 1 1 2 10 15 1 8 |1 1 1 1 1 1 7 1 1 1 1 6 7 1 1 1 |1 15 1 7 1 1 1 1 1 1 5 13 7 10 16 7 |
12821: 1 1 1 5 1 1 1 1 1 1 5 8 1 8 2 6 |1 1 1 1 1 1 1 1 1 1 1 1 1 1 9 13 |1 1 1 1 1 3 1 6 1 1 1 4 8 26 105 165 |7 1 4 1 10 8 1 1 15 12 1 19 82 187 230 186 |24 8 1 1 16 1 2 1 1 6 6 73 217 237 202 37 |1 1 1 1 2 8 12 18 1 2 10 65 149 137 38 1 |1 1 1 1 1 1 1 8 1 2 10 1 12 21 7 8 |1 1 1 12 1 1 1 1 1 7 1 9 13 1 1 1 |1 1 1 1 1 1 1 5 1 1 7 1 1 2 1 3 |1 1 1 1 2 1 1 1 1 1 1 2 10 15 1 8 |1 1 1 1 1 1 7 1 1 1 1 6 7 1 1 1 |1 15 1 7 1 1 1 1 1 1 5 13 7 10 16 7 |
12832: 1 1 1 5 1 1 1 1 1 1 5 8 1 8 2 6 |1 1 16 3 5 1 1 1 1 2 1 1 1 1 10 23 |1 1 1 1 1 1 1 1 1 1 2 5 6 24 71 133 |8 4 17 4 10 10 1 6 1 12 10 20 63 179 215 182 |13 1 2 1 15 1 11 13 1 1 6 59 213 232 191 41 |1 1 1 7 5 1 25 17 3 3 6 43 155 152 50 1 |1 1 1 1 1 4 1 7 1 2 7 1 1 23 2 8 |1 1 1 12 5 6 1 1 1 7 1 7 7 1 1 1 |1 1 1 6 1 1 1 1 1 1 13 1 1 1 4 7 |1 1 3 11 1 1 2 1 1 1 1 1 11 9 1 8 |3 1 1 1 1 1 1 1 1 1 1 6 1 1 1 1 |1 10 1 8 1 1 4 1 1 1 13 7 1 8 12 15 |
12843: 1 1 1 5 1 1 1 1 1 1 5 8 1 8 2 6 |1 1 16 3 5 1 1 1 1 2 1 1 1 1 10 23 |1 1 1 1 1 1 1 1 1 1 2 5 6 24 71 133 |8 4 17 4 10 10 1 6 1 12 10 20 63 179 215 182 |13 1 2 1 15 1 11 13 1 1 6 59 213 232 191 41 |1 1 1 7 5 1 25 17 3 3 6 43 155 152 50 1 |1 1 1 1 1 4 1 7 1 2 7 1 1 23 2 8 |1 1 1 12 5 6 1 1 1 7 1 7 7 1 1 1 |1 1 1 6 1 1 1 1 1 1 13 1 1 1 4 7 |1 1 3 11 1 1 2 1 1 1 1 1 11 9 1 8 |3 1 1 1 1 1 1 1 1 1 1 6 1 1 1 1 |1 10 1 8 1 1 4 1 1 1 13 7 1 8 12 15 |
12853: 3 1 1 3 1 1 1 1 1 1 5 7 1 8 3 6 |1 1 16 3 5 1 1 1 1 2 1 1 1 1 10 23 |1 1 1 1 1 1 1 1 1 1 2 5 6 24 71 133 |8 4 17 4 10 10 1 6 1 12 10 20 63 179 215 182 |13 1 2 1 15 1 11 13 1 1 6 59 213 232 191 41 |1 1 1 7 5 1 25 17 3 3 6 43 155 152 50 1 |1 1 1 1 1 4 1 7 1 2 7 1 1 23 2 8 |1 1 1 12 5 6 1 1 1 7 1 7 7 1 1 1 |1 1 1 6 1 1 1 1 1 1 13 1 1 1 4 7 |1 1 3 11 1 1 2 1 1 1 1 1 11 9 1 8 |3 1 1 1 1 1 1 1 1 1 1 6 1 1 1 1 |1 10 1 8 1 1 4 1 1 1 13 7 1 8 12 15 |
12865: 3 1 1 3 1 1 1 1 1 1 5 7 1 8 3 6 |1 1 10 1 1 1 1 1 1 1 1 1 1 5 20 10 |1 1 1 1 1 3 1 1 1 1 1 1 3 3 30 98 |1 6 3 3 9 10 1 1 8 5 1 6 30 133 211 187 |6 1 2 1 13 1 1 4 9 10 23 34 162 229 217 68 |1 1 3 1 6 13 11 13 13 4 20 32 154 189 111 21 |1 1 1 1 1 1 1 7 1 1 13 7 5 34 4 1 |1 1 1 12 5 4 1 4 6 7 1 5 9 2 4 1 |1 1 3 1 4 1 1 7 1 1 12 1 1 1 4 5 |1 1 1 1 1 1 1 1 1 1 4 2 9 13 1 8 |2 1 1 1 1 1 1 1 1 1 1 9 10 1 1 2 |1 10 1 8 1 1 4 1 1 1 13 7 1 8 12 15 |
12875: 3 1 1 3 1 1 1 1 1 1 5 7 1 8 3 6 |1 1 10 1 1 1 1 1 1 1 1 1 1 5 20 10 |1 1 1 1 1 3 1 1 1 1 1 1 3 3 30 98 |1 6 3 3 9 10 1 1 8 5 1 6 30 133 211 187 |6 1 2 1 13 1 1 4 9 10 23 34 162 229 217 68 |1 1 3 1 6 13 11 13 13 4 20 32 154 189 111 21 |1 1 1 1 1 1 1 7 1 1 13 7 5 34 4 1 |1 1 1 12 5 4 1 4 6 7 1 5 9 2 4 1 |1 1 3 1 4 1 1 7 1 1 12 1 1 1 4 5 |1 1 1 1 1 1 1 1 1 1 4 2 9 13 1 8 |2 1 1 1 1 1 1 1 1 1 1 9 10 1 1 2 |1 10 1 1 1 1 1 1 1 1 12 9 1 11 11 8 |
12886: 1 1 1 5 1 1 1 1 1 1 5 2 1 1 1 7 |1 1 10 1 1 1 1 1 1 1 1 1 1 5 20 10 |1 1 1 1 1 3 1 1 1 1 1 1 3 3 30 98 |1 6 3 3 9 10 1 1 8 5 1 6 30 133 211 187 |6 1 2 1 13 1 1 4 9 10 23 34 162 229 217 68 |1 1 3 1 6 13 11 13 13 4 20 32 154 189 111 21 |1 1 1 1 1 1 1 7 1 1 13 7 5 34 4 1 |1 1 1 12 5 4 1 4 6 7 1 5 9 2 4 1 |1 1 3 1 4 1 1 7 1 1 12 1 1 1 4 5 |1 1 1 1 1 1 1 1 1 1 4 2 9 13 1 8 |2 1 1 1 1 1 1 1 1 1 1 9 10 1 1 2 |1 10 1 1 1 1 1 1 1 1 12 9 1 11 11 8 |
12898: 1 1 1 5 1 1 1 1 1 1 5 2 1 1 1 7 |1 1 1 1 1 1 1 1 1 1 1 1 1 1 7 15 |1 1 1 1 1 1 1 1 1 1 1 1 1 1 10 51 |1 1 7 1 1 5 2 1 8 1 1 3 17 62 167 199 |13 1 1 1 7 1 1 1 1 1 10 11 82 206 235 126 |1 1 1 13 5 15 11 6 11 9 7 23 114 214 164 45 |3 1 1 1 1 5 1 1 1 1 13 5 4 43 15 1 |1 1 1 11 1 15 1 1 7 1 1 9 9 1 1 7 |1 1 1 1 1 1 1 9 1 1 14 1 1 1 1 3 |1 1 1 4 1 1 4 1 1 1 1 3 12 9 4 10 |5 1 1 1 1 1 2 1 1 1 1 7 10 4 2 2 |1 10 1 1 1 1 1 1 1 1 12 9 1 11 11 8 |
12908: 1 1 1 5 1 1 1 1 1 1 5 2 1 1 1 7 |1 1 1 1 1 1 1 1 1 1 1 1 1 1 7 15 |1 1 1 1 1 1 1 1 1 1 1 1 1 1 10 51 |1 1 7 1 1 5 2 1 8 1 1 3 17 62 167 199 |13 1 1 1 7 1 1 1 1 1 10 11 82 206 235 126 |1 1 1 13 5 15 11 6 11 9 7 23 114 214 164 45 |3 1 1 1 1 5 1 1 1 1 13 5 4 43 15 1 |1 1 1 11 1 15 1 1 7 1 1 9 9 1 1 7 |1 1 1 1 1 1 1 9 1 1 14 1 1 1 1 3 |1 1 1 4 1 1 4 1 1 1 1 3 12 9 4 10 |5 1 1 1 1 1 2 1 1 1 1 7 10 4 2 2 |1 4 1 1 10 1 1 1 1 1 1 1 1 8 11 1 |
12919: 8 1 1 1 1 1 1 1 1 1 6 3 1 2 1 4 |1 1 1 1 1 1 1 1 1 1 1 1 1 5 13 4 |1 1 1 1 1 1 1 1 1 1 1 1 1 1 10 51 |1 1 7 1 1 5 2 1 8 1 1 3 17 62 167 199 |13 1 1 1 7 1 1 1 1 1 10 11 82 206 235 126 |1 1 1 13 5 15 11 6 11 9 7 23 114 214 164 45 |3 1 1 1 1 5 1 1 1 1 13 5 4 43 15 1 |1 1 1 11 1 15 1 1 7 1 1 9 9 1 1 7 |1 1 1 1 1 1 1 9 1 1 14 1 1 1 1 3 |1 1 1 4 1 1 4 1 1 1 1 3 12 9 4 10 |5 1 1 1 1 1 2 1 1 1 1 7 10 4 2 2 |1 4 1 1 10 1 1 1 1 1 1 1 1 8 11 1 |
12929: 8 1 1 1 1 1 1 1 1 1 6 3 1 2 1 4 |1 1 1 1 1 1 1 1 1 1 1 1 1 5 13 4 |1 1 1 1 1 1 1 1 1 1 1 1 1 1 9 23 |1 4 1 1 1 1 1 9 11 1 4 1 1 18 92 167 |12 1 4 1 6 1 1 1 1 1 9 16 19 148 226 186 |1 1 1 15 16 14 14 10 1 4 12 23 40 200 203 92 |1 1 1 1 1 1 1 8 1 3 12 1 14 44 41 17 |1 1 1 1 1 1 1 1 1 1 1 1 14 1 9 12 |1 1 1 1 1 1 1 8 1 1 14 1 1 1 9 13 |1 1 1 1 2 1 1 1 1 1 5 4 10 15 1 1 |5 1 1 1 1 1 2 1 1 1 1 7 10 4 2 2 |1 4 1 1 10 1 1 1 1 1 1 1 1 8 11 1 |
12941: 8 1 1 1 1 1 1 1 1 1 6 3 1 2 1 4 |1 1 1 1 1 1 1 1 1 1 1 1 1 5 13 4 |1 1 1 1 1 1 1 1 1 1 1 1 1 1 9 23 |1 4 1 1 1 1 1 9 11 1 4 1 1 18 92 167 |12 1 4 1 6 1 1 1 1 1 9 16 19 148 226 186 |1 1 1 15 16 14 14 10 1 4 12 23 40 200 203 92 |1 1 1 1 1 1 1 8 1 3 12 1 14 44 41 17 |1 1 1 1 1 1 1 1 1 1 1 1 14 1 9 12 |1 1 1 1 1 1 1 8 1 1 14 1 1 1 9 13 |1 1 1 1 2 1 1 1 1 1 5 4 10 15 1 1 |4 1 1 2 1 1 1 1 1 1 1 7 5 1 7 12 |1 3 1 1 8 1 5 1 1 1 13 1 8 1 20 10 |
12952: 1 1 1 1 1 1 1 1 1 1 1 1 1 1 1 9 |1 1 1 1 1 1 1 1 1 1 1 1 1 5 13 4 |1 1 1 1 1 1 1 1 1 1 1 1 1 1 9 23 |1 4 1 1 1 1 1 9 11 1 4 1 1 18 92 167 |12 1 4 1 6 1 1 1 1 1 9 16 19 148 226 186 |1 1 1 15 16 14 14 10 1 4 12 23 40 200 203 92 |1 1 1 1 1 1 1 8 1 3 12 1 14 44 41 17 |1 1 1 1 1 1 1 1 1 1 1 1 14 1 9 12 |1 1 1 1 1 1 1 8 1 1 14 1 1 1 9 13 |1 1 1 1 2 1 1 1 1 1 5 4 10 15 1 1 |4 1 1 2 1 1 1 1 1 1 1 7 5 1 7 12 |1 3 1 1 8 1 5 1 1 1 13 1 8 1 20 10 |
12963: 1 1 1 1 1 1 1 1 1 1 1 1 1 1 1 9 |1 1 1 1 1 1 1 1 1 1 1 1 1 1 1 2 |1 1 1 1 1 1 1 1 1 1 1 1 1 1 1 4 |1 5 4 1 1 1 1 1 11 6 1 4 7 1 33 93 |3 6 2 1 17 4 1 7 5 1 4 8 9 63 182 222 |1 11 1 12 18 14 7 8 1 11 9 5 20 139 221 149 |1 1 1 1 1 1 1 6 1 2 12 1 1 35 59 18 |1 1 1 11 1 1 1 1 1 8 1 1 13 1 10 12 |3 1 1 1 1 1 1 7 1 1 12 1 6 1 8 14 |1 1 1 1 1 1 8 1 1 1 1 1 1 17 1 9 |4 1 1 2 1 1 1 1 1 1 1 7 5 1 7 12 |1 3 1 1 8 1 5 1 1 1 13 1 8 1 20 10 |
12973: 1 1 1 1 1 1 1 1 1 1 1 1 1 1 1 9 |1 1 1 1 1 1 1 1 1 1 1 1 1 1 1 2 |1 1 1 1 1 1 1 1 1 1 1 1 1 1 1 4 |1 5 4 1 1 1 1 1 11 6 1 4 7 1 33 93 |3 6 2 1 17 4 1 7 5 1 4 8 9 63 182 222 |1 11 1 12 18 14 7 8 1 11 9 5 20 139 221 149 |1 1 1 1 1 1 1 6 1 2 12 1 1 35 59 18 |1 1 1 11 1 1 1 1 1 8 1 1 13 1 10 12 |3 1 1 1 1 1 1 7 1 1 12 1 6 1 8 14 |1 1 1 1 1 1 8 1 1 1 1 1 1 17 1 9 |3 1 1 1 1 1 8 1 1 1 1 8 7 4 1 3 |1 4 1 8 5 1 1 1 1 1 13 2 3 1 18 15 |
12984: 1 1 1 1 1 1 1 1 1 1 6 1 1 1 1 7 |1 1 1 1 1 1 1 1 1 1 1 1 1 1 1 2 |1 1 1 1 1 1 1 1 1 1 1 1 1 1 1 4 |1 5 4 1 1 1 1 1 11 6 1 4 7 1 33 93 |3 6 2 1 17 4 1 7 5 1 4 8 9 63 182 222 |1 11 1 12 18 14 7 8 1 11 9 5 20 139 221 149 |1 1 1 1 1 1 1 6 1 2 12 1 1 35 59 18 |1 1 1 11 1 1 1 1 1 8 1 1 13 1 10 12 |3 1 1 1 1 1 1 7 1 1 12 1 6 1 8 14 |1 1 1 1 1 1 8 1 1 1 1 1 1 17 1 9 |3 1 1 1 1 1 8 1 1 1 1 8 7 4 1 3 |1 4 1 8 5 1 1 1 1 1 13 2 3 1 18 15 |
12995: 1 1 1 1 1 1 1 1 1 1 6 1 1 1 1 7 |1 1 1 1 1 1 1 1 1 1 1 1 1 1 13 2 |1 1 1 1 1 1 1 1 1 1 1 1 1 1 1 5 |1 1 7 1 1 1 1 1 1 4 1 1 1 1 11 30 |3 1 1 1 12 8 3 1 1 1 2 1 6 32 97 202 |1 6 3 14 16 13 7 19 15 3 6 9 11 58 194 202 |1 1 1 1 7 6 1 1 1 4 9 3 3 33 64 41 |1 1 1 12 6 1 1 1 1 1 1 2 11 1 1 1 |3 1 1 1 1 1 1 7 1 1 12 1 6 1 8 14 |1 1 1 1 1 1 8 1 1 1 1 1 1 17 1 9 |3 1 1 1 1 1 8 1 1 1 1 8 7 4 1 3 |1 4 1 8 5 1 1 1 1 1 13 2 3 1 18 15 |
13005: 1 1 1 1 1 1 1 1 1 1 6 1 1 1 1 7 |1 1 1 1 1 1 1 1 1 1 1 1 1 1 13 2 |1 1 1 1 1 1 1 1 1 1 1 1 1 1 1 5 |1 1 7 1 1 1 1 1 1 4 1 1 1 1 11 30 |3 1 1 1 12 8 3 1 1 1 2 1 6 32 97 202 |1 6 3 14 16 13 7 19 15 3 6 9 11 58 194 202 |1 1 1 1 7 6 1 1 1 4 9 3 3 33 64 41 |1 1 1 12 6 1 1 1 1 1 1 2 11 1 1 1 |1 1 1 1 1 1 1 9 1 1 11 1 6 1 1 8 |1 1 1 1 1 1 5 1 1 1 1 1 1 9 1 3 |4 1 9 1 1 1 5 1 1 1 1 9 10 3 6 16 |1 1 1 6 3 1 1 1 1 1 13 4 10 1 1 3 |
13016: 1 1 1 1 1 1 1 1 1 1 6 1 1 1 1 7 |1 1 1 1 1 1 1 1 1 1 1 1 1 1 13 2 |1 1 1 1 1 1 1 1 1 1 1 1 1 1 1 5 |1 1 7 1 1 1 1 1 1 4 1 1 1 1 11 30 |3 1 1 1 12 8 3 1 1 1 2 1 6 32 97 202 |1 6 3 14 16 13 7 19 15 3 6 9 11 58 194 202 |1 1 1 1 7 6 1 1 1 4 9 3 3 33 64 41 |1 1 1 12 6 1 1 1 1 1 1 2 11 1 1 1 |1 1 1 1 1 1 1 9 1 1 11 1 6 1 1 8 |1 1 1 1 1 1 5 1 1 1 1 1 1 9 1 3 |4 1 9 1 1 1 5 1 1 1 1 9 10 3 6 16 |1 1 1 6 3 1 1 1 1 1 13 4 10 1 1 3 |
13048: 6 1 1 5 1 1 1 1 1 1 3 1 1 1 1 1 |1 1 1 1 1 1 1 1 1 1 1 1 1 1 12 1 |1 1 1 1 1 1 1 1 1 1 1 1 1 1 1 5 |1 1 7 1 1 1 1 1 1 4 1 1 1 1 11 30 |3 1 1 1 12 8 3 1 1 1 2 1 6 32 97 202 |1 6 3 14 16 13 7 19 15 3 6 9 11 58 194 202 |1 1 1 1 7 6 1 1 1 4 9 3 3 33 64 41 |1 1 1 12 6 1 1 1 1 1 1 2 11 1 1 1 |1 1 1 1 1 1 1 9 1 1 11 1 6 1 1 8 |1 1 1 1 1 1 5 1 1 1 1 1 1 9 1 3 |4 1 9 1 1 1 5 1 1 1 1 9 10 3 6 16 |1 1 1 6 3 1 1 1 1 1 13 4 10 1 1 3 |
13059: 6 1 1 5 1 1 1 1 1 1 3 1 1 1 1 1 |1 1 1 1 1 1 1 1 1 1 1 1 1 1 12 1 |1 1 1 1 1 1 1 1 1 1 1 1 1 1 1 1 |1 1 7 1 1 1 1 1 1 1 1 1 1 1 1 1 |2 1 1 1 1 1 1 1 1 1 1 1 1 10 3 1 |1 1 1 5 8 4 1 1 1 1 10 5 1 4 1 2 |1 1 1 1 1 7 1 1 1 1 4 1 1 6 1 2 |1 1 1 11 5 1 1 1 13 6 1 1 12 1 1 1 |1 1 1 14 1 1 1 9 1 1 4 1 2 1 1 13 |1 1 1 1 1 1 3 1 1 1 1 1 8 1 1 1 |5 1 1 1 1 1 5 1 1 1 1 8 5 1 1 1 |1 1 1 6 3 1 1 1 1 1 13 4 10 1 1 3 |
13069: 6 1 1 5 1 1 1 1 1 1 3 1 1 1 1 1 |1 1 1 1 1 1 1 1 1 1 1 1 1 1 12 1 |1 1 1 1 1 1 1 1 1 1 1 1 1 1 1 1 |1 1 7 1 1 1 1 1 1 1 1 1 1 1 1 1 |2 1 1 1 1 1 1 1 1 1 1 1 1 10 3 1 |1 1 1 5 8 4 1 1 1 1 10 5 1 4 1 2 |1 1 1 1 1 7 1 1 1 1 4 1 1 6 1 2 |1 1 1 11 5 1 1 1 13 6 1 1 12 1 1 1 |1 1 1 14 1 1 1 9 1 1 4 1 2 1 1 13 |1 1 1 1 1 1 3 1 1 1 1 1 8 1 1 1 |5 1 1 1 1 1 5 1 1 1 1 8 5 1 1 1 |1 7 1 1 1 1 2 1 1 1 13 6 7 1 10 7 |
13081: 5 1 1 1 1 1 1 1 1 1 1 2 1 1 1 1 |1 1 1 1 10 1 1 1 1 1 1 1 1 1 4 1 |1 1 1 1 1 1 1 1 1 1 1 1 1 1 1 1 |1 1 7 1 1 1 1 1 1 1 1 1 1 1 1 1 |2 1 1 1 1 1 1 1 1 1 1 1 1 10 3 1 |1 1 1 5 8 4 1 1 1 1 10 5 1 4 1 2 |1 1 1 1 1 7 1 1 1 1 4 1 1 6 1 2 |1 1 1 11 5 1 1 1 13 6 1 1 12 1 1 1 |1 1 1 14 1 1 1 9 1 1 4 1 2 1 1 13 |1 1 1 1 1 1 3 1 1 1 1 1 8 1 1 1 |5 1 1 1 1 1 5 1 1 1 1 8 5 1 1 1 |1 7 1 1 1 1 2 1 1 1 13 6 7 1 10 7 |
13092: 5 1 1 1 1 1 1 1 1 1 1 2 1 1 1 1 |1 1 1 1 10 1 1 1 1 1 1 1 1 1 4 1 |1 1 1 1 1 1 1 1 1 1 1 1 1 1 1 1 |1 1 1 1 1 1 1 1 1 1 1 1 1 1 1 1 |1 1 1 1 1 1 1 1 1 1 1 1 1 1 1 1 |1 1 1 1 1 1 6 1 1 1 1 1 1 1 1 1 |1 1 1 1 1 1 1 4 1 1 1 1 1 1 1 1 |1 1 1 15 1 1 1 1 1 1 1 1 1 1 1 5 |1 1 1 6 1 1 1 6 1 1 11 1 1 1 1 5 |1 1 1 1 1 1 1 1 1 1 1 9 1 1 1 1 |3 1 1 1 1 1 8 1 1 1 1 1 1 1 1 1 |1 14 1 7 3 1 1 1 1 1 9 1 2 1 4 1 |
13103: 5 1 1 1 1 1 1 1 1 1 1 2 1 1 1 1 |1 1 1 1 10 1 1 1 1 1 1 1 1 1 4 1 |1 1 1 1 1 1 1 1 1 1 1 1 1 1 1 1 |1 1 1 1 1 1 1 1 1 1 1 1 1 1 1 1 |1 1 1 1 1 1 1 1 1 1 1 1 1 1 1 1 |1 1 1 1 1 1 6 1 1 1 1 1 1 1 1 1 |1 1 1 1 1 1 1 4 1 1 1 1 1 1 1 1 |1 1 1 15 1 1 1 1 1 1 1 1 1 1 1 5 |1 1 1 6 1 1 1 6 1 1 11 1 1 1 1 5 |1 1 1 1 1 1 1 1 1 1 1 9 1 1 1 1 |3 1 1 1 1 1 8 1 1 1 1 1 1 1 1 1 |1 14 1 7 3 1 1 1 1 1 9 1 2 1 4 1 |
13114: 1 1 1 1 1 1 1 1 1 1 1 6 1 1 1 1 |1 1 4 1 1 1 1 1 1 1 1 1 1 1 2 1 |1 1 1 1 1 1 1 1 1 1 1 1 1 1 1 1 |1 1 1 1 1 1 1 1 1 1 1 1 1 1 1 1 |1 1 1 1 1 1 1 1 1 1 1 1 1 1 1 1 |1 1 1 1 1 1 6 1 1 1 1 1 1 1 1 1 |1 1 1 1 1 1 1 4 1 1 1 1 1 1 1 1 |1 1 1 15 1 1 1 1 1 1 1 1 1 1 1 5 |1 1 1 6 1 1 1 6 1 1 11 1 1 1 1 5 |1 1 1 1 1 1 1 1 1 1 1 9 1 1 1 1 |3 1 1 1 1 1 8 1 1 1 1 1 1 1 1 1 |1 14 1 7 3 1 1 1 1 1 9 1 2 1 4 1 |
13125: 1 1 1 1 1 1 1 1 1 1 1 6 1 1 1 1 |1 1 4 1 1 1 1 1 1 1 1 1 1 1 2 1 |1 1 1 1 1 1 1 1 1 1 1 1 1 1 1 1 |1 1 1 1 1 1 1 1 1 1 1 1 1 1 1 1 |1 1 1 1 1 1 1 1 1 1 1 1 1 2 1 1 |1 1 1 5 1 1 2 1 1 2 2 1 1 3 1 1 |1 1 1 1 1 1 1 1 1 1 4 1 1 1 1 2 |1 1 1 2 1 1 1 1 1 1 1 1 1 1 1 5 |1 1 1 1 1 1 1 10 1 1 6 1 1 1 1 1 |1 1 1 9 1 1 1 1 1 1 1 1 1 1 1 1 |3 1 1 1 1 1 8 1 1 1 1 1 1 1 1 1 |1 14 1 7 3 1 1 1 1 1 9 1 2 1 4 1 |
13136: 1 1 1 1 1 1 1 1 1 1 1 6 1 1 1 1 |1 1 4 1 1 1 1 1 1 1 1 1 1 1 2 1 |1 1 1 1 1 1 1 1 1 1 1 1 1 1 1 1 |1 1 1 1 1 1 1 1 1 1 1 1 1 1 1 1 |1 1 1 1 1 1 1 1 1 1 1 1 1 2 1 1 |1 1 1 5 1 1 2 1 1 2 2 1 1 3 1 1 |1 1 1 1 1 1 1 1 1 1 4 1 1 1 1 2 |1 1 1 2 1 1 1 1 1 1 1 1 1 1 1 5 |1 1 1 1 1 1 1 10 1 1 6 1 1 1 1 1 |1 1 1 9 1 1 1 1 1 1 1 1 1 1 1 1 |3 1 1 1 1 1 6 1 1 1 1 2 1 1 1 4 |1 1 1 1 7 1 1 1 1 1 5 2 9 1 2 1 |
13146: 1 1 1 1 1 1 1 1 1 1 5 1 1 1 1 1 |1 1 5 3 1 1 1 1 1 1 1 1 1 1 2 1 |1 1 1 1 1 1 1 1 1 1 1 1 1 1 1 1 |1 1 1 1 1 1 1 1 1 1 1 1 1 1 1 1 |1 1 1 1 1 1 1 1 1 1 1 1 1 2 1 1 |1 1 1 5 1 1 2 1 1 2 2 1 1 3 1 1 |1 1 1 1 1 1 1 1 1 1 4 1 1 1 1 2 |1 1 1 2 1 1 1 1 1 1 1 1 1 1 1 5 |1 1 1 1 1 1 1 10 1 1 6 1 1 1 1 1 |1 1 1 9 1 1 1 1 1 1 1 1 1 1 1 1 |3 1 1 1 1 1 6 1 1 1 1 2 1 1 1 4 |1 1 1 1 7 1 1 1 1 1 5 2 9 1 2 1 |
13157: 1 1 1 1 1 1 1 1 1 1 5 1 1 1 1 1 |1 1 5 3 1 1 1 1 1 1 1 1 1 1 2 1 |1 1 1 1 1 1 1 1 1 1 1 1 1 1 1 1 |1 1 1 1 1 1 1 1 1 1 1 1 1 1 1 1 |1 1 1 1 1 1 1 1 1 1 1 1 1 1 1 1 |1 1 1 1 1 6 3 3 1 4 1 1 1 3 1 1 |1 1 1 1 1 1 1 4 1 1 1 2 1 1 1 1 |1 1 1 1 6 5 1 1 5 5 1 1 1 1 1 6 |1 1 2 1 1 1 1 9 1 1 1 1 1 1 1 1 |1 1 1 9 1 1 1 1 1 1 1 1 1 1 1 1 |3 1 1 1 1 1 6 1 1 1 1 2 1 1 1 4 |1 1 1 1 7 1 1 1 1 1 5 2 9 1 2 1 |
13168: 1 1 1 1 1 1 1 1 1 1 5 1 1 1 1 1 |1 1 5 3 1 1 1 1 1 1 1 1 1 1 2 1 |1 1 1 1 1 1 1 1 1 1 1 1 1 1 1 1 |1 1 1 1 1 1 1 1 1 1 1 1 1 1 1 1 |1 1 1 1 1 1 1 1 1 1 1 1 1 1 1 1 |1 1 1 1 1 6 3 3 1 4 1 1 1 3 1 1 |1 1 1 1 1 1 1 4 1 1 1 2 1 1 1 1 |1 1 1 1 6 5 1 1 5 5 1 1 1 1 1 6 |1 1 2 1 1 1 1 9 1 1 1 1 1 1 1 1 |1 1 1 7 1 1 1 1 1 1 1 1 1 7 1 1 |2 1 1 1 1 1 1 1 1 1 1 6 1 1 6 1 |1 9 1 1 11 1 1 1 1 1 1 10 8 1 3 1 |
13180: 1 1 1 1 1 1 1 1 1 1 5 6 1 1 1 1 |1 1 3 1 1 1 1 1 1 1 1 1 1 1 2 1 |1 1 1 1 1 1 1 1 1 1 1 1 1 1 1 1 |1 1 1 1 1 1 1 1 1 1 1 1 1 1 1 1 |1 1 1 1 1 1 1 1 1 1 1 1 1 1 1 1 |1 1 1 1 1 6 3 3 1 4 1 1 1 3 1 1 |1 1 1 1 1 1 1 4 1 1 1 2 1 1 1 1 |1 1 1 1 6 5 1 1 5 5 1 1 1 1 1 6 |1 1 2 1 1 1 1 9 1 1 1 1 1 1 1 1 |1 1 1 7 1 1 1 1 1 1 1 1 1 7 1 1 |2 1 1 1 1 1 1 1 1 1 1 6 1 1 6 1 |1 9 1 1 11 1 1 1 1 1 1 10 8 1 3 1 |
13191: 1 1 1 1 1 1 1 1 1 1 5 6 1 1 1 1 |1 1 3 1 1 1 1 1 1 1 1 1 1 1 2 1 |1 1 1 1 1 1 1 1 1 1 1 1 1 1 1 1 |1 1 1 1 1 1 1 1 1 1 1 1 1 1 1 1 |1 1 1 1 1 1 1 1 1 1 1 1 1 2 1 1 |1 1 1 1 1 1 2 4 1 3 3 1 1 3 1 1 |1 1 1 1 1 5 1 1 1 1 1 1 1 1 1 1 |1 1 1 2 7 1 1 1 1 1 1 1 1 1 1 6 |1 1 2 1 1 1 1 8 1 1 1 1 1 1 2 1 |1 1 1 7 1 1 1 1 1 1 1 1 1 7 1 1 |2 1 1 1 1 1 1 1 1 1 1 6 1 1 6 1 |1 9 1 1 11 1 1 1 1 1 1 10 8 1 3 1 |
13202: 1 1 1 1 1 1 1 1 1 1 5 6 1 1 1 1 |1 1 3 1 1 1 1 1 1 1 1 1 1 1 2 1 |1 1 1 1 1 1 1 1 1 1 1 1 1 1 1 1 |1 1 1 1 1 1 1 1 1 1 1 1 1 1 1 1 |1 1 1 1 1 1 1 1 1 1 1 1 1 2 1 1 |1 1 1 1 1 1 2 4 1 3 3 1 1 3 1 1 |1 1 1 1 1 5 1 1 1 1 1 1 1 1 1 1 |1 1 1 2 7 1 1 1 1 1 1 1 1 1 1 6 |1 1 2 1 1 1 1 8 1 1 1 1 1 1 2 1 |1 1 1 1 1 1 1 1 1 1 1 8 1 7 1 1 |3 1 4 1 1 1 8 1 1 1 1 1 1 1 1 3 |1 7 1 7 8 1 1 1 1 1 9 1 1 1 3 1 |
13213: 1 1 1 1 1 1 1 1 1 1 5 6 1 1 1 1 |1 1 3 1 1 1 1 1 1 1 1 1 1 1 2 1 |1 1 1 1 1 1 1 1 1 1 1 1 1 1 1 1 |1 1 1 1 1 1 1 1 1 1 1 1 1 1 1 1 |1 1 1 1 1 1 1 1 1 1 1 1 1 2 1 1 |1 1 1 1 1 1 2 4 1 3 3 1 1 3 1 1 |1 1 1 1 1 5 1 1 1 1 1 1 1 1 1 1 |1 1 1 2 7 1 1 1 1 1 1 1 1 1 1 6 |1 1 2 1 1 1 1 8 1 1 1 1 1 1 2 1 |1 1 1 1 1 1 1 1 1 1 1 8 1 7 1 1 |3 1 4 1 1 1 8 1 1 1 1 1 1 1 1 3 |1 7 1 7 8 1 1 1 1 1 9 1 1 1 3 1 |
13224: 4 1 1 1 1 1 1 1 1 1 1 7 1 1 1 1 |1 1 1 5 1 1 1 1 1 1 1 1 1 1 3 1 |1 1 1 1 1 1 1 1 1 1 1 1 1 1 1 1 |1 1 1 1 1 1 1 1 1 1 1 1 1 1 1 1 |1 1 1 1 1 1 1 1 1 1 1 1 1 1 1 1 |1 1 1 1 1 1 1 5 1 1 1 1 1 1 1 1 |1 1 1 1 1 1 1 1 1 1 1 1 1 1 1 1 |1 1 1 1 1 1 1 1 3 1 1 1 1 1 1 4 |1 1 2 1 1 1 1 8 1 1 1 1 1 1 2 1 |1 1 1 1 1 1 1 1 1 1 1 8 1 7 1 1 |3 1 4 1 1 1 8 1 1 1 1 1 1 1 1 3 |1 7 1 7 8 1 1 1 1 1 9 1 1 1 3 1 |
13234: 4 1 1 1 1 1 1 1 1 1 1 7 1 1 1 1 |1 1 1 5 1 1 1 1 1 1 1 1 1 1 3 1 |1 1 1 1 1 1 1 1 1 1 1 1 1 1 1 1 |1 1 1 1 1 1 1 1 1 1 1 1 1 1 1 1 |1 1 1 1 1 1 1 1 1 1 1 1 1 1 1 1 |1 1 1 1 1 1 1 5 1 1 1 1 1 1 1 1 |1 1 1 1 1 1 1 1 1 1 1 1 1 1 1 1 |1 1 1 1 1 1 1 1 3 1 1 1 1 1 1 4 |1 1 1 1 1 1 1 8 1 1 1 1 1 1 1 1 |1 1 1 1 1 1 1 1 1 1 1 9 1 1 1 1 |5 1 1 1 1 1 7 1 1 1 1 5 2 1 1 2 |1 1 1 9 2 1 1 1 1 1 6 8 1 1 3 1 |
13245: 4 1 1 1 1 1 1 1 1 1 1 7 1 1 1 1 |1 1 1 5 1 1 1 1 1 1 1 1 1 1 3 1 |1 1 1 1 1 1 1 1 1 1 1 1 1 1 1 1 |1 1 1 1 1 1 1 1 1 1 1 1 1 1 1 1 |1 1 1 1 1 1 1 1 1 1 1 1 1 1 1 1 |1 1 1 1 1 1 1 5 1 1 1 1 1 1 1 1 |1 1 1 1 1 1 1 1 1 1 1 1 1 1 1 1 |1 1 1 1 1 1 1 1 3 1 1 1 1 1 1 4 |1 1 1 1 1 1 1 8 1 1 1 1 1 1 1 1 |1 1 1 1 1 1 1 1 1 1 1 9 1 1 1 1 |5 1 1 1 1 1 7 1 1 1 1 5 2 1 1 2 |1 1 1 9 2 1 1 1 1 1 6 8 1 1 3 1 |
13256: 1 1 1 1 1 1 1 1 1 1 1 1 1 1 1 1 |1 1 1 1 1 1 1 1 1 1 1 1 1 1 1 1 |1 1 1 1 1 1 1 1 1 1 1 1 1 1 1 1 |1 1 1 1 1 1 1 1 1 1 1 1 1 1 1 1 |1 1 1 1 1 1 1 1 1 1 1 1 1 1 1 1 |1 1 1 1 2 5 2 2 1 4 1 1 1 1 1 1 |1 1 1 1 1 1 1 4 1 1 1 1 1 1 1 1 |1 1 1 1 5 5 1 3 1 1 1 1 1 1 1 4 |1 1 1 1 1 1 1 8 1 1 1 1 1 1 1 1 |1 1 1 1 1 1 1 1 1 1 1 9 1 1 1 1 |5 1 1 1 1 1 7 1 1 1 1 5 2 1 1 2 |1 1 1 9 2 1 1 1 1 1 6 8 1 1 3 1 |
13267: 1 1 1 1 1 1 1 1 1 1 1 1 1 1 1 1 |1 1 1 1 1 1 1 1 1 1 1 1 1 1 1 1 |1 1 1 1 1 1 1 1 1 1 1 1 1 1 1 1 |1 1 1 1 1 1 1 1 1 1 1 1 1 1 1 1 |1 1 1 1 1 1 1 1 1 1 1 1 1 1 1 1 |1 1 1 1 2 5 2 2 1 4 1 1 1 1 1 1 |1 1 1 1 1 1 1 4 1 1 1 1 1 1 1 1 |1 1 1 1 5 5 1 3 1 1 1 1 1 1 1 4 |1 1 1 1 1 1 1 5 1 1 1 1 1 1 1 1 |1 1 1 8 1 1 1 1 1 1 1 10 1 1 1 1 |5 1 1 1 1 1 1 1 1 1 1 1 3 1 5 1 |1 11 1 1 11 1 1 1 1 1 1 1 9 1 10 1 |
13278: 1 1 1 1 1 1 1 1 1 1 1 1 1 1 1 1 |1 1 1 1 1 1 1 1 1 1 1 1 1 1 1 1 |1 1 1 1 1 1 1 1 1 1 1 1 1 1 1 1 |1 1 1 1 1 1 1 1 1 1 1 1 1 1 1 1 |1 1 1 1 1 1 1 1 1 1 1 1 1 1 1 1 |1 1 1 1 2 5 2 2 1 4 1 1 1 1 1 1 |1 1 1 1 1 1 1 4 1 1 1 1 1 1 1 1 |1 1 1 1 5 5 1 3 1 1 1 1 1 1 1 4 |1 1 1 1 1 1 1 5 1 1 1 1 1 1 1 1 |1 1 1 8 1 1 1 1 1 1 1 10 1 1 1 1 |5 1 1 1 1 1 1 1 1 1 1 1 3 1 5 1 |1 11 1 1 11 1 1 1 1 1 1 1 9 1 10 1 |
13288: 2 1 1 1 2 1 1 1 1 1 1 4 1 1 1 1 |1 1 1 1 1 1 1 1 1 1 1 1 1 1 3 1 |1 1 1 1 1 1 1 1 1 1 1 1 1 1 1 1 |1 1 1 1 1 1 1 1 1 1 1 1 1 1 1 1 |1 1 1 1 1 1 1 1 1 1 1 1 1 1 1 1 |1 1 1 1 1 1 1 1 1 2 1 1 1 2 1 1 |1 1 1 1 1 1 1 4 1 1 1 1 1 1 1 1 |1 1 1 1 5 5 1 3 1 1 1 1 1 1 1 4 |1 1 1 1 1 1 1 5 1 1 1 1 1 1 1 1 |1 1 1 8 1 1 1 1 1 1 1 10 1 1 1 1 |5 1 1 1 1 1 1 1 1 1 1 1 3 1 5 1 |1 11 1 1 11 1 1 1 1 1 1 1 9 1 10 1 |
13299: 2 1 1 1 2 1 1 1 1 1 1 4 1 1 1 1 |1 1 1 1 1 1 1 1 1 1 1 1 1 1 3 1 |1 1 1 1 1 1 1 1 1 1 1 1 1 1 1 1 |1 1 1 1 1 1 1 1 1 1 1 1 1 1 1 1 |1 1 1 1 1 1 1 1 1 1 1 1 1 1 1 1 |1 1 1 1 1 1 1 1 1 2 1 1 1 2 1 1 |1 1 1 1 1 1 1 1 1 1 1 1 1 1 1 2 |1 1 1 12 6 1 1 1 3 1 1 1 1 1 1 1 |1 1 1 1 1 1 1 5 1 1 1 1 1 1 1 1 |1 1 1 1 1 1 1 1 1 1 1 9 1 6 1 1 |2 1 1 1 1 1 8 1 1 1 1 1 1 1 1 7 |1 1 1 1 1 1 2 1 1 1 4 11 1 4 2 1 |
13310: 2 1 1 1 2 1 1 1 1 1 1 4 1 1 1 1 |1 1 1 1 1 1 1 1 1 1 1 1 1 1 3 1 |1 1 1 1 1 1 1 1 1 1 1 1 1 1 1 1 |1 1 1 1 1 1 1 1 1 1 1 1 1 1 1 1 |1 1 1 1 1 1 1 1 1 1 1 1 1 1 1 1 |1 1 1 1 1 1 1 1 1 2 1 1 1 2 1 1 |1 1 1 1 1 1 1 1 1 1 1 1 1 1 1 2 |1 1 1 12 6 1 1 1 3 1 1 1 1 1 1 1 |1 1 1 1 1 1 1 5 1 1 1 1 1 1 1 1 |1 1 1 1 1 1 1 1 1 1 1 9 1 6 1 1 |2 1 1 1 1 1 8 1 1 1 1 1 1 1 1 7 |1 1 1 1 1 1 2 1 1 1 4 11 1 4 2 1 |
13321: 1 1 1 1 1 1 1 1 1 1 1 6 1 1 1 1 |1 1 5 3 1 1 1 1 1 1 1 1 1 1 5 1 |1 1 1 1 1 1 1 1 1 1 1 1 1 1 1 1 |1 1 1 1 1 1 1 1 1 1 1 1 1 1 1 1 |1 1 1 1 1 1 1 1 1 1 1 1 1 2 1 1 |1 1 1 1 1 1 3 1 1 3 1 1 1 2 1 1 |1 1 1 1 1 1 1 1 1 1 1 1 1 1 1 2 |1 1 1 12 6 1 1 1 3 1 1 1 1 1 1 1 |1 1 1 1 1 1 1 5 1 1 1 1 1 1 1 1 |1 1 1 1 1 1 1 1 1 1 1 9 1 6 1 1 |2 1 1 1 1 1 8 1 1 1 1 1 1 1 1 7 |1 1 1 1 1 1 2 1 1 1 4 11 1 4 2 1 |
13331: 1 1 1 1 1 1 1 1 1 1 1 6 1 1 1 1 |1 1 5 3 1 1 1 1 1 1 1 1 1 1 5 1 |1 1 1 1 1 1 1 1 1 1 1 1 1 1 1 1 |1 1 1 1 1 1 1 1 1 1 1 1 1 1 1 1 |1 1 1 1 1 1 1 1 1 1 1 1 1 2 1 1 |1 1 1 1 1 1 3 1 1 3 1 1 1 2 1 1 |1 1 1 1 1 1 1 7 1 1 1 3 1 1 1 1 |1 1 1 2 1 1 1 1 1 1 1 1 1 1 1 1 |1 1 1 1 1 1 1 7 1 1 1 1 1 1 1 1 |1 1 1 1 1 1 1 1 1 1 1 10 1 1 1 1 |4 1 1 1 1 1 1 1 1 1 1 5 1 3 1 2 |1 1 1 1 1 1 1 1 1 1 10 3 7 1 3 1 |
13341: 1 1 1 1 1 1 1 1 1 1 1 6 1 1 1 1 |1 1 5 3 1 1 1 1 1 1 1 1 1 1 5 1 |1 1 1 1 1 1 1 1 1 1 1 1 1 1 1 1 |1 1 1 1 1 1 1 1 1 1 1 1 1 1 1 1 |1 1 1 1 1 1 1 1 1 1 1 1 1 2 1 1 |1 1 1 1 1 1 3 1 1 3 1 1 1 2 1 1 |1 1 1 1 1 1 1 7 1 1 1 3 1 1 1 1 |1 1 1 2 1 1 1 1 1 1 1 1 1 1 1 1 |1 1 1 1 1 1 1 7 1 1 1 1 1 1 1 1 |1 1 1 1 1 1 1 1 1 1 1 10 1 1 1 1 |4 1 1 1 1 1 1 1 1 1 1 5 1 3 1 2 |1 1 1 1 1 1 1 1 1 1 10 3 7 1 3 1 |
13352: 4 1 1 1 1 1 1 1 1 1 1 5 1 1 1 1 |1 1 5 1 1 1 1 1 1 1 1 1 1 1 1 1 |1 1 1 1 1 1 1 1 1 1 1 1 1 1 1 1 |1 1 1 1 1 1 1 1 1 1 1 1 1 1 1 1 |1 1 1 1 1 1 1 1 1 1 1 1 1 2 1 1 |1 1 1 1 1 1 3 1 1 3 1 1 1 2 1 1 |1 1 1 1 1 1 1 7 1 1 1 3 1 1 1 1 |1 1 1 2 1 1 1 1 1 1 1 1 1 1 1 1 |1 1 1 1 1 1 1 7 1 1 1 1 1 1 1 1 |1 1 1 1 1 1 1 1 1 1 1 10 1 1 1 1 |4 1 1 1 1 1 1 1 1 1 1 5 1 3 1 2 |1 1 1 1 1 1 1 1 1 1 10 3 7 1 3 1 |
13362: 4 1 1 1 1 1 1 1 1 1 1 5 1 1 1 1 |1 1 5 1 1 1 1 1 1 1 1 1 1 1 1 1 |1 1 1 1 1 1 1 1 1 1 1 1 1 1 1 1 |1 1 1 1 1 1 1 1 1 1 1 1 1 1 1 1 |1 1 1 1 1 1 1 1 1 1 1 1 1 1 1 1 |1 1 1 1 1 1 3 5 1 2 1 1 1 1 1 1 |1 1 1 1 1 1 1 5 1 1 1 1 1 1 1 1 |1 1 1 3 7 1 1 1 5 1 1 1 4 1 1 1 |1 1 2 1 1 1 1 6 1 1 1 1 1 1 1 1 |1 1 1 11 1 1 1 1 1 1 1 7 1 1 1 1 |5 1 1 1 1 1 1 1 1 1 1 7 1 1 1 1 |1 1 1 1 1 1 2 1 1 1 5 1 1 1 2 1 |
13372: 4 1 1 1 1 1 1 1 1 1 1 5 1 1 1 1 |1 1 5 1 1 1 1 1 1 1 1 1 1 1 1 1 |1 1 1 1 1 1 1 1 1 1 1 1 1 1 1 1 |1 1 1 1 1 1 1 1 1 1 1 1 1 1 1 1 |1 1 1 1 1 1 1 1 1 1 1 1 1 1 1 1 |1 1 1 1 1 1 3 5 1 2 1 1 1 1 1 1 |1 1 1 1 1 1 1 5 1 1 1 1 1 1 1 1 |1 1 1 3 7 1 1 1 5 1 1 1 4 1 1 1 |1 1 2 1 1 1 1 6 1 1 1 1 1 1 1 1 |1 1 1 11 1 1 1 1 1 1 1 7 1 1 1 1 |5 1 1 1 1 1 1 1 1 1 1 7 1 1 1 1 |1 1 1 1 1 1 2 1 1 1 5 1 1 1 2 1 |
13383: 2 1 1 1 3 1 1 1 1 1 1 6 1 1 1 1 |1 1 5 1 1 1 1 1 1 1 1 1 1 1 1 1 |1 1 1 1 1 1 1 1 1 1 1 1 1 1 1 1 |1 1 1 1 1 1 1 1 1 1 1 1 1 1 1 1 |1 1 1 1 1 1 1 1 1 1 1 1 1 1 1 1 |1 1 1 1 1 1 3 5 1 2 1 1 1 1 1 1 |1 1 1 1 1 1 1 5 1 1 1 1 1 1 1 1 |1 1 1 3 7 1 1 1 5 1 1 1 4 1 1 1 |1 1 2 1 1 1 1 6 1 1 1 1 1 1 1 1 |1 1 1 11 1 1 1 1 1 1 1 7 1 1 1 1 |5 1 1 1 1 1 1 1 1 1 1 7 1 1 1 1 |1 1 1 1 1 1 2 1 1 1 5 1 1 1 2 1 |
13393: 2 1 1 1 3 1 1 1 1 1 1 6 1 1 1 1 |1 1 1 1 1 1 1 1 1 1 1 1 1 1 4 1 |1 1 1 1 1 1 1 1 1 1 1 1 1 1 1 1 |1 1 1 1 1 1 1 1 1 1 1 1 1 1 1 1 |1 1 1 1 1 1 1 1 1 1 1 1 1 2 1 1 |1 1 1 1 1 1 1 3 2 1 1 1 1 3 1 1 |1 1 1 1 1 1 1 1 1 1 1 1 1 1 1 1 |1 1 1 1 7 1 1 1 5 1 1 1 1 1 1 1 |1 1 2 1 1 1 1 6 1 1 1 1 1 1 1 1 |1 1 1 11 1 1 1 1 1 1 1 7 1 1 1 1 |5 1 1 1 1 1 1 1 1 1 1 7 1 1 1 1 |1 1 1 1 1 1 2 1 1 1 5 1 1 1 2 1 |
13403: 2 1 1 1 3 1 1 1 1 1 1 6 1 1 1 1 |1 1 1 1 1 1 1 1 1 1 1 1 1 1 4 1 |1 1 1 1 1 1 1 1 1 1 1 1 1 1 1 1 |1 1 1 1 1 1 1 1 1 1 1 1 1 1 1 1 |1 1 1 1 1 1 1 1 1 1 1 1 1 2 1 1 |1 1 1 1 1 1 1 3 2 1 1 1 1 3 1 1 |1 1 1 1 1 1 1 1 1 1 1 1 1 1 1 1 |1 1 1 1 7 1 1 1 5 1 1 1 1 1 1 1 |1 1 2 1 1 1 1 9 1 1 1 1 1 1 1 1 |1 1 1 1 1 1 1 1 1 1 1 1 1 1 1 1 |3 1 1 1 1 1 5 1 1 1 1 7 1 1 1 7 |1 1 1 1 1 1 1 1 1 1 6 3 7 1 9 1 |
13414: 2 1 1 1 3 1 1 1 1 1 1 6 1 1 1 1 |1 1 1 1 1 1 1 1 1 1 1 1 1 1 4 1 |1 1 1 1 1 1 1 1 1 1 1 1 1 1 1 1 |1 1 1 1 1 1 1 1 1 1 1 1 1 1 1 1 |1 1 1 1 1 1 1 1 1 1 1 1 1 2 1 1 |1 1 1 1 1 1 1 3 2 1 1 1 1 3 1 1 |1 1 1 1 1 1 1 1 1 1 1 1 1 1 1 1 |1 1 1 1 7 1 1 1 5 1 1 1 1 1 1 1 |1 1 2 1 1 1 1 9 1 1 1 1 1 1 1 1 |1 1 1 1 1 1 1 1 1 1 1 1 1 1 1 1 |3 1 1 1 1 1 5 1 1 1 1 7 1 1 1 7 |1 1 1 1 1 1 1 1 1 1 6 3 7 1 9 1 |
13425: 4 1 1 1 1 1 1 1 1 1 1 1 1 1 1 1 |1 1 3 3 1 1 1 1 1 1 1 1 1 1 5 1 |1 1 1 1 1 1 1 1 1 1 1 1 1 1 1 1 |1 1 1 1 1 1 1 1 1 1 1 1 1 1 1 1 |1 1 1 1 1 1 1 1 1 1 1 1 1 2 1 1 |1 1 1 1 1 1 3 1 1 1 1 1 1 1 1 1 |1 1 1 1 1 1 1 1 1 1 1 1 1 1 1 1 |1 1 1 1 7 1 1 1 5 1 1 1 1 1 1 1 |1 1 2 1 1 1 1 9 1 1 1 1 1 1 1 1 |1 1 1 1 1 1 1 1 1 1 1 1 1 1 1 1 |3 1 1 1 1 1 5 1 1 1 1 7 1 1 1 7 |1 1 1 1 1 1 1 1 1 1 6 3 7 1 9 1 |
13436: 4 1 1 1 1 1 1 1 1 1 1 1 1 1 1 1 |1 1 3 3 1 1 1 1 1 1 1 1 1 1 5 1 |1 1 1 1 1 1 1 1 1 1 1 1 1 1 1 1 |1 1 1 1 1 1 1 1 1 1 1 1 1 1 1 1 |1 1 1 1 1 1 1 1 1 1 1 1 1 2 1 1 |1 1 1 1 1 1 3 1 1 1 1 1 1 1 1 1 |1 1 1 1 1 1 1 1 1 1 1 1 1 4 1 1 |1 1 1 1 1 1 1 1 5 1 1 1 1 1 1 1 |1 1 1 1 1 1 1 6 1 1 1 1 1 1 1 1 |1 1 1 1 1 1 1 1 1 1 1 10 2 7 1 1 |4 1 1 1 1 1 7 1 1 1 1 6 4 1 1 10 |1 1 1 1 1 1 1 1 1 1 12 6 6 1 12 1 |
13446: 4 1 1 1 1 1 1 1 1 1 1 1 1 1 1 1 |1 1 3 3 1 1 1 1 1 1 1 1 1 1 5 1 |1 1 1 1 1 1 1 1 1 1 1 1 1 1 1 1 |1 1 1 1 1 1 1 1 1 1 1 1 1 1 1 1 |1 1 1 1 1 1 1 1 1 1 1 1 1 2 1 1 |1 1 1 1 1 1 3 1 1 1 1 1 1 1 1 1 |1 1 1 1 1 1 1 1 1 1 1 1 1 4 1 1 |1 1 1 1 1 1 1 1 5 1 1 1 1 1 1 1 |1 1 1 1 1 1 1 6 1 1 1 1 1 1 1 1 |1 1 1 1 1 1 1 1 1 1 1 10 2 7 1 1 |4 1 1 1 1 1 7 1 1 1 1 6 4 1 1 10 |1 1 1 1 1 1 1 1 1 1 12 6 6 1 12 1 |
13457: 4 1 1 5 1 1 1 1 1 1 8 6 1 1 1 1 |1 1 1 5 1 1 1 1 1 1 1 1 1 1 1 1 |1 1 1 1 1 1 1 1 1 1 1 1 1 1 1 1 |1 1 1 1 1 1 1 1 1 1 1 1 1 1 1 1 |1 1 1 1 1 1 1 1 1 1 1 1 1 1 1 1 |1 1 1 1 4 1 2 3 1 2 1 1 1 1 1 1 |1 1 1 1 1 1 1 2 1 1 1 1 1 1 1 2 |1 1 1 1 1 1 1 1 5 1 1 1 1 1 1 1 |1 1 1 1 1 1 1 6 1 1 1 1 1 1 1 1 |1 1 1 1 1 1 1 1 1 1 1 10 2 7 1 1 |4 1 1 1 1 1 7 1 1 1 1 6 4 1 1 10 |1 1 1 1 1 1 1 1 1 1 12 6 6 1 12 1 |
13468: 4 1 1 5 1 1 1 1 1 1 8 6 1 1 1 1 |1 1 1 5 1 1 1 1 1 1 1 1 1 1 1 1 |1 1 1 1 1 1 1 1 1 1 1 1 1 1 1 1 |1 1 1 1 1 1 1 1 1 1 1 1 1 1 1 1 |1 1 1 1 1 1 1 1 1 1 1 1 1 1 1 1 |1 1 1 1 4 1 2 3 1 2 1 1 1 1 1 1 |1 1 1 1 1 1 1 2 1 1 1 1 1 1 1 2 |1 1 1 1 6 5 1 1 1 1 1 1 1 1 1 1 |1 1 1 3 1 1 1 5 1 1 1 1 1 1 1 1 |1 1 1 1 1 1 1 1 1 1 1 1 1 1 1 1 |4 1 1 1 1 1 1 1 1 1 1 1 1 1 1 1 |1 6 1 1 1 1 1 2 1 1 14 7 1 1 2 9 |
13478: 4 1 1 5 1 1 1 1 1 1 8 6 1 1 1 1 |1 1 1 5 1 1 1 1 1 1 1 1 1 1 1 1 |1 1 1 1 1 1 1 1 1 1 1 1 1 1 1 1 |1 1 1 1 1 1 1 1 1 1 1 1 1 1 1 1 |1 1 1 1 1 1 1 1 1 1 1 1 1 1 1 1 |1 1 1 1 4 1 2 3 1 2 1 1 1 1 1 1 |1 1 1 1 1 1 1 2 1 1 1 1 1 1 1 2 |1 1 1 1 6 5 1 1 1 1 1 1 1 1 1 1 |1 1 1 3 1 1 1 5 1 1 1 1 1 1 1 1 |1 1 1 1 1 1 1 1 1 1 1 1 1 1 1 1 |4 1 1 1 1 1 1 1 1 1 1 1 1 1 1 1 |1 6 1 1 1 1 1 2 1 1 14 7 1 1 2 9 |
13490: 4 1 1 1 1 1 1 1 1 1 4 6 1 1 1 1 |1 1 1 4 1 1 1 1 1 1 1 1 1 1 6 1 |1 1 1 1 1 1 1 1 1 1 1 1 1 1 1 1 |1 1 1 1 1 1 1 1 1 1 1 1 1 1 1 1 |1 1 1 1 1 1 1 1 1 1 1 1 1 1 1 1 |1 1 1 1 4 1 2 3 1 2 1 1 1 1 1 1 |1 1 1 1 1 1 1 2 1 1 1 1 1 1 1 2 |1 1 1 1 6 5 1 1 1 1 1 1 1 1 1 1 |1 1 1 3 1 1 1 5 1 1 1 1 1 1 1 1 |1 1 1 1 1 1 1 1 1 1 1 1 1 1 1 1 |4 1 1 1 1 1 1 1 1 1 1 1 1 1 1 1 |1 6 1 1 1 1 1 2 1 1 14 7 1 1 2 9 |
13501: 4 1 1 1 1 1 1 1 1 1 4 6 1 1 1 1 |1 1 1 4 1 1 1 1 1 1 1 1 1 1 6 1 |1 1 1 1 1 1 1 1 1 1 1 1 1 1 1 1 |1 1 1 1 1 1 1 1 1 1 1 1 1 1 1 1 |1 1 1 1 1 1 1 1 1 1 1 1 1 1 1 1 |1 1 1 1 1 1 1 3 1 1 1 1 1 3 1 1 |1 1 1 1 1 1 1 1 1 1 1 2 1 1 1 1 |1 1 1 2 6 4 1 1 1 1 1 1 1 1 1 1 |1 1 1 4 1 1 1 1 1 1 1 1 1 1 1 1 |1 1 1 1 1 1 1 1 1 1 1 8 1 1 1 1 |1 1 1 1 1 1 5 1 1 1 1 4 1 1 1 4 |1 7 1 3 1 1 1 1 1 1 8 7 7 1 9 2 |
13512: 4 1 1 1 1 1 1 1 1 1 4 6 1 1 1 1 |1 1 1 4 1 1 1 1 1 1 1 1 1 1 6 1 |1 1 1 1 1 1 1 1 1 1 1 1 1 1 1 1 |1 1 1 1 1 1 1 1 1 1 1 1 1 1 1 1 |1 1 1 1 1 1 1 1 1 1 1 1 1 1 1 1 |1 1 1 1 1 1 1 3 1 1 1 1 1 3 1 1 |1 1 1 1 1 1 1 1 1 1 1 2 1 1 1 1 |1 1 1 2 6 4 1 1 1 1 1 1 1 1 1 1 |1 1 1 4 1 1 1 1 1 1 1 1 1 1 1 1 |1 1 1 1 1 1 1 1 1 1 1 8 1 1 1 1 |1 1 1 1 1 1 5 1 1 1 1 4 1 1 1 4 |1 7 1 3 1 1 1 1 1 1 8 7 7 1 9 2 |
13523: 2 1 1 1 1 1 1 1 1 1 6 5 1 1 1 1 |1 1 1 7 1 1 1 1 1 1 1 1 1 1 7 1 |1 1 1 1 1 1 1 1 1 1 1 1 1 1 1 1 |1 1 1 1 1 1 1 1 1 1 1 1 1 1 1 1 |1 1 1 1 1 1 1 1 1 1 1 1 1 4 1 1 |1 1 1 1 1 1 1 3 1 1 1 1 1 3 1 1 |1 1 1 1 1 1 1 1 1 1 1 2 1 1 1 1 |1 1 1 2 6 4 1 1 1 1 1 1 1 1 1 1 |1 1 1 4 1 1 1 1 1 1 1 1 1 1 1 1 |1 1 1 1 1 1 1 1 1 1 1 8 1 1 1 1 |1 1 1 1 1 1 5 1 1 1 1 4 1 1 1 4 |1 7 1 3 1 1 1 1 1 1 8 7 7 1 9 2 |
13533: 2 1 1 1 1 1 1 1 1 1 6 5 1 1 1 1 |1 1 1 7 1 1 1 1 1 1 1 1 1 1 7 1 |1 1 1 1 1 1 1 1 1 1 1 1 1 1 1 1 |1 1 1 1 1 1 1 1 1 1 1 1 1 1 1 1 |1 1 1 1 1 1 1 1 1 1 1 1 1 4 1 1 |1 1 1 1 1 1 1 2 1 4 1 1 1 1 1 1 |1 1 1 1 1 1 1 1 1 1 1 1 1 1 1 1 |1 1 1 1 1 1 1 1 5 6 1 1 1 1 1 1 |1 1 2 1 1 1 1 6 1 1 1 1 1 1 1 1 |1 1 1 1 1 1 1 1 1 1 1 6 1 1 1 1 |3 1 1 7 1 1 1 1 1 1 1 4 2 1 1 7 |1 12 1 3 1 1 2 1 1 1 10 2 3 1 1 1 |
13545: 2 1 1 1 1 1 1 1 1 1 6 5 1 1 1 1 |1 1 1 7 1 1 1 1 1 1 1 1 1 1 7 1 |1 1 1 1 1 1 1 1 1 1 1 1 1 1 1 1 |1 1 1 1 1 1 1 1 1 1 1 1 1 1 1 1 |1 1 1 1 1 1 1 1 1 1 1 1 1 4 1 1 |1 1 1 1 1 1 1 2 1 4 1 1 1 1 1 1 |1 1 1 1 1 1 1 1 1 1 1 1 1 1 1 1 |1 1 1 1 1 1 1 1 5 6 1 1 1 1 1 1 |1 1 2 1 1 1 1 6 1 1 1 1 1 1 1 1 |1 1 1 1 1 1 1 1 1 1 1 6 1 1 1 1 |3 1 1 7 1 1 1 1 1 1 1 4 2 1 1 7 |1 12 1 3 1 1 2 1 1 1 10 2 3 1 1 1 |
13555: 3 1 1 1 1 1 1 1 1 1 1 4 1 1 1 1 |1 1 3 3 6 1 1 1 1 1 1 1 1 1 1 1 |1 1 1 1 1 1 1 1 1 1 1 1 1 1 1 1 |1 1 1 1 1 1 1 1 1 1 1 1 1 1 1 1 |1 1 1 1 1 1 1 1 1 1 1 1 1 1 1 1 |1 1 1 1 1 1 1 3 1 2 1 1 1 1 1 1 |1 1 1 1 1 1 1 1 1 1 1 1 1 1 1 1 |1 1 1 1 1 1 1 1 5 6 1 1 1 1 1 1 |1 1 2 1 1 1 1 6 1 1 1 1 1 1 1 1 |1 1 1 1 1 1 1 1 1 1 1 6 1 1 1 1 |3 1 1 7 1 1 1 1 1 1 1 4 2 1 1 7 |1 12 1 3 1 1 2 1 1 1 10 2 3 1 1 1 |
13566: 3 1 1 1 1 1 1 1 1 1 1 4 1 1 1 1 |1 1 3 3 6 1 1 1 1 1 1 1 1 1 1 1 |1 1 1 1 1 1 1 1 1 1 1 1 1 1 1 1 |1 1 1 1 1 1 1 1 1 1 1 1 1 1 1 1 |1 1 1 1 1 1 1 1 1 1 1 1 1 1 1 1 |1 1 1 1 1 1 1 3 1 2 1 1 1 1 1 1 |1 1 1 1 1 1 1 2 1 1 1 1 1 1 1 1 |1 1 1 3 5 1 1 1 1 1 1 1 1 1 1 1 |1 1 1 1 1 1 1 2 1 1 1 1 1 1 1 1 |1 1 1 1 1 1 1 1 1 1 1 6 1 7 1 1 |5 1 1 1 1 1 7 1 1 1 1 1 1 1 1 7 |1 4 1 1 1 1 1 1 1 1 14 1 1 1 4 1 |
13577: 3 1 1 1 1 1 1 1 1 1 1 4 1 1 1 1 |1 1 3 3 6 1 1 1 1 1 1 1 1 1 1 1 |1 1 1 1 1 1 1 1 1 1 1 1 1 1 1 1 |1 1 1 1 1 1 1 1 1 1 1 1 1 1 1 1 |1 1 1 1 1 1 1 1 1 1 1 1 1 1 1 1 |1 1 1 1 1 1 1 3 1 2 1 1 1 1 1 1 |1 1 1 1 1 1 1 2 1 1 1 1 1 1 1 1 |1 1 1 3 5 1 1 1 1 1 1 1 1 1 1 1 |1 1 1 1 1 1 1 2 1 1 1 1 1 1 1 1 |1 1 1 1 1 1 1 1 1 1 1 6 1 7 1 1 |5 1 1 1 1 1 7 1 1 1 1 1 1 1 1 7 |1 4 1 1 1 1 1 1 1 1 14 1 1 1 4 1 |
13587: 1 1 1 1 1 1 1 1 1 1 6 6 1 1 1 1 |1 1 8 1 1 1 1 1 1 1 1 1 1 1 5 1 |1 1 1 1 1 1 1 1 1 1 1 1 1 1 1 1 |1 1 1 1 1 1 1 1 1 1 1 1 1 1 1 1 |1 1 1 1 1 1 1 1 1 1 1 1 1 1 1 1 |1 1 1 1 1 1 1 3 1 2 1 1 1 1 1 1 |1 1 1 1 1 1 1 2 1 1 1 1 1 1 1 1 |1 1 1 3 5 1 1 1 1 1 1 1 1 1 1 1 |1 1 1 1 1 1 1 2 1 1 1 1 1 1 1 1 |1 1 1 1 1 1 1 1 1 1 1 6 1 7 1 1 |5 1 1 1 1 1 7 1 1 1 1 1 1 1 1 7 |1 4 1 1 1 1 1 1 1 1 14 1 1 1 4 1 |
13599: 1 1 1 1 1 1 1 1 1 1 6 6 1 1 1 1 |1 1 8 1 1 1 1 1 1 1 1 1 1 1 5 1 |1 1 1 1 1 1 1 1 1 1 1 1 1 1 1 1 |1 1 1 1 1 1 1 1 1 1 1 1 1 1 1 1 |1 1 1 1 1 1 1 1 1 1 1 1 1 2 1 1 |1 1 1 1 1 1 5 4 1 1 1 1 1 3 1 1 |1 1 1 1 1 1 1 1 1 1 1 1 1 1 1 1 |1 1 1 1 6 1 1 1 4 1 1 1 1 1 1 1 |1 1 1 1 1 1 1 7 1 1 1 1 1 1 1 1 |1 1 1 1 1 1 1 1 1 1 1 10 2 7 1 1 |1 1 1 1 1 1 8 1 1 1 1 1 1 1 7 1 |1 8 1 1 1 1 1 1 1 1 8 7 8 1 3 1 |
13609: 1 1 1 1 1 1 1 1 1 1 6 6 1 1 1 1 |1 1 8 1 1 1 1 1 1 1 1 1 1 1 5 1 |1 1 1 1 1 1 1 1 1 1 1 1 1 1 1 1 |1 1 1 1 1 1 1 1 1 1 1 1 1 1 1 1 |1 1 1 1 1 1 1 1 1 1 1 1 1 2 1 1 |1 1 1 1 1 1 5 4 1 1 1 1 1 3 1 1 |1 1 1 1 1 1 1 1 1 1 1 1 1 1 1 1 |1 1 1 1 6 1 1 1 4 1 1 1 1 1 1 1 |1 1 1 1 1 1 1 7 1 1 1 1 1 1 1 1 |1 1 1 1 1 1 1 1 1 1 1 10 2 7 1 1 |1 1 1 1 1 1 8 1 1 1 1 1 1 1 7 1 |1 8 1 1 1 1 1 1 1 1 8 7 8 1 3 1 |
13621: 1 1 1 1 1 1 1 1 1 1 1 1 1 1 1 1 |1 1 4 3 1 1 1 1 1 1 1 1 1 1 5 1 |1 1 1 1 1 1 1 1 1 1 1 1 1 1 1 1 |1 1 1 1 1 1 1 1 1 1 1 1 1 1 1 1 |1 1 1 1 1 1 1 1 1 1 1 1 1 2 1 1 |1 1 1 1 1 1 5 4 1 1 1 1 1 3 1 1 |1 1 1 1 1 1 1 1 1 1 1 1 1 1 1 1 |1 1 1 1 6 1 1 1 4 1 1 1 1 1 1 1 |1 1 1 1 1 1 1 7 1 1 1 1 1 1 1 1 |1 1 1 1 1 1 1 1 1 1 1 10 2 7 1 1 |1 1 1 1 1 1 8 1 1 1 1 1 1 1 7 1 |1 8 1 1 1 1 1 1 1 1 8 7 8 1 3 1 |
13632: 1 1 1 1 1 1 1 1 1 1 1 1 1 1 1 1 |1 1 4 3 1 1 1 1 1 1 1 1 1 1 5 1 |1 1 1 1 1 1 1 1 1 1 1 1 1 1 1 1 |1 1 1 1 1 1 1 1 1 1 1 1 1 1 1 1 |1 1 1 1 1 1 1 1 1 1 1 1 1 2 1 1 |1 1 1 1 1 1 1 4 1 2 1 1 1 2 1 1 |1 1 1 1 1 1 1 1 1 1 1 1 1 1 1 1 |1 1 1 1 6 1 1 1 5 1 1 1 4 1 1 1 |1 1 1 1 1 1 1 1 1 1 1 1 1 1 1 1 |1 1 1 1 1 1 1 1 1 1 1 6 1 7 1 1 |3 1 2 1 1 1 6 1 1 1 1 4 1 1 1 8 |1 15 1 7 1 1 1 1 1 2 11 3 6 1 1 1 |
13643: 1 1 1 1 1 1 1 1 1 1 1 1 1 1 1 1 |1 1 4 3 1 1 1 1 1 1 1 1 1 1 5 1 |1 1 1 1 1 1 1 1 1 1 1 1 1 1 1 1 |1 1 1 1 1 1 1 1 1 1 1 1 1 1 1 1 |1 1 1 1 1 1 1 1 1 1 1 1 1 2 1 1 |1 1 1 1 1 1 1 4 1 2 1 1 1 2 1 1 |1 1 1 1 1 1 1 1 1 1 1 1 1 1 1 1 |1 1 1 1 6 1 1 1 5 1 1 1 4 1 1 1 |1 1 1 1 1 1 1 1 1 1 1 1 1 1 1 1 |1 1 1 1 1 1 1 1 1 1 1 6 1 7 1 1 |3 1 2 1 1 1 6 1 1 1 1 4 1 1 1 8 |1 15 1 7 1 1 1 1 1 2 11 3 6 1 1 1 |
13653: 2 1 1 1 1 1 1 1 1 1 4 7 1 1 1 1 |1 1 4 2 1 1 1 1 1 1 1 1 1 1 1 1 |1 1 1 1 1 1 1 1 1 1 1 1 1 1 1 1 |1 1 1 1 1 1 1 1 1 1 1 1 1 1 1 1 |1 1 1 1 1 1 1 1 1 1 1 1 1 1 1 1 |1 1 1 1 1 1 1 4 1 2 1 1 1 2 1 1 |1 1 1 1 1 1 1 1 1 1 1 1 1 1 1 1 |1 1 1 1 6 1 1 1 5 1 1 1 4 1 1 1 |1 1 1 1 1 1 1 1 1 1 1 1 1 1 1 1 |1 1 1 1 1 1 1 1 1 1 1 6 1 7 1 1 |3 1 2 1 1 1 6 1 1 1 1 4 1 1 1 8 |1 15 1 7 1 1 1 1 1 2 11 3 6 1 1 1 |
13664: 2 1 1 1 1 1 1 1 1 1 4 7 1 1 1 1 |1 1 4 2 1 1 1 1 1 1 1 1 1 1 1 1 |1 1 1 1 1 1 1 1 1 1 1 1 1 1 1 1 |1 1 1 1 1 1 1 1 1 1 1 1 1 1 1 1 |1 1 1 1 1 1 1 1 1 1 1 1 1 1 1 1 |1 1 1 1 1 1 2 4 1 1 1 1 1 1 1 1 |1 1 1 1 1 1 1 1 1 1 1 1 1 1 1 1 |1 1 1 1 5 1 1 1 6 1 1 1 1 1 1 1 |1 1 2 4 1 1 1 8 1 1 5 1 1 1 1 1 |1 1 1 8 1 1 1 1 1 1 1 7 1 6 1 1 |3 1 1 1 1 1 5 1 1 1 1 1 1 1 1 9 |1 15 1 7 1 1 1 1 1 2 11 3 6 1 1 1 |
13674: 2 1 1 1 1 1 1 1 1 1 4 7 1 1 1 1 |1 1 4 2 1 1 1 1 1 1 1 1 1 1 1 1 |1 1 1 1 1 1 1 1 1 1 1 1 1 1 1 1 |1 1 1 1 1 1 1 1 1 1 1 1 1 1 1 1 |1 1 1 1 1 1 1 1 1 1 1 1 1 1 1 1 |1 1 1 1 1 1 2 4 1 1 1 1 1 1 1 1 |1 1 1 1 1 1 1 1 1 1 1 1 1 1 1 1 |1 1 1 1 5 1 1 1 6 1 1 1 1 1 1 1 |1 1 2 4 1 1 1 8 1 1 5 1 1 1 1 1 |1 1 1 8 1 1 1 1 1 1 1 7 1 6 1 1 |3 1 1 1 1 1 5 1 1 1 1 1 1 1 1 9 |1 12 1 6 4 1 1 2 1 1 15 1 10 1 4 3 |
13686: 3 1 1 1 7 1 1 1 1 1 1 5 1 1 1 1 |1 1 1 6 1 1 1 1 1 1 1 1 1 1 4 1 |1 1 1 1 1 1 1 1 1 1 1 1 1 1 1 1 |1 1 1 1 1 1 1 1 1 1 1 1 1 1 1 1 |1 1 1 1 1 1 1 1 1 1 1 1 1 1 1 1 |1 1 1 1 1 1 2 4 1 1 1 1 1 1 1 1 |1 1 1 1 1 1 1 1 1 1 1 1 1 1 1 1 |1 1 1 1 5 1 1 1 6 1 1 1 1 1 1 1 |1 1 2 4 1 1 1 8 1 1 5 1 1 1 1 1 |1 1 1 8 1 1 1 1 1 1 1 7 1 6 1 1 |3 1 1 1 1 1 5 1 1 1 1 1 1 1 1 9 |1 12 1 6 4 1 1 2 1 1 15 1 10 1 4 3 |
13696: 3 1 1 1 7 1 1 1 1 1 1 5 1 1 1 1 |1 1 1 6 1 1 1 1 1 1 1 1 1 1 4 1 |1 1 1 1 1 1 1 1 1 1 1 1 1 1 1 1 |1 1 1 1 1 1 1 1 1 1 1 1 1 1 1 1 |1 1 1 1 1 1 1 1 1 1 1 1 1 3 1 1 |1 1 1 1 1 1 1 3 1 3 3 1 1 1 1 1 |1 1 1 1 1 1 1 4 1 1 1 1 1 1 1 1 |1 1 1 1 4 1 1 1 5 1 1 1 1 1 1 1 |1 1 3 1 1 1 1 7 1 1 1 1 1 1 1 1 |1 1 1 6 1 1 1 1 1 1 1 7 1 1 1 1 |1 1 1 1 1 1 1 1 1 1 1 1 1 1 1 1 |1 5 1 2 1 1 1 1 1 1 11 1 5 1 9 1 |
13707: 3 1 1 1 7 1 1 1 1 1 1 5 1 1 1 1 |1 1 1 6 1 1 1 1 1 1 1 1 1 1 4 1 |1 1 1 1 1 1 1 1 1 1 1 1 1 1 1 1 |1 1 1 1 1 1 1 1 1 1 1 1 1 1 1 1 |1 1 1 1 1 1 1 1 1 1 1 1 1 3 1 1 |1 1 1 1 1 1 1 3 1 3 3 1 1 1 1 1 |1 1 1 1 1 1 1 4 1 1 1 1 1 1 1 1 |1 1 1 1 4 1 1 1 5 1 1 1 1 1 1 1 |1 1 3 1 1 1 1 7 1 1 1 1 1 1 1 1 |1 1 1 6 1 1 1 1 1 1 1 7 1 1 1 1 |1 1 1 1 1 1 1 1 1 1 1 1 1 1 1 1 |1 5 1 2 1 1 1 1 1 1 11 1 5 1 9 1 |
13718: 3 1 1 1 7 1 1 1 1 1 1 5 1 1 1 1 |1 1 1 6 1 1 1 1 1 1 1 1 1 1 4 1 |1 1 1 1 1 1 1 1 1 1 1 1 1 1 1 1 |1 1 1 1 1 1 1 1 1 1 1 1 1 1 1 1 |1 1 1 1 1 1 1 1 1 1 1 1 1 3 1 1 |1 1 1 1 1 1 1 3 1 3 3 1 1 1 1 1 |1 1 1 1 1 1 1 4 1 1 1 1 1 1 1 1 |1 1 1 1 4 1 1 1 5 1 1 1 1 1 1 1 |1 1 3 1 1 1 1 7 1 1 1 1 1 1 1 1 |1 1 1 6 1 1 1 1 1 1 1 7 1 1 1 1 |1 1 1 1 1 1 1 1 1 1 1 1 1 1 1 1 |1 5 1 2 1 1 1 1 1 1 11 1 5 1 9 1 |
13749: 1 1 1 1 1 1 1 1 1 1 1 7 1 1 1 1 |1 1 1 1 1 1 1 1 1 1 1 1 1 1 4 1 |1 1 1 1 1 1 1 1 1 1 1 1 1 1 1 1 |1 1 6 1 1 1 1 1 2 1 1 1 1 1 1 1 |1 1 1 1 1 1 1 1 1 1 1 1 1 3 1 1 |1 1 1 1 1 1 1 3 1 3 3 1 1 1 1 1 |1 1 1 1 1 1 1 4 1 1 1 1 1 1 1 1 |1 1 1 1 4 1 1 1 5 1 1 1 1 1 1 1 |1 1 3 1 1 1 1 7 1 1 1 1 1 1 1 1 |1 1 1 6 1 1 1 1 1 1 1 7 1 1 1 1 |1 1 1 1 1 1 1 1 1 1 1 1 1 1 1 1 |1 5 1 2 1 1 1 1 1 1 11 1 5 1 9 1 |
13760: 1 1 1 1 1 1 1 1 1 1 1 7 1 1 1 1 |1 1 1 1 1 1 1 1 1 1 1 1 1 1 4 1 |1 1 1 1 1 1 1 1 1 1 1 1 1 1 1 1 |1 1 6 1 1 1 1 1 2 1 1 1 1 1 1 1 |1 1 1 1 1 1 1 1 1 1 1 1 1 1 1 1 |1 1 1 1 1 1 3 1 4 1 1 1 1 1 1 1 |1 1 1 1 1 1 1 2 1 1 5 1 1 1 1 2 |1 1 1 4 7 1 1 1 1 1 1 1 5 1 1 2 |1 1 1 1 1 1 1 9 1 1 1 1 5 1 1 1 |1 1 1 1 1 1 1 1 1 1 1 10 1 6 1 1 |4 1 1 1 1 1 4 1 1 1 1 8 4 1 1 7 |1 5 1 2 1 1 1 1 1 1 11 1 5 1 9 1 |
13771: 1 1 1 1 1 1 1 1 1 1 1 7 1 1 1 1 |1 1 1 1 1 1 1 1 1 1 1 1 1 1 4 1 |1 1 1 1 1 1 1 1 1 1 1 1 1 1 1 1 |1 1 6 1 1 1 1 1 2 1 1 1 1 1 1 1 |1 1 1 1 1 1 1 1 1 1 1 1 1 1 1 1 |1 1 1 1 1 1 3 1 4 1 1 1 1 1 1 1 |1 1 1 1 1 1 1 2 1 1 5 1 1 1 1 2 |1 1 1 4 7 1 1 1 1 1 1 1 5 1 1 2 |1 1 1 1 1 1 1 9 1 1 1 1 5 1 1 1 |1 1 1 1 1 1 1 1 1 1 1 10 1 6 1 1 |4 1 1 1 1 1 4 1 1 1 1 8 4 1 1 7 |1 3 1 7 1 1 2 1 1 1 6 1 8 1 11 2 |
13782: 1 1 1 1 1 1 1 1 1 1 1 1 1 1 1 1 |1 1 3 3 1 1 1 1 1 1 1 1 1 1 1 1 |1 1 1 1 1 1 1 1 1 1 1 1 1 1 1 1 |1 1 6 1 1 1 1 1 2 1 1 1 1 1 1 1 |1 1 1 1 1 1 1 1 1 1 1 1 1 1 1 1 |1 1 1 1 1 1 3 1 4 1 1 1 1 1 1 1 |1 1 1 1 1 1 1 2 1 1 5 1 1 1 1 2 |1 1 1 4 7 1 1 1 1 1 1 1 5 1 1 2 |1 1 1 1 1 1 1 9 1 1 1 1 5 1 1 1 |1 1 1 1 1 1 1 1 1 1 1 10 1 6 1 1 |4 1 1 1 1 1 4 1 1 1 1 8 4 1 1 7 |1 3 1 7 1 1 2 1 1 1 6 1 8 1 11 2 |
13793: 1 1 1 1 1 1 1 1 1 1 1 1 1 1 1 1 |1 1 3 3 1 1 1 1 1 1 1 1 1 1 1 1 |1 1 1 1 1 1 1 1 1 1 1 1 1 1 1 1 |1 1 1 1 1 1 1 1 1 1 1 1 1 1 1 1 |1 1 1 1 1 1 1 1 1 1 1 1 1 3 1 1 |1 1 1 1 1 1 2 3 1 2 1 1 1 1 1 1 |1 1 1 1 1 1 1 1 1 1 1 1 1 1 1 1 |1 1 1 3 1 1 1 1 1 1 1 1 1 1 1 3 |1 1 1 1 1 1 1 7 1 1 7 1 1 1 1 1 |1 1 1 9 1 1 1 1 1 1 1 8 1 1 1 1 |4 1 1 1 1 1 4 1 1 1 1 8 4 1 1 7 |1 3 1 7 1 1 2 1 1 1 6 1 8 1 11 2 |
13804: 1 1 1 1 1 1 1 1 1 1 1 1 1 1 1 1 |1 1 3 3 1 1 1 1 1 1 1 1 1 1 1 1 |1 1 1 1 1 1 1 1 1 1 1 1 1 1 1 1 |1 1 1 1 1 1 1 1 1 1 1 1 1 1 1 1 |1 1 1 1 1 1 1 1 1 1 1 1 1 3 1 1 |1 1 1 1 1 1 2 3 1 2 1 1 1 1 1 1 |1 1 1 1 1 1 1 1 1 1 1 1 1 1 1 1 |1 1 1 3 1 1 1 1 1 1 1 1 1 1 1 3 |1 1 1 1 1 1 1 7 1 1 7 1 1 1 1 1 |1 1 1 9 1 1 1 1 1 1 1 8 1 1 1 1 |5 1 1 1 1 1 7 1 1 1 1 1 1 1 1 7 |1 1 1 7 1 1 1 1 1 1 6 9 5 1 3 1 |
13814: 4 1 1 1 1 1 1 1 1 1 5 8 1 1 1 1 |1 1 1 5 5 1 1 1 1 1 1 1 1 1 1 1 |1 1 1 1 1 1 1 1 1 1 1 1 1 1 1 1 |1 1 1 1 1 1 1 1 1 1 1 1 1 1 1 1 |1 1 1 1 1 1 1 1 1 1 1 1 1 3 1 1 |1 1 1 1 1 1 2 3 1 2 1 1 1 1 1 1 |1 1 1 1 1 1 1 1 1 1 1 1 1 1 1 1 |1 1 1 3 1 1 1 1 1 1 1 1 1 1 1 3 |1 1 1 1 1 1 1 7 1 1 7 1 1 1 1 1 |1 1 1 9 1 1 1 1 1 1 1 8 1 1 1 1 |5 1 1 1 1 1 7 1 1 1 1 1 1 1 1 7 |1 1 1 7 1 1 1 1 1 1 6 9 5 1 3 1 |
13825: 4 1 1 1 1 1 1 1 1 1 5 8 1 1 1 1 |1 1 1 5 5 1 1 1 1 1 1 1 1 1 1 1 |1 1 1 1 1 1 1 1 1 1 1 1 1 1 1 1 |1 1 1 1 1 1 1 1 1 1 1 1 1 1 1 1 |1 1 1 1 1 1 1 1 1 1 1 1 1 3 1 1 |1 1 1 1 1 2 2 4 1 1 1 1 1 2 1 1 |1 1 1 1 1 1 1 1 1 1 1 1 1 1 1 2 |1 1 1 1 7 2 1 1 1 1 1 1 1 1 1 1 |1 1 1 1 1 1 1 9 1 1 1 1 1 1 1 1 |1 1 1 10 1 1 1 1 1 1 1 7 1 1 1 1 |1 1 1 1 1 1 1 1 1 1 1 1 3 1 1 1 |1 1 1 7 1 1 1 1 1 1 6 9 5 1 3 1 |
13836: 4 1 1 1 1 1 1 1 1 1 5 8 1 1 1 1 |1 1 1 5 5 1 1 1 1 1 1 1 1 1 1 1 |1 1 1 1 1 1 1 1 1 1 1 1 1 1 1 1 |1 1 1 1 1 1 1 1 1 1 1 1 1 1 1 1 |1 1 1 1 1 1 1 1 1 1 1 1 1 3 1 1 |1 1 1 1 1 2 2 4 1 1 1 1 1 2 1 1 |1 1 1 1 1 1 1 1 1 1 1 1 1 1 1 2 |1 1 1 1 7 2 1 1 1 1 1 1 1 1 1 1 |1 1 1 1 1 1 1 9 1 1 1 1 1 1 1 1 |1 1 1 10 1 1 1 1 1 1 1 7 1 1 1 1 |1 1 1 1 1 1 1 1 1 1 1 1 3 1 1 1 |1 6 1 1 1 1 1 1 1 1 13 1 1 1 3 8 |
13847: 3 1 1 1 1 1 1 1 1 1 1 6 1 1 1 1 |1 1 1 5 5 1 1 1 1 1 1 1 1 1 1 1 |1 1 1 1 1 1 1 1 1 1 1 1 1 1 1 1 |1 1 1 1 1 1 1 1 1 1 1 1 1 1 1 1 |1 1 1 1 1 1 1 1 1 1 1 1 1 3 1 1 |1 1 1 1 1 2 2 4 1 1 1 1 1 2 1 1 |1 1 1 1 1 1 1 1 1 1 1 1 1 1 1 2 |1 1 1 1 7 2 1 1 1 1 1 1 1 1 1 1 |1 1 1 1 1 1 1 9 1 1 1 1 1 1 1 1 |1 1 1 10 1 1 1 1 1 1 1 7 1 1 1 1 |1 1 1 1 1 1 1 1 1 1 1 1 3 1 1 1 |1 6 1 1 1 1 1 1 1 1 13 1 1 1 3 8 |
13857: 3 1 1 1 1 1 1 1 1 1 1 6 1 1 1 1 |1 1 1 1 1 1 1 1 1 1 1 1 1 1 1 1 |1 1 1 1 1 1 1 1 1 1 1 1 1 1 1 1 |1 1 1 1 1 1 1 1 1 1 1 1 1 1 1 1 |1 1 1 1 1 1 1 1 1 1 1 1 1 1 1 1 |1 1 1 1 1 1 1 3 2 1 1 1 1 2 1 1 |1 1 1 1 1 1 1 1 1 1 1 1 1 1 1 1 |1 1 1 1 5 1 1 1 1 1 1 1 1 1 1 1 |1 1 3 1 1 1 1 7 1 1 1 1 1 1 1 1 |1 1 1 10 1 1 1 1 1 1 1 7 1 1 1 1 |1 1 1 1 1 1 1 1 1 1 1 1 3 1 1 1 |1 6 1 1 1 1 1 1 1 1 13 1 1 1 3 8 |
13868: 3 1 1 1 1 1 1 1 1 1 1 6 1 1 1 1 |1 1 1 1 1 1 1 1 1 1 1 1 1 1 1 1 |1 1 1 1 1 1 1 1 1 1 1 1 1 1 1 1 |1 1 1 1 1 1 1 1 1 1 1 1 1 1 1 1 |1 1 1 1 1 1 1 1 1 1 1 1 1 1 1 1 |1 1 1 1 1 1 1 3 2 1 1 1 1 2 1 1 |1 1 1 1 1 1 1 1 1 1 1 1 1 1 1 1 |1 1 1 1 5 1 1 1 1 1 1 1 1 1 1 1 |1 1 3 1 1 1 1 7 1 1 1 1 1 1 1 1 |1 1 1 1 1 1 1 1 1 1 1 7 1 9 1 1 |3 1 1 1 1 1 1 1 1 1 1 6 1 1 1 1 |1 4 1 9 1 1 1 1 1 1 8 1 7 1 3 1 |
13879: 3 1 1 1 1 1 1 1 1 1 1 6 1 1 1 1 |1 1 1 1 1 1 1 1 1 1 1 1 1 1 1 1 |1 1 1 1 1 1 1 1 1 1 1 1 1 1 1 1 |1 1 1 1 1 1 1 1 1 1 1 1 1 1 1 1 |1 1 1 1 1 1 1 1 1 1 1 1 1 1 1 1 |1 1 1 1 1 1 1 3 2 1 1 1 1 2 1 1 |1 1 1 1 1 1 1 1 1 1 1 1 1 1 1 1 |1 1 1 1 5 1 1 1 1 1 1 1 1 1 1 1 |1 1 3 1 1 1 1 7 1 1 1 1 1 1 1 1 |1 1 1 1 1 1 1 1 1 1 1 7 1 9 1 1 |3 1 1 1 1 1 1 1 1 1 1 6 1 1 1 1 |1 4 1 9 1 1 1 1 1 1 8 1 7 1 3 1 |
13889: 1 1 1 1 1 1 1 1 1 1 1 6 1 1 1 1 |1 1 1 1 1 1 1 1 1 1 1 1 1 1 6 1 |1 1 1 1 1 1 1 1 1 1 1 1 1 1 1 1 |1 1 1 1 1 1 1 1 1 1 1 1 1 1 1 1 |1 1 1 1 1 1 1 1 1 1 1 1 1 3 1 1 |1 1 1 1 1 1 1 4 1 3 1 1 1 4 1 1 |1 1 1 1 1 1 1 1 1 1 1 1 1 1 1 1 |1 1 1 1 5 1 1 1 1 1 1 1 1 1 1 1 |1 1 3 1 1 1 1 7 1 1 1 1 1 1 1 1 |1 1 1 1 1 1 1 1 1 1 1 7 1 9 1 1 |3 1 1 1 1 1 1 1 1 1 1 6 1 1 1 1 |1 4 1 9 1 1 1 1 1 1 8 1 7 1 3 1 |
13901: 1 1 1 1 1 1 1 1 1 1 1 6 1 1 1 1 |1 1 1 1 1 1 1 1 1 1 1 1 1 1 6 1 |1 1 1 1 1 1 1 1 1 1 1 1 1 1 1 1 |1 1 1 1 1 1 1 1 1 1 1 1 1 1 1 1 |1 1 1 1 1 1 1 1 1 1 1 1 1 3 1 1 |1 1 1 1 1 1 1 4 1 3 1 1 1 4 1 1 |1 1 1 1 1 1 1 1 1 1 1 1 1 1 1 1 |1 1 1 1 12 7 1 1 1 1 1 1 1 1 1 1 |1 1 4 1 1 1 1 1 1 1 1 1 1 1 1 1 |1 1 1 1 1 1 1 1 1 1 1 11 1 1 1 1 |4 1 1 1 1 1 6 1 1 1 1 5 1 1 1 2 |1 8 1 1 2 1 1 1 1 1 5 1 6 1 9 1 |
13912: 1 1 1 1 1 1 1 1 1 1 1 6 1 1 1 1 |1 1 1 1 1 1 1 1 1 1 1 1 1 1 6 1 |1 1 1 1 1 1 1 1 1 1 1 1 1 1 1 1 |1 1 1 1 1 1 1 1 1 1 1 1 1 1 1 1 |1 1 1 1 1 1 1 1 1 1 1 1 1 3 1 1 |1 1 1 1 1 1 1 4 1 3 1 1 1 4 1 1 |1 1 1 1 1 1 1 1 1 1 1 1 1 1 1 1 |1 1 1 1 12 7 1 1 1 1 1 1 1 1 1 1 |1 1 4 1 1 1 1 1 1 1 1 1 1 1 1 1 |1 1 1 1 1 1 1 1 1 1 1 11 1 1 1 1 |4 1 1 1 1 1 6 1 1 1 1 5 1 1 1 2 |1 8 1 1 2 1 1 1 1 1 5 1 6 1 9 1 |
13923: 3 1 1 7 1 1 1 1 1 1 6 6 1 1 1 1 |1 1 4 3 1 1 1 1 1 1 1 1 1 1 4 1 |1 1 1 1 1 1 1 1 1 1 1 1 1 1 1 1 |1 1 1 1 1 1 1 1 1 1 1 1 1 1 1 1 |1 1 1 1 1 1 1 1 1 1 1 1 1 1 1 1 |1 1 1 1 1 1 3 1 1 4 1 1 1 1 1 1 |1 1 1 1 1 1 1 1 1 1 1 1 1 1 1 1 |1 1 1 1 12 7 1 1 1 1 1 1 1 1 1 1 |1 1 4 1 1 1 1 1 1 1 1 1 1 1 1 1 |1 1 1 1 1 1 1 1 1 1 1 11 1 1 1 1 |4 1 1 1 1 1 6 1 1 1 1 5 1 1 1 2 |1 8 1 1 2 1 1 1 1 1 5 1 6 1 9 1 |
13933: 3 1 1 7 1 1 1 1 1 1 6 6 1 1 1 1 |1 1 4 3 1 1 1 1 1 1 1 1 1 1 4 1 |1 1 1 1 1 1 1 1 1 1 1 1 1 1 1 1 |1 1 1 1 1 1 1 1 1 1 1 1 1 1 1 1 |1 1 1 1 1 1 1 1 1 1 1 1 1 1 1 1 |1 1 1 1 1 1 3 1 1 4 1 1 1 1 1 1 |1 1 1 1 1 1 1 1 1 1 1 1 1 1 1 1 |1 1 1 1 4 1 1 1 1 1 1 1 1 1 1 1 |1 1 1 1 9 1 1 7 1 1 1 1 1 1 1 1 |1 1 1 1 1 1 1 1 1 1 1 9 1 1 1 1 |5 1 3 1 1 1 3 1 1 1 1 6 1 1 1 1 |1 4 1 1 1 1 1 1 1 1 1 1 8 1 10 1 |
13945: 3 1 1 7 1 1 1 1 1 1 6 6 1 1 1 1 |1 1 4 3 1 1 1 1 1 1 1 1 1 1 4 1 |1 1 1 1 1 1 1 1 1 1 1 1 1 1 1 1 |1 1 1 1 1 1 1 1 1 1 1 1 1 1 1 1 |1 1 1 1 1 1 1 1 1 1 1 1 1 1 1 1 |1 1 1 1 1 1 3 1 1 4 1 1 1 1 1 1 |1 1 1 1 1 1 1 1 1 1 1 1 1 1 1 1 |1 1 1 1 4 1 1 1 1 1 1 1 1 1 1 1 |1 1 1 1 9 1 1 7 1 1 1 1 1 1 1 1 |1 1 1 1 1 1 1 1 1 1 1 9 1 1 1 1 |5 1 3 1 1 1 3 1 1 1 1 6 1 1 1 1 |1 4 1 1 1 1 1 1 1 1 1 1 8 1 10 1 |
13957: 1 1 1 1 1 1 1 1 1 1 6 6 1 1 1 1 |1 1 1 3 1 1 1 1 1 1 1 1 1 1 4 1 |1 1 1 1 1 1 1 1 1 1 1 1 1 1 1 1 |1 1 1 1 1 1 1 1 1 1 1 1 1 1 1 1 |1 1 1 1 1 1 1 1 1 1 1 1 1 2 1 1 |1 1 1 1 1 1 1 1 1 2 1 1 1 1 1 1 |1 1 1 1 1 1 1 1 1 1 1 1 1 1 1 1 |1 1 1 1 6 5 1 1 4 1 1 1 1 1 1 1 |1 1 1 1 9 1 1 7 1 1 1 1 1 1 1 1 |1 1 1 1 1 1 1 1 1 1 1 9 1 1 1 1 |5 1 3 1 1 1 3 1 1 1 1 6 1 1 1 1 |1 4 1 1 1 1 1 1 1 1 1 1 8 1 10 1 |
13968: 1 1 1 1 1 1 1 1 1 1 6 6 1 1 1 1 |1 1 1 3 1 1 1 1 1 1 1 1 1 1 4 1 |1 1 1 1 1 1 1 1 1 1 1 1 1 1 1 1 |1 1 1 1 1 1 1 1 1 1 1 1 1 1 1 1 |1 1 1 1 1 1 1 1 1 1 1 1 1 2 1 1 |1 1 1 1 1 1 1 1 1 2 1 1 1 1 1 1 |1 1 1 1 1 1 1 1 1 1 1 1 1 1 1 1 |1 1 1 1 6 5 1 1 4 1 1 1 1 1 1 1 |1 1 2 1 1 1 1 1 1 1 4 1 1 1 1 1 |1 1 1 1 2 1 1 1 1 1 1 1 1 1 1 1 |1 1 1 1 1 1 7 1 1 1 1 1 1 1 1 3 |1 7 1 1 1 1 1 1 1 1 12 4 9 1 3 1 |
13978: 1 1 1 1 1 1 1 1 1 1 6 6 1 1 1 1 |1 1 1 3 1 1 1 1 1 1 1 1 1 1 4 1 |1 1 1 1 1 1 1 1 1 1 1 1 1 1 1 1 |1 1 1 1 1 1 1 1 1 1 1 1 1 1 1 1 |1 1 1 1 1 1 1 1 1 1 1 1 1 2 1 1 |1 1 1 1 1 1 1 1 1 2 1 1 1 1 1 1 |1 1 1 1 1 1 1 1 1 1 1 1 1 1 1 1 |1 1 1 1 6 5 1 1 4 1 1 1 1 1 1 1 |1 1 2 1 1 1 1 1 1 1 4 1 1 1 1 1 |1 1 1 1 2 1 1 1 1 1 1 1 1 1 1 1 |1 1 1 1 1 1 7 1 1 1 1 1 1 1 1 3 |1 7 1 1 1 1 1 1 1 1 12 4 9 1 3 1 |
13989: 1 1 1 1 1 1 2 1 1 1 1 1 1 1 1 1 |1 1 1 7 1 1 1 1 1 1 1 1 1 1 6 1 |1 1 1 1 1 1 1 1 1 1 1 1 1 1 1 1 |1 1 1 1 1 1 1 1 1 1 1 1 1 1 1 1 |1 1 1 1 1 1 1 1 1 1 1 1 1 3 1 1 |1 1 1 1 1 1 3 1 1 4 1 1 1 1 1 1 |1 1 1 1 1 1 1 1 1 1 1 1 1 1 1 1 |1 1 1 1 6 5 1 1 4 1 1 1 1 1 1 1 |1 1 2 1 1 1 1 1 1 1 4 1 1 1 1 1 |1 1 1 1 2 1 1 1 1 1 1 1 1 1 1 1 |1 1 1 1 1 1 7 1 1 1 1 1 1 1 1 3 |1 7 1 1 1 1 1 1 1 1 12 4 9 1 3 1 |
14000: 1 1 1 1 1 1 2 1 1 1 1 1 1 1 1 1 |1 1 1 7 1 1 1 1 1 1 1 1 1 1 6 1 |1 1 1 1 1 1 1 1 1 1 1 1 1 1 1 1 |1 1 1 1 1 1 1 1 1 1 1 1 1 1 1 1 |1 1 1 1 1 1 1 1 1 1 1 1 1 3 1 1 |1 1 1 1 1 1 3 1 1 4 1 1 1 1 1 1 |1 1 1 1 1 1 1 1 1 1 1 1 1 4 1 1 |1 1 1 1 2 7 1 1 2 1 1 1 1 1 1 1 |1 1 1 1 1 1 1 7 1 1 1 1 1 1 1 1 |1 1 1 1 1 1 5 1 1 1 1 9 1 1 1 1 |3 1 1 7 1 1 6 1 1 1 1 1 1 1 1 2 |1 13 1 1 1 1 2 1 1 2 6 8 1 1 1 1 |
14011: 1 1 1 1 1 1 2 1 1 1 1 1 1 1 1 1 |1 1 1 7 1 1 1 1 1 1 1 1 1 1 6 1 |1 1 1 1 1 1 1 1 1 1 1 1 1 1 1 1 |1 1 1 1 1 1 1 1 1 1 1 1 1 1 1 1 |1 1 1 1 1 1 1 1 1 1 1 1 1 3 1 1 |1 1 1 1 1 1 3 1 1 4 1 1 1 1 1 1 |1 1 1 1 1 1 1 1 1 1 1 1 1 4 1 1 |1 1 1 1 2 7 1 1 2 1 1 1 1 1 1 1 |1 1 1 1 1 1 1 7 1 1 1 1 1 1 1 1 |1 1 1 1 1 1 5 1 1 1 1 9 1 1 1 1 |3 1 1 7 1 1 6 1 1 1 1 1 1 1 1 2 |1 13 1 1 1 1 2 1 1 2 6 8 1 1 1 1 |
14022: 2 1 1 1 1 1 1 1 1 1 2 8 1 1 1 1 |1 1 5 3 1 1 1 1 1 1 1 1 1 1 5 1 |1 1 1 1 1 1 1 1 1 1 1 1 1 1 1 1 |1 1 7 1 1 1 1 1 1 1 1 1 1 1 1 1 |1 1 1 1 1 1 1 1 1 1 1 1 1 1 1 1 |1 1 1 1 6 1 3 1 1 2 3 1 1 1 1 1 |1 1 1 1 1 1 1 1 1 1 1 1 1 1 1 2 |1 1 1 1 2 7 1 1 2 1 1 1 1 1 1 1 |1 1 1 1 1 1 1 7 1 1 1 1 1 1 1 1 |1 1 1 1 1 1 5 1 1 1 1 9 1 1 1 1 |3 1 1 7 1 1 6 1 1 1 1 1 1 1 1 2 |1 13 1 1 1 1 2 1 1 2 6 8 1 1 1 1 |
14033: 2 1 1 1 1 1 1 1 1 1 2 8 1 1 1 1 |1 1 5 3 1 1 1 1 1 1 1 1 1 1 5 1 |1 1 1 1 1 1 1 1 1 1 1 1 1 1 1 1 |1 1 7 1 1 1 1 1 1 1 1 1 1 1 1 1 |1 1 1 1 1 1 1 1 1 1 1 1 1 1 1 1 |1 1 1 1 6 1 3 1 1 2 3 1 1 1 1 1 |1 1 1 1 1 1 1 1 1 1 1 1 1 1 1 2 |1 1 1 1 1 7 1 1 1 1 1 1 1 1 1 1 |1 1 1 1 1 1 1 9 1 1 6 1 1 1 1 1 |1 1 1 8 1 1 1 1 1 1 1 7 1 1 1 1 |2 1 1 1 1 1 1 1 1 1 1 7 5 1 1 8 |1 7 1 11 1 1 1 1 1 1 8 1 1 1 1 1 |
14044: 2 1 1 1 1 1 1 1 1 1 2 8 1 1 1 1 |1 1 5 3 1 1 1 1 1 1 1 1 1 1 5 1 |1 1 1 1 1 1 1 1 1 1 1 1 1 1 1 1 |1 1 7 1 1 1 1 1 1 1 1 1 1 1 1 1 |1 1 1 1 1 1 1 1 1 1 1 1 1 1 1 1 |1 1 1 1 6 1 3 1 1 2 3 1 1 1 1 1 |1 1 1 1 1 1 1 1 1 1 1 1 1 1 1 2 |1 1 1 1 1 7 1 1 1 1 1 1 1 1 1 1 |1 1 1 1 1 1 1 9 1 1 6 1 1 1 1 1 |1 1 1 8 1 1 1 1 1 1 1 7 1 1 1 1 |2 1 1 1 1 1 1 1 1 1 1 7 5 1 1 8 |1 7 1 11 1 1 1 1 1 1 8 1 1 1 1 1 |
14055: 2 1 1 1 1 1 1 1 1 1 6 8 1 1 1 2 |1 1 5 6 6 1 1 1 1 1 1 1 1 1 6 1 |1 1 1 1 1 1 1 1 1 1 1 1 1 1 1 1 |1 1 1 1 1 1 1 1 1 1 1 1 1 1 1 1 |1 1 1 1 1 1 1 1 1 1 1 1 1 1 1 1 |1 1 1 1 6 1 3 1 1 2 3 1 1 1 1 1 |1 1 1 1 1 1 1 1 1 1 1 1 1 1 1 2 |1 1 1 1 1 7 1 1 1 1 1 1 1 1 1 1 |1 1 1 1 1 1 1 9 1 1 6 1 1 1 1 1 |1 1 1 8 1 1 1 1 1 1 1 7 1 1 1 1 |2 1 1 1 1 1 1 1 1 1 1 7 5 1 1 8 |1 7 1 11 1 1 1 1 1 1 8 1 1 1 1 1 |
14066: 2 1 1 1 1 1 1 1 1 1 6 8 1 1 1 2 |1 1 5 6 6 1 1 1 1 1 1 1 1 1 6 1 |1 1 1 1 1 1 1 1 1 1 1 1 1 1 1 1 |1 1 1 1 1 1 1 1 1 1 1 1 1 1 1 1 |1 1 1 1 1 1 1 1 1 1 1 1 1 1 1 1 |1 3 1 1 1 1 1 3 1 2 1 1 1 1 1 1 |1 1 1 1 1 1 1 1 1 1 1 1 1 1 1 1 |1 1 1 1 5 1 1 1 1 1 1 1 1 1 1 1 |1 1 2 1 1 1 1 10 1 1 1 1 1 1 1 6 |1 1 1 1 1 1 1 1 1 1 1 9 2 1 1 1 |1 1 1 1 1 1 7 1 1 1 1 1 1 1 1 8 |1 3 1 1 1 1 1 2 1 1 13 1 7 1 3 3 |
14077: 2 1 1 1 1 1 1 1 1 1 6 8 1 1 1 2 |1 1 5 6 6 1 1 1 1 1 1 1 1 1 6 1 |1 1 1 1 1 1 1 1 1 1 1 1 1 1 1 1 |1 1 1 1 1 1 1 1 1 1 1 1 1 1 1 1 |1 1 1 1 1 1 1 1 1 1 1 1 1 1 1 1 |1 3 1 1 1 1 1 3 1 2 1 1 1 1 1 1 |1 1 1 1 1 1 1 1 1 1 1 1 1 1 1 1 |1 1 1 1 5 1 1 1 1 1 1 1 1 1 1 1 |1 1 2 1 1 1 1 10 1 1 1 1 1 1 1 6 |1 1 1 1 1 1 1 1 1 1 1 9 2 1 1 1 |1 1 1 1 1 1 7 1 1 1 1 1 1 1 1 8 |1 3 1 1 1 1 1 2 1 1 13 1 7 1 3 3 |
14088: 1 1 1 1 1 1 1 1 1 1 3 6 1 1 1 1 |1 1 6 1 1 1 1 1 1 1 1 1 1 1 4 1 |1 1 1 1 1 1 1 1 1 1 1 1 1 1 1 1 |1 1 1 1 1 1 1 1 1 1 1 1 1 1 1 1 |1 1 1 1 1 1 1 1 1 1 1 1 1 1 1 1 |1 3 1 1 1 1 1 3 1 2 1 1 1 1 1 1 |1 1 1 1 1 1 1 1 1 1 1 1 1 1 1 1 |1 1 1 1 5 1 1 1 1 1 1 1 1 1 1 1 |1 1 2 1 1 1 1 10 1 1 1 1 1 1 1 6 |1 1 1 1 1 1 1 1 1 1 1 9 2 1 1 1 |1 1 1 1 1 1 7 1 1 1 1 1 1 1 1 8 |1 3 1 1 1 1 1 2 1 1 13 1 7 1 3 3 |
14098: 1 1 1 1 1 1 1 1 1 1 3 6 1 1 1 1 |1 1 6 1 1 1 1 1 1 1 1 1 1 1 4 1 |1 1 1 1 1 1 1 1 1 1 1 1 1 1 1 1 |1 1 1 1 1 1 1 1 1 1 1 1 1 1 1 1 |1 1 1 1 1 1 1 1 1 1 1 1 1 4 1 1 |1 1 1 1 1 1 4 1 1 1 1 1 1 4 1 1 |1 1 1 1 1 1 1 1 1 1 1 1 1 1 1 1 |1 1 1 1 4 3 1 1 4 1 1 1 5 1 1 1 |1 1 2 1 1 1 1 4 1 1 1 1 1 1 1 1 |1 1 2 1 1 1 5 1 1 1 1 9 1 1 1 1 |2 1 1 1 1 1 6 1 1 1 1 7 1 1 1 1 |1 3 1 1 2 1 1 1 1 1 13 1 1 1 8 5 |
14109: 1 1 1 1 1 1 1 1 1 1 3 6 1 1 1 1 |1 1 6 1 1 1 1 1 1 1 1 1 1 1 4 1 |1 1 1 1 1 1 1 1 1 1 1 1 1 1 1 1 |1 1 1 1 1 1 1 1 1 1 1 1 1 1 1 1 |1 1 1 1 1 1 1 1 1 1 1 1 1 4 1 1 |1 1 1 1 1 1 4 1 1 1 1 1 1 4 1 1 |1 1 1 1 1 1 1 1 1 1 1 1 1 1 1 1 |1 1 1 1 4 3 1 1 4 1 1 1 5 1 1 1 |1 1 2 1 1 1 1 4 1 1 1 1 1 1 1 1 |1 1 2 1 1 1 5 1 1 1 1 9 1 1 1 1 |2 1 1 1 1 1 6 1 1 1 1 7 1 1 1 1 |1 3 1 1 2 1 1 1 1 1 13 1 1 1 8 5 |
14120: 3 1 1 1 1 1 1 1 1 1 7 5 1 1 1 2 |1 1 1 1 5 1 1 1 1 1 1 1 1 1 1 1 |1 1 1 1 1 1 1 1 1 1 1 1 1 1 1 1 |1 1 1 1 1 1 1 1 1 1 1 1 1 1 1 1 |1 1 1 1 1 1 1 1 1 1 1 1 1 4 1 1 |1 1 1 1 1 1 4 1 1 1 1 1 1 4 1 1 |1 1 1 1 1 1 1 1 1 1 1 1 1 1 1 1 |1 1 1 1 4 3 1 1 4 1 1 1 5 1 1 1 |1 1 2 1 1 1 1 4 1 1 1 1 1 1 1 1 |1 1 2 1 1 1 5 1 1 1 1 9 1 1 1 1 |2 1 1 1 1 1 6 1 1 1 1 7 1 1 1 1 |1 3 1 1 2 1 1 1 1 1 13 1 1 1 8 5 |
14131: 3 1 1 1 1 1 1 1 1 1 7 5 1 1 1 2 |1 1 1 1 5 1 1 1 1 1 1 1 1 1 1 1 |1 1 1 1 1 1 1 1 1 1 1 1 1 1 1 1 |1 1 1 1 1 1 1 1 1 1 1 1 1 1 1 1 |1 1 1 1 1 1 1 1 1 1 1 1 1 4 1 1 |1 1 1 1 1 1 3 1 1 3 1 1 1 1 1 1 |1 1 1 1 1 1 1 1 1 1 1 1 1 1 1 1 |1 1 1 1 6 1 1 1 1 1 1 1 1 1 1 1 |1 1 1 6 1 1 1 1 1 1 6 1 1 1 1 1 |1 1 1 9 1 1 1 1 1 1 1 7 1 1 1 1 |4 1 6 1 1 1 6 1 1 1 1 5 2 1 1 8 |1 11 1 1 1 1 1 1 1 1 14 1 1 1 9 8 |
14142: 3 1 1 1 1 1 1 1 1 1 7 5 1 1 1 2 |1 1 1 1 5 1 1 1 1 1 1 1 1 1 1 1 |1 1 1 1 1 1 1 1 1 1 1 1 1 1 1 1 |1 1 1 1 1 1 1 1 1 1 1 1 1 1 1 1 |1 1 1 1 1 1 1 1 1 1 1 1 1 4 1 1 |1 1 1 1 1 1 3 1 1 3 1 1 1 1 1 1 |1 1 1 1 1 1 1 1 1 1 1 1 1 1 1 1 |1 1 1 1 6 1 1 1 1 1 1 1 1 1 1 1 |1 1 1 6 1 1 1 1 1 1 6 1 1 1 1 1 |1 1 1 9 1 1 1 1 1 1 1 7 1 1 1 1 |4 1 6 1 1 1 6 1 1 1 1 5 2 1 1 8 |1 11 1 1 1 1 1 1 1 1 14 1 1 1 9 8 |
14153: 3 1 1 1 1 1 1 1 1 1 1 5 1 1 1 1 |1 1 8 1 1 1 1 1 1 1 1 1 1 1 4 1 |1 1 1 1 1 1 1 1 1 1 1 1 1 1 1 1 |1 1 1 1 1 1 1 1 1 1 1 1 1 1 1 1 |1 1 1 1 1 1 1 1 1 1 1 1 1 4 1 1 |1 1 1 1 1 1 3 1 1 3 1 1 1 1 1 1 |1 1 1 1 1 1 1 1 1 1 1 1 1 1 1 1 |1 1 1 1 6 1 1 1 1 1 1 1 1 1 1 1 |1 1 1 6 1 1 1 1 1 1 6 1 1 1 1 1 |1 1 1 9 1 1 1 1 1 1 1 7 1 1 1 1 |4 1 6 1 1 1 6 1 1 1 1 5 2 1 1 8 |1 11 1 1 1 1 1 1 1 1 14 1 1 1 9 8 |
14165: 3 1 1 1 1 1 1 1 1 1 1 5 1 1 1 1 |1 1 8 1 1 1 1 1 1 1 1 1 1 1 4 1 |1 1 1 1 1 1 1 1 1 1 1 1 1 1 1 1 |1 1 1 1 1 1 1 1 1 1 1 1 1 1 1 1 |1 1 1 1 1 1 1 1 1 1 1 1 1 3 1 1 |1 1 1 1 1 1 1 3 1 4 1 1 1 3 1 1 |1 1 1 1 1 1 1 6 1 1 1 1 1 1 1 2 |1 1 1 1 7 7 1 1 4 1 1 1 1 1 1 1 |1 1 1 1 1 1 1 2 1 1 1 1 5 1 1 1 |1 1 1 1 1 1 1 1 1 1 1 6 1 6 1 1 |1 1 1 1 1 1 8 1 1 1 1 5 1 1 1 7 |1 1 1 2 1 1 2 1 1 1 11 6 1 1 4 2 |
14176: 3 1 1 1 1 1 1 1 1 1 1 5 1 1 1 1 |1 1 8 1 1 1 1 1 1 1 1 1 1 1 4 1 |1 1 1 1 1 1 1 1 1 1 1 1 1 1 1 1 |1 1 1 1 1 1 1 1 1 1 1 1 1 1 1 1 |1 1 1 1 1 1 1 1 1 1 1 1 1 3 1 1 |1 1 1 1 1 1 1 3 1 4 1 1 1 3 1 1 |1 1 1 1 1 1 1 6 1 1 1 1 1 1 1 2 |1 1 1 1 7 7 1 1 4 1 1 1 1 1 1 1 |1 1 1 1 1 1 1 2 1 1 1 1 5 1 1 1 |1 1 1 1 1 1 1 1 1 1 1 6 1 6 1 1 |1 1 1 1 1 1 8 1 1 1 1 5 1 1 1 7 |1 1 1 2 1 1 2 1 1 1 11 6 1 1 4 2 |
14187: 4 1 1 1 1 1 1 1 1 1 1 1 1 1 1 1 |1 1 2 6 8 1 1 1 1 1 1 1 1 1 2 1 |1 1 1 1 1 1 1 1 1 1 1 1 1 1 1 1 |1 1 1 1 1 1 1 1 1 1 1 1 1 1 1 1 |1 1 1 1 1 1 1 1 1 1 1 1 1 1 1 1 |1 1 1 1 1 1 1 3 1 4 1 1 1 3 1 1 |1 1 1 1 1 1 1 6 1 1 1 1 1 1 1 2 |1 1 1 1 7 7 1 1 4 1 1 1 1 1 1 1 |1 1 1 1 1 1 1 2 1 1 1 1 5 1 1 1 |1 1 1 1 1 1 1 1 1 1 1 6 1 6 1 1 |1 1 1 1 1 1 8 1 1 1 1 5 1 1 1 7 |1 1 1 2 1 1 2 1 1 1 11 6 1 1 4 2 |
14198: 4 1 1 1 1 1 1 1 1 1 1 1 1 1 1 1 |1 1 2 6 8 1 1 1 1 1 1 1 1 1 2 1 |1 1 1 1 1 1 1 1 1 1 1 1 1 1 1 1 |1 1 1 1 1 1 1 1 1 1 1 1 1 1 1 1 |1 1 1 1 1 1 1 1 1 1 1 1 1 1 1 1 |1 1 1 1 1 1 2 3 2 1 1 1 1 2 1 1 |1 1 1 1 1 1 1 1 1 1 1 1 1 1 1 1 |1 1 1 5 5 3 1 1 1 1 1 1 1 1 1 1 |1 1 2 1 1 1 1 8 1 1 4 1 1 1 1 1 |1 1 1 9 1 1 1 1 1 1 1 9 1 1 1 1 |2 1 1 1 1 1 7 1 1 1 1 1 1 1 1 2 |2 10 1 7 1 1 3 1 1 1 15 8 2 1 1 1 |
14209: 4 1 1 1 1 1 1 1 1 1 1 1 1 1 1 1 |1 1 2 6 8 1 1 1 1 1 1 1 1 1 2 1 |1 1 1 1 1 1 1 1 1 1 1 1 1 1 1 1 |1 1 1 1 1 1 1 1 1 1 1 1 1 1 1 1 |1 1 1 1 1 1 1 1 1 1 1 1 1 1 1 1 |1 1 1 1 1 1 2 3 2 1 1 1 1 2 1 1 |1 1 1 1 1 1 1 1 1 1 1 1 1 1 1 1 |1 1 1 5 5 3 1 1 1 1 1 1 1 1 1 1 |1 1 2 1 1 1 1 8 1 1 4 1 1 1 1 1 |1 1 1 9 1 1 1 1 1 1 1 9 1 1 1 1 |2 1 1 1 1 1 7 1 1 1 1 1 1 1 1 2 |2 10 1 7 1 1 3 1 1 1 15 8 2 1 1 1 |
14220: 1 1 1 1 1 1 1 1 1 1 3 1 1 1 1 1 |1 1 1 1 4 1 1 1 1 1 1 1 1 1 2 1 |1 1 1 1 1 1 1 1 1 1 1 1 1 1 1 1 |1 1 4 1 1 1 1 1 1 1 1 1 1 1 1 1 |1 1 1 1 1 1 1 1 1 1 1 1 1 3 1 1 |1 1 1 1 1 1 3 4 1 1 1 1 1 3 1 1 |1 1 1 1 1 1 1 1 1 1 1 1 1 1 1 1 |1 1 1 5 5 3 1 1 1 1 1 1 1 1 1 1 |1 1 2 1 1 1 1 8 1 1 4 1 1 1 1 1 |1 1 1 9 1 1 1 1 1 1 1 9 1 1 1 1 |2 1 1 1 1 1 7 1 1 1 1 1 1 1 1 2 |2 10 1 7 1 1 3 1 1 1 15 8 2 1 1 1 |
14231: 1 1 1 1 1 1 1 1 1 1 3 1 1 1 1 1 |1 1 1 1 4 1 1 1 1 1 1 1 1 1 2 1 |1 1 1 1 1 1 1 1 1 1 1 1 1 1 1 1 |1 1 4 1 1 1 1 1 1 1 1 1 1 1 1 1 |1 1 1 1 1 1 1 1 1 1 1 1 1 3 1 1 |1 1 1 1 1 1 3 4 1 1 1 1 1 3 1 1 |1 1 1 1 1 1 1 1 1 1 1 1 1 2 1 1 |1 1 1 3 1 9 1 1 4 1 1 1 6 1 1 1 |1 1 1 1 1 1 1 6 1 1 1 1 1 1 1 1 |1 1 2 1 1 1 1 1 1 1 1 9 1 1 1 1 |2 1 1 1 1 1 8 1 1 1 1 5 1 1 1 1 |1 6 1 1 1 1 1 1 1 1 5 1 1 1 3 1 |
14242: 1 1 1 1 1 1 1 1 1 1 3 1 1 1 1 1 |1 1 1 1 4 1 1 1 1 1 1 1 1 1 2 1 |1 1 1 1 1 1 1 1 1 1 1 1 1 1 1 1 |1 1 4 1 1 1 1 1 1 1 1 1 1 1 1 1 |1 1 1 1 1 1 1 1 1 1 1 1 1 3 1 1 |1 1 1 1 1 1 3 4 1 1 1 1 1 3 1 1 |1 1 1 1 1 1 1 1 1 1 1 1 1 2 1 1 |1 1 1 3 1 9 1 1 4 1 1 1 6 1 1 1 |1 1 1 1 1 1 1 6 1 1 1 1 1 1 1 1 |1 1 2 1 1 1 1 1 1 1 1 9 1 1 1 1 |2 1 1 1 1 1 8 1 1 1 1 5 1 1 1 1 |1 6 1 1 1 1 1 1 1 1 5 1 1 1 3 1 |
14253: 1 1 1 1 1 1 1 1 1 1 1 10 1 1 1 1 |1 1 1 5 1 1 1 1 1 1 1 1 1 1 1 1 |1 1 1 1 1 1 1 1 1 1 1 1 1 1 1 1 |1 1 1 1 1 1 1 1 1 1 1 1 1 1 1 1 |1 1 1 1 1 1 1 1 1 1 1 1 1 1 1 1 |1 1 1 1 1 1 2 2 1 1 1 1 1 3 1 1 |1 1 1 1 1 1 1 4 1 1 1 1 1 1 1 1 |1 1 1 1 4 1 1 1 5 4 1 1 1 1 1 1 |1 1 1 1 1 1 1 6 1 1 1 1 1 1 1 1 |1 1 2 1 1 1 1 1 1 1 1 9 1 1 1 1 |2 1 1 1 1 1 8 1 1 1 1 5 1 1 1 1 |1 6 1 1 1 1 1 1 1 1 5 1 1 1 3 1 |
14264: 1 1 1 1 1 1 1 1 1 1 1 10 1 1 1 1 |1 1 1 5 1 1 1 1 1 1 1 1 1 1 1 1 |1 1 1 1 1 1 1 1 1 1 1 1 1 1 1 1 |1 1 1 1 1 1 1 1 1 1 1 1 1 1 1 1 |1 1 1 1 1 1 1 1 1 1 1 1 1 1 1 1 |1 1 1 1 1 1 2 2 1 1 1 1 1 3 1 1 |1 1 1 1 1 1 1 4 1 1 1 1 1 1 1 1 |1 1 1 1 4 1 1 1 5 4 1 1 1 1 1 1 |1 1 3 4 1 1 1 7 1 1 1 1 1 1 1 1 |1 1 1 1 1 1 1 1 1 1 1 10 1 1 1 1 |2 1 1 1 1 1 1 1 1 1 1 8 1 1 1 1 |1 5 1 1 1 1 1 1 1 1 11 2 1 1 1 2 |
14275: 1 1 1 1 1 1 1 1 1 1 1 10 1 1 1 1 |1 1 1 5 1 1 1 1 1 1 1 1 1 1 1 1 |1 1 1 1 1 1 1 1 1 1 1 1 1 1 1 1 |1 1 1 1 1 1 1 1 1 1 1 1 1 1 1 1 |1 1 1 1 1 1 1 1 1 1 1 1 1 1 1 1 |1 1 1 1 1 1 2 2 1 1 1 1 1 3 1 1 |1 1 1 1 1 1 1 4 1 1 1 1 1 1 1 1 |1 1 1 1 4 1 1 1 5 4 1 1 1 1 1 1 |1 1 3 4 1 1 1 7 1 1 1 1 1 1 1 1 |1 1 1 1 1 1 1 1 1 1 1 10 1 1 1 1 |2 1 1 1 1 1 1 1 1 1 1 8 1 1 1 1 |1 5 1 1 1 1 1 1 1 1 11 2 1 1 1 2 |
14286: 3 1 1 1 1 1 1 1 1 1 1 3 1 1 1 1 |1 1 3 1 1 1 1 1 1 1 1 1 1 1 3 1 |1 1 1 1 1 1 1 1 1 1 1 1 1 1 1 1 |1 1 1 1 1 1 1 1 1 1 1 1 1 1 1 1 |1 1 1 1 1 1 1 1 1 1 1 1 1 1 1 1 |1 1 1 1 1 1 2 1 1 3 2 1 1 2 1 1 |1 1 1 1 1 1 1 1 1 1 1 1 1 1 1 1 |1 1 1 1 4 1 1 1 5 4 1 1 1 1 1 1 |1 1 3 4 1 1 1 7 1 1 1 1 1 1 1 1 |1 1 1 1 1 1 1 1 1 1 1 10 1 1 1 1 |2 1 1 1 1 1 1 1 1 1 1 8 1 1 1 1 |1 5 1 1 1 1 1 1 1 1 11 2 1 1 1 2 |
14297: 3 1 1 1 1 1 1 1 1 1 1 3 1 1 1 1 |1 1 3 1 1 1 1 1 1 1 1 1 1 1 3 1 |1 1 1 1 1 1 1 1 1 1 1 1 1 1 1 1 |1 1 1 1 1 1 1 1 1 1 1 1 1 1 1 1 |1 1 1 1 1 1 1 1 1 1 1 1 1 1 1 1 |1 1 1 1 1 1 2 1 1 3 2 1 1 2 1 1 |1 1 1 1 1 1 1 1 1 1 1 1 1 1 1 1 |1 1 1 1 6 1 1 1 1 1 1 1 1 1 1 1 |1 1 3 1 1 1 1 7 1 1 1 1 2 1 1 1 |1 1 1 1 1 1 4 1 1 1 1 10 1 1 1 2 |4 1 1 1 1 1 1 1 1 1 1 6 3 1 1 2 |1 5 1 2 1 1 1 1 1 1 13 8 3 1 1 1 |
14308: 3 1 1 1 1 1 1 1 1 1 1 3 1 1 1 1 |1 1 3 1 1 1 1 1 1 1 1 1 1 1 3 1 |1 1 1 1 1 1 1 1 1 1 1 1 1 1 1 1 |1 1 1 1 1 1 1 1 1 1 1 1 1 1 1 1 |1 1 1 1 1 1 1 1 1 1 1 1 1 1 1 1 |1 1 1 1 1 1 2 1 1 3 2 1 1 2 1 1 |1 1 1 1 1 1 1 1 1 1 1 1 1 1 1 1 |1 1 1 1 6 1 1 1 1 1 1 1 1 1 1 1 |1 1 3 1 1 1 1 7 1 1 1 1 2 1 1 1 |1 1 1 1 1 1 4 1 1 1 1 10 1 1 1 2 |4 1 1 1 1 1 1 1 1 1 1 6 3 1 1 2 |1 5 1 2 1 1 1 1 1 1 13 8 3 1 1 1 |
14318: 4 1 1 1 1 1 1 1 1 1 1 4 1 1 1 1 |1 1 4 5 1 1 1 1 1 1 1 1 1 1 4 1 |1 1 1 1 1 1 1 1 1 1 1 1 1 1 1 1 |1 1 1 1 1 1 1 1 1 1 1 1 1 1 1 1 |1 1 1 1 1 1 1 1 1 1 1 1 1 2 1 1 |1 1 1 1 1 1 3 3 1 1 1 1 1 1 1 1 |1 1 1 1 1 1 1 1 1 1 1 1 1 1 1 1 |1 1 1 1 6 1 1 1 1 1 1 1 1 1 1 1 |1 1 3 1 1 1 1 7 1 1 1 1 2 1 1 1 |1 1 1 1 1 1 4 1 1 1 1 10 1 1 1 2 |4 1 1 1 1 1 1 1 1 1 1 6 3 1 1 2 |1 5 1 2 1 1 1 1 1 1 13 8 3 1 1 1 |
14329: 4 1 1 1 1 1 1 1 1 1 1 4 1 1 1 1 |1 1 4 5 1 1 1 1 1 1 1 1 1 1 4 1 |1 1 1 1 1 1 1 1 1 1 1 1 1 1 1 1 |1 1 1 1 1 1 1 1 1 1 1 1 1 1 1 1 |1 1 1 1 1 1 1 1 1 1 1 1 1 2 1 1 |1 1 1 1 1 1 3 3 1 1 1 1 1 1 1 1 |1 1 1 1 1 1 1 1 1 1 1 1 1 1 1 1 |1 1 1 4 1 1 1 1 5 1 1 1 1 1 1 1 |1 1 1 1 1 1 1 8 1 1 1 1 1 1 1 1 |1 1 1 8 1 1 3 1 1 1 1 10 1 1 1 1 |6 1 1 1 1 1 7 1 1 1 1 5 3 1 2 2 |1 1 1 7 1 1 1 1 1 1 11 1 1 1 5 1 |
14340: 4 1 1 1 1 1 1 1 1 1 1 4 1 1 1 1 |1 1 4 5 1 1 1 1 1 1 1 1 1 1 4 1 |1 1 1 1 1 1 1 1 1 1 1 1 1 1 1 1 |1 1 1 1 1 1 1 1 1 1 1 1 1 1 1 1 |1 1 1 1 1 1 1 1 1 1 1 1 1 2 1 1 |1 1 1 1 1 1 3 3 1 1 1 1 1 1 1 1 |1 1 1 1 1 1 1 1 1 1 1 1 1 1 1 1 |1 1 1 4 1 1 1 1 5 1 1 1 1 1 1 1 |1 1 1 1 1 1 1 8 1 1 1 1 1 1 1 1 |1 1 1 8 1 1 3 1 1 1 1 10 1 1 1 1 |6 1 1 1 1 1 7 1 1 1 1 5 3 1 2 2 |1 1 1 7 1 1 1 1 1 1 11 1 1 1 5 1 |
14351: 2 1 1 1 1 1 1 1 1 1 5 6 1 1 1 1 |1 1 1 1 1 1 1 1 1 1 1 1 1 1 1 1 |1 1 1 1 1 1 1 1 1 1 1 1 1 1 1 1 |1 1 1 1 1 1 1 1 1 1 1 1 1 1 1 1 |1 1 1 1 1 1 1 1 1 1 1 1 1 3 1 1 |1 1 1 1 1 1 3 3 1 1 1 1 1 1 1 1 |1 1 1 1 1 1 1 1 1 1 1 1 1 1 1 1 |1 1 1 4 1 1 1 1 5 1 1 1 1 1 1 1 |1 1 1 1 1 1 1 8 1 1 1 1 1 1 1 1 |1 1 1 8 1 1 3 1 1 1 1 10 1 1 1 1 |6 1 1 1 1 1 7 1 1 1 1 5 3 1 2 2 |1 1 1 7 1 1 1 1 1 1 11 1 1 1 5 1 |
14361: 2 1 1 1 1 1 1 1 1 1 5 6 1 1 1 1 |1 1 1 1 1 1 1 1 1 1 1 1 1 1 1 1 |1 1 1 1 1 1 1 1 1 1 1 1 1 1 1 1 |1 1 1 1 1 1 1 1 1 1 1 1 1 1 1 1 |1 1 1 1 1 1 1 1 1 1 1 1 1 3 1 1 |1 1 1 1 3 1 1 4 1 4 2 1 1 1 1 1 |1 1 1 1 1 1 1 1 1 1 1 1 1 1 1 1 |1 1 1 1 1 1 1 1 1 1 1 1 1 1 1 1 |1 1 2 1 1 1 1 7 1 1 1 1 1 1 1 1 |1 1 1 7 1 1 1 1 1 1 1 8 1 1 1 1 |5 1 1 1 1 1 1 1 1 1 1 1 1 1 1 7 |1 1 1 7 1 1 1 1 1 1 11 1 1 1 5 1 |
14372: 2 1 1 1 1 1 1 1 1 1 5 6 1 1 1 1 |1 1 1 1 1 1 1 1 1 1 1 1 1 1 1 1 |1 1 1 1 1 1 1 1 1 1 1 1 1 1 1 1 |1 1 1 1 1 1 1 1 1 1 1 1 1 1 1 1 |1 1 1 1 1 1 1 1 1 1 1 1 1 3 1 1 |1 1 1 1 3 1 1 4 1 4 2 1 1 1 1 1 |1 1 1 1 1 1 1 1 1 1 1 1 1 1 1 1 |1 1 1 1 1 1 1 1 1 1 1 1 1 1 1 1 |1 1 2 1 1 1 1 7 1 1 1 1 1 1 1 1 |1 1 1 7 1 1 1 1 1 1 1 8 1 1 1 1 |5 1 1 1 1 1 1 1 1 1 1 1 1 1 1 7 |1 4 1 1 1 1 1 1 1 1 5 1 1 1 5 1 |
14384: 2 1 1 1 1 1 1 1 1 1 1 7 1 1 1 1 |1 1 2 9 6 1 1 1 1 1 1 1 1 1 1 1 |1 1 1 1 1 1 1 1 1 1 1 1 1 1 1 1 |1 1 1 1 1 1 1 1 1 1 1 1 1 1 1 1 |1 1 1 1 1 1 1 1 1 1 1 1 1 3 1 1 |1 1 1 1 3 1 1 4 1 4 2 1 1 1 1 1 |1 1 1 1 1 1 1 1 1 1 1 1 1 1 1 1 |1 1 1 1 1 1 1 1 1 1 1 1 1 1 1 1 |1 1 2 1 1 1 1 7 1 1 1 1 1 1 1 1 |1 1 1 7 1 1 1 1 1 1 1 8 1 1 1 1 |5 1 1 1 1 1 1 1 1 1 1 1 1 1 1 7 |1 4 1 1 1 1 1 1 1 1 5 1 1 1 5 1 |
14394: 2 1 1 1 1 1 1 1 1 1 1 7 1 1 1 1 |1 1 2 9 6 1 1 1 1 1 1 1 1 1 1 1 |1 1 1 1 1 1 1 1 1 1 1 1 1 1 1 1 |1 1 1 1 1 1 1 1 1 1 1 1 1 1 1 1 |1 1 1 1 1 1 1 1 1 1 1 1 1 3 1 1 |1 1 1 1 1 1 2 4 1 1 1 1 1 1 1 1 |1 1 1 1 1 1 1 6 1 1 1 1 1 1 1 1 |1 1 1 12 6 1 1 1 4 1 1 1 1 1 1 1 |1 1 1 1 1 1 1 5 1 1 1 1 1 1 1 1 |1 1 1 1 1 1 1 1 1 1 1 7 1 1 1 1 |2 1 1 1 1 1 5 1 1 1 1 1 1 1 1 8 |1 4 1 1 1 1 1 1 1 1 5 1 1 1 5 1 |
14405: 2 1 1 1 1 1 1 1 1 1 1 7 1 1 1 1 |1 1 2 9 6 1 1 1 1 1 1 1 1 1 1 1 |1 1 1 1 1 1 1 1 1 1 1 1 1 1 1 1 |1 1 1 1 1 1 1 1 1 1 1 1 1 1 1 1 |1 1 1 1 1 1 1 1 1 1 1 1 1 3 1 1 |1 1 1 1 1 1 2 4 1 1 1 1 1 1 1 1 |1 1 1 1 1 1 1 6 1 1 1 1 1 1 1 1 |1 1 1 12 6 1 1 1 4 1 1 1 1 1 1 1 |1 1 1 1 1 1 1 5 1 1 1 1 1 1 1 1 |1 1 1 1 1 1 1 1 1 1 1 7 1 1 1 1 |2 1 1 1 1 1 5 1 1 1 1 1 1 1 1 8 |1 7 1 1 1 1 1 1 1 1 5 1 1 1 1 1 |
14415: 2 1 1 1 1 1 1 1 1 1 1 7 1 1 1 1 |1 1 2 9 6 1 1 1 1 1 1 1 1 1 1 1 |1 1 1 1 1 1 1 1 1 1 1 1 1 1 1 1 |1 1 1 1 1 1 1 1 1 1 1 1 1 1 1 1 |1 1 1 1 1 1 1 1 1 1 1 1 1 3 1 1 |1 1 1 1 1 1 2 4 1 1 1 1 1 1 1 1 |1 1 1 1 1 1 1 6 1 1 1 1 1 1 1 1 |1 1 1 12 6 1 1 1 4 1 1 1 1 1 1 1 |1 1 1 1 1 1 1 5 1 1 1 1 1 1 1 1 |1 1 1 1 1 1 1 1 1 1 1 7 1 1 1 1 |2 1 1 1 1 1 5 1 1 1 1 1 1 1 1 8 |1 7 1 1 1 1 1 1 1 1 5 1 1 1 1 1 |
14445: 4 1 1 1 1 1 1 1 1 1 3 6 1 1 1 1 |1 1 1 1 1 1 1 1 1 1 1 1 1 1 1 1 |1 1 1 1 1 1 1 1 1 1 1 1 1 1 1 1 |1 1 5 1 1 1 1 1 1 1 1 1 1 1 1 1 |1 1 1 1 1 1 1 1 1 1 1 1 1 3 1 1 |1 1 1 1 1 1 2 4 1 1 1 1 1 1 1 1 |1 1 1 1 1 1 1 6 1 1 1 1 1 1 1 1 |1 1 1 12 6 1 1 1 4 1 1 1 1 1 1 1 |1 1 1 1 1 1 1 5 1 1 1 1 1 1 1 1 |1 1 1 1 1 1 1 1 1 1 1 7 1 1 1 1 |2 1 1 1 1 1 5 1 1 1 1 1 1 1 1 8 |1 7 1 1 1 1 1 1 1 1 5 1 1 1 1 1 |
14456: 4 1 1 1 1 1 1 1 1 1 3 6 1 1 1 1 |1 1 1 1 1 1 1 1 1 1 1 1 1 1 1 1 |1 1 1 1 1 1 1 1 1 1 1 1 1 1 1 1 |1 1 5 1 1 1 1 1 1 1 1 1 1 1 1 1 |1 1 1 1 1 1 1 1 1 1 1 1 1 3 1 1 |1 1 1 1 1 1 2 1 2 1 1 1 1 2 1 1 |1 1 1 1 1 1 1 1 1 1 3 1 1 1 1 1 |1 1 1 3 6 1 1 1 1 1 1 1 1 1 1 5 |1 1 3 1 1 1 1 2 1 1 2 1 1 1 2 5 |1 1 2 1 2 1 1 1 1 1 1 9 1 1 1 1 |3 1 1 1 1 1 7 1 1 1 1 6 1 1 1 8 |1 12 1 1 1 1 1 1 1 1 1 9 5 1 10 9 |
14466: 4 1 1 1 1 1 1 1 1 1 3 6 1 1 1 1 |1 1 1 1 1 1 1 1 1 1 1 1 1 1 1 1 |1 1 1 1 1 1 1 1 1 1 1 1 1 1 1 1 |1 1 5 1 1 1 1 1 1 1 1 1 1 1 1 1 |1 1 1 1 1 1 1 1 1 1 1 1 1 3 1 1 |1 1 1 1 1 1 2 1 2 1 1 1 1 2 1 1 |1 1 1 1 1 1 1 1 1 1 3 1 1 1 1 1 |1 1 1 3 6 1 1 1 1 1 1 1 1 1 1 5 |1 1 3 1 1 1 1 2 1 1 2 1 1 1 2 5 |1 1 2 1 2 1 1 1 1 1 1 9 1 1 1 1 |3 1 1 1 1 1 7 1 1 1 1 6 1 1 1 8 |1 12 1 1 1 1 1 1 1 1 1 9 5 1 10 9 |
14477: 4 1 1 1 1 1 1 1 1 1 5 5 1 1 1 1 |1 1 1 1 1 1 1 1 1 1 1 1 1 1 1 1 |1 1 1 1 1 1 1 1 1 1 1 1 1 1 1 1 |1 1 5 1 1 1 1 1 1 1 1 1 1 1 1 1 |1 1 1 1 1 1 1 1 1 1 1 1 1 3 1 1 |1 1 1 1 1 1 2 1 2 1 1 1 1 2 1 1 |1 1 1 1 1 1 1 1 1 1 3 1 1 1 1 1 |1 1 1 3 6 1 1 1 1 1 1 1 1 1 1 5 |1 1 3 1 1 1 1 2 1 1 2 1 1 1 2 5 |1 1 2 1 2 1 1 1 1 1 1 9 1 1 1 1 |3 1 1 1 1 1 7 1 1 1 1 6 1 1 1 8 |1 12 1 1 1 1 1 1 1 1 1 9 5 1 10 9 |
14488: 4 1 1 1 1 1 1 1 1 1 5 5 1 1 1 1 |1 1 1 1 1 1 1 1 1 1 1 1 1 1 1 1 |1 1 1 1 1 1 1 1 1 1 1 1 1 1 1 1 |1 1 9 1 1 1 1 1 1 1 1 1 1 1 1 1 |1 1 1 1 1 1 1 1 1 1 1 1 1 1 1 1 |1 1 1 1 11 1 2 3 1 2 1 1 1 2 1 1 |1 1 1 1 1 1 1 1 1 1 1 1 1 1 1 1 |1 1 1 3 6 7 1 1 1 1 1 1 6 1 1 1 |1 1 2 1 1 1 1 9 1 1 1 1 1 1 1 1 |1 1 1 1 1 1 6 1 1 1 1 9 1 1 1 1 |3 1 7 1 1 1 7 1 1 1 1 5 1 1 1 10 |1 6 1 3 1 1 1 1 1 1 14 1 7 1 11 3 |
14500: 4 1 1 1 1 1 1 1 1 1 5 5 1 1 1 1 |1 1 1 1 1 1 1 1 1 1 1 1 1 1 1 1 |1 1 1 1 1 1 1 1 1 1 1 1 1 1 1 1 |1 1 9 1 1 1 1 1 1 1 1 1 1 1 1 1 |1 1 1 1 1 1 1 1 1 1 1 1 1 1 1 1 |1 1 1 1 11 1 2 3 1 2 1 1 1 2 1 1 |1 1 1 1 1 1 1 1 1 1 1 1 1 1 1 1 |1 1 1 3 6 7 1 1 1 1 1 1 6 1 1 1 |1 1 2 1 1 1 1 9 1 1 1 1 1 1 1 1 |1 1 1 1 1 1 6 1 1 1 1 9 1 1 1 1 |3 1 7 1 1 1 7 1 1 1 1 5 1 1 1 10 |1 6 1 3 1 1 1 1 1 1 14 1 7 1 11 3 |
14511: 2 1 1 1 1 1 1 1 1 1 5 7 1 1 1 1 |1 1 11 1 1 1 1 1 1 1 1 1 1 1 6 1 |1 1 1 1 1 1 1 1 1 1 1 1 1 1 1 1 |1 1 9 1 1 1 1 1 1 1 1 1 1 1 1 1 |1 1 1 1 1 1 1 1 1 1 1 1 1 1 1 1 |1 1 1 1 11 1 2 3 1 2 1 1 1 2 1 1 |1 1 1 1 1 1 1 1 1 1 1 1 1 1 1 1 |1 1 1 3 6 7 1 1 1 1 1 1 6 1 1 1 |1 1 2 1 1 1 1 9 1 1 1 1 1 1 1 1 |1 1 1 1 1 1 6 1 1 1 1 9 1 1 1 1 |3 1 7 1 1 1 7 1 1 1 1 5 1 1 1 10 |1 6 1 3 1 1 1 1 1 1 14 1 7 1 11 3 |
14522: 2 1 1 1 1 1 1 1 1 1 5 7 1 1 1 1 |1 1 11 1 1 1 1 1 1 1 1 1 1 1 6 1 |1 1 1 1 1 1 1 1 1 1 1 1 1 1 1 1 |1 1 1 1 1 1 1 1 1 1 1 1 1 1 1 1 |1 1 1 1 1 1 1 1 1 1 1 1 1 1 1 1 |1 1 1 1 1 1 1 4 3 2 1 1 1 2 1 1 |1 1 1 1 1 1 1 1 1 1 1 1 1 1 1 1 |1 1 1 1 6 1 1 1 1 1 1 1 1 1 1 1 |1 1 2 1 1 1 1 8 1 1 1 1 1 1 1 4 |1 1 1 5 1 1 2 1 1 1 1 8 1 1 1 1 |1 1 1 1 1 1 6 1 1 1 1 1 1 1 1 1 |1 6 1 3 1 1 1 1 1 1 14 1 7 1 11 3 |
14533: 2 1 1 1 1 1 1 1 1 1 5 7 1 1 1 1 |1 1 11 1 1 1 1 1 1 1 1 1 1 1 6 1 |1 1 1 1 1 1 1 1 1 1 1 1 1 1 1 1 |1 1 1 1 1 1 1 1 1 1 1 1 1 1 1 1 |1 1 1 1 1 1 1 1 1 1 1 1 1 1 1 1 |1 1 1 1 1 1 1 4 3 2 1 1 1 2 1 1 |1 1 1 1 1 1 1 1 1 1 1 1 1 1 1 1 |1 1 1 1 6 1 1 1 1 1 1 1 1 1 1 1 |1 1 2 1 1 1 1 8 1 1 1 1 1 1 1 4 |1 1 1 5 1 1 2 1 1 1 1 8 1 1 1 1 |1 1 1 1 1 1 6 1 1 1 1 1 1 1 1 1 |1 6 1 1 1 1 1 1 1 1 1 1 1 2 9 2 |
14544: 2 1 1 1 1 1 1 1 1 1 1 6 1 1 1 1 |1 1 11 1 1 1 1 1 1 1 1 1 1 1 6 1 |1 1 1 1 1 1 1 1 1 1 1 1 1 1 1 1 |1 1 1 1 1 1 1 1 1 1 1 1 1 1 1 1 |1 1 1 1 1 1 1 1 1 1 1 1 1 1 1 1 |1 1 1 1 1 1 1 4 3 2 1 1 1 2 1 1 |1 1 1 1 1 1 1 1 1 1 1 1 1 1 1 1 |1 1 1 1 6 1 1 1 1 1 1 1 1 1 1 1 |1 1 2 1 1 1 1 8 1 1 1 1 1 1 1 4 |1 1 1 5 1 1 2 1 1 1 1 8 1 1 1 1 |1 1 1 1 1 1 6 1 1 1 1 1 1 1 1 1 |1 6 1 1 1 1 1 1 1 1 1 1 1 2 9 2 |
14554: 2 1 1 1 1 1 1 1 1 1 1 6 1 1 1 1 |1 1 4 4 1 1 1 1 1 1 1 1 1 1 1 1 |1 1 1 1 1 1 1 1 1 1 1 1 1 1 1 1 |1 1 1 1 1 1 1 1 1 1 1 1 1 1 1 1 |1 1 1 1 1 1 1 1 1 1 1 1 1 3 1 1 |1 1 1 1 1 1 1 3 1 2 1 1 1 1 1 1 |1 1 1 1 1 1 1 1 1 1 1 1 1 1 1 2 |1 1 1 1 6 1 1 1 1 1 1 1 1 1 1 1 |1 1 1 1 1 1 1 1 1 1 1 1 1 1 1 1 |1 1 1 5 1 1 2 1 1 1 1 8 1 1 1 1 |1 1 1 1 1 1 6 1 1 1 1 1 1 1 1 1 |1 6 1 1 1 1 1 1 1 1 1 1 1 2 9 2 |
14565: 2 1 1 1 1 1 1 1 1 1 1 6 1 1 1 1 |1 1 4 4 1 1 1 1 1 1 1 1 1 1 1 1 |1 1 1 1 1 1 1 1 1 1 1 1 1 1 1 1 |1 1 1 1 1 1 1 1 1 1 1 1 1 1 1 1 |1 1 1 1 1 1 1 1 1 1 1 1 1 3 1 1 |1 1 1 1 1 1 1 3 1 2 1 1 1 1 1 1 |1 1 1 1 1 1 1 1 1 1 1 1 1 1 1 2 |1 1 1 1 6 1 1 1 1 1 1 1 1 1 1 1 |1 1 1 1 1 1 1 1 1 1 1 1 1 1 1 1 |1 1 1 9 1 1 1 1 1 1 1 7 2 1 1 1 |4 1 1 1 1 1 8 1 1 1 1 7 1 1 1 7 |1 6 1 1 1 1 2 1 1 1 1 1 1 1 8 2 |
14576: 1 1 1 1 1 1 1 1 1 1 1 9 1 1 1 1 |1 1 1 1 1 1 1 1 1 1 1 1 1 1 1 1 |1 1 1 1 1 1 1 1 1 1 1 1 1 1 1 1 |1 1 1 1 1 1 1 1 1 1 1 1 1 1 1 1 |1 1 1 1 1 1 1 1 1 1 1 1 1 3 1 1 |1 1 1 1 1 1 1 3 1 2 1 1 1 1 1 1 |1 1 1 1 1 1 1 1 1 1 1 1 1 1 1 2 |1 1 1 1 6 1 1 1 1 1 1 1 1 1 1 1 |1 1 1 1 1 1 1 1 1 1 1 1 1 1 1 1 |1 1 1 9 1 1 1 1 1 1 1 7 2 1 1 1 |4 1 1 1 1 1 8 1 1 1 1 7 1 1 1 7 |1 6 1 1 1 1 2 1 1 1 1 1 1 1 8 2 |
14587: 1 1 1 1 1 1 1 1 1 1 1 9 1 1 1 1 |1 1 1 1 1 1 1 1 1 1 1 1 1 1 1 1 |1 1 1 1 1 1 1 1 1 1 1 1 1 1 1 1 |1 1 4 1 1 1 1 1 1 1 1 1 1 1 1 1 |1 1 1 1 1 1 1 1 1 1 1 1 1 1 1 1 |1 1 1 1 1 1 2 4 1 4 1 1 1 2 1 1 |1 1 1 1 1 1 1 1 1 1 1 1 1 1 1 1 |1 1 1 1 6 1 1 1 4 1 1 1 1 1 1 1 |1 1 2 4 1 1 1 9 1 1 1 1 1 1 1 1 |1 1 1 9 1 1 1 1 1 1 1 7 2 1 1 1 |4 1 1 1 1 1 8 1 1 1 1 7 1 1 1 7 |1 6 1 1 1 1 2 1 1 1 1 1 1 1 8 2 |
14597: 1 1 1 1 1 1 1 1 1 1 1 9 1 1 1 1 |1 1 1 1 1 1 1 1 1 1 1 1 1 1 1 1 |1 1 1 1 1 1 1 1 1 1 1 1 1 1 1 1 |1 1 4 1 1 1 1 1 1 1 1 1 1 1 1 1 |1 1 1 1 1 1 1 1 1 1 1 1 1 1 1 1 |1 1 1 1 1 1 2 4 1 4 1 1 1 2 1 1 |1 1 1 1 1 1 1 1 1 1 1 1 1 1 1 1 |1 1 1 1 6 1 1 1 4 1 1 1 1 1 1 1 |1 1 2 4 1 1 1 9 1 1 1 1 1 1 1 1 |1 1 1 1 1 1 1 1 1 1 1 7 1 1 1 1 |5 1 1 1 1 1 1 1 1 1 1 3 1 1 1 1 |1 5 1 7 1 1 1 1 1 1 6 2 1 1 9 1 |
14608: 3 1 1 1 1 1 1 1 1 1 1 4 1 1 1 1 |1 1 1 7 3 1 1 1 1 1 1 1 1 1 6 1 |1 1 1 1 1 1 1 1 1 1 1 1 1 1 1 1 |1 1 4 1 1 1 1 1 1 1 1 1 1 1 1 1 |1 1 1 1 1 1 1 1 1 1 1 1 1 1 1 1 |1 1 1 1 1 1 2 4 1 4 1 1 1 2 1 1 |1 1 1 1 1 1 1 1 1 1 1 1 1 1 1 1 |1 1 1 1 6 1 1 1 4 1 1 1 1 1 1 1 |1 1 2 4 1 1 1 9 1 1 1 1 1 1 1 1 |1 1 1 1 1 1 1 1 1 1 1 7 1 1 1 1 |5 1 1 1 1 1 1 1 1 1 1 3 1 1 1 1 |1 5 1 7 1 1 1 1 1 1 6 2 1 1 9 1 |
14619: 3 1 1 1 1 1 1 1 1 1 1 4 1 1 1 1 |1 1 1 7 3 1 1 1 1 1 1 1 1 1 6 1 |1 1 1 1 1 1 1 1 1 1 1 1 1 1 1 1 |1 1 1 1 1 1 1 1 1 1 1 1 1 1 1 1 |1 1 1 1 1 1 1 1 1 1 1 1 1 1 1 1 |1 1 1 1 1 1 7 3 2 1 1 1 1 2 1 1 |1 1 1 1 1 1 1 1 1 1 1 1 1 1 1 1 |1 1 1 1 5 6 1 1 7 1 1 1 4 1 1 4 |1 1 2 4 1 1 1 9 1 1 1 1 1 1 1 1 |1 1 1 1 1 1 1 1 1 1 1 7 1 1 1 1 |5 1 1 1 1 1 1 1 1 1 1 3 1 1 1 1 |1 5 1 7 1 1 1 1 1 1 6 2 1 1 9 1 |
14629: 3 1 1 1 1 1 1 1 1 1 1 4 1 1 1 1 |1 1 1 7 3 1 1 1 1 1 1 1 1 1 6 1 |1 1 1 1 1 1 1 1 1 1 1 1 1 1 1 1 |1 1 1 1 1 1 1 1 1 1 1 1 1 1 1 1 |1 1 1 1 1 1 1 1 1 1 1 1 1 1 1 1 |1 1 1 1 1 1 7 3 2 1 1 1 1 2 1 1 |1 1 1 1 1 1 1 1 1 1 1 1 1 1 1 1 |1 1 1 1 5 6 1 1 7 1 1 1 4 1 1 4 |1 1 1 1 1 1 1 6 1 1 1 1 4 1 1 1 |1 1 1 1 1 1 1 1 1 1 1 7 1 1 1 1 |4 1 1 1 1 1 5 1 1 1 1 8 1 1 1 1 |1 3 1 1 1 1 1 1 1 1 8 4 1 1 11 1 |
14641: 1 1 1 1 1 1 1 1 1 1 4 4 1 1 1 1 |1 1 1 7 3 1 1 1 1 1 1 1 1 1 6 1 |1 1 1 1 1 1 1 1 1 1 1 1 1 1 1 1 |1 1 1 1 1 1 1 1 1 1 1 1 1 1 1 1 |1 1 1 1 1 1 1 1 1 1 1 1 1 1 1 1 |1 1 1 1 1 1 7 3 2 1 1 1 1 2 1 1 |1 1 1 1 1 1 1 1 1 1 1 1 1 1 1 1 |1 1 1 1 5 6 1 1 7 1 1 1 4 1 1 4 |1 1 1 1 1 1 1 6 1 1 1 1 4 1 1 1 |1 1 1 1 1 1 1 1 1 1 1 7 1 1 1 1 |4 1 1 1 1 1 5 1 1 1 1 8 1 1 1 1 |1 3 1 1 1 1 1 1 1 1 8 4 1 1 11 1 |
14652: 1 1 1 1 1 1 1 1 1 1 4 4 1 1 1 1 |1 1 1 7 5 1 1 1 1 1 1 1 1 1 5 1 |1 1 1 1 1 1 1 1 1 1 1 1 1 1 1 1 |1 1 1 1 1 1 1 1 1 1 1 1 1 1 1 1 |1 1 1 1 1 1 1 1 1 1 1 1 1 4 1 1 |1 1 1 1 1 1 1 4 1 2 3 1 1 5 1 1 |1 1 1 1 1 1 1 1 1 1 1 1 1 1 1 1 |1 1 1 14 5 2 1 1 6 1 1 1 5 1 1 1 |1 1 2 1 1 1 1 1 1 1 1 1 1 1 1 1 |1 1 2 1 1 1 1 1 1 1 1 10 1 1 1 1 |4 1 1 1 1 1 5 1 1 1 1 8 1 1 1 1 |1 3 1 1 1 1 1 1 1 1 8 4 1 1 11 1 |
14662: 1 1 1 1 1 1 1 1 1 1 4 4 1 1 1 1 |1 1 1 7 5 1 1 1 1 1 1 1 1 1 5 1 |1 1 1 1 1 1 1 1 1 1 1 1 1 1 1 1 |1 1 1 1 1 1 1 1 1 1 1 1 1 1 1 1 |1 1 1 1 1 1 1 1 1 1 1 1 1 4 1 1 |1 1 1 1 1 1 1 4 1 2 3 1 1 5 1 1 |1 1 1 1 1 1 1 1 1 1 1 1 1 1 1 1 |1 1 1 14 5 2 1 1 6 1 1 1 5 1 1 1 |1 1 2 1 1 1 1 1 1 1 1 1 1 1 1 1 |1 1 2 1 1 1 1 1 1 1 1 10 1 1 1 1 |2 1 1 1 1 1 7 1 1 1 1 8 1 1 1 6 |1 4 1 1 1 1 1 1 1 1 3 8 7 1 1 1 |
14674: 1 1 1 1 1 1 1 1 1 1 1 1 1 1 1 1 |1 1 1 7 5 1 1 1 1 1 1 1 1 1 5 1 |1 1 1 1 1 1 1 1 1 1 1 1 1 1 1 1 |1 1 1 1 1 1 1 1 1 1 1 1 1 1 1 1 |1 1 1 1 1 1 1 1 1 1 1 1 1 4 1 1 |1 1 1 1 1 1 1 4 1 2 3 1 1 5 1 1 |1 1 1 1 1 1 1 1 1 1 1 1 1 1 1 1 |1 1 1 14 5 2 1 1 6 1 1 1 5 1 1 1 |1 1 2 1 1 1 1 1 1 1 1 1 1 1 1 1 |1 1 2 1 1 1 1 1 1 1 1 10 1 1 1 1 |2 1 1 1 1 1 7 1 1 1 1 8 1 1 1 6 |1 4 1 1 1 1 1 1 1 1 3 8 7 1 1 1 |
14685: 1 1 1 1 1 1 1 1 1 1 1 1 1 1 1 1 |1 1 4 3 1 1 1 1 1 1 1 1 1 1 1 1 |1 1 1 1 1 1 1 1 1 1 1 1 1 1 1 1 |1 1 1 1 1 1 1 1 1 1 1 1 1 1 1 1 |1 1 1 1 1 1 1 1 1 1 1 1 1 3 1 1 |1 1 1 6 1 1 3 2 2 1 1 1 1 3 1 1 |1 1 1 1 1 1 1 1 1 1 1 1 1 1 1 1 |1 1 1 1 1 17 1 1 1 1 1 1 1 1 1 1 |1 1 1 1 1 1 1 10 1 1 1 1 5 1 1 1 |1 1 2 1 1 1 1 1 1 1 1 10 1 1 1 1 |2 1 1 1 1 1 7 1 1 1 1 8 1 1 1 6 |1 4 1 1 1 1 1 1 1 1 3 8 7 1 1 1 |
14696: 1 1 1 1 1 1 1 1 1 1 1 1 1 1 1 1 |1 1 4 3 1 1 1 1 1 1 1 1 1 1 1 1 |1 1 1 1 1 1 1 1 1 1 1 1 1 1 1 1 |1 1 1 1 1 1 1 1 1 1 1 1 1 1 1 1 |1 1 1 1 1 1 1 1 1 1 1 1 1 3 1 1 |1 1 1 6 1 1 3 2 2 1 1 1 1 3 1 1 |1 1 1 1 1 1 1 1 1 1 1 1 1 1 1 1 |1 1 1 1 1 17 1 1 1 1 1 1 1 1 1 1 |1 1 1 1 1 1 1 10 1 1 1 1 5 1 1 1 |1 1 2 1 1 1 3 1 1 1 1 8 1 1 1 1 |1 1 1 1 1 1 6 1 1 1 1 6 2 1 1 3 |1 1 1 1 4 1 1 2 1 1 12 2 1 1 11 1 |
14707: 1 1 1 1 1 1 1 1 1 1 6 6 1 1 1 1 |1 1 4 3 1 1 1 1 1 1 1 1 1 1 1 1 |1 1 1 1 1 1 1 1 1 1 1 1 1 1 1 1 |1 1 1 1 1 1 1 1 1 1 1 1 1 1 1 1 |1 1 1 1 1 1 1 1 1 1 1 1 1 3 1 1 |1 1 1 6 1 1 3 2 2 1 1 1 1 3 1 1 |1 1 1 1 1 1 1 1 1 1 1 1 1 1 1 1 |1 1 1 1 1 17 1 1 1 1 1 1 1 1 1 1 |1 1 1 1 1 1 1 10 1 1 1 1 5 1 1 1 |1 1 2 1 1 1 3 1 1 1 1 8 1 1 1 1 |1 1 1 1 1 1 6 1 1 1 1 6 2 1 1 3 |1 1 1 1 4 1 1 2 1 1 12 2 1 1 11 1 |
14717: 1 1 1 1 1 1 1 1 1 1 6 6 1 1 1 1 |1 1 1 4 5 1 1 1 1 1 1 1 1 1 3 1 |1 1 1 1 1 1 1 1 1 1 1 1 1 1 1 1 |1 1 1 1 1 1 1 1 1 1 1 1 1 1 1 1 |1 1 1 1 1 1 1 1 1 1 1 1 1 1 1 1 |1 1 1 1 1 1 2 3 1 3 1 1 1 2 1 1 |1 1 1 1 1 1 1 1 1 1 1 1 1 1 1 1 |1 1 1 1 5 1 1 1 1 1 1 1 1 1 1 3 |1 1 3 1 1 1 1 10 1 1 1 1 1 1 1 1 |1 1 2 1 1 1 3 1 1 1 1 8 1 1 1 1 |1 1 1 1 1 1 6 1 1 1 1 6 2 1 1 3 |1 1 1 1 4 1 1 2 1 1 12 2 1 1 11 1 |
14729: 1 1 1 1 1 1 1 1 1 1 6 6 1 1 1 1 |1 1 1 4 5 1 1 1 1 1 1 1 1 1 3 1 |1 1 1 1 1 1 1 1 1 1 1 1 1 1 1 1 |1 1 1 1 1 1 1 1 1 1 1 1 1 1 1 1 |1 1 1 1 1 1 1 1 1 1 1 1 1 1 1 1 |1 1 1 1 1 1 2 3 1 3 1 1 1 2 1 1 |1 1 1 1 1 1 1 1 1 1 1 1 1 1 1 1 |1 1 1 1 5 1 1 1 1 1 1 1 1 1 1 3 |1 1 3 1 1 1 1 10 1 1 1 1 1 1 1 1 |1 1 1 3 1 1 1 1 1 1 1 1 1 1 1 1 |4 1 1 1 1 1 3 1 1 1 1 6 2 4 1 1 |1 7 1 1 1 1 2 1 1 1 12 4 7 1 10 1 |
14740: 1 1 1 1 1 1 1 1 1 1 6 6 1 1 1 1 |1 1 1 4 5 1 1 1 1 1 1 1 1 1 3 1 |1 1 1 1 1 1 1 1 1 1 1 1 1 1 1 1 |1 1 1 1 1 1 1 1 1 1 1 1 1 1 1 1 |1 1 1 1 1 1 1 1 1 1 1 1 1 1 1 1 |1 1 1 1 1 1 2 3 1 3 1 1 1 2 1 1 |1 1 1 1 1 1 1 1 1 1 1 1 1 1 1 1 |1 1 1 1 5 1 1 1 1 1 1 1 1 1 1 3 |1 1 3 1 1 1 1 10 1 1 1 1 1 1 1 1 |1 1 1 3 1 1 1 1 1 1 1 1 1 1 1 1 |4 1 1 1 1 1 3 1 1 1 1 6 2 4 1 1 |1 7 1 1 1 1 2 1 1 1 12 4 7 1 10 1 |
14751: 4 1 1 1 1 1 1 1 1 1 1 5 1 1 1 1 |1 1 1 1 1 1 1 1 1 1 1 1 1 1 3 1 |1 1 1 1 1 1 1 1 1 1 1 1 1 1 1 1 |1 1 1 1 1 1 1 1 1 1 1 1 1 1 1 1 |1 1 1 1 1 1 1 1 1 1 1 1 1 3 1 1 |1 1 1 1 1 1 1 2 1 2 2 1 1 2 1 1 |1 1 1 1 1 1 1 4 1 1 1 1 1 1 1 1 |1 1 1 1 5 1 1 1 6 1 1 1 1 1 1 1 |1 1 3 1 1 1 1 10 1 1 1 1 1 1 1 1 |1 1 1 3 1 1 1 1 1 1 1 1 1 1 1 1 |4 1 1 1 1 1 3 1 1 1 1 6 2 4 1 1 |1 7 1 1 1 1 2 1 1 1 12 4 7 1 10 1 |
14762: 4 1 1 1 1 1 1 1 1 1 1 5 1 1 1 1 |1 1 1 1 1 1 1 1 1 1 1 1 1 1 3 1 |1 1 1 1 1 1 1 1 1 1 1 1 1 1 1 1 |1 1 1 1 1 1 1 1 1 1 1 1 1 1 1 1 |1 1 1 1 1 1 1 1 1 1 1 1 1 3 1 1 |1 1 1 1 1 1 1 2 1 2 2 1 1 2 1 1 |1 1 1 1 1 1 1 4 1 1 1 1 1 1 1 1 |1 1 1 1 5 1 1 1 6 1 1 1 1 1 1 1 |1 1 3 1 1 1 1 1 1 1 1 1 5 1 1 13 |1 1 1 1 1 1 1 1 1 1 1 10 3 1 1 1 |2 1 5 1 1 1 5 1 1 1 1 8 4 2 1 3 |1 12 1 1 1 1 1 1 1 1 6 7 2 1 5 1 |
14772: 4 1 1 1 1 1 1 1 1 1 1 5 1 1 1 1 |1 1 1 1 1 1 1 1 1 1 1 1 1 1 3 1 |1 1 1 1 1 1 1 1 1 1 1 1 1 1 1 1 |1 1 1 1 1 1 1 1 1 1 1 1 1 1 1 1 |1 1 1 1 1 1 1 1 1 1 1 1 1 3 1 1 |1 1 1 1 1 1 1 2 1 2 2 1 1 2 1 1 |1 1 1 1 1 1 1 4 1 1 1 1 1 1 1 1 |1 1 1 1 5 1 1 1 6 1 1 1 1 1 1 1 |1 1 3 1 1 1 1 1 1 1 1 1 5 1 1 13 |1 1 1 1 1 1 1 1 1 1 1 10 3 1 1 1 |2 1 5 1 1 1 5 1 1 1 1 8 4 2 1 3 |1 12 1 1 1 1 1 1 1 1 6 7 2 1 5 1 |
14784: 3 1 1 1 1 1 1 1 1 1 1 6 1 1 1 1 |1 1 4 2 1 1 1 1 1 1 1 1 1 1 4 1 |1 1 1 1 1 1 1 1 1 1 1 1 1 1 1 1 |1 1 1 1 1 1 1 1 1 1 1 1 1 1 1 1 |1 1 1 1 1 1 1 1 1 1 1 1 1 3 1 1 |1 1 1 2 1 1 1 5 1 3 1 1 1 1 1 1 |1 1 1 1 1 1 1 4 1 1 1 1 1 1 1 1 |1 1 1 1 5 1 1 1 6 1 1 1 1 1 1 1 |1 1 3 1 1 1 1 1 1 1 1 1 5 1 1 13 |1 1 1 1 1 1 1 1 1 1 1 10 3 1 1 1 |2 1 5 1 1 1 5 1 1 1 1 8 4 2 1 3 |1 12 1 1 1 1 1 1 1 1 6 7 2 1 5 1 |
14795: 3 1 1 1 1 1 1 1 1 1 1 6 1 1 1 1 |1 1 4 2 1 1 1 1 1 1 1 1 1 1 4 1 |1 1 1 1 1 1 1 1 1 1 1 1 1 1 1 1 |1 1 1 1 1 1 1 1 1 1 1 1 1 1 1 1 |1 1 1 1 1 1 1 1 1 1 1 1 1 3 1 1 |1 1 1 2 1 1 1 5 1 3 1 1 1 1 1 1 |2 1 1 1 1 1 1 1 1 1 1 1 1 1 1 1 |1 1 1 3 1 10 1 1 5 1 1 1 1 1 1 1 |1 1 1 1 1 1 1 6 1 1 1 1 1 1 1 1 |1 1 1 1 1 1 1 1 1 1 1 9 1 1 1 1 |4 1 1 1 1 1 6 1 1 1 1 6 2 1 1 3 |1 1 1 1 1 1 1 1 1 1 12 3 8 1 4 1 |
14805: 3 1 1 1 1 1 1 1 1 1 1 6 1 1 1 1 |1 1 4 2 1 1 1 1 1 1 1 1 1 1 4 1 |1 1 1 1 1 1 1 1 1 1 1 1 1 1 1 1 |1 1 1 1 1 1 1 1 1 1 1 1 1 1 1 1 |1 1 1 1 1 1 1 1 1 1 1 1 1 3 1 1 |1 1 1 2 1 1 1 5 1 3 1 1 1 1 1 1 |2 1 1 1 1 1 1 1 1 1 1 1 1 1 1 1 |1 1 1 3 1 10 1 1 5 1 1 1 1 1 1 1 |1 1 1 1 1 1 1 6 1 1 1 1 1 1 1 1 |1 1 1 1 1 1 1 1 1 1 1 9 1 1 1 1 |4 1 1 1 1 1 6 1 1 1 1 6 2 1 1 3 |1 1 1 1 1 1 1 1 1 1 12 3 8 1 4 1 |
14817: 2 1 1 1 1 1 1 1 1 1 1 5 1 1 1 1 |1 1 4 5 2 1 1 1 1 1 1 1 1 1 2 1 |1 1 1 1 1 1 1 1 1 1 1 1 1 1 1 1 |1 1 2 1 1 1 1 1 1 1 1 1 1 1 1 1 |1 1 1 1 1 1 1 1 1 1 1 1 1 1 1 1 |1 1 1 1 1 1 3 1 3 1 1 1 1 3 1 1 |2 1 1 1 1 1 1 1 1 1 1 1 1 1 1 1 |1 1 1 3 1 10 1 1 5 1 1 1 1 1 1 1 |1 1 1 1 1 1 1 6 1 1 1 1 1 1 1 1 |1 1 1 1 1 1 1 1 1 1 1 9 1 1 1 1 |4 1 1 1 1 1 6 1 1 1 1 6 2 1 1 3 |1 1 1 1 1 1 1 1 1 1 12 3 8 1 4 1 |
14828: 2 1 1 1 1 1 1 1 1 1 1 5 1 1 1 1 |1 1 4 5 2 1 1 1 1 1 1 1 1 1 2 1 |1 1 1 1 1 1 1 1 1 1 1 1 1 1 1 1 |1 1 2 1 1 1 1 1 1 1 1 1 1 1 1 1 |1 1 1 1 1 1 1 1 1 1 1 1 1 1 1 1 |1 1 1 1 1 1 3 1 3 1 1 1 1 3 1 1 |1 1 1 1 1 1 1 1 1 1 1 1 1 1 1 1 |1 1 1 2 5 2 1 1 1 1 1 1 1 1 1 1 |1 1 1 1 1 1 1 8 1 1 1 1 1 1 1 1 |1 1 1 10 1 1 1 1 1 1 1 1 1 8 1 1 |2 1 1 1 1 1 1 1 1 1 1 1 1 1 1 2 |1 13 1 1 11 1 1 1 1 1 13 8 1 1 9 1 |
14838: 2 1 1 1 1 1 1 1 1 1 1 5 1 1 1 1 |1 1 4 5 2 1 1 1 1 1 1 1 1 1 2 1 |1 1 1 1 1 1 1 1 1 1 1 1 1 1 1 1 |1 1 2 1 1 1 1 1 1 1 1 1 1 1 1 1 |1 1 1 1 1 1 1 1 1 1 1 1 1 1 1 1 |1 1 1 1 1 1 3 1 3 1 1 1 1 3 1 1 |1 1 1 1 1 1 1 1 1 1 1 1 1 1 1 1 |1 1 1 2 5 2 1 1 1 1 1 1 1 1 1 1 |1 1 1 1 1 1 1 8 1 1 1 1 1 1 1 1 |1 1 1 10 1 1 1 1 1 1 1 1 1 8 1 1 |2 1 1 1 1 1 1 1 1 1 1 1 1 1 1 2 |1 13 1 1 11 1 1 1 1 1 13 8 1 1 9 1 |
14849: 1 1 1 1 1 1 1 1 1 1 1 4 1 1 1 1 |1 1 1 9 1 1 1 1 1 1 1 1 1 1 4 1 |1 1 1 1 1 1 1 1 1 1 1 1 1 1 1 1 |1 1 1 1 1 1 1 1 1 1 1 1 1 1 1 1 |1 1 1 1 1 1 1 1 1 1 1 1 1 1 1 1 |1 1 1 1 1 1 2 1 1 1 1 1 1 2 1 1 |1 1 1 1 1 1 1 1 1 1 1 1 1 1 1 1 |1 1 1 2 5 2 1 1 1 1 1 1 1 1 1 1 |1 1 1 1 1 1 1 8 1 1 1 1 1 1 1 1 |1 1 1 10 1 1 1 1 1 1 1 1 1 8 1 1 |2 1 1 1 1 1 1 1 1 1 1 1 1 1 1 2 |1 13 1 1 11 1 1 1 1 1 13 8 1 1 9 1 |
14860: 1 1 1 1 1 1 1 1 1 1 1 4 1 1 1 1 |1 1 1 9 1 1 1 1 1 1 1 1 1 1 4 1 |1 1 1 1 1 1 1 1 1 1 1 1 1 1 1 1 |1 1 1 1 1 1 1 1 1 1 1 1 1 1 1 1 |1 1 1 1 1 1 1 1 1 1 1 1 1 1 1 1 |1 1 1 1 1 1 2 1 1 1 1 1 1 2 1 1 |1 1 1 1 1 1 1 1 1 1 1 1 1 1 1 1 |1 1 1 1 6 1 1 1 1 1 1 1 1 1 1 1 |1 1 1 1 1 1 1 4 1 1 1 1 1 1 1 1 |1 1 1 1 1 2 1 1 1 1 1 1 1 1 1 1 |1 1 2 1 1 1 1 1 1 1 1 7 2 1 1 1 |1 10 1 2 1 1 1 1 1 1 13 8 8 1 1 1 |
14871: 1 1 1 1 1 1 1 1 1 1 1 4 1 1 1 1 |1 1 1 9 1 1 1 1 1 1 1 1 1 1 4 1 |1 1 1 1 1 1 1 1 1 1 1 1 1 1 1 1 |1 1 1 1 1 1 1 1 1 1 1 1 1 1 1 1 |1 1 1 1 1 1 1 1 1 1 1 1 1 1 1 1 |1 1 1 1 1 1 2 1 1 1 1 1 1 2 1 1 |1 1 1 1 1 1 1 1 1 1 1 1 1 1 1 1 |1 1 1 1 6 1 1 1 1 1 1 1 1 1 1 1 |1 1 1 1 1 1 1 4 1 1 1 1 1 1 1 1 |1 1 1 1 1 2 1 1 1 1 1 1 1 1 1 1 |1 1 2 1 1 1 1 1 1 1 1 7 2 1 1 1 |1 10 1 2 1 1 1 1 1 1 13 8 8 1 1 1 |
14882: 1 1 1 1 1 1 1 1 1 1 3 8 1 1 1 1 |1 1 5 3 1 1 1 1 1 1 1 1 1 1 6 1 |1 1 1 1 1 1 1 1 1 1 1 1 1 1 1 1 |1 1 1 1 1 1 1 1 1 1 1 1 1 1 1 1 |1 1 1 1 1 1 1 1 1 1 1 1 1 2 1 1 |1 1 1 1 1 1 2 1 1 1 1 1 1 2 1 1 |1 1 1 1 1 1 1 1 1 1 1 1 1 1 1 1 |1 1 1 1 6 1 1 1 1 1 1 1 1 1 1 1 |1 1 1 1 1 1 1 4 1 1 1 1 1 1 1 1 |1 1 1 1 1 2 1 1 1 1 1 1 1 1 1 1 |1 1 2 1 1 1 1 1 1 1 1 7 2 1 1 1 |1 10 1 2 1 1 1 1 1 1 13 8 8 1 1 1 |
14893: 1 1 1 1 1 1 1 1 1 1 3 8 1 1 1 1 |1 1 5 3 1 1 1 1 1 1 1 1 1 1 6 1 |1 1 1 1 1 1 1 1 1 1 1 1 1 1 1 1 |1 1 1 1 1 1 1 1 1 1 1 1 1 1 1 1 |1 1 1 1 1 1 1 1 1 1 1 1 1 2 1 1 |1 1 1 1 1 1 2 1 1 2 1 1 1 3 1 1 |1 1 1 1 1 1 1 4 1 1 1 1 1 1 1 1 |1 1 1 1 1 1 1 1 2 1 1 1 1 1 1 1 |1 1 6 1 1 1 1 6 1 1 1 1 1 1 1 1 |1 1 1 8 1 1 1 1 1 1 1 9 2 1 1 1 |1 1 1 1 1 1 1 1 1 1 1 7 2 1 1 6 |1 1 1 1 2 1 1 1 1 1 7 2 8 2 1 3 |
14903: 1 1 1 1 1 1 1 1 1 1 3 8 1 1 1 1 |1 1 5 3 1 1 1 1 1 1 1 1 1 1 6 1 |1 1 1 1 1 1 1 1 1 1 1 1 1 1 1 1 |1 1 1 1 1 1 1 1 1 1 1 1 1 1 1 1 |1 1 1 1 1 1 1 1 1 1 1 1 1 2 1 1 |1 1 1 1 1 1 2 1 1 2 1 1 1 3 1 1 |1 1 1 1 1 1 1 4 1 1 1 1 1 1 1 1 |1 1 1 1 1 1 1 1 2 1 1 1 1 1 1 1 |1 1 6 1 1 1 1 6 1 1 1 1 1 1 1 1 |1 1 1 8 1 1 1 1 1 1 1 9 2 1 1 1 |1 1 1 1 1 1 1 1 1 1 1 7 2 1 1 6 |1 1 1 1 2 1 1 1 1 1 7 2 8 2 1 3 |
14913: 3 1 1 1 1 1 1 1 1 1 5 1 1 1 1 1 |1 1 1 1 1 1 1 1 1 1 1 1 1 1 4 1 |1 1 1 1 1 1 1 1 1 1 1 1 1 1 1 1 |1 1 1 1 1 1 1 1 1 1 1 1 1 1 1 1 |1 1 1 1 1 1 1 1 1 1 1 1 1 2 1 1 |1 1 1 1 1 1 2 1 1 2 1 1 1 3 1 1 |1 1 1 1 1 1 1 4 1 1 1 1 1 1 1 1 |1 1 1 1 1 1 1 1 2 1 1 1 1 1 1 1 |1 1 6 1 1 1 1 6 1 1 1 1 1 1 1 1 |1 1 1 8 1 1 1 1 1 1 1 9 2 1 1 1 |1 1 1 1 1 1 1 1 1 1 1 7 2 1 1 6 |1 1 1 1 2 1 1 1 1 1 7 2 8 2 1 3 |
14923: 3 1 1 1 1 1 1 1 1 1 5 1 1 1 1 1 |1 1 1 1 1 1 1 1 1 1 1 1 1 1 4 1 |1 1 1 1 1 1 1 1 1 1 1 1 1 1 1 1 |1 1 1 1 1 1 1 1 1 1 1 1 1 1 1 1 |1 1 1 1 1 1 1 1 1 1 1 1 1 1 1 1 |1 2 1 1 1 3 1 4 1 1 1 1 1 3 1 1 |1 1 1 1 1 1 1 5 1 1 1 2 1 1 1 1 |1 1 1 1 6 7 1 1 1 1 1 1 1 1 1 1 |1 1 1 1 4 1 1 2 1 1 1 1 1 1 1 1 |1 1 1 10 1 1 1 1 1 1 1 9 1 1 1 1 |1 1 1 1 1 1 1 1 1 1 1 6 1 1 5 1 |1 1 1 1 2 1 1 1 1 1 7 2 8 2 1 3 |
14934: 3 1 1 1 1 1 1 1 1 1 5 1 1 1 1 1 |1 1 1 1 1 1 1 1 1 1 1 1 1 1 4 1 |1 1 1 1 1 1 1 1 1 1 1 1 1 1 1 1 |1 1 1 1 1 1 1 1 1 1 1 1 1 1 1 1 |1 1 1 1 1 1 1 1 1 1 1 1 1 1 1 1 |1 2 1 1 1 3 1 4 1 1 1 1 1 3 1 1 |1 1 1 1 1 1 1 5 1 1 1 2 1 1 1 1 |1 1 1 1 6 7 1 1 1 1 1 1 1 1 1 1 |1 1 1 1 4 1 1 2 1 1 1 1 1 1 1 1 |1 1 1 10 1 1 1 1 1 1 1 9 1 1 1 1 |1 1 1 1 1 1 1 1 1 1 1 6 1 1 5 1 |1 5 1 1 2 1 1 1 1 1 13 1 1 1 3 3 |
14944: 2 1 1 1 2 1 1 1 1 1 3 1 1 1 1 1 |1 1 1 1 1 1 1 1 1 1 1 1 1 1 4 1 |1 1 1 1 1 1 1 1 1 1 1 1 1 1 1 1 |1 1 1 1 1 1 1 1 1 1 1 1 1 1 1 1 |1 1 1 1 1 1 1 1 1 1 1 1 1 1 1 1 |1 2 1 1 1 3 1 4 1 1 1 1 1 3 1 1 |1 1 1 1 1 1 1 5 1 1 1 2 1 1 1 1 |1 1 1 1 6 7 1 1 1 1 1 1 1 1 1 1 |1 1 1 1 4 1 1 2 1 1 1 1 1 1 1 1 |1 1 1 10 1 1 1 1 1 1 1 9 1 1 1 1 |1 1 1 1 1 1 1 1 1 1 1 6 1 1 5 1 |1 5 1 1 2 1 1 1 1 1 13 1 1 1 3 3 |
14954: 2 1 1 1 2 1 1 1 1 1 3 1 1 1 1 1 |1 1 1 1 4 1 1 1 1 1 1 1 1 1 4 1 |1 1 1 1 1 1 1 1 1 1 1 1 1 1 1 1 |1 1 1 1 1 1 1 1 1 1 1 1 1 1 1 1 |1 1 1 1 1 1 1 1 1 1 1 1 1 4 1 1 |1 1 1 1 1 1 1 4 5 1 1 1 1 3 1 1 |1 1 1 1 1 1 1 1 1 1 1 1 1 1 1 1 |1 1 1 1 5 1 1 1 5 1 1 1 1 1 1 1 |1 1 1 1 1 1 1 7 1 1 1 1 1 1 1 4 |1 1 1 10 1 1 1 1 1 1 1 9 1 1 1 1 |1 1 1 1 1 1 1 1 1 1 1 6 1 1 5 1 |1 5 1 1 2 1 1 1 1 1 13 1 1 1 3 3 |
14965: 2 1 1 1 2 1 1 1 1 1 3 1 1 1 1 1 |1 1 1 1 4 1 1 1 1 1 1 1 1 1 4 1 |1 1 1 1 1 1 1 1 1 1 1 1 1 1 1 1 |1 1 1 1 1 1 1 1 1 1 1 1 1 1 1 1 |1 1 1 1 1 1 1 1 1 1 1 1 1 4 1 1 |1 1 1 1 1 1 1 4 5 1 1 1 1 3 1 1 |1 1 1 1 1 1 1 1 1 1 1 1 1 1 1 1 |1 1 1 1 5 1 1 1 5 1 1 1 1 1 1 1 |1 1 1 1 1 1 1 7 1 1 1 1 1 1 1 4 |1 1 1 1 1 1 1 1 1 1 1 1 1 8 1 1 |3 1 1 1 1 1 7 1 1 1 1 8 1 1 1 7 |1 6 1 1 1 1 1 1 1 1 4 9 1 1 11 1 |
14975: 2 1 1 1 2 1 1 1 1 1 3 1 1 1 1 1 |1 1 1 1 4 1 1 1 1 1 1 1 1 1 4 1 |1 1 1 1 1 1 1 1 1 1 1 1 1 1 1 1 |1 1 1 1 1 1 1 1 1 1 1 1 1 1 1 1 |1 1 1 1 1 1 1 1 1 1 1 1 1 4 1 1 |1 1 1 1 1 1 1 4 5 1 1 1 1 3 1 1 |1 1 1 1 1 1 1 1 1 1 1 1 1 1 1 1 |1 1 1 1 5 1 1 1 5 1 1 1 1 1 1 1 |1 1 1 1 1 1 1 7 1 1 1 1 1 1 1 4 |1 1 1 1 1 1 1 1 1 1 1 1 1 8 1 1 |3 1 1 1 1 1 7 1 1 1 1 8 1 1 1 7 |1 6 1 1 1 1 1 1 1 1 4 9 1 1 11 1 |
14986: 1 1 1 1 1 1 1 1 1 1 7 2 1 1 1 1 |1 1 5 1 1 1 1 1 1 1 1 1 1 1 1 1 |1 1 1 1 1 1 1 1 1 1 1 1 1 1 1 1 |1 1 1 1 1 1 1 1 1 1 1 1 1 1 1 1 |1 1 1 1 1 1 1 1 1 1 1 1 1 3 1 1 |1 1 1 1 1 1 3 2 1 3 1 1 1 1 1 1 |1 1 1 1 1 1 1 1 1 1 4 1 1 1 1 1 |1 1 1 2 1 1 1 1 1 1 1 1 1 1 1 1 |1 1 3 1 1 1 1 8 1 1 1 1 1 1 1 1 |1 1 1 1 1 1 1 1 1 1 1 1 1 8 1 1 |3 1 1 1 1 1 7 1 1 1 1 8 1 1 1 7 |1 6 1 1 1 1 1 1 1 1 4 9 1 1 11 1 |
14998: 1 1 1 1 1 1 1 1 1 1 7 2 1 1 1 1 |1 1 5 1 1 1 1 1 1 1 1 1 1 1 1 1 |1 1 1 1 1 1 1 1 1 1 1 1 1 1 1 1 |1 1 1 1 1 1 1 1 1 1 1 1 1 1 1 1 |1 1 1 1 1 1 1 1 1 1 1 1 1 3 1 1 |1 1 1 1 1 1 3 2 1 3 1 1 1 1 1 1 |1 1 1 1 1 1 1 1 1 1 4 1 1 1 1 1 |1 1 1 2 1 1 1 1 1 1 1 1 1 1 1 1 |1 1 3 1 1 1 1 8 1 1 1 1 1 1 1 1 |1 1 1 1 1 1 6 1 1 1 1 8 1 1 1 1 |2 1 1 1 1 1 8 1 1 1 1 1 1 1 1 1 |1 10 1 7 1 1 3 1 1 1 6 1 1 2 8 1 |
15008: 1 1 1 1 1 1 1 1 1 1 7 2 1 1 1 1 |1 1 5 1 1 1 1 1 1 1 1 1 1 1 1 1 |1 1 1 1 1 1 1 1 1 1 1 1 1 1 1 1 |1 1 1 1 1 1 1 1 1 1 1 1 1 1 1 1 |1 1 1 1 1 1 1 1 1 1 1 1 1 3 1 1 |1 1 1 1 1 1 3 2 1 3 1 1 1 1 1 1 |1 1 1 1 1 1 1 1 1 1 4 1 1 1 1 1 |1 1 1 2 1 1 1 1 1 1 1 1 1 1 1 1 |1 1 3 1 1 1 1 8 1 1 1 1 1 1 1 1 |1 1 1 1 1 1 6 1 1 1 1 8 1 1 1 1 |2 1 1 1 1 1 8 1 1 1 1 1 1 1 1 1 |1 10 1 7 1 1 3 1 1 1 6 1 1 2 8 1 |
15019: 3 1 1 10 1 1 1 1 1 1 5 4 1 1 1 1 |1 1 3 3 3 1 1 1 1 1 1 1 1 1 1 1 |1 1 1 1 1 1 1 1 1 1 1 1 1 1 1 1 |1 1 1 1 1 1 1 1 1 1 1 1 1 1 1 1 |1 1 1 1 1 1 1 1 1 1 1 1 1 1 1 1 |1 1 1 1 1 1 3 2 1 2 1 1 1 2 1 1 |1 1 1 1 1 1 1 1 1 1 1 1 1 1 1 1 |1 1 1 2 1 1 1 1 1 1 1 1 1 1 1 1 |1 1 3 1 1 1 1 8 1 1 1 1 1 1 1 1 |1 1 1 1 1 1 6 1 1 1 1 8 1 1 1 1 |2 1 1 1 1 1 8 1 1 1 1 1 1 1 1 1 |1 10 1 7 1 1 3 1 1 1 6 1 1 2 8 1 |
15030: 3 1 1 10 1 1 1 1 1 1 5 4 1 1 1 1 |1 1 3 3 3 1 1 1 1 1 1 1 1 1 1 1 |1 1 1 1 1 1 1 1 1 1 1 1 1 1 1 1 |1 1 1 1 1 1 1 1 1 1 1 1 1 1 1 1 |1 1 1 1 1 1 1 1 1 1 1 1 1 1 1 1 |1 1 1 1 1 1 3 2 1 2 1 1 1 2 1 1 |1 1 1 1 1 1 1 1 1 1 1 1 1 1 1 1 |1 1 1 1 5 1 1 1 1 1 1 1 1 1 1 1 |1 1 4 1 1 1 1 1 1 1 1 1 1 1 1 5 |1 1 1 1 1 1 1 1 1 1 1 8 1 9 1 1 |3 1 9 1 1 1 9 1 1 1 1 6 1 1 1 1 |1 4 1 1 1 1 1 1 1 1 10 8 7 1 2 1 |
15041: 3 1 1 10 1 1 1 1 1 1 5 4 1 1 1 1 |1 1 3 3 3 1 1 1 1 1 1 1 1 1 1 1 |1 1 1 1 1 1 1 1 1 1 1 1 1 1 1 1 |1 1 1 1 1 1 1 1 1 1 1 1 1 1 1 1 |1 1 1 1 1 1 1 1 1 1 1 1 1 1 1 1 |1 1 1 1 1 1 3 2 1 2 1 1 1 2 1 1 |1 1 1 1 1 1 1 1 1 1 1 1 1 1 1 1 |1 1 1 1 5 1 1 1 1 1 1 1 1 1 1 1 |1 1 4 1 1 1 1 1 1 1 1 1 1 1 1 5 |1 1 1 1 1 1 1 1 1 1 1 8 1 9 1 1 |3 1 9 1 1 1 9 1 1 1 1 6 1 1 1 1 |1 4 1 1 1 1 1 1 1 1 10 8 7 1 2 1 |
15052: 2 1 1 1 4 1 1 1 1 1 7 5 1 1 1 1 |1 1 1 1 1 1 1 1 1 1 1 1 1 1 6 1 |1 1 1 1 1 1 1 1 1 1 1 1 1 1 1 1 |1 1 1 1 1 1 1 1 1 1 1 1 1 1 1 1 |1 1 1 1 1 1 1 1 1 1 1 1 1 1 1 1 |1 2 1 1 1 1 1 1 2 1 1 1 1 2 1 1 |1 1 1 1 1 1 1 1 1 1 1 1 1 1 1 1 |1 1 1 1 5 1 1 1 1 1 1 1 1 1 1 1 |1 1 4 1 1 1 1 1 1 1 1 1 1 1 1 5 |1 1 1 1 1 1 1 1 1 1 1 8 1 9 1 1 |3 1 9 1 1 1 9 1 1 1 1 6 1 1 1 1 |1 4 1 1 1 1 1 1 1 1 10 8 7 1 2 1 |
15063: 2 1 1 1 4 1 1 1 1 1 7 5 1 1 1 1 |1 1 1 1 1 1 1 1 1 1 1 1 1 1 6 1 |1 1 1 1 1 1 1 1 1 1 1 1 1 1 1 1 |1 1 1 1 1 1 1 1 1 1 1 1 1 1 1 1 |1 1 1 1 1 1 1 1 1 1 1 1 1 1 1 1 |1 2 1 1 1 1 1 1 2 1 1 1 1 2 1 1 |1 1 1 1 1 1 1 1 1 1 1 1 1 1 1 1 |1 1 1 4 6 6 1 1 1 1 1 1 1 1 1 1 |1 1 1 1 1 1 4 1 1 1 1 1 1 1 1 1 |1 1 1 1 1 1 1 1 1 1 1 1 1 1 1 1 |1 1 1 1 1 1 6 1 1 1 1 1 1 1 1 3 |1 6 1 1 1 1 1 1 1 1 11 7 1 2 2 2 |
15074: 2 1 1 1 4 1 1 1 1 1 7 5 1 1 1 1 |1 1 1 1 1 1 1 1 1 1 1 1 1 1 6 1 |1 1 1 1 1 1 1 1 1 1 1 1 1 1 1 1 |1 1 1 1 1 1 1 1 1 1 1 1 1 1 1 1 |1 1 1 1 1 1 1 1 1 1 1 1 1 1 1 1 |1 2 1 1 1 1 1 1 2 1 1 1 1 2 1 1 |1 1 1 1 1 1 1 1 1 1 1 1 1 1 1 1 |1 1 1 4 6 6 1 1 1 1 1 1 1 1 1 1 |1 1 1 1 1 1 4 1 1 1 1 1 1 1 1 1 |1 1 1 1 1 1 1 1 1 1 1 1 1 1 1 1 |1 1 1 1 1 1 6 1 1 1 1 1 1 1 1 3 |1 6 1 1 1 1 1 1 1 1 11 7 1 2 2 2 |
15085: 9 1 1 1 1 1 1 1 1 1 3 1 1 1 1 1 |1 1 6 1 1 1 1 1 1 1 1 1 1 1 6 1 |1 1 1 1 1 1 1 1 1 1 1 1 1 1 1 1 |1 1 1 1 1 1 1 1 1 1 1 1 1 1 1 1 |1 1 1 1 1 1 1 1 1 1 1 1 1 1 1 1 |1 1 1 1 1 1 2 3 1 2 1 1 1 3 1 1 |1 1 1 1 1 1 1 1 1 1 1 1 1 1 1 1 |1 1 1 2 1 1 1 1 1 1 1 1 1 1 1 1 |1 1 1 1 1 1 4 1 1 1 1 1 1 1 1 1 |1 1 1 1 1 1 1 1 1 1 1 1 1 1 1 1 |1 1 1 1 1 1 6 1 1 1 1 1 1 1 1 3 |1 6 1 1 1 1 1 1 1 1 11 7 1 2 2 2 |
15096: 9 1 1 1 1 1 1 1 1 1 3 1 1 1 1 1 |1 1 6 1 1 1 1 1 1 1 1 1 1 1 6 1 |1 1 1 1 1 1 1 1 1 1 1 1 1 1 1 1 |1 1 1 1 1 1 1 1 1 1 1 1 1 1 1 1 |1 1 1 1 1 1 1 1 1 1 1 1 1 1 1 1 |1 1 1 1 1 1 2 3 1 2 1 1 1 3 1 1 |1 1 1 1 1 1 1 1 1 1 1 1 1 1 1 1 |1 1 1 2 1 1 1 1 1 1 1 1 1 1 1 1 |1 1 1 1 1 1 1 6 1 1 5 1 1 1 1 1 |1 1 1 1 1 1 1 1 1 1 1 1 1 1 1 1 |7 1 1 1 1 1 1 1 1 1 1 6 3 1 1 1 |1 11 1 7 1 1 3 1 1 1 12 8 1 1 4 1 |
15106: 9 1 1 1 1 1 1 1 1 1 3 1 1 1 1 1 |1 1 6 1 1 1 1 1 1 1 1 1 1 1 6 1 |1 1 1 1 1 1 1 1 1 1 1 1 1 1 1 1 |1 1 1 1 1 1 1 1 1 1 1 1 1 1 1 1 |1 1 1 1 1 1 1 1 1 1 1 1 1 1 1 1 |1 1 1 1 1 1 2 3 1 2 1 1 1 3 1 1 |1 1 1 1 1 1 1 1 1 1 1 1 1 1 1 1 |1 1 1 2 1 1 1 1 1 1 1 1 1 1 1 1 |1 1 1 1 1 1 1 6 1 1 5 1 1 1 1 1 |1 1 1 1 1 1 1 1 1 1 1 1 1 1 1 1 |7 1 1 1 1 1 1 1 1 1 1 6 3 1 1 1 |1 11 1 7 1 1 3 1 1 1 12 8 1 1 4 1 |
15138: 1 1 1 1 1 1 1 1 1 1 5 5 1 1 1 1 |1 1 6 1 1 1 1 1 1 1 1 1 1 1 6 1 |1 1 1 1 1 1 1 1 1 1 1 1 1 1 1 1 |1 1 1 1 1 1 1 1 1 1 1 1 1 1 1 1 |1 1 1 1 1 1 1 1 1 1 1 1 1 1 1 1 |1 1 1 1 1 1 2 3 1 2 1 1 1 3 1 1 |1 1 1 1 1 1 1 1 1 1 1 1 1 1 1 1 |1 1 1 2 1 1 1 1 1 1 1 1 1 1 1 1 |1 1 1 1 1 1 1 6 1 1 5 1 1 1 1 1 |1 1 1 1 1 1 1 1 1 1 1 1 1 1 1 1 |7 1 1 1 1 1 1 1 1 1 1 6 3 1 1 1 |1 11 1 7 1 1 3 1 1 1 12 8 1 1 4 1 |
15150: 1 1 1 1 1 1 1 1 1 1 5 5 1 1 1 1 |1 1 1 1 1 1 1 1 1 1 1 1 1 1 2 1 |1 1 1 1 1 1 1 1 1 1 1 1 1 1 1 1 |1 1 1 1 1 1 1 1 1 1 1 1 1 1 1 1 |1 1 1 1 1 1 1 1 1 1 1 1 1 1 1 1 |1 1 1 1 1 1 3 1 4 1 1 1 1 1 1 1 |1 1 1 1 1 1 1 2 1 1 1 1 1 1 1 2 |1 1 1 1 7 1 1 1 1 2 1 1 1 1 1 3 |1 1 1 1 1 1 1 10 1 1 1 1 1 1 1 1 |1 1 1 1 1 1 1 1 1 1 1 1 1 1 1 1 |7 1 1 1 1 1 1 1 1 1 1 6 3 1 1 1 |1 11 1 7 1 1 3 1 1 1 12 8 1 1 4 1 |
15161: 1 1 1 1 1 1 1 1 1 1 5 5 1 1 1 1 |1 1 1 1 1 1 1 1 1 1 1 1 1 1 2 1 |1 1 1 1 1 1 1 1 1 1 1 1 1 1 1 1 |1 1 1 1 1 1 1 1 1 1 1 1 1 1 1 1 |1 1 1 1 1 1 1 1 1 1 1 1 1 1 1 1 |1 1 1 1 1 1 3 1 4 1 1 1 1 1 1 1 |1 1 1 1 1 1 1 2 1 1 1 1 1 1 1 2 |1 1 1 1 7 1 1 1 1 2 1 1 1 1 1 3 |1 1 1 1 1 1 1 10 1 1 1 1 1 1 1 1 |1 1 1 1 1 1 1 1 1 1 1 10 1 1 1 1 |3 1 1 1 1 1 1 1 1 1 1 1 1 1 1 1 |1 11 1 7 3 1 1 1 1 1 10 1 1 1 10 12 |
15172: 4 1 1 1 1 1 1 1 1 1 5 6 1 1 1 1 |1 1 1 1 1 1 1 1 1 1 1 1 1 1 6 1 |1 1 1 1 1 1 1 1 1 1 1 1 1 1 1 1 |1 1 1 1 1 1 1 1 1 1 1 1 1 1 1 1 |1 1 1 1 1 1 1 1 1 1 1 1 1 1 1 1 |1 1 1 1 1 1 3 1 4 1 1 1 1 1 1 1 |1 1 1 1 1 1 1 2 1 1 1 1 1 1 1 2 |1 1 1 1 7 1 1 1 1 2 1 1 1 1 1 3 |1 1 1 1 1 1 1 10 1 1 1 1 1 1 1 1 |1 1 1 1 1 1 1 1 1 1 1 10 1 1 1 1 |3 1 1 1 1 1 1 1 1 1 1 1 1 1 1 1 |1 11 1 7 3 1 1 1 1 1 10 1 1 1 10 12 |
15182: 4 1 1 1 1 1 1 1 1 1 5 6 1 1 1 1 |1 1 1 1 1 1 1 1 1 1 1 1 1 1 6 1 |1 1 1 1 1 1 1 1 1 1 1 1 1 1 1 1 |1 1 1 1 1 1 1 1 1 1 1 1 1 1 1 1 |1 1 1 1 1 1 1 1 1 1 1 1 1 1 1 1 |1 1 1 1 1 1 1 4 1 2 2 1 1 3 1 1 |1 1 1 1 1 1 1 1 1 1 1 1 1 1 1 1 |1 1 1 1 6 2 1 1 4 5 1 1 1 1 1 1 |1 1 1 1 1 1 1 3 1 1 1 1 1 1 1 1 |1 1 1 1 2 1 1 1 1 1 1 8 1 1 1 1 |3 1 1 1 1 1 1 1 1 1 1 1 1 1 1 1 |1 11 1 7 3 1 1 1 1 1 10 1 1 1 10 12 |
15193: 4 1 1 1 1 1 1 1 1 1 5 6 1 1 1 1 |1 1 1 1 1 1 1 1 1 1 1 1 1 1 6 1 |1 1 1 1 1 1 1 1 1 1 1 1 1 1 1 1 |1 1 1 1 1 1 1 1 1 1 1 1 1 1 1 1 |1 1 1 1 1 1 1 1 1 1 1 1 1 1 1 1 |1 1 1 1 1 1 1 4 1 2 2 1 1 3 1 1 |1 1 1 1 1 1 1 1 1 1 1 1 1 1 1 1 |1 1 1 1 6 2 1 1 4 5 1 1 1 1 1 1 |1 1 1 1 1 1 1 3 1 1 1 1 1 1 1 1 |1 1 1 1 2 1 1 1 1 1 1 8 1 1 1 1 |7 1 7 1 1 1 9 1 1 1 1 1 1 1 1 1 |1 6 1 2 1 1 1 1 1 1 9 1 9 1 9 6 |
15205: 1 1 1 1 1 1 1 1 1 1 1 3 1 1 1 1 |1 1 3 1 3 1 1 1 1 1 1 1 1 1 3 1 |1 1 1 1 1 1 1 1 1 1 1 1 1 1 1 1 |1 1 1 1 1 1 1 1 1 1 1 1 1 1 1 1 |1 1 1 1 1 1 1 1 1 1 1 1 1 1 1 1 |1 1 1 1 1 1 1 4 1 2 2 1 1 3 1 1 |1 1 1 1 1 1 1 1 1 1 1 1 1 1 1 1 |1 1 1 1 6 2 1 1 4 5 1 1 1 1 1 1 |1 1 1 1 1 1 1 3 1 1 1 1 1 1 1 1 |1 1 1 1 2 1 1 1 1 1 1 8 1 1 1 1 |7 1 7 1 1 1 9 1 1 1 1 1 1 1 1 1 |1 6 1 2 1 1 1 1 1 1 9 1 9 1 9 6 |
15216: 1 1 1 1 1 1 1 1 1 1 1 3 1 1 1 1 |1 1 3 1 3 1 1 1 1 1 1 1 1 1 3 1 |1 1 1 1 1 1 1 1 1 1 1 1 1 1 1 1 |1 1 1 1 1 1 1 1 1 1 1 1 1 1 1 1 |1 1 1 1 1 1 1 1 1 1 1 1 1 1 1 1 |1 1 1 1 1 1 3 2 1 1 1 1 1 2 1 1 |1 1 1 1 1 1 1 1 1 1 1 2 1 1 1 1 |1 1 1 4 6 3 1 1 1 1 1 1 1 1 1 1 |1 1 1 1 1 1 1 2 1 1 1 1 1 1 1 2 |1 1 1 1 1 1 1 2 1 1 1 1 1 1 1 1 |2 1 4 1 1 1 4 1 1 1 1 6 1 1 1 9 |1 6 1 2 1 1 1 1 1 1 9 1 9 1 9 6 |
15228: 1 1 1 1 1 1 1 1 1 1 1 3 1 1 1 1 |1 1 3 1 3 1 1 1 1 1 1 1 1 1 3 1 |1 1 1 1 1 1 1 1 1 1 1 1 1 1 1 1 |1 1 1 1 1 1 1 1 1 1 1 1 1 1 1 1 |1 1 1 1 1 1 1 1 1 1 1 1 1 1 1 1 |1 1 1 1 1 1 3 2 1 1 1 1 1 2 1 1 |1 1 1 1 1 1 1 1 1 1 1 2 1 1 1 1 |1 1 1 4 6 3 1 1 1 1 1 1 1 1 1 1 |1 1 1 1 1 1 1 2 1 1 1 1 1 1 1 2 |1 1 1 1 1 1 1 2 1 1 1 1 1 1 1 1 |2 1 4 1 1 1 4 1 1 1 1 6 1 1 1 9 |1 12 1 1 1 1 1 1 1 1 1 6 1 1 1 1 |
15238: 2 1 1 1 1 1 1 1 1 1 2 3 1 1 1 1 |1 1 3 1 3 1 1 1 1 1 1 1 1 1 3 1 |1 1 1 1 1 1 1 1 1 1 1 1 1 1 1 1 |1 1 1 1 1 1 1 1 1 1 1 1 1 1 1 1 |1 1 1 1 1 1 1 1 1 1 1 1 1 1 1 1 |1 1 1 1 1 1 3 2 1 1 1 1 1 2 1 1 |1 1 1 1 1 1 1 1 1 1 1 2 1 1 1 1 |1 1 1 4 6 3 1 1 1 1 1 1 1 1 1 1 |1 1 1 1 1 1 1 2 1 1 1 1 1 1 1 2 |1 1 1 1 1 1 1 2 1 1 1 1 1 1 1 1 |2 1 4 1 1 1 4 1 1 1 1 6 1 1 1 9 |1 12 1 1 1 1 1 1 1 1 1 6 1 1 1 1 |
15249: 2 1 1 1 1 1 1 1 1 1 2 3 1 1 1 1 |1 1 3 4 1 1 1 1 1 1 1 1 1 1 1 1 |1 1 1 1 1 1 1 1 1 1 1 1 1 1 1 1 |1 1 1 1 1 1 1 1 1 1 1 1 1 1 1 1 |1 1 1 1 1 1 1 1 1 1 1 1 1 2 1 1 |1 1 1 4 1 1 3 4 1 1 1 1 1 1 1 1 |1 1 1 1 1 1 1 1 1 1 1 1 1 2 1 1 |1 1 1 3 1 11 1 1 4 1 1 1 1 1 1 1 |1 1 1 1 1 1 1 8 1 1 1 1 1 1 1 1 |1 1 1 1 1 1 1 2 1 1 1 1 1 1 1 1 |2 1 4 1 1 1 4 1 1 1 1 6 1 1 1 9 |1 12 1 1 1 1 1 1 1 1 1 6 1 1 1 1 |
15260: 2 1 1 1 1 1 1 1 1 1 2 3 1 1 1 1 |1 1 3 4 1 1 1 1 1 1 1 1 1 1 1 1 |1 1 1 1 1 1 1 1 1 1 1 1 1 1 1 1 |1 1 1 1 1 1 1 1 1 1 1 1 1 1 1 1 |1 1 1 1 1 1 1 1 1 1 1 1 1 2 1 1 |1 1 1 4 1 1 3 4 1 1 1 1 1 1 1 1 |1 1 1 1 1 1 1 1 1 1 1 1 1 2 1 1 |1 1 1 3 1 11 1 1 4 1 1 1 1 1 1 1 |1 1 1 1 1 1 1 8 1 1 1 1 1 1 1 1 |1 1 1 1 3 1 1 1 1 1 1 6 1 1 1 1 |4 1 1 1 1 1 2 1 1 1 1 1 1 1 1 2 |1 1 1 6 1 1 1 1 1 1 7 1 1 1 4 2 |
15271: 1 1 1 1 6 1 1 1 1 1 7 7 1 1 1 1 |1 3 1 1 1 1 1 1 1 1 1 1 1 1 3 1 |1 1 1 1 1 1 1 1 1 1 1 1 1 1 1 1 |1 1 1 1 1 1 1 1 1 1 1 1 1 1 1 1 |1 1 1 1 1 1 1 1 1 1 1 1 1 2 1 1 |1 1 1 4 1 1 3 4 1 1 1 1 1 1 1 1 |1 1 1 1 1 1 1 1 1 1 1 1 1 2 1 1 |1 1 1 3 1 11 1 1 4 1 1 1 1 1 1 1 |1 1 1 1 1 1 1 8 1 1 1 1 1 1 1 1 |1 1 1 1 3 1 1 1 1 1 1 6 1 1 1 1 |4 1 1 1 1 1 2 1 1 1 1 1 1 1 1 2 |1 1 1 6 1 1 1 1 1 1 7 1 1 1 4 2 |
15282: 1 1 1 1 6 1 1 1 1 1 7 7 1 1 1 1 |1 3 1 1 1 1 1 1 1 1 1 1 1 1 3 1 |1 1 1 1 1 1 1 1 1 1 1 1 1 1 1 1 |1 1 1 1 1 1 1 1 1 1 1 1 1 1 1 1 |1 1 1 1 1 1 1 1 1 1 1 1 1 1 1 1 |1 1 1 1 1 1 2 2 2 1 1 1 1 3 1 1 |1 1 1 1 1 1 1 4 1 1 1 2 1 1 1 1 |1 1 1 1 7 1 1 1 1 1 1 1 1 1 1 1 |1 1 1 1 1 1 1 2 1 1 1 1 1 1 1 1 |1 1 3 1 1 1 1 1 1 1 1 10 1 1 1 1 |2 1 6 1 1 1 1 1 1 1 1 1 1 1 1 1 |1 1 1 6 1 1 1 1 1 1 7 1 1 1 4 2 |
15292: 1 1 1 1 6 1 1 1 1 1 7 7 1 1 1 1 |1 3 1 1 1 1 1 1 1 1 1 1 1 1 3 1 |1 1 1 1 1 1 1 1 1 1 1 1 1 1 1 1 |1 1 1 1 1 1 1 1 1 1 1 1 1 1 1 1 |1 1 1 1 1 1 1 1 1 1 1 1 1 1 1 1 |1 1 1 1 1 1 2 2 2 1 1 1 1 3 1 1 |1 1 1 1 1 1 1 4 1 1 1 2 1 1 1 1 |1 1 1 1 7 1 1 1 1 1 1 1 1 1 1 1 |1 1 1 1 1 1 1 2 1 1 1 1 1 1 1 1 |1 1 3 1 1 1 1 1 1 1 1 10 1 1 1 1 |2 1 6 1 1 1 1 1 1 1 1 1 1 1 1 1 |1 1 1 1 1 1 1 1 1 1 12 2 8 1 1 9 |
15303: 1 1 1 1 6 1 1 1 1 1 7 7 1 1 1 1 |1 3 1 1 1 1 1 1 1 1 1 1 1 1 3 1 |1 1 1 1 1 1 1 1 1 1 1 1 1 1 1 1 |1 1 1 1 1 1 1 1 1 1 1 1 1 1 1 1 |1 1 1 1 1 1 1 1 1 1 1 1 1 1 1 1 |1 1 1 1 1 1 2 2 2 1 1 1 1 3 1 1 |1 1 1 1 1 1 1 4 1 1 1 2 1 1 1 1 |1 1 1 1 7 1 1 1 1 1 1 1 1 1 1 1 |1 1 1 1 1 1 1 2 1 1 1 1 1 1 1 1 |1 1 3 1 1 1 1 1 1 1 1 10 1 1 1 1 |2 1 6 1 1 1 1 1 1 1 1 1 1 1 1 1 |1 1 1 1 1 1 1 1 1 1 12 2 8 1 1 9 |
15315: 1 1 1 1 1 1 1 1 1 1 1 5 1 1 1 1 |1 1 3 1 1 1 1 1 1 1 1 1 1 1 3 1 |1 1 1 1 1 1 1 1 1 1 1 1 1 1 1 1 |1 1 1 1 1 1 1 1 1 1 1 1 1 1 1 1 |1 1 1 1 1 1 1 1 1 1 1 1 1 2 1 1 |1 1 1 1 1 1 3 2 1 5 1 1 1 4 1 1 |1 1 1 1 1 2 1 1 1 1 1 1 1 1 1 1 |1 1 1 11 5 1 1 1 4 1 1 1 1 1 1 1 |1 1 1 1 1 1 1 2 1 1 1 1 1 1 1 1 |1 1 3 1 1 1 1 1 1 1 1 10 1 1 1 1 |2 1 6 1 1 1 1 1 1 1 1 1 1 1 1 1 |1 1 1 1 1 1 1 1 1 1 12 2 8 1 1 9 |
15325: 1 1 1 1 1 1 1 1 1 1 1 5 1 1 1 1 |1 1 3 1 1 1 1 1 1 1 1 1 1 1 3 1 |1 1 1 1 1 1 1 1 1 1 1 1 1 1 1 1 |1 1 1 1 1 1 1 1 1 1 1 1 1 1 1 1 |1 1 1 1 1 1 1 1 1 1 1 1 1 2 1 1 |1 1 1 1 1 1 3 2 1 5 1 1 1 4 1 1 |1 1 1 1 1 2 1 1 1 1 1 1 1 1 1 1 |1 1 1 11 5 1 1 1 4 1 1 1 1 1 1 1 |1 1 1 1 1 1 1 1 1 1 1 1 1 1 2 3 |1 1 2 1 1 1 1 2 1 1 1 10 1 1 1 1 |4 1 9 1 1 1 9 1 1 1 1 8 1 1 1 1 |1 6 1 1 1 1 1 1 1 1 1 8 1 1 9 5 |
15337: 1 1 1 1 1 1 1 1 1 1 1 5 1 1 1 1 |1 1 3 1 1 1 1 1 1 1 1 1 1 1 3 1 |1 1 1 1 1 1 1 1 1 1 1 1 1 1 1 1 |1 1 1 1 1 1 1 1 1 1 1 1 1 1 1 1 |1 1 1 1 1 1 1 1 1 1 1 1 1 2 1 1 |1 1 1 1 1 1 3 2 1 5 1 1 1 4 1 1 |1 1 1 1 1 2 1 1 1 1 1 1 1 1 1 1 |1 1 1 11 5 1 1 1 4 1 1 1 1 1 1 1 |1 1 1 1 1 1 1 1 1 1 1 1 1 1 2 3 |1 1 2 1 1 1 1 2 1 1 1 10 1 1 1 1 |4 1 9 1 1 1 9 1 1 1 1 8 1 1 1 1 |1 6 1 1 1 1 1 1 1 1 1 8 1 1 9 5 |
15347: 4 1 1 1 1 1 1 1 1 1 1 10 1 1 1 1 |1 1 7 2 1 1 1 1 1 1 1 1 1 1 1 1 |1 1 1 1 1 1 1 1 1 1 1 1 1 1 1 1 |1 1 1 1 1 1 1 1 1 1 1 1 1 1 1 1 |1 1 1 1 1 1 1 1 1 1 1 1 1 4 1 1 |1 1 1 1 1 1 2 1 1 2 1 1 1 1 1 1 |1 1 1 1 1 2 1 1 1 1 1 1 1 1 1 1 |1 1 1 11 5 1 1 1 4 1 1 1 1 1 1 1 |1 1 1 1 1 1 1 1 1 1 1 1 1 1 2 3 |1 1 2 1 1 1 1 2 1 1 1 10 1 1 1 1 |4 1 9 1 1 1 9 1 1 1 1 8 1 1 1 1 |1 6 1 1 1 1 1 1 1 1 1 8 1 1 9 5 |
15358: 4 1 1 1 1 1 1 1 1 1 1 10 1 1 1 1 |1 1 7 2 1 1 1 1 1 1 1 1 1 1 1 1 |1 1 1 1 1 1 1 1 1 1 1 1 1 1 1 1 |1 1 1 1 1 1 1 1 1 1 1 1 1 1 1 1 |1 1 1 1 1 1 1 1 1 1 1 1 1 4 1 1 |1 1 1 1 1 1 2 1 1 2 1 1 1 1 1 1 |1 1 1 1 1 1 1 1 1 1 1 1 1 1 1 1 |1 1 1 1 1 1 1 1 1 1 1 1 1 1 1 1 |1 1 10 1 1 1 1 7 1 1 1 1 1 1 1 1 |1 1 1 9 1 1 1 1 1 1 1 10 1 1 1 1 |2 1 10 1 1 1 3 1 1 1 1 7 1 1 1 1 |1 1 1 1 1 1 1 1 1 1 1 1 7 1 8 1 |
15369: 4 1 1 1 1 1 1 1 1 1 1 10 1 1 1 1 |1 1 7 2 1 1 1 1 1 1 1 1 1 1 1 1 |1 1 1 1 1 1 1 1 1 1 1 1 1 1 1 1 |1 1 1 1 1 1 1 1 1 1 1 1 1 1 1 1 |1 1 1 1 1 1 1 1 1 1 1 1 1 4 1 1 |1 1 1 1 1 1 2 1 1 2 1 1 1 1 1 1 |1 1 1 1 1 1 1 1 1 1 1 1 1 1 1 1 |1 1 1 1 1 1 1 1 1 1 1 1 1 1 1 1 |1 1 10 1 1 1 1 7 1 1 1 1 1 1 1 1 |1 1 1 9 1 1 1 1 1 1 1 10 1 1 1 1 |2 1 10 1 1 1 3 1 1 1 1 7 1 1 1 1 |1 1 1 1 1 1 1 1 1 1 1 1 7 1 8 1 |
15380: 2 1 1 1 1 1 1 1 1 1 6 8 1 1 1 1 |1 1 4 2 1 1 1 1 1 1 1 1 1 1 5 1 |1 1 1 1 1 1 1 1 1 1 1 1 1 1 1 1 |1 1 1 1 1 1 1 1 1 1 1 1 1 1 1 1 |1 1 1 1 1 1 1 1 1 1 1 1 1 1 1 1 |1 1 1 1 1 3 1 5 1 1 1 1 1 1 1 1 |1 1 1 1 1 1 1 1 1 1 1 1 1 1 1 1 |1 1 1 1 1 1 1 1 1 1 1 1 1 1 1 1 |1 1 10 1 1 1 1 7 1 1 1 1 1 1 1 1 |1 1 1 9 1 1 1 1 1 1 1 10 1 1 1 1 |2 1 10 1 1 1 3 1 1 1 1 7 1 1 1 1 |1 1 1 1 1 1 1 1 1 1 1 1 7 1 8 1 |
15391: 2 1 1 1 1 1 1 1 1 1 6 8 1 1 1 1 |1 1 4 2 1 1 1 1 1 1 1 1 1 1 5 1 |1 1 1 1 1 1 1 1 1 1 1 1 1 1 1 1 |1 1 1 1 1 1 1 1 1 1 1 1 1 1 1 1 |1 1 1 1 1 1 1 1 1 1 1 1 1 1 1 1 |1 1 1 1 1 3 1 5 1 1 1 1 1 1 1 1 |1 1 1 1 1 1 1 1 1 1 1 1 1 1 1 1 |1 1 1 1 8 6 1 1 1 1 1 1 1 1 1 3 |1 1 1 1 1 1 1 7 1 1 1 1 1 1 1 1 |1 1 1 9 1 1 1 1 1 1 1 9 1 1 1 1 |3 1 1 1 1 1 1 1 1 1 1 8 1 1 8 1 |1 7 1 1 10 1 2 2 1 1 11 1 7 1 4 2 |
15402: 2 1 1 1 1 1 1 1 1 1 6 8 1 1 1 1 |1 1 4 2 1 1 1 1 1 1 1 1 1 1 5 1 |1 1 1 1 1 1 1 1 1 1 1 1 1 1 1 1 |1 1 1 1 1 1 1 1 1 1 1 1 1 1 1 1 |1 1 1 1 1 1 1 1 1 1 1 1 1 1 1 1 |1 1 1 1 1 3 1 5 1 1 1 1 1 1 1 1 |1 1 1 1 1 1 1 1 1 1 1 1 1 1 1 1 |1 1 1 1 8 6 1 1 1 1 1 1 1 1 1 3 |1 1 1 1 1 1 1 7 1 1 1 1 1 1 1 1 |1 1 1 9 1 1 1 1 1 1 1 9 1 1 1 1 |3 1 1 1 1 1 1 1 1 1 1 8 1 1 8 1 |1 7 1 1 10 1 2 2 1 1 11 1 7 1 4 2 |
15413: 3 1 1 1 2 1 1 1 1 1 6 7 1 1 1 1 |1 1 4 2 1 1 1 1 1 1 1 1 1 1 4 1 |1 1 1 1 1 1 1 1 1 1 1 1 1 1 1 1 |1 1 1 1 1 1 1 1 1 1 1 1 1 1 1 1 |1 1 1 1 1 1 1 1 1 1 1 1 1 1 1 1 |1 1 1 1 1 1 4 11 1 4 1 1 1 1 1 1 |1 1 1 1 1 1 1 1 1 1 1 1 1 1 1 1 |1 1 1 1 8 6 1 1 1 1 1 1 1 1 1 3 |1 1 1 1 1 1 1 7 1 1 1 1 1 1 1 1 |1 1 1 9 1 1 1 1 1 1 1 9 1 1 1 1 |3 1 1 1 1 1 1 1 1 1 1 8 1 1 8 1 |1 7 1 1 10 1 2 2 1 1 11 1 7 1 4 2 |
15424: 3 1 1 1 2 1 1 1 1 1 6 7 1 1 1 1 |1 1 4 2 1 1 1 1 1 1 1 1 1 1 4 1 |1 1 1 1 1 1 1 1 1 1 1 1 1 1 1 1 |1 1 1 1 1 1 1 1 1 1 1 1 1 1 1 1 |1 1 1 1 1 1 1 1 1 1 1 1 1 1 1 1 |1 1 1 1 1 1 4 11 1 4 1 1 1 1 1 1 |1 1 1 1 1 1 1 1 1 1 1 1 1 1 1 1 |1 1 1 1 7 2 1 1 4 1 1 1 1 1 1 1 |1 1 2 1 1 1 1 8 1 1 1 1 1 1 1 1 |1 1 1 1 6 1 1 1 1 1 1 8 1 1 1 1 |5 1 1 1 1 1 6 1 1 1 1 1 1 1 1 3 |1 7 1 1 1 1 6 1 1 1 11 7 7 1 11 4 |
15435: 3 1 1 1 2 1 1 1 1 1 6 7 1 1 1 1 |1 1 4 2 1 1 1 1 1 1 1 1 1 1 4 1 |1 1 1 1 1 1 1 1 1 1 1 1 1 1 1 1 |1 1 1 1 1 1 1 1 1 1 1 1 1 1 1 1 |1 1 1 1 1 1 1 1 1 1 1 1 1 1 1 1 |1 1 1 1 1 1 4 11 1 4 1 1 1 1 1 1 |1 1 1 1 1 1 1 1 1 1 1 1 1 1 1 1 |1 1 1 1 7 2 1 1 4 1 1 1 1 1 1 1 |1 1 2 1 1 1 1 8 1 1 1 1 1 1 1 1 |1 1 1 1 6 1 1 1 1 1 1 8 1 1 1 1 |5 1 1 1 1 1 6 1 1 1 1 1 1 1 1 3 |1 7 1 1 1 1 6 1 1 1 11 7 7 1 11 4 |
15446: 1 1 1 1 1 1 1 1 1 1 5 1 1 1 1 1 |1 1 1 1 5 1 1 1 1 1 1 1 1 1 3 1 |1 1 1 1 1 1 1 1 1 1 1 1 1 1 1 1 |1 1 1 1 1 1 1 1 1 1 1 1 1 1 1 1 |1 1 1 1 1 1 1 1 1 1 1 1 1 2 1 1 |1 1 1 1 1 1 4 11 1 4 1 1 1 1 1 1 |1 1 1 1 1 1 1 1 1 1 1 1 1 1 1 1 |1 1 1 1 7 2 1 1 4 1 1 1 1 1 1 1 |1 1 2 1 1 1 1 8 1 1 1 1 1 1 1 1 |1 1 1 1 6 1 1 1 1 1 1 8 1 1 1 1 |5 1 1 1 1 1 6 1 1 1 1 1 1 1 1 3 |1 7 1 1 1 1 6 1 1 1 11 7 7 1 11 4 |
15457: 1 1 1 1 1 1 1 1 1 1 5 1 1 1 1 1 |1 1 1 1 5 1 1 1 1 1 1 1 1 1 3 1 |1 1 1 1 1 1 1 1 1 1 1 1 1 1 1 1 |1 1 1 1 1 1 1 1 1 1 1 1 1 1 1 1 |1 1 1 1 1 1 1 1 1 1 1 1 1 2 1 1 |1 1 1 1 1 1 3 3 1 1 1 1 1 2 1 1 |1 1 1 1 1 1 1 9 1 1 1 1 1 1 1 1 |1 1 1 3 1 1 1 1 1 1 1 1 1 1 1 1 |1 1 1 1 1 1 1 9 1 1 1 1 1 1 1 1 |1 1 1 1 1 1 1 1 1 1 1 9 1 1 1 1 |3 1 1 1 1 1 9 1 1 1 1 1 1 1 1 1 |1 7 1 9 1 1 3 1 1 1 13 1 1 1 12 1 |
15469: 1 1 1 1 1 1 1 1 1 1 5 1 1 1 1 1 |1 1 1 1 5 1 1 1 1 1 1 1 1 1 3 1 |1 1 1 1 1 1 1 1 1 1 1 1 1 1 1 1 |1 1 1 1 1 1 1 1 1 1 1 1 1 1 1 1 |1 1 1 1 1 1 1 1 1 1 1 1 1 2 1 1 |1 1 1 1 1 1 3 3 1 1 1 1 1 2 1 1 |1 1 1 1 1 1 1 9 1 1 1 1 1 1 1 1 |1 1 1 3 1 1 1 1 1 1 1 1 1 1 1 1 |1 1 1 1 1 1 1 9 1 1 1 1 1 1 1 1 |1 1 1 1 1 1 1 1 1 1 1 9 1 1 1 1 |3 1 1 1 1 1 9 1 1 1 1 1 1 1 1 1 |1 7 1 9 1 1 3 1 1 1 13 1 1 1 12 1 |
15480: 4 1 1 1 1 1 1 1 1 1 3 4 1 1 1 1 |1 1 1 6 1 1 1 1 1 1 1 1 1 1 1 1 |1 1 1 1 1 1 1 1 1 1 1 1 1 1 1 1 |1 1 1 1 1 1 1 1 1 1 1 1 1 1 1 1 |1 1 1 1 1 1 1 1 1 1 1 1 1 1 1 1 |1 1 1 1 1 1 2 1 2 1 1 1 1 3 1 1 |1 1 1 1 1 1 1 9 1 1 1 1 1 1 1 1 |1 1 1 3 1 1 1 1 1 1 1 1 1 1 1 1 |1 1 1 1 1 1 1 9 1 1 1 1 1 1 1 1 |1 1 1 1 1 1 1 1 1 1 1 9 1 1 1 1 |3 1 1 1 1 1 9 1 1 1 1 1 1 1 1 1 |1 7 1 9 1 1 3 1 1 1 13 1 1 1 12 1 |
15492: 4 1 1 1 1 1 1 1 1 1 3 4 1 1 1 1 |1 1 1 6 1 1 1 1 1 1 1 1 1 1 1 1 |1 1 1 1 1 1 1 1 1 1 1 1 1 1 1 1 |1 1 1 1 1 1 1 1 1 1 1 1 1 1 1 1 |1 1 1 1 1 1 1 1 1 1 1 1 1 1 1 1 |1 1 1 1 1 1 2 1 2 1 1 1 1 3 1 1 |1 1 1 1 1 1 1 1 1 1 1 1 1 1 1 1 |1 1 1 3 4 1 1 1 1 1 1 1 1 1 1 3 |1 1 3 7 7 1 1 1 1 1 1 1 1 1 1 1 |1 1 1 7 1 1 5 1 1 1 1 9 1 1 1 1 |2 1 1 1 1 1 10 1 1 1 1 1 1 1 1 1 |1 12 1 1 8 1 1 1 1 1 12 7 1 3 2 3 |
15502: 4 1 1 1 1 1 1 1 1 1 3 4 1 1 1 1 |1 1 1 6 1 1 1 1 1 1 1 1 1 1 1 1 |1 1 1 1 1 1 1 1 1 1 1 1 1 1 1 1 |1 1 1 1 1 1 1 1 1 1 1 1 1 1 1 1 |1 1 1 1 1 1 1 1 1 1 1 1 1 1 1 1 |1 1 1 1 1 1 2 1 2 1 1 1 1 3 1 1 |1 1 1 1 1 1 1 1 1 1 1 1 1 1 1 1 |1 1 1 3 4 1 1 1 1 1 1 1 1 1 1 3 |1 1 3 7 7 1 1 1 1 1 1 1 1 1 1 1 |1 1 1 7 1 1 5 1 1 1 1 9 1 1 1 1 |2 1 1 1 1 1 10 1 1 1 1 1 1 1 1 1 |1 12 1 1 8 1 1 1 1 1 12 7 1 3 2 3 |
15513: 3 1 1 1 4 1 1 1 1 1 6 5 1 1 1 1 |1 1 1 4 3 1 1 1 1 1 1 1 1 1 1 1 |1 1 1 1 1 1 1 1 1 1 1 1 1 1 1 1 |1 1 1 1 1 1 1 1 1 1 1 1 1 1 1 1 |1 1 1 1 1 1 1 1 1 1 1 1 1 2 1 1 |1 1 1 1 1 1 1 1 4 1 1 1 1 3 1 1 |1 1 1 1 1 1 1 1 1 1 1 1 1 1 1 1 |1 1 1 3 4 1 1 1 1 1 1 1 1 1 1 3 |1 1 3 7 7 1 1 1 1 1 1 1 1 1 1 1 |1 1 1 7 1 1 5 1 1 1 1 9 1 1 1 1 |2 1 1 1 1 1 10 1 1 1 1 1 1 1 1 1 |1 12 1 1 8 1 1 1 1 1 12 7 1 3 2 3 |
15524: 3 1 1 1 4 1 1 1 1 1 6 5 1 1 1 1 |1 1 1 4 3 1 1 1 1 1 1 1 1 1 1 1 |1 1 1 1 1 1 1 1 1 1 1 1 1 1 1 1 |1 1 1 1 1 1 1 1 1 1 1 1 1 1 1 1 |1 1 1 1 1 1 1 1 1 1 1 1 1 2 1 1 |1 1 1 1 1 1 1 1 4 1 1 1 1 3 1 1 |1 1 1 1 1 1 1 1 1 1 1 1 1 1 1 1 |1 1 1 1 3 3 1 1 1 1 1 1 1 1 1 1 |1 1 1 1 1 1 4 2 1 1 1 1 1 1 1 1 |1 1 1 1 1 1 1 1 1 1 1 8 1 9 1 1 |1 1 1 1 1 1 6 1 1 1 1 6 3 1 1 1 |1 5 1 7 7 1 1 1 1 1 13 4 1 1 10 1 |
15536: 3 1 1 1 4 1 1 1 1 1 6 5 1 1 1 1 |1 1 1 4 3 1 1 1 1 1 1 1 1 1 1 1 |1 1 1 1 1 1 1 1 1 1 1 1 1 1 1 1 |1 1 1 1 1 1 1 1 1 1 1 1 1 1 1 1 |1 1 1 1 1 1 1 1 1 1 1 1 1 2 1 1 |1 1 1 1 1 1 1 1 4 1 1 1 1 3 1 1 |1 1 1 1 1 1 1 1 1 1 1 1 1 1 1 1 |1 1 1 1 3 3 1 1 1 1 1 1 1 1 1 1 |1 1 1 1 1 1 4 2 1 1 1 1 1 1 1 1 |1 1 1 1 1 1 1 1 1 1 1 8 1 9 1 1 |1 1 1 1 1 1 6 1 1 1 1 6 3 1 1 1 |1 5 1 7 7 1 1 1 1 1 13 4 1 1 10 1 |
15546: 2 1 1 1 4 1 1 1 1 1 1 4 1 1 1 1 |1 1 3 6 1 1 1 1 1 1 1 1 1 1 1 1 |1 1 1 1 1 1 1 1 1 1 1 1 1 1 1 1 |1 1 1 1 1 1 1 1 1 1 1 1 1 1 1 1 |1 1 1 1 1 1 1 1 1 1 1 1 1 2 1 1 |1 1 1 1 1 1 1 1 4 1 1 1 1 3 1 1 |1 1 1 1 1 1 1 1 1 1 1 1 1 1 1 1 |1 1 1 1 3 3 1 1 1 1 1 1 1 1 1 1 |1 1 1 1 1 1 4 2 1 1 1 1 1 1 1 1 |1 1 1 1 1 1 1 1 1 1 1 8 1 9 1 1 |1 1 1 1 1 1 6 1 1 1 1 6 3 1 1 1 |1 5 1 7 7 1 1 1 1 1 13 4 1 1 10 1 |
15558: 2 1 1 1 4 1 1 1 1 1 1 4 1 1 1 1 |1 1 3 6 1 1 1 1 1 1 1 1 1 1 1 1 |1 1 1 1 1 1 1 1 1 1 1 1 1 1 1 1 |1 1 1 1 1 1 1 1 1 1 1 1 1 1 1 1 |1 1 1 1 1 1 1 1 1 1 1 1 1 4 1 1 |1 1 1 1 1 1 4 2 2 2 2 1 1 2 1 1 |1 1 1 1 1 1 1 1 1 1 1 1 1 1 1 1 |1 1 1 1 1 1 1 1 6 1 1 1 1 1 1 1 |1 1 4 1 1 1 1 7 1 1 1 1 1 1 1 1 |1 1 1 1 1 1 11 1 1 1 1 10 1 1 1 1 |2 1 1 1 1 1 1 1 1 1 1 5 2 1 1 1 |1 1 1 8 1 1 1 1 1 1 12 2 1 2 1 1 |
15568: 2 1 1 1 4 1 1 1 1 1 1 4 1 1 1 1 |1 1 3 6 1 1 1 1 1 1 1 1 1 1 1 1 |1 1 1 1 1 1 1 1 1 1 1 1 1 1 1 1 |1 1 1 1 1 1 1 1 1 1 1 1 1 1 1 1 |1 1 1 1 1 1 1 1 1 1 1 1 1 4 1 1 |1 1 1 1 1 1 4 2 2 2 2 1 1 2 1 1 |1 1 1 1 1 1 1 1 1 1 1 1 1 1 1 1 |1 1 1 1 1 1 1 1 6 1 1 1 1 1 1 1 |1 1 4 1 1 1 1 7 1 1 1 1 1 1 1 1 |1 1 1 1 1 1 11 1 1 1 1 10 1 1 1 1 |2 1 1 1 1 1 1 1 1 1 1 5 2 1 1 1 |1 1 1 8 1 1 1 1 1 1 12 2 1 2 1 1 |
15579: 1 1 1 2 1 1 1 1 1 1 3 6 1 1 1 1 |1 1 1 1 4 1 1 1 1 1 1 1 1 1 1 1 |1 1 1 1 1 1 1 1 1 1 1 1 1 1 1 1 |1 1 1 1 1 1 1 1 1 1 1 1 1 1 1 1 |1 1 1 1 1 1 1 1 1 1 1 1 1 1 1 1 |1 1 1 1 1 1 4 2 2 2 2 1 1 2 1 1 |1 1 1 1 1 1 1 1 1 1 1 1 1 1 1 1 |1 1 1 1 1 1 1 1 6 1 1 1 1 1 1 1 |1 1 4 1 1 1 1 7 1 1 1 1 1 1 1 1 |1 1 1 1 1 1 11 1 1 1 1 10 1 1 1 1 |2 1 1 1 1 1 1 1 1 1 1 5 2 1 1 1 |1 1 1 8 1 1 1 1 1 1 12 2 1 2 1 1 |
15590: 1 1 1 2 1 1 1 1 1 1 3 6 1 1 1 1 |1 1 1 1 4 1 1 1 1 1 1 1 1 1 1 1 |1 1 1 1 1 1 1 1 1 1 1 1 1 1 1 1 |1 1 1 1 1 1 1 1 1 1 1 1 1 1 1 1 |1 1 1 1 1 1 1 1 1 1 1 1 1 1 1 1 |1 1 1 1 1 1 2 2 1 1 1 1 1 2 1 1 |1 1 1 1 1 1 1 1 1 1 1 1 1 1 1 1 |1 1 1 1 5 2 1 1 1 1 1 1 1 1 1 1 |1 1 2 1 8 1 1 1 1 1 1 1 1 1 1 1 |1 1 1 9 1 1 1 1 1 1 1 9 1 1 1 1 |2 1 1 1 1 1 1 1 1 1 1 5 1 1 1 1 |1 5 1 1 1 1 2 1 1 1 6 6 4 1 12 1 |
15601: 1 1 1 2 1 1 1 1 1 1 3 6 1 1 1 1 |1 1 1 1 4 1 1 1 1 1 1 1 1 1 1 1 |1 1 1 1 1 1 1 1 1 1 1 1 1 1 1 1 |1 1 1 1 1 1 1 1 1 1 1 1 1 1 1 1 |1 1 1 1 1 1 1 1 1 1 1 1 1 1 1 1 |1 1 1 1 1 1 2 2 1 1 1 1 1 2 1 1 |1 1 1 1 1 1 1 1 1 1 1 1 1 1 1 1 |1 1 1 1 5 2 1 1 1 1 1 1 1 1 1 1 |1 1 2 1 8 1 1 1 1 1 1 1 1 1 1 1 |1 1 1 9 1 1 1 1 1 1 1 9 1 1 1 1 |2 1 1 1 1 1 1 1 1 1 1 5 1 1 1 1 |1 5 1 1 1 1 2 1 1 1 6 6 4 1 12 1 |
15612: 1 1 1 1 1 1 1 1 1 1 1 8 1 1 1 1 |1 1 3 2 1 1 1 1 1 1 1 1 1 1 4 1 |1 1 1 1 1 1 1 1 1 1 1 1 1 1 1 1 |1 1 1 1 1 1 1 1 1 1 1 1 1 1 1 1 |1 1 1 1 1 1 1 1 1 1 1 1 1 1 1 1 |1 1 1 1 1 1 2 2 1 1 1 1 1 2 1 1 |1 1 1 1 1 1 1 1 1 1 1 1 1 1 1 1 |1 1 1 1 5 2 1 1 1 1 1 1 1 1 1 1 |1 1 2 1 8 1 1 1 1 1 1 1 1 1 1 1 |1 1 1 9 1 1 1 1 1 1 1 9 1 1 1 1 |2 1 1 1 1 1 1 1 1 1 1 5 1 1 1 1 |1 5 1 1 1 1 2 1 1 1 6 6 4 1 12 1 |
15623: 1 1 1 1 1 1 1 1 1 1 1 8 1 1 1 1 |1 1 3 2 1 1 1 1 1 1 1 1 1 1 4 1 |1 1 1 1 1 1 1 1 1 1 1 1 1 1 1 1 |1 1 1 1 1 1 1 1 1 1 1 1 1 1 1 1 |1 1 1 1 1 1 1 1 1 1 1 1 1 3 1 1 |1 1 1 1 1 1 1 5 1 2 2 1 1 1 1 1 |1 1 1 1 1 1 1 1 1 1 1 1 1 1 1 1 |1 1 1 1 8 6 1 1 1 1 1 1 1 1 1 1 |1 1 2 1 1 1 1 4 1 1 1 1 1 1 1 1 |1 1 1 1 2 1 1 1 1 1 1 9 1 1 1 1 |1 1 1 1 1 1 1 1 1 1 1 5 1 1 6 2 |1 5 1 1 1 1 2 1 1 1 6 6 4 1 12 1 |
15634: 1 1 1 1 1 1 1 1 1 1 1 8 1 1 1 1 |1 1 3 2 1 1 1 1 1 1 1 1 1 1 4 1 |1 1 1 1 1 1 1 1 1 1 1 1 1 1 1 1 |1 1 1 1 1 1 1 1 1 1 1 1 1 1 1 1 |1 1 1 1 1 1 1 1 1 1 1 1 1 3 1 1 |1 1 1 1 1 1 1 5 1 2 2 1 1 1 1 1 |1 1 1 1 1 1 1 1 1 1 1 1 1 1 1 1 |1 1 1 1 8 6 1 1 1 1 1 1 1 1 1 1 |1 1 2 1 1 1 1 4 1 1 1 1 1 1 1 1 |1 1 1 1 2 1 1 1 1 1 1 9 1 1 1 1 |1 1 1 1 1 1 1 1 1 1 1 5 1 1 6 2 |1 8 1 1 1 1 1 1 1 1 7 2 1 1 3 2 |
15646: 1 1 1 1 1 1 1 1 1 1 6 7 1 1 1 1 |1 1 1 1 1 1 1 1 1 1 1 1 1 1 5 1 |1 1 1 1 1 1 1 1 1 1 1 1 1 1 1 1 |1 1 1 1 1 1 1 1 1 1 1 1 1 1 1 1 |1 1 1 1 1 1 1 1 1 1 1 1 1 3 1 1 |1 1 1 1 1 1 5 1 1 2 1 1 1 2 1 1 |1 1 1 1 1 1 1 1 1 1 1 1 1 1 1 1 |1 1 1 1 8 6 1 1 1 1 1 1 1 1 1 1 |1 1 2 1 1 1 1 4 1 1 1 1 1 1 1 1 |1 1 1 1 2 1 1 1 1 1 1 9 1 1 1 1 |1 1 1 1 1 1 1 1 1 1 1 5 1 1 6 2 |1 8 1 1 1 1 1 1 1 1 7 2 1 1 3 2 |
15656: 1 1 1 1 1 1 1 1 1 1 6 7 1 1 1 1 |1 1 1 1 1 1 1 1 1 1 1 1 1 1 5 1 |1 1 1 1 1 1 1 1 1 1 1 1 1 1 1 1 |1 1 1 1 1 1 1 1 1 1 1 1 1 1 1 1 |1 1 1 1 1 1 1 1 1 1 1 1 1 3 1 1 |1 1 1 1 1 1 5 1 1 2 1 1 1 2 1 1 |1 1 1 1 1 1 1 1 1 1 1 1 1 1 1 1 |1 1 1 1 5 7 1 1 1 1 1 1 1 1 1 4 |1 1 3 1 1 1 1 8 1 1 1 1 1 1 1 1 |1 1 1 1 1 1 1 1 1 1 1 8 1 1 1 1 |3 1 1 1 1 1 7 1 1 1 1 7 1 1 1 2 |1 10 1 2 1 1 1 1 1 1 11 7 6 1 10 1 |
15667: 1 1 1 1 1 1 1 1 1 1 6 7 1 1 1 1 |1 1 1 1 1 1 1 1 1 1 1 1 1 1 5 1 |1 1 1 1 1 1 1 1 1 1 1 1 1 1 1 1 |1 1 1 1 1 1 1 1 1 1 1 1 1 1 1 1 |1 1 1 1 1 1 1 1 1 1 1 1 1 3 1 1 |1 1 1 1 1 1 5 1 1 2 1 1 1 2 1 1 |1 1 1 1 1 1 1 1 1 1 1 1 1 1 1 1 |1 1 1 1 5 7 1 1 1 1 1 1 1 1 1 4 |1 1 3 1 1 1 1 8 1 1 1 1 1 1 1 1 |1 1 1 1 1 1 1 1 1 1 1 8 1 1 1 1 |3 1 1 1 1 1 7 1 1 1 1 7 1 1 1 2 |1 10 1 2 1 1 1 1 1 1 11 7 6 1 10 1 |
15678: 1 1 1 2 1 1 1 1 1 1 8 1 1 1 1 1 |1 1 5 1 1 1 1 1 1 1 1 1 1 1 2 1 |1 1 1 1 1 1 1 1 1 1 1 1 1 1 1 1 |1 1 1 1 1 1 1 1 1 1 1 1 1 1 1 1 |1 1 1 1 1 1 1 1 1 1 1 1 1 3 1 1 |1 1 1 1 1 1 5 1 1 2 1 1 1 2 1 1 |1 1 1 1 1 1 1 1 1 1 1 1 1 1 1 1 |1 1 1 1 5 7 1 1 1 1 1 1 1 1 1 4 |1 1 3 1 1 1 1 8 1 1 1 1 1 1 1 1 |1 1 1 1 1 1 1 1 1 1 1 8 1 1 1 1 |3 1 1 1 1 1 7 1 1 1 1 7 1 1 1 2 |1 10 1 2 1 1 1 1 1 1 11 7 6 1 10 1 |
15690: 1 1 1 2 1 1 1 1 1 1 8 1 1 1 1 1 |1 1 5 1 1 1 1 1 1 1 1 1 1 1 2 1 |1 1 1 1 1 1 1 1 1 1 1 1 1 1 1 1 |1 1 1 1 1 1 1 1 1 1 1 1 1 1 1 1 |1 1 1 1 1 1 1 1 1 1 1 1 1 1 1 1 |1 1 1 1 1 1 2 4 1 1 1 1 1 1 1 1 |1 1 1 1 1 1 1 1 1 1 1 1 1 1 1 1 |1 1 1 1 6 5 1 1 1 1 1 1 1 1 1 1 |1 1 2 1 8 1 1 7 1 1 1 1 1 1 1 1 |1 1 1 7 1 1 1 1 1 1 1 1 1 1 1 1 |5 1 1 1 1 1 7 1 1 1 1 6 2 1 1 1 |1 3 1 1 1 1 2 1 1 1 11 6 1 1 13 1 |
15701: 1 1 1 2 1 1 1 1 1 1 8 1 1 1 1 1 |1 1 5 1 1 1 1 1 1 1 1 1 1 1 2 1 |1 1 1 1 1 1 1 1 1 1 1 1 1 1 1 1 |1 1 1 1 1 1 1 1 1 1 1 1 1 1 1 1 |1 1 1 1 1 1 1 1 1 1 1 1 1 1 1 1 |1 1 1 1 1 1 2 4 1 1 1 1 1 1 1 1 |1 1 1 1 1 1 1 1 1 1 1 1 1 1 1 1 |1 1 1 1 6 5 1 1 1 1 1 1 1 1 1 1 |1 1 2 1 8 1 1 7 1 1 1 1 1 1 1 1 |1 1 1 7 1 1 1 1 1 1 1 1 1 1 1 1 |5 1 1 1 1 1 7 1 1 1 1 6 2 1 1 1 |1 3 1 1 1 1 2 1 1 1 11 6 1 1 13 1 |
15712: 4 1 1 1 1 1 1 1 1 1 6 5 1 1 1 1 |1 1 1 1 5 1 1 1 1 1 1 1 1 1 1 1 |1 1 1 1 1 1 1 1 1 1 1 1 1 1 1 1 |1 1 1 1 1 1 1 1 1 1 1 1 1 1 1 1 |1 1 1 1 1 1 1 1 1 1 1 1 1 1 1 1 |1 1 1 1 1 1 2 4 1 1 1 1 1 1 1 1 |1 1 1 1 1 1 1 1 1 1 1 1 1 1 1 1 |1 1 1 1 6 5 1 1 1 1 1 1 1 1 1 1 |1 1 2 1 8 1 1 7 1 1 1 1 1 1 1 1 |1 1 1 7 1 1 1 1 1 1 1 1 1 1 1 1 |5 1 1 1 1 1 7 1 1 1 1 6 2 1 1 1 |1 3 1 1 1 1 2 1 1 1 11 6 1 1 13 1 |
15722: 4 1 1 1 1 1 1 1 1 1 6 5 1 1 1 1 |1 1 1 1 5 1 1 1 1 1 1 1 1 1 1 1 |1 1 1 1 1 1 1 1 1 1 1 1 1 1 1 1 |1 1 1 1 1 1 1 1 1 1 1 1 1 1 1 1 |1 1 1 1 1 1 1 1 1 1 1 1 1 1 1 1 |1 1 1 1 1 1 1 1 2 1 1 1 1 4 1 1 |1 1 1 1 1 1 1 1 1 1 1 1 1 1 1 1 |1 1 1 2 1 1 1 1 1 1 1 1 1 1 1 1 |1 1 1 1 1 1 4 7 1 1 2 1 1 1 1 1 |1 1 2 1 1 1 1 1 1 1 1 9 1 7 1 1 |5 1 1 1 1 1 7 1 1 1 1 6 2 1 1 1 |1 3 1 1 1 1 2 1 1 1 11 6 1 1 13 1 |
15734: 4 1 1 1 1 1 1 1 1 1 6 5 1 1 1 1 |1 1 1 1 5 1 1 1 1 1 1 1 1 1 1 1 |1 1 1 1 1 1 1 1 1 1 1 1 1 1 1 1 |1 1 1 1 1 1 1 1 1 1 1 1 1 1 1 1 |1 1 1 1 1 1 1 1 1 1 1 1 1 1 1 1 |1 1 1 1 1 1 1 1 2 1 1 1 1 4 1 1 |1 1 1 1 1 1 1 1 1 1 1 1 1 1 1 1 |1 1 1 2 1 1 1 1 1 1 1 1 1 1 1 1 |1 1 1 1 1 1 4 7 1 1 2 1 1 1 1 1 |1 1 2 1 1 1 1 1 1 1 1 9 1 7 1 1 |1 1 2 1 1 1 7 1 1 1 1 1 1 1 1 1 |1 5 1 4 1 1 1 1 1 1 6 1 7 1 11 1 |
15745: 10 1 1 1 1 1 1 1 1 1 6 6 1 1 1 1 |1 1 6 3 1 1 1 1 1 1 1 1 1 1 5 1 |1 1 1 1 1 1 1 1 1 1 1 1 1 1 1 1 |1 1 1 1 1 1 1 1 1 1 1 1 1 1 1 1 |1 1 1 1 1 1 1 1 1 1 1 1 1 1 1 1 |1 1 1 1 1 1 1 1 2 1 1 1 1 4 1 1 |1 1 1 1 1 1 1 1 1 1 1 1 1 1 1 1 |1 1 1 2 1 1 1 1 1 1 1 1 1 1 1 1 |1 1 1 1 1 1 4 7 1 1 2 1 1 1 1 1 |1 1 2 1 1 1 1 1 1 1 1 9 1 7 1 1 |1 1 2 1 1 1 7 1 1 1 1 1 1 1 1 1 |1 5 1 4 1 1 1 1 1 1 6 1 7 1 11 1 |
15755: 10 1 1 1 1 1 1 1 1 1 6 6 1 1 1 1 |1 1 6 3 1 1 1 1 1 1 1 1 1 1 5 1 |1 1 1 1 1 1 1 1 1 1 1 1 1 1 1 1 |1 1 1 1 1 1 1 1 1 1 1 1 1 1 1 1 |1 1 1 1 1 1 1 1 1 1 1 1 1 1 1 1 |1 1 1 1 1 1 1 3 2 2 1 1 1 4 1 1 |1 1 1 1 1 1 1 2 1 1 1 1 1 1 1 1 |1 1 1 1 1 1 1 1 1 1 1 1 1 1 1 1 |1 1 2 1 1 1 1 7 1 1 1 1 1 1 1 1 |1 1 1 1 1 1 4 1 1 1 1 8 1 8 1 1 |3 1 1 1 1 1 7 1 1 1 1 5 1 1 1 1 |1 5 1 4 1 1 1 1 1 1 6 1 7 1 11 1 |
15766: 10 1 1 1 1 1 1 1 1 1 6 6 1 1 1 1 |1 1 6 3 1 1 1 1 1 1 1 1 1 1 5 1 |1 1 1 1 1 1 1 1 1 1 1 1 1 1 1 1 |1 1 1 1 1 1 1 1 1 1 1 1 1 1 1 1 |1 1 1 1 1 1 1 1 1 1 1 1 1 1 1 1 |1 1 1 1 1 1 1 3 2 2 1 1 1 4 1 1 |1 1 1 1 1 1 1 2 1 1 1 1 1 1 1 1 |1 1 1 1 1 1 1 1 1 1 1 1 1 1 1 1 |1 1 2 1 1 1 1 7 1 1 1 1 1 1 1 1 |1 1 1 1 1 1 4 1 1 1 1 8 1 8 1 1 |3 1 1 1 1 1 7 1 1 1 1 5 1 1 1 1 |1 5 1 1 1 1 1 1 1 1 14 8 1 1 11 7 |
15776: 4 1 1 1 1 1 1 1 1 1 5 7 1 1 1 1 |1 1 6 3 1 1 1 1 1 1 1 1 1 1 5 1 |1 1 1 1 1 1 1 1 1 1 1 1 1 1 1 1 |1 1 1 1 1 1 1 1 1 1 1 1 1 1 1 1 |1 1 1 1 1 1 1 1 1 1 1 1 1 1 1 1 |1 1 1 1 1 1 1 3 2 2 1 1 1 4 1 1 |1 1 1 1 1 1 1 2 1 1 1 1 1 1 1 1 |1 1 1 1 1 1 1 1 1 1 1 1 1 1 1 1 |1 1 2 1 1 1 1 7 1 1 1 1 1 1 1 1 |1 1 1 1 1 1 4 1 1 1 1 8 1 8 1 1 |3 1 1 1 1 1 7 1 1 1 1 5 1 1 1 1 |1 5 1 1 1 1 1 1 1 1 14 8 1 1 11 7 |
15788: 4 1 1 1 1 1 1 1 1 1 5 7 1 1 1 1 |1 1 5 3 1 1 1 1 1 1 1 1 1 1 1 1 |1 1 1 1 1 1 1 1 1 1 1 1 1 1 1 1 |1 1 5 1 1 1 1 1 1 1 1 1 1 1 1 1 |1 1 1 1 1 1 1 1 1 1 1 1 1 1 1 1 |1 1 1 1 11 1 1 4 1 1 1 1 1 1 1 1 |1 1 1 1 1 1 1 6 1 1 1 1 1 1 1 1 |1 1 1 1 7 6 1 1 1 1 1 1 1 1 1 1 |1 1 1 1 1 1 1 7 1 1 1 1 1 1 1 1 |1 1 1 1 1 1 4 1 1 1 1 8 1 8 1 1 |3 1 1 1 1 1 7 1 1 1 1 5 1 1 1 1 |1 5 1 1 1 1 1 1 1 1 14 8 1 1 11 7 |
15799: 4 1 1 1 1 1 1 1 1 1 5 7 1 1 1 1 |1 1 5 3 1 1 1 1 1 1 1 1 1 1 1 1 |1 1 1 1 1 1 1 1 1 1 1 1 1 1 1 1 |1 1 5 1 1 1 1 1 1 1 1 1 1 1 1 1 |1 1 1 1 1 1 1 1 1 1 1 1 1 1 1 1 |1 1 1 1 11 1 1 4 1 1 1 1 1 1 1 1 |1 1 1 1 1 1 1 6 1 1 1 1 1 1 1 1 |1 1 1 1 7 6 1 1 1 1 1 1 1 1 1 1 |1 1 1 1 1 1 1 7 1 1 1 1 1 1 1 1 |1 1 1 8 1 1 1 1 1 1 1 8 1 1 1 1 |3 1 1 1 1 1 7 1 1 1 1 5 1 2 1 3 |1 4 1 8 1 1 1 1 1 1 6 8 7 1 3 1 |
15809: 4 1 1 1 1 1 1 1 1 1 5 7 1 1 1 1 |1 1 5 3 1 1 1 1 1 1 1 1 1 1 1 1 |1 1 1 1 1 1 1 1 1 1 1 1 1 1 1 1 |1 1 5 1 1 1 1 1 1 1 1 1 1 1 1 1 |1 1 1 1 1 1 1 1 1 1 1 1 1 1 1 1 |1 1 1 1 11 1 1 4 1 1 1 1 1 1 1 1 |1 1 1 1 1 1 1 6 1 1 1 1 1 1 1 1 |1 1 1 1 7 6 1 1 1 1 1 1 1 1 1 1 |1 1 1 1 1 1 1 7 1 1 1 1 1 1 1 1 |1 1 1 8 1 1 1 1 1 1 1 8 1 1 1 1 |3 1 1 1 1 1 7 1 1 1 1 5 1 2 1 3 |1 4 1 8 1 1 1 1 1 1 6 8 7 1 3 1 |
15832: 4 1 1 1 1 1 1 1 1 1 5 7 1 1 1 1 |1 1 5 3 1 1 1 1 1 1 1 1 1 1 1 1 |1 1 1 1 1 1 1 1 1 1 1 1 1 1 1 1 |1 1 5 1 1 1 1 1 1 1 1 1 1 1 1 1 |1 1 1 1 1 1 1 1 1 1 1 1 1 1 1 1 |1 1 1 1 11 1 1 4 1 1 1 1 1 1 1 1 |1 1 1 1 1 1 1 6 1 1 1 1 1 1 1 1 |1 1 1 1 7 6 1 1 1 1 1 1 1 1 1 1 |1 1 1 1 1 1 1 7 1 1 1 1 1 1 1 1 |1 1 1 8 1 1 1 1 1 1 1 8 1 1 1 1 |3 1 1 1 1 1 7 1 1 1 1 5 1 2 1 3 |1 4 1 8 1 1 1 1 1 1 6 8 7 1 3 1 |
15843: 1 1 1 1 3 1 1 1 1 1 5 7 1 1 1 1 |1 1 1 6 1 1 1 1 1 1 1 1 1 1 1 1 |1 1 1 1 1 1 1 1 1 1 1 1 1 1 1 1 |1 1 5 1 1 1 1 1 1 1 1 1 1 1 1 1 |1 1 1 1 1 1 1 1 1 1 1 1 1 1 1 1 |1 1 1 1 1 1 1 1 2 2 2 1 1 1 1 1 |1 1 1 1 1 1 1 1 1 1 1 1 1 1 1 1 |1 1 1 1 1 1 1 1 1 1 1 1 1 1 1 4 |1 1 1 1 1 1 1 7 1 1 1 1 1 1 1 1 |1 1 1 8 1 1 1 1 1 1 1 8 1 1 1 1 |3 1 1 1 1 1 7 1 1 1 1 5 1 2 1 3 |1 4 1 8 1 1 1 1 1 1 6 8 7 1 3 1 |
15853: 1 1 1 1 3 1 1 1 1 1 5 7 1 1 1 1 |1 1 1 6 1 1 1 1 1 1 1 1 1 1 1 1 |1 1 1 1 1 1 1 1 1 1 1 1 1 1 1 1 |1 1 5 1 1 1 1 1 1 1 1 1 1 1 1 1 |1 1 1 1 1 1 1 1 1 1 1 1 1 1 1 1 |1 1 1 1 1 1 1 1 2 2 2 1 1 1 1 1 |1 1 1 1 1 1 1 1 1 1 1 1 1 1 1 1 |1 1 1 1 1 1 1 1 1 1 1 1 1 1 1 4 |1 1 1 1 1 1 1 3 1 1 1 1 6 1 2 6 |1 1 1 1 1 1 1 1 1 1 1 1 1 1 1 1 |5 1 1 1 1 1 1 1 1 1 1 6 2 1 1 1 |1 12 1 6 2 1 1 1 1 1 5 1 8 1 9 6 |
15864: 1 1 1 1 3 1 1 1 1 1 5 7 1 1 1 1 |1 1 1 6 1 1 1 1 1 1 1 1 1 1 1 1 |1 1 1 1 1 1 1 1 1 1 1 1 1 1 1 1 |1 1 5 1 1 1 1 1 1 1 1 1 1 1 1 1 |1 1 1 1 1 1 1 1 1 1 1 1 1 1 1 1 |1 1 1 1 1 1 1 1 2 2 2 1 1 1 1 1 |1 1 1 1 1 1 1 1 1 1 1 1 1 1 1 1 |1 1 1 1 1 1 1 1 1 1 1 1 1 1 1 4 |1 1 1 1 1 1 1 3 1 1 1 1 6 1 2 6 |1 1 1 1 1 1 1 1 1 1 1 1 1 1 1 1 |5 1 1 1 1 1 1 1 1 1 1 6 2 1 1 1 |1 12 1 6 2 1 1 1 1 1 5 1 8 1 9 6 |
15875: 3 1 1 1 1 1 1 1 1 1 1 7 1 1 1 1 |1 1 5 1 4 1 1 1 1 1 1 1 1 1 4 1 |1 1 1 1 1 1 1 1 1 1 1 1 1 1 1 1 |1 1 1 1 1 1 1 1 1 1 1 1 1 1 1 1 |1 1 1 1 1 1 1 1 1 1 1 1 1 3 1 1 |1 1 1 1 1 1 1 1 1 1 1 1 1 1 1 1 |1 1 1 1 1 1 1 1 1 1 1 1 1 1 1 1 |1 1 1 1 1 1 1 1 1 1 1 1 1 1 1 4 |1 1 1 1 1 1 1 3 1 1 1 1 6 1 2 6 |1 1 1 1 1 1 1 1 1 1 1 1 1 1 1 1 |5 1 1 1 1 1 1 1 1 1 1 6 2 1 1 1 |1 12 1 6 2 1 1 1 1 1 5 1 8 1 9 6 |
15885: 3 1 1 1 1 1 1 1 1 1 1 7 1 1 1 1 |1 1 5 1 4 1 1 1 1 1 1 1 1 1 4 1 |1 1 1 1 1 1 1 1 1 1 1 1 1 1 1 1 |1 1 1 1 1 1 1 1 1 1 1 1 1 1 1 1 |1 1 1 1 1 1 1 1 1 1 1 1 1 3 1 1 |1 1 1 1 1 1 1 1 1 1 1 1 1 1 1 1 |1 1 1 1 1 1 1 1 1 1 1 1 1 1 1 1 |1 1 1 2 6 3 1 1 3 1 1 1 6 1 1 1 |1 1 2 1 1 1 1 1 1 1 1 1 1 1 1 1 |1 1 1 1 1 1 1 1 1 1 1 9 1 1 1 1 |2 1 5 1 1 1 8 1 1 1 1 5 1 1 1 7 |1 11 1 8 1 1 1 1 1 1 3 7 8 1 9 7 |
15896: 3 1 1 1 1 1 1 1 1 1 1 7 1 1 1 1 |1 1 5 1 4 1 1 1 1 1 1 1 1 1 4 1 |1 1 1 1 1 1 1 1 1 1 1 1 1 1 1 1 |1 1 1 1 1 1 1 1 1 1 1 1 1 1 1 1 |1 1 1 1 1 1 1 1 1 1 1 1 1 3 1 1 |1 1 1 1 1 1 1 1 1 1 1 1 1 1 1 1 |1 1 1 1 1 1 1 1 1 1 1 1 1 1 1 1 |1 1 1 2 6 3 1 1 3 1 1 1 6 1 1 1 |1 1 2 1 1 1 1 1 1 1 1 1 1 1 1 1 |1 1 1 1 1 1 1 1 1 1 1 9 1 1 1 1 |2 1 5 1 1 1 8 1 1 1 1 5 1 1 1 7 |1 11 1 8 1 1 1 1 1 1 3 7 8 1 9 7 |
15906: 1 1 1 1 1 1 1 1 1 1 2 8 1 1 1 1 |1 1 5 4 3 1 1 1 1 1 1 1 1 1 4 1 |1 1 1 1 1 1 1 1 1 1 1 1 1 1 1 1 |1 1 1 1 1 1 1 1 1 1 1 1 1 1 1 1 |1 1 1 1 1 1 1 1 1 1 1 1 1 2 1 1 |1 1 1 1 1 1 1 1 1 1 1 1 1 1 1 1 |1 1 1 1 1 1 1 1 1 1 1 1 1 1 1 1 |1 1 1 2 6 3 1 1 3 1 1 1 6 1 1 1 |1 1 2 1 1 1 1 1 1 1 1 1 1 1 1 1 |1 1 1 1 1 1 1 1 1 1 1 9 1 1 1 1 |2 1 5 1 1 1 8 1 1 1 1 5 1 1 1 7 |1 11 1 8 1 1 1 1 1 1 3 7 8 1 9 7 |
15917: 1 1 1 1 1 1 1 1 1 1 2 8 1 1 1 1 |1 1 5 4 3 1 1 1 1 1 1 1 1 1 4 1 |1 1 1 1 1 1 1 1 1 1 1 1 1 1 1 1 |1 1 1 1 1 1 1 1 1 1 1 1 1 1 1 1 |1 1 1 1 1 1 1 1 1 1 1 1 1 2 1 1 |1 1 1 1 1 1 1 3 1 1 1 1 1 2 1 1 |1 1 1 1 1 1 1 1 1 1 1 1 1 1 1 2 |1 1 1 3 1 1 1 1 1 1 1 1 1 1 1 1 |1 1 4 1 1 1 1 4 1 1 1 1 1 1 1 1 |1 1 1 8 1 1 1 1 1 1 1 7 1 1 1 1 |4 1 1 1 1 1 6 1 1 1 1 7 1 1 1 8 |1 1 1 1 1 1 1 1 1 1 9 1 8 1 9 3 |
15929: 1 1 1 1 1 1 1 1 1 1 2 8 1 1 1 1 |1 1 5 4 3 1 1 1 1 1 1 1 1 1 4 1 |1 1 1 1 1 1 1 1 1 1 1 1 1 1 1 1 |1 1 1 1 1 1 1 1 1 1 1 1 1 1 1 1 |1 1 1 1 1 1 1 1 1 1 1 1 1 2 1 1 |1 1 1 1 1 1 1 3 1 1 1 1 1 2 1 1 |1 1 1 1 1 1 1 1 1 1 1 1 1 1 1 2 |1 1 1 3 1 1 1 1 1 1 1 1 1 1 1 1 |1 1 4 1 1 1 1 4 1 1 1 1 1 1 1 1 |1 1 1 8 1 1 1 1 1 1 1 7 1 1 1 1 |4 1 1 1 1 1 6 1 1 1 1 7 1 1 1 8 |1 1 1 1 1 1 1 1 1 1 9 1 8 1 9 3 |
15939: 5 1 1 1 1 1 1 1 1 1 4 6 1 1 1 1 |1 1 1 1 1 1 1 1 1 1 1 1 1 1 1 1 |1 1 1 1 1 1 1 1 1 1 1 1 1 1 1 1 |1 1 1 1 1 1 1 1 1 1 1 1 1 1 1 1 |1 1 1 1 1 1 1 1 1 1 1 1 1 1 1 1 |1 1 1 1 1 1 1 3 1 1 1 1 1 2 1 1 |1 1 1 1 1 1 1 1 1 1 1 1 1 1 1 2 |1 1 1 3 1 1 1 1 1 1 1 1 1 1 1 1 |1 1 4 1 1 1 1 4 1 1 1 1 1 1 1 1 |1 1 1 8 1 1 1 1 1 1 1 7 1 1 1 1 |4 1 1 1 1 1 6 1 1 1 1 7 1 1 1 8 |1 1 1 1 1 1 1 1 1 1 9 1 8 1 9 3 |
15950: 5 1 1 1 1 1 1 1 1 1 4 6 1 1 1 1 |1 1 1 1 1 1 1 1 1 1 1 1 1 1 1 1 |1 1 1 1 1 1 1 1 1 1 1 1 1 1 1 1 |1 1 1 1 1 1 1 1 1 1 1 1 1 1 1 1 |1 1 1 1 1 1 1 1 1 1 1 1 1 1 1 1 |1 1 1 1 2 8 1 5 1 2 1 1 1 1 1 1 |1 1 1 1 1 1 1 1 1 1 1 1 1 1 1 1 |1 1 1 2 8 1 1 1 1 1 1 1 1 1 1 1 |1 1 1 1 1 1 1 2 1 1 1 1 1 1 1 5 |1 1 1 1 1 1 1 1 1 1 1 9 1 8 1 1 |3 1 1 1 1 1 1 1 1 1 1 7 1 2 1 1 |1 5 1 1 10 1 1 1 1 1 5 1 1 1 9 1 |
15961: 5 1 1 1 1 1 1 1 1 1 4 6 1 1 1 1 |1 1 1 1 1 1 1 1 1 1 1 1 1 1 1 1 |1 1 1 1 1 1 1 1 1 1 1 1 1 1 1 1 |1 1 1 1 1 1 1 1 1 1 1 1 1 1 1 1 |1 1 1 1 1 1 1 1 1 1 1 1 1 1 1 1 |1 1 1 1 2 8 1 5 1 2 1 1 1 1 1 1 |1 1 1 1 1 1 1 1 1 1 1 1 1 1 1 1 |1 1 1 2 8 1 1 1 1 1 1 1 1 1 1 1 |1 1 1 1 1 1 1 2 1 1 1 1 1 1 1 5 |1 1 1 1 1 1 1 1 1 1 1 9 1 8 1 1 |3 1 1 1 1 1 1 1 1 1 1 7 1 2 1 1 |1 5 1 1 10 1 1 1 1 1 5 1 1 1 9 1 |
15972: 3 1 1 1 2 1 1 1 1 1 6 5 1 1 1 1 |1 1 1 1 1 1 1 1 1 1 1 1 1 1 2 1 |1 1 1 1 1 1 1 1 1 1 1 1 1 1 1 1 |1 1 1 1 1 1 1 1 1 1 1 1 1 1 1 1 |1 1 1 1 1 1 1 1 1 1 1 1 1 1 1 1 |1 1 1 1 2 8 1 5 1 2 1 1 1 1 1 1 |1 1 1 1 1 1 1 1 1 1 1 1 1 1 1 1 |1 1 1 2 8 1 1 1 1 1 1 1 1 1 1 1 |1 1 1 1 1 1 1 2 1 1 1 1 1 1 1 5 |1 1 1 1 1 1 1 1 1 1 1 9 1 8 1 1 |3 1 1 1 1 1 1 1 1 1 1 7 1 2 1 1 |1 5 1 1 10 1 1 1 1 1 5 1 1 1 9 1 |
15982: 3 1 1 1 2 1 1 1 1 1 6 5 1 1 1 1 |1 1 1 1 1 1 1 1 1 1 1 1 1 1 2 1 |1 1 1 1 1 1 1 1 1 1 1 1 1 1 1 1 |1 1 1 1 1 1 1 1 1 1 1 1 1 1 1 1 |1 1 1 1 1 1 1 1 1 1 1 1 1 2 1 1 |1 1 1 1 1 1 1 11 1 1 1 1 1 1 1 1 |1 1 1 1 1 1 1 1 1 1 1 1 1 1 1 1 |1 1 1 1 7 1 1 1 1 1 1 1 1 1 1 1 |1 1 2 1 1 1 1 2 1 1 1 1 6 1 1 1 |1 1 1 1 1 1 1 2 1 1 1 1 1 1 1 1 |3 1 1 1 1 1 7 1 1 1 1 8 3 1 1 9 |1 5 1 1 10 1 1 1 1 1 5 1 1 1 9 1 |
15993: 3 1 1 1 2 1 1 1 1 1 6 5 1 1 1 1 |1 1 1 1 1 1 1 1 1 1 1 1 1 1 2 1 |1 1 1 1 1 1 1 1 1 1 1 1 1 1 1 1 |1 1 1 1 1 1 1 1 1 1 1 1 1 1 1 1 |1 1 1 1 1 1 1 1 1 1 1 1 1 2 1 1 |1 1 1 1 1 1 1 11 1 1 1 1 1 1 1 1 |1 1 1 1 1 1 1 1 1 1 1 1 1 1 1 1 |1 1 1 1 7 1 1 1 1 1 1 1 1 1 1 1 |1 1 2 1 1 1 1 2 1 1 1 1 6 1 1 1 |1 1 1 1 1 1 1 2 1 1 1 1 1 1 1 1 |3 1 1 1 1 1 7 1 1 1 1 8 3 1 1 9 |1 4 1 7 1 1 7 1 1 1 1 1 6 1 1 1 |
16004: 1 1 1 1 1 1 1 1 1 1 4 5 1 1 1 1 |1 1 5 1 1 1 1 1 1 1 1 1 1 1 6 1 |1 1 1 1 1 1 1 1 1 1 1 1 1 1 1 1 |1 1 1 1 1 1 1 1 1 1 1 1 1 1 1 1 |1 1 1 1 1 1 1 1 1 1 1 1 1 2 1 1 |1 1 1 1 1 1 1 11 1 1 1 1 1 1 1 1 |1 1 1 1 1 1 1 1 1 1 1 1 1 1 1 1 |1 1 1 1 7 1 1 1 1 1 1 1 1 1 1 1 |1 1 2 1 1 1 1 2 1 1 1 1 6 1 1 1 |1 1 1 1 1 1 1 2 1 1 1 1 1 1 1 1 |3 1 1 1 1 1 7 1 1 1 1 8 3 1 1 9 |1 4 1 7 1 1 7 1 1 1 1 1 6 1 1 1 |
16015: 1 1 1 1 1 1 1 1 1 1 4 5 1 1 1 1 |1 1 5 1 1 1 1 1 1 1 1 1 1 1 6 1 |1 1 1 1 1 1 1 1 1 1 1 1 1 1 1 1 |1 1 1 1 1 1 1 1 1 1 1 1 1 1 1 1 |1 1 1 1 1 1 1 1 1 1 1 1 1 1 1 1 |1 1 1 1 1 1 4 1 1 3 2 1 1 1 1 1 |1 1 1 1 1 1 1 1 1 1 1 1 1 2 1 1 |1 1 1 2 1 1 1 1 1 1 1 1 1 1 1 1 |1 1 2 1 1 1 1 7 1 1 1 1 1 1 1 1 |1 1 1 1 1 1 1 2 1 1 1 1 1 1 1 1 |3 1 1 1 1 1 7 1 1 1 1 8 3 1 1 9 |1 4 1 7 1 1 7 1 1 1 1 1 6 1 1 1 |
16025: 1 1 1 1 1 1 1 1 1 1 4 5 1 1 1 1 |1 1 5 1 1 1 1 1 1 1 1 1 1 1 6 1 |1 1 1 1 1 1 1 1 1 1 1 1 1 1 1 1 |1 1 1 1 1 1 1 1 1 1 1 1 1 1 1 1 |1 1 1 1 1 1 1 1 1 1 1 1 1 1 1 1 |1 1 1 1 1 1 4 1 1 3 2 1 1 1 1 1 |1 1 1 1 1 1 1 1 1 1 1 1 1 2 1 1 |1 1 1 2 1 1 1 1 1 1 1 1 1 1 1 1 |1 1 2 1 1 1 1 7 1 1 1 1 1 1 1 1 |1 1 1 8 1 1 1 1 1 1 1 8 1 1 1 1 |3 1 2 1 1 1 7 1 1 1 1 5 2 1 1 1 |1 8 1 1 1 1 1 2 1 1 6 4 6 1 3 2 |
16036: 5 1 1 1 1 1 1 1 1 1 1 5 1 1 1 1 |1 1 5 2 7 1 1 1 1 1 1 1 1 1 5 1 |1 1 1 1 1 1 1 1 1 1 1 1 1 1 1 1 |1 1 1 1 1 1 1 1 1 1 1 1 1 1 1 1 |1 1 1 1 1 1 1 1 1 1 1 1 1 1 1 1 |1 1 1 1 1 1 4 1 1 3 2 1 1 1 1 1 |1 1 1 1 1 1 1 1 1 1 1 1 1 2 1 1 |1 1 1 2 1 1 1 1 1 1 1 1 1 1 1 1 |1 1 2 1 1 1 1 7 1 1 1 1 1 1 1 1 |1 1 1 8 1 1 1 1 1 1 1 8 1 1 1 1 |3 1 2 1 1 1 7 1 1 1 1 5 2 1 1 1 |1 8 1 1 1 1 1 2 1 1 6 4 6 1 3 2 |
16047: 5 1 1 1 1 1 1 1 1 1 1 5 1 1 1 1 |1 1 5 2 7 1 1 1 1 1 1 1 1 1 5 1 |1 1 1 1 1 1 1 1 1 1 1 1 1 1 1 1 |1 1 1 1 1 1 1 1 1 1 1 1 1 1 1 1 |1 1 1 1 1 1 1 1 1 1 1 1 1 1 1 1 |1 1 1 1 1 1 1 1 1 2 1 1 1 2 1 1 |1 1 1 1 1 1 1 1 1 1 1 1 1 1 1 1 |1 1 1 1 7 1 1 1 1 1 1 1 1 1 1 1 |1 1 2 7 5 1 1 8 1 1 1 1 1 1 1 1 |1 1 1 9 1 1 1 1 1 1 1 8 1 1 1 1 |3 1 2 1 1 1 7 1 1 1 1 5 2 1 1 1 |1 8 1 1 1 1 1 2 1 1 6 4 6 1 3 2 |
16058: 5 1 1 1 1 1 1 1 1 1 1 5 1 1 1 1 |1 1 5 2 7 1 1 1 1 1 1 1 1 1 5 1 |1 1 1 1 1 1 1 1 1 1 1 1 1 1 1 1 |1 1 1 1 1 1 1 1 1 1 1 1 1 1 1 1 |1 1 1 1 1 1 1 1 1 1 1 1 1 1 1 1 |1 1 1 1 1 1 1 1 1 2 1 1 1 2 1 1 |1 1 1 1 1 1 1 1 1 1 1 1 1 1 1 1 |1 1 1 1 7 1 1 1 1 1 1 1 1 1 1 1 |1 1 2 7 5 1 1 8 1 1 1 1 1 1 1 1 |1 1 1 9 1 1 1 1 1 1 1 8 1 1 1 1 |4 1 1 1 1 1 10 1 1 1 1 7 1 1 1 8 |1 1 1 1 10 1 1 1 1 1 2 9 1 1 10 1 |
16068: 5 1 1 1 1 1 1 1 1 1 1 5 1 1 1 1 |1 1 5 2 7 1 1 1 1 1 1 1 1 1 5 1 |1 1 1 1 1 1 1 1 1 1 1 1 1 1 1 1 |1 1 1 1 1 1 1 1 1 1 1 1 1 1 1 1 |1 1 1 1 1 1 1 1 1 1 1 1 1 1 1 1 |1 1 1 1 1 1 1 1 1 2 1 1 1 2 1 1 |1 1 1 1 1 1 1 1 1 1 1 1 1 1 1 1 |1 1 1 1 7 1 1 1 1 1 1 1 1 1 1 1 |1 1 2 7 5 1 1 8 1 1 1 1 1 1 1 1 |1 1 1 9 1 1 1 1 1 1 1 8 1 1 1 1 |4 1 1 1 1 1 10 1 1 1 1 7 1 1 1 8 |1 1 1 1 10 1 1 1 1 1 2 9 1 1 10 1 |
16079: 1 1 1 1 1 1 1 1 1 1 6 6 1 1 1 1 |1 1 1 3 1 1 1 1 1 1 1 1 1 1 1 1 |1 1 1 1 1 1 1 1 1 1 1 1 1 1 1 1 |1 1 1 1 1 1 1 1 1 1 1 1 1 1 1 1 |1 1 1 1 1 1 1 1 1 1 1 1 1 1 1 1 |1 1 1 1 1 1 1 1 1 1 1 1 1 2 1 1 |1 1 1 1 1 1 1 1 1 1 1 1 1 1 1 1 |1 1 1 3 7 7 1 1 1 1 1 1 1 1 1 5 |1 1 2 7 5 1 1 8 1 1 1 1 1 1 1 1 |1 1 1 9 1 1 1 1 1 1 1 8 1 1 1 1 |4 1 1 1 1 1 10 1 1 1 1 7 1 1 1 8 |1 1 1 1 10 1 1 1 1 1 2 9 1 1 10 1 |
16090: 1 1 1 1 1 1 1 1 1 1 6 6 1 1 1 1 |1 1 1 3 1 1 1 1 1 1 1 1 1 1 1 1 |1 1 1 1 1 1 1 1 1 1 1 1 1 1 1 1 |1 1 1 1 1 1 1 1 1 1 1 1 1 1 1 1 |1 1 1 1 1 1 1 1 1 1 1 1 1 1 1 1 |1 1 1 1 1 1 1 1 1 1 1 1 1 2 1 1 |1 1 1 1 1 1 1 1 1 1 1 1 1 1 1 1 |1 1 1 3 7 7 1 1 1 1 1 1 1 1 1 5 |1 1 1 1 1 1 5 7 1 1 1 1 1 1 1 1 |1 1 1 1 1 1 1 1 1 1 1 1 1 1 1 1 |4 1 1 1 1 1 1 1 1 1 1 7 3 1 1 7 |1 4 1 1 1 1 1 1 1 1 4 1 1 1 3 1 |
16101: 1 1 1 1 1 1 1 1 1 1 6 6 1 1 1 1 |1 1 1 3 1 1 1 1 1 1 1 1 1 1 1 1 |1 1 1 1 1 1 1 1 1 1 1 1 1 1 1 1 |1 1 1 1 1 1 1 1 1 1 1 1 1 1 1 1 |1 1 1 1 1 1 1 1 1 1 1 1 1 1 1 1 |1 1 1 1 1 1 1 1 1 1 1 1 1 2 1 1 |1 1 1 1 1 1 1 1 1 1 1 1 1 1 1 1 |1 1 1 3 7 7 1 1 1 1 1 1 1 1 1 5 |1 1 1 1 1 1 5 7 1 1 1 1 1 1 1 1 |1 1 1 1 1 1 1 1 1 1 1 1 1 1 1 1 |4 1 1 1 1 1 1 1 1 1 1 7 3 1 1 7 |1 4 1 1 1 1 1 1 1 1 4 1 1 1 3 1 |
16112: 8 1 1 1 1 1 1 1 1 1 4 6 1 1 1 1 |1 1 5 4 1 1 1 1 1 1 1 1 1 1 6 1 |1 1 1 1 1 1 1 1 1 1 1 1 1 1 1 1 |1 1 1 1 1 1 1 1 1 1 1 1 1 1 1 1 |1 1 1 1 1 1 1 1 1 1 1 1 1 1 1 1 |1 1 1 1 1 1 1 3 1 2 1 1 1 1 1 1 |1 1 1 1 1 1 1 1 1 1 1 1 1 1 1 1 |1 1 1 3 7 7 1 1 1 1 1 1 1 1 1 5 |1 1 1 1 1 1 5 7 1 1 1 1 1 1 1 1 |1 1 1 1 1 1 1 1 1 1 1 1 1 1 1 1 |4 1 1 1 1 1 1 1 1 1 1 7 3 1 1 7 |1 4 1 1 1 1 1 1 1 1 4 1 1 1 3 1 |
16123: 8 1 1 1 1 1 1 1 1 1 4 6 1 1 1 1 |1 1 5 4 1 1 1 1 1 1 1 1 1 1 6 1 |1 1 1 1 1 1 1 1 1 1 1 1 1 1 1 1 |1 1 1 1 1 1 1 1 1 1 1 1 1 1 1 1 |1 1 1 1 1 1 1 1 1 1 1 1 1 1 1 1 |1 1 1 1 1 1 1 3 1 2 1 1 1 1 1 1 |1 1 1 1 1 1 1 1 1 1 1 2 1 1 1 1 |1 1 1 4 1 1 1 1 4 1 1 1 1 1 1 1 |1 1 1 1 1 1 1 7 1 1 5 1 1 1 1 1 |1 1 1 1 1 1 5 1 1 1 1 10 1 1 1 1 |3 1 1 1 1 1 7 1 1 1 1 1 1 1 1 1 |1 1 1 1 2 1 3 1 1 1 13 8 1 1 1 1 |
16133: 8 1 1 1 1 1 1 1 1 1 4 6 1 1 1 1 |1 1 5 4 1 1 1 1 1 1 1 1 1 1 6 1 |1 1 1 1 1 1 1 1 1 1 1 1 1 1 1 1 |1 1 1 1 1 1 1 1 1 1 1 1 1 1 1 1 |1 1 1 1 1 1 1 1 1 1 1 1 1 1 1 1 |1 1 1 1 1 1 1 3 1 2 1 1 1 1 1 1 |1 1 1 1 1 1 1 1 1 1 1 2 1 1 1 1 |1 1 1 4 1 1 1 1 4 1 1 1 1 1 1 1 |1 1 1 1 1 1 1 7 1 1 5 1 1 1 1 1 |1 1 1 1 1 1 5 1 1 1 1 10 1 1 1 1 |3 1 1 1 1 1 7 1 1 1 1 1 1 1 1 1 |1 1 1 1 2 1 3 1 1 1 13 8 1 1 1 1 |
16144: 1 1 1 6 1 1 1 1 1 1 5 1 1 1 1 1 |1 1 5 1 1 1 1 1 1 1 1 1 1 1 1 1 |1 1 1 1 1 1 1 1 1 1 1 1 1 1 1 1 |1 1 1 1 1 1 1 1 1 1 1 1 1 1 1 1 |1 1 1 1 1 1 1 1 1 1 1 1 1 7 1 1 |1 1 1 1 1 1 1 3 2 2 3 1 1 1 1 1 |1 1 1 1 1 1 1 1 1 1 1 1 1 1 1 1 |1 1 1 4 1 1 1 1 4 1 1 1 1 1 1 1 |1 1 1 1 1 1 1 7 1 1 5 1 1 1 1 1 |1 1 1 1 1 1 5 1 1 1 1 10 1 1 1 1 |3 1 1 1 1 1 7 1 1 1 1 1 1 1 1 1 |1 1 1 1 2 1 3 1 1 1 13 8 1 1 1 1 |
16155: 1 1 1 6 1 1 1 1 1 1 5 1 1 1 1 1 |1 1 5 1 1 1 1 1 1 1 1 1 1 1 1 1 |1 1 1 1 1 1 1 1 1 1 1 1 1 1 1 1 |1 1 1 1 1 1 1 1 1 1 1 1 1 1 1 1 |1 1 1 1 1 1 1 1 1 1 1 1 1 7 1 1 |1 1 1 1 1 1 1 3 2 2 3 1 1 1 1 1 |1 1 1 1 1 1 1 1 1 1 1 1 1 1 1 1 |1 1 1 2 6 1 1 1 1 1 1 1 1 1 1 2 |1 1 1 1 1 1 1 6 1 1 1 1 1 1 1 1 |1 1 2 1 1 1 1 1 1 1 1 7 1 1 1 1 |4 1 1 1 1 1 7 1 1 1 1 4 1 1 1 3 |1 6 1 1 1 1 2 1 1 1 14 1 7 1 4 3 |
16167: 1 1 1 6 1 1 1 1 1 1 5 1 1 1 1 1 |1 1 5 1 1 1 1 1 1 1 1 1 1 1 1 1 |1 1 1 1 1 1 1 1 1 1 1 1 1 1 1 1 |1 1 1 1 1 1 1 1 1 1 1 1 1 1 1 1 |1 1 1 1 1 1 1 1 1 1 1 1 1 7 1 1 |1 1 1 1 1 1 1 3 2 2 3 1 1 1 1 1 |1 1 1 1 1 1 1 1 1 1 1 1 1 1 1 1 |1 1 1 2 6 1 1 1 1 1 1 1 1 1 1 2 |1 1 1 1 1 1 1 6 1 1 1 1 1 1 1 1 |1 1 2 1 1 1 1 1 1 1 1 7 1 1 1 1 |4 1 1 1 1 1 7 1 1 1 1 4 1 1 1 3 |1 6 1 1 1 1 2 1 1 1 14 1 7 1 4 3 |
16178: 2 1 1 1 1 1 1 1 1 1 7 7 1 1 1 1 |1 1 1 5 1 1 1 1 1 1 1 1 1 1 6 1 |1 1 1 1 1 1 1 1 1 1 1 1 1 1 1 1 |1 1 1 1 1 1 1 1 1 1 1 1 1 1 1 1 |1 1 1 1 1 1 1 1 1 1 1 1 1 1 1 1 |1 1 1 1 1 1 1 5 3 2 1 1 1 4 1 1 |1 1 1 1 2 1 1 1 1 1 1 1 1 1 1 2 |1 1 1 2 6 1 1 1 1 1 1 1 1 1 1 2 |1 1 1 1 1 1 1 6 1 1 1 1 1 1 1 1 |1 1 2 1 1 1 1 1 1 1 1 7 1 1 1 1 |4 1 1 1 1 1 7 1 1 1 1 4 1 1 1 3 |1 6 1 1 1 1 2 1 1 1 14 1 7 1 4 3 |
16188: 2 1 1 1 1 1 1 1 1 1 7 7 1 1 1 1 |1 1 1 5 1 1 1 1 1 1 1 1 1 1 6 1 |1 1 1 1 1 1 1 1 1 1 1 1 1 1 1 1 |1 1 1 1 1 1 1 1 1 1 1 1 1 1 1 1 |1 1 1 1 1 1 1 1 1 1 1 1 1 1 1 1 |1 1 1 1 1 1 1 5 3 2 1 1 1 4 1 1 |1 1 1 1 2 1 1 1 1 1 1 1 1 1 1 2 |1 1 1 3 6 5 1 1 2 3 1 1 1 1 1 1 |1 1 1 1 1 1 1 5 1 1 1 1 5 1 2 1 |1 1 1 1 1 1 1 1 1 1 1 8 1 1 1 1 |1 1 1 1 1 1 8 1 1 1 1 6 1 3 1 1 |1 5 1 10 1 1 1 1 1 1 7 1 1 1 8 2 |
16200: 2 1 1 1 1 1 1 1 1 1 7 7 1 1 1 1 |1 1 1 5 1 1 1 1 1 1 1 1 1 1 6 1 |1 1 1 1 1 1 1 1 1 1 1 1 1 1 1 1 |1 1 1 1 1 1 1 1 1 1 1 1 1 1 1 1 |1 1 1 1 1 1 1 1 1 1 1 1 1 1 1 1 |1 1 1 1 1 1 1 5 3 2 1 1 1 4 1 1 |1 1 1 1 2 1 1 1 1 1 1 1 1 1 1 2 |1 1 1 3 6 5 1 1 2 3 1 1 1 1 1 1 |1 1 1 1 1 1 1 5 1 1 1 1 5 1 2 1 |1 1 1 1 1 1 1 1 1 1 1 8 1 1 1 1 |1 1 1 1 1 1 8 1 1 1 1 6 1 3 1 1 |1 5 1 10 1 1 1 1 1 1 7 1 1 1 8 2 |
16210: 7 1 1 1 1 1 1 1 1 1 5 6 1 1 1 1 |1 1 5 2 1 1 1 1 1 1 1 1 1 1 4 1 |1 1 1 1 1 1 1 1 1 1 1 1 1 1 1 1 |1 1 1 1 1 1 1 1 1 1 1 1 1 1 1 1 |1 1 1 1 3 1 1 1 1 1 1 1 1 1 1 1 |1 1 1 1 1 1 1 5 3 2 1 1 1 4 1 1 |1 1 1 1 2 1 1 1 1 1 1 1 1 1 1 2 |1 1 1 3 6 5 1 1 2 3 1 1 1 1 1 1 |1 1 1 1 1 1 1 5 1 1 1 1 5 1 2 1 |1 1 1 1 1 1 1 1 1 1 1 8 1 1 1 1 |1 1 1 1 1 1 8 1 1 1 1 6 1 3 1 1 |1 5 1 10 1 1 1 1 1 1 7 1 1 1 8 2 |
16222: 7 1 1 1 1 1 1 1 1 1 5 6 1 1 1 1 |1 1 5 2 1 1 1 1 1 1 1 1 1 1 4 1 |1 1 1 1 1 1 1 1 1 1 1 1 1 1 1 1 |1 1 1 1 1 1 1 1 1 1 1 1 1 1 1 1 |1 1 1 1 3 1 1 1 1 1 1 1 1 1 1 1 |1 1 1 1 1 1 1 4 3 1 1 1 1 1 1 1 |1 1 1 1 1 1 1 1 1 1 1 1 1 1 1 2 |1 1 1 1 1 1 1 1 6 1 1 1 1 1 1 5 |1 1 1 1 1 1 1 9 1 1 1 1 7 1 1 1 |1 1 2 1 1 1 4 1 1 1 1 1 1 1 1 1 |3 1 1 1 1 1 6 1 1 1 1 7 3 1 1 3 |1 12 1 1 1 1 1 1 1 1 13 1 1 1 4 1 |
16233: 7 1 1 1 1 1 1 1 1 1 5 6 1 1 1 1 |1 1 5 2 1 1 1 1 1 1 1 1 1 1 4 1 |1 1 1 1 1 1 1 1 1 1 1 1 1 1 1 1 |1 1 1 1 1 1 1 1 1 1 1 1 1 1 1 1 |1 1 1 1 3 1 1 1 1 1 1 1 1 1 1 1 |1 1 1 1 1 1 1 4 3 1 1 1 1 1 1 1 |1 1 1 1 1 1 1 1 1 1 1 1 1 1 1 2 |1 1 1 1 1 1 1 1 6 1 1 1 1 1 1 5 |1 1 1 1 1 1 1 9 1 1 1 1 7 1 1 1 |1 1 2 1 1 1 4 1 1 1 1 1 1 1 1 1 |3 1 1 1 1 1 6 1 1 1 1 7 3 1 1 3 |1 12 1 1 1 1 1 1 1 1 13 1 1 1 4 1 |
16244: 4 1 1 1 1 1 1 1 1 1 1 6 1 1 1 1 |1 1 4 4 1 1 1 1 1 1 1 1 1 1 1 1 |1 1 1 1 1 1 1 1 1 1 1 1 1 1 1 1 |1 1 6 1 1 1 1 1 1 1 1 1 1 1 1 1 |1 1 1 1 1 1 1 1 1 1 1 1 1 1 1 1 |1 1 1 1 5 1 3 1 1 1 1 1 1 3 1 1 |1 1 1 1 1 1 1 1 1 1 1 1 1 1 1 2 |1 1 1 1 1 1 1 1 6 1 1 1 1 1 1 5 |1 1 1 1 1 1 1 9 1 1 1 1 7 1 1 1 |1 1 2 1 1 1 4 1 1 1 1 1 1 1 1 1 |3 1 1 1 1 1 6 1 1 1 1 7 3 1 1 3 |1 12 1 1 1 1 1 1 1 1 13 1 1 1 4 1 |
16255: 4 1 1 1 1 1 1 1 1 1 1 6 1 1 1 1 |1 1 4 4 1 1 1 1 1 1 1 1 1 1 1 1 |1 1 1 1 1 1 1 1 1 1 1 1 1 1 1 1 |1 1 6 1 1 1 1 1 1 1 1 1 1 1 1 1 |1 1 1 1 1 1 1 1 1 1 1 1 1 1 1 1 |1 1 1 1 5 1 3 1 1 1 1 1 1 3 1 1 |1 1 1 1 1 1 1 1 1 1 1 1 1 1 1 1 |1 1 1 1 6 5 1 1 4 1 1 1 1 1 1 4 |1 1 3 8 1 1 1 8 1 1 1 1 1 1 1 1 |1 1 1 8 1 1 3 1 1 1 1 10 1 1 1 1 |4 1 1 1 1 1 2 1 1 1 1 4 1 1 1 1 |1 1 1 1 1 1 1 1 1 1 10 1 1 2 11 1 |
16265: 4 1 1 1 1 1 1 1 1 1 1 6 1 1 1 1 |1 1 4 4 1 1 1 1 1 1 1 1 1 1 1 1 |1 1 1 1 1 1 1 1 1 1 1 1 1 1 1 1 |1 1 6 1 1 1 1 1 1 1 1 1 1 1 1 1 |1 1 1 1 1 1 1 1 1 1 1 1 1 1 1 1 |1 1 1 1 5 1 3 1 1 1 1 1 1 3 1 1 |1 1 1 1 1 1 1 1 1 1 1 1 1 1 1 1 |1 1 1 1 6 5 1 1 4 1 1 1 1 1 1 4 |1 1 3 8 1 1 1 8 1 1 1 1 1 1 1 1 |1 1 1 8 1 1 3 1 1 1 1 10 1 1 1 1 |4 1 1 1 1 1 2 1 1 1 1 4 1 1 1 1 |1 1 1 1 1 1 1 1 1 1 10 1 1 2 11 1 |
16276: 1 1 1 1 1 1 1 1 1 1 1 5 1 1 1 1 |1 1 1 1 1 1 1 1 1 1 1 1 1 1 1 1 |1 1 1 1 1 1 1 1 1 1 1 1 1 1 1 1 |1 1 1 1 1 1 1 1 1 1 1 1 1 1 1 1 |1 1 1 1 1 1 1 1 1 1 1 1 1 1 1 1 |1 1 1 1 5 1 3 1 1 1 1 1 1 3 1 1 |1 1 1 1 1 1 1 1 1 1 1 1 1 1 1 1 |1 1 1 1 6 5 1 1 4 1 1 1 1 1 1 4 |1 1 3 8 1 1 1 8 1 1 1 1 1 1 1 1 |1 1 1 8 1 1 3 1 1 1 1 10 1 1 1 1 |4 1 1 1 1 1 2 1 1 1 1 4 1 1 1 1 |1 1 1 1 1 1 1 1 1 1 10 1 1 2 11 1 |
16288: 1 1 1 1 1 1 1 1 1 1 1 5 1 1 1 1 |1 1 1 1 1 1 1 1 1 1 1 1 1 1 1 1 |1 1 1 1 1 1 1 1 1 1 1 1 1 1 1 1 |1 1 1 1 1 1 1 1 1 1 1 1 1 1 1 1 |1 1 1 1 1 1 1 1 1 1 1 1 1 2 1 1 |1 1 1 1 1 1 7 1 1 2 1 1 1 4 1 1 |1 1 1 1 1 1 1 1 1 1 1 1 1 1 1 1 |1 1 1 3 5 1 1 1 1 1 1 1 6 1 1 1 |1 1 2 1 1 1 1 9 1 1 1 1 1 1 1 1 |1 1 1 12 1 1 1 3 1 1 1 10 3 1 1 1 |1 1 3 1 1 1 10 1 1 1 1 5 1 1 6 1 |1 6 1 2 4 1 3 1 1 1 1 8 9 1 11 2 |
16299: 1 1 1 1 1 1 1 1 1 1 1 5 1 1 1 1 |1 1 1 1 1 1 1 1 1 1 1 1 1 1 1 1 |1 1 1 1 1 1 1 1 1 1 1 1 1 1 1 1 |1 1 1 1 1 1 1 1 1 1 1 1 1 1 1 1 |1 1 1 1 1 1 1 1 1 1 1 1 1 2 1 1 |1 1 1 1 1 1 7 1 1 2 1 1 1 4 1 1 |1 1 1 1 1 1 1 1 1 1 1 1 1 1 1 1 |1 1 1 3 5 1 1 1 1 1 1 1 6 1 1 1 |1 1 2 1 1 1 1 9 1 1 1 1 1 1 1 1 |1 1 1 12 1 1 1 3 1 1 1 10 3 1 1 1 |1 1 3 1 1 1 10 1 1 1 1 5 1 1 6 1 |1 6 1 2 4 1 3 1 1 1 1 8 9 1 11 2 |
16309: 1 1 1 1 1 1 1 1 1 1 6 6 1 1 1 1 |1 1 4 3 1 1 1 1 1 1 1 1 1 1 1 1 |1 1 1 1 1 1 1 1 1 1 1 1 1 1 1 1 |1 1 1 1 1 1 1 1 1 1 1 1 1 1 1 1 |1 1 1 1 1 1 1 1 1 1 1 1 1 2 1 1 |1 1 1 1 1 1 7 1 1 2 1 1 1 4 1 1 |1 1 1 1 1 1 1 1 1 1 1 1 1 1 1 1 |1 1 1 3 5 1 1 1 1 1 1 1 6 1 1 1 |1 1 2 1 1 1 1 9 1 1 1 1 1 1 1 1 |1 1 1 12 1 1 1 3 1 1 1 10 3 1 1 1 |1 1 3 1 1 1 10 1 1 1 1 5 1 1 6 1 |1 6 1 2 4 1 3 1 1 1 1 8 9 1 11 2 |
16320: 1 1 1 1 1 1 1 1 1 1 6 6 1 1 1 1 |1 1 4 3 1 1 1 1 1 1 1 1 1 1 1 1 |1 1 1 1 1 1 1 1 1 1 1 1 1 1 1 1 |1 1 1 1 1 1 1 1 1 1 1 1 1 1 1 1 |1 1 1 1 1 1 1 1 1 1 1 1 1 3 1 1 |1 1 1 1 1 1 1 4 1 1 1 1 1 1 1 1 |1 1 1 1 1 1 1 1 1 1 1 1 1 1 1 2 |1 1 1 1 6 1 1 1 4 1 1 1 1 1 1 3 |1 1 1 1 1 1 1 5 1 1 1 1 1 1 1 1 |1 1 1 1 1 1 1 1 1 1 1 6 2 1 1 1 |5 1 1 7 1 1 8 1 1 1 1 4 1 1 1 8 |1 6 1 1 1 1 2 1 1 2 6 1 1 2 5 1 |
16331: 1 1 1 1 1 1 1 1 1 1 6 6 1 1 1 1 |1 1 4 3 1 1 1 1 1 1 1 1 1 1 1 1 |1 1 1 1 1 1 1 1 1 1 1 1 1 1 1 1 |1 1 1 1 1 1 1 1 1 1 1 1 1 1 1 1 |1 1 1 1 1 1 1 1 1 1 1 1 1 3 1 1 |1 1 1 1 1 1 1 4 1 1 1 1 1 1 1 1 |1 1 1 1 1 1 1 1 1 1 1 1 1 1 1 2 |1 1 1 1 6 1 1 1 4 1 1 1 1 1 1 3 |1 1 1 1 1 1 1 5 1 1 1 1 1 1 1 1 |1 1 1 1 1 1 1 1 1 1 1 6 2 1 1 1 |5 1 1 7 1 1 8 1 1 1 1 4 1 1 1 8 |1 6 1 1 1 1 2 1 1 2 6 1 1 2 5 1 |
16342: 3 1 1 1 1 1 1 1 1 1 7 8 1 1 1 1 |1 1 1 1 1 1 1 1 1 1 1 1 1 1 1 1 |1 1 1 1 1 1 1 1 1 1 1 1 1 1 1 1 |1 1 1 1 1 1 1 1 1 1 1 1 1 1 1 1 |1 1 1 1 1 1 1 1 1 1 1 1 1 3 1 1 |1 1 1 1 1 1 1 4 1 1 1 1 1 1 1 1 |1 1 1 1 1 1 1 1 1 1 1 1 1 1 1 2 |1 1 1 1 6 1 1 1 4 1 1 1 1 1 1 3 |1 1 1 1 1 1 1 5 1 1 1 1 1 1 1 1 |1 1 1 1 1 1 1 1 1 1 1 6 2 1 1 1 |5 1 1 7 1 1 8 1 1 1 1 4 1 1 1 8 |1 6 1 1 1 1 2 1 1 2 6 1 1 2 5 1 |
16353: 3 1 1 1 1 1 1 1 1 1 7 8 1 1 1 1 |1 1 1 1 1 1 1 1 1 1 1 1 1 1 1 1 |1 1 1 1 1 1 1 1 1 1 1 1 1 1 1 1 |1 1 1 1 1 1 1 1 1 1 1 1 1 1 1 1 |1 1 1 1 1 1 1 1 1 1 1 1 1 1 1 1 |1 1 1 1 1 1 1 3 1 1 1 1 1 1 1 1 |1 1 1 1 1 1 1 1 1 1 1 1 1 1 1 2 |1 1 1 1 6 2 1 1 7 1 1 1 1 1 1 1 |1 1 2 3 1 1 1 8 1 1 1 1 1 1 1 1 |1 1 1 1 1 1 1 1 1 1 1 9 1 1 1 1 |4 1 1 1 1 1 7 1 1 1 1 2 1 1 1 6 |1 6 1 1 1 1 2 1 1 2 6 1 1 2 5 1 |
16364: 3 1 1 1 1 1 1 1 1 1 7 8 1 1 1 1 |1 1 1 1 1 1 1 1 1 1 1 1 1 1 1 1 |1 1 1 1 1 1 1 1 1 1 1 1 1 1 1 1 |1 1 1 1 1 1 1 1 1 1 1 1 1 1 1 1 |1 1 1 1 1 1 1 1 1 1 1 1 1 1 1 1 |1 1 1 1 1 1 1 3 1 1 1 1 1 1 1 1 |1 1 1 1 1 1 1 1 1 1 1 1 1 1 1 2 |1 1 1 1 6 2 1 1 7 1 1 1 1 1 1 1 |1 1 2 3 1 1 1 8 1 1 1 1 1 1 1 1 |1 1 1 1 1 1 1 1 1 1 1 9 1 1 1 1 |4 1 1 1 1 1 7 1 1 1 1 2 1 1 1 6 |1 6 1 1 1 1 1 1 1 1 1 1 1 1 12 2 |
16376: 3 1 1 1 5 1 1 1 1 1 1 8 1 1 1 1 |1 1 1 1 1 1 1 1 1 1 1 1 1 1 3 1 |1 1 1 1 1 1 1 1 1 1 1 1 1 1 1 1 |1 1 1 1 1 1 1 1 1 1 1 1 1 1 1 1 |1 1 1 1 1 1 1 1 1 1 1 1 1 1 1 1 |1 1 1 1 1 1 1 3 1 1 1 1 1 1 1 1 |1 1 1 1 1 1 1 1 1 1 1 1 1 1 1 2 |1 1 1 1 6 2 1 1 7 1 1 1 1 1 1 1 |1 1 2 3 1 1 1 8 1 1 1 1 1 1 1 1 |1 1 1 1 1 1 1 1 1 1 1 9 1 1 1 1 |4 1 1 1 1 1 7 1 1 1 1 2 1 1 1 6 |1 6 1 1 1 1 1 1 1 1 1 1 1 1 12 2 |
16387: 3 1 1 1 5 1 1 1 1 1 1 8 1 1 1 1 |1 1 1 1 1 1 1 1 1 1 1 1 1 1 3 1 |1 1 1 1 1 1 1 1 1 1 1 1 1 1 1 1 |1 1 1 1 1 1 1 1 1 1 1 1 1 1 1 1 |1 1 1 1 1 1 1 1 1 1 1 1 1 1 1 1 |1 1 1 1 1 1 1 2 2 3 1 1 1 4 1 1 |1 1 1 1 1 1 1 1 1 1 1 2 1 1 1 1 |1 1 1 1 5 1 1 1 4 1 1 1 1 1 1 1 |1 1 1 1 1 1 1 3 1 1 1 1 6 1 1 1 |1 1 1 1 1 1 1 1 1 1 1 8 1 1 1 1 |6 1 1 1 1 1 8 1 1 1 1 1 1 1 1 1 |1 6 1 1 1 1 1 1 1 1 1 1 1 1 12 2 |
16397: 3 1 1 1 5 1 1 1 1 1 1 8 1 1 1 1 |1 1 1 1 1 1 1 1 1 1 1 1 1 1 3 1 |1 1 1 1 1 1 1 1 1 1 1 1 1 1 1 1 |1 1 1 1 1 1 1 1 1 1 1 1 1 1 1 1 |1 1 1 1 1 1 1 1 1 1 1 1 1 1 1 1 |1 1 1 1 1 1 1 2 2 3 1 1 1 4 1 1 |1 1 1 1 1 1 1 1 1 1 1 2 1 1 1 1 |1 1 1 1 5 1 1 1 4 1 1 1 1 1 1 1 |1 1 1 1 1 1 1 3 1 1 1 1 6 1 1 1 |1 1 1 1 1 1 1 1 1 1 1 8 1 1 1 1 |6 1 1 1 1 1 8 1 1 1 1 1 1 1 1 1 |1 5 1 1 2 1 1 1 1 1 12 5 1 1 9 1 |
16408: 3 1 1 1 5 1 1 1 1 1 1 8 1 1 1 1 |1 1 1 1 1 1 1 1 1 1 1 1 1 1 3 1 |1 1 1 1 1 1 1 1 1 1 1 1 1 1 1 1 |1 1 1 1 1 1 1 1 1 1 1 1 1 1 1 1 |1 1 1 1 1 1 1 1 1 1 1 1 1 1 1 1 |1 1 1 1 1 1 1 2 2 3 1 1 1 4 1 1 |1 1 1 1 1 1 1 1 1 1 1 2 1 1 1 1 |1 1 1 1 5 1 1 1 4 1 1 1 1 1 1 1 |1 1 1 1 1 1 1 3 1 1 1 1 6 1 1 1 |1 1 1 1 1 1 1 1 1 1 1 8 1 1 1 1 |6 1 1 1 1 1 8 1 1 1 1 1 1 1 1 1 |1 5 1 1 2 1 1 1 1 1 12 5 1 1 9 1 |
16440: 3 1 1 1 1 1 1 1 1 1 5 6 1 1 1 1 |1 1 1 1 1 1 1 1 1 1 1 1 1 1 1 1 |1 1 1 1 1 1 1 1 1 1 1 1 1 1 1 1 |1 1 4 1 1 1 1 1 1 1 1 1 1 1 1 1 |1 1 1 1 1 1 1 1 1 1 1 1 1 1 1 1 |1 1 1 1 1 1 1 2 2 3 1 1 1 4 1 1 |1 1 1 1 1 1 1 1 1 1 1 2 1 1 1 1 |1 1 1 1 5 1 1 1 4 1 1 1 1 1 1 1 |1 1 1 1 1 1 1 3 1 1 1 1 6 1 1 1 |1 1 1 1 1 1 1 1 1 1 1 8 1 1 1 1 |6 1 1 1 1 1 8 1 1 1 1 1 1 1 1 1 |1 5 1 1 2 1 1 1 1 1 12 5 1 1 9 1 |
16451: 3 1 1 1 1 1 1 1 1 1 5 6 1 1 1 1 |1 1 1 1 1 1 1 1 1 1 1 1 1 1 1 1 |1 1 1 1 1 1 1 1 1 1 1 1 1 1 1 1 |1 1 4 1 1 1 1 1 1 1 1 1 1 1 1 1 |1 1 1 1 1 1 1 1 1 1 1 2 1 1 1 1 |1 1 1 1 1 1 2 1 2 1 1 1 1 4 1 1 |1 1 1 1 1 1 1 1 1 1 1 2 1 1 1 3 |1 1 1 5 7 6 1 1 1 1 1 1 6 1 1 5 |1 1 2 1 1 1 1 1 1 1 1 1 1 1 1 1 |1 1 2 7 1 1 1 1 1 1 1 10 2 6 1 1 |2 1 1 1 1 1 1 1 1 1 1 8 2 1 1 8 |1 5 1 1 2 1 1 1 1 1 12 5 1 1 9 1 |
16461: 3 1 1 1 1 1 1 1 1 1 5 6 1 1 1 1 |1 1 1 1 1 1 1 1 1 1 1 1 1 1 1 1 |1 1 1 1 1 1 1 1 1 1 1 1 1 1 1 1 |1 1 4 1 1 1 1 1 1 1 1 1 1 1 1 1 |1 1 1 1 1 1 1 1 1 1 1 2 1 1 1 1 |1 1 1 1 1 1 2 1 2 1 1 1 1 4 1 1 |1 1 1 1 1 1 1 1 1 1 1 2 1 1 1 3 |1 1 1 5 7 6 1 1 1 1 1 1 6 1 1 5 |1 1 2 1 1 1 1 1 1 1 1 1 1 1 1 1 |1 1 2 7 1 1 1 1 1 1 1 10 2 6 1 1 |2 1 1 1 1 1 1 1 1 1 1 8 2 1 1 8 |1 7 1 7 1 1 1 1 1 1 13 8 7 1 10 6 |
16472: 2 1 1 1 1 1 1 1 1 1 3 1 1 1 1 1 |1 1 1 1 1 1 1 1 1 1 1 1 1 1 1 1 |1 1 1 1 1 1 1 1 1 1 1 1 1 1 1 1 |1 1 4 1 1 1 1 1 1 1 1 1 1 1 1 1 |1 1 1 1 1 1 1 1 1 1 1 2 1 1 1 1 |1 1 1 1 1 1 2 1 2 1 1 1 1 4 1 1 |1 1 1 1 1 1 1 1 1 1 1 2 1 1 1 3 |1 1 1 5 7 6 1 1 1 1 1 1 6 1 1 5 |1 1 2 1 1 1 1 1 1 1 1 1 1 1 1 1 |1 1 2 7 1 1 1 1 1 1 1 10 2 6 1 1 |2 1 1 1 1 1 1 1 1 1 1 8 2 1 1 8 |1 7 1 7 1 1 1 1 1 1 13 8 7 1 10 6 |
16483: 2 1 1 1 1 1 1 1 1 1 3 1 1 1 1 1 |1 1 1 1 1 1 1 1 1 1 1 1 1 1 1 1 |1 1 1 1 1 1 1 1 1 1 1 1 1 1 1 1 |1 1 1 1 1 1 1 1 1 1 1 1 1 1 1 1 |1 1 1 1 1 1 1 1 1 1 1 1 1 1 1 1 |1 1 1 1 1 1 1 2 1 3 1 1 1 2 1 1 |4 1 1 1 1 1 1 1 1 1 1 1 1 1 1 1 |1 1 1 2 1 1 1 1 1 1 1 1 1 1 1 1 |1 1 6 1 1 1 1 6 1 1 1 1 1 1 1 1 |1 1 1 1 1 1 1 1 1 1 1 9 1 1 1 1 |2 1 1 1 1 1 1 1 1 1 1 8 2 1 1 8 |1 7 1 7 1 1 1 1 1 1 13 8 7 1 10 6 |
16493: 2 1 1 1 1 1 1 1 1 1 3 1 1 1 1 1 |1 1 1 1 1 1 1 1 1 1 1 1 1 1 1 1 |1 1 1 1 1 1 1 1 1 1 1 1 1 1 1 1 |1 1 1 1 1 1 1 1 1 1 1 1 1 1 1 1 |1 1 1 1 1 1 1 1 1 1 1 1 1 1 1 1 |1 1 1 1 1 1 1 2 1 3 1 1 1 2 1 1 |4 1 1 1 1 1 1 1 1 1 1 1 1 1 1 1 |1 1 1 2 1 1 1 1 1 1 1 1 1 1 1 1 |1 1 6 1 1 1 1 6 1 1 1 1 1 1 1 1 |1 1 1 1 1 1 1 1 1 1 1 9 1 1 1 1 |2 1 1 1 1 1 6 1 1 1 1 6 1 1 1 5 |1 1 1 5 1 1 1 1 1 1 5 1 8 1 3 1 |
16503: 1 1 1 1 1 1 1 1 1 1 5 5 1 1 1 1 |1 1 1 1 1 1 1 1 1 1 1 1 1 1 1 1 |1 1 1 1 1 1 1 1 1 1 1 1 1 1 1 1 |1 1 1 1 1 1 1 1 1 1 1 1 1 1 1 1 |1 1 1 1 1 1 1 1 1 1 1 1 1 1 1 1 |1 1 1 1 1 1 1 2 1 3 1 1 1 2 1 1 |4 1 1 1 1 1 1 1 1 1 1 1 1 1 1 1 |1 1 1 2 1 1 1 1 1 1 1 1 1 1 1 1 |1 1 6 1 1 1 1 6 1 1 1 1 1 1 1 1 |1 1 1 1 1 1 1 1 1 1 1 9 1 1 1 1 |2 1 1 1 1 1 6 1 1 1 1 6 1 1 1 5 |1 1 1 5 1 1 1 1 1 1 5 1 8 1 3 1 |
16514: 1 1 1 1 1 1 1 1 1 1 5 5 1 1 1 1 |1 1 1 1 1 1 1 1 1 1 1 1 1 1 1 1 |1 1 1 1 1 1 1 1 1 1 1 1 1 1 1 1 |1 1 1 1 1 1 1 1 1 1 1 1 1 1 1 1 |1 1 1 1 1 1 1 1 1 1 1 1 1 1 1 1 |1 1 1 1 5 8 1 4 1 2 1 1 1 3 1 1 |1 1 1 1 1 1 1 1 1 1 1 1 1 1 1 1 |1 1 1 1 6 2 1 1 1 1 1 1 1 1 1 1 |1 1 6 1 1 1 1 6 1 1 1 1 1 1 1 1 |1 1 1 1 1 1 1 1 1 1 1 9 1 1 1 1 |2 1 1 1 1 1 6 1 1 1 1 6 1 1 1 5 |1 1 1 5 1 1 1 1 1 1 5 1 8 1 3 1 |
16524: 1 1 1 1 1 1 1 1 1 1 5 5 1 1 1 1 |1 1 1 1 1 1 1 1 1 1 1 1 1 1 1 1 |1 1 1 1 1 1 1 1 1 1 1 1 1 1 1 1 |1 1 1 1 1 1 1 1 1 1 1 1 1 1 1 1 |1 1 1 1 1 1 1 1 1 1 1 1 1 1 1 1 |1 1 1 1 5 8 1 4 1 2 1 1 1 3 1 1 |1 1 1 1 1 1 1 1 1 1 1 1 1 1 1 1 |1 1 1 1 6 2 1 1 1 1 1 1 1 1 1 1 |1 1 2 1 1 1 1 7 1 1 1 1 1 1 1 1 |1 1 1 1 1 1 1 1 1 1 1 1 1 7 1 1 |5 1 1 1 1 1 1 1 1 1 1 8 1 4 1 1 |1 4 1 1 1 1 1 1 1 1 6 6 1 2 3 1 |
16534: 1 1 1 1 1 1 1 1 1 1 5 5 1 1 1 1 |1 1 1 1 1 1 1 1 1 1 1 1 1 1 1 1 |1 1 1 1 1 1 1 1 1 1 1 1 1 1 1 1 |1 1 1 1 1 1 1 1 1 1 1 1 1 1 1 1 |1 1 1 1 1 1 1 1 1 1 1 1 1 1 1 1 |1 1 1 1 5 8 1 4 1 2 1 1 1 3 1 1 |1 1 1 1 1 1 1 1 1 1 1 1 1 1 1 1 |1 1 1 1 6 2 1 1 1 1 1 1 1 1 1 1 |1 1 2 1 1 1 1 7 1 1 1 1 1 1 1 1 |1 1 1 1 1 1 1 1 1 1 1 1 1 7 1 1 |5 1 1 1 1 1 1 1 1 1 1 8 1 4 1 1 |1 4 1 1 1 1 1 1 1 1 6 6 1 2 3 1 |
16545: 4 1 1 1 2 1 1 1 1 1 1 1 1 1 1 1 |1 1 1 1 1 1 1 1 1 1 1 1 1 1 5 1 |1 1 1 1 1 1 1 1 1 1 1 1 1 1 1 1 |1 1 1 1 1 1 1 1 1 1 1 1 1 1 1 1 |1 1 1 1 1 1 1 1 1 1 1 1 1 1 1 1 |1 1 1 1 1 1 1 1 2 1 1 1 1 3 1 1 |1 1 1 1 1 1 1 1 1 1 1 1 1 1 1 1 |1 1 1 1 6 2 1 1 1 1 1 1 1 1 1 1 |1 1 2 1 1 1 1 7 1 1 1 1 1 1 1 1 |1 1 1 1 1 1 1 1 1 1 1 1 1 7 1 1 |5 1 1 1 1 1 1 1 1 1 1 8 1 4 1 1 |1 4 1 1 1 1 1 1 1 1 6 6 1 2 3 1 |
16555: 4 1 1 1 2 1 1 1 1 1 1 1 1 1 1 1 |1 1 1 1 1 1 1 1 1 1 1 1 1 1 5 1 |1 1 1 1 1 1 1 1 1 1 1 1 1 1 1 1 |1 1 1 1 1 1 1 1 1 1 1 1 1 1 1 1 |1 1 1 1 1 1 1 1 1 1 1 1 1 1 1 1 |1 1 1 1 1 1 1 1 2 1 1 1 1 3 1 1 |1 1 1 1 1 1 1 4 1 1 1 1 1 1 1 1 |1 1 1 1 7 1 1 1 1 1 1 1 1 1 1 1 |1 1 3 1 1 1 1 8 1 1 1 1 1 1 1 1 |1 1 1 1 1 1 1 1 1 1 1 10 1 1 1 1 |3 1 1 1 1 1 6 1 1 1 1 1 1 1 1 3 |1 5 1 6 2 1 6 1 1 1 12 3 1 1 3 1 |
16565: 4 1 1 1 2 1 1 1 1 1 1 1 1 1 1 1 |1 1 1 1 1 1 1 1 1 1 1 1 1 1 5 1 |1 1 1 1 1 1 1 1 1 1 1 1 1 1 1 1 |1 1 1 1 1 1 1 1 1 1 1 1 1 1 1 1 |1 1 1 1 1 1 1 1 1 1 1 1 1 1 1 1 |1 1 1 1 1 1 1 1 2 1 1 1 1 3 1 1 |1 1 1 1 1 1 1 4 1 1 1 1 1 1 1 1 |1 1 1 1 7 1 1 1 1 1 1 1 1 1 1 1 |1 1 3 1 1 1 1 8 1 1 1 1 1 1 1 1 |1 1 1 1 1 1 1 1 1 1 1 10 1 1 1 1 |3 1 1 1 1 1 6 1 1 1 1 1 1 1 1 3 |1 5 1 6 2 1 6 1 1 1 12 3 1 1 3 1 |
16577: 1 1 1 1 2 1 1 1 1 1 1 6 1 1 1 1 |1 1 4 3 1 1 1 1 1 1 1 1 1 1 5 1 |1 1 1 1 1 1 1 1 1 1 1 1 1 1 1 1 |1 1 1 1 1 1 1 1 1 1 1 1 1 1 1 1 |1 1 1 1 1 1 1 1 1 1 1 1 1 1 1 1 |1 1 1 1 1 1 1 1 2 1 1 1 1 3 1 1 |1 1 1 1 1 1 1 4 1 1 1 1 1 1 1 1 |1 1 1 1 7 1 1 1 1 1 1 1 1 1 1 1 |1 1 3 1 1 1 1 8 1 1 1 1 1 1 1 1 |1 1 1 1 1 1 1 1 1 1 1 10 1 1 1 1 |3 1 1 1 1 1 6 1 1 1 1 1 1 1 1 3 |1 5 1 6 2 1 6 1 1 1 12 3 1 1 3 1 |
16587: 1 1 1 1 2 1 1 1 1 1 1 6 1 1 1 1 |1 1 4 3 1 1 1 1 1 1 1 1 1 1 5 1 |1 1 1 1 1 1 1 1 1 1 1 1 1 1 1 1 |1 1 1 1 1 1 1 1 1 1 1 1 1 1 1 1 |1 1 1 1 1 1 1 1 1 1 1 1 1 1 1 1 |1 1 1 1 1 1 1 5 1 2 1 1 1 1 1 1 |1 1 1 1 1 1 1 9 1 1 1 1 1 1 1 1 |1 1 1 1 1 1 1 1 1 1 1 1 1 1 1 4 |1 1 1 1 1 1 1 8 1 1 1 1 1 1 1 1 |1 1 1 1 1 1 1 1 1 1 1 8 1 1 1 1 |4 1 1 1 1 1 1 1 1 1 1 6 3 1 1 3 |1 5 1 6 2 1 6 1 1 1 12 3 1 1 3 1 |
16598: 1 1 1 1 2 1 1 1 1 1 1 6 1 1 1 1 |1 1 4 3 1 1 1 1 1 1 1 1 1 1 5 1 |1 1 1 1 1 1 1 1 1 1 1 1 1 1 1 1 |1 1 1 1 1 1 1 1 1 1 1 1 1 1 1 1 |1 1 1 1 1 1 1 1 1 1 1 1 1 1 1 1 |1 1 1 1 1 1 1 5 1 2 1 1 1 1 1 1 |1 1 1 1 1 1 1 9 1 1 1 1 1 1 1 1 |1 1 1 1 1 1 1 1 1 1 1 1 1 1 1 4 |1 1 1 1 1 1 1 8 1 1 1 1 1 1 1 1 |1 1 1 1 1 1 1 1 1 1 1 8 1 1 1 1 |4 1 1 1 1 1 1 1 1 1 1 6 3 1 1 3 |1 1 1 1 1 1 1 1 1 1 13 1 1 1 9 7 |
16608: 3 1 1 1 3 1 1 1 1 1 7 7 1 1 1 1 |1 1 1 1 1 1 1 1 1 1 1 1 1 1 1 1 |1 1 1 1 1 1 1 1 1 1 1 1 1 1 1 1 |1 1 1 1 1 1 1 1 1 1 1 1 1 1 1 1 |1 1 1 1 1 1 1 1 1 1 1 1 1 1 1 1 |1 1 1 1 1 1 1 5 1 2 1 1 1 1 1 1 |1 1 1 1 1 1 1 9 1 1 1 1 1 1 1 1 |1 1 1 1 1 1 1 1 1 1 1 1 1 1 1 4 |1 1 1 1 1 1 1 8 1 1 1 1 1 1 1 1 |1 1 1 1 1 1 1 1 1 1 1 8 1 1 1 1 |4 1 1 1 1 1 1 1 1 1 1 6 3 1 1 3 |1 1 1 1 1 1 1 1 1 1 13 1 1 1 9 7 |
16619: 3 1 1 1 3 1 1 1 1 1 7 7 1 1 1 1 |1 1 1 1 1 1 1 1 1 1 1 1 1 1 1 1 |1 1 1 1 1 1 1 1 1 1 1 1 1 1 1 1 |1 1 1 1 1 1 1 1 1 1 1 1 1 1 1 1 |1 1 1 1 1 1 1 1 1 1 1 1 1 1 1 1 |1 1 1 1 1 1 2 4 1 1 1 1 1 1 1 1 |1 1 1 1 1 1 1 1 1 1 1 1 1 1 1 1 |1 1 1 2 6 2 1 1 1 1 1 1 1 1 1 3 |1 1 1 1 7 1 1 8 1 1 1 1 1 1 1 1 |1 1 1 8 1 1 1 1 1 1 1 9 2 1 1 1 |3 1 1 1 1 1 1 1 1 1 1 4 1 1 1 1 |1 1 1 1 1 1 1 1 1 1 9 1 10 1 9 1 |
16630: 3 1 1 1 3 1 1 1 1 1 7 7 1 1 1 1 |1 1 1 1 1 1 1 1 1 1 1 1 1 1 1 1 |1 1 1 1 1 1 1 1 1 1 1 1 1 1 1 1 |1 1 1 1 1 1 1 1 1 1 1 1 1 1 1 1 |1 1 1 1 1 1 1 1 1 1 1 1 1 1 1 1 |1 1 1 1 1 1 2 4 1 1 1 1 1 1 1 1 |1 1 1 1 1 1 1 1 1 1 1 1 1 1 1 1 |1 1 1 2 6 2 1 1 1 1 1 1 1 1 1 3 |1 1 1 1 7 1 1 8 1 1 1 1 1 1 1 1 |1 1 1 8 1 1 1 1 1 1 1 9 2 1 1 1 |3 1 1 1 1 1 1 1 1 1 1 4 1 1 1 1 |1 1 1 1 1 1 1 1 1 1 9 1 10 1 9 1 |
16641: 2 1 1 1 1 1 1 1 1 1 3 4 1 1 1 1 |1 1 1 1 1 1 1 1 1 1 1 1 1 1 1 1 |1 1 1 1 1 1 1 1 1 1 1 1 1 1 1 1 |1 1 1 1 1 1 1 1 1 1 1 1 1 1 1 1 |1 1 1 1 1 1 1 1 1 1 1 1 1 1 1 1 |1 1 1 1 1 1 2 4 1 1 1 1 1 1 1 1 |1 1 1 1 1 1 1 1 1 1 1 1 1 1 1 1 |1 1 1 2 6 2 1 1 1 1 1 1 1 1 1 3 |1 1 1 1 7 1 1 8 1 1 1 1 1 1 1 1 |1 1 1 8 1 1 1 1 1 1 1 9 2 1 1 1 |3 1 1 1 1 1 1 1 1 1 1 4 1 1 1 1 |1 1 1 1 1 1 1 1 1 1 9 1 10 1 9 1 |
16652: 2 1 1 1 1 1 1 1 1 1 3 4 1 1 1 1 |1 1 2 1 1 1 1 1 1 1 1 1 1 1 5 1 |1 1 1 1 1 1 1 1 1 1 1 1 1 1 1 1 |1 1 1 1 1 1 1 1 1 1 1 1 1 1 1 1 |1 1 1 1 1 1 1 1 1 1 1 1 1 4 1 1 |1 1 1 1 1 1 1 9 2 1 1 1 1 3 1 1 |1 1 1 1 1 1 1 1 1 1 1 1 1 1 1 1 |1 1 1 1 6 1 1 1 6 1 1 1 1 1 1 1 |1 1 2 1 1 1 1 7 1 1 1 1 1 1 1 1 |1 1 1 1 1 1 7 1 1 1 1 8 1 1 1 1 |3 1 1 1 1 1 1 1 1 1 1 4 1 1 1 1 |1 1 1 1 1 1 1 1 1 1 9 1 10 1 9 1 |
16663: 2 1 1 1 1 1 1 1 1 1 3 4 1 1 1 1 |1 1 2 1 1 1 1 1 1 1 1 1 1 1 5 1 |1 1 1 1 1 1 1 1 1 1 1 1 1 1 1 1 |1 1 1 1 1 1 1 1 1 1 1 1 1 1 1 1 |1 1 1 1 1 1 1 1 1 1 1 1 1 4 1 1 |1 1 1 1 1 1 1 9 2 1 1 1 1 3 1 1 |1 1 1 1 1 1 1 1 1 1 1 1 1 1 1 1 |1 1 1 1 6 1 1 1 6 1 1 1 1 1 1 1 |1 1 2 1 1 1 1 7 1 1 1 1 1 1 1 1 |1 1 1 1 1 1 7 1 1 1 1 8 1 1 1 1 |3 1 1 1 1 1 8 1 1 1 1 6 3 1 1 1 |1 4 1 1 1 1 1 1 1 1 7 1 1 1 5 1 |
16674: 4 1 1 1 1 1 1 1 1 1 1 6 1 1 1 1 |1 1 2 1 1 1 1 1 1 1 1 1 1 1 5 1 |1 1 1 1 1 1 1 1 1 1 1 1 1 1 1 1 |1 1 1 1 1 1 1 1 1 1 1 1 1 1 1 1 |1 1 1 1 1 1 1 1 1 1 1 1 1 4 1 1 |1 1 1 1 1 1 1 9 2 1 1 1 1 3 1 1 |1 1 1 1 1 1 1 1 1 1 1 1 1 1 1 1 |1 1 1 1 6 1 1 1 6 1 1 1 1 1 1 1 |1 1 2 1 1 1 1 7 1 1 1 1 1 1 1 1 |1 1 1 1 1 1 7 1 1 1 1 8 1 1 1 1 |3 1 1 1 1 1 8 1 1 1 1 6 3 1 1 1 |1 4 1 1 1 1 1 1 1 1 7 1 1 1 5 1 |
16684: 4 1 1 1 1 1 1 1 1 1 1 6 1 1 1 1 |1 1 1 1 7 1 1 1 1 1 1 1 1 1 3 1 |1 1 1 1 1 1 1 1 1 1 1 1 1 1 1 1 |1 1 1 1 1 1 1 1 1 1 1 1 1 1 1 1 |1 1 1 1 1 1 1 1 1 1 1 1 1 2 1 1 |1 1 1 1 1 1 1 1 1 1 1 1 1 3 1 1 |1 1 1 1 1 1 1 1 1 1 1 1 1 1 1 1 |1 1 1 1 1 6 1 1 1 1 1 1 1 1 1 4 |1 1 2 1 1 1 1 7 1 1 1 1 1 1 1 1 |1 1 1 1 1 1 7 1 1 1 1 8 1 1 1 1 |3 1 1 1 1 1 8 1 1 1 1 6 3 1 1 1 |1 4 1 1 1 1 1 1 1 1 7 1 1 1 5 1 |
16695: 4 1 1 1 1 1 1 1 1 1 1 6 1 1 1 1 |1 1 1 1 7 1 1 1 1 1 1 1 1 1 3 1 |1 1 1 1 1 1 1 1 1 1 1 1 1 1 1 1 |1 1 1 1 1 1 1 1 1 1 1 1 1 1 1 1 |1 1 1 1 1 1 1 1 1 1 1 1 1 2 1 1 |1 1 1 1 1 1 1 1 1 1 1 1 1 3 1 1 |1 1 1 1 1 1 1 1 1 1 1 1 1 1 1 1 |1 1 1 1 1 6 1 1 1 1 1 1 1 1 1 4 |1 1 1 1 1 1 1 7 1 1 1 1 1 1 1 1 |1 1 1 1 1 1 1 1 1 1 1 7 1 7 1 1 |2 1 1 1 1 1 6 1 1 1 1 1 1 1 1 3 |1 1 1 1 1 1 2 1 1 1 13 7 7 1 1 1 |
16706: 1 1 1 4 1 1 1 1 1 1 7 3 1 1 1 1 |1 1 1 1 7 1 1 1 1 1 1 1 1 1 3 1 |1 1 1 1 1 1 1 1 1 1 1 1 1 1 1 1 |1 1 1 1 1 1 1 1 1 1 1 1 1 1 1 1 |1 1 1 1 1 1 1 1 1 1 1 1 1 2 1 1 |1 1 1 1 1 1 1 1 1 1 1 1 1 3 1 1 |1 1 1 1 1 1 1 1 1 1 1 1 1 1 1 1 |1 1 1 1 1 6 1 1 1 1 1 1 1 1 1 4 |1 1 1 1 1 1 1 7 1 1 1 1 1 1 1 1 |1 1 1 1 1 1 1 1 1 1 1 7 1 7 1 1 |2 1 1 1 1 1 6 1 1 1 1 1 1 1 1 3 |1 1 1 1 1 1 2 1 1 1 13 7 7 1 1 1 |
16717: 1 1 1 4 1 1 1 1 1 1 7 3 1 1 1 1 |1 1 1 1 1 1 1 1 1 1 1 1 1 1 1 1 |1 1 1 1 1 1 1 1 1 1 1 1 1 1 1 1 |1 1 1 1 1 1 1 1 1 1 1 1 1 1 1 1 |1 1 1 1 1 1 1 1 1 1 1 1 1 1 1 1 |1 3 1 1 1 1 2 1 1 1 1 1 1 3 1 1 |1 1 1 1 1 1 1 1 1 1 1 1 1 1 1 1 |1 1 1 1 5 1 1 1 4 1 1 1 1 1 1 1 |1 1 1 1 8 1 1 9 1 1 1 1 1 1 1 1 |1 1 1 1 1 1 1 1 1 1 1 7 1 7 1 1 |2 1 1 1 1 1 6 1 1 1 1 1 1 1 1 3 |1 1 1 1 1 1 2 1 1 1 13 7 7 1 1 1 |
16728: 1 1 1 4 1 1 1 1 1 1 7 3 1 1 1 1 |1 1 1 1 1 1 1 1 1 1 1 1 1 1 1 1 |1 1 1 1 1 1 1 1 1 1 1 1 1 1 1 1 |1 1 1 1 1 1 1 1 1 1 1 1 1 1 1 1 |1 1 1 1 1 1 1 1 1 1 1 1 1 1 1 1 |1 3 1 1 1 1 2 1 1 1 1 1 1 3 1 1 |1 1 1 1 1 1 1 1 1 1 1 1 1 1 1 1 |1 1 1 1 5 1 1 1 4 1 1 1 1 1 1 1 |1 1 1 1 8 1 1 9 1 1 1 1 1 1 1 1 |1 1 1 1 2 1 1 2 1 1 1 9 2 1 1 1 |4 1 1 1 1 1 1 1 1 1 1 7 2 1 1 2 |1 5 1 1 1 1 1 2 1 1 1 1 8 1 1 8 |
16738: 1 1 1 4 1 1 1 1 1 1 7 3 1 1 1 1 |1 1 1 1 1 1 1 1 1 1 1 1 1 1 1 1 |1 1 1 1 1 1 1 1 1 1 1 1 1 1 1 1 |1 1 1 1 1 1 1 1 1 1 1 1 1 1 1 1 |1 1 1 1 1 1 1 1 1 1 1 1 1 1 1 1 |1 3 1 1 1 1 2 1 1 1 1 1 1 3 1 1 |1 1 1 1 1 1 1 1 1 1 1 1 1 1 1 1 |1 1 1 1 5 1 1 1 4 1 1 1 1 1 1 1 |1 1 1 1 8 1 1 9 1 1 1 1 1 1 1 1 |1 1 1 1 2 1 1 2 1 1 1 9 2 1 1 1 |4 1 1 1 1 1 1 1 1 1 1 7 2 1 1 2 |1 5 1 1 1 1 1 2 1 1 1 1 8 1 1 8 |
16749: 2 1 1 1 1 1 1 1 1 1 3 7 1 1 1 1 |1 1 1 2 1 1 1 1 1 1 1 1 1 1 5 1 |1 1 1 1 1 1 1 1 1 1 1 1 1 1 1 1 |1 1 1 1 1 1 1 1 1 1 1 1 1 1 1 1 |1 1 1 1 1 1 1 1 1 1 1 1 1 4 1 1 |1 1 1 1 1 1 1 1 2 1 1 1 1 2 1 1 |1 1 1 1 1 1 1 5 1 1 1 1 1 1 1 1 |1 1 1 1 5 1 1 1 4 1 1 1 1 1 1 1 |1 1 1 1 8 1 1 9 1 1 1 1 1 1 1 1 |1 1 1 1 2 1 1 2 1 1 1 9 2 1 1 1 |4 1 1 1 1 1 1 1 1 1 1 7 2 1 1 2 |1 5 1 1 1 1 1 2 1 1 1 1 8 1 1 8 |
16760: 2 1 1 1 1 1 1 1 1 1 3 7 1 1 1 1 |1 1 1 2 1 1 1 1 1 1 1 1 1 1 5 1 |1 1 1 1 1 1 1 1 1 1 1 1 1 1 1 1 |1 1 1 1 1 1 1 1 1 1 1 1 1 1 1 1 |1 1 1 1 1 1 1 1 1 1 1 1 1 4 1 1 |1 1 1 1 1 1 1 1 2 1 1 1 1 2 1 1 |1 1 1 1 1 1 1 5 1 1 1 1 1 1 1 1 |1 1 1 2 6 1 1 1 1 1 1 1 1 1 1 5 |1 1 3 1 1 1 6 2 1 1 1 1 1 1 1 1 |1 1 1 1 2 1 1 1 1 1 1 9 1 1 1 1 |1 2 1 1 1 1 5 1 1 1 1 9 3 1 1 9 |1 7 1 1 1 1 1 1 1 1 4 1 11 1 2 2 |
16770: 2 1 1 1 1 1 1 1 1 1 3 7 1 1 1 1 |1 1 1 2 1 1 1 1 1 1 1 1 1 1 5 1 |1 1 1 1 1 1 1 1 1 1 1 1 1 1 1 1 |1 1 1 1 1 1 1 1 1 1 1 1 1 1 1 1 |1 1 1 1 1 1 1 1 1 1 1 1 1 4 1 1 |1 1 1 1 1 1 1 1 2 1 1 1 1 2 1 1 |1 1 1 1 1 1 1 5 1 1 1 1 1 1 1 1 |1 1 1 2 6 1 1 1 1 1 1 1 1 1 1 5 |1 1 3 1 1 1 6 2 1 1 1 1 1 1 1 1 |1 1 1 1 2 1 1 1 1 1 1 9 1 1 1 1 |1 2 1 1 1 1 5 1 1 1 1 9 3 1 1 9 |1 7 1 1 1 1 1 1 1 1 4 1 11 1 2 2 |
16781: 1 1 1 1 1 1 1 1 1 1 1 3 1 1 1 1 |1 1 4 3 2 1 1 1 1 1 1 1 1 1 5 1 |1 1 1 1 1 1 1 1 1 1 1 1 1 1 1 1 |1 1 1 1 1 1 1 1 1 1 1 1 1 1 1 1 |1 1 1 1 1 1 1 1 1 1 1 1 1 2 1 1 |1 1 1 1 1 1 1 1 2 1 1 1 1 2 1 1 |1 1 1 1 1 1 1 5 1 1 1 1 1 1 1 1 |1 1 1 2 6 1 1 1 1 1 1 1 1 1 1 5 |1 1 3 1 1 1 6 2 1 1 1 1 1 1 1 1 |1 1 1 1 2 1 1 1 1 1 1 9 1 1 1 1 |1 2 1 1 1 1 5 1 1 1 1 9 3 1 1 9 |1 7 1 1 1 1 1 1 1 1 4 1 11 1 2 2 |
16792: 1 1 1 1 1 1 1 1 1 1 1 3 1 1 1 1 |1 1 4 3 2 1 1 1 1 1 1 1 1 1 5 1 |1 1 1 1 1 1 1 1 1 1 1 1 1 1 1 1 |1 1 1 1 1 1 1 1 1 1 1 1 1 1 1 1 |1 1 1 1 1 1 1 1 1 1 1 1 1 2 1 1 |1 1 1 1 1 1 1 3 1 2 1 1 1 2 1 1 |1 1 1 1 1 1 1 1 1 1 1 1 1 1 1 1 |1 1 1 1 1 1 1 1 4 1 1 1 1 1 1 1 |1 1 2 1 1 1 1 6 1 1 1 1 1 1 1 1 |1 1 1 1 1 1 5 2 1 1 1 1 1 8 1 1 |4 1 1 3 1 1 8 1 1 1 1 6 9 1 1 8 |1 11 1 1 5 1 3 1 1 1 7 7 5 1 1 1 |
16803: 1 1 1 1 1 1 1 1 1 1 1 3 1 1 1 1 |1 1 4 3 2 1 1 1 1 1 1 1 1 1 5 1 |1 1 1 1 1 1 1 1 1 1 1 1 1 1 1 1 |1 1 1 1 1 1 1 1 1 1 1 1 1 1 1 1 |1 1 1 1 1 1 1 1 1 1 1 1 1 2 1 1 |1 1 1 1 1 1 1 3 1 2 1 1 1 2 1 1 |1 1 1 1 1 1 1 1 1 1 1 1 1 1 1 1 |1 1 1 1 1 1 1 1 4 1 1 1 1 1 1 1 |1 1 2 1 1 1 1 6 1 1 1 1 1 1 1 1 |1 1 1 1 1 1 5 2 1 1 1 1 1 8 1 1 |4 1 1 3 1 1 8 1 1 1 1 6 9 1 1 8 |1 11 1 1 5 1 3 1 1 1 7 7 5 1 1 1 |
16815: 1 1 1 1 1 1 1 1 1 1 6 1 1 1 1 1 |1 1 6 1 1 1 1 1 1 1 1 1 1 1 1 1 |1 1 1 1 1 1 1 1 1 1 1 1 1 1 1 1 |1 1 3 1 1 1 1 1 1 1 1 1 1 1 1 1 |1 1 1 1 1 1 1 1 1 1 1 1 1 1 1 1 |1 1 1 1 8 1 2 5 1 1 1 1 1 1 1 1 |1 1 1 1 1 1 1 1 1 1 1 1 1 1 1 1 |1 1 1 1 1 1 1 1 4 1 1 1 1 1 1 1 |1 1 2 1 1 1 1 6 1 1 1 1 1 1 1 1 |1 1 1 1 1 1 5 2 1 1 1 1 1 8 1 1 |4 1 1 3 1 1 8 1 1 1 1 6 9 1 1 8 |1 11 1 1 5 1 3 1 1 1 7 7 5 1 1 1 |
16825: 1 1 1 1 1 1 1 1 1 1 6 1 1 1 1 1 |1 1 6 1 1 1 1 1 1 1 1 1 1 1 1 1 |1 1 1 1 1 1 1 1 1 1 1 1 1 1 1 1 |1 1 3 1 1 1 1 1 1 1 1 1 1 1 1 1 |1 1 1 1 1 1 1 1 1 1 1 1 1 1 1 1 |1 1 1 1 8 1 2 5 1 1 1 1 1 1 1 1 |1 1 1 1 1 1 1 1 1 1 1 1 1 1 1 1 |1 1 1 1 1 1 1 1 1 1 1 1 1 1 1 1 |1 1 1 1 1 1 1 8 1 1 6 1 1 1 1 12 |1 1 1 1 1 1 1 1 1 1 1 8 1 1 1 1 |4 1 1 1 1 1 6 1 1 1 1 6 3 1 1 9 |1 5 1 1 1 1 1 1 1 1 13 2 8 1 9 2 |
16836: 1 1 1 1 1 1 1 1 1 1 6 1 1 1 1 1 |1 1 6 1 1 1 1 1 1 1 1 1 1 1 1 1 |1 1 1 1 1 1 1 1 1 1 1 1 1 1 1 1 |1 1 3 1 1 1 1 1 1 1 1 1 1 1 1 1 |1 1 1 1 1 1 1 1 1 1 1 1 1 1 1 1 |1 1 1 1 8 1 2 5 1 1 1 1 1 1 1 1 |1 1 1 1 1 1 1 1 1 1 1 1 1 1 1 1 |1 1 1 1 1 1 1 1 1 1 1 1 1 1 1 1 |1 1 1 1 1 1 1 8 1 1 6 1 1 1 1 12 |1 1 1 1 1 1 1 1 1 1 1 8 1 1 1 1 |4 1 1 1 1 1 6 1 1 1 1 6 3 1 1 9 |1 5 1 1 1 1 1 1 1 1 13 2 8 1 9 2 |
16847: 1 1 1 1 1 1 1 1 1 1 1 8 1 1 1 1 |1 1 6 1 1 1 1 1 1 1 1 1 1 1 3 1 |1 1 1 1 1 1 1 1 1 1 1 1 1 1 1 1 |1 1 1 1 1 1 1 1 1 1 1 1 1 1 1 1 |1 1 1 1 1 1 1 1 1 1 1 1 1 1 1 1 |1 1 1 1 8 1 2 5 1 1 1 1 1 1 1 1 |1 1 1 1 1 1 1 1 1 1 1 1 1 1 1 1 |1 1 1 1 1 1 1 1 1 1 1 1 1 1 1 1 |1 1 1 1 1 1 1 8 1 1 6 1 1 1 1 12 |1 1 1 1 1 1 1 1 1 1 1 8 1 1 1 1 |4 1 1 1 1 1 6 1 1 1 1 6 3 1 1 9 |1 5 1 1 1 1 1 1 1 1 13 2 8 1 9 2 |
16858: 1 1 1 1 1 1 1 1 1 1 1 8 1 1 1 1 |1 1 6 1 1 1 1 1 1 1 1 1 1 1 3 1 |1 1 1 1 1 1 1 1 1 1 1 1 1 1 1 1 |1 1 1 1 1 1 1 1 1 1 1 1 1 1 1 1 |1 1 1 1 1 1 1 1 1 1 1 1 1 1 1 1 |1 1 1 1 1 1 1 4 1 2 1 1 1 1 1 1 |1 1 1 1 1 1 1 1 1 1 1 1 1 1 1 1 |1 1 1 12 3 1 1 1 5 1 1 1 1 1 1 3 |1 1 1 1 1 1 1 8 1 1 1 1 5 1 1 1 |1 1 1 4 1 1 1 1 1 1 1 10 2 1 1 1 |1 1 1 1 1 1 7 1 1 1 1 1 1 1 2 1 |1 13 1 1 7 1 1 1 1 1 12 3 11 1 2 8 |
16868: 1 1 1 1 1 1 1 1 1 1 1 8 1 1 1 1 |1 1 6 1 1 1 1 1 1 1 1 1 1 1 3 1 |1 1 1 1 1 1 1 1 1 1 1 1 1 1 1 1 |1 1 1 1 1 1 1 1 1 1 1 1 1 1 1 1 |1 1 1 1 1 1 1 1 1 1 1 1 1 1 1 1 |1 1 1 1 1 1 1 4 1 2 1 1 1 1 1 1 |1 1 1 1 1 1 1 1 1 1 1 1 1 1 1 1 |1 1 1 12 3 1 1 1 5 1 1 1 1 1 1 3 |1 1 1 1 1 1 1 8 1 1 1 1 5 1 1 1 |1 1 1 4 1 1 1 1 1 1 1 10 2 1 1 1 |1 1 1 1 1 1 7 1 1 1 1 1 1 1 2 1 |1 13 1 1 7 1 1 1 1 1 12 3 11 1 2 8 |
16879: 1 1 1 1 1 1 1 1 1 1 5 2 1 1 1 1 |1 1 5 2 1 1 1 1 1 1 1 1 1 1 3 1 |1 1 1 1 1 1 1 1 1 1 1 1 1 1 1 1 |1 1 1 1 1 1 1 1 1 1 1 1 1 1 1 1 |1 1 1 1 1 1 1 1 1 1 1 1 1 1 1 1 |1 1 1 1 1 1 1 4 1 2 1 1 1 1 1 1 |1 1 1 1 1 1 1 1 1 1 1 1 1 1 1 1 |1 1 1 12 3 1 1 1 5 1 1 1 1 1 1 3 |1 1 1 1 1 1 1 8 1 1 1 1 5 1 1 1 |1 1 1 4 1 1 1 1 1 1 1 10 2 1 1 1 |1 1 1 1 1 1 7 1 1 1 1 1 1 1 2 1 |1 13 1 1 7 1 1 1 1 1 12 3 11 1 2 8 |
16890: 1 1 1 1 1 1 1 1 1 1 5 2 1 1 1 1 |1 1 5 2 1 1 1 1 1 1 1 1 1 1 3 1 |1 1 1 1 1 1 1 1 1 1 1 1 1 1 1 1 |1 1 3 1 1 1 1 1 1 1 1 1 1 1 1 1 |1 1 1 1 1 1 1 1 1 1 1 1 1 3 1 1 |1 1 1 1 1 1 2 3 1 1 1 1 1 2 1 1 |1 1 1 1 1 1 1 1 1 1 1 1 1 2 1 1 |1 1 1 1 6 2 1 1 1 1 1 1 1 1 1 1 |1 1 1 1 1 1 1 3 1 1 1 1 1 1 1 1 |1 1 1 1 1 1 1 1 1 1 1 8 1 1 1 1 |3 1 5 1 1 1 5 1 1 1 1 7 3 1 1 2 |1 1 1 1 1 1 1 1 1 1 15 1 2 1 10 2 |
16901: 1 1 1 1 1 1 1 1 1 1 5 2 1 1 1 1 |1 1 5 2 1 1 1 1 1 1 1 1 1 1 3 1 |1 1 1 1 1 1 1 1 1 1 1 1 1 1 1 1 |1 1 3 1 1 1 1 1 1 1 1 1 1 1 1 1 |1 1 1 1 1 1 1 1 1 1 1 1 1 3 1 1 |1 1 1 1 1 1 2 3 1 1 1 1 1 2 1 1 |1 1 1 1 1 1 1 1 1 1 1 1 1 2 1 1 |1 1 1 1 6 2 1 1 1 1 1 1 1 1 1 1 |1 1 1 1 1 1 1 3 1 1 1 1 1 1 1 1 |1 1 1 1 1 1 1 1 1 1 1 8 1 1 1 1 |3 1 5 1 1 1 5 1 1 1 1 7 3 1 1 2 |1 1 1 1 1 1 1 1 1 1 15 1 2 1 10 2 |
16912: 3 1 1 1 1 1 1 1 1 1 7 4 1 1 1 1 |1 1 1 1 1 1 1 1 1 1 1 1 1 1 1 1 |1 1 1 1 1 1 1 1 1 1 1 1 1 1 1 1 |1 1 3 1 1 1 1 1 1 1 1 1 1 1 1 1 |1 1 1 1 1 1 1 1 1 1 1 1 1 1 1 1 |1 1 1 1 1 1 2 3 1 1 1 1 1 2 1 1 |1 1 1 1 1 1 1 1 1 1 1 1 1 2 1 1 |1 1 1 1 6 2 1 1 1 1 1 1 1 1 1 1 |1 1 1 1 1 1 1 3 1 1 1 1 1 1 1 1 |1 1 1 1 1 1 1 1 1 1 1 8 1 1 1 1 |3 1 5 1 1 1 5 1 1 1 1 7 3 1 1 2 |1 1 1 1 1 1 1 1 1 1 15 1 2 1 10 2 |
16923: 3 1 1 1 1 1 1 1 1 1 7 4 1 1 1 1 |1 1 1 1 1 1 1 1 1 1 1 1 1 1 1 1 |1 1 1 1 1 1 1 1 1 1 1 1 1 1 1 1 |1 1 3 1 1 1 1 1 1 1 1 1 1 1 1 1 |1 1 1 1 1 1 1 1 1 1 1 1 1 1 1 1 |1 1 1 1 1 1 4 3 1 3 1 1 1 2 1 1 |1 1 1 1 1 1 1 1 1 1 1 1 1 1 1 1 |1 1 1 1 7 1 1 1 3 1 1 1 1 1 1 5 |1 1 2 5 1 1 1 8 1 1 1 1 1 1 1 1 |1 1 1 1 1 1 1 1 1 1 1 9 1 1 1 1 |4 1 1 1 1 1 9 1 1 1 1 5 1 1 1 10 |1 2 1 9 1 1 1 1 1 1 5 3 1 2 3 1 |
16933: 3 1 1 1 1 1 1 1 1 1 7 4 1 1 1 1 |1 1 1 1 1 1 1 1 1 1 1 1 1 1 1 1 |1 1 1 1 1 1 1 1 1 1 1 1 1 1 1 1 |1 1 3 1 1 1 1 1 1 1 1 1 1 1 1 1 |1 1 1 1 1 1 1 1 1 1 1 1 1 1 1 1 |1 1 1 1 1 1 4 3 1 3 1 1 1 2 1 1 |1 1 1 1 1 1 1 1 1 1 1 1 1 1 1 1 |1 1 1 1 7 1 1 1 3 1 1 1 1 1 1 5 |1 1 2 5 1 1 1 8 1 1 1 1 1 1 1 1 |1 1 1 1 1 1 1 1 1 1 1 9 1 1 1 1 |4 1 1 1 1 1 9 1 1 1 1 5 1 1 1 10 |1 2 1 9 1 1 1 1 1 1 5 3 1 2 3 1 |
16945: 3 1 1 1 5 1 1 1 1 1 4 5 1 1 1 1 |1 1 1 1 1 1 1 1 1 1 1 1 1 1 5 1 |1 1 1 1 1 1 1 1 1 1 1 1 1 1 1 1 |1 1 1 1 1 1 1 1 1 1 1 1 1 1 1 1 |1 1 1 1 1 1 1 1 1 1 1 1 1 1 1 1 |1 1 1 1 1 1 4 3 1 3 1 1 1 2 1 1 |1 1 1 1 1 1 1 1 1 1 1 1 1 1 1 1 |1 1 1 1 7 1 1 1 3 1 1 1 1 1 1 5 |1 1 2 5 1 1 1 8 1 1 1 1 1 1 1 1 |1 1 1 1 1 1 1 1 1 1 1 9 1 1 1 1 |4 1 1 1 1 1 9 1 1 1 1 5 1 1 1 10 |1 2 1 9 1 1 1 1 1 1 5 3 1 2 3 1 |
16955: 3 1 1 1 5 1 1 1 1 1 4 5 1 1 1 1 |1 1 1 1 1 1 1 1 1 1 1 1 1 1 5 1 |1 1 1 1 1 1 1 1 1 1 1 1 1 1 1 1 |1 1 1 1 1 1 1 1 1 1 1 1 1 1 1 1 |1 1 1 1 1 1 1 1 1 1 1 1 1 1 1 1 |1 1 1 1 1 1 1 2 3 2 1 1 1 5 1 1 |1 1 1 1 1 1 1 1 1 1 1 2 1 1 1 1 |1 1 1 1 4 2 1 1 4 1 1 1 1 1 1 4 |1 1 2 1 1 1 1 7 1 1 1 1 6 1 1 1 |1 1 1 1 1 1 1 1 1 1 1 9 1 1 1 1 |5 1 1 1 1 1 1 1 1 1 1 4 1 1 1 1 |1 2 1 9 1 1 1 1 1 1 5 3 1 2 3 1 |
16966: 3 1 1 1 5 1 1 1 1 1 4 5 1 1 1 1 |1 1 1 1 1 1 1 1 1 1 1 1 1 1 5 1 |1 1 1 1 1 1 1 1 1 1 1 1 1 1 1 1 |1 1 1 1 1 1 1 1 1 1 1 1 1 1 1 1 |1 1 1 1 1 1 1 1 1 1 1 1 1 1 1 1 |1 1 1 1 1 1 1 2 3 2 1 1 1 5 1 1 |1 1 1 1 1 1 1 1 1 1 1 2 1 1 1 1 |1 1 1 1 4 2 1 1 4 1 1 1 1 1 1 4 |1 1 2 1 1 1 1 7 1 1 1 1 6 1 1 1 |1 1 1 1 1 1 1 1 1 1 1 9 1 1 1 1 |5 1 1 1 1 1 1 1 1 1 1 4 1 1 1 1 |1 11 1 1 1 1 1 1 1 1 13 3 1 1 3 2 |
16978: 2 1 1 1 1 1 1 1 1 1 6 3 1 1 1 1 |1 1 5 1 2 1 1 1 1 1 1 1 1 1 3 1 |1 1 1 1 1 1 1 1 1 1 1 1 1 1 1 1 |1 1 1 1 1 1 1 1 1 1 1 1 1 1 1 1 |1 1 1 1 1 1 1 1 1 1 1 1 1 1 1 1 |1 1 1 1 1 1 1 2 3 2 1 1 1 5 1 1 |1 1 1 1 1 1 1 1 1 1 1 2 1 1 1 1 |1 1 1 1 4 2 1 1 4 1 1 1 1 1 1 4 |1 1 2 1 1 1 1 7 1 1 1 1 6 1 1 1 |1 1 1 1 1 1 1 1 1 1 1 9 1 1 1 1 |5 1 1 1 1 1 1 1 1 1 1 4 1 1 1 1 |1 11 1 1 1 1 1 1 1 1 13 3 1 1 3 2 |
16988: 2 1 1 1 1 1 1 1 1 1 6 3 1 1 1 1 |1 1 5 1 2 1 1 1 1 1 1 1 1 1 3 1 |1 1 1 1 1 1 1 1 1 1 1 1 1 1 1 1 |1 1 1 1 1 1 1 1 1 1 1 1 1 1 1 1 |1 1 1 1 1 1 1 1 1 1 1 1 1 1 1 1 |1 4 1 1 1 1 2 1 1 1 1 1 1 1 1 1 |1 1 1 1 1 1 1 1 1 1 1 1 1 1 1 1 |1 1 1 14 1 1 1 1 1 1 1 1 1 1 1 4 |1 1 3 1 1 1 1 8 1 1 12 1 1 1 1 5 |1 1 1 8 1 5 1 1 1 1 1 7 1 1 1 1 |2 1 1 1 1 1 7 1 1 1 1 5 1 1 1 10 |1 11 1 1 1 1 1 1 1 1 13 3 1 1 3 2 |
16999: 2 1 1 1 1 1 1 1 1 1 6 3 1 1 1 1 |1 1 5 1 2 1 1 1 1 1 1 1 1 1 3 1 |1 1 1 1 1 1 1 1 1 1 1 1 1 1 1 1 |1 1 1 1 1 1 1 1 1 1 1 1 1 1 1 1 |1 1 1 1 1 1 1 1 1 1 1 1 1 1 1 1 |1 4 1 1 1 1 2 1 1 1 1 1 1 1 1 1 |1 1 1 1 1 1 1 1 1 1 1 1 1 1 1 1 |1 1 1 14 1 1 1 1 1 1 1 1 1 1 1 4 |1 1 3 1 1 1 1 8 1 1 12 1 1 1 1 5 |1 1 1 8 1 5 1 1 1 1 1 7 1 1 1 1 |2 1 1 1 1 1 7 1 1 1 1 5 1 1 1 10 |1 7 1 2 1 1 1 1 1 1 5 8 2 1 5 1 |
17010: 3 1 1 1 1 1 1 1 1 1 8 4 1 1 1 1 |1 1 3 2 1 1 1 1 1 1 1 1 1 1 1 1 |1 1 1 1 1 1 1 1 1 1 1 1 1 1 1 1 |1 1 1 1 1 1 1 1 1 1 1 1 1 1 1 1 |1 1 1 1 1 1 1 1 1 1 1 1 1 1 1 1 |1 4 1 1 1 1 2 1 1 1 1 1 1 1 1 1 |1 1 1 1 1 1 1 1 1 1 1 1 1 1 1 1 |1 1 1 14 1 1 1 1 1 1 1 1 1 1 1 4 |1 1 3 1 1 1 1 8 1 1 12 1 1 1 1 5 |1 1 1 8 1 5 1 1 1 1 1 7 1 1 1 1 |2 1 1 1 1 1 7 1 1 1 1 5 1 1 1 10 |1 7 1 2 1 1 1 1 1 1 5 8 2 1 5 1 |
17021: 3 1 1 1 1 1 1 1 1 1 8 4 1 1 1 1 |1 1 3 2 1 1 1 1 1 1 1 1 1 1 1 1 |1 1 1 1 1 1 1 1 1 1 1 1 1 1 1 1 |1 1 1 1 1 1 1 1 1 1 1 1 1 1 1 1 |1 1 1 1 1 1 1 1 1 1 1 1 1 1 1 1 |1 1 1 1 1 1 4 1 1 1 1 1 1 3 1 1 |1 1 1 1 1 1 1 1 1 1 1 1 1 1 1 1 |1 1 1 1 5 4 1 1 4 1 1 1 1 1 1 4 |1 1 1 14 1 1 1 8 1 1 1 1 1 1 1 1 |1 1 1 1 1 1 1 2 1 1 1 9 1 1 1 1 |2 1 1 1 1 1 7 1 1 1 1 5 1 1 1 10 |1 7 1 2 1 1 1 1 1 1 5 8 2 1 5 1 |
17032: 3 1 1 1 1 1 1 1 1 1 8 4 1 1 1 1 |1 1 3 2 1 1 1 1 1 1 1 1 1 1 1 1 |1 1 1 1 1 1 1 1 1 1 1 1 1 1 1 1 |1 1 1 1 1 1 1 1 1 1 1 1 1 1 1 1 |1 1 1 1 1 1 1 1 1 1 1 1 1 1 1 1 |1 1 1 1 1 1 4 1 1 1 1 1 1 3 1 1 |1 1 1 1 1 1 1 1 1 1 1 1 1 1 1 1 |1 1 1 1 5 4 1 1 4 1 1 1 1 1 1 4 |1 1 1 14 1 1 1 8 1 1 1 1 1 1 1 1 |1 1 1 1 1 1 1 2 1 1 1 9 1 1 1 1 |3 1 1 1 1 1 5 1 1 1 1 9 3 1 1 10 |1 6 1 1 3 1 1 2 1 1 7 8 3 1 4 2 |
17043: 3 1 1 1 1 1 1 1 1 1 8 4 1 1 1 1 |1 1 3 2 1 1 1 1 1 1 1 1 1 1 1 1 |1 1 1 1 1 1 1 1 1 1 1 1 1 1 1 1 |1 1 1 1 1 1 1 1 1 1 1 1 1 1 1 1 |1 1 1 1 1 1 1 1 1 1 1 1 1 1 1 1 |1 1 1 1 1 1 4 1 1 1 1 1 1 3 1 1 |1 1 1 1 1 1 1 1 1 1 1 1 1 1 1 1 |1 1 1 1 5 4 1 1 4 1 1 1 1 1 1 4 |1 1 1 14 1 1 1 8 1 1 1 1 1 1 1 1 |1 1 1 1 1 1 1 2 1 1 1 9 1 1 1 1 |3 1 1 1 1 1 5 1 1 1 1 9 3 1 1 10 |1 6 1 1 3 1 1 2 1 1 7 8 3 1 4 2 |
17075: 3 1 1 1 1 1 1 1 1 1 1 6 1 1 1 1 |1 1 1 1 1 1 1 1 1 1 1 1 1 1 1 1 |1 1 1 1 1 1 1 1 1 1 1 1 1 1 1 2 |1 1 5 1 1 1 1 1 1 1 1 1 1 1 1 1 |1 1 1 1 1 1 1 1 1 1 1 1 1 3 1 1 |1 1 1 1 1 1 3 1 1 1 1 1 1 1 1 1 |1 1 1 1 1 1 1 1 1 1 1 1 1 1 1 1 |1 1 1 1 5 4 1 1 4 1 1 1 1 1 1 4 |1 1 1 14 1 1 1 8 1 1 1 1 1 1 1 1 |1 1 1 1 1 1 1 2 1 1 1 9 1 1 1 1 |3 1 1 1 1 1 5 1 1 1 1 9 3 1 1 10 |1 6 1 1 3 1 1 2 1 1 7 8 3 1 4 2 |
17087: 3 1 1 1 1 1 1 1 1 1 1 6 1 1 1 1 |1 1 1 1 1 1 1 1 1 1 1 1 1 1 1 1 |1 1 1 1 1 1 1 1 1 1 1 1 1 1 1 2 |1 1 5 1 1 1 1 1 1 1 1 1 1 1 1 1 |1 1 1 1 1 1 1 1 1 1 1 1 1 3 1 1 |1 1 1 1 1 1 3 1 1 1 1 1 1 1 1 1 |1 1 1 1 1 1 1 1 1 1 1 1 1 1 1 3 |1 1 1 3 1 1 1 1 1 1 1 1 5 1 1 5 |1 1 2 1 1 1 1 2 1 1 11 1 4 1 1 5 |1 1 1 1 1 1 1 1 1 1 1 1 1 1 1 1 |2 1 1 1 1 1 5 1 1 1 1 8 1 1 2 7 |1 12 1 10 3 1 1 1 1 1 4 1 8 1 9 1 |
17098: 3 1 1 1 1 1 1 1 1 1 1 6 1 1 1 1 |1 1 1 1 1 1 1 1 1 1 1 1 1 1 1 1 |1 1 1 1 1 1 1 1 1 1 1 1 1 1 1 2 |1 1 5 1 1 1 1 1 1 1 1 1 1 1 1 1 |1 1 1 1 1 1 1 1 1 1 1 1 1 3 1 1 |1 1 1 1 1 1 3 1 1 1 1 1 1 1 1 1 |1 1 1 1 1 1 1 1 1 1 1 1 1 1 1 3 |1 1 1 3 1 1 1 1 1 1 1 1 5 1 1 5 |1 1 2 1 1 1 1 2 1 1 11 1 4 1 1 5 |1 1 1 1 1 1 1 1 1 1 1 1 1 1 1 1 |2 1 1 1 1 1 5 1 1 1 1 8 1 1 2 7 |1 12 1 10 3 1 1 1 1 1 4 1 8 1 9 1 |
17108: 3 1 1 1 3 1 1 1 1 1 1 1 1 1 1 1 |1 1 5 9 1 1 1 1 1 1 1 1 1 1 4 1 |1 1 1 1 1 1 1 1 1 1 1 1 1 1 1 1 |1 1 5 1 1 1 1 1 1 1 1 1 1 1 1 1 |1 1 1 1 1 1 1 1 1 1 1 1 1 3 1 1 |1 1 1 1 1 1 3 1 1 1 1 1 1 1 1 1 |1 1 1 1 1 1 1 1 1 1 1 1 1 1 1 3 |1 1 1 3 1 1 1 1 1 1 1 1 5 1 1 5 |1 1 2 1 1 1 1 2 1 1 11 1 4 1 1 5 |1 1 1 1 1 1 1 1 1 1 1 1 1 1 1 1 |2 1 1 1 1 1 5 1 1 1 1 8 1 1 2 7 |1 12 1 10 3 1 1 1 1 1 4 1 8 1 9 1 |
17120: 3 1 1 1 3 1 1 1 1 1 1 1 1 1 1 1 |1 1 5 9 1 1 1 1 1 1 1 1 1 1 4 1 |1 1 1 1 1 1 1 1 1 1 1 1 1 1 1 1 |1 1 1 1 1 1 1 1 1 1 1 1 1 1 1 1 |1 1 1 1 1 1 1 1 1 1 1 1 1 1 1 1 |1 1 1 1 1 1 2 2 1 2 1 1 1 2 1 1 |1 1 1 1 1 3 1 1 1 1 1 1 1 1 1 1 |1 1 1 3 6 2 1 1 4 1 1 1 1 1 1 1 |1 1 1 1 1 1 1 1 1 1 1 1 1 1 1 1 |1 1 1 1 1 1 1 1 1 1 1 8 1 1 1 1 |3 1 1 1 1 1 8 1 1 1 1 5 2 1 1 5 |1 5 1 1 1 1 1 1 1 1 1 7 6 1 1 1 |
17131: 3 1 1 1 3 1 1 1 1 1 1 1 1 1 1 1 |1 1 5 9 1 1 1 1 1 1 1 1 1 1 4 1 |1 1 1 1 1 1 1 1 1 1 1 1 1 1 1 1 |1 1 1 1 1 1 1 1 1 1 1 1 1 1 1 1 |1 1 1 1 1 1 1 1 1 1 1 1 1 1 1 1 |1 1 1 1 1 1 2 2 1 2 1 1 1 2 1 1 |1 1 1 1 1 3 1 1 1 1 1 1 1 1 1 1 |1 1 1 3 6 2 1 1 4 1 1 1 1 1 1 1 |1 1 1 1 1 1 1 1 1 1 1 1 1 1 1 1 |1 1 1 1 1 1 1 1 1 1 1 8 1 1 1 1 |3 1 1 1 1 1 8 1 1 1 1 5 2 1 1 5 |1 5 1 1 1 1 1 1 1 1 1 7 6 1 1 1 |
17142: 1 1 1 1 1 1 1 1 1 1 1 7 1 1 1 1 |1 1 5 4 4 1 1 1 1 1 1 1 1 1 5 1 |1 1 1 1 1 1 1 1 1 1 1 1 1 1 1 1 |1 1 1 1 1 1 1 1 1 1 1 1 1 1 1 1 |1 1 1 1 1 1 1 1 1 1 1 1 1 1 1 1 |1 1 1 1 1 1 2 2 1 2 1 1 1 2 1 1 |1 1 1 1 1 3 1 1 1 1 1 1 1 1 1 1 |1 1 1 3 6 2 1 1 4 1 1 1 1 1 1 1 |1 1 1 1 1 1 1 1 1 1 1 1 1 1 1 1 |1 1 1 1 1 1 1 1 1 1 1 8 1 1 1 1 |3 1 1 1 1 1 8 1 1 1 1 5 2 1 1 5 |1 5 1 1 1 1 1 1 1 1 1 7 6 1 1 1 |
17153: 1 1 1 1 1 1 1 1 1 1 1 7 1 1 1 1 |1 1 5 4 4 1 1 1 1 1 1 1 1 1 5 1 |1 1 1 1 1 1 1 1 1 1 1 1 1 1 1 1 |1 1 1 1 1 1 1 1 1 1 1 1 1 1 1 1 |1 1 1 1 1 1 1 1 1 1 1 1 1 3 1 1 |1 1 1 1 1 1 3 3 1 3 2 1 1 1 1 1 |1 1 1 1 1 1 1 1 1 1 1 1 1 1 1 1 |1 1 1 3 2 1 1 1 4 1 1 1 1 1 1 1 |1 1 1 1 1 1 1 8 1 1 1 1 5 1 1 1 |1 1 1 1 2 1 1 1 1 1 1 8 1 1 1 1 |4 1 1 1 1 1 6 1 1 1 1 8 2 1 1 1 |1 5 1 1 1 1 1 1 1 1 1 7 6 1 1 1 |
17164: 1 1 1 1 1 1 1 1 1 1 1 7 1 1 1 1 |1 1 5 4 4 1 1 1 1 1 1 1 1 1 5 1 |1 1 1 1 1 1 1 1 1 1 1 1 1 1 1 1 |1 1 1 1 1 1 1 1 1 1 1 1 1 1 1 1 |1 1 1 1 1 1 1 1 1 1 1 1 1 3 1 1 |1 1 1 1 1 1 3 3 1 3 2 1 1 1 1 1 |1 1 1 1 1 1 1 1 1 1 1 1 1 1 1 1 |1 1 1 3 2 1 1 1 4 1 1 1 1 1 1 1 |1 1 1 1 1 1 1 8 1 1 1 1 5 1 1 1 |1 1 1 1 2 1 1 1 1 1 1 8 1 1 1 1 |4 1 1 1 1 1 6 1 1 1 1 8 2 1 1 1 |1 1 1 8 1 1 1 1 1 1 12 2 1 1 9 1 |
17175: 1 1 1 4 1 1 1 1 1 1 1 6 1 1 1 1 |1 1 4 1 1 1 1 1 1 1 1 1 1 1 1 1 |1 1 1 1 1 1 1 1 1 1 1 1 1 1 1 1 |1 1 1 1 1 1 1 1 1 1 1 1 1 1 1 1 |1 1 1 1 1 1 1 1 1 1 1 1 1 3 1 1 |1 1 1 1 1 1 3 3 1 3 2 1 1 1 1 1 |1 1 1 1 1 1 1 1 1 1 1 1 1 1 1 1 |1 1 1 3 2 1 1 1 4 1 1 1 1 1 1 1 |1 1 1 1 1 1 1 8 1 1 1 1 5 1 1 1 |1 1 1 1 2 1 1 1 1 1 1 8 1 1 1 1 |4 1 1 1 1 1 6 1 1 1 1 8 2 1 1 1 |1 1 1 8 1 1 1 1 1 1 12 2 1 1 9 1 |
17185: 1 1 1 4 1 1 1 1 1 1 1 6 1 1 1 1 |1 1 4 1 1 1 1 1 1 1 1 1 1 1 1 1 |1 1 1 1 1 1 1 1 1 1 1 1 1 1 1 1 |1 1 1 1 1 1 1 1 1 1 1 1 1 1 1 1 |1 1 1 1 1 1 1 1 1 1 1 1 1 1 1 1 |1 1 1 1 1 1 2 2 1 4 1 1 1 1 1 1 |1 1 1 1 1 1 1 1 1 1 1 1 1 1 1 1 |1 1 1 1 5 6 1 1 4 1 1 1 6 1 1 1 |1 1 2 1 4 1 1 9 1 1 1 1 1 1 1 1 |1 1 1 1 1 1 1 1 1 1 1 11 2 8 1 1 |4 1 1 1 1 1 11 1 1 1 1 1 5 2 1 8 |1 1 1 8 1 1 1 1 1 1 12 2 1 1 9 1 |
17197: 1 1 1 4 1 1 1 1 1 1 1 6 1 1 1 1 |1 1 4 1 1 1 1 1 1 1 1 1 1 1 1 1 |1 1 1 1 1 1 1 1 1 1 1 1 1 1 1 1 |1 1 1 1 1 1 1 1 1 1 1 1 1 1 1 1 |1 1 1 1 1 1 1 1 1 1 1 1 1 1 1 1 |1 1 1 1 1 1 2 2 1 4 1 1 1 1 1 1 |1 1 1 1 1 1 1 1 1 1 1 1 1 1 1 1 |1 1 1 1 5 6 1 1 4 1 1 1 6 1 1 1 |1 1 2 1 4 1 1 9 1 1 1 1 1 1 1 1 |1 1 1 1 1 1 1 1 1 1 1 11 2 8 1 1 |4 1 1 1 1 1 11 1 1 1 1 1 5 2 1 8 |1 13 1 1 1 1 1 1 1 1 11 1 1 1 2 1 |
17208: 3 1 1 1 1 1 1 1 1 1 1 7 1 1 1 1 |1 1 1 1 1 1 1 1 1 1 1 1 1 1 4 1 |1 1 1 1 1 1 1 1 1 1 1 1 1 1 1 1 |1 1 1 1 1 1 1 1 1 1 1 1 1 1 1 1 |1 1 1 1 1 1 1 1 1 1 1 1 1 1 1 1 |1 1 1 1 1 1 2 2 1 4 1 1 1 1 1 1 |1 1 1 1 1 1 1 1 1 1 1 1 1 1 1 1 |1 1 1 1 5 6 1 1 4 1 1 1 6 1 1 1 |1 1 2 1 4 1 1 9 1 1 1 1 1 1 1 1 |1 1 1 1 1 1 1 1 1 1 1 11 2 8 1 1 |4 1 1 1 1 1 11 1 1 1 1 1 5 2 1 8 |1 13 1 1 1 1 1 1 1 1 11 1 1 1 2 1 |
17220: 3 1 1 1 1 1 1 1 1 1 1 7 1 1 1 1 |1 1 1 1 1 1 1 1 1 1 1 1 1 1 4 1 |1 1 1 1 1 1 1 1 1 1 1 1 1 1 1 1 |1 1 1 1 1 1 1 1 1 1 1 1 1 1 1 1 |1 1 1 1 1 1 1 1 1 1 1 1 1 4 1 1 |1 1 1 1 1 1 1 10 1 1 1 1 1 2 1 1 |1 1 1 1 1 1 1 4 1 1 1 1 1 1 1 1 |1 1 1 12 1 1 1 1 1 2 1 1 1 1 1 1 |1 1 2 1 1 1 1 2 1 1 1 1 1 1 1 1 |1 1 1 1 1 1 1 1 1 1 1 1 1 1 1 1 |2 1 3 1 1 1 6 1 1 1 1 9 8 1 1 1 |1 13 1 1 1 1 1 1 1 1 11 1 1 1 2 1 |
17231: 3 1 1 1 1 1 1 1 1 1 1 7 1 1 1 1 |1 1 1 1 1 1 1 1 1 1 1 1 1 1 4 1 |1 1 1 1 1 1 1 1 1 1 1 1 1 1 1 1 |1 1 1 1 1 1 1 1 1 1 1 1 1 1 1 1 |1 1 1 1 1 1 1 1 1 1 1 1 1 4 1 1 |1 1 1 1 1 1 1 10 1 1 1 1 1 2 1 1 |1 1 1 1 1 1 1 4 1 1 1 1 1 1 1 1 |1 1 1 12 1 1 1 1 1 2 1 1 1 1 1 1 |1 1 2 1 1 1 1 2 1 1 1 1 1 1 1 1 |1 1 1 1 1 1 1 1 1 1 1 1 1 1 1 1 |2 1 3 1 1 1 6 1 1 1 1 9 8 1 1 1 |1 6 1 1 1 1 1 1 1 1 7 3 8 1 8 1 |
17242: 1 1 1 1 1 1 1 1 1 1 1 1 1 1 1 1 |1 1 6 5 1 1 1 1 1 1 1 1 1 1 3 1 |1 1 1 1 1 1 1 1 1 1 1 1 1 1 1 1 |1 1 1 1 1 1 1 1 1 1 1 1 1 1 1 1 |1 1 1 1 1 1 1 1 1 1 1 1 1 4 1 1 |1 1 1 1 1 1 1 10 1 1 1 1 1 2 1 1 |1 1 1 1 1 1 1 4 1 1 1 1 1 1 1 1 |1 1 1 12 1 1 1 1 1 2 1 1 1 1 1 1 |1 1 2 1 1 1 1 2 1 1 1 1 1 1 1 1 |1 1 1 1 1 1 1 1 1 1 1 1 1 1 1 1 |2 1 3 1 1 1 6 1 1 1 1 9 8 1 1 1 |1 6 1 1 1 1 1 1 1 1 7 3 8 1 8 1 |
17253: 1 1 1 1 1 1 1 1 1 1 1 1 1 1 1 1 |1 1 6 5 1 1 1 1 1 1 1 1 1 1 3 1 |1 1 1 1 1 1 1 1 1 1 1 1 1 1 1 1 |1 1 1 1 1 1 1 1 1 1 1 1 1 1 1 1 |1 1 1 1 1 1 1 1 1 1 1 1 1 1 1 1 |1 1 1 1 1 1 3 2 1 3 1 1 1 2 1 1 |1 1 1 1 1 1 1 8 1 1 1 1 1 1 1 1 |1 1 1 1 12 7 1 1 1 1 1 1 1 1 1 1 |1 1 2 1 1 1 1 2 1 1 1 1 1 1 1 1 |1 1 1 1 1 1 1 1 1 1 1 1 1 1 1 1 |2 1 3 1 1 1 6 1 1 1 1 9 8 1 1 1 |1 6 1 1 1 1 1 1 1 1 7 3 8 1 8 1 |
17263: 1 1 1 1 1 1 1 1 1 1 1 1 1 1 1 1 |1 1 6 5 1 1 1 1 1 1 1 1 1 1 3 1 |1 1 1 1 1 1 1 1 1 1 1 1 1 1 1 1 |1 1 1 1 1 1 1 1 1 1 1 1 1 1 1 1 |1 1 1 1 1 1 1 1 1 1 1 1 1 1 1 1 |1 1 1 1 1 1 3 2 1 3 1 1 1 2 1 1 |1 1 1 1 1 1 1 8 1 1 1 1 1 1 1 1 |1 1 1 1 12 7 1 1 1 1 1 1 1 1 1 1 |1 1 2 1 1 1 1 6 1 1 1 1 1 1 1 1 |1 1 3 1 1 1 1 1 1 1 1 8 1 1 1 1 |1 1 1 1 1 1 1 1 1 1 1 6 1 1 1 1 |1 11 1 5 2 1 1 2 1 1 11 3 7 1 2 1 |
17275: 3 1 1 1 1 1 1 1 1 1 5 8 1 1 1 1 |1 1 1 6 1 1 1 1 1 1 1 1 1 1 1 1 |1 1 1 1 1 1 1 1 1 1 1 1 1 1 1 1 |1 1 1 1 1 1 1 1 1 1 1 1 1 1 1 1 |1 1 1 1 1 1 1 1 1 1 1 1 1 1 1 1 |1 1 1 1 1 1 3 2 1 3 1 1 1 2 1 1 |1 1 1 1 1 1 1 8 1 1 1 1 1 1 1 1 |1 1 1 1 12 7 1 1 1 1 1 1 1 1 1 1 |1 1 2 1 1 1 1 6 1 1 1 1 1 1 1 1 |1 1 3 1 1 1 1 1 1 1 1 8 1 1 1 1 |1 1 1 1 1 1 1 1 1 1 1 6 1 1 1 1 |1 11 1 5 2 1 1 2 1 1 11 3 7 1 2 1 |
17286: 3 1 1 1 1 1 1 1 1 1 5 8 1 1 1 1 |1 1 1 6 1 1 1 1 1 1 1 1 1 1 1 1 |1 1 1 1 1 1 1 1 1 1 1 1 1 1 1 1 |1 1 1 1 1 1 1 1 1 1 1 1 1 1 1 1 |1 1 1 1 1 1 1 1 1 1 1 1 1 1 1 1 |1 1 1 1 1 1 3 1 1 1 1 1 1 3 1 1 |1 1 1 1 1 1 1 5 1 1 1 1 1 1 1 2 |1 1 1 2 3 2 1 1 1 1 1 1 9 1 1 1 |1 1 1 1 1 1 1 8 1 1 1 1 7 1 1 1 |1 1 1 1 1 1 1 1 1 1 1 8 1 1 1 1 |1 1 1 1 1 1 1 1 1 1 1 6 1 1 1 1 |1 11 1 5 2 1 1 2 1 1 11 3 7 1 2 1 |
17296: 3 1 1 1 1 1 1 1 1 1 5 8 1 1 1 1 |1 1 1 6 1 1 1 1 1 1 1 1 1 1 1 1 |1 1 1 1 1 1 1 1 1 1 1 1 1 1 1 1 |1 1 1 1 1 1 1 1 1 1 1 1 1 1 1 1 |1 1 1 1 1 1 1 1 1 1 1 1 1 1 1 1 |1 1 1 1 1 1 3 1 1 1 1 1 1 3 1 1 |1 1 1 1 1 1 1 5 1 1 1 1 1 1 1 2 |1 1 1 2 3 2 1 1 1 1 1 1 9 1 1 1 |1 1 1 1 1 1 1 8 1 1 1 1 7 1 1 1 |1 1 1 1 1 1 1 1 1 1 1 8 1 1 1 1 |4 1 1 1 1 1 7 1 1 1 1 6 3 1 1 7 |1 12 1 1 1 1 3 1 1 1 12 4 9 1 9 6 |
17307: 3 1 1 1 1 1 1 1 1 1 6 1 1 1 1 1 |1 1 1 6 1 1 1 1 1 1 1 1 1 1 1 1 |1 1 1 1 1 1 1 1 1 1 1 1 1 1 1 1 |1 1 1 1 1 1 1 1 1 1 1 1 1 1 1 1 |1 1 1 1 1 1 1 1 1 1 1 1 1 1 1 1 |1 1 1 1 1 1 3 1 1 1 1 1 1 3 1 1 |1 1 1 1 1 1 1 5 1 1 1 1 1 1 1 2 |1 1 1 2 3 2 1 1 1 1 1 1 9 1 1 1 |1 1 1 1 1 1 1 8 1 1 1 1 7 1 1 1 |1 1 1 1 1 1 1 1 1 1 1 8 1 1 1 1 |4 1 1 1 1 1 7 1 1 1 1 6 3 1 1 7 |1 12 1 1 1 1 3 1 1 1 12 4 9 1 9 6 |
17318: 3 1 1 1 1 1 1 1 1 1 6 1 1 1 1 1 |1 1 1 5 1 1 1 1 1 1 1 1 1 1 6 1 |1 1 1 1 1 1 1 1 1 1 1 1 1 1 1 1 |1 1 1 1 1 1 1 1 1 1 1 1 1 1 1 1 |1 1 1 1 1 1 1 1 1 1 1 1 1 1 1 1 |1 2 1 1 1 1 1 4 2 3 1 1 1 3 1 1 |1 1 1 1 1 1 1 1 1 1 1 1 1 1 1 1 |1 1 1 1 6 1 1 1 4 1 1 1 1 1 1 1 |1 1 1 1 1 1 1 9 1 1 1 1 1 1 1 1 |1 1 1 1 1 1 1 1 1 1 1 8 1 1 1 1 |4 1 1 1 1 1 7 1 1 1 1 6 3 1 1 7 |1 12 1 1 1 1 3 1 1 1 12 4 9 1 9 6 |
17329: 3 1 1 1 1 1 1 1 1 1 6 1 1 1 1 1 |1 1 1 5 1 1 1 1 1 1 1 1 1 1 6 1 |1 1 1 1 1 1 1 1 1 1 1 1 1 1 1 1 |1 1 1 1 1 1 1 1 1 1 1 1 1 1 1 1 |1 1 1 1 1 1 1 1 1 1 1 1 1 1 1 1 |1 2 1 1 1 1 1 4 2 3 1 1 1 3 1 1 |1 1 1 1 1 1 1 1 1 1 1 1 1 1 1 1 |1 1 1 1 6 1 1 1 4 1 1 1 1 1 1 1 |1 1 1 1 1 1 1 9 1 1 1 1 1 1 1 1 |1 1 1 1 1 1 1 1 1 1 1 7 1 8 1 1 |1 1 1 1 1 1 7 1 1 1 1 2 1 1 5 8 |1 4 1 1 1 1 1 1 1 1 4 3 8 1 11 1 |
17340: 3 1 1 1 1 1 1 1 1 1 6 1 1 1 1 1 |1 1 1 5 1 1 1 1 1 1 1 1 1 1 6 1 |1 1 1 1 1 1 1 1 1 1 1 1 1 1 1 1 |1 1 1 1 1 1 1 1 1 1 1 1 1 1 1 1 |1 1 1 1 1 1 1 1 1 1 1 1 1 1 1 1 |1 2 1 1 1 1 1 4 2 3 1 1 1 3 1 1 |1 1 1 1 1 1 1 1 1 1 1 1 1 1 1 1 |1 1 1 1 6 1 1 1 4 1 1 1 1 1 1 1 |1 1 1 1 1 1 1 9 1 1 1 1 1 1 1 1 |1 1 1 1 1 1 1 1 1 1 1 7 1 8 1 1 |1 1 1 1 1 1 7 1 1 1 1 2 1 1 5 8 |1 4 1 1 1 1 1 1 1 1 4 3 8 1 11 1 |
17351: 3 1 1 1 1 1 1 1 1 1 1 7 1 1 1 1 |1 1 4 1 4 1 1 1 1 1 1 1 1 1 1 1 |1 1 1 1 1 1 1 1 1 1 1 1 1 1 1 1 |1 1 1 1 1 1 1 1 1 1 1 1 1 1 1 1 |1 1 1 1 1 1 1 1 1 1 1 1 1 1 1 1 |1 1 1 1 1 1 3 1 2 3 3 1 1 2 1 1 |1 1 1 1 1 1 1 1 1 1 1 1 1 1 1 1 |1 1 1 1 6 1 1 1 4 1 1 1 1 1 1 1 |1 1 1 1 1 1 1 9 1 1 1 1 1 1 1 1 |1 1 1 1 1 1 1 1 1 1 1 7 1 8 1 1 |1 1 1 1 1 1 7 1 1 1 1 2 1 1 5 8 |1 4 1 1 1 1 1 1 1 1 4 3 8 1 11 1 |
17362: 3 1 1 1 1 1 1 1 1 1 1 7 1 1 1 1 |1 1 4 1 4 1 1 1 1 1 1 1 1 1 1 1 |1 1 1 1 1 1 1 1 1 1 1 1 1 1 1 1 |1 1 1 1 1 1 1 1 1 1 1 1 1 1 1 1 |1 1 1 1 1 1 1 1 1 1 1 1 1 1 1 1 |1 1 1 1 1 1 3 1 2 3 3 1 1 2 1 1 |1 1 1 1 1 1 1 1 1 1 1 1 1 1 1 1 |1 1 1 3 4 1 1 1 3 1 1 1 1 1 1 1 |1 1 1 1 1 1 1 7 1 1 1 1 1 1 1 1 |1 1 1 1 1 1 1 1 1 1 1 7 2 1 1 1 |5 1 1 3 1 1 1 1 1 1 1 1 1 1 1 2 |1 1 1 1 8 1 3 1 1 1 11 1 8 1 1 1 |
17374: 3 1 1 1 1 1 1 1 1 1 1 7 1 1 1 1 |1 1 4 1 4 1 1 1 1 1 1 1 1 1 1 1 |1 1 1 1 1 1 1 1 1 1 1 1 1 1 1 1 |1 1 1 1 1 1 1 1 1 1 1 1 1 1 1 1 |1 1 1 1 1 1 1 1 1 1 1 1 1 1 1 1 |1 1 1 1 1 1 3 1 2 3 3 1 1 2 1 1 |1 1 1 1 1 1 1 1 1 1 1 1 1 1 1 1 |1 1 1 3 4 1 1 1 3 1 1 1 1 1 1 1 |1 1 1 1 1 1 1 7 1 1 1 1 1 1 1 1 |1 1 1 1 1 1 1 1 1 1 1 7 2 1 1 1 |5 1 1 3 1 1 1 1 1 1 1 1 1 1 1 2 |1 1 1 1 8 1 3 1 1 1 11 1 8 1 1 1 |
17385: 5 1 1 6 1 1 1 1 1 1 5 6 1 1 1 1 |1 1 5 5 1 1 1 1 1 1 1 1 1 1 1 1 |1 1 1 1 1 1 1 1 1 1 1 1 1 1 1 1 |1 1 1 1 1 1 1 1 1 1 1 1 1 1 1 1 |1 1 1 1 1 1 1 1 1 1 1 1 1 1 1 1 |1 1 1 1 1 1 4 3 1 1 1 1 1 2 1 1 |1 1 1 1 1 1 1 1 1 1 1 1 1 1 1 1 |1 1 1 3 5 1 1 1 1 1 1 1 1 1 1 1 |1 1 2 1 1 1 1 7 1 1 1 1 1 1 1 1 |1 1 2 1 1 1 5 1 1 1 1 7 1 1 1 1 |5 1 1 3 1 1 1 1 1 1 1 1 1 1 1 2 |1 1 1 1 8 1 3 1 1 1 11 1 8 1 1 1 |
17396: 5 1 1 6 1 1 1 1 1 1 5 6 1 1 1 1 |1 1 5 5 1 1 1 1 1 1 1 1 1 1 1 1 |1 1 1 1 1 1 1 1 1 1 1 1 1 1 1 1 |1 1 1 1 1 1 1 1 1 1 1 1 1 1 1 1 |1 1 1 1 1 1 1 1 1 1 1 1 1 1 1 1 |1 1 1 1 1 1 4 3 1 1 1 1 1 2 1 1 |1 1 1 1 1 1 1 1 1 1 1 1 1 1 1 1 |1 1 1 3 5 1 1 1 1 1 1 1 1 1 1 1 |1 1 2 1 1 1 1 7 1 1 1 1 1 1 1 1 |1 1 2 1 1 1 5 1 1 1 1 7 1 1 1 1 |6 1 1 1 1 1 1 1 1 1 1 5 4 1 1 8 |1 7 1 1 1 1 1 1 1 1 12 3 1 1 11 1 |
17407: 5 1 1 6 1 1 1 1 1 1 5 6 1 1 1 1 |1 1 5 5 1 1 1 1 1 1 1 1 1 1 1 1 |1 1 1 1 1 1 1 1 1 1 1 1 1 1 1 1 |1 1 1 1 1 1 1 1 1 1 1 1 1 1 1 1 |1 1 1 1 1 1 1 1 1 1 1 1 1 1 1 1 |1 1 1 1 1 1 4 3 1 1 1 1 1 2 1 1 |1 1 1 1 1 1 1 1 1 1 1 1 1 1 1 1 |1 1 1 3 5 1 1 1 1 1 1 1 1 1 1 1 |1 1 2 1 1 1 1 7 1 1 1 1 1 1 1 1 |1 1 2 1 1 1 5 1 1 1 1 7 1 1 1 1 |6 1 1 1 1 1 1 1 1 1 1 5 4 1 1 8 |1 7 1 1 1 1 1 1 1 1 12 3 1 1 11 1 |
17417: 1 1 1 1 1 1 1 1 1 1 1 6 1 1 1 1 |1 1 8 2 1 1 1 1 1 1 1 1 1 1 3 1 |1 1 1 1 1 1 1 1 1 1 1 1 1 1 1 1 |1 1 1 1 1 1 1 1 1 1 1 1 1 1 1 1 |1 1 1 1 1 1 1 1 1 1 1 1 1 1 1 1 |1 1 1 1 1 1 1 1 1 1 1 1 1 2 1 1 |1 1 1 1 1 1 1 1 1 1 1 1 1 1 1 1 |1 1 1 3 5 1 1 1 1 1 1 1 1 1 1 1 |1 1 2 1 1 1 1 7 1 1 1 1 1 1 1 1 |1 1 2 1 1 1 5 1 1 1 1 7 1 1 1 1 |6 1 1 1 1 1 1 1 1 1 1 5 4 1 1 8 |1 7 1 1 1 1 1 1 1 1 12 3 1 1 11 1 |
17429: 1 1 1 1 1 1 1 1 1 1 1 6 1 1 1 1 |1 1 8 2 1 1 1 1 1 1 1 1 1 1 3 1 |1 1 1 1 1 1 1 1 1 1 1 1 1 1 1 1 |1 1 1 1 1 1 1 1 1 1 1 1 1 1 1 1 |1 1 1 1 1 1 1 1 1 1 1 1 1 1 1 1 |1 1 1 1 1 1 1 1 1 1 1 1 1 2 1 1 |1 1 1 1 1 1 1 1 1 1 1 2 1 1 1 1 |1 1 1 1 5 2 1 1 1 1 1 1 1 1 1 3 |1 1 2 1 1 1 2 9 1 1 1 1 1 1 1 4 |1 1 1 1 2 1 1 1 1 1 1 1 1 1 1 1 |1 1 3 1 1 1 7 1 1 1 1 7 1 1 1 8 |1 8 1 1 2 1 1 1 1 1 11 1 1 1 12 2 |
17440: 1 1 1 1 1 1 1 1 1 1 1 6 1 1 1 1 |1 1 8 2 1 1 1 1 1 1 1 1 1 1 3 1 |1 1 1 1 1 1 1 1 1 1 1 1 1 1 1 1 |1 1 1 1 1 1 1 1 1 1 1 1 1 1 1 1 |1 1 1 1 1 1 1 1 1 1 1 1 1 1 1 1 |1 1 1 1 1 1 1 1 1 1 1 1 1 2 1 1 |1 1 1 1 1 1 1 1 1 1 1 2 1 1 1 1 |1 1 1 1 5 2 1 1 1 1 1 1 1 1 1 3 |1 1 2 1 1 1 2 9 1 1 1 1 1 1 1 4 |1 1 1 1 2 1 1 1 1 1 1 1 1 1 1 1 |1 1 3 1 1 1 7 1 1 1 1 7 1 1 1 8 |1 8 1 1 2 1 1 1 1 1 11 1 1 1 12 2 |
17451: 1 1 1 1 1 1 1 1 1 1 6 6 1 1 1 1 |1 1 3 1 1 1 1 1 1 1 1 1 1 1 1 1 |1 1 1 1 1 1 1 1 1 1 1 1 1 1 1 1 |1 1 1 1 1 1 1 1 1 1 1 1 1 1 1 1 |1 1 1 1 1 1 1 1 1 1 1 1 1 4 1 1 |1 1 1 1 1 1 2 3 1 2 3 1 1 1 1 1 |1 1 1 1 1 1 1 1 1 1 1 1 1 2 1 1 |1 1 1 1 5 1 1 1 1 1 1 1 1 1 1 1 |1 1 2 1 1 1 1 8 1 1 6 1 1 1 1 1 |1 1 1 1 2 1 1 1 1 1 1 1 1 1 1 1 |1 1 3 1 1 1 7 1 1 1 1 7 1 1 1 8 |1 8 1 1 2 1 1 1 1 1 11 1 1 1 12 2 |
17462: 1 1 1 1 1 1 1 1 1 1 6 6 1 1 1 1 |1 1 3 1 1 1 1 1 1 1 1 1 1 1 1 1 |1 1 1 1 1 1 1 1 1 1 1 1 1 1 1 1 |1 1 1 1 1 1 1 1 1 1 1 1 1 1 1 1 |1 1 1 1 1 1 1 1 1 1 1 1 1 4 1 1 |1 1 1 1 1 1 2 3 1 2 3 1 1 1 1 1 |1 1 1 1 1 1 1 1 1 1 1 1 1 2 1 1 |1 1 1 1 5 1 1 1 1 1 1 1 1 1 1 1 |1 1 2 1 1 1 1 8 1 1 6 1 1 1 1 1 |1 1 1 9 1 1 1 1 1 1 1 7 1 1 1 1 |3 1 1 1 1 1 8 1 1 1 1 7 1 1 1 1 |1 4 1 7 1 1 1 1 1 1 7 5 6 1 1 1 |
17473: 1 1 1 1 1 1 1 1 1 1 6 6 1 1 1 1 |1 1 3 1 1 1 1 1 1 1 1 1 1 1 1 1 |1 1 1 1 1 1 1 1 1 1 1 1 1 1 1 1 |1 1 1 1 1 1 1 1 1 1 1 1 1 1 1 1 |1 1 1 1 1 1 1 1 1 1 1 1 1 4 1 1 |1 1 1 1 1 1 2 3 1 2 3 1 1 1 1 1 |1 1 1 1 1 1 1 1 1 1 1 1 1 2 1 1 |1 1 1 1 5 1 1 1 1 1 1 1 1 1 1 1 |1 1 2 1 1 1 1 8 1 1 6 1 1 1 1 1 |1 1 1 9 1 1 1 1 1 1 1 7 1 1 1 1 |3 1 1 1 1 1 8 1 1 1 1 7 1 1 1 1 |1 4 1 7 1 1 1 1 1 1 7 5 6 1 1 1 |
17484: 4 1 1 1 1 1 1 1 1 1 1 1 1 1 1 1 |1 1 1 1 1 1 1 1 1 1 1 1 1 1 4 1 |1 1 1 1 1 1 1 1 1 1 1 1 1 1 1 1 |1 1 7 1 1 1 1 1 1 1 1 1 1 1 1 1 |1 1 1 1 1 1 1 1 1 1 1 1 1 1 1 1 |1 1 1 1 1 1 4 1 1 1 1 1 1 3 1 1 |1 1 1 1 1 1 1 1 1 1 1 1 1 1 1 1 |1 1 1 3 4 2 1 1 5 1 1 1 1 1 1 1 |1 1 2 1 1 1 1 8 1 1 1 1 5 1 1 1 |1 1 1 9 1 1 1 1 1 1 1 7 1 1 1 1 |3 1 1 1 1 1 8 1 1 1 1 7 1 1 1 1 |1 4 1 7 1 1 1 1 1 1 7 5 6 1 1 1 |
17495: 4 1 1 1 1 1 1 1 1 1 1 1 1 1 1 1 |1 1 1 1 1 1 1 1 1 1 1 1 1 1 4 1 |1 1 1 1 1 1 1 1 1 1 1 1 1 1 1 1 |1 1 7 1 1 1 1 1 1 1 1 1 1 1 1 1 |1 1 1 1 1 1 1 1 1 1 1 1 1 1 1 1 |1 1 1 1 1 1 4 1 1 1 1 1 1 3 1 1 |1 1 1 1 1 1 1 1 1 1 1 1 1 1 1 1 |1 1 1 3 4 2 1 1 5 1 1 1 1 1 1 1 |1 1 2 1 1 1 1 8 1 1 1 1 5 1 1 1 |1 1 1 1 1 1 1 1 1 1 1 9 2 1 1 1 |1 1 4 1 1 1 6 1 1 1 1 5 1 1 1 5 |1 9 1 1 1 1 1 1 1 1 12 3 8 1 10 1 |
17506: 4 1 1 1 1 1 1 1 1 1 1 1 1 1 1 1 |1 1 1 1 1 1 1 1 1 1 1 1 1 1 4 1 |1 1 1 1 1 1 1 1 1 1 1 1 1 1 1 1 |1 1 7 1 1 1 1 1 1 1 1 1 1 1 1 1 |1 1 1 1 1 1 1 1 1 1 1 1 1 1 1 1 |1 1 1 1 1 1 4 1 1 1 1 1 1 3 1 1 |1 1 1 1 1 1 1 1 1 1 1 1 1 1 1 1 |1 1 1 3 4 2 1 1 5 1 1 1 1 1 1 1 |1 1 2 1 1 1 1 8 1 1 1 1 5 1 1 1 |1 1 1 1 1 1 1 1 1 1 1 9 2 1 1 1 |1 1 4 1 1 1 6 1 1 1 1 5 1 1 1 5 |1 9 1 1 1 1 1 1 1 1 12 3 8 1 10 1 |
17518: 4 1 1 1 1 1 1 1 1 1 1 4 1 1 1 1 |1 1 11 1 1 1 1 1 1 1 1 1 1 1 4 1 |1 1 1 1 1 1 1 1 1 1 1 1 1 1 1 1 |1 1 1 1 1 1 1 1 1 1 1 1 1 1 1 1 |1 1 1 1 1 1 1 1 1 1 1 1 1 1 1 1 |1 1 1 1 1 1 5 3 2 1 1 1 1 1 1 1 |1 1 1 1 1 1 1 1 1 1 1 1 1 1 1 1 |1 1 1 1 7 3 1 1 5 1 1 1 1 1 1 1 |1 1 3 1 1 1 1 1 1 1 1 1 1 1 1 1 |1 1 1 1 1 1 1 1 1 1 1 7 1 1 1 1 |1 1 4 1 1 1 6 1 1 1 1 5 1 1 1 5 |1 9 1 1 1 1 1 1 1 1 12 3 8 1 10 1 |
17529: 4 1 1 1 1 1 1 1 1 1 1 4 1 1 1 1 |1 1 11 1 1 1 1 1 1 1 1 1 1 1 4 1 |1 1 1 1 1 1 1 1 1 1 1 1 1 1 1 1 |1 1 1 1 1 1 1 1 1 1 1 1 1 1 1 1 |1 1 1 1 1 1 1 1 1 1 1 1 1 1 1 1 |1 1 1 1 1 1 5 3 2 1 1 1 1 1 1 1 |1 1 1 1 1 1 1 1 1 1 1 1 1 1 1 1 |1 1 1 1 7 3 1 1 5 1 1 1 1 1 1 1 |1 1 3 1 1 1 1 1 1 1 1 1 1 1 1 1 |1 1 1 1 1 1 1 1 1 1 1 7 1 1 1 1 |1 1 1 1 1 1 7 1 1 1 1 7 1 3 1 1 |1 1 1 2 1 1 2 1 1 1 6 1 7 1 10 1 |
17540: 2 1 1 1 2 1 1 1 1 1 1 4 1 1 1 1 |1 1 11 1 1 1 1 1 1 1 1 1 1 1 4 1 |1 1 1 1 1 1 1 1 1 1 1 1 1 1 1 1 |1 1 1 1 1 1 1 1 1 1 1 1 1 1 1 1 |1 1 1 1 1 1 1 1 1 1 1 1 1 1 1 1 |1 1 1 1 1 1 5 3 2 1 1 1 1 1 1 1 |1 1 1 1 1 1 1 1 1 1 1 1 1 1 1 1 |1 1 1 1 7 3 1 1 5 1 1 1 1 1 1 1 |1 1 3 1 1 1 1 1 1 1 1 1 1 1 1 1 |1 1 1 1 1 1 1 1 1 1 1 7 1 1 1 1 |1 1 1 1 1 1 7 1 1 1 1 7 1 3 1 1 |1 1 1 2 1 1 2 1 1 1 6 1 7 1 10 1 |
17551: 2 1 1 1 2 1 1 1 1 1 1 4 1 1 1 1 |1 1 4 1 1 1 1 1 1 1 1 1 1 1 4 1 |1 1 1 1 1 1 1 1 1 1 1 1 1 1 1 1 |1 1 4 1 1 1 1 1 1 1 1 1 1 1 1 1 |1 1 1 1 1 1 1 1 1 1 1 1 1 2 1 1 |1 1 1 1 1 1 1 5 1 2 1 1 1 2 1 1 |1 1 1 1 1 1 1 1 1 1 1 1 1 1 1 2 |1 1 1 6 1 1 1 1 1 1 1 1 1 1 1 4 |1 1 1 1 1 1 1 2 1 1 11 1 1 1 1 1 |1 1 1 1 1 3 1 1 1 1 1 8 1 1 1 1 |1 1 1 1 1 1 7 1 1 1 1 7 1 3 1 1 |1 1 1 2 1 1 2 1 1 1 6 1 7 1 10 1 |
17562: 2 1 1 1 2 1 1 1 1 1 1 4 1 1 1 1 |1 1 4 1 1 1 1 1 1 1 1 1 1 1 4 1 |1 1 1 1 1 1 1 1 1 1 1 1 1 1 1 1 |1 1 4 1 1 1 1 1 1 1 1 1 1 1 1 1 |1 1 1 1 1 1 1 1 1 1 1 1 1 2 1 1 |1 1 1 1 1 1 1 5 1 2 1 1 1 2 1 1 |1 1 1 1 1 1 1 1 1 1 1 1 1 1 1 2 |1 1 1 6 1 1 1 1 1 1 1 1 1 1 1 4 |1 1 1 1 1 1 1 2 1 1 11 1 1 1 1 1 |1 1 1 1 1 3 1 1 1 1 1 8 1 1 1 1 |5 1 1 1 1 1 7 1 1 1 1 6 4 1 1 1 |1 11 1 1 3 1 1 1 1 1 1 9 1 1 4 1 |
17573: 2 1 1 1 2 1 1 1 1 1 1 4 1 1 1 1 |1 1 4 1 1 1 1 1 1 1 1 1 1 1 4 1 |1 1 1 1 1 1 1 1 1 1 1 1 1 1 1 1 |1 1 4 1 1 1 1 1 1 1 1 1 1 1 1 1 |1 1 1 1 1 1 1 1 1 1 1 1 1 2 1 1 |1 1 1 1 1 1 1 5 1 2 1 1 1 2 1 1 |1 1 1 1 1 1 1 1 1 1 1 1 1 1 1 2 |1 1 1 6 1 1 1 1 1 1 1 1 1 1 1 4 |1 1 1 1 1 1 1 2 1 1 11 1 1 1 1 1 |1 1 1 1 1 3 1 1 1 1 1 8 1 1 1 1 |5 1 1 1 1 1 7 1 1 1 1 6 4 1 1 1 |1 11 1 1 3 1 1 1 1 1 1 9 1 1 4 1 |
17584: 2 1 1 1 3 1 1 1 1 1 7 5 1 1 1 1 |1 1 2 3 1 1 1 1 1 1 1 1 1 1 1 1 |1 1 1 1 1 1 1 1 1 1 1 1 1 1 1 1 |1 1 1 1 1 1 1 1 1 1 1 1 1 1 1 1 |1 1 1 1 1 1 1 1 1 1 1 1 1 1 1 1 |1 1 1 1 1 1 2 1 2 1 1 1 1 2 1 1 |1 1 1 1 1 1 1 1 1 1 1 1 1 1 1 1 |1 1 1 1 6 11 1 1 6 1 1 1 1 1 1 1 |1 1 1 1 1 1 1 8 1 1 1 1 1 1 1 12 |1 1 1 1 1 3 1 1 1 1 1 8 1 1 1 1 |5 1 1 1 1 1 7 1 1 1 1 6 4 1 1 1 |1 11 1 1 3 1 1 1 1 1 1 9 1 1 4 1 |
17596: 2 1 1 1 3 1 1 1 1 1 7 5 1 1 1 1 |1 1 2 3 1 1 1 1 1 1 1 1 1 1 1 1 |1 1 1 1 1 1 1 1 1 1 1 1 1 1 1 1 |1 1 1 1 1 1 1 1 1 1 1 1 1 1 1 1 |1 1 1 1 1 1 1 1 1 1 1 1 1 1 1 1 |1 1 1 1 1 1 2 1 2 1 1 1 1 2 1 1 |1 1 1 1 1 1 1 1 1 1 1 1 1 1 1 1 |1 1 1 1 6 11 1 1 6 1 1 1 1 1 1 1 |1 1 1 1 1 1 1 8 1 1 1 1 1 1 1 12 |2 1 1 1 1 1 2 1 1 1 1 10 1 1 1 1 |2 1 1 1 1 1 6 1 1 1 1 7 3 1 1 3 |1 1 1 9 1 1 1 1 1 1 13 6 2 1 10 1 |
17607: 1 1 1 2 9 1 1 1 1 1 4 1 1 1 1 1 |1 1 1 1 1 1 1 1 1 1 1 1 1 1 3 1 |1 1 1 1 1 1 1 1 1 1 1 1 1 1 1 1 |1 1 1 1 1 1 1 1 1 1 1 1 1 1 1 1 |1 1 1 1 1 1 1 1 1 1 1 1 1 1 1 1 |1 1 1 1 1 1 2 1 2 1 1 1 1 2 1 1 |1 1 1 1 1 1 1 1 1 1 1 1 1 1 1 1 |1 1 1 1 6 11 1 1 6 1 1 1 1 1 1 1 |1 1 1 1 1 1 1 8 1 1 1 1 1 1 1 12 |2 1 1 1 1 1 2 1 1 1 1 10 1 1 1 1 |2 1 1 1 1 1 6 1 1 1 1 7 3 1 1 3 |1 1 1 9 1 1 1 1 1 1 13 6 2 1 10 1 |
17619: 1 1 1 2 9 1 1 1 1 1 4 1 1 1 1 1 |1 1 1 1 1 1 1 1 1 1 1 1 1 1 3 1 |1 1 1 1 1 1 1 1 1 1 1 1 1 1 1 1 |1 1 1 1 1 1 1 1 1 1 1 1 1 1 1 1 |1 1 1 1 1 1 1 1 1 1 1 1 1 1 1 1 |1 1 1 1 1 1 3 1 1 2 1 1 1 2 1 1 |1 1 1 1 1 1 1 4 1 1 1 1 1 1 1 1 |1 1 1 1 4 2 1 1 4 1 1 1 1 1 1 4 |1 1 3 1 4 1 1 6 1 1 1 1 1 1 1 1 |1 1 1 7 1 1 1 1 1 1 1 11 3 1 1 1 |2 1 1 1 1 1 8 1 1 1 1 4 1 1 1 1 |1 6 1 1 1 1 1 2 1 1 11 3 9 1 7 1 |
17630: 1 1 1 2 9 1 1 1 1 1 4 1 1 1 1 1 |1 1 1 1 1 1 1 1 1 1 1 1 1 1 3 1 |1 1 1 1 1 1 1 1 1 1 1 1 1 1 1 1 |1 1 1 1 1 1 1 1 1 1 1 1 1 1 1 1 |1 1 1 1 1 1 1 1 1 1 1 1 1 1 1 1 |1 1 1 1 1 1 3 1 1 2 1 1 1 2 1 1 |1 1 1 1 1 1 1 4 1 1 1 1 1 1 1 1 |1 1 1 1 4 2 1 1 4 1 1 1 1 1 1 4 |1 1 3 1 4 1 1 6 1 1 1 1 1 1 1 1 |1 1 1 7 1 1 1 1 1 1 1 11 3 1 1 1 |2 1 1 1 1 1 8 1 1 1 1 4 1 1 1 1 |1 6 1 1 1 1 1 2 1 1 11 3 9 1 7 1 |
17641: 1 1 1 1 2 1 1 1 1 1 1 6 1 1 1 1 |1 1 3 1 1 1 1 1 1 1 1 1 1 1 1 1 |1 1 1 1 1 1 1 1 1 1 1 1 1 1 1 1 |1 1 1 1 1 1 1 1 1 1 1 1 1 1 1 1 |1 1 1 1 1 1 1 1 1 1 1 1 1 1 1 1 |1 1 1 1 1 1 3 1 1 2 1 1 1 2 1 1 |1 1 1 1 1 1 1 4 1 1 1 1 1 1 1 1 |1 1 1 1 4 2 1 1 4 1 1 1 1 1 1 4 |1 1 3 1 4 1 1 6 1 1 1 1 1 1 1 1 |1 1 1 7 1 1 1 1 1 1 1 11 3 1 1 1 |2 1 1 1 1 1 8 1 1 1 1 4 1 1 1 1 |1 6 1 1 1 1 1 2 1 1 11 3 9 1 7 1 |
17652: 1 1 1 1 2 1 1 1 1 1 1 6 1 1 1 1 |1 1 3 1 1 1 1 1 1 1 1 1 1 1 1 1 |1 1 1 1 1 1 1 1 1 1 1 1 1 1 1 1 |1 1 1 1 1 1 1 1 1 1 1 1 1 1 1 1 |1 1 1 1 1 1 1 1 1 1 1 1 1 1 1 1 |1 1 1 1 1 1 1 3 1 1 1 1 1 2 1 1 |1 1 1 1 1 1 1 4 1 1 1 1 1 1 1 1 |1 1 1 11 5 1 1 1 1 1 1 1 1 1 1 1 |1 1 2 1 1 1 1 8 1 1 6 1 1 1 1 1 |1 1 1 1 1 1 1 1 1 1 1 11 2 1 1 1 |2 1 1 1 1 1 8 1 1 1 1 4 1 1 1 1 |1 6 1 1 1 1 1 2 1 1 11 3 9 1 7 1 |
17663: 1 1 1 1 2 1 1 1 1 1 1 6 1 1 1 1 |1 1 3 1 1 1 1 1 1 1 1 1 1 1 1 1 |1 1 1 1 1 1 1 1 1 1 1 1 1 1 1 1 |1 1 1 1 1 1 1 1 1 1 1 1 1 1 1 1 |1 1 1 1 1 1 1 1 1 1 1 1 1 1 1 1 |1 1 1 1 1 1 1 3 1 1 1 1 1 2 1 1 |1 1 1 1 1 1 1 4 1 1 1 1 1 1 1 1 |1 1 1 11 5 1 1 1 1 1 1 1 1 1 1 1 |1 1 2 1 1 1 1 8 1 1 6 1 1 1 1 1 |1 1 1 1 1 1 1 1 1 1 1 11 2 1 1 1 |3 1 7 1 1 1 6 1 1 1 1 1 1 1 1 2 |1 11 1 1 1 1 1 1 1 1 5 8 2 1 1 1 |
17674: 1 1 1 1 1 1 1 1 1 1 6 6 1 1 1 1 |1 1 6 4 3 1 1 1 1 1 1 1 1 1 4 1 |1 1 1 1 1 1 1 1 1 1 1 1 1 1 1 1 |1 1 1 1 1 1 1 1 1 1 1 1 1 1 1 1 |1 1 1 1 1 1 1 1 1 1 1 1 1 1 1 1 |1 1 1 1 1 1 1 3 1 1 1 1 1 2 1 1 |1 1 1 1 1 1 1 4 1 1 1 1 1 1 1 1 |1 1 1 11 5 1 1 1 1 1 1 1 1 1 1 1 |1 1 2 1 1 1 1 8 1 1 6 1 1 1 1 1 |1 1 1 1 1 1 1 1 1 1 1 11 2 1 1 1 |3 1 7 1 1 1 6 1 1 1 1 1 1 1 1 2 |1 11 1 1 1 1 1 1 1 1 5 8 2 1 1 1 |
17684: 1 1 1 1 1 1 1 1 1 1 6 6 1 1 1 1 |1 1 6 4 3 1 1 1 1 1 1 1 1 1 4 1 |1 1 1 1 1 1 1 1 1 1 1 1 1 1 1 1 |1 1 1 1 1 1 1 1 1 1 1 1 1 1 1 1 |1 1 1 1 1 1 1 1 1 1 1 1 1 4 1 1 |1 1 1 1 1 1 2 3 1 1 1 1 1 3 1 1 |1 1 1 1 1 1 1 1 1 1 1 1 1 1 1 1 |1 1 1 1 1 7 1 1 5 1 1 1 1 1 1 1 |1 1 1 1 1 1 1 8 1 1 1 1 1 1 1 1 |1 1 1 1 1 1 1 1 1 1 1 8 1 1 1 1 |5 1 1 1 1 1 6 1 1 1 1 5 1 1 1 1 |1 11 1 1 1 1 1 1 1 1 5 8 2 1 1 1 |
17695: 1 1 1 1 1 1 1 1 1 1 6 6 1 1 1 1 |1 1 6 4 3 1 1 1 1 1 1 1 1 1 4 1 |1 1 1 1 1 1 1 1 1 1 1 1 1 1 1 1 |1 1 1 1 1 1 1 1 1 1 1 1 1 1 1 1 |1 1 1 1 1 1 1 1 1 1 1 1 1 4 1 1 |1 1 1 1 1 1 2 3 1 1 1 1 1 3 1 1 |1 1 1 1 1 1 1 1 1 1 1 1 1 1 1 1 |1 1 1 1 1 7 1 1 5 1 1 1 1 1 1 1 |1 1 1 1 1 1 1 8 1 1 1 1 1 1 1 1 |1 1 1 1 1 1 1 1 1 1 1 8 1 1 1 1 |5 1 1 1 1 1 6 1 1 1 1 5 1 1 1 1 |1 1 1 1 1 1 1 1 1 1 11 3 1 1 2 2 |
17706: 3 1 1 1 1 1 1 1 1 1 1 8 1 1 1 1 |1 1 6 4 3 1 1 1 1 1 1 1 1 1 4 1 |1 1 1 1 1 1 1 1 1 1 1 1 1 1 1 1 |1 1 1 1 1 1 1 1 1 1 1 1 1 1 1 1 |1 1 1 1 1 1 1 1 1 1 1 1 1 4 1 1 |1 1 1 1 1 1 2 3 1 1 1 1 1 3 1 1 |1 1 1 1 1 1 1 1 1 1 1 1 1 1 1 1 |1 1 1 1 1 7 1 1 5 1 1 1 1 1 1 1 |1 1 1 1 1 1 1 8 1 1 1 1 1 1 1 1 |1 1 1 1 1 1 1 1 1 1 1 8 1 1 1 1 |5 1 1 1 1 1 6 1 1 1 1 5 1 1 1 1 |1 1 1 1 1 1 1 1 1 1 11 3 1 1 2 2 |
17717: 3 1 1 1 1 1 1 1 1 1 1 8 1 1 1 1 |1 1 3 1 6 1 1 1 1 1 1 1 1 1 4 1 |1 1 1 1 1 1 1 1 1 1 1 1 1 1 1 1 |1 1 1 1 1 1 1 1 1 1 1 1 1 1 1 1 |1 1 1 1 1 1 1 1 1 1 1 1 1 4 1 1 |1 1 1 1 1 3 2 1 1 2 1 1 1 3 1 1 |1 1 1 1 1 1 1 4 1 1 1 1 1 1 1 1 |1 1 1 1 1 5 1 1 1 1 1 1 1 1 1 1 |1 1 1 4 1 1 1 8 1 1 1 1 4 1 1 1 |1 1 1 1 1 1 1 1 1 1 1 8 1 1 1 1 |5 1 1 1 1 1 6 1 1 1 1 5 1 1 1 1 |1 1 1 1 1 1 1 1 1 1 11 3 1 1 2 2 |
17729: 3 1 1 1 1 1 1 1 1 1 1 8 1 1 1 1 |1 1 3 1 6 1 1 1 1 1 1 1 1 1 4 1 |1 1 1 1 1 1 1 1 1 1 1 1 1 1 1 1 |1 1 1 1 1 1 1 1 1 1 1 1 1 1 1 1 |1 1 1 1 1 1 1 1 1 1 1 1 1 4 1 1 |1 1 1 1 1 3 2 1 1 2 1 1 1 3 1 1 |1 1 1 1 1 1 1 4 1 1 1 1 1 1 1 1 |1 1 1 1 1 5 1 1 1 1 1 1 1 1 1 1 |1 1 1 4 1 1 1 8 1 1 1 1 4 1 1 1 |1 1 1 7 1 1 1 1 1 1 1 8 1 1 1 1 |2 1 1 1 1 1 1 1 1 1 1 1 1 1 1 1 |1 7 1 1 12 1 1 1 1 1 11 2 1 1 7 2 |
17740: 3 1 1 1 1 1 1 1 1 1 1 8 1 1 1 1 |1 1 3 1 6 1 1 1 1 1 1 1 1 1 4 1 |1 1 1 1 1 1 1 1 1 1 1 1 1 1 1 1 |1 1 1 1 1 1 1 1 1 1 1 1 1 1 1 1 |1 1 1 1 1 1 1 1 1 1 1 1 1 4 1 1 |1 1 1 1 1 3 2 1 1 2 1 1 1 3 1 1 |1 1 1 1 1 1 1 4 1 1 1 1 1 1 1 1 |1 1 1 1 1 5 1 1 1 1 1 1 1 1 1 1 |1 1 1 4 1 1 1 8 1 1 1 1 4 1 1 1 |1 1 1 7 1 1 1 1 1 1 1 8 1 1 1 1 |2 1 1 1 1 1 1 1 1 1 1 1 1 1 1 1 |1 7 1 1 12 1 1 1 1 1 11 2 1 1 7 2 |
17773: 4 1 1 1 1 1 2 1 1 1 6 1 1 1 1 1 |1 1 1 1 1 1 1 1 1 1 1 1 1 1 5 1 |1 1 1 1 1 1 1 1 1 1 1 1 1 1 1 1 |1 1 1 1 1 1 1 1 1 1 1 1 1 1 1 1 |1 1 1 1 1 1 1 1 1 1 1 1 1 3 1 1 |1 1 1 1 1 3 2 1 1 2 1 1 1 3 1 1 |1 1 1 1 1 1 1 4 1 1 1 1 1 1 1 1 |1 1 1 1 1 5 1 1 1 1 1 1 1 1 1 1 |1 1 1 4 1 1 1 8 1 1 1 1 4 1 1 1 |1 1 1 7 1 1 1 1 1 1 1 8 1 1 1 1 |2 1 1 1 1 1 1 1 1 1 1 1 1 1 1 1 |1 7 1 1 12 1 1 1 1 1 11 2 1 1 7 2 |
17784: 4 1 1 1 1 1 2 1 1 1 6 1 1 1 1 1 |1 1 1 1 1 1 1 1 1 1 1 1 1 1 5 1 |1 1 1 1 1 1 1 1 1 1 1 1 1 1 1 1 |1 1 1 1 1 1 1 1 1 1 1 1 1 1 1 1 |1 1 1 1 1 1 1 1 1 1 1 1 1 3 1 1 |1 1 1 1 1 1 4 1 2 1 1 1 1 2 1 1 |1 1 1 1 1 1 1 2 1 1 1 2 1 1 1 1 |1 1 1 2 7 1 1 1 3 1 1 1 1 1 1 4 |1 1 3 1 1 1 1 9 1 1 1 1 1 1 1 1 |1 1 1 1 1 1 1 1 1 1 1 10 2 1 1 1 |5 1 2 1 1 1 7 1 1 1 1 9 3 1 1 9 |1 7 1 1 12 1 1 1 1 1 11 2 1 1 7 2 |
17795: 4 1 1 1 1 1 2 1 1 1 6 1 1 1 1 1 |1 1 1 1 1 1 1 1 1 1 1 1 1 1 5 1 |1 1 1 1 1 1 1 1 1 1 1 1 1 1 1 1 |1 1 1 1 1 1 1 1 1 1 1 1 1 1 1 1 |1 1 1 1 1 1 1 1 1 1 1 1 1 3 1 1 |1 1 1 1 1 1 4 1 2 1 1 1 1 2 1 1 |1 1 1 1 1 1 1 2 1 1 1 2 1 1 1 1 |1 1 1 2 7 1 1 1 3 1 1 1 1 1 1 4 |1 1 3 1 1 1 1 9 1 1 1 1 1 1 1 1 |1 1 1 1 1 1 1 1 1 1 1 10 2 1 1 1 |5 1 2 1 1 1 7 1 1 1 1 9 3 1 1 9 |1 6 1 1 1 1 1 1 1 1 3 8 2 1 9 10 |
17806: 9 1 1 1 1 1 1 1 1 1 1 6 1 1 1 1 |1 1 1 1 1 1 1 1 1 1 1 1 1 1 6 1 |1 1 1 1 1 1 1 1 1 1 1 1 1 1 1 1 |1 1 1 1 1 1 1 1 1 1 1 1 1 1 1 1 |1 1 1 1 1 1 1 1 1 1 1 1 1 3 1 1 |1 1 1 1 1 1 4 1 2 1 1 1 1 2 1 1 |1 1 1 1 1 1 1 2 1 1 1 2 1 1 1 1 |1 1 1 2 7 1 1 1 3 1 1 1 1 1 1 4 |1 1 3 1 1 1 1 9 1 1 1 1 1 1 1 1 |1 1 1 1 1 1 1 1 1 1 1 10 2 1 1 1 |5 1 2 1 1 1 7 1 1 1 1 9 3 1 1 9 |1 6 1 1 1 1 1 1 1 1 3 8 2 1 9 10 |
17816: 9 1 1 1 1 1 1 1 1 1 1 6 1 1 1 1 |1 1 1 1 1 1 1 1 1 1 1 1 1 1 6 1 |1 1 1 1 1 1 1 1 1 1 1 1 1 1 1 1 |1 1 1 1 1 1 1 1 1 1 1 1 1 1 1 1 |1 1 1 1 1 1 1 1 1 1 1 1 1 3 1 1 |1 1 1 1 1 1 2 1 2 2 1 1 1 1 1 1 |1 1 1 1 1 1 1 1 1 1 1 1 1 1 1 1 |1 1 1 1 1 1 1 1 6 1 1 1 1 1 1 1 |1 1 1 1 1 1 1 8 1 1 1 1 1 1 1 1 |1 1 1 1 1 1 8 1 1 1 1 8 1 1 1 1 |4 1 8 1 1 1 7 1 1 1 1 1 1 1 1 3 |1 6 1 1 1 1 1 1 1 1 3 8 2 1 9 10 |
17827: 9 1 1 1 1 1 1 1 1 1 1 6 1 1 1 1 |1 1 1 1 1 1 1 1 1 1 1 1 1 1 6 1 |1 1 1 1 1 1 1 1 1 1 1 1 1 1 1 1 |1 1 1 1 1 1 1 1 1 1 1 1 1 1 1 1 |1 1 1 1 1 1 1 1 1 1 1 1 1 3 1 1 |1 1 1 1 1 1 2 1 2 2 1 1 1 1 1 1 |1 1 1 1 1 1 1 1 1 1 1 1 1 1 1 1 |1 1 1 1 1 1 1 1 6 1 1 1 1 1 1 1 |1 1 1 1 1 1 1 8 1 1 1 1 1 1 1 1 |1 1 1 1 1 1 8 1 1 1 1 8 1 1 1 1 |4 1 8 1 1 1 7 1 1 1 1 1 1 1 1 3 |1 6 1 1 1 1 1 1 1 1 1 10 6 1 1 1 |
17838: 1 1 1 1 1 1 1 1 1 1 1 6 1 1 1 1 |1 1 4 3 4 1 1 1 1 1 1 1 1 1 1 1 |1 1 1 1 1 1 1 1 1 1 1 1 1 1 1 1 |1 1 9 1 1 1 1 1 1 1 1 1 1 1 1 1 |1 1 1 1 1 1 1 1 1 1 1 1 1 3 1 1 |1 1 1 1 1 1 2 1 2 2 1 1 1 1 1 1 |1 1 1 1 1 1 1 1 1 1 1 1 1 1 1 1 |1 1 1 1 1 1 1 1 6 1 1 1 1 1 1 1 |1 1 1 1 1 1 1 8 1 1 1 1 1 1 1 1 |1 1 1 1 1 1 8 1 1 1 1 8 1 1 1 1 |4 1 8 1 1 1 7 1 1 1 1 1 1 1 1 3 |1 6 1 1 1 1 1 1 1 1 1 10 6 1 1 1 |
17850: 1 1 1 1 1 1 1 1 1 1 1 6 1 1 1 1 |1 1 4 3 4 1 1 1 1 1 1 1 1 1 1 1 |1 1 1 1 1 1 1 1 1 1 1 1 1 1 1 1 |1 1 9 1 1 1 1 1 1 1 1 1 1 1 1 1 |1 1 1 1 1 1 1 1 1 1 1 1 1 1 1 1 |1 1 1 1 3 1 1 3 1 1 1 1 1 3 1 1 |1 1 1 1 1 1 1 1 1 1 1 1 1 1 1 1 |1 1 1 2 5 3 1 1 5 1 1 1 5 1 1 1 |1 1 1 1 2 1 1 9 1 1 1 1 1 1 1 1 |1 1 1 7 1 1 1 1 1 1 1 9 2 8 1 3 |2 1 1 1 1 1 6 1 1 1 1 7 3 1 1 1 |1 12 1 1 1 1 1 1 1 1 1 8 2 1 5 1 |
17861: 1 1 1 1 1 1 1 1 1 1 1 6 1 1 1 1 |1 1 4 3 4 1 1 1 1 1 1 1 1 1 1 1 |1 1 1 1 1 1 1 1 1 1 1 1 1 1 1 1 |1 1 9 1 1 1 1 1 1 1 1 1 1 1 1 1 |1 1 1 1 1 1 1 1 1 1 1 1 1 1 1 1 |1 1 1 1 3 1 1 3 1 1 1 1 1 3 1 1 |1 1 1 1 1 1 1 1 1 1 1 1 1 1 1 1 |1 1 1 2 5 3 1 1 5 1 1 1 5 1 1 1 |1 1 1 1 2 1 1 9 1 1 1 1 1 1 1 1 |1 1 1 7 1 1 1 1 1 1 1 9 2 8 1 3 |2 1 1 1 1 1 6 1 1 1 1 7 3 1 1 1 |1 12 1 1 1 1 1 1 1 1 1 8 2 1 5 1 |
17872: 3 1 1 1 1 1 1 1 1 1 5 1 1 1 1 1 |1 1 1 5 1 1 1 1 1 1 1 1 1 1 5 1 |1 1 1 1 1 1 1 1 1 1 1 1 1 1 1 1 |1 1 9 1 1 1 1 1 1 1 1 1 1 1 1 1 |1 1 1 1 1 1 1 1 1 1 1 1 1 1 1 1 |1 1 1 1 3 1 1 3 1 1 1 1 1 3 1 1 |1 1 1 1 1 1 1 1 1 1 1 1 1 1 1 1 |1 1 1 2 5 3 1 1 5 1 1 1 5 1 1 1 |1 1 1 1 2 1 1 9 1 1 1 1 1 1 1 1 |1 1 1 7 1 1 1 1 1 1 1 9 2 8 1 3 |2 1 1 1 1 1 6 1 1 1 1 7 3 1 1 1 |1 12 1 1 1 1 1 1 1 1 1 8 2 1 5 1 |
17882: 3 1 1 1 1 1 1 1 1 1 5 1 1 1 1 1 |1 1 1 5 1 1 1 1 1 1 1 1 1 1 5 1 |1 1 1 1 1 1 1 1 1 1 1 1 1 1 1 1 |1 1 1 1 1 1 1 1 1 1 1 1 1 1 1 1 |1 1 1 1 1 1 1 1 1 1 1 1 1 1 1 1 |1 1 1 1 1 1 1 1 1 1 1 1 1 3 1 1 |1 1 1 1 1 1 1 1 1 1 1 1 1 1 1 1 |1 1 1 1 6 1 1 1 4 1 1 1 1 1 1 1 |1 1 1 1 1 1 1 8 1 1 1 1 1 1 1 1 |1 1 3 1 1 1 1 1 1 1 1 1 1 1 1 1 |2 1 1 1 1 1 6 1 1 1 1 7 3 1 1 1 |1 12 1 1 1 1 1 1 1 1 1 8 2 1 5 1 |
17893: 3 1 1 1 1 1 1 1 1 1 5 1 1 1 1 1 |1 1 1 5 1 1 1 1 1 1 1 1 1 1 5 1 |1 1 1 1 1 1 1 1 1 1 1 1 1 1 1 1 |1 1 1 1 1 1 1 1 1 1 1 1 1 1 1 1 |1 1 1 1 1 1 1 1 1 1 1 1 1 1 1 1 |1 1 1 1 1 1 1 1 1 1 1 1 1 3 1 1 |1 1 1 1 1 1 1 1 1 1 1 1 1 1 1 1 |1 1 1 1 6 1 1 1 4 1 1 1 1 1 1 1 |1 1 1 1 1 1 1 8 1 1 1 1 1 1 1 1 |1 1 3 1 1 1 1 1 1 1 1 1 1 1 1 1 |1 1 8 1 1 1 8 1 1 1 1 3 1 1 1 1 |1 8 1 1 1 1 1 1 1 1 6 1 1 3 8 2 |
17904: 1 1 1 1 1 1 1 1 1 1 2 8 1 1 1 1 |1 1 1 5 1 1 1 1 1 1 1 1 1 1 5 1 |1 1 1 1 1 1 1 1 1 1 1 1 1 1 1 1 |1 1 1 1 1 1 1 1 1 1 1 1 1 1 1 1 |1 1 1 1 1 1 1 1 1 1 1 1 1 1 1 1 |1 1 1 1 1 1 1 1 1 1 1 1 1 3 1 1 |1 1 1 1 1 1 1 1 1 1 1 1 1 1 1 1 |1 1 1 1 6 1 1 1 4 1 1 1 1 1 1 1 |1 1 1 1 1 1 1 8 1 1 1 1 1 1 1 1 |1 1 3 1 1 1 1 1 1 1 1 1 1 1 1 1 |1 1 8 1 1 1 8 1 1 1 1 3 1 1 1 1 |1 8 1 1 1 1 1 1 1 1 6 1 1 3 8 2 |
17916: 1 1 1 1 1 1 1 1 1 1 2 8 1 1 1 1 |1 1 5 2 1 1 1 1 1 1 1 1 1 1 3 1 |1 1 1 1 1 1 1 1 1 1 1 1 1 1 1 1 |1 1 1 1 1 1 1 1 1 1 1 1 1 1 1 1 |1 1 1 1 1 1 1 1 1 1 1 1 1 1 1 1 |1 1 1 1 1 1 1 5 1 2 1 1 1 2 1 1 |1 1 1 1 1 1 1 1 1 1 1 1 1 1 1 1 |1 1 1 1 7 1 1 1 1 1 1 1 1 1 1 1 |1 1 1 1 1 1 1 6 1 1 1 1 1 1 1 1 |1 1 1 1 1 1 6 1 1 1 1 9 3 1 1 1 |1 1 8 1 1 1 8 1 1 1 1 3 1 1 1 1 |1 8 1 1 1 1 1 1 1 1 6 1 1 3 8 2 |
17926: 1 1 1 1 1 1 1 1 1 1 2 8 1 1 1 1 |1 1 5 2 1 1 1 1 1 1 1 1 1 1 3 1 |1 1 1 1 1 1 1 1 1 1 1 1 1 1 1 1 |1 1 1 1 1 1 1 1 1 1 1 1 1 1 1 1 |1 1 1 1 1 1 1 1 1 1 1 1 1 1 1 1 |1 1 1 1 1 1 1 5 1 2 1 1 1 2 1 1 |1 1 1 1 1 1 1 1 1 1 1 1 1 1 1 1 |1 1 1 1 7 1 1 1 1 1 1 1 1 1 1 1 |1 1 1 1 1 1 1 6 1 1 1 1 1 1 1 1 |1 1 1 1 1 1 6 1 1 1 1 9 3 1 1 1 |2 1 1 1 1 1 7 1 1 1 1 5 1 1 1 8 |1 15 1 1 1 1 3 1 1 1 13 8 8 1 11 6 |
17937: 1 1 1 1 1 1 1 1 1 1 5 7 1 1 1 1 |1 1 5 2 1 1 1 1 1 1 1 1 1 1 3 1 |1 1 1 1 1 1 1 1 1 1 1 1 1 1 1 1 |1 1 1 1 1 1 1 1 1 1 1 1 1 1 1 1 |1 1 1 1 1 1 1 1 1 1 1 1 1 1 1 1 |1 1 1 1 1 1 1 5 1 2 1 1 1 2 1 1 |1 1 1 1 1 1 1 1 1 1 1 1 1 1 1 1 |1 1 1 1 7 1 1 1 1 1 1 1 1 1 1 1 |1 1 1 1 1 1 1 6 1 1 1 1 1 1 1 1 |1 1 1 1 1 1 6 1 1 1 1 9 3 1 1 1 |2 1 1 1 1 1 7 1 1 1 1 5 1 1 1 8 |1 15 1 1 1 1 3 1 1 1 13 8 8 1 11 6 |
17948: 1 1 1 1 1 1 1 1 1 1 5 7 1 1 1 1 |1 1 5 3 3 1 1 1 1 1 1 1 1 1 1 1 |1 1 1 1 1 1 1 1 1 1 1 1 1 1 1 1 |1 1 1 1 1 1 1 1 1 1 1 1 1 1 1 1 |1 1 1 1 1 1 1 1 1 1 1 1 1 1 1 1 |1 1 1 1 1 1 1 3 1 1 1 1 1 2 1 1 |1 1 1 1 1 1 1 4 1 1 1 1 1 1 1 1 |1 1 1 1 6 1 1 1 1 2 1 1 1 1 1 1 |1 1 1 1 1 1 1 7 1 1 1 1 1 1 1 1 |1 1 1 1 1 1 6 1 1 1 1 9 3 1 1 1 |2 1 1 1 1 1 7 1 1 1 1 5 1 1 1 8 |1 15 1 1 1 1 3 1 1 1 13 8 8 1 11 6 |
17960: 1 1 1 1 1 1 1 1 1 1 5 7 1 1 1 1 |1 1 5 3 3 1 1 1 1 1 1 1 1 1 1 1 |1 1 1 1 1 1 1 1 1 1 1 1 1 1 1 1 |1 1 1 1 1 1 1 1 1 1 1 1 1 1 1 1 |1 1 1 1 1 1 1 1 1 1 1 1 1 1 1 1 |1 1 1 1 1 1 1 3 1 1 1 1 1 2 1 1 |1 1 1 1 1 1 1 4 1 1 1 1 1 1 1 1 |1 1 1 1 6 1 1 1 1 2 1 1 1 1 1 1 |1 1 1 1 1 1 1 7 1 1 1 1 1 1 1 1 |1 1 1 1 1 1 1 1 1 1 1 9 1 1 1 1 |1 1 1 1 1 1 6 1 1 1 1 5 1 1 1 2 |1 6 1 1 1 1 1 1 1 1 4 1 8 1 9 1 |
17971: 1 1 1 1 1 1 1 1 1 1 1 5 1 1 1 1 |1 1 1 6 1 1 1 1 1 1 1 1 1 1 5 1 |1 1 1 1 1 1 1 1 1 1 1 1 1 1 1 1 |1 1 1 1 1 1 1 1 1 1 1 1 1 1 1 1 |1 1 1 1 1 1 1 1 1 1 1 1 1 1 1 1 |1 1 1 1 1 1 1 3 1 1 1 1 1 2 1 1 |1 1 1 1 1 1 1 4 1 1 1 1 1 1 1 1 |1 1 1 1 6 1 1 1 1 2 1 1 1 1 1 1 |1 1 1 1 1 1 1 7 1 1 1 1 1 1 1 1 |1 1 1 1 1 1 1 1 1 1 1 9 1 1 1 1 |1 1 1 1 1 1 6 1 1 1 1 5 1 1 1 2 |1 6 1 1 1 1 1 1 1 1 4 1 8 1 9 1 |
17982: 1 1 1 1 1 1 1 1 1 1 1 5 1 1 1 1 |1 1 1 6 1 1 1 1 1 1 1 1 1 1 5 1 |1 1 1 1 1 1 1 1 1 1 1 1 1 1 1 1 |1 1 1 1 1 1 1 1 1 1 1 1 1 1 1 1 |1 1 1 1 1 1 1 1 1 1 1 1 1 3 1 1 |1 1 1 1 1 1 1 1 1 1 1 1 1 3 1 1 |1 1 1 1 1 1 1 3 1 1 1 1 1 1 1 1 |1 1 1 1 4 1 1 1 2 5 1 1 1 1 1 5 |1 1 2 1 1 1 1 8 1 1 1 1 1 1 1 1 |1 1 1 1 3 1 1 1 1 1 1 10 1 8 1 1 |1 1 1 1 1 1 1 1 1 1 1 1 1 1 1 1 |1 6 1 1 1 1 1 1 1 1 4 1 8 1 9 1 |
17993: 1 1 1 1 1 1 1 1 1 1 1 5 1 1 1 1 |1 1 1 6 1 1 1 1 1 1 1 1 1 1 5 1 |1 1 1 1 1 1 1 1 1 1 1 1 1 1 1 1 |1 1 1 1 1 1 1 1 1 1 1 1 1 1 1 1 |1 1 1 1 1 1 1 1 1 1 1 1 1 3 1 1 |1 1 1 1 1 1 1 1 1 1 1 1 1 3 1 1 |1 1 1 1 1 1 1 3 1 1 1 1 1 1 1 1 |1 1 1 1 4 1 1 1 2 5 1 1 1 1 1 5 |1 1 2 1 1 1 1 8 1 1 1 1 1 1 1 1 |1 1 1 1 3 1 1 1 1 1 1 10 1 8 1 1 |1 1 1 1 1 1 1 1 1 1 1 1 1 1 1 1 |1 8 1 1 1 1 1 1 1 1 13 1 10 1 9 1 |
18004: 1 1 1 1 1 1 1 1 1 1 1 4 1 1 1 1 |1 1 3 1 1 1 1 1 1 1 1 1 1 1 4 1 |1 1 1 1 1 1 1 1 1 1 1 1 1 1 1 1 |1 1 1 1 1 1 1 1 1 1 1 1 1 1 1 1 |1 1 1 1 1 1 1 1 1 1 1 1 1 3 1 1 |1 1 1 1 1 1 1 1 1 1 1 1 1 3 1 1 |1 1 1 1 1 1 1 3 1 1 1 1 1 1 1 1 |1 1 1 1 4 1 1 1 2 5 1 1 1 1 1 5 |1 1 2 1 1 1 1 8 1 1 1 1 1 1 1 1 |1 1 1 1 3 1 1 1 1 1 1 10 1 8 1 1 |1 1 1 1 1 1 1 1 1 1 1 1 1 1 1 1 |1 8 1 1 1 1 1 1 1 1 13 1 10 1 9 1 |
18015: 1 1 1 1 1 1 1 1 1 1 1 4 1 1 1 1 |1 1 3 1 1 1 1 1 1 1 1 1 1 1 4 1 |1 1 1 1 1 1 1 1 1 1 1 1 1 1 1 1 |1 1 1 1 1 1 1 1 1 1 1 1 1 1 1 1 |1 1 1 1 1 1 1 1 1 1 1 1 1 2 1 1 |1 1 1 1 1 1 1 4 1 2 4 1 1 1 1 1 |1 1 1 1 1 1 1 1 1 1 1 1 1 1 1 1 |1 1 1 3 7 6 1 1 5 1 1 1 1 1 1 4 |1 1 1 1 1 1 1 1 1 1 1 1 1 1 1 1 |1 1 1 1 1 6 1 1 1 1 1 1 1 1 1 1 |1 1 1 1 1 1 1 1 1 1 1 1 1 1 1 1 |1 8 1 1 1 1 1 1 1 1 13 1 10 1 9 1 |
18025: 1 1 1 1 1 1 1 1 1 1 1 4 1 1 1 1 |1 1 3 1 1 1 1 1 1 1 1 1 1 1 4 1 |1 1 1 1 1 1 1 1 1 1 1 1 1 1 1 1 |1 1 1 1 1 1 1 1 1 1 1 1 1 1 1 1 |1 1 1 1 1 1 1 1 1 1 1 1 1 2 1 1 |1 1 1 1 1 1 1 4 1 2 4 1 1 1 1 1 |1 1 1 1 1 1 1 1 1 1 1 1 1 1 1 1 |1 1 1 3 7 6 1 1 5 1 1 1 1 1 1 4 |1 1 1 1 1 1 1 1 1 1 1 1 1 1 1 1 |1 1 1 1 1 6 1 1 1 1 1 1 1 1 1 1 |5 1 1 1 1 1 2 1 1 1 1 1 1 1 1 1 |1 4 1 3 1 1 3 1 1 1 15 6 6 1 5 1 |
18037: 4 1 1 1 1 1 1 1 1 1 6 5 1 1 1 1 |1 1 3 1 1 1 1 1 1 1 1 1 1 1 4 1 |1 1 1 1 1 1 1 1 1 1 1 1 1 1 1 1 |1 1 1 1 1 1 1 1 1 1 1 1 1 1 1 1 |1 1 1 1 1 1 1 1 1 1 1 1 1 2 1 1 |1 1 1 1 1 1 1 4 1 2 4 1 1 1 1 1 |1 1 1 1 1 1 1 1 1 1 1 1 1 1 1 1 |1 1 1 3 7 6 1 1 5 1 1 1 1 1 1 4 |1 1 1 1 1 1 1 1 1 1 1 1 1 1 1 1 |1 1 1 1 1 6 1 1 1 1 1 1 1 1 1 1 |5 1 1 1 1 1 2 1 1 1 1 1 1 1 1 1 |1 4 1 3 1 1 3 1 1 1 15 6 6 1 5 1 |
18047: 4 1 1 1 1 1 1 1 1 1 6 5 1 1 1 1 |1 1 1 1 6 1 1 1 1 1 1 1 1 1 1 1 |1 1 1 1 1 1 1 1 1 1 1 1 1 1 1 1 |1 1 1 1 1 1 1 1 1 1 1 1 1 1 1 1 |1 1 1 1 1 1 1 1 1 1 1 1 1 2 1 1 |1 1 1 1 1 1 2 3 1 1 1 1 1 1 1 1 |1 1 1 1 1 1 1 1 1 1 1 1 1 1 1 1 |1 1 1 2 6 11 1 1 4 1 1 1 1 1 1 3 |1 1 1 1 1 1 1 7 1 1 1 1 1 1 1 1 |1 1 1 1 1 1 1 1 1 1 1 8 1 1 1 1 |5 1 1 1 1 1 2 1 1 1 1 1 1 1 1 1 |1 4 1 3 1 1 3 1 1 1 15 6 6 1 5 1 |
18058: 4 1 1 1 1 1 1 1 1 1 6 5 1 1 1 1 |1 1 1 1 6 1 1 1 1 1 1 1 1 1 1 1 |1 1 1 1 1 1 1 1 1 1 1 1 1 1 1 1 |1 1 1 1 1 1 1 1 1 1 1 1 1 1 1 1 |1 1 1 1 1 1 1 1 1 1 1 1 1 2 1 1 |1 1 1 1 1 1 2 3 1 1 1 1 1 1 1 1 |1 1 1 1 1 1 1 1 1 1 1 1 1 1 1 1 |1 1 1 2 6 11 1 1 4 1 1 1 1 1 1 3 |1 1 1 1 1 1 1 7 1 1 1 1 1 1 1 1 |1 1 1 1 1 1 1 1 1 1 1 8 1 1 1 1 |6 1 1 1 1 1 8 1 1 1 1 1 1 1 1 8 |1 1 1 7 1 1 1 1 1 1 13 1 6 1 9 1 |
18068: 3 1 1 1 1 1 1 1 1 1 1 5 1 1 1 1 |1 1 1 1 6 1 1 1 1 1 1 1 1 1 1 1 |1 1 1 1 1 1 1 1 1 1 1 1 1 1 1 1 |1 1 1 1 1 1 1 1 1 1 1 1 1 1 1 1 |1 1 1 1 1 1 1 1 1 1 1 1 1 2 1 1 |1 1 1 1 1 1 2 3 1 1 1 1 1 1 1 1 |1 1 1 1 1 1 1 1 1 1 1 1 1 1 1 1 |1 1 1 2 6 11 1 1 4 1 1 1 1 1 1 3 |1 1 1 1 1 1 1 7 1 1 1 1 1 1 1 1 |1 1 1 1 1 1 1 1 1 1 1 8 1 1 1 1 |6 1 1 1 1 1 8 1 1 1 1 1 1 1 1 8 |1 1 1 7 1 1 1 1 1 1 13 1 6 1 9 1 |
18080: 3 1 1 1 1 1 1 1 1 1 1 5 1 1 1 1 |1 1 1 5 3 1 1 1 1 1 1 1 1 1 5 1 |1 1 1 1 1 1 1 1 1 1 1 1 1 1 1 1 |1 1 1 1 1 1 1 1 1 1 1 1 1 1 1 1 |1 1 1 1 1 1 1 1 1 1 1 1 1 1 1 1 |1 1 1 1 1 1 3 3 1 1 1 1 1 1 1 1 |1 1 1 1 1 1 1 1 1 1 1 1 1 1 1 1 |1 1 1 1 1 1 1 1 5 1 1 1 1 1 1 1 |1 1 4 1 1 1 1 7 1 1 1 1 1 1 1 1 |1 1 1 1 1 1 1 1 1 1 1 8 1 1 1 1 |6 1 1 1 1 1 8 1 1 1 1 1 1 1 1 8 |1 1 1 7 1 1 1 1 1 1 13 1 6 1 9 1 |
18091: 3 1 1 1 1 1 1 1 1 1 1 5 1 1 1 1 |1 1 1 5 3 1 1 1 1 1 1 1 1 1 5 1 |1 1 1 1 1 1 1 1 1 1 1 1 1 1 1 1 |1 1 1 1 1 1 1 1 1 1 1 1 1 1 1 1 |1 1 1 1 1 1 1 1 1 1 1 1 1 1 1 1 |1 1 1 1 1 1 3 3 1 1 1 1 1 1 1 1 |1 1 1 1 1 1 1 1 1 1 1 1 1 1 1 1 |1 1 1 1 1 1 1 1 5 1 1 1 1 1 1 1 |1 1 4 1 1 1 1 7 1 1 1 1 1 1 1 1 |1 1 1 9 1 1 7 1 1 1 1 8 1 1 1 1 |6 1 1 1 1 1 2 1 1 1 1 7 1 2 3 1 |1 4 1 1 1 1 2 1 1 1 7 7 3 1 10 1 |
18102: 4 1 1 1 1 1 1 1 1 1 1 4 1 1 1 1 |1 1 1 1 1 1 1 1 1 1 1 1 1 1 4 1 |1 1 1 1 1 1 1 1 1 1 1 1 1 1 1 1 |1 1 1 1 1 1 1 1 1 1 1 1 1 1 1 1 |1 1 1 1 1 1 1 1 1 1 1 1 1 1 1 1 |1 1 1 1 1 1 3 3 1 1 1 1 1 1 1 1 |1 1 1 1 1 1 1 1 1 1 1 1 1 1 1 1 |1 1 1 1 1 1 1 1 5 1 1 1 1 1 1 1 |1 1 4 1 1 1 1 7 1 1 1 1 1 1 1 1 |1 1 1 9 1 1 7 1 1 1 1 8 1 1 1 1 |6 1 1 1 1 1 2 1 1 1 1 7 1 2 3 1 |1 4 1 1 1 1 2 1 1 1 7 7 3 1 10 1 |
18113: 4 1 1 1 1 1 1 1 1 1 1 4 1 1 1 1 |1 1 1 1 1 1 1 1 1 1 1 1 1 1 4 1 |1 1 1 1 1 1 1 1 1 1 1 1 1 1 1 1 |1 1 1 1 1 1 1 1 1 1 1 1 1 1 1 1 |1 1 1 1 1 1 1 1 1 1 1 1 1 3 1 1 |1 1 1 1 1 1 2 1 1 3 1 1 1 1 1 1 |1 1 1 1 1 1 1 4 1 1 1 1 1 1 1 1 |1 1 1 11 5 1 1 1 4 2 1 1 1 1 1 1 |1 1 1 1 1 1 1 7 1 1 1 1 1 1 1 5 |1 1 1 1 1 1 1 1 1 1 1 9 1 1 1 1 |2 1 7 1 1 1 1 1 1 1 1 7 2 1 1 1 |1 4 1 1 1 1 2 1 1 1 7 7 3 1 10 1 |
18123: 4 1 1 1 1 1 1 1 1 1 1 4 1 1 1 1 |1 1 1 1 1 1 1 1 1 1 1 1 1 1 4 1 |1 1 1 1 1 1 1 1 1 1 1 1 1 1 1 1 |1 1 1 1 1 1 1 1 1 1 1 1 1 1 1 1 |1 1 1 1 1 1 1 1 1 1 1 1 1 3 1 1 |1 1 1 1 1 1 2 1 1 3 1 1 1 1 1 1 |1 1 1 1 1 1 1 4 1 1 1 1 1 1 1 1 |1 1 1 11 5 1 1 1 4 2 1 1 1 1 1 1 |1 1 1 1 1 1 1 7 1 1 1 1 1 1 1 5 |1 1 1 1 1 1 1 1 1 1 1 9 1 1 1 1 |2 1 7 1 1 1 1 1 1 1 1 7 2 1 1 1 |1 6 1 7 7 1 1 1 1 1 12 9 2 1 1 1 |
18134: 4 1 1 1 1 1 1 1 1 1 1 4 1 1 1 1 |1 1 1 1 1 1 1 1 1 1 1 1 1 1 4 1 |1 1 1 1 1 1 1 1 1 1 1 1 1 1 1 1 |1 1 1 1 1 1 1 1 1 1 1 1 1 1 1 1 |1 1 1 1 1 1 1 1 1 1 1 1 1 3 1 1 |1 1 1 1 1 1 2 1 1 3 1 1 1 1 1 1 |1 1 1 1 1 1 1 4 1 1 1 1 1 1 1 1 |1 1 1 11 5 1 1 1 4 2 1 1 1 1 1 1 |1 1 1 1 1 1 1 7 1 1 1 1 1 1 1 5 |1 1 1 1 1 1 1 1 1 1 1 9 1 1 1 1 |2 1 7 1 1 1 1 1 1 1 1 7 2 1 1 1 |1 6 1 7 7 1 1 1 1 1 12 9 2 1 1 1 |
18145: 1 1 1 1 2 1 1 1 1 1 1 5 1 1 1 1 |1 1 4 3 1 1 1 1 1 1 1 1 1 1 6 1 |1 1 1 1 1 1 1 1 1 1 1 1 1 1 1 1 |1 1 1 1 1 1 1 1 1 1 1 1 1 1 1 1 |1 1 1 1 1 1 1 1 1 1 1 1 1 1 1 1 |1 1 1 1 1 1 1 4 1 1 1 1 1 1 1 1 |1 1 1 1 1 1 1 1 1 1 1 1 1 1 1 1 |1 1 1 1 1 11 1 1 4 1 1 1 1 1 1 1 |1 1 1 1 1 1 1 7 1 1 1 1 1 1 1 1 |1 1 1 1 1 1 1 1 1 1 1 9 1 7 1 1 |2 1 7 1 1 1 1 1 1 1 1 7 2 1 1 1 |1 6 1 7 7 1 1 1 1 1 12 9 2 1 1 1 |
18155: 1 1 1 1 2 1 1 1 1 1 1 5 1 1 1 1 |1 1 4 3 1 1 1 1 1 1 1 1 1 1 6 1 |1 1 1 1 1 1 1 1 1 1 1 1 1 1 1 1 |1 1 1 1 1 1 1 1 1 1 1 1 1 1 1 1 |1 1 1 1 1 1 1 1 1 1 1 1 1 1 1 1 |1 1 1 1 1 1 1 4 1 1 1 1 1 1 1 1 |1 1 1 1 1 1 1 1 1 1 1 1 1 1 1 1 |1 1 1 1 1 11 1 1 4 1 1 1 1 1 1 1 |1 1 1 1 1 1 1 7 1 1 1 1 1 1 1 1 |1 1 1 1 1 1 1 1 1 1 1 9 1 7 1 1 |3 1 6 1 1 1 6 1 1 1 1 6 3 1 1 8 |1 1 1 1 1 1 1 1 1 1 8 1 1 1 10 2 |
18167: 1 1 1 1 1 1 1 1 1 1 8 1 1 1 1 1 |1 1 4 3 1 1 1 1 1 1 1 1 1 1 6 1 |1 1 1 1 1 1 1 1 1 1 1 1 1 1 1 1 |1 1 1 1 1 1 1 1 1 1 1 1 1 1 1 1 |1 1 1 1 1 1 1 1 1 1 1 1 1 1 1 1 |1 1 1 1 1 1 1 4 1 1 1 1 1 1 1 1 |1 1 1 1 1 1 1 1 1 1 1 1 1 1 1 1 |1 1 1 1 1 11 1 1 4 1 1 1 1 1 1 1 |1 1 1 1 1 1 1 7 1 1 1 1 1 1 1 1 |1 1 1 1 1 1 1 1 1 1 1 9 1 7 1 1 |3 1 6 1 1 1 6 1 1 1 1 6 3 1 1 8 |1 1 1 1 1 1 1 1 1 1 8 1 1 1 10 2 |
18177: 1 1 1 1 1 1 1 1 1 1 8 1 1 1 1 1 |1 1 6 6 4 1 1 1 1 1 1 1 1 1 4 1 |1 1 1 1 1 1 1 1 1 1 1 1 1 1 1 1 |1 1 1 1 1 1 1 1 1 1 1 1 1 1 1 1 |1 1 1 1 1 1 1 1 1 1 1 1 1 1 1 1 |1 1 1 1 4 2 1 3 1 3 3 1 1 2 1 1 |1 1 1 1 1 1 1 5 1 1 1 1 1 4 1 1 |1 1 1 1 4 1 1 1 4 1 1 1 1 1 1 4 |1 1 1 1 1 1 1 7 1 1 1 1 1 1 1 1 |1 1 1 9 1 1 1 1 1 1 1 8 1 1 1 1 |3 1 6 1 1 1 6 1 1 1 1 6 3 1 1 8 |1 1 1 1 1 1 1 1 1 1 8 1 1 1 10 2 |
18188: 1 1 1 1 1 1 1 1 1 1 8 1 1 1 1 1 |1 1 6 6 4 1 1 1 1 1 1 1 1 1 4 1 |1 1 1 1 1 1 1 1 1 1 1 1 1 1 1 1 |1 1 1 1 1 1 1 1 1 1 1 1 1 1 1 1 |1 1 1 1 1 1 1 1 1 1 1 1 1 1 1 1 |1 1 1 1 4 2 1 3 1 3 3 1 1 2 1 1 |1 1 1 1 1 1 1 5 1 1 1 1 1 4 1 1 |1 1 1 1 4 1 1 1 4 1 1 1 1 1 1 4 |1 1 1 1 1 1 1 7 1 1 1 1 1 1 1 1 |1 1 1 9 1 1 1 1 1 1 1 8 1 1 1 1 |3 1 1 1 1 1 1 1 1 1 1 5 1 1 1 1 |1 10 1 1 3 1 6 1 1 1 12 6 4 1 5 1 |
18199: 1 1 1 1 1 1 1 1 1 1 8 1 1 1 1 1 |1 1 6 6 4 1 1 1 1 1 1 1 1 1 4 1 |1 1 1 1 1 1 1 1 1 1 1 1 1 1 1 1 |1 1 1 1 1 1 1 1 1 1 1 1 1 1 1 1 |1 1 1 1 1 1 1 1 1 1 1 1 1 1 1 1 |1 1 1 1 4 2 1 3 1 3 3 1 1 2 1 1 |1 1 1 1 1 1 1 5 1 1 1 1 1 4 1 1 |1 1 1 1 4 1 1 1 4 1 1 1 1 1 1 4 |1 1 1 1 1 1 1 7 1 1 1 1 1 1 1 1 |1 1 1 9 1 1 1 1 1 1 1 8 1 1 1 1 |3 1 1 1 1 1 1 1 1 1 1 5 1 1 1 1 |1 10 1 1 3 1 6 1 1 1 12 6 4 1 5 1 |
18211: 1 1 1 1 1 1 1 1 1 1 6 7 1 1 1 1 |1 1 5 1 1 1 1 1 1 1 1 1 1 1 4 1 |1 1 1 1 1 1 1 1 1 1 1 1 1 1 1 1 |1 1 1 1 1 1 1 1 1 1 1 1 1 1 1 1 |1 1 1 1 1 1 1 1 1 1 1 1 1 1 1 1 |1 2 1 1 1 1 2 10 1 2 1 1 1 1 1 1 |1 1 1 1 1 1 1 5 1 1 1 1 1 1 1 1 |1 1 1 1 7 5 1 1 4 1 1 1 1 1 1 5 |1 1 1 1 1 1 1 8 1 1 1 1 1 1 1 1 |1 1 1 9 1 1 1 1 1 1 1 8 1 1 1 1 |3 1 1 1 1 1 1 1 1 1 1 5 1 1 1 1 |1 10 1 1 3 1 6 1 1 1 12 6 4 1 5 1 |
18222: 1 1 1 1 1 1 1 1 1 1 6 7 1 1 1 1 |1 1 5 1 1 1 1 1 1 1 1 1 1 1 4 1 |1 1 1 1 1 1 1 1 1 1 1 1 1 1 1 1 |1 1 1 1 1 1 1 1 1 1 1 1 1 1 1 1 |1 1 1 1 1 1 1 1 1 1 1 1 1 1 1 1 |1 2 1 1 1 1 2 10 1 2 1 1 1 1 1 1 |1 1 1 1 1 1 1 5 1 1 1 1 1 1 1 1 |1 1 1 1 7 5 1 1 4 1 1 1 1 1 1 5 |1 1 1 1 1 1 1 8 1 1 1 1 1 1 1 1 |1 1 1 1 1 1 1 1 1 1 1 8 1 1 1 1 |4 1 1 1 1 1 6 1 1 1 1 5 1 1 1 1 |1 12 1 1 1 1 1 1 1 1 1 6 1 1 3 1 |
18233: 1 1 1 1 1 1 1 1 1 1 6 7 1 1 1 1 |1 1 5 1 1 1 1 1 1 1 1 1 1 1 4 1 |1 1 1 1 1 1 1 1 1 1 1 1 1 1 1 1 |1 1 1 1 1 1 1 1 1 1 1 1 1 1 1 1 |1 1 1 1 1 1 1 1 1 1 1 1 1 1 1 1 |1 2 1 1 1 1 2 10 1 2 1 1 1 1 1 1 |1 1 1 1 1 1 1 5 1 1 1 1 1 1 1 1 |1 1 1 1 7 5 1 1 4 1 1 1 1 1 1 5 |1 1 1 1 1 1 1 8 1 1 1 1 1 1 1 1 |1 1 1 1 1 1 1 1 1 1 1 8 1 1 1 1 |4 1 1 1 1 1 6 1 1 1 1 5 1 1 1 1 |1 12 1 1 1 1 1 1 1 1 1 6 1 1 3 1 |
18243: 1 1 1 1 1 1 1 1 1 1 4 7 1 1 1 1 |1 1 1 1 1 1 1 1 1 1 1 1 1 1 5 1 |1 1 1 1 1 1 1 1 1 1 1 1 1 1 1 1 |1 1 1 1 1 1 1 1 1 1 1 1 1 1 1 1 |1 1 1 1 1 1 1 1 1 1 1 1 1 4 1 1 |1 1 1 1 1 1 1 5 1 2 3 1 1 1 1 1 |1 1 1 1 1 1 1 1 1 1 3 1 1 1 1 1 |1 1 1 1 3 5 1 1 1 1 1 1 1 1 1 1 |1 1 1 1 1 1 1 7 1 1 1 1 1 1 1 1 |1 1 1 1 1 1 1 1 1 1 1 8 1 1 1 1 |4 1 1 1 1 1 6 1 1 1 1 5 1 1 1 1 |1 12 1 1 1 1 1 1 1 1 1 6 1 1 3 1 |
18254: 1 1 1 1 1 1 1 1 1 1 4 7 1 1 1 1 |1 1 1 1 1 1 1 1 1 1 1 1 1 1 5 1 |1 1 1 1 1 1 1 1 1 1 1 1 1 1 1 1 |1 1 1 1 1 1 1 1 1 1 1 1 1 1 1 1 |1 1 1 1 1 1 1 1 1 1 1 1 1 4 1 1 |1 1 1 1 1 1 1 5 1 2 3 1 1 1 1 1 |1 1 1 1 1 1 1 1 1 1 3 1 1 1 1 1 |1 1 1 1 3 5 1 1 1 1 1 1 1 1 1 1 |1 1 1 1 1 1 1 7 1 1 1 1 1 1 1 1 |1 1 1 1 1 1 1 1 1 1 1 1 1 1 1 1 |5 1 1 1 1 1 6 1 1 1 1 1 1 1 1 2 |1 1 1 1 1 1 3 1 1 1 6 1 8 1 9 2 |
18265: 1 1 1 1 1 1 1 1 1 1 4 7 1 1 1 1 |1 1 1 1 1 1 1 1 1 1 1 1 1 1 5 1 |1 1 1 1 1 1 1 1 1 1 1 1 1 1 1 1 |1 1 1 1 1 1 1 1 1 1 1 1 1 1 1 1 |1 1 1 1 1 1 1 1 1 1 1 1 1 4 1 1 |1 1 1 1 1 1 1 5 1 2 3 1 1 1 1 1 |1 1 1 1 1 1 1 1 1 1 3 1 1 1 1 1 |1 1 1 1 3 5 1 1 1 1 1 1 1 1 1 1 |1 1 1 1 1 1 1 7 1 1 1 1 1 1 1 1 |1 1 1 1 1 1 1 1 1 1 1 1 1 1 1 1 |5 1 1 1 1 1 6 1 1 1 1 1 1 1 1 2 |1 1 1 1 1 1 3 1 1 1 6 1 8 1 9 2 |
18275: 2 1 1 1 1 1 1 1 1 1 5 1 1 1 1 1 |1 1 1 5 2 1 1 1 1 1 1 1 1 1 1 1 |1 1 1 1 1 1 1 1 1 1 1 1 1 1 1 1 |1 1 1 1 1 1 1 1 1 1 1 1 1 1 1 1 |1 1 1 1 1 1 1 1 1 1 1 1 1 1 1 1 |1 1 1 1 1 1 1 3 1 1 1 1 1 2 1 1 |1 1 1 1 1 1 1 1 1 1 1 1 1 1 1 1 |1 1 1 1 3 5 1 1 1 1 1 1 1 1 1 1 |1 1 1 1 1 1 1 7 1 1 1 1 1 1 1 1 |1 1 1 1 1 1 1 1 1 1 1 1 1 1 1 1 |5 1 1 1 1 1 6 1 1 1 1 1 1 1 1 2 |1 1 1 1 1 1 3 1 1 1 6 1 8 1 9 2 |
18286: 2 1 1 1 1 1 1 1 1 1 5 1 1 1 1 1 |1 1 1 5 2 1 1 1 1 1 1 1 1 1 1 1 |1 1 1 1 1 1 1 1 1 1 1 1 1 1 1 1 |1 1 1 1 1 1 1 1 1 1 1 1 1 1 1 1 |1 1 1 1 1 1 1 1 1 1 1 1 1 1 1 1 |1 1 1 1 1 1 1 3 1 1 1 1 1 2 1 1 |1 1 1 1 1 1 1 1 1 1 1 1 1 1 1 1 |1 1 1 2 6 1 1 1 1 1 1 1 1 1 1 1 |1 1 1 1 5 1 1 7 1 1 1 1 1 1 1 1 |1 1 1 8 1 1 1 1 1 1 1 8 1 1 1 1 |3 1 1 1 1 1 3 1 1 1 1 5 1 1 1 1 |1 6 1 1 8 1 1 1 1 1 1 1 10 1 11 1 |
18297: 2 1 1 1 1 1 1 1 1 1 5 1 1 1 1 1 |1 1 1 5 2 1 1 1 1 1 1 1 1 1 1 1 |1 1 1 1 1 1 1 1 1 1 1 1 1 1 1 1 |1 1 1 1 1 1 1 1 1 1 1 1 1 1 1 1 |1 1 1 1 1 1 1 1 1 1 1 1 1 1 1 1 |1 1 1 1 1 1 1 3 1 1 1 1 1 2 1 1 |1 1 1 1 1 1 1 1 1 1 1 1 1 1 1 1 |1 1 1 2 6 1 1 1 1 1 1 1 1 1 1 1 |1 1 1 1 5 1 1 7 1 1 1 1 1 1 1 1 |1 1 1 8 1 1 1 1 1 1 1 8 1 1 1 1 |3 1 1 1 1 1 3 1 1 1 1 5 1 1 1 1 |1 6 1 1 8 1 1 1 1 1 1 1 10 1 11 1 |
18308: 1 1 1 1 1 1 1 1 1 1 1 3 1 1 1 1 |1 1 1 1 1 1 1 1 1 1 1 1 1 1 5 1 |1 1 1 1 1 1 1 1 1 1 1 1 1 1 1 1 |1 1 1 1 1 1 1 1 1 1 1 1 1 1 1 1 |1 1 1 1 1 1 1 1 1 1 1 1 1 1 1 1 |1 1 1 1 1 1 1 4 1 1 1 1 1 2 1 1 |1 1 1 1 1 1 1 1 1 1 1 1 1 1 1 1 |1 1 1 2 6 1 1 1 1 1 1 1 1 1 1 1 |1 1 1 1 5 1 1 7 1 1 1 1 1 1 1 1 |1 1 1 8 1 1 1 1 1 1 1 8 1 1 1 1 |3 1 1 1 1 1 3 1 1 1 1 5 1 1 1 1 |1 6 1 1 8 1 1 1 1 1 1 1 10 1 11 1 |
18320: 1 1 1 1 1 1 1 1 1 1 1 3 1 1 1 1 |1 1 1 1 1 1 1 1 1 1 1 1 1 1 5 1 |1 1 1 1 1 1 1 1 1 1 1 1 1 1 1 1 |1 1 1 1 1 1 1 1 1 1 1 1 1 1 1 1 |1 1 1 1 1 1 1 1 1 1 1 1 1 1 1 1 |1 1 1 1 1 1 1 4 1 1 1 1 1 2 1 1 |1 1 1 1 1 1 1 1 1 1 1 1 1 1 1 1 |1 1 1 1 1 1 1 1 5 1 1 1 1 1 1 1 |1 1 2 1 1 1 1 1 1 1 1 1 1 1 1 1 |1 1 1 1 1 1 1 1 1 1 1 8 1 1 1 1 |2 1 1 1 1 1 1 1 1 1 1 6 1 1 1 6 |1 12 1 1 1 1 1 2 1 1 7 2 1 1 3 3 |
18331: 1 1 1 1 1 1 1 1 1 1 1 3 1 1 1 1 |1 1 1 1 1 1 1 1 1 1 1 1 1 1 5 1 |1 1 1 1 1 1 1 1 1 1 1 1 1 1 1 1 |1 1 1 1 1 1 1 1 1 1 1 1 1 1 1 1 |1 1 1 1 1 1 1 1 1 1 1 1 1 1 1 1 |1 1 1 1 1 1 1 4 1 1 1 1 1 2 1 1 |1 1 1 1 1 1 1 1 1 1 1 1 1 1 1 1 |1 1 1 1 1 1 1 1 5 1 1 1 1 1 1 1 |1 1 2 1 1 1 1 1 1 1 1 1 1 1 1 1 |1 1 1 1 1 1 1 1 1 1 1 8 1 1 1 1 |2 1 1 1 1 1 1 1 1 1 1 6 1 1 1 6 |1 12 1 1 1 1 1 2 1 1 7 2 1 1 3 3 |
18342: 1 1 1 1 1 1 1 1 1 1 4 7 1 1 1 1 |1 1 1 4 5 1 1 1 1 1 1 1 1 1 4 1 |1 1 1 1 1 1 1 1 1 1 1 1 1 1 1 1 |1 1 1 1 1 1 1 1 1 1 1 1 1 1 1 1 |1 1 1 1 1 1 1 1 1 1 1 1 1 3 1 1 |1 1 1 1 1 1 2 3 1 1 1 1 1 1 1 1 |1 1 1 1 1 1 1 1 1 1 1 1 1 1 1 1 |1 1 1 1 1 1 1 1 5 1 1 1 1 1 1 1 |1 1 2 1 1 1 1 1 1 1 1 1 1 1 1 1 |1 1 1 1 1 1 1 1 1 1 1 8 1 1 1 1 |2 1 1 1 1 1 1 1 1 1 1 6 1 1 1 6 |1 12 1 1 1 1 1 2 1 1 7 2 1 1 3 3 |
18354: 1 1 1 1 1 1 1 1 1 1 4 7 1 1 1 1 |1 1 1 4 5 1 1 1 1 1 1 1 1 1 4 1 |1 1 1 1 1 1 1 1 1 1 1 1 1 1 1 1 |1 1 1 1 1 1 1 1 1 1 1 1 1 1 1 1 |1 1 1 1 1 1 1 1 1 1 1 1 1 3 1 1 |1 1 1 1 1 1 2 3 1 1 1 1 1 1 1 1 |1 1 1 1 1 1 1 1 1 1 1 1 1 1 1 1 |1 1 1 1 1 1 1 1 5 1 1 1 1 1 1 1 |1 1 1 1 1 1 1 9 1 1 1 1 1 1 1 1 |1 1 1 1 1 1 10 1 1 1 1 6 1 1 1 1 |1 1 1 1 1 1 8 1 1 1 1 6 2 1 1 1 |1 1 1 1 1 1 1 1 1 1 12 2 1 1 1 1 |
18364: 1 1 1 1 1 1 1 1 1 1 4 7 1 1 1 1 |1 1 1 4 5 1 1 1 1 1 1 1 1 1 4 1 |1 1 1 1 1 1 1 1 1 1 1 1 1 1 1 1 |1 1 1 1 1 1 1 1 1 1 1 1 1 1 1 1 |1 1 1 1 1 1 1 1 1 1 1 1 1 3 1 1 |1 1 1 1 1 1 2 3 1 1 1 1 1 1 1 1 |1 1 1 1 1 1 1 1 1 1 1 1 1 1 1 1 |1 1 1 1 1 1 1 1 5 1 1 1 1 1 1 1 |1 1 1 1 1 1 1 9 1 1 1 1 1 1 1 1 |1 1 1 1 1 1 10 1 1 1 1 6 1 1 1 1 |1 1 1 1 1 1 8 1 1 1 1 6 2 1 1 1 |1 1 1 1 1 1 1 1 1 1 12 2 1 1 1 1 |
18376: 4 1 1 5 1 1 1 1 1 1 5 7 1 1 1 1 |1 1 1 1 6 1 1 1 1 1 1 1 1 1 1 1 |1 1 1 1 1 1 1 1 1 1 1 1 1 1 1 1 |1 1 1 1 1 1 1 1 1 1 1 1 1 1 1 1 |1 1 1 1 1 1 1 1 1 1 1 1 1 1 1 1 |1 2 1 1 1 1 1 2 2 1 1 1 1 3 1 1 |1 1 1 1 1 1 1 1 1 1 1 1 1 1 1 1 |1 1 1 1 1 1 1 1 5 1 1 1 1 1 1 1 |1 1 1 1 1 1 1 9 1 1 1 1 1 1 1 1 |1 1 1 1 1 1 10 1 1 1 1 6 1 1 1 1 |1 1 1 1 1 1 8 1 1 1 1 6 2 1 1 1 |1 1 1 1 1 1 1 1 1 1 12 2 1 1 1 1 |
18387: 4 1 1 5 1 1 1 1 1 1 5 7 1 1 1 1 |1 1 1 1 6 1 1 1 1 1 1 1 1 1 1 1 |1 1 1 1 1 1 1 1 1 1 1 1 1 1 1 1 |1 1 1 1 1 1 1 1 1 1 1 1 1 1 1 1 |1 1 1 1 1 1 1 1 1 1 1 1 1 1 1 1 |1 2 1 1 1 1 1 2 2 1 1 1 1 3 1 1 |1 1 1 1 1 1 1 1 1 1 1 2 1 1 1 2 |1 1 1 1 5 1 1 1 4 1 1 1 1 1 1 1 |1 1 1 1 1 1 1 8 1 1 1 1 1 1 1 1 |1 1 1 1 1 1 1 1 1 1 1 8 1 1 1 1 |2 1 1 1 1 1 1 1 1 1 1 1 1 1 1 7 |1 6 1 1 1 1 1 1 1 1 13 1 1 1 9 2 |
18398: 4 1 1 5 1 1 1 1 1 1 5 7 1 1 1 1 |1 1 1 1 6 1 1 1 1 1 1 1 1 1 1 1 |1 1 1 1 1 1 1 1 1 1 1 1 1 1 1 1 |1 1 1 1 1 1 1 1 1 1 1 1 1 1 1 1 |1 1 1 1 1 1 1 1 1 1 1 1 1 1 1 1 |1 2 1 1 1 1 1 2 2 1 1 1 1 3 1 1 |1 1 1 1 1 1 1 1 1 1 1 2 1 1 1 2 |1 1 1 1 5 1 1 1 4 1 1 1 1 1 1 1 |1 1 1 1 1 1 1 8 1 1 1 1 1 1 1 1 |1 1 1 1 1 1 1 1 1 1 1 8 1 1 1 1 |2 1 1 1 1 1 1 1 1 1 1 1 1 1 1 7 |1 6 1 1 1 1 1 1 1 1 13 1 1 1 9 2 |
18441: 7 1 1 1 1 1 1 1 1 1 5 7 1 1 1 1 |1 1 1 1 1 1 1 1 1 1 1 1 1 1 2 1 |1 1 1 1 1 1 1 1 1 1 1 1 1 1 1 1 |1 1 1 1 1 1 1 1 2 1 1 1 1 1 1 1 |1 1 1 1 1 1 1 1 1 1 1 1 1 3 1 1 |1 1 1 1 1 1 1 1 3 2 1 1 1 1 1 1 |1 1 1 1 1 1 1 1 1 1 4 1 1 1 1 1 |1 1 1 3 1 1 1 1 1 1 1 1 5 1 1 5 |1 1 3 2 1 1 1 9 1 1 2 1 7 1 1 1 |1 1 1 1 1 1 1 1 1 1 1 8 1 1 1 1 |2 1 1 1 1 1 1 1 1 1 1 1 1 1 1 7 |1 6 1 1 1 1 1 1 1 1 13 1 1 1 9 2 |
18451: 7 1 1 1 1 1 1 1 1 1 5 7 1 1 1 1 |1 1 1 1 1 1 1 1 1 1 1 1 1 1 2 1 |1 1 1 1 1 1 1 1 1 1 1 1 1 1 1 1 |1 1 1 1 1 1 1 1 2 1 1 1 1 1 1 1 |1 1 1 1 1 1 1 1 1 1 1 1 1 3 1 1 |1 1 1 1 1 1 1 1 3 2 1 1 1 1 1 1 |1 1 1 1 1 1 1 1 1 1 4 1 1 1 1 1 |1 1 1 3 1 1 1 1 1 1 1 1 5 1 1 5 |1 1 3 2 1 1 1 9 1 1 2 1 7 1 1 1 |1 1 1 1 2 1 1 1 1 1 1 9 1 1 1 1 |4 1 1 1 1 1 8 1 1 1 1 7 2 1 1 1 |1 12 1 1 2 1 1 1 1 1 6 1 8 1 10 8 |
18461: 7 1 1 1 1 1 1 1 1 1 5 7 1 1 1 1 |1 1 1 1 1 1 1 1 1 1 1 1 1 1 2 1 |1 1 1 1 1 1 1 1 1 1 1 1 1 1 1 1 |1 1 1 1 1 1 1 1 2 1 1 1 1 1 1 1 |1 1 1 1 1 1 1 1 1 1 1 1 1 3 1 1 |1 1 1 1 1 1 1 1 3 2 1 1 1 1 1 1 |1 1 1 1 1 1 1 1 1 1 4 1 1 1 1 1 |1 1 1 3 1 1 1 1 1 1 1 1 5 1 1 5 |1 1 3 2 1 1 1 9 1 1 2 1 7 1 1 1 |1 1 1 1 2 1 1 1 1 1 1 9 1 1 1 1 |4 1 1 1 1 1 8 1 1 1 1 7 2 1 1 1 |1 12 1 1 2 1 1 1 1 1 6 1 8 1 10 8 |
18471: 1 1 1 1 2 1 1 1 1 1 1 1 1 1 1 1 |1 1 4 1 1 1 1 1 1 1 1 1 1 1 5 1 |1 1 1 1 1 1 1 1 1 1 1 1 1 1 1 1 |1 1 1 1 1 1 1 1 1 1 1 1 1 1 1 1 |1 1 1 1 1 1 1 1 1 1 1 1 1 1 1 1 |1 1 1 1 1 1 2 2 1 1 1 1 1 3 1 1 |1 1 1 1 1 1 1 1 1 1 1 1 1 1 1 1 |1 1 1 13 5 6 1 1 4 1 1 1 2 1 1 3 |1 1 3 2 1 1 1 9 1 1 2 1 7 1 1 1 |1 1 1 1 2 1 1 1 1 1 1 9 1 1 1 1 |4 1 1 1 1 1 8 1 1 1 1 7 2 1 1 1 |1 12 1 1 2 1 1 1 1 1 6 1 8 1 10 8 |
18482: 1 1 1 1 2 1 1 1 1 1 1 1 1 1 1 1 |1 1 4 1 1 1 1 1 1 1 1 1 1 1 5 1 |1 1 1 1 1 1 1 1 1 1 1 1 1 1 1 1 |1 1 1 1 1 1 1 1 1 1 1 1 1 1 1 1 |1 1 1 1 1 1 1 1 1 1 1 1 1 1 1 1 |1 1 1 1 1 1 2 2 1 1 1 1 1 3 1 1 |1 1 1 1 1 1 1 1 1 1 1 1 1 1 1 1 |1 1 1 13 5 6 1 1 4 1 1 1 2 1 1 3 |1 1 1 1 1 1 1 6 1 1 1 1 1 1 1 1 |1 1 1 1 1 4 1 1 1 1 1 1 1 8 1 1 |3 1 1 1 1 1 8 1 1 1 1 6 1 1 1 7 |1 12 1 7 1 1 4 1 1 1 1 9 1 1 10 5 |
18492: 1 1 1 1 2 1 1 1 1 1 1 1 1 1 1 1 |1 1 4 1 1 1 1 1 1 1 1 1 1 1 5 1 |1 1 1 1 1 1 1 1 1 1 1 1 1 1 1 1 |1 1 1 1 1 1 1 1 1 1 1 1 1 1 1 1 |1 1 1 1 1 1 1 1 1 1 1 1 1 1 1 1 |1 1 1 1 1 1 2 2 1 1 1 1 1 3 1 1 |1 1 1 1 1 1 1 1 1 1 1 1 1 1 1 1 |1 1 1 13 5 6 1 1 4 1 1 1 2 1 1 3 |1 1 1 1 1 1 1 6 1 1 1 1 1 1 1 1 |1 1 1 1 1 4 1 1 1 1 1 1 1 8 1 1 |3 1 1 1 1 1 8 1 1 1 1 6 1 1 1 7 |1 12 1 7 1 1 4 1 1 1 1 9 1 1 10 5 |
18502: 1 1 1 1 3 1 1 1 1 1 4 9 1 1 1 1 |1 1 5 1 1 1 1 1 1 1 1 1 1 1 1 1 |1 1 1 1 1 1 1 1 1 1 1 1 1 1 1 1 |1 1 1 1 1 1 1 1 1 1 1 1 1 1 1 1 |1 1 1 1 1 1 1 1 1 1 1 1 1 1 1 1 |1 1 1 1 1 1 2 2 1 1 1 1 1 3 1 1 |1 1 1 1 1 1 1 1 1 1 1 1 1 1 1 1 |1 1 1 13 5 6 1 1 4 1 1 1 2 1 1 3 |1 1 1 1 1 1 1 6 1 1 1 1 1 1 1 1 |1 1 1 1 1 4 1 1 1 1 1 1 1 8 1 1 |3 1 1 1 1 1 8 1 1 1 1 6 1 1 1 7 |1 12 1 7 1 1 4 1 1 1 1 9 1 1 10 5 |
18513: 1 1 1 1 3 1 1 1 1 1 4 9 1 1 1 1 |1 1 5 1 1 1 1 1 1 1 1 1 1 1 1 1 |1 1 1 1 1 1 1 1 1 1 1 1 1 1 1 1 |1 1 1 1 1 1 1 1 1 1 1 1 1 1 1 1 |1 1 1 1 1 1 1 1 1 1 1 1 1 1 1 1 |1 1 1 1 1 1 1 3 1 1 1 1 1 2 1 1 |1 1 1 1 1 1 1 1 1 1 1 1 1 1 1 1 |1 1 1 3 1 11 1 1 5 1 1 1 1 1 1 4 |1 1 1 1 1 1 1 7 1 1 1 1 1 1 1 1 |2 1 1 1 1 1 7 1 1 1 1 8 1 8 1 2 |5 1 1 1 1 1 6 1 1 1 1 7 2 1 1 1 |1 1 1 1 1 1 1 2 1 1 7 7 1 1 3 2 |
18523: 1 1 1 1 3 1 1 1 1 1 4 9 1 1 1 1 |1 1 5 1 1 1 1 1 1 1 1 1 1 1 1 1 |1 1 1 1 1 1 1 1 1 1 1 1 1 1 1 1 |1 1 1 1 1 1 1 1 1 1 1 1 1 1 1 1 |1 1 1 1 1 1 1 1 1 1 1 1 1 1 1 1 |1 1 1 1 1 1 1 3 1 1 1 1 1 2 1 1 |1 1 1 1 1 1 1 1 1 1 1 1 1 1 1 1 |1 1 1 3 1 11 1 1 5 1 1 1 1 1 1 4 |1 1 1 1 1 1 1 7 1 1 1 1 1 1 1 1 |2 1 1 1 1 1 7 1 1 1 1 8 1 8 1 2 |5 1 1 1 1 1 6 1 1 1 1 7 2 1 1 1 |1 1 1 1 1 1 1 2 1 1 7 7 1 1 3 2 |
18534: 1 1 1 1 1 1 1 1 1 1 1 5 1 1 1 1 |1 1 3 4 4 1 1 1 1 1 1 1 1 1 3 1 |1 1 1 1 1 1 1 1 1 1 1 1 1 1 1 1 |1 1 1 1 1 1 1 1 1 1 1 1 1 1 1 1 |1 1 1 1 1 1 1 1 1 1 1 1 1 1 1 1 |1 1 1 1 1 1 1 3 1 1 1 1 1 2 1 1 |1 1 1 1 1 1 1 1 1 1 1 1 1 1 1 1 |1 1 1 3 1 11 1 1 5 1 1 1 1 1 1 4 |1 1 1 1 1 1 1 7 1 1 1 1 1 1 1 1 |2 1 1 1 1 1 7 1 1 1 1 8 1 8 1 2 |5 1 1 1 1 1 6 1 1 1 1 7 2 1 1 1 |1 1 1 1 1 1 1 2 1 1 7 7 1 1 3 2 |
18545: 1 1 1 1 1 1 1 1 1 1 1 5 1 1 1 1 |1 1 3 4 4 1 1 1 1 1 1 1 1 1 3 1 |1 1 1 1 1 1 1 1 1 1 1 1 1 1 1 1 |1 1 1 1 1 1 1 1 1 1 1 1 1 1 1 1 |1 1 1 1 1 1 1 1 1 1 1 1 1 1 1 1 |1 1 1 1 1 1 2 3 1 2 1 1 1 1 1 1 |1 1 1 1 1 1 1 1 1 1 1 1 1 1 1 1 |1 1 1 2 4 2 1 1 4 1 1 1 1 1 1 1 |1 1 1 1 1 1 1 8 1 1 1 1 1 1 1 1 |1 1 1 8 1 1 1 1 1 1 1 7 1 1 1 1 |1 1 1 1 1 1 1 1 1 1 1 6 1 1 9 6 |1 5 1 1 1 1 1 1 1 1 6 1 1 1 10 1 |
18555: 1 1 1 1 1 1 1 1 1 1 1 5 1 1 1 1 |1 1 3 4 4 1 1 1 1 1 1 1 1 1 3 1 |1 1 1 1 1 1 1 1 1 1 1 1 1 1 1 1 |1 1 1 1 1 1 1 1 1 1 1 1 1 1 1 1 |1 1 1 1 1 1 1 1 1 1 1 1 1 1 1 1 |1 1 1 1 1 1 2 3 1 2 1 1 1 1 1 1 |1 1 1 1 1 1 1 1 1 1 1 1 1 1 1 1 |1 1 1 2 4 2 1 1 4 1 1 1 1 1 1 1 |1 1 1 1 1 1 1 8 1 1 1 1 1 1 1 1 |1 1 1 8 1 1 1 1 1 1 1 7 1 1 1 1 |1 1 1 1 1 1 1 1 1 1 1 6 1 1 9 6 |1 5 1 1 1 1 1 1 1 1 6 1 1 1 10 1 |
18567: 3 1 1 1 1 1 1 1 1 1 6 4 1 1 1 1 |1 1 5 1 1 1 1 1 1 1 1 1 1 1 3 1 |1 1 1 1 1 1 1 1 1 1 1 1 1 1 1 1 |1 1 1 1 1 1 1 1 1 1 1 1 1 1 1 1 |1 1 1 1 1 1 1 1 1 1 1 1 1 3 1 1 |1 1 1 1 1 1 3 2 1 3 2 1 1 2 1 1 |1 1 1 1 1 1 1 1 1 1 1 1 1 1 1 1 |1 1 1 2 4 2 1 1 4 1 1 1 1 1 1 1 |1 1 1 1 1 1 1 8 1 1 1 1 1 1 1 1 |1 1 1 8 1 1 1 1 1 1 1 7 1 1 1 1 |1 1 1 1 1 1 1 1 1 1 1 6 1 1 9 6 |1 5 1 1 1 1 1 1 1 1 6 1 1 1 10 1 |
18578: 3 1 1 1 1 1 1 1 1 1 6 4 1 1 1 1 |1 1 5 1 1 1 1 1 1 1 1 1 1 1 3 1 |1 1 1 1 1 1 1 1 1 1 1 1 1 1 1 1 |1 1 1 1 1 1 1 1 1 1 1 1 1 1 1 1 |1 1 1 1 1 1 1 1 1 1 1 1 1 3 1 1 |1 1 1 1 1 1 3 2 1 3 2 1 1 2 1 1 |1 1 1 1 1 1 1 1 1 1 1 1 1 1 1 1 |1 1 1 12 5 1 1 1 6 1 1 1 1 1 1 4 |1 1 1 1 1 1 1 6 1 1 3 1 5 1 1 1 |1 1 1 1 1 1 1 1 1 1 1 9 1 1 1 1 |3 1 1 1 1 1 6 1 1 1 1 7 3 1 2 8 |1 5 1 1 1 1 1 1 1 1 3 9 6 1 1 1 |
18588: 3 1 1 1 1 1 1 1 1 1 6 4 1 1 1 1 |1 1 5 1 1 1 1 1 1 1 1 1 1 1 3 1 |1 1 1 1 1 1 1 1 1 1 1 1 1 1 1 1 |1 1 1 1 1 1 1 1 1 1 1 1 1 1 1 1 |1 1 1 1 1 1 1 1 1 1 1 1 1 3 1 1 |1 1 1 1 1 1 3 2 1 3 2 1 1 2 1 1 |1 1 1 1 1 1 1 1 1 1 1 1 1 1 1 1 |1 1 1 12 5 1 1 1 6 1 1 1 1 1 1 4 |1 1 1 1 1 1 1 6 1 1 3 1 5 1 1 1 |1 1 1 1 1 1 1 1 1 1 1 9 1 1 1 1 |3 1 1 1 1 1 6 1 1 1 1 7 3 1 2 8 |1 5 1 1 1 1 1 1 1 1 3 9 6 1 1 1 |
18600: 2 1 1 1 1 1 1 1 1 1 1 7 1 1 1 1 |1 1 3 3 4 1 1 1 1 1 1 1 1 1 6 1 |1 1 1 1 1 1 1 1 1 1 1 1 1 1 1 1 |1 1 1 1 1 1 1 1 1 1 1 1 1 1 1 1 |1 1 1 1 1 1 1 1 1 1 1 1 1 3 1 1 |1 1 1 1 1 1 3 2 1 3 2 1 1 2 1 1 |1 1 1 1 1 1 1 1 1 1 1 1 1 1 1 1 |1 1 1 12 5 1 1 1 6 1 1 1 1 1 1 4 |1 1 1 1 1 1 1 6 1 1 3 1 5 1 1 1 |1 1 1 1 1 1 1 1 1 1 1 9 1 1 1 1 |3 1 1 1 1 1 6 1 1 1 1 7 3 1 2 8 |1 5 1 1 1 1 1 1 1 1 3 9 6 1 1 1 |
18611: 2 1 1 1 1 1 1 1 1 1 1 7 1 1 1 1 |1 1 3 3 4 1 1 1 1 1 1 1 1 1 6 1 |1 1 1 1 1 1 1 1 1 1 1 1 1 1 1 1 |1 1 4 1 1 1 1 1 1 1 1 1 1 1 1 1 |1 1 1 1 1 1 1 1 1 1 1 1 1 3 1 1 |1 1 1 1 1 1 1 3 1 2 1 1 1 3 1 1 |1 1 1 1 1 1 1 1 1 1 1 1 1 1 1 1 |1 1 1 2 1 12 1 1 1 1 1 1 1 1 1 1 |1 1 1 1 1 1 1 9 1 1 1 1 1 1 1 1 |1 1 1 1 1 1 1 1 1 1 1 8 1 1 1 1 |4 1 1 1 1 1 9 1 1 1 1 6 1 1 1 2 |1 1 1 1 1 1 1 1 1 1 13 2 1 2 7 1 |
18622: 2 1 1 1 1 1 1 1 1 1 1 7 1 1 1 1 |1 1 3 3 4 1 1 1 1 1 1 1 1 1 6 1 |1 1 1 1 1 1 1 1 1 1 1 1 1 1 1 1 |1 1 4 1 1 1 1 1 1 1 1 1 1 1 1 1 |1 1 1 1 1 1 1 1 1 1 1 1 1 3 1 1 |1 1 1 1 1 1 1 3 1 2 1 1 1 3 1 1 |1 1 1 1 1 1 1 1 1 1 1 1 1 1 1 1 |1 1 1 2 1 12 1 1 1 1 1 1 1 1 1 1 |1 1 1 1 1 1 1 9 1 1 1 1 1 1 1 1 |1 1 1 1 1 1 1 1 1 1 1 8 1 1 1 1 |4 1 1 1 1 1 9 1 1 1 1 6 1 1 1 2 |1 1 1 1 1 1 1 1 1 1 13 2 1 2 7 1 |
18633: 2 1 1 1 1 1 1 1 1 1 5 1 1 1 1 1 |1 1 2 3 1 1 1 1 1 1 1 1 1 1 4 1 |1 1 1 1 1 1 1 1 1 1 1 1 1 1 1 1 |1 1 1 1 1 1 1 1 1 1 1 1 1 1 1 1 |1 1 1 1 1 1 1 1 1 1 1 1 1 1 1 1 |1 1 1 1 1 1 1 3 1 2 1 1 1 3 1 1 |1 1 1 1 1 1 1 1 1 1 1 1 1 1 1 1 |1 1 1 2 1 12 1 1 1 1 1 1 1 1 1 1 |1 1 1 1 1 1 1 9 1 1 1 1 1 1 1 1 |1 1 1 1 1 1 1 1 1 1 1 8 1 1 1 1 |4 1 1 1 1 1 9 1 1 1 1 6 1 1 1 2 |1 1 1 1 1 1 1 1 1 1 13 2 1 2 7 1 |
18644: 2 1 1 1 1 1 1 1 1 1 5 1 1 1 1 1 |1 1 2 3 1 1 1 1 1 1 1 1 1 1 4 1 |1 1 1 1 1 1 1 1 1 1 1 1 1 1 1 1 |1 1 1 1 1 1 1 1 1 1 1 1 1 1 1 1 |1 1 1 1 1 1 1 1 1 1 1 1 1 1 1 1 |1 1 1 1 1 1 1 4 1 1 1 1 1 2 1 1 |1 1 1 1 1 1 1 1 1 1 1 1 1 1 1 1 |1 1 1 1 6 1 1 1 1 1 1 1 1 1 1 4 |1 1 1 1 1 1 1 9 1 1 1 1 5 1 1 1 |1 1 1 1 1 1 1 1 1 1 1 10 2 1 1 1 |1 1 2 1 1 1 2 1 1 1 1 1 1 1 1 1 |1 6 1 1 1 1 1 2 1 1 11 2 9 1 1 3 |
18655: 2 1 1 1 1 1 1 1 1 1 5 1 1 1 1 1 |1 1 2 3 1 1 1 1 1 1 1 1 1 1 4 1 |1 1 1 1 1 1 1 1 1 1 1 1 1 1 1 1 |1 1 1 1 1 1 1 1 1 1 1 1 1 1 1 1 |1 1 1 1 1 1 1 1 1 1 1 1 1 1 1 1 |1 1 1 1 1 1 1 4 1 1 1 1 1 2 1 1 |1 1 1 1 1 1 1 1 1 1 1 1 1 1 1 1 |1 1 1 1 6 1 1 1 1 1 1 1 1 1 1 4 |1 1 1 1 1 1 1 9 1 1 1 1 5 1 1 1 |1 1 1 1 1 1 1 1 1 1 1 10 2 1 1 1 |1 1 2 1 1 1 2 1 1 1 1 1 1 1 1 1 |1 6 1 1 1 1 1 2 1 1 11 2 9 1 1 3 |
18666: 3 1 1 1 1 1 1 1 1 1 1 4 1 1 1 1 |1 1 5 3 1 1 1 1 1 1 1 1 1 1 6 1 |1 1 1 1 1 1 1 1 1 1 1 1 1 1 1 1 |1 1 1 1 1 1 1 1 1 1 1 1 1 1 1 1 |1 1 1 1 1 1 1 1 1 1 1 1 1 1 1 1 |1 1 1 1 1 1 1 4 1 1 1 1 1 2 1 1 |1 1 1 1 1 1 1 1 1 1 1 1 1 1 1 1 |1 1 1 1 6 1 1 1 1 1 1 1 1 1 1 4 |1 1 1 1 1 1 1 9 1 1 1 1 5 1 1 1 |1 1 1 1 1 1 1 1 1 1 1 10 2 1 1 1 |1 1 2 1 1 1 2 1 1 1 1 1 1 1 1 1 |1 6 1 1 1 1 1 2 1 1 11 2 9 1 1 3 |
18676: 3 1 1 1 1 1 1 1 1 1 1 4 1 1 1 1 |1 1 5 3 1 1 1 1 1 1 1 1 1 1 6 1 |1 1 1 1 1 1 1 1 1 1 1 1 1 1 1 1 |1 1 1 1 1 1 1 1 1 1 1 1 1 1 1 1 |1 1 1 1 1 1 1 1 1 1 1 1 1 1 1 1 |1 1 1 1 1 1 1 9 1 4 2 1 1 1 1 1 |1 1 1 1 1 1 1 3 1 1 1 1 1 1 1 1 |1 1 1 13 1 8 1 1 1 1 1 1 1 1 1 4 |1 1 1 2 1 1 1 1 1 1 1 1 1 1 1 1 |1 1 2 1 1 1 1 1 1 1 1 1 1 1 1 1 |2 1 7 1 1 1 7 1 1 1 1 8 4 1 1 7 |1 6 1 1 1 1 1 2 1 1 11 2 9 1 1 3 |
18688: 3 1 1 1 1 1 1 1 1 1 1 4 1 1 1 1 |1 1 5 3 1 1 1 1 1 1 1 1 1 1 6 1 |1 1 1 1 1 1 1 1 1 1 1 1 1 1 1 1 |1 1 1 1 1 1 1 1 1 1 1 1 1 1 1 1 |1 1 1 1 1 1 1 1 1 1 1 1 1 1 1 1 |1 1 1 1 1 1 1 9 1 4 2 1 1 1 1 1 |1 1 1 1 1 1 1 3 1 1 1 1 1 1 1 1 |1 1 1 13 1 8 1 1 1 1 1 1 1 1 1 4 |1 1 1 2 1 1 1 1 1 1 1 1 1 1 1 1 |1 1 2 1 1 1 1 1 1 1 1 1 1 1 1 1 |2 1 7 1 1 1 7 1 1 1 1 8 4 1 1 7 |1 5 1 1 1 1 1 1 1 1 3 7 6 1 1 1 |
18698: 1 1 1 1 1 1 1 1 1 1 1 5 1 1 1 1 |1 1 1 6 5 1 1 1 1 1 1 1 1 1 4 1 |1 1 1 1 1 1 1 1 1 1 1 1 1 1 1 1 |1 1 1 1 1 1 1 1 1 1 1 1 1 1 1 1 |1 1 1 1 1 1 1 1 1 1 1 1 1 1 1 1 |1 1 1 1 1 1 1 9 1 4 2 1 1 1 1 1 |1 1 1 1 1 1 1 3 1 1 1 1 1 1 1 1 |1 1 1 13 1 8 1 1 1 1 1 1 1 1 1 4 |1 1 1 2 1 1 1 1 1 1 1 1 1 1 1 1 |1 1 2 1 1 1 1 1 1 1 1 1 1 1 1 1 |2 1 7 1 1 1 7 1 1 1 1 8 4 1 1 7 |1 5 1 1 1 1 1 1 1 1 3 7 6 1 1 1 |
18710: 1 1 1 1 1 1 1 1 1 1 1 5 1 1 1 1 |1 1 1 6 5 1 1 1 1 1 1 1 1 1 4 1 |1 1 1 1 1 1 1 1 1 1 1 1 1 1 1 1 |1 1 1 1 1 1 1 1 1 1 1 1 1 1 1 1 |1 1 1 1 1 1 1 1 1 1 1 1 1 4 1 1 |1 1 1 1 1 1 1 1 1 3 1 1 1 3 1 1 |1 1 1 1 1 1 1 5 1 1 1 1 1 1 1 1 |1 1 1 1 1 1 1 1 5 1 1 1 1 1 1 1 |1 1 1 1 1 1 1 7 1 1 1 1 1 1 1 1 |1 1 2 1 1 1 1 1 1 1 1 1 1 1 1 1 |2 1 7 1 1 1 7 1 1 1 1 8 4 1 1 7 |1 5 1 1 1 1 1 1 1 1 3 7 6 1 1 1 |
18721: 1 1 1 1 1 1 1 1 1 1 1 5 1 1 1 1 |1 1 1 6 5 1 1 1 1 1 1 1 1 1 4 1 |1 1 1 1 1 1 1 1 1 1 1 1 1 1 1 1 |1 1 1 1 1 1 1 1 1 1 1 1 1 1 1 1 |1 1 1 1 1 1 1 1 1 1 1 1 1 4 1 1 |1 1 1 1 1 1 1 1 1 3 1 1 1 3 1 1 |1 1 1 1 1 1 1 5 1 1 1 1 1 1 1 1 |1 1 1 1 1 1 1 1 5 1 1 1 1 1 1 1 |1 1 1 1 1 1 1 7 1 1 1 1 1 1 1 1 |1 1 1 1 1 1 1 1 1 1 1 1 1 1 1 1 |3 1 1 1 1 1 6 1 1 1 1 6 1 1 1 2 |1 1 1 1 1 1 3 2 1 1 12 2 1 1 10 2 |
18732: 4 1 1 1 1 1 1 1 1 1 1 4 1 1 1 1 |1 1 1 1 1 1 1 1 1 1 1 1 1 1 1 1 |1 1 1 1 1 1 1 1 1 1 1 1 1 1 1 1 |1 1 1 1 1 1 1 1 1 1 1 1 1 1 1 1 |1 1 1 1 1 1 1 1 1 1 1 1 1 4 1 1 |1 1 1 1 1 1 1 1 1 3 1 1 1 3 1 1 |1 1 1 1 1 1 1 5 1 1 1 1 1 1 1 1 |1 1 1 1 1 1 1 1 5 1 1 1 1 1 1 1 |1 1 1 1 1 1 1 7 1 1 1 1 1 1 1 1 |1 1 1 1 1 1 1 1 1 1 1 1 1 1 1 1 |3 1 1 1 1 1 6 1 1 1 1 6 1 1 1 2 |1 1 1 1 1 1 3 2 1 1 12 2 1 1 10 2 |
18742: 4 1 1 1 1 1 1 1 1 1 1 4 1 1 1 1 |1 1 1 1 1 1 1 1 1 1 1 1 1 1 1 1 |1 1 1 1 1 1 1 1 1 1 1 1 1 1 1 1 |1 1 1 1 1 1 1 1 1 1 1 1 1 1 1 1 |1 1 1 1 1 1 1 1 1 1 1 1 1 4 1 1 |1 1 1 1 1 5 1 3 1 1 1 1 1 2 1 1 |1 1 1 1 1 1 1 1 1 1 1 1 1 1 1 2 |1 1 1 1 5 2 1 1 1 1 1 1 1 1 1 4 |1 1 2 1 1 1 1 8 1 1 1 1 1 1 1 1 |1 1 1 9 1 1 1 1 1 1 1 10 1 1 1 1 |3 1 1 1 1 1 6 1 1 1 1 6 1 1 1 2 |1 1 1 1 1 1 3 2 1 1 12 2 1 1 10 2 |
18753: 4 1 1 1 1 1 1 1 1 1 1 4 1 1 1 1 |1 1 1 1 1 1 1 1 1 1 1 1 1 1 1 1 |1 1 1 1 1 1 1 1 1 1 1 1 1 1 1 1 |1 1 1 1 1 1 1 1 1 1 1 1 1 1 1 1 |1 1 1 1 1 1 1 1 1 1 1 1 1 4 1 1 |1 1 1 1 1 5 1 3 1 1 1 1 1 2 1 1 |1 1 1 1 1 1 1 1 1 1 1 1 1 1 1 2 |1 1 1 1 5 2 1 1 1 1 1 1 1 1 1 4 |1 1 2 1 1 1 1 8 1 1 1 1 1 1 1 1 |1 1 1 9 1 1 1 1 1 1 1 10 1 1 1 1 |5 1 8 1 1 1 1 1 1 1 1 7 1 1 5 1 |1 5 1 1 9 1 1 1 1 1 5 1 1 2 2 1 |
18764: 4 1 1 1 1 1 1 1 1 1 1 1 1 1 1 1 |1 1 1 1 1 1 1 1 1 1 1 1 1 1 1 1 |1 1 1 1 1 1 1 1 1 1 1 1 1 1 1 1 |1 1 1 1 1 1 1 1 1 1 1 1 1 1 1 1 |1 1 1 1 1 1 1 1 1 1 1 1 1 4 1 1 |1 1 1 1 1 5 1 3 1 1 1 1 1 2 1 1 |1 1 1 1 1 1 1 1 1 1 1 1 1 1 1 2 |1 1 1 1 5 2 1 1 1 1 1 1 1 1 1 4 |1 1 2 1 1 1 1 8 1 1 1 1 1 1 1 1 |1 1 1 9 1 1 1 1 1 1 1 10 1 1 1 1 |5 1 8 1 1 1 1 1 1 1 1 7 1 1 5 1 |1 5 1 1 9 1 1 1 1 1 5 1 1 2 2 1 |
18775: 4 1 1 1 1 1 1 1 1 1 1 1 1 1 1 1 |1 1 1 1 8 1 1 1 1 1 1 1 1 1 3 1 |1 1 1 1 1 1 1 1 1 1 1 1 1 1 1 1 |1 1 1 1 1 1 1 1 1 1 1 1 1 1 1 1 |1 1 1 1 1 1 1 1 1 1 1 1 1 3 1 1 |1 1 1 1 1 1 1 6 2 2 2 1 1 4 1 1 |1 1 1 1 1 1 1 1 1 1 1 1 1 1 1 1 |1 1 3 3 5 6 1 1 6 1 1 1 5 1 1 3 |1 1 2 1 1 1 1 8 1 1 1 1 1 1 1 1 |1 1 1 9 1 1 1 1 1 1 1 10 1 1 1 1 |5 1 8 1 1 1 1 1 1 1 1 7 1 1 5 1 |1 5 1 1 9 1 1 1 1 1 5 1 1 2 2 1 |
18785: 4 1 1 1 1 1 1 1 1 1 1 1 1 1 1 1 |1 1 1 1 8 1 1 1 1 1 1 1 1 1 3 1 |1 1 1 1 1 1 1 1 1 1 1 1 1 1 1 1 |1 1 1 1 1 1 1 1 1 1 1 1 1 1 1 1 |1 1 1 1 1 1 1 1 1 1 1 1 1 3 1 1 |1 1 1 1 1 1 1 6 2 2 2 1 1 4 1 1 |1 1 1 1 1 1 1 1 1 1 1 1 1 1 1 1 |1 1 3 3 5 6 1 1 6 1 1 1 5 1 1 3 |1 1 2 1 1 1 1 8 1 1 1 1 1 1 1 4 |1 1 1 1 1 1 1 1 1 1 1 1 1 8 1 1 |4 1 1 1 1 1 6 1 1 1 1 5 8 1 1 11 |1 7 1 7 9 1 1 3 1 1 12 3 8 1 7 9 |
18797: 4 1 1 1 1 1 1 1 1 1 1 1 1 1 1 1 |1 1 1 1 8 1 1 1 1 1 1 1 1 1 3 1 |1 1 1 1 1 1 1 1 1 1 1 1 1 1 1 1 |1 1 1 1 1 1 1 1 1 1 1 1 1 1 1 1 |1 1 1 1 1 1 1 1 1 1 1 1 1 3 1 1 |1 1 1 1 1 1 1 6 2 2 2 1 1 4 1 1 |1 1 1 1 1 1 1 1 1 1 1 1 1 1 1 1 |1 1 3 3 5 6 1 1 6 1 1 1 5 1 1 3 |1 1 2 1 1 1 1 8 1 1 1 1 1 1 1 4 |1 1 1 1 1 1 1 1 1 1 1 1 1 8 1 1 |4 1 1 1 1 1 6 1 1 1 1 5 8 1 1 11 |1 7 1 7 9 1 1 3 1 1 12 3 8 1 7 9 |
18807: 1 1 1 1 1 1 1 1 1 1 1 1 1 1 1 1 |1 1 4 4 5 1 1 1 1 1 1 1 1 1 4 1 |1 1 1 1 1 1 1 1 1 1 1 1 1 1 1 1 |1 1 1 1 1 1 1 1 1 1 1 1 1 1 1 1 |1 1 1 1 1 1 1 1 1 1 1 1 1 3 1 1 |1 1 1 1 1 1 3 4 1 2 1 1 1 2 1 1 |1 1 1 1 1 1 1 1 1 1 1 1 1 1 1 1 |1 1 1 1 1 8 1 1 5 1 1 1 6 1 1 1 |1 1 2 1 1 1 1 8 1 1 1 1 1 1 1 4 |1 1 1 1 1 1 1 1 1 1 1 1 1 8 1 1 |4 1 1 1 1 1 6 1 1 1 1 5 8 1 1 11 |1 7 1 7 9 1 1 3 1 1 12 3 8 1 7 9 |
18819: 1 1 1 1 1 1 1 1 1 1 1 1 1 1 1 1 |1 1 4 4 5 1 1 1 1 1 1 1 1 1 4 1 |1 1 1 1 1 1 1 1 1 1 1 1 1 1 1 1 |1 1 1 1 1 1 1 1 1 1 1 1 1 1 1 1 |1 1 1 1 1 1 1 1 1 1 1 1 1 3 1 1 |1 1 1 1 1 1 3 4 1 2 1 1 1 2 1 1 |1 1 1 1 1 1 1 1 1 1 1 1 1 1 1 1 |1 1 1 1 1 8 1 1 5 1 1 1 6 1 1 1 |1 1 1 1 1 1 1 8 1 1 1 1 1 1 1 2 |1 1 1 9 1 1 1 1 1 1 1 10 1 1 1 1 |4 1 2 1 1 1 6 1 1 1 1 5 1 1 1 1 |1 2 1 1 1 1 1 1 1 1 1 1 7 1 3 3 |
18829: 2 1 1 7 1 1 1 1 1 1 4 8 1 1 1 1 |1 1 4 4 5 1 1 1 1 1 1 1 1 1 4 1 |1 1 1 1 1 1 1 1 1 1 1 1 1 1 1 1 |1 1 1 1 1 1 1 1 1 1 1 1 1 1 1 1 |1 1 1 1 1 1 1 1 1 1 1 1 1 3 1 1 |1 1 1 1 1 1 3 4 1 2 1 1 1 2 1 1 |1 1 1 1 1 1 1 1 1 1 1 1 1 1 1 1 |1 1 1 1 1 8 1 1 5 1 1 1 6 1 1 1 |1 1 1 1 1 1 1 8 1 1 1 1 1 1 1 2 |1 1 1 9 1 1 1 1 1 1 1 10 1 1 1 1 |4 1 2 1 1 1 6 1 1 1 1 5 1 1 1 1 |1 2 1 1 1 1 1 1 1 1 1 1 7 1 3 3 |
18840: 2 1 1 7 1 1 1 1 1 1 4 8 1 1 1 1 |1 1 6 4 1 1 1 1 1 1 1 1 1 1 1 1 |1 1 1 1 1 1 1 1 1 1 1 1 1 1 1 1 |1 1 1 1 1 1 1 1 1 1 1 1 1 1 1 1 |1 1 1 1 1 1 1 1 1 1 1 1 1 1 1 1 |1 1 1 1 1 1 1 1 1 1 1 1 1 1 1 1 |1 1 1 1 1 1 1 5 1 1 1 1 1 1 1 1 |1 1 1 1 1 8 1 1 5 1 1 1 6 1 1 1 |1 1 1 1 1 1 1 8 1 1 1 1 1 1 1 2 |1 1 1 9 1 1 1 1 1 1 1 10 1 1 1 1 |4 1 2 1 1 1 6 1 1 1 1 5 1 1 1 1 |1 2 1 1 1 1 1 1 1 1 1 1 7 1 3 3 |
18851: 2 1 1 7 1 1 1 1 1 1 4 8 1 1 1 1 |1 1 6 4 1 1 1 1 1 1 1 1 1 1 1 1 |1 1 1 1 1 1 1 1 1 1 1 1 1 1 1 1 |1 1 1 1 1 1 1 1 1 1 1 1 1 1 1 1 |1 1 1 1 1 1 1 1 1 1 1 1 1 1 1 1 |1 1 1 1 1 1 1 1 1 1 1 1 1 1 1 1 |1 1 1 1 1 1 1 5 1 1 1 1 1 1 1 1 |1 1 1 1 6 6 1 1 1 1 1 1 1 1 1 1 |1 1 1 1 10 1 1 3 1 1 1 1 1 1 1 1 |1 1 1 1 1 1 1 1 1 1 1 1 1 1 1 1 |1 1 2 1 1 1 1 1 1 1 1 1 1 2 1 1 |1 6 1 1 1 1 1 1 1 1 13 6 6 1 9 3 |
18862: 2 1 1 7 1 1 1 1 1 1 4 8 1 1 1 1 |1 1 6 4 1 1 1 1 1 1 1 1 1 1 1 1 |1 1 1 1 1 1 1 1 1 1 1 1 1 1 1 1 |1 1 1 1 1 1 1 1 1 1 1 1 1 1 1 1 |1 1 1 1 1 1 1 1 1 1 1 1 1 1 1 1 |1 1 1 1 1 1 1 1 1 1 1 1 1 1 1 1 |1 1 1 1 1 1 1 5 1 1 1 1 1 1 1 1 |1 1 1 1 6 6 1 1 1 1 1 1 1 1 1 1 |1 1 1 1 10 1 1 3 1 1 1 1 1 1 1 1 |1 1 1 1 1 1 1 1 1 1 1 1 1 1 1 1 |1 1 2 1 1 1 1 1 1 1 1 1 1 2 1 1 |1 6 1 1 1 1 1 1 1 1 13 6 6 1 9 3 |
18873: 4 1 1 1 1 1 1 1 1 1 6 8 1 1 1 1 |1 1 1 1 1 1 1 1 1 1 1 1 1 1 3 1 |1 1 1 1 1 1 1 1 1 1 1 1 1 1 1 1 |1 1 1 1 1 1 1 1 1 1 1 1 1 1 1 1 |1 1 1 1 1 1 1 1 1 1 1 1 1 3 1 1 |1 1 1 1 1 1 1 1 1 1 1 1 1 1 1 1 |1 1 1 1 1 1 1 5 1 1 1 1 1 1 1 1 |1 1 1 1 6 6 1 1 1 1 1 1 1 1 1 1 |1 1 1 1 10 1 1 3 1 1 1 1 1 1 1 1 |1 1 1 1 1 1 1 1 1 1 1 1 1 1 1 1 |1 1 2 1 1 1 1 1 1 1 1 1 1 2 1 1 |1 6 1 1 1 1 1 1 1 1 13 6 6 1 9 3 |
18883: 4 1 1 1 1 1 1 1 1 1 6 8 1 1 1 1 |1 1 1 1 1 1 1 1 1 1 1 1 1 1 3 1 |1 1 1 1 1 1 1 1 1 1 1 1 1 1 1 1 |1 1 1 1 1 1 1 1 1 1 1 1 1 1 1 1 |1 1 1 1 1 1 1 1 1 1 1 1 1 3 1 1 |1 1 1 1 1 1 1 1 2 3 1 1 1 3 1 1 |1 1 1 1 1 1 1 1 1 1 1 1 1 1 1 1 |1 1 1 1 6 1 1 1 5 1 1 1 1 1 1 3 |1 1 3 1 1 1 1 9 1 1 1 1 1 1 1 1 |1 1 1 1 1 1 1 1 1 1 1 7 1 1 1 1 |3 1 1 1 1 1 1 1 1 1 1 6 3 1 1 1 |1 5 1 1 1 1 1 1 1 1 12 1 10 1 9 1 |
18894: 4 1 1 1 1 1 1 1 1 1 6 8 1 1 1 1 |1 1 1 1 1 1 1 1 1 1 1 1 1 1 3 1 |1 1 1 1 1 1 1 1 1 1 1 1 1 1 1 1 |1 1 1 1 1 1 1 1 1 1 1 1 1 1 1 1 |1 1 1 1 1 1 1 1 1 1 1 1 1 3 1 1 |1 1 1 1 1 1 1 1 2 3 1 1 1 3 1 1 |1 1 1 1 1 1 1 1 1 1 1 1 1 1 1 1 |1 1 1 1 6 1 1 1 5 1 1 1 1 1 1 3 |1 1 3 1 1 1 1 9 1 1 1 1 1 1 1 1 |1 1 1 1 1 1 1 1 1 1 1 7 1 1 1 1 |3 1 1 1 1 1 1 1 1 1 1 6 3 1 1 1 |1 5 1 1 1 1 1 1 1 1 12 1 10 1 9 1 |
18905: 6 1 1 1 2 1 1 1 1 1 4 5 1 1 1 1 |1 1 5 3 1 1 1 1 1 1 1 1 1 1 5 1 |1 1 1 1 1 1 1 1 1 1 1 1 1 1 1 1 |1 1 1 1 1 1 1 1 1 1 1 1 1 1 1 1 |1 1 1 1 1 1 1 1 1 1 1 1 1 4 1 1 |1 1 1 1 1 1 3 1 1 1 1 1 1 2 1 1 |1 1 1 1 1 1 1 1 1 1 1 1 1 1 1 1 |1 1 1 1 6 1 1 1 5 1 1 1 1 1 1 3 |1 1 3 1 1 1 1 9 1 1 1 1 1 1 1 1 |1 1 1 1 1 1 1 1 1 1 1 7 1 1 1 1 |3 1 1 1 1 1 1 1 1 1 1 6 3 1 1 1 |1 5 1 1 1 1 1 1 1 1 12 1 10 1 9 1 |
18916: 6 1 1 1 2 1 1 1 1 1 4 5 1 1 1 1 |1 1 5 3 1 1 1 1 1 1 1 1 1 1 5 1 |1 1 1 1 1 1 1 1 1 1 1 1 1 1 1 1 |1 1 1 1 1 1 1 1 1 1 1 1 1 1 1 1 |1 1 1 1 1 1 1 1 1 1 1 1 1 4 1 1 |1 1 1 1 1 1 3 1 1 1 1 1 1 2 1 1 |1 1 1 1 1 1 1 1 1 1 1 1 1 1 1 1 |1 1 1 5 5 1 1 1 4 1 1 1 1 1 1 1 |1 1 2 1 1 1 1 7 1 1 1 1 1 1 1 1 |1 1 1 1 1 1 1 1 1 1 1 9 1 1 1 1 |2 1 7 1 1 1 8 1 1 1 1 1 1 1 1 7 |1 6 1 1 1 1 1 1 1 1 12 2 1 1 1 1 |
18926: 6 1 1 1 2 1 1 1 1 1 4 5 1 1 1 1 |1 1 5 3 1 1 1 1 1 1 1 1 1 1 5 1 |1 1 1 1 1 1 1 1 1 1 1 1 1 1 1 1 |1 1 1 1 1 1 1 1 1 1 1 1 1 1 1 1 |1 1 1 1 1 1 1 1 1 1 1 1 1 4 1 1 |1 1 1 1 1 1 3 1 1 1 1 1 1 2 1 1 |1 1 1 1 1 1 1 1 1 1 1 1 1 1 1 1 |1 1 1 5 5 1 1 1 4 1 1 1 1 1 1 1 |1 1 2 1 1 1 1 7 1 1 1 1 1 1 1 1 |1 1 1 1 1 1 1 1 1 1 1 9 1 1 1 1 |2 1 7 1 1 1 8 1 1 1 1 1 1 1 1 7 |1 6 1 1 1 1 1 1 1 1 12 2 1 1 1 1 |
18937: 2 1 1 1 2 1 1 1 1 1 7 7 1 1 1 1 |1 1 2 5 4 1 1 1 1 1 1 1 1 1 1 1 |1 1 1 1 1 1 1 1 1 1 1 1 1 1 1 1 |1 1 6 1 1 1 1 1 1 1 1 1 1 1 1 1 |1 1 1 1 1 1 1 1 1 1 1 1 1 1 1 1 |1 1 1 1 1 1 2 4 1 1 1 1 1 3 1 1 |1 1 1 1 1 1 1 1 1 1 1 1 1 1 1 1 |1 1 1 5 5 1 1 1 4 1 1 1 1 1 1 1 |1 1 2 1 1 1 1 7 1 1 1 1 1 1 1 1 |1 1 1 1 1 1 1 1 1 1 1 9 1 1 1 1 |2 1 7 1 1 1 8 1 1 1 1 1 1 1 1 7 |1 6 1 1 1 1 1 1 1 1 12 2 1 1 1 1 |
18948: 2 1 1 1 2 1 1 1 1 1 7 7 1 1 1 1 |1 1 2 5 4 1 1 1 1 1 1 1 1 1 1 1 |1 1 1 1 1 1 1 1 1 1 1 1 1 1 1 1 |1 1 6 1 1 1 1 1 1 1 1 1 1 1 1 1 |1 1 1 1 1 1 1 1 1 1 1 1 1 1 1 1 |1 1 1 1 1 1 2 4 1 1 1 1 1 3 1 1 |1 1 1 1 1 1 1 1 1 1 1 1 1 1 1 1 |1 1 1 1 1 7 1 1 6 6 1 1 1 1 1 3 |1 1 1 1 1 1 1 6 1 1 6 1 1 1 1 1 |1 1 1 1 1 1 1 1 1 1 1 1 1 1 1 2 |3 1 1 1 1 1 1 1 1 1 1 1 1 1 1 9 |1 3 1 10 2 1 1 1 1 1 11 2 8 1 1 1 |
18959: 2 1 1 1 2 1 1 1 1 1 7 7 1 1 1 1 |1 1 2 5 4 1 1 1 1 1 1 1 1 1 1 1 |1 1 1 1 1 1 1 1 1 1 1 1 1 1 1 1 |1 1 6 1 1 1 1 1 1 1 1 1 1 1 1 1 |1 1 1 1 1 1 1 1 1 1 1 1 1 1 1 1 |1 1 1 1 1 1 2 4 1 1 1 1 1 3 1 1 |1 1 1 1 1 1 1 1 1 1 1 1 1 1 1 1 |1 1 1 1 1 7 1 1 6 6 1 1 1 1 1 3 |1 1 1 1 1 1 1 6 1 1 6 1 1 1 1 1 |1 1 1 1 1 1 1 1 1 1 1 1 1 1 1 2 |3 1 1 1 1 1 1 1 1 1 1 1 1 1 1 9 |1 3 1 10 2 1 1 1 1 1 11 2 8 1 1 1 |
18971: 4 1 1 1 1 1 1 1 1 1 6 6 1 1 1 1 |1 1 7 4 1 1 1 1 1 1 1 1 1 1 4 1 |1 1 1 1 1 1 1 1 1 1 1 1 1 1 1 1 |1 1 1 1 1 1 1 1 1 1 1 1 1 1 1 1 |1 1 1 1 1 1 1 1 1 1 1 1 1 3 1 1 |1 1 1 1 1 1 1 5 2 3 1 1 1 2 1 1 |1 1 1 1 1 1 1 1 1 1 1 1 1 1 1 1 |1 1 1 1 1 7 1 1 6 6 1 1 1 1 1 3 |1 1 1 1 1 1 1 6 1 1 6 1 1 1 1 1 |1 1 1 1 1 1 1 1 1 1 1 1 1 1 1 2 |3 1 1 1 1 1 1 1 1 1 1 1 1 1 1 9 |1 3 1 10 2 1 1 1 1 1 11 2 8 1 1 1 |
18982: 4 1 1 1 1 1 1 1 1 1 6 6 1 1 1 1 |1 1 7 4 1 1 1 1 1 1 1 1 1 1 4 1 |1 1 1 1 1 1 1 1 1 1 1 1 1 1 1 1 |1 1 1 1 1 1 1 1 1 1 1 1 1 1 1 1 |1 1 1 1 1 1 1 1 1 1 1 1 1 3 1 1 |1 1 1 1 1 1 1 5 2 3 1 1 1 2 1 1 |1 1 1 1 2 1 1 4 1 1 1 1 1 1 1 1 |1 1 1 1 7 6 1 1 1 1 1 1 1 1 1 4 |1 1 2 1 1 1 3 7 1 1 1 1 1 1 1 1 |1 1 1 1 1 1 1 1 1 1 1 1 1 1 1 1 |1 1 2 1 1 1 7 1 1 1 1 6 2 1 1 1 |1 6 1 1 2 1 2 1 1 1 5 1 8 1 8 1 |
18993: 4 1 1 1 1 1 1 1 1 1 6 6 1 1 1 1 |1 1 7 4 1 1 1 1 1 1 1 1 1 1 4 1 |1 1 1 1 1 1 1 1 1 1 1 1 1 1 1 1 |1 1 1 1 1 1 1 1 1 1 1 1 1 1 1 1 |1 1 1 1 1 1 1 1 1 1 1 1 1 3 1 1 |1 1 1 1 1 1 1 5 2 3 1 1 1 2 1 1 |1 1 1 1 2 1 1 4 1 1 1 1 1 1 1 1 |1 1 1 1 7 6 1 1 1 1 1 1 1 1 1 4 |1 1 2 1 1 1 3 7 1 1 1 1 1 1 1 1 |1 1 1 1 1 1 1 1 1 1 1 1 1 1 1 1 |1 1 2 1 1 1 7 1 1 1 1 6 2 1 1 1 |1 6 1 1 2 1 2 1 1 1 5 1 8 1 8 1 |
19004: 1 1 1 1 1 1 1 1 1 1 7 4 1 1 1 1 |1 1 4 5 1 1 1 1 1 1 1 1 1 1 5 1 |1 1 1 1 1 1 1 1 1 1 1 1 1 1 1 1 |1 1 1 1 1 1 1 1 1 1 1 1 1 1 1 1 |1 1 1 1 3 1 1 1 1 1 1 1 1 1 1 1 |1 1 1 1 1 1 1 5 2 3 1 1 1 2 1 1 |1 1 1 1 2 1 1 4 1 1 1 1 1 1 1 1 |1 1 1 1 7 6 1 1 1 1 1 1 1 1 1 4 |1 1 2 1 1 1 3 7 1 1 1 1 1 1 1 1 |1 1 1 1 1 1 1 1 1 1 1 1 1 1 1 1 |1 1 2 1 1 1 7 1 1 1 1 6 2 1 1 1 |1 6 1 1 2 1 2 1 1 1 5 1 8 1 8 1 |
19015: 1 1 1 1 1 1 1 1 1 1 7 4 1 1 1 1 |1 1 4 5 1 1 1 1 1 1 1 1 1 1 5 1 |1 1 1 1 1 1 1 1 1 1 1 1 1 1 1 1 |1 1 1 1 1 1 1 1 1 1 1 1 1 1 1 1 |1 1 1 1 3 1 1 1 1 1 1 1 1 1 1 1 |1 1 1 1 1 1 2 1 1 1 1 1 1 3 1 1 |1 1 1 1 1 1 1 1 1 1 1 1 1 1 1 1 |1 1 1 1 1 1 1 1 5 1 1 1 1 1 1 1 |1 1 1 1 1 1 1 7 1 1 1 1 1 1 1 1 |1 1 1 10 1 1 5 1 1 1 1 8 1 1 1 1 |2 1 1 1 1 1 1 1 1 1 1 6 5 1 1 7 |1 8 1 1 1 1 3 1 1 1 14 1 1 1 1 1 |
19025: 1 1 1 1 1 1 1 1 1 1 7 4 1 1 1 1 |1 1 4 5 1 1 1 1 1 1 1 1 1 1 5 1 |1 1 1 1 1 1 1 1 1 1 1 1 1 1 1 1 |1 1 1 1 1 1 1 1 1 1 1 1 1 1 1 1 |1 1 1 1 3 1 1 1 1 1 1 1 1 1 1 1 |1 1 1 1 1 1 2 1 1 1 1 1 1 3 1 1 |1 1 1 1 1 1 1 1 1 1 1 1 1 1 1 1 |1 1 1 1 1 1 1 1 5 1 1 1 1 1 1 1 |1 1 1 1 1 1 1 7 1 1 1 1 1 1 1 1 |1 1 1 10 1 1 5 1 1 1 1 8 1 1 1 1 |2 1 1 1 1 1 1 1 1 1 1 6 5 1 1 7 |1 8 1 1 1 1 3 1 1 1 14 1 1 1 1 1 |
19036: 1 1 1 1 1 1 1 1 1 1 4 7 1 1 1 1 |1 1 1 1 5 1 1 1 1 1 1 1 1 1 1 1 |1 1 1 1 1 1 1 1 1 1 1 1 1 1 1 1 |1 1 2 1 1 1 1 1 1 1 1 1 1 1 1 1 |1 1 1 1 1 1 1 1 1 1 1 1 1 1 1 1 |1 1 1 1 1 1 2 1 1 1 1 1 1 3 1 1 |1 1 1 1 1 1 1 1 1 1 1 1 1 1 1 1 |1 1 1 1 1 1 1 1 5 1 1 1 1 1 1 1 |1 1 1 1 1 1 1 7 1 1 1 1 1 1 1 1 |1 1 1 10 1 1 5 1 1 1 1 8 1 1 1 1 |2 1 1 1 1 1 1 1 1 1 1 6 5 1 1 7 |1 8 1 1 1 1 3 1 1 1 14 1 1 1 1 1 |
19047: 1 1 1 1 1 1 1 1 1 1 4 7 1 1 1 1 |1 1 1 1 5 1 1 1 1 1 1 1 1 1 1 1 |1 1 1 1 1 1 1 1 1 1 1 1 1 1 1 1 |1 1 2 1 1 1 1 1 1 1 1 1 1 1 1 1 |1 1 1 1 1 1 1 1 1 1 1 1 1 1 1 1 |1 1 1 1 6 1 3 1 1 1 1 1 1 1 1 1 |1 1 1 1 1 1 1 1 1 1 1 1 1 1 1 1 |1 1 1 1 5 2 1 1 4 2 1 1 1 1 1 3 |1 1 3 1 1 1 1 6 1 1 1 1 5 1 1 1 |1 1 2 1 1 1 1 1 1 1 1 9 1 1 1 1 |1 1 3 1 1 1 7 1 1 1 1 6 2 1 1 7 |1 6 1 7 2 1 1 1 1 1 1 1 1 1 1 2 |
19059: 1 1 1 1 1 1 1 1 1 1 4 7 1 1 1 1 |1 1 1 1 5 1 1 1 1 1 1 1 1 1 1 1 |1 1 1 1 1 1 1 1 1 1 1 1 1 1 1 1 |1 1 2 1 1 1 1 1 1 1 1 1 1 1 1 1 |1 1 1 1 1 1 1 1 1 1 1 1 1 1 1 1 |1 1 1 1 6 1 3 1 1 1 1 1 1 1 1 1 |1 1 1 1 1 1 1 1 1 1 1 1 1 1 1 1 |1 1 1 1 5 2 1 1 4 2 1 1 1 1 1 3 |1 1 3 1 1 1 1 6 1 1 1 1 5 1 1 1 |1 1 2 1 1 1 1 1 1 1 1 9 1 1 1 1 |1 1 3 1 1 1 7 1 1 1 1 6 2 1 1 7 |1 6 1 7 2 1 1 1 1 1 1 1 1 1 1 2 |
19069: 3 1 1 1 1 1 1 1 1 1 1 8 1 1 1 1 |1 1 8 6 5 1 1 1 1 1 1 1 1 1 5 1 |1 1 1 1 1 1 1 1 1 1 1 1 1 1 1 1 |1 1 1 1 1 1 1 1 1 1 1 1 1 1 1 1 |1 1 1 1 1 1 1 1 1 1 1 1 1 1 1 1 |1 1 1 1 6 1 3 1 1 1 1 1 1 1 1 1 |1 1 1 1 1 1 1 1 1 1 1 1 1 1 1 1 |1 1 1 1 5 2 1 1 4 2 1 1 1 1 1 3 |1 1 3 1 1 1 1 6 1 1 1 1 5 1 1 1 |1 1 2 1 1 1 1 1 1 1 1 9 1 1 1 1 |1 1 3 1 1 1 7 1 1 1 1 6 2 1 1 7 |1 6 1 7 2 1 1 1 1 1 1 1 1 1 1 2 |
19080: 3 1 1 1 1 1 1 1 1 1 1 8 1 1 1 1 |1 1 8 6 5 1 1 1 1 1 1 1 1 1 5 1 |1 1 1 1 1 1 1 1 1 1 1 1 1 1 1 1 |1 1 1 1 1 1 1 1 1 1 1 1 1 1 1 1 |1 1 1 1 1 1 1 1 1 1 1 1 1 1 1 1 |1 1 1 1 1 1 1 2 1 2 1 1 1 1 1 1 |1 1 1 1 1 1 1 5 1 1 1 1 1 1 1 1 |1 1 1 1 1 5 1 1 1 1 1 1 1 1 1 1 |1 1 2 1 1 1 1 8 1 1 1 1 4 1 1 1 |1 1 1 1 1 1 1 1 1 1 1 1 1 1 1 1 |6 1 8 1 1 1 7 1 1 1 1 6 1 1 6 8 |1 10 1 8 1 1 1 1 1 1 11 3 8 1 9 2 |
19091: 3 1 1 1 1 1 1 1 1 1 1 8 1 1 1 1 |1 1 8 6 5 1 1 1 1 1 1 1 1 1 5 1 |1 1 1 1 1 1 1 1 1 1 1 1 1 1 1 1 |1 1 1 1 1 1 1 1 1 1 1 1 1 1 1 1 |1 1 1 1 1 1 1 1 1 1 1 1 1 1 1 1 |1 1 1 1 1 1 1 2 1 2 1 1 1 1 1 1 |1 1 1 1 1 1 1 5 1 1 1 1 1 1 1 1 |1 1 1 1 1 5 1 1 1 1 1 1 1 1 1 1 |1 1 2 1 1 1 1 8 1 1 1 1 4 1 1 1 |1 1 1 1 1 1 1 1 1 1 1 1 1 1 1 1 |6 1 8 1 1 1 7 1 1 1 1 6 1 1 6 8 |1 10 1 8 1 1 1 1 1 1 11 3 8 1 9 2 |
19102: 3 1 1 1 1 1 1 1 1 1 1 8 1 1 1 1 |1 1 8 6 5 1 1 1 1 1 1 1 1 1 5 1 |1 1 1 1 1 1 1 1 1 1 1 1 1 1 1 1 |1 1 1 1 1 1 1 1 1 1 1 1 1 1 1 1 |1 1 1 1 1 1 1 1 1 1 1 1 1 1 1 1 |1 1 1 1 1 1 1 2 1 2 1 1 1 1 1 1 |1 1 1 1 1 1 1 5 1 1 1 1 1 1 1 1 |1 1 1 1 1 5 1 1 1 1 1 1 1 1 1 1 |1 1 2 1 1 1 1 8 1 1 1 1 4 1 1 1 |1 1 1 1 1 1 1 1 1 1 1 1 1 1 1 1 |6 1 8 1 1 1 7 1 1 1 1 6 1 1 6 8 |1 10 1 8 1 1 1 1 1 1 11 3 8 1 9 2 |
19133: 4 1 1 1 1 1 1 1 1 1 1 7 1 1 1 1 |1 1 1 1 1 1 1 1 1 1 1 1 1 1 1 1 |1 1 1 1 1 1 1 1 1 1 1 1 1 1 1 1 |1 1 1 1 1 1 1 1 1 1 1 1 1 1 1 1 |1 1 1 1 1 1 1 1 1 1 1 1 1 1 1 1 |1 1 1 1 1 1 1 2 1 2 1 1 1 1 1 1 |1 1 1 1 1 1 1 5 1 1 1 1 1 1 1 1 |1 1 1 1 1 5 1 1 1 1 1 1 1 1 1 1 |1 1 2 1 1 1 1 8 1 1 1 1 4 1 1 1 |1 1 1 1 1 1 1 1 1 1 1 1 1 1 1 1 |6 1 8 1 1 1 7 1 1 1 1 6 1 1 6 8 |1 10 1 8 1 1 1 1 1 1 11 3 8 1 9 2 |
19144: 4 1 1 1 1 1 1 1 1 1 1 7 1 1 1 1 |1 1 1 1 1 1 1 1 1 1 1 1 1 1 1 1 |1 1 1 1 1 1 1 1 1 1 1 1 1 1 1 1 |1 1 1 1 1 1 1 1 1 1 1 1 1 1 1 1 |1 1 1 1 1 1 1 1 1 1 1 1 1 1 1 1 |1 1 1 1 1 1 4 1 2 2 2 1 1 1 1 1 |1 1 1 1 1 1 1 2 1 1 1 1 1 1 1 2 |1 1 1 1 7 2 1 1 1 2 1 1 1 1 1 4 |1 1 1 1 1 1 1 1 1 1 2 1 6 1 1 14 |1 1 1 8 1 1 2 1 1 1 1 7 2 7 1 1 |4 1 2 1 1 1 1 1 1 1 1 7 2 2 1 1 |1 11 1 8 2 1 1 1 1 1 3 9 8 1 10 8 |
19155: 4 1 1 1 1 1 1 1 1 1 1 7 1 1 1 1 |1 1 1 1 1 1 1 1 1 1 1 1 1 1 1 1 |1 1 1 1 1 1 1 1 1 1 1 1 1 1 1 1 |1 1 1 1 1 1 1 1 1 1 1 1 1 1 1 1 |1 1 1 1 1 1 1 1 1 1 1 1 1 1 1 1 |1 1 1 1 1 1 4 1 2 2 2 1 1 1 1 1 |1 1 1 1 1 1 1 2 1 1 1 1 1 1 1 2 |1 1 1 1 7 2 1 1 1 2 1 1 1 1 1 4 |1 1 1 1 1 1 1 1 1 1 2 1 6 1 1 14 |1 1 1 8 1 1 2 1 1 1 1 7 2 7 1 1 |4 1 2 1 1 1 1 1 1 1 1 7 2 2 1 1 |1 11 1 8 2 1 1 1 1 1 3 9 8 1 10 8 |
19165: 3 1 1 1 1 1 1 1 1 1 1 6 1 1 1 1 |1 1 2 4 1 1 1 1 1 1 1 1 1 1 5 1 |1 1 1 1 1 1 1 1 1 1 1 1 1 1 1 1 |1 1 1 1 1 1 1 1 1 1 1 1 1 1 1 1 |1 1 1 1 1 1 1 1 1 1 1 1 1 1 1 1 |1 1 1 1 1 1 4 1 2 2 2 1 1 1 1 1 |1 1 1 1 1 1 1 2 1 1 1 1 1 1 1 2 |1 1 1 1 7 2 1 1 1 2 1 1 1 1 1 4 |1 1 1 1 1 1 1 1 1 1 2 1 6 1 1 14 |1 1 1 8 1 1 2 1 1 1 1 7 2 7 1 1 |4 1 2 1 1 1 1 1 1 1 1 7 2 2 1 1 |1 11 1 8 2 1 1 1 1 1 3 9 8 1 10 8 |
19176: 3 1 1 1 1 1 1 1 1 1 1 6 1 1 1 1 |1 1 2 4 1 1 1 1 1 1 1 1 1 1 5 1 |1 1 1 1 1 1 1 1 1 1 1 1 1 1 1 1 |1 1 1 1 1 1 1 1 1 1 1 1 1 1 1 1 |1 1 1 1 1 1 1 1 1 1 1 1 1 2 1 1 |1 1 1 3 1 1 1 3 2 1 1 1 1 5 1 1 |1 1 1 1 1 1 1 1 1 1 1 1 1 1 1 1 |1 1 1 1 1 1 1 1 1 1 1 1 1 1 1 4 |1 1 1 1 1 1 1 9 1 1 1 1 1 1 1 1 |1 1 1 8 1 1 1 1 1 1 1 10 2 1 1 1 |4 1 2 1 1 1 1 1 1 1 1 7 2 2 1 1 |1 11 1 8 2 1 1 1 1 1 3 9 8 1 10 8 |
19186: 3 1 1 1 1 1 1 1 1 1 1 6 1 1 1 1 |1 1 2 4 1 1 1 1 1 1 1 1 1 1 5 1 |1 1 1 1 1 1 1 1 1 1 1 1 1 1 1 1 |1 1 1 1 1 1 1 1 1 1 1 1 1 1 1 1 |1 1 1 1 1 1 1 1 1 1 1 1 1 2 1 1 |1 1 1 3 1 1 1 3 2 1 1 1 1 5 1 1 |1 1 1 1 1 1 1 1 1 1 1 1 1 1 1 1 |1 1 1 1 1 1 1 1 1 1 1 1 1 1 1 4 |1 1 1 1 1 1 1 9 1 1 1 1 1 1 1 1 |1 1 1 8 1 1 1 1 1 1 1 10 2 1 1 1 |3 1 2 1 1 1 9 1 1 1 1 5 1 1 1 2 |1 1 1 1 1 1 1 1 1 1 7 2 1 1 9 2 |
19196: 2 1 1 1 1 1 1 1 1 1 2 5 1 1 1 1 |1 1 2 4 1 1 1 1 1 1 1 1 1 1 5 1 |1 1 1 1 1 1 1 1 1 1 1 1 1 1 1 1 |1 1 1 1 1 1 1 1 1 1 1 1 1 1 1 1 |1 1 1 1 1 1 1 1 1 1 1 1 1 2 1 1 |1 1 1 3 1 1 1 3 2 1 1 1 1 5 1 1 |1 1 1 1 1 1 1 1 1 1 1 1 1 1 1 1 |1 1 1 1 1 1 1 1 1 1 1 1 1 1 1 4 |1 1 1 1 1 1 1 9 1 1 1 1 1 1 1 1 |1 1 1 8 1 1 1 1 1 1 1 10 2 1 1 1 |3 1 2 1 1 1 9 1 1 1 1 5 1 1 1 2 |1 1 1 1 1 1 1 1 1 1 7 2 1 1 9 2 |
19206: 2 1 1 1 1 1 1 1 1 1 2 5 1 1 1 1 |1 1 1 6 1 1 1 1 1 1 1 1 1 1 4 1 |1 1 1 1 1 1 1 1 1 1 1 1 1 1 1 1 |1 1 1 1 1 1 1 1 1 1 1 1 1 1 1 1 |1 1 1 1 1 1 1 1 1 1 1 1 1 1 1 1 |1 1 1 1 1 5 2 1 1 2 1 1 1 1 1 1 |1 1 1 1 1 1 1 1 1 1 1 1 1 1 1 1 |1 1 1 1 5 1 1 4 1 1 1 1 1 1 1 1 |1 1 1 1 1 1 1 9 1 1 1 1 1 1 1 1 |1 1 1 8 1 1 1 1 1 1 1 10 2 1 1 1 |3 1 2 1 1 1 9 1 1 1 1 5 1 1 1 2 |1 1 1 1 1 1 1 1 1 1 7 2 1 1 9 2 |
19217: 2 1 1 1 1 1 1 1 1 1 2 5 1 1 1 1 |1 1 1 6 1 1 1 1 1 1 1 1 1 1 4 1 |1 1 1 1 1 1 1 1 1 1 1 1 1 1 1 1 |1 1 1 1 1 1 1 1 1 1 1 1 1 1 1 1 |1 1 1 1 1 1 1 1 1 1 1 1 1 1 1 1 |1 1 1 1 1 5 2 1 1 2 1 1 1 1 1 1 |1 1 1 1 1 1 1 1 1 1 1 1 1 1 1 1 |1 1 1 1 5 1 1 4 1 1 1 1 1 1 1 1 |1 1 1 5 1 1 1 7 1 1 1 1 1 1 1 1 |1 1 1 9 1 1 5 1 1 1 1 9 2 8 1 1 |3 1 1 1 1 1 1 1 1 1 1 9 2 1 1 1 |1 5 1 1 1 1 2 1 1 1 3 9 1 1 10 1 |
19228: 2 1 1 1 1 1 1 1 1 1 2 5 1 1 1 1 |1 1 1 6 1 1 1 1 1 1 1 1 1 1 4 1 |1 1 1 1 1 1 1 1 1 1 1 1 1 1 1 1 |1 1 1 1 1 1 1 1 1 1 1 1 1 1 1 1 |1 1 1 1 1 1 1 1 1 1 1 1 1 1 1 1 |1 1 1 1 1 5 2 1 1 2 1 1 1 1 1 1 |1 1 1 1 1 1 1 1 1 1 1 1 1 1 1 1 |1 1 1 1 5 1 1 4 1 1 1 1 1 1 1 1 |1 1 1 5 1 1 1 7 1 1 1 1 1 1 1 1 |1 1 1 9 1 1 5 1 1 1 1 9 2 8 1 1 |3 1 1 1 1 1 1 1 1 1 1 9 2 1 1 1 |1 5 1 1 1 1 2 1 1 1 3 9 1 1 10 1 |
19238: 1 1 1 1 1 1 1 1 1 1 5 1 1 1 1 1 |1 1 3 9 5 1 1 1 1 1 1 1 1 1 1 1 |1 1 1 1 1 1 1 1 1 1 1 1 1 1 1 1 |1 1 1 1 1 1 1 1 1 1 1 1 1 1 1 1 |1 1 1 1 1 1 1 1 1 1 1 1 1 1 1 1 |1 1 1 1 1 1 3 3 1 3 1 1 1 1 1 1 |1 1 1 1 1 1 1 1 1 1 1 1 1 1 1 1 |1 1 1 1 5 1 1 4 1 1 1 1 1 1 1 1 |1 1 1 5 1 1 1 7 1 1 1 1 1 1 1 1 |1 1 1 9 1 1 5 1 1 1 1 9 2 8 1 1 |3 1 1 1 1 1 1 1 1 1 1 9 2 1 1 1 |1 5 1 1 1 1 2 1 1 1 3 9 1 1 10 1 |
19249: 1 1 1 1 1 1 1 1 1 1 5 1 1 1 1 1 |1 1 3 9 5 1 1 1 1 1 1 1 1 1 1 1 |1 1 1 1 1 1 1 1 1 1 1 1 1 1 1 1 |1 1 1 1 1 1 1 1 1 1 1 1 1 1 1 1 |1 1 1 1 1 1 1 1 1 1 1 1 1 1 1 1 |1 1 1 1 1 1 3 3 1 3 1 1 1 1 1 1 |1 1 1 1 1 1 1 1 1 1 1 1 1 1 1 1 |1 1 1 12 5 1 1 1 5 1 1 1 1 1 1 1 |1 1 2 1 1 1 1 7 1 1 1 1 1 1 1 1 |1 1 1 1 5 1 2 1 1 1 1 6 1 7 1 1 |3 1 1 1 1 1 9 1 1 1 1 6 2 1 1 2 |1 11 1 8 2 1 1 1 1 1 1 1 1 1 1 1 |
19259: 1 1 1 1 1 1 1 1 1 1 5 1 1 1 1 1 |1 1 3 9 5 1 1 1 1 1 1 1 1 1 1 1 |1 1 1 1 1 1 1 1 1 1 1 1 1 1 1 1 |1 1 1 1 1 1 1 1 1 1 1 1 1 1 1 1 |1 1 1 1 1 1 1 1 1 1 1 1 1 1 1 1 |1 1 1 1 1 1 3 3 1 3 1 1 1 1 1 1 |1 1 1 1 1 1 1 1 1 1 1 1 1 1 1 1 |1 1 1 12 5 1 1 1 5 1 1 1 1 1 1 1 |1 1 2 1 1 1 1 7 1 1 1 1 1 1 1 1 |1 1 1 1 5 1 2 1 1 1 1 6 1 7 1 1 |3 1 1 1 1 1 9 1 1 1 1 6 2 1 1 2 |1 11 1 8 2 1 1 1 1 1 1 1 1 1 1 1 |
19269: 1 1 1 1 1 1 1 1 1 1 1 4 1 1 1 1 |1 1 1 1 1 1 1 1 1 1 1 1 1 1 3 1 |1 1 1 1 1 1 1 1 1 1 1 1 1 1 1 1 |1 1 1 1 1 1 1 1 1 1 1 1 1 1 1 1 |1 1 1 1 1 1 1 1 1 1 1 1 1 1 1 1 |1 1 1 1 1 1 3 3 1 3 1 1 1 1 1 1 |1 1 1 1 1 1 1 1 1 1 1 1 1 1 1 1 |1 1 1 12 5 1 1 1 5 1 1 1 1 1 1 1 |1 1 2 1 1 1 1 7 1 1 1 1 1 1 1 1 |1 1 1 1 5 1 2 1 1 1 1 6 1 7 1 1 |3 1 1 1 1 1 9 1 1 1 1 6 2 1 1 2 |1 11 1 8 2 1 1 1 1 1 1 1 1 1 1 1 |
19280: 1 1 1 1 1 1 1 1 1 1 1 4 1 1 1 1 |1 1 1 1 1 1 1 1 1 1 1 1 1 1 3 1 |1 1 1 1 1 1 1 1 1 1 1 1 1 1 1 1 |1 1 1 1 1 1 1 1 1 1 1 1 1 1 1 1 |1 1 1 1 1 1 1 1 1 1 1 1 1 3 1 1 |1 1 1 1 1 1 1 3 1 2 1 1 1 1 1 1 |1 1 1 1 1 1 1 2 1 1 1 1 1 1 1 1 |1 1 1 1 1 1 1 1 1 1 1 1 1 1 1 1 |1 1 1 1 1 1 1 7 1 1 1 1 5 1 1 1 |1 1 1 9 1 1 1 1 1 1 1 10 1 1 1 1 |4 1 1 1 1 1 6 1 1 1 1 5 1 2 1 2 |1 11 1 8 2 1 1 1 1 1 1 1 1 1 1 1 |
19290: 1 1 1 1 1 1 1 1 1 1 1 4 1 1 1 1 |1 1 1 1 1 1 1 1 1 1 1 1 1 1 3 1 |1 1 1 1 1 1 1 1 1 1 1 1 1 1 1 1 |1 1 1 1 1 1 1 1 1 1 1 1 1 1 1 1 |1 1 1 1 1 1 1 1 1 1 1 1 1 3 1 1 |1 1 1 1 1 1 1 3 1 2 1 1 1 1 1 1 |1 1 1 1 1 1 1 2 1 1 1 1 1 1 1 1 |1 1 1 1 1 1 1 1 1 1 1 1 1 1 1 1 |1 1 1 1 1 1 1 7 1 1 1 1 5 1 1 1 |1 1 1 9 1 1 1 1 1 1 1 10 1 1 1 1 |4 1 1 1 1 1 6 1 1 1 1 5 1 2 1 2 |1 1 1 1 1 1 1 1 1 1 11 4 1 1 1 1 |
19301: 1 1 1 1 1 1 1 1 1 1 7 1 1 1 1 1 |1 1 1 1 5 1 1 1 1 1 1 1 1 1 1 1 |1 1 1 1 1 1 1 1 1 1 1 1 1 1 1 1 |1 1 1 1 1 1 1 1 1 1 1 1 1 1 1 1 |1 1 1 1 1 1 1 1 1 1 1 1 1 3 1 1 |1 1 1 1 1 1 1 3 1 2 1 1 1 1 1 1 |1 1 1 1 1 1 1 2 1 1 1 1 1 1 1 1 |1 1 1 1 1 1 1 1 1 1 1 1 1 1 1 1 |1 1 1 1 1 1 1 7 1 1 1 1 5 1 1 1 |1 1 1 9 1 1 1 1 1 1 1 10 1 1 1 1 |4 1 1 1 1 1 6 1 1 1 1 5 1 2 1 2 |1 1 1 1 1 1 1 1 1 1 11 4 1 1 1 1 |
19312: 1 1 1 1 1 1 1 1 1 1 7 1 1 1 1 1 |1 1 1 1 5 1 1 1 1 1 1 1 1 1 1 1 |1 1 1 1 1 1 1 1 1 1 1 1 1 1 1 1 |1 1 1 1 1 1 1 1 1 1 1 1 1 1 1 1 |1 1 1 1 1 1 1 1 1 1 1 1 1 1 1 1 |1 1 1 1 1 6 1 5 1 2 1 1 1 2 1 1 |1 1 1 1 1 1 1 1 1 1 1 1 1 1 1 1 |1 1 1 2 6 1 1 2 1 1 1 1 1 1 1 1 |1 1 2 1 4 1 1 7 1 1 1 1 1 1 1 1 |1 1 1 8 1 1 1 2 1 1 1 9 1 1 1 1 |2 1 1 1 1 1 1 1 1 1 1 9 1 1 1 8 |1 7 1 1 8 1 1 1 1 1 12 8 1 1 11 1 |
19323: 1 1 1 1 1 1 1 1 1 1 7 1 1 1 1 1 |1 1 1 1 5 1 1 1 1 1 1 1 1 1 1 1 |1 1 1 1 1 1 1 1 1 1 1 1 1 1 1 1 |1 1 1 1 1 1 1 1 1 1 1 1 1 1 1 1 |1 1 1 1 1 1 1 1 1 1 1 1 1 1 1 1 |1 1 1 1 1 6 1 5 1 2 1 1 1 2 1 1 |1 1 1 1 1 1 1 1 1 1 1 1 1 1 1 1 |1 1 1 2 6 1 1 2 1 1 1 1 1 1 1 1 |1 1 2 1 4 1 1 7 1 1 1 1 1 1 1 1 |1 1 1 8 1 1 1 2 1 1 1 9 1 1 1 1 |2 1 1 1 1 1 1 1 1 1 1 9 1 1 1 8 |1 7 1 1 8 1 1 1 1 1 12 8 1 1 11 1 |
19335: 1 1 1 1 1 1 1 1 1 1 5 7 1 1 1 1 |1 1 1 1 1 1 1 1 1 1 1 1 1 1 2 1 |1 1 1 1 1 1 1 1 1 1 1 1 1 1 1 1 |1 1 1 1 1 1 1 1 1 1 1 1 1 1 1 1 |1 1 1 1 1 1 1 1 1 1 1 1 1 1 1 1 |1 1 1 1 1 6 1 5 1 2 1 1 1 2 1 1 |1 1 1 1 1 1 1 1 1 1 1 1 1 1 1 1 |1 1 1 2 6 1 1 2 1 1 1 1 1 1 1 1 |1 1 2 1 4 1 1 7 1 1 1 1 1 1 1 1 |1 1 1 8 1 1 1 2 1 1 1 9 1 1 1 1 |2 1 1 1 1 1 1 1 1 1 1 9 1 1 1 8 |1 7 1 1 8 1 1 1 1 1 12 8 1 1 11 1 |
19345: 1 1 1 1 1 1 1 1 1 1 5 7 1 1 1 1 |1 1 1 1 1 1 1 1 1 1 1 1 1 1 2 1 |1 1 1 1 1 1 1 1 1 1 1 1 1 1 1 1 |1 1 1 1 1 1 1 1 1 1 1 1 1 1 1 1 |1 1 1 1 1 1 1 1 1 1 1 2 1 3 1 1 |1 1 1 1 1 1 1 11 3 2 2 1 1 3 1 1 |1 1 1 1 1 1 1 1 1 1 1 1 1 1 1 1 |1 1 1 1 6 3 1 1 1 1 1 1 1 1 1 1 |1 1 2 1 1 1 1 8 1 1 3 1 1 1 1 1 |1 1 1 1 1 1 1 1 1 1 1 9 1 1 1 1 |2 1 1 1 1 1 1 1 1 1 1 6 3 1 1 2 |1 7 1 1 8 1 1 1 1 1 12 8 1 1 11 1 |
19357: 1 1 1 1 1 1 1 1 1 1 5 7 1 1 1 1 |1 1 1 1 1 1 1 1 1 1 1 1 1 1 2 1 |1 1 1 1 1 1 1 1 1 1 1 1 1 1 1 1 |1 1 1 1 1 1 1 1 1 1 1 1 1 1 1 1 |1 1 1 1 1 1 1 1 1 1 1 2 1 3 1 1 |1 1 1 1 1 1 1 11 3 2 2 1 1 3 1 1 |1 1 1 1 1 1 1 1 1 1 1 1 1 1 1 1 |1 1 1 1 6 3 1 1 1 1 1 1 1 1 1 1 |1 1 2 1 1 1 1 8 1 1 3 1 1 1 1 1 |1 1 1 1 1 1 1 1 1 1 1 9 1 1 1 1 |2 1 1 1 1 1 1 1 1 1 1 6 3 1 1 2 |1 10 1 1 1 1 1 1 1 1 11 9 8 1 2 1 |
19368: 1 1 1 1 1 1 1 1 1 1 1 1 1 1 1 1 |1 1 4 1 6 1 1 1 1 1 1 1 1 1 4 1 |1 1 1 1 1 1 1 1 1 1 1 1 1 1 1 1 |1 1 1 1 1 1 1 1 1 1 1 1 1 1 1 1 |1 1 1 1 1 1 1 1 1 1 1 2 1 3 1 1 |1 1 1 1 1 1 1 11 3 2 2 1 1 3 1 1 |1 1 1 1 1 1 1 1 1 1 1 1 1 1 1 1 |1 1 1 1 6 3 1 1 1 1 1 1 1 1 1 1 |1 1 2 1 1 1 1 8 1 1 3 1 1 1 1 1 |1 1 1 1 1 1 1 1 1 1 1 9 1 1 1 1 |2 1 1 1 1 1 1 1 1 1 1 6 3 1 1 2 |1 10 1 1 1 1 1 1 1 1 11 9 8 1 2 1 |
19378: 1 1 1 1 1 1 1 1 1 1 1 1 1 1 1 1 |1 1 4 1 6 1 1 1 1 1 1 1 1 1 4 1 |1 1 1 1 1 1 1 1 1 1 1 1 1 1 1 1 |1 1 1 1 1 1 1 1 1 1 1 1 1 1 1 1 |1 1 1 1 1 1 1 1 1 1 1 1 1 1 1 1 |1 1 1 1 1 1 3 3 1 2 1 1 1 3 1 1 |1 1 1 1 1 1 1 1 1 1 1 1 1 5 1 1 |1 1 1 5 4 1 1 1 5 1 1 1 1 1 1 1 |1 1 1 1 1 1 1 7 1 1 1 1 1 1 1 1 |1 1 1 1 1 1 1 1 1 1 1 9 1 1 1 1 |2 1 1 1 1 1 1 1 1 1 1 6 3 1 1 2 |1 10 1 1 1 1 1 1 1 1 11 9 8 1 2 1 |
19389: 1 1 1 1 1 1 1 1 1 1 1 1 1 1 1 1 |1 1 4 1 6 1 1 1 1 1 1 1 1 1 4 1 |1 1 1 1 1 1 1 1 1 1 1 1 1 1 1 1 |1 1 1 1 1 1 1 1 1 1 1 1 1 1 1 1 |1 1 1 1 1 1 1 1 1 1 1 1 1 1 1 1 |1 1 1 1 1 1 3 3 1 2 1 1 1 3 1 1 |1 1 1 1 1 1 1 1 1 1 1 1 1 5 1 1 |1 1 1 5 4 1 1 1 5 1 1 1 1 1 1 1 |1 1 1 1 1 1 1 7 1 1 1 1 1 1 1 1 |1 1 1 1 1 1 1 1 1 1 1 10 1 1 1 1 |4 1 1 1 1 1 9 1 1 1 1 8 1 1 1 1 |1 1 1 9 1 1 1 1 1 1 6 1 1 2 4 1 |
19401: 1 1 1 6 1 1 1 1 1 1 6 1 1 1 1 1 |1 1 4 4 1 1 1 1 1 1 1 1 1 1 1 1 |1 1 1 1 1 1 1 1 1 1 1 1 1 1 1 1 |1 1 1 1 1 1 1 1 1 1 1 1 1 1 1 1 |1 1 1 1 1 1 1 1 1 1 1 1 1 1 1 1 |1 1 1 1 1 1 3 3 1 2 1 1 1 3 1 1 |1 1 1 1 1 1 1 1 1 1 1 1 1 5 1 1 |1 1 1 5 4 1 1 1 5 1 1 1 1 1 1 1 |1 1 1 1 1 1 1 7 1 1 1 1 1 1 1 1 |1 1 1 1 1 1 1 1 1 1 1 10 1 1 1 1 |4 1 1 1 1 1 9 1 1 1 1 8 1 1 1 1 |1 1 1 9 1 1 1 1 1 1 6 1 1 2 4 1 |
19411: 1 1 1 6 1 1 1 1 1 1 6 1 1 1 1 1 |1 1 4 4 1 1 1 1 1 1 1 1 1 1 1 1 |1 1 1 1 1 1 1 1 1 1 1 1 1 1 1 1 |1 1 1 1 1 1 1 1 1 1 1 1 1 1 1 1 |1 1 1 1 1 1 1 1 1 1 1 1 1 1 1 1 |1 2 1 1 1 1 2 4 1 1 1 1 1 2 1 1 |1 1 1 1 1 1 1 6 1 1 1 1 1 1 1 1 |1 1 1 1 4 3 1 1 1 1 1 1 1 1 1 1 |1 1 1 1 1 1 1 10 1 1 1 1 1 1 1 13 |1 1 1 1 1 1 1 1 1 1 1 9 2 1 1 1 |3 1 1 1 1 1 1 1 1 1 1 1 4 1 1 2 |1 1 1 9 1 1 1 1 1 1 6 1 1 2 4 1 |
19422: 1 1 1 6 1 1 1 1 1 1 6 1 1 1 1 1 |1 1 4 4 1 1 1 1 1 1 1 1 1 1 1 1 |1 1 1 1 1 1 1 1 1 1 1 1 1 1 1 1 |1 1 1 1 1 1 1 1 1 1 1 1 1 1 1 1 |1 1 1 1 1 1 1 1 1 1 1 1 1 1 1 1 |1 2 1 1 1 1 2 4 1 1 1 1 1 2 1 1 |1 1 1 1 1 1 1 6 1 1 1 1 1 1 1 1 |1 1 1 1 4 3 1 1 1 1 1 1 1 1 1 1 |1 1 1 1 1 1 1 10 1 1 1 1 1 1 1 13 |1 1 1 1 1 1 1 1 1 1 1 9 2 1 1 1 |3 1 1 1 1 1 1 1 1 1 1 1 4 1 1 2 |1 13 1 1 1 1 2 3 1 1 6 1 1 1 4 2 |
19433: 1 1 1 6 1 1 1 1 1 1 6 1 1 1 1 1 |1 1 4 4 1 1 1 1 1 1 1 1 1 1 1 1 |1 1 1 1 1 1 1 1 1 1 1 1 1 1 1 1 |1 1 1 1 1 1 1 1 1 1 1 1 1 1 1 1 |1 1 1 1 1 1 1 1 1 1 1 1 1 1 1 1 |1 2 1 1 1 1 2 4 1 1 1 1 1 2 1 1 |1 1 1 1 1 1 1 6 1 1 1 1 1 1 1 1 |1 1 1 1 4 3 1 1 1 1 1 1 1 1 1 1 |1 1 1 1 1 1 1 10 1 1 1 1 1 1 1 13 |1 1 1 1 1 1 1 1 1 1 1 9 2 1 1 1 |3 1 1 1 1 1 1 1 1 1 1 1 4 1 1 2 |1 13 1 1 1 1 2 3 1 1 6 1 1 1 4 2 |
19443: 1 1 1 1 1 1 1 1 1 1 6 5 1 1 1 1 |1 1 1 1 1 1 1 1 1 1 1 1 1 1 4 1 |1 1 1 1 1 1 1 1 1 1 1 1 1 1 1 1 |1 1 1 1 1 1 1 1 1 1 1 1 1 1 1 1 |1 1 1 1 1 1 1 1 1 1 1 1 1 3 1 1 |1 2 1 1 1 1 1 1 1 4 1 1 1 3 1 1 |1 1 1 1 1 1 1 1 1 1 1 1 1 1 1 1 |1 1 1 1 6 1 1 1 1 1 1 1 1 1 1 3 |1 1 1 1 1 1 1 10 1 1 1 1 1 1 1 13 |1 1 1 1 1 1 1 1 1 1 1 9 2 1 1 1 |3 1 1 1 1 1 1 1 1 1 1 1 4 1 1 2 |1 13 1 1 1 1 2 3 1 1 6 1 1 1 4 2 |
19454: 1 1 1 1 1 1 1 1 1 1 6 5 1 1 1 1 |1 1 1 1 1 1 1 1 1 1 1 1 1 1 4 1 |1 1 1 1 1 1 1 1 1 1 1 1 1 1 1 1 |1 1 1 1 1 1 1 1 1 1 1 1 1 1 1 1 |1 1 1 1 1 1 1 1 1 1 1 1 1 3 1 1 |1 2 1 1 1 1 1 1 1 4 1 1 1 3 1 1 |1 1 1 1 1 1 1 1 1 1 1 1 1 1 1 1 |1 1 1 1 6 1 1 1 1 1 1 1 1 1 1 3 |1 1 3 1 1 1 4 7 1 1 1 1 1 1 1 5 |1 1 1 1 1 1 1 1 1 1 1 10 1 1 1 1 |1 1 7 1 1 1 7 1 1 1 1 5 8 1 1 2 |1 1 1 2 6 1 1 1 1 1 11 7 9 1 9 3 |
19465: 1 1 1 1 1 1 1 1 1 1 6 5 1 1 1 1 |1 1 1 1 1 1 1 1 1 1 1 1 1 1 4 1 |1 1 1 1 1 1 1 1 1 1 1 1 1 1 1 1 |1 1 1 1 1 1 1 1 1 1 1 1 1 1 1 1 |1 1 1 1 1 1 1 1 1 1 1 1 1 3 1 1 |1 2 1 1 1 1 1 1 1 4 1 1 1 3 1 1 |1 1 1 1 1 1 1 1 1 1 1 1 1 1 1 1 |1 1 1 1 6 1 1 1 1 1 1 1 1 1 1 3 |1 1 3 1 1 1 4 7 1 1 1 1 1 1 1 5 |1 1 1 1 1 1 1 1 1 1 1 10 1 1 1 1 |1 1 7 1 1 1 7 1 1 1 1 5 8 1 1 2 |1 1 1 2 6 1 1 1 1 1 11 7 9 1 9 3 |
19476: 6 1 1 1 1 1 1 1 1 1 1 6 1 1 1 1 |1 1 1 5 1 1 1 1 1 1 1 1 1 1 7 1 |1 1 1 1 1 1 1 1 1 1 1 1 1 1 1 1 |1 1 1 1 1 1 1 1 1 1 1 1 1 1 1 1 |1 1 1 1 1 1 1 1 1 1 1 1 1 1 1 1 |1 1 1 1 1 1 1 2 1 2 1 1 1 2 1 1 |1 1 1 1 1 1 1 1 1 1 1 1 1 1 1 1 |1 1 1 1 11 1 1 1 5 1 1 1 1 1 1 1 |1 1 3 1 1 1 4 7 1 1 1 1 1 1 1 5 |1 1 1 1 1 1 1 1 1 1 1 10 1 1 1 1 |1 1 7 1 1 1 7 1 1 1 1 5 8 1 1 2 |1 1 1 2 6 1 1 1 1 1 11 7 9 1 9 3 |
19486: 6 1 1 1 1 1 1 1 1 1 1 6 1 1 1 1 |1 1 1 5 1 1 1 1 1 1 1 1 1 1 7 1 |1 1 1 1 1 1 1 1 1 1 1 1 1 1 1 1 |1 1 1 1 1 1 1 1 1 1 1 1 1 1 1 1 |1 1 1 1 1 1 1 1 1 1 1 1 1 1 1 1 |1 1 1 1 1 1 1 2 1 2 1 1 1 2 1 1 |1 1 1 1 1 1 1 1 1 1 1 1 1 1 1 1 |1 1 1 1 11 1 1 1 5 1 1 1 1 1 1 1 |1 1 1 1 1 1 1 8 1 1 1 1 1 1 1 1 |1 1 1 1 2 1 2 1 1 1 1 8 3 1 1 1 |2 1 1 1 1 1 8 1 1 1 1 1 1 1 1 2 |1 12 1 7 2 1 1 1 1 1 12 4 2 1 4 1 |
19497: 6 1 1 1 1 1 1 1 1 1 1 6 1 1 1 1 |1 1 1 5 1 1 1 1 1 1 1 1 1 1 7 1 |1 1 1 1 1 1 1 1 1 1 1 1 1 1 1 1 |1 1 1 1 1 1 1 1 1 1 1 1 1 1 1 1 |1 1 1 1 1 1 1 1 1 1 1 1 1 1 1 1 |1 1 1 1 1 1 1 2 1 2 1 1 1 2 1 1 |1 1 1 1 1 1 1 1 1 1 1 1 1 1 1 1 |1 1 1 1 11 1 1 1 5 1 1 1 1 1 1 1 |1 1 1 1 1 1 1 8 1 1 1 1 1 1 1 1 |1 1 1 1 2 1 2 1 1 1 1 8 3 1 1 1 |2 1 1 1 1 1 8 1 1 1 1 1 1 1 1 2 |1 12 1 7 2 1 1 1 1 1 12 4 2 1 4 1 |
19509: 3 1 1 1 1 1 1 1 1 1 1 7 1 1 1 1 |1 1 1 6 5 1 1 1 1 1 1 1 1 1 1 2 |1 1 1 1 1 1 1 1 1 1 1 1 1 1 1 1 |1 1 8 1 1 1 1 1 1 1 1 1 1 1 1 1 |1 1 1 1 1 1 1 1 1 1 1 1 1 3 1 1 |1 1 1 1 3 1 2 3 1 2 1 1 1 1 1 1 |1 1 1 1 1 1 1 1 1 1 1 1 1 1 1 1 |1 1 1 1 6 8 1 1 1 1 1 1 1 1 1 1 |1 1 1 1 1 1 1 8 1 1 1 1 1 1 1 1 |1 1 1 1 2 1 2 1 1 1 1 8 3 1 1 1 |2 1 1 1 1 1 8 1 1 1 1 1 1 1 1 2 |1 12 1 7 2 1 1 1 1 1 12 4 2 1 4 1 |
19519: 3 1 1 1 1 1 1 1 1 1 1 7 1 1 1 1 |1 1 1 6 5 1 1 1 1 1 1 1 1 1 1 2 |1 1 1 1 1 1 1 1 1 1 1 1 1 1 1 1 |1 1 8 1 1 1 1 1 1 1 1 1 1 1 1 1 |1 1 1 1 1 1 1 1 1 1 1 1 1 3 1 1 |1 1 1 1 3 1 2 3 1 2 1 1 1 1 1 1 |1 1 1 1 1 1 1 1 1 1 1 1 1 1 1 1 |1 1 1 1 6 8 1 1 1 1 1 1 1 1 1 1 |1 1 1 1 1 1 1 8 1 1 1 1 1 1 1 1 |1 1 1 7 1 1 1 1 1 1 1 9 1 7 1 1 |3 1 2 1 1 1 4 1 1 1 1 1 1 1 1 9 |1 13 1 3 1 1 1 1 1 1 7 6 1 1 2 3 |
19530: 3 1 1 1 1 1 1 1 1 1 1 7 1 1 1 1 |1 1 1 6 5 1 1 1 1 1 1 1 1 1 1 2 |1 1 1 1 1 1 1 1 1 1 1 1 1 1 1 1 |1 1 8 1 1 1 1 1 1 1 1 1 1 1 1 1 |1 1 1 1 1 1 1 1 1 1 1 1 1 3 1 1 |1 1 1 1 3 1 2 3 1 2 1 1 1 1 1 1 |1 1 1 1 1 1 1 1 1 1 1 1 1 1 1 1 |1 1 1 1 6 8 1 1 1 1 1 1 1 1 1 1 |1 1 1 1 1 1 1 8 1 1 1 1 1 1 1 1 |1 1 1 7 1 1 1 1 1 1 1 9 1 7 1 1 |3 1 2 1 1 1 4 1 1 1 1 1 1 1 1 9 |1 13 1 3 1 1 1 1 1 1 7 6 1 1 2 3 |
19541: 2 1 1 1 1 1 1 1 1 1 1 7 1 1 1 1 |1 1 6 1 1 1 1 1 1 1 1 1 1 1 5 1 |1 1 1 1 1 1 1 1 1 1 1 1 1 1 1 1 |1 1 1 1 1 1 1 1 1 1 1 1 1 1 1 1 |1 1 1 1 1 1 1 1 1 1 1 1 1 2 1 1 |1 1 1 1 1 1 1 6 2 1 1 1 1 3 1 1 |1 1 1 1 1 1 1 1 1 1 1 2 1 1 1 1 |1 1 1 1 6 8 1 1 1 1 1 1 1 1 1 1 |1 1 1 1 1 1 1 8 1 1 1 1 1 1 1 1 |1 1 1 7 1 1 1 1 1 1 1 9 1 7 1 1 |3 1 2 1 1 1 4 1 1 1 1 1 1 1 1 9 |1 13 1 3 1 1 1 1 1 1 7 6 1 1 2 3 |
19552: 2 1 1 1 1 1 1 1 1 1 1 7 1 1 1 1 |1 1 6 1 1 1 1 1 1 1 1 1 1 1 5 1 |1 1 1 1 1 1 1 1 1 1 1 1 1 1 1 1 |1 1 1 1 1 1 1 1 1 1 1 1 1 1 1 1 |1 1 1 1 1 1 1 1 1 1 1 1 1 2 1 1 |1 1 1 1 1 1 1 6 2 1 1 1 1 3 1 1 |1 1 1 1 1 1 1 1 1 1 1 2 1 1 1 1 |1 1 1 2 8 1 1 1 1 1 1 1 1 1 1 1 |1 1 3 1 1 1 1 7 1 1 1 1 1 1 1 1 |1 1 1 1 2 1 4 1 1 1 1 9 1 9 1 1 |1 1 2 1 1 1 9 1 1 1 1 1 1 1 6 7 |1 6 1 1 1 1 1 1 1 1 6 2 1 1 4 1 |
19562: 2 1 1 1 1 1 1 1 1 1 1 7 1 1 1 1 |1 1 6 1 1 1 1 1 1 1 1 1 1 1 5 1 |1 1 1 1 1 1 1 1 1 1 1 1 1 1 1 1 |1 1 1 1 1 1 1 1 1 1 1 1 1 1 1 1 |1 1 1 1 1 1 1 1 1 1 1 1 1 2 1 1 |1 1 1 1 1 1 1 6 2 1 1 1 1 3 1 1 |1 1 1 1 1 1 1 1 1 1 1 2 1 1 1 1 |1 1 1 2 8 1 1 1 1 1 1 1 1 1 1 1 |1 1 3 1 1 1 1 7 1 1 1 1 1 1 1 1 |1 1 1 1 2 1 4 1 1 1 1 9 1 9 1 1 |1 1 2 1 1 1 9 1 1 1 1 1 1 1 6 7 |1 6 1 1 1 1 1 1 1 1 6 2 1 1 4 1 |
19573: 1 1 1 1 1 1 1 1 1 1 4 1 1 1 1 1 |1 1 1 4 1 1 1 1 1 1 1 1 1 1 1 1 |1 1 1 1 1 1 1 1 1 1 1 1 1 1 1 1 |1 1 4 1 1 1 1 1 1 1 1 1 1 1 1 1 |1 1 1 1 2 1 1 1 1 1 1 1 1 2 1 1 |1 1 1 1 1 1 1 3 1 3 2 1 1 2 1 1 |1 1 1 1 1 1 1 1 1 1 1 1 1 1 1 1 |1 1 1 2 8 1 1 1 1 1 1 1 1 1 1 1 |1 1 3 1 1 1 1 7 1 1 1 1 1 1 1 1 |1 1 1 1 2 1 4 1 1 1 1 9 1 9 1 1 |1 1 2 1 1 1 9 1 1 1 1 1 1 1 6 7 |1 6 1 1 1 1 1 1 1 1 6 2 1 1 4 1 |
19583: 1 1 1 1 1 1 1 1 1 1 4 1 1 1 1 1 |1 1 1 4 1 1 1 1 1 1 1 1 1 1 1 1 |1 1 1 1 1 1 1 1 1 1 1 1 1 1 1 1 |1 1 4 1 1 1 1 1 1 1 1 1 1 1 1 1 |1 1 1 1 2 1 1 1 1 1 1 1 1 2 1 1 |1 1 1 1 1 1 1 3 1 3 2 1 1 2 1 1 |1 1 1 1 1 1 1 1 1 1 1 1 1 1 1 1 |1 1 1 1 4 2 1 1 1 1 1 1 5 1 1 1 |1 1 1 1 1 1 1 7 1 1 1 1 1 1 1 1 |1 1 1 1 1 1 4 2 1 1 1 9 1 1 1 1 |2 1 1 5 1 1 6 1 1 1 1 5 1 1 1 2 |1 10 1 1 2 1 2 1 1 1 12 1 1 1 4 1 |
19594: 1 1 1 1 1 1 1 1 1 1 4 1 1 1 1 1 |1 1 1 4 1 1 1 1 1 1 1 1 1 1 1 1 |1 1 1 1 1 1 1 1 1 1 1 1 1 1 1 1 |1 1 4 1 1 1 1 1 1 1 1 1 1 1 1 1 |1 1 1 1 2 1 1 1 1 1 1 1 1 2 1 1 |1 1 1 1 1 1 1 3 1 3 2 1 1 2 1 1 |1 1 1 1 1 1 1 1 1 1 1 1 1 1 1 1 |1 1 1 1 4 2 1 1 1 1 1 1 5 1 1 1 |1 1 1 1 1 1 1 7 1 1 1 1 1 1 1 1 |1 1 1 1 1 1 4 2 1 1 1 9 1 1 1 1 |2 1 1 5 1 1 6 1 1 1 1 5 1 1 1 2 |1 10 1 1 2 1 2 1 1 1 12 1 1 1 4 1 |
19605: 1 1 1 1 1 1 1 1 1 1 5 1 1 1 1 1 |1 1 4 3 1 1 1 1 1 1 1 1 1 1 1 1 |1 1 1 1 1 1 1 1 1 1 1 1 1 1 1 1 |1 1 4 1 1 1 1 1 1 1 1 1 1 1 1 1 |1 1 1 1 1 1 1 1 1 1 1 1 1 1 1 1 |1 1 1 1 8 1 2 5 1 1 1 1 1 3 1 1 |1 1 1 1 1 1 1 1 1 1 1 1 1 1 1 1 |1 1 1 1 4 2 1 1 1 1 1 1 5 1 1 1 |1 1 1 1 1 1 1 7 1 1 1 1 1 1 1 1 |1 1 1 1 1 1 4 2 1 1 1 9 1 1 1 1 |2 1 1 5 1 1 6 1 1 1 1 5 1 1 1 2 |1 10 1 1 2 1 2 1 1 1 12 1 1 1 4 1 |
19615: 1 1 1 1 1 1 1 1 1 1 5 1 1 1 1 1 |1 1 4 3 1 1 1 1 1 1 1 1 1 1 1 1 |1 1 1 1 1 1 1 1 1 1 1 1 1 1 1 1 |1 1 4 1 1 1 1 1 1 1 1 1 1 1 1 1 |1 1 1 1 1 1 1 1 1 1 1 1 1 1 1 1 |1 1 1 1 8 1 2 5 1 1 1 1 1 3 1 1 |1 1 1 1 1 1 1 5 1 1 1 1 1 1 1 1 |1 1 1 1 7 2 1 1 1 1 1 1 1 1 1 1 |1 1 1 1 1 1 1 8 1 1 1 1 5 1 1 1 |1 1 1 1 1 1 1 2 1 1 1 8 1 1 1 1 |3 1 1 1 1 1 7 1 1 1 1 6 2 1 1 2 |1 4 1 1 1 1 1 1 1 1 13 3 9 1 3 3 |
19626: 1 1 1 1 1 1 1 1 1 1 5 1 1 1 1 1 |1 1 4 3 1 1 1 1 1 1 1 1 1 1 1 1 |1 1 1 1 1 1 1 1 1 1 1 1 1 1 1 1 |1 1 4 1 1 1 1 1 1 1 1 1 1 1 1 1 |1 1 1 1 1 1 1 1 1 1 1 1 1 1 1 1 |1 1 1 1 8 1 2 5 1 1 1 1 1 3 1 1 |1 1 1 1 1 1 1 5 1 1 1 1 1 1 1 1 |1 1 1 1 7 2 1 1 1 1 1 1 1 1 1 1 |1 1 1 1 1 1 1 8 1 1 1 1 5 1 1 1 |1 1 1 1 1 1 1 2 1 1 1 8 1 1 1 1 |3 1 1 1 1 1 7 1 1 1 1 6 2 1 1 2 |1 4 1 1 1 1 1 1 1 1 13 3 9 1 3 3 |
19636: 2 1 1 1 1 1 1 1 1 1 1 6 1 1 1 1 |1 1 1 1 1 1 1 1 1 1 1 1 1 1 3 1 |1 1 1 1 1 1 1 1 1 1 1 1 1 1 1 1 |1 1 1 1 1 1 1 1 1 1 1 1 1 1 1 1 |1 1 1 1 1 1 1 1 1 1 1 1 1 1 1 1 |1 1 1 1 8 1 2 5 1 1 1 1 1 3 1 1 |1 1 1 1 1 1 1 5 1 1 1 1 1 1 1 1 |1 1 1 1 7 2 1 1 1 1 1 1 1 1 1 1 |1 1 1 1 1 1 1 8 1 1 1 1 5 1 1 1 |1 1 1 1 1 1 1 2 1 1 1 8 1 1 1 1 |3 1 1 1 1 1 7 1 1 1 1 6 2 1 1 2 |1 4 1 1 1 1 1 1 1 1 13 3 9 1 3 3 |
19646: 2 1 1 1 1 1 1 1 1 1 1 6 1 1 1 1 |1 1 1 1 1 1 1 1 1 1 1 1 1 1 3 1 |1 1 1 1 1 1 1 1 1 1 1 1 1 1 1 1 |1 1 1 1 1 1 1 1 1 1 1 1 1 1 1 1 |1 1 1 1 1 1 1 1 1 1 1 1 1 1 1 1 |1 1 1 1 1 1 1 4 2 1 1 1 1 3 1 1 |1 1 1 1 1 1 1 1 1 1 1 1 1 1 1 1 |1 1 1 1 7 1 1 1 6 4 1 1 1 1 1 1 |1 1 2 1 1 1 1 1 1 1 1 1 1 1 1 1 |1 1 1 1 1 1 1 1 1 1 1 9 1 1 1 2 |1 1 7 1 1 1 7 1 1 1 1 1 1 1 1 1 |1 4 1 1 1 1 1 1 1 1 13 3 9 1 3 3 |
19657: 2 1 1 1 1 1 1 1 1 1 1 6 1 1 1 1 |1 1 1 1 1 1 1 1 1 1 1 1 1 1 3 1 |1 1 1 1 1 1 1 1 1 1 1 1 1 1 1 1 |1 1 1 1 1 1 1 1 1 1 1 1 1 1 1 1 |1 1 1 1 1 1 1 1 1 1 1 1 1 1 1 1 |1 1 1 1 1 1 1 4 2 1 1 1 1 3 1 1 |1 1 1 1 1 1 1 1 1 1 1 1 1 1 1 1 |1 1 1 1 7 1 1 1 6 4 1 1 1 1 1 1 |1 1 2 1 1 1 1 1 1 1 1 1 1 1 1 1 |1 1 1 1 1 1 1 1 1 1 1 9 1 1 1 2 |1 1 7 1 1 1 7 1 1 1 1 1 1 1 1 1 |1 7 1 1 1 1 1 1 1 1 5 2 9 1 4 3 |
19667: 2 1 1 1 1 1 1 1 1 1 1 1 1 1 1 1 |1 1 1 1 1 1 1 1 1 1 1 1 1 1 3 1 |1 1 1 1 1 1 1 1 1 1 1 1 1 1 1 1 |1 1 1 1 1 1 1 1 1 1 1 1 1 1 1 1 |1 1 1 1 1 1 1 1 1 1 1 1 1 1 1 1 |1 1 1 1 1 1 1 4 2 1 1 1 1 3 1 1 |1 1 1 1 1 1 1 1 1 1 1 1 1 1 1 1 |1 1 1 1 7 1 1 1 6 4 1 1 1 1 1 1 |1 1 2 1 1 1 1 1 1 1 1 1 1 1 1 1 |1 1 1 1 1 1 1 1 1 1 1 9 1 1 1 2 |1 1 7 1 1 1 7 1 1 1 1 1 1 1 1 1 |1 7 1 1 1 1 1 1 1 1 5 2 9 1 4 3 |
19678: 2 1 1 1 1 1 1 1 1 1 1 1 1 1 1 1 |1 1 3 4 5 1 1 1 1 1 1 1 1 1 5 1 |1 1 1 1 1 1 1 1 1 1 1 1 1 1 1 1 |1 1 1 1 1 1 1 1 1 1 1 1 1 1 1 1 |1 1 1 1 1 1 1 1 1 1 1 1 1 1 1 1 |1 1 1 1 1 1 1 4 1 2 1 1 1 2 1 1 |1 1 1 1 1 1 1 1 1 1 1 1 1 1 1 1 |1 1 1 2 1 1 1 1 4 1 1 1 1 1 1 1 |1 1 1 1 1 1 1 1 1 1 1 1 1 1 1 1 |1 1 1 1 1 1 1 1 1 1 1 9 1 1 1 2 |1 1 7 1 1 1 7 1 1 1 1 1 1 1 1 1 |1 7 1 1 1 1 1 1 1 1 5 2 9 1 4 3 |
19688: 2 1 1 1 1 1 1 1 1 1 1 1 1 1 1 1 |1 1 3 4 5 1 1 1 1 1 1 1 1 1 5 1 |1 1 1 1 1 1 1 1 1 1 1 1 1 1 1 1 |1 1 1 1 1 1 1 1 1 1 1 1 1 1 1 1 |1 1 1 1 1 1 1 1 1 1 1 1 1 1 1 1 |1 1 1 1 1 1 1 4 1 2 1 1 1 2 1 1 |1 1 1 1 1 1 1 1 1 1 1 1 1 1 1 1 |1 1 1 2 1 1 1 1 4 1 1 1 1 1 1 1 |1 1 1 1 1 1 1 1 1 1 1 1 1 1 1 1 |1 1 2 1 1 4 1 1 1 1 1 8 1 1 1 1 |1 1 1 1 1 1 7 1 1 1 1 6 3 1 1 1 |1 1 1 1 1 1 3 1 1 1 1 7 8 1 11 1 |
19698: 2 1 1 1 1 1 1 1 1 1 1 1 1 1 1 1 |1 1 3 4 5 1 1 1 1 1 1 1 1 1 5 1 |1 1 1 1 1 1 1 1 1 1 1 1 1 1 1 1 |1 1 1 1 1 1 1 1 1 1 1 1 1 1 1 1 |1 1 1 1 1 1 1 1 1 1 1 1 1 1 1 1 |1 1 1 1 1 1 1 4 1 2 1 1 1 2 1 1 |1 1 1 1 1 1 1 1 1 1 1 1 1 1 1 1 |1 1 1 2 1 1 1 1 4 1 1 1 1 1 1 1 |1 1 1 1 1 1 1 1 1 1 1 1 1 1 1 1 |1 1 2 1 1 4 1 1 1 1 1 8 1 1 1 1 |1 1 1 1 1 1 7 1 1 1 1 6 3 1 1 1 |1 1 1 1 1 1 3 1 1 1 1 7 8 1 11 1 |
19709: 4 1 1 1 1 1 1 1 1 1 5 5 1 1 1 1 |1 1 2 3 1 1 1 1 1 1 1 1 1 1 1 1 |1 1 1 1 1 1 1 1 1 1 1 1 1 1 1 1 |1 1 1 1 1 1 1 1 1 1 1 1 1 1 1 1 |1 1 1 1 1 1 1 1 1 1 1 1 1 1 1 1 |1 1 1 1 1 1 1 2 1 1 1 1 1 2 1 1 |1 1 1 1 1 1 1 1 1 1 1 1 1 1 1 1 |1 1 1 2 1 1 1 1 4 1 1 1 1 1 1 1 |1 1 1 1 1 1 1 1 1 1 1 1 1 1 1 1 |1 1 2 1 1 4 1 1 1 1 1 8 1 1 1 1 |1 1 1 1 1 1 7 1 1 1 1 6 3 1 1 1 |1 1 1 1 1 1 3 1 1 1 1 7 8 1 11 1 |
19719: 4 1 1 1 1 1 1 1 1 1 5 5 1 1 1 1 |1 1 2 3 1 1 1 1 1 1 1 1 1 1 1 1 |1 1 1 1 1 1 1 1 1 1 1 1 1 1 1 1 |1 1 1 1 1 1 1 1 1 1 1 1 1 1 1 1 |1 1 1 1 1 1 1 1 1 1 1 1 1 1 1 1 |1 1 1 1 1 1 1 2 1 1 1 1 1 2 1 1 |1 1 1 1 1 1 1 1 1 1 1 1 1 1 1 1 |1 1 1 1 6 1 1 1 5 1 1 1 4 1 1 4 |1 1 1 15 1 1 1 7 1 1 1 1 1 1 1 1 |1 1 1 1 1 1 1 1 1 1 1 9 1 7 1 1 |5 1 1 1 1 1 9 1 1 1 1 6 1 1 1 3 |1 5 1 1 1 1 1 1 1 1 5 1 1 1 9 1 |
19729: 4 1 1 1 1 1 1 1 1 1 5 5 1 1 1 1 |1 1 2 3 1 1 1 1 1 1 1 1 1 1 1 1 |1 1 1 1 1 1 1 1 1 1 1 1 1 1 1 1 |1 1 1 1 1 1 1 1 1 1 1 1 1 1 1 1 |1 1 1 1 1 1 1 1 1 1 1 1 1 1 1 1 |1 1 1 1 1 1 1 2 1 1 1 1 1 2 1 1 |1 1 1 1 1 1 1 1 1 1 1 1 1 1 1 1 |1 1 1 1 6 1 1 1 5 1 1 1 4 1 1 4 |1 1 1 15 1 1 1 7 1 1 1 1 1 1 1 1 |1 1 1 1 1 1 1 1 1 1 1 9 1 7 1 1 |5 1 1 1 1 1 9 1 1 1 1 6 1 1 1 3 |1 5 1 1 1 1 1 1 1 1 5 1 1 1 9 1 |
19760: 1 1 1 1 1 1 1 1 1 1 4 3 1 1 1 1 |1 1 2 3 1 1 1 1 1 1 1 1 1 1 1 1 |1 1 1 1 1 1 1 1 1 1 1 1 1 1 1 1 |1 1 1 1 1 1 1 1 1 1 1 1 1 1 1 1 |1 1 1 1 1 1 1 1 1 1 1 1 1 1 1 1 |1 1 1 1 1 1 1 2 1 1 1 1 1 2 1 1 |1 1 1 1 1 1 1 1 1 1 1 1 1 1 1 1 |1 1 1 1 6 1 1 1 5 1 1 1 4 1 1 4 |1 1 1 15 1 1 1 7 1 1 1 1 1 1 1 1 |1 1 1 1 1 1 1 1 1 1 1 9 1 7 1 1 |5 1 1 1 1 1 9 1 1 1 1 6 1 1 1 3 |1 5 1 1 1 1 1 1 1 1 5 1 1 1 9 1 |
19771: 1 1 1 1 1 1 1 1 1 1 4 3 1 1 1 1 |1 1 1 1 1 1 1 1 1 1 1 1 1 1 1 1 |1 1 1 1 1 1 1 1 1 1 1 1 1 1 1 1 |1 1 4 1 1 1 1 1 1 1 1 1 1 1 1 1 |1 1 1 1 1 1 1 1 1 1 1 1 1 1 1 1 |1 1 1 1 1 1 3 1 2 1 1 1 1 3 1 1 |1 1 1 1 1 1 1 2 1 1 3 2 1 1 1 3 |1 1 1 3 6 1 1 1 1 1 1 1 1 1 1 4 |1 1 1 1 1 1 1 6 1 1 1 1 1 1 1 1 |1 1 1 1 1 1 1 1 1 1 1 9 1 7 1 1 |5 1 1 1 1 1 9 1 1 1 1 6 1 1 1 3 |1 5 1 1 1 1 1 1 1 1 5 1 1 1 9 1 |
19782: 1 1 1 1 1 1 1 1 1 1 4 3 1 1 1 1 |1 1 1 1 1 1 1 1 1 1 1 1 1 1 1 1 |1 1 1 1 1 1 1 1 1 1 1 1 1 1 1 1 |1 1 4 1 1 1 1 1 1 1 1 1 1 1 1 1 |1 1 1 1 1 1 1 1 1 1 1 1 1 1 1 1 |1 1 1 1 1 1 3 1 2 1 1 1 1 3 1 1 |1 1 1 1 1 1 1 2 1 1 3 2 1 1 1 3 |1 1 1 3 6 1 1 1 1 1 1 1 1 1 1 4 |1 1 1 1 1 1 1 6 1 1 1 1 1 1 1 1 |1 1 2 1 1 1 1 3 1 1 1 1 9 2 1 1 |3 1 1 1 1 1 9 1 1 1 1 6 2 1 1 8 |1 9 1 9 1 1 2 1 1 1 13 2 7 1 2 8 |
19792: 1 1 1 1 1 1 1 1 1 1 4 3 1 1 1 1 |1 1 1 1 1 1 1 1 1 1 1 1 1 1 1 1 |1 1 1 1 1 1 1 1 1 1 1 1 1 1 1 1 |1 1 4 1 1 1 1 1 1 1 1 1 1 1 1 1 |1 1 1 1 1 1 1 1 1 1 1 1 1 1 1 1 |1 1 1 1 1 1 3 1 2 1 1 1 1 3 1 1 |1 1 1 1 1 1 1 2 1 1 3 2 1 1 1 3 |1 1 1 3 6 1 1 1 1 1 1 1 1 1 1 4 |1 1 1 1 1 1 1 6 1 1 1 1 1 1 1 1 |1 1 2 1 1 1 1 3 1 1 1 1 9 2 1 1 |3 1 1 1 1 1 9 1 1 1 1 6 2 1 1 8 |1 9 1 9 1 1 2 1 1 1 13 2 7 1 2 8 |
19804: 1 1 1 1 1 1 1 1 1 1 1 7 1 1 1 1 |1 1 4 9 1 1 1 1 1 1 1 1 1 1 4 1 |1 1 1 1 1 1 1 1 1 1 1 1 1 1 1 1 |1 1 1 1 1 1 1 1 1 1 1 1 1 1 1 1 |1 1 1 1 1 1 1 1 1 1 1 1 1 1 1 1 |1 1 1 1 1 1 2 3 1 3 1 1 1 3 1 1 |1 1 1 1 1 1 1 1 1 1 1 1 1 1 1 1 |1 1 1 1 8 1 1 1 5 1 1 1 1 1 1 4 |1 1 1 1 1 1 1 6 1 1 1 1 1 1 1 1 |1 1 2 1 1 1 1 3 1 1 1 1 9 2 1 1 |3 1 1 1 1 1 9 1 1 1 1 6 2 1 1 8 |1 9 1 9 1 1 2 1 1 1 13 2 7 1 2 8 |
19814: 1 1 1 1 1 1 1 1 1 1 1 7 1 1 1 1 |1 1 4 9 1 1 1 1 1 1 1 1 1 1 4 1 |1 1 1 1 1 1 1 1 1 1 1 1 1 1 1 1 |1 1 1 1 1 1 1 1 1 1 1 1 1 1 1 1 |1 1 1 1 1 1 1 1 1 1 1 1 1 1 1 1 |1 1 1 1 1 1 2 3 1 3 1 1 1 3 1 1 |1 1 1 1 1 1 1 1 1 1 1 1 1 1 1 1 |1 1 1 1 8 1 1 1 5 1 1 1 1 1 1 4 |1 1 1 1 1 1 1 8 1 1 1 1 1 1 1 1 |1 1 1 1 1 1 1 1 1 1 1 1 1 1 1 1 |1 1 1 1 1 1 6 1 1 1 1 1 1 1 1 9 |1 5 1 1 1 1 1 1 1 1 13 7 7 1 9 7 |
19826: 1 1 1 1 1 1 1 1 1 1 1 7 1 1 1 1 |1 1 4 9 1 1 1 1 1 1 1 1 1 1 4 1 |1 1 1 1 1 1 1 1 1 1 1 1 1 1 1 1 |1 1 1 1 1 1 1 1 1 1 1 1 1 1 1 1 |1 1 1 1 1 1 1 1 1 1 1 1 1 1 1 1 |1 1 1 1 1 1 2 3 1 3 1 1 1 3 1 1 |1 1 1 1 1 1 1 1 1 1 1 1 1 1 1 1 |1 1 1 1 8 1 1 1 5 1 1 1 1 1 1 4 |1 1 1 1 1 1 1 8 1 1 1 1 1 1 1 1 |1 1 1 1 1 1 1 1 1 1 1 1 1 1 1 1 |1 1 1 1 1 1 6 1 1 1 1 1 1 1 1 9 |1 5 1 1 1 1 1 1 1 1 13 7 7 1 9 7 |
19837: 1 1 1 1 1 1 1 1 1 1 1 8 1 1 1 1 |1 1 4 3 1 1 1 1 1 1 1 1 1 1 5 1 |1 1 1 1 1 1 1 1 1 1 1 1 1 1 1 1 |1 1 1 1 1 1 1 1 1 1 1 1 1 1 1 1 |1 1 1 1 1 1 1 1 1 1 1 1 1 1 1 1 |1 1 1 1 1 1 2 4 1 1 1 1 1 4 1 1 |1 1 1 1 1 1 1 1 1 1 1 1 1 1 1 1 |1 1 1 1 8 1 1 1 5 1 1 1 1 1 1 4 |1 1 1 1 1 1 1 8 1 1 1 1 1 1 1 1 |1 1 1 1 1 1 1 1 1 1 1 1 1 1 1 1 |1 1 1 1 1 1 6 1 1 1 1 1 1 1 1 9 |1 5 1 1 1 1 1 1 1 1 13 7 7 1 9 7 |
19848: 1 1 1 1 1 1 1 1 1 1 1 8 1 1 1 1 |1 1 4 3 1 1 1 1 1 1 1 1 1 1 5 1 |1 1 1 1 1 1 1 1 1 1 1 1 1 1 1 1 |1 1 1 1 1 1 1 1 1 1 1 1 1 1 1 1 |1 1 1 1 1 1 1 1 1 1 1 1 1 1 1 1 |1 1 1 1 1 1 2 4 1 1 1 1 1 4 1 1 |1 1 1 1 1 1 1 1 1 1 1 1 1 1 1 1 |1 1 1 1 6 1 1 1 4 1 1 1 1 1 1 4 |1 1 1 1 1 1 1 9 1 1 1 1 1 1 1 1 |1 1 1 1 1 1 1 1 1 1 1 7 1 1 1 1 |3 1 1 1 1 1 6 1 1 1 1 5 2 1 1 3 |1 1 1 8 2 1 2 1 1 1 14 8 7 1 3 2 |
19859: 1 1 1 1 1 1 1 1 1 1 1 8 1 1 1 1 |1 1 4 3 1 1 1 1 1 1 1 1 1 1 5 1 |1 1 1 1 1 1 1 1 1 1 1 1 1 1 1 1 |1 1 1 1 1 1 1 1 1 1 1 1 1 1 1 1 |1 1 1 1 1 1 1 1 1 1 1 1 1 1 1 1 |1 1 1 1 1 1 2 4 1 1 1 1 1 4 1 1 |1 1 1 1 1 1 1 1 1 1 1 1 1 1 1 1 |1 1 1 1 6 1 1 1 4 1 1 1 1 1 1 4 |1 1 1 1 1 1 1 9 1 1 1 1 1 1 1 1 |1 1 1 1 1 1 1 1 1 1 1 7 1 1 1 1 |3 1 1 1 1 1 6 1 1 1 1 5 2 1 1 3 |1 1 1 8 2 1 2 1 1 1 14 8 7 1 3 2 |
19870: 1 1 1 1 1 1 1 1 1 1 1 7 1 1 1 1 |1 1 6 3 4 1 1 1 1 1 1 1 1 1 1 1 |1 1 1 1 1 1 1 1 1 1 1 1 1 1 1 1 |1 1 1 1 1 1 1 1 1 1 1 1 1 1 1 1 |1 1 1 1 1 1 1 1 1 1 1 1 1 1 1 1 |1 3 1 1 1 1 1 3 1 1 3 1 1 3 1 1 |1 1 1 1 1 1 1 1 1 1 1 1 1 1 1 1 |1 1 1 2 1 8 1 1 4 1 1 1 1 1 1 5 |1 1 1 1 1 1 1 9 1 1 1 1 1 1 1 1 |1 1 1 1 1 1 1 1 1 1 1 7 1 1 1 1 |3 1 1 1 1 1 6 1 1 1 1 5 2 1 1 3 |1 1 1 8 2 1 2 1 1 1 14 8 7 1 3 2 |
19880: 1 1 1 1 1 1 1 1 1 1 1 7 1 1 1 1 |1 1 6 3 4 1 1 1 1 1 1 1 1 1 1 1 |1 1 1 1 1 1 1 1 1 1 1 1 1 1 1 1 |1 1 1 1 1 1 1 1 1 1 1 1 1 1 1 1 |1 1 1 1 1 1 1 1 1 1 1 1 1 1 1 1 |1 3 1 1 1 1 1 3 1 1 3 1 1 3 1 1 |1 1 1 1 1 1 1 1 1 1 1 1 1 1 1 1 |1 1 1 2 1 8 1 1 4 1 1 1 1 1 1 5 |1 1 2 5 10 1 1 9 1 1 1 1 5 1 1 1 |1 1 1 1 1 1 1 1 1 1 1 8 2 7 1 1 |3 1 1 1 1 1 12 1 1 1 1 5 1 1 1 1 |1 15 1 1 1 1 1 1 1 1 15 1 9 1 10 2 |
19892: 1 1 1 1 1 1 1 1 1 1 1 7 1 1 1 1 |1 1 6 3 4 1 1 1 1 1 1 1 1 1 1 1 |1 1 1 1 1 1 1 1 1 1 1 1 1 1 1 1 |1 1 1 1 1 1 1 1 1 1 1 1 1 1 1 1 |1 1 1 1 1 1 1 1 1 1 1 1 1 1 1 1 |1 3 1 1 1 1 1 3 1 1 3 1 1 3 1 1 |1 1 1 1 1 1 1 1 1 1 1 1 1 1 1 1 |1 1 1 2 1 8 1 1 4 1 1 1 1 1 1 5 |1 1 2 5 10 1 1 9 1 1 1 1 5 1 1 1 |1 1 1 1 1 1 1 1 1 1 1 8 2 7 1 1 |3 1 1 1 1 1 12 1 1 1 1 5 1 1 1 1 |1 15 1 1 1 1 1 1 1 1 15 1 9 1 10 2 |
19903: 1 1 1 1 1 1 1 1 1 1 7 7 1 1 1 1 |1 1 1 1 6 1 1 1 1 1 1 1 1 1 4 1 |1 1 1 1 1 1 1 1 1 1 1 1 1 1 1 1 |1 1 1 1 1 1 1 1 1 1 1 1 1 1 1 1 |1 1 1 1 1 1 1 1 1 1 1 1 1 4 1 1 |1 1 1 1 1 1 1 10 2 1 1 1 1 3 1 1 |1 1 1 1 1 1 1 1 1 1 1 1 1 1 1 1 |1 1 1 2 1 8 1 1 4 1 1 1 1 1 1 5 |1 1 2 5 10 1 1 9 1 1 1 1 5 1 1 1 |1 1 1 1 1 1 1 1 1 1 1 8 2 7 1 1 |3 1 1 1 1 1 12 1 1 1 1 5 1 1 1 1 |1 15 1 1 1 1 1 1 1 1 15 1 9 1 10 2 |
19914: 1 1 1 1 1 1 1 1 1 1 7 7 1 1 1 1 |1 1 1 1 6 1 1 1 1 1 1 1 1 1 4 1 |1 1 1 1 1 1 1 1 1 1 1 1 1 1 1 1 |1 1 1 1 1 1 1 1 1 1 1 1 1 1 1 1 |1 1 1 1 1 1 1 1 1 1 1 1 1 4 1 1 |1 1 1 1 1 1 1 10 2 1 1 1 1 3 1 1 |1 1 1 1 1 1 1 1 1 1 1 1 1 1 1 1 |1 1 1 1 5 2 1 1 5 1 1 1 1 1 1 1 |1 1 2 1 1 1 2 2 1 1 1 1 1 1 1 1 |1 1 1 1 1 1 1 1 1 1 1 1 1 1 1 1 |2 1 2 1 1 1 6 1 1 1 1 6 1 1 1 8 |1 8 1 1 1 1 1 1 1 1 12 7 2 1 2 1 |
19926: 1 1 1 1 1 1 1 1 1 1 7 7 1 1 1 1 |1 1 1 1 6 1 1 1 1 1 1 1 1 1 4 1 |1 1 1 1 1 1 1 1 1 1 1 1 1 1 1 1 |1 1 1 1 1 1 1 1 1 1 1 1 1 1 1 1 |1 1 1 1 1 1 1 1 1 1 1 1 1 4 1 1 |1 1 1 1 1 1 1 10 2 1 1 1 1 3 1 1 |1 1 1 1 1 1 1 1 1 1 1 1 1 1 1 1 |1 1 1 1 5 2 1 1 5 1 1 1 1 1 1 1 |1 1 2 1 1 1 2 2 1 1 1 1 1 1 1 1 |1 1 1 1 1 1 1 1 1 1 1 1 1 1 1 1 |2 1 2 1 1 1 6 1 1 1 1 6 1 1 1 8 |1 8 1 1 1 1 1 1 1 1 12 7 2 1 2 1 |
19936: 1 1 1 1 1 1 1 1 1 1 1 7 1 1 1 1 |1 1 4 2 1 1 1 1 1 1 1 1 1 1 4 1 |1 1 1 1 1 1 1 1 1 1 1 1 1 1 1 1 |1 1 4 1 1 1 1 1 1 1 1 1 1 1 1 1 |1 1 1 1 1 1 1 1 1 1 1 1 1 1 1 1 |1 1 1 1 1 1 1 10 2 1 1 1 1 3 1 1 |1 1 1 1 1 1 1 1 1 1 1 1 1 1 1 1 |1 1 1 1 5 2 1 1 5 1 1 1 1 1 1 1 |1 1 2 1 1 1 2 2 1 1 1 1 1 1 1 1 |1 1 1 1 1 1 1 1 1 1 1 1 1 1 1 1 |2 1 2 1 1 1 6 1 1 1 1 6 1 1 1 8 |1 8 1 1 1 1 1 1 1 1 12 7 2 1 2 1 |
19947: 1 1 1 1 1 1 1 1 1 1 1 7 1 1 1 1 |1 1 4 2 1 1 1 1 1 1 1 1 1 1 4 1 |1 1 1 1 1 1 1 1 1 1 1 1 1 1 1 1 |1 1 4 1 1 1 1 1 1 1 1 1 1 1 1 1 |1 1 1 1 1 1 1 1 1 1 1 1 1 1 1 1 |1 1 1 1 1 1 1 4 1 2 1 1 1 2 1 1 |1 1 1 1 1 1 1 1 1 1 5 1 1 1 1 1 |1 1 1 1 1 7 1 1 1 1 1 1 1 1 1 3 |1 1 1 1 1 1 1 4 1 1 1 1 1 1 1 1 |1 1 1 1 1 1 1 1 1 1 1 8 1 1 1 1 |3 1 6 1 1 1 6 1 1 1 1 5 1 1 1 8 |1 17 1 1 1 1 1 1 1 1 7 1 9 1 10 1 |
19958: 1 1 1 1 1 1 1 1 1 1 1 7 1 1 1 1 |1 1 4 2 1 1 1 1 1 1 1 1 1 1 4 1 |1 1 1 1 1 1 1 1 1 1 1 1 1 1 1 1 |1 1 4 1 1 1 1 1 1 1 1 1 1 1 1 1 |1 1 1 1 1 1 1 1 1 1 1 1 1 1 1 1 |1 1 1 1 1 1 1 4 1 2 1 1 1 2 1 1 |1 1 1 1 1 1 1 1 1 1 5 1 1 1 1 1 |1 1 1 1 1 7 1 1 1 1 1 1 1 1 1 3 |1 1 1 1 1 1 1 4 1 1 1 1 1 1 1 1 |1 1 1 1 1 1 1 1 1 1 1 8 1 1 1 1 |3 1 6 1 1 1 6 1 1 1 1 5 1 1 1 8 |1 17 1 1 1 1 1 1 1 1 7 1 9 1 10 1 |
19969: 1 1 1 7 1 1 1 1 1 1 7 6 1 1 1 1 |1 1 1 1 1 1 1 1 1 1 1 1 1 1 3 1 |1 1 1 1 1 1 1 1 1 1 1 1 1 1 1 1 |1 1 1 1 1 1 1 1 1 1 1 1 1 1 1 1 |1 1 1 1 1 1 1 1 1 1 1 1 1 1 1 1 |1 1 1 1 1 1 1 1 2 2 1 1 1 2 1 1 |1 1 1 1 1 1 1 1 1 1 5 1 1 1 1 1 |1 1 1 1 1 7 1 1 1 1 1 1 1 1 1 3 |1 1 1 1 1 1 1 4 1 1 1 1 1 1 1 1 |1 1 1 1 1 1 1 1 1 1 1 8 1 1 1 1 |3 1 6 1 1 1 6 1 1 1 1 5 1 1 1 8 |1 17 1 1 1 1 1 1 1 1 7 1 9 1 10 1 |
19979: 1 1 1 7 1 1 1 1 1 1 7 6 1 1 1 1 |1 1 1 1 1 1 1 1 1 1 1 1 1 1 3 1 |1 1 1 1 1 1 1 1 1 1 1 1 1 1 1 1 |1 1 1 1 1 1 1 1 1 1 1 1 1 1 1 1 |1 1 1 1 1 1 1 1 1 1 1 1 1 1 1 1 |1 1 1 1 1 1 1 1 2 2 1 1 1 2 1 1 |1 1 1 1 1 1 1 1 1 1 1 1 1 1 1 1 |1 1 1 1 4 1 1 1 1 1 1 1 1 1 1 1 |1 1 2 1 1 1 1 7 1 1 1 1 1 1 1 1 |1 1 1 1 1 1 1 1 1 1 1 8 2 1 1 1 |3 1 8 1 1 1 1 1 1 1 1 7 1 1 1 8 |1 12 1 1 1 1 2 1 1 1 15 1 1 1 3 1 |
19990: 1 1 1 7 1 1 1 1 1 1 7 6 1 1 1 1 |1 1 1 1 1 1 1 1 1 1 1 1 1 1 3 1 |1 1 1 1 1 1 1 1 1 1 1 1 1 1 1 1 |1 1 1 1 1 1 1 1 1 1 1 1 1 1 1 1 |1 1 1 1 1 1 1 1 1 1 1 1 1 1 1 1 |1 1 1 1 1 1 1 1 2 2 1 1 1 2 1 1 |1 1 1 1 1 1 1 1 1 1 1 1 1 1 1 1 |1 1 1 1 4 1 1 1 1 1 1 1 1 1 1 1 |1 1 2 1 1 1 1 7 1 1 1 1 1 1 1 1 |1 1 1 1 1 1 1 1 1 1 1 8 2 1 1 1 |3 1 8 1 1 1 1 1 1 1 1 7 1 1 1 8 |1 12 1 1 1 1 2 1 1 1 15 1 1 1 3 1 |
20001: 1 1 1 1 1 1 1 1 1 1 5 6 1 1 1 1 |1 1 4 1 1 1 1 1 1 1 1 1 1 1 5 1 |1 1 1 1 1 1 1 1 1 1 1 1 1 1 1 1 |1 1 1 1 1 1 1 1 1 1 1 1 1 1 1 1 |1 1 1 1 1 1 1 1 1 1 1 1 1 1 1 1 |1 1 1 1 1 1 1 1 2 2 1 1 1 2 1 1 |1 1 1 1 1 1 1 1 1 1 1 1 1 1 1 1 |1 1 1 1 4 1 1 1 1 1 1 1 1 1 1 1 |1 1 2 1 1 1 1 7 1 1 1 1 1 1 1 1 |1 1 1 1 1 1 1 1 1 1 1 8 2 1 1 1 |3 1 8 1 1 1 1 1 1 1 1 7 1 1 1 8 |1 12 1 1 1 1 2 1 1 1 15 1 1 1 3 1 |
20012: 1 1 1 1 1 1 1 1 1 1 5 6 1 1 1 1 |1 1 4 1 1 1 1 1 1 1 1 1 1 1 5 1 |1 1 1 1 1 1 1 1 1 1 1 1 1 1 1 1 |1 1 1 1 1 1 1 1 1 1 1 1 1 1 1 1 |1 1 1 1 1 1 1 1 1 1 1 1 1 3 1 1 |1 1 1 1 1 1 1 5 1 3 1 1 1 1 1 1 |1 1 1 1 1 1 1 1 1 1 1 1 1 1 1 1 |1 1 1 2 1 5 1 1 5 1 1 1 1 1 1 1 |1 1 1 1 1 1 3 9 1 1 1 1 1 1 1 12 |1 1 1 1 2 1 5 1 1 1 1 1 1 1 1 1 |1 1 1 1 1 1 9 1 1 1 1 4 1 1 7 8 |1 12 1 1 1 1 2 1 1 1 15 1 1 1 3 1 |
20022: 1 1 1 1 1 1 1 1 1 1 5 6 1 1 1 1 |1 1 4 1 1 1 1 1 1 1 1 1 1 1 5 1 |1 1 1 1 1 1 1 1 1 1 1 1 1 1 1 1 |1 1 1 1 1 1 1 1 1 1 1 1 1 1 1 1 |1 1 1 1 1 1 1 1 1 1 1 1 1 3 1 1 |1 1 1 1 1 1 1 5 1 3 1 1 1 1 1 1 |1 1 1 1 1 1 1 1 1 1 1 1 1 1 1 1 |1 1 1 2 1 5 1 1 5 1 1 1 1 1 1 1 |1 1 1 1 1 1 3 9 1 1 1 1 1 1 1 12 |1 1 1 1 2 1 5 1 1 1 1 1 1 1 1 1 |1 1 1 1 1 1 9 1 1 1 1 4 1 1 7 8 |1 5 1 1 1 1 1 1 1 1 8 6 1 1 4 3 |
20033: 6 1 1 1 1 1 1 1 1 1 6 6 1 1 1 1 |1 1 1 5 3 1 1 1 1 1 1 1 1 1 5 1 |1 1 1 1 1 1 1 1 1 1 1 1 1 1 1 1 |1 1 1 1 1 1 1 1 1 1 1 1 1 1 1 1 |1 1 1 1 1 1 1 1 1 1 1 1 1 3 1 1 |1 1 1 1 1 1 1 5 1 3 1 1 1 1 1 1 |1 1 1 1 1 1 1 1 1 1 1 1 1 1 1 1 |1 1 1 2 1 5 1 1 5 1 1 1 1 1 1 1 |1 1 1 1 1 1 3 9 1 1 1 1 1 1 1 12 |1 1 1 1 2 1 5 1 1 1 1 1 1 1 1 1 |1 1 1 1 1 1 9 1 1 1 1 4 1 1 7 8 |1 5 1 1 1 1 1 1 1 1 8 6 1 1 4 3 |
20043: 6 1 1 1 1 1 1 1 1 1 6 6 1 1 1 1 |1 1 1 5 3 1 1 1 1 1 1 1 1 1 5 1 |1 1 1 1 1 1 1 1 1 1 1 1 1 1 1 1 |1 1 1 1 1 1 1 1 1 1 1 1 1 1 1 1 |1 1 1 1 1 1 1 1 1 1 1 1 1 1 1 1 |1 1 1 1 1 1 2 4 1 1 1 1 1 2 1 1 |1 1 1 1 1 1 1 1 1 1 1 1 1 1 1 1 |1 1 1 1 4 6 1 1 4 1 1 1 1 1 1 4 |1 1 1 2 1 1 1 8 1 1 1 1 1 1 1 1 |1 1 1 1 2 1 5 1 1 1 1 1 1 1 1 1 |1 1 1 1 1 1 9 1 1 1 1 4 1 1 7 8 |1 5 1 1 1 1 1 1 1 1 8 6 1 1 4 3 |
20054: 6 1 1 1 1 1 1 1 1 1 6 6 1 1 1 1 |1 1 1 5 3 1 1 1 1 1 1 1 1 1 5 1 |1 1 1 1 1 1 1 1 1 1 1 1 1 1 1 1 |1 1 1 1 1 1 1 1 1 1 1 1 1 1 1 1 |1 1 1 1 1 1 1 1 1 1 1 1 1 1 1 1 |1 1 1 1 1 1 2 4 1 1 1 1 1 2 1 1 |1 1 1 1 1 1 1 1 1 1 1 1 1 1 1 1 |1 1 1 1 4 6 1 1 4 1 1 1 1 1 1 4 |1 1 1 2 1 1 1 8 1 1 1 1 1 1 1 1 |1 1 1 9 1 1 1 1 1 1 1 1 1 1 1 1 |1 1 1 1 1 1 6 1 1 1 1 6 1 1 1 9 |1 1 1 1 2 1 3 1 1 1 13 7 1 1 2 1 |
20065: 3 1 1 1 1 1 1 1 1 1 6 6 1 1 1 1 |1 1 5 1 1 1 1 1 1 1 1 1 1 1 5 1 |1 1 1 1 1 1 1 1 1 1 1 1 1 1 1 1 |1 1 1 1 1 1 1 1 1 1 1 1 1 1 1 1 |1 1 1 1 1 1 1 1 1 1 1 1 1 1 1 1 |1 1 1 1 1 1 2 4 1 1 1 1 1 2 1 1 |1 1 1 1 1 1 1 1 1 1 1 1 1 1 1 1 |1 1 1 1 4 6 1 1 4 1 1 1 1 1 1 4 |1 1 1 2 1 1 1 8 1 1 1 1 1 1 1 1 |1 1 1 9 1 1 1 1 1 1 1 1 1 1 1 1 |1 1 1 1 1 1 6 1 1 1 1 6 1 1 1 9 |1 1 1 1 2 1 3 1 1 1 13 7 1 1 2 1 |
20076: 3 1 1 1 1 1 1 1 1 1 6 6 1 1 1 1 |1 1 5 1 1 1 1 1 1 1 1 1 1 1 5 1 |1 1 1 1 1 1 1 1 1 1 1 1 1 1 1 1 |1 1 8 1 1 1 1 1 1 1 1 1 1 1 1 1 |1 1 1 1 1 1 1 1 1 1 1 1 1 1 1 1 |1 1 1 1 2 1 1 5 1 2 2 1 1 1 1 1 |1 1 1 1 1 1 1 1 1 1 1 1 1 1 1 1 |1 1 1 1 5 1 1 1 1 1 1 1 6 1 1 1 |1 1 1 1 1 1 1 8 1 1 1 1 1 1 1 1 |1 1 1 9 1 1 1 1 1 1 1 8 1 1 1 1 |1 1 1 1 1 1 6 1 1 1 1 6 1 1 1 9 |1 1 1 1 2 1 3 1 1 1 13 7 1 1 2 1 |
20087: 3 1 1 1 1 1 1 1 1 1 6 6 1 1 1 1 |1 1 5 1 1 1 1 1 1 1 1 1 1 1 5 1 |1 1 1 1 1 1 1 1 1 1 1 1 1 1 1 1 |1 1 8 1 1 1 1 1 1 1 1 1 1 1 1 1 |1 1 1 1 1 1 1 1 1 1 1 1 1 1 1 1 |1 1 1 1 2 1 1 5 1 2 2 1 1 1 1 1 |1 1 1 1 1 1 1 1 1 1 1 1 1 1 1 1 |1 1 1 1 5 1 1 1 1 1 1 1 6 1 1 1 |1 1 1 1 1 1 1 8 1 1 1 1 1 1 1 1 |1 1 1 9 1 1 1 1 1 1 1 8 1 1 1 1 |4 1 1 1 1 1 1 1 1 1 1 6 1 1 1 4 |1 11 1 1 1 1 1 2 1 1 13 8 6 1 9 1 |
20097: 3 1 1 1 1 1 1 1 1 1 6 6 1 1 1 1 |1 1 5 1 1 1 1 1 1 1 1 1 1 1 5 1 |1 1 1 1 1 1 1 1 1 1 1 1 1 1 1 1 |1 1 8 1 1 1 1 1 1 1 1 1 1 1 1 1 |1 1 1 1 1 1 1 1 1 1 1 1 1 1 1 1 |1 1 1 1 2 1 1 5 1 2 2 1 1 1 1 1 |1 1 1 1 1 1 1 1 1 1 1 1 1 1 1 1 |1 1 1 1 5 1 1 1 1 1 1 1 6 1 1 1 |1 1 1 1 1 1 1 8 1 1 1 1 1 1 1 1 |1 1 1 9 1 1 1 1 1 1 1 8 1 1 1 1 |4 1 1 1 1 1 1 1 1 1 1 6 1 1 1 4 |1 11 1 1 1 1 1 2 1 1 13 8 6 1 9 1 |
20108: 2 1 1 1 1 1 1 1 1 1 5 5 1 1 1 1 |1 1 9 4 1 1 1 1 1 1 1 1 1 1 5 1 |1 1 1 1 1 1 1 1 1 1 1 1 1 1 1 1 |1 1 1 1 1 1 1 1 1 1 1 1 1 1 1 1 |1 1 1 1 1 1 1 1 1 1 1 1 1 3 1 1 |1 1 1 1 1 1 2 3 4 2 1 1 1 1 1 1 |1 1 1 1 1 1 1 1 1 1 1 1 1 1 1 1 |1 1 1 1 5 2 1 1 6 1 1 1 1 1 1 1 |1 1 1 1 1 1 1 8 1 1 1 1 1 1 1 1 |1 1 1 9 1 1 1 1 1 1 1 8 1 1 1 1 |4 1 1 1 1 1 1 1 1 1 1 6 1 1 1 4 |1 11 1 1 1 1 1 2 1 1 13 8 6 1 9 1 |
20118: 2 1 1 1 1 1 1 1 1 1 5 5 1 1 1 1 |1 1 9 4 1 1 1 1 1 1 1 1 1 1 5 1 |1 1 1 1 1 1 1 1 1 1 1 1 1 1 1 1 |1 1 1 1 1 1 1 1 1 1 1 1 1 1 1 1 |1 1 1 1 1 1 1 1 1 1 1 1 1 3 1 1 |1 1 1 1 1 1 2 3 4 2 1 1 1 1 1 1 |1 1 1 1 1 1 1 1 1 1 1 1 1 1 1 1 |1 1 1 1 5 2 1 1 6 1 1 1 1 1 1 1 |1 1 1 2 1 1 1 9 1 1 1 1 1 1 1 11 |1 1 1 1 1 1 7 1 1 1 1 9 1 1 1 1 |1 1 1 1 1 1 1 1 1 1 1 7 1 1 7 1 |1 13 1 1 1 1 1 1 1 1 5 9 6 1 10 1 |
20129: 2 1 1 1 1 1 1 1 1 1 5 5 1 1 1 1 |1 1 9 4 1 1 1 1 1 1 1 1 1 1 5 1 |1 1 1 1 1 1 1 1 1 1 1 1 1 1 1 1 |1 1 1 1 1 1 1 1 1 1 1 1 1 1 1 1 |1 1 1 1 1 1 1 1 1 1 1 1 1 3 1 1 |1 1 1 1 1 1 2 3 4 2 1 1 1 1 1 1 |1 1 1 1 1 1 1 1 1 1 1 1 1 1 1 1 |1 1 1 1 5 2 1 1 6 1 1 1 1 1 1 1 |1 1 1 2 1 1 1 9 1 1 1 1 1 1 1 11 |1 1 1 1 1 1 7 1 1 1 1 9 1 1 1 1 |1 1 1 1 1 1 1 1 1 1 1 7 1 1 7 1 |1 13 1 1 1 1 1 1 1 1 5 9 6 1 10 1 |
20140: 1 1 1 1 1 1 1 1 1 1 4 6 1 1 1 1 |1 1 1 5 3 1 1 1 1 1 1 1 1 1 4 1 |1 1 1 1 1 1 1 1 1 1 1 1 1 1 1 1 |1 1 1 1 1 1 1 1 1 1 1 1 1 1 1 1 |1 1 1 1 1 1 1 1 1 1 1 1 1 1 1 1 |1 1 1 1 1 1 1 1 1 2 1 1 1 4 1 1 |1 1 1 1 1 1 1 1 1 1 3 1 1 1 1 2 |1 1 1 1 7 1 1 1 4 1 1 1 1 1 1 4 |1 1 1 2 1 1 1 9 1 1 1 1 1 1 1 11 |1 1 1 1 1 1 7 1 1 1 1 9 1 1 1 1 |1 1 1 1 1 1 1 1 1 1 1 7 1 1 7 1 |1 13 1 1 1 1 1 1 1 1 5 9 6 1 10 1 |
20151: 1 1 1 1 1 1 1 1 1 1 4 6 1 1 1 1 |1 1 1 5 3 1 1 1 1 1 1 1 1 1 4 1 |1 1 1 1 1 1 1 1 1 1 1 1 1 1 1 1 |1 1 1 1 1 1 1 1 1 1 1 1 1 1 1 1 |1 1 1 1 1 1 1 1 1 1 1 1 1 1 1 1 |1 1 1 1 1 1 1 1 1 2 1 1 1 4 1 1 |1 1 1 1 1 1 1 1 1 1 3 1 1 1 1 2 |1 1 1 1 7 1 1 1 4 1 1 1 1 1 1 4 |1 1 2 1 1 1 1 1 1 1 1 1 1 1 1 4 |1 1 1 1 1 1 1 1 1 1 1 6 1 1 1 1 |5 1 1 1 1 1 8 1 1 1 1 1 1 1 1 8 |1 11 1 1 2 1 1 1 1 1 11 3 1 1 1 1 |
20162: 1 1 1 1 1 1 1 1 1 1 4 6 1 1 1 1 |1 1 1 5 3 1 1 1 1 1 1 1 1 1 4 1 |1 1 1 1 1 1 1 1 1 1 1 1 1 1 1 1 |1 1 1 1 1 1 1 1 1 1 1 1 1 1 1 1 |1 1 1 1 1 1 1 1 1 1 1 1 1 1 1 1 |1 1 1 1 1 1 1 1 1 2 1 1 1 4 1 1 |1 1 1 1 1 1 1 1 1 1 3 1 1 1 1 2 |1 1 1 1 7 1 1 1 4 1 1 1 1 1 1 4 |1 1 2 1 1 1 1 1 1 1 1 1 1 1 1 4 |1 1 1 1 1 1 1 1 1 1 1 6 1 1 1 1 |5 1 1 1 1 1 8 1 1 1 1 1 1 1 1 8 |1 11 1 1 2 1 1 1 1 1 11 3 1 1 1 1 |
20172: 3 1 1 1 1 1 1 1 1 1 7 5 1 1 1 1 |1 1 4 4 1 1 1 1 1 1 1 1 1 1 2 1 |1 1 1 1 1 1 1 1 1 1 1 1 1 1 1 1 |1 1 5 1 1 1 1 1 1 1 1 1 1 1 1 1 |1 1 1 1 1 1 1 1 1 1 1 1 1 7 1 1 |1 1 1 1 1 1 5 2 1 2 1 1 1 3 1 1 |1 1 1 1 1 1 1 1 1 1 1 1 1 1 1 1 |1 1 1 1 7 1 1 1 4 1 1 1 1 1 1 4 |1 1 2 1 1 1 1 1 1 1 1 1 1 1 1 4 |1 1 1 1 1 1 1 1 1 1 1 6 1 1 1 1 |5 1 1 1 1 1 8 1 1 1 1 1 1 1 1 8 |1 11 1 1 2 1 1 1 1 1 11 3 1 1 1 1 |
20183: 3 1 1 1 1 1 1 1 1 1 7 5 1 1 1 1 |1 1 4 4 1 1 1 1 1 1 1 1 1 1 2 1 |1 1 1 1 1 1 1 1 1 1 1 1 1 1 1 1 |1 1 5 1 1 1 1 1 1 1 1 1 1 1 1 1 |1 1 1 1 1 1 1 1 1 1 1 1 1 7 1 1 |1 1 1 1 1 1 5 2 1 2 1 1 1 3 1 1 |1 1 1 1 1 1 1 1 1 1 1 1 1 1 1 1 |1 1 1 1 3 1 1 1 1 1 1 1 1 1 1 3 |1 1 3 3 1 1 1 7 1 1 1 1 1 1 1 1 |1 1 2 1 1 1 1 1 1 1 1 10 1 1 1 1 |1 1 2 1 1 1 1 1 1 1 1 5 1 1 1 5 |1 12 1 1 1 1 1 1 1 1 6 1 7 1 10 1 |
20193: 3 1 1 1 1 1 1 1 1 1 7 5 1 1 1 1 |1 1 4 4 1 1 1 1 1 1 1 1 1 1 2 1 |1 1 1 1 1 1 1 1 1 1 1 1 1 1 1 1 |1 1 5 1 1 1 1 1 1 1 1 1 1 1 1 1 |1 1 1 1 1 1 1 1 1 1 1 1 1 7 1 1 |1 1 1 1 1 1 5 2 1 2 1 1 1 3 1 1 |1 1 1 1 1 1 1 1 1 1 1 1 1 1 1 1 |1 1 1 1 3 1 1 1 1 1 1 1 1 1 1 3 |1 1 3 3 1 1 1 7 1 1 1 1 1 1 1 1 |1 1 2 1 1 1 1 1 1 1 1 10 1 1 1 1 |1 1 2 1 1 1 1 1 1 1 1 5 1 1 1 5 |1 12 1 1 1 1 1 1 1 1 6 1 7 1 10 1 |
20204: 1 1 1 1 1 1 1 1 1 1 1 6 1 1 1 1 |1 1 11 1 1 1 1 1 1 1 1 1 1 1 3 1 |1 1 1 1 1 1 1 1 1 1 1 1 1 1 1 1 |1 1 1 1 1 1 1 1 1 1 1 1 1 1 1 1 |1 1 1 1 1 1 1 1 1 1 1 1 1 1 1 1 |1 1 1 1 1 1 1 5 1 2 1 1 1 1 1 1 |1 1 1 1 1 1 1 1 1 1 1 1 1 1 1 1 |1 1 1 1 3 1 1 1 1 1 1 1 1 1 1 3 |1 1 3 3 1 1 1 7 1 1 1 1 1 1 1 1 |1 1 2 1 1 1 1 1 1 1 1 10 1 1 1 1 |1 1 2 1 1 1 1 1 1 1 1 5 1 1 1 5 |1 12 1 1 1 1 1 1 1 1 6 1 7 1 10 1 |
20215: 1 1 1 1 1 1 1 1 1 1 1 6 1 1 1 1 |1 1 11 1 1 1 1 1 1 1 1 1 1 1 3 1 |1 1 1 1 1 1 1 1 1 1 1 1 1 1 1 1 |1 1 1 1 1 1 1 1 1 1 1 1 1 1 1 1 |1 1 1 1 1 1 1 1 1 1 1 1 1 1 1 1 |1 1 1 1 1 1 1 5 1 2 1 1 1 1 1 1 |1 1 1 1 1 1 1 1 1 1 1 1 1 1 1 1 |1 1 1 3 5 1 1 1 5 5 1 1 2 1 1 1 |1 1 1 1 1 1 1 6 1 1 1 1 1 1 1 1 |1 1 1 1 1 1 1 1 1 1 1 1 1 1 1 1 |1 1 4 1 1 1 7 1 1 1 1 1 1 1 1 9 |1 7 1 1 7 2 1 1 1 1 12 1 9 1 2 1 |
20226: 1 1 1 1 1 1 1 1 1 1 1 6 1 1 1 1 |1 1 11 1 1 1 1 1 1 1 1 1 1 1 3 1 |1 1 1 1 1 1 1 1 1 1 1 1 1 1 1 1 |1 1 1 1 1 1 1 1 1 1 1 1 1 1 1 1 |1 1 1 1 1 1 1 1 1 1 1 1 1 1 1 1 |1 1 1 1 1 1 1 5 1 2 1 1 1 1 1 1 |1 1 1 1 1 1 1 1 1 1 1 1 1 1 1 1 |1 1 1 3 5 1 1 1 5 5 1 1 2 1 1 1 |1 1 1 1 1 1 1 6 1 1 1 1 1 1 1 1 |1 1 1 1 1 1 1 1 1 1 1 1 1 1 1 1 |1 1 4 1 1 1 7 1 1 1 1 1 1 1 1 9 |1 7 1 1 7 2 1 1 1 1 12 1 9 1 2 1 |
20237: 5 1 1 1 1 1 1 1 1 1 1 6 1 1 1 1 |1 1 6 1 1 1 1 1 1 1 1 1 1 1 6 1 |1 1 1 1 1 1 1 1 1 1 1 1 1 1 1 1 |1 1 1 1 1 1 1 1 1 1 1 1 1 1 1 1 |1 1 1 1 1 1 1 1 1 1 1 1 1 3 1 1 |1 1 1 1 1 1 1 3 1 4 1 1 1 3 1 1 |1 1 1 1 1 1 1 1 1 1 1 1 1 1 1 1 |1 1 1 3 5 1 1 1 5 5 1 1 2 1 1 1 |1 1 1 1 1 1 1 6 1 1 1 1 1 1 1 1 |1 1 1 1 1 1 1 1 1 1 1 1 1 1 1 1 |1 1 4 1 1 1 7 1 1 1 1 1 1 1 1 9 |1 7 1 1 7 2 1 1 1 1 12 1 9 1 2 1 |
20247: 5 1 1 1 1 1 1 1 1 1 1 6 1 1 1 1 |1 1 6 1 1 1 1 1 1 1 1 1 1 1 6 1 |1 1 1 1 1 1 1 1 1 1 1 1 1 1 1 1 |1 1 1 1 1 1 1 1 1 1 1 1 1 1 1 1 |1 1 1 1 1 1 1 1 1 1 1 1 1 3 1 1 |1 1 1 1 1 1 1 3 1 4 1 1 1 3 1 1 |1 1 1 1 1 1 1 1 1 1 1 1 1 1 1 1 |1 1 1 14 1 1 1 1 4 5 1 1 1 1 1 3 |1 1 2 1 1 1 1 6 1 1 1 1 1 1 1 1 |1 1 2 1 1 8 2 1 1 1 1 1 1 1 1 1 |2 1 1 1 1 1 6 1 1 1 1 7 1 1 1 1 |1 6 1 8 1 1 2 1 1 1 13 3 1 1 1 1 |
20258: 5 1 1 1 1 1 1 1 1 1 1 6 1 1 1 1 |1 1 6 1 1 1 1 1 1 1 1 1 1 1 6 1 |1 1 1 1 1 1 1 1 1 1 1 1 1 1 1 1 |1 1 1 1 1 1 1 1 1 1 1 1 1 1 1 1 |1 1 1 1 1 1 1 1 1 1 1 1 1 3 1 1 |1 1 1 1 1 1 1 3 1 4 1 1 1 3 1 1 |1 1 1 1 1 1 1 1 1 1 1 1 1 1 1 1 |1 1 1 14 1 1 1 1 4 5 1 1 1 1 1 3 |1 1 2 1 1 1 1 6 1 1 1 1 1 1 1 1 |1 1 2 1 1 8 2 1 1 1 1 1 1 1 1 1 |2 1 1 1 1 1 6 1 1 1 1 7 1 1 1 1 |1 6 1 8 1 1 2 1 1 1 13 3 1 1 1 1 |
20269: 3 1 1 1 1 1 1 1 1 1 1 7 1 1 1 1 |1 1 5 5 1 1 1 1 1 1 1 1 1 1 1 1 |1 1 1 1 1 1 1 1 1 1 1 1 1 1 1 1 |1 1 1 1 1 1 1 1 1 1 1 1 1 1 1 1 |1 1 1 1 1 1 1 1 1 1 1 1 1 3 1 1 |1 1 1 1 1 1 1 3 1 4 1 1 1 3 1 1 |1 1 1 1 1 1 1 1 1 1 1 1 1 1 1 1 |1 1 1 14 1 1 1 1 4 5 1 1 1 1 1 3 |1 1 2 1 1 1 1 6 1 1 1 1 1 1 1 1 |1 1 2 1 1 8 2 1 1 1 1 1 1 1 1 1 |2 1 1 1 1 1 6 1 1 1 1 7 1 1 1 1 |1 6 1 8 1 1 2 1 1 1 13 3 1 1 1 1 |
20279: 3 1 1 1 1 1 1 1 1 1 1 7 1 1 1 1 |1 1 5 5 1 1 1 1 1 1 1 1 1 1 1 1 |1 1 1 1 1 1 1 1 1 1 1 1 1 1 1 1 |1 1 1 1 1 1 1 1 1 1 1 1 1 1 1 1 |1 1 1 1 1 1 1 1 1 1 1 1 1 1 1 1 |1 1 1 1 1 1 4 2 1 4 3 1 1 1 1 1 |1 1 1 1 1 1 1 1 1 1 1 1 1 1 1 1 |1 1 1 1 1 1 1 1 1 1 1 1 1 1 1 1 |1 1 1 1 1 1 1 8 1 1 5 1 1 1 1 1 |1 1 1 8 1 1 1 1 1 1 1 9 1 1 1 1 |3 1 1 1 1 1 8 1 1 1 1 1 1 1 1 1 |1 1 2 2 1 1 1 1 1 1 6 1 1 1 10 1 |
20291: 3 1 1 1 1 1 1 1 1 1 1 7 1 1 1 1 |1 1 5 5 1 1 1 1 1 1 1 1 1 1 1 1 |1 1 1 1 1 1 1 1 1 1 1 1 1 1 1 1 |1 1 1 1 1 1 1 1 1 1 1 1 1 1 1 1 |1 1 1 1 1 1 1 1 1 1 1 1 1 1 1 1 |1 1 1 1 1 1 4 2 1 4 3 1 1 1 1 1 |1 1 1 1 1 1 1 1 1 1 1 1 1 1 1 1 |1 1 1 1 1 1 1 1 1 1 1 1 1 1 1 1 |1 1 1 1 1 1 1 8 1 1 5 1 1 1 1 1 |1 1 1 8 1 1 1 1 1 1 1 9 1 1 1 1 |3 1 1 1 1 1 8 1 1 1 1 1 1 1 1 1 |1 1 2 2 1 1 1 1 1 1 6 1 1 1 10 1 |
20302: 5 1 1 1 9 1 1 1 1 1 8 5 1 1 1 1 |1 1 1 1 1 1 1 1 1 1 1 1 1 1 1 1 |1 1 1 1 1 1 1 1 1 1 1 1 1 1 1 1 |1 1 1 1 1 1 1 1 1 1 1 1 1 1 1 1 |1 1 1 1 1 1 1 1 1 1 1 1 1 1 1 1 |1 1 1 1 1 1 2 1 1 1 1 1 1 1 1 1 |1 1 1 1 1 1 1 1 1 1 1 1 1 1 1 1 |1 1 1 1 1 1 1 1 1 1 1 1 1 1 1 1 |1 1 1 1 1 1 1 8 1 1 5 1 1 1 1 1 |1 1 1 8 1 1 1 1 1 1 1 9 1 1 1 1 |3 1 1 1 1 1 8 1 1 1 1 1 1 1 1 1 |1 1 2 2 1 1 1 1 1 1 6 1 1 1 10 1 |
20313: 5 1 1 1 9 1 1 1 1 1 8 5 1 1 1 1 |1 1 1 1 1 1 1 1 1 1 1 1 1 1 1 1 |1 1 1 1 1 1 1 1 1 1 1 1 1 1 1 1 |1 1 1 1 1 1 1 1 1 1 1 1 1 1 1 1 |1 1 1 1 1 1 1 1 1 1 1 1 1 1 1 1 |1 1 1 1 1 1 2 1 1 1 1 1 1 1 1 1 |1 1 1 1 1 1 1 1 1 1 1 2 1 1 1 3 |1 1 1 3 7 1 1 1 6 7 1 1 1 1 1 2 |1 1 1 1 4 1 1 7 1 1 1 1 3 1 1 1 |1 1 1 1 1 1 1 1 1 1 1 9 1 1 1 1 |4 1 3 1 1 1 1 1 1 1 1 8 1 4 1 1 |1 5 1 2 1 1 2 1 1 1 5 1 6 1 10 1 |
20323: 5 1 1 1 9 1 1 1 1 1 8 5 1 1 1 1 |1 1 1 1 1 1 1 1 1 1 1 1 1 1 1 1 |1 1 1 1 1 1 1 1 1 1 1 1 1 1 1 1 |1 1 1 1 1 1 1 1 1 1 1 1 1 1 1 1 |1 1 1 1 1 1 1 1 1 1 1 1 1 1 1 1 |1 1 1 1 1 1 2 1 1 1 1 1 1 1 1 1 |1 1 1 1 1 1 1 1 1 1 1 2 1 1 1 3 |1 1 1 3 7 1 1 1 6 7 1 1 1 1 1 2 |1 1 1 1 4 1 1 7 1 1 1 1 3 1 1 1 |1 1 1 1 1 1 1 1 1 1 1 9 1 1 1 1 |4 1 3 1 1 1 1 1 1 1 1 8 1 4 1 1 |1 5 1 2 1 1 2 1 1 1 5 1 6 1 10 1 |
20335: 5 1 1 1 1 1 1 1 1 1 1 9 1 1 1 1 |1 1 1 1 1 1 1 1 1 1 1 1 1 1 1 1 |1 1 1 1 1 1 1 1 1 1 1 1 1 1 1 1 |1 1 1 1 1 1 1 1 1 1 1 1 1 1 1 1 |1 1 1 1 1 1 1 1 1 1 2 1 1 1 1 1 |1 1 1 1 1 1 2 1 1 1 1 1 1 1 1 1 |1 1 1 1 1 1 1 1 1 1 1 2 1 1 1 3 |1 1 1 3 7 1 1 1 6 7 1 1 1 1 1 2 |1 1 1 1 4 1 1 7 1 1 1 1 3 1 1 1 |1 1 1 1 1 1 1 1 1 1 1 9 1 1 1 1 |4 1 3 1 1 1 1 1 1 1 1 8 1 4 1 1 |1 5 1 2 1 1 2 1 1 1 5 1 6 1 10 1 |
20345: 5 1 1 1 1 1 1 1 1 1 1 9 1 1 1 1 |1 1 1 1 1 1 1 1 1 1 1 1 1 1 1 1 |1 1 1 1 1 1 1 1 1 1 1 1 1 1 1 1 |1 1 1 1 1 1 1 1 1 1 1 1 1 1 1 1 |1 1 1 1 1 1 1 1 1 1 2 1 1 1 1 1 |1 1 1 1 1 1 1 2 1 3 1 1 1 1 1 1 |1 1 1 1 1 1 1 6 1 1 1 1 1 1 1 1 |1 1 1 1 5 1 1 1 1 1 1 1 7 1 1 1 |1 1 1 1 1 1 1 1 1 1 1 1 1 1 2 2 |1 1 1 1 1 1 1 1 1 1 1 9 2 1 1 1 |4 1 1 1 1 1 7 1 1 1 1 3 1 1 1 7 |1 6 1 1 1 1 1 1 1 1 3 11 2 1 4 1 |
20356: 5 1 1 1 1 1 1 1 1 1 1 9 1 1 1 1 |1 1 1 1 1 1 1 1 1 1 1 1 1 1 1 1 |1 1 1 1 1 1 1 1 1 1 1 1 1 1 1 1 |1 1 1 1 1 1 1 1 1 1 1 1 1 1 1 1 |1 1 1 1 1 1 1 1 1 1 2 1 1 1 1 1 |1 1 1 1 1 1 1 2 1 3 1 1 1 1 1 1 |1 1 1 1 1 1 1 6 1 1 1 1 1 1 1 1 |1 1 1 1 5 1 1 1 1 1 1 1 7 1 1 1 |1 1 1 1 1 1 1 1 1 1 1 1 1 1 2 2 |1 1 1 1 1 1 1 1 1 1 1 9 2 1 1 1 |4 1 1 1 1 1 7 1 1 1 1 3 1 1 1 7 |1 6 1 1 1 1 1 1 1 1 3 11 2 1 4 1 |
20367: 2 1 1 1 1 1 1 1 1 1 1 1 1 1 1 1 |1 1 1 1 5 1 1 1 1 1 1 1 1 1 5 1 |1 1 1 1 1 1 1 1 1 1 1 1 1 1 1 1 |1 1 1 1 1 1 1 1 1 1 1 1 1 1 1 1 |1 1 1 1 1 1 1 1 1 1 2 1 1 1 1 1 |1 1 1 1 1 1 1 2 1 3 1 1 1 1 1 1 |1 1 1 1 1 1 1 6 1 1 1 1 1 1 1 1 |1 1 1 1 5 1 1 1 1 1 1 1 7 1 1 1 |1 1 1 1 1 1 1 1 1 1 1 1 1 1 2 2 |1 1 1 1 1 1 1 1 1 1 1 9 2 1 1 1 |4 1 1 1 1 1 7 1 1 1 1 3 1 1 1 7 |1 6 1 1 1 1 1 1 1 1 3 11 2 1 4 1 |
20378: 2 1 1 1 1 1 1 1 1 1 1 1 1 1 1 1 |1 1 1 1 5 1 1 1 1 1 1 1 1 1 5 1 |1 1 1 1 1 1 1 1 1 1 1 1 1 1 1 1 |1 1 1 1 1 1 1 1 1 1 1 1 1 1 1 1 |1 1 1 1 1 1 1 1 1 1 1 1 1 1 1 1 |1 1 1 1 1 1 4 3 1 5 1 1 1 3 1 1 |1 1 1 1 1 1 1 1 1 1 1 1 1 1 1 1 |1 1 1 1 1 1 1 1 5 3 1 1 1 1 1 2 |1 1 1 1 1 1 1 6 1 1 1 1 5 1 1 1 |1 1 1 1 1 1 1 1 1 1 1 10 1 1 1 1 |2 1 8 1 1 1 7 1 1 1 1 1 1 1 1 1 |1 6 1 1 1 1 1 1 1 1 3 11 2 1 4 1 |
20390: 2 1 1 1 1 1 1 1 1 1 1 1 1 1 1 1 |1 1 1 1 5 1 1 1 1 1 1 1 1 1 5 1 |1 1 1 1 1 1 1 1 1 1 1 1 1 1 1 1 |1 1 1 1 1 1 1 1 1 1 1 1 1 1 1 1 |1 1 1 1 1 1 1 1 1 1 1 1 1 1 1 1 |1 1 1 1 1 1 4 3 1 5 1 1 1 3 1 1 |1 1 1 1 1 1 1 1 1 1 1 1 1 1 1 1 |1 1 1 1 1 1 1 1 5 3 1 1 1 1 1 2 |1 1 1 1 1 1 1 6 1 1 1 1 5 1 1 1 |1 1 1 1 1 1 1 1 1 1 1 10 1 1 1 1 |2 1 8 1 1 1 7 1 1 1 1 1 1 1 1 1 |1 1 1 1 1 1 2 1 1 1 9 4 8 1 8 2 |
20401: 1 1 1 1 1 1 1 1 1 1 1 7 1 1 1 1 |1 1 5 4 5 1 1 1 1 1 1 1 1 1 2 1 |1 1 1 1 1 1 1 1 1 1 1 1 1 1 1 1 |1 1 1 1 1 1 1 1 1 1 1 1 1 1 1 1 |1 1 1 1 1 1 1 1 1 1 1 1 1 1 1 1 |1 1 1 1 1 1 4 3 1 5 1 1 1 3 1 1 |1 1 1 1 1 1 1 1 1 1 1 1 1 1 1 1 |1 1 1 1 1 1 1 1 5 3 1 1 1 1 1 2 |1 1 1 1 1 1 1 6 1 1 1 1 5 1 1 1 |1 1 1 1 1 1 1 1 1 1 1 10 1 1 1 1 |2 1 8 1 1 1 7 1 1 1 1 1 1 1 1 1 |1 1 1 1 1 1 2 1 1 1 9 4 8 1 8 2 |
20412: 1 1 1 1 1 1 1 1 1 1 1 7 1 1 1 1 |1 1 5 4 5 1 1 1 1 1 1 1 1 1 2 1 |1 1 1 1 1 1 1 1 1 1 1 1 1 1 1 1 |1 1 1 1 1 1 1 1 1 1 1 1 1 1 1 1 |1 1 1 1 1 1 1 1 1 1 1 1 1 2 1 1 |1 1 1 1 1 1 1 3 1 2 1 1 1 4 1 1 |1 1 1 1 1 1 1 1 1 1 1 2 1 1 1 1 |1 1 1 1 6 1 1 1 4 1 1 1 1 1 1 1 |1 1 2 1 1 1 1 8 1 1 1 1 6 1 1 1 |1 1 1 9 1 1 1 1 1 1 1 10 1 1 1 1 |1 1 1 1 1 1 1 1 1 1 1 1 1 1 1 1 |1 1 1 1 1 1 2 1 1 1 9 4 8 1 8 2 |
20422: 1 1 1 1 1 1 1 1 1 1 1 7 1 1 1 1 |1 1 5 4 5 1 1 1 1 1 1 1 1 1 2 1 |1 1 1 1 1 1 1 1 1 1 1 1 1 1 1 1 |1 1 1 1 1 1 1 1 1 1 1 1 1 1 1 1 |1 1 1 1 1 1 1 1 1 1 1 1 1 2 1 1 |1 1 1 1 1 1 1 3 1 2 1 1 1 4 1 1 |1 1 1 1 1 1 1 1 1 1 1 2 1 1 1 1 |1 1 1 1 6 1 1 1 4 1 1 1 1 1 1 1 |1 1 2 1 1 1 1 8 1 1 1 1 6 1 1 1 |1 1 1 9 1 1 1 1 1 1 1 10 1 1 1 1 |1 1 1 1 1 1 1 1 1 1 1 1 1 1 1 1 |1 12 1 1 1 1 1 1 1 1 5 5 1 1 8 2 |
20433: 1 1 1 1 1 1 1 1 1 1 1 7 1 1 1 1 |1 1 5 4 5 1 1 1 1 1 1 1 1 1 2 1 |1 1 1 1 1 1 1 1 1 1 1 1 1 1 1 1 |1 1 1 1 1 1 1 1 1 1 1 1 1 1 1 1 |1 1 1 1 1 1 1 1 1 1 1 1 1 2 1 1 |1 1 1 1 1 1 1 3 1 2 1 1 1 4 1 1 |1 1 1 1 1 1 1 1 1 1 1 2 1 1 1 1 |1 1 1 1 6 1 1 1 4 1 1 1 1 1 1 1 |1 1 2 1 1 1 1 8 1 1 1 1 6 1 1 1 |1 1 1 9 1 1 1 1 1 1 1 10 1 1 1 1 |1 1 1 1 1 1 1 1 1 1 1 1 1 1 1 1 |1 12 1 1 1 1 1 1 1 1 5 5 1 1 8 2 |
20464: 1 1 1 1 1 1 1 1 1 1 1 4 1 1 1 1 |1 1 1 1 1 1 1 1 1 1 1 1 1 1 1 1 |1 1 1 1 1 1 1 1 1 1 1 1 1 1 1 1 |1 1 3 1 1 1 1 1 1 1 1 1 1 1 1 1 |1 1 1 1 1 1 1 1 1 1 1 1 1 4 1 1 |1 1 1 1 1 1 1 3 1 2 1 1 1 4 1 1 |1 1 1 1 1 1 1 1 1 1 1 2 1 1 1 1 |1 1 1 1 6 1 1 1 4 1 1 1 1 1 1 1 |1 1 2 1 1 1 1 8 1 1 1 1 6 1 1 1 |1 1 1 9 1 1 1 1 1 1 1 10 1 1 1 1 |1 1 1 1 1 1 1 1 1 1 1 1 1 1 1 1 |1 12 1 1 1 1 1 1 1 1 5 5 1 1 8 2 |
20475: 1 1 1 1 1 1 1 1 1 1 1 4 1 1 1 1 |1 1 1 1 1 1 1 1 1 1 1 1 1 1 1 1 |1 1 1 1 1 1 1 1 1 1 1 1 1 1 1 1 |1 1 3 1 1 1 1 1 1 1 1 1 1 1 1 1 |1 1 1 1 1 1 1 1 1 1 1 1 1 4 1 1 |1 1 1 1 1 1 3 1 1 1 2 1 1 2 1 1 |1 1 1 1 1 1 1 1 1 1 3 2 1 1 1 1 |1 1 1 4 5 2 1 1 1 1 1 1 1 1 1 5 |1 1 3 1 1 1 1 9 1 1 1 1 1 1 1 7 |1 1 1 8 1 1 1 1 1 1 1 8 1 1 1 1 |5 1 8 1 1 1 7 1 1 1 1 7 4 1 1 9 |1 12 1 1 1 1 1 1 1 1 5 5 1 1 8 2 |
20485: 1 1 1 1 1 1 1 1 1 1 1 4 1 1 1 1 |1 1 1 1 1 1 1 1 1 1 1 1 1 1 1 1 |1 1 1 1 1 1 1 1 1 1 1 1 1 1 1 1 |1 1 3 1 1 1 1 1 1 1 1 1 1 1 1 1 |1 1 1 1 1 1 1 1 1 1 1 1 1 4 1 1 |1 1 1 1 1 1 3 1 1 1 2 1 1 2 1 1 |1 1 1 1 1 1 1 1 1 1 3 2 1 1 1 1 |1 1 1 4 5 2 1 1 1 1 1 1 1 1 1 5 |1 1 3 1 1 1 1 9 1 1 1 1 1 1 1 7 |1 1 1 8 1 1 1 1 1 1 1 8 1 1 1 1 |5 1 8 1 1 1 7 1 1 1 1 7 4 1 1 9 |1 5 1 7 1 1 2 2 1 1 6 1 8 1 10 7 |
20496: 7 1 1 1 1 1 1 1 1 1 1 7 1 1 1 1 |1 1 1 5 1 1 1 1 1 1 1 1 1 1 1 1 |1 1 1 1 1 1 1 1 1 1 1 1 1 1 1 1 |1 1 3 1 1 1 1 1 1 1 1 1 1 1 1 1 |1 1 1 1 1 1 1 1 1 1 1 1 1 4 1 1 |1 1 1 1 1 1 3 1 1 1 2 1 1 2 1 1 |1 1 1 1 1 1 1 1 1 1 3 2 1 1 1 1 |1 1 1 4 5 2 1 1 1 1 1 1 1 1 1 5 |1 1 3 1 1 1 1 9 1 1 1 1 1 1 1 7 |1 1 1 8 1 1 1 1 1 1 1 8 1 1 1 1 |5 1 8 1 1 1 7 1 1 1 1 7 4 1 1 9 |1 5 1 7 1 1 2 2 1 1 6 1 8 1 10 7 |
20507: 7 1 1 1 1 1 1 1 1 1 1 7 1 1 1 1 |1 1 1 5 1 1 1 1 1 1 1 1 1 1 1 1 |1 1 1 1 1 1 1 1 1 1 1 1 1 1 1 1 |1 1 1 1 1 1 1 1 1 1 1 1 1 1 1 1 |1 1 1 1 1 1 1 1 1 1 1 1 1 3 1 1 |1 1 1 1 1 1 2 1 3 2 1 1 1 5 1 1 |1 1 1 1 1 1 1 1 1 1 1 1 1 1 1 1 |1 1 1 1 6 1 1 1 6 1 1 1 1 1 1 4 |1 1 1 1 1 1 1 6 1 1 5 1 1 1 1 1 |1 1 1 8 1 1 1 1 1 1 1 8 1 1 1 1 |5 1 8 1 1 1 7 1 1 1 1 7 4 1 1 9 |1 5 1 7 1 1 2 2 1 1 6 1 8 1 10 7 |
20517: 7 1 1 1 1 1 1 1 1 1 1 7 1 1 1 1 |1 1 1 5 1 1 1 1 1 1 1 1 1 1 1 1 |1 1 1 1 1 1 1 1 1 1 1 1 1 1 1 1 |1 1 1 1 1 1 1 1 1 1 1 1 1 1 1 1 |1 1 1 1 1 1 1 1 1 1 1 1 1 3 1 1 |1 1 1 1 1 1 2 1 3 2 1 1 1 5 1 1 |1 1 1 1 1 1 1 1 1 1 1 1 1 1 1 1 |1 1 1 1 6 1 1 1 6 1 1 1 1 1 1 4 |1 1 1 1 1 1 1 6 1 1 5 1 1 1 1 1 |1 1 2 1 1 1 1 1 1 1 1 1 1 1 1 1 |2 1 1 1 1 1 7 1 1 1 1 7 1 1 1 5 |1 1 1 2 1 1 1 1 1 1 6 1 1 1 2 1 |
20529: 4 1 1 1 1 1 1 1 1 1 6 1 1 1 1 1 |1 1 1 1 1 1 1 1 1 1 1 1 1 1 1 1 |1 1 1 1 1 1 1 1 1 1 1 1 1 1 1 1 |1 1 1 1 1 1 1 1 1 1 1 1 1 1 1 1 |1 1 1 1 1 1 1 1 1 1 1 1 1 3 1 1 |1 1 1 1 1 1 2 1 3 2 1 1 1 5 1 1 |1 1 1 1 1 1 1 1 1 1 1 1 1 1 1 1 |1 1 1 1 6 1 1 1 6 1 1 1 1 1 1 4 |1 1 1 1 1 1 1 6 1 1 5 1 1 1 1 1 |1 1 2 1 1 1 1 1 1 1 1 1 1 1 1 1 |2 1 1 1 1 1 7 1 1 1 1 7 1 1 1 5 |1 1 1 2 1 1 1 1 1 1 6 1 1 1 2 1 |
20539: 4 1 1 1 1 1 1 1 1 1 6 1 1 1 1 1 |1 1 1 1 1 1 1 1 1 1 1 1 1 1 1 1 |1 1 1 1 1 1 1 1 1 1 1 1 1 1 1 1 |1 1 5 1 1 1 1 1 1 1 1 1 1 1 1 1 |1 1 1 1 1 1 1 1 1 1 1 1 1 1 1 1 |1 1 1 1 11 1 2 1 1 2 1 1 1 2 1 1 |1 1 1 1 1 1 1 1 1 1 1 1 1 1 1 1 |1 1 1 1 8 7 1 1 4 1 1 1 1 1 1 1 |1 1 1 1 1 1 1 7 1 1 1 1 1 1 1 2 |1 1 1 1 1 1 1 1 1 1 1 1 1 1 1 1 |1 1 1 1 1 1 8 1 1 1 1 6 1 1 1 9 |1 1 1 2 1 1 1 1 1 1 6 1 1 1 2 1 |
20551: 4 1 1 1 1 1 1 1 1 1 6 1 1 1 1 1 |1 1 1 1 1 1 1 1 1 1 1 1 1 1 1 1 |1 1 1 1 1 1 1 1 1 1 1 1 1 1 1 1 |1 1 5 1 1 1 1 1 1 1 1 1 1 1 1 1 |1 1 1 1 1 1 1 1 1 1 1 1 1 1 1 1 |1 1 1 1 11 1 2 1 1 2 1 1 1 2 1 1 |1 1 1 1 1 1 1 1 1 1 1 1 1 1 1 1 |1 1 1 1 8 7 1 1 4 1 1 1 1 1 1 1 |1 1 1 1 1 1 1 7 1 1 1 1 1 1 1 2 |1 1 1 1 1 1 1 1 1 1 1 1 1 1 1 1 |1 1 1 1 1 1 8 1 1 1 1 6 1 1 1 9 |1 13 1 10 2 1 1 1 1 1 14 1 9 1 8 4 |
20562: 4 1 1 1 1 1 1 1 1 1 6 1 1 1 1 1 |1 1 1 1 1 1 1 1 1 1 1 1 1 1 1 1 |1 1 1 1 1 1 1 1 1 1 1 1 1 1 1 1 |1 1 5 1 1 1 1 1 1 1 1 1 1 1 1 1 |1 1 1 1 1 1 1 1 1 1 1 1 1 1 1 1 |1 1 1 1 11 1 2 1 1 2 1 1 1 2 1 1 |1 1 1 1 1 1 1 1 1 1 1 1 1 1 1 1 |1 1 1 1 8 7 1 1 4 1 1 1 1 1 1 1 |1 1 1 1 1 1 1 7 1 1 1 1 1 1 1 2 |1 1 1 1 1 1 1 1 1 1 1 1 1 1 1 1 |1 1 1 1 1 1 8 1 1 1 1 6 1 1 1 9 |1 13 1 10 2 1 1 1 1 1 14 1 9 1 8 4 |
20572: 3 1 1 1 3 1 1 1 1 1 1 8 1 1 1 1 |1 1 6 1 1 1 1 1 1 1 1 1 1 1 4 1 |1 1 1 1 1 1 1 1 1 1 1 1 1 1 1 1 |1 1 1 1 1 1 1 1 1 1 1 1 1 1 1 1 |1 1 1 1 1 1 1 1 1 1 1 1 1 1 1 1 |1 1 1 1 1 1 2 3 3 4 1 1 1 3 1 1 |1 1 1 1 2 1 1 1 1 1 1 1 1 1 1 1 |1 1 1 1 4 1 1 1 4 1 1 1 1 1 1 1 |1 1 1 1 1 1 1 7 1 1 1 1 1 1 1 2 |1 1 1 1 1 1 1 1 1 1 1 1 1 1 1 1 |1 1 1 1 1 1 8 1 1 1 1 6 1 1 1 9 |1 13 1 10 2 1 1 1 1 1 14 1 9 1 8 4 |
20583: 3 1 1 1 3 1 1 1 1 1 1 8 1 1 1 1 |1 1 6 1 1 1 1 1 1 1 1 1 1 1 4 1 |1 1 1 1 1 1 1 1 1 1 1 1 1 1 1 1 |1 1 1 1 1 1 1 1 1 1 1 1 1 1 1 1 |1 1 1 1 1 1 1 1 1 1 1 1 1 1 1 1 |1 1 1 1 1 1 2 3 3 4 1 1 1 3 1 1 |1 1 1 1 2 1 1 1 1 1 1 1 1 1 1 1 |1 1 1 1 4 1 1 1 4 1 1 1 1 1 1 1 |1 1 1 1 1 1 1 8 1 1 5 1 1 1 1 1 |1 1 1 1 1 1 1 2 1 1 1 9 3 1 1 1 |1 1 1 1 1 1 1 1 1 1 1 1 1 1 1 10 |1 6 1 1 1 1 1 1 1 1 12 1 1 1 8 4 |
20593: 3 1 1 1 3 1 1 1 1 1 1 8 1 1 1 1 |1 1 6 1 1 1 1 1 1 1 1 1 1 1 4 1 |1 1 1 1 1 1 1 1 1 1 1 1 1 1 1 1 |1 1 1 1 1 1 1 1 1 1 1 1 1 1 1 1 |1 1 1 1 1 1 1 1 1 1 1 1 1 1 1 1 |1 1 1 1 1 1 2 3 3 4 1 1 1 3 1 1 |1 1 1 1 2 1 1 1 1 1 1 1 1 1 1 1 |1 1 1 1 4 1 1 1 4 1 1 1 1 1 1 1 |1 1 1 1 1 1 1 8 1 1 5 1 1 1 1 1 |1 1 1 1 1 1 1 2 1 1 1 9 3 1 1 1 |1 1 1 1 1 1 1 1 1 1 1 1 1 1 1 10 |1 6 1 1 1 1 1 1 1 1 12 1 1 1 8 4 |
20605: 1 1 1 1 1 1 1 1 1 1 4 6 1 1 1 1 |1 1 1 7 1 1 1 1 1 1 1 1 1 1 1 1 |1 1 1 1 1 1 1 1 1 1 1 1 1 1 1 1 |1 1 1 1 1 1 1 1 1 1 1 1 1 1 1 1 |1 1 1 1 1 1 1 1 1 1 1 1 1 1 1 1 |1 1 1 1 1 1 5 2 1 2 1 1 1 2 1 1 |1 1 1 1 2 1 1 1 1 1 1 1 1 1 1 1 |1 1 1 1 4 1 1 1 4 1 1 1 1 1 1 1 |1 1 1 1 1 1 1 8 1 1 5 1 1 1 1 1 |1 1 1 1 1 1 1 2 1 1 1 9 3 1 1 1 |1 1 1 1 1 1 1 1 1 1 1 1 1 1 1 10 |1 6 1 1 1 1 1 1 1 1 12 1 1 1 8 4 |
20615: 1 1 1 1 1 1 1 1 1 1 4 6 1 1 1 1 |1 1 1 7 1 1 1 1 1 1 1 1 1 1 1 1 |1 1 1 1 1 1 1 1 1 1 1 1 1 1 1 1 |1 1 1 1 1 1 1 1 1 1 1 1 1 1 1 1 |1 1 1 1 1 1 1 1 1 1 1 1 1 1 1 1 |1 1 1 1 1 1 5 2 1 2 1 1 1 2 1 1 |1 1 1 1 1 1 1 1 1 1 1 1 1 2 1 1 |1 1 1 1 4 3 1 1 5 1 1 1 1 1 1 3 |1 1 3 1 1 1 1 10 1 1 1 1 1 1 1 1 |1 1 1 1 1 1 1 1 1 1 1 7 1 1 1 1 |3 1 1 1 1 1 7 1 1 1 1 1 1 1 1 1 |1 6 1 2 2 1 1 1 1 1 12 8 7 1 1 1 |
20626: 1 1 1 1 1 1 1 1 1 1 4 6 1 1 1 1 |1 1 1 7 1 1 1 1 1 1 1 1 1 1 1 1 |1 1 1 1 1 1 1 1 1 1 1 1 1 1 1 1 |1 1 1 1 1 1 1 1 1 1 1 1 1 1 1 1 |1 1 1 1 1 1 1 1 1 1 1 1 1 1 1 1 |1 1 1 1 1 1 5 2 1 2 1 1 1 2 1 1 |1 1 1 1 1 1 1 1 1 1 1 1 1 2 1 1 |1 1 1 1 4 3 1 1 5 1 1 1 1 1 1 3 |1 1 3 1 1 1 1 10 1 1 1 1 1 1 1 1 |1 1 1 1 1 1 1 1 1 1 1 7 1 1 1 1 |3 1 1 1 1 1 7 1 1 1 1 1 1 1 1 1 |1 6 1 2 2 1 1 1 1 1 12 8 7 1 1 1 |
20636: 4 1 1 1 1 1 1 1 1 1 7 7 1 1 1 1 |1 1 5 2 1 1 1 1 1 1 1 1 1 1 1 1 |1 1 1 1 1 1 1 1 1 1 1 1 1 1 1 1 |1 1 3 1 1 1 1 1 1 1 1 1 1 1 1 1 |1 1 1 1 1 1 1 1 1 1 1 1 1 1 1 1 |1 1 1 1 1 1 1 3 1 3 1 1 1 1 1 1 |1 1 1 1 1 1 1 1 1 1 1 1 1 2 1 1 |1 1 1 1 4 3 1 1 5 1 1 1 1 1 1 3 |1 1 3 1 1 1 1 10 1 1 1 1 1 1 1 1 |1 1 1 1 1 1 1 1 1 1 1 7 1 1 1 1 |3 1 1 1 1 1 7 1 1 1 1 1 1 1 1 1 |1 6 1 2 2 1 1 1 1 1 12 8 7 1 1 1 |
20648: 4 1 1 1 1 1 1 1 1 1 7 7 1 1 1 1 |1 1 5 2 1 1 1 1 1 1 1 1 1 1 1 1 |1 1 1 1 1 1 1 1 1 1 1 1 1 1 1 1 |1 1 3 1 1 1 1 1 1 1 1 1 1 1 1 1 |1 1 1 1 1 1 1 1 1 1 1 1 1 1 1 1 |1 1 1 1 1 1 1 3 1 3 1 1 1 1 1 1 |1 1 1 1 1 1 1 4 1 1 1 1 1 1 1 1 |1 1 1 1 7 1 1 1 4 1 1 1 1 1 1 1 |1 1 1 6 1 1 1 9 1 1 8 1 1 1 1 1 |1 1 1 9 1 1 1 1 1 1 1 8 1 1 1 1 |4 1 1 1 1 1 7 1 1 1 1 5 1 1 1 2 |1 4 1 1 2 1 1 1 1 1 7 1 1 1 10 1 |
20658: 4 1 1 1 1 1 1 1 1 1 7 7 1 1 1 1 |1 1 5 2 1 1 1 1 1 1 1 1 1 1 1 1 |1 1 1 1 1 1 1 1 1 1 1 1 1 1 1 1 |1 1 3 1 1 1 1 1 1 1 1 1 1 1 1 1 |1 1 1 1 1 1 1 1 1 1 1 1 1 1 1 1 |1 1 1 1 1 1 1 3 1 3 1 1 1 1 1 1 |1 1 1 1 1 1 1 4 1 1 1 1 1 1 1 1 |1 1 1 1 7 1 1 1 4 1 1 1 1 1 1 1 |1 1 1 6 1 1 1 9 1 1 8 1 1 1 1 1 |1 1 1 9 1 1 1 1 1 1 1 8 1 1 1 1 |4 1 1 1 1 1 7 1 1 1 1 5 1 1 1 2 |1 4 1 1 2 1 1 1 1 1 7 1 1 1 10 1 |
20670: 3 1 1 1 1 1 1 1 1 1 7 1 1 1 1 1 |1 1 1 1 1 1 1 1 1 1 1 1 1 1 5 1 |1 1 1 1 1 1 1 1 1 1 1 1 1 1 1 1 |1 1 1 1 1 1 1 1 1 1 1 1 1 1 1 1 |1 1 1 1 1 1 1 1 1 1 1 1 1 1 1 1 |1 1 1 1 1 1 1 4 1 2 4 1 1 2 1 1 |1 1 1 1 1 1 1 1 1 1 1 1 1 1 1 1 |1 1 1 1 7 1 1 1 4 1 1 1 1 1 1 1 |1 1 1 6 1 1 1 9 1 1 8 1 1 1 1 1 |1 1 1 9 1 1 1 1 1 1 1 8 1 1 1 1 |4 1 1 1 1 1 7 1 1 1 1 5 1 1 1 2 |1 4 1 1 2 1 1 1 1 1 7 1 1 1 10 1 |
20681: 3 1 1 1 1 1 1 1 1 1 7 1 1 1 1 1 |1 1 1 1 1 1 1 1 1 1 1 1 1 1 5 1 |1 1 1 1 1 1 1 1 1 1 1 1 1 1 1 1 |1 1 1 1 1 1 1 1 1 1 1 1 1 1 1 1 |1 1 1 1 1 1 1 1 1 1 1 1 1 1 1 1 |1 1 1 1 1 1 1 4 1 2 4 1 1 2 1 1 |1 1 1 1 1 1 1 1 1 1 1 1 1 1 1 1 |1 1 1 1 5 1 1 1 1 1 1 1 4 1 1 1 |1 1 1 1 1 1 1 8 1 1 1 1 6 1 1 1 |1 1 1 1 1 1 1 1 1 1 1 6 1 1 1 1 |1 1 1 1 1 1 7 1 1 1 1 1 1 1 1 1 |1 4 1 7 2 1 1 1 1 1 7 1 1 1 3 3 |
20691: 3 1 1 1 1 1 1 1 1 1 7 1 1 1 1 1 |1 1 1 1 1 1 1 1 1 1 1 1 1 1 5 1 |1 1 1 1 1 1 1 1 1 1 1 1 1 1 1 1 |1 1 1 1 1 1 1 1 1 1 1 1 1 1 1 1 |1 1 1 1 1 1 1 1 1 1 1 1 1 1 1 1 |1 1 1 1 1 1 1 4 1 2 4 1 1 2 1 1 |1 1 1 1 1 1 1 1 1 1 1 1 1 1 1 1 |1 1 1 1 5 1 1 1 1 1 1 1 4 1 1 1 |1 1 1 1 1 1 1 8 1 1 1 1 6 1 1 1 |1 1 1 1 1 1 1 1 1 1 1 6 1 1 1 1 |1 1 1 1 1 1 7 1 1 1 1 1 1 1 1 1 |1 4 1 7 2 1 1 1 1 1 7 1 1 1 3 3 |
20702: 4 1 1 1 1 1 1 1 1 1 1 6 1 1 1 1 |1 1 4 3 9 1 1 1 1 1 1 1 1 1 3 1 |1 1 1 1 1 1 1 1 1 1 1 1 1 1 1 1 |1 1 1 1 1 1 1 1 1 1 1 1 1 1 1 1 |1 1 1 1 1 1 1 1 1 1 1 1 1 1 1 1 |1 1 1 1 1 1 2 2 1 1 1 1 1 3 1 1 |1 1 1 1 1 1 1 1 1 1 1 1 1 1 1 1 |1 1 1 3 5 3 1 1 1 2 1 1 1 1 1 1 |1 1 1 1 1 1 1 8 1 1 1 1 6 1 1 1 |1 1 1 1 1 1 1 1 1 1 1 6 1 1 1 1 |1 1 1 1 1 1 7 1 1 1 1 1 1 1 1 1 |1 4 1 7 2 1 1 1 1 1 7 1 1 1 3 3 |
20713: 4 1 1 1 1 1 1 1 1 1 1 6 1 1 1 1 |1 1 4 3 9 1 1 1 1 1 1 1 1 1 3 1 |1 1 1 1 1 1 1 1 1 1 1 1 1 1 1 1 |1 1 1 1 1 1 1 1 1 1 1 1 1 1 1 1 |1 1 1 1 1 1 1 1 1 1 1 1 1 1 1 1 |1 1 1 1 1 1 2 2 1 1 1 1 1 3 1 1 |1 1 1 1 1 1 1 1 1 1 1 1 1 1 1 1 |1 1 1 3 5 3 1 1 1 2 1 1 1 1 1 1 |1 1 1 1 1 1 1 7 1 1 1 1 1 1 1 1 |1 1 1 6 1 6 1 1 1 1 1 8 1 1 1 1 |3 1 1 1 1 1 7 1 1 1 1 7 2 1 1 3 |1 1 1 1 1 1 2 1 1 1 13 2 7 1 1 1 |
20724: 4 1 1 1 1 1 1 1 1 1 1 6 1 1 1 1 |1 1 4 3 9 1 1 1 1 1 1 1 1 1 3 1 |1 1 1 1 1 1 1 1 1 1 1 1 1 1 1 1 |1 1 1 1 1 1 1 1 1 1 1 1 1 1 1 1 |1 1 1 1 1 1 1 1 1 1 1 1 1 1 1 1 |1 1 1 1 1 1 2 2 1 1 1 1 1 3 1 1 |1 1 1 1 1 1 1 1 1 1 1 1 1 1 1 1 |1 1 1 3 5 3 1 1 1 2 1 1 1 1 1 1 |1 1 1 1 1 1 1 7 1 1 1 1 1 1 1 1 |1 1 1 6 1 6 1 1 1 1 1 8 1 1 1 1 |3 1 1 1 1 1 7 1 1 1 1 7 2 1 1 3 |1 1 1 1 1 1 2 1 1 1 13 2 7 1 1 1 |
20734: 4 1 1 1 1 1 1 1 1 1 1 5 1 1 1 1 |1 1 4 4 4 1 1 1 1 1 1 1 1 1 1 1 |1 1 1 1 1 1 1 1 1 1 1 1 1 1 1 1 |1 1 1 1 1 1 1 1 1 1 1 1 1 1 1 1 |1 1 1 1 1 1 1 1 1 1 1 1 1 1 1 1 |1 1 1 1 1 1 4 4 1 2 2 1 1 1 1 1 |1 1 1 1 1 1 1 1 1 1 1 1 1 1 1 1 |1 1 1 3 5 3 1 1 1 2 1 1 1 1 1 1 |1 1 1 1 1 1 1 7 1 1 1 1 1 1 1 1 |1 1 1 6 1 6 1 1 1 1 1 8 1 1 1 1 |3 1 1 1 1 1 7 1 1 1 1 7 2 1 1 3 |1 1 1 1 1 1 2 1 1 1 13 2 7 1 1 1 |
20746: 4 1 1 1 1 1 1 1 1 1 1 5 1 1 1 1 |1 1 4 4 4 1 1 1 1 1 1 1 1 1 1 1 |1 1 1 1 1 1 1 1 1 1 1 1 1 1 1 1 |1 1 1 1 1 1 1 1 1 1 1 1 1 1 1 1 |1 1 1 1 1 1 1 1 1 1 1 1 1 1 1 1 |1 1 1 1 1 1 4 4 1 2 2 1 1 1 1 1 |1 1 1 1 1 1 1 1 1 1 1 1 1 1 1 1 |1 1 1 2 7 7 1 1 4 1 1 1 1 1 1 3 |1 1 1 1 1 1 1 2 1 1 1 1 1 1 1 1 |3 1 1 1 1 1 1 1 1 1 1 9 1 1 1 1 |2 1 1 1 1 1 7 1 1 1 1 5 1 1 1 1 |1 6 1 8 1 1 1 1 1 1 6 9 4 1 2 1 |
20756: 4 1 1 1 1 1 1 1 1 1 1 5 1 1 1 1 |1 1 4 4 4 1 1 1 1 1 1 1 1 1 1 1 |1 1 1 1 1 1 1 1 1 1 1 1 1 1 1 1 |1 1 1 1 1 1 1 1 1 1 1 1 1 1 1 1 |1 1 1 1 1 1 1 1 1 1 1 1 1 1 1 1 |1 1 1 1 1 1 4 4 1 2 2 1 1 1 1 1 |1 1 1 1 1 1 1 1 1 1 1 1 1 1 1 1 |1 1 1 2 7 7 1 1 4 1 1 1 1 1 1 3 |1 1 1 1 1 1 1 2 1 1 1 1 1 1 1 1 |3 1 1 1 1 1 1 1 1 1 1 9 1 1 1 1 |2 1 1 1 1 1 7 1 1 1 1 5 1 1 1 1 |1 6 1 8 1 1 1 1 1 1 6 9 4 1 2 1 |
20767: 2 1 1 1 5 1 1 1 1 1 1 8 1 1 1 1 |1 1 4 3 1 1 1 1 1 1 1 1 1 1 1 1 |1 1 1 1 1 1 1 1 1 1 1 1 1 1 1 1 |1 1 1 1 1 1 1 1 1 1 1 1 1 1 1 1 |1 1 1 1 1 1 1 1 1 1 1 1 1 1 1 1 |1 1 1 1 1 1 1 5 1 2 1 1 1 2 1 1 |1 1 1 1 1 1 1 1 1 1 1 1 1 1 1 1 |1 1 1 2 7 7 1 1 4 1 1 1 1 1 1 3 |1 1 1 1 1 1 1 2 1 1 1 1 1 1 1 1 |3 1 1 1 1 1 1 1 1 1 1 9 1 1 1 1 |2 1 1 1 1 1 7 1 1 1 1 5 1 1 1 1 |1 6 1 8 1 1 1 1 1 1 6 9 4 1 2 1 |
20778: 2 1 1 1 5 1 1 1 1 1 1 8 1 1 1 1 |1 1 4 3 1 1 1 1 1 1 1 1 1 1 1 1 |1 1 1 1 1 1 1 1 1 1 1 1 1 1 1 1 |1 1 1 1 1 1 1 1 1 1 1 1 1 1 1 1 |1 1 1 1 1 1 1 1 1 1 1 1 1 1 1 1 |1 1 1 1 1 1 1 5 1 2 1 1 1 2 1 1 |1 1 1 1 1 1 1 1 1 1 1 1 1 1 1 1 |1 1 1 1 5 1 1 1 6 1 1 1 1 1 1 1 |1 1 1 1 1 1 1 5 1 1 1 1 1 1 1 1 |1 1 1 9 1 1 1 1 1 1 1 9 1 1 1 1 |4 1 1 1 1 1 2 1 1 1 1 8 2 1 1 1 |1 5 1 1 1 1 1 1 1 1 4 1 1 1 3 1 |
20788: 2 1 1 1 5 1 1 1 1 1 1 8 1 1 1 1 |1 1 4 3 1 1 1 1 1 1 1 1 1 1 1 1 |1 1 1 1 1 1 1 1 1 1 1 1 1 1 1 1 |1 1 1 1 1 1 1 1 1 1 1 1 1 1 1 1 |1 1 1 1 1 1 1 1 1 1 1 1 1 1 1 1 |1 1 1 1 1 1 1 5 1 2 1 1 1 2 1 1 |1 1 1 1 1 1 1 1 1 1 1 1 1 1 1 1 |1 1 1 1 5 1 1 1 6 1 1 1 1 1 1 1 |1 1 1 1 1 1 1 5 1 1 1 1 1 1 1 1 |1 1 1 9 1 1 1 1 1 1 1 9 1 1 1 1 |4 1 1 1 1 1 2 1 1 1 1 8 2 1 1 1 |1 5 1 1 1 1 1 1 1 1 4 1 1 1 3 1 |
20800: 1 1 1 1 1 1 1 1 1 1 1 1 1 1 1 1 |1 1 5 1 1 1 1 1 1 1 1 1 1 1 1 1 |1 1 1 1 1 1 1 1 1 1 1 1 1 1 1 1 |1 1 1 1 1 1 1 1 1 1 1 1 1 1 1 1 |1 1 1 1 1 1 1 1 1 1 1 1 1 2 1 1 |1 1 1 1 1 1 2 1 1 2 1 1 1 2 1 1 |1 1 1 1 1 1 1 1 1 1 1 1 1 1 1 1 |1 1 1 1 5 1 1 1 6 1 1 1 1 1 1 1 |1 1 1 1 1 1 1 5 1 1 1 1 1 1 1 1 |1 1 1 9 1 1 1 1 1 1 1 9 1 1 1 1 |4 1 1 1 1 1 2 1 1 1 1 8 2 1 1 1 |1 5 1 1 1 1 1 1 1 1 4 1 1 1 3 1 |
20811: 1 1 1 1 1 1 1 1 1 1 1 1 1 1 1 1 |1 1 5 1 1 1 1 1 1 1 1 1 1 1 1 1 |1 1 1 1 1 1 1 1 1 1 1 1 1 1 1 1 |1 1 1 1 1 1 1 1 1 1 1 1 1 1 1 1 |1 1 1 1 1 1 1 1 1 1 1 1 1 2 1 1 |1 1 1 1 1 1 2 1 1 2 1 1 1 2 1 1 |1 1 1 1 1 1 1 1 1 1 1 1 1 1 1 1 |1 1 1 1 3 1 1 1 5 1 1 1 1 1 1 1 |1 1 2 1 1 1 1 7 1 1 1 1 1 1 1 1 |1 1 2 1 1 1 1 1 1 1 1 8 1 8 1 1 |3 1 1 1 1 1 6 1 1 1 1 5 1 1 1 1 |1 10 1 8 1 1 1 1 1 1 11 9 2 1 9 8 |
20822: 1 1 1 1 1 1 1 1 1 1 1 1 1 1 1 1 |1 1 5 1 1 1 1 1 1 1 1 1 1 1 1 1 |1 1 1 1 1 1 1 1 1 1 1 1 1 1 1 1 |1 1 1 1 1 1 1 1 1 1 1 1 1 1 1 1 |1 1 1 1 1 1 1 1 1 1 1 1 1 2 1 1 |1 1 1 1 1 1 2 1 1 2 1 1 1 2 1 1 |1 1 1 1 1 1 1 1 1 1 1 1 1 1 1 1 |1 1 1 1 3 1 1 1 5 1 1 1 1 1 1 1 |1 1 2 1 1 1 1 7 1 1 1 1 1 1 1 1 |1 1 2 1 1 1 1 1 1 1 1 8 1 8 1 1 |3 1 1 1 1 1 6 1 1 1 1 5 1 1 1 1 |1 10 1 8 1 1 1 1 1 1 11 9 2 1 9 8 |
20832: 1 1 1 1 1 1 1 1 1 1 7 6 1 1 1 1 |1 1 4 2 5 1 1 1 1 1 1 1 1 1 1 1 |1 1 1 1 1 1 1 1 1 1 1 1 1 1 1 1 |1 1 1 1 1 1 1 1 1 1 1 1 1 1 1 1 |1 1 1 1 1 1 1 1 1 1 1 1 1 3 1 1 |1 1 1 1 1 1 2 1 1 2 1 1 1 2 1 1 |1 1 1 1 1 1 1 1 1 1 1 1 1 1 1 1 |1 1 1 1 3 1 1 1 5 1 1 1 1 1 1 1 |1 1 2 1 1 1 1 7 1 1 1 1 1 1 1 1 |1 1 2 1 1 1 1 1 1 1 1 8 1 8 1 1 |3 1 1 1 1 1 6 1 1 1 1 5 1 1 1 1 |1 10 1 8 1 1 1 1 1 1 11 9 2 1 9 8 |
20843: 1 1 1 1 1 1 1 1 1 1 7 6 1 1 1 1 |1 1 4 2 5 1 1 1 1 1 1 1 1 1 1 1 |1 1 1 1 1 1 1 1 1 1 1 1 1 1 1 1 |1 1 1 1 1 1 1 1 1 1 1 1 1 1 1 1 |1 1 1 1 1 1 1 1 1 1 1 1 1 3 1 1 |1 1 1 1 1 1 3 3 1 1 1 1 1 2 1 1 |1 1 1 1 1 1 1 1 1 1 1 1 1 1 1 1 |1 1 1 2 1 11 1 1 1 1 1 1 1 1 1 4 |1 1 1 1 1 1 1 8 1 1 1 1 1 1 1 1 |1 1 1 1 1 1 1 2 1 1 1 9 1 7 1 1 |5 1 1 1 1 1 6 1 1 1 1 1 1 1 1 3 |1 1 1 1 2 1 1 2 1 1 13 4 9 1 3 2 |
20853: 1 1 1 1 1 1 1 1 1 1 7 6 1 1 1 1 |1 1 4 2 5 1 1 1 1 1 1 1 1 1 1 1 |1 1 1 1 1 1 1 1 1 1 1 1 1 1 1 1 |1 1 1 1 1 1 1 1 1 1 1 1 1 1 1 1 |1 1 1 1 1 1 1 1 1 1 1 1 1 3 1 1 |1 1 1 1 1 1 3 3 1 1 1 1 1 2 1 1 |1 1 1 1 1 1 1 1 1 1 1 1 1 1 1 1 |1 1 1 2 1 11 1 1 1 1 1 1 1 1 1 4 |1 1 1 1 1 1 1 8 1 1 1 1 1 1 1 1 |1 1 1 1 1 1 1 2 1 1 1 9 1 7 1 1 |5 1 1 1 1 1 6 1 1 1 1 1 1 1 1 3 |1 1 1 1 2 1 1 2 1 1 13 4 9 1 3 2 |
20864: 1 1 1 1 1 1 1 1 1 1 7 5 1 1 1 1 |1 1 1 1 1 1 1 1 1 1 1 1 1 1 4 1 |1 1 1 1 1 1 1 1 1 1 1 1 1 1 1 1 |1 1 1 1 1 1 1 1 1 1 1 1 1 1 1 1 |1 1 1 1 1 1 1 1 1 1 1 1 1 1 1 1 |1 1 1 1 1 1 3 3 1 1 1 1 1 2 1 1 |1 1 1 1 1 1 1 1 1 1 1 1 1 1 1 1 |1 1 1 2 1 11 1 1 1 1 1 1 1 1 1 4 |1 1 1 1 1 1 1 8 1 1 1 1 1 1 1 1 |1 1 1 1 1 1 1 2 1 1 1 9 1 7 1 1 |5 1 1 1 1 1 6 1 1 1 1 1 1 1 1 3 |1 1 1 1 2 1 1 2 1 1 13 4 9 1 3 2 |
20875: 1 1 1 1 1 1 1 1 1 1 7 5 1 1 1 1 |1 1 1 1 1 1 1 1 1 1 1 1 1 1 4 1 |1 1 1 1 1 1 1 1 1 1 1 1 1 1 1 1 |1 1 1 1 1 1 1 1 1 1 1 1 1 1 1 1 |1 1 1 1 1 1 1 1 1 1 1 1 1 1 1 1 |1 1 1 1 1 1 3 1 1 1 1 1 1 1 1 1 |1 1 1 1 1 1 1 1 1 1 1 1 1 1 1 1 |1 1 1 1 6 1 1 1 1 1 1 1 1 1 1 1 |1 1 2 1 1 1 1 7 1 1 1 1 1 1 1 1 |1 1 1 9 1 1 1 2 1 1 1 9 3 8 1 1 |3 1 1 1 1 1 1 1 1 1 1 6 1 1 2 1 |1 7 1 1 4 1 1 1 1 1 14 2 1 1 9 1 |
20885: 1 1 1 1 1 1 1 1 1 1 7 5 1 1 1 1 |1 1 1 1 1 1 1 1 1 1 1 1 1 1 4 1 |1 1 1 1 1 1 1 1 1 1 1 1 1 1 1 1 |1 1 1 1 1 1 1 1 1 1 1 1 1 1 1 1 |1 1 1 1 1 1 1 1 1 1 1 1 1 1 1 1 |1 1 1 1 1 1 3 1 1 1 1 1 1 1 1 1 |1 1 1 1 1 1 1 1 1 1 1 1 1 1 1 1 |1 1 1 1 6 1 1 1 1 1 1 1 1 1 1 1 |1 1 2 1 1 1 1 7 1 1 1 1 1 1 1 1 |1 1 1 9 1 1 1 2 1 1 1 9 3 8 1 1 |3 1 1 1 1 1 1 1 1 1 1 6 1 1 2 1 |1 7 1 1 4 1 1 1 1 1 14 2 1 1 9 1 |
20896: 1 1 1 1 1 1 1 1 1 1 1 7 1 1 1 1 |1 1 5 1 1 1 1 1 1 1 1 1 1 1 3 1 |1 1 1 1 1 1 1 1 1 1 1 1 1 1 1 1 |1 1 1 1 1 1 1 1 1 1 1 1 1 1 1 1 |1 1 1 1 1 1 1 1 1 1 1 1 1 1 1 1 |1 1 1 1 1 1 3 1 1 1 1 1 1 1 1 1 |1 1 1 1 1 1 1 1 1 1 1 1 1 1 1 1 |1 1 1 1 6 1 1 1 1 1 1 1 1 1 1 1 |1 1 2 1 1 1 1 7 1 1 1 1 1 1 1 1 |1 1 1 9 1 1 1 2 1 1 1 9 3 8 1 1 |3 1 1 1 1 1 1 1 1 1 1 6 1 1 2 1 |1 7 1 1 4 1 1 1 1 1 14 2 1 1 9 1 |
20907: 1 1 1 1 1 1 1 1 1 1 1 7 1 1 1 1 |1 1 5 1 1 1 1 1 1 1 1 1 1 1 3 1 |1 1 1 1 1 1 1 1 1 1 1 1 1 1 1 1 |1 1 3 1 1 1 1 1 1 1 1 1 1 1 1 1 |1 1 1 1 1 1 1 1 1 1 1 1 1 4 1 1 |1 1 1 1 1 1 2 2 1 1 1 1 1 2 1 1 |1 1 1 1 1 1 1 1 1 1 1 1 1 1 1 1 |1 1 1 1 6 1 1 1 5 1 1 1 1 1 1 1 |1 1 2 1 1 1 1 1 1 1 1 1 1 1 1 1 |1 1 3 1 1 1 1 1 1 1 1 1 1 1 1 1 |2 1 1 1 1 1 7 1 1 1 1 6 3 1 1 7 |1 7 1 1 4 1 1 1 1 1 14 2 1 1 9 1 |
20919: 1 1 1 1 1 1 1 1 1 1 1 7 1 1 1 1 |1 1 5 1 1 1 1 1 1 1 1 1 1 1 3 1 |1 1 1 1 1 1 1 1 1 1 1 1 1 1 1 1 |1 1 3 1 1 1 1 1 1 1 1 1 1 1 1 1 |1 1 1 1 1 1 1 1 1 1 1 1 1 4 1 1 |1 1 1 1 1 1 2 2 1 1 1 1 1 2 1 1 |1 1 1 1 1 1 1 1 1 1 1 1 1 1 1 1 |1 1 1 1 6 1 1 1 5 1 1 1 1 1 1 1 |1 1 2 1 1 1 1 1 1 1 1 1 1 1 1 1 |1 1 3 1 1 1 1 1 1 1 1 1 1 1 1 1 |2 1 1 1 1 1 7 1 1 1 1 6 3 1 1 7 |1 5 1 1 1 1 1 1 1 1 11 1 2 1 1 1 |
20929: 1 1 1 1 2 1 1 1 1 1 1 8 1 1 1 1 |1 1 6 3 1 1 1 1 1 1 1 1 1 1 5 1 |1 1 1 1 1 1 1 1 1 1 1 1 1 1 1 1 |1 1 3 1 1 1 1 1 1 1 1 1 1 1 1 1 |1 1 1 1 1 1 1 1 1 1 1 1 1 4 1 1 |1 1 1 1 1 1 2 2 1 1 1 1 1 2 1 1 |1 1 1 1 1 1 1 1 1 1 1 1 1 1 1 1 |1 1 1 1 6 1 1 1 5 1 1 1 1 1 1 1 |1 1 2 1 1 1 1 1 1 1 1 1 1 1 1 1 |1 1 3 1 1 1 1 1 1 1 1 1 1 1 1 1 |2 1 1 1 1 1 7 1 1 1 1 6 3 1 1 7 |1 5 1 1 1 1 1 1 1 1 11 1 2 1 1 1 |
20941: 1 1 1 1 2 1 1 1 1 1 1 8 1 1 1 1 |1 1 6 3 1 1 1 1 1 1 1 1 1 1 5 1 |1 1 1 1 1 1 1 1 1 1 1 1 1 1 1 1 |1 1 1 1 1 1 1 1 1 1 1 1 1 1 1 1 |1 1 1 1 1 1 1 1 1 1 1 1 1 4 1 1 |1 1 1 1 1 1 2 3 1 1 1 1 1 4 1 1 |1 1 1 1 1 1 1 3 1 1 1 1 1 1 1 1 |1 1 1 1 1 1 1 1 4 1 1 1 1 1 1 1 |1 1 1 1 1 1 1 7 1 1 1 1 1 1 1 1 |1 1 1 9 1 1 1 1 1 1 1 11 1 1 1 2 |3 1 2 1 6 1 5 1 1 1 1 5 1 2 1 2 |1 1 1 1 1 1 1 1 1 1 12 3 9 1 9 2 |
20951: 1 1 1 1 2 1 1 1 1 1 1 8 1 1 1 1 |1 1 6 3 1 1 1 1 1 1 1 1 1 1 5 1 |1 1 1 1 1 1 1 1 1 1 1 1 1 1 1 1 |1 1 1 1 1 1 1 1 1 1 1 1 1 1 1 1 |1 1 1 1 1 1 1 1 1 1 1 1 1 4 1 1 |1 1 1 1 1 1 2 3 1 1 1 1 1 4 1 1 |1 1 1 1 1 1 1 3 1 1 1 1 1 1 1 1 |1 1 1 1 1 1 1 1 4 1 1 1 1 1 1 1 |1 1 1 1 1 1 1 7 1 1 1 1 1 1 1 1 |1 1 1 9 1 1 1 1 1 1 1 11 1 1 1 2 |3 1 2 1 6 1 5 1 1 1 1 5 1 2 1 2 |1 1 1 1 1 1 1 1 1 1 12 3 9 1 9 2 |
20962: 3 1 1 1 1 1 1 1 1 1 5 1 1 1 1 1 |1 1 6 4 1 1 1 1 1 1 1 1 1 1 1 1 |1 1 1 1 1 1 1 1 1 1 1 1 1 1 1 1 |1 1 1 1 1 1 1 1 1 1 1 1 1 1 1 1 |1 1 1 1 1 1 1 1 1 1 1 1 1 4 1 1 |1 1 1 1 1 1 2 3 1 1 1 1 1 4 1 1 |1 1 1 1 1 1 1 3 1 1 1 1 1 1 1 1 |1 1 1 1 1 1 1 1 4 1 1 1 1 1 1 1 |1 1 1 1 1 1 1 7 1 1 1 1 1 1 1 1 |1 1 1 9 1 1 1 1 1 1 1 11 1 1 1 2 |3 1 2 1 6 1 5 1 1 1 1 5 1 2 1 2 |1 1 1 1 1 1 1 1 1 1 12 3 9 1 9 2 |
20973: 3 1 1 1 1 1 1 1 1 1 5 1 1 1 1 1 |1 1 6 4 1 1 1 1 1 1 1 1 1 1 1 1 |1 1 1 1 1 1 1 1 1 1 1 1 1 1 1 1 |1 1 1 1 1 1 1 1 1 1 1 1 1 1 1 1 |1 1 1 1 1 1 1 1 1 1 1 1 1 2 1 1 |1 1 1 1 1 4 1 3 1 1 1 1 1 2 1 1 |1 1 1 1 1 1 1 1 1 1 1 1 1 1 1 1 |1 1 1 1 5 8 1 1 4 1 1 1 1 1 1 4 |1 1 1 1 4 1 1 9 1 1 1 1 1 1 1 1 |1 1 1 9 1 1 1 2 1 1 1 9 1 1 1 1 |3 1 2 1 6 1 5 1 1 1 1 5 1 2 1 2 |1 1 1 1 1 1 1 1 1 1 12 3 9 1 9 2 |
20983: 3 1 1 1 1 1 1 1 1 1 5 1 1 1 1 1 |1 1 6 4 1 1 1 1 1 1 1 1 1 1 1 1 |1 1 1 1 1 1 1 1 1 1 1 1 1 1 1 1 |1 1 1 1 1 1 1 1 1 1 1 1 1 1 1 1 |1 1 1 1 1 1 1 1 1 1 1 1 1 2 1 1 |1 1 1 1 1 4 1 3 1 1 1 1 1 2 1 1 |1 1 1 1 1 1 1 1 1 1 1 1 1 1 1 1 |1 1 1 1 5 8 1 1 4 1 1 1 1 1 1 4 |1 1 1 1 4 1 1 9 1 1 1 1 1 1 1 1 |1 1 1 9 1 1 1 2 1 1 1 9 1 1 1 1 |3 1 1 1 1 1 1 1 1 1 1 7 1 1 5 1 |1 6 1 1 11 1 1 3 1 1 11 1 9 1 9 1 |
