right Sync information: global sync logger time 09:40:28.743 equals 1000
70: 9 1 1 8 5 1 1 2 1 1 1 1 1 1 6 1 |3 1 9 1 4 4 1 1 1 1 1 1 3 1 11 1 |1 1 9 1 1 9 15 7 2 1 1 5 1 1 1 2 |1 1 1 5 1 5 2 1 10 1 1 1 10 8 1 11 |0 0 0 0 0 0 0 0 0 0 0 0 0 0 0 0 |0 0 0 0 0 0 0 0 0 0 0 0 0 0 0 0 |0 0 0 0 0 0 0 0 0 0 0 0 0 0 0 0 |0 0 0 0 0 0 0 0 0 0 0 0 0 0 0 0 |0 0 0 0 0 0 0 0 0 0 0 0 0 0 0 0 |0 0 0 0 0 0 0 0 0 0 0 0 0 0 0 0 |0 0 0 0 0 0 0 0 0 0 0 0 0 0 0 0 |0 0 0 0 0 0 0 0 0 0 0 0 0 0 0 0 |
81: 9 1 1 8 5 1 1 2 1 1 1 1 1 1 6 1 |3 1 9 1 4 4 1 1 1 1 1 1 3 1 11 1 |1 1 9 1 1 9 15 7 2 1 1 5 1 1 1 2 |1 1 1 5 1 5 2 1 10 1 1 1 10 8 1 11 |1 9 1 1 5 7 8 1 1 1 1 1 1 1 11 1 |1 1 4 1 5 10 1 1 1 1 14 1 1 1 1 1 |1 10 9 1 1 1 1 4 1 1 1 11 1 3 1 8 |1 1 9 14 1 1 1 1 1 2 10 1 1 10 4 8 |1 1 1 1 12 14 3 1 15 1 1 1 4 1 8 3 |1 1 4 1 1 1 1 1 2 15 1 1 1 9 1 6 |7 1 2 2 1 1 1 16 1 4 8 1 1 1 2 1 |1 5 1 7 1 2 1 5 1 1 2 1 1 1 1 8 |
92: 9 1 1 8 5 1 1 2 1 1 1 1 1 1 6 1 |3 1 9 1 4 4 1 1 1 1 1 1 3 1 11 1 |1 1 9 1 1 9 15 7 2 1 1 5 1 1 1 2 |1 1 1 5 1 5 2 1 10 1 1 1 10 8 1 11 |1 9 1 1 5 7 8 1 1 1 1 1 1 1 11 1 |1 1 4 1 5 10 1 1 1 1 14 1 1 1 1 1 |1 10 9 1 1 1 1 4 1 1 1 11 1 3 1 8 |1 1 9 14 1 1 1 1 1 2 10 1 1 10 4 8 |1 1 1 1 12 14 3 1 15 1 1 1 4 1 8 3 |1 1 4 1 1 1 1 1 2 15 1 1 1 9 1 6 |7 1 2 2 1 1 1 16 1 4 8 1 1 1 2 1 |1 5 1 7 1 2 1 5 1 1 2 1 1 1 1 8 |
103: 1 1 1 1 5 9 3 1 1 1 1 1 1 1 9 1 |1 1 8 1 4 2 1 1 1 1 1 1 1 1 13 1 |1 1 8 1 1 4 13 7 3 1 9 1 1 1 1 1 |1 1 1 1 1 1 1 1 7 8 1 1 1 7 1 8 |1 8 1 1 1 8 1 1 1 1 1 1 12 1 12 10 |1 1 4 1 5 10 1 1 1 1 14 1 1 1 1 1 |1 10 9 1 1 1 1 4 1 1 1 11 1 3 1 8 |1 1 9 14 1 1 1 1 1 2 10 1 1 10 4 8 |1 1 1 1 12 14 3 1 15 1 1 1 4 1 8 3 |1 1 4 1 1 1 1 1 2 15 1 1 1 9 1 6 |7 1 2 2 1 1 1 16 1 4 8 1 1 1 2 1 |1 5 1 7 1 2 1 5 1 1 2 1 1 1 1 8 |
114: 1 1 1 1 5 9 3 1 1 1 1 1 1 1 9 1 |1 1 8 1 4 2 1 1 1 1 1 1 1 1 13 1 |1 1 8 1 1 4 13 7 3 1 9 1 1 1 1 1 |1 1 1 1 1 1 1 1 7 8 1 1 1 7 1 8 |1 8 1 1 1 8 1 1 1 1 1 1 12 1 12 10 |1 1 3 1 5 1 1 1 1 1 11 1 9 1 1 1 |1 9 2 14 1 1 1 7 1 1 1 12 1 1 1 1 |1 1 10 14 1 2 1 14 1 1 15 1 1 14 1 1 |1 1 1 1 1 8 10 4 1 1 1 1 11 1 2 1 |1 1 4 1 1 1 5 11 1 1 1 7 1 7 1 2 |1 1 3 1 1 1 1 15 2 1 1 1 1 1 1 1 |1 1 1 2 1 9 1 1 1 2 16 1 1 4 1 1 |
125: 1 1 1 1 5 9 3 1 1 1 1 1 1 1 9 1 |1 1 8 1 4 2 1 1 1 1 1 1 1 1 13 1 |1 1 8 1 1 4 13 7 3 1 9 1 1 1 1 1 |1 1 1 1 1 1 1 1 7 8 1 1 1 7 1 8 |1 8 1 1 1 8 1 1 1 1 1 1 12 1 12 10 |1 1 3 1 5 1 1 1 1 1 11 1 9 1 1 1 |1 9 2 14 1 1 1 7 1 1 1 12 1 1 1 1 |1 1 10 14 1 2 1 14 1 1 15 1 1 14 1 1 |1 1 1 1 1 8 10 4 1 1 1 1 11 1 2 1 |1 1 4 1 1 1 5 11 1 1 1 7 1 7 1 2 |1 1 3 1 1 1 1 15 2 1 1 1 1 1 1 1 |1 1 1 2 1 9 1 1 1 2 16 1 1 4 1 1 |
136: 1 1 1 1 9 6 2 1 1 4 1 1 1 4 7 1 |1 1 9 1 3 1 1 1 1 1 1 2 1 1 11 1 |1 1 8 1 1 8 12 5 6 1 6 7 1 1 1 1 |1 1 1 3 1 1 1 1 6 8 1 1 1 7 1 10 |1 1 1 1 1 10 8 1 1 1 1 1 12 1 7 7 |1 1 3 1 5 1 1 1 1 1 11 1 9 1 1 1 |1 9 2 14 1 1 1 7 1 1 1 12 1 1 1 1 |1 1 10 14 1 2 1 14 1 1 15 1 1 14 1 1 |1 1 1 1 1 8 10 4 1 1 1 1 11 1 2 1 |1 1 4 1 1 1 5 11 1 1 1 7 1 7 1 2 |1 1 3 1 1 1 1 15 2 1 1 1 1 1 1 1 |1 1 1 2 1 9 1 1 1 2 16 1 1 4 1 1 |
146: 1 1 1 1 9 6 2 1 1 4 1 1 1 4 7 1 |1 1 9 1 3 1 1 1 1 1 1 2 1 1 11 1 |1 1 8 1 1 8 12 5 6 1 6 7 1 1 1 1 |1 1 1 3 1 1 1 1 6 8 1 1 1 7 1 10 |1 1 1 1 1 10 8 1 1 1 1 1 12 1 7 7 |1 1 1 1 6 10 1 1 1 1 13 1 10 1 1 1 |1 5 9 1 1 1 1 8 1 6 9 7 1 1 1 1 |1 1 1 5 1 1 1 15 1 1 14 1 1 6 1 1 |3 2 1 1 2 13 10 11 3 8 6 1 1 1 8 4 |1 1 5 1 1 6 1 14 9 12 1 5 1 7 1 7 |1 1 1 1 1 1 1 15 5 6 11 3 1 2 2 1 |1 6 1 7 1 1 1 13 1 2 15 1 2 10 1 2 |
157: 1 1 1 1 9 6 2 1 1 4 1 1 1 4 7 1 |1 1 9 1 3 1 1 1 1 1 1 2 1 1 11 1 |1 1 8 1 1 8 12 5 6 1 6 7 1 1 1 1 |1 1 1 3 1 1 1 1 6 8 1 1 1 7 1 10 |1 1 1 1 1 10 8 1 1 1 1 1 12 1 7 7 |1 1 1 1 6 10 1 1 1 1 13 1 10 1 1 1 |1 5 9 1 1 1 1 8 1 6 9 7 1 1 1 1 |1 1 1 5 1 1 1 15 1 1 14 1 1 6 1 1 |3 2 1 1 2 13 10 11 3 8 6 1 1 1 8 4 |1 1 5 1 1 6 1 14 9 12 1 5 1 7 1 7 |1 1 1 1 1 1 1 15 5 6 11 3 1 2 2 1 |1 6 1 7 1 1 1 13 1 2 15 1 2 10 1 2 |
168: 1 1 1 6 4 7 8 4 1 1 1 4 1 1 9 1 |1 1 1 1 5 1 2 1 1 1 1 10 1 4 10 1 |1 1 8 1 3 7 5 1 1 1 2 6 1 1 1 1 |1 1 1 1 1 1 1 1 7 1 1 1 1 8 1 9 |1 1 1 1 1 10 8 1 1 1 1 1 12 1 7 7 |1 1 1 1 6 10 1 1 1 1 13 1 10 1 1 1 |1 5 9 1 1 1 1 8 1 6 9 7 1 1 1 1 |1 1 1 5 1 1 1 15 1 1 14 1 1 6 1 1 |3 2 1 1 2 13 10 11 3 8 6 1 1 1 8 4 |1 1 5 1 1 6 1 14 9 12 1 5 1 7 1 7 |1 1 1 1 1 1 1 15 5 6 11 3 1 2 2 1 |1 6 1 7 1 1 1 13 1 2 15 1 2 10 1 2 |
180: 1 1 1 6 4 7 8 4 1 1 1 4 1 1 9 1 |1 1 1 1 5 1 2 1 1 1 1 10 1 4 10 1 |1 1 8 1 3 7 5 1 1 1 2 6 1 1 1 1 |1 1 1 1 1 1 1 1 7 1 1 1 1 8 1 9 |1 1 1 1 1 11 8 1 1 1 1 1 11 1 11 1 |1 1 1 1 1 11 1 3 1 1 1 1 10 1 1 1 |1 3 8 1 1 1 1 9 1 1 1 10 1 1 1 1 |6 1 4 15 1 10 1 14 1 1 14 1 1 17 1 8 |1 1 1 1 12 15 10 5 1 7 3 1 14 1 8 3 |1 1 6 1 1 1 1 9 1 14 1 6 1 1 1 6 |6 1 1 1 9 1 1 15 1 1 12 5 1 1 1 1 |1 6 1 7 1 1 1 13 1 2 15 1 2 10 1 2 |
191: 1 1 1 6 4 7 8 4 1 1 1 4 1 1 9 1 |1 1 1 1 5 1 2 1 1 1 1 10 1 4 10 1 |1 1 8 1 3 7 5 1 1 1 2 6 1 1 1 1 |1 1 1 1 1 1 1 1 7 1 1 1 1 8 1 9 |1 1 1 1 1 11 8 1 1 1 1 1 11 1 11 1 |1 1 1 1 1 11 1 3 1 1 1 1 10 1 1 1 |1 3 8 1 1 1 1 9 1 1 1 10 1 1 1 1 |6 1 4 15 1 10 1 14 1 1 14 1 1 17 1 8 |1 1 1 1 12 15 10 5 1 7 3 1 14 1 8 3 |1 1 6 1 1 1 1 9 1 14 1 6 1 1 1 6 |6 1 1 1 9 1 1 15 1 1 12 5 1 1 1 1 |1 1 1 1 1 14 4 1 1 1 5 1 1 4 1 1 |
202: 1 1 1 1 1 1 1 13 1 1 1 6 1 1 1 1 |1 1 1 1 6 1 1 1 1 1 1 12 1 1 1 1 |1 1 8 1 3 1 11 8 6 1 4 9 1 1 1 1 |1 1 1 1 1 5 6 1 6 6 1 1 1 5 1 12 |1 1 1 1 6 1 1 1 1 1 1 1 10 1 12 7 |1 1 2 1 7 18 1 7 1 1 1 1 8 1 1 1 |1 3 8 1 1 1 1 9 1 1 1 10 1 1 1 1 |6 1 4 15 1 10 1 14 1 1 14 1 1 17 1 8 |1 1 1 1 12 15 10 5 1 7 3 1 14 1 8 3 |1 1 6 1 1 1 1 9 1 14 1 6 1 1 1 6 |6 1 1 1 9 1 1 15 1 1 12 5 1 1 1 1 |1 1 1 1 1 14 4 1 1 1 5 1 1 4 1 1 |
213: 1 1 1 1 1 1 1 13 1 1 1 6 1 1 1 1 |1 1 1 1 6 1 1 1 1 1 1 12 1 1 1 1 |1 1 8 1 3 1 11 8 6 1 4 9 1 1 1 1 |1 1 1 1 1 5 6 1 6 6 1 1 1 5 1 12 |1 1 1 1 6 1 1 1 1 1 1 1 10 1 12 7 |1 1 2 1 7 18 1 7 1 1 1 1 8 1 1 1 |1 4 3 4 1 1 1 7 1 4 1 11 1 1 1 1 |10 1 3 15 1 1 2 12 1 1 9 1 1 13 2 8 |1 1 1 1 1 14 11 4 1 1 1 1 9 1 8 3 |1 1 1 1 2 3 1 14 2 16 1 1 1 4 1 1 |8 1 3 1 1 1 1 1 1 1 1 1 1 1 1 1 |1 1 1 1 1 1 1 1 1 1 17 1 1 4 1 1 |
224: 1 1 1 1 1 1 1 13 1 1 1 6 1 1 1 1 |1 1 1 1 6 1 1 1 1 1 1 12 1 1 1 1 |1 1 8 1 3 1 11 8 6 1 4 9 1 1 1 1 |1 1 1 1 1 5 6 1 6 6 1 1 1 5 1 12 |1 1 1 1 6 1 1 1 1 1 1 1 10 1 12 7 |1 1 2 1 7 18 1 7 1 1 1 1 8 1 1 1 |1 4 3 4 1 1 1 7 1 4 1 11 1 1 1 1 |10 1 3 15 1 1 2 12 1 1 9 1 1 13 2 8 |1 1 1 1 1 14 11 4 1 1 1 1 9 1 8 3 |1 1 1 1 2 3 1 14 2 16 1 1 1 4 1 1 |8 1 3 1 1 1 1 1 1 1 1 1 1 1 1 1 |1 1 1 1 1 1 1 1 1 1 17 1 1 4 1 1 |
235: 1 1 1 7 1 1 1 1 1 1 1 4 1 1 7 1 |1 1 3 1 1 5 1 1 1 1 1 11 1 1 10 1 |1 1 6 1 1 7 13 1 5 1 7 9 1 1 1 3 |1 1 1 1 1 5 6 1 6 6 1 1 1 5 1 12 |1 1 1 1 6 1 1 1 1 1 1 1 10 1 12 7 |1 1 2 1 7 18 1 7 1 1 1 1 8 1 1 1 |1 4 3 4 1 1 1 7 1 4 1 11 1 1 1 1 |10 1 3 15 1 1 2 12 1 1 9 1 1 13 2 8 |1 1 1 1 1 14 11 4 1 1 1 1 9 1 8 3 |1 1 1 1 2 3 1 14 2 16 1 1 1 4 1 1 |8 1 3 1 1 1 1 1 1 1 1 1 1 1 1 1 |1 1 1 1 1 1 1 1 1 1 17 1 1 4 1 1 |
245: 1 1 1 7 1 1 1 1 1 1 1 4 1 1 7 1 |1 1 3 1 1 5 1 1 1 1 1 11 1 1 10 1 |1 1 6 1 1 7 13 1 5 1 7 9 1 1 1 3 |1 1 1 1 1 1 1 1 8 5 1 1 1 6 1 9 |1 1 1 1 1 7 6 1 1 1 1 1 11 1 10 9 |1 1 2 1 6 8 1 1 1 1 14 1 9 1 1 1 |1 5 8 5 1 1 1 9 1 1 1 11 1 1 1 1 |1 1 5 12 1 3 7 15 1 1 10 1 1 12 1 1 |1 1 1 1 12 14 1 4 2 1 1 1 10 1 1 1 |1 1 1 1 1 1 5 11 1 12 1 5 1 9 1 9 |8 1 3 1 1 1 1 1 1 1 1 1 1 1 1 1 |1 1 1 1 1 1 1 1 1 1 17 1 1 4 1 1 |
256: 1 1 1 7 1 1 1 1 1 1 1 4 1 1 7 1 |1 1 3 1 1 5 1 1 1 1 1 11 1 1 10 1 |1 1 6 1 1 7 13 1 5 1 7 9 1 1 1 3 |1 1 1 1 1 1 1 1 8 5 1 1 1 6 1 9 |1 1 1 1 1 7 6 1 1 1 1 1 11 1 10 9 |1 1 2 1 6 8 1 1 1 1 14 1 9 1 1 1 |1 5 8 5 1 1 1 9 1 1 1 11 1 1 1 1 |1 1 5 12 1 3 7 15 1 1 10 1 1 12 1 1 |1 1 1 1 12 14 1 4 2 1 1 1 10 1 1 1 |1 1 1 1 1 1 5 11 1 12 1 5 1 9 1 9 |2 1 1 1 1 1 1 15 3 9 10 3 1 1 8 1 |1 1 1 2 1 15 4 5 1 1 9 1 1 13 1 1 |
267: 1 8 1 5 8 1 7 12 1 1 1 1 1 3 5 1 |1 1 3 1 1 5 1 1 1 1 1 11 1 1 10 1 |1 1 6 1 1 7 13 1 5 1 7 9 1 1 1 3 |1 1 1 1 1 1 1 1 8 5 1 1 1 6 1 9 |1 1 1 1 1 7 6 1 1 1 1 1 11 1 10 9 |1 1 2 1 6 8 1 1 1 1 14 1 9 1 1 1 |1 5 8 5 1 1 1 9 1 1 1 11 1 1 1 1 |1 1 5 12 1 3 7 15 1 1 10 1 1 12 1 1 |1 1 1 1 12 14 1 4 2 1 1 1 10 1 1 1 |1 1 1 1 1 1 5 11 1 12 1 5 1 9 1 9 |2 1 1 1 1 1 1 15 3 9 10 3 1 1 8 1 |1 1 1 2 1 15 4 5 1 1 9 1 1 13 1 1 |
278: 1 8 1 5 8 1 7 12 1 1 1 1 1 3 5 1 |1 1 9 1 5 1 1 1 1 1 1 12 7 1 12 1 |1 1 7 1 6 7 12 5 8 1 9 1 1 1 1 2 |1 1 1 3 1 4 7 1 6 8 1 1 11 5 1 11 |1 1 1 1 1 15 7 1 1 1 1 1 10 1 9 6 |1 1 1 1 6 9 1 5 1 1 14 1 11 1 2 1 |1 10 7 1 1 1 1 9 1 5 1 11 1 1 1 1 |6 1 1 1 1 1 1 13 1 1 16 1 1 13 1 1 |1 1 1 1 12 13 9 5 1 1 1 1 2 1 8 5 |1 1 3 1 3 2 1 2 1 1 1 1 1 2 1 5 |2 1 1 1 1 1 1 15 3 9 10 3 1 1 8 1 |1 1 1 2 1 15 4 5 1 1 9 1 1 13 1 1 |
288: 1 8 1 5 8 1 7 12 1 1 1 1 1 3 5 1 |1 1 9 1 5 1 1 1 1 1 1 12 7 1 12 1 |1 1 7 1 6 7 12 5 8 1 9 1 1 1 1 2 |1 1 1 3 1 4 7 1 6 8 1 1 11 5 1 11 |1 1 1 1 1 15 7 1 1 1 1 1 10 1 9 6 |1 1 1 1 6 9 1 5 1 1 14 1 11 1 2 1 |1 10 7 1 1 1 1 9 1 5 1 11 1 1 1 1 |6 1 1 1 1 1 1 13 1 1 16 1 1 13 1 1 |1 1 1 1 12 13 9 5 1 1 1 1 2 1 8 5 |1 1 3 1 3 2 1 2 1 1 1 1 1 2 1 5 |9 1 1 1 12 1 1 13 1 1 1 1 1 1 1 1 |1 1 1 5 1 16 9 1 1 6 17 1 1 12 1 1 |
299: 1 1 1 1 6 1 8 2 1 1 1 1 1 2 2 1 |1 1 1 1 1 1 1 1 1 1 1 3 1 1 13 1 |1 1 8 1 1 1 13 9 3 1 3 5 1 1 1 1 |1 1 1 3 1 4 7 1 6 8 1 1 11 5 1 11 |1 1 1 1 1 15 7 1 1 1 1 1 10 1 9 6 |1 1 1 1 6 9 1 5 1 1 14 1 11 1 2 1 |1 10 7 1 1 1 1 9 1 5 1 11 1 1 1 1 |6 1 1 1 1 1 1 13 1 1 16 1 1 13 1 1 |1 1 1 1 12 13 9 5 1 1 1 1 2 1 8 5 |1 1 3 1 3 2 1 2 1 1 1 1 1 2 1 5 |9 1 1 1 12 1 1 13 1 1 1 1 1 1 1 1 |1 1 1 5 1 16 9 1 1 6 17 1 1 12 1 1 |
310: 1 1 1 1 6 1 8 2 1 1 1 1 1 2 2 1 |1 1 1 1 1 1 1 1 1 1 1 3 1 1 13 1 |1 1 8 1 1 1 13 9 3 1 3 5 1 1 1 1 |1 1 1 1 1 1 8 1 8 5 1 1 1 7 1 7 |1 1 1 1 1 7 1 1 1 1 1 1 10 1 6 1 |1 1 1 1 1 10 1 1 1 1 13 1 9 1 1 1 |1 4 5 1 1 1 1 9 1 1 1 11 1 1 1 2 |7 1 9 8 1 5 9 20 1 2 15 1 1 15 1 1 |1 1 1 1 1 15 3 11 2 1 1 1 12 1 7 1 |1 1 3 1 3 2 1 2 1 1 1 1 1 2 1 5 |9 1 1 1 12 1 1 13 1 1 1 1 1 1 1 1 |1 1 1 5 1 16 9 1 1 6 17 1 1 12 1 1 |
320: 1 1 1 1 6 1 8 2 1 1 1 1 1 2 2 1 |1 1 1 1 1 1 1 1 1 1 1 3 1 1 13 1 |1 1 8 1 1 1 13 9 3 1 3 5 1 1 1 1 |1 1 1 1 1 1 8 1 8 5 1 1 1 7 1 7 |1 1 1 1 1 7 1 1 1 1 1 1 10 1 6 1 |1 1 1 1 1 10 1 1 1 1 13 1 9 1 1 1 |1 4 5 1 1 1 1 9 1 1 1 11 1 1 1 2 |7 1 9 8 1 5 9 20 1 2 15 1 1 15 1 1 |1 1 1 1 1 15 3 11 2 1 1 1 12 1 7 1 |1 1 8 1 1 1 5 13 9 12 1 6 1 10 1 7 |1 1 3 1 1 2 1 15 6 1 1 1 2 1 9 1 |1 8 1 1 13 7 2 12 1 2 17 1 1 11 1 1 |
331: 1 1 1 4 1 1 1 1 1 1 1 5 1 2 7 1 |1 1 1 1 1 1 1 1 1 1 1 3 1 1 13 1 |1 1 8 1 1 1 13 9 3 1 3 5 1 1 1 1 |1 1 1 1 1 1 8 1 8 5 1 1 1 7 1 7 |1 1 1 1 1 7 1 1 1 1 1 1 10 1 6 1 |1 1 1 1 1 10 1 1 1 1 13 1 9 1 1 1 |1 4 5 1 1 1 1 9 1 1 1 11 1 1 1 2 |7 1 9 8 1 5 9 20 1 2 15 1 1 15 1 1 |1 1 1 1 1 15 3 11 2 1 1 1 12 1 7 1 |1 1 8 1 1 1 5 13 9 12 1 6 1 10 1 7 |1 1 3 1 1 2 1 15 6 1 1 1 2 1 9 1 |1 8 1 1 13 7 2 12 1 2 17 1 1 11 1 1 |
342: 1 1 1 4 1 1 1 1 1 1 1 5 1 2 7 1 |1 1 1 1 7 4 1 1 1 1 1 1 1 1 10 1 |1 1 7 1 1 4 14 3 2 1 7 6 1 1 1 2 |1 1 1 5 1 1 1 1 1 7 1 1 1 7 1 9 |1 1 1 1 1 10 10 1 1 1 1 1 12 1 8 7 |1 1 3 1 5 10 1 1 1 1 12 1 8 1 1 1 |1 10 8 1 1 1 1 1 1 1 1 10 1 1 1 1 |7 1 9 8 1 5 9 20 1 2 15 1 1 15 1 1 |1 1 1 1 1 15 3 11 2 1 1 1 12 1 7 1 |1 1 8 1 1 1 5 13 9 12 1 6 1 10 1 7 |1 1 3 1 1 2 1 15 6 1 1 1 2 1 9 1 |1 8 1 1 13 7 2 12 1 2 17 1 1 11 1 1 |
353: 1 1 1 4 1 1 1 1 1 1 1 5 1 2 7 1 |1 1 1 1 7 4 1 1 1 1 1 1 1 1 10 1 |1 1 7 1 1 4 14 3 2 1 7 6 1 1 1 2 |1 1 1 5 1 1 1 1 1 7 1 1 1 7 1 9 |1 1 1 1 1 10 10 1 1 1 1 1 12 1 8 7 |1 1 3 1 5 10 1 1 1 1 12 1 8 1 1 1 |1 10 8 1 1 1 1 1 1 1 1 10 1 1 1 1 |2 1 13 13 1 1 1 14 1 2 15 1 1 13 1 1 |2 1 1 1 12 13 1 4 1 1 1 1 12 1 2 1 |1 1 1 1 1 3 1 13 3 14 1 4 1 9 1 5 |7 1 1 1 1 1 1 14 7 15 8 1 1 1 8 1 |1 1 1 1 1 16 7 2 1 3 9 1 1 12 1 1 |
365: 1 1 1 4 1 1 1 1 1 1 1 5 1 2 7 1 |1 1 1 1 7 4 1 1 1 1 1 1 1 1 10 1 |1 1 7 1 1 4 14 3 2 1 7 6 1 1 1 2 |1 1 1 5 1 1 1 1 1 7 1 1 1 7 1 9 |1 1 1 1 1 10 10 1 1 1 1 1 12 1 8 7 |1 1 3 1 5 10 1 1 1 1 12 1 8 1 1 1 |1 10 8 1 1 1 1 1 1 1 1 10 1 1 1 1 |2 1 13 13 1 1 1 14 1 2 15 1 1 13 1 1 |2 1 1 1 12 13 1 4 1 1 1 1 12 1 2 1 |1 1 1 1 1 3 1 13 3 14 1 4 1 9 1 5 |7 1 1 1 1 1 1 14 7 15 8 1 1 1 8 1 |1 1 1 1 1 16 7 2 1 3 9 1 1 12 1 1 |
375: 1 9 1 1 8 8 7 1 1 1 1 4 1 1 6 1 |1 1 1 1 5 1 1 1 1 1 1 9 1 1 7 1 |1 1 8 1 1 8 1 6 6 1 1 8 1 1 1 2 |1 1 1 2 1 5 6 1 7 6 1 1 1 6 1 9 |1 1 1 1 1 13 8 1 1 1 1 1 9 1 8 7 |1 1 1 1 5 10 1 5 1 1 14 1 9 1 1 1 |1 4 8 7 6 1 1 13 1 1 1 11 1 1 1 1 |2 1 13 13 1 1 1 14 1 2 15 1 1 13 1 1 |2 1 1 1 12 13 1 4 1 1 1 1 12 1 2 1 |1 1 1 1 1 3 1 13 3 14 1 4 1 9 1 5 |7 1 1 1 1 1 1 14 7 15 8 1 1 1 8 1 |1 1 1 1 1 16 7 2 1 3 9 1 1 12 1 1 |
386: 1 9 1 1 8 8 7 1 1 1 1 4 1 1 6 1 |1 1 1 1 5 1 1 1 1 1 1 9 1 1 7 1 |1 1 8 1 1 8 1 6 6 1 1 8 1 1 1 2 |1 1 1 2 1 5 6 1 7 6 1 1 1 6 1 9 |1 1 1 1 1 13 8 1 1 1 1 1 9 1 8 7 |1 1 1 1 5 10 1 5 1 1 14 1 9 1 1 1 |1 4 8 7 6 1 1 13 1 1 1 11 1 1 1 1 |7 1 3 14 1 1 1 14 1 1 15 1 1 15 1 1 |1 1 1 1 14 14 11 6 1 10 10 1 13 1 1 1 |1 1 7 1 4 1 1 5 1 12 1 1 1 4 1 7 |9 1 1 1 1 1 1 14 5 8 11 1 1 1 1 1 |2 1 1 8 1 15 11 1 1 3 16 1 1 11 1 1 |
397: 1 9 1 1 8 8 7 1 1 1 1 4 1 1 6 1 |1 1 1 1 5 1 1 1 1 1 1 9 1 1 7 1 |1 1 8 1 1 8 1 6 6 1 1 8 1 1 1 2 |1 1 1 2 1 5 6 1 7 6 1 1 1 6 1 9 |1 1 1 1 1 13 8 1 1 1 1 1 9 1 8 7 |1 1 1 1 5 10 1 5 1 1 14 1 9 1 1 1 |1 4 8 7 6 1 1 13 1 1 1 11 1 1 1 1 |7 1 3 14 1 1 1 14 1 1 15 1 1 15 1 1 |1 1 1 1 14 14 11 6 1 10 10 1 13 1 1 1 |1 1 7 1 4 1 1 5 1 12 1 1 1 4 1 7 |9 1 1 1 1 1 1 14 5 8 11 1 1 1 1 1 |2 1 1 8 1 15 11 1 1 3 16 1 1 11 1 1 |
407: 2 1 1 1 9 4 7 8 1 1 1 1 1 1 7 1 |1 1 1 1 1 1 1 1 1 1 1 9 1 1 12 1 |1 1 7 1 3 1 12 8 5 1 2 7 1 1 1 2 |1 1 1 1 1 5 9 1 6 9 1 1 1 7 1 9 |1 1 1 1 1 8 8 1 1 1 1 1 10 1 13 10 |1 1 2 1 1 15 1 4 1 1 1 1 9 1 1 1 |1 4 8 7 6 1 1 13 1 1 1 11 1 1 1 1 |7 1 3 14 1 1 1 14 1 1 15 1 1 15 1 1 |1 1 1 1 14 14 11 6 1 10 10 1 13 1 1 1 |1 1 7 1 4 1 1 5 1 12 1 1 1 4 1 7 |9 1 1 1 1 1 1 14 5 8 11 1 1 1 1 1 |2 1 1 8 1 15 11 1 1 3 16 1 1 11 1 1 |
418: 2 1 1 1 9 4 7 8 1 1 1 1 1 1 7 1 |1 1 1 1 1 1 1 1 1 1 1 9 1 1 12 1 |1 1 7 1 3 1 12 8 5 1 2 7 1 1 1 2 |1 1 1 1 1 5 9 1 6 9 1 1 1 7 1 9 |1 1 1 1 1 8 8 1 1 1 1 1 10 1 13 10 |1 1 2 1 1 15 1 4 1 1 1 1 9 1 1 1 |1 5 1 1 1 1 1 7 1 1 1 10 1 1 1 1 |1 1 2 14 1 2 2 15 1 1 8 1 1 16 1 9 |1 1 1 1 1 11 10 4 1 10 8 1 10 1 8 4 |1 1 10 1 1 1 1 12 3 14 1 1 1 7 1 5 |1 1 3 1 1 1 1 1 1 1 1 1 1 1 8 1 |1 1 1 1 1 3 1 12 1 3 14 1 1 6 1 1 |
429: 2 1 1 1 9 4 7 8 1 1 1 1 1 1 7 1 |1 1 1 1 1 1 1 1 1 1 1 9 1 1 12 1 |1 1 7 1 3 1 12 8 5 1 2 7 1 1 1 2 |1 1 1 1 1 5 9 1 6 9 1 1 1 7 1 9 |1 1 1 1 1 8 8 1 1 1 1 1 10 1 13 10 |1 1 2 1 1 15 1 4 1 1 1 1 9 1 1 1 |1 5 1 1 1 1 1 7 1 1 1 10 1 1 1 1 |1 1 2 14 1 2 2 15 1 1 8 1 1 16 1 9 |1 1 1 1 1 11 10 4 1 10 8 1 10 1 8 4 |1 1 10 1 1 1 1 12 3 14 1 1 1 7 1 5 |1 1 3 1 1 1 1 1 1 1 1 1 1 1 8 1 |1 1 1 1 1 3 1 12 1 3 14 1 1 6 1 1 |
440: 1 1 1 7 1 1 10 12 1 1 1 3 1 3 6 1 |1 1 9 1 1 7 1 1 1 1 1 1 1 1 7 1 |1 1 8 1 1 8 4 5 4 1 2 7 1 1 1 1 |1 1 1 4 1 8 3 1 7 5 1 1 12 5 1 11 |1 1 1 1 1 8 8 1 1 1 1 1 10 1 13 10 |1 1 2 1 1 15 1 4 1 1 1 1 9 1 1 1 |1 5 1 1 1 1 1 7 1 1 1 10 1 1 1 1 |1 1 2 14 1 2 2 15 1 1 8 1 1 16 1 9 |1 1 1 1 1 11 10 4 1 10 8 1 10 1 8 4 |1 1 10 1 1 1 1 12 3 14 1 1 1 7 1 5 |1 1 3 1 1 1 1 1 1 1 1 1 1 1 8 1 |1 1 1 1 1 3 1 12 1 3 14 1 1 6 1 1 |
450: 1 1 1 7 1 1 10 12 1 1 1 3 1 3 6 1 |1 1 9 1 1 7 1 1 1 1 1 1 1 1 7 1 |1 1 8 1 1 8 4 5 4 1 2 7 1 1 1 1 |1 1 1 4 1 8 3 1 7 5 1 1 12 5 1 11 |1 1 1 1 1 9 8 1 1 1 1 1 1 1 11 7 |2 1 1 1 5 11 1 1 1 1 14 1 10 1 1 1 |1 10 9 1 1 1 1 9 1 5 1 10 1 1 1 1 |1 1 4 8 1 1 9 15 1 1 2 1 3 16 1 1 |1 1 1 1 10 18 1 2 2 1 1 1 1 1 1 1 |1 1 4 1 12 1 1 14 9 13 1 7 1 7 1 8 |1 1 1 1 1 1 1 15 1 1 10 3 1 1 1 1 |1 8 1 7 1 15 14 1 1 3 8 1 1 4 1 1 |
461: 1 1 1 7 1 1 10 12 1 1 1 3 1 3 6 1 |1 1 9 1 1 7 1 1 1 1 1 1 1 1 7 1 |1 1 8 1 1 8 4 5 4 1 2 7 1 1 1 1 |1 1 1 4 1 8 3 1 7 5 1 1 12 5 1 11 |1 1 1 1 1 9 8 1 1 1 1 1 1 1 11 7 |2 1 1 1 5 11 1 1 1 1 14 1 10 1 1 1 |1 10 9 1 1 1 1 9 1 5 1 10 1 1 1 1 |1 1 4 8 1 1 9 15 1 1 2 1 3 16 1 1 |1 1 1 1 10 18 1 2 2 1 1 1 1 1 1 1 |1 1 4 1 12 1 1 14 9 13 1 7 1 7 1 8 |1 1 1 1 1 1 1 15 1 1 10 3 1 1 1 1 |1 8 1 7 1 15 14 1 1 3 8 1 1 4 1 1 |
472: 1 1 1 6 10 7 7 8 1 1 1 1 1 2 7 1 |1 1 8 1 6 1 1 1 1 1 1 12 1 1 13 1 |1 1 1 1 1 8 11 7 7 1 8 1 1 1 1 3 |1 1 1 4 1 4 8 1 4 8 1 4 1 6 1 11 |1 1 1 1 1 9 8 1 1 1 1 1 1 1 11 7 |2 1 1 1 5 11 1 1 1 1 14 1 10 1 1 1 |1 10 9 1 1 1 1 9 1 5 1 10 1 1 1 1 |1 1 4 8 1 1 9 15 1 1 2 1 3 16 1 1 |1 1 1 1 10 18 1 2 2 1 1 1 1 1 1 1 |1 1 4 1 12 1 1 14 9 13 1 7 1 7 1 8 |1 1 1 1 1 1 1 15 1 1 10 3 1 1 1 1 |1 8 1 7 1 15 14 1 1 3 8 1 1 4 1 1 |
483: 1 1 1 6 10 7 7 8 1 1 1 1 1 2 7 1 |1 1 8 1 6 1 1 1 1 1 1 12 1 1 13 1 |1 1 1 1 1 8 11 7 7 1 8 1 1 1 1 3 |1 1 1 4 1 4 8 1 4 8 1 4 1 6 1 11 |1 1 1 1 6 14 8 1 1 1 1 1 11 1 13 6 |1 1 1 1 4 11 1 3 1 1 15 1 8 1 1 1 |1 4 8 2 6 1 1 1 1 1 1 10 1 1 1 2 |1 1 5 14 1 1 1 12 1 1 14 1 1 12 1 1 |1 1 11 1 12 15 11 4 1 1 1 1 12 1 8 2 |1 1 6 1 2 1 1 1 1 1 1 7 1 2 1 10 |1 1 1 1 1 1 1 13 6 1 9 1 1 4 6 1 |1 1 1 1 1 13 7 1 1 2 15 1 1 12 1 1 |
494: 1 1 1 6 10 7 7 8 1 1 1 1 1 2 7 1 |1 1 8 1 6 1 1 1 1 1 1 12 1 1 13 1 |1 1 1 1 1 8 11 7 7 1 8 1 1 1 1 3 |1 1 1 4 1 4 8 1 4 8 1 4 1 6 1 11 |1 1 1 1 6 14 8 1 1 1 1 1 11 1 13 6 |1 1 1 1 4 11 1 3 1 1 15 1 8 1 1 1 |1 4 8 2 6 1 1 1 1 1 1 10 1 1 1 2 |1 1 5 14 1 1 1 12 1 1 14 1 1 12 1 1 |1 1 11 1 12 15 11 4 1 1 1 1 12 1 8 2 |1 1 6 1 2 1 1 1 1 1 1 7 1 2 1 10 |1 1 1 1 1 1 1 13 6 1 9 1 1 4 6 1 |1 1 1 1 1 13 7 1 1 2 15 1 1 12 1 1 |
505: 1 1 1 1 8 6 8 13 1 1 1 1 1 1 2 1 |1 1 3 1 1 5 1 1 1 1 1 10 1 1 14 1 |1 1 8 1 1 1 12 1 3 1 1 7 1 1 1 1 |1 1 1 4 1 4 8 1 4 8 1 4 1 6 1 11 |1 1 1 1 6 14 8 1 1 1 1 1 11 1 13 6 |1 1 1 1 4 11 1 3 1 1 15 1 8 1 1 1 |1 4 8 2 6 1 1 1 1 1 1 10 1 1 1 2 |1 1 5 14 1 1 1 12 1 1 14 1 1 12 1 1 |1 1 11 1 12 15 11 4 1 1 1 1 12 1 8 2 |1 1 6 1 2 1 1 1 1 1 1 7 1 2 1 10 |1 1 1 1 1 1 1 13 6 1 9 1 1 4 6 1 |1 1 1 1 1 13 7 1 1 2 15 1 1 12 1 1 |
516: 1 1 1 1 8 6 8 13 1 1 1 1 1 1 2 1 |1 1 3 1 1 5 1 1 1 1 1 10 1 1 14 1 |1 1 8 1 1 1 12 1 3 1 1 7 1 1 1 1 |1 1 1 1 1 6 8 1 7 1 1 1 10 9 1 9 |1 1 1 1 1 8 7 1 1 1 1 1 10 1 13 6 |1 1 2 1 1 17 1 1 1 1 12 1 10 1 1 1 |1 2 6 1 1 1 1 1 1 1 1 11 1 1 1 1 |8 1 1 14 1 2 3 18 1 1 16 1 1 15 2 9 |1 1 1 1 1 16 9 9 7 1 1 1 1 3 6 4 |1 2 10 1 1 1 1 14 3 16 1 8 1 2 1 7 |1 1 5 1 1 1 1 1 1 1 1 1 1 1 9 1 |1 1 1 1 4 1 3 1 1 2 16 1 1 12 1 1 |
527: 1 1 1 1 8 6 8 13 1 1 1 1 1 1 2 1 |1 1 3 1 1 5 1 1 1 1 1 10 1 1 14 1 |1 1 8 1 1 1 12 1 3 1 1 7 1 1 1 1 |1 1 1 1 1 6 8 1 7 1 1 1 10 9 1 9 |1 1 1 1 1 8 7 1 1 1 1 1 10 1 13 6 |1 1 2 1 1 17 1 1 1 1 12 1 10 1 1 1 |1 2 6 1 1 1 1 1 1 1 1 11 1 1 1 1 |8 1 1 14 1 2 3 18 1 1 16 1 1 15 2 9 |1 1 1 1 1 16 9 9 7 1 1 1 1 3 6 4 |1 2 10 1 1 1 1 14 3 16 1 8 1 2 1 7 |1 1 5 1 1 1 1 1 1 1 1 1 1 1 9 1 |1 1 1 1 4 1 3 1 1 2 16 1 1 12 1 1 |
538: 1 1 1 1 8 1 8 12 1 4 1 1 1 2 8 1 |1 1 3 1 1 5 1 1 1 1 1 10 1 1 14 1 |1 1 8 1 1 1 12 1 3 1 1 7 1 1 1 1 |1 1 1 1 1 6 8 1 7 1 1 1 10 9 1 9 |1 1 1 1 1 8 7 1 1 1 1 1 10 1 13 6 |1 1 2 1 1 17 1 1 1 1 12 1 10 1 1 1 |1 2 6 1 1 1 1 1 1 1 1 11 1 1 1 1 |8 1 1 14 1 2 3 18 1 1 16 1 1 15 2 9 |1 1 1 1 1 16 9 9 7 1 1 1 1 3 6 4 |1 2 10 1 1 1 1 14 3 16 1 8 1 2 1 7 |1 1 5 1 1 1 1 1 1 1 1 1 1 1 9 1 |1 1 1 1 4 1 3 1 1 2 16 1 1 12 1 1 |
548: 1 1 1 1 8 1 8 12 1 4 1 1 1 2 8 1 |1 1 1 1 3 9 1 1 1 1 1 12 1 1 13 1 |1 1 8 1 1 8 4 4 6 1 1 1 1 1 1 1 |1 1 1 4 1 6 1 1 7 6 1 1 12 6 1 10 |1 1 1 1 1 8 5 1 1 1 1 1 11 1 7 13 |4 1 1 1 7 6 1 5 1 1 13 1 10 1 1 1 |1 11 9 1 5 1 1 1 1 5 1 13 1 1 1 1 |1 1 13 13 1 1 1 2 1 1 8 1 1 15 1 1 |1 1 1 1 2 15 1 1 1 1 1 2 1 1 2 1 |1 1 1 1 1 1 1 13 8 13 1 5 1 9 1 8 |8 1 1 1 1 1 1 16 4 3 10 5 1 1 7 1 |1 1 1 1 4 1 3 1 1 2 16 1 1 12 1 1 |
559: 1 1 1 1 8 1 8 12 1 4 1 1 1 2 8 1 |1 1 1 1 3 9 1 1 1 1 1 12 1 1 13 1 |1 1 8 1 1 8 4 4 6 1 1 1 1 1 1 1 |1 1 1 4 1 6 1 1 7 6 1 1 12 6 1 10 |1 1 1 1 1 8 5 1 1 1 1 1 11 1 7 13 |4 1 1 1 7 6 1 5 1 1 13 1 10 1 1 1 |1 11 9 1 5 1 1 1 1 5 1 13 1 1 1 1 |1 1 13 13 1 1 1 2 1 1 8 1 1 15 1 1 |1 1 1 1 2 15 1 1 1 1 1 2 1 1 2 1 |1 1 1 1 1 1 1 13 8 13 1 5 1 9 1 8 |8 1 1 1 1 1 1 16 4 3 10 5 1 1 7 1 |1 1 1 1 1 15 8 4 1 1 8 3 1 12 2 5 |
570: 1 1 1 1 8 8 8 7 1 1 1 5 1 3 8 1 |1 1 1 1 3 9 1 1 1 1 1 12 1 1 13 1 |1 1 8 1 1 8 4 4 6 1 1 1 1 1 1 1 |1 1 1 4 1 6 1 1 7 6 1 1 12 6 1 10 |1 1 1 1 1 8 5 1 1 1 1 1 11 1 7 13 |4 1 1 1 7 6 1 5 1 1 13 1 10 1 1 1 |1 11 9 1 5 1 1 1 1 5 1 13 1 1 1 1 |1 1 13 13 1 1 1 2 1 1 8 1 1 15 1 1 |1 1 1 1 2 15 1 1 1 1 1 2 1 1 2 1 |1 1 1 1 1 1 1 13 8 13 1 5 1 9 1 8 |8 1 1 1 1 1 1 16 4 3 10 5 1 1 7 1 |1 1 1 1 1 15 8 4 1 1 8 3 1 12 2 5 |
580: 1 1 1 1 8 8 8 7 1 1 1 5 1 3 8 1 |2 1 8 1 5 1 1 1 1 1 1 11 1 1 1 1 |1 1 4 1 1 7 12 6 8 1 8 1 1 1 1 1 |1 1 1 2 1 4 1 1 7 6 1 1 1 7 1 13 |1 1 1 1 1 5 1 1 1 1 1 1 12 1 12 6 |1 1 1 1 5 11 1 1 1 1 12 1 11 1 1 1 |1 10 10 1 8 1 1 8 1 4 1 10 1 1 1 9 |1 1 3 14 1 1 1 5 1 1 3 1 1 13 1 1 |1 1 1 1 3 7 9 11 2 1 1 1 2 1 5 11 |1 1 1 1 3 1 1 6 1 14 1 7 1 7 1 1 |8 1 1 1 4 1 1 17 4 4 11 1 1 1 9 1 |1 1 1 1 1 15 8 4 1 1 8 3 1 12 2 5 |
591: 1 1 1 1 8 8 8 7 1 1 1 5 1 3 8 1 |2 1 8 1 5 1 1 1 1 1 1 11 1 1 1 1 |1 1 4 1 1 7 12 6 8 1 8 1 1 1 1 1 |1 1 1 2 1 4 1 1 7 6 1 1 1 7 1 13 |1 1 1 1 1 5 1 1 1 1 1 1 12 1 12 6 |1 1 1 1 5 11 1 1 1 1 12 1 11 1 1 1 |1 10 10 1 8 1 1 8 1 4 1 10 1 1 1 9 |1 1 3 14 1 1 1 5 1 1 3 1 1 13 1 1 |1 1 1 1 3 7 9 11 2 1 1 1 2 1 5 11 |1 1 1 1 3 1 1 6 1 14 1 7 1 7 1 1 |8 1 1 1 4 1 1 17 4 4 11 1 1 1 9 1 |1 1 1 8 1 2 1 12 1 5 17 1 1 12 3 5 |
602: 1 1 1 1 8 9 1 8 1 1 1 1 1 5 6 1 |1 1 7 1 6 9 1 1 1 1 1 12 1 1 11 1 |1 1 4 1 1 7 12 6 8 1 8 1 1 1 1 1 |1 1 1 2 1 4 1 1 7 6 1 1 1 7 1 13 |1 1 1 1 1 5 1 1 1 1 1 1 12 1 12 6 |1 1 1 1 5 11 1 1 1 1 12 1 11 1 1 1 |1 10 10 1 8 1 1 8 1 4 1 10 1 1 1 9 |1 1 3 14 1 1 1 5 1 1 3 1 1 13 1 1 |1 1 1 1 3 7 9 11 2 1 1 1 2 1 5 11 |1 1 1 1 3 1 1 6 1 14 1 7 1 7 1 1 |8 1 1 1 4 1 1 17 4 4 11 1 1 1 9 1 |1 1 1 8 1 2 1 12 1 5 17 1 1 12 3 5 |
613: 1 1 1 1 8 9 1 8 1 1 1 1 1 5 6 1 |1 1 7 1 6 9 1 1 1 1 1 12 1 1 11 1 |1 1 9 1 1 1 12 1 4 1 1 7 1 1 1 2 |1 1 1 1 1 5 7 1 2 4 1 1 5 6 1 11 |1 1 1 1 1 7 1 1 1 1 1 1 11 1 9 10 |1 1 3 1 1 4 1 1 1 1 11 1 10 1 1 1 |1 5 4 1 1 1 1 10 1 3 1 11 1 1 1 1 |1 1 4 12 1 1 7 13 1 1 15 1 1 12 1 1 |1 1 1 1 1 13 4 1 1 8 10 1 1 1 1 1 |1 1 1 1 3 1 1 6 1 14 1 7 1 7 1 1 |8 1 1 1 4 1 1 17 4 4 11 1 1 1 9 1 |1 1 1 8 1 2 1 12 1 5 17 1 1 12 3 5 |
624: 1 1 1 1 8 9 1 8 1 1 1 1 1 5 6 1 |1 1 7 1 6 9 1 1 1 1 1 12 1 1 11 1 |1 1 9 1 1 1 12 1 4 1 1 7 1 1 1 2 |1 1 1 1 1 5 7 1 2 4 1 1 5 6 1 11 |1 1 1 1 1 7 1 1 1 1 1 1 11 1 9 10 |1 1 3 1 1 4 1 1 1 1 11 1 10 1 1 1 |1 5 4 1 1 1 1 10 1 3 1 11 1 1 1 1 |1 1 4 12 1 1 7 13 1 1 15 1 1 12 1 1 |1 1 1 1 1 13 4 1 1 8 10 1 1 1 1 1 |2 1 5 1 1 1 1 15 2 13 1 5 1 8 1 9 |1 1 1 1 1 1 1 17 1 1 11 1 1 1 4 1 |1 1 1 1 1 13 6 1 1 5 16 1 1 12 1 1 |
635: 1 1 1 1 8 9 1 8 1 1 1 1 1 5 6 1 |1 1 7 1 6 9 1 1 1 1 1 12 1 1 11 1 |1 1 9 1 1 1 12 1 4 1 1 7 1 1 1 2 |1 1 1 1 1 5 7 1 2 4 1 1 5 6 1 11 |1 1 1 1 1 7 1 1 1 1 1 1 11 1 9 10 |1 1 3 1 1 4 1 1 1 1 11 1 10 1 1 1 |1 5 4 1 1 1 1 10 1 3 1 11 1 1 1 1 |1 1 4 12 1 1 7 13 1 1 15 1 1 12 1 1 |1 1 1 1 1 13 4 1 1 8 10 1 1 1 1 1 |2 1 5 1 1 1 1 15 2 13 1 5 1 8 1 9 |1 1 1 1 1 1 1 17 1 1 11 1 1 1 4 1 |1 1 1 1 1 13 6 1 1 5 16 1 1 12 1 1 |
646: 1 1 1 1 1 1 6 1 1 1 1 1 1 1 1 1 |2 1 9 1 1 9 1 1 1 1 1 9 1 1 11 1 |1 1 9 1 1 1 5 1 4 1 1 1 1 1 1 1 |1 1 1 3 1 1 1 1 4 9 1 1 1 8 1 9 |1 1 1 1 1 12 6 1 1 1 1 1 10 2 8 5 |1 1 1 1 5 12 1 1 1 1 12 1 9 1 1 1 |1 5 8 1 4 1 1 7 1 5 9 2 1 1 1 1 |1 1 13 6 1 1 1 13 1 1 14 1 1 14 1 9 |1 1 1 1 1 13 4 1 1 8 10 1 1 1 1 1 |2 1 5 1 1 1 1 15 2 13 1 5 1 8 1 9 |1 1 1 1 1 1 1 17 1 1 11 1 1 1 4 1 |1 1 1 1 1 13 6 1 1 5 16 1 1 12 1 1 |
657: 1 1 1 1 1 1 6 1 1 1 1 1 1 1 1 1 |2 1 9 1 1 9 1 1 1 1 1 9 1 1 11 1 |1 1 9 1 1 1 5 1 4 1 1 1 1 1 1 1 |1 1 1 3 1 1 1 1 4 9 1 1 1 8 1 9 |1 1 1 1 1 12 6 1 1 1 1 1 10 2 8 5 |1 1 1 1 5 12 1 1 1 1 12 1 9 1 1 1 |1 5 8 1 4 1 1 7 1 5 9 2 1 1 1 1 |1 1 13 6 1 1 1 13 1 1 14 1 1 14 1 9 |2 1 1 1 11 14 1 4 1 1 1 9 1 1 1 1 |1 1 1 1 1 1 1 11 9 12 1 7 1 7 1 6 |1 1 1 1 1 1 1 14 1 1 1 1 1 1 1 1 |1 5 1 1 1 18 8 3 1 3 7 4 1 1 1 1 |
668: 1 1 1 1 1 1 6 1 1 1 1 1 1 1 1 1 |2 1 9 1 1 9 1 1 1 1 1 9 1 1 11 1 |1 1 9 1 1 1 5 1 4 1 1 1 1 1 1 1 |1 1 1 3 1 1 1 1 4 9 1 1 1 8 1 9 |1 1 1 1 1 12 6 1 1 1 1 1 10 2 8 5 |1 1 1 1 5 12 1 1 1 1 12 1 9 1 1 1 |1 5 8 1 4 1 1 7 1 5 9 2 1 1 1 1 |1 1 13 6 1 1 1 13 1 1 14 1 1 14 1 9 |2 1 1 1 11 14 1 4 1 1 1 9 1 1 1 1 |1 1 1 1 1 1 1 11 9 12 1 7 1 7 1 6 |1 1 1 1 1 1 1 14 1 1 1 1 1 1 1 1 |1 5 1 1 1 18 8 3 1 3 7 4 1 1 1 1 |
679: 1 1 1 2 1 7 2 14 1 1 1 2 1 1 8 1 |1 1 7 1 1 1 1 1 1 1 7 12 1 1 11 1 |1 1 1 1 1 8 13 8 4 1 7 7 1 1 1 2 |1 1 1 3 1 1 1 1 8 9 1 1 10 8 1 10 |1 9 1 1 1 3 1 1 1 1 1 1 13 1 14 6 |1 1 1 1 4 11 1 1 1 1 14 1 1 1 1 1 |1 5 8 1 1 1 1 7 1 5 10 2 1 1 1 1 |6 1 8 15 1 2 6 15 1 2 8 1 1 13 1 9 |2 1 1 1 11 14 1 4 1 1 1 9 1 1 1 1 |1 1 1 1 1 1 1 11 9 12 1 7 1 7 1 6 |1 1 1 1 1 1 1 14 1 1 1 1 1 1 1 1 |1 5 1 1 1 18 8 3 1 3 7 4 1 1 1 1 |
689: 1 1 1 2 1 7 2 14 1 1 1 2 1 1 8 1 |1 1 7 1 1 1 1 1 1 1 7 12 1 1 11 1 |1 1 1 1 1 8 13 8 4 1 7 7 1 1 1 2 |1 1 1 3 1 1 1 1 8 9 1 1 10 8 1 10 |1 9 1 1 1 3 1 1 1 1 1 1 13 1 14 6 |1 1 1 1 4 11 1 1 1 1 14 1 1 1 1 1 |1 5 8 1 1 1 1 7 1 5 10 2 1 1 1 1 |6 1 8 15 1 2 6 15 1 2 8 1 1 13 1 9 |1 1 1 1 3 15 10 10 2 1 10 8 1 2 1 9 |1 1 7 1 2 2 1 6 3 14 1 8 1 1 1 9 |8 1 1 1 5 1 1 16 5 7 11 1 1 1 9 1 |1 1 1 1 1 13 12 1 1 4 14 1 1 12 1 17 |
700: 1 1 1 2 1 7 2 14 1 1 1 2 1 1 8 1 |1 1 7 1 1 1 1 1 1 1 7 12 1 1 11 1 |1 1 1 1 1 8 13 8 4 1 7 7 1 1 1 2 |1 1 1 3 1 1 1 1 8 9 1 1 10 8 1 10 |1 9 1 1 1 3 1 1 1 1 1 1 13 1 14 6 |1 1 1 1 4 11 1 1 1 1 14 1 1 1 1 1 |1 5 8 1 1 1 1 7 1 5 10 2 1 1 1 1 |6 1 8 15 1 2 6 15 1 2 8 1 1 13 1 9 |1 1 1 1 3 15 10 10 2 1 10 8 1 2 1 9 |1 1 7 1 2 2 1 6 3 14 1 8 1 1 1 9 |8 1 1 1 5 1 1 16 5 7 11 1 1 1 9 1 |1 1 1 1 1 13 12 1 1 4 14 1 1 12 1 17 |
711: 1 1 1 1 8 1 1 1 1 1 1 1 1 1 6 1 |1 1 1 1 7 1 1 1 1 1 1 1 1 1 1 1 |1 1 7 1 1 1 10 9 5 1 7 6 1 1 1 1 |1 1 1 1 1 5 9 1 1 1 1 1 1 5 1 10 |1 1 1 1 1 9 9 1 1 1 1 1 10 1 14 7 |1 1 1 1 1 16 1 1 1 1 13 1 1 1 1 1 |1 4 10 2 1 1 1 1 1 4 1 9 1 1 1 2 |1 1 1 14 1 3 2 10 1 1 16 1 1 14 1 1 |1 1 1 1 3 15 10 10 2 1 10 8 1 2 1 9 |1 1 7 1 2 2 1 6 3 14 1 8 1 1 1 9 |8 1 1 1 5 1 1 16 5 7 11 1 1 1 9 1 |1 1 1 1 1 13 12 1 1 4 14 1 1 12 1 17 |
722: 1 1 1 1 8 1 1 1 1 1 1 1 1 1 6 1 |1 1 1 1 7 1 1 1 1 1 1 1 1 1 1 1 |1 1 7 1 1 1 10 9 5 1 7 6 1 1 1 1 |1 1 1 1 1 5 9 1 1 1 1 1 1 5 1 10 |1 1 1 1 1 9 9 1 1 1 1 1 10 1 14 7 |1 1 1 1 1 16 1 1 1 1 13 1 1 1 1 1 |1 4 10 2 1 1 1 1 1 4 1 9 1 1 1 2 |1 1 1 14 1 3 2 10 1 1 16 1 1 14 1 1 |1 1 1 1 1 1 11 4 1 1 10 7 11 1 2 1 |1 1 6 1 1 3 1 13 3 1 1 6 1 8 1 6 |7 1 2 1 1 1 1 7 1 1 1 1 1 1 1 1 |1 1 2 1 7 11 1 11 1 5 13 1 1 13 1 1 |
733: 1 1 1 1 8 1 1 1 1 1 1 1 1 1 6 1 |1 1 1 1 7 1 1 1 1 1 1 1 1 1 1 1 |1 1 7 1 1 1 10 9 5 1 7 6 1 1 1 1 |1 1 1 1 1 5 9 1 1 1 1 1 1 5 1 10 |1 1 1 1 1 9 9 1 1 1 1 1 10 1 14 7 |1 1 1 1 1 16 1 1 1 1 13 1 1 1 1 1 |1 4 10 2 1 1 1 1 1 4 1 9 1 1 1 2 |1 1 1 14 1 3 2 10 1 1 16 1 1 14 1 1 |1 1 1 1 1 1 11 4 1 1 10 7 11 1 2 1 |1 1 6 1 1 3 1 13 3 1 1 6 1 8 1 6 |7 1 2 1 1 1 1 7 1 1 1 1 1 1 1 1 |1 1 2 1 7 11 1 11 1 5 13 1 1 13 1 1 |
764: 1 1 1 1 6 8 9 5 1 1 1 1 1 2 7 1 |4 1 9 1 4 1 1 1 1 1 1 6 1 1 12 1 |1 1 8 1 2 8 13 9 6 1 1 7 1 1 1 1 |1 1 1 1 1 5 9 1 1 1 1 1 1 5 1 10 |1 1 1 1 1 9 9 1 1 1 1 1 10 1 14 7 |1 1 1 1 1 16 1 1 1 1 13 1 1 1 1 1 |1 4 10 2 1 1 1 1 1 4 1 9 1 1 1 2 |1 1 1 14 1 3 2 10 1 1 16 1 1 14 1 1 |1 1 1 1 1 1 11 4 1 1 10 7 11 1 2 1 |1 1 6 1 1 3 1 13 3 1 1 6 1 8 1 6 |7 1 2 1 1 1 1 7 1 1 1 1 1 1 1 1 |1 1 2 1 7 11 1 11 1 5 13 1 1 13 1 1 |
775: 1 1 1 1 6 8 9 5 1 1 1 1 1 2 7 1 |4 1 9 1 4 1 1 1 1 1 1 6 1 1 12 1 |1 1 8 1 2 8 13 9 6 1 1 7 1 1 1 1 |1 1 1 5 1 1 1 1 2 7 1 1 11 5 1 1 |1 1 1 1 1 10 2 1 1 1 1 1 10 1 14 6 |1 1 1 1 6 9 1 1 1 1 13 1 9 1 1 1 |1 3 9 1 1 1 1 4 1 1 1 12 1 1 1 1 |6 1 3 14 1 1 1 13 1 2 8 1 1 13 1 9 |1 1 1 1 11 15 8 9 6 1 1 10 1 1 3 1 |1 1 1 1 1 1 1 1 1 1 1 6 1 1 1 1 |1 1 1 10 1 1 1 14 1 2 1 3 1 2 1 1 |1 1 2 1 7 11 1 11 1 5 13 1 1 13 1 1 |
785: 1 1 1 1 6 8 9 5 1 1 1 1 1 2 7 1 |4 1 9 1 4 1 1 1 1 1 1 6 1 1 12 1 |1 1 8 1 2 8 13 9 6 1 1 7 1 1 1 1 |1 1 1 5 1 1 1 1 2 7 1 1 11 5 1 1 |1 1 1 1 1 10 2 1 1 1 1 1 10 1 14 6 |1 1 1 1 6 9 1 1 1 1 13 1 9 1 1 1 |1 3 9 1 1 1 1 4 1 1 1 12 1 1 1 1 |6 1 3 14 1 1 1 13 1 2 8 1 1 13 1 9 |1 1 1 1 11 15 8 9 6 1 1 10 1 1 3 1 |1 1 1 1 1 1 1 1 1 1 1 6 1 1 1 1 |1 1 1 10 1 1 1 14 1 2 1 3 1 2 1 1 |1 1 1 1 1 17 4 1 1 1 17 2 1 1 1 9 |
796: 4 1 1 1 1 8 11 5 1 1 1 1 1 1 9 1 |4 1 9 1 4 1 1 1 1 1 1 6 1 1 12 1 |1 1 8 1 2 8 13 9 6 1 1 7 1 1 1 1 |1 1 1 5 1 1 1 1 2 7 1 1 11 5 1 1 |1 1 1 1 1 10 2 1 1 1 1 1 10 1 14 6 |1 1 1 1 6 9 1 1 1 1 13 1 9 1 1 1 |1 3 9 1 1 1 1 4 1 1 1 12 1 1 1 1 |6 1 3 14 1 1 1 13 1 2 8 1 1 13 1 9 |1 1 1 1 11 15 8 9 6 1 1 10 1 1 3 1 |1 1 1 1 1 1 1 1 1 1 1 6 1 1 1 1 |1 1 1 10 1 1 1 14 1 2 1 3 1 2 1 1 |1 1 1 1 1 17 4 1 1 1 17 2 1 1 1 9 |
807: 4 1 1 1 1 8 11 5 1 1 1 1 1 1 9 1 |4 1 6 1 1 7 1 1 1 1 1 9 1 1 13 1 |1 1 12 1 1 8 4 8 6 1 1 1 1 1 1 1 |1 1 1 3 1 5 1 1 6 6 1 1 1 7 1 9 |1 1 1 1 2 9 7 1 1 1 1 1 11 1 11 7 |1 1 1 1 4 11 1 1 1 1 14 1 8 1 1 1 |1 4 8 1 1 1 4 1 1 1 1 12 1 6 1 1 |1 1 5 1 1 5 4 14 1 1 12 1 1 15 1 9 |1 6 1 1 13 15 7 5 2 8 7 1 12 1 8 4 |1 1 1 1 1 1 1 1 1 1 1 6 1 1 1 1 |1 1 1 10 1 1 1 14 1 2 1 3 1 2 1 1 |1 1 1 1 1 17 4 1 1 1 17 2 1 1 1 9 |
817: 4 1 1 1 1 8 11 5 1 1 1 1 1 1 9 1 |4 1 6 1 1 7 1 1 1 1 1 9 1 1 13 1 |1 1 12 1 1 8 4 8 6 1 1 1 1 1 1 1 |1 1 1 3 1 5 1 1 6 6 1 1 1 7 1 9 |1 1 1 1 2 9 7 1 1 1 1 1 11 1 11 7 |1 1 1 1 4 11 1 1 1 1 14 1 8 1 1 1 |1 4 8 1 1 1 4 1 1 1 1 12 1 6 1 1 |1 1 5 1 1 5 4 14 1 1 12 1 1 15 1 9 |1 6 1 1 13 15 7 5 2 8 7 1 12 1 8 4 |1 1 7 1 3 1 5 11 2 15 1 4 1 9 1 7 |1 1 1 5 1 1 1 14 6 1 6 1 1 1 1 1 |1 8 1 1 1 15 11 1 1 5 10 1 1 10 1 13 |
828: 1 1 1 7 6 7 9 1 1 1 1 3 1 2 3 1 |1 1 1 1 5 1 1 5 1 1 1 10 8 1 7 1 |1 1 12 1 1 8 4 8 6 1 1 1 1 1 1 1 |1 1 1 3 1 5 1 1 6 6 1 1 1 7 1 9 |1 1 1 1 2 9 7 1 1 1 1 1 11 1 11 7 |1 1 1 1 4 11 1 1 1 1 14 1 8 1 1 1 |1 4 8 1 1 1 4 1 1 1 1 12 1 6 1 1 |1 1 5 1 1 5 4 14 1 1 12 1 1 15 1 9 |1 6 1 1 13 15 7 5 2 8 7 1 12 1 8 4 |1 1 7 1 3 1 5 11 2 15 1 4 1 9 1 7 |1 1 1 5 1 1 1 14 6 1 6 1 1 1 1 1 |1 8 1 1 1 15 11 1 1 5 10 1 1 10 1 13 |
839: 1 1 1 7 6 7 9 1 1 1 1 3 1 2 3 1 |1 1 1 1 5 1 1 5 1 1 1 10 8 1 7 1 |1 1 8 1 1 9 4 6 6 1 1 7 1 1 1 1 |1 1 1 1 1 5 6 1 9 5 1 1 12 8 1 9 |1 1 1 1 1 9 1 1 1 1 1 1 11 1 13 7 |1 1 2 1 1 12 1 1 1 1 13 1 9 1 1 1 |1 1 1 1 1 1 1 9 1 1 1 12 1 1 1 1 |1 1 7 12 1 1 10 1 1 1 3 1 1 13 4 2 |1 1 1 3 11 9 8 12 2 6 5 1 13 1 1 1 |1 1 7 1 3 1 5 11 2 15 1 4 1 9 1 7 |1 1 1 5 1 1 1 14 6 1 6 1 1 1 1 1 |1 8 1 1 1 15 11 1 1 5 10 1 1 10 1 13 |
849: 1 1 1 7 6 7 9 1 1 1 1 3 1 2 3 1 |1 1 1 1 5 1 1 5 1 1 1 10 8 1 7 1 |1 1 8 1 1 9 4 6 6 1 1 7 1 1 1 1 |1 1 1 1 1 5 6 1 9 5 1 1 12 8 1 9 |1 1 1 1 1 9 1 1 1 1 1 1 11 1 13 7 |1 1 2 1 1 12 1 1 1 1 13 1 9 1 1 1 |1 1 1 1 1 1 1 9 1 1 1 12 1 1 1 1 |1 1 7 12 1 1 10 1 1 1 3 1 1 13 4 2 |1 1 1 3 11 9 8 12 2 6 5 1 13 1 1 1 |1 1 1 1 2 1 1 15 7 6 1 3 1 5 1 8 |1 1 1 1 1 1 1 13 7 2 10 1 1 1 8 1 |1 1 1 1 1 12 8 1 1 5 15 1 1 12 1 1 |
860: 1 1 1 7 6 7 9 1 1 1 1 3 1 2 3 1 |1 1 1 1 5 1 1 5 1 1 1 10 8 1 7 1 |1 1 8 1 1 9 4 6 6 1 1 7 1 1 1 1 |1 1 1 1 1 5 6 1 9 5 1 1 12 8 1 9 |1 1 1 1 1 9 1 1 1 1 1 1 11 1 13 7 |1 1 2 1 1 12 1 1 1 1 13 1 9 1 1 1 |1 1 1 1 1 1 1 9 1 1 1 12 1 1 1 1 |1 1 7 12 1 1 10 1 1 1 3 1 1 13 4 2 |1 1 1 3 11 9 8 12 2 6 5 1 13 1 1 1 |1 1 1 1 2 1 1 15 7 6 1 3 1 5 1 8 |1 1 1 1 1 1 1 13 7 2 10 1 1 1 8 1 |1 1 1 1 1 12 8 1 1 5 15 1 1 12 1 1 |
871: 1 1 1 8 1 1 1 13 1 1 1 1 1 1 4 4 |3 1 13 1 4 3 1 1 1 1 1 9 1 1 13 1 |1 1 5 1 1 7 1 7 6 1 1 6 1 1 1 1 |1 1 1 2 1 3 8 1 6 6 1 1 1 6 1 9 |1 1 1 1 1 10 11 1 1 1 1 1 11 1 15 5 |1 1 2 1 5 9 1 1 1 1 13 1 8 1 1 1 |1 1 1 1 1 1 1 9 1 1 1 12 1 1 1 1 |1 1 7 12 1 1 10 1 1 1 3 1 1 13 4 2 |1 1 1 3 11 9 8 12 2 6 5 1 13 1 1 1 |1 1 1 1 2 1 1 15 7 6 1 3 1 5 1 8 |1 1 1 1 1 1 1 13 7 2 10 1 1 1 8 1 |1 1 1 1 1 12 8 1 1 5 15 1 1 12 1 1 |
882: 1 1 1 8 1 1 1 13 1 1 1 1 1 1 4 4 |3 1 13 1 4 3 1 1 1 1 1 9 1 1 13 1 |1 1 5 1 1 7 1 7 6 1 1 6 1 1 1 1 |1 1 1 2 1 3 8 1 6 6 1 1 1 6 1 9 |1 1 1 1 1 10 11 1 1 1 1 1 11 1 15 5 |1 1 2 1 5 9 1 1 1 1 13 1 8 1 1 1 |1 3 1 1 1 1 1 8 1 1 1 10 1 1 1 1 |1 6 4 14 1 3 3 14 1 1 5 1 1 13 1 1 |1 1 1 1 2 3 4 10 1 10 7 1 11 1 1 1 |1 1 1 1 1 1 1 12 10 12 1 1 1 7 1 4 |1 1 1 7 1 1 1 13 4 3 1 1 1 1 1 1 |1 6 1 1 1 7 1 1 1 4 14 1 1 1 1 11 |
893: 1 1 1 8 1 1 1 13 1 1 1 1 1 1 4 4 |3 1 13 1 4 3 1 1 1 1 1 9 1 1 13 1 |1 1 5 1 1 7 1 7 6 1 1 6 1 1 1 1 |1 1 1 2 1 3 8 1 6 6 1 1 1 6 1 9 |1 1 1 1 1 10 11 1 1 1 1 1 11 1 15 5 |1 1 2 1 5 9 1 1 1 1 13 1 8 1 1 1 |1 3 1 1 1 1 1 8 1 1 1 10 1 1 1 1 |1 6 4 14 1 3 3 14 1 1 5 1 1 13 1 1 |1 1 1 1 2 3 4 10 1 10 7 1 11 1 1 1 |1 1 1 1 1 1 1 12 10 12 1 1 1 7 1 4 |1 1 1 7 1 1 1 13 4 3 1 1 1 1 1 1 |1 6 1 1 1 7 1 1 1 4 14 1 1 1 1 11 |
904: 3 1 1 8 2 6 2 1 1 1 1 1 1 1 7 1 |1 1 9 1 1 5 1 1 1 1 1 1 1 1 10 1 |1 1 1 1 1 6 1 5 4 1 1 6 1 1 1 2 |1 1 1 3 1 5 1 1 7 7 1 1 1 7 1 11 |1 1 1 1 1 10 9 1 1 1 1 1 11 1 6 7 |1 1 2 1 5 12 1 1 1 1 13 1 8 3 1 1 |1 3 1 1 1 1 1 8 1 1 1 10 1 1 1 1 |1 6 4 14 1 3 3 14 1 1 5 1 1 13 1 1 |1 1 1 1 2 3 4 10 1 10 7 1 11 1 1 1 |1 1 1 1 1 1 1 12 10 12 1 1 1 7 1 4 |1 1 1 7 1 1 1 13 4 3 1 1 1 1 1 1 |1 6 1 1 1 7 1 1 1 4 14 1 1 1 1 11 |
914: 3 1 1 8 2 6 2 1 1 1 1 1 1 1 7 1 |1 1 9 1 1 5 1 1 1 1 1 1 1 1 10 1 |1 1 1 1 1 6 1 5 4 1 1 6 1 1 1 2 |1 1 1 3 1 5 1 1 7 7 1 1 1 7 1 11 |1 1 1 1 1 10 9 1 1 1 1 1 11 1 6 7 |1 1 2 1 5 12 1 1 1 1 13 1 8 3 1 1 |1 5 8 1 7 1 1 9 1 1 10 4 1 1 1 2 |7 1 4 1 1 3 8 10 1 1 15 1 2 14 1 1 |1 1 1 1 12 13 11 5 1 7 6 1 1 1 1 1 |1 1 4 1 1 1 1 15 3 6 1 5 1 8 1 6 |1 1 1 6 1 1 1 15 4 5 11 2 1 1 9 1 |1 1 1 1 1 13 8 1 1 4 15 1 1 11 1 10 |
926: 3 1 1 8 2 6 2 1 1 1 1 1 1 1 7 1 |1 1 9 1 1 5 1 1 1 1 1 1 1 1 10 1 |1 1 1 1 1 6 1 5 4 1 1 6 1 1 1 2 |1 1 1 3 1 5 1 1 7 7 1 1 1 7 1 11 |1 1 1 1 1 10 9 1 1 1 1 1 11 1 6 7 |1 1 2 1 5 12 1 1 1 1 13 1 8 3 1 1 |1 5 8 1 7 1 1 9 1 1 10 4 1 1 1 2 |7 1 4 1 1 3 8 10 1 1 15 1 2 14 1 1 |1 1 1 1 12 13 11 5 1 7 6 1 1 1 1 1 |1 1 4 1 1 1 1 15 3 6 1 5 1 8 1 6 |1 1 1 6 1 1 1 15 4 5 11 2 1 1 9 1 |1 1 1 1 1 13 8 1 1 4 15 1 1 11 1 10 |
936: 1 1 1 9 4 9 10 4 1 1 1 5 1 4 1 1 |1 1 7 1 1 1 1 1 1 1 1 10 1 1 10 1 |1 1 9 1 3 8 1 7 7 1 2 9 1 1 1 1 |1 1 1 2 1 6 2 1 1 7 1 1 1 6 1 10 |1 1 1 1 1 8 17 1 1 1 1 1 9 1 11 2 |1 1 2 1 1 10 1 1 1 1 13 1 11 1 1 1 |1 5 8 1 7 1 1 9 1 1 10 4 1 1 1 2 |7 1 4 1 1 3 8 10 1 1 15 1 2 14 1 1 |1 1 1 1 12 13 11 5 1 7 6 1 1 1 1 1 |1 1 4 1 1 1 1 15 3 6 1 5 1 8 1 6 |1 1 1 6 1 1 1 15 4 5 11 2 1 1 9 1 |1 1 1 1 1 13 8 1 1 4 15 1 1 11 1 10 |
947: 1 1 1 9 4 9 10 4 1 1 1 5 1 4 1 1 |1 1 7 1 1 1 1 1 1 1 1 10 1 1 10 1 |1 1 9 1 3 8 1 7 7 1 2 9 1 1 1 1 |1 1 1 2 1 6 2 1 1 7 1 1 1 6 1 10 |1 1 1 1 1 8 17 1 1 1 1 1 9 1 11 2 |1 1 2 1 1 10 1 1 1 1 13 1 11 1 1 1 |1 14 8 1 7 1 1 1 1 1 1 12 1 1 1 6 |1 1 1 14 1 1 1 13 1 1 15 1 1 2 1 1 |1 1 1 1 3 13 9 4 1 7 6 1 1 1 8 3 |1 1 4 1 4 1 1 13 1 14 1 4 1 1 1 8 |4 1 1 1 1 1 1 2 5 3 10 9 1 1 9 1 |1 1 1 1 1 14 9 1 1 3 15 1 1 10 1 15 |
958: 1 1 1 9 4 9 10 4 1 1 1 5 1 4 1 1 |1 1 7 1 1 1 1 1 1 1 1 10 1 1 10 1 |1 1 9 1 3 8 1 7 7 1 2 9 1 1 1 1 |1 1 1 2 1 6 2 1 1 7 1 1 1 6 1 10 |1 1 1 1 1 8 17 1 1 1 1 1 9 1 11 2 |1 1 2 1 1 10 1 1 1 1 13 1 11 1 1 1 |1 14 8 1 7 1 1 1 1 1 1 12 1 1 1 6 |1 1 1 14 1 1 1 13 1 1 15 1 1 2 1 1 |1 1 1 1 3 13 9 4 1 7 6 1 1 1 8 3 |1 1 4 1 4 1 1 13 1 14 1 4 1 1 1 8 |4 1 1 1 1 1 1 2 5 3 10 9 1 1 9 1 |1 1 1 1 1 14 9 1 1 3 15 1 1 10 1 15 |
969: 1 1 1 10 1 6 10 6 1 1 1 1 1 1 7 1 |1 1 1 1 4 1 1 1 1 1 1 9 1 1 13 1 |1 1 6 1 1 6 1 9 1 1 1 5 1 1 1 1 |1 1 1 1 3 4 3 1 6 1 1 4 1 5 1 9 |1 1 1 1 5 10 8 1 1 1 1 1 10 1 12 1 |1 1 2 1 1 10 1 1 1 1 13 1 11 1 1 1 |1 14 8 1 7 1 1 1 1 1 1 12 1 1 1 6 |1 1 1 14 1 1 1 13 1 1 15 1 1 2 1 1 |1 1 1 1 3 13 9 4 1 7 6 1 1 1 8 3 |1 1 4 1 4 1 1 13 1 14 1 4 1 1 1 8 |4 1 1 1 1 1 1 2 5 3 10 9 1 1 9 1 |1 1 1 1 1 14 9 1 1 3 15 1 1 10 1 15 |
980: 1 1 1 10 1 6 10 6 1 1 1 1 1 1 7 1 |1 1 1 1 4 1 1 1 1 1 1 9 1 1 13 1 |1 1 6 1 1 6 1 9 1 1 1 5 1 1 1 1 |1 1 1 1 3 4 3 1 6 1 1 4 1 5 1 9 |1 1 1 1 5 10 8 1 1 1 1 1 10 1 12 1 |1 1 2 1 5 8 2 1 1 1 13 1 10 3 1 1 |1 10 8 1 1 1 1 8 1 1 1 13 1 1 1 1 |1 6 8 12 1 1 5 9 1 1 7 1 1 13 1 1 |1 1 1 1 1 1 1 10 3 1 1 1 1 1 3 5 |1 1 1 1 1 1 1 2 1 13 1 6 1 9 1 8 |7 1 1 4 1 1 1 14 7 10 5 2 1 1 1 1 |1 8 1 1 1 18 1 1 1 4 9 1 1 13 1 1 |
991: 1 1 1 10 1 6 10 6 1 1 1 1 1 1 7 1 |1 1 1 1 4 1 1 1 1 1 1 9 1 1 13 1 |1 1 6 1 1 6 1 9 1 1 1 5 1 1 1 1 |1 1 1 1 3 4 3 1 6 1 1 4 1 5 1 9 |1 1 1 1 5 10 8 1 1 1 1 1 10 1 12 1 |1 1 2 1 5 8 2 1 1 1 13 1 10 3 1 1 |1 10 8 1 1 1 1 8 1 1 1 13 1 1 1 1 |1 6 8 12 1 1 5 9 1 1 7 1 1 13 1 1 |1 1 1 1 1 1 1 10 3 1 1 1 1 1 3 5 |1 1 1 1 1 1 1 2 1 13 1 6 1 9 1 8 |7 1 1 4 1 1 1 14 7 10 5 2 1 1 1 1 |1 8 1 1 1 18 1 1 1 4 9 1 1 13 1 1 |
1003: 1 1 1 5 1 5 1 5 1 4 1 1 1 2 5 1 |1 1 9 1 8 6 1 1 1 1 6 12 4 1 10 1 |1 1 9 1 3 3 4 7 5 1 5 8 1 1 1 1 |1 1 1 3 1 4 13 1 7 1 1 1 1 9 1 11 |1 1 1 1 6 7 1 1 1 1 1 1 12 1 12 7 |1 6 1 1 6 4 1 5 1 1 13 1 10 1 1 1 |1 10 8 1 1 1 1 8 1 1 1 13 1 1 1 1 |1 6 8 12 1 1 5 9 1 1 7 1 1 13 1 1 |1 1 1 1 1 1 1 10 3 1 1 1 1 1 3 5 |1 1 1 1 1 1 1 2 1 13 1 6 1 9 1 8 |7 1 1 4 1 1 1 14 7 10 5 2 1 1 1 1 |1 8 1 1 1 18 1 1 1 4 9 1 1 13 1 1 |
1014: 1 1 1 5 1 5 1 5 1 4 1 1 1 2 5 1 |1 1 9 1 8 6 1 1 1 1 6 12 4 1 10 1 |1 1 9 1 3 3 4 7 5 1 5 8 1 1 1 1 |1 1 1 3 1 4 13 1 7 1 1 1 1 9 1 11 |1 1 1 1 6 7 1 1 1 1 1 1 12 1 12 7 |1 6 1 1 6 4 1 5 1 1 13 1 10 1 1 1 |1 5 9 1 1 1 1 8 1 1 1 10 1 1 1 1 |1 1 9 4 1 1 1 4 1 1 3 1 1 15 1 1 |1 1 1 1 12 7 11 5 1 1 1 1 1 1 7 5 |1 1 3 1 4 10 1 14 3 13 1 6 1 1 1 5 |8 1 1 1 1 1 1 15 4 3 12 4 1 1 3 2 |1 8 1 6 1 15 3 16 1 4 15 1 1 3 1 1 |
1025: 1 1 1 5 1 5 1 5 1 4 1 1 1 2 5 1 |1 1 9 1 8 6 1 1 1 1 6 12 4 1 10 1 |1 1 9 1 3 3 4 7 5 1 5 8 1 1 1 1 |1 1 1 3 1 4 13 1 7 1 1 1 1 9 1 11 |1 1 1 1 6 7 1 1 1 1 1 1 12 1 12 7 |1 6 1 1 6 4 1 5 1 1 13 1 10 1 1 1 |1 5 9 1 1 1 1 8 1 1 1 10 1 1 1 1 |1 1 9 4 1 1 1 4 1 1 3 1 1 15 1 1 |1 1 1 1 12 7 11 5 1 1 1 1 1 1 7 5 |1 1 3 1 4 10 1 14 3 13 1 6 1 1 1 5 |8 1 1 1 1 1 1 15 4 3 12 4 1 1 3 2 |1 8 1 6 1 15 3 16 1 4 15 1 1 3 1 1 |
1036: 1 1 1 6 7 1 1 2 1 1 1 6 1 1 6 1 |1 1 8 1 7 1 1 1 1 1 1 10 1 1 15 1 |1 1 6 1 1 7 1 6 1 1 2 7 1 1 1 1 |1 1 1 3 1 6 10 1 7 7 1 2 1 6 1 10 |1 1 1 1 5 1 1 1 1 1 1 1 10 1 14 6 |1 1 4 6 2 11 1 1 1 1 13 1 7 1 1 1 |1 5 9 1 1 1 1 8 1 1 1 10 1 1 1 1 |1 1 9 4 1 1 1 4 1 1 3 1 1 15 1 1 |1 1 1 1 12 7 11 5 1 1 1 1 1 1 7 5 |1 1 3 1 4 10 1 14 3 13 1 6 1 1 1 5 |8 1 1 1 1 1 1 15 4 3 12 4 1 1 3 2 |1 8 1 6 1 15 3 16 1 4 15 1 1 3 1 1 |
1047: 1 1 1 6 7 1 1 2 1 1 1 6 1 1 6 1 |1 1 8 1 7 1 1 1 1 1 1 10 1 1 15 1 |1 1 6 1 1 7 1 6 1 1 2 7 1 1 1 1 |1 1 1 3 1 6 10 1 7 7 1 2 1 6 1 10 |1 1 1 1 5 1 1 1 1 1 1 1 10 1 14 6 |1 1 4 6 2 11 1 1 1 1 13 1 7 1 1 1 |1 1 1 1 1 1 1 6 1 1 1 11 1 1 1 1 |6 1 3 15 1 10 1 13 1 1 10 1 1 2 1 10 |1 1 1 1 2 16 2 1 1 1 1 1 12 1 6 5 |1 1 5 1 1 1 1 2 1 14 1 6 1 7 1 5 |1 1 1 1 1 1 1 1 8 7 1 1 1 1 10 1 |1 1 1 7 1 15 11 1 1 2 11 1 1 12 1 1 |
1057: 1 1 1 6 7 1 1 2 1 1 1 6 1 1 6 1 |1 1 8 1 7 1 1 1 1 1 1 10 1 1 15 1 |1 1 6 1 1 7 1 6 1 1 2 7 1 1 1 1 |1 1 1 3 1 6 10 1 7 7 1 2 1 6 1 10 |1 1 1 1 5 1 1 1 1 1 1 1 10 1 14 6 |1 1 4 6 2 11 1 1 1 1 13 1 7 1 1 1 |1 1 1 1 1 1 1 6 1 1 1 11 1 1 1 1 |6 1 3 15 1 10 1 13 1 1 10 1 1 2 1 10 |1 1 1 1 2 16 2 1 1 1 1 1 12 1 6 5 |1 1 5 1 1 1 1 2 1 14 1 6 1 7 1 5 |1 1 1 1 1 1 1 1 8 7 1 1 1 1 10 1 |1 1 1 7 1 15 11 1 1 2 11 1 1 12 1 1 |
1069: 1 1 1 1 1 7 10 7 1 1 1 4 1 1 1 1 |1 1 9 1 1 4 1 1 1 1 1 7 1 1 13 1 |1 1 5 1 1 1 17 2 6 1 1 1 1 1 1 1 |1 1 1 1 1 2 8 1 5 8 1 1 1 7 1 8 |1 10 1 1 1 9 9 1 1 1 1 1 10 1 9 11 |1 1 1 1 5 1 1 1 1 1 13 1 10 1 1 1 |1 1 1 1 1 1 1 6 1 1 1 11 1 1 1 1 |6 1 3 15 1 10 1 13 1 1 10 1 1 2 1 10 |1 1 1 1 2 16 2 1 1 1 1 1 12 1 6 5 |1 1 5 1 1 1 1 2 1 14 1 6 1 7 1 5 |1 1 1 1 1 1 1 1 8 7 1 1 1 1 10 1 |1 1 1 7 1 15 11 1 1 2 11 1 1 12 1 1 |
1080: 1 1 1 1 1 7 10 7 1 1 1 4 1 1 1 1 |1 1 9 1 1 4 1 1 1 1 1 7 1 1 13 1 |1 1 5 1 1 1 17 2 6 1 1 1 1 1 1 1 |1 1 1 1 1 2 8 1 5 8 1 1 1 7 1 8 |1 10 1 1 1 9 9 1 1 1 1 1 10 1 9 11 |1 1 1 1 5 1 1 1 1 1 13 1 10 1 1 1 |1 4 9 6 4 1 1 8 1 1 1 11 1 1 1 1 |1 1 8 13 1 4 2 14 1 1 13 1 1 15 1 1 |1 1 1 1 3 24 10 5 2 1 1 1 12 1 7 1 |2 1 1 1 1 1 6 11 1 1 1 1 1 8 1 1 |1 1 1 1 1 1 1 1 1 1 8 1 1 1 9 1 |1 7 1 2 1 3 1 9 1 5 14 1 1 14 1 1 |
1091: 1 1 1 1 1 7 10 7 1 1 1 4 1 1 1 1 |1 1 9 1 1 4 1 1 1 1 1 7 1 1 13 1 |1 1 5 1 1 1 17 2 6 1 1 1 1 1 1 1 |1 1 1 1 1 2 8 1 5 8 1 1 1 7 1 8 |1 10 1 1 1 9 9 1 1 1 1 1 10 1 9 11 |1 1 1 1 5 1 1 1 1 1 13 1 10 1 1 1 |1 4 9 6 4 1 1 8 1 1 1 11 1 1 1 1 |1 1 8 13 1 4 2 14 1 1 13 1 1 15 1 1 |1 1 1 1 3 24 10 5 2 1 1 1 12 1 7 1 |2 1 1 1 1 1 6 11 1 1 1 1 1 8 1 1 |1 1 1 1 1 1 1 1 1 1 8 1 1 1 9 1 |1 7 1 2 1 3 1 9 1 5 14 1 1 14 1 1 |
1102: 1 1 1 6 4 2 1 1 1 2 1 1 1 1 8 1 |1 1 1 1 1 1 1 1 1 1 1 13 6 1 11 1 |1 1 6 1 1 8 4 7 1 1 1 7 1 1 1 2 |1 1 1 3 1 1 1 1 8 6 1 1 1 7 1 11 |1 1 1 1 1 7 1 1 1 1 1 1 11 1 13 8 |1 1 1 1 5 8 1 4 1 1 15 1 10 1 1 1 |1 4 7 1 1 1 1 9 1 1 1 12 1 1 1 2 |1 1 8 13 1 4 2 14 1 1 13 1 1 15 1 1 |1 1 1 1 3 24 10 5 2 1 1 1 12 1 7 1 |2 1 1 1 1 1 6 11 1 1 1 1 1 8 1 1 |1 1 1 1 1 1 1 1 1 1 8 1 1 1 9 1 |1 7 1 2 1 3 1 9 1 5 14 1 1 14 1 1 |
1113: 1 1 1 6 4 2 1 1 1 2 1 1 1 1 8 1 |1 1 1 1 1 1 1 1 1 1 1 13 6 1 11 1 |1 1 6 1 1 8 4 7 1 1 1 7 1 1 1 2 |1 1 1 3 1 1 1 1 8 6 1 1 1 7 1 11 |1 1 1 1 1 7 1 1 1 1 1 1 11 1 13 8 |1 1 1 1 5 8 1 4 1 1 15 1 10 1 1 1 |1 4 7 1 1 1 1 9 1 1 1 12 1 1 1 2 |1 1 1 6 1 3 4 14 1 3 10 1 1 14 1 1 |4 1 1 1 12 8 1 1 1 1 10 4 11 1 2 1 |2 1 4 1 1 8 1 13 1 13 1 5 1 5 1 9 |1 1 1 4 1 1 1 14 5 4 1 1 1 1 4 1 |1 1 1 1 1 13 13 15 1 1 7 1 1 14 1 11 |
1124: 1 1 1 6 4 2 1 1 1 2 1 1 1 1 8 1 |1 1 1 1 1 1 1 1 1 1 1 13 6 1 11 1 |1 1 6 1 1 8 4 7 1 1 1 7 1 1 1 2 |1 1 1 3 1 1 1 1 8 6 1 1 1 7 1 11 |1 1 1 1 1 7 1 1 1 1 1 1 11 1 13 8 |1 1 1 1 5 8 1 4 1 1 15 1 10 1 1 1 |1 4 7 1 1 1 1 9 1 1 1 12 1 1 1 2 |1 1 1 6 1 3 4 14 1 3 10 1 1 14 1 1 |4 1 1 1 12 8 1 1 1 1 10 4 11 1 2 1 |2 1 4 1 1 8 1 13 1 13 1 5 1 5 1 9 |1 1 1 4 1 1 1 14 5 4 1 1 1 1 4 1 |1 1 1 1 1 13 13 15 1 1 7 1 1 14 1 11 |
1135: 1 1 1 9 6 5 9 5 1 1 1 1 1 1 3 4 |1 1 7 1 7 1 1 1 1 1 1 1 1 2 8 1 |1 1 8 1 1 7 4 8 6 1 2 4 1 1 1 1 |1 1 1 3 1 5 3 1 1 9 1 1 1 7 1 10 |1 1 1 1 1 2 11 1 1 1 1 1 10 1 12 8 |1 1 1 1 4 11 1 1 1 1 13 1 10 1 1 1 |1 4 7 1 1 1 1 9 1 1 1 12 1 1 1 2 |1 1 1 6 1 3 4 14 1 3 10 1 1 14 1 1 |4 1 1 1 12 8 1 1 1 1 10 4 11 1 2 1 |2 1 4 1 1 8 1 13 1 13 1 5 1 5 1 9 |1 1 1 4 1 1 1 14 5 4 1 1 1 1 4 1 |1 1 1 1 1 13 13 15 1 1 7 1 1 14 1 11 |
1146: 1 1 1 9 6 5 9 5 1 1 1 1 1 1 3 4 |1 1 7 1 7 1 1 1 1 1 1 1 1 2 8 1 |1 1 8 1 1 7 4 8 6 1 2 4 1 1 1 1 |1 1 1 3 1 5 3 1 1 9 1 1 1 7 1 10 |1 1 1 1 1 2 11 1 1 1 1 1 10 1 12 8 |1 1 1 1 4 11 1 1 1 1 13 1 10 1 1 1 |1 10 8 1 1 1 1 8 1 1 1 12 1 1 1 1 |7 1 8 14 1 10 1 13 1 1 14 1 1 14 1 9 |1 1 1 1 12 14 9 5 3 1 1 1 1 1 7 3 |1 1 8 1 2 2 1 12 4 1 1 7 1 6 1 8 |7 1 1 1 1 1 1 12 6 3 1 1 1 1 7 1 |1 1 1 2 1 14 5 13 1 4 16 1 1 12 1 1 |
1157: 1 1 1 9 6 5 9 5 1 1 1 1 1 1 3 4 |1 1 7 1 7 1 1 1 1 1 1 1 1 2 8 1 |1 1 8 1 1 7 4 8 6 1 2 4 1 1 1 1 |1 1 1 3 1 5 3 1 1 9 1 1 1 7 1 10 |1 1 1 1 1 2 11 1 1 1 1 1 10 1 12 8 |1 1 1 1 4 11 1 1 1 1 13 1 10 1 1 1 |1 10 8 1 1 1 1 8 1 1 1 12 1 1 1 1 |7 1 8 14 1 10 1 13 1 1 14 1 1 14 1 9 |1 1 1 1 12 14 9 5 3 1 1 1 1 1 7 3 |1 1 8 1 2 2 1 12 4 1 1 7 1 6 1 8 |7 1 1 1 1 1 1 12 6 3 1 1 1 1 7 1 |1 1 1 2 1 14 5 13 1 4 16 1 1 12 1 1 |
1168: 1 1 1 1 1 1 7 7 1 1 1 1 1 1 1 1 |1 1 8 1 7 1 1 1 1 1 1 1 1 1 12 1 |1 1 7 1 1 2 6 7 6 1 1 7 1 1 1 1 |1 1 1 1 1 3 2 1 5 8 1 1 1 5 1 12 |1 1 1 1 1 7 10 1 1 1 1 1 13 1 14 6 |1 1 2 1 5 6 1 5 1 1 14 1 8 1 1 1 |1 10 8 1 1 1 1 8 1 1 1 12 1 1 1 1 |7 1 8 14 1 10 1 13 1 1 14 1 1 14 1 9 |1 1 1 1 12 14 9 5 3 1 1 1 1 1 7 3 |1 1 8 1 2 2 1 12 4 1 1 7 1 6 1 8 |7 1 1 1 1 1 1 12 6 3 1 1 1 1 7 1 |1 1 1 2 1 14 5 13 1 4 16 1 1 12 1 1 |
1179: 1 1 1 1 1 1 7 7 1 1 1 1 1 1 1 1 |1 1 8 1 7 1 1 1 1 1 1 1 1 1 12 1 |1 1 7 1 1 2 6 7 6 1 1 7 1 1 1 1 |1 1 1 1 1 3 2 1 5 8 1 1 1 5 1 12 |1 1 1 1 1 7 10 1 1 1 1 1 13 1 14 6 |1 1 2 1 5 6 1 5 1 1 14 1 8 1 1 1 |1 9 1 8 1 1 1 7 1 1 1 10 1 1 1 1 |6 1 8 14 1 1 1 13 1 2 8 1 1 11 1 1 |1 1 1 1 2 19 5 10 6 4 1 1 1 1 10 5 |2 1 11 1 3 1 1 12 2 1 1 4 1 8 1 1 |1 1 2 1 1 1 1 2 7 9 1 1 1 1 8 1 |1 4 1 8 1 17 7 9 1 3 9 1 1 14 1 1 |
1190: 1 1 1 1 1 1 7 7 1 1 1 1 1 1 1 1 |1 1 8 1 7 1 1 1 1 1 1 1 1 1 12 1 |1 1 7 1 1 2 6 7 6 1 1 7 1 1 1 1 |1 1 1 1 1 3 2 1 5 8 1 1 1 5 1 12 |1 1 1 1 1 7 10 1 1 1 1 1 13 1 14 6 |1 1 2 1 5 6 1 5 1 1 14 1 8 1 1 1 |1 9 1 8 1 1 1 7 1 1 1 10 1 1 1 1 |6 1 8 14 1 1 1 13 1 2 8 1 1 11 1 1 |1 1 1 1 2 19 5 10 6 4 1 1 1 1 10 5 |2 1 11 1 3 1 1 12 2 1 1 4 1 8 1 1 |1 1 2 1 1 1 1 2 7 9 1 1 1 1 8 1 |1 4 1 8 1 17 7 9 1 3 9 1 1 14 1 1 |
1201: 1 1 1 9 4 8 6 6 1 3 1 2 1 1 6 1 |1 1 8 1 5 4 1 1 1 1 1 10 1 1 12 1 |1 1 9 1 1 7 13 7 8 1 1 1 1 1 1 1 |1 1 1 1 1 1 1 1 7 8 1 1 1 4 1 12 |1 1 1 1 7 7 7 1 1 1 1 1 12 1 5 8 |1 1 2 1 6 9 1 1 1 1 13 1 12 1 1 1 |1 5 4 1 1 3 1 9 1 4 1 12 1 1 1 1 |6 1 8 14 1 1 1 13 1 2 8 1 1 11 1 1 |1 1 1 1 2 19 5 10 6 4 1 1 1 1 10 5 |2 1 11 1 3 1 1 12 2 1 1 4 1 8 1 1 |1 1 2 1 1 1 1 2 7 9 1 1 1 1 8 1 |1 4 1 8 1 17 7 9 1 3 9 1 1 14 1 1 |
1212: 1 1 1 9 4 8 6 6 1 3 1 2 1 1 6 1 |1 1 8 1 5 4 1 1 1 1 1 10 1 1 12 1 |1 1 9 1 1 7 13 7 8 1 1 1 1 1 1 1 |1 1 1 1 1 1 1 1 7 8 1 1 1 4 1 12 |1 1 1 1 7 7 7 1 1 1 1 1 12 1 5 8 |1 1 2 1 6 9 1 1 1 1 13 1 12 1 1 1 |1 5 4 1 1 3 1 9 1 4 1 12 1 1 1 1 |1 1 1 11 1 1 8 14 1 1 2 1 1 14 1 10 |1 1 1 1 11 14 9 12 2 1 1 1 12 1 9 3 |2 1 1 1 1 5 1 15 1 12 1 4 1 6 1 9 |1 1 1 14 1 1 1 15 4 5 5 1 1 1 8 1 |1 8 1 1 1 1 1 10 1 3 16 1 1 13 1 1 |
1223: 1 1 1 9 4 8 6 6 1 3 1 2 1 1 6 1 |1 1 8 1 5 4 1 1 1 1 1 10 1 1 12 1 |1 1 9 1 1 7 13 7 8 1 1 1 1 1 1 1 |1 1 1 1 1 1 1 1 7 8 1 1 1 4 1 12 |1 1 1 1 7 7 7 1 1 1 1 1 12 1 5 8 |1 1 2 1 6 9 1 1 1 1 13 1 12 1 1 1 |1 5 4 1 1 3 1 9 1 4 1 12 1 1 1 1 |1 1 1 11 1 1 8 14 1 1 2 1 1 14 1 10 |1 1 1 1 11 14 9 12 2 1 1 1 12 1 9 3 |2 1 1 1 1 5 1 15 1 12 1 4 1 6 1 9 |1 1 1 14 1 1 1 15 4 5 5 1 1 1 8 1 |1 8 1 1 1 1 1 10 1 3 16 1 1 13 1 1 |
1234: 1 1 1 6 6 8 7 6 1 1 1 1 1 3 6 1 |4 1 8 1 5 6 1 1 1 1 1 1 1 1 12 1 |1 1 2 1 1 8 4 6 1 1 1 8 1 1 1 1 |1 1 1 1 1 6 5 1 7 5 1 1 13 8 1 11 |1 10 1 1 1 7 1 1 1 1 1 1 11 1 14 6 |1 1 2 1 6 9 1 1 1 1 13 1 12 1 1 1 |1 5 4 1 1 3 1 9 1 4 1 12 1 1 1 1 |1 1 1 11 1 1 8 14 1 1 2 1 1 14 1 10 |1 1 1 1 11 14 9 12 2 1 1 1 12 1 9 3 |2 1 1 1 1 5 1 15 1 12 1 4 1 6 1 9 |1 1 1 14 1 1 1 15 4 5 5 1 1 1 8 1 |1 8 1 1 1 1 1 10 1 3 16 1 1 13 1 1 |
1244: 1 1 1 6 6 8 7 6 1 1 1 1 1 3 6 1 |4 1 8 1 5 6 1 1 1 1 1 1 1 1 12 1 |1 1 2 1 1 8 4 6 1 1 1 8 1 1 1 1 |1 1 1 1 1 6 5 1 7 5 1 1 13 8 1 11 |1 10 1 1 1 7 1 1 1 1 1 1 11 1 14 6 |1 1 1 1 7 9 1 4 1 1 13 1 11 1 2 1 |1 10 7 1 1 1 1 10 1 1 11 6 1 1 1 1 |6 1 3 15 1 11 3 15 1 1 15 1 1 15 1 1 |1 1 1 1 12 14 8 7 1 9 9 1 1 1 1 1 |1 1 1 1 3 3 1 5 1 13 1 6 1 5 1 1 |3 1 1 1 1 1 1 15 4 5 10 3 1 1 1 1 |1 1 1 1 1 15 12 1 1 3 18 1 1 3 1 10 |
1255: 1 1 1 6 6 8 7 6 1 1 1 1 1 3 6 1 |4 1 8 1 5 6 1 1 1 1 1 1 1 1 12 1 |1 1 2 1 1 8 4 6 1 1 1 8 1 1 1 1 |1 1 1 1 1 6 5 1 7 5 1 1 13 8 1 11 |1 10 1 1 1 7 1 1 1 1 1 1 11 1 14 6 |1 1 1 1 7 9 1 4 1 1 13 1 11 1 2 1 |1 10 7 1 1 1 1 10 1 1 11 6 1 1 1 1 |6 1 3 15 1 11 3 15 1 1 15 1 1 15 1 1 |1 1 1 1 12 14 8 7 1 9 9 1 1 1 1 1 |1 1 1 1 3 3 1 5 1 13 1 6 1 5 1 1 |3 1 1 1 1 1 1 15 4 5 10 3 1 1 1 1 |1 1 1 1 1 15 12 1 1 3 18 1 1 3 1 10 |
1266: 1 1 1 1 1 6 7 1 1 1 1 1 1 1 2 5 |2 1 7 1 5 1 1 1 1 1 1 1 1 1 1 1 |1 1 6 1 1 1 11 10 1 1 7 1 1 1 1 1 |1 1 1 9 1 1 1 1 7 5 1 1 1 6 1 10 |1 1 1 1 1 10 8 1 1 1 1 1 10 1 12 7 |1 1 1 1 7 9 1 4 1 1 13 1 11 1 2 1 |1 10 7 1 1 1 1 10 1 1 11 6 1 1 1 1 |6 1 3 15 1 11 3 15 1 1 15 1 1 15 1 1 |1 1 1 1 12 14 8 7 1 9 9 1 1 1 1 1 |1 1 1 1 3 3 1 5 1 13 1 6 1 5 1 1 |3 1 1 1 1 1 1 15 4 5 10 3 1 1 1 1 |1 1 1 1 1 15 12 1 1 3 18 1 1 3 1 10 |
1277: 1 1 1 1 1 6 7 1 1 1 1 1 1 1 2 5 |2 1 7 1 5 1 1 1 1 1 1 1 1 1 1 1 |1 1 6 1 1 1 11 10 1 1 7 1 1 1 1 1 |1 1 1 9 1 1 1 1 7 5 1 1 1 6 1 10 |1 1 1 1 1 10 8 1 1 1 1 1 10 1 12 7 |1 1 2 1 4 16 1 1 1 1 16 1 10 1 1 1 |1 11 6 1 1 1 1 8 1 1 1 12 1 1 1 1 |2 1 8 14 1 1 10 11 1 1 14 1 1 15 1 1 |1 1 1 1 1 12 11 5 1 1 1 1 11 1 8 2 |2 1 4 1 1 3 1 12 8 8 1 4 1 9 1 5 |7 1 3 1 1 1 1 1 1 2 1 1 1 1 2 1 |1 6 1 6 5 9 1 1 1 3 13 1 1 1 1 1 |
1288: 1 1 1 1 1 6 7 1 1 1 1 1 1 1 2 5 |2 1 7 1 5 1 1 1 1 1 1 1 1 1 1 1 |1 1 6 1 1 1 11 10 1 1 7 1 1 1 1 1 |1 1 1 9 1 1 1 1 7 5 1 1 1 6 1 10 |1 1 1 1 1 10 8 1 1 1 1 1 10 1 12 7 |1 1 2 1 4 16 1 1 1 1 16 1 10 1 1 1 |1 11 6 1 1 1 1 8 1 1 1 12 1 1 1 1 |2 1 8 14 1 1 10 11 1 1 14 1 1 15 1 1 |1 1 1 1 1 12 11 5 1 1 1 1 11 1 8 2 |2 1 4 1 1 3 1 12 8 8 1 4 1 9 1 5 |7 1 3 1 1 1 1 1 1 2 1 1 1 1 2 1 |1 6 1 6 5 9 1 1 1 3 13 1 1 1 1 1 |
1299: 1 1 1 8 6 1 1 1 1 1 1 1 1 1 1 1 |1 1 9 1 1 1 1 1 1 1 1 8 1 1 11 1 |1 1 9 1 1 7 4 1 4 1 1 7 1 1 1 1 |1 1 1 3 1 1 1 1 8 5 1 1 1 9 1 10 |1 1 1 1 1 10 8 1 1 1 1 1 10 1 12 7 |1 1 2 1 4 16 1 1 1 1 16 1 10 1 1 1 |1 11 6 1 1 1 1 8 1 1 1 12 1 1 1 1 |2 1 8 14 1 1 10 11 1 1 14 1 1 15 1 1 |1 1 1 1 1 12 11 5 1 1 1 1 11 1 8 2 |2 1 4 1 1 3 1 12 8 8 1 4 1 9 1 5 |7 1 3 1 1 1 1 1 1 2 1 1 1 1 2 1 |1 6 1 6 5 9 1 1 1 3 13 1 1 1 1 1 |
1309: 1 1 1 8 6 1 1 1 1 1 1 1 1 1 1 1 |1 1 9 1 1 1 1 1 1 1 1 8 1 1 11 1 |1 1 9 1 1 7 4 1 4 1 1 7 1 1 1 1 |1 1 1 3 1 1 1 1 8 5 1 1 1 9 1 10 |1 1 1 1 1 10 9 1 1 1 1 1 10 1 14 5 |1 1 2 1 4 11 1 1 1 1 12 1 1 1 1 1 |1 9 9 2 1 1 1 9 1 1 1 11 1 1 1 1 |9 1 12 13 1 1 1 14 1 1 14 1 1 13 1 9 |1 1 1 1 13 14 3 12 4 1 1 1 3 1 1 1 |1 1 5 1 3 3 1 11 8 13 1 6 1 8 1 3 |1 1 1 8 1 1 1 15 5 7 6 2 1 1 7 1 |1 1 2 1 1 17 6 5 1 1 5 4 1 11 1 1 |
1320: 1 1 1 8 6 1 1 1 1 1 1 1 1 1 1 1 |1 1 9 1 1 1 1 1 1 1 1 8 1 1 11 1 |1 1 9 1 1 7 4 1 4 1 1 7 1 1 1 1 |1 1 1 3 1 1 1 1 8 5 1 1 1 9 1 10 |1 1 1 1 1 10 9 1 1 1 1 1 10 1 14 5 |1 1 2 1 4 11 1 1 1 1 12 1 1 1 1 1 |1 9 9 2 1 1 1 9 1 1 1 11 1 1 1 1 |9 1 12 13 1 1 1 14 1 1 14 1 1 13 1 9 |1 1 1 1 13 14 3 12 4 1 1 1 3 1 1 1 |1 1 5 1 3 3 1 11 8 13 1 6 1 8 1 3 |1 1 1 8 1 1 1 15 5 7 6 2 1 1 7 1 |1 1 2 1 1 17 6 5 1 1 5 4 1 11 1 1 |
1331: 1 1 1 6 6 7 7 11 1 1 1 8 1 1 7 1 |1 1 9 1 4 3 1 1 1 1 1 10 1 1 11 1 |1 1 9 1 1 7 2 7 8 1 6 1 1 1 1 2 |1 1 1 2 1 5 7 1 7 5 1 1 14 6 1 11 |1 1 1 1 1 10 9 1 1 1 1 1 10 1 14 5 |1 1 2 1 4 11 1 1 1 1 12 1 1 1 1 1 |1 9 9 2 1 1 1 9 1 1 1 11 1 1 1 1 |9 1 12 13 1 1 1 14 1 1 14 1 1 13 1 9 |1 1 1 1 13 14 3 12 4 1 1 1 3 1 1 1 |1 1 5 1 3 3 1 11 8 13 1 6 1 8 1 3 |1 1 1 8 1 1 1 15 5 7 6 2 1 1 7 1 |1 1 2 1 1 17 6 5 1 1 5 4 1 11 1 1 |
1342: 1 1 1 6 6 7 7 11 1 1 1 8 1 1 7 1 |1 1 9 1 4 3 1 1 1 1 1 10 1 1 11 1 |1 1 9 1 1 7 2 7 8 1 6 1 1 1 1 2 |1 1 1 2 1 5 7 1 7 5 1 1 14 6 1 11 |1 1 1 1 7 8 1 1 1 1 1 1 9 1 13 11 |1 1 1 1 5 9 1 5 1 1 14 1 9 1 1 1 |1 5 9 1 1 1 1 9 1 2 1 9 1 1 1 9 |6 1 6 12 1 1 1 15 1 1 1 1 1 14 1 1 |1 1 1 1 13 13 5 11 2 8 5 1 1 1 2 1 |2 1 1 1 4 1 1 9 4 7 1 8 1 9 1 5 |2 1 4 2 1 1 1 14 5 4 1 1 1 1 8 1 |1 1 1 3 1 17 12 1 1 6 13 1 1 11 1 1 |
1353: 1 1 1 6 6 7 7 11 1 1 1 8 1 1 7 1 |1 1 9 1 4 3 1 1 1 1 1 10 1 1 11 1 |1 1 9 1 1 7 2 7 8 1 6 1 1 1 1 2 |1 1 1 2 1 5 7 1 7 5 1 1 14 6 1 11 |1 1 1 1 7 8 1 1 1 1 1 1 9 1 13 11 |1 1 1 1 5 9 1 5 1 1 14 1 9 1 1 1 |1 5 9 1 1 1 1 9 1 2 1 9 1 1 1 9 |6 1 6 12 1 1 1 15 1 1 1 1 1 14 1 1 |1 1 1 1 13 13 5 11 2 8 5 1 1 1 2 1 |2 1 1 1 4 1 1 9 4 7 1 8 1 9 1 5 |2 1 4 2 1 1 1 14 5 4 1 1 1 1 8 1 |1 1 1 3 1 17 12 1 1 6 13 1 1 11 1 1 |
1364: 1 1 1 1 1 8 1 5 1 1 1 3 1 1 1 1 |1 1 7 1 7 1 1 1 1 1 1 1 1 1 11 1 |1 1 8 1 1 1 12 6 6 1 1 1 1 1 1 2 |1 1 1 2 1 5 7 1 7 5 1 1 14 6 1 11 |1 1 1 1 7 8 1 1 1 1 1 1 9 1 13 11 |1 1 1 1 5 9 1 5 1 1 14 1 9 1 1 1 |1 5 9 1 1 1 1 9 1 2 1 9 1 1 1 9 |6 1 6 12 1 1 1 15 1 1 1 1 1 14 1 1 |1 1 1 1 13 13 5 11 2 8 5 1 1 1 2 1 |2 1 1 1 4 1 1 9 4 7 1 8 1 9 1 5 |2 1 4 2 1 1 1 14 5 4 1 1 1 1 8 1 |1 1 1 3 1 17 12 1 1 6 13 1 1 11 1 1 |
1374: 1 1 1 1 1 8 1 5 1 1 1 3 1 1 1 1 |1 1 7 1 7 1 1 1 1 1 1 1 1 1 11 1 |1 1 8 1 1 1 12 6 6 1 1 1 1 1 1 2 |1 1 1 1 1 5 7 1 5 7 1 1 1 7 1 7 |1 1 1 1 6 6 9 1 1 1 1 1 12 1 13 7 |1 1 1 1 6 7 1 5 1 1 13 1 9 1 1 1 |1 4 3 1 1 1 1 8 1 5 2 11 1 1 1 1 |12 1 1 14 1 4 5 14 1 2 7 1 1 15 1 1 |1 1 1 1 1 1 11 6 1 11 7 1 1 1 2 1 |4 1 9 1 1 1 1 15 7 15 1 1 1 5 1 7 |1 1 1 1 1 1 1 2 6 5 1 1 1 1 9 1 |1 4 1 1 1 12 1 1 1 3 18 1 3 6 1 11 |
1385: 1 1 1 1 1 8 1 5 1 1 1 3 1 1 1 1 |1 1 7 1 7 1 1 1 1 1 1 1 1 1 11 1 |1 1 8 1 1 1 12 6 6 1 1 1 1 1 1 2 |1 1 1 1 1 5 7 1 5 7 1 1 1 7 1 7 |1 1 1 1 6 6 9 1 1 1 1 1 12 1 13 7 |1 1 1 1 6 7 1 5 1 1 13 1 9 1 1 1 |1 4 3 1 1 1 1 8 1 5 2 11 1 1 1 1 |12 1 1 14 1 4 5 14 1 2 7 1 1 15 1 1 |1 1 1 1 1 1 11 6 1 11 7 1 1 1 2 1 |4 1 9 1 1 1 1 15 7 15 1 1 1 5 1 7 |1 1 1 1 1 1 1 2 6 5 1 1 1 1 9 1 |1 4 1 1 1 12 1 1 1 3 18 1 3 6 1 11 |
1396: 1 1 1 9 1 5 4 8 1 1 1 6 1 1 1 1 |1 1 7 1 7 1 1 1 1 1 1 1 1 1 11 1 |1 1 8 1 1 1 12 6 6 1 1 1 1 1 1 2 |1 1 1 1 1 5 7 1 5 7 1 1 1 7 1 7 |1 1 1 1 6 6 9 1 1 1 1 1 12 1 13 7 |1 1 1 1 6 7 1 5 1 1 13 1 9 1 1 1 |1 4 3 1 1 1 1 8 1 5 2 11 1 1 1 1 |12 1 1 14 1 4 5 14 1 2 7 1 1 15 1 1 |1 1 1 1 1 1 11 6 1 11 7 1 1 1 2 1 |4 1 9 1 1 1 1 15 7 15 1 1 1 5 1 7 |1 1 1 1 1 1 1 2 6 5 1 1 1 1 9 1 |1 4 1 1 1 12 1 1 1 3 18 1 3 6 1 11 |
1407: 1 1 1 9 1 5 4 8 1 1 1 6 1 1 1 1 |1 1 8 1 1 1 1 1 1 1 1 10 1 1 12 1 |1 1 6 1 1 6 3 7 4 1 9 7 1 1 1 1 |1 1 1 1 1 1 1 1 3 5 1 1 1 7 1 12 |1 1 1 1 1 7 8 1 1 1 1 1 11 1 13 7 |1 1 2 1 5 11 1 1 1 1 11 1 9 1 1 1 |1 5 8 1 7 1 1 10 1 1 1 11 1 1 1 2 |1 1 1 1 1 1 1 4 1 1 16 1 1 14 1 10 |1 1 1 1 13 14 1 5 1 7 10 1 1 1 2 1 |3 1 1 1 1 2 1 13 7 15 1 5 1 1 1 6 |1 1 1 1 1 1 1 2 6 5 1 1 1 1 9 1 |1 4 1 1 1 12 1 1 1 3 18 1 3 6 1 11 |
1417: 1 1 1 9 1 5 4 8 1 1 1 6 1 1 1 1 |1 1 8 1 1 1 1 1 1 1 1 10 1 1 12 1 |1 1 6 1 1 6 3 7 4 1 9 7 1 1 1 1 |1 1 1 1 1 1 1 1 3 5 1 1 1 7 1 12 |1 1 1 1 1 7 8 1 1 1 1 1 11 1 13 7 |1 1 2 1 5 11 1 1 1 1 11 1 9 1 1 1 |1 5 8 1 7 1 1 10 1 1 1 11 1 1 1 2 |1 1 1 1 1 1 1 4 1 1 16 1 1 14 1 10 |1 1 1 1 13 14 1 5 1 7 10 1 1 1 2 1 |3 1 1 1 1 2 1 13 7 15 1 5 1 1 1 6 |6 1 2 1 1 1 1 12 7 8 9 4 1 1 4 1 |1 1 1 7 1 7 5 2 1 5 10 1 1 13 1 2 |
1428: 1 2 1 7 7 1 9 14 1 1 1 4 1 1 2 1 |1 1 7 1 7 1 1 1 1 1 1 14 1 1 11 1 |1 1 2 1 1 1 4 7 1 1 10 6 1 1 1 1 |1 1 1 1 1 1 1 1 3 5 1 1 1 7 1 12 |1 1 1 1 1 7 8 1 1 1 1 1 11 1 13 7 |1 1 2 1 5 11 1 1 1 1 11 1 9 1 1 1 |1 5 8 1 7 1 1 10 1 1 1 11 1 1 1 2 |1 1 1 1 1 1 1 4 1 1 16 1 1 14 1 10 |1 1 1 1 13 14 1 5 1 7 10 1 1 1 2 1 |3 1 1 1 1 2 1 13 7 15 1 5 1 1 1 6 |6 1 2 1 1 1 1 12 7 8 9 4 1 1 4 1 |1 1 1 7 1 7 5 2 1 5 10 1 1 13 1 2 |
1440: 1 2 1 7 7 1 9 14 1 1 1 4 1 1 2 1 |1 1 7 1 7 1 1 1 1 1 1 14 1 1 11 1 |1 1 2 1 1 1 4 7 1 1 10 6 1 1 1 1 |1 1 1 4 1 3 7 1 6 6 1 1 11 6 1 10 |1 1 1 1 1 14 8 1 1 1 1 1 12 1 12 11 |1 1 1 1 4 10 1 1 1 1 13 1 8 1 3 1 |2 5 8 1 1 1 1 5 1 1 10 3 1 1 1 1 |1 1 1 1 1 1 7 8 1 1 7 1 1 13 1 1 |1 1 1 1 2 9 8 4 1 3 6 1 13 1 7 5 |1 1 6 1 2 2 1 1 1 14 1 1 1 5 1 8 |1 1 1 1 1 1 1 14 5 1 12 5 1 1 1 1 |1 1 1 7 1 7 5 2 1 5 10 1 1 13 1 2 |
1450: 1 2 1 7 7 1 9 14 1 1 1 4 1 1 2 1 |1 1 7 1 7 1 1 1 1 1 1 14 1 1 11 1 |1 1 2 1 1 1 4 7 1 1 10 6 1 1 1 1 |1 1 1 4 1 3 7 1 6 6 1 1 11 6 1 10 |1 1 1 1 1 14 8 1 1 1 1 1 12 1 12 11 |1 1 1 1 4 10 1 1 1 1 13 1 8 1 3 1 |2 5 8 1 1 1 1 5 1 1 10 3 1 1 1 1 |1 1 1 1 1 1 7 8 1 1 7 1 1 13 1 1 |1 1 1 1 2 9 8 4 1 3 6 1 13 1 7 5 |1 1 6 1 2 2 1 1 1 14 1 1 1 5 1 8 |1 1 1 1 1 1 1 14 5 1 12 5 1 1 1 1 |1 1 1 1 1 13 6 13 1 4 17 1 1 13 1 1 |
1461: 2 1 1 1 7 6 7 6 1 1 1 1 1 1 1 1 |1 1 7 1 7 1 1 1 1 1 1 14 1 1 11 1 |1 1 2 1 1 1 4 7 1 1 10 6 1 1 1 1 |1 1 1 4 1 3 7 1 6 6 1 1 11 6 1 10 |1 1 1 1 1 14 8 1 1 1 1 1 12 1 12 11 |1 1 1 1 4 10 1 1 1 1 13 1 8 1 3 1 |2 5 8 1 1 1 1 5 1 1 10 3 1 1 1 1 |1 1 1 1 1 1 7 8 1 1 7 1 1 13 1 1 |1 1 1 1 2 9 8 4 1 3 6 1 13 1 7 5 |1 1 6 1 2 2 1 1 1 14 1 1 1 5 1 8 |1 1 1 1 1 1 1 14 5 1 12 5 1 1 1 1 |1 1 1 1 1 13 6 13 1 4 17 1 1 13 1 1 |
1472: 2 1 1 1 7 6 7 6 1 1 1 1 1 1 1 1 |1 1 7 1 3 1 1 1 1 1 1 10 1 1 15 1 |1 1 7 1 1 1 12 7 4 1 2 8 1 1 1 2 |1 1 1 1 1 6 7 1 8 1 1 1 1 8 1 9 |1 1 1 1 1 11 7 1 1 1 1 1 12 1 7 12 |1 1 1 1 1 18 1 1 1 1 11 1 10 1 1 1 |1 5 5 1 1 1 1 9 1 1 1 13 1 1 1 2 |1 1 1 14 1 4 2 11 1 1 14 1 5 14 1 1 |1 1 1 1 1 14 8 5 1 8 8 1 1 1 1 1 |1 1 6 1 2 2 1 1 1 14 1 1 1 5 1 8 |1 1 1 1 1 1 1 14 5 1 12 5 1 1 1 1 |1 1 1 1 1 13 6 13 1 4 17 1 1 13 1 1 |
1482: 2 1 1 1 7 6 7 6 1 1 1 1 1 1 1 1 |1 1 7 1 3 1 1 1 1 1 1 10 1 1 15 1 |1 1 7 1 1 1 12 7 4 1 2 8 1 1 1 2 |1 1 1 1 1 6 7 1 8 1 1 1 1 8 1 9 |1 1 1 1 1 11 7 1 1 1 1 1 12 1 7 12 |1 1 1 1 1 18 1 1 1 1 11 1 10 1 1 1 |1 5 5 1 1 1 1 9 1 1 1 13 1 1 1 2 |1 1 1 14 1 4 2 11 1 1 14 1 5 14 1 1 |1 1 1 1 1 14 8 5 1 8 8 1 1 1 1 1 |2 1 1 1 1 1 1 14 2 14 1 4 1 8 1 8 |1 1 1 12 2 1 1 15 1 1 2 3 1 1 1 1 |1 1 1 1 1 15 9 11 1 5 19 1 1 11 1 1 |
1493: 2 1 1 1 7 6 7 6 1 1 1 1 1 1 1 1 |1 1 7 1 3 1 1 1 1 1 1 10 1 1 15 1 |1 1 7 1 1 1 12 7 4 1 2 8 1 1 1 2 |1 1 1 1 1 6 7 1 8 1 1 1 1 8 1 9 |1 1 1 1 1 11 7 1 1 1 1 1 12 1 7 12 |1 1 1 1 1 18 1 1 1 1 11 1 10 1 1 1 |1 5 5 1 1 1 1 9 1 1 1 13 1 1 1 2 |1 1 1 14 1 4 2 11 1 1 14 1 5 14 1 1 |1 1 1 1 1 14 8 5 1 8 8 1 1 1 1 1 |2 1 1 1 1 1 1 14 2 14 1 4 1 8 1 8 |1 1 1 12 2 1 1 15 1 1 2 3 1 1 1 1 |1 1 1 1 1 15 9 11 1 5 19 1 1 11 1 1 |
1523: 1 1 1 5 6 8 8 2 1 4 1 1 1 1 6 1 |5 1 7 1 6 3 1 1 1 1 1 11 1 2 11 1 |1 1 7 1 1 1 12 7 4 1 2 8 1 1 1 2 |1 1 1 1 1 6 7 1 8 1 1 1 1 8 1 9 |1 1 1 1 1 11 7 1 1 1 1 1 12 1 7 12 |1 1 1 1 1 18 1 1 1 1 11 1 10 1 1 1 |1 5 5 1 1 1 1 9 1 1 1 13 1 1 1 2 |1 1 1 14 1 4 2 11 1 1 14 1 5 14 1 1 |1 1 1 1 1 14 8 5 1 8 8 1 1 1 1 1 |2 1 1 1 1 1 1 14 2 14 1 4 1 8 1 8 |1 1 1 12 2 1 1 15 1 1 2 3 1 1 1 1 |1 1 1 1 1 15 9 11 1 5 19 1 1 11 1 1 |
1534: 1 1 1 5 6 8 8 2 1 4 1 1 1 1 6 1 |5 1 7 1 6 3 1 1 1 1 1 11 1 2 11 1 |1 1 8 1 1 8 12 4 6 1 1 9 1 1 1 2 |1 1 1 5 1 1 9 1 3 8 1 1 10 8 1 11 |1 1 1 1 4 9 9 1 1 1 1 1 1 1 14 11 |1 1 1 1 7 8 1 1 1 1 13 1 1 1 1 1 |1 5 9 2 1 1 1 4 1 1 1 12 1 1 1 1 |1 1 14 13 1 1 1 13 1 2 9 1 1 13 1 1 |1 1 1 1 12 8 10 8 7 1 1 12 1 1 6 10 |2 1 1 1 1 1 1 14 2 14 1 4 1 8 1 8 |1 1 1 12 2 1 1 15 1 1 2 3 1 1 1 1 |1 1 1 1 1 15 9 11 1 5 19 1 1 11 1 1 |
1545: 1 1 1 5 6 8 8 2 1 4 1 1 1 1 6 1 |5 1 7 1 6 3 1 1 1 1 1 11 1 2 11 1 |1 1 8 1 1 8 12 4 6 1 1 9 1 1 1 2 |1 1 1 5 1 1 9 1 3 8 1 1 10 8 1 11 |1 1 1 1 4 9 9 1 1 1 1 1 1 1 14 11 |1 1 1 1 7 8 1 1 1 1 13 1 1 1 1 1 |1 5 9 2 1 1 1 4 1 1 1 12 1 1 1 1 |1 1 14 13 1 1 1 13 1 2 9 1 1 13 1 1 |1 1 1 1 12 8 10 8 7 1 1 12 1 1 6 10 |1 1 6 1 1 1 3 1 1 13 1 4 1 6 1 6 |1 1 1 2 1 1 1 8 2 1 1 1 2 1 8 1 |2 1 1 1 1 16 6 1 1 3 11 1 1 1 2 1 |
1555: 1 1 1 5 6 8 8 2 1 4 1 1 1 1 6 1 |5 1 7 1 6 3 1 1 1 1 1 11 1 2 11 1 |1 1 8 1 1 8 12 4 6 1 1 9 1 1 1 2 |1 1 1 5 1 1 9 1 3 8 1 1 10 8 1 11 |1 1 1 1 4 9 9 1 1 1 1 1 1 1 14 11 |1 1 1 1 7 8 1 1 1 1 13 1 1 1 1 1 |1 5 9 2 1 1 1 4 1 1 1 12 1 1 1 1 |1 1 14 13 1 1 1 13 1 2 9 1 1 13 1 1 |1 1 1 1 12 8 10 8 7 1 1 12 1 1 6 10 |1 1 6 1 1 1 3 1 1 13 1 4 1 6 1 6 |1 1 1 2 1 1 1 8 2 1 1 1 2 1 8 1 |2 1 1 1 1 16 6 1 1 3 11 1 1 1 2 1 |
1566: 1 1 1 10 7 6 2 12 1 1 1 1 1 1 5 4 |1 1 7 1 1 10 1 1 1 1 1 11 1 1 11 1 |1 1 1 1 1 8 2 7 1 1 7 1 1 1 1 2 |1 1 1 3 1 1 1 10 8 6 1 1 1 6 1 11 |1 1 1 1 1 6 10 1 1 1 1 1 12 1 14 7 |1 1 10 1 5 12 1 5 1 1 16 1 9 1 1 1 |1 5 7 1 1 1 1 10 1 1 1 10 1 1 1 1 |1 1 14 13 1 1 1 13 1 2 9 1 1 13 1 1 |1 1 1 1 12 8 10 8 7 1 1 12 1 1 6 10 |1 1 6 1 1 1 3 1 1 13 1 4 1 6 1 6 |1 1 1 2 1 1 1 8 2 1 1 1 2 1 8 1 |2 1 1 1 1 16 6 1 1 3 11 1 1 1 2 1 |
1577: 1 1 1 10 7 6 2 12 1 1 1 1 1 1 5 4 |1 1 7 1 1 10 1 1 1 1 1 11 1 1 11 1 |1 1 1 1 1 8 2 7 1 1 7 1 1 1 1 2 |1 1 1 3 1 1 1 10 8 6 1 1 1 6 1 11 |1 1 1 1 1 6 10 1 1 1 1 1 12 1 14 7 |1 1 10 1 5 12 1 5 1 1 16 1 9 1 1 1 |1 5 7 1 1 1 1 10 1 1 1 10 1 1 1 1 |7 1 5 1 1 1 1 15 1 3 9 1 1 15 1 1 |1 1 1 1 1 17 10 10 1 1 1 1 10 1 9 2 |3 1 3 1 2 1 1 16 3 12 1 6 1 11 1 1 |7 1 2 1 1 2 1 14 5 3 1 1 1 1 1 1 |1 1 1 1 1 10 12 5 1 4 14 1 1 14 1 1 |
1587: 1 1 1 10 7 6 2 12 1 1 1 1 1 1 5 4 |1 1 7 1 1 10 1 1 1 1 1 11 1 1 11 1 |1 1 1 1 1 8 2 7 1 1 7 1 1 1 1 2 |1 1 1 3 1 1 1 10 8 6 1 1 1 6 1 11 |1 1 1 1 1 6 10 1 1 1 1 1 12 1 14 7 |1 1 10 1 5 12 1 5 1 1 16 1 9 1 1 1 |1 5 7 1 1 1 1 10 1 1 1 10 1 1 1 1 |7 1 5 1 1 1 1 15 1 3 9 1 1 15 1 1 |1 1 1 1 1 17 10 10 1 1 1 1 10 1 9 2 |3 1 3 1 2 1 1 16 3 12 1 6 1 11 1 1 |7 1 2 1 1 2 1 14 5 3 1 1 1 1 1 1 |1 1 1 1 1 10 12 5 1 4 14 1 1 14 1 1 |
1598: 2 1 1 1 8 6 6 1 1 1 1 3 1 1 5 1 |15 1 9 1 5 1 1 1 1 1 1 11 1 1 11 1 |1 1 7 1 1 1 4 9 5 1 1 8 1 1 1 2 |1 1 1 4 1 1 1 1 6 8 1 1 1 4 1 9 |1 1 1 1 1 7 1 1 1 1 1 1 9 1 15 11 |1 1 1 1 1 11 1 1 1 1 12 1 8 1 1 1 |1 5 7 1 1 1 1 10 1 1 1 10 1 1 1 1 |7 1 5 1 1 1 1 15 1 3 9 1 1 15 1 1 |1 1 1 1 1 17 10 10 1 1 1 1 10 1 9 2 |3 1 3 1 2 1 1 16 3 12 1 6 1 11 1 1 |7 1 2 1 1 2 1 14 5 3 1 1 1 1 1 1 |1 1 1 1 1 10 12 5 1 4 14 1 1 14 1 1 |
1608: 2 1 1 1 8 6 6 1 1 1 1 3 1 1 5 1 |15 1 9 1 5 1 1 1 1 1 1 11 1 1 11 1 |1 1 7 1 1 1 4 9 5 1 1 8 1 1 1 2 |1 1 1 4 1 1 1 1 6 8 1 1 1 4 1 9 |1 1 1 1 1 7 1 1 1 1 1 1 9 1 15 11 |1 1 1 1 1 11 1 1 1 1 12 1 8 1 1 1 |1 1 15 1 1 1 1 1 1 1 1 10 1 1 1 1 |1 1 3 15 1 4 1 3 1 1 3 1 1 15 1 1 |1 1 1 1 3 14 11 4 1 1 1 2 1 1 10 3 |1 1 4 1 1 1 1 13 8 8 1 3 1 9 1 1 |1 1 1 1 1 1 8 14 5 5 10 1 1 1 1 1 |1 1 1 5 1 17 11 11 1 7 14 1 1 12 1 11 |
1619: 2 1 1 1 8 6 6 1 1 1 1 3 1 1 5 1 |15 1 9 1 5 1 1 1 1 1 1 11 1 1 11 1 |1 1 7 1 1 1 4 9 5 1 1 8 1 1 1 2 |1 1 1 4 1 1 1 1 6 8 1 1 1 4 1 9 |1 1 1 1 1 7 1 1 1 1 1 1 9 1 15 11 |1 1 1 1 1 11 1 1 1 1 12 1 8 1 1 1 |1 1 15 1 1 1 1 1 1 1 1 10 1 1 1 1 |1 1 3 15 1 4 1 3 1 1 3 1 1 15 1 1 |1 1 1 1 3 14 11 4 1 1 1 2 1 1 10 3 |1 1 4 1 1 1 1 13 8 8 1 3 1 9 1 1 |1 1 1 1 1 1 8 14 5 5 10 1 1 1 1 1 |1 1 1 5 1 17 11 11 1 7 14 1 1 12 1 11 |
1630: 1 1 1 6 1 10 9 7 1 1 1 1 1 1 5 1 |1 1 1 1 7 8 1 1 1 1 1 9 1 1 13 1 |1 1 7 1 1 7 1 17 7 1 1 7 1 1 1 1 |1 1 1 4 1 2 7 1 1 1 1 1 11 4 1 10 |1 1 1 1 1 8 9 1 1 1 1 1 1 1 15 6 |1 1 1 1 6 8 1 6 1 1 13 1 9 1 1 1 |1 1 15 1 1 1 1 1 1 1 1 10 1 1 1 1 |1 1 3 15 1 4 1 3 1 1 3 1 1 15 1 1 |1 1 1 1 3 14 11 4 1 1 1 2 1 1 10 3 |1 1 4 1 1 1 1 13 8 8 1 3 1 9 1 1 |1 1 1 1 1 1 8 14 5 5 10 1 1 1 1 1 |1 1 1 5 1 17 11 11 1 7 14 1 1 12 1 11 |
1641: 1 1 1 6 1 10 9 7 1 1 1 1 1 1 5 1 |1 1 1 1 7 8 1 1 1 1 1 9 1 1 13 1 |1 1 7 1 1 7 1 17 7 1 1 7 1 1 1 1 |1 1 1 4 1 2 7 1 1 1 1 1 11 4 1 10 |1 1 1 1 1 8 9 1 1 1 1 1 1 1 15 6 |1 1 1 1 6 8 1 6 1 1 13 1 9 1 1 1 |1 4 9 1 1 1 1 8 1 2 1 11 1 1 1 1 |1 1 1 13 1 2 7 15 1 2 7 1 1 13 1 8 |1 1 1 1 2 5 6 1 2 7 5 1 1 1 7 5 |1 1 5 1 1 7 1 13 2 6 1 6 1 9 1 1 |1 1 4 1 1 1 1 14 5 4 10 1 1 3 7 1 |1 1 1 1 1 3 1 1 1 4 13 1 1 11 1 11 |
1652: 1 1 1 6 1 10 9 7 1 1 1 1 1 1 5 1 |1 1 1 1 7 8 1 1 1 1 1 9 1 1 13 1 |1 1 7 1 1 7 1 17 7 1 1 7 1 1 1 1 |1 1 1 4 1 2 7 1 1 1 1 1 11 4 1 10 |1 1 1 1 1 8 9 1 1 1 1 1 1 1 15 6 |1 1 1 1 6 8 1 6 1 1 13 1 9 1 1 1 |1 4 9 1 1 1 1 8 1 2 1 11 1 1 1 1 |1 1 1 13 1 2 7 15 1 2 7 1 1 13 1 8 |1 1 1 1 2 5 6 1 2 7 5 1 1 1 7 5 |1 1 5 1 1 7 1 13 2 6 1 6 1 9 1 1 |1 1 4 1 1 1 1 14 5 4 10 1 1 3 7 1 |1 1 1 1 1 3 1 1 1 4 13 1 1 11 1 11 |
1662: 1 1 1 1 1 8 6 13 1 1 1 7 1 3 4 1 |1 1 9 1 1 2 1 1 1 1 1 12 7 1 11 1 |1 1 7 1 1 4 3 6 6 1 1 1 1 1 1 1 |1 1 1 2 1 1 1 9 9 8 1 1 1 5 1 12 |1 1 1 1 1 8 9 1 1 1 1 1 1 1 15 6 |1 1 1 1 6 8 1 6 1 1 13 1 9 1 1 1 |1 4 9 1 1 1 1 8 1 2 1 11 1 1 1 1 |1 1 1 13 1 2 7 15 1 2 7 1 1 13 1 8 |1 1 1 1 2 5 6 1 2 7 5 1 1 1 7 5 |1 1 5 1 1 7 1 13 2 6 1 6 1 9 1 1 |1 1 4 1 1 1 1 14 5 4 10 1 1 3 7 1 |1 1 1 1 1 3 1 1 1 4 13 1 1 11 1 11 |
1673: 1 1 1 1 1 8 6 13 1 1 1 7 1 3 4 1 |1 1 9 1 1 2 1 1 1 1 1 12 7 1 11 1 |1 1 7 1 1 4 3 6 6 1 1 1 1 1 1 1 |1 1 1 2 1 1 1 9 9 8 1 1 1 5 1 12 |1 1 1 1 1 5 1 1 1 1 1 1 13 1 7 7 |1 1 5 1 5 9 1 4 1 1 13 1 10 1 1 1 |1 6 8 1 1 1 1 4 1 1 1 10 1 1 1 1 |2 1 1 1 1 2 3 13 1 1 9 1 1 12 1 1 |1 1 1 1 12 5 11 5 1 1 1 1 14 1 10 1 |2 1 1 1 4 2 10 13 8 8 1 5 1 10 1 1 |1 1 2 1 1 1 1 1 6 8 1 1 1 1 10 1 |1 1 1 1 1 3 1 1 1 4 13 1 1 11 1 11 |
1683: 1 1 1 1 1 8 6 13 1 1 1 7 1 3 4 1 |1 1 9 1 1 2 1 1 1 1 1 12 7 1 11 1 |1 1 7 1 1 4 3 6 6 1 1 1 1 1 1 1 |1 1 1 2 1 1 1 9 9 8 1 1 1 5 1 12 |1 1 1 1 1 5 1 1 1 1 1 1 13 1 7 7 |1 1 5 1 5 9 1 4 1 1 13 1 10 1 1 1 |1 6 8 1 1 1 1 4 1 1 1 10 1 1 1 1 |2 1 1 1 1 2 3 13 1 1 9 1 1 12 1 1 |1 1 1 1 12 5 11 5 1 1 1 1 14 1 10 1 |2 1 1 1 4 2 10 13 8 8 1 5 1 10 1 1 |1 1 2 1 1 1 1 1 6 8 1 1 1 1 10 1 |1 1 1 1 1 15 8 2 1 7 15 1 1 14 1 9 |
1693: 1 1 1 1 1 7 9 14 1 1 1 4 1 1 7 1 |9 1 5 1 4 1 1 1 1 1 1 10 2 1 14 1 |1 1 6 1 1 2 13 8 6 1 1 1 1 1 1 3 |1 1 1 2 1 1 1 9 9 8 1 1 1 5 1 12 |1 1 1 1 1 5 1 1 1 1 1 1 13 1 7 7 |1 1 5 1 5 9 1 4 1 1 13 1 10 1 1 1 |1 6 8 1 1 1 1 4 1 1 1 10 1 1 1 1 |2 1 1 1 1 2 3 13 1 1 9 1 1 12 1 1 |1 1 1 1 12 5 11 5 1 1 1 1 14 1 10 1 |2 1 1 1 4 2 10 13 8 8 1 5 1 10 1 1 |1 1 2 1 1 1 1 1 6 8 1 1 1 1 10 1 |1 1 1 1 1 15 8 2 1 7 15 1 1 14 1 9 |
1704: 1 1 1 1 1 7 9 14 1 1 1 4 1 1 7 1 |9 1 5 1 4 1 1 1 1 1 1 10 2 1 14 1 |1 1 6 1 1 2 13 8 6 1 1 1 1 1 1 3 |1 1 2 1 1 5 7 1 5 9 1 1 11 7 1 11 |1 1 1 1 1 8 1 1 1 1 1 1 11 1 15 6 |1 1 2 1 1 11 1 1 1 1 14 1 10 1 1 1 |1 1 3 1 1 1 1 7 1 1 1 9 1 1 1 1 |8 1 3 15 1 3 1 12 1 1 4 1 1 14 1 1 |1 1 1 1 1 16 3 1 1 10 2 1 2 2 7 1 |1 1 5 1 1 1 1 13 10 8 1 7 1 7 1 1 |1 1 2 1 1 1 1 1 6 8 1 1 1 1 10 1 |1 1 1 1 1 15 8 2 1 7 15 1 1 14 1 9 |
1714: 1 1 1 1 1 7 9 14 1 1 1 4 1 1 7 1 |9 1 5 1 4 1 1 1 1 1 1 10 2 1 14 1 |1 1 6 1 1 2 13 8 6 1 1 1 1 1 1 3 |1 1 2 1 1 5 7 1 5 9 1 1 11 7 1 11 |1 1 1 1 1 8 1 1 1 1 1 1 11 1 15 6 |1 1 2 1 1 11 1 1 1 1 14 1 10 1 1 1 |1 1 3 1 1 1 1 7 1 1 1 9 1 1 1 1 |8 1 3 15 1 3 1 12 1 1 4 1 1 14 1 1 |1 1 1 1 1 16 3 1 1 10 2 1 2 2 7 1 |1 1 5 1 1 1 1 13 10 8 1 7 1 7 1 1 |3 1 1 1 1 1 1 14 5 11 1 1 1 1 7 1 |1 5 1 1 1 17 6 1 1 3 15 1 1 5 1 1 |
1725: 1 1 1 7 1 1 1 14 1 1 1 3 1 1 6 1 |9 1 5 1 4 1 1 1 1 1 1 10 2 1 14 1 |1 1 6 1 1 2 13 8 6 1 1 1 1 1 1 3 |1 1 2 1 1 5 7 1 5 9 1 1 11 7 1 11 |1 1 1 1 1 8 1 1 1 1 1 1 11 1 15 6 |1 1 2 1 1 11 1 1 1 1 14 1 10 1 1 1 |1 1 3 1 1 1 1 7 1 1 1 9 1 1 1 1 |8 1 3 15 1 3 1 12 1 1 4 1 1 14 1 1 |1 1 1 1 1 16 3 1 1 10 2 1 2 2 7 1 |1 1 5 1 1 1 1 13 10 8 1 7 1 7 1 1 |3 1 1 1 1 1 1 14 5 11 1 1 1 1 7 1 |1 5 1 1 1 17 6 1 1 3 15 1 1 5 1 1 |
1736: 1 1 1 7 1 1 1 14 1 1 1 3 1 1 6 1 |2 1 1 1 7 3 1 1 1 1 1 12 2 1 14 1 |1 1 7 1 1 2 1 1 4 1 1 5 1 1 1 1 |1 1 1 4 1 4 9 1 6 9 1 1 1 6 1 9 |1 1 2 1 1 9 9 1 1 1 1 1 12 1 14 2 |1 1 1 1 5 9 1 1 1 1 12 1 10 1 1 1 |1 4 7 1 1 1 2 9 1 1 1 11 1 1 1 1 |1 1 1 14 1 1 1 13 1 1 13 1 1 15 1 8 |1 1 1 1 9 5 6 12 2 8 9 1 1 1 3 1 |1 1 6 1 1 1 1 12 7 13 1 7 1 2 1 7 |3 1 1 1 1 1 1 14 5 11 1 1 1 1 7 1 |1 5 1 1 1 17 6 1 1 3 15 1 1 5 1 1 |
1747: 1 1 1 7 1 1 1 14 1 1 1 3 1 1 6 1 |2 1 1 1 7 3 1 1 1 1 1 12 2 1 14 1 |1 1 7 1 1 2 1 1 4 1 1 5 1 1 1 1 |1 1 1 4 1 4 9 1 6 9 1 1 1 6 1 9 |1 1 2 1 1 9 9 1 1 1 1 1 12 1 14 2 |1 1 1 1 5 9 1 1 1 1 12 1 10 1 1 1 |1 4 7 1 1 1 2 9 1 1 1 11 1 1 1 1 |1 1 1 14 1 1 1 13 1 1 13 1 1 15 1 8 |1 1 1 1 9 5 6 12 2 8 9 1 1 1 3 1 |1 1 6 1 1 1 1 12 7 13 1 7 1 2 1 7 |1 1 1 1 1 1 1 1 8 6 10 1 1 1 8 1 |1 8 1 7 1 1 3 1 1 2 16 1 1 13 1 1 |
1758: 5 1 1 3 8 1 10 5 1 1 1 6 1 1 7 1 |2 1 1 1 7 3 1 1 1 1 1 12 2 1 14 1 |1 1 7 1 1 2 1 1 4 1 1 5 1 1 1 1 |1 1 1 4 1 4 9 1 6 9 1 1 1 6 1 9 |1 1 2 1 1 9 9 1 1 1 1 1 12 1 14 2 |1 1 1 1 5 9 1 1 1 1 12 1 10 1 1 1 |1 4 7 1 1 1 2 9 1 1 1 11 1 1 1 1 |1 1 1 14 1 1 1 13 1 1 13 1 1 15 1 8 |1 1 1 1 9 5 6 12 2 8 9 1 1 1 3 1 |1 1 6 1 1 1 1 12 7 13 1 7 1 2 1 7 |1 1 1 1 1 1 1 1 8 6 10 1 1 1 8 1 |1 8 1 7 1 1 3 1 1 2 16 1 1 13 1 1 |
1769: 5 1 1 3 8 1 10 5 1 1 1 6 1 1 7 1 |1 1 9 1 1 10 1 1 1 1 1 8 1 3 13 1 |1 1 5 1 1 9 10 6 5 1 1 7 1 1 1 1 |1 1 1 4 1 1 1 1 7 8 1 1 1 4 1 11 |1 1 1 1 14 6 7 1 1 1 1 1 11 1 12 1 |1 1 1 1 5 6 1 5 1 1 14 1 10 1 1 1 |1 11 7 1 7 1 1 1 1 1 1 12 1 1 1 1 |2 1 1 1 1 2 1 14 1 1 15 1 1 14 1 10 |1 1 1 1 9 5 6 12 2 8 9 1 1 1 3 1 |1 1 6 1 1 1 1 12 7 13 1 7 1 2 1 7 |1 1 1 1 1 1 1 1 8 6 10 1 1 1 8 1 |1 8 1 7 1 1 3 1 1 2 16 1 1 13 1 1 |
1780: 5 1 1 3 8 1 10 5 1 1 1 6 1 1 7 1 |1 1 9 1 1 10 1 1 1 1 1 8 1 3 13 1 |1 1 5 1 1 9 10 6 5 1 1 7 1 1 1 1 |1 1 1 4 1 1 1 1 7 8 1 1 1 4 1 11 |1 1 1 1 14 6 7 1 1 1 1 1 11 1 12 1 |1 1 1 1 5 6 1 5 1 1 14 1 10 1 1 1 |1 11 7 1 7 1 1 1 1 1 1 12 1 1 1 1 |2 1 1 1 1 2 1 14 1 1 15 1 1 14 1 10 |1 9 1 1 3 5 9 6 1 1 1 1 1 1 2 1 |1 1 4 1 3 1 1 12 9 13 1 8 1 10 1 5 |1 1 1 6 1 1 1 15 4 4 1 10 1 1 9 1 |1 3 1 1 1 13 12 12 1 3 14 1 1 13 1 1 |
1791: 1 1 1 6 9 7 7 7 1 1 1 9 1 1 5 1 |1 1 9 1 1 10 1 1 1 1 1 8 1 3 13 1 |1 1 5 1 1 9 10 6 5 1 1 7 1 1 1 1 |1 1 1 4 1 1 1 1 7 8 1 1 1 4 1 11 |1 1 1 1 14 6 7 1 1 1 1 1 11 1 12 1 |1 1 1 1 5 6 1 5 1 1 14 1 10 1 1 1 |1 11 7 1 7 1 1 1 1 1 1 12 1 1 1 1 |2 1 1 1 1 2 1 14 1 1 15 1 1 14 1 10 |1 9 1 1 3 5 9 6 1 1 1 1 1 1 2 1 |1 1 4 1 3 1 1 12 9 13 1 8 1 10 1 5 |1 1 1 6 1 1 1 15 4 4 1 10 1 1 9 1 |1 3 1 1 1 13 12 12 1 3 14 1 1 13 1 1 |
1802: 1 1 1 6 9 7 7 7 1 1 1 9 1 1 5 1 |1 1 10 1 5 5 1 1 1 1 1 12 1 1 13 1 |1 1 6 1 1 7 11 7 4 1 8 5 1 1 1 1 |1 1 1 5 1 4 2 1 1 9 1 5 1 6 1 12 |1 1 1 1 1 9 1 1 1 1 1 1 9 1 12 6 |1 1 1 1 10 11 1 1 1 1 14 1 10 1 3 1 |1 1 1 1 1 1 1 8 1 1 1 11 1 1 1 1 |1 1 2 14 1 3 15 7 1 1 2 1 1 15 2 8 |1 1 1 1 10 16 8 10 2 1 1 1 9 1 2 9 |1 1 4 1 3 1 1 12 9 13 1 8 1 10 1 5 |1 1 1 6 1 1 1 15 4 4 1 10 1 1 9 1 |1 3 1 1 1 13 12 12 1 3 14 1 1 13 1 1 |
1813: 1 1 1 6 9 7 7 7 1 1 1 9 1 1 5 1 |1 1 10 1 5 5 1 1 1 1 1 12 1 1 13 1 |1 1 6 1 1 7 11 7 4 1 8 5 1 1 1 1 |1 1 1 5 1 4 2 1 1 9 1 5 1 6 1 12 |1 1 1 1 1 9 1 1 1 1 1 1 9 1 12 6 |1 1 1 1 10 11 1 1 1 1 14 1 10 1 3 1 |1 1 1 1 1 1 1 8 1 1 1 11 1 1 1 1 |1 1 2 14 1 3 15 7 1 1 2 1 1 15 2 8 |1 1 1 1 10 16 8 10 2 1 1 1 9 1 2 9 |1 3 1 1 3 8 1 13 10 14 1 6 1 4 1 1 |1 1 1 1 1 1 1 13 7 9 7 1 1 1 8 1 |1 3 1 6 1 15 4 1 1 2 16 1 1 12 1 18 |
1824: 1 1 1 6 9 7 7 7 1 1 1 9 1 1 5 1 |1 1 10 1 5 5 1 1 1 1 1 12 1 1 13 1 |1 1 6 1 1 7 11 7 4 1 8 5 1 1 1 1 |1 1 1 5 1 4 2 1 1 9 1 5 1 6 1 12 |1 1 1 1 1 9 1 1 1 1 1 1 9 1 12 6 |1 1 1 1 10 11 1 1 1 1 14 1 10 1 3 1 |1 1 1 1 1 1 1 8 1 1 1 11 1 1 1 1 |1 1 2 14 1 3 15 7 1 1 2 1 1 15 2 8 |1 1 1 1 10 16 8 10 2 1 1 1 9 1 2 9 |1 3 1 1 3 8 1 13 10 14 1 6 1 4 1 1 |1 1 1 1 1 1 1 13 7 9 7 1 1 1 8 1 |1 3 1 6 1 15 4 1 1 2 16 1 1 12 1 18 |
1835: 1 1 1 4 1 1 1 1 1 1 1 1 1 1 5 1 |2 1 1 1 6 1 1 1 1 1 1 11 9 1 10 1 |1 1 6 1 1 7 1 1 7 1 1 8 1 1 1 1 |1 1 1 3 1 4 6 1 5 1 1 1 1 6 1 13 |1 1 1 1 1 7 10 1 1 1 1 1 11 1 15 6 |1 1 1 1 6 7 1 1 1 1 12 1 7 1 1 1 |1 5 9 1 4 1 1 9 1 1 1 10 1 1 1 1 |1 1 2 14 1 3 15 7 1 1 2 1 1 15 2 8 |1 1 1 1 10 16 8 10 2 1 1 1 9 1 2 9 |1 3 1 1 3 8 1 13 10 14 1 6 1 4 1 1 |1 1 1 1 1 1 1 13 7 9 7 1 1 1 8 1 |1 3 1 6 1 15 4 1 1 2 16 1 1 12 1 18 |
1846: 1 1 1 4 1 1 1 1 1 1 1 1 1 1 5 1 |2 1 1 1 6 1 1 1 1 1 1 11 9 1 10 1 |1 1 6 1 1 7 1 1 7 1 1 8 1 1 1 1 |1 1 1 3 1 4 6 1 5 1 1 1 1 6 1 13 |1 1 1 1 1 7 10 1 1 1 1 1 11 1 15 6 |1 1 1 1 6 7 1 1 1 1 12 1 7 1 1 1 |1 5 9 1 4 1 1 9 1 1 1 10 1 1 1 1 |8 1 1 14 1 1 1 4 1 1 2 1 1 15 1 8 |1 1 1 1 12 10 17 5 1 1 1 1 11 1 1 1 |1 1 6 1 1 1 1 12 3 7 1 4 1 8 1 1 |1 1 4 1 1 2 1 15 4 1 5 1 1 4 1 1 |1 1 1 2 1 1 1 1 1 2 17 1 1 10 1 1 |
1857: 1 1 1 4 1 1 1 1 1 1 1 1 1 1 5 1 |2 1 1 1 6 1 1 1 1 1 1 11 9 1 10 1 |1 1 6 1 1 7 1 1 7 1 1 8 1 1 1 1 |1 1 1 3 1 4 6 1 5 1 1 1 1 6 1 13 |1 1 1 1 1 7 10 1 1 1 1 1 11 1 15 6 |1 1 1 1 6 7 1 1 1 1 12 1 7 1 1 1 |1 5 9 1 4 1 1 9 1 1 1 10 1 1 1 1 |8 1 1 14 1 1 1 4 1 1 2 1 1 15 1 8 |1 1 1 1 12 10 17 5 1 1 1 1 11 1 1 1 |1 1 6 1 1 1 1 12 3 7 1 4 1 8 1 1 |1 1 4 1 1 2 1 15 4 1 5 1 1 4 1 1 |1 1 1 2 1 1 1 1 1 2 17 1 1 10 1 1 |
1868: 2 1 1 5 1 1 10 5 1 1 1 2 1 1 1 1 |1 1 5 1 1 10 1 1 1 1 1 9 1 1 7 1 |1 1 10 1 1 5 1 5 4 1 1 7 1 1 1 1 |1 1 1 4 1 5 1 1 7 6 1 1 1 5 1 8 |1 1 1 1 11 5 10 1 1 1 1 1 11 1 16 5 |1 1 1 1 3 12 1 1 1 1 13 1 9 1 1 1 |1 5 9 1 4 1 1 9 1 1 1 10 1 1 1 1 |8 1 1 14 1 1 1 4 1 1 2 1 1 15 1 8 |1 1 1 1 12 10 17 5 1 1 1 1 11 1 1 1 |1 1 6 1 1 1 1 12 3 7 1 4 1 8 1 1 |1 1 4 1 1 2 1 15 4 1 5 1 1 4 1 1 |1 1 1 2 1 1 1 1 1 2 17 1 1 10 1 1 |
1878: 2 1 1 5 1 1 10 5 1 1 1 2 1 1 1 1 |1 1 5 1 1 10 1 1 1 1 1 9 1 1 7 1 |1 1 10 1 1 5 1 5 4 1 1 7 1 1 1 1 |1 1 1 4 1 5 1 1 7 6 1 1 1 5 1 8 |1 1 1 1 11 5 10 1 1 1 1 1 11 1 16 5 |1 1 1 1 3 12 1 1 1 1 13 1 9 1 1 1 |1 5 8 1 7 1 1 3 1 1 1 13 1 1 1 1 |7 1 1 1 1 1 1 13 1 2 6 1 1 14 1 9 |1 12 1 1 2 14 9 9 2 10 3 1 11 1 9 2 |1 1 5 1 1 1 5 12 1 1 1 6 1 1 1 9 |1 1 1 1 1 1 1 14 7 3 1 1 1 2 2 1 |1 2 1 1 1 15 4 1 1 3 15 1 1 1 1 1 |
1889: 2 1 1 5 1 1 10 5 1 1 1 2 1 1 1 1 |1 1 5 1 1 10 1 1 1 1 1 9 1 1 7 1 |1 1 10 1 1 5 1 5 4 1 1 7 1 1 1 1 |1 1 1 4 1 5 1 1 7 6 1 1 1 5 1 8 |1 1 1 1 11 5 10 1 1 1 1 1 11 1 16 5 |1 1 1 1 3 12 1 1 1 1 13 1 9 1 1 1 |1 5 8 1 7 1 1 3 1 1 1 13 1 1 1 1 |7 1 1 1 1 1 1 13 1 2 6 1 1 14 1 9 |1 12 1 1 2 14 9 9 2 10 3 1 11 1 9 2 |1 1 5 1 1 1 5 12 1 1 1 6 1 1 1 9 |1 1 1 1 1 1 1 14 7 3 1 1 1 2 2 1 |1 2 1 1 1 15 4 1 1 3 15 1 1 1 1 1 |
1900: 1 1 1 10 6 1 8 7 1 1 1 5 1 1 7 1 |1 1 7 1 5 10 1 1 1 1 1 1 1 1 12 1 |1 1 6 1 1 8 1 8 3 1 7 6 1 1 1 1 |1 1 1 3 1 3 9 1 5 1 1 1 1 5 1 10 |1 2 1 1 1 8 3 1 1 1 1 1 9 1 7 7 |1 1 1 1 1 12 1 1 1 1 14 1 8 1 1 1 |1 5 8 1 7 1 1 3 1 1 1 13 1 1 1 1 |7 1 1 1 1 1 1 13 1 2 6 1 1 14 1 9 |1 12 1 1 2 14 9 9 2 10 3 1 11 1 9 2 |1 1 5 1 1 1 5 12 1 1 1 6 1 1 1 9 |1 1 1 1 1 1 1 14 7 3 1 1 1 2 2 1 |1 2 1 1 1 15 4 1 1 3 15 1 1 1 1 1 |
1911: 1 1 1 10 6 1 8 7 1 1 1 5 1 1 7 1 |1 1 7 1 5 10 1 1 1 1 1 1 1 1 12 1 |1 1 6 1 1 8 1 8 3 1 7 6 1 1 1 1 |1 1 1 3 1 3 9 1 5 1 1 1 1 5 1 10 |1 2 1 1 1 8 3 1 1 1 1 1 9 1 7 7 |1 1 1 1 1 12 1 1 1 1 14 1 8 1 1 1 |1 11 1 1 1 1 1 8 1 7 6 2 1 1 1 1 |1 1 2 1 1 1 6 14 1 1 16 1 5 14 1 1 |1 1 1 3 10 10 12 9 3 9 3 1 1 2 4 1 |1 1 4 1 1 1 1 12 3 12 1 1 1 1 1 8 |1 1 3 1 1 1 1 12 8 10 11 2 1 1 9 1 |1 6 1 1 1 15 5 1 1 3 18 1 1 12 1 1 |
1922: 1 1 1 10 6 1 8 7 1 1 1 5 1 1 7 1 |1 1 7 1 5 10 1 1 1 1 1 1 1 1 12 1 |1 1 6 1 1 8 1 8 3 1 7 6 1 1 1 1 |1 1 1 3 1 3 9 1 5 1 1 1 1 5 1 10 |1 2 1 1 1 8 3 1 1 1 1 1 9 1 7 7 |1 1 1 1 1 12 1 1 1 1 14 1 8 1 1 1 |1 11 1 1 1 1 1 8 1 7 6 2 1 1 1 1 |1 1 2 1 1 1 6 14 1 1 16 1 5 14 1 1 |1 1 1 3 10 10 12 9 3 9 3 1 1 2 4 1 |1 1 4 1 1 1 1 12 3 12 1 1 1 1 1 8 |1 1 3 1 1 1 1 12 8 10 11 2 1 1 9 1 |1 6 1 1 1 15 5 1 1 3 18 1 1 12 1 1 |
1933: 1 1 1 5 1 8 7 1 1 1 1 1 1 1 1 1 |1 1 11 1 6 9 1 1 1 1 1 12 5 1 12 1 |1 1 8 1 1 9 1 1 8 1 1 8 1 1 1 2 |1 1 1 1 1 4 5 1 1 8 1 1 12 6 1 12 |1 1 1 1 1 1 1 1 1 1 1 1 12 1 14 2 |1 1 2 1 6 10 1 1 1 1 11 1 6 1 1 1 |1 11 1 1 1 1 1 8 1 7 6 2 1 1 1 1 |1 1 2 1 1 1 6 14 1 1 16 1 5 14 1 1 |1 1 1 3 10 10 12 9 3 9 3 1 1 2 4 1 |1 1 4 1 1 1 1 12 3 12 1 1 1 1 1 8 |1 1 3 1 1 1 1 12 8 10 11 2 1 1 9 1 |1 6 1 1 1 15 5 1 1 3 18 1 1 12 1 1 |
1944: 1 1 1 5 1 8 7 1 1 1 1 1 1 1 1 1 |1 1 11 1 6 9 1 1 1 1 1 12 5 1 12 1 |1 1 8 1 1 9 1 1 8 1 1 8 1 1 1 2 |1 1 1 1 1 4 5 1 1 8 1 1 12 6 1 12 |1 1 1 1 1 1 1 1 1 1 1 1 12 1 14 2 |1 1 2 1 6 10 1 1 1 1 11 1 6 1 1 1 |1 4 1 1 1 1 1 9 1 4 1 9 1 1 1 1 |6 3 7 15 1 3 2 12 1 1 15 1 1 13 1 12 |1 1 1 1 13 1 1 11 1 9 9 1 9 1 1 1 |1 1 1 1 1 1 1 11 1 15 1 5 1 6 1 5 |1 1 1 1 1 1 1 1 6 8 1 1 1 1 1 1 |1 1 1 1 1 2 3 10 1 4 10 1 1 13 1 1 |
1954: 1 1 1 5 1 8 7 1 1 1 1 1 1 1 1 1 |1 1 11 1 6 9 1 1 1 1 1 12 5 1 12 1 |1 1 8 1 1 9 1 1 8 1 1 8 1 1 1 2 |1 1 1 1 1 4 5 1 1 8 1 1 12 6 1 12 |1 1 1 1 1 1 1 1 1 1 1 1 12 1 14 2 |1 1 2 1 6 10 1 1 1 1 11 1 6 1 1 1 |1 4 1 1 1 1 1 9 1 4 1 9 1 1 1 1 |6 3 7 15 1 3 2 12 1 1 15 1 1 13 1 12 |1 1 1 1 13 1 1 11 1 9 9 1 9 1 1 1 |1 1 1 1 1 1 1 11 1 15 1 5 1 6 1 5 |1 1 1 1 1 1 1 1 6 8 1 1 1 1 1 1 |1 1 1 1 1 2 3 10 1 4 10 1 1 13 1 1 |
1965: 4 1 1 7 6 4 9 1 1 1 1 1 1 1 7 1 |1 1 7 1 1 10 1 1 1 1 1 1 1 1 7 1 |1 1 1 1 1 7 12 6 4 1 1 7 1 1 1 1 |1 1 1 1 1 4 1 1 7 1 1 1 1 5 1 11 |1 1 1 1 10 6 1 1 1 1 1 1 11 1 11 5 |1 1 2 1 6 10 1 1 1 1 11 1 6 1 1 1 |1 4 1 1 1 1 1 9 1 4 1 9 1 1 1 1 |6 3 7 15 1 3 2 12 1 1 15 1 1 13 1 12 |1 1 1 1 13 1 1 11 1 9 9 1 9 1 1 1 |1 1 1 1 1 1 1 11 1 15 1 5 1 6 1 5 |1 1 1 1 1 1 1 1 6 8 1 1 1 1 1 1 |1 1 1 1 1 2 3 10 1 4 10 1 1 13 1 1 |
1976: 4 1 1 7 6 4 9 1 1 1 1 1 1 1 7 1 |1 1 7 1 1 10 1 1 1 1 1 1 1 1 7 1 |1 1 1 1 1 7 12 6 4 1 1 7 1 1 1 1 |1 1 1 1 1 4 1 1 7 1 1 1 1 5 1 11 |1 1 1 1 10 6 1 1 1 1 1 1 11 1 11 5 |1 1 1 1 6 9 1 3 1 1 13 1 9 1 1 1 |1 9 8 1 6 1 7 1 1 1 1 11 1 1 1 1 |6 1 3 1 1 1 1 15 1 1 15 1 1 12 1 10 |1 1 1 1 13 12 9 5 1 9 5 1 12 1 8 4 |2 1 4 1 1 1 1 15 7 12 1 1 1 9 1 1 |1 1 1 11 1 1 1 1 5 8 6 1 1 1 9 1 |1 1 1 1 1 16 13 1 1 6 14 1 1 11 1 11 |
1987: 4 1 1 7 6 4 9 1 1 1 1 1 1 1 7 1 |1 1 7 1 1 10 1 1 1 1 1 1 1 1 7 1 |1 1 1 1 1 7 12 6 4 1 1 7 1 1 1 1 |1 1 1 1 1 4 1 1 7 1 1 1 1 5 1 11 |1 1 1 1 10 6 1 1 1 1 1 1 11 1 11 5 |1 1 1 1 6 9 1 3 1 1 13 1 9 1 1 1 |1 9 8 1 6 1 7 1 1 1 1 11 1 1 1 1 |6 1 3 1 1 1 1 15 1 1 15 1 1 12 1 10 |1 1 1 1 13 12 9 5 1 9 5 1 12 1 8 4 |2 1 4 1 1 1 1 15 7 12 1 1 1 9 1 1 |1 1 1 11 1 1 1 1 5 8 6 1 1 1 9 1 |1 1 1 1 1 16 13 1 1 6 14 1 1 11 1 11 |
1999: 1 1 4 8 5 5 1 1 1 1 1 1 1 1 8 1 |2 1 7 1 5 1 1 1 1 1 1 9 1 4 5 1 |1 1 8 1 1 8 3 6 3 1 1 1 1 1 1 1 |1 1 1 1 1 1 1 1 6 8 1 1 1 7 1 10 |1 1 1 1 1 10 1 1 1 1 1 1 11 1 8 1 |1 1 1 1 6 9 1 3 1 1 13 1 9 1 1 1 |1 9 8 1 6 1 7 1 1 1 1 11 1 1 1 1 |6 1 3 1 1 1 1 15 1 1 15 1 1 12 1 10 |1 1 1 1 13 12 9 5 1 9 5 1 12 1 8 4 |2 1 4 1 1 1 1 15 7 12 1 1 1 9 1 1 |1 1 1 11 1 1 1 1 5 8 6 1 1 1 9 1 |1 1 1 1 1 16 13 1 1 6 14 1 1 11 1 11 |
2009: 1 1 4 8 5 5 1 1 1 1 1 1 1 1 8 1 |2 1 7 1 5 1 1 1 1 1 1 9 1 4 5 1 |1 1 8 1 1 8 3 6 3 1 1 1 1 1 1 1 |1 1 1 1 1 1 1 1 6 8 1 1 1 7 1 10 |1 1 1 1 1 10 1 1 1 1 1 1 11 1 8 1 |1 1 1 1 1 9 1 1 1 1 13 1 10 1 1 1 |1 4 9 1 1 1 1 9 1 1 1 11 1 4 1 1 |5 1 5 13 1 1 5 14 1 1 7 1 1 11 1 1 |1 1 1 1 15 7 12 5 1 1 1 1 14 1 8 5 |1 1 1 1 3 1 1 13 1 12 1 5 1 1 1 7 |1 1 1 1 1 1 1 14 5 6 1 2 1 1 8 1 |1 1 1 1 1 13 6 1 1 3 18 1 1 4 1 1 |
2021: 1 1 4 8 5 5 1 1 1 1 1 1 1 1 8 1 |2 1 7 1 5 1 1 1 1 1 1 9 1 4 5 1 |1 1 8 1 1 8 3 6 3 1 1 1 1 1 1 1 |1 1 1 1 1 1 1 1 6 8 1 1 1 7 1 10 |1 1 1 1 1 10 1 1 1 1 1 1 11 1 8 1 |1 1 1 1 1 9 1 1 1 1 13 1 10 1 1 1 |1 4 9 1 1 1 1 9 1 1 1 11 1 4 1 1 |5 1 5 13 1 1 5 14 1 1 7 1 1 11 1 1 |1 1 1 1 15 7 12 5 1 1 1 1 14 1 8 5 |1 1 1 1 3 1 1 13 1 12 1 5 1 1 1 7 |1 1 1 1 1 1 1 14 5 6 1 2 1 1 8 1 |1 1 1 1 1 13 6 1 1 3 18 1 1 4 1 1 |
2031: 1 1 1 1 2 8 8 1 1 1 1 5 1 1 8 1 |1 1 1 1 1 5 1 1 1 1 1 11 1 2 11 1 |1 1 8 1 1 1 1 1 5 1 1 7 1 1 1 2 |1 1 1 1 1 1 1 1 6 8 1 1 1 7 1 10 |1 1 1 1 1 10 1 1 1 1 1 1 11 1 8 1 |1 1 1 1 1 9 1 1 1 1 13 1 10 1 1 1 |1 4 9 1 1 1 1 9 1 1 1 11 1 4 1 1 |5 1 5 13 1 1 5 14 1 1 7 1 1 11 1 1 |1 1 1 1 15 7 12 5 1 1 1 1 14 1 8 5 |1 1 1 1 3 1 1 13 1 12 1 5 1 1 1 7 |1 1 1 1 1 1 1 14 5 6 1 2 1 1 8 1 |1 1 1 1 1 13 6 1 1 3 18 1 1 4 1 1 |
2042: 1 1 1 1 2 8 8 1 1 1 1 5 1 1 8 1 |1 1 1 1 1 5 1 1 1 1 1 11 1 2 11 1 |1 1 8 1 1 1 1 1 5 1 1 7 1 1 1 2 |1 1 1 1 1 4 6 1 7 4 1 1 1 9 1 10 |1 10 1 1 6 1 1 1 1 1 1 1 12 1 10 7 |1 1 4 1 5 6 2 1 1 1 1 1 7 1 1 1 |1 5 1 5 1 1 1 8 1 1 1 12 1 1 1 1 |3 1 1 1 1 2 8 15 1 1 3 1 1 13 1 1 |1 1 1 1 1 2 9 11 6 8 9 1 10 1 1 1 |2 1 1 1 1 7 1 13 7 8 1 5 1 7 1 1 |9 1 1 1 1 1 1 1 5 9 11 1 1 1 8 1 |1 1 1 1 1 13 6 1 1 3 18 1 1 4 1 1 |
2053: 1 1 1 1 2 8 8 1 1 1 1 5 1 1 8 1 |1 1 1 1 1 5 1 1 1 1 1 11 1 2 11 1 |1 1 8 1 1 1 1 1 5 1 1 7 1 1 1 2 |1 1 1 1 1 4 6 1 7 4 1 1 1 9 1 10 |1 10 1 1 6 1 1 1 1 1 1 1 12 1 10 7 |1 1 4 1 5 6 2 1 1 1 1 1 7 1 1 1 |1 5 1 5 1 1 1 8 1 1 1 12 1 1 1 1 |3 1 1 1 1 2 8 15 1 1 3 1 1 13 1 1 |1 1 1 1 1 2 9 11 6 8 9 1 10 1 1 1 |2 1 1 1 1 7 1 13 7 8 1 5 1 7 1 1 |9 1 1 1 1 1 1 1 5 9 11 1 1 1 8 1 |1 1 1 3 1 9 1 13 1 2 20 1 1 12 1 12 |
2064: 1 1 1 6 5 7 1 1 1 1 1 1 1 3 5 1 |1 1 7 1 1 4 1 1 1 1 1 1 1 1 15 1 |1 1 1 1 1 7 13 8 5 1 1 6 1 1 1 1 |1 1 1 5 1 4 1 1 6 8 1 1 4 5 1 9 |1 10 1 1 6 1 1 1 1 1 1 1 12 1 10 7 |1 1 4 1 5 6 2 1 1 1 1 1 7 1 1 1 |1 5 1 5 1 1 1 8 1 1 1 12 1 1 1 1 |3 1 1 1 1 2 8 15 1 1 3 1 1 13 1 1 |1 1 1 1 1 2 9 11 6 8 9 1 10 1 1 1 |2 1 1 1 1 7 1 13 7 8 1 5 1 7 1 1 |9 1 1 1 1 1 1 1 5 9 11 1 1 1 8 1 |1 1 1 3 1 9 1 13 1 2 20 1 1 12 1 12 |
2075: 1 1 1 6 5 7 1 1 1 1 1 1 1 3 5 1 |1 1 7 1 1 4 1 1 1 1 1 1 1 1 15 1 |1 1 1 1 1 7 13 8 5 1 1 6 1 1 1 1 |1 1 1 5 1 4 1 1 6 8 1 1 4 5 1 9 |1 1 1 1 1 9 7 1 1 1 1 1 10 1 14 2 |1 1 3 1 6 10 1 3 1 1 14 1 9 1 1 1 |1 4 8 1 6 1 5 1 1 2 1 11 1 1 1 3 |1 1 1 3 1 1 1 15 1 1 2 1 1 15 1 1 |1 7 1 1 1 9 4 1 1 9 4 2 1 2 1 1 |2 1 7 1 1 7 1 13 8 7 1 6 1 9 1 8 |9 1 1 6 1 1 1 15 1 1 10 4 1 1 7 1 |5 1 1 3 1 13 8 3 1 6 16 1 1 1 1 4 |
2086: 1 1 1 6 5 7 1 1 1 1 1 1 1 3 5 1 |1 1 7 1 1 4 1 1 1 1 1 1 1 1 15 1 |1 1 1 1 1 7 13 8 5 1 1 6 1 1 1 1 |1 1 1 5 1 4 1 1 6 8 1 1 4 5 1 9 |1 1 1 1 1 9 7 1 1 1 1 1 10 1 14 2 |1 1 3 1 6 10 1 3 1 1 14 1 9 1 1 1 |1 4 8 1 6 1 5 1 1 2 1 11 1 1 1 3 |1 1 1 3 1 1 1 15 1 1 2 1 1 15 1 1 |1 7 1 1 1 9 4 1 1 9 4 2 1 2 1 1 |2 1 7 1 1 7 1 13 8 7 1 6 1 9 1 8 |9 1 1 6 1 1 1 15 1 1 10 4 1 1 7 1 |5 1 1 3 1 13 8 3 1 6 16 1 1 1 1 4 |
2097: 1 1 2 1 1 1 1 1 1 1 1 6 1 1 5 1 |1 1 1 1 5 1 1 1 1 1 1 11 1 1 10 1 |1 1 7 1 1 7 1 8 6 1 1 7 1 1 1 3 |1 1 1 5 1 4 1 1 6 8 1 1 4 5 1 9 |1 1 1 1 1 9 7 1 1 1 1 1 10 1 14 2 |1 1 3 1 6 10 1 3 1 1 14 1 9 1 1 1 |1 4 8 1 6 1 5 1 1 2 1 11 1 1 1 3 |1 1 1 3 1 1 1 15 1 1 2 1 1 15 1 1 |1 7 1 1 1 9 4 1 1 9 4 2 1 2 1 1 |2 1 7 1 1 7 1 13 8 7 1 6 1 9 1 8 |9 1 1 6 1 1 1 15 1 1 10 4 1 1 7 1 |5 1 1 3 1 13 8 3 1 6 16 1 1 1 1 4 |
2107: 1 1 2 1 1 1 1 1 1 1 1 6 1 1 5 1 |1 1 1 1 5 1 1 1 1 1 1 11 1 1 10 1 |1 1 7 1 1 7 1 8 6 1 1 7 1 1 1 3 |1 1 1 3 1 4 7 1 5 8 1 5 12 6 1 11 |1 1 1 1 1 8 8 1 1 1 1 1 10 1 12 1 |1 1 1 1 1 9 1 1 1 1 11 1 10 1 1 1 |1 1 1 1 1 1 1 1 1 1 1 11 1 1 1 10 |1 1 1 15 1 1 5 2 1 1 4 1 1 15 1 1 |1 1 1 1 2 8 10 4 1 1 1 1 10 1 9 2 |1 1 5 1 2 2 8 10 1 1 1 4 1 10 1 6 |1 1 2 1 1 1 1 15 4 4 4 1 1 3 1 1 |1 1 1 7 1 17 10 1 1 5 8 1 1 13 1 1 |
2118: 1 1 2 1 1 1 1 1 1 1 1 6 1 1 5 1 |1 1 1 1 5 1 1 1 1 1 1 11 1 1 10 1 |1 1 7 1 1 7 1 8 6 1 1 7 1 1 1 3 |1 1 1 3 1 4 7 1 5 8 1 5 12 6 1 11 |1 1 1 1 1 8 8 1 1 1 1 1 10 1 12 1 |1 1 1 1 1 9 1 1 1 1 11 1 10 1 1 1 |1 1 1 1 1 1 1 1 1 1 1 11 1 1 1 10 |1 1 1 15 1 1 5 2 1 1 4 1 1 15 1 1 |1 1 1 1 2 8 10 4 1 1 1 1 10 1 9 2 |1 1 5 1 2 2 8 10 1 1 1 4 1 10 1 6 |1 1 2 1 1 1 1 15 4 4 4 1 1 3 1 1 |1 1 1 7 1 17 10 1 1 5 8 1 1 13 1 1 |
2129: 1 1 2 1 1 1 1 1 1 1 1 6 1 1 5 1 |1 1 1 1 5 1 1 1 1 1 1 11 1 1 10 1 |1 1 7 1 1 7 1 8 6 1 1 7 1 1 1 3 |1 1 1 3 1 4 7 1 5 8 1 5 12 6 1 11 |1 1 1 1 1 8 8 1 1 1 1 1 10 1 12 1 |1 1 1 1 1 9 1 1 1 1 11 1 10 1 1 1 |1 1 1 1 1 1 1 1 1 1 1 11 1 1 1 10 |1 1 1 15 1 1 5 2 1 1 4 1 1 15 1 1 |1 1 1 1 2 8 10 4 1 1 1 1 10 1 9 2 |1 1 5 1 2 2 8 10 1 1 1 4 1 10 1 6 |1 1 2 1 1 1 1 15 4 4 4 1 1 3 1 1 |1 1 1 7 1 17 10 1 1 5 8 1 1 13 1 1 |
2159: 1 1 1 1 1 1 1 17 1 6 1 5 1 1 9 1 |3 1 8 1 8 10 1 1 1 1 3 14 11 2 13 1 |1 1 1 1 5 10 10 1 1 1 8 1 1 1 1 1 |1 1 1 3 1 4 3 1 7 2 1 1 9 8 1 10 |1 2 1 1 6 7 1 1 1 1 1 1 12 1 12 6 |1 1 1 1 6 9 1 1 1 1 12 1 9 1 2 1 |1 1 1 1 1 1 1 1 1 1 1 11 1 1 1 10 |1 1 1 15 1 1 5 2 1 1 4 1 1 15 1 1 |1 1 1 1 2 8 10 4 1 1 1 1 10 1 9 2 |1 1 5 1 2 2 8 10 1 1 1 4 1 10 1 6 |1 1 2 1 1 1 1 15 4 4 4 1 1 3 1 1 |1 1 1 7 1 17 10 1 1 5 8 1 1 13 1 1 |
2170: 1 1 1 1 1 1 1 17 1 6 1 5 1 1 9 1 |3 1 8 1 8 10 1 1 1 1 3 14 11 2 13 1 |1 1 1 1 5 10 10 1 1 1 8 1 1 1 1 1 |1 1 1 3 1 4 3 1 7 2 1 1 9 8 1 10 |1 2 1 1 6 7 1 1 1 1 1 1 12 1 12 6 |1 1 1 1 6 9 1 1 1 1 12 1 9 1 2 1 |1 3 9 2 6 1 1 4 1 1 1 12 1 1 1 1 |1 1 8 1 1 1 1 10 1 1 8 1 1 13 1 1 |1 1 1 1 12 13 8 4 2 1 1 11 1 1 5 1 |1 1 6 1 1 1 1 1 1 15 1 5 1 7 1 9 |1 1 1 1 1 1 1 16 1 1 10 4 3 1 7 1 |1 4 1 1 1 17 6 3 1 1 9 1 2 13 1 17 |
2181: 1 1 1 1 1 1 1 17 1 6 1 5 1 1 9 1 |3 1 8 1 8 10 1 1 1 1 3 14 11 2 13 1 |1 1 1 1 5 10 10 1 1 1 8 1 1 1 1 1 |1 1 1 3 1 4 3 1 7 2 1 1 9 8 1 10 |1 2 1 1 6 7 1 1 1 1 1 1 12 1 12 6 |1 1 1 1 6 9 1 1 1 1 12 1 9 1 2 1 |1 3 9 2 6 1 1 4 1 1 1 12 1 1 1 1 |1 1 8 1 1 1 1 10 1 1 8 1 1 13 1 1 |1 1 1 1 12 13 8 4 2 1 1 11 1 1 5 1 |1 1 6 1 1 1 1 1 1 15 1 5 1 7 1 9 |1 1 1 1 1 1 1 16 1 1 10 4 3 1 7 1 |1 4 1 1 1 17 6 3 1 1 9 1 2 13 1 17 |
2192: 1 1 1 6 9 1 4 1 1 4 1 1 1 1 9 1 |4 1 8 1 6 8 1 1 1 1 1 1 1 1 12 1 |1 1 6 1 1 1 14 5 4 1 7 5 1 1 1 1 |1 1 1 3 1 4 3 1 7 2 1 1 9 8 1 10 |1 2 1 1 6 7 1 1 1 1 1 1 12 1 12 6 |1 1 1 1 6 9 1 1 1 1 12 1 9 1 2 1 |1 3 9 2 6 1 1 4 1 1 1 12 1 1 1 1 |1 1 8 1 1 1 1 10 1 1 8 1 1 13 1 1 |1 1 1 1 12 13 8 4 2 1 1 11 1 1 5 1 |1 1 6 1 1 1 1 1 1 15 1 5 1 7 1 9 |1 1 1 1 1 1 1 16 1 1 10 4 3 1 7 1 |1 4 1 1 1 17 6 3 1 1 9 1 2 13 1 17 |
2203: 1 1 1 6 9 1 4 1 1 4 1 1 1 1 9 1 |4 1 8 1 6 8 1 1 1 1 1 1 1 1 12 1 |1 1 6 1 1 1 14 5 4 1 7 5 1 1 1 1 |1 1 1 1 1 1 1 1 7 7 1 1 1 8 1 10 |1 9 1 1 1 8 7 1 1 1 1 1 11 1 13 11 |1 1 1 1 4 10 1 1 1 1 12 1 9 1 1 1 |1 3 1 1 8 1 1 8 1 1 9 2 1 1 1 1 |6 1 1 1 1 1 1 10 1 1 13 1 1 15 1 1 |1 1 1 1 11 14 4 1 1 1 1 1 11 1 9 6 |1 1 7 1 1 7 1 13 2 15 1 6 1 3 1 6 |1 1 1 13 1 1 1 14 7 8 10 10 1 1 8 1 |1 1 2 1 1 14 4 3 1 6 9 1 1 4 1 1 |
2214: 1 1 1 6 9 1 4 1 1 4 1 1 1 1 9 1 |4 1 8 1 6 8 1 1 1 1 1 1 1 1 12 1 |1 1 6 1 1 1 14 5 4 1 7 5 1 1 1 1 |1 1 1 1 1 1 1 1 7 7 1 1 1 8 1 10 |1 9 1 1 1 8 7 1 1 1 1 1 11 1 13 11 |1 1 1 1 4 10 1 1 1 1 12 1 9 1 1 1 |1 3 1 1 8 1 1 8 1 1 9 2 1 1 1 1 |6 1 1 1 1 1 1 10 1 1 13 1 1 15 1 1 |1 1 1 1 11 14 4 1 1 1 1 1 11 1 9 6 |1 1 7 1 1 7 1 13 2 15 1 6 1 3 1 6 |1 1 1 13 1 1 1 14 7 8 10 10 1 1 8 1 |1 1 2 1 1 14 4 3 1 6 9 1 1 4 1 1 |
2225: 1 10 1 1 9 9 6 6 1 1 1 1 1 1 1 1 |1 1 8 1 5 1 1 1 1 1 1 11 1 1 13 1 |1 1 11 1 1 8 11 7 5 1 1 1 1 1 1 1 |1 1 1 1 1 1 1 1 7 7 1 1 1 8 1 10 |1 9 1 1 1 8 7 1 1 1 1 1 11 1 13 11 |1 1 1 1 4 10 1 1 1 1 12 1 9 1 1 1 |1 3 1 1 8 1 1 8 1 1 9 2 1 1 1 1 |6 1 1 1 1 1 1 10 1 1 13 1 1 15 1 1 |1 1 1 1 11 14 4 1 1 1 1 1 11 1 9 6 |1 1 7 1 1 7 1 13 2 15 1 6 1 3 1 6 |1 1 1 13 1 1 1 14 7 8 10 10 1 1 8 1 |1 1 2 1 1 14 4 3 1 6 9 1 1 4 1 1 |
2235: 1 10 1 1 9 9 6 6 1 1 1 1 1 1 1 1 |1 1 8 1 5 1 1 1 1 1 1 11 1 1 13 1 |1 1 11 1 1 8 11 7 5 1 1 1 1 1 1 1 |1 1 1 2 1 1 1 1 8 4 1 1 4 8 1 11 |1 1 1 1 1 11 9 1 1 1 1 1 12 1 8 8 |1 1 1 1 4 9 1 6 1 1 14 1 11 1 2 1 |1 11 8 1 1 1 1 10 1 5 1 12 1 1 1 1 |8 1 3 13 1 1 8 11 1 1 15 1 1 13 1 1 |1 1 1 1 13 13 10 5 1 10 6 1 14 1 8 4 |1 1 4 1 1 1 1 7 2 12 1 5 1 1 1 7 |1 1 1 13 1 1 1 14 7 8 10 10 1 1 8 1 |1 1 2 1 1 14 4 3 1 6 9 1 1 4 1 1 |
2246: 1 10 1 1 9 9 6 6 1 1 1 1 1 1 1 1 |1 1 8 1 5 1 1 1 1 1 1 11 1 1 13 1 |1 1 11 1 1 8 11 7 5 1 1 1 1 1 1 1 |1 1 1 2 1 1 1 1 8 4 1 1 4 8 1 11 |1 1 1 1 1 11 9 1 1 1 1 1 12 1 8 8 |1 1 1 1 4 9 1 6 1 1 14 1 11 1 2 1 |1 11 8 1 1 1 1 10 1 5 1 12 1 1 1 1 |8 1 3 13 1 1 8 11 1 1 15 1 1 13 1 1 |1 1 1 1 13 13 10 5 1 10 6 1 14 1 8 4 |1 1 4 1 1 1 1 7 2 12 1 5 1 1 1 7 |1 1 1 1 9 1 1 14 1 1 10 1 1 1 1 1 |1 1 1 3 1 14 7 1 1 1 15 1 1 12 3 7 |
2256: 1 1 1 1 8 8 1 1 1 1 1 7 1 6 6 1 |1 1 1 1 6 6 1 1 1 1 1 12 1 2 6 1 |1 1 2 1 1 1 13 6 4 1 1 8 1 1 1 2 |1 1 1 2 1 1 1 1 8 4 1 1 4 8 1 11 |1 1 1 1 1 11 9 1 1 1 1 1 12 1 8 8 |1 1 1 1 4 9 1 6 1 1 14 1 11 1 2 1 |1 11 8 1 1 1 1 10 1 5 1 12 1 1 1 1 |8 1 3 13 1 1 8 11 1 1 15 1 1 13 1 1 |1 1 1 1 13 13 10 5 1 10 6 1 14 1 8 4 |1 1 4 1 1 1 1 7 2 12 1 5 1 1 1 7 |1 1 1 1 9 1 1 14 1 1 10 1 1 1 1 1 |1 1 1 3 1 14 7 1 1 1 15 1 1 12 3 7 |
2266: 1 1 1 1 8 8 1 1 1 1 1 7 1 6 6 1 |1 1 1 1 6 6 1 1 1 1 1 12 1 2 6 1 |1 1 2 1 1 1 13 6 4 1 1 8 1 1 1 2 |1 1 1 1 1 5 7 1 7 6 1 1 12 5 1 11 |1 1 1 1 1 8 7 1 1 1 1 1 10 1 10 9 |1 1 3 1 1 21 1 5 1 1 14 1 9 1 1 1 |1 5 1 1 6 1 1 10 1 4 1 12 1 1 1 1 |1 1 9 13 1 5 7 15 1 1 14 1 6 11 1 1 |1 1 1 1 1 13 9 4 1 8 9 1 1 1 9 4 |1 1 4 1 1 1 1 7 2 12 1 5 1 1 1 7 |1 1 1 1 9 1 1 14 1 1 10 1 1 1 1 1 |1 1 1 3 1 14 7 1 1 1 15 1 1 12 3 7 |
2276: 1 1 1 1 8 8 1 1 1 1 1 7 1 6 6 1 |1 1 1 1 6 6 1 1 1 1 1 12 1 2 6 1 |1 1 2 1 1 1 13 6 4 1 1 8 1 1 1 2 |1 1 1 1 1 5 7 1 7 6 1 1 12 5 1 11 |1 1 1 1 1 8 7 1 1 1 1 1 10 1 10 9 |1 1 3 1 1 21 1 5 1 1 14 1 9 1 1 1 |1 5 1 1 6 1 1 10 1 4 1 12 1 1 1 1 |1 1 9 13 1 5 7 15 1 1 14 1 6 11 1 1 |1 1 1 1 1 13 9 4 1 8 9 1 1 1 9 4 |2 1 1 1 2 1 1 14 1 1 1 5 1 9 1 9 |1 1 1 1 1 1 1 13 1 1 1 1 1 1 10 1 |1 1 1 1 1 14 8 2 1 5 15 1 1 12 1 1 |
2287: 1 1 1 1 8 8 1 1 1 1 1 7 1 6 6 1 |1 1 1 1 6 6 1 1 1 1 1 12 1 2 6 1 |1 1 2 1 1 1 13 6 4 1 1 8 1 1 1 2 |1 1 1 1 1 5 7 1 7 6 1 1 12 5 1 11 |1 1 1 1 1 8 7 1 1 1 1 1 10 1 10 9 |1 1 3 1 1 21 1 5 1 1 14 1 9 1 1 1 |1 5 1 1 6 1 1 10 1 4 1 12 1 1 1 1 |1 1 9 13 1 5 7 15 1 1 14 1 6 11 1 1 |1 1 1 1 1 13 9 4 1 8 9 1 1 1 9 4 |2 1 1 1 2 1 1 14 1 1 1 5 1 9 1 9 |1 1 1 1 1 1 1 13 1 1 1 1 1 1 10 1 |1 1 1 1 1 14 8 2 1 5 15 1 1 12 1 1 |
2297: 1 1 1 9 6 1 1 13 1 1 1 4 1 1 5 1 |1 1 9 1 6 1 1 1 1 1 3 1 1 1 11 1 |1 1 6 1 1 2 4 6 4 1 1 7 1 1 1 2 |1 1 1 4 1 1 1 1 1 8 1 1 1 6 1 11 |1 1 1 2 1 11 8 1 1 1 1 1 10 1 12 6 |1 1 4 1 5 12 1 1 1 1 14 1 9 1 1 1 |1 4 9 1 6 1 1 9 1 6 1 12 1 1 1 1 |1 1 9 13 1 5 7 15 1 1 14 1 6 11 1 1 |1 1 1 1 1 13 9 4 1 8 9 1 1 1 9 4 |2 1 1 1 2 1 1 14 1 1 1 5 1 9 1 9 |1 1 1 1 1 1 1 13 1 1 1 1 1 1 10 1 |1 1 1 1 1 14 8 2 1 5 15 1 1 12 1 1 |
2308: 1 1 1 9 6 1 1 13 1 1 1 4 1 1 5 1 |1 1 9 1 6 1 1 1 1 1 3 1 1 1 11 1 |1 1 6 1 1 2 4 6 4 1 1 7 1 1 1 2 |1 1 1 4 1 1 1 1 1 8 1 1 1 6 1 11 |1 1 1 2 1 11 8 1 1 1 1 1 10 1 12 6 |1 1 4 1 5 12 1 1 1 1 14 1 9 1 1 1 |1 4 9 1 6 1 1 9 1 6 1 12 1 1 1 1 |1 1 1 13 1 1 1 12 1 1 8 1 1 14 1 8 |1 1 1 1 3 15 2 4 2 9 4 1 1 1 8 5 |1 1 1 1 1 7 1 14 8 12 1 5 1 8 1 3 |1 1 1 1 1 1 1 15 1 1 11 7 1 1 9 2 |1 1 1 1 1 15 4 4 1 1 15 1 1 4 1 1 |
2318: 1 1 1 9 6 1 1 13 1 1 1 4 1 1 5 1 |1 1 9 1 6 1 1 1 1 1 3 1 1 1 11 1 |1 1 6 1 1 2 4 6 4 1 1 7 1 1 1 2 |1 1 1 4 1 1 1 1 1 8 1 1 1 6 1 11 |1 1 1 2 1 11 8 1 1 1 1 1 10 1 12 6 |1 1 4 1 5 12 1 1 1 1 14 1 9 1 1 1 |1 4 9 1 6 1 1 9 1 6 1 12 1 1 1 1 |1 1 1 13 1 1 1 12 1 1 8 1 1 14 1 8 |1 1 1 1 3 15 2 4 2 9 4 1 1 1 8 5 |1 1 1 1 1 7 1 14 8 12 1 5 1 8 1 3 |1 1 1 1 1 1 1 15 1 1 11 7 1 1 9 2 |1 1 1 1 1 15 4 4 1 1 15 1 1 4 1 1 |
2329: 1 1 1 2 1 9 6 8 1 1 1 1 1 2 6 1 |1 1 2 1 4 6 1 1 1 1 4 11 1 1 15 1 |1 1 7 1 3 6 12 10 6 1 8 7 1 1 1 3 |1 1 1 4 1 2 9 1 6 7 1 1 1 7 1 10 |1 1 1 1 1 5 1 1 1 1 1 1 10 1 12 5 |1 1 4 1 5 12 1 1 1 1 14 1 9 1 1 1 |1 4 9 1 6 1 1 9 1 6 1 12 1 1 1 1 |1 1 1 13 1 1 1 12 1 1 8 1 1 14 1 8 |1 1 1 1 3 15 2 4 2 9 4 1 1 1 8 5 |1 1 1 1 1 7 1 14 8 12 1 5 1 8 1 3 |1 1 1 1 1 1 1 15 1 1 11 7 1 1 9 2 |1 1 1 1 1 15 4 4 1 1 15 1 1 4 1 1 |
2340: 1 1 1 2 1 9 6 8 1 1 1 1 1 2 6 1 |1 1 2 1 4 6 1 1 1 1 4 11 1 1 15 1 |1 1 7 1 3 6 12 10 6 1 8 7 1 1 1 3 |1 1 1 4 1 2 9 1 6 7 1 1 1 7 1 10 |1 1 1 1 1 5 1 1 1 1 1 1 10 1 12 5 |1 1 1 1 2 11 1 1 1 1 11 1 9 1 1 1 |1 2 1 1 1 1 1 8 1 2 1 12 1 1 1 1 |1 1 10 8 1 7 1 13 1 1 15 1 1 12 1 1 |1 1 1 1 1 15 5 1 1 9 4 1 13 1 4 1 |2 1 1 1 1 1 1 3 1 15 1 1 1 9 1 5 |1 1 3 1 1 1 1 1 5 11 7 3 1 1 9 1 |1 1 1 1 1 16 7 1 1 3 14 1 1 1 1 1 |
2350: 1 1 1 2 1 9 6 8 1 1 1 1 1 2 6 1 |1 1 2 1 4 6 1 1 1 1 4 11 1 1 15 1 |1 1 7 1 3 6 12 10 6 1 8 7 1 1 1 3 |1 1 1 4 1 2 9 1 6 7 1 1 1 7 1 10 |1 1 1 1 1 5 1 1 1 1 1 1 10 1 12 5 |1 1 1 1 2 11 1 1 1 1 11 1 9 1 1 1 |1 2 1 1 1 1 1 8 1 2 1 12 1 1 1 1 |1 1 10 8 1 7 1 13 1 1 15 1 1 12 1 1 |1 1 1 1 1 15 5 1 1 9 4 1 13 1 4 1 |2 1 1 1 1 1 1 3 1 15 1 1 1 9 1 5 |1 1 3 1 1 1 1 1 5 11 7 3 1 1 9 1 |1 1 1 1 1 16 7 1 1 3 14 1 1 1 1 1 |
2361: 1 1 1 1 1 7 7 5 1 4 1 4 1 1 3 1 |1 1 1 1 1 7 1 1 1 1 1 1 1 2 12 1 |1 1 6 1 1 1 7 6 1 1 7 4 1 1 1 1 |1 1 1 1 1 5 6 1 7 8 1 1 1 8 1 10 |1 1 1 1 1 8 7 1 1 1 1 1 1 2 7 7 |1 1 1 1 2 11 1 1 1 1 11 1 9 1 1 1 |1 2 1 1 1 1 1 8 1 2 1 12 1 1 1 1 |1 1 10 8 1 7 1 13 1 1 15 1 1 12 1 1 |1 1 1 1 1 15 5 1 1 9 4 1 13 1 4 1 |2 1 1 1 1 1 1 3 1 15 1 1 1 9 1 5 |1 1 3 1 1 1 1 1 5 11 7 3 1 1 9 1 |1 1 1 1 1 16 7 1 1 3 14 1 1 1 1 1 |
2373: 1 1 1 1 1 7 7 5 1 4 1 4 1 1 3 1 |1 1 1 1 1 7 1 1 1 1 1 1 1 2 12 1 |1 1 6 1 1 1 7 6 1 1 7 4 1 1 1 1 |1 1 1 1 1 5 6 1 7 8 1 1 1 8 1 10 |1 1 1 1 1 8 7 1 1 1 1 1 1 2 7 7 |1 1 3 1 1 17 1 3 1 1 14 1 10 1 1 1 |1 12 1 1 1 1 1 8 1 1 1 10 1 1 1 4 |11 1 4 13 1 4 3 1 1 1 10 1 1 4 3 9 |1 1 1 1 1 13 3 11 1 9 9 1 2 1 1 1 |1 1 1 1 2 1 1 13 3 9 1 1 1 1 1 7 |8 1 1 1 1 1 1 2 1 1 1 1 1 1 9 1 |2 1 1 1 1 1 3 1 1 6 15 1 1 12 1 1 |
2384: 1 1 1 1 1 7 7 5 1 4 1 4 1 1 3 1 |1 1 1 1 1 7 1 1 1 1 1 1 1 2 12 1 |1 1 6 1 1 1 7 6 1 1 7 4 1 1 1 1 |1 1 1 1 1 5 6 1 7 8 1 1 1 8 1 10 |1 1 1 1 1 8 7 1 1 1 1 1 1 2 7 7 |1 1 3 1 1 17 1 3 1 1 14 1 10 1 1 1 |1 12 1 1 1 1 1 8 1 1 1 10 1 1 1 4 |11 1 4 13 1 4 3 1 1 1 10 1 1 4 3 9 |1 1 1 1 1 13 3 11 1 9 9 1 2 1 1 1 |1 1 1 1 2 1 1 13 3 9 1 1 1 1 1 7 |8 1 1 1 1 1 1 2 1 1 1 1 1 1 9 1 |2 1 1 1 1 1 3 1 1 6 15 1 1 12 1 1 |
2394: 1 1 1 7 6 1 1 1 1 1 1 1 1 1 2 1 |1 1 2 1 1 1 1 1 1 1 1 10 1 1 6 1 |1 1 7 1 1 6 1 1 4 1 5 8 1 1 1 1 |1 1 1 1 1 1 1 1 7 6 1 1 4 5 1 10 |1 1 1 1 1 8 7 1 1 1 1 1 1 2 7 7 |1 1 3 1 1 17 1 3 1 1 14 1 10 1 1 1 |1 12 1 1 1 1 1 8 1 1 1 10 1 1 1 4 |11 1 4 13 1 4 3 1 1 1 10 1 1 4 3 9 |1 1 1 1 1 13 3 11 1 9 9 1 2 1 1 1 |1 1 1 1 2 1 1 13 3 9 1 1 1 1 1 7 |8 1 1 1 1 1 1 2 1 1 1 1 1 1 9 1 |2 1 1 1 1 1 3 1 1 6 15 1 1 12 1 1 |
2405: 1 1 1 7 6 1 1 1 1 1 1 1 1 1 2 1 |1 1 2 1 1 1 1 1 1 1 1 10 1 1 6 1 |1 1 7 1 1 6 1 1 4 1 5 8 1 1 1 1 |1 1 1 1 1 1 1 1 7 6 1 1 4 5 1 10 |1 1 1 1 1 7 8 1 1 1 1 1 13 1 13 8 |6 1 1 1 4 3 1 1 1 1 16 1 10 1 1 1 |1 5 3 1 1 1 1 9 1 4 1 12 1 1 1 1 |1 1 2 14 1 4 1 15 1 1 14 1 1 16 1 1 |1 1 1 1 12 10 1 10 1 1 9 10 1 1 2 1 |2 1 1 1 1 1 1 13 8 13 1 6 1 5 1 1 |1 1 1 1 1 1 1 13 4 5 11 3 1 1 2 1 |2 1 1 1 1 1 3 1 1 6 15 1 1 12 1 1 |
2415: 1 1 1 7 6 1 1 1 1 1 1 1 1 1 2 1 |1 1 2 1 1 1 1 1 1 1 1 10 1 1 6 1 |1 1 7 1 1 6 1 1 4 1 5 8 1 1 1 1 |1 1 1 1 1 1 1 1 7 6 1 1 4 5 1 10 |1 1 1 1 1 7 8 1 1 1 1 1 13 1 13 8 |6 1 1 1 4 3 1 1 1 1 16 1 10 1 1 1 |1 5 3 1 1 1 1 9 1 4 1 12 1 1 1 1 |1 1 2 14 1 4 1 15 1 1 14 1 1 16 1 1 |1 1 1 1 12 10 1 10 1 1 9 10 1 1 2 1 |2 1 1 1 1 1 1 13 8 13 1 6 1 5 1 1 |1 1 1 1 1 1 1 13 4 5 11 3 1 1 2 1 |1 1 1 8 1 14 12 5 1 1 11 1 1 13 1 1 |
2426: 1 1 1 1 1 6 7 8 1 1 1 5 1 1 8 3 |2 1 8 1 6 1 1 1 1 1 1 14 4 2 8 1 |1 1 7 1 1 6 1 1 4 1 5 8 1 1 1 1 |1 1 1 1 1 1 1 1 7 6 1 1 4 5 1 10 |1 1 1 1 1 7 8 1 1 1 1 1 13 1 13 8 |6 1 1 1 4 3 1 1 1 1 16 1 10 1 1 1 |1 5 3 1 1 1 1 9 1 4 1 12 1 1 1 1 |1 1 2 14 1 4 1 15 1 1 14 1 1 16 1 1 |1 1 1 1 12 10 1 10 1 1 9 10 1 1 2 1 |2 1 1 1 1 1 1 13 8 13 1 6 1 5 1 1 |1 1 1 1 1 1 1 13 4 5 11 3 1 1 2 1 |1 1 1 8 1 14 12 5 1 1 11 1 1 13 1 1 |
2438: 1 1 1 1 1 6 7 8 1 1 1 5 1 1 8 3 |2 1 8 1 6 1 1 1 1 1 1 14 4 2 8 1 |1 1 8 1 1 8 13 8 4 1 4 1 1 1 1 2 |1 1 1 5 1 5 3 1 1 8 1 1 1 6 1 10 |1 1 1 1 6 10 9 1 1 1 1 1 11 1 11 7 |1 1 1 1 1 10 1 4 1 1 13 1 10 1 1 1 |1 4 9 1 1 1 1 9 1 5 1 12 1 4 1 1 |6 1 1 15 1 1 1 14 1 1 2 1 1 15 1 9 |1 1 1 1 11 15 8 5 1 1 1 1 1 3 7 3 |2 1 6 1 3 5 1 13 1 15 1 5 1 1 1 7 |5 1 2 1 2 1 1 13 7 4 11 1 1 1 9 1 |1 1 1 8 1 14 12 5 1 1 11 1 1 13 1 1 |
2448: 1 1 1 1 1 6 7 8 1 1 1 5 1 1 8 3 |2 1 8 1 6 1 1 1 1 1 1 14 4 2 8 1 |1 1 8 1 1 8 13 8 4 1 4 1 1 1 1 2 |1 1 1 5 1 5 3 1 1 8 1 1 1 6 1 10 |1 1 1 1 6 10 9 1 1 1 1 1 11 1 11 7 |1 1 1 1 1 10 1 4 1 1 13 1 10 1 1 1 |1 4 9 1 1 1 1 9 1 5 1 12 1 4 1 1 |6 1 1 15 1 1 1 14 1 1 2 1 1 15 1 9 |1 1 1 1 11 15 8 5 1 1 1 1 1 3 7 3 |2 1 6 1 3 5 1 13 1 15 1 5 1 1 1 7 |5 1 2 1 2 1 1 13 7 4 11 1 1 1 9 1 |1 1 1 1 1 1 1 12 1 1 16 1 1 1 1 1 |
2458: 1 1 1 1 1 8 5 1 1 3 1 1 1 2 1 1 |1 1 8 1 5 1 1 1 1 1 1 9 1 1 12 1 |1 1 8 1 1 8 13 8 4 1 4 1 1 1 1 2 |1 1 1 5 1 5 3 1 1 8 1 1 1 6 1 10 |1 1 1 1 6 10 9 1 1 1 1 1 11 1 11 7 |1 1 1 1 1 10 1 4 1 1 13 1 10 1 1 1 |1 4 9 1 1 1 1 9 1 5 1 12 1 4 1 1 |6 1 1 15 1 1 1 14 1 1 2 1 1 15 1 9 |1 1 1 1 11 15 8 5 1 1 1 1 1 3 7 3 |2 1 6 1 3 5 1 13 1 15 1 5 1 1 1 7 |5 1 2 1 2 1 1 13 7 4 11 1 1 1 9 1 |1 1 1 1 1 1 1 12 1 1 16 1 1 1 1 1 |
2468: 1 1 1 1 1 8 5 1 1 3 1 1 1 2 1 1 |1 1 8 1 5 1 1 1 1 1 1 9 1 1 12 1 |1 1 6 1 1 1 12 9 3 1 7 1 1 1 1 1 |1 1 1 8 1 1 1 1 6 9 1 1 1 7 1 9 |1 1 1 1 1 10 9 1 1 1 1 1 10 1 8 7 |1 1 1 1 5 16 1 3 1 1 14 1 11 1 1 1 |1 10 1 1 1 1 1 8 1 1 1 12 1 1 1 1 |4 1 1 7 1 2 3 4 1 1 9 1 1 15 2 1 |1 1 1 1 11 15 8 5 1 1 1 1 1 3 7 3 |2 1 6 1 3 5 1 13 1 15 1 5 1 1 1 7 |5 1 2 1 2 1 1 13 7 4 11 1 1 1 9 1 |1 1 1 1 1 1 1 12 1 1 16 1 1 1 1 1 |
2479: 1 1 1 1 1 8 5 1 1 3 1 1 1 2 1 1 |1 1 8 1 5 1 1 1 1 1 1 9 1 1 12 1 |1 1 6 1 1 1 12 9 3 1 7 1 1 1 1 1 |1 1 1 8 1 1 1 1 6 9 1 1 1 7 1 9 |1 1 1 1 1 10 9 1 1 1 1 1 10 1 8 7 |1 1 1 1 5 16 1 3 1 1 14 1 11 1 1 1 |1 10 1 1 1 1 1 8 1 1 1 12 1 1 1 1 |4 1 1 7 1 2 3 4 1 1 9 1 1 15 2 1 |1 1 1 1 1 13 1 8 2 1 10 3 10 1 1 1 |1 1 14 1 2 3 1 13 3 14 1 7 1 8 1 5 |1 1 1 1 1 1 1 1 1 1 1 1 1 1 10 1 |1 1 2 1 6 10 1 1 1 4 13 1 1 13 1 4 |
2489: 1 1 1 1 1 8 5 1 1 3 1 1 1 2 1 1 |1 1 8 1 5 1 1 1 1 1 1 9 1 1 12 1 |1 1 6 1 1 1 12 9 3 1 7 1 1 1 1 1 |1 1 1 8 1 1 1 1 6 9 1 1 1 7 1 9 |1 1 1 1 1 10 9 1 1 1 1 1 10 1 8 7 |1 1 1 1 5 16 1 3 1 1 14 1 11 1 1 1 |1 10 1 1 1 1 1 8 1 1 1 12 1 1 1 1 |4 1 1 7 1 2 3 4 1 1 9 1 1 15 2 1 |1 1 1 1 1 13 1 8 2 1 10 3 10 1 1 1 |1 1 14 1 2 3 1 13 3 14 1 7 1 8 1 5 |1 1 1 1 1 1 1 1 1 1 1 1 1 1 10 1 |1 1 2 1 6 10 1 1 1 4 13 1 1 13 1 4 |
2499: 1 1 1 8 7 1 1 14 1 1 1 3 1 1 7 4 |5 1 10 1 1 1 1 1 1 1 1 11 1 1 11 1 |1 1 10 1 1 7 13 6 5 1 1 7 1 1 1 1 |1 1 1 3 1 1 1 1 7 6 1 5 1 9 1 13 |1 1 1 1 1 11 6 1 1 1 1 1 9 1 11 7 |1 1 3 1 5 11 1 1 1 1 12 1 9 2 1 1 |1 10 1 1 1 1 1 8 1 1 1 12 1 1 1 1 |4 1 1 7 1 2 3 4 1 1 9 1 1 15 2 1 |1 1 1 1 1 13 1 8 2 1 10 3 10 1 1 1 |1 1 14 1 2 3 1 13 3 14 1 7 1 8 1 5 |1 1 1 1 1 1 1 1 1 1 1 1 1 1 10 1 |1 1 2 1 6 10 1 1 1 4 13 1 1 13 1 4 |
2510: 1 1 1 8 7 1 1 14 1 1 1 3 1 1 7 4 |5 1 10 1 1 1 1 1 1 1 1 11 1 1 11 1 |1 1 10 1 1 7 13 6 5 1 1 7 1 1 1 1 |1 1 1 3 1 1 1 1 7 6 1 5 1 9 1 13 |1 1 1 1 1 11 6 1 1 1 1 1 9 1 11 7 |1 1 3 1 5 11 1 1 1 1 12 1 9 2 1 1 |1 4 8 1 1 1 1 7 1 1 1 11 1 1 1 2 |1 1 11 6 1 4 9 8 1 1 8 1 1 14 1 9 |1 1 1 4 10 14 1 3 2 1 1 2 3 1 6 6 |1 1 1 1 1 1 1 12 2 11 1 6 1 9 1 8 |1 1 1 1 1 1 1 15 1 1 10 9 1 1 7 1 |1 1 1 6 1 16 1 1 1 1 3 1 1 12 1 11 |
2520: 1 1 1 8 7 1 1 14 1 1 1 3 1 1 7 4 |5 1 10 1 1 1 1 1 1 1 1 11 1 1 11 1 |1 1 10 1 1 7 13 6 5 1 1 7 1 1 1 1 |1 1 1 3 1 1 1 1 7 6 1 5 1 9 1 13 |1 1 1 1 1 11 6 1 1 1 1 1 9 1 11 7 |1 1 3 1 5 11 1 1 1 1 12 1 9 2 1 1 |1 4 8 1 1 1 1 7 1 1 1 11 1 1 1 2 |1 1 11 6 1 4 9 8 1 1 8 1 1 14 1 9 |1 1 1 4 10 14 1 3 2 1 1 2 3 1 6 6 |1 1 1 1 1 1 1 12 2 11 1 6 1 9 1 8 |1 1 1 1 1 1 1 15 1 1 10 9 1 1 7 1 |1 1 1 6 1 16 1 1 1 1 3 1 1 12 1 11 |
2532: 1 1 1 6 6 7 8 7 1 1 1 1 1 1 2 4 |4 1 1 1 5 1 1 1 1 1 1 10 1 1 1 1 |1 1 8 1 1 10 13 6 5 1 1 8 1 1 1 1 |1 1 1 2 1 6 6 1 9 5 1 1 1 9 1 9 |1 1 1 1 1 11 6 1 1 1 1 1 9 1 11 7 |1 1 3 1 5 11 1 1 1 1 12 1 9 2 1 1 |1 4 8 1 1 1 1 7 1 1 1 11 1 1 1 2 |1 1 11 6 1 4 9 8 1 1 8 1 1 14 1 9 |1 1 1 4 10 14 1 3 2 1 1 2 3 1 6 6 |1 1 1 1 1 1 1 12 2 11 1 6 1 9 1 8 |1 1 1 1 1 1 1 15 1 1 10 9 1 1 7 1 |1 1 1 6 1 16 1 1 1 1 3 1 1 12 1 11 |
2542: 1 1 1 6 6 7 8 7 1 1 1 1 1 1 2 4 |4 1 1 1 5 1 1 1 1 1 1 10 1 1 1 1 |1 1 8 1 1 10 13 6 5 1 1 8 1 1 1 1 |1 1 1 2 1 6 6 1 9 5 1 1 1 9 1 9 |1 1 1 1 1 16 8 1 1 1 1 1 11 1 10 7 |1 1 1 1 5 11 1 1 1 1 12 1 9 1 1 1 |1 4 4 1 1 1 1 1 1 1 1 11 1 1 1 1 |6 1 1 12 1 1 1 5 1 1 14 1 1 1 1 8 |1 4 2 1 13 9 10 4 2 10 10 1 12 1 1 1 |1 1 5 1 1 7 1 1 1 14 1 1 1 1 1 7 |1 1 2 1 7 1 1 14 4 8 10 1 1 1 9 1 |1 1 1 7 1 8 9 1 1 1 19 1 1 11 1 1 |
2554: 1 1 1 6 6 7 8 7 1 1 1 1 1 1 2 4 |4 1 1 1 5 1 1 1 1 1 1 10 1 1 1 1 |1 1 8 1 1 10 13 6 5 1 1 8 1 1 1 1 |1 1 1 2 1 6 6 1 9 5 1 1 1 9 1 9 |1 1 1 1 1 16 8 1 1 1 1 1 11 1 10 7 |1 1 1 1 5 11 1 1 1 1 12 1 9 1 1 1 |1 4 4 1 1 1 1 1 1 1 1 11 1 1 1 1 |6 1 1 12 1 1 1 5 1 1 14 1 1 1 1 8 |1 4 2 1 13 9 10 4 2 10 10 1 12 1 1 1 |1 1 5 1 1 7 1 1 1 14 1 1 1 1 1 7 |1 1 2 1 7 1 1 14 4 8 10 1 1 1 9 1 |1 1 1 7 1 8 9 1 1 1 19 1 1 11 1 1 |
2565: 1 1 1 1 1 7 11 10 1 4 1 4 1 1 9 1 |1 1 9 1 4 6 1 1 1 1 1 10 5 1 11 1 |1 1 6 1 1 1 12 3 6 1 8 4 1 1 1 1 |1 1 1 7 1 6 1 1 7 8 1 7 1 8 1 9 |1 1 1 1 1 9 8 1 1 1 1 1 1 2 5 8 |1 1 1 1 4 17 1 1 1 1 12 1 9 1 1 1 |1 4 4 1 1 1 1 1 1 1 1 11 1 1 1 1 |6 1 1 12 1 1 1 5 1 1 14 1 1 1 1 8 |1 4 2 1 13 9 10 4 2 10 10 1 12 1 1 1 |1 1 5 1 1 7 1 1 1 14 1 1 1 1 1 7 |1 1 2 1 7 1 1 14 4 8 10 1 1 1 9 1 |1 1 1 7 1 8 9 1 1 1 19 1 1 11 1 1 |
2575: 1 1 1 1 1 7 11 10 1 4 1 4 1 1 9 1 |1 1 9 1 4 6 1 1 1 1 1 10 5 1 11 1 |1 1 6 1 1 1 12 3 6 1 8 4 1 1 1 1 |1 1 1 7 1 6 1 1 7 8 1 7 1 8 1 9 |1 1 1 1 1 9 8 1 1 1 1 1 1 2 5 8 |1 1 1 1 4 17 1 1 1 1 12 1 9 1 1 1 |1 9 5 1 1 1 1 9 1 1 1 12 1 1 1 1 |7 1 6 15 1 5 1 17 1 1 15 1 1 13 1 1 |1 1 1 1 1 2 9 4 1 9 4 1 1 1 7 3 |1 1 3 1 1 1 1 16 3 1 1 6 1 7 1 5 |1 1 2 1 1 1 1 7 1 1 1 2 1 1 8 1 |1 4 1 2 1 15 5 1 1 4 15 1 1 12 1 5 |
2586: 1 1 1 1 1 7 11 10 1 4 1 4 1 1 9 1 |1 1 9 1 4 6 1 1 1 1 1 10 5 1 11 1 |1 1 6 1 1 1 12 3 6 1 8 4 1 1 1 1 |1 1 1 7 1 6 1 1 7 8 1 7 1 8 1 9 |1 1 1 1 1 9 8 1 1 1 1 1 1 2 5 8 |1 1 1 1 4 17 1 1 1 1 12 1 9 1 1 1 |1 9 5 1 1 1 1 9 1 1 1 12 1 1 1 1 |7 1 6 15 1 5 1 17 1 1 15 1 1 13 1 1 |1 1 1 1 1 2 9 4 1 9 4 1 1 1 7 3 |1 1 3 1 1 1 1 16 3 1 1 6 1 7 1 5 |1 1 2 1 1 1 1 7 1 1 1 2 1 1 8 1 |1 4 1 2 1 15 5 1 1 4 15 1 1 12 1 5 |
2597: 1 1 1 1 1 1 1 2 1 1 1 1 1 1 8 1 |1 1 2 1 4 1 1 1 1 1 1 1 1 1 14 1 |1 1 7 1 1 6 13 7 1 1 2 5 1 1 1 2 |1 1 1 7 1 6 1 1 7 8 1 7 1 8 1 9 |1 1 1 1 1 9 8 1 1 1 1 1 1 2 5 8 |1 1 1 1 4 17 1 1 1 1 12 1 9 1 1 1 |1 9 5 1 1 1 1 9 1 1 1 12 1 1 1 1 |7 1 6 15 1 5 1 17 1 1 15 1 1 13 1 1 |1 1 1 1 1 2 9 4 1 9 4 1 1 1 7 3 |1 1 3 1 1 1 1 16 3 1 1 6 1 7 1 5 |1 1 2 1 1 1 1 7 1 1 1 2 1 1 8 1 |1 4 1 2 1 15 5 1 1 4 15 1 1 12 1 5 |
2607: 1 1 1 1 1 1 1 2 1 1 1 1 1 1 8 1 |1 1 2 1 4 1 1 1 1 1 1 1 1 1 14 1 |1 1 7 1 1 6 13 7 1 1 2 5 1 1 1 2 |1 1 1 5 1 1 1 1 1 6 1 1 9 7 1 9 |1 1 1 1 1 8 9 1 1 1 1 1 11 1 13 7 |1 1 3 1 4 12 1 2 1 1 12 1 9 1 1 1 |1 4 7 2 7 1 1 1 1 1 1 10 1 1 2 1 |1 1 1 15 1 1 1 12 1 1 14 1 1 13 1 1 |1 1 1 1 11 15 3 1 1 1 1 1 1 2 1 1 |2 1 1 1 1 2 1 12 2 16 1 5 1 7 1 6 |6 1 1 12 1 1 1 15 3 1 9 8 1 2 2 1 |1 1 1 1 1 1 4 1 1 1 6 1 1 12 1 12 |
2618: 1 1 1 1 1 1 1 2 1 1 1 1 1 1 8 1 |1 1 2 1 4 1 1 1 1 1 1 1 1 1 14 1 |1 1 7 1 1 6 13 7 1 1 2 5 1 1 1 2 |1 1 1 5 1 1 1 1 1 6 1 1 9 7 1 9 |1 1 1 1 1 8 9 1 1 1 1 1 11 1 13 7 |1 1 3 1 4 12 1 2 1 1 12 1 9 1 1 1 |1 4 7 2 7 1 1 1 1 1 1 10 1 1 2 1 |1 1 1 15 1 1 1 12 1 1 14 1 1 13 1 1 |1 1 1 1 11 15 3 1 1 1 1 1 1 2 1 1 |2 1 1 1 1 2 1 12 2 16 1 5 1 7 1 6 |6 1 1 12 1 1 1 15 3 1 9 8 1 2 2 1 |1 1 1 1 1 1 4 1 1 1 6 1 1 12 1 12 |
2629: 1 4 1 1 1 6 9 14 1 1 1 1 1 1 6 1 |1 1 9 1 7 1 1 1 1 1 1 13 1 2 14 1 |1 1 7 1 1 7 1 8 4 1 9 6 1 1 1 1 |1 1 1 5 1 1 1 1 1 6 1 1 9 7 1 9 |1 1 1 1 1 8 9 1 1 1 1 1 11 1 13 7 |1 1 3 1 4 12 1 2 1 1 12 1 9 1 1 1 |1 4 7 2 7 1 1 1 1 1 1 10 1 1 2 1 |1 1 1 15 1 1 1 12 1 1 14 1 1 13 1 1 |1 1 1 1 11 15 3 1 1 1 1 1 1 2 1 1 |2 1 1 1 1 2 1 12 2 16 1 5 1 7 1 6 |6 1 1 12 1 1 1 15 3 1 9 8 1 2 2 1 |1 1 1 1 1 1 4 1 1 1 6 1 1 12 1 12 |
2639: 1 4 1 1 1 6 9 14 1 1 1 1 1 1 6 1 |1 1 9 1 7 1 1 1 1 1 1 13 1 2 14 1 |1 1 7 1 1 7 1 8 4 1 9 6 1 1 1 1 |1 1 1 2 1 4 7 1 5 9 1 1 1 7 1 12 |1 1 1 1 1 13 6 1 1 1 1 1 10 1 13 9 |1 1 1 1 5 10 1 1 1 1 12 1 7 1 3 1 |1 5 9 6 4 1 1 8 1 1 1 9 1 3 1 1 |7 1 2 15 1 1 1 3 1 1 2 1 1 13 1 10 |1 1 1 1 1 16 11 10 6 6 1 1 11 1 1 1 |1 1 4 1 1 1 1 1 1 13 1 5 1 9 1 1 |1 1 4 1 3 1 1 1 7 4 1 10 1 1 11 1 |1 1 1 1 1 1 4 1 1 1 6 1 1 12 1 12 |
2650: 1 4 1 1 1 6 9 14 1 1 1 1 1 1 6 1 |1 1 9 1 7 1 1 1 1 1 1 13 1 2 14 1 |1 1 7 1 1 7 1 8 4 1 9 6 1 1 1 1 |1 1 1 2 1 4 7 1 5 9 1 1 1 7 1 12 |1 1 1 1 1 13 6 1 1 1 1 1 10 1 13 9 |1 1 1 1 5 10 1 1 1 1 12 1 7 1 3 1 |1 5 9 6 4 1 1 8 1 1 1 9 1 3 1 1 |7 1 2 15 1 1 1 3 1 1 2 1 1 13 1 10 |1 1 1 1 1 16 11 10 6 6 1 1 11 1 1 1 |1 1 4 1 1 1 1 1 1 13 1 5 1 9 1 1 |1 1 4 1 3 1 1 1 7 4 1 10 1 1 11 1 |1 1 1 1 1 17 8 1 1 1 17 1 1 13 1 1 |
2661: 1 1 1 1 8 7 1 1 1 1 1 1 1 1 1 1 |1 1 1 1 3 2 1 1 1 1 1 1 1 1 12 1 |1 1 8 1 1 1 12 7 4 1 1 6 1 1 1 2 |1 1 1 2 1 4 7 1 5 9 1 1 1 7 1 12 |1 1 1 1 1 13 6 1 1 1 1 1 10 1 13 9 |1 1 1 1 5 10 1 1 1 1 12 1 7 1 3 1 |1 5 9 6 4 1 1 8 1 1 1 9 1 3 1 1 |7 1 2 15 1 1 1 3 1 1 2 1 1 13 1 10 |1 1 1 1 1 16 11 10 6 6 1 1 11 1 1 1 |1 1 4 1 1 1 1 1 1 13 1 5 1 9 1 1 |1 1 4 1 3 1 1 1 7 4 1 10 1 1 11 1 |1 1 1 1 1 17 8 1 1 1 17 1 1 13 1 1 |
2673: 1 1 1 1 8 7 1 1 1 1 1 1 1 1 1 1 |1 1 1 1 3 2 1 1 1 1 1 1 1 1 12 1 |1 1 8 1 1 1 12 7 4 1 1 6 1 1 1 2 |1 1 1 1 1 5 7 1 8 4 1 1 1 7 1 9 |1 1 1 1 1 9 7 1 1 1 1 1 11 1 11 7 |1 1 2 1 1 5 1 1 1 1 13 1 10 1 1 1 |1 3 1 1 1 1 1 9 1 1 1 11 1 1 1 1 |6 1 1 14 1 1 10 13 1 1 1 1 1 12 1 1 |1 1 1 1 1 16 9 3 1 1 1 1 2 1 6 4 |1 1 1 1 3 1 1 13 3 11 1 6 1 2 1 7 |5 1 1 1 7 1 1 14 1 1 1 1 1 1 10 1 |1 1 1 1 1 17 8 1 1 1 17 1 1 13 1 1 |
2684: 1 1 1 1 8 7 1 1 1 1 1 1 1 1 1 1 |1 1 1 1 3 2 1 1 1 1 1 1 1 1 12 1 |1 1 8 1 1 1 12 7 4 1 1 6 1 1 1 2 |1 1 1 1 1 5 7 1 8 4 1 1 1 7 1 9 |1 1 1 1 1 9 7 1 1 1 1 1 11 1 11 7 |1 1 2 1 1 5 1 1 1 1 13 1 10 1 1 1 |1 3 1 1 1 1 1 9 1 1 1 11 1 1 1 1 |6 1 1 14 1 1 10 13 1 1 1 1 1 12 1 1 |1 1 1 1 1 16 9 3 1 1 1 1 2 1 6 4 |1 1 1 1 3 1 1 13 3 11 1 6 1 2 1 7 |5 1 1 1 7 1 1 14 1 1 1 1 1 1 10 1 |1 6 1 1 1 13 5 12 1 3 15 1 1 4 1 17 |
2694: 1 1 1 7 6 1 12 1 1 1 1 1 1 1 6 1 |1 1 1 1 4 1 1 1 1 1 1 1 1 1 11 1 |1 1 8 1 1 1 12 7 4 1 1 6 1 1 1 2 |1 1 1 1 1 5 7 1 8 4 1 1 1 7 1 9 |1 1 1 1 1 9 7 1 1 1 1 1 11 1 11 7 |1 1 2 1 1 5 1 1 1 1 13 1 10 1 1 1 |1 3 1 1 1 1 1 9 1 1 1 11 1 1 1 1 |6 1 1 14 1 1 10 13 1 1 1 1 1 12 1 1 |1 1 1 1 1 16 9 3 1 1 1 1 2 1 6 4 |1 1 1 1 3 1 1 13 3 11 1 6 1 2 1 7 |5 1 1 1 7 1 1 14 1 1 1 1 1 1 10 1 |1 6 1 1 1 13 5 12 1 3 15 1 1 4 1 17 |
2705: 1 1 1 7 6 1 12 1 1 1 1 1 1 1 6 1 |1 1 1 1 4 1 1 1 1 1 1 1 1 1 11 1 |1 1 9 1 1 5 13 6 1 1 1 6 1 1 1 2 |1 1 1 3 1 1 1 1 7 6 1 1 1 9 1 9 |1 1 1 1 4 8 9 1 1 1 1 1 10 1 14 1 |1 1 3 1 3 11 1 5 1 1 13 1 8 1 2 1 |1 8 7 1 5 1 1 1 1 1 1 10 1 1 1 1 |1 1 1 15 1 4 8 2 1 1 14 1 1 13 1 1 |2 1 1 1 3 13 1 4 1 1 1 1 12 1 1 1 |1 1 1 1 3 1 1 13 3 11 1 6 1 2 1 7 |5 1 1 1 7 1 1 14 1 1 1 1 1 1 10 1 |1 6 1 1 1 13 5 12 1 3 15 1 1 4 1 17 |
2716: 1 1 1 7 6 1 12 1 1 1 1 1 1 1 6 1 |1 1 1 1 4 1 1 1 1 1 1 1 1 1 11 1 |1 1 9 1 1 5 13 6 1 1 1 6 1 1 1 2 |1 1 1 3 1 1 1 1 7 6 1 1 1 9 1 9 |1 1 1 1 4 8 9 1 1 1 1 1 10 1 14 1 |1 1 3 1 3 11 1 5 1 1 13 1 8 1 2 1 |1 8 7 1 5 1 1 1 1 1 1 10 1 1 1 1 |1 1 1 15 1 4 8 2 1 1 14 1 1 13 1 1 |2 1 1 1 3 13 1 4 1 1 1 1 12 1 1 1 |1 1 3 1 2 3 1 14 9 10 1 4 1 1 1 7 |7 1 1 1 1 1 1 13 6 9 10 9 1 1 9 1 |1 1 1 8 1 16 6 4 1 2 1 1 1 12 2 7 |
2726: 1 1 1 6 6 8 9 10 1 1 1 1 1 1 7 1 |1 1 7 1 5 1 1 1 1 1 1 1 1 1 10 1 |1 1 9 1 1 5 13 6 1 1 1 6 1 1 1 2 |1 1 1 3 1 1 1 1 7 6 1 1 1 9 1 9 |1 1 1 1 4 8 9 1 1 1 1 1 10 1 14 1 |1 1 3 1 3 11 1 5 1 1 13 1 8 1 2 1 |1 8 7 1 5 1 1 1 1 1 1 10 1 1 1 1 |1 1 1 15 1 4 8 2 1 1 14 1 1 13 1 1 |2 1 1 1 3 13 1 4 1 1 1 1 12 1 1 1 |1 1 3 1 2 3 1 14 9 10 1 4 1 1 1 7 |7 1 1 1 1 1 1 13 6 9 10 9 1 1 9 1 |1 1 1 8 1 16 6 4 1 2 1 1 1 12 2 7 |
2737: 1 1 1 6 6 8 9 10 1 1 1 1 1 1 7 1 |1 1 7 1 5 1 1 1 1 1 1 1 1 1 10 1 |1 1 8 1 1 7 1 7 5 1 6 7 1 1 1 1 |1 1 1 1 1 5 7 1 7 6 1 6 11 5 1 10 |1 1 1 1 1 12 1 1 1 1 1 1 11 1 9 1 |1 1 1 1 3 10 1 5 1 1 13 1 10 1 1 1 |1 5 9 1 1 1 1 9 1 1 1 11 1 1 1 1 |6 1 1 13 1 1 1 14 1 1 9 1 5 13 1 1 |1 1 1 1 3 13 8 11 1 10 8 1 12 1 6 2 |1 1 5 1 1 1 1 1 1 12 1 8 1 1 1 6 |7 1 1 1 1 1 1 13 6 9 10 9 1 1 9 1 |1 1 1 8 1 16 6 4 1 2 1 1 1 12 2 7 |
2748: 1 1 1 6 6 8 9 10 1 1 1 1 1 1 7 1 |1 1 7 1 5 1 1 1 1 1 1 1 1 1 10 1 |1 1 8 1 1 7 1 7 5 1 6 7 1 1 1 1 |1 1 1 1 1 5 7 1 7 6 1 6 11 5 1 10 |1 1 1 1 1 12 1 1 1 1 1 1 11 1 9 1 |1 1 1 1 3 10 1 5 1 1 13 1 10 1 1 1 |1 5 9 1 1 1 1 9 1 1 1 11 1 1 1 1 |6 1 1 13 1 1 1 14 1 1 9 1 5 13 1 1 |1 1 1 1 3 13 8 11 1 10 8 1 12 1 6 2 |1 1 5 1 1 1 1 1 1 12 1 8 1 1 1 6 |1 1 1 14 9 1 1 15 5 2 6 1 1 1 7 1 |2 1 1 4 1 14 5 1 1 1 16 1 1 13 1 1 |
2760: 1 1 1 1 1 6 5 1 1 1 1 5 1 1 5 1 |1 1 7 1 5 1 1 1 1 1 1 1 1 1 10 1 |1 1 8 1 1 7 1 7 5 1 6 7 1 1 1 1 |1 1 1 1 1 5 7 1 7 6 1 6 11 5 1 10 |1 1 1 1 1 12 1 1 1 1 1 1 11 1 9 1 |1 1 1 1 3 10 1 5 1 1 13 1 10 1 1 1 |1 5 9 1 1 1 1 9 1 1 1 11 1 1 1 1 |6 1 1 13 1 1 1 14 1 1 9 1 5 13 1 1 |1 1 1 1 3 13 8 11 1 10 8 1 12 1 6 2 |1 1 5 1 1 1 1 1 1 12 1 8 1 1 1 6 |1 1 1 14 9 1 1 15 5 2 6 1 1 1 7 1 |2 1 1 4 1 14 5 1 1 1 16 1 1 13 1 1 |
2771: 1 1 1 1 1 6 5 1 1 1 1 5 1 1 5 1 |1 1 1 1 7 1 1 1 1 1 6 1 1 1 1 1 |1 1 7 1 1 1 5 6 6 1 2 8 1 1 1 1 |1 1 1 1 1 5 7 1 6 6 1 1 1 1 1 11 |1 1 1 1 1 7 1 1 1 1 1 1 10 1 11 5 |1 1 1 1 1 19 1 6 1 1 13 1 11 1 2 1 |1 5 2 1 7 1 1 8 1 1 1 1 1 2 2 1 |6 1 8 12 1 2 3 20 1 1 17 1 1 13 1 10 |1 1 1 1 1 16 9 10 1 9 4 1 1 1 7 3 |1 1 4 1 1 1 1 13 2 15 1 6 1 9 1 1 |1 1 1 14 9 1 1 15 5 2 6 1 1 1 7 1 |2 1 1 4 1 14 5 1 1 1 16 1 1 13 1 1 |
2782: 1 1 1 1 1 6 5 1 1 1 1 5 1 1 5 1 |1 1 1 1 7 1 1 1 1 1 6 1 1 1 1 1 |1 1 7 1 1 1 5 6 6 1 2 8 1 1 1 1 |1 1 1 1 1 5 7 1 6 6 1 1 1 1 1 11 |1 1 1 1 1 7 1 1 1 1 1 1 10 1 11 5 |1 1 1 1 1 19 1 6 1 1 13 1 11 1 2 1 |1 5 2 1 7 1 1 8 1 1 1 1 1 2 2 1 |6 1 8 12 1 2 3 20 1 1 17 1 1 13 1 10 |1 1 1 1 1 16 9 10 1 9 4 1 1 1 7 3 |1 1 4 1 1 1 1 13 2 15 1 6 1 9 1 1 |9 1 1 1 1 1 1 1 7 11 1 1 1 1 2 1 |1 1 1 1 1 17 8 1 1 1 14 1 1 4 1 1 |
2793: 1 1 1 1 1 6 5 1 1 1 1 5 1 1 5 1 |1 1 1 1 7 1 1 1 1 1 6 1 1 1 1 1 |1 1 7 1 1 1 5 6 6 1 2 8 1 1 1 1 |1 1 1 1 1 5 7 1 6 6 1 1 1 1 1 11 |1 1 1 1 1 7 1 1 1 1 1 1 10 1 11 5 |1 1 1 1 1 19 1 6 1 1 13 1 11 1 2 1 |1 5 2 1 7 1 1 8 1 1 1 1 1 2 2 1 |6 1 8 12 1 2 3 20 1 1 17 1 1 13 1 10 |1 1 1 1 1 16 9 10 1 9 4 1 1 1 7 3 |1 1 4 1 1 1 1 13 2 15 1 6 1 9 1 1 |9 1 1 1 1 1 1 1 7 11 1 1 1 1 2 1 |1 1 1 1 1 17 8 1 1 1 14 1 1 4 1 1 |
2824: 1 1 1 6 6 7 7 3 1 3 1 1 1 1 5 1 |2 1 8 1 6 8 1 1 1 1 1 10 2 1 11 1 |1 1 9 1 1 9 14 2 8 1 1 8 1 1 1 1 |1 1 1 3 1 1 1 1 6 7 1 4 1 7 1 1 |1 1 1 1 1 7 1 1 1 1 1 1 10 1 11 5 |1 1 1 1 1 19 1 6 1 1 13 1 11 1 2 1 |1 5 2 1 7 1 1 8 1 1 1 1 1 2 2 1 |6 1 8 12 1 2 3 20 1 1 17 1 1 13 1 10 |1 1 1 1 1 16 9 10 1 9 4 1 1 1 7 3 |1 1 4 1 1 1 1 13 2 15 1 6 1 9 1 1 |9 1 1 1 1 1 1 1 7 11 1 1 1 1 2 1 |1 1 1 1 1 17 8 1 1 1 14 1 1 4 1 1 |
2835: 1 1 1 6 6 7 7 3 1 3 1 1 1 1 5 1 |2 1 8 1 6 8 1 1 1 1 1 10 2 1 11 1 |1 1 9 1 1 9 14 2 8 1 1 8 1 1 1 1 |1 1 1 3 1 1 1 1 6 7 1 4 1 7 1 1 |1 1 1 1 7 8 8 1 1 1 1 1 11 1 12 6 |1 1 2 1 6 9 1 1 1 1 13 1 9 2 1 1 |1 10 8 1 1 1 2 1 1 1 1 11 1 1 1 1 |1 1 4 1 1 3 3 1 1 1 9 1 7 12 3 9 |1 1 1 1 12 9 10 4 1 1 1 1 1 2 7 3 |2 1 6 1 1 1 1 9 4 14 1 8 1 9 1 7 |7 1 3 1 1 1 1 16 5 2 1 1 1 1 8 1 |1 2 1 3 1 14 6 1 1 2 14 1 1 1 1 5 |
2846: 1 1 1 6 6 7 7 3 1 3 1 1 1 1 5 1 |2 1 8 1 6 8 1 1 1 1 1 10 2 1 11 1 |1 1 9 1 1 9 14 2 8 1 1 8 1 1 1 1 |1 1 1 3 1 1 1 1 6 7 1 4 1 7 1 1 |1 1 1 1 7 8 8 1 1 1 1 1 11 1 12 6 |1 1 2 1 6 9 1 1 1 1 13 1 9 2 1 1 |1 10 8 1 1 1 2 1 1 1 1 11 1 1 1 1 |1 1 4 1 1 3 3 1 1 1 9 1 7 12 3 9 |1 1 1 1 12 9 10 4 1 1 1 1 1 2 7 3 |2 1 6 1 1 1 1 9 4 14 1 8 1 9 1 7 |7 1 3 1 1 1 1 16 5 2 1 1 1 1 8 1 |1 2 1 3 1 14 6 1 1 2 14 1 1 1 1 5 |
2857: 1 1 1 6 6 8 1 1 1 1 1 6 1 2 1 4 |1 1 9 1 1 1 1 1 1 1 1 9 1 1 10 1 |1 1 9 1 1 9 14 2 8 1 1 8 1 1 1 1 |1 1 1 3 1 1 1 1 6 7 1 4 1 7 1 1 |1 1 1 1 7 8 8 1 1 1 1 1 11 1 12 6 |1 1 2 1 6 9 1 1 1 1 13 1 9 2 1 1 |1 10 8 1 1 1 2 1 1 1 1 11 1 1 1 1 |1 1 4 1 1 3 3 1 1 1 9 1 7 12 3 9 |1 1 1 1 12 9 10 4 1 1 1 1 1 2 7 3 |2 1 6 1 1 1 1 9 4 14 1 8 1 9 1 7 |7 1 3 1 1 1 1 16 5 2 1 1 1 1 8 1 |1 2 1 3 1 14 6 1 1 2 14 1 1 1 1 5 |
2868: 1 1 1 6 6 8 1 1 1 1 1 6 1 2 1 4 |1 1 9 1 1 1 1 1 1 1 1 9 1 1 10 1 |1 1 1 1 1 8 3 8 6 1 1 9 1 1 1 1 |1 1 1 1 1 4 7 1 5 7 1 1 1 6 1 10 |1 1 1 1 1 6 6 1 1 1 1 1 10 2 11 13 |1 1 8 1 5 9 1 6 1 1 14 1 10 1 1 1 |1 5 3 1 1 1 1 1 1 1 1 11 1 1 1 1 |7 1 8 1 1 2 3 14 1 2 10 2 1 15 1 9 |1 1 1 1 13 6 11 4 1 8 5 1 1 1 7 4 |1 1 1 1 2 1 1 16 4 12 1 4 1 8 1 5 |7 1 3 1 1 1 1 16 5 2 1 1 1 1 8 1 |1 2 1 3 1 14 6 1 1 2 14 1 1 1 1 5 |
2879: 1 1 1 6 6 8 1 1 1 1 1 6 1 2 1 4 |1 1 9 1 1 1 1 1 1 1 1 9 1 1 10 1 |1 1 1 1 1 8 3 8 6 1 1 9 1 1 1 1 |1 1 1 1 1 4 7 1 5 7 1 1 1 6 1 10 |1 1 1 1 1 6 6 1 1 1 1 1 10 2 11 13 |1 1 8 1 5 9 1 6 1 1 14 1 10 1 1 1 |1 5 3 1 1 1 1 1 1 1 1 11 1 1 1 1 |7 1 8 1 1 2 3 14 1 2 10 2 1 15 1 9 |1 1 1 1 13 6 11 4 1 8 5 1 1 1 7 4 |1 1 1 1 2 1 1 16 4 12 1 4 1 8 1 5 |1 1 3 1 1 1 1 14 6 16 9 3 1 1 8 1 |1 1 1 1 1 15 6 11 1 5 15 1 1 3 1 1 |
2890: 1 1 1 1 11 6 7 14 1 1 1 1 1 1 1 1 |1 1 1 1 6 1 1 1 1 1 2 11 3 1 10 1 |1 1 7 1 1 2 3 7 6 1 3 6 1 1 1 2 |1 1 1 1 1 4 7 1 5 7 1 1 1 6 1 10 |1 1 1 1 1 6 6 1 1 1 1 1 10 2 11 13 |1 1 8 1 5 9 1 6 1 1 14 1 10 1 1 1 |1 5 3 1 1 1 1 1 1 1 1 11 1 1 1 1 |7 1 8 1 1 2 3 14 1 2 10 2 1 15 1 9 |1 1 1 1 13 6 11 4 1 8 5 1 1 1 7 4 |1 1 1 1 2 1 1 16 4 12 1 4 1 8 1 5 |1 1 3 1 1 1 1 14 6 16 9 3 1 1 8 1 |1 1 1 1 1 15 6 11 1 5 15 1 1 3 1 1 |
2901: 1 1 1 1 11 6 7 14 1 1 1 1 1 1 1 1 |1 1 1 1 6 1 1 1 1 1 2 11 3 1 10 1 |1 1 7 1 1 2 3 7 6 1 3 6 1 1 1 2 |1 1 1 1 1 5 2 1 7 6 1 1 1 4 1 11 |1 1 1 1 1 8 3 1 1 1 1 1 11 1 15 9 |1 1 1 1 1 10 1 5 1 1 12 1 9 1 1 1 |1 1 14 1 1 1 1 6 1 1 1 9 1 1 1 1 |1 1 3 14 1 1 1 1 1 1 16 1 1 6 1 1 |1 1 1 1 11 2 9 10 2 8 5 1 12 1 7 3 |3 1 4 1 1 1 1 13 1 13 1 5 1 9 1 1 |1 1 1 13 1 1 6 15 4 9 1 9 1 4 2 1 |1 1 1 1 1 15 6 11 1 5 15 1 1 3 1 1 |
2912: 1 1 1 1 11 6 7 14 1 1 1 1 1 1 1 1 |1 1 1 1 6 1 1 1 1 1 2 11 3 1 10 1 |1 1 7 1 1 2 3 7 6 1 3 6 1 1 1 2 |1 1 1 1 1 5 2 1 7 6 1 1 1 4 1 11 |1 1 1 1 1 8 3 1 1 1 1 1 11 1 15 9 |1 1 1 1 1 10 1 5 1 1 12 1 9 1 1 1 |1 1 14 1 1 1 1 6 1 1 1 9 1 1 1 1 |1 1 3 14 1 1 1 1 1 1 16 1 1 6 1 1 |1 1 1 1 11 2 9 10 2 8 5 1 12 1 7 3 |3 1 4 1 1 1 1 13 1 13 1 5 1 9 1 1 |1 1 1 13 1 1 6 15 4 9 1 9 1 4 2 1 |1 1 1 1 1 14 6 1 1 4 9 2 1 13 1 1 |
2923: 1 1 1 1 1 10 1 14 1 1 1 3 1 2 7 1 |2 1 1 1 1 4 1 1 1 1 1 6 1 1 11 1 |1 1 7 1 1 5 1 15 6 1 1 6 1 1 1 1 |1 1 1 1 1 5 2 1 7 6 1 1 1 4 1 11 |1 1 1 1 1 8 3 1 1 1 1 1 11 1 15 9 |1 1 1 1 1 10 1 5 1 1 12 1 9 1 1 1 |1 1 14 1 1 1 1 6 1 1 1 9 1 1 1 1 |1 1 3 14 1 1 1 1 1 1 16 1 1 6 1 1 |1 1 1 1 11 2 9 10 2 8 5 1 12 1 7 3 |3 1 4 1 1 1 1 13 1 13 1 5 1 9 1 1 |1 1 1 13 1 1 6 15 4 9 1 9 1 4 2 1 |1 1 1 1 1 14 6 1 1 4 9 2 1 13 1 1 |
2934: 1 1 1 1 1 10 1 14 1 1 1 3 1 2 7 1 |2 1 1 1 1 4 1 1 1 1 1 6 1 1 11 1 |1 1 7 1 1 5 1 15 6 1 1 6 1 1 1 1 |1 1 1 3 1 5 2 1 1 8 1 1 1 5 1 8 |1 1 3 1 1 8 1 1 1 1 1 1 12 2 13 12 |1 1 1 1 5 10 1 1 1 1 13 1 10 1 2 1 |1 5 8 1 1 1 1 8 1 1 1 12 1 1 1 1 |6 1 9 12 1 1 1 14 1 1 9 1 1 13 1 1 |1 1 1 1 1 8 1 1 1 8 3 1 12 1 10 3 |3 1 4 1 1 1 1 13 1 13 1 5 1 9 1 1 |1 1 1 13 1 1 6 15 4 9 1 9 1 4 2 1 |1 1 1 1 1 14 6 1 1 4 9 2 1 13 1 1 |
2944: 1 1 1 1 1 10 1 14 1 1 1 3 1 2 7 1 |2 1 1 1 1 4 1 1 1 1 1 6 1 1 11 1 |1 1 7 1 1 5 1 15 6 1 1 6 1 1 1 1 |1 1 1 3 1 5 2 1 1 8 1 1 1 5 1 8 |1 1 3 1 1 8 1 1 1 1 1 1 12 2 13 12 |1 1 1 1 5 10 1 1 1 1 13 1 10 1 2 1 |1 5 8 1 1 1 1 8 1 1 1 12 1 1 1 1 |6 1 9 12 1 1 1 14 1 1 9 1 1 13 1 1 |1 1 1 1 1 8 1 1 1 8 3 1 12 1 10 3 |2 1 5 1 1 7 1 12 10 8 1 4 1 9 1 7 |4 1 1 1 1 1 1 1 8 1 11 1 1 1 1 1 |1 1 1 1 1 9 8 10 1 4 14 1 4 11 1 1 |
2955: 1 1 1 4 1 8 7 14 1 3 1 2 1 2 8 5 |2 1 1 1 1 4 1 1 1 1 1 6 1 1 11 1 |1 1 7 1 1 5 1 15 6 1 1 6 1 1 1 1 |1 1 1 3 1 5 2 1 1 8 1 1 1 5 1 8 |1 1 3 1 1 8 1 1 1 1 1 1 12 2 13 12 |1 1 1 1 5 10 1 1 1 1 13 1 10 1 2 1 |1 5 8 1 1 1 1 8 1 1 1 12 1 1 1 1 |6 1 9 12 1 1 1 14 1 1 9 1 1 13 1 1 |1 1 1 1 1 8 1 1 1 8 3 1 12 1 10 3 |2 1 5 1 1 7 1 12 10 8 1 4 1 9 1 7 |4 1 1 1 1 1 1 1 8 1 11 1 1 1 1 1 |1 1 1 1 1 9 8 10 1 4 14 1 4 11 1 1 |
2966: 1 1 1 4 1 8 7 14 1 3 1 2 1 2 8 5 |1 1 9 1 1 13 1 1 1 1 1 13 9 1 12 1 |1 1 4 1 1 1 13 6 6 1 2 5 1 1 1 2 |1 1 1 1 1 4 2 1 6 8 1 1 11 5 1 11 |1 1 1 1 1 6 9 1 1 1 1 1 12 1 7 1 |1 1 7 1 5 4 1 1 1 1 13 1 10 1 1 1 |1 11 7 1 1 1 1 3 1 1 9 2 1 1 1 1 |6 1 7 1 1 3 2 14 1 1 16 1 1 11 1 1 |1 1 1 1 11 14 4 1 1 11 5 8 6 1 7 2 |2 1 5 1 1 7 1 12 10 8 1 4 1 9 1 7 |4 1 1 1 1 1 1 1 8 1 11 1 1 1 1 1 |1 1 1 1 1 9 8 10 1 4 14 1 4 11 1 1 |
2978: 1 1 1 4 1 8 7 14 1 3 1 2 1 2 8 5 |1 1 9 1 1 13 1 1 1 1 1 13 9 1 12 1 |1 1 4 1 1 1 13 6 6 1 2 5 1 1 1 2 |1 1 1 1 1 4 2 1 6 8 1 1 11 5 1 11 |1 1 1 1 1 6 9 1 1 1 1 1 12 1 7 1 |1 1 7 1 5 4 1 1 1 1 13 1 10 1 1 1 |1 11 7 1 1 1 1 3 1 1 9 2 1 1 1 1 |6 1 7 1 1 3 2 14 1 1 16 1 1 11 1 1 |1 1 1 1 11 14 4 1 1 11 5 8 6 1 7 2 |3 1 1 1 3 1 10 12 10 9 1 6 1 8 1 6 |6 1 3 1 1 1 1 12 5 3 2 1 1 1 1 1 |1 1 1 1 1 17 11 1 1 4 14 1 1 13 1 12 |
2989: 1 1 1 1 9 5 7 4 1 1 1 7 1 1 8 1 |8 1 8 1 6 5 1 1 1 1 1 12 6 1 7 1 |1 1 4 1 1 1 13 6 6 1 2 5 1 1 1 2 |1 1 1 1 1 4 2 1 6 8 1 1 11 5 1 11 |1 1 1 1 1 6 9 1 1 1 1 1 12 1 7 1 |1 1 7 1 5 4 1 1 1 1 13 1 10 1 1 1 |1 11 7 1 1 1 1 3 1 1 9 2 1 1 1 1 |6 1 7 1 1 3 2 14 1 1 16 1 1 11 1 1 |1 1 1 1 11 14 4 1 1 11 5 8 6 1 7 2 |3 1 1 1 3 1 10 12 10 9 1 6 1 8 1 6 |6 1 3 1 1 1 1 12 5 3 2 1 1 1 1 1 |1 1 1 1 1 17 11 1 1 4 14 1 1 13 1 12 |
3000: 1 1 1 1 9 5 7 4 1 1 1 7 1 1 8 1 |8 1 8 1 6 5 1 1 1 1 1 12 6 1 7 1 |1 1 7 1 1 9 12 5 1 1 1 1 1 1 1 1 |1 1 1 1 1 4 8 1 6 8 1 1 1 5 1 10 |1 9 1 1 1 6 1 1 1 1 1 1 11 1 7 12 |1 1 1 1 1 8 1 5 1 1 13 1 9 1 1 1 |1 1 15 1 6 1 1 4 1 5 1 12 1 1 1 1 |7 1 8 7 1 1 1 5 1 1 14 1 1 13 1 1 |1 1 1 1 3 14 10 9 6 1 1 1 11 1 2 8 |1 3 1 1 1 1 4 12 7 13 1 4 1 3 1 7 |6 1 3 1 1 1 1 12 5 3 2 1 1 1 1 1 |1 1 1 1 1 17 11 1 1 4 14 1 1 13 1 12 |
3011: 1 1 1 1 9 5 7 4 1 1 1 7 1 1 8 1 |8 1 8 1 6 5 1 1 1 1 1 12 6 1 7 1 |1 1 7 1 1 9 12 5 1 1 1 1 1 1 1 1 |1 1 1 1 1 4 8 1 6 8 1 1 1 5 1 10 |1 9 1 1 1 6 1 1 1 1 1 1 11 1 7 12 |1 1 1 1 1 8 1 5 1 1 13 1 9 1 1 1 |1 1 15 1 6 1 1 4 1 5 1 12 1 1 1 1 |7 1 8 7 1 1 1 5 1 1 14 1 1 13 1 1 |1 1 1 1 3 14 10 9 6 1 1 1 11 1 2 8 |1 3 1 1 1 1 4 12 7 13 1 4 1 3 1 7 |7 1 1 1 1 1 5 14 6 4 1 1 1 1 9 1 |1 1 1 1 1 13 8 1 1 4 15 1 1 14 1 11 |
3022: 1 1 1 1 9 5 7 4 1 1 1 7 1 1 8 1 |8 1 8 1 6 5 1 1 1 1 1 12 6 1 7 1 |1 1 7 1 1 9 12 5 1 1 1 1 1 1 1 1 |1 1 1 1 1 4 8 1 6 8 1 1 1 5 1 10 |1 9 1 1 1 6 1 1 1 1 1 1 11 1 7 12 |1 1 1 1 1 8 1 5 1 1 13 1 9 1 1 1 |1 1 15 1 6 1 1 4 1 5 1 12 1 1 1 1 |7 1 8 7 1 1 1 5 1 1 14 1 1 13 1 1 |1 1 1 1 3 14 10 9 6 1 1 1 11 1 2 8 |1 3 1 1 1 1 4 12 7 13 1 4 1 3 1 7 |7 1 1 1 1 1 5 14 6 4 1 1 1 1 9 1 |1 1 1 1 1 13 8 1 1 4 15 1 1 14 1 11 |
3033: 1 1 1 1 1 10 3 1 1 1 1 4 1 2 2 1 |1 1 1 1 1 1 1 1 1 1 1 1 1 1 13 1 |1 1 8 1 1 7 1 2 5 1 1 6 1 1 1 1 |1 1 1 3 1 4 9 1 8 4 1 1 1 6 1 9 |1 1 2 1 1 8 7 1 1 1 1 1 12 1 12 11 |1 1 3 1 5 9 1 1 1 1 13 1 9 1 1 1 |1 4 7 1 2 1 1 10 1 1 1 11 1 1 1 1 |7 1 1 14 1 2 3 14 1 1 15 1 1 12 1 1 |1 1 1 1 3 14 10 9 6 1 1 1 11 1 2 8 |1 3 1 1 1 1 4 12 7 13 1 4 1 3 1 7 |7 1 1 1 1 1 5 14 6 4 1 1 1 1 9 1 |1 1 1 1 1 13 8 1 1 4 15 1 1 14 1 11 |
3043: 1 1 1 1 1 10 3 1 1 1 1 4 1 2 2 1 |1 1 1 1 1 1 1 1 1 1 1 1 1 1 13 1 |1 1 8 1 1 7 1 2 5 1 1 6 1 1 1 1 |1 1 1 3 1 4 9 1 8 4 1 1 1 6 1 9 |1 1 2 1 1 8 7 1 1 1 1 1 12 1 12 11 |1 1 3 1 5 9 1 1 1 1 13 1 9 1 1 1 |1 4 7 1 2 1 1 10 1 1 1 11 1 1 1 1 |7 1 1 14 1 2 3 14 1 1 15 1 1 12 1 1 |1 1 1 1 13 8 4 1 1 1 1 1 1 2 8 3 |2 1 5 1 1 8 1 12 8 14 1 3 1 1 1 6 |1 1 5 1 1 1 1 13 6 10 11 4 1 1 8 1 |2 1 1 1 1 1 3 1 1 4 16 1 1 12 1 1 |
3054: 1 1 1 1 1 10 3 1 1 1 1 4 1 2 2 1 |1 1 1 1 1 1 1 1 1 1 1 1 1 1 13 1 |1 1 8 1 1 7 1 2 5 1 1 6 1 1 1 1 |1 1 1 3 1 4 9 1 8 4 1 1 1 6 1 9 |1 1 2 1 1 8 7 1 1 1 1 1 12 1 12 11 |1 1 3 1 5 9 1 1 1 1 13 1 9 1 1 1 |1 4 7 1 2 1 1 10 1 1 1 11 1 1 1 1 |7 1 1 14 1 2 3 14 1 1 15 1 1 12 1 1 |1 1 1 1 13 8 4 1 1 1 1 1 1 2 8 3 |2 1 5 1 1 8 1 12 8 14 1 3 1 1 1 6 |1 1 5 1 1 1 1 13 6 10 11 4 1 1 8 1 |2 1 1 1 1 1 3 1 1 4 16 1 1 12 1 1 |
3065: 5 1 1 1 4 8 10 8 1 1 1 1 1 1 8 1 |1 1 1 1 1 9 1 1 1 1 1 11 1 1 6 1 |1 1 13 1 1 1 12 7 7 1 2 1 1 1 1 1 |1 1 1 1 1 5 1 1 10 5 1 1 1 8 1 4 |1 1 1 1 3 9 7 1 1 1 1 1 10 1 8 8 |1 1 1 1 5 10 1 6 1 1 13 1 10 1 1 1 |1 4 7 1 2 1 1 10 1 1 1 11 1 1 1 1 |7 1 1 14 1 2 3 14 1 1 15 1 1 12 1 1 |1 1 1 1 13 8 4 1 1 1 1 1 1 2 8 3 |2 1 5 1 1 8 1 12 8 14 1 3 1 1 1 6 |1 1 5 1 1 1 1 13 6 10 11 4 1 1 8 1 |2 1 1 1 1 1 3 1 1 4 16 1 1 12 1 1 |
3076: 5 1 1 1 4 8 10 8 1 1 1 1 1 1 8 1 |1 1 1 1 1 9 1 1 1 1 1 11 1 1 6 1 |1 1 13 1 1 1 12 7 7 1 2 1 1 1 1 1 |1 1 1 1 1 5 1 1 10 5 1 1 1 8 1 4 |1 1 1 1 3 9 7 1 1 1 1 1 10 1 8 8 |1 1 1 1 5 10 1 6 1 1 13 1 10 1 1 1 |1 4 9 1 1 1 1 4 1 1 1 10 1 3 1 1 |1 1 7 1 1 1 1 14 1 1 14 1 1 13 1 9 |1 1 1 1 10 15 10 6 2 1 10 8 1 2 6 2 |1 1 1 1 1 1 5 12 10 14 1 6 1 6 1 7 |1 1 1 1 1 1 1 12 6 3 1 2 1 1 1 1 |1 8 1 8 1 15 8 2 1 1 17 1 1 13 1 1 |
3087: 5 1 1 1 4 8 10 8 1 1 1 1 1 1 8 1 |1 1 1 1 1 9 1 1 1 1 1 11 1 1 6 1 |1 1 13 1 1 1 12 7 7 1 2 1 1 1 1 1 |1 1 1 1 1 5 1 1 10 5 1 1 1 8 1 4 |1 1 1 1 3 9 7 1 1 1 1 1 10 1 8 8 |1 1 1 1 5 10 1 6 1 1 13 1 10 1 1 1 |1 4 9 1 1 1 1 4 1 1 1 10 1 3 1 1 |1 1 7 1 1 1 1 14 1 1 14 1 1 13 1 9 |1 1 1 1 10 15 10 6 2 1 10 8 1 2 6 2 |1 1 1 1 1 1 5 12 10 14 1 6 1 6 1 7 |1 1 1 1 1 1 1 12 6 3 1 2 1 1 1 1 |1 8 1 8 1 15 8 2 1 1 17 1 1 13 1 1 |
3098: 1 1 1 1 9 6 6 6 1 1 1 1 1 1 6 1 |2 1 9 1 7 5 1 1 1 1 1 10 1 1 13 1 |1 1 7 1 1 9 12 8 6 1 6 5 1 1 1 1 |1 1 1 2 1 6 8 1 7 8 1 1 12 6 1 10 |1 1 1 1 1 8 1 1 1 1 1 1 11 1 14 7 |1 1 2 1 10 13 1 4 1 1 13 1 9 1 1 1 |1 1 1 1 1 1 3 1 1 1 1 11 1 1 1 9 |1 1 7 1 1 1 1 14 1 1 14 1 1 13 1 9 |1 1 1 1 10 15 10 6 2 1 10 8 1 2 6 2 |1 1 1 1 1 1 5 12 10 14 1 6 1 6 1 7 |1 1 1 1 1 1 1 12 6 3 1 2 1 1 1 1 |1 8 1 8 1 15 8 2 1 1 17 1 1 13 1 1 |
3108: 1 1 1 1 9 6 6 6 1 1 1 1 1 1 6 1 |2 1 9 1 7 5 1 1 1 1 1 10 1 1 13 1 |1 1 7 1 1 9 12 8 6 1 6 5 1 1 1 1 |1 1 1 2 1 6 8 1 7 8 1 1 12 6 1 10 |1 1 1 1 1 8 1 1 1 1 1 1 11 1 14 7 |1 1 2 1 10 13 1 4 1 1 13 1 9 1 1 1 |1 1 1 1 1 1 3 1 1 1 1 11 1 1 1 9 |7 1 3 8 1 1 16 9 1 1 2 1 1 12 1 8 |1 1 1 1 10 14 10 4 9 1 1 1 11 1 1 1 |1 12 1 1 3 3 5 12 3 1 1 5 1 9 1 8 |4 1 3 1 1 1 1 14 1 1 9 3 1 1 8 1 |1 2 1 1 1 15 7 1 1 4 14 1 1 13 1 1 |
3120: 1 1 1 1 9 6 6 6 1 1 1 1 1 1 6 1 |2 1 9 1 7 5 1 1 1 1 1 10 1 1 13 1 |1 1 7 1 1 9 12 8 6 1 6 5 1 1 1 1 |1 1 1 2 1 6 8 1 7 8 1 1 12 6 1 10 |1 1 1 1 1 8 1 1 1 1 1 1 11 1 14 7 |1 1 2 1 10 13 1 4 1 1 13 1 9 1 1 1 |1 1 1 1 1 1 3 1 1 1 1 11 1 1 1 9 |7 1 3 8 1 1 16 9 1 1 2 1 1 12 1 8 |1 1 1 1 10 14 10 4 9 1 1 1 11 1 1 1 |1 12 1 1 3 3 5 12 3 1 1 5 1 9 1 8 |4 1 3 1 1 1 1 14 1 1 9 3 1 1 8 1 |1 2 1 1 1 15 7 1 1 4 14 1 1 13 1 1 |
3131: 1 1 1 8 1 1 1 1 1 1 1 5 1 1 1 1 |1 1 1 1 3 1 1 1 1 1 1 4 6 1 1 1 |1 1 8 1 1 9 1 1 7 1 1 7 1 1 1 2 |1 1 1 3 1 5 1 1 1 5 1 1 12 6 1 11 |1 1 1 1 5 8 8 1 1 1 1 1 11 1 13 6 |1 1 2 1 10 13 1 4 1 1 13 1 9 1 1 1 |1 1 1 1 1 1 3 1 1 1 1 11 1 1 1 9 |7 1 3 8 1 1 16 9 1 1 2 1 1 12 1 8 |1 1 1 1 10 14 10 4 9 1 1 1 11 1 1 1 |1 12 1 1 3 3 5 12 3 1 1 5 1 9 1 8 |4 1 3 1 1 1 1 14 1 1 9 3 1 1 8 1 |1 2 1 1 1 15 7 1 1 4 14 1 1 13 1 1 |
3142: 1 1 1 8 1 1 1 1 1 1 1 5 1 1 1 1 |1 1 1 1 3 1 1 1 1 1 1 4 6 1 1 1 |1 1 8 1 1 9 1 1 7 1 1 7 1 1 1 2 |1 1 1 3 1 5 1 1 1 5 1 1 12 6 1 11 |1 1 1 1 5 8 8 1 1 1 1 1 11 1 13 6 |1 1 2 1 5 8 1 1 1 1 13 1 9 1 1 1 |1 10 9 1 1 1 1 8 1 1 11 2 1 1 1 1 |1 1 8 7 1 5 3 14 1 1 8 1 1 16 1 1 |1 1 1 1 1 13 11 1 1 6 9 1 1 1 3 1 |1 1 1 1 1 1 1 13 8 7 1 8 1 7 1 1 |1 1 1 9 1 1 1 13 6 3 1 1 1 1 1 1 |1 1 1 1 1 1 2 1 1 4 9 1 1 13 1 1 |
3153: 1 1 1 8 1 1 1 1 1 1 1 5 1 1 1 1 |1 1 1 1 3 1 1 1 1 1 1 4 6 1 1 1 |1 1 8 1 1 9 1 1 7 1 1 7 1 1 1 2 |1 1 1 3 1 5 1 1 1 5 1 1 12 6 1 11 |1 1 1 1 5 8 8 1 1 1 1 1 11 1 13 6 |1 1 2 1 5 8 1 1 1 1 13 1 9 1 1 1 |1 10 9 1 1 1 1 8 1 1 11 2 1 1 1 1 |1 1 8 7 1 5 3 14 1 1 8 1 1 16 1 1 |1 1 1 1 1 13 11 1 1 6 9 1 1 1 3 1 |1 1 1 1 1 1 1 13 8 7 1 8 1 7 1 1 |1 1 1 9 1 1 1 13 6 3 1 1 1 1 1 1 |1 1 1 1 1 1 2 1 1 4 9 1 1 13 1 1 |
3164: 2 1 1 7 5 8 6 9 1 1 1 6 1 1 7 1 |1 1 1 1 1 10 1 1 1 1 1 11 1 1 11 1 |1 1 10 1 1 1 1 6 3 1 1 1 1 1 1 2 |1 1 1 2 1 5 1 1 7 5 1 1 1 1 1 11 |1 1 1 1 11 8 7 1 1 1 1 1 11 1 12 6 |1 1 2 1 5 8 1 1 1 1 13 1 9 1 1 1 |1 10 9 1 1 1 1 8 1 1 11 2 1 1 1 1 |1 1 8 7 1 5 3 14 1 1 8 1 1 16 1 1 |1 1 1 1 1 13 11 1 1 6 9 1 1 1 3 1 |1 1 1 1 1 1 1 13 8 7 1 8 1 7 1 1 |1 1 1 9 1 1 1 13 6 3 1 1 1 1 1 1 |1 1 1 1 1 1 2 1 1 4 9 1 1 13 1 1 |
3175: 2 1 1 7 5 8 6 9 1 1 1 6 1 1 7 1 |1 1 1 1 1 10 1 1 1 1 1 11 1 1 11 1 |1 1 10 1 1 1 1 6 3 1 1 1 1 1 1 2 |1 1 1 2 1 5 1 1 7 5 1 1 1 1 1 11 |1 1 1 1 11 8 7 1 1 1 1 1 11 1 12 6 |1 1 2 1 5 10 1 4 1 1 14 1 9 1 1 1 |1 5 8 1 1 1 6 1 1 1 1 12 1 3 1 1 |1 1 1 1 1 1 1 13 1 1 15 1 1 13 1 9 |1 1 1 1 10 14 5 11 2 8 4 1 1 1 8 2 |1 1 3 1 2 1 5 13 7 13 1 6 1 7 1 2 |7 1 1 6 1 1 1 15 1 1 10 4 1 1 1 1 |1 5 1 1 1 1 1 1 1 4 16 1 1 1 1 17 |
3186: 2 1 1 7 5 8 6 9 1 1 1 6 1 1 7 1 |1 1 1 1 1 10 1 1 1 1 1 11 1 1 11 1 |1 1 10 1 1 1 1 6 3 1 1 1 1 1 1 2 |1 1 1 2 1 5 1 1 7 5 1 1 1 1 1 11 |1 1 1 1 11 8 7 1 1 1 1 1 11 1 12 6 |1 1 2 1 5 10 1 4 1 1 14 1 9 1 1 1 |1 5 8 1 1 1 6 1 1 1 1 12 1 3 1 1 |1 1 1 1 1 1 1 13 1 1 15 1 1 13 1 9 |1 1 1 1 10 14 5 11 2 8 4 1 1 1 8 2 |1 1 3 1 2 1 5 13 7 13 1 6 1 7 1 2 |7 1 1 6 1 1 1 15 1 1 10 4 1 1 1 1 |1 5 1 1 1 1 1 1 1 4 16 1 1 1 1 17 |
3197: 1 1 1 5 7 6 6 13 1 1 1 5 1 1 6 1 |1 1 8 1 1 1 1 1 1 1 4 10 1 1 13 1 |1 1 6 1 1 7 1 7 6 1 1 8 1 1 1 1 |1 1 1 3 1 1 1 1 6 7 1 5 1 6 1 11 |1 1 1 1 1 2 1 1 1 1 1 1 10 1 14 6 |1 1 2 1 1 10 1 1 1 1 15 1 9 1 1 1 |1 5 8 1 1 1 6 1 1 1 1 12 1 3 1 1 |1 1 1 1 1 1 1 13 1 1 15 1 1 13 1 9 |1 1 1 1 10 14 5 11 2 8 4 1 1 1 8 2 |1 1 3 1 2 1 5 13 7 13 1 6 1 7 1 2 |7 1 1 6 1 1 1 15 1 1 10 4 1 1 1 1 |1 5 1 1 1 1 1 1 1 4 16 1 1 1 1 17 |
3208: 1 1 1 5 7 6 6 13 1 1 1 5 1 1 6 1 |1 1 8 1 1 1 1 1 1 1 4 10 1 1 13 1 |1 1 6 1 1 7 1 7 6 1 1 8 1 1 1 1 |1 1 1 3 1 1 1 1 6 7 1 5 1 6 1 11 |1 1 1 1 1 2 1 1 1 1 1 1 10 1 14 6 |1 1 2 1 1 10 1 1 1 1 15 1 9 1 1 1 |1 1 1 1 1 1 1 1 1 6 1 10 1 2 1 1 |7 1 6 14 1 1 5 4 1 1 4 1 1 13 1 8 |1 1 1 3 6 14 5 10 1 1 1 1 10 1 2 1 |1 1 7 1 2 3 7 12 1 1 1 4 1 1 1 1 |1 1 4 1 1 1 1 14 5 4 11 3 1 1 7 1 |1 1 1 1 1 3 1 1 1 3 17 1 1 13 1 1 |
3219: 1 1 1 5 7 6 6 13 1 1 1 5 1 1 6 1 |1 1 8 1 1 1 1 1 1 1 4 10 1 1 13 1 |1 1 6 1 1 7 1 7 6 1 1 8 1 1 1 1 |1 1 1 3 1 1 1 1 6 7 1 5 1 6 1 11 |1 1 1 1 1 2 1 1 1 1 1 1 10 1 14 6 |1 1 2 1 1 10 1 1 1 1 15 1 9 1 1 1 |1 1 1 1 1 1 1 1 1 6 1 10 1 2 1 1 |7 1 6 14 1 1 5 4 1 1 4 1 1 13 1 8 |1 1 1 3 6 14 5 10 1 1 1 1 10 1 2 1 |1 1 7 1 2 3 7 12 1 1 1 4 1 1 1 1 |1 1 4 1 1 1 1 14 5 4 11 3 1 1 7 1 |1 1 1 1 1 3 1 1 1 3 17 1 1 13 1 1 |
3229: 1 1 1 7 1 7 8 6 1 1 1 2 1 2 7 1 |1 1 14 1 1 9 1 1 1 1 1 11 5 1 12 1 |1 1 8 1 1 8 1 1 3 1 1 7 1 1 1 2 |1 1 1 3 1 1 1 1 8 1 1 1 1 7 1 9 |1 1 1 1 1 2 1 1 1 1 1 1 10 1 14 6 |1 1 2 1 1 10 1 1 1 1 15 1 9 1 1 1 |1 1 1 1 1 1 1 1 1 6 1 10 1 2 1 1 |7 1 6 14 1 1 5 4 1 1 4 1 1 13 1 8 |1 1 1 3 6 14 5 10 1 1 1 1 10 1 2 1 |1 1 7 1 2 3 7 12 1 1 1 4 1 1 1 1 |1 1 4 1 1 1 1 14 5 4 11 3 1 1 7 1 |1 1 1 1 1 3 1 1 1 3 17 1 1 13 1 1 |
3240: 1 1 1 7 1 7 8 6 1 1 1 2 1 2 7 1 |1 1 14 1 1 9 1 1 1 1 1 11 5 1 12 1 |1 1 8 1 1 8 1 1 3 1 1 7 1 1 1 2 |1 1 1 3 1 1 1 1 8 1 1 1 1 7 1 9 |1 1 1 1 1 8 8 1 1 1 1 1 9 1 12 8 |1 1 1 1 5 9 1 1 1 1 3 1 9 1 1 1 |1 4 1 1 1 1 1 9 1 1 9 7 1 1 1 1 |1 1 1 12 1 3 7 14 1 1 14 1 1 13 1 10 |1 1 1 1 12 3 3 2 1 1 1 1 10 1 1 10 |1 1 1 1 2 2 1 14 1 1 1 6 1 9 1 7 |1 1 2 1 1 1 1 14 4 10 9 1 1 1 1 1 |1 1 1 8 1 8 1 4 1 5 16 1 1 13 1 1 |
3251: 1 1 1 7 1 7 8 6 1 1 1 2 1 2 7 1 |1 1 14 1 1 9 1 1 1 1 1 11 5 1 12 1 |1 1 8 1 1 8 1 1 3 1 1 7 1 1 1 2 |1 1 1 3 1 1 1 1 8 1 1 1 1 7 1 9 |1 1 1 1 1 8 8 1 1 1 1 1 9 1 12 8 |1 1 1 1 5 9 1 1 1 1 3 1 9 1 1 1 |1 4 1 1 1 1 1 9 1 1 9 7 1 1 1 1 |1 1 1 12 1 3 7 14 1 1 14 1 1 13 1 10 |1 1 1 1 12 3 3 2 1 1 1 1 10 1 1 10 |1 1 1 1 2 2 1 14 1 1 1 6 1 9 1 7 |1 1 2 1 1 1 1 14 4 10 9 1 1 1 1 1 |1 1 1 8 1 8 1 4 1 5 16 1 1 13 1 1 |
3262: 2 1 1 7 2 7 9 6 1 1 1 5 1 1 8 1 |1 1 6 1 1 1 1 1 1 1 1 8 1 2 10 1 |1 1 1 1 1 6 4 8 5 1 7 1 1 1 1 1 |1 1 1 3 1 1 1 1 8 1 1 1 1 7 1 9 |1 1 1 1 1 8 8 1 1 1 1 1 9 1 12 8 |1 1 1 1 5 9 1 1 1 1 3 1 9 1 1 1 |1 4 1 1 1 1 1 9 1 1 9 7 1 1 1 1 |1 1 1 12 1 3 7 14 1 1 14 1 1 13 1 10 |1 1 1 1 12 3 3 2 1 1 1 1 10 1 1 10 |1 1 1 1 2 2 1 14 1 1 1 6 1 9 1 7 |1 1 2 1 1 1 1 14 4 10 9 1 1 1 1 1 |1 1 1 8 1 8 1 4 1 5 16 1 1 13 1 1 |
3273: 2 1 1 7 2 7 9 6 1 1 1 5 1 1 8 1 |1 1 6 1 1 1 1 1 1 1 1 8 1 2 10 1 |1 1 1 1 1 6 4 8 5 1 7 1 1 1 1 1 |1 1 1 2 1 4 1 1 6 6 1 1 1 5 1 10 |1 1 1 1 10 8 8 1 1 1 1 1 11 1 12 6 |1 1 1 1 3 10 1 1 1 1 11 1 9 1 1 1 |1 4 8 1 1 1 5 2 1 5 1 13 1 4 1 1 |1 1 9 1 1 4 7 4 1 1 14 1 1 14 1 10 |1 10 1 1 12 13 9 5 1 7 3 1 1 1 6 5 |1 1 5 1 3 1 1 13 8 11 1 1 1 1 1 7 |1 1 1 12 1 1 1 16 5 11 11 4 1 1 8 1 |1 6 1 1 1 12 12 3 1 3 15 1 1 12 1 1 |
3283: 2 1 1 7 2 7 9 6 1 1 1 5 1 1 8 1 |1 1 6 1 1 1 1 1 1 1 1 8 1 2 10 1 |1 1 1 1 1 6 4 8 5 1 7 1 1 1 1 1 |1 1 1 2 1 4 1 1 6 6 1 1 1 5 1 10 |1 1 1 1 10 8 8 1 1 1 1 1 11 1 12 6 |1 1 1 1 3 10 1 1 1 1 11 1 9 1 1 1 |1 4 8 1 1 1 5 2 1 5 1 13 1 4 1 1 |1 1 9 1 1 4 7 4 1 1 14 1 1 14 1 10 |1 10 1 1 12 13 9 5 1 7 3 1 1 1 6 5 |1 1 5 1 3 1 1 13 8 11 1 1 1 1 1 7 |1 1 1 12 1 1 1 16 5 11 11 4 1 1 8 1 |1 6 1 1 1 12 12 3 1 3 15 1 1 12 1 1 |
3294: 1 1 1 12 3 8 9 7 1 2 1 1 1 1 6 4 |3 1 8 1 6 1 1 1 1 1 1 10 1 1 13 1 |1 1 8 1 1 7 3 6 5 1 1 7 1 1 1 1 |1 1 1 2 1 4 1 1 6 6 1 1 1 5 1 10 |1 1 1 1 10 8 8 1 1 1 1 1 11 1 12 6 |1 1 1 1 3 10 1 1 1 1 11 1 9 1 1 1 |1 4 8 1 1 1 5 2 1 5 1 13 1 4 1 1 |1 1 9 1 1 4 7 4 1 1 14 1 1 14 1 10 |1 10 1 1 12 13 9 5 1 7 3 1 1 1 6 5 |1 1 5 1 3 1 1 13 8 11 1 1 1 1 1 7 |1 1 1 12 1 1 1 16 5 11 11 4 1 1 8 1 |1 6 1 1 1 12 12 3 1 3 15 1 1 12 1 1 |
3305: 1 1 1 12 3 8 9 7 1 2 1 1 1 1 6 4 |3 1 8 1 6 1 1 1 1 1 1 10 1 1 13 1 |1 1 8 1 1 7 3 6 5 1 1 7 1 1 1 1 |1 1 1 2 1 1 1 1 6 7 1 1 11 5 1 11 |1 1 1 1 1 8 1 1 1 1 1 1 11 1 14 7 |1 1 1 1 1 10 1 1 1 1 13 1 9 1 2 1 |1 13 8 1 1 1 1 9 1 6 1 12 1 1 1 1 |1 1 10 6 1 1 4 13 1 1 13 1 1 2 1 1 |1 1 1 5 12 16 8 5 1 1 2 3 1 1 8 4 |1 1 1 1 1 1 1 15 1 14 1 4 1 1 1 10 |1 1 1 12 1 1 1 16 5 11 11 4 1 1 8 1 |1 6 1 1 1 12 12 3 1 3 15 1 1 12 1 1 |
3315: 1 1 1 12 3 8 9 7 1 2 1 1 1 1 6 4 |3 1 8 1 6 1 1 1 1 1 1 10 1 1 13 1 |1 1 8 1 1 7 3 6 5 1 1 7 1 1 1 1 |1 1 1 2 1 1 1 1 6 7 1 1 11 5 1 11 |1 1 1 1 1 8 1 1 1 1 1 1 11 1 14 7 |1 1 1 1 1 10 1 1 1 1 13 1 9 1 2 1 |1 13 8 1 1 1 1 9 1 6 1 12 1 1 1 1 |1 1 10 6 1 1 4 13 1 1 13 1 1 2 1 1 |1 1 1 5 12 16 8 5 1 1 2 3 1 1 8 4 |1 1 1 1 1 1 1 15 1 14 1 4 1 1 1 10 |1 1 3 1 1 1 1 15 5 4 10 10 1 1 9 1 |1 8 1 1 1 14 8 2 1 1 16 1 1 12 1 1 |
3326: 1 1 1 5 1 8 3 1 1 1 1 1 1 1 6 1 |3 1 8 1 6 1 1 1 1 1 1 10 1 1 13 1 |1 1 8 1 1 7 3 6 5 1 1 7 1 1 1 1 |1 1 1 2 1 1 1 1 6 7 1 1 11 5 1 11 |1 1 1 1 1 8 1 1 1 1 1 1 11 1 14 7 |1 1 1 1 1 10 1 1 1 1 13 1 9 1 2 1 |1 13 8 1 1 1 1 9 1 6 1 12 1 1 1 1 |1 1 10 6 1 1 4 13 1 1 13 1 1 2 1 1 |1 1 1 5 12 16 8 5 1 1 2 3 1 1 8 4 |1 1 1 1 1 1 1 15 1 14 1 4 1 1 1 10 |1 1 3 1 1 1 1 15 5 4 10 10 1 1 9 1 |1 8 1 1 1 14 8 2 1 1 16 1 1 12 1 1 |
3337: 1 1 1 5 1 8 3 1 1 1 1 1 1 1 6 1 |1 1 1 1 5 7 1 1 1 1 1 11 1 1 14 1 |1 1 8 1 1 9 1 7 1 1 1 5 1 1 1 1 |1 1 1 1 1 1 1 1 7 6 1 1 1 8 1 10 |1 9 1 1 1 8 7 1 1 1 1 1 11 1 12 5 |1 1 3 1 4 1 2 2 1 1 13 1 10 1 1 1 |1 5 8 3 1 1 1 9 1 4 1 13 1 1 1 2 |3 1 1 15 1 1 1 13 1 1 11 1 1 6 1 1 |1 1 1 5 12 16 8 5 1 1 2 3 1 1 8 4 |1 1 1 1 1 1 1 15 1 14 1 4 1 1 1 10 |1 1 3 1 1 1 1 15 5 4 10 10 1 1 9 1 |1 8 1 1 1 14 8 2 1 1 16 1 1 12 1 1 |
3348: 1 1 1 5 1 8 3 1 1 1 1 1 1 1 6 1 |1 1 1 1 5 7 1 1 1 1 1 11 1 1 14 1 |1 1 8 1 1 9 1 7 1 1 1 5 1 1 1 1 |1 1 1 1 1 1 1 1 7 6 1 1 1 8 1 10 |1 9 1 1 1 8 7 1 1 1 1 1 11 1 12 5 |1 1 3 1 4 1 2 2 1 1 13 1 10 1 1 1 |1 5 8 3 1 1 1 9 1 4 1 13 1 1 1 2 |3 1 1 15 1 1 1 13 1 1 11 1 1 6 1 1 |1 1 1 1 12 8 3 10 2 7 5 1 1 1 1 1 |2 1 1 1 1 7 1 15 1 13 1 4 1 6 1 8 |9 1 2 1 1 1 5 11 6 10 1 1 1 1 8 1 |1 2 1 8 1 8 1 12 1 4 15 1 1 11 1 1 |
3359: 1 1 1 7 7 7 1 7 1 1 1 1 1 2 6 1 |1 1 1 1 5 7 1 1 1 1 1 11 1 1 14 1 |1 1 8 1 1 9 1 7 1 1 1 5 1 1 1 1 |1 1 1 1 1 1 1 1 7 6 1 1 1 8 1 10 |1 9 1 1 1 8 7 1 1 1 1 1 11 1 12 5 |1 1 3 1 4 1 2 2 1 1 13 1 10 1 1 1 |1 5 8 3 1 1 1 9 1 4 1 13 1 1 1 2 |3 1 1 15 1 1 1 13 1 1 11 1 1 6 1 1 |1 1 1 1 12 8 3 10 2 7 5 1 1 1 1 1 |2 1 1 1 1 7 1 15 1 13 1 4 1 6 1 8 |9 1 2 1 1 1 5 11 6 10 1 1 1 1 8 1 |1 2 1 8 1 8 1 12 1 4 15 1 1 11 1 1 |
3369: 1 1 1 7 7 7 1 7 1 1 1 1 1 2 6 1 |1 1 7 1 1 1 1 1 1 1 1 1 1 1 11 1 |1 1 1 1 4 7 4 6 5 1 7 1 1 1 1 1 |1 1 1 3 1 4 1 1 8 5 1 1 1 8 1 11 |1 9 1 1 2 7 6 1 1 1 1 1 11 1 7 13 |1 1 3 1 1 10 1 1 1 1 13 1 10 1 1 1 |1 3 1 1 1 1 1 9 1 2 7 8 1 1 1 1 |5 1 4 4 1 3 7 12 1 1 3 1 1 13 1 1 |1 7 1 1 13 14 3 11 5 8 9 1 12 1 6 6 |2 1 1 1 1 7 1 15 1 13 1 4 1 6 1 8 |9 1 2 1 1 1 5 11 6 10 1 1 1 1 8 1 |1 2 1 8 1 8 1 12 1 4 15 1 1 11 1 1 |
3380: 1 1 1 7 7 7 1 7 1 1 1 1 1 2 6 1 |1 1 7 1 1 1 1 1 1 1 1 1 1 1 11 1 |1 1 1 1 4 7 4 6 5 1 7 1 1 1 1 1 |1 1 1 3 1 4 1 1 8 5 1 1 1 8 1 11 |1 9 1 1 2 7 6 1 1 1 1 1 11 1 7 13 |1 1 3 1 1 10 1 1 1 1 13 1 10 1 1 1 |1 3 1 1 1 1 1 9 1 2 7 8 1 1 1 1 |5 1 4 4 1 3 7 12 1 1 3 1 1 13 1 1 |1 7 1 1 13 14 3 11 5 8 9 1 12 1 6 6 |1 1 6 1 1 8 1 14 2 7 1 7 1 7 1 1 |1 1 1 11 1 1 1 15 5 9 11 4 1 1 10 1 |4 6 1 1 1 1 1 1 1 2 11 1 1 1 1 1 |
3391: 1 1 3 1 9 9 7 5 1 1 1 1 1 2 6 1 |1 1 6 1 6 5 1 1 1 1 1 10 1 1 14 1 |1 1 1 1 4 7 4 6 5 1 7 1 1 1 1 1 |1 1 1 3 1 4 1 1 8 5 1 1 1 8 1 11 |1 9 1 1 2 7 6 1 1 1 1 1 11 1 7 13 |1 1 3 1 1 10 1 1 1 1 13 1 10 1 1 1 |1 3 1 1 1 1 1 9 1 2 7 8 1 1 1 1 |5 1 4 4 1 3 7 12 1 1 3 1 1 13 1 1 |1 7 1 1 13 14 3 11 5 8 9 1 12 1 6 6 |1 1 6 1 1 8 1 14 2 7 1 7 1 7 1 1 |1 1 1 11 1 1 1 15 5 9 11 4 1 1 10 1 |4 6 1 1 1 1 1 1 1 2 11 1 1 1 1 1 |
3402: 1 1 3 1 9 9 7 5 1 1 1 1 1 2 6 1 |1 1 6 1 6 5 1 1 1 1 1 10 1 1 14 1 |1 1 8 1 1 7 1 7 5 1 1 9 1 1 1 1 |1 1 1 1 1 4 9 1 7 1 1 1 11 5 1 8 |1 1 1 1 6 7 8 1 1 1 1 1 9 1 12 1 |1 1 1 1 1 9 1 4 1 1 12 1 10 1 1 1 |1 14 8 1 1 1 1 8 1 1 1 11 1 1 1 1 |1 1 3 13 1 1 3 13 1 1 2 1 1 15 1 9 |1 1 1 9 10 14 5 10 1 1 11 15 10 1 9 5 |1 1 5 1 2 1 1 13 2 1 1 6 1 6 1 7 |1 1 1 11 1 1 1 15 5 9 11 4 1 1 10 1 |4 6 1 1 1 1 1 1 1 2 11 1 1 1 1 1 |
3413: 1 1 3 1 9 9 7 5 1 1 1 1 1 2 6 1 |1 1 6 1 6 5 1 1 1 1 1 10 1 1 14 1 |1 1 8 1 1 7 1 7 5 1 1 9 1 1 1 1 |1 1 1 1 1 4 9 1 7 1 1 1 11 5 1 8 |1 1 1 1 6 7 8 1 1 1 1 1 9 1 12 1 |1 1 1 1 1 9 1 4 1 1 12 1 10 1 1 1 |1 14 8 1 1 1 1 8 1 1 1 11 1 1 1 1 |1 1 3 13 1 1 3 13 1 1 2 1 1 15 1 9 |1 1 1 9 10 14 5 10 1 1 11 15 10 1 9 5 |1 1 5 1 2 1 1 13 2 1 1 6 1 6 1 7 |1 1 1 1 1 1 1 13 5 5 10 3 1 1 1 1 |1 1 1 1 1 2 2 2 1 4 8 1 1 14 1 1 |
3424: 1 1 3 1 9 9 7 5 1 1 1 1 1 2 6 1 |1 1 6 1 6 5 1 1 1 1 1 10 1 1 14 1 |1 1 8 1 1 7 1 7 5 1 1 9 1 1 1 1 |1 1 1 1 1 4 9 1 7 1 1 1 11 5 1 8 |1 1 1 1 6 7 8 1 1 1 1 1 9 1 12 1 |1 1 1 1 1 9 1 4 1 1 12 1 10 1 1 1 |1 14 8 1 1 1 1 8 1 1 1 11 1 1 1 1 |1 1 3 13 1 1 3 13 1 1 2 1 1 15 1 9 |1 1 1 9 10 14 5 10 1 1 11 15 10 1 9 5 |1 1 5 1 2 1 1 13 2 1 1 6 1 6 1 7 |1 1 1 1 1 1 1 13 5 5 10 3 1 1 1 1 |1 1 1 1 1 2 2 2 1 4 8 1 1 14 1 1 |
3457: 3 1 1 1 1 9 9 8 1 7 1 1 1 1 6 4 |3 1 10 1 7 10 1 1 1 1 1 12 3 2 8 1 |1 1 1 1 1 9 14 6 7 1 8 1 1 1 1 1 |1 1 1 4 1 1 7 1 9 1 1 1 11 6 1 5 |1 1 1 1 5 7 1 1 1 1 1 1 10 1 12 11 |1 1 1 1 7 6 1 1 1 1 12 1 1 1 1 1 |1 14 8 1 1 1 1 8 1 1 1 11 1 1 1 1 |1 1 3 13 1 1 3 13 1 1 2 1 1 15 1 9 |1 1 1 9 10 14 5 10 1 1 11 15 10 1 9 5 |1 1 5 1 2 1 1 13 2 1 1 6 1 6 1 7 |1 1 1 1 1 1 1 13 5 5 10 3 1 1 1 1 |1 1 1 1 1 2 2 2 1 4 8 1 1 14 1 1 |
3467: 3 1 1 1 1 9 9 8 1 7 1 1 1 1 6 4 |3 1 10 1 7 10 1 1 1 1 1 12 3 2 8 1 |1 1 1 1 1 9 14 6 7 1 8 1 1 1 1 1 |1 1 1 4 1 1 7 1 9 1 1 1 11 6 1 5 |1 1 1 1 5 7 1 1 1 1 1 1 10 1 12 11 |1 1 1 1 7 6 1 1 1 1 12 1 1 1 1 1 |1 9 9 1 1 1 1 6 1 1 1 12 1 1 1 1 |1 1 10 1 1 1 1 14 1 1 14 1 1 13 1 1 |1 1 1 1 14 8 1 1 2 1 2 2 3 1 1 2 |1 1 1 1 1 1 1 2 1 1 1 6 1 8 1 6 |1 1 1 2 1 1 1 17 1 1 13 8 1 1 1 1 |1 7 1 8 1 17 8 1 1 1 7 1 1 1 1 1 |
3478: 3 1 1 1 1 9 9 8 1 7 1 1 1 1 6 4 |3 1 10 1 7 10 1 1 1 1 1 12 3 2 8 1 |1 1 1 1 1 9 14 6 7 1 8 1 1 1 1 1 |1 1 1 4 1 1 7 1 9 1 1 1 11 6 1 5 |1 1 1 1 5 7 1 1 1 1 1 1 10 1 12 11 |1 1 1 1 7 6 1 1 1 1 12 1 1 1 1 1 |1 9 9 1 1 1 1 6 1 1 1 12 1 1 1 1 |1 1 10 1 1 1 1 14 1 1 14 1 1 13 1 1 |1 1 1 1 14 8 1 1 2 1 2 2 3 1 1 2 |1 1 1 1 1 1 1 2 1 1 1 6 1 8 1 6 |1 1 1 2 1 1 1 17 1 1 13 8 1 1 1 1 |1 7 1 8 1 17 8 1 1 1 7 1 1 1 1 1 |
3489: 1 1 1 5 6 1 1 1 1 2 1 1 1 1 7 1 |2 1 6 1 4 4 1 1 1 1 1 1 1 1 1 1 |1 1 8 1 2 1 5 8 2 1 2 8 1 1 1 2 |1 1 1 4 1 1 7 1 9 1 1 1 11 6 1 5 |1 1 1 1 5 7 1 1 1 1 1 1 10 1 12 11 |1 1 1 1 7 6 1 1 1 1 12 1 1 1 1 1 |1 9 9 1 1 1 1 6 1 1 1 12 1 1 1 1 |1 1 10 1 1 1 1 14 1 1 14 1 1 13 1 1 |1 1 1 1 14 8 1 1 2 1 2 2 3 1 1 2 |1 1 1 1 1 1 1 2 1 1 1 6 1 8 1 6 |1 1 1 2 1 1 1 17 1 1 13 8 1 1 1 1 |1 7 1 8 1 17 8 1 1 1 7 1 1 1 1 1 |
3501: 1 1 1 5 6 1 1 1 1 2 1 1 1 1 7 1 |2 1 6 1 4 4 1 1 1 1 1 1 1 1 1 1 |1 1 8 1 2 1 5 8 2 1 2 8 1 1 1 2 |1 1 1 3 1 1 1 1 1 8 1 1 10 6 1 10 |1 1 1 2 1 9 1 1 1 1 1 1 11 1 7 1 |1 1 2 1 4 10 1 1 1 1 13 1 8 2 1 1 |1 11 8 1 6 2 1 8 1 1 1 10 1 4 1 1 |6 1 1 14 1 1 1 14 1 1 14 1 1 14 1 9 |1 1 1 1 12 15 4 1 2 1 10 9 11 1 2 1 |1 1 1 1 1 2 1 13 3 12 1 5 1 7 1 2 |7 1 1 1 1 1 1 15 1 1 1 1 1 1 8 1 |1 1 1 1 1 18 3 3 1 2 2 1 1 1 1 1 |
3512: 1 1 1 5 6 1 1 1 1 2 1 1 1 1 7 1 |2 1 6 1 4 4 1 1 1 1 1 1 1 1 1 1 |1 1 8 1 2 1 5 8 2 1 2 8 1 1 1 2 |1 1 1 3 1 1 1 1 1 8 1 1 10 6 1 10 |1 1 1 2 1 9 1 1 1 1 1 1 11 1 7 1 |1 1 2 1 4 10 1 1 1 1 13 1 8 2 1 1 |1 11 8 1 6 2 1 8 1 1 1 10 1 4 1 1 |6 1 1 14 1 1 1 14 1 1 14 1 1 14 1 9 |1 1 1 1 12 15 4 1 2 1 10 9 11 1 2 1 |1 1 1 1 1 2 1 13 3 12 1 5 1 7 1 2 |7 1 1 1 1 1 1 15 1 1 1 1 1 1 8 1 |1 1 1 1 1 18 3 3 1 2 2 1 1 1 1 1 |
3523: 1 1 1 1 1 8 8 7 1 1 1 1 1 1 5 1 |1 1 10 1 6 1 1 1 1 1 1 2 1 2 12 1 |1 1 8 1 1 8 4 9 6 1 9 3 1 1 1 1 |1 1 1 3 1 1 1 1 1 8 1 1 10 6 1 10 |1 1 1 2 1 9 1 1 1 1 1 1 11 1 7 1 |1 1 2 1 4 10 1 1 1 1 13 1 8 2 1 1 |1 11 8 1 6 2 1 8 1 1 1 10 1 4 1 1 |6 1 1 14 1 1 1 14 1 1 14 1 1 14 1 9 |1 1 1 1 12 15 4 1 2 1 10 9 11 1 2 1 |1 1 1 1 1 2 1 13 3 12 1 5 1 7 1 2 |7 1 1 1 1 1 1 15 1 1 1 1 1 1 8 1 |1 1 1 1 1 18 3 3 1 2 2 1 1 1 1 1 |
3534: 1 1 1 1 1 8 8 7 1 1 1 1 1 1 5 1 |1 1 10 1 6 1 1 1 1 1 1 2 1 2 12 1 |1 1 8 1 1 8 4 9 6 1 9 3 1 1 1 1 |1 1 1 4 1 1 1 1 5 8 1 1 11 4 1 1 |1 1 1 1 1 12 6 1 1 1 1 1 11 1 13 6 |1 1 1 1 3 9 1 1 1 1 13 1 11 1 2 1 |1 5 7 1 1 1 1 9 1 5 1 10 1 1 1 3 |1 1 3 15 1 8 8 11 1 1 10 1 5 14 1 1 |1 1 1 1 12 12 8 4 1 10 9 1 12 1 8 5 |1 1 5 1 1 1 1 2 1 13 1 1 1 9 1 7 |7 1 1 1 1 1 1 15 1 1 1 1 1 1 8 1 |1 1 1 1 1 18 3 3 1 2 2 1 1 1 1 1 |
3544: 1 1 1 1 1 8 8 7 1 1 1 1 1 1 5 1 |1 1 10 1 6 1 1 1 1 1 1 2 1 2 12 1 |1 1 8 1 1 8 4 9 6 1 9 3 1 1 1 1 |1 1 1 4 1 1 1 1 5 8 1 1 11 4 1 1 |1 1 1 1 1 12 6 1 1 1 1 1 11 1 13 6 |1 1 1 1 3 9 1 1 1 1 13 1 11 1 2 1 |1 5 7 1 1 1 1 9 1 5 1 10 1 1 1 3 |1 1 3 15 1 8 8 11 1 1 10 1 5 14 1 1 |1 1 1 1 12 12 8 4 1 10 9 1 12 1 8 5 |1 1 5 1 1 1 1 2 1 13 1 1 1 9 1 7 |1 1 1 1 1 1 1 12 7 8 12 3 1 1 10 1 |1 1 1 1 1 16 14 1 1 4 16 1 1 5 1 12 |
3555: 1 1 1 1 1 8 1 1 1 1 1 6 1 2 7 4 |1 1 1 1 6 5 1 1 1 1 1 10 1 1 10 1 |1 1 7 1 1 1 11 7 7 1 1 7 1 1 1 1 |1 1 1 4 1 1 1 1 5 8 1 1 11 4 1 1 |1 1 1 1 1 12 6 1 1 1 1 1 11 1 13 6 |1 1 1 1 3 9 1 1 1 1 13 1 11 1 2 1 |1 5 7 1 1 1 1 9 1 5 1 10 1 1 1 3 |1 1 3 15 1 8 8 11 1 1 10 1 5 14 1 1 |1 1 1 1 12 12 8 4 1 10 9 1 12 1 8 5 |1 1 5 1 1 1 1 2 1 13 1 1 1 9 1 7 |1 1 1 1 1 1 1 12 7 8 12 3 1 1 10 1 |1 1 1 1 1 16 14 1 1 4 16 1 1 5 1 12 |
3566: 1 1 1 1 1 8 1 1 1 1 1 6 1 2 7 4 |1 1 1 1 6 5 1 1 1 1 1 10 1 1 10 1 |1 1 7 1 1 1 11 7 7 1 1 7 1 1 1 1 |1 1 1 7 1 4 1 1 6 7 1 1 1 5 1 8 |1 1 1 1 6 8 9 1 1 1 1 1 12 1 11 7 |1 1 1 1 5 17 1 1 1 1 14 1 10 1 1 1 |1 6 1 1 1 1 1 1 1 1 1 11 1 1 1 1 |5 1 7 13 1 4 7 14 1 1 14 1 1 13 2 1 |1 1 1 1 1 13 4 12 1 8 5 1 1 1 7 5 |1 1 1 1 1 6 1 12 8 8 1 3 1 7 1 1 |4 1 1 1 1 1 1 7 1 1 1 1 1 1 8 1 |1 1 1 1 1 16 14 1 1 4 16 1 1 5 1 12 |
3577: 1 1 1 1 1 8 1 1 1 1 1 6 1 2 7 4 |1 1 1 1 6 5 1 1 1 1 1 10 1 1 10 1 |1 1 7 1 1 1 11 7 7 1 1 7 1 1 1 1 |1 1 1 7 1 4 1 1 6 7 1 1 1 5 1 8 |1 1 1 1 6 8 9 1 1 1 1 1 12 1 11 7 |1 1 1 1 5 17 1 1 1 1 14 1 10 1 1 1 |1 6 1 1 1 1 1 1 1 1 1 11 1 1 1 1 |5 1 7 13 1 4 7 14 1 1 14 1 1 13 2 1 |1 1 1 1 1 13 4 12 1 8 5 1 1 1 7 5 |1 1 1 1 1 6 1 12 8 8 1 3 1 7 1 1 |4 1 1 1 1 1 1 7 1 1 1 1 1 1 8 1 |1 1 1 1 1 16 8 11 1 5 15 1 1 13 1 1 |
3589: 1 1 1 7 7 1 1 1 1 1 1 6 1 1 8 1 |1 1 9 1 6 1 1 1 1 1 1 1 1 1 12 1 |1 1 7 1 1 1 11 7 7 1 1 7 1 1 1 1 |1 1 1 7 1 4 1 1 6 7 1 1 1 5 1 8 |1 1 1 1 6 8 9 1 1 1 1 1 12 1 11 7 |1 1 1 1 5 17 1 1 1 1 14 1 10 1 1 1 |1 6 1 1 1 1 1 1 1 1 1 11 1 1 1 1 |5 1 7 13 1 4 7 14 1 1 14 1 1 13 2 1 |1 1 1 1 1 13 4 12 1 8 5 1 1 1 7 5 |1 1 1 1 1 6 1 12 8 8 1 3 1 7 1 1 |4 1 1 1 1 1 1 7 1 1 1 1 1 1 8 1 |1 1 1 1 1 16 8 11 1 5 15 1 1 13 1 1 |
3600: 1 1 1 7 7 1 1 1 1 1 1 6 1 1 8 1 |1 1 9 1 6 1 1 1 1 1 1 1 1 1 12 1 |1 1 6 1 3 9 13 1 6 1 3 5 1 1 1 1 |1 1 1 4 1 1 1 1 6 8 1 1 1 7 1 11 |1 1 1 1 1 8 8 1 1 1 1 1 11 1 12 6 |1 1 2 1 5 11 1 1 1 1 14 1 10 1 1 1 |1 4 9 1 1 1 1 8 1 1 1 10 1 1 2 1 |1 1 1 1 1 4 2 14 1 1 13 1 1 15 1 8 |1 1 1 1 3 14 2 4 2 1 9 8 1 1 1 1 |1 1 1 1 1 1 1 12 7 13 1 4 1 2 1 2 |1 1 1 13 1 1 1 13 1 1 12 4 1 2 1 1 |1 1 1 1 1 16 8 11 1 5 15 1 1 13 1 1 |
3611: 1 1 1 7 7 1 1 1 1 1 1 6 1 1 8 1 |1 1 9 1 6 1 1 1 1 1 1 1 1 1 12 1 |1 1 6 1 3 9 13 1 6 1 3 5 1 1 1 1 |1 1 1 4 1 1 1 1 6 8 1 1 1 7 1 11 |1 1 1 1 1 8 8 1 1 1 1 1 11 1 12 6 |1 1 2 1 5 11 1 1 1 1 14 1 10 1 1 1 |1 4 9 1 1 1 1 8 1 1 1 10 1 1 2 1 |1 1 1 1 1 4 2 14 1 1 13 1 1 15 1 8 |1 1 1 1 3 14 2 4 2 1 9 8 1 1 1 1 |1 1 1 1 1 1 1 12 7 13 1 4 1 2 1 2 |1 1 1 13 1 1 1 13 1 1 12 4 1 2 1 1 |1 1 1 1 1 1 7 4 1 1 8 1 1 4 1 4 |
3622: 1 1 1 6 6 5 5 7 1 1 1 1 1 1 6 1 |1 1 9 1 6 3 1 1 1 1 4 11 1 1 13 1 |1 1 6 1 3 9 13 1 6 1 3 5 1 1 1 1 |1 1 1 4 1 1 1 1 6 8 1 1 1 7 1 11 |1 1 1 1 1 8 8 1 1 1 1 1 11 1 12 6 |1 1 2 1 5 11 1 1 1 1 14 1 10 1 1 1 |1 4 9 1 1 1 1 8 1 1 1 10 1 1 2 1 |1 1 1 1 1 4 2 14 1 1 13 1 1 15 1 8 |1 1 1 1 3 14 2 4 2 1 9 8 1 1 1 1 |1 1 1 1 1 1 1 12 7 13 1 4 1 2 1 2 |1 1 1 13 1 1 1 13 1 1 12 4 1 2 1 1 |1 1 1 1 1 1 7 4 1 1 8 1 1 4 1 4 |
3633: 1 1 1 6 6 5 5 7 1 1 1 1 1 1 6 1 |1 1 9 1 6 3 1 1 1 1 4 11 1 1 13 1 |1 1 8 1 1 8 4 7 6 1 1 1 1 1 1 1 |1 1 1 3 1 3 8 1 5 7 1 1 1 6 1 11 |1 1 1 1 1 9 7 1 1 1 1 1 9 1 9 8 |1 1 1 1 5 10 1 1 1 1 13 1 9 1 2 1 |1 4 7 1 1 1 1 1 1 4 1 12 1 1 2 1 |1 1 2 14 1 11 7 2 1 1 15 1 1 12 1 1 |1 1 1 1 3 14 2 4 2 1 9 8 1 1 1 1 |1 1 1 1 1 1 1 12 7 13 1 4 1 2 1 2 |1 1 1 13 1 1 1 13 1 1 12 4 1 2 1 1 |1 1 1 1 1 1 7 4 1 1 8 1 1 4 1 4 |
3644: 1 1 1 6 6 5 5 7 1 1 1 1 1 1 6 1 |1 1 9 1 6 3 1 1 1 1 4 11 1 1 13 1 |1 1 8 1 1 8 4 7 6 1 1 1 1 1 1 1 |1 1 1 3 1 3 8 1 5 7 1 1 1 6 1 11 |1 1 1 1 1 9 7 1 1 1 1 1 9 1 9 8 |1 1 1 1 5 10 1 1 1 1 13 1 9 1 2 1 |1 4 7 1 1 1 1 1 1 4 1 12 1 1 2 1 |1 1 2 14 1 11 7 2 1 1 15 1 1 12 1 1 |1 1 1 1 1 14 10 4 1 1 1 1 12 1 8 3 |1 1 1 1 3 2 2 11 1 14 1 1 1 8 1 6 |7 1 1 1 5 1 1 12 8 4 1 1 1 1 1 1 |1 1 1 1 1 11 7 1 1 2 16 1 1 11 1 10 |
3655: 1 1 1 1 1 7 8 12 1 1 1 1 1 2 8 1 |1 1 9 1 6 3 1 1 1 1 4 11 1 1 13 1 |1 1 8 1 1 8 4 7 6 1 1 1 1 1 1 1 |1 1 1 3 1 3 8 1 5 7 1 1 1 6 1 11 |1 1 1 1 1 9 7 1 1 1 1 1 9 1 9 8 |1 1 1 1 5 10 1 1 1 1 13 1 9 1 2 1 |1 4 7 1 1 1 1 1 1 4 1 12 1 1 2 1 |1 1 2 14 1 11 7 2 1 1 15 1 1 12 1 1 |1 1 1 1 1 14 10 4 1 1 1 1 12 1 8 3 |1 1 1 1 3 2 2 11 1 14 1 1 1 8 1 6 |7 1 1 1 5 1 1 12 8 4 1 1 1 1 1 1 |1 1 1 1 1 11 7 1 1 2 16 1 1 11 1 10 |
3667: 1 1 1 1 1 7 8 12 1 1 1 1 1 2 8 1 |1 1 6 1 1 4 1 1 1 1 1 11 2 1 1 1 |1 1 8 1 1 1 13 7 4 1 7 7 1 1 1 1 |1 1 1 1 1 4 6 1 6 7 1 1 10 6 1 9 |1 1 1 1 1 10 8 1 1 1 1 1 12 1 12 6 |1 1 2 1 5 19 1 1 1 1 14 1 9 1 1 1 |1 11 1 7 1 1 1 9 1 1 1 11 1 1 1 3 |11 1 1 13 1 1 1 1 1 1 16 1 1 6 1 9 |1 1 1 1 1 1 11 5 2 9 5 1 1 1 1 1 |1 1 1 1 3 1 1 13 2 8 1 6 1 7 1 1 |7 1 1 1 5 1 1 12 8 4 1 1 1 1 1 1 |1 1 1 1 1 11 7 1 1 2 16 1 1 11 1 10 |
3677: 1 1 1 1 1 7 8 12 1 1 1 1 1 2 8 1 |1 1 6 1 1 4 1 1 1 1 1 11 2 1 1 1 |1 1 8 1 1 1 13 7 4 1 7 7 1 1 1 1 |1 1 1 1 1 4 6 1 6 7 1 1 10 6 1 9 |1 1 1 1 1 10 8 1 1 1 1 1 12 1 12 6 |1 1 2 1 5 19 1 1 1 1 14 1 9 1 1 1 |1 11 1 7 1 1 1 9 1 1 1 11 1 1 1 3 |11 1 1 13 1 1 1 1 1 1 16 1 1 6 1 9 |1 1 1 1 1 1 11 5 2 9 5 1 1 1 1 1 |1 1 1 1 3 1 1 13 2 8 1 6 1 7 1 1 |7 1 3 1 1 1 1 8 1 1 1 1 1 1 3 1 |1 5 1 1 6 9 1 4 1 5 13 1 1 13 1 1 |
3688: 1 1 1 7 5 1 1 13 1 1 1 1 1 1 1 1 |1 1 6 1 1 4 1 1 1 1 1 11 2 1 1 1 |1 1 8 1 1 1 13 7 4 1 7 7 1 1 1 1 |1 1 1 1 1 4 6 1 6 7 1 1 10 6 1 9 |1 1 1 1 1 10 8 1 1 1 1 1 12 1 12 6 |1 1 2 1 5 19 1 1 1 1 14 1 9 1 1 1 |1 11 1 7 1 1 1 9 1 1 1 11 1 1 1 3 |11 1 1 13 1 1 1 1 1 1 16 1 1 6 1 9 |1 1 1 1 1 1 11 5 2 9 5 1 1 1 1 1 |1 1 1 1 3 1 1 13 2 8 1 6 1 7 1 1 |7 1 3 1 1 1 1 8 1 1 1 1 1 1 3 1 |1 5 1 1 6 9 1 4 1 5 13 1 1 13 1 1 |
3700: 1 1 1 7 5 1 1 13 1 1 1 1 1 1 1 1 |1 1 9 1 1 1 1 1 1 1 1 1 1 1 1 1 |1 1 7 1 1 7 1 6 3 1 1 5 1 1 1 2 |1 1 1 3 1 1 1 1 1 6 1 1 1 6 1 10 |1 1 1 1 1 7 1 1 1 1 1 1 11 1 11 7 |1 1 1 1 5 12 1 1 1 1 14 1 9 1 1 1 |1 5 8 1 1 1 1 8 1 1 1 12 1 1 1 1 |7 1 14 7 1 4 3 13 1 1 11 1 1 13 1 10 |1 1 1 1 2 2 1 11 2 9 9 1 1 2 2 1 |1 1 1 1 3 1 1 13 2 8 1 6 1 7 1 1 |7 1 3 1 1 1 1 8 1 1 1 1 1 1 3 1 |1 5 1 1 6 9 1 4 1 5 13 1 1 13 1 1 |
3710: 1 1 1 7 5 1 1 13 1 1 1 1 1 1 1 1 |1 1 9 1 1 1 1 1 1 1 1 1 1 1 1 1 |1 1 7 1 1 7 1 6 3 1 1 5 1 1 1 2 |1 1 1 3 1 1 1 1 1 6 1 1 1 6 1 10 |1 1 1 1 1 7 1 1 1 1 1 1 11 1 11 7 |1 1 1 1 5 12 1 1 1 1 14 1 9 1 1 1 |1 5 8 1 1 1 1 8 1 1 1 12 1 1 1 1 |7 1 14 7 1 4 3 13 1 1 11 1 1 13 1 10 |1 1 1 1 2 2 1 11 2 9 9 1 1 2 2 1 |1 1 1 1 1 1 1 13 2 7 1 5 1 7 1 6 |7 1 1 2 1 1 1 15 1 1 9 1 1 1 1 1 |1 1 1 1 1 15 9 4 1 1 8 1 1 4 1 8 |
3721: 1 2 1 7 8 9 7 7 1 1 1 5 1 2 6 1 |1 1 9 1 1 1 1 1 1 1 1 1 1 1 1 1 |1 1 7 1 1 7 1 6 3 1 1 5 1 1 1 2 |1 1 1 3 1 1 1 1 1 6 1 1 1 6 1 10 |1 1 1 1 1 7 1 1 1 1 1 1 11 1 11 7 |1 1 1 1 5 12 1 1 1 1 14 1 9 1 1 1 |1 5 8 1 1 1 1 8 1 1 1 12 1 1 1 1 |7 1 14 7 1 4 3 13 1 1 11 1 1 13 1 10 |1 1 1 1 2 2 1 11 2 9 9 1 1 2 2 1 |1 1 1 1 1 1 1 13 2 7 1 5 1 7 1 6 |7 1 1 2 1 1 1 15 1 1 9 1 1 1 1 1 |1 1 1 1 1 15 9 4 1 1 8 1 1 4 1 8 |
3732: 1 2 1 7 8 9 7 7 1 1 1 5 1 2 6 1 |1 1 10 1 7 1 1 1 1 1 1 12 1 1 13 1 |1 1 7 1 1 9 7 8 6 1 3 1 1 1 1 3 |1 1 1 3 1 1 1 1 6 7 1 1 12 7 1 10 |1 1 1 1 6 10 1 1 1 1 1 1 11 1 8 8 |1 1 1 1 3 11 1 4 1 1 14 1 10 1 2 1 |1 4 8 1 1 1 1 1 1 6 1 11 1 1 1 1 |7 1 14 7 1 4 3 13 1 1 11 1 1 13 1 10 |1 1 1 1 2 2 1 11 2 9 9 1 1 2 2 1 |1 1 1 1 1 1 1 13 2 7 1 5 1 7 1 6 |7 1 1 2 1 1 1 15 1 1 9 1 1 1 1 1 |1 1 1 1 1 15 9 4 1 1 8 1 1 4 1 8 |
3743: 1 2 1 7 8 9 7 7 1 1 1 5 1 2 6 1 |1 1 10 1 7 1 1 1 1 1 1 12 1 1 13 1 |1 1 7 1 1 9 7 8 6 1 3 1 1 1 1 3 |1 1 1 3 1 1 1 1 6 7 1 1 12 7 1 10 |1 1 1 1 6 10 1 1 1 1 1 1 11 1 8 8 |1 1 1 1 3 11 1 4 1 1 14 1 10 1 2 1 |1 4 8 1 1 1 1 1 1 6 1 11 1 1 1 1 |1 1 3 14 1 8 2 14 1 1 14 1 1 12 1 1 |1 1 1 1 11 13 10 5 1 1 1 1 12 1 10 2 |1 1 4 1 1 1 1 14 1 15 1 1 1 10 1 6 |1 1 1 1 1 1 1 15 5 7 10 8 1 1 1 1 |1 1 1 1 1 15 8 1 1 5 16 1 1 13 1 1 |
3753: 1 2 1 7 8 9 7 7 1 1 1 5 1 2 6 1 |1 1 10 1 7 1 1 1 1 1 1 12 1 1 13 1 |1 1 7 1 1 9 7 8 6 1 3 1 1 1 1 3 |1 1 1 3 1 1 1 1 6 7 1 1 12 7 1 10 |1 1 1 1 6 10 1 1 1 1 1 1 11 1 8 8 |1 1 1 1 3 11 1 4 1 1 14 1 10 1 2 1 |1 4 8 1 1 1 1 1 1 6 1 11 1 1 1 1 |1 1 3 14 1 8 2 14 1 1 14 1 1 12 1 1 |1 1 1 1 11 13 10 5 1 1 1 1 12 1 10 2 |1 1 4 1 1 1 1 14 1 15 1 1 1 10 1 6 |1 1 1 1 1 1 1 15 5 7 10 8 1 1 1 1 |1 1 1 1 1 15 8 1 1 5 16 1 1 13 1 1 |
3765: 1 1 1 1 1 8 1 1 1 1 1 1 1 3 6 1 |1 1 7 1 1 1 1 1 1 1 1 10 1 1 1 1 |1 1 7 1 1 1 12 8 6 1 6 6 1 1 1 3 |1 1 1 1 1 5 6 1 9 6 1 1 1 6 1 9 |1 1 1 1 1 10 8 1 1 1 1 1 12 1 8 7 |1 1 1 1 4 15 1 1 1 1 13 1 9 1 1 1 |1 9 1 6 1 1 1 8 1 1 1 11 1 1 1 1 |1 1 3 14 1 8 2 14 1 1 14 1 1 12 1 1 |1 1 1 1 11 13 10 5 1 1 1 1 12 1 10 2 |1 1 4 1 1 1 1 14 1 15 1 1 1 10 1 6 |1 1 1 1 1 1 1 15 5 7 10 8 1 1 1 1 |1 1 1 1 1 15 8 1 1 5 16 1 1 13 1 1 |
3776: 1 1 1 1 1 8 1 1 1 1 1 1 1 3 6 1 |1 1 7 1 1 1 1 1 1 1 1 10 1 1 1 1 |1 1 7 1 1 1 12 8 6 1 6 6 1 1 1 3 |1 1 1 1 1 5 6 1 9 6 1 1 1 6 1 9 |1 1 1 1 1 10 8 1 1 1 1 1 12 1 8 7 |1 1 1 1 4 15 1 1 1 1 13 1 9 1 1 1 |1 9 1 6 1 1 1 8 1 1 1 11 1 1 1 1 |4 1 8 15 1 1 1 14 1 1 14 1 1 15 2 1 |1 1 1 1 2 10 10 11 2 9 9 1 1 1 6 3 |1 1 13 1 1 1 1 12 4 8 1 6 1 7 1 7 |1 1 1 1 1 1 1 6 1 1 1 1 1 1 1 1 |1 1 1 2 5 9 3 3 1 5 14 1 1 13 1 11 |
3788: 1 1 1 1 1 8 1 1 1 1 1 1 1 3 6 1 |1 1 7 1 1 1 1 1 1 1 1 10 1 1 1 1 |1 1 7 1 1 1 12 8 6 1 6 6 1 1 1 3 |1 1 1 1 1 5 6 1 9 6 1 1 1 6 1 9 |1 1 1 1 1 10 8 1 1 1 1 1 12 1 8 7 |1 1 1 1 4 15 1 1 1 1 13 1 9 1 1 1 |1 9 1 6 1 1 1 8 1 1 1 11 1 1 1 1 |4 1 8 15 1 1 1 14 1 1 14 1 1 15 2 1 |1 1 1 1 2 10 10 11 2 9 9 1 1 1 6 3 |1 1 13 1 1 1 1 12 4 8 1 6 1 7 1 7 |1 1 1 1 1 1 1 6 1 1 1 1 1 1 1 1 |1 1 1 2 5 9 3 3 1 5 14 1 1 13 1 11 |
3799: 1 1 1 1 8 1 1 13 1 1 1 1 1 1 6 1 |1 1 7 1 1 1 1 1 1 1 1 9 1 1 10 1 |1 1 9 1 1 7 1 1 5 1 2 1 1 1 1 1 |1 1 1 2 1 1 1 1 7 5 1 1 1 5 1 10 |1 1 1 1 1 7 1 1 1 1 1 1 11 1 13 7 |1 1 1 1 5 4 1 1 1 1 14 1 9 1 1 1 |1 9 1 6 1 1 1 8 1 1 1 11 1 1 1 1 |4 1 8 15 1 1 1 14 1 1 14 1 1 15 2 1 |1 1 1 1 2 10 10 11 2 9 9 1 1 1 6 3 |1 1 13 1 1 1 1 12 4 8 1 6 1 7 1 7 |1 1 1 1 1 1 1 6 1 1 1 1 1 1 1 1 |1 1 1 2 5 9 3 3 1 5 14 1 1 13 1 11 |
3809: 1 1 1 1 8 1 1 13 1 1 1 1 1 1 6 1 |1 1 7 1 1 1 1 1 1 1 1 9 1 1 10 1 |1 1 9 1 1 7 1 1 5 1 2 1 1 1 1 1 |1 1 1 2 1 1 1 1 7 5 1 1 1 5 1 10 |1 1 1 1 1 7 1 1 1 1 1 1 11 1 13 7 |1 1 1 1 5 4 1 1 1 1 14 1 9 1 1 1 |1 11 7 5 1 1 1 9 1 4 1 1 1 1 1 1 |1 1 9 7 1 3 8 10 1 1 3 1 1 12 1 1 |1 1 1 1 11 8 6 13 2 8 9 4 11 1 1 1 |1 1 5 1 1 1 1 15 6 11 1 4 1 6 1 6 |1 1 9 1 1 1 1 12 6 5 11 2 1 1 9 1 |1 1 1 1 1 13 1 3 1 2 18 1 1 13 1 1 |
3820: 1 1 1 1 8 1 1 13 1 1 1 1 1 1 6 1 |1 1 7 1 1 1 1 1 1 1 1 9 1 1 10 1 |1 1 9 1 1 7 1 1 5 1 2 1 1 1 1 1 |1 1 1 2 1 1 1 1 7 5 1 1 1 5 1 10 |1 1 1 1 1 7 1 1 1 1 1 1 11 1 13 7 |1 1 1 1 5 4 1 1 1 1 14 1 9 1 1 1 |1 11 7 5 1 1 1 9 1 4 1 1 1 1 1 1 |1 1 9 7 1 3 8 10 1 1 3 1 1 12 1 1 |1 1 1 1 11 8 6 13 2 8 9 4 11 1 1 1 |1 1 5 1 1 1 1 15 6 11 1 4 1 6 1 6 |1 1 9 1 1 1 1 12 6 5 11 2 1 1 9 1 |1 1 1 1 1 13 1 3 1 2 18 1 1 13 1 1 |
3831: 1 1 1 6 7 7 6 13 1 1 1 5 1 1 5 1 |1 1 8 1 5 1 1 1 1 1 1 12 1 1 12 1 |1 1 2 1 1 1 1 9 4 1 8 1 1 1 1 2 |1 1 1 3 1 3 2 1 6 6 1 1 1 4 1 10 |1 1 1 1 1 2 1 1 1 1 1 1 9 1 12 11 |1 1 1 1 3 9 1 1 1 1 12 1 8 1 1 1 |1 6 7 1 1 1 1 1 1 1 1 10 1 1 1 1 |1 1 8 14 1 1 8 9 1 1 15 1 1 13 1 1 |1 1 1 1 11 8 6 13 2 8 9 4 11 1 1 1 |1 1 5 1 1 1 1 15 6 11 1 4 1 6 1 6 |1 1 9 1 1 1 1 12 6 5 11 2 1 1 9 1 |1 1 1 1 1 13 1 3 1 2 18 1 1 13 1 1 |
3842: 1 1 1 6 7 7 6 13 1 1 1 5 1 1 5 1 |1 1 8 1 5 1 1 1 1 1 1 12 1 1 12 1 |1 1 2 1 1 1 1 9 4 1 8 1 1 1 1 2 |1 1 1 3 1 3 2 1 6 6 1 1 1 4 1 10 |1 1 1 1 1 2 1 1 1 1 1 1 9 1 12 11 |1 1 1 1 3 9 1 1 1 1 12 1 8 1 1 1 |1 6 7 1 1 1 1 1 1 1 1 10 1 1 1 1 |1 1 8 14 1 1 8 9 1 1 15 1 1 13 1 1 |1 1 2 1 2 14 4 1 1 1 1 1 1 1 1 1 |1 1 3 1 1 7 1 7 1 13 1 4 1 9 1 7 |1 1 3 1 1 1 1 15 1 1 10 4 1 1 1 1 |1 1 1 1 1 15 7 1 1 6 9 1 1 12 1 1 |
3853: 1 1 1 6 7 7 6 13 1 1 1 5 1 1 5 1 |1 1 8 1 5 1 1 1 1 1 1 12 1 1 12 1 |1 1 2 1 1 1 1 9 4 1 8 1 1 1 1 2 |1 1 1 3 1 3 2 1 6 6 1 1 1 4 1 10 |1 1 1 1 1 2 1 1 1 1 1 1 9 1 12 11 |1 1 1 1 3 9 1 1 1 1 12 1 8 1 1 1 |1 6 7 1 1 1 1 1 1 1 1 10 1 1 1 1 |1 1 8 14 1 1 8 9 1 1 15 1 1 13 1 1 |1 1 2 1 2 14 4 1 1 1 1 1 1 1 1 1 |1 1 3 1 1 7 1 7 1 13 1 4 1 9 1 7 |1 1 3 1 1 1 1 15 1 1 10 4 1 1 1 1 |1 1 1 1 1 15 7 1 1 6 9 1 1 12 1 1 |
3864: 1 1 1 1 1 8 2 1 1 1 1 1 1 2 5 1 |1 1 7 1 7 1 1 1 1 1 5 1 1 1 12 1 |1 1 7 1 1 1 3 6 5 1 1 7 1 1 1 1 |1 1 1 6 1 5 1 1 2 8 1 1 1 7 1 11 |1 1 1 1 1 7 1 1 1 1 1 1 11 1 8 1 |1 1 1 1 5 11 1 5 1 1 12 1 9 1 1 1 |1 5 4 1 1 1 1 1 1 1 9 6 1 1 1 1 |1 1 8 14 1 1 8 9 1 1 15 1 1 13 1 1 |1 1 2 1 2 14 4 1 1 1 1 1 1 1 1 1 |1 1 3 1 1 7 1 7 1 13 1 4 1 9 1 7 |1 1 3 1 1 1 1 15 1 1 10 4 1 1 1 1 |1 1 1 1 1 15 7 1 1 6 9 1 1 12 1 1 |
3874: 1 1 1 1 1 8 2 1 1 1 1 1 1 2 5 1 |1 1 7 1 7 1 1 1 1 1 5 1 1 1 12 1 |1 1 7 1 1 1 3 6 5 1 1 7 1 1 1 1 |1 1 1 6 1 5 1 1 2 8 1 1 1 7 1 11 |1 1 1 1 1 7 1 1 1 1 1 1 11 1 8 1 |1 1 1 1 5 11 1 5 1 1 12 1 9 1 1 1 |1 5 4 1 1 1 1 1 1 1 9 6 1 1 1 1 |6 1 2 8 1 3 7 19 1 1 15 1 3 14 1 1 |1 1 1 1 1 7 10 11 2 1 9 4 12 1 9 1 |1 1 1 1 1 3 1 14 3 9 1 5 1 8 1 1 |1 1 3 1 1 1 1 1 1 1 10 6 1 1 7 1 |1 1 1 1 8 9 1 12 1 5 13 1 1 13 1 1 |
3885: 1 1 1 1 1 8 2 1 1 1 1 1 1 2 5 1 |1 1 7 1 7 1 1 1 1 1 5 1 1 1 12 1 |1 1 7 1 1 1 3 6 5 1 1 7 1 1 1 1 |1 1 1 6 1 5 1 1 2 8 1 1 1 7 1 11 |1 1 1 1 1 7 1 1 1 1 1 1 11 1 8 1 |1 1 1 1 5 11 1 5 1 1 12 1 9 1 1 1 |1 5 4 1 1 1 1 1 1 1 9 6 1 1 1 1 |6 1 2 8 1 3 7 19 1 1 15 1 3 14 1 1 |1 1 1 1 1 7 10 11 2 1 9 4 12 1 9 1 |1 1 1 1 1 3 1 14 3 9 1 5 1 8 1 1 |1 1 3 1 1 1 1 1 1 1 10 6 1 1 7 1 |1 1 1 1 8 9 1 12 1 5 13 1 1 13 1 1 |
3896: 1 1 1 7 1 1 1 1 1 1 1 1 1 1 7 1 |1 1 2 1 3 1 1 1 1 1 1 10 1 1 11 1 |1 1 7 1 1 2 11 1 4 1 7 8 1 1 1 2 |1 1 1 3 1 1 1 1 1 5 1 1 1 6 1 10 |1 1 1 1 1 7 1 1 1 1 1 1 11 1 14 6 |1 1 1 1 5 11 1 5 1 1 12 1 9 1 1 1 |1 5 4 1 1 1 1 1 1 1 9 6 1 1 1 1 |6 1 2 8 1 3 7 19 1 1 15 1 3 14 1 1 |1 1 1 1 1 7 10 11 2 1 9 4 12 1 9 1 |1 1 1 1 1 3 1 14 3 9 1 5 1 8 1 1 |1 1 3 1 1 1 1 1 1 1 10 6 1 1 7 1 |1 1 1 1 8 9 1 12 1 5 13 1 1 13 1 1 |
3907: 1 1 1 7 1 1 1 1 1 1 1 1 1 1 7 1 |1 1 2 1 3 1 1 1 1 1 1 10 1 1 11 1 |1 1 7 1 1 2 11 1 4 1 7 8 1 1 1 2 |1 1 1 3 1 1 1 1 1 5 1 1 1 6 1 10 |1 1 1 1 1 7 1 1 1 1 1 1 11 1 14 6 |1 1 1 1 5 10 1 1 1 1 14 1 9 1 1 1 |1 6 2 1 8 1 1 7 1 1 1 10 1 1 1 1 |1 1 1 14 1 3 6 10 1 1 10 1 1 15 1 11 |1 1 1 1 2 1 1 1 2 1 10 15 1 1 8 2 |2 1 5 1 1 1 1 14 8 12 1 5 1 5 1 6 |1 1 3 1 8 1 1 13 1 1 9 1 1 1 1 1 |1 8 1 1 1 16 1 1 1 1 1 1 2 6 1 17 |
3917: 1 1 1 7 1 1 1 1 1 1 1 1 1 1 7 1 |1 1 2 1 3 1 1 1 1 1 1 10 1 1 11 1 |1 1 7 1 1 2 11 1 4 1 7 8 1 1 1 2 |1 1 1 3 1 1 1 1 1 5 1 1 1 6 1 10 |1 1 1 1 1 7 1 1 1 1 1 1 11 1 14 6 |1 1 1 1 5 10 1 1 1 1 14 1 9 1 1 1 |1 6 2 1 8 1 1 7 1 1 1 10 1 1 1 1 |1 1 1 14 1 3 6 10 1 1 10 1 1 15 1 11 |1 1 1 1 2 1 1 1 2 1 10 15 1 1 8 2 |2 1 5 1 1 1 1 14 8 12 1 5 1 5 1 6 |1 1 3 1 8 1 1 13 1 1 9 1 1 1 1 1 |1 8 1 1 1 16 1 1 1 1 1 1 2 6 1 17 |
3929: 1 5 1 8 7 6 7 10 1 1 1 1 1 2 1 1 |1 1 2 1 4 1 1 1 1 1 1 10 6 1 11 1 |1 1 3 1 1 7 12 6 6 1 8 2 1 1 1 2 |1 1 1 1 1 4 1 1 7 6 1 1 12 7 1 1 |1 1 1 1 1 14 8 1 1 1 1 1 9 1 14 7 |1 1 1 1 5 10 1 1 1 1 14 1 9 1 1 1 |1 6 2 1 8 1 1 7 1 1 1 10 1 1 1 1 |1 1 1 14 1 3 6 10 1 1 10 1 1 15 1 11 |1 1 1 1 2 1 1 1 2 1 10 15 1 1 8 2 |2 1 5 1 1 1 1 14 8 12 1 5 1 5 1 6 |1 1 3 1 8 1 1 13 1 1 9 1 1 1 1 1 |1 8 1 1 1 16 1 1 1 1 1 1 2 6 1 17 |
3940: 1 5 1 8 7 6 7 10 1 1 1 1 1 2 1 1 |1 1 2 1 4 1 1 1 1 1 1 10 6 1 11 1 |1 1 3 1 1 7 12 6 6 1 8 2 1 1 1 2 |1 1 1 1 1 4 1 1 7 6 1 1 12 7 1 1 |1 1 1 1 1 14 8 1 1 1 1 1 9 1 14 7 |1 1 1 1 4 9 1 1 1 1 11 1 10 1 1 1 |1 5 7 1 1 1 1 10 1 1 1 10 1 1 1 1 |1 1 3 12 1 1 8 10 1 1 15 1 1 13 1 1 |1 1 1 1 14 14 6 6 1 8 5 1 1 1 1 1 |1 1 5 1 3 4 1 1 1 12 1 1 1 7 1 8 |4 1 1 1 4 1 1 1 5 3 11 1 1 1 7 1 |1 1 1 1 1 1 14 7 1 4 17 1 1 1 1 4 |
3951: 1 5 1 8 7 6 7 10 1 1 1 1 1 2 1 1 |1 1 2 1 4 1 1 1 1 1 1 10 6 1 11 1 |1 1 3 1 1 7 12 6 6 1 8 2 1 1 1 2 |1 1 1 1 1 4 1 1 7 6 1 1 12 7 1 1 |1 1 1 1 1 14 8 1 1 1 1 1 9 1 14 7 |1 1 1 1 4 9 1 1 1 1 11 1 10 1 1 1 |1 5 7 1 1 1 1 10 1 1 1 10 1 1 1 1 |1 1 3 12 1 1 8 10 1 1 15 1 1 13 1 1 |1 1 1 1 14 14 6 6 1 8 5 1 1 1 1 1 |1 1 5 1 3 4 1 1 1 12 1 1 1 7 1 8 |4 1 1 1 4 1 1 1 5 3 11 1 1 1 7 1 |1 1 1 1 1 1 14 7 1 4 17 1 1 1 1 4 |
3962: 1 1 1 1 1 6 7 8 1 1 1 1 1 1 7 1 |1 1 1 1 3 1 1 1 1 1 6 10 1 1 1 1 |1 1 7 1 1 1 11 7 1 1 2 1 1 1 1 2 |1 1 1 1 1 3 8 1 6 7 1 1 1 6 1 10 |1 1 1 1 1 14 8 1 1 1 1 1 9 1 14 7 |1 1 1 1 4 9 1 1 1 1 11 1 10 1 1 1 |1 5 7 1 1 1 1 10 1 1 1 10 1 1 1 1 |1 1 3 12 1 1 8 10 1 1 15 1 1 13 1 1 |1 1 1 1 14 14 6 6 1 8 5 1 1 1 1 1 |1 1 5 1 3 4 1 1 1 12 1 1 1 7 1 8 |4 1 1 1 4 1 1 1 5 3 11 1 1 1 7 1 |1 1 1 1 1 1 14 7 1 4 17 1 1 1 1 4 |
3973: 1 1 1 1 1 6 7 8 1 1 1 1 1 1 7 1 |1 1 1 1 3 1 1 1 1 1 6 10 1 1 1 1 |1 1 7 1 1 1 11 7 1 1 2 1 1 1 1 2 |1 1 1 1 1 3 8 1 6 7 1 1 1 6 1 10 |1 1 1 1 1 8 9 1 1 1 1 1 9 2 12 6 |1 1 2 1 1 2 1 6 1 1 14 1 11 1 1 1 |1 10 7 1 1 1 1 8 1 1 1 12 1 1 1 1 |1 1 9 7 1 1 11 14 1 1 14 1 1 16 1 9 |1 1 1 1 1 14 10 3 1 1 1 1 11 1 1 1 |1 1 1 1 1 1 1 13 7 13 1 1 1 8 1 6 |1 1 1 1 1 1 1 15 5 10 1 1 1 1 8 1 |1 2 1 1 1 15 7 11 1 3 14 1 1 13 1 1 |
3984: 1 1 1 1 1 6 7 8 1 1 1 1 1 1 7 1 |1 1 1 1 3 1 1 1 1 1 6 10 1 1 1 1 |1 1 7 1 1 1 11 7 1 1 2 1 1 1 1 2 |1 1 1 1 1 3 8 1 6 7 1 1 1 6 1 10 |1 1 1 1 1 8 9 1 1 1 1 1 9 2 12 6 |1 1 2 1 1 2 1 6 1 1 14 1 11 1 1 1 |1 10 7 1 1 1 1 8 1 1 1 12 1 1 1 1 |1 1 9 7 1 1 11 14 1 1 14 1 1 16 1 9 |1 1 1 1 1 14 10 3 1 1 1 1 11 1 1 1 |1 1 1 1 1 1 1 13 7 13 1 1 1 8 1 6 |1 1 1 1 1 1 1 15 5 10 1 1 1 1 8 1 |1 2 1 1 1 15 7 11 1 3 14 1 1 13 1 1 |
3995: 1 1 1 2 8 2 6 1 1 1 1 1 1 1 6 1 |1 1 6 1 1 1 1 1 1 1 5 12 3 1 11 1 |1 1 7 1 1 2 13 6 1 1 2 7 1 1 1 1 |1 1 1 2 1 1 1 1 7 4 1 6 1 8 1 10 |1 1 1 1 1 8 9 1 1 1 1 1 9 2 12 6 |1 1 2 1 1 2 1 6 1 1 14 1 11 1 1 1 |1 10 7 1 1 1 1 8 1 1 1 12 1 1 1 1 |1 1 9 7 1 1 11 14 1 1 14 1 1 16 1 9 |1 1 1 1 1 14 10 3 1 1 1 1 11 1 1 1 |1 1 1 1 1 1 1 13 7 13 1 1 1 8 1 6 |1 1 1 1 1 1 1 15 5 10 1 1 1 1 8 1 |1 2 1 1 1 15 7 11 1 3 14 1 1 13 1 1 |
4005: 1 1 1 2 8 2 6 1 1 1 1 1 1 1 6 1 |1 1 6 1 1 1 1 1 1 1 5 12 3 1 11 1 |1 1 7 1 1 2 13 6 1 1 2 7 1 1 1 1 |1 1 1 2 1 1 1 1 7 4 1 6 1 8 1 10 |1 1 1 1 1 8 6 1 1 1 1 1 9 1 8 1 |1 1 2 1 5 9 1 1 1 1 13 1 11 1 2 1 |1 4 9 1 1 1 1 9 1 5 1 11 1 1 1 1 |6 1 11 7 1 3 4 2 1 1 9 1 1 13 1 9 |1 1 1 1 3 7 5 10 2 8 4 1 10 1 1 1 |2 1 4 1 2 1 1 14 3 12 1 3 1 1 1 1 |6 1 1 1 1 1 1 1 8 9 4 1 1 2 1 1 |1 2 1 1 1 15 7 11 1 3 14 1 1 13 1 1 |
4016: 1 1 1 2 8 2 6 1 1 1 1 1 1 1 6 1 |1 1 6 1 1 1 1 1 1 1 5 12 3 1 11 1 |1 1 7 1 1 2 13 6 1 1 2 7 1 1 1 1 |1 1 1 2 1 1 1 1 7 4 1 6 1 8 1 10 |1 1 1 1 1 8 6 1 1 1 1 1 9 1 8 1 |1 1 2 1 5 9 1 1 1 1 13 1 11 1 2 1 |1 4 9 1 1 1 1 9 1 5 1 11 1 1 1 1 |6 1 11 7 1 3 4 2 1 1 9 1 1 13 1 9 |1 1 1 1 3 7 5 10 2 8 4 1 10 1 1 1 |2 1 4 1 2 1 1 14 3 12 1 3 1 1 1 1 |6 1 1 1 1 1 1 1 8 9 4 1 1 2 1 1 |1 1 1 1 1 13 5 4 1 1 6 1 1 14 1 1 |
4027: 1 3 1 1 8 7 8 5 1 1 1 5 1 1 8 1 |1 1 8 1 4 1 1 1 1 1 1 10 1 2 11 1 |1 1 10 1 1 10 4 7 5 1 1 6 1 1 1 2 |1 1 1 2 1 1 1 1 7 4 1 6 1 8 1 10 |1 1 1 1 1 8 6 1 1 1 1 1 9 1 8 1 |1 1 2 1 5 9 1 1 1 1 13 1 11 1 2 1 |1 4 9 1 1 1 1 9 1 5 1 11 1 1 1 1 |6 1 11 7 1 3 4 2 1 1 9 1 1 13 1 9 |1 1 1 1 3 7 5 10 2 8 4 1 10 1 1 1 |2 1 4 1 2 1 1 14 3 12 1 3 1 1 1 1 |6 1 1 1 1 1 1 1 8 9 4 1 1 2 1 1 |1 1 1 1 1 13 5 4 1 1 6 1 1 14 1 1 |
4037: 1 3 1 1 8 7 8 5 1 1 1 5 1 1 8 1 |1 1 8 1 4 1 1 1 1 1 1 10 1 2 11 1 |1 1 10 1 1 10 4 7 5 1 1 6 1 1 1 2 |1 1 1 2 1 5 6 1 8 4 1 1 12 8 1 10 |1 1 1 1 1 12 1 1 1 1 1 1 10 1 8 14 |1 1 1 1 1 1 1 1 1 1 13 1 11 1 2 1 |1 12 7 5 5 1 1 1 1 1 1 10 1 1 1 1 |1 1 3 13 1 1 1 14 1 1 14 1 1 14 1 9 |1 1 1 1 3 15 9 7 1 8 9 1 12 1 6 5 |1 1 6 1 3 3 1 1 2 12 1 8 1 9 1 6 |6 1 1 1 1 1 1 1 8 9 4 1 1 2 1 1 |1 1 1 1 1 13 5 4 1 1 6 1 1 14 1 1 |
4048: 1 3 1 1 8 7 8 5 1 1 1 5 1 1 8 1 |1 1 8 1 4 1 1 1 1 1 1 10 1 2 11 1 |1 1 10 1 1 10 4 7 5 1 1 6 1 1 1 2 |1 1 1 2 1 5 6 1 8 4 1 1 12 8 1 10 |1 1 1 1 1 12 1 1 1 1 1 1 10 1 8 14 |1 1 1 1 1 1 1 1 1 1 13 1 11 1 2 1 |1 12 7 5 5 1 1 1 1 1 1 10 1 1 1 1 |1 1 3 13 1 1 1 14 1 1 14 1 1 14 1 9 |1 1 1 1 3 15 9 7 1 8 9 1 12 1 6 5 |1 1 6 1 3 3 1 1 2 12 1 8 1 9 1 6 |1 1 1 14 8 1 1 15 4 3 10 1 1 1 1 1 |1 1 1 3 1 15 7 1 1 6 15 1 1 1 1 4 |
4059: 1 1 1 1 9 6 7 9 1 1 1 1 1 1 2 1 |1 1 8 1 4 1 1 1 1 1 1 10 1 2 11 1 |1 1 10 1 1 10 4 7 5 1 1 6 1 1 1 2 |1 1 1 2 1 5 6 1 8 4 1 1 12 8 1 10 |1 1 1 1 1 12 1 1 1 1 1 1 10 1 8 14 |1 1 1 1 1 1 1 1 1 1 13 1 11 1 2 1 |1 12 7 5 5 1 1 1 1 1 1 10 1 1 1 1 |1 1 3 13 1 1 1 14 1 1 14 1 1 14 1 9 |1 1 1 1 3 15 9 7 1 8 9 1 12 1 6 5 |1 1 6 1 3 3 1 1 2 12 1 8 1 9 1 6 |1 1 1 14 8 1 1 15 4 3 10 1 1 1 1 1 |1 1 1 3 1 15 7 1 1 6 15 1 1 1 1 4 |
4069: 1 1 1 1 9 6 7 9 1 1 1 1 1 1 2 1 |1 1 1 1 1 1 1 1 1 1 1 1 1 1 11 1 |1 1 6 1 1 1 11 7 1 1 7 1 1 1 1 2 |1 1 1 8 1 1 1 1 5 8 1 1 12 4 1 9 |1 1 1 1 5 7 9 1 1 1 1 1 10 1 8 7 |1 1 1 1 1 18 1 5 1 1 14 1 10 1 3 1 |1 11 1 1 1 1 1 8 1 1 1 11 1 1 1 1 |6 1 1 14 1 1 8 20 1 2 9 1 1 13 1 1 |1 1 1 1 1 13 11 4 1 10 4 1 11 1 1 1 |1 1 1 1 2 2 1 13 8 9 1 5 1 7 1 4 |1 1 1 14 8 1 1 15 4 3 10 1 1 1 1 1 |1 1 1 3 1 15 7 1 1 6 15 1 1 1 1 4 |
4080: 1 1 1 1 9 6 7 9 1 1 1 1 1 1 2 1 |1 1 1 1 1 1 1 1 1 1 1 1 1 1 11 1 |1 1 6 1 1 1 11 7 1 1 7 1 1 1 1 2 |1 1 1 8 1 1 1 1 5 8 1 1 12 4 1 9 |1 1 1 1 5 7 9 1 1 1 1 1 10 1 8 7 |1 1 1 1 1 18 1 5 1 1 14 1 10 1 3 1 |1 11 1 1 1 1 1 8 1 1 1 11 1 1 1 1 |6 1 1 14 1 1 8 20 1 2 9 1 1 13 1 1 |1 1 1 1 1 13 11 4 1 10 4 1 11 1 1 1 |1 1 1 1 2 2 1 13 8 9 1 5 1 7 1 4 |1 1 1 1 1 1 1 13 5 9 1 7 1 1 8 1 |1 1 2 1 1 15 12 5 1 6 15 1 1 2 1 1 |
4091: 1 1 1 1 9 6 7 9 1 1 1 1 1 1 2 1 |1 1 1 1 1 1 1 1 1 1 1 1 1 1 11 1 |1 1 6 1 1 1 11 7 1 1 7 1 1 1 1 2 |1 1 1 8 1 1 1 1 5 8 1 1 12 4 1 9 |1 1 1 1 5 7 9 1 1 1 1 1 10 1 8 7 |1 1 1 1 1 18 1 5 1 1 14 1 10 1 3 1 |1 11 1 1 1 1 1 8 1 1 1 11 1 1 1 1 |6 1 1 14 1 1 8 20 1 2 9 1 1 13 1 1 |1 1 1 1 1 13 11 4 1 10 4 1 11 1 1 1 |1 1 1 1 2 2 1 13 8 9 1 5 1 7 1 4 |1 1 1 1 1 1 1 13 5 9 1 7 1 1 8 1 |1 1 2 1 1 15 12 5 1 6 15 1 1 2 1 1 |
4123: 1 1 1 1 1 7 8 7 1 1 1 3 1 1 1 1 |3 1 8 1 7 8 1 1 1 1 1 1 2 1 12 1 |1 1 8 1 1 1 13 2 2 1 1 8 1 1 1 3 |1 1 1 2 1 5 2 1 2 6 1 1 11 7 1 12 |1 1 1 1 3 10 9 1 1 1 1 1 11 1 12 7 |1 1 2 1 5 12 1 1 1 1 13 1 10 1 1 1 |1 11 1 1 1 1 1 8 1 1 1 11 1 1 1 1 |6 1 1 14 1 1 8 20 1 2 9 1 1 13 1 1 |1 1 1 1 1 13 11 4 1 10 4 1 11 1 1 1 |1 1 1 1 2 2 1 13 8 9 1 5 1 7 1 4 |1 1 1 1 1 1 1 13 5 9 1 7 1 1 8 1 |1 1 2 1 1 15 12 5 1 6 15 1 1 2 1 1 |
4134: 1 1 1 1 1 7 8 7 1 1 1 3 1 1 1 1 |3 1 8 1 7 8 1 1 1 1 1 1 2 1 12 1 |1 1 8 1 1 1 13 2 2 1 1 8 1 1 1 3 |1 1 1 2 1 5 2 1 2 6 1 1 11 7 1 12 |1 1 1 1 3 10 9 1 1 1 1 1 11 1 12 7 |1 1 2 1 5 12 1 1 1 1 13 1 10 1 1 1 |1 5 9 1 1 1 1 4 1 1 1 11 1 1 1 1 |1 1 8 15 1 2 3 1 1 1 16 1 1 12 3 8 |1 1 1 1 14 9 10 3 1 1 1 11 1 1 3 2 |1 1 7 1 1 1 2 1 1 1 1 4 1 7 1 7 |8 1 1 8 1 1 1 15 3 1 9 3 2 1 8 1 |1 2 1 3 1 2 3 1 1 5 16 1 1 2 1 1 |
4145: 1 1 1 1 1 7 8 7 1 1 1 3 1 1 1 1 |3 1 8 1 7 8 1 1 1 1 1 1 2 1 12 1 |1 1 8 1 1 1 13 2 2 1 1 8 1 1 1 3 |1 1 1 2 1 5 2 1 2 6 1 1 11 7 1 12 |1 1 1 1 3 10 9 1 1 1 1 1 11 1 12 7 |1 1 2 1 5 12 1 1 1 1 13 1 10 1 1 1 |1 5 9 1 1 1 1 4 1 1 1 11 1 1 1 1 |1 1 8 15 1 2 3 1 1 1 16 1 1 12 3 8 |1 1 1 1 14 9 10 3 1 1 1 11 1 1 3 2 |1 1 7 1 1 1 2 1 1 1 1 4 1 7 1 7 |8 1 1 8 1 1 1 15 3 1 9 3 2 1 8 1 |1 2 1 3 1 2 3 1 1 5 16 1 1 2 1 1 |
4156: 1 1 1 1 1 7 8 14 1 3 1 1 1 1 5 1 |1 1 7 1 6 6 1 1 1 1 5 12 1 1 13 1 |1 1 1 1 1 6 13 7 5 1 2 1 1 1 1 2 |1 1 1 2 1 5 2 1 2 6 1 1 11 7 1 12 |1 1 1 1 3 10 9 1 1 1 1 1 11 1 12 7 |1 1 2 1 5 12 1 1 1 1 13 1 10 1 1 1 |1 5 9 1 1 1 1 4 1 1 1 11 1 1 1 1 |1 1 8 15 1 2 3 1 1 1 16 1 1 12 3 8 |1 1 1 1 14 9 10 3 1 1 1 11 1 1 3 2 |1 1 7 1 1 1 2 1 1 1 1 4 1 7 1 7 |8 1 1 8 1 1 1 15 3 1 9 3 2 1 8 1 |1 2 1 3 1 2 3 1 1 5 16 1 1 2 1 1 |
4167: 1 1 1 1 1 7 8 14 1 3 1 1 1 1 5 1 |1 1 7 1 6 6 1 1 1 1 5 12 1 1 13 1 |1 1 1 1 1 6 13 7 5 1 2 1 1 1 1 2 |1 1 1 4 1 3 3 1 7 1 1 1 1 9 1 11 |1 1 1 1 1 7 6 1 1 1 1 1 11 1 11 8 |1 1 1 1 6 10 1 1 1 1 13 1 10 1 1 1 |1 4 9 1 1 1 1 10 1 4 1 11 1 1 1 1 |1 1 9 6 1 1 1 4 1 1 15 1 1 12 1 9 |1 1 1 1 2 15 10 10 1 2 4 1 11 1 6 4 |1 1 1 1 1 2 1 14 3 14 1 4 1 1 1 5 |3 1 1 1 1 1 1 13 6 2 1 1 1 1 1 1 |1 1 1 1 1 14 6 12 1 1 15 1 1 10 1 16 |
4178: 1 1 1 1 1 7 8 14 1 3 1 1 1 1 5 1 |1 1 7 1 6 6 1 1 1 1 5 12 1 1 13 1 |1 1 1 1 1 6 13 7 5 1 2 1 1 1 1 2 |1 1 1 4 1 3 3 1 7 1 1 1 1 9 1 11 |1 1 1 1 1 7 6 1 1 1 1 1 11 1 11 8 |1 1 1 1 6 10 1 1 1 1 13 1 10 1 1 1 |1 4 9 1 1 1 1 10 1 4 1 11 1 1 1 1 |1 1 9 6 1 1 1 4 1 1 15 1 1 12 1 9 |1 1 1 1 2 15 10 10 1 2 4 1 11 1 6 4 |1 1 1 1 1 2 1 14 3 14 1 4 1 1 1 5 |3 1 1 1 1 1 1 13 6 2 1 1 1 1 1 1 |1 1 1 1 1 14 6 12 1 1 15 1 1 10 1 16 |
4189: 1 1 1 1 9 8 7 7 1 1 1 1 1 2 1 1 |2 1 7 1 6 4 1 1 1 1 5 11 1 1 1 1 |1 1 8 1 1 9 4 6 1 1 7 6 1 1 1 1 |1 1 1 4 1 3 3 1 7 1 1 1 1 9 1 11 |1 1 1 1 1 7 6 1 1 1 1 1 11 1 11 8 |1 1 1 1 6 10 1 1 1 1 13 1 10 1 1 1 |1 4 9 1 1 1 1 10 1 4 1 11 1 1 1 1 |1 1 9 6 1 1 1 4 1 1 15 1 1 12 1 9 |1 1 1 1 2 15 10 10 1 2 4 1 11 1 6 4 |1 1 1 1 1 2 1 14 3 14 1 4 1 1 1 5 |3 1 1 1 1 1 1 13 6 2 1 1 1 1 1 1 |1 1 1 1 1 14 6 12 1 1 15 1 1 10 1 16 |
4199: 1 1 1 1 9 8 7 7 1 1 1 1 1 2 1 1 |2 1 7 1 6 4 1 1 1 1 5 11 1 1 1 1 |1 1 8 1 1 9 4 6 1 1 7 6 1 1 1 1 |1 1 1 3 1 4 6 1 5 7 1 1 11 6 1 10 |1 1 1 1 1 9 4 1 1 1 1 1 11 1 13 7 |1 1 2 1 1 11 1 1 1 1 14 1 9 1 1 1 |1 1 16 1 1 1 1 9 1 6 1 11 1 1 1 3 |1 1 1 14 1 4 1 10 1 1 15 1 6 6 1 1 |1 1 1 1 5 15 2 1 1 9 4 1 11 1 4 4 |2 1 6 1 1 1 1 12 9 14 1 7 1 9 1 1 |1 1 1 1 1 1 6 12 1 1 1 1 1 3 7 1 |1 1 1 1 1 14 6 12 1 1 15 1 1 10 1 16 |
4210: 1 1 1 1 9 8 7 7 1 1 1 1 1 2 1 1 |2 1 7 1 6 4 1 1 1 1 5 11 1 1 1 1 |1 1 8 1 1 9 4 6 1 1 7 6 1 1 1 1 |1 1 1 3 1 4 6 1 5 7 1 1 11 6 1 10 |1 1 1 1 1 9 4 1 1 1 1 1 11 1 13 7 |1 1 2 1 1 11 1 1 1 1 14 1 9 1 1 1 |1 1 16 1 1 1 1 9 1 6 1 11 1 1 1 3 |1 1 1 14 1 4 1 10 1 1 15 1 6 6 1 1 |1 1 1 1 5 15 2 1 1 9 4 1 11 1 4 4 |2 1 6 1 1 1 1 12 9 14 1 7 1 9 1 1 |1 1 1 1 1 1 6 12 1 1 1 1 1 3 7 1 |1 1 1 1 1 1 13 6 1 2 10 1 1 12 1 1 |
4221: 1 1 1 1 1 11 8 1 1 1 1 1 1 1 1 1 |2 1 1 1 1 1 1 1 1 1 1 1 1 1 1 1 |1 1 8 1 1 8 1 3 1 1 1 7 1 1 1 1 |1 1 1 3 1 4 6 1 5 7 1 1 11 6 1 10 |1 1 1 1 1 9 4 1 1 1 1 1 11 1 13 7 |1 1 2 1 1 11 1 1 1 1 14 1 9 1 1 1 |1 1 16 1 1 1 1 9 1 6 1 11 1 1 1 3 |1 1 1 14 1 4 1 10 1 1 15 1 6 6 1 1 |1 1 1 1 5 15 2 1 1 9 4 1 11 1 4 4 |2 1 6 1 1 1 1 12 9 14 1 7 1 9 1 1 |1 1 1 1 1 1 6 12 1 1 1 1 1 3 7 1 |1 1 1 1 1 1 13 6 1 2 10 1 1 12 1 1 |
4232: 1 1 1 1 1 11 8 1 1 1 1 1 1 1 1 1 |2 1 1 1 1 1 1 1 1 1 1 1 1 1 1 1 |1 1 8 1 1 8 1 3 1 1 1 7 1 1 1 1 |1 1 1 3 1 1 1 1 7 6 1 1 1 5 1 11 |1 1 4 1 1 8 8 1 1 1 1 1 9 1 7 7 |1 1 3 1 5 12 1 1 1 1 11 1 10 1 1 1 |1 11 8 1 7 1 1 9 1 1 1 12 1 1 1 1 |6 1 1 15 1 1 1 13 1 1 11 1 1 14 1 1 |1 1 1 1 2 3 2 1 1 1 1 1 1 1 8 3 |1 1 1 1 1 1 1 14 6 13 1 7 1 1 1 1 |1 1 3 1 1 1 1 1 5 7 11 4 1 1 9 1 |1 1 1 1 1 1 13 6 1 2 10 1 1 12 1 1 |
4243: 1 1 1 1 1 11 8 1 1 1 1 1 1 1 1 1 |2 1 1 1 1 1 1 1 1 1 1 1 1 1 1 1 |1 1 8 1 1 8 1 3 1 1 1 7 1 1 1 1 |1 1 1 3 1 1 1 1 7 6 1 1 1 5 1 11 |1 1 4 1 1 8 8 1 1 1 1 1 9 1 7 7 |1 1 3 1 5 12 1 1 1 1 11 1 10 1 1 1 |1 11 8 1 7 1 1 9 1 1 1 12 1 1 1 1 |6 1 1 15 1 1 1 13 1 1 11 1 1 14 1 1 |1 1 1 1 2 3 2 1 1 1 1 1 1 1 8 3 |1 1 1 1 1 1 1 14 6 13 1 7 1 1 1 1 |1 1 3 1 1 1 1 1 5 7 11 4 1 1 9 1 |1 1 1 1 1 1 1 1 1 4 16 1 1 13 1 12 |
4254: 1 1 1 7 5 6 9 12 1 1 1 3 1 2 8 1 |2 1 1 1 1 1 1 1 1 1 1 1 1 1 1 1 |1 1 8 1 1 8 1 3 1 1 1 7 1 1 1 1 |1 1 1 3 1 1 1 1 7 6 1 1 1 5 1 11 |1 1 4 1 1 8 8 1 1 1 1 1 9 1 7 7 |1 1 3 1 5 12 1 1 1 1 11 1 10 1 1 1 |1 11 8 1 7 1 1 9 1 1 1 12 1 1 1 1 |6 1 1 15 1 1 1 13 1 1 11 1 1 14 1 1 |1 1 1 1 2 3 2 1 1 1 1 1 1 1 8 3 |1 1 1 1 1 1 1 14 6 13 1 7 1 1 1 1 |1 1 3 1 1 1 1 1 5 7 11 4 1 1 9 1 |1 1 1 1 1 1 1 1 1 4 16 1 1 13 1 12 |
4265: 1 1 1 7 5 6 9 12 1 1 1 3 1 2 8 1 |2 1 8 1 1 12 1 1 1 1 1 1 1 1 9 1 |1 1 1 1 1 7 12 6 1 1 1 1 1 1 1 1 |1 1 1 3 1 1 2 1 8 6 1 1 1 7 1 11 |1 1 1 1 1 1 8 1 1 1 1 1 12 1 12 11 |1 1 6 1 5 12 1 5 1 1 15 1 9 1 1 1 |1 11 8 1 1 1 1 4 1 1 1 11 1 1 1 1 |7 1 1 1 1 1 1 14 1 1 11 1 1 13 1 1 |1 1 1 1 3 14 3 1 1 8 4 1 1 2 2 1 |1 1 1 1 1 1 1 14 6 13 1 7 1 1 1 1 |1 1 3 1 1 1 1 1 5 7 11 4 1 1 9 1 |1 1 1 1 1 1 1 1 1 4 16 1 1 13 1 12 |
4276: 1 1 1 7 5 6 9 12 1 1 1 3 1 2 8 1 |2 1 8 1 1 12 1 1 1 1 1 1 1 1 9 1 |1 1 1 1 1 7 12 6 1 1 1 1 1 1 1 1 |1 1 1 3 1 1 2 1 8 6 1 1 1 7 1 11 |1 1 1 1 1 1 8 1 1 1 1 1 12 1 12 11 |1 1 6 1 5 12 1 5 1 1 15 1 9 1 1 1 |1 11 8 1 1 1 1 4 1 1 1 11 1 1 1 1 |7 1 1 1 1 1 1 14 1 1 11 1 1 13 1 1 |1 1 1 1 3 14 3 1 1 8 4 1 1 2 2 1 |1 1 5 1 3 2 8 8 8 14 1 5 1 9 1 6 |8 1 1 1 1 1 1 14 1 10 3 1 1 1 1 1 |1 1 1 1 1 14 6 12 1 3 8 1 1 12 1 1 |
4286: 1 1 1 1 10 5 1 8 1 1 1 1 1 1 1 1 |10 1 8 1 5 1 1 1 1 1 1 11 1 1 13 1 |1 1 1 1 1 7 12 6 1 1 1 1 1 1 1 1 |1 1 1 3 1 1 2 1 8 6 1 1 1 7 1 11 |1 1 1 1 1 1 8 1 1 1 1 1 12 1 12 11 |1 1 6 1 5 12 1 5 1 1 15 1 9 1 1 1 |1 11 8 1 1 1 1 4 1 1 1 11 1 1 1 1 |7 1 1 1 1 1 1 14 1 1 11 1 1 13 1 1 |1 1 1 1 3 14 3 1 1 8 4 1 1 2 2 1 |1 1 5 1 3 2 8 8 8 14 1 5 1 9 1 6 |8 1 1 1 1 1 1 14 1 10 3 1 1 1 1 1 |1 1 1 1 1 14 6 12 1 3 8 1 1 12 1 1 |
4298: 1 1 1 1 10 5 1 8 1 1 1 1 1 1 1 1 |10 1 8 1 5 1 1 1 1 1 1 11 1 1 13 1 |1 1 7 1 1 1 1 1 4 1 7 7 1 1 1 2 |1 1 1 3 1 6 7 1 7 8 1 1 1 6 1 10 |1 1 1 1 1 8 1 1 1 1 1 1 12 1 9 12 |1 1 1 1 1 11 1 1 1 1 12 1 9 1 1 1 |1 1 15 1 1 1 1 8 1 1 1 11 1 1 1 1 |6 1 4 13 1 3 1 13 1 1 16 1 1 11 1 1 |1 1 1 1 3 14 3 1 1 8 4 1 1 2 2 1 |1 1 5 1 3 2 8 8 8 14 1 5 1 9 1 6 |8 1 1 1 1 1 1 14 1 10 3 1 1 1 1 1 |1 1 1 1 1 14 6 12 1 3 8 1 1 12 1 1 |
4308: 1 1 1 1 10 5 1 8 1 1 1 1 1 1 1 1 |10 1 8 1 5 1 1 1 1 1 1 11 1 1 13 1 |1 1 7 1 1 1 1 1 4 1 7 7 1 1 1 2 |1 1 1 3 1 6 7 1 7 8 1 1 1 6 1 10 |1 1 1 1 1 8 1 1 1 1 1 1 12 1 9 12 |1 1 1 1 1 11 1 1 1 1 12 1 9 1 1 1 |1 1 15 1 1 1 1 8 1 1 1 11 1 1 1 1 |6 1 4 13 1 3 1 13 1 1 16 1 1 11 1 1 |1 1 1 1 9 2 1 2 1 8 4 1 12 1 9 2 |3 1 4 1 3 2 1 13 8 13 1 3 1 6 1 6 |1 1 1 1 1 1 6 12 4 5 10 2 1 1 9 1 |1 6 1 1 1 17 7 12 1 4 8 2 1 12 1 12 |
4319: 1 1 1 1 10 5 1 8 1 1 1 1 1 1 1 1 |10 1 8 1 5 1 1 1 1 1 1 11 1 1 13 1 |1 1 7 1 1 1 1 1 4 1 7 7 1 1 1 2 |1 1 1 3 1 6 7 1 7 8 1 1 1 6 1 10 |1 1 1 1 1 8 1 1 1 1 1 1 12 1 9 12 |1 1 1 1 1 11 1 1 1 1 12 1 9 1 1 1 |1 1 15 1 1 1 1 8 1 1 1 11 1 1 1 1 |6 1 4 13 1 3 1 13 1 1 16 1 1 11 1 1 |1 1 1 1 9 2 1 2 1 8 4 1 12 1 9 2 |3 1 4 1 3 2 1 13 8 13 1 3 1 6 1 6 |1 1 1 1 1 1 6 12 4 5 10 2 1 1 9 1 |1 6 1 1 1 17 7 12 1 4 8 2 1 12 1 12 |
4330: 1 1 1 8 3 1 1 7 1 1 1 1 1 1 6 1 |1 1 1 1 5 1 1 1 1 1 1 1 1 1 12 1 |1 1 6 1 1 7 1 16 6 1 1 6 1 1 1 2 |1 1 1 1 1 1 1 1 6 7 1 1 1 7 1 9 |1 1 3 1 1 7 9 1 1 1 1 1 11 1 12 7 |1 1 3 1 5 10 1 1 1 1 11 1 10 1 1 1 |1 6 8 1 1 1 1 1 1 5 1 11 1 1 1 1 |1 1 1 1 1 1 1 13 1 2 9 1 1 15 1 9 |1 1 1 1 9 2 1 2 1 8 4 1 12 1 9 2 |3 1 4 1 3 2 1 13 8 13 1 3 1 6 1 6 |1 1 1 1 1 1 6 12 4 5 10 2 1 1 9 1 |1 6 1 1 1 17 7 12 1 4 8 2 1 12 1 12 |
4341: 1 1 1 8 3 1 1 7 1 1 1 1 1 1 6 1 |1 1 1 1 5 1 1 1 1 1 1 1 1 1 12 1 |1 1 6 1 1 7 1 16 6 1 1 6 1 1 1 2 |1 1 1 1 1 1 1 1 6 7 1 1 1 7 1 9 |1 1 3 1 1 7 9 1 1 1 1 1 11 1 12 7 |1 1 3 1 5 10 1 1 1 1 11 1 10 1 1 1 |1 6 8 1 1 1 1 1 1 5 1 11 1 1 1 1 |1 1 1 1 1 1 1 13 1 2 9 1 1 15 1 9 |1 1 1 1 1 1 4 11 3 8 5 1 13 1 7 2 |1 1 5 1 1 1 1 14 3 13 1 6 1 9 1 1 |1 1 4 1 1 1 1 14 5 7 9 1 1 1 3 1 |1 5 1 1 1 1 12 6 1 3 15 1 1 10 1 1 |
4352: 1 1 1 8 3 1 1 7 1 1 1 1 1 1 6 1 |1 1 1 1 5 1 1 1 1 1 1 1 1 1 12 1 |1 1 6 1 1 7 1 16 6 1 1 6 1 1 1 2 |1 1 1 1 1 1 1 1 6 7 1 1 1 7 1 9 |1 1 3 1 1 7 9 1 1 1 1 1 11 1 12 7 |1 1 3 1 5 10 1 1 1 1 11 1 10 1 1 1 |1 6 8 1 1 1 1 1 1 5 1 11 1 1 1 1 |1 1 1 1 1 1 1 13 1 2 9 1 1 15 1 9 |1 1 1 1 1 1 4 11 3 8 5 1 13 1 7 2 |1 1 5 1 1 1 1 14 3 13 1 6 1 9 1 1 |1 1 4 1 1 1 1 14 5 7 9 1 1 1 3 1 |1 5 1 1 1 1 12 6 1 3 15 1 1 10 1 1 |
4363: 1 1 1 7 9 6 5 2 1 1 1 8 1 3 5 1 |1 1 8 1 1 9 1 1 1 1 1 12 1 1 1 1 |1 1 10 1 1 1 4 6 1 1 1 6 1 1 1 1 |1 1 1 3 1 3 1 1 7 5 1 1 1 6 1 10 |1 1 1 1 1 11 5 1 1 1 1 1 11 1 7 12 |1 1 1 1 5 11 1 1 1 1 15 1 9 1 1 1 |1 6 8 1 1 1 1 1 1 5 1 11 1 1 1 1 |1 1 1 1 1 1 1 13 1 2 9 1 1 15 1 9 |1 1 1 1 1 1 4 11 3 8 5 1 13 1 7 2 |1 1 5 1 1 1 1 14 3 13 1 6 1 9 1 1 |1 1 4 1 1 1 1 14 5 7 9 1 1 1 3 1 |1 5 1 1 1 1 12 6 1 3 15 1 1 10 1 1 |
4374: 1 1 1 7 9 6 5 2 1 1 1 8 1 3 5 1 |1 1 8 1 1 9 1 1 1 1 1 12 1 1 1 1 |1 1 10 1 1 1 4 6 1 1 1 6 1 1 1 1 |1 1 1 3 1 3 1 1 7 5 1 1 1 6 1 10 |1 1 1 1 1 11 5 1 1 1 1 1 11 1 7 12 |1 1 1 1 5 11 1 1 1 1 15 1 9 1 1 1 |1 5 9 1 7 1 1 4 1 1 1 12 1 2 1 1 |7 1 3 1 1 1 8 9 1 1 14 1 1 14 1 9 |1 3 1 1 1 1 1 1 1 9 5 1 11 1 8 4 |1 1 4 1 2 1 6 7 11 13 1 3 1 7 1 1 |7 1 1 1 1 1 1 12 6 5 10 3 1 1 9 1 |1 6 1 1 1 3 1 10 1 4 13 1 1 13 1 1 |
4384: 1 1 1 7 9 6 5 2 1 1 1 8 1 3 5 1 |1 1 8 1 1 9 1 1 1 1 1 12 1 1 1 1 |1 1 10 1 1 1 4 6 1 1 1 6 1 1 1 1 |1 1 1 3 1 3 1 1 7 5 1 1 1 6 1 10 |1 1 1 1 1 11 5 1 1 1 1 1 11 1 7 12 |1 1 1 1 5 11 1 1 1 1 15 1 9 1 1 1 |1 5 9 1 7 1 1 4 1 1 1 12 1 2 1 1 |7 1 3 1 1 1 8 9 1 1 14 1 1 14 1 9 |1 3 1 1 1 1 1 1 1 9 5 1 11 1 8 4 |1 1 4 1 2 1 6 7 11 13 1 3 1 7 1 1 |7 1 1 1 1 1 1 12 6 5 10 3 1 1 9 1 |1 6 1 1 1 3 1 10 1 4 13 1 1 13 1 1 |
4395: 1 1 1 6 7 7 7 12 1 1 1 1 1 2 8 1 |7 1 9 1 3 1 1 1 1 1 1 1 1 1 14 1 |1 1 9 1 1 5 3 6 1 1 1 5 1 1 1 1 |1 1 1 2 1 5 2 1 6 7 1 1 1 7 1 10 |1 1 1 1 1 8 1 1 1 1 1 1 12 1 13 6 |1 1 2 1 10 10 1 1 1 1 12 1 11 1 1 1 |1 5 9 1 7 1 1 4 1 1 1 12 1 2 1 1 |7 1 3 1 1 1 8 9 1 1 14 1 1 14 1 9 |1 3 1 1 1 1 1 1 1 9 5 1 11 1 8 4 |1 1 4 1 2 1 6 7 11 13 1 3 1 7 1 1 |7 1 1 1 1 1 1 12 6 5 10 3 1 1 9 1 |1 6 1 1 1 3 1 10 1 4 13 1 1 13 1 1 |
4406: 1 1 1 6 7 7 7 12 1 1 1 1 1 2 8 1 |7 1 9 1 3 1 1 1 1 1 1 1 1 1 14 1 |1 1 9 1 1 5 3 6 1 1 1 5 1 1 1 1 |1 1 1 2 1 5 2 1 6 7 1 1 1 7 1 10 |1 1 1 1 1 8 1 1 1 1 1 1 12 1 13 6 |1 1 2 1 10 10 1 1 1 1 12 1 11 1 1 1 |1 1 9 1 1 1 1 1 1 4 1 12 1 1 1 1 |1 1 1 14 1 5 13 13 1 1 15 1 1 11 2 1 |1 1 1 1 9 15 4 9 1 1 1 1 11 1 8 3 |1 1 1 1 2 3 1 15 9 14 1 1 1 1 1 1 |1 1 2 1 1 1 1 14 6 9 1 2 1 1 8 1 |1 1 1 7 1 16 6 1 1 4 15 1 3 8 1 4 |
4416: 1 1 1 6 7 7 7 12 1 1 1 1 1 2 8 1 |7 1 9 1 3 1 1 1 1 1 1 1 1 1 14 1 |1 1 9 1 1 5 3 6 1 1 1 5 1 1 1 1 |1 1 1 2 1 5 2 1 6 7 1 1 1 7 1 10 |1 1 1 1 1 8 1 1 1 1 1 1 12 1 13 6 |1 1 2 1 10 10 1 1 1 1 12 1 11 1 1 1 |1 1 9 1 1 1 1 1 1 4 1 12 1 1 1 1 |1 1 1 14 1 5 13 13 1 1 15 1 1 11 2 1 |1 1 1 1 9 15 4 9 1 1 1 1 11 1 8 3 |1 1 1 1 2 3 1 15 9 14 1 1 1 1 1 1 |1 1 2 1 1 1 1 14 6 9 1 2 1 1 8 1 |1 1 1 7 1 16 6 1 1 4 15 1 3 8 1 4 |
4428: 1 1 1 6 1 1 1 12 1 2 1 2 1 1 6 1 |1 1 1 1 5 1 1 1 1 1 1 9 1 1 12 1 |1 1 7 1 1 8 1 2 6 1 1 5 1 1 1 1 |1 1 1 4 1 5 3 1 6 6 1 1 1 6 1 10 |1 2 1 1 6 8 10 1 1 1 1 1 11 1 12 7 |1 1 2 1 10 10 1 1 1 1 12 1 11 1 1 1 |1 1 9 1 1 1 1 1 1 4 1 12 1 1 1 1 |1 1 1 14 1 5 13 13 1 1 15 1 1 11 2 1 |1 1 1 1 9 15 4 9 1 1 1 1 11 1 8 3 |1 1 1 1 2 3 1 15 9 14 1 1 1 1 1 1 |1 1 2 1 1 1 1 14 6 9 1 2 1 1 8 1 |1 1 1 7 1 16 6 1 1 4 15 1 3 8 1 4 |
4439: 1 1 1 6 1 1 1 12 1 2 1 2 1 1 6 1 |1 1 1 1 5 1 1 1 1 1 1 9 1 1 12 1 |1 1 7 1 1 8 1 2 6 1 1 5 1 1 1 1 |1 1 1 4 1 5 3 1 6 6 1 1 1 6 1 10 |1 2 1 1 6 8 10 1 1 1 1 1 11 1 12 7 |1 1 1 1 5 11 1 5 1 1 13 1 10 1 1 1 |1 10 9 1 5 1 1 9 1 4 1 9 1 1 1 1 |6 1 9 13 1 2 2 14 1 1 13 1 1 14 1 1 |1 1 1 1 11 4 19 9 3 1 10 8 12 1 2 1 |1 1 4 1 1 1 1 12 1 7 1 6 1 7 1 1 |1 1 3 1 1 1 1 12 1 1 11 5 1 1 1 1 |1 1 1 1 1 1 1 11 1 4 9 1 1 12 1 1 |
4450: 1 1 1 6 1 1 1 12 1 2 1 2 1 1 6 1 |1 1 1 1 5 1 1 1 1 1 1 9 1 1 12 1 |1 1 7 1 1 8 1 2 6 1 1 5 1 1 1 1 |1 1 1 4 1 5 3 1 6 6 1 1 1 6 1 10 |1 2 1 1 6 8 10 1 1 1 1 1 11 1 12 7 |1 1 1 1 5 11 1 5 1 1 13 1 10 1 1 1 |1 10 9 1 5 1 1 9 1 4 1 9 1 1 1 1 |6 1 9 13 1 2 2 14 1 1 13 1 1 14 1 1 |1 1 1 1 11 4 19 9 3 1 10 8 12 1 2 1 |1 1 4 1 1 1 1 12 1 7 1 6 1 7 1 1 |1 1 3 1 1 1 1 12 1 1 11 5 1 1 1 1 |1 1 1 1 1 1 1 11 1 4 9 1 1 12 1 1 |
4461: 1 1 1 8 4 6 7 2 1 3 1 5 1 1 7 1 |1 1 8 1 1 1 1 1 1 1 1 1 1 1 12 1 |1 1 4 1 1 9 11 7 6 1 1 6 1 1 1 1 |1 1 1 3 1 4 1 1 7 8 1 1 1 1 1 10 |1 1 1 1 1 8 7 1 1 1 1 1 9 3 8 12 |1 1 1 1 5 11 1 5 1 1 13 1 10 1 1 1 |1 10 9 1 5 1 1 9 1 4 1 9 1 1 1 1 |6 1 9 13 1 2 2 14 1 1 13 1 1 14 1 1 |1 1 1 1 11 4 19 9 3 1 10 8 12 1 2 1 |1 1 4 1 1 1 1 12 1 7 1 6 1 7 1 1 |1 1 3 1 1 1 1 12 1 1 11 5 1 1 1 1 |1 1 1 1 1 1 1 11 1 4 9 1 1 12 1 1 |
4472: 1 1 1 8 4 6 7 2 1 3 1 5 1 1 7 1 |1 1 8 1 1 1 1 1 1 1 1 1 1 1 12 1 |1 1 4 1 1 9 11 7 6 1 1 6 1 1 1 1 |1 1 1 3 1 4 1 1 7 8 1 1 1 1 1 10 |1 1 1 1 1 8 7 1 1 1 1 1 9 3 8 12 |1 1 2 1 3 10 1 1 1 1 12 1 7 1 1 1 |1 4 9 1 1 1 1 3 1 1 1 10 1 1 1 1 |6 1 9 1 1 5 7 9 1 1 8 1 1 15 1 10 |1 14 1 1 12 8 10 5 1 1 11 8 12 1 1 1 |1 1 4 1 2 1 4 13 6 15 1 7 1 8 1 1 |7 1 1 5 1 1 1 1 7 10 10 5 1 3 2 1 |1 7 1 1 1 15 7 1 1 3 16 1 1 14 1 1 |
4483: 1 1 1 8 4 6 7 2 1 3 1 5 1 1 7 1 |1 1 8 1 1 1 1 1 1 1 1 1 1 1 12 1 |1 1 4 1 1 9 11 7 6 1 1 6 1 1 1 1 |1 1 1 3 1 4 1 1 7 8 1 1 1 1 1 10 |1 1 1 1 1 8 7 1 1 1 1 1 9 3 8 12 |1 1 2 1 3 10 1 1 1 1 12 1 7 1 1 1 |1 4 9 1 1 1 1 3 1 1 1 10 1 1 1 1 |6 1 9 1 1 5 7 9 1 1 8 1 1 15 1 10 |1 14 1 1 12 8 10 5 1 1 11 8 12 1 1 1 |1 1 4 1 2 1 4 13 6 15 1 7 1 8 1 1 |7 1 1 5 1 1 1 1 7 10 10 5 1 3 2 1 |1 7 1 1 1 15 7 1 1 3 16 1 1 14 1 1 |
4494: 1 1 1 1 9 1 1 1 1 1 1 1 1 1 7 1 |1 1 6 1 4 1 1 1 1 1 1 1 1 1 7 1 |1 1 7 1 1 1 1 8 4 1 1 7 1 1 1 2 |1 1 1 4 1 4 1 1 8 6 1 1 1 5 1 11 |1 1 1 1 1 8 7 1 1 1 1 1 9 3 8 12 |1 1 2 1 3 10 1 1 1 1 12 1 7 1 1 1 |1 4 9 1 1 1 1 3 1 1 1 10 1 1 1 1 |6 1 9 1 1 5 7 9 1 1 8 1 1 15 1 10 |1 14 1 1 12 8 10 5 1 1 11 8 12 1 1 1 |1 1 4 1 2 1 4 13 6 15 1 7 1 8 1 1 |7 1 1 5 1 1 1 1 7 10 10 5 1 3 2 1 |1 7 1 1 1 15 7 1 1 3 16 1 1 14 1 1 |
4505: 1 1 1 1 9 1 1 1 1 1 1 1 1 1 7 1 |1 1 6 1 4 1 1 1 1 1 1 1 1 1 7 1 |1 1 7 1 1 1 1 8 4 1 1 7 1 1 1 2 |1 1 1 4 1 4 1 1 8 6 1 1 1 5 1 11 |1 1 1 1 1 8 1 1 1 1 1 1 12 1 14 7 |1 1 2 1 1 10 1 1 1 1 13 1 10 1 1 1 |1 12 9 1 1 1 1 1 1 1 1 11 1 1 1 1 |1 1 3 13 1 1 14 11 1 1 15 1 1 13 1 10 |1 1 1 3 9 9 9 10 2 9 5 1 11 1 9 3 |1 1 5 1 1 1 1 13 7 6 1 5 1 9 1 9 |1 1 4 1 1 1 1 12 6 5 11 4 1 1 1 1 |1 6 1 1 1 14 11 7 1 3 15 1 1 13 1 1 |
4516: 1 1 1 1 9 1 1 1 1 1 1 1 1 1 7 1 |1 1 6 1 4 1 1 1 1 1 1 1 1 1 7 1 |1 1 7 1 1 1 1 8 4 1 1 7 1 1 1 2 |1 1 1 4 1 4 1 1 8 6 1 1 1 5 1 11 |1 1 1 1 1 8 1 1 1 1 1 1 12 1 14 7 |1 1 2 1 1 10 1 1 1 1 13 1 10 1 1 1 |1 12 9 1 1 1 1 1 1 1 1 11 1 1 1 1 |1 1 3 13 1 1 14 11 1 1 15 1 1 13 1 10 |1 1 1 3 9 9 9 10 2 9 5 1 11 1 9 3 |1 1 5 1 1 1 1 13 7 6 1 5 1 9 1 9 |1 1 4 1 1 1 1 12 6 5 11 4 1 1 1 1 |1 6 1 1 1 14 11 7 1 3 15 1 1 13 1 1 |
4526: 1 1 1 1 1 1 8 7 1 1 1 1 1 1 1 1 |1 1 12 1 6 3 1 1 1 1 1 1 1 1 1 1 |1 1 7 1 1 1 1 8 4 1 1 7 1 1 1 2 |1 1 1 4 1 4 1 1 8 6 1 1 1 5 1 11 |1 1 1 1 1 8 1 1 1 1 1 1 12 1 14 7 |1 1 2 1 1 10 1 1 1 1 13 1 10 1 1 1 |1 12 9 1 1 1 1 1 1 1 1 11 1 1 1 1 |1 1 3 13 1 1 14 11 1 1 15 1 1 13 1 10 |1 1 1 3 9 9 9 10 2 9 5 1 11 1 9 3 |1 1 5 1 1 1 1 13 7 6 1 5 1 9 1 9 |1 1 4 1 1 1 1 12 6 5 11 4 1 1 1 1 |1 6 1 1 1 14 11 7 1 3 15 1 1 13 1 1 |
4538: 1 1 1 1 1 1 8 7 1 1 1 1 1 1 1 1 |1 1 12 1 6 3 1 1 1 1 1 1 1 1 1 1 |1 1 8 1 1 7 1 1 6 1 1 6 1 1 1 2 |1 1 1 3 1 5 8 1 5 7 1 1 1 5 1 11 |1 1 1 1 1 8 8 1 1 1 1 1 11 1 13 7 |1 1 1 1 6 9 1 1 1 1 3 1 7 1 1 1 |1 4 7 1 1 1 1 8 1 1 10 2 1 1 1 1 |1 1 1 14 1 1 8 9 1 1 13 1 1 13 1 1 |1 1 1 1 1 1 1 1 1 4 7 1 11 1 1 1 |2 1 1 1 4 2 1 13 2 5 1 7 1 1 1 6 |1 1 1 1 1 1 1 13 6 10 10 3 1 1 1 1 |1 1 1 1 1 12 6 12 1 6 14 1 1 2 1 4 |
4549: 1 1 1 1 1 1 8 7 1 1 1 1 1 1 1 1 |1 1 12 1 6 3 1 1 1 1 1 1 1 1 1 1 |1 1 8 1 1 7 1 1 6 1 1 6 1 1 1 2 |1 1 1 3 1 5 8 1 5 7 1 1 1 5 1 11 |1 1 1 1 1 8 8 1 1 1 1 1 11 1 13 7 |1 1 1 1 6 9 1 1 1 1 3 1 7 1 1 1 |1 4 7 1 1 1 1 8 1 1 10 2 1 1 1 1 |1 1 1 14 1 1 8 9 1 1 13 1 1 13 1 1 |1 1 1 1 1 1 1 1 1 4 7 1 11 1 1 1 |2 1 1 1 4 2 1 13 2 5 1 7 1 1 1 6 |1 1 1 1 1 1 1 13 6 10 10 3 1 1 1 1 |1 1 1 1 1 12 6 12 1 6 14 1 1 2 1 4 |
4559: 1 1 1 1 7 6 7 8 1 1 1 1 1 1 7 1 |1 1 8 1 1 9 1 1 1 1 1 8 1 1 13 1 |1 1 1 1 1 6 5 8 5 1 1 6 1 1 1 2 |1 1 1 3 1 5 8 1 5 7 1 1 1 5 1 11 |1 1 1 1 1 8 8 1 1 1 1 1 11 1 13 7 |1 1 1 1 6 9 1 1 1 1 3 1 7 1 1 1 |1 4 7 1 1 1 1 8 1 1 10 2 1 1 1 1 |1 1 1 14 1 1 8 9 1 1 13 1 1 13 1 1 |1 1 1 1 1 1 1 1 1 4 7 1 11 1 1 1 |2 1 1 1 4 2 1 13 2 5 1 7 1 1 1 6 |1 1 1 1 1 1 1 13 6 10 10 3 1 1 1 1 |1 1 1 1 1 12 6 12 1 6 14 1 1 2 1 4 |
4570: 1 1 1 1 7 6 7 8 1 1 1 1 1 1 7 1 |1 1 8 1 1 9 1 1 1 1 1 8 1 1 13 1 |1 1 1 1 1 6 5 8 5 1 1 6 1 1 1 2 |1 1 1 1 1 5 1 1 6 6 1 1 1 6 1 9 |1 1 1 1 10 6 1 1 1 1 1 1 10 1 13 6 |1 1 1 1 6 9 1 5 1 1 14 1 10 1 2 1 |1 5 8 1 1 1 6 1 1 1 1 9 1 1 1 1 |2 1 1 1 1 1 1 11 1 1 13 1 1 1 1 9 |1 9 1 1 1 1 9 9 4 8 5 1 1 1 2 1 |1 1 5 1 1 1 3 14 2 14 1 5 1 1 1 1 |1 1 1 13 1 1 1 1 7 6 1 1 1 1 8 1 |1 8 1 2 1 15 9 2 1 6 14 1 1 1 1 10 |
4581: 1 1 1 1 7 6 7 8 1 1 1 1 1 1 7 1 |1 1 8 1 1 9 1 1 1 1 1 8 1 1 13 1 |1 1 1 1 1 6 5 8 5 1 1 6 1 1 1 2 |1 1 1 1 1 5 1 1 6 6 1 1 1 6 1 9 |1 1 1 1 10 6 1 1 1 1 1 1 10 1 13 6 |1 1 1 1 6 9 1 5 1 1 14 1 10 1 2 1 |1 5 8 1 1 1 6 1 1 1 1 9 1 1 1 1 |2 1 1 1 1 1 1 11 1 1 13 1 1 1 1 9 |1 9 1 1 1 1 9 9 4 8 5 1 1 1 2 1 |1 1 5 1 1 1 3 14 2 14 1 5 1 1 1 1 |1 1 1 13 1 1 1 1 7 6 1 1 1 1 8 1 |1 8 1 2 1 15 9 2 1 6 14 1 1 1 1 10 |
4592: 1 1 2 7 4 8 8 1 1 1 1 1 1 1 10 1 |1 1 7 1 1 1 1 1 1 1 1 1 1 1 13 1 |1 1 10 1 1 8 13 6 1 1 1 8 1 1 1 1 |1 1 1 1 1 5 1 1 6 6 1 1 1 6 1 9 |1 1 1 1 10 6 1 1 1 1 1 1 10 1 13 6 |1 1 1 1 6 9 1 5 1 1 14 1 10 1 2 1 |1 5 8 1 1 1 6 1 1 1 1 9 1 1 1 1 |2 1 1 1 1 1 1 11 1 1 13 1 1 1 1 9 |1 9 1 1 1 1 9 9 4 8 5 1 1 1 2 1 |1 1 5 1 1 1 3 14 2 14 1 5 1 1 1 1 |1 1 1 13 1 1 1 1 7 6 1 1 1 1 8 1 |1 8 1 2 1 15 9 2 1 6 14 1 1 1 1 10 |
4603: 1 1 2 7 4 8 8 1 1 1 1 1 1 1 10 1 |1 1 7 1 1 1 1 1 1 1 1 1 1 1 13 1 |1 1 10 1 1 8 13 6 1 1 1 8 1 1 1 1 |1 1 1 3 1 1 1 1 5 7 1 1 12 7 1 10 |1 1 1 1 1 7 1 1 1 1 1 1 10 1 6 7 |1 1 1 1 1 10 1 4 1 1 12 1 10 1 2 1 |1 12 8 1 1 1 1 9 1 1 1 12 1 1 1 1 |6 1 1 1 1 1 6 14 1 1 14 1 1 12 1 1 |1 1 1 4 13 14 8 5 1 8 5 2 15 1 9 2 |1 6 1 1 3 1 1 15 6 13 1 1 1 10 1 8 |1 1 1 13 1 1 1 1 7 6 1 1 1 1 8 1 |1 8 1 2 1 15 9 2 1 6 14 1 1 1 1 10 |
4614: 1 1 2 7 4 8 8 1 1 1 1 1 1 1 10 1 |1 1 7 1 1 1 1 1 1 1 1 1 1 1 13 1 |1 1 10 1 1 8 13 6 1 1 1 8 1 1 1 1 |1 1 1 3 1 1 1 1 5 7 1 1 12 7 1 10 |1 1 1 1 1 7 1 1 1 1 1 1 10 1 6 7 |1 1 1 1 1 10 1 4 1 1 12 1 10 1 2 1 |1 12 8 1 1 1 1 9 1 1 1 12 1 1 1 1 |6 1 1 1 1 1 6 14 1 1 14 1 1 12 1 1 |1 1 1 4 13 14 8 5 1 8 5 2 15 1 9 2 |1 6 1 1 3 1 1 15 6 13 1 1 1 10 1 8 |6 1 3 1 1 1 1 14 6 4 5 1 1 1 9 1 |1 5 1 1 1 15 8 1 1 1 18 1 1 1 1 1 |
4625: 1 1 1 1 1 7 3 1 1 1 1 1 1 1 7 2 |1 1 7 1 1 1 1 1 1 1 1 1 1 1 13 1 |1 1 10 1 1 8 13 6 1 1 1 8 1 1 1 1 |1 1 1 3 1 1 1 1 5 7 1 1 12 7 1 10 |1 1 1 1 1 7 1 1 1 1 1 1 10 1 6 7 |1 1 1 1 1 10 1 4 1 1 12 1 10 1 2 1 |1 12 8 1 1 1 1 9 1 1 1 12 1 1 1 1 |6 1 1 1 1 1 6 14 1 1 14 1 1 12 1 1 |1 1 1 4 13 14 8 5 1 8 5 2 15 1 9 2 |1 6 1 1 3 1 1 15 6 13 1 1 1 10 1 8 |6 1 3 1 1 1 1 14 6 4 5 1 1 1 9 1 |1 5 1 1 1 15 8 1 1 1 18 1 1 1 1 1 |
4635: 1 1 1 1 1 7 3 1 1 1 1 1 1 1 7 2 |1 1 1 1 1 5 1 1 1 1 5 10 1 2 5 1 |1 1 7 1 1 1 1 1 6 1 1 7 1 1 1 3 |1 1 1 1 1 4 2 1 8 5 1 1 1 7 1 11 |1 9 1 1 1 8 8 1 1 1 1 1 10 1 10 1 |1 1 2 1 5 5 1 1 1 1 12 1 7 1 1 1 |1 4 8 3 6 1 1 1 1 1 1 9 1 1 1 1 |1 1 9 7 1 4 7 13 1 1 16 1 6 12 1 10 |1 1 1 1 2 1 8 11 6 2 11 9 9 2 1 9 |1 6 1 1 3 1 1 15 6 13 1 1 1 10 1 8 |6 1 3 1 1 1 1 14 6 4 5 1 1 1 9 1 |1 5 1 1 1 15 8 1 1 1 18 1 1 1 1 1 |
4646: 1 1 1 1 1 7 3 1 1 1 1 1 1 1 7 2 |1 1 1 1 1 5 1 1 1 1 5 10 1 2 5 1 |1 1 7 1 1 1 1 1 6 1 1 7 1 1 1 3 |1 1 1 1 1 4 2 1 8 5 1 1 1 7 1 11 |1 9 1 1 1 8 8 1 1 1 1 1 10 1 10 1 |1 1 2 1 5 5 1 1 1 1 12 1 7 1 1 1 |1 4 8 3 6 1 1 1 1 1 1 9 1 1 1 1 |1 1 9 7 1 4 7 13 1 1 16 1 6 12 1 10 |1 1 1 1 2 1 8 11 6 2 11 9 9 2 1 9 |1 1 1 1 1 1 1 12 7 15 1 5 1 10 1 1 |8 1 5 1 1 1 1 13 6 10 1 1 1 2 6 1 |1 1 1 1 1 10 3 1 1 1 15 1 1 12 1 3 |
4657: 1 1 1 7 8 7 6 7 1 1 1 5 1 1 9 1 |1 1 1 1 1 5 1 1 1 1 5 10 1 2 5 1 |1 1 7 1 1 1 1 1 6 1 1 7 1 1 1 3 |1 1 1 1 1 4 2 1 8 5 1 1 1 7 1 11 |1 9 1 1 1 8 8 1 1 1 1 1 10 1 10 1 |1 1 2 1 5 5 1 1 1 1 12 1 7 1 1 1 |1 4 8 3 6 1 1 1 1 1 1 9 1 1 1 1 |1 1 9 7 1 4 7 13 1 1 16 1 6 12 1 10 |1 1 1 1 2 1 8 11 6 2 11 9 9 2 1 9 |1 1 1 1 1 1 1 12 7 15 1 5 1 10 1 1 |8 1 5 1 1 1 1 13 6 10 1 1 1 2 6 1 |1 1 1 1 1 10 3 1 1 1 15 1 1 12 1 3 |
4668: 1 1 1 7 8 7 6 7 1 1 1 5 1 1 9 1 |1 1 1 1 3 1 1 1 1 1 1 9 1 1 14 1 |1 1 1 1 1 8 13 5 1 1 1 1 1 1 1 1 |1 1 1 4 1 1 1 1 5 6 1 1 1 8 1 10 |1 1 1 1 1 1 8 1 1 1 1 1 11 1 9 7 |1 1 3 1 7 10 1 1 1 1 14 1 9 1 2 1 |1 3 1 1 1 1 1 1 1 6 1 11 1 1 1 1 |7 1 4 1 1 1 1 12 1 1 15 1 1 14 1 10 |1 1 1 1 2 13 3 1 1 10 6 2 11 1 1 1 |1 1 1 1 1 1 1 12 7 15 1 5 1 10 1 1 |8 1 5 1 1 1 1 13 6 10 1 1 1 2 6 1 |1 1 1 1 1 10 3 1 1 1 15 1 1 12 1 3 |
4679: 1 1 1 7 8 7 6 7 1 1 1 5 1 1 9 1 |1 1 1 1 3 1 1 1 1 1 1 9 1 1 14 1 |1 1 1 1 1 8 13 5 1 1 1 1 1 1 1 1 |1 1 1 4 1 1 1 1 5 6 1 1 1 8 1 10 |1 1 1 1 1 1 8 1 1 1 1 1 11 1 9 7 |1 1 3 1 7 10 1 1 1 1 14 1 9 1 2 1 |1 3 1 1 1 1 1 1 1 6 1 11 1 1 1 1 |7 1 4 1 1 1 1 12 1 1 15 1 1 14 1 10 |1 1 1 1 2 13 3 1 1 10 6 2 11 1 1 1 |1 1 1 1 3 3 1 13 3 14 1 7 1 1 1 10 |1 1 1 6 1 1 1 15 5 3 11 6 1 1 7 1 |1 7 1 7 1 14 12 7 1 4 16 1 1 1 1 1 |
4690: 1 1 1 2 7 1 1 1 1 1 1 1 1 3 5 1 |1 1 8 1 3 1 1 1 1 1 1 11 1 1 10 1 |1 1 1 1 1 8 13 5 1 1 1 1 1 1 1 1 |1 1 1 4 1 1 1 1 5 6 1 1 1 8 1 10 |1 1 1 1 1 1 8 1 1 1 1 1 11 1 9 7 |1 1 3 1 7 10 1 1 1 1 14 1 9 1 2 1 |1 3 1 1 1 1 1 1 1 6 1 11 1 1 1 1 |7 1 4 1 1 1 1 12 1 1 15 1 1 14 1 10 |1 1 1 1 2 13 3 1 1 10 6 2 11 1 1 1 |1 1 1 1 3 3 1 13 3 14 1 7 1 1 1 10 |1 1 1 6 1 1 1 15 5 3 11 6 1 1 7 1 |1 7 1 7 1 14 12 7 1 4 16 1 1 1 1 1 |
4702: 1 1 1 2 7 1 1 1 1 1 1 1 1 3 5 1 |1 1 8 1 3 1 1 1 1 1 1 11 1 1 10 1 |1 1 7 1 1 8 1 7 5 1 8 1 1 1 1 2 |1 1 1 2 1 4 4 1 5 5 1 1 1 6 1 11 |1 1 1 1 1 8 1 1 1 1 1 1 1 1 10 1 |1 1 1 1 1 9 1 4 1 1 13 1 11 1 2 1 |1 15 8 1 6 1 1 9 1 1 1 8 1 1 1 1 |1 1 3 13 1 1 4 12 1 1 15 1 1 6 1 9 |1 1 1 8 11 15 4 1 1 11 10 1 1 1 1 1 |1 1 7 1 1 1 1 14 3 14 1 5 1 10 1 6 |1 1 1 6 1 1 1 15 5 3 11 6 1 1 7 1 |1 7 1 7 1 14 12 7 1 4 16 1 1 1 1 1 |
4712: 1 1 1 2 7 1 1 1 1 1 1 1 1 3 5 1 |1 1 8 1 3 1 1 1 1 1 1 11 1 1 10 1 |1 1 7 1 1 8 1 7 5 1 8 1 1 1 1 2 |1 1 1 2 1 4 4 1 5 5 1 1 1 6 1 11 |1 1 1 1 1 8 1 1 1 1 1 1 1 1 10 1 |1 1 1 1 1 9 1 4 1 1 13 1 11 1 2 1 |1 15 8 1 6 1 1 9 1 1 1 8 1 1 1 1 |1 1 3 13 1 1 4 12 1 1 15 1 1 6 1 9 |1 1 1 8 11 15 4 1 1 11 10 1 1 1 1 1 |1 1 7 1 1 1 1 14 3 14 1 5 1 10 1 6 |1 1 1 1 1 1 1 15 1 10 3 1 1 4 1 1 |1 1 1 1 1 15 6 11 1 4 14 1 1 14 1 1 |
4723: 1 1 1 2 7 1 1 1 1 1 1 1 1 3 5 1 |1 1 8 1 3 1 1 1 1 1 1 11 1 1 10 1 |1 1 7 1 1 8 1 7 5 1 8 1 1 1 1 2 |1 1 1 2 1 4 4 1 5 5 1 1 1 6 1 11 |1 1 1 1 1 8 1 1 1 1 1 1 1 1 10 1 |1 1 1 1 1 9 1 4 1 1 13 1 11 1 2 1 |1 15 8 1 6 1 1 9 1 1 1 8 1 1 1 1 |1 1 3 13 1 1 4 12 1 1 15 1 1 6 1 9 |1 1 1 8 11 15 4 1 1 11 10 1 1 1 1 1 |1 1 7 1 1 1 1 14 3 14 1 5 1 10 1 6 |1 1 1 1 1 1 1 15 1 10 3 1 1 4 1 1 |1 1 1 1 1 15 6 11 1 4 14 1 1 14 1 1 |
4756: 1 1 1 7 2 9 9 6 1 5 1 4 1 1 9 1 |2 1 1 1 1 10 1 1 1 1 1 10 8 1 7 1 |1 1 9 1 1 10 7 6 5 1 1 5 1 1 1 1 |1 1 1 1 1 1 1 1 9 4 1 1 10 7 1 9 |1 1 1 1 1 10 1 1 1 1 1 1 11 1 13 5 |1 1 1 1 6 11 1 1 1 1 13 1 9 1 1 1 |1 8 9 2 1 1 1 3 1 1 1 13 1 1 1 1 |1 1 3 13 1 1 4 12 1 1 15 1 1 6 1 9 |1 1 1 8 11 15 4 1 1 11 10 1 1 1 1 1 |1 1 7 1 1 1 1 14 3 14 1 5 1 10 1 6 |1 1 1 1 1 1 1 15 1 10 3 1 1 4 1 1 |1 1 1 1 1 15 6 11 1 4 14 1 1 14 1 1 |
4766: 1 1 1 7 2 9 9 6 1 5 1 4 1 1 9 1 |2 1 1 1 1 10 1 1 1 1 1 10 8 1 7 1 |1 1 9 1 1 10 7 6 5 1 1 5 1 1 1 1 |1 1 1 1 1 1 1 1 9 4 1 1 10 7 1 9 |1 1 1 1 1 10 1 1 1 1 1 1 11 1 13 5 |1 1 1 1 6 11 1 1 1 1 13 1 9 1 1 1 |1 8 9 2 1 1 1 3 1 1 1 13 1 1 1 1 |1 1 8 1 1 1 1 3 1 1 8 2 1 1 1 1 |1 1 1 1 14 8 12 3 10 1 11 12 1 4 7 8 |1 1 7 1 3 1 1 2 1 1 1 1 1 4 1 8 |1 1 3 1 1 1 1 15 1 2 9 3 1 1 7 2 |1 5 1 1 1 4 5 3 1 5 11 1 3 1 1 2 |
4776: 1 1 1 7 2 9 9 6 1 5 1 4 1 1 9 1 |2 1 1 1 1 10 1 1 1 1 1 10 8 1 7 1 |1 1 9 1 1 10 7 6 5 1 1 5 1 1 1 1 |1 1 1 1 1 1 1 1 9 4 1 1 10 7 1 9 |1 1 1 1 1 10 1 1 1 1 1 1 11 1 13 5 |1 1 1 1 6 11 1 1 1 1 13 1 9 1 1 1 |1 8 9 2 1 1 1 3 1 1 1 13 1 1 1 1 |1 1 8 1 1 1 1 3 1 1 8 2 1 1 1 1 |1 1 1 1 14 8 12 3 10 1 11 12 1 4 7 8 |1 1 7 1 3 1 1 2 1 1 1 1 1 4 1 8 |1 1 3 1 1 1 1 15 1 2 9 3 1 1 7 2 |1 5 1 1 1 4 5 3 1 5 11 1 3 1 1 2 |
4787: 1 1 1 1 8 1 1 1 1 1 1 1 1 1 8 1 |1 1 9 1 5 1 1 1 1 1 5 9 1 1 1 1 |1 1 8 1 1 1 5 1 2 1 7 3 1 1 1 1 |1 1 1 1 1 1 1 1 9 4 1 1 10 7 1 9 |1 1 1 1 1 10 1 1 1 1 1 1 11 1 13 5 |1 1 1 1 6 11 1 1 1 1 13 1 9 1 1 1 |1 8 9 2 1 1 1 3 1 1 1 13 1 1 1 1 |1 1 8 1 1 1 1 3 1 1 8 2 1 1 1 1 |1 1 1 1 14 8 12 3 10 1 11 12 1 4 7 8 |1 1 7 1 3 1 1 2 1 1 1 1 1 4 1 8 |1 1 3 1 1 1 1 15 1 2 9 3 1 1 7 2 |1 5 1 1 1 4 5 3 1 5 11 1 3 1 1 2 |
4797: 1 1 1 1 8 1 1 1 1 1 1 1 1 1 8 1 |1 1 9 1 5 1 1 1 1 1 5 9 1 1 1 1 |1 1 8 1 1 1 5 1 2 1 7 3 1 1 1 1 |1 1 1 3 1 1 6 1 5 7 1 1 1 7 1 10 |1 1 1 1 3 8 7 1 1 1 1 1 11 1 7 6 |1 1 2 1 5 13 1 1 1 1 12 1 10 1 1 1 |1 10 8 1 7 1 1 8 1 6 1 13 1 1 1 1 |1 1 7 12 1 3 8 12 1 1 12 1 1 14 1 7 |1 1 1 1 1 16 4 4 1 1 1 1 1 1 1 1 |1 1 1 1 1 1 1 14 8 13 1 6 1 9 1 6 |1 1 3 1 1 1 1 15 1 2 9 3 1 1 7 2 |1 5 1 1 1 4 5 3 1 5 11 1 3 1 1 2 |
4807: 1 1 1 1 8 1 1 1 1 1 1 1 1 1 8 1 |1 1 9 1 5 1 1 1 1 1 5 9 1 1 1 1 |1 1 8 1 1 1 5 1 2 1 7 3 1 1 1 1 |1 1 1 3 1 1 6 1 5 7 1 1 1 7 1 10 |1 1 1 1 3 8 7 1 1 1 1 1 11 1 7 6 |1 1 2 1 5 13 1 1 1 1 12 1 10 1 1 1 |1 10 8 1 7 1 1 8 1 6 1 13 1 1 1 1 |1 1 7 12 1 3 8 12 1 1 12 1 1 14 1 7 |1 1 1 1 1 16 4 4 1 1 1 1 1 1 1 1 |1 1 1 1 1 1 1 14 8 13 1 6 1 9 1 6 |8 1 1 1 1 1 1 13 1 1 11 3 1 1 7 1 |2 1 1 1 1 16 2 3 1 1 6 1 1 1 1 13 |
4818: 1 8 1 9 5 9 7 7 1 1 1 6 1 1 7 1 |1 1 9 1 5 1 1 1 1 1 5 9 1 1 1 1 |1 1 8 1 1 1 5 1 2 1 7 3 1 1 1 1 |1 1 1 3 1 1 6 1 5 7 1 1 1 7 1 10 |1 1 1 1 3 8 7 1 1 1 1 1 11 1 7 6 |1 1 2 1 5 13 1 1 1 1 12 1 10 1 1 1 |1 10 8 1 7 1 1 8 1 6 1 13 1 1 1 1 |1 1 7 12 1 3 8 12 1 1 12 1 1 14 1 7 |1 1 1 1 1 16 4 4 1 1 1 1 1 1 1 1 |1 1 1 1 1 1 1 14 8 13 1 6 1 9 1 6 |8 1 1 1 1 1 1 13 1 1 11 3 1 1 7 1 |2 1 1 1 1 16 2 3 1 1 6 1 1 1 1 13 |
4829: 1 8 1 9 5 9 7 7 1 1 1 6 1 1 7 1 |2 1 9 1 4 2 1 1 1 1 1 11 6 1 13 1 |1 1 8 1 3 8 1 6 4 1 3 1 1 1 1 1 |1 1 1 6 1 1 7 1 8 5 1 1 1 6 1 10 |1 1 1 1 7 11 1 1 1 1 1 1 10 1 13 7 |1 1 1 1 3 9 1 2 1 1 15 1 12 1 1 1 |1 4 1 1 7 1 1 9 1 6 1 10 1 1 2 1 |8 1 4 14 1 1 8 11 1 1 15 1 1 13 1 1 |1 1 1 1 1 16 4 4 1 1 1 1 1 1 1 1 |1 1 1 1 1 1 1 14 8 13 1 6 1 9 1 6 |8 1 1 1 1 1 1 13 1 1 11 3 1 1 7 1 |2 1 1 1 1 16 2 3 1 1 6 1 1 1 1 13 |
4839: 1 8 1 9 5 9 7 7 1 1 1 6 1 1 7 1 |2 1 9 1 4 2 1 1 1 1 1 11 6 1 13 1 |1 1 8 1 3 8 1 6 4 1 3 1 1 1 1 1 |1 1 1 6 1 1 7 1 8 5 1 1 1 6 1 10 |1 1 1 1 7 11 1 1 1 1 1 1 10 1 13 7 |1 1 1 1 3 9 1 2 1 1 15 1 12 1 1 1 |1 4 1 1 7 1 1 9 1 6 1 10 1 1 2 1 |8 1 4 14 1 1 8 11 1 1 15 1 1 13 1 1 |1 1 1 1 2 14 10 6 1 1 1 1 12 1 1 1 |1 1 4 1 3 1 1 12 1 12 1 6 1 10 1 1 |1 1 1 1 10 1 1 14 3 6 11 8 1 1 9 1 |1 1 1 1 1 13 7 12 1 5 9 1 1 12 1 1 |
4850: 1 1 1 1 7 7 7 4 1 1 1 1 1 2 5 1 |2 1 9 1 4 2 1 1 1 1 1 11 6 1 13 1 |1 1 8 1 3 8 1 6 4 1 3 1 1 1 1 1 |1 1 1 6 1 1 7 1 8 5 1 1 1 6 1 10 |1 1 1 1 7 11 1 1 1 1 1 1 10 1 13 7 |1 1 1 1 3 9 1 2 1 1 15 1 12 1 1 1 |1 4 1 1 7 1 1 9 1 6 1 10 1 1 2 1 |8 1 4 14 1 1 8 11 1 1 15 1 1 13 1 1 |1 1 1 1 2 14 10 6 1 1 1 1 12 1 1 1 |1 1 4 1 3 1 1 12 1 12 1 6 1 10 1 1 |1 1 1 1 10 1 1 14 3 6 11 8 1 1 9 1 |1 1 1 1 1 13 7 12 1 5 9 1 1 12 1 1 |
4861: 1 1 1 1 7 7 7 4 1 1 1 1 1 2 5 1 |1 1 7 1 6 1 1 1 1 1 5 14 1 1 1 1 |1 1 8 1 1 1 11 9 6 1 5 7 1 1 1 1 |1 1 1 1 1 4 6 1 6 8 1 1 1 6 1 10 |1 1 1 1 1 7 1 1 1 1 1 1 11 1 10 2 |1 1 2 1 1 21 1 1 1 1 14 1 10 2 1 1 |1 5 2 1 7 1 1 9 1 1 1 12 1 1 1 1 |5 1 5 14 1 1 1 15 1 1 15 1 1 12 1 1 |1 1 1 1 1 14 10 6 1 9 9 1 1 1 1 1 |1 1 4 1 3 1 1 12 1 12 1 6 1 10 1 1 |1 1 1 1 10 1 1 14 3 6 11 8 1 1 9 1 |1 1 1 1 1 13 7 12 1 5 9 1 1 12 1 1 |
4872: 1 1 1 1 7 7 7 4 1 1 1 1 1 2 5 1 |1 1 7 1 6 1 1 1 1 1 5 14 1 1 1 1 |1 1 8 1 1 1 11 9 6 1 5 7 1 1 1 1 |1 1 1 1 1 4 6 1 6 8 1 1 1 6 1 10 |1 1 1 1 1 7 1 1 1 1 1 1 11 1 10 2 |1 1 2 1 1 21 1 1 1 1 14 1 10 2 1 1 |1 5 2 1 7 1 1 9 1 1 1 12 1 1 1 1 |5 1 5 14 1 1 1 15 1 1 15 1 1 12 1 1 |1 1 1 1 1 14 10 6 1 9 9 1 1 1 1 1 |2 1 8 1 1 1 1 12 7 7 1 6 1 3 1 1 |2 1 1 1 1 1 1 5 1 1 11 9 1 2 9 1 |1 1 1 1 2 1 2 1 1 5 12 1 1 3 1 1 |
4883: 1 1 1 8 8 1 1 15 1 1 1 1 1 1 6 1 |1 1 7 1 6 1 1 1 1 1 5 14 1 1 1 1 |1 1 8 1 1 1 11 9 6 1 5 7 1 1 1 1 |1 1 1 1 1 4 6 1 6 8 1 1 1 6 1 10 |1 1 1 1 1 7 1 1 1 1 1 1 11 1 10 2 |1 1 2 1 1 21 1 1 1 1 14 1 10 2 1 1 |1 5 2 1 7 1 1 9 1 1 1 12 1 1 1 1 |5 1 5 14 1 1 1 15 1 1 15 1 1 12 1 1 |1 1 1 1 1 14 10 6 1 9 9 1 1 1 1 1 |2 1 8 1 1 1 1 12 7 7 1 6 1 3 1 1 |2 1 1 1 1 1 1 5 1 1 11 9 1 2 9 1 |1 1 1 1 2 1 2 1 1 5 12 1 1 3 1 1 |
4894: 1 1 1 8 8 1 1 15 1 1 1 1 1 1 6 1 |1 1 6 1 1 1 1 1 1 1 1 11 2 1 11 1 |1 1 8 1 1 1 13 3 3 1 1 4 1 1 1 1 |1 1 1 2 1 1 1 1 1 6 1 1 1 7 1 8 |1 1 1 1 1 9 10 1 1 1 1 1 10 1 16 5 |1 1 2 1 3 10 1 1 1 1 12 1 1 1 1 1 |1 4 10 1 7 1 1 9 1 6 1 11 1 1 2 1 |5 1 5 14 1 1 1 15 1 1 15 1 1 12 1 1 |1 1 1 1 1 14 10 6 1 9 9 1 1 1 1 1 |2 1 8 1 1 1 1 12 7 7 1 6 1 3 1 1 |2 1 1 1 1 1 1 5 1 1 11 9 1 2 9 1 |1 1 1 1 2 1 2 1 1 5 12 1 1 3 1 1 |
4904: 1 1 1 8 8 1 1 15 1 1 1 1 1 1 6 1 |1 1 6 1 1 1 1 1 1 1 1 11 2 1 11 1 |1 1 8 1 1 1 13 3 3 1 1 4 1 1 1 1 |1 1 1 2 1 1 1 1 1 6 1 1 1 7 1 8 |1 1 1 1 1 9 10 1 1 1 1 1 10 1 16 5 |1 1 2 1 3 10 1 1 1 1 12 1 1 1 1 1 |1 4 10 1 7 1 1 9 1 6 1 11 1 1 2 1 |7 1 7 13 1 4 3 14 1 1 15 1 1 15 1 1 |1 1 1 1 3 1 1 1 1 10 7 1 12 1 7 4 |1 1 6 1 1 1 1 14 7 9 1 5 1 10 1 7 |6 1 1 1 1 1 1 14 6 4 5 1 1 1 8 1 |1 1 1 1 1 18 3 5 1 1 6 1 1 3 1 1 |
4915: 1 1 1 8 8 1 1 15 1 1 1 1 1 1 6 1 |1 1 6 1 1 1 1 1 1 1 1 11 2 1 11 1 |1 1 8 1 1 1 13 3 3 1 1 4 1 1 1 1 |1 1 1 2 1 1 1 1 1 6 1 1 1 7 1 8 |1 1 1 1 1 9 10 1 1 1 1 1 10 1 16 5 |1 1 2 1 3 10 1 1 1 1 12 1 1 1 1 1 |1 4 10 1 7 1 1 9 1 6 1 11 1 1 2 1 |7 1 7 13 1 4 3 14 1 1 15 1 1 15 1 1 |1 1 1 1 3 1 1 1 1 10 7 1 12 1 7 4 |1 1 6 1 1 1 1 14 7 9 1 5 1 10 1 7 |6 1 1 1 1 1 1 14 6 4 5 1 1 1 8 1 |1 1 1 1 1 18 3 5 1 1 6 1 1 3 1 1 |
4927: 1 1 1 6 6 7 1 1 1 1 1 5 1 2 1 1 |1 1 9 1 4 6 1 1 1 1 1 10 1 1 12 1 |1 1 9 1 1 6 11 8 4 1 8 7 1 1 1 2 |1 1 1 2 1 3 2 1 5 4 1 1 1 5 1 5 |1 1 1 1 1 7 9 1 1 1 1 1 8 3 13 6 |1 1 1 1 5 12 1 1 1 1 14 1 9 1 1 1 |1 1 1 1 1 1 1 9 1 2 1 10 1 1 1 1 |7 1 7 13 1 4 3 14 1 1 15 1 1 15 1 1 |1 1 1 1 3 1 1 1 1 10 7 1 12 1 7 4 |1 1 6 1 1 1 1 14 7 9 1 5 1 10 1 7 |6 1 1 1 1 1 1 14 6 4 5 1 1 1 8 1 |1 1 1 1 1 18 3 5 1 1 6 1 1 3 1 1 |
4937: 1 1 1 6 6 7 1 1 1 1 1 5 1 2 1 1 |1 1 9 1 4 6 1 1 1 1 1 10 1 1 12 1 |1 1 9 1 1 6 11 8 4 1 8 7 1 1 1 2 |1 1 1 2 1 3 2 1 5 4 1 1 1 5 1 5 |1 1 1 1 1 7 9 1 1 1 1 1 8 3 13 6 |1 1 1 1 5 12 1 1 1 1 14 1 9 1 1 1 |1 1 1 1 1 1 1 9 1 2 1 10 1 1 1 1 |8 1 8 12 1 9 2 15 1 1 3 1 7 14 1 11 |1 1 1 1 13 12 10 10 2 10 5 1 1 1 9 3 |2 1 1 1 1 1 1 3 10 12 1 3 1 1 1 2 |1 1 3 1 6 1 1 13 5 7 10 3 1 1 1 1 |1 1 1 7 1 15 8 12 1 5 8 2 1 12 1 16 |
4948: 1 1 1 6 6 7 1 1 1 1 1 5 1 2 1 1 |1 1 9 1 4 6 1 1 1 1 1 10 1 1 12 1 |1 1 9 1 1 6 11 8 4 1 8 7 1 1 1 2 |1 1 1 2 1 3 2 1 5 4 1 1 1 5 1 5 |1 1 1 1 1 7 9 1 1 1 1 1 8 3 13 6 |1 1 1 1 5 12 1 1 1 1 14 1 9 1 1 1 |1 1 1 1 1 1 1 9 1 2 1 10 1 1 1 1 |8 1 8 12 1 9 2 15 1 1 3 1 7 14 1 11 |1 1 1 1 13 12 10 10 2 10 5 1 1 1 9 3 |2 1 1 1 1 1 1 3 10 12 1 3 1 1 1 2 |1 1 3 1 6 1 1 13 5 7 10 3 1 1 1 1 |1 1 1 7 1 15 8 12 1 5 8 2 1 12 1 16 |
4959: 1 1 1 1 1 6 1 6 1 3 1 3 1 1 7 1 |1 1 10 1 4 1 1 1 1 1 4 9 1 1 13 1 |1 1 8 1 1 1 13 6 4 1 1 6 1 1 1 1 |1 1 1 1 1 4 6 1 8 7 1 1 1 8 1 9 |1 1 1 1 1 8 11 1 1 1 1 1 9 3 7 1 |1 1 1 1 4 19 1 1 1 1 13 1 9 1 1 1 |1 1 1 1 1 1 1 9 1 2 1 10 1 1 1 1 |8 1 8 12 1 9 2 15 1 1 3 1 7 14 1 11 |1 1 1 1 13 12 10 10 2 10 5 1 1 1 9 3 |2 1 1 1 1 1 1 3 10 12 1 3 1 1 1 2 |1 1 3 1 6 1 1 13 5 7 10 3 1 1 1 1 |1 1 1 7 1 15 8 12 1 5 8 2 1 12 1 16 |
4971: 1 1 1 1 1 6 1 6 1 3 1 3 1 1 7 1 |1 1 10 1 4 1 1 1 1 1 4 9 1 1 13 1 |1 1 8 1 1 1 13 6 4 1 1 6 1 1 1 1 |1 1 1 1 1 4 6 1 8 7 1 1 1 8 1 9 |1 1 1 1 1 8 11 1 1 1 1 1 9 3 7 1 |1 1 1 1 4 19 1 1 1 1 13 1 9 1 1 1 |1 10 1 1 1 1 1 8 1 1 1 12 1 4 1 1 |8 1 7 14 1 5 2 15 1 1 16 1 1 11 2 1 |1 1 1 1 1 7 10 5 1 10 5 1 10 1 7 3 |1 1 5 1 3 1 1 13 7 14 1 7 1 1 1 7 |6 1 4 1 1 1 1 1 8 7 1 1 1 1 9 1 |1 1 1 1 1 13 7 1 1 5 15 1 1 12 1 1 |
4982: 1 1 1 1 1 6 1 6 1 3 1 3 1 1 7 1 |1 1 10 1 4 1 1 1 1 1 4 9 1 1 13 1 |1 1 8 1 1 1 13 6 4 1 1 6 1 1 1 1 |1 1 1 1 1 4 6 1 8 7 1 1 1 8 1 9 |1 1 1 1 1 8 11 1 1 1 1 1 9 3 7 1 |1 1 1 1 4 19 1 1 1 1 13 1 9 1 1 1 |1 10 1 1 1 1 1 8 1 1 1 12 1 4 1 1 |8 1 7 14 1 5 2 15 1 1 16 1 1 11 2 1 |1 1 1 1 1 7 10 5 1 10 5 1 10 1 7 3 |1 1 5 1 3 1 1 13 7 14 1 7 1 1 1 7 |6 1 4 1 1 1 1 1 8 7 1 1 1 1 9 1 |1 1 1 1 1 13 7 1 1 5 15 1 1 12 1 1 |
4993: 1 1 1 7 6 1 1 7 1 1 1 1 1 2 5 1 |1 1 1 1 4 1 1 1 1 1 1 4 1 1 10 1 |1 1 7 1 1 3 4 1 5 1 2 1 1 1 1 1 |1 1 1 3 1 4 1 1 1 7 1 1 1 4 1 10 |1 1 1 1 1 7 1 1 1 1 1 1 11 1 13 11 |1 1 1 1 5 11 1 1 1 1 14 1 9 1 2 1 |1 10 1 1 1 1 1 8 1 1 1 12 1 4 1 1 |8 1 7 14 1 5 2 15 1 1 16 1 1 11 2 1 |1 1 1 1 1 7 10 5 1 10 5 1 10 1 7 3 |1 1 5 1 3 1 1 13 7 14 1 7 1 1 1 7 |6 1 4 1 1 1 1 1 8 7 1 1 1 1 9 1 |1 1 1 1 1 13 7 1 1 5 15 1 1 12 1 1 |
5004: 1 1 1 7 6 1 1 7 1 1 1 1 1 2 5 1 |1 1 1 1 4 1 1 1 1 1 1 4 1 1 10 1 |1 1 7 1 1 3 4 1 5 1 2 1 1 1 1 1 |1 1 1 3 1 4 1 1 1 7 1 1 1 4 1 10 |1 1 1 1 1 7 1 1 1 1 1 1 11 1 13 11 |1 1 1 1 5 11 1 1 1 1 14 1 9 1 2 1 |1 5 8 5 1 1 1 1 1 4 1 12 1 1 1 1 |1 1 14 6 1 1 1 13 1 1 16 1 1 1 1 1 |1 1 1 1 2 15 1 10 2 9 3 2 12 1 1 1 |3 1 4 1 1 1 1 15 2 13 1 7 1 4 1 8 |8 1 1 1 1 1 1 12 1 1 1 1 1 1 7 1 |1 1 1 1 1 7 9 1 1 1 5 1 1 1 1 1 |
5015: 1 1 1 7 6 1 1 7 1 1 1 1 1 2 5 1 |1 1 1 1 4 1 1 1 1 1 1 4 1 1 10 1 |1 1 7 1 1 3 4 1 5 1 2 1 1 1 1 1 |1 1 1 3 1 4 1 1 1 7 1 1 1 4 1 10 |1 1 1 1 1 7 1 1 1 1 1 1 11 1 13 11 |1 1 1 1 5 11 1 1 1 1 14 1 9 1 2 1 |1 5 8 5 1 1 1 1 1 4 1 12 1 1 1 1 |1 1 14 6 1 1 1 13 1 1 16 1 1 1 1 1 |1 1 1 1 2 15 1 10 2 9 3 2 12 1 1 1 |3 1 4 1 1 1 1 15 2 13 1 7 1 4 1 8 |8 1 1 1 1 1 1 12 1 1 1 1 1 1 7 1 |1 1 1 1 1 7 9 1 1 1 5 1 1 1 1 1 |
5026: 1 2 1 7 7 6 7 9 1 1 1 6 1 1 5 1 |1 1 8 1 7 1 1 1 1 1 1 11 1 2 13 1 |1 1 6 1 1 7 4 8 6 1 3 1 1 1 1 2 |1 1 1 4 1 5 8 1 1 8 1 1 1 6 1 11 |1 1 1 1 1 14 7 1 1 1 1 1 12 1 15 10 |1 1 1 1 2 9 1 1 1 1 12 1 8 1 1 1 |1 5 8 5 1 1 1 1 1 4 1 12 1 1 1 1 |1 1 14 6 1 1 1 13 1 1 16 1 1 1 1 1 |1 1 1 1 2 15 1 10 2 9 3 2 12 1 1 1 |3 1 4 1 1 1 1 15 2 13 1 7 1 4 1 8 |8 1 1 1 1 1 1 12 1 1 1 1 1 1 7 1 |1 1 1 1 1 7 9 1 1 1 5 1 1 1 1 1 |
5037: 1 2 1 7 7 6 7 9 1 1 1 6 1 1 5 1 |1 1 8 1 7 1 1 1 1 1 1 11 1 2 13 1 |1 1 6 1 1 7 4 8 6 1 3 1 1 1 1 2 |1 1 1 4 1 5 8 1 1 8 1 1 1 6 1 11 |1 1 1 1 1 14 7 1 1 1 1 1 12 1 15 10 |1 1 1 1 2 9 1 1 1 1 12 1 8 1 1 1 |1 4 8 1 5 1 1 7 1 1 1 11 1 1 1 1 |1 1 3 15 1 8 8 14 1 1 8 1 1 13 1 1 |1 1 1 1 2 10 9 10 1 9 11 1 10 1 2 1 |2 1 1 1 1 1 1 12 2 16 1 5 1 8 1 1 |1 1 1 7 1 1 1 14 1 1 1 1 1 1 1 1 |1 1 1 6 1 17 8 1 1 2 14 1 1 14 1 1 |
5048: 1 2 1 7 7 6 7 9 1 1 1 6 1 1 5 1 |1 1 8 1 7 1 1 1 1 1 1 11 1 2 13 1 |1 1 6 1 1 7 4 8 6 1 3 1 1 1 1 2 |1 1 1 4 1 5 8 1 1 8 1 1 1 6 1 11 |1 1 1 1 1 14 7 1 1 1 1 1 12 1 15 10 |1 1 1 1 2 9 1 1 1 1 12 1 8 1 1 1 |1 4 8 1 5 1 1 7 1 1 1 11 1 1 1 1 |1 1 3 15 1 8 8 14 1 1 8 1 1 13 1 1 |1 1 1 1 2 10 9 10 1 9 11 1 10 1 2 1 |2 1 1 1 1 1 1 12 2 16 1 5 1 8 1 1 |1 1 1 7 1 1 1 14 1 1 1 1 1 1 1 1 |1 1 1 6 1 17 8 1 1 2 14 1 1 14 1 1 |
5059: 1 1 1 1 1 6 6 1 1 1 1 1 1 1 5 1 |1 1 1 1 5 1 1 1 1 1 1 1 1 1 1 1 |1 1 6 1 1 1 10 7 1 1 1 9 1 1 1 1 |1 1 1 8 1 2 7 1 1 7 1 1 11 5 1 12 |1 1 1 1 1 10 7 1 1 1 1 1 12 1 13 6 |1 1 1 1 2 9 1 1 1 1 12 1 8 1 1 1 |1 4 8 1 5 1 1 7 1 1 1 11 1 1 1 1 |1 1 3 15 1 8 8 14 1 1 8 1 1 13 1 1 |1 1 1 1 2 10 9 10 1 9 11 1 10 1 2 1 |2 1 1 1 1 1 1 12 2 16 1 5 1 8 1 1 |1 1 1 7 1 1 1 14 1 1 1 1 1 1 1 1 |1 1 1 6 1 17 8 1 1 2 14 1 1 14 1 1 |
5069: 1 1 1 1 1 6 6 1 1 1 1 1 1 1 5 1 |1 1 1 1 5 1 1 1 1 1 1 1 1 1 1 1 |1 1 6 1 1 1 10 7 1 1 1 9 1 1 1 1 |1 1 1 8 1 2 7 1 1 7 1 1 11 5 1 12 |1 1 1 1 1 10 7 1 1 1 1 1 12 1 13 6 |1 1 1 1 5 15 1 1 1 1 2 1 9 1 1 1 |1 10 1 1 1 1 1 8 1 1 1 11 1 1 1 1 |13 1 10 11 1 1 8 10 1 1 13 1 1 7 1 7 |1 1 1 1 1 2 11 4 1 1 1 1 10 1 3 1 |1 1 12 1 1 1 1 12 3 13 1 4 1 8 1 6 |1 1 1 1 1 1 1 1 1 1 1 1 1 1 8 1 |1 1 1 1 4 9 1 1 1 3 16 1 1 11 1 1 |
5081: 1 1 1 1 1 6 6 1 1 1 1 1 1 1 5 1 |1 1 1 1 5 1 1 1 1 1 1 1 1 1 1 1 |1 1 6 1 1 1 10 7 1 1 1 9 1 1 1 1 |1 1 1 8 1 2 7 1 1 7 1 1 11 5 1 12 |1 1 1 1 1 10 7 1 1 1 1 1 12 1 13 6 |1 1 1 1 5 15 1 1 1 1 2 1 9 1 1 1 |1 10 1 1 1 1 1 8 1 1 1 11 1 1 1 1 |13 1 10 11 1 1 8 10 1 1 13 1 1 7 1 7 |1 1 1 1 1 2 11 4 1 1 1 1 10 1 3 1 |1 1 12 1 1 1 1 12 3 13 1 4 1 8 1 6 |1 1 1 1 1 1 1 1 1 1 1 1 1 1 8 1 |1 1 1 1 4 9 1 1 1 3 16 1 1 11 1 1 |
5092: 1 1 1 1 8 1 1 1 1 1 1 7 1 2 8 9 |2 1 7 1 2 1 1 1 1 1 1 12 5 4 6 1 |1 1 9 1 1 1 5 7 3 1 2 1 1 1 1 2 |1 1 1 8 1 2 7 1 1 7 1 1 11 5 1 12 |1 1 1 1 1 10 7 1 1 1 1 1 12 1 13 6 |1 1 1 1 5 15 1 1 1 1 2 1 9 1 1 1 |1 10 1 1 1 1 1 8 1 1 1 11 1 1 1 1 |13 1 10 11 1 1 8 10 1 1 13 1 1 7 1 7 |1 1 1 1 1 2 11 4 1 1 1 1 10 1 3 1 |1 1 12 1 1 1 1 12 3 13 1 4 1 8 1 6 |1 1 1 1 1 1 1 1 1 1 1 1 1 1 8 1 |1 1 1 1 4 9 1 1 1 3 16 1 1 11 1 1 |
5103: 1 1 1 1 8 1 1 1 1 1 1 7 1 2 8 9 |2 1 7 1 2 1 1 1 1 1 1 12 5 4 6 1 |1 1 9 1 1 1 5 7 3 1 2 1 1 1 1 2 |1 1 1 3 1 1 1 1 8 6 1 1 1 6 1 10 |1 1 1 1 1 9 9 1 1 1 1 1 9 1 9 5 |1 1 1 1 5 8 1 1 1 1 13 1 1 1 1 1 |1 10 8 1 6 1 1 8 1 5 1 11 1 1 1 9 |1 1 1 14 1 4 9 8 1 1 14 1 1 14 1 1 |1 1 1 1 11 16 3 10 1 1 1 1 1 2 2 1 |2 1 5 1 1 1 1 15 3 14 1 6 1 3 1 4 |1 1 3 1 1 1 1 14 6 8 8 2 1 1 1 1 |1 7 1 1 1 15 1 1 1 4 17 1 1 13 1 1 |
5114: 1 1 1 1 8 1 1 1 1 1 1 7 1 2 8 9 |2 1 7 1 2 1 1 1 1 1 1 12 5 4 6 1 |1 1 9 1 1 1 5 7 3 1 2 1 1 1 1 2 |1 1 1 3 1 1 1 1 8 6 1 1 1 6 1 10 |1 1 1 1 1 9 9 1 1 1 1 1 9 1 9 5 |1 1 1 1 5 8 1 1 1 1 13 1 1 1 1 1 |1 10 8 1 6 1 1 8 1 5 1 11 1 1 1 9 |1 1 1 14 1 4 9 8 1 1 14 1 1 14 1 1 |1 1 1 1 11 16 3 10 1 1 1 1 1 2 2 1 |2 1 5 1 1 1 1 15 3 14 1 6 1 3 1 4 |1 1 3 1 1 1 1 14 6 8 8 2 1 1 1 1 |1 7 1 1 1 15 1 1 1 4 17 1 1 13 1 1 |
5125: 1 1 1 7 6 6 8 12 1 1 1 1 1 1 7 1 |1 1 6 1 6 1 1 1 1 1 1 10 1 3 14 1 |1 1 1 1 1 1 3 8 5 1 4 1 1 1 1 2 |1 1 1 3 1 1 1 1 8 6 1 1 1 6 1 10 |1 1 1 1 1 9 9 1 1 1 1 1 9 1 9 5 |1 1 1 1 5 8 1 1 1 1 13 1 1 1 1 1 |1 10 8 1 6 1 1 8 1 5 1 11 1 1 1 9 |1 1 1 14 1 4 9 8 1 1 14 1 1 14 1 1 |1 1 1 1 11 16 3 10 1 1 1 1 1 2 2 1 |2 1 5 1 1 1 1 15 3 14 1 6 1 3 1 4 |1 1 3 1 1 1 1 14 6 8 8 2 1 1 1 1 |1 7 1 1 1 15 1 1 1 4 17 1 1 13 1 1 |
5136: 1 1 1 7 6 6 8 12 1 1 1 1 1 1 7 1 |1 1 6 1 6 1 1 1 1 1 1 10 1 3 14 1 |1 1 1 1 1 1 3 8 5 1 4 1 1 1 1 2 |1 1 1 3 1 4 2 1 6 7 1 1 1 7 1 9 |1 1 1 1 1 15 9 1 1 1 1 1 11 1 13 6 |1 1 1 1 5 10 1 1 1 1 13 1 8 1 1 1 |1 4 8 1 7 1 1 13 1 1 1 12 1 1 1 1 |1 1 10 13 1 1 1 15 1 1 14 1 1 13 1 8 |1 1 6 1 2 15 6 1 1 10 5 1 11 1 2 1 |1 1 5 1 2 3 1 1 4 13 1 1 1 1 1 7 |1 1 2 1 2 1 1 14 1 1 1 3 1 1 1 1 |1 1 1 7 1 14 7 1 1 3 15 1 1 3 1 1 |
5147: 1 1 1 7 6 6 8 12 1 1 1 1 1 1 7 1 |1 1 6 1 6 1 1 1 1 1 1 10 1 3 14 1 |1 1 1 1 1 1 3 8 5 1 4 1 1 1 1 2 |1 1 1 3 1 4 2 1 6 7 1 1 1 7 1 9 |1 1 1 1 1 15 9 1 1 1 1 1 11 1 13 6 |1 1 1 1 5 10 1 1 1 1 13 1 8 1 1 1 |1 4 8 1 7 1 1 13 1 1 1 12 1 1 1 1 |1 1 10 13 1 1 1 15 1 1 14 1 1 13 1 8 |1 1 6 1 2 15 6 1 1 10 5 1 11 1 2 1 |1 1 5 1 2 3 1 1 4 13 1 1 1 1 1 7 |1 1 2 1 2 1 1 14 1 1 1 3 1 1 1 1 |1 1 1 7 1 14 7 1 1 3 15 1 1 3 1 1 |
5157: 1 1 1 1 1 6 1 1 1 1 1 5 1 2 2 1 |1 1 1 1 6 3 1 1 1 1 1 9 1 1 11 1 |1 1 1 1 1 1 3 8 5 1 4 1 1 1 1 2 |1 1 1 3 1 4 2 1 6 7 1 1 1 7 1 9 |1 1 1 1 1 15 9 1 1 1 1 1 11 1 13 6 |1 1 1 1 5 10 1 1 1 1 13 1 8 1 1 1 |1 4 8 1 7 1 1 13 1 1 1 12 1 1 1 1 |1 1 10 13 1 1 1 15 1 1 14 1 1 13 1 8 |1 1 6 1 2 15 6 1 1 10 5 1 11 1 2 1 |1 1 5 1 2 3 1 1 4 13 1 1 1 1 1 7 |1 1 2 1 2 1 1 14 1 1 1 3 1 1 1 1 |1 1 1 7 1 14 7 1 1 3 15 1 1 3 1 1 |
5168: 1 1 1 1 1 6 1 1 1 1 1 5 1 2 2 1 |1 1 1 1 6 3 1 1 1 1 1 9 1 1 11 1 |1 1 7 1 1 1 12 8 4 1 3 5 1 1 1 1 |1 1 1 7 1 6 8 1 7 7 1 1 1 6 1 10 |1 1 1 1 1 8 8 1 1 1 1 1 11 1 11 7 |1 1 2 1 1 16 1 1 1 1 13 1 10 1 1 1 |1 3 8 1 1 1 1 10 1 1 1 12 1 1 1 1 |1 1 1 14 1 1 3 5 1 1 2 1 1 13 1 10 |1 1 1 1 1 15 10 5 2 9 5 1 1 1 7 4 |1 1 1 1 2 1 1 12 1 1 1 5 1 8 1 1 |1 1 6 1 1 1 1 6 1 1 1 1 1 1 9 1 |1 1 1 1 1 16 5 1 1 3 15 2 1 11 1 1 |
5180: 1 1 1 1 1 6 1 1 1 1 1 5 1 2 2 1 |1 1 1 1 6 3 1 1 1 1 1 9 1 1 11 1 |1 1 7 1 1 1 12 8 4 1 3 5 1 1 1 1 |1 1 1 7 1 6 8 1 7 7 1 1 1 6 1 10 |1 1 1 1 1 8 8 1 1 1 1 1 11 1 11 7 |1 1 2 1 1 16 1 1 1 1 13 1 10 1 1 1 |1 3 8 1 1 1 1 10 1 1 1 12 1 1 1 1 |1 1 1 14 1 1 3 5 1 1 2 1 1 13 1 10 |1 1 1 1 1 15 10 5 2 9 5 1 1 1 7 4 |1 1 1 1 2 1 1 12 1 1 1 5 1 8 1 1 |1 1 6 1 1 1 1 6 1 1 1 1 1 1 9 1 |1 1 1 1 1 16 5 1 1 3 15 2 1 11 1 1 |
5191: 1 1 1 8 6 1 1 7 1 1 1 1 1 1 8 1 |1 1 1 1 5 1 1 1 1 1 1 12 1 1 7 1 |1 1 7 1 1 1 12 8 4 1 3 5 1 1 1 1 |1 1 1 7 1 6 8 1 7 7 1 1 1 6 1 10 |1 1 1 1 1 8 8 1 1 1 1 1 11 1 11 7 |1 1 2 1 1 16 1 1 1 1 13 1 10 1 1 1 |1 3 8 1 1 1 1 10 1 1 1 12 1 1 1 1 |1 1 1 14 1 1 3 5 1 1 2 1 1 13 1 10 |1 1 1 1 1 15 10 5 2 9 5 1 1 1 7 4 |1 1 1 1 2 1 1 12 1 1 1 5 1 8 1 1 |1 1 6 1 1 1 1 6 1 1 1 1 1 1 9 1 |1 1 1 1 1 16 5 1 1 3 15 2 1 11 1 1 |
5202: 1 1 1 8 6 1 1 7 1 1 1 1 1 1 8 1 |1 1 1 1 5 1 1 1 1 1 1 12 1 1 7 1 |1 1 8 1 1 7 3 7 3 1 3 1 1 1 1 1 |1 1 1 4 1 1 7 1 8 4 1 1 1 7 1 8 |1 1 1 1 1 7 8 1 1 1 1 1 12 1 11 1 |1 1 2 1 4 10 1 4 1 1 13 1 8 1 2 1 |1 5 1 1 1 1 1 8 1 1 1 10 1 1 1 1 |1 1 6 12 1 4 2 5 1 1 11 1 1 12 1 1 |1 1 1 1 3 9 4 6 1 7 7 1 11 1 3 1 |1 1 6 1 1 1 1 14 2 12 1 5 1 7 1 8 |1 1 1 1 1 1 1 13 1 1 11 4 1 1 10 1 |1 1 1 1 1 15 1 3 1 2 11 1 1 11 1 1 |
5213: 1 1 1 8 6 1 1 7 1 1 1 1 1 1 8 1 |1 1 1 1 5 1 1 1 1 1 1 12 1 1 7 1 |1 1 8 1 1 7 3 7 3 1 3 1 1 1 1 1 |1 1 1 4 1 1 7 1 8 4 1 1 1 7 1 8 |1 1 1 1 1 7 8 1 1 1 1 1 12 1 11 1 |1 1 2 1 4 10 1 4 1 1 13 1 8 1 2 1 |1 5 1 1 1 1 1 8 1 1 1 10 1 1 1 1 |1 1 6 12 1 4 2 5 1 1 11 1 1 12 1 1 |1 1 1 1 3 9 4 6 1 7 7 1 11 1 3 1 |1 1 6 1 1 1 1 14 2 12 1 5 1 7 1 8 |1 1 1 1 1 1 1 13 1 1 11 4 1 1 10 1 |1 1 1 1 1 15 1 3 1 2 11 1 1 11 1 1 |
5223: 1 3 1 7 7 6 6 14 1 6 1 7 1 1 9 1 |1 1 1 1 5 1 1 1 1 1 1 12 1 1 7 1 |1 1 8 1 1 7 3 7 3 1 3 1 1 1 1 1 |1 1 1 4 1 1 7 1 8 4 1 1 1 7 1 8 |1 1 1 1 1 7 8 1 1 1 1 1 12 1 11 1 |1 1 2 1 4 10 1 4 1 1 13 1 8 1 2 1 |1 5 1 1 1 1 1 8 1 1 1 10 1 1 1 1 |1 1 6 12 1 4 2 5 1 1 11 1 1 12 1 1 |1 1 1 1 3 9 4 6 1 7 7 1 11 1 3 1 |1 1 6 1 1 1 1 14 2 12 1 5 1 7 1 8 |1 1 1 1 1 1 1 13 1 1 11 4 1 1 10 1 |1 1 1 1 1 15 1 3 1 2 11 1 1 11 1 1 |
5234: 1 3 1 7 7 6 6 14 1 6 1 7 1 1 9 1 |1 1 7 1 6 1 1 1 1 1 1 13 7 3 13 1 |1 1 6 1 1 7 14 6 6 1 7 7 1 1 1 1 |1 1 1 3 1 2 1 1 5 8 1 1 1 4 1 12 |1 1 1 1 1 14 7 1 1 1 1 1 10 1 12 13 |1 1 1 1 6 10 1 4 1 1 14 1 9 1 1 1 |1 5 8 1 6 1 1 8 1 1 1 12 1 1 1 1 |1 1 1 1 1 1 9 9 1 1 8 1 5 13 1 9 |1 1 1 1 1 1 1 10 1 1 1 1 1 1 1 1 |1 1 1 1 2 2 1 2 1 14 1 8 1 1 1 8 |1 1 1 1 13 1 1 13 6 5 1 1 1 1 8 1 |1 1 1 1 1 15 1 3 1 2 11 1 1 11 1 1 |
5245: 1 3 1 7 7 6 6 14 1 6 1 7 1 1 9 1 |1 1 7 1 6 1 1 1 1 1 1 13 7 3 13 1 |1 1 6 1 1 7 14 6 6 1 7 7 1 1 1 1 |1 1 1 3 1 2 1 1 5 8 1 1 1 4 1 12 |1 1 1 1 1 14 7 1 1 1 1 1 10 1 12 13 |1 1 1 1 6 10 1 4 1 1 14 1 9 1 1 1 |1 5 8 1 6 1 1 8 1 1 1 12 1 1 1 1 |1 1 1 1 1 1 9 9 1 1 8 1 5 13 1 9 |1 1 1 1 1 1 1 10 1 1 1 1 1 1 1 1 |1 1 1 1 2 2 1 2 1 14 1 8 1 1 1 8 |1 1 1 1 13 1 1 13 6 5 1 1 1 1 8 1 |1 1 1 1 1 15 12 1 1 2 16 1 1 12 1 1 |
5256: 1 1 1 1 7 5 9 8 1 1 1 1 1 1 2 1 |1 1 8 1 5 1 1 1 1 1 1 10 1 2 11 1 |1 1 7 1 1 1 11 6 1 1 6 1 1 1 1 2 |1 1 1 3 1 2 1 1 5 8 1 1 1 4 1 12 |1 1 1 1 1 14 7 1 1 1 1 1 10 1 12 13 |1 1 1 1 6 10 1 4 1 1 14 1 9 1 1 1 |1 5 8 1 6 1 1 8 1 1 1 12 1 1 1 1 |1 1 1 1 1 1 9 9 1 1 8 1 5 13 1 9 |1 1 1 1 1 1 1 10 1 1 1 1 1 1 1 1 |1 1 1 1 2 2 1 2 1 14 1 8 1 1 1 8 |1 1 1 1 13 1 1 13 6 5 1 1 1 1 8 1 |1 1 1 1 1 15 12 1 1 2 16 1 1 12 1 1 |
5267: 1 1 1 1 7 5 9 8 1 1 1 1 1 1 2 1 |1 1 8 1 5 1 1 1 1 1 1 10 1 2 11 1 |1 1 7 1 1 1 11 6 1 1 6 1 1 1 1 2 |1 1 1 1 1 2 7 1 2 7 1 1 1 6 1 10 |1 1 1 1 1 11 8 1 1 1 1 1 9 1 7 6 |1 1 1 1 1 4 1 1 1 1 15 1 11 1 1 1 |1 10 6 1 1 1 1 1 1 1 1 10 1 1 1 8 |1 1 7 13 1 1 8 12 1 1 9 1 1 13 1 10 |1 1 1 1 1 18 4 1 2 1 1 1 11 1 8 3 |1 1 1 1 2 2 1 2 1 14 1 8 1 1 1 8 |1 1 1 1 13 1 1 13 6 5 1 1 1 1 8 1 |1 1 1 1 1 15 12 1 1 2 16 1 1 12 1 1 |
5278: 1 1 1 1 7 5 9 8 1 1 1 1 1 1 2 1 |1 1 8 1 5 1 1 1 1 1 1 10 1 2 11 1 |1 1 7 1 1 1 11 6 1 1 6 1 1 1 1 2 |1 1 1 1 1 2 7 1 2 7 1 1 1 6 1 10 |1 1 1 1 1 11 8 1 1 1 1 1 9 1 7 6 |1 1 1 1 1 4 1 1 1 1 15 1 11 1 1 1 |1 10 6 1 1 1 1 1 1 1 1 10 1 1 1 8 |1 1 7 13 1 1 8 12 1 1 9 1 1 13 1 10 |1 1 1 1 1 18 4 1 2 1 1 1 11 1 8 3 |1 1 1 1 1 1 1 14 8 13 1 7 1 9 1 8 |1 1 1 13 1 1 1 12 1 1 3 1 1 1 9 1 |1 1 1 1 1 8 1 2 1 4 10 1 1 13 1 1 |
5288: 1 1 1 1 7 5 9 8 1 1 1 1 1 1 2 1 |1 1 8 1 5 1 1 1 1 1 1 10 1 2 11 1 |1 1 7 1 1 1 11 6 1 1 6 1 1 1 1 2 |1 1 1 1 1 2 7 1 2 7 1 1 1 6 1 10 |1 1 1 1 1 11 8 1 1 1 1 1 9 1 7 6 |1 1 1 1 1 4 1 1 1 1 15 1 11 1 1 1 |1 10 6 1 1 1 1 1 1 1 1 10 1 1 1 8 |1 1 7 13 1 1 8 12 1 1 9 1 1 13 1 10 |1 1 1 1 1 18 4 1 2 1 1 1 11 1 8 3 |1 1 1 1 1 1 1 14 8 13 1 7 1 9 1 8 |1 1 1 13 1 1 1 12 1 1 3 1 1 1 9 1 |1 1 1 1 1 8 1 2 1 4 10 1 1 13 1 1 |
5299: 1 1 1 5 7 1 1 1 1 1 1 6 1 1 1 1 |2 1 7 1 5 5 1 1 1 1 1 10 1 1 1 1 |1 1 7 1 1 1 3 7 5 1 6 6 1 1 1 1 |1 1 1 3 1 1 1 1 8 5 1 1 1 6 1 10 |1 1 1 1 1 9 10 1 1 1 1 1 12 1 14 12 |4 1 3 1 6 10 1 1 1 1 13 1 9 1 1 1 |1 4 3 1 5 1 1 1 1 4 1 9 1 1 1 1 |1 1 7 13 1 1 8 12 1 1 9 1 1 13 1 10 |1 1 1 1 1 18 4 1 2 1 1 1 11 1 8 3 |1 1 1 1 1 1 1 14 8 13 1 7 1 9 1 8 |1 1 1 13 1 1 1 12 1 1 3 1 1 1 9 1 |1 1 1 1 1 8 1 2 1 4 10 1 1 13 1 1 |
5309: 1 1 1 5 7 1 1 1 1 1 1 6 1 1 1 1 |2 1 7 1 5 5 1 1 1 1 1 10 1 1 1 1 |1 1 7 1 1 1 3 7 5 1 6 6 1 1 1 1 |1 1 1 3 1 1 1 1 8 5 1 1 1 6 1 10 |1 1 1 1 1 9 10 1 1 1 1 1 12 1 14 12 |4 1 3 1 6 10 1 1 1 1 13 1 9 1 1 1 |1 4 3 1 5 1 1 1 1 4 1 9 1 1 1 1 |1 1 4 13 1 1 1 14 1 1 15 1 1 13 1 1 |1 1 1 1 4 15 1 6 1 1 2 1 10 1 8 2 |1 1 4 1 1 1 7 12 9 8 1 5 1 1 1 2 |8 1 1 1 1 1 5 15 3 4 1 1 1 1 9 1 |1 9 1 8 1 1 7 4 1 1 7 1 1 4 1 11 |
5321: 1 1 1 5 7 1 1 1 1 1 1 6 1 1 1 1 |2 1 7 1 5 5 1 1 1 1 1 10 1 1 1 1 |1 1 7 1 1 1 3 7 5 1 6 6 1 1 1 1 |1 1 1 3 1 1 1 1 8 5 1 1 1 6 1 10 |1 1 1 1 1 9 10 1 1 1 1 1 12 1 14 12 |4 1 3 1 6 10 1 1 1 1 13 1 9 1 1 1 |1 4 3 1 5 1 1 1 1 4 1 9 1 1 1 1 |1 1 4 13 1 1 1 14 1 1 15 1 1 13 1 1 |1 1 1 1 4 15 1 6 1 1 2 1 10 1 8 2 |1 1 4 1 1 1 7 12 9 8 1 5 1 1 1 2 |8 1 1 1 1 1 5 15 3 4 1 1 1 1 9 1 |1 9 1 8 1 1 7 4 1 1 7 1 1 4 1 11 |
5332: 1 1 1 6 5 1 1 13 1 1 1 4 1 1 1 1 |1 1 7 1 5 1 1 1 1 1 1 12 1 3 10 1 |1 1 7 1 1 7 13 7 1 1 8 1 1 1 1 2 |1 1 1 3 1 1 1 1 7 6 1 1 1 7 1 10 |1 1 1 1 1 13 9 1 1 1 1 1 10 1 11 12 |1 1 1 1 4 9 1 1 1 1 13 1 9 1 1 1 |1 4 8 1 1 1 1 10 1 1 1 10 1 1 1 1 |1 1 1 14 1 1 10 15 1 1 14 1 1 6 1 8 |1 1 1 1 4 15 1 6 1 1 2 1 10 1 8 2 |1 1 4 1 1 1 7 12 9 8 1 5 1 1 1 2 |8 1 1 1 1 1 5 15 3 4 1 1 1 1 9 1 |1 9 1 8 1 1 7 4 1 1 7 1 1 4 1 11 |
5343: 1 1 1 6 5 1 1 13 1 1 1 4 1 1 1 1 |1 1 7 1 5 1 1 1 1 1 1 12 1 3 10 1 |1 1 7 1 1 7 13 7 1 1 8 1 1 1 1 2 |1 1 1 3 1 1 1 1 7 6 1 1 1 7 1 10 |1 1 1 1 1 13 9 1 1 1 1 1 10 1 11 12 |1 1 1 1 4 9 1 1 1 1 13 1 9 1 1 1 |1 4 8 1 1 1 1 10 1 1 1 10 1 1 1 1 |1 1 1 14 1 1 10 15 1 1 14 1 1 6 1 8 |1 1 1 1 13 13 9 5 1 1 1 2 12 1 1 9 |1 1 5 1 2 2 1 7 1 14 1 1 1 8 1 6 |7 1 1 14 7 1 1 15 7 6 1 1 1 1 8 1 |1 1 1 1 1 16 11 11 1 5 14 1 1 14 1 1 |
5353: 1 1 1 6 5 1 1 13 1 1 1 4 1 1 1 1 |1 1 7 1 5 1 1 1 1 1 1 12 1 3 10 1 |1 1 7 1 1 7 13 7 1 1 8 1 1 1 1 2 |1 1 1 3 1 1 1 1 7 6 1 1 1 7 1 10 |1 1 1 1 1 13 9 1 1 1 1 1 10 1 11 12 |1 1 1 1 4 9 1 1 1 1 13 1 9 1 1 1 |1 4 8 1 1 1 1 10 1 1 1 10 1 1 1 1 |1 1 1 14 1 1 10 15 1 1 14 1 1 6 1 8 |1 1 1 1 13 13 9 5 1 1 1 2 12 1 1 9 |1 1 5 1 2 2 1 7 1 14 1 1 1 8 1 6 |7 1 1 14 7 1 1 15 7 6 1 1 1 1 8 1 |1 1 1 1 1 16 11 11 1 5 14 1 1 14 1 1 |
5364: 1 1 1 1 7 6 6 1 1 2 1 1 1 1 8 1 |1 1 1 1 7 1 1 1 1 1 1 1 1 1 7 1 |1 1 8 1 1 1 6 8 6 1 1 1 1 1 1 1 |1 1 1 9 1 5 8 1 7 1 1 1 1 6 1 10 |1 1 1 1 6 7 1 1 1 1 1 1 13 1 5 11 |1 1 1 1 1 20 1 4 1 1 13 1 10 1 1 1 |1 4 8 1 1 1 1 10 1 1 1 10 1 1 1 1 |1 1 1 14 1 1 10 15 1 1 14 1 1 6 1 8 |1 1 1 1 13 13 9 5 1 1 1 2 12 1 1 9 |1 1 5 1 2 2 1 7 1 14 1 1 1 8 1 6 |7 1 1 14 7 1 1 15 7 6 1 1 1 1 8 1 |1 1 1 1 1 16 11 11 1 5 14 1 1 14 1 1 |
5375: 1 1 1 1 7 6 6 1 1 2 1 1 1 1 8 1 |1 1 1 1 7 1 1 1 1 1 1 1 1 1 7 1 |1 1 8 1 1 1 6 8 6 1 1 1 1 1 1 1 |1 1 1 9 1 5 8 1 7 1 1 1 1 6 1 10 |1 1 1 1 6 7 1 1 1 1 1 1 13 1 5 11 |1 1 1 1 1 20 1 4 1 1 13 1 10 1 1 1 |1 3 5 1 7 1 1 9 1 4 10 8 1 1 1 1 |7 1 4 12 1 4 7 19 1 1 17 1 1 16 1 1 |1 1 1 1 1 14 3 10 8 2 1 1 12 1 1 1 |1 3 3 1 1 1 1 13 2 12 1 4 1 9 1 8 |1 1 5 1 1 1 1 15 7 8 1 12 1 1 8 1 |3 1 1 1 1 1 3 1 1 5 15 1 4 12 1 1 |
5386: 1 1 1 1 7 6 6 1 1 2 1 1 1 1 8 1 |1 1 1 1 7 1 1 1 1 1 1 1 1 1 7 1 |1 1 8 1 1 1 6 8 6 1 1 1 1 1 1 1 |1 1 1 9 1 5 8 1 7 1 1 1 1 6 1 10 |1 1 1 1 6 7 1 1 1 1 1 1 13 1 5 11 |1 1 1 1 1 20 1 4 1 1 13 1 10 1 1 1 |1 3 5 1 7 1 1 9 1 4 10 8 1 1 1 1 |7 1 4 12 1 4 7 19 1 1 17 1 1 16 1 1 |1 1 1 1 1 14 3 10 8 2 1 1 12 1 1 1 |1 3 3 1 1 1 1 13 2 12 1 4 1 9 1 8 |1 1 5 1 1 1 1 15 7 8 1 12 1 1 8 1 |3 1 1 1 1 1 3 1 1 5 15 1 4 12 1 1 |
5418: 1 1 1 1 1 9 7 5 1 1 1 1 1 1 7 1 |5 1 6 1 5 9 1 1 1 1 1 1 1 1 13 1 |1 1 8 1 1 1 6 8 6 1 1 1 1 1 1 1 |1 1 1 9 1 5 8 1 7 1 1 1 1 6 1 10 |1 1 1 1 6 7 1 1 1 1 1 1 13 1 5 11 |1 1 1 1 1 20 1 4 1 1 13 1 10 1 1 1 |1 3 5 1 7 1 1 9 1 4 10 8 1 1 1 1 |7 1 4 12 1 4 7 19 1 1 17 1 1 16 1 1 |1 1 1 1 1 14 3 10 8 2 1 1 12 1 1 1 |1 3 3 1 1 1 1 13 2 12 1 4 1 9 1 8 |1 1 5 1 1 1 1 15 7 8 1 12 1 1 8 1 |3 1 1 1 1 1 3 1 1 5 15 1 4 12 1 1 |
5429: 1 1 1 1 1 9 7 5 1 1 1 1 1 1 7 1 |5 1 6 1 5 9 1 1 1 1 1 1 1 1 13 1 |1 1 7 1 3 10 13 7 2 1 1 7 1 1 1 1 |1 1 1 3 1 1 6 1 8 6 1 1 11 4 1 9 |1 2 1 1 1 8 7 1 1 1 1 1 12 1 10 8 |1 1 2 1 5 8 1 1 1 1 14 1 9 3 1 1 |1 5 9 2 1 1 1 3 1 1 9 7 1 1 1 1 |7 1 1 14 1 1 1 15 1 1 14 1 1 13 1 1 |1 1 1 1 12 14 8 10 3 10 5 16 1 1 3 1 |1 1 6 1 3 1 1 1 1 15 1 7 1 9 1 8 |6 1 1 8 1 1 1 1 8 9 1 1 1 1 7 1 |3 1 1 1 1 1 3 1 1 5 15 1 4 12 1 1 |
5440: 1 1 1 1 1 9 7 5 1 1 1 1 1 1 7 1 |5 1 6 1 5 9 1 1 1 1 1 1 1 1 13 1 |1 1 7 1 3 10 13 7 2 1 1 7 1 1 1 1 |1 1 1 3 1 1 6 1 8 6 1 1 11 4 1 9 |1 2 1 1 1 8 7 1 1 1 1 1 12 1 10 8 |1 1 2 1 5 8 1 1 1 1 14 1 9 3 1 1 |1 5 9 2 1 1 1 3 1 1 9 7 1 1 1 1 |7 1 1 14 1 1 1 15 1 1 14 1 1 13 1 1 |1 1 1 1 12 14 8 10 3 10 5 16 1 1 3 1 |1 1 6 1 3 1 1 1 1 15 1 7 1 9 1 8 |6 1 1 8 1 1 1 1 8 9 1 1 1 1 7 1 |1 9 1 7 1 14 7 3 1 1 2 1 1 1 1 3 |
5451: 1 1 1 8 7 6 8 8 1 1 1 4 1 1 8 1 |1 1 7 1 4 3 1 1 1 1 1 10 1 3 11 1 |1 1 7 1 3 10 13 7 2 1 1 7 1 1 1 1 |1 1 1 3 1 1 6 1 8 6 1 1 11 4 1 9 |1 2 1 1 1 8 7 1 1 1 1 1 12 1 10 8 |1 1 2 1 5 8 1 1 1 1 14 1 9 3 1 1 |1 5 9 2 1 1 1 3 1 1 9 7 1 1 1 1 |7 1 1 14 1 1 1 15 1 1 14 1 1 13 1 1 |1 1 1 1 12 14 8 10 3 10 5 16 1 1 3 1 |1 1 6 1 3 1 1 1 1 15 1 7 1 9 1 8 |6 1 1 8 1 1 1 1 8 9 1 1 1 1 7 1 |1 9 1 7 1 14 7 3 1 1 2 1 1 1 1 3 |
5462: 1 1 1 8 7 6 8 8 1 1 1 4 1 1 8 1 |1 1 7 1 4 3 1 1 1 1 1 10 1 3 11 1 |1 1 1 1 4 1 4 6 5 1 1 1 1 1 1 1 |1 1 1 1 1 4 3 1 6 7 1 1 1 7 1 9 |1 6 1 1 1 2 1 1 1 1 1 1 11 1 6 8 |1 1 1 1 5 9 1 1 1 1 13 1 9 1 1 1 |1 4 9 1 7 1 1 2 1 1 1 1 1 1 1 1 |8 1 7 14 3 4 4 1 1 2 9 1 1 16 1 1 |1 1 1 1 1 13 11 4 1 8 4 1 1 1 8 2 |1 1 1 1 2 2 1 1 1 12 1 4 1 8 1 5 |6 1 1 8 1 1 1 1 8 9 1 1 1 1 7 1 |1 9 1 7 1 14 7 3 1 1 2 1 1 1 1 3 |
5473: 1 1 1 8 7 6 8 8 1 1 1 4 1 1 8 1 |1 1 7 1 4 3 1 1 1 1 1 10 1 3 11 1 |1 1 1 1 4 1 4 6 5 1 1 1 1 1 1 1 |1 1 1 1 1 4 3 1 6 7 1 1 1 7 1 9 |1 6 1 1 1 2 1 1 1 1 1 1 11 1 6 8 |1 1 1 1 5 9 1 1 1 1 13 1 9 1 1 1 |1 4 9 1 7 1 1 2 1 1 1 1 1 1 1 1 |8 1 7 14 3 4 4 1 1 2 9 1 1 16 1 1 |1 1 1 1 1 13 11 4 1 8 4 1 1 1 8 2 |1 1 1 1 2 2 1 1 1 12 1 4 1 8 1 5 |7 1 3 1 1 1 1 13 5 9 9 9 1 1 7 1 |1 4 1 1 1 14 5 12 1 3 16 1 1 6 1 1 |
5484: 1 1 1 4 1 2 9 8 1 1 1 5 1 1 5 1 |1 1 7 1 4 3 1 1 1 1 1 10 1 3 11 1 |1 1 1 1 4 1 4 6 5 1 1 1 1 1 1 1 |1 1 1 1 1 4 3 1 6 7 1 1 1 7 1 9 |1 6 1 1 1 2 1 1 1 1 1 1 11 1 6 8 |1 1 1 1 5 9 1 1 1 1 13 1 9 1 1 1 |1 4 9 1 7 1 1 2 1 1 1 1 1 1 1 1 |8 1 7 14 3 4 4 1 1 2 9 1 1 16 1 1 |1 1 1 1 1 13 11 4 1 8 4 1 1 1 8 2 |1 1 1 1 2 2 1 1 1 12 1 4 1 8 1 5 |7 1 3 1 1 1 1 13 5 9 9 9 1 1 7 1 |1 4 1 1 1 14 5 12 1 3 16 1 1 6 1 1 |
5495: 1 1 1 4 1 2 9 8 1 1 1 5 1 1 5 1 |1 1 8 1 5 1 1 1 1 1 4 11 1 1 1 1 |1 1 6 1 1 9 13 8 1 1 7 5 1 1 1 1 |1 1 1 3 1 4 2 1 7 5 1 1 1 6 1 11 |1 9 1 1 1 9 1 4 1 1 1 1 11 1 12 1 |1 1 2 1 1 10 1 4 1 1 12 1 9 1 1 1 |1 1 15 1 1 1 1 9 1 1 1 11 1 1 1 1 |7 1 1 13 1 2 1 13 1 1 16 1 5 6 1 9 |1 1 1 1 3 2 10 5 1 9 9 1 1 1 8 3 |1 1 5 1 2 2 1 11 1 1 1 3 1 1 1 5 |7 1 3 1 1 1 1 13 5 9 9 9 1 1 7 1 |1 4 1 1 1 14 5 12 1 3 16 1 1 6 1 1 |
5506: 1 1 1 4 1 2 9 8 1 1 1 5 1 1 5 1 |1 1 8 1 5 1 1 1 1 1 4 11 1 1 1 1 |1 1 6 1 1 9 13 8 1 1 7 5 1 1 1 1 |1 1 1 3 1 4 2 1 7 5 1 1 1 6 1 11 |1 9 1 1 1 9 1 4 1 1 1 1 11 1 12 1 |1 1 2 1 1 10 1 4 1 1 12 1 9 1 1 1 |1 1 15 1 1 1 1 9 1 1 1 11 1 1 1 1 |7 1 1 13 1 2 1 13 1 1 16 1 5 6 1 9 |1 1 1 1 3 2 10 5 1 9 9 1 1 1 8 3 |1 1 5 1 2 2 1 11 1 1 1 3 1 1 1 5 |7 1 2 1 1 1 1 15 6 16 1 1 1 1 7 1 |1 1 1 1 1 14 6 1 1 3 15 1 1 12 1 1 |
5517: 1 1 1 6 1 1 1 1 1 1 1 5 1 2 9 1 |1 1 8 1 5 1 1 1 1 1 4 11 1 1 1 1 |1 1 6 1 1 9 13 8 1 1 7 5 1 1 1 1 |1 1 1 3 1 4 2 1 7 5 1 1 1 6 1 11 |1 9 1 1 1 9 1 4 1 1 1 1 11 1 12 1 |1 1 2 1 1 10 1 4 1 1 12 1 9 1 1 1 |1 1 15 1 1 1 1 9 1 1 1 11 1 1 1 1 |7 1 1 13 1 2 1 13 1 1 16 1 5 6 1 9 |1 1 1 1 3 2 10 5 1 9 9 1 1 1 8 3 |1 1 5 1 2 2 1 11 1 1 1 3 1 1 1 5 |7 1 2 1 1 1 1 15 6 16 1 1 1 1 7 1 |1 1 1 1 1 14 6 1 1 3 15 1 1 12 1 1 |
5528: 1 1 1 6 1 1 1 1 1 1 1 5 1 2 9 1 |1 1 1 1 4 2 1 1 1 1 1 9 1 1 11 1 |1 1 7 1 1 8 1 14 4 1 1 7 1 1 1 1 |1 1 1 3 1 5 2 1 6 6 1 1 1 6 1 5 |1 1 4 1 1 9 8 1 1 1 1 1 11 1 8 6 |1 1 1 1 4 11 1 1 1 1 12 1 11 1 1 1 |1 10 9 1 2 1 1 9 1 1 1 12 1 1 1 1 |6 1 1 15 1 1 1 14 1 1 14 1 1 12 1 1 |1 1 1 1 3 2 10 5 1 9 9 1 1 1 8 3 |1 1 5 1 2 2 1 11 1 1 1 3 1 1 1 5 |7 1 2 1 1 1 1 15 6 16 1 1 1 1 7 1 |1 1 1 1 1 14 6 1 1 3 15 1 1 12 1 1 |
5538: 1 1 1 6 1 1 1 1 1 1 1 5 1 2 9 1 |1 1 1 1 4 2 1 1 1 1 1 9 1 1 11 1 |1 1 7 1 1 8 1 14 4 1 1 7 1 1 1 1 |1 1 1 3 1 5 2 1 6 6 1 1 1 6 1 5 |1 1 4 1 1 9 8 1 1 1 1 1 11 1 8 6 |1 1 1 1 4 11 1 1 1 1 12 1 11 1 1 1 |1 10 9 1 2 1 1 9 1 1 1 12 1 1 1 1 |6 1 1 15 1 1 1 14 1 1 14 1 1 12 1 1 |1 1 1 1 12 6 2 12 3 8 5 1 1 1 1 8 |1 1 4 1 2 1 1 12 8 7 1 6 1 6 1 6 |1 1 1 13 1 1 1 13 6 3 10 4 1 1 2 1 |1 1 1 1 1 1 1 1 1 5 8 1 1 4 1 1 |
5549: 1 1 1 6 1 1 1 1 1 1 1 5 1 2 9 1 |1 1 1 1 4 2 1 1 1 1 1 9 1 1 11 1 |1 1 7 1 1 8 1 14 4 1 1 7 1 1 1 1 |1 1 1 3 1 5 2 1 6 6 1 1 1 6 1 5 |1 1 4 1 1 9 8 1 1 1 1 1 11 1 8 6 |1 1 1 1 4 11 1 1 1 1 12 1 11 1 1 1 |1 10 9 1 2 1 1 9 1 1 1 12 1 1 1 1 |6 1 1 15 1 1 1 14 1 1 14 1 1 12 1 1 |1 1 1 1 12 6 2 12 3 8 5 1 1 1 1 8 |1 1 4 1 2 1 1 12 8 7 1 6 1 6 1 6 |1 1 1 13 1 1 1 13 6 3 10 4 1 1 2 1 |1 1 1 1 1 1 1 1 1 5 8 1 1 4 1 1 |
5560: 1 1 1 7 6 1 6 9 1 1 1 1 1 1 7 1 |1 1 10 1 1 13 1 1 1 1 1 1 8 1 11 1 |1 1 1 1 1 1 13 7 3 1 7 5 1 1 1 1 |1 1 1 5 1 3 3 5 8 6 1 1 1 7 1 10 |1 1 1 1 1 7 10 1 1 1 1 1 11 1 1 13 |1 1 6 1 5 9 1 6 1 1 15 1 11 1 1 1 |1 10 9 1 2 1 1 9 1 1 1 12 1 1 1 1 |6 1 1 15 1 1 1 14 1 1 14 1 1 12 1 1 |1 1 1 1 12 6 2 12 3 8 5 1 1 1 1 8 |1 1 4 1 2 1 1 12 8 7 1 6 1 6 1 6 |1 1 1 13 1 1 1 13 6 3 10 4 1 1 2 1 |1 1 1 1 1 1 1 1 1 5 8 1 1 4 1 1 |
5571: 1 1 1 7 6 1 6 9 1 1 1 1 1 1 7 1 |1 1 10 1 1 13 1 1 1 1 1 1 8 1 11 1 |1 1 1 1 1 1 13 7 3 1 7 5 1 1 1 1 |1 1 1 5 1 3 3 5 8 6 1 1 1 7 1 10 |1 1 1 1 1 7 10 1 1 1 1 1 11 1 1 13 |1 1 6 1 5 9 1 6 1 1 15 1 11 1 1 1 |1 4 4 1 1 1 1 4 1 1 1 9 1 1 1 8 |1 1 1 1 1 1 10 9 1 1 15 1 5 14 1 1 |1 1 1 1 3 9 11 4 2 9 5 1 1 1 1 1 |1 1 4 1 3 1 9 14 3 1 1 6 1 10 1 6 |6 1 4 1 1 1 1 14 1 1 10 8 1 1 2 1 |1 1 1 1 1 13 6 1 1 2 18 1 1 13 1 3 |
5582: 1 1 1 7 6 1 6 9 1 1 1 1 1 1 7 1 |1 1 10 1 1 13 1 1 1 1 1 1 8 1 11 1 |1 1 1 1 1 1 13 7 3 1 7 5 1 1 1 1 |1 1 1 5 1 3 3 5 8 6 1 1 1 7 1 10 |1 1 1 1 1 7 10 1 1 1 1 1 11 1 1 13 |1 1 6 1 5 9 1 6 1 1 15 1 11 1 1 1 |1 4 4 1 1 1 1 4 1 1 1 9 1 1 1 8 |1 1 1 1 1 1 10 9 1 1 15 1 5 14 1 1 |1 1 1 1 3 9 11 4 2 9 5 1 1 1 1 1 |1 1 4 1 3 1 9 14 3 1 1 6 1 10 1 6 |6 1 4 1 1 1 1 14 1 1 10 8 1 1 2 1 |1 1 1 1 1 13 6 1 1 2 18 1 1 13 1 3 |
5593: 1 1 1 8 8 5 1 1 1 1 1 4 1 1 7 1 |11 1 10 1 5 9 1 1 1 1 1 10 1 1 9 1 |1 1 8 1 1 1 13 7 4 1 2 7 1 1 1 1 |1 1 1 1 1 4 1 1 6 6 1 1 1 6 1 11 |1 1 1 1 1 7 1 1 1 1 1 1 10 1 14 6 |1 1 3 1 1 12 1 1 1 1 14 1 9 1 1 1 |1 1 16 1 7 1 1 9 1 1 1 11 1 1 1 1 |1 1 1 1 1 1 10 9 1 1 15 1 5 14 1 1 |1 1 1 1 3 9 11 4 2 9 5 1 1 1 1 1 |1 1 4 1 3 1 9 14 3 1 1 6 1 10 1 6 |6 1 4 1 1 1 1 14 1 1 10 8 1 1 2 1 |1 1 1 1 1 13 6 1 1 2 18 1 1 13 1 3 |
5604: 1 1 1 8 8 5 1 1 1 1 1 4 1 1 7 1 |11 1 10 1 5 9 1 1 1 1 1 10 1 1 9 1 |1 1 8 1 1 1 13 7 4 1 2 7 1 1 1 1 |1 1 1 1 1 4 1 1 6 6 1 1 1 6 1 11 |1 1 1 1 1 7 1 1 1 1 1 1 10 1 14 6 |1 1 3 1 1 12 1 1 1 1 14 1 9 1 1 1 |1 1 16 1 7 1 1 9 1 1 1 11 1 1 1 1 |7 1 1 14 1 4 1 12 1 1 15 1 1 11 1 9 |1 1 1 1 9 13 4 1 1 8 5 1 10 1 1 1 |2 1 6 1 3 2 4 13 9 7 1 5 1 10 1 1 |1 1 1 1 1 1 4 15 4 5 9 1 1 1 7 1 |1 1 1 1 1 1 1 1 1 3 15 1 1 11 1 1 |
5614: 1 1 1 8 8 5 1 1 1 1 1 4 1 1 7 1 |11 1 10 1 5 9 1 1 1 1 1 10 1 1 9 1 |1 1 8 1 1 1 13 7 4 1 2 7 1 1 1 1 |1 1 1 1 1 4 1 1 6 6 1 1 1 6 1 11 |1 1 1 1 1 7 1 1 1 1 1 1 10 1 14 6 |1 1 3 1 1 12 1 1 1 1 14 1 9 1 1 1 |1 1 16 1 7 1 1 9 1 1 1 11 1 1 1 1 |7 1 1 14 1 4 1 12 1 1 15 1 1 11 1 9 |1 1 1 1 9 13 4 1 1 8 5 1 10 1 1 1 |2 1 6 1 3 2 4 13 9 7 1 5 1 10 1 1 |1 1 1 1 1 1 4 15 4 5 9 1 1 1 7 1 |1 1 1 1 1 1 1 1 1 3 15 1 1 11 1 1 |
5625: 1 1 1 7 1 1 1 13 1 1 1 1 1 1 2 1 |3 1 1 1 5 1 1 1 1 1 1 11 1 1 12 1 |1 1 7 1 1 1 1 2 6 1 1 8 1 1 1 1 |1 1 1 3 1 1 1 1 6 5 1 1 1 7 1 11 |1 1 3 1 1 1 1 1 1 1 1 1 9 3 13 6 |1 1 3 1 1 12 1 1 1 1 14 1 9 1 1 1 |1 1 16 1 7 1 1 9 1 1 1 11 1 1 1 1 |7 1 1 14 1 4 1 12 1 1 15 1 1 11 1 9 |1 1 1 1 9 13 4 1 1 8 5 1 10 1 1 1 |2 1 6 1 3 2 4 13 9 7 1 5 1 10 1 1 |1 1 1 1 1 1 4 15 4 5 9 1 1 1 7 1 |1 1 1 1 1 1 1 1 1 3 15 1 1 11 1 1 |
5637: 1 1 1 7 1 1 1 13 1 1 1 1 1 1 2 1 |3 1 1 1 5 1 1 1 1 1 1 11 1 1 12 1 |1 1 7 1 1 1 1 2 6 1 1 8 1 1 1 1 |1 1 1 3 1 1 1 1 6 5 1 1 1 7 1 11 |1 1 3 1 1 1 1 1 1 1 1 1 9 3 13 6 |1 1 1 1 4 11 1 1 1 1 12 1 10 1 1 1 |1 4 7 1 3 1 1 8 1 1 1 12 1 1 1 1 |1 1 1 14 1 1 1 14 1 1 15 1 1 12 1 1 |1 1 1 1 1 1 3 1 10 9 9 1 1 1 6 5 |1 1 1 1 1 1 1 12 4 7 1 5 1 3 1 1 |1 1 3 1 1 1 1 15 1 1 9 5 1 1 7 1 |1 1 1 1 1 1 1 1 1 3 14 1 1 13 1 10 |
5647: 1 1 1 7 1 1 1 13 1 1 1 1 1 1 2 1 |3 1 1 1 5 1 1 1 1 1 1 11 1 1 12 1 |1 1 7 1 1 1 1 2 6 1 1 8 1 1 1 1 |1 1 1 3 1 1 1 1 6 5 1 1 1 7 1 11 |1 1 3 1 1 1 1 1 1 1 1 1 9 3 13 6 |1 1 1 1 4 11 1 1 1 1 12 1 10 1 1 1 |1 4 7 1 3 1 1 8 1 1 1 12 1 1 1 1 |1 1 1 14 1 1 1 14 1 1 15 1 1 12 1 1 |1 1 1 1 1 1 3 1 10 9 9 1 1 1 6 5 |1 1 1 1 1 1 1 12 4 7 1 5 1 3 1 1 |1 1 3 1 1 1 1 15 1 1 9 5 1 1 7 1 |1 1 1 1 1 1 1 1 1 3 14 1 1 13 1 10 |
5658: 1 1 1 1 7 6 10 14 1 1 1 1 1 1 7 1 |2 1 7 1 1 10 1 1 1 1 1 11 1 1 14 1 |1 1 10 1 1 6 1 9 4 1 1 1 1 1 1 1 |1 1 1 1 1 1 1 1 8 7 1 1 1 6 1 10 |1 1 3 1 1 1 1 1 1 1 1 1 9 3 13 6 |1 1 1 1 4 11 1 1 1 1 12 1 10 1 1 1 |1 4 7 1 3 1 1 8 1 1 1 12 1 1 1 1 |1 1 1 14 1 1 1 14 1 1 15 1 1 12 1 1 |1 1 1 1 1 1 3 1 10 9 9 1 1 1 6 5 |1 1 1 1 1 1 1 12 4 7 1 5 1 3 1 1 |1 1 3 1 1 1 1 15 1 1 9 5 1 1 7 1 |1 1 1 1 1 1 1 1 1 3 14 1 1 13 1 10 |
5669: 1 1 1 1 7 6 10 14 1 1 1 1 1 1 7 1 |2 1 7 1 1 10 1 1 1 1 1 11 1 1 14 1 |1 1 10 1 1 6 1 9 4 1 1 1 1 1 1 1 |1 1 1 1 1 1 1 1 8 7 1 1 1 6 1 10 |1 1 1 1 1 7 10 1 1 1 1 1 10 1 15 6 |1 1 1 1 3 9 1 4 1 1 14 1 8 1 1 1 |1 10 8 1 1 1 1 1 1 1 1 12 1 3 1 1 |1 1 5 1 1 5 3 11 1 1 12 1 1 14 1 9 |1 1 1 1 1 14 10 3 1 9 5 1 11 1 1 1 |1 1 1 1 1 1 5 11 8 7 1 6 1 8 1 8 |1 1 1 1 1 1 1 12 6 4 1 2 1 1 3 1 |1 6 1 1 1 15 11 1 1 1 17 1 1 11 1 1 |
5680: 1 1 1 1 7 6 10 14 1 1 1 1 1 1 7 1 |2 1 7 1 1 10 1 1 1 1 1 11 1 1 14 1 |1 1 10 1 1 6 1 9 4 1 1 1 1 1 1 1 |1 1 1 1 1 1 1 1 8 7 1 1 1 6 1 10 |1 1 1 1 1 7 10 1 1 1 1 1 10 1 15 6 |1 1 1 1 3 9 1 4 1 1 14 1 8 1 1 1 |1 10 8 1 1 1 1 1 1 1 1 12 1 3 1 1 |1 1 5 1 1 5 3 11 1 1 12 1 1 14 1 9 |1 1 1 1 1 14 10 3 1 9 5 1 11 1 1 1 |1 1 1 1 1 1 5 11 8 7 1 6 1 8 1 8 |1 1 1 1 1 1 1 12 6 4 1 2 1 1 3 1 |1 6 1 1 1 15 11 1 1 1 17 1 1 11 1 1 |
5691: 1 1 1 6 5 6 11 10 1 1 1 1 1 1 4 8 |2 1 6 1 5 9 1 1 1 1 4 10 1 1 14 1 |1 1 9 1 1 7 3 8 5 1 7 1 1 1 1 2 |1 1 5 2 1 5 1 1 8 8 1 1 1 6 1 11 |1 1 1 1 1 7 10 1 1 1 1 1 10 1 15 6 |1 1 1 1 3 9 1 4 1 1 14 1 8 1 1 1 |1 10 8 1 1 1 1 1 1 1 1 12 1 3 1 1 |1 1 5 1 1 5 3 11 1 1 12 1 1 14 1 9 |1 1 1 1 1 14 10 3 1 9 5 1 11 1 1 1 |1 1 1 1 1 1 5 11 8 7 1 6 1 8 1 8 |1 1 1 1 1 1 1 12 6 4 1 2 1 1 3 1 |1 6 1 1 1 15 11 1 1 1 17 1 1 11 1 1 |
5702: 1 1 1 6 5 6 11 10 1 1 1 1 1 1 4 8 |2 1 6 1 5 9 1 1 1 1 4 10 1 1 14 1 |1 1 9 1 1 7 3 8 5 1 7 1 1 1 1 2 |1 1 5 2 1 5 1 1 8 8 1 1 1 6 1 11 |1 1 1 1 1 8 1 1 1 1 1 1 11 1 13 12 |1 1 1 1 10 10 1 5 1 1 15 1 9 1 1 1 |1 1 1 1 1 1 1 9 1 5 2 12 1 1 1 1 |1 1 3 6 1 4 10 1 1 1 9 1 1 12 4 8 |1 1 1 1 12 14 10 5 1 9 6 1 13 1 8 4 |1 6 1 1 2 1 1 14 2 14 1 4 1 7 1 7 |1 1 1 1 1 1 1 17 4 9 6 1 1 2 8 1 |1 1 1 12 1 14 7 1 1 6 15 1 1 1 1 9 |
5713: 1 1 1 6 5 6 11 10 1 1 1 1 1 1 4 8 |2 1 6 1 5 9 1 1 1 1 4 10 1 1 14 1 |1 1 9 1 1 7 3 8 5 1 7 1 1 1 1 2 |1 1 5 2 1 5 1 1 8 8 1 1 1 6 1 11 |1 1 1 1 1 8 1 1 1 1 1 1 11 1 13 12 |1 1 1 1 10 10 1 5 1 1 15 1 9 1 1 1 |1 1 1 1 1 1 1 9 1 5 2 12 1 1 1 1 |1 1 3 6 1 4 10 1 1 1 9 1 1 12 4 8 |1 1 1 1 12 14 10 5 1 9 6 1 13 1 8 4 |1 6 1 1 2 1 1 14 2 14 1 4 1 7 1 7 |1 1 1 1 1 1 1 17 4 9 6 1 1 2 8 1 |1 1 1 12 1 14 7 1 1 6 15 1 1 1 1 9 |
5724: 1 1 1 1 1 1 1 1 1 1 1 1 1 1 10 1 |2 1 1 1 3 11 1 1 1 1 1 1 1 3 12 1 |1 1 7 1 1 8 9 9 5 1 1 7 1 1 1 1 |1 1 5 2 1 5 1 1 8 8 1 1 1 6 1 11 |1 1 1 1 1 8 1 1 1 1 1 1 11 1 13 12 |1 1 1 1 10 10 1 5 1 1 15 1 9 1 1 1 |1 1 1 1 1 1 1 9 1 5 2 12 1 1 1 1 |1 1 3 6 1 4 10 1 1 1 9 1 1 12 4 8 |1 1 1 1 12 14 10 5 1 9 6 1 13 1 8 4 |1 6 1 1 2 1 1 14 2 14 1 4 1 7 1 7 |1 1 1 1 1 1 1 17 4 9 6 1 1 2 8 1 |1 1 1 12 1 14 7 1 1 6 15 1 1 1 1 9 |
5735: 1 1 1 1 1 1 1 1 1 1 1 1 1 1 10 1 |2 1 1 1 3 11 1 1 1 1 1 1 1 3 12 1 |1 1 7 1 1 8 9 9 5 1 1 7 1 1 1 1 |1 1 1 1 1 1 8 1 7 6 1 1 1 8 1 8 |1 1 2 1 1 8 9 1 1 1 1 1 10 1 13 12 |1 1 1 1 4 10 1 1 1 1 1 1 10 1 1 1 |1 4 8 1 6 1 1 8 1 1 1 11 1 1 1 1 |1 1 1 12 1 1 7 10 1 1 14 1 1 14 1 1 |1 1 1 1 10 6 14 1 1 1 2 1 12 1 4 1 |1 1 1 1 1 1 1 13 7 12 1 1 1 7 1 6 |1 1 1 13 1 1 1 15 4 6 11 5 1 1 8 2 |1 8 1 7 1 1 2 2 1 2 17 1 1 12 1 1 |
5745: 1 1 1 1 1 1 1 1 1 1 1 1 1 1 10 1 |2 1 1 1 3 11 1 1 1 1 1 1 1 3 12 1 |1 1 7 1 1 8 9 9 5 1 1 7 1 1 1 1 |1 1 1 1 1 1 8 1 7 6 1 1 1 8 1 8 |1 1 2 1 1 8 9 1 1 1 1 1 10 1 13 12 |1 1 1 1 4 10 1 1 1 1 1 1 10 1 1 1 |1 4 8 1 6 1 1 8 1 1 1 11 1 1 1 1 |1 1 1 12 1 1 7 10 1 1 14 1 1 14 1 1 |1 1 1 1 10 6 14 1 1 1 2 1 12 1 4 1 |1 1 1 1 1 1 1 13 7 12 1 1 1 7 1 6 |1 1 1 13 1 1 1 15 4 6 11 5 1 1 8 2 |1 8 1 7 1 1 2 2 1 2 17 1 1 12 1 1 |
5756: 5 1 1 6 7 4 8 6 1 1 1 4 1 1 8 1 |2 1 1 1 3 11 1 1 1 1 1 1 1 3 12 1 |1 1 7 1 1 8 9 9 5 1 1 7 1 1 1 1 |1 1 1 1 1 1 8 1 7 6 1 1 1 8 1 8 |1 1 2 1 1 8 9 1 1 1 1 1 10 1 13 12 |1 1 1 1 4 10 1 1 1 1 1 1 10 1 1 1 |1 4 8 1 6 1 1 8 1 1 1 11 1 1 1 1 |1 1 1 12 1 1 7 10 1 1 14 1 1 14 1 1 |1 1 1 1 10 6 14 1 1 1 2 1 12 1 4 1 |1 1 1 1 1 1 1 13 7 12 1 1 1 7 1 6 |1 1 1 13 1 1 1 15 4 6 11 5 1 1 8 2 |1 8 1 7 1 1 2 2 1 2 17 1 1 12 1 1 |
5767: 5 1 1 6 7 4 8 6 1 1 1 4 1 1 8 1 |1 1 8 1 1 11 1 1 1 1 1 9 1 1 12 1 |1 1 7 1 1 9 1 7 6 1 1 9 1 1 1 2 |1 1 1 3 1 5 1 1 8 1 1 1 12 6 1 10 |1 1 1 1 8 9 9 1 1 1 1 1 10 1 7 7 |1 1 1 1 5 9 1 1 1 1 14 1 9 1 1 1 |1 4 8 1 1 1 1 1 1 1 10 2 1 1 1 1 |1 1 5 1 1 1 1 14 1 1 15 1 1 12 1 9 |1 16 1 1 12 13 5 11 6 1 2 1 13 1 8 4 |1 1 4 1 1 1 6 13 8 12 1 5 1 1 1 1 |1 1 1 6 1 1 1 15 6 4 5 1 1 1 9 1 |1 8 1 7 1 1 2 2 1 2 17 1 1 12 1 1 |
5778: 5 1 1 6 7 4 8 6 1 1 1 4 1 1 8 1 |1 1 8 1 1 11 1 1 1 1 1 9 1 1 12 1 |1 1 7 1 1 9 1 7 6 1 1 9 1 1 1 2 |1 1 1 3 1 5 1 1 8 1 1 1 12 6 1 10 |1 1 1 1 8 9 9 1 1 1 1 1 10 1 7 7 |1 1 1 1 5 9 1 1 1 1 14 1 9 1 1 1 |1 4 8 1 1 1 1 1 1 1 10 2 1 1 1 1 |1 1 5 1 1 1 1 14 1 1 15 1 1 12 1 9 |1 16 1 1 12 13 5 11 6 1 2 1 13 1 8 4 |1 1 4 1 1 1 6 13 8 12 1 5 1 1 1 1 |1 1 1 6 1 1 1 15 6 4 5 1 1 1 9 1 |1 5 1 9 1 14 8 1 1 6 15 1 1 12 1 1 |
5788: 1 1 1 8 6 7 3 1 1 1 1 1 1 1 7 1 |4 1 8 1 5 1 1 2 1 1 1 5 1 1 11 1 |1 1 7 1 1 9 11 6 5 1 1 7 1 1 1 1 |1 1 1 3 1 5 1 1 8 1 1 1 12 6 1 10 |1 1 1 1 8 9 9 1 1 1 1 1 10 1 7 7 |1 1 1 1 5 9 1 1 1 1 14 1 9 1 1 1 |1 4 8 1 1 1 1 1 1 1 10 2 1 1 1 1 |1 1 5 1 1 1 1 14 1 1 15 1 1 12 1 9 |1 16 1 1 12 13 5 11 6 1 2 1 13 1 8 4 |1 1 4 1 1 1 6 13 8 12 1 5 1 1 1 1 |1 1 1 6 1 1 1 15 6 4 5 1 1 1 9 1 |1 5 1 9 1 14 8 1 1 6 15 1 1 12 1 1 |
5799: 1 1 1 8 6 7 3 1 1 1 1 1 1 1 7 1 |4 1 8 1 5 1 1 2 1 1 1 5 1 1 11 1 |1 1 7 1 1 9 11 6 5 1 1 7 1 1 1 1 |1 1 1 2 1 5 8 1 9 5 1 1 1 6 1 9 |1 1 1 1 1 9 1 1 1 1 1 1 12 1 13 12 |1 1 1 1 1 10 1 1 1 1 12 1 9 1 1 1 |1 13 8 1 1 1 1 9 1 6 10 8 1 1 1 1 |1 1 4 7 1 1 13 9 1 1 14 1 1 12 1 10 |1 1 1 2 13 13 10 6 1 9 8 1 13 1 1 1 |1 1 4 1 1 1 6 13 8 12 1 5 1 1 1 1 |1 1 1 6 1 1 1 15 6 4 5 1 1 1 9 1 |1 5 1 9 1 14 8 1 1 6 15 1 1 12 1 1 |
5810: 1 1 1 8 6 7 3 1 1 1 1 1 1 1 7 1 |4 1 8 1 5 1 1 2 1 1 1 5 1 1 11 1 |1 1 7 1 1 9 11 6 5 1 1 7 1 1 1 1 |1 1 1 2 1 5 8 1 9 5 1 1 1 6 1 9 |1 1 1 1 1 9 1 1 1 1 1 1 12 1 13 12 |1 1 1 1 1 10 1 1 1 1 12 1 9 1 1 1 |1 13 8 1 1 1 1 9 1 6 10 8 1 1 1 1 |1 1 4 7 1 1 13 9 1 1 14 1 1 12 1 10 |1 1 1 2 13 13 10 6 1 9 8 1 13 1 1 1 |1 1 3 1 1 1 1 13 7 12 1 1 1 9 1 8 |7 1 1 1 1 1 1 15 1 1 7 1 1 1 8 1 |1 1 1 1 1 14 6 1 1 1 16 1 1 4 1 1 |
5821: 1 1 1 5 1 1 1 13 1 1 1 1 1 1 5 1 |4 1 8 1 5 1 1 2 1 1 1 5 1 1 11 1 |1 1 7 1 1 9 11 6 5 1 1 7 1 1 1 1 |1 1 1 2 1 5 8 1 9 5 1 1 1 6 1 9 |1 1 1 1 1 9 1 1 1 1 1 1 12 1 13 12 |1 1 1 1 1 10 1 1 1 1 12 1 9 1 1 1 |1 13 8 1 1 1 1 9 1 6 10 8 1 1 1 1 |1 1 4 7 1 1 13 9 1 1 14 1 1 12 1 10 |1 1 1 2 13 13 10 6 1 9 8 1 13 1 1 1 |1 1 3 1 1 1 1 13 7 12 1 1 1 9 1 8 |7 1 1 1 1 1 1 15 1 1 7 1 1 1 8 1 |1 1 1 1 1 14 6 1 1 1 16 1 1 4 1 1 |
5832: 1 1 1 5 1 1 1 13 1 1 1 1 1 1 5 1 |1 1 7 1 6 1 1 1 1 1 1 9 1 1 13 1 |1 1 7 1 3 2 1 8 2 1 1 7 1 1 1 2 |1 1 1 3 1 5 8 1 6 6 1 1 1 6 1 10 |1 1 1 1 1 9 8 1 1 1 1 1 9 1 14 5 |1 1 1 1 6 9 1 1 1 1 10 1 8 2 1 1 |1 5 8 1 1 1 1 8 1 1 1 10 1 1 1 1 |1 5 14 13 1 1 1 4 1 1 8 1 1 14 1 1 |1 1 1 1 11 3 5 10 1 9 3 1 13 1 1 1 |1 1 3 1 1 1 1 13 7 12 1 1 1 9 1 8 |7 1 1 1 1 1 1 15 1 1 7 1 1 1 8 1 |1 1 1 1 1 14 6 1 1 1 16 1 1 4 1 1 |
5843: 1 1 1 5 1 1 1 13 1 1 1 1 1 1 5 1 |1 1 7 1 6 1 1 1 1 1 1 9 1 1 13 1 |1 1 7 1 3 2 1 8 2 1 1 7 1 1 1 2 |1 1 1 3 1 5 8 1 6 6 1 1 1 6 1 10 |1 1 1 1 1 9 8 1 1 1 1 1 9 1 14 5 |1 1 1 1 6 9 1 1 1 1 10 1 8 2 1 1 |1 5 8 1 1 1 1 8 1 1 1 10 1 1 1 1 |1 5 14 13 1 1 1 4 1 1 8 1 1 14 1 1 |1 1 1 1 11 3 5 10 1 9 3 1 13 1 1 1 |1 1 1 1 1 1 6 13 4 12 1 1 1 10 1 1 |1 2 1 1 1 1 1 12 5 5 12 8 1 1 1 1 |1 1 1 1 1 5 1 1 1 5 13 1 1 11 1 12 |
5854: 1 1 1 5 1 1 1 13 1 1 1 1 1 1 5 1 |1 1 7 1 6 1 1 1 1 1 1 9 1 1 13 1 |1 1 7 1 3 2 1 8 2 1 1 7 1 1 1 2 |1 1 1 3 1 5 8 1 6 6 1 1 1 6 1 10 |1 1 1 1 1 9 8 1 1 1 1 1 9 1 14 5 |1 1 1 1 6 9 1 1 1 1 10 1 8 2 1 1 |1 5 8 1 1 1 1 8 1 1 1 10 1 1 1 1 |1 5 14 13 1 1 1 4 1 1 8 1 1 14 1 1 |1 1 1 1 11 3 5 10 1 9 3 1 13 1 1 1 |1 1 1 1 1 1 6 13 4 12 1 1 1 10 1 1 |1 2 1 1 1 1 1 12 5 5 12 8 1 1 1 1 |1 1 1 1 1 5 1 1 1 5 13 1 1 11 1 12 |
5865: 3 1 1 1 8 5 8 4 1 1 1 5 1 1 6 1 |1 1 3 1 1 9 1 1 1 1 1 2 1 1 1 1 |1 1 1 1 1 9 12 8 8 1 2 6 1 1 1 2 |1 1 1 3 1 5 1 1 8 5 1 1 1 3 1 11 |1 1 1 1 10 7 1 1 1 1 1 1 13 1 8 13 |1 1 1 1 5 4 1 4 1 1 12 1 11 1 1 1 |1 12 7 1 1 1 1 1 1 1 1 11 1 3 1 1 |1 1 2 1 1 5 4 14 1 1 3 1 1 14 1 1 |1 1 1 1 11 3 5 10 1 9 3 1 13 1 1 1 |1 1 1 1 1 1 6 13 4 12 1 1 1 10 1 1 |1 2 1 1 1 1 1 12 5 5 12 8 1 1 1 1 |1 1 1 1 1 5 1 1 1 5 13 1 1 11 1 12 |
5875: 3 1 1 1 8 5 8 4 1 1 1 5 1 1 6 1 |1 1 3 1 1 9 1 1 1 1 1 2 1 1 1 1 |1 1 1 1 1 9 12 8 8 1 2 6 1 1 1 2 |1 1 1 3 1 5 1 1 8 5 1 1 1 3 1 11 |1 1 1 1 10 7 1 1 1 1 1 1 13 1 8 13 |1 1 1 1 5 4 1 4 1 1 12 1 11 1 1 1 |1 12 7 1 1 1 1 1 1 1 1 11 1 3 1 1 |1 1 2 1 1 5 4 14 1 1 3 1 1 14 1 1 |1 9 1 1 11 9 1 11 7 1 1 1 1 2 1 1 |4 1 1 1 2 1 1 16 6 16 1 5 1 6 1 1 |1 1 1 5 1 1 1 14 5 7 10 1 1 1 10 1 |1 8 1 2 1 15 7 10 1 3 9 1 1 14 1 1 |
5886: 3 1 1 1 8 5 8 4 1 1 1 5 1 1 6 1 |1 1 3 1 1 9 1 1 1 1 1 2 1 1 1 1 |1 1 1 1 1 9 12 8 8 1 2 6 1 1 1 2 |1 1 1 3 1 5 1 1 8 5 1 1 1 3 1 11 |1 1 1 1 10 7 1 1 1 1 1 1 13 1 8 13 |1 1 1 1 5 4 1 4 1 1 12 1 11 1 1 1 |1 12 7 1 1 1 1 1 1 1 1 11 1 3 1 1 |1 1 2 1 1 5 4 14 1 1 3 1 1 14 1 1 |1 9 1 1 11 9 1 11 7 1 1 1 1 2 1 1 |4 1 1 1 2 1 1 16 6 16 1 5 1 6 1 1 |1 1 1 5 1 1 1 14 5 7 10 1 1 1 10 1 |1 8 1 2 1 15 7 10 1 3 9 1 1 14 1 1 |
5897: 1 1 5 4 7 5 1 13 1 1 1 4 1 1 2 1 |1 1 8 1 5 5 1 1 1 1 1 11 1 3 12 1 |1 1 7 1 1 8 12 6 6 1 7 8 1 1 1 2 |1 1 1 4 1 3 4 1 7 6 1 1 11 6 1 10 |1 1 1 1 1 9 1 1 1 1 1 1 12 1 12 5 |1 1 1 1 1 10 1 1 1 1 14 1 10 1 2 1 |1 1 1 1 6 1 1 10 1 5 8 2 1 1 1 1 |1 1 2 1 1 1 5 14 1 1 9 1 1 3 1 9 |1 9 1 1 11 9 1 11 7 1 1 1 1 2 1 1 |4 1 1 1 2 1 1 16 6 16 1 5 1 6 1 1 |1 1 1 5 1 1 1 14 5 7 10 1 1 1 10 1 |1 8 1 2 1 15 7 10 1 3 9 1 1 14 1 1 |
5908: 1 1 5 4 7 5 1 13 1 1 1 4 1 1 2 1 |1 1 8 1 5 5 1 1 1 1 1 11 1 3 12 1 |1 1 7 1 1 8 12 6 6 1 7 8 1 1 1 2 |1 1 1 4 1 3 4 1 7 6 1 1 11 6 1 10 |1 1 1 1 1 9 1 1 1 1 1 1 12 1 12 5 |1 1 1 1 1 10 1 1 1 1 14 1 10 1 2 1 |1 1 1 1 6 1 1 10 1 5 8 2 1 1 1 1 |1 1 2 1 1 1 5 14 1 1 9 1 1 3 1 9 |1 1 1 5 11 9 11 5 1 1 1 1 1 1 7 1 |1 3 1 1 1 1 1 14 7 15 1 6 1 1 1 1 |7 1 1 1 1 1 1 13 1 1 12 8 1 1 1 1 |1 1 1 1 1 16 7 1 1 5 13 1 1 1 1 1 |
5919: 1 1 5 4 7 5 1 13 1 1 1 4 1 1 2 1 |1 1 8 1 5 5 1 1 1 1 1 11 1 3 12 1 |1 1 7 1 1 8 12 6 6 1 7 8 1 1 1 2 |1 1 1 4 1 3 4 1 7 6 1 1 11 6 1 10 |1 1 1 1 1 9 1 1 1 1 1 1 12 1 12 5 |1 1 1 1 1 10 1 1 1 1 14 1 10 1 2 1 |1 1 1 1 6 1 1 10 1 5 8 2 1 1 1 1 |1 1 2 1 1 1 5 14 1 1 9 1 1 3 1 9 |1 1 1 5 11 9 11 5 1 1 1 1 1 1 7 1 |1 3 1 1 1 1 1 14 7 15 1 6 1 1 1 1 |7 1 1 1 1 1 1 13 1 1 12 8 1 1 1 1 |1 1 1 1 1 16 7 1 1 5 13 1 1 1 1 1 |
5930: 1 1 1 1 1 7 6 1 1 1 1 6 1 1 5 1 |1 1 1 1 7 1 1 1 1 1 1 11 1 1 11 1 |1 1 8 1 1 6 1 2 5 1 1 1 1 1 1 1 |1 1 1 1 3 4 2 1 6 9 1 6 11 5 1 12 |1 8 1 1 1 7 7 1 1 1 1 1 10 1 13 5 |1 1 1 1 5 1 2 1 1 1 1 1 8 1 2 1 |1 1 1 1 6 1 1 10 1 5 8 2 1 1 1 1 |1 1 2 1 1 1 5 14 1 1 9 1 1 3 1 9 |1 1 1 5 11 9 11 5 1 1 1 1 1 1 7 1 |1 3 1 1 1 1 1 14 7 15 1 6 1 1 1 1 |7 1 1 1 1 1 1 13 1 1 12 8 1 1 1 1 |1 1 1 1 1 16 7 1 1 5 13 1 1 1 1 1 |
5941: 1 1 1 1 1 7 6 1 1 1 1 6 1 1 5 1 |1 1 1 1 7 1 1 1 1 1 1 11 1 1 11 1 |1 1 8 1 1 6 1 2 5 1 1 1 1 1 1 1 |1 1 1 1 3 4 2 1 6 9 1 6 11 5 1 12 |1 8 1 1 1 7 7 1 1 1 1 1 10 1 13 5 |1 1 1 1 5 1 2 1 1 1 1 1 8 1 2 1 |1 3 8 1 1 1 1 1 1 1 1 11 1 1 1 1 |2 1 1 13 1 1 6 10 1 2 8 1 1 14 1 1 |1 1 1 1 1 1 10 10 1 10 5 1 10 1 6 3 |1 1 1 1 1 1 1 13 9 8 1 4 1 7 1 6 |5 2 3 1 1 1 1 13 6 8 4 1 1 1 8 1 |1 1 1 1 1 12 1 8 1 4 16 1 1 13 1 12 |
5951: 1 1 1 1 1 7 6 1 1 1 1 6 1 1 5 1 |1 1 1 1 7 1 1 1 1 1 1 11 1 1 11 1 |1 1 8 1 1 6 1 2 5 1 1 1 1 1 1 1 |1 1 1 1 3 4 2 1 6 9 1 6 11 5 1 12 |1 8 1 1 1 7 7 1 1 1 1 1 10 1 13 5 |1 1 1 1 5 1 2 1 1 1 1 1 8 1 2 1 |1 3 8 1 1 1 1 1 1 1 1 11 1 1 1 1 |2 1 1 13 1 1 6 10 1 2 8 1 1 14 1 1 |1 1 1 1 1 1 10 10 1 10 5 1 10 1 6 3 |1 1 1 1 1 1 1 13 9 8 1 4 1 7 1 6 |5 2 3 1 1 1 1 13 6 8 4 1 1 1 8 1 |1 1 1 1 1 12 1 8 1 4 16 1 1 13 1 12 |
5962: 2 1 1 8 1 5 1 5 1 1 1 5 1 3 3 1 |1 1 10 1 1 1 1 1 1 1 1 13 8 1 13 1 |1 1 1 1 4 9 5 7 5 1 6 1 1 1 1 1 |1 1 1 3 1 5 1 1 5 9 1 1 1 6 1 10 |1 1 1 1 1 10 7 1 1 1 1 1 11 1 6 1 |1 1 4 1 6 10 1 1 1 1 12 1 10 1 1 1 |1 3 8 1 1 1 1 1 1 1 1 11 1 1 1 1 |2 1 1 13 1 1 6 10 1 2 8 1 1 14 1 1 |1 1 1 1 1 1 10 10 1 10 5 1 10 1 6 3 |1 1 1 1 1 1 1 13 9 8 1 4 1 7 1 6 |5 2 3 1 1 1 1 13 6 8 4 1 1 1 8 1 |1 1 1 1 1 12 1 8 1 4 16 1 1 13 1 12 |
5972: 2 1 1 8 1 5 1 5 1 1 1 5 1 3 3 1 |1 1 10 1 1 1 1 1 1 1 1 13 8 1 13 1 |1 1 1 1 4 9 5 7 5 1 6 1 1 1 1 1 |1 1 1 3 1 5 1 1 5 9 1 1 1 6 1 10 |1 1 1 1 1 10 7 1 1 1 1 1 11 1 6 1 |1 1 4 1 6 10 1 1 1 1 12 1 10 1 1 1 |1 4 10 1 1 1 1 7 1 1 1 13 1 2 1 3 |6 1 7 1 1 1 1 14 1 1 8 1 1 15 1 1 |1 8 1 1 2 16 6 10 1 10 8 2 3 1 1 1 |1 1 1 1 3 3 1 14 8 13 1 1 1 7 1 6 |7 1 1 14 1 1 1 14 4 5 10 4 1 1 7 1 |4 1 1 3 1 2 5 1 1 4 15 1 1 13 1 11 |
5982: 2 1 1 8 1 5 1 5 1 1 1 5 1 3 3 1 |1 1 10 1 1 1 1 1 1 1 1 13 8 1 13 1 |1 1 1 1 4 9 5 7 5 1 6 1 1 1 1 1 |1 1 1 3 1 5 1 1 5 9 1 1 1 6 1 10 |1 1 1 1 1 10 7 1 1 1 1 1 11 1 6 1 |1 1 4 1 6 10 1 1 1 1 12 1 10 1 1 1 |1 4 10 1 1 1 1 7 1 1 1 13 1 2 1 3 |6 1 7 1 1 1 1 14 1 1 8 1 1 15 1 1 |1 8 1 1 2 16 6 10 1 10 8 2 3 1 1 1 |1 1 1 1 3 3 1 14 8 13 1 1 1 7 1 6 |7 1 1 14 1 1 1 14 4 5 10 4 1 1 7 1 |4 1 1 3 1 2 5 1 1 4 15 1 1 13 1 11 |
5993: 1 1 1 7 7 5 9 8 1 1 1 7 1 1 1 1 |2 1 6 1 5 1 1 1 1 1 1 1 1 1 15 1 |1 1 7 1 4 6 4 7 5 1 1 7 1 1 1 1 |1 1 1 6 1 4 1 1 5 7 1 1 1 6 1 10 |1 1 1 1 1 7 10 1 1 1 1 1 8 1 15 5 |1 1 4 1 6 10 1 1 1 1 12 1 10 1 1 1 |1 4 10 1 1 1 1 7 1 1 1 13 1 2 1 3 |6 1 7 1 1 1 1 14 1 1 8 1 1 15 1 1 |1 8 1 1 2 16 6 10 1 10 8 2 3 1 1 1 |1 1 1 1 3 3 1 14 8 13 1 1 1 7 1 6 |7 1 1 14 1 1 1 14 4 5 10 4 1 1 7 1 |4 1 1 3 1 2 5 1 1 4 15 1 1 13 1 11 |
6003: 1 1 1 7 7 5 9 8 1 1 1 7 1 1 1 1 |2 1 6 1 5 1 1 1 1 1 1 1 1 1 15 1 |1 1 7 1 4 6 4 7 5 1 1 7 1 1 1 1 |1 1 1 6 1 4 1 1 5 7 1 1 1 6 1 10 |1 1 1 1 1 7 10 1 1 1 1 1 8 1 15 5 |1 1 1 1 1 11 1 1 1 1 12 1 9 1 2 1 |1 12 1 1 1 1 1 9 1 1 1 10 1 1 1 1 |1 1 3 14 1 1 1 14 1 1 14 1 1 14 1 1 |1 1 1 7 10 14 5 1 2 9 5 1 10 1 3 2 |1 1 2 1 2 3 1 13 8 15 1 5 1 7 1 7 |4 1 6 1 1 1 1 14 1 1 5 1 1 1 7 1 |1 1 1 1 1 1 13 5 1 2 16 1 1 1 1 1 |
6013: 1 1 1 7 7 5 9 8 1 1 1 7 1 1 1 1 |2 1 6 1 5 1 1 1 1 1 1 1 1 1 15 1 |1 1 7 1 4 6 4 7 5 1 1 7 1 1 1 1 |1 1 1 6 1 4 1 1 5 7 1 1 1 6 1 10 |1 1 1 1 1 7 10 1 1 1 1 1 8 1 15 5 |1 1 1 1 1 11 1 1 1 1 12 1 9 1 2 1 |1 12 1 1 1 1 1 9 1 1 1 10 1 1 1 1 |1 1 3 14 1 1 1 14 1 1 14 1 1 14 1 1 |1 1 1 7 10 14 5 1 2 9 5 1 10 1 3 2 |1 1 2 1 2 3 1 13 8 15 1 5 1 7 1 7 |4 1 6 1 1 1 1 14 1 1 5 1 1 1 7 1 |1 1 1 1 1 1 13 5 1 2 16 1 1 1 1 1 |
6024: 1 1 1 7 7 5 9 8 1 1 1 7 1 1 1 1 |2 1 6 1 5 1 1 1 1 1 1 1 1 1 15 1 |1 1 7 1 4 6 4 7 5 1 1 7 1 1 1 1 |1 1 1 6 1 4 1 1 5 7 1 1 1 6 1 10 |1 1 1 1 1 7 10 1 1 1 1 1 8 1 15 5 |1 1 1 1 1 11 1 1 1 1 12 1 9 1 2 1 |1 12 1 1 1 1 1 9 1 1 1 10 1 1 1 1 |1 1 3 14 1 1 1 14 1 1 14 1 1 14 1 1 |1 1 1 7 10 14 5 1 2 9 5 1 10 1 3 2 |1 1 2 1 2 3 1 13 8 15 1 5 1 7 1 7 |4 1 6 1 1 1 1 14 1 1 5 1 1 1 7 1 |1 1 1 1 1 1 13 5 1 2 16 1 1 1 1 1 |
6056: 3 1 1 1 1 1 9 9 1 6 1 6 1 1 7 1 |3 1 9 1 1 11 1 1 1 1 1 12 7 1 14 1 |1 1 9 1 6 8 12 2 7 1 1 1 1 1 1 1 |1 1 1 5 1 1 6 1 10 1 1 6 12 8 1 1 |1 2 1 1 5 7 8 1 1 1 1 1 11 1 12 6 |1 1 1 1 7 11 1 1 1 1 11 1 11 1 1 1 |1 3 9 1 1 1 1 5 1 1 10 3 1 1 1 1 |1 1 3 14 1 1 1 14 1 1 14 1 1 14 1 1 |1 1 1 7 10 14 5 1 2 9 5 1 10 1 3 2 |1 1 2 1 2 3 1 13 8 15 1 5 1 7 1 7 |4 1 6 1 1 1 1 14 1 1 5 1 1 1 7 1 |1 1 1 1 1 1 13 5 1 2 16 1 1 1 1 1 |
6067: 3 1 1 1 1 1 9 9 1 6 1 6 1 1 7 1 |3 1 9 1 1 11 1 1 1 1 1 12 7 1 14 1 |1 1 9 1 6 8 12 2 7 1 1 1 1 1 1 1 |1 1 1 5 1 1 6 1 10 1 1 6 12 8 1 1 |1 2 1 1 5 7 8 1 1 1 1 1 11 1 12 6 |1 1 1 1 7 11 1 1 1 1 11 1 11 1 1 1 |1 3 9 1 1 1 1 5 1 1 10 3 1 1 1 1 |6 1 7 16 1 1 1 12 1 1 15 1 1 7 1 8 |1 1 1 1 1 15 9 5 2 1 1 3 1 1 2 1 |2 1 5 1 1 1 2 14 3 1 1 5 1 8 1 1 |1 1 1 6 1 1 1 16 1 2 11 3 2 1 1 2 |1 2 1 1 1 3 5 1 1 3 15 1 1 1 1 2 |
6078: 3 1 1 1 1 1 9 9 1 6 1 6 1 1 7 1 |3 1 9 1 1 11 1 1 1 1 1 12 7 1 14 1 |1 1 9 1 6 8 12 2 7 1 1 1 1 1 1 1 |1 1 1 5 1 1 6 1 10 1 1 6 12 8 1 1 |1 2 1 1 5 7 8 1 1 1 1 1 11 1 12 6 |1 1 1 1 7 11 1 1 1 1 11 1 11 1 1 1 |1 3 9 1 1 1 1 5 1 1 10 3 1 1 1 1 |6 1 7 16 1 1 1 12 1 1 15 1 1 7 1 8 |1 1 1 1 1 15 9 5 2 1 1 3 1 1 2 1 |2 1 5 1 1 1 2 14 3 1 1 5 1 8 1 1 |1 1 1 6 1 1 1 16 1 2 11 3 2 1 1 2 |1 2 1 1 1 3 5 1 1 3 15 1 1 1 1 2 |
6089: 1 1 1 8 5 1 1 1 1 3 1 1 1 1 8 1 |1 1 7 1 1 5 1 1 1 1 1 9 6 1 14 1 |1 1 8 1 1 8 5 1 4 1 1 7 1 1 1 1 |1 1 1 4 1 1 1 1 5 9 1 1 1 6 1 11 |1 1 1 1 1 8 6 1 1 1 1 1 11 1 13 6 |1 1 1 1 5 12 1 1 1 1 14 1 9 1 1 1 |1 11 9 1 6 1 1 8 1 1 1 10 1 1 1 9 |6 1 7 16 1 1 1 12 1 1 15 1 1 7 1 8 |1 1 1 1 1 15 9 5 2 1 1 3 1 1 2 1 |2 1 5 1 1 1 2 14 3 1 1 5 1 8 1 1 |1 1 1 6 1 1 1 16 1 2 11 3 2 1 1 2 |1 2 1 1 1 3 5 1 1 3 15 1 1 1 1 2 |
6099: 1 1 1 8 5 1 1 1 1 3 1 1 1 1 8 1 |1 1 7 1 1 5 1 1 1 1 1 9 6 1 14 1 |1 1 8 1 1 8 5 1 4 1 1 7 1 1 1 1 |1 1 1 4 1 1 1 1 5 9 1 1 1 6 1 11 |1 1 1 1 1 8 6 1 1 1 1 1 11 1 13 6 |1 1 1 1 5 12 1 1 1 1 14 1 9 1 1 1 |1 11 9 1 6 1 1 8 1 1 1 10 1 1 1 9 |5 1 5 12 1 3 2 12 1 1 15 1 1 11 1 10 |1 1 1 1 12 14 5 1 2 1 1 1 1 1 1 1 |1 1 1 1 1 7 1 13 8 13 1 6 1 7 1 2 |1 1 1 1 1 1 1 16 6 4 11 4 1 1 8 1 |1 5 1 7 1 12 3 3 1 3 17 1 1 1 1 1 |
6111: 1 1 1 8 5 1 1 1 1 3 1 1 1 1 8 1 |1 1 7 1 1 5 1 1 1 1 1 9 6 1 14 1 |1 1 8 1 1 8 5 1 4 1 1 7 1 1 1 1 |1 1 1 4 1 1 1 1 5 9 1 1 1 6 1 11 |1 1 1 1 1 8 6 1 1 1 1 1 11 1 13 6 |1 1 1 1 5 12 1 1 1 1 14 1 9 1 1 1 |1 11 9 1 6 1 1 8 1 1 1 10 1 1 1 9 |5 1 5 12 1 3 2 12 1 1 15 1 1 11 1 10 |1 1 1 1 12 14 5 1 2 1 1 1 1 1 1 1 |1 1 1 1 1 7 1 13 8 13 1 6 1 7 1 2 |1 1 1 1 1 1 1 16 6 4 11 4 1 1 8 1 |1 5 1 7 1 12 3 3 1 3 17 1 1 1 1 1 |
6122: 1 1 1 9 7 7 8 12 1 2 1 6 1 2 6 5 |2 1 9 1 1 1 1 1 1 1 1 13 1 1 9 1 |1 1 8 1 1 6 12 9 6 1 8 1 1 1 1 3 |1 1 1 5 1 6 10 1 6 1 1 1 1 5 1 11 |1 1 1 1 1 12 7 1 1 1 1 1 10 1 7 7 |1 1 1 1 4 11 1 3 1 1 13 1 9 1 1 1 |1 11 9 1 6 1 1 8 1 1 1 10 1 1 1 9 |5 1 5 12 1 3 2 12 1 1 15 1 1 11 1 10 |1 1 1 1 12 14 5 1 2 1 1 1 1 1 1 1 |1 1 1 1 1 7 1 13 8 13 1 6 1 7 1 2 |1 1 1 1 1 1 1 16 6 4 11 4 1 1 8 1 |1 5 1 7 1 12 3 3 1 3 17 1 1 1 1 1 |
6133: 1 1 1 9 7 7 8 12 1 2 1 6 1 2 6 5 |2 1 9 1 1 1 1 1 1 1 1 13 1 1 9 1 |1 1 8 1 1 6 12 9 6 1 8 1 1 1 1 3 |1 1 1 5 1 6 10 1 6 1 1 1 1 5 1 11 |1 1 1 1 1 12 7 1 1 1 1 1 10 1 7 7 |1 1 1 1 4 11 1 3 1 1 13 1 9 1 1 1 |1 5 8 1 1 1 1 10 1 1 1 10 1 1 1 1 |1 1 8 12 1 1 1 13 1 1 15 1 1 12 1 1 |1 1 1 1 2 8 1 1 13 9 4 1 1 1 8 2 |3 1 1 1 2 1 1 1 1 14 1 5 1 7 1 6 |1 1 3 1 9 1 1 13 5 8 10 4 1 1 8 1 |1 1 1 5 1 13 6 1 1 5 15 1 1 1 1 1 |
6144: 1 1 1 9 7 7 8 12 1 2 1 6 1 2 6 5 |2 1 9 1 1 1 1 1 1 1 1 13 1 1 9 1 |1 1 8 1 1 6 12 9 6 1 8 1 1 1 1 3 |1 1 1 5 1 6 10 1 6 1 1 1 1 5 1 11 |1 1 1 1 1 12 7 1 1 1 1 1 10 1 7 7 |1 1 1 1 4 11 1 3 1 1 13 1 9 1 1 1 |1 5 8 1 1 1 1 10 1 1 1 10 1 1 1 1 |1 1 8 12 1 1 1 13 1 1 15 1 1 12 1 1 |1 1 1 1 2 8 1 1 13 9 4 1 1 1 8 2 |3 1 1 1 2 1 1 1 1 14 1 5 1 7 1 6 |1 1 3 1 9 1 1 13 5 8 10 4 1 1 8 1 |1 1 1 5 1 13 6 1 1 5 15 1 1 1 1 1 |
6154: 1 1 1 1 9 5 1 1 1 1 1 1 1 1 5 1 |1 1 4 1 5 1 1 1 1 1 5 10 1 1 1 1 |1 1 6 1 1 1 9 7 1 1 1 1 1 1 1 1 |1 1 1 1 1 5 8 1 8 5 1 1 1 5 1 12 |1 1 1 1 1 8 7 1 1 1 1 1 13 1 12 7 |1 1 2 1 1 18 1 1 1 1 14 1 10 1 1 1 |1 5 8 1 1 1 1 10 1 1 1 10 1 1 1 1 |1 1 8 12 1 1 1 13 1 1 15 1 1 12 1 1 |1 1 1 1 2 8 1 1 13 9 4 1 1 1 8 2 |3 1 1 1 2 1 1 1 1 14 1 5 1 7 1 6 |1 1 3 1 9 1 1 13 5 8 10 4 1 1 8 1 |1 1 1 5 1 13 6 1 1 5 15 1 1 1 1 1 |
6166: 1 1 1 1 9 5 1 1 1 1 1 1 1 1 5 1 |1 1 4 1 5 1 1 1 1 1 5 10 1 1 1 1 |1 1 6 1 1 1 9 7 1 1 1 1 1 1 1 1 |1 1 1 1 1 5 8 1 8 5 1 1 1 5 1 12 |1 1 1 1 1 8 7 1 1 1 1 1 13 1 12 7 |1 1 2 1 1 18 1 1 1 1 14 1 10 1 1 1 |1 11 1 1 7 1 1 9 1 1 1 10 1 1 1 3 |1 1 1 14 1 1 8 21 1 1 14 1 1 13 1 1 |1 1 1 1 1 14 11 5 1 1 1 1 1 1 9 3 |2 1 1 1 1 1 1 13 7 8 1 7 1 6 1 6 |5 1 1 1 1 1 1 1 1 3 1 1 1 1 9 1 |1 1 1 1 1 15 6 11 1 1 16 1 1 12 1 1 |
6176: 1 1 1 1 9 5 1 1 1 1 1 1 1 1 5 1 |1 1 4 1 5 1 1 1 1 1 5 10 1 1 1 1 |1 1 6 1 1 1 9 7 1 1 1 1 1 1 1 1 |1 1 1 1 1 5 8 1 8 5 1 1 1 5 1 12 |1 1 1 1 1 8 7 1 1 1 1 1 13 1 12 7 |1 1 2 1 1 18 1 1 1 1 14 1 10 1 1 1 |1 11 1 1 7 1 1 9 1 1 1 10 1 1 1 3 |1 1 1 14 1 1 8 21 1 1 14 1 1 13 1 1 |1 1 1 1 1 14 11 5 1 1 1 1 1 1 9 3 |2 1 1 1 1 1 1 13 7 8 1 7 1 6 1 6 |5 1 1 1 1 1 1 1 1 3 1 1 1 1 9 1 |1 1 1 1 1 15 6 11 1 1 16 1 1 12 1 1 |
6187: 1 1 1 10 5 1 1 12 1 1 1 3 1 3 1 1 |1 1 9 1 6 10 1 1 1 1 1 10 1 1 11 1 |1 1 8 1 1 7 1 7 5 1 1 1 1 1 1 1 |1 1 1 3 1 1 1 1 1 8 1 1 11 7 1 10 |1 1 1 1 1 8 7 1 1 1 1 1 13 1 12 7 |1 1 2 1 1 18 1 1 1 1 14 1 10 1 1 1 |1 11 1 1 7 1 1 9 1 1 1 10 1 1 1 3 |1 1 1 14 1 1 8 21 1 1 14 1 1 13 1 1 |1 1 1 1 1 14 11 5 1 1 1 1 1 1 9 3 |2 1 1 1 1 1 1 13 7 8 1 7 1 6 1 6 |5 1 1 1 1 1 1 1 1 3 1 1 1 1 9 1 |1 1 1 1 1 15 6 11 1 1 16 1 1 12 1 1 |
6198: 1 1 1 10 5 1 1 12 1 1 1 3 1 3 1 1 |1 1 9 1 6 10 1 1 1 1 1 10 1 1 11 1 |1 1 8 1 1 7 1 7 5 1 1 1 1 1 1 1 |1 1 1 3 1 1 1 1 1 8 1 1 11 7 1 10 |1 1 1 1 1 7 7 1 1 1 1 1 11 1 11 11 |1 1 3 1 4 10 1 1 1 1 14 1 9 1 1 1 |1 5 8 1 7 1 1 8 1 1 1 11 1 3 2 1 |7 1 4 15 1 1 8 14 1 1 14 1 1 16 1 1 |1 1 1 1 1 16 2 4 2 1 1 2 1 1 3 1 |1 1 4 1 1 2 1 14 1 11 1 6 1 10 1 7 |7 1 5 1 1 1 1 15 5 5 9 4 1 1 9 1 |1 1 1 1 1 15 6 11 1 1 16 1 1 12 1 1 |
6209: 1 1 1 10 5 1 1 12 1 1 1 3 1 3 1 1 |1 1 9 1 6 10 1 1 1 1 1 10 1 1 11 1 |1 1 8 1 1 7 1 7 5 1 1 1 1 1 1 1 |1 1 1 3 1 1 1 1 1 8 1 1 11 7 1 10 |1 1 1 1 1 7 7 1 1 1 1 1 11 1 11 11 |1 1 3 1 4 10 1 1 1 1 14 1 9 1 1 1 |1 5 8 1 7 1 1 8 1 1 1 11 1 3 2 1 |7 1 4 15 1 1 8 14 1 1 14 1 1 16 1 1 |1 1 1 1 1 16 2 4 2 1 1 2 1 1 3 1 |1 1 4 1 1 2 1 14 1 11 1 6 1 10 1 7 |7 1 5 1 1 1 1 15 5 5 9 4 1 1 9 1 |1 5 1 6 1 16 1 4 1 2 14 1 1 12 1 11 |
6221: 1 1 1 6 1 8 5 13 1 1 1 5 1 1 1 11 |1 1 7 1 6 3 1 1 1 1 1 13 1 2 14 1 |1 1 7 1 1 1 4 6 6 1 8 7 1 1 1 2 |1 1 1 3 1 1 1 1 1 8 1 1 11 7 1 10 |1 1 1 1 1 7 7 1 1 1 1 1 11 1 11 11 |1 1 3 1 4 10 1 1 1 1 14 1 9 1 1 1 |1 5 8 1 7 1 1 8 1 1 1 11 1 3 2 1 |7 1 4 15 1 1 8 14 1 1 14 1 1 16 1 1 |1 1 1 1 1 16 2 4 2 1 1 2 1 1 3 1 |1 1 4 1 1 2 1 14 1 11 1 6 1 10 1 7 |7 1 5 1 1 1 1 15 5 5 9 4 1 1 9 1 |1 5 1 6 1 16 1 4 1 2 14 1 1 12 1 11 |
6231: 1 1 1 6 1 8 5 13 1 1 1 5 1 1 1 11 |1 1 7 1 6 3 1 1 1 1 1 13 1 2 14 1 |1 1 7 1 1 1 4 6 6 1 8 7 1 1 1 2 |1 1 1 2 1 5 7 1 6 7 1 1 1 5 1 11 |1 1 1 1 5 9 7 1 1 1 1 1 10 1 14 10 |1 1 1 1 1 9 1 1 1 1 13 1 10 1 1 1 |1 5 8 1 1 1 1 9 1 1 1 10 1 1 1 1 |1 1 3 14 1 12 3 13 1 1 9 1 1 13 1 1 |2 1 1 1 12 14 10 9 1 10 2 1 12 1 3 1 |1 1 4 1 2 2 1 15 1 12 1 5 1 9 1 1 |7 1 5 1 1 1 1 15 5 5 9 4 1 1 9 1 |1 5 1 6 1 16 1 4 1 2 14 1 1 12 1 11 |
6243: 1 1 1 6 1 8 5 13 1 1 1 5 1 1 1 11 |1 1 7 1 6 3 1 1 1 1 1 13 1 2 14 1 |1 1 7 1 1 1 4 6 6 1 8 7 1 1 1 2 |1 1 1 2 1 5 7 1 6 7 1 1 1 5 1 11 |1 1 1 1 5 9 7 1 1 1 1 1 10 1 14 10 |1 1 1 1 1 9 1 1 1 1 13 1 10 1 1 1 |1 5 8 1 1 1 1 9 1 1 1 10 1 1 1 1 |1 1 3 14 1 12 3 13 1 1 9 1 1 13 1 1 |2 1 1 1 12 14 10 9 1 10 2 1 12 1 3 1 |1 1 4 1 2 2 1 15 1 12 1 5 1 9 1 1 |1 1 1 1 6 1 1 14 4 7 9 1 1 1 8 1 |1 1 1 1 1 13 8 1 1 6 16 1 1 12 2 2 |
6253: 1 1 1 1 8 6 1 7 1 1 1 4 1 1 1 1 |1 1 1 1 5 4 1 1 1 1 1 10 6 1 12 1 |1 1 8 1 1 1 14 7 1 1 2 8 1 1 1 2 |1 1 1 2 1 5 7 1 6 7 1 1 1 5 1 11 |1 1 1 1 5 9 7 1 1 1 1 1 10 1 14 10 |1 1 1 1 1 9 1 1 1 1 13 1 10 1 1 1 |1 5 8 1 1 1 1 9 1 1 1 10 1 1 1 1 |1 1 3 14 1 12 3 13 1 1 9 1 1 13 1 1 |2 1 1 1 12 14 10 9 1 10 2 1 12 1 3 1 |1 1 4 1 2 2 1 15 1 12 1 5 1 9 1 1 |1 1 1 1 6 1 1 14 4 7 9 1 1 1 8 1 |1 1 1 1 1 13 8 1 1 6 16 1 1 12 2 2 |
6264: 1 1 1 1 8 6 1 7 1 1 1 4 1 1 1 1 |1 1 1 1 5 4 1 1 1 1 1 10 6 1 12 1 |1 1 8 1 1 1 14 7 1 1 2 8 1 1 1 2 |1 1 1 9 1 1 1 1 2 6 1 1 11 7 1 10 |1 1 1 1 1 8 7 1 1 1 1 1 11 1 7 6 |1 1 1 1 4 18 1 1 1 1 13 1 8 1 1 1 |1 9 1 7 1 1 1 9 1 1 1 10 1 1 1 1 |12 1 1 15 1 3 3 1 1 1 6 1 1 7 1 8 |1 1 1 1 1 1 10 10 6 1 1 1 2 1 1 1 |2 1 5 1 1 1 5 13 2 14 1 5 1 4 1 6 |7 1 1 1 1 1 1 13 1 1 1 1 1 2 8 1 |1 1 1 1 1 13 8 1 1 6 16 1 1 12 2 2 |
6276: 1 1 1 1 8 6 1 7 1 1 1 4 1 1 1 1 |1 1 1 1 5 4 1 1 1 1 1 10 6 1 12 1 |1 1 8 1 1 1 14 7 1 1 2 8 1 1 1 2 |1 1 1 9 1 1 1 1 2 6 1 1 11 7 1 10 |1 1 1 1 1 8 7 1 1 1 1 1 11 1 7 6 |1 1 1 1 4 18 1 1 1 1 13 1 8 1 1 1 |1 9 1 7 1 1 1 9 1 1 1 10 1 1 1 1 |12 1 1 15 1 3 3 1 1 1 6 1 1 7 1 8 |1 1 1 1 1 1 10 10 6 1 1 1 2 1 1 1 |2 1 5 1 1 1 5 13 2 14 1 5 1 4 1 6 |7 1 1 1 1 1 1 13 1 1 1 1 1 2 8 1 |1 1 1 1 1 13 6 12 1 4 8 2 1 11 1 3 |
6287: 1 1 1 8 1 1 1 1 1 1 1 1 1 3 6 1 |1 1 8 1 4 1 1 1 1 1 1 11 1 1 1 1 |1 1 8 1 1 1 4 7 3 1 2 1 1 1 1 2 |1 1 1 9 1 1 1 1 2 6 1 1 11 7 1 10 |1 1 1 1 1 8 7 1 1 1 1 1 11 1 7 6 |1 1 1 1 4 18 1 1 1 1 13 1 8 1 1 1 |1 9 1 7 1 1 1 9 1 1 1 10 1 1 1 1 |12 1 1 15 1 3 3 1 1 1 6 1 1 7 1 8 |1 1 1 1 1 1 10 10 6 1 1 1 2 1 1 1 |2 1 5 1 1 1 5 13 2 14 1 5 1 4 1 6 |7 1 1 1 1 1 1 13 1 1 1 1 1 2 8 1 |1 1 1 1 1 13 6 12 1 4 8 2 1 11 1 3 |
6298: 1 1 1 8 1 1 1 1 1 1 1 1 1 3 6 1 |1 1 8 1 4 1 1 1 1 1 1 11 1 1 1 1 |1 1 8 1 1 1 4 7 3 1 2 1 1 1 1 2 |1 1 1 3 1 1 1 1 6 5 1 1 1 6 1 9 |1 1 1 1 5 9 8 1 1 1 1 1 13 1 6 9 |1 1 2 1 6 9 1 1 1 1 14 1 9 1 1 1 |1 4 8 1 1 1 1 8 1 5 1 12 1 1 1 2 |6 1 3 13 1 1 1 13 1 1 2 1 1 11 1 1 |1 1 1 1 1 16 1 1 3 8 4 14 1 1 9 4 |1 1 4 1 7 1 1 12 7 14 1 6 1 8 1 7 |1 1 1 1 1 1 1 12 1 1 1 1 1 1 4 1 |1 1 1 1 1 13 6 12 1 4 8 2 1 11 1 3 |
6309: 1 1 1 8 1 1 1 1 1 1 1 1 1 3 6 1 |1 1 8 1 4 1 1 1 1 1 1 11 1 1 1 1 |1 1 8 1 1 1 4 7 3 1 2 1 1 1 1 2 |1 1 1 3 1 1 1 1 6 5 1 1 1 6 1 9 |1 1 1 1 5 9 8 1 1 1 1 1 13 1 6 9 |1 1 2 1 6 9 1 1 1 1 14 1 9 1 1 1 |1 4 8 1 1 1 1 8 1 5 1 12 1 1 1 2 |6 1 3 13 1 1 1 13 1 1 2 1 1 11 1 1 |1 1 1 1 1 16 1 1 3 8 4 14 1 1 9 4 |1 1 4 1 7 1 1 12 7 14 1 6 1 8 1 7 |1 1 1 1 1 1 1 12 1 1 1 1 1 1 4 1 |1 6 1 1 1 15 9 1 1 1 7 1 1 1 1 1 |
6319: 1 5 1 1 9 7 7 13 1 1 1 6 1 1 6 6 |2 1 1 1 6 1 1 1 1 1 1 7 4 1 14 1 |1 1 8 1 1 1 4 7 3 1 2 1 1 1 1 2 |1 1 1 3 1 1 1 1 6 5 1 1 1 6 1 9 |1 1 1 1 5 9 8 1 1 1 1 1 13 1 6 9 |1 1 2 1 6 9 1 1 1 1 14 1 9 1 1 1 |1 4 8 1 1 1 1 8 1 5 1 12 1 1 1 2 |6 1 3 13 1 1 1 13 1 1 2 1 1 11 1 1 |1 1 1 1 1 16 1 1 3 8 4 14 1 1 9 4 |1 1 4 1 7 1 1 12 7 14 1 6 1 8 1 7 |1 1 1 1 1 1 1 12 1 1 1 1 1 1 4 1 |1 6 1 1 1 15 9 1 1 1 7 1 1 1 1 1 |
6330: 1 5 1 1 9 7 7 13 1 1 1 6 1 1 6 6 |2 1 1 1 6 1 1 1 1 1 1 7 4 1 14 1 |1 1 8 1 5 8 3 9 1 1 1 1 1 1 1 2 |1 1 1 4 1 5 7 1 7 8 1 1 1 7 1 9 |1 1 1 1 1 14 7 1 1 1 1 1 12 1 7 12 |1 1 1 1 6 10 1 1 1 1 14 1 10 1 1 1 |1 10 8 2 1 1 1 8 1 1 1 10 1 1 1 1 |1 1 3 15 1 1 1 6 1 1 15 1 1 11 1 1 |1 1 1 1 2 15 9 10 2 11 8 1 10 1 10 2 |1 1 4 1 7 1 1 12 7 14 1 6 1 8 1 7 |1 1 1 1 1 1 1 12 1 1 1 1 1 1 4 1 |1 6 1 1 1 15 9 1 1 1 7 1 1 1 1 1 |
6342: 1 5 1 1 9 7 7 13 1 1 1 6 1 1 6 6 |2 1 1 1 6 1 1 1 1 1 1 7 4 1 14 1 |1 1 8 1 5 8 3 9 1 1 1 1 1 1 1 2 |1 1 1 4 1 5 7 1 7 8 1 1 1 7 1 9 |1 1 1 1 1 14 7 1 1 1 1 1 12 1 7 12 |1 1 1 1 6 10 1 1 1 1 14 1 10 1 1 1 |1 10 8 2 1 1 1 8 1 1 1 10 1 1 1 1 |1 1 3 15 1 1 1 6 1 1 15 1 1 11 1 1 |1 1 1 1 2 15 9 10 2 11 8 1 10 1 10 2 |4 1 4 1 3 1 1 6 1 14 1 5 1 8 1 7 |1 1 3 1 11 1 1 14 6 8 10 6 1 3 2 1 |1 1 1 1 1 16 11 1 1 2 15 1 1 13 1 1 |
6353: 1 1 1 1 1 5 1 1 1 1 1 5 1 1 6 1 |1 1 1 1 4 1 1 1 1 1 1 1 1 1 1 1 |1 1 8 1 5 8 3 9 1 1 1 1 1 1 1 2 |1 1 1 4 1 5 7 1 7 8 1 1 1 7 1 9 |1 1 1 1 1 14 7 1 1 1 1 1 12 1 7 12 |1 1 1 1 6 10 1 1 1 1 14 1 10 1 1 1 |1 10 8 2 1 1 1 8 1 1 1 10 1 1 1 1 |1 1 3 15 1 1 1 6 1 1 15 1 1 11 1 1 |1 1 1 1 2 15 9 10 2 11 8 1 10 1 10 2 |4 1 4 1 3 1 1 6 1 14 1 5 1 8 1 7 |1 1 3 1 11 1 1 14 6 8 10 6 1 3 2 1 |1 1 1 1 1 16 11 1 1 2 15 1 1 13 1 1 |
6363: 1 1 1 1 1 5 1 1 1 1 1 5 1 1 6 1 |1 1 1 1 4 1 1 1 1 1 1 1 1 1 1 1 |1 1 9 1 1 1 12 8 6 1 6 1 1 1 1 1 |1 1 1 8 1 4 7 1 6 7 1 1 1 6 1 11 |1 1 1 1 1 9 10 1 1 1 1 1 11 1 8 12 |1 1 2 1 5 14 1 4 1 1 12 1 9 1 1 1 |1 10 1 1 1 1 1 8 1 1 1 12 1 1 1 1 |6 1 8 1 1 4 2 14 1 1 15 1 1 13 1 9 |1 1 1 1 1 13 1 9 2 1 1 1 10 1 9 2 |1 1 15 1 2 2 1 14 1 10 1 7 1 8 1 6 |1 1 3 1 11 1 1 14 6 8 10 6 1 3 2 1 |1 1 1 1 1 16 11 1 1 2 15 1 1 13 1 1 |
6374: 1 1 1 1 1 5 1 1 1 1 1 5 1 1 6 1 |1 1 1 1 4 1 1 1 1 1 1 1 1 1 1 1 |1 1 9 1 1 1 12 8 6 1 6 1 1 1 1 1 |1 1 1 8 1 4 7 1 6 7 1 1 1 6 1 11 |1 1 1 1 1 9 10 1 1 1 1 1 11 1 8 12 |1 1 2 1 5 14 1 4 1 1 12 1 9 1 1 1 |1 10 1 1 1 1 1 8 1 1 1 12 1 1 1 1 |6 1 8 1 1 4 2 14 1 1 15 1 1 13 1 9 |1 1 1 1 1 13 1 9 2 1 1 1 10 1 9 2 |1 1 15 1 2 2 1 14 1 10 1 7 1 8 1 6 |8 1 1 1 1 1 1 2 1 1 1 1 1 1 8 1 |1 6 1 1 5 11 4 10 1 3 15 1 1 11 1 1 |
6385: 1 1 1 1 1 5 1 1 1 1 1 5 1 1 6 1 |1 1 1 1 4 1 1 1 1 1 1 1 1 1 1 1 |1 1 9 1 1 1 12 8 6 1 6 1 1 1 1 1 |1 1 1 8 1 4 7 1 6 7 1 1 1 6 1 11 |1 1 1 1 1 9 10 1 1 1 1 1 11 1 8 12 |1 1 2 1 5 14 1 4 1 1 12 1 9 1 1 1 |1 10 1 1 1 1 1 8 1 1 1 12 1 1 1 1 |6 1 8 1 1 4 2 14 1 1 15 1 1 13 1 9 |1 1 1 1 1 13 1 9 2 1 1 1 10 1 9 2 |1 1 15 1 2 2 1 14 1 10 1 7 1 8 1 6 |8 1 1 1 1 1 1 2 1 1 1 1 1 1 8 1 |1 6 1 1 5 11 4 10 1 3 15 1 1 11 1 1 |
6396: 1 1 1 1 9 1 1 1 1 1 1 5 1 1 6 1 |1 1 9 1 6 5 1 1 1 1 1 10 1 1 12 1 |1 1 8 1 1 6 4 6 6 1 1 4 1 1 1 2 |1 1 1 4 1 1 1 1 1 6 1 3 1 6 1 11 |1 1 1 1 7 7 6 1 1 1 1 1 11 1 12 2 |1 1 3 1 3 11 1 1 1 1 13 1 10 1 1 1 |1 10 9 1 1 1 1 8 1 1 1 12 1 1 1 1 |1 1 1 1 1 6 1 14 1 1 10 1 1 14 1 1 |1 1 1 1 1 13 1 9 2 1 1 1 10 1 9 2 |1 1 15 1 2 2 1 14 1 10 1 7 1 8 1 6 |8 1 1 1 1 1 1 2 1 1 1 1 1 1 8 1 |1 6 1 1 5 11 4 10 1 3 15 1 1 11 1 1 |
6406: 1 1 1 1 9 1 1 1 1 1 1 5 1 1 6 1 |1 1 9 1 6 5 1 1 1 1 1 10 1 1 12 1 |1 1 8 1 1 6 4 6 6 1 1 4 1 1 1 2 |1 1 1 4 1 1 1 1 1 6 1 3 1 6 1 11 |1 1 1 1 7 7 6 1 1 1 1 1 11 1 12 2 |1 1 3 1 3 11 1 1 1 1 13 1 10 1 1 1 |1 10 9 1 1 1 1 8 1 1 1 12 1 1 1 1 |1 1 1 1 1 6 1 14 1 1 10 1 1 14 1 1 |1 1 1 1 2 16 6 10 2 8 8 1 1 1 3 1 |3 1 5 1 1 2 6 13 8 7 1 5 1 8 1 7 |1 1 3 1 1 1 1 15 5 4 9 1 1 1 7 1 |1 1 1 1 1 15 2 11 1 1 6 2 1 13 1 1 |
6417: 1 1 1 1 9 1 1 1 1 1 1 5 1 1 6 1 |1 1 9 1 6 5 1 1 1 1 1 10 1 1 12 1 |1 1 8 1 1 6 4 6 6 1 1 4 1 1 1 2 |1 1 1 4 1 1 1 1 1 6 1 3 1 6 1 11 |1 1 1 1 7 7 6 1 1 1 1 1 11 1 12 2 |1 1 3 1 3 11 1 1 1 1 13 1 10 1 1 1 |1 10 9 1 1 1 1 8 1 1 1 12 1 1 1 1 |1 1 1 1 1 6 1 14 1 1 10 1 1 14 1 1 |1 1 1 1 2 16 6 10 2 8 8 1 1 1 3 1 |3 1 5 1 1 2 6 13 8 7 1 5 1 8 1 7 |1 1 3 1 1 1 1 15 5 4 9 1 1 1 7 1 |1 1 1 1 1 15 2 11 1 1 6 2 1 13 1 1 |
6428: 1 1 1 1 8 8 10 5 1 1 1 5 1 1 3 1 |1 1 8 1 5 1 1 1 1 1 1 9 1 2 12 1 |1 1 1 1 1 9 13 1 1 1 2 7 1 1 1 1 |1 1 1 3 1 5 1 1 7 8 1 1 1 7 1 10 |1 1 1 1 1 15 8 1 1 1 1 1 11 2 12 3 |1 1 1 1 4 11 1 5 1 1 11 1 10 1 2 1 |1 11 9 1 1 1 1 1 1 1 10 1 1 1 1 1 |6 1 3 14 1 1 1 15 1 1 2 1 1 15 1 10 |1 1 1 1 2 16 6 10 2 8 8 1 1 1 3 1 |3 1 5 1 1 2 6 13 8 7 1 5 1 8 1 7 |1 1 3 1 1 1 1 15 5 4 9 1 1 1 7 1 |1 1 1 1 1 15 2 11 1 1 6 2 1 13 1 1 |
6439: 1 1 1 1 8 8 10 5 1 1 1 5 1 1 3 1 |1 1 8 1 5 1 1 1 1 1 1 9 1 2 12 1 |1 1 1 1 1 9 13 1 1 1 2 7 1 1 1 1 |1 1 1 3 1 5 1 1 7 8 1 1 1 7 1 10 |1 1 1 1 1 15 8 1 1 1 1 1 11 2 12 3 |1 1 1 1 4 11 1 5 1 1 11 1 10 1 2 1 |1 11 9 1 1 1 1 1 1 1 10 1 1 1 1 1 |6 1 3 14 1 1 1 15 1 1 2 1 1 15 1 10 |1 1 3 1 14 8 10 5 1 1 1 2 1 1 1 1 |1 1 7 1 1 1 1 1 1 1 1 6 1 6 1 2 |1 1 1 1 5 1 1 14 7 6 13 5 1 1 2 1 |1 1 1 1 1 16 6 1 1 6 16 1 1 12 1 1 |
6450: 1 1 1 1 8 8 10 5 1 1 1 5 1 1 3 1 |1 1 8 1 5 1 1 1 1 1 1 9 1 2 12 1 |1 1 1 1 1 9 13 1 1 1 2 7 1 1 1 1 |1 1 1 3 1 5 1 1 7 8 1 1 1 7 1 10 |1 1 1 1 1 15 8 1 1 1 1 1 11 2 12 3 |1 1 1 1 4 11 1 5 1 1 11 1 10 1 2 1 |1 11 9 1 1 1 1 1 1 1 10 1 1 1 1 1 |6 1 3 14 1 1 1 15 1 1 2 1 1 15 1 10 |1 1 3 1 14 8 10 5 1 1 1 2 1 1 1 1 |1 1 7 1 1 1 1 1 1 1 1 6 1 6 1 2 |1 1 1 1 5 1 1 14 7 6 13 5 1 1 2 1 |1 1 1 1 1 16 6 1 1 6 16 1 1 12 1 1 |
6461: 1 1 1 1 8 1 1 1 1 4 1 4 1 1 3 1 |1 1 1 1 5 5 1 1 1 1 3 10 1 1 1 1 |1 1 6 1 1 1 12 8 3 1 1 7 1 1 1 2 |1 1 1 7 1 5 7 1 10 5 1 1 1 8 1 9 |1 1 1 1 1 10 6 1 1 1 1 1 12 1 6 12 |1 1 2 1 1 18 1 1 1 1 13 1 9 1 1 1 |1 10 6 1 1 1 1 1 1 1 1 10 1 1 1 1 |6 1 3 14 1 1 1 15 1 1 2 1 1 15 1 10 |1 1 3 1 14 8 10 5 1 1 1 2 1 1 1 1 |1 1 7 1 1 1 1 1 1 1 1 6 1 6 1 2 |1 1 1 1 5 1 1 14 7 6 13 5 1 1 2 1 |1 1 1 1 1 16 6 1 1 6 16 1 1 12 1 1 |
6472: 1 1 1 1 8 1 1 1 1 4 1 4 1 1 3 1 |1 1 1 1 5 5 1 1 1 1 3 10 1 1 1 1 |1 1 6 1 1 1 12 8 3 1 1 7 1 1 1 2 |1 1 1 7 1 5 7 1 10 5 1 1 1 8 1 9 |1 1 1 1 1 10 6 1 1 1 1 1 12 1 6 12 |1 1 2 1 1 18 1 1 1 1 13 1 9 1 1 1 |1 10 6 1 1 1 1 1 1 1 1 10 1 1 1 1 |1 1 1 14 1 4 2 19 1 1 8 1 1 13 1 1 |1 1 1 1 1 15 4 1 1 10 10 1 1 1 1 1 |1 1 5 1 1 1 1 15 3 8 1 5 1 9 1 7 |1 1 1 1 1 1 1 3 1 1 1 3 1 1 9 1 |1 1 1 1 1 1 1 3 1 1 18 1 2 11 1 18 |
6483: 1 1 1 1 8 1 1 1 1 4 1 4 1 1 3 1 |1 1 1 1 5 5 1 1 1 1 3 10 1 1 1 1 |1 1 6 1 1 1 12 8 3 1 1 7 1 1 1 2 |1 1 1 7 1 5 7 1 10 5 1 1 1 8 1 9 |1 1 1 1 1 10 6 1 1 1 1 1 12 1 6 12 |1 1 2 1 1 18 1 1 1 1 13 1 9 1 1 1 |1 10 6 1 1 1 1 1 1 1 1 10 1 1 1 1 |1 1 1 14 1 4 2 19 1 1 8 1 1 13 1 1 |1 1 1 1 1 15 4 1 1 10 10 1 1 1 1 1 |1 1 5 1 1 1 1 15 3 8 1 5 1 9 1 7 |1 1 1 1 1 1 1 3 1 1 1 3 1 1 9 1 |1 1 1 1 1 1 1 3 1 1 18 1 2 11 1 18 |
6494: 1 1 1 5 1 4 6 1 1 1 1 1 1 1 6 1 |1 1 7 1 4 1 1 1 1 1 1 9 1 1 12 1 |1 1 7 1 1 7 4 8 3 1 1 6 1 1 1 1 |1 1 1 3 1 1 1 1 7 5 1 1 1 7 1 9 |1 1 1 1 1 7 8 1 1 1 1 1 11 1 14 11 |1 1 2 1 5 11 1 1 1 1 12 1 8 1 1 1 |1 4 9 1 7 1 1 9 1 1 1 9 1 1 2 2 |1 1 1 14 1 4 2 19 1 1 8 1 1 13 1 1 |1 1 1 1 1 15 4 1 1 10 10 1 1 1 1 1 |1 1 5 1 1 1 1 15 3 8 1 5 1 9 1 7 |1 1 1 1 1 1 1 3 1 1 1 3 1 1 9 1 |1 1 1 1 1 1 1 3 1 1 18 1 2 11 1 18 |
6505: 1 1 1 5 1 4 6 1 1 1 1 1 1 1 6 1 |1 1 7 1 4 1 1 1 1 1 1 9 1 1 12 1 |1 1 7 1 1 7 4 8 3 1 1 6 1 1 1 1 |1 1 1 3 1 1 1 1 7 5 1 1 1 7 1 9 |1 1 1 1 1 7 8 1 1 1 1 1 11 1 14 11 |1 1 2 1 5 11 1 1 1 1 12 1 8 1 1 1 |1 4 9 1 7 1 1 9 1 1 1 9 1 1 2 2 |2 1 1 16 1 1 4 14 1 1 8 1 1 7 1 1 |1 1 1 1 11 13 6 4 1 9 5 1 12 1 1 1 |1 1 6 1 1 2 1 14 2 14 1 4 1 9 1 1 |1 1 1 1 1 1 1 14 1 9 10 1 1 1 8 1 |1 3 1 1 1 16 1 1 1 5 11 1 1 11 1 1 |
6515: 1 1 1 5 1 4 6 1 1 1 1 1 1 1 6 1 |1 1 7 1 4 1 1 1 1 1 1 9 1 1 12 1 |1 1 7 1 1 7 4 8 3 1 1 6 1 1 1 1 |1 1 1 3 1 1 1 1 7 5 1 1 1 7 1 9 |1 1 1 1 1 7 8 1 1 1 1 1 11 1 14 11 |1 1 2 1 5 11 1 1 1 1 12 1 8 1 1 1 |1 4 9 1 7 1 1 9 1 1 1 9 1 1 2 2 |2 1 1 16 1 1 4 14 1 1 8 1 1 7 1 1 |1 1 1 1 11 13 6 4 1 9 5 1 12 1 1 1 |1 1 6 1 1 2 1 14 2 14 1 4 1 9 1 1 |1 1 1 1 1 1 1 14 1 9 10 1 1 1 8 1 |1 3 1 1 1 16 1 1 1 5 11 1 1 11 1 1 |
6526: 1 4 1 8 6 6 9 12 1 1 1 6 1 1 8 1 |1 1 7 1 5 1 1 1 1 1 1 12 5 1 9 1 |1 1 2 1 1 7 3 10 1 1 1 7 1 1 1 4 |1 1 1 5 1 4 7 1 5 1 1 1 1 4 1 10 |1 1 1 1 1 13 8 1 1 1 1 1 9 2 13 7 |1 1 1 1 4 9 1 5 1 1 13 1 9 1 1 1 |1 4 9 1 7 1 1 9 1 1 1 9 1 1 2 2 |2 1 1 16 1 1 4 14 1 1 8 1 1 7 1 1 |1 1 1 1 11 13 6 4 1 9 5 1 12 1 1 1 |1 1 6 1 1 2 1 14 2 14 1 4 1 9 1 1 |1 1 1 1 1 1 1 14 1 9 10 1 1 1 8 1 |1 3 1 1 1 16 1 1 1 5 11 1 1 11 1 1 |
6537: 1 4 1 8 6 6 9 12 1 1 1 6 1 1 8 1 |1 1 7 1 5 1 1 1 1 1 1 12 5 1 9 1 |1 1 2 1 1 7 3 10 1 1 1 7 1 1 1 4 |1 1 1 5 1 4 7 1 5 1 1 1 1 4 1 10 |1 1 1 1 1 13 8 1 1 1 1 1 9 2 13 7 |1 1 1 1 4 9 1 5 1 1 13 1 9 1 1 1 |1 4 9 1 7 1 1 9 1 1 1 11 1 1 1 1 |7 1 1 13 1 1 1 14 1 1 14 1 1 13 1 1 |1 1 1 1 12 13 10 4 1 1 1 1 12 1 9 3 |3 1 1 1 3 1 1 7 1 13 1 5 1 1 1 7 |1 1 1 1 2 1 1 13 5 5 9 1 1 1 9 1 |1 1 1 1 1 17 8 1 1 4 14 1 1 1 1 1 |
6548: 1 4 1 8 6 6 9 12 1 1 1 6 1 1 8 1 |1 1 7 1 5 1 1 1 1 1 1 12 5 1 9 1 |1 1 2 1 1 7 3 10 1 1 1 7 1 1 1 4 |1 1 1 5 1 4 7 1 5 1 1 1 1 4 1 10 |1 1 1 1 1 13 8 1 1 1 1 1 9 2 13 7 |1 1 1 1 4 9 1 5 1 1 13 1 9 1 1 1 |1 4 9 1 7 1 1 9 1 1 1 11 1 1 1 1 |7 1 1 13 1 1 1 14 1 1 14 1 1 13 1 1 |1 1 1 1 12 13 10 4 1 1 1 1 12 1 9 3 |3 1 1 1 3 1 1 7 1 13 1 5 1 1 1 7 |1 1 1 1 2 1 1 13 5 5 9 1 1 1 9 1 |1 1 1 1 1 17 8 1 1 4 14 1 1 1 1 1 |
6559: 1 1 1 1 1 8 8 1 1 3 1 4 1 1 7 1 |1 1 9 1 4 1 1 1 1 1 1 11 1 3 13 1 |1 1 8 1 1 1 5 7 6 1 1 6 1 1 1 2 |1 1 1 1 1 5 8 1 8 5 1 1 1 6 1 5 |1 1 1 1 4 8 8 1 1 1 1 1 11 1 14 6 |1 1 3 1 1 15 1 1 1 1 13 1 10 1 1 1 |1 4 9 1 7 1 1 9 1 1 1 11 1 1 1 1 |7 1 1 13 1 1 1 14 1 1 14 1 1 13 1 1 |1 1 1 1 12 13 10 4 1 1 1 1 12 1 9 3 |3 1 1 1 3 1 1 7 1 13 1 5 1 1 1 7 |1 1 1 1 2 1 1 13 5 5 9 1 1 1 9 1 |1 1 1 1 1 17 8 1 1 4 14 1 1 1 1 1 |
6570: 1 1 1 1 1 8 8 1 1 3 1 4 1 1 7 1 |1 1 9 1 4 1 1 1 1 1 1 11 1 3 13 1 |1 1 8 1 1 1 5 7 6 1 1 6 1 1 1 2 |1 1 1 1 1 5 8 1 8 5 1 1 1 6 1 5 |1 1 1 1 4 8 8 1 1 1 1 1 11 1 14 6 |1 1 3 1 1 15 1 1 1 1 13 1 10 1 1 1 |1 11 6 1 1 1 1 6 1 1 1 10 1 1 1 1 |1 1 9 14 1 1 1 5 1 1 15 1 1 13 1 11 |1 1 1 1 1 14 5 4 1 1 1 1 1 2 5 4 |1 1 6 1 4 1 1 15 8 6 1 7 1 8 1 8 |6 1 2 1 1 1 1 14 3 1 1 1 1 1 8 1 |1 1 1 1 1 15 12 1 1 5 10 1 1 12 1 1 |
6581: 1 1 1 1 1 8 8 1 1 3 1 4 1 1 7 1 |1 1 9 1 4 1 1 1 1 1 1 11 1 3 13 1 |1 1 8 1 1 1 5 7 6 1 1 6 1 1 1 2 |1 1 1 1 1 5 8 1 8 5 1 1 1 6 1 5 |1 1 1 1 4 8 8 1 1 1 1 1 11 1 14 6 |1 1 3 1 1 15 1 1 1 1 13 1 10 1 1 1 |1 11 6 1 1 1 1 6 1 1 1 10 1 1 1 1 |1 1 9 14 1 1 1 5 1 1 15 1 1 13 1 11 |1 1 1 1 1 14 5 4 1 1 1 1 1 2 5 4 |1 1 6 1 4 1 1 15 8 6 1 7 1 8 1 8 |6 1 2 1 1 1 1 14 3 1 1 1 1 1 8 1 |1 1 1 1 1 15 12 1 1 5 10 1 1 12 1 1 |
6592: 1 1 1 1 8 1 1 1 1 1 1 1 1 1 8 1 |2 1 7 1 6 1 1 1 1 1 1 8 1 1 13 1 |1 1 7 1 1 8 5 7 1 1 1 1 1 1 1 2 |1 1 1 4 1 1 1 1 1 7 1 1 1 8 1 9 |1 1 1 1 4 8 8 1 1 1 1 1 11 1 14 6 |1 1 3 1 1 15 1 1 1 1 13 1 10 1 1 1 |1 11 6 1 1 1 1 6 1 1 1 10 1 1 1 1 |1 1 9 14 1 1 1 5 1 1 15 1 1 13 1 11 |1 1 1 1 1 14 5 4 1 1 1 1 1 2 5 4 |1 1 6 1 4 1 1 15 8 6 1 7 1 8 1 8 |6 1 2 1 1 1 1 14 3 1 1 1 1 1 8 1 |1 1 1 1 1 15 12 1 1 5 10 1 1 12 1 1 |
6603: 1 1 1 1 8 1 1 1 1 1 1 1 1 1 8 1 |2 1 7 1 6 1 1 1 1 1 1 8 1 1 13 1 |1 1 7 1 1 8 5 7 1 1 1 1 1 1 1 2 |1 1 1 4 1 1 1 1 1 7 1 1 1 8 1 9 |1 1 1 1 1 9 9 1 1 1 1 1 9 1 13 6 |3 1 3 1 5 10 1 3 1 1 14 1 9 1 1 1 |1 4 1 1 1 1 1 9 1 5 1 11 1 1 1 1 |1 1 5 1 1 1 1 13 1 1 2 1 1 11 1 1 |1 1 1 1 3 14 1 12 1 1 1 1 11 2 1 1 |1 1 5 1 1 1 7 13 8 8 1 1 1 1 1 1 |1 1 1 8 1 1 1 13 1 1 4 1 1 1 1 1 |1 7 1 2 1 13 5 3 1 3 16 1 1 5 1 1 |
6614: 1 1 1 1 8 1 1 1 1 1 1 1 1 1 8 1 |2 1 7 1 6 1 1 1 1 1 1 8 1 1 13 1 |1 1 7 1 1 8 5 7 1 1 1 1 1 1 1 2 |1 1 1 4 1 1 1 1 1 7 1 1 1 8 1 9 |1 1 1 1 1 9 9 1 1 1 1 1 9 1 13 6 |3 1 3 1 5 10 1 3 1 1 14 1 9 1 1 1 |1 4 1 1 1 1 1 9 1 5 1 11 1 1 1 1 |1 1 5 1 1 1 1 13 1 1 2 1 1 11 1 1 |1 1 1 1 3 14 1 12 1 1 1 1 11 2 1 1 |1 1 5 1 1 1 7 13 8 8 1 1 1 1 1 1 |1 1 1 8 1 1 1 13 1 1 4 1 1 1 1 1 |1 7 1 2 1 13 5 3 1 3 16 1 1 5 1 1 |
6625: 1 1 1 7 4 8 7 14 1 1 1 5 1 2 7 1 |1 1 8 1 5 1 1 1 1 1 5 9 1 3 13 1 |1 1 10 1 1 9 4 1 6 1 2 8 1 1 1 1 |1 1 1 2 1 6 1 1 8 5 1 1 1 8 1 10 |1 10 1 1 1 13 9 1 1 1 1 1 12 1 9 8 |3 1 3 1 5 10 1 3 1 1 14 1 9 1 1 1 |1 4 1 1 1 1 1 9 1 5 1 11 1 1 1 1 |1 1 5 1 1 1 1 13 1 1 2 1 1 11 1 1 |1 1 1 1 3 14 1 12 1 1 1 1 11 2 1 1 |1 1 5 1 1 1 7 13 8 8 1 1 1 1 1 1 |1 1 1 8 1 1 1 13 1 1 4 1 1 1 1 1 |1 7 1 2 1 13 5 3 1 3 16 1 1 5 1 1 |
6636: 1 1 1 7 4 8 7 14 1 1 1 5 1 2 7 1 |1 1 8 1 5 1 1 1 1 1 5 9 1 3 13 1 |1 1 10 1 1 9 4 1 6 1 2 8 1 1 1 1 |1 1 1 2 1 6 1 1 8 5 1 1 1 8 1 10 |1 10 1 1 1 13 9 1 1 1 1 1 12 1 9 8 |1 1 1 1 3 10 1 6 1 1 10 1 11 1 2 1 |1 11 7 1 1 1 1 9 1 4 1 10 1 1 1 2 |1 1 1 13 1 1 1 14 1 1 15 1 1 13 1 9 |1 1 1 1 11 14 8 6 1 8 10 1 1 4 1 1 |1 1 1 1 1 2 1 3 2 1 1 6 1 7 1 8 |1 1 1 1 1 1 1 15 5 4 1 1 1 1 8 1 |1 1 1 3 1 13 8 1 1 5 15 1 1 1 1 1 |
6648: 1 1 1 7 4 8 7 14 1 1 1 5 1 2 7 1 |1 1 8 1 5 1 1 1 1 1 5 9 1 3 13 1 |1 1 10 1 1 9 4 1 6 1 2 8 1 1 1 1 |1 1 1 2 1 6 1 1 8 5 1 1 1 8 1 10 |1 10 1 1 1 13 9 1 1 1 1 1 12 1 9 8 |1 1 1 1 3 10 1 6 1 1 10 1 11 1 2 1 |1 11 7 1 1 1 1 9 1 4 1 10 1 1 1 2 |1 1 1 13 1 1 1 14 1 1 15 1 1 13 1 9 |1 1 1 1 11 14 8 6 1 8 10 1 1 4 1 1 |1 1 1 1 1 2 1 3 2 1 1 6 1 7 1 8 |1 1 1 1 1 1 1 15 5 4 1 1 1 1 8 1 |1 1 1 3 1 13 8 1 1 5 15 1 1 1 1 1 |
6658: 1 1 1 1 1 7 7 15 1 1 1 1 1 1 5 1 |1 1 1 1 5 1 1 1 1 1 1 13 7 1 10 1 |1 1 8 1 1 1 2 8 6 1 6 9 1 1 1 1 |1 1 1 1 1 1 1 1 5 6 1 1 1 7 1 9 |1 1 1 1 1 8 9 1 1 1 1 1 12 1 8 7 |1 1 1 1 3 10 1 6 1 1 10 1 11 1 2 1 |1 11 7 1 1 1 1 9 1 4 1 10 1 1 1 2 |1 1 1 13 1 1 1 14 1 1 15 1 1 13 1 9 |1 1 1 1 11 14 8 6 1 8 10 1 1 4 1 1 |1 1 1 1 1 2 1 3 2 1 1 6 1 7 1 8 |1 1 1 1 1 1 1 15 5 4 1 1 1 1 8 1 |1 1 1 3 1 13 8 1 1 5 15 1 1 1 1 1 |
6669: 1 1 1 1 1 7 7 15 1 1 1 1 1 1 5 1 |1 1 1 1 5 1 1 1 1 1 1 13 7 1 10 1 |1 1 8 1 1 1 2 8 6 1 6 9 1 1 1 1 |1 1 1 1 1 1 1 1 5 6 1 1 1 7 1 9 |1 1 1 1 1 8 9 1 1 1 1 1 12 1 8 7 |1 1 1 1 5 7 1 4 1 1 14 1 12 1 1 1 |1 6 2 1 1 1 1 8 1 1 1 10 1 1 1 1 |1 1 2 15 1 1 8 18 1 1 9 1 1 12 1 1 |1 1 1 1 1 13 10 5 1 9 8 1 1 1 7 5 |2 1 1 1 2 2 1 13 3 13 1 6 1 7 1 4 |1 1 1 9 1 1 1 13 1 1 1 1 1 1 6 1 |1 1 1 3 1 13 8 1 1 5 15 1 1 1 1 1 |
6679: 1 1 1 1 1 7 7 15 1 1 1 1 1 1 5 1 |1 1 1 1 5 1 1 1 1 1 1 13 7 1 10 1 |1 1 8 1 1 1 2 8 6 1 6 9 1 1 1 1 |1 1 1 1 1 1 1 1 5 6 1 1 1 7 1 9 |1 1 1 1 1 8 9 1 1 1 1 1 12 1 8 7 |1 1 1 1 5 7 1 4 1 1 14 1 12 1 1 1 |1 6 2 1 1 1 1 8 1 1 1 10 1 1 1 1 |1 1 2 15 1 1 8 18 1 1 9 1 1 12 1 1 |1 1 1 1 1 13 10 5 1 9 8 1 1 1 7 5 |2 1 1 1 2 2 1 13 3 13 1 6 1 7 1 4 |1 1 1 9 1 1 1 13 1 1 1 1 1 1 6 1 |1 1 2 1 1 2 3 6 1 5 14 1 1 1 1 1 |
6690: 1 1 1 1 1 7 7 15 1 1 1 1 1 1 5 1 |1 1 1 1 5 1 1 1 1 1 1 13 7 1 10 1 |1 1 8 1 1 1 2 8 6 1 6 9 1 1 1 1 |1 1 1 1 1 1 1 1 5 6 1 1 1 7 1 9 |1 1 1 1 1 8 9 1 1 1 1 1 12 1 8 7 |1 1 1 1 5 7 1 4 1 1 14 1 12 1 1 1 |1 6 2 1 1 1 1 8 1 1 1 10 1 1 1 1 |1 1 2 15 1 1 8 18 1 1 9 1 1 12 1 1 |1 1 1 1 1 13 10 5 1 9 8 1 1 1 7 5 |2 1 1 1 2 2 1 13 3 13 1 6 1 7 1 4 |1 1 1 9 1 1 1 13 1 1 1 1 1 1 6 1 |1 1 2 1 1 2 3 6 1 5 14 1 1 1 1 1 |
6712: 1 1 1 1 1 8 2 1 1 1 1 1 1 1 1 1 |1 1 1 1 5 1 1 1 1 1 1 13 7 1 10 1 |1 1 8 1 1 1 2 8 6 1 6 9 1 1 1 1 |1 1 1 1 1 1 1 1 5 6 1 1 1 7 1 9 |1 1 1 1 1 8 9 1 1 1 1 1 12 1 8 7 |1 1 1 1 5 7 1 4 1 1 14 1 12 1 1 1 |1 6 2 1 1 1 1 8 1 1 1 10 1 1 1 1 |1 1 2 15 1 1 8 18 1 1 9 1 1 12 1 1 |1 1 1 1 1 13 10 5 1 9 8 1 1 1 7 5 |2 1 1 1 2 2 1 13 3 13 1 6 1 7 1 4 |1 1 1 9 1 1 1 13 1 1 1 1 1 1 6 1 |1 1 2 1 1 2 3 6 1 5 14 1 1 1 1 1 |
6723: 1 1 1 1 1 8 2 1 1 1 1 1 1 1 1 1 |4 1 10 1 6 4 1 1 1 1 1 10 2 1 12 1 |1 1 9 1 1 6 13 2 7 1 1 7 1 1 1 1 |1 1 1 2 1 4 7 1 3 7 1 1 10 6 1 9 |1 1 1 1 5 3 8 1 1 1 1 1 13 1 14 12 |1 1 2 1 5 11 1 1 1 1 12 1 11 2 1 1 |1 10 8 1 1 1 1 3 1 1 1 10 1 1 1 1 |1 1 2 15 1 1 8 18 1 1 9 1 1 12 1 1 |1 1 1 1 1 13 10 5 1 9 8 1 1 1 7 5 |2 1 1 1 2 2 1 13 3 13 1 6 1 7 1 4 |1 1 1 9 1 1 1 13 1 1 1 1 1 1 6 1 |1 1 2 1 1 2 3 6 1 5 14 1 1 1 1 1 |
6734: 1 1 1 1 1 8 2 1 1 1 1 1 1 1 1 1 |4 1 10 1 6 4 1 1 1 1 1 10 2 1 12 1 |1 1 9 1 1 6 13 2 7 1 1 7 1 1 1 1 |1 1 1 2 1 4 7 1 3 7 1 1 10 6 1 9 |1 1 1 1 5 3 8 1 1 1 1 1 13 1 14 12 |1 1 2 1 5 11 1 1 1 1 12 1 11 2 1 1 |1 10 8 1 1 1 1 3 1 1 1 10 1 1 1 1 |1 1 1 14 1 1 1 14 1 3 11 1 1 1 1 1 |1 1 1 1 11 14 7 10 3 1 1 1 4 1 6 10 |1 1 6 1 1 1 1 1 1 14 1 7 1 1 1 1 |1 1 1 1 1 1 1 15 1 3 1 3 2 1 7 1 |1 1 1 1 1 1 3 1 1 1 7 1 1 1 1 1 |
6744: 1 1 1 1 1 8 2 1 1 1 1 1 1 1 1 1 |4 1 10 1 6 4 1 1 1 1 1 10 2 1 12 1 |1 1 9 1 1 6 13 2 7 1 1 7 1 1 1 1 |1 1 1 2 1 4 7 1 3 7 1 1 10 6 1 9 |1 1 1 1 5 3 8 1 1 1 1 1 13 1 14 12 |1 1 2 1 5 11 1 1 1 1 12 1 11 2 1 1 |1 10 8 1 1 1 1 3 1 1 1 10 1 1 1 1 |1 1 1 14 1 1 1 14 1 3 11 1 1 1 1 1 |1 1 1 1 11 14 7 10 3 1 1 1 4 1 6 10 |1 1 6 1 1 1 1 1 1 14 1 7 1 1 1 1 |1 1 1 1 1 1 1 15 1 3 1 3 2 1 7 1 |1 1 1 1 1 1 3 1 1 1 7 1 1 1 1 1 |
6755: 1 1 1 6 9 6 7 12 1 1 1 7 1 1 7 1 |1 1 8 1 6 5 1 1 1 1 1 12 6 1 1 1 |1 1 1 1 1 5 4 8 3 1 6 1 1 1 1 1 |1 1 1 3 1 2 1 1 6 8 1 1 1 8 1 1 |1 1 1 1 1 7 8 1 1 1 1 1 9 1 12 7 |1 1 2 1 5 11 1 1 1 1 12 1 11 2 1 1 |1 10 8 1 1 1 1 3 1 1 1 10 1 1 1 1 |1 1 1 14 1 1 1 14 1 3 11 1 1 1 1 1 |1 1 1 1 11 14 7 10 3 1 1 1 4 1 6 10 |1 1 6 1 1 1 1 1 1 14 1 7 1 1 1 1 |1 1 1 1 1 1 1 15 1 3 1 3 2 1 7 1 |1 1 1 1 1 1 3 1 1 1 7 1 1 1 1 1 |
6767: 1 1 1 6 9 6 7 12 1 1 1 7 1 1 7 1 |1 1 8 1 6 5 1 1 1 1 1 12 6 1 1 1 |1 1 1 1 1 5 4 8 3 1 6 1 1 1 1 1 |1 1 1 3 1 2 1 1 6 8 1 1 1 8 1 1 |1 1 1 1 1 7 8 1 1 1 1 1 9 1 12 7 |1 1 9 1 5 9 1 1 1 1 13 1 11 1 1 1 |1 6 8 1 1 1 1 3 1 1 1 10 1 1 1 1 |1 1 1 14 1 1 1 2 1 1 3 3 1 7 1 11 |1 1 1 1 1 15 13 10 1 7 5 1 1 1 9 1 |2 1 6 1 4 1 6 12 3 1 1 6 1 11 1 6 |1 1 1 1 1 1 1 15 1 3 1 1 1 1 1 1 |1 12 1 1 1 14 8 2 1 2 16 1 1 14 1 1 |
6778: 1 1 1 6 9 6 7 12 1 1 1 7 1 1 7 1 |1 1 8 1 6 5 1 1 1 1 1 12 6 1 1 1 |1 1 1 1 1 5 4 8 3 1 6 1 1 1 1 1 |1 1 1 3 1 2 1 1 6 8 1 1 1 8 1 1 |1 1 1 1 1 7 8 1 1 1 1 1 9 1 12 7 |1 1 9 1 5 9 1 1 1 1 13 1 11 1 1 1 |1 6 8 1 1 1 1 3 1 1 1 10 1 1 1 1 |1 1 1 14 1 1 1 2 1 1 3 3 1 7 1 11 |1 1 1 1 1 15 13 10 1 7 5 1 1 1 9 1 |2 1 6 1 4 1 6 12 3 1 1 6 1 11 1 6 |1 1 1 1 1 1 1 15 1 3 1 1 1 1 1 1 |1 12 1 1 1 14 8 2 1 2 16 1 1 14 1 1 |
6789: 1 1 1 6 9 5 1 1 1 1 1 1 1 3 1 1 |8 1 8 1 5 4 1 1 1 1 1 1 1 1 10 1 |1 1 7 1 1 1 4 6 4 1 1 7 1 1 1 2 |1 1 1 3 1 4 1 1 6 7 1 1 1 6 1 11 |1 1 1 1 1 8 1 1 1 1 1 1 9 1 14 7 |1 1 3 1 1 10 1 3 1 1 11 1 10 1 1 1 |1 6 8 1 1 1 1 3 1 1 1 10 1 1 1 1 |1 1 1 14 1 1 1 2 1 1 3 3 1 7 1 11 |1 1 1 1 1 15 13 10 1 7 5 1 1 1 9 1 |2 1 6 1 4 1 6 12 3 1 1 6 1 11 1 6 |1 1 1 1 1 1 1 15 1 3 1 1 1 1 1 1 |1 12 1 1 1 14 8 2 1 2 16 1 1 14 1 1 |
6800: 1 1 1 6 9 5 1 1 1 1 1 1 1 3 1 1 |8 1 8 1 5 4 1 1 1 1 1 1 1 1 10 1 |1 1 7 1 1 1 4 6 4 1 1 7 1 1 1 2 |1 1 1 3 1 4 1 1 6 7 1 1 1 6 1 11 |1 1 1 1 1 8 1 1 1 1 1 1 9 1 14 7 |1 1 3 1 1 10 1 3 1 1 11 1 10 1 1 1 |1 1 16 1 7 1 1 8 1 1 1 10 1 1 2 3 |1 1 4 14 1 2 1 14 1 1 16 1 1 12 1 8 |1 1 1 4 12 15 10 9 7 3 1 1 1 1 9 4 |1 1 7 1 1 1 1 15 3 2 1 5 1 4 1 6 |1 1 1 8 1 1 1 11 5 9 1 2 2 3 1 2 |1 1 1 1 1 16 7 12 1 3 15 1 1 13 1 2 |
6811: 1 1 1 6 9 5 1 1 1 1 1 1 1 3 1 1 |8 1 8 1 5 4 1 1 1 1 1 1 1 1 10 1 |1 1 7 1 1 1 4 6 4 1 1 7 1 1 1 2 |1 1 1 3 1 4 1 1 6 7 1 1 1 6 1 11 |1 1 1 1 1 8 1 1 1 1 1 1 9 1 14 7 |1 1 3 1 1 10 1 3 1 1 11 1 10 1 1 1 |1 1 16 1 7 1 1 8 1 1 1 10 1 1 2 3 |1 1 4 14 1 2 1 14 1 1 16 1 1 12 1 8 |1 1 1 4 12 15 10 9 7 3 1 1 1 1 9 4 |1 1 7 1 1 1 1 15 3 2 1 5 1 4 1 6 |1 1 1 8 1 1 1 11 5 9 1 2 2 3 1 2 |1 1 1 1 1 16 7 12 1 3 15 1 1 13 1 2 |
6822: 1 1 1 7 1 12 7 1 1 1 1 1 1 1 6 1 |1 1 1 1 5 1 1 1 1 1 1 1 1 1 13 1 |1 1 7 1 1 5 1 3 5 1 1 8 1 1 1 2 |1 1 1 3 1 4 7 1 5 8 1 1 1 6 1 10 |1 1 3 1 1 8 9 1 1 1 1 1 9 1 12 7 |1 1 2 1 5 9 1 7 1 1 12 1 1 1 1 1 |1 1 16 1 7 1 1 8 1 1 1 10 1 1 2 3 |1 1 4 14 1 2 1 14 1 1 16 1 1 12 1 8 |1 1 1 4 12 15 10 9 7 3 1 1 1 1 9 4 |1 1 7 1 1 1 1 15 3 2 1 5 1 4 1 6 |1 1 1 8 1 1 1 11 5 9 1 2 2 3 1 2 |1 1 1 1 1 16 7 12 1 3 15 1 1 13 1 2 |
6833: 1 1 1 7 1 12 7 1 1 1 1 1 1 1 6 1 |1 1 1 1 5 1 1 1 1 1 1 1 1 1 13 1 |1 1 7 1 1 5 1 3 5 1 1 8 1 1 1 2 |1 1 1 3 1 4 7 1 5 8 1 1 1 6 1 10 |1 1 3 1 1 8 9 1 1 1 1 1 9 1 12 7 |1 1 2 1 5 9 1 7 1 1 12 1 1 1 1 1 |1 10 9 1 2 1 1 9 1 1 1 10 1 1 1 4 |5 1 1 14 1 4 4 14 1 1 3 1 7 15 1 8 |1 1 1 1 11 9 7 1 2 9 3 1 1 1 8 3 |1 1 1 1 3 1 1 15 6 14 1 1 1 6 1 1 |1 1 3 1 1 1 1 13 1 9 4 1 1 1 8 1 |1 1 1 1 1 1 1 1 1 4 15 1 1 5 1 1 |
6844: 1 1 1 7 1 12 7 1 1 1 1 1 1 1 6 1 |1 1 1 1 5 1 1 1 1 1 1 1 1 1 13 1 |1 1 7 1 1 5 1 3 5 1 1 8 1 1 1 2 |1 1 1 3 1 4 7 1 5 8 1 1 1 6 1 10 |1 1 3 1 1 8 9 1 1 1 1 1 9 1 12 7 |1 1 2 1 5 9 1 7 1 1 12 1 1 1 1 1 |1 10 9 1 2 1 1 9 1 1 1 10 1 1 1 4 |5 1 1 14 1 4 4 14 1 1 3 1 7 15 1 8 |1 1 1 1 11 9 7 1 2 9 3 1 1 1 8 3 |1 1 1 1 3 1 1 15 6 14 1 1 1 6 1 1 |1 1 3 1 1 1 1 13 1 9 4 1 1 1 8 1 |1 1 1 1 1 1 1 1 1 4 15 1 1 5 1 1 |
6855: 1 1 1 7 1 9 8 14 1 2 1 1 1 2 6 1 |1 1 1 1 1 14 1 1 1 1 1 10 1 2 11 1 |1 1 5 1 1 6 13 8 5 1 1 7 1 1 1 2 |1 1 1 3 1 4 5 5 10 6 1 1 1 7 1 10 |1 1 3 1 1 8 9 1 1 1 1 1 9 1 12 7 |1 1 2 1 5 9 1 7 1 1 12 1 1 1 1 1 |1 10 9 1 2 1 1 9 1 1 1 10 1 1 1 4 |5 1 1 14 1 4 4 14 1 1 3 1 7 15 1 8 |1 1 1 1 11 9 7 1 2 9 3 1 1 1 8 3 |1 1 1 1 3 1 1 15 6 14 1 1 1 6 1 1 |1 1 3 1 1 1 1 13 1 9 4 1 1 1 8 1 |1 1 1 1 1 1 1 1 1 4 15 1 1 5 1 1 |
6867: 1 1 1 7 1 9 8 14 1 2 1 1 1 2 6 1 |1 1 1 1 1 14 1 1 1 1 1 10 1 2 11 1 |1 1 5 1 1 6 13 8 5 1 1 7 1 1 1 2 |1 1 1 3 1 4 5 5 10 6 1 1 1 7 1 10 |1 1 1 1 1 8 1 1 1 1 1 1 12 1 9 8 |1 1 8 1 5 4 1 4 1 1 12 1 8 1 1 1 |1 5 8 1 1 1 1 3 1 1 1 11 1 1 1 2 |1 1 4 1 1 1 1 13 1 1 3 1 1 13 1 8 |1 1 1 1 2 9 10 11 1 11 4 1 1 1 9 3 |1 1 4 1 1 1 9 9 4 12 1 1 1 8 1 5 |1 1 1 1 1 1 1 12 1 1 1 1 1 1 1 1 |1 1 1 1 1 10 1 11 1 4 14 1 2 13 1 4 |
6877: 1 1 1 7 1 9 8 14 1 2 1 1 1 2 6 1 |1 1 1 1 1 14 1 1 1 1 1 10 1 2 11 1 |1 1 5 1 1 6 13 8 5 1 1 7 1 1 1 2 |1 1 1 3 1 4 5 5 10 6 1 1 1 7 1 10 |1 1 1 1 1 8 1 1 1 1 1 1 12 1 9 8 |1 1 8 1 5 4 1 4 1 1 12 1 8 1 1 1 |1 5 8 1 1 1 1 3 1 1 1 11 1 1 1 2 |1 1 4 1 1 1 1 13 1 1 3 1 1 13 1 8 |1 1 1 1 2 9 10 11 1 11 4 1 1 1 9 3 |1 1 4 1 1 1 9 9 4 12 1 1 1 8 1 5 |1 1 1 1 1 1 1 12 1 1 1 1 1 1 1 1 |1 1 1 1 1 10 1 11 1 4 14 1 2 13 1 4 |
6888: 1 1 1 1 7 4 8 1 1 1 1 1 1 2 8 1 |8 1 7 1 5 10 1 1 1 1 1 10 1 1 1 1 |1 1 7 1 1 1 4 8 1 1 1 1 1 1 1 2 |1 1 1 1 1 5 9 1 8 5 1 1 1 5 1 9 |1 2 1 1 1 9 1 1 1 1 1 1 11 1 14 6 |1 1 8 1 5 4 1 4 1 1 12 1 8 1 1 1 |1 5 8 1 1 1 1 3 1 1 1 11 1 1 1 2 |1 1 4 1 1 1 1 13 1 1 3 1 1 13 1 8 |1 1 1 1 2 9 10 11 1 11 4 1 1 1 9 3 |1 1 4 1 1 1 9 9 4 12 1 1 1 8 1 5 |1 1 1 1 1 1 1 12 1 1 1 1 1 1 1 1 |1 1 1 1 1 10 1 11 1 4 14 1 2 13 1 4 |
6898: 1 1 1 1 7 4 8 1 1 1 1 1 1 2 8 1 |8 1 7 1 5 10 1 1 1 1 1 10 1 1 1 1 |1 1 7 1 1 1 4 8 1 1 1 1 1 1 1 2 |1 1 1 1 1 5 9 1 8 5 1 1 1 5 1 9 |1 2 1 1 1 9 1 1 1 1 1 1 11 1 14 6 |1 1 2 1 1 10 1 1 1 1 13 1 10 1 1 1 |1 1 16 1 1 1 1 8 1 1 1 11 1 1 1 1 |1 1 2 15 1 1 1 12 1 1 16 1 1 12 1 1 |1 1 1 1 4 15 11 4 1 1 1 1 1 1 8 3 |2 3 1 1 1 7 1 13 8 8 1 6 1 10 1 5 |8 1 1 1 1 1 4 13 1 1 10 5 1 4 3 1 |1 1 1 1 1 1 3 12 1 3 16 1 1 13 1 1 |
6909: 1 1 1 1 7 4 8 1 1 1 1 1 1 2 8 1 |8 1 7 1 5 10 1 1 1 1 1 10 1 1 1 1 |1 1 7 1 1 1 4 8 1 1 1 1 1 1 1 2 |1 1 1 1 1 5 9 1 8 5 1 1 1 5 1 9 |1 2 1 1 1 9 1 1 1 1 1 1 11 1 14 6 |1 1 2 1 1 10 1 1 1 1 13 1 10 1 1 1 |1 1 16 1 1 1 1 8 1 1 1 11 1 1 1 1 |1 1 2 15 1 1 1 12 1 1 16 1 1 12 1 1 |1 1 1 1 4 15 11 4 1 1 1 1 1 1 8 3 |2 3 1 1 1 7 1 13 8 8 1 6 1 10 1 5 |8 1 1 1 1 1 4 13 1 1 10 5 1 4 3 1 |1 1 1 1 1 1 3 12 1 3 16 1 1 13 1 1 |
6920: 1 1 1 6 1 12 6 1 1 1 1 1 1 1 6 1 |1 1 1 1 6 5 1 1 1 1 1 1 1 1 1 1 |1 1 8 1 1 6 1 1 5 1 1 7 1 1 1 1 |1 1 1 1 1 5 9 1 8 5 1 1 1 5 1 9 |1 2 1 1 1 9 1 1 1 1 1 1 11 1 14 6 |1 1 2 1 1 10 1 1 1 1 13 1 10 1 1 1 |1 1 16 1 1 1 1 8 1 1 1 11 1 1 1 1 |1 1 2 15 1 1 1 12 1 1 16 1 1 12 1 1 |1 1 1 1 4 15 11 4 1 1 1 1 1 1 8 3 |2 3 1 1 1 7 1 13 8 8 1 6 1 10 1 5 |8 1 1 1 1 1 4 13 1 1 10 5 1 4 3 1 |1 1 1 1 1 1 3 12 1 3 16 1 1 13 1 1 |
6930: 1 1 1 6 1 12 6 1 1 1 1 1 1 1 6 1 |1 1 1 1 6 5 1 1 1 1 1 1 1 1 1 1 |1 1 8 1 1 6 1 1 5 1 1 7 1 1 1 1 |1 1 1 1 1 5 7 1 7 7 1 1 1 7 1 10 |1 1 1 1 1 7 8 1 1 1 1 1 11 2 8 1 |1 1 2 1 4 10 1 1 1 1 11 1 9 1 1 1 |1 4 8 2 1 1 1 8 1 1 9 4 1 1 1 1 |1 1 1 13 1 1 1 15 1 1 10 1 1 13 1 8 |1 1 1 1 1 5 5 1 2 8 9 1 1 1 8 3 |3 1 4 1 1 1 1 13 1 7 1 4 1 1 1 7 |1 1 3 1 1 1 1 13 7 9 1 1 1 1 1 1 |1 1 1 1 1 1 3 12 1 3 16 1 1 13 1 1 |
6941: 1 1 1 6 1 12 6 1 1 1 1 1 1 1 6 1 |1 1 1 1 6 5 1 1 1 1 1 1 1 1 1 1 |1 1 8 1 1 6 1 1 5 1 1 7 1 1 1 1 |1 1 1 1 1 5 7 1 7 7 1 1 1 7 1 10 |1 1 1 1 1 7 8 1 1 1 1 1 11 2 8 1 |1 1 2 1 4 10 1 1 1 1 11 1 9 1 1 1 |1 4 8 2 1 1 1 8 1 1 9 4 1 1 1 1 |1 1 1 13 1 1 1 15 1 1 10 1 1 13 1 8 |1 1 1 1 1 5 5 1 2 8 9 1 1 1 8 3 |3 1 4 1 1 1 1 13 1 7 1 4 1 1 1 7 |1 1 3 1 1 1 1 13 7 9 1 1 1 1 1 1 |1 1 1 1 1 1 2 1 1 4 14 1 1 1 1 12 |
6952: 5 1 1 9 7 6 6 1 1 1 1 6 1 1 7 1 |1 1 1 1 6 5 1 1 1 1 1 1 1 1 1 1 |1 1 8 1 1 6 1 1 5 1 1 7 1 1 1 1 |1 1 1 1 1 5 7 1 7 7 1 1 1 7 1 10 |1 1 1 1 1 7 8 1 1 1 1 1 11 2 8 1 |1 1 2 1 4 10 1 1 1 1 11 1 9 1 1 1 |1 4 8 2 1 1 1 8 1 1 9 4 1 1 1 1 |1 1 1 13 1 1 1 15 1 1 10 1 1 13 1 8 |1 1 1 1 1 5 5 1 2 8 9 1 1 1 8 3 |3 1 4 1 1 1 1 13 1 7 1 4 1 1 1 7 |1 1 3 1 1 1 1 13 7 9 1 1 1 1 1 1 |1 1 1 1 1 1 2 1 1 4 14 1 1 1 1 12 |
6963: 5 1 1 9 7 6 6 1 1 1 1 6 1 1 7 1 |1 1 6 1 1 10 1 1 1 1 1 1 1 1 14 1 |1 1 12 1 1 6 4 8 6 1 2 7 1 1 1 2 |1 1 1 2 1 4 1 1 7 5 1 1 1 6 1 10 |1 1 1 1 1 8 7 1 1 1 1 1 11 1 7 1 |1 1 1 1 5 9 1 1 1 1 13 1 9 1 1 1 |1 5 8 1 1 1 1 3 1 1 1 10 1 1 1 1 |1 1 1 1 1 1 9 13 1 1 13 1 1 12 1 10 |1 1 1 1 2 15 9 5 1 9 9 1 1 3 7 1 |3 1 4 1 1 1 1 13 1 7 1 4 1 1 1 7 |1 1 3 1 1 1 1 13 7 9 1 1 1 1 1 1 |1 1 1 1 1 1 2 1 1 4 14 1 1 1 1 12 |
6974: 5 1 1 9 7 6 6 1 1 1 1 6 1 1 7 1 |1 1 6 1 1 10 1 1 1 1 1 1 1 1 14 1 |1 1 12 1 1 6 4 8 6 1 2 7 1 1 1 2 |1 1 1 2 1 4 1 1 7 5 1 1 1 6 1 10 |1 1 1 1 1 8 7 1 1 1 1 1 11 1 7 1 |1 1 1 1 5 9 1 1 1 1 13 1 9 1 1 1 |1 5 8 1 1 1 1 3 1 1 1 10 1 1 1 1 |1 1 1 1 1 1 9 13 1 1 13 1 1 12 1 10 |1 1 1 1 2 15 9 5 1 9 9 1 1 3 7 1 |2 1 1 1 3 1 6 11 1 12 1 6 1 9 1 1 |1 1 1 1 1 1 5 8 4 3 1 2 1 1 1 1 |1 7 1 7 1 16 7 1 1 3 10 1 1 11 1 11 |
6985: 1 1 1 1 1 9 7 5 1 1 1 4 1 1 1 1 |5 1 6 1 5 1 1 1 1 1 1 1 1 1 13 1 |1 1 12 1 1 6 4 8 6 1 2 7 1 1 1 2 |1 1 1 2 1 4 1 1 7 5 1 1 1 6 1 10 |1 1 1 1 1 8 7 1 1 1 1 1 11 1 7 1 |1 1 1 1 5 9 1 1 1 1 13 1 9 1 1 1 |1 5 8 1 1 1 1 3 1 1 1 10 1 1 1 1 |1 1 1 1 1 1 9 13 1 1 13 1 1 12 1 10 |1 1 1 1 2 15 9 5 1 9 9 1 1 3 7 1 |2 1 1 1 3 1 6 11 1 12 1 6 1 9 1 1 |1 1 1 1 1 1 5 8 4 3 1 2 1 1 1 1 |1 7 1 7 1 16 7 1 1 3 10 1 1 11 1 11 |
6995: 1 1 1 1 1 9 7 5 1 1 1 4 1 1 1 1 |5 1 6 1 5 1 1 1 1 1 1 1 1 1 13 1 |1 1 7 1 1 5 1 1 4 1 1 6 1 1 1 1 |1 1 3 3 1 4 3 1 7 8 1 1 1 5 1 10 |1 1 1 1 1 9 1 1 1 1 1 1 10 1 13 6 |1 1 2 1 9 10 1 1 1 1 13 1 8 1 1 1 |1 1 1 1 1 1 1 9 1 1 1 13 1 1 1 1 |1 1 1 14 1 3 16 8 1 1 16 1 1 13 1 8 |1 1 1 1 9 14 9 4 1 8 2 1 10 1 1 1 |2 1 1 1 3 1 6 11 1 12 1 6 1 9 1 1 |1 1 1 1 1 1 5 8 4 3 1 2 1 1 1 1 |1 7 1 7 1 16 7 1 1 3 10 1 1 11 1 11 |
7006: 1 1 1 1 1 9 7 5 1 1 1 4 1 1 1 1 |5 1 6 1 5 1 1 1 1 1 1 1 1 1 13 1 |1 1 7 1 1 5 1 1 4 1 1 6 1 1 1 1 |1 1 3 3 1 4 3 1 7 8 1 1 1 5 1 10 |1 1 1 1 1 9 1 1 1 1 1 1 10 1 13 6 |1 1 2 1 9 10 1 1 1 1 13 1 8 1 1 1 |1 1 1 1 1 1 1 9 1 1 1 13 1 1 1 1 |1 1 1 14 1 3 16 8 1 1 16 1 1 13 1 8 |1 1 1 1 9 14 9 4 1 8 2 1 10 1 1 1 |1 6 1 1 2 2 1 14 9 7 1 5 1 9 1 1 |1 1 3 1 1 1 1 13 6 3 9 1 1 1 1 1 |1 2 1 1 1 1 1 1 1 4 9 1 1 12 1 4 |
7017: 1 1 1 1 1 9 7 5 1 1 1 4 1 1 1 1 |5 1 6 1 5 1 1 1 1 1 1 1 1 1 13 1 |1 1 7 1 1 5 1 1 4 1 1 6 1 1 1 1 |1 1 3 3 1 4 3 1 7 8 1 1 1 5 1 10 |1 1 1 1 1 9 1 1 1 1 1 1 10 1 13 6 |1 1 2 1 9 10 1 1 1 1 13 1 8 1 1 1 |1 1 1 1 1 1 1 9 1 1 1 13 1 1 1 1 |1 1 1 14 1 3 16 8 1 1 16 1 1 13 1 8 |1 1 1 1 9 14 9 4 1 8 2 1 10 1 1 1 |1 6 1 1 2 2 1 14 9 7 1 5 1 9 1 1 |1 1 3 1 1 1 1 13 6 3 9 1 1 1 1 1 |1 2 1 1 1 1 1 1 1 4 9 1 1 12 1 4 |
7029: 1 1 1 5 1 1 1 1 1 1 1 1 1 2 5 1 |1 1 1 1 5 1 1 1 1 1 1 10 1 1 1 1 |1 1 9 1 1 7 9 5 5 1 1 8 1 1 1 1 |1 1 1 3 1 4 7 1 8 5 1 1 1 6 1 9 |1 1 1 1 1 7 1 1 1 1 1 1 11 1 12 8 |1 1 1 1 6 9 1 1 1 1 10 1 9 1 3 1 |1 5 2 1 1 1 1 8 1 1 1 9 1 1 1 2 |1 1 1 14 1 1 1 14 1 1 9 1 1 13 1 1 |1 1 1 1 9 14 9 4 1 8 2 1 10 1 1 1 |1 6 1 1 2 2 1 14 9 7 1 5 1 9 1 1 |1 1 3 1 1 1 1 13 6 3 9 1 1 1 1 1 |1 2 1 1 1 1 1 1 1 4 9 1 1 12 1 4 |
7040: 1 1 1 5 1 1 1 1 1 1 1 1 1 2 5 1 |1 1 1 1 5 1 1 1 1 1 1 10 1 1 1 1 |1 1 9 1 1 7 9 5 5 1 1 8 1 1 1 1 |1 1 1 3 1 4 7 1 8 5 1 1 1 6 1 9 |1 1 1 1 1 7 1 1 1 1 1 1 11 1 12 8 |1 1 1 1 6 9 1 1 1 1 10 1 9 1 3 1 |1 5 2 1 1 1 1 8 1 1 1 9 1 1 1 2 |1 1 1 14 1 1 1 14 1 1 9 1 1 13 1 1 |1 1 1 1 3 10 7 1 2 9 3 1 10 1 8 2 |2 1 5 1 2 1 1 13 7 14 1 5 1 7 1 1 |1 1 3 1 1 1 1 1 6 5 1 1 1 1 10 1 |1 1 1 1 1 1 3 12 1 3 9 1 1 5 1 1 |
7051: 1 1 1 5 1 1 1 1 1 1 1 1 1 2 5 1 |1 1 1 1 5 1 1 1 1 1 1 10 1 1 1 1 |1 1 9 1 1 7 9 5 5 1 1 8 1 1 1 1 |1 1 1 3 1 4 7 1 8 5 1 1 1 6 1 9 |1 1 1 1 1 7 1 1 1 1 1 1 11 1 12 8 |1 1 1 1 6 9 1 1 1 1 10 1 9 1 3 1 |1 5 2 1 1 1 1 8 1 1 1 9 1 1 1 2 |1 1 1 14 1 1 1 14 1 1 9 1 1 13 1 1 |1 1 1 1 3 10 7 1 2 9 3 1 10 1 8 2 |2 1 5 1 2 1 1 13 7 14 1 5 1 7 1 1 |1 1 3 1 1 1 1 1 6 5 1 1 1 1 10 1 |1 1 1 1 1 1 3 12 1 3 9 1 1 5 1 1 |
7062: 4 1 1 5 5 8 9 10 1 3 3 3 1 1 1 1 |2 1 8 1 1 8 1 1 1 1 1 11 8 1 10 1 |1 1 9 1 1 7 4 9 3 1 1 1 1 1 1 2 |1 1 1 3 1 4 1 1 6 8 1 1 1 5 1 9 |1 1 1 1 2 7 9 1 1 1 1 1 10 1 15 6 |1 1 1 1 5 9 1 1 1 1 14 1 8 1 1 1 |1 2 12 1 1 1 1 4 1 5 1 11 1 4 1 1 |7 1 5 1 1 1 1 12 1 1 13 1 1 8 1 8 |1 13 1 1 13 17 8 10 3 1 1 1 1 1 2 1 |1 1 5 1 1 1 7 12 8 8 1 5 1 10 1 7 |1 1 3 1 1 1 1 1 6 5 1 1 1 1 10 1 |1 1 1 1 1 1 3 12 1 3 9 1 1 5 1 1 |
7073: 4 1 1 5 5 8 9 10 1 3 3 3 1 1 1 1 |2 1 8 1 1 8 1 1 1 1 1 11 8 1 10 1 |1 1 9 1 1 7 4 9 3 1 1 1 1 1 1 2 |1 1 1 3 1 4 1 1 6 8 1 1 1 5 1 9 |1 1 1 1 2 7 9 1 1 1 1 1 10 1 15 6 |1 1 1 1 5 9 1 1 1 1 14 1 8 1 1 1 |1 2 12 1 1 1 1 4 1 5 1 11 1 4 1 1 |7 1 5 1 1 1 1 12 1 1 13 1 1 8 1 8 |1 13 1 1 13 17 8 10 3 1 1 1 1 1 2 1 |1 1 5 1 1 1 7 12 8 8 1 5 1 10 1 7 |1 1 1 1 1 1 1 15 6 4 1 1 1 2 7 1 |1 7 1 7 1 14 7 1 1 1 16 1 1 1 1 11 |
7084: 4 1 1 5 5 8 9 10 1 3 3 3 1 1 1 1 |2 1 8 1 1 8 1 1 1 1 1 11 8 1 10 1 |1 1 9 1 1 7 4 9 3 1 1 1 1 1 1 2 |1 1 1 3 1 4 1 1 6 8 1 1 1 5 1 9 |1 1 1 1 2 7 9 1 1 1 1 1 10 1 15 6 |1 1 1 1 5 9 1 1 1 1 14 1 8 1 1 1 |1 2 12 1 1 1 1 4 1 5 1 11 1 4 1 1 |7 1 5 1 1 1 1 12 1 1 13 1 1 8 1 8 |1 13 1 1 13 17 8 10 3 1 1 1 1 1 2 1 |1 1 5 1 1 1 7 12 8 8 1 5 1 10 1 7 |1 1 1 1 1 1 1 15 6 4 1 1 1 2 7 1 |1 7 1 7 1 14 7 1 1 1 16 1 1 1 1 11 |
7095: 1 1 1 8 1 7 7 13 1 1 1 4 1 1 7 1 |1 1 7 1 1 1 1 2 1 1 1 5 1 1 12 1 |1 1 5 1 1 2 3 4 4 1 7 7 1 1 1 1 |1 1 1 4 1 5 8 1 6 8 1 1 1 5 1 10 |1 9 1 1 1 8 1 1 1 1 1 1 11 1 11 11 |1 1 2 1 1 11 1 1 1 1 12 1 7 1 1 1 |1 10 1 1 7 1 1 9 1 1 1 11 1 1 1 1 |1 1 8 14 1 1 15 9 1 1 14 1 1 14 1 9 |1 1 1 1 13 14 7 2 1 7 3 1 11 1 1 1 |1 1 5 1 1 1 7 12 8 8 1 5 1 10 1 7 |1 1 1 1 1 1 1 15 6 4 1 1 1 2 7 1 |1 7 1 7 1 14 7 1 1 1 16 1 1 1 1 11 |
7107: 1 1 1 8 1 7 7 13 1 1 1 4 1 1 7 1 |1 1 7 1 1 1 1 2 1 1 1 5 1 1 12 1 |1 1 5 1 1 2 3 4 4 1 7 7 1 1 1 1 |1 1 1 4 1 5 8 1 6 8 1 1 1 5 1 10 |1 9 1 1 1 8 1 1 1 1 1 1 11 1 11 11 |1 1 2 1 1 11 1 1 1 1 12 1 7 1 1 1 |1 10 1 1 7 1 1 9 1 1 1 11 1 1 1 1 |1 1 8 14 1 1 15 9 1 1 14 1 1 14 1 9 |1 1 1 1 13 14 7 2 1 7 3 1 11 1 1 1 |1 1 1 1 1 1 1 12 1 13 1 5 1 10 1 8 |1 1 3 1 1 1 1 14 4 3 9 1 1 1 8 1 |1 5 1 1 1 14 8 2 1 1 17 1 1 11 1 1 |
7117: 1 1 1 8 1 7 7 13 1 1 1 4 1 1 7 1 |1 1 7 1 1 1 1 2 1 1 1 5 1 1 12 1 |1 1 5 1 1 2 3 4 4 1 7 7 1 1 1 1 |1 1 1 4 1 5 8 1 6 8 1 1 1 5 1 10 |1 9 1 1 1 8 1 1 1 1 1 1 11 1 11 11 |1 1 2 1 1 11 1 1 1 1 12 1 7 1 1 1 |1 10 1 1 7 1 1 9 1 1 1 11 1 1 1 1 |1 1 8 14 1 1 15 9 1 1 14 1 1 14 1 9 |1 1 1 1 13 14 7 2 1 7 3 1 11 1 1 1 |1 1 1 1 1 1 1 12 1 13 1 5 1 10 1 8 |1 1 3 1 1 1 1 14 4 3 9 1 1 1 8 1 |1 5 1 1 1 14 8 2 1 1 17 1 1 11 1 1 |
7128: 1 1 1 7 1 1 7 4 1 1 1 1 1 3 6 1 |1 1 6 1 4 1 1 1 1 1 4 10 1 1 1 1 |1 1 7 1 1 1 1 1 5 1 1 6 1 1 1 2 |1 1 1 1 2 4 8 1 2 8 1 1 1 5 1 10 |1 1 1 1 1 9 6 1 1 1 1 1 12 1 14 7 |1 1 1 1 6 10 1 1 1 1 11 1 8 3 1 1 |1 12 8 1 1 1 1 8 1 1 9 7 1 1 1 1 |1 1 8 14 1 1 15 9 1 1 14 1 1 14 1 9 |1 1 1 1 13 14 7 2 1 7 3 1 11 1 1 1 |1 1 1 1 1 1 1 12 1 13 1 5 1 10 1 8 |1 1 3 1 1 1 1 14 4 3 9 1 1 1 8 1 |1 5 1 1 1 14 8 2 1 1 17 1 1 11 1 1 |
7139: 1 1 1 7 1 1 7 4 1 1 1 1 1 3 6 1 |1 1 6 1 4 1 1 1 1 1 4 10 1 1 1 1 |1 1 7 1 1 1 1 1 5 1 1 6 1 1 1 2 |1 1 1 1 2 4 8 1 2 8 1 1 1 5 1 10 |1 1 1 1 1 9 6 1 1 1 1 1 12 1 14 7 |1 1 1 1 6 10 1 1 1 1 11 1 8 3 1 1 |1 12 8 1 1 1 1 8 1 1 9 7 1 1 1 1 |1 1 1 14 1 3 2 14 1 1 1 1 1 14 1 10 |1 1 1 1 12 3 3 2 1 9 9 1 1 3 6 4 |1 1 1 1 1 3 1 11 1 13 1 5 1 10 1 1 |1 1 3 1 1 1 1 13 4 4 1 1 1 3 1 1 |1 1 1 1 1 10 2 1 1 4 10 1 1 4 1 1 |
7150: 1 1 1 7 1 1 7 4 1 1 1 1 1 3 6 1 |1 1 6 1 4 1 1 1 1 1 4 10 1 1 1 1 |1 1 7 1 1 1 1 1 5 1 1 6 1 1 1 2 |1 1 1 1 2 4 8 1 2 8 1 1 1 5 1 10 |1 1 1 1 1 9 6 1 1 1 1 1 12 1 14 7 |1 1 1 1 6 10 1 1 1 1 11 1 8 3 1 1 |1 12 8 1 1 1 1 8 1 1 9 7 1 1 1 1 |1 1 1 14 1 3 2 14 1 1 1 1 1 14 1 10 |1 1 1 1 12 3 3 2 1 9 9 1 1 3 6 4 |1 1 1 1 1 3 1 11 1 13 1 5 1 10 1 1 |1 1 3 1 1 1 1 13 4 4 1 1 1 3 1 1 |1 1 1 1 1 10 2 1 1 4 10 1 1 4 1 1 |
7161: 3 1 1 3 6 6 9 5 1 1 1 1 1 1 7 1 |1 1 8 1 1 10 1 1 1 1 4 1 1 1 11 1 |1 1 1 1 1 8 3 1 1 1 1 6 1 1 1 1 |1 1 1 3 1 4 1 1 7 8 1 1 1 6 1 9 |1 1 1 1 9 6 1 1 1 1 1 1 1 2 11 1 |1 1 1 1 5 11 1 4 1 1 14 1 9 1 1 1 |1 9 8 1 7 1 8 1 1 1 1 10 1 1 1 1 |1 1 3 1 1 3 1 15 1 1 14 1 1 14 1 9 |1 1 1 1 12 3 3 2 1 9 9 1 1 3 6 4 |1 1 1 1 1 3 1 11 1 13 1 5 1 10 1 1 |1 1 3 1 1 1 1 13 4 4 1 1 1 3 1 1 |1 1 1 1 1 10 2 1 1 4 10 1 1 4 1 1 |
7172: 3 1 1 3 6 6 9 5 1 1 1 1 1 1 7 1 |1 1 8 1 1 10 1 1 1 1 4 1 1 1 11 1 |1 1 1 1 1 8 3 1 1 1 1 6 1 1 1 1 |1 1 1 3 1 4 1 1 7 8 1 1 1 6 1 9 |1 1 1 1 9 6 1 1 1 1 1 1 1 2 11 1 |1 1 1 1 5 11 1 4 1 1 14 1 9 1 1 1 |1 9 8 1 7 1 8 1 1 1 1 10 1 1 1 1 |1 1 3 1 1 3 1 15 1 1 14 1 1 14 1 9 |1 10 1 1 12 13 9 6 1 9 11 1 1 1 1 1 |1 1 1 1 3 1 1 13 2 12 1 6 1 3 1 7 |1 1 1 10 1 1 1 13 5 5 6 1 1 1 1 1 |1 6 1 8 1 13 12 1 1 6 15 1 1 13 1 1 |
7183: 3 1 1 3 6 6 9 5 1 1 1 1 1 1 7 1 |1 1 8 1 1 10 1 1 1 1 4 1 1 1 11 1 |1 1 1 1 1 8 3 1 1 1 1 6 1 1 1 1 |1 1 1 3 1 4 1 1 7 8 1 1 1 6 1 9 |1 1 1 1 9 6 1 1 1 1 1 1 1 2 11 1 |1 1 1 1 5 11 1 4 1 1 14 1 9 1 1 1 |1 9 8 1 7 1 8 1 1 1 1 10 1 1 1 1 |1 1 3 1 1 3 1 15 1 1 14 1 1 14 1 9 |1 10 1 1 12 13 9 6 1 9 11 1 1 1 1 1 |1 1 1 1 3 1 1 13 2 12 1 6 1 3 1 7 |1 1 1 10 1 1 1 13 5 5 6 1 1 1 1 1 |1 6 1 8 1 13 12 1 1 6 15 1 1 13 1 1 |
7194: 1 1 1 1 7 5 1 1 1 1 1 4 1 1 8 1 |1 1 6 1 5 1 1 1 1 1 1 1 1 1 1 1 |1 1 8 1 1 10 12 1 4 1 1 6 1 1 1 1 |1 1 1 1 1 6 6 1 2 7 1 1 1 8 1 9 |1 1 1 1 1 8 1 1 1 1 1 1 12 1 8 8 |1 1 1 1 1 10 1 1 1 1 12 1 10 1 1 1 |1 9 8 1 7 1 8 1 1 1 1 10 1 1 1 1 |1 1 3 1 1 3 1 15 1 1 14 1 1 14 1 9 |1 10 1 1 12 13 9 6 1 9 11 1 1 1 1 1 |1 1 1 1 3 1 1 13 2 12 1 6 1 3 1 7 |1 1 1 10 1 1 1 13 5 5 6 1 1 1 1 1 |1 6 1 8 1 13 12 1 1 6 15 1 1 13 1 1 |
7204: 1 1 1 1 7 5 1 1 1 1 1 4 1 1 8 1 |1 1 6 1 5 1 1 1 1 1 1 1 1 1 1 1 |1 1 8 1 1 10 12 1 4 1 1 6 1 1 1 1 |1 1 1 1 1 6 6 1 2 7 1 1 1 8 1 9 |1 1 1 1 1 8 1 1 1 1 1 1 12 1 8 8 |1 1 1 1 1 10 1 1 1 1 12 1 10 1 1 1 |1 14 8 1 1 1 1 9 1 1 1 11 1 1 1 1 |1 1 10 6 1 1 14 14 1 1 14 1 1 11 1 10 |1 1 1 1 14 8 9 5 1 9 5 1 1 1 1 10 |1 4 1 1 3 1 1 13 2 12 1 6 1 1 1 7 |1 1 1 1 1 1 1 14 6 4 12 4 1 1 8 1 |1 4 1 1 1 16 11 1 1 5 14 1 1 11 1 4 |
7215: 1 1 1 1 7 5 1 1 1 1 1 4 1 1 8 1 |1 1 6 1 5 1 1 1 1 1 1 1 1 1 1 1 |1 1 8 1 1 10 12 1 4 1 1 6 1 1 1 1 |1 1 1 1 1 6 6 1 2 7 1 1 1 8 1 9 |1 1 1 1 1 8 1 1 1 1 1 1 12 1 8 8 |1 1 1 1 1 10 1 1 1 1 12 1 10 1 1 1 |1 14 8 1 1 1 1 9 1 1 1 11 1 1 1 1 |1 1 10 6 1 1 14 14 1 1 14 1 1 11 1 10 |1 1 1 1 14 8 9 5 1 9 5 1 1 1 1 10 |1 4 1 1 3 1 1 13 2 12 1 6 1 1 1 7 |1 1 1 1 1 1 1 14 6 4 12 4 1 1 8 1 |1 4 1 1 1 16 11 1 1 5 14 1 1 11 1 4 |
7226: 1 1 1 1 1 8 6 9 1 1 1 1 1 1 5 1 |1 1 1 1 5 1 1 1 1 1 1 1 1 1 11 1 |1 1 9 1 1 3 1 1 7 1 1 6 1 1 1 2 |1 1 1 1 1 5 6 1 7 4 1 1 1 7 1 10 |1 7 1 1 1 8 8 1 1 1 1 1 11 1 6 13 |1 1 1 1 6 6 1 1 1 1 1 1 1 1 2 1 |1 14 8 1 1 1 1 9 1 1 1 11 1 1 1 1 |1 1 10 6 1 1 14 14 1 1 14 1 1 11 1 10 |1 1 1 1 14 8 9 5 1 9 5 1 1 1 1 10 |1 4 1 1 3 1 1 13 2 12 1 6 1 1 1 7 |1 1 1 1 1 1 1 14 6 4 12 4 1 1 8 1 |1 4 1 1 1 16 11 1 1 5 14 1 1 11 1 4 |
7237: 1 1 1 1 1 8 6 9 1 1 1 1 1 1 5 1 |1 1 1 1 5 1 1 1 1 1 1 1 1 1 11 1 |1 1 9 1 1 3 1 1 7 1 1 6 1 1 1 2 |1 1 1 1 1 5 6 1 7 4 1 1 1 7 1 10 |1 7 1 1 1 8 8 1 1 1 1 1 11 1 6 13 |1 1 1 1 6 6 1 1 1 1 1 1 1 1 2 1 |1 10 1 5 1 1 1 9 1 4 1 10 1 1 1 2 |4 1 1 15 1 1 8 14 1 1 17 1 1 12 1 1 |1 1 1 1 12 1 9 5 1 7 9 1 9 1 9 4 |1 1 1 1 2 1 1 12 1 1 1 3 1 5 1 1 |8 1 1 1 1 1 1 13 1 1 10 2 1 1 1 1 |1 1 1 3 1 9 3 4 1 4 10 1 1 11 1 12 |
7248: 1 1 1 1 1 8 6 9 1 1 1 1 1 1 5 1 |1 1 1 1 5 1 1 1 1 1 1 1 1 1 11 1 |1 1 9 1 1 3 1 1 7 1 1 6 1 1 1 2 |1 1 1 1 1 5 6 1 7 4 1 1 1 7 1 10 |1 7 1 1 1 8 8 1 1 1 1 1 11 1 6 13 |1 1 1 1 6 6 1 1 1 1 1 1 1 1 2 1 |1 10 1 5 1 1 1 9 1 4 1 10 1 1 1 2 |4 1 1 15 1 1 8 14 1 1 17 1 1 12 1 1 |1 1 1 1 12 1 9 5 1 7 9 1 9 1 9 4 |1 1 1 1 2 1 1 12 1 1 1 3 1 5 1 1 |8 1 1 1 1 1 1 13 1 1 10 2 1 1 1 1 |1 1 1 3 1 9 3 4 1 4 10 1 1 11 1 12 |
7259: 1 1 1 6 7 7 8 13 1 2 1 3 1 1 2 1 |2 1 7 1 1 1 1 1 1 1 1 10 1 1 12 1 |1 1 1 1 1 1 13 8 3 1 2 7 1 1 1 2 |1 1 1 3 1 5 1 1 7 6 1 1 1 6 1 8 |1 8 1 1 1 6 1 1 1 1 1 1 11 1 8 1 |1 1 2 1 4 10 1 1 1 1 13 1 9 1 1 1 |1 10 1 5 1 1 1 9 1 4 1 10 1 1 1 2 |4 1 1 15 1 1 8 14 1 1 17 1 1 12 1 1 |1 1 1 1 12 1 9 5 1 7 9 1 9 1 9 4 |1 1 1 1 2 1 1 12 1 1 1 3 1 5 1 1 |8 1 1 1 1 1 1 13 1 1 10 2 1 1 1 1 |1 1 1 3 1 9 3 4 1 4 10 1 1 11 1 12 |
7270: 1 1 1 6 7 7 8 13 1 2 1 3 1 1 2 1 |2 1 7 1 1 1 1 1 1 1 1 10 1 1 12 1 |1 1 1 1 1 1 13 8 3 1 2 7 1 1 1 2 |1 1 1 3 1 5 1 1 7 6 1 1 1 6 1 8 |1 8 1 1 1 6 1 1 1 1 1 1 11 1 8 1 |1 1 2 1 4 10 1 1 1 1 13 1 9 1 1 1 |1 5 8 1 1 1 3 1 1 1 1 11 1 1 1 1 |6 1 1 5 1 1 1 14 1 1 15 1 1 14 1 8 |1 5 1 1 1 16 7 10 7 1 1 1 12 1 1 1 |3 1 5 1 3 1 1 12 6 15 1 6 1 1 1 2 |5 1 1 4 1 1 1 13 6 8 11 3 1 1 7 1 |1 7 1 1 1 2 1 1 1 4 16 1 1 14 1 13 |
7281: 1 1 1 6 7 7 8 13 1 2 1 3 1 1 2 1 |2 1 7 1 1 1 1 1 1 1 1 10 1 1 12 1 |1 1 1 1 1 1 13 8 3 1 2 7 1 1 1 2 |1 1 1 3 1 5 1 1 7 6 1 1 1 6 1 8 |1 8 1 1 1 6 1 1 1 1 1 1 11 1 8 1 |1 1 2 1 4 10 1 1 1 1 13 1 9 1 1 1 |1 5 8 1 1 1 3 1 1 1 1 11 1 1 1 1 |6 1 1 5 1 1 1 14 1 1 15 1 1 14 1 8 |1 5 1 1 1 16 7 10 7 1 1 1 12 1 1 1 |3 1 5 1 3 1 1 12 6 15 1 6 1 1 1 2 |5 1 1 4 1 1 1 13 6 8 11 3 1 1 7 1 |1 7 1 1 1 2 1 1 1 4 16 1 1 14 1 13 |
7293: 1 1 1 2 6 7 6 1 1 1 1 1 1 1 5 1 |4 1 8 1 4 4 1 1 1 1 1 1 1 1 10 1 |1 1 9 1 1 8 3 1 7 1 1 9 1 1 1 1 |1 1 1 3 1 6 7 1 5 8 1 1 1 8 1 11 |1 1 1 1 1 1 1 1 1 1 1 1 12 1 13 1 |1 1 2 1 1 1 1 6 1 1 12 1 10 1 1 1 |1 16 8 1 7 1 1 8 1 1 1 10 1 1 1 1 |6 1 1 5 1 1 1 14 1 1 15 1 1 14 1 8 |1 5 1 1 1 16 7 10 7 1 1 1 12 1 1 1 |3 1 5 1 3 1 1 12 6 15 1 6 1 1 1 2 |5 1 1 4 1 1 1 13 6 8 11 3 1 1 7 1 |1 7 1 1 1 2 1 1 1 4 16 1 1 14 1 13 |
7304: 1 1 1 2 6 7 6 1 1 1 1 1 1 1 5 1 |4 1 8 1 4 4 1 1 1 1 1 1 1 1 10 1 |1 1 9 1 1 8 3 1 7 1 1 9 1 1 1 1 |1 1 1 3 1 6 7 1 5 8 1 1 1 8 1 11 |1 1 1 1 1 1 1 1 1 1 1 1 12 1 13 1 |1 1 2 1 1 1 1 6 1 1 12 1 10 1 1 1 |1 16 8 1 7 1 1 8 1 1 1 10 1 1 1 1 |5 1 4 13 1 1 4 13 1 1 14 1 1 14 1 1 |1 1 1 1 12 9 9 6 1 9 10 1 1 1 10 5 |1 4 1 1 3 6 1 15 3 13 1 6 1 5 1 7 |1 1 2 1 1 1 1 15 1 1 11 7 1 1 1 1 |1 4 1 8 1 16 11 2 1 3 13 1 1 13 1 1 |
7315: 1 1 1 2 6 7 6 1 1 1 1 1 1 1 5 1 |4 1 8 1 4 4 1 1 1 1 1 1 1 1 10 1 |1 1 9 1 1 8 3 1 7 1 1 9 1 1 1 1 |1 1 1 3 1 6 7 1 5 8 1 1 1 8 1 11 |1 1 1 1 1 1 1 1 1 1 1 1 12 1 13 1 |1 1 2 1 1 1 1 6 1 1 12 1 10 1 1 1 |1 16 8 1 7 1 1 8 1 1 1 10 1 1 1 1 |5 1 4 13 1 1 4 13 1 1 14 1 1 14 1 1 |1 1 1 1 12 9 9 6 1 9 10 1 1 1 10 5 |1 4 1 1 3 6 1 15 3 13 1 6 1 5 1 7 |1 1 2 1 1 1 1 15 1 1 11 7 1 1 1 1 |1 4 1 8 1 16 11 2 1 3 13 1 1 13 1 1 |
7345: 1 1 1 10 7 3 9 9 1 7 1 4 1 1 8 6 |4 1 8 1 4 4 1 1 1 1 1 1 1 1 10 1 |1 1 9 1 1 8 3 1 7 1 1 9 1 1 1 1 |1 1 1 3 1 6 7 1 5 8 1 1 1 8 1 11 |1 1 1 1 1 1 1 1 1 1 1 1 12 1 13 1 |1 1 2 1 1 1 1 6 1 1 12 1 10 1 1 1 |1 16 8 1 7 1 1 8 1 1 1 10 1 1 1 1 |5 1 4 13 1 1 4 13 1 1 14 1 1 14 1 1 |1 1 1 1 12 9 9 6 1 9 10 1 1 1 10 5 |1 4 1 1 3 6 1 15 3 13 1 6 1 5 1 7 |1 1 2 1 1 1 1 15 1 1 11 7 1 1 1 1 |1 4 1 8 1 16 11 2 1 3 13 1 1 13 1 1 |
7356: 1 1 1 10 7 3 9 9 1 7 1 4 1 1 8 6 |2 1 8 1 8 12 1 1 1 1 1 14 10 3 7 1 |1 1 1 1 1 10 6 4 1 1 9 5 1 1 1 1 |1 1 1 2 1 1 8 1 7 1 1 1 6 8 1 9 |1 2 1 1 1 8 6 1 1 1 1 1 11 1 13 13 |1 1 1 1 6 10 1 1 1 1 14 1 8 1 1 1 |1 4 9 3 1 1 1 4 1 4 1 12 1 1 1 1 |1 1 9 14 1 1 1 13 1 2 13 1 1 11 1 1 |1 1 1 1 13 14 4 1 3 1 1 4 2 2 7 3 |1 4 1 1 3 6 1 15 3 13 1 6 1 5 1 7 |1 1 2 1 1 1 1 15 1 1 11 7 1 1 1 1 |1 4 1 8 1 16 11 2 1 3 13 1 1 13 1 1 |
7366: 1 1 1 10 7 3 9 9 1 7 1 4 1 1 8 6 |2 1 8 1 8 12 1 1 1 1 1 14 10 3 7 1 |1 1 1 1 1 10 6 4 1 1 9 5 1 1 1 1 |1 1 1 2 1 1 8 1 7 1 1 1 6 8 1 9 |1 2 1 1 1 8 6 1 1 1 1 1 11 1 13 13 |1 1 1 1 6 10 1 1 1 1 14 1 8 1 1 1 |1 4 9 3 1 1 1 4 1 4 1 12 1 1 1 1 |1 1 9 14 1 1 1 13 1 2 13 1 1 11 1 1 |1 1 1 1 13 14 4 1 3 1 1 4 2 2 7 3 |1 1 6 1 1 1 1 2 1 15 1 4 1 2 1 8 |1 1 3 1 1 1 1 17 1 1 1 12 3 1 1 1 |1 1 1 1 1 3 3 1 1 4 11 1 2 1 1 17 |
7376: 1 1 1 10 7 3 9 9 1 7 1 4 1 1 8 6 |2 1 8 1 8 12 1 1 1 1 1 14 10 3 7 1 |1 1 1 1 1 10 6 4 1 1 9 5 1 1 1 1 |1 1 1 2 1 1 8 1 7 1 1 1 6 8 1 9 |1 2 1 1 1 8 6 1 1 1 1 1 11 1 13 13 |1 1 1 1 6 10 1 1 1 1 14 1 8 1 1 1 |1 4 9 3 1 1 1 4 1 4 1 12 1 1 1 1 |1 1 9 14 1 1 1 13 1 2 13 1 1 11 1 1 |1 1 1 1 13 14 4 1 3 1 1 4 2 2 7 3 |1 1 6 1 1 1 1 2 1 15 1 4 1 2 1 8 |1 1 3 1 1 1 1 17 1 1 1 12 3 1 1 1 |1 1 1 1 1 3 3 1 1 4 11 1 2 1 1 17 |
7387: 1 1 1 2 1 1 1 1 1 4 1 1 1 2 3 1 |1 1 6 1 7 1 1 1 1 1 3 8 1 1 1 1 |1 1 7 1 1 4 14 1 3 1 2 5 1 1 1 1 |1 1 1 3 1 1 1 1 6 6 1 1 1 6 1 11 |1 1 1 1 1 9 7 1 1 1 1 1 10 1 14 6 |1 1 1 1 5 11 1 1 1 1 12 1 8 1 1 1 |1 3 9 1 8 1 1 10 1 6 1 10 1 1 1 1 |1 1 9 14 1 1 1 13 1 2 13 1 1 11 1 1 |1 1 1 1 13 14 4 1 3 1 1 4 2 2 7 3 |1 1 6 1 1 1 1 2 1 15 1 4 1 2 1 8 |1 1 3 1 1 1 1 17 1 1 1 12 3 1 1 1 |1 1 1 1 1 3 3 1 1 4 11 1 2 1 1 17 |
7398: 1 1 1 2 1 1 1 1 1 4 1 1 1 2 3 1 |1 1 6 1 7 1 1 1 1 1 3 8 1 1 1 1 |1 1 7 1 1 4 14 1 3 1 2 5 1 1 1 1 |1 1 1 3 1 1 1 1 6 6 1 1 1 6 1 11 |1 1 1 1 1 9 7 1 1 1 1 1 10 1 14 6 |1 1 1 1 5 11 1 1 1 1 12 1 8 1 1 1 |1 3 9 1 8 1 1 10 1 6 1 10 1 1 1 1 |1 1 1 15 1 3 10 13 1 1 10 1 1 12 1 9 |1 1 1 1 11 12 4 1 2 9 10 1 1 2 3 1 |1 1 1 1 1 2 1 13 8 8 1 5 1 10 1 1 |1 1 1 13 1 1 1 13 7 10 7 4 1 1 10 1 |2 1 1 1 1 2 7 4 1 1 3 1 1 1 1 1 |
7409: 1 1 1 2 1 1 1 1 1 4 1 1 1 2 3 1 |1 1 6 1 7 1 1 1 1 1 3 8 1 1 1 1 |1 1 7 1 1 4 14 1 3 1 2 5 1 1 1 1 |1 1 1 3 1 1 1 1 6 6 1 1 1 6 1 11 |1 1 1 1 1 9 7 1 1 1 1 1 10 1 14 6 |1 1 1 1 5 11 1 1 1 1 12 1 8 1 1 1 |1 3 9 1 8 1 1 10 1 6 1 10 1 1 1 1 |1 1 1 15 1 3 10 13 1 1 10 1 1 12 1 9 |1 1 1 1 11 12 4 1 2 9 10 1 1 2 3 1 |1 1 1 1 1 2 1 13 8 8 1 5 1 10 1 1 |1 1 1 13 1 1 1 13 7 10 7 4 1 1 10 1 |2 1 1 1 1 2 7 4 1 1 3 1 1 1 1 1 |
7421: 1 7 1 7 3 9 2 1 1 2 1 1 1 3 8 1 |2 1 7 1 5 1 1 1 1 1 1 8 1 1 11 1 |1 1 12 1 1 9 12 8 7 1 7 1 1 1 1 1 |1 1 1 3 1 1 1 1 9 5 1 1 11 6 1 12 |1 1 1 1 1 10 8 1 1 1 1 1 10 1 8 7 |1 1 1 1 4 9 1 5 1 1 14 1 11 1 1 1 |1 3 9 1 8 1 1 10 1 6 1 10 1 1 1 1 |1 1 1 15 1 3 10 13 1 1 10 1 1 12 1 9 |1 1 1 1 11 12 4 1 2 9 10 1 1 2 3 1 |1 1 1 1 1 2 1 13 8 8 1 5 1 10 1 1 |1 1 1 13 1 1 1 13 7 10 7 4 1 1 10 1 |2 1 1 1 1 2 7 4 1 1 3 1 1 1 1 1 |
7431: 1 7 1 7 3 9 2 1 1 2 1 1 1 3 8 1 |2 1 7 1 5 1 1 1 1 1 1 8 1 1 11 1 |1 1 12 1 1 9 12 8 7 1 7 1 1 1 1 1 |1 1 1 3 1 1 1 1 9 5 1 1 11 6 1 12 |1 1 1 1 1 10 8 1 1 1 1 1 10 1 8 7 |1 1 1 1 4 9 1 5 1 1 14 1 11 1 1 1 |1 4 7 1 1 1 1 2 1 1 1 10 1 1 1 1 |5 1 10 15 1 8 8 9 1 1 14 1 1 15 1 1 |1 1 1 1 13 8 9 5 2 8 9 1 14 1 8 9 |1 1 6 1 3 1 1 1 5 1 1 7 1 9 1 8 |1 1 1 14 1 1 1 14 5 5 11 3 1 1 7 1 |1 1 1 1 1 13 12 1 1 4 15 1 1 12 2 1 |
7442: 1 7 1 7 3 9 2 1 1 2 1 1 1 3 8 1 |2 1 7 1 5 1 1 1 1 1 1 8 1 1 11 1 |1 1 12 1 1 9 12 8 7 1 7 1 1 1 1 1 |1 1 1 3 1 1 1 1 9 5 1 1 11 6 1 12 |1 1 1 1 1 10 8 1 1 1 1 1 10 1 8 7 |1 1 1 1 4 9 1 5 1 1 14 1 11 1 1 1 |1 4 7 1 1 1 1 2 1 1 1 10 1 1 1 1 |5 1 10 15 1 8 8 9 1 1 14 1 1 15 1 1 |1 1 1 1 13 8 9 5 2 8 9 1 14 1 8 9 |1 1 6 1 3 1 1 1 5 1 1 7 1 9 1 8 |1 1 1 14 1 1 1 14 5 5 11 3 1 1 7 1 |1 1 1 1 1 13 12 1 1 4 15 1 1 12 2 1 |
7453: 1 1 1 1 1 1 1 1 1 1 1 4 1 3 2 1 |1 1 8 1 1 1 1 1 1 1 1 11 1 2 7 1 |1 1 2 1 1 1 12 7 1 1 1 5 1 1 1 1 |1 1 1 6 1 5 9 1 7 9 1 4 11 6 1 9 |1 1 1 1 1 10 7 1 1 1 1 1 12 1 10 13 |1 1 3 1 1 20 1 1 1 1 12 1 8 1 1 1 |1 4 7 1 1 1 1 2 1 1 1 10 1 1 1 1 |5 1 10 15 1 8 8 9 1 1 14 1 1 15 1 1 |1 1 1 1 13 8 9 5 2 8 9 1 14 1 8 9 |1 1 6 1 3 1 1 1 5 1 1 7 1 9 1 8 |1 1 1 14 1 1 1 14 5 5 11 3 1 1 7 1 |1 1 1 1 1 13 12 1 1 4 15 1 1 12 2 1 |
7464: 1 1 1 1 1 1 1 1 1 1 1 4 1 3 2 1 |1 1 8 1 1 1 1 1 1 1 1 11 1 2 7 1 |1 1 2 1 1 1 12 7 1 1 1 5 1 1 1 1 |1 1 1 6 1 5 9 1 7 9 1 4 11 6 1 9 |1 1 1 1 1 10 7 1 1 1 1 1 12 1 10 13 |1 1 3 1 1 20 1 1 1 1 12 1 8 1 1 1 |1 4 2 1 8 1 1 8 1 5 1 11 1 1 1 1 |1 1 8 13 1 1 6 21 1 1 14 1 1 12 1 10 |1 1 1 1 1 15 10 11 8 8 4 1 1 1 3 1 |1 1 3 1 1 1 1 13 1 11 1 5 1 1 1 8 |5 1 1 6 1 1 1 15 1 1 1 1 1 1 9 1 |1 1 1 1 3 13 7 4 1 5 15 1 1 13 1 1 |
7474: 1 1 1 1 1 1 1 1 1 1 1 4 1 3 2 1 |1 1 8 1 1 1 1 1 1 1 1 11 1 2 7 1 |1 1 2 1 1 1 12 7 1 1 1 5 1 1 1 1 |1 1 1 6 1 5 9 1 7 9 1 4 11 6 1 9 |1 1 1 1 1 10 7 1 1 1 1 1 12 1 10 13 |1 1 3 1 1 20 1 1 1 1 12 1 8 1 1 1 |1 4 2 1 8 1 1 8 1 5 1 11 1 1 1 1 |1 1 8 13 1 1 6 21 1 1 14 1 1 12 1 10 |1 1 1 1 1 15 10 11 8 8 4 1 1 1 3 1 |1 1 3 1 1 1 1 13 1 11 1 5 1 1 1 8 |5 1 1 6 1 1 1 15 1 1 1 1 1 1 9 1 |1 1 1 1 3 13 7 4 1 5 15 1 1 13 1 1 |
7485: 1 1 1 2 2 2 7 1 1 1 1 5 1 1 1 4 |1 1 1 1 1 1 1 1 1 1 1 1 1 1 12 1 |1 1 8 1 1 6 5 7 2 1 1 5 1 1 1 1 |1 1 1 1 1 1 2 1 7 7 1 1 10 5 1 9 |1 1 1 1 1 10 7 1 1 1 1 1 12 1 10 13 |1 1 3 1 1 20 1 1 1 1 12 1 8 1 1 1 |1 4 2 1 8 1 1 8 1 5 1 11 1 1 1 1 |1 1 8 13 1 1 6 21 1 1 14 1 1 12 1 10 |1 1 1 1 1 15 10 11 8 8 4 1 1 1 3 1 |1 1 3 1 1 1 1 13 1 11 1 5 1 1 1 8 |5 1 1 6 1 1 1 15 1 1 1 1 1 1 9 1 |1 1 1 1 3 13 7 4 1 5 15 1 1 13 1 1 |
7496: 1 1 1 2 2 2 7 1 1 1 1 5 1 1 1 4 |1 1 1 1 1 1 1 1 1 1 1 1 1 1 12 1 |1 1 8 1 1 6 5 7 2 1 1 5 1 1 1 1 |1 1 1 1 1 1 2 1 7 7 1 1 10 5 1 9 |1 1 1 1 1 9 7 1 1 1 1 1 11 1 7 1 |1 1 1 1 3 11 1 1 1 1 11 1 9 1 1 1 |1 4 8 1 1 1 1 1 1 1 1 10 1 1 1 1 |1 1 10 12 1 3 7 14 1 2 7 1 1 13 1 9 |1 1 1 1 2 13 4 4 9 1 1 1 12 1 8 5 |1 1 4 1 1 9 1 12 9 13 1 5 1 8 1 6 |7 1 1 1 1 1 1 17 6 3 4 1 1 1 1 1 |1 1 1 1 3 13 7 4 1 5 15 1 1 13 1 1 |
7507: 1 1 1 2 2 2 7 1 1 1 1 5 1 1 1 4 |1 1 1 1 1 1 1 1 1 1 1 1 1 1 12 1 |1 1 8 1 1 6 5 7 2 1 1 5 1 1 1 1 |1 1 1 1 1 1 2 1 7 7 1 1 10 5 1 9 |1 1 1 1 1 9 7 1 1 1 1 1 11 1 7 1 |1 1 1 1 3 11 1 1 1 1 11 1 9 1 1 1 |1 4 8 1 1 1 1 1 1 1 1 10 1 1 1 1 |1 1 10 12 1 3 7 14 1 2 7 1 1 13 1 9 |1 1 1 1 2 13 4 4 9 1 1 1 12 1 8 5 |1 1 4 1 1 9 1 12 9 13 1 5 1 8 1 6 |7 1 1 1 1 1 1 17 6 3 4 1 1 1 1 1 |1 1 1 1 1 4 2 1 1 1 2 1 1 10 1 1 |
7518: 1 1 1 1 10 2 7 10 1 1 1 1 1 1 1 1 |1 1 8 1 6 5 2 1 1 1 1 10 7 1 14 1 |1 1 6 1 1 1 2 7 5 1 4 1 1 1 1 1 |1 1 1 1 1 1 2 1 7 7 1 1 10 5 1 9 |1 1 1 1 1 9 7 1 1 1 1 1 11 1 7 1 |1 1 1 1 3 11 1 1 1 1 11 1 9 1 1 1 |1 4 8 1 1 1 1 1 1 1 1 10 1 1 1 1 |1 1 10 12 1 3 7 14 1 2 7 1 1 13 1 9 |1 1 1 1 2 13 4 4 9 1 1 1 12 1 8 5 |1 1 4 1 1 9 1 12 9 13 1 5 1 8 1 6 |7 1 1 1 1 1 1 17 6 3 4 1 1 1 1 1 |1 1 1 1 1 4 2 1 1 1 2 1 1 10 1 1 |
7529: 1 1 1 1 10 2 7 10 1 1 1 1 1 1 1 1 |1 1 8 1 6 5 2 1 1 1 1 10 7 1 14 1 |1 1 6 1 1 1 2 7 5 1 4 1 1 1 1 1 |1 1 1 3 1 2 3 1 8 5 1 1 1 4 1 11 |1 1 1 1 1 7 1 1 1 1 1 1 9 1 8 7 |1 1 1 1 2 10 1 1 1 1 14 1 10 1 1 1 |1 10 8 1 1 1 1 5 1 5 1 10 1 1 1 1 |1 1 8 7 1 8 2 17 1 1 17 1 1 13 1 1 |1 1 1 1 1 12 4 1 1 8 4 1 11 1 9 3 |1 1 3 1 4 1 1 2 1 13 1 5 1 9 1 1 |7 1 1 1 1 1 1 17 6 3 4 1 1 1 1 1 |1 1 1 1 1 4 2 1 1 1 2 1 1 10 1 1 |
7539: 1 1 1 1 10 2 7 10 1 1 1 1 1 1 1 1 |1 1 8 1 6 5 2 1 1 1 1 10 7 1 14 1 |1 1 6 1 1 1 2 7 5 1 4 1 1 1 1 1 |1 1 1 3 1 2 3 1 8 5 1 1 1 4 1 11 |1 1 1 1 1 7 1 1 1 1 1 1 9 1 8 7 |1 1 1 1 2 10 1 1 1 1 14 1 10 1 1 1 |1 10 8 1 1 1 1 5 1 5 1 10 1 1 1 1 |1 1 8 7 1 8 2 17 1 1 17 1 1 13 1 1 |1 1 1 1 1 12 4 1 1 8 4 1 11 1 9 3 |1 1 3 1 4 1 1 2 1 13 1 5 1 9 1 1 |1 1 1 1 1 1 1 1 6 4 10 1 1 1 8 1 |1 1 1 1 1 14 8 1 1 3 14 1 1 13 1 1 |
7550: 1 1 1 1 1 7 6 5 1 1 1 1 1 1 7 1 |1 1 1 1 1 1 1 1 1 1 1 1 1 1 8 1 |1 1 5 1 1 1 6 9 6 1 1 1 1 1 1 1 |1 1 1 3 1 2 3 1 8 5 1 1 1 4 1 11 |1 1 1 1 1 7 1 1 1 1 1 1 9 1 8 7 |1 1 1 1 2 10 1 1 1 1 14 1 10 1 1 1 |1 10 8 1 1 1 1 5 1 5 1 10 1 1 1 1 |1 1 8 7 1 8 2 17 1 1 17 1 1 13 1 1 |1 1 1 1 1 12 4 1 1 8 4 1 11 1 9 3 |1 1 3 1 4 1 1 2 1 13 1 5 1 9 1 1 |1 1 1 1 1 1 1 1 6 4 10 1 1 1 8 1 |1 1 1 1 1 14 8 1 1 3 14 1 1 13 1 1 |
7561: 1 1 1 1 1 7 6 5 1 1 1 1 1 1 7 1 |1 1 1 1 1 1 1 1 1 1 1 1 1 1 8 1 |1 1 5 1 1 1 6 9 6 1 1 1 1 1 1 1 |1 1 1 1 1 3 9 1 8 6 1 1 1 6 1 10 |1 1 1 1 1 9 10 1 1 1 1 1 11 1 7 7 |1 1 2 1 3 17 1 1 1 1 13 1 10 1 1 1 |1 11 1 1 6 1 1 6 1 5 1 11 1 1 1 1 |11 1 4 15 1 4 1 14 1 1 9 1 1 11 1 9 |1 1 1 1 1 7 1 11 1 10 4 1 1 1 6 4 |1 1 1 1 1 6 1 11 1 8 1 7 1 1 1 6 |1 1 1 1 1 1 1 1 6 4 10 1 1 1 8 1 |1 1 1 1 1 14 8 1 1 3 14 1 1 13 1 1 |
7573: 1 1 1 1 1 7 6 5 1 1 1 1 1 1 7 1 |1 1 1 1 1 1 1 1 1 1 1 1 1 1 8 1 |1 1 5 1 1 1 6 9 6 1 1 1 1 1 1 1 |1 1 1 1 1 3 9 1 8 6 1 1 1 6 1 10 |1 1 1 1 1 9 10 1 1 1 1 1 11 1 7 7 |1 1 2 1 3 17 1 1 1 1 13 1 10 1 1 1 |1 11 1 1 6 1 1 6 1 5 1 11 1 1 1 1 |11 1 4 15 1 4 1 14 1 1 9 1 1 11 1 9 |1 1 1 1 1 7 1 11 1 10 4 1 1 1 6 4 |1 1 1 1 1 6 1 11 1 8 1 7 1 1 1 6 |1 1 1 1 1 1 1 14 1 1 1 2 1 1 8 1 |1 6 1 1 1 14 11 7 1 4 16 1 1 13 1 1 |
7584: 1 1 1 5 6 1 8 6 1 1 1 1 1 1 1 1 |1 1 1 1 1 6 1 1 1 1 1 11 1 1 10 1 |1 1 7 1 1 1 3 6 6 1 6 1 1 1 1 2 |1 1 1 1 1 3 9 1 8 6 1 1 1 6 1 10 |1 1 1 1 1 9 10 1 1 1 1 1 11 1 7 7 |1 1 2 1 3 17 1 1 1 1 13 1 10 1 1 1 |1 11 1 1 6 1 1 6 1 5 1 11 1 1 1 1 |11 1 4 15 1 4 1 14 1 1 9 1 1 11 1 9 |1 1 1 1 1 7 1 11 1 10 4 1 1 1 6 4 |1 1 1 1 1 6 1 11 1 8 1 7 1 1 1 6 |1 1 1 1 1 1 1 14 1 1 1 2 1 1 8 1 |1 6 1 1 1 14 11 7 1 4 16 1 1 13 1 1 |
7595: 1 1 1 5 6 1 8 6 1 1 1 1 1 1 1 1 |1 1 1 1 1 6 1 1 1 1 1 11 1 1 10 1 |1 1 7 1 1 1 3 6 6 1 6 1 1 1 1 2 |1 1 1 3 1 6 1 1 6 7 1 1 12 6 1 11 |1 1 1 1 1 9 8 1 1 1 1 1 14 1 12 8 |6 1 1 1 4 8 1 1 1 1 14 1 10 1 1 1 |1 5 1 1 1 1 1 9 1 1 1 11 1 1 1 1 |1 1 15 13 1 1 8 9 1 1 16 1 1 16 1 10 |1 1 1 1 1 10 1 16 1 7 5 1 1 1 9 2 |1 1 1 1 1 6 1 11 1 8 1 7 1 1 1 6 |1 1 1 1 1 1 1 14 1 1 1 2 1 1 8 1 |1 6 1 1 1 14 11 7 1 4 16 1 1 13 1 1 |
7605: 1 1 1 5 6 1 8 6 1 1 1 1 1 1 1 1 |1 1 1 1 1 6 1 1 1 1 1 11 1 1 10 1 |1 1 7 1 1 1 3 6 6 1 6 1 1 1 1 2 |1 1 1 3 1 6 1 1 6 7 1 1 12 6 1 11 |1 1 1 1 1 9 8 1 1 1 1 1 14 1 12 8 |6 1 1 1 4 8 1 1 1 1 14 1 10 1 1 1 |1 5 1 1 1 1 1 9 1 1 1 11 1 1 1 1 |1 1 15 13 1 1 8 9 1 1 16 1 1 16 1 10 |1 1 1 1 1 10 1 16 1 7 5 1 1 1 9 2 |3 1 1 1 10 1 1 13 8 8 1 1 1 1 1 1 |1 1 1 2 1 1 1 12 4 3 12 3 1 1 8 1 |1 2 1 1 1 13 11 4 1 1 3 1 1 4 1 11 |
7616: 1 2 1 7 1 5 3 1 1 1 1 1 1 1 6 1 |1 1 1 1 1 6 1 1 1 1 1 11 1 1 10 1 |1 1 7 1 1 1 3 6 6 1 6 1 1 1 1 2 |1 1 1 3 1 6 1 1 6 7 1 1 12 6 1 11 |1 1 1 1 1 9 8 1 1 1 1 1 14 1 12 8 |6 1 1 1 4 8 1 1 1 1 14 1 10 1 1 1 |1 5 1 1 1 1 1 9 1 1 1 11 1 1 1 1 |1 1 15 13 1 1 8 9 1 1 16 1 1 16 1 10 |1 1 1 1 1 10 1 16 1 7 5 1 1 1 9 2 |3 1 1 1 10 1 1 13 8 8 1 1 1 1 1 1 |1 1 1 2 1 1 1 12 4 3 12 3 1 1 8 1 |1 2 1 1 1 13 11 4 1 1 3 1 1 4 1 11 |
7627: 1 2 1 7 1 5 3 1 1 1 1 1 1 1 6 1 |3 1 8 1 7 1 1 1 1 1 1 13 1 1 7 1 |1 1 8 1 1 9 3 8 6 1 1 1 1 1 1 1 |1 1 1 3 1 4 8 1 5 7 1 1 1 7 1 9 |1 1 1 1 1 13 7 1 1 1 1 1 1 1 11 6 |1 1 1 1 2 11 1 1 1 1 13 1 8 1 1 1 |1 4 8 1 5 1 1 1 1 1 1 12 1 1 1 1 |1 1 2 15 1 1 1 12 1 1 16 1 1 6 1 10 |1 1 1 1 2 14 10 9 1 11 4 1 10 1 10 1 |3 1 1 1 10 1 1 13 8 8 1 1 1 1 1 1 |1 1 1 2 1 1 1 12 4 3 12 3 1 1 8 1 |1 2 1 1 1 13 11 4 1 1 3 1 1 4 1 11 |
7638: 1 2 1 7 1 5 3 1 1 1 1 1 1 1 6 1 |3 1 8 1 7 1 1 1 1 1 1 13 1 1 7 1 |1 1 8 1 1 9 3 8 6 1 1 1 1 1 1 1 |1 1 1 3 1 4 8 1 5 7 1 1 1 7 1 9 |1 1 1 1 1 13 7 1 1 1 1 1 1 1 11 6 |1 1 1 1 2 11 1 1 1 1 13 1 8 1 1 1 |1 4 8 1 5 1 1 1 1 1 1 12 1 1 1 1 |1 1 2 15 1 1 1 12 1 1 16 1 1 6 1 10 |1 1 1 1 2 14 10 9 1 11 4 1 10 1 10 1 |2 1 1 1 3 4 1 1 1 16 1 6 1 5 1 8 |1 1 2 1 2 1 1 11 7 4 1 2 1 1 1 1 |1 1 1 1 1 3 1 10 1 2 16 1 1 14 1 4 |
7649: 1 2 1 7 1 5 3 1 1 1 1 1 1 1 6 1 |3 1 8 1 7 1 1 1 1 1 1 13 1 1 7 1 |1 1 8 1 1 9 3 8 6 1 1 1 1 1 1 1 |1 1 1 3 1 4 8 1 5 7 1 1 1 7 1 9 |1 1 1 1 1 13 7 1 1 1 1 1 1 1 11 6 |1 1 1 1 2 11 1 1 1 1 13 1 8 1 1 1 |1 4 8 1 5 1 1 1 1 1 1 12 1 1 1 1 |1 1 2 15 1 1 1 12 1 1 16 1 1 6 1 10 |1 1 1 1 2 14 10 9 1 11 4 1 10 1 10 1 |2 1 1 1 3 4 1 1 1 16 1 6 1 5 1 8 |1 1 2 1 2 1 1 11 7 4 1 2 1 1 1 1 |1 1 1 1 1 3 1 10 1 2 16 1 1 14 1 4 |
7660: 1 1 1 1 1 7 5 1 1 1 1 1 1 1 1 1 |1 1 7 1 5 1 1 1 1 1 1 1 1 1 11 1 |1 1 8 1 1 1 10 8 1 1 7 6 1 1 1 1 |1 1 1 8 1 1 1 1 6 1 1 1 1 5 1 8 |1 1 1 1 1 9 10 1 1 1 1 1 11 1 8 6 |1 1 1 1 5 15 1 4 1 1 15 1 9 1 1 1 |1 3 1 1 1 1 1 8 1 6 1 12 1 1 1 1 |4 1 5 13 1 3 3 12 1 1 13 1 1 13 1 8 |1 1 1 1 2 14 10 9 1 11 4 1 10 1 10 1 |2 1 1 1 3 4 1 1 1 16 1 6 1 5 1 8 |1 1 2 1 2 1 1 11 7 4 1 2 1 1 1 1 |1 1 1 1 1 3 1 10 1 2 16 1 1 14 1 4 |
7671: 1 1 1 1 1 7 5 1 1 1 1 1 1 1 1 1 |1 1 7 1 5 1 1 1 1 1 1 1 1 1 11 1 |1 1 8 1 1 1 10 8 1 1 7 6 1 1 1 1 |1 1 1 8 1 1 1 1 6 1 1 1 1 5 1 8 |1 1 1 1 1 9 10 1 1 1 1 1 11 1 8 6 |1 1 1 1 5 15 1 4 1 1 15 1 9 1 1 1 |1 3 1 1 1 1 1 8 1 6 1 12 1 1 1 1 |4 1 5 13 1 3 3 12 1 1 13 1 1 13 1 8 |1 1 1 1 1 9 12 4 1 9 4 1 1 1 8 1 |1 1 13 1 2 1 1 12 9 13 1 6 1 12 1 1 |7 1 1 1 1 1 1 15 1 2 1 1 2 1 8 1 |1 1 1 1 1 16 7 12 1 3 12 1 5 8 1 1 |
7683: 1 1 1 2 1 1 1 1 1 1 1 3 1 1 7 1 |1 1 7 1 5 1 1 1 1 1 1 1 1 1 11 1 |1 1 8 1 1 1 10 8 1 1 7 6 1 1 1 1 |1 1 1 8 1 1 1 1 6 1 1 1 1 5 1 8 |1 1 1 1 1 9 10 1 1 1 1 1 11 1 8 6 |1 1 1 1 5 15 1 4 1 1 15 1 9 1 1 1 |1 3 1 1 1 1 1 8 1 6 1 12 1 1 1 1 |4 1 5 13 1 3 3 12 1 1 13 1 1 13 1 8 |1 1 1 1 1 9 12 4 1 9 4 1 1 1 8 1 |1 1 13 1 2 1 1 12 9 13 1 6 1 12 1 1 |7 1 1 1 1 1 1 15 1 2 1 1 2 1 8 1 |1 1 1 1 1 16 7 12 1 3 12 1 5 8 1 1 |
7694: 1 1 1 2 1 1 1 1 1 1 1 3 1 1 7 1 |1 1 4 1 1 4 1 1 1 1 1 1 1 1 1 1 |1 1 9 1 1 7 4 1 3 1 1 8 1 1 1 1 |1 1 1 3 1 1 1 1 6 5 1 1 1 8 1 11 |1 1 1 1 1 7 1 1 1 1 1 1 10 1 12 5 |2 1 2 1 4 11 1 1 1 1 11 1 10 1 1 1 |1 10 8 1 1 1 1 1 1 1 1 11 1 1 1 1 |7 1 6 14 1 5 3 14 1 1 2 1 1 15 1 8 |1 1 1 1 1 9 12 4 1 9 4 1 1 1 8 1 |1 1 13 1 2 1 1 12 9 13 1 6 1 12 1 1 |7 1 1 1 1 1 1 15 1 2 1 1 2 1 8 1 |1 1 1 1 1 16 7 12 1 3 12 1 5 8 1 1 |
7704: 1 1 1 2 1 1 1 1 1 1 1 3 1 1 7 1 |1 1 4 1 1 4 1 1 1 1 1 1 1 1 1 1 |1 1 9 1 1 7 4 1 3 1 1 8 1 1 1 1 |1 1 1 3 1 1 1 1 6 5 1 1 1 8 1 11 |1 1 1 1 1 7 1 1 1 1 1 1 10 1 12 5 |2 1 2 1 4 11 1 1 1 1 11 1 10 1 1 1 |1 10 8 1 1 1 1 1 1 1 1 11 1 1 1 1 |7 1 6 14 1 5 3 14 1 1 2 1 1 15 1 8 |1 1 1 1 11 14 1 4 1 1 1 1 1 1 7 4 |1 1 1 1 1 4 1 14 3 13 1 7 1 10 1 1 |1 1 1 1 1 1 1 15 6 6 1 1 1 1 7 1 |1 1 1 7 1 16 1 1 1 1 5 1 1 11 1 13 |
7715: 1 1 1 2 1 1 1 1 1 1 1 3 1 1 7 1 |1 1 4 1 1 4 1 1 1 1 1 1 1 1 1 1 |1 1 9 1 1 7 4 1 3 1 1 8 1 1 1 1 |1 1 1 3 1 1 1 1 6 5 1 1 1 8 1 11 |1 1 1 1 1 7 1 1 1 1 1 1 10 1 12 5 |2 1 2 1 4 11 1 1 1 1 11 1 10 1 1 1 |1 10 8 1 1 1 1 1 1 1 1 11 1 1 1 1 |7 1 6 14 1 5 3 14 1 1 2 1 1 15 1 8 |1 1 1 1 11 14 1 4 1 1 1 1 1 1 7 4 |1 1 1 1 1 4 1 14 3 13 1 7 1 10 1 1 |1 1 1 1 1 1 1 15 6 6 1 1 1 1 7 1 |1 1 1 7 1 16 1 1 1 1 5 1 1 11 1 13 |
7726: 1 1 1 10 1 8 2 1 1 1 1 1 1 1 8 1 |1 1 5 1 6 1 1 1 1 1 1 11 5 1 13 1 |1 1 8 1 1 2 13 3 3 1 2 7 1 1 1 2 |1 1 1 1 1 1 2 1 7 6 1 1 1 6 1 9 |1 1 1 1 1 1 2 1 1 1 1 1 10 1 16 5 |1 1 1 1 5 12 1 1 1 1 14 1 8 1 2 1 |1 10 8 1 1 1 1 8 1 1 1 10 1 4 1 1 |7 1 4 14 1 1 1 14 1 1 8 1 1 14 1 10 |1 1 1 1 11 14 1 4 1 1 1 1 1 1 7 4 |1 1 1 1 1 4 1 14 3 13 1 7 1 10 1 1 |1 1 1 1 1 1 1 15 6 6 1 1 1 1 7 1 |1 1 1 7 1 16 1 1 1 1 5 1 1 11 1 13 |
7736: 1 1 1 10 1 8 2 1 1 1 1 1 1 1 8 1 |1 1 5 1 6 1 1 1 1 1 1 11 5 1 13 1 |1 1 8 1 1 2 13 3 3 1 2 7 1 1 1 2 |1 1 1 1 1 1 2 1 7 6 1 1 1 6 1 9 |1 1 1 1 1 1 2 1 1 1 1 1 10 1 16 5 |1 1 1 1 5 12 1 1 1 1 14 1 8 1 2 1 |1 10 8 1 1 1 1 8 1 1 1 10 1 4 1 1 |7 1 4 14 1 1 1 14 1 1 8 1 1 14 1 10 |1 1 3 1 10 14 11 10 3 10 5 1 1 2 1 1 |2 1 1 1 1 1 1 5 3 16 1 4 1 1 1 7 |1 1 5 1 7 1 1 16 6 3 9 5 2 3 1 1 |1 1 1 1 1 15 7 3 1 4 17 1 1 11 1 1 |
7747: 1 1 1 10 1 8 2 1 1 1 1 1 1 1 8 1 |1 1 5 1 6 1 1 1 1 1 1 11 5 1 13 1 |1 1 8 1 1 2 13 3 3 1 2 7 1 1 1 2 |1 1 1 1 1 1 2 1 7 6 1 1 1 6 1 9 |1 1 1 1 1 1 2 1 1 1 1 1 10 1 16 5 |1 1 1 1 5 12 1 1 1 1 14 1 8 1 2 1 |1 10 8 1 1 1 1 8 1 1 1 10 1 4 1 1 |7 1 4 14 1 1 1 14 1 1 8 1 1 14 1 10 |1 1 3 1 10 14 11 10 3 10 5 1 1 2 1 1 |2 1 1 1 1 1 1 5 3 16 1 4 1 1 1 7 |1 1 5 1 7 1 1 16 6 3 9 5 2 3 1 1 |1 1 1 1 1 15 7 3 1 4 17 1 1 11 1 1 |
7758: 1 1 1 1 1 6 9 1 1 4 1 1 1 1 9 1 |1 1 1 1 5 1 1 1 1 1 1 8 1 2 14 1 |1 1 7 1 1 1 13 7 1 1 1 5 1 1 1 1 |1 1 1 1 1 1 1 1 6 9 1 1 1 7 1 10 |1 1 1 1 1 9 9 1 1 1 1 1 11 1 12 5 |1 1 3 1 1 16 1 1 1 1 12 1 10 1 1 1 |1 2 9 6 1 1 1 8 1 2 1 10 1 1 1 1 |7 1 4 14 1 1 1 14 1 1 8 1 1 14 1 10 |1 1 3 1 10 14 11 10 3 10 5 1 1 2 1 1 |2 1 1 1 1 1 1 5 3 16 1 4 1 1 1 7 |1 1 5 1 7 1 1 16 6 3 9 5 2 3 1 1 |1 1 1 1 1 15 7 3 1 4 17 1 1 11 1 1 |
7768: 1 1 1 1 1 6 9 1 1 4 1 1 1 1 9 1 |1 1 1 1 5 1 1 1 1 1 1 8 1 2 14 1 |1 1 7 1 1 1 13 7 1 1 1 5 1 1 1 1 |1 1 1 1 1 1 1 1 6 9 1 1 1 7 1 10 |1 1 1 1 1 9 9 1 1 1 1 1 11 1 12 5 |1 1 3 1 1 16 1 1 1 1 12 1 10 1 1 1 |1 2 9 6 1 1 1 8 1 2 1 10 1 1 1 1 |2 1 8 14 1 2 4 18 1 1 2 1 1 14 1 1 |1 1 1 1 1 2 11 11 3 1 1 1 1 1 8 4 |1 2 7 1 3 2 1 12 2 9 1 1 1 8 1 5 |1 1 5 1 1 1 1 1 1 2 1 7 1 1 1 1 |1 1 1 1 1 4 1 1 1 1 5 1 1 1 1 1 |
7779: 1 1 1 1 1 6 9 1 1 4 1 1 1 1 9 1 |1 1 1 1 5 1 1 1 1 1 1 8 1 2 14 1 |1 1 7 1 1 1 13 7 1 1 1 5 1 1 1 1 |1 1 1 1 1 1 1 1 6 9 1 1 1 7 1 10 |1 1 1 1 1 9 9 1 1 1 1 1 11 1 12 5 |1 1 3 1 1 16 1 1 1 1 12 1 10 1 1 1 |1 2 9 6 1 1 1 8 1 2 1 10 1 1 1 1 |2 1 8 14 1 2 4 18 1 1 2 1 1 14 1 1 |1 1 1 1 1 2 11 11 3 1 1 1 1 1 8 4 |1 2 7 1 3 2 1 12 2 9 1 1 1 8 1 5 |1 1 5 1 1 1 1 1 1 2 1 7 1 1 1 1 |1 1 1 1 1 4 1 1 1 1 5 1 1 1 1 1 |
7789: 1 1 1 7 3 1 1 1 1 1 1 1 1 1 1 1 |1 1 7 1 1 1 1 1 1 1 1 13 3 1 10 1 |1 1 7 1 1 9 3 8 7 1 2 8 1 1 1 2 |1 1 1 1 1 1 1 1 6 9 1 1 1 7 1 10 |1 1 1 1 1 9 9 1 1 1 1 1 11 1 12 5 |1 1 3 1 1 16 1 1 1 1 12 1 10 1 1 1 |1 2 9 6 1 1 1 8 1 2 1 10 1 1 1 1 |2 1 8 14 1 2 4 18 1 1 2 1 1 14 1 1 |1 1 1 1 1 2 11 11 3 1 1 1 1 1 8 4 |1 2 7 1 3 2 1 12 2 9 1 1 1 8 1 5 |1 1 5 1 1 1 1 1 1 2 1 7 1 1 1 1 |1 1 1 1 1 4 1 1 1 1 5 1 1 1 1 1 |
7800: 1 1 1 7 3 1 1 1 1 1 1 1 1 1 1 1 |1 1 7 1 1 1 1 1 1 1 1 13 3 1 10 1 |1 1 7 1 1 9 3 8 7 1 2 8 1 1 1 2 |1 1 1 1 1 1 1 1 8 6 1 1 1 5 1 9 |1 1 1 1 1 7 7 1 1 1 1 1 11 1 6 9 |1 1 1 1 5 7 1 1 1 1 13 1 12 1 1 1 |1 11 8 1 8 1 1 1 1 1 1 11 1 1 1 2 |7 1 5 13 1 4 2 7 1 1 16 1 1 13 1 9 |1 1 1 1 12 8 5 13 1 9 4 1 12 1 1 1 |3 1 5 1 1 2 6 13 7 15 1 4 1 9 1 6 |2 1 1 8 1 1 1 14 1 3 1 1 1 1 8 1 |2 1 1 1 1 12 1 1 1 2 3 1 1 1 1 13 |
7811: 1 1 1 7 3 1 1 1 1 1 1 1 1 1 1 1 |1 1 7 1 1 1 1 1 1 1 1 13 3 1 10 1 |1 1 7 1 1 9 3 8 7 1 2 8 1 1 1 2 |1 1 1 1 1 1 1 1 8 6 1 1 1 5 1 9 |1 1 1 1 1 7 7 1 1 1 1 1 11 1 6 9 |1 1 1 1 5 7 1 1 1 1 13 1 12 1 1 1 |1 11 8 1 8 1 1 1 1 1 1 11 1 1 1 2 |7 1 5 13 1 4 2 7 1 1 16 1 1 13 1 9 |1 1 1 1 12 8 5 13 1 9 4 1 12 1 1 1 |3 1 5 1 1 2 6 13 7 15 1 4 1 9 1 6 |2 1 1 8 1 1 1 14 1 3 1 1 1 1 8 1 |2 1 1 1 1 12 1 1 1 2 3 1 1 1 1 13 |
7822: 1 4 1 1 9 7 7 9 1 1 1 1 1 1 1 1 |1 1 1 1 6 1 1 1 1 1 1 12 1 1 13 1 |1 1 6 1 1 6 13 7 5 1 9 1 1 1 1 1 |1 1 1 1 1 1 1 1 8 6 1 1 1 5 1 9 |1 1 1 1 1 7 7 1 1 1 1 1 11 1 6 9 |1 1 1 1 5 7 1 1 1 1 13 1 12 1 1 1 |1 11 8 1 8 1 1 1 1 1 1 11 1 1 1 2 |7 1 5 13 1 4 2 7 1 1 16 1 1 13 1 9 |1 1 1 1 12 8 5 13 1 9 4 1 12 1 1 1 |3 1 5 1 1 2 6 13 7 15 1 4 1 9 1 6 |2 1 1 8 1 1 1 14 1 3 1 1 1 1 8 1 |2 1 1 1 1 12 1 1 1 2 3 1 1 1 1 13 |
7833: 1 4 1 1 9 7 7 9 1 1 1 1 1 1 1 1 |1 1 1 1 6 1 1 1 1 1 1 12 1 1 13 1 |1 1 6 1 1 6 13 7 5 1 9 1 1 1 1 1 |1 1 1 2 1 3 1 1 5 5 1 1 1 6 1 12 |1 1 1 1 1 13 6 1 1 1 1 1 10 1 10 1 |1 1 1 1 6 9 1 1 1 1 13 1 10 1 3 1 |4 5 6 1 6 1 1 1 1 1 1 10 1 1 1 1 |1 1 3 15 1 1 8 14 1 1 10 1 1 12 1 1 |1 1 1 1 11 13 9 11 1 7 7 1 12 1 8 9 |1 1 1 1 1 1 1 3 2 14 1 1 1 6 1 6 |1 1 3 1 12 1 1 14 3 10 10 3 1 1 8 1 |1 1 1 1 1 16 7 1 1 4 10 1 3 12 1 1 |
7843: 1 4 1 1 9 7 7 9 1 1 1 1 1 1 1 1 |1 1 1 1 6 1 1 1 1 1 1 12 1 1 13 1 |1 1 6 1 1 6 13 7 5 1 9 1 1 1 1 1 |1 1 1 2 1 3 1 1 5 5 1 1 1 6 1 12 |1 1 1 1 1 13 6 1 1 1 1 1 10 1 10 1 |1 1 1 1 6 9 1 1 1 1 13 1 10 1 3 1 |4 5 6 1 6 1 1 1 1 1 1 10 1 1 1 1 |1 1 3 15 1 1 8 14 1 1 10 1 1 12 1 1 |1 1 1 1 11 13 9 11 1 7 7 1 12 1 8 9 |1 1 1 1 1 1 1 3 2 14 1 1 1 6 1 6 |1 1 3 1 12 1 1 14 3 10 10 3 1 1 8 1 |1 1 1 1 1 16 7 1 1 4 10 1 3 12 1 1 |
7854: 1 1 1 1 7 7 3 1 1 1 1 3 1 3 3 1 |1 1 1 1 4 1 1 1 1 1 1 10 1 1 12 1 |1 1 6 1 1 1 13 4 4 1 1 1 1 1 1 1 |1 1 1 3 1 6 9 1 9 7 1 1 1 8 1 9 |1 1 1 1 1 13 6 1 1 1 1 1 10 1 10 1 |1 1 1 1 6 9 1 1 1 1 13 1 10 1 3 1 |4 5 6 1 6 1 1 1 1 1 1 10 1 1 1 1 |1 1 3 15 1 1 8 14 1 1 10 1 1 12 1 1 |1 1 1 1 11 13 9 11 1 7 7 1 12 1 8 9 |1 1 1 1 1 1 1 3 2 14 1 1 1 6 1 6 |1 1 3 1 12 1 1 14 3 10 10 3 1 1 8 1 |1 1 1 1 1 16 7 1 1 4 10 1 3 12 1 1 |
7865: 1 1 1 1 7 7 3 1 1 1 1 3 1 3 3 1 |1 1 1 1 4 1 1 1 1 1 1 10 1 1 12 1 |1 1 6 1 1 1 13 4 4 1 1 1 1 1 1 1 |1 1 1 3 1 6 9 1 9 7 1 1 1 8 1 9 |1 1 1 1 1 11 6 1 1 1 1 1 1 2 6 7 |1 1 2 1 1 8 1 1 1 1 13 1 9 1 2 1 |1 5 8 1 1 1 1 9 1 1 1 11 1 3 1 2 |1 1 8 16 1 4 8 11 1 2 13 1 1 14 1 8 |1 1 1 1 1 15 9 9 2 7 7 1 1 2 6 2 |1 1 1 1 2 4 1 14 9 6 1 1 1 11 1 2 |6 1 1 1 1 1 1 1 7 8 1 1 1 1 1 1 |1 1 1 1 1 16 7 1 1 4 10 1 3 12 1 1 |
7876: 1 1 1 1 7 7 3 1 1 1 1 3 1 3 3 1 |1 1 1 1 4 1 1 1 1 1 1 10 1 1 12 1 |1 1 6 1 1 1 13 4 4 1 1 1 1 1 1 1 |1 1 1 3 1 6 9 1 9 7 1 1 1 8 1 9 |1 1 1 1 1 11 6 1 1 1 1 1 1 2 6 7 |1 1 2 1 1 8 1 1 1 1 13 1 9 1 2 1 |1 5 8 1 1 1 1 9 1 1 1 11 1 3 1 2 |1 1 8 16 1 4 8 11 1 2 13 1 1 14 1 8 |1 1 1 1 1 15 9 9 2 7 7 1 1 2 6 2 |1 1 1 1 2 4 1 14 9 6 1 1 1 11 1 2 |6 1 1 1 1 1 1 1 7 8 1 1 1 1 1 1 |1 1 1 1 1 12 9 1 1 6 16 1 1 11 1 1 |
7887: 1 1 1 6 8 1 4 12 1 1 1 1 1 1 1 1 |2 1 1 1 4 1 1 1 1 1 1 10 1 1 6 1 |1 1 6 1 1 1 13 4 4 1 1 1 1 1 1 1 |1 1 1 3 1 6 9 1 9 7 1 1 1 8 1 9 |1 1 1 1 1 11 6 1 1 1 1 1 1 2 6 7 |1 1 2 1 1 8 1 1 1 1 13 1 9 1 2 1 |1 5 8 1 1 1 1 9 1 1 1 11 1 3 1 2 |1 1 8 16 1 4 8 11 1 2 13 1 1 14 1 8 |1 1 1 1 1 15 9 9 2 7 7 1 1 2 6 2 |1 1 1 1 2 4 1 14 9 6 1 1 1 11 1 2 |6 1 1 1 1 1 1 1 7 8 1 1 1 1 1 1 |1 1 1 1 1 12 9 1 1 6 16 1 1 11 1 1 |
7897: 1 1 1 6 8 1 4 12 1 1 1 1 1 1 1 1 |2 1 1 1 4 1 1 1 1 1 1 10 1 1 6 1 |1 1 9 1 1 7 13 8 6 1 1 5 1 1 1 2 |1 1 1 3 1 1 1 1 7 5 1 1 1 6 1 9 |1 1 1 1 2 10 8 1 1 1 1 1 10 1 14 6 |1 1 2 1 4 12 1 4 1 1 13 1 1 1 1 1 |1 7 1 1 7 1 1 10 1 1 1 8 1 1 1 2 |7 1 5 15 1 4 6 14 1 2 9 1 1 11 1 1 |2 1 1 1 12 8 1 16 1 9 4 1 1 1 1 1 |1 1 1 1 2 4 1 14 9 6 1 1 1 11 1 2 |6 1 1 1 1 1 1 1 7 8 1 1 1 1 1 1 |1 1 1 1 1 12 9 1 1 6 16 1 1 11 1 1 |
7908: 1 1 1 6 8 1 4 12 1 1 1 1 1 1 1 1 |2 1 1 1 4 1 1 1 1 1 1 10 1 1 6 1 |1 1 9 1 1 7 13 8 6 1 1 5 1 1 1 2 |1 1 1 3 1 1 1 1 7 5 1 1 1 6 1 9 |1 1 1 1 2 10 8 1 1 1 1 1 10 1 14 6 |1 1 2 1 4 12 1 4 1 1 13 1 1 1 1 1 |1 7 1 1 7 1 1 10 1 1 1 8 1 1 1 2 |7 1 5 15 1 4 6 14 1 2 9 1 1 11 1 1 |2 1 1 1 12 8 1 16 1 9 4 1 1 1 1 1 |1 1 5 1 2 2 1 12 9 7 1 5 1 8 1 1 |1 1 1 1 1 1 1 15 5 9 1 1 1 1 8 1 |1 1 1 1 1 3 1 2 1 2 1 1 1 12 1 1 |
7919: 1 5 1 10 5 8 4 1 1 1 1 3 1 1 2 1 |2 1 9 1 5 1 1 1 1 1 1 9 1 1 11 1 |1 1 9 1 1 7 13 8 6 1 1 5 1 1 1 2 |1 1 1 3 1 1 1 1 7 5 1 1 1 6 1 9 |1 1 1 1 2 10 8 1 1 1 1 1 10 1 14 6 |1 1 2 1 4 12 1 4 1 1 13 1 1 1 1 1 |1 7 1 1 7 1 1 10 1 1 1 8 1 1 1 2 |7 1 5 15 1 4 6 14 1 2 9 1 1 11 1 1 |2 1 1 1 12 8 1 16 1 9 4 1 1 1 1 1 |1 1 5 1 2 2 1 12 9 7 1 5 1 8 1 1 |1 1 1 1 1 1 1 15 5 9 1 1 1 1 8 1 |1 1 1 1 1 3 1 2 1 2 1 1 1 12 1 1 |
7930: 1 5 1 10 5 8 4 1 1 1 1 3 1 1 2 1 |2 1 9 1 5 1 1 1 1 1 1 9 1 1 11 1 |1 1 9 1 1 9 1 7 6 1 1 1 1 1 1 1 |1 1 1 1 1 5 3 1 7 4 1 1 1 6 1 10 |1 1 1 1 1 13 9 1 1 1 1 1 10 1 11 14 |1 1 1 1 2 10 1 1 1 1 14 1 10 1 1 1 |1 11 9 1 1 1 1 10 1 1 1 12 1 1 1 1 |6 1 10 6 1 1 8 11 1 1 9 1 1 16 1 1 |1 1 1 1 14 13 8 5 1 9 4 1 13 1 8 2 |2 1 6 1 1 1 1 2 3 13 1 8 1 1 1 8 |1 1 1 1 1 1 1 15 5 9 1 1 1 1 8 1 |1 1 1 1 1 3 1 2 1 2 1 1 1 12 1 1 |
7941: 1 5 1 10 5 8 4 1 1 1 1 3 1 1 2 1 |2 1 9 1 5 1 1 1 1 1 1 9 1 1 11 1 |1 1 9 1 1 9 1 7 6 1 1 1 1 1 1 1 |1 1 1 1 1 5 3 1 7 4 1 1 1 6 1 10 |1 1 1 1 1 13 9 1 1 1 1 1 10 1 11 14 |1 1 1 1 2 10 1 1 1 1 14 1 10 1 1 1 |1 11 9 1 1 1 1 10 1 1 1 12 1 1 1 1 |6 1 10 6 1 1 8 11 1 1 9 1 1 16 1 1 |1 1 1 1 14 13 8 5 1 9 4 1 13 1 8 2 |2 1 6 1 1 1 1 2 3 13 1 8 1 1 1 8 |1 1 1 1 10 1 1 15 5 3 1 1 1 1 1 1 |1 1 1 1 1 14 6 4 1 5 16 1 1 13 1 1 |
7952: 2 1 1 1 1 6 1 13 1 1 1 6 1 1 5 1 |2 1 9 1 5 1 1 1 1 1 1 9 1 1 11 1 |1 1 9 1 1 9 1 7 6 1 1 1 1 1 1 1 |1 1 1 1 1 5 3 1 7 4 1 1 1 6 1 10 |1 1 1 1 1 13 9 1 1 1 1 1 10 1 11 14 |1 1 1 1 2 10 1 1 1 1 14 1 10 1 1 1 |1 11 9 1 1 1 1 10 1 1 1 12 1 1 1 1 |6 1 10 6 1 1 8 11 1 1 9 1 1 16 1 1 |1 1 1 1 14 13 8 5 1 9 4 1 13 1 8 2 |2 1 6 1 1 1 1 2 3 13 1 8 1 1 1 8 |1 1 1 1 10 1 1 15 5 3 1 1 1 1 1 1 |1 1 1 1 1 14 6 4 1 5 16 1 1 13 1 1 |
7963: 2 1 1 1 1 6 1 13 1 1 1 6 1 1 5 1 |1 1 1 1 7 4 1 1 1 1 1 12 3 1 11 1 |1 1 8 1 1 1 12 8 6 1 1 1 1 1 1 2 |1 1 1 8 1 4 1 1 2 7 1 1 1 5 1 11 |1 1 1 1 1 6 1 1 1 1 1 1 12 1 13 6 |1 1 1 1 1 18 1 6 1 1 14 1 10 1 2 1 |1 11 3 1 7 1 1 8 1 1 1 10 1 1 1 1 |1 1 1 14 1 1 1 20 1 1 14 1 1 15 1 1 |1 1 1 1 1 16 5 11 1 10 9 1 11 1 1 1 |3 1 9 1 2 1 1 14 6 16 1 5 1 2 1 6 |1 1 1 1 10 1 1 15 5 3 1 1 1 1 1 1 |1 1 1 1 1 14 6 4 1 5 16 1 1 13 1 1 |
7974: 2 1 1 1 1 6 1 13 1 1 1 6 1 1 5 1 |1 1 1 1 7 4 1 1 1 1 1 12 3 1 11 1 |1 1 8 1 1 1 12 8 6 1 1 1 1 1 1 2 |1 1 1 8 1 4 1 1 2 7 1 1 1 5 1 11 |1 1 1 1 1 6 1 1 1 1 1 1 12 1 13 6 |1 1 1 1 1 18 1 6 1 1 14 1 10 1 2 1 |1 11 3 1 7 1 1 8 1 1 1 10 1 1 1 1 |1 1 1 14 1 1 1 20 1 1 14 1 1 15 1 1 |1 1 1 1 1 16 5 11 1 10 9 1 11 1 1 1 |3 1 9 1 2 1 1 14 6 16 1 5 1 2 1 6 |1 1 1 13 1 1 1 1 1 3 1 1 1 1 1 1 |1 1 1 1 1 3 4 10 1 4 14 1 1 4 1 2 |
7984: 2 1 1 1 1 6 1 13 1 1 1 6 1 1 5 1 |1 1 1 1 7 4 1 1 1 1 1 12 3 1 11 1 |1 1 8 1 1 1 12 8 6 1 1 1 1 1 1 2 |1 1 1 8 1 4 1 1 2 7 1 1 1 5 1 11 |1 1 1 1 1 6 1 1 1 1 1 1 12 1 13 6 |1 1 1 1 1 18 1 6 1 1 14 1 10 1 2 1 |1 11 3 1 7 1 1 8 1 1 1 10 1 1 1 1 |1 1 1 14 1 1 1 20 1 1 14 1 1 15 1 1 |1 1 1 1 1 16 5 11 1 10 9 1 11 1 1 1 |3 1 9 1 2 1 1 14 6 16 1 5 1 2 1 6 |1 1 1 13 1 1 1 1 1 3 1 1 1 1 1 1 |1 1 1 1 1 3 4 10 1 4 14 1 1 4 1 2 |
8016: 1 1 1 6 6 9 5 1 1 5 1 1 1 1 8 1 |3 1 6 1 5 3 1 1 1 1 1 11 1 1 11 1 |1 1 9 1 1 7 12 10 5 1 1 1 1 1 1 1 |1 1 1 3 1 4 8 1 8 1 1 1 9 7 1 8 |1 1 1 1 1 6 1 1 1 1 1 1 12 1 13 6 |1 1 1 1 1 18 1 6 1 1 14 1 10 1 2 1 |1 11 3 1 7 1 1 8 1 1 1 10 1 1 1 1 |1 1 1 14 1 1 1 20 1 1 14 1 1 15 1 1 |1 1 1 1 1 16 5 11 1 10 9 1 11 1 1 1 |3 1 9 1 2 1 1 14 6 16 1 5 1 2 1 6 |1 1 1 13 1 1 1 1 1 3 1 1 1 1 1 1 |1 1 1 1 1 3 4 10 1 4 14 1 1 4 1 2 |
8028: 1 1 1 6 6 9 5 1 1 5 1 1 1 1 8 1 |3 1 6 1 5 3 1 1 1 1 1 11 1 1 11 1 |1 1 9 1 1 7 12 10 5 1 1 1 1 1 1 1 |1 1 1 3 1 4 8 1 8 1 1 1 9 7 1 8 |1 1 1 1 5 8 1 1 1 1 1 1 13 1 11 8 |1 1 2 1 4 11 1 2 1 1 15 1 9 2 1 1 |1 4 3 1 7 1 1 3 1 1 1 12 1 1 1 9 |1 1 8 14 1 5 10 7 1 1 3 1 1 10 1 1 |1 1 1 1 1 12 4 1 1 1 1 1 5 1 6 4 |1 1 6 1 1 1 1 11 2 16 1 1 1 7 1 1 |1 1 1 1 1 1 1 16 3 3 1 3 1 1 7 1 |1 1 1 9 1 14 5 1 1 1 3 1 1 1 1 2 |
8038: 1 1 1 6 6 9 5 1 1 5 1 1 1 1 8 1 |3 1 6 1 5 3 1 1 1 1 1 11 1 1 11 1 |1 1 9 1 1 7 12 10 5 1 1 1 1 1 1 1 |1 1 1 3 1 4 8 1 8 1 1 1 9 7 1 8 |1 1 1 1 5 8 1 1 1 1 1 1 13 1 11 8 |1 1 2 1 4 11 1 2 1 1 15 1 9 2 1 1 |1 4 3 1 7 1 1 3 1 1 1 12 1 1 1 9 |1 1 8 14 1 5 10 7 1 1 3 1 1 10 1 1 |1 1 1 1 1 12 4 1 1 1 1 1 5 1 6 4 |1 1 6 1 1 1 1 11 2 16 1 1 1 7 1 1 |1 1 1 1 1 1 1 16 3 3 1 3 1 1 7 1 |1 1 1 9 1 14 5 1 1 1 3 1 1 1 1 2 |
8049: 1 1 1 1 7 6 4 12 1 1 1 8 1 1 1 1 |1 1 10 1 6 6 1 1 1 1 1 11 2 1 10 1 |1 1 9 1 1 7 12 10 5 1 1 1 1 1 1 1 |1 1 1 3 1 4 8 1 8 1 1 1 9 7 1 8 |1 1 1 1 5 8 1 1 1 1 1 1 13 1 11 8 |1 1 2 1 4 11 1 2 1 1 15 1 9 2 1 1 |1 4 3 1 7 1 1 3 1 1 1 12 1 1 1 9 |1 1 8 14 1 5 10 7 1 1 3 1 1 10 1 1 |1 1 1 1 1 12 4 1 1 1 1 1 5 1 6 4 |1 1 6 1 1 1 1 11 2 16 1 1 1 7 1 1 |1 1 1 1 1 1 1 16 3 3 1 3 1 1 7 1 |1 1 1 9 1 14 5 1 1 1 3 1 1 1 1 2 |
8060: 1 1 1 1 7 6 4 12 1 1 1 8 1 1 1 1 |1 1 10 1 6 6 1 1 1 1 1 11 2 1 10 1 |1 1 1 1 1 1 13 9 6 1 8 1 1 1 1 1 |1 1 1 2 1 5 4 1 4 8 1 1 1 6 1 11 |1 1 1 1 1 6 7 1 1 1 1 1 12 1 13 7 |1 1 7 1 4 8 1 1 1 1 13 1 10 1 1 1 |1 4 8 1 1 1 1 4 1 1 1 11 1 1 1 1 |1 1 1 3 1 1 8 10 1 1 9 1 1 14 1 1 |1 1 1 1 2 14 8 10 1 11 4 1 9 1 8 1 |3 1 6 1 1 1 1 14 6 14 1 7 1 9 1 6 |1 1 1 1 1 1 1 16 3 3 1 3 1 1 7 1 |1 1 1 9 1 14 5 1 1 1 3 1 1 1 1 2 |
8070: 1 1 1 1 7 6 4 12 1 1 1 8 1 1 1 1 |1 1 10 1 6 6 1 1 1 1 1 11 2 1 10 1 |1 1 1 1 1 1 13 9 6 1 8 1 1 1 1 1 |1 1 1 2 1 5 4 1 4 8 1 1 1 6 1 11 |1 1 1 1 1 6 7 1 1 1 1 1 12 1 13 7 |1 1 7 1 4 8 1 1 1 1 13 1 10 1 1 1 |1 4 8 1 1 1 1 4 1 1 1 11 1 1 1 1 |1 1 1 3 1 1 8 10 1 1 9 1 1 14 1 1 |1 1 1 1 2 14 8 10 1 11 4 1 9 1 8 1 |3 1 6 1 1 1 1 14 6 14 1 7 1 9 1 6 |1 1 3 1 1 1 1 12 6 3 8 8 1 1 8 1 |1 11 1 1 1 18 11 1 1 5 16 1 1 5 1 1 |
8081: 1 1 1 2 1 6 9 7 1 1 1 4 1 1 7 1 |1 1 10 1 6 6 1 1 1 1 1 11 2 1 10 1 |1 1 1 1 1 1 13 9 6 1 8 1 1 1 1 1 |1 1 1 2 1 5 4 1 4 8 1 1 1 6 1 11 |1 1 1 1 1 6 7 1 1 1 1 1 12 1 13 7 |1 1 7 1 4 8 1 1 1 1 13 1 10 1 1 1 |1 4 8 1 1 1 1 4 1 1 1 11 1 1 1 1 |1 1 1 3 1 1 8 10 1 1 9 1 1 14 1 1 |1 1 1 1 2 14 8 10 1 11 4 1 9 1 8 1 |3 1 6 1 1 1 1 14 6 14 1 7 1 9 1 6 |1 1 3 1 1 1 1 12 6 3 8 8 1 1 8 1 |1 11 1 1 1 18 11 1 1 5 16 1 1 5 1 1 |
8092: 1 1 1 2 1 6 9 7 1 1 1 4 1 1 7 1 |1 1 6 1 3 10 1 1 1 1 1 10 1 1 12 1 |1 1 6 1 1 2 3 7 1 1 8 6 1 1 1 1 |1 1 1 3 1 3 7 1 5 7 1 1 1 5 1 13 |1 1 1 1 1 8 4 1 1 1 1 1 11 1 14 5 |1 1 1 1 1 9 1 4 1 1 14 1 8 1 1 1 |1 4 14 1 6 1 1 1 1 1 1 11 1 1 1 1 |1 1 1 16 1 4 1 4 1 1 9 1 1 6 1 1 |1 1 1 1 4 15 4 10 6 1 9 10 11 1 2 9 |1 1 4 1 2 7 1 12 3 12 1 6 1 8 1 4 |1 1 3 1 1 1 1 12 6 3 8 8 1 1 8 1 |1 11 1 1 1 18 11 1 1 5 16 1 1 5 1 1 |
8103: 1 1 1 2 1 6 9 7 1 1 1 4 1 1 7 1 |1 1 6 1 3 10 1 1 1 1 1 10 1 1 12 1 |1 1 6 1 1 2 3 7 1 1 8 6 1 1 1 1 |1 1 1 3 1 3 7 1 5 7 1 1 1 5 1 13 |1 1 1 1 1 8 4 1 1 1 1 1 11 1 14 5 |1 1 1 1 1 9 1 4 1 1 14 1 8 1 1 1 |1 4 14 1 6 1 1 1 1 1 1 11 1 1 1 1 |1 1 1 16 1 4 1 4 1 1 9 1 1 6 1 1 |1 1 1 1 4 15 4 10 6 1 9 10 11 1 2 9 |1 1 4 1 2 7 1 12 3 12 1 6 1 8 1 4 |1 1 1 1 1 1 8 13 1 1 1 1 1 1 8 2 |1 2 1 1 1 13 6 1 1 4 10 2 1 3 1 8 |
8114: 1 1 1 7 1 1 1 1 1 1 1 1 1 1 8 1 |1 1 6 1 3 10 1 1 1 1 1 10 1 1 12 1 |1 1 6 1 1 2 3 7 1 1 8 6 1 1 1 1 |1 1 1 3 1 3 7 1 5 7 1 1 1 5 1 13 |1 1 1 1 1 8 4 1 1 1 1 1 11 1 14 5 |1 1 1 1 1 9 1 4 1 1 14 1 8 1 1 1 |1 4 14 1 6 1 1 1 1 1 1 11 1 1 1 1 |1 1 1 16 1 4 1 4 1 1 9 1 1 6 1 1 |1 1 1 1 4 15 4 10 6 1 9 10 11 1 2 9 |1 1 4 1 2 7 1 12 3 12 1 6 1 8 1 4 |1 1 1 1 1 1 8 13 1 1 1 1 1 1 8 2 |1 2 1 1 1 13 6 1 1 4 10 2 1 3 1 8 |
8125: 1 1 1 7 1 1 1 1 1 1 1 1 1 1 8 1 |1 1 1 1 4 1 1 1 1 1 5 1 1 1 12 1 |1 1 7 1 1 1 1 3 6 1 1 6 1 1 1 2 |1 1 1 3 1 1 1 1 2 1 1 1 1 5 1 11 |1 1 1 1 1 8 9 1 1 1 1 1 12 2 13 4 |1 1 1 1 5 6 1 4 1 1 11 1 9 1 1 1 |1 9 8 2 8 1 1 8 1 1 1 13 1 1 1 1 |1 1 2 13 1 3 8 10 1 1 14 1 1 14 1 1 |1 1 2 1 1 4 4 11 2 1 1 1 1 1 9 3 |1 1 4 1 2 7 1 12 3 12 1 6 1 8 1 4 |1 1 1 1 1 1 8 13 1 1 1 1 1 1 8 2 |1 2 1 1 1 13 6 1 1 4 10 2 1 3 1 8 |
8136: 1 1 1 7 1 1 1 1 1 1 1 1 1 1 8 1 |1 1 1 1 4 1 1 1 1 1 5 1 1 1 12 1 |1 1 7 1 1 1 1 3 6 1 1 6 1 1 1 2 |1 1 1 3 1 1 1 1 2 1 1 1 1 5 1 11 |1 1 1 1 1 8 9 1 1 1 1 1 12 2 13 4 |1 1 1 1 5 6 1 4 1 1 11 1 9 1 1 1 |1 9 8 2 8 1 1 8 1 1 1 13 1 1 1 1 |1 1 2 13 1 3 8 10 1 1 14 1 1 14 1 1 |1 1 2 1 1 4 4 11 2 1 1 1 1 1 9 3 |1 1 1 1 1 8 1 14 8 7 1 5 1 1 1 3 |7 1 3 2 1 1 1 14 5 4 12 2 1 1 1 1 |1 1 1 8 1 1 1 1 1 1 18 1 1 13 1 15 |
8147: 1 1 1 8 2 2 9 8 1 1 1 1 1 1 6 4 |1 1 1 1 4 1 1 1 1 1 5 1 1 1 12 1 |1 1 7 1 1 1 1 3 6 1 1 6 1 1 1 2 |1 1 1 3 1 1 1 1 2 1 1 1 1 5 1 11 |1 1 1 1 1 8 9 1 1 1 1 1 12 2 13 4 |1 1 1 1 5 6 1 4 1 1 11 1 9 1 1 1 |1 9 8 2 8 1 1 8 1 1 1 13 1 1 1 1 |1 1 2 13 1 3 8 10 1 1 14 1 1 14 1 1 |1 1 2 1 1 4 4 11 2 1 1 1 1 1 9 3 |1 1 1 1 1 8 1 14 8 7 1 5 1 1 1 3 |7 1 3 2 1 1 1 14 5 4 12 2 1 1 1 1 |1 1 1 8 1 1 1 1 1 1 18 1 1 13 1 15 |
8157: 1 1 1 8 2 2 9 8 1 1 1 1 1 1 6 4 |1 1 7 1 1 14 1 1 1 1 6 11 1 1 13 1 |1 1 5 1 1 7 1 8 6 1 7 7 1 1 1 1 |1 1 1 3 1 5 1 6 8 4 1 1 1 5 1 11 |1 1 1 1 1 7 8 1 1 1 1 1 10 1 13 6 |1 1 6 1 4 9 1 1 1 1 2 1 10 1 1 1 |1 11 8 1 1 1 1 4 1 1 1 10 1 1 1 1 |1 1 2 13 1 3 8 10 1 1 14 1 1 14 1 1 |1 1 2 1 1 4 4 11 2 1 1 1 1 1 9 3 |1 1 1 1 1 8 1 14 8 7 1 5 1 1 1 3 |7 1 3 2 1 1 1 14 5 4 12 2 1 1 1 1 |1 1 1 8 1 1 1 1 1 1 18 1 1 13 1 15 |
8168: 1 1 1 8 2 2 9 8 1 1 1 1 1 1 6 4 |1 1 7 1 1 14 1 1 1 1 6 11 1 1 13 1 |1 1 5 1 1 7 1 8 6 1 7 7 1 1 1 1 |1 1 1 3 1 5 1 6 8 4 1 1 1 5 1 11 |1 1 1 1 1 7 8 1 1 1 1 1 10 1 13 6 |1 1 6 1 4 9 1 1 1 1 2 1 10 1 1 1 |1 11 8 1 1 1 1 4 1 1 1 10 1 1 1 1 |1 1 3 1 1 2 1 13 1 1 15 1 1 14 1 1 |1 1 1 1 11 14 5 1 1 1 1 1 1 1 1 1 |2 1 1 1 1 1 8 5 3 13 1 6 1 1 1 1 |1 1 1 1 1 1 1 13 1 1 1 1 1 1 11 1 |1 1 1 1 1 15 8 11 1 4 15 1 2 7 1 1 |
8179: 1 1 1 8 2 2 9 8 1 1 1 1 1 1 6 4 |1 1 7 1 1 14 1 1 1 1 6 11 1 1 13 1 |1 1 5 1 1 7 1 8 6 1 7 7 1 1 1 1 |1 1 1 3 1 5 1 6 8 4 1 1 1 5 1 11 |1 1 1 1 1 7 8 1 1 1 1 1 10 1 13 6 |1 1 6 1 4 9 1 1 1 1 2 1 10 1 1 1 |1 11 8 1 1 1 1 4 1 1 1 10 1 1 1 1 |1 1 3 1 1 2 1 13 1 1 15 1 1 14 1 1 |1 1 1 1 11 14 5 1 1 1 1 1 1 1 1 1 |2 1 1 1 1 1 8 5 3 13 1 6 1 1 1 1 |1 1 1 1 1 1 1 13 1 1 1 1 1 1 11 1 |1 1 1 1 1 15 8 11 1 4 15 1 2 7 1 1 |
8191: 1 1 1 1 9 6 8 9 1 1 1 6 1 1 2 1 |10 1 7 1 4 1 1 1 1 1 1 10 6 1 15 1 |1 1 6 1 1 1 1 8 5 1 2 1 1 1 1 1 |1 1 1 1 1 4 7 1 8 5 1 1 1 5 1 10 |1 1 1 1 1 8 1 1 1 1 1 1 10 2 14 11 |1 1 1 1 1 10 1 4 1 1 14 1 8 1 1 1 |1 1 15 1 1 1 1 6 1 7 1 12 1 1 2 1 |7 1 8 7 1 3 1 14 1 2 8 1 1 15 1 7 |1 1 1 1 11 14 5 1 1 1 1 1 1 1 1 1 |2 1 1 1 1 1 8 5 3 13 1 6 1 1 1 1 |1 1 1 1 1 1 1 13 1 1 1 1 1 1 11 1 |1 1 1 1 1 15 8 11 1 4 15 1 2 7 1 1 |
8201: 1 1 1 1 9 6 8 9 1 1 1 6 1 1 2 1 |10 1 7 1 4 1 1 1 1 1 1 10 6 1 15 1 |1 1 6 1 1 1 1 8 5 1 2 1 1 1 1 1 |1 1 1 1 1 4 7 1 8 5 1 1 1 5 1 10 |1 1 1 1 1 8 1 1 1 1 1 1 10 2 14 11 |1 1 1 1 1 10 1 4 1 1 14 1 8 1 1 1 |1 1 15 1 1 1 1 6 1 7 1 12 1 1 2 1 |7 1 8 7 1 3 1 14 1 2 8 1 1 15 1 7 |1 1 1 1 8 16 6 9 6 1 11 6 1 3 3 1 |1 1 5 1 2 8 1 14 8 8 1 6 1 8 1 1 |8 1 6 1 1 1 6 8 1 2 9 3 1 1 10 1 |1 5 1 1 1 15 6 12 1 1 16 1 1 13 1 1 |
8213: 1 1 1 1 9 6 8 9 1 1 1 6 1 1 2 1 |10 1 7 1 4 1 1 1 1 1 1 10 6 1 15 1 |1 1 6 1 1 1 1 8 5 1 2 1 1 1 1 1 |1 1 1 1 1 4 7 1 8 5 1 1 1 5 1 10 |1 1 1 1 1 8 1 1 1 1 1 1 10 2 14 11 |1 1 1 1 1 10 1 4 1 1 14 1 8 1 1 1 |1 1 15 1 1 1 1 6 1 7 1 12 1 1 2 1 |7 1 8 7 1 3 1 14 1 2 8 1 1 15 1 7 |1 1 1 1 8 16 6 9 6 1 11 6 1 3 3 1 |1 1 5 1 2 8 1 14 8 8 1 6 1 8 1 1 |8 1 6 1 1 1 6 8 1 2 9 3 1 1 10 1 |1 5 1 1 1 15 6 12 1 1 16 1 1 13 1 1 |
8224: 1 1 1 5 1 1 1 13 1 1 1 1 1 1 6 1 |1 1 1 1 5 4 1 1 1 1 1 10 6 1 8 1 |1 1 5 1 1 7 1 17 1 1 8 8 1 1 1 1 |1 1 1 3 1 1 1 1 7 7 1 1 1 5 1 10 |1 1 3 1 1 11 10 1 1 1 1 1 10 1 8 1 |1 1 1 1 4 9 1 8 1 1 11 1 11 1 1 1 |1 1 15 1 1 1 1 6 1 7 1 12 1 1 2 1 |7 1 8 7 1 3 1 14 1 2 8 1 1 15 1 7 |1 1 1 1 8 16 6 9 6 1 11 6 1 3 3 1 |1 1 5 1 2 8 1 14 8 8 1 6 1 8 1 1 |8 1 6 1 1 1 6 8 1 2 9 3 1 1 10 1 |1 5 1 1 1 15 6 12 1 1 16 1 1 13 1 1 |
8234: 1 1 1 5 1 1 1 13 1 1 1 1 1 1 6 1 |1 1 1 1 5 4 1 1 1 1 1 10 6 1 8 1 |1 1 5 1 1 7 1 17 1 1 8 8 1 1 1 1 |1 1 1 3 1 1 1 1 7 7 1 1 1 5 1 10 |1 1 3 1 1 11 10 1 1 1 1 1 10 1 8 1 |1 1 1 1 4 9 1 8 1 1 11 1 11 1 1 1 |1 9 8 1 2 1 1 7 1 1 1 13 1 1 1 1 |1 1 1 13 1 1 1 11 1 1 7 1 1 15 1 1 |1 1 1 1 2 6 17 5 1 1 1 1 1 1 1 1 |1 1 4 1 1 1 1 14 8 14 1 5 1 10 1 7 |1 1 3 3 1 1 1 14 7 7 1 1 1 1 2 1 |1 1 2 1 1 1 1 11 1 5 13 2 1 11 1 1 |
8246: 1 1 1 5 1 1 1 13 1 1 1 1 1 1 6 1 |1 1 1 1 5 4 1 1 1 1 1 10 6 1 8 1 |1 1 5 1 1 7 1 17 1 1 8 8 1 1 1 1 |1 1 1 3 1 1 1 1 7 7 1 1 1 5 1 10 |1 1 3 1 1 11 10 1 1 1 1 1 10 1 8 1 |1 1 1 1 4 9 1 8 1 1 11 1 11 1 1 1 |1 9 8 1 2 1 1 7 1 1 1 13 1 1 1 1 |1 1 1 13 1 1 1 11 1 1 7 1 1 15 1 1 |1 1 1 1 2 6 17 5 1 1 1 1 1 1 1 1 |1 1 4 1 1 1 1 14 8 14 1 5 1 10 1 7 |1 1 3 3 1 1 1 14 7 7 1 1 1 1 2 1 |1 1 2 1 1 1 1 11 1 5 13 2 1 11 1 1 |
8257: 7 1 1 7 5 5 9 14 1 1 1 1 1 1 8 1 |1 1 7 1 1 10 1 1 1 1 7 9 1 1 12 1 |1 1 13 1 5 7 13 8 1 1 1 1 1 1 1 1 |1 1 1 4 1 2 1 4 6 7 1 1 1 7 1 8 |1 1 1 1 1 9 5 1 1 1 1 1 11 1 14 12 |1 1 1 1 1 11 1 4 1 1 13 1 8 1 1 1 |1 9 8 1 2 1 1 7 1 1 1 13 1 1 1 1 |1 1 1 13 1 1 1 11 1 1 7 1 1 15 1 1 |1 1 1 1 2 6 17 5 1 1 1 1 1 1 1 1 |1 1 4 1 1 1 1 14 8 14 1 5 1 10 1 7 |1 1 3 3 1 1 1 14 7 7 1 1 1 1 2 1 |1 1 2 1 1 1 1 11 1 5 13 2 1 11 1 1 |
8267: 7 1 1 7 5 5 9 14 1 1 1 1 1 1 8 1 |1 1 7 1 1 10 1 1 1 1 7 9 1 1 12 1 |1 1 13 1 5 7 13 8 1 1 1 1 1 1 1 1 |1 1 1 4 1 2 1 4 6 7 1 1 1 7 1 8 |1 1 1 1 1 9 5 1 1 1 1 1 11 1 14 12 |1 1 1 1 1 11 1 4 1 1 13 1 8 1 1 1 |1 4 8 2 7 1 4 1 1 1 1 12 1 1 1 1 |5 1 1 1 1 1 8 13 1 1 13 1 1 8 1 8 |1 9 1 1 1 16 4 8 1 9 8 1 11 1 1 9 |1 1 1 1 1 1 5 9 1 14 1 6 1 4 1 8 |7 1 1 1 1 1 1 14 1 8 1 1 1 1 1 1 |1 9 1 1 1 15 8 2 1 1 5 1 1 13 1 5 |
8278: 7 1 1 7 5 5 9 14 1 1 1 1 1 1 8 1 |1 1 7 1 1 10 1 1 1 1 7 9 1 1 12 1 |1 1 13 1 5 7 13 8 1 1 1 1 1 1 1 1 |1 1 1 4 1 2 1 4 6 7 1 1 1 7 1 8 |1 1 1 1 1 9 5 1 1 1 1 1 11 1 14 12 |1 1 1 1 1 11 1 4 1 1 13 1 8 1 1 1 |1 4 8 2 7 1 4 1 1 1 1 12 1 1 1 1 |5 1 1 1 1 1 8 13 1 1 13 1 1 8 1 8 |1 9 1 1 1 16 4 8 1 9 8 1 11 1 1 9 |1 1 1 1 1 1 5 9 1 14 1 6 1 4 1 8 |7 1 1 1 1 1 1 14 1 8 1 1 1 1 1 1 |1 9 1 1 1 15 8 2 1 1 5 1 1 13 1 5 |
8289: 1 1 1 1 7 8 7 1 1 1 1 1 1 1 6 4 |7 1 2 1 1 1 1 1 1 1 1 3 1 2 6 1 |1 1 9 1 1 9 11 7 7 1 1 7 1 1 1 1 |1 1 4 1 1 4 7 1 8 1 1 7 1 7 1 4 |1 1 1 1 1 9 1 1 1 1 1 1 12 1 13 7 |1 1 1 1 11 11 1 1 1 1 14 1 11 1 1 1 |1 1 4 1 1 1 1 10 1 1 1 11 1 2 1 1 |5 1 1 1 1 1 8 13 1 1 13 1 1 8 1 8 |1 9 1 1 1 16 4 8 1 9 8 1 11 1 1 9 |1 1 1 1 1 1 5 9 1 14 1 6 1 4 1 8 |7 1 1 1 1 1 1 14 1 8 1 1 1 1 1 1 |1 9 1 1 1 15 8 2 1 1 5 1 1 13 1 5 |
8300: 1 1 1 1 7 8 7 1 1 1 1 1 1 1 6 4 |7 1 2 1 1 1 1 1 1 1 1 3 1 2 6 1 |1 1 9 1 1 9 11 7 7 1 1 7 1 1 1 1 |1 1 4 1 1 4 7 1 8 1 1 7 1 7 1 4 |1 1 1 1 1 9 1 1 1 1 1 1 12 1 13 7 |1 1 1 1 11 11 1 1 1 1 14 1 11 1 1 1 |1 1 4 1 1 1 1 10 1 1 1 11 1 2 1 1 |6 1 8 14 1 1 15 14 1 1 6 1 1 9 4 9 |1 1 1 1 1 1 11 4 1 10 7 1 12 1 8 4 |1 12 3 1 1 1 1 13 8 14 1 3 1 7 1 6 |1 1 1 1 1 1 1 16 5 2 1 1 1 1 9 1 |1 4 1 14 1 13 8 1 1 6 9 1 1 12 1 1 |
8311: 1 1 1 1 7 8 7 1 1 1 1 1 1 1 6 4 |7 1 2 1 1 1 1 1 1 1 1 3 1 2 6 1 |1 1 9 1 1 9 11 7 7 1 1 7 1 1 1 1 |1 1 4 1 1 4 7 1 8 1 1 7 1 7 1 4 |1 1 1 1 1 9 1 1 1 1 1 1 12 1 13 7 |1 1 1 1 11 11 1 1 1 1 14 1 11 1 1 1 |1 1 4 1 1 1 1 10 1 1 1 11 1 2 1 1 |6 1 8 14 1 1 15 14 1 1 6 1 1 9 4 9 |1 1 1 1 1 1 11 4 1 10 7 1 12 1 8 4 |1 12 3 1 1 1 1 13 8 14 1 3 1 7 1 6 |1 1 1 1 1 1 1 16 5 2 1 1 1 1 9 1 |1 4 1 14 1 13 8 1 1 6 9 1 1 12 1 1 |
8322: 1 1 1 1 1 1 9 6 1 1 1 1 1 1 7 1 |2 1 1 1 3 1 1 1 1 1 1 9 1 1 11 1 |1 1 7 1 1 1 1 1 5 1 1 6 1 1 1 2 |1 1 1 3 1 5 3 1 6 7 1 1 1 8 1 9 |1 1 1 1 1 10 4 1 1 1 1 1 11 1 15 6 |1 1 1 1 11 11 1 1 1 1 14 1 11 1 1 1 |1 1 4 1 1 1 1 10 1 1 1 11 1 2 1 1 |6 1 8 14 1 1 15 14 1 1 6 1 1 9 4 9 |1 1 1 1 1 1 11 4 1 10 7 1 12 1 8 4 |1 12 3 1 1 1 1 13 8 14 1 3 1 7 1 6 |1 1 1 1 1 1 1 16 5 2 1 1 1 1 9 1 |1 4 1 14 1 13 8 1 1 6 9 1 1 12 1 1 |
8333: 1 1 1 1 1 1 9 6 1 1 1 1 1 1 7 1 |2 1 1 1 3 1 1 1 1 1 1 9 1 1 11 1 |1 1 7 1 1 1 1 1 5 1 1 6 1 1 1 2 |1 1 1 3 1 5 3 1 6 7 1 1 1 8 1 9 |1 1 1 1 1 10 4 1 1 1 1 1 11 1 15 6 |1 1 3 1 4 9 1 1 1 1 11 1 9 1 1 1 |1 9 8 1 6 1 1 9 1 1 1 11 1 1 1 1 |1 1 1 13 1 1 1 13 1 1 14 1 1 14 1 1 |1 1 1 1 1 7 6 10 2 1 1 1 15 1 1 1 |1 1 1 1 3 1 1 12 1 12 1 6 1 1 1 2 |1 1 3 1 1 1 1 13 6 1 12 3 1 1 1 1 |1 5 1 1 1 1 1 1 1 2 16 1 1 12 1 6 |
8344: 1 1 1 1 1 1 9 6 1 1 1 1 1 1 7 1 |2 1 1 1 3 1 1 1 1 1 1 9 1 1 11 1 |1 1 7 1 1 1 1 1 5 1 1 6 1 1 1 2 |1 1 1 3 1 5 3 1 6 7 1 1 1 8 1 9 |1 1 1 1 1 10 4 1 1 1 1 1 11 1 15 6 |1 1 3 1 4 9 1 1 1 1 11 1 9 1 1 1 |1 9 8 1 6 1 1 9 1 1 1 11 1 1 1 1 |1 1 1 13 1 1 1 13 1 1 14 1 1 14 1 1 |1 1 1 1 1 7 6 10 2 1 1 1 15 1 1 1 |1 1 1 1 3 1 1 12 1 12 1 6 1 1 1 2 |1 1 3 1 1 1 1 13 6 1 12 3 1 1 1 1 |1 5 1 1 1 1 1 1 1 2 16 1 1 12 1 6 |
8355: 3 1 1 1 1 6 7 6 1 2 1 1 1 1 9 1 |2 1 7 1 1 4 1 1 1 1 1 1 1 1 14 1 |1 1 5 1 1 8 4 8 6 1 1 1 1 1 1 1 |1 1 1 3 1 5 3 1 6 7 1 1 1 8 1 9 |1 1 1 1 1 10 4 1 1 1 1 1 11 1 15 6 |1 1 3 1 4 9 1 1 1 1 11 1 9 1 1 1 |1 9 8 1 6 1 1 9 1 1 1 11 1 1 1 1 |1 1 1 13 1 1 1 13 1 1 14 1 1 14 1 1 |1 1 1 1 1 7 6 10 2 1 1 1 15 1 1 1 |1 1 1 1 3 1 1 12 1 12 1 6 1 1 1 2 |1 1 3 1 1 1 1 13 6 1 12 3 1 1 1 1 |1 5 1 1 1 1 1 1 1 2 16 1 1 12 1 6 |
8366: 3 1 1 1 1 6 7 6 1 2 1 1 1 1 9 1 |2 1 7 1 1 4 1 1 1 1 1 1 1 1 14 1 |1 1 5 1 1 8 4 8 6 1 1 1 1 1 1 1 |1 1 1 1 1 4 1 1 6 7 1 1 1 7 1 8 |1 1 1 1 10 1 1 1 1 1 1 1 10 3 8 7 |1 1 1 1 5 11 1 3 1 1 14 1 8 2 1 1 |1 2 1 1 1 1 1 4 1 1 1 13 1 1 1 1 |1 1 9 1 1 4 6 8 1 1 14 1 1 17 1 10 |1 15 1 1 14 14 7 4 1 9 8 2 1 1 6 4 |1 1 7 1 3 1 4 12 6 7 1 8 1 7 1 6 |1 1 1 6 1 1 1 16 1 1 12 3 1 1 7 1 |1 4 1 8 1 14 7 1 1 5 17 1 1 11 1 1 |
8377: 3 1 1 1 1 6 7 6 1 2 1 1 1 1 9 1 |2 1 7 1 1 4 1 1 1 1 1 1 1 1 14 1 |1 1 5 1 1 8 4 8 6 1 1 1 1 1 1 1 |1 1 1 1 1 4 1 1 6 7 1 1 1 7 1 8 |1 1 1 1 10 1 1 1 1 1 1 1 10 3 8 7 |1 1 1 1 5 11 1 3 1 1 14 1 8 2 1 1 |1 2 1 1 1 1 1 4 1 1 1 13 1 1 1 1 |1 1 9 1 1 4 6 8 1 1 14 1 1 17 1 10 |1 15 1 1 14 14 7 4 1 9 8 2 1 1 6 4 |1 1 7 1 3 1 4 12 6 7 1 8 1 7 1 6 |1 1 1 6 1 1 1 16 1 1 12 3 1 1 7 1 |1 4 1 8 1 14 7 1 1 5 17 1 1 11 1 1 |
8387: 1 1 1 1 9 6 8 10 1 4 1 1 1 1 7 1 |1 1 1 1 1 3 1 1 1 1 1 1 1 3 1 1 |1 1 8 1 1 9 13 6 5 1 1 5 1 1 1 1 |1 1 1 3 1 1 1 1 6 1 1 1 1 7 1 9 |1 1 1 1 10 1 1 1 1 1 1 1 10 3 8 7 |1 1 1 1 5 11 1 3 1 1 14 1 8 2 1 1 |1 2 1 1 1 1 1 4 1 1 1 13 1 1 1 1 |1 1 9 1 1 4 6 8 1 1 14 1 1 17 1 10 |1 15 1 1 14 14 7 4 1 9 8 2 1 1 6 4 |1 1 7 1 3 1 4 12 6 7 1 8 1 7 1 6 |1 1 1 6 1 1 1 16 1 1 12 3 1 1 7 1 |1 4 1 8 1 14 7 1 1 5 17 1 1 11 1 1 |
8398: 1 1 1 1 9 6 8 10 1 4 1 1 1 1 7 1 |1 1 1 1 1 3 1 1 1 1 1 1 1 3 1 1 |1 1 8 1 1 9 13 6 5 1 1 5 1 1 1 1 |1 1 1 3 1 1 1 1 6 1 1 1 1 7 1 9 |1 1 1 1 1 9 1 1 1 1 1 1 12 1 7 8 |1 1 2 1 1 11 1 1 1 1 12 1 9 1 1 1 |1 12 8 1 1 1 1 9 1 1 1 11 1 1 1 1 |1 1 1 14 1 1 6 11 1 1 15 1 1 10 1 1 |1 1 1 1 12 8 11 11 2 8 8 1 1 1 7 3 |1 1 3 1 1 1 1 14 3 6 1 5 1 7 1 8 |1 1 2 1 1 1 1 12 8 6 10 10 1 1 8 1 |2 1 1 1 1 2 1 1 1 3 16 1 1 11 1 6 |
8409: 1 1 1 1 9 6 8 10 1 4 1 1 1 1 7 1 |1 1 1 1 1 3 1 1 1 1 1 1 1 3 1 1 |1 1 8 1 1 9 13 6 5 1 1 5 1 1 1 1 |1 1 1 3 1 1 1 1 6 1 1 1 1 7 1 9 |1 1 1 1 1 9 1 1 1 1 1 1 12 1 7 8 |1 1 2 1 1 11 1 1 1 1 12 1 9 1 1 1 |1 12 8 1 1 1 1 9 1 1 1 11 1 1 1 1 |1 1 1 14 1 1 6 11 1 1 15 1 1 10 1 1 |1 1 1 1 12 8 11 11 2 8 8 1 1 1 7 3 |1 1 3 1 1 1 1 14 3 6 1 5 1 7 1 8 |1 1 2 1 1 1 1 12 8 6 10 10 1 1 8 1 |2 1 1 1 1 2 1 1 1 3 16 1 1 11 1 6 |
8420: 1 1 1 5 1 1 6 13 1 1 1 1 1 1 6 1 |1 1 14 1 8 3 1 1 1 1 5 10 1 1 14 1 |1 1 8 1 1 9 13 6 5 1 1 5 1 1 1 1 |1 1 1 3 1 1 1 1 6 1 1 1 1 7 1 9 |1 1 1 1 1 9 1 1 1 1 1 1 12 1 7 8 |1 1 2 1 1 11 1 1 1 1 12 1 9 1 1 1 |1 12 8 1 1 1 1 9 1 1 1 11 1 1 1 1 |1 1 1 14 1 1 6 11 1 1 15 1 1 10 1 1 |1 1 1 1 12 8 11 11 2 8 8 1 1 1 7 3 |1 1 3 1 1 1 1 14 3 6 1 5 1 7 1 8 |1 1 2 1 1 1 1 12 8 6 10 10 1 1 8 1 |2 1 1 1 1 2 1 1 1 3 16 1 1 11 1 6 |
8431: 1 1 1 5 1 1 6 13 1 1 1 1 1 1 6 1 |1 1 14 1 8 3 1 1 1 1 5 10 1 1 14 1 |1 1 8 1 1 2 1 9 2 1 1 7 1 1 1 1 |1 1 1 4 1 3 7 1 1 7 1 1 1 5 1 12 |1 1 1 1 1 7 8 1 1 1 1 1 1 1 9 1 |1 1 1 1 6 7 1 1 1 1 11 1 7 1 1 1 |1 5 8 1 1 1 1 1 1 1 1 9 1 1 1 1 |1 5 3 16 1 1 10 13 1 1 8 1 1 14 1 1 |1 1 1 1 1 4 7 11 7 8 5 1 1 1 8 3 |1 1 1 1 1 2 1 12 3 8 1 1 1 10 1 1 |1 1 1 1 1 1 1 12 8 3 9 1 1 2 1 1 |1 1 1 1 1 11 1 1 1 1 14 1 1 11 1 18 |
8442: 1 1 1 5 1 1 6 13 1 1 1 1 1 1 6 1 |1 1 14 1 8 3 1 1 1 1 5 10 1 1 14 1 |1 1 8 1 1 2 1 9 2 1 1 7 1 1 1 1 |1 1 1 4 1 3 7 1 1 7 1 1 1 5 1 12 |1 1 1 1 1 7 8 1 1 1 1 1 1 1 9 1 |1 1 1 1 6 7 1 1 1 1 11 1 7 1 1 1 |1 5 8 1 1 1 1 1 1 1 1 9 1 1 1 1 |1 5 3 16 1 1 10 13 1 1 8 1 1 14 1 1 |1 1 1 1 1 4 7 11 7 8 5 1 1 1 8 3 |1 1 1 1 1 2 1 12 3 8 1 1 1 10 1 1 |1 1 1 1 1 1 1 12 8 3 9 1 1 2 1 1 |1 1 1 1 1 11 1 1 1 1 14 1 1 11 1 18 |
8453: 6 1 1 2 7 7 2 6 1 1 1 1 1 1 8 1 |1 1 9 1 1 4 1 1 1 1 1 9 1 1 11 1 |1 1 1 1 1 8 12 7 5 1 8 2 1 1 1 1 |1 1 1 4 1 3 7 1 1 7 1 1 1 5 1 12 |1 1 1 1 1 7 8 1 1 1 1 1 1 1 9 1 |1 1 1 1 6 7 1 1 1 1 11 1 7 1 1 1 |1 5 8 1 1 1 1 1 1 1 1 9 1 1 1 1 |1 5 3 16 1 1 10 13 1 1 8 1 1 14 1 1 |1 1 1 1 1 4 7 11 7 8 5 1 1 1 8 3 |1 1 1 1 1 2 1 12 3 8 1 1 1 10 1 1 |1 1 1 1 1 1 1 12 8 3 9 1 1 2 1 1 |1 1 1 1 1 11 1 1 1 1 14 1 1 11 1 18 |
8464: 6 1 1 2 7 7 2 6 1 1 1 1 1 1 8 1 |1 1 9 1 1 4 1 1 1 1 1 9 1 1 11 1 |1 1 1 1 1 8 12 7 5 1 8 2 1 1 1 1 |1 1 1 3 1 4 1 1 8 6 1 1 12 5 1 13 |1 1 1 1 13 5 1 1 1 1 1 1 13 1 8 13 |1 1 1 1 5 10 1 6 1 1 13 1 11 1 1 1 |1 5 8 4 1 1 5 1 1 1 9 2 1 1 1 1 |1 1 1 1 1 1 8 8 1 1 16 1 1 12 1 1 |1 1 1 1 3 14 11 6 1 10 7 1 11 1 9 5 |1 1 1 1 3 1 1 14 7 8 1 5 1 1 1 4 |1 1 1 20 1 1 1 13 1 3 5 1 1 1 10 1 |1 8 1 1 1 17 8 1 1 1 16 1 1 15 1 9 |
8475: 6 1 1 2 7 7 2 6 1 1 1 1 1 1 8 1 |1 1 9 1 1 4 1 1 1 1 1 9 1 1 11 1 |1 1 1 1 1 8 12 7 5 1 8 2 1 1 1 1 |1 1 1 3 1 4 1 1 8 6 1 1 12 5 1 13 |1 1 1 1 13 5 1 1 1 1 1 1 13 1 8 13 |1 1 1 1 5 10 1 6 1 1 13 1 11 1 1 1 |1 5 8 4 1 1 5 1 1 1 9 2 1 1 1 1 |1 1 1 1 1 1 8 8 1 1 16 1 1 12 1 1 |1 1 1 1 3 14 11 6 1 10 7 1 11 1 9 5 |1 1 1 1 3 1 1 14 7 8 1 5 1 1 1 4 |1 1 1 20 1 1 1 13 1 3 5 1 1 1 10 1 |1 8 1 1 1 17 8 1 1 1 16 1 1 15 1 9 |
8486: 1 1 3 1 1 9 7 6 1 1 1 5 1 1 7 1 |3 1 7 1 1 1 1 1 1 1 1 11 1 1 11 1 |1 1 8 1 1 7 4 4 8 1 7 1 1 1 1 1 |1 1 1 3 1 4 1 1 8 6 1 1 12 5 1 13 |1 1 1 1 13 5 1 1 1 1 1 1 13 1 8 13 |1 1 1 1 5 10 1 6 1 1 13 1 11 1 1 1 |1 5 8 4 1 1 5 1 1 1 9 2 1 1 1 1 |1 1 1 1 1 1 8 8 1 1 16 1 1 12 1 1 |1 1 1 1 3 14 11 6 1 10 7 1 11 1 9 5 |1 1 1 1 3 1 1 14 7 8 1 5 1 1 1 4 |1 1 1 20 1 1 1 13 1 3 5 1 1 1 10 1 |1 8 1 1 1 17 8 1 1 1 16 1 1 15 1 9 |
8497: 1 1 3 1 1 9 7 6 1 1 1 5 1 1 7 1 |3 1 7 1 1 1 1 1 1 1 1 11 1 1 11 1 |1 1 8 1 1 7 4 4 8 1 7 1 1 1 1 1 |1 1 1 4 1 6 1 1 1 7 1 1 1 9 1 12 |1 1 1 1 1 11 1 1 1 1 1 1 12 1 13 7 |1 1 1 1 1 11 1 1 1 1 14 1 11 1 1 1 |1 1 1 1 1 1 1 10 1 1 1 11 1 1 1 1 |6 1 4 8 1 1 4 13 1 1 14 1 1 14 1 1 |2 1 1 4 12 14 7 6 1 1 1 1 1 1 7 7 |1 5 1 1 1 1 1 15 1 14 1 1 1 6 1 1 |1 1 1 9 1 1 1 1 6 8 12 5 1 1 10 1 |1 8 1 1 1 17 8 1 1 1 16 1 1 15 1 9 |
8508: 1 1 3 1 1 9 7 6 1 1 1 5 1 1 7 1 |3 1 7 1 1 1 1 1 1 1 1 11 1 1 11 1 |1 1 8 1 1 7 4 4 8 1 7 1 1 1 1 1 |1 1 1 4 1 6 1 1 1 7 1 1 1 9 1 12 |1 1 1 1 1 11 1 1 1 1 1 1 12 1 13 7 |1 1 1 1 1 11 1 1 1 1 14 1 11 1 1 1 |1 1 1 1 1 1 1 10 1 1 1 11 1 1 1 1 |6 1 4 8 1 1 4 13 1 1 14 1 1 14 1 1 |2 1 1 4 12 14 7 6 1 1 1 1 1 1 7 7 |1 5 1 1 1 1 1 15 1 14 1 1 1 6 1 1 |1 1 1 9 1 1 1 1 6 8 12 5 1 1 10 1 |1 1 1 1 1 8 3 1 1 1 13 1 1 11 1 1 |
8519: 1 1 1 1 1 10 1 1 1 3 1 6 1 2 1 1 |1 1 1 1 5 1 1 1 1 1 1 9 1 1 6 1 |1 1 9 1 1 6 1 1 7 1 1 5 1 1 1 2 |1 1 1 4 1 6 1 1 1 7 1 1 1 9 1 12 |1 1 1 1 1 11 1 1 1 1 1 1 12 1 13 7 |1 1 1 1 1 11 1 1 1 1 14 1 11 1 1 1 |1 1 1 1 1 1 1 10 1 1 1 11 1 1 1 1 |6 1 4 8 1 1 4 13 1 1 14 1 1 14 1 1 |2 1 1 4 12 14 7 6 1 1 1 1 1 1 7 7 |1 5 1 1 1 1 1 15 1 14 1 1 1 6 1 1 |1 1 1 9 1 1 1 1 6 8 12 5 1 1 10 1 |1 1 1 1 1 8 3 1 1 1 13 1 1 11 1 1 |
8530: 1 1 1 1 1 10 1 1 1 3 1 6 1 2 1 1 |1 1 1 1 5 1 1 1 1 1 1 9 1 1 6 1 |1 1 9 1 1 6 1 1 7 1 1 5 1 1 1 2 |1 1 1 1 2 5 6 1 9 6 1 1 12 7 1 11 |1 8 1 1 1 7 6 1 1 1 1 1 1 1 12 4 |1 1 2 1 6 7 3 1 1 1 12 1 9 1 1 1 |1 9 7 1 1 1 1 7 1 1 1 10 1 2 1 2 |4 1 1 14 1 3 2 15 1 1 5 1 1 14 1 11 |1 1 1 1 1 1 10 10 6 1 1 1 10 2 2 1 |1 5 1 1 1 1 1 15 1 14 1 1 1 6 1 1 |1 1 1 9 1 1 1 1 6 8 12 5 1 1 10 1 |1 1 1 1 1 8 3 1 1 1 13 1 1 11 1 1 |
8541: 1 1 1 1 1 10 1 1 1 3 1 6 1 2 1 1 |1 1 1 1 5 1 1 1 1 1 1 9 1 1 6 1 |1 1 9 1 1 6 1 1 7 1 1 5 1 1 1 2 |1 1 1 1 2 5 6 1 9 6 1 1 12 7 1 11 |1 8 1 1 1 7 6 1 1 1 1 1 1 1 12 4 |1 1 2 1 6 7 3 1 1 1 12 1 9 1 1 1 |1 9 7 1 1 1 1 7 1 1 1 10 1 2 1 2 |4 1 1 14 1 3 2 15 1 1 5 1 1 14 1 11 |1 1 1 1 1 1 10 10 6 1 1 1 10 2 2 1 |2 1 1 1 1 1 6 7 1 16 1 6 1 7 1 5 |1 1 2 5 1 1 1 13 6 7 9 1 1 1 9 1 |1 6 1 2 1 11 14 6 1 2 16 1 1 13 1 1 |
8552: 1 1 1 7 7 6 9 7 1 1 1 5 1 1 8 1 |1 1 8 1 1 4 1 1 1 1 1 9 1 1 12 1 |1 1 9 1 1 6 1 1 7 1 1 5 1 1 1 2 |1 1 1 1 2 5 6 1 9 6 1 1 12 7 1 11 |1 8 1 1 1 7 6 1 1 1 1 1 1 1 12 4 |1 1 2 1 6 7 3 1 1 1 12 1 9 1 1 1 |1 9 7 1 1 1 1 7 1 1 1 10 1 2 1 2 |4 1 1 14 1 3 2 15 1 1 5 1 1 14 1 11 |1 1 1 1 1 1 10 10 6 1 1 1 10 2 2 1 |2 1 1 1 1 1 6 7 1 16 1 6 1 7 1 5 |1 1 2 5 1 1 1 13 6 7 9 1 1 1 9 1 |1 6 1 2 1 11 14 6 1 2 16 1 1 13 1 1 |
8563: 1 1 1 7 7 6 9 7 1 1 1 5 1 1 8 1 |1 1 8 1 1 4 1 1 1 1 1 9 1 1 12 1 |1 1 1 1 4 6 15 7 4 1 7 1 1 1 1 1 |1 1 1 4 1 4 1 1 5 1 1 1 9 8 1 11 |1 1 1 1 1 8 8 1 1 1 1 1 8 1 7 7 |1 1 3 1 5 9 1 1 1 1 11 1 9 1 1 1 |1 9 9 1 1 1 3 1 1 2 1 11 1 1 1 1 |1 1 4 1 1 1 9 7 1 1 8 1 1 15 1 1 |1 7 1 1 3 9 9 5 2 9 5 1 12 1 8 4 |1 1 4 1 2 4 1 11 3 14 1 1 1 5 1 8 |1 1 1 14 1 1 1 15 7 4 11 5 3 1 8 1 |1 6 1 2 1 11 14 6 1 2 16 1 1 13 1 1 |
8574: 1 1 1 7 7 6 9 7 1 1 1 5 1 1 8 1 |1 1 8 1 1 4 1 1 1 1 1 9 1 1 12 1 |1 1 1 1 4 6 15 7 4 1 7 1 1 1 1 1 |1 1 1 4 1 4 1 1 5 1 1 1 9 8 1 11 |1 1 1 1 1 8 8 1 1 1 1 1 8 1 7 7 |1 1 3 1 5 9 1 1 1 1 11 1 9 1 1 1 |1 9 9 1 1 1 3 1 1 2 1 11 1 1 1 1 |1 1 4 1 1 1 9 7 1 1 8 1 1 15 1 1 |1 7 1 1 3 9 9 5 2 9 5 1 12 1 8 4 |1 1 4 1 2 4 1 11 3 14 1 1 1 5 1 8 |1 1 1 14 1 1 1 15 7 4 11 5 3 1 8 1 |4 1 1 1 1 14 12 2 1 5 17 1 1 11 1 4 |
8585: 1 1 4 7 9 2 8 8 1 1 1 1 1 1 4 1 |1 1 8 1 3 1 1 1 1 1 1 12 1 1 13 1 |1 1 6 1 1 8 13 7 7 1 1 1 1 1 1 1 |1 1 1 4 1 4 1 1 5 1 1 1 9 8 1 11 |1 1 1 1 1 8 8 1 1 1 1 1 8 1 7 7 |1 1 3 1 5 9 1 1 1 1 11 1 9 1 1 1 |1 9 9 1 1 1 3 1 1 2 1 11 1 1 1 1 |1 1 4 1 1 1 9 7 1 1 8 1 1 15 1 1 |1 7 1 1 3 9 9 5 2 9 5 1 12 1 8 4 |1 1 4 1 2 4 1 11 3 14 1 1 1 5 1 8 |1 1 1 14 1 1 1 15 7 4 11 5 3 1 8 1 |4 1 1 1 1 14 12 2 1 5 17 1 1 11 1 4 |
8596: 1 1 4 7 9 2 8 8 1 1 1 1 1 1 4 1 |1 1 8 1 3 1 1 1 1 1 1 12 1 1 13 1 |1 1 6 1 1 8 13 7 7 1 1 1 1 1 1 1 |1 1 1 1 1 5 8 1 6 4 1 1 13 6 1 10 |1 1 1 1 8 7 1 1 1 1 1 1 9 1 13 1 |1 1 1 1 1 9 1 6 1 1 13 1 9 1 1 1 |1 1 12 1 1 1 1 8 1 4 1 11 1 1 1 1 |1 1 1 1 1 1 1 3 1 1 15 1 1 15 1 8 |1 1 1 9 9 17 6 11 1 8 9 1 11 1 1 1 |1 3 1 1 1 1 1 13 1 15 1 1 1 10 1 7 |1 1 1 14 1 1 1 15 7 4 11 5 3 1 8 1 |4 1 1 1 1 14 12 2 1 5 17 1 1 11 1 4 |
8607: 1 1 4 7 9 2 8 8 1 1 1 1 1 1 4 1 |1 1 8 1 3 1 1 1 1 1 1 12 1 1 13 1 |1 1 6 1 1 8 13 7 7 1 1 1 1 1 1 1 |1 1 1 1 1 5 8 1 6 4 1 1 13 6 1 10 |1 1 1 1 8 7 1 1 1 1 1 1 9 1 13 1 |1 1 1 1 1 9 1 6 1 1 13 1 9 1 1 1 |1 1 12 1 1 1 1 8 1 4 1 11 1 1 1 1 |1 1 1 1 1 1 1 3 1 1 15 1 1 15 1 8 |1 1 1 9 9 17 6 11 1 8 9 1 11 1 1 1 |1 3 1 1 1 1 1 13 1 15 1 1 1 10 1 7 |1 1 3 1 1 1 1 12 4 4 9 1 1 1 8 1 |1 1 1 1 1 2 3 1 1 3 13 1 1 1 1 1 |
8618: 1 1 4 7 9 2 8 8 1 1 1 1 1 1 4 1 |1 1 8 1 3 1 1 1 1 1 1 12 1 1 13 1 |1 1 6 1 1 8 13 7 7 1 1 1 1 1 1 1 |1 1 1 1 1 5 8 1 6 4 1 1 13 6 1 10 |1 1 1 1 8 7 1 1 1 1 1 1 9 1 13 1 |1 1 1 1 1 9 1 6 1 1 13 1 9 1 1 1 |1 1 12 1 1 1 1 8 1 4 1 11 1 1 1 1 |1 1 1 1 1 1 1 3 1 1 15 1 1 15 1 8 |1 1 1 9 9 17 6 11 1 8 9 1 11 1 1 1 |1 3 1 1 1 1 1 13 1 15 1 1 1 10 1 7 |1 1 3 1 1 1 1 12 4 4 9 1 1 1 8 1 |1 1 1 1 1 2 3 1 1 3 13 1 1 1 1 1 |
8651: 4 1 1 1 1 1 1 10 1 4 1 1 1 1 7 10 |3 1 1 1 1 12 1 1 2 1 3 11 9 2 7 1 |1 1 8 1 4 10 5 11 6 1 8 3 1 1 1 1 |1 1 1 4 1 1 8 1 1 1 1 1 10 6 1 10 |1 3 1 1 7 6 2 1 1 1 1 1 2 1 14 13 |1 1 1 1 6 11 1 2 1 1 13 1 9 1 1 1 |1 4 9 2 1 1 1 3 1 1 1 12 1 1 1 1 |1 1 1 1 1 1 1 3 1 1 15 1 1 15 1 8 |1 1 1 9 9 17 6 11 1 8 9 1 11 1 1 1 |1 3 1 1 1 1 1 13 1 15 1 1 1 10 1 7 |1 1 3 1 1 1 1 12 4 4 9 1 1 1 8 1 |1 1 1 1 1 2 3 1 1 3 13 1 1 1 1 1 |
8662: 4 1 1 1 1 1 1 10 1 4 1 1 1 1 7 10 |3 1 1 1 1 12 1 1 2 1 3 11 9 2 7 1 |1 1 8 1 4 10 5 11 6 1 8 3 1 1 1 1 |1 1 1 4 1 1 8 1 1 1 1 1 10 6 1 10 |1 3 1 1 7 6 2 1 1 1 1 1 2 1 14 13 |1 1 1 1 6 11 1 2 1 1 13 1 9 1 1 1 |1 4 9 2 1 1 1 3 1 1 1 12 1 1 1 1 |7 1 8 16 1 1 1 4 1 2 9 1 1 12 3 1 |1 1 1 1 14 15 12 3 1 1 1 2 1 1 3 1 |2 1 5 1 1 1 1 15 5 1 1 1 1 6 1 9 |8 1 5 1 1 1 1 14 2 1 1 15 1 1 7 1 |1 1 1 1 1 1 1 5 1 1 16 4 1 2 1 4 |
8673: 4 1 1 1 1 1 1 10 1 4 1 1 1 1 7 10 |3 1 1 1 1 12 1 1 2 1 3 11 9 2 7 1 |1 1 8 1 4 10 5 11 6 1 8 3 1 1 1 1 |1 1 1 4 1 1 8 1 1 1 1 1 10 6 1 10 |1 3 1 1 7 6 2 1 1 1 1 1 2 1 14 13 |1 1 1 1 6 11 1 2 1 1 13 1 9 1 1 1 |1 4 9 2 1 1 1 3 1 1 1 12 1 1 1 1 |7 1 8 16 1 1 1 4 1 2 9 1 1 12 3 1 |1 1 1 1 14 15 12 3 1 1 1 2 1 1 3 1 |2 1 5 1 1 1 1 15 5 1 1 1 1 6 1 9 |8 1 5 1 1 1 1 14 2 1 1 15 1 1 7 1 |1 1 1 1 1 1 1 5 1 1 16 4 1 2 1 4 |
8684: 1 1 1 1 5 1 1 1 1 1 1 1 1 1 9 1 |1 1 6 1 1 1 1 1 1 1 1 10 1 1 8 1 |1 1 7 1 1 5 3 8 6 1 8 6 1 1 1 3 |1 1 1 1 1 1 1 1 8 7 1 1 1 5 1 9 |1 1 1 1 1 8 8 1 1 1 1 1 14 1 12 14 |1 1 1 1 6 11 1 2 1 1 13 1 9 1 1 1 |1 4 9 2 1 1 1 3 1 1 1 12 1 1 1 1 |7 1 8 16 1 1 1 4 1 2 9 1 1 12 3 1 |1 1 1 1 14 15 12 3 1 1 1 2 1 1 3 1 |2 1 5 1 1 1 1 15 5 1 1 1 1 6 1 9 |8 1 5 1 1 1 1 14 2 1 1 15 1 1 7 1 |1 1 1 1 1 1 1 5 1 1 16 4 1 2 1 4 |
8695: 1 1 1 1 5 1 1 1 1 1 1 1 1 1 9 1 |1 1 6 1 1 1 1 1 1 1 1 10 1 1 8 1 |1 1 7 1 1 5 3 8 6 1 8 6 1 1 1 3 |1 1 1 1 1 1 1 1 8 7 1 1 1 5 1 9 |1 1 1 1 1 8 8 1 1 1 1 1 14 1 12 14 |1 1 1 1 5 9 1 1 1 1 2 1 10 1 1 1 |1 6 8 1 7 1 1 9 1 1 1 10 1 1 1 1 |1 1 1 16 1 2 4 13 1 1 4 1 1 13 1 1 |1 1 1 1 1 14 1 2 1 7 12 2 10 1 1 1 |3 1 5 1 1 1 5 13 5 7 1 4 1 7 1 6 |7 1 1 1 1 1 1 13 7 8 1 1 1 1 1 1 |1 6 1 1 1 13 3 5 1 1 7 1 1 1 1 1 |
8706: 1 1 1 1 5 1 1 1 1 1 1 1 1 1 9 1 |1 1 6 1 1 1 1 1 1 1 1 10 1 1 8 1 |1 1 7 1 1 5 3 8 6 1 8 6 1 1 1 3 |1 1 1 1 1 1 1 1 8 7 1 1 1 5 1 9 |1 1 1 1 1 8 8 1 1 1 1 1 14 1 12 14 |1 1 1 1 5 9 1 1 1 1 2 1 10 1 1 1 |1 6 8 1 7 1 1 9 1 1 1 10 1 1 1 1 |1 1 1 16 1 2 4 13 1 1 4 1 1 13 1 1 |1 1 1 1 1 14 1 2 1 7 12 2 10 1 1 1 |3 1 5 1 1 1 5 13 5 7 1 4 1 7 1 6 |7 1 1 1 1 1 1 13 7 8 1 1 1 1 1 1 |1 6 1 1 1 13 3 5 1 1 7 1 1 1 1 1 |
8717: 1 4 1 8 6 8 8 11 1 1 1 1 1 1 7 1 |4 1 2 1 7 1 1 1 1 1 1 10 1 3 13 1 |1 1 9 1 1 9 14 6 6 1 1 1 1 1 1 1 |1 1 1 2 1 7 7 1 7 5 1 1 5 8 1 9 |1 1 1 1 1 12 9 1 1 1 1 1 12 1 13 12 |1 1 1 1 5 9 1 1 1 1 2 1 10 1 1 1 |1 6 8 1 7 1 1 9 1 1 1 10 1 1 1 1 |1 1 1 16 1 2 4 13 1 1 4 1 1 13 1 1 |1 1 1 1 1 14 1 2 1 7 12 2 10 1 1 1 |3 1 5 1 1 1 5 13 5 7 1 4 1 7 1 6 |7 1 1 1 1 1 1 13 7 8 1 1 1 1 1 1 |1 6 1 1 1 13 3 5 1 1 7 1 1 1 1 1 |
8728: 1 4 1 8 6 8 8 11 1 1 1 1 1 1 7 1 |4 1 2 1 7 1 1 1 1 1 1 10 1 3 13 1 |1 1 9 1 1 9 14 6 6 1 1 1 1 1 1 1 |1 1 1 2 1 7 7 1 7 5 1 1 5 8 1 9 |1 1 1 1 1 12 9 1 1 1 1 1 12 1 13 12 |1 1 1 1 5 9 1 4 1 1 13 1 10 1 1 1 |1 1 1 1 1 1 1 1 1 1 1 10 1 1 1 1 |6 1 11 5 1 8 1 13 1 1 9 1 1 13 1 8 |1 1 1 1 12 10 10 3 2 7 8 1 1 1 4 9 |1 1 4 1 1 1 1 8 3 15 1 5 1 7 1 6 |6 1 1 1 10 1 1 7 1 1 1 9 1 1 7 1 |1 6 1 1 1 13 3 5 1 1 7 1 1 1 1 1 |
8739: 1 4 1 8 6 8 8 11 1 1 1 1 1 1 7 1 |4 1 2 1 7 1 1 1 1 1 1 10 1 3 13 1 |1 1 9 1 1 9 14 6 6 1 1 1 1 1 1 1 |1 1 1 2 1 7 7 1 7 5 1 1 5 8 1 9 |1 1 1 1 1 12 9 1 1 1 1 1 12 1 13 12 |1 1 1 1 5 9 1 4 1 1 13 1 10 1 1 1 |1 1 1 1 1 1 1 1 1 1 1 10 1 1 1 1 |6 1 11 5 1 8 1 13 1 1 9 1 1 13 1 8 |1 1 1 1 12 10 10 3 2 7 8 1 1 1 4 9 |1 1 4 1 1 1 1 8 3 15 1 5 1 7 1 6 |6 1 1 1 10 1 1 7 1 1 1 9 1 1 7 1 |1 1 1 6 1 14 9 2 1 3 18 1 1 10 1 1 |
8750: 1 1 1 1 5 6 7 12 1 1 1 1 1 1 6 1 |1 1 8 1 3 1 1 1 1 1 1 1 1 1 13 1 |1 1 7 1 1 1 11 8 1 1 7 7 1 1 1 1 |1 1 1 4 1 4 2 1 6 6 1 1 1 8 1 10 |1 1 1 1 1 12 9 1 1 1 1 1 12 1 13 12 |1 1 1 1 5 9 1 4 1 1 13 1 10 1 1 1 |1 1 1 1 1 1 1 1 1 1 1 10 1 1 1 1 |6 1 11 5 1 8 1 13 1 1 9 1 1 13 1 8 |1 1 1 1 12 10 10 3 2 7 8 1 1 1 4 9 |1 1 4 1 1 1 1 8 3 15 1 5 1 7 1 6 |6 1 1 1 10 1 1 7 1 1 1 9 1 1 7 1 |1 1 1 6 1 14 9 2 1 3 18 1 1 10 1 1 |
8761: 1 1 1 1 5 6 7 12 1 1 1 1 1 1 6 1 |1 1 8 1 3 1 1 1 1 1 1 1 1 1 13 1 |1 1 7 1 1 1 11 8 1 1 7 7 1 1 1 1 |1 1 1 4 1 4 2 1 6 6 1 1 1 8 1 10 |1 1 1 1 1 10 4 1 1 1 1 1 13 1 7 7 |1 1 3 1 1 19 1 1 1 1 13 1 9 1 1 1 |1 5 1 1 7 1 1 1 1 1 8 1 1 1 1 1 |1 1 1 13 1 2 4 7 1 1 15 1 1 13 1 1 |1 1 1 1 1 17 3 1 3 9 5 1 10 1 5 3 |1 1 1 1 1 6 1 15 2 7 1 7 1 2 1 6 |1 1 1 1 1 1 1 14 7 4 1 1 1 1 9 1 |1 9 1 1 1 15 6 2 1 2 10 1 1 12 1 12 |
8771: 1 1 1 1 5 6 7 12 1 1 1 1 1 1 6 1 |1 1 8 1 3 1 1 1 1 1 1 1 1 1 13 1 |1 1 7 1 1 1 11 8 1 1 7 7 1 1 1 1 |1 1 1 4 1 4 2 1 6 6 1 1 1 8 1 10 |1 1 1 1 1 10 4 1 1 1 1 1 13 1 7 7 |1 1 3 1 1 19 1 1 1 1 13 1 9 1 1 1 |1 5 1 1 7 1 1 1 1 1 8 1 1 1 1 1 |1 1 1 13 1 2 4 7 1 1 15 1 1 13 1 1 |1 1 1 1 1 17 3 1 3 9 5 1 10 1 5 3 |1 1 1 1 1 6 1 15 2 7 1 7 1 2 1 6 |1 1 1 1 1 1 1 14 7 4 1 1 1 1 9 1 |1 9 1 1 1 15 6 2 1 2 10 1 1 12 1 12 |
8782: 1 1 1 6 7 1 1 1 1 1 1 1 1 1 8 1 |5 1 8 1 7 2 1 1 1 1 1 10 1 1 13 1 |1 1 7 1 1 2 4 1 5 1 8 5 1 1 1 1 |1 1 1 1 1 1 1 1 7 7 1 1 1 7 1 10 |1 1 1 1 1 10 4 1 1 1 1 1 13 1 7 7 |1 1 3 1 1 19 1 1 1 1 13 1 9 1 1 1 |1 5 1 1 7 1 1 1 1 1 8 1 1 1 1 1 |1 1 1 13 1 2 4 7 1 1 15 1 1 13 1 1 |1 1 1 1 1 17 3 1 3 9 5 1 10 1 5 3 |1 1 1 1 1 6 1 15 2 7 1 7 1 2 1 6 |1 1 1 1 1 1 1 14 7 4 1 1 1 1 9 1 |1 9 1 1 1 15 6 2 1 2 10 1 1 12 1 12 |
8793: 1 1 1 6 7 1 1 1 1 1 1 1 1 1 8 1 |5 1 8 1 7 2 1 1 1 1 1 10 1 1 13 1 |1 1 7 1 1 2 4 1 5 1 8 5 1 1 1 1 |1 1 1 1 1 1 1 1 7 7 1 1 1 7 1 10 |1 8 1 1 1 9 10 1 1 1 1 1 10 1 6 1 |1 1 1 1 4 10 1 3 1 1 12 1 9 1 1 1 |1 4 7 1 1 1 1 1 1 1 10 3 1 1 1 3 |5 1 7 8 1 4 4 12 1 1 2 1 1 13 1 9 |1 1 1 1 1 10 5 4 1 8 2 1 14 1 7 2 |1 1 7 1 1 7 1 12 3 14 1 7 1 9 1 6 |1 1 1 1 1 1 1 13 7 3 12 10 1 1 1 1 |1 9 1 1 1 15 6 2 1 2 10 1 1 12 1 12 |
8804: 1 1 1 6 7 1 1 1 1 1 1 1 1 1 8 1 |5 1 8 1 7 2 1 1 1 1 1 10 1 1 13 1 |1 1 7 1 1 2 4 1 5 1 8 5 1 1 1 1 |1 1 1 1 1 1 1 1 7 7 1 1 1 7 1 10 |1 8 1 1 1 9 10 1 1 1 1 1 10 1 6 1 |1 1 1 1 4 10 1 3 1 1 12 1 9 1 1 1 |1 4 7 1 1 1 1 1 1 1 10 3 1 1 1 3 |5 1 7 8 1 4 4 12 1 1 2 1 1 13 1 9 |1 1 1 1 1 10 5 4 1 8 2 1 14 1 7 2 |1 1 7 1 1 7 1 12 3 14 1 7 1 9 1 6 |1 1 1 1 1 1 1 13 7 3 12 10 1 1 1 1 |1 5 1 1 1 15 5 3 1 1 6 1 1 12 1 1 |
8815: 1 1 1 1 8 6 1 14 1 1 1 8 1 1 6 1 |1 1 8 1 6 5 1 1 1 1 1 12 1 1 11 1 |1 1 7 1 1 2 4 1 5 1 8 5 1 1 1 1 |1 1 1 1 1 1 1 1 7 7 1 1 1 7 1 10 |1 8 1 1 1 9 10 1 1 1 1 1 10 1 6 1 |1 1 1 1 4 10 1 3 1 1 12 1 9 1 1 1 |1 4 7 1 1 1 1 1 1 1 10 3 1 1 1 3 |5 1 7 8 1 4 4 12 1 1 2 1 1 13 1 9 |1 1 1 1 1 10 5 4 1 8 2 1 14 1 7 2 |1 1 7 1 1 7 1 12 3 14 1 7 1 9 1 6 |1 1 1 1 1 1 1 13 7 3 12 10 1 1 1 1 |1 5 1 1 1 15 5 3 1 1 6 1 1 12 1 1 |
8826: 1 1 1 1 8 6 1 14 1 1 1 8 1 1 6 1 |1 1 8 1 6 5 1 1 1 1 1 12 1 1 11 1 |1 1 7 1 1 7 13 8 6 1 9 6 1 1 1 1 |1 1 1 3 1 3 6 1 6 5 1 5 1 1 1 12 |1 1 1 1 1 6 8 1 1 1 1 1 1 1 14 5 |1 1 1 1 3 8 1 4 1 1 14 1 9 1 1 1 |1 2 1 1 1 1 1 8 1 5 2 9 1 1 1 9 |1 1 1 9 1 8 4 14 1 1 16 1 6 7 1 1 |1 1 1 1 1 1 10 5 1 10 6 1 11 1 9 3 |2 1 1 1 1 1 1 2 1 14 1 6 1 7 1 4 |1 1 1 1 1 1 1 13 7 3 12 10 1 1 1 1 |1 5 1 1 1 15 5 3 1 1 6 1 1 12 1 1 |
8837: 1 1 1 1 8 6 1 14 1 1 1 8 1 1 6 1 |1 1 8 1 6 5 1 1 1 1 1 12 1 1 11 1 |1 1 7 1 1 7 13 8 6 1 9 6 1 1 1 1 |1 1 1 3 1 3 6 1 6 5 1 5 1 1 1 12 |1 1 1 1 1 6 8 1 1 1 1 1 1 1 14 5 |1 1 1 1 3 8 1 4 1 1 14 1 9 1 1 1 |1 2 1 1 1 1 1 8 1 5 2 9 1 1 1 9 |1 1 1 9 1 8 4 14 1 1 16 1 6 7 1 1 |1 1 1 1 1 1 10 5 1 10 6 1 11 1 9 3 |2 1 1 1 1 1 1 2 1 14 1 6 1 7 1 4 |7 1 2 1 1 1 1 14 5 10 1 1 1 1 1 1 |1 1 1 1 1 4 4 1 1 5 14 1 1 11 1 1 |
8848: 1 1 1 1 1 6 5 14 1 1 1 1 1 1 8 1 |1 1 1 1 1 1 1 1 1 1 1 1 1 1 12 1 |1 1 6 1 1 1 3 9 3 1 9 5 1 1 1 1 |1 1 1 3 1 3 6 1 6 5 1 5 1 1 1 12 |1 1 1 1 1 6 8 1 1 1 1 1 1 1 14 5 |1 1 1 1 3 8 1 4 1 1 14 1 9 1 1 1 |1 2 1 1 1 1 1 8 1 5 2 9 1 1 1 9 |1 1 1 9 1 8 4 14 1 1 16 1 6 7 1 1 |1 1 1 1 1 1 10 5 1 10 6 1 11 1 9 3 |2 1 1 1 1 1 1 2 1 14 1 6 1 7 1 4 |7 1 2 1 1 1 1 14 5 10 1 1 1 1 1 1 |1 1 1 1 1 4 4 1 1 5 14 1 1 11 1 1 |
8859: 1 1 1 1 1 6 5 14 1 1 1 1 1 1 8 1 |1 1 1 1 1 1 1 1 1 1 1 1 1 1 12 1 |1 1 6 1 1 1 3 9 3 1 9 5 1 1 1 1 |1 1 1 1 1 6 8 1 8 5 1 1 1 7 1 10 |1 1 1 1 1 10 7 1 1 1 1 1 10 2 6 7 |1 1 2 1 4 20 1 1 1 1 11 1 10 1 1 1 |1 4 1 1 1 1 1 8 1 1 1 12 1 1 1 1 |11 1 1 14 1 5 4 5 1 1 5 1 1 14 3 1 |1 1 1 1 1 5 8 5 1 7 4 1 12 1 1 3 |2 1 14 1 2 2 1 15 8 13 1 4 1 7 1 8 |1 2 1 1 1 1 1 1 1 1 1 1 1 1 9 1 |1 1 1 1 1 4 4 1 1 5 14 1 1 11 1 1 |
8870: 1 1 1 1 1 6 5 14 1 1 1 1 1 1 8 1 |1 1 1 1 1 1 1 1 1 1 1 1 1 1 12 1 |1 1 6 1 1 1 3 9 3 1 9 5 1 1 1 1 |1 1 1 1 1 6 8 1 8 5 1 1 1 7 1 10 |1 1 1 1 1 10 7 1 1 1 1 1 10 2 6 7 |1 1 2 1 4 20 1 1 1 1 11 1 10 1 1 1 |1 4 1 1 1 1 1 8 1 1 1 12 1 1 1 1 |11 1 1 14 1 5 4 5 1 1 5 1 1 14 3 1 |1 1 1 1 1 5 8 5 1 7 4 1 12 1 1 3 |2 1 14 1 2 2 1 15 8 13 1 4 1 7 1 8 |1 2 1 1 1 1 1 1 1 1 1 1 1 1 9 1 |1 1 1 1 1 13 8 1 1 3 14 1 1 11 1 1 |
8881: 1 1 1 1 7 1 1 1 1 1 1 1 1 1 1 1 |1 1 9 1 5 5 1 1 1 1 1 11 1 1 7 1 |1 1 8 1 1 1 3 5 4 1 6 9 1 1 1 1 |1 1 1 1 1 6 8 1 8 5 1 1 1 7 1 10 |1 1 1 1 1 10 7 1 1 1 1 1 10 2 6 7 |1 1 2 1 4 20 1 1 1 1 11 1 10 1 1 1 |1 4 1 1 1 1 1 8 1 1 1 12 1 1 1 1 |11 1 1 14 1 5 4 5 1 1 5 1 1 14 3 1 |1 1 1 1 1 5 8 5 1 7 4 1 12 1 1 3 |2 1 14 1 2 2 1 15 8 13 1 4 1 7 1 8 |1 2 1 1 1 1 1 1 1 1 1 1 1 1 9 1 |1 1 1 1 1 13 8 1 1 3 14 1 1 11 1 1 |
8892: 1 1 1 1 7 1 1 1 1 1 1 1 1 1 1 1 |1 1 9 1 5 5 1 1 1 1 1 11 1 1 7 1 |1 1 8 1 1 1 3 5 4 1 6 9 1 1 1 1 |1 1 1 3 1 1 1 1 7 8 1 1 1 5 1 11 |1 1 1 1 1 8 6 1 1 1 1 1 11 1 11 7 |1 1 1 1 5 10 1 1 1 1 14 1 11 1 1 1 |1 4 9 6 1 1 1 9 1 5 1 12 1 1 1 2 |1 1 10 13 1 2 7 14 1 1 14 3 1 12 1 9 |1 1 1 1 12 14 1 15 3 8 5 1 1 1 2 1 |2 1 14 1 2 2 1 15 8 13 1 4 1 7 1 8 |1 2 1 1 1 1 1 1 1 1 1 1 1 1 9 1 |1 1 1 1 1 13 8 1 1 3 14 1 1 11 1 1 |
8903: 1 1 1 1 7 1 1 1 1 1 1 1 1 1 1 1 |1 1 9 1 5 5 1 1 1 1 1 11 1 1 7 1 |1 1 8 1 1 1 3 5 4 1 6 9 1 1 1 1 |1 1 1 3 1 1 1 1 7 8 1 1 1 5 1 11 |1 1 1 1 1 8 6 1 1 1 1 1 11 1 11 7 |1 1 1 1 5 10 1 1 1 1 14 1 11 1 1 1 |1 4 9 6 1 1 1 9 1 5 1 12 1 1 1 2 |1 1 10 13 1 2 7 14 1 1 14 3 1 12 1 9 |1 1 1 1 12 14 1 15 3 8 5 1 1 1 2 1 |2 1 1 1 1 1 1 13 1 6 1 7 1 9 1 8 |4 1 1 9 1 1 1 14 4 10 11 3 1 1 1 1 |1 1 1 1 1 13 6 4 1 2 3 1 1 12 1 1 |
8914: 1 3 1 1 8 5 1 14 1 1 1 6 1 1 6 1 |1 1 9 1 5 5 1 1 1 1 1 11 1 1 7 1 |1 1 8 1 1 1 3 5 4 1 6 9 1 1 1 1 |1 1 1 3 1 1 1 1 7 8 1 1 1 5 1 11 |1 1 1 1 1 8 6 1 1 1 1 1 11 1 11 7 |1 1 1 1 5 10 1 1 1 1 14 1 11 1 1 1 |1 4 9 6 1 1 1 9 1 5 1 12 1 1 1 2 |1 1 10 13 1 2 7 14 1 1 14 3 1 12 1 9 |1 1 1 1 12 14 1 15 3 8 5 1 1 1 2 1 |2 1 1 1 1 1 1 13 1 6 1 7 1 9 1 8 |4 1 1 9 1 1 1 14 4 10 11 3 1 1 1 1 |1 1 1 1 1 13 6 4 1 2 3 1 1 12 1 1 |
8925: 1 3 1 1 8 5 1 14 1 1 1 6 1 1 6 1 |2 1 7 1 5 2 1 1 1 1 1 11 1 3 8 1 |1 1 7 1 1 8 12 8 5 1 1 1 1 1 1 1 |1 1 1 5 1 1 8 1 7 8 1 1 1 6 1 9 |1 2 1 1 5 9 1 1 1 1 1 1 12 1 7 7 |1 1 1 1 2 11 1 4 1 1 14 1 10 1 1 1 |1 11 11 1 1 1 1 8 1 1 1 11 1 1 1 1 |1 1 1 13 1 1 1 12 1 2 8 1 1 13 1 1 |1 1 1 1 12 15 12 5 1 1 1 1 1 1 2 1 |2 1 1 1 1 1 1 13 1 6 1 7 1 9 1 8 |4 1 1 9 1 1 1 14 4 10 11 3 1 1 1 1 |1 1 1 1 1 13 6 4 1 2 3 1 1 12 1 1 |
8936: 1 3 1 1 8 5 1 14 1 1 1 6 1 1 6 1 |2 1 7 1 5 2 1 1 1 1 1 11 1 3 8 1 |1 1 7 1 1 8 12 8 5 1 1 1 1 1 1 1 |1 1 1 5 1 1 8 1 7 8 1 1 1 6 1 9 |1 2 1 1 5 9 1 1 1 1 1 1 12 1 7 7 |1 1 1 1 2 11 1 4 1 1 14 1 10 1 1 1 |1 11 11 1 1 1 1 8 1 1 1 11 1 1 1 1 |1 1 1 13 1 1 1 12 1 2 8 1 1 13 1 1 |1 1 1 1 12 15 12 5 1 1 1 1 1 1 2 1 |3 1 5 1 1 1 1 11 1 12 1 5 1 5 1 6 |6 1 2 1 1 1 1 13 6 9 6 1 1 1 8 1 |1 1 1 1 1 14 8 12 1 1 15 1 1 13 1 1 |
8947: 1 1 1 1 1 5 7 1 1 1 1 1 1 1 7 1 |1 1 1 1 1 1 1 1 1 1 1 1 1 1 13 1 |1 1 7 1 1 8 12 8 5 1 1 1 1 1 1 1 |1 1 1 5 1 1 8 1 7 8 1 1 1 6 1 9 |1 2 1 1 5 9 1 1 1 1 1 1 12 1 7 7 |1 1 1 1 2 11 1 4 1 1 14 1 10 1 1 1 |1 11 11 1 1 1 1 8 1 1 1 11 1 1 1 1 |1 1 1 13 1 1 1 12 1 2 8 1 1 13 1 1 |1 1 1 1 12 15 12 5 1 1 1 1 1 1 2 1 |3 1 5 1 1 1 1 11 1 12 1 5 1 5 1 6 |6 1 2 1 1 1 1 13 6 9 6 1 1 1 8 1 |1 1 1 1 1 14 8 12 1 1 15 1 1 13 1 1 |
8958: 1 1 1 1 1 5 7 1 1 1 1 1 1 1 7 1 |1 1 1 1 1 1 1 1 1 1 1 1 1 1 13 1 |1 1 7 1 1 1 12 9 7 1 1 8 1 1 1 1 |1 1 1 8 1 1 1 1 6 7 1 1 1 6 1 11 |1 1 1 1 1 9 7 1 1 1 1 1 9 1 13 7 |1 1 2 1 5 14 1 6 1 1 13 1 8 1 1 1 |1 10 1 14 5 1 1 8 1 4 1 11 1 1 1 1 |5 1 5 13 1 1 9 10 1 1 13 1 1 15 1 10 |1 1 1 1 12 15 12 5 1 1 1 1 1 1 2 1 |3 1 5 1 1 1 1 11 1 12 1 5 1 5 1 6 |6 1 2 1 1 1 1 13 6 9 6 1 1 1 8 1 |1 1 1 1 1 14 8 12 1 1 15 1 1 13 1 1 |
8969: 1 1 1 1 1 5 7 1 1 1 1 1 1 1 7 1 |1 1 1 1 1 1 1 1 1 1 1 1 1 1 13 1 |1 1 7 1 1 1 12 9 7 1 1 8 1 1 1 1 |1 1 1 8 1 1 1 1 6 7 1 1 1 6 1 11 |1 1 1 1 1 9 7 1 1 1 1 1 9 1 13 7 |1 1 2 1 5 14 1 6 1 1 13 1 8 1 1 1 |1 10 1 14 5 1 1 8 1 4 1 11 1 1 1 1 |5 1 5 13 1 1 9 10 1 1 13 1 1 15 1 10 |1 1 1 1 1 5 11 4 1 1 1 1 1 1 2 1 |1 1 16 1 3 3 1 14 9 15 1 5 1 10 1 1 |1 1 6 1 1 1 1 5 7 18 4 1 1 1 1 1 |1 6 1 1 1 2 3 6 1 3 2 1 1 1 1 11 |
8980: 1 1 1 1 1 5 7 1 1 1 1 1 1 1 7 1 |1 1 1 1 1 1 1 1 1 1 1 1 1 1 13 1 |1 1 7 1 1 1 12 9 7 1 1 8 1 1 1 1 |1 1 1 8 1 1 1 1 6 7 1 1 1 6 1 11 |1 1 1 1 1 9 7 1 1 1 1 1 9 1 13 7 |1 1 2 1 5 14 1 6 1 1 13 1 8 1 1 1 |1 10 1 14 5 1 1 8 1 4 1 11 1 1 1 1 |5 1 5 13 1 1 9 10 1 1 13 1 1 15 1 10 |1 1 1 1 1 5 11 4 1 1 1 1 1 1 2 1 |1 1 16 1 3 3 1 14 9 15 1 5 1 10 1 1 |1 1 6 1 1 1 1 5 7 18 4 1 1 1 1 1 |1 6 1 1 1 2 3 6 1 3 2 1 1 1 1 11 |
8991: 1 1 1 6 6 1 1 17 1 1 1 6 1 2 6 1 |1 1 1 1 3 6 1 1 1 1 5 9 1 1 14 1 |1 1 8 1 1 8 5 1 3 1 2 7 1 1 1 1 |1 1 1 4 1 2 1 1 1 8 1 1 1 6 1 8 |1 1 1 1 1 9 8 1 1 1 1 1 12 1 9 1 |3 1 1 1 4 12 1 1 1 1 13 1 10 1 1 1 |1 10 1 14 5 1 1 8 1 4 1 11 1 1 1 1 |5 1 5 13 1 1 9 10 1 1 13 1 1 15 1 10 |1 1 1 1 1 5 11 4 1 1 1 1 1 1 2 1 |1 1 16 1 3 3 1 14 9 15 1 5 1 10 1 1 |1 1 6 1 1 1 1 5 7 18 4 1 1 1 1 1 |1 6 1 1 1 2 3 6 1 3 2 1 1 1 1 11 |
9002: 1 1 1 6 6 1 1 17 1 1 1 6 1 2 6 1 |1 1 1 1 3 6 1 1 1 1 5 9 1 1 14 1 |1 1 8 1 1 8 5 1 3 1 2 7 1 1 1 1 |1 1 1 4 1 2 1 1 1 8 1 1 1 6 1 8 |1 1 1 1 1 9 8 1 1 1 1 1 12 1 9 1 |3 1 1 1 4 12 1 1 1 1 13 1 10 1 1 1 |1 10 4 1 1 1 1 7 1 1 1 12 1 1 1 1 |1 1 1 13 1 4 4 13 1 1 8 1 1 15 1 8 |1 1 1 1 9 14 1 3 1 1 1 1 14 1 8 5 |1 1 7 1 1 1 1 14 8 8 1 6 1 6 1 6 |1 1 1 13 1 1 1 14 1 1 11 9 1 1 1 1 |1 1 1 1 1 2 3 3 1 1 7 1 1 11 1 1 |
9013: 1 1 1 6 6 1 1 17 1 1 1 6 1 2 6 1 |1 1 1 1 3 6 1 1 1 1 5 9 1 1 14 1 |1 1 8 1 1 8 5 1 3 1 2 7 1 1 1 1 |1 1 1 4 1 2 1 1 1 8 1 1 1 6 1 8 |1 1 1 1 1 9 8 1 1 1 1 1 12 1 9 1 |3 1 1 1 4 12 1 1 1 1 13 1 10 1 1 1 |1 10 4 1 1 1 1 7 1 1 1 12 1 1 1 1 |1 1 1 13 1 4 4 13 1 1 8 1 1 15 1 8 |1 1 1 1 9 14 1 3 1 1 1 1 14 1 8 5 |1 1 7 1 1 1 1 14 8 8 1 6 1 6 1 6 |1 1 1 13 1 1 1 14 1 1 11 9 1 1 1 1 |1 1 1 1 1 2 3 3 1 1 7 1 1 11 1 1 |
9024: 1 1 1 9 1 8 9 11 1 4 1 1 1 1 8 1 |5 1 9 1 7 1 1 1 1 1 1 10 1 2 12 1 |1 1 9 1 1 9 4 7 5 1 2 1 1 1 1 1 |1 1 1 3 1 1 1 1 7 1 1 1 1 10 1 9 |1 1 1 1 1 5 1 1 1 1 1 1 10 1 13 6 |1 1 1 1 5 12 1 1 1 1 12 1 9 1 1 1 |1 9 9 1 1 1 1 8 1 6 1 11 1 4 1 1 |6 1 9 13 1 1 1 13 1 1 7 1 2 16 1 1 |1 1 1 1 9 14 1 3 1 1 1 1 14 1 8 5 |1 1 7 1 1 1 1 14 8 8 1 6 1 6 1 6 |1 1 1 13 1 1 1 14 1 1 11 9 1 1 1 1 |1 1 1 1 1 2 3 3 1 1 7 1 1 11 1 1 |
9035: 1 1 1 9 1 8 9 11 1 4 1 1 1 1 8 1 |5 1 9 1 7 1 1 1 1 1 1 10 1 2 12 1 |1 1 9 1 1 9 4 7 5 1 2 1 1 1 1 1 |1 1 1 3 1 1 1 1 7 1 1 1 1 10 1 9 |1 1 1 1 1 5 1 1 1 1 1 1 10 1 13 6 |1 1 1 1 5 12 1 1 1 1 12 1 9 1 1 1 |1 9 9 1 1 1 1 8 1 6 1 11 1 4 1 1 |6 1 9 13 1 1 1 13 1 1 7 1 2 16 1 1 |1 1 3 1 12 10 1 1 1 1 1 2 13 1 1 1 |2 1 6 1 1 3 1 1 1 12 1 7 1 8 1 2 |1 1 1 1 2 1 1 14 7 7 11 5 1 1 8 1 |1 1 1 1 1 14 6 1 1 1 7 1 1 12 1 1 |
9046: 1 1 1 9 1 8 9 11 1 4 1 1 1 1 8 1 |5 1 9 1 7 1 1 1 1 1 1 10 1 2 12 1 |1 1 9 1 1 9 4 7 5 1 2 1 1 1 1 1 |1 1 1 3 1 1 1 1 7 1 1 1 1 10 1 9 |1 1 1 1 1 5 1 1 1 1 1 1 10 1 13 6 |1 1 1 1 5 12 1 1 1 1 12 1 9 1 1 1 |1 9 9 1 1 1 1 8 1 6 1 11 1 4 1 1 |6 1 9 13 1 1 1 13 1 1 7 1 2 16 1 1 |1 1 3 1 12 10 1 1 1 1 1 2 13 1 1 1 |2 1 6 1 1 3 1 1 1 12 1 7 1 8 1 2 |1 1 1 1 2 1 1 14 7 7 11 5 1 1 8 1 |1 1 1 1 1 14 6 1 1 1 7 1 1 12 1 1 |
9057: 2 1 1 1 1 9 8 6 1 1 1 3 1 2 8 1 |1 1 10 1 5 9 1 1 1 1 1 12 1 1 13 1 |1 1 10 1 1 1 13 9 4 1 2 5 1 1 1 1 |1 1 1 7 1 1 1 1 2 6 1 1 1 9 1 9 |1 1 1 1 7 9 8 1 1 1 1 1 9 1 12 12 |1 1 3 1 2 17 1 1 1 1 13 1 8 1 1 1 |1 8 1 1 1 1 1 9 1 2 1 13 1 4 1 1 |6 1 9 13 1 1 1 13 1 1 7 1 2 16 1 1 |1 1 3 1 12 10 1 1 1 1 1 2 13 1 1 1 |2 1 6 1 1 3 1 1 1 12 1 7 1 8 1 2 |1 1 1 1 2 1 1 14 7 7 11 5 1 1 8 1 |1 1 1 1 1 14 6 1 1 1 7 1 1 12 1 1 |
9068: 2 1 1 1 1 9 8 6 1 1 1 3 1 2 8 1 |1 1 10 1 5 9 1 1 1 1 1 12 1 1 13 1 |1 1 10 1 1 1 13 9 4 1 2 5 1 1 1 1 |1 1 1 7 1 1 1 1 2 6 1 1 1 9 1 9 |1 1 1 1 7 9 8 1 1 1 1 1 9 1 12 12 |1 1 3 1 2 17 1 1 1 1 13 1 8 1 1 1 |1 8 1 1 1 1 1 9 1 2 1 13 1 4 1 1 |7 1 5 1 1 1 1 17 1 2 1 1 2 15 1 1 |1 1 1 1 1 2 10 9 3 1 1 1 1 1 9 4 |1 1 1 1 1 1 1 14 3 15 1 1 1 8 1 6 |6 1 2 1 1 3 1 7 9 11 1 3 2 1 7 1 |1 1 1 1 1 1 1 1 1 1 18 1 1 11 1 1 |
9079: 2 1 1 1 1 9 8 6 1 1 1 3 1 2 8 1 |1 1 10 1 5 9 1 1 1 1 1 12 1 1 13 1 |1 1 10 1 1 1 13 9 4 1 2 5 1 1 1 1 |1 1 1 7 1 1 1 1 2 6 1 1 1 9 1 9 |1 1 1 1 7 9 8 1 1 1 1 1 9 1 12 12 |1 1 3 1 2 17 1 1 1 1 13 1 8 1 1 1 |1 8 1 1 1 1 1 9 1 2 1 13 1 4 1 1 |7 1 5 1 1 1 1 17 1 2 1 1 2 15 1 1 |1 1 1 1 1 2 10 9 3 1 1 1 1 1 9 4 |1 1 1 1 1 1 1 14 3 15 1 1 1 8 1 6 |6 1 2 1 1 3 1 7 9 11 1 3 2 1 7 1 |1 1 1 1 1 1 1 1 1 1 18 1 1 11 1 1 |
9090: 1 1 1 5 7 1 1 12 1 1 1 6 1 1 8 1 |3 1 8 1 5 8 1 1 1 1 1 11 1 1 12 2 |1 1 8 1 1 5 6 6 4 1 3 1 1 1 1 1 |1 1 1 4 1 1 1 4 7 1 1 1 10 9 1 1 |1 3 1 1 6 7 5 1 1 1 1 1 11 1 13 11 |1 1 1 1 5 11 1 6 1 1 14 1 10 1 1 1 |3 10 3 1 7 1 1 9 1 2 1 11 1 1 1 1 |7 1 5 1 1 1 1 17 1 2 1 1 2 15 1 1 |1 1 1 1 1 2 10 9 3 1 1 1 1 1 9 4 |1 1 1 1 1 1 1 14 3 15 1 1 1 8 1 6 |6 1 2 1 1 3 1 7 9 11 1 3 2 1 7 1 |1 1 1 1 1 1 1 1 1 1 18 1 1 11 1 1 |
9101: 1 1 1 5 7 1 1 12 1 1 1 6 1 1 8 1 |3 1 8 1 5 8 1 1 1 1 1 11 1 1 12 2 |1 1 8 1 1 5 6 6 4 1 3 1 1 1 1 1 |1 1 1 4 1 1 1 4 7 1 1 1 10 9 1 1 |1 3 1 1 6 7 5 1 1 1 1 1 11 1 13 11 |1 1 1 1 5 11 1 6 1 1 14 1 10 1 1 1 |3 10 3 1 7 1 1 9 1 2 1 11 1 1 1 1 |8 1 2 1 1 1 1 12 1 1 9 1 1 13 1 1 |2 1 1 1 12 15 5 1 15 9 1 1 1 3 3 1 |2 1 5 1 1 3 1 12 3 15 1 6 1 10 1 5 |4 1 2 8 1 1 1 14 1 15 9 1 1 3 1 1 |1 1 1 7 1 3 1 1 1 1 14 3 1 12 1 12 |
9112: 1 1 1 5 7 1 1 12 1 1 1 6 1 1 8 1 |3 1 8 1 5 8 1 1 1 1 1 11 1 1 12 2 |1 1 8 1 1 5 6 6 4 1 3 1 1 1 1 1 |1 1 1 4 1 1 1 4 7 1 1 1 10 9 1 1 |1 3 1 1 6 7 5 1 1 1 1 1 11 1 13 11 |1 1 1 1 5 11 1 6 1 1 14 1 10 1 1 1 |3 10 3 1 7 1 1 9 1 2 1 11 1 1 1 1 |8 1 2 1 1 1 1 12 1 1 9 1 1 13 1 1 |2 1 1 1 12 15 5 1 15 9 1 1 1 3 3 1 |2 1 5 1 1 3 1 12 3 15 1 6 1 10 1 5 |4 1 2 8 1 1 1 14 1 15 9 1 1 3 1 1 |1 1 1 7 1 3 1 1 1 1 14 3 1 12 1 12 |
9123: 1 9 1 1 1 7 8 14 1 3 1 5 1 1 3 13 |6 1 1 1 7 1 1 1 1 1 1 12 6 3 11 1 |1 1 9 1 4 11 14 8 3 1 9 7 1 1 1 1 |1 1 1 3 1 1 1 1 8 1 1 6 1 9 1 1 |1 2 1 1 5 9 10 1 1 1 1 1 1 1 13 11 |1 1 1 1 1 13 1 4 1 1 1 1 1 1 1 1 |3 10 3 1 7 1 1 9 1 2 1 11 1 1 1 1 |8 1 2 1 1 1 1 12 1 1 9 1 1 13 1 1 |2 1 1 1 12 15 5 1 15 9 1 1 1 3 3 1 |2 1 5 1 1 3 1 12 3 15 1 6 1 10 1 5 |4 1 2 8 1 1 1 14 1 15 9 1 1 3 1 1 |1 1 1 7 1 3 1 1 1 1 14 3 1 12 1 12 |
9133: 1 9 1 1 1 7 8 14 1 3 1 5 1 1 3 13 |6 1 1 1 7 1 1 1 1 1 1 12 6 3 11 1 |1 1 9 1 4 11 14 8 3 1 9 7 1 1 1 1 |1 1 1 3 1 1 1 1 8 1 1 6 1 9 1 1 |1 2 1 1 5 9 10 1 1 1 1 1 1 1 13 11 |1 1 1 1 1 13 1 4 1 1 1 1 1 1 1 1 |3 11 9 6 1 1 1 11 1 5 1 13 1 1 1 2 |6 1 10 1 1 8 1 1 1 1 13 1 1 3 1 1 |1 1 7 1 11 11 1 1 1 1 3 1 11 1 1 1 |2 1 6 1 1 1 1 5 1 1 1 1 1 6 1 8 |1 1 1 1 15 1 1 12 1 1 10 7 2 1 8 1 |1 1 1 1 1 1 3 3 1 2 16 1 1 13 1 3 |
9144: 1 9 1 1 1 7 8 14 1 3 1 5 1 1 3 13 |6 1 1 1 7 1 1 1 1 1 1 12 6 3 11 1 |1 1 9 1 4 11 14 8 3 1 9 7 1 1 1 1 |1 1 1 3 1 1 1 1 8 1 1 6 1 9 1 1 |1 2 1 1 5 9 10 1 1 1 1 1 1 1 13 11 |1 1 1 1 1 13 1 4 1 1 1 1 1 1 1 1 |3 11 9 6 1 1 1 11 1 5 1 13 1 1 1 2 |6 1 10 1 1 8 1 1 1 1 13 1 1 3 1 1 |1 1 7 1 11 11 1 1 1 1 3 1 11 1 1 1 |2 1 6 1 1 1 1 5 1 1 1 1 1 6 1 8 |1 1 1 1 15 1 1 12 1 1 10 7 2 1 8 1 |1 1 1 1 1 1 3 3 1 2 16 1 1 13 1 3 |
9155: 1 1 1 2 2 1 1 1 1 1 1 1 1 1 7 1 |1 1 9 1 1 9 1 1 1 1 11 11 8 1 10 1 |1 1 1 1 6 1 13 4 8 1 8 7 1 1 1 3 |1 1 1 1 1 1 10 1 6 7 1 3 11 6 1 11 |1 7 1 1 8 8 6 1 1 1 1 1 12 1 13 7 |1 1 1 1 1 8 1 8 1 1 2 1 1 1 1 1 |3 11 9 6 1 1 1 11 1 5 1 13 1 1 1 2 |6 1 10 1 1 8 1 1 1 1 13 1 1 3 1 1 |1 1 7 1 11 11 1 1 1 1 3 1 11 1 1 1 |2 1 6 1 1 1 1 5 1 1 1 1 1 6 1 8 |1 1 1 1 15 1 1 12 1 1 10 7 2 1 8 1 |1 1 1 1 1 1 3 3 1 2 16 1 1 13 1 3 |
9166: 1 1 1 2 2 1 1 1 1 1 1 1 1 1 7 1 |1 1 9 1 1 9 1 1 1 1 11 11 8 1 10 1 |1 1 1 1 6 1 13 4 8 1 8 7 1 1 1 3 |1 1 1 1 1 1 10 1 6 7 1 3 11 6 1 11 |1 7 1 1 8 8 6 1 1 1 1 1 12 1 13 7 |1 1 1 1 1 8 1 8 1 1 2 1 1 1 1 1 |3 1 2 16 2 1 1 12 1 5 1 12 1 1 2 2 |9 1 1 1 1 1 11 18 1 1 10 1 1 6 1 1 |1 8 1 1 1 2 1 1 1 1 1 1 2 2 3 8 |1 1 14 1 1 1 1 5 7 13 1 1 1 9 1 1 |3 1 1 1 1 1 1 2 1 3 9 3 1 1 8 1 |1 5 1 1 12 16 1 9 1 5 13 2 1 12 1 10 |
9177: 1 1 1 2 2 1 1 1 1 1 1 1 1 1 7 1 |1 1 9 1 1 9 1 1 1 1 11 11 8 1 10 1 |1 1 1 1 6 1 13 4 8 1 8 7 1 1 1 3 |1 1 1 1 1 1 10 1 6 7 1 3 11 6 1 11 |1 7 1 1 8 8 6 1 1 1 1 1 12 1 13 7 |1 1 1 1 1 8 1 8 1 1 2 1 1 1 1 1 |3 1 2 16 2 1 1 12 1 5 1 12 1 1 2 2 |9 1 1 1 1 1 11 18 1 1 10 1 1 6 1 1 |1 8 1 1 1 2 1 1 1 1 1 1 2 2 3 8 |1 1 14 1 1 1 1 5 7 13 1 1 1 9 1 1 |3 1 1 1 1 1 1 2 1 3 9 3 1 1 8 1 |1 5 1 1 12 16 1 9 1 5 13 2 1 12 1 10 |
9188: 2 1 1 1 1 1 1 13 1 4 1 6 1 1 6 1 |5 1 1 1 6 11 1 1 1 1 1 2 1 4 7 1 |1 1 3 1 7 8 12 9 7 1 8 7 1 1 1 1 |1 1 2 1 1 2 11 1 8 1 1 6 1 6 1 1 |1 7 1 1 8 8 6 1 1 1 1 1 12 1 13 7 |1 1 1 1 1 8 1 8 1 1 2 1 1 1 1 1 |3 1 2 16 2 1 1 12 1 5 1 12 1 1 2 2 |9 1 1 1 1 1 11 18 1 1 10 1 1 6 1 1 |1 8 1 1 1 2 1 1 1 1 1 1 2 2 3 8 |1 1 14 1 1 1 1 5 7 13 1 1 1 9 1 1 |3 1 1 1 1 1 1 2 1 3 9 3 1 1 8 1 |1 5 1 1 12 16 1 9 1 5 13 2 1 12 1 10 |
9199: 2 1 1 1 1 1 1 13 1 4 1 6 1 1 6 1 |5 1 1 1 6 11 1 1 1 1 1 2 1 4 7 1 |1 1 3 1 7 8 12 9 7 1 8 7 1 1 1 1 |1 1 2 1 1 2 11 1 8 1 1 6 1 6 1 1 |1 10 1 1 6 3 11 1 1 1 3 1 1 1 15 13 |6 1 6 2 2 1 1 11 1 1 15 1 1 2 1 1 |3 4 17 1 1 1 1 11 1 4 1 12 1 1 1 3 |9 1 8 6 1 1 1 2 1 1 14 1 1 12 5 4 |1 8 1 1 1 2 1 13 6 1 2 10 3 1 1 1 |1 1 2 2 1 1 5 13 6 15 1 7 1 8 1 7 |6 1 1 10 1 1 1 14 1 3 10 3 1 1 9 1 |1 6 1 4 1 2 9 6 1 3 11 1 1 3 1 11 |
9210: 2 1 1 1 1 1 1 13 1 4 1 6 1 1 6 1 |5 1 1 1 6 11 1 1 1 1 1 2 1 4 7 1 |1 1 3 1 7 8 12 9 7 1 8 7 1 1 1 1 |1 1 2 1 1 2 11 1 8 1 1 6 1 6 1 1 |1 10 1 1 6 3 11 1 1 1 3 1 1 1 15 13 |6 1 6 2 2 1 1 11 1 1 15 1 1 2 1 1 |3 4 17 1 1 1 1 11 1 4 1 12 1 1 1 3 |9 1 8 6 1 1 1 2 1 1 14 1 1 12 5 4 |1 8 1 1 1 2 1 13 6 1 2 10 3 1 1 1 |1 1 2 2 1 1 5 13 6 15 1 7 1 8 1 7 |6 1 1 10 1 1 1 14 1 3 10 3 1 1 9 1 |1 6 1 4 1 2 9 6 1 3 11 1 1 3 1 11 |
9221: 1 11 1 11 6 7 4 2 1 4 1 5 1 3 2 10 |7 1 6 1 1 1 1 1 1 1 12 12 9 1 13 1 |1 1 10 1 7 5 15 3 8 1 6 1 1 1 1 1 |1 1 3 1 1 7 11 1 10 1 1 6 11 7 1 1 |1 11 3 1 1 8 1 1 1 1 1 1 4 1 2 15 |6 1 6 2 2 1 1 11 1 1 15 1 1 2 1 1 |3 4 17 1 1 1 1 11 1 4 1 12 1 1 1 3 |9 1 8 6 1 1 1 2 1 1 14 1 1 12 5 4 |1 8 1 1 1 2 1 13 6 1 2 10 3 1 1 1 |1 1 2 2 1 1 5 13 6 15 1 7 1 8 1 7 |6 1 1 10 1 1 1 14 1 3 10 3 1 1 9 1 |1 6 1 4 1 2 9 6 1 3 11 1 1 3 1 11 |
9232: 1 11 1 11 6 7 4 2 1 4 1 5 1 3 2 10 |7 1 6 1 1 1 1 1 1 1 12 12 9 1 13 1 |1 1 10 1 7 5 15 3 8 1 6 1 1 1 1 1 |1 1 3 1 1 7 11 1 10 1 1 6 11 7 1 1 |1 11 3 1 1 8 1 1 1 1 1 1 4 1 2 15 |2 1 1 1 1 6 1 7 1 1 13 1 1 2 1 1 |6 5 19 10 16 1 4 8 1 5 1 1 1 2 1 11 |10 7 21 8 1 4 5 2 1 1 15 1 1 15 4 4 |1 2 1 11 18 10 3 3 1 1 11 1 1 1 1 1 |1 1 1 1 1 14 1 5 2 1 1 7 1 7 1 7 |4 3 1 15 6 1 1 17 4 9 10 3 2 1 9 1 |1 1 1 1 1 2 4 1 1 6 16 1 1 12 1 4 |
9243: 1 11 1 11 6 7 4 2 1 4 1 5 1 3 2 10 |7 1 6 1 1 1 1 1 1 1 12 12 9 1 13 1 |1 1 10 1 7 5 15 3 8 1 6 1 1 1 1 1 |1 1 3 1 1 7 11 1 10 1 1 6 11 7 1 1 |1 11 3 1 1 8 1 1 1 1 1 1 4 1 2 15 |2 1 1 1 1 6 1 7 1 1 13 1 1 2 1 1 |6 5 19 10 16 1 4 8 1 5 1 1 1 2 1 11 |10 7 21 8 1 4 5 2 1 1 15 1 1 15 4 4 |1 2 1 11 18 10 3 3 1 1 11 1 1 1 1 1 |1 1 1 1 1 14 1 5 2 1 1 7 1 7 1 7 |4 3 1 15 6 1 1 17 4 9 10 3 2 1 9 1 |1 1 1 1 1 2 4 1 1 6 16 1 1 12 1 4 |
9254: 1 1 1 3 2 1 10 14 1 5 1 4 1 1 1 13 |1 1 2 1 3 12 2 1 1 1 1 12 7 1 1 1 |3 1 7 2 1 1 15 5 4 1 7 3 1 1 1 1 |1 1 1 13 1 1 1 1 10 1 1 8 11 1 1 11 |1 18 9 1 6 18 9 1 1 1 1 1 1 1 1 14 |2 1 1 1 1 6 1 7 1 1 13 1 1 2 1 1 |6 5 19 10 16 1 4 8 1 5 1 1 1 2 1 11 |10 7 21 8 1 4 5 2 1 1 15 1 1 15 4 4 |1 2 1 11 18 10 3 3 1 1 11 1 1 1 1 1 |1 1 1 1 1 14 1 5 2 1 1 7 1 7 1 7 |4 3 1 15 6 1 1 17 4 9 10 3 2 1 9 1 |1 1 1 1 1 2 4 1 1 6 16 1 1 12 1 4 |
9265: 1 1 1 3 2 1 10 14 1 5 1 4 1 1 1 13 |1 1 2 1 3 12 2 1 1 1 1 12 7 1 1 1 |3 1 7 2 1 1 15 5 4 1 7 3 1 1 1 1 |1 1 1 13 1 1 1 1 10 1 1 8 11 1 1 11 |1 18 9 1 6 18 9 1 1 1 1 1 1 1 1 14 |1 2 17 9 7 20 1 6 1 2 1 1 1 2 1 1 |1 11 14 16 24 2 1 12 1 8 1 14 1 4 1 2 |12 6 26 20 17 6 16 23 2 1 6 1 1 6 7 6 |7 4 1 1 12 15 2 3 1 1 17 16 11 1 1 2 |1 2 14 1 3 13 2 16 2 2 1 1 1 10 1 1 |3 1 1 15 6 1 1 8 8 15 10 11 1 3 9 1 |1 1 1 1 1 2 4 1 1 6 16 1 1 12 1 4 |
9276: 1 1 1 3 2 1 10 14 1 5 1 4 1 1 1 13 |1 1 2 1 3 12 2 1 1 1 1 12 7 1 1 1 |3 1 7 2 1 1 15 5 4 1 7 3 1 1 1 1 |1 1 1 13 1 1 1 1 10 1 1 8 11 1 1 11 |1 18 9 1 6 18 9 1 1 1 1 1 1 1 1 14 |1 2 17 9 7 20 1 6 1 2 1 1 1 2 1 1 |1 11 14 16 24 2 1 12 1 8 1 14 1 4 1 2 |12 6 26 20 17 6 16 23 2 1 6 1 1 6 7 6 |7 4 1 1 12 15 2 3 1 1 17 16 11 1 1 2 |1 2 14 1 3 13 2 16 2 2 1 1 1 10 1 1 |3 1 1 15 6 1 1 8 8 15 10 11 1 3 9 1 |1 1 1 5 4 7 3 2 1 4 12 1 1 1 1 7 |
9309: 1 1 1 3 2 1 10 14 1 5 1 4 1 1 1 13 |1 1 2 1 3 12 2 1 1 1 1 12 7 1 1 1 |3 1 7 2 1 1 15 5 4 1 7 3 1 1 1 1 |1 1 1 13 1 1 1 1 10 1 1 8 11 1 1 11 |1 18 9 1 6 18 9 1 1 1 1 1 1 1 1 14 |1 2 17 9 7 20 1 6 1 2 1 1 1 2 1 1 |1 11 14 16 24 2 1 12 1 8 1 14 1 4 1 2 |12 6 26 20 17 6 16 23 2 1 6 1 1 6 7 6 |7 4 1 1 12 15 2 3 1 1 17 16 11 1 1 2 |1 2 14 1 3 13 2 16 2 2 1 1 1 10 1 1 |3 1 1 15 6 1 1 8 8 15 10 11 1 3 9 1 |1 1 1 5 4 7 3 2 1 4 12 1 1 1 1 7 |
9320: 18 11 14 10 2 17 10 4 1 1 1 1 1 9 1 12 |19 11 10 8 14 20 1 1 4 2 1 7 1 1 6 1 |10 9 22 1 9 24 21 17 13 1 10 12 4 1 1 1 |1 11 18 10 27 54 25 1 16 15 1 1 1 1 3 15 |12 24 10 15 60 170 35 1 9 9 12 2 21 1 22 12 |3 14 33 33 49 51 8 17 1 4 12 3 11 1 8 1 |4 26 26 55 144 121 18 21 1 1 17 19 2 7 1 1 |17 15 58 38 135 165 29 23 1 11 23 1 1 8 1 8 |7 19 130 171 46 28 7 11 9 15 13 4 6 1 14 12 |1 2 14 1 3 13 2 16 2 2 1 1 1 10 1 1 |3 1 1 15 6 1 1 8 8 15 10 11 1 3 9 1 |1 1 1 5 4 7 3 2 1 4 12 1 1 1 1 7 |
9331: 18 11 14 10 2 17 10 4 1 1 1 1 1 9 1 12 |19 11 10 8 14 20 1 1 4 2 1 7 1 1 6 1 |10 9 22 1 9 24 21 17 13 1 10 12 4 1 1 1 |1 11 18 10 27 54 25 1 16 15 1 1 1 1 3 15 |12 24 10 15 60 170 35 1 9 9 12 2 21 1 22 12 |3 14 33 33 49 51 8 17 1 4 12 3 11 1 8 1 |4 26 26 55 144 121 18 21 1 1 17 19 2 7 1 1 |17 15 58 38 135 165 29 23 1 11 23 1 1 8 1 8 |7 19 130 171 46 28 7 11 9 15 13 4 6 1 14 12 |18 22 44 50 27 16 1 1 16 16 1 6 1 1 1 1 |9 8 3 17 7 1 1 3 6 12 1 2 1 2 7 1 |7 1 1 1 1 24 16 11 1 1 8 1 2 2 2 17 |
9342: 18 11 14 10 2 17 10 4 1 1 1 1 1 9 1 12 |19 11 10 8 14 20 1 1 4 2 1 7 1 1 6 1 |10 9 22 1 9 24 21 17 13 1 10 12 4 1 1 1 |1 11 18 10 27 54 25 1 16 15 1 1 1 1 3 15 |12 24 10 15 60 170 35 1 9 9 12 2 21 1 22 12 |3 14 33 33 49 51 8 17 1 4 12 3 11 1 8 1 |4 26 26 55 144 121 18 21 1 1 17 19 2 7 1 1 |17 15 58 38 135 165 29 23 1 11 23 1 1 8 1 8 |7 19 130 171 46 28 7 11 9 15 13 4 6 1 14 12 |18 22 44 50 27 16 1 1 16 16 1 6 1 1 1 1 |9 8 3 17 7 1 1 3 6 12 1 2 1 2 7 1 |7 1 1 1 1 24 16 11 1 1 8 1 2 2 2 17 |
9353: 20 8 1 11 10 15 9 2 1 2 1 1 5 1 1 1 |26 6 11 11 21 20 5 1 1 1 14 18 1 1 8 1 |12 8 13 1 11 1 19 15 1 1 1 14 1 1 1 1 |7 7 13 16 30 61 38 6 3 4 1 1 5 1 2 7 |9 31 14 26 88 218 63 1 1 13 4 1 12 1 9 11 |4 2 36 33 59 98 15 4 3 3 13 1 16 1 7 1 |9 18 32 80 191 138 28 15 1 16 15 20 8 10 5 6 |22 14 68 56 167 180 44 23 4 10 22 11 3 20 8 14 |7 19 130 171 46 28 7 11 9 15 13 4 6 1 14 12 |18 22 44 50 27 16 1 1 16 16 1 6 1 1 1 1 |9 8 3 17 7 1 1 3 6 12 1 2 1 2 7 1 |7 1 1 1 1 24 16 11 1 1 8 1 2 2 2 17 |
9364: 20 8 1 11 10 15 9 2 1 2 1 1 5 1 1 1 |26 6 11 11 21 20 5 1 1 1 14 18 1 1 8 1 |12 8 13 1 11 1 19 15 1 1 1 14 1 1 1 1 |7 7 13 16 30 61 38 6 3 4 1 1 5 1 2 7 |9 31 14 26 88 218 63 1 1 13 4 1 12 1 9 11 |4 2 36 33 59 98 15 4 3 3 13 1 16 1 7 1 |9 18 32 80 191 138 28 15 1 16 15 20 8 10 5 6 |22 14 68 56 167 180 44 23 4 10 22 11 3 20 8 14 |35 36 155 190 35 42 9 16 16 11 20 17 19 8 10 27 |79 23 49 59 14 25 8 8 1 22 1 1 1 1 1 7 |13 1 1 23 20 3 1 3 1 17 5 2 1 1 3 1 |6 1 1 1 10 23 10 4 1 1 17 1 2 1 1 18 |
9375: 20 8 1 11 10 15 9 2 1 2 1 1 5 1 1 1 |26 6 11 11 21 20 5 1 1 1 14 18 1 1 8 1 |12 8 13 1 11 1 19 15 1 1 1 14 1 1 1 1 |7 7 13 16 30 61 38 6 3 4 1 1 5 1 2 7 |9 31 14 26 88 218 63 1 1 13 4 1 12 1 9 11 |4 2 36 33 59 98 15 4 3 3 13 1 16 1 7 1 |9 18 32 80 191 138 28 15 1 16 15 20 8 10 5 6 |22 14 68 56 167 180 44 23 4 10 22 11 3 20 8 14 |35 36 155 190 35 42 9 16 16 11 20 17 19 8 10 27 |79 23 49 59 14 25 8 8 1 22 1 1 1 1 1 7 |13 1 1 23 20 3 1 3 1 17 5 2 1 1 3 1 |6 1 1 1 10 23 10 4 1 1 17 1 2 1 1 18 |
9386: 17 2 14 3 7 4 14 12 3 1 1 4 2 3 1 13 |35 25 12 1 23 14 1 1 1 1 9 5 3 1 1 1 |9 16 23 7 31 20 17 18 16 1 9 13 1 1 4 1 |13 1 19 15 84 97 32 6 15 10 1 6 20 15 2 19 |6 32 28 35 139 228 104 7 9 11 14 9 25 1 8 7 |14 7 33 75 80 137 43 22 1 1 20 1 19 6 11 3 |14 19 40 151 225 152 15 11 1 16 11 4 1 13 8 16 |23 42 92 82 177 187 23 25 1 13 32 7 9 11 1 25 |35 36 155 190 35 42 9 16 16 11 20 17 19 8 10 27 |79 23 49 59 14 25 8 8 1 22 1 1 1 1 1 7 |13 1 1 23 20 3 1 3 1 17 5 2 1 1 3 1 |6 1 1 1 10 23 10 4 1 1 17 1 2 1 1 18 |
9397: 17 2 14 3 7 4 14 12 3 1 1 4 2 3 1 13 |35 25 12 1 23 14 1 1 1 1 9 5 3 1 1 1 |9 16 23 7 31 20 17 18 16 1 9 13 1 1 4 1 |13 1 19 15 84 97 32 6 15 10 1 6 20 15 2 19 |6 32 28 35 139 228 104 7 9 11 14 9 25 1 8 7 |14 7 33 75 80 137 43 22 1 1 20 1 19 6 11 3 |14 19 40 151 225 152 15 11 1 16 11 4 1 13 8 16 |23 42 92 82 177 187 23 25 1 13 32 7 9 11 1 25 |102 50 194 220 56 49 10 11 4 16 16 2 13 6 7 19 |129 19 54 72 35 23 13 18 1 4 1 1 1 17 1 3 |13 1 5 7 25 8 1 7 1 16 11 10 1 1 10 1 |7 1 6 4 4 18 11 8 1 1 5 1 1 2 1 17 |
9408: 28 23 1 24 18 26 17 21 1 1 1 9 1 4 2 1 |35 25 12 1 23 14 1 1 1 1 9 5 3 1 1 1 |9 16 23 7 31 20 17 18 16 1 9 13 1 1 4 1 |13 1 19 15 84 97 32 6 15 10 1 6 20 15 2 19 |6 32 28 35 139 228 104 7 9 11 14 9 25 1 8 7 |14 7 33 75 80 137 43 22 1 1 20 1 19 6 11 3 |14 19 40 151 225 152 15 11 1 16 11 4 1 13 8 16 |23 42 92 82 177 187 23 25 1 13 32 7 9 11 1 25 |102 50 194 220 56 49 10 11 4 16 16 2 13 6 7 19 |129 19 54 72 35 23 13 18 1 4 1 1 1 17 1 3 |13 1 5 7 25 8 1 7 1 16 11 10 1 1 10 1 |7 1 6 4 4 18 11 8 1 1 5 1 1 2 1 17 |
9419: 28 23 1 24 18 26 17 21 1 1 1 9 1 4 2 1 |73 34 42 12 30 30 6 9 1 1 5 10 7 9 17 8 |18 29 44 17 20 34 26 16 16 1 2 15 1 3 1 11 |16 13 35 35 129 119 33 10 5 9 9 15 22 9 1 21 |11 44 28 26 157 229 100 16 7 8 11 1 11 11 14 16 |18 35 57 123 111 128 42 20 1 6 9 4 6 1 1 3 |7 15 47 194 220 173 2 8 9 18 10 9 8 8 1 2 |24 52 126 121 204 184 29 19 1 1 31 10 8 18 12 22 |102 50 194 220 56 49 10 11 4 16 16 2 13 6 7 19 |129 19 54 72 35 23 13 18 1 4 1 1 1 17 1 3 |13 1 5 7 25 8 1 7 1 16 11 10 1 1 10 1 |7 1 6 4 4 18 11 8 1 1 5 1 1 2 1 17 |
9430: 28 23 1 24 18 26 17 21 1 1 1 9 1 4 2 1 |73 34 42 12 30 30 6 9 1 1 5 10 7 9 17 8 |18 29 44 17 20 34 26 16 16 1 2 15 1 3 1 11 |16 13 35 35 129 119 33 10 5 9 9 15 22 9 1 21 |11 44 28 26 157 229 100 16 7 8 11 1 11 11 14 16 |18 35 57 123 111 128 42 20 1 6 9 4 6 1 1 3 |7 15 47 194 220 173 2 8 9 18 10 9 8 8 1 2 |24 52 126 121 204 184 29 19 1 1 31 10 8 18 12 22 |117 70 212 216 63 40 18 12 10 25 25 7 17 1 8 27 |138 27 72 71 21 11 1 20 8 22 1 1 1 15 1 2 |14 1 18 15 10 1 7 8 1 17 11 7 3 5 7 1 |8 4 1 6 8 28 9 1 1 5 16 1 1 6 1 17 |
9441: 62 20 29 23 19 11 4 8 1 1 8 9 1 8 16 7 |73 34 42 12 30 30 6 9 1 1 5 10 7 9 17 8 |18 29 44 17 20 34 26 16 16 1 2 15 1 3 1 11 |16 13 35 35 129 119 33 10 5 9 9 15 22 9 1 21 |11 44 28 26 157 229 100 16 7 8 11 1 11 11 14 16 |18 35 57 123 111 128 42 20 1 6 9 4 6 1 1 3 |7 15 47 194 220 173 2 8 9 18 10 9 8 8 1 2 |24 52 126 121 204 184 29 19 1 1 31 10 8 18 12 22 |117 70 212 216 63 40 18 12 10 25 25 7 17 1 8 27 |138 27 72 71 21 11 1 20 8 22 1 1 1 15 1 2 |14 1 18 15 10 1 7 8 1 17 11 7 3 5 7 1 |8 4 1 6 8 28 9 1 1 5 16 1 1 6 1 17 |
9452: 62 20 29 23 19 11 4 8 1 1 8 9 1 8 16 7 |136 63 57 16 22 15 1 6 8 1 23 20 9 9 24 9 |24 28 55 26 59 32 12 9 15 1 15 16 1 1 1 10 |22 11 23 38 177 137 43 11 5 11 9 15 21 3 1 8 |22 51 43 39 182 227 116 3 18 11 11 7 22 4 16 23 |15 37 78 157 124 142 50 22 1 10 7 7 8 10 16 1 |16 46 54 216 228 152 11 27 5 5 10 14 9 11 3 1 |33 87 139 124 192 176 33 10 1 9 22 6 6 11 10 34 |129 87 218 217 47 38 9 24 16 23 31 9 13 13 23 24 |138 27 72 71 21 11 1 20 8 22 1 1 1 15 1 2 |14 1 18 15 10 1 7 8 1 17 11 7 3 5 7 1 |8 4 1 6 8 28 9 1 1 5 16 1 1 6 1 17 |
9463: 62 20 29 23 19 11 4 8 1 1 8 9 1 8 16 7 |136 63 57 16 22 15 1 6 8 1 23 20 9 9 24 9 |24 28 55 26 59 32 12 9 15 1 15 16 1 1 1 10 |22 11 23 38 177 137 43 11 5 11 9 15 21 3 1 8 |22 51 43 39 182 227 116 3 18 11 11 7 22 4 16 23 |15 37 78 157 124 142 50 22 1 10 7 7 8 10 16 1 |16 46 54 216 228 152 11 27 5 5 10 14 9 11 3 1 |33 87 139 124 192 176 33 10 1 9 22 6 6 11 10 34 |129 87 218 217 47 38 9 24 16 23 31 9 13 13 23 24 |136 31 65 76 20 13 2 7 1 22 1 10 3 11 1 12 |22 2 20 16 8 5 1 14 1 19 9 9 2 1 1 1 |7 5 1 2 4 18 10 7 1 7 14 2 6 1 1 18 |
9474: 62 20 29 23 19 11 4 8 1 1 8 9 1 8 16 7 |136 63 57 16 22 15 1 6 8 1 23 20 9 9 24 9 |24 28 55 26 59 32 12 9 15 1 15 16 1 1 1 10 |22 11 23 38 177 137 43 11 5 11 9 15 21 3 1 8 |22 51 43 39 182 227 116 3 18 11 11 7 22 4 16 23 |15 37 78 157 124 142 50 22 1 10 7 7 8 10 16 1 |16 46 54 216 228 152 11 27 5 5 10 14 9 11 3 1 |33 87 139 124 192 176 33 10 1 9 22 6 6 11 10 34 |129 87 218 217 47 38 9 24 16 23 31 9 13 13 23 24 |136 31 65 76 20 13 2 7 1 22 1 10 3 11 1 12 |22 2 20 16 8 5 1 14 1 19 9 9 2 1 1 1 |7 5 1 2 4 18 10 7 1 7 14 2 6 1 1 18 |
9485: 121 43 12 34 32 19 10 20 1 1 1 17 1 10 10 11 |197 113 65 11 24 27 5 1 11 11 25 28 13 11 30 2 |30 45 86 38 56 35 19 18 11 7 15 10 1 1 1 10 |25 25 40 55 212 131 43 11 23 20 2 5 9 7 9 20 |28 51 38 48 185 243 121 16 11 2 13 1 17 1 25 16 |15 45 99 198 149 137 50 22 9 11 20 7 22 10 10 1 |21 33 62 230 226 144 16 12 11 1 26 12 1 1 9 11 |36 91 149 135 206 165 25 11 1 3 32 8 7 23 20 17 |129 87 218 217 47 38 9 24 16 23 31 9 13 13 23 24 |136 31 65 76 20 13 2 7 1 22 1 10 3 11 1 12 |22 2 20 16 8 5 1 14 1 19 9 9 2 1 1 1 |7 5 1 2 4 18 10 7 1 7 14 2 6 1 1 18 |
9496: 121 43 12 34 32 19 10 20 1 1 1 17 1 10 10 11 |197 113 65 11 24 27 5 1 11 11 25 28 13 11 30 2 |30 45 86 38 56 35 19 18 11 7 15 10 1 1 1 10 |25 25 40 55 212 131 43 11 23 20 2 5 9 7 9 20 |28 51 38 48 185 243 121 16 11 2 13 1 17 1 25 16 |15 45 99 198 149 137 50 22 9 11 20 7 22 10 10 1 |21 33 62 230 226 144 16 12 11 1 26 12 1 1 9 11 |36 91 149 135 206 165 25 11 1 3 32 8 7 23 20 17 |134 109 217 211 57 45 19 31 24 19 24 8 17 9 4 26 |139 34 79 64 23 28 1 22 15 15 1 1 7 9 1 16 |15 2 9 11 10 13 6 13 1 16 5 3 4 1 9 1 |2 18 4 4 9 18 1 13 1 1 8 1 1 1 1 17 |
9507: 146 63 22 6 22 18 6 22 11 5 1 7 12 5 6 22 |197 113 65 11 24 27 5 1 11 11 25 28 13 11 30 2 |30 45 86 38 56 35 19 18 11 7 15 10 1 1 1 10 |25 25 40 55 212 131 43 11 23 20 2 5 9 7 9 20 |28 51 38 48 185 243 121 16 11 2 13 1 17 1 25 16 |15 45 99 198 149 137 50 22 9 11 20 7 22 10 10 1 |21 33 62 230 226 144 16 12 11 1 26 12 1 1 9 11 |36 91 149 135 206 165 25 11 1 3 32 8 7 23 20 17 |134 109 217 211 57 45 19 31 24 19 24 8 17 9 4 26 |139 34 79 64 23 28 1 22 15 15 1 1 7 9 1 16 |15 2 9 11 10 13 6 13 1 16 5 3 4 1 9 1 |2 18 4 4 9 18 1 13 1 1 8 1 1 1 1 17 |
9517: 146 63 22 6 22 18 6 22 11 5 1 7 12 5 6 22 |205 159 80 20 25 29 17 1 5 10 22 23 19 3 30 14 |31 51 102 63 64 12 27 11 17 6 17 16 1 1 1 1 |23 28 31 68 219 138 44 14 17 23 9 13 22 6 3 20 |14 51 55 51 201 247 128 15 13 6 5 1 30 4 18 20 |16 44 102 191 133 135 41 24 11 9 27 9 17 10 16 1 |18 37 48 221 234 151 14 12 7 14 11 17 13 13 2 18 |36 104 161 142 205 170 36 19 2 6 13 3 1 6 16 21 |151 107 211 225 47 39 29 9 23 20 26 7 10 1 15 14 |147 41 76 78 20 16 1 21 15 8 1 13 1 17 1 15 |15 2 9 11 10 13 6 13 1 16 5 3 4 1 9 1 |2 18 4 4 9 18 1 13 1 1 8 1 1 1 1 17 |
9528: 146 63 22 6 22 18 6 22 11 5 1 7 12 5 6 22 |205 159 80 20 25 29 17 1 5 10 22 23 19 3 30 14 |31 51 102 63 64 12 27 11 17 6 17 16 1 1 1 1 |23 28 31 68 219 138 44 14 17 23 9 13 22 6 3 20 |14 51 55 51 201 247 128 15 13 6 5 1 30 4 18 20 |16 44 102 191 133 135 41 24 11 9 27 9 17 10 16 1 |18 37 48 221 234 151 14 12 7 14 11 17 13 13 2 18 |36 104 161 142 205 170 36 19 2 6 13 3 1 6 16 21 |151 107 211 225 47 39 29 9 23 20 26 7 10 1 15 14 |147 41 76 78 20 16 1 21 15 8 1 13 1 17 1 15 |22 2 21 15 12 10 1 2 12 18 9 17 1 3 8 1 |3 13 4 1 24 25 10 11 1 1 19 1 1 2 1 7 |
9539: 156 55 30 18 13 9 12 12 1 13 1 11 3 11 19 12 |205 159 80 20 25 29 17 1 5 10 22 23 19 3 30 14 |31 51 102 63 64 12 27 11 17 6 17 16 1 1 1 1 |23 28 31 68 219 138 44 14 17 23 9 13 22 6 3 20 |14 51 55 51 201 247 128 15 13 6 5 1 30 4 18 20 |16 44 102 191 133 135 41 24 11 9 27 9 17 10 16 1 |18 37 48 221 234 151 14 12 7 14 11 17 13 13 2 18 |36 104 161 142 205 170 36 19 2 6 13 3 1 6 16 21 |151 107 211 225 47 39 29 9 23 20 26 7 10 1 15 14 |147 41 76 78 20 16 1 21 15 8 1 13 1 17 1 15 |22 2 21 15 12 10 1 2 12 18 9 17 1 3 8 1 |3 13 4 1 24 25 10 11 1 1 19 1 1 2 1 7 |
9550: 156 55 30 18 13 9 12 12 1 13 1 11 3 11 19 12 |218 181 109 15 17 27 17 3 8 8 12 27 16 8 23 7 |50 52 121 74 63 37 19 21 5 10 10 18 5 7 9 3 |32 31 40 71 216 145 44 13 12 24 2 17 21 18 5 13 |25 69 52 63 202 243 110 16 9 3 1 1 23 6 15 23 |2 44 111 211 140 132 50 25 8 3 30 7 32 1 13 15 |29 44 62 229 228 139 25 10 1 18 15 17 1 15 4 10 |32 112 152 148 192 171 14 4 1 1 19 8 8 15 1 13 |156 112 221 217 55 43 27 17 20 25 22 22 20 14 17 13 |147 41 76 78 20 16 1 21 15 8 1 13 1 17 1 15 |22 2 21 15 12 10 1 2 12 18 9 17 1 3 8 1 |3 13 4 1 24 25 10 11 1 1 19 1 1 2 1 7 |
9561: 156 55 30 18 13 9 12 12 1 13 1 11 3 11 19 12 |218 181 109 15 17 27 17 3 8 8 12 27 16 8 23 7 |50 52 121 74 63 37 19 21 5 10 10 18 5 7 9 3 |32 31 40 71 216 145 44 13 12 24 2 17 21 18 5 13 |25 69 52 63 202 243 110 16 9 3 1 1 23 6 15 23 |2 44 111 211 140 132 50 25 8 3 30 7 32 1 13 15 |29 44 62 229 228 139 25 10 1 18 15 17 1 15 4 10 |32 112 152 148 192 171 14 4 1 1 19 8 8 15 1 13 |156 112 221 217 55 43 27 17 20 25 22 22 20 14 17 13 |144 55 83 66 13 16 1 6 1 15 1 1 1 12 1 8 |19 5 11 11 15 15 6 13 7 14 10 16 1 4 10 1 |1 11 5 8 17 25 12 10 1 1 16 2 10 3 3 17 |
9572: 150 69 22 28 31 14 5 17 9 12 10 12 1 11 15 11 |228 197 119 28 29 14 17 12 9 3 30 23 5 18 28 8 |50 52 121 74 63 37 19 21 5 10 10 18 5 7 9 3 |32 31 40 71 216 145 44 13 12 24 2 17 21 18 5 13 |25 69 52 63 202 243 110 16 9 3 1 1 23 6 15 23 |2 44 111 211 140 132 50 25 8 3 30 7 32 1 13 15 |29 44 62 229 228 139 25 10 1 18 15 17 1 15 4 10 |32 112 152 148 192 171 14 4 1 1 19 8 8 15 1 13 |156 112 221 217 55 43 27 17 20 25 22 22 20 14 17 13 |144 55 83 66 13 16 1 6 1 15 1 1 1 12 1 8 |19 5 11 11 15 15 6 13 7 14 10 16 1 4 10 1 |1 11 5 8 17 25 12 10 1 1 16 2 10 3 3 17 |
9583: 150 69 22 28 31 14 5 17 9 12 10 12 1 11 15 11 |228 197 119 28 29 14 17 12 9 3 30 23 5 18 28 8 |55 61 147 90 63 35 30 17 6 11 12 11 1 9 1 16 |32 21 47 83 215 149 43 14 26 24 6 10 17 17 10 28 |29 62 45 48 195 250 126 10 9 22 26 14 13 16 29 15 |13 39 111 212 135 147 47 7 17 11 23 12 18 10 10 1 |14 43 67 228 232 127 28 29 1 15 10 28 5 14 8 3 |31 117 165 145 190 159 18 11 1 10 30 1 1 20 14 14 |150 118 223 212 59 30 28 14 5 26 27 13 26 7 18 27 |144 55 83 66 13 16 1 6 1 15 1 1 1 12 1 8 |19 5 11 11 15 15 6 13 7 14 10 16 1 4 10 1 |1 11 5 8 17 25 12 10 1 1 16 2 10 3 3 17 |
9594: 150 69 22 28 31 14 5 17 9 12 10 12 1 11 15 11 |228 197 119 28 29 14 17 12 9 3 30 23 5 18 28 8 |55 61 147 90 63 35 30 17 6 11 12 11 1 9 1 16 |32 21 47 83 215 149 43 14 26 24 6 10 17 17 10 28 |29 62 45 48 195 250 126 10 9 22 26 14 13 16 29 15 |13 39 111 212 135 147 47 7 17 11 23 12 18 10 10 1 |14 43 67 228 232 127 28 29 1 15 10 28 5 14 8 3 |31 117 165 145 190 159 18 11 1 10 30 1 1 20 14 14 |150 118 223 212 59 30 28 14 5 26 27 13 26 7 18 27 |154 47 80 69 20 11 1 14 17 22 3 5 1 15 1 16 |23 16 19 16 23 1 1 3 1 16 9 17 4 1 9 1 |3 4 8 8 4 16 9 12 1 1 6 2 9 8 2 11 |
9605: 154 73 21 25 25 25 11 16 1 10 7 20 5 4 8 6 |234 198 131 21 26 31 17 1 1 11 31 22 21 1 21 15 |61 79 151 85 55 26 28 13 13 1 15 12 12 1 11 9 |32 21 47 83 215 149 43 14 26 24 6 10 17 17 10 28 |29 62 45 48 195 250 126 10 9 22 26 14 13 16 29 15 |13 39 111 212 135 147 47 7 17 11 23 12 18 10 10 1 |14 43 67 228 232 127 28 29 1 15 10 28 5 14 8 3 |31 117 165 145 190 159 18 11 1 10 30 1 1 20 14 14 |150 118 223 212 59 30 28 14 5 26 27 13 26 7 18 27 |154 47 80 69 20 11 1 14 17 22 3 5 1 15 1 16 |23 16 19 16 23 1 1 3 1 16 9 17 4 1 9 1 |3 4 8 8 4 16 9 12 1 1 6 2 9 8 2 11 |
9616: 154 73 21 25 25 25 11 16 1 10 7 20 5 4 8 6 |234 198 131 21 26 31 17 1 1 11 31 22 21 1 21 15 |61 79 151 85 55 26 28 13 13 1 15 12 12 1 11 9 |37 28 50 86 216 138 44 15 23 25 7 14 21 24 12 25 |32 69 61 57 199 244 116 17 4 8 9 9 22 15 21 9 |13 37 119 216 133 156 36 23 2 9 27 1 14 12 14 1 |24 23 64 237 230 134 20 15 5 3 13 14 1 15 1 19 |43 120 170 141 196 153 39 16 9 7 32 13 3 10 1 5 |160 118 226 205 54 39 15 21 20 12 26 3 5 2 25 11 |159 56 81 67 17 16 1 8 7 17 1 1 1 16 2 9 |24 11 14 12 9 1 7 8 1 18 4 2 3 3 2 1 |4 18 2 11 3 18 11 10 1 6 17 1 1 1 1 4 |
9627: 154 73 21 25 25 25 11 16 1 10 7 20 5 4 8 6 |234 198 131 21 26 31 17 1 1 11 31 22 21 1 21 15 |61 79 151 85 55 26 28 13 13 1 15 12 12 1 11 9 |37 28 50 86 216 138 44 15 23 25 7 14 21 24 12 25 |32 69 61 57 199 244 116 17 4 8 9 9 22 15 21 9 |13 37 119 216 133 156 36 23 2 9 27 1 14 12 14 1 |24 23 64 237 230 134 20 15 5 3 13 14 1 15 1 19 |43 120 170 141 196 153 39 16 9 7 32 13 3 10 1 5 |160 118 226 205 54 39 15 21 20 12 26 3 5 2 25 11 |159 56 81 67 17 16 1 8 7 17 1 1 1 16 2 9 |24 11 14 12 9 1 7 8 1 18 4 2 3 3 2 1 |4 18 2 11 3 18 11 10 1 6 17 1 1 1 1 4 |
9638: 155 62 20 33 20 17 9 31 3 11 17 11 11 10 24 16 |234 198 131 21 26 31 17 1 1 11 31 22 21 1 21 15 |61 79 151 85 55 26 28 13 13 1 15 12 12 1 11 9 |37 28 50 86 216 138 44 15 23 25 7 14 21 24 12 25 |32 69 61 57 199 244 116 17 4 8 9 9 22 15 21 9 |13 37 119 216 133 156 36 23 2 9 27 1 14 12 14 1 |24 23 64 237 230 134 20 15 5 3 13 14 1 15 1 19 |43 120 170 141 196 153 39 16 9 7 32 13 3 10 1 5 |160 118 226 205 54 39 15 21 20 12 26 3 5 2 25 11 |159 56 81 67 17 16 1 8 7 17 1 1 1 16 2 9 |24 11 14 12 9 1 7 8 1 18 4 2 3 3 2 1 |4 18 2 11 3 18 11 10 1 6 17 1 1 1 1 4 |
9649: 155 62 20 33 20 17 9 31 3 11 17 11 11 10 24 16 |229 200 135 30 21 30 17 12 2 13 16 24 17 17 38 7 |60 66 162 70 78 30 31 23 6 8 17 6 1 10 10 8 |38 42 52 95 229 151 30 16 26 21 1 10 15 15 1 14 |30 68 51 61 206 241 124 14 17 15 5 2 11 1 29 38 |15 48 136 222 125 142 37 10 16 6 30 2 19 1 3 1 |10 33 59 236 225 136 26 12 1 1 9 1 1 15 2 16 |34 122 166 156 209 166 29 22 1 18 33 12 2 26 10 15 |157 125 217 220 54 51 26 11 22 25 18 21 22 2 16 16 |158 45 80 63 17 16 1 8 17 20 1 1 1 5 1 13 |24 11 14 12 9 1 7 8 1 18 4 2 3 3 2 1 |4 18 2 11 3 18 11 10 1 6 17 1 1 1 1 4 |
9660: 155 62 20 33 20 17 9 31 3 11 17 11 11 10 24 16 |229 200 135 30 21 30 17 12 2 13 16 24 17 17 38 7 |60 66 162 70 78 30 31 23 6 8 17 6 1 10 10 8 |38 42 52 95 229 151 30 16 26 21 1 10 15 15 1 14 |30 68 51 61 206 241 124 14 17 15 5 2 11 1 29 38 |15 48 136 222 125 142 37 10 16 6 30 2 19 1 3 1 |10 33 59 236 225 136 26 12 1 1 9 1 1 15 2 16 |34 122 166 156 209 166 29 22 1 18 33 12 2 26 10 15 |157 125 217 220 54 51 26 11 22 25 18 21 22 2 16 16 |158 45 80 63 17 16 1 8 17 20 1 1 1 5 1 13 |24 11 21 16 3 4 1 4 1 11 10 10 1 4 8 1 |5 9 13 14 16 25 9 3 1 1 17 1 7 13 1 19 |
9671: 155 60 37 25 15 12 5 16 1 17 9 7 12 3 19 8 |223 204 131 37 25 27 6 15 9 1 6 13 24 9 30 12 |64 76 161 85 83 26 21 19 16 9 13 19 16 1 7 8 |36 28 53 92 224 142 41 15 17 19 16 25 28 23 1 27 |30 68 51 61 206 241 124 14 17 15 5 2 11 1 29 38 |15 48 136 222 125 142 37 10 16 6 30 2 19 1 3 1 |10 33 59 236 225 136 26 12 1 1 9 1 1 15 2 16 |34 122 166 156 209 166 29 22 1 18 33 12 2 26 10 15 |157 125 217 220 54 51 26 11 22 25 18 21 22 2 16 16 |158 45 80 63 17 16 1 8 17 20 1 1 1 5 1 13 |24 11 21 16 3 4 1 4 1 11 10 10 1 4 8 1 |5 9 13 14 16 25 9 3 1 1 17 1 7 13 1 19 |
9682: 155 60 37 25 15 12 5 16 1 17 9 7 12 3 19 8 |223 204 131 37 25 27 6 15 9 1 6 13 24 9 30 12 |64 76 161 85 83 26 21 19 16 9 13 19 16 1 7 8 |36 28 53 92 224 142 41 15 17 19 16 25 28 23 1 27 |34 77 56 57 208 245 120 5 3 9 14 16 30 1 30 11 |17 40 116 209 144 146 51 25 7 13 20 6 24 10 13 1 |23 49 71 235 230 133 16 10 9 14 10 21 7 6 1 1 |42 116 163 158 202 156 17 16 1 12 30 8 14 20 4 26 |160 120 212 210 59 52 16 20 25 15 25 12 26 1 11 25 |142 47 80 62 19 15 2 23 16 22 3 1 8 7 1 11 |23 18 18 16 13 11 4 9 1 16 3 17 1 5 8 1 |5 10 1 9 9 16 13 10 1 6 16 1 7 1 1 20 |
9693: 155 60 37 25 15 12 5 16 1 17 9 7 12 3 19 8 |223 204 131 37 25 27 6 15 9 1 6 13 24 9 30 12 |64 76 161 85 83 26 21 19 16 9 13 19 16 1 7 8 |36 28 53 92 224 142 41 15 17 19 16 25 28 23 1 27 |34 77 56 57 208 245 120 5 3 9 14 16 30 1 30 11 |17 40 116 209 144 146 51 25 7 13 20 6 24 10 13 1 |23 49 71 235 230 133 16 10 9 14 10 21 7 6 1 1 |42 116 163 158 202 156 17 16 1 12 30 8 14 20 4 26 |160 120 212 210 59 52 16 20 25 15 25 12 26 1 11 25 |142 47 80 62 19 15 2 23 16 22 3 1 8 7 1 11 |23 18 18 16 13 11 4 9 1 16 3 17 1 5 8 1 |5 10 1 9 9 16 13 10 1 6 16 1 7 1 1 20 |
9704: 159 75 31 31 20 18 4 13 1 14 8 24 8 6 8 19 |222 205 144 30 31 26 23 12 1 11 29 24 9 17 36 11 |64 76 161 85 83 26 21 19 16 9 13 19 16 1 7 8 |36 28 53 92 224 142 41 15 17 19 16 25 28 23 1 27 |34 77 56 57 208 245 120 5 3 9 14 16 30 1 30 11 |17 40 116 209 144 146 51 25 7 13 20 6 24 10 13 1 |23 49 71 235 230 133 16 10 9 14 10 21 7 6 1 1 |42 116 163 158 202 156 17 16 1 12 30 8 14 20 4 26 |160 120 212 210 59 52 16 20 25 15 25 12 26 1 11 25 |142 47 80 62 19 15 2 23 16 22 3 1 8 7 1 11 |23 18 18 16 13 11 4 9 1 16 3 17 1 5 8 1 |5 10 1 9 9 16 13 10 1 6 16 1 7 1 1 20 |
9715: 159 75 31 31 20 18 4 13 1 14 8 24 8 6 8 19 |222 205 144 30 31 26 23 12 1 11 29 24 9 17 36 11 |60 84 154 82 70 35 28 10 24 1 10 19 2 1 9 10 |28 42 51 92 220 150 44 16 24 21 15 16 21 20 4 12 |34 93 59 57 208 223 117 17 8 1 24 4 26 14 30 8 |19 37 131 229 145 146 51 24 7 4 8 1 16 3 15 1 |28 41 67 226 220 135 23 16 1 5 10 9 1 13 3 5 |44 126 177 148 206 161 24 12 1 12 29 9 16 18 1 25 |167 129 207 215 63 47 21 11 12 24 22 26 22 1 24 20 |153 51 75 55 20 12 10 17 11 22 2 12 6 17 1 2 |25 16 19 17 20 8 1 18 1 18 10 7 5 2 9 2 |5 10 1 9 9 16 13 10 1 6 16 1 7 1 1 20 |
9726: 159 75 31 31 20 18 4 13 1 14 8 24 8 6 8 19 |222 205 144 30 31 26 23 12 1 11 29 24 9 17 36 11 |60 84 154 82 70 35 28 10 24 1 10 19 2 1 9 10 |28 42 51 92 220 150 44 16 24 21 15 16 21 20 4 12 |34 93 59 57 208 223 117 17 8 1 24 4 26 14 30 8 |19 37 131 229 145 146 51 24 7 4 8 1 16 3 15 1 |28 41 67 226 220 135 23 16 1 5 10 9 1 13 3 5 |44 126 177 148 206 161 24 12 1 12 29 9 16 18 1 25 |167 129 207 215 63 47 21 11 12 24 22 26 22 1 24 20 |153 51 75 55 20 12 10 17 11 22 2 12 6 17 1 2 |25 16 19 17 20 8 1 18 1 18 10 7 5 2 9 2 |7 4 4 1 18 22 12 17 1 1 4 2 8 17 1 18 |
9737: 165 83 29 33 17 17 12 20 10 12 18 19 1 11 25 12 |232 212 142 35 27 7 20 4 1 5 23 17 26 18 24 24 |60 84 154 82 70 35 28 10 24 1 10 19 2 1 9 10 |28 42 51 92 220 150 44 16 24 21 15 16 21 20 4 12 |34 93 59 57 208 223 117 17 8 1 24 4 26 14 30 8 |19 37 131 229 145 146 51 24 7 4 8 1 16 3 15 1 |28 41 67 226 220 135 23 16 1 5 10 9 1 13 3 5 |44 126 177 148 206 161 24 12 1 12 29 9 16 18 1 25 |167 129 207 215 63 47 21 11 12 24 22 26 22 1 24 20 |153 51 75 55 20 12 10 17 11 22 2 12 6 17 1 2 |25 16 19 17 20 8 1 18 1 18 10 7 5 2 9 2 |7 4 4 1 18 22 12 17 1 1 4 2 8 17 1 18 |
9748: 165 83 29 33 17 17 12 20 10 12 18 19 1 11 25 12 |232 212 142 35 27 7 20 4 1 5 23 17 26 18 24 24 |73 84 171 90 72 36 29 10 22 7 14 25 13 5 1 8 |27 41 44 83 216 155 44 9 20 22 14 16 29 24 9 33 |35 64 48 57 190 248 121 6 4 18 7 11 18 1 25 16 |14 39 115 211 141 147 45 16 1 1 26 11 24 9 16 4 |24 39 66 230 217 129 17 8 4 24 21 8 1 4 3 5 |41 132 158 142 201 160 21 14 1 4 24 13 5 23 4 22 |159 117 227 208 50 42 26 12 8 5 24 24 25 12 24 20 |154 36 77 54 13 26 7 15 4 22 1 17 1 7 1 3 |25 16 19 17 20 8 1 18 1 18 10 7 5 2 9 2 |7 4 4 1 18 22 12 17 1 1 4 2 8 17 1 18 |
9759: 165 83 29 33 17 17 12 20 10 12 18 19 1 11 25 12 |232 212 142 35 27 7 20 4 1 5 23 17 26 18 24 24 |73 84 171 90 72 36 29 10 22 7 14 25 13 5 1 8 |27 41 44 83 216 155 44 9 20 22 14 16 29 24 9 33 |35 64 48 57 190 248 121 6 4 18 7 11 18 1 25 16 |14 39 115 211 141 147 45 16 1 1 26 11 24 9 16 4 |24 39 66 230 217 129 17 8 4 24 21 8 1 4 3 5 |41 132 158 142 201 160 21 14 1 4 24 13 5 23 4 22 |159 117 227 208 50 42 26 12 8 5 24 24 25 12 24 20 |154 36 77 54 13 26 7 15 4 22 1 17 1 7 1 3 |22 18 17 12 17 3 1 16 1 16 10 14 3 2 2 1 |15 1 1 4 4 10 12 8 1 1 8 1 1 3 3 12 |
9770: 153 82 21 12 14 13 3 6 9 1 1 10 3 1 11 6 |232 212 142 35 27 7 20 4 1 5 23 17 26 18 24 24 |73 84 171 90 72 36 29 10 22 7 14 25 13 5 1 8 |27 41 44 83 216 155 44 9 20 22 14 16 29 24 9 33 |35 64 48 57 190 248 121 6 4 18 7 11 18 1 25 16 |14 39 115 211 141 147 45 16 1 1 26 11 24 9 16 4 |24 39 66 230 217 129 17 8 4 24 21 8 1 4 3 5 |41 132 158 142 201 160 21 14 1 4 24 13 5 23 4 22 |159 117 227 208 50 42 26 12 8 5 24 24 25 12 24 20 |154 36 77 54 13 26 7 15 4 22 1 17 1 7 1 3 |22 18 17 12 17 3 1 16 1 16 10 14 3 2 2 1 |15 1 1 4 4 10 12 8 1 1 8 1 1 3 3 12 |
9781: 153 82 21 12 14 13 3 6 9 1 1 10 3 1 11 6 |213 205 131 31 15 22 8 9 8 2 6 7 8 14 5 4 |61 80 158 89 71 23 11 4 1 3 8 1 3 5 2 4 |30 33 46 91 214 138 26 5 1 13 8 1 3 4 1 11 |20 62 58 62 194 226 106 14 11 8 7 12 8 2 4 2 |3 45 130 214 129 120 46 7 11 5 6 7 5 1 6 9 |16 33 61 220 212 123 25 13 8 11 2 7 5 3 6 1 |39 127 161 135 195 152 14 4 2 1 7 5 1 3 6 9 |159 117 227 208 50 42 26 12 8 5 24 24 25 12 24 20 |154 36 77 54 13 26 7 15 4 22 1 17 1 7 1 3 |22 18 17 12 17 3 1 16 1 16 10 14 3 2 2 1 |15 1 1 4 4 10 12 8 1 1 8 1 1 3 3 12 |
9792: 153 82 21 12 14 13 3 6 9 1 1 10 3 1 11 6 |213 205 131 31 15 22 8 9 8 2 6 7 8 14 5 4 |61 80 158 89 71 23 11 4 1 3 8 1 3 5 2 4 |30 33 46 91 214 138 26 5 1 13 8 1 3 4 1 11 |20 62 58 62 194 226 106 14 11 8 7 12 8 2 4 2 |3 45 130 214 129 120 46 7 11 5 6 7 5 1 6 9 |16 33 61 220 212 123 25 13 8 11 2 7 5 3 6 1 |39 127 161 135 195 152 14 4 2 1 7 5 1 3 6 9 |161 117 210 210 40 25 5 10 7 7 5 1 1 5 9 12 |148 42 64 72 17 7 1 6 1 2 1 1 1 2 2 1 |14 9 7 15 18 8 2 1 1 1 1 1 1 1 11 1 |10 3 1 10 5 13 2 1 1 1 1 1 5 1 1 1 |
9803: 152 80 31 25 12 17 7 10 1 12 1 13 8 11 14 9 |231 198 143 26 10 11 7 19 5 7 14 30 27 4 21 9 |59 86 167 94 68 34 27 24 14 1 18 17 5 1 2 5 |30 33 46 91 214 138 26 5 1 13 8 1 3 4 1 11 |20 62 58 62 194 226 106 14 11 8 7 12 8 2 4 2 |3 45 130 214 129 120 46 7 11 5 6 7 5 1 6 9 |16 33 61 220 212 123 25 13 8 11 2 7 5 3 6 1 |39 127 161 135 195 152 14 4 2 1 7 5 1 3 6 9 |161 117 210 210 40 25 5 10 7 7 5 1 1 5 9 12 |148 42 64 72 17 7 1 6 1 2 1 1 1 2 2 1 |14 9 7 15 18 8 2 1 1 1 1 1 1 1 11 1 |10 3 1 10 5 13 2 1 1 1 1 1 5 1 1 1 |
9814: 152 80 31 25 12 17 7 10 1 12 1 13 8 11 14 9 |231 198 143 26 10 11 7 19 5 7 14 30 27 4 21 9 |59 86 167 94 68 34 27 24 14 1 18 17 5 1 2 5 |43 29 46 107 221 149 33 4 24 17 1 9 19 9 13 27 |29 71 66 60 207 248 114 12 1 4 5 12 18 8 16 7 |9 54 142 210 146 150 56 19 25 20 21 8 13 1 20 2 |20 46 76 234 216 136 29 29 17 25 10 14 1 5 8 10 |41 130 170 156 201 164 26 13 1 2 30 3 8 19 18 24 |156 134 222 220 50 49 25 12 23 23 27 10 17 11 8 26 |148 42 64 72 17 7 1 6 1 2 1 1 1 2 2 1 |14 9 7 15 18 8 2 1 1 1 1 1 1 1 11 1 |10 3 1 10 5 13 2 1 1 1 1 1 5 1 1 1 |
9825: 152 80 31 25 12 17 7 10 1 12 1 13 8 11 14 9 |231 198 143 26 10 11 7 19 5 7 14 30 27 4 21 9 |59 86 167 94 68 34 27 24 14 1 18 17 5 1 2 5 |43 29 46 107 221 149 33 4 24 17 1 9 19 9 13 27 |29 71 66 60 207 248 114 12 1 4 5 12 18 8 16 7 |9 54 142 210 146 150 56 19 25 20 21 8 13 1 20 2 |20 46 76 234 216 136 29 29 17 25 10 14 1 5 8 10 |41 130 170 156 201 164 26 13 1 2 30 3 8 19 18 24 |156 134 222 220 50 49 25 12 23 23 27 10 17 11 8 26 |148 47 81 61 15 14 1 13 13 24 1 13 1 11 2 16 |26 14 14 12 24 4 2 3 1 18 4 17 2 1 10 4 |1 4 8 8 6 26 17 16 1 1 5 3 9 12 1 19 |
9836: 157 80 29 15 20 17 6 6 5 1 1 6 1 1 7 9 |213 208 130 35 18 11 1 5 5 4 8 6 5 10 5 10 |59 86 167 94 68 34 27 24 14 1 18 17 5 1 2 5 |43 29 46 107 221 149 33 4 24 17 1 9 19 9 13 27 |29 71 66 60 207 248 114 12 1 4 5 12 18 8 16 7 |9 54 142 210 146 150 56 19 25 20 21 8 13 1 20 2 |20 46 76 234 216 136 29 29 17 25 10 14 1 5 8 10 |41 130 170 156 201 164 26 13 1 2 30 3 8 19 18 24 |156 134 222 220 50 49 25 12 23 23 27 10 17 11 8 26 |148 47 81 61 15 14 1 13 13 24 1 13 1 11 2 16 |26 14 14 12 24 4 2 3 1 18 4 17 2 1 10 4 |1 4 8 8 6 26 17 16 1 1 5 3 9 12 1 19 |
9847: 157 80 29 15 20 17 6 6 5 1 1 6 1 1 7 9 |213 208 130 35 18 11 1 5 5 4 8 6 5 10 5 10 |64 83 154 90 69 34 7 8 1 2 9 3 1 11 4 5 |30 33 38 94 219 135 27 1 7 8 5 1 7 4 2 16 |25 63 61 71 195 228 97 9 11 9 10 15 6 1 9 4 |2 41 129 208 135 126 34 11 6 4 1 7 4 1 4 12 |15 44 62 211 215 124 25 1 6 15 3 5 4 1 7 4 |37 130 161 136 193 157 12 4 2 5 6 3 1 1 4 21 |161 124 227 213 37 31 3 9 7 8 9 4 1 6 12 4 |148 47 81 61 15 14 1 13 13 24 1 13 1 11 2 16 |26 14 14 12 24 4 2 3 1 18 4 17 2 1 10 4 |1 4 8 8 6 26 17 16 1 1 5 3 9 12 1 19 |
9858: 157 80 29 15 20 17 6 6 5 1 1 6 1 1 7 9 |213 208 130 35 18 11 1 5 5 4 8 6 5 10 5 10 |64 83 154 90 69 34 7 8 1 2 9 3 1 11 4 5 |30 33 38 94 219 135 27 1 7 8 5 1 7 4 2 16 |25 63 61 71 195 228 97 9 11 9 10 15 6 1 9 4 |2 41 129 208 135 126 34 11 6 4 1 7 4 1 4 12 |15 44 62 211 215 124 25 1 6 15 3 5 4 1 7 4 |37 130 161 136 193 157 12 4 2 5 6 3 1 1 4 21 |161 124 227 213 37 31 3 9 7 8 9 4 1 6 12 4 |152 43 64 58 15 4 1 3 1 1 1 1 1 2 1 1 |7 7 9 8 11 9 5 1 1 1 1 1 1 1 2 1 |3 1 5 11 12 10 1 3 1 1 1 1 2 1 1 2 |
9869: 161 64 23 29 17 24 14 15 1 7 8 14 10 11 17 21 |226 211 139 29 20 20 9 1 7 11 26 19 22 1 25 15 |64 83 154 90 69 34 7 8 1 2 9 3 1 11 4 5 |30 33 38 94 219 135 27 1 7 8 5 1 7 4 2 16 |25 63 61 71 195 228 97 9 11 9 10 15 6 1 9 4 |2 41 129 208 135 126 34 11 6 4 1 7 4 1 4 12 |15 44 62 211 215 124 25 1 6 15 3 5 4 1 7 4 |37 130 161 136 193 157 12 4 2 5 6 3 1 1 4 21 |161 124 227 213 37 31 3 9 7 8 9 4 1 6 12 4 |152 43 64 58 15 4 1 3 1 1 1 1 1 2 1 1 |7 7 9 8 11 9 5 1 1 1 1 1 1 1 2 1 |3 1 5 11 12 10 1 3 1 1 1 1 2 1 1 2 |
9880: 161 64 23 29 17 24 14 15 1 7 8 14 10 11 17 21 |226 211 139 29 20 20 9 1 7 11 26 19 22 1 25 15 |69 80 154 98 88 33 28 7 6 6 18 21 1 12 3 12 |45 35 53 100 226 142 41 11 18 23 8 17 12 15 3 10 |36 78 63 57 212 249 110 15 14 2 2 2 16 1 29 23 |16 40 145 216 149 142 50 22 6 21 37 17 18 9 16 11 |28 44 77 236 224 125 13 22 9 27 25 19 19 13 8 8 |50 143 179 153 191 164 23 18 1 21 41 24 1 24 11 4 |161 124 227 213 37 31 3 9 7 8 9 4 1 6 12 4 |152 43 64 58 15 4 1 3 1 1 1 1 1 2 1 1 |7 7 9 8 11 9 5 1 1 1 1 1 1 1 2 1 |3 1 5 11 12 10 1 3 1 1 1 1 2 1 1 2 |
9891: 161 64 23 29 17 24 14 15 1 7 8 14 10 11 17 21 |226 211 139 29 20 20 9 1 7 11 26 19 22 1 25 15 |69 80 154 98 88 33 28 7 6 6 18 21 1 12 3 12 |45 35 53 100 226 142 41 11 18 23 8 17 12 15 3 10 |36 78 63 57 212 249 110 15 14 2 2 2 16 1 29 23 |16 40 145 216 149 142 50 22 6 21 37 17 18 9 16 11 |28 44 77 236 224 125 13 22 9 27 25 19 19 13 8 8 |50 143 179 153 191 164 23 18 1 21 41 24 1 24 11 4 |158 125 225 207 60 44 12 11 20 26 21 24 25 9 2 26 |141 39 66 67 26 17 3 16 10 19 1 1 3 14 1 2 |24 17 17 23 24 1 6 11 1 18 12 7 5 1 1 1 |6 1 8 12 2 18 10 2 1 1 18 1 2 1 3 17 |
9901: 152 80 37 31 29 26 17 9 13 12 11 8 11 7 19 14 |226 211 139 29 20 20 9 1 7 11 26 19 22 1 25 15 |69 80 154 98 88 33 28 7 6 6 18 21 1 12 3 12 |45 35 53 100 226 142 41 11 18 23 8 17 12 15 3 10 |36 78 63 57 212 249 110 15 14 2 2 2 16 1 29 23 |16 40 145 216 149 142 50 22 6 21 37 17 18 9 16 11 |28 44 77 236 224 125 13 22 9 27 25 19 19 13 8 8 |50 143 179 153 191 164 23 18 1 21 41 24 1 24 11 4 |158 125 225 207 60 44 12 11 20 26 21 24 25 9 2 26 |141 39 66 67 26 17 3 16 10 19 1 1 3 14 1 2 |24 17 17 23 24 1 6 11 1 18 12 7 5 1 1 1 |6 1 8 12 2 18 10 2 1 1 18 1 2 1 3 17 |
9912: 152 80 37 31 29 26 17 9 13 12 11 8 11 7 19 14 |224 199 137 25 21 17 14 1 8 20 11 27 8 1 31 6 |70 78 158 99 77 35 27 25 19 2 7 14 9 10 9 12 |46 41 51 100 223 139 45 17 24 18 3 9 31 11 1 21 |18 69 70 74 222 250 118 19 18 17 8 17 20 9 31 21 |26 42 137 219 132 136 50 16 12 14 30 10 22 10 11 6 |25 37 78 233 226 122 23 24 8 11 16 19 6 1 1 9 |36 143 178 155 203 163 18 18 1 9 23 2 1 13 7 17 |158 125 225 207 60 44 12 11 20 26 21 24 25 9 2 26 |141 39 66 67 26 17 3 16 10 19 1 1 3 14 1 2 |24 17 17 23 24 1 6 11 1 18 12 7 5 1 1 1 |6 1 8 12 2 18 10 2 1 1 18 1 2 1 3 17 |
9923: 152 80 37 31 29 26 17 9 13 12 11 8 11 7 19 14 |224 199 137 25 21 17 14 1 8 20 11 27 8 1 31 6 |70 78 158 99 77 35 27 25 19 2 7 14 9 10 9 12 |46 41 51 100 223 139 45 17 24 18 3 9 31 11 1 21 |18 69 70 74 222 250 118 19 18 17 8 17 20 9 31 21 |26 42 137 219 132 136 50 16 12 14 30 10 22 10 11 6 |25 37 78 233 226 122 23 24 8 11 16 19 6 1 1 9 |36 143 178 155 203 163 18 18 1 9 23 2 1 13 7 17 |159 124 228 211 60 47 22 18 21 23 20 24 19 17 17 24 |143 35 75 61 17 11 4 20 17 14 1 1 1 15 1 2 |17 6 17 10 15 1 7 16 1 1 13 6 4 2 3 1 |15 1 1 4 4 15 21 12 1 1 4 1 4 6 1 16 |
9934: 166 68 36 30 33 30 14 15 1 13 5 22 10 1 20 21 |224 199 137 25 21 17 14 1 8 20 11 27 8 1 31 6 |70 78 158 99 77 35 27 25 19 2 7 14 9 10 9 12 |46 41 51 100 223 139 45 17 24 18 3 9 31 11 1 21 |18 69 70 74 222 250 118 19 18 17 8 17 20 9 31 21 |26 42 137 219 132 136 50 16 12 14 30 10 22 10 11 6 |25 37 78 233 226 122 23 24 8 11 16 19 6 1 1 9 |36 143 178 155 203 163 18 18 1 9 23 2 1 13 7 17 |159 124 228 211 60 47 22 18 21 23 20 24 19 17 17 24 |143 35 75 61 17 11 4 20 17 14 1 1 1 15 1 2 |17 6 17 10 15 1 7 16 1 1 13 6 4 2 3 1 |15 1 1 4 4 15 21 12 1 1 4 1 4 6 1 16 |
9945: 166 68 36 30 33 30 14 15 1 13 5 22 10 1 20 21 |227 219 138 16 33 27 5 1 7 1 16 28 23 20 30 14 |71 80 177 86 72 35 16 25 18 1 6 22 1 9 1 15 |33 22 44 104 220 140 42 14 24 22 6 6 30 23 3 23 |34 83 76 64 215 229 129 17 10 16 3 7 30 16 22 31 |19 52 145 222 147 152 50 26 6 1 24 1 24 2 7 3 |20 41 77 231 217 127 26 17 10 15 10 20 14 1 1 1 |42 123 179 158 204 147 18 6 1 3 31 9 1 29 19 27 |159 124 228 211 60 47 22 18 21 23 20 24 19 17 17 24 |143 35 75 61 17 11 4 20 17 14 1 1 1 15 1 2 |17 6 17 10 15 1 7 16 1 1 13 6 4 2 3 1 |15 1 1 4 4 15 21 12 1 1 4 1 4 6 1 16 |
9956: 166 68 36 30 33 30 14 15 1 13 5 22 10 1 20 21 |227 219 138 16 33 27 5 1 7 1 16 28 23 20 30 14 |71 80 177 86 72 35 16 25 18 1 6 22 1 9 1 15 |33 22 44 104 220 140 42 14 24 22 6 6 30 23 3 23 |34 83 76 64 215 229 129 17 10 16 3 7 30 16 22 31 |19 52 145 222 147 152 50 26 6 1 24 1 24 2 7 3 |20 41 77 231 217 127 26 17 10 15 10 20 14 1 1 1 |42 123 179 158 204 147 18 6 1 3 31 9 1 29 19 27 |159 122 220 215 63 50 24 16 25 25 25 27 21 7 13 27 |139 42 80 63 21 10 14 15 4 15 4 14 6 16 1 16 |23 13 17 17 18 15 1 6 1 9 1 1 1 1 1 1 |3 10 5 2 3 30 7 18 1 1 5 1 1 4 1 20 |
9967: 165 71 32 40 26 17 7 16 1 1 1 13 2 11 12 14 |220 202 143 30 18 18 10 16 7 11 26 29 19 11 24 15 |71 80 177 86 72 35 16 25 18 1 6 22 1 9 1 15 |33 22 44 104 220 140 42 14 24 22 6 6 30 23 3 23 |34 83 76 64 215 229 129 17 10 16 3 7 30 16 22 31 |19 52 145 222 147 152 50 26 6 1 24 1 24 2 7 3 |20 41 77 231 217 127 26 17 10 15 10 20 14 1 1 1 |42 123 179 158 204 147 18 6 1 3 31 9 1 29 19 27 |159 122 220 215 63 50 24 16 25 25 25 27 21 7 13 27 |139 42 80 63 21 10 14 15 4 15 4 14 6 16 1 16 |23 13 17 17 18 15 1 6 1 9 1 1 1 1 1 1 |3 10 5 2 3 30 7 18 1 1 5 1 1 4 1 20 |
9978: 165 71 32 40 26 17 7 16 1 1 1 13 2 11 12 14 |220 202 143 30 18 18 10 16 7 11 26 29 19 11 24 15 |68 85 178 103 79 41 32 22 15 1 1 9 2 8 7 7 |40 38 37 94 221 141 34 15 20 5 1 10 34 15 8 20 |39 86 66 66 209 248 119 17 11 17 15 1 28 13 25 8 |19 47 135 218 131 153 43 5 4 18 35 20 14 10 15 1 |27 39 83 243 227 116 27 14 12 25 22 21 1 11 1 15 |43 133 166 158 204 155 12 16 1 9 33 15 17 26 15 21 |161 121 220 203 55 49 12 16 10 35 36 34 2 9 6 11 |139 42 80 63 21 10 14 15 4 15 4 14 6 16 1 16 |23 13 17 17 18 15 1 6 1 9 1 1 1 1 1 1 |3 10 5 2 3 30 7 18 1 1 5 1 1 4 1 20 |
9989: 165 71 32 40 26 17 7 16 1 1 1 13 2 11 12 14 |220 202 143 30 18 18 10 16 7 11 26 29 19 11 24 15 |68 85 178 103 79 41 32 22 15 1 1 9 2 8 7 7 |40 38 37 94 221 141 34 15 20 5 1 10 34 15 8 20 |39 86 66 66 209 248 119 17 11 17 15 1 28 13 25 8 |19 47 135 218 131 153 43 5 4 18 35 20 14 10 15 1 |27 39 83 243 227 116 27 14 12 25 22 21 1 11 1 15 |43 133 166 158 204 155 12 16 1 9 33 15 17 26 15 21 |161 121 220 203 55 49 12 16 10 35 36 34 2 9 6 11 |146 29 82 63 16 26 13 21 13 9 1 7 1 16 1 11 |24 13 12 9 12 2 11 2 1 17 10 8 2 1 1 1 |3 1 8 8 6 15 12 9 1 5 17 1 1 6 3 19 |
10000: 166 74 30 33 19 20 8 16 1 10 6 16 10 9 17 10 |222 198 146 27 31 28 19 11 10 6 21 17 10 1 18 5 |68 85 178 103 79 41 32 22 15 1 1 9 2 8 7 7 |40 38 37 94 221 141 34 15 20 5 1 10 34 15 8 20 |39 86 66 66 209 248 119 17 11 17 15 1 28 13 25 8 |19 47 135 218 131 153 43 5 4 18 35 20 14 10 15 1 |27 39 83 243 227 116 27 14 12 25 22 21 1 11 1 15 |43 133 166 158 204 155 12 16 1 9 33 15 17 26 15 21 |161 121 220 203 55 49 12 16 10 35 36 34 2 9 6 11 |146 29 82 63 16 26 13 21 13 9 1 7 1 16 1 11 |24 13 12 9 12 2 11 2 1 17 10 8 2 1 1 1 |3 1 8 8 6 15 12 9 1 5 17 1 1 6 3 19 |
10011: 166 74 30 33 19 20 8 16 1 10 6 16 10 9 17 10 |222 198 146 27 31 28 19 11 10 6 21 17 10 1 18 5 |60 85 174 87 75 32 12 22 21 8 8 15 12 1 1 1 |38 38 55 111 225 140 30 12 27 22 2 6 15 18 10 18 |32 59 75 68 214 241 109 8 20 15 7 15 20 15 31 29 |23 40 144 212 139 148 66 25 6 11 27 1 14 7 5 1 |24 38 79 229 229 121 22 12 6 17 10 7 1 1 1 18 |39 131 177 157 207 149 22 22 1 12 29 4 1 19 9 17 |161 121 220 203 55 49 12 16 10 35 36 34 2 9 6 11 |146 29 82 63 16 26 13 21 13 9 1 7 1 16 1 11 |24 13 12 9 12 2 11 2 1 17 10 8 2 1 1 1 |3 1 8 8 6 15 12 9 1 5 17 1 1 6 3 19 |
10022: 166 74 30 33 19 20 8 16 1 10 6 16 10 9 17 10 |222 198 146 27 31 28 19 11 10 6 21 17 10 1 18 5 |60 85 174 87 75 32 12 22 21 8 8 15 12 1 1 1 |38 38 55 111 225 140 30 12 27 22 2 6 15 18 10 18 |32 59 75 68 214 241 109 8 20 15 7 15 20 15 31 29 |23 40 144 212 139 148 66 25 6 11 27 1 14 7 5 1 |24 38 79 229 229 121 22 12 6 17 10 7 1 1 1 18 |39 131 177 157 207 149 22 22 1 12 29 4 1 19 9 17 |153 124 221 221 58 43 16 15 14 23 25 9 15 15 14 26 |147 43 66 65 22 19 7 21 11 20 1 1 1 1 2 14 |18 20 18 13 13 1 5 7 1 8 12 10 3 1 6 1 |4 10 8 8 20 32 4 4 1 2 17 4 12 8 1 17 |
10033: 164 74 29 14 20 17 3 23 2 13 8 24 12 4 16 7 |222 198 146 27 31 28 19 11 10 6 21 17 10 1 18 5 |60 85 174 87 75 32 12 22 21 8 8 15 12 1 1 1 |38 38 55 111 225 140 30 12 27 22 2 6 15 18 10 18 |32 59 75 68 214 241 109 8 20 15 7 15 20 15 31 29 |23 40 144 212 139 148 66 25 6 11 27 1 14 7 5 1 |24 38 79 229 229 121 22 12 6 17 10 7 1 1 1 18 |39 131 177 157 207 149 22 22 1 12 29 4 1 19 9 17 |153 124 221 221 58 43 16 15 14 23 25 9 15 15 14 26 |147 43 66 65 22 19 7 21 11 20 1 1 1 1 2 14 |18 20 18 13 13 1 5 7 1 8 12 10 3 1 6 1 |4 10 8 8 20 32 4 4 1 2 17 4 12 8 1 17 |
10044: 164 74 29 14 20 17 3 23 2 13 8 24 12 4 16 7 |224 214 148 22 34 27 15 13 1 8 25 28 13 11 19 7 |67 81 184 102 90 19 26 18 12 8 14 13 9 8 10 3 |39 36 53 113 229 152 30 16 20 31 15 16 18 33 18 36 |27 84 68 67 215 237 112 17 17 1 1 1 29 7 29 24 |24 42 147 223 150 145 47 25 10 1 21 1 9 10 15 3 |27 42 73 241 232 115 28 15 1 11 22 10 8 12 1 15 |49 142 168 158 203 149 32 21 1 10 39 14 15 32 30 30 |153 124 221 221 58 43 16 15 14 23 25 9 15 15 14 26 |147 43 66 65 22 19 7 21 11 20 1 1 1 1 2 14 |18 20 18 13 13 1 5 7 1 8 12 10 3 1 6 1 |4 10 8 8 20 32 4 4 1 2 17 4 12 8 1 17 |
10055: 164 74 29 14 20 17 3 23 2 13 8 24 12 4 16 7 |224 214 148 22 34 27 15 13 1 8 25 28 13 11 19 7 |67 81 184 102 90 19 26 18 12 8 14 13 9 8 10 3 |39 36 53 113 229 152 30 16 20 31 15 16 18 33 18 36 |27 84 68 67 215 237 112 17 17 1 1 1 29 7 29 24 |24 42 147 223 150 145 47 25 10 1 21 1 9 10 15 3 |27 42 73 241 232 115 28 15 1 11 22 10 8 12 1 15 |49 142 168 158 203 149 32 21 1 10 39 14 15 32 30 30 |168 127 208 208 48 41 26 25 22 24 23 18 30 16 26 23 |147 34 78 53 12 15 2 13 9 21 1 1 6 17 3 9 |24 19 19 16 16 1 9 17 1 18 10 15 2 4 9 1 |9 10 2 2 1 23 5 16 1 1 17 2 8 12 1 16 |
10066: 163 64 26 31 17 12 8 16 1 15 10 7 12 7 21 20 |221 212 135 33 15 27 2 16 13 14 29 26 26 17 28 16 |67 92 178 92 97 33 16 23 24 3 17 18 14 12 6 11 |39 36 53 113 229 152 30 16 20 31 15 16 18 33 18 36 |27 84 68 67 215 237 112 17 17 1 1 1 29 7 29 24 |24 42 147 223 150 145 47 25 10 1 21 1 9 10 15 3 |27 42 73 241 232 115 28 15 1 11 22 10 8 12 1 15 |49 142 168 158 203 149 32 21 1 10 39 14 15 32 30 30 |168 127 208 208 48 41 26 25 22 24 23 18 30 16 26 23 |147 34 78 53 12 15 2 13 9 21 1 1 6 17 3 9 |24 19 19 16 16 1 9 17 1 18 10 15 2 4 9 1 |9 10 2 2 1 23 5 16 1 1 17 2 8 12 1 16 |
10077: 163 64 26 31 17 12 8 16 1 15 10 7 12 7 21 20 |221 212 135 33 15 27 2 16 13 14 29 26 26 17 28 16 |67 92 178 92 97 33 16 23 24 3 17 18 14 12 6 11 |33 30 49 124 229 145 36 12 16 22 10 7 24 15 3 9 |35 83 66 71 222 244 117 10 1 21 12 16 28 8 30 22 |18 48 155 217 142 158 51 22 8 5 11 1 25 4 9 13 |20 49 71 228 231 128 27 20 11 15 16 10 6 4 1 11 |44 141 172 155 209 152 20 8 1 1 14 13 5 7 9 25 |166 123 224 223 63 35 28 21 8 26 32 18 29 4 25 19 |147 34 78 53 12 15 2 13 9 21 1 1 6 17 3 9 |24 19 19 16 16 1 9 17 1 18 10 15 2 4 9 1 |9 10 2 2 1 23 5 16 1 1 17 2 8 12 1 16 |
10088: 163 64 26 31 17 12 8 16 1 15 10 7 12 7 21 20 |221 212 135 33 15 27 2 16 13 14 29 26 26 17 28 16 |67 92 178 92 97 33 16 23 24 3 17 18 14 12 6 11 |33 30 49 124 229 145 36 12 16 22 10 7 24 15 3 9 |35 83 66 71 222 244 117 10 1 21 12 16 28 8 30 22 |18 48 155 217 142 158 51 22 8 5 11 1 25 4 9 13 |20 49 71 228 231 128 27 20 11 15 16 10 6 4 1 11 |44 141 172 155 209 152 20 8 1 1 14 13 5 7 9 25 |166 123 224 223 63 35 28 21 8 26 32 18 29 4 25 19 |145 36 79 64 26 17 7 7 1 22 1 13 5 16 1 3 |22 11 20 17 26 21 1 7 1 16 12 8 3 2 9 2 |7 14 4 15 4 12 22 11 1 3 16 1 11 6 1 18 |
10099: 149 62 22 18 13 14 8 18 10 13 2 16 12 4 13 9 |230 194 155 29 16 22 19 6 11 10 20 28 27 17 32 6 |67 92 178 92 97 33 16 23 24 3 17 18 14 12 6 11 |33 30 49 124 229 145 36 12 16 22 10 7 24 15 3 9 |35 83 66 71 222 244 117 10 1 21 12 16 28 8 30 22 |18 48 155 217 142 158 51 22 8 5 11 1 25 4 9 13 |20 49 71 228 231 128 27 20 11 15 16 10 6 4 1 11 |44 141 172 155 209 152 20 8 1 1 14 13 5 7 9 25 |166 123 224 223 63 35 28 21 8 26 32 18 29 4 25 19 |145 36 79 64 26 17 7 7 1 22 1 13 5 16 1 3 |22 11 20 17 26 21 1 7 1 16 12 8 3 2 9 2 |7 14 4 15 4 12 22 11 1 3 16 1 11 6 1 18 |
10110: 149 62 22 18 13 14 8 18 10 13 2 16 12 4 13 9 |230 194 155 29 16 22 19 6 11 10 20 28 27 17 32 6 |61 89 194 111 87 33 29 22 18 9 24 22 13 1 2 9 |33 32 55 131 226 142 42 15 19 22 14 8 21 24 2 16 |29 79 65 79 224 235 106 21 8 1 1 16 17 11 17 14 |19 51 148 232 139 154 50 11 2 10 29 9 16 2 8 1 |29 36 69 236 228 115 12 15 10 14 14 8 1 13 7 19 |45 135 177 150 208 155 31 28 1 1 15 13 4 16 12 22 |162 128 223 214 57 35 26 19 26 23 19 21 25 1 10 16 |143 56 72 56 13 11 1 21 14 3 1 13 4 16 2 14 |23 17 21 14 19 9 1 2 1 3 10 15 1 4 10 1 |7 14 4 15 4 12 22 11 1 3 16 1 11 6 1 18 |
10121: 149 62 22 18 13 14 8 18 10 13 2 16 12 4 13 9 |230 194 155 29 16 22 19 6 11 10 20 28 27 17 32 6 |61 89 194 111 87 33 29 22 18 9 24 22 13 1 2 9 |33 32 55 131 226 142 42 15 19 22 14 8 21 24 2 16 |29 79 65 79 224 235 106 21 8 1 1 16 17 11 17 14 |19 51 148 232 139 154 50 11 2 10 29 9 16 2 8 1 |29 36 69 236 228 115 12 15 10 14 14 8 1 13 7 19 |45 135 177 150 208 155 31 28 1 1 15 13 4 16 12 22 |162 128 223 214 57 35 26 19 26 23 19 21 25 1 10 16 |143 56 72 56 13 11 1 21 14 3 1 13 4 16 2 14 |23 17 21 14 19 9 1 2 1 3 10 15 1 4 10 1 |6 1 1 3 19 26 18 5 1 1 3 1 9 8 2 15 |
10132: 156 72 30 21 14 20 16 16 10 13 9 22 10 8 22 17 |228 196 152 28 26 20 5 1 1 1 19 30 19 9 19 17 |61 89 194 111 87 33 29 22 18 9 24 22 13 1 2 9 |33 32 55 131 226 142 42 15 19 22 14 8 21 24 2 16 |29 79 65 79 224 235 106 21 8 1 1 16 17 11 17 14 |19 51 148 232 139 154 50 11 2 10 29 9 16 2 8 1 |29 36 69 236 228 115 12 15 10 14 14 8 1 13 7 19 |45 135 177 150 208 155 31 28 1 1 15 13 4 16 12 22 |162 128 223 214 57 35 26 19 26 23 19 21 25 1 10 16 |143 56 72 56 13 11 1 21 14 3 1 13 4 16 2 14 |23 17 21 14 19 9 1 2 1 3 10 15 1 4 10 1 |6 1 1 3 19 26 18 5 1 1 3 1 9 8 2 15 |
10143: 156 72 30 21 14 20 16 16 10 13 9 22 10 8 22 17 |228 196 152 28 26 20 5 1 1 1 19 30 19 9 19 17 |68 99 186 108 82 22 18 23 10 9 20 15 1 1 1 12 |29 31 56 118 230 153 42 13 23 23 7 15 9 16 10 26 |36 74 75 69 214 247 109 10 8 7 10 6 21 10 17 15 |13 47 152 224 156 148 52 20 1 4 16 2 16 7 16 5 |30 44 66 226 233 124 18 19 2 1 20 24 1 14 1 20 |37 144 168 159 205 154 21 17 1 1 18 6 1 9 14 24 |166 132 220 222 61 31 21 28 12 15 35 18 8 9 19 27 |156 48 71 69 17 23 1 13 6 10 1 5 7 11 2 7 |23 17 21 14 19 9 1 2 1 3 10 15 1 4 10 1 |6 1 1 3 19 26 18 5 1 1 3 1 9 8 2 15 |
10154: 156 72 30 21 14 20 16 16 10 13 9 22 10 8 22 17 |228 196 152 28 26 20 5 1 1 1 19 30 19 9 19 17 |68 99 186 108 82 22 18 23 10 9 20 15 1 1 1 12 |29 31 56 118 230 153 42 13 23 23 7 15 9 16 10 26 |36 74 75 69 214 247 109 10 8 7 10 6 21 10 17 15 |13 47 152 224 156 148 52 20 1 4 16 2 16 7 16 5 |30 44 66 226 233 124 18 19 2 1 20 24 1 14 1 20 |37 144 168 159 205 154 21 17 1 1 18 6 1 9 14 24 |166 132 220 222 61 31 21 28 12 15 35 18 8 9 19 27 |156 48 71 69 17 23 1 13 6 10 1 5 7 11 2 7 |22 10 9 11 21 11 1 6 1 4 10 9 3 5 4 1 |1 1 3 11 18 27 20 15 1 6 7 1 1 4 1 17 |
10165: 151 60 29 13 18 12 3 22 8 14 10 24 5 10 14 23 |228 196 152 28 26 20 5 1 1 1 19 30 19 9 19 17 |68 99 186 108 82 22 18 23 10 9 20 15 1 1 1 12 |29 31 56 118 230 153 42 13 23 23 7 15 9 16 10 26 |36 74 75 69 214 247 109 10 8 7 10 6 21 10 17 15 |13 47 152 224 156 148 52 20 1 4 16 2 16 7 16 5 |30 44 66 226 233 124 18 19 2 1 20 24 1 14 1 20 |37 144 168 159 205 154 21 17 1 1 18 6 1 9 14 24 |166 132 220 222 61 31 21 28 12 15 35 18 8 9 19 27 |156 48 71 69 17 23 1 13 6 10 1 5 7 11 2 7 |22 10 9 11 21 11 1 6 1 4 10 9 3 5 4 1 |1 1 3 11 18 27 20 15 1 6 7 1 1 4 1 17 |
10176: 151 60 29 13 18 12 3 22 8 14 10 24 5 10 14 23 |224 210 142 20 31 27 23 8 1 1 18 28 20 11 36 7 |67 105 202 111 96 43 32 21 23 14 11 23 12 10 13 5 |30 36 63 134 230 154 38 17 26 21 1 17 21 23 8 29 |38 81 61 62 221 245 110 13 12 14 14 16 24 7 16 28 |26 53 154 232 142 152 40 26 7 9 25 5 26 8 11 4 |24 42 83 238 221 125 14 12 1 19 9 10 10 1 13 14 |45 133 173 155 194 148 31 24 2 9 31 8 10 23 19 19 |152 120 216 204 58 49 17 22 14 23 23 19 26 17 23 18 |157 41 76 66 33 17 1 21 10 21 1 4 7 11 1 14 |22 10 9 11 21 11 1 6 1 4 10 9 3 5 4 1 |1 1 3 11 18 27 20 15 1 6 7 1 1 4 1 17 |
10187: 151 60 29 13 18 12 3 22 8 14 10 24 5 10 14 23 |224 210 142 20 31 27 23 8 1 1 18 28 20 11 36 7 |67 105 202 111 96 43 32 21 23 14 11 23 12 10 13 5 |30 36 63 134 230 154 38 17 26 21 1 17 21 23 8 29 |38 81 61 62 221 245 110 13 12 14 14 16 24 7 16 28 |26 53 154 232 142 152 40 26 7 9 25 5 26 8 11 4 |24 42 83 238 221 125 14 12 1 19 9 10 10 1 13 14 |45 133 173 155 194 148 31 24 2 9 31 8 10 23 19 19 |152 120 216 204 58 49 17 22 14 23 23 19 26 17 23 18 |157 41 76 66 33 17 1 21 10 21 1 4 7 11 1 14 |21 19 16 10 21 15 5 12 1 16 9 16 4 1 9 1 |1 13 7 2 8 25 11 9 1 1 5 1 9 12 1 18 |
10198: 157 71 35 28 18 11 4 17 1 13 14 6 15 9 18 21 |224 210 142 20 31 27 23 8 1 1 18 28 20 11 36 7 |67 105 202 111 96 43 32 21 23 14 11 23 12 10 13 5 |30 36 63 134 230 154 38 17 26 21 1 17 21 23 8 29 |38 81 61 62 221 245 110 13 12 14 14 16 24 7 16 28 |26 53 154 232 142 152 40 26 7 9 25 5 26 8 11 4 |24 42 83 238 221 125 14 12 1 19 9 10 10 1 13 14 |45 133 173 155 194 148 31 24 2 9 31 8 10 23 19 19 |152 120 216 204 58 49 17 22 14 23 23 19 26 17 23 18 |157 41 76 66 33 17 1 21 10 21 1 4 7 11 1 14 |21 19 16 10 21 15 5 12 1 16 9 16 4 1 9 1 |1 13 7 2 8 25 11 9 1 1 5 1 9 12 1 18 |
10209: 157 71 35 28 18 11 4 17 1 13 14 6 15 9 18 21 |225 204 153 29 22 14 5 1 1 7 24 28 11 13 41 26 |69 110 209 129 82 23 22 21 25 11 24 20 1 6 16 8 |34 34 61 131 225 146 40 10 26 21 10 17 27 25 9 24 |26 85 62 65 227 239 109 17 12 7 19 3 23 8 32 28 |25 48 144 237 156 152 51 29 13 10 31 17 10 9 15 3 |31 36 73 225 215 128 20 30 10 7 25 24 4 16 9 9 |40 142 169 157 194 149 28 25 1 2 39 4 9 29 13 24 |161 133 225 222 52 44 25 26 22 14 21 23 9 17 15 17 |157 41 76 66 33 17 1 21 10 21 1 4 7 11 1 14 |21 19 16 10 21 15 5 12 1 16 9 16 4 1 9 1 |1 13 7 2 8 25 11 9 1 1 5 1 9 12 1 18 |
10220: 157 71 35 28 18 11 4 17 1 13 14 6 15 9 18 21 |225 204 153 29 22 14 5 1 1 7 24 28 11 13 41 26 |69 110 209 129 82 23 22 21 25 11 24 20 1 6 16 8 |34 34 61 131 225 146 40 10 26 21 10 17 27 25 9 24 |26 85 62 65 227 239 109 17 12 7 19 3 23 8 32 28 |25 48 144 237 156 152 51 29 13 10 31 17 10 9 15 3 |31 36 73 225 215 128 20 30 10 7 25 24 4 16 9 9 |40 142 169 157 194 149 28 25 1 2 39 4 9 29 13 24 |161 133 225 222 52 44 25 26 22 14 21 23 9 17 15 17 |154 38 81 61 12 14 8 14 16 15 1 12 8 17 1 1 |22 12 10 11 16 10 1 7 2 16 5 16 1 4 8 1 |6 1 1 8 6 14 10 13 1 1 10 1 12 17 1 19 |
10231: 155 60 34 19 17 24 12 27 1 14 16 22 7 1 13 10 |225 204 153 29 22 14 5 1 1 7 24 28 11 13 41 26 |69 110 209 129 82 23 22 21 25 11 24 20 1 6 16 8 |34 34 61 131 225 146 40 10 26 21 10 17 27 25 9 24 |26 85 62 65 227 239 109 17 12 7 19 3 23 8 32 28 |25 48 144 237 156 152 51 29 13 10 31 17 10 9 15 3 |31 36 73 225 215 128 20 30 10 7 25 24 4 16 9 9 |40 142 169 157 194 149 28 25 1 2 39 4 9 29 13 24 |161 133 225 222 52 44 25 26 22 14 21 23 9 17 15 17 |154 38 81 61 12 14 8 14 16 15 1 12 8 17 1 1 |22 12 10 11 16 10 1 7 2 16 5 16 1 4 8 1 |6 1 1 8 6 14 10 13 1 1 10 1 12 17 1 19 |
10242: 155 60 34 19 17 24 12 27 1 14 16 22 7 1 13 10 |219 220 147 24 19 23 6 10 11 9 28 27 14 19 31 20 |73 112 205 129 92 20 22 24 10 1 19 18 4 7 12 15 |49 43 58 138 234 153 39 19 15 32 14 16 29 20 1 29 |35 89 62 84 219 234 128 14 6 7 13 8 21 17 23 29 |21 54 167 230 147 155 50 20 1 1 31 17 13 3 7 1 |29 36 85 236 223 127 16 11 1 18 16 23 4 2 1 17 |47 136 171 149 209 146 16 22 9 9 30 1 9 9 8 23 |158 127 215 214 51 34 10 13 12 27 26 23 24 12 24 18 |154 38 81 61 12 14 8 14 16 15 1 12 8 17 1 1 |22 12 10 11 16 10 1 7 2 16 5 16 1 4 8 1 |6 1 1 8 6 14 10 13 1 1 10 1 12 17 1 19 |
10253: 155 60 34 19 17 24 12 27 1 14 16 22 7 1 13 10 |219 220 147 24 19 23 6 10 11 9 28 27 14 19 31 20 |73 112 205 129 92 20 22 24 10 1 19 18 4 7 12 15 |49 43 58 138 234 153 39 19 15 32 14 16 29 20 1 29 |35 89 62 84 219 234 128 14 6 7 13 8 21 17 23 29 |21 54 167 230 147 155 50 20 1 1 31 17 13 3 7 1 |29 36 85 236 223 127 16 11 1 18 16 23 4 2 1 17 |47 136 171 149 209 146 16 22 9 9 30 1 9 9 8 23 |158 127 215 214 51 34 10 13 12 27 26 23 24 12 24 18 |155 55 73 69 23 11 9 22 15 14 1 14 1 10 2 14 |13 12 21 12 17 14 5 9 1 10 1 3 5 1 7 1 |9 11 1 3 3 16 10 11 1 1 19 1 10 7 1 12 |
10263: 155 60 34 19 17 24 12 27 1 14 16 22 7 1 13 10 |219 220 147 24 19 23 6 10 11 9 28 27 14 19 31 20 |73 112 205 129 92 20 22 24 10 1 19 18 4 7 12 15 |49 43 58 138 234 153 39 19 15 32 14 16 29 20 1 29 |35 89 62 84 219 234 128 14 6 7 13 8 21 17 23 29 |21 54 167 230 147 155 50 20 1 1 31 17 13 3 7 1 |29 36 85 236 223 127 16 11 1 18 16 23 4 2 1 17 |47 136 171 149 209 146 16 22 9 9 30 1 9 9 8 23 |158 127 215 214 51 34 10 13 12 27 26 23 24 12 24 18 |155 55 73 69 23 11 9 22 15 14 1 14 1 10 2 14 |13 12 21 12 17 14 5 9 1 10 1 3 5 1 7 1 |9 11 1 3 3 16 10 11 1 1 19 1 10 7 1 12 |
10274: 145 70 23 19 17 26 18 22 3 9 9 10 1 12 25 14 |218 218 149 22 32 32 3 17 8 7 22 30 16 21 26 11 |71 119 204 129 94 52 28 26 23 7 26 29 3 1 10 17 |49 44 61 134 230 151 42 11 23 16 1 14 32 26 10 29 |38 92 76 70 224 238 108 14 21 10 21 16 27 15 23 18 |16 60 168 229 146 148 47 11 1 1 28 1 23 11 16 12 |22 30 73 229 227 117 14 25 1 17 21 11 1 8 1 15 |40 135 170 152 199 137 20 8 1 4 22 1 15 20 4 28 |158 127 215 214 51 34 10 13 12 27 26 23 24 12 24 18 |155 55 73 69 23 11 9 22 15 14 1 14 1 10 2 14 |13 12 21 12 17 14 5 9 1 10 1 3 5 1 7 1 |9 11 1 3 3 16 10 11 1 1 19 1 10 7 1 12 |
10285: 145 70 23 19 17 26 18 22 3 9 9 10 1 12 25 14 |218 218 149 22 32 32 3 17 8 7 22 30 16 21 26 11 |71 119 204 129 94 52 28 26 23 7 26 29 3 1 10 17 |49 44 61 134 230 151 42 11 23 16 1 14 32 26 10 29 |38 92 76 70 224 238 108 14 21 10 21 16 27 15 23 18 |16 60 168 229 146 148 47 11 1 1 28 1 23 11 16 12 |22 30 73 229 227 117 14 25 1 17 21 11 1 8 1 15 |40 135 170 152 199 137 20 8 1 4 22 1 15 20 4 28 |163 128 219 207 65 40 27 19 18 23 19 25 25 8 12 16 |156 46 75 62 18 9 1 9 17 21 8 13 1 9 1 14 |26 12 21 16 15 1 14 7 1 19 12 9 1 1 1 1 |6 16 5 3 19 25 10 3 1 4 10 1 2 12 1 17 |
10296: 145 70 23 19 17 26 18 22 3 9 9 10 1 12 25 14 |218 218 149 22 32 32 3 17 8 7 22 30 16 21 26 11 |71 119 204 129 94 52 28 26 23 7 26 29 3 1 10 17 |49 44 61 134 230 151 42 11 23 16 1 14 32 26 10 29 |38 92 76 70 224 238 108 14 21 10 21 16 27 15 23 18 |16 60 168 229 146 148 47 11 1 1 28 1 23 11 16 12 |22 30 73 229 227 117 14 25 1 17 21 11 1 8 1 15 |40 135 170 152 199 137 20 8 1 4 22 1 15 20 4 28 |163 128 219 207 65 40 27 19 18 23 19 25 25 8 12 16 |156 46 75 62 18 9 1 9 17 21 8 13 1 9 1 14 |26 12 21 16 15 1 14 7 1 19 12 9 1 1 1 1 |6 16 5 3 19 25 10 3 1 4 10 1 2 12 1 17 |
10307: 155 65 35 29 21 28 11 8 4 5 3 16 1 1 5 8 |235 212 148 35 23 22 17 10 9 11 28 26 22 1 31 16 |79 119 205 125 83 32 32 26 17 8 9 21 12 10 1 7 |40 42 58 124 219 147 37 8 26 20 6 12 31 22 1 16 |42 85 84 72 227 247 113 1 17 6 1 2 20 20 16 16 |14 61 166 227 142 158 36 22 13 13 29 10 26 8 12 1 |25 31 82 243 231 121 21 17 7 17 15 9 1 9 15 26 |36 132 170 159 191 129 22 23 2 3 31 10 1 21 15 13 |163 128 219 207 65 40 27 19 18 23 19 25 25 8 12 16 |156 46 75 62 18 9 1 9 17 21 8 13 1 9 1 14 |26 12 21 16 15 1 14 7 1 19 12 9 1 1 1 1 |6 16 5 3 19 25 10 3 1 4 10 1 2 12 1 17 |
10318: 155 65 35 29 21 28 11 8 4 5 3 16 1 1 5 8 |235 212 148 35 23 22 17 10 9 11 28 26 22 1 31 16 |79 119 205 125 83 32 32 26 17 8 9 21 12 10 1 7 |40 42 58 124 219 147 37 8 26 20 6 12 31 22 1 16 |42 85 84 72 227 247 113 1 17 6 1 2 20 20 16 16 |14 61 166 227 142 158 36 22 13 13 29 10 26 8 12 1 |25 31 82 243 231 121 21 17 7 17 15 9 1 9 15 26 |36 132 170 159 191 129 22 23 2 3 31 10 1 21 15 13 |174 135 224 223 60 42 27 11 16 18 26 13 15 1 13 5 |142 56 77 57 22 11 1 19 17 21 1 1 1 12 1 13 |24 24 19 16 12 1 6 10 1 16 10 9 1 2 6 1 |3 17 9 2 20 23 11 4 1 1 16 1 6 5 5 11 |
10329: 155 67 26 21 37 12 4 12 1 9 17 16 1 1 8 9 |235 212 148 35 23 22 17 10 9 11 28 26 22 1 31 16 |79 119 205 125 83 32 32 26 17 8 9 21 12 10 1 7 |40 42 58 124 219 147 37 8 26 20 6 12 31 22 1 16 |42 85 84 72 227 247 113 1 17 6 1 2 20 20 16 16 |14 61 166 227 142 158 36 22 13 13 29 10 26 8 12 1 |25 31 82 243 231 121 21 17 7 17 15 9 1 9 15 26 |36 132 170 159 191 129 22 23 2 3 31 10 1 21 15 13 |174 135 224 223 60 42 27 11 16 18 26 13 15 1 13 5 |142 56 77 57 22 11 1 19 17 21 1 1 1 12 1 13 |24 24 19 16 12 1 6 10 1 16 10 9 1 2 6 1 |3 17 9 2 20 23 11 4 1 1 16 1 6 5 5 11 |
10340: 155 67 26 21 37 12 4 12 1 9 17 16 1 1 8 9 |223 210 138 37 29 27 20 16 1 17 32 28 17 19 23 16 |78 129 213 126 81 36 36 23 21 9 9 22 3 3 10 14 |46 29 54 132 229 148 37 10 30 32 13 4 24 21 1 19 |45 104 72 84 222 249 118 25 30 18 12 20 21 7 12 11 |23 51 161 222 149 146 50 14 7 3 30 16 17 14 6 15 |26 37 87 242 215 113 14 13 1 5 6 12 9 2 1 18 |40 134 174 149 201 136 25 20 1 1 17 1 1 5 17 23 |153 133 219 214 47 37 17 18 18 24 24 8 10 1 10 18 |142 56 77 57 22 11 1 19 17 21 1 1 1 12 1 13 |24 24 19 16 12 1 6 10 1 16 10 9 1 2 6 1 |3 17 9 2 20 23 11 4 1 1 16 1 6 5 5 11 |
10351: 155 67 26 21 37 12 4 12 1 9 17 16 1 1 8 9 |223 210 138 37 29 27 20 16 1 17 32 28 17 19 23 16 |78 129 213 126 81 36 36 23 21 9 9 22 3 3 10 14 |46 29 54 132 229 148 37 10 30 32 13 4 24 21 1 19 |45 104 72 84 222 249 118 25 30 18 12 20 21 7 12 11 |23 51 161 222 149 146 50 14 7 3 30 16 17 14 6 15 |26 37 87 242 215 113 14 13 1 5 6 12 9 2 1 18 |40 134 174 149 201 136 25 20 1 1 17 1 1 5 17 23 |153 133 219 214 47 37 17 18 18 24 24 8 10 1 10 18 |145 50 58 52 20 12 15 16 7 22 1 13 1 17 1 1 |21 5 8 16 9 16 1 3 9 19 11 12 1 2 8 2 |6 3 1 1 13 29 17 5 1 1 4 2 10 8 1 18 |
10362: 155 70 36 34 21 29 13 21 1 14 11 7 1 1 6 22 |223 210 138 37 29 27 20 16 1 17 32 28 17 19 23 16 |78 129 213 126 81 36 36 23 21 9 9 22 3 3 10 14 |46 29 54 132 229 148 37 10 30 32 13 4 24 21 1 19 |45 104 72 84 222 249 118 25 30 18 12 20 21 7 12 11 |23 51 161 222 149 146 50 14 7 3 30 16 17 14 6 15 |26 37 87 242 215 113 14 13 1 5 6 12 9 2 1 18 |40 134 174 149 201 136 25 20 1 1 17 1 1 5 17 23 |153 133 219 214 47 37 17 18 18 24 24 8 10 1 10 18 |145 50 58 52 20 12 15 16 7 22 1 13 1 17 1 1 |21 5 8 16 9 16 1 3 9 19 11 12 1 2 8 2 |6 3 1 1 13 29 17 5 1 1 4 2 10 8 1 18 |
10373: 155 70 36 34 21 29 13 21 1 14 11 7 1 1 6 22 |225 218 166 44 38 27 11 11 11 13 28 31 16 9 19 12 |68 126 221 140 100 31 25 24 17 14 11 22 12 14 1 17 |47 45 62 131 219 157 37 18 23 17 10 6 23 25 4 27 |32 92 72 68 225 247 115 12 18 13 21 18 27 18 28 18 |23 52 171 227 157 152 48 15 17 12 28 17 24 6 19 10 |25 36 78 229 222 123 26 10 3 19 15 7 1 15 9 14 |40 146 177 165 195 150 32 19 1 1 31 1 1 13 2 21 |153 134 217 203 44 30 16 6 15 26 19 11 8 1 1 13 |145 50 58 52 20 12 15 16 7 22 1 13 1 17 1 1 |21 5 8 16 9 16 1 3 9 19 11 12 1 2 8 2 |6 3 1 1 13 29 17 5 1 1 4 2 10 8 1 18 |
10384: 155 70 36 34 21 29 13 21 1 14 11 7 1 1 6 22 |225 218 166 44 38 27 11 11 11 13 28 31 16 9 19 12 |68 126 221 140 100 31 25 24 17 14 11 22 12 14 1 17 |47 45 62 131 219 157 37 18 23 17 10 6 23 25 4 27 |32 92 72 68 225 247 115 12 18 13 21 18 27 18 28 18 |23 52 171 227 157 152 48 15 17 12 28 17 24 6 19 10 |25 36 78 229 222 123 26 10 3 19 15 7 1 15 9 14 |40 146 177 165 195 150 32 19 1 1 31 1 1 13 2 21 |153 134 217 203 44 30 16 6 15 26 19 11 8 1 1 13 |147 44 73 64 36 22 7 14 17 10 5 12 6 17 1 11 |10 9 19 18 10 17 6 9 1 17 3 10 3 2 10 1 |16 17 7 11 4 23 18 18 1 1 8 1 1 17 2 9 |
10395: 145 65 15 34 20 18 6 11 1 1 4 1 18 6 23 20 |231 212 152 28 24 27 19 16 9 2 20 25 11 14 24 12 |68 126 221 140 100 31 25 24 17 14 11 22 12 14 1 17 |47 45 62 131 219 157 37 18 23 17 10 6 23 25 4 27 |32 92 72 68 225 247 115 12 18 13 21 18 27 18 28 18 |23 52 171 227 157 152 48 15 17 12 28 17 24 6 19 10 |25 36 78 229 222 123 26 10 3 19 15 7 1 15 9 14 |40 146 177 165 195 150 32 19 1 1 31 1 1 13 2 21 |153 134 217 203 44 30 16 6 15 26 19 11 8 1 1 13 |147 44 73 64 36 22 7 14 17 10 5 12 6 17 1 11 |10 9 19 18 10 17 6 9 1 17 3 10 3 2 10 1 |16 17 7 11 4 23 18 18 1 1 8 1 1 17 2 9 |
10406: 145 65 15 34 20 18 6 11 1 1 4 1 18 6 23 20 |231 212 152 28 24 27 19 16 9 2 20 25 11 14 24 12 |78 113 201 122 91 29 19 23 23 16 23 21 12 8 4 11 |44 34 52 131 240 157 34 15 30 24 13 10 19 12 1 29 |47 87 78 78 218 237 110 20 16 17 23 17 28 15 26 18 |22 61 167 225 154 149 49 24 16 14 26 7 5 2 9 10 |30 43 89 235 223 129 28 18 3 8 22 10 8 18 5 6 |43 134 168 159 197 141 19 12 1 11 26 1 1 14 16 25 |143 118 225 215 62 36 26 20 1 28 23 11 12 12 22 15 |154 56 73 75 23 18 2 15 8 17 1 1 16 8 1 1 |10 9 19 18 10 17 6 9 1 17 3 10 3 2 10 1 |16 17 7 11 4 23 18 18 1 1 8 1 1 17 2 9 |
10417: 145 65 15 34 20 18 6 11 1 1 4 1 18 6 23 20 |231 212 152 28 24 27 19 16 9 2 20 25 11 14 24 12 |78 113 201 122 91 29 19 23 23 16 23 21 12 8 4 11 |44 34 52 131 240 157 34 15 30 24 13 10 19 12 1 29 |47 87 78 78 218 237 110 20 16 17 23 17 28 15 26 18 |22 61 167 225 154 149 49 24 16 14 26 7 5 2 9 10 |30 43 89 235 223 129 28 18 3 8 22 10 8 18 5 6 |43 134 168 159 197 141 19 12 1 11 26 1 1 14 16 25 |143 118 225 215 62 36 26 20 1 28 23 11 12 12 22 15 |154 56 73 75 23 18 2 15 8 17 1 1 16 8 1 1 |24 12 18 17 16 1 8 9 1 19 10 8 1 1 9 1 |2 12 2 3 7 33 13 11 1 1 4 2 11 12 1 14 |
10428: 145 65 15 34 20 18 6 11 1 1 4 1 18 6 23 20 |231 212 152 28 24 27 19 16 9 2 20 25 11 14 24 12 |78 113 201 122 91 29 19 23 23 16 23 21 12 8 4 11 |44 34 52 131 240 157 34 15 30 24 13 10 19 12 1 29 |47 87 78 78 218 237 110 20 16 17 23 17 28 15 26 18 |22 61 167 225 154 149 49 24 16 14 26 7 5 2 9 10 |30 43 89 235 223 129 28 18 3 8 22 10 8 18 5 6 |43 134 168 159 197 141 19 12 1 11 26 1 1 14 16 25 |143 118 225 215 62 36 26 20 1 28 23 11 12 12 22 15 |154 56 73 75 23 18 2 15 8 17 1 1 16 8 1 1 |24 12 18 17 16 1 8 9 1 19 10 8 1 1 9 1 |2 12 2 3 7 33 13 11 1 1 4 2 11 12 1 14 |
10439: 149 57 18 20 12 9 12 23 8 3 16 19 15 4 8 22 |219 205 152 22 35 17 2 18 10 4 30 26 27 16 25 18 |80 133 206 122 96 20 30 23 21 7 12 21 11 7 8 17 |40 45 60 139 223 151 50 15 13 10 9 13 16 20 11 22 |42 92 78 77 232 245 130 20 1 1 3 5 21 11 25 15 |12 65 162 223 156 160 40 19 23 21 41 25 24 11 16 3 |23 43 78 245 220 115 19 11 1 4 7 21 2 2 1 1 |43 120 156 149 193 149 31 24 1 1 34 13 15 20 7 17 |143 118 225 215 62 36 26 20 1 28 23 11 12 12 22 15 |154 56 73 75 23 18 2 15 8 17 1 1 16 8 1 1 |24 12 18 17 16 1 8 9 1 19 10 8 1 1 9 1 |2 12 2 3 7 33 13 11 1 1 4 2 11 12 1 14 |
10450: 149 57 18 20 12 9 12 23 8 3 16 19 15 4 8 22 |219 205 152 22 35 17 2 18 10 4 30 26 27 16 25 18 |80 133 206 122 96 20 30 23 21 7 12 21 11 7 8 17 |40 45 60 139 223 151 50 15 13 10 9 13 16 20 11 22 |42 92 78 77 232 245 130 20 1 1 3 5 21 11 25 15 |12 65 162 223 156 160 40 19 23 21 41 25 24 11 16 3 |23 43 78 245 220 115 19 11 1 4 7 21 2 2 1 1 |43 120 156 149 193 149 31 24 1 1 34 13 15 20 7 17 |158 127 213 221 63 37 16 27 15 9 34 17 14 15 23 25 |154 54 64 57 4 24 1 18 5 12 1 1 1 4 1 10 |17 5 1 12 15 1 8 6 1 16 7 15 2 1 5 1 |8 3 9 13 9 15 1 18 1 1 18 1 9 13 3 11 |
10461: 135 48 27 24 14 34 12 17 1 11 11 5 4 11 10 20 |219 205 152 22 35 17 2 18 10 4 30 26 27 16 25 18 |80 133 206 122 96 20 30 23 21 7 12 21 11 7 8 17 |40 45 60 139 223 151 50 15 13 10 9 13 16 20 11 22 |42 92 78 77 232 245 130 20 1 1 3 5 21 11 25 15 |12 65 162 223 156 160 40 19 23 21 41 25 24 11 16 3 |23 43 78 245 220 115 19 11 1 4 7 21 2 2 1 1 |43 120 156 149 193 149 31 24 1 1 34 13 15 20 7 17 |158 127 213 221 63 37 16 27 15 9 34 17 14 15 23 25 |154 54 64 57 4 24 1 18 5 12 1 1 1 4 1 10 |17 5 1 12 15 1 8 6 1 16 7 15 2 1 5 1 |8 3 9 13 9 15 1 18 1 1 18 1 9 13 3 11 |
10472: 135 48 27 24 14 34 12 17 1 11 11 5 4 11 10 20 |212 191 131 37 32 18 14 6 1 13 26 16 23 8 13 3 |76 129 218 137 95 24 32 36 21 15 10 21 7 17 3 15 |26 36 64 147 222 167 43 15 25 23 4 11 28 23 11 24 |39 80 75 74 224 238 117 16 18 5 9 7 23 17 24 9 |22 61 159 222 149 147 33 18 14 10 30 10 27 6 10 1 |27 47 83 234 232 129 18 13 5 18 14 12 13 11 1 11 |43 119 163 159 194 137 34 21 7 5 28 5 11 9 6 16 |153 113 222 221 57 42 18 12 21 14 26 23 21 5 7 27 |154 54 64 57 4 24 1 18 5 12 1 1 1 4 1 10 |17 5 1 12 15 1 8 6 1 16 7 15 2 1 5 1 |8 3 9 13 9 15 1 18 1 1 18 1 9 13 3 11 |
10483: 135 48 27 24 14 34 12 17 1 11 11 5 4 11 10 20 |212 191 131 37 32 18 14 6 1 13 26 16 23 8 13 3 |76 129 218 137 95 24 32 36 21 15 10 21 7 17 3 15 |26 36 64 147 222 167 43 15 25 23 4 11 28 23 11 24 |39 80 75 74 224 238 117 16 18 5 9 7 23 17 24 9 |22 61 159 222 149 147 33 18 14 10 30 10 27 6 10 1 |27 47 83 234 232 129 18 13 5 18 14 12 13 11 1 11 |43 119 163 159 194 137 34 21 7 5 28 5 11 9 6 16 |153 113 222 221 57 42 18 12 21 14 26 23 21 5 7 27 |146 52 75 52 17 13 1 22 1 20 1 1 7 15 1 12 |20 19 11 12 17 1 1 6 1 18 7 17 4 1 8 1 |1 3 8 8 5 20 18 11 1 1 18 1 2 1 1 16 |
10494: 135 48 27 24 14 34 12 17 1 11 11 5 4 11 10 20 |212 191 131 37 32 18 14 6 1 13 26 16 23 8 13 3 |76 129 218 137 95 24 32 36 21 15 10 21 7 17 3 15 |26 36 64 147 222 167 43 15 25 23 4 11 28 23 11 24 |39 80 75 74 224 238 117 16 18 5 9 7 23 17 24 9 |22 61 159 222 149 147 33 18 14 10 30 10 27 6 10 1 |27 47 83 234 232 129 18 13 5 18 14 12 13 11 1 11 |43 119 163 159 194 137 34 21 7 5 28 5 11 9 6 16 |153 113 222 221 57 42 18 12 21 14 26 23 21 5 7 27 |146 52 75 52 17 13 1 22 1 20 1 1 7 15 1 12 |20 19 11 12 17 1 1 6 1 18 7 17 4 1 8 1 |1 3 8 8 5 20 18 11 1 1 18 1 2 1 1 16 |
10505: 137 62 28 31 12 13 6 16 1 1 1 9 10 5 25 19 |224 202 134 35 27 19 11 16 10 14 30 27 11 16 36 2 |80 137 218 138 98 33 31 20 15 7 24 22 4 11 13 16 |37 36 60 144 219 171 36 15 23 25 16 1 27 23 11 27 |30 73 64 67 226 247 124 3 19 10 6 11 1 1 4 29 |21 50 163 225 155 148 45 32 9 8 23 10 22 9 16 13 |23 35 74 246 233 118 25 12 5 20 10 19 1 16 3 19 |37 97 151 154 183 154 27 20 3 1 30 3 5 11 7 18 |138 111 224 216 61 38 11 3 26 21 21 26 5 1 23 11 |146 52 75 52 17 13 1 22 1 20 1 1 7 15 1 12 |20 19 11 12 17 1 1 6 1 18 7 17 4 1 8 1 |1 3 8 8 5 20 18 11 1 1 18 1 2 1 1 16 |
10516: 137 62 28 31 12 13 6 16 1 1 1 9 10 5 25 19 |224 202 134 35 27 19 11 16 10 14 30 27 11 16 36 2 |80 137 218 138 98 33 31 20 15 7 24 22 4 11 13 16 |37 36 60 144 219 171 36 15 23 25 16 1 27 23 11 27 |30 73 64 67 226 247 124 3 19 10 6 11 1 1 4 29 |21 50 163 225 155 148 45 32 9 8 23 10 22 9 16 13 |23 35 74 246 233 118 25 12 5 20 10 19 1 16 3 19 |37 97 151 154 183 154 27 20 3 1 30 3 5 11 7 18 |138 111 224 216 61 38 11 3 26 21 21 26 5 1 23 11 |150 58 82 59 21 10 1 10 17 11 1 14 6 9 1 17 |23 15 19 18 10 1 1 5 1 11 14 14 4 1 3 1 |7 18 1 3 5 25 19 18 1 1 19 1 1 16 1 15 |
10527: 137 62 28 31 12 13 6 16 1 1 1 9 10 5 25 19 |224 202 134 35 27 19 11 16 10 14 30 27 11 16 36 2 |80 137 218 138 98 33 31 20 15 7 24 22 4 11 13 16 |37 36 60 144 219 171 36 15 23 25 16 1 27 23 11 27 |30 73 64 67 226 247 124 3 19 10 6 11 1 1 4 29 |21 50 163 225 155 148 45 32 9 8 23 10 22 9 16 13 |23 35 74 246 233 118 25 12 5 20 10 19 1 16 3 19 |37 97 151 154 183 154 27 20 3 1 30 3 5 11 7 18 |138 111 224 216 61 38 11 3 26 21 21 26 5 1 23 11 |150 58 82 59 21 10 1 10 17 11 1 14 6 9 1 17 |23 15 19 18 10 1 1 5 1 11 14 14 4 1 3 1 |7 18 1 3 5 25 19 18 1 1 19 1 1 16 1 15 |
10538: 128 43 14 22 17 17 8 13 1 4 2 1 9 9 17 22 |229 203 137 29 34 29 19 4 12 9 30 30 16 10 24 9 |73 137 212 149 104 33 29 25 22 12 27 22 6 11 6 19 |31 35 68 146 229 167 51 26 26 19 1 7 16 26 12 23 |43 90 58 77 234 245 128 18 11 3 21 9 20 17 32 16 |20 54 155 230 141 153 40 5 1 1 24 10 20 1 18 13 |20 41 73 243 221 126 11 8 9 6 15 8 1 7 5 18 |42 112 162 145 187 132 19 10 1 2 20 1 1 20 12 26 |138 111 224 216 61 38 11 3 26 21 21 26 5 1 23 11 |150 58 82 59 21 10 1 10 17 11 1 14 6 9 1 17 |23 15 19 18 10 1 1 5 1 11 14 14 4 1 3 1 |7 18 1 3 5 25 19 18 1 1 19 1 1 16 1 15 |
10549: 128 43 14 22 17 17 8 13 1 4 2 1 9 9 17 22 |229 203 137 29 34 29 19 4 12 9 30 30 16 10 24 9 |73 137 212 149 104 33 29 25 22 12 27 22 6 11 6 19 |31 35 68 146 229 167 51 26 26 19 1 7 16 26 12 23 |43 90 58 77 234 245 128 18 11 3 21 9 20 17 32 16 |20 54 155 230 141 153 40 5 1 1 24 10 20 1 18 13 |20 41 73 243 221 126 11 8 9 6 15 8 1 7 5 18 |42 112 162 145 187 132 19 10 1 2 20 1 1 20 12 26 |138 113 221 221 55 34 1 18 24 26 27 17 27 9 34 18 |155 55 78 62 27 11 1 23 15 20 1 15 6 15 1 13 |20 1 18 15 11 5 1 3 1 12 12 15 3 3 3 2 |1 2 1 1 1 20 24 12 1 1 9 1 11 7 4 17 |
10560: 128 43 14 22 17 17 8 13 1 4 2 1 9 9 17 22 |229 203 137 29 34 29 19 4 12 9 30 30 16 10 24 9 |73 137 212 149 104 33 29 25 22 12 27 22 6 11 6 19 |31 35 68 146 229 167 51 26 26 19 1 7 16 26 12 23 |43 90 58 77 234 245 128 18 11 3 21 9 20 17 32 16 |20 54 155 230 141 153 40 5 1 1 24 10 20 1 18 13 |20 41 73 243 221 126 11 8 9 6 15 8 1 7 5 18 |42 112 162 145 187 132 19 10 1 2 20 1 1 20 12 26 |138 113 221 221 55 34 1 18 24 26 27 17 27 9 34 18 |155 55 78 62 27 11 1 23 15 20 1 15 6 15 1 13 |20 1 18 15 11 5 1 3 1 12 12 15 3 3 3 2 |1 2 1 1 1 20 24 12 1 1 9 1 11 7 4 17 |
10571: 118 57 18 16 25 20 17 19 1 12 2 9 2 1 10 19 |233 207 134 21 24 20 20 19 4 1 29 34 14 14 28 10 |78 126 221 147 96 23 33 17 21 16 25 15 11 3 10 6 |39 42 66 131 235 173 52 18 32 19 6 5 10 13 11 27 |31 79 63 84 221 251 125 17 9 20 18 20 27 10 28 13 |15 49 158 228 153 133 37 19 14 6 17 10 26 6 17 9 |17 44 78 240 216 125 18 17 2 3 9 18 1 15 4 21 |27 92 151 146 197 144 31 16 1 12 27 1 1 20 18 9 |138 113 221 221 55 34 1 18 24 26 27 17 27 9 34 18 |155 55 78 62 27 11 1 23 15 20 1 15 6 15 1 13 |20 1 18 15 11 5 1 3 1 12 12 15 3 3 3 2 |1 2 1 1 1 20 24 12 1 1 9 1 11 7 4 17 |
10582: 118 57 18 16 25 20 17 19 1 12 2 9 2 1 10 19 |233 207 134 21 24 20 20 19 4 1 29 34 14 14 28 10 |78 126 221 147 96 23 33 17 21 16 25 15 11 3 10 6 |39 42 66 131 235 173 52 18 32 19 6 5 10 13 11 27 |31 79 63 84 221 251 125 17 9 20 18 20 27 10 28 13 |15 49 158 228 153 133 37 19 14 6 17 10 26 6 17 9 |17 44 78 240 216 125 18 17 2 3 9 18 1 15 4 21 |27 92 151 146 197 144 31 16 1 12 27 1 1 20 18 9 |138 116 222 211 59 38 20 4 5 14 13 17 26 18 19 19 |146 55 61 76 20 25 15 21 11 7 1 1 1 10 1 14 |24 11 21 20 13 16 1 20 7 16 8 17 1 2 9 2 |9 9 1 7 1 31 18 12 1 5 10 1 13 6 1 18 |
10593: 118 57 18 16 25 20 17 19 1 12 2 9 2 1 10 19 |233 207 134 21 24 20 20 19 4 1 29 34 14 14 28 10 |78 126 221 147 96 23 33 17 21 16 25 15 11 3 10 6 |39 42 66 131 235 173 52 18 32 19 6 5 10 13 11 27 |31 79 63 84 221 251 125 17 9 20 18 20 27 10 28 13 |15 49 158 228 153 133 37 19 14 6 17 10 26 6 17 9 |17 44 78 240 216 125 18 17 2 3 9 18 1 15 4 21 |27 92 151 146 197 144 31 16 1 12 27 1 1 20 18 9 |138 116 222 211 59 38 20 4 5 14 13 17 26 18 19 19 |146 55 61 76 20 25 15 21 11 7 1 1 1 10 1 14 |24 11 21 20 13 16 1 20 7 16 8 17 1 2 9 2 |9 9 1 7 1 31 18 12 1 5 10 1 13 6 1 18 |
10604: 121 48 15 29 31 13 6 17 1 1 1 14 7 10 15 21 |228 211 136 37 27 30 16 17 7 3 18 30 27 11 24 3 |79 139 220 146 93 36 24 18 26 5 8 23 11 13 18 10 |31 37 62 140 227 167 39 7 17 1 1 15 17 24 7 21 |26 70 72 84 229 254 128 19 15 18 14 9 29 20 32 30 |23 63 154 229 156 121 40 17 11 1 5 1 23 6 2 5 |16 45 74 246 223 127 28 14 9 12 19 13 3 9 8 5 |40 99 153 149 195 135 24 13 7 11 20 8 3 16 20 5 |135 115 221 217 43 35 20 15 6 10 26 15 26 4 24 12 |146 55 61 76 20 25 15 21 11 7 1 1 1 10 1 14 |24 11 21 20 13 16 1 20 7 16 8 17 1 2 9 2 |9 9 1 7 1 31 18 12 1 5 10 1 13 6 1 18 |
10615: 121 48 15 29 31 13 6 17 1 1 1 14 7 10 15 21 |228 211 136 37 27 30 16 17 7 3 18 30 27 11 24 3 |79 139 220 146 93 36 24 18 26 5 8 23 11 13 18 10 |31 37 62 140 227 167 39 7 17 1 1 15 17 24 7 21 |26 70 72 84 229 254 128 19 15 18 14 9 29 20 32 30 |23 63 154 229 156 121 40 17 11 1 5 1 23 6 2 5 |16 45 74 246 223 127 28 14 9 12 19 13 3 9 8 5 |40 99 153 149 195 135 24 13 7 11 20 8 3 16 20 5 |135 115 221 217 43 35 20 15 6 10 26 15 26 4 24 12 |155 55 66 60 19 26 10 22 11 23 3 1 1 8 2 8 |17 18 18 16 9 11 5 18 6 19 5 17 4 2 3 1 |1 2 1 6 13 24 3 18 1 3 10 3 11 7 1 19 |
10626: 121 48 15 29 31 13 6 17 1 1 1 14 7 10 15 21 |228 211 136 37 27 30 16 17 7 3 18 30 27 11 24 3 |79 139 220 146 93 36 24 18 26 5 8 23 11 13 18 10 |31 37 62 140 227 167 39 7 17 1 1 15 17 24 7 21 |26 70 72 84 229 254 128 19 15 18 14 9 29 20 32 30 |23 63 154 229 156 121 40 17 11 1 5 1 23 6 2 5 |16 45 74 246 223 127 28 14 9 12 19 13 3 9 8 5 |40 99 153 149 195 135 24 13 7 11 20 8 3 16 20 5 |135 115 221 217 43 35 20 15 6 10 26 15 26 4 24 12 |155 55 66 60 19 26 10 22 11 23 3 1 1 8 2 8 |17 18 18 16 9 11 5 18 6 19 5 17 4 2 3 1 |1 2 1 6 13 24 3 18 1 3 10 3 11 7 1 19 |
10636: 110 56 24 24 28 12 17 25 1 1 1 9 4 10 15 21 |230 210 137 31 26 18 7 8 12 6 22 19 15 1 18 16 |79 142 220 154 103 27 34 26 19 8 8 22 4 1 5 16 |40 34 68 138 228 167 47 13 20 25 7 7 28 25 6 20 |35 91 62 87 225 256 126 15 19 18 22 13 18 2 32 23 |10 63 153 230 148 140 47 16 11 11 23 1 15 1 7 12 |17 44 77 247 232 126 17 12 1 4 19 9 4 12 3 17 |40 99 153 149 195 135 24 13 7 11 20 8 3 16 20 5 |135 115 221 217 43 35 20 15 6 10 26 15 26 4 24 12 |155 55 66 60 19 26 10 22 11 23 3 1 1 8 2 8 |17 18 18 16 9 11 5 18 6 19 5 17 4 2 3 1 |1 2 1 6 13 24 3 18 1 3 10 3 11 7 1 19 |
10647: 110 56 24 24 28 12 17 25 1 1 1 9 4 10 15 21 |230 210 137 31 26 18 7 8 12 6 22 19 15 1 18 16 |79 142 220 154 103 27 34 26 19 8 8 22 4 1 5 16 |40 34 68 138 228 167 47 13 20 25 7 7 28 25 6 20 |35 91 62 87 225 256 126 15 19 18 22 13 18 2 32 23 |10 63 153 230 148 140 47 16 11 11 23 1 15 1 7 12 |17 44 77 247 232 126 17 12 1 4 19 9 4 12 3 17 |43 90 145 146 195 154 26 20 1 20 34 4 9 21 12 25 |142 110 220 217 64 40 23 24 16 25 34 23 23 3 12 10 |143 58 70 72 32 24 9 15 3 19 1 14 1 15 1 7 |20 6 19 17 15 1 5 10 1 16 12 10 4 3 2 1 |10 16 1 2 1 30 12 5 1 1 17 1 9 11 1 13 |
10658: 110 56 24 24 28 12 17 25 1 1 1 9 4 10 15 21 |230 210 137 31 26 18 7 8 12 6 22 19 15 1 18 16 |79 142 220 154 103 27 34 26 19 8 8 22 4 1 5 16 |40 34 68 138 228 167 47 13 20 25 7 7 28 25 6 20 |35 91 62 87 225 256 126 15 19 18 22 13 18 2 32 23 |10 63 153 230 148 140 47 16 11 11 23 1 15 1 7 12 |17 44 77 247 232 126 17 12 1 4 19 9 4 12 3 17 |43 90 145 146 195 154 26 20 1 20 34 4 9 21 12 25 |142 110 220 217 64 40 23 24 16 25 34 23 23 3 12 10 |143 58 70 72 32 24 9 15 3 19 1 14 1 15 1 7 |20 6 19 17 15 1 5 10 1 16 12 10 4 3 2 1 |10 16 1 2 1 30 12 5 1 1 17 1 9 11 1 13 |
10669: 123 54 27 36 29 16 6 11 1 13 5 3 1 10 18 21 |222 214 141 30 32 25 1 1 1 1 17 38 19 18 26 12 |70 129 220 151 112 34 32 24 22 14 20 6 16 16 16 9 |25 26 69 155 238 173 32 7 19 17 8 15 29 26 9 26 |31 72 71 81 233 233 134 18 19 18 15 18 25 17 26 22 |22 55 155 213 141 134 34 24 14 12 17 19 24 7 20 12 |18 41 73 245 219 127 29 17 4 26 14 7 1 14 1 16 |43 90 145 146 195 154 26 20 1 20 34 4 9 21 12 25 |142 110 220 217 64 40 23 24 16 25 34 23 23 3 12 10 |143 58 70 72 32 24 9 15 3 19 1 14 1 15 1 7 |20 6 19 17 15 1 5 10 1 16 12 10 4 3 2 1 |10 16 1 2 1 30 12 5 1 1 17 1 9 11 1 13 |
10680: 123 54 27 36 29 16 6 11 1 13 5 3 1 10 18 21 |222 214 141 30 32 25 1 1 1 1 17 38 19 18 26 12 |70 129 220 151 112 34 32 24 22 14 20 6 16 16 16 9 |25 26 69 155 238 173 32 7 19 17 8 15 29 26 9 26 |31 72 71 81 233 233 134 18 19 18 15 18 25 17 26 22 |22 55 155 213 141 134 34 24 14 12 17 19 24 7 20 12 |18 41 73 245 219 127 29 17 4 26 14 7 1 14 1 16 |35 87 153 142 193 138 30 9 1 10 32 1 1 14 1 16 |141 115 223 222 46 34 25 20 17 9 15 11 13 8 9 20 |142 57 69 74 34 24 3 18 5 21 2 12 1 13 1 16 |24 12 6 11 12 7 3 10 1 9 12 16 1 5 10 1 |2 1 2 23 14 32 20 4 1 1 5 1 2 5 1 19 |
10691: 123 54 27 36 29 16 6 11 1 13 5 3 1 10 18 21 |222 214 141 30 32 25 1 1 1 1 17 38 19 18 26 12 |70 129 220 151 112 34 32 24 22 14 20 6 16 16 16 9 |25 26 69 155 238 173 32 7 19 17 8 15 29 26 9 26 |31 72 71 81 233 233 134 18 19 18 15 18 25 17 26 22 |22 55 155 213 141 134 34 24 14 12 17 19 24 7 20 12 |18 41 73 245 219 127 29 17 4 26 14 7 1 14 1 16 |35 87 153 142 193 138 30 9 1 10 32 1 1 14 1 16 |141 115 223 222 46 34 25 20 17 9 15 11 13 8 9 20 |142 57 69 74 34 24 3 18 5 21 2 12 1 13 1 16 |24 12 6 11 12 7 3 10 1 9 12 16 1 5 10 1 |2 1 2 23 14 32 20 4 1 1 5 1 2 5 1 19 |
10702: 122 49 16 32 20 23 15 19 4 6 1 9 13 5 16 22 |226 215 139 35 35 30 20 11 1 12 24 19 27 9 28 6 |80 128 216 151 90 26 23 21 23 8 25 23 11 9 9 20 |41 41 62 145 228 153 22 3 16 26 12 17 15 10 10 27 |41 75 66 76 224 237 116 17 16 13 15 7 20 12 31 19 |28 65 162 232 157 141 54 25 14 8 13 3 27 8 14 11 |18 41 73 245 219 127 29 17 4 26 14 7 1 14 1 16 |35 87 153 142 193 138 30 9 1 10 32 1 1 14 1 16 |141 115 223 222 46 34 25 20 17 9 15 11 13 8 9 20 |142 57 69 74 34 24 3 18 5 21 2 12 1 13 1 16 |24 12 6 11 12 7 3 10 1 9 12 16 1 5 10 1 |2 1 2 23 14 32 20 4 1 1 5 1 2 5 1 19 |
10713: 122 49 16 32 20 23 15 19 4 6 1 9 13 5 16 22 |226 215 139 35 35 30 20 11 1 12 24 19 27 9 28 6 |80 128 216 151 90 26 23 21 23 8 25 23 11 9 9 20 |41 41 62 145 228 153 22 3 16 26 12 17 15 10 10 27 |41 75 66 76 224 237 116 17 16 13 15 7 20 12 31 19 |28 65 162 232 157 141 54 25 14 8 13 3 27 8 14 11 |15 44 78 244 225 126 17 14 1 7 9 15 9 5 15 10 |42 109 158 146 183 149 27 19 1 1 25 1 3 18 23 28 |132 112 222 224 59 41 20 19 23 22 27 22 24 16 21 24 |159 47 77 75 24 22 15 20 12 13 2 1 7 10 1 2 |19 6 1 29 18 17 6 14 7 17 4 2 1 4 8 1 |8 11 5 11 8 15 19 8 1 1 18 1 12 5 1 21 |
10724: 122 49 16 32 20 23 15 19 4 6 1 9 13 5 16 22 |226 215 139 35 35 30 20 11 1 12 24 19 27 9 28 6 |80 128 216 151 90 26 23 21 23 8 25 23 11 9 9 20 |41 41 62 145 228 153 22 3 16 26 12 17 15 10 10 27 |41 75 66 76 224 237 116 17 16 13 15 7 20 12 31 19 |28 65 162 232 157 141 54 25 14 8 13 3 27 8 14 11 |15 44 78 244 225 126 17 14 1 7 9 15 9 5 15 10 |42 109 158 146 183 149 27 19 1 1 25 1 3 18 23 28 |132 112 222 224 59 41 20 19 23 22 27 22 24 16 21 24 |159 47 77 75 24 22 15 20 12 13 2 1 7 10 1 2 |19 6 1 29 18 17 6 14 7 17 4 2 1 4 8 1 |8 11 5 11 8 15 19 8 1 1 18 1 12 5 1 21 |
10735: 121 55 20 27 24 22 20 13 1 11 11 2 3 11 16 20 |218 209 134 16 25 27 12 1 9 12 22 29 21 1 27 1 |83 134 222 145 99 45 32 20 25 15 22 19 1 1 10 5 |37 29 52 153 232 167 48 1 26 17 12 17 28 14 1 6 |41 86 74 82 236 251 113 5 12 20 19 15 22 18 27 21 |23 53 164 230 157 145 39 27 1 1 36 7 28 1 6 1 |14 53 76 230 226 126 18 14 8 15 13 18 9 11 1 7 |45 116 162 145 196 151 16 17 1 1 24 1 11 15 3 16 |132 112 222 224 59 41 20 19 23 22 27 22 24 16 21 24 |159 47 77 75 24 22 15 20 12 13 2 1 7 10 1 2 |19 6 1 29 18 17 6 14 7 17 4 2 1 4 8 1 |8 11 5 11 8 15 19 8 1 1 18 1 12 5 1 21 |
10746: 121 55 20 27 24 22 20 13 1 11 11 2 3 11 16 20 |218 209 134 16 25 27 12 1 9 12 22 29 21 1 27 1 |83 134 222 145 99 45 32 20 25 15 22 19 1 1 10 5 |37 29 52 153 232 167 48 1 26 17 12 17 28 14 1 6 |41 86 74 82 236 251 113 5 12 20 19 15 22 18 27 21 |23 53 164 230 157 145 39 27 1 1 36 7 28 1 6 1 |14 53 76 230 226 126 18 14 8 15 13 18 9 11 1 7 |45 116 162 145 196 151 16 17 1 1 24 1 11 15 3 16 |148 129 229 231 57 28 1 6 1 25 26 18 23 1 5 22 |156 50 72 55 19 23 9 14 12 21 1 5 1 18 1 15 |24 22 18 16 13 1 5 15 5 16 11 9 3 4 8 1 |1 10 3 9 20 25 13 5 1 1 18 2 7 6 1 18 |
10757: 121 55 20 27 24 22 20 13 1 11 11 2 3 11 16 20 |218 209 134 16 25 27 12 1 9 12 22 29 21 1 27 1 |83 134 222 145 99 45 32 20 25 15 22 19 1 1 10 5 |37 29 52 153 232 167 48 1 26 17 12 17 28 14 1 6 |41 86 74 82 236 251 113 5 12 20 19 15 22 18 27 21 |23 53 164 230 157 145 39 27 1 1 36 7 28 1 6 1 |14 53 76 230 226 126 18 14 8 15 13 18 9 11 1 7 |45 116 162 145 196 151 16 17 1 1 24 1 11 15 3 16 |148 129 229 231 57 28 1 6 1 25 26 18 23 1 5 22 |156 50 72 55 19 23 9 14 12 21 1 5 1 18 1 15 |24 22 18 16 13 1 5 15 5 16 11 9 3 4 8 1 |1 10 3 9 20 25 13 5 1 1 18 2 7 6 1 18 |
10768: 113 54 24 35 23 33 17 14 1 14 3 13 9 10 16 11 |226 212 141 35 25 27 19 8 5 1 29 32 25 13 28 12 |76 125 221 149 97 29 11 16 26 3 9 23 8 1 12 18 |42 38 56 145 226 162 50 16 25 23 16 21 32 17 11 16 |44 86 73 94 226 252 115 15 3 11 15 1 18 19 32 19 |27 53 173 226 158 144 34 26 12 21 6 1 15 4 3 1 |24 47 78 235 232 131 18 6 1 10 18 11 4 1 6 5 |45 116 162 145 196 151 16 17 1 1 24 1 11 15 3 16 |148 129 229 231 57 28 1 6 1 25 26 18 23 1 5 22 |156 50 72 55 19 23 9 14 12 21 1 5 1 18 1 15 |24 22 18 16 13 1 5 15 5 16 11 9 3 4 8 1 |1 10 3 9 20 25 13 5 1 1 18 2 7 6 1 18 |
10779: 113 54 24 35 23 33 17 14 1 14 3 13 9 10 16 11 |226 212 141 35 25 27 19 8 5 1 29 32 25 13 28 12 |76 125 221 149 97 29 11 16 26 3 9 23 8 1 12 18 |42 38 56 145 226 162 50 16 25 23 16 21 32 17 11 16 |44 86 73 94 226 252 115 15 3 11 15 1 18 19 32 19 |27 53 173 226 158 144 34 26 12 21 6 1 15 4 3 1 |24 47 78 235 232 131 18 6 1 10 18 11 4 1 6 5 |44 129 165 151 189 147 24 16 1 8 26 15 8 10 1 23 |152 127 211 216 61 39 24 13 23 16 19 10 18 15 26 23 |145 43 75 66 18 11 1 19 16 22 1 1 1 16 2 9 |10 8 22 16 11 4 1 2 1 10 11 8 1 5 9 1 |7 15 3 11 15 13 12 18 1 1 5 1 11 7 1 13 |
10790: 113 54 24 35 23 33 17 14 1 14 3 13 9 10 16 11 |226 212 141 35 25 27 19 8 5 1 29 32 25 13 28 12 |76 125 221 149 97 29 11 16 26 3 9 23 8 1 12 18 |42 38 56 145 226 162 50 16 25 23 16 21 32 17 11 16 |44 86 73 94 226 252 115 15 3 11 15 1 18 19 32 19 |27 53 173 226 158 144 34 26 12 21 6 1 15 4 3 1 |24 47 78 235 232 131 18 6 1 10 18 11 4 1 6 5 |44 129 165 151 189 147 24 16 1 8 26 15 8 10 1 23 |152 127 211 216 61 39 24 13 23 16 19 10 18 15 26 23 |145 43 75 66 18 11 1 19 16 22 1 1 1 16 2 9 |10 8 22 16 11 4 1 2 1 10 11 8 1 5 9 1 |7 15 3 11 15 13 12 18 1 1 5 1 11 7 1 13 |
10801: 123 47 3 33 25 12 4 15 1 14 5 7 1 1 27 15 |222 194 138 33 28 28 19 7 10 17 30 26 11 8 27 8 |79 137 218 149 81 42 21 13 18 9 11 12 6 16 22 17 |39 41 74 155 229 159 32 16 21 25 2 15 19 25 11 28 |34 79 62 74 225 236 120 18 19 18 13 8 21 28 3 19 |26 61 168 240 150 147 43 16 13 6 30 10 23 6 17 10 |19 24 72 239 222 134 20 19 6 7 12 8 5 2 16 1 |44 129 165 151 189 147 24 16 1 8 26 15 8 10 1 23 |152 127 211 216 61 39 24 13 23 16 19 10 18 15 26 23 |145 43 75 66 18 11 1 19 16 22 1 1 1 16 2 9 |10 8 22 16 11 4 1 2 1 10 11 8 1 5 9 1 |7 15 3 11 15 13 12 18 1 1 5 1 11 7 1 13 |
10812: 123 47 3 33 25 12 4 15 1 14 5 7 1 1 27 15 |222 194 138 33 28 28 19 7 10 17 30 26 11 8 27 8 |79 137 218 149 81 42 21 13 18 9 11 12 6 16 22 17 |39 41 74 155 229 159 32 16 21 25 2 15 19 25 11 28 |34 79 62 74 225 236 120 18 19 18 13 8 21 28 3 19 |26 61 168 240 150 147 43 16 13 6 30 10 23 6 17 10 |19 24 72 239 222 134 20 19 6 7 12 8 5 2 16 1 |39 123 172 156 194 142 16 23 9 14 28 7 4 25 11 18 |156 134 219 216 58 34 24 10 14 21 37 23 12 2 12 14 |156 59 81 67 29 18 1 21 17 22 8 17 6 15 1 1 |23 11 21 15 16 1 1 1 1 17 5 18 2 3 9 1 |6 11 1 5 3 16 3 19 1 1 7 1 2 12 2 14 |
10823: 123 47 3 33 25 12 4 15 1 14 5 7 1 1 27 15 |222 194 138 33 28 28 19 7 10 17 30 26 11 8 27 8 |79 137 218 149 81 42 21 13 18 9 11 12 6 16 22 17 |39 41 74 155 229 159 32 16 21 25 2 15 19 25 11 28 |34 79 62 74 225 236 120 18 19 18 13 8 21 28 3 19 |26 61 168 240 150 147 43 16 13 6 30 10 23 6 17 10 |19 24 72 239 222 134 20 19 6 7 12 8 5 2 16 1 |39 123 172 156 194 142 16 23 9 14 28 7 4 25 11 18 |156 134 219 216 58 34 24 10 14 21 37 23 12 2 12 14 |156 59 81 67 29 18 1 21 17 22 8 17 6 15 1 1 |23 11 21 15 16 1 1 1 1 17 5 18 2 3 9 1 |6 11 1 5 3 16 3 19 1 1 7 1 2 12 2 14 |
10834: 121 53 28 27 23 13 11 7 2 2 7 10 11 11 17 20 |215 203 131 14 18 17 14 18 11 2 29 25 20 9 23 14 |77 129 221 138 98 29 29 16 23 18 25 30 1 9 10 16 |42 44 61 160 236 166 40 2 25 23 7 16 28 21 4 30 |41 92 72 90 231 247 127 10 19 15 13 19 15 8 15 30 |25 50 162 230 152 150 40 23 18 11 27 10 15 1 7 11 |19 24 72 239 222 134 20 19 6 7 12 8 5 2 16 1 |39 123 172 156 194 142 16 23 9 14 28 7 4 25 11 18 |156 134 219 216 58 34 24 10 14 21 37 23 12 2 12 14 |156 59 81 67 29 18 1 21 17 22 8 17 6 15 1 1 |23 11 21 15 16 1 1 1 1 17 5 18 2 3 9 1 |6 11 1 5 3 16 3 19 1 1 7 1 2 12 2 14 |
10845: 121 53 28 27 23 13 11 7 2 2 7 10 11 11 17 20 |215 203 131 14 18 17 14 18 11 2 29 25 20 9 23 14 |77 129 221 138 98 29 29 16 23 18 25 30 1 9 10 16 |42 44 61 160 236 166 40 2 25 23 7 16 28 21 4 30 |41 92 72 90 231 247 127 10 19 15 13 19 15 8 15 30 |25 50 162 230 152 150 40 23 18 11 27 10 15 1 7 11 |25 36 69 228 218 130 13 20 9 4 8 18 8 2 1 18 |44 133 174 148 195 147 24 12 1 11 20 8 11 18 14 19 |151 129 222 224 47 32 28 23 11 25 29 22 25 6 12 27 |155 53 73 62 19 14 6 24 11 22 1 1 1 8 1 16 |25 17 21 20 18 10 3 10 1 18 9 9 2 3 8 1 |4 1 1 2 11 19 20 9 1 1 18 1 3 18 1 20 |
10856: 121 53 28 27 23 13 11 7 2 2 7 10 11 11 17 20 |215 203 131 14 18 17 14 18 11 2 29 25 20 9 23 14 |77 129 221 138 98 29 29 16 23 18 25 30 1 9 10 16 |42 44 61 160 236 166 40 2 25 23 7 16 28 21 4 30 |41 92 72 90 231 247 127 10 19 15 13 19 15 8 15 30 |25 50 162 230 152 150 40 23 18 11 27 10 15 1 7 11 |25 36 69 228 218 130 13 20 9 4 8 18 8 2 1 18 |44 133 174 148 195 147 24 12 1 11 20 8 11 18 14 19 |151 129 222 224 47 32 28 23 11 25 29 22 25 6 12 27 |155 53 73 62 19 14 6 24 11 22 1 1 1 8 1 16 |25 17 21 20 18 10 3 10 1 18 9 9 2 3 8 1 |4 1 1 2 11 19 20 9 1 1 18 1 3 18 1 20 |
10867: 114 48 33 28 32 27 6 11 1 1 1 8 1 5 7 21 |220 210 144 29 22 23 17 15 14 17 20 23 12 17 27 4 |76 138 213 134 98 38 38 21 17 6 17 12 10 1 16 18 |37 31 69 154 225 167 50 16 19 15 1 16 30 17 3 32 |43 94 78 92 213 248 125 10 10 13 14 4 14 15 18 27 |25 59 169 231 146 142 46 15 1 1 29 2 25 2 17 11 |12 44 81 240 222 129 20 24 5 13 12 14 2 15 8 22 |48 136 175 147 190 146 24 20 2 9 34 13 2 29 11 16 |151 129 222 224 47 32 28 23 11 25 29 22 25 6 12 27 |155 53 73 62 19 14 6 24 11 22 1 1 1 8 1 16 |25 17 21 20 18 10 3 10 1 18 9 9 2 3 8 1 |4 1 1 2 11 19 20 9 1 1 18 1 3 18 1 20 |
10878: 114 48 33 28 32 27 6 11 1 1 1 8 1 5 7 21 |220 210 144 29 22 23 17 15 14 17 20 23 12 17 27 4 |76 138 213 134 98 38 38 21 17 6 17 12 10 1 16 18 |37 31 69 154 225 167 50 16 19 15 1 16 30 17 3 32 |43 94 78 92 213 248 125 10 10 13 14 4 14 15 18 27 |25 59 169 231 146 142 46 15 1 1 29 2 25 2 17 11 |12 44 81 240 222 129 20 24 5 13 12 14 2 15 8 22 |48 136 175 147 190 146 24 20 2 9 34 13 2 29 11 16 |145 131 210 214 51 43 25 14 21 22 21 16 26 15 14 15 |158 50 77 77 19 9 16 21 15 17 1 12 1 1 1 15 |24 12 19 17 15 1 8 19 12 17 10 7 3 1 10 1 |8 16 2 4 2 26 11 9 1 1 18 1 8 13 1 16 |
10889: 114 48 33 28 32 27 6 11 1 1 1 8 1 5 7 21 |220 210 144 29 22 23 17 15 14 17 20 23 12 17 27 4 |76 138 213 134 98 38 38 21 17 6 17 12 10 1 16 18 |37 31 69 154 225 167 50 16 19 15 1 16 30 17 3 32 |43 94 78 92 213 248 125 10 10 13 14 4 14 15 18 27 |25 59 169 231 146 142 46 15 1 1 29 2 25 2 17 11 |12 44 81 240 222 129 20 24 5 13 12 14 2 15 8 22 |48 136 175 147 190 146 24 20 2 9 34 13 2 29 11 16 |145 131 210 214 51 43 25 14 21 22 21 16 26 15 14 15 |158 50 77 77 19 9 16 21 15 17 1 12 1 1 1 15 |24 12 19 17 15 1 8 19 12 17 10 7 3 1 10 1 |8 16 2 4 2 26 11 9 1 1 18 1 8 13 1 16 |
10900: 126 48 31 16 22 12 15 19 1 1 2 6 11 3 4 25 |228 206 133 21 30 24 14 5 7 9 22 23 20 16 30 16 |79 129 208 145 94 25 31 17 13 1 7 15 1 15 12 28 |36 44 57 163 233 153 34 9 15 24 12 9 14 26 11 20 |46 93 60 91 237 248 123 17 19 16 5 15 18 1 28 23 |14 61 159 238 157 144 31 13 18 18 31 13 26 14 19 9 |25 33 69 246 221 135 12 19 1 12 11 6 10 7 2 19 |48 136 175 147 190 146 24 20 2 9 34 13 2 29 11 16 |145 131 210 214 51 43 25 14 21 22 21 16 26 15 14 15 |158 50 77 77 19 9 16 21 15 17 1 12 1 1 1 15 |24 12 19 17 15 1 8 19 12 17 10 7 3 1 10 1 |8 16 2 4 2 26 11 9 1 1 18 1 8 13 1 16 |
10911: 126 48 31 16 22 12 15 19 1 1 2 6 11 3 4 25 |228 206 133 21 30 24 14 5 7 9 22 23 20 16 30 16 |79 129 208 145 94 25 31 17 13 1 7 15 1 15 12 28 |36 44 57 163 233 153 34 9 15 24 12 9 14 26 11 20 |46 93 60 91 237 248 123 17 19 16 5 15 18 1 28 23 |14 61 159 238 157 144 31 13 18 18 31 13 26 14 19 9 |25 33 69 246 221 135 12 19 1 12 11 6 10 7 2 19 |36 127 167 150 189 143 23 29 6 10 36 6 4 25 14 15 |145 124 225 219 43 29 19 9 10 18 20 8 28 11 11 20 |152 41 89 73 21 17 1 21 16 22 1 8 7 16 1 15 |16 7 8 10 16 1 1 7 1 10 9 10 3 1 8 1 |6 13 1 19 14 16 10 6 1 1 6 1 9 6 1 5 |
10922: 126 48 31 16 22 12 15 19 1 1 2 6 11 3 4 25 |228 206 133 21 30 24 14 5 7 9 22 23 20 16 30 16 |79 129 208 145 94 25 31 17 13 1 7 15 1 15 12 28 |36 44 57 163 233 153 34 9 15 24 12 9 14 26 11 20 |46 93 60 91 237 248 123 17 19 16 5 15 18 1 28 23 |14 61 159 238 157 144 31 13 18 18 31 13 26 14 19 9 |25 33 69 246 221 135 12 19 1 12 11 6 10 7 2 19 |36 127 167 150 189 143 23 29 6 10 36 6 4 25 14 15 |145 124 225 219 43 29 19 9 10 18 20 8 28 11 11 20 |152 41 89 73 21 17 1 21 16 22 1 8 7 16 1 15 |16 7 8 10 16 1 1 7 1 10 9 10 3 1 8 1 |6 13 1 19 14 16 10 6 1 1 6 1 9 6 1 5 |
10933: 113 45 22 28 29 15 17 23 1 6 1 6 11 11 14 23 |217 211 136 23 35 20 9 1 1 1 21 24 26 14 28 18 |75 130 217 133 101 33 39 19 21 14 22 12 4 6 4 8 |32 29 58 150 225 150 46 3 11 23 1 23 21 25 1 28 |40 99 72 92 232 250 128 17 16 19 19 16 16 16 13 9 |12 53 166 229 160 141 36 12 8 1 26 6 27 8 17 13 |17 32 69 239 216 128 22 6 1 17 21 8 1 10 5 4 |36 127 167 150 189 143 23 29 6 10 36 6 4 25 14 15 |145 124 225 219 43 29 19 9 10 18 20 8 28 11 11 20 |152 41 89 73 21 17 1 21 16 22 1 8 7 16 1 15 |16 7 8 10 16 1 1 7 1 10 9 10 3 1 8 1 |6 13 1 19 14 16 10 6 1 1 6 1 9 6 1 5 |
10944: 113 45 22 28 29 15 17 23 1 6 1 6 11 11 14 23 |217 211 136 23 35 20 9 1 1 1 21 24 26 14 28 18 |75 130 217 133 101 33 39 19 21 14 22 12 4 6 4 8 |32 29 58 150 225 150 46 3 11 23 1 23 21 25 1 28 |40 99 72 92 232 250 128 17 16 19 19 16 16 16 13 9 |12 53 166 229 160 141 36 12 8 1 26 6 27 8 17 13 |17 32 69 239 216 128 22 6 1 17 21 8 1 10 5 4 |47 141 171 155 190 145 22 13 1 10 29 1 1 20 13 24 |160 131 208 202 34 39 20 11 15 23 30 18 15 14 23 21 |145 51 80 72 21 15 5 7 10 18 1 1 1 19 1 15 |25 10 8 26 14 2 1 6 6 19 9 18 1 2 8 1 |1 16 2 1 1 18 10 10 1 1 17 2 10 11 1 17 |
10955: 113 45 22 28 29 15 17 23 1 6 1 6 11 11 14 23 |217 211 136 23 35 20 9 1 1 1 21 24 26 14 28 18 |75 130 217 133 101 33 39 19 21 14 22 12 4 6 4 8 |32 29 58 150 225 150 46 3 11 23 1 23 21 25 1 28 |40 99 72 92 232 250 128 17 16 19 19 16 16 16 13 9 |12 53 166 229 160 141 36 12 8 1 26 6 27 8 17 13 |17 32 69 239 216 128 22 6 1 17 21 8 1 10 5 4 |47 141 171 155 190 145 22 13 1 10 29 1 1 20 13 24 |160 131 208 202 34 39 20 11 15 23 30 18 15 14 23 21 |145 51 80 72 21 15 5 7 10 18 1 1 1 19 1 15 |25 10 8 26 14 2 1 6 6 19 9 18 1 2 8 1 |1 16 2 1 1 18 10 10 1 1 17 2 10 11 1 17 |
10966: 122 55 18 17 33 18 3 23 1 11 7 9 1 9 11 20 |228 210 135 29 24 28 11 13 1 12 30 27 24 15 30 14 |77 144 207 154 105 28 16 25 22 2 24 26 4 11 9 18 |51 35 69 167 238 165 48 16 32 13 3 17 28 21 8 25 |37 79 71 81 234 242 116 15 15 11 2 9 32 19 20 21 |25 61 172 234 154 146 37 25 9 10 28 8 18 11 19 13 |17 32 69 239 216 128 22 6 1 17 21 8 1 10 5 4 |47 141 171 155 190 145 22 13 1 10 29 1 1 20 13 24 |160 131 208 202 34 39 20 11 15 23 30 18 15 14 23 21 |145 51 80 72 21 15 5 7 10 18 1 1 1 19 1 15 |25 10 8 26 14 2 1 6 6 19 9 18 1 2 8 1 |1 16 2 1 1 18 10 10 1 1 17 2 10 11 1 17 |
10977: 122 55 18 17 33 18 3 23 1 11 7 9 1 9 11 20 |228 210 135 29 24 28 11 13 1 12 30 27 24 15 30 14 |77 144 207 154 105 28 16 25 22 2 24 26 4 11 9 18 |51 35 69 167 238 165 48 16 32 13 3 17 28 21 8 25 |37 79 71 81 234 242 116 15 15 11 2 9 32 19 20 21 |25 61 172 234 154 146 37 25 9 10 28 8 18 11 19 13 |20 36 72 232 219 128 19 7 10 7 22 8 1 14 1 3 |41 135 177 161 188 140 27 11 1 13 30 2 8 17 8 19 |150 134 226 221 48 42 26 16 20 15 16 22 26 12 10 15 |155 57 80 72 21 18 1 14 19 21 1 14 5 16 1 7 |23 12 10 11 9 4 1 13 1 18 4 16 1 1 9 1 |2 2 1 2 10 22 4 17 1 1 5 4 11 6 1 17 |
10988: 122 55 18 17 33 18 3 23 1 11 7 9 1 9 11 20 |228 210 135 29 24 28 11 13 1 12 30 27 24 15 30 14 |77 144 207 154 105 28 16 25 22 2 24 26 4 11 9 18 |51 35 69 167 238 165 48 16 32 13 3 17 28 21 8 25 |37 79 71 81 234 242 116 15 15 11 2 9 32 19 20 21 |25 61 172 234 154 146 37 25 9 10 28 8 18 11 19 13 |20 36 72 232 219 128 19 7 10 7 22 8 1 14 1 3 |41 135 177 161 188 140 27 11 1 13 30 2 8 17 8 19 |150 134 226 221 48 42 26 16 20 15 16 22 26 12 10 15 |155 57 80 72 21 18 1 14 19 21 1 14 5 16 1 7 |23 12 10 11 9 4 1 13 1 18 4 16 1 1 9 1 |2 2 1 2 10 22 4 17 1 1 5 4 11 6 1 17 |
10999: 122 46 30 24 12 26 12 14 1 1 1 5 1 6 9 20 |222 211 144 32 32 28 14 15 1 2 18 32 24 22 31 6 |81 133 217 145 95 33 30 25 16 1 35 7 13 9 1 4 |42 30 74 162 220 167 47 16 23 31 5 15 29 9 2 28 |44 84 72 82 233 238 117 15 19 5 12 9 20 17 27 21 |21 61 167 223 165 150 42 25 19 10 11 1 14 11 12 1 |20 36 72 232 219 128 19 7 10 7 22 8 1 14 1 3 |41 135 177 161 188 140 27 11 1 13 30 2 8 17 8 19 |150 134 226 221 48 42 26 16 20 15 16 22 26 12 10 15 |155 57 80 72 21 18 1 14 19 21 1 14 5 16 1 7 |23 12 10 11 9 4 1 13 1 18 4 16 1 1 9 1 |2 2 1 2 10 22 4 17 1 1 5 4 11 6 1 17 |
11009: 122 46 30 24 12 26 12 14 1 1 1 5 1 6 9 20 |222 211 144 32 32 28 14 15 1 2 18 32 24 22 31 6 |81 133 217 145 95 33 30 25 16 1 35 7 13 9 1 4 |42 30 74 162 220 167 47 16 23 31 5 15 29 9 2 28 |44 84 72 82 233 238 117 15 19 5 12 9 20 17 27 21 |21 61 167 223 165 150 42 25 19 10 11 1 14 11 12 1 |26 39 87 241 223 119 27 14 1 11 7 23 10 1 1 17 |46 136 180 155 203 136 36 34 7 10 27 1 13 17 15 13 |157 130 209 220 54 51 25 7 22 27 30 24 26 9 25 26 |142 46 80 67 13 16 3 10 4 23 1 1 1 16 1 8 |24 10 8 16 11 1 7 7 7 12 1 15 2 2 7 1 |4 15 4 9 9 19 7 17 1 5 14 1 1 9 1 12 |
11020: 122 46 30 24 12 26 12 14 1 1 1 5 1 6 9 20 |222 211 144 32 32 28 14 15 1 2 18 32 24 22 31 6 |81 133 217 145 95 33 30 25 16 1 35 7 13 9 1 4 |42 30 74 162 220 167 47 16 23 31 5 15 29 9 2 28 |44 84 72 82 233 238 117 15 19 5 12 9 20 17 27 21 |21 61 167 223 165 150 42 25 19 10 11 1 14 11 12 1 |26 39 87 241 223 119 27 14 1 11 7 23 10 1 1 17 |46 136 180 155 203 136 36 34 7 10 27 1 13 17 15 13 |157 130 209 220 54 51 25 7 22 27 30 24 26 9 25 26 |142 46 80 67 13 16 3 10 4 23 1 1 1 16 1 8 |24 10 8 16 11 1 7 7 7 12 1 15 2 2 7 1 |4 15 4 9 9 19 7 17 1 5 14 1 1 9 1 12 |
11031: 117 56 21 17 10 14 4 10 4 11 9 14 1 1 7 6 |219 213 142 36 32 29 21 10 1 12 28 29 22 18 19 18 |84 143 215 153 99 35 32 24 24 18 19 22 1 10 8 1 |41 43 59 159 222 150 36 20 20 22 16 17 17 12 9 24 |42 80 66 89 219 253 128 17 19 11 13 1 28 10 19 21 |25 61 171 237 152 137 39 25 12 7 20 8 12 1 9 4 |24 39 74 243 226 129 12 14 3 4 15 19 1 8 14 19 |46 136 180 155 203 136 36 34 7 10 27 1 13 17 15 13 |157 130 209 220 54 51 25 7 22 27 30 24 26 9 25 26 |142 46 80 67 13 16 3 10 4 23 1 1 1 16 1 8 |24 10 8 16 11 1 7 7 7 12 1 15 2 2 7 1 |4 15 4 9 9 19 7 17 1 5 14 1 1 9 1 12 |
11042: 117 56 21 17 10 14 4 10 4 11 9 14 1 1 7 6 |219 213 142 36 32 29 21 10 1 12 28 29 22 18 19 18 |84 143 215 153 99 35 32 24 24 18 19 22 1 10 8 1 |41 43 59 159 222 150 36 20 20 22 16 17 17 12 9 24 |42 80 66 89 219 253 128 17 19 11 13 1 28 10 19 21 |25 61 171 237 152 137 39 25 12 7 20 8 12 1 9 4 |24 39 74 243 226 129 12 14 3 4 15 19 1 8 14 19 |44 142 171 159 200 139 33 20 1 11 25 13 9 19 12 27 |149 133 224 212 48 30 21 26 16 25 22 25 19 3 14 37 |140 51 80 69 28 25 13 13 10 20 1 4 1 18 1 14 |24 12 22 18 16 1 1 2 1 3 1 17 1 3 8 1 |8 16 1 8 4 16 12 11 1 1 17 1 1 2 2 18 |
11053: 117 56 21 17 10 14 4 10 4 11 9 14 1 1 7 6 |219 213 142 36 32 29 21 10 1 12 28 29 22 18 19 18 |84 143 215 153 99 35 32 24 24 18 19 22 1 10 8 1 |41 43 59 159 222 150 36 20 20 22 16 17 17 12 9 24 |42 80 66 89 219 253 128 17 19 11 13 1 28 10 19 21 |25 61 171 237 152 137 39 25 12 7 20 8 12 1 9 4 |24 39 74 243 226 129 12 14 3 4 15 19 1 8 14 19 |44 142 171 159 200 139 33 20 1 11 25 13 9 19 12 27 |149 133 224 212 48 30 21 26 16 25 22 25 19 3 14 37 |140 51 80 69 28 25 13 13 10 20 1 4 1 18 1 14 |24 12 22 18 16 1 1 2 1 3 1 17 1 3 8 1 |8 16 1 8 4 16 12 11 1 1 17 1 1 2 2 18 |
11064: 124 52 37 26 15 15 9 11 1 14 2 3 11 12 19 20 |238 220 143 23 31 27 5 10 3 11 29 19 28 3 32 6 |85 143 216 150 108 22 27 23 17 2 23 24 12 1 6 17 |38 44 64 164 233 153 44 8 18 26 9 9 21 22 12 25 |33 92 65 87 233 246 124 6 9 20 23 5 30 10 29 21 |25 57 170 234 148 149 40 22 9 1 30 6 27 5 3 11 |18 44 84 237 215 119 26 13 1 15 17 20 9 1 15 15 |44 142 171 159 200 139 33 20 1 11 25 13 9 19 12 27 |149 133 224 212 48 30 21 26 16 25 22 25 19 3 14 37 |140 51 80 69 28 25 13 13 10 20 1 4 1 18 1 14 |24 12 22 18 16 1 1 2 1 3 1 17 1 3 8 1 |8 16 1 8 4 16 12 11 1 1 17 1 1 2 2 18 |
11075: 124 52 37 26 15 15 9 11 1 14 2 3 11 12 19 20 |238 220 143 23 31 27 5 10 3 11 29 19 28 3 32 6 |85 143 216 150 108 22 27 23 17 2 23 24 12 1 6 17 |38 44 64 164 233 153 44 8 18 26 9 9 21 22 12 25 |33 92 65 87 233 246 124 6 9 20 23 5 30 10 29 21 |25 57 170 234 148 149 40 22 9 1 30 6 27 5 3 11 |18 44 84 237 215 119 26 13 1 15 17 20 9 1 15 15 |42 138 166 158 202 140 32 30 14 1 26 5 2 13 2 21 |148 128 219 229 59 38 34 19 22 11 19 11 37 12 24 31 |143 43 84 68 25 20 2 7 19 25 11 11 1 17 2 14 |23 11 21 16 8 8 8 7 1 17 5 2 1 5 9 1 |1 11 9 7 19 31 13 3 1 1 15 1 2 11 5 11 |
11086: 124 52 37 26 15 15 9 11 1 14 2 3 11 12 19 20 |238 220 143 23 31 27 5 10 3 11 29 19 28 3 32 6 |85 143 216 150 108 22 27 23 17 2 23 24 12 1 6 17 |38 44 64 164 233 153 44 8 18 26 9 9 21 22 12 25 |33 92 65 87 233 246 124 6 9 20 23 5 30 10 29 21 |25 57 170 234 148 149 40 22 9 1 30 6 27 5 3 11 |18 44 84 237 215 119 26 13 1 15 17 20 9 1 15 15 |42 138 166 158 202 140 32 30 14 1 26 5 2 13 2 21 |148 128 219 229 59 38 34 19 22 11 19 11 37 12 24 31 |143 43 84 68 25 20 2 7 19 25 11 11 1 17 2 14 |23 11 21 16 8 8 8 7 1 17 5 2 1 5 9 1 |1 11 9 7 19 31 13 3 1 1 15 1 2 11 5 11 |
11097: 119 45 16 15 25 14 16 20 1 1 10 25 5 10 20 9 |230 198 135 23 34 23 5 17 2 20 25 31 1 9 18 5 |77 134 221 162 86 32 16 14 28 16 22 30 1 1 8 17 |39 33 72 146 214 154 39 16 18 24 5 18 28 18 4 28 |45 94 76 91 234 247 115 19 19 16 21 3 23 9 30 25 |29 64 174 231 154 138 38 16 14 3 13 1 29 7 10 1 |18 44 84 237 215 119 26 13 1 15 17 20 9 1 15 15 |42 138 166 158 202 140 32 30 14 1 26 5 2 13 2 21 |148 128 219 229 59 38 34 19 22 11 19 11 37 12 24 31 |143 43 84 68 25 20 2 7 19 25 11 11 1 17 2 14 |23 11 21 16 8 8 8 7 1 17 5 2 1 5 9 1 |1 11 9 7 19 31 13 3 1 1 15 1 2 11 5 11 |
11108: 119 45 16 15 25 14 16 20 1 1 10 25 5 10 20 9 |230 198 135 23 34 23 5 17 2 20 25 31 1 9 18 5 |77 134 221 162 86 32 16 14 28 16 22 30 1 1 8 17 |39 33 72 146 214 154 39 16 18 24 5 18 28 18 4 28 |45 94 76 91 234 247 115 19 19 16 21 3 23 9 30 25 |29 64 174 231 154 138 38 16 14 3 13 1 29 7 10 1 |27 36 79 255 244 145 25 23 10 14 17 10 19 17 8 19 |44 139 167 145 195 146 30 19 3 2 18 5 1 14 4 11 |141 127 224 217 52 42 11 17 13 23 31 18 12 15 23 19 |148 51 80 63 22 16 6 14 18 21 1 14 6 18 1 1 |22 17 20 16 11 4 2 20 1 17 10 15 3 1 9 1 |3 2 10 20 4 10 8 12 1 3 11 1 2 7 1 14 |
11119: 119 45 16 15 25 14 16 20 1 1 10 25 5 10 20 9 |230 198 135 23 34 23 5 17 2 20 25 31 1 9 18 5 |77 134 221 162 86 32 16 14 28 16 22 30 1 1 8 17 |39 33 72 146 214 154 39 16 18 24 5 18 28 18 4 28 |45 94 76 91 234 247 115 19 19 16 21 3 23 9 30 25 |29 64 174 231 154 138 38 16 14 3 13 1 29 7 10 1 |27 36 79 255 244 145 25 23 10 14 17 10 19 17 8 19 |44 139 167 145 195 146 30 19 3 2 18 5 1 14 4 11 |141 127 224 217 52 42 11 17 13 23 31 18 12 15 23 19 |148 51 80 63 22 16 6 14 18 21 1 14 6 18 1 1 |22 17 20 16 11 4 2 20 1 17 10 15 3 1 9 1 |3 2 10 20 4 10 8 12 1 3 11 1 2 7 1 14 |
11130: 121 56 33 25 13 15 2 15 1 11 1 26 12 8 9 6 |220 221 152 28 23 21 11 13 10 1 20 17 10 11 22 1 |87 145 211 156 104 35 27 19 21 14 26 19 10 7 16 22 |37 49 71 161 226 156 31 23 30 21 13 21 13 11 8 33 |36 84 61 93 235 236 112 9 10 19 14 18 26 8 21 24 |28 54 156 241 151 148 38 24 4 2 27 16 22 1 2 10 |27 36 79 255 244 145 25 23 10 14 17 10 19 17 8 19 |44 139 167 145 195 146 30 19 3 2 18 5 1 14 4 11 |141 127 224 217 52 42 11 17 13 23 31 18 12 15 23 19 |148 51 80 63 22 16 6 14 18 21 1 14 6 18 1 1 |22 17 20 16 11 4 2 20 1 17 10 15 3 1 9 1 |3 2 10 20 4 10 8 12 1 3 11 1 2 7 1 14 |
11141: 121 56 33 25 13 15 2 15 1 11 1 26 12 8 9 6 |220 221 152 28 23 21 11 13 10 1 20 17 10 11 22 1 |87 145 211 156 104 35 27 19 21 14 26 19 10 7 16 22 |37 49 71 161 226 156 31 23 30 21 13 21 13 11 8 33 |36 84 61 93 235 236 112 9 10 19 14 18 26 8 21 24 |28 54 156 241 151 148 38 24 4 2 27 16 22 1 2 10 |22 32 83 246 228 134 21 26 10 10 15 12 2 13 9 5 |45 133 167 145 197 146 22 20 1 11 25 1 9 22 12 10 |148 131 211 216 50 43 25 12 23 16 21 25 23 8 23 22 |141 42 81 65 17 27 5 17 12 23 1 12 1 17 3 3 |15 19 13 12 22 14 1 3 2 17 9 15 3 5 9 1 |4 11 6 8 5 17 11 17 1 5 17 1 1 20 1 19 |
11152: 121 56 33 25 13 15 2 15 1 11 1 26 12 8 9 6 |220 221 152 28 23 21 11 13 10 1 20 17 10 11 22 1 |87 145 211 156 104 35 27 19 21 14 26 19 10 7 16 22 |37 49 71 161 226 156 31 23 30 21 13 21 13 11 8 33 |36 84 61 93 235 236 112 9 10 19 14 18 26 8 21 24 |28 54 156 241 151 148 38 24 4 2 27 16 22 1 2 10 |22 32 83 246 228 134 21 26 10 10 15 12 2 13 9 5 |45 133 167 145 197 146 22 20 1 11 25 1 9 22 12 10 |148 131 211 216 50 43 25 12 23 16 21 25 23 8 23 22 |141 42 81 65 17 27 5 17 12 23 1 12 1 17 3 3 |15 19 13 12 22 14 1 3 2 17 9 15 3 5 9 1 |4 11 6 8 5 17 11 17 1 5 17 1 1 20 1 19 |
11163: 125 60 16 33 30 15 5 9 1 1 7 9 1 8 19 19 |246 210 163 20 31 25 19 17 11 11 24 30 17 19 33 10 |82 140 218 155 92 25 30 15 17 5 20 24 6 1 10 16 |40 45 83 169 232 158 45 21 28 26 6 10 19 14 5 28 |46 93 70 98 235 251 110 18 5 17 22 19 32 6 29 26 |22 48 169 233 157 149 49 27 20 1 7 1 34 11 26 14 |24 32 83 242 222 128 28 16 4 19 13 14 1 3 7 12 |45 133 167 145 197 146 22 20 1 11 25 1 9 22 12 10 |148 131 211 216 50 43 25 12 23 16 21 25 23 8 23 22 |141 42 81 65 17 27 5 17 12 23 1 12 1 17 3 3 |15 19 13 12 22 14 1 3 2 17 9 15 3 5 9 1 |4 11 6 8 5 17 11 17 1 5 17 1 1 20 1 19 |
11174: 125 60 16 33 30 15 5 9 1 1 7 9 1 8 19 19 |246 210 163 20 31 25 19 17 11 11 24 30 17 19 33 10 |82 140 218 155 92 25 30 15 17 5 20 24 6 1 10 16 |40 45 83 169 232 158 45 21 28 26 6 10 19 14 5 28 |46 93 70 98 235 251 110 18 5 17 22 19 32 6 29 26 |22 48 169 233 157 149 49 27 20 1 7 1 34 11 26 14 |24 32 83 242 222 128 28 16 4 19 13 14 1 3 7 12 |43 138 178 150 195 143 36 10 1 7 23 14 5 24 10 25 |154 128 217 211 62 39 14 13 18 11 14 16 22 10 14 20 |148 60 73 64 28 19 1 18 11 19 12 14 4 16 1 8 |24 11 19 24 15 4 4 2 1 18 7 15 2 3 1 1 |1 2 13 20 3 26 20 12 1 1 17 2 7 17 1 5 |
11185: 125 60 16 33 30 15 5 9 1 1 7 9 1 8 19 19 |246 210 163 20 31 25 19 17 11 11 24 30 17 19 33 10 |82 140 218 155 92 25 30 15 17 5 20 24 6 1 10 16 |40 45 83 169 232 158 45 21 28 26 6 10 19 14 5 28 |46 93 70 98 235 251 110 18 5 17 22 19 32 6 29 26 |22 48 169 233 157 149 49 27 20 1 7 1 34 11 26 14 |24 32 83 242 222 128 28 16 4 19 13 14 1 3 7 12 |43 138 178 150 195 143 36 10 1 7 23 14 5 24 10 25 |154 128 217 211 62 39 14 13 18 11 14 16 22 10 14 20 |148 60 73 64 28 19 1 18 11 19 12 14 4 16 1 8 |24 11 19 24 15 4 4 2 1 18 7 15 2 3 1 1 |1 2 13 20 3 26 20 12 1 1 17 2 7 17 1 5 |
11196: 115 42 27 35 30 11 5 21 1 13 11 16 11 3 10 19 |232 218 131 35 27 16 8 11 5 13 28 32 17 19 26 15 |77 145 219 155 111 42 34 24 15 3 16 25 11 5 5 19 |35 25 76 153 231 162 44 11 11 23 16 17 28 24 4 31 |51 92 80 87 238 252 124 5 18 12 22 11 19 15 32 26 |27 60 165 225 160 139 44 19 14 1 19 13 10 8 13 3 |18 40 74 224 226 126 21 8 1 6 24 16 1 13 3 9 |43 138 178 150 195 143 36 10 1 7 23 14 5 24 10 25 |154 128 217 211 62 39 14 13 18 11 14 16 22 10 14 20 |148 60 73 64 28 19 1 18 11 19 12 14 4 16 1 8 |24 11 19 24 15 4 4 2 1 18 7 15 2 3 1 1 |1 2 13 20 3 26 20 12 1 1 17 2 7 17 1 5 |
11207: 115 42 27 35 30 11 5 21 1 13 11 16 11 3 10 19 |232 218 131 35 27 16 8 11 5 13 28 32 17 19 26 15 |77 145 219 155 111 42 34 24 15 3 16 25 11 5 5 19 |35 25 76 153 231 162 44 11 11 23 16 17 28 24 4 31 |51 92 80 87 238 252 124 5 18 12 22 11 19 15 32 26 |27 60 165 225 160 139 44 19 14 1 19 13 10 8 13 3 |18 40 74 224 226 126 21 8 1 6 24 16 1 13 3 9 |38 134 163 147 192 133 19 14 1 13 29 1 1 23 13 27 |144 137 217 228 58 35 5 21 23 20 21 25 25 17 19 21 |136 44 81 65 29 27 1 11 1 18 3 12 9 15 1 15 |22 18 8 12 13 15 1 5 1 16 5 3 2 1 9 1 |8 2 1 8 7 19 11 17 1 6 13 1 9 12 2 11 |
11218: 115 42 27 35 30 11 5 21 1 13 11 16 11 3 10 19 |232 218 131 35 27 16 8 11 5 13 28 32 17 19 26 15 |77 145 219 155 111 42 34 24 15 3 16 25 11 5 5 19 |35 25 76 153 231 162 44 11 11 23 16 17 28 24 4 31 |51 92 80 87 238 252 124 5 18 12 22 11 19 15 32 26 |27 60 165 225 160 139 44 19 14 1 19 13 10 8 13 3 |18 40 74 224 226 126 21 8 1 6 24 16 1 13 3 9 |38 134 163 147 192 133 19 14 1 13 29 1 1 23 13 27 |144 137 217 228 58 35 5 21 23 20 21 25 25 17 19 21 |136 44 81 65 29 27 1 11 1 18 3 12 9 15 1 15 |22 18 8 12 13 15 1 5 1 16 5 3 2 1 9 1 |8 2 1 8 7 19 11 17 1 6 13 1 9 12 2 11 |
11229: 123 55 17 18 19 13 18 23 1 12 14 17 12 6 7 9 |230 206 149 26 18 20 6 18 8 10 29 29 25 14 18 9 |90 145 212 154 93 42 22 27 19 13 32 22 6 11 14 20 |46 26 77 153 222 163 35 22 26 20 15 17 18 11 14 27 |51 86 70 90 227 243 110 20 17 18 20 11 30 21 27 21 |22 69 170 222 166 141 36 13 10 11 27 18 24 3 5 15 |18 40 74 224 226 126 21 8 1 6 24 16 1 13 3 9 |38 134 163 147 192 133 19 14 1 13 29 1 1 23 13 27 |144 137 217 228 58 35 5 21 23 20 21 25 25 17 19 21 |136 44 81 65 29 27 1 11 1 18 3 12 9 15 1 15 |22 18 8 12 13 15 1 5 1 16 5 3 2 1 9 1 |8 2 1 8 7 19 11 17 1 6 13 1 9 12 2 11 |
11240: 123 55 17 18 19 13 18 23 1 12 14 17 12 6 7 9 |230 206 149 26 18 20 6 18 8 10 29 29 25 14 18 9 |90 145 212 154 93 42 22 27 19 13 32 22 6 11 14 20 |46 26 77 153 222 163 35 22 26 20 15 17 18 11 14 27 |51 86 70 90 227 243 110 20 17 18 20 11 30 21 27 21 |22 69 170 222 166 141 36 13 10 11 27 18 24 3 5 15 |16 36 79 248 226 118 28 17 9 8 10 26 2 14 7 12 |45 136 173 148 201 130 25 15 1 10 31 7 1 23 16 15 |155 129 222 222 53 30 25 10 21 20 16 16 24 15 17 24 |140 47 70 62 15 13 2 21 14 22 1 1 8 17 1 1 |22 18 16 26 16 1 1 7 1 17 3 15 3 2 4 1 |2 4 1 8 6 16 10 4 1 1 5 4 6 6 2 14 |
11251: 123 55 17 18 19 13 18 23 1 12 14 17 12 6 7 9 |230 206 149 26 18 20 6 18 8 10 29 29 25 14 18 9 |90 145 212 154 93 42 22 27 19 13 32 22 6 11 14 20 |46 26 77 153 222 163 35 22 26 20 15 17 18 11 14 27 |51 86 70 90 227 243 110 20 17 18 20 11 30 21 27 21 |22 69 170 222 166 141 36 13 10 11 27 18 24 3 5 15 |16 36 79 248 226 118 28 17 9 8 10 26 2 14 7 12 |45 136 173 148 201 130 25 15 1 10 31 7 1 23 16 15 |155 129 222 222 53 30 25 10 21 20 16 16 24 15 17 24 |140 47 70 62 15 13 2 21 14 22 1 1 8 17 1 1 |22 18 16 26 16 1 1 7 1 17 3 15 3 2 4 1 |2 4 1 8 6 16 10 4 1 1 5 4 6 6 2 14 |
11262: 115 41 28 25 12 14 10 10 1 12 9 3 11 8 4 19 |220 214 134 22 28 30 21 4 1 3 21 30 19 18 29 4 |88 144 218 141 100 29 30 19 23 14 20 32 1 9 11 3 |33 44 63 159 225 164 44 17 15 18 13 14 20 16 1 31 |40 101 74 92 234 239 115 8 18 12 9 11 21 16 31 18 |23 55 164 239 157 143 40 30 25 21 40 9 16 1 9 3 |16 36 79 248 226 118 28 17 9 8 10 26 2 14 7 12 |45 136 173 148 201 130 25 15 1 10 31 7 1 23 16 15 |155 129 222 222 53 30 25 10 21 20 16 16 24 15 17 24 |140 47 70 62 15 13 2 21 14 22 1 1 8 17 1 1 |22 18 16 26 16 1 1 7 1 17 3 15 3 2 4 1 |2 4 1 8 6 16 10 4 1 1 5 4 6 6 2 14 |
11273: 115 41 28 25 12 14 10 10 1 12 9 3 11 8 4 19 |220 214 134 22 28 30 21 4 1 3 21 30 19 18 29 4 |88 144 218 141 100 29 30 19 23 14 20 32 1 9 11 3 |33 44 63 159 225 164 44 17 15 18 13 14 20 16 1 31 |40 101 74 92 234 239 115 8 18 12 9 11 21 16 31 18 |23 55 164 239 157 143 40 30 25 21 40 9 16 1 9 3 |13 36 85 246 226 136 20 11 1 5 16 16 1 4 1 1 |43 137 178 156 196 147 19 31 9 21 39 4 14 7 1 25 |142 122 207 207 51 42 24 25 25 18 27 25 20 2 17 21 |147 50 68 62 17 25 3 20 16 14 1 1 1 6 1 15 |25 11 11 18 4 1 1 4 1 11 11 10 4 1 11 2 |5 1 4 18 15 26 11 15 1 1 4 2 9 8 3 11 |
11284: 115 41 28 25 12 14 10 10 1 12 9 3 11 8 4 19 |220 214 134 22 28 30 21 4 1 3 21 30 19 18 29 4 |88 144 218 141 100 29 30 19 23 14 20 32 1 9 11 3 |33 44 63 159 225 164 44 17 15 18 13 14 20 16 1 31 |40 101 74 92 234 239 115 8 18 12 9 11 21 16 31 18 |23 55 164 239 157 143 40 30 25 21 40 9 16 1 9 3 |13 36 85 246 226 136 20 11 1 5 16 16 1 4 1 1 |43 137 178 156 196 147 19 31 9 21 39 4 14 7 1 25 |142 122 207 207 51 42 24 25 25 18 27 25 20 2 17 21 |147 50 68 62 17 25 3 20 16 14 1 1 1 6 1 15 |25 11 11 18 4 1 1 4 1 11 11 10 4 1 11 2 |5 1 4 18 15 26 11 15 1 1 4 2 9 8 3 11 |
11295: 114 55 23 31 30 14 4 13 1 12 5 13 1 1 8 8 |229 204 128 18 17 30 15 1 1 4 23 32 25 13 30 4 |84 140 207 158 99 38 32 27 18 1 26 22 6 5 2 18 |47 38 77 167 235 162 32 10 26 20 7 10 18 7 10 13 |46 97 77 97 228 250 126 9 22 14 23 19 31 6 32 28 |25 59 176 237 158 147 43 20 4 1 15 6 16 1 11 10 |13 36 85 246 226 136 20 11 1 5 16 16 1 4 1 1 |43 137 178 156 196 147 19 31 9 21 39 4 14 7 1 25 |142 122 207 207 51 42 24 25 25 18 27 25 20 2 17 21 |147 50 68 62 17 25 3 20 16 14 1 1 1 6 1 15 |25 11 11 18 4 1 1 4 1 11 11 10 4 1 11 2 |5 1 4 18 15 26 11 15 1 1 4 2 9 8 3 11 |
11306: 114 55 23 31 30 14 4 13 1 12 5 13 1 1 8 8 |229 204 128 18 17 30 15 1 1 4 23 32 25 13 30 4 |84 140 207 158 99 38 32 27 18 1 26 22 6 5 2 18 |47 38 77 167 235 162 32 10 26 20 7 10 18 7 10 13 |46 97 77 97 228 250 126 9 22 14 23 19 31 6 32 28 |25 59 176 237 158 147 43 20 4 1 15 6 16 1 11 10 |26 36 86 245 223 115 10 25 3 9 7 19 4 7 1 1 |42 148 179 161 206 139 33 30 4 8 26 18 7 14 20 22 |142 124 211 224 61 30 17 22 25 18 28 18 14 1 26 19 |147 57 71 74 31 24 1 17 13 14 1 12 3 15 1 8 |20 3 9 26 28 9 1 6 1 19 8 9 3 4 9 1 |5 1 10 14 4 18 13 10 1 1 4 1 1 13 3 15 |
11317: 114 55 23 31 30 14 4 13 1 12 5 13 1 1 8 8 |229 204 128 18 17 30 15 1 1 4 23 32 25 13 30 4 |84 140 207 158 99 38 32 27 18 1 26 22 6 5 2 18 |47 38 77 167 235 162 32 10 26 20 7 10 18 7 10 13 |46 97 77 97 228 250 126 9 22 14 23 19 31 6 32 28 |25 59 176 237 158 147 43 20 4 1 15 6 16 1 11 10 |26 36 86 245 223 115 10 25 3 9 7 19 4 7 1 1 |42 148 179 161 206 139 33 30 4 8 26 18 7 14 20 22 |142 124 211 224 61 30 17 22 25 18 28 18 14 1 26 19 |147 57 71 74 31 24 1 17 13 14 1 12 3 15 1 8 |20 3 9 26 28 9 1 6 1 19 8 9 3 4 9 1 |5 1 10 14 4 18 13 10 1 1 4 1 1 13 3 15 |
11328: 118 51 21 32 31 17 3 11 1 13 10 3 1 11 12 21 |232 204 134 23 33 33 8 11 10 5 29 29 13 9 29 16 |88 135 213 154 100 32 13 15 10 4 27 20 5 15 10 14 |39 43 69 158 228 165 44 19 17 13 8 15 31 23 13 20 |46 92 77 85 216 238 122 13 11 15 11 7 14 10 15 15 |25 59 176 237 158 147 43 20 4 1 15 6 16 1 11 10 |26 36 86 245 223 115 10 25 3 9 7 19 4 7 1 1 |42 148 179 161 206 139 33 30 4 8 26 18 7 14 20 22 |142 124 211 224 61 30 17 22 25 18 28 18 14 1 26 19 |147 57 71 74 31 24 1 17 13 14 1 12 3 15 1 8 |20 3 9 26 28 9 1 6 1 19 8 9 3 4 9 1 |5 1 10 14 4 18 13 10 1 1 4 1 1 13 3 15 |
11339: 118 51 21 32 31 17 3 11 1 13 10 3 1 11 12 21 |232 204 134 23 33 33 8 11 10 5 29 29 13 9 29 16 |88 135 213 154 100 32 13 15 10 4 27 20 5 15 10 14 |39 43 69 158 228 165 44 19 17 13 8 15 31 23 13 20 |46 92 77 85 216 238 122 13 11 15 11 7 14 10 15 15 |18 61 179 238 152 143 48 24 7 10 21 14 13 3 11 3 |25 44 83 232 236 122 4 20 4 2 13 14 10 11 9 19 |47 136 168 158 202 146 32 22 1 10 28 5 15 22 15 15 |142 119 227 220 63 40 21 23 22 16 24 18 24 13 26 18 |147 49 74 61 26 19 8 7 13 19 1 7 9 20 1 7 |20 10 9 8 15 3 7 10 2 18 9 15 1 1 9 1 |10 5 1 7 17 22 11 17 1 1 6 1 1 1 1 6 |
11350: 118 51 21 32 31 17 3 11 1 13 10 3 1 11 12 21 |232 204 134 23 33 33 8 11 10 5 29 29 13 9 29 16 |88 135 213 154 100 32 13 15 10 4 27 20 5 15 10 14 |39 43 69 158 228 165 44 19 17 13 8 15 31 23 13 20 |46 92 77 85 216 238 122 13 11 15 11 7 14 10 15 15 |18 61 179 238 152 143 48 24 7 10 21 14 13 3 11 3 |25 44 83 232 236 122 4 20 4 2 13 14 10 11 9 19 |47 136 168 158 202 146 32 22 1 10 28 5 15 22 15 15 |142 119 227 220 63 40 21 23 22 16 24 18 24 13 26 18 |147 49 74 61 26 19 8 7 13 19 1 7 9 20 1 7 |20 10 9 8 15 3 7 10 2 18 9 15 1 1 9 1 |10 5 1 7 17 22 11 17 1 1 6 1 1 1 1 6 |
11361: 115 44 21 18 30 16 11 15 4 6 16 22 10 6 19 8 |225 217 144 27 23 23 10 1 1 1 30 27 15 1 17 7 |89 147 220 149 96 35 32 23 26 9 23 26 11 10 11 17 |44 32 67 158 223 163 36 14 25 19 7 18 29 24 7 20 |48 91 65 92 229 234 108 23 10 19 10 13 29 14 30 26 |18 61 179 238 152 143 48 24 7 10 21 14 13 3 11 3 |25 44 83 232 236 122 4 20 4 2 13 14 10 11 9 19 |47 136 168 158 202 146 32 22 1 10 28 5 15 22 15 15 |142 119 227 220 63 40 21 23 22 16 24 18 24 13 26 18 |147 49 74 61 26 19 8 7 13 19 1 7 9 20 1 7 |20 10 9 8 15 3 7 10 2 18 9 15 1 1 9 1 |10 5 1 7 17 22 11 17 1 1 6 1 1 1 1 6 |
11372: 115 44 21 18 30 16 11 15 4 6 16 22 10 6 19 8 |225 217 144 27 23 23 10 1 1 1 30 27 15 1 17 7 |89 147 220 149 96 35 32 23 26 9 23 26 11 10 11 17 |44 32 67 158 223 163 36 14 25 19 7 18 29 24 7 20 |48 91 65 92 229 234 108 23 10 19 10 13 29 14 30 26 |14 50 175 238 152 150 45 24 13 11 30 5 26 7 6 12 |28 38 80 229 219 128 25 18 9 9 14 23 1 15 3 1 |43 142 175 146 190 143 32 17 7 11 23 17 14 24 21 18 |152 138 225 210 50 41 33 32 22 24 33 12 10 15 15 30 |146 50 81 63 15 17 1 13 10 3 2 5 1 8 1 13 |24 10 15 24 13 6 1 4 1 17 10 15 2 2 5 1 |7 2 1 9 17 32 19 10 1 5 12 1 1 11 1 12 |
11382: 115 44 21 18 30 16 11 15 4 6 16 22 10 6 19 8 |225 217 144 27 23 23 10 1 1 1 30 27 15 1 17 7 |89 147 220 149 96 35 32 23 26 9 23 26 11 10 11 17 |44 32 67 158 223 163 36 14 25 19 7 18 29 24 7 20 |48 91 65 92 229 234 108 23 10 19 10 13 29 14 30 26 |14 50 175 238 152 150 45 24 13 11 30 5 26 7 6 12 |28 38 80 229 219 128 25 18 9 9 14 23 1 15 3 1 |43 142 175 146 190 143 32 17 7 11 23 17 14 24 21 18 |152 138 225 210 50 41 33 32 22 24 33 12 10 15 15 30 |146 50 81 63 15 17 1 13 10 3 2 5 1 8 1 13 |24 10 15 24 13 6 1 4 1 17 10 15 2 2 5 1 |7 2 1 9 17 32 19 10 1 5 12 1 1 11 1 12 |
11393: 127 55 17 26 11 22 10 15 1 15 4 11 10 3 19 19 |220 204 128 22 26 29 18 15 6 12 31 27 15 17 22 16 |74 138 211 138 89 27 29 35 24 14 25 24 18 4 3 16 |51 51 72 158 229 166 39 3 26 16 3 20 24 25 12 34 |48 94 79 86 235 241 127 12 16 18 12 16 25 8 30 30 |32 78 191 242 155 154 30 15 14 2 29 13 20 9 17 13 |28 38 80 229 219 128 25 18 9 9 14 23 1 15 3 1 |43 142 175 146 190 143 32 17 7 11 23 17 14 24 21 18 |152 138 225 210 50 41 33 32 22 24 33 12 10 15 15 30 |146 50 81 63 15 17 1 13 10 3 2 5 1 8 1 13 |24 10 15 24 13 6 1 4 1 17 10 15 2 2 5 1 |7 2 1 9 17 32 19 10 1 5 12 1 1 11 1 12 |
11404: 127 55 17 26 11 22 10 15 1 15 4 11 10 3 19 19 |220 204 128 22 26 29 18 15 6 12 31 27 15 17 22 16 |74 138 211 138 89 27 29 35 24 14 25 24 18 4 3 16 |51 51 72 158 229 166 39 3 26 16 3 20 24 25 12 34 |48 94 79 86 235 241 127 12 16 18 12 16 25 8 30 30 |32 78 191 242 155 154 30 15 14 2 29 13 20 9 17 13 |17 46 80 231 238 124 10 19 7 16 13 8 3 4 1 17 |37 143 176 165 190 145 32 18 4 5 21 7 8 21 13 17 |147 133 218 218 63 35 12 16 11 9 16 17 21 17 25 23 |147 42 61 58 14 11 1 10 1 6 1 1 4 16 1 4 |4 19 21 15 16 11 1 4 13 13 1 19 2 1 1 1 |9 8 2 8 4 7 11 16 1 1 4 1 10 9 1 5 |
11415: 127 55 17 26 11 22 10 15 1 15 4 11 10 3 19 19 |220 204 128 22 26 29 18 15 6 12 31 27 15 17 22 16 |74 138 211 138 89 27 29 35 24 14 25 24 18 4 3 16 |51 51 72 158 229 166 39 3 26 16 3 20 24 25 12 34 |48 94 79 86 235 241 127 12 16 18 12 16 25 8 30 30 |32 78 191 242 155 154 30 15 14 2 29 13 20 9 17 13 |17 46 80 231 238 124 10 19 7 16 13 8 3 4 1 17 |37 143 176 165 190 145 32 18 4 5 21 7 8 21 13 17 |147 133 218 218 63 35 12 16 11 9 16 17 21 17 25 23 |147 42 61 58 14 11 1 10 1 6 1 1 4 16 1 4 |4 19 21 15 16 11 1 4 13 13 1 19 2 1 1 1 |9 8 2 8 4 7 11 16 1 1 4 1 10 9 1 5 |
11426: 118 49 17 33 18 14 22 15 1 11 4 16 10 7 3 21 |227 201 148 30 33 25 8 18 6 2 27 26 15 18 25 18 |78 148 216 145 99 35 26 15 14 8 30 22 6 6 17 12 |44 43 77 161 225 171 41 8 18 13 11 25 31 14 1 28 |49 89 57 93 233 254 123 12 9 5 15 20 27 2 29 31 |26 59 179 233 157 138 33 32 8 1 31 16 24 13 20 9 |17 46 80 231 238 124 10 19 7 16 13 8 3 4 1 17 |37 143 176 165 190 145 32 18 4 5 21 7 8 21 13 17 |147 133 218 218 63 35 12 16 11 9 16 17 21 17 25 23 |147 42 61 58 14 11 1 10 1 6 1 1 4 16 1 4 |4 19 21 15 16 11 1 4 13 13 1 19 2 1 1 1 |9 8 2 8 4 7 11 16 1 1 4 1 10 9 1 5 |
11437: 118 49 17 33 18 14 22 15 1 11 4 16 10 7 3 21 |227 201 148 30 33 25 8 18 6 2 27 26 15 18 25 18 |78 148 216 145 99 35 26 15 14 8 30 22 6 6 17 12 |44 43 77 161 225 171 41 8 18 13 11 25 31 14 1 28 |49 89 57 93 233 254 123 12 9 5 15 20 27 2 29 31 |26 59 179 233 157 138 33 32 8 1 31 16 24 13 20 9 |26 37 75 239 221 127 26 11 11 8 27 20 1 15 1 18 |38 127 173 161 201 141 16 29 11 5 23 3 3 18 15 29 |154 136 208 211 62 39 5 12 25 16 19 20 25 1 23 25 |149 49 69 58 30 17 1 15 15 19 1 1 7 10 1 11 |13 11 19 19 17 1 1 5 1 19 6 15 1 1 6 1 |5 11 6 11 10 15 20 8 1 1 2 3 2 15 2 16 |
11448: 118 49 17 33 18 14 22 15 1 11 4 16 10 7 3 21 |227 201 148 30 33 25 8 18 6 2 27 26 15 18 25 18 |78 148 216 145 99 35 26 15 14 8 30 22 6 6 17 12 |44 43 77 161 225 171 41 8 18 13 11 25 31 14 1 28 |49 89 57 93 233 254 123 12 9 5 15 20 27 2 29 31 |26 59 179 233 157 138 33 32 8 1 31 16 24 13 20 9 |26 37 75 239 221 127 26 11 11 8 27 20 1 15 1 18 |38 127 173 161 201 141 16 29 11 5 23 3 3 18 15 29 |154 136 208 211 62 39 5 12 25 16 19 20 25 1 23 25 |149 49 69 58 30 17 1 15 15 19 1 1 7 10 1 11 |13 11 19 19 17 1 1 5 1 19 6 15 1 1 6 1 |5 11 6 11 10 15 20 8 1 1 2 3 2 15 2 16 |
11459: 122 55 27 26 19 24 15 10 10 6 1 7 14 3 9 22 |223 207 142 30 19 27 10 18 8 2 30 25 9 15 22 5 |85 133 223 149 91 23 31 21 21 3 9 22 12 3 1 15 |36 25 64 155 237 163 51 6 29 17 12 21 39 32 10 26 |33 91 65 86 233 247 116 5 6 19 21 6 21 9 21 26 |26 59 179 233 157 138 33 32 8 1 31 16 24 13 20 9 |26 37 75 239 221 127 26 11 11 8 27 20 1 15 1 18 |38 127 173 161 201 141 16 29 11 5 23 3 3 18 15 29 |154 136 208 211 62 39 5 12 25 16 19 20 25 1 23 25 |149 49 69 58 30 17 1 15 15 19 1 1 7 10 1 11 |13 11 19 19 17 1 1 5 1 19 6 15 1 1 6 1 |5 11 6 11 10 15 20 8 1 1 2 3 2 15 2 16 |
11470: 122 55 27 26 19 24 15 10 10 6 1 7 14 3 9 22 |223 207 142 30 19 27 10 18 8 2 30 25 9 15 22 5 |85 133 223 149 91 23 31 21 21 3 9 22 12 3 1 15 |36 25 64 155 237 163 51 6 29 17 12 21 39 32 10 26 |33 91 65 86 233 247 116 5 6 19 21 6 21 9 21 26 |23 54 174 239 155 139 36 19 4 11 20 15 18 9 18 14 |26 34 89 239 229 130 29 18 6 5 22 15 5 8 16 15 |39 142 174 155 184 133 29 16 1 10 33 12 1 12 13 23 |149 139 224 216 50 30 26 17 24 26 23 20 27 12 12 17 |136 44 82 61 21 24 1 22 16 10 1 1 6 10 1 16 |22 13 20 17 17 1 6 10 1 16 6 1 1 1 1 1 |7 8 1 10 8 24 11 11 1 5 17 1 8 7 1 19 |
11481: 122 55 27 26 19 24 15 10 10 6 1 7 14 3 9 22 |223 207 142 30 19 27 10 18 8 2 30 25 9 15 22 5 |85 133 223 149 91 23 31 21 21 3 9 22 12 3 1 15 |36 25 64 155 237 163 51 6 29 17 12 21 39 32 10 26 |33 91 65 86 233 247 116 5 6 19 21 6 21 9 21 26 |23 54 174 239 155 139 36 19 4 11 20 15 18 9 18 14 |26 34 89 239 229 130 29 18 6 5 22 15 5 8 16 15 |39 142 174 155 184 133 29 16 1 10 33 12 1 12 13 23 |149 139 224 216 50 30 26 17 24 26 23 20 27 12 12 17 |136 44 82 61 21 24 1 22 16 10 1 1 6 10 1 16 |22 13 20 17 17 1 6 10 1 16 6 1 1 1 1 1 |7 8 1 10 8 24 11 11 1 5 17 1 8 7 1 19 |
11492: 113 56 22 9 30 14 3 10 1 10 1 7 12 5 3 20 |226 212 136 23 34 21 9 4 1 1 31 30 25 9 18 2 |84 137 211 147 99 28 28 21 11 1 12 27 1 1 17 17 |42 40 61 164 228 166 42 16 25 23 1 17 28 25 13 28 |40 103 72 89 235 230 128 11 21 13 10 10 23 11 30 20 |23 54 174 239 155 139 36 19 4 11 20 15 18 9 18 14 |26 34 89 239 229 130 29 18 6 5 22 15 5 8 16 15 |39 142 174 155 184 133 29 16 1 10 33 12 1 12 13 23 |149 139 224 216 50 30 26 17 24 26 23 20 27 12 12 17 |136 44 82 61 21 24 1 22 16 10 1 1 6 10 1 16 |22 13 20 17 17 1 6 10 1 16 6 1 1 1 1 1 |7 8 1 10 8 24 11 11 1 5 17 1 8 7 1 19 |
11503: 113 56 22 9 30 14 3 10 1 10 1 7 12 5 3 20 |226 212 136 23 34 21 9 4 1 1 31 30 25 9 18 2 |84 137 211 147 99 28 28 21 11 1 12 27 1 1 17 17 |42 40 61 164 228 166 42 16 25 23 1 17 28 25 13 28 |40 103 72 89 235 230 128 11 21 13 10 10 23 11 30 20 |29 59 173 232 157 159 52 21 3 11 28 13 26 1 6 13 |14 42 81 237 223 130 18 20 6 17 14 26 1 4 1 17 |40 123 170 151 183 145 29 23 11 10 28 3 4 11 16 25 |153 136 218 227 50 31 29 20 11 26 21 8 24 1 27 21 |145 40 75 61 18 11 1 23 10 11 1 7 1 16 1 9 |25 18 20 23 11 1 1 14 13 17 9 16 3 1 1 1 |7 8 1 10 8 24 11 11 1 5 17 1 8 7 1 19 |
11514: 113 56 22 9 30 14 3 10 1 10 1 7 12 5 3 20 |226 212 136 23 34 21 9 4 1 1 31 30 25 9 18 2 |84 137 211 147 99 28 28 21 11 1 12 27 1 1 17 17 |42 40 61 164 228 166 42 16 25 23 1 17 28 25 13 28 |40 103 72 89 235 230 128 11 21 13 10 10 23 11 30 20 |29 59 173 232 157 159 52 21 3 11 28 13 26 1 6 13 |14 42 81 237 223 130 18 20 6 17 14 26 1 4 1 17 |40 123 170 151 183 145 29 23 11 10 28 3 4 11 16 25 |153 136 218 227 50 31 29 20 11 26 21 8 24 1 27 21 |145 40 75 61 18 11 1 23 10 11 1 7 1 16 1 9 |25 18 20 23 11 1 1 14 13 17 9 16 3 1 1 1 |9 10 3 1 14 11 9 3 1 1 5 3 10 12 1 18 |
11525: 110 46 21 31 12 13 7 9 1 1 1 2 1 10 11 20 |219 202 127 29 30 29 14 2 10 5 23 29 25 18 23 7 |67 112 193 108 80 27 29 23 24 7 13 24 17 18 16 25 |47 43 49 127 224 159 41 17 17 14 7 13 30 21 1 19 |40 103 72 89 235 230 128 11 21 13 10 10 23 11 30 20 |29 59 173 232 157 159 52 21 3 11 28 13 26 1 6 13 |14 42 81 237 223 130 18 20 6 17 14 26 1 4 1 17 |40 123 170 151 183 145 29 23 11 10 28 3 4 11 16 25 |153 136 218 227 50 31 29 20 11 26 21 8 24 1 27 21 |145 40 75 61 18 11 1 23 10 11 1 7 1 16 1 9 |25 18 20 23 11 1 1 14 13 17 9 16 3 1 1 1 |9 10 3 1 14 11 9 3 1 1 5 3 10 12 1 18 |
11536: 110 46 21 31 12 13 7 9 1 1 1 2 1 10 11 20 |219 202 127 29 30 29 14 2 10 5 23 29 25 18 23 7 |67 112 193 108 80 27 29 23 24 7 13 24 17 18 16 25 |47 43 49 127 224 159 41 17 17 14 7 13 30 21 1 19 |45 79 51 68 227 245 112 19 11 1 4 10 16 1 14 17 |4 35 136 206 147 144 52 26 11 11 30 9 18 12 11 1 |18 35 57 223 227 138 13 26 1 14 18 6 1 2 5 7 |45 124 169 152 191 157 31 21 1 2 20 8 5 10 5 26 |138 122 218 228 54 49 20 4 3 28 18 24 21 1 12 11 |135 43 71 78 21 12 7 11 18 16 1 12 1 13 1 1 |23 17 19 15 24 15 1 8 1 1 12 10 1 3 3 1 |1 13 5 10 4 16 7 15 1 5 18 1 10 4 2 18 |
11547: 110 46 21 31 12 13 7 9 1 1 1 2 1 10 11 20 |219 202 127 29 30 29 14 2 10 5 23 29 25 18 23 7 |67 112 193 108 80 27 29 23 24 7 13 24 17 18 16 25 |47 43 49 127 224 159 41 17 17 14 7 13 30 21 1 19 |45 79 51 68 227 245 112 19 11 1 4 10 16 1 14 17 |4 35 136 206 147 144 52 26 11 11 30 9 18 12 11 1 |18 35 57 223 227 138 13 26 1 14 18 6 1 2 5 7 |45 124 169 152 191 157 31 21 1 2 20 8 5 10 5 26 |138 122 218 228 54 49 20 4 3 28 18 24 21 1 12 11 |135 43 71 78 21 12 7 11 18 16 1 12 1 13 1 1 |23 17 19 15 24 15 1 8 1 1 12 10 1 3 3 1 |1 13 5 10 4 16 7 15 1 5 18 1 10 4 2 18 |
11558: 80 39 15 14 5 15 18 17 1 1 1 2 9 6 5 4 |195 119 90 20 32 24 7 10 10 4 20 27 7 5 34 7 |40 61 117 58 56 25 22 15 20 2 4 6 13 1 2 3 |30 34 45 91 209 138 44 9 23 15 7 16 23 20 9 15 |35 58 47 63 205 246 127 16 5 8 19 1 29 13 15 25 |26 37 102 192 138 154 53 15 17 5 14 1 12 1 18 1 |16 44 71 223 222 126 17 13 1 1 9 12 1 6 3 11 |45 124 169 152 191 157 31 21 1 2 20 8 5 10 5 26 |138 122 218 228 54 49 20 4 3 28 18 24 21 1 12 11 |135 43 71 78 21 12 7 11 18 16 1 12 1 13 1 1 |23 17 19 15 24 15 1 8 1 1 12 10 1 3 3 1 |1 13 5 10 4 16 7 15 1 5 18 1 10 4 2 18 |
11569: 80 39 15 14 5 15 18 17 1 1 1 2 9 6 5 4 |195 119 90 20 32 24 7 10 10 4 20 27 7 5 34 7 |40 61 117 58 56 25 22 15 20 2 4 6 13 1 2 3 |30 34 45 91 209 138 44 9 23 15 7 16 23 20 9 15 |35 58 47 63 205 246 127 16 5 8 19 1 29 13 15 25 |26 37 102 192 138 154 53 15 17 5 14 1 12 1 18 1 |16 44 71 223 222 126 17 13 1 1 9 12 1 6 3 11 |35 83 152 141 201 166 28 9 1 1 18 1 9 20 16 16 |125 89 205 231 60 38 29 15 10 15 18 18 18 9 25 25 |119 33 61 79 26 11 9 19 1 2 1 1 1 2 1 8 |2 11 11 5 9 1 5 10 1 14 11 7 2 2 8 1 |7 10 6 10 9 27 19 12 1 2 17 1 1 5 1 6 |
11580: 80 39 15 14 5 15 18 17 1 1 1 2 9 6 5 4 |195 119 90 20 32 24 7 10 10 4 20 27 7 5 34 7 |40 61 117 58 56 25 22 15 20 2 4 6 13 1 2 3 |30 34 45 91 209 138 44 9 23 15 7 16 23 20 9 15 |35 58 47 63 205 246 127 16 5 8 19 1 29 13 15 25 |26 37 102 192 138 154 53 15 17 5 14 1 12 1 18 1 |16 44 71 223 222 126 17 13 1 1 9 12 1 6 3 11 |35 83 152 141 201 166 28 9 1 1 18 1 9 20 16 16 |125 89 205 231 60 38 29 15 10 15 18 18 18 9 25 25 |119 33 61 79 26 11 9 19 1 2 1 1 1 2 1 8 |2 11 11 5 9 1 5 10 1 14 11 7 2 2 8 1 |7 10 6 10 9 27 19 12 1 2 17 1 1 5 1 6 |
11591: 27 32 19 18 15 19 20 11 1 14 1 1 1 9 9 13 |68 50 41 8 17 10 2 1 3 9 3 19 9 8 18 1 |18 31 55 25 26 17 15 14 2 1 2 16 2 1 2 9 |14 20 25 45 126 108 40 2 5 16 6 11 20 14 4 20 |22 46 32 49 162 232 120 19 8 1 17 11 26 1 14 21 |26 37 102 192 138 154 53 15 17 5 14 1 12 1 18 1 |16 44 71 223 222 126 17 13 1 1 9 12 1 6 3 11 |35 83 152 141 201 166 28 9 1 1 18 1 9 20 16 16 |125 89 205 231 60 38 29 15 10 15 18 18 18 9 25 25 |119 33 61 79 26 11 9 19 1 2 1 1 1 2 1 8 |2 11 11 5 9 1 5 10 1 14 11 7 2 2 8 1 |7 10 6 10 9 27 19 12 1 2 17 1 1 5 1 6 |
11602: 27 32 19 18 15 19 20 11 1 14 1 1 1 9 9 13 |68 50 41 8 17 10 2 1 3 9 3 19 9 8 18 1 |18 31 55 25 26 17 15 14 2 1 2 16 2 1 2 9 |14 20 25 45 126 108 40 2 5 16 6 11 20 14 4 20 |22 46 32 49 162 232 120 19 8 1 17 11 26 1 14 21 |16 29 61 113 116 155 61 22 1 11 21 1 11 8 10 1 |18 31 46 176 220 135 28 13 1 16 11 8 1 13 3 1 |27 48 96 118 191 184 35 16 1 1 29 14 1 12 15 17 |67 48 190 231 58 51 20 20 10 25 24 12 11 1 18 18 |51 25 56 69 9 26 7 11 1 12 1 1 1 10 1 6 |9 1 17 22 22 6 1 2 8 15 6 2 1 1 7 1 |1 1 6 9 2 18 1 11 1 1 14 3 1 1 1 11 |
11613: 27 32 19 18 15 19 20 11 1 14 1 1 1 9 9 13 |68 50 41 8 17 10 2 1 3 9 3 19 9 8 18 1 |18 31 55 25 26 17 15 14 2 1 2 16 2 1 2 9 |14 20 25 45 126 108 40 2 5 16 6 11 20 14 4 20 |22 46 32 49 162 232 120 19 8 1 17 11 26 1 14 21 |16 29 61 113 116 155 61 22 1 11 21 1 11 8 10 1 |18 31 46 176 220 135 28 13 1 16 11 8 1 13 3 1 |27 48 96 118 191 184 35 16 1 1 29 14 1 12 15 17 |67 48 190 231 58 51 20 20 10 25 24 12 11 1 18 18 |51 25 56 69 9 26 7 11 1 12 1 1 1 10 1 6 |9 1 17 22 22 6 1 2 8 15 6 2 1 1 7 1 |1 1 6 9 2 18 1 11 1 1 14 3 1 1 1 11 |
11624: 20 21 5 8 18 11 2 19 5 1 1 2 2 2 1 14 |35 23 31 4 24 18 1 1 2 3 2 21 10 6 6 1 |17 12 41 17 22 12 25 17 12 1 5 16 1 1 1 8 |13 2 25 32 75 84 26 9 15 15 4 1 7 13 2 12 |7 32 17 25 115 223 121 3 9 6 12 8 18 1 12 20 |16 29 61 113 116 155 61 22 1 11 21 1 11 8 10 1 |18 31 46 176 220 135 28 13 1 16 11 8 1 13 3 1 |27 48 96 118 191 184 35 16 1 1 29 14 1 12 15 17 |67 48 190 231 58 51 20 20 10 25 24 12 11 1 18 18 |51 25 56 69 9 26 7 11 1 12 1 1 1 10 1 6 |9 1 17 22 22 6 1 2 8 15 6 2 1 1 7 1 |1 1 6 9 2 18 1 11 1 1 14 3 1 1 1 11 |
11635: 20 21 5 8 18 11 2 19 5 1 1 2 2 2 1 14 |35 23 31 4 24 18 1 1 2 3 2 21 10 6 6 1 |17 12 41 17 22 12 25 17 12 1 5 16 1 1 1 8 |13 2 25 32 75 84 26 9 15 15 4 1 7 13 2 12 |7 32 17 25 115 223 121 3 9 6 12 8 18 1 12 20 |3 25 48 54 88 146 60 13 10 1 10 1 19 7 1 5 |5 16 21 100 210 131 20 8 13 12 15 17 2 3 1 1 |34 18 65 63 186 184 31 23 2 11 26 8 11 8 13 24 |22 44 163 221 63 56 23 18 14 12 25 14 11 9 10 25 |14 14 57 83 18 24 12 3 2 9 5 4 1 1 3 13 |15 8 10 17 22 3 1 9 1 4 10 5 1 2 9 1 |1 1 6 9 2 18 1 11 1 1 14 3 1 1 1 11 |
11646: 20 21 5 8 18 11 2 19 5 1 1 2 2 2 1 14 |35 23 31 4 24 18 1 1 2 3 2 21 10 6 6 1 |17 12 41 17 22 12 25 17 12 1 5 16 1 1 1 8 |13 2 25 32 75 84 26 9 15 15 4 1 7 13 2 12 |7 32 17 25 115 223 121 3 9 6 12 8 18 1 12 20 |3 25 48 54 88 146 60 13 10 1 10 1 19 7 1 5 |5 16 21 100 210 131 20 8 13 12 15 17 2 3 1 1 |34 18 65 63 186 184 31 23 2 11 26 8 11 8 13 24 |22 44 163 221 63 56 23 18 14 12 25 14 11 9 10 25 |14 14 57 83 18 24 12 3 2 9 5 4 1 1 3 13 |15 8 10 17 22 3 1 9 1 4 10 5 1 2 9 1 |1 1 6 1 11 24 10 3 1 4 14 1 1 4 1 1 |
11657: 1 13 13 10 8 6 8 19 1 1 1 1 1 1 1 1 |40 18 12 1 13 24 11 1 1 1 14 17 1 8 5 1 |12 11 27 18 29 23 22 14 1 1 1 14 1 1 1 1 |6 1 13 26 53 73 25 1 15 4 1 1 19 3 2 16 |7 32 17 25 115 223 121 3 9 6 12 8 18 1 12 20 |3 25 48 54 88 146 60 13 10 1 10 1 19 7 1 5 |5 16 21 100 210 131 20 8 13 12 15 17 2 3 1 1 |34 18 65 63 186 184 31 23 2 11 26 8 11 8 13 24 |22 44 163 221 63 56 23 18 14 12 25 14 11 9 10 25 |14 14 57 83 18 24 12 3 2 9 5 4 1 1 3 13 |15 8 10 17 22 3 1 9 1 4 10 5 1 2 9 1 |1 1 6 1 11 24 10 3 1 4 14 1 1 4 1 1 |
11668: 1 13 13 10 8 6 8 19 1 1 1 1 1 1 1 1 |40 18 12 1 13 24 11 1 1 1 14 17 1 8 5 1 |12 11 27 18 29 23 22 14 1 1 1 14 1 1 1 1 |6 1 13 26 53 73 25 1 15 4 1 1 19 3 2 16 |11 22 29 19 98 223 119 10 1 10 12 10 24 1 10 21 |12 14 42 40 72 138 52 16 6 1 23 1 6 6 8 1 |10 27 29 66 176 134 21 18 10 8 18 19 1 1 11 8 |17 12 65 66 163 191 29 23 1 1 26 1 1 6 11 27 |16 23 130 205 56 41 12 17 13 16 24 10 6 1 25 11 |1 22 38 52 11 26 7 9 2 7 3 1 1 1 1 1 |12 3 1 15 16 1 6 9 1 16 1 18 1 1 9 1 |1 12 1 1 1 25 14 1 1 4 16 1 1 1 1 1 |
11679: 1 13 13 10 8 6 8 19 1 1 1 1 1 1 1 1 |40 18 12 1 13 24 11 1 1 1 14 17 1 8 5 1 |12 11 27 18 29 23 22 14 1 1 1 14 1 1 1 1 |6 1 13 26 53 73 25 1 15 4 1 1 19 3 2 16 |11 22 29 19 98 223 119 10 1 10 12 10 24 1 10 21 |12 14 42 40 72 138 52 16 6 1 23 1 6 6 8 1 |10 27 29 66 176 134 21 18 10 8 18 19 1 1 11 8 |17 12 65 66 163 191 29 23 1 1 26 1 1 6 11 27 |16 23 130 205 56 41 12 17 13 16 24 10 6 1 25 11 |1 22 38 52 11 26 7 9 2 7 3 1 1 1 1 1 |12 3 1 15 16 1 6 9 1 16 1 18 1 1 9 1 |1 12 1 1 1 25 14 1 1 4 16 1 1 1 1 1 |
11690: 15 1 7 9 9 8 5 8 3 4 1 1 1 1 1 7 |26 18 23 1 21 8 1 1 1 1 2 7 1 1 7 1 |12 9 34 11 17 25 24 16 11 1 1 12 1 1 1 1 |5 9 14 8 54 61 24 1 1 13 1 9 6 10 2 9 |11 22 29 19 98 223 119 10 1 10 12 10 24 1 10 21 |12 14 42 40 72 138 52 16 6 1 23 1 6 6 8 1 |10 27 29 66 176 134 21 18 10 8 18 19 1 1 11 8 |17 12 65 66 163 191 29 23 1 1 26 1 1 6 11 27 |16 23 130 205 56 41 12 17 13 16 24 10 6 1 25 11 |1 22 38 52 11 26 7 9 2 7 3 1 1 1 1 1 |12 3 1 15 16 1 6 9 1 16 1 18 1 1 9 1 |1 12 1 1 1 25 14 1 1 4 16 1 1 1 1 1 |
11701: 15 1 7 9 9 8 5 8 3 4 1 1 1 1 1 7 |26 18 23 1 21 8 1 1 1 1 2 7 1 1 7 1 |12 9 34 11 17 25 24 16 11 1 1 12 1 1 1 1 |5 9 14 8 54 61 24 1 1 13 1 9 6 10 2 9 |13 32 21 29 98 220 91 1 1 10 10 6 9 11 17 6 |1 17 35 23 53 139 46 21 1 1 19 1 17 7 11 5 |11 25 29 68 144 123 30 15 2 1 17 15 7 3 6 10 |15 23 45 50 163 176 26 15 1 4 31 9 7 10 1 20 |12 32 107 176 61 43 11 18 15 17 18 15 18 1 18 12 |5 22 40 52 12 27 6 5 1 1 1 1 1 1 1 2 |16 4 4 18 8 1 1 15 6 17 13 2 1 1 1 1 |7 1 1 1 1 12 6 5 1 5 10 1 1 14 1 7 |
11712: 15 1 7 9 9 8 5 8 3 4 1 1 1 1 1 7 |26 18 23 1 21 8 1 1 1 1 2 7 1 1 7 1 |12 9 34 11 17 25 24 16 11 1 1 12 1 1 1 1 |5 9 14 8 54 61 24 1 1 13 1 9 6 10 2 9 |13 32 21 29 98 220 91 1 1 10 10 6 9 11 17 6 |1 17 35 23 53 139 46 21 1 1 19 1 17 7 11 5 |11 25 29 68 144 123 30 15 2 1 17 15 7 3 6 10 |15 23 45 50 163 176 26 15 1 4 31 9 7 10 1 20 |12 32 107 176 61 43 11 18 15 17 18 15 18 1 18 12 |5 22 40 52 12 27 6 5 1 1 1 1 1 1 1 2 |16 4 4 18 8 1 1 15 6 17 13 2 1 1 1 1 |7 1 1 1 1 12 6 5 1 5 10 1 1 14 1 7 |
11723: 18 2 1 5 1 5 17 17 1 4 6 6 1 1 1 11 |31 10 18 1 6 11 1 1 2 1 2 15 1 1 16 1 |4 11 29 20 17 24 1 8 1 1 4 1 1 1 2 1 |8 5 14 8 49 57 23 1 13 18 1 2 14 9 2 6 |9 20 19 23 86 223 89 1 9 8 10 1 12 9 17 1 |1 17 35 23 53 139 46 21 1 1 19 1 17 7 11 5 |11 25 29 68 144 123 30 15 2 1 17 15 7 3 6 10 |15 23 45 50 163 176 26 15 1 4 31 9 7 10 1 20 |12 32 107 176 61 43 11 18 15 17 18 15 18 1 18 12 |5 22 40 52 12 27 6 5 1 1 1 1 1 1 1 2 |16 4 4 18 8 1 1 15 6 17 13 2 1 1 1 1 |7 1 1 1 1 12 6 5 1 5 10 1 1 14 1 7 |
11734: 18 2 1 5 1 5 17 17 1 4 6 6 1 1 1 11 |31 10 18 1 6 11 1 1 2 1 2 15 1 1 16 1 |4 11 29 20 17 24 1 8 1 1 4 1 1 1 2 1 |8 5 14 8 49 57 23 1 13 18 1 2 14 9 2 6 |9 20 19 23 86 223 89 1 9 8 10 1 12 9 17 1 |13 19 28 22 65 135 56 10 1 2 14 1 17 9 8 4 |5 16 36 41 147 106 17 19 1 1 17 11 2 1 1 1 |22 27 48 60 151 176 41 8 1 7 24 1 1 5 5 13 |15 40 118 181 63 43 17 18 10 17 23 7 12 1 18 22 |10 8 51 67 19 12 7 9 8 17 1 1 1 5 2 2 |1 1 3 17 7 1 7 11 2 1 10 9 2 3 7 1 |1 1 1 1 1 18 6 5 1 4 14 1 1 1 1 20 |
11745: 18 2 1 5 1 5 17 17 1 4 6 6 1 1 1 11 |31 10 18 1 6 11 1 1 2 1 2 15 1 1 16 1 |4 11 29 20 17 24 1 8 1 1 4 1 1 1 2 1 |8 5 14 8 49 57 23 1 13 18 1 2 14 9 2 6 |9 20 19 23 86 223 89 1 9 8 10 1 12 9 17 1 |13 19 28 22 65 135 56 10 1 2 14 1 17 9 8 4 |5 16 36 41 147 106 17 19 1 1 17 11 2 1 1 1 |22 27 48 60 151 176 41 8 1 7 24 1 1 5 5 13 |15 40 118 181 63 43 17 18 10 17 23 7 12 1 18 22 |10 8 51 67 19 12 7 9 8 17 1 1 1 5 2 2 |1 1 3 17 7 1 7 11 2 1 10 9 2 3 7 1 |1 1 1 1 1 18 6 5 1 4 14 1 1 1 1 20 |
11755: 14 14 18 11 3 6 6 4 4 1 1 1 4 5 1 12 |31 16 22 9 19 11 1 9 2 2 7 17 3 1 5 1 |12 16 33 18 24 19 23 16 1 1 7 11 1 1 2 1 |11 1 18 11 38 57 19 1 1 9 1 1 1 11 2 11 |3 27 20 25 98 213 86 8 5 1 1 1 20 9 22 19 |13 19 28 22 65 135 56 10 1 2 14 1 17 9 8 4 |5 16 36 41 147 106 17 19 1 1 17 11 2 1 1 1 |22 27 48 60 151 176 41 8 1 7 24 1 1 5 5 13 |15 40 118 181 63 43 17 18 10 17 23 7 12 1 18 22 |10 8 51 67 19 12 7 9 8 17 1 1 1 5 2 2 |1 1 3 17 7 1 7 11 2 1 10 9 2 3 7 1 |1 1 1 1 1 18 6 5 1 4 14 1 1 1 1 20 |
11766: 14 14 18 11 3 6 6 4 4 1 1 1 4 5 1 12 |31 16 22 9 19 11 1 9 2 2 7 17 3 1 5 1 |12 16 33 18 24 19 23 16 1 1 7 11 1 1 2 1 |11 1 18 11 38 57 19 1 1 9 1 1 1 11 2 11 |3 27 20 25 98 213 86 8 5 1 1 1 20 9 22 19 |6 19 35 11 50 145 37 6 5 1 15 3 17 2 1 2 |8 20 36 51 130 110 14 17 1 8 16 12 1 1 4 9 |12 17 59 43 160 180 27 21 2 10 29 1 11 13 14 19 |15 22 117 211 60 41 12 18 16 19 19 25 19 8 24 17 |13 9 44 79 27 10 9 8 3 10 2 1 1 7 1 1 |15 3 5 14 10 14 5 15 1 11 1 1 1 4 2 1 |1 1 1 8 7 25 12 9 1 3 14 1 1 4 1 15 |
11777: 14 14 18 11 3 6 6 4 4 1 1 1 4 5 1 12 |31 16 22 9 19 11 1 9 2 2 7 17 3 1 5 1 |12 16 33 18 24 19 23 16 1 1 7 11 1 1 2 1 |11 1 18 11 38 57 19 1 1 9 1 1 1 11 2 11 |3 27 20 25 98 213 86 8 5 1 1 1 20 9 22 19 |6 19 35 11 50 145 37 6 5 1 15 3 17 2 1 2 |8 20 36 51 130 110 14 17 1 8 16 12 1 1 4 9 |12 17 59 43 160 180 27 21 2 10 29 1 11 13 14 19 |15 22 117 211 60 41 12 18 16 19 19 25 19 8 24 17 |13 9 44 79 27 10 9 8 3 10 2 1 1 7 1 1 |15 3 5 14 10 14 5 15 1 11 1 1 1 4 2 1 |1 1 1 8 7 25 12 9 1 3 14 1 1 4 1 15 |
11788: 4 12 1 11 3 9 17 10 1 1 1 1 1 9 1 13 |32 19 20 1 7 12 1 1 1 1 9 1 1 3 5 1 |9 16 30 12 16 27 22 15 15 1 1 15 2 3 1 1 |11 1 18 11 38 57 19 1 1 9 1 1 1 11 2 11 |3 27 20 25 98 213 86 8 5 1 1 1 20 9 22 19 |6 19 35 11 50 145 37 6 5 1 15 3 17 2 1 2 |8 20 36 51 130 110 14 17 1 8 16 12 1 1 4 9 |12 17 59 43 160 180 27 21 2 10 29 1 11 13 14 19 |15 22 117 211 60 41 12 18 16 19 19 25 19 8 24 17 |13 9 44 79 27 10 9 8 3 10 2 1 1 7 1 1 |15 3 5 14 10 14 5 15 1 11 1 1 1 4 2 1 |1 1 1 8 7 25 12 9 1 3 14 1 1 4 1 15 |
11799: 4 12 1 11 3 9 17 10 1 1 1 1 1 9 1 13 |32 19 20 1 7 12 1 1 1 1 9 1 1 3 5 1 |9 16 30 12 16 27 22 15 15 1 1 15 2 3 1 1 |6 11 15 21 46 62 32 6 18 8 2 9 6 2 1 11 |10 28 9 25 99 212 86 7 11 8 7 8 14 10 10 3 |15 12 13 33 57 138 52 16 1 1 21 1 19 1 1 4 |11 24 35 61 150 112 8 9 1 7 4 6 1 5 4 7 |25 22 53 60 158 185 32 18 1 9 22 1 10 15 12 16 |25 34 131 196 54 57 18 16 15 12 9 1 2 2 1 3 |27 11 38 75 18 24 1 12 16 14 1 1 1 1 1 2 |1 1 1 4 11 1 7 8 1 10 12 14 3 5 7 1 |1 1 1 8 7 25 12 9 1 3 14 1 1 4 1 15 |
11810: 4 12 1 11 3 9 17 10 1 1 1 1 1 9 1 13 |32 19 20 1 7 12 1 1 1 1 9 1 1 3 5 1 |9 16 30 12 16 27 22 15 15 1 1 15 2 3 1 1 |6 11 15 21 46 62 32 6 18 8 2 9 6 2 1 11 |10 28 9 25 99 212 86 7 11 8 7 8 14 10 10 3 |15 12 13 33 57 138 52 16 1 1 21 1 19 1 1 4 |11 24 35 61 150 112 8 9 1 7 4 6 1 5 4 7 |25 22 53 60 158 185 32 18 1 9 22 1 10 15 12 16 |25 34 131 196 54 57 18 16 15 12 9 1 2 2 1 3 |27 11 38 75 18 24 1 12 16 14 1 1 1 1 1 2 |1 1 1 4 11 1 7 8 1 10 12 14 3 5 7 1 |1 6 1 1 1 24 8 5 1 3 15 1 3 12 1 1 |
11821: 21 7 5 3 5 7 18 14 1 1 1 1 1 4 7 1 |31 3 22 10 4 21 3 1 1 2 12 16 2 7 15 1 |12 4 30 18 18 24 23 15 1 3 3 11 1 1 1 1 |10 7 15 22 46 64 17 8 12 15 1 12 6 1 3 11 |10 28 9 25 99 212 86 7 11 8 7 8 14 10 10 3 |15 12 13 33 57 138 52 16 1 1 21 1 19 1 1 4 |11 24 35 61 150 112 8 9 1 7 4 6 1 5 4 7 |25 22 53 60 158 185 32 18 1 9 22 1 10 15 12 16 |25 34 131 196 54 57 18 16 15 12 9 1 2 2 1 3 |27 11 38 75 18 24 1 12 16 14 1 1 1 1 1 2 |1 1 1 4 11 1 7 8 1 10 12 14 3 5 7 1 |1 6 1 1 1 24 8 5 1 3 15 1 3 12 1 1 |
11832: 21 7 5 3 5 7 18 14 1 1 1 1 1 4 7 1 |31 3 22 10 4 21 3 1 1 2 12 16 2 7 15 1 |12 4 30 18 18 24 23 15 1 3 3 11 1 1 1 1 |10 7 15 22 46 64 17 8 12 15 1 12 6 1 3 11 |11 26 29 14 92 222 86 7 9 10 8 1 5 4 10 15 |8 1 34 35 61 141 49 10 1 1 21 1 17 4 1 3 |12 26 29 58 131 110 27 10 1 1 8 12 1 10 4 11 |13 12 59 43 162 190 42 22 1 1 22 5 8 19 13 17 |16 42 120 197 52 49 24 16 19 7 12 17 12 12 13 16 |28 8 36 64 27 9 4 2 1 9 1 1 1 1 1 3 |2 10 5 9 9 1 8 7 1 10 11 5 1 4 7 1 |1 6 1 1 1 24 8 5 1 3 15 1 3 12 1 1 |
11843: 21 7 5 3 5 7 18 14 1 1 1 1 1 4 7 1 |31 3 22 10 4 21 3 1 1 2 12 16 2 7 15 1 |12 4 30 18 18 24 23 15 1 3 3 11 1 1 1 1 |10 7 15 22 46 64 17 8 12 15 1 12 6 1 3 11 |11 26 29 14 92 222 86 7 9 10 8 1 5 4 10 15 |8 1 34 35 61 141 49 10 1 1 21 1 17 4 1 3 |12 26 29 58 131 110 27 10 1 1 8 12 1 10 4 11 |13 12 59 43 162 190 42 22 1 1 22 5 8 19 13 17 |16 42 120 197 52 49 24 16 19 7 12 17 12 12 13 16 |28 8 36 64 27 9 4 2 1 9 1 1 1 1 1 3 |2 10 5 9 9 1 8 7 1 10 11 5 1 4 7 1 |1 1 1 1 2 24 11 5 1 1 16 1 3 7 1 18 |
11854: 2 1 1 3 9 8 14 9 3 4 2 1 1 1 1 13 |35 16 23 15 15 21 6 1 1 4 8 13 7 1 5 1 |1 16 28 19 16 26 24 13 1 1 7 13 1 1 4 1 |10 7 15 22 46 64 17 8 12 15 1 12 6 1 3 11 |11 26 29 14 92 222 86 7 9 10 8 1 5 4 10 15 |8 1 34 35 61 141 49 10 1 1 21 1 17 4 1 3 |12 26 29 58 131 110 27 10 1 1 8 12 1 10 4 11 |13 12 59 43 162 190 42 22 1 1 22 5 8 19 13 17 |16 42 120 197 52 49 24 16 19 7 12 17 12 12 13 16 |28 8 36 64 27 9 4 2 1 9 1 1 1 1 1 3 |2 10 5 9 9 1 8 7 1 10 11 5 1 4 7 1 |1 1 1 1 2 24 11 5 1 1 16 1 3 7 1 18 |
11865: 2 1 1 3 9 8 14 9 3 4 2 1 1 1 1 13 |35 16 23 15 15 21 6 1 1 4 8 13 7 1 5 1 |1 16 28 19 16 26 24 13 1 1 7 13 1 1 4 1 |4 7 15 5 38 65 25 3 9 15 1 1 2 14 1 9 |12 28 12 17 93 221 93 15 7 7 3 3 12 11 16 8 |9 20 27 34 63 138 49 10 1 1 21 1 20 7 1 2 |11 19 35 56 123 116 18 13 1 1 9 5 10 1 1 12 |14 23 63 49 146 176 26 22 1 1 10 1 7 19 12 20 |24 22 102 186 60 48 17 13 20 5 9 16 17 1 10 8 |29 16 31 49 32 20 1 5 1 3 1 1 1 1 2 5 |15 1 2 22 8 2 1 15 2 10 10 8 1 1 9 1 |1 1 1 1 1 24 11 1 1 4 14 1 4 4 2 12 |
11876: 2 1 1 3 9 8 14 9 3 4 2 1 1 1 1 13 |35 16 23 15 15 21 6 1 1 4 8 13 7 1 5 1 |1 16 28 19 16 26 24 13 1 1 7 13 1 1 4 1 |4 7 15 5 38 65 25 3 9 15 1 1 2 14 1 9 |12 28 12 17 93 221 93 15 7 7 3 3 12 11 16 8 |9 20 27 34 63 138 49 10 1 1 21 1 20 7 1 2 |11 19 35 56 123 116 18 13 1 1 9 5 10 1 1 12 |14 23 63 49 146 176 26 22 1 1 10 1 7 19 12 20 |24 22 102 186 60 48 17 13 20 5 9 16 17 1 10 8 |29 16 31 49 32 20 1 5 1 3 1 1 1 1 2 5 |15 1 2 22 8 2 1 15 2 10 10 8 1 1 9 1 |1 1 1 1 1 24 11 1 1 4 14 1 4 4 2 12 |
11887: 18 12 3 1 6 18 17 14 1 4 1 1 1 1 1 1 |34 8 10 1 9 21 3 1 4 1 14 14 3 1 7 1 |10 11 20 18 19 26 9 12 1 1 4 13 1 1 1 1 |4 7 15 5 38 65 25 3 9 15 1 1 2 14 1 9 |12 28 12 17 93 221 93 15 7 7 3 3 12 11 16 8 |9 20 27 34 63 138 49 10 1 1 21 1 20 7 1 2 |11 19 35 56 123 116 18 13 1 1 9 5 10 1 1 12 |14 23 63 49 146 176 26 22 1 1 10 1 7 19 12 20 |24 22 102 186 60 48 17 13 20 5 9 16 17 1 10 8 |29 16 31 49 32 20 1 5 1 3 1 1 1 1 2 5 |15 1 2 22 8 2 1 15 2 10 10 8 1 1 9 1 |1 1 1 1 1 24 11 1 1 4 14 1 4 4 2 12 |
11898: 18 12 3 1 6 18 17 14 1 4 1 1 1 1 1 1 |34 8 10 1 9 21 3 1 4 1 14 14 3 1 7 1 |10 11 20 18 19 26 9 12 1 1 4 13 1 1 1 1 |4 9 18 1 50 63 28 1 14 14 2 8 7 1 1 6 |10 28 13 27 71 201 103 10 12 9 6 1 7 1 25 9 |10 4 27 23 46 81 42 8 4 3 14 1 10 1 7 2 |11 13 21 42 81 80 16 17 1 1 17 10 1 5 1 1 |10 23 46 30 49 69 34 19 1 8 16 9 9 18 1 16 |12 18 45 54 53 23 25 19 14 15 18 11 1 1 17 15 |29 21 9 10 14 15 1 9 8 8 1 1 1 1 2 2 |5 10 5 3 2 7 7 14 4 1 11 3 1 1 10 1 |1 1 1 1 1 24 11 1 1 4 14 1 4 4 2 12 |
11909: 18 12 3 1 6 18 17 14 1 4 1 1 1 1 1 1 |34 8 10 1 9 21 3 1 4 1 14 14 3 1 7 1 |10 11 20 18 19 26 9 12 1 1 4 13 1 1 1 1 |4 9 18 1 50 63 28 1 14 14 2 8 7 1 1 6 |10 28 13 27 71 201 103 10 12 9 6 1 7 1 25 9 |10 4 27 23 46 81 42 8 4 3 14 1 10 1 7 2 |11 13 21 42 81 80 16 17 1 1 17 10 1 5 1 1 |10 23 46 30 49 69 34 19 1 8 16 9 9 18 1 16 |12 18 45 54 53 23 25 19 14 15 18 11 1 1 17 15 |29 21 9 10 14 15 1 9 8 8 1 1 1 1 2 2 |5 10 5 3 2 7 7 14 4 1 11 3 1 1 10 1 |1 1 1 1 1 10 6 2 1 5 17 1 1 1 1 7 |
11920: 11 1 1 18 3 3 7 3 1 5 3 1 2 1 1 12 |30 1 26 1 9 18 1 1 1 3 7 7 7 10 13 1 |11 3 19 1 22 15 4 11 10 4 3 13 1 1 1 1 |1 2 13 9 13 19 25 1 15 8 2 6 14 4 1 1 |10 28 13 27 71 201 103 10 12 9 6 1 7 1 25 9 |10 4 27 23 46 81 42 8 4 3 14 1 10 1 7 2 |11 13 21 42 81 80 16 17 1 1 17 10 1 5 1 1 |10 23 46 30 49 69 34 19 1 8 16 9 9 18 1 16 |12 18 45 54 53 23 25 19 14 15 18 11 1 1 17 15 |29 21 9 10 14 15 1 9 8 8 1 1 1 1 2 2 |5 10 5 3 2 7 7 14 4 1 11 3 1 1 10 1 |1 1 1 1 1 10 6 2 1 5 17 1 1 1 1 7 |
11931: 11 1 1 18 3 3 7 3 1 5 3 1 2 1 1 12 |30 1 26 1 9 18 1 1 1 3 7 7 7 10 13 1 |11 3 19 1 22 15 4 11 10 4 3 13 1 1 1 1 |1 2 13 9 13 19 25 1 15 8 2 6 14 4 1 1 |10 17 15 1 13 42 30 1 3 1 4 1 13 1 5 15 |11 10 13 3 10 27 3 11 3 1 2 1 1 2 10 1 |1 19 13 7 22 16 10 12 1 6 3 1 1 3 1 9 |9 1 34 16 17 20 17 7 1 1 20 5 7 11 1 1 |6 9 3 21 29 26 17 4 13 2 17 13 11 1 1 1 |10 9 6 1 10 6 1 2 3 1 1 1 1 2 1 6 |3 1 1 1 16 2 6 13 1 10 11 10 1 3 5 1 |1 1 1 9 1 1 4 1 1 3 14 1 1 1 1 1 |
11942: 11 1 1 18 3 3 7 3 1 5 3 1 2 1 1 12 |30 1 26 1 9 18 1 1 1 3 7 7 7 10 13 1 |11 3 19 1 22 15 4 11 10 4 3 13 1 1 1 1 |1 2 13 9 13 19 25 1 15 8 2 6 14 4 1 1 |10 17 15 1 13 42 30 1 3 1 4 1 13 1 5 15 |11 10 13 3 10 27 3 11 3 1 2 1 1 2 10 1 |1 19 13 7 22 16 10 12 1 6 3 1 1 3 1 9 |9 1 34 16 17 20 17 7 1 1 20 5 7 11 1 1 |6 9 3 21 29 26 17 4 13 2 17 13 11 1 1 1 |10 9 6 1 10 6 1 2 3 1 1 1 1 2 1 6 |3 1 1 1 16 2 6 13 1 10 11 10 1 3 5 1 |1 1 1 9 1 1 4 1 1 3 14 1 1 1 1 1 |
11953: 8 2 1 4 16 15 6 15 2 1 1 1 2 1 1 1 |25 4 3 1 5 2 1 1 1 2 14 12 1 1 3 1 |1 11 16 1 4 6 23 16 14 1 5 1 1 1 2 1 |1 1 8 12 12 14 34 13 13 1 1 4 13 14 1 1 |10 17 15 1 13 42 30 1 3 1 4 1 13 1 5 15 |11 10 13 3 10 27 3 11 3 1 2 1 1 2 10 1 |1 19 13 7 22 16 10 12 1 6 3 1 1 3 1 9 |9 1 34 16 17 20 17 7 1 1 20 5 7 11 1 1 |6 9 3 21 29 26 17 4 13 2 17 13 11 1 1 1 |10 9 6 1 10 6 1 2 3 1 1 1 1 2 1 6 |3 1 1 1 16 2 6 13 1 10 11 10 1 3 5 1 |1 1 1 9 1 1 4 1 1 3 14 1 1 1 1 1 |
11964: 8 2 1 4 16 15 6 15 2 1 1 1 2 1 1 1 |25 4 3 1 5 2 1 1 1 2 14 12 1 1 3 1 |1 11 16 1 4 6 23 16 14 1 5 1 1 1 2 1 |1 1 8 12 12 14 34 13 13 1 1 4 13 14 1 1 |5 10 12 1 4 27 25 3 2 1 1 3 1 1 6 15 |1 3 15 8 7 20 1 13 5 1 13 1 8 1 1 1 |1 11 8 10 9 1 1 1 1 7 1 12 1 1 1 1 |1 1 18 15 2 5 3 16 1 1 22 1 7 16 3 6 |11 15 10 9 21 11 3 4 15 11 4 13 7 1 1 2 |7 1 7 1 1 21 1 4 1 3 1 1 1 1 1 1 |12 1 1 16 13 1 1 16 1 1 11 8 1 1 10 1 |1 9 1 5 6 15 14 14 1 1 18 1 1 1 1 11 |
11975: 8 2 1 4 16 15 6 15 2 1 1 1 2 1 1 1 |25 4 3 1 5 2 1 1 1 2 14 12 1 1 3 1 |1 11 16 1 4 6 23 16 14 1 5 1 1 1 2 1 |1 1 8 12 12 14 34 13 13 1 1 4 13 14 1 1 |5 10 12 1 4 27 25 3 2 1 1 3 1 1 6 15 |1 3 15 8 7 20 1 13 5 1 13 1 8 1 1 1 |1 11 8 10 9 1 1 1 1 7 1 12 1 1 1 1 |1 1 18 15 2 5 3 16 1 1 22 1 7 16 3 6 |11 15 10 9 21 11 3 4 15 11 4 13 7 1 1 2 |7 1 7 1 1 21 1 4 1 3 1 1 1 1 1 1 |12 1 1 16 13 1 1 16 1 1 11 8 1 1 10 1 |1 9 1 5 6 15 14 14 1 1 18 1 1 1 1 11 |
11986: 10 4 1 1 15 13 13 20 2 4 4 1 1 2 1 11 |12 4 14 1 14 12 5 1 3 2 15 6 9 2 2 1 |1 1 5 1 15 12 15 16 14 1 1 1 1 1 2 1 |1 1 8 12 12 14 34 13 13 1 1 4 13 14 1 1 |5 10 12 1 4 27 25 3 2 1 1 3 1 1 6 15 |1 3 15 8 7 20 1 13 5 1 13 1 8 1 1 1 |1 11 8 10 9 1 1 1 1 7 1 12 1 1 1 1 |1 1 18 15 2 5 3 16 1 1 22 1 7 16 3 6 |11 15 10 9 21 11 3 4 15 11 4 13 7 1 1 2 |7 1 7 1 1 21 1 4 1 3 1 1 1 1 1 1 |12 1 1 16 13 1 1 16 1 1 11 8 1 1 10 1 |1 9 1 5 6 15 14 14 1 1 18 1 1 1 1 11 |
11997: 10 4 1 1 15 13 13 20 2 4 4 1 1 2 1 11 |12 4 14 1 14 12 5 1 3 2 15 6 9 2 2 1 |1 1 5 1 15 12 15 16 14 1 1 1 1 1 2 1 |1 6 8 1 9 1 7 1 3 1 1 4 12 7 1 1 |4 18 11 1 16 14 12 6 1 2 3 1 4 1 3 15 |1 1 1 1 2 25 7 16 3 1 5 2 10 1 1 1 |5 12 19 10 5 1 1 4 2 4 3 1 1 4 1 12 |11 1 8 23 6 20 11 21 1 1 21 1 10 14 6 5 |7 10 1 1 12 23 16 4 15 9 11 15 10 1 1 12 |1 9 6 1 9 14 1 18 2 1 1 1 1 1 1 1 |12 1 1 16 13 1 1 16 1 1 11 8 1 1 10 1 |1 9 1 5 6 15 14 14 1 1 18 1 1 1 1 11 |
12008: 10 4 1 1 15 13 13 20 2 4 4 1 1 2 1 11 |12 4 14 1 14 12 5 1 3 2 15 6 9 2 2 1 |1 1 5 1 15 12 15 16 14 1 1 1 1 1 2 1 |1 6 8 1 9 1 7 1 3 1 1 4 12 7 1 1 |4 18 11 1 16 14 12 6 1 2 3 1 4 1 3 15 |1 1 1 1 2 25 7 16 3 1 5 2 10 1 1 1 |5 12 19 10 5 1 1 4 2 4 3 1 1 4 1 12 |11 1 8 23 6 20 11 21 1 1 21 1 10 14 6 5 |7 10 1 1 12 23 16 4 15 9 11 15 10 1 1 12 |1 9 6 1 9 14 1 18 2 1 1 1 1 1 1 1 |12 2 1 16 2 1 7 14 1 14 1 1 1 1 10 1 |1 1 1 1 1 8 5 1 1 1 18 1 1 5 1 5 |
12019: 10 1 1 1 15 12 2 17 1 4 1 1 3 1 1 12 |15 11 14 1 12 5 1 1 2 4 12 11 9 1 2 1 |4 1 15 1 5 1 13 20 13 1 4 1 1 1 1 1 |1 6 8 1 9 1 7 1 3 1 1 4 12 7 1 1 |4 18 11 1 16 14 12 6 1 2 3 1 4 1 3 15 |1 1 1 1 2 25 7 16 3 1 5 2 10 1 1 1 |5 12 19 10 5 1 1 4 2 4 3 1 1 4 1 12 |11 1 8 23 6 20 11 21 1 1 21 1 10 14 6 5 |7 10 1 1 12 23 16 4 15 9 11 15 10 1 1 12 |1 9 6 1 9 14 1 18 2 1 1 1 1 1 1 1 |12 2 1 16 2 1 7 14 1 14 1 1 1 1 10 1 |1 1 1 1 1 8 5 1 1 1 18 1 1 5 1 5 |
12030: 10 1 1 1 15 12 2 17 1 4 1 1 3 1 1 12 |15 11 14 1 12 5 1 1 2 4 12 11 9 1 2 1 |4 1 15 1 5 1 13 20 13 1 4 1 1 1 1 1 |5 1 1 16 1 13 15 7 11 9 1 1 14 6 1 1 |1 16 1 2 13 12 8 7 1 2 1 1 4 8 2 15 |5 1 1 1 11 36 10 13 1 1 2 1 10 1 1 1 |3 5 11 13 17 1 1 3 4 4 3 1 3 1 1 1 |18 1 5 8 9 8 17 20 1 1 13 1 1 2 5 1 |1 10 3 12 2 13 4 4 13 18 18 8 2 1 1 16 |1 1 8 1 1 16 7 8 1 2 1 1 1 7 1 1 |13 1 1 15 8 1 1 4 1 1 1 2 1 1 7 1 |1 1 1 1 1 8 5 1 1 1 18 1 1 5 1 5 |
12041: 10 1 1 1 15 12 2 17 1 4 1 1 3 1 1 12 |15 11 14 1 12 5 1 1 2 4 12 11 9 1 2 1 |4 1 15 1 5 1 13 20 13 1 4 1 1 1 1 1 |5 1 1 16 1 13 15 7 11 9 1 1 14 6 1 1 |1 16 1 2 13 12 8 7 1 2 1 1 4 8 2 15 |5 1 1 1 11 36 10 13 1 1 2 1 10 1 1 1 |3 5 11 13 17 1 1 3 4 4 3 1 3 1 1 1 |18 1 5 8 9 8 17 20 1 1 13 1 1 2 5 1 |1 10 3 12 2 13 4 4 13 18 18 8 2 1 1 16 |1 1 8 1 1 16 7 8 1 2 1 1 1 7 1 1 |13 1 1 15 8 1 1 4 1 1 1 2 1 1 7 1 |1 1 1 8 1 3 3 1 1 1 15 1 1 2 1 1 |
12052: 9 1 1 18 15 1 14 22 1 6 8 1 1 1 1 7 |16 1 4 1 12 9 1 1 1 1 14 8 6 1 2 1 |1 1 18 1 4 19 21 15 12 1 1 13 1 1 1 1 |5 1 1 16 1 13 15 7 11 9 1 1 14 6 1 1 |1 16 1 2 13 12 8 7 1 2 1 1 4 8 2 15 |5 1 1 1 11 36 10 13 1 1 2 1 10 1 1 1 |3 5 11 13 17 1 1 3 4 4 3 1 3 1 1 1 |18 1 5 8 9 8 17 20 1 1 13 1 1 2 5 1 |1 10 3 12 2 13 4 4 13 18 18 8 2 1 1 16 |1 1 8 1 1 16 7 8 1 2 1 1 1 7 1 1 |13 1 1 15 8 1 1 4 1 1 1 2 1 1 7 1 |1 1 1 8 1 3 3 1 1 1 15 1 1 2 1 1 |
12063: 9 1 1 18 15 1 14 22 1 6 8 1 1 1 1 7 |16 1 4 1 12 9 1 1 1 1 14 8 6 1 2 1 |1 1 18 1 4 19 21 15 12 1 1 13 1 1 1 1 |5 1 1 1 1 16 17 7 1 9 1 7 10 1 1 1 |3 15 1 6 13 17 10 1 3 1 3 2 9 7 2 13 |9 1 1 7 12 25 1 18 3 1 12 2 10 1 1 1 |4 9 20 10 1 15 9 1 3 1 1 1 1 5 1 3 |5 1 17 22 5 1 4 20 3 1 8 1 1 2 4 4 |6 2 11 3 8 23 1 17 14 9 5 5 1 1 1 3 |1 1 8 1 1 16 7 8 1 2 1 1 1 7 1 1 |13 1 1 15 8 1 1 4 1 1 1 2 1 1 7 1 |1 1 1 8 1 3 3 1 1 1 15 1 1 2 1 1 |
12074: 9 1 1 18 15 1 14 22 1 6 8 1 1 1 1 7 |16 1 4 1 12 9 1 1 1 1 14 8 6 1 2 1 |1 1 18 1 4 19 21 15 12 1 1 13 1 1 1 1 |5 1 1 1 1 16 17 7 1 9 1 7 10 1 1 1 |3 15 1 6 13 17 10 1 3 1 3 2 9 7 2 13 |9 1 1 7 12 25 1 18 3 1 12 2 10 1 1 1 |4 9 20 10 1 15 9 1 3 1 1 1 1 5 1 3 |5 1 17 22 5 1 4 20 3 1 8 1 1 2 4 4 |6 2 11 3 8 23 1 17 14 9 5 5 1 1 1 3 |10 9 6 1 6 8 6 13 2 3 1 1 1 1 1 4 |14 1 10 8 5 1 6 13 1 12 11 7 1 1 8 1 |1 1 1 9 1 1 12 5 1 1 2 2 1 2 1 1 |
12085: 13 22 10 18 15 10 17 22 1 1 1 1 3 9 1 1 |16 1 4 1 12 9 1 1 1 1 14 8 6 1 2 1 |1 1 18 1 4 19 21 15 12 1 1 13 1 1 1 1 |5 1 1 1 1 16 17 7 1 9 1 7 10 1 1 1 |3 15 1 6 13 17 10 1 3 1 3 2 9 7 2 13 |9 1 1 7 12 25 1 18 3 1 12 2 10 1 1 1 |4 9 20 10 1 15 9 1 3 1 1 1 1 5 1 3 |5 1 17 22 5 1 4 20 3 1 8 1 1 2 4 4 |6 2 11 3 8 23 1 17 14 9 5 5 1 1 1 3 |10 9 6 1 6 8 6 13 2 3 1 1 1 1 1 4 |14 1 10 8 5 1 6 13 1 12 11 7 1 1 8 1 |1 1 1 9 1 1 12 5 1 1 2 2 1 2 1 1 |
12096: 13 22 10 18 15 10 17 22 1 1 1 1 3 9 1 1 |7 8 13 1 13 2 1 1 2 1 13 11 9 3 6 1 |1 1 17 6 15 19 22 15 18 1 10 13 1 1 3 1 |1 1 1 11 8 2 9 1 15 9 1 3 13 6 1 1 |1 6 9 4 15 31 27 4 1 2 5 1 13 1 4 2 |1 1 3 6 8 27 9 8 7 1 12 2 11 1 1 1 |11 14 13 16 4 1 1 10 1 10 10 1 1 2 1 2 |7 1 7 22 1 12 5 22 1 1 17 1 7 4 4 9 |10 12 9 1 11 17 18 10 1 2 18 14 11 1 1 3 |3 2 1 1 1 15 1 14 6 6 1 2 1 4 1 1 |10 1 5 16 19 1 1 7 1 16 2 2 1 5 8 1 |1 1 1 9 1 1 12 5 1 1 2 2 1 2 1 1 |
12107: 13 22 10 18 15 10 17 22 1 1 1 1 3 9 1 1 |7 8 13 1 13 2 1 1 2 1 13 11 9 3 6 1 |1 1 17 6 15 19 22 15 18 1 10 13 1 1 3 1 |1 1 1 11 8 2 9 1 15 9 1 3 13 6 1 1 |1 6 9 4 15 31 27 4 1 2 5 1 13 1 4 2 |1 1 3 6 8 27 9 8 7 1 12 2 11 1 1 1 |11 14 13 16 4 1 1 10 1 10 10 1 1 2 1 2 |7 1 7 22 1 12 5 22 1 1 17 1 7 4 4 9 |10 12 9 1 11 17 18 10 1 2 18 14 11 1 1 3 |3 2 1 1 1 15 1 14 6 6 1 2 1 4 1 1 |10 1 5 16 19 1 1 7 1 16 2 2 1 5 8 1 |1 1 1 1 1 9 1 2 1 1 3 1 1 2 1 1 |
12118: 20 19 9 5 4 15 15 24 1 1 1 1 5 3 1 15 |16 2 17 1 1 8 12 3 1 4 7 5 2 1 9 1 |1 1 17 6 15 19 22 15 18 1 10 13 1 1 3 1 |1 1 1 11 8 2 9 1 15 9 1 3 13 6 1 1 |1 6 9 4 15 31 27 4 1 2 5 1 13 1 4 2 |1 1 3 6 8 27 9 8 7 1 12 2 11 1 1 1 |11 14 13 16 4 1 1 10 1 10 10 1 1 2 1 2 |7 1 7 22 1 12 5 22 1 1 17 1 7 4 4 9 |10 12 9 1 11 17 18 10 1 2 18 14 11 1 1 3 |3 2 1 1 1 15 1 14 6 6 1 2 1 4 1 1 |10 1 5 16 19 1 1 7 1 16 2 2 1 5 8 1 |1 1 1 1 1 9 1 2 1 1 3 1 1 2 1 1 |
12128: 20 19 9 5 4 15 15 24 1 1 1 1 5 3 1 15 |16 2 17 1 1 8 12 3 1 4 7 5 2 1 9 1 |8 2 17 4 2 12 30 24 11 1 5 12 1 2 1 1 |4 1 11 1 1 23 26 10 8 17 1 1 14 15 1 1 |1 10 2 10 22 25 33 12 4 1 5 1 5 6 2 14 |6 5 18 8 15 50 34 38 15 1 7 1 16 1 4 1 |1 19 8 11 24 16 17 28 2 1 14 1 1 6 1 11 |6 10 25 16 27 26 24 22 1 1 14 1 1 14 8 15 |15 27 18 5 4 22 12 17 6 2 12 13 19 1 11 14 |17 21 37 1 1 8 1 3 2 3 1 5 1 1 2 1 |10 1 5 16 19 1 1 7 1 16 2 2 1 5 8 1 |1 1 1 1 1 9 1 2 1 1 3 1 1 2 1 1 |
12139: 20 19 9 5 4 15 15 24 1 1 1 1 5 3 1 15 |16 2 17 1 1 8 12 3 1 4 7 5 2 1 9 1 |8 2 17 4 2 12 30 24 11 1 5 12 1 2 1 1 |4 1 11 1 1 23 26 10 8 17 1 1 14 15 1 1 |1 10 2 10 22 25 33 12 4 1 5 1 5 6 2 14 |6 5 18 8 15 50 34 38 15 1 7 1 16 1 4 1 |1 19 8 11 24 16 17 28 2 1 14 1 1 6 1 11 |6 10 25 16 27 26 24 22 1 1 14 1 1 14 8 15 |15 27 18 5 4 22 12 17 6 2 12 13 19 1 11 14 |17 21 37 1 1 8 1 3 2 3 1 5 1 1 2 1 |15 3 13 15 13 7 1 14 5 2 1 2 3 1 7 1 |1 1 1 9 13 16 21 12 1 1 17 1 7 5 1 17 |
12150: 45 49 27 33 25 20 22 32 3 1 9 8 1 9 18 8 |16 2 17 1 1 8 12 3 1 4 7 5 2 1 9 1 |8 2 17 4 2 12 30 24 11 1 5 12 1 2 1 1 |4 1 11 1 1 23 26 10 8 17 1 1 14 15 1 1 |1 10 2 10 22 25 33 12 4 1 5 1 5 6 2 14 |6 5 18 8 15 50 34 38 15 1 7 1 16 1 4 1 |1 19 8 11 24 16 17 28 2 1 14 1 1 6 1 11 |6 10 25 16 27 26 24 22 1 1 14 1 1 14 8 15 |15 27 18 5 4 22 12 17 6 2 12 13 19 1 11 14 |17 21 37 1 1 8 1 3 2 3 1 5 1 1 2 1 |15 3 13 15 13 7 1 14 5 2 1 2 3 1 7 1 |1 1 1 9 13 16 21 12 1 1 17 1 7 5 1 17 |
12161: 45 49 27 33 25 20 22 32 3 1 9 8 1 9 18 8 |25 26 22 22 39 47 31 6 11 1 2 21 9 8 22 1 |3 19 35 15 29 63 164 124 26 8 17 16 1 1 1 10 |15 25 24 27 28 53 136 149 42 24 8 9 24 11 1 20 |14 25 16 26 52 120 138 47 9 1 2 8 22 7 18 6 |23 12 13 16 36 147 218 170 16 1 29 5 21 10 17 11 |10 26 27 51 46 50 88 54 11 2 17 16 1 1 1 1 |11 8 47 67 178 137 31 16 1 4 25 2 9 9 2 9 |42 100 43 9 51 56 11 17 16 17 11 7 2 1 8 15 |28 130 54 1 16 21 16 15 16 14 1 13 1 20 1 9 |2 1 10 1 4 9 6 5 1 16 4 1 1 1 8 2 |1 1 1 9 13 16 21 12 1 1 17 1 7 5 1 17 |
12172: 45 49 27 33 25 20 22 32 3 1 9 8 1 9 18 8 |25 26 22 22 39 47 31 6 11 1 2 21 9 8 22 1 |3 19 35 15 29 63 164 124 26 8 17 16 1 1 1 10 |15 25 24 27 28 53 136 149 42 24 8 9 24 11 1 20 |14 25 16 26 52 120 138 47 9 1 2 8 22 7 18 6 |23 12 13 16 36 147 218 170 16 1 29 5 21 10 17 11 |10 26 27 51 46 50 88 54 11 2 17 16 1 1 1 1 |11 8 47 67 178 137 31 16 1 4 25 2 9 9 2 9 |42 100 43 9 51 56 11 17 16 17 11 7 2 1 8 15 |28 130 54 1 16 21 16 15 16 14 1 13 1 20 1 9 |2 1 10 1 4 9 6 5 1 16 4 1 1 1 8 2 |1 1 1 1 1 11 23 15 1 3 17 1 2 2 3 17 |
12183: 43 57 31 28 21 34 28 32 2 11 1 15 1 11 17 16 |40 37 40 15 41 51 38 7 1 1 6 23 16 8 23 1 |19 20 33 18 28 100 217 141 31 4 19 10 9 8 3 1 |15 25 24 27 28 53 136 149 42 24 8 9 24 11 1 20 |14 25 16 26 52 120 138 47 9 1 2 8 22 7 18 6 |23 12 13 16 36 147 218 170 16 1 29 5 21 10 17 11 |10 26 27 51 46 50 88 54 11 2 17 16 1 1 1 1 |11 8 47 67 178 137 31 16 1 4 25 2 9 9 2 9 |42 100 43 9 51 56 11 17 16 17 11 7 2 1 8 15 |28 130 54 1 16 21 16 15 16 14 1 13 1 20 1 9 |2 1 10 1 4 9 6 5 1 16 4 1 1 1 8 2 |1 1 1 1 1 11 23 15 1 3 17 1 2 2 3 17 |
12194: 43 57 31 28 21 34 28 32 2 11 1 15 1 11 17 16 |40 37 40 15 41 51 38 7 1 1 6 23 16 8 23 1 |19 20 33 18 28 100 217 141 31 4 19 10 9 8 3 1 |13 30 30 39 39 52 182 170 35 28 9 9 14 9 10 14 |6 21 21 39 100 204 147 56 1 1 15 7 17 1 25 20 |5 12 35 35 63 202 226 162 22 4 26 13 24 11 15 7 |11 26 33 63 82 70 98 57 8 9 17 16 1 1 1 10 |27 18 36 109 213 149 33 16 1 1 24 8 6 5 7 18 |70 164 47 19 78 65 15 19 11 2 24 15 17 9 15 17 |44 126 65 7 1 23 7 15 8 17 1 5 1 1 3 9 |15 4 17 7 9 1 1 4 1 18 11 9 1 3 9 1 |8 8 1 1 2 14 15 13 1 1 19 1 9 10 1 19 |
12205: 43 57 31 28 21 34 28 32 2 11 1 15 1 11 17 16 |40 37 40 15 41 51 38 7 1 1 6 23 16 8 23 1 |19 20 33 18 28 100 217 141 31 4 19 10 9 8 3 1 |13 30 30 39 39 52 182 170 35 28 9 9 14 9 10 14 |6 21 21 39 100 204 147 56 1 1 15 7 17 1 25 20 |5 12 35 35 63 202 226 162 22 4 26 13 24 11 15 7 |11 26 33 63 82 70 98 57 8 9 17 16 1 1 1 10 |27 18 36 109 213 149 33 16 1 1 24 8 6 5 7 18 |70 164 47 19 78 65 15 19 11 2 24 15 17 9 15 17 |44 126 65 7 1 23 7 15 8 17 1 5 1 1 3 9 |15 4 17 7 9 1 1 4 1 18 11 9 1 3 9 1 |8 8 1 1 2 14 15 13 1 1 19 1 9 10 1 19 |
12216: 91 79 41 31 26 26 21 20 1 4 8 12 10 9 11 22 |50 52 46 44 54 78 44 16 1 1 22 17 16 2 11 9 |19 20 33 18 28 100 217 141 31 4 19 10 9 8 3 1 |13 30 30 39 39 52 182 170 35 28 9 9 14 9 10 14 |6 21 21 39 100 204 147 56 1 1 15 7 17 1 25 20 |5 12 35 35 63 202 226 162 22 4 26 13 24 11 15 7 |11 26 33 63 82 70 98 57 8 9 17 16 1 1 1 10 |27 18 36 109 213 149 33 16 1 1 24 8 6 5 7 18 |70 164 47 19 78 65 15 19 11 2 24 15 17 9 15 17 |44 126 65 7 1 23 7 15 8 17 1 5 1 1 3 9 |15 4 17 7 9 1 1 4 1 18 11 9 1 3 9 1 |8 8 1 1 2 14 15 13 1 1 19 1 9 10 1 19 |
12227: 91 79 41 31 26 26 21 20 1 4 8 12 10 9 11 22 |50 52 46 44 54 78 44 16 1 1 22 17 16 2 11 9 |12 36 38 20 36 166 229 143 23 7 22 23 6 6 11 8 |28 44 45 54 56 92 198 176 41 18 1 13 22 18 4 9 |19 34 31 64 161 230 152 39 22 10 15 13 11 2 13 22 |20 26 35 26 97 234 228 147 23 20 27 9 28 10 13 5 |17 36 58 112 113 74 100 61 10 2 17 14 1 14 5 4 |30 21 61 159 214 141 23 22 1 1 11 8 11 20 12 18 |93 211 88 33 78 57 5 5 7 1 2 8 11 11 3 25 |34 109 48 7 29 27 3 6 2 2 1 4 1 1 1 1 |16 1 1 16 22 16 7 4 1 18 3 17 1 3 7 1 |11 2 7 9 1 12 11 7 1 1 9 1 1 3 3 11 |
12238: 91 79 41 31 26 26 21 20 1 4 8 12 10 9 11 22 |50 52 46 44 54 78 44 16 1 1 22 17 16 2 11 9 |12 36 38 20 36 166 229 143 23 7 22 23 6 6 11 8 |28 44 45 54 56 92 198 176 41 18 1 13 22 18 4 9 |19 34 31 64 161 230 152 39 22 10 15 13 11 2 13 22 |20 26 35 26 97 234 228 147 23 20 27 9 28 10 13 5 |17 36 58 112 113 74 100 61 10 2 17 14 1 14 5 4 |30 21 61 159 214 141 23 22 1 1 11 8 11 20 12 18 |93 211 88 33 78 57 5 5 7 1 2 8 11 11 3 25 |34 109 48 7 29 27 3 6 2 2 1 4 1 1 1 1 |16 1 1 16 22 16 7 4 1 18 3 17 1 3 7 1 |11 2 7 9 1 12 11 7 1 1 9 1 1 3 3 11 |
12249: 172 150 73 58 41 34 26 29 1 10 4 8 6 1 25 17 |66 76 61 66 68 98 61 8 1 1 16 19 12 5 13 10 |12 36 38 20 36 166 229 143 23 7 22 23 6 6 11 8 |28 44 45 54 56 92 198 176 41 18 1 13 22 18 4 9 |19 34 31 64 161 230 152 39 22 10 15 13 11 2 13 22 |20 26 35 26 97 234 228 147 23 20 27 9 28 10 13 5 |17 36 58 112 113 74 100 61 10 2 17 14 1 14 5 4 |30 21 61 159 214 141 23 22 1 1 11 8 11 20 12 18 |93 211 88 33 78 57 5 5 7 1 2 8 11 11 3 25 |34 109 48 7 29 27 3 6 2 2 1 4 1 1 1 1 |16 1 1 16 22 16 7 4 1 18 3 17 1 3 7 1 |11 2 7 9 1 12 11 7 1 1 9 1 1 3 3 11 |
12260: 172 150 73 58 41 34 26 29 1 10 4 8 6 1 25 17 |66 76 61 66 68 98 61 8 1 1 16 19 12 5 13 10 |28 42 38 30 48 204 225 137 27 6 26 11 7 3 4 11 |30 53 54 43 66 115 216 184 42 18 1 20 26 23 8 17 |9 30 45 80 200 233 149 29 5 12 14 2 28 10 25 21 |21 19 34 40 115 236 240 135 12 1 10 4 18 14 14 6 |19 41 72 148 112 71 103 53 7 4 12 19 3 8 12 1 |27 29 76 199 200 130 33 20 1 10 29 13 1 9 12 19 |110 206 88 25 81 37 18 17 10 18 30 8 7 2 3 20 |33 110 42 1 16 12 1 23 10 1 2 1 1 1 1 2 |16 1 1 16 22 16 7 4 1 18 3 17 1 3 7 1 |11 2 7 9 1 12 11 7 1 1 9 1 1 3 3 11 |
12271: 172 150 73 58 41 34 26 29 1 10 4 8 6 1 25 17 |66 76 61 66 68 98 61 8 1 1 16 19 12 5 13 10 |28 42 38 30 48 204 225 137 27 6 26 11 7 3 4 11 |30 53 54 43 66 115 216 184 42 18 1 20 26 23 8 17 |9 30 45 80 200 233 149 29 5 12 14 2 28 10 25 21 |21 19 34 40 115 236 240 135 12 1 10 4 18 14 14 6 |19 41 72 148 112 71 103 53 7 4 12 19 3 8 12 1 |27 29 76 199 200 130 33 20 1 10 29 13 1 9 12 19 |110 206 88 25 81 37 18 17 10 18 30 8 7 2 3 20 |33 110 42 1 16 12 1 23 10 1 2 1 1 1 1 2 |16 19 7 23 20 15 2 8 1 2 10 8 1 1 4 1 |9 8 7 7 3 29 5 17 1 4 16 1 2 7 1 13 |
12282: 192 179 99 75 33 22 10 21 3 15 19 21 11 1 26 22 |66 76 61 66 68 98 61 8 1 1 16 19 12 5 13 10 |28 42 38 30 48 204 225 137 27 6 26 11 7 3 4 11 |30 53 54 43 66 115 216 184 42 18 1 20 26 23 8 17 |9 30 45 80 200 233 149 29 5 12 14 2 28 10 25 21 |21 19 34 40 115 236 240 135 12 1 10 4 18 14 14 6 |19 41 72 148 112 71 103 53 7 4 12 19 3 8 12 1 |27 29 76 199 200 130 33 20 1 10 29 13 1 9 12 19 |110 206 88 25 81 37 18 17 10 18 30 8 7 2 3 20 |33 110 42 1 16 12 1 23 10 1 2 1 1 1 1 2 |16 19 7 23 20 15 2 8 1 2 10 8 1 1 4 1 |9 8 7 7 3 29 5 17 1 4 16 1 2 7 1 13 |
12293: 192 179 99 75 33 22 10 21 3 15 19 21 11 1 26 22 |72 107 81 78 78 121 56 5 10 8 12 15 11 7 16 12 |27 33 40 26 79 218 243 142 25 1 14 16 14 10 5 16 |48 69 66 78 78 122 215 178 33 15 4 14 29 24 3 22 |21 42 45 102 217 227 148 51 23 17 17 15 28 9 22 10 |23 20 35 35 120 238 230 140 32 29 38 6 20 11 19 10 |4 36 85 164 126 74 101 35 17 5 17 17 1 4 1 16 |35 36 66 216 214 130 12 19 11 9 38 1 9 21 7 20 |118 221 94 43 97 44 15 2 5 17 17 21 18 1 1 28 |32 108 43 1 10 11 6 13 14 4 4 1 1 2 1 9 |9 17 5 23 18 18 1 16 1 9 13 10 2 1 7 2 |9 8 7 7 3 29 5 17 1 4 16 1 2 7 1 13 |
12304: 192 179 99 75 33 22 10 21 3 15 19 21 11 1 26 22 |72 107 81 78 78 121 56 5 10 8 12 15 11 7 16 12 |27 33 40 26 79 218 243 142 25 1 14 16 14 10 5 16 |48 69 66 78 78 122 215 178 33 15 4 14 29 24 3 22 |21 42 45 102 217 227 148 51 23 17 17 15 28 9 22 10 |23 20 35 35 120 238 230 140 32 29 38 6 20 11 19 10 |4 36 85 164 126 74 101 35 17 5 17 17 1 4 1 16 |35 36 66 216 214 130 12 19 11 9 38 1 9 21 7 20 |118 221 94 43 97 44 15 2 5 17 17 21 18 1 1 28 |32 108 43 1 10 11 6 13 14 4 4 1 1 2 1 9 |9 17 5 23 18 18 1 16 1 9 13 10 2 1 7 2 |8 7 1 16 3 32 16 19 1 1 16 1 4 7 1 10 |
12315: 198 193 120 78 42 23 17 16 1 14 19 21 7 1 13 29 |72 107 81 78 78 121 56 5 10 8 12 15 11 7 16 12 |27 33 40 26 79 218 243 142 25 1 14 16 14 10 5 16 |48 69 66 78 78 122 215 178 33 15 4 14 29 24 3 22 |21 42 45 102 217 227 148 51 23 17 17 15 28 9 22 10 |23 20 35 35 120 238 230 140 32 29 38 6 20 11 19 10 |4 36 85 164 126 74 101 35 17 5 17 17 1 4 1 16 |35 36 66 216 214 130 12 19 11 9 38 1 9 21 7 20 |118 221 94 43 97 44 15 2 5 17 17 21 18 1 1 28 |32 108 43 1 10 11 6 13 14 4 4 1 1 2 1 9 |9 17 5 23 18 18 1 16 1 9 13 10 2 1 7 2 |8 7 1 16 3 32 16 19 1 1 16 1 4 7 1 10 |
12326: 198 193 120 78 42 23 17 16 1 14 19 21 7 1 13 29 |76 131 98 122 97 127 55 18 1 10 29 29 18 9 33 16 |38 49 48 28 66 222 237 151 33 14 25 18 13 15 2 14 |52 72 77 84 78 135 230 179 44 30 14 18 21 14 14 28 |21 42 44 121 223 238 144 48 19 1 13 7 25 15 20 24 |19 19 51 39 132 249 235 120 21 19 20 3 15 1 18 15 |17 42 105 170 123 71 98 46 7 11 3 8 1 14 2 3 |34 36 75 207 223 137 17 16 1 13 25 1 1 21 12 18 |129 217 104 41 98 44 11 17 15 21 8 16 17 10 11 9 |32 108 43 1 10 11 6 13 14 4 4 1 1 2 1 9 |9 17 5 23 18 18 1 16 1 9 13 10 2 1 7 2 |8 7 1 16 3 32 16 19 1 1 16 1 4 7 1 10 |
12337: 198 193 120 78 42 23 17 16 1 14 19 21 7 1 13 29 |76 131 98 122 97 127 55 18 1 10 29 29 18 9 33 16 |38 49 48 28 66 222 237 151 33 14 25 18 13 15 2 14 |52 72 77 84 78 135 230 179 44 30 14 18 21 14 14 28 |21 42 44 121 223 238 144 48 19 1 13 7 25 15 20 24 |19 19 51 39 132 249 235 120 21 19 20 3 15 1 18 15 |17 42 105 170 123 71 98 46 7 11 3 8 1 14 2 3 |34 36 75 207 223 137 17 16 1 13 25 1 1 21 12 18 |129 217 104 41 98 44 11 17 15 21 8 16 17 10 11 9 |44 118 57 1 17 25 13 18 8 8 1 1 1 1 1 8 |11 20 5 11 16 14 1 13 1 5 13 8 2 1 7 1 |2 1 8 5 18 25 20 20 1 1 4 1 12 11 3 14 |
12348: 202 194 139 87 35 40 12 23 1 3 17 23 10 1 12 28 |76 131 98 122 97 127 55 18 1 10 29 29 18 9 33 16 |38 49 48 28 66 222 237 151 33 14 25 18 13 15 2 14 |52 72 77 84 78 135 230 179 44 30 14 18 21 14 14 28 |21 42 44 121 223 238 144 48 19 1 13 7 25 15 20 24 |19 19 51 39 132 249 235 120 21 19 20 3 15 1 18 15 |17 42 105 170 123 71 98 46 7 11 3 8 1 14 2 3 |34 36 75 207 223 137 17 16 1 13 25 1 1 21 12 18 |129 217 104 41 98 44 11 17 15 21 8 16 17 10 11 9 |44 118 57 1 17 25 13 18 8 8 1 1 1 1 1 8 |11 20 5 11 16 14 1 13 1 5 13 8 2 1 7 1 |2 1 8 5 18 25 20 20 1 1 4 1 12 11 3 14 |
12359: 202 194 139 87 35 40 12 23 1 3 17 23 10 1 12 28 |88 136 129 132 107 131 54 13 7 11 23 31 15 3 24 12 |41 53 49 46 74 237 239 162 29 18 19 24 12 1 19 5 |63 85 74 77 74 123 215 186 41 35 16 22 29 17 11 22 |23 50 39 114 234 237 155 37 27 14 11 1 15 1 19 16 |15 25 42 44 122 241 240 126 29 20 25 16 19 8 17 13 |9 53 104 171 134 86 114 41 1 12 6 18 8 13 1 10 |35 42 78 219 211 139 22 30 8 9 25 2 16 21 11 21 |133 216 102 37 88 55 13 5 8 13 6 22 13 9 15 21 |47 118 54 4 14 15 5 15 7 3 1 13 1 1 3 2 |20 16 5 11 22 11 5 9 1 18 4 1 3 3 10 1 |2 1 8 5 18 25 20 20 1 1 4 1 12 11 3 14 |
12370: 202 194 139 87 35 40 12 23 1 3 17 23 10 1 12 28 |88 136 129 132 107 131 54 13 7 11 23 31 15 3 24 12 |41 53 49 46 74 237 239 162 29 18 19 24 12 1 19 5 |63 85 74 77 74 123 215 186 41 35 16 22 29 17 11 22 |23 50 39 114 234 237 155 37 27 14 11 1 15 1 19 16 |15 25 42 44 122 241 240 126 29 20 25 16 19 8 17 13 |9 53 104 171 134 86 114 41 1 12 6 18 8 13 1 10 |35 42 78 219 211 139 22 30 8 9 25 2 16 21 11 21 |133 216 102 37 88 55 13 5 8 13 6 22 13 9 15 21 |47 118 54 4 14 15 5 15 7 3 1 13 1 1 3 2 |20 16 5 11 22 11 5 9 1 18 4 1 3 3 10 1 |1 16 5 3 1 24 18 1 1 1 6 1 2 1 2 17 |
12381: 202 194 139 87 35 40 12 23 1 3 17 23 10 1 12 28 |88 136 129 132 107 131 54 13 7 11 23 31 15 3 24 12 |41 53 49 46 74 237 239 162 29 18 19 24 12 1 19 5 |63 85 74 77 74 123 215 186 41 35 16 22 29 17 11 22 |23 50 39 114 234 237 155 37 27 14 11 1 15 1 19 16 |15 25 42 44 122 241 240 126 29 20 25 16 19 8 17 13 |9 53 104 171 134 86 114 41 1 12 6 18 8 13 1 10 |35 42 78 219 211 139 22 30 8 9 25 2 16 21 11 21 |133 216 102 37 88 55 13 5 8 13 6 22 13 9 15 21 |47 118 54 4 14 15 5 15 7 3 1 13 1 1 3 2 |20 16 5 11 22 11 5 9 1 18 4 1 3 3 10 1 |1 16 5 3 1 24 18 1 1 1 6 1 2 1 2 17 |
12392: 198 197 139 95 49 25 25 21 1 1 4 14 5 1 27 24 |89 139 123 143 101 120 58 15 10 3 14 31 14 1 29 5 |39 53 36 37 69 228 243 149 23 9 23 21 9 10 19 16 |56 84 86 96 93 141 231 190 37 32 11 15 18 24 6 27 |20 34 55 115 231 236 144 37 19 18 14 3 21 10 23 23 |9 30 28 41 127 242 229 124 22 16 28 7 24 6 5 2 |12 42 116 185 127 81 112 56 9 17 15 13 1 12 8 1 |36 28 73 210 217 133 19 17 4 7 17 1 2 24 11 25 |144 215 94 52 94 52 9 10 3 9 24 7 7 4 16 11 |39 124 52 1 11 11 4 19 7 7 1 1 1 17 1 10 |8 20 11 5 16 16 8 7 1 15 10 17 1 3 9 1 |3 4 8 15 10 30 19 19 1 2 16 1 4 4 1 18 |
12403: 198 197 139 95 49 25 25 21 1 1 4 14 5 1 27 24 |89 139 123 143 101 120 58 15 10 3 14 31 14 1 29 5 |39 53 36 37 69 228 243 149 23 9 23 21 9 10 19 16 |56 84 86 96 93 141 231 190 37 32 11 15 18 24 6 27 |20 34 55 115 231 236 144 37 19 18 14 3 21 10 23 23 |9 30 28 41 127 242 229 124 22 16 28 7 24 6 5 2 |12 42 116 185 127 81 112 56 9 17 15 13 1 12 8 1 |36 28 73 210 217 133 19 17 4 7 17 1 2 24 11 25 |144 215 94 52 94 52 9 10 3 9 24 7 7 4 16 11 |39 124 52 1 11 11 4 19 7 7 1 1 1 17 1 10 |8 20 11 5 16 16 8 7 1 15 10 17 1 3 9 1 |3 4 8 15 10 30 19 19 1 2 16 1 4 4 1 18 |
12414: 189 195 137 89 49 38 12 30 15 12 11 9 1 10 19 23 |89 139 123 143 101 120 58 15 10 3 14 31 14 1 29 5 |39 53 36 37 69 228 243 149 23 9 23 21 9 10 19 16 |56 84 86 96 93 141 231 190 37 32 11 15 18 24 6 27 |20 34 55 115 231 236 144 37 19 18 14 3 21 10 23 23 |9 30 28 41 127 242 229 124 22 16 28 7 24 6 5 2 |12 42 116 185 127 81 112 56 9 17 15 13 1 12 8 1 |36 28 73 210 217 133 19 17 4 7 17 1 2 24 11 25 |144 215 94 52 94 52 9 10 3 9 24 7 7 4 16 11 |39 124 52 1 11 11 4 19 7 7 1 1 1 17 1 10 |8 20 11 5 16 16 8 7 1 15 10 17 1 3 9 1 |3 4 8 15 10 30 19 19 1 2 16 1 4 4 1 18 |
12425: 189 195 137 89 49 38 12 30 15 12 11 9 1 10 19 23 |87 143 132 150 114 139 58 28 13 6 25 30 12 6 20 16 |25 50 53 36 87 233 242 159 39 13 25 14 1 9 1 7 |43 77 64 94 80 132 228 190 38 22 16 21 30 16 1 21 |20 39 48 108 220 237 145 49 20 11 9 9 17 14 19 26 |25 32 43 37 113 244 220 125 19 12 17 5 27 16 27 1 |28 52 104 175 135 80 105 51 15 19 15 15 1 13 1 1 |31 24 76 225 220 136 11 16 7 1 31 1 6 21 6 47 |160 220 98 26 94 49 7 10 3 4 27 16 7 8 13 14 |42 125 50 3 10 10 1 23 9 2 1 1 1 10 2 1 |12 5 11 5 17 1 3 7 1 6 10 12 2 1 9 1 |3 4 8 15 10 30 19 19 1 2 16 1 4 4 1 18 |
12436: 189 195 137 89 49 38 12 30 15 12 11 9 1 10 19 23 |87 143 132 150 114 139 58 28 13 6 25 30 12 6 20 16 |25 50 53 36 87 233 242 159 39 13 25 14 1 9 1 7 |43 77 64 94 80 132 228 190 38 22 16 21 30 16 1 21 |20 39 48 108 220 237 145 49 20 11 9 9 17 14 19 26 |25 32 43 37 113 244 220 125 19 12 17 5 27 16 27 1 |28 52 104 175 135 80 105 51 15 19 15 15 1 13 1 1 |31 24 76 225 220 136 11 16 7 1 31 1 6 21 6 47 |160 220 98 26 94 49 7 10 3 4 27 16 7 8 13 14 |42 125 50 3 10 10 1 23 9 2 1 1 1 10 2 1 |12 5 11 5 17 1 3 7 1 6 10 12 2 1 9 1 |2 15 6 15 6 33 19 8 1 1 16 1 1 6 1 17 |
12447: 194 192 146 102 49 37 24 28 3 9 11 11 4 3 11 31 |81 138 133 162 116 137 65 26 1 9 19 21 11 8 19 13 |40 48 43 45 87 221 235 147 17 1 15 19 2 1 4 10 |43 77 64 94 80 132 228 190 38 22 16 21 30 16 1 21 |20 39 48 108 220 237 145 49 20 11 9 9 17 14 19 26 |25 32 43 37 113 244 220 125 19 12 17 5 27 16 27 1 |28 52 104 175 135 80 105 51 15 19 15 15 1 13 1 1 |31 24 76 225 220 136 11 16 7 1 31 1 6 21 6 47 |160 220 98 26 94 49 7 10 3 4 27 16 7 8 13 14 |42 125 50 3 10 10 1 23 9 2 1 1 1 10 2 1 |12 5 11 5 17 1 3 7 1 6 10 12 2 1 9 1 |2 15 6 15 6 33 19 8 1 1 16 1 1 6 1 17 |
12458: 194 192 146 102 49 37 24 28 3 9 11 11 4 3 11 31 |81 138 133 162 116 137 65 26 1 9 19 21 11 8 19 13 |40 48 43 45 87 221 235 147 17 1 15 19 2 1 4 10 |52 74 76 88 85 140 225 188 41 18 17 22 23 26 4 15 |24 47 53 117 224 230 152 35 16 21 12 19 14 1 14 20 |16 36 39 31 120 248 227 122 31 21 39 14 28 5 16 4 |15 55 105 184 130 80 106 53 9 3 10 8 10 5 1 1 |41 43 81 232 223 136 42 17 7 1 23 17 1 20 1 33 |143 207 100 36 99 55 10 6 3 3 27 18 18 6 12 16 |40 114 62 1 26 26 14 12 1 12 1 6 1 4 1 5 |12 7 18 17 8 19 1 15 8 19 5 17 3 2 10 1 |8 10 5 1 15 28 11 21 1 1 2 1 11 6 1 19 |
12469: 194 192 146 102 49 37 24 28 3 9 11 11 4 3 11 31 |81 138 133 162 116 137 65 26 1 9 19 21 11 8 19 13 |40 48 43 45 87 221 235 147 17 1 15 19 2 1 4 10 |52 74 76 88 85 140 225 188 41 18 17 22 23 26 4 15 |24 47 53 117 224 230 152 35 16 21 12 19 14 1 14 20 |16 36 39 31 120 248 227 122 31 21 39 14 28 5 16 4 |15 55 105 184 130 80 106 53 9 3 10 8 10 5 1 1 |41 43 81 232 223 136 42 17 7 1 23 17 1 20 1 33 |143 207 100 36 99 55 10 6 3 3 27 18 18 6 12 16 |40 114 62 1 26 26 14 12 1 12 1 6 1 4 1 5 |12 7 18 17 8 19 1 15 8 19 5 17 3 2 10 1 |8 10 5 1 15 28 11 21 1 1 2 1 11 6 1 19 |
12480: 201 193 153 109 50 29 26 32 3 13 8 22 10 3 21 13 |85 131 144 180 125 145 55 11 1 4 28 22 26 10 31 10 |39 58 55 40 84 231 240 155 27 16 24 25 17 3 9 5 |63 77 82 96 86 138 227 194 42 24 17 22 39 24 1 19 |26 51 44 114 216 239 149 49 22 18 19 11 24 10 25 10 |25 29 37 47 133 235 228 126 27 12 23 10 19 1 14 1 |15 55 105 184 130 80 106 53 9 3 10 8 10 5 1 1 |41 43 81 232 223 136 42 17 7 1 23 17 1 20 1 33 |143 207 100 36 99 55 10 6 3 3 27 18 18 6 12 16 |40 114 62 1 26 26 14 12 1 12 1 6 1 4 1 5 |12 7 18 17 8 19 1 15 8 19 5 17 3 2 10 1 |8 10 5 1 15 28 11 21 1 1 2 1 11 6 1 19 |
12491: 201 193 153 109 50 29 26 32 3 13 8 22 10 3 21 13 |85 131 144 180 125 145 55 11 1 4 28 22 26 10 31 10 |39 58 55 40 84 231 240 155 27 16 24 25 17 3 9 5 |63 77 82 96 86 138 227 194 42 24 17 22 39 24 1 19 |26 51 44 114 216 239 149 49 22 18 19 11 24 10 25 10 |25 29 37 47 133 235 228 126 27 12 23 10 19 1 14 1 |15 38 98 178 132 77 122 49 4 5 2 22 8 8 10 4 |33 42 87 222 222 139 22 21 1 4 17 15 1 10 12 20 |153 223 105 26 105 52 15 9 21 4 25 22 28 12 24 24 |51 127 44 1 22 16 1 23 8 3 1 1 1 1 3 14 |12 9 13 8 11 1 11 21 7 11 12 10 1 1 1 1 |9 15 1 22 14 27 14 19 1 1 5 1 6 15 3 16 |
12502: 201 193 153 109 50 29 26 32 3 13 8 22 10 3 21 13 |85 131 144 180 125 145 55 11 1 4 28 22 26 10 31 10 |39 58 55 40 84 231 240 155 27 16 24 25 17 3 9 5 |63 77 82 96 86 138 227 194 42 24 17 22 39 24 1 19 |26 51 44 114 216 239 149 49 22 18 19 11 24 10 25 10 |25 29 37 47 133 235 228 126 27 12 23 10 19 1 14 1 |15 38 98 178 132 77 122 49 4 5 2 22 8 8 10 4 |33 42 87 222 222 139 22 21 1 4 17 15 1 10 12 20 |153 223 105 26 105 52 15 9 21 4 25 22 28 12 24 24 |51 127 44 1 22 16 1 23 8 3 1 1 1 1 3 14 |12 9 13 8 11 1 11 21 7 11 12 10 1 1 1 1 |9 15 1 22 14 27 14 19 1 1 5 1 6 15 3 16 |
12512: 201 194 157 99 41 33 20 26 19 19 24 11 1 2 10 15 |88 150 142 168 115 137 50 23 11 11 26 31 17 10 30 2 |43 47 50 40 90 234 235 150 31 17 13 23 9 1 1 23 |66 92 77 102 88 137 229 182 23 6 8 24 23 14 6 15 |19 41 41 125 234 232 159 49 11 17 20 9 22 14 18 24 |25 29 37 47 133 235 228 126 27 12 23 10 19 1 14 1 |15 38 98 178 132 77 122 49 4 5 2 22 8 8 10 4 |33 42 87 222 222 139 22 21 1 4 17 15 1 10 12 20 |153 223 105 26 105 52 15 9 21 4 25 22 28 12 24 24 |51 127 44 1 22 16 1 23 8 3 1 1 1 1 3 14 |12 9 13 8 11 1 11 21 7 11 12 10 1 1 1 1 |9 15 1 22 14 27 14 19 1 1 5 1 6 15 3 16 |
12523: 201 194 157 99 41 33 20 26 19 19 24 11 1 2 10 15 |88 150 142 168 115 137 50 23 11 11 26 31 17 10 30 2 |43 47 50 40 90 234 235 150 31 17 13 23 9 1 1 23 |66 92 77 102 88 137 229 182 23 6 8 24 23 14 6 15 |19 41 41 125 234 232 159 49 11 17 20 9 22 14 18 24 |26 29 43 45 124 237 237 126 17 20 30 17 25 7 8 8 |11 36 117 184 130 77 104 52 13 17 10 14 7 12 2 6 |36 36 93 232 219 131 28 16 11 4 33 14 5 12 8 17 |143 227 94 29 101 51 22 17 4 4 27 13 17 3 14 20 |53 117 51 15 27 17 15 20 1 6 1 5 1 1 2 11 |1 11 5 24 19 11 5 13 1 18 10 8 1 2 9 1 |6 16 7 10 7 19 14 19 1 1 19 1 10 5 1 19 |
12534: 201 194 157 99 41 33 20 26 19 19 24 11 1 2 10 15 |88 150 142 168 115 137 50 23 11 11 26 31 17 10 30 2 |43 47 50 40 90 234 235 150 31 17 13 23 9 1 1 23 |66 92 77 102 88 137 229 182 23 6 8 24 23 14 6 15 |19 41 41 125 234 232 159 49 11 17 20 9 22 14 18 24 |26 29 43 45 124 237 237 126 17 20 30 17 25 7 8 8 |11 36 117 184 130 77 104 52 13 17 10 14 7 12 2 6 |36 36 93 232 219 131 28 16 11 4 33 14 5 12 8 17 |143 227 94 29 101 51 22 17 4 4 27 13 17 3 14 20 |53 117 51 15 27 17 15 20 1 6 1 5 1 1 2 11 |1 11 5 24 19 11 5 13 1 18 10 8 1 2 9 1 |6 16 7 10 7 19 14 19 1 1 19 1 10 5 1 19 |
12545: 188 200 148 113 52 30 10 33 8 10 13 23 19 15 15 24 |85 145 139 165 126 139 58 18 7 11 25 16 8 8 31 11 |61 59 69 53 93 236 231 155 21 8 26 23 1 12 8 11 |70 95 84 99 74 132 221 179 35 28 16 18 19 26 11 16 |29 43 53 128 237 229 160 49 19 17 9 5 23 18 23 31 |17 23 35 29 117 245 233 125 23 4 30 16 14 5 5 7 |20 30 116 181 129 77 113 51 3 12 10 9 3 6 1 8 |35 36 92 232 221 123 8 30 1 10 28 16 5 21 14 13 |143 227 94 29 101 51 22 17 4 4 27 13 17 3 14 20 |53 117 51 15 27 17 15 20 1 6 1 5 1 1 2 11 |1 11 5 24 19 11 5 13 1 18 10 8 1 2 9 1 |6 16 7 10 7 19 14 19 1 1 19 1 10 5 1 19 |
12556: 188 200 148 113 52 30 10 33 8 10 13 23 19 15 15 24 |85 145 139 165 126 139 58 18 7 11 25 16 8 8 31 11 |61 59 69 53 93 236 231 155 21 8 26 23 1 12 8 11 |70 95 84 99 74 132 221 179 35 28 16 18 19 26 11 16 |29 43 53 128 237 229 160 49 19 17 9 5 23 18 23 31 |17 23 35 29 117 245 233 125 23 4 30 16 14 5 5 7 |20 30 116 181 129 77 113 51 3 12 10 9 3 6 1 8 |35 36 92 232 221 123 8 30 1 10 28 16 5 21 14 13 |151 227 103 40 99 48 12 4 15 14 27 14 21 3 18 19 |39 114 61 1 14 14 5 15 15 16 2 6 1 1 1 1 |13 6 20 15 14 18 6 18 9 16 12 17 1 3 4 1 |7 10 7 1 8 29 19 18 1 1 5 1 2 12 1 2 |
12567: 193 207 163 101 37 15 21 32 15 11 18 10 3 16 25 32 |85 145 139 165 126 139 58 18 7 11 25 16 8 8 31 11 |61 59 69 53 93 236 231 155 21 8 26 23 1 12 8 11 |70 95 84 99 74 132 221 179 35 28 16 18 19 26 11 16 |29 43 53 128 237 229 160 49 19 17 9 5 23 18 23 31 |17 23 35 29 117 245 233 125 23 4 30 16 14 5 5 7 |20 30 116 181 129 77 113 51 3 12 10 9 3 6 1 8 |35 36 92 232 221 123 8 30 1 10 28 16 5 21 14 13 |151 227 103 40 99 48 12 4 15 14 27 14 21 3 18 19 |39 114 61 1 14 14 5 15 15 16 2 6 1 1 1 1 |13 6 20 15 14 18 6 18 9 16 12 17 1 3 4 1 |7 10 7 1 8 29 19 18 1 1 5 1 2 12 1 2 |
12578: 193 207 163 101 37 15 21 32 15 11 18 10 3 16 25 32 |91 150 146 187 115 144 54 17 8 16 21 29 17 3 31 10 |42 58 51 41 89 235 242 158 38 15 27 31 10 6 15 4 |81 116 79 94 82 141 239 190 33 30 15 21 28 8 5 17 |27 37 32 125 236 238 154 37 10 1 13 7 16 17 29 25 |19 36 38 45 132 241 239 130 13 21 21 17 15 17 8 1 |22 40 121 189 115 76 100 53 12 18 16 6 9 8 11 2 |43 32 100 221 220 120 12 30 1 11 27 9 10 21 4 26 |160 226 103 47 106 48 9 12 13 9 17 4 9 9 16 21 |39 114 61 1 14 14 5 15 15 16 2 6 1 1 1 1 |13 6 20 15 14 18 6 18 9 16 12 17 1 3 4 1 |7 10 7 1 8 29 19 18 1 1 5 1 2 12 1 2 |
12589: 193 207 163 101 37 15 21 32 15 11 18 10 3 16 25 32 |91 150 146 187 115 144 54 17 8 16 21 29 17 3 31 10 |42 58 51 41 89 235 242 158 38 15 27 31 10 6 15 4 |81 116 79 94 82 141 239 190 33 30 15 21 28 8 5 17 |27 37 32 125 236 238 154 37 10 1 13 7 16 17 29 25 |19 36 38 45 132 241 239 130 13 21 21 17 15 17 8 1 |22 40 121 189 115 76 100 53 12 18 16 6 9 8 11 2 |43 32 100 221 220 120 12 30 1 11 27 9 10 21 4 26 |160 226 103 47 106 48 9 12 13 9 17 4 9 9 16 21 |52 113 49 6 24 18 17 18 16 15 1 1 1 3 1 1 |12 1 21 15 12 3 4 21 1 16 8 10 1 4 2 1 |5 9 8 9 7 29 25 7 1 1 9 1 2 13 3 17 |
12600: 203 206 163 115 38 38 27 31 3 3 18 22 10 10 22 31 |84 163 151 174 113 140 54 23 12 9 24 31 11 18 22 14 |45 55 50 37 91 240 243 159 33 21 17 15 2 5 8 25 |82 113 86 104 95 145 229 184 48 26 6 25 25 27 7 18 |27 37 32 125 236 238 154 37 10 1 13 7 16 17 29 25 |19 36 38 45 132 241 239 130 13 21 21 17 15 17 8 1 |22 40 121 189 115 76 100 53 12 18 16 6 9 8 11 2 |43 32 100 221 220 120 12 30 1 11 27 9 10 21 4 26 |160 226 103 47 106 48 9 12 13 9 17 4 9 9 16 21 |52 113 49 6 24 18 17 18 16 15 1 1 1 3 1 1 |12 1 21 15 12 3 4 21 1 16 8 10 1 4 2 1 |5 9 8 9 7 29 25 7 1 1 9 1 2 13 3 17 |
12611: 203 206 163 115 38 38 27 31 3 3 18 22 10 10 22 31 |84 163 151 174 113 140 54 23 12 9 24 31 11 18 22 14 |45 55 50 37 91 240 243 159 33 21 17 15 2 5 8 25 |82 113 86 104 95 145 229 184 48 26 6 25 25 27 7 18 |16 33 40 136 231 245 156 49 25 9 19 16 16 15 25 26 |27 23 43 49 123 232 219 107 31 8 25 15 20 4 21 1 |10 48 125 193 122 69 116 48 14 6 9 8 3 3 1 1 |46 47 91 230 210 127 14 15 1 11 28 2 20 13 5 18 |178 231 103 38 106 51 17 16 3 6 11 13 20 2 12 11 |49 116 54 1 13 24 14 20 9 7 1 1 1 2 2 7 |13 13 4 10 16 1 18 14 12 19 9 18 1 1 1 1 |4 1 9 5 18 31 19 19 1 1 4 1 10 11 1 19 |
12622: 203 206 163 115 38 38 27 31 3 3 18 22 10 10 22 31 |84 163 151 174 113 140 54 23 12 9 24 31 11 18 22 14 |45 55 50 37 91 240 243 159 33 21 17 15 2 5 8 25 |82 113 86 104 95 145 229 184 48 26 6 25 25 27 7 18 |16 33 40 136 231 245 156 49 25 9 19 16 16 15 25 26 |27 23 43 49 123 232 219 107 31 8 25 15 20 4 21 1 |10 48 125 193 122 69 116 48 14 6 9 8 3 3 1 1 |46 47 91 230 210 127 14 15 1 11 28 2 20 13 5 18 |178 231 103 38 106 51 17 16 3 6 11 13 20 2 12 11 |49 116 54 1 13 24 14 20 9 7 1 1 1 2 2 7 |13 13 4 10 16 1 18 14 12 19 9 18 1 1 1 1 |4 1 9 5 18 31 19 19 1 1 4 1 10 11 1 19 |
12633: 206 209 163 108 39 34 4 10 1 10 10 23 18 12 33 30 |95 162 159 191 125 135 66 18 22 16 32 27 12 11 30 11 |36 61 52 36 97 229 253 172 45 22 23 28 1 1 18 4 |91 124 95 106 91 146 227 193 51 33 17 24 33 24 10 21 |24 51 40 132 245 235 160 43 15 2 12 9 21 9 17 25 |27 23 43 49 123 232 219 107 31 8 25 15 20 4 21 1 |10 48 125 193 122 69 116 48 14 6 9 8 3 3 1 1 |46 47 91 230 210 127 14 15 1 11 28 2 20 13 5 18 |178 231 103 38 106 51 17 16 3 6 11 13 20 2 12 11 |49 116 54 1 13 24 14 20 9 7 1 1 1 2 2 7 |13 13 4 10 16 1 18 14 12 19 9 18 1 1 1 1 |4 1 9 5 18 31 19 19 1 1 4 1 10 11 1 19 |
12644: 206 209 163 108 39 34 4 10 1 10 10 23 18 12 33 30 |95 162 159 191 125 135 66 18 22 16 32 27 12 11 30 11 |36 61 52 36 97 229 253 172 45 22 23 28 1 1 18 4 |91 124 95 106 91 146 227 193 51 33 17 24 33 24 10 21 |24 51 40 132 245 235 160 43 15 2 12 9 21 9 17 25 |20 39 41 35 132 245 232 123 18 1 30 14 12 15 7 1 |16 55 127 188 120 75 101 55 10 17 16 10 1 11 2 3 |40 45 91 219 220 120 12 11 7 9 33 14 4 16 10 17 |187 228 95 54 103 49 12 23 1 18 21 14 9 8 9 17 |51 105 54 1 8 18 14 6 12 14 1 5 1 2 1 13 |13 3 19 21 17 3 3 6 1 3 2 16 3 3 5 1 |9 8 9 14 11 26 15 13 1 1 19 1 10 5 4 18 |
12655: 206 209 163 108 39 34 4 10 1 10 10 23 18 12 33 30 |95 162 159 191 125 135 66 18 22 16 32 27 12 11 30 11 |36 61 52 36 97 229 253 172 45 22 23 28 1 1 18 4 |91 124 95 106 91 146 227 193 51 33 17 24 33 24 10 21 |24 51 40 132 245 235 160 43 15 2 12 9 21 9 17 25 |20 39 41 35 132 245 232 123 18 1 30 14 12 15 7 1 |16 55 127 188 120 75 101 55 10 17 16 10 1 11 2 3 |40 45 91 219 220 120 12 11 7 9 33 14 4 16 10 17 |187 228 95 54 103 49 12 23 1 18 21 14 9 8 9 17 |51 105 54 1 8 18 14 6 12 14 1 5 1 2 1 13 |13 3 19 21 17 3 3 6 1 3 2 16 3 3 5 1 |9 8 9 14 11 26 15 13 1 1 19 1 10 5 4 18 |
12666: 199 197 174 106 37 34 11 21 5 10 18 25 18 15 25 18 |99 168 160 182 126 143 50 24 7 11 31 22 23 13 30 13 |49 65 60 41 91 238 242 157 28 1 12 19 21 8 10 5 |86 126 109 119 94 146 233 188 49 46 1 18 25 20 5 27 |14 44 50 121 243 238 150 46 13 20 20 1 25 6 29 32 |26 31 35 43 136 247 229 114 18 11 27 3 18 9 21 3 |16 55 127 188 120 75 101 55 10 17 16 10 1 11 2 3 |40 45 91 219 220 120 12 11 7 9 33 14 4 16 10 17 |187 228 95 54 103 49 12 23 1 18 21 14 9 8 9 17 |51 105 54 1 8 18 14 6 12 14 1 5 1 2 1 13 |13 3 19 21 17 3 3 6 1 3 2 16 3 3 5 1 |9 8 9 14 11 26 15 13 1 1 19 1 10 5 4 18 |
12677: 199 197 174 106 37 34 11 21 5 10 18 25 18 15 25 18 |99 168 160 182 126 143 50 24 7 11 31 22 23 13 30 13 |49 65 60 41 91 238 242 157 28 1 12 19 21 8 10 5 |86 126 109 119 94 146 233 188 49 46 1 18 25 20 5 27 |14 44 50 121 243 238 150 46 13 20 20 1 25 6 29 32 |26 31 35 43 136 247 229 114 18 11 27 3 18 9 21 3 |22 59 131 195 118 72 114 42 1 6 15 7 1 13 2 2 |66 55 109 242 219 102 17 31 3 6 25 1 5 25 14 22 |208 229 90 58 104 39 5 24 21 19 12 9 11 5 9 12 |52 101 48 1 12 10 1 21 7 12 2 11 1 9 1 1 |13 9 19 14 16 18 1 9 8 7 12 12 4 5 2 1 |5 17 1 2 4 31 20 20 1 3 12 2 11 12 1 19 |
12688: 199 197 174 106 37 34 11 21 5 10 18 25 18 15 25 18 |99 168 160 182 126 143 50 24 7 11 31 22 23 13 30 13 |49 65 60 41 91 238 242 157 28 1 12 19 21 8 10 5 |86 126 109 119 94 146 233 188 49 46 1 18 25 20 5 27 |14 44 50 121 243 238 150 46 13 20 20 1 25 6 29 32 |26 31 35 43 136 247 229 114 18 11 27 3 18 9 21 3 |22 59 131 195 118 72 114 42 1 6 15 7 1 13 2 2 |66 55 109 242 219 102 17 31 3 6 25 1 5 25 14 22 |208 229 90 58 104 39 5 24 21 19 12 9 11 5 9 12 |52 101 48 1 12 10 1 21 7 12 2 11 1 9 1 1 |13 9 19 14 16 18 1 9 8 7 12 12 4 5 2 1 |5 17 1 2 4 31 20 20 1 3 12 2 11 12 1 19 |
12699: 194 206 173 103 36 25 12 28 3 3 10 24 18 16 32 23 |99 183 170 202 125 141 51 16 18 11 17 29 25 18 31 1 |45 74 57 52 99 232 227 159 26 15 25 23 4 1 19 1 |100 132 118 119 93 169 195 201 39 16 16 19 22 23 18 25 |11 47 53 132 223 239 155 40 22 18 16 17 27 1 22 23 |24 33 41 48 131 250 220 118 23 19 24 1 20 10 7 7 |24 55 126 190 124 77 98 37 9 11 13 27 1 1 1 10 |80 64 115 244 221 106 28 32 6 17 31 8 8 10 5 23 |208 229 90 58 104 39 5 24 21 19 12 9 11 5 9 12 |52 101 48 1 12 10 1 21 7 12 2 11 1 9 1 1 |13 9 19 14 16 18 1 9 8 7 12 12 4 5 2 1 |5 17 1 2 4 31 20 20 1 3 12 2 11 12 1 19 |
12710: 194 206 173 103 36 25 12 28 3 3 10 24 18 16 32 23 |99 183 170 202 125 141 51 16 18 11 17 29 25 18 31 1 |45 74 57 52 99 232 227 159 26 15 25 23 4 1 19 1 |100 132 118 119 93 169 195 201 39 16 16 19 22 23 18 25 |11 47 53 132 223 239 155 40 22 18 16 17 27 1 22 23 |24 33 41 48 131 250 220 118 23 19 24 1 20 10 7 7 |24 55 126 190 124 77 98 37 9 11 13 27 1 1 1 10 |80 64 115 244 221 106 28 32 6 17 31 8 8 10 5 23 |219 229 92 44 84 43 20 13 7 10 26 15 20 1 10 26 |52 79 36 1 27 33 15 18 3 9 1 1 1 4 2 7 |13 5 20 24 22 14 1 16 1 19 8 18 2 1 9 1 |4 3 10 9 20 33 14 17 1 1 16 1 11 7 1 16 |
12721: 194 206 173 103 36 25 12 28 3 3 10 24 18 16 32 23 |99 183 170 202 125 141 51 16 18 11 17 29 25 18 31 1 |45 74 57 52 99 232 227 159 26 15 25 23 4 1 19 1 |100 132 118 119 93 169 195 201 39 16 16 19 22 23 18 25 |11 47 53 132 223 239 155 40 22 18 16 17 27 1 22 23 |24 33 41 48 131 250 220 118 23 19 24 1 20 10 7 7 |24 55 126 190 124 77 98 37 9 11 13 27 1 1 1 10 |80 64 115 244 221 106 28 32 6 17 31 8 8 10 5 23 |219 229 92 44 84 43 20 13 7 10 26 15 20 1 10 26 |52 79 36 1 27 33 15 18 3 9 1 1 1 4 2 7 |13 5 20 24 22 14 1 16 1 19 8 18 2 1 9 1 |4 3 10 9 20 33 14 17 1 1 16 1 11 7 1 16 |
12732: 194 195 171 119 50 33 13 22 5 5 8 12 9 19 24 23 |99 167 163 189 110 134 63 13 3 13 20 17 10 19 31 17 |62 75 66 47 99 239 242 156 23 21 29 22 4 8 10 22 |100 142 111 120 89 146 227 178 35 32 18 26 33 16 14 22 |23 42 67 145 235 240 158 36 23 19 9 11 16 14 33 17 |36 45 48 49 140 247 216 123 23 19 29 4 19 5 17 22 |26 62 147 185 120 73 97 48 19 9 22 15 4 2 6 1 |80 64 115 244 221 106 28 32 6 17 31 8 8 10 5 23 |219 229 92 44 84 43 20 13 7 10 26 15 20 1 10 26 |52 79 36 1 27 33 15 18 3 9 1 1 1 4 2 7 |13 5 20 24 22 14 1 16 1 19 8 18 2 1 9 1 |4 3 10 9 20 33 14 17 1 1 16 1 11 7 1 16 |
12743: 194 195 171 119 50 33 13 22 5 5 8 12 9 19 24 23 |99 167 163 189 110 134 63 13 3 13 20 17 10 19 31 17 |62 75 66 47 99 239 242 156 23 21 29 22 4 8 10 22 |100 142 111 120 89 146 227 178 35 32 18 26 33 16 14 22 |23 42 67 145 235 240 158 36 23 19 9 11 16 14 33 17 |36 45 48 49 140 247 216 123 23 19 29 4 19 5 17 22 |26 62 147 185 120 73 97 48 19 9 22 15 4 2 6 1 |88 64 126 238 223 109 19 29 3 16 39 10 1 22 9 12 |208 225 79 43 94 51 25 19 12 24 23 13 23 17 17 16 |52 80 32 1 17 24 16 16 13 19 1 1 1 1 2 10 |6 7 6 24 17 18 8 8 1 18 10 14 3 1 10 1 |1 2 7 10 7 10 17 17 1 4 17 1 2 20 1 11 |
12754: 194 195 171 119 50 33 13 22 5 5 8 12 9 19 24 23 |99 167 163 189 110 134 63 13 3 13 20 17 10 19 31 17 |62 75 66 47 99 239 242 156 23 21 29 22 4 8 10 22 |100 142 111 120 89 146 227 178 35 32 18 26 33 16 14 22 |23 42 67 145 235 240 158 36 23 19 9 11 16 14 33 17 |36 45 48 49 140 247 216 123 23 19 29 4 19 5 17 22 |26 62 147 185 120 73 97 48 19 9 22 15 4 2 6 1 |88 64 126 238 223 109 19 29 3 16 39 10 1 22 9 12 |208 225 79 43 94 51 25 19 12 24 23 13 23 17 17 16 |52 80 32 1 17 24 16 16 13 19 1 1 1 1 2 10 |6 7 6 24 17 18 8 8 1 18 10 14 3 1 10 1 |1 2 7 10 7 10 17 17 1 4 17 1 2 20 1 11 |
12765: 204 202 166 118 47 23 25 31 8 9 8 14 1 20 22 16 |99 167 168 196 134 143 60 17 1 14 30 28 24 14 44 20 |51 78 66 21 116 239 243 153 32 16 26 24 19 1 17 7 |106 145 111 120 93 143 239 178 28 16 17 28 35 21 8 18 |24 45 58 149 233 241 159 43 21 13 19 7 11 16 24 18 |36 45 48 49 140 247 216 123 23 19 29 4 19 5 17 22 |26 62 147 185 120 73 97 48 19 9 22 15 4 2 6 1 |88 64 126 238 223 109 19 29 3 16 39 10 1 22 9 12 |208 225 79 43 94 51 25 19 12 24 23 13 23 17 17 16 |52 80 32 1 17 24 16 16 13 19 1 1 1 1 2 10 |6 7 6 24 17 18 8 8 1 18 10 14 3 1 10 1 |1 2 7 10 7 10 17 17 1 4 17 1 2 20 1 11 |
12776: 204 202 166 118 47 23 25 31 8 9 8 14 1 20 22 16 |99 167 168 196 134 143 60 17 1 14 30 28 24 14 44 20 |51 78 66 21 116 239 243 153 32 16 26 24 19 1 17 7 |106 145 111 120 93 143 239 178 28 16 17 28 35 21 8 18 |24 45 58 149 233 241 159 43 21 13 19 7 11 16 24 18 |23 42 52 41 127 231 219 120 25 20 35 3 14 1 6 12 |15 60 148 191 113 76 104 52 9 10 17 16 12 4 1 12 |91 67 126 239 221 94 9 31 10 18 39 16 4 24 11 14 |219 217 74 48 105 46 9 5 7 8 11 9 22 1 5 10 |56 83 27 2 14 32 16 15 15 22 1 1 1 1 1 2 |20 4 18 21 12 8 1 20 1 16 4 3 2 4 3 1 |2 2 7 3 17 29 11 19 1 1 18 2 7 14 1 18 |
12787: 204 202 166 118 47 23 25 31 8 9 8 14 1 20 22 16 |99 167 168 196 134 143 60 17 1 14 30 28 24 14 44 20 |51 78 66 21 116 239 243 153 32 16 26 24 19 1 17 7 |106 145 111 120 93 143 239 178 28 16 17 28 35 21 8 18 |24 45 58 149 233 241 159 43 21 13 19 7 11 16 24 18 |23 42 52 41 127 231 219 120 25 20 35 3 14 1 6 12 |15 60 148 191 113 76 104 52 9 10 17 16 12 4 1 12 |91 67 126 239 221 94 9 31 10 18 39 16 4 24 11 14 |219 217 74 48 105 46 9 5 7 8 11 9 22 1 5 10 |56 83 27 2 14 32 16 15 15 22 1 1 1 1 1 2 |20 4 18 21 12 8 1 20 1 16 4 3 2 4 3 1 |2 2 7 3 17 29 11 19 1 1 18 2 7 14 1 18 |
12798: 199 198 153 111 40 29 24 28 10 12 20 16 9 15 17 15 |111 154 168 202 123 136 65 23 1 13 26 22 26 17 37 8 |63 76 66 47 99 239 233 146 20 17 21 24 13 14 11 8 |110 138 115 132 102 148 218 179 49 34 11 22 32 23 13 32 |14 37 53 141 240 243 151 45 12 3 9 13 13 5 30 21 |23 42 52 41 127 231 219 120 25 20 35 3 14 1 6 12 |15 60 148 191 113 76 104 52 9 10 17 16 12 4 1 12 |91 67 126 239 221 94 9 31 10 18 39 16 4 24 11 14 |219 217 74 48 105 46 9 5 7 8 11 9 22 1 5 10 |56 83 27 2 14 32 16 15 15 22 1 1 1 1 1 2 |20 4 18 21 12 8 1 20 1 16 4 3 2 4 3 1 |2 2 7 3 17 29 11 19 1 1 18 2 7 14 1 18 |
12809: 199 198 153 111 40 29 24 28 10 12 20 16 9 15 17 15 |111 154 168 202 123 136 65 23 1 13 26 22 26 17 37 8 |63 76 66 47 99 239 233 146 20 17 21 24 13 14 11 8 |110 138 115 132 102 148 218 179 49 34 11 22 32 23 13 32 |14 37 53 141 240 243 151 45 12 3 9 13 13 5 30 21 |26 30 49 37 120 232 231 114 22 3 22 7 28 10 14 15 |28 50 144 193 120 75 100 42 1 4 15 8 1 3 1 13 |94 57 126 241 214 88 16 30 1 7 32 8 17 23 11 17 |224 236 80 55 103 55 13 5 15 17 12 11 11 12 11 13 |46 78 34 1 14 18 13 20 15 22 1 13 1 11 1 15 |13 18 13 18 24 6 16 20 14 19 10 16 2 2 9 1 |2 18 4 9 18 29 25 20 1 1 7 1 6 8 1 4 |
12820: 199 198 153 111 40 29 24 28 10 12 20 16 9 15 17 15 |111 154 168 202 123 136 65 23 1 13 26 22 26 17 37 8 |63 76 66 47 99 239 233 146 20 17 21 24 13 14 11 8 |110 138 115 132 102 148 218 179 49 34 11 22 32 23 13 32 |14 37 53 141 240 243 151 45 12 3 9 13 13 5 30 21 |26 30 49 37 120 232 231 114 22 3 22 7 28 10 14 15 |28 50 144 193 120 75 100 42 1 4 15 8 1 3 1 13 |94 57 126 241 214 88 16 30 1 7 32 8 17 23 11 17 |224 236 80 55 103 55 13 5 15 17 12 11 11 12 11 13 |46 78 34 1 14 18 13 20 15 22 1 13 1 11 1 15 |13 18 13 18 24 6 16 20 14 19 10 16 2 2 9 1 |2 18 4 9 18 29 25 20 1 1 7 1 6 8 1 4 |
12831: 199 197 169 115 37 39 21 36 5 19 2 30 1 20 24 24 |94 170 172 185 131 142 60 21 1 13 25 14 27 16 28 5 |71 74 54 46 102 234 233 151 32 18 27 19 1 7 1 19 |99 154 131 131 118 149 229 180 48 23 18 23 25 13 11 33 |21 31 46 139 228 238 146 43 22 7 12 19 22 16 27 9 |16 44 52 50 139 246 235 114 7 9 28 17 26 5 19 16 |28 50 144 193 120 75 100 42 1 4 15 8 1 3 1 13 |94 57 126 241 214 88 16 30 1 7 32 8 17 23 11 17 |224 236 80 55 103 55 13 5 15 17 12 11 11 12 11 13 |46 78 34 1 14 18 13 20 15 22 1 13 1 11 1 15 |13 18 13 18 24 6 16 20 14 19 10 16 2 2 9 1 |2 18 4 9 18 29 25 20 1 1 7 1 6 8 1 4 |
12842: 199 197 169 115 37 39 21 36 5 19 2 30 1 20 24 24 |94 170 172 185 131 142 60 21 1 13 25 14 27 16 28 5 |71 74 54 46 102 234 233 151 32 18 27 19 1 7 1 19 |99 154 131 131 118 149 229 180 48 23 18 23 25 13 11 33 |21 31 46 139 228 238 146 43 22 7 12 19 22 16 27 9 |16 44 52 50 139 246 235 114 7 9 28 17 26 5 19 16 |20 69 163 185 114 74 93 43 9 5 9 6 1 1 1 1 |95 81 124 243 222 96 21 23 6 10 38 13 1 22 14 22 |219 238 90 66 103 41 24 17 18 19 25 23 26 2 17 20 |54 81 29 7 19 24 15 15 15 16 1 11 1 12 1 3 |1 7 18 8 13 15 8 8 2 15 5 16 2 3 7 1 |3 2 10 6 17 36 16 17 1 4 12 2 8 1 1 17 |
12853: 199 197 169 115 37 39 21 36 5 19 2 30 1 20 24 24 |94 170 172 185 131 142 60 21 1 13 25 14 27 16 28 5 |71 74 54 46 102 234 233 151 32 18 27 19 1 7 1 19 |99 154 131 131 118 149 229 180 48 23 18 23 25 13 11 33 |21 31 46 139 228 238 146 43 22 7 12 19 22 16 27 9 |16 44 52 50 139 246 235 114 7 9 28 17 26 5 19 16 |20 69 163 185 114 74 93 43 9 5 9 6 1 1 1 1 |95 81 124 243 222 96 21 23 6 10 38 13 1 22 14 22 |219 238 90 66 103 41 24 17 18 19 25 23 26 2 17 20 |54 81 29 7 19 24 15 15 15 16 1 11 1 12 1 3 |1 7 18 8 13 15 8 8 2 15 5 16 2 3 7 1 |3 2 10 6 17 36 16 17 1 4 12 2 8 1 1 17 |
12864: 201 214 167 101 42 33 19 31 6 1 1 26 11 6 26 21 |92 158 171 195 126 139 54 24 1 1 18 30 17 5 21 1 |61 74 46 51 105 233 241 163 25 6 22 20 3 13 12 9 |103 146 112 113 104 149 231 181 43 30 16 26 27 31 19 34 |21 31 46 139 228 238 146 43 22 7 12 19 22 16 27 9 |16 44 52 50 139 246 235 114 7 9 28 17 26 5 19 16 |20 69 163 185 114 74 93 43 9 5 9 6 1 1 1 1 |95 81 124 243 222 96 21 23 6 10 38 13 1 22 14 22 |219 238 90 66 103 41 24 17 18 19 25 23 26 2 17 20 |54 81 29 7 19 24 15 15 15 16 1 11 1 12 1 3 |1 7 18 8 13 15 8 8 2 15 5 16 2 3 7 1 |3 2 10 6 17 36 16 17 1 4 12 2 8 1 1 17 |
12875: 201 214 167 101 42 33 19 31 6 1 1 26 11 6 26 21 |92 158 171 195 126 139 54 24 1 1 18 30 17 5 21 1 |61 74 46 51 105 233 241 163 25 6 22 20 3 13 12 9 |103 146 112 113 104 149 231 181 43 30 16 26 27 31 19 34 |17 43 59 143 227 243 138 29 35 24 34 21 13 8 17 10 |33 34 56 40 129 247 220 118 25 19 25 10 25 9 13 12 |29 63 148 194 118 63 89 44 15 29 27 16 19 8 1 20 |95 73 133 244 217 94 26 31 3 9 26 4 12 24 8 24 |226 233 81 65 100 37 19 24 21 9 24 22 22 16 9 10 |53 91 33 2 14 11 18 14 16 19 1 7 1 17 1 13 |13 5 21 12 24 15 6 7 1 17 3 2 1 3 8 1 |4 15 8 9 8 26 18 16 1 1 18 1 3 12 4 16 |
12885: 201 214 167 101 42 33 19 31 6 1 1 26 11 6 26 21 |92 158 171 195 126 139 54 24 1 1 18 30 17 5 21 1 |61 74 46 51 105 233 241 163 25 6 22 20 3 13 12 9 |103 146 112 113 104 149 231 181 43 30 16 26 27 31 19 34 |17 43 59 143 227 243 138 29 35 24 34 21 13 8 17 10 |33 34 56 40 129 247 220 118 25 19 25 10 25 9 13 12 |29 63 148 194 118 63 89 44 15 29 27 16 19 8 1 20 |95 73 133 244 217 94 26 31 3 9 26 4 12 24 8 24 |226 233 81 65 100 37 19 24 21 9 24 22 22 16 9 10 |53 91 33 2 14 11 18 14 16 19 1 7 1 17 1 13 |13 5 21 12 24 15 6 7 1 17 3 2 1 3 8 1 |4 15 8 9 8 26 18 16 1 1 18 1 3 12 4 16 |
12896: 201 196 157 96 51 40 24 20 1 1 17 24 6 14 14 10 |102 175 161 183 123 138 61 19 12 3 30 22 24 16 28 19 |64 75 64 51 101 224 239 149 24 5 25 22 8 18 10 11 |111 153 111 135 96 152 218 183 42 33 16 23 28 12 9 31 |8 38 62 143 242 248 149 32 19 1 13 10 25 5 30 20 |33 34 56 40 129 247 220 118 25 19 25 10 25 9 13 12 |29 63 148 194 118 63 89 44 15 29 27 16 19 8 1 20 |95 73 133 244 217 94 26 31 3 9 26 4 12 24 8 24 |226 233 81 65 100 37 19 24 21 9 24 22 22 16 9 10 |53 91 33 2 14 11 18 14 16 19 1 7 1 17 1 13 |13 5 21 12 24 15 6 7 1 17 3 2 1 3 8 1 |4 15 8 9 8 26 18 16 1 1 18 1 3 12 4 16 |
12907: 201 196 157 96 51 40 24 20 1 1 17 24 6 14 14 10 |102 175 161 183 123 138 61 19 12 3 30 22 24 16 28 19 |64 75 64 51 101 224 239 149 24 5 25 22 8 18 10 11 |111 153 111 135 96 152 218 183 42 33 16 23 28 12 9 31 |8 38 62 143 242 248 149 32 19 1 13 10 25 5 30 20 |22 34 53 43 125 242 221 116 14 9 25 9 14 2 13 2 |19 63 158 192 115 79 104 51 9 14 7 14 7 17 5 6 |92 74 134 247 221 95 20 33 1 12 25 1 1 22 23 13 |223 228 79 63 101 48 25 13 15 26 23 15 23 1 26 19 |48 74 44 4 28 25 15 19 9 8 1 1 1 17 1 5 |22 4 20 24 14 17 4 16 7 18 5 17 1 3 8 1 |1 3 6 8 8 34 19 19 1 1 20 1 8 7 1 13 |
12918: 201 196 157 96 51 40 24 20 1 1 17 24 6 14 14 10 |102 175 161 183 123 138 61 19 12 3 30 22 24 16 28 19 |64 75 64 51 101 224 239 149 24 5 25 22 8 18 10 11 |111 153 111 135 96 152 218 183 42 33 16 23 28 12 9 31 |8 38 62 143 242 248 149 32 19 1 13 10 25 5 30 20 |22 34 53 43 125 242 221 116 14 9 25 9 14 2 13 2 |19 63 158 192 115 79 104 51 9 14 7 14 7 17 5 6 |92 74 134 247 221 95 20 33 1 12 25 1 1 22 23 13 |223 228 79 63 101 48 25 13 15 26 23 15 23 1 26 19 |48 74 44 4 28 25 15 19 9 8 1 1 1 17 1 5 |22 4 20 24 14 17 4 16 7 18 5 17 1 3 8 1 |1 3 6 8 8 34 19 19 1 1 20 1 8 7 1 13 |
12929: 207 185 156 101 34 22 31 21 1 1 5 25 11 6 22 16 |100 162 171 190 130 147 48 27 7 2 13 17 10 16 18 5 |54 84 66 53 109 237 224 154 34 23 26 26 1 9 8 17 |111 153 111 135 96 152 218 183 42 33 16 23 28 12 9 31 |8 38 62 143 242 248 149 32 19 1 13 10 25 5 30 20 |22 34 53 43 125 242 221 116 14 9 25 9 14 2 13 2 |19 63 158 192 115 79 104 51 9 14 7 14 7 17 5 6 |92 74 134 247 221 95 20 33 1 12 25 1 1 22 23 13 |223 228 79 63 101 48 25 13 15 26 23 15 23 1 26 19 |48 74 44 4 28 25 15 19 9 8 1 1 1 17 1 5 |22 4 20 24 14 17 4 16 7 18 5 17 1 3 8 1 |1 3 6 8 8 34 19 19 1 1 20 1 8 7 1 13 |
12940: 207 185 156 101 34 22 31 21 1 1 5 25 11 6 22 16 |100 162 171 190 130 147 48 27 7 2 13 17 10 16 18 5 |54 84 66 53 109 237 224 154 34 23 26 26 1 9 8 17 |105 141 107 119 89 130 220 185 52 39 19 17 28 22 10 31 |18 52 54 156 242 248 150 48 25 15 24 16 24 17 32 23 |20 36 51 38 128 247 228 117 17 20 25 16 29 1 7 1 |20 75 155 187 108 77 103 37 2 9 22 20 7 6 17 1 |95 54 131 249 210 95 27 27 1 18 33 8 1 24 13 14 |216 231 87 63 99 37 26 15 7 19 25 25 28 7 24 20 |54 82 39 3 7 15 2 23 14 19 1 1 1 1 1 8 |22 6 7 6 10 2 1 14 5 18 12 7 1 1 4 1 |1 3 6 8 8 34 19 19 1 1 20 1 8 7 1 13 |
12951: 207 185 156 101 34 22 31 21 1 1 5 25 11 6 22 16 |100 162 171 190 130 147 48 27 7 2 13 17 10 16 18 5 |54 84 66 53 109 237 224 154 34 23 26 26 1 9 8 17 |105 141 107 119 89 130 220 185 52 39 19 17 28 22 10 31 |18 52 54 156 242 248 150 48 25 15 24 16 24 17 32 23 |20 36 51 38 128 247 228 117 17 20 25 16 29 1 7 1 |20 75 155 187 108 77 103 37 2 9 22 20 7 6 17 1 |95 54 131 249 210 95 27 27 1 18 33 8 1 24 13 14 |216 231 87 63 99 37 26 15 7 19 25 25 28 7 24 20 |54 82 39 3 7 15 2 23 14 19 1 1 1 1 1 8 |22 6 7 6 10 2 1 14 5 18 12 7 1 1 4 1 |1 18 8 14 16 33 12 14 1 1 6 2 11 6 5 16 |
12962: 211 203 168 105 50 37 14 30 10 10 2 11 17 14 25 26 |89 160 148 186 122 139 50 16 3 12 16 25 11 8 36 14 |63 79 56 44 110 229 229 154 33 15 20 29 12 5 9 21 |107 141 111 115 103 154 230 175 40 17 17 27 25 32 6 29 |18 52 54 156 242 248 150 48 25 15 24 16 24 17 32 23 |20 36 51 38 128 247 228 117 17 20 25 16 29 1 7 1 |20 75 155 187 108 77 103 37 2 9 22 20 7 6 17 1 |95 54 131 249 210 95 27 27 1 18 33 8 1 24 13 14 |216 231 87 63 99 37 26 15 7 19 25 25 28 7 24 20 |54 82 39 3 7 15 2 23 14 19 1 1 1 1 1 8 |22 6 7 6 10 2 1 14 5 18 12 7 1 1 4 1 |1 18 8 14 16 33 12 14 1 1 6 2 11 6 5 16 |
12973: 211 203 168 105 50 37 14 30 10 10 2 11 17 14 25 26 |89 160 148 186 122 139 50 16 3 12 16 25 11 8 36 14 |63 79 56 44 110 229 229 154 33 15 20 29 12 5 9 21 |107 141 111 115 103 154 230 175 40 17 17 27 25 32 6 29 |10 51 53 142 225 240 146 43 19 12 16 3 23 8 22 9 |23 28 42 23 131 246 232 115 23 6 28 15 23 9 30 20 |24 78 163 193 102 67 100 40 14 8 5 26 8 1 11 12 |94 70 142 243 222 78 31 27 1 1 15 5 1 28 4 35 |226 229 84 55 93 39 17 7 8 7 22 9 13 3 16 13 |52 82 27 3 17 24 19 19 15 6 1 1 1 2 4 6 |14 5 6 20 17 8 15 7 1 2 1 15 1 2 7 1 |1 18 8 14 16 33 12 14 1 1 6 2 11 6 5 16 |
12984: 211 203 168 105 50 37 14 30 10 10 2 11 17 14 25 26 |89 160 148 186 122 139 50 16 3 12 16 25 11 8 36 14 |63 79 56 44 110 229 229 154 33 15 20 29 12 5 9 21 |107 141 111 115 103 154 230 175 40 17 17 27 25 32 6 29 |10 51 53 142 225 240 146 43 19 12 16 3 23 8 22 9 |23 28 42 23 131 246 232 115 23 6 28 15 23 9 30 20 |24 78 163 193 102 67 100 40 14 8 5 26 8 1 11 12 |94 70 142 243 222 78 31 27 1 1 15 5 1 28 4 35 |226 229 84 55 93 39 17 7 8 7 22 9 13 3 16 13 |52 82 27 3 17 24 19 19 15 6 1 1 1 2 4 6 |14 5 6 20 17 8 15 7 1 2 1 15 1 2 7 1 |6 3 1 11 8 27 12 17 1 1 5 1 1 6 1 17 |
12995: 204 202 151 106 56 26 11 19 2 2 17 25 18 8 19 24 |97 152 157 185 113 124 55 17 11 6 22 17 23 10 18 17 |54 75 57 36 102 244 236 132 41 7 24 26 15 14 11 6 |102 139 121 124 97 143 214 168 42 32 15 25 32 19 5 28 |10 51 53 142 225 240 146 43 19 12 16 3 23 8 22 9 |23 28 42 23 131 246 232 115 23 6 28 15 23 9 30 20 |24 78 163 193 102 67 100 40 14 8 5 26 8 1 11 12 |94 70 142 243 222 78 31 27 1 1 15 5 1 28 4 35 |226 229 84 55 93 39 17 7 8 7 22 9 13 3 16 13 |52 82 27 3 17 24 19 19 15 6 1 1 1 2 4 6 |14 5 6 20 17 8 15 7 1 2 1 15 1 2 7 1 |6 3 1 11 8 27 12 17 1 1 5 1 1 6 1 17 |
13006: 204 202 151 106 56 26 11 19 2 2 17 25 18 8 19 24 |97 152 157 185 113 124 55 17 11 6 22 17 23 10 18 17 |54 75 57 36 102 244 236 132 41 7 24 26 15 14 11 6 |102 139 121 124 97 143 214 168 42 32 15 25 32 19 5 28 |21 47 41 140 233 233 145 36 29 12 1 7 19 18 21 30 |24 38 38 30 139 235 239 115 13 16 13 18 24 7 17 1 |32 64 172 195 111 72 98 37 11 3 16 6 10 4 1 5 |89 80 148 253 225 90 19 21 1 2 32 9 16 23 14 13 |227 239 90 64 85 31 16 12 5 10 27 11 13 1 7 27 |41 83 24 1 29 25 15 18 11 9 3 3 1 3 1 8 |19 9 6 23 16 2 13 13 15 16 12 15 3 1 12 1 |15 10 7 16 1 28 21 20 1 1 5 1 10 6 1 17 |
13017: 204 202 151 106 56 26 11 19 2 2 17 25 18 8 19 24 |97 152 157 185 113 124 55 17 11 6 22 17 23 10 18 17 |54 75 57 36 102 244 236 132 41 7 24 26 15 14 11 6 |102 139 121 124 97 143 214 168 42 32 15 25 32 19 5 28 |21 47 41 140 233 233 145 36 29 12 1 7 19 18 21 30 |24 38 38 30 139 235 239 115 13 16 13 18 24 7 17 1 |32 64 172 195 111 72 98 37 11 3 16 6 10 4 1 5 |89 80 148 253 225 90 19 21 1 2 32 9 16 23 14 13 |227 239 90 64 85 31 16 12 5 10 27 11 13 1 7 27 |41 83 24 1 29 25 15 18 11 9 3 3 1 3 1 8 |19 9 6 23 16 2 13 13 15 16 12 15 3 1 12 1 |15 10 7 16 1 28 21 20 1 1 5 1 10 6 1 17 |
13028: 202 187 150 98 35 22 26 28 6 7 18 22 16 4 32 20 |91 155 151 171 117 137 49 11 10 8 20 29 17 7 13 14 |54 75 57 36 102 244 236 132 41 7 24 26 15 14 11 6 |102 139 121 124 97 143 214 168 42 32 15 25 32 19 5 28 |21 47 41 140 233 233 145 36 29 12 1 7 19 18 21 30 |24 38 38 30 139 235 239 115 13 16 13 18 24 7 17 1 |32 64 172 195 111 72 98 37 11 3 16 6 10 4 1 5 |89 80 148 253 225 90 19 21 1 2 32 9 16 23 14 13 |227 239 90 64 85 31 16 12 5 10 27 11 13 1 7 27 |41 83 24 1 29 25 15 18 11 9 3 3 1 3 1 8 |19 9 6 23 16 2 13 13 15 16 12 15 3 1 12 1 |15 10 7 16 1 28 21 20 1 1 5 1 10 6 1 17 |
13039: 202 187 150 98 35 22 26 28 6 7 18 22 16 4 32 20 |91 155 151 171 117 137 49 11 10 8 20 29 17 7 13 14 |54 84 57 38 98 236 221 138 35 1 24 21 1 1 1 11 |96 146 111 116 91 141 214 187 42 21 16 3 21 16 3 26 |18 42 49 150 243 243 152 36 26 19 14 21 35 22 22 18 |21 43 38 42 130 235 228 106 29 14 23 16 31 12 12 19 |33 69 173 194 107 75 104 33 19 17 18 14 5 13 1 9 |96 69 147 247 220 86 13 27 7 10 24 8 15 29 16 24 |210 223 83 49 92 49 11 15 25 19 22 13 10 8 9 6 |43 83 31 4 8 16 5 20 15 16 4 4 1 1 4 9 |19 9 6 23 16 2 13 13 15 16 12 15 3 1 12 1 |15 10 7 16 1 28 21 20 1 1 5 1 10 6 1 17 |
13050: 202 187 150 98 35 22 26 28 6 7 18 22 16 4 32 20 |91 155 151 171 117 137 49 11 10 8 20 29 17 7 13 14 |54 84 57 38 98 236 221 138 35 1 24 21 1 1 1 11 |96 146 111 116 91 141 214 187 42 21 16 3 21 16 3 26 |18 42 49 150 243 243 152 36 26 19 14 21 35 22 22 18 |21 43 38 42 130 235 228 106 29 14 23 16 31 12 12 19 |33 69 173 194 107 75 104 33 19 17 18 14 5 13 1 9 |96 69 147 247 220 86 13 27 7 10 24 8 15 29 16 24 |210 223 83 49 92 49 11 15 25 19 22 13 10 8 9 6 |43 83 31 4 8 16 5 20 15 16 4 4 1 1 4 9 |21 5 20 17 21 16 5 9 1 15 11 15 1 1 1 1 |5 3 8 7 10 33 7 6 1 4 12 1 8 12 1 11 |
13061: 195 192 136 60 20 9 7 5 4 1 9 3 2 1 1 7 |75 140 115 151 98 108 49 16 4 2 1 1 5 5 1 1 |64 60 30 46 69 208 212 129 14 1 3 4 1 6 1 1 |96 146 111 116 91 141 214 187 42 21 16 3 21 16 3 26 |18 42 49 150 243 243 152 36 26 19 14 21 35 22 22 18 |21 43 38 42 130 235 228 106 29 14 23 16 31 12 12 19 |33 69 173 194 107 75 104 33 19 17 18 14 5 13 1 9 |96 69 147 247 220 86 13 27 7 10 24 8 15 29 16 24 |210 223 83 49 92 49 11 15 25 19 22 13 10 8 9 6 |43 83 31 4 8 16 5 20 15 16 4 4 1 1 4 9 |21 5 20 17 21 16 5 9 1 15 11 15 1 1 1 1 |5 3 8 7 10 33 7 6 1 4 12 1 8 12 1 11 |
13072: 195 192 136 60 20 9 7 5 4 1 9 3 2 1 1 7 |75 140 115 151 98 108 49 16 4 2 1 1 5 5 1 1 |64 60 30 46 69 208 212 129 14 1 3 4 1 6 1 1 |101 132 102 95 90 136 222 184 21 4 9 13 2 12 6 3 |18 17 50 130 224 224 146 33 8 10 1 3 3 10 4 4 |31 28 28 34 120 235 240 113 10 5 7 2 9 5 7 5 |22 64 166 172 101 60 104 42 9 9 5 6 6 2 8 8 |88 83 137 222 233 75 21 14 10 10 2 10 14 12 11 6 |219 230 96 62 94 25 10 9 6 11 7 13 12 14 11 9 |53 76 22 14 16 9 16 2 2 5 8 1 1 5 3 2 |15 12 15 13 13 4 12 6 7 2 1 4 1 4 1 1 |5 3 8 7 10 33 7 6 1 4 12 1 8 12 1 11 |
13083: 195 192 136 60 20 9 7 5 4 1 9 3 2 1 1 7 |75 140 115 151 98 108 49 16 4 2 1 1 5 5 1 1 |64 60 30 46 69 208 212 129 14 1 3 4 1 6 1 1 |101 132 102 95 90 136 222 184 21 4 9 13 2 12 6 3 |18 17 50 130 224 224 146 33 8 10 1 3 3 10 4 4 |31 28 28 34 120 235 240 113 10 5 7 2 9 5 7 5 |22 64 166 172 101 60 104 42 9 9 5 6 6 2 8 8 |88 83 137 222 233 75 21 14 10 10 2 10 14 12 11 6 |219 230 96 62 94 25 10 9 6 11 7 13 12 14 11 9 |53 76 22 14 16 9 16 2 2 5 8 1 1 5 3 2 |15 12 15 13 13 4 12 6 7 2 1 4 1 4 1 1 |7 11 19 1 12 10 7 8 6 1 4 2 1 2 1 11 |
13094: 197 191 129 62 20 10 8 14 9 8 11 6 3 5 2 13 |63 134 111 141 91 111 49 12 5 4 2 1 3 6 1 3 |61 65 28 55 67 216 215 131 12 7 9 7 3 4 3 4 |101 132 102 95 90 136 222 184 21 4 9 13 2 12 6 3 |18 17 50 130 224 224 146 33 8 10 1 3 3 10 4 4 |31 28 28 34 120 235 240 113 10 5 7 2 9 5 7 5 |22 64 166 172 101 60 104 42 9 9 5 6 6 2 8 8 |88 83 137 222 233 75 21 14 10 10 2 10 14 12 11 6 |219 230 96 62 94 25 10 9 6 11 7 13 12 14 11 9 |53 76 22 14 16 9 16 2 2 5 8 1 1 5 3 2 |15 12 15 13 13 4 12 6 7 2 1 4 1 4 1 1 |7 11 19 1 12 10 7 8 6 1 4 2 1 2 1 11 |
13105: 197 191 129 62 20 10 8 14 9 8 11 6 3 5 2 13 |63 134 111 141 91 111 49 12 5 4 2 1 3 6 1 3 |61 65 28 55 67 216 215 131 12 7 9 7 3 4 3 4 |107 139 104 103 86 137 221 187 23 9 9 13 5 13 3 6 |20 23 44 126 227 225 138 45 12 9 7 7 6 6 10 5 |30 29 32 33 116 240 238 113 19 8 8 2 10 6 5 6 |22 68 168 178 100 66 109 38 7 15 4 5 6 3 7 9 |88 90 137 240 236 78 21 7 16 9 6 12 14 13 14 5 |215 239 99 63 88 30 4 11 11 14 4 7 13 14 10 10 |48 79 23 17 8 13 10 9 1 3 8 3 1 2 7 2 |15 12 4 18 14 5 13 6 5 1 2 3 1 4 1 3 |7 11 19 1 12 10 7 8 6 1 4 2 1 2 1 11 |
13116: 197 191 129 62 20 10 8 14 9 8 11 6 3 5 2 13 |63 134 111 141 91 111 49 12 5 4 2 1 3 6 1 3 |61 65 28 55 67 216 215 131 12 7 9 7 3 4 3 4 |107 139 104 103 86 137 221 187 23 9 9 13 5 13 3 6 |20 23 44 126 227 225 138 45 12 9 7 7 6 6 10 5 |30 29 32 33 116 240 238 113 19 8 8 2 10 6 5 6 |22 68 168 178 100 66 109 38 7 15 4 5 6 3 7 9 |88 90 137 240 236 78 21 7 16 9 6 12 14 13 14 5 |215 239 99 63 88 30 4 11 11 14 4 7 13 14 10 10 |48 79 23 17 8 13 10 9 1 3 8 3 1 2 7 2 |15 12 4 18 14 5 13 6 5 1 2 3 1 4 1 3 |2 15 15 7 13 12 8 8 4 5 7 4 2 1 4 9 |
13127: 194 186 116 51 19 14 10 9 6 9 7 12 8 8 5 4 |62 115 96 129 89 104 51 14 6 6 2 1 8 7 4 1 |61 63 34 48 68 216 208 137 16 6 7 11 7 5 5 4 |102 130 96 105 82 140 225 188 22 8 12 11 7 9 9 8 |20 23 44 126 227 225 138 45 12 9 7 7 6 6 10 5 |30 29 32 33 116 240 238 113 19 8 8 2 10 6 5 6 |22 68 168 178 100 66 109 38 7 15 4 5 6 3 7 9 |88 90 137 240 236 78 21 7 16 9 6 12 14 13 14 5 |215 239 99 63 88 30 4 11 11 14 4 7 13 14 10 10 |48 79 23 17 8 13 10 9 1 3 8 3 1 2 7 2 |15 12 4 18 14 5 13 6 5 1 2 3 1 4 1 3 |2 15 15 7 13 12 8 8 4 5 7 4 2 1 4 9 |
13138: 194 186 116 51 19 14 10 9 6 9 7 12 8 8 5 4 |62 115 96 129 89 104 51 14 6 6 2 1 8 7 4 1 |61 63 34 48 68 216 208 137 16 6 7 11 7 5 5 4 |102 130 96 105 82 140 225 188 22 8 12 11 7 9 9 8 |21 21 45 129 224 229 145 47 10 9 6 6 3 8 11 7 |28 28 30 35 125 235 243 107 11 5 9 6 7 8 7 8 |20 70 172 175 104 68 104 46 14 11 9 6 4 4 8 6 |86 91 142 234 229 83 12 13 12 9 6 14 12 11 7 9 |208 239 108 63 91 27 16 12 9 13 3 11 13 17 11 13 |43 81 29 16 13 15 13 3 1 5 6 4 2 1 7 1 |16 13 12 15 12 10 5 10 5 3 1 6 1 6 3 4 |8 8 16 8 7 14 6 7 2 6 3 1 4 1 6 6 |
13149: 194 186 116 51 19 14 10 9 6 9 7 12 8 8 5 4 |62 115 96 129 89 104 51 14 6 6 2 1 8 7 4 1 |61 63 34 48 68 216 208 137 16 6 7 11 7 5 5 4 |102 130 96 105 82 140 225 188 22 8 12 11 7 9 9 8 |21 21 45 129 224 229 145 47 10 9 6 6 3 8 11 7 |28 28 30 35 125 235 243 107 11 5 9 6 7 8 7 8 |20 70 172 175 104 68 104 46 14 11 9 6 4 4 8 6 |86 91 142 234 229 83 12 13 12 9 6 14 12 11 7 9 |208 239 108 63 91 27 16 12 9 13 3 11 13 17 11 13 |43 81 29 16 13 15 13 3 1 5 6 4 2 1 7 1 |16 13 12 15 12 10 5 10 5 3 1 6 1 6 3 4 |8 8 16 8 7 14 6 7 2 6 3 1 4 1 6 6 |
13160: 187 180 124 84 45 37 17 21 3 21 5 21 19 10 33 22 |70 111 99 106 104 129 54 27 6 1 15 29 22 16 36 1 |61 63 34 48 68 216 208 137 16 6 7 11 7 5 5 4 |102 130 96 105 82 140 225 188 22 8 12 11 7 9 9 8 |21 21 45 129 224 229 145 47 10 9 6 6 3 8 11 7 |28 28 30 35 125 235 243 107 11 5 9 6 7 8 7 8 |20 70 172 175 104 68 104 46 14 11 9 6 4 4 8 6 |86 91 142 234 229 83 12 13 12 9 6 14 12 11 7 9 |208 239 108 63 91 27 16 12 9 13 3 11 13 17 11 13 |43 81 29 16 13 15 13 3 1 5 6 4 2 1 7 1 |16 13 12 15 12 10 5 10 5 3 1 6 1 6 3 4 |8 8 16 8 7 14 6 7 2 6 3 1 4 1 6 6 |
13171: 187 180 124 84 45 37 17 21 3 21 5 21 19 10 33 22 |70 111 99 106 104 129 54 27 6 1 15 29 22 16 36 1 |59 80 52 39 89 238 232 135 33 5 34 23 5 1 15 20 |83 132 106 124 91 137 233 192 51 32 8 19 34 33 10 44 |22 43 42 147 239 230 142 41 6 9 22 11 24 19 29 16 |39 37 50 45 126 241 223 116 21 22 30 14 24 12 12 16 |38 81 176 186 116 76 99 43 13 18 18 20 9 10 1 1 |96 85 169 248 221 74 24 22 13 9 33 14 17 21 8 17 |209 236 108 69 105 33 7 23 15 12 23 4 11 6 8 26 |29 76 30 1 28 24 1 21 14 20 1 5 6 10 3 5 |16 13 12 15 12 10 5 10 5 3 1 6 1 6 3 4 |8 8 16 8 7 14 6 7 2 6 3 1 4 1 6 6 |
13182: 187 180 124 84 45 37 17 21 3 21 5 21 19 10 33 22 |70 111 99 106 104 129 54 27 6 1 15 29 22 16 36 1 |59 80 52 39 89 238 232 135 33 5 34 23 5 1 15 20 |83 132 106 124 91 137 233 192 51 32 8 19 34 33 10 44 |22 43 42 147 239 230 142 41 6 9 22 11 24 19 29 16 |39 37 50 45 126 241 223 116 21 22 30 14 24 12 12 16 |38 81 176 186 116 76 99 43 13 18 18 20 9 10 1 1 |96 85 169 248 221 74 24 22 13 9 33 14 17 21 8 17 |209 236 108 69 105 33 7 23 15 12 23 4 11 6 8 26 |29 76 30 1 28 24 1 21 14 20 1 5 6 10 3 5 |12 18 11 18 17 4 2 19 1 12 11 7 1 3 11 1 |10 4 1 1 6 34 20 19 1 1 7 1 2 2 3 11 |
13193: 169 179 88 48 49 44 25 29 7 10 14 23 11 12 16 14 |70 111 99 106 104 129 54 27 6 1 15 29 22 16 36 1 |59 80 52 39 89 238 232 135 33 5 34 23 5 1 15 20 |83 132 106 124 91 137 233 192 51 32 8 19 34 33 10 44 |22 43 42 147 239 230 142 41 6 9 22 11 24 19 29 16 |39 37 50 45 126 241 223 116 21 22 30 14 24 12 12 16 |38 81 176 186 116 76 99 43 13 18 18 20 9 10 1 1 |96 85 169 248 221 74 24 22 13 9 33 14 17 21 8 17 |209 236 108 69 105 33 7 23 15 12 23 4 11 6 8 26 |29 76 30 1 28 24 1 21 14 20 1 5 6 10 3 5 |12 18 11 18 17 4 2 19 1 12 11 7 1 3 11 1 |10 4 1 1 6 34 20 19 1 1 7 1 2 2 3 11 |
13204: 169 179 88 48 49 44 25 29 7 10 14 23 11 12 16 14 |57 91 73 80 84 111 41 19 13 3 10 27 17 3 30 14 |53 64 59 29 72 221 224 136 31 4 18 11 11 11 15 7 |84 121 100 118 92 145 236 174 26 21 4 22 28 11 12 23 |5 45 48 140 230 241 144 18 6 1 1 16 20 17 29 28 |26 24 37 49 137 232 230 109 14 18 32 10 19 18 6 15 |33 76 163 193 106 72 102 54 20 11 13 8 9 13 2 1 |97 75 157 249 208 69 24 36 25 17 47 13 4 22 13 24 |206 230 100 72 95 37 11 3 17 28 25 4 22 1 5 20 |32 62 45 2 16 24 18 21 8 8 1 4 1 1 1 1 |12 18 11 18 17 4 2 19 1 12 11 7 1 3 11 1 |10 4 1 1 6 34 20 19 1 1 7 1 2 2 3 11 |
13215: 169 179 88 48 49 44 25 29 7 10 14 23 11 12 16 14 |57 91 73 80 84 111 41 19 13 3 10 27 17 3 30 14 |53 64 59 29 72 221 224 136 31 4 18 11 11 11 15 7 |84 121 100 118 92 145 236 174 26 21 4 22 28 11 12 23 |5 45 48 140 230 241 144 18 6 1 1 16 20 17 29 28 |26 24 37 49 137 232 230 109 14 18 32 10 19 18 6 15 |33 76 163 193 106 72 102 54 20 11 13 8 9 13 2 1 |97 75 157 249 208 69 24 36 25 17 47 13 4 22 13 24 |206 230 100 72 95 37 11 3 17 28 25 4 22 1 5 20 |32 62 45 2 16 24 18 21 8 8 1 4 1 1 1 1 |8 19 10 26 20 10 6 16 1 3 10 6 4 2 2 1 |8 8 8 14 9 31 19 9 1 1 4 1 10 7 1 10 |
13226: 99 89 63 51 27 30 13 32 7 7 1 22 8 10 26 19 |39 61 69 52 55 72 38 7 1 5 21 27 18 12 31 2 |42 62 36 35 58 168 215 126 21 2 22 10 13 5 1 16 |84 121 100 118 92 145 236 174 26 21 4 22 28 11 12 23 |5 45 48 140 230 241 144 18 6 1 1 16 20 17 29 28 |26 24 37 49 137 232 230 109 14 18 32 10 19 18 6 15 |33 76 163 193 106 72 102 54 20 11 13 8 9 13 2 1 |97 75 157 249 208 69 24 36 25 17 47 13 4 22 13 24 |206 230 100 72 95 37 11 3 17 28 25 4 22 1 5 20 |32 62 45 2 16 24 18 21 8 8 1 4 1 1 1 1 |8 19 10 26 20 10 6 16 1 3 10 6 4 2 2 1 |8 8 8 14 9 31 19 9 1 1 4 1 10 7 1 10 |
13237: 99 89 63 51 27 30 13 32 7 7 1 22 8 10 26 19 |39 61 69 52 55 72 38 7 1 5 21 27 18 12 31 2 |42 62 36 35 58 168 215 126 21 2 22 10 13 5 1 16 |58 91 75 80 79 118 219 206 45 33 10 10 20 23 13 24 |18 46 39 104 219 230 147 48 15 7 10 1 15 1 29 22 |33 37 52 50 123 231 232 116 15 20 33 9 21 3 18 2 |27 79 159 174 108 77 107 51 16 13 9 25 1 13 9 17 |104 89 161 251 218 60 23 23 1 1 21 1 1 22 13 21 |214 225 93 58 95 33 22 16 5 15 24 23 18 2 1 12 |44 61 27 1 18 25 18 12 16 15 1 1 1 10 1 1 |8 20 11 1 14 2 6 15 1 15 4 1 2 1 9 1 |8 8 8 14 9 31 19 9 1 1 4 1 10 7 1 10 |
13248: 99 89 63 51 27 30 13 32 7 7 1 22 8 10 26 19 |39 61 69 52 55 72 38 7 1 5 21 27 18 12 31 2 |42 62 36 35 58 168 215 126 21 2 22 10 13 5 1 16 |58 91 75 80 79 118 219 206 45 33 10 10 20 23 13 24 |18 46 39 104 219 230 147 48 15 7 10 1 15 1 29 22 |33 37 52 50 123 231 232 116 15 20 33 9 21 3 18 2 |27 79 159 174 108 77 107 51 16 13 9 25 1 13 9 17 |104 89 161 251 218 60 23 23 1 1 21 1 1 22 13 21 |214 225 93 58 95 33 22 16 5 15 24 23 18 2 1 12 |44 61 27 1 18 25 18 12 16 15 1 1 1 10 1 1 |8 20 11 1 14 2 6 15 1 15 4 1 2 1 9 1 |1 2 1 12 1 15 9 19 1 5 19 1 1 1 2 19 |
13258: 51 50 30 36 18 33 20 26 1 14 5 1 13 4 18 8 |37 44 34 30 55 48 37 15 4 1 6 22 18 10 22 6 |27 45 36 17 36 109 206 126 33 4 12 12 10 8 13 17 |47 65 60 67 70 74 216 204 36 17 16 8 26 28 6 12 |18 46 39 104 219 230 147 48 15 7 10 1 15 1 29 22 |33 37 52 50 123 231 232 116 15 20 33 9 21 3 18 2 |27 79 159 174 108 77 107 51 16 13 9 25 1 13 9 17 |104 89 161 251 218 60 23 23 1 1 21 1 1 22 13 21 |214 225 93 58 95 33 22 16 5 15 24 23 18 2 1 12 |44 61 27 1 18 25 18 12 16 15 1 1 1 10 1 1 |8 20 11 1 14 2 6 15 1 15 4 1 2 1 9 1 |1 2 1 12 1 15 9 19 1 5 19 1 1 1 2 19 |
13269: 51 50 30 36 18 33 20 26 1 14 5 1 13 4 18 8 |37 44 34 30 55 48 37 15 4 1 6 22 18 10 22 6 |27 45 36 17 36 109 206 126 33 4 12 12 10 8 13 17 |47 65 60 67 70 74 216 204 36 17 16 8 26 28 6 12 |9 28 44 101 208 232 149 52 19 10 8 10 10 1 22 25 |20 42 44 40 128 248 231 110 15 1 29 10 23 4 13 3 |22 72 166 182 100 69 112 50 8 5 4 13 1 4 3 1 |106 78 142 239 211 64 11 27 7 1 38 8 10 12 7 12 |220 235 93 61 90 47 18 16 15 26 26 16 10 16 24 26 |43 74 42 8 5 15 13 19 1 4 1 1 1 3 2 7 |15 14 9 17 14 11 1 6 1 14 10 16 1 4 8 1 |7 10 1 17 3 18 16 11 1 5 15 2 4 1 1 20 |
13280: 51 50 30 36 18 33 20 26 1 14 5 1 13 4 18 8 |37 44 34 30 55 48 37 15 4 1 6 22 18 10 22 6 |27 45 36 17 36 109 206 126 33 4 12 12 10 8 13 17 |47 65 60 67 70 74 216 204 36 17 16 8 26 28 6 12 |9 28 44 101 208 232 149 52 19 10 8 10 10 1 22 25 |20 42 44 40 128 248 231 110 15 1 29 10 23 4 13 3 |22 72 166 182 100 69 112 50 8 5 4 13 1 4 3 1 |106 78 142 239 211 64 11 27 7 1 38 8 10 12 7 12 |220 235 93 61 90 47 18 16 15 26 26 16 10 16 24 26 |43 74 42 8 5 15 13 19 1 4 1 1 1 3 2 7 |15 14 9 17 14 11 1 6 1 14 10 16 1 4 8 1 |7 10 1 17 3 18 16 11 1 5 15 2 4 1 1 20 |
13291: 44 42 36 28 35 32 23 32 1 12 4 1 1 9 9 16 |37 42 42 33 43 46 28 21 1 10 10 10 14 1 10 1 |27 45 36 17 36 109 206 126 33 4 12 12 10 8 13 17 |47 65 60 67 70 74 216 204 36 17 16 8 26 28 6 12 |9 28 44 101 208 232 149 52 19 10 8 10 10 1 22 25 |20 42 44 40 128 248 231 110 15 1 29 10 23 4 13 3 |22 72 166 182 100 69 112 50 8 5 4 13 1 4 3 1 |106 78 142 239 211 64 11 27 7 1 38 8 10 12 7 12 |220 235 93 61 90 47 18 16 15 26 26 16 10 16 24 26 |43 74 42 8 5 15 13 19 1 4 1 1 1 3 2 7 |15 14 9 17 14 11 1 6 1 14 10 16 1 4 8 1 |7 10 1 17 3 18 16 11 1 5 15 2 4 1 1 20 |
13302: 44 42 36 28 35 32 23 32 1 12 4 1 1 9 9 16 |37 42 42 33 43 46 28 21 1 10 10 10 14 1 10 1 |26 47 37 9 43 103 197 110 24 15 23 12 2 7 3 9 |37 75 68 56 55 92 213 187 37 21 1 2 22 17 3 23 |18 43 45 87 211 224 144 50 21 3 12 12 23 9 14 23 |17 22 25 38 121 246 223 120 19 10 18 1 37 8 26 7 |28 67 154 181 93 77 121 51 1 30 24 33 3 12 7 8 |107 72 142 244 221 78 25 18 1 1 20 2 2 22 17 17 |220 235 93 61 90 47 18 16 15 26 26 16 10 16 24 26 |43 74 42 8 5 15 13 19 1 4 1 1 1 3 2 7 |15 14 9 17 14 11 1 6 1 14 10 16 1 4 8 1 |7 10 1 17 3 18 16 11 1 5 15 2 4 1 1 20 |
13312: 44 42 36 28 35 32 23 32 1 12 4 1 1 9 9 16 |37 42 42 33 43 46 28 21 1 10 10 10 14 1 10 1 |26 47 37 9 43 103 197 110 24 15 23 12 2 7 3 9 |37 75 68 56 55 92 213 187 37 21 1 2 22 17 3 23 |18 43 45 87 211 224 144 50 21 3 12 12 23 9 14 23 |17 22 25 38 121 246 223 120 19 10 18 1 37 8 26 7 |28 67 154 181 93 77 121 51 1 30 24 33 3 12 7 8 |107 72 142 244 221 78 25 18 1 1 20 2 2 22 17 17 |222 229 86 65 109 34 12 4 31 14 16 15 2 17 13 10 |45 73 37 9 18 14 1 24 14 8 2 5 1 1 1 1 |15 9 3 8 8 13 1 6 1 15 13 5 3 1 8 1 |8 10 5 2 1 15 6 19 1 1 18 2 4 5 1 19 |
13323: 44 38 36 28 22 34 28 33 11 7 2 3 1 7 17 11 |37 42 42 33 43 46 28 21 1 10 10 10 14 1 10 1 |26 47 37 9 43 103 197 110 24 15 23 12 2 7 3 9 |37 75 68 56 55 92 213 187 37 21 1 2 22 17 3 23 |18 43 45 87 211 224 144 50 21 3 12 12 23 9 14 23 |17 22 25 38 121 246 223 120 19 10 18 1 37 8 26 7 |28 67 154 181 93 77 121 51 1 30 24 33 3 12 7 8 |107 72 142 244 221 78 25 18 1 1 20 2 2 22 17 17 |222 229 86 65 109 34 12 4 31 14 16 15 2 17 13 10 |45 73 37 9 18 14 1 24 14 8 2 5 1 1 1 1 |15 9 3 8 8 13 1 6 1 15 13 5 3 1 8 1 |8 10 5 2 1 15 6 19 1 1 18 2 4 5 1 19 |
13333: 44 38 36 28 22 34 28 33 11 7 2 3 1 7 17 11 |37 38 29 33 46 53 36 15 5 1 4 22 7 9 15 4 |36 44 37 14 47 102 208 105 32 1 23 12 1 8 10 1 |48 71 57 69 67 88 218 195 37 22 4 12 29 23 9 23 |1 49 39 97 203 231 143 54 13 4 5 1 19 6 19 17 |25 36 37 42 132 235 228 102 18 1 32 15 12 13 10 12 |28 59 134 184 105 67 114 49 12 10 4 6 12 13 9 2 |109 84 139 249 221 69 17 28 4 4 33 11 2 24 13 17 |222 229 86 65 109 34 12 4 31 14 16 15 2 17 13 10 |45 73 37 9 18 14 1 24 14 8 2 5 1 1 1 1 |15 9 3 8 8 13 1 6 1 15 13 5 3 1 8 1 |8 10 5 2 1 15 6 19 1 1 18 2 4 5 1 19 |
13344: 44 38 36 28 22 34 28 33 11 7 2 3 1 7 17 11 |37 38 29 33 46 53 36 15 5 1 4 22 7 9 15 4 |36 44 37 14 47 102 208 105 32 1 23 12 1 8 10 1 |48 71 57 69 67 88 218 195 37 22 4 12 29 23 9 23 |1 49 39 97 203 231 143 54 13 4 5 1 19 6 19 17 |25 36 37 42 132 235 228 102 18 1 32 15 12 13 10 12 |28 59 134 184 105 67 114 49 12 10 4 6 12 13 9 2 |109 84 139 249 221 69 17 28 4 4 33 11 2 24 13 17 |220 227 93 57 112 41 25 24 20 7 27 21 25 6 8 24 |43 67 26 1 19 15 7 16 14 14 2 6 1 1 1 1 |6 11 11 14 24 4 1 18 15 10 11 17 1 4 10 1 |9 10 4 4 4 23 9 17 1 1 16 1 1 10 1 17 |
13355: 44 38 36 28 22 34 28 33 11 7 2 3 1 7 17 11 |37 38 29 33 46 53 36 15 5 1 4 22 7 9 15 4 |36 44 37 14 47 102 208 105 32 1 23 12 1 8 10 1 |48 71 57 69 67 88 218 195 37 22 4 12 29 23 9 23 |1 49 39 97 203 231 143 54 13 4 5 1 19 6 19 17 |25 36 37 42 132 235 228 102 18 1 32 15 12 13 10 12 |28 59 134 184 105 67 114 49 12 10 4 6 12 13 9 2 |109 84 139 249 221 69 17 28 4 4 33 11 2 24 13 17 |220 227 93 57 112 41 25 24 20 7 27 21 25 6 8 24 |43 67 26 1 19 15 7 16 14 14 2 6 1 1 1 1 |6 11 11 14 24 4 1 18 15 10 11 17 1 4 10 1 |9 10 4 4 4 23 9 17 1 1 16 1 1 10 1 17 |
13365: 52 40 40 32 32 33 21 30 1 1 3 5 1 10 21 10 |31 40 30 22 34 41 36 15 4 1 14 20 18 8 21 7 |41 53 53 25 44 116 193 101 24 1 11 22 2 1 5 1 |63 92 77 76 72 107 219 174 43 29 14 22 29 24 9 26 |17 42 38 103 224 229 145 50 17 12 18 1 27 3 11 12 |34 38 45 40 136 230 230 103 14 16 28 16 20 11 16 1 |17 71 149 166 96 71 115 43 5 14 9 11 1 4 1 10 |112 85 150 237 208 63 27 22 1 7 27 1 4 21 13 27 |220 227 93 57 112 41 25 24 20 7 27 21 25 6 8 24 |43 67 26 1 19 15 7 16 14 14 2 6 1 1 1 1 |6 11 11 14 24 4 1 18 15 10 11 17 1 4 10 1 |9 10 4 4 4 23 9 17 1 1 16 1 1 10 1 17 |
13376: 52 40 40 32 32 33 21 30 1 1 3 5 1 10 21 10 |31 40 30 22 34 41 36 15 4 1 14 20 18 8 21 7 |41 53 53 25 44 116 193 101 24 1 11 22 2 1 5 1 |63 92 77 76 72 107 219 174 43 29 14 22 29 24 9 26 |17 42 38 103 224 229 145 50 17 12 18 1 27 3 11 12 |34 38 45 40 136 230 230 103 14 16 28 16 20 11 16 1 |17 71 149 166 96 71 115 43 5 14 9 11 1 4 1 10 |112 85 150 237 208 63 27 22 1 7 27 1 4 21 13 27 |223 230 94 63 109 39 24 19 16 22 16 13 11 3 10 25 |45 53 37 1 16 21 14 7 1 1 2 3 1 3 1 9 |8 2 1 23 15 2 1 8 1 16 10 10 2 1 9 1 |10 9 1 1 4 15 7 17 1 3 12 2 4 6 1 15 |
13387: 52 40 40 32 32 33 21 30 1 1 3 5 1 10 21 10 |31 40 30 22 34 41 36 15 4 1 14 20 18 8 21 7 |41 53 53 25 44 116 193 101 24 1 11 22 2 1 5 1 |63 92 77 76 72 107 219 174 43 29 14 22 29 24 9 26 |17 42 38 103 224 229 145 50 17 12 18 1 27 3 11 12 |34 38 45 40 136 230 230 103 14 16 28 16 20 11 16 1 |17 71 149 166 96 71 115 43 5 14 9 11 1 4 1 10 |112 85 150 237 208 63 27 22 1 7 27 1 4 21 13 27 |223 230 94 63 109 39 24 19 16 22 16 13 11 3 10 25 |45 53 37 1 16 21 14 7 1 1 2 3 1 3 1 9 |8 2 1 23 15 2 1 8 1 16 10 10 2 1 9 1 |10 9 1 1 4 15 7 17 1 3 12 2 4 6 1 15 |
13397: 49 44 37 32 37 24 16 24 9 1 1 8 12 9 9 21 |44 51 47 20 52 59 29 19 5 1 15 25 10 8 22 1 |45 49 23 9 35 109 184 93 22 1 25 22 4 1 2 1 |73 98 74 80 71 112 225 173 34 17 7 5 41 38 20 22 |18 43 44 120 221 224 147 45 11 13 21 6 29 7 23 30 |32 39 48 42 143 233 225 92 23 12 17 1 14 2 17 12 |32 83 165 168 87 79 99 44 11 22 6 24 1 1 1 8 |112 85 150 237 208 63 27 22 1 7 27 1 4 21 13 27 |223 230 94 63 109 39 24 19 16 22 16 13 11 3 10 25 |45 53 37 1 16 21 14 7 1 1 2 3 1 3 1 9 |8 2 1 23 15 2 1 8 1 16 10 10 2 1 9 1 |10 9 1 1 4 15 7 17 1 3 12 2 4 6 1 15 |
13408: 49 44 37 32 37 24 16 24 9 1 1 8 12 9 9 21 |44 51 47 20 52 59 29 19 5 1 15 25 10 8 22 1 |45 49 23 9 35 109 184 93 22 1 25 22 4 1 2 1 |73 98 74 80 71 112 225 173 34 17 7 5 41 38 20 22 |18 43 44 120 221 224 147 45 11 13 21 6 29 7 23 30 |32 39 48 42 143 233 225 92 23 12 17 1 14 2 17 12 |32 83 165 168 87 79 99 44 11 22 6 24 1 1 1 8 |109 88 153 242 224 65 18 29 2 8 32 8 13 10 10 27 |229 227 71 53 86 33 17 8 5 10 26 10 11 7 3 19 |42 56 24 3 12 23 19 17 10 13 1 2 1 16 1 1 |10 18 7 1 23 9 1 4 1 14 9 10 2 2 7 1 |1 4 1 17 8 18 7 17 1 5 6 1 12 9 1 8 |
13419: 49 44 37 32 37 24 16 24 9 1 1 8 12 9 9 21 |44 51 47 20 52 59 29 19 5 1 15 25 10 8 22 1 |45 49 23 9 35 109 184 93 22 1 25 22 4 1 2 1 |73 98 74 80 71 112 225 173 34 17 7 5 41 38 20 22 |18 43 44 120 221 224 147 45 11 13 21 6 29 7 23 30 |32 39 48 42 143 233 225 92 23 12 17 1 14 2 17 12 |32 83 165 168 87 79 99 44 11 22 6 24 1 1 1 8 |109 88 153 242 224 65 18 29 2 8 32 8 13 10 10 27 |229 227 71 53 86 33 17 8 5 10 26 10 11 7 3 19 |42 56 24 3 12 23 19 17 10 13 1 2 1 16 1 1 |10 18 7 1 23 9 1 4 1 14 9 10 2 2 7 1 |1 4 1 17 8 18 7 17 1 5 6 1 12 9 1 8 |
13430: 59 63 33 39 37 33 18 17 1 11 4 14 11 6 4 19 |37 42 39 28 42 52 21 20 1 1 6 23 18 11 20 7 |44 59 44 20 51 123 177 87 30 1 8 22 8 8 5 16 |100 123 85 75 62 104 232 175 42 28 10 9 21 22 10 28 |26 47 60 144 233 225 129 47 12 9 13 8 25 6 18 21 |28 35 49 42 139 242 222 72 20 9 21 10 29 11 14 10 |28 95 171 178 99 84 107 35 1 18 17 10 1 1 3 16 |109 88 153 242 224 65 18 29 2 8 32 8 13 10 10 27 |229 227 71 53 86 33 17 8 5 10 26 10 11 7 3 19 |42 56 24 3 12 23 19 17 10 13 1 2 1 16 1 1 |10 18 7 1 23 9 1 4 1 14 9 10 2 2 7 1 |1 4 1 17 8 18 7 17 1 5 6 1 12 9 1 8 |
13441: 59 63 33 39 37 33 18 17 1 11 4 14 11 6 4 19 |37 42 39 28 42 52 21 20 1 1 6 23 18 11 20 7 |44 59 44 20 51 123 177 87 30 1 8 22 8 8 5 16 |100 123 85 75 62 104 232 175 42 28 10 9 21 22 10 28 |26 47 60 144 233 225 129 47 12 9 13 8 25 6 18 21 |28 35 49 42 139 242 222 72 20 9 21 10 29 11 14 10 |28 95 171 178 99 84 107 35 1 18 17 10 1 1 3 16 |111 80 161 246 201 54 34 28 3 1 7 15 1 1 19 27 |222 228 76 61 88 38 14 9 7 26 20 15 9 2 10 8 |38 53 31 8 11 13 1 19 14 3 1 5 1 17 1 1 |11 1 6 14 15 1 1 5 1 11 10 3 3 3 6 1 |7 7 8 8 6 26 9 16 1 1 17 1 8 8 1 18 |
13453: 59 63 33 39 37 33 18 17 1 11 4 14 11 6 4 19 |37 42 39 28 42 52 21 20 1 1 6 23 18 11 20 7 |44 59 44 20 51 123 177 87 30 1 8 22 8 8 5 16 |100 123 85 75 62 104 232 175 42 28 10 9 21 22 10 28 |26 47 60 144 233 225 129 47 12 9 13 8 25 6 18 21 |28 35 49 42 139 242 222 72 20 9 21 10 29 11 14 10 |28 95 171 178 99 84 107 35 1 18 17 10 1 1 3 16 |111 80 161 246 201 54 34 28 3 1 7 15 1 1 19 27 |222 228 76 61 88 38 14 9 7 26 20 15 9 2 10 8 |38 53 31 8 11 13 1 19 14 3 1 5 1 17 1 1 |11 1 6 14 15 1 1 5 1 11 10 3 3 3 6 1 |7 7 8 8 6 26 9 16 1 1 17 1 8 8 1 18 |
13465: 74 56 48 35 24 31 25 28 1 1 1 5 7 13 14 21 |49 53 46 27 47 45 13 19 9 5 22 16 18 2 20 3 |51 60 48 26 55 126 171 74 24 8 22 16 1 2 11 11 |120 125 83 80 64 132 230 167 36 32 10 10 29 22 4 29 |27 43 57 141 226 206 121 47 21 10 1 1 26 19 24 8 |41 49 39 45 147 242 221 72 11 4 22 15 24 17 11 7 |33 91 186 165 99 85 107 45 12 5 9 7 1 14 1 7 |112 90 164 263 208 42 1 33 1 1 33 1 12 23 6 10 |222 228 76 61 88 38 14 9 7 26 20 15 9 2 10 8 |38 53 31 8 11 13 1 19 14 3 1 5 1 17 1 1 |11 1 6 14 15 1 1 5 1 11 10 3 3 3 6 1 |7 7 8 8 6 26 9 16 1 1 17 1 8 8 1 18 |
13475: 74 56 48 35 24 31 25 28 1 1 1 5 7 13 14 21 |49 53 46 27 47 45 13 19 9 5 22 16 18 2 20 3 |51 60 48 26 55 126 171 74 24 8 22 16 1 2 11 11 |120 125 83 80 64 132 230 167 36 32 10 10 29 22 4 29 |27 43 57 141 226 206 121 47 21 10 1 1 26 19 24 8 |41 49 39 45 147 242 221 72 11 4 22 15 24 17 11 7 |33 91 186 165 99 85 107 45 12 5 9 7 1 14 1 7 |112 90 164 263 208 42 1 33 1 1 33 1 12 23 6 10 |222 225 71 51 83 27 6 17 22 10 26 17 6 1 10 27 |36 51 20 4 16 17 17 14 2 5 2 6 1 1 1 1 |6 19 11 22 16 1 1 3 1 1 2 2 1 5 7 1 |6 12 1 17 4 23 12 17 1 1 17 1 1 1 1 16 |
13486: 93 73 38 28 21 39 18 16 1 1 4 2 1 5 17 13 |49 53 46 27 47 45 13 19 9 5 22 16 18 2 20 3 |51 60 48 26 55 126 171 74 24 8 22 16 1 2 11 11 |120 125 83 80 64 132 230 167 36 32 10 10 29 22 4 29 |27 43 57 141 226 206 121 47 21 10 1 1 26 19 24 8 |41 49 39 45 147 242 221 72 11 4 22 15 24 17 11 7 |33 91 186 165 99 85 107 45 12 5 9 7 1 14 1 7 |112 90 164 263 208 42 1 33 1 1 33 1 12 23 6 10 |222 225 71 51 83 27 6 17 22 10 26 17 6 1 10 27 |36 51 20 4 16 17 17 14 2 5 2 6 1 1 1 1 |6 19 11 22 16 1 1 3 1 1 2 2 1 5 7 1 |6 12 1 17 4 23 12 17 1 1 17 1 1 1 1 16 |
13497: 93 73 38 28 21 39 18 16 1 1 4 2 1 5 17 13 |46 52 30 42 48 37 18 3 4 1 16 21 10 10 22 7 |64 57 49 28 48 134 175 67 24 5 16 7 1 10 2 1 |129 125 97 89 46 128 234 152 31 31 16 19 17 25 4 18 |29 54 74 162 227 195 127 52 17 19 16 1 27 14 23 23 |35 41 44 46 167 241 195 55 20 10 32 7 22 9 23 15 |44 95 173 169 96 98 112 33 7 13 24 14 1 6 1 2 |118 66 161 250 211 53 20 10 1 1 30 11 1 15 7 25 |217 215 73 56 81 27 15 12 2 25 25 15 14 18 23 26 |36 51 20 4 16 17 17 14 2 5 2 6 1 1 1 1 |6 19 11 22 16 1 1 3 1 1 2 2 1 5 7 1 |6 12 1 17 4 23 12 17 1 1 17 1 1 1 1 16 |
13508: 93 73 38 28 21 39 18 16 1 1 4 2 1 5 17 13 |46 52 30 42 48 37 18 3 4 1 16 21 10 10 22 7 |64 57 49 28 48 134 175 67 24 5 16 7 1 10 2 1 |129 125 97 89 46 128 234 152 31 31 16 19 17 25 4 18 |29 54 74 162 227 195 127 52 17 19 16 1 27 14 23 23 |35 41 44 46 167 241 195 55 20 10 32 7 22 9 23 15 |44 95 173 169 96 98 112 33 7 13 24 14 1 6 1 2 |118 66 161 250 211 53 20 10 1 1 30 11 1 15 7 25 |217 215 73 56 81 27 15 12 2 25 25 15 14 18 23 26 |48 60 25 5 22 11 5 15 1 2 1 1 1 1 1 6 |11 21 5 18 15 1 1 2 1 17 11 8 1 1 12 1 |1 16 1 1 3 12 20 5 1 3 15 1 1 1 1 6 |
13519: 93 73 38 28 21 39 18 16 1 1 4 2 1 5 17 13 |46 52 30 42 48 37 18 3 4 1 16 21 10 10 22 7 |64 57 49 28 48 134 175 67 24 5 16 7 1 10 2 1 |129 125 97 89 46 128 234 152 31 31 16 19 17 25 4 18 |29 54 74 162 227 195 127 52 17 19 16 1 27 14 23 23 |35 41 44 46 167 241 195 55 20 10 32 7 22 9 23 15 |44 95 173 169 96 98 112 33 7 13 24 14 1 6 1 2 |118 66 161 250 211 53 20 10 1 1 30 11 1 15 7 25 |217 215 73 56 81 27 15 12 2 25 25 15 14 18 23 26 |48 60 25 5 22 11 5 15 1 2 1 1 1 1 1 6 |11 21 5 18 15 1 1 2 1 17 11 8 1 1 12 1 |1 16 1 1 3 12 20 5 1 3 15 1 1 1 1 6 |
13530: 95 66 44 27 24 35 24 32 4 3 7 10 1 3 7 17 |57 48 58 41 45 37 27 18 1 1 19 20 17 8 18 8 |50 61 43 26 58 135 177 59 24 1 9 17 4 10 9 1 |135 133 93 69 64 142 227 161 36 19 8 24 22 25 9 23 |29 57 72 162 227 202 130 44 20 5 12 10 18 11 17 13 |27 40 50 45 155 227 205 66 16 4 31 14 29 10 19 7 |32 96 177 182 91 84 117 36 11 15 17 12 8 1 7 1 |107 75 161 252 212 54 28 20 1 1 23 15 14 16 11 12 |226 216 61 54 86 41 25 6 13 9 17 11 27 19 16 25 |48 60 25 5 22 11 5 15 1 2 1 1 1 1 1 6 |11 21 5 18 15 1 1 2 1 17 11 8 1 1 12 1 |1 16 1 1 3 12 20 5 1 3 15 1 1 1 1 6 |
13541: 95 66 44 27 24 35 24 32 4 3 7 10 1 3 7 17 |57 48 58 41 45 37 27 18 1 1 19 20 17 8 18 8 |50 61 43 26 58 135 177 59 24 1 9 17 4 10 9 1 |135 133 93 69 64 142 227 161 36 19 8 24 22 25 9 23 |29 57 72 162 227 202 130 44 20 5 12 10 18 11 17 13 |27 40 50 45 155 227 205 66 16 4 31 14 29 10 19 7 |32 96 177 182 91 84 117 36 11 15 17 12 8 1 7 1 |107 75 161 252 212 54 28 20 1 1 23 15 14 16 11 12 |226 216 61 54 86 41 25 6 13 9 17 11 27 19 16 25 |38 50 11 1 11 14 7 15 16 12 1 7 1 4 1 1 |11 6 5 7 24 9 1 6 1 9 1 17 2 3 9 1 |1 10 5 1 1 30 16 17 1 3 17 1 3 1 1 17 |
13552: 95 66 44 27 24 35 24 32 4 3 7 10 1 3 7 17 |57 48 58 41 45 37 27 18 1 1 19 20 17 8 18 8 |50 61 43 26 58 135 177 59 24 1 9 17 4 10 9 1 |135 133 93 69 64 142 227 161 36 19 8 24 22 25 9 23 |29 57 72 162 227 202 130 44 20 5 12 10 18 11 17 13 |27 40 50 45 155 227 205 66 16 4 31 14 29 10 19 7 |32 96 177 182 91 84 117 36 11 15 17 12 8 1 7 1 |107 75 161 252 212 54 28 20 1 1 23 15 14 16 11 12 |226 216 61 54 86 41 25 6 13 9 17 11 27 19 16 25 |38 50 11 1 11 14 7 15 16 12 1 7 1 4 1 1 |11 6 5 7 24 9 1 6 1 9 1 17 2 3 9 1 |1 10 5 1 1 30 16 17 1 3 17 1 3 1 1 17 |
13563: 103 80 35 35 42 32 25 30 1 13 2 24 5 1 10 10 |52 72 53 25 46 55 29 10 11 1 21 16 7 9 20 7 |50 63 51 33 56 137 182 68 16 7 25 17 6 15 6 7 |142 136 90 86 59 144 222 159 32 16 16 15 30 24 5 21 |17 41 62 159 233 209 129 49 20 12 15 3 22 6 15 13 |31 39 49 50 162 238 202 56 24 11 29 3 15 1 9 13 |44 87 178 201 92 83 123 50 9 17 25 6 8 6 2 4 |118 80 164 253 209 52 23 28 1 3 22 5 9 33 22 19 |226 216 61 54 86 41 25 6 13 9 17 11 27 19 16 25 |38 50 11 1 11 14 7 15 16 12 1 7 1 4 1 1 |11 6 5 7 24 9 1 6 1 9 1 17 2 3 9 1 |1 10 5 1 1 30 16 17 1 3 17 1 3 1 1 17 |
13574: 103 80 35 35 42 32 25 30 1 13 2 24 5 1 10 10 |52 72 53 25 46 55 29 10 11 1 21 16 7 9 20 7 |50 63 51 33 56 137 182 68 16 7 25 17 6 15 6 7 |142 136 90 86 59 144 222 159 32 16 16 15 30 24 5 21 |17 41 62 159 233 209 129 49 20 12 15 3 22 6 15 13 |31 39 49 50 162 238 202 56 24 11 29 3 15 1 9 13 |44 87 178 201 92 83 123 50 9 17 25 6 8 6 2 4 |118 80 164 253 209 52 23 28 1 3 22 5 9 33 22 19 |224 229 73 64 77 41 19 18 22 22 24 23 17 5 9 13 |37 51 25 2 11 10 1 20 13 10 2 1 1 16 1 1 |7 17 6 24 16 6 11 18 14 15 10 9 4 4 6 1 |8 16 1 15 1 25 12 17 1 5 16 3 9 1 1 4 |
13584: 103 80 35 35 42 32 25 30 1 13 2 24 5 1 10 10 |52 72 53 25 46 55 29 10 11 1 21 16 7 9 20 7 |50 63 51 33 56 137 182 68 16 7 25 17 6 15 6 7 |142 136 90 86 59 144 222 159 32 16 16 15 30 24 5 21 |17 41 62 159 233 209 129 49 20 12 15 3 22 6 15 13 |31 39 49 50 162 238 202 56 24 11 29 3 15 1 9 13 |44 87 178 201 92 83 123 50 9 17 25 6 8 6 2 4 |118 80 164 253 209 52 23 28 1 3 22 5 9 33 22 19 |224 229 73 64 77 41 19 18 22 22 24 23 17 5 9 13 |37 51 25 2 11 10 1 20 13 10 2 1 1 16 1 1 |7 17 6 24 16 6 11 18 14 15 10 9 4 4 6 1 |8 16 1 15 1 25 12 17 1 5 16 3 9 1 1 4 |
13595: 105 82 45 32 26 8 10 16 11 10 1 22 9 10 7 22 |53 75 45 39 43 51 28 19 7 1 23 21 11 9 22 7 |56 57 54 33 55 150 175 56 18 4 10 19 11 8 11 15 |135 142 94 78 53 152 239 160 36 25 17 23 26 30 12 25 |20 56 60 149 231 213 122 52 19 19 11 9 21 19 23 20 |38 35 44 39 163 248 215 65 14 13 16 4 24 3 27 7 |44 87 178 201 92 83 123 50 9 17 25 6 8 6 2 4 |118 80 164 253 209 52 23 28 1 3 22 5 9 33 22 19 |224 229 73 64 77 41 19 18 22 22 24 23 17 5 9 13 |37 51 25 2 11 10 1 20 13 10 2 1 1 16 1 1 |7 17 6 24 16 6 11 18 14 15 10 9 4 4 6 1 |8 16 1 15 1 25 12 17 1 5 16 3 9 1 1 4 |
13606: 105 82 45 32 26 8 10 16 11 10 1 22 9 10 7 22 |53 75 45 39 43 51 28 19 7 1 23 21 11 9 22 7 |56 57 54 33 55 150 175 56 18 4 10 19 11 8 11 15 |135 142 94 78 53 152 239 160 36 25 17 23 26 30 12 25 |20 56 60 149 231 213 122 52 19 19 11 9 21 19 23 20 |38 35 44 39 163 248 215 65 14 13 16 4 24 3 27 7 |31 86 180 166 86 86 105 44 8 15 12 19 8 13 2 10 |107 79 158 243 211 49 24 25 1 16 31 16 15 23 14 13 |217 218 74 56 96 26 14 21 28 26 22 22 17 3 12 23 |46 58 25 12 27 17 14 13 16 9 2 1 1 17 1 3 |12 1 6 7 15 9 1 8 1 9 10 10 3 1 9 1 |1 11 8 7 4 13 9 15 1 1 10 1 1 2 4 10 |
13617: 105 82 45 32 26 8 10 16 11 10 1 22 9 10 7 22 |53 75 45 39 43 51 28 19 7 1 23 21 11 9 22 7 |56 57 54 33 55 150 175 56 18 4 10 19 11 8 11 15 |135 142 94 78 53 152 239 160 36 25 17 23 26 30 12 25 |20 56 60 149 231 213 122 52 19 19 11 9 21 19 23 20 |38 35 44 39 163 248 215 65 14 13 16 4 24 3 27 7 |31 86 180 166 86 86 105 44 8 15 12 19 8 13 2 10 |107 79 158 243 211 49 24 25 1 16 31 16 15 23 14 13 |217 218 74 56 96 26 14 21 28 26 22 22 17 3 12 23 |46 58 25 12 27 17 14 13 16 9 2 1 1 17 1 3 |12 1 6 7 15 9 1 8 1 9 10 10 3 1 9 1 |1 11 8 7 4 13 9 15 1 1 10 1 1 2 4 10 |
13627: 104 88 45 41 26 34 24 23 11 6 1 15 8 1 16 21 |57 72 55 36 47 55 23 4 9 1 3 21 16 10 23 8 |48 41 40 34 56 151 176 60 27 7 17 15 11 10 9 7 |132 134 85 83 61 143 234 154 41 21 8 13 18 21 12 25 |28 58 67 158 238 209 128 50 12 12 10 12 29 14 23 24 |33 47 49 49 164 241 221 87 10 12 24 1 25 10 1 21 |28 83 176 180 88 79 112 43 17 16 4 5 2 4 1 3 |98 92 176 244 208 50 23 21 7 2 12 15 1 12 1 15 |217 218 74 56 96 26 14 21 28 26 22 22 17 3 12 23 |46 58 25 12 27 17 14 13 16 9 2 1 1 17 1 3 |12 1 6 7 15 9 1 8 1 9 10 10 3 1 9 1 |1 11 8 7 4 13 9 15 1 1 10 1 1 2 4 10 |
13638: 104 88 45 41 26 34 24 23 11 6 1 15 8 1 16 21 |57 72 55 36 47 55 23 4 9 1 3 21 16 10 23 8 |48 41 40 34 56 151 176 60 27 7 17 15 11 10 9 7 |132 134 85 83 61 143 234 154 41 21 8 13 18 21 12 25 |28 58 67 158 238 209 128 50 12 12 10 12 29 14 23 24 |33 47 49 49 164 241 221 87 10 12 24 1 25 10 1 21 |28 83 176 180 88 79 112 43 17 16 4 5 2 4 1 3 |98 92 176 244 208 50 23 21 7 2 12 15 1 12 1 15 |216 228 66 53 77 35 12 9 24 24 25 25 22 4 23 16 |44 65 27 1 16 24 13 9 16 14 2 4 1 6 5 8 |13 10 1 24 16 1 1 8 7 11 10 16 3 2 9 1 |6 10 5 12 1 17 8 16 1 1 4 1 2 1 1 17 |
13649: 104 88 45 41 26 34 24 23 11 6 1 15 8 1 16 21 |57 72 55 36 47 55 23 4 9 1 3 21 16 10 23 8 |48 41 40 34 56 151 176 60 27 7 17 15 11 10 9 7 |132 134 85 83 61 143 234 154 41 21 8 13 18 21 12 25 |28 58 67 158 238 209 128 50 12 12 10 12 29 14 23 24 |33 47 49 49 164 241 221 87 10 12 24 1 25 10 1 21 |28 83 176 180 88 79 112 43 17 16 4 5 2 4 1 3 |98 92 176 244 208 50 23 21 7 2 12 15 1 12 1 15 |216 228 66 53 77 35 12 9 24 24 25 25 22 4 23 16 |44 65 27 1 16 24 13 9 16 14 2 4 1 6 5 8 |13 10 1 24 16 1 1 8 7 11 10 16 3 2 9 1 |6 10 5 12 1 17 8 16 1 1 4 1 2 1 1 17 |
13660: 102 61 42 35 29 23 26 23 1 11 1 5 13 3 7 6 |57 70 58 37 56 51 34 12 12 11 20 22 8 1 16 5 |55 46 50 16 47 154 181 64 11 2 9 8 11 5 11 10 |132 135 87 87 52 141 232 159 43 30 12 24 21 21 11 24 |27 60 64 151 235 196 116 52 7 9 6 11 28 9 31 18 |38 17 55 58 177 243 208 62 21 26 14 15 23 1 18 5 |26 102 172 175 90 81 113 43 8 18 11 9 3 2 1 3 |98 92 176 244 208 50 23 21 7 2 12 15 1 12 1 15 |216 228 66 53 77 35 12 9 24 24 25 25 22 4 23 16 |44 65 27 1 16 24 13 9 16 14 2 4 1 6 5 8 |13 10 1 24 16 1 1 8 7 11 10 16 3 2 9 1 |6 10 5 12 1 17 8 16 1 1 4 1 2 1 1 17 |
13671: 102 61 42 35 29 23 26 23 1 11 1 5 13 3 7 6 |57 70 58 37 56 51 34 12 12 11 20 22 8 1 16 5 |55 46 50 16 47 154 181 64 11 2 9 8 11 5 11 10 |132 135 87 87 52 141 232 159 43 30 12 24 21 21 11 24 |27 60 64 151 235 196 116 52 7 9 6 11 28 9 31 18 |38 17 55 58 177 243 208 62 21 26 14 15 23 1 18 5 |26 102 172 175 90 81 113 43 8 18 11 9 3 2 1 3 |110 85 170 241 209 52 26 21 1 1 32 7 18 18 13 26 |221 225 76 68 94 27 12 5 15 17 13 10 7 3 10 24 |50 67 33 2 14 26 15 20 13 17 1 1 1 1 1 1 |13 5 13 10 11 13 1 9 1 12 11 8 3 1 2 1 |7 9 10 18 14 9 8 18 1 1 6 1 8 1 2 17 |
13683: 102 61 42 35 29 23 26 23 1 11 1 5 13 3 7 6 |57 70 58 37 56 51 34 12 12 11 20 22 8 1 16 5 |55 46 50 16 47 154 181 64 11 2 9 8 11 5 11 10 |132 135 87 87 52 141 232 159 43 30 12 24 21 21 11 24 |27 60 64 151 235 196 116 52 7 9 6 11 28 9 31 18 |38 17 55 58 177 243 208 62 21 26 14 15 23 1 18 5 |26 102 172 175 90 81 113 43 8 18 11 9 3 2 1 3 |110 85 170 241 209 52 26 21 1 1 32 7 18 18 13 26 |221 225 76 68 94 27 12 5 15 17 13 10 7 3 10 24 |50 67 33 2 14 26 15 20 13 17 1 1 1 1 1 1 |13 5 13 10 11 13 1 9 1 12 11 8 3 1 2 1 |7 9 10 18 14 9 8 18 1 1 6 1 8 1 2 17 |
13694: 104 79 23 28 22 27 26 23 1 1 1 9 11 11 23 21 |63 76 58 31 47 51 15 10 1 2 22 16 17 9 17 1 |50 58 45 26 48 160 182 56 13 1 6 6 4 7 9 13 |130 135 96 78 59 144 233 161 43 25 15 25 20 13 13 47 |34 51 56 156 224 207 121 54 18 4 7 1 27 3 25 10 |37 24 38 39 168 257 219 69 22 19 25 1 13 6 19 12 |38 88 187 181 100 86 125 35 1 4 25 16 1 1 8 1 |104 75 162 243 210 51 24 27 1 1 21 1 11 23 11 18 |221 225 76 68 94 27 12 5 15 17 13 10 7 3 10 24 |50 67 33 2 14 26 15 20 13 17 1 1 1 1 1 1 |13 5 13 10 11 13 1 9 1 12 11 8 3 1 2 1 |7 9 10 18 14 9 8 18 1 1 6 1 8 1 2 17 |
13704: 104 79 23 28 22 27 26 23 1 1 1 9 11 11 23 21 |63 76 58 31 47 51 15 10 1 2 22 16 17 9 17 1 |50 58 45 26 48 160 182 56 13 1 6 6 4 7 9 13 |130 135 96 78 59 144 233 161 43 25 15 25 20 13 13 47 |34 51 56 156 224 207 121 54 18 4 7 1 27 3 25 10 |37 24 38 39 168 257 219 69 22 19 25 1 13 6 19 12 |38 88 187 181 100 86 125 35 1 4 25 16 1 1 8 1 |104 75 162 243 210 51 24 27 1 1 21 1 11 23 11 18 |208 227 72 59 88 28 13 8 5 16 19 15 27 19 16 21 |46 69 31 1 15 13 16 20 1 15 1 2 1 15 1 13 |9 20 5 6 25 7 11 20 1 10 13 16 2 2 7 1 |1 9 7 18 6 25 7 16 1 5 10 1 2 1 1 19 |
13715: 104 79 23 28 22 27 26 23 1 1 1 9 11 11 23 21 |63 76 58 31 47 51 15 10 1 2 22 16 17 9 17 1 |50 58 45 26 48 160 182 56 13 1 6 6 4 7 9 13 |130 135 96 78 59 144 233 161 43 25 15 25 20 13 13 47 |34 51 56 156 224 207 121 54 18 4 7 1 27 3 25 10 |37 24 38 39 168 257 219 69 22 19 25 1 13 6 19 12 |38 88 187 181 100 86 125 35 1 4 25 16 1 1 8 1 |104 75 162 243 210 51 24 27 1 1 21 1 11 23 11 18 |208 227 72 59 88 28 13 8 5 16 19 15 27 19 16 21 |46 69 31 1 15 13 16 20 1 15 1 2 1 15 1 13 |9 20 5 6 25 7 11 20 1 10 13 16 2 2 7 1 |1 9 7 18 6 25 7 16 1 5 10 1 2 1 1 19 |
13726: 99 69 47 39 24 24 23 15 1 12 1 15 8 11 16 21 |56 68 68 35 49 38 25 19 4 1 21 16 20 3 21 4 |50 59 39 34 58 151 166 73 17 1 12 7 11 7 12 15 |122 135 86 81 71 142 230 162 39 29 16 22 30 22 16 27 |31 50 53 149 220 215 126 36 9 12 4 7 28 1 19 17 |45 44 43 41 168 240 219 61 22 7 29 6 24 20 19 12 |36 94 179 169 87 96 111 44 10 4 22 12 1 4 1 1 |99 78 164 242 214 49 13 22 1 3 28 1 5 20 13 29 |208 227 72 59 88 28 13 8 5 16 19 15 27 19 16 21 |46 69 31 1 15 13 16 20 1 15 1 2 1 15 1 13 |9 20 5 6 25 7 11 20 1 10 13 16 2 2 7 1 |1 9 7 18 6 25 7 16 1 5 10 1 2 1 1 19 |
13737: 99 69 47 39 24 24 23 15 1 12 1 15 8 11 16 21 |56 68 68 35 49 38 25 19 4 1 21 16 20 3 21 4 |50 59 39 34 58 151 166 73 17 1 12 7 11 7 12 15 |122 135 86 81 71 142 230 162 39 29 16 22 30 22 16 27 |31 50 53 149 220 215 126 36 9 12 4 7 28 1 19 17 |45 44 43 41 168 240 219 61 22 7 29 6 24 20 19 12 |36 94 179 169 87 96 111 44 10 4 22 12 1 4 1 1 |99 78 164 242 214 49 13 22 1 3 28 1 5 20 13 29 |215 220 80 56 96 26 12 19 17 13 14 19 11 1 18 23 |47 64 35 5 26 25 18 19 15 22 1 1 1 3 2 2 |1 4 7 8 23 11 14 4 1 18 10 15 3 2 7 1 |8 8 1 16 10 35 14 17 1 1 18 1 9 7 4 16 |
13747: 85 71 38 22 34 23 18 19 11 5 1 6 1 1 5 4 |56 68 68 35 49 38 25 19 4 1 21 16 20 3 21 4 |50 59 39 34 58 151 166 73 17 1 12 7 11 7 12 15 |122 135 86 81 71 142 230 162 39 29 16 22 30 22 16 27 |31 50 53 149 220 215 126 36 9 12 4 7 28 1 19 17 |45 44 43 41 168 240 219 61 22 7 29 6 24 20 19 12 |36 94 179 169 87 96 111 44 10 4 22 12 1 4 1 1 |99 78 164 242 214 49 13 22 1 3 28 1 5 20 13 29 |215 220 80 56 96 26 12 19 17 13 14 19 11 1 18 23 |47 64 35 5 26 25 18 19 15 22 1 1 1 3 2 2 |1 4 7 8 23 11 14 4 1 18 10 15 3 2 7 1 |8 8 1 16 10 35 14 17 1 1 18 1 9 7 4 16 |
13758: 85 71 38 22 34 23 18 19 11 5 1 6 1 1 5 4 |55 53 44 24 47 34 20 10 1 2 21 21 17 1 21 7 |45 51 49 28 54 136 182 57 23 6 6 14 9 7 11 3 |110 113 73 60 55 131 229 156 31 21 17 25 32 20 8 22 |24 40 60 129 215 211 125 40 10 6 18 13 26 7 27 21 |29 40 45 44 145 234 215 77 19 12 21 11 26 14 3 14 |44 87 172 164 90 86 120 41 2 15 15 8 1 4 1 1 |82 79 157 249 211 54 24 17 1 1 16 1 1 21 9 17 |215 220 80 56 96 26 12 19 17 13 14 19 11 1 18 23 |47 64 35 5 26 25 18 19 15 22 1 1 1 3 2 2 |1 4 7 8 23 11 14 4 1 18 10 15 3 2 7 1 |8 8 1 16 10 35 14 17 1 1 18 1 9 7 4 16 |
13768: 85 71 38 22 34 23 18 19 11 5 1 6 1 1 5 4 |55 53 44 24 47 34 20 10 1 2 21 21 17 1 21 7 |45 51 49 28 54 136 182 57 23 6 6 14 9 7 11 3 |110 113 73 60 55 131 229 156 31 21 17 25 32 20 8 22 |24 40 60 129 215 211 125 40 10 6 18 13 26 7 27 21 |29 40 45 44 145 234 215 77 19 12 21 11 26 14 3 14 |44 87 172 164 90 86 120 41 2 15 15 8 1 4 1 1 |82 79 157 249 211 54 24 17 1 1 16 1 1 21 9 17 |196 228 88 54 88 36 2 18 10 6 25 22 6 1 9 23 |42 75 32 1 10 32 12 19 9 22 1 1 1 1 1 7 |7 12 6 16 23 8 1 7 1 1 10 7 1 5 8 1 |8 3 1 9 2 12 21 13 1 1 3 1 6 5 1 2 |
13779: 85 71 38 22 34 23 18 19 11 5 1 6 1 1 5 4 |55 53 44 24 47 34 20 10 1 2 21 21 17 1 21 7 |45 51 49 28 54 136 182 57 23 6 6 14 9 7 11 3 |110 113 73 60 55 131 229 156 31 21 17 25 32 20 8 22 |24 40 60 129 215 211 125 40 10 6 18 13 26 7 27 21 |29 40 45 44 145 234 215 77 19 12 21 11 26 14 3 14 |44 87 172 164 90 86 120 41 2 15 15 8 1 4 1 1 |82 79 157 249 211 54 24 17 1 1 16 1 1 21 9 17 |196 228 88 54 88 36 2 18 10 6 25 22 6 1 9 23 |42 75 32 1 10 32 12 19 9 22 1 1 1 1 1 7 |7 12 6 16 23 8 1 7 1 1 10 7 1 5 8 1 |8 3 1 9 2 12 21 13 1 1 3 1 6 5 1 2 |
13790: 66 49 36 29 25 30 11 31 1 1 1 6 12 12 9 13 |43 43 35 18 39 40 16 13 1 2 16 20 12 11 19 8 |33 43 46 18 50 109 164 65 15 1 19 21 1 1 1 1 |74 89 69 49 51 112 212 166 40 23 3 10 28 27 5 14 |17 43 37 118 194 194 120 43 18 5 17 7 26 3 18 16 |25 22 31 50 150 247 219 69 5 2 1 1 18 1 18 2 |44 87 172 164 90 86 120 41 2 15 15 8 1 4 1 1 |82 79 157 249 211 54 24 17 1 1 16 1 1 21 9 17 |196 228 88 54 88 36 2 18 10 6 25 22 6 1 9 23 |42 75 32 1 10 32 12 19 9 22 1 1 1 1 1 7 |7 12 6 16 23 8 1 7 1 1 10 7 1 5 8 1 |8 3 1 9 2 12 21 13 1 1 3 1 6 5 1 2 |
13801: 66 49 36 29 25 30 11 31 1 1 1 6 12 12 9 13 |43 43 35 18 39 40 16 13 1 2 16 20 12 11 19 8 |33 43 46 18 50 109 164 65 15 1 19 21 1 1 1 1 |74 89 69 49 51 112 212 166 40 23 3 10 28 27 5 14 |17 43 37 118 194 194 120 43 18 5 17 7 26 3 18 16 |25 22 31 50 150 247 219 69 5 2 1 1 18 1 18 2 |32 62 134 149 88 96 118 47 8 17 16 21 8 2 1 8 |58 67 145 240 212 55 13 25 1 9 24 1 15 20 13 22 |172 225 97 59 89 39 14 12 8 6 8 7 10 1 10 26 |30 77 38 3 12 6 13 21 3 3 1 6 1 2 2 1 |10 2 1 7 12 10 1 2 1 15 10 9 1 1 10 1 |1 8 1 1 2 16 7 16 1 1 16 1 3 2 1 17 |
13811: 66 49 36 29 25 30 11 31 1 1 1 6 12 12 9 13 |43 43 35 18 39 40 16 13 1 2 16 20 12 11 19 8 |33 43 46 18 50 109 164 65 15 1 19 21 1 1 1 1 |74 89 69 49 51 112 212 166 40 23 3 10 28 27 5 14 |17 43 37 118 194 194 120 43 18 5 17 7 26 3 18 16 |25 22 31 50 150 247 219 69 5 2 1 1 18 1 18 2 |32 62 134 149 88 96 118 47 8 17 16 21 8 2 1 8 |58 67 145 240 212 55 13 25 1 9 24 1 15 20 13 22 |172 225 97 59 89 39 14 12 8 6 8 7 10 1 10 26 |30 77 38 3 12 6 13 21 3 3 1 6 1 2 2 1 |10 2 1 7 12 10 1 2 1 15 10 9 1 1 10 1 |1 8 1 1 2 16 7 16 1 1 16 1 3 2 1 17 |
13822: 61 53 31 30 32 24 25 24 2 6 3 1 3 7 13 16 |50 41 28 21 33 38 27 5 1 1 16 18 17 9 22 6 |13 28 40 28 43 84 152 58 19 3 17 20 1 1 1 1 |47 65 42 52 33 112 221 155 38 31 15 1 38 24 1 27 |24 49 47 77 151 181 119 59 4 1 5 2 8 11 15 12 |20 31 31 37 142 240 209 67 24 9 31 9 25 9 16 3 |25 56 120 145 84 87 137 54 3 18 15 22 1 5 1 1 |58 67 145 240 212 55 13 25 1 9 24 1 15 20 13 22 |172 225 97 59 89 39 14 12 8 6 8 7 10 1 10 26 |30 77 38 3 12 6 13 21 3 3 1 6 1 2 2 1 |10 2 1 7 12 10 1 2 1 15 10 9 1 1 10 1 |1 8 1 1 2 16 7 16 1 1 16 1 3 2 1 17 |
13833: 61 53 31 30 32 24 25 24 2 6 3 1 3 7 13 16 |50 41 28 21 33 38 27 5 1 1 16 18 17 9 22 6 |13 28 40 28 43 84 152 58 19 3 17 20 1 1 1 1 |47 65 42 52 33 112 221 155 38 31 15 1 38 24 1 27 |24 49 47 77 151 181 119 59 4 1 5 2 8 11 15 12 |20 31 31 37 142 240 209 67 24 9 31 9 25 9 16 3 |25 56 120 145 84 87 137 54 3 18 15 22 1 5 1 1 |55 53 125 228 224 82 24 16 1 11 31 5 9 15 8 8 |115 226 85 44 92 46 24 21 13 12 12 16 23 2 8 25 |34 64 38 1 10 17 14 20 15 16 1 6 1 1 1 3 |15 11 1 19 16 1 1 4 1 11 12 15 1 1 6 1 |1 11 1 1 2 10 11 17 1 3 16 1 1 1 1 17 |
13844: 61 53 31 30 32 24 25 24 2 6 3 1 3 7 13 16 |50 41 28 21 33 38 27 5 1 1 16 18 17 9 22 6 |13 28 40 28 43 84 152 58 19 3 17 20 1 1 1 1 |47 65 42 52 33 112 221 155 38 31 15 1 38 24 1 27 |24 49 47 77 151 181 119 59 4 1 5 2 8 11 15 12 |20 31 31 37 142 240 209 67 24 9 31 9 25 9 16 3 |25 56 120 145 84 87 137 54 3 18 15 22 1 5 1 1 |55 53 125 228 224 82 24 16 1 11 31 5 9 15 8 8 |115 226 85 44 92 46 24 21 13 12 12 16 23 2 8 25 |34 64 38 1 10 17 14 20 15 16 1 6 1 1 1 3 |15 11 1 19 16 1 1 4 1 11 12 15 1 1 6 1 |1 11 1 1 2 10 11 17 1 3 16 1 1 1 1 17 |
13855: 44 43 15 19 16 12 17 16 1 1 3 12 1 1 18 9 |48 31 39 26 36 29 8 7 3 1 11 14 3 10 16 5 |19 16 28 14 31 87 100 38 10 9 15 10 1 1 1 7 |36 46 45 37 31 124 230 124 19 22 1 14 14 16 4 11 |27 42 45 77 116 120 125 66 10 11 12 7 21 1 23 17 |20 31 31 37 142 240 209 67 24 9 31 9 25 9 16 3 |25 56 120 145 84 87 137 54 3 18 15 22 1 5 1 1 |55 53 125 228 224 82 24 16 1 11 31 5 9 15 8 8 |115 226 85 44 92 46 24 21 13 12 12 16 23 2 8 25 |34 64 38 1 10 17 14 20 15 16 1 6 1 1 1 3 |15 11 1 19 16 1 1 4 1 11 12 15 1 1 6 1 |1 11 1 1 2 10 11 17 1 3 16 1 1 1 1 17 |
13866: 44 43 15 19 16 12 17 16 1 1 3 12 1 1 18 9 |48 31 39 26 36 29 8 7 3 1 11 14 3 10 16 5 |19 16 28 14 31 87 100 38 10 9 15 10 1 1 1 7 |36 46 45 37 31 124 230 124 19 22 1 14 14 16 4 11 |27 42 45 77 116 120 125 66 10 11 12 7 21 1 23 17 |26 21 24 44 160 242 179 49 12 11 31 3 20 2 19 2 |12 41 97 112 87 152 169 52 1 17 13 12 1 11 9 4 |43 46 126 242 197 40 29 19 11 1 34 4 1 23 11 17 |104 183 60 80 115 47 9 4 15 9 11 15 9 1 10 15 |29 94 31 2 14 10 14 20 15 20 2 6 1 8 1 1 |2 3 1 15 9 1 1 3 1 16 1 16 1 2 4 1 |1 1 1 22 3 9 6 4 1 2 19 1 2 1 1 18 |
13877: 44 43 15 19 16 12 17 16 1 1 3 12 1 1 18 9 |48 31 39 26 36 29 8 7 3 1 11 14 3 10 16 5 |19 16 28 14 31 87 100 38 10 9 15 10 1 1 1 7 |36 46 45 37 31 124 230 124 19 22 1 14 14 16 4 11 |27 42 45 77 116 120 125 66 10 11 12 7 21 1 23 17 |26 21 24 44 160 242 179 49 12 11 31 3 20 2 19 2 |12 41 97 112 87 152 169 52 1 17 13 12 1 11 9 4 |43 46 126 242 197 40 29 19 11 1 34 4 1 23 11 17 |104 183 60 80 115 47 9 4 15 9 11 15 9 1 10 15 |29 94 31 2 14 10 14 20 15 20 2 6 1 8 1 1 |2 3 1 15 9 1 1 3 1 16 1 16 1 2 4 1 |1 1 1 22 3 9 6 4 1 2 19 1 2 1 1 18 |
13888: 35 31 19 27 22 25 17 24 1 1 1 13 1 1 9 1 |44 41 31 1 14 27 10 1 4 4 1 18 1 8 22 4 |10 18 27 27 38 54 49 23 10 1 1 13 1 1 4 3 |17 37 22 19 53 156 178 34 29 2 1 4 14 13 1 13 |27 42 45 77 116 120 125 66 10 11 12 7 21 1 23 17 |26 21 24 44 160 242 179 49 12 11 31 3 20 2 19 2 |12 41 97 112 87 152 169 52 1 17 13 12 1 11 9 4 |43 46 126 242 197 40 29 19 11 1 34 4 1 23 11 17 |104 183 60 80 115 47 9 4 15 9 11 15 9 1 10 15 |29 94 31 2 14 10 14 20 15 20 2 6 1 8 1 1 |2 3 1 15 9 1 1 3 1 16 1 16 1 2 4 1 |1 1 1 22 3 9 6 4 1 2 19 1 2 1 1 18 |
13899: 35 31 19 27 22 25 17 24 1 1 1 13 1 1 9 1 |44 41 31 1 14 27 10 1 4 4 1 18 1 8 22 4 |10 18 27 27 38 54 49 23 10 1 1 13 1 1 4 3 |17 37 22 19 53 156 178 34 29 2 1 4 14 13 1 13 |32 45 41 58 64 113 182 49 1 10 13 12 18 2 26 15 |19 20 42 66 176 199 84 34 13 9 28 9 24 8 14 1 |25 38 47 48 110 209 165 34 8 9 10 21 4 10 6 1 |25 37 133 216 110 62 44 28 1 11 33 8 15 12 1 16 |99 100 63 162 136 43 16 7 10 16 19 12 19 2 16 12 |85 81 15 18 33 17 14 6 4 13 1 1 1 9 2 6 |11 1 13 13 8 1 2 10 1 16 10 18 4 1 9 1 |7 7 1 1 18 23 19 13 1 1 19 1 5 5 1 19 |
13910: 35 31 19 27 22 25 17 24 1 1 1 13 1 1 9 1 |44 41 31 1 14 27 10 1 4 4 1 18 1 8 22 4 |10 18 27 27 38 54 49 23 10 1 1 13 1 1 4 3 |17 37 22 19 53 156 178 34 29 2 1 4 14 13 1 13 |32 45 41 58 64 113 182 49 1 10 13 12 18 2 26 15 |19 20 42 66 176 199 84 34 13 9 28 9 24 8 14 1 |25 38 47 48 110 209 165 34 8 9 10 21 4 10 6 1 |25 37 133 216 110 62 44 28 1 11 33 8 15 12 1 16 |99 100 63 162 136 43 16 7 10 16 19 12 19 2 16 12 |85 81 15 18 33 17 14 6 4 13 1 1 1 9 2 6 |11 1 13 13 8 1 2 10 1 16 10 18 4 1 9 1 |7 7 1 1 18 23 19 13 1 1 19 1 5 5 1 19 |
13921: 24 13 2 10 6 23 10 23 1 1 13 10 1 1 14 1 |44 28 31 13 17 19 14 7 1 1 8 17 10 10 22 5 |19 14 41 27 41 33 22 17 12 3 1 14 2 2 1 9 |16 16 29 26 69 160 88 11 9 17 7 16 21 16 3 18 |25 44 37 38 75 196 179 18 1 1 12 9 25 1 13 21 |11 27 46 75 149 107 37 23 5 4 11 1 10 1 1 2 |25 38 47 48 110 209 165 34 8 9 10 21 4 10 6 1 |25 37 133 216 110 62 44 28 1 11 33 8 15 12 1 16 |99 100 63 162 136 43 16 7 10 16 19 12 19 2 16 12 |85 81 15 18 33 17 14 6 4 13 1 1 1 9 2 6 |11 1 13 13 8 1 2 10 1 16 10 18 4 1 9 1 |7 7 1 1 18 23 19 13 1 1 19 1 5 5 1 19 |
13932: 24 13 2 10 6 23 10 23 1 1 13 10 1 1 14 1 |44 28 31 13 17 19 14 7 1 1 8 17 10 10 22 5 |19 14 41 27 41 33 22 17 12 3 1 14 2 2 1 9 |16 16 29 26 69 160 88 11 9 17 7 16 21 16 3 18 |25 44 37 38 75 196 179 18 1 1 12 9 25 1 13 21 |11 27 46 75 149 107 37 23 5 4 11 1 10 1 1 2 |13 35 46 65 168 207 83 20 1 18 10 19 7 13 14 3 |21 43 119 130 68 115 50 20 1 11 31 4 10 15 12 16 |42 38 113 208 77 42 19 5 2 18 24 10 19 8 16 14 |95 30 39 33 29 2 1 20 14 11 3 5 1 16 1 10 |20 1 1 9 14 4 1 4 1 16 5 4 2 4 7 1 |1 1 1 4 3 9 2 4 1 1 15 2 3 1 1 17 |
13943: 24 13 2 10 6 23 10 23 1 1 13 10 1 1 14 1 |44 28 31 13 17 19 14 7 1 1 8 17 10 10 22 5 |19 14 41 27 41 33 22 17 12 3 1 14 2 2 1 9 |16 16 29 26 69 160 88 11 9 17 7 16 21 16 3 18 |25 44 37 38 75 196 179 18 1 1 12 9 25 1 13 21 |11 27 46 75 149 107 37 23 5 4 11 1 10 1 1 2 |13 35 46 65 168 207 83 20 1 18 10 19 7 13 14 3 |21 43 119 130 68 115 50 20 1 11 31 4 10 15 12 16 |42 38 113 208 77 42 19 5 2 18 24 10 19 8 16 14 |95 30 39 33 29 2 1 20 14 11 3 5 1 16 1 10 |20 1 1 9 14 4 1 4 1 16 5 4 2 4 7 1 |1 1 1 4 3 9 2 4 1 1 15 2 3 1 1 17 |
13954: 17 1 1 2 5 12 1 4 1 5 1 1 4 2 1 13 |47 20 15 1 22 21 8 1 2 1 1 10 1 1 14 1 |21 22 41 12 19 15 9 11 11 1 8 14 1 3 1 7 |15 15 30 23 80 96 32 7 9 4 1 11 18 14 1 16 |18 43 29 23 113 214 95 9 1 1 13 5 19 8 23 12 |11 27 46 75 149 107 37 23 5 4 11 1 10 1 1 2 |13 35 46 65 168 207 83 20 1 18 10 19 7 13 14 3 |21 43 119 130 68 115 50 20 1 11 31 4 10 15 12 16 |42 38 113 208 77 42 19 5 2 18 24 10 19 8 16 14 |95 30 39 33 29 2 1 20 14 11 3 5 1 16 1 10 |20 1 1 9 14 4 1 4 1 16 5 4 2 4 7 1 |1 1 1 4 3 9 2 4 1 1 15 2 3 1 1 17 |
13965: 17 1 1 2 5 12 1 4 1 5 1 1 4 2 1 13 |47 20 15 1 22 21 8 1 2 1 1 10 1 1 14 1 |21 22 41 12 19 15 9 11 11 1 8 14 1 3 1 7 |15 15 30 23 80 96 32 7 9 4 1 11 18 14 1 16 |18 43 29 23 113 214 95 9 1 1 13 5 19 8 23 12 |19 27 46 67 86 94 14 15 1 1 19 1 7 1 1 4 |19 35 45 101 203 154 22 10 11 8 5 10 1 6 7 5 |26 27 73 62 105 110 17 13 3 6 13 6 5 14 13 4 |23 51 178 187 41 33 23 18 11 5 26 13 3 9 13 6 |36 21 56 25 12 12 1 13 3 11 1 1 1 1 1 7 |16 11 19 14 9 1 7 13 2 18 10 9 1 3 8 1 |1 1 1 7 1 3 5 1 1 3 15 1 1 3 1 19 |
13976: 17 1 1 2 5 12 1 4 1 5 1 1 4 2 1 13 |47 20 15 1 22 21 8 1 2 1 1 10 1 1 14 1 |21 22 41 12 19 15 9 11 11 1 8 14 1 3 1 7 |15 15 30 23 80 96 32 7 9 4 1 11 18 14 1 16 |18 43 29 23 113 214 95 9 1 1 13 5 19 8 23 12 |19 27 46 67 86 94 14 15 1 1 19 1 7 1 1 4 |19 35 45 101 203 154 22 10 11 8 5 10 1 6 7 5 |26 27 73 62 105 110 17 13 3 6 13 6 5 14 13 4 |23 51 178 187 41 33 23 18 11 5 26 13 3 9 13 6 |36 21 56 25 12 12 1 13 3 11 1 1 1 1 1 7 |16 11 19 14 9 1 7 13 2 18 10 9 1 3 8 1 |1 1 1 7 1 3 5 1 1 3 15 1 1 3 1 19 |
13986: 6 9 1 8 1 17 4 3 1 2 1 8 1 3 1 13 |44 3 21 9 21 19 1 1 1 2 9 8 1 1 18 1 |10 28 40 6 6 25 18 17 15 1 9 16 1 1 5 1 |15 17 38 46 86 44 19 8 15 14 1 1 7 1 4 18 |21 40 21 31 169 156 27 10 10 8 2 9 17 2 10 10 |17 24 46 50 64 73 11 15 2 1 18 1 16 7 1 1 |19 35 45 101 203 154 22 10 11 8 5 10 1 6 7 5 |26 27 73 62 105 110 17 13 3 6 13 6 5 14 13 4 |23 51 178 187 41 33 23 18 11 5 26 13 3 9 13 6 |36 21 56 25 12 12 1 13 3 11 1 1 1 1 1 7 |16 11 19 14 9 1 7 13 2 18 10 9 1 3 8 1 |1 1 1 7 1 3 5 1 1 3 15 1 1 3 1 19 |
13997: 6 9 1 8 1 17 4 3 1 2 1 8 1 3 1 13 |44 3 21 9 21 19 1 1 1 2 9 8 1 1 18 1 |10 28 40 6 6 25 18 17 15 1 9 16 1 1 5 1 |15 17 38 46 86 44 19 8 15 14 1 1 7 1 4 18 |21 40 21 31 169 156 27 10 10 8 2 9 17 2 10 10 |17 24 46 50 64 73 11 15 2 1 18 1 16 7 1 1 |16 15 59 140 176 55 15 12 1 1 18 18 6 11 1 1 |26 20 49 59 132 55 8 7 4 2 12 1 3 6 12 11 |23 70 174 54 46 31 8 7 5 22 21 4 21 1 13 13 |17 26 60 20 21 9 1 4 1 3 3 1 1 1 2 9 |10 1 5 7 10 1 4 16 1 16 10 10 1 4 9 1 |1 1 1 1 1 8 1 4 1 5 17 1 1 1 1 19 |
14008: 6 9 1 8 1 17 4 3 1 2 1 8 1 3 1 13 |44 3 21 9 21 19 1 1 1 2 9 8 1 1 18 1 |10 28 40 6 6 25 18 17 15 1 9 16 1 1 5 1 |15 17 38 46 86 44 19 8 15 14 1 1 7 1 4 18 |21 40 21 31 169 156 27 10 10 8 2 9 17 2 10 10 |17 24 46 50 64 73 11 15 2 1 18 1 16 7 1 1 |16 15 59 140 176 55 15 12 1 1 18 18 6 11 1 1 |26 20 49 59 132 55 8 7 4 2 12 1 3 6 12 11 |23 70 174 54 46 31 8 7 5 22 21 4 21 1 13 13 |17 26 60 20 21 9 1 4 1 3 3 1 1 1 2 9 |10 1 5 7 10 1 4 16 1 16 10 10 1 4 9 1 |1 1 1 1 1 8 1 4 1 5 17 1 1 1 1 19 |
14018: 1 1 1 8 6 1 1 14 1 1 1 2 1 1 1 1 |23 2 5 1 13 9 2 1 1 4 12 12 1 1 1 1 |18 28 31 9 11 15 2 1 1 1 1 14 2 1 1 1 |5 19 27 24 30 13 7 6 16 12 1 5 7 1 1 6 |21 40 21 31 169 156 27 10 10 8 2 9 17 2 10 10 |17 24 46 50 64 73 11 15 2 1 18 1 16 7 1 1 |16 15 59 140 176 55 15 12 1 1 18 18 6 11 1 1 |26 20 49 59 132 55 8 7 4 2 12 1 3 6 12 11 |23 70 174 54 46 31 8 7 5 22 21 4 21 1 13 13 |17 26 60 20 21 9 1 4 1 3 3 1 1 1 2 9 |10 1 5 7 10 1 4 16 1 16 10 10 1 4 9 1 |1 1 1 1 1 8 1 4 1 5 17 1 1 1 1 19 |
14029: 1 1 1 8 6 1 1 14 1 1 1 2 1 1 1 1 |23 2 5 1 13 9 2 1 1 4 12 12 1 1 1 1 |18 28 31 9 11 15 2 1 1 1 1 14 2 1 1 1 |5 19 27 24 30 13 7 6 16 12 1 5 7 1 1 6 |18 35 30 40 62 29 7 1 1 1 5 1 17 8 16 14 |20 28 28 36 33 32 11 13 5 1 20 1 16 1 9 1 |9 28 46 86 54 11 2 8 1 1 16 6 1 1 1 10 |27 18 49 57 37 28 15 19 2 3 25 2 6 3 8 13 |23 63 78 14 36 26 5 3 15 15 13 15 17 8 8 15 |10 42 47 1 2 1 1 17 3 8 1 7 1 1 1 1 |13 6 3 3 1 1 6 14 6 9 13 10 2 1 10 1 |1 3 1 1 9 10 3 4 1 1 6 1 1 1 1 17 |
14040: 1 1 1 8 6 1 1 14 1 1 1 2 1 1 1 1 |23 2 5 1 13 9 2 1 1 4 12 12 1 1 1 1 |18 28 31 9 11 15 2 1 1 1 1 14 2 1 1 1 |5 19 27 24 30 13 7 6 16 12 1 5 7 1 1 6 |18 35 30 40 62 29 7 1 1 1 5 1 17 8 16 14 |20 28 28 36 33 32 11 13 5 1 20 1 16 1 9 1 |9 28 46 86 54 11 2 8 1 1 16 6 1 1 1 10 |27 18 49 57 37 28 15 19 2 3 25 2 6 3 8 13 |23 63 78 14 36 26 5 3 15 15 13 15 17 8 8 15 |10 42 47 1 2 1 1 17 3 8 1 7 1 1 1 1 |13 6 3 3 1 1 6 14 6 9 13 10 2 1 10 1 |1 3 1 1 9 10 3 4 1 1 6 1 1 1 1 17 |
14051: 6 1 1 19 2 8 7 13 1 1 2 7 1 1 2 1 |9 1 7 3 6 1 1 2 1 1 11 1 10 2 10 1 |12 15 9 1 6 10 1 2 1 1 9 13 3 1 1 1 |4 10 10 7 1 11 15 1 1 1 1 2 13 2 1 1 |4 14 7 20 14 24 18 4 1 1 1 1 10 7 14 15 |20 19 35 16 6 25 1 1 2 3 11 1 2 1 8 1 |9 28 46 86 54 11 2 8 1 1 16 6 1 1 1 10 |27 18 49 57 37 28 15 19 2 3 25 2 6 3 8 13 |23 63 78 14 36 26 5 3 15 15 13 15 17 8 8 15 |10 42 47 1 2 1 1 17 3 8 1 7 1 1 1 1 |13 6 3 3 1 1 6 14 6 9 13 10 2 1 10 1 |1 3 1 1 9 10 3 4 1 1 6 1 1 1 1 17 |
14062: 6 1 1 19 2 8 7 13 1 1 2 7 1 1 2 1 |9 1 7 3 6 1 1 2 1 1 11 1 10 2 10 1 |12 15 9 1 6 10 1 2 1 1 9 13 3 1 1 1 |4 10 10 7 1 11 15 1 1 1 1 2 13 2 1 1 |4 14 7 20 14 24 18 4 1 1 1 1 10 7 14 15 |20 19 35 16 6 25 1 1 2 3 11 1 2 1 8 1 |10 22 51 38 16 1 1 11 1 2 2 1 1 1 1 9 |12 17 42 26 10 1 4 18 1 1 12 6 9 12 1 17 |21 36 20 5 24 10 1 18 6 9 18 12 19 1 7 17 |18 19 30 1 1 1 8 8 15 14 2 3 1 1 2 2 |13 2 11 11 8 1 1 1 1 2 8 11 1 6 7 1 |6 1 1 3 1 3 3 2 1 4 15 1 1 1 1 1 |
14074: 6 1 1 19 2 8 7 13 1 1 2 7 1 1 2 1 |9 1 7 3 6 1 1 2 1 1 11 1 10 2 10 1 |12 15 9 1 6 10 1 2 1 1 9 13 3 1 1 1 |4 10 10 7 1 11 15 1 1 1 1 2 13 2 1 1 |4 14 7 20 14 24 18 4 1 1 1 1 10 7 14 15 |20 19 35 16 6 25 1 1 2 3 11 1 2 1 8 1 |10 22 51 38 16 1 1 11 1 2 2 1 1 1 1 9 |12 17 42 26 10 1 4 18 1 1 12 6 9 12 1 17 |21 36 20 5 24 10 1 18 6 9 18 12 19 1 7 17 |18 19 30 1 1 1 8 8 15 14 2 3 1 1 2 2 |13 2 11 11 8 1 1 1 1 2 8 11 1 6 7 1 |6 1 1 3 1 3 3 2 1 4 15 1 1 1 1 1 |
14086: 2 1 1 1 4 3 9 13 1 1 1 1 1 4 1 1 |11 1 5 1 6 10 1 1 1 1 9 14 11 1 8 1 |9 8 12 1 1 4 1 1 1 1 8 13 1 1 1 3 |5 10 12 14 14 9 1 5 9 5 1 3 2 1 1 2 |10 13 18 9 4 15 9 1 1 2 5 1 12 2 4 15 |16 4 13 1 14 18 1 1 3 1 2 1 1 1 1 1 |9 12 15 4 1 1 1 11 1 5 1 1 1 2 1 10 |12 17 42 26 10 1 4 18 1 1 12 6 9 12 1 17 |21 36 20 5 24 10 1 18 6 9 18 12 19 1 7 17 |18 19 30 1 1 1 8 8 15 14 2 3 1 1 2 2 |13 2 11 11 8 1 1 1 1 2 8 11 1 6 7 1 |6 1 1 3 1 3 3 2 1 4 15 1 1 1 1 1 |
14096: 2 1 1 1 4 3 9 13 1 1 1 1 1 4 1 1 |11 1 5 1 6 10 1 1 1 1 9 14 11 1 8 1 |9 8 12 1 1 4 1 1 1 1 8 13 1 1 1 3 |5 10 12 14 14 9 1 5 9 5 1 3 2 1 1 2 |10 13 18 9 4 15 9 1 1 2 5 1 12 2 4 15 |16 4 13 1 14 18 1 1 3 1 2 1 1 1 1 1 |9 12 15 4 1 1 1 11 1 5 1 1 1 2 1 10 |13 16 33 15 1 11 14 12 1 1 7 1 5 10 4 9 |19 18 5 1 19 2 3 3 15 10 1 9 19 1 1 11 |4 10 16 1 11 15 5 13 4 1 1 6 1 3 1 4 |9 11 3 16 7 1 1 15 1 1 12 9 3 2 1 2 |1 1 1 6 1 8 1 1 1 1 15 1 2 2 1 18 |
14107: 2 1 1 1 4 3 9 13 1 1 1 1 1 4 1 1 |11 1 5 1 6 10 1 1 1 1 9 14 11 1 8 1 |9 8 12 1 1 4 1 1 1 1 8 13 1 1 1 3 |5 10 12 14 14 9 1 5 9 5 1 3 2 1 1 2 |10 13 18 9 4 15 9 1 1 2 5 1 12 2 4 15 |16 4 13 1 14 18 1 1 3 1 2 1 1 1 1 1 |9 12 15 4 1 1 1 11 1 5 1 1 1 2 1 10 |13 16 33 15 1 11 14 12 1 1 7 1 5 10 4 9 |19 18 5 1 19 2 3 3 15 10 1 9 19 1 1 11 |4 10 16 1 11 15 5 13 4 1 1 6 1 3 1 4 |9 11 3 16 7 1 1 15 1 1 12 9 3 2 1 2 |1 1 1 6 1 8 1 1 1 1 15 1 2 2 1 18 |
14118: 6 1 1 1 1 8 1 16 1 5 1 5 1 1 9 1 |1 1 3 1 1 12 2 1 1 1 1 14 7 1 3 1 |5 1 14 1 1 11 15 4 6 1 7 1 1 1 1 1 |6 1 1 1 2 4 9 1 1 1 1 8 13 13 1 11 |1 9 14 1 14 9 2 1 1 1 1 1 1 8 13 12 |1 16 15 1 1 6 1 4 1 1 2 2 3 1 1 1 |9 12 15 4 1 1 1 11 1 5 1 1 1 2 1 10 |13 16 33 15 1 11 14 12 1 1 7 1 5 10 4 9 |19 18 5 1 19 2 3 3 15 10 1 9 19 1 1 11 |4 10 16 1 11 15 5 13 4 1 1 6 1 3 1 4 |9 11 3 16 7 1 1 15 1 1 12 9 3 2 1 2 |1 1 1 6 1 8 1 1 1 1 15 1 2 2 1 18 |
14128: 6 1 1 1 1 8 1 16 1 5 1 5 1 1 9 1 |1 1 3 1 1 12 2 1 1 1 1 14 7 1 3 1 |5 1 14 1 1 11 15 4 6 1 7 1 1 1 1 1 |6 1 1 1 2 4 9 1 1 1 1 8 13 13 1 11 |1 9 14 1 14 9 2 1 1 1 1 1 1 8 13 12 |1 16 15 1 1 6 1 4 1 1 2 2 3 1 1 1 |8 7 12 6 1 1 1 1 1 4 1 1 1 1 1 10 |10 14 24 27 2 11 13 12 1 1 17 1 1 14 1 1 |1 17 3 11 15 6 1 2 13 8 11 1 1 1 1 1 |9 15 13 1 1 5 9 9 1 1 3 2 1 1 1 1 |13 1 1 1 1 1 6 13 5 9 11 2 1 4 9 1 |1 8 1 2 1 1 5 1 1 3 7 1 1 12 1 17 |
14139: 6 1 1 1 1 8 1 16 1 5 1 5 1 1 9 1 |1 1 3 1 1 12 2 1 1 1 1 14 7 1 3 1 |5 1 14 1 1 11 15 4 6 1 7 1 1 1 1 1 |6 1 1 1 2 4 9 1 1 1 1 8 13 13 1 11 |1 9 14 1 14 9 2 1 1 1 1 1 1 8 13 12 |1 16 15 1 1 6 1 4 1 1 2 2 3 1 1 1 |8 7 12 6 1 1 1 1 1 4 1 1 1 1 1 10 |10 14 24 27 2 11 13 12 1 1 17 1 1 14 1 1 |1 17 3 11 15 6 1 2 13 8 11 1 1 1 1 1 |9 15 13 1 1 5 9 9 1 1 3 2 1 1 1 1 |13 1 1 1 1 1 6 13 5 9 11 2 1 4 9 1 |1 8 1 2 1 1 5 1 1 3 7 1 1 12 1 17 |
14150: 2 1 1 1 1 1 8 5 1 1 1 1 1 2 1 1 |1 1 7 1 1 1 1 1 1 1 3 8 1 1 13 1 |1 1 4 1 5 10 13 6 4 1 6 1 1 1 1 1 |2 5 1 1 1 1 9 2 1 1 1 7 11 1 1 12 |1 5 1 1 6 2 12 1 1 1 1 1 4 1 2 15 |9 1 11 6 1 5 1 7 1 1 4 1 3 1 1 1 |8 7 12 6 1 1 1 1 1 4 1 1 1 1 1 10 |10 14 24 27 2 11 13 12 1 1 17 1 1 14 1 1 |1 17 3 11 15 6 1 2 13 8 11 1 1 1 1 1 |9 15 13 1 1 5 9 9 1 1 3 2 1 1 1 1 |13 1 1 1 1 1 6 13 5 9 11 2 1 4 9 1 |1 8 1 2 1 1 5 1 1 3 7 1 1 12 1 17 |
14161: 2 1 1 1 1 1 8 5 1 1 1 1 1 2 1 1 |1 1 7 1 1 1 1 1 1 1 3 8 1 1 13 1 |1 1 4 1 5 10 13 6 4 1 6 1 1 1 1 1 |2 5 1 1 1 1 9 2 1 1 1 7 11 1 1 12 |1 5 1 1 6 2 12 1 1 1 1 1 4 1 2 15 |9 1 11 6 1 5 1 7 1 1 4 1 3 1 1 1 |1 21 16 15 6 1 1 7 1 6 3 1 2 1 1 11 |5 1 4 6 1 1 1 3 1 1 16 1 1 1 1 1 |6 9 1 4 5 1 5 2 1 3 1 1 4 1 1 1 |11 1 1 1 9 6 8 6 1 1 1 1 1 3 2 1 |13 1 1 9 1 1 1 12 1 3 9 6 1 2 5 1 |1 3 1 8 1 3 1 11 1 1 17 1 1 14 1 1 |
14173: 2 1 1 1 1 1 8 5 1 1 1 1 1 2 1 1 |1 1 7 1 1 1 1 1 1 1 3 8 1 1 13 1 |1 1 4 1 5 10 13 6 4 1 6 1 1 1 1 1 |2 5 1 1 1 1 9 2 1 1 1 7 11 1 1 12 |1 5 1 1 6 2 12 1 1 1 1 1 4 1 2 15 |9 1 11 6 1 5 1 7 1 1 4 1 3 1 1 1 |1 21 16 15 6 1 1 7 1 6 3 1 2 1 1 11 |5 1 4 6 1 1 1 3 1 1 16 1 1 1 1 1 |6 9 1 4 5 1 5 2 1 3 1 1 4 1 1 1 |11 1 1 1 9 6 8 6 1 1 1 1 1 3 2 1 |13 1 1 9 1 1 1 12 1 3 9 6 1 2 5 1 |1 3 1 8 1 3 1 11 1 1 17 1 1 14 1 1 |
14184: 1 1 1 1 3 8 7 14 1 1 1 1 1 1 1 8 |4 1 8 1 7 9 1 1 1 1 1 12 10 1 12 1 |1 1 1 1 5 7 20 9 2 1 1 7 1 1 1 2 |1 1 1 1 1 1 10 1 7 1 1 3 11 7 1 11 |7 19 3 1 8 7 2 1 1 1 1 1 4 1 2 14 |16 1 11 1 1 1 1 2 1 1 2 1 1 1 1 3 |1 21 16 15 6 1 1 7 1 6 3 1 2 1 1 11 |5 1 4 6 1 1 1 3 1 1 16 1 1 1 1 1 |6 9 1 4 5 1 5 2 1 3 1 1 4 1 1 1 |11 1 1 1 9 6 8 6 1 1 1 1 1 3 2 1 |13 1 1 9 1 1 1 12 1 3 9 6 1 2 5 1 |1 3 1 8 1 3 1 11 1 1 17 1 1 14 1 1 |
14194: 1 1 1 1 3 8 7 14 1 1 1 1 1 1 1 8 |4 1 8 1 7 9 1 1 1 1 1 12 10 1 12 1 |1 1 1 1 5 7 20 9 2 1 1 7 1 1 1 2 |1 1 1 1 1 1 10 1 7 1 1 3 11 7 1 11 |7 19 3 1 8 7 2 1 1 1 1 1 4 1 2 14 |16 1 11 1 1 1 1 2 1 1 2 1 1 1 1 3 |8 12 6 7 1 2 3 4 1 6 1 1 1 4 1 8 |11 1 17 7 1 5 1 2 1 1 6 1 1 4 1 1 |6 1 1 1 13 25 3 1 9 1 2 2 2 1 1 2 |1 1 1 1 1 1 1 1 3 14 1 1 1 1 1 1 |12 1 4 1 1 1 1 18 1 5 8 1 1 2 8 1 |1 1 1 1 1 11 2 12 1 4 17 1 1 4 1 1 |
14205: 1 1 1 1 3 8 7 14 1 1 1 1 1 1 1 8 |4 1 8 1 7 9 1 1 1 1 1 12 10 1 12 1 |1 1 1 1 5 7 20 9 2 1 1 7 1 1 1 2 |1 1 1 1 1 1 10 1 7 1 1 3 11 7 1 11 |7 19 3 1 8 7 2 1 1 1 1 1 4 1 2 14 |16 1 11 1 1 1 1 2 1 1 2 1 1 1 1 3 |8 12 6 7 1 2 3 4 1 6 1 1 1 4 1 8 |11 1 17 7 1 5 1 2 1 1 6 1 1 4 1 1 |6 1 1 1 13 25 3 1 9 1 2 2 2 1 1 2 |1 1 1 1 1 1 1 1 3 14 1 1 1 1 1 1 |12 1 4 1 1 1 1 18 1 5 8 1 1 2 8 1 |1 1 1 1 1 11 2 12 1 4 17 1 1 4 1 1 |
14216: 1 1 1 6 1 9 1 7 1 3 1 1 1 1 9 5 |4 1 7 1 1 9 1 1 1 1 1 12 2 1 11 1 |1 1 7 1 1 8 14 7 7 1 7 1 1 1 1 1 |1 1 1 2 1 1 13 1 10 6 1 1 1 7 1 11 |6 7 1 1 5 3 3 1 1 1 1 1 12 5 3 13 |16 1 11 1 1 1 1 2 1 1 2 1 1 1 1 3 |8 12 6 7 1 2 3 4 1 6 1 1 1 4 1 8 |11 1 17 7 1 5 1 2 1 1 6 1 1 4 1 1 |6 1 1 1 13 25 3 1 9 1 2 2 2 1 1 2 |1 1 1 1 1 1 1 1 3 14 1 1 1 1 1 1 |12 1 4 1 1 1 1 18 1 5 8 1 1 2 8 1 |1 1 1 1 1 11 2 12 1 4 17 1 1 4 1 1 |
14226: 1 1 1 6 1 9 1 7 1 3 1 1 1 1 9 5 |4 1 7 1 1 9 1 1 1 1 1 12 2 1 11 1 |1 1 7 1 1 8 14 7 7 1 7 1 1 1 1 1 |1 1 1 2 1 1 13 1 10 6 1 1 1 7 1 11 |6 7 1 1 5 3 3 1 1 1 1 1 12 5 3 13 |8 7 8 1 1 2 2 5 1 1 2 1 4 1 4 3 |15 10 4 16 1 1 3 7 1 5 1 12 1 3 1 11 |8 9 8 20 2 4 1 3 1 1 11 1 1 5 5 5 |10 1 2 1 1 16 8 1 14 1 3 3 1 1 1 16 |1 1 1 1 1 2 5 14 4 5 1 1 1 9 1 1 |10 4 1 13 1 2 1 14 1 1 10 7 3 1 2 1 |1 1 1 1 1 8 5 14 1 1 11 3 1 12 4 11 |
14237: 1 1 1 6 1 9 1 7 1 3 1 1 1 1 9 5 |4 1 7 1 1 9 1 1 1 1 1 12 2 1 11 1 |1 1 7 1 1 8 14 7 7 1 7 1 1 1 1 1 |1 1 1 2 1 1 13 1 10 6 1 1 1 7 1 11 |6 7 1 1 5 3 3 1 1 1 1 1 12 5 3 13 |8 7 8 1 1 2 2 5 1 1 2 1 4 1 4 3 |15 10 4 16 1 1 3 7 1 5 1 12 1 3 1 11 |8 9 8 20 2 4 1 3 1 1 11 1 1 5 5 5 |10 1 2 1 1 16 8 1 14 1 3 3 1 1 1 16 |1 1 1 1 1 2 5 14 4 5 1 1 1 9 1 1 |10 4 1 13 1 2 1 14 1 1 10 7 3 1 2 1 |1 1 1 1 1 8 5 14 1 1 11 3 1 12 4 11 |
14247: 1 1 1 7 8 2 8 13 1 1 1 6 1 3 5 3 |1 1 7 1 5 2 5 1 1 1 1 10 1 1 8 1 |1 1 8 1 5 7 2 9 6 1 8 1 1 1 1 1 |1 1 1 4 1 4 8 1 7 1 1 1 13 6 1 1 |1 4 1 1 8 1 9 1 1 1 1 1 11 4 15 7 |8 7 8 1 1 2 2 5 1 1 2 1 4 1 4 3 |15 10 4 16 1 1 3 7 1 5 1 12 1 3 1 11 |8 9 8 20 2 4 1 3 1 1 11 1 1 5 5 5 |10 1 2 1 1 16 8 1 14 1 3 3 1 1 1 16 |1 1 1 1 1 2 5 14 4 5 1 1 1 9 1 1 |10 4 1 13 1 2 1 14 1 1 10 7 3 1 2 1 |1 1 1 1 1 8 5 14 1 1 11 3 1 12 4 11 |
14258: 1 1 1 7 8 2 8 13 1 1 1 6 1 3 5 3 |1 1 7 1 5 2 5 1 1 1 1 10 1 1 8 1 |1 1 8 1 5 7 2 9 6 1 8 1 1 1 1 1 |1 1 1 4 1 4 8 1 7 1 1 1 13 6 1 1 |1 4 1 1 8 1 9 1 1 1 1 1 11 4 15 7 |1 1 1 1 6 11 1 7 1 1 2 1 1 2 1 1 |1 2 16 14 1 1 3 7 1 8 1 1 1 5 1 7 |6 1 2 2 1 13 9 9 1 1 3 1 7 8 1 1 |1 1 1 1 1 1 3 1 1 1 2 14 6 1 8 1 |1 6 1 1 10 1 1 6 2 1 2 1 1 1 1 7 |5 1 1 10 1 1 1 15 5 10 9 2 1 1 9 1 |1 1 1 1 1 8 5 14 1 1 11 3 1 12 4 11 |
14270: 1 1 1 7 8 2 8 13 1 1 1 6 1 3 5 3 |1 1 7 1 5 2 5 1 1 1 1 10 1 1 8 1 |1 1 8 1 5 7 2 9 6 1 8 1 1 1 1 1 |1 1 1 4 1 4 8 1 7 1 1 1 13 6 1 1 |1 4 1 1 8 1 9 1 1 1 1 1 11 4 15 7 |1 1 1 1 6 11 1 7 1 1 2 1 1 2 1 1 |1 2 16 14 1 1 3 7 1 8 1 1 1 5 1 7 |6 1 2 2 1 13 9 9 1 1 3 1 7 8 1 1 |1 1 1 1 1 1 3 1 1 1 2 14 6 1 8 1 |1 6 1 1 10 1 1 6 2 1 2 1 1 1 1 7 |5 1 1 10 1 1 1 15 5 10 9 2 1 1 9 1 |1 1 1 1 1 2 14 6 1 5 15 2 1 1 1 1 |
14280: 1 1 1 1 1 8 9 4 1 1 1 6 1 1 3 1 |1 1 1 1 2 11 1 1 1 1 1 10 1 2 12 1 |1 1 7 1 1 1 15 8 6 1 1 6 1 1 1 1 |1 1 1 1 1 1 6 1 9 6 1 7 1 9 1 12 |1 4 1 1 8 1 9 1 1 1 1 1 11 4 15 7 |1 1 1 1 6 11 1 7 1 1 2 1 1 2 1 1 |1 2 16 14 1 1 3 7 1 8 1 1 1 5 1 7 |6 1 2 2 1 13 9 9 1 1 3 1 7 8 1 1 |1 1 1 1 1 1 3 1 1 1 2 14 6 1 8 1 |1 6 1 1 10 1 1 6 2 1 2 1 1 1 1 7 |5 1 1 10 1 1 1 15 5 10 9 2 1 1 9 1 |1 1 1 1 1 2 14 6 1 5 15 2 1 1 1 1 |
14291: 1 1 1 1 1 8 9 4 1 1 1 6 1 1 3 1 |1 1 1 1 2 11 1 1 1 1 1 10 1 2 12 1 |1 1 7 1 1 1 15 8 6 1 1 6 1 1 1 1 |1 1 1 1 1 1 6 1 9 6 1 7 1 9 1 12 |1 1 1 1 6 2 10 1 1 1 1 1 12 1 14 6 |1 1 1 1 5 13 1 4 1 1 12 1 9 1 1 1 |1 11 1 13 1 1 1 9 1 4 1 12 1 1 1 3 |14 1 1 15 2 2 1 5 1 1 12 1 1 15 1 1 |1 1 1 1 2 13 4 1 1 8 9 1 3 1 8 5 |2 1 1 1 5 1 5 12 6 15 1 6 1 6 1 8 |1 3 1 1 1 1 1 6 1 1 1 1 1 1 9 1 |1 1 1 1 1 2 14 6 1 5 15 2 1 1 1 1 |
14302: 1 1 1 1 1 8 9 4 1 1 1 6 1 1 3 1 |1 1 1 1 2 11 1 1 1 1 1 10 1 2 12 1 |1 1 7 1 1 1 15 8 6 1 1 6 1 1 1 1 |1 1 1 1 1 1 6 1 9 6 1 7 1 9 1 12 |1 1 1 1 6 2 10 1 1 1 1 1 12 1 14 6 |1 1 1 1 5 13 1 4 1 1 12 1 9 1 1 1 |1 11 1 13 1 1 1 9 1 4 1 12 1 1 1 3 |14 1 1 15 2 2 1 5 1 1 12 1 1 15 1 1 |1 1 1 1 2 13 4 1 1 8 9 1 3 1 8 5 |2 1 1 1 5 1 5 12 6 15 1 6 1 6 1 8 |1 3 1 1 1 1 1 6 1 1 1 1 1 1 9 1 |1 8 1 1 1 8 3 1 1 7 16 1 1 12 1 13 |
14314: 1 1 1 1 1 7 16 5 1 2 1 1 1 1 10 1 |1 1 5 1 6 1 1 1 1 1 1 1 1 1 9 1 |1 1 6 1 1 9 5 7 6 1 1 5 1 1 1 2 |1 1 1 4 1 1 1 1 6 7 1 1 1 7 1 4 |1 1 1 1 1 11 9 1 1 1 1 1 10 1 14 10 |1 1 1 1 6 7 1 2 1 1 13 1 9 1 1 1 |1 11 1 13 1 1 1 9 1 4 1 12 1 1 1 3 |14 1 1 15 2 2 1 5 1 1 12 1 1 15 1 1 |1 1 1 1 2 13 4 1 1 8 9 1 3 1 8 5 |2 1 1 1 5 1 5 12 6 15 1 6 1 6 1 8 |1 3 1 1 1 1 1 6 1 1 1 1 1 1 9 1 |1 8 1 1 1 8 3 1 1 7 16 1 1 12 1 13 |
14325: 1 1 1 1 1 7 16 5 1 2 1 1 1 1 10 1 |1 1 5 1 6 1 1 1 1 1 1 1 1 1 9 1 |1 1 6 1 1 9 5 7 6 1 1 5 1 1 1 2 |1 1 1 4 1 1 1 1 6 7 1 1 1 7 1 4 |1 1 1 1 1 11 9 1 1 1 1 1 10 1 14 10 |1 1 1 1 6 7 1 2 1 1 13 1 9 1 1 1 |1 3 8 1 6 5 1 8 1 7 1 10 1 1 1 1 |6 1 1 12 1 1 1 6 1 1 9 1 1 15 1 8 |1 1 1 1 1 15 5 2 3 1 1 1 1 2 9 4 |1 1 7 1 1 6 1 13 8 8 1 6 1 2 1 7 |6 1 7 1 1 1 1 12 8 7 12 9 1 1 8 1 |1 5 1 1 1 16 1 1 1 3 11 1 1 12 1 5 |
14336: 1 1 1 1 1 7 16 5 1 2 1 1 1 1 10 1 |1 1 5 1 6 1 1 1 1 1 1 1 1 1 9 1 |1 1 6 1 1 9 5 7 6 1 1 5 1 1 1 2 |1 1 1 4 1 1 1 1 6 7 1 1 1 7 1 4 |1 1 1 1 1 11 9 1 1 1 1 1 10 1 14 10 |1 1 1 1 6 7 1 2 1 1 13 1 9 1 1 1 |1 3 8 1 6 5 1 8 1 7 1 10 1 1 1 1 |6 1 1 12 1 1 1 6 1 1 9 1 1 15 1 8 |1 1 1 1 1 15 5 2 3 1 1 1 1 2 9 4 |1 1 7 1 1 6 1 13 8 8 1 6 1 2 1 7 |6 1 7 1 1 1 1 12 8 7 12 9 1 1 8 1 |1 5 1 1 1 16 1 1 1 3 11 1 1 12 1 5 |
14347: 1 1 1 6 7 4 8 1 1 1 1 2 1 1 6 1 |1 1 1 1 8 1 1 1 1 1 1 5 1 1 6 1 |1 1 6 1 1 7 13 7 5 1 8 1 1 1 1 1 |1 1 1 4 1 1 1 1 6 7 1 1 1 7 1 4 |1 1 1 1 1 11 9 1 1 1 1 1 10 1 14 10 |1 1 1 1 6 7 1 2 1 1 13 1 9 1 1 1 |1 3 8 1 6 5 1 8 1 7 1 10 1 1 1 1 |6 1 1 12 1 1 1 6 1 1 9 1 1 15 1 8 |1 1 1 1 1 15 5 2 3 1 1 1 1 2 9 4 |1 1 7 1 1 6 1 13 8 8 1 6 1 2 1 7 |6 1 7 1 1 1 1 12 8 7 12 9 1 1 8 1 |1 5 1 1 1 16 1 1 1 3 11 1 1 12 1 5 |
14357: 1 1 1 6 7 4 8 1 1 1 1 2 1 1 6 1 |1 1 1 1 8 1 1 1 1 1 1 5 1 1 6 1 |1 1 6 1 1 7 13 7 5 1 8 1 1 1 1 1 |1 1 1 3 1 4 8 1 7 1 1 1 1 8 1 12 |1 8 1 1 7 7 9 1 1 1 1 1 10 1 12 8 |1 1 1 1 6 12 1 2 1 1 14 1 10 2 1 1 |1 3 9 1 1 1 1 8 1 5 9 2 1 3 1 2 |1 1 1 14 1 13 6 12 1 1 14 1 1 16 1 9 |1 1 1 1 13 14 11 9 2 1 1 1 1 2 8 3 |1 1 6 1 1 1 1 6 1 15 1 7 1 8 1 7 |6 5 1 1 1 1 1 16 8 2 10 1 1 1 1 1 |1 1 1 6 1 15 5 1 1 6 17 1 1 12 1 1 |
14367: 1 1 1 6 7 4 8 1 1 1 1 2 1 1 6 1 |1 1 1 1 8 1 1 1 1 1 1 5 1 1 6 1 |1 1 6 1 1 7 13 7 5 1 8 1 1 1 1 1 |1 1 1 3 1 4 8 1 7 1 1 1 1 8 1 12 |1 8 1 1 7 7 9 1 1 1 1 1 10 1 12 8 |1 1 1 1 6 12 1 2 1 1 14 1 10 2 1 1 |1 3 9 1 1 1 1 8 1 5 9 2 1 3 1 2 |1 1 1 14 1 13 6 12 1 1 14 1 1 16 1 9 |1 1 1 1 13 14 11 9 2 1 1 1 1 2 8 3 |1 1 6 1 1 1 1 6 1 15 1 7 1 8 1 7 |6 5 1 1 1 1 1 16 8 2 10 1 1 1 1 1 |1 1 1 6 1 15 5 1 1 6 17 1 1 12 1 1 |
14377: 1 1 1 1 9 7 6 14 1 1 1 8 1 4 4 1 |1 1 8 1 7 4 1 1 1 1 6 10 1 1 13 1 |1 1 8 1 1 1 13 7 7 1 1 1 1 1 1 2 |1 1 1 3 1 4 8 1 7 1 1 1 1 8 1 12 |1 8 1 1 7 7 9 1 1 1 1 1 10 1 12 8 |1 1 1 1 6 12 1 2 1 1 14 1 10 2 1 1 |1 3 9 1 1 1 1 8 1 5 9 2 1 3 1 2 |1 1 1 14 1 13 6 12 1 1 14 1 1 16 1 9 |1 1 1 1 13 14 11 9 2 1 1 1 1 2 8 3 |1 1 6 1 1 1 1 6 1 15 1 7 1 8 1 7 |6 5 1 1 1 1 1 16 8 2 10 1 1 1 1 1 |1 1 1 6 1 15 5 1 1 6 17 1 1 12 1 1 |
14387: 1 1 1 1 9 7 6 14 1 1 1 8 1 4 4 1 |1 1 8 1 7 4 1 1 1 1 6 10 1 1 13 1 |1 1 8 1 1 1 13 7 7 1 1 1 1 1 1 2 |1 1 1 2 1 6 1 1 1 7 1 1 1 5 1 11 |1 1 1 1 7 5 10 1 1 1 1 1 11 1 14 7 |1 1 1 1 6 17 1 6 1 1 14 1 8 1 1 1 |1 9 1 1 1 1 1 9 1 1 1 10 1 1 1 1 |12 1 1 9 1 1 3 14 1 1 7 1 1 14 1 9 |1 1 1 1 1 5 10 10 1 10 1 1 1 1 9 2 |1 1 8 1 2 1 6 13 3 15 1 5 1 8 1 1 |1 1 2 1 1 1 1 1 1 1 1 1 2 1 5 1 |1 1 1 6 1 15 5 1 1 6 17 1 1 12 1 1 |
14398: 1 1 1 1 9 7 6 14 1 1 1 8 1 4 4 1 |1 1 8 1 7 4 1 1 1 1 6 10 1 1 13 1 |1 1 8 1 1 1 13 7 7 1 1 1 1 1 1 2 |1 1 1 2 1 6 1 1 1 7 1 1 1 5 1 11 |1 1 1 1 7 5 10 1 1 1 1 1 11 1 14 7 |1 1 1 1 6 17 1 6 1 1 14 1 8 1 1 1 |1 9 1 1 1 1 1 9 1 1 1 10 1 1 1 1 |12 1 1 9 1 1 3 14 1 1 7 1 1 14 1 9 |1 1 1 1 1 5 10 10 1 10 1 1 1 1 9 2 |1 1 8 1 2 1 6 13 3 15 1 5 1 8 1 1 |1 1 2 1 1 1 1 1 1 1 1 1 2 1 5 1 |1 5 1 1 1 3 1 10 1 4 9 1 1 12 1 1 |
14409: 1 1 1 10 7 1 8 10 1 1 1 5 1 1 1 1 |1 1 8 1 7 4 1 1 1 1 6 10 1 1 13 1 |1 1 8 1 1 1 13 7 7 1 1 1 1 1 1 2 |1 1 1 2 1 6 1 1 1 7 1 1 1 5 1 11 |1 1 1 1 7 5 10 1 1 1 1 1 11 1 14 7 |1 1 1 1 6 17 1 6 1 1 14 1 8 1 1 1 |1 9 1 1 1 1 1 9 1 1 1 10 1 1 1 1 |12 1 1 9 1 1 3 14 1 1 7 1 1 14 1 9 |1 1 1 1 1 5 10 10 1 10 1 1 1 1 9 2 |1 1 8 1 2 1 6 13 3 15 1 5 1 8 1 1 |1 1 2 1 1 1 1 1 1 1 1 1 2 1 5 1 |1 5 1 1 1 3 1 10 1 4 9 1 1 12 1 1 |
14419: 1 1 1 10 7 1 8 10 1 1 1 5 1 1 1 1 |1 1 4 1 5 1 1 1 1 1 4 4 1 1 11 1 |1 1 8 1 1 7 4 1 3 1 1 7 1 1 1 1 |1 1 1 4 1 5 1 1 1 8 1 1 1 6 1 10 |1 1 1 1 6 7 1 1 1 1 1 1 13 1 7 7 |1 1 1 1 6 9 1 1 1 1 15 1 10 1 1 1 |1 9 9 1 1 1 1 1 1 1 1 10 1 1 1 1 |1 1 15 13 1 1 1 14 1 1 15 1 1 15 1 8 |1 1 1 1 1 5 10 10 1 10 1 1 1 1 9 2 |1 1 8 1 2 1 6 13 3 15 1 5 1 8 1 1 |1 1 2 1 1 1 1 1 1 1 1 1 2 1 5 1 |1 5 1 1 1 3 1 10 1 4 9 1 1 12 1 1 |
14430: 1 1 1 10 7 1 8 10 1 1 1 5 1 1 1 1 |1 1 4 1 5 1 1 1 1 1 4 4 1 1 11 1 |1 1 8 1 1 7 4 1 3 1 1 7 1 1 1 1 |1 1 1 4 1 5 1 1 1 8 1 1 1 6 1 10 |1 1 1 1 6 7 1 1 1 1 1 1 13 1 7 7 |1 1 1 1 6 9 1 1 1 1 15 1 10 1 1 1 |1 9 9 1 1 1 1 1 1 1 1 10 1 1 1 1 |1 1 15 13 1 1 1 14 1 1 15 1 1 15 1 8 |1 1 1 1 9 15 1 15 1 1 1 2 14 1 2 1 |1 1 1 1 1 2 1 11 4 12 1 6 1 1 1 6 |1 1 1 1 1 1 1 16 1 1 13 4 1 1 7 1 |1 5 1 1 1 14 8 3 1 1 16 1 1 10 1 12 |
14441: 1 1 1 10 7 1 8 10 1 1 1 5 1 1 1 1 |1 1 4 1 5 1 1 1 1 1 4 4 1 1 11 1 |1 1 8 1 1 7 4 1 3 1 1 7 1 1 1 1 |1 1 1 4 1 5 1 1 1 8 1 1 1 6 1 10 |1 1 1 1 6 7 1 1 1 1 1 1 13 1 7 7 |1 1 1 1 6 9 1 1 1 1 15 1 10 1 1 1 |1 9 9 1 1 1 1 1 1 1 1 10 1 1 1 1 |1 1 15 13 1 1 1 14 1 1 15 1 1 15 1 8 |1 1 1 1 9 15 1 15 1 1 1 2 14 1 2 1 |1 1 1 1 1 2 1 11 4 12 1 6 1 1 1 6 |1 1 1 1 1 1 1 16 1 1 13 4 1 1 7 1 |1 5 1 1 1 14 8 3 1 1 16 1 1 10 1 12 |
14452: 1 1 1 1 1 6 1 1 1 1 1 7 1 2 6 1 |1 1 9 1 5 1 1 1 1 1 3 13 1 1 13 1 |1 1 6 1 1 7 3 7 6 1 8 5 1 1 1 2 |1 1 1 1 1 3 1 1 5 8 1 1 1 5 1 12 |1 1 1 1 1 1 10 1 1 1 1 1 10 1 15 10 |1 1 1 1 6 10 1 1 1 1 14 1 11 1 1 1 |1 4 1 1 1 1 1 10 1 1 1 1 1 1 1 1 |1 1 1 14 1 1 1 14 1 1 10 1 1 16 1 10 |1 1 1 1 11 8 11 6 1 11 11 1 10 1 1 1 |1 1 1 1 1 2 1 11 4 12 1 6 1 1 1 6 |1 1 1 1 1 1 1 16 1 1 13 4 1 1 7 1 |1 5 1 1 1 14 8 3 1 1 16 1 1 10 1 12 |
14463: 1 1 1 1 1 6 1 1 1 1 1 7 1 2 6 1 |1 1 9 1 5 1 1 1 1 1 3 13 1 1 13 1 |1 1 6 1 1 7 3 7 6 1 8 5 1 1 1 2 |1 1 1 1 1 3 1 1 5 8 1 1 1 5 1 12 |1 1 1 1 1 1 10 1 1 1 1 1 10 1 15 10 |1 1 1 1 6 10 1 1 1 1 14 1 11 1 1 1 |1 4 1 1 1 1 1 10 1 1 1 1 1 1 1 1 |1 1 1 14 1 1 1 14 1 1 10 1 1 16 1 10 |1 1 1 1 11 8 11 6 1 11 11 1 10 1 1 1 |2 1 1 1 3 1 1 9 1 13 1 6 1 6 1 6 |1 1 3 4 2 1 1 13 5 6 1 2 1 1 1 1 |1 1 1 1 1 15 12 1 1 5 15 1 1 1 1 1 |
14474: 1 1 1 1 1 6 1 1 1 1 1 7 1 2 6 1 |1 1 9 1 5 1 1 1 1 1 3 13 1 1 13 1 |1 1 6 1 1 7 3 7 6 1 8 5 1 1 1 2 |1 1 1 1 1 3 1 1 5 8 1 1 1 5 1 12 |1 1 1 1 1 1 10 1 1 1 1 1 10 1 15 10 |1 1 1 1 6 10 1 1 1 1 14 1 11 1 1 1 |1 4 1 1 1 1 1 10 1 1 1 1 1 1 1 1 |1 1 1 14 1 1 1 14 1 1 10 1 1 16 1 10 |1 1 1 1 11 8 11 6 1 11 11 1 10 1 1 1 |2 1 1 1 3 1 1 9 1 13 1 6 1 6 1 6 |1 1 3 4 2 1 1 13 5 6 1 2 1 1 1 1 |1 1 1 1 1 15 12 1 1 5 15 1 1 1 1 1 |
14484: 1 1 1 1 1 8 1 1 1 1 1 1 1 2 1 1 |1 1 4 1 6 4 1 1 1 1 1 13 6 1 9 1 |1 1 8 1 1 1 11 6 5 1 1 7 1 1 1 1 |1 1 1 8 1 3 6 1 7 6 1 1 1 4 1 10 |1 1 1 1 1 8 8 1 1 1 1 1 11 1 12 12 |1 1 1 1 5 18 1 1 1 1 13 1 7 1 1 1 |1 3 7 1 1 1 1 9 1 1 1 11 1 1 2 1 |3 1 7 1 1 3 5 14 1 1 16 1 1 12 5 1 |1 1 1 1 11 8 11 6 1 11 11 1 10 1 1 1 |2 1 1 1 3 1 1 9 1 13 1 6 1 6 1 6 |1 1 3 4 2 1 1 13 5 6 1 2 1 1 1 1 |1 1 1 1 1 15 12 1 1 5 15 1 1 1 1 1 |
14495: 1 1 1 1 1 8 1 1 1 1 1 1 1 2 1 1 |1 1 4 1 6 4 1 1 1 1 1 13 6 1 9 1 |1 1 8 1 1 1 11 6 5 1 1 7 1 1 1 1 |1 1 1 8 1 3 6 1 7 6 1 1 1 4 1 10 |1 1 1 1 1 8 8 1 1 1 1 1 11 1 12 12 |1 1 1 1 5 18 1 1 1 1 13 1 7 1 1 1 |1 3 7 1 1 1 1 9 1 1 1 11 1 1 2 1 |3 1 7 1 1 3 5 14 1 1 16 1 1 12 5 1 |1 1 1 1 1 1 10 5 1 1 2 1 13 1 8 2 |1 1 1 1 1 1 6 13 3 14 1 3 1 8 1 7 |1 1 1 1 1 1 1 7 1 1 1 1 1 1 9 1 |2 1 1 1 6 7 3 12 1 4 15 1 1 13 1 1 |
14506: 1 1 1 1 1 8 1 1 1 1 1 1 1 2 1 1 |1 1 4 1 6 4 1 1 1 1 1 13 6 1 9 1 |1 1 8 1 1 1 11 6 5 1 1 7 1 1 1 1 |1 1 1 8 1 3 6 1 7 6 1 1 1 4 1 10 |1 1 1 1 1 8 8 1 1 1 1 1 11 1 12 12 |1 1 1 1 5 18 1 1 1 1 13 1 7 1 1 1 |1 3 7 1 1 1 1 9 1 1 1 11 1 1 2 1 |3 1 7 1 1 3 5 14 1 1 16 1 1 12 5 1 |1 1 1 1 1 1 10 5 1 1 2 1 13 1 8 2 |1 1 1 1 1 1 6 13 3 14 1 3 1 8 1 7 |1 1 1 1 1 1 1 7 1 1 1 1 1 1 9 1 |2 1 1 1 6 7 3 12 1 4 15 1 1 13 1 1 |
14517: 1 1 1 1 6 1 1 1 1 1 1 6 1 1 1 1 |1 1 1 1 7 7 1 1 1 1 1 11 1 1 9 1 |1 1 6 1 4 1 3 7 1 1 2 7 1 1 1 1 |1 1 1 1 1 1 1 1 6 7 1 7 1 6 1 10 |1 1 1 1 6 7 9 1 1 1 1 1 10 1 12 8 |1 1 1 1 4 10 1 6 1 1 14 1 9 1 1 1 |1 3 7 1 1 1 1 9 1 1 1 11 1 1 2 1 |3 1 7 1 1 3 5 14 1 1 16 1 1 12 5 1 |1 1 1 1 1 1 10 5 1 1 2 1 13 1 8 2 |1 1 1 1 1 1 6 13 3 14 1 3 1 8 1 7 |1 1 1 1 1 1 1 7 1 1 1 1 1 1 9 1 |2 1 1 1 6 7 3 12 1 4 15 1 1 13 1 1 |
14528: 1 1 1 1 6 1 1 1 1 1 1 6 1 1 1 1 |1 1 1 1 7 7 1 1 1 1 1 11 1 1 9 1 |1 1 6 1 4 1 3 7 1 1 2 7 1 1 1 1 |1 1 1 1 1 1 1 1 6 7 1 7 1 6 1 10 |1 1 1 1 6 7 9 1 1 1 1 1 10 1 12 8 |1 1 1 1 4 10 1 6 1 1 14 1 9 1 1 1 |1 5 7 1 6 1 1 9 1 5 1 12 1 1 1 1 |1 1 11 14 1 1 4 16 1 1 3 1 6 15 1 1 |1 1 1 1 11 14 2 4 10 9 4 1 12 2 1 1 |1 1 1 1 1 1 1 11 1 13 1 3 1 7 1 1 |1 1 1 1 1 1 1 12 1 1 1 1 1 1 8 1 |1 6 1 1 1 14 5 6 1 6 16 1 1 12 1 1 |
14538: 1 1 1 1 6 1 1 1 1 1 1 6 1 1 1 1 |1 1 1 1 7 7 1 1 1 1 1 11 1 1 9 1 |1 1 6 1 4 1 3 7 1 1 2 7 1 1 1 1 |1 1 1 1 1 1 1 1 6 7 1 7 1 6 1 10 |1 1 1 1 6 7 9 1 1 1 1 1 10 1 12 8 |1 1 1 1 4 10 1 6 1 1 14 1 9 1 1 1 |1 5 7 1 6 1 1 9 1 5 1 12 1 1 1 1 |1 1 11 14 1 1 4 16 1 1 3 1 6 15 1 1 |1 1 1 1 11 14 2 4 10 9 4 1 12 2 1 1 |1 1 1 1 1 1 1 11 1 13 1 3 1 7 1 1 |1 1 1 1 1 1 1 12 1 1 1 1 1 1 8 1 |1 6 1 1 1 14 5 6 1 6 16 1 1 12 1 1 |
14549: 1 1 1 1 1 9 2 7 1 1 1 1 1 1 6 1 |1 1 8 1 1 1 1 1 1 1 4 12 6 1 14 1 |1 1 1 1 5 5 2 8 1 1 8 1 1 1 1 1 |1 1 1 3 1 4 7 1 7 7 1 1 1 5 1 11 |1 1 1 1 1 15 7 1 1 1 1 1 13 1 7 8 |1 1 1 1 6 10 1 1 1 1 13 1 10 1 1 1 |1 5 7 1 6 1 1 9 1 5 1 12 1 1 1 1 |1 1 11 14 1 1 4 16 1 1 3 1 6 15 1 1 |1 1 1 1 11 14 2 4 10 9 4 1 12 2 1 1 |1 1 1 1 1 1 1 11 1 13 1 3 1 7 1 1 |1 1 1 1 1 1 1 12 1 1 1 1 1 1 8 1 |1 6 1 1 1 14 5 6 1 6 16 1 1 12 1 1 |
14560: 1 1 1 1 1 9 2 7 1 1 1 1 1 1 6 1 |1 1 8 1 1 1 1 1 1 1 4 12 6 1 14 1 |1 1 1 1 5 5 2 8 1 1 8 1 1 1 1 1 |1 1 1 3 1 4 7 1 7 7 1 1 1 5 1 11 |1 1 1 1 1 15 7 1 1 1 1 1 13 1 7 8 |1 1 1 1 6 10 1 1 1 1 13 1 10 1 1 1 |1 4 8 1 1 1 1 8 1 1 1 11 1 1 2 1 |1 1 1 13 1 1 1 14 1 1 10 1 1 12 1 11 |1 1 1 1 12 12 10 5 1 1 1 1 1 1 3 1 |1 1 1 1 4 6 1 1 10 13 1 4 1 9 1 1 |7 1 1 1 3 1 1 13 1 1 11 2 1 1 11 1 |1 1 1 1 1 15 7 1 1 5 14 1 1 1 1 1 |
14570: 1 1 1 1 1 9 2 7 1 1 1 1 1 1 6 1 |1 1 8 1 1 1 1 1 1 1 4 12 6 1 14 1 |1 1 1 1 5 5 2 8 1 1 8 1 1 1 1 1 |1 1 1 3 1 4 7 1 7 7 1 1 1 5 1 11 |1 1 1 1 1 15 7 1 1 1 1 1 13 1 7 8 |1 1 1 1 6 10 1 1 1 1 13 1 10 1 1 1 |1 4 8 1 1 1 1 8 1 1 1 11 1 1 2 1 |1 1 1 13 1 1 1 14 1 1 10 1 1 12 1 11 |1 1 1 1 12 12 10 5 1 1 1 1 1 1 3 1 |1 1 1 1 4 6 1 1 10 13 1 4 1 9 1 1 |7 1 1 1 3 1 1 13 1 1 11 2 1 1 11 1 |1 1 1 1 1 15 7 1 1 5 14 1 1 1 1 1 |
14581: 1 1 1 1 1 8 2 1 1 2 1 1 1 1 5 1 |1 1 1 1 5 1 1 1 1 1 1 11 1 1 10 1 |1 1 7 1 3 1 12 5 6 1 5 6 1 1 1 3 |1 1 1 8 1 5 1 1 1 6 1 1 1 6 1 11 |1 1 1 1 1 15 7 1 1 1 1 1 13 1 7 8 |1 1 1 1 6 10 1 1 1 1 13 1 10 1 1 1 |1 4 8 1 1 1 1 8 1 1 1 11 1 1 2 1 |1 1 1 13 1 1 1 14 1 1 10 1 1 12 1 11 |1 1 1 1 12 12 10 5 1 1 1 1 1 1 3 1 |1 1 1 1 4 6 1 1 10 13 1 4 1 9 1 1 |7 1 1 1 3 1 1 13 1 1 11 2 1 1 11 1 |1 1 1 1 1 15 7 1 1 5 14 1 1 1 1 1 |
14593: 1 1 1 1 1 8 2 1 1 2 1 1 1 1 5 1 |1 1 1 1 5 1 1 1 1 1 1 11 1 1 10 1 |1 1 7 1 3 1 12 5 6 1 5 6 1 1 1 3 |1 1 1 8 1 5 1 1 1 6 1 1 1 6 1 11 |1 1 1 1 8 7 9 1 1 1 1 1 1 1 6 8 |1 1 1 1 5 12 1 1 1 1 12 1 11 1 1 1 |1 11 2 1 1 1 1 9 1 1 1 12 1 1 1 1 |5 1 9 12 1 4 6 17 1 1 16 1 1 12 1 1 |1 1 1 1 1 14 8 5 1 7 10 1 1 1 6 5 |2 1 3 1 1 1 1 14 1 14 1 3 1 3 1 9 |1 1 1 1 1 1 1 2 8 9 1 2 1 1 8 1 |1 5 1 1 1 15 7 1 1 4 16 1 1 10 1 17 |
14603: 1 1 1 1 1 8 2 1 1 2 1 1 1 1 5 1 |1 1 1 1 5 1 1 1 1 1 1 11 1 1 10 1 |1 1 7 1 3 1 12 5 6 1 5 6 1 1 1 3 |1 1 1 8 1 5 1 1 1 6 1 1 1 6 1 11 |1 1 1 1 8 7 9 1 1 1 1 1 1 1 6 8 |1 1 1 1 5 12 1 1 1 1 12 1 11 1 1 1 |1 11 2 1 1 1 1 9 1 1 1 12 1 1 1 1 |5 1 9 12 1 4 6 17 1 1 16 1 1 12 1 1 |1 1 1 1 1 14 8 5 1 7 10 1 1 1 6 5 |2 1 3 1 1 1 1 14 1 14 1 3 1 3 1 9 |1 1 1 1 1 1 1 2 8 9 1 2 1 1 8 1 |1 5 1 1 1 15 7 1 1 4 16 1 1 10 1 17 |
14615: 1 1 1 9 5 1 5 1 1 2 1 1 1 2 1 1 |1 1 9 1 5 1 1 1 1 1 2 3 1 1 8 1 |1 1 10 1 1 8 13 1 7 1 1 6 1 1 1 1 |1 1 1 8 1 5 1 1 1 6 1 1 1 6 1 11 |1 1 1 1 8 7 9 1 1 1 1 1 1 1 6 8 |1 1 1 1 5 12 1 1 1 1 12 1 11 1 1 1 |1 11 2 1 1 1 1 9 1 1 1 12 1 1 1 1 |5 1 9 12 1 4 6 17 1 1 16 1 1 12 1 1 |1 1 1 1 1 14 8 5 1 7 10 1 1 1 6 5 |2 1 3 1 1 1 1 14 1 14 1 3 1 3 1 9 |1 1 1 1 1 1 1 2 8 9 1 2 1 1 8 1 |1 5 1 1 1 15 7 1 1 4 16 1 1 10 1 17 |
14626: 1 1 1 9 5 1 5 1 1 2 1 1 1 2 1 1 |1 1 9 1 5 1 1 1 1 1 2 3 1 1 8 1 |1 1 10 1 1 8 13 1 7 1 1 6 1 1 1 1 |1 1 1 1 1 1 2 1 7 8 1 1 11 1 1 10 |1 10 1 1 1 9 7 1 1 1 1 1 1 1 6 8 |1 1 1 1 6 11 1 1 1 1 13 1 10 1 1 1 |1 10 4 1 7 1 1 8 1 1 1 11 1 1 1 1 |1 1 6 5 1 3 2 13 1 1 14 1 6 15 1 1 |1 1 1 1 13 16 2 3 11 1 1 1 1 1 2 1 |3 1 4 1 1 1 1 14 8 7 1 6 1 1 1 3 |1 1 1 5 1 1 1 15 6 4 11 3 1 1 9 1 |1 7 1 1 1 13 3 4 1 1 8 1 1 12 1 1 |
14637: 1 1 1 9 5 1 5 1 1 2 1 1 1 2 1 1 |1 1 9 1 5 1 1 1 1 1 2 3 1 1 8 1 |1 1 10 1 1 8 13 1 7 1 1 6 1 1 1 1 |1 1 1 1 1 1 2 1 7 8 1 1 11 1 1 10 |1 10 1 1 1 9 7 1 1 1 1 1 1 1 6 8 |1 1 1 1 6 11 1 1 1 1 13 1 10 1 1 1 |1 10 4 1 7 1 1 8 1 1 1 11 1 1 1 1 |1 1 6 5 1 3 2 13 1 1 14 1 6 15 1 1 |1 1 1 1 13 16 2 3 11 1 1 1 1 1 2 1 |3 1 4 1 1 1 1 14 8 7 1 6 1 1 1 3 |1 1 1 5 1 1 1 15 6 4 11 3 1 1 9 1 |1 7 1 1 1 13 3 4 1 1 8 1 1 12 1 1 |
14648: 1 1 1 5 8 8 6 1 1 5 1 1 1 2 7 1 |1 1 9 1 7 1 1 1 1 1 4 8 1 1 13 1 |1 1 8 1 1 7 4 7 7 1 2 1 1 1 1 1 |1 1 1 1 1 1 1 1 1 6 1 5 1 9 1 11 |1 1 1 1 1 18 8 1 1 1 1 1 13 1 8 13 |1 1 1 1 6 11 1 1 1 1 13 1 10 1 1 1 |1 10 4 1 7 1 1 8 1 1 1 11 1 1 1 1 |1 1 6 5 1 3 2 13 1 1 14 1 6 15 1 1 |1 1 1 1 13 16 2 3 11 1 1 1 1 1 2 1 |3 1 4 1 1 1 1 14 8 7 1 6 1 1 1 3 |1 1 1 5 1 1 1 15 6 4 11 3 1 1 9 1 |1 7 1 1 1 13 3 4 1 1 8 1 1 12 1 1 |
14659: 1 1 1 5 8 8 6 1 1 5 1 1 1 2 7 1 |1 1 9 1 7 1 1 1 1 1 4 8 1 1 13 1 |1 1 8 1 1 7 4 7 7 1 2 1 1 1 1 1 |1 1 1 1 1 1 1 1 1 6 1 5 1 9 1 11 |1 1 1 1 1 18 8 1 1 1 1 1 13 1 8 13 |1 1 1 1 6 11 1 6 1 1 14 1 1 1 1 1 |3 10 9 5 1 1 1 1 1 1 1 10 1 1 1 1 |1 1 3 1 1 1 8 9 1 1 10 1 1 13 1 9 |1 1 1 1 11 8 11 6 1 11 5 1 2 1 7 3 |1 1 1 1 3 1 1 2 1 15 1 7 1 9 1 1 |8 1 1 16 4 1 1 14 1 1 10 2 1 1 5 1 |1 1 1 1 1 16 8 1 1 5 14 1 1 4 1 1 |
14670: 1 1 1 5 8 8 6 1 1 5 1 1 1 2 7 1 |1 1 9 1 7 1 1 1 1 1 4 8 1 1 13 1 |1 1 8 1 1 7 4 7 7 1 2 1 1 1 1 1 |1 1 1 1 1 1 1 1 1 6 1 5 1 9 1 11 |1 1 1 1 1 18 8 1 1 1 1 1 13 1 8 13 |1 1 1 1 6 11 1 6 1 1 14 1 1 1 1 1 |3 10 9 5 1 1 1 1 1 1 1 10 1 1 1 1 |1 1 3 1 1 1 8 9 1 1 10 1 1 13 1 9 |1 1 1 1 11 8 11 6 1 11 5 1 2 1 7 3 |1 1 1 1 3 1 1 2 1 15 1 7 1 9 1 1 |8 1 1 16 4 1 1 14 1 1 10 2 1 1 5 1 |1 1 1 1 1 16 8 1 1 5 14 1 1 4 1 1 |
14681: 1 1 1 1 8 5 1 1 1 1 1 1 1 2 2 1 |1 1 1 1 2 1 1 1 1 1 1 11 1 1 12 1 |1 1 8 1 1 1 13 10 5 1 1 1 1 1 1 1 |1 1 1 1 1 1 1 1 8 5 1 4 1 6 1 9 |1 1 1 1 1 18 8 1 1 1 1 1 13 1 8 13 |1 1 1 1 6 11 1 6 1 1 14 1 1 1 1 1 |3 10 9 5 1 1 1 1 1 1 1 10 1 1 1 1 |1 1 3 1 1 1 8 9 1 1 10 1 1 13 1 9 |1 1 1 1 11 8 11 6 1 11 5 1 2 1 7 3 |1 1 1 1 3 1 1 2 1 15 1 7 1 9 1 1 |8 1 1 16 4 1 1 14 1 1 10 2 1 1 5 1 |1 1 1 1 1 16 8 1 1 5 14 1 1 4 1 1 |
14692: 1 1 1 1 8 5 1 1 1 1 1 1 1 2 2 1 |1 1 1 1 2 1 1 1 1 1 1 11 1 1 12 1 |1 1 8 1 1 1 13 10 5 1 1 1 1 1 1 1 |1 1 1 1 1 1 1 1 8 5 1 4 1 6 1 9 |1 1 1 1 1 10 8 1 1 1 1 1 11 1 10 8 |1 1 2 1 1 22 1 5 1 1 13 1 1 2 1 1 |1 5 7 1 1 1 1 1 1 1 1 11 1 1 1 1 |1 1 4 13 1 3 9 11 1 2 14 1 2 13 1 10 |1 1 1 1 1 16 10 11 2 8 9 1 12 1 6 4 |2 1 5 1 4 1 1 14 7 6 1 6 1 7 1 7 |1 1 3 1 1 1 1 14 5 4 1 2 1 1 1 1 |1 1 1 1 1 16 8 1 1 5 14 1 1 4 1 1 |
14703: 1 1 1 1 8 5 1 1 1 1 1 1 1 2 2 1 |1 1 1 1 2 1 1 1 1 1 1 11 1 1 12 1 |1 1 8 1 1 1 13 10 5 1 1 1 1 1 1 1 |1 1 1 1 1 1 1 1 8 5 1 4 1 6 1 9 |1 1 1 1 1 10 8 1 1 1 1 1 11 1 10 8 |1 1 2 1 1 22 1 5 1 1 13 1 1 2 1 1 |1 5 7 1 1 1 1 1 1 1 1 11 1 1 1 1 |1 1 4 13 1 3 9 11 1 2 14 1 2 13 1 10 |1 1 1 1 1 16 10 11 2 8 9 1 12 1 6 4 |2 1 5 1 4 1 1 14 7 6 1 6 1 7 1 7 |1 1 3 1 1 1 1 14 5 4 1 2 1 1 1 1 |1 1 1 1 1 14 8 1 1 4 17 1 1 13 2 5 |
14714: 1 1 1 1 8 5 1 1 1 1 1 1 1 2 2 1 |1 1 1 1 2 1 1 1 1 1 1 11 1 1 12 1 |1 1 8 1 1 1 13 10 5 1 1 1 1 1 1 1 |1 1 1 1 1 1 1 1 8 5 1 4 1 6 1 9 |1 1 1 1 1 10 8 1 1 1 1 1 11 1 10 8 |1 1 2 1 1 22 1 5 1 1 13 1 1 2 1 1 |1 5 7 1 1 1 1 1 1 1 1 11 1 1 1 1 |1 1 4 13 1 3 9 11 1 2 14 1 2 13 1 10 |1 1 1 1 1 16 10 11 2 8 9 1 12 1 6 4 |2 1 5 1 4 1 1 14 7 6 1 6 1 7 1 7 |1 1 3 1 1 1 1 14 5 4 1 2 1 1 1 1 |1 1 1 1 1 14 8 1 1 4 17 1 1 13 2 5 |
14734: 1 1 1 1 8 5 1 1 1 1 1 1 1 2 2 1 |1 1 1 1 2 1 1 1 1 1 1 11 1 1 12 1 |1 1 8 1 1 1 13 10 5 1 1 1 1 1 1 1 |1 1 1 1 1 1 1 1 8 5 1 4 1 6 1 9 |1 1 1 1 1 10 8 1 1 1 1 1 11 1 10 8 |1 1 2 1 1 22 1 5 1 1 13 1 1 2 1 1 |1 5 7 1 1 1 1 1 1 1 1 11 1 1 1 1 |1 1 4 13 1 3 9 11 1 2 14 1 2 13 1 10 |1 1 1 1 1 16 10 11 2 8 9 1 12 1 6 4 |2 1 5 1 4 1 1 14 7 6 1 6 1 7 1 7 |1 1 3 1 1 1 1 14 5 4 1 2 1 1 1 1 |1 1 1 1 1 14 8 1 1 4 17 1 1 13 2 5 |
14745: 1 1 1 1 1 7 1 1 1 1 1 1 1 2 1 1 |1 1 1 1 5 4 1 1 1 1 1 10 1 1 11 1 |1 1 1 1 1 3 14 2 6 1 8 5 1 1 1 1 |1 1 1 5 1 4 6 1 3 1 1 1 11 5 1 10 |1 1 1 1 7 2 11 1 1 1 1 1 10 1 11 12 |1 1 1 1 1 9 1 1 1 1 11 1 8 1 1 1 |1 5 7 1 1 1 1 1 1 1 1 11 1 1 1 1 |1 1 4 13 1 3 9 11 1 2 14 1 2 13 1 10 |1 1 1 1 1 16 10 11 2 8 9 1 12 1 6 4 |2 1 5 1 4 1 1 14 7 6 1 6 1 7 1 7 |1 1 3 1 1 1 1 14 5 4 1 2 1 1 1 1 |1 1 1 1 1 14 8 1 1 4 17 1 1 13 2 5 |
14755: 1 1 1 1 1 7 1 1 1 1 1 1 1 2 1 1 |1 1 1 1 5 4 1 1 1 1 1 10 1 1 11 1 |1 1 1 1 1 3 14 2 6 1 8 5 1 1 1 1 |1 1 1 5 1 4 6 1 3 1 1 1 11 5 1 10 |1 1 1 1 7 2 11 1 1 1 1 1 10 1 11 12 |1 1 1 1 1 9 1 1 1 1 11 1 8 1 1 1 |1 11 9 2 1 1 1 3 1 1 1 12 1 1 1 1 |7 1 2 2 1 1 1 13 1 1 13 1 2 14 1 1 |1 1 1 1 12 8 10 4 1 1 1 1 1 1 4 1 |3 1 5 1 1 1 1 8 8 14 1 5 1 9 1 6 |7 1 4 1 1 2 1 16 1 1 1 1 1 1 1 1 |1 2 1 1 1 2 1 1 1 2 17 1 1 3 1 4 |
14766: 1 1 1 1 1 7 1 1 1 1 1 1 1 2 1 1 |1 1 1 1 5 4 1 1 1 1 1 10 1 1 11 1 |1 1 1 1 1 3 14 2 6 1 8 5 1 1 1 1 |1 1 1 5 1 4 6 1 3 1 1 1 11 5 1 10 |1 1 1 1 7 2 11 1 1 1 1 1 10 1 11 12 |1 1 1 1 1 9 1 1 1 1 11 1 8 1 1 1 |1 11 9 2 1 1 1 3 1 1 1 12 1 1 1 1 |7 1 2 2 1 1 1 13 1 1 13 1 2 14 1 1 |1 1 1 1 12 8 10 4 1 1 1 1 1 1 4 1 |3 1 5 1 1 1 1 8 8 14 1 5 1 9 1 6 |7 1 4 1 1 2 1 16 1 1 1 1 1 1 1 1 |1 2 1 1 1 2 1 1 1 2 17 1 1 3 1 4 |
14777: 4 1 1 11 3 9 11 7 1 4 1 2 1 2 1 1 |1 1 5 1 1 8 1 1 1 1 1 1 1 1 14 1 |1 1 4 1 1 8 5 10 5 1 3 7 1 1 1 1 |1 1 1 1 1 5 1 1 7 7 1 5 1 1 1 9 |1 1 1 1 3 6 8 1 1 1 1 1 10 1 10 4 |1 1 1 1 5 12 1 1 1 1 12 1 9 1 2 1 |1 11 9 2 1 1 1 3 1 1 1 12 1 1 1 1 |7 1 2 2 1 1 1 13 1 1 13 1 2 14 1 1 |1 1 1 1 12 8 10 4 1 1 1 1 1 1 4 1 |3 1 5 1 1 1 1 8 8 14 1 5 1 9 1 6 |7 1 4 1 1 2 1 16 1 1 1 1 1 1 1 1 |1 2 1 1 1 2 1 1 1 2 17 1 1 3 1 4 |
14787: 4 1 1 11 3 9 11 7 1 4 1 2 1 2 1 1 |1 1 5 1 1 8 1 1 1 1 1 1 1 1 14 1 |1 1 4 1 1 8 5 10 5 1 3 7 1 1 1 1 |1 1 1 1 1 5 1 1 7 7 1 5 1 1 1 9 |1 1 1 1 3 6 8 1 1 1 1 1 10 1 10 4 |1 1 1 1 5 12 1 1 1 1 12 1 9 1 2 1 |1 4 7 1 6 1 1 5 1 1 1 1 1 1 1 1 |1 1 1 1 1 1 9 12 1 1 7 1 1 15 1 1 |1 7 1 1 3 15 9 10 9 1 1 1 1 2 6 1 |1 1 1 1 3 1 7 11 1 15 1 5 1 8 1 8 |6 1 1 1 1 1 1 14 1 8 4 2 1 1 1 1 |1 7 1 1 1 14 7 12 1 4 16 1 1 11 1 4 |
14798: 4 1 1 11 3 9 11 7 1 4 1 2 1 2 1 1 |1 1 5 1 1 8 1 1 1 1 1 1 1 1 14 1 |1 1 4 1 1 8 5 10 5 1 3 7 1 1 1 1 |1 1 1 1 1 5 1 1 7 7 1 5 1 1 1 9 |1 1 1 1 3 6 8 1 1 1 1 1 10 1 10 4 |1 1 1 1 5 12 1 1 1 1 12 1 9 1 2 1 |1 4 7 1 6 1 1 5 1 1 1 1 1 1 1 1 |1 1 1 1 1 1 9 12 1 1 7 1 1 15 1 1 |1 7 1 1 3 15 9 10 9 1 1 1 1 2 6 1 |1 1 1 1 3 1 7 11 1 15 1 5 1 8 1 8 |6 1 1 1 1 1 1 14 1 8 4 2 1 1 1 1 |1 7 1 1 1 14 7 12 1 4 16 1 1 11 1 4 |
14809: 1 1 1 9 1 7 8 7 1 1 1 2 1 2 9 1 |1 1 4 1 1 1 1 1 1 1 1 10 1 2 12 1 |1 1 6 1 1 6 12 7 3 1 2 8 1 1 1 1 |1 1 1 3 1 6 2 1 7 8 1 1 1 8 1 8 |1 9 1 1 1 10 1 1 1 1 1 1 12 1 12 7 |1 1 1 1 5 12 1 1 1 1 12 1 9 1 2 1 |1 4 7 1 6 1 1 5 1 1 1 1 1 1 1 1 |1 1 1 1 1 1 9 12 1 1 7 1 1 15 1 1 |1 7 1 1 3 15 9 10 9 1 1 1 1 2 6 1 |1 1 1 1 3 1 7 11 1 15 1 5 1 8 1 8 |6 1 1 1 1 1 1 14 1 8 4 2 1 1 1 1 |1 7 1 1 1 14 7 12 1 4 16 1 1 11 1 4 |
14820: 1 1 1 9 1 7 8 7 1 1 1 2 1 2 9 1 |1 1 4 1 1 1 1 1 1 1 1 10 1 2 12 1 |1 1 6 1 1 6 12 7 3 1 2 8 1 1 1 1 |1 1 1 3 1 6 2 1 7 8 1 1 1 8 1 8 |1 9 1 1 1 10 1 1 1 1 1 1 12 1 12 7 |1 1 2 1 11 13 1 1 1 1 13 1 8 1 1 1 |1 1 1 1 1 1 1 8 1 1 1 12 1 1 1 1 |1 1 10 5 1 5 9 2 1 1 11 1 1 11 1 10 |1 1 1 1 11 10 9 4 1 7 4 1 13 1 9 4 |1 1 1 1 3 1 1 13 2 13 1 6 1 9 1 8 |1 3 1 1 1 1 1 15 6 3 9 5 1 1 10 1 |1 1 1 1 1 14 7 2 1 4 14 1 1 9 1 1 |
14830: 1 1 1 9 1 7 8 7 1 1 1 2 1 2 9 1 |1 1 4 1 1 1 1 1 1 1 1 10 1 2 12 1 |1 1 6 1 1 6 12 7 3 1 2 8 1 1 1 1 |1 1 1 3 1 6 2 1 7 8 1 1 1 8 1 8 |1 9 1 1 1 10 1 1 1 1 1 1 12 1 12 7 |1 1 2 1 11 13 1 1 1 1 13 1 8 1 1 1 |1 1 1 1 1 1 1 8 1 1 1 12 1 1 1 1 |1 1 10 5 1 5 9 2 1 1 11 1 1 11 1 10 |1 1 1 1 11 10 9 4 1 7 4 1 13 1 9 4 |1 1 1 1 3 1 1 13 2 13 1 6 1 9 1 8 |1 3 1 1 1 1 1 15 6 3 9 5 1 1 10 1 |1 1 1 1 1 14 7 2 1 4 14 1 1 9 1 1 |
14841: 1 1 1 4 1 1 9 6 1 2 1 2 1 1 5 1 |1 1 1 1 5 1 1 1 1 1 1 1 1 1 11 1 |1 1 7 1 1 1 8 11 4 1 1 8 1 1 1 1 |1 1 1 3 1 6 2 1 7 8 1 1 1 8 1 8 |1 9 1 1 1 10 1 1 1 1 1 1 12 1 12 7 |1 1 2 1 11 13 1 1 1 1 13 1 8 1 1 1 |1 1 1 1 1 1 1 8 1 1 1 12 1 1 1 1 |1 1 10 5 1 5 9 2 1 1 11 1 1 11 1 10 |1 1 1 1 11 10 9 4 1 7 4 1 13 1 9 4 |1 1 1 1 3 1 1 13 2 13 1 6 1 9 1 8 |1 3 1 1 1 1 1 15 6 3 9 5 1 1 10 1 |1 1 1 1 1 14 7 2 1 4 14 1 1 9 1 1 |
14852: 1 1 1 4 1 1 9 6 1 2 1 2 1 1 5 1 |1 1 1 1 5 1 1 1 1 1 1 1 1 1 11 1 |1 1 7 1 1 1 8 11 4 1 1 8 1 1 1 1 |1 1 1 1 1 5 4 1 6 1 1 1 1 7 1 8 |1 1 1 1 4 8 10 1 1 1 1 1 8 1 15 6 |1 1 1 1 4 11 1 2 1 1 13 1 11 1 1 1 |1 7 14 1 1 1 1 9 1 1 1 11 1 1 1 1 |1 1 9 6 1 1 1 14 1 1 13 1 1 14 1 1 |1 1 1 1 9 2 3 1 1 1 9 8 10 1 1 3 |1 1 3 1 2 2 1 11 10 14 1 6 1 7 1 1 |4 1 2 1 1 1 1 14 1 1 9 1 1 1 1 1 |1 1 1 1 1 14 7 2 1 4 14 1 1 9 1 1 |
14863: 1 1 1 4 1 1 9 6 1 2 1 2 1 1 5 1 |1 1 1 1 5 1 1 1 1 1 1 1 1 1 11 1 |1 1 7 1 1 1 8 11 4 1 1 8 1 1 1 1 |1 1 1 1 1 5 4 1 6 1 1 1 1 7 1 8 |1 1 1 1 4 8 10 1 1 1 1 1 8 1 15 6 |1 1 1 1 4 11 1 2 1 1 13 1 11 1 1 1 |1 7 14 1 1 1 1 9 1 1 1 11 1 1 1 1 |1 1 9 6 1 1 1 14 1 1 13 1 1 14 1 1 |1 1 1 1 9 2 3 1 1 1 9 8 10 1 1 3 |1 1 3 1 2 2 1 11 10 14 1 6 1 7 1 1 |4 1 2 1 1 1 1 14 1 1 9 1 1 1 1 1 |1 6 1 1 1 5 1 1 1 3 13 1 1 12 1 11 |
14874: 3 1 1 7 1 7 7 6 1 1 1 4 1 1 8 1 |1 1 1 1 5 1 1 1 1 1 1 1 1 1 11 1 |1 1 7 1 1 1 8 11 4 1 1 8 1 1 1 1 |1 1 1 1 1 5 4 1 6 1 1 1 1 7 1 8 |1 1 1 1 4 8 10 1 1 1 1 1 8 1 15 6 |1 1 1 1 4 11 1 2 1 1 13 1 11 1 1 1 |1 7 14 1 1 1 1 9 1 1 1 11 1 1 1 1 |1 1 9 6 1 1 1 14 1 1 13 1 1 14 1 1 |1 1 1 1 9 2 3 1 1 1 9 8 10 1 1 3 |1 1 3 1 2 2 1 11 10 14 1 6 1 7 1 1 |4 1 2 1 1 1 1 14 1 1 9 1 1 1 1 1 |1 6 1 1 1 5 1 1 1 3 13 1 1 12 1 11 |
14884: 3 1 1 7 1 7 7 6 1 1 1 4 1 1 8 1 |1 1 7 1 1 1 1 1 1 1 1 1 1 1 12 1 |1 1 4 1 1 1 1 5 3 1 2 1 1 1 1 1 |1 1 1 1 1 4 1 1 6 7 1 1 1 7 1 10 |1 1 1 1 13 9 10 1 1 1 1 1 1 2 11 1 |1 1 1 1 5 8 1 4 1 1 13 1 8 1 1 1 |1 2 1 1 6 1 1 4 1 1 1 10 1 1 1 1 |1 1 1 1 1 4 8 7 1 1 13 1 1 8 1 8 |1 13 1 1 12 15 10 5 1 7 5 1 13 1 1 4 |1 1 3 1 2 2 1 11 10 14 1 6 1 7 1 1 |4 1 2 1 1 1 1 14 1 1 9 1 1 1 1 1 |1 6 1 1 1 5 1 1 1 3 13 1 1 12 1 11 |
14895: 3 1 1 7 1 7 7 6 1 1 1 4 1 1 8 1 |1 1 7 1 1 1 1 1 1 1 1 1 1 1 12 1 |1 1 4 1 1 1 1 5 3 1 2 1 1 1 1 1 |1 1 1 1 1 4 1 1 6 7 1 1 1 7 1 10 |1 1 1 1 13 9 10 1 1 1 1 1 1 2 11 1 |1 1 1 1 5 8 1 4 1 1 13 1 8 1 1 1 |1 2 1 1 6 1 1 4 1 1 1 10 1 1 1 1 |1 1 1 1 1 4 8 7 1 1 13 1 1 8 1 8 |1 13 1 1 12 15 10 5 1 7 5 1 13 1 1 4 |1 1 4 1 1 1 4 12 9 7 1 6 1 8 1 1 |1 1 1 10 1 1 1 16 1 1 12 5 1 1 8 1 |1 8 1 1 1 11 8 1 1 2 18 1 1 11 1 1 |
14906: 1 1 1 1 1 6 1 1 1 4 1 1 1 1 6 7 |1 1 1 1 7 9 1 1 1 1 1 1 1 1 9 1 |1 1 4 1 1 1 1 5 3 1 2 1 1 1 1 1 |1 1 1 1 1 4 1 1 6 7 1 1 1 7 1 10 |1 1 1 1 13 9 10 1 1 1 1 1 1 2 11 1 |1 1 1 1 5 8 1 4 1 1 13 1 8 1 1 1 |1 2 1 1 6 1 1 4 1 1 1 10 1 1 1 1 |1 1 1 1 1 4 8 7 1 1 13 1 1 8 1 8 |1 13 1 1 12 15 10 5 1 7 5 1 13 1 1 4 |1 1 4 1 1 1 4 12 9 7 1 6 1 8 1 1 |1 1 1 10 1 1 1 16 1 1 12 5 1 1 8 1 |1 8 1 1 1 11 8 1 1 2 18 1 1 11 1 1 |
14916: 1 1 1 1 1 6 1 1 1 4 1 1 1 1 6 7 |1 1 1 1 7 9 1 1 1 1 1 1 1 1 9 1 |1 1 9 1 1 1 13 9 3 1 1 6 1 1 1 1 |1 1 1 3 1 6 10 1 7 1 1 1 1 4 1 9 |1 8 1 1 1 7 1 1 1 1 1 1 11 1 6 13 |1 1 1 1 1 11 1 1 1 1 12 1 8 1 1 1 |1 1 1 1 1 1 1 1 1 1 9 8 1 1 1 1 |1 1 1 14 1 1 14 8 1 2 7 1 1 13 1 9 |1 1 1 1 1 16 8 9 2 9 6 1 11 1 1 1 |1 1 4 1 1 1 4 12 9 7 1 6 1 8 1 1 |1 1 1 10 1 1 1 16 1 1 12 5 1 1 8 1 |1 8 1 1 1 11 8 1 1 2 18 1 1 11 1 1 |
14927: 1 1 1 1 1 6 1 1 1 4 1 1 1 1 6 7 |1 1 1 1 7 9 1 1 1 1 1 1 1 1 9 1 |1 1 9 1 1 1 13 9 3 1 1 6 1 1 1 1 |1 1 1 3 1 6 10 1 7 1 1 1 1 4 1 9 |1 8 1 1 1 7 1 1 1 1 1 1 11 1 6 13 |1 1 1 1 1 11 1 1 1 1 12 1 8 1 1 1 |1 1 1 1 1 1 1 1 1 1 9 8 1 1 1 1 |1 1 1 14 1 1 14 8 1 2 7 1 1 13 1 9 |1 1 1 1 1 16 8 9 2 9 6 1 11 1 1 1 |1 1 1 1 3 3 1 14 1 12 1 5 1 3 1 8 |6 1 1 1 1 1 1 12 7 4 1 1 1 1 1 1 |1 6 1 1 1 13 7 13 1 4 17 1 1 11 1 1 |
14938: 1 1 1 1 1 6 1 1 1 4 1 1 1 1 6 7 |1 1 1 1 7 9 1 1 1 1 1 1 1 1 9 1 |1 1 9 1 1 1 13 9 3 1 1 6 1 1 1 1 |1 1 1 3 1 6 10 1 7 1 1 1 1 4 1 9 |1 8 1 1 1 7 1 1 1 1 1 1 11 1 6 13 |1 1 1 1 1 11 1 1 1 1 12 1 8 1 1 1 |1 1 1 1 1 1 1 1 1 1 9 8 1 1 1 1 |1 1 1 14 1 1 14 8 1 2 7 1 1 13 1 9 |1 1 1 1 1 16 8 9 2 9 6 1 11 1 1 1 |1 1 1 1 3 3 1 14 1 12 1 5 1 3 1 8 |6 1 1 1 1 1 1 12 7 4 1 1 1 1 1 1 |1 6 1 1 1 13 7 13 1 4 17 1 1 11 1 1 |
14948: 1 1 1 1 3 1 1 1 1 1 1 5 1 1 1 1 |1 1 1 1 4 1 1 1 1 1 1 10 1 3 11 1 |1 1 6 1 1 8 1 8 2 1 1 6 1 1 1 2 |1 1 1 1 1 1 1 1 7 6 1 1 12 4 1 12 |1 1 1 1 1 7 8 1 1 1 1 1 11 1 13 7 |1 1 1 1 6 10 1 1 1 1 2 1 8 4 1 1 |1 3 8 1 1 1 1 8 1 1 1 9 1 1 1 1 |1 1 1 14 1 1 14 8 1 2 7 1 1 13 1 9 |1 1 1 1 1 16 8 9 2 9 6 1 11 1 1 1 |1 1 1 1 3 3 1 14 1 12 1 5 1 3 1 8 |6 1 1 1 1 1 1 12 7 4 1 1 1 1 1 1 |1 6 1 1 1 13 7 13 1 4 17 1 1 11 1 1 |
14960: 1 1 1 1 3 1 1 1 1 1 1 5 1 1 1 1 |1 1 1 1 4 1 1 1 1 1 1 10 1 3 11 1 |1 1 6 1 1 8 1 8 2 1 1 6 1 1 1 2 |1 1 1 1 1 1 1 1 7 6 1 1 12 4 1 12 |1 1 1 1 1 7 8 1 1 1 1 1 11 1 13 7 |1 1 1 1 6 10 1 1 1 1 2 1 8 4 1 1 |1 3 8 1 1 1 1 8 1 1 1 9 1 1 1 1 |7 3 8 14 1 2 3 15 1 1 14 1 1 13 1 1 |1 1 1 1 13 1 1 1 1 9 4 9 9 1 7 1 |1 1 1 1 1 1 1 13 8 7 1 5 1 9 1 4 |1 1 3 1 1 1 1 14 7 10 1 1 1 1 1 1 |1 1 1 1 1 20 12 10 1 4 14 1 1 3 1 12 |
14970: 1 1 1 1 3 1 1 1 1 1 1 5 1 1 1 1 |1 1 1 1 4 1 1 1 1 1 1 10 1 3 11 1 |1 1 6 1 1 8 1 8 2 1 1 6 1 1 1 2 |1 1 1 1 1 1 1 1 7 6 1 1 12 4 1 12 |1 1 1 1 1 7 8 1 1 1 1 1 11 1 13 7 |1 1 1 1 6 10 1 1 1 1 2 1 8 4 1 1 |1 3 8 1 1 1 1 8 1 1 1 9 1 1 1 1 |7 3 8 14 1 2 3 15 1 1 14 1 1 13 1 1 |1 1 1 1 13 1 1 1 1 9 4 9 9 1 7 1 |1 1 1 1 1 1 1 13 8 7 1 5 1 9 1 4 |1 1 3 1 1 1 1 14 7 10 1 1 1 1 1 1 |1 1 1 1 1 20 12 10 1 4 14 1 1 3 1 12 |
14981: 1 1 1 1 1 8 8 10 1 1 1 1 1 1 8 4 |1 1 2 1 1 6 1 1 1 1 1 11 1 1 12 1 |1 1 7 1 1 6 11 8 1 1 1 1 1 1 1 3 |1 1 1 2 1 3 1 1 6 5 1 1 1 5 1 9 |1 1 1 1 1 9 9 1 1 1 1 1 11 1 8 8 |1 1 2 1 4 12 1 1 1 1 12 1 9 1 2 1 |1 3 8 1 1 1 1 8 1 1 1 9 1 1 1 1 |7 3 8 14 1 2 3 15 1 1 14 1 1 13 1 1 |1 1 1 1 13 1 1 1 1 9 4 9 9 1 7 1 |1 1 1 1 1 1 1 13 8 7 1 5 1 9 1 4 |1 1 3 1 1 1 1 14 7 10 1 1 1 1 1 1 |1 1 1 1 1 20 12 10 1 4 14 1 1 3 1 12 |
14993: 1 1 1 1 1 8 8 10 1 1 1 1 1 1 8 4 |1 1 2 1 1 6 1 1 1 1 1 11 1 1 12 1 |1 1 7 1 1 6 11 8 1 1 1 1 1 1 1 3 |1 1 1 2 1 3 1 1 6 5 1 1 1 5 1 9 |1 1 1 1 1 9 9 1 1 1 1 1 11 1 8 8 |1 1 2 1 4 12 1 1 1 1 12 1 9 1 2 1 |1 4 1 1 1 1 1 9 1 1 1 10 1 1 1 1 |1 1 10 1 1 1 1 4 1 2 8 1 1 1 1 8 |1 5 1 1 1 16 8 9 2 1 10 7 12 1 9 1 |1 1 1 1 2 1 1 13 2 13 1 4 1 9 1 6 |1 1 1 13 1 1 1 14 6 4 8 2 1 1 1 1 |1 4 1 1 1 15 7 1 1 4 15 1 1 12 1 12 |
15003: 1 1 1 1 1 8 8 10 1 1 1 1 1 1 8 4 |1 1 2 1 1 6 1 1 1 1 1 11 1 1 12 1 |1 1 7 1 1 6 11 8 1 1 1 1 1 1 1 3 |1 1 1 2 1 3 1 1 6 5 1 1 1 5 1 9 |1 1 1 1 1 9 9 1 1 1 1 1 11 1 8 8 |1 1 2 1 4 12 1 1 1 1 12 1 9 1 2 1 |1 4 1 1 1 1 1 9 1 1 1 10 1 1 1 1 |1 1 10 1 1 1 1 4 1 2 8 1 1 1 1 8 |1 5 1 1 1 16 8 9 2 1 10 7 12 1 9 1 |1 1 1 1 2 1 1 13 2 13 1 4 1 9 1 6 |1 1 1 13 1 1 1 14 6 4 8 2 1 1 1 1 |1 4 1 1 1 15 7 1 1 4 15 1 1 12 1 12 |
15014: 1 1 1 9 7 6 5 14 1 1 1 1 1 1 5 1 |1 1 2 1 4 10 1 1 1 1 1 1 1 1 12 1 |1 1 6 1 10 1 14 8 3 1 1 7 1 1 1 1 |1 1 1 4 1 3 3 1 1 1 1 1 1 4 1 10 |1 1 1 1 1 7 14 1 1 1 1 1 9 3 12 5 |1 1 2 1 4 11 1 1 1 1 10 1 8 1 1 1 |1 4 1 1 1 1 1 9 1 1 1 10 1 1 1 1 |1 1 10 1 1 1 1 4 1 2 8 1 1 1 1 8 |1 5 1 1 1 16 8 9 2 1 10 7 12 1 9 1 |1 1 1 1 2 1 1 13 2 13 1 4 1 9 1 6 |1 1 1 13 1 1 1 14 6 4 8 2 1 1 1 1 |1 4 1 1 1 15 7 1 1 4 15 1 1 12 1 12 |
15024: 1 1 1 9 7 6 5 14 1 1 1 1 1 1 5 1 |1 1 2 1 4 10 1 1 1 1 1 1 1 1 12 1 |1 1 6 1 10 1 14 8 3 1 1 7 1 1 1 1 |1 1 1 4 1 3 3 1 1 1 1 1 1 4 1 10 |1 1 1 1 1 7 14 1 1 1 1 1 9 3 12 5 |1 1 2 1 4 11 1 1 1 1 10 1 8 1 1 1 |1 1 1 1 1 1 1 8 1 1 1 10 1 1 2 1 |1 1 9 13 1 1 8 14 1 1 14 1 1 13 1 1 |1 1 1 1 1 9 9 10 1 7 6 1 11 1 7 3 |1 1 1 1 2 3 1 12 2 7 1 5 1 11 1 7 |5 1 1 11 1 8 1 14 6 8 1 1 1 1 1 1 |1 1 1 1 1 13 7 1 1 4 17 1 1 12 1 9 |
15035: 1 1 1 9 7 6 5 14 1 1 1 1 1 1 5 1 |1 1 2 1 4 10 1 1 1 1 1 1 1 1 12 1 |1 1 6 1 10 1 14 8 3 1 1 7 1 1 1 1 |1 1 1 4 1 3 3 1 1 1 1 1 1 4 1 10 |1 1 1 1 1 7 14 1 1 1 1 1 9 3 12 5 |1 1 2 1 4 11 1 1 1 1 10 1 8 1 1 1 |1 1 1 1 1 1 1 8 1 1 1 10 1 1 2 1 |1 1 9 13 1 1 8 14 1 1 14 1 1 13 1 1 |1 1 1 1 1 9 9 10 1 7 6 1 11 1 7 3 |1 1 1 1 2 3 1 12 2 7 1 5 1 11 1 7 |5 1 1 11 1 8 1 14 6 8 1 1 1 1 1 1 |1 1 1 1 1 13 7 1 1 4 17 1 1 12 1 9 |
15047: 1 1 1 5 1 1 8 5 1 1 1 1 1 2 6 1 |1 1 1 1 6 1 1 1 1 1 1 12 1 1 11 1 |1 1 8 1 1 1 1 3 6 1 1 9 1 1 1 1 |1 1 1 1 2 4 6 1 8 5 1 1 1 6 1 11 |1 3 1 1 1 8 8 1 1 1 1 1 11 1 6 7 |1 1 1 1 1 1 4 1 1 1 3 1 7 1 1 1 |1 4 7 5 5 1 1 5 1 2 1 11 1 1 2 3 |1 1 9 13 1 1 8 14 1 1 14 1 1 13 1 1 |1 1 1 1 1 9 9 10 1 7 6 1 11 1 7 3 |1 1 1 1 2 3 1 12 2 7 1 5 1 11 1 7 |5 1 1 11 1 8 1 14 6 8 1 1 1 1 1 1 |1 1 1 1 1 13 7 1 1 4 17 1 1 12 1 9 |
15057: 1 1 1 5 1 1 8 5 1 1 1 1 1 2 6 1 |1 1 1 1 6 1 1 1 1 1 1 12 1 1 11 1 |1 1 8 1 1 1 1 3 6 1 1 9 1 1 1 1 |1 1 1 1 2 4 6 1 8 5 1 1 1 6 1 11 |1 3 1 1 1 8 8 1 1 1 1 1 11 1 6 7 |1 1 1 1 1 1 4 1 1 1 3 1 7 1 1 1 |1 4 7 5 5 1 1 5 1 2 1 11 1 1 2 3 |1 1 9 6 1 2 4 12 1 1 7 1 1 11 1 9 |1 1 1 1 1 1 12 5 1 1 10 8 9 1 7 3 |1 1 1 1 1 3 1 13 7 15 1 5 1 9 1 5 |6 1 5 1 1 1 1 13 6 5 1 2 1 1 6 1 |1 1 1 1 1 27 8 1 1 1 16 1 1 11 1 1 |
15068: 1 1 1 5 1 1 8 5 1 1 1 1 1 2 6 1 |1 1 1 1 6 1 1 1 1 1 1 12 1 1 11 1 |1 1 8 1 1 1 1 3 6 1 1 9 1 1 1 1 |1 1 1 1 2 4 6 1 8 5 1 1 1 6 1 11 |1 3 1 1 1 8 8 1 1 1 1 1 11 1 6 7 |1 1 1 1 1 1 4 1 1 1 3 1 7 1 1 1 |1 4 7 5 5 1 1 5 1 2 1 11 1 1 2 3 |1 1 9 6 1 2 4 12 1 1 7 1 1 11 1 9 |1 1 1 1 1 1 12 5 1 1 10 8 9 1 7 3 |1 1 1 1 1 3 1 13 7 15 1 5 1 9 1 5 |6 1 5 1 1 1 1 13 6 5 1 2 1 1 6 1 |1 1 1 1 1 27 8 1 1 1 16 1 1 11 1 1 |
15079: 1 1 1 6 6 1 1 3 1 1 1 1 1 1 1 1 |1 1 7 1 1 10 1 1 1 1 1 13 6 2 11 1 |1 1 4 1 1 1 1 8 3 1 1 8 1 1 1 2 |1 1 1 1 1 3 8 1 6 6 1 1 1 7 1 10 |1 1 1 1 3 7 8 1 1 1 1 1 11 1 11 7 |1 1 1 1 4 9 1 1 1 1 14 1 8 1 1 1 |1 6 7 1 6 1 1 9 1 1 1 11 1 1 1 1 |1 1 9 6 1 2 4 12 1 1 7 1 1 11 1 9 |1 1 1 1 1 1 12 5 1 1 10 8 9 1 7 3 |1 1 1 1 1 3 1 13 7 15 1 5 1 9 1 5 |6 1 5 1 1 1 1 13 6 5 1 2 1 1 6 1 |1 1 1 1 1 27 8 1 1 1 16 1 1 11 1 1 |
15090: 1 1 1 6 6 1 1 3 1 1 1 1 1 1 1 1 |1 1 7 1 1 10 1 1 1 1 1 13 6 2 11 1 |1 1 4 1 1 1 1 8 3 1 1 8 1 1 1 2 |1 1 1 1 1 3 8 1 6 6 1 1 1 7 1 10 |1 1 1 1 3 7 8 1 1 1 1 1 11 1 11 7 |1 1 1 1 4 9 1 1 1 1 14 1 8 1 1 1 |1 6 7 1 6 1 1 9 1 1 1 11 1 1 1 1 |1 1 9 12 1 1 4 12 1 1 3 1 1 11 1 9 |1 1 1 1 8 15 11 11 3 9 4 1 11 1 7 3 |1 1 3 1 2 10 1 13 6 8 1 3 1 1 1 1 |6 1 1 12 1 1 1 13 5 5 8 1 1 2 2 1 |2 5 1 1 1 15 4 1 1 1 10 1 1 4 1 2 |
15101: 1 1 1 6 6 1 1 3 1 1 1 1 1 1 1 1 |1 1 7 1 1 10 1 1 1 1 1 13 6 2 11 1 |1 1 4 1 1 1 1 8 3 1 1 8 1 1 1 2 |1 1 1 1 1 3 8 1 6 6 1 1 1 7 1 10 |1 1 1 1 3 7 8 1 1 1 1 1 11 1 11 7 |1 1 1 1 4 9 1 1 1 1 14 1 8 1 1 1 |1 6 7 1 6 1 1 9 1 1 1 11 1 1 1 1 |1 1 9 12 1 1 4 12 1 1 3 1 1 11 1 9 |1 1 1 1 8 15 11 11 3 9 4 1 11 1 7 3 |1 1 3 1 2 10 1 13 6 8 1 3 1 1 1 1 |6 1 1 12 1 1 1 13 5 5 8 1 1 2 2 1 |2 5 1 1 1 15 4 1 1 1 10 1 1 4 1 2 |
15113: 2 1 1 9 5 7 9 13 1 1 1 1 1 2 7 1 |1 1 1 1 5 1 1 1 1 1 1 11 1 1 12 1 |1 1 8 1 2 8 14 6 5 1 1 6 1 1 1 1 |1 1 1 3 1 4 9 1 9 5 1 1 10 6 1 8 |1 1 1 1 1 1 1 1 1 1 1 1 10 1 12 7 |1 1 3 1 6 6 1 1 1 1 13 1 10 1 2 1 |1 6 7 1 6 1 1 9 1 1 1 11 1 1 1 1 |1 1 9 12 1 1 4 12 1 1 3 1 1 11 1 9 |1 1 1 1 8 15 11 11 3 9 4 1 11 1 7 3 |1 1 3 1 2 10 1 13 6 8 1 3 1 1 1 1 |6 1 1 12 1 1 1 13 5 5 8 1 1 2 2 1 |2 5 1 1 1 15 4 1 1 1 10 1 1 4 1 2 |
15123: 2 1 1 9 5 7 9 13 1 1 1 1 1 2 7 1 |1 1 1 1 5 1 1 1 1 1 1 11 1 1 12 1 |1 1 8 1 2 8 14 6 5 1 1 6 1 1 1 1 |1 1 1 3 1 4 9 1 9 5 1 1 10 6 1 8 |1 1 1 1 1 1 1 1 1 1 1 1 10 1 12 7 |1 1 3 1 6 6 1 1 1 1 13 1 10 1 2 1 |1 10 7 5 4 1 1 1 1 1 10 7 1 1 1 1 |1 1 1 12 1 1 1 12 1 1 14 1 1 12 1 1 |1 1 1 8 12 16 3 10 1 1 5 1 11 1 6 6 |7 1 1 1 1 1 1 16 1 14 1 1 1 5 1 7 |1 1 3 1 1 1 1 17 5 8 4 1 1 1 1 1 |1 1 1 7 1 8 7 12 1 4 16 1 1 13 1 1 |
15134: 2 1 1 9 5 7 9 13 1 1 1 1 1 2 7 1 |1 1 1 1 5 1 1 1 1 1 1 11 1 1 12 1 |1 1 8 1 2 8 14 6 5 1 1 6 1 1 1 1 |1 1 1 3 1 4 9 1 9 5 1 1 10 6 1 8 |1 1 1 1 1 1 1 1 1 1 1 1 10 1 12 7 |1 1 3 1 6 6 1 1 1 1 13 1 10 1 2 1 |1 10 7 5 4 1 1 1 1 1 10 7 1 1 1 1 |1 1 1 12 1 1 1 12 1 1 14 1 1 12 1 1 |1 1 1 8 12 16 3 10 1 1 5 1 11 1 6 6 |7 1 1 1 1 1 1 16 1 14 1 1 1 5 1 7 |1 1 3 1 1 1 1 17 5 8 4 1 1 1 1 1 |1 1 1 7 1 8 7 12 1 4 16 1 1 13 1 1 |
15145: 1 1 1 1 1 9 6 1 1 1 1 6 1 2 5 1 |1 1 1 1 4 1 1 1 1 1 3 10 1 1 1 1 |1 1 6 1 1 1 16 2 4 1 1 6 1 1 1 1 |1 1 1 1 1 3 2 1 6 5 1 1 1 5 1 12 |1 8 1 1 1 6 9 1 1 1 1 1 11 1 13 6 |1 1 1 1 7 1 1 1 1 1 14 1 6 1 1 1 |1 10 7 5 4 1 1 1 1 1 10 7 1 1 1 1 |1 1 1 12 1 1 1 12 1 1 14 1 1 12 1 1 |1 1 1 8 12 16 3 10 1 1 5 1 11 1 6 6 |7 1 1 1 1 1 1 16 1 14 1 1 1 5 1 7 |1 1 3 1 1 1 1 17 5 8 4 1 1 1 1 1 |1 1 1 7 1 8 7 12 1 4 16 1 1 13 1 1 |
15156: 1 1 1 1 1 9 6 1 1 1 1 6 1 2 5 1 |1 1 1 1 4 1 1 1 1 1 3 10 1 1 1 1 |1 1 6 1 1 1 16 2 4 1 1 6 1 1 1 1 |1 1 1 1 1 3 2 1 6 5 1 1 1 5 1 12 |1 8 1 1 1 6 9 1 1 1 1 1 11 1 13 6 |1 1 1 1 7 1 1 1 1 1 14 1 6 1 1 1 |1 3 8 12 5 1 1 8 1 1 1 10 1 1 1 1 |4 1 1 14 1 4 6 12 1 1 6 1 1 13 1 1 |1 1 1 1 8 16 1 11 1 10 7 1 1 1 2 1 |1 1 1 1 1 1 1 14 8 14 1 4 1 7 1 1 |1 1 1 1 1 1 1 19 5 4 10 4 1 3 1 1 |1 1 1 3 1 1 1 10 1 6 13 1 1 14 1 11 |
15168: 1 1 1 1 1 9 6 1 1 1 1 6 1 2 5 1 |1 1 1 1 4 1 1 1 1 1 3 10 1 1 1 1 |1 1 6 1 1 1 16 2 4 1 1 6 1 1 1 1 |1 1 1 1 1 3 2 1 6 5 1 1 1 5 1 12 |1 8 1 1 1 6 9 1 1 1 1 1 11 1 13 6 |1 1 1 1 7 1 1 1 1 1 14 1 6 1 1 1 |1 3 8 12 5 1 1 8 1 1 1 10 1 1 1 1 |4 1 1 14 1 4 6 12 1 1 6 1 1 13 1 1 |1 1 1 1 8 16 1 11 1 10 7 1 1 1 2 1 |1 1 1 1 1 1 1 14 8 14 1 4 1 7 1 1 |1 1 1 1 1 1 1 19 5 4 10 4 1 3 1 1 |1 1 1 3 1 1 1 10 1 6 13 1 1 14 1 11 |
15179: 1 1 1 6 5 5 1 8 1 1 1 1 1 1 5 4 |1 1 9 1 6 5 1 1 1 1 1 9 1 1 1 1 |1 1 9 1 1 7 1 5 6 1 2 8 1 1 1 1 |1 1 1 1 1 1 1 1 6 9 1 1 1 6 1 10 |1 1 1 1 1 8 7 1 1 1 1 1 11 1 13 2 |1 1 1 1 5 10 1 1 1 1 12 1 10 1 2 1 |1 5 10 1 1 1 1 8 1 1 9 3 1 1 1 1 |1 1 1 4 1 1 1 13 1 1 3 1 1 9 1 9 |4 1 1 1 15 12 8 11 1 9 5 1 12 1 6 5 |1 1 1 1 1 1 1 14 8 14 1 4 1 7 1 1 |1 1 1 1 1 1 1 19 5 4 10 4 1 3 1 1 |1 1 1 3 1 1 1 10 1 6 13 1 1 14 1 11 |
15190: 1 1 1 6 5 5 1 8 1 1 1 1 1 1 5 4 |1 1 9 1 6 5 1 1 1 1 1 9 1 1 1 1 |1 1 9 1 1 7 1 5 6 1 2 8 1 1 1 1 |1 1 1 1 1 1 1 1 6 9 1 1 1 6 1 10 |1 1 1 1 1 8 7 1 1 1 1 1 11 1 13 2 |1 1 1 1 5 10 1 1 1 1 12 1 10 1 2 1 |1 5 10 1 1 1 1 8 1 1 9 3 1 1 1 1 |1 1 1 4 1 1 1 13 1 1 3 1 1 9 1 9 |4 1 1 1 15 12 8 11 1 9 5 1 12 1 6 5 |1 1 5 1 1 8 1 15 2 13 1 6 1 7 1 7 |1 1 1 1 1 1 1 14 8 2 7 1 2 1 7 1 |1 1 1 1 1 16 2 14 1 1 11 1 1 13 1 1 |
15201: 1 1 1 6 5 5 1 8 1 1 1 1 1 1 5 4 |1 1 9 1 6 5 1 1 1 1 1 9 1 1 1 1 |1 1 9 1 1 7 1 5 6 1 2 8 1 1 1 1 |1 1 1 1 1 1 1 1 6 9 1 1 1 6 1 10 |1 1 1 1 1 8 7 1 1 1 1 1 11 1 13 2 |1 1 1 1 5 10 1 1 1 1 12 1 10 1 2 1 |1 5 10 1 1 1 1 8 1 1 9 3 1 1 1 1 |1 1 1 4 1 1 1 13 1 1 3 1 1 9 1 9 |4 1 1 1 15 12 8 11 1 9 5 1 12 1 6 5 |1 1 5 1 1 8 1 15 2 13 1 6 1 7 1 7 |1 1 1 1 1 1 1 14 8 2 7 1 2 1 7 1 |1 1 1 1 1 16 2 14 1 1 11 1 1 13 1 1 |
15213: 1 1 1 1 1 6 8 6 1 1 1 3 1 1 9 1 |1 1 6 1 7 1 1 1 1 1 1 10 1 2 12 1 |1 1 8 1 1 9 16 7 5 1 1 7 1 1 1 1 |1 1 1 3 1 1 1 1 7 5 1 1 1 6 1 8 |1 9 1 1 1 9 14 1 1 1 1 1 12 1 12 1 |1 1 2 1 5 11 1 1 1 1 9 1 9 1 2 1 |1 5 12 1 1 1 1 9 1 1 1 11 1 1 1 1 |1 1 10 7 1 1 1 12 1 1 2 1 1 12 1 1 |1 1 1 1 3 14 7 1 10 8 5 1 1 2 8 4 |1 1 3 1 1 1 1 11 1 13 1 7 1 8 1 8 |1 1 1 1 1 1 1 14 8 2 7 1 2 1 7 1 |1 1 1 1 1 16 2 14 1 1 11 1 1 13 1 1 |
15223: 1 1 1 1 1 6 8 6 1 1 1 3 1 1 9 1 |1 1 6 1 7 1 1 1 1 1 1 10 1 2 12 1 |1 1 8 1 1 9 16 7 5 1 1 7 1 1 1 1 |1 1 1 3 1 1 1 1 7 5 1 1 1 6 1 8 |1 9 1 1 1 9 14 1 1 1 1 1 12 1 12 1 |1 1 2 1 5 11 1 1 1 1 9 1 9 1 2 1 |1 5 12 1 1 1 1 9 1 1 1 11 1 1 1 1 |1 1 10 7 1 1 1 12 1 1 2 1 1 12 1 1 |1 1 1 1 3 14 7 1 10 8 5 1 1 2 8 4 |1 1 3 1 1 1 1 11 1 13 1 7 1 8 1 8 |5 1 2 1 1 1 1 13 6 4 4 1 1 1 5 1 |1 8 1 5 1 15 8 2 1 4 14 1 1 12 1 1 |
15234: 1 1 1 1 1 6 8 6 1 1 1 3 1 1 9 1 |1 1 6 1 7 1 1 1 1 1 1 10 1 2 12 1 |1 1 8 1 1 9 16 7 5 1 1 7 1 1 1 1 |1 1 1 3 1 1 1 1 7 5 1 1 1 6 1 8 |1 9 1 1 1 9 14 1 1 1 1 1 12 1 12 1 |1 1 2 1 5 11 1 1 1 1 9 1 9 1 2 1 |1 5 12 1 1 1 1 9 1 1 1 11 1 1 1 1 |1 1 10 7 1 1 1 12 1 1 2 1 1 12 1 1 |1 1 1 1 3 14 7 1 10 8 5 1 1 2 8 4 |1 1 3 1 1 1 1 11 1 13 1 7 1 8 1 8 |5 1 2 1 1 1 1 13 6 4 4 1 1 1 5 1 |1 8 1 5 1 15 8 2 1 4 14 1 1 12 1 1 |
15245: 1 1 1 1 3 7 9 5 1 1 1 1 1 1 8 1 |1 1 5 1 6 9 1 1 1 1 1 1 1 2 8 1 |1 1 2 1 1 7 1 11 6 1 1 7 1 1 1 3 |1 1 1 1 1 5 1 1 8 9 1 1 1 8 1 11 |1 14 1 1 1 8 7 1 1 1 1 1 12 1 6 1 |1 1 3 1 5 1 1 1 1 1 12 1 8 1 1 1 |1 5 1 14 1 1 1 9 1 3 1 12 1 1 1 1 |1 1 10 7 1 1 8 14 1 1 10 1 1 13 1 11 |1 1 1 1 12 11 8 5 1 1 1 1 12 1 8 2 |2 1 1 1 2 1 1 13 7 13 1 6 1 4 1 5 |12 1 1 1 1 1 1 12 4 10 1 1 1 2 8 1 |1 8 1 5 1 15 8 2 1 4 14 1 1 12 1 1 |
15255: 1 1 1 1 3 7 9 5 1 1 1 1 1 1 8 1 |1 1 5 1 6 9 1 1 1 1 1 1 1 2 8 1 |1 1 2 1 1 7 1 11 6 1 1 7 1 1 1 3 |1 1 1 1 1 5 1 1 8 9 1 1 1 8 1 11 |1 14 1 1 1 8 7 1 1 1 1 1 12 1 6 1 |1 1 3 1 5 1 1 1 1 1 12 1 8 1 1 1 |1 5 1 14 1 1 1 9 1 3 1 12 1 1 1 1 |1 1 10 7 1 1 8 14 1 1 10 1 1 13 1 11 |1 1 1 1 12 11 8 5 1 1 1 1 12 1 8 2 |2 1 1 1 2 1 1 13 7 13 1 6 1 4 1 5 |12 1 1 1 1 1 1 12 4 10 1 1 1 2 8 1 |1 1 1 7 1 14 11 1 1 4 18 1 1 11 1 1 |
15267: 1 1 1 1 8 7 1 7 1 1 1 1 1 1 7 1 |1 1 5 1 6 9 1 1 1 1 1 1 1 2 8 1 |1 1 2 1 1 7 1 11 6 1 1 7 1 1 1 3 |1 1 1 1 1 5 1 1 8 9 1 1 1 8 1 11 |1 14 1 1 1 8 7 1 1 1 1 1 12 1 6 1 |1 1 3 1 5 1 1 1 1 1 12 1 8 1 1 1 |1 5 1 14 1 1 1 9 1 3 1 12 1 1 1 1 |1 1 10 7 1 1 8 14 1 1 10 1 1 13 1 11 |1 1 1 1 12 11 8 5 1 1 1 1 12 1 8 2 |2 1 1 1 2 1 1 13 7 13 1 6 1 4 1 5 |12 1 1 1 1 1 1 12 4 10 1 1 1 2 8 1 |1 1 1 7 1 14 11 1 1 4 18 1 1 11 1 1 |
15277: 1 1 1 1 8 7 1 7 1 1 1 1 1 1 7 1 |1 1 1 1 1 1 1 1 1 1 1 10 1 1 9 1 |1 1 1 1 1 6 3 9 4 1 8 5 1 1 1 1 |1 1 1 3 1 1 1 1 9 6 1 1 1 7 1 9 |1 1 1 1 1 7 8 1 1 1 1 1 12 1 14 6 |1 1 1 1 4 11 1 1 1 1 14 1 8 1 1 1 |1 11 8 1 1 1 1 8 1 1 1 11 1 1 1 1 |8 1 6 6 1 4 3 15 1 1 15 1 1 14 1 1 |1 1 1 1 10 15 5 1 8 1 9 7 12 1 1 1 |2 1 1 1 2 1 1 13 7 13 1 6 1 4 1 5 |12 1 1 1 1 1 1 12 4 10 1 1 1 2 8 1 |1 1 1 7 1 14 11 1 1 4 18 1 1 11 1 1 |
15289: 1 1 1 1 8 7 1 7 1 1 1 1 1 1 7 1 |1 1 1 1 1 1 1 1 1 1 1 10 1 1 9 1 |1 1 1 1 1 6 3 9 4 1 8 5 1 1 1 1 |1 1 1 3 1 1 1 1 9 6 1 1 1 7 1 9 |1 1 1 1 1 7 8 1 1 1 1 1 12 1 14 6 |1 1 1 1 4 11 1 1 1 1 14 1 8 1 1 1 |1 11 8 1 1 1 1 8 1 1 1 11 1 1 1 1 |8 1 6 6 1 4 3 15 1 1 15 1 1 14 1 1 |1 1 1 1 10 15 5 1 8 1 9 7 12 1 1 1 |2 1 5 1 1 1 1 15 7 13 1 1 1 6 1 1 |1 1 1 1 1 1 1 2 1 9 3 1 1 1 10 1 |1 1 1 1 1 14 6 14 1 1 9 1 1 13 1 17 |
15300: 1 1 1 1 5 8 9 11 1 1 1 6 1 1 7 1 |1 1 1 1 1 1 1 1 1 1 1 10 1 1 9 1 |1 1 1 1 1 6 3 9 4 1 8 5 1 1 1 1 |1 1 1 3 1 1 1 1 9 6 1 1 1 7 1 9 |1 1 1 1 1 7 8 1 1 1 1 1 12 1 14 6 |1 1 1 1 4 11 1 1 1 1 14 1 8 1 1 1 |1 11 8 1 1 1 1 8 1 1 1 11 1 1 1 1 |8 1 6 6 1 4 3 15 1 1 15 1 1 14 1 1 |1 1 1 1 10 15 5 1 8 1 9 7 12 1 1 1 |2 1 5 1 1 1 1 15 7 13 1 1 1 6 1 1 |1 1 1 1 1 1 1 2 1 9 3 1 1 1 10 1 |1 1 1 1 1 14 6 14 1 1 9 1 1 13 1 17 |
15310: 1 1 1 1 5 8 9 11 1 1 1 6 1 1 7 1 |1 1 8 1 4 4 1 1 1 1 1 1 1 1 6 1 |1 1 7 1 1 9 1 5 4 1 1 1 1 1 1 1 |1 1 1 1 1 7 7 1 9 1 1 1 1 7 1 10 |1 9 1 1 3 1 1 1 1 1 1 1 13 1 13 7 |1 1 2 1 1 11 1 3 1 1 14 1 10 1 1 1 |1 4 7 1 1 1 1 8 1 3 1 10 1 1 1 1 |1 1 1 13 1 6 1 11 1 1 8 1 1 13 1 1 |1 1 1 1 12 13 4 1 1 9 9 1 12 1 7 6 |8 1 1 1 4 1 1 15 7 14 1 4 1 7 1 8 |7 1 1 13 1 1 1 14 1 1 1 1 1 1 1 1 |1 1 1 1 1 14 6 14 1 1 9 1 1 13 1 17 |
15321: 1 1 1 1 5 8 9 11 1 1 1 6 1 1 7 1 |1 1 8 1 4 4 1 1 1 1 1 1 1 1 6 1 |1 1 7 1 1 9 1 5 4 1 1 1 1 1 1 1 |1 1 1 1 1 7 7 1 9 1 1 1 1 7 1 10 |1 9 1 1 3 1 1 1 1 1 1 1 13 1 13 7 |1 1 2 1 1 11 1 3 1 1 14 1 10 1 1 1 |1 4 7 1 1 1 1 8 1 3 1 10 1 1 1 1 |1 1 1 13 1 6 1 11 1 1 8 1 1 13 1 1 |1 1 1 1 12 13 4 1 1 9 9 1 12 1 7 6 |8 1 1 1 4 1 1 15 7 14 1 4 1 7 1 8 |7 1 1 13 1 1 1 14 1 1 1 1 1 1 1 1 |1 1 1 3 1 14 8 1 1 4 19 1 1 10 1 1 |
15332: 1 1 1 1 5 8 9 11 1 1 1 6 1 1 7 1 |1 1 8 1 4 4 1 1 1 1 1 1 1 1 6 1 |1 1 7 1 1 9 1 5 4 1 1 1 1 1 1 1 |1 1 1 1 1 7 7 1 9 1 1 1 1 7 1 10 |1 9 1 1 3 1 1 1 1 1 1 1 13 1 13 7 |1 1 2 1 1 11 1 3 1 1 14 1 10 1 1 1 |1 4 7 1 1 1 1 8 1 3 1 10 1 1 1 1 |1 1 1 13 1 6 1 11 1 1 8 1 1 13 1 1 |1 1 1 1 12 13 4 1 1 9 9 1 12 1 7 6 |8 1 1 1 4 1 1 15 7 14 1 4 1 7 1 8 |7 1 1 13 1 1 1 14 1 1 1 1 1 1 1 1 |1 1 1 3 1 14 8 1 1 4 19 1 1 10 1 1 |
15343: 1 1 1 1 14 8 4 1 1 1 1 1 1 1 3 1 |1 1 1 1 3 1 1 1 1 1 1 11 1 2 5 1 |1 1 6 1 1 10 15 4 7 1 1 8 1 1 1 1 |1 1 1 1 1 1 1 1 6 6 1 5 1 7 1 10 |1 12 1 1 1 11 8 1 1 1 1 1 11 1 12 8 |1 1 1 1 5 1 1 1 1 1 12 1 10 1 1 1 |1 5 9 7 1 1 1 1 1 1 1 11 1 1 1 1 |1 1 2 13 1 3 1 14 1 1 11 1 1 12 1 4 |1 1 1 1 13 20 8 5 1 1 10 5 1 1 8 4 |2 1 1 1 1 1 1 15 8 12 1 1 1 1 1 5 |7 1 1 13 1 1 1 14 1 1 1 1 1 1 1 1 |1 1 1 3 1 14 8 1 1 4 19 1 1 10 1 1 |
15353: 1 1 1 1 14 8 4 1 1 1 1 1 1 1 3 1 |1 1 1 1 3 1 1 1 1 1 1 11 1 2 5 1 |1 1 6 1 1 10 15 4 7 1 1 8 1 1 1 1 |1 1 1 1 1 1 1 1 6 6 1 5 1 7 1 10 |1 12 1 1 1 11 8 1 1 1 1 1 11 1 12 8 |1 1 1 1 5 1 1 1 1 1 12 1 10 1 1 1 |1 5 9 7 1 1 1 1 1 1 1 11 1 1 1 1 |1 1 2 13 1 3 1 14 1 1 11 1 1 12 1 4 |1 1 1 1 13 20 8 5 1 1 10 5 1 1 8 4 |2 1 1 1 1 1 1 15 8 12 1 1 1 1 1 5 |12 1 1 6 1 1 1 15 2 1 1 1 1 1 10 1 |1 1 1 1 1 1 3 1 1 3 16 1 1 12 1 1 |
15364: 1 1 1 1 14 8 4 1 1 1 1 1 1 1 3 1 |1 1 1 1 3 1 1 1 1 1 1 11 1 2 5 1 |1 1 6 1 1 10 15 4 7 1 1 8 1 1 1 1 |1 1 1 1 1 1 1 1 6 6 1 5 1 7 1 10 |1 12 1 1 1 11 8 1 1 1 1 1 11 1 12 8 |1 1 1 1 5 1 1 1 1 1 12 1 10 1 1 1 |1 5 9 7 1 1 1 1 1 1 1 11 1 1 1 1 |1 1 2 13 1 3 1 14 1 1 11 1 1 12 1 4 |1 1 1 1 13 20 8 5 1 1 10 5 1 1 8 4 |2 1 1 1 1 1 1 15 8 12 1 1 1 1 1 5 |12 1 1 6 1 1 1 15 2 1 1 1 1 1 10 1 |1 1 1 1 1 1 3 1 1 3 16 1 1 12 1 1 |
15375: 1 1 1 6 1 9 1 8 1 4 1 1 1 1 1 1 |1 1 1 1 1 5 1 1 1 1 1 11 1 3 10 1 |1 1 8 1 1 4 2 6 6 1 2 1 1 1 1 1 |1 1 1 1 1 1 8 1 8 1 1 1 1 6 1 11 |1 1 1 1 1 9 7 1 1 1 1 1 11 1 7 8 |1 1 1 1 5 11 1 1 1 1 15 1 10 1 2 1 |1 9 8 1 1 1 1 8 1 1 1 10 1 4 1 1 |7 1 3 1 1 1 7 11 1 1 14 1 1 11 1 1 |1 1 1 1 13 20 8 5 1 1 10 5 1 1 8 4 |2 1 1 1 1 1 1 15 8 12 1 1 1 1 1 5 |12 1 1 6 1 1 1 15 2 1 1 1 1 1 10 1 |1 1 1 1 1 1 3 1 1 3 16 1 1 12 1 1 |
15386: 1 1 1 6 1 9 1 8 1 4 1 1 1 1 1 1 |1 1 1 1 1 5 1 1 1 1 1 11 1 3 10 1 |1 1 8 1 1 4 2 6 6 1 2 1 1 1 1 1 |1 1 1 1 1 1 8 1 8 1 1 1 1 6 1 11 |1 1 1 1 1 9 7 1 1 1 1 1 11 1 7 8 |1 1 1 1 5 11 1 1 1 1 15 1 10 1 2 1 |1 9 8 1 1 1 1 8 1 1 1 10 1 4 1 1 |7 1 3 1 1 1 7 11 1 1 14 1 1 11 1 1 |3 1 1 1 11 9 11 4 1 1 1 1 1 1 2 1 |2 1 1 1 1 12 6 13 6 13 1 5 1 8 1 6 |1 1 1 10 5 1 1 14 6 5 13 1 1 1 9 1 |1 2 1 3 1 15 1 13 1 2 16 1 1 13 1 1 |
15397: 1 1 1 6 1 9 1 8 1 4 1 1 1 1 1 1 |1 1 1 1 1 5 1 1 1 1 1 11 1 3 10 1 |1 1 8 1 1 4 2 6 6 1 2 1 1 1 1 1 |1 1 1 1 1 1 8 1 8 1 1 1 1 6 1 11 |1 1 1 1 1 9 7 1 1 1 1 1 11 1 7 8 |1 1 1 1 5 11 1 1 1 1 15 1 10 1 2 1 |1 9 8 1 1 1 1 8 1 1 1 10 1 4 1 1 |7 1 3 1 1 1 7 11 1 1 14 1 1 11 1 1 |3 1 1 1 11 9 11 4 1 1 1 1 1 1 2 1 |2 1 1 1 1 12 6 13 6 13 1 5 1 8 1 6 |1 1 1 10 5 1 1 14 6 5 13 1 1 1 9 1 |1 2 1 3 1 15 1 13 1 2 16 1 1 13 1 1 |
15407: 1 1 1 8 6 7 9 15 1 1 1 4 1 1 2 1 |1 1 1 1 5 1 1 1 1 1 1 7 1 1 11 1 |1 1 7 1 1 1 5 7 4 1 7 7 1 1 1 1 |1 1 1 3 1 7 9 1 8 6 1 1 1 7 1 9 |1 1 1 1 4 9 6 1 1 1 1 1 9 2 12 7 |1 1 1 1 1 11 1 4 1 1 12 1 10 1 1 1 |1 5 9 1 1 1 1 8 1 1 1 11 1 1 1 1 |6 1 1 14 1 4 1 14 1 1 14 1 1 4 1 8 |3 1 1 1 11 9 11 4 1 1 1 1 1 1 2 1 |2 1 1 1 1 12 6 13 6 13 1 5 1 8 1 6 |1 1 1 10 5 1 1 14 6 5 13 1 1 1 9 1 |1 2 1 3 1 15 1 13 1 2 16 1 1 13 1 1 |
15417: 1 1 1 8 6 7 9 15 1 1 1 4 1 1 2 1 |1 1 1 1 5 1 1 1 1 1 1 7 1 1 11 1 |1 1 7 1 1 1 5 7 4 1 7 7 1 1 1 1 |1 1 1 3 1 7 9 1 8 6 1 1 1 7 1 9 |1 1 1 1 4 9 6 1 1 1 1 1 9 2 12 7 |1 1 1 1 1 11 1 4 1 1 12 1 10 1 1 1 |1 5 9 1 1 1 1 8 1 1 1 11 1 1 1 1 |6 1 1 14 1 4 1 14 1 1 14 1 1 4 1 8 |1 1 1 1 12 16 4 9 3 1 1 1 12 1 1 1 |1 1 5 1 3 2 1 12 3 13 1 7 1 1 1 8 |1 1 2 1 1 1 1 6 6 7 9 1 1 2 1 1 |1 1 1 1 1 14 8 2 1 4 15 1 1 10 1 11 |
15427: 1 1 1 8 6 7 9 15 1 1 1 4 1 1 2 1 |1 1 1 1 5 1 1 1 1 1 1 7 1 1 11 1 |1 1 7 1 1 1 5 7 4 1 7 7 1 1 1 1 |1 1 1 3 1 7 9 1 8 6 1 1 1 7 1 9 |1 1 1 1 4 9 6 1 1 1 1 1 9 2 12 7 |1 1 1 1 1 11 1 4 1 1 12 1 10 1 1 1 |1 5 9 1 1 1 1 8 1 1 1 11 1 1 1 1 |6 1 1 14 1 4 1 14 1 1 14 1 1 4 1 8 |1 1 1 1 12 16 4 9 3 1 1 1 12 1 1 1 |1 1 5 1 3 2 1 12 3 13 1 7 1 1 1 8 |1 1 2 1 1 1 1 6 6 7 9 1 1 2 1 1 |1 1 1 1 1 14 8 2 1 4 15 1 1 10 1 11 |
15438: 1 1 1 2 4 7 3 1 1 1 1 1 1 2 8 1 |1 1 9 1 3 1 1 1 1 1 1 9 1 2 12 1 |1 1 5 1 1 3 1 7 6 1 1 5 1 1 1 1 |1 1 1 1 1 5 7 1 8 7 1 1 1 6 1 9 |1 1 1 1 1 1 1 1 1 1 1 1 11 1 8 12 |1 1 2 1 5 1 1 1 1 1 10 1 1 1 2 1 |1 5 9 1 1 1 1 8 1 1 1 11 1 1 1 1 |6 1 1 14 1 4 1 14 1 1 14 1 1 4 1 8 |1 1 1 1 12 16 4 9 3 1 1 1 12 1 1 1 |1 1 5 1 3 2 1 12 3 13 1 7 1 1 1 8 |1 1 2 1 1 1 1 6 6 7 9 1 1 2 1 1 |1 1 1 1 1 14 8 2 1 4 15 1 1 10 1 11 |
15448: 1 1 1 2 4 7 3 1 1 1 1 1 1 2 8 1 |1 1 9 1 3 1 1 1 1 1 1 9 1 2 12 1 |1 1 5 1 1 3 1 7 6 1 1 5 1 1 1 1 |1 1 1 1 1 5 7 1 8 7 1 1 1 6 1 9 |1 1 1 1 1 1 1 1 1 1 1 1 11 1 8 12 |1 1 2 1 5 1 1 1 1 1 10 1 1 1 2 1 |1 5 2 7 1 1 1 8 1 5 1 12 1 1 1 1 |1 1 1 13 1 3 1 14 1 1 15 1 1 13 3 1 |1 1 1 1 7 15 1 10 3 8 4 1 2 1 8 4 |1 1 1 1 1 1 6 11 1 13 1 7 1 9 1 1 |1 1 3 1 1 1 1 8 1 1 1 1 1 1 9 1 |1 5 1 1 1 8 1 1 1 4 15 1 1 11 1 1 |
15458: 1 1 1 2 4 7 3 1 1 1 1 1 1 2 8 1 |1 1 9 1 3 1 1 1 1 1 1 9 1 2 12 1 |1 1 5 1 1 3 1 7 6 1 1 5 1 1 1 1 |1 1 1 1 1 5 7 1 8 7 1 1 1 6 1 9 |1 1 1 1 1 1 1 1 1 1 1 1 11 1 8 12 |1 1 2 1 5 1 1 1 1 1 10 1 1 1 2 1 |1 5 2 7 1 1 1 8 1 5 1 12 1 1 1 1 |1 1 1 13 1 3 1 14 1 1 15 1 1 13 3 1 |1 1 1 1 7 15 1 10 3 8 4 1 2 1 8 4 |1 1 1 1 1 1 6 11 1 13 1 7 1 9 1 1 |1 1 3 1 1 1 1 8 1 1 1 1 1 1 9 1 |1 5 1 1 1 8 1 1 1 4 15 1 1 11 1 1 |
15470: 1 1 1 7 8 1 1 1 1 4 1 1 1 1 8 1 |1 1 2 1 4 1 1 1 1 1 1 10 1 1 10 1 |1 1 8 1 1 6 4 6 6 1 1 7 1 1 1 2 |1 1 1 1 1 5 7 1 8 7 1 1 1 6 1 9 |1 1 1 1 1 1 1 1 1 1 1 1 11 1 8 12 |1 1 2 1 5 1 1 1 1 1 10 1 1 1 2 1 |1 5 2 7 1 1 1 8 1 5 1 12 1 1 1 1 |1 1 1 13 1 3 1 14 1 1 15 1 1 13 3 1 |1 1 1 1 7 15 1 10 3 8 4 1 2 1 8 4 |1 1 1 1 1 1 6 11 1 13 1 7 1 9 1 1 |1 1 3 1 1 1 1 8 1 1 1 1 1 1 9 1 |1 5 1 1 1 8 1 1 1 4 15 1 1 11 1 1 |
15480: 1 1 1 7 8 1 1 1 1 4 1 1 1 1 8 1 |1 1 2 1 4 1 1 1 1 1 1 10 1 1 10 1 |1 1 8 1 1 6 4 6 6 1 1 7 1 1 1 2 |1 1 1 3 1 1 5 1 1 7 1 1 1 6 1 10 |1 1 1 1 1 10 8 1 1 1 1 1 11 1 13 6 |1 1 3 1 5 9 1 1 1 1 13 1 10 1 2 1 |1 4 8 1 7 1 1 1 1 1 1 11 1 1 1 1 |1 1 1 13 1 1 9 10 1 1 15 1 1 14 1 8 |1 1 1 1 10 14 2 11 1 1 1 1 12 1 1 1 |1 1 1 1 1 1 1 15 8 13 1 4 1 1 1 1 |7 1 8 5 1 1 1 16 4 12 1 1 1 1 1 1 |1 1 1 1 1 15 5 2 1 2 1 1 1 3 1 1 |
15491: 1 1 1 7 8 1 1 1 1 4 1 1 1 1 8 1 |1 1 2 1 4 1 1 1 1 1 1 10 1 1 10 1 |1 1 8 1 1 6 4 6 6 1 1 7 1 1 1 2 |1 1 1 3 1 1 5 1 1 7 1 1 1 6 1 10 |1 1 1 1 1 10 8 1 1 1 1 1 11 1 13 6 |1 1 3 1 5 9 1 1 1 1 13 1 10 1 2 1 |1 4 8 1 7 1 1 1 1 1 1 11 1 1 1 1 |1 1 1 13 1 1 9 10 1 1 15 1 1 14 1 8 |1 1 1 1 10 14 2 11 1 1 1 1 12 1 1 1 |1 1 1 1 1 1 1 15 8 13 1 4 1 1 1 1 |7 1 8 5 1 1 1 16 4 12 1 1 1 1 1 1 |1 1 1 1 1 15 5 2 1 2 1 1 1 3 1 1 |
15502: 1 1 1 5 6 6 9 12 1 1 1 1 1 1 7 1 |1 1 8 1 6 1 1 1 1 1 1 11 1 1 13 1 |1 1 8 1 3 8 12 6 6 1 1 5 1 1 1 2 |1 1 1 3 1 6 8 1 7 5 1 1 1 8 1 12 |1 1 1 1 1 3 10 1 1 1 1 1 11 1 8 12 |1 1 3 1 5 9 1 1 1 1 13 1 10 1 2 1 |1 4 8 1 7 1 1 1 1 1 1 11 1 1 1 1 |1 1 1 13 1 1 9 10 1 1 15 1 1 14 1 8 |1 1 1 1 10 14 2 11 1 1 1 1 12 1 1 1 |1 1 1 1 1 1 1 15 8 13 1 4 1 1 1 1 |7 1 8 5 1 1 1 16 4 12 1 1 1 1 1 1 |1 1 1 1 1 15 5 2 1 2 1 1 1 3 1 1 |
15513: 1 1 1 5 6 6 9 12 1 1 1 1 1 1 7 1 |1 1 8 1 6 1 1 1 1 1 1 11 1 1 13 1 |1 1 8 1 3 8 12 6 6 1 1 5 1 1 1 2 |1 1 1 3 1 6 8 1 7 5 1 1 1 8 1 12 |1 1 1 1 1 3 10 1 1 1 1 1 11 1 8 12 |1 1 1 1 1 11 1 1 1 1 12 1 10 1 1 1 |1 10 8 1 1 1 1 1 1 1 10 7 1 1 1 1 |1 1 1 15 1 9 1 6 1 1 15 1 1 13 1 10 |1 1 1 1 3 12 3 1 1 7 5 1 1 1 7 9 |1 1 1 1 3 1 1 9 2 12 1 6 1 7 1 1 |1 1 1 1 4 1 1 16 1 1 11 4 1 1 9 1 |1 1 1 1 1 15 5 2 1 2 1 1 1 3 1 1 |
15525: 1 1 1 5 6 6 9 12 1 1 1 1 1 1 7 1 |1 1 8 1 6 1 1 1 1 1 1 11 1 1 13 1 |1 1 8 1 3 8 12 6 6 1 1 5 1 1 1 2 |1 1 1 3 1 6 8 1 7 5 1 1 1 8 1 12 |1 1 1 1 1 3 10 1 1 1 1 1 11 1 8 12 |1 1 1 1 1 11 1 1 1 1 12 1 10 1 1 1 |1 10 8 1 1 1 1 1 1 1 10 7 1 1 1 1 |1 1 1 15 1 9 1 6 1 1 15 1 1 13 1 10 |1 1 1 1 3 12 3 1 1 7 5 1 1 1 7 9 |1 1 1 1 3 1 1 9 2 12 1 6 1 7 1 1 |1 1 1 1 4 1 1 16 1 1 11 4 1 1 9 1 |1 1 1 1 1 15 7 1 1 5 10 1 1 12 1 1 |
15536: 1 1 1 1 1 6 1 13 1 1 1 1 1 1 8 1 |1 1 6 1 4 1 1 1 1 1 5 9 1 1 7 1 |1 1 6 1 5 1 13 8 6 1 2 1 1 1 1 2 |1 1 1 3 1 6 8 1 7 5 1 1 1 8 1 12 |1 1 1 1 1 3 10 1 1 1 1 1 11 1 8 12 |1 1 1 1 1 11 1 1 1 1 12 1 10 1 1 1 |1 10 8 1 1 1 1 1 1 1 10 7 1 1 1 1 |1 1 1 15 1 9 1 6 1 1 15 1 1 13 1 10 |1 1 1 1 3 12 3 1 1 7 5 1 1 1 7 9 |1 1 1 1 3 1 1 9 2 12 1 6 1 7 1 1 |1 1 1 1 4 1 1 16 1 1 11 4 1 1 9 1 |1 1 1 1 1 15 7 1 1 5 10 1 1 12 1 1 |
15547: 1 1 1 1 1 6 1 13 1 1 1 1 1 1 8 1 |1 1 6 1 4 1 1 1 1 1 5 9 1 1 7 1 |1 1 6 1 5 1 13 8 6 1 2 1 1 1 1 2 |1 1 1 1 1 6 8 1 8 5 1 1 1 6 1 10 |1 1 1 1 1 9 8 1 1 1 1 1 11 1 8 7 |1 1 1 1 4 15 1 5 1 1 1 1 9 1 2 1 |1 9 1 1 1 1 1 1 1 6 1 12 1 3 1 1 |9 1 9 6 1 1 1 12 1 1 10 1 1 11 3 8 |1 1 1 1 1 5 9 9 3 7 5 1 1 1 2 1 |2 1 10 1 2 1 1 14 2 14 1 1 1 7 1 8 |1 1 1 1 1 1 1 2 1 1 1 1 1 1 1 1 |1 1 1 1 1 15 7 1 1 5 10 1 1 12 1 1 |
15558: 1 1 1 1 1 6 1 13 1 1 1 1 1 1 8 1 |1 1 6 1 4 1 1 1 1 1 5 9 1 1 7 1 |1 1 6 1 5 1 13 8 6 1 2 1 1 1 1 2 |1 1 1 1 1 6 8 1 8 5 1 1 1 6 1 10 |1 1 1 1 1 9 8 1 1 1 1 1 11 1 8 7 |1 1 1 1 4 15 1 5 1 1 1 1 9 1 2 1 |1 9 1 1 1 1 1 1 1 6 1 12 1 3 1 1 |9 1 9 6 1 1 1 12 1 1 10 1 1 11 3 8 |1 1 1 1 1 5 9 9 3 7 5 1 1 1 2 1 |2 1 10 1 2 1 1 14 2 14 1 1 1 7 1 8 |1 1 1 1 1 1 1 2 1 1 1 1 1 1 1 1 |1 1 1 1 1 1 13 7 1 4 15 1 1 1 1 1 |
15569: 1 1 1 1 1 6 1 13 1 1 1 1 1 1 8 1 |1 1 6 1 4 1 1 1 1 1 5 9 1 1 7 1 |1 1 6 1 5 1 13 8 6 1 2 1 1 1 1 2 |1 1 1 1 1 6 8 1 8 5 1 1 1 6 1 10 |1 1 1 1 1 9 8 1 1 1 1 1 11 1 8 7 |1 1 1 1 4 15 1 5 1 1 1 1 9 1 2 1 |1 9 1 1 1 1 1 1 1 6 1 12 1 3 1 1 |9 1 9 6 1 1 1 12 1 1 10 1 1 11 3 8 |1 1 1 1 1 5 9 9 3 7 5 1 1 1 2 1 |2 1 10 1 2 1 1 14 2 14 1 1 1 7 1 8 |1 1 1 1 1 1 1 2 1 1 1 1 1 1 1 1 |1 1 1 1 1 1 13 7 1 4 15 1 1 1 1 1 |
15590: 1 1 1 1 1 6 8 9 1 1 1 3 1 1 2 1 |1 1 6 1 4 1 1 1 1 1 5 9 1 1 7 1 |1 1 6 1 5 1 13 8 6 1 2 1 1 1 1 2 |1 1 1 1 1 6 8 1 8 5 1 1 1 6 1 10 |1 1 1 1 1 9 8 1 1 1 1 1 11 1 8 7 |1 1 1 1 4 15 1 5 1 1 1 1 9 1 2 1 |1 9 1 1 1 1 1 1 1 6 1 12 1 3 1 1 |9 1 9 6 1 1 1 12 1 1 10 1 1 11 3 8 |1 1 1 1 1 5 9 9 3 7 5 1 1 1 2 1 |2 1 10 1 2 1 1 14 2 14 1 1 1 7 1 8 |1 1 1 1 1 1 1 2 1 1 1 1 1 1 1 1 |1 1 1 1 1 1 13 7 1 4 15 1 1 1 1 1 |
15601: 1 1 1 1 1 6 8 9 1 1 1 3 1 1 2 1 |1 1 2 1 7 4 1 1 1 1 1 11 1 1 1 1 |1 1 1 1 1 7 8 1 7 1 1 8 1 1 1 1 |1 1 1 1 1 6 8 1 6 8 1 1 5 1 1 13 |1 1 1 1 1 8 1 1 1 1 1 1 11 1 10 13 |1 1 2 1 5 13 1 8 1 1 13 1 7 2 1 1 |1 5 7 1 1 1 1 3 1 1 1 11 1 4 1 1 |1 1 1 15 1 1 9 9 1 1 11 1 7 12 3 1 |1 1 1 1 1 5 9 9 3 7 5 1 1 1 2 1 |2 1 10 1 2 1 1 14 2 14 1 1 1 7 1 8 |1 1 1 1 1 1 1 2 1 1 1 1 1 1 1 1 |1 1 1 1 1 1 13 7 1 4 15 1 1 1 1 1 |
15612: 1 1 1 1 1 6 8 9 1 1 1 3 1 1 2 1 |1 1 2 1 7 4 1 1 1 1 1 11 1 1 1 1 |1 1 1 1 1 7 8 1 7 1 1 8 1 1 1 1 |1 1 1 1 1 6 8 1 6 8 1 1 5 1 1 13 |1 1 1 1 1 8 1 1 1 1 1 1 11 1 10 13 |1 1 2 1 5 13 1 8 1 1 13 1 7 2 1 1 |1 5 7 1 1 1 1 3 1 1 1 11 1 4 1 1 |1 1 1 15 1 1 9 9 1 1 11 1 7 12 3 1 |1 1 1 1 1 15 4 2 1 1 1 3 1 1 7 9 |2 1 5 1 1 1 1 15 5 11 1 5 1 8 1 6 |8 1 2 1 1 1 1 16 6 1 1 1 1 1 9 1 |1 1 1 8 1 13 7 1 1 1 1 2 1 1 1 3 |
15623: 1 1 1 1 1 6 8 9 1 1 1 3 1 1 2 1 |1 1 2 1 7 4 1 1 1 1 1 11 1 1 1 1 |1 1 1 1 1 7 8 1 7 1 1 8 1 1 1 1 |1 1 1 1 1 6 8 1 6 8 1 1 5 1 1 13 |1 1 1 1 1 8 1 1 1 1 1 1 11 1 10 13 |1 1 2 1 5 13 1 8 1 1 13 1 7 2 1 1 |1 5 7 1 1 1 1 3 1 1 1 11 1 4 1 1 |1 1 1 15 1 1 9 9 1 1 11 1 7 12 3 1 |1 1 1 1 1 15 4 2 1 1 1 3 1 1 7 9 |2 1 5 1 1 1 1 15 5 11 1 5 1 8 1 6 |8 1 2 1 1 1 1 16 6 1 1 1 1 1 9 1 |1 1 1 8 1 13 7 1 1 1 1 2 1 1 1 3 |
15635: 1 1 1 1 1 10 7 11 1 1 1 1 1 1 4 1 |1 1 9 1 1 8 1 1 1 1 1 1 1 2 9 1 |1 1 5 1 1 8 3 6 5 1 6 7 1 1 1 1 |1 1 1 3 1 4 3 5 7 8 1 1 1 5 1 10 |1 9 1 1 1 10 9 1 1 1 1 1 1 1 7 8 |1 1 7 1 4 10 1 1 1 1 15 1 1 1 1 1 |1 6 7 1 1 1 1 3 1 1 1 13 1 1 1 1 |1 1 1 15 1 1 9 9 1 1 11 1 7 12 3 1 |1 1 1 1 1 15 4 2 1 1 1 3 1 1 7 9 |2 1 5 1 1 1 1 15 5 11 1 5 1 8 1 6 |8 1 2 1 1 1 1 16 6 1 1 1 1 1 9 1 |1 1 1 8 1 13 7 1 1 1 1 2 1 1 1 3 |
15646: 1 1 1 1 1 10 7 11 1 1 1 1 1 1 4 1 |1 1 9 1 1 8 1 1 1 1 1 1 1 2 9 1 |1 1 5 1 1 8 3 6 5 1 6 7 1 1 1 1 |1 1 1 3 1 4 3 5 7 8 1 1 1 5 1 10 |1 9 1 1 1 10 9 1 1 1 1 1 1 1 7 8 |1 1 7 1 4 10 1 1 1 1 15 1 1 1 1 1 |1 6 7 1 1 1 1 3 1 1 1 13 1 1 1 1 |6 1 2 1 1 1 1 14 1 1 16 1 1 12 1 11 |1 1 1 1 13 12 6 1 1 9 7 1 1 1 7 5 |1 1 2 1 1 9 9 8 3 14 1 6 1 10 1 4 |1 1 1 1 1 1 1 12 4 9 10 1 1 1 1 1 |1 1 1 1 1 2 1 10 1 1 14 1 1 12 1 1 |
15657: 1 1 1 1 1 10 7 11 1 1 1 1 1 1 4 1 |1 1 9 1 1 8 1 1 1 1 1 1 1 2 9 1 |1 1 5 1 1 8 3 6 5 1 6 7 1 1 1 1 |1 1 1 3 1 4 3 5 7 8 1 1 1 5 1 10 |1 9 1 1 1 10 9 1 1 1 1 1 1 1 7 8 |1 1 7 1 4 10 1 1 1 1 15 1 1 1 1 1 |1 6 7 1 1 1 1 3 1 1 1 13 1 1 1 1 |6 1 2 1 1 1 1 14 1 1 16 1 1 12 1 11 |1 1 1 1 13 12 6 1 1 9 7 1 1 1 7 5 |1 1 2 1 1 9 9 8 3 14 1 6 1 10 1 4 |1 1 1 1 1 1 1 12 4 9 10 1 1 1 1 1 |1 1 1 1 1 2 1 10 1 1 14 1 1 12 1 1 |
15668: 1 1 1 6 6 8 3 11 1 1 1 5 1 2 7 1 |9 1 7 1 6 5 1 1 1 1 1 3 1 2 12 1 |1 1 9 1 1 1 13 1 5 1 1 1 1 1 1 2 |1 1 1 2 1 6 7 1 8 5 1 1 1 6 1 11 |1 1 1 1 1 10 1 1 1 1 1 1 10 1 13 10 |1 1 1 1 1 12 1 1 1 1 14 1 11 1 1 1 |1 1 4 1 1 1 1 7 1 1 1 11 1 5 1 1 |6 1 2 1 1 1 1 14 1 1 16 1 1 12 1 11 |1 1 1 1 13 12 6 1 1 9 7 1 1 1 7 5 |1 1 2 1 1 9 9 8 3 14 1 6 1 10 1 4 |1 1 1 1 1 1 1 12 4 9 10 1 1 1 1 1 |1 1 1 1 1 2 1 10 1 1 14 1 1 12 1 1 |
15678: 1 1 1 6 6 8 3 11 1 1 1 5 1 2 7 1 |9 1 7 1 6 5 1 1 1 1 1 3 1 2 12 1 |1 1 9 1 1 1 13 1 5 1 1 1 1 1 1 2 |1 1 1 2 1 6 7 1 8 5 1 1 1 6 1 11 |1 1 1 1 1 10 1 1 1 1 1 1 10 1 13 10 |1 1 1 1 1 12 1 1 1 1 14 1 11 1 1 1 |1 1 4 1 1 1 1 7 1 1 1 11 1 5 1 1 |1 1 4 14 1 6 11 14 1 1 2 1 1 11 5 9 |1 1 1 1 13 7 10 5 9 1 1 1 13 1 8 6 |1 1 1 1 1 8 1 13 3 6 1 4 1 9 1 1 |7 1 1 9 1 1 5 11 8 5 1 1 1 1 9 1 |2 1 1 8 1 15 7 1 1 2 16 1 1 5 1 1 |
15689: 1 1 1 6 6 8 3 11 1 1 1 5 1 2 7 1 |9 1 7 1 6 5 1 1 1 1 1 3 1 2 12 1 |1 1 9 1 1 1 13 1 5 1 1 1 1 1 1 2 |1 1 1 2 1 6 7 1 8 5 1 1 1 6 1 11 |1 1 1 1 1 10 1 1 1 1 1 1 10 1 13 10 |1 1 1 1 1 12 1 1 1 1 14 1 11 1 1 1 |1 1 4 1 1 1 1 7 1 1 1 11 1 5 1 1 |1 1 4 14 1 6 11 14 1 1 2 1 1 11 5 9 |1 1 1 1 13 7 10 5 9 1 1 1 13 1 8 6 |1 1 1 1 1 8 1 13 3 6 1 4 1 9 1 1 |7 1 1 9 1 1 5 11 8 5 1 1 1 1 9 1 |2 1 1 8 1 15 7 1 1 2 16 1 1 5 1 1 |
15700: 1 1 1 1 1 1 8 14 1 1 1 1 1 1 8 1 |1 1 1 1 5 1 1 1 1 1 1 1 1 1 8 1 |1 1 8 1 1 8 1 4 6 1 1 6 1 1 1 1 |1 1 1 5 1 4 8 1 6 8 1 1 1 5 1 10 |1 1 4 1 1 10 5 1 1 1 1 1 11 1 14 5 |1 1 1 1 4 9 1 5 1 1 12 1 9 1 1 1 |1 1 4 1 1 1 1 7 1 1 1 11 1 5 1 1 |1 1 4 14 1 6 11 14 1 1 2 1 1 11 5 9 |1 1 1 1 13 7 10 5 9 1 1 1 13 1 8 6 |1 1 1 1 1 8 1 13 3 6 1 4 1 9 1 1 |7 1 1 9 1 1 5 11 8 5 1 1 1 1 9 1 |2 1 1 8 1 15 7 1 1 2 16 1 1 5 1 1 |
15711: 1 1 1 1 1 1 8 14 1 1 1 1 1 1 8 1 |1 1 1 1 5 1 1 1 1 1 1 1 1 1 8 1 |1 1 8 1 1 8 1 4 6 1 1 6 1 1 1 1 |1 1 1 5 1 4 8 1 6 8 1 1 1 5 1 10 |1 1 4 1 1 10 5 1 1 1 1 1 11 1 14 5 |1 1 1 1 4 9 1 5 1 1 12 1 9 1 1 1 |1 4 9 2 1 1 1 8 1 1 1 12 1 1 1 1 |1 1 1 14 1 1 1 4 1 1 14 1 1 16 1 9 |1 1 1 1 1 2 5 1 2 8 10 1 1 1 3 1 |1 1 5 1 1 9 1 12 3 7 1 6 1 10 1 1 |1 1 2 1 1 1 1 16 1 1 1 1 1 1 8 1 |1 5 1 1 1 2 1 11 1 1 5 1 1 11 1 1 |
15722: 1 1 1 1 1 1 8 14 1 1 1 1 1 1 8 1 |1 1 1 1 5 1 1 1 1 1 1 1 1 1 8 1 |1 1 8 1 1 8 1 4 6 1 1 6 1 1 1 1 |1 1 1 5 1 4 8 1 6 8 1 1 1 5 1 10 |1 1 4 1 1 10 5 1 1 1 1 1 11 1 14 5 |1 1 1 1 4 9 1 5 1 1 12 1 9 1 1 1 |1 4 9 2 1 1 1 8 1 1 1 12 1 1 1 1 |1 1 1 14 1 1 1 4 1 1 14 1 1 16 1 9 |1 1 1 1 1 2 5 1 2 8 10 1 1 1 3 1 |1 1 5 1 1 9 1 12 3 7 1 6 1 10 1 1 |1 1 2 1 1 1 1 16 1 1 1 1 1 1 8 1 |1 5 1 1 1 2 1 11 1 1 5 1 1 11 1 1 |
15733: 1 1 1 8 6 6 2 13 1 1 1 4 1 1 5 1 |1 1 7 1 1 8 1 1 1 1 5 1 1 1 14 1 |1 1 13 1 1 6 12 8 5 1 10 1 1 1 1 1 |1 1 1 3 1 4 1 1 5 6 1 1 1 7 1 9 |1 1 1 1 1 1 1 1 1 1 1 1 11 1 13 11 |1 1 1 1 5 6 1 1 1 1 14 1 10 1 1 1 |1 4 9 2 1 1 1 8 1 1 1 12 1 1 1 1 |1 1 1 14 1 1 1 4 1 1 14 1 1 16 1 9 |1 1 1 1 1 2 5 1 2 8 10 1 1 1 3 1 |1 1 5 1 1 9 1 12 3 7 1 6 1 10 1 1 |1 1 2 1 1 1 1 16 1 1 1 1 1 1 8 1 |1 5 1 1 1 2 1 11 1 1 5 1 1 11 1 1 |
15744: 1 1 1 8 6 6 2 13 1 1 1 4 1 1 5 1 |1 1 7 1 1 8 1 1 1 1 5 1 1 1 14 1 |1 1 13 1 1 6 12 8 5 1 10 1 1 1 1 1 |1 1 1 3 1 4 1 1 5 6 1 1 1 7 1 9 |1 1 1 1 1 1 1 1 1 1 1 1 11 1 13 11 |1 1 1 1 5 6 1 1 1 1 14 1 10 1 1 1 |1 4 9 1 1 1 1 4 1 1 1 12 1 1 1 1 |1 1 9 1 1 5 6 13 1 1 14 1 1 13 1 1 |1 2 1 1 12 15 10 5 1 1 10 4 11 1 2 9 |1 1 1 1 2 1 5 13 1 13 1 1 1 8 1 7 |1 1 1 4 1 1 1 14 5 3 1 1 1 1 8 1 |1 1 1 8 1 12 7 1 1 5 16 1 1 11 1 3 |
15754: 1 1 1 8 6 6 2 13 1 1 1 4 1 1 5 1 |1 1 7 1 1 8 1 1 1 1 5 1 1 1 14 1 |1 1 13 1 1 6 12 8 5 1 10 1 1 1 1 1 |1 1 1 3 1 4 1 1 5 6 1 1 1 7 1 9 |1 1 1 1 1 1 1 1 1 1 1 1 11 1 13 11 |1 1 1 1 5 6 1 1 1 1 14 1 10 1 1 1 |1 4 9 1 1 1 1 4 1 1 1 12 1 1 1 1 |1 1 9 1 1 5 6 13 1 1 14 1 1 13 1 1 |1 2 1 1 12 15 10 5 1 1 10 4 11 1 2 9 |1 1 1 1 2 1 5 13 1 13 1 1 1 8 1 7 |1 1 1 4 1 1 1 14 5 3 1 1 1 1 8 1 |1 1 1 8 1 12 7 1 1 5 16 1 1 11 1 3 |
15765: 1 1 1 7 8 1 1 1 1 1 1 4 1 1 2 5 |1 1 1 1 6 1 1 1 1 1 1 1 1 1 14 1 |1 1 8 1 1 6 12 8 3 1 3 6 1 1 1 2 |1 1 2 1 1 3 3 1 1 8 1 1 11 7 1 10 |1 9 1 1 7 7 1 1 1 1 1 1 11 1 12 10 |1 1 1 1 7 13 1 1 1 1 14 1 9 1 3 1 |1 4 9 1 1 1 1 4 1 1 1 12 1 1 1 1 |1 1 9 1 1 5 6 13 1 1 14 1 1 13 1 1 |1 2 1 1 12 15 10 5 1 1 10 4 11 1 2 9 |1 1 1 1 2 1 5 13 1 13 1 1 1 8 1 7 |1 1 1 4 1 1 1 14 5 3 1 1 1 1 8 1 |1 1 1 8 1 12 7 1 1 5 16 1 1 11 1 3 |
15777: 1 1 1 7 8 1 1 1 1 1 1 4 1 1 2 5 |1 1 1 1 6 1 1 1 1 1 1 1 1 1 14 1 |1 1 8 1 1 6 12 8 3 1 3 6 1 1 1 2 |1 1 2 1 1 3 3 1 1 8 1 1 11 7 1 10 |1 9 1 1 7 7 1 1 1 1 1 1 11 1 12 10 |1 1 1 1 7 13 1 1 1 1 14 1 9 1 3 1 |1 6 1 1 1 1 1 8 1 1 1 11 1 1 1 1 |1 1 2 16 1 4 11 13 1 1 14 1 1 15 2 1 |1 1 1 1 1 14 8 4 1 1 1 2 9 1 6 2 |1 1 1 1 1 1 1 13 3 6 1 1 1 10 1 1 |7 1 3 1 1 1 1 13 6 6 9 5 1 1 1 2 |1 8 1 1 1 1 2 7 1 3 16 1 1 13 1 1 |
15788: 1 1 1 7 8 1 1 1 1 1 1 4 1 1 2 5 |1 1 1 1 6 1 1 1 1 1 1 1 1 1 14 1 |1 1 8 1 1 6 12 8 3 1 3 6 1 1 1 2 |1 1 2 1 1 3 3 1 1 8 1 1 11 7 1 10 |1 9 1 1 7 7 1 1 1 1 1 1 11 1 12 10 |1 1 1 1 7 13 1 1 1 1 14 1 9 1 3 1 |1 6 1 1 1 1 1 8 1 1 1 11 1 1 1 1 |1 1 2 16 1 4 11 13 1 1 14 1 1 15 2 1 |1 1 1 1 1 14 8 4 1 1 1 2 9 1 6 2 |1 1 1 1 1 1 1 13 3 6 1 1 1 10 1 1 |7 1 3 1 1 1 1 13 6 6 9 5 1 1 1 2 |1 8 1 1 1 1 2 7 1 3 16 1 1 13 1 1 |
15799: 1 1 1 1 1 1 1 1 1 1 1 1 1 3 4 1 |1 1 12 1 6 4 1 1 1 1 1 11 6 1 11 1 |1 1 7 1 1 8 7 1 7 1 1 5 1 1 1 1 |1 1 1 4 1 1 1 1 1 7 1 1 1 6 1 10 |1 1 1 1 1 8 7 1 1 1 1 1 13 1 7 1 |1 1 1 1 7 13 1 1 1 1 14 1 9 1 3 1 |1 6 1 1 1 1 1 8 1 1 1 11 1 1 1 1 |1 1 2 16 1 4 11 13 1 1 14 1 1 15 2 1 |1 1 1 1 1 14 8 4 1 1 1 2 9 1 6 2 |1 1 1 1 1 1 1 13 3 6 1 1 1 10 1 1 |7 1 3 1 1 1 1 13 6 6 9 5 1 1 1 2 |1 8 1 1 1 1 2 7 1 3 16 1 1 13 1 1 |
15810: 1 1 1 1 1 1 1 1 1 1 1 1 1 3 4 1 |1 1 12 1 6 4 1 1 1 1 1 11 6 1 11 1 |1 1 7 1 1 8 7 1 7 1 1 5 1 1 1 1 |1 1 1 4 1 1 1 1 1 7 1 1 1 6 1 10 |1 1 1 1 1 8 7 1 1 1 1 1 13 1 7 1 |1 1 2 1 6 11 1 1 1 1 12 1 7 2 1 1 |1 5 7 1 1 1 1 8 1 1 1 9 1 1 1 3 |7 6 8 9 1 3 3 14 1 1 4 1 1 4 3 9 |1 1 1 1 1 1 1 10 6 8 10 1 11 1 6 2 |1 1 5 1 1 3 6 10 1 14 1 6 1 10 1 1 |1 1 1 1 1 1 1 13 7 10 1 1 1 1 9 1 |1 1 1 1 1 16 12 5 1 5 15 1 1 13 1 11 |
15821: 1 1 1 1 1 1 1 1 1 1 1 1 1 3 4 1 |1 1 12 1 6 4 1 1 1 1 1 11 6 1 11 1 |1 1 7 1 1 8 7 1 7 1 1 5 1 1 1 1 |1 1 1 4 1 1 1 1 1 7 1 1 1 6 1 10 |1 1 1 1 1 8 7 1 1 1 1 1 13 1 7 1 |1 1 2 1 6 11 1 1 1 1 12 1 7 2 1 1 |1 5 7 1 1 1 1 8 1 1 1 9 1 1 1 3 |7 6 8 9 1 3 3 14 1 1 4 1 1 4 3 9 |1 1 1 1 1 1 1 10 6 8 10 1 11 1 6 2 |1 1 5 1 1 3 6 10 1 14 1 6 1 10 1 1 |1 1 1 1 1 1 1 13 7 10 1 1 1 1 9 1 |1 1 1 1 1 16 12 5 1 5 15 1 1 13 1 11 |
15832: 1 1 1 4 1 8 9 13 1 1 1 5 1 1 1 1 |1 1 8 1 1 1 1 1 1 1 4 13 2 1 11 1 |1 1 1 1 1 6 1 8 6 1 8 7 1 1 1 2 |1 1 1 4 1 1 1 1 1 7 1 1 1 6 1 10 |1 1 1 1 1 8 7 1 1 1 1 1 13 1 7 1 |1 1 2 1 6 11 1 1 1 1 12 1 7 2 1 1 |1 5 7 1 1 1 1 8 1 1 1 9 1 1 1 3 |7 6 8 9 1 3 3 14 1 1 4 1 1 4 3 9 |1 1 1 1 1 1 1 10 6 8 10 1 11 1 6 2 |1 1 5 1 1 3 6 10 1 14 1 6 1 10 1 1 |1 1 1 1 1 1 1 13 7 10 1 1 1 1 9 1 |1 1 1 1 1 16 12 5 1 5 15 1 1 13 1 11 |
15843: 1 1 1 4 1 8 9 13 1 1 1 5 1 1 1 1 |1 1 8 1 1 1 1 1 1 1 4 13 2 1 11 1 |1 1 1 1 1 6 1 8 6 1 8 7 1 1 1 2 |1 1 1 3 1 3 1 1 9 5 1 1 1 4 1 9 |1 8 1 1 2 9 7 1 1 1 1 1 11 1 13 7 |1 1 1 1 5 10 1 1 1 1 11 1 10 1 1 1 |1 6 8 1 1 1 8 1 1 1 1 11 1 5 1 1 |1 1 8 1 1 1 1 13 1 1 8 1 1 15 1 1 |1 6 1 1 2 8 9 11 1 1 1 1 10 1 1 1 |1 1 1 1 3 1 1 14 7 13 1 5 1 1 1 6 |1 1 1 15 1 1 1 14 1 1 11 4 1 1 9 1 |1 1 1 1 1 2 2 9 1 4 8 1 1 13 1 1 |
15854: 1 1 1 4 1 8 9 13 1 1 1 5 1 1 1 1 |1 1 8 1 1 1 1 1 1 1 4 13 2 1 11 1 |1 1 1 1 1 6 1 8 6 1 8 7 1 1 1 2 |1 1 1 3 1 3 1 1 9 5 1 1 1 4 1 9 |1 8 1 1 2 9 7 1 1 1 1 1 11 1 13 7 |1 1 1 1 5 10 1 1 1 1 11 1 10 1 1 1 |1 6 8 1 1 1 8 1 1 1 1 11 1 5 1 1 |1 1 8 1 1 1 1 13 1 1 8 1 1 15 1 1 |1 6 1 1 2 8 9 11 1 1 1 1 10 1 1 1 |1 1 1 1 3 1 1 14 7 13 1 5 1 1 1 6 |1 1 1 15 1 1 1 14 1 1 11 4 1 1 9 1 |1 1 1 1 1 2 2 9 1 4 8 1 1 13 1 1 |
15865: 1 1 1 7 8 7 1 13 1 1 1 8 1 3 6 1 |1 1 8 1 5 10 1 1 1 1 1 1 1 1 14 1 |1 1 6 1 3 2 1 7 5 1 8 8 1 1 1 2 |1 1 1 3 1 3 1 1 9 5 1 1 1 4 1 9 |1 8 1 1 2 9 7 1 1 1 1 1 11 1 13 7 |1 1 1 1 5 10 1 1 1 1 11 1 10 1 1 1 |1 6 8 1 1 1 8 1 1 1 1 11 1 5 1 1 |1 1 8 1 1 1 1 13 1 1 8 1 1 15 1 1 |1 6 1 1 2 8 9 11 1 1 1 1 10 1 1 1 |1 1 1 1 3 1 1 14 7 13 1 5 1 1 1 6 |1 1 1 15 1 1 1 14 1 1 11 4 1 1 9 1 |1 1 1 1 1 2 2 9 1 4 8 1 1 13 1 1 |
15875: 1 1 1 7 8 7 1 13 1 1 1 8 1 3 6 1 |1 1 8 1 5 10 1 1 1 1 1 1 1 1 14 1 |1 1 6 1 3 2 1 7 5 1 8 8 1 1 1 2 |1 1 1 3 1 2 6 1 1 1 1 1 1 6 1 11 |1 1 1 1 1 9 14 1 1 1 1 1 1 1 14 9 |1 1 1 1 1 11 1 6 1 1 11 1 10 1 3 1 |1 8 7 1 1 1 1 8 1 1 1 11 1 1 1 1 |1 1 6 14 1 1 12 13 1 1 10 1 1 15 1 10 |1 1 1 1 1 16 9 10 7 9 8 3 9 1 1 1 |1 1 1 1 4 2 1 13 8 7 1 5 1 7 1 6 |1 1 1 1 1 1 1 15 4 10 9 5 1 1 8 1 |1 1 1 1 1 4 1 1 1 1 17 1 1 13 1 1 |
15886: 1 1 1 7 8 7 1 13 1 1 1 8 1 3 6 1 |1 1 8 1 5 10 1 1 1 1 1 1 1 1 14 1 |1 1 6 1 3 2 1 7 5 1 8 8 1 1 1 2 |1 1 1 3 1 2 6 1 1 1 1 1 1 6 1 11 |1 1 1 1 1 9 14 1 1 1 1 1 1 1 14 9 |1 1 1 1 1 11 1 6 1 1 11 1 10 1 3 1 |1 8 7 1 1 1 1 8 1 1 1 11 1 1 1 1 |1 1 6 14 1 1 12 13 1 1 10 1 1 15 1 10 |1 1 1 1 1 16 9 10 7 9 8 3 9 1 1 1 |1 1 1 1 4 2 1 13 8 7 1 5 1 7 1 6 |1 1 1 1 1 1 1 15 4 10 9 5 1 1 8 1 |1 1 1 1 1 4 1 1 1 1 17 1 1 13 1 1 |
15896: 1 1 1 6 1 1 8 6 1 1 1 4 1 3 5 1 |1 1 4 1 7 7 1 1 1 1 1 1 1 1 13 1 |1 1 6 1 3 2 1 7 5 1 8 8 1 1 1 2 |1 1 1 3 1 2 6 1 1 1 1 1 1 6 1 11 |1 1 1 1 1 9 14 1 1 1 1 1 1 1 14 9 |1 1 1 1 1 11 1 6 1 1 11 1 10 1 3 1 |1 8 7 1 1 1 1 8 1 1 1 11 1 1 1 1 |1 1 6 14 1 1 12 13 1 1 10 1 1 15 1 10 |1 1 1 1 1 16 9 10 7 9 8 3 9 1 1 1 |1 1 1 1 4 2 1 13 8 7 1 5 1 7 1 6 |1 1 1 1 1 1 1 15 4 10 9 5 1 1 8 1 |1 1 1 1 1 4 1 1 1 1 17 1 1 13 1 1 |
15907: 1 1 1 6 1 1 8 6 1 1 1 4 1 3 5 1 |1 1 4 1 7 7 1 1 1 1 1 1 1 1 13 1 |1 1 8 1 1 7 1 8 1 1 1 9 1 1 1 2 |1 1 1 1 1 1 1 1 8 5 1 1 12 6 1 11 |1 1 1 1 6 7 1 1 1 1 1 1 11 1 10 8 |1 1 1 1 5 6 1 1 1 1 12 1 8 1 1 1 |1 4 7 1 1 1 1 8 1 1 1 11 1 1 1 8 |3 7 3 14 1 3 1 16 1 1 15 1 1 12 1 1 |1 1 1 1 14 1 1 11 3 1 1 1 10 1 2 1 |1 1 1 1 4 2 1 13 8 7 1 5 1 7 1 6 |1 1 1 1 1 1 1 15 4 10 9 5 1 1 8 1 |1 1 1 1 1 4 1 1 1 1 17 1 1 13 1 1 |
15917: 1 1 1 6 1 1 8 6 1 1 1 4 1 3 5 1 |1 1 4 1 7 7 1 1 1 1 1 1 1 1 13 1 |1 1 8 1 1 7 1 8 1 1 1 9 1 1 1 2 |1 1 1 1 1 1 1 1 8 5 1 1 12 6 1 11 |1 1 1 1 6 7 1 1 1 1 1 1 11 1 10 8 |1 1 1 1 5 6 1 1 1 1 12 1 8 1 1 1 |1 4 7 1 1 1 1 8 1 1 1 11 1 1 1 8 |3 7 3 14 1 3 1 16 1 1 15 1 1 12 1 1 |1 1 1 1 14 1 1 11 3 1 1 1 10 1 2 1 |2 1 1 1 3 1 1 15 6 9 1 5 1 1 1 8 |4 1 3 1 1 1 1 12 1 1 1 1 1 1 1 1 |1 1 1 1 3 12 4 1 1 4 15 1 1 12 1 4 |
15928: 1 1 1 6 1 1 8 6 1 1 1 4 1 3 5 1 |1 1 4 1 7 7 1 1 1 1 1 1 1 1 13 1 |1 1 8 1 1 7 1 8 1 1 1 9 1 1 1 2 |1 1 1 1 1 1 1 1 8 5 1 1 12 6 1 11 |1 1 1 1 6 7 1 1 1 1 1 1 11 1 10 8 |1 1 1 1 5 6 1 1 1 1 12 1 8 1 1 1 |1 4 7 1 1 1 1 8 1 1 1 11 1 1 1 8 |3 7 3 14 1 3 1 16 1 1 15 1 1 12 1 1 |1 1 1 1 14 1 1 11 3 1 1 1 10 1 2 1 |2 1 1 1 3 1 1 15 6 9 1 5 1 1 1 8 |4 1 3 1 1 1 1 12 1 1 1 1 1 1 1 1 |1 1 1 1 3 12 4 1 1 4 15 1 1 12 1 4 |
15939: 1 1 1 1 8 6 9 14 1 1 1 1 1 1 9 1 |1 1 1 1 1 1 1 1 1 1 11 10 1 2 12 1 |1 1 1 1 1 6 1 9 4 1 7 1 1 1 1 2 |1 1 1 1 1 5 1 1 7 6 1 1 1 5 1 10 |1 1 1 1 1 8 5 1 1 1 1 1 10 1 13 1 |1 1 2 1 3 13 1 1 1 1 13 1 8 1 2 1 |1 5 8 1 1 1 1 1 1 1 1 1 1 1 1 1 |1 1 1 1 1 1 1 12 1 1 13 1 1 13 1 1 |1 1 1 1 14 1 1 11 3 1 1 1 10 1 2 1 |2 1 1 1 3 1 1 15 6 9 1 5 1 1 1 8 |4 1 3 1 1 1 1 12 1 1 1 1 1 1 1 1 |1 1 1 1 3 12 4 1 1 4 15 1 1 12 1 4 |
15949: 1 1 1 1 8 6 9 14 1 1 1 1 1 1 9 1 |1 1 1 1 1 1 1 1 1 1 11 10 1 2 12 1 |1 1 1 1 1 6 1 9 4 1 7 1 1 1 1 2 |1 1 1 1 1 5 1 1 7 6 1 1 1 5 1 10 |1 1 1 1 1 8 5 1 1 1 1 1 10 1 13 1 |1 1 2 1 3 13 1 1 1 1 13 1 8 1 2 1 |1 5 8 1 1 1 1 1 1 1 1 1 1 1 1 1 |1 1 1 1 1 1 1 12 1 1 13 1 1 13 1 1 |1 1 1 1 11 16 10 4 1 8 5 1 11 1 7 4 |1 1 4 1 1 1 1 13 2 13 1 6 1 7 1 6 |1 1 1 5 1 1 1 14 6 4 12 5 1 1 8 1 |3 1 1 1 1 13 8 1 1 5 16 1 1 12 1 1 |
15960: 1 1 1 1 8 6 9 14 1 1 1 1 1 1 9 1 |1 1 1 1 1 1 1 1 1 1 11 10 1 2 12 1 |1 1 1 1 1 6 1 9 4 1 7 1 1 1 1 2 |1 1 1 1 1 5 1 1 7 6 1 1 1 5 1 10 |1 1 1 1 1 8 5 1 1 1 1 1 10 1 13 1 |1 1 2 1 3 13 1 1 1 1 13 1 8 1 2 1 |1 5 8 1 1 1 1 1 1 1 1 1 1 1 1 1 |1 1 1 1 1 1 1 12 1 1 13 1 1 13 1 1 |1 1 1 1 11 16 10 4 1 8 5 1 11 1 7 4 |1 1 4 1 1 1 1 13 2 13 1 6 1 7 1 6 |1 1 1 5 1 1 1 14 6 4 12 5 1 1 8 1 |3 1 1 1 1 13 8 1 1 5 16 1 1 12 1 1 |
15971: 1 1 1 9 7 6 6 13 1 1 1 5 1 1 2 2 |1 1 6 1 6 7 1 1 1 1 1 1 1 1 14 1 |1 1 7 1 2 9 13 7 5 1 2 1 1 1 1 1 |1 1 1 5 1 6 4 1 6 1 1 1 1 6 1 9 |1 1 1 1 4 8 13 1 1 1 1 1 10 1 11 6 |1 1 3 1 4 7 1 1 1 1 12 1 7 1 2 1 |1 1 1 1 6 1 1 8 1 6 1 12 1 1 1 1 |1 1 4 1 1 1 1 11 1 2 8 1 1 14 1 1 |1 1 1 1 11 16 10 4 1 8 5 1 11 1 7 4 |1 1 4 1 1 1 1 13 2 13 1 6 1 7 1 6 |1 1 1 5 1 1 1 14 6 4 12 5 1 1 8 1 |3 1 1 1 1 13 8 1 1 5 16 1 1 12 1 1 |
15982: 1 1 1 9 7 6 6 13 1 1 1 5 1 1 2 2 |1 1 6 1 6 7 1 1 1 1 1 1 1 1 14 1 |1 1 7 1 2 9 13 7 5 1 2 1 1 1 1 1 |1 1 1 5 1 6 4 1 6 1 1 1 1 6 1 9 |1 1 1 1 4 8 13 1 1 1 1 1 10 1 11 6 |1 1 3 1 4 7 1 1 1 1 12 1 7 1 2 1 |1 1 1 1 6 1 1 8 1 6 1 12 1 1 1 1 |1 1 4 1 1 1 1 11 1 2 8 1 1 14 1 1 |1 1 1 1 11 14 9 5 1 8 5 2 1 1 1 1 |1 1 5 1 1 1 1 14 1 14 1 7 1 8 1 7 |4 1 1 1 1 1 1 13 6 7 11 4 1 1 7 1 |1 6 1 1 1 14 6 1 1 1 4 1 1 12 1 12 |
15994: 1 1 1 9 7 6 6 13 1 1 1 5 1 1 2 2 |1 1 6 1 6 7 1 1 1 1 1 1 1 1 14 1 |1 1 7 1 2 9 13 7 5 1 2 1 1 1 1 1 |1 1 1 5 1 6 4 1 6 1 1 1 1 6 1 9 |1 1 1 1 4 8 13 1 1 1 1 1 10 1 11 6 |1 1 3 1 4 7 1 1 1 1 12 1 7 1 2 1 |1 1 1 1 6 1 1 8 1 6 1 12 1 1 1 1 |1 1 4 1 1 1 1 11 1 2 8 1 1 14 1 1 |1 1 1 1 11 14 9 5 1 8 5 2 1 1 1 1 |1 1 5 1 1 1 1 14 1 14 1 7 1 8 1 7 |4 1 1 1 1 1 1 13 6 7 11 4 1 1 7 1 |1 6 1 1 1 14 6 1 1 1 4 1 1 12 1 12 |
16004: 1 1 1 3 12 6 7 13 1 1 1 3 1 2 2 1 |1 1 1 1 3 10 1 1 1 1 4 13 1 1 12 1 |1 1 8 1 1 6 2 2 8 1 1 6 1 1 1 1 |1 1 1 1 1 1 1 1 8 7 1 1 1 6 1 10 |1 1 1 1 1 10 8 1 1 1 1 1 10 1 6 13 |1 1 2 1 4 1 1 4 1 1 13 1 10 1 1 1 |1 4 8 5 1 1 1 9 1 1 1 11 1 1 1 7 |1 1 1 15 1 4 4 14 1 1 1 1 2 14 1 1 |1 1 1 1 11 16 9 9 7 1 1 1 1 1 8 5 |1 1 5 1 1 1 1 14 1 14 1 7 1 8 1 7 |4 1 1 1 1 1 1 13 6 7 11 4 1 1 7 1 |1 6 1 1 1 14 6 1 1 1 4 1 1 12 1 12 |
16015: 1 1 1 3 12 6 7 13 1 1 1 3 1 2 2 1 |1 1 1 1 3 10 1 1 1 1 4 13 1 1 12 1 |1 1 8 1 1 6 2 2 8 1 1 6 1 1 1 1 |1 1 1 1 1 1 1 1 8 7 1 1 1 6 1 10 |1 1 1 1 1 10 8 1 1 1 1 1 10 1 6 13 |1 1 2 1 4 1 1 4 1 1 13 1 10 1 1 1 |1 4 8 5 1 1 1 9 1 1 1 11 1 1 1 7 |1 1 1 15 1 4 4 14 1 1 1 1 2 14 1 1 |1 1 1 1 11 16 9 9 7 1 1 1 1 1 8 5 |1 1 1 1 1 1 1 14 1 12 1 6 1 4 1 9 |1 1 1 10 1 1 1 16 3 10 12 3 1 1 9 1 |1 6 1 1 1 3 1 5 1 1 17 1 1 12 1 4 |
16026: 1 1 1 3 12 6 7 13 1 1 1 3 1 2 2 1 |1 1 1 1 3 10 1 1 1 1 4 13 1 1 12 1 |1 1 8 1 1 6 2 2 8 1 1 6 1 1 1 1 |1 1 1 1 1 1 1 1 8 7 1 1 1 6 1 10 |1 1 1 1 1 10 8 1 1 1 1 1 10 1 6 13 |1 1 2 1 4 1 1 4 1 1 13 1 10 1 1 1 |1 4 8 5 1 1 1 9 1 1 1 11 1 1 1 7 |1 1 1 15 1 4 4 14 1 1 1 1 2 14 1 1 |1 1 1 1 11 16 9 9 7 1 1 1 1 1 8 5 |1 1 1 1 1 1 1 14 1 12 1 6 1 4 1 9 |1 1 1 10 1 1 1 16 3 10 12 3 1 1 9 1 |1 6 1 1 1 3 1 5 1 1 17 1 1 12 1 4 |
16036: 1 1 1 4 8 7 1 13 1 2 1 4 1 1 8 1 |1 1 1 1 1 9 1 1 1 1 1 11 1 1 12 1 |1 1 4 1 1 6 14 8 4 1 3 5 1 1 1 1 |1 1 1 3 1 5 12 1 6 8 1 1 1 9 1 10 |1 1 1 1 3 10 10 1 1 1 1 1 11 1 15 10 |1 1 2 1 1 11 1 1 1 1 12 1 7 1 2 1 |1 4 8 1 1 1 1 1 1 1 1 11 1 1 1 1 |1 1 1 15 1 4 4 14 1 1 1 1 2 14 1 1 |1 1 1 1 11 16 9 9 7 1 1 1 1 1 8 5 |1 1 1 1 1 1 1 14 1 12 1 6 1 4 1 9 |1 1 1 10 1 1 1 16 3 10 12 3 1 1 9 1 |1 6 1 1 1 3 1 5 1 1 17 1 1 12 1 4 |
16048: 1 1 1 4 8 7 1 13 1 2 1 4 1 1 8 1 |1 1 1 1 1 9 1 1 1 1 1 11 1 1 12 1 |1 1 4 1 1 6 14 8 4 1 3 5 1 1 1 1 |1 1 1 3 1 5 12 1 6 8 1 1 1 9 1 10 |1 1 1 1 3 10 10 1 1 1 1 1 11 1 15 10 |1 1 2 1 1 11 1 1 1 1 12 1 7 1 2 1 |1 4 8 1 1 1 1 1 1 1 1 11 1 1 1 1 |6 1 10 14 1 3 2 14 1 1 15 1 1 11 1 7 |1 1 1 1 12 14 9 10 4 1 1 1 1 2 5 4 |1 1 5 1 1 15 1 11 9 14 1 7 1 1 1 5 |6 1 1 1 1 1 1 15 6 4 9 1 1 3 1 1 |1 3 1 3 1 17 11 15 1 4 9 1 1 10 1 11 |
16059: 1 1 1 4 8 7 1 13 1 2 1 4 1 1 8 1 |1 1 1 1 1 9 1 1 1 1 1 11 1 1 12 1 |1 1 4 1 1 6 14 8 4 1 3 5 1 1 1 1 |1 1 1 3 1 5 12 1 6 8 1 1 1 9 1 10 |1 1 1 1 3 10 10 1 1 1 1 1 11 1 15 10 |1 1 2 1 1 11 1 1 1 1 12 1 7 1 2 1 |1 4 8 1 1 1 1 1 1 1 1 11 1 1 1 1 |6 1 10 14 1 3 2 14 1 1 15 1 1 11 1 7 |1 1 1 1 12 14 9 10 4 1 1 1 1 2 5 4 |1 1 5 1 1 15 1 11 9 14 1 7 1 1 1 5 |6 1 1 1 1 1 1 15 6 4 9 1 1 3 1 1 |1 3 1 3 1 17 11 15 1 4 9 1 1 10 1 11 |
16070: 1 1 1 8 5 6 6 1 1 3 1 4 1 3 6 1 |1 1 3 1 4 10 1 1 1 1 1 11 1 1 11 1 |1 1 7 1 1 7 3 6 1 1 8 1 1 1 1 1 |1 1 1 4 1 1 1 1 5 6 1 1 1 6 1 11 |1 1 1 1 7 1 5 1 1 1 1 1 9 1 15 1 |1 1 1 1 4 10 1 5 1 1 12 1 7 1 1 1 |1 1 12 1 1 1 1 7 1 5 1 11 1 1 2 1 |6 1 10 14 1 3 2 14 1 1 15 1 1 11 1 7 |1 1 1 1 12 14 9 10 4 1 1 1 1 2 5 4 |1 1 5 1 1 15 1 11 9 14 1 7 1 1 1 5 |6 1 1 1 1 1 1 15 6 4 9 1 1 3 1 1 |1 3 1 3 1 17 11 15 1 4 9 1 1 10 1 11 |
16081: 1 1 1 8 5 6 6 1 1 3 1 4 1 3 6 1 |1 1 3 1 4 10 1 1 1 1 1 11 1 1 11 1 |1 1 7 1 1 7 3 6 1 1 8 1 1 1 1 1 |1 1 1 4 1 1 1 1 5 6 1 1 1 6 1 11 |1 1 1 1 7 1 5 1 1 1 1 1 9 1 15 1 |1 1 1 1 4 10 1 5 1 1 12 1 7 1 1 1 |1 1 12 1 1 1 1 7 1 5 1 11 1 1 2 1 |1 1 8 7 1 1 7 10 1 1 15 1 1 13 1 8 |1 1 1 1 1 15 4 11 1 10 4 1 11 1 10 7 |1 1 5 1 1 1 5 10 1 13 1 5 1 8 1 1 |7 1 4 1 1 1 1 13 6 4 9 3 1 1 9 1 |1 1 1 1 1 15 7 1 1 4 14 1 1 5 1 1 |
16093: 1 1 1 8 5 6 6 1 1 3 1 4 1 3 6 1 |1 1 3 1 4 10 1 1 1 1 1 11 1 1 11 1 |1 1 7 1 1 7 3 6 1 1 8 1 1 1 1 1 |1 1 1 4 1 1 1 1 5 6 1 1 1 6 1 11 |1 1 1 1 7 1 5 1 1 1 1 1 9 1 15 1 |1 1 1 1 4 10 1 5 1 1 12 1 7 1 1 1 |1 1 12 1 1 1 1 7 1 5 1 11 1 1 2 1 |1 1 8 7 1 1 7 10 1 1 15 1 1 13 1 8 |1 1 1 1 1 15 4 11 1 10 4 1 11 1 10 7 |1 1 5 1 1 1 5 10 1 13 1 5 1 8 1 1 |7 1 4 1 1 1 1 13 6 4 9 3 1 1 9 1 |1 1 1 1 1 15 7 1 1 4 14 1 1 5 1 1 |
16104: 1 1 1 9 4 7 9 10 1 1 1 5 1 1 2 1 |1 1 3 1 1 1 1 1 1 1 1 9 1 3 12 1 |1 1 1 1 1 8 1 9 6 1 1 10 1 1 1 1 |1 1 1 1 1 1 1 1 7 7 1 1 1 6 1 10 |1 15 1 1 5 6 7 1 1 1 1 1 13 1 14 5 |1 1 2 1 6 1 1 1 1 1 11 1 7 1 1 1 |1 6 8 7 1 1 1 1 1 1 10 7 1 1 1 1 |1 1 10 5 1 1 2 15 1 1 15 1 1 12 1 1 |1 1 1 1 12 17 11 6 1 1 1 1 1 1 1 1 |1 1 1 1 3 1 1 13 1 13 1 6 1 3 1 1 |7 1 4 1 1 1 1 13 6 4 9 3 1 1 9 1 |1 1 1 1 1 15 7 1 1 4 14 1 1 5 1 1 |
16116: 1 1 1 9 4 7 9 10 1 1 1 5 1 1 2 1 |1 1 3 1 1 1 1 1 1 1 1 9 1 3 12 1 |1 1 1 1 1 8 1 9 6 1 1 10 1 1 1 1 |1 1 1 1 1 1 1 1 7 7 1 1 1 6 1 10 |1 15 1 1 5 6 7 1 1 1 1 1 13 1 14 5 |1 1 2 1 6 1 1 1 1 1 11 1 7 1 1 1 |1 6 8 7 1 1 1 1 1 1 10 7 1 1 1 1 |1 1 10 5 1 1 2 15 1 1 15 1 1 12 1 1 |1 1 1 1 12 17 11 6 1 1 1 1 1 1 1 1 |1 1 1 1 3 1 1 13 1 13 1 6 1 3 1 1 |4 1 1 1 1 1 1 16 4 4 11 3 1 1 7 1 |1 9 1 8 1 18 6 3 1 2 17 1 1 12 1 1 |
16126: 1 1 1 9 4 7 9 10 1 1 1 5 1 1 2 1 |1 1 3 1 1 1 1 1 1 1 1 9 1 3 12 1 |1 1 1 1 1 8 1 9 6 1 1 10 1 1 1 1 |1 1 1 1 1 1 1 1 7 7 1 1 1 6 1 10 |1 15 1 1 5 6 7 1 1 1 1 1 13 1 14 5 |1 1 2 1 6 1 1 1 1 1 11 1 7 1 1 1 |1 6 8 7 1 1 1 1 1 1 10 7 1 1 1 1 |1 1 10 5 1 1 2 15 1 1 15 1 1 12 1 1 |1 1 1 1 12 17 11 6 1 1 1 1 1 1 1 1 |1 1 1 1 3 1 1 13 1 13 1 6 1 3 1 1 |4 1 1 1 1 1 1 16 4 4 11 3 1 1 7 1 |1 9 1 8 1 18 6 3 1 2 17 1 1 12 1 1 |
16137: 1 1 1 9 6 6 1 1 1 4 1 1 1 1 7 1 |1 1 8 1 1 2 1 1 1 1 1 11 1 1 7 1 |1 1 9 1 1 7 1 1 8 1 1 8 1 1 1 1 |1 1 1 2 1 1 1 1 6 8 1 1 1 7 1 12 |1 1 1 1 1 10 3 1 1 1 1 1 10 1 12 1 |1 1 1 1 6 12 1 1 1 1 14 1 1 1 1 1 |1 4 9 1 7 1 1 1 1 1 1 11 1 1 1 1 |7 1 1 4 1 1 9 9 1 1 3 1 6 14 1 1 |1 1 1 1 12 17 11 6 1 1 1 1 1 1 1 1 |1 1 1 1 3 1 1 13 1 13 1 6 1 3 1 1 |4 1 1 1 1 1 1 16 4 4 11 3 1 1 7 1 |1 9 1 8 1 18 6 3 1 2 17 1 1 12 1 1 |
16148: 1 1 1 9 6 6 1 1 1 4 1 1 1 1 7 1 |1 1 8 1 1 2 1 1 1 1 1 11 1 1 7 1 |1 1 9 1 1 7 1 1 8 1 1 8 1 1 1 1 |1 1 1 2 1 1 1 1 6 8 1 1 1 7 1 12 |1 1 1 1 1 10 3 1 1 1 1 1 10 1 12 1 |1 1 1 1 6 12 1 1 1 1 14 1 1 1 1 1 |1 4 9 1 7 1 1 1 1 1 1 11 1 1 1 1 |7 1 1 4 1 1 9 9 1 1 3 1 6 14 1 1 |4 1 1 1 13 13 7 5 1 1 1 3 12 1 8 7 |2 1 1 1 1 14 1 14 1 7 1 7 1 1 1 1 |1 1 1 1 1 1 1 13 1 1 11 1 1 1 9 1 |1 5 1 1 1 15 6 2 1 1 10 2 1 4 1 4 |
16159: 1 1 1 9 6 6 1 1 1 4 1 1 1 1 7 1 |1 1 8 1 1 2 1 1 1 1 1 11 1 1 7 1 |1 1 9 1 1 7 1 1 8 1 1 8 1 1 1 1 |1 1 1 2 1 1 1 1 6 8 1 1 1 7 1 12 |1 1 1 1 1 10 3 1 1 1 1 1 10 1 12 1 |1 1 1 1 6 12 1 1 1 1 14 1 1 1 1 1 |1 4 9 1 7 1 1 1 1 1 1 11 1 1 1 1 |7 1 1 4 1 1 9 9 1 1 3 1 6 14 1 1 |4 1 1 1 13 13 7 5 1 1 1 3 12 1 8 7 |2 1 1 1 1 14 1 14 1 7 1 7 1 1 1 1 |1 1 1 1 1 1 1 13 1 1 11 1 1 1 9 1 |1 5 1 1 1 15 6 2 1 1 10 2 1 4 1 4 |
16170: 1 1 1 8 6 1 9 8 1 1 1 6 1 1 7 1 |1 1 8 1 7 1 1 1 1 1 1 10 2 3 12 1 |1 1 7 1 1 3 13 6 5 1 1 6 1 1 1 1 |1 1 1 4 1 5 7 1 8 7 1 1 1 6 1 9 |1 1 1 1 1 1 9 1 1 1 1 1 10 1 12 7 |1 1 1 1 6 10 1 4 1 1 13 1 9 1 1 1 |1 10 8 1 1 1 1 10 1 1 1 11 1 1 1 1 |7 1 1 4 1 1 9 9 1 1 3 1 6 14 1 1 |4 1 1 1 13 13 7 5 1 1 1 3 12 1 8 7 |2 1 1 1 1 14 1 14 1 7 1 7 1 1 1 1 |1 1 1 1 1 1 1 13 1 1 11 1 1 1 9 1 |1 5 1 1 1 15 6 2 1 1 10 2 1 4 1 4 |
16181: 1 1 1 8 6 1 9 8 1 1 1 6 1 1 7 1 |1 1 8 1 7 1 1 1 1 1 1 10 2 3 12 1 |1 1 7 1 1 3 13 6 5 1 1 6 1 1 1 1 |1 1 1 4 1 5 7 1 8 7 1 1 1 6 1 9 |1 1 1 1 1 1 9 1 1 1 1 1 10 1 12 7 |1 1 1 1 6 10 1 4 1 1 13 1 9 1 1 1 |1 10 8 1 1 1 1 10 1 1 1 11 1 1 1 1 |1 1 4 14 1 10 7 12 1 1 15 1 1 10 1 1 |1 1 1 1 14 13 7 5 1 1 1 1 1 1 5 5 |4 1 5 1 3 1 1 16 1 14 1 3 1 1 2 1 |1 1 1 1 1 1 1 14 6 3 1 8 1 1 1 1 |1 1 2 3 1 1 3 2 1 3 11 1 2 11 1 17 |
16192: 1 1 1 8 6 1 9 8 1 1 1 6 1 1 7 1 |1 1 8 1 7 1 1 1 1 1 1 10 2 3 12 1 |1 1 7 1 1 3 13 6 5 1 1 6 1 1 1 1 |1 1 1 4 1 5 7 1 8 7 1 1 1 6 1 9 |1 1 1 1 1 1 9 1 1 1 1 1 10 1 12 7 |1 1 1 1 6 10 1 4 1 1 13 1 9 1 1 1 |1 10 8 1 1 1 1 10 1 1 1 11 1 1 1 1 |1 1 4 14 1 10 7 12 1 1 15 1 1 10 1 1 |1 1 1 1 14 13 7 5 1 1 1 1 1 1 5 5 |4 1 5 1 3 1 1 16 1 14 1 3 1 1 2 1 |1 1 1 1 1 1 1 14 6 3 1 8 1 1 1 1 |1 1 2 3 1 1 3 2 1 3 11 1 2 11 1 17 |
16203: 1 1 1 1 1 6 7 6 1 1 1 1 1 3 6 1 |1 1 1 1 6 4 1 1 1 1 1 10 1 1 12 1 |1 1 7 1 1 1 14 2 6 1 1 6 1 1 1 1 |1 1 1 1 1 1 1 1 2 6 1 1 1 6 1 11 |1 4 1 1 6 8 6 1 1 1 1 1 12 1 5 2 |1 1 1 1 5 1 1 1 1 1 13 1 8 1 2 1 |1 5 8 12 6 1 1 9 1 1 1 10 1 1 1 1 |1 1 4 14 1 10 7 12 1 1 15 1 1 10 1 1 |1 1 1 1 14 13 7 5 1 1 1 1 1 1 5 5 |4 1 5 1 3 1 1 16 1 14 1 3 1 1 2 1 |1 1 1 1 1 1 1 14 6 3 1 8 1 1 1 1 |1 1 2 3 1 1 3 2 1 3 11 1 2 11 1 17 |
16215: 1 1 1 1 1 6 7 6 1 1 1 1 1 3 6 1 |1 1 1 1 6 4 1 1 1 1 1 10 1 1 12 1 |1 1 7 1 1 1 14 2 6 1 1 6 1 1 1 1 |1 1 1 1 1 1 1 1 2 6 1 1 1 6 1 11 |1 4 1 1 6 8 6 1 1 1 1 1 12 1 5 2 |1 1 1 1 5 1 1 1 1 1 13 1 8 1 2 1 |1 5 8 12 6 1 1 9 1 1 1 10 1 1 1 1 |4 1 4 16 1 4 4 14 1 1 10 1 1 14 1 9 |1 1 1 1 1 20 6 1 1 7 10 1 3 1 1 1 |1 1 1 1 1 1 1 13 8 14 1 6 1 10 1 9 |1 1 2 1 1 1 1 18 1 2 1 1 1 1 9 1 |1 1 1 1 1 1 3 1 1 3 16 1 1 12 1 1 |
16226: 1 1 1 1 1 6 7 6 1 1 1 1 1 3 6 1 |1 1 1 1 6 4 1 1 1 1 1 10 1 1 12 1 |1 1 7 1 1 1 14 2 6 1 1 6 1 1 1 1 |1 1 1 1 1 1 1 1 2 6 1 1 1 6 1 11 |1 4 1 1 6 8 6 1 1 1 1 1 12 1 5 2 |1 1 1 1 5 1 1 1 1 1 13 1 8 1 2 1 |1 5 8 12 6 1 1 9 1 1 1 10 1 1 1 1 |4 1 4 16 1 4 4 14 1 1 10 1 1 14 1 9 |1 1 1 1 1 20 6 1 1 7 10 1 3 1 1 1 |1 1 1 1 1 1 1 13 8 14 1 6 1 10 1 9 |1 1 2 1 1 1 1 18 1 2 1 1 1 1 9 1 |1 1 1 1 1 1 3 1 1 3 16 1 1 12 1 1 |
16257: 1 1 1 1 1 1 10 7 1 6 1 5 1 1 6 1 |2 1 8 1 6 9 1 1 1 1 2 1 8 1 14 1 |1 1 7 1 1 1 14 2 6 1 1 6 1 1 1 1 |1 1 1 1 1 1 1 1 2 6 1 1 1 6 1 11 |1 4 1 1 6 8 6 1 1 1 1 1 12 1 5 2 |1 1 1 1 5 1 1 1 1 1 13 1 8 1 2 1 |1 5 8 12 6 1 1 9 1 1 1 10 1 1 1 1 |4 1 4 16 1 4 4 14 1 1 10 1 1 14 1 9 |1 1 1 1 1 20 6 1 1 7 10 1 3 1 1 1 |1 1 1 1 1 1 1 13 8 14 1 6 1 10 1 9 |1 1 2 1 1 1 1 18 1 2 1 1 1 1 9 1 |1 1 1 1 1 1 3 1 1 3 16 1 1 12 1 1 |
16269: 1 1 1 1 1 1 10 7 1 6 1 5 1 1 6 1 |2 1 8 1 6 9 1 1 1 1 2 1 8 1 14 1 |1 1 8 1 1 10 13 9 7 1 1 1 1 1 1 1 |1 1 1 3 1 1 8 1 9 2 1 1 9 8 1 14 |1 1 1 1 5 8 8 1 1 1 1 1 11 1 11 13 |1 1 1 1 5 8 1 7 1 1 3 1 10 3 1 1 |1 10 9 1 1 1 1 10 1 1 1 11 1 1 1 1 |1 1 3 1 1 1 3 3 1 2 14 1 1 11 1 1 |1 1 1 1 15 13 4 1 2 1 1 1 2 1 1 1 |1 1 1 1 1 1 1 13 8 14 1 6 1 10 1 9 |1 1 2 1 1 1 1 18 1 2 1 1 1 1 9 1 |1 1 1 1 1 1 3 1 1 3 16 1 1 12 1 1 |
16279: 1 1 1 1 1 1 10 7 1 6 1 5 1 1 6 1 |2 1 8 1 6 9 1 1 1 1 2 1 8 1 14 1 |1 1 8 1 1 10 13 9 7 1 1 1 1 1 1 1 |1 1 1 3 1 1 8 1 9 2 1 1 9 8 1 14 |1 1 1 1 5 8 8 1 1 1 1 1 11 1 11 13 |1 1 1 1 5 8 1 7 1 1 3 1 10 3 1 1 |1 10 9 1 1 1 1 10 1 1 1 11 1 1 1 1 |1 1 3 1 1 1 3 3 1 2 14 1 1 11 1 1 |1 1 1 1 15 13 4 1 2 1 1 1 2 1 1 1 |1 1 4 1 1 1 1 2 1 1 1 1 1 9 1 1 |1 1 1 13 1 1 1 14 1 1 1 2 1 1 1 1 |1 1 1 1 1 16 12 2 1 4 14 2 1 1 1 1 |
16290: 1 1 1 1 1 1 10 7 1 6 1 5 1 1 6 1 |2 1 8 1 6 9 1 1 1 1 2 1 8 1 14 1 |1 1 8 1 1 10 13 9 7 1 1 1 1 1 1 1 |1 1 1 3 1 1 8 1 9 2 1 1 9 8 1 14 |1 1 1 1 5 8 8 1 1 1 1 1 11 1 11 13 |1 1 1 1 5 8 1 7 1 1 3 1 10 3 1 1 |1 10 9 1 1 1 1 10 1 1 1 11 1 1 1 1 |1 1 3 1 1 1 3 3 1 2 14 1 1 11 1 1 |1 1 1 1 15 13 4 1 2 1 1 1 2 1 1 1 |1 1 4 1 1 1 1 2 1 1 1 1 1 9 1 1 |1 1 1 13 1 1 1 14 1 1 1 2 1 1 1 1 |1 1 1 1 1 16 12 2 1 4 14 2 1 1 1 1 |
16301: 1 5 1 7 8 6 6 7 1 1 1 5 1 1 2 1 |1 1 9 1 6 1 1 1 1 1 1 12 1 1 12 1 |1 1 1 1 1 7 12 10 8 1 9 1 1 1 1 2 |1 1 1 4 1 4 9 1 5 6 1 1 1 5 1 11 |1 1 1 1 1 3 8 1 1 1 1 1 12 1 11 15 |1 1 1 1 1 9 1 2 1 1 14 1 11 1 1 1 |1 11 9 1 1 1 1 13 1 1 1 13 1 3 2 1 |1 1 3 1 1 1 3 3 1 2 14 1 1 11 1 1 |1 1 1 1 15 13 4 1 2 1 1 1 2 1 1 1 |1 1 4 1 1 1 1 2 1 1 1 1 1 9 1 1 |1 1 1 13 1 1 1 14 1 1 1 2 1 1 1 1 |1 1 1 1 1 16 12 2 1 4 14 2 1 1 1 1 |
16312: 1 5 1 7 8 6 6 7 1 1 1 5 1 1 2 1 |1 1 9 1 6 1 1 1 1 1 1 12 1 1 12 1 |1 1 1 1 1 7 12 10 8 1 9 1 1 1 1 2 |1 1 1 4 1 4 9 1 5 6 1 1 1 5 1 11 |1 1 1 1 1 3 8 1 1 1 1 1 12 1 11 15 |1 1 1 1 1 9 1 2 1 1 14 1 11 1 1 1 |1 11 9 1 1 1 1 13 1 1 1 13 1 3 2 1 |1 1 7 8 1 1 1 6 1 1 4 1 1 1 1 11 |1 1 1 1 10 13 5 11 1 10 10 1 11 1 10 10 |1 1 4 1 3 1 1 8 1 16 1 6 1 7 1 6 |7 1 2 1 1 1 1 14 5 9 9 5 1 1 8 1 |1 1 1 1 1 17 7 1 1 4 16 1 1 4 1 1 |
16324: 1 1 1 1 1 7 1 9 1 1 1 6 1 2 1 1 |1 1 9 1 6 1 1 1 1 1 1 12 1 1 12 1 |1 1 1 1 1 7 12 10 8 1 9 1 1 1 1 2 |1 1 1 4 1 4 9 1 5 6 1 1 1 5 1 11 |1 1 1 1 1 3 8 1 1 1 1 1 12 1 11 15 |1 1 1 1 1 9 1 2 1 1 14 1 11 1 1 1 |1 11 9 1 1 1 1 13 1 1 1 13 1 3 2 1 |1 1 7 8 1 1 1 6 1 1 4 1 1 1 1 11 |1 1 1 1 10 13 5 11 1 10 10 1 11 1 10 10 |1 1 4 1 3 1 1 8 1 16 1 6 1 7 1 6 |7 1 2 1 1 1 1 14 5 9 9 5 1 1 8 1 |1 1 1 1 1 17 7 1 1 4 16 1 1 4 1 1 |
16335: 1 1 1 1 1 7 1 9 1 1 1 6 1 2 1 1 |1 1 1 1 1 1 1 1 1 1 5 11 9 1 11 1 |1 1 9 1 1 1 5 6 5 1 1 1 1 1 1 1 |1 1 1 1 1 5 1 1 7 5 1 1 1 5 1 12 |1 1 1 1 7 5 8 1 1 1 1 1 13 1 11 7 |1 1 1 1 2 18 1 4 1 1 13 1 10 1 1 1 |1 5 6 1 1 1 1 9 1 4 1 11 1 1 1 2 |1 1 9 6 1 1 1 12 1 1 15 1 1 13 1 1 |1 1 1 1 1 13 9 4 1 10 9 1 1 1 2 5 |1 1 1 1 1 1 1 14 7 7 1 4 1 5 1 9 |7 1 2 1 1 1 1 14 5 9 9 5 1 1 8 1 |1 1 1 1 1 17 7 1 1 4 16 1 1 4 1 1 |
16346: 1 1 1 1 1 7 1 9 1 1 1 6 1 2 1 1 |1 1 1 1 1 1 1 1 1 1 5 11 9 1 11 1 |1 1 9 1 1 1 5 6 5 1 1 1 1 1 1 1 |1 1 1 1 1 5 1 1 7 5 1 1 1 5 1 12 |1 1 1 1 7 5 8 1 1 1 1 1 13 1 11 7 |1 1 1 1 2 18 1 4 1 1 13 1 10 1 1 1 |1 5 6 1 1 1 1 9 1 4 1 11 1 1 1 2 |1 1 9 6 1 1 1 12 1 1 15 1 1 13 1 1 |1 1 1 1 1 13 9 4 1 10 9 1 1 1 2 5 |1 1 1 1 1 1 1 14 7 7 1 4 1 5 1 9 |8 1 1 9 1 1 1 15 5 4 10 4 1 1 9 1 |1 1 1 1 1 15 9 1 1 6 8 1 1 12 1 1 |
16357: 1 1 1 1 1 7 1 9 1 1 1 6 1 2 1 1 |1 1 1 1 1 1 1 1 1 1 5 11 9 1 11 1 |1 1 9 1 1 1 5 6 5 1 1 1 1 1 1 1 |1 1 1 1 1 5 1 1 7 5 1 1 1 5 1 12 |1 1 1 1 7 5 8 1 1 1 1 1 13 1 11 7 |1 1 1 1 2 18 1 4 1 1 13 1 10 1 1 1 |1 5 6 1 1 1 1 9 1 4 1 11 1 1 1 2 |1 1 9 6 1 1 1 12 1 1 15 1 1 13 1 1 |1 1 1 1 1 13 9 4 1 10 9 1 1 1 2 5 |1 1 1 1 1 1 1 14 7 7 1 4 1 5 1 9 |8 1 1 9 1 1 1 15 5 4 10 4 1 1 9 1 |1 1 1 1 1 15 9 1 1 6 8 1 1 12 1 1 |
16368: 1 1 1 1 8 1 1 1 1 1 1 1 1 1 2 1 |1 1 3 1 6 4 1 1 1 1 1 10 1 1 12 1 |1 1 6 1 1 6 3 6 1 1 3 1 1 1 1 1 |1 1 1 1 1 1 1 1 2 7 1 1 12 7 1 10 |1 1 1 1 1 9 8 1 1 1 1 1 10 1 12 7 |1 1 3 1 4 12 1 9 1 1 13 1 9 1 1 1 |1 4 1 1 1 1 1 8 1 1 1 11 1 1 1 1 |1 1 16 1 1 1 9 8 1 2 15 1 1 13 1 10 |1 1 1 1 1 13 9 4 1 10 9 1 1 1 2 5 |1 1 1 1 1 1 1 14 7 7 1 4 1 5 1 9 |8 1 1 9 1 1 1 15 5 4 10 4 1 1 9 1 |1 1 1 1 1 15 9 1 1 6 8 1 1 12 1 1 |
16378: 1 1 1 1 8 1 1 1 1 1 1 1 1 1 2 1 |1 1 3 1 6 4 1 1 1 1 1 10 1 1 12 1 |1 1 6 1 1 6 3 6 1 1 3 1 1 1 1 1 |1 1 1 1 1 1 1 1 2 7 1 1 12 7 1 10 |1 1 1 1 1 9 8 1 1 1 1 1 10 1 12 7 |1 1 3 1 4 12 1 9 1 1 13 1 9 1 1 1 |1 4 1 1 1 1 1 8 1 1 1 11 1 1 1 1 |1 1 16 1 1 1 9 8 1 2 15 1 1 13 1 10 |1 1 1 1 12 14 1 5 1 7 6 1 12 1 7 3 |1 1 1 1 1 1 1 13 2 16 1 6 1 8 1 1 |1 1 1 1 1 1 1 1 6 5 1 1 1 1 1 1 |1 1 1 8 1 12 9 12 1 1 8 2 1 4 2 12 |
16389: 1 1 1 1 8 1 1 1 1 1 1 1 1 1 2 1 |1 1 3 1 6 4 1 1 1 1 1 10 1 1 12 1 |1 1 6 1 1 6 3 6 1 1 3 1 1 1 1 1 |1 1 1 1 1 1 1 1 2 7 1 1 12 7 1 10 |1 1 1 1 1 9 8 1 1 1 1 1 10 1 12 7 |1 1 3 1 4 12 1 9 1 1 13 1 9 1 1 1 |1 4 1 1 1 1 1 8 1 1 1 11 1 1 1 1 |1 1 16 1 1 1 9 8 1 2 15 1 1 13 1 10 |1 1 1 1 12 14 1 5 1 7 6 1 12 1 7 3 |1 1 1 1 1 1 1 13 2 16 1 6 1 8 1 1 |1 1 1 1 1 1 1 1 6 5 1 1 1 1 1 1 |1 1 1 8 1 12 9 12 1 1 8 2 1 4 2 12 |
16401: 1 1 1 7 7 1 1 13 1 3 1 1 1 2 6 1 |1 1 8 1 5 1 1 1 1 1 1 11 1 1 11 1 |1 1 5 1 1 10 12 6 4 1 7 7 1 1 1 1 |1 1 1 1 1 1 1 1 8 5 1 1 1 6 1 10 |1 1 1 1 2 17 10 1 1 1 1 1 11 1 13 7 |1 1 1 1 4 12 1 3 1 1 14 1 8 1 2 1 |1 4 1 1 1 1 1 8 1 1 1 11 1 1 1 1 |1 1 16 1 1 1 9 8 1 2 15 1 1 13 1 10 |1 1 1 1 12 14 1 5 1 7 6 1 12 1 7 3 |1 1 1 1 1 1 1 13 2 16 1 6 1 8 1 1 |1 1 1 1 1 1 1 1 6 5 1 1 1 1 1 1 |1 1 1 8 1 12 9 12 1 1 8 2 1 4 2 12 |
16412: 1 1 1 7 7 1 1 13 1 3 1 1 1 2 6 1 |1 1 8 1 5 1 1 1 1 1 1 11 1 1 11 1 |1 1 5 1 1 10 12 6 4 1 7 7 1 1 1 1 |1 1 1 1 1 1 1 1 8 5 1 1 1 6 1 10 |1 1 1 1 2 17 10 1 1 1 1 1 11 1 13 7 |1 1 1 1 4 12 1 3 1 1 14 1 8 1 2 1 |1 3 7 1 1 1 1 10 1 1 9 3 1 1 1 1 |1 1 1 13 1 1 1 12 1 1 14 1 1 16 1 8 |1 1 1 1 2 18 2 1 2 8 3 1 11 1 1 1 |1 1 1 1 3 3 1 5 4 14 1 6 1 5 1 8 |8 1 3 1 18 1 1 14 5 4 10 9 1 1 1 1 |1 1 1 1 1 14 7 1 1 3 15 1 1 11 1 1 |
16422: 1 1 1 7 7 1 1 13 1 3 1 1 1 2 6 1 |1 1 8 1 5 1 1 1 1 1 1 11 1 1 11 1 |1 1 5 1 1 10 12 6 4 1 7 7 1 1 1 1 |1 1 1 1 1 1 1 1 8 5 1 1 1 6 1 10 |1 1 1 1 2 17 10 1 1 1 1 1 11 1 13 7 |1 1 1 1 4 12 1 3 1 1 14 1 8 1 2 1 |1 3 7 1 1 1 1 10 1 1 9 3 1 1 1 1 |1 1 1 13 1 1 1 12 1 1 14 1 1 16 1 8 |1 1 1 1 2 18 2 1 2 8 3 1 11 1 1 1 |1 1 1 1 3 3 1 5 4 14 1 6 1 5 1 8 |8 1 3 1 18 1 1 14 5 4 10 9 1 1 1 1 |1 1 1 1 1 14 7 1 1 3 15 1 1 11 1 1 |
16433: 1 1 1 1 9 6 7 12 1 1 1 1 1 2 8 1 |1 1 1 1 4 1 1 1 1 1 1 1 1 4 12 1 |1 1 6 1 1 1 13 5 4 1 9 5 1 1 1 1 |1 1 1 1 1 5 6 1 6 7 1 1 12 8 1 10 |1 1 1 1 1 10 7 1 1 1 1 1 11 1 10 8 |1 1 2 1 1 21 1 1 1 1 13 1 9 1 1 1 |1 8 9 1 1 2 1 10 1 1 1 10 1 1 1 1 |1 1 1 13 1 1 1 12 1 1 14 1 1 16 1 8 |1 1 1 1 2 18 2 1 2 8 3 1 11 1 1 1 |1 1 1 1 3 3 1 5 4 14 1 6 1 5 1 8 |8 1 3 1 18 1 1 14 5 4 10 9 1 1 1 1 |1 1 1 1 1 14 7 1 1 3 15 1 1 11 1 1 |
16444: 1 1 1 1 9 6 7 12 1 1 1 1 1 2 8 1 |1 1 1 1 4 1 1 1 1 1 1 1 1 4 12 1 |1 1 6 1 1 1 13 5 4 1 9 5 1 1 1 1 |1 1 1 1 1 5 6 1 6 7 1 1 12 8 1 10 |1 1 1 1 1 10 7 1 1 1 1 1 11 1 10 8 |1 1 2 1 1 21 1 1 1 1 13 1 9 1 1 1 |1 8 9 1 1 2 1 10 1 1 1 10 1 1 1 1 |1 1 1 13 1 5 2 8 1 1 5 1 1 6 1 1 |1 1 1 1 2 1 11 5 1 1 1 2 1 1 7 2 |1 1 5 1 3 3 1 12 7 6 1 6 1 1 1 1 |1 1 1 1 1 1 1 14 6 5 1 2 1 1 1 1 |1 5 1 1 2 14 7 1 1 4 16 1 1 12 1 14 |
16455: 1 1 1 1 9 6 7 12 1 1 1 1 1 2 8 1 |1 1 1 1 4 1 1 1 1 1 1 1 1 4 12 1 |1 1 6 1 1 1 13 5 4 1 9 5 1 1 1 1 |1 1 1 1 1 5 6 1 6 7 1 1 12 8 1 10 |1 1 1 1 1 10 7 1 1 1 1 1 11 1 10 8 |1 1 2 1 1 21 1 1 1 1 13 1 9 1 1 1 |1 8 9 1 1 2 1 10 1 1 1 10 1 1 1 1 |1 1 1 13 1 5 2 8 1 1 5 1 1 6 1 1 |1 1 1 1 2 1 11 5 1 1 1 2 1 1 7 2 |1 1 5 1 3 3 1 12 7 6 1 6 1 1 1 1 |1 1 1 1 1 1 1 14 6 5 1 2 1 1 1 1 |1 5 1 1 2 14 7 1 1 4 16 1 1 12 1 14 |
16465: 1 1 1 2 8 1 10 11 1 1 1 4 1 1 3 1 |1 1 1 1 6 1 1 1 1 1 1 9 1 2 1 1 |1 1 1 1 1 8 1 6 5 1 2 9 1 1 1 1 |1 1 1 2 1 10 8 1 8 5 1 1 11 7 1 9 |1 1 1 1 5 9 8 1 1 1 1 1 13 1 12 11 |1 1 2 1 1 21 1 1 1 1 13 1 9 1 1 1 |1 8 9 1 1 2 1 10 1 1 1 10 1 1 1 1 |1 1 1 13 1 5 2 8 1 1 5 1 1 6 1 1 |1 1 1 1 2 1 11 5 1 1 1 2 1 1 7 2 |1 1 5 1 3 3 1 12 7 6 1 6 1 1 1 1 |1 1 1 1 1 1 1 14 6 5 1 2 1 1 1 1 |1 5 1 1 2 14 7 1 1 4 16 1 1 12 1 14 |
16476: 1 1 1 2 8 1 10 11 1 1 1 4 1 1 3 1 |1 1 1 1 6 1 1 1 1 1 1 9 1 2 1 1 |1 1 1 1 1 8 1 6 5 1 2 9 1 1 1 1 |1 1 1 2 1 10 8 1 8 5 1 1 11 7 1 9 |1 1 1 1 5 9 8 1 1 1 1 1 13 1 12 11 |1 1 1 1 3 12 1 1 1 1 3 1 9 1 1 1 |1 5 8 1 1 1 1 8 1 1 1 11 1 1 1 1 |1 1 17 15 1 1 8 8 1 1 15 1 1 14 1 1 |1 1 1 1 1 15 1 1 9 1 1 2 1 1 9 1 |1 1 3 1 11 1 1 13 7 6 1 1 1 1 1 1 |1 1 1 1 1 1 1 15 5 2 11 1 1 1 1 1 |1 1 1 1 1 16 12 1 1 2 1 1 1 1 1 1 |
16487: 1 1 1 2 8 1 10 11 1 1 1 4 1 1 3 1 |1 1 1 1 6 1 1 1 1 1 1 9 1 2 1 1 |1 1 1 1 1 8 1 6 5 1 2 9 1 1 1 1 |1 1 1 2 1 10 8 1 8 5 1 1 11 7 1 9 |1 1 1 1 5 9 8 1 1 1 1 1 13 1 12 11 |1 1 1 1 3 12 1 1 1 1 3 1 9 1 1 1 |1 5 8 1 1 1 1 8 1 1 1 11 1 1 1 1 |1 1 17 15 1 1 8 8 1 1 15 1 1 14 1 1 |1 1 1 1 1 15 1 1 9 1 1 2 1 1 9 1 |1 1 3 1 11 1 1 13 7 6 1 1 1 1 1 1 |1 1 1 1 1 1 1 15 5 2 11 1 1 1 1 1 |1 1 1 1 1 16 12 1 1 2 1 1 1 1 1 1 |
16498: 1 1 1 5 1 7 10 4 1 3 1 5 1 2 3 8 |1 1 7 1 5 1 1 1 1 1 1 1 1 3 10 1 |1 1 1 1 1 7 1 5 4 1 1 1 1 1 1 2 |1 1 1 2 1 1 1 1 8 5 1 1 1 6 1 11 |1 1 1 1 5 9 8 1 1 1 1 1 13 1 12 11 |1 1 1 1 3 12 1 1 1 1 3 1 9 1 1 1 |1 5 8 1 1 1 1 8 1 1 1 11 1 1 1 1 |1 1 17 15 1 1 8 8 1 1 15 1 1 14 1 1 |1 1 1 1 1 15 1 1 9 1 1 2 1 1 9 1 |1 1 3 1 11 1 1 13 7 6 1 1 1 1 1 1 |1 1 1 1 1 1 1 15 5 2 11 1 1 1 1 1 |1 1 1 1 1 16 12 1 1 2 1 1 1 1 1 1 |
16509: 1 1 1 5 1 7 10 4 1 3 1 5 1 2 3 8 |1 1 7 1 5 1 1 1 1 1 1 1 1 3 10 1 |1 1 1 1 1 7 1 5 4 1 1 1 1 1 1 2 |1 1 1 2 1 1 1 1 8 5 1 1 1 6 1 11 |1 1 1 1 1 2 1 1 1 1 1 1 10 1 8 1 |1 1 5 1 5 11 1 1 1 1 12 1 9 1 1 1 |1 1 1 1 1 1 1 12 1 1 1 12 1 1 1 1 |1 1 1 13 1 4 6 13 1 1 14 1 1 14 1 1 |1 1 1 1 13 9 10 4 1 7 3 2 1 1 7 3 |2 1 6 1 3 4 1 14 4 8 1 6 1 1 1 1 |8 1 1 1 15 1 1 15 6 1 1 2 1 1 7 1 |1 1 1 2 1 13 6 3 1 3 18 1 1 11 1 1 |
16520: 1 1 1 5 1 7 10 4 1 3 1 5 1 2 3 8 |1 1 7 1 5 1 1 1 1 1 1 1 1 3 10 1 |1 1 1 1 1 7 1 5 4 1 1 1 1 1 1 2 |1 1 1 2 1 1 1 1 8 5 1 1 1 6 1 11 |1 1 1 1 1 2 1 1 1 1 1 1 10 1 8 1 |1 1 5 1 5 11 1 1 1 1 12 1 9 1 1 1 |1 1 1 1 1 1 1 12 1 1 1 12 1 1 1 1 |1 1 1 13 1 4 6 13 1 1 14 1 1 14 1 1 |1 1 1 1 13 9 10 4 1 7 3 2 1 1 7 3 |2 1 6 1 3 4 1 14 4 8 1 6 1 1 1 1 |8 1 1 1 15 1 1 15 6 1 1 2 1 1 7 1 |1 1 1 2 1 13 6 3 1 3 18 1 1 11 1 1 |
16531: 1 1 1 10 10 5 8 12 1 4 1 5 1 2 1 1 |1 1 9 1 1 10 1 1 1 1 1 1 1 1 11 1 |1 1 9 1 1 1 5 7 3 1 1 7 1 1 1 2 |1 1 1 1 1 1 1 1 9 4 1 1 1 7 1 8 |1 1 1 1 1 2 1 1 1 1 1 1 10 1 8 1 |1 1 5 1 5 11 1 1 1 1 12 1 9 1 1 1 |1 1 1 1 1 1 1 12 1 1 1 12 1 1 1 1 |1 1 1 13 1 4 6 13 1 1 14 1 1 14 1 1 |1 1 1 1 13 9 10 4 1 7 3 2 1 1 7 3 |2 1 6 1 3 4 1 14 4 8 1 6 1 1 1 1 |8 1 1 1 15 1 1 15 6 1 1 2 1 1 7 1 |1 1 1 2 1 13 6 3 1 3 18 1 1 11 1 1 |
16542: 1 1 1 10 10 5 8 12 1 4 1 5 1 2 1 1 |1 1 9 1 1 10 1 1 1 1 1 1 1 1 11 1 |1 1 9 1 1 1 5 7 3 1 1 7 1 1 1 2 |1 1 1 1 1 1 1 1 9 4 1 1 1 7 1 8 |1 1 1 1 1 10 5 1 1 1 1 1 11 1 10 7 |1 1 1 1 1 6 1 1 1 1 11 1 8 1 2 1 |1 4 13 1 1 1 1 8 1 5 1 12 1 4 1 9 |7 1 1 13 1 3 1 8 1 2 13 1 1 15 1 1 |1 1 1 1 1 1 9 6 1 8 5 1 1 1 7 2 |2 1 1 1 3 1 1 14 7 5 1 4 1 10 1 7 |1 1 1 1 1 1 1 15 4 9 1 1 1 1 8 1 |1 5 1 3 1 7 1 11 1 4 16 1 1 10 1 1 |
16554: 1 1 1 10 10 5 8 12 1 4 1 5 1 2 1 1 |1 1 9 1 1 10 1 1 1 1 1 1 1 1 11 1 |1 1 9 1 1 1 5 7 3 1 1 7 1 1 1 2 |1 1 1 1 1 1 1 1 9 4 1 1 1 7 1 8 |1 1 1 1 1 10 5 1 1 1 1 1 11 1 10 7 |1 1 1 1 1 6 1 1 1 1 11 1 8 1 2 1 |1 4 13 1 1 1 1 8 1 5 1 12 1 4 1 9 |7 1 1 13 1 3 1 8 1 2 13 1 1 15 1 1 |1 1 1 1 1 1 9 6 1 8 5 1 1 1 7 2 |2 1 1 1 3 1 1 14 7 5 1 4 1 10 1 7 |1 1 1 1 1 1 1 15 4 9 1 1 1 1 8 1 |1 5 1 3 1 7 1 11 1 4 16 1 1 10 1 1 |
16564: 1 1 1 7 7 1 5 8 1 1 1 5 1 1 6 1 |1 1 1 1 6 1 1 1 1 1 1 1 1 1 1 1 |1 1 7 1 1 1 13 6 2 1 3 7 1 1 1 1 |1 1 1 1 1 1 1 1 9 4 1 1 1 7 1 8 |1 1 1 1 1 10 5 1 1 1 1 1 11 1 10 7 |1 1 1 1 1 6 1 1 1 1 11 1 8 1 2 1 |1 4 13 1 1 1 1 8 1 5 1 12 1 4 1 9 |7 1 1 13 1 3 1 8 1 2 13 1 1 15 1 1 |1 1 1 1 1 1 9 6 1 8 5 1 1 1 7 2 |2 1 1 1 3 1 1 14 7 5 1 4 1 10 1 7 |1 1 1 1 1 1 1 15 4 9 1 1 1 1 8 1 |1 5 1 3 1 7 1 11 1 4 16 1 1 10 1 1 |
16576: 1 1 1 7 7 1 5 8 1 1 1 5 1 1 6 1 |1 1 1 1 6 1 1 1 1 1 1 1 1 1 1 1 |1 1 7 1 1 1 13 6 2 1 3 7 1 1 1 1 |1 1 1 4 1 6 8 1 1 6 1 1 1 9 1 10 |1 1 1 1 1 10 9 1 1 1 1 1 9 1 14 1 |2 1 1 1 5 10 1 1 1 1 12 1 8 1 1 1 |1 7 12 1 1 1 1 8 1 1 1 10 1 4 1 1 |1 1 14 12 1 1 8 12 1 1 14 1 1 15 1 1 |1 1 1 1 1 14 1 2 1 1 9 4 12 1 1 1 |1 1 4 1 11 1 1 14 8 13 1 6 1 9 1 6 |1 1 1 1 1 1 1 13 1 1 1 1 1 1 1 1 |1 1 3 1 1 17 12 1 1 2 17 1 1 2 2 1 |
16586: 1 1 1 7 7 1 5 8 1 1 1 5 1 1 6 1 |1 1 1 1 6 1 1 1 1 1 1 1 1 1 1 1 |1 1 7 1 1 1 13 6 2 1 3 7 1 1 1 1 |1 1 1 4 1 6 8 1 1 6 1 1 1 9 1 10 |1 1 1 1 1 10 9 1 1 1 1 1 9 1 14 1 |2 1 1 1 5 10 1 1 1 1 12 1 8 1 1 1 |1 7 12 1 1 1 1 8 1 1 1 10 1 4 1 1 |1 1 14 12 1 1 8 12 1 1 14 1 1 15 1 1 |1 1 1 1 1 14 1 2 1 1 9 4 12 1 1 1 |1 1 4 1 11 1 1 14 8 13 1 6 1 9 1 6 |1 1 1 1 1 1 1 13 1 1 1 1 1 1 1 1 |1 1 3 1 1 17 12 1 1 2 17 1 1 2 2 1 |
16597: 1 1 1 10 1 7 8 13 1 1 1 2 1 1 10 5 |1 1 1 1 6 1 1 1 1 1 1 1 1 1 1 1 |1 1 7 1 1 1 13 6 2 1 3 7 1 1 1 1 |1 1 1 4 1 6 8 1 1 6 1 1 1 9 1 10 |1 1 1 1 1 10 9 1 1 1 1 1 9 1 14 1 |2 1 1 1 5 10 1 1 1 1 12 1 8 1 1 1 |1 7 12 1 1 1 1 8 1 1 1 10 1 4 1 1 |1 1 14 12 1 1 8 12 1 1 14 1 1 15 1 1 |1 1 1 1 1 14 1 2 1 1 9 4 12 1 1 1 |1 1 4 1 11 1 1 14 8 13 1 6 1 9 1 6 |1 1 1 1 1 1 1 13 1 1 1 1 1 1 1 1 |1 1 3 1 1 17 12 1 1 2 17 1 1 2 2 1 |
16608: 1 1 1 10 1 7 8 13 1 1 1 2 1 1 10 5 |4 1 1 1 5 1 1 1 1 1 1 9 1 1 12 1 |1 1 1 1 1 2 4 7 4 1 1 1 1 1 1 1 |1 1 1 1 1 5 9 1 8 4 1 1 1 6 1 10 |1 1 1 1 1 9 12 1 1 1 1 1 10 1 14 2 |1 1 4 1 4 12 1 1 1 1 14 1 9 1 1 1 |1 4 7 1 1 1 1 5 1 1 1 10 1 1 1 1 |1 1 1 8 1 1 1 13 1 1 14 1 1 15 1 8 |1 1 1 1 12 16 10 5 2 1 1 1 11 1 7 2 |1 1 1 1 1 1 1 7 3 15 1 7 1 1 1 8 |7 1 2 1 16 1 1 13 8 6 1 3 1 1 1 1 |1 1 3 1 1 17 12 1 1 2 17 1 1 2 2 1 |
16619: 1 1 1 10 1 7 8 13 1 1 1 2 1 1 10 5 |4 1 1 1 5 1 1 1 1 1 1 9 1 1 12 1 |1 1 1 1 1 2 4 7 4 1 1 1 1 1 1 1 |1 1 1 1 1 5 9 1 8 4 1 1 1 6 1 10 |1 1 1 1 1 9 12 1 1 1 1 1 10 1 14 2 |1 1 4 1 4 12 1 1 1 1 14 1 9 1 1 1 |1 4 7 1 1 1 1 5 1 1 1 10 1 1 1 1 |1 1 1 8 1 1 1 13 1 1 14 1 1 15 1 8 |1 1 1 1 12 16 10 5 2 1 1 1 11 1 7 2 |1 1 1 1 1 1 1 7 3 15 1 7 1 1 1 8 |7 1 2 1 16 1 1 13 8 6 1 3 1 1 1 1 |1 1 1 1 1 13 7 12 1 1 19 1 1 11 1 13 |
16629: 1 1 1 3 8 4 1 1 1 1 1 1 1 1 3 1 |1 1 1 1 1 1 1 1 1 1 1 1 1 1 7 1 |1 1 1 1 1 5 12 3 4 1 3 1 1 1 1 1 |1 1 1 1 1 5 9 1 8 4 1 1 1 6 1 10 |1 1 1 1 1 9 12 1 1 1 1 1 10 1 14 2 |1 1 4 1 4 12 1 1 1 1 14 1 9 1 1 1 |1 4 7 1 1 1 1 5 1 1 1 10 1 1 1 1 |1 1 1 8 1 1 1 13 1 1 14 1 1 15 1 8 |1 1 1 1 12 16 10 5 2 1 1 1 11 1 7 2 |1 1 1 1 1 1 1 7 3 15 1 7 1 1 1 8 |7 1 2 1 16 1 1 13 8 6 1 3 1 1 1 1 |1 1 1 1 1 13 7 12 1 1 19 1 1 11 1 13 |
16640: 1 1 1 3 8 4 1 1 1 1 1 1 1 1 3 1 |1 1 1 1 1 1 1 1 1 1 1 1 1 1 7 1 |1 1 1 1 1 5 12 3 4 1 3 1 1 1 1 1 |1 1 1 1 1 4 7 1 6 4 1 1 13 5 1 10 |1 9 1 1 7 7 6 1 1 1 1 1 10 1 13 6 |1 1 1 1 1 12 1 5 1 1 14 1 7 1 2 1 |1 5 9 1 1 1 1 9 1 2 1 10 1 1 1 1 |1 1 4 15 1 1 1 1 1 2 16 1 2 9 1 8 |1 1 1 1 11 10 10 2 2 7 4 1 11 1 7 1 |2 1 1 1 2 4 1 13 7 14 1 7 1 1 1 5 |1 1 2 1 1 1 5 8 6 9 10 6 1 1 9 1 |1 1 1 1 1 13 7 12 1 1 19 1 1 11 1 13 |
16651: 1 1 1 3 8 4 1 1 1 1 1 1 1 1 3 1 |1 1 1 1 1 1 1 1 1 1 1 1 1 1 7 1 |1 1 1 1 1 5 12 3 4 1 3 1 1 1 1 1 |1 1 1 1 1 4 7 1 6 4 1 1 13 5 1 10 |1 9 1 1 7 7 6 1 1 1 1 1 10 1 13 6 |1 1 1 1 1 12 1 5 1 1 14 1 7 1 2 1 |1 5 9 1 1 1 1 9 1 2 1 10 1 1 1 1 |1 1 4 15 1 1 1 1 1 2 16 1 2 9 1 8 |1 1 1 1 11 10 10 2 2 7 4 1 11 1 7 1 |2 1 1 1 2 4 1 13 7 14 1 7 1 1 1 5 |1 1 2 1 1 1 5 8 6 9 10 6 1 1 9 1 |1 7 1 1 1 15 5 12 1 1 16 1 1 11 1 1 |
16662: 1 1 1 1 6 1 7 6 1 1 1 1 1 1 1 1 |1 1 1 1 1 1 1 1 1 1 1 1 1 1 7 1 |1 1 1 1 1 5 12 3 4 1 3 1 1 1 1 1 |1 1 1 1 1 4 7 1 6 4 1 1 13 5 1 10 |1 9 1 1 7 7 6 1 1 1 1 1 10 1 13 6 |1 1 1 1 1 12 1 5 1 1 14 1 7 1 2 1 |1 5 9 1 1 1 1 9 1 2 1 10 1 1 1 1 |1 1 4 15 1 1 1 1 1 2 16 1 2 9 1 8 |1 1 1 1 11 10 10 2 2 7 4 1 11 1 7 1 |2 1 1 1 2 4 1 13 7 14 1 7 1 1 1 5 |1 1 2 1 1 1 5 8 6 9 10 6 1 1 9 1 |1 7 1 1 1 15 5 12 1 1 16 1 1 11 1 1 |
16673: 1 1 1 1 6 1 7 6 1 1 1 1 1 1 1 1 |1 1 1 1 6 4 1 1 1 1 1 10 1 1 5 1 |1 1 5 1 1 6 1 7 6 1 7 1 1 1 1 2 |1 1 1 1 1 1 1 1 8 5 1 1 1 9 1 10 |1 1 1 1 4 8 9 1 1 1 1 1 13 1 8 15 |1 1 2 1 5 9 1 12 1 1 14 1 8 1 1 1 |1 6 7 2 2 1 1 1 1 1 1 11 1 1 1 1 |7 1 15 13 1 1 1 4 1 1 4 1 1 12 1 10 |1 1 1 1 13 14 1 3 1 1 1 1 1 1 7 2 |2 1 1 1 2 4 1 13 7 14 1 7 1 1 1 5 |1 1 2 1 1 1 5 8 6 9 10 6 1 1 9 1 |1 7 1 1 1 15 5 12 1 1 16 1 1 11 1 1 |
16684: 1 1 1 1 6 1 7 6 1 1 1 1 1 1 1 1 |1 1 1 1 6 4 1 1 1 1 1 10 1 1 5 1 |1 1 5 1 1 6 1 7 6 1 7 1 1 1 1 2 |1 1 1 1 1 1 1 1 8 5 1 1 1 9 1 10 |1 1 1 1 4 8 9 1 1 1 1 1 13 1 8 15 |1 1 2 1 5 9 1 12 1 1 14 1 8 1 1 1 |1 6 7 2 2 1 1 1 1 1 1 11 1 1 1 1 |7 1 15 13 1 1 1 4 1 1 4 1 1 12 1 10 |1 1 1 1 13 14 1 3 1 1 1 1 1 1 7 2 |1 1 4 1 5 1 1 13 2 13 1 5 1 10 1 6 |1 1 4 1 1 1 1 13 5 8 1 1 1 1 9 1 |1 4 1 1 1 1 7 1 1 1 3 1 1 1 1 1 |
16695: 1 1 1 1 6 1 7 6 1 1 1 1 1 1 1 1 |1 1 1 1 6 4 1 1 1 1 1 10 1 1 5 1 |1 1 5 1 1 6 1 7 6 1 7 1 1 1 1 2 |1 1 1 1 1 1 1 1 8 5 1 1 1 9 1 10 |1 1 1 1 4 8 9 1 1 1 1 1 13 1 8 15 |1 1 2 1 5 9 1 12 1 1 14 1 8 1 1 1 |1 6 7 2 2 1 1 1 1 1 1 11 1 1 1 1 |7 1 15 13 1 1 1 4 1 1 4 1 1 12 1 10 |1 1 1 1 13 14 1 3 1 1 1 1 1 1 7 2 |1 1 4 1 5 1 1 13 2 13 1 5 1 10 1 6 |1 1 4 1 1 1 1 13 5 8 1 1 1 1 9 1 |1 4 1 1 1 1 7 1 1 1 3 1 1 1 1 1 |
16706: 1 1 1 7 4 7 9 6 1 1 1 1 1 1 9 1 |1 1 1 1 1 3 1 1 1 1 1 1 1 2 11 1 |1 1 1 1 1 1 1 1 6 1 1 1 1 1 1 1 |1 1 1 1 1 5 7 1 7 7 1 1 1 6 1 8 |1 1 1 1 1 1 1 1 1 1 1 1 11 1 7 1 |1 1 6 1 5 10 1 1 1 1 14 1 10 1 1 1 |1 6 9 1 1 1 1 10 1 1 1 11 1 1 1 3 |6 1 9 6 1 1 1 14 1 1 13 1 1 8 1 1 |1 1 2 1 12 14 8 3 1 8 3 1 10 1 9 4 |1 1 4 1 1 2 1 7 5 14 1 5 1 1 1 7 |1 1 4 1 1 1 1 13 5 8 1 1 1 1 9 1 |1 4 1 1 1 1 7 1 1 1 3 1 1 1 1 1 |
16716: 1 1 1 7 4 7 9 6 1 1 1 1 1 1 9 1 |1 1 1 1 1 3 1 1 1 1 1 1 1 2 11 1 |1 1 1 1 1 1 1 1 6 1 1 1 1 1 1 1 |1 1 1 1 1 5 7 1 7 7 1 1 1 6 1 8 |1 1 1 1 1 1 1 1 1 1 1 1 11 1 7 1 |1 1 6 1 5 10 1 1 1 1 14 1 10 1 1 1 |1 6 9 1 1 1 1 10 1 1 1 11 1 1 1 3 |6 1 9 6 1 1 1 14 1 1 13 1 1 8 1 1 |1 1 2 1 12 14 8 3 1 8 3 1 10 1 9 4 |1 1 4 1 1 2 1 7 5 14 1 5 1 1 1 7 |7 1 1 1 16 1 1 14 6 3 1 1 1 1 1 1 |1 1 1 1 1 13 6 1 1 2 16 1 1 1 1 1 |
16727: 1 1 1 7 4 7 9 6 1 1 1 1 1 1 9 1 |1 1 1 1 1 3 1 1 1 1 1 1 1 2 11 1 |1 1 1 1 1 1 1 1 6 1 1 1 1 1 1 1 |1 1 1 1 1 5 7 1 7 7 1 1 1 6 1 8 |1 1 1 1 1 1 1 1 1 1 1 1 11 1 7 1 |1 1 6 1 5 10 1 1 1 1 14 1 10 1 1 1 |1 6 9 1 1 1 1 10 1 1 1 11 1 1 1 3 |6 1 9 6 1 1 1 14 1 1 13 1 1 8 1 1 |1 1 2 1 12 14 8 3 1 8 3 1 10 1 9 4 |1 1 4 1 1 2 1 7 5 14 1 5 1 1 1 7 |7 1 1 1 16 1 1 14 6 3 1 1 1 1 1 1 |1 1 1 1 1 13 6 1 1 2 16 1 1 1 1 1 |
16738: 1 1 1 1 1 5 1 15 1 1 1 3 1 1 7 1 |1 1 8 1 4 1 1 1 1 1 1 9 1 1 12 1 |1 1 7 1 1 2 3 8 4 1 1 8 1 1 1 2 |1 1 1 1 1 3 1 1 6 5 1 1 1 4 1 11 |1 1 1 1 1 7 6 1 1 1 1 1 10 1 15 11 |1 1 2 1 1 1 1 1 1 1 13 1 9 1 2 1 |1 3 3 1 1 1 1 8 1 5 1 10 1 1 1 1 |1 1 4 14 1 3 1 1 1 1 16 1 6 14 1 1 |1 1 2 1 12 14 8 3 1 8 3 1 10 1 9 4 |1 1 4 1 1 2 1 7 5 14 1 5 1 1 1 7 |7 1 1 1 16 1 1 14 6 3 1 1 1 1 1 1 |1 1 1 1 1 13 6 1 1 2 16 1 1 1 1 1 |
16748: 1 1 1 1 1 5 1 15 1 1 1 3 1 1 7 1 |1 1 8 1 4 1 1 1 1 1 1 9 1 1 12 1 |1 1 7 1 1 2 3 8 4 1 1 8 1 1 1 2 |1 1 1 1 1 3 1 1 6 5 1 1 1 4 1 11 |1 1 1 1 1 7 6 1 1 1 1 1 10 1 15 11 |1 1 2 1 1 1 1 1 1 1 13 1 9 1 2 1 |1 3 3 1 1 1 1 8 1 5 1 10 1 1 1 1 |1 1 4 14 1 3 1 1 1 1 16 1 6 14 1 1 |1 1 1 1 18 8 10 11 1 1 1 1 1 3 1 1 |2 1 1 1 1 1 5 12 1 16 1 7 1 9 1 1 |9 1 1 9 1 1 1 15 7 4 9 1 1 3 6 1 |1 5 1 1 1 17 9 8 1 3 14 1 1 13 1 1 |
16759: 1 1 1 1 1 5 1 15 1 1 1 3 1 1 7 1 |1 1 8 1 4 1 1 1 1 1 1 9 1 1 12 1 |1 1 7 1 1 2 3 8 4 1 1 8 1 1 1 2 |1 1 1 1 1 3 1 1 6 5 1 1 1 4 1 11 |1 1 1 1 1 7 6 1 1 1 1 1 10 1 15 11 |1 1 2 1 1 1 1 1 1 1 13 1 9 1 2 1 |1 3 3 1 1 1 1 8 1 5 1 10 1 1 1 1 |1 1 4 14 1 3 1 1 1 1 16 1 6 14 1 1 |1 1 1 1 18 8 10 11 1 1 1 1 1 3 1 1 |2 1 1 1 1 1 5 12 1 16 1 7 1 9 1 1 |9 1 1 9 1 1 1 15 7 4 9 1 1 3 6 1 |1 5 1 1 1 17 9 8 1 3 14 1 1 13 1 1 |
16771: 1 1 1 8 7 5 1 8 1 1 1 1 1 1 9 1 |1 1 1 1 5 1 1 1 1 1 1 9 1 1 1 1 |1 1 6 1 1 2 12 8 4 1 2 1 1 1 1 1 |1 1 1 1 1 1 1 1 2 7 1 1 11 7 1 10 |1 9 1 1 1 9 9 1 1 1 1 1 10 1 14 7 |1 1 1 1 6 8 1 1 1 1 13 1 9 1 1 1 |1 3 3 1 1 1 1 8 1 5 1 10 1 1 1 1 |1 1 4 14 1 3 1 1 1 1 16 1 6 14 1 1 |1 1 1 1 18 8 10 11 1 1 1 1 1 3 1 1 |2 1 1 1 1 1 5 12 1 16 1 7 1 9 1 1 |9 1 1 9 1 1 1 15 7 4 9 1 1 3 6 1 |1 5 1 1 1 17 9 8 1 3 14 1 1 13 1 1 |
16781: 1 1 1 8 7 5 1 8 1 1 1 1 1 1 9 1 |1 1 1 1 5 1 1 1 1 1 1 9 1 1 1 1 |1 1 6 1 1 2 12 8 4 1 2 1 1 1 1 1 |1 1 1 1 1 1 1 1 2 7 1 1 11 7 1 10 |1 9 1 1 1 9 9 1 1 1 1 1 10 1 14 7 |1 1 1 1 6 8 1 1 1 1 13 1 9 1 1 1 |1 3 1 1 10 1 1 1 1 6 1 11 1 1 2 1 |1 1 1 16 1 4 10 13 1 1 15 1 1 13 1 9 |1 1 1 1 9 12 4 1 2 1 1 4 11 1 5 1 |1 1 7 1 1 1 1 12 7 13 1 6 1 10 1 5 |6 1 5 1 1 1 1 12 1 1 1 1 1 1 8 1 |1 1 1 1 1 8 12 1 1 7 15 1 1 1 1 1 |
16792: 1 1 1 8 7 5 1 8 1 1 1 1 1 1 9 1 |1 1 1 1 5 1 1 1 1 1 1 9 1 1 1 1 |1 1 6 1 1 2 12 8 4 1 2 1 1 1 1 1 |1 1 1 1 1 1 1 1 2 7 1 1 11 7 1 10 |1 9 1 1 1 9 9 1 1 1 1 1 10 1 14 7 |1 1 1 1 6 8 1 1 1 1 13 1 9 1 1 1 |1 3 1 1 10 1 1 1 1 6 1 11 1 1 2 1 |1 1 1 16 1 4 10 13 1 1 15 1 1 13 1 9 |1 1 1 1 9 12 4 1 2 1 1 4 11 1 5 1 |1 1 7 1 1 1 1 12 7 13 1 6 1 10 1 5 |6 1 5 1 1 1 1 12 1 1 1 1 1 1 8 1 |1 1 1 1 1 8 12 1 1 7 15 1 1 1 1 1 |
16803: 1 1 1 7 5 7 8 6 1 1 1 1 1 2 6 1 |1 1 9 1 1 1 1 1 1 1 1 1 1 1 9 1 |1 1 1 1 1 7 1 6 2 1 5 1 1 1 1 1 |1 1 1 1 1 4 1 1 7 5 1 1 1 7 1 12 |1 1 1 1 1 2 1 1 1 1 1 1 10 1 10 12 |1 1 1 1 5 10 1 1 1 1 13 1 10 1 1 1 |1 3 1 1 10 1 1 1 1 6 1 11 1 1 2 1 |1 1 1 16 1 4 10 13 1 1 15 1 1 13 1 9 |1 1 1 1 9 12 4 1 2 1 1 4 11 1 5 1 |1 1 7 1 1 1 1 12 7 13 1 6 1 10 1 5 |6 1 5 1 1 1 1 12 1 1 1 1 1 1 8 1 |1 1 1 1 1 8 12 1 1 7 15 1 1 1 1 1 |
16813: 1 1 1 7 5 7 8 6 1 1 1 1 1 2 6 1 |1 1 9 1 1 1 1 1 1 1 1 1 1 1 9 1 |1 1 1 1 1 7 1 6 2 1 5 1 1 1 1 1 |1 1 1 1 1 4 1 1 7 5 1 1 1 7 1 12 |1 1 1 1 1 2 1 1 1 1 1 1 10 1 10 12 |1 1 1 1 5 10 1 1 1 1 13 1 10 1 1 1 |1 4 9 1 1 1 1 3 1 1 1 12 1 1 1 1 |6 1 1 14 6 1 7 10 1 1 15 1 1 12 1 1 |1 1 1 1 11 13 7 10 1 1 1 1 12 1 6 3 |1 1 1 1 1 1 1 16 3 15 1 5 1 9 1 1 |1 1 1 1 1 1 1 13 4 4 9 1 1 1 1 1 |1 5 1 6 1 14 6 1 1 2 15 1 1 12 1 1 |
16824: 1 1 1 7 5 7 8 6 1 1 1 1 1 2 6 1 |1 1 9 1 1 1 1 1 1 1 1 1 1 1 9 1 |1 1 1 1 1 7 1 6 2 1 5 1 1 1 1 1 |1 1 1 1 1 4 1 1 7 5 1 1 1 7 1 12 |1 1 1 1 1 2 1 1 1 1 1 1 10 1 10 12 |1 1 1 1 5 10 1 1 1 1 13 1 10 1 1 1 |1 4 9 1 1 1 1 3 1 1 1 12 1 1 1 1 |6 1 1 14 6 1 7 10 1 1 15 1 1 12 1 1 |1 1 1 1 11 13 7 10 1 1 1 1 12 1 6 3 |1 1 1 1 1 1 1 16 3 15 1 5 1 9 1 1 |1 1 1 1 1 1 1 13 4 4 9 1 1 1 1 1 |1 5 1 6 1 14 6 1 1 2 15 1 1 12 1 1 |
16836: 1 1 1 3 9 7 1 1 1 1 1 1 1 1 1 1 |1 1 1 1 4 1 1 1 1 1 1 1 1 1 11 1 |1 1 7 1 1 15 10 5 5 1 2 8 1 1 1 1 |1 1 1 1 1 5 6 1 7 6 1 1 1 7 1 11 |1 9 1 1 1 11 1 1 1 1 1 1 11 1 8 13 |1 1 1 1 5 10 1 1 1 1 13 1 10 1 1 1 |1 4 9 1 1 1 1 3 1 1 1 12 1 1 1 1 |6 1 1 14 6 1 7 10 1 1 15 1 1 12 1 1 |1 1 1 1 11 13 7 10 1 1 1 1 12 1 6 3 |1 1 1 1 1 1 1 16 3 15 1 5 1 9 1 1 |1 1 1 1 1 1 1 13 4 4 9 1 1 1 1 1 |1 5 1 6 1 14 6 1 1 2 15 1 1 12 1 1 |
16846: 1 1 1 3 9 7 1 1 1 1 1 1 1 1 1 1 |1 1 1 1 4 1 1 1 1 1 1 1 1 1 11 1 |1 1 7 1 1 15 10 5 5 1 2 8 1 1 1 1 |1 1 1 1 1 5 6 1 7 6 1 1 1 7 1 11 |1 9 1 1 1 11 1 1 1 1 1 1 11 1 8 13 |1 1 1 1 1 11 1 1 1 1 13 1 9 1 2 1 |1 1 6 1 1 1 1 8 1 3 1 12 1 1 1 2 |6 1 9 7 1 1 1 12 1 1 1 1 1 13 1 1 |1 1 1 4 11 14 11 5 1 1 11 9 1 1 7 3 |1 1 1 1 1 1 1 12 6 13 1 6 1 4 1 1 |1 1 2 1 1 1 1 13 1 1 1 2 1 7 2 1 |1 1 1 1 1 9 1 11 1 5 15 1 1 5 1 1 |
16858: 1 1 1 3 9 7 1 1 1 1 1 1 1 1 1 1 |1 1 1 1 4 1 1 1 1 1 1 1 1 1 11 1 |1 1 7 1 1 15 10 5 5 1 2 8 1 1 1 1 |1 1 1 1 1 5 6 1 7 6 1 1 1 7 1 11 |1 9 1 1 1 11 1 1 1 1 1 1 11 1 8 13 |1 1 1 1 1 11 1 1 1 1 13 1 9 1 2 1 |1 1 6 1 1 1 1 8 1 3 1 12 1 1 1 2 |6 1 9 7 1 1 1 12 1 1 1 1 1 13 1 1 |1 1 1 4 11 14 11 5 1 1 11 9 1 1 7 3 |1 1 1 1 1 1 1 12 6 13 1 6 1 4 1 1 |1 1 2 1 1 1 1 13 1 1 1 2 1 7 2 1 |1 1 1 1 1 9 1 11 1 5 15 1 1 5 1 1 |
16889: 1 1 1 7 6 9 2 8 1 3 1 3 1 1 7 1 |1 1 1 1 4 1 1 1 1 1 1 1 1 1 11 1 |1 1 7 1 1 15 10 5 5 1 2 8 1 1 1 1 |1 1 1 1 1 5 6 1 7 6 1 1 1 7 1 11 |1 9 1 1 1 11 1 1 1 1 1 1 11 1 8 13 |1 1 1 1 1 11 1 1 1 1 13 1 9 1 2 1 |1 1 6 1 1 1 1 8 1 3 1 12 1 1 1 2 |6 1 9 7 1 1 1 12 1 1 1 1 1 13 1 1 |1 1 1 4 11 14 11 5 1 1 11 9 1 1 7 3 |1 1 1 1 1 1 1 12 6 13 1 6 1 4 1 1 |1 1 2 1 1 1 1 13 1 1 1 2 1 7 2 1 |1 1 1 1 1 9 1 11 1 5 15 1 1 5 1 1 |
16900: 1 1 1 7 6 9 2 8 1 3 1 3 1 1 7 1 |1 1 7 1 7 8 1 1 1 1 1 12 2 1 11 1 |1 1 8 1 1 9 6 9 8 1 1 10 1 1 1 1 |1 1 1 2 1 4 8 1 8 2 1 1 5 7 1 9 |1 1 1 1 1 1 3 1 1 1 1 1 12 1 10 13 |1 1 2 1 4 9 1 1 1 1 12 1 9 1 1 1 |1 10 8 2 1 1 1 5 1 4 1 13 1 1 1 1 |1 1 8 1 1 1 1 13 1 1 10 1 1 11 1 1 |1 1 1 1 3 16 5 1 1 1 1 10 3 1 8 6 |1 1 1 1 1 1 1 12 6 13 1 6 1 4 1 1 |1 1 2 1 1 1 1 13 1 1 1 2 1 7 2 1 |1 1 1 1 1 9 1 11 1 5 15 1 1 5 1 1 |
16911: 1 1 1 7 6 9 2 8 1 3 1 3 1 1 7 1 |1 1 7 1 7 8 1 1 1 1 1 12 2 1 11 1 |1 1 8 1 1 9 6 9 8 1 1 10 1 1 1 1 |1 1 1 2 1 4 8 1 8 2 1 1 5 7 1 9 |1 1 1 1 1 1 3 1 1 1 1 1 12 1 10 13 |1 1 2 1 4 9 1 1 1 1 12 1 9 1 1 1 |1 10 8 2 1 1 1 5 1 4 1 13 1 1 1 1 |1 1 8 1 1 1 1 13 1 1 10 1 1 11 1 1 |1 1 1 1 3 16 5 1 1 1 1 10 3 1 8 6 |1 1 4 1 1 1 1 15 3 13 1 6 1 8 1 8 |7 1 2 1 1 1 1 16 1 1 1 1 1 1 8 1 |1 1 1 2 1 2 1 1 1 2 1 3 2 1 1 1 |
16922: 1 1 1 7 6 9 2 8 1 3 1 3 1 1 7 1 |1 1 7 1 7 8 1 1 1 1 1 12 2 1 11 1 |1 1 8 1 1 9 6 9 8 1 1 10 1 1 1 1 |1 1 1 2 1 4 8 1 8 2 1 1 5 7 1 9 |1 1 1 1 1 1 3 1 1 1 1 1 12 1 10 13 |1 1 2 1 4 9 1 1 1 1 12 1 9 1 1 1 |1 10 8 2 1 1 1 5 1 4 1 13 1 1 1 1 |1 1 8 1 1 1 1 13 1 1 10 1 1 11 1 1 |1 1 1 1 3 16 5 1 1 1 1 10 3 1 8 6 |1 1 4 1 1 1 1 15 3 13 1 6 1 8 1 8 |7 1 2 1 1 1 1 16 1 1 1 1 1 1 8 1 |1 1 1 2 1 2 1 1 1 2 1 3 2 1 1 1 |
16933: 1 1 1 6 6 9 1 1 1 1 1 6 1 3 1 1 |1 1 9 1 1 12 1 1 1 1 1 11 1 3 6 1 |1 1 10 1 1 1 4 6 6 1 1 6 1 1 1 1 |1 1 1 2 1 4 1 1 7 6 1 1 1 7 1 12 |1 1 1 1 1 9 9 1 1 1 1 1 11 1 8 1 |1 1 2 1 5 10 1 1 1 1 12 1 9 1 1 1 |1 4 8 1 1 1 1 1 1 1 1 11 1 1 1 1 |1 1 8 1 1 1 1 13 1 1 10 1 1 11 1 1 |1 1 1 1 3 16 5 1 1 1 1 10 3 1 8 6 |1 1 4 1 1 1 1 15 3 13 1 6 1 8 1 8 |7 1 2 1 1 1 1 16 1 1 1 1 1 1 8 1 |1 1 1 2 1 2 1 1 1 2 1 3 2 1 1 1 |
16944: 1 1 1 6 6 9 1 1 1 1 1 6 1 3 1 1 |1 1 9 1 1 12 1 1 1 1 1 11 1 3 6 1 |1 1 10 1 1 1 4 6 6 1 1 6 1 1 1 1 |1 1 1 2 1 4 1 1 7 6 1 1 1 7 1 12 |1 1 1 1 1 9 9 1 1 1 1 1 11 1 8 1 |1 1 2 1 5 10 1 1 1 1 12 1 9 1 1 1 |1 4 8 1 1 1 1 1 1 1 1 11 1 1 1 1 |1 1 9 7 1 2 6 15 1 1 2 1 1 13 1 10 |1 1 1 1 12 8 10 4 1 10 4 1 11 1 9 3 |1 1 1 1 4 3 1 14 8 7 1 5 1 11 1 1 |7 1 1 6 1 1 1 13 3 6 11 7 1 1 10 1 |3 5 1 1 1 17 9 1 1 3 15 1 1 13 1 15 |
16955: 1 1 1 6 6 9 1 1 1 1 1 6 1 3 1 1 |1 1 9 1 1 12 1 1 1 1 1 11 1 3 6 1 |1 1 10 1 1 1 4 6 6 1 1 6 1 1 1 1 |1 1 1 2 1 4 1 1 7 6 1 1 1 7 1 12 |1 1 1 1 1 9 9 1 1 1 1 1 11 1 8 1 |1 1 2 1 5 10 1 1 1 1 12 1 9 1 1 1 |1 4 8 1 1 1 1 1 1 1 1 11 1 1 1 1 |1 1 9 7 1 2 6 15 1 1 2 1 1 13 1 10 |1 1 1 1 12 8 10 4 1 10 4 1 11 1 9 3 |1 1 1 1 4 3 1 14 8 7 1 5 1 11 1 1 |7 1 1 6 1 1 1 13 3 6 11 7 1 1 10 1 |3 5 1 1 1 17 9 1 1 3 15 1 1 13 1 15 |
16965: 1 1 1 1 8 6 2 15 1 1 1 1 1 1 7 1 |1 1 8 1 6 5 1 1 1 1 5 10 1 1 14 1 |1 1 8 1 3 8 4 7 1 1 1 1 1 1 1 2 |1 1 1 3 1 4 3 1 1 8 1 1 1 5 1 11 |1 1 1 1 1 8 18 1 1 1 1 1 10 1 12 1 |1 1 1 1 5 9 1 4 1 1 11 1 9 1 1 1 |1 4 8 1 1 1 1 1 1 1 1 11 1 1 1 1 |1 1 9 7 1 2 6 15 1 1 2 1 1 13 1 10 |1 1 1 1 12 8 10 4 1 10 4 1 11 1 9 3 |1 1 1 1 4 3 1 14 8 7 1 5 1 11 1 1 |7 1 1 6 1 1 1 13 3 6 11 7 1 1 10 1 |3 5 1 1 1 17 9 1 1 3 15 1 1 13 1 15 |
16976: 1 1 1 1 8 6 2 15 1 1 1 1 1 1 7 1 |1 1 8 1 6 5 1 1 1 1 5 10 1 1 14 1 |1 1 8 1 3 8 4 7 1 1 1 1 1 1 1 2 |1 1 1 3 1 4 3 1 1 8 1 1 1 5 1 11 |1 1 1 1 1 8 18 1 1 1 1 1 10 1 12 1 |1 1 1 1 5 9 1 4 1 1 11 1 9 1 1 1 |1 1 1 1 6 1 1 1 1 6 10 2 1 1 1 1 |1 1 8 9 1 1 1 5 1 1 11 1 1 13 1 1 |1 1 1 1 2 16 9 9 2 1 1 1 11 1 1 9 |1 1 4 1 1 1 1 10 10 11 1 6 1 8 1 5 |1 1 1 1 1 1 1 9 7 4 1 10 1 1 9 1 |1 1 1 1 1 2 1 2 1 2 16 1 1 11 1 19 |
16987: 1 1 1 1 8 6 2 15 1 1 1 1 1 1 7 1 |1 1 8 1 6 5 1 1 1 1 5 10 1 1 14 1 |1 1 8 1 3 8 4 7 1 1 1 1 1 1 1 2 |1 1 1 3 1 4 3 1 1 8 1 1 1 5 1 11 |1 1 1 1 1 8 18 1 1 1 1 1 10 1 12 1 |1 1 1 1 5 9 1 4 1 1 11 1 9 1 1 1 |1 1 1 1 6 1 1 1 1 6 10 2 1 1 1 1 |1 1 8 9 1 1 1 5 1 1 11 1 1 13 1 1 |1 1 1 1 2 16 9 9 2 1 1 1 11 1 1 9 |1 1 4 1 1 1 1 10 10 11 1 6 1 8 1 5 |1 1 1 1 1 1 1 9 7 4 1 10 1 1 9 1 |1 1 1 1 1 2 1 2 1 2 16 1 1 11 1 19 |
16998: 1 1 1 2 5 6 1 13 1 1 1 1 1 1 7 1 |1 1 1 1 1 1 1 1 1 1 1 10 1 1 1 1 |1 1 7 1 1 6 1 2 5 1 1 7 1 1 1 1 |1 1 1 1 1 1 1 1 5 9 1 1 1 5 1 11 |1 14 1 1 1 8 10 1 1 1 1 1 11 1 14 6 |1 1 1 1 5 1 1 1 1 1 13 1 7 2 1 1 |1 2 1 2 1 1 1 6 1 1 1 10 1 1 1 1 |1 1 9 14 1 1 1 12 1 1 14 1 1 15 1 1 |1 1 1 1 2 16 9 9 2 1 1 1 11 1 1 9 |1 1 4 1 1 1 1 10 10 11 1 6 1 8 1 5 |1 1 1 1 1 1 1 9 7 4 1 10 1 1 9 1 |1 1 1 1 1 2 1 2 1 2 16 1 1 11 1 19 |
17009: 1 1 1 2 5 6 1 13 1 1 1 1 1 1 7 1 |1 1 1 1 1 1 1 1 1 1 1 10 1 1 1 1 |1 1 7 1 1 6 1 2 5 1 1 7 1 1 1 1 |1 1 1 1 1 1 1 1 5 9 1 1 1 5 1 11 |1 14 1 1 1 8 10 1 1 1 1 1 11 1 14 6 |1 1 1 1 5 1 1 1 1 1 13 1 7 2 1 1 |1 2 1 2 1 1 1 6 1 1 1 10 1 1 1 1 |1 1 9 14 1 1 1 12 1 1 14 1 1 15 1 1 |1 1 1 1 1 1 12 5 1 9 4 1 10 1 1 1 |2 1 1 1 1 1 1 11 7 13 1 6 1 8 1 1 |1 1 1 1 1 1 1 13 8 3 5 9 1 1 1 1 |1 4 2 1 1 12 2 11 1 4 15 1 1 11 1 1 |
17019: 1 1 1 2 5 6 1 13 1 1 1 1 1 1 7 1 |1 1 1 1 1 1 1 1 1 1 1 10 1 1 1 1 |1 1 7 1 1 6 1 2 5 1 1 7 1 1 1 1 |1 1 1 1 1 1 1 1 5 9 1 1 1 5 1 11 |1 14 1 1 1 8 10 1 1 1 1 1 11 1 14 6 |1 1 1 1 5 1 1 1 1 1 13 1 7 2 1 1 |1 2 1 2 1 1 1 6 1 1 1 10 1 1 1 1 |1 1 9 14 1 1 1 12 1 1 14 1 1 15 1 1 |1 1 1 1 1 1 12 5 1 9 4 1 10 1 1 1 |2 1 1 1 1 1 1 11 7 13 1 6 1 8 1 1 |1 1 1 1 1 1 1 13 8 3 5 9 1 1 1 1 |1 4 2 1 1 12 2 11 1 4 15 1 1 11 1 1 |
17031: 1 1 1 6 5 5 1 5 1 3 1 1 1 2 4 1 |1 1 3 1 10 6 1 1 1 1 1 11 1 1 6 1 |1 1 2 1 1 1 4 1 3 1 1 8 1 1 1 1 |1 1 1 1 1 2 14 1 7 4 1 1 1 10 1 11 |1 1 1 1 1 10 7 1 1 1 1 1 10 1 10 7 |1 1 2 1 5 10 1 1 1 1 12 1 8 1 1 1 |1 2 1 2 1 1 1 6 1 1 1 10 1 1 1 1 |1 1 9 14 1 1 1 12 1 1 14 1 1 15 1 1 |1 1 1 1 1 1 12 5 1 9 4 1 10 1 1 1 |2 1 1 1 1 1 1 11 7 13 1 6 1 8 1 1 |1 1 1 1 1 1 1 13 8 3 5 9 1 1 1 1 |1 4 2 1 1 12 2 11 1 4 15 1 1 11 1 1 |
17042: 1 1 1 6 5 5 1 5 1 3 1 1 1 2 4 1 |1 1 3 1 10 6 1 1 1 1 1 11 1 1 6 1 |1 1 2 1 1 1 4 1 3 1 1 8 1 1 1 1 |1 1 1 1 1 2 14 1 7 4 1 1 1 10 1 11 |1 1 1 1 1 10 7 1 1 1 1 1 10 1 10 7 |1 1 2 1 5 10 1 1 1 1 12 1 8 1 1 1 |1 3 7 1 1 1 1 8 1 1 1 11 1 1 1 1 |1 1 1 5 1 3 2 14 1 1 3 2 2 7 1 1 |1 1 1 1 10 8 11 5 1 8 10 1 11 1 3 4 |1 1 2 1 1 3 1 14 8 13 1 1 1 7 1 6 |1 1 1 1 1 1 1 1 4 2 5 1 1 1 9 1 |1 6 1 1 1 16 6 16 1 3 11 2 2 5 1 12 |
17053: 1 1 1 6 5 5 1 5 1 3 1 1 1 2 4 1 |1 1 3 1 10 6 1 1 1 1 1 11 1 1 6 1 |1 1 2 1 1 1 4 1 3 1 1 8 1 1 1 1 |1 1 1 1 1 2 14 1 7 4 1 1 1 10 1 11 |1 1 1 1 1 10 7 1 1 1 1 1 10 1 10 7 |1 1 2 1 5 10 1 1 1 1 12 1 8 1 1 1 |1 3 7 1 1 1 1 8 1 1 1 11 1 1 1 1 |1 1 1 5 1 3 2 14 1 1 3 2 2 7 1 1 |1 1 1 1 10 8 11 5 1 8 10 1 11 1 3 4 |1 1 2 1 1 3 1 14 8 13 1 1 1 7 1 6 |1 1 1 1 1 1 1 1 4 2 5 1 1 1 9 1 |1 6 1 1 1 16 6 16 1 3 11 2 2 5 1 12 |
17064: 1 1 1 9 6 6 6 1 1 1 1 1 1 1 6 1 |1 1 6 1 6 1 1 1 1 1 4 10 1 1 11 1 |1 1 9 1 1 1 4 9 3 1 1 1 1 1 1 1 |1 1 1 4 1 5 9 1 6 9 1 1 1 5 1 9 |1 1 1 1 1 1 2 1 1 1 1 1 10 1 14 6 |1 1 2 1 5 10 1 1 1 1 12 1 8 1 1 1 |1 3 7 1 1 1 1 8 1 1 1 11 1 1 1 1 |1 1 1 5 1 3 2 14 1 1 3 2 2 7 1 1 |1 1 1 1 10 8 11 5 1 8 10 1 11 1 3 4 |1 1 2 1 1 3 1 14 8 13 1 1 1 7 1 6 |1 1 1 1 1 1 1 1 4 2 5 1 1 1 9 1 |1 6 1 1 1 16 6 16 1 3 11 2 2 5 1 12 |
17075: 1 1 1 9 6 6 6 1 1 1 1 1 1 1 6 1 |1 1 6 1 6 1 1 1 1 1 4 10 1 1 11 1 |1 1 9 1 1 1 4 9 3 1 1 1 1 1 1 1 |1 1 1 4 1 5 9 1 6 9 1 1 1 5 1 9 |1 1 1 1 1 1 2 1 1 1 1 1 10 1 14 6 |1 1 2 1 6 9 1 1 1 1 12 1 9 1 1 1 |1 1 11 1 1 1 1 1 1 1 1 10 1 1 1 1 |7 1 9 6 1 1 1 15 1 1 16 1 1 14 1 1 |1 1 1 10 11 15 9 9 3 9 4 1 11 1 3 1 |1 1 1 1 2 4 1 14 2 13 1 6 1 4 1 6 |6 1 2 1 1 1 1 14 6 3 1 1 1 1 1 1 |1 1 1 1 1 16 8 1 1 5 8 1 1 6 1 1 |
17086: 1 1 1 9 6 6 6 1 1 1 1 1 1 1 6 1 |1 1 6 1 6 1 1 1 1 1 4 10 1 1 11 1 |1 1 9 1 1 1 4 9 3 1 1 1 1 1 1 1 |1 1 1 4 1 5 9 1 6 9 1 1 1 5 1 9 |1 1 1 1 1 1 2 1 1 1 1 1 10 1 14 6 |1 1 2 1 6 9 1 1 1 1 12 1 9 1 1 1 |1 1 11 1 1 1 1 1 1 1 1 10 1 1 1 1 |7 1 9 6 1 1 1 15 1 1 16 1 1 14 1 1 |1 1 1 10 11 15 9 9 3 9 4 1 11 1 3 1 |1 1 1 1 2 4 1 14 2 13 1 6 1 4 1 6 |6 1 2 1 1 1 1 14 6 3 1 1 1 1 1 1 |1 1 1 1 1 16 8 1 1 5 8 1 1 6 1 1 |
17097: 1 1 1 1 4 7 8 7 1 1 1 1 1 1 8 1 |1 1 9 1 4 1 1 1 1 1 1 11 2 1 8 1 |1 1 5 1 1 2 1 1 3 1 1 7 1 1 1 2 |1 1 1 1 1 5 1 1 7 5 1 1 1 6 1 10 |1 16 1 1 1 8 8 1 1 1 1 1 11 1 11 7 |1 1 1 1 5 2 1 3 1 1 13 1 9 1 1 1 |1 1 11 1 1 1 1 1 1 1 1 10 1 1 1 1 |7 1 9 6 1 1 1 15 1 1 16 1 1 14 1 1 |1 1 1 10 11 15 9 9 3 9 4 1 11 1 3 1 |1 1 1 1 2 4 1 14 2 13 1 6 1 4 1 6 |6 1 2 1 1 1 1 14 6 3 1 1 1 1 1 1 |1 1 1 1 1 16 8 1 1 5 8 1 1 6 1 1 |
17109: 1 1 1 1 4 7 8 7 1 1 1 1 1 1 8 1 |1 1 9 1 4 1 1 1 1 1 1 11 2 1 8 1 |1 1 5 1 1 2 1 1 3 1 1 7 1 1 1 2 |1 1 1 1 1 5 1 1 7 5 1 1 1 6 1 10 |1 16 1 1 1 8 8 1 1 1 1 1 11 1 11 7 |1 1 1 1 5 2 1 3 1 1 13 1 9 1 1 1 |1 6 8 12 1 1 1 11 1 1 1 11 1 3 1 3 |1 1 9 8 1 1 1 14 1 1 16 1 1 1 1 11 |1 1 1 1 3 10 8 11 2 1 1 1 11 1 9 2 |2 1 1 1 2 1 1 15 6 9 1 5 1 8 1 6 |13 1 3 1 1 1 1 13 4 11 3 1 1 1 9 1 |1 1 1 1 1 7 1 2 1 6 16 1 1 13 1 17 |
17120: 1 1 1 1 4 7 8 7 1 1 1 1 1 1 8 1 |1 1 9 1 4 1 1 1 1 1 1 11 2 1 8 1 |1 1 5 1 1 2 1 1 3 1 1 7 1 1 1 2 |1 1 1 1 1 5 1 1 7 5 1 1 1 6 1 10 |1 16 1 1 1 8 8 1 1 1 1 1 11 1 11 7 |1 1 1 1 5 2 1 3 1 1 13 1 9 1 1 1 |1 6 8 12 1 1 1 11 1 1 1 11 1 3 1 3 |1 1 9 8 1 1 1 14 1 1 16 1 1 1 1 11 |1 1 1 1 3 10 8 11 2 1 1 1 11 1 9 2 |2 1 1 1 2 1 1 15 6 9 1 5 1 8 1 6 |13 1 3 1 1 1 1 13 4 11 3 1 1 1 9 1 |1 1 1 1 1 7 1 2 1 6 16 1 1 13 1 17 |
17131: 1 1 1 1 1 6 1 1 1 5 1 1 1 2 1 1 |1 1 1 1 5 4 1 1 1 1 1 9 6 1 12 1 |1 1 7 1 1 7 4 1 2 1 6 7 1 1 1 1 |1 1 1 3 1 1 1 1 6 6 1 1 1 9 1 9 |1 1 1 1 1 8 10 1 1 1 1 1 9 1 10 6 |1 1 2 1 3 11 1 1 1 1 13 1 7 1 1 1 |1 3 1 1 6 1 1 9 1 1 1 11 1 1 1 1 |1 1 3 6 1 2 7 14 1 1 14 1 1 13 1 1 |1 1 1 1 3 10 8 11 2 1 1 1 11 1 9 2 |2 1 1 1 2 1 1 15 6 9 1 5 1 8 1 6 |13 1 3 1 1 1 1 13 4 11 3 1 1 1 9 1 |1 1 1 1 1 7 1 2 1 6 16 1 1 13 1 17 |
17142: 1 1 1 1 1 6 1 1 1 5 1 1 1 2 1 1 |1 1 1 1 5 4 1 1 1 1 1 9 6 1 12 1 |1 1 7 1 1 7 4 1 2 1 6 7 1 1 1 1 |1 1 1 3 1 1 1 1 6 6 1 1 1 9 1 9 |1 1 1 1 1 8 10 1 1 1 1 1 9 1 10 6 |1 1 2 1 3 11 1 1 1 1 13 1 7 1 1 1 |1 3 1 1 6 1 1 9 1 1 1 11 1 1 1 1 |1 1 3 6 1 2 7 14 1 1 14 1 1 13 1 1 |2 1 1 1 11 15 4 8 3 9 4 1 14 1 1 1 |1 1 1 1 1 15 1 13 8 7 1 5 1 1 1 5 |1 1 1 1 1 1 1 1 5 7 1 1 1 2 1 1 |1 1 1 1 1 15 13 12 1 5 15 1 1 12 1 17 |
17154: 1 1 1 1 1 6 1 1 1 5 1 1 1 2 1 1 |1 1 1 1 5 4 1 1 1 1 1 9 6 1 12 1 |1 1 7 1 1 7 4 1 2 1 6 7 1 1 1 1 |1 1 1 3 1 1 1 1 6 6 1 1 1 9 1 9 |1 1 1 1 1 8 10 1 1 1 1 1 9 1 10 6 |1 1 2 1 3 11 1 1 1 1 13 1 7 1 1 1 |1 3 1 1 6 1 1 9 1 1 1 11 1 1 1 1 |1 1 3 6 1 2 7 14 1 1 14 1 1 13 1 1 |2 1 1 1 11 15 4 8 3 9 4 1 14 1 1 1 |1 1 1 1 1 15 1 13 8 7 1 5 1 1 1 5 |1 1 1 1 1 1 1 1 5 7 1 1 1 2 1 1 |1 1 1 1 1 15 13 12 1 5 15 1 1 12 1 17 |
17165: 1 1 1 1 7 9 2 1 1 1 1 7 1 4 6 1 |1 1 1 1 3 6 1 1 1 1 1 10 1 1 11 1 |1 1 2 1 5 10 10 8 6 1 7 1 1 1 1 1 |1 1 1 1 1 3 6 1 1 9 1 6 1 5 1 14 |1 1 1 1 1 1 1 1 1 1 1 1 8 1 14 2 |1 1 1 1 6 9 1 1 1 1 15 1 9 1 1 1 |1 2 9 1 1 1 1 7 1 1 1 12 1 2 1 3 |1 1 3 6 1 2 7 14 1 1 14 1 1 13 1 1 |2 1 1 1 11 15 4 8 3 9 4 1 14 1 1 1 |1 1 1 1 1 15 1 13 8 7 1 5 1 1 1 5 |1 1 1 1 1 1 1 1 5 7 1 1 1 2 1 1 |1 1 1 1 1 15 13 12 1 5 15 1 1 12 1 17 |
17176: 1 1 1 1 7 9 2 1 1 1 1 7 1 4 6 1 |1 1 1 1 3 6 1 1 1 1 1 10 1 1 11 1 |1 1 2 1 5 10 10 8 6 1 7 1 1 1 1 1 |1 1 1 1 1 3 6 1 1 9 1 6 1 5 1 14 |1 1 1 1 1 1 1 1 1 1 1 1 8 1 14 2 |1 1 1 1 6 9 1 1 1 1 15 1 9 1 1 1 |1 2 9 1 1 1 1 7 1 1 1 12 1 2 1 3 |1 1 1 14 1 1 1 14 1 1 11 1 1 14 4 1 |1 1 1 1 12 14 3 11 2 1 1 1 1 1 8 5 |7 1 4 1 1 1 1 13 3 13 1 5 1 7 1 5 |1 1 1 1 1 1 1 13 1 1 1 1 1 1 9 1 |1 6 4 1 1 2 1 13 1 1 18 1 1 12 1 1 |
17187: 1 1 1 1 7 9 2 1 1 1 1 7 1 4 6 1 |1 1 1 1 3 6 1 1 1 1 1 10 1 1 11 1 |1 1 2 1 5 10 10 8 6 1 7 1 1 1 1 1 |1 1 1 1 1 3 6 1 1 9 1 6 1 5 1 14 |1 1 1 1 1 1 1 1 1 1 1 1 8 1 14 2 |1 1 1 1 6 9 1 1 1 1 15 1 9 1 1 1 |1 2 9 1 1 1 1 7 1 1 1 12 1 2 1 3 |1 1 1 14 1 1 1 14 1 1 11 1 1 14 4 1 |1 1 1 1 12 14 3 11 2 1 1 1 1 1 8 5 |7 1 4 1 1 1 1 13 3 13 1 5 1 7 1 5 |1 1 1 1 1 1 1 13 1 1 1 1 1 1 9 1 |1 6 4 1 1 2 1 13 1 1 18 1 1 12 1 1 |
17198: 1 1 1 1 1 12 1 1 1 1 1 1 1 3 5 1 |1 1 8 1 5 1 1 1 1 1 1 13 1 2 10 1 |1 1 2 1 1 1 4 1 6 1 1 1 1 1 1 1 |1 1 1 1 1 5 2 1 9 4 1 1 1 5 1 10 |1 7 1 1 5 8 7 1 1 1 1 1 10 1 13 7 |1 1 1 1 5 1 1 1 1 1 13 1 8 1 1 1 |1 4 8 7 1 1 1 9 1 5 1 10 1 1 1 1 |1 1 1 14 1 1 1 14 1 1 11 1 1 14 4 1 |1 1 1 1 12 14 3 11 2 1 1 1 1 1 8 5 |7 1 4 1 1 1 1 13 3 13 1 5 1 7 1 5 |1 1 1 1 1 1 1 13 1 1 1 1 1 1 9 1 |1 6 4 1 1 2 1 13 1 1 18 1 1 12 1 1 |
17209: 1 1 1 1 1 12 1 1 1 1 1 1 1 3 5 1 |1 1 8 1 5 1 1 1 1 1 1 13 1 2 10 1 |1 1 2 1 1 1 4 1 6 1 1 1 1 1 1 1 |1 1 1 1 1 5 2 1 9 4 1 1 1 5 1 10 |1 7 1 1 5 8 7 1 1 1 1 1 10 1 13 7 |1 1 1 1 5 1 1 1 1 1 13 1 8 1 1 1 |1 4 8 7 1 1 1 9 1 5 1 10 1 1 1 1 |1 1 4 15 1 2 4 14 1 1 15 1 1 13 1 1 |1 1 1 1 1 14 10 6 1 8 9 1 10 1 1 1 |2 1 1 1 1 1 1 14 5 13 1 6 1 1 1 1 |15 1 1 1 1 1 1 13 6 5 1 1 1 1 9 1 |1 1 1 1 1 2 3 1 1 6 14 1 1 13 1 1 |
17220: 1 1 1 1 1 12 1 1 1 1 1 1 1 3 5 1 |1 1 8 1 5 1 1 1 1 1 1 13 1 2 10 1 |1 1 2 1 1 1 4 1 6 1 1 1 1 1 1 1 |1 1 1 1 1 5 2 1 9 4 1 1 1 5 1 10 |1 7 1 1 5 8 7 1 1 1 1 1 10 1 13 7 |1 1 1 1 5 1 1 1 1 1 13 1 8 1 1 1 |1 4 8 7 1 1 1 9 1 5 1 10 1 1 1 1 |1 1 4 15 1 2 4 14 1 1 15 1 1 13 1 1 |1 1 1 1 1 14 10 6 1 8 9 1 10 1 1 1 |2 1 1 1 1 1 1 14 5 13 1 6 1 1 1 1 |15 1 1 1 1 1 1 13 6 5 1 1 1 1 9 1 |1 1 1 1 1 2 3 1 1 6 14 1 1 13 1 1 |
17231: 1 1 1 1 1 8 9 8 1 3 1 1 1 1 4 1 |1 1 1 1 1 1 1 1 1 1 1 1 1 1 10 1 |1 1 6 1 1 5 1 7 6 1 1 7 1 1 1 1 |1 1 1 2 1 1 8 1 1 7 1 1 1 6 1 10 |1 1 1 1 1 9 9 1 1 1 1 1 11 1 14 7 |1 1 2 1 6 11 1 4 1 1 14 1 8 1 2 1 |1 4 2 1 7 1 1 9 1 1 3 12 1 1 1 1 |6 1 1 1 1 3 4 12 1 2 11 1 1 12 1 8 |1 1 1 1 1 14 10 6 1 8 9 1 10 1 1 1 |2 1 1 1 1 1 1 14 5 13 1 6 1 1 1 1 |15 1 1 1 1 1 1 13 6 5 1 1 1 1 9 1 |1 1 1 1 1 2 3 1 1 6 14 1 1 13 1 1 |
17242: 1 1 1 1 1 8 9 8 1 3 1 1 1 1 4 1 |1 1 1 1 1 1 1 1 1 1 1 1 1 1 10 1 |1 1 6 1 1 5 1 7 6 1 1 7 1 1 1 1 |1 1 1 2 1 1 8 1 1 7 1 1 1 6 1 10 |1 1 1 1 1 9 9 1 1 1 1 1 11 1 14 7 |1 1 2 1 6 11 1 4 1 1 14 1 8 1 2 1 |1 4 2 1 7 1 1 9 1 1 3 12 1 1 1 1 |6 1 1 1 1 3 4 12 1 2 11 1 1 12 1 8 |4 1 1 1 1 17 5 10 2 10 3 1 9 1 7 1 |1 1 3 1 1 7 1 13 7 7 1 2 1 8 1 6 |1 1 3 1 1 1 1 13 5 10 7 1 1 1 8 1 |1 1 1 1 2 7 1 12 1 1 3 1 1 12 2 1 |
17253: 1 1 1 1 1 8 9 8 1 3 1 1 1 1 4 1 |1 1 1 1 1 1 1 1 1 1 1 1 1 1 10 1 |1 1 6 1 1 5 1 7 6 1 1 7 1 1 1 1 |1 1 1 2 1 1 8 1 1 7 1 1 1 6 1 10 |1 1 1 1 1 9 9 1 1 1 1 1 11 1 14 7 |1 1 2 1 6 11 1 4 1 1 14 1 8 1 2 1 |1 4 2 1 7 1 1 9 1 1 3 12 1 1 1 1 |6 1 1 1 1 3 4 12 1 2 11 1 1 12 1 8 |4 1 1 1 1 17 5 10 2 10 3 1 9 1 7 1 |1 1 3 1 1 7 1 13 7 7 1 2 1 8 1 6 |1 1 3 1 1 1 1 13 5 10 7 1 1 1 8 1 |1 1 1 1 2 7 1 12 1 1 3 1 1 12 2 1 |
17264: 1 1 1 1 8 6 8 5 1 1 1 1 1 1 1 1 |1 1 1 1 3 1 1 1 1 1 1 1 1 2 11 1 |1 1 8 1 1 3 4 5 4 1 7 7 1 1 1 1 |1 1 1 1 1 6 6 1 8 6 1 1 1 9 1 11 |1 1 1 1 1 9 10 1 1 1 1 1 11 1 13 8 |1 1 1 1 3 10 1 3 1 1 12 1 10 1 1 1 |1 4 2 1 7 1 1 9 1 1 3 12 1 1 1 1 |6 1 1 1 1 3 4 12 1 2 11 1 1 12 1 8 |4 1 1 1 1 17 5 10 2 10 3 1 9 1 7 1 |1 1 3 1 1 7 1 13 7 7 1 2 1 8 1 6 |1 1 3 1 1 1 1 13 5 10 7 1 1 1 8 1 |1 1 1 1 2 7 1 12 1 1 3 1 1 12 2 1 |
17275: 1 1 1 1 8 6 8 5 1 1 1 1 1 1 1 1 |1 1 1 1 3 1 1 1 1 1 1 1 1 2 11 1 |1 1 8 1 1 3 4 5 4 1 7 7 1 1 1 1 |1 1 1 1 1 6 6 1 8 6 1 1 1 9 1 11 |1 1 1 1 1 9 10 1 1 1 1 1 11 1 13 8 |1 1 1 1 3 10 1 3 1 1 12 1 10 1 1 1 |1 5 8 1 1 1 1 10 1 1 1 11 1 1 1 3 |1 1 1 13 1 12 3 6 1 1 13 1 1 3 1 9 |1 1 1 1 14 13 10 5 1 9 4 1 12 1 6 4 |1 1 4 1 1 1 1 7 1 12 1 7 1 1 1 7 |8 1 1 9 1 1 1 12 6 7 10 3 1 1 9 1 |1 1 1 1 1 15 9 1 1 5 15 1 1 12 1 1 |
17286: 1 1 1 1 8 6 8 5 1 1 1 1 1 1 1 1 |1 1 1 1 3 1 1 1 1 1 1 1 1 2 11 1 |1 1 8 1 1 3 4 5 4 1 7 7 1 1 1 1 |1 1 1 1 1 6 6 1 8 6 1 1 1 9 1 11 |1 1 1 1 1 9 10 1 1 1 1 1 11 1 13 8 |1 1 1 1 3 10 1 3 1 1 12 1 10 1 1 1 |1 5 8 1 1 1 1 10 1 1 1 11 1 1 1 3 |1 1 1 13 1 12 3 6 1 1 13 1 1 3 1 9 |1 1 1 1 14 13 10 5 1 9 4 1 12 1 6 4 |1 1 4 1 1 1 1 7 1 12 1 7 1 1 1 7 |8 1 1 9 1 1 1 12 6 7 10 3 1 1 9 1 |1 1 1 1 1 15 9 1 1 5 15 1 1 12 1 1 |
17297: 1 1 1 1 1 9 1 1 1 1 1 1 1 1 5 1 |1 1 8 1 3 7 1 1 1 1 1 12 1 1 5 1 |1 1 7 1 1 2 7 7 5 1 6 1 1 1 1 2 |1 1 1 1 1 5 2 1 9 5 1 1 1 5 1 8 |1 2 1 1 1 8 9 1 1 1 1 1 10 1 7 13 |1 1 1 1 6 2 1 1 1 1 13 1 7 1 1 1 |1 4 1 13 6 1 1 9 1 1 1 11 1 1 1 5 |1 1 1 13 1 12 3 6 1 1 13 1 1 3 1 9 |1 1 1 1 14 13 10 5 1 9 4 1 12 1 6 4 |1 1 4 1 1 1 1 7 1 12 1 7 1 1 1 7 |8 1 1 9 1 1 1 12 6 7 10 3 1 1 9 1 |1 1 1 1 1 15 9 1 1 5 15 1 1 12 1 1 |
17308: 1 1 1 1 1 9 1 1 1 1 1 1 1 1 5 1 |1 1 8 1 3 7 1 1 1 1 1 12 1 1 5 1 |1 1 7 1 1 2 7 7 5 1 6 1 1 1 1 2 |1 1 1 1 1 5 2 1 9 5 1 1 1 5 1 8 |1 2 1 1 1 8 9 1 1 1 1 1 10 1 7 13 |1 1 1 1 6 2 1 1 1 1 13 1 7 1 1 1 |1 4 1 13 6 1 1 9 1 1 1 11 1 1 1 5 |5 1 4 15 1 4 9 14 1 1 15 1 1 11 1 1 |1 1 1 1 1 16 11 11 1 9 6 1 1 1 7 6 |2 1 1 1 2 1 1 15 8 5 1 6 1 7 1 7 |1 1 1 1 1 1 1 5 6 7 1 2 1 1 1 1 |1 1 1 1 1 7 1 1 1 4 10 1 1 11 1 1 |
17319: 1 1 1 1 1 9 1 1 1 1 1 1 1 1 5 1 |1 1 8 1 3 7 1 1 1 1 1 12 1 1 5 1 |1 1 7 1 1 2 7 7 5 1 6 1 1 1 1 2 |1 1 1 1 1 5 2 1 9 5 1 1 1 5 1 8 |1 2 1 1 1 8 9 1 1 1 1 1 10 1 7 13 |1 1 1 1 6 2 1 1 1 1 13 1 7 1 1 1 |1 4 1 13 6 1 1 9 1 1 1 11 1 1 1 5 |5 1 4 15 1 4 9 14 1 1 15 1 1 11 1 1 |1 1 1 1 1 16 11 11 1 9 6 1 1 1 7 6 |2 1 1 1 2 1 1 15 8 5 1 6 1 7 1 7 |1 1 1 1 1 1 1 5 6 7 1 2 1 1 1 1 |1 1 1 1 1 7 1 1 1 4 10 1 1 11 1 1 |
17330: 1 1 1 2 8 6 7 1 1 1 1 1 1 3 8 1 |1 1 7 1 3 1 1 1 1 1 1 8 1 1 6 1 |1 1 9 1 1 7 13 6 5 1 2 7 1 1 1 1 |1 1 1 3 1 1 1 1 6 6 1 1 1 7 1 11 |1 1 1 1 1 9 8 1 1 1 1 1 11 1 7 6 |1 1 1 1 6 2 1 1 1 1 13 1 7 1 1 1 |1 4 1 13 6 1 1 9 1 1 1 11 1 1 1 5 |5 1 4 15 1 4 9 14 1 1 15 1 1 11 1 1 |1 1 1 1 1 16 11 11 1 9 6 1 1 1 7 6 |2 1 1 1 2 1 1 15 8 5 1 6 1 7 1 7 |1 1 1 1 1 1 1 5 6 7 1 2 1 1 1 1 |1 1 1 1 1 7 1 1 1 4 10 1 1 11 1 1 |
17340: 1 1 1 2 8 6 7 1 1 1 1 1 1 3 8 1 |1 1 7 1 3 1 1 1 1 1 1 8 1 1 6 1 |1 1 9 1 1 7 13 6 5 1 2 7 1 1 1 1 |1 1 1 3 1 1 1 1 6 6 1 1 1 7 1 11 |1 1 1 1 1 9 8 1 1 1 1 1 11 1 7 6 |1 1 2 1 5 12 1 1 1 1 13 1 9 1 1 1 |1 5 8 1 7 3 1 1 1 4 1 10 1 1 1 1 |7 1 1 1 1 2 7 10 1 1 14 1 1 13 1 9 |1 1 1 1 2 15 9 10 2 1 3 1 1 1 8 3 |1 1 2 1 1 1 1 14 9 5 1 2 1 6 1 8 |9 1 12 6 1 1 1 15 3 7 1 1 1 1 1 1 |1 1 1 1 1 14 1 13 1 3 11 2 1 4 1 1 |
17351: 1 1 1 2 8 6 7 1 1 1 1 1 1 3 8 1 |1 1 7 1 3 1 1 1 1 1 1 8 1 1 6 1 |1 1 9 1 1 7 13 6 5 1 2 7 1 1 1 1 |1 1 1 3 1 1 1 1 6 6 1 1 1 7 1 11 |1 1 1 1 1 9 8 1 1 1 1 1 11 1 7 6 |1 1 2 1 5 12 1 1 1 1 13 1 9 1 1 1 |1 5 8 1 7 3 1 1 1 4 1 10 1 1 1 1 |7 1 1 1 1 2 7 10 1 1 14 1 1 13 1 9 |1 1 1 1 2 15 9 10 2 1 3 1 1 1 8 3 |1 1 2 1 1 1 1 14 9 5 1 2 1 6 1 8 |9 1 12 6 1 1 1 15 3 7 1 1 1 1 1 1 |1 1 1 1 1 14 1 13 1 3 11 2 1 4 1 1 |
17363: 1 1 1 7 6 7 6 13 1 1 1 6 1 4 5 1 |1 1 1 1 4 5 1 1 1 1 1 10 8 1 10 1 |1 1 8 1 1 6 1 6 5 1 1 8 1 1 1 2 |1 1 1 4 1 4 2 1 8 6 1 1 1 6 1 11 |1 1 1 1 1 1 10 1 1 1 1 1 8 1 12 8 |1 1 2 1 5 12 1 1 1 1 13 1 9 1 1 1 |1 5 8 1 7 3 1 1 1 4 1 10 1 1 1 1 |7 1 1 1 1 2 7 10 1 1 14 1 1 13 1 9 |1 1 1 1 2 15 9 10 2 1 3 1 1 1 8 3 |1 1 2 1 1 1 1 14 9 5 1 2 1 6 1 8 |9 1 12 6 1 1 1 15 3 7 1 1 1 1 1 1 |1 1 1 1 1 14 1 13 1 3 11 2 1 4 1 1 |
17374: 1 1 1 7 6 7 6 13 1 1 1 6 1 4 5 1 |1 1 1 1 4 5 1 1 1 1 1 10 8 1 10 1 |1 1 8 1 1 6 1 6 5 1 1 8 1 1 1 2 |1 1 1 4 1 4 2 1 8 6 1 1 1 6 1 11 |1 1 1 1 1 1 10 1 1 1 1 1 8 1 12 8 |1 1 1 2 4 10 1 1 1 1 12 1 11 1 1 1 |1 5 8 1 1 1 1 2 1 1 1 9 1 1 1 1 |7 1 9 12 1 1 8 9 1 1 2 1 1 14 1 1 |1 1 1 1 13 13 11 5 1 6 11 1 1 2 2 1 |1 1 1 1 1 1 1 4 1 1 1 7 1 2 1 1 |1 1 1 1 1 1 1 14 6 5 5 1 1 1 8 1 |1 1 1 8 1 15 9 2 1 4 15 1 1 11 1 11 |
17385: 1 1 1 7 6 7 6 13 1 1 1 6 1 4 5 1 |1 1 1 1 4 5 1 1 1 1 1 10 8 1 10 1 |1 1 8 1 1 6 1 6 5 1 1 8 1 1 1 2 |1 1 1 4 1 4 2 1 8 6 1 1 1 6 1 11 |1 1 1 1 1 1 10 1 1 1 1 1 8 1 12 8 |1 1 1 2 4 10 1 1 1 1 12 1 11 1 1 1 |1 5 8 1 1 1 1 2 1 1 1 9 1 1 1 1 |7 1 9 12 1 1 8 9 1 1 2 1 1 14 1 1 |1 1 1 1 13 13 11 5 1 6 11 1 1 2 2 1 |1 1 1 1 1 1 1 4 1 1 1 7 1 2 1 1 |1 1 1 1 1 1 1 14 6 5 5 1 1 1 8 1 |1 1 1 8 1 15 9 2 1 4 15 1 1 11 1 11 |
17396: 1 1 1 1 1 7 8 6 1 1 1 1 1 1 5 1 |1 1 1 1 4 5 1 1 1 1 1 8 1 1 1 1 |1 1 6 1 1 1 12 6 4 1 1 7 1 1 1 1 |1 1 1 1 1 2 8 1 4 9 1 1 1 1 1 9 |1 1 1 1 1 11 9 1 1 1 1 1 9 1 13 6 |1 1 1 1 4 14 1 1 1 1 13 1 9 1 1 1 |1 5 8 1 1 1 1 2 1 1 1 9 1 1 1 1 |7 1 9 12 1 1 8 9 1 1 2 1 1 14 1 1 |1 1 1 1 13 13 11 5 1 6 11 1 1 2 2 1 |1 1 1 1 1 1 1 4 1 1 1 7 1 2 1 1 |1 1 1 1 1 1 1 14 6 5 5 1 1 1 8 1 |1 1 1 8 1 15 9 2 1 4 15 1 1 11 1 11 |
17406: 1 1 1 1 1 7 8 6 1 1 1 1 1 1 5 1 |1 1 1 1 4 5 1 1 1 1 1 8 1 1 1 1 |1 1 6 1 1 1 12 6 4 1 1 7 1 1 1 1 |1 1 1 1 1 2 8 1 4 9 1 1 1 1 1 9 |1 1 1 1 1 11 9 1 1 1 1 1 9 1 13 6 |1 1 1 1 4 14 1 1 1 1 13 1 9 1 1 1 |1 10 4 1 1 1 1 1 1 7 1 10 1 4 1 1 |9 1 4 2 1 1 1 14 1 1 2 1 1 5 1 8 |1 1 1 1 1 1 9 9 7 1 1 1 1 1 9 3 |1 1 1 1 3 1 1 13 2 8 1 7 1 7 1 6 |1 1 1 1 1 1 1 1 8 5 1 1 1 2 2 1 |1 1 1 1 1 1 1 1 1 3 15 1 1 1 1 1 |
17417: 1 1 1 1 1 7 8 6 1 1 1 1 1 1 5 1 |1 1 1 1 4 5 1 1 1 1 1 8 1 1 1 1 |1 1 6 1 1 1 12 6 4 1 1 7 1 1 1 1 |1 1 1 1 1 2 8 1 4 9 1 1 1 1 1 9 |1 1 1 1 1 11 9 1 1 1 1 1 9 1 13 6 |1 1 1 1 4 14 1 1 1 1 13 1 9 1 1 1 |1 10 4 1 1 1 1 1 1 7 1 10 1 4 1 1 |9 1 4 2 1 1 1 14 1 1 2 1 1 5 1 8 |1 1 1 1 1 1 9 9 7 1 1 1 1 1 9 3 |1 1 1 1 3 1 1 13 2 8 1 7 1 7 1 6 |1 1 1 1 1 1 1 1 8 5 1 1 1 2 2 1 |1 1 1 1 1 1 1 1 1 3 15 1 1 1 1 1 |
17428: 1 1 1 5 6 2 1 1 1 1 1 1 1 1 1 1 |1 1 1 1 5 1 1 1 1 1 1 10 1 1 11 1 |1 1 6 1 1 1 12 6 4 1 1 7 1 1 1 1 |1 1 1 1 1 2 8 1 4 9 1 1 1 1 1 9 |1 1 1 1 1 11 9 1 1 1 1 1 9 1 13 6 |1 1 1 1 4 14 1 1 1 1 13 1 9 1 1 1 |1 10 4 1 1 1 1 1 1 7 1 10 1 4 1 1 |9 1 4 2 1 1 1 14 1 1 2 1 1 5 1 8 |1 1 1 1 1 1 9 9 7 1 1 1 1 1 9 3 |1 1 1 1 3 1 1 13 2 8 1 7 1 7 1 6 |1 1 1 1 1 1 1 1 8 5 1 1 1 2 2 1 |1 1 1 1 1 1 1 1 1 3 15 1 1 1 1 1 |
17438: 1 1 1 5 6 2 1 1 1 1 1 1 1 1 1 1 |1 1 1 1 5 1 1 1 1 1 1 10 1 1 11 1 |1 1 2 1 1 2 1 7 5 1 8 6 1 1 1 3 |1 1 1 2 1 1 1 1 9 5 1 1 1 6 1 9 |1 1 1 1 5 9 9 1 1 1 1 1 11 1 14 11 |1 1 1 1 5 10 1 1 1 1 13 1 9 1 1 1 |1 5 7 1 8 1 1 8 1 1 10 7 2 1 1 1 |1 1 1 13 1 5 2 13 1 1 16 1 1 8 1 9 |1 1 1 1 10 8 1 14 2 1 1 1 12 1 9 7 |3 1 4 1 1 5 1 14 1 14 1 3 1 7 1 6 |7 1 1 9 1 1 1 12 6 5 1 1 1 1 1 1 |1 5 1 3 1 13 1 2 1 3 11 1 1 1 1 1 |
17449: 1 1 1 5 6 2 1 1 1 1 1 1 1 1 1 1 |1 1 1 1 5 1 1 1 1 1 1 10 1 1 11 1 |1 1 2 1 1 2 1 7 5 1 8 6 1 1 1 3 |1 1 1 2 1 1 1 1 9 5 1 1 1 6 1 9 |1 1 1 1 5 9 9 1 1 1 1 1 11 1 14 11 |1 1 1 1 5 10 1 1 1 1 13 1 9 1 1 1 |1 5 7 1 8 1 1 8 1 1 10 7 2 1 1 1 |1 1 1 13 1 5 2 13 1 1 16 1 1 8 1 9 |1 1 1 1 10 8 1 14 2 1 1 1 12 1 9 7 |3 1 4 1 1 5 1 14 1 14 1 3 1 7 1 6 |7 1 1 9 1 1 1 12 6 5 1 1 1 1 1 1 |1 5 1 3 1 13 1 2 1 3 11 1 1 1 1 1 |
17460: 1 1 1 1 6 7 9 11 1 6 1 5 1 1 8 1 |1 1 8 1 6 1 1 1 1 1 1 11 1 2 10 1 |1 1 2 1 1 2 1 7 5 1 8 6 1 1 1 3 |1 1 1 2 1 1 1 1 9 5 1 1 1 6 1 9 |1 1 1 1 5 9 9 1 1 1 1 1 11 1 14 11 |1 1 1 1 5 10 1 1 1 1 13 1 9 1 1 1 |1 5 7 1 8 1 1 8 1 1 10 7 2 1 1 1 |1 1 1 13 1 5 2 13 1 1 16 1 1 8 1 9 |1 1 1 1 10 8 1 14 2 1 1 1 12 1 9 7 |3 1 4 1 1 5 1 14 1 14 1 3 1 7 1 6 |7 1 1 9 1 1 1 12 6 5 1 1 1 1 1 1 |1 5 1 3 1 13 1 2 1 3 11 1 1 1 1 1 |
17470: 1 1 1 1 6 7 9 11 1 6 1 5 1 1 8 1 |1 1 8 1 6 1 1 1 1 1 1 11 1 2 10 1 |1 1 8 1 1 10 3 5 6 1 7 8 1 1 1 2 |1 1 1 2 1 5 2 1 7 6 1 1 1 6 1 11 |1 1 1 1 1 6 7 1 1 1 1 1 10 1 13 12 |1 1 1 1 4 11 1 4 1 1 11 1 10 1 1 1 |1 2 1 1 1 1 1 9 1 1 1 11 1 1 1 1 |1 1 1 13 1 4 1 12 1 1 14 1 7 15 1 10 |1 1 1 1 15 14 7 4 1 7 10 1 13 1 6 5 |1 1 5 1 3 1 1 4 1 1 1 8 1 1 1 5 |7 1 1 9 1 1 1 12 6 5 1 1 1 1 1 1 |1 5 1 3 1 13 1 2 1 3 11 1 1 1 1 1 |
17480: 1 1 1 1 6 7 9 11 1 6 1 5 1 1 8 1 |1 1 8 1 6 1 1 1 1 1 1 11 1 2 10 1 |1 1 8 1 1 10 3 5 6 1 7 8 1 1 1 2 |1 1 1 2 1 5 2 1 7 6 1 1 1 6 1 11 |1 1 1 1 1 6 7 1 1 1 1 1 10 1 13 12 |1 1 1 1 4 11 1 4 1 1 11 1 10 1 1 1 |1 2 1 1 1 1 1 9 1 1 1 11 1 1 1 1 |1 1 1 13 1 4 1 12 1 1 14 1 7 15 1 10 |1 1 1 1 15 14 7 4 1 7 10 1 13 1 6 5 |1 1 5 1 3 1 1 4 1 1 1 8 1 1 1 5 |9 1 1 1 5 1 1 14 1 1 1 1 1 1 9 1 |1 1 1 9 1 13 9 1 1 5 16 1 1 12 1 1 |
17490: 1 1 1 1 1 7 2 1 1 3 1 1 1 2 7 1 |1 1 8 1 6 1 1 1 1 1 1 11 1 2 10 1 |1 1 8 1 1 10 3 5 6 1 7 8 1 1 1 2 |1 1 1 2 1 5 2 1 7 6 1 1 1 6 1 11 |1 1 1 1 1 6 7 1 1 1 1 1 10 1 13 12 |1 1 1 1 4 11 1 4 1 1 11 1 10 1 1 1 |1 2 1 1 1 1 1 9 1 1 1 11 1 1 1 1 |1 1 1 13 1 4 1 12 1 1 14 1 7 15 1 10 |1 1 1 1 15 14 7 4 1 7 10 1 13 1 6 5 |1 1 5 1 3 1 1 4 1 1 1 8 1 1 1 5 |9 1 1 1 5 1 1 14 1 1 1 1 1 1 9 1 |1 1 1 9 1 13 9 1 1 5 16 1 1 12 1 1 |
17501: 1 1 1 1 1 7 2 1 1 3 1 1 1 2 7 1 |1 1 1 1 5 8 1 1 1 1 1 10 1 1 1 1 |1 1 7 1 1 1 11 6 1 1 1 1 1 1 1 2 |1 1 1 1 1 5 9 1 1 6 1 1 1 6 1 10 |1 7 1 1 1 9 7 1 1 1 1 1 9 1 13 6 |1 1 1 1 5 3 1 3 1 1 13 1 1 1 1 1 |1 1 6 1 6 1 1 1 1 1 1 11 1 1 1 1 |3 1 10 7 1 1 1 13 1 1 15 1 1 15 1 8 |1 1 1 1 15 14 7 4 1 7 10 1 13 1 6 5 |1 1 5 1 3 1 1 4 1 1 1 8 1 1 1 5 |9 1 1 1 5 1 1 14 1 1 1 1 1 1 9 1 |1 1 1 9 1 13 9 1 1 5 16 1 1 12 1 1 |
17512: 1 1 1 1 1 7 2 1 1 3 1 1 1 2 7 1 |1 1 1 1 5 8 1 1 1 1 1 10 1 1 1 1 |1 1 7 1 1 1 11 6 1 1 1 1 1 1 1 2 |1 1 1 1 1 5 9 1 1 6 1 1 1 6 1 10 |1 7 1 1 1 9 7 1 1 1 1 1 9 1 13 6 |1 1 1 1 5 3 1 3 1 1 13 1 1 1 1 1 |1 1 6 1 6 1 1 1 1 1 1 11 1 1 1 1 |3 1 10 7 1 1 1 13 1 1 15 1 1 15 1 8 |1 1 1 1 1 6 1 10 1 10 5 1 1 2 7 3 |2 1 11 1 2 1 1 13 8 10 1 6 1 9 1 8 |1 1 4 1 1 1 1 2 6 17 1 1 1 1 1 1 |1 1 1 1 5 15 7 1 1 3 16 1 1 13 1 1 |
17523: 1 1 1 1 1 7 2 1 1 3 1 1 1 2 7 1 |1 1 1 1 5 8 1 1 1 1 1 10 1 1 1 1 |1 1 7 1 1 1 11 6 1 1 1 1 1 1 1 2 |1 1 1 1 1 5 9 1 1 6 1 1 1 6 1 10 |1 7 1 1 1 9 7 1 1 1 1 1 9 1 13 6 |1 1 1 1 5 3 1 3 1 1 13 1 1 1 1 1 |1 1 6 1 6 1 1 1 1 1 1 11 1 1 1 1 |3 1 10 7 1 1 1 13 1 1 15 1 1 15 1 8 |1 1 1 1 1 6 1 10 1 10 5 1 1 2 7 3 |2 1 11 1 2 1 1 13 8 10 1 6 1 9 1 8 |1 1 4 1 1 1 1 2 6 17 1 1 1 1 1 1 |1 1 1 1 5 15 7 1 1 3 16 1 1 13 1 1 |
17533: 1 1 1 1 9 1 1 1 1 1 1 1 1 1 5 1 |1 1 1 1 1 2 1 1 1 1 1 8 1 1 14 1 |1 1 7 1 1 8 4 5 1 1 1 4 1 1 1 1 |1 1 1 1 1 1 1 1 1 6 1 1 1 7 1 11 |1 8 1 1 1 9 3 1 1 1 1 1 9 1 13 7 |1 1 3 1 4 11 1 1 1 1 13 1 8 1 1 1 |1 1 6 1 6 1 1 1 1 1 1 11 1 1 1 1 |3 1 10 7 1 1 1 13 1 1 15 1 1 15 1 8 |1 1 1 1 1 6 1 10 1 10 5 1 1 2 7 3 |2 1 11 1 2 1 1 13 8 10 1 6 1 9 1 8 |1 1 4 1 1 1 1 2 6 17 1 1 1 1 1 1 |1 1 1 1 5 15 7 1 1 3 16 1 1 13 1 1 |
17543: 1 1 1 1 9 1 1 1 1 1 1 1 1 1 5 1 |1 1 1 1 1 2 1 1 1 1 1 8 1 1 14 1 |1 1 7 1 1 8 4 5 1 1 1 4 1 1 1 1 |1 1 1 1 1 1 1 1 1 6 1 1 1 7 1 11 |1 8 1 1 1 9 3 1 1 1 1 1 9 1 13 7 |1 1 3 1 4 11 1 1 1 1 13 1 8 1 1 1 |1 4 8 1 4 1 1 8 1 2 1 10 1 1 1 1 |1 1 1 12 1 1 9 8 1 1 8 1 1 15 1 9 |1 1 1 1 1 14 2 9 1 1 1 1 13 1 9 5 |2 1 1 1 3 1 1 12 7 10 1 5 1 6 1 6 |3 1 1 1 1 1 1 13 5 2 9 1 1 1 8 1 |1 5 1 1 1 15 7 9 1 2 11 1 1 12 1 3 |
17553: 1 1 1 1 9 1 1 1 1 1 1 1 1 1 5 1 |1 1 1 1 1 2 1 1 1 1 1 8 1 1 14 1 |1 1 7 1 1 8 4 5 1 1 1 4 1 1 1 1 |1 1 1 1 1 1 1 1 1 6 1 1 1 7 1 11 |1 8 1 1 1 9 3 1 1 1 1 1 9 1 13 7 |1 1 3 1 4 11 1 1 1 1 13 1 8 1 1 1 |1 4 8 1 4 1 1 8 1 2 1 10 1 1 1 1 |1 1 1 12 1 1 9 8 1 1 8 1 1 15 1 9 |1 1 1 1 1 14 2 9 1 1 1 1 13 1 9 5 |2 1 1 1 3 1 1 12 7 10 1 5 1 6 1 6 |3 1 1 1 1 1 1 13 5 2 9 1 1 1 8 1 |1 5 1 1 1 15 7 9 1 2 11 1 1 12 1 3 |
17585: 1 1 1 1 9 1 1 1 1 1 1 1 1 1 5 1 |1 1 1 1 1 2 1 1 1 1 1 8 1 1 14 1 |1 1 7 1 1 8 4 5 1 1 1 4 1 1 1 1 |1 1 1 1 1 1 1 1 1 6 1 1 1 7 1 11 |1 8 1 1 1 9 3 1 1 1 1 1 9 1 13 7 |1 1 3 1 4 11 1 1 1 1 13 1 8 1 1 1 |1 4 8 1 4 1 1 8 1 2 1 10 1 1 1 1 |1 1 1 12 1 1 9 8 1 1 8 1 1 15 1 9 |1 1 1 1 1 14 2 9 1 1 1 1 13 1 9 5 |2 1 1 1 3 1 1 12 7 10 1 5 1 6 1 6 |3 1 1 1 1 1 1 13 5 2 9 1 1 1 8 1 |1 5 1 1 1 15 7 9 1 2 11 1 1 12 1 3 |
17596: 1 1 1 8 1 1 1 7 1 5 1 4 1 1 7 3 |3 1 7 1 6 11 1 1 1 1 1 11 9 1 12 1 |1 1 8 1 4 10 14 8 6 1 8 5 1 1 1 1 |1 1 1 4 1 5 7 1 9 1 1 1 8 5 1 14 |1 1 1 1 8 9 10 1 1 1 1 1 12 1 13 12 |1 1 1 1 5 4 1 1 1 1 11 1 10 1 1 1 |1 4 8 3 1 1 1 4 1 1 1 11 1 1 1 1 |1 1 1 12 1 1 9 8 1 1 8 1 1 15 1 9 |1 1 1 1 1 14 2 9 1 1 1 1 13 1 9 5 |2 1 1 1 3 1 1 12 7 10 1 5 1 6 1 6 |3 1 1 1 1 1 1 13 5 2 9 1 1 1 8 1 |1 5 1 1 1 15 7 9 1 2 11 1 1 12 1 3 |
17607: 1 1 1 8 1 1 1 7 1 5 1 4 1 1 7 3 |3 1 7 1 6 11 1 1 1 1 1 11 9 1 12 1 |1 1 8 1 4 10 14 8 6 1 8 5 1 1 1 1 |1 1 1 4 1 5 7 1 9 1 1 1 8 5 1 14 |1 1 1 1 8 9 10 1 1 1 1 1 12 1 13 12 |1 1 1 1 5 4 1 1 1 1 11 1 10 1 1 1 |1 4 8 3 1 1 1 4 1 1 1 11 1 1 1 1 |6 1 4 15 1 1 2 1 1 1 1 1 1 14 2 1 |1 2 1 1 1 2 1 3 1 1 2 2 1 1 7 9 |1 1 6 1 1 1 1 1 1 13 1 5 1 2 1 7 |1 1 2 1 1 1 1 15 1 2 1 2 1 1 9 1 |1 3 1 6 1 1 1 1 1 3 10 1 1 1 1 5 |
17618: 1 1 1 8 1 1 1 7 1 5 1 4 1 1 7 3 |3 1 7 1 6 11 1 1 1 1 1 11 9 1 12 1 |1 1 8 1 4 10 14 8 6 1 8 5 1 1 1 1 |1 1 1 4 1 5 7 1 9 1 1 1 8 5 1 14 |1 1 1 1 8 9 10 1 1 1 1 1 12 1 13 12 |1 1 1 1 5 4 1 1 1 1 11 1 10 1 1 1 |1 4 8 3 1 1 1 4 1 1 1 11 1 1 1 1 |6 1 4 15 1 1 2 1 1 1 1 1 1 14 2 1 |1 2 1 1 1 2 1 3 1 1 2 2 1 1 7 9 |1 1 6 1 1 1 1 1 1 13 1 5 1 2 1 7 |1 1 2 1 1 1 1 15 1 2 1 2 1 1 9 1 |1 3 1 6 1 1 1 1 1 3 10 1 1 1 1 5 |
17629: 1 1 1 1 10 4 1 1 1 1 1 1 1 1 7 1 |1 1 1 1 6 8 1 1 1 1 1 1 1 1 11 1 |1 1 7 1 1 16 5 9 7 1 1 9 1 1 1 1 |1 1 1 1 1 5 7 1 6 5 1 1 1 8 1 11 |1 1 1 1 6 8 1 1 1 1 1 1 12 1 8 11 |1 1 2 1 1 10 1 5 1 1 14 1 10 1 1 1 |1 1 3 1 1 1 1 7 1 1 1 11 1 1 1 1 |7 1 1 13 1 2 1 1 1 1 16 1 1 13 1 1 |1 2 1 1 1 2 1 3 1 1 2 2 1 1 7 9 |1 1 6 1 1 1 1 1 1 13 1 5 1 2 1 7 |1 1 2 1 1 1 1 15 1 2 1 2 1 1 9 1 |1 3 1 6 1 1 1 1 1 3 10 1 1 1 1 5 |
17639: 1 1 1 1 10 4 1 1 1 1 1 1 1 1 7 1 |1 1 1 1 6 8 1 1 1 1 1 1 1 1 11 1 |1 1 7 1 1 16 5 9 7 1 1 9 1 1 1 1 |1 1 1 1 1 5 7 1 6 5 1 1 1 8 1 11 |1 1 1 1 6 8 1 1 1 1 1 1 12 1 8 11 |1 1 2 1 1 10 1 5 1 1 14 1 10 1 1 1 |1 1 3 1 1 1 1 7 1 1 1 11 1 1 1 1 |7 1 1 13 1 2 1 1 1 1 16 1 1 13 1 1 |1 1 1 6 15 15 10 10 1 1 1 2 1 1 9 3 |2 1 1 1 3 1 1 12 9 7 1 6 1 9 1 1 |1 1 2 2 1 1 1 15 1 10 4 1 1 1 8 1 |1 5 1 1 1 3 1 1 1 6 14 1 1 1 1 1 |
17650: 1 1 1 1 10 4 1 1 1 1 1 1 1 1 7 1 |1 1 1 1 6 8 1 1 1 1 1 1 1 1 11 1 |1 1 7 1 1 16 5 9 7 1 1 9 1 1 1 1 |1 1 1 1 1 5 7 1 6 5 1 1 1 8 1 11 |1 1 1 1 6 8 1 1 1 1 1 1 12 1 8 11 |1 1 2 1 1 10 1 5 1 1 14 1 10 1 1 1 |1 1 3 1 1 1 1 7 1 1 1 11 1 1 1 1 |7 1 1 13 1 2 1 1 1 1 16 1 1 13 1 1 |1 1 1 6 15 15 10 10 1 1 1 2 1 1 9 3 |2 1 1 1 3 1 1 12 9 7 1 6 1 9 1 1 |1 1 2 2 1 1 1 15 1 10 4 1 1 1 8 1 |1 5 1 1 1 3 1 1 1 6 14 1 1 1 1 1 |
17661: 1 1 1 6 10 7 10 14 1 1 1 1 1 4 6 1 |1 1 1 1 4 6 1 1 1 1 1 11 1 3 13 1 |1 1 9 1 1 8 5 6 5 1 1 1 1 1 1 1 |1 1 1 3 1 1 1 1 1 1 1 1 1 4 1 10 |1 9 3 1 1 9 10 1 1 1 1 1 12 1 13 11 |1 1 1 1 6 11 1 1 1 1 12 1 10 1 1 1 |1 1 3 1 1 1 1 7 1 1 1 11 1 1 1 1 |7 1 1 13 1 2 1 1 1 1 16 1 1 13 1 1 |1 1 1 6 15 15 10 10 1 1 1 2 1 1 9 3 |2 1 1 1 3 1 1 12 9 7 1 6 1 9 1 1 |1 1 2 2 1 1 1 15 1 10 4 1 1 1 8 1 |1 5 1 1 1 3 1 1 1 6 14 1 1 1 1 1 |
17672: 1 1 1 6 10 7 10 14 1 1 1 1 1 4 6 1 |1 1 1 1 4 6 1 1 1 1 1 11 1 3 13 1 |1 1 9 1 1 8 5 6 5 1 1 1 1 1 1 1 |1 1 1 3 1 1 1 1 1 1 1 1 1 4 1 10 |1 9 3 1 1 9 10 1 1 1 1 1 12 1 13 11 |1 1 1 1 6 11 1 1 1 1 12 1 10 1 1 1 |1 8 1 1 11 1 1 9 1 1 1 11 1 1 1 1 |1 1 12 13 1 1 1 14 1 1 1 1 1 12 1 10 |1 1 1 1 1 15 14 2 7 6 10 1 1 1 3 1 |1 1 1 1 1 1 1 13 2 11 1 7 1 1 1 7 |8 5 1 13 1 1 1 14 8 1 1 1 1 1 1 1 |1 5 1 1 1 1 1 2 1 3 15 1 1 10 2 6 |
17684: 1 1 1 6 10 7 10 14 1 1 1 1 1 4 6 1 |1 1 1 1 4 6 1 1 1 1 1 11 1 3 13 1 |1 1 9 1 1 8 5 6 5 1 1 1 1 1 1 1 |1 1 1 3 1 1 1 1 1 1 1 1 1 4 1 10 |1 9 3 1 1 9 10 1 1 1 1 1 12 1 13 11 |1 1 1 1 6 11 1 1 1 1 12 1 10 1 1 1 |1 8 1 1 11 1 1 9 1 1 1 11 1 1 1 1 |1 1 12 13 1 1 1 14 1 1 1 1 1 12 1 10 |1 1 1 1 1 15 14 2 7 6 10 1 1 1 3 1 |1 1 1 1 1 1 1 13 2 11 1 7 1 1 1 7 |8 5 1 13 1 1 1 14 8 1 1 1 1 1 1 1 |1 5 1 1 1 1 1 2 1 3 15 1 1 10 2 6 |
17694: 1 1 1 7 1 8 5 16 1 1 1 6 1 3 5 1 |1 1 8 1 1 2 1 1 1 1 1 10 1 2 12 1 |1 1 1 1 1 1 13 7 7 1 1 1 1 1 1 1 |1 1 1 3 1 1 3 4 7 6 1 1 11 7 1 12 |1 1 1 1 1 1 9 1 1 1 1 1 12 1 13 13 |1 1 6 1 5 10 1 1 1 1 14 1 10 1 1 1 |1 8 1 1 11 1 1 9 1 1 1 11 1 1 1 1 |1 1 12 13 1 1 1 14 1 1 1 1 1 12 1 10 |1 1 1 1 1 15 14 2 7 6 10 1 1 1 3 1 |1 1 1 1 1 1 1 13 2 11 1 7 1 1 1 7 |8 5 1 13 1 1 1 14 8 1 1 1 1 1 1 1 |1 5 1 1 1 1 1 2 1 3 15 1 1 10 2 6 |
17705: 1 1 1 7 1 8 5 16 1 1 1 6 1 3 5 1 |1 1 8 1 1 2 1 1 1 1 1 10 1 2 12 1 |1 1 1 1 1 1 13 7 7 1 1 1 1 1 1 1 |1 1 1 3 1 1 3 4 7 6 1 1 11 7 1 12 |1 1 1 1 1 1 9 1 1 1 1 1 12 1 13 13 |1 1 6 1 5 10 1 1 1 1 14 1 10 1 1 1 |1 5 7 1 1 1 1 5 1 1 1 13 1 1 1 1 |1 1 8 1 1 3 4 14 1 1 3 1 1 12 1 1 |1 1 1 1 1 15 8 11 1 10 6 1 1 1 1 10 |2 1 2 1 3 1 8 13 3 12 1 8 1 11 1 1 |7 1 3 1 1 1 1 13 6 6 1 1 1 1 8 1 |1 1 1 1 1 9 1 1 1 3 14 1 1 1 1 1 |
17717: 1 1 1 7 1 8 5 16 1 1 1 6 1 3 5 1 |1 1 8 1 1 2 1 1 1 1 1 10 1 2 12 1 |1 1 1 1 1 1 13 7 7 1 1 1 1 1 1 1 |1 1 1 3 1 1 3 4 7 6 1 1 11 7 1 12 |1 1 1 1 1 1 9 1 1 1 1 1 12 1 13 13 |1 1 6 1 5 10 1 1 1 1 14 1 10 1 1 1 |1 5 7 1 1 1 1 5 1 1 1 13 1 1 1 1 |1 1 8 1 1 3 4 14 1 1 3 1 1 12 1 1 |1 1 1 1 1 15 8 11 1 10 6 1 1 1 1 10 |2 1 2 1 3 1 8 13 3 12 1 8 1 11 1 1 |7 1 3 1 1 1 1 13 6 6 1 1 1 1 8 1 |1 1 1 1 1 9 1 1 1 3 14 1 1 1 1 1 |
17727: 1 1 1 1 8 8 6 1 1 1 1 5 1 1 1 5 |2 1 8 1 5 1 1 1 1 1 1 10 1 1 10 1 |1 1 7 1 1 2 2 8 2 1 8 7 1 1 1 1 |1 1 1 4 1 1 1 1 5 1 1 1 11 5 1 11 |1 1 1 1 6 1 6 1 1 1 1 1 9 1 13 1 |1 1 1 1 1 11 1 1 1 1 15 1 8 1 1 1 |1 5 7 1 1 1 1 5 1 1 1 13 1 1 1 1 |1 1 8 1 1 3 4 14 1 1 3 1 1 12 1 1 |1 1 1 1 1 15 8 11 1 10 6 1 1 1 1 10 |2 1 2 1 3 1 8 13 3 12 1 8 1 11 1 1 |7 1 3 1 1 1 1 13 6 6 1 1 1 1 8 1 |1 1 1 1 1 9 1 1 1 3 14 1 1 1 1 1 |
17738: 1 1 1 1 8 8 6 1 1 1 1 5 1 1 1 5 |2 1 8 1 5 1 1 1 1 1 1 10 1 1 10 1 |1 1 7 1 1 2 2 8 2 1 8 7 1 1 1 1 |1 1 1 4 1 1 1 1 5 1 1 1 11 5 1 11 |1 1 1 1 6 1 6 1 1 1 1 1 9 1 13 1 |1 1 1 1 1 11 1 1 1 1 15 1 8 1 1 1 |1 1 4 1 6 1 1 9 1 1 1 10 1 1 1 1 |1 1 1 14 1 1 1 1 1 3 9 1 1 13 1 9 |1 1 1 1 19 14 7 1 1 9 8 2 1 2 8 2 |1 1 4 1 2 1 1 14 8 8 1 1 1 8 1 6 |1 1 3 1 1 1 6 8 7 9 1 1 1 2 8 1 |1 1 1 1 1 1 2 11 1 3 14 1 1 11 1 1 |
17748: 1 1 1 1 8 8 6 1 1 1 1 5 1 1 1 5 |2 1 8 1 5 1 1 1 1 1 1 10 1 1 10 1 |1 1 7 1 1 2 2 8 2 1 8 7 1 1 1 1 |1 1 1 4 1 1 1 1 5 1 1 1 11 5 1 11 |1 1 1 1 6 1 6 1 1 1 1 1 9 1 13 1 |1 1 1 1 1 11 1 1 1 1 15 1 8 1 1 1 |1 1 4 1 6 1 1 9 1 1 1 10 1 1 1 1 |1 1 1 14 1 1 1 1 1 3 9 1 1 13 1 9 |1 1 1 1 19 14 7 1 1 9 8 2 1 2 8 2 |1 1 4 1 2 1 1 14 8 8 1 1 1 8 1 6 |1 1 3 1 1 1 6 8 7 9 1 1 1 2 8 1 |1 1 1 1 1 1 2 11 1 3 14 1 1 11 1 1 |
17759: 1 1 1 4 8 12 1 1 1 1 1 1 1 1 7 1 |1 1 1 1 6 1 1 1 1 1 1 9 1 1 5 1 |1 1 1 1 1 8 8 3 1 1 1 5 1 1 1 1 |1 1 1 4 1 1 1 1 5 1 1 1 11 5 1 11 |1 1 1 1 6 1 6 1 1 1 1 1 9 1 13 1 |1 1 1 1 1 11 1 1 1 1 15 1 8 1 1 1 |1 1 4 1 6 1 1 9 1 1 1 10 1 1 1 1 |1 1 1 14 1 1 1 1 1 3 9 1 1 13 1 9 |1 1 1 1 19 14 7 1 1 9 8 2 1 2 8 2 |1 1 4 1 2 1 1 14 8 8 1 1 1 8 1 6 |1 1 3 1 1 1 6 8 7 9 1 1 1 2 8 1 |1 1 1 1 1 1 2 11 1 3 14 1 1 11 1 1 |
17770: 1 1 1 4 8 12 1 1 1 1 1 1 1 1 7 1 |1 1 1 1 6 1 1 1 1 1 1 9 1 1 5 1 |1 1 1 1 1 8 8 3 1 1 1 5 1 1 1 1 |1 1 1 3 1 1 1 1 4 8 1 1 1 5 1 11 |1 4 1 1 7 6 8 1 1 1 1 1 11 1 13 8 |1 1 1 1 6 10 1 1 1 1 12 1 8 1 1 1 |1 8 12 7 10 1 1 1 1 4 1 12 1 1 1 1 |1 1 1 13 1 1 1 15 1 1 8 1 1 14 1 10 |1 1 1 1 1 15 7 1 1 9 9 1 11 1 9 1 |1 1 5 1 1 1 1 12 3 1 1 4 1 7 1 1 |8 1 3 1 1 1 1 1 6 3 4 1 1 1 1 1 |1 5 1 1 1 1 3 12 1 4 16 1 1 12 1 1 |
17780: 1 1 1 4 8 12 1 1 1 1 1 1 1 1 7 1 |1 1 1 1 6 1 1 1 1 1 1 9 1 1 5 1 |1 1 1 1 1 8 8 3 1 1 1 5 1 1 1 1 |1 1 1 3 1 1 1 1 4 8 1 1 1 5 1 11 |1 4 1 1 7 6 8 1 1 1 1 1 11 1 13 8 |1 1 1 1 6 10 1 1 1 1 12 1 8 1 1 1 |1 8 12 7 10 1 1 1 1 4 1 12 1 1 1 1 |1 1 1 13 1 1 1 15 1 1 8 1 1 14 1 10 |1 1 1 1 1 15 7 1 1 9 9 1 11 1 9 1 |1 1 5 1 1 1 1 12 3 1 1 4 1 7 1 1 |8 1 3 1 1 1 1 1 6 3 4 1 1 1 1 1 |1 5 1 1 1 1 3 12 1 4 16 1 1 12 1 1 |
17791: 1 1 1 7 8 7 7 17 1 1 1 1 1 1 6 1 |1 1 7 1 1 13 1 1 1 1 1 1 1 1 11 1 |1 1 3 1 1 8 4 7 4 1 1 5 1 1 1 2 |1 1 1 3 1 1 1 1 4 8 1 1 1 5 1 11 |1 4 1 1 7 6 8 1 1 1 1 1 11 1 13 8 |1 1 1 1 6 10 1 1 1 1 12 1 8 1 1 1 |1 8 12 7 10 1 1 1 1 4 1 12 1 1 1 1 |1 1 1 13 1 1 1 15 1 1 8 1 1 14 1 10 |1 1 1 1 1 15 7 1 1 9 9 1 11 1 9 1 |1 1 5 1 1 1 1 12 3 1 1 4 1 7 1 1 |8 1 3 1 1 1 1 1 6 3 4 1 1 1 1 1 |1 5 1 1 1 1 3 12 1 4 16 1 1 12 1 1 |
17802: 1 1 1 7 8 7 7 17 1 1 1 1 1 1 6 1 |1 1 7 1 1 13 1 1 1 1 1 1 1 1 11 1 |1 1 3 1 1 8 4 7 4 1 1 5 1 1 1 2 |1 1 1 3 1 4 1 3 7 1 1 1 1 6 1 10 |1 9 1 1 1 1 1 1 1 1 1 1 11 1 12 13 |1 1 6 1 5 11 1 1 1 1 14 1 9 1 1 1 |1 10 9 1 1 1 1 4 1 1 1 11 1 1 1 1 |1 1 9 2 1 1 9 15 1 1 15 1 1 13 1 1 |1 1 1 1 11 8 1 1 1 1 1 1 11 1 1 1 |2 1 3 1 4 1 8 13 4 13 1 6 1 1 1 5 |8 1 3 1 1 1 1 1 6 3 4 1 1 1 1 1 |1 5 1 1 1 1 3 12 1 4 16 1 1 12 1 1 |
17814: 1 1 1 7 8 7 7 17 1 1 1 1 1 1 6 1 |1 1 7 1 1 13 1 1 1 1 1 1 1 1 11 1 |1 1 3 1 1 8 4 7 4 1 1 5 1 1 1 2 |1 1 1 3 1 4 1 3 7 1 1 1 1 6 1 10 |1 9 1 1 1 1 1 1 1 1 1 1 11 1 12 13 |1 1 6 1 5 11 1 1 1 1 14 1 9 1 1 1 |1 10 9 1 1 1 1 4 1 1 1 11 1 1 1 1 |1 1 9 2 1 1 9 15 1 1 15 1 1 13 1 1 |1 1 1 1 11 8 1 1 1 1 1 1 11 1 1 1 |2 1 3 1 4 1 8 13 4 13 1 6 1 1 1 5 |6 1 4 1 1 2 1 1 6 5 1 7 1 1 4 1 |1 1 1 1 1 2 1 1 1 3 13 1 1 5 1 1 |
17825: 1 1 1 6 6 9 1 1 1 1 1 1 1 1 7 1 |2 1 7 1 2 1 1 1 1 1 1 1 1 1 11 1 |1 1 2 1 1 8 11 7 5 1 3 6 1 1 1 1 |1 1 1 3 1 4 1 3 7 1 1 1 1 6 1 10 |1 9 1 1 1 1 1 1 1 1 1 1 11 1 12 13 |1 1 6 1 5 11 1 1 1 1 14 1 9 1 1 1 |1 10 9 1 1 1 1 4 1 1 1 11 1 1 1 1 |1 1 9 2 1 1 9 15 1 1 15 1 1 13 1 1 |1 1 1 1 11 8 1 1 1 1 1 1 11 1 1 1 |2 1 3 1 4 1 8 13 4 13 1 6 1 1 1 5 |6 1 4 1 1 2 1 1 6 5 1 7 1 1 4 1 |1 1 1 1 1 2 1 1 1 3 13 1 1 5 1 1 |
17836: 1 1 1 6 6 9 1 1 1 1 1 1 1 1 7 1 |2 1 7 1 2 1 1 1 1 1 1 1 1 1 11 1 |1 1 2 1 1 8 11 7 5 1 3 6 1 1 1 1 |1 1 1 4 1 5 7 1 1 8 1 1 1 6 1 9 |1 10 1 1 1 9 1 1 1 1 1 1 10 1 14 5 |1 1 1 1 11 10 1 1 1 1 14 1 12 1 2 1 |1 3 1 1 1 1 1 10 1 1 11 7 1 1 1 1 |1 3 4 14 1 3 15 6 1 4 9 1 1 1 4 7 |1 1 1 1 11 8 1 1 1 1 8 8 1 1 1 1 |1 11 1 1 2 2 1 13 8 15 1 1 1 7 1 7 |7 1 1 1 1 1 1 12 7 10 12 9 1 1 7 1 |1 1 1 1 1 2 1 1 1 3 13 1 1 5 1 1 |
17847: 1 1 1 6 6 9 1 1 1 1 1 1 1 1 7 1 |2 1 7 1 2 1 1 1 1 1 1 1 1 1 11 1 |1 1 2 1 1 8 11 7 5 1 3 6 1 1 1 1 |1 1 1 4 1 5 7 1 1 8 1 1 1 6 1 9 |1 10 1 1 1 9 1 1 1 1 1 1 10 1 14 5 |1 1 1 1 11 10 1 1 1 1 14 1 12 1 2 1 |1 3 1 1 1 1 1 10 1 1 11 7 1 1 1 1 |1 3 4 14 1 3 15 6 1 4 9 1 1 1 4 7 |1 1 1 1 11 8 1 1 1 1 8 8 1 1 1 1 |1 11 1 1 2 2 1 13 8 15 1 1 1 7 1 7 |7 1 1 1 1 1 1 12 7 10 12 9 1 1 7 1 |1 1 1 13 1 2 1 1 1 2 14 1 1 13 1 1 |
17857: 1 1 1 2 1 1 8 3 1 1 1 1 1 1 6 1 |1 1 1 1 4 4 1 1 1 1 1 11 1 1 13 1 |1 1 2 1 1 8 11 7 5 1 3 6 1 1 1 1 |1 1 1 4 1 5 7 1 1 8 1 1 1 6 1 9 |1 10 1 1 1 9 1 1 1 1 1 1 10 1 14 5 |1 1 1 1 11 10 1 1 1 1 14 1 12 1 2 1 |1 3 1 1 1 1 1 10 1 1 11 7 1 1 1 1 |1 3 4 14 1 3 15 6 1 4 9 1 1 1 4 7 |1 1 1 1 11 8 1 1 1 1 8 8 1 1 1 1 |1 11 1 1 2 2 1 13 8 15 1 1 1 7 1 7 |7 1 1 1 1 1 1 12 7 10 12 9 1 1 7 1 |1 1 1 13 1 2 1 1 1 2 14 1 1 13 1 1 |
17868: 1 1 1 2 1 1 8 3 1 1 1 1 1 1 6 1 |1 1 1 1 4 4 1 1 1 1 1 11 1 1 13 1 |1 1 8 1 1 6 1 1 4 1 1 4 1 1 1 1 |1 1 1 3 1 1 1 1 9 7 1 1 1 6 1 8 |1 1 3 1 1 10 7 1 1 1 1 1 13 1 7 12 |1 1 3 1 5 12 1 1 1 1 12 1 11 1 2 1 |1 4 7 1 15 1 1 9 1 1 1 13 1 1 1 2 |1 1 1 14 1 1 8 8 1 1 3 1 1 15 1 1 |1 1 1 1 3 1 6 1 1 1 1 2 12 1 8 2 |1 11 1 1 2 2 1 13 8 15 1 1 1 7 1 7 |7 1 1 1 1 1 1 12 7 10 12 9 1 1 7 1 |1 1 1 13 1 2 1 1 1 2 14 1 1 13 1 1 |
17879: 1 1 1 2 1 1 8 3 1 1 1 1 1 1 6 1 |1 1 1 1 4 4 1 1 1 1 1 11 1 1 13 1 |1 1 8 1 1 6 1 1 4 1 1 4 1 1 1 1 |1 1 1 3 1 1 1 1 9 7 1 1 1 6 1 8 |1 1 3 1 1 10 7 1 1 1 1 1 13 1 7 12 |1 1 3 1 5 12 1 1 1 1 12 1 11 1 2 1 |1 4 7 1 15 1 1 9 1 1 1 13 1 1 1 2 |1 1 1 14 1 1 8 8 1 1 3 1 1 15 1 1 |1 1 1 1 3 1 6 1 1 1 1 2 12 1 8 2 |2 1 3 1 1 1 1 15 9 8 1 6 1 8 1 6 |1 1 1 2 1 1 1 14 6 3 11 4 1 1 8 1 |1 2 1 4 1 1 3 11 1 4 18 1 1 12 1 1 |
17889: 1 1 1 2 1 1 8 3 1 1 1 1 1 1 6 1 |1 1 1 1 4 4 1 1 1 1 1 11 1 1 13 1 |1 1 8 1 1 6 1 1 4 1 1 4 1 1 1 1 |1 1 1 3 1 1 1 1 9 7 1 1 1 6 1 8 |1 1 3 1 1 10 7 1 1 1 1 1 13 1 7 12 |1 1 3 1 5 12 1 1 1 1 12 1 11 1 2 1 |1 4 7 1 15 1 1 9 1 1 1 13 1 1 1 2 |1 1 1 14 1 1 8 8 1 1 3 1 1 15 1 1 |1 1 1 1 3 1 6 1 1 1 1 2 12 1 8 2 |2 1 3 1 1 1 1 15 9 8 1 6 1 8 1 6 |1 1 1 2 1 1 1 14 6 3 11 4 1 1 8 1 |1 2 1 4 1 1 3 11 1 4 18 1 1 12 1 1 |
17900: 1 1 1 1 10 4 7 14 1 1 1 3 1 1 9 1 |1 1 1 1 1 10 1 1 1 1 1 12 9 1 1 1 |1 1 2 1 1 6 4 7 5 1 7 7 1 1 1 1 |1 1 1 1 1 3 1 1 9 4 1 1 1 8 1 11 |1 1 1 1 1 9 10 1 1 1 1 1 11 1 11 7 |1 1 4 1 6 9 1 1 1 1 12 1 9 1 1 1 |1 5 8 1 1 1 1 3 1 1 10 2 1 1 1 1 |1 1 1 1 1 1 1 13 1 1 15 1 1 6 1 1 |1 1 1 1 3 1 6 1 1 1 1 2 12 1 8 2 |2 1 3 1 1 1 1 15 9 8 1 6 1 8 1 6 |1 1 1 2 1 1 1 14 6 3 11 4 1 1 8 1 |1 2 1 4 1 1 3 11 1 4 18 1 1 12 1 1 |
17911: 1 1 1 1 10 4 7 14 1 1 1 3 1 1 9 1 |1 1 1 1 1 10 1 1 1 1 1 12 9 1 1 1 |1 1 2 1 1 6 4 7 5 1 7 7 1 1 1 1 |1 1 1 1 1 3 1 1 9 4 1 1 1 8 1 11 |1 1 1 1 1 9 10 1 1 1 1 1 11 1 11 7 |1 1 4 1 6 9 1 1 1 1 12 1 9 1 1 1 |1 5 8 1 1 1 1 3 1 1 10 2 1 1 1 1 |1 1 1 1 1 1 1 13 1 1 15 1 1 6 1 1 |1 5 1 1 11 17 9 4 1 9 7 3 1 1 10 1 |2 1 6 1 1 2 1 15 1 14 1 5 1 7 1 7 |1 1 1 1 1 2 1 13 8 6 10 8 1 1 1 1 |1 1 1 1 1 16 10 2 1 1 17 1 1 12 1 13 |
17922: 1 1 1 1 10 4 7 14 1 1 1 3 1 1 9 1 |1 1 1 1 1 10 1 1 1 1 1 12 9 1 1 1 |1 1 2 1 1 6 4 7 5 1 7 7 1 1 1 1 |1 1 1 1 1 3 1 1 9 4 1 1 1 8 1 11 |1 1 1 1 1 9 10 1 1 1 1 1 11 1 11 7 |1 1 4 1 6 9 1 1 1 1 12 1 9 1 1 1 |1 5 8 1 1 1 1 3 1 1 10 2 1 1 1 1 |1 1 1 1 1 1 1 13 1 1 15 1 1 6 1 1 |1 5 1 1 11 17 9 4 1 9 7 3 1 1 10 1 |2 1 6 1 1 2 1 15 1 14 1 5 1 7 1 7 |1 1 1 1 1 2 1 13 8 6 10 8 1 1 1 1 |1 1 1 1 1 16 10 2 1 1 17 1 1 12 1 13 |
17933: 1 1 1 1 9 7 5 8 1 1 1 1 1 2 3 1 |1 1 9 1 6 1 1 1 1 1 1 12 1 1 12 1 |1 1 7 1 1 9 10 9 4 1 7 6 1 1 1 3 |1 1 1 4 1 1 1 1 8 7 1 1 1 8 1 9 |1 1 1 1 1 9 1 1 1 1 1 1 11 1 8 7 |1 1 1 1 1 11 1 5 1 1 13 1 10 1 1 1 |1 7 8 1 1 1 1 8 1 1 1 9 1 1 1 1 |1 1 2 14 1 1 16 7 1 1 7 1 1 16 1 9 |1 5 1 1 11 17 9 4 1 9 7 3 1 1 10 1 |2 1 6 1 1 2 1 15 1 14 1 5 1 7 1 7 |1 1 1 1 1 2 1 13 8 6 10 8 1 1 1 1 |1 1 1 1 1 16 10 2 1 1 17 1 1 12 1 13 |
17944: 1 1 1 1 9 7 5 8 1 1 1 1 1 2 3 1 |1 1 9 1 6 1 1 1 1 1 1 12 1 1 12 1 |1 1 7 1 1 9 10 9 4 1 7 6 1 1 1 3 |1 1 1 4 1 1 1 1 8 7 1 1 1 8 1 9 |1 1 1 1 1 9 1 1 1 1 1 1 11 1 8 7 |1 1 1 1 1 11 1 5 1 1 13 1 10 1 1 1 |1 7 8 1 1 1 1 8 1 1 1 9 1 1 1 1 |1 1 2 14 1 1 16 7 1 1 7 1 1 16 1 9 |1 1 1 1 10 16 10 4 1 1 1 1 1 1 7 4 |1 10 1 1 1 1 1 12 2 15 1 6 1 2 1 1 |1 1 1 9 1 1 5 13 1 1 5 1 1 1 1 1 |1 7 1 14 1 16 8 8 1 1 18 1 1 13 1 10 |
17955: 1 1 1 1 9 7 5 8 1 1 1 1 1 2 3 1 |1 1 9 1 6 1 1 1 1 1 1 12 1 1 12 1 |1 1 7 1 1 9 10 9 4 1 7 6 1 1 1 3 |1 1 1 4 1 1 1 1 8 7 1 1 1 8 1 9 |1 1 1 1 1 9 1 1 1 1 1 1 11 1 8 7 |1 1 1 1 1 11 1 5 1 1 13 1 10 1 1 1 |1 7 8 1 1 1 1 8 1 1 1 9 1 1 1 1 |1 1 2 14 1 1 16 7 1 1 7 1 1 16 1 9 |1 1 1 1 10 16 10 4 1 1 1 1 1 1 7 4 |1 10 1 1 1 1 1 12 2 15 1 6 1 2 1 1 |1 1 1 9 1 1 5 13 1 1 5 1 1 1 1 1 |1 7 1 14 1 16 8 8 1 1 18 1 1 13 1 10 |
17966: 1 1 1 7 1 8 1 1 1 1 1 1 1 1 6 1 |1 1 1 1 1 1 1 1 1 1 1 10 1 1 1 1 |1 1 8 1 1 7 1 1 6 1 1 6 1 1 1 2 |1 1 1 4 1 3 8 1 6 7 1 1 1 5 1 11 |1 1 1 1 1 9 8 1 1 1 1 1 11 1 14 5 |1 1 2 1 4 12 1 1 1 1 11 1 7 1 1 1 |1 7 8 1 1 1 1 8 1 1 1 9 1 1 1 1 |1 1 2 14 1 1 16 7 1 1 7 1 1 16 1 9 |1 1 1 1 10 16 10 4 1 1 1 1 1 1 7 4 |1 10 1 1 1 1 1 12 2 15 1 6 1 2 1 1 |1 1 1 9 1 1 5 13 1 1 5 1 1 1 1 1 |1 7 1 14 1 16 8 8 1 1 18 1 1 13 1 10 |
17976: 1 1 1 7 1 8 1 1 1 1 1 1 1 1 6 1 |1 1 1 1 1 1 1 1 1 1 1 10 1 1 1 1 |1 1 8 1 1 7 1 1 6 1 1 6 1 1 1 2 |1 1 1 4 1 3 8 1 6 7 1 1 1 5 1 11 |1 1 1 1 1 9 8 1 1 1 1 1 11 1 14 5 |1 1 2 1 4 12 1 1 1 1 11 1 7 1 1 1 |1 3 1 2 1 1 1 7 1 1 1 11 1 4 1 1 |1 1 9 13 1 5 8 7 1 1 15 1 1 10 1 8 |1 1 1 1 1 1 1 1 1 10 3 1 11 1 7 10 |1 1 1 1 3 2 1 14 3 7 1 1 1 9 1 6 |1 2 1 1 1 1 1 15 1 1 1 1 1 2 7 1 |1 5 1 1 1 9 2 3 1 1 16 1 1 4 1 11 |
17987: 1 1 1 7 1 8 1 1 1 1 1 1 1 1 6 1 |1 1 1 1 1 1 1 1 1 1 1 10 1 1 1 1 |1 1 8 1 1 7 1 1 6 1 1 6 1 1 1 2 |1 1 1 4 1 3 8 1 6 7 1 1 1 5 1 11 |1 1 1 1 1 9 8 1 1 1 1 1 11 1 14 5 |1 1 2 1 4 12 1 1 1 1 11 1 7 1 1 1 |1 3 1 2 1 1 1 7 1 1 1 11 1 4 1 1 |1 1 9 13 1 5 8 7 1 1 15 1 1 10 1 8 |1 1 1 1 1 1 1 1 1 10 3 1 11 1 7 10 |1 1 1 1 3 2 1 14 3 7 1 1 1 9 1 6 |1 2 1 1 1 1 1 15 1 1 1 1 1 2 7 1 |1 5 1 1 1 9 2 3 1 1 16 1 1 4 1 11 |
17997: 6 1 1 7 1 8 10 13 1 1 1 5 1 1 8 1 |1 1 9 1 1 8 1 1 1 1 1 11 4 1 12 1 |1 1 9 1 1 6 13 7 6 1 9 5 1 1 1 2 |1 1 1 1 1 4 1 1 9 4 1 1 1 5 1 11 |1 9 1 1 10 5 10 1 1 1 1 1 12 1 13 7 |1 1 1 1 5 11 1 4 1 1 14 1 9 1 3 1 |1 3 1 2 1 1 1 7 1 1 1 11 1 4 1 1 |1 1 9 13 1 5 8 7 1 1 15 1 1 10 1 8 |1 1 1 1 1 1 1 1 1 10 3 1 11 1 7 10 |1 1 1 1 3 2 1 14 3 7 1 1 1 9 1 6 |1 2 1 1 1 1 1 15 1 1 1 1 1 2 7 1 |1 5 1 1 1 9 2 3 1 1 16 1 1 4 1 11 |
18008: 6 1 1 7 1 8 10 13 1 1 1 5 1 1 8 1 |1 1 9 1 1 8 1 1 1 1 1 11 4 1 12 1 |1 1 9 1 1 6 13 7 6 1 9 5 1 1 1 2 |1 1 1 1 1 4 1 1 9 4 1 1 1 5 1 11 |1 9 1 1 10 5 10 1 1 1 1 1 12 1 13 7 |1 1 1 1 5 11 1 4 1 1 14 1 9 1 3 1 |1 10 8 1 1 1 4 1 1 1 1 11 1 4 1 1 |6 1 1 1 1 5 8 9 1 1 13 1 1 13 1 9 |1 6 1 1 11 14 10 12 1 8 4 2 12 1 1 1 |1 1 4 1 3 1 1 12 1 14 1 7 1 7 1 6 |6 1 1 5 1 1 1 15 6 8 10 3 1 1 9 1 |1 2 1 1 1 14 12 7 1 5 10 1 1 12 1 14 |
18019: 6 1 1 7 1 8 10 13 1 1 1 5 1 1 8 1 |1 1 9 1 1 8 1 1 1 1 1 11 4 1 12 1 |1 1 9 1 1 6 13 7 6 1 9 5 1 1 1 2 |1 1 1 1 1 4 1 1 9 4 1 1 1 5 1 11 |1 9 1 1 10 5 10 1 1 1 1 1 12 1 13 7 |1 1 1 1 5 11 1 4 1 1 14 1 9 1 3 1 |1 10 8 1 1 1 4 1 1 1 1 11 1 4 1 1 |6 1 1 1 1 5 8 9 1 1 13 1 1 13 1 9 |1 6 1 1 11 14 10 12 1 8 4 2 12 1 1 1 |1 1 4 1 3 1 1 12 1 14 1 7 1 7 1 6 |6 1 1 5 1 1 1 15 6 8 10 3 1 1 9 1 |1 2 1 1 1 14 12 7 1 5 10 1 1 12 1 14 |
18030: 1 1 1 6 7 6 1 1 1 1 1 6 1 1 6 5 |1 1 10 1 5 1 1 1 1 1 1 11 1 1 11 1 |1 1 7 1 1 8 3 8 7 1 7 8 1 1 1 2 |1 1 1 1 1 4 6 1 6 8 1 1 1 6 1 10 |1 1 1 1 6 7 1 1 1 1 1 1 11 1 15 6 |1 1 1 1 1 12 1 5 1 1 13 1 10 1 1 1 |1 2 8 1 1 1 1 9 1 1 1 11 1 1 1 1 |6 1 1 1 1 5 8 9 1 1 13 1 1 13 1 9 |1 6 1 1 11 14 10 12 1 8 4 2 12 1 1 1 |1 1 4 1 3 1 1 12 1 14 1 7 1 7 1 6 |6 1 1 5 1 1 1 15 6 8 10 3 1 1 9 1 |1 2 1 1 1 14 12 7 1 5 10 1 1 12 1 14 |
18041: 1 1 1 6 7 6 1 1 1 1 1 6 1 1 6 5 |1 1 10 1 5 1 1 1 1 1 1 11 1 1 11 1 |1 1 7 1 1 8 3 8 7 1 7 8 1 1 1 2 |1 1 1 1 1 4 6 1 6 8 1 1 1 6 1 10 |1 1 1 1 6 7 1 1 1 1 1 1 11 1 15 6 |1 1 1 1 1 12 1 5 1 1 13 1 10 1 1 1 |1 2 8 1 1 1 1 9 1 1 1 11 1 1 1 1 |1 1 8 7 1 4 11 3 1 1 15 1 1 14 3 1 |1 1 1 1 12 13 10 6 8 1 9 8 1 1 6 5 |1 6 1 1 1 1 1 12 2 13 1 5 1 1 1 5 |8 1 1 1 1 1 1 14 5 3 11 4 1 1 1 1 |1 1 1 1 1 3 1 2 1 5 8 2 1 14 1 1 |
18052: 1 1 1 6 7 6 1 1 1 1 1 6 1 1 6 5 |1 1 10 1 5 1 1 1 1 1 1 11 1 1 11 1 |1 1 7 1 1 8 3 8 7 1 7 8 1 1 1 2 |1 1 1 1 1 4 6 1 6 8 1 1 1 6 1 10 |1 1 1 1 6 7 1 1 1 1 1 1 11 1 15 6 |1 1 1 1 1 12 1 5 1 1 13 1 10 1 1 1 |1 2 8 1 1 1 1 9 1 1 1 11 1 1 1 1 |1 1 8 7 1 4 11 3 1 1 15 1 1 14 3 1 |1 1 1 1 12 13 10 6 8 1 9 8 1 1 6 5 |1 6 1 1 1 1 1 12 2 13 1 5 1 1 1 5 |8 1 1 1 1 1 1 14 5 3 11 4 1 1 1 1 |1 1 1 1 1 3 1 2 1 5 8 2 1 14 1 1 |
18063: 1 1 1 7 1 1 9 6 1 1 1 1 1 1 9 1 |1 1 10 1 5 4 1 1 1 1 1 11 1 1 13 1 |1 1 6 1 1 6 1 8 2 1 1 6 1 1 1 2 |1 1 1 1 1 1 1 1 6 7 1 1 1 5 1 4 |1 2 1 1 1 7 9 1 1 1 1 1 10 1 8 1 |1 1 1 1 1 12 1 5 1 1 13 1 10 1 1 1 |1 2 8 1 1 1 1 9 1 1 1 11 1 1 1 1 |1 1 8 7 1 4 11 3 1 1 15 1 1 14 3 1 |1 1 1 1 12 13 10 6 8 1 9 8 1 1 6 5 |1 6 1 1 1 1 1 12 2 13 1 5 1 1 1 5 |8 1 1 1 1 1 1 14 5 3 11 4 1 1 1 1 |1 1 1 1 1 3 1 2 1 5 8 2 1 14 1 1 |
18075: 1 1 1 7 1 1 9 6 1 1 1 1 1 1 9 1 |1 1 10 1 5 4 1 1 1 1 1 11 1 1 13 1 |1 1 6 1 1 6 1 8 2 1 1 6 1 1 1 2 |1 1 1 1 1 1 1 1 6 7 1 1 1 5 1 4 |1 2 1 1 1 7 9 1 1 1 1 1 10 1 8 1 |1 1 1 1 5 10 1 1 1 1 10 1 7 1 1 1 |1 3 12 1 1 1 1 8 1 1 1 11 1 1 1 1 |1 3 4 16 1 1 1 12 1 2 8 1 1 12 1 9 |1 1 1 1 10 1 1 1 1 10 5 1 10 1 9 4 |1 1 1 1 1 1 1 12 9 7 1 1 1 10 1 5 |1 1 1 1 1 1 1 11 1 10 5 1 1 1 1 1 |1 5 1 2 1 24 8 11 1 4 15 1 1 12 1 5 |
18086: 1 1 1 7 1 1 9 6 1 1 1 1 1 1 9 1 |1 1 10 1 5 4 1 1 1 1 1 11 1 1 13 1 |1 1 6 1 1 6 1 8 2 1 1 6 1 1 1 2 |1 1 1 1 1 1 1 1 6 7 1 1 1 5 1 4 |1 2 1 1 1 7 9 1 1 1 1 1 10 1 8 1 |1 1 1 1 5 10 1 1 1 1 10 1 7 1 1 1 |1 3 12 1 1 1 1 8 1 1 1 11 1 1 1 1 |1 3 4 16 1 1 1 12 1 2 8 1 1 12 1 9 |1 1 1 1 10 1 1 1 1 10 5 1 10 1 9 4 |1 1 1 1 1 1 1 12 9 7 1 1 1 10 1 5 |1 1 1 1 1 1 1 11 1 10 5 1 1 1 1 1 |1 5 1 2 1 24 8 11 1 4 15 1 1 12 1 5 |
18097: 1 1 1 8 8 7 1 1 1 4 1 1 1 2 5 1 |1 1 8 1 5 1 1 1 1 1 1 11 1 1 1 1 |1 1 1 1 1 1 1 8 1 1 6 1 1 1 1 2 |1 1 1 1 1 4 1 1 7 7 1 1 1 5 1 11 |1 1 1 1 6 8 8 1 1 1 1 1 11 1 12 8 |1 1 3 1 6 11 1 1 1 1 1 1 10 2 1 1 |1 3 12 1 1 1 1 8 1 1 1 11 1 1 1 1 |1 3 4 16 1 1 1 12 1 2 8 1 1 12 1 9 |1 1 1 1 10 1 1 1 1 10 5 1 10 1 9 4 |1 1 1 1 1 1 1 12 9 7 1 1 1 10 1 5 |1 1 1 1 1 1 1 11 1 10 5 1 1 1 1 1 |1 5 1 2 1 24 8 11 1 4 15 1 1 12 1 5 |
18108: 1 1 1 8 8 7 1 1 1 4 1 1 1 2 5 1 |1 1 8 1 5 1 1 1 1 1 1 11 1 1 1 1 |1 1 1 1 1 1 1 8 1 1 6 1 1 1 1 2 |1 1 1 1 1 4 1 1 7 7 1 1 1 5 1 11 |1 1 1 1 6 8 8 1 1 1 1 1 11 1 12 8 |1 1 3 1 6 11 1 1 1 1 1 1 10 2 1 1 |1 4 3 1 1 1 1 1 1 1 9 3 1 1 1 2 |7 1 4 1 1 1 1 2 1 1 14 1 1 12 1 1 |1 8 1 1 13 14 8 5 1 7 6 1 11 1 8 4 |1 1 4 1 2 6 1 14 3 6 1 5 1 7 1 7 |1 1 1 6 1 1 1 14 5 9 9 4 1 1 1 1 |3 1 1 1 1 14 9 1 1 4 15 1 1 4 1 1 |
18118: 1 1 1 8 8 7 1 1 1 4 1 1 1 2 5 1 |1 1 8 1 5 1 1 1 1 1 1 11 1 1 1 1 |1 1 1 1 1 1 1 8 1 1 6 1 1 1 1 2 |1 1 1 1 1 4 1 1 7 7 1 1 1 5 1 11 |1 1 1 1 6 8 8 1 1 1 1 1 11 1 12 8 |1 1 3 1 6 11 1 1 1 1 1 1 10 2 1 1 |1 4 3 1 1 1 1 1 1 1 9 3 1 1 1 2 |7 1 4 1 1 1 1 2 1 1 14 1 1 12 1 1 |1 8 1 1 13 14 8 5 1 7 6 1 11 1 8 4 |1 1 4 1 2 6 1 14 3 6 1 5 1 7 1 7 |1 1 1 6 1 1 1 14 5 9 9 4 1 1 1 1 |3 1 1 1 1 14 9 1 1 4 15 1 1 4 1 1 |
18130: 1 1 2 6 1 8 6 13 1 1 1 7 1 2 5 1 |1 1 8 1 7 6 1 1 1 1 1 12 1 1 12 1 |1 1 1 1 1 6 11 10 5 1 2 8 1 1 1 4 |1 1 1 5 1 1 1 1 1 8 1 1 1 4 1 10 |1 1 1 1 1 7 6 1 1 1 1 1 8 3 14 4 |1 1 1 1 1 10 1 1 1 1 11 1 9 1 1 1 |1 4 3 1 1 1 1 1 1 1 9 3 1 1 1 2 |7 1 4 1 1 1 1 2 1 1 14 1 1 12 1 1 |1 8 1 1 13 14 8 5 1 7 6 1 11 1 8 4 |1 1 4 1 2 6 1 14 3 6 1 5 1 7 1 7 |1 1 1 6 1 1 1 14 5 9 9 4 1 1 1 1 |3 1 1 1 1 14 9 1 1 4 15 1 1 4 1 1 |
18140: 1 1 2 6 1 8 6 13 1 1 1 7 1 2 5 1 |1 1 8 1 7 6 1 1 1 1 1 12 1 1 12 1 |1 1 1 1 1 6 11 10 5 1 2 8 1 1 1 4 |1 1 1 5 1 1 1 1 1 8 1 1 1 4 1 10 |1 1 1 1 1 7 6 1 1 1 1 1 8 3 14 4 |1 1 1 1 1 10 1 1 1 1 11 1 9 1 1 1 |1 13 8 1 6 1 1 8 1 1 1 10 1 1 1 1 |1 1 4 15 1 1 13 12 1 1 15 1 1 15 1 1 |1 1 1 1 12 15 3 9 2 9 5 1 10 1 8 4 |1 1 4 1 1 1 1 12 2 12 1 5 1 8 1 7 |6 1 1 1 1 1 1 13 7 8 10 3 1 1 8 1 |1 7 1 1 1 15 8 1 1 5 16 1 1 11 1 1 |
18151: 1 1 2 6 1 8 6 13 1 1 1 7 1 2 5 1 |1 1 8 1 7 6 1 1 1 1 1 12 1 1 12 1 |1 1 1 1 1 6 11 10 5 1 2 8 1 1 1 4 |1 1 1 5 1 1 1 1 1 8 1 1 1 4 1 10 |1 1 1 1 1 7 6 1 1 1 1 1 8 3 14 4 |1 1 1 1 1 10 1 1 1 1 11 1 9 1 1 1 |1 13 8 1 6 1 1 8 1 1 1 10 1 1 1 1 |1 1 4 15 1 1 13 12 1 1 15 1 1 15 1 1 |1 1 1 1 12 15 3 9 2 9 5 1 10 1 8 4 |1 1 4 1 1 1 1 12 2 12 1 5 1 8 1 7 |6 1 1 1 1 1 1 13 7 8 10 3 1 1 8 1 |1 7 1 1 1 15 8 1 1 5 16 1 1 11 1 1 |
18162: 1 1 1 1 1 8 1 1 1 1 1 7 1 1 6 4 |1 1 10 1 1 12 1 1 1 1 1 11 1 2 10 1 |1 1 6 1 1 7 1 7 7 1 1 6 1 1 1 1 |1 1 1 1 1 4 1 1 6 7 1 1 1 6 1 10 |1 1 1 1 1 9 8 1 1 1 1 1 10 1 13 6 |1 1 2 1 5 6 1 1 1 1 12 1 9 3 1 1 |1 4 1 1 3 1 1 8 1 1 1 10 1 1 1 1 |1 1 4 15 1 1 13 12 1 1 15 1 1 15 1 1 |1 1 1 1 12 15 3 9 2 9 5 1 10 1 8 4 |1 1 4 1 1 1 1 12 2 12 1 5 1 8 1 7 |6 1 1 1 1 1 1 13 7 8 10 3 1 1 8 1 |1 7 1 1 1 15 8 1 1 5 16 1 1 11 1 1 |
18173: 1 1 1 1 1 8 1 1 1 1 1 7 1 1 6 4 |1 1 10 1 1 12 1 1 1 1 1 11 1 2 10 1 |1 1 6 1 1 7 1 7 7 1 1 6 1 1 1 1 |1 1 1 1 1 4 1 1 6 7 1 1 1 6 1 10 |1 1 1 1 1 9 8 1 1 1 1 1 10 1 13 6 |1 1 2 1 5 6 1 1 1 1 12 1 9 3 1 1 |1 4 1 1 3 1 1 8 1 1 1 10 1 1 1 1 |5 1 1 15 1 4 3 5 1 1 3 1 1 11 1 1 |1 1 1 1 3 1 1 1 1 7 9 1 9 1 7 1 |2 1 1 4 1 1 1 12 8 13 1 2 1 8 1 1 |4 1 1 1 1 1 1 13 4 8 8 5 1 1 1 1 |1 1 1 1 1 15 1 12 1 6 16 1 1 11 1 10 |
18184: 1 1 1 1 1 8 1 1 1 1 1 7 1 1 6 4 |1 1 10 1 1 12 1 1 1 1 1 11 1 2 10 1 |1 1 6 1 1 7 1 7 7 1 1 6 1 1 1 1 |1 1 1 1 1 4 1 1 6 7 1 1 1 6 1 10 |1 1 1 1 1 9 8 1 1 1 1 1 10 1 13 6 |1 1 2 1 5 6 1 1 1 1 12 1 9 3 1 1 |1 4 1 1 3 1 1 8 1 1 1 10 1 1 1 1 |5 1 1 15 1 4 3 5 1 1 3 1 1 11 1 1 |1 1 1 1 3 1 1 1 1 7 9 1 9 1 7 1 |2 1 1 4 1 1 1 12 8 13 1 2 1 8 1 1 |4 1 1 1 1 1 1 13 4 8 8 5 1 1 1 1 |1 1 1 1 1 15 1 12 1 6 16 1 1 11 1 10 |
18195: 1 1 1 6 6 7 1 14 1 1 1 1 1 1 9 1 |1 1 1 1 13 1 1 1 1 1 1 10 1 1 14 1 |1 1 6 1 1 7 1 1 3 1 5 7 1 1 1 2 |1 1 1 4 1 6 9 1 8 6 1 1 1 6 1 4 |1 1 1 1 2 9 9 1 1 1 1 1 12 1 8 1 |1 1 2 1 5 6 1 1 1 1 12 1 9 3 1 1 |1 4 1 1 3 1 1 8 1 1 1 10 1 1 1 1 |5 1 1 15 1 4 3 5 1 1 3 1 1 11 1 1 |1 1 1 1 3 1 1 1 1 7 9 1 9 1 7 1 |2 1 1 4 1 1 1 12 8 13 1 2 1 8 1 1 |4 1 1 1 1 1 1 13 4 8 8 5 1 1 1 1 |1 1 1 1 1 15 1 12 1 6 16 1 1 11 1 10 |
18206: 1 1 1 6 6 7 1 14 1 1 1 1 1 1 9 1 |1 1 1 1 13 1 1 1 1 1 1 10 1 1 14 1 |1 1 6 1 1 7 1 1 3 1 5 7 1 1 1 2 |1 1 1 4 1 6 9 1 8 6 1 1 1 6 1 4 |1 1 1 1 2 9 9 1 1 1 1 1 12 1 8 1 |1 1 1 1 2 11 1 1 1 1 14 1 7 1 1 1 |1 4 8 1 1 1 1 9 1 1 1 10 1 1 1 1 |6 1 10 10 1 1 1 13 1 2 15 1 1 14 1 9 |1 1 1 1 11 15 5 1 2 10 8 1 12 1 8 6 |1 1 6 1 1 13 1 12 9 13 1 4 1 7 1 6 |7 1 1 7 1 1 1 15 5 1 3 1 2 1 2 1 |1 7 1 1 1 13 5 11 1 4 11 1 1 2 2 2 |
18217: 1 1 1 6 6 7 1 14 1 1 1 1 1 1 9 1 |1 1 1 1 13 1 1 1 1 1 1 10 1 1 14 1 |1 1 6 1 1 7 1 1 3 1 5 7 1 1 1 2 |1 1 1 4 1 6 9 1 8 6 1 1 1 6 1 4 |1 1 1 1 2 9 9 1 1 1 1 1 12 1 8 1 |1 1 1 1 2 11 1 1 1 1 14 1 7 1 1 1 |1 4 8 1 1 1 1 9 1 1 1 10 1 1 1 1 |6 1 10 10 1 1 1 13 1 2 15 1 1 14 1 9 |1 1 1 1 11 15 5 1 2 10 8 1 12 1 8 6 |1 1 6 1 1 13 1 12 9 13 1 4 1 7 1 6 |7 1 1 7 1 1 1 15 5 1 3 1 2 1 2 1 |1 7 1 1 1 13 5 11 1 4 11 1 1 2 2 2 |
18228: 1 1 1 7 7 6 7 6 1 1 1 6 1 1 1 1 |1 1 10 1 5 4 1 1 1 1 4 1 1 1 13 1 |1 1 7 1 1 7 4 1 4 1 1 6 1 1 1 1 |1 1 1 4 1 1 1 1 9 5 1 1 1 5 1 10 |1 1 1 1 2 9 9 1 1 1 1 1 12 1 8 1 |1 1 1 1 2 11 1 1 1 1 14 1 7 1 1 1 |1 4 8 1 1 1 1 9 1 1 1 10 1 1 1 1 |6 1 10 10 1 1 1 13 1 2 15 1 1 14 1 9 |1 1 1 1 11 15 5 1 2 10 8 1 12 1 8 6 |1 1 6 1 1 13 1 12 9 13 1 4 1 7 1 6 |7 1 1 7 1 1 1 15 5 1 3 1 2 1 2 1 |1 7 1 1 1 13 5 11 1 4 11 1 1 2 2 2 |
18238: 1 1 1 7 7 6 7 6 1 1 1 6 1 1 1 1 |1 1 10 1 5 4 1 1 1 1 4 1 1 1 13 1 |1 1 7 1 1 7 4 1 4 1 1 6 1 1 1 1 |1 1 1 4 1 1 1 1 9 5 1 1 1 5 1 10 |1 1 1 1 1 1 1 1 1 1 1 1 10 1 13 3 |1 1 1 1 1 11 1 1 1 1 14 1 11 1 2 1 |1 10 9 2 8 1 1 7 1 1 1 11 1 1 1 3 |1 1 1 13 1 5 8 14 1 1 15 1 1 15 1 9 |1 1 1 1 1 14 9 4 1 1 1 1 10 1 1 1 |5 1 3 1 1 1 1 15 3 9 1 6 1 2 1 1 |1 1 2 1 1 1 1 13 7 4 10 9 1 1 7 1 |1 1 1 8 1 1 1 1 1 5 15 1 1 11 1 1 |
18249: 1 1 1 7 7 6 7 6 1 1 1 6 1 1 1 1 |1 1 10 1 5 4 1 1 1 1 4 1 1 1 13 1 |1 1 7 1 1 7 4 1 4 1 1 6 1 1 1 1 |1 1 1 4 1 1 1 1 9 5 1 1 1 5 1 10 |1 1 1 1 1 1 1 1 1 1 1 1 10 1 13 3 |1 1 1 1 1 11 1 1 1 1 14 1 11 1 2 1 |1 10 9 2 8 1 1 7 1 1 1 11 1 1 1 3 |1 1 1 13 1 5 8 14 1 1 15 1 1 15 1 9 |1 1 1 1 1 14 9 4 1 1 1 1 10 1 1 1 |5 1 3 1 1 1 1 15 3 9 1 6 1 2 1 1 |1 1 2 1 1 1 1 13 7 4 10 9 1 1 7 1 |1 1 1 8 1 1 1 1 1 5 15 1 1 11 1 1 |
18281: 1 1 1 7 7 6 7 6 1 1 1 6 1 1 1 1 |1 1 10 1 5 4 1 1 1 1 4 1 1 1 13 1 |1 1 7 1 1 7 4 1 4 1 1 6 1 1 1 1 |1 1 1 4 1 1 1 1 9 5 1 1 1 5 1 10 |1 1 1 1 1 1 1 1 1 1 1 1 10 1 13 3 |1 1 1 1 1 11 1 1 1 1 14 1 11 1 2 1 |1 10 9 2 8 1 1 7 1 1 1 11 1 1 1 3 |1 1 1 13 1 5 8 14 1 1 15 1 1 15 1 9 |1 1 1 1 1 14 9 4 1 1 1 1 10 1 1 1 |5 1 3 1 1 1 1 15 3 9 1 6 1 2 1 1 |1 1 2 1 1 1 1 13 7 4 10 9 1 1 7 1 |1 1 1 8 1 1 1 1 1 5 15 1 1 11 1 1 |
18292: 1 1 1 1 1 1 1 15 1 4 1 4 1 2 1 1 |3 1 8 1 7 9 1 1 1 1 9 11 8 1 12 1 |1 1 8 1 6 9 12 8 4 1 6 1 1 1 1 1 |1 1 1 3 1 5 8 1 6 2 1 1 1 6 1 14 |1 1 1 1 6 8 1 1 1 1 1 1 11 1 9 14 |1 1 3 1 5 13 1 1 1 1 14 1 12 1 1 1 |1 5 8 1 1 1 1 3 1 2 1 12 1 1 1 1 |1 1 6 15 1 1 1 2 1 1 16 1 2 9 3 1 |1 1 1 1 12 15 5 11 2 1 1 1 1 1 9 8 |5 1 3 1 1 1 1 15 3 9 1 6 1 2 1 1 |1 1 2 1 1 1 1 13 7 4 10 9 1 1 7 1 |1 1 1 8 1 1 1 1 1 5 15 1 1 11 1 1 |
18303: 1 1 1 1 1 1 1 15 1 4 1 4 1 2 1 1 |3 1 8 1 7 9 1 1 1 1 9 11 8 1 12 1 |1 1 8 1 6 9 12 8 4 1 6 1 1 1 1 1 |1 1 1 3 1 5 8 1 6 2 1 1 1 6 1 14 |1 1 1 1 6 8 1 1 1 1 1 1 11 1 9 14 |1 1 3 1 5 13 1 1 1 1 14 1 12 1 1 1 |1 5 8 1 1 1 1 3 1 2 1 12 1 1 1 1 |1 1 6 15 1 1 1 2 1 1 16 1 2 9 3 1 |1 1 1 1 12 15 5 11 2 1 1 1 1 1 9 8 |2 1 4 1 3 1 1 14 2 13 1 1 1 9 1 8 |8 1 4 1 1 1 1 13 7 15 1 1 1 1 9 1 |1 1 1 2 1 1 1 1 1 1 3 1 1 2 1 2 |
18314: 1 1 1 1 1 1 1 15 1 4 1 4 1 2 1 1 |3 1 8 1 7 9 1 1 1 1 9 11 8 1 12 1 |1 1 8 1 6 9 12 8 4 1 6 1 1 1 1 1 |1 1 1 3 1 5 8 1 6 2 1 1 1 6 1 14 |1 1 1 1 6 8 1 1 1 1 1 1 11 1 9 14 |1 1 3 1 5 13 1 1 1 1 14 1 12 1 1 1 |1 5 8 1 1 1 1 3 1 2 1 12 1 1 1 1 |1 1 6 15 1 1 1 2 1 1 16 1 2 9 3 1 |1 1 1 1 12 15 5 11 2 1 1 1 1 1 9 8 |2 1 4 1 3 1 1 14 2 13 1 1 1 9 1 8 |8 1 4 1 1 1 1 13 7 15 1 1 1 1 9 1 |1 1 1 2 1 1 1 1 1 1 3 1 1 2 1 2 |
18324: 1 1 1 8 5 1 2 1 1 1 1 1 1 1 7 1 |1 1 1 1 5 1 1 1 1 1 6 9 1 1 1 1 |1 1 7 1 4 7 3 7 6 1 1 9 1 1 1 2 |1 1 1 1 1 9 1 1 8 5 1 1 1 7 1 10 |1 1 1 1 1 9 2 1 1 1 1 1 9 1 5 7 |3 1 1 1 6 12 1 1 1 1 12 1 9 1 1 1 |1 3 12 1 1 1 1 8 1 6 1 11 1 1 1 1 |1 1 6 15 1 1 1 2 1 1 16 1 2 9 3 1 |1 1 1 1 12 15 5 11 2 1 1 1 1 1 9 8 |2 1 4 1 3 1 1 14 2 13 1 1 1 9 1 8 |8 1 4 1 1 1 1 13 7 15 1 1 1 1 9 1 |1 1 1 2 1 1 1 1 1 1 3 1 1 2 1 2 |
18335: 1 1 1 8 5 1 2 1 1 1 1 1 1 1 7 1 |1 1 1 1 5 1 1 1 1 1 6 9 1 1 1 1 |1 1 7 1 4 7 3 7 6 1 1 9 1 1 1 2 |1 1 1 1 1 9 1 1 8 5 1 1 1 7 1 10 |1 1 1 1 1 9 2 1 1 1 1 1 9 1 5 7 |3 1 1 1 6 12 1 1 1 1 12 1 9 1 1 1 |1 3 12 1 1 1 1 8 1 6 1 11 1 1 1 1 |1 1 5 1 1 1 4 13 1 1 15 1 1 12 1 8 |1 1 1 1 13 7 1 2 2 7 5 1 11 1 1 1 |1 1 1 1 9 1 1 13 8 14 1 7 1 2 1 6 |1 1 2 1 1 1 1 1 7 8 5 1 1 1 8 1 |1 1 1 1 1 2 6 1 1 2 9 1 1 1 1 1 |
18346: 1 1 1 8 5 1 2 1 1 1 1 1 1 1 7 1 |1 1 1 1 5 1 1 1 1 1 6 9 1 1 1 1 |1 1 7 1 4 7 3 7 6 1 1 9 1 1 1 2 |1 1 1 1 1 9 1 1 8 5 1 1 1 7 1 10 |1 1 1 1 1 9 2 1 1 1 1 1 9 1 5 7 |3 1 1 1 6 12 1 1 1 1 12 1 9 1 1 1 |1 3 12 1 1 1 1 8 1 6 1 11 1 1 1 1 |1 1 5 1 1 1 4 13 1 1 15 1 1 12 1 8 |1 1 1 1 13 7 1 2 2 7 5 1 11 1 1 1 |1 1 1 1 9 1 1 13 8 14 1 7 1 2 1 6 |1 1 2 1 1 1 1 1 7 8 5 1 1 1 8 1 |1 1 1 1 1 2 6 1 1 2 9 1 1 1 1 1 |
18357: 1 1 1 7 1 7 9 1 1 1 1 1 1 1 9 1 |1 1 1 1 1 1 1 1 1 1 1 9 1 1 7 1 |1 1 3 1 1 7 13 6 4 1 2 1 1 1 1 1 |1 1 1 1 1 6 2 1 7 7 1 1 1 5 1 9 |1 1 1 1 2 11 1 1 1 1 1 1 11 1 14 6 |1 1 1 1 5 12 1 1 1 1 13 1 9 1 1 1 |1 3 12 1 1 1 1 8 1 6 1 11 1 1 1 1 |1 1 5 1 1 1 4 13 1 1 15 1 1 12 1 8 |1 1 1 1 13 7 1 2 2 7 5 1 11 1 1 1 |1 1 1 1 9 1 1 13 8 14 1 7 1 2 1 6 |1 1 2 1 1 1 1 1 7 8 5 1 1 1 8 1 |1 1 1 1 1 2 6 1 1 2 9 1 1 1 1 1 |
18368: 1 1 1 7 1 7 9 1 1 1 1 1 1 1 9 1 |1 1 1 1 1 1 1 1 1 1 1 9 1 1 7 1 |1 1 3 1 1 7 13 6 4 1 2 1 1 1 1 1 |1 1 1 1 1 6 2 1 7 7 1 1 1 5 1 9 |1 1 1 1 2 11 1 1 1 1 1 1 11 1 14 6 |1 1 1 1 5 12 1 1 1 1 13 1 9 1 1 1 |1 4 8 1 7 1 1 9 1 1 1 12 1 1 1 1 |1 1 4 14 1 3 6 15 1 1 9 1 1 14 1 1 |1 1 3 1 13 14 9 9 1 1 1 1 1 1 8 2 |1 1 1 1 1 1 1 8 3 2 1 6 1 5 1 9 |7 1 1 1 15 1 1 13 8 1 1 1 1 1 1 1 |1 1 1 1 1 13 5 12 1 5 15 1 1 12 1 1 |
18378: 1 1 1 7 1 7 9 1 1 1 1 1 1 1 9 1 |1 1 1 1 1 1 1 1 1 1 1 9 1 1 7 1 |1 1 3 1 1 7 13 6 4 1 2 1 1 1 1 1 |1 1 1 1 1 6 2 1 7 7 1 1 1 5 1 9 |1 1 1 1 2 11 1 1 1 1 1 1 11 1 14 6 |1 1 1 1 5 12 1 1 1 1 13 1 9 1 1 1 |1 4 8 1 7 1 1 9 1 1 1 12 1 1 1 1 |1 1 4 14 1 3 6 15 1 1 9 1 1 14 1 1 |1 1 3 1 13 14 9 9 1 1 1 1 1 1 8 2 |1 1 1 1 1 1 1 8 3 2 1 6 1 5 1 9 |7 1 1 1 15 1 1 13 8 1 1 1 1 1 1 1 |1 1 1 1 1 13 5 12 1 5 15 1 1 12 1 1 |
18389: 1 1 1 16 5 8 9 5 1 4 1 1 1 1 5 1 |1 1 8 1 1 5 1 1 1 1 1 11 1 1 12 1 |1 1 8 1 1 1 13 7 5 1 1 6 1 1 1 1 |1 1 1 1 1 4 2 1 7 6 1 1 4 8 1 9 |1 1 1 1 1 10 8 1 1 1 1 1 13 1 1 8 |1 1 1 1 1 10 1 4 1 1 12 1 11 1 1 1 |1 4 8 1 7 1 1 9 1 1 1 12 1 1 1 1 |1 1 4 14 1 3 6 15 1 1 9 1 1 14 1 1 |1 1 3 1 13 14 9 9 1 1 1 1 1 1 8 2 |1 1 1 1 1 1 1 8 3 2 1 6 1 5 1 9 |7 1 1 1 15 1 1 13 8 1 1 1 1 1 1 1 |1 1 1 1 1 13 5 12 1 5 15 1 1 12 1 1 |
18400: 1 1 1 16 5 8 9 5 1 4 1 1 1 1 5 1 |1 1 8 1 1 5 1 1 1 1 1 11 1 1 12 1 |1 1 8 1 1 1 13 7 5 1 1 6 1 1 1 1 |1 1 1 1 1 4 2 1 7 6 1 1 4 8 1 9 |1 1 1 1 1 10 8 1 1 1 1 1 13 1 1 8 |1 1 1 1 1 10 1 4 1 1 12 1 11 1 1 1 |1 4 16 1 7 1 1 8 1 1 10 9 1 1 1 1 |1 1 1 13 1 1 1 12 1 1 13 1 1 6 2 1 |1 1 1 1 9 10 8 10 2 7 9 1 1 1 7 3 |2 1 1 1 1 1 1 14 7 10 1 6 1 6 1 3 |7 1 1 1 1 1 3 13 4 17 1 1 1 1 9 1 |1 1 1 1 1 14 7 1 1 4 17 1 1 11 1 12 |
18411: 1 1 1 16 5 8 9 5 1 4 1 1 1 1 5 1 |1 1 8 1 1 5 1 1 1 1 1 11 1 1 12 1 |1 1 8 1 1 1 13 7 5 1 1 6 1 1 1 1 |1 1 1 1 1 4 2 1 7 6 1 1 4 8 1 9 |1 1 1 1 1 10 8 1 1 1 1 1 13 1 1 8 |1 1 1 1 1 10 1 4 1 1 12 1 11 1 1 1 |1 4 16 1 7 1 1 8 1 1 10 9 1 1 1 1 |1 1 1 13 1 1 1 12 1 1 13 1 1 6 2 1 |1 1 1 1 9 10 8 10 2 7 9 1 1 1 7 3 |2 1 1 1 1 1 1 14 7 10 1 6 1 6 1 3 |7 1 1 1 1 1 3 13 4 17 1 1 1 1 9 1 |1 1 1 1 1 14 7 1 1 4 17 1 1 11 1 12 |
18422: 1 1 1 8 7 1 7 7 1 1 1 1 1 1 3 1 |1 1 2 1 5 4 1 1 1 1 1 12 2 1 1 1 |1 1 9 1 1 7 13 7 1 1 1 7 1 1 1 1 |1 1 1 3 1 1 1 1 1 8 1 1 1 6 1 10 |1 9 1 1 1 6 1 1 1 1 1 1 11 1 9 1 |1 1 1 1 1 9 1 10 1 1 13 1 8 1 2 1 |1 4 16 1 7 1 1 8 1 1 10 9 1 1 1 1 |1 1 1 13 1 1 1 12 1 1 13 1 1 6 2 1 |1 1 1 1 9 10 8 10 2 7 9 1 1 1 7 3 |2 1 1 1 1 1 1 14 7 10 1 6 1 6 1 3 |7 1 1 1 1 1 3 13 4 17 1 1 1 1 9 1 |1 1 1 1 1 14 7 1 1 4 17 1 1 11 1 12 |
18433: 1 1 1 8 7 1 7 7 1 1 1 1 1 1 3 1 |1 1 2 1 5 4 1 1 1 1 1 12 2 1 1 1 |1 1 9 1 1 7 13 7 1 1 1 7 1 1 1 1 |1 1 1 3 1 1 1 1 1 8 1 1 1 6 1 10 |1 9 1 1 1 6 1 1 1 1 1 1 11 1 9 1 |1 1 1 1 1 9 1 10 1 1 13 1 8 1 2 1 |1 5 8 1 1 1 1 10 1 5 1 9 1 1 1 1 |6 1 19 13 1 3 9 9 1 1 1 1 1 14 1 8 |2 1 1 1 11 13 1 1 2 1 9 9 11 1 1 1 |1 1 4 1 1 1 1 12 7 12 1 6 1 5 1 4 |1 1 1 1 1 1 1 13 6 5 5 1 1 1 8 1 |1 1 1 1 1 3 4 1 1 1 10 1 1 2 1 3 |
18444: 1 1 1 8 7 1 7 7 1 1 1 1 1 1 3 1 |1 1 2 1 5 4 1 1 1 1 1 12 2 1 1 1 |1 1 9 1 1 7 13 7 1 1 1 7 1 1 1 1 |1 1 1 3 1 1 1 1 1 8 1 1 1 6 1 10 |1 9 1 1 1 6 1 1 1 1 1 1 11 1 9 1 |1 1 1 1 1 9 1 10 1 1 13 1 8 1 2 1 |1 5 8 1 1 1 1 10 1 5 1 9 1 1 1 1 |6 1 19 13 1 3 9 9 1 1 1 1 1 14 1 8 |2 1 1 1 11 13 1 1 2 1 9 9 11 1 1 1 |1 1 4 1 1 1 1 12 7 12 1 6 1 5 1 4 |1 1 1 1 1 1 1 13 6 5 5 1 1 1 8 1 |1 1 1 1 1 3 4 1 1 1 10 1 1 2 1 3 |
18455: 1 1 1 5 8 8 8 1 1 1 1 8 1 3 8 1 |1 1 7 1 4 2 1 1 1 1 1 10 1 1 10 1 |1 1 1 1 1 3 2 7 7 1 6 1 1 1 1 3 |1 1 1 3 1 1 1 1 1 8 1 1 1 6 1 10 |1 9 1 1 1 6 1 1 1 1 1 1 11 1 9 1 |1 1 1 1 1 9 1 10 1 1 13 1 8 1 2 1 |1 5 8 1 1 1 1 10 1 5 1 9 1 1 1 1 |6 1 19 13 1 3 9 9 1 1 1 1 1 14 1 8 |2 1 1 1 11 13 1 1 2 1 9 9 11 1 1 1 |1 1 4 1 1 1 1 12 7 12 1 6 1 5 1 4 |1 1 1 1 1 1 1 13 6 5 5 1 1 1 8 1 |1 1 1 1 1 3 4 1 1 1 10 1 1 2 1 3 |
18466: 1 1 1 5 8 8 8 1 1 1 1 8 1 3 8 1 |1 1 7 1 4 2 1 1 1 1 1 10 1 1 10 1 |1 1 1 1 1 3 2 7 7 1 6 1 1 1 1 3 |1 1 1 1 1 4 5 1 7 5 1 1 1 6 1 11 |1 2 1 1 1 17 7 1 1 1 1 1 13 1 10 8 |1 1 1 1 6 11 1 4 1 1 13 1 11 1 1 1 |1 4 10 1 1 1 1 14 1 1 1 11 1 1 1 4 |1 1 3 13 1 3 6 9 1 1 15 1 1 12 1 1 |1 1 1 1 12 14 10 10 3 1 1 1 1 1 1 1 |1 1 1 1 2 1 1 15 3 14 1 6 1 7 1 2 |1 1 1 1 16 1 1 14 5 5 9 1 1 1 8 1 |1 1 1 1 1 15 7 1 1 7 15 1 3 12 1 1 |
18477: 1 1 1 5 8 8 8 1 1 1 1 8 1 3 8 1 |1 1 7 1 4 2 1 1 1 1 1 10 1 1 10 1 |1 1 1 1 1 3 2 7 7 1 6 1 1 1 1 3 |1 1 1 1 1 4 5 1 7 5 1 1 1 6 1 11 |1 2 1 1 1 17 7 1 1 1 1 1 13 1 10 8 |1 1 1 1 6 11 1 4 1 1 13 1 11 1 1 1 |1 4 10 1 1 1 1 14 1 1 1 11 1 1 1 4 |1 1 3 13 1 3 6 9 1 1 15 1 1 12 1 1 |1 1 1 1 12 14 10 10 3 1 1 1 1 1 1 1 |1 1 1 1 2 1 1 15 3 14 1 6 1 7 1 2 |1 1 1 1 16 1 1 14 5 5 9 1 1 1 8 1 |1 1 1 1 1 15 7 1 1 7 15 1 3 12 1 1 |
18487: 1 1 1 6 7 8 8 5 1 1 1 8 1 1 7 1 |1 1 8 1 1 11 1 1 1 1 1 9 1 2 11 1 |1 1 7 1 1 4 6 6 7 1 2 5 1 1 1 1 |1 1 1 1 1 4 5 1 7 5 1 1 1 6 1 11 |1 2 1 1 1 17 7 1 1 1 1 1 13 1 10 8 |1 1 1 1 6 11 1 4 1 1 13 1 11 1 1 1 |1 4 10 1 1 1 1 14 1 1 1 11 1 1 1 4 |1 1 3 13 1 3 6 9 1 1 15 1 1 12 1 1 |1 1 1 1 12 14 10 10 3 1 1 1 1 1 1 1 |1 1 1 1 2 1 1 15 3 14 1 6 1 7 1 2 |1 1 1 1 16 1 1 14 5 5 9 1 1 1 8 1 |1 1 1 1 1 15 7 1 1 7 15 1 3 12 1 1 |
18498: 1 1 1 6 7 8 8 5 1 1 1 8 1 1 7 1 |1 1 8 1 1 11 1 1 1 1 1 9 1 2 11 1 |1 1 7 1 1 4 6 6 7 1 2 5 1 1 1 1 |1 1 1 3 1 5 1 1 6 6 1 1 1 7 1 10 |2 2 1 1 1 8 1 1 1 1 1 1 11 1 11 11 |1 1 2 1 1 7 1 1 1 1 13 1 9 1 2 1 |1 5 16 1 6 1 1 6 1 1 1 11 1 3 1 8 |1 1 10 7 1 3 1 11 1 1 8 1 1 10 1 1 |1 1 1 1 8 14 8 11 6 8 5 1 1 2 7 3 |2 1 3 1 1 1 1 14 6 11 1 5 1 1 1 8 |1 1 1 12 2 1 1 13 5 10 1 1 1 2 2 1 |1 1 1 1 1 15 7 1 1 7 15 1 3 12 1 1 |
18510: 1 1 1 6 7 8 8 5 1 1 1 8 1 1 7 1 |1 1 8 1 1 11 1 1 1 1 1 9 1 2 11 1 |1 1 7 1 1 4 6 6 7 1 2 5 1 1 1 1 |1 1 1 3 1 5 1 1 6 6 1 1 1 7 1 10 |2 2 1 1 1 8 1 1 1 1 1 1 11 1 11 11 |1 1 2 1 1 7 1 1 1 1 13 1 9 1 2 1 |1 5 16 1 6 1 1 6 1 1 1 11 1 3 1 8 |1 1 10 7 1 3 1 11 1 1 8 1 1 10 1 1 |1 1 1 1 8 14 8 11 6 8 5 1 1 2 7 3 |2 1 3 1 1 1 1 14 6 11 1 5 1 1 1 8 |1 1 1 12 2 1 1 13 5 10 1 1 1 2 2 1 |1 1 1 1 1 3 3 6 1 7 17 1 3 11 1 1 |
18520: 1 1 1 6 1 1 1 11 1 1 1 1 1 1 7 1 |1 1 1 1 8 1 1 1 1 1 1 11 1 2 11 1 |1 1 7 1 1 7 4 9 4 1 1 1 1 1 1 1 |1 1 1 3 1 5 1 1 6 6 1 1 1 7 1 10 |2 2 1 1 1 8 1 1 1 1 1 1 11 1 11 11 |1 1 2 1 1 7 1 1 1 1 13 1 9 1 2 1 |1 5 16 1 6 1 1 6 1 1 1 11 1 3 1 8 |1 1 10 7 1 3 1 11 1 1 8 1 1 10 1 1 |1 1 1 1 8 14 8 11 6 8 5 1 1 2 7 3 |2 1 3 1 1 1 1 14 6 11 1 5 1 1 1 8 |1 1 1 12 2 1 1 13 5 10 1 1 1 2 2 1 |1 1 1 1 1 3 3 6 1 7 17 1 3 11 1 1 |
18531: 1 1 1 6 1 1 1 11 1 1 1 1 1 1 7 1 |1 1 1 1 8 1 1 1 1 1 1 11 1 2 11 1 |1 1 7 1 1 7 4 9 4 1 1 1 1 1 1 1 |1 1 1 2 1 1 1 1 6 7 1 5 1 7 1 11 |1 9 1 1 1 9 7 1 1 1 1 1 9 1 12 11 |1 1 1 1 4 10 1 6 1 1 12 1 8 1 1 1 |1 4 6 1 1 1 1 1 1 1 1 11 1 1 1 1 |1 1 11 15 1 1 1 16 1 1 5 1 1 16 1 1 |1 1 1 1 2 1 1 10 1 1 1 1 10 1 1 1 |2 1 1 1 1 1 1 14 6 8 1 5 1 1 1 6 |7 1 1 9 1 1 1 1 7 10 11 3 1 1 9 1 |1 1 1 1 1 3 3 6 1 7 17 1 3 11 1 1 |
18543: 1 1 1 6 1 1 1 11 1 1 1 1 1 1 7 1 |1 1 1 1 8 1 1 1 1 1 1 11 1 2 11 1 |1 1 7 1 1 7 4 9 4 1 1 1 1 1 1 1 |1 1 1 2 1 1 1 1 6 7 1 5 1 7 1 11 |1 9 1 1 1 9 7 1 1 1 1 1 9 1 12 11 |1 1 1 1 4 10 1 6 1 1 12 1 8 1 1 1 |1 4 6 1 1 1 1 1 1 1 1 11 1 1 1 1 |1 1 11 15 1 1 1 16 1 1 5 1 1 16 1 1 |1 1 1 1 2 1 1 10 1 1 1 1 10 1 1 1 |2 1 1 1 1 1 1 14 6 8 1 5 1 1 1 6 |7 1 1 9 1 1 1 1 7 10 11 3 1 1 9 1 |1 1 1 1 1 1 8 2 1 3 18 1 1 4 1 1 |
18553: 1 1 1 6 8 6 8 11 1 1 1 1 1 2 8 4 |1 1 1 1 8 1 1 1 1 1 1 11 1 2 11 1 |1 1 7 1 1 7 4 9 4 1 1 1 1 1 1 1 |1 1 1 2 1 1 1 1 6 7 1 5 1 7 1 11 |1 9 1 1 1 9 7 1 1 1 1 1 9 1 12 11 |1 1 1 1 4 10 1 6 1 1 12 1 8 1 1 1 |1 4 6 1 1 1 1 1 1 1 1 11 1 1 1 1 |1 1 11 15 1 1 1 16 1 1 5 1 1 16 1 1 |1 1 1 1 2 1 1 10 1 1 1 1 10 1 1 1 |2 1 1 1 1 1 1 14 6 8 1 5 1 1 1 6 |7 1 1 9 1 1 1 1 7 10 11 3 1 1 9 1 |1 1 1 1 1 1 8 2 1 3 18 1 1 4 1 1 |
18564: 1 1 1 6 8 6 8 11 1 1 1 1 1 2 8 4 |1 1 7 1 5 1 1 1 1 1 1 11 5 1 12 1 |1 1 1 1 1 9 4 7 3 1 8 7 1 1 1 2 |1 1 1 4 1 4 7 1 8 8 1 1 1 6 1 10 |1 1 1 1 1 6 10 1 1 1 1 1 12 1 8 12 |1 1 9 1 5 10 1 1 1 1 11 1 7 1 1 1 |1 5 8 1 1 1 1 1 1 1 10 2 1 5 1 1 |1 1 1 14 1 6 7 12 1 1 13 1 1 9 1 8 |1 1 1 1 3 16 9 4 1 1 1 1 1 2 6 3 |2 1 1 1 1 1 1 14 6 8 1 5 1 1 1 6 |7 1 1 9 1 1 1 1 7 10 11 3 1 1 9 1 |1 1 1 1 1 1 8 2 1 3 18 1 1 4 1 1 |
18576: 1 1 1 6 8 6 8 11 1 1 1 1 1 2 8 4 |1 1 7 1 5 1 1 1 1 1 1 11 5 1 12 1 |1 1 1 1 1 9 4 7 3 1 8 7 1 1 1 2 |1 1 1 4 1 4 7 1 8 8 1 1 1 6 1 10 |1 1 1 1 1 6 10 1 1 1 1 1 12 1 8 12 |1 1 9 1 5 10 1 1 1 1 11 1 7 1 1 1 |1 5 8 1 1 1 1 1 1 1 10 2 1 5 1 1 |1 1 1 14 1 6 7 12 1 1 13 1 1 9 1 8 |1 1 1 1 3 16 9 4 1 1 1 1 1 2 6 3 |1 1 6 1 1 2 1 14 4 14 1 4 1 7 1 1 |1 1 1 4 4 1 1 14 7 7 1 1 1 1 8 1 |1 6 1 2 1 15 6 1 1 5 13 1 3 12 1 1 |
18587: 1 1 1 10 7 1 1 1 1 1 1 1 1 3 1 1 |1 1 8 1 6 1 1 1 1 1 1 11 1 1 10 1 |1 1 1 1 1 9 4 7 3 1 8 7 1 1 1 2 |1 1 1 4 1 4 7 1 8 8 1 1 1 6 1 10 |1 1 1 1 1 6 10 1 1 1 1 1 12 1 8 12 |1 1 9 1 5 10 1 1 1 1 11 1 7 1 1 1 |1 5 8 1 1 1 1 1 1 1 10 2 1 5 1 1 |1 1 1 14 1 6 7 12 1 1 13 1 1 9 1 8 |1 1 1 1 3 16 9 4 1 1 1 1 1 2 6 3 |1 1 6 1 1 2 1 14 4 14 1 4 1 7 1 1 |1 1 1 4 4 1 1 14 7 7 1 1 1 1 8 1 |1 6 1 2 1 15 6 1 1 5 13 1 3 12 1 1 |
18598: 1 1 1 10 7 1 1 1 1 1 1 1 1 3 1 1 |1 1 8 1 6 1 1 1 1 1 1 11 1 1 10 1 |1 1 9 1 1 5 1 1 1 1 1 1 1 1 1 1 |1 1 1 1 1 1 1 1 9 2 1 1 11 6 1 10 |2 2 1 1 1 8 6 1 1 1 1 1 12 1 11 7 |1 1 3 1 1 12 1 1 1 1 13 1 9 1 1 1 |1 1 5 1 7 1 1 9 1 1 1 11 1 1 1 1 |1 1 1 13 1 1 1 6 1 3 8 1 1 1 1 1 |1 1 1 1 9 9 1 1 1 1 1 11 1 1 1 1 |1 1 1 1 4 1 6 13 7 6 1 6 1 1 1 7 |1 1 3 1 1 1 1 14 7 9 1 1 1 1 8 1 |1 7 1 1 1 13 7 1 1 4 15 1 1 10 1 1 |
18610: 1 1 1 10 7 1 1 1 1 1 1 1 1 3 1 1 |1 1 8 1 6 1 1 1 1 1 1 11 1 1 10 1 |1 1 9 1 1 5 1 1 1 1 1 1 1 1 1 1 |1 1 1 1 1 1 1 1 9 2 1 1 11 6 1 10 |2 2 1 1 1 8 6 1 1 1 1 1 12 1 11 7 |1 1 3 1 1 12 1 1 1 1 13 1 9 1 1 1 |1 1 5 1 7 1 1 9 1 1 1 11 1 1 1 1 |1 1 1 13 1 1 1 6 1 3 8 1 1 1 1 1 |1 1 1 1 9 9 1 1 1 1 1 11 1 1 1 1 |1 1 1 1 4 1 6 13 7 6 1 6 1 1 1 7 |1 1 3 1 1 1 1 14 7 9 1 1 1 1 8 1 |1 7 1 1 1 13 7 1 1 4 15 1 1 10 1 1 |
18620: 1 1 1 9 2 7 1 1 1 1 1 1 1 2 1 2 |1 1 8 1 6 1 1 1 1 1 1 11 1 1 10 1 |1 1 9 1 1 5 1 1 1 1 1 1 1 1 1 1 |1 1 1 1 1 1 1 1 9 2 1 1 11 6 1 10 |2 2 1 1 1 8 6 1 1 1 1 1 12 1 11 7 |1 1 3 1 1 12 1 1 1 1 13 1 9 1 1 1 |1 1 5 1 7 1 1 9 1 1 1 11 1 1 1 1 |1 1 1 13 1 1 1 6 1 3 8 1 1 1 1 1 |1 1 1 1 9 9 1 1 1 1 1 11 1 1 1 1 |1 1 1 1 4 1 6 13 7 6 1 6 1 1 1 7 |1 1 3 1 1 1 1 14 7 9 1 1 1 1 8 1 |1 7 1 1 1 13 7 1 1 4 15 1 1 10 1 1 |
18631: 1 1 1 9 2 7 1 1 1 1 1 1 1 2 1 2 |1 1 1 1 5 10 1 1 1 1 1 11 1 3 7 1 |1 1 8 1 1 9 1 6 6 1 1 1 1 1 1 1 |1 1 1 1 1 1 1 1 8 6 1 1 1 7 1 10 |1 1 1 1 1 10 8 1 1 1 1 1 11 1 8 8 |1 1 1 1 5 10 1 1 1 1 11 1 10 1 1 1 |1 4 1 1 1 1 1 8 1 1 1 13 1 1 1 1 |1 1 13 12 1 1 1 13 1 1 14 1 1 1 1 1 |1 1 1 1 1 15 1 10 2 1 8 15 13 1 8 5 |1 1 1 1 1 2 1 12 9 12 1 4 1 1 1 7 |1 1 3 1 1 1 1 14 7 9 1 1 1 1 8 1 |1 7 1 1 1 13 7 1 1 4 15 1 1 10 1 1 |
18642: 1 1 1 9 2 7 1 1 1 1 1 1 1 2 1 2 |1 1 1 1 5 10 1 1 1 1 1 11 1 3 7 1 |1 1 8 1 1 9 1 6 6 1 1 1 1 1 1 1 |1 1 1 1 1 1 1 1 8 6 1 1 1 7 1 10 |1 1 1 1 1 10 8 1 1 1 1 1 11 1 8 8 |1 1 1 1 5 10 1 1 1 1 11 1 10 1 1 1 |1 4 1 1 1 1 1 8 1 1 1 13 1 1 1 1 |1 1 13 12 1 1 1 13 1 1 14 1 1 1 1 1 |1 1 1 1 1 15 1 10 2 1 8 15 13 1 8 5 |1 1 1 1 1 2 1 12 9 12 1 4 1 1 1 7 |1 1 1 10 1 1 1 13 5 4 11 3 1 1 7 2 |1 1 1 1 1 1 2 11 1 4 15 1 4 5 1 11 |
18653: 1 1 1 8 5 1 8 8 1 1 1 1 1 1 1 5 |1 1 1 1 5 10 1 1 1 1 1 11 1 3 7 1 |1 1 8 1 1 9 1 6 6 1 1 1 1 1 1 1 |1 1 1 1 1 1 1 1 8 6 1 1 1 7 1 10 |1 1 1 1 1 10 8 1 1 1 1 1 11 1 8 8 |1 1 1 1 5 10 1 1 1 1 11 1 10 1 1 1 |1 4 1 1 1 1 1 8 1 1 1 13 1 1 1 1 |1 1 13 12 1 1 1 13 1 1 14 1 1 1 1 1 |1 1 1 1 1 15 1 10 2 1 8 15 13 1 8 5 |1 1 1 1 1 2 1 12 9 12 1 4 1 1 1 7 |1 1 1 10 1 1 1 13 5 4 11 3 1 1 7 2 |1 1 1 1 1 1 2 11 1 4 15 1 4 5 1 11 |
18664: 1 1 1 8 5 1 8 8 1 1 1 1 1 1 1 5 |1 1 7 1 1 16 1 1 1 1 1 10 1 1 1 1 |1 1 1 1 1 7 13 6 5 1 1 7 1 1 1 1 |1 1 1 3 1 3 1 4 7 5 1 1 1 6 1 13 |1 1 1 1 1 1 1 1 1 1 1 1 10 1 7 8 |1 1 11 1 5 12 1 1 1 1 14 1 10 1 1 1 |1 4 8 1 1 1 1 2 1 1 1 12 1 1 1 1 |1 1 1 1 1 3 7 15 1 1 15 3 1 13 1 1 |1 1 1 1 11 8 10 5 1 7 11 1 1 1 7 4 |1 1 1 1 1 1 1 9 2 16 1 4 1 9 1 1 |9 1 2 1 1 1 1 1 5 9 1 8 1 1 1 1 |1 1 1 1 1 1 2 11 1 4 15 1 4 5 1 11 |
18675: 1 1 1 8 5 1 8 8 1 1 1 1 1 1 1 5 |1 1 7 1 1 16 1 1 1 1 1 10 1 1 1 1 |1 1 1 1 1 7 13 6 5 1 1 7 1 1 1 1 |1 1 1 3 1 3 1 4 7 5 1 1 1 6 1 13 |1 1 1 1 1 1 1 1 1 1 1 1 10 1 7 8 |1 1 11 1 5 12 1 1 1 1 14 1 10 1 1 1 |1 4 8 1 1 1 1 2 1 1 1 12 1 1 1 1 |1 1 1 1 1 3 7 15 1 1 15 3 1 13 1 1 |1 1 1 1 11 8 10 5 1 7 11 1 1 1 7 4 |1 1 1 1 1 1 1 9 2 16 1 4 1 9 1 1 |9 1 2 1 1 1 1 1 5 9 1 8 1 1 1 1 |1 1 1 1 1 8 2 11 1 2 16 1 1 13 1 1 |
18686: 1 1 1 3 8 5 7 7 1 3 1 1 1 2 7 1 |1 1 7 1 1 16 1 1 1 1 1 10 1 1 1 1 |1 1 1 1 1 7 13 6 5 1 1 7 1 1 1 1 |1 1 1 3 1 3 1 4 7 5 1 1 1 6 1 13 |1 1 1 1 1 1 1 1 1 1 1 1 10 1 7 8 |1 1 11 1 5 12 1 1 1 1 14 1 10 1 1 1 |1 4 8 1 1 1 1 2 1 1 1 12 1 1 1 1 |1 1 1 1 1 3 7 15 1 1 15 3 1 13 1 1 |1 1 1 1 11 8 10 5 1 7 11 1 1 1 7 4 |1 1 1 1 1 1 1 9 2 16 1 4 1 9 1 1 |9 1 2 1 1 1 1 1 5 9 1 8 1 1 1 1 |1 1 1 1 1 8 2 11 1 2 16 1 1 13 1 1 |
18696: 1 1 1 3 8 5 7 7 1 3 1 1 1 2 7 1 |1 1 1 1 1 1 1 1 1 1 1 9 1 1 12 1 |1 1 4 1 1 2 5 5 1 1 8 7 1 1 1 2 |1 1 1 1 1 1 1 1 7 6 1 1 1 9 1 10 |1 1 1 1 1 8 1 1 1 1 1 1 13 1 14 7 |1 1 2 1 1 8 1 6 1 1 14 1 9 1 1 1 |1 1 17 1 1 1 1 9 1 1 1 10 1 1 1 1 |7 1 9 7 1 1 1 12 1 1 2 1 1 3 1 1 |1 1 1 4 15 13 5 1 1 1 1 1 1 1 1 1 |1 1 1 1 1 1 1 9 2 16 1 4 1 9 1 1 |9 1 2 1 1 1 1 1 5 9 1 8 1 1 1 1 |1 1 1 1 1 8 2 11 1 2 16 1 1 13 1 1 |
18707: 1 1 1 3 8 5 7 7 1 3 1 1 1 2 7 1 |1 1 1 1 1 1 1 1 1 1 1 9 1 1 12 1 |1 1 4 1 1 2 5 5 1 1 8 7 1 1 1 2 |1 1 1 1 1 1 1 1 7 6 1 1 1 9 1 10 |1 1 1 1 1 8 1 1 1 1 1 1 13 1 14 7 |1 1 2 1 1 8 1 6 1 1 14 1 9 1 1 1 |1 1 17 1 1 1 1 9 1 1 1 10 1 1 1 1 |7 1 9 7 1 1 1 12 1 1 2 1 1 3 1 1 |1 1 1 4 15 13 5 1 1 1 1 1 1 1 1 1 |1 1 4 1 4 1 1 13 2 13 1 7 1 6 1 1 |1 1 1 1 1 1 5 8 1 1 1 1 1 2 9 1 |1 5 1 1 1 15 12 1 1 2 8 1 1 11 1 11 |
18718: 1 1 1 3 8 5 7 7 1 3 1 1 1 2 7 1 |1 1 1 1 1 1 1 1 1 1 1 9 1 1 12 1 |1 1 4 1 1 2 5 5 1 1 8 7 1 1 1 2 |1 1 1 1 1 1 1 1 7 6 1 1 1 9 1 10 |1 1 1 1 1 8 1 1 1 1 1 1 13 1 14 7 |1 1 2 1 1 8 1 6 1 1 14 1 9 1 1 1 |1 1 17 1 1 1 1 9 1 1 1 10 1 1 1 1 |7 1 9 7 1 1 1 12 1 1 2 1 1 3 1 1 |1 1 1 4 15 13 5 1 1 1 1 1 1 1 1 1 |1 1 4 1 4 1 1 13 2 13 1 7 1 6 1 1 |1 1 1 1 1 1 5 8 1 1 1 1 1 2 9 1 |1 5 1 1 1 15 12 1 1 2 8 1 1 11 1 11 |
18729: 1 1 1 7 5 4 1 7 1 1 1 1 1 2 1 1 |1 1 1 1 1 1 1 1 1 1 1 11 1 2 12 1 |1 1 8 1 1 9 3 1 6 1 2 5 1 1 1 2 |1 1 1 3 1 1 1 1 7 7 1 1 1 6 1 10 |1 1 1 1 1 1 1 1 1 1 1 1 10 1 12 5 |1 1 1 1 5 10 1 1 1 1 13 1 10 1 1 1 |1 4 1 1 1 1 1 8 1 1 1 10 1 3 1 2 |1 1 14 8 1 1 1 5 1 1 9 1 1 2 1 10 |1 1 1 4 15 13 5 1 1 1 1 1 1 1 1 1 |1 1 4 1 4 1 1 13 2 13 1 7 1 6 1 1 |1 1 1 1 1 1 5 8 1 1 1 1 1 2 9 1 |1 5 1 1 1 15 12 1 1 2 8 1 1 11 1 11 |
18740: 1 1 1 7 5 4 1 7 1 1 1 1 1 2 1 1 |1 1 1 1 1 1 1 1 1 1 1 11 1 2 12 1 |1 1 8 1 1 9 3 1 6 1 2 5 1 1 1 2 |1 1 1 3 1 1 1 1 7 7 1 1 1 6 1 10 |1 1 1 1 1 1 1 1 1 1 1 1 10 1 12 5 |1 1 1 1 5 10 1 1 1 1 13 1 10 1 1 1 |1 4 1 1 1 1 1 8 1 1 1 10 1 3 1 2 |1 1 14 8 1 1 1 5 1 1 9 1 1 2 1 10 |1 1 1 1 3 8 1 1 1 1 1 8 6 1 7 3 |1 1 6 1 9 7 1 14 3 14 1 8 1 9 1 7 |1 1 1 1 1 1 1 14 7 4 11 5 1 1 8 1 |1 1 1 1 1 9 12 11 1 3 17 1 1 12 1 1 |
18751: 1 1 1 7 5 4 1 7 1 1 1 1 1 2 1 1 |1 1 1 1 1 1 1 1 1 1 1 11 1 2 12 1 |1 1 8 1 1 9 3 1 6 1 2 5 1 1 1 2 |1 1 1 3 1 1 1 1 7 7 1 1 1 6 1 10 |1 1 1 1 1 1 1 1 1 1 1 1 10 1 12 5 |1 1 1 1 5 10 1 1 1 1 13 1 10 1 1 1 |1 4 1 1 1 1 1 8 1 1 1 10 1 3 1 2 |1 1 14 8 1 1 1 5 1 1 9 1 1 2 1 10 |1 1 1 1 3 8 1 1 1 1 1 8 6 1 7 3 |1 1 6 1 9 7 1 14 3 14 1 8 1 9 1 7 |1 1 1 1 1 1 1 14 7 4 11 5 1 1 8 1 |1 1 1 1 1 9 12 11 1 3 17 1 1 12 1 1 |
18762: 1 1 1 6 6 6 4 12 1 3 1 7 1 2 8 1 |1 1 8 1 7 4 1 1 1 1 1 13 4 1 14 1 |1 1 1 1 1 7 5 5 6 1 8 7 1 1 1 1 |1 1 1 3 1 4 1 4 8 5 1 1 1 6 1 11 |1 1 1 1 1 1 1 1 1 1 1 1 11 1 11 7 |1 1 10 1 4 11 1 1 1 1 14 1 7 1 1 1 |1 9 10 1 7 1 1 2 1 1 1 11 1 1 1 2 |1 1 10 6 1 1 9 10 1 1 14 1 1 12 1 9 |1 1 1 1 3 8 1 1 1 1 1 8 6 1 7 3 |1 1 6 1 9 7 1 14 3 14 1 8 1 9 1 7 |1 1 1 1 1 1 1 14 7 4 11 5 1 1 8 1 |1 1 1 1 1 9 12 11 1 3 17 1 1 12 1 1 |
18773: 1 1 1 6 6 6 4 12 1 3 1 7 1 2 8 1 |1 1 8 1 7 4 1 1 1 1 1 13 4 1 14 1 |1 1 1 1 1 7 5 5 6 1 8 7 1 1 1 1 |1 1 1 3 1 4 1 4 8 5 1 1 1 6 1 11 |1 1 1 1 1 1 1 1 1 1 1 1 11 1 11 7 |1 1 10 1 4 11 1 1 1 1 14 1 7 1 1 1 |1 9 10 1 7 1 1 2 1 1 1 11 1 1 1 2 |1 1 10 6 1 1 9 10 1 1 14 1 1 12 1 9 |1 1 1 1 13 14 8 5 1 9 4 1 2 1 7 5 |1 1 5 1 4 3 1 9 2 13 1 3 1 8 2 1 |1 1 1 1 1 1 1 14 1 1 11 2 1 1 8 1 |1 1 1 8 1 14 8 4 1 3 14 1 1 3 1 17 |
18784: 1 1 1 6 6 6 4 12 1 3 1 7 1 2 8 1 |1 1 8 1 7 4 1 1 1 1 1 13 4 1 14 1 |1 1 1 1 1 7 5 5 6 1 8 7 1 1 1 1 |1 1 1 3 1 4 1 4 8 5 1 1 1 6 1 11 |1 1 1 1 1 1 1 1 1 1 1 1 11 1 11 7 |1 1 10 1 4 11 1 1 1 1 14 1 7 1 1 1 |1 9 10 1 7 1 1 2 1 1 1 11 1 1 1 2 |1 1 10 6 1 1 9 10 1 1 14 1 1 12 1 9 |1 1 1 1 13 14 8 5 1 9 4 1 2 1 7 5 |1 1 5 1 4 3 1 9 2 13 1 3 1 8 2 1 |1 1 1 1 1 1 1 14 1 1 11 2 1 1 8 1 |1 1 1 8 1 14 8 4 1 3 14 1 1 3 1 17 |
18796: 1 1 1 1 9 7 7 12 1 1 1 4 1 1 9 1 |11 1 9 1 3 10 1 1 1 1 4 12 9 1 7 1 |1 1 8 1 1 1 3 7 6 1 6 8 1 1 1 1 |1 1 1 1 1 1 1 1 7 6 1 4 9 8 1 10 |1 1 1 1 1 10 1 2 1 1 1 1 11 1 12 5 |1 1 3 1 1 10 1 1 1 1 14 1 9 1 1 1 |1 1 4 1 1 1 1 8 1 5 1 11 1 1 1 1 |7 1 8 14 1 2 4 12 1 2 15 1 1 13 1 10 |1 1 1 1 13 14 8 5 1 9 4 1 2 1 7 5 |1 1 5 1 4 3 1 9 2 13 1 3 1 8 2 1 |1 1 1 1 1 1 1 14 1 1 11 2 1 1 8 1 |1 1 1 8 1 14 8 4 1 3 14 1 1 3 1 17 |
18807: 1 1 1 1 9 7 7 12 1 1 1 4 1 1 9 1 |11 1 9 1 3 10 1 1 1 1 4 12 9 1 7 1 |1 1 8 1 1 1 3 7 6 1 6 8 1 1 1 1 |1 1 1 1 1 1 1 1 7 6 1 4 9 8 1 10 |1 1 1 1 1 10 1 2 1 1 1 1 11 1 12 5 |1 1 3 1 1 10 1 1 1 1 14 1 9 1 1 1 |1 1 4 1 1 1 1 8 1 5 1 11 1 1 1 1 |7 1 8 14 1 2 4 12 1 2 15 1 1 13 1 10 |1 1 1 1 4 16 8 4 1 1 1 1 13 1 6 5 |1 1 5 1 1 1 1 15 1 14 1 7 1 10 1 1 |1 1 5 1 1 1 1 15 4 8 10 2 1 1 8 1 |1 1 1 1 1 3 1 1 1 5 15 1 1 12 1 4 |
18818: 1 1 1 1 9 7 7 12 1 1 1 4 1 1 9 1 |11 1 9 1 3 10 1 1 1 1 4 12 9 1 7 1 |1 1 8 1 1 1 3 7 6 1 6 8 1 1 1 1 |1 1 1 1 1 1 1 1 7 6 1 4 9 8 1 10 |1 1 1 1 1 10 1 2 1 1 1 1 11 1 12 5 |1 1 3 1 1 10 1 1 1 1 14 1 9 1 1 1 |1 1 4 1 1 1 1 8 1 5 1 11 1 1 1 1 |7 1 8 14 1 2 4 12 1 2 15 1 1 13 1 10 |1 1 1 1 4 16 8 4 1 1 1 1 13 1 6 5 |1 1 5 1 1 1 1 15 1 14 1 7 1 10 1 1 |1 1 5 1 1 1 1 15 4 8 10 2 1 1 8 1 |1 1 1 1 1 3 1 1 1 5 15 1 1 12 1 4 |
18830: 1 1 1 1 10 14 2 12 1 1 1 8 1 1 3 1 |1 1 1 1 6 1 1 1 1 1 7 10 1 1 12 1 |1 1 7 1 1 7 14 5 1 1 1 5 1 1 1 1 |1 1 1 1 1 1 1 1 1 6 1 1 1 6 1 10 |1 9 2 1 1 9 10 1 1 1 1 1 10 1 13 13 |1 1 1 1 5 8 1 1 1 1 12 1 9 1 1 1 |1 4 9 7 8 1 1 1 1 5 1 10 1 1 2 1 |7 1 8 14 1 2 4 12 1 2 15 1 1 13 1 10 |1 1 1 1 4 16 8 4 1 1 1 1 13 1 6 5 |1 1 5 1 1 1 1 15 1 14 1 7 1 10 1 1 |1 1 5 1 1 1 1 15 4 8 10 2 1 1 8 1 |1 1 1 1 1 3 1 1 1 5 15 1 1 12 1 4 |
18841: 1 1 1 1 10 14 2 12 1 1 1 8 1 1 3 1 |1 1 1 1 6 1 1 1 1 1 7 10 1 1 12 1 |1 1 7 1 1 7 14 5 1 1 1 5 1 1 1 1 |1 1 1 1 1 1 1 1 1 6 1 1 1 6 1 10 |1 9 2 1 1 9 10 1 1 1 1 1 10 1 13 13 |1 1 1 1 5 8 1 1 1 1 12 1 9 1 1 1 |1 4 9 7 8 1 1 1 1 5 1 10 1 1 2 1 |1 1 1 14 1 3 5 13 1 1 15 1 1 5 1 9 |1 1 1 1 1 15 10 12 7 8 5 2 2 2 8 3 |1 1 4 1 1 1 1 12 6 6 1 7 1 1 1 7 |8 5 1 1 1 1 1 15 1 1 6 1 1 1 8 1 |1 1 1 1 1 1 1 12 1 5 15 1 1 13 1 1 |
18852: 1 1 1 1 10 14 2 12 1 1 1 8 1 1 3 1 |1 1 1 1 6 1 1 1 1 1 7 10 1 1 12 1 |1 1 7 1 1 7 14 5 1 1 1 5 1 1 1 1 |1 1 1 1 1 1 1 1 1 6 1 1 1 6 1 10 |1 9 2 1 1 9 10 1 1 1 1 1 10 1 13 13 |1 1 1 1 5 8 1 1 1 1 12 1 9 1 1 1 |1 4 9 7 8 1 1 1 1 5 1 10 1 1 2 1 |1 1 1 14 1 3 5 13 1 1 15 1 1 5 1 9 |1 1 1 1 1 15 10 12 7 8 5 2 2 2 8 3 |1 1 4 1 1 1 1 12 6 6 1 7 1 1 1 7 |8 5 1 1 1 1 1 15 1 1 6 1 1 1 8 1 |1 1 1 1 1 1 1 12 1 5 15 1 1 13 1 1 |
18863: 1 1 1 5 6 6 5 1 1 5 1 6 1 4 5 1 |1 1 7 1 1 17 1 1 1 1 1 11 1 1 1 1 |1 1 1 1 1 8 3 7 7 1 5 1 1 1 1 1 |1 1 1 1 1 1 1 5 8 6 1 1 1 6 1 12 |1 1 1 1 1 8 6 1 1 1 1 1 10 1 11 7 |1 1 9 1 6 12 1 5 1 1 13 1 10 1 1 1 |1 5 8 1 1 1 1 3 1 1 1 11 1 1 1 1 |1 1 1 1 5 1 1 14 1 1 15 1 5 13 1 1 |1 1 1 1 1 15 10 12 7 8 5 2 2 2 8 3 |1 1 4 1 1 1 1 12 6 6 1 7 1 1 1 7 |8 5 1 1 1 1 1 15 1 1 6 1 1 1 8 1 |1 1 1 1 1 1 1 12 1 5 15 1 1 13 1 1 |
18874: 1 1 1 5 6 6 5 1 1 5 1 6 1 4 5 1 |1 1 7 1 1 17 1 1 1 1 1 11 1 1 1 1 |1 1 1 1 1 8 3 7 7 1 5 1 1 1 1 1 |1 1 1 1 1 1 1 5 8 6 1 1 1 6 1 12 |1 1 1 1 1 8 6 1 1 1 1 1 10 1 11 7 |1 1 9 1 6 12 1 5 1 1 13 1 10 1 1 1 |1 5 8 1 1 1 1 3 1 1 1 11 1 1 1 1 |1 1 1 1 5 1 1 14 1 1 15 1 5 13 1 1 |1 1 1 1 13 14 3 1 1 10 7 1 12 1 1 1 |1 1 1 1 3 7 3 9 3 13 1 5 1 10 1 1 |1 1 1 1 1 1 1 13 1 1 8 1 1 1 10 1 |1 1 1 1 1 14 9 11 1 4 14 1 1 11 1 1 |
18885: 1 1 1 5 6 6 5 1 1 5 1 6 1 4 5 1 |1 1 7 1 1 17 1 1 1 1 1 11 1 1 1 1 |1 1 1 1 1 8 3 7 7 1 5 1 1 1 1 1 |1 1 1 1 1 1 1 5 8 6 1 1 1 6 1 12 |1 1 1 1 1 8 6 1 1 1 1 1 10 1 11 7 |1 1 9 1 6 12 1 5 1 1 13 1 10 1 1 1 |1 5 8 1 1 1 1 3 1 1 1 11 1 1 1 1 |1 1 1 1 5 1 1 14 1 1 15 1 5 13 1 1 |1 1 1 1 13 14 3 1 1 10 7 1 12 1 1 1 |1 1 1 1 3 7 3 9 3 13 1 5 1 10 1 1 |1 1 1 1 1 1 1 13 1 1 8 1 1 1 10 1 |1 1 1 1 1 14 9 11 1 4 14 1 1 11 1 1 |
18896: 1 1 1 1 1 9 4 11 1 3 1 3 1 1 2 1 |11 1 9 1 4 10 1 1 1 1 1 10 1 2 13 1 |1 1 7 1 1 1 4 9 1 1 2 6 1 1 1 1 |1 1 1 1 1 4 8 1 7 6 1 1 1 7 1 10 |1 1 1 1 1 8 1 1 1 1 1 1 11 1 13 7 |1 1 1 1 1 12 1 4 1 1 14 1 8 1 1 1 |1 5 8 1 1 1 1 3 1 1 1 11 1 1 1 1 |1 1 1 1 5 1 1 14 1 1 15 1 5 13 1 1 |1 1 1 1 13 14 3 1 1 10 7 1 12 1 1 1 |1 1 1 1 3 7 3 9 3 13 1 5 1 10 1 1 |1 1 1 1 1 1 1 13 1 1 8 1 1 1 10 1 |1 1 1 1 1 14 9 11 1 4 14 1 1 11 1 1 |
18908: 1 1 1 1 1 9 4 11 1 3 1 3 1 1 2 1 |11 1 9 1 4 10 1 1 1 1 1 10 1 2 13 1 |1 1 7 1 1 1 4 9 1 1 2 6 1 1 1 1 |1 1 1 1 1 4 8 1 7 6 1 1 1 7 1 10 |1 1 1 1 1 8 1 1 1 1 1 1 11 1 13 7 |1 1 1 1 1 12 1 4 1 1 14 1 8 1 1 1 |1 1 5 1 1 1 1 8 1 1 1 10 1 1 1 3 |7 1 4 16 1 4 1 13 1 2 12 1 1 12 1 9 |1 1 1 1 17 14 10 10 3 1 1 1 12 1 8 1 |2 1 1 1 1 1 1 16 9 12 1 5 1 4 1 8 |1 1 2 1 1 1 3 15 1 1 9 3 1 1 10 1 |1 1 1 1 1 14 6 1 1 4 14 2 1 10 1 5 |
18919: 1 1 1 1 1 9 4 11 1 3 1 3 1 1 2 1 |11 1 9 1 4 10 1 1 1 1 1 10 1 2 13 1 |1 1 7 1 1 1 4 9 1 1 2 6 1 1 1 1 |1 1 1 1 1 4 8 1 7 6 1 1 1 7 1 10 |1 1 1 1 1 8 1 1 1 1 1 1 11 1 13 7 |1 1 1 1 1 12 1 4 1 1 14 1 8 1 1 1 |1 1 5 1 1 1 1 8 1 1 1 10 1 1 1 3 |7 1 4 16 1 4 1 13 1 2 12 1 1 12 1 9 |1 1 1 1 17 14 10 10 3 1 1 1 12 1 8 1 |2 1 1 1 1 1 1 16 9 12 1 5 1 4 1 8 |1 1 2 1 1 1 3 15 1 1 9 3 1 1 10 1 |1 1 1 1 1 14 6 1 1 4 14 2 1 10 1 5 |
18952: 1 1 1 7 7 4 1 1 1 5 1 1 1 2 1 1 |1 1 11 1 6 10 1 1 1 1 1 10 2 1 11 1 |1 1 9 1 1 11 13 4 6 1 1 6 1 1 1 2 |1 1 1 4 1 1 1 1 3 1 1 1 12 6 1 12 |1 1 1 1 1 8 1 1 1 1 1 1 11 1 13 7 |1 1 1 1 1 12 1 4 1 1 14 1 8 1 1 1 |1 1 5 1 1 1 1 8 1 1 1 10 1 1 1 3 |7 1 4 16 1 4 1 13 1 2 12 1 1 12 1 9 |1 1 1 1 17 14 10 10 3 1 1 1 12 1 8 1 |2 1 1 1 1 1 1 16 9 12 1 5 1 4 1 8 |1 1 2 1 1 1 3 15 1 1 9 3 1 1 10 1 |1 1 1 1 1 14 6 1 1 4 14 2 1 10 1 5 |
18963: 1 1 1 7 7 4 1 1 1 5 1 1 1 2 1 1 |1 1 11 1 6 10 1 1 1 1 1 10 2 1 11 1 |1 1 9 1 1 11 13 4 6 1 1 6 1 1 1 2 |1 1 1 4 1 1 1 1 3 1 1 1 12 6 1 12 |1 1 1 1 7 2 10 1 1 1 1 1 10 1 14 11 |1 1 2 1 1 12 1 1 1 1 13 1 10 1 1 1 |1 1 1 1 1 1 1 3 1 1 1 12 1 1 1 1 |6 1 3 15 1 3 1 2 1 1 9 1 1 12 1 1 |1 1 1 1 11 9 11 9 7 1 1 1 5 1 7 3 |1 1 5 1 1 1 1 1 3 1 1 7 1 7 1 5 |1 1 1 1 1 2 1 16 5 1 10 11 2 1 6 1 |1 4 1 1 1 1 2 1 1 1 16 1 1 1 1 5 |
18974: 1 1 1 7 7 4 1 1 1 5 1 1 1 2 1 1 |1 1 11 1 6 10 1 1 1 1 1 10 2 1 11 1 |1 1 9 1 1 11 13 4 6 1 1 6 1 1 1 2 |1 1 1 4 1 1 1 1 3 1 1 1 12 6 1 12 |1 1 1 1 7 2 10 1 1 1 1 1 10 1 14 11 |1 1 2 1 1 12 1 1 1 1 13 1 10 1 1 1 |1 1 1 1 1 1 1 3 1 1 1 12 1 1 1 1 |6 1 3 15 1 3 1 2 1 1 9 1 1 12 1 1 |1 1 1 1 11 9 11 9 7 1 1 1 5 1 7 3 |1 1 5 1 1 1 1 1 3 1 1 7 1 7 1 5 |1 1 1 1 1 2 1 16 5 1 10 11 2 1 6 1 |1 4 1 1 1 1 2 1 1 1 16 1 1 1 1 5 |
18984: 1 1 1 5 1 8 3 1 1 1 1 3 1 1 8 1 |1 1 1 1 1 1 1 1 1 1 1 1 1 1 12 1 |1 1 9 1 1 11 13 4 6 1 1 6 1 1 1 2 |1 1 1 4 1 1 1 1 3 1 1 1 12 6 1 12 |1 1 1 1 7 2 10 1 1 1 1 1 10 1 14 11 |1 1 2 1 1 12 1 1 1 1 13 1 10 1 1 1 |1 1 1 1 1 1 1 3 1 1 1 12 1 1 1 1 |6 1 3 15 1 3 1 2 1 1 9 1 1 12 1 1 |1 1 1 1 11 9 11 9 7 1 1 1 5 1 7 3 |1 1 5 1 1 1 1 1 3 1 1 7 1 7 1 5 |1 1 1 1 1 2 1 16 5 1 10 11 2 1 6 1 |1 4 1 1 1 1 2 1 1 1 16 1 1 1 1 5 |
18995: 1 1 1 5 1 8 3 1 1 1 1 3 1 1 8 1 |1 1 1 1 1 1 1 1 1 1 1 1 1 1 12 1 |1 1 1 1 1 9 4 7 5 1 7 8 1 1 1 2 |1 1 1 1 1 4 1 1 2 8 1 1 12 6 1 10 |1 1 1 1 1 7 7 1 1 1 1 1 13 1 14 11 |1 1 1 1 5 10 1 6 1 1 12 1 10 1 1 1 |1 5 8 1 1 1 1 10 1 1 1 11 1 4 1 1 |1 1 1 4 1 2 3 12 1 3 10 1 1 12 1 9 |1 1 1 1 13 9 11 4 1 1 1 1 1 2 5 1 |2 1 1 1 3 1 7 13 1 13 1 3 1 8 1 7 |1 1 1 1 1 2 1 16 5 1 10 11 2 1 6 1 |1 4 1 1 1 1 2 1 1 1 16 1 1 1 1 5 |
19006: 1 1 1 5 1 8 3 1 1 1 1 3 1 1 8 1 |1 1 1 1 1 1 1 1 1 1 1 1 1 1 12 1 |1 1 1 1 1 9 4 7 5 1 7 8 1 1 1 2 |1 1 1 1 1 4 1 1 2 8 1 1 12 6 1 10 |1 1 1 1 1 7 7 1 1 1 1 1 13 1 14 11 |1 1 1 1 5 10 1 6 1 1 12 1 10 1 1 1 |1 5 8 1 1 1 1 10 1 1 1 11 1 4 1 1 |1 1 1 4 1 2 3 12 1 3 10 1 1 12 1 9 |1 1 1 1 13 9 11 4 1 1 1 1 1 2 5 1 |2 1 1 1 3 1 7 13 1 13 1 3 1 8 1 7 |7 1 1 1 1 1 1 14 6 3 10 9 1 4 6 1 |1 5 1 1 1 1 1 1 1 1 16 1 1 13 1 1 |
19018: 1 1 1 9 8 7 9 13 1 3 1 1 1 2 7 1 |2 1 1 1 5 1 1 1 1 1 1 1 1 1 13 1 |1 1 9 1 10 6 13 8 4 1 1 1 1 1 1 1 |1 1 1 1 1 4 1 1 2 8 1 1 12 6 1 10 |1 1 1 1 1 7 7 1 1 1 1 1 13 1 14 11 |1 1 1 1 5 10 1 6 1 1 12 1 10 1 1 1 |1 5 8 1 1 1 1 10 1 1 1 11 1 4 1 1 |1 1 1 4 1 2 3 12 1 3 10 1 1 12 1 9 |1 1 1 1 13 9 11 4 1 1 1 1 1 2 5 1 |2 1 1 1 3 1 7 13 1 13 1 3 1 8 1 7 |7 1 1 1 1 1 1 14 6 3 10 9 1 4 6 1 |1 5 1 1 1 1 1 1 1 1 16 1 1 13 1 1 |
19028: 1 1 1 9 8 7 9 13 1 3 1 1 1 2 7 1 |2 1 1 1 5 1 1 1 1 1 1 1 1 1 13 1 |1 1 9 1 10 6 13 8 4 1 1 1 1 1 1 1 |1 1 1 4 1 1 1 1 7 5 1 1 1 6 1 9 |1 1 1 1 1 8 9 1 1 1 1 1 9 5 10 13 |1 1 3 1 2 11 1 1 1 1 11 1 8 1 1 1 |1 12 10 1 1 1 1 8 1 2 1 12 1 1 1 1 |8 1 4 8 1 1 8 15 1 2 13 1 1 13 1 1 |1 1 1 1 12 15 4 1 1 9 9 1 12 1 1 1 |1 1 4 1 2 3 1 15 8 13 1 5 1 2 1 7 |1 1 3 1 1 5 1 13 5 2 9 5 1 1 1 1 |1 5 1 1 1 1 1 1 1 1 16 1 1 13 1 1 |
19039: 1 1 1 9 8 7 9 13 1 3 1 1 1 2 7 1 |2 1 1 1 5 1 1 1 1 1 1 1 1 1 13 1 |1 1 9 1 10 6 13 8 4 1 1 1 1 1 1 1 |1 1 1 4 1 1 1 1 7 5 1 1 1 6 1 9 |1 1 1 1 1 8 9 1 1 1 1 1 9 5 10 13 |1 1 3 1 2 11 1 1 1 1 11 1 8 1 1 1 |1 12 10 1 1 1 1 8 1 2 1 12 1 1 1 1 |8 1 4 8 1 1 8 15 1 2 13 1 1 13 1 1 |1 1 1 1 12 15 4 1 1 9 9 1 12 1 1 1 |1 1 4 1 2 3 1 15 8 13 1 5 1 2 1 7 |1 1 3 1 1 5 1 13 5 2 9 5 1 1 1 1 |1 6 1 8 1 14 8 1 1 3 15 1 1 12 1 1 |
19050: 1 1 1 2 9 7 10 7 1 3 1 1 1 1 9 1 |1 1 7 1 4 1 1 1 1 1 4 8 1 1 1 1 |1 1 6 1 1 8 3 1 7 1 1 1 1 1 1 1 |1 1 1 4 1 1 1 1 7 5 1 1 1 6 1 9 |1 1 1 1 1 8 9 1 1 1 1 1 9 5 10 13 |1 1 3 1 2 11 1 1 1 1 11 1 8 1 1 1 |1 12 10 1 1 1 1 8 1 2 1 12 1 1 1 1 |8 1 4 8 1 1 8 15 1 2 13 1 1 13 1 1 |1 1 1 1 12 15 4 1 1 9 9 1 12 1 1 1 |1 1 4 1 2 3 1 15 8 13 1 5 1 2 1 7 |1 1 3 1 1 5 1 13 5 2 9 5 1 1 1 1 |1 6 1 8 1 14 8 1 1 3 15 1 1 12 1 1 |
19060: 1 1 1 2 9 7 10 7 1 3 1 1 1 1 9 1 |1 1 7 1 4 1 1 1 1 1 4 8 1 1 1 1 |1 1 6 1 1 8 3 1 7 1 1 1 1 1 1 1 |1 1 1 1 1 6 7 1 6 9 1 1 1 6 1 8 |1 15 1 1 1 8 10 1 1 1 1 1 10 1 8 1 |1 1 1 1 4 3 1 5 1 1 12 1 9 1 1 1 |1 5 9 11 1 1 1 8 1 1 8 3 1 1 1 1 |1 1 4 14 1 1 1 11 1 1 15 1 1 12 1 1 |1 1 1 1 12 16 10 4 1 9 8 1 10 1 9 10 |1 1 1 1 1 1 1 14 8 6 1 4 1 8 1 2 |3 1 3 1 1 1 1 14 5 9 10 4 1 1 7 1 |1 6 1 8 1 14 8 1 1 3 15 1 1 12 1 1 |
19073: 1 1 1 2 9 7 10 7 1 3 1 1 1 1 9 1 |1 1 7 1 4 1 1 1 1 1 4 8 1 1 1 1 |1 1 6 1 1 8 3 1 7 1 1 1 1 1 1 1 |1 1 1 1 1 6 7 1 6 9 1 1 1 6 1 8 |1 15 1 1 1 8 10 1 1 1 1 1 10 1 8 1 |1 1 1 1 4 3 1 5 1 1 12 1 9 1 1 1 |1 5 9 11 1 1 1 8 1 1 8 3 1 1 1 1 |1 1 4 14 1 1 1 11 1 1 15 1 1 12 1 1 |1 1 1 1 12 16 10 4 1 9 8 1 10 1 9 10 |1 1 1 1 1 1 1 14 8 6 1 4 1 8 1 2 |3 1 3 1 1 1 1 14 5 9 10 4 1 1 7 1 |1 1 1 1 1 1 1 2 1 2 16 1 1 12 1 1 |
19084: 1 1 1 1 8 8 1 12 1 4 1 1 1 1 5 1 |1 1 1 1 12 1 1 1 1 1 1 12 8 1 1 1 |1 1 6 1 1 8 3 1 7 1 1 1 1 1 1 1 |1 1 1 1 1 6 7 1 6 9 1 1 1 6 1 8 |1 15 1 1 1 8 10 1 1 1 1 1 10 1 8 1 |1 1 1 1 4 3 1 5 1 1 12 1 9 1 1 1 |1 5 9 11 1 1 1 8 1 1 8 3 1 1 1 1 |1 1 4 14 1 1 1 11 1 1 15 1 1 12 1 1 |1 1 1 1 12 16 10 4 1 9 8 1 10 1 9 10 |1 1 1 1 1 1 1 14 8 6 1 4 1 8 1 2 |3 1 3 1 1 1 1 14 5 9 10 4 1 1 7 1 |1 1 1 1 1 1 1 2 1 2 16 1 1 12 1 1 |
19094: 1 1 1 1 8 8 1 12 1 4 1 1 1 1 5 1 |1 1 1 1 12 1 1 1 1 1 1 12 8 1 1 1 |1 1 1 1 1 8 3 7 4 1 8 1 1 1 1 2 |1 1 1 4 1 4 15 1 6 8 1 1 1 7 1 8 |1 9 1 1 1 8 8 1 1 1 1 1 11 1 13 6 |1 5 1 1 5 11 1 1 1 1 13 1 9 1 1 1 |1 10 7 1 1 1 3 1 1 1 1 11 1 5 1 1 |1 1 10 10 1 2 3 12 1 1 3 1 1 12 1 1 |1 1 1 1 11 14 7 9 1 11 8 1 1 1 7 1 |4 1 1 1 1 8 1 13 5 13 1 5 1 7 1 1 |1 1 1 1 1 1 1 1 4 5 1 1 1 1 10 1 |1 1 1 1 1 1 1 2 1 2 16 1 1 12 1 1 |
19105: 1 1 1 1 8 8 1 12 1 4 1 1 1 1 5 1 |1 1 1 1 12 1 1 1 1 1 1 12 8 1 1 1 |1 1 1 1 1 8 3 7 4 1 8 1 1 1 1 2 |1 1 1 4 1 4 15 1 6 8 1 1 1 7 1 8 |1 9 1 1 1 8 8 1 1 1 1 1 11 1 13 6 |1 5 1 1 5 11 1 1 1 1 13 1 9 1 1 1 |1 10 7 1 1 1 3 1 1 1 1 11 1 5 1 1 |1 1 10 10 1 2 3 12 1 1 3 1 1 12 1 1 |1 1 1 1 11 14 7 9 1 11 8 1 1 1 7 1 |4 1 1 1 1 8 1 13 5 13 1 5 1 7 1 1 |1 1 1 1 1 1 1 1 4 5 1 1 1 1 10 1 |1 1 1 1 1 12 6 15 1 2 17 1 1 13 1 1 |
19116: 1 1 1 1 8 8 1 12 1 4 1 1 1 1 5 1 |1 1 1 1 12 1 1 1 1 1 1 12 8 1 1 1 |1 1 1 1 1 8 3 7 4 1 8 1 1 1 1 2 |1 1 1 4 1 4 15 1 6 8 1 1 1 7 1 8 |1 9 1 1 1 8 8 1 1 1 1 1 11 1 13 6 |1 5 1 1 5 11 1 1 1 1 13 1 9 1 1 1 |1 10 7 1 1 1 3 1 1 1 1 11 1 5 1 1 |1 1 10 10 1 2 3 12 1 1 3 1 1 12 1 1 |1 1 1 1 11 14 7 9 1 11 8 1 1 1 7 1 |4 1 1 1 1 8 1 13 5 13 1 5 1 7 1 1 |1 1 1 1 1 1 1 1 4 5 1 1 1 1 10 1 |1 1 1 1 1 12 6 15 1 2 17 1 1 13 1 1 |
19127: 1 1 1 8 1 7 7 1 1 1 1 1 1 1 8 1 |1 1 1 1 5 1 1 1 1 1 1 1 1 1 12 1 |1 1 8 1 1 3 4 7 6 1 1 6 1 1 1 2 |1 1 1 1 1 4 7 1 2 1 1 1 1 7 1 10 |1 1 1 1 1 1 7 1 1 1 1 1 10 1 11 1 |1 1 2 1 5 10 1 1 1 1 9 1 8 1 1 1 |1 1 1 1 1 1 1 7 1 2 1 11 1 1 1 1 |1 1 10 7 1 1 1 14 1 1 15 1 1 14 1 1 |1 1 1 1 11 14 7 9 1 11 8 1 1 1 7 1 |4 1 1 1 1 8 1 13 5 13 1 5 1 7 1 1 |1 1 1 1 1 1 1 1 4 5 1 1 1 1 10 1 |1 1 1 1 1 12 6 15 1 2 17 1 1 13 1 1 |
19137: 1 1 1 8 1 7 7 1 1 1 1 1 1 1 8 1 |1 1 1 1 5 1 1 1 1 1 1 1 1 1 12 1 |1 1 8 1 1 3 4 7 6 1 1 6 1 1 1 2 |1 1 1 1 1 4 7 1 2 1 1 1 1 7 1 10 |1 1 1 1 1 1 7 1 1 1 1 1 10 1 11 1 |1 1 2 1 5 10 1 1 1 1 9 1 8 1 1 1 |1 1 1 1 1 1 1 7 1 2 1 11 1 1 1 1 |1 1 10 7 1 1 1 14 1 1 15 1 1 14 1 1 |1 1 1 7 9 16 10 4 1 1 1 1 10 1 8 4 |1 1 6 1 4 2 1 13 2 13 1 6 1 9 1 7 |1 1 6 1 1 1 1 14 5 9 1 1 1 1 9 1 |1 4 1 6 1 2 1 1 1 1 16 1 1 12 1 1 |
19148: 1 1 1 8 1 7 7 1 1 1 1 1 1 1 8 1 |1 1 1 1 5 1 1 1 1 1 1 1 1 1 12 1 |1 1 8 1 1 3 4 7 6 1 1 6 1 1 1 2 |1 1 1 1 1 4 7 1 2 1 1 1 1 7 1 10 |1 1 1 1 1 1 7 1 1 1 1 1 10 1 11 1 |1 1 2 1 5 10 1 1 1 1 9 1 8 1 1 1 |1 1 1 1 1 1 1 7 1 2 1 11 1 1 1 1 |1 1 10 7 1 1 1 14 1 1 15 1 1 14 1 1 |1 1 1 7 9 16 10 4 1 1 1 1 10 1 8 4 |1 1 6 1 4 2 1 13 2 13 1 6 1 9 1 7 |1 1 6 1 1 1 1 14 5 9 1 1 1 1 9 1 |1 4 1 6 1 2 1 1 1 1 16 1 1 12 1 1 |
19158: 1 1 1 6 10 7 1 1 1 1 1 1 1 1 6 1 |1 1 8 1 5 1 1 1 1 1 1 11 1 1 12 1 |1 1 6 1 1 6 1 3 7 1 1 6 1 1 1 1 |1 1 1 1 1 1 6 1 1 8 1 1 1 6 1 8 |1 15 1 1 1 9 6 1 1 1 1 1 11 1 13 1 |1 1 2 1 4 3 1 1 1 1 11 1 8 1 1 1 |1 11 8 11 1 1 1 10 1 1 1 12 1 4 1 1 |1 1 8 6 1 1 6 11 1 1 15 1 1 12 1 1 |1 1 1 7 9 16 10 4 1 1 1 1 10 1 8 4 |1 1 6 1 4 2 1 13 2 13 1 6 1 9 1 7 |1 1 6 1 1 1 1 14 5 9 1 1 1 1 9 1 |1 4 1 6 1 2 1 1 1 1 16 1 1 12 1 1 |
19169: 1 1 1 6 10 7 1 1 1 1 1 1 1 1 6 1 |1 1 8 1 5 1 1 1 1 1 1 11 1 1 12 1 |1 1 6 1 1 6 1 3 7 1 1 6 1 1 1 1 |1 1 1 1 1 1 6 1 1 8 1 1 1 6 1 8 |1 15 1 1 1 9 6 1 1 1 1 1 11 1 13 1 |1 1 2 1 4 3 1 1 1 1 11 1 8 1 1 1 |1 11 8 11 1 1 1 10 1 1 1 12 1 4 1 1 |1 1 8 6 1 1 6 11 1 1 15 1 1 12 1 1 |1 1 1 1 2 14 1 11 2 1 1 2 11 1 9 3 |2 1 1 1 1 1 1 13 7 7 1 6 1 1 1 8 |13 1 1 1 1 1 1 14 5 5 1 1 1 1 7 1 |1 7 1 2 1 6 2 1 1 4 15 1 1 12 1 1 |
19180: 1 1 1 6 10 7 1 1 1 1 1 1 1 1 6 1 |1 1 8 1 5 1 1 1 1 1 1 11 1 1 12 1 |1 1 6 1 1 6 1 3 7 1 1 6 1 1 1 1 |1 1 1 1 1 1 6 1 1 8 1 1 1 6 1 8 |1 15 1 1 1 9 6 1 1 1 1 1 11 1 13 1 |1 1 2 1 4 3 1 1 1 1 11 1 8 1 1 1 |1 11 8 11 1 1 1 10 1 1 1 12 1 4 1 1 |1 1 8 6 1 1 6 11 1 1 15 1 1 12 1 1 |1 1 1 1 2 14 1 11 2 1 1 2 11 1 9 3 |2 1 1 1 1 1 1 13 7 7 1 6 1 1 1 8 |13 1 1 1 1 1 1 14 5 5 1 1 1 1 7 1 |1 7 1 2 1 6 2 1 1 4 15 1 1 12 1 1 |
19191: 1 1 1 7 5 7 1 1 1 4 1 1 1 1 5 1 |1 1 2 1 1 10 1 1 1 1 1 11 1 1 7 1 |1 1 7 1 1 8 3 1 7 1 1 1 1 1 1 1 |1 1 1 4 1 1 2 1 8 7 1 1 1 5 1 12 |1 1 1 1 1 8 7 1 1 1 1 1 13 1 14 12 |1 1 1 1 4 10 1 1 1 1 11 1 10 1 1 1 |1 5 9 1 1 1 1 8 1 1 1 12 1 3 1 2 |7 1 1 6 1 1 1 1 1 1 16 1 1 13 1 1 |1 1 1 1 12 14 4 1 1 9 8 1 11 1 8 5 |2 1 1 1 1 1 1 13 7 7 1 6 1 1 1 8 |13 1 1 1 1 1 1 14 5 5 1 1 1 1 7 1 |1 7 1 2 1 6 2 1 1 4 15 1 1 12 1 1 |
19203: 1 1 1 7 5 7 1 1 1 4 1 1 1 1 5 1 |1 1 2 1 1 10 1 1 1 1 1 11 1 1 7 1 |1 1 7 1 1 8 3 1 7 1 1 1 1 1 1 1 |1 1 1 4 1 1 2 1 8 7 1 1 1 5 1 12 |1 1 1 1 1 8 7 1 1 1 1 1 13 1 14 12 |1 1 1 1 4 10 1 1 1 1 11 1 10 1 1 1 |1 5 9 1 1 1 1 8 1 1 1 12 1 3 1 2 |7 1 1 6 1 1 1 1 1 1 16 1 1 13 1 1 |1 1 1 1 12 14 4 1 1 9 8 1 11 1 8 5 |1 1 4 1 1 15 1 14 9 5 1 6 1 7 1 8 |1 1 1 1 1 1 1 15 1 1 7 1 1 1 9 1 |1 8 1 6 1 16 6 5 1 1 3 1 1 13 2 1 |
19214: 3 1 1 9 6 6 7 11 1 3 1 1 1 1 9 1 |1 1 2 1 1 10 1 1 1 1 1 11 1 1 7 1 |1 1 7 1 1 8 3 1 7 1 1 1 1 1 1 1 |1 1 1 4 1 1 2 1 8 7 1 1 1 5 1 12 |1 1 1 1 1 8 7 1 1 1 1 1 13 1 14 12 |1 1 1 1 4 10 1 1 1 1 11 1 10 1 1 1 |1 5 9 1 1 1 1 8 1 1 1 12 1 3 1 2 |7 1 1 6 1 1 1 1 1 1 16 1 1 13 1 1 |1 1 1 1 12 14 4 1 1 9 8 1 11 1 8 5 |1 1 4 1 1 15 1 14 9 5 1 6 1 7 1 8 |1 1 1 1 1 1 1 15 1 1 7 1 1 1 9 1 |1 8 1 6 1 16 6 5 1 1 3 1 1 13 2 1 |
19225: 3 1 1 9 6 6 7 11 1 3 1 1 1 1 9 1 |1 1 7 1 5 2 1 1 1 1 1 10 1 1 13 1 |1 1 7 1 3 9 11 7 5 1 1 1 1 1 1 2 |1 1 1 3 1 5 8 1 9 7 1 1 1 6 1 10 |1 9 1 1 1 1 1 1 1 1 1 1 9 1 11 2 |1 1 1 1 6 10 1 1 1 1 15 1 9 1 1 1 |1 2 10 1 1 1 1 1 1 1 1 11 1 3 1 1 |7 1 1 6 1 1 1 1 1 1 16 1 1 13 1 1 |1 1 1 1 12 14 4 1 1 9 8 1 11 1 8 5 |1 1 4 1 1 15 1 14 9 5 1 6 1 7 1 8 |1 1 1 1 1 1 1 15 1 1 7 1 1 1 9 1 |1 8 1 6 1 16 6 5 1 1 3 1 1 13 2 1 |
19237: 3 1 1 9 6 6 7 11 1 3 1 1 1 1 9 1 |1 1 7 1 5 2 1 1 1 1 1 10 1 1 13 1 |1 1 7 1 3 9 11 7 5 1 1 1 1 1 1 2 |1 1 1 3 1 5 8 1 9 7 1 1 1 6 1 10 |1 9 1 1 1 1 1 1 1 1 1 1 9 1 11 2 |1 1 1 1 6 10 1 1 1 1 15 1 9 1 1 1 |1 2 10 1 1 1 1 1 1 1 1 11 1 3 1 1 |1 1 1 14 1 1 1 4 1 1 15 1 1 12 1 9 |1 1 1 1 3 14 1 1 1 8 3 2 1 1 6 4 |6 1 1 1 3 1 1 15 8 7 1 5 1 1 1 8 |6 1 1 1 1 1 1 14 6 6 10 1 1 1 8 1 |1 8 1 8 1 14 12 6 1 2 16 1 1 13 1 1 |
19248: 3 1 1 9 6 6 7 11 1 3 1 1 1 1 9 1 |1 1 7 1 5 2 1 1 1 1 1 10 1 1 13 1 |1 1 7 1 3 9 11 7 5 1 1 1 1 1 1 2 |1 1 1 3 1 5 8 1 9 7 1 1 1 6 1 10 |1 9 1 1 1 1 1 1 1 1 1 1 9 1 11 2 |1 1 1 1 6 10 1 1 1 1 15 1 9 1 1 1 |1 2 10 1 1 1 1 1 1 1 1 11 1 3 1 1 |1 1 1 14 1 1 1 4 1 1 15 1 1 12 1 9 |1 1 1 1 3 14 1 1 1 8 3 2 1 1 6 4 |6 1 1 1 3 1 1 15 8 7 1 5 1 1 1 8 |6 1 1 1 1 1 1 14 6 6 10 1 1 1 8 1 |1 8 1 8 1 14 12 6 1 2 16 1 1 13 1 1 |
19259: 1 1 1 1 1 8 7 4 1 1 1 1 1 1 1 1 |1 1 7 1 6 1 1 1 1 1 1 10 1 1 13 1 |1 1 6 1 1 7 5 2 4 1 1 8 1 1 1 1 |1 1 1 1 1 5 7 1 6 7 1 1 1 7 1 10 |1 1 1 1 1 9 8 1 1 1 1 1 12 6 11 1 |1 1 3 1 4 1 1 1 1 1 12 1 9 1 2 1 |1 5 8 2 1 1 1 1 1 1 1 13 1 1 1 1 |1 1 3 7 1 4 2 13 1 1 15 1 1 13 1 1 |1 1 1 1 3 14 1 1 1 8 3 2 1 1 6 4 |6 1 1 1 3 1 1 15 8 7 1 5 1 1 1 8 |6 1 1 1 1 1 1 14 6 6 10 1 1 1 8 1 |1 8 1 8 1 14 12 6 1 2 16 1 1 13 1 1 |
19269: 1 1 1 1 1 8 7 4 1 1 1 1 1 1 1 1 |1 1 7 1 6 1 1 1 1 1 1 10 1 1 13 1 |1 1 6 1 1 7 5 2 4 1 1 8 1 1 1 1 |1 1 1 1 1 5 7 1 6 7 1 1 1 7 1 10 |1 1 1 1 1 9 8 1 1 1 1 1 12 6 11 1 |1 1 3 1 4 1 1 1 1 1 12 1 9 1 2 1 |1 5 8 2 1 1 1 1 1 1 1 13 1 1 1 1 |1 1 3 7 1 4 2 13 1 1 15 1 1 13 1 1 |1 1 1 1 3 22 3 1 1 1 1 2 1 1 8 4 |2 1 1 1 2 1 1 16 3 6 1 6 1 5 1 8 |7 1 1 1 1 1 1 13 5 10 10 3 1 2 1 1 |1 2 1 1 1 6 1 1 1 3 16 1 1 12 1 1 |
19280: 1 1 1 1 9 7 1 1 1 5 1 1 1 1 8 5 |1 1 7 1 6 1 1 1 1 1 1 10 1 1 13 1 |1 1 6 1 1 7 5 2 4 1 1 8 1 1 1 1 |1 1 1 1 1 5 7 1 6 7 1 1 1 7 1 10 |1 1 1 1 1 9 8 1 1 1 1 1 12 6 11 1 |1 1 3 1 4 1 1 1 1 1 12 1 9 1 2 1 |1 5 8 2 1 1 1 1 1 1 1 13 1 1 1 1 |1 1 3 7 1 4 2 13 1 1 15 1 1 13 1 1 |1 1 1 1 3 22 3 1 1 1 1 2 1 1 8 4 |2 1 1 1 2 1 1 16 3 6 1 6 1 5 1 8 |7 1 1 1 1 1 1 13 5 10 10 3 1 2 1 1 |1 2 1 1 1 6 1 1 1 3 16 1 1 12 1 1 |
19291: 1 1 1 1 9 7 1 1 1 5 1 1 1 1 8 5 |1 1 9 1 6 1 1 1 1 1 1 13 5 1 11 1 |1 1 7 1 1 1 13 8 6 1 3 8 1 1 1 1 |1 1 1 2 1 1 1 1 7 4 1 1 1 6 1 9 |1 1 1 1 7 7 8 1 1 1 1 1 11 1 13 6 |1 1 2 1 5 9 1 1 1 1 14 1 9 1 3 1 |1 5 7 1 1 1 1 1 1 1 1 12 1 5 1 1 |1 1 1 1 1 1 1 12 1 1 14 1 1 13 1 6 |6 1 1 1 12 15 9 5 1 9 8 1 11 1 7 5 |1 1 3 1 1 13 6 13 7 13 1 4 1 8 1 5 |7 1 1 1 1 1 1 13 5 10 10 3 1 2 1 1 |1 2 1 1 1 6 1 1 1 3 16 1 1 12 1 1 |
19302: 1 1 1 1 9 7 1 1 1 5 1 1 1 1 8 5 |1 1 9 1 6 1 1 1 1 1 1 13 5 1 11 1 |1 1 7 1 1 1 13 8 6 1 3 8 1 1 1 1 |1 1 1 2 1 1 1 1 7 4 1 1 1 6 1 9 |1 1 1 1 7 7 8 1 1 1 1 1 11 1 13 6 |1 1 2 1 5 9 1 1 1 1 14 1 9 1 3 1 |1 5 7 1 1 1 1 1 1 1 1 12 1 5 1 1 |1 1 1 1 1 1 1 12 1 1 14 1 1 13 1 6 |6 1 1 1 12 15 9 5 1 9 8 1 11 1 7 5 |1 1 3 1 1 13 6 13 7 13 1 4 1 8 1 5 |1 1 1 1 1 1 1 1 6 8 1 1 1 1 3 1 |1 7 1 1 1 16 1 12 1 5 11 1 1 12 1 1 |
19313: 1 1 1 9 6 1 8 5 1 1 1 1 1 1 7 1 |1 1 9 1 6 1 1 1 1 1 1 13 5 1 11 1 |1 1 7 1 1 1 13 8 6 1 3 8 1 1 1 1 |1 1 1 2 1 1 1 1 7 4 1 1 1 6 1 9 |1 1 1 1 7 7 8 1 1 1 1 1 11 1 13 6 |1 1 2 1 5 9 1 1 1 1 14 1 9 1 3 1 |1 5 7 1 1 1 1 1 1 1 1 12 1 5 1 1 |1 1 1 1 1 1 1 12 1 1 14 1 1 13 1 6 |6 1 1 1 12 15 9 5 1 9 8 1 11 1 7 5 |1 1 3 1 1 13 6 13 7 13 1 4 1 8 1 5 |1 1 1 1 1 1 1 1 6 8 1 1 1 1 3 1 |1 7 1 1 1 16 1 12 1 5 11 1 1 12 1 1 |
19324: 1 1 1 9 6 1 8 5 1 1 1 1 1 1 7 1 |1 1 6 1 5 3 1 1 1 1 1 9 1 1 13 1 |1 1 6 1 1 6 1 5 5 1 2 6 1 1 1 1 |1 1 1 1 1 6 8 1 7 1 1 1 1 6 1 9 |1 9 1 1 1 9 8 1 1 1 1 1 10 2 12 7 |1 1 1 1 2 12 1 3 1 1 11 1 10 1 1 1 |1 10 7 1 1 1 1 9 1 6 1 10 1 1 1 1 |1 1 9 7 1 10 1 17 1 1 9 1 1 14 1 1 |6 1 1 1 12 15 9 5 1 9 8 1 11 1 7 5 |1 1 3 1 1 13 6 13 7 13 1 4 1 8 1 5 |1 1 1 1 1 1 1 1 6 8 1 1 1 1 3 1 |1 7 1 1 1 16 1 12 1 5 11 1 1 12 1 1 |
19334: 1 1 1 9 6 1 8 5 1 1 1 1 1 1 7 1 |1 1 6 1 5 3 1 1 1 1 1 9 1 1 13 1 |1 1 6 1 1 6 1 5 5 1 2 6 1 1 1 1 |1 1 1 1 1 6 8 1 7 1 1 1 1 6 1 9 |1 9 1 1 1 9 8 1 1 1 1 1 10 2 12 7 |1 1 1 1 2 12 1 3 1 1 11 1 10 1 1 1 |1 10 7 1 1 1 1 9 1 6 1 10 1 1 1 1 |1 1 9 7 1 10 1 17 1 1 9 1 1 14 1 1 |1 1 1 1 1 15 8 5 1 8 5 1 12 1 1 1 |1 1 4 1 3 1 1 7 1 14 1 1 1 1 1 5 |1 1 2 1 5 1 1 13 7 8 10 5 1 1 8 1 |1 1 1 1 1 15 8 1 1 1 18 1 1 3 1 1 |
19345: 1 1 1 9 6 1 8 5 1 1 1 1 1 1 7 1 |1 1 6 1 5 3 1 1 1 1 1 9 1 1 13 1 |1 1 6 1 1 6 1 5 5 1 2 6 1 1 1 1 |1 1 1 1 1 6 8 1 7 1 1 1 1 6 1 9 |1 9 1 1 1 9 8 1 1 1 1 1 10 2 12 7 |1 1 1 1 2 12 1 3 1 1 11 1 10 1 1 1 |1 10 7 1 1 1 1 9 1 6 1 10 1 1 1 1 |1 1 9 7 1 10 1 17 1 1 9 1 1 14 1 1 |1 1 1 1 1 15 8 5 1 8 5 1 12 1 1 1 |1 1 4 1 3 1 1 7 1 14 1 1 1 1 1 5 |1 1 2 1 5 1 1 13 7 8 10 5 1 1 8 1 |1 1 1 1 1 15 8 1 1 1 18 1 1 3 1 1 |
19356: 1 1 1 1 1 6 4 1 1 3 1 1 1 1 9 3 |1 1 1 1 4 11 1 1 1 1 1 9 1 1 11 1 |1 1 8 1 1 4 13 6 5 1 1 7 1 1 1 1 |1 1 1 1 1 5 7 1 7 7 1 1 1 7 1 10 |1 7 1 1 1 8 8 1 1 1 1 1 11 1 8 1 |1 1 1 1 4 7 1 1 1 1 14 1 9 1 1 1 |1 4 1 13 1 1 1 7 1 1 1 11 1 1 1 4 |1 1 9 7 1 10 1 17 1 1 9 1 1 14 1 1 |1 1 1 1 1 15 8 5 1 8 5 1 12 1 1 1 |1 1 4 1 3 1 1 7 1 14 1 1 1 1 1 5 |1 1 2 1 5 1 1 13 7 8 10 5 1 1 8 1 |1 1 1 1 1 15 8 1 1 1 18 1 1 3 1 1 |
19367: 1 1 1 1 1 6 4 1 1 3 1 1 1 1 9 3 |1 1 1 1 4 11 1 1 1 1 1 9 1 1 11 1 |1 1 8 1 1 4 13 6 5 1 1 7 1 1 1 1 |1 1 1 1 1 5 7 1 7 7 1 1 1 7 1 10 |1 7 1 1 1 8 8 1 1 1 1 1 11 1 8 1 |1 1 1 1 4 7 1 1 1 1 14 1 9 1 1 1 |1 4 1 13 1 1 1 7 1 1 1 11 1 1 1 4 |3 1 4 13 1 4 8 9 1 1 14 1 1 13 1 1 |1 1 1 1 1 20 9 11 2 1 1 1 1 1 6 2 |1 1 1 1 1 1 1 13 9 8 1 6 1 8 1 6 |1 1 2 1 1 1 1 1 1 1 1 1 1 1 7 1 |1 6 1 1 1 15 7 1 1 3 16 1 1 11 1 1 |
19378: 1 1 1 1 1 6 4 1 1 3 1 1 1 1 9 3 |1 1 1 1 4 11 1 1 1 1 1 9 1 1 11 1 |1 1 8 1 1 4 13 6 5 1 1 7 1 1 1 1 |1 1 1 1 1 5 7 1 7 7 1 1 1 7 1 10 |1 7 1 1 1 8 8 1 1 1 1 1 11 1 8 1 |1 1 1 1 4 7 1 1 1 1 14 1 9 1 1 1 |1 4 1 13 1 1 1 7 1 1 1 11 1 1 1 4 |3 1 4 13 1 4 8 9 1 1 14 1 1 13 1 1 |1 1 1 1 1 20 9 11 2 1 1 1 1 1 6 2 |1 1 1 1 1 1 1 13 9 8 1 6 1 8 1 6 |1 1 2 1 1 1 1 1 1 1 1 1 1 1 7 1 |1 6 1 1 1 15 7 1 1 3 16 1 1 11 1 1 |
19389: 1 1 1 5 5 7 7 1 1 4 1 1 1 1 8 1 |1 1 8 1 5 1 1 1 1 1 1 9 1 1 9 1 |1 1 9 1 1 7 4 7 7 1 1 5 1 1 1 2 |1 1 1 3 1 1 1 1 7 6 1 4 1 6 1 10 |1 9 1 1 1 8 8 1 1 1 1 1 11 1 15 12 |1 1 1 1 5 9 1 4 1 1 13 1 9 1 3 1 |1 10 8 1 1 3 1 10 1 1 1 10 1 1 1 1 |3 1 4 13 1 4 8 9 1 1 14 1 1 13 1 1 |1 1 1 1 1 20 9 11 2 1 1 1 1 1 6 2 |1 1 1 1 1 1 1 13 9 8 1 6 1 8 1 6 |1 1 2 1 1 1 1 1 1 1 1 1 1 1 7 1 |1 6 1 1 1 15 7 1 1 3 16 1 1 11 1 1 |
19400: 1 1 1 5 5 7 7 1 1 4 1 1 1 1 8 1 |1 1 8 1 5 1 1 1 1 1 1 9 1 1 9 1 |1 1 9 1 1 7 4 7 7 1 1 5 1 1 1 2 |1 1 1 3 1 1 1 1 7 6 1 4 1 6 1 10 |1 9 1 1 1 8 8 1 1 1 1 1 11 1 15 12 |1 1 1 1 5 9 1 4 1 1 13 1 9 1 3 1 |1 10 8 1 1 3 1 10 1 1 1 10 1 1 1 1 |7 1 1 1 1 1 1 2 1 1 15 1 1 15 1 1 |1 1 1 1 1 13 11 10 6 1 1 1 1 1 8 1 |2 1 5 1 1 1 1 1 1 14 1 6 1 8 1 7 |1 1 10 1 1 1 1 14 6 4 6 1 1 1 9 1 |1 1 1 1 1 15 1 9 1 1 8 1 1 11 1 1 |
19411: 1 1 1 5 5 7 7 1 1 4 1 1 1 1 8 1 |1 1 8 1 5 1 1 1 1 1 1 9 1 1 9 1 |1 1 9 1 1 7 4 7 7 1 1 5 1 1 1 2 |1 1 1 3 1 1 1 1 7 6 1 4 1 6 1 10 |1 9 1 1 1 8 8 1 1 1 1 1 11 1 15 12 |1 1 1 1 5 9 1 4 1 1 13 1 9 1 3 1 |1 10 8 1 1 3 1 10 1 1 1 10 1 1 1 1 |7 1 1 1 1 1 1 2 1 1 15 1 1 15 1 1 |1 1 1 1 1 13 11 10 6 1 1 1 1 1 8 1 |2 1 5 1 1 1 1 1 1 14 1 6 1 8 1 7 |1 1 10 1 1 1 1 14 6 4 6 1 1 1 9 1 |1 1 1 1 1 15 1 9 1 1 8 1 1 11 1 1 |
19422: 1 1 1 8 1 7 6 13 1 1 1 6 1 1 6 1 |1 1 9 1 6 5 1 1 1 1 1 12 1 3 7 1 |1 1 7 1 1 6 3 8 4 1 8 6 1 1 1 1 |1 1 1 2 1 4 7 1 6 6 1 1 1 5 1 11 |1 1 1 1 7 4 8 1 1 1 1 1 10 1 13 6 |1 1 1 1 4 11 1 1 1 1 10 1 8 1 2 1 |1 10 8 1 1 3 1 10 1 1 1 10 1 1 1 1 |7 1 1 1 1 1 1 2 1 1 15 1 1 15 1 1 |1 1 1 1 1 13 11 10 6 1 1 1 1 1 8 1 |2 1 5 1 1 1 1 1 1 14 1 6 1 8 1 7 |1 1 10 1 1 1 1 14 6 4 6 1 1 1 9 1 |1 1 1 1 1 15 1 9 1 1 8 1 1 11 1 1 |
19432: 1 1 1 8 1 7 6 13 1 1 1 6 1 1 6 1 |1 1 9 1 6 5 1 1 1 1 1 12 1 3 7 1 |1 1 7 1 1 6 3 8 4 1 8 6 1 1 1 1 |1 1 1 2 1 4 7 1 6 6 1 1 1 5 1 11 |1 1 1 1 7 4 8 1 1 1 1 1 10 1 13 6 |1 1 1 1 4 11 1 1 1 1 10 1 8 1 2 1 |1 1 1 1 6 1 1 9 1 1 1 11 1 1 1 9 |1 1 8 7 1 1 9 9 1 1 10 2 6 14 1 9 |1 1 1 1 10 9 11 11 2 1 1 1 1 2 8 4 |1 1 5 1 3 2 1 4 1 14 1 7 1 10 1 2 |1 1 1 1 1 1 1 14 4 4 10 1 1 1 8 1 |1 1 1 7 1 1 12 11 1 4 14 1 1 1 1 1 |
19442: 1 1 1 8 1 7 6 13 1 1 1 6 1 1 6 1 |1 1 9 1 6 5 1 1 1 1 1 12 1 3 7 1 |1 1 7 1 1 6 3 8 4 1 8 6 1 1 1 1 |1 1 1 2 1 4 7 1 6 6 1 1 1 5 1 11 |1 1 1 1 7 4 8 1 1 1 1 1 10 1 13 6 |1 1 1 1 4 11 1 1 1 1 10 1 8 1 2 1 |1 1 1 1 6 1 1 9 1 1 1 11 1 1 1 9 |1 1 8 7 1 1 9 9 1 1 10 2 6 14 1 9 |1 1 1 1 10 9 11 11 2 1 1 1 1 2 8 4 |1 1 5 1 3 2 1 4 1 14 1 7 1 10 1 2 |1 1 1 1 1 1 1 14 4 4 10 1 1 1 8 1 |1 1 1 7 1 1 12 11 1 4 14 1 1 1 1 1 |
19453: 1 1 1 1 1 6 1 1 1 1 1 4 1 1 1 4 |1 1 8 1 5 5 1 1 1 1 1 12 7 1 10 1 |1 1 8 1 1 1 14 5 5 1 1 8 1 1 1 1 |1 1 1 7 1 3 1 1 7 6 1 1 1 6 1 12 |1 1 1 1 7 4 8 1 1 1 1 1 10 1 13 6 |1 1 1 1 4 11 1 1 1 1 10 1 8 1 2 1 |1 1 1 1 6 1 1 9 1 1 1 11 1 1 1 9 |1 1 8 7 1 1 9 9 1 1 10 2 6 14 1 9 |1 1 1 1 10 9 11 11 2 1 1 1 1 2 8 4 |1 1 5 1 3 2 1 4 1 14 1 7 1 10 1 2 |1 1 1 1 1 1 1 14 4 4 10 1 1 1 8 1 |1 1 1 7 1 1 12 11 1 4 14 1 1 1 1 1 |
19464: 1 1 1 1 1 6 1 1 1 1 1 4 1 1 1 4 |1 1 8 1 5 5 1 1 1 1 1 12 7 1 10 1 |1 1 8 1 1 1 14 5 5 1 1 8 1 1 1 1 |1 1 1 7 1 3 1 1 7 6 1 1 1 6 1 12 |1 1 1 1 1 9 3 1 1 1 1 1 11 1 7 12 |1 1 2 1 3 15 1 4 1 1 11 1 9 1 1 1 |1 4 4 1 1 1 1 9 1 1 1 10 1 1 1 2 |9 1 10 6 1 4 3 14 1 1 3 1 1 12 3 8 |1 1 1 1 1 14 5 9 2 9 4 1 12 1 7 2 |1 1 13 1 3 3 1 2 1 1 1 7 1 10 1 1 |2 1 1 14 1 1 1 1 1 1 10 1 1 1 2 1 |1 1 1 1 1 2 1 2 1 6 13 1 1 14 1 16 |
19474: 1 1 1 1 1 6 1 1 1 1 1 4 1 1 1 4 |1 1 8 1 5 5 1 1 1 1 1 12 7 1 10 1 |1 1 8 1 1 1 14 5 5 1 1 8 1 1 1 1 |1 1 1 7 1 3 1 1 7 6 1 1 1 6 1 12 |1 1 1 1 1 9 3 1 1 1 1 1 11 1 7 12 |1 1 2 1 3 15 1 4 1 1 11 1 9 1 1 1 |1 4 4 1 1 1 1 9 1 1 1 10 1 1 1 2 |9 1 10 6 1 4 3 14 1 1 3 1 1 12 3 8 |1 1 1 1 1 14 5 9 2 9 4 1 12 1 7 2 |1 1 13 1 3 3 1 2 1 1 1 7 1 10 1 1 |2 1 1 14 1 1 1 1 1 1 10 1 1 1 2 1 |1 1 1 1 1 2 1 2 1 6 13 1 1 14 1 16 |
19484: 1 1 1 1 8 1 1 1 1 2 1 1 1 1 7 1 |1 1 9 1 6 1 1 1 1 1 1 13 6 2 11 1 |1 1 8 1 1 1 14 5 5 1 1 8 1 1 1 1 |1 1 1 7 1 3 1 1 7 6 1 1 1 6 1 12 |1 1 1 1 1 9 3 1 1 1 1 1 11 1 7 12 |1 1 2 1 3 15 1 4 1 1 11 1 9 1 1 1 |1 4 4 1 1 1 1 9 1 1 1 10 1 1 1 2 |9 1 10 6 1 4 3 14 1 1 3 1 1 12 3 8 |1 1 1 1 1 14 5 9 2 9 4 1 12 1 7 2 |1 1 13 1 3 3 1 2 1 1 1 7 1 10 1 1 |2 1 1 14 1 1 1 1 1 1 10 1 1 1 2 1 |1 1 1 1 1 2 1 2 1 6 13 1 1 14 1 16 |
19494: 1 1 1 1 8 1 1 1 1 2 1 1 1 1 7 1 |1 1 9 1 6 1 1 1 1 1 1 13 6 2 11 1 |1 1 7 1 1 6 5 6 4 1 1 8 1 1 1 1 |1 1 1 4 1 1 1 1 7 7 1 1 1 6 1 9 |1 1 1 1 6 8 8 1 1 1 1 1 10 1 13 6 |1 1 2 1 6 11 1 1 1 1 13 1 9 1 1 1 |1 4 7 1 7 1 1 1 1 1 1 10 1 1 1 1 |1 1 7 13 1 1 1 2 1 1 10 1 1 12 1 1 |1 1 1 1 2 14 3 4 2 9 9 1 1 1 10 7 |3 1 5 1 1 1 1 15 7 12 1 5 1 1 1 8 |7 1 1 9 1 1 1 14 1 1 11 5 1 1 9 1 |1 1 1 1 1 2 1 2 1 6 13 1 1 14 1 16 |
19505: 1 1 1 1 8 1 1 1 1 2 1 1 1 1 7 1 |1 1 9 1 6 1 1 1 1 1 1 13 6 2 11 1 |1 1 7 1 1 6 5 6 4 1 1 8 1 1 1 1 |1 1 1 4 1 1 1 1 7 7 1 1 1 6 1 9 |1 1 1 1 6 8 8 1 1 1 1 1 10 1 13 6 |1 1 2 1 6 11 1 1 1 1 13 1 9 1 1 1 |1 4 7 1 7 1 1 1 1 1 1 10 1 1 1 1 |1 1 7 13 1 1 1 2 1 1 10 1 1 12 1 1 |1 1 1 1 2 14 3 4 2 9 9 1 1 1 10 7 |3 1 5 1 1 1 1 15 7 12 1 5 1 1 1 8 |7 1 1 9 1 1 1 14 1 1 11 5 1 1 9 1 |1 6 1 1 1 14 1 1 1 1 1 1 1 3 1 1 |
19515: 1 1 1 1 8 1 1 1 1 2 1 1 1 1 7 1 |1 1 9 1 6 1 1 1 1 1 1 13 6 2 11 1 |1 1 7 1 1 6 5 6 4 1 1 8 1 1 1 1 |1 1 1 4 1 1 1 1 7 7 1 1 1 6 1 9 |1 1 1 1 6 8 8 1 1 1 1 1 10 1 13 6 |1 1 2 1 6 11 1 1 1 1 13 1 9 1 1 1 |1 4 7 1 7 1 1 1 1 1 1 10 1 1 1 1 |1 1 7 13 1 1 1 2 1 1 10 1 1 12 1 1 |1 1 1 1 2 14 3 4 2 9 9 1 1 1 10 7 |3 1 5 1 1 1 1 15 7 12 1 5 1 1 1 8 |7 1 1 9 1 1 1 14 1 1 11 5 1 1 9 1 |1 6 1 1 1 14 1 1 1 1 1 1 1 3 1 1 |
19526: 1 1 1 7 5 7 8 11 1 1 1 5 1 2 7 1 |1 1 7 1 1 1 1 1 1 1 1 10 1 1 12 1 |1 1 9 1 1 7 13 6 4 1 1 7 1 1 1 1 |1 1 1 4 1 1 8 1 6 9 1 1 1 7 1 9 |1 1 1 1 1 8 9 1 1 1 1 1 12 2 14 6 |1 1 1 1 3 10 1 1 1 1 13 1 7 1 2 1 |1 2 1 1 1 1 1 7 1 1 1 12 1 4 1 1 |7 1 3 14 1 9 11 13 1 1 14 1 1 11 1 9 |1 1 1 1 2 14 3 4 2 9 9 1 1 1 10 7 |3 1 5 1 1 1 1 15 7 12 1 5 1 1 1 8 |7 1 1 9 1 1 1 14 1 1 11 5 1 1 9 1 |1 6 1 1 1 14 1 1 1 1 1 1 1 3 1 1 |
19537: 1 1 1 7 5 7 8 11 1 1 1 5 1 2 7 1 |1 1 7 1 1 1 1 1 1 1 1 10 1 1 12 1 |1 1 9 1 1 7 13 6 4 1 1 7 1 1 1 1 |1 1 1 4 1 1 8 1 6 9 1 1 1 7 1 9 |1 1 1 1 1 8 9 1 1 1 1 1 12 2 14 6 |1 1 1 1 3 10 1 1 1 1 13 1 7 1 2 1 |1 2 1 1 1 1 1 7 1 1 1 12 1 4 1 1 |7 1 3 14 1 9 11 13 1 1 14 1 1 11 1 9 |1 1 1 1 1 14 10 4 1 1 1 1 12 1 7 4 |1 1 6 1 1 7 1 14 1 12 1 6 1 6 1 1 |7 1 2 1 1 1 1 14 4 5 6 1 1 1 9 1 |1 1 1 8 1 16 5 1 1 1 17 1 1 13 1 16 |
19548: 1 1 1 1 1 8 5 1 1 1 1 6 1 1 5 1 |1 1 7 1 1 1 1 1 1 1 1 10 1 1 12 1 |1 1 9 1 1 7 13 6 4 1 1 7 1 1 1 1 |1 1 1 4 1 1 8 1 6 9 1 1 1 7 1 9 |1 1 1 1 1 8 9 1 1 1 1 1 12 2 14 6 |1 1 1 1 3 10 1 1 1 1 13 1 7 1 2 1 |1 2 1 1 1 1 1 7 1 1 1 12 1 4 1 1 |7 1 3 14 1 9 11 13 1 1 14 1 1 11 1 9 |1 1 1 1 1 14 10 4 1 1 1 1 12 1 7 4 |1 1 6 1 1 7 1 14 1 12 1 6 1 6 1 1 |7 1 2 1 1 1 1 14 4 5 6 1 1 1 9 1 |1 1 1 8 1 16 5 1 1 1 17 1 1 13 1 16 |
19559: 1 1 1 1 1 8 5 1 1 1 1 6 1 1 5 1 |1 1 6 1 5 1 1 1 1 1 1 13 3 1 7 1 |1 1 9 1 1 1 11 5 6 1 5 9 1 1 1 1 |1 1 1 9 1 3 7 1 7 5 1 4 1 6 1 10 |1 1 1 1 1 8 7 1 1 1 1 1 11 1 11 13 |1 1 1 1 6 12 1 1 1 1 13 1 10 1 1 1 |1 11 3 1 1 1 1 9 1 3 1 11 1 3 1 1 |10 1 2 14 1 1 1 16 1 1 9 1 1 11 1 1 |1 1 1 1 1 14 10 4 1 1 1 1 12 1 7 4 |1 1 6 1 1 7 1 14 1 12 1 6 1 6 1 1 |7 1 2 1 1 1 1 14 4 5 6 1 1 1 9 1 |1 1 1 8 1 16 5 1 1 1 17 1 1 13 1 16 |
19570: 1 1 1 1 1 8 5 1 1 1 1 6 1 1 5 1 |1 1 6 1 5 1 1 1 1 1 1 13 3 1 7 1 |1 1 9 1 1 1 11 5 6 1 5 9 1 1 1 1 |1 1 1 9 1 3 7 1 7 5 1 4 1 6 1 10 |1 1 1 1 1 8 7 1 1 1 1 1 11 1 11 13 |1 1 1 1 6 12 1 1 1 1 13 1 10 1 1 1 |1 11 3 1 1 1 1 9 1 3 1 11 1 3 1 1 |10 1 2 14 1 1 1 16 1 1 9 1 1 11 1 1 |1 1 1 1 1 4 9 4 1 1 1 1 1 1 1 1 |1 1 11 1 3 3 1 12 8 13 1 5 1 9 1 1 |1 1 2 1 1 1 1 9 7 5 1 1 1 2 8 1 |1 1 1 1 1 14 9 2 1 5 16 1 1 12 1 1 |
19581: 1 1 1 1 1 8 5 1 1 1 1 6 1 1 5 1 |1 1 6 1 5 1 1 1 1 1 1 13 3 1 7 1 |1 1 9 1 1 1 11 5 6 1 5 9 1 1 1 1 |1 1 1 9 1 3 7 1 7 5 1 4 1 6 1 10 |1 1 1 1 1 8 7 1 1 1 1 1 11 1 11 13 |1 1 1 1 6 12 1 1 1 1 13 1 10 1 1 1 |1 11 3 1 1 1 1 9 1 3 1 11 1 3 1 1 |10 1 2 14 1 1 1 16 1 1 9 1 1 11 1 1 |1 1 1 1 1 4 9 4 1 1 1 1 1 1 1 1 |1 1 11 1 3 3 1 12 8 13 1 5 1 9 1 1 |1 1 2 1 1 1 1 9 7 5 1 1 1 2 8 1 |1 1 1 1 1 14 9 2 1 5 16 1 1 12 1 1 |
19592: 1 1 1 6 6 1 6 12 1 1 1 1 1 1 9 1 |2 1 7 1 6 1 1 1 1 1 1 11 8 2 11 1 |1 1 7 1 1 6 3 8 4 1 2 5 1 1 1 3 |1 1 1 3 1 1 1 1 7 5 1 1 1 6 1 8 |1 1 1 1 1 9 9 1 1 1 1 1 2 1 11 1 |1 1 2 1 5 11 1 1 1 1 14 1 9 1 1 1 |1 5 10 1 7 1 1 9 1 2 1 13 1 4 1 1 |6 1 12 13 1 4 4 14 1 1 14 1 1 14 1 8 |1 1 1 1 1 4 9 4 1 1 1 1 1 1 1 1 |1 1 11 1 3 3 1 12 8 13 1 5 1 9 1 1 |1 1 2 1 1 1 1 9 7 5 1 1 1 2 8 1 |1 1 1 1 1 14 9 2 1 5 16 1 1 12 1 1 |
19603: 1 1 1 6 6 1 6 12 1 1 1 1 1 1 9 1 |2 1 7 1 6 1 1 1 1 1 1 11 8 2 11 1 |1 1 7 1 1 6 3 8 4 1 2 5 1 1 1 3 |1 1 1 3 1 1 1 1 7 5 1 1 1 6 1 8 |1 1 1 1 1 9 9 1 1 1 1 1 2 1 11 1 |1 1 2 1 5 11 1 1 1 1 14 1 9 1 1 1 |1 5 10 1 7 1 1 9 1 2 1 13 1 4 1 1 |6 1 12 13 1 4 4 14 1 1 14 1 1 14 1 8 |1 1 1 1 12 9 1 3 2 9 5 1 3 1 1 1 |1 1 7 1 4 7 1 13 7 7 1 3 1 11 1 6 |1 1 1 1 1 1 1 12 8 8 5 1 1 1 9 1 |1 1 1 1 1 15 2 1 1 1 6 1 1 11 1 1 |
19614: 1 1 1 6 6 1 6 12 1 1 1 1 1 1 9 1 |2 1 7 1 6 1 1 1 1 1 1 11 8 2 11 1 |1 1 7 1 1 6 3 8 4 1 2 5 1 1 1 3 |1 1 1 3 1 1 1 1 7 5 1 1 1 6 1 8 |1 1 1 1 1 9 9 1 1 1 1 1 2 1 11 1 |1 1 2 1 5 11 1 1 1 1 14 1 9 1 1 1 |1 5 10 1 7 1 1 9 1 2 1 13 1 4 1 1 |6 1 12 13 1 4 4 14 1 1 14 1 1 14 1 8 |1 1 1 1 12 9 1 3 2 9 5 1 3 1 1 1 |1 1 7 1 4 7 1 13 7 7 1 3 1 11 1 6 |1 1 1 1 1 1 1 12 8 8 5 1 1 1 9 1 |1 1 1 1 1 15 2 1 1 1 6 1 1 11 1 1 |
19646: 1 1 1 6 1 9 11 7 1 6 1 2 1 1 5 1 |4 1 10 1 6 11 1 1 1 1 5 11 8 2 12 1 |1 1 7 1 1 6 3 8 4 1 2 5 1 1 1 3 |1 1 1 3 1 1 1 1 7 5 1 1 1 6 1 8 |1 1 1 1 1 9 9 1 1 1 1 1 2 1 11 1 |1 1 2 1 5 11 1 1 1 1 14 1 9 1 1 1 |1 5 10 1 7 1 1 9 1 2 1 13 1 4 1 1 |6 1 12 13 1 4 4 14 1 1 14 1 1 14 1 8 |1 1 1 1 12 9 1 3 2 9 5 1 3 1 1 1 |1 1 7 1 4 7 1 13 7 7 1 3 1 11 1 6 |1 1 1 1 1 1 1 12 8 8 5 1 1 1 9 1 |1 1 1 1 1 15 2 1 1 1 6 1 1 11 1 1 |
19657: 1 1 1 6 1 9 11 7 1 6 1 2 1 1 5 1 |4 1 10 1 6 11 1 1 1 1 5 11 8 2 12 1 |1 1 10 1 7 8 14 2 3 1 7 7 1 1 1 1 |1 1 1 4 1 5 8 1 9 7 1 1 11 7 1 1 |1 2 1 1 8 1 11 1 1 1 1 1 1 1 13 11 |1 1 3 1 5 12 1 2 1 1 13 1 8 1 1 1 |1 10 9 2 1 1 1 3 1 1 1 13 1 1 1 1 |6 1 4 14 1 3 3 2 1 1 14 1 1 11 1 1 |1 1 1 1 13 8 1 1 2 1 1 1 1 1 1 1 |1 1 1 1 2 1 1 1 2 13 1 1 1 9 1 7 |6 1 1 1 1 1 1 15 2 1 10 7 1 1 8 1 |1 1 1 1 1 15 2 1 1 1 6 1 1 11 1 1 |
19668: 1 1 1 6 1 9 11 7 1 6 1 2 1 1 5 1 |4 1 10 1 6 11 1 1 1 1 5 11 8 2 12 1 |1 1 10 1 7 8 14 2 3 1 7 7 1 1 1 1 |1 1 1 4 1 5 8 1 9 7 1 1 11 7 1 1 |1 2 1 1 8 1 11 1 1 1 1 1 1 1 13 11 |1 1 3 1 5 12 1 2 1 1 13 1 8 1 1 1 |1 10 9 2 1 1 1 3 1 1 1 13 1 1 1 1 |6 1 4 14 1 3 3 2 1 1 14 1 1 11 1 1 |1 1 1 1 13 8 1 1 2 1 1 1 1 1 1 1 |1 1 1 1 2 1 1 1 2 13 1 1 1 9 1 7 |6 1 1 1 1 1 1 15 2 1 10 7 1 1 8 1 |1 2 1 8 1 16 12 1 1 5 9 1 1 1 1 1 |
19679: 1 1 1 6 10 1 1 1 1 1 1 4 1 1 5 1 |1 1 5 1 4 1 1 1 1 1 1 8 1 1 11 1 |1 1 10 1 7 8 14 2 3 1 7 7 1 1 1 1 |1 1 1 4 1 5 8 1 9 7 1 1 11 7 1 1 |1 2 1 1 8 1 11 1 1 1 1 1 1 1 13 11 |1 1 3 1 5 12 1 2 1 1 13 1 8 1 1 1 |1 10 9 2 1 1 1 3 1 1 1 13 1 1 1 1 |6 1 4 14 1 3 3 2 1 1 14 1 1 11 1 1 |1 1 1 1 13 8 1 1 2 1 1 1 1 1 1 1 |1 1 1 1 2 1 1 1 2 13 1 1 1 9 1 7 |6 1 1 1 1 1 1 15 2 1 10 7 1 1 8 1 |1 2 1 8 1 16 12 1 1 5 9 1 1 1 1 1 |
19690: 1 1 1 6 10 1 1 1 1 1 1 4 1 1 5 1 |1 1 5 1 4 1 1 1 1 1 1 8 1 1 11 1 |1 1 6 1 1 13 11 8 6 1 2 1 1 1 1 2 |1 1 1 1 1 4 7 1 6 7 1 1 1 6 1 10 |1 1 1 1 1 8 1 3 1 1 1 1 12 1 9 7 |1 1 1 1 1 12 1 4 1 1 12 1 9 1 2 1 |1 1 17 1 1 1 1 1 1 6 1 12 1 1 1 9 |7 1 9 8 1 1 1 2 1 1 2 1 1 13 1 8 |1 1 1 5 10 16 5 1 1 10 4 1 11 1 1 9 |1 1 6 1 2 2 1 11 8 7 1 7 1 7 1 1 |6 1 1 1 1 1 1 15 2 1 10 7 1 1 8 1 |1 2 1 8 1 16 12 1 1 5 9 1 1 1 1 1 |
19701: 1 1 1 6 10 1 1 1 1 1 1 4 1 1 5 1 |1 1 5 1 4 1 1 1 1 1 1 8 1 1 11 1 |1 1 6 1 1 13 11 8 6 1 2 1 1 1 1 2 |1 1 1 1 1 4 7 1 6 7 1 1 1 6 1 10 |1 1 1 1 1 8 1 3 1 1 1 1 12 1 9 7 |1 1 1 1 1 12 1 4 1 1 12 1 9 1 2 1 |1 1 17 1 1 1 1 1 1 6 1 12 1 1 1 9 |7 1 9 8 1 1 1 2 1 1 2 1 1 13 1 8 |1 1 1 5 10 16 5 1 1 10 4 1 11 1 1 9 |1 1 6 1 2 2 1 11 8 7 1 7 1 7 1 1 |6 1 1 9 5 1 1 15 5 10 1 1 1 4 6 1 |1 1 1 1 1 3 1 1 1 2 14 2 1 15 1 1 |
19712: 1 1 1 7 6 9 1 13 1 1 1 6 1 1 6 1 |1 1 5 1 4 1 1 1 1 1 1 8 1 1 11 1 |1 1 6 1 1 13 11 8 6 1 2 1 1 1 1 2 |1 1 1 1 1 4 7 1 6 7 1 1 1 6 1 10 |1 1 1 1 1 8 1 3 1 1 1 1 12 1 9 7 |1 1 1 1 1 12 1 4 1 1 12 1 9 1 2 1 |1 1 17 1 1 1 1 1 1 6 1 12 1 1 1 9 |7 1 9 8 1 1 1 2 1 1 2 1 1 13 1 8 |1 1 1 5 10 16 5 1 1 10 4 1 11 1 1 9 |1 1 6 1 2 2 1 11 8 7 1 7 1 7 1 1 |6 1 1 9 5 1 1 15 5 10 1 1 1 4 6 1 |1 1 1 1 1 3 1 1 1 2 14 2 1 15 1 1 |
19723: 1 1 1 7 6 9 1 13 1 1 1 6 1 1 6 1 |1 1 1 1 1 1 1 1 1 1 1 11 1 1 12 1 |1 1 7 1 1 2 12 7 6 1 1 6 1 1 1 1 |1 1 1 1 1 1 1 1 7 7 1 1 1 6 1 10 |1 10 7 1 1 8 6 1 1 1 1 1 12 1 13 8 |1 1 2 1 4 11 1 1 1 1 12 1 9 1 1 1 |1 10 9 1 1 1 1 9 1 1 1 10 1 1 2 1 |6 1 1 14 1 5 8 14 1 1 9 1 1 12 1 10 |1 1 1 5 10 16 5 1 1 10 4 1 11 1 1 9 |1 1 6 1 2 2 1 11 8 7 1 7 1 7 1 1 |6 1 1 9 5 1 1 15 5 10 1 1 1 4 6 1 |1 1 1 1 1 3 1 1 1 2 14 2 1 15 1 1 |
19734: 1 1 1 7 6 9 1 13 1 1 1 6 1 1 6 1 |1 1 1 1 1 1 1 1 1 1 1 11 1 1 12 1 |1 1 7 1 1 2 12 7 6 1 1 6 1 1 1 1 |1 1 1 1 1 1 1 1 7 7 1 1 1 6 1 10 |1 10 7 1 1 8 6 1 1 1 1 1 12 1 13 8 |1 1 2 1 4 11 1 1 1 1 12 1 9 1 1 1 |1 10 9 1 1 1 1 9 1 1 1 10 1 1 2 1 |6 1 1 14 1 5 8 14 1 1 9 1 1 12 1 10 |1 1 1 1 3 15 14 1 1 7 3 3 1 1 5 1 |2 1 1 1 1 1 1 13 1 15 1 1 1 7 1 1 |1 1 1 13 1 1 1 4 9 10 10 4 1 1 1 1 |1 6 1 1 1 4 10 2 1 4 8 1 1 13 1 13 |
19745: 1 1 1 7 6 9 1 13 1 1 1 6 1 1 6 1 |1 1 1 1 1 1 1 1 1 1 1 11 1 1 12 1 |1 1 7 1 1 2 12 7 6 1 1 6 1 1 1 1 |1 1 1 1 1 1 1 1 7 7 1 1 1 6 1 10 |1 10 7 1 1 8 6 1 1 1 1 1 12 1 13 8 |1 1 2 1 4 11 1 1 1 1 12 1 9 1 1 1 |1 10 9 1 1 1 1 9 1 1 1 10 1 1 2 1 |6 1 1 14 1 5 8 14 1 1 9 1 1 12 1 10 |1 1 1 1 3 15 14 1 1 7 3 3 1 1 5 1 |2 1 1 1 1 1 1 13 1 15 1 1 1 7 1 1 |1 1 1 13 1 1 1 4 9 10 10 4 1 1 1 1 |1 6 1 1 1 4 10 2 1 4 8 1 1 13 1 13 |
19756: 1 1 1 5 7 1 7 7 1 1 1 1 1 3 5 1 |1 1 7 1 1 5 1 1 1 1 1 1 1 1 14 1 |1 1 1 1 1 8 13 5 1 1 3 7 1 1 1 1 |1 1 1 3 1 3 4 9 5 1 1 1 11 7 1 11 |1 9 1 1 1 11 7 1 1 1 1 1 11 1 16 5 |1 1 6 1 4 13 1 1 1 1 12 1 7 2 1 1 |1 4 9 1 1 1 1 4 1 1 1 10 1 1 1 1 |1 1 1 1 1 1 1 13 1 1 15 1 1 14 1 1 |1 1 1 1 3 15 14 1 1 7 3 3 1 1 5 1 |2 1 1 1 1 1 1 13 1 15 1 1 1 7 1 1 |1 1 1 13 1 1 1 4 9 10 10 4 1 1 1 1 |1 6 1 1 1 4 10 2 1 4 8 1 1 13 1 13 |
19768: 1 1 1 5 7 1 7 7 1 1 1 1 1 3 5 1 |1 1 7 1 1 5 1 1 1 1 1 1 1 1 14 1 |1 1 1 1 1 8 13 5 1 1 3 7 1 1 1 1 |1 1 1 3 1 3 4 9 5 1 1 1 11 7 1 11 |1 9 1 1 1 11 7 1 1 1 1 1 11 1 16 5 |1 1 6 1 4 13 1 1 1 1 12 1 7 2 1 1 |1 4 9 1 1 1 1 4 1 1 1 10 1 1 1 1 |1 1 1 1 1 1 1 13 1 1 15 1 1 14 1 1 |1 1 1 1 12 16 3 1 1 9 9 1 13 1 7 3 |1 1 3 1 1 1 9 8 2 1 1 5 1 9 1 1 |6 1 2 1 1 1 1 14 4 10 10 4 1 1 1 1 |1 1 1 1 1 13 5 12 1 4 8 1 1 2 1 1 |
19780: 1 1 1 1 1 9 7 11 1 1 1 9 1 1 8 1 |1 1 7 1 5 1 1 1 1 1 1 15 3 4 11 1 |1 1 1 1 1 8 13 5 1 1 3 7 1 1 1 1 |1 1 1 3 1 3 4 9 5 1 1 1 11 7 1 11 |1 9 1 1 1 11 7 1 1 1 1 1 11 1 16 5 |1 1 6 1 4 13 1 1 1 1 12 1 7 2 1 1 |1 4 9 1 1 1 1 4 1 1 1 10 1 1 1 1 |1 1 1 1 1 1 1 13 1 1 15 1 1 14 1 1 |1 1 1 1 12 16 3 1 1 9 9 1 13 1 7 3 |1 1 3 1 1 1 9 8 2 1 1 5 1 9 1 1 |6 1 2 1 1 1 1 14 4 10 10 4 1 1 1 1 |1 1 1 1 1 13 5 12 1 4 8 1 1 2 1 1 |
19791: 1 1 1 1 1 9 7 11 1 1 1 9 1 1 8 1 |1 1 7 1 5 1 1 1 1 1 1 15 3 4 11 1 |1 1 8 1 1 2 13 6 3 1 1 1 1 1 1 1 |1 1 1 4 1 1 1 1 7 5 1 1 1 7 1 11 |1 1 1 1 1 10 1 1 1 1 1 1 10 1 13 12 |1 1 3 1 1 12 1 5 1 1 13 1 8 1 1 1 |1 1 17 1 1 1 1 8 1 1 1 10 1 1 1 1 |1 1 4 14 1 5 1 13 1 1 2 1 1 13 1 9 |1 1 1 1 10 14 4 1 1 7 5 1 1 1 7 11 |2 3 1 1 1 1 1 2 9 12 1 4 1 1 1 5 |7 1 1 1 1 1 4 14 1 1 10 1 1 3 1 1 |1 1 1 1 1 13 5 12 1 4 8 1 1 2 1 1 |
19802: 1 1 1 1 1 9 7 11 1 1 1 9 1 1 8 1 |1 1 7 1 5 1 1 1 1 1 1 15 3 4 11 1 |1 1 8 1 1 2 13 6 3 1 1 1 1 1 1 1 |1 1 1 4 1 1 1 1 7 5 1 1 1 7 1 11 |1 1 1 1 1 10 1 1 1 1 1 1 10 1 13 12 |1 1 3 1 1 12 1 5 1 1 13 1 8 1 1 1 |1 1 17 1 1 1 1 8 1 1 1 10 1 1 1 1 |1 1 4 14 1 5 1 13 1 1 2 1 1 13 1 9 |1 1 1 1 10 14 4 1 1 7 5 1 1 1 7 11 |2 3 1 1 1 1 1 2 9 12 1 4 1 1 1 5 |7 1 1 1 1 1 4 14 1 1 10 1 1 3 1 1 |1 1 1 8 1 15 11 1 1 5 14 1 1 13 1 1 |
19813: 1 1 1 1 1 9 7 11 1 1 1 9 1 1 8 1 |1 1 7 1 5 1 1 1 1 1 1 15 3 4 11 1 |1 1 8 1 1 2 13 6 3 1 1 1 1 1 1 1 |1 1 1 4 1 1 1 1 7 5 1 1 1 7 1 11 |1 1 1 1 1 10 1 1 1 1 1 1 10 1 13 12 |1 1 3 1 1 12 1 5 1 1 13 1 8 1 1 1 |1 1 17 1 1 1 1 8 1 1 1 10 1 1 1 1 |1 1 4 14 1 5 1 13 1 1 2 1 1 13 1 9 |1 1 1 1 10 14 4 1 1 7 5 1 1 1 7 11 |2 3 1 1 1 1 1 2 9 12 1 4 1 1 1 5 |7 1 1 1 1 1 4 14 1 1 10 1 1 3 1 1 |1 1 1 8 1 15 11 1 1 5 14 1 1 13 1 1 |
19824: 1 1 1 6 5 11 1 1 1 1 1 1 1 1 6 1 |1 1 1 1 5 1 1 1 1 1 1 8 1 1 13 1 |1 1 7 1 1 3 1 1 5 1 1 6 1 1 1 1 |1 1 1 1 1 1 1 1 7 7 1 1 1 6 1 10 |1 10 9 1 7 7 7 1 1 1 1 1 10 1 8 8 |1 1 1 1 4 10 1 1 1 1 12 1 10 1 1 1 |1 10 8 7 9 1 1 8 1 1 1 13 1 1 1 1 |5 1 1 15 1 1 1 10 1 1 14 1 1 13 1 1 |1 1 1 1 10 14 4 1 1 7 5 1 1 1 7 11 |2 3 1 1 1 1 1 2 9 12 1 4 1 1 1 5 |7 1 1 1 1 1 4 14 1 1 10 1 1 3 1 1 |1 1 1 8 1 15 11 1 1 5 14 1 1 13 1 1 |
19834: 1 1 1 6 5 11 1 1 1 1 1 1 1 1 6 1 |1 1 1 1 5 1 1 1 1 1 1 8 1 1 13 1 |1 1 7 1 1 3 1 1 5 1 1 6 1 1 1 1 |1 1 1 1 1 1 1 1 7 7 1 1 1 6 1 10 |1 10 9 1 7 7 7 1 1 1 1 1 10 1 8 8 |1 1 1 1 4 10 1 1 1 1 12 1 10 1 1 1 |1 10 8 7 9 1 1 8 1 1 1 13 1 1 1 1 |5 1 1 15 1 1 1 10 1 1 14 1 1 13 1 1 |1 1 1 1 1 8 2 1 1 1 1 1 4 1 7 9 |1 1 6 1 1 1 1 14 8 11 1 8 1 11 1 7 |8 1 1 1 1 1 1 14 5 2 10 4 1 1 8 1 |1 1 1 5 1 1 1 12 1 5 16 1 1 13 1 11 |
19846: 1 1 1 6 5 11 1 1 1 1 1 1 1 1 6 1 |1 1 1 1 5 1 1 1 1 1 1 8 1 1 13 1 |1 1 7 1 1 3 1 1 5 1 1 6 1 1 1 1 |1 1 1 1 1 1 1 1 7 7 1 1 1 6 1 10 |1 10 9 1 7 7 7 1 1 1 1 1 10 1 8 8 |1 1 1 1 4 10 1 1 1 1 12 1 10 1 1 1 |1 10 8 7 9 1 1 8 1 1 1 13 1 1 1 1 |5 1 1 15 1 1 1 10 1 1 14 1 1 13 1 1 |1 1 1 1 1 8 2 1 1 1 1 1 4 1 7 9 |1 1 6 1 1 1 1 14 8 11 1 8 1 11 1 7 |8 1 1 1 1 1 1 14 5 2 10 4 1 1 8 1 |1 1 1 5 1 1 1 12 1 5 16 1 1 13 1 11 |
19857: 1 1 1 1 7 7 7 13 1 1 1 1 1 1 1 1 |1 1 10 1 1 12 1 1 1 1 1 12 6 1 11 1 |1 1 8 1 1 7 5 6 3 1 1 1 1 1 1 1 |1 1 1 4 1 4 3 9 5 6 1 1 3 8 1 11 |1 7 1 1 1 7 9 1 1 1 1 1 11 1 13 6 |1 1 7 1 4 11 1 4 1 1 14 1 8 1 2 1 |1 3 7 1 1 1 1 3 1 1 11 3 1 1 1 1 |1 1 4 9 1 1 1 14 1 1 15 1 1 13 1 1 |1 1 1 1 1 8 2 1 1 1 1 1 4 1 7 9 |1 1 6 1 1 1 1 14 8 11 1 8 1 11 1 7 |8 1 1 1 1 1 1 14 5 2 10 4 1 1 8 1 |1 1 1 5 1 1 1 12 1 5 16 1 1 13 1 11 |
19868: 1 1 1 1 7 7 7 13 1 1 1 1 1 1 1 1 |1 1 10 1 1 12 1 1 1 1 1 12 6 1 11 1 |1 1 8 1 1 7 5 6 3 1 1 1 1 1 1 1 |1 1 1 4 1 4 3 9 5 6 1 1 3 8 1 11 |1 7 1 1 1 7 9 1 1 1 1 1 11 1 13 6 |1 1 7 1 4 11 1 4 1 1 14 1 8 1 2 1 |1 3 7 1 1 1 1 3 1 1 11 3 1 1 1 1 |1 1 4 9 1 1 1 14 1 1 15 1 1 13 1 1 |1 1 1 1 11 15 4 1 1 1 1 1 1 2 7 1 |1 1 5 1 1 1 10 8 3 12 1 7 1 1 1 8 |7 1 1 1 1 1 1 14 5 8 9 1 1 1 9 1 |1 1 1 1 1 15 8 11 1 3 14 1 1 12 1 1 |
19879: 1 1 1 1 7 7 7 13 1 1 1 1 1 1 1 1 |1 1 10 1 1 12 1 1 1 1 1 12 6 1 11 1 |1 1 8 1 1 7 5 6 3 1 1 1 1 1 1 1 |1 1 1 4 1 4 3 9 5 6 1 1 3 8 1 11 |1 7 1 1 1 7 9 1 1 1 1 1 11 1 13 6 |1 1 7 1 4 11 1 4 1 1 14 1 8 1 2 1 |1 3 7 1 1 1 1 3 1 1 11 3 1 1 1 1 |1 1 4 9 1 1 1 14 1 1 15 1 1 13 1 1 |1 1 1 1 11 15 4 1 1 1 1 1 1 2 7 1 |1 1 5 1 1 1 10 8 3 12 1 7 1 1 1 8 |7 1 1 1 1 1 1 14 5 8 9 1 1 1 9 1 |1 1 1 1 1 15 8 11 1 3 14 1 1 12 1 1 |
19890: 1 1 1 8 6 6 9 8 1 1 1 1 1 2 6 1 |1 1 1 1 4 9 1 1 1 1 1 1 1 1 13 1 |1 1 6 1 1 5 6 8 4 1 1 5 1 1 1 1 |1 1 1 4 1 2 1 1 7 1 1 1 1 6 1 10 |1 1 1 1 1 9 1 1 1 1 1 1 11 1 12 6 |1 1 1 1 3 11 1 1 1 1 10 1 10 1 2 1 |1 1 4 1 1 1 1 7 1 1 1 11 1 1 1 1 |1 1 1 13 1 1 17 8 1 1 14 1 1 13 1 7 |1 1 1 1 11 15 4 1 1 1 1 1 1 2 7 1 |1 1 5 1 1 1 10 8 3 12 1 7 1 1 1 8 |7 1 1 1 1 1 1 14 5 8 9 1 1 1 9 1 |1 1 1 1 1 15 8 11 1 3 14 1 1 12 1 1 |
19901: 1 1 1 8 6 6 9 8 1 1 1 1 1 2 6 1 |1 1 1 1 4 9 1 1 1 1 1 1 1 1 13 1 |1 1 6 1 1 5 6 8 4 1 1 5 1 1 1 1 |1 1 1 4 1 2 1 1 7 1 1 1 1 6 1 10 |1 1 1 1 1 9 1 1 1 1 1 1 11 1 12 6 |1 1 1 1 3 11 1 1 1 1 10 1 10 1 2 1 |1 1 4 1 1 1 1 7 1 1 1 11 1 1 1 1 |1 1 1 13 1 1 17 8 1 1 14 1 1 13 1 7 |1 1 1 1 11 13 10 5 1 9 8 1 1 1 1 1 |1 10 1 1 1 1 4 7 1 12 1 5 1 7 1 1 |1 1 1 5 1 1 1 13 1 1 3 1 1 1 8 1 |1 5 1 1 1 14 11 2 1 3 17 1 1 12 1 1 |
19912: 1 1 1 8 6 6 9 8 1 1 1 1 1 2 6 1 |1 1 1 1 4 9 1 1 1 1 1 1 1 1 13 1 |1 1 6 1 1 5 6 8 4 1 1 5 1 1 1 1 |1 1 1 4 1 2 1 1 7 1 1 1 1 6 1 10 |1 1 1 1 1 9 1 1 1 1 1 1 11 1 12 6 |1 1 1 1 3 11 1 1 1 1 10 1 10 1 2 1 |1 1 4 1 1 1 1 7 1 1 1 11 1 1 1 1 |1 1 1 13 1 1 17 8 1 1 14 1 1 13 1 7 |1 1 1 1 11 13 10 5 1 9 8 1 1 1 1 1 |1 10 1 1 1 1 4 7 1 12 1 5 1 7 1 1 |1 1 1 5 1 1 1 13 1 1 3 1 1 1 8 1 |1 5 1 1 1 14 11 2 1 3 17 1 1 12 1 1 |
19923: 1 1 1 1 1 1 1 1 1 1 1 4 1 1 1 1 |1 1 1 1 5 11 1 1 1 1 1 10 1 1 11 1 |1 1 8 1 1 8 1 4 6 1 1 6 1 1 1 1 |1 1 1 1 1 3 6 1 9 4 1 1 1 8 1 11 |1 1 1 1 1 8 7 1 1 1 1 1 11 1 1 7 |1 1 1 1 5 11 1 1 1 1 13 1 11 1 1 1 |1 11 9 1 13 1 1 7 1 1 1 12 1 1 1 1 |1 1 1 13 1 1 17 8 1 1 14 1 1 13 1 7 |1 1 1 1 11 13 10 5 1 9 8 1 1 1 1 1 |1 10 1 1 1 1 4 7 1 12 1 5 1 7 1 1 |1 1 1 5 1 1 1 13 1 1 3 1 1 1 8 1 |1 5 1 1 1 14 11 2 1 3 17 1 1 12 1 1 |
19934: 1 1 1 1 1 1 1 1 1 1 1 4 1 1 1 1 |1 1 1 1 5 11 1 1 1 1 1 10 1 1 11 1 |1 1 8 1 1 8 1 4 6 1 1 6 1 1 1 1 |1 1 1 1 1 3 6 1 9 4 1 1 1 8 1 11 |1 1 1 1 1 8 7 1 1 1 1 1 11 1 1 7 |1 1 1 1 5 11 1 1 1 1 13 1 11 1 1 1 |1 11 9 1 13 1 1 7 1 1 1 12 1 1 1 1 |6 1 1 14 1 4 3 14 1 1 9 1 1 13 1 1 |1 1 1 1 12 4 12 1 2 1 1 1 1 1 2 1 |2 1 4 1 1 1 1 14 1 12 1 3 1 6 1 6 |1 1 4 1 1 1 1 14 5 10 4 1 1 1 4 1 |1 1 1 7 1 1 3 1 1 5 15 1 1 1 1 1 |
19944: 1 1 1 1 1 1 1 1 1 1 1 4 1 1 1 1 |1 1 1 1 5 11 1 1 1 1 1 10 1 1 11 1 |1 1 8 1 1 8 1 4 6 1 1 6 1 1 1 1 |1 1 1 1 1 3 6 1 9 4 1 1 1 8 1 11 |1 1 1 1 1 8 7 1 1 1 1 1 11 1 1 7 |1 1 1 1 5 11 1 1 1 1 13 1 11 1 1 1 |1 11 9 1 13 1 1 7 1 1 1 12 1 1 1 1 |6 1 1 14 1 4 3 14 1 1 9 1 1 13 1 1 |1 1 1 1 12 4 12 1 2 1 1 1 1 1 2 1 |2 1 4 1 1 1 1 14 1 12 1 3 1 6 1 6 |1 1 4 1 1 1 1 14 5 10 4 1 1 1 4 1 |1 1 1 7 1 1 3 1 1 5 15 1 1 1 1 1 |
19956: 1 1 1 9 6 7 7 1 1 1 1 1 1 1 7 1 |1 1 6 1 1 11 1 1 1 1 1 10 1 3 6 1 |1 1 11 1 1 8 12 8 5 1 7 6 1 1 1 1 |1 1 1 1 1 4 2 1 6 6 1 1 1 5 1 10 |1 1 1 1 1 9 8 1 1 1 1 1 11 1 12 3 |1 1 1 1 5 11 1 1 1 1 13 1 11 1 1 1 |1 11 9 1 13 1 1 7 1 1 1 12 1 1 1 1 |6 1 1 14 1 4 3 14 1 1 9 1 1 13 1 1 |1 1 1 1 12 4 12 1 2 1 1 1 1 1 2 1 |2 1 4 1 1 1 1 14 1 12 1 3 1 6 1 6 |1 1 4 1 1 1 1 14 5 10 4 1 1 1 4 1 |1 1 1 7 1 1 3 1 1 5 15 1 1 1 1 1 |
19966: 1 1 1 9 6 7 7 1 1 1 1 1 1 1 7 1 |1 1 6 1 1 11 1 1 1 1 1 10 1 3 6 1 |1 1 11 1 1 8 12 8 5 1 7 6 1 1 1 1 |1 1 1 1 1 4 2 1 6 6 1 1 1 5 1 10 |1 1 1 1 1 9 8 1 1 1 1 1 11 1 12 3 |1 1 1 1 4 11 1 1 1 1 10 1 8 1 1 1 |1 4 8 1 1 1 1 3 1 5 1 11 1 1 1 1 |1 1 2 5 1 1 1 2 1 1 14 1 1 15 1 9 |1 1 1 1 12 13 4 10 3 8 5 1 1 1 2 1 |1 1 1 1 1 1 1 13 10 13 1 1 1 9 1 1 |1 1 1 6 1 1 1 14 6 3 5 9 1 1 9 1 |1 7 1 1 1 15 8 3 1 5 17 1 1 1 1 3 |
19977: 1 1 1 9 6 7 7 1 1 1 1 1 1 1 7 1 |1 1 6 1 1 11 1 1 1 1 1 10 1 3 6 1 |1 1 11 1 1 8 12 8 5 1 7 6 1 1 1 1 |1 1 1 1 1 4 2 1 6 6 1 1 1 5 1 10 |1 1 1 1 1 9 8 1 1 1 1 1 11 1 12 3 |1 1 1 1 4 11 1 1 1 1 10 1 8 1 1 1 |1 4 8 1 1 1 1 3 1 5 1 11 1 1 1 1 |1 1 2 5 1 1 1 2 1 1 14 1 1 15 1 9 |1 1 1 1 12 13 4 10 3 8 5 1 1 1 2 1 |1 1 1 1 1 1 1 13 10 13 1 1 1 9 1 1 |1 1 1 6 1 1 1 14 6 3 5 9 1 1 9 1 |1 7 1 1 1 15 8 3 1 5 17 1 1 1 1 3 |
19988: 1 1 1 5 7 7 7 7 1 1 1 7 1 1 8 1 |1 1 7 1 4 1 1 1 1 1 4 1 1 1 11 1 |1 1 8 1 1 7 1 7 6 1 6 6 1 1 1 2 |1 1 1 3 1 3 8 1 7 1 1 1 1 6 1 10 |1 1 1 1 1 8 1 1 1 1 1 1 11 1 10 12 |1 1 1 1 4 11 1 1 1 1 10 1 8 1 1 1 |1 4 8 1 1 1 1 3 1 5 1 11 1 1 1 1 |1 1 2 5 1 1 1 2 1 1 14 1 1 15 1 9 |1 1 1 1 12 13 4 10 3 8 5 1 1 1 2 1 |1 1 1 1 1 1 1 13 10 13 1 1 1 9 1 1 |1 1 1 6 1 1 1 14 6 3 5 9 1 1 9 1 |1 7 1 1 1 15 8 3 1 5 17 1 1 1 1 3 |
19999: 1 1 1 5 7 7 7 7 1 1 1 7 1 1 8 1 |1 1 7 1 4 1 1 1 1 1 4 1 1 1 11 1 |1 1 8 1 1 7 1 7 6 1 6 6 1 1 1 2 |1 1 1 3 1 3 8 1 7 1 1 1 1 6 1 10 |1 1 1 1 1 8 1 1 1 1 1 1 11 1 10 12 |1 1 2 1 9 13 1 1 1 1 11 1 9 1 2 1 |1 1 8 1 1 1 1 1 1 1 1 12 1 1 1 1 |1 1 1 14 1 1 15 8 1 1 17 1 1 8 1 8 |1 1 1 1 10 14 10 4 1 1 1 1 11 1 1 1 |1 1 5 1 1 1 1 12 1 13 1 5 1 8 1 2 |1 1 1 1 1 1 1 1 1 1 10 2 1 1 8 1 |1 1 1 1 1 14 8 1 1 1 3 1 1 12 1 2 |
20010: 1 1 1 5 7 7 7 7 1 1 1 7 1 1 8 1 |1 1 7 1 4 1 1 1 1 1 4 1 1 1 11 1 |1 1 8 1 1 7 1 7 6 1 6 6 1 1 1 2 |1 1 1 3 1 3 8 1 7 1 1 1 1 6 1 10 |1 1 1 1 1 8 1 1 1 1 1 1 11 1 10 12 |1 1 2 1 9 13 1 1 1 1 11 1 9 1 2 1 |1 1 8 1 1 1 1 1 1 1 1 12 1 1 1 1 |1 1 1 14 1 1 15 8 1 1 17 1 1 8 1 8 |1 1 1 1 10 14 10 4 1 1 1 1 11 1 1 1 |1 1 5 1 1 1 1 12 1 13 1 5 1 8 1 2 |1 1 1 1 1 1 1 1 1 1 10 2 1 1 8 1 |1 1 1 1 1 14 8 1 1 1 3 1 1 12 1 2 |
20021: 1 1 1 6 1 7 9 10 1 1 1 1 1 2 2 1 |1 1 4 1 6 1 1 1 1 1 1 10 1 3 11 1 |1 1 1 1 1 7 5 1 5 1 1 5 1 1 1 1 |1 1 1 3 1 5 2 1 8 6 1 1 1 6 1 10 |1 1 1 1 1 8 1 1 1 1 1 1 11 1 10 12 |1 1 2 1 9 13 1 1 1 1 11 1 9 1 2 1 |1 1 8 1 1 1 1 1 1 1 1 12 1 1 1 1 |1 1 1 14 1 1 15 8 1 1 17 1 1 8 1 8 |1 1 1 1 10 14 10 4 1 1 1 1 11 1 1 1 |1 1 5 1 1 1 1 12 1 13 1 5 1 8 1 2 |1 1 1 1 1 1 1 1 1 1 10 2 1 1 8 1 |1 1 1 1 1 14 8 1 1 1 3 1 1 12 1 2 |
20032: 1 1 1 6 1 7 9 10 1 1 1 1 1 2 2 1 |1 1 4 1 6 1 1 1 1 1 1 10 1 3 11 1 |1 1 1 1 1 7 5 1 5 1 1 5 1 1 1 1 |1 1 1 3 1 5 2 1 8 6 1 1 1 6 1 10 |1 2 1 1 1 10 9 1 1 1 1 1 11 1 8 1 |1 1 2 1 5 12 1 3 1 1 1 1 8 1 1 1 |1 1 1 1 1 1 1 1 1 1 1 12 1 1 1 1 |1 6 3 13 1 1 1 14 1 1 9 1 1 15 1 1 |1 1 1 1 11 1 1 1 1 9 4 1 12 1 7 2 |1 1 6 1 3 1 1 12 2 12 1 6 1 2 1 1 |1 1 1 1 1 1 1 14 6 8 4 1 1 1 1 1 |1 1 1 1 1 11 1 1 1 1 15 1 1 12 1 1 |
20043: 1 1 1 6 1 7 9 10 1 1 1 1 1 2 2 1 |1 1 4 1 6 1 1 1 1 1 1 10 1 3 11 1 |1 1 1 1 1 7 5 1 5 1 1 5 1 1 1 1 |1 1 1 3 1 5 2 1 8 6 1 1 1 6 1 10 |1 2 1 1 1 10 9 1 1 1 1 1 11 1 8 1 |1 1 2 1 5 12 1 3 1 1 1 1 8 1 1 1 |1 1 1 1 1 1 1 1 1 1 1 12 1 1 1 1 |1 6 3 13 1 1 1 14 1 1 9 1 1 15 1 1 |1 1 1 1 11 1 1 1 1 9 4 1 12 1 7 2 |1 1 6 1 3 1 1 12 2 12 1 6 1 2 1 1 |1 1 1 1 1 1 1 14 6 8 4 1 1 1 1 1 |1 1 1 1 1 11 1 1 1 1 15 1 1 12 1 1 |
20054: 2 1 1 5 7 7 10 7 1 1 3 1 1 1 1 1 |1 1 1 1 1 9 1 1 1 1 7 9 1 1 7 1 |1 1 4 1 1 5 3 7 4 1 2 7 1 1 1 1 |1 1 1 3 1 1 1 1 7 7 1 1 1 5 1 10 |1 1 1 1 12 2 1 1 1 1 1 1 12 1 13 7 |1 1 1 1 6 10 1 4 1 1 13 1 10 1 1 1 |1 1 1 1 1 1 1 1 1 1 1 12 1 1 1 1 |1 6 3 13 1 1 1 14 1 1 9 1 1 15 1 1 |1 1 1 1 11 1 1 1 1 9 4 1 12 1 7 2 |1 1 6 1 3 1 1 12 2 12 1 6 1 2 1 1 |1 1 1 1 1 1 1 14 6 8 4 1 1 1 1 1 |1 1 1 1 1 11 1 1 1 1 15 1 1 12 1 1 |
20065: 2 1 1 5 7 7 10 7 1 1 3 1 1 1 1 1 |1 1 1 1 1 9 1 1 1 1 7 9 1 1 7 1 |1 1 4 1 1 5 3 7 4 1 2 7 1 1 1 1 |1 1 1 3 1 1 1 1 7 7 1 1 1 5 1 10 |1 1 1 1 12 2 1 1 1 1 1 1 12 1 13 7 |1 1 1 1 6 10 1 4 1 1 13 1 10 1 1 1 |1 5 9 1 1 1 1 3 1 1 1 12 1 4 1 1 |1 1 1 1 1 2 8 9 1 1 14 1 1 15 1 8 |1 7 1 1 12 17 9 5 1 1 10 8 1 3 1 1 |1 1 5 1 2 1 5 11 1 13 1 8 1 9 1 8 |8 1 1 1 1 1 1 15 7 5 6 1 1 1 7 1 |1 6 1 1 1 11 7 1 1 5 17 1 1 1 1 4 |
20076: 2 1 1 5 7 7 10 7 1 1 3 1 1 1 1 1 |1 1 1 1 1 9 1 1 1 1 7 9 1 1 7 1 |1 1 4 1 1 5 3 7 4 1 2 7 1 1 1 1 |1 1 1 3 1 1 1 1 7 7 1 1 1 5 1 10 |1 1 1 1 12 2 1 1 1 1 1 1 12 1 13 7 |1 1 1 1 6 10 1 4 1 1 13 1 10 1 1 1 |1 5 9 1 1 1 1 3 1 1 1 12 1 4 1 1 |1 1 1 1 1 2 8 9 1 1 14 1 1 15 1 8 |1 7 1 1 12 17 9 5 1 1 10 8 1 3 1 1 |1 1 5 1 2 1 5 11 1 13 1 8 1 9 1 8 |8 1 1 1 1 1 1 15 7 5 6 1 1 1 7 1 |1 6 1 1 1 11 7 1 1 5 17 1 1 1 1 4 |
20088: 1 1 1 1 10 9 8 1 1 1 1 1 1 4 1 1 |1 1 7 1 3 1 1 8 1 1 1 1 1 1 14 1 |1 1 7 1 1 5 4 6 5 1 7 6 1 1 1 1 |1 1 1 5 1 4 8 1 7 1 1 1 1 7 1 9 |1 1 1 1 1 10 1 1 1 1 1 1 11 1 7 7 |1 1 1 1 6 10 1 4 1 1 13 1 10 1 1 1 |1 5 9 1 1 1 1 3 1 1 1 12 1 4 1 1 |1 1 1 1 1 2 8 9 1 1 14 1 1 15 1 8 |1 7 1 1 12 17 9 5 1 1 10 8 1 3 1 1 |1 1 5 1 2 1 5 11 1 13 1 8 1 9 1 8 |8 1 1 1 1 1 1 15 7 5 6 1 1 1 7 1 |1 6 1 1 1 11 7 1 1 5 17 1 1 1 1 4 |
20099: 1 1 1 1 10 9 8 1 1 1 1 1 1 4 1 1 |1 1 7 1 3 1 1 8 1 1 1 1 1 1 14 1 |1 1 7 1 1 5 4 6 5 1 7 6 1 1 1 1 |1 1 1 5 1 4 8 1 7 1 1 1 1 7 1 9 |1 1 1 1 1 10 1 1 1 1 1 1 11 1 7 7 |1 1 1 1 1 12 1 4 1 1 15 1 9 1 1 1 |1 7 1 1 1 1 1 10 1 1 1 10 1 1 1 8 |1 1 7 14 1 6 11 13 1 1 14 1 1 14 4 1 |1 1 1 1 11 15 10 11 1 10 4 1 12 1 11 4 |1 1 1 1 1 5 1 14 8 13 1 3 1 1 2 2 |1 1 1 13 1 1 5 13 6 2 12 3 1 1 1 1 |1 1 1 3 1 1 3 12 1 3 16 1 1 13 1 4 |
20110: 1 1 1 1 10 9 8 1 1 1 1 1 1 4 1 1 |1 1 7 1 3 1 1 8 1 1 1 1 1 1 14 1 |1 1 7 1 1 5 4 6 5 1 7 6 1 1 1 1 |1 1 1 5 1 4 8 1 7 1 1 1 1 7 1 9 |1 1 1 1 1 10 1 1 1 1 1 1 11 1 7 7 |1 1 1 1 1 12 1 4 1 1 15 1 9 1 1 1 |1 7 1 1 1 1 1 10 1 1 1 10 1 1 1 8 |1 1 7 14 1 6 11 13 1 1 14 1 1 14 4 1 |1 1 1 1 11 15 10 11 1 10 4 1 12 1 11 4 |1 1 1 1 1 5 1 14 8 13 1 3 1 1 2 2 |1 1 1 13 1 1 5 13 6 2 12 3 1 1 1 1 |1 1 1 3 1 1 3 12 1 3 16 1 1 13 1 4 |
20121: 1 1 1 3 1 1 1 1 1 1 1 1 1 1 1 1 |1 1 14 1 5 9 1 1 1 1 1 12 7 1 10 1 |1 1 7 1 1 8 1 8 3 1 1 8 1 1 1 2 |1 1 1 1 1 1 1 1 8 6 1 6 1 6 1 11 |1 2 1 1 1 7 8 1 1 1 1 1 14 1 8 8 |1 1 1 1 1 12 1 4 1 1 15 1 9 1 1 1 |1 7 1 1 1 1 1 10 1 1 1 10 1 1 1 8 |1 1 7 14 1 6 11 13 1 1 14 1 1 14 4 1 |1 1 1 1 11 15 10 11 1 10 4 1 12 1 11 4 |1 1 1 1 1 5 1 14 8 13 1 3 1 1 2 2 |1 1 1 13 1 1 5 13 6 2 12 3 1 1 1 1 |1 1 1 3 1 1 3 12 1 3 16 1 1 13 1 4 |
20131: 1 1 1 3 1 1 1 1 1 1 1 1 1 1 1 1 |1 1 14 1 5 9 1 1 1 1 1 12 7 1 10 1 |1 1 7 1 1 8 1 8 3 1 1 8 1 1 1 2 |1 1 1 1 1 1 1 1 8 6 1 6 1 6 1 11 |1 2 1 1 1 7 8 1 1 1 1 1 14 1 8 8 |1 1 1 1 6 11 1 1 1 1 11 1 8 2 1 1 |1 4 1 1 1 1 1 9 1 1 1 11 1 1 1 1 |1 3 4 8 1 1 1 13 1 1 14 1 1 12 1 10 |1 1 1 1 2 1 1 1 1 9 9 1 11 1 7 2 |1 1 1 1 2 1 1 12 1 6 1 6 1 5 1 6 |1 1 1 1 1 1 1 14 6 3 11 1 1 1 1 1 |1 1 1 3 1 1 3 12 1 3 16 1 1 13 1 4 |
20142: 1 1 1 3 1 1 1 1 1 1 1 1 1 1 1 1 |1 1 14 1 5 9 1 1 1 1 1 12 7 1 10 1 |1 1 7 1 1 8 1 8 3 1 1 8 1 1 1 2 |1 1 1 1 1 1 1 1 8 6 1 6 1 6 1 11 |1 2 1 1 1 7 8 1 1 1 1 1 14 1 8 8 |1 1 1 1 6 11 1 1 1 1 11 1 8 2 1 1 |1 4 1 1 1 1 1 9 1 1 1 11 1 1 1 1 |1 3 4 8 1 1 1 13 1 1 14 1 1 12 1 10 |1 1 1 1 2 1 1 1 1 9 9 1 11 1 7 2 |1 1 1 1 2 1 1 12 1 6 1 6 1 5 1 6 |1 1 1 1 1 1 1 14 6 3 11 1 1 1 1 1 |1 1 1 1 1 23 8 11 1 1 17 1 1 1 1 1 |
20153: 1 1 1 1 2 7 5 7 1 1 1 1 1 1 8 1 |1 1 1 1 1 1 1 1 1 1 2 9 1 1 11 1 |1 1 1 1 1 1 3 7 1 1 1 6 1 1 1 1 |1 1 1 1 1 5 1 1 6 6 1 1 1 7 1 10 |1 2 1 1 1 7 8 1 1 1 1 1 14 1 8 8 |1 1 1 1 6 11 1 1 1 1 11 1 8 2 1 1 |1 4 1 1 1 1 1 9 1 1 1 11 1 1 1 1 |1 3 4 8 1 1 1 13 1 1 14 1 1 12 1 10 |1 1 1 1 2 1 1 1 1 9 9 1 11 1 7 2 |1 1 1 1 2 1 1 12 1 6 1 6 1 5 1 6 |1 1 1 1 1 1 1 14 6 3 11 1 1 1 1 1 |1 1 1 1 1 23 8 11 1 1 17 1 1 1 1 1 |
20164: 1 1 1 1 2 7 5 7 1 1 1 1 1 1 8 1 |1 1 1 1 1 1 1 1 1 1 2 9 1 1 11 1 |1 1 1 1 1 1 3 7 1 1 1 6 1 1 1 1 |1 1 1 1 1 5 1 1 6 6 1 1 1 7 1 10 |1 1 1 1 4 7 11 1 1 1 1 1 12 1 14 5 |1 1 1 1 4 12 1 4 1 1 1 1 9 1 1 1 |1 12 8 1 1 1 1 9 1 1 1 11 1 1 1 1 |1 1 2 1 1 3 7 14 1 1 15 1 1 16 1 8 |1 6 1 1 2 8 10 10 3 1 1 1 1 3 2 1 |1 1 7 1 2 3 1 14 7 7 1 5 1 1 1 1 |7 1 1 6 1 1 1 15 1 1 6 1 1 3 1 1 |1 1 1 1 1 23 8 11 1 1 17 1 1 1 1 1 |
20174: 1 1 1 1 2 7 5 7 1 1 1 1 1 1 8 1 |1 1 1 1 1 1 1 1 1 1 2 9 1 1 11 1 |1 1 1 1 1 1 3 7 1 1 1 6 1 1 1 1 |1 1 1 1 1 5 1 1 6 6 1 1 1 7 1 10 |1 1 1 1 4 7 11 1 1 1 1 1 12 1 14 5 |1 1 1 1 4 12 1 4 1 1 1 1 9 1 1 1 |1 12 8 1 1 1 1 9 1 1 1 11 1 1 1 1 |1 1 2 1 1 3 7 14 1 1 15 1 1 16 1 8 |1 6 1 1 2 8 10 10 3 1 1 1 1 3 2 1 |1 1 7 1 2 3 1 14 7 7 1 5 1 1 1 1 |7 1 1 6 1 1 1 15 1 1 6 1 1 3 1 1 |2 8 1 1 1 14 6 3 1 1 18 1 1 11 1 1 |
20184: 1 1 4 6 4 7 8 5 1 1 1 6 1 2 1 1 |1 1 7 1 1 3 1 1 1 1 1 1 1 2 11 1 |1 1 1 1 1 1 3 7 1 1 1 6 1 1 1 1 |1 1 1 1 1 5 1 1 6 6 1 1 1 7 1 10 |1 1 1 1 4 7 11 1 1 1 1 1 12 1 14 5 |1 1 1 1 4 12 1 4 1 1 1 1 9 1 1 1 |1 12 8 1 1 1 1 9 1 1 1 11 1 1 1 1 |1 1 2 1 1 3 7 14 1 1 15 1 1 16 1 8 |1 6 1 1 2 8 10 10 3 1 1 1 1 3 2 1 |1 1 7 1 2 3 1 14 7 7 1 5 1 1 1 1 |7 1 1 6 1 1 1 15 1 1 6 1 1 3 1 1 |2 8 1 1 1 14 6 3 1 1 18 1 1 11 1 1 |
20195: 1 1 4 6 4 7 8 5 1 1 1 6 1 2 1 1 |1 1 7 1 1 3 1 1 1 1 1 1 1 2 11 1 |1 1 7 1 1 4 4 7 5 1 2 8 1 1 1 2 |1 1 1 3 1 3 7 1 7 6 1 1 1 7 1 10 |1 1 1 1 1 8 1 1 1 1 1 1 12 1 11 6 |1 1 2 1 1 11 1 5 1 1 13 1 9 1 2 1 |1 12 1 1 1 1 1 9 1 1 1 11 1 1 1 1 |1 1 10 12 1 1 14 11 1 1 14 1 1 14 1 1 |1 1 1 6 12 12 10 4 1 11 9 1 12 1 1 1 |1 1 7 1 2 3 1 14 7 7 1 5 1 1 1 1 |7 1 1 6 1 1 1 15 1 1 6 1 1 3 1 1 |2 8 1 1 1 14 6 3 1 1 18 1 1 11 1 1 |
20205: 1 1 4 6 4 7 8 5 1 1 1 6 1 2 1 1 |1 1 7 1 1 3 1 1 1 1 1 1 1 2 11 1 |1 1 7 1 1 4 4 7 5 1 2 8 1 1 1 2 |1 1 1 3 1 3 7 1 7 6 1 1 1 7 1 10 |1 1 1 1 1 8 1 1 1 1 1 1 12 1 11 6 |1 1 2 1 1 11 1 5 1 1 13 1 9 1 2 1 |1 12 1 1 1 1 1 9 1 1 1 11 1 1 1 1 |1 1 10 12 1 1 14 11 1 1 14 1 1 14 1 1 |1 1 1 6 12 12 10 4 1 11 9 1 12 1 1 1 |1 4 1 1 1 3 1 12 6 7 1 3 1 9 1 7 |1 1 1 1 1 1 1 13 1 1 1 1 1 1 1 1 |1 4 1 8 1 15 8 1 1 6 14 1 1 1 1 10 |
20215: 1 1 4 6 4 7 8 5 1 1 1 6 1 2 1 1 |1 1 7 1 1 3 1 1 1 1 1 1 1 2 11 1 |1 1 7 1 1 4 4 7 5 1 2 8 1 1 1 2 |1 1 1 3 1 3 7 1 7 6 1 1 1 7 1 10 |1 1 1 1 1 8 1 1 1 1 1 1 12 1 11 6 |1 1 2 1 1 11 1 5 1 1 13 1 9 1 2 1 |1 12 1 1 1 1 1 9 1 1 1 11 1 1 1 1 |1 1 10 12 1 1 14 11 1 1 14 1 1 14 1 1 |1 1 1 6 12 12 10 4 1 11 9 1 12 1 1 1 |1 4 1 1 1 3 1 12 6 7 1 3 1 9 1 7 |1 1 1 1 1 1 1 13 1 1 1 1 1 1 1 1 |1 4 1 8 1 15 8 1 1 6 14 1 1 1 1 10 |
20246: 1 1 1 1 1 1 9 9 1 4 3 3 1 1 7 3 |1 1 1 1 6 12 1 1 1 1 1 12 8 1 12 1 |1 1 7 1 1 4 4 7 5 1 2 8 1 1 1 2 |1 1 1 3 1 3 7 1 7 6 1 1 1 7 1 10 |1 1 1 1 1 8 1 1 1 1 1 1 12 1 11 6 |1 1 2 1 1 11 1 5 1 1 13 1 9 1 2 1 |1 12 1 1 1 1 1 9 1 1 1 11 1 1 1 1 |1 1 10 12 1 1 14 11 1 1 14 1 1 14 1 1 |1 1 1 6 12 12 10 4 1 11 9 1 12 1 1 1 |1 4 1 1 1 3 1 12 6 7 1 3 1 9 1 7 |1 1 1 1 1 1 1 13 1 1 1 1 1 1 1 1 |1 4 1 8 1 15 8 1 1 6 14 1 1 1 1 10 |
20257: 1 1 1 1 1 1 9 9 1 4 3 3 1 1 7 3 |1 1 1 1 6 12 1 1 1 1 1 12 8 1 12 1 |1 1 9 1 3 10 10 6 2 1 9 2 1 1 1 1 |1 1 1 5 1 5 9 1 9 8 1 1 9 7 1 12 |1 1 1 1 7 8 3 1 1 1 1 1 1 1 14 12 |1 1 1 1 6 12 1 1 1 1 13 1 1 1 2 1 |1 5 9 1 1 1 1 4 1 1 1 11 1 1 1 1 |1 1 1 15 1 1 1 5 1 1 8 1 2 13 1 1 |1 1 1 1 13 15 4 7 2 1 1 8 3 1 8 6 |2 1 1 1 1 1 1 1 1 1 1 1 1 1 1 8 |1 1 2 1 1 1 1 10 8 9 1 3 3 1 3 1 |1 4 1 8 1 15 8 1 1 6 14 1 1 1 1 10 |
20267: 1 1 1 1 1 1 9 9 1 4 3 3 1 1 7 3 |1 1 1 1 6 12 1 1 1 1 1 12 8 1 12 1 |1 1 9 1 3 10 10 6 2 1 9 2 1 1 1 1 |1 1 1 5 1 5 9 1 9 8 1 1 9 7 1 12 |1 1 1 1 7 8 3 1 1 1 1 1 1 1 14 12 |1 1 1 1 6 12 1 1 1 1 13 1 1 1 2 1 |1 5 9 1 1 1 1 4 1 1 1 11 1 1 1 1 |1 1 1 15 1 1 1 5 1 1 8 1 2 13 1 1 |1 1 1 1 13 15 4 7 2 1 1 8 3 1 8 6 |2 1 1 1 1 1 1 1 1 1 1 1 1 1 1 8 |1 1 2 1 1 1 1 10 8 9 1 3 3 1 3 1 |1 1 1 7 1 1 3 1 1 2 16 2 3 1 1 3 |
20277: 1 1 1 1 1 1 9 9 1 4 3 3 1 1 7 3 |1 1 1 1 6 12 1 1 1 1 1 12 8 1 12 1 |1 1 9 1 3 10 10 6 2 1 9 2 1 1 1 1 |1 1 1 5 1 5 9 1 9 8 1 1 9 7 1 12 |1 1 1 1 7 8 3 1 1 1 1 1 1 1 14 12 |1 1 1 1 6 12 1 1 1 1 13 1 1 1 2 1 |1 5 9 1 1 1 1 4 1 1 1 11 1 1 1 1 |1 1 1 15 1 1 1 5 1 1 8 1 2 13 1 1 |1 1 1 1 13 15 4 7 2 1 1 8 3 1 8 6 |2 1 1 1 1 1 1 1 1 1 1 1 1 1 1 8 |1 1 2 1 1 1 1 10 8 9 1 3 3 1 3 1 |1 1 1 7 1 1 3 1 1 2 16 2 3 1 1 3 |
20288: 1 1 1 1 10 1 2 1 1 1 1 1 1 1 9 1 |1 1 1 1 5 1 1 1 1 1 1 1 1 2 12 1 |1 1 8 1 1 7 4 4 5 1 5 6 1 1 1 2 |1 1 1 3 1 1 8 1 7 7 1 1 1 6 1 10 |1 11 1 4 5 8 9 1 1 1 1 1 9 1 12 6 |1 1 2 1 5 12 1 1 1 1 7 1 8 1 1 1 |1 4 1 1 8 1 1 1 1 1 1 11 1 1 1 1 |1 1 1 14 1 3 7 13 1 1 9 1 1 15 1 10 |1 1 1 1 13 15 4 7 2 1 1 8 3 1 8 6 |2 1 1 1 1 1 1 1 1 1 1 1 1 1 1 8 |1 1 2 1 1 1 1 10 8 9 1 3 3 1 3 1 |1 1 1 7 1 1 3 1 1 2 16 2 3 1 1 3 |
20299: 1 1 1 1 10 1 2 1 1 1 1 1 1 1 9 1 |1 1 1 1 5 1 1 1 1 1 1 1 1 2 12 1 |1 1 8 1 1 7 4 4 5 1 5 6 1 1 1 2 |1 1 1 3 1 1 8 1 7 7 1 1 1 6 1 10 |1 11 1 4 5 8 9 1 1 1 1 1 9 1 12 6 |1 1 2 1 5 12 1 1 1 1 7 1 8 1 1 1 |1 4 1 1 8 1 1 1 1 1 1 11 1 1 1 1 |1 1 1 14 1 3 7 13 1 1 9 1 1 15 1 10 |1 1 1 1 12 8 12 13 5 1 1 1 1 1 7 2 |1 1 5 1 1 1 1 13 2 15 1 5 1 10 1 5 |1 1 1 1 1 3 1 13 7 4 1 1 1 1 1 1 |1 1 1 2 1 13 1 1 1 3 17 1 1 12 1 18 |
20309: 1 1 1 1 10 1 2 1 1 1 1 1 1 1 9 1 |1 1 1 1 5 1 1 1 1 1 1 1 1 2 12 1 |1 1 8 1 1 7 4 4 5 1 5 6 1 1 1 2 |1 1 1 3 1 1 8 1 7 7 1 1 1 6 1 10 |1 11 1 4 5 8 9 1 1 1 1 1 9 1 12 6 |1 1 2 1 5 12 1 1 1 1 7 1 8 1 1 1 |1 4 1 1 8 1 1 1 1 1 1 11 1 1 1 1 |1 1 1 14 1 3 7 13 1 1 9 1 1 15 1 10 |1 1 1 1 12 8 12 13 5 1 1 1 1 1 7 2 |1 1 5 1 1 1 1 13 2 15 1 5 1 10 1 5 |1 1 1 1 1 3 1 13 7 4 1 1 1 1 1 1 |1 1 1 2 1 13 1 1 1 3 17 1 1 12 1 18 |
20320: 1 1 1 6 6 7 6 14 1 1 1 4 1 1 5 1 |1 1 8 1 1 5 1 1 1 1 1 12 1 1 14 1 |1 1 7 1 1 8 4 7 7 1 1 1 1 1 1 2 |1 1 1 2 1 1 1 1 8 7 1 1 1 7 1 12 |1 9 1 1 1 3 7 1 1 1 1 1 8 1 1 8 |1 1 1 1 1 10 1 5 1 1 13 1 9 1 1 1 |1 4 1 1 8 1 1 1 1 1 1 11 1 1 1 1 |1 1 1 14 1 3 7 13 1 1 9 1 1 15 1 10 |1 1 1 1 12 8 12 13 5 1 1 1 1 1 7 2 |1 1 5 1 1 1 1 13 2 15 1 5 1 10 1 5 |1 1 1 1 1 3 1 13 7 4 1 1 1 1 1 1 |1 1 1 2 1 13 1 1 1 3 17 1 1 12 1 18 |
20331: 1 1 1 6 6 7 6 14 1 1 1 4 1 1 5 1 |1 1 8 1 1 5 1 1 1 1 1 12 1 1 14 1 |1 1 7 1 1 8 4 7 7 1 1 1 1 1 1 2 |1 1 1 2 1 1 1 1 8 7 1 1 1 7 1 12 |1 9 1 1 1 3 7 1 1 1 1 1 8 1 1 8 |1 1 1 1 1 10 1 5 1 1 13 1 9 1 1 1 |1 5 8 1 1 1 1 9 1 1 1 10 1 1 1 3 |1 1 1 13 1 1 1 14 1 1 16 1 1 15 1 1 |1 1 1 1 1 14 8 10 2 2 4 1 1 2 5 5 |2 1 1 1 1 1 1 11 1 14 1 1 1 6 1 6 |5 1 1 1 4 1 1 14 6 8 1 1 1 1 8 1 |1 1 1 1 1 1 1 11 1 1 10 1 1 13 1 18 |
20342: 1 1 1 6 6 7 6 14 1 1 1 4 1 1 5 1 |1 1 8 1 1 5 1 1 1 1 1 12 1 1 14 1 |1 1 7 1 1 8 4 7 7 1 1 1 1 1 1 2 |1 1 1 2 1 1 1 1 8 7 1 1 1 7 1 12 |1 9 1 1 1 3 7 1 1 1 1 1 8 1 1 8 |1 1 1 1 1 10 1 5 1 1 13 1 9 1 1 1 |1 5 8 1 1 1 1 9 1 1 1 10 1 1 1 3 |1 1 1 13 1 1 1 14 1 1 16 1 1 15 1 1 |1 1 1 1 1 14 8 10 2 2 4 1 1 2 5 5 |2 1 1 1 1 1 1 11 1 14 1 1 1 6 1 6 |5 1 1 1 4 1 1 14 6 8 1 1 1 1 8 1 |1 1 1 1 1 1 1 11 1 1 10 1 1 13 1 18 |
20353: 1 1 1 1 1 8 2 7 1 1 1 1 1 2 6 1 |1 1 8 1 1 10 1 1 1 1 4 11 1 1 14 1 |1 1 7 1 1 1 13 5 1 1 1 4 1 1 1 2 |1 1 1 1 1 6 1 1 1 7 1 1 11 7 1 9 |1 3 1 1 6 7 6 1 1 1 1 1 13 1 7 11 |1 1 2 1 5 17 1 1 1 1 12 1 9 1 2 1 |1 10 1 1 1 1 1 9 1 1 1 13 1 1 1 1 |5 1 7 14 1 1 3 14 1 1 16 1 1 12 1 1 |1 1 1 1 1 14 8 10 2 2 4 1 1 2 5 5 |2 1 1 1 1 1 1 11 1 14 1 1 1 6 1 6 |5 1 1 1 4 1 1 14 6 8 1 1 1 1 8 1 |1 1 1 1 1 1 1 11 1 1 10 1 1 13 1 18 |
20364: 1 1 1 1 1 8 2 7 1 1 1 1 1 2 6 1 |1 1 8 1 1 10 1 1 1 1 4 11 1 1 14 1 |1 1 7 1 1 1 13 5 1 1 1 4 1 1 1 2 |1 1 1 1 1 6 1 1 1 7 1 1 11 7 1 9 |1 3 1 1 6 7 6 1 1 1 1 1 13 1 7 11 |1 1 2 1 5 17 1 1 1 1 12 1 9 1 2 1 |1 10 1 1 1 1 1 9 1 1 1 13 1 1 1 1 |5 1 7 14 1 1 3 14 1 1 16 1 1 12 1 1 |1 1 1 1 1 13 1 11 2 9 8 1 1 1 7 2 |1 1 9 1 4 1 1 14 8 14 1 1 1 4 1 1 |1 1 3 1 1 1 1 2 1 1 1 2 1 1 8 1 |1 1 1 1 2 9 3 11 1 3 15 1 1 13 1 3 |
20374: 1 1 1 1 1 8 2 7 1 1 1 1 1 2 6 1 |1 1 8 1 1 10 1 1 1 1 4 11 1 1 14 1 |1 1 7 1 1 1 13 5 1 1 1 4 1 1 1 2 |1 1 1 1 1 6 1 1 1 7 1 1 11 7 1 9 |1 3 1 1 6 7 6 1 1 1 1 1 13 1 7 11 |1 1 2 1 5 17 1 1 1 1 12 1 9 1 2 1 |1 10 1 1 1 1 1 9 1 1 1 13 1 1 1 1 |5 1 7 14 1 1 3 14 1 1 16 1 1 12 1 1 |1 1 1 1 1 13 1 11 2 9 8 1 1 1 7 2 |1 1 9 1 4 1 1 14 8 14 1 1 1 4 1 1 |1 1 3 1 1 1 1 2 1 1 1 2 1 1 8 1 |1 1 1 1 2 9 3 11 1 3 15 1 1 13 1 3 |
20385: 1 1 1 6 6 3 16 6 1 3 1 1 1 1 4 1 |2 1 1 1 7 6 1 1 1 1 1 10 1 1 12 1 |1 1 8 1 1 1 5 7 7 1 7 6 1 1 1 2 |1 1 1 2 1 1 1 1 8 4 1 1 1 7 1 10 |1 1 1 4 1 9 9 1 1 1 1 1 11 1 7 1 |1 1 1 1 6 12 1 1 1 1 13 1 9 1 1 1 |1 10 1 1 1 1 1 9 1 1 1 13 1 1 1 1 |5 1 7 14 1 1 3 14 1 1 16 1 1 12 1 1 |1 1 1 1 1 13 1 11 2 9 8 1 1 1 7 2 |1 1 9 1 4 1 1 14 8 14 1 1 1 4 1 1 |1 1 3 1 1 1 1 2 1 1 1 2 1 1 8 1 |1 1 1 1 2 9 3 11 1 3 15 1 1 13 1 3 |
20396: 1 1 1 6 6 3 16 6 1 3 1 1 1 1 4 1 |2 1 1 1 7 6 1 1 1 1 1 10 1 1 12 1 |1 1 8 1 1 1 5 7 7 1 7 6 1 1 1 2 |1 1 1 2 1 1 1 1 8 4 1 1 1 7 1 10 |1 1 1 4 1 9 9 1 1 1 1 1 11 1 7 1 |1 1 1 1 6 12 1 1 1 1 13 1 9 1 1 1 |1 5 9 1 8 6 1 8 1 5 1 10 1 1 1 1 |6 1 1 12 1 1 9 11 1 1 15 1 1 2 1 1 |1 1 1 1 12 8 10 9 1 1 1 1 11 1 7 2 |1 1 7 1 1 1 1 14 2 14 1 5 1 10 1 5 |6 1 1 1 1 1 1 13 1 1 1 1 1 2 9 1 |1 4 1 1 1 14 1 8 1 2 9 1 1 12 1 1 |
20406: 1 1 1 6 6 3 16 6 1 3 1 1 1 1 4 1 |2 1 1 1 7 6 1 1 1 1 1 10 1 1 12 1 |1 1 8 1 1 1 5 7 7 1 7 6 1 1 1 2 |1 1 1 2 1 1 1 1 8 4 1 1 1 7 1 10 |1 1 1 4 1 9 9 1 1 1 1 1 11 1 7 1 |1 1 1 1 6 12 1 1 1 1 13 1 9 1 1 1 |1 5 9 1 8 6 1 8 1 5 1 10 1 1 1 1 |6 1 1 12 1 1 9 11 1 1 15 1 1 2 1 1 |1 1 1 1 12 8 10 9 1 1 1 1 11 1 7 2 |1 1 7 1 1 1 1 14 2 14 1 5 1 10 1 5 |6 1 1 1 1 1 1 13 1 1 1 1 1 2 9 1 |1 4 1 1 1 14 1 8 1 2 9 1 1 12 1 1 |
20417: 1 1 1 7 2 7 7 9 1 1 1 1 1 2 8 5 |1 1 7 1 5 1 1 1 1 1 1 1 1 2 12 1 |1 1 6 1 1 9 10 7 1 1 8 7 1 1 1 1 |1 1 1 2 1 1 1 1 8 4 1 1 1 7 1 10 |1 1 1 4 1 9 9 1 1 1 1 1 11 1 7 1 |1 1 1 1 6 12 1 1 1 1 13 1 9 1 1 1 |1 5 9 1 8 6 1 8 1 5 1 10 1 1 1 1 |6 1 1 12 1 1 9 11 1 1 15 1 1 2 1 1 |1 1 1 1 12 8 10 9 1 1 1 1 11 1 7 2 |1 1 7 1 1 1 1 14 2 14 1 5 1 10 1 5 |6 1 1 1 1 1 1 13 1 1 1 1 1 2 9 1 |1 4 1 1 1 14 1 8 1 2 9 1 1 12 1 1 |
20428: 1 1 1 7 2 7 7 9 1 1 1 1 1 2 8 5 |1 1 7 1 5 1 1 1 1 1 1 1 1 2 12 1 |1 1 6 1 1 9 10 7 1 1 8 7 1 1 1 1 |1 1 1 1 1 1 1 1 7 5 1 1 1 7 1 11 |1 1 1 1 1 12 10 1 1 1 1 1 11 1 9 7 |1 1 1 1 1 10 1 1 1 1 12 1 10 1 1 1 |1 3 8 1 7 1 1 8 1 4 1 10 1 1 1 1 |6 1 1 15 1 2 1 12 1 1 16 1 1 12 1 1 |1 1 1 1 2 15 7 10 6 4 1 1 1 1 1 1 |1 1 3 1 1 1 2 13 1 13 1 5 1 7 1 1 |1 1 1 8 1 1 1 14 5 5 9 4 1 1 9 1 |1 1 1 1 1 15 8 1 1 2 16 1 1 12 1 11 |
20438: 1 1 1 7 2 7 7 9 1 1 1 1 1 2 8 5 |1 1 7 1 5 1 1 1 1 1 1 1 1 2 12 1 |1 1 6 1 1 9 10 7 1 1 8 7 1 1 1 1 |1 1 1 1 1 1 1 1 7 5 1 1 1 7 1 11 |1 1 1 1 1 12 10 1 1 1 1 1 11 1 9 7 |1 1 1 1 1 10 1 1 1 1 12 1 10 1 1 1 |1 3 8 1 7 1 1 8 1 4 1 10 1 1 1 1 |6 1 1 15 1 2 1 12 1 1 16 1 1 12 1 1 |1 1 1 1 2 15 7 10 6 4 1 1 1 1 1 1 |1 1 3 1 1 1 2 13 1 13 1 5 1 7 1 1 |1 1 1 8 1 1 1 14 5 5 9 4 1 1 9 1 |1 1 1 1 1 15 8 1 1 2 16 1 1 12 1 11 |
20450: 1 1 1 1 9 6 7 12 1 1 1 5 1 1 6 1 |1 1 8 1 6 5 1 1 1 1 1 1 1 1 8 1 |1 1 7 1 1 1 12 7 7 1 2 8 1 1 1 1 |1 1 1 1 1 5 2 1 7 6 1 1 1 7 1 9 |1 1 1 1 1 9 8 1 1 1 1 1 11 1 1 5 |1 1 1 1 1 10 1 1 1 1 12 1 10 1 1 1 |1 3 8 1 7 1 1 8 1 4 1 10 1 1 1 1 |6 1 1 15 1 2 1 12 1 1 16 1 1 12 1 1 |1 1 1 1 2 15 7 10 6 4 1 1 1 1 1 1 |1 1 3 1 1 1 2 13 1 13 1 5 1 7 1 1 |1 1 1 8 1 1 1 14 5 5 9 4 1 1 9 1 |1 1 1 1 1 15 8 1 1 2 16 1 1 12 1 11 |
20461: 1 1 1 1 9 6 7 12 1 1 1 5 1 1 6 1 |1 1 8 1 6 5 1 1 1 1 1 1 1 1 8 1 |1 1 7 1 1 1 12 7 7 1 2 8 1 1 1 1 |1 1 1 1 1 5 2 1 7 6 1 1 1 7 1 9 |1 1 1 1 1 9 8 1 1 1 1 1 11 1 1 5 |1 1 1 1 4 19 1 3 1 1 13 1 10 1 1 1 |1 5 2 1 1 1 1 8 1 1 10 8 1 1 1 1 |11 1 1 13 1 3 4 1 1 1 13 1 1 12 4 10 |1 1 1 1 1 1 7 5 1 9 5 1 11 1 1 1 |1 1 1 1 5 1 1 15 2 7 1 7 1 8 1 1 |8 1 2 1 1 1 1 1 1 2 1 1 1 1 10 1 |1 1 1 1 1 2 2 10 1 5 16 1 1 14 1 3 |
20472: 1 1 1 1 9 6 7 12 1 1 1 5 1 1 6 1 |1 1 8 1 6 5 1 1 1 1 1 1 1 1 8 1 |1 1 7 1 1 1 12 7 7 1 2 8 1 1 1 1 |1 1 1 1 1 5 2 1 7 6 1 1 1 7 1 9 |1 1 1 1 1 9 8 1 1 1 1 1 11 1 1 5 |1 1 1 1 4 19 1 3 1 1 13 1 10 1 1 1 |1 5 2 1 1 1 1 8 1 1 10 8 1 1 1 1 |11 1 1 13 1 3 4 1 1 1 13 1 1 12 4 10 |1 1 1 1 1 1 7 5 1 9 5 1 11 1 1 1 |1 1 1 1 5 1 1 15 2 7 1 7 1 8 1 1 |8 1 2 1 1 1 1 1 1 2 1 1 1 1 10 1 |1 1 1 1 1 2 2 10 1 5 16 1 1 14 1 3 |
20483: 1 1 1 1 8 1 1 1 1 1 1 5 1 1 1 1 |1 1 2 1 7 4 1 1 1 1 1 13 6 1 10 1 |1 1 6 1 1 1 3 6 7 1 1 1 1 1 1 1 |1 1 1 3 1 1 1 1 1 6 1 1 1 7 1 11 |1 1 1 1 1 9 8 1 1 1 1 1 11 1 1 5 |1 1 1 1 4 19 1 3 1 1 13 1 10 1 1 1 |1 5 2 1 1 1 1 8 1 1 10 8 1 1 1 1 |11 1 1 13 1 3 4 1 1 1 13 1 1 12 4 10 |1 1 1 1 1 1 7 5 1 9 5 1 11 1 1 1 |1 1 1 1 5 1 1 15 2 7 1 7 1 8 1 1 |8 1 2 1 1 1 1 1 1 2 1 1 1 1 10 1 |1 1 1 1 1 2 2 10 1 5 16 1 1 14 1 3 |
20493: 1 1 1 1 8 1 1 1 1 1 1 5 1 1 1 1 |1 1 2 1 7 4 1 1 1 1 1 13 6 1 10 1 |1 1 6 1 1 1 3 6 7 1 1 1 1 1 1 1 |1 1 1 3 1 1 1 1 1 6 1 1 1 7 1 11 |1 1 1 1 1 8 9 1 1 1 1 1 11 1 14 7 |7 1 2 1 5 10 1 6 1 1 14 1 9 1 1 1 |1 4 1 1 1 1 1 1 1 1 1 10 1 1 1 1 |1 1 17 12 1 1 1 13 1 1 15 1 1 14 1 9 |1 1 1 1 3 14 1 10 1 10 3 1 12 1 1 1 |1 1 5 1 1 1 1 13 1 14 1 7 1 8 1 7 |1 1 1 1 1 1 1 13 5 7 12 3 1 1 1 1 |1 1 1 1 1 2 2 10 1 5 16 1 1 14 1 3 |
20504: 1 1 1 1 8 1 1 1 1 1 1 5 1 1 1 1 |1 1 2 1 7 4 1 1 1 1 1 13 6 1 10 1 |1 1 6 1 1 1 3 6 7 1 1 1 1 1 1 1 |1 1 1 3 1 1 1 1 1 6 1 1 1 7 1 11 |1 1 1 1 1 8 9 1 1 1 1 1 11 1 14 7 |7 1 2 1 5 10 1 6 1 1 14 1 9 1 1 1 |1 4 1 1 1 1 1 1 1 1 1 10 1 1 1 1 |1 1 17 12 1 1 1 13 1 1 15 1 1 14 1 9 |1 1 1 1 3 14 1 10 1 10 3 1 12 1 1 1 |1 1 5 1 1 1 1 13 1 14 1 7 1 8 1 7 |1 1 1 1 1 1 1 13 5 7 12 3 1 1 1 1 |1 1 1 1 1 14 11 5 1 1 3 1 1 1 1 1 |
20515: 1 1 1 11 7 7 3 13 1 1 1 1 1 2 2 1 |1 1 5 1 7 1 1 1 1 1 5 7 1 2 12 1 |1 1 6 1 1 1 3 6 7 1 1 1 1 1 1 1 |1 1 1 3 1 1 1 1 1 6 1 1 1 7 1 11 |1 1 1 1 1 8 9 1 1 1 1 1 11 1 14 7 |7 1 2 1 5 10 1 6 1 1 14 1 9 1 1 1 |1 4 1 1 1 1 1 1 1 1 1 10 1 1 1 1 |1 1 17 12 1 1 1 13 1 1 15 1 1 14 1 9 |1 1 1 1 3 14 1 10 1 10 3 1 12 1 1 1 |1 1 5 1 1 1 1 13 1 14 1 7 1 8 1 7 |1 1 1 1 1 1 1 13 5 7 12 3 1 1 1 1 |1 1 1 1 1 14 11 5 1 1 3 1 1 1 1 1 |
20526: 1 1 1 11 7 7 3 13 1 1 1 1 1 2 2 1 |1 1 5 1 7 1 1 1 1 1 5 7 1 2 12 1 |1 1 8 1 1 8 5 8 4 1 2 7 1 1 1 1 |1 1 1 1 1 1 1 1 7 5 1 1 1 7 1 11 |1 9 1 1 4 15 10 1 1 1 1 1 12 1 15 7 |1 1 1 1 3 10 1 5 1 1 10 1 10 1 1 1 |1 10 10 1 1 1 1 8 1 1 1 12 1 3 1 1 |1 1 1 1 1 1 7 7 1 1 15 1 1 15 1 1 |1 1 1 1 2 13 9 3 1 10 4 1 1 1 2 1 |1 1 5 1 1 1 1 13 1 14 1 7 1 8 1 7 |1 1 1 1 1 1 1 13 5 7 12 3 1 1 1 1 |1 1 1 1 1 14 11 5 1 1 3 1 1 1 1 1 |
20536: 1 1 1 11 7 7 3 13 1 1 1 1 1 2 2 1 |1 1 5 1 7 1 1 1 1 1 5 7 1 2 12 1 |1 1 8 1 1 8 5 8 4 1 2 7 1 1 1 1 |1 1 1 1 1 1 1 1 7 5 1 1 1 7 1 11 |1 9 1 1 4 15 10 1 1 1 1 1 12 1 15 7 |1 1 1 1 3 10 1 5 1 1 10 1 10 1 1 1 |1 10 10 1 1 1 1 8 1 1 1 12 1 3 1 1 |1 1 1 1 1 1 7 7 1 1 15 1 1 15 1 1 |1 1 1 1 2 13 9 3 1 10 4 1 1 1 2 1 |1 1 4 1 1 1 1 1 1 15 1 6 1 6 1 8 |7 1 1 1 1 1 1 14 1 1 1 1 1 1 6 1 |1 1 1 1 1 2 1 2 1 4 15 1 1 14 1 1 |
20548: 1 1 1 1 1 7 1 1 1 1 1 1 1 1 6 1 |1 1 8 1 5 1 1 1 1 1 1 12 1 3 12 1 |1 1 8 1 1 8 5 8 4 1 2 7 1 1 1 1 |1 1 1 1 1 1 1 1 7 5 1 1 1 7 1 11 |1 9 1 1 4 15 10 1 1 1 1 1 12 1 15 7 |1 1 1 1 3 10 1 5 1 1 10 1 10 1 1 1 |1 10 10 1 1 1 1 8 1 1 1 12 1 3 1 1 |1 1 1 1 1 1 7 7 1 1 15 1 1 15 1 1 |1 1 1 1 2 13 9 3 1 10 4 1 1 1 2 1 |1 1 4 1 1 1 1 1 1 15 1 6 1 6 1 8 |7 1 1 1 1 1 1 14 1 1 1 1 1 1 6 1 |1 1 1 1 1 2 1 2 1 4 15 1 1 14 1 1 |
20559: 1 1 1 1 1 7 1 1 1 1 1 1 1 1 6 1 |1 1 8 1 5 1 1 1 1 1 1 12 1 3 12 1 |1 1 9 1 1 1 12 7 5 1 2 6 1 1 1 1 |1 1 1 7 1 5 7 1 2 8 1 1 1 7 1 10 |1 1 1 1 1 7 8 1 1 1 1 1 10 1 14 6 |1 1 1 1 4 17 1 1 1 1 13 1 10 1 1 1 |1 10 1 1 1 1 1 7 1 1 1 11 1 1 2 1 |10 1 1 1 1 2 1 12 1 2 10 1 1 15 6 8 |1 1 1 1 1 1 9 5 1 9 9 1 1 1 1 1 |2 1 13 1 1 1 1 13 5 16 1 4 1 5 1 7 |7 1 1 1 1 1 1 14 1 1 1 1 1 1 6 1 |1 1 1 1 1 2 1 2 1 4 15 1 1 14 1 1 |
20570: 1 1 1 1 1 7 1 1 1 1 1 1 1 1 6 1 |1 1 8 1 5 1 1 1 1 1 1 12 1 3 12 1 |1 1 9 1 1 1 12 7 5 1 2 6 1 1 1 1 |1 1 1 7 1 5 7 1 2 8 1 1 1 7 1 10 |1 1 1 1 1 7 8 1 1 1 1 1 10 1 14 6 |1 1 1 1 4 17 1 1 1 1 13 1 10 1 1 1 |1 10 1 1 1 1 1 7 1 1 1 11 1 1 2 1 |10 1 1 1 1 2 1 12 1 2 10 1 1 15 6 8 |1 1 1 1 1 1 9 5 1 9 9 1 1 1 1 1 |2 1 13 1 1 1 1 13 5 16 1 4 1 5 1 7 |1 1 1 1 1 1 1 2 6 9 1 9 1 1 8 1 |1 5 1 1 1 3 5 1 1 6 15 1 1 13 1 1 |
20581: 1 1 1 6 5 1 1 1 1 1 1 1 1 2 8 1 |1 1 8 1 5 1 1 1 1 1 1 12 1 3 12 1 |1 1 9 1 1 1 12 7 5 1 2 6 1 1 1 1 |1 1 1 7 1 5 7 1 2 8 1 1 1 7 1 10 |1 1 1 1 1 7 8 1 1 1 1 1 10 1 14 6 |1 1 1 1 4 17 1 1 1 1 13 1 10 1 1 1 |1 10 1 1 1 1 1 7 1 1 1 11 1 1 2 1 |10 1 1 1 1 2 1 12 1 2 10 1 1 15 6 8 |1 1 1 1 1 1 9 5 1 9 9 1 1 1 1 1 |2 1 13 1 1 1 1 13 5 16 1 4 1 5 1 7 |1 1 1 1 1 1 1 2 6 9 1 9 1 1 8 1 |1 5 1 1 1 3 5 1 1 6 15 1 1 13 1 1 |
20593: 1 1 1 6 5 1 1 1 1 1 1 1 1 2 8 1 |1 1 2 1 5 1 1 1 1 1 1 9 1 1 7 1 |1 1 6 1 1 3 4 6 1 1 1 7 1 1 1 1 |1 1 1 3 1 2 1 1 6 7 1 1 1 6 1 9 |1 1 1 1 1 1 1 1 1 1 1 1 11 1 7 7 |1 1 2 1 6 11 1 5 1 1 13 1 10 1 1 1 |1 4 8 1 1 1 1 8 1 1 1 8 1 1 1 1 |1 1 14 7 1 3 3 14 1 1 16 1 1 11 1 1 |1 1 1 1 11 14 1 11 1 9 5 1 12 1 9 5 |3 1 6 1 5 2 1 14 8 14 1 4 1 6 1 5 |1 1 1 1 1 1 1 2 6 9 1 9 1 1 8 1 |1 5 1 1 1 3 5 1 1 6 15 1 1 13 1 1 |
20604: 1 1 1 6 5 1 1 1 1 1 1 1 1 2 8 1 |1 1 2 1 5 1 1 1 1 1 1 9 1 1 7 1 |1 1 6 1 1 3 4 6 1 1 1 7 1 1 1 1 |1 1 1 3 1 2 1 1 6 7 1 1 1 6 1 9 |1 1 1 1 1 1 1 1 1 1 1 1 11 1 7 7 |1 1 2 1 6 11 1 5 1 1 13 1 10 1 1 1 |1 4 8 1 1 1 1 8 1 1 1 8 1 1 1 1 |1 1 14 7 1 3 3 14 1 1 16 1 1 11 1 1 |1 1 1 1 11 14 1 11 1 9 5 1 12 1 9 5 |3 1 6 1 5 2 1 14 8 14 1 4 1 6 1 5 |1 1 1 1 1 1 1 13 6 9 10 1 1 1 9 1 |1 5 1 1 1 15 1 1 1 1 17 1 1 4 1 16 |
20614: 1 1 1 6 5 1 1 1 1 1 1 1 1 2 8 1 |1 1 2 1 5 1 1 1 1 1 1 9 1 1 7 1 |1 1 6 1 1 3 4 6 1 1 1 7 1 1 1 1 |1 1 1 3 1 2 1 1 6 7 1 1 1 6 1 9 |1 1 1 1 1 1 1 1 1 1 1 1 11 1 7 7 |1 1 2 1 6 11 1 5 1 1 13 1 10 1 1 1 |1 4 8 1 1 1 1 8 1 1 1 8 1 1 1 1 |1 1 14 7 1 3 3 14 1 1 16 1 1 11 1 1 |1 1 1 1 11 14 1 11 1 9 5 1 12 1 9 5 |3 1 6 1 5 2 1 14 8 14 1 4 1 6 1 5 |1 1 1 1 1 1 1 13 6 9 10 1 1 1 9 1 |1 5 1 1 1 15 1 1 1 1 17 1 1 4 1 16 |
20624: 1 1 1 6 8 5 6 15 1 4 1 5 1 1 7 1 |1 1 8 1 6 1 1 1 1 1 1 13 1 1 13 1 |1 1 1 1 1 4 12 8 5 1 1 7 1 1 1 1 |1 1 1 3 1 4 8 1 7 6 1 1 1 6 1 9 |1 1 1 1 1 2 1 1 1 1 1 1 12 1 13 13 |1 1 1 1 5 4 1 1 1 1 13 1 9 1 1 1 |1 5 2 1 1 1 1 10 1 1 1 11 1 3 1 1 |1 1 1 15 1 1 1 13 1 1 8 1 6 13 1 8 |1 1 1 1 12 16 10 10 2 1 1 1 11 1 6 4 |3 1 6 1 5 2 1 14 8 14 1 4 1 6 1 5 |1 1 1 1 1 1 1 13 6 9 10 1 1 1 9 1 |1 5 1 1 1 15 1 1 1 1 17 1 1 4 1 16 |
20635: 1 1 1 6 8 5 6 15 1 4 1 5 1 1 7 1 |1 1 8 1 6 1 1 1 1 1 1 13 1 1 13 1 |1 1 1 1 1 4 12 8 5 1 1 7 1 1 1 1 |1 1 1 3 1 4 8 1 7 6 1 1 1 6 1 9 |1 1 1 1 1 2 1 1 1 1 1 1 12 1 13 13 |1 1 1 1 5 4 1 1 1 1 13 1 9 1 1 1 |1 5 2 1 1 1 1 10 1 1 1 11 1 3 1 1 |1 1 1 15 1 1 1 13 1 1 8 1 6 13 1 8 |1 1 1 1 12 16 10 10 2 1 1 1 11 1 6 4 |2 1 4 1 1 1 1 2 1 1 1 7 1 6 1 2 |1 1 1 1 6 1 1 13 7 8 6 1 1 1 8 1 |1 1 1 8 1 17 8 1 1 5 15 1 1 13 1 7 |
20645: 1 1 1 6 8 5 6 15 1 4 1 5 1 1 7 1 |1 1 8 1 6 1 1 1 1 1 1 13 1 1 13 1 |1 1 1 1 1 4 12 8 5 1 1 7 1 1 1 1 |1 1 1 3 1 4 8 1 7 6 1 1 1 6 1 9 |1 1 1 1 1 2 1 1 1 1 1 1 12 1 13 13 |1 1 1 1 5 4 1 1 1 1 13 1 9 1 1 1 |1 5 2 1 1 1 1 10 1 1 1 11 1 3 1 1 |1 1 1 15 1 1 1 13 1 1 8 1 6 13 1 8 |1 1 1 1 12 16 10 10 2 1 1 1 11 1 6 4 |2 1 4 1 1 1 1 2 1 1 1 7 1 6 1 2 |1 1 1 1 6 1 1 13 7 8 6 1 1 1 8 1 |1 1 1 8 1 17 8 1 1 5 15 1 1 13 1 7 |
20655: 1 1 1 1 8 7 7 5 1 1 1 1 1 1 6 1 |1 1 7 1 1 10 1 1 1 1 1 10 1 1 13 1 |1 1 6 1 1 1 5 1 2 1 7 6 1 1 1 1 |1 1 1 1 1 5 8 1 9 6 1 1 1 7 1 8 |1 1 1 1 1 11 7 1 1 1 1 1 11 1 9 12 |1 1 2 1 1 18 1 1 1 1 12 1 10 1 1 1 |1 9 7 1 1 1 1 7 1 6 1 13 1 5 1 1 |1 1 1 15 1 1 1 13 1 1 8 1 6 13 1 8 |1 1 1 1 12 16 10 10 2 1 1 1 11 1 6 4 |2 1 4 1 1 1 1 2 1 1 1 7 1 6 1 2 |1 1 1 1 6 1 1 13 7 8 6 1 1 1 8 1 |1 1 1 8 1 17 8 1 1 5 15 1 1 13 1 7 |
20665: 1 1 1 1 8 7 7 5 1 1 1 1 1 1 6 1 |1 1 7 1 1 10 1 1 1 1 1 10 1 1 13 1 |1 1 6 1 1 1 5 1 2 1 7 6 1 1 1 1 |1 1 1 1 1 5 8 1 9 6 1 1 1 7 1 8 |1 1 1 1 1 11 7 1 1 1 1 1 11 1 9 12 |1 1 2 1 1 18 1 1 1 1 12 1 10 1 1 1 |1 9 7 1 1 1 1 7 1 6 1 13 1 5 1 1 |6 1 1 14 1 3 2 19 1 1 8 1 1 14 1 9 |1 1 1 1 1 6 11 6 1 9 9 1 12 1 7 5 |1 1 1 1 3 1 1 12 1 8 1 5 1 5 1 6 |1 1 3 1 1 1 1 4 1 2 1 2 1 1 8 1 |1 1 1 1 1 3 1 10 1 5 14 1 1 1 1 11 |
20676: 1 1 1 1 8 7 7 5 1 1 1 1 1 1 6 1 |1 1 7 1 1 10 1 1 1 1 1 10 1 1 13 1 |1 1 6 1 1 1 5 1 2 1 7 6 1 1 1 1 |1 1 1 1 1 5 8 1 9 6 1 1 1 7 1 8 |1 1 1 1 1 11 7 1 1 1 1 1 11 1 9 12 |1 1 2 1 1 18 1 1 1 1 12 1 10 1 1 1 |1 9 7 1 1 1 1 7 1 6 1 13 1 5 1 1 |6 1 1 14 1 3 2 19 1 1 8 1 1 14 1 9 |1 1 1 1 1 6 11 6 1 9 9 1 12 1 7 5 |1 1 1 1 3 1 1 12 1 8 1 5 1 5 1 6 |1 1 3 1 1 1 1 4 1 2 1 2 1 1 8 1 |1 1 1 1 1 3 1 10 1 5 14 1 1 1 1 11 |
20687: 1 1 1 2 6 1 1 1 1 1 1 1 1 1 5 1 |1 1 7 1 3 10 1 1 1 1 1 9 1 2 11 1 |1 1 7 1 1 6 11 6 1 1 1 6 1 1 1 1 |1 1 1 1 1 5 8 1 9 6 1 1 1 7 1 8 |1 1 1 1 1 11 7 1 1 1 1 1 11 1 9 12 |1 1 2 1 1 18 1 1 1 1 12 1 10 1 1 1 |1 9 7 1 1 1 1 7 1 6 1 13 1 5 1 1 |6 1 1 14 1 3 2 19 1 1 8 1 1 14 1 9 |1 1 1 1 1 6 11 6 1 9 9 1 12 1 7 5 |1 1 1 1 3 1 1 12 1 8 1 5 1 5 1 6 |1 1 3 1 1 1 1 4 1 2 1 2 1 1 8 1 |1 1 1 1 1 3 1 10 1 5 14 1 1 1 1 11 |
20697: 1 1 1 2 6 1 1 1 1 1 1 1 1 1 5 1 |1 1 7 1 3 10 1 1 1 1 1 9 1 2 11 1 |1 1 7 1 1 6 11 6 1 1 1 6 1 1 1 1 |1 1 1 1 1 1 1 1 1 8 1 1 1 6 1 9 |1 1 1 1 1 9 10 1 1 1 1 1 10 1 14 1 |1 1 1 1 4 12 1 1 1 1 14 1 9 1 1 1 |1 10 7 1 7 1 1 1 1 5 1 11 1 1 1 1 |1 1 4 15 1 1 1 2 1 1 14 1 1 15 1 9 |1 1 1 1 12 9 6 11 2 10 4 1 1 1 1 11 |1 1 1 1 1 3 6 12 8 7 1 5 1 9 1 7 |1 1 1 1 1 1 1 14 5 9 11 5 1 1 6 1 |1 6 1 1 1 14 2 3 1 1 8 3 1 12 1 3 |
20707: 1 1 1 2 6 1 1 1 1 1 1 1 1 1 5 1 |1 1 7 1 3 10 1 1 1 1 1 9 1 2 11 1 |1 1 7 1 1 6 11 6 1 1 1 6 1 1 1 1 |1 1 1 1 1 1 1 1 1 8 1 1 1 6 1 9 |1 1 1 1 1 9 10 1 1 1 1 1 10 1 14 1 |1 1 1 1 4 12 1 1 1 1 14 1 9 1 1 1 |1 10 7 1 7 1 1 1 1 5 1 11 1 1 1 1 |1 1 4 15 1 1 1 2 1 1 14 1 1 15 1 9 |1 1 1 1 12 9 6 11 2 10 4 1 1 1 1 11 |1 1 1 1 1 3 6 12 8 7 1 5 1 9 1 7 |1 1 1 1 1 1 1 14 5 9 11 5 1 1 6 1 |1 6 1 1 1 14 2 3 1 1 8 3 1 12 1 3 |
20717: 1 1 1 7 1 7 8 7 1 1 1 1 1 1 1 1 |1 1 7 1 3 10 1 1 1 1 1 9 1 2 11 1 |1 1 7 1 1 6 11 6 1 1 1 6 1 1 1 1 |1 1 1 1 1 1 1 1 1 8 1 1 1 6 1 9 |1 1 1 1 1 9 10 1 1 1 1 1 10 1 14 1 |1 1 1 1 4 12 1 1 1 1 14 1 9 1 1 1 |1 10 7 1 7 1 1 1 1 5 1 11 1 1 1 1 |1 1 4 15 1 1 1 2 1 1 14 1 1 15 1 9 |1 1 1 1 12 9 6 11 2 10 4 1 1 1 1 11 |1 1 1 1 1 3 6 12 8 7 1 5 1 9 1 7 |1 1 1 1 1 1 1 14 5 9 11 5 1 1 6 1 |1 6 1 1 1 14 2 3 1 1 8 3 1 12 1 3 |
20727: 1 1 1 7 1 7 8 7 1 1 1 1 1 1 1 1 |1 1 7 1 6 1 1 1 1 1 1 11 5 1 13 1 |1 1 3 1 1 8 14 7 6 1 2 6 1 1 1 2 |1 1 1 3 1 5 7 1 5 9 1 1 1 8 1 11 |1 8 1 1 6 10 11 1 1 1 1 1 13 1 14 12 |1 1 1 1 5 12 1 4 1 1 14 1 10 1 1 1 |1 4 8 1 7 1 1 5 1 1 1 12 1 1 1 1 |1 1 3 1 1 1 1 13 1 1 3 1 1 2 1 1 |1 1 4 1 11 15 8 5 1 1 1 1 1 1 6 4 |1 1 5 1 1 1 1 4 1 14 1 7 1 7 1 7 |1 1 2 1 6 1 1 13 6 3 1 2 1 1 8 1 |1 6 1 1 1 14 2 3 1 1 8 3 1 12 1 3 |
20738: 1 1 1 7 1 7 8 7 1 1 1 1 1 1 1 1 |1 1 7 1 6 1 1 1 1 1 1 11 5 1 13 1 |1 1 3 1 1 8 14 7 6 1 2 6 1 1 1 2 |1 1 1 3 1 5 7 1 5 9 1 1 1 8 1 11 |1 8 1 1 6 10 11 1 1 1 1 1 13 1 14 12 |1 1 1 1 5 12 1 4 1 1 14 1 10 1 1 1 |1 4 8 1 7 1 1 5 1 1 1 12 1 1 1 1 |1 1 3 1 1 1 1 13 1 1 3 1 1 2 1 1 |1 1 4 1 11 15 8 5 1 1 1 1 1 1 6 4 |1 1 5 1 1 1 1 4 1 14 1 7 1 7 1 7 |1 1 2 1 6 1 1 13 6 3 1 2 1 1 8 1 |2 1 1 9 1 13 8 1 1 6 16 1 1 11 1 1 |
20748: 1 1 1 7 1 7 8 7 1 1 1 1 1 1 1 1 |1 1 7 1 6 1 1 1 1 1 1 11 5 1 13 1 |1 1 3 1 1 8 14 7 6 1 2 6 1 1 1 2 |1 1 1 3 1 5 7 1 5 9 1 1 1 8 1 11 |1 8 1 1 6 10 11 1 1 1 1 1 13 1 14 12 |1 1 1 1 5 12 1 4 1 1 14 1 10 1 1 1 |1 4 8 1 7 1 1 5 1 1 1 12 1 1 1 1 |1 1 3 1 1 1 1 13 1 1 3 1 1 2 1 1 |1 1 4 1 11 15 8 5 1 1 1 1 1 1 6 4 |1 1 5 1 1 1 1 4 1 14 1 7 1 7 1 7 |1 1 2 1 6 1 1 13 6 3 1 2 1 1 8 1 |2 1 1 9 1 13 8 1 1 6 16 1 1 11 1 1 |
20758: 1 1 1 8 9 4 1 1 1 2 1 1 1 1 1 1 |1 1 6 1 6 8 1 1 1 1 1 9 1 1 13 1 |1 1 1 1 1 1 11 8 5 1 8 8 1 1 1 1 |1 1 1 1 1 4 3 1 7 8 1 1 1 6 1 9 |1 1 1 1 1 9 11 1 1 1 1 1 12 1 12 5 |1 1 1 1 1 5 1 1 1 1 13 1 10 1 2 1 |1 4 4 1 1 1 1 6 1 1 1 10 1 1 1 1 |1 1 6 1 1 2 2 8 1 1 16 1 1 15 1 1 |1 1 1 1 1 14 4 1 2 10 9 1 1 1 1 1 |1 1 5 1 1 1 1 4 1 14 1 7 1 7 1 7 |1 1 2 1 6 1 1 13 6 3 1 2 1 1 8 1 |2 1 1 9 1 13 8 1 1 6 16 1 1 11 1 1 |
20769: 1 1 1 8 9 4 1 1 1 2 1 1 1 1 1 1 |1 1 6 1 6 8 1 1 1 1 1 9 1 1 13 1 |1 1 1 1 1 1 11 8 5 1 8 8 1 1 1 1 |1 1 1 1 1 4 3 1 7 8 1 1 1 6 1 9 |1 1 1 1 1 9 11 1 1 1 1 1 12 1 12 5 |1 1 1 1 1 5 1 1 1 1 13 1 10 1 2 1 |1 4 4 1 1 1 1 6 1 1 1 10 1 1 1 1 |1 1 6 1 1 2 2 8 1 1 16 1 1 15 1 1 |1 1 1 1 1 14 4 1 2 10 9 1 1 1 1 1 |1 1 1 1 1 1 5 11 3 1 1 6 1 7 1 6 |1 1 1 1 1 1 1 10 1 1 1 1 1 1 3 1 |1 1 1 1 1 2 12 8 1 4 8 1 1 14 1 1 |
20780: 1 1 1 8 9 4 1 1 1 2 1 1 1 1 1 1 |1 1 6 1 6 8 1 1 1 1 1 9 1 1 13 1 |1 1 1 1 1 1 11 8 5 1 8 8 1 1 1 1 |1 1 1 1 1 4 3 1 7 8 1 1 1 6 1 9 |1 1 1 1 1 9 11 1 1 1 1 1 12 1 12 5 |1 1 1 1 1 5 1 1 1 1 13 1 10 1 2 1 |1 4 4 1 1 1 1 6 1 1 1 10 1 1 1 1 |1 1 6 1 1 2 2 8 1 1 16 1 1 15 1 1 |1 1 1 1 1 14 4 1 2 10 9 1 1 1 1 1 |1 1 1 1 1 1 5 11 3 1 1 6 1 7 1 6 |1 1 1 1 1 1 1 10 1 1 1 1 1 1 3 1 |1 1 1 1 1 2 12 8 1 4 8 1 1 14 1 1 |
20791: 3 1 1 7 7 1 1 14 1 1 1 1 1 1 1 1 |1 1 8 1 4 5 1 1 1 1 1 12 5 2 12 1 |1 1 7 1 1 3 11 7 7 1 1 1 1 1 1 2 |1 1 1 1 1 1 1 1 9 1 1 1 1 4 1 10 |1 1 1 1 1 7 10 1 1 1 1 1 13 1 13 6 |1 1 1 1 6 11 1 5 1 1 15 1 1 1 1 1 |1 5 1 1 1 1 1 7 1 5 1 10 1 1 1 2 |1 1 6 1 1 2 2 8 1 1 16 1 1 15 1 1 |1 1 1 1 1 14 4 1 2 10 9 1 1 1 1 1 |1 1 1 1 1 1 5 11 3 1 1 6 1 7 1 6 |1 1 1 1 1 1 1 10 1 1 1 1 1 1 3 1 |1 1 1 1 1 2 12 8 1 4 8 1 1 14 1 1 |
20802: 3 1 1 7 7 1 1 14 1 1 1 1 1 1 1 1 |1 1 8 1 4 5 1 1 1 1 1 12 5 2 12 1 |1 1 7 1 1 3 11 7 7 1 1 1 1 1 1 2 |1 1 1 1 1 1 1 1 9 1 1 1 1 4 1 10 |1 1 1 1 1 7 10 1 1 1 1 1 13 1 13 6 |1 1 1 1 6 11 1 5 1 1 15 1 1 1 1 1 |1 5 1 1 1 1 1 7 1 5 1 10 1 1 1 2 |7 1 14 7 1 1 7 10 1 1 14 1 1 3 1 1 |1 1 1 1 10 15 1 8 1 9 6 1 1 1 1 1 |1 1 1 1 1 1 1 12 7 7 1 3 1 10 1 7 |1 1 1 1 1 1 1 14 4 9 10 7 1 1 8 1 |1 1 1 1 1 15 13 2 1 1 7 1 1 2 1 2 |
20813: 3 1 1 7 7 1 1 14 1 1 1 1 1 1 1 1 |1 1 8 1 4 5 1 1 1 1 1 12 5 2 12 1 |1 1 7 1 1 3 11 7 7 1 1 1 1 1 1 2 |1 1 1 1 1 1 1 1 9 1 1 1 1 4 1 10 |1 1 1 1 1 7 10 1 1 1 1 1 13 1 13 6 |1 1 1 1 6 11 1 5 1 1 15 1 1 1 1 1 |1 5 1 1 1 1 1 7 1 5 1 10 1 1 1 2 |7 1 14 7 1 1 7 10 1 1 14 1 1 3 1 1 |1 1 1 1 10 15 1 8 1 9 6 1 1 1 1 1 |1 1 1 1 1 1 1 12 7 7 1 3 1 10 1 7 |1 1 1 1 1 1 1 14 4 9 10 7 1 1 8 1 |1 1 1 1 1 15 13 2 1 1 7 1 1 2 1 2 |
20824: 1 1 1 7 6 7 8 12 1 2 1 1 1 2 2 2 |1 1 6 1 7 1 1 1 1 1 1 11 1 1 14 1 |1 1 1 1 3 10 13 6 5 1 9 1 1 1 1 1 |1 1 1 4 1 1 8 1 7 8 1 1 1 5 1 10 |1 1 1 1 1 3 11 1 1 1 1 1 11 1 13 12 |1 1 1 1 4 10 1 4 1 1 13 1 9 1 1 1 |1 4 8 1 7 1 1 3 1 1 1 11 1 1 1 1 |1 1 4 14 1 1 8 14 1 1 14 1 1 12 1 1 |1 1 1 1 10 15 1 8 1 9 6 1 1 1 1 1 |1 1 1 1 1 1 1 12 7 7 1 3 1 10 1 7 |1 1 1 1 1 1 1 14 4 9 10 7 1 1 8 1 |1 1 1 1 1 15 13 2 1 1 7 1 1 2 1 2 |
20835: 1 1 1 7 6 7 8 12 1 2 1 1 1 2 2 2 |1 1 6 1 7 1 1 1 1 1 1 11 1 1 14 1 |1 1 1 1 3 10 13 6 5 1 9 1 1 1 1 1 |1 1 1 4 1 1 8 1 7 8 1 1 1 5 1 10 |1 1 1 1 1 3 11 1 1 1 1 1 11 1 13 12 |1 1 1 1 4 10 1 4 1 1 13 1 9 1 1 1 |1 4 8 1 7 1 1 3 1 1 1 11 1 1 1 1 |1 1 4 14 1 1 8 14 1 1 14 1 1 12 1 1 |1 1 1 1 12 8 10 5 1 10 5 1 10 1 1 1 |2 1 4 1 2 1 1 2 1 13 1 4 1 1 1 6 |7 1 1 1 1 1 1 13 1 1 10 2 1 1 8 1 |1 1 1 1 1 1 12 8 1 3 16 1 1 13 1 1 |
20847: 1 1 1 7 6 7 8 12 1 2 1 1 1 2 2 2 |1 1 6 1 7 1 1 1 1 1 1 11 1 1 14 1 |1 1 1 1 3 10 13 6 5 1 9 1 1 1 1 1 |1 1 1 4 1 1 8 1 7 8 1 1 1 5 1 10 |1 1 1 1 1 3 11 1 1 1 1 1 11 1 13 12 |1 1 1 1 4 10 1 4 1 1 13 1 9 1 1 1 |1 4 8 1 7 1 1 3 1 1 1 11 1 1 1 1 |1 1 4 14 1 1 8 14 1 1 14 1 1 12 1 1 |1 1 1 1 12 8 10 5 1 10 5 1 10 1 1 1 |2 1 4 1 2 1 1 2 1 13 1 4 1 1 1 6 |7 1 1 1 1 1 1 13 1 1 10 2 1 1 8 1 |1 1 1 1 1 1 12 8 1 3 16 1 1 13 1 1 |
20859: 1 1 1 1 9 9 5 13 1 1 1 7 1 1 4 1 |1 1 5 1 6 5 1 1 1 1 1 12 1 1 1 1 |1 1 9 1 1 2 12 7 6 1 2 1 1 1 1 2 |1 1 1 1 1 6 2 1 8 5 1 1 1 7 1 11 |1 1 1 1 6 6 8 1 1 1 1 1 11 1 9 1 |1 1 1 1 2 18 1 5 1 1 13 1 11 1 1 1 |1 5 3 1 7 1 1 8 1 1 1 11 1 1 1 1 |5 1 8 7 1 1 1 9 1 1 16 1 4 14 1 1 |1 1 1 1 12 8 10 5 1 10 5 1 10 1 1 1 |2 1 4 1 2 1 1 2 1 13 1 4 1 1 1 6 |7 1 1 1 1 1 1 13 1 1 10 2 1 1 8 1 |1 1 1 1 1 1 12 8 1 3 16 1 1 13 1 1 |
20869: 1 1 1 1 9 9 5 13 1 1 1 7 1 1 4 1 |1 1 5 1 6 5 1 1 1 1 1 12 1 1 1 1 |1 1 9 1 1 2 12 7 6 1 2 1 1 1 1 2 |1 1 1 1 1 6 2 1 8 5 1 1 1 7 1 11 |1 1 1 1 6 6 8 1 1 1 1 1 11 1 9 1 |1 1 1 1 2 18 1 5 1 1 13 1 11 1 1 1 |1 5 3 1 7 1 1 8 1 1 1 11 1 1 1 1 |5 1 8 7 1 1 1 9 1 1 16 1 4 14 1 1 |1 1 1 1 1 14 9 5 1 9 6 1 10 1 1 1 |2 1 5 1 1 1 1 14 8 8 1 3 1 9 1 7 |9 1 2 5 1 1 1 13 1 2 9 8 1 1 9 1 |1 1 1 1 1 2 13 6 1 4 12 1 1 13 2 4 |
20880: 1 1 1 1 9 9 5 13 1 1 1 7 1 1 4 1 |1 1 5 1 6 5 1 1 1 1 1 12 1 1 1 1 |1 1 9 1 1 2 12 7 6 1 2 1 1 1 1 2 |1 1 1 1 1 6 2 1 8 5 1 1 1 7 1 11 |1 1 1 1 6 6 8 1 1 1 1 1 11 1 9 1 |1 1 1 1 2 18 1 5 1 1 13 1 11 1 1 1 |1 5 3 1 7 1 1 8 1 1 1 11 1 1 1 1 |5 1 8 7 1 1 1 9 1 1 16 1 4 14 1 1 |1 1 1 1 1 14 9 5 1 9 6 1 10 1 1 1 |2 1 5 1 1 1 1 14 8 8 1 3 1 9 1 7 |9 1 2 5 1 1 1 13 1 2 9 8 1 1 9 1 |1 1 1 1 1 2 13 6 1 4 12 1 1 13 2 4 |
20912: 1 1 1 8 2 9 8 7 1 5 1 4 1 2 7 1 |1 1 5 1 6 5 1 1 1 1 1 12 1 1 1 1 |1 1 9 1 1 2 12 7 6 1 2 1 1 1 1 2 |1 1 1 1 1 6 2 1 8 5 1 1 1 7 1 11 |1 1 1 1 6 6 8 1 1 1 1 1 11 1 9 1 |1 1 1 1 2 18 1 5 1 1 13 1 11 1 1 1 |1 5 3 1 7 1 1 8 1 1 1 11 1 1 1 1 |5 1 8 7 1 1 1 9 1 1 16 1 4 14 1 1 |1 1 1 1 1 14 9 5 1 9 6 1 10 1 1 1 |2 1 5 1 1 1 1 14 8 8 1 3 1 9 1 7 |9 1 2 5 1 1 1 13 1 2 9 8 1 1 9 1 |1 1 1 1 1 2 13 6 1 4 12 1 1 13 2 4 |
20923: 1 1 1 8 2 9 8 7 1 5 1 4 1 2 7 1 |3 1 10 1 7 11 1 1 1 1 1 10 7 2 14 1 |1 1 9 1 6 9 12 2 1 1 1 1 1 1 1 1 |1 1 1 3 1 1 8 1 2 8 1 1 11 6 1 1 |1 1 1 1 1 9 9 1 1 1 1 1 1 1 12 5 |1 1 1 1 6 10 1 1 1 1 12 1 1 1 1 1 |1 11 7 1 1 1 1 3 1 1 1 10 1 1 1 1 |1 1 13 1 1 5 1 2 1 1 9 1 1 12 1 10 |1 1 1 1 1 14 9 5 1 9 6 1 10 1 1 1 |2 1 5 1 1 1 1 14 8 8 1 3 1 9 1 7 |9 1 2 5 1 1 1 13 1 2 9 8 1 1 9 1 |1 1 1 1 1 2 13 6 1 4 12 1 1 13 2 4 |
20934: 1 1 1 8 2 9 8 7 1 5 1 4 1 2 7 1 |3 1 10 1 7 11 1 1 1 1 1 10 7 2 14 1 |1 1 9 1 6 9 12 2 1 1 1 1 1 1 1 1 |1 1 1 3 1 1 8 1 2 8 1 1 11 6 1 1 |1 1 1 1 1 9 9 1 1 1 1 1 1 1 12 5 |1 1 1 1 6 10 1 1 1 1 12 1 1 1 1 1 |1 11 7 1 1 1 1 3 1 1 1 10 1 1 1 1 |1 1 13 1 1 5 1 2 1 1 9 1 1 12 1 10 |1 1 1 1 11 13 10 4 1 7 9 1 1 2 6 8 |1 1 5 1 1 1 6 13 4 12 1 1 1 8 1 5 |6 1 1 1 1 1 1 14 1 1 1 3 1 1 8 1 |1 6 1 8 1 1 4 1 1 5 14 1 1 1 1 4 |
20944: 1 1 1 8 2 9 8 7 1 5 1 4 1 2 7 1 |3 1 10 1 7 11 1 1 1 1 1 10 7 2 14 1 |1 1 9 1 6 9 12 2 1 1 1 1 1 1 1 1 |1 1 1 3 1 1 8 1 2 8 1 1 11 6 1 1 |1 1 1 1 1 9 9 1 1 1 1 1 1 1 12 5 |1 1 1 1 6 10 1 1 1 1 12 1 1 1 1 1 |1 11 7 1 1 1 1 3 1 1 1 10 1 1 1 1 |1 1 13 1 1 5 1 2 1 1 9 1 1 12 1 10 |1 1 1 1 11 13 10 4 1 7 9 1 1 2 6 8 |1 1 5 1 1 1 6 13 4 12 1 1 1 8 1 5 |6 1 1 1 1 1 1 14 1 1 1 3 1 1 8 1 |1 6 1 8 1 1 4 1 1 5 14 1 1 1 1 4 |
20955: 1 1 1 7 1 8 7 14 1 1 1 4 1 1 6 4 |1 1 8 1 1 2 1 1 1 1 1 11 1 1 11 1 |1 1 5 1 1 1 4 6 3 1 8 7 1 1 1 1 |1 1 1 3 1 6 1 6 8 7 1 1 1 5 1 12 |1 1 1 1 1 7 8 1 1 1 1 1 11 1 13 7 |1 1 7 1 4 1 1 1 1 1 13 1 10 1 2 1 |1 5 8 1 1 1 1 4 1 1 1 10 1 1 1 2 |1 1 1 1 1 1 1 14 1 1 9 1 1 14 1 10 |1 1 1 1 11 13 10 4 1 7 9 1 1 2 6 8 |1 1 5 1 1 1 6 13 4 12 1 1 1 8 1 5 |6 1 1 1 1 1 1 14 1 1 1 3 1 1 8 1 |1 6 1 8 1 1 4 1 1 5 14 1 1 1 1 4 |
20966: 1 1 1 7 1 8 7 14 1 1 1 4 1 1 6 4 |1 1 8 1 1 2 1 1 1 1 1 11 1 1 11 1 |1 1 5 1 1 1 4 6 3 1 8 7 1 1 1 1 |1 1 1 3 1 6 1 6 8 7 1 1 1 5 1 12 |1 1 1 1 1 7 8 1 1 1 1 1 11 1 13 7 |1 1 7 1 4 1 1 1 1 1 13 1 10 1 2 1 |1 5 8 1 1 1 1 4 1 1 1 10 1 1 1 2 |1 1 1 1 1 1 1 14 1 1 9 1 1 14 1 10 |1 1 1 1 1 15 7 10 2 1 1 1 1 1 2 1 |1 1 4 1 2 3 3 1 2 14 1 6 1 10 1 1 |1 1 1 1 1 1 1 15 5 8 1 1 1 1 1 1 |1 1 1 1 1 16 7 12 1 3 19 1 1 12 1 19 |
20977: 1 1 1 7 1 8 7 14 1 1 1 4 1 1 6 4 |1 1 8 1 1 2 1 1 1 1 1 11 1 1 11 1 |1 1 5 1 1 1 4 6 3 1 8 7 1 1 1 1 |1 1 1 3 1 6 1 6 8 7 1 1 1 5 1 12 |1 1 1 1 1 7 8 1 1 1 1 1 11 1 13 7 |1 1 7 1 4 1 1 1 1 1 13 1 10 1 2 1 |1 5 8 1 1 1 1 4 1 1 1 10 1 1 1 2 |1 1 1 1 1 1 1 14 1 1 9 1 1 14 1 10 |1 1 1 1 1 15 7 10 2 1 1 1 1 1 2 1 |1 1 4 1 2 3 3 1 2 14 1 6 1 10 1 1 |1 1 1 1 1 1 1 15 5 8 1 1 1 1 1 1 |1 1 1 1 1 16 7 12 1 3 19 1 1 12 1 19 |
20987: 1 1 1 1 1 1 1 12 1 1 1 1 1 1 7 1 |8 1 8 1 6 5 1 1 1 1 1 1 1 1 14 1 |1 1 8 1 1 2 14 8 6 1 6 5 1 1 1 1 |1 1 1 4 1 5 8 1 7 7 1 6 1 7 1 9 |1 9 1 1 6 6 1 1 1 1 1 1 11 1 12 12 |1 1 1 1 2 11 1 5 1 1 14 1 7 1 1 1 |1 1 1 1 1 1 1 9 1 1 1 12 1 1 1 1 |1 1 1 1 1 1 1 14 1 1 9 1 1 14 1 10 |1 1 1 1 1 15 7 10 2 1 1 1 1 1 2 1 |1 1 4 1 2 3 3 1 2 14 1 6 1 10 1 1 |1 1 1 1 1 1 1 15 5 8 1 1 1 1 1 1 |1 1 1 1 1 16 7 12 1 3 19 1 1 12 1 19 |
20998: 1 1 1 1 1 1 1 12 1 1 1 1 1 1 7 1 |8 1 8 1 6 5 1 1 1 1 1 1 1 1 14 1 |1 1 8 1 1 2 14 8 6 1 6 5 1 1 1 1 |1 1 1 4 1 5 8 1 7 7 1 6 1 7 1 9 |1 9 1 1 6 6 1 1 1 1 1 1 11 1 12 12 |1 1 1 1 2 11 1 5 1 1 14 1 7 1 1 1 |1 1 1 1 1 1 1 9 1 1 1 12 1 1 1 1 |1 1 1 14 1 1 1 16 1 1 2 1 1 13 1 1 |1 1 1 1 10 15 9 4 1 1 8 6 1 1 1 1 |1 1 6 1 2 1 1 13 3 6 1 6 1 6 1 1 |5 1 4 1 1 1 4 12 1 2 10 5 1 2 1 1 |1 5 1 1 1 16 7 12 1 4 10 1 1 13 1 1 |
21009: 1 1 1 1 1 1 1 12 1 1 1 1 1 1 7 1 |8 1 8 1 6 5 1 1 1 1 1 1 1 1 14 1 |1 1 8 1 1 2 14 8 6 1 6 5 1 1 1 1 |1 1 1 4 1 5 8 1 7 7 1 6 1 7 1 9 |1 9 1 1 6 6 1 1 1 1 1 1 11 1 12 12 |1 1 1 1 2 11 1 5 1 1 14 1 7 1 1 1 |1 1 1 1 1 1 1 9 1 1 1 12 1 1 1 1 |1 1 1 14 1 1 1 16 1 1 2 1 1 13 1 1 |1 1 1 1 10 15 9 4 1 1 8 6 1 1 1 1 |1 1 6 1 2 1 1 13 3 6 1 6 1 6 1 1 |5 1 4 1 1 1 4 12 1 2 10 5 1 2 1 1 |1 5 1 1 1 16 7 12 1 4 10 1 1 13 1 1 |
21019: 1 1 1 6 1 1 1 1 1 1 1 1 1 3 6 1 |1 1 1 1 6 1 1 1 1 1 1 10 1 1 11 1 |1 1 3 1 1 9 1 1 6 1 1 7 1 1 1 1 |1 1 1 3 1 6 2 1 7 8 1 1 1 6 1 10 |1 1 2 1 1 6 1 1 1 1 1 1 12 1 8 2 |1 1 1 1 2 11 1 5 1 1 14 1 7 1 1 1 |1 1 1 1 1 1 1 9 1 1 1 12 1 1 1 1 |1 1 1 14 1 1 1 16 1 1 2 1 1 13 1 1 |1 1 1 1 10 15 9 4 1 1 8 6 1 1 1 1 |1 1 6 1 2 1 1 13 3 6 1 6 1 6 1 1 |5 1 4 1 1 1 4 12 1 2 10 5 1 2 1 1 |1 5 1 1 1 16 7 12 1 4 10 1 1 13 1 1 |
21030: 1 1 1 6 1 1 1 1 1 1 1 1 1 3 6 1 |1 1 1 1 6 1 1 1 1 1 1 10 1 1 11 1 |1 1 3 1 1 9 1 1 6 1 1 7 1 1 1 1 |1 1 1 3 1 6 2 1 7 8 1 1 1 6 1 10 |1 1 2 1 1 6 1 1 1 1 1 1 12 1 8 2 |1 1 1 1 6 10 1 6 1 1 4 1 9 1 1 1 |1 5 8 1 1 1 1 8 1 1 1 10 1 1 1 1 |1 1 1 16 1 1 9 15 1 1 9 1 1 14 1 1 |1 1 1 1 12 10 5 11 6 1 1 2 1 1 2 1 |1 1 5 1 3 1 1 13 1 14 1 1 1 1 1 7 |1 1 1 1 1 1 1 1 7 9 9 1 1 1 1 1 |1 1 1 1 1 1 1 12 1 3 10 1 1 1 1 1 |
21041: 1 1 1 6 1 1 1 1 1 1 1 1 1 3 6 1 |1 1 1 1 6 1 1 1 1 1 1 10 1 1 11 1 |1 1 3 1 1 9 1 1 6 1 1 7 1 1 1 1 |1 1 1 3 1 6 2 1 7 8 1 1 1 6 1 10 |1 1 2 1 1 6 1 1 1 1 1 1 12 1 8 2 |1 1 1 1 6 10 1 6 1 1 4 1 9 1 1 1 |1 5 8 1 1 1 1 8 1 1 1 10 1 1 1 1 |1 1 1 16 1 1 9 15 1 1 9 1 1 14 1 1 |1 1 1 1 12 10 5 11 6 1 1 2 1 1 2 1 |1 1 5 1 3 1 1 13 1 14 1 1 1 1 1 7 |1 1 1 1 1 1 1 1 7 9 9 1 1 1 1 1 |1 1 1 1 1 1 1 12 1 3 10 1 1 1 1 1 |
21052: 2 1 1 1 1 9 9 13 1 1 1 6 1 1 9 1 |1 1 7 1 1 10 1 1 1 1 1 13 9 1 12 1 |1 1 1 1 5 7 13 7 6 1 9 5 1 1 1 2 |1 1 1 3 1 6 2 1 7 8 1 1 1 6 1 10 |1 1 2 1 1 6 1 1 1 1 1 1 12 1 8 2 |1 1 1 1 6 10 1 6 1 1 4 1 9 1 1 1 |1 5 8 1 1 1 1 8 1 1 1 10 1 1 1 1 |1 1 1 16 1 1 9 15 1 1 9 1 1 14 1 1 |1 1 1 1 12 10 5 11 6 1 1 2 1 1 2 1 |1 1 5 1 3 1 1 13 1 14 1 1 1 1 1 7 |1 1 1 1 1 1 1 1 7 9 9 1 1 1 1 1 |1 1 1 1 1 1 1 12 1 3 10 1 1 1 1 1 |
21063: 2 1 1 1 1 9 9 13 1 1 1 6 1 1 9 1 |1 1 7 1 1 10 1 1 1 1 1 13 9 1 12 1 |1 1 1 1 5 7 13 7 6 1 9 5 1 1 1 2 |1 1 1 3 1 5 1 4 8 5 1 1 1 5 1 10 |1 1 1 1 4 8 8 1 1 1 1 1 10 1 16 6 |1 1 1 1 4 12 1 1 1 1 12 1 9 1 1 1 |1 5 8 1 1 1 1 3 1 1 1 12 1 1 1 1 |1 1 9 1 1 4 3 5 1 1 9 1 1 15 1 1 |1 1 1 1 3 14 9 4 1 11 2 2 11 1 1 10 |1 1 1 1 1 1 4 12 1 9 1 5 1 9 1 8 |1 1 1 4 1 1 1 12 8 2 11 1 1 2 8 1 |1 1 1 1 1 1 1 12 1 3 10 1 1 1 1 1 |
21073: 2 1 1 1 1 9 9 13 1 1 1 6 1 1 9 1 |1 1 7 1 1 10 1 1 1 1 1 13 9 1 12 1 |1 1 1 1 5 7 13 7 6 1 9 5 1 1 1 2 |1 1 1 3 1 5 1 4 8 5 1 1 1 5 1 10 |1 1 1 1 4 8 8 1 1 1 1 1 10 1 16 6 |1 1 1 1 4 12 1 1 1 1 12 1 9 1 1 1 |1 5 8 1 1 1 1 3 1 1 1 12 1 1 1 1 |1 1 9 1 1 4 3 5 1 1 9 1 1 15 1 1 |1 1 1 1 3 14 9 4 1 11 2 2 11 1 1 10 |1 1 1 1 1 1 4 12 1 9 1 5 1 9 1 8 |1 1 1 4 1 1 1 12 8 2 11 1 1 2 8 1 |1 6 1 1 1 16 7 1 1 2 14 1 1 14 1 8 |
21084: 1 1 1 5 8 5 8 13 1 1 1 1 1 1 1 1 |1 1 9 1 8 3 1 1 1 1 1 1 1 2 13 1 |1 1 7 1 1 9 12 7 6 1 1 7 1 1 1 3 |1 1 1 3 1 5 1 4 8 5 1 1 1 5 1 10 |1 1 1 1 4 8 8 1 1 1 1 1 10 1 16 6 |1 1 1 1 4 12 1 1 1 1 12 1 9 1 1 1 |1 5 8 1 1 1 1 3 1 1 1 12 1 1 1 1 |1 1 9 1 1 4 3 5 1 1 9 1 1 15 1 1 |1 1 1 1 3 14 9 4 1 11 2 2 11 1 1 10 |1 1 1 1 1 1 4 12 1 9 1 5 1 9 1 8 |1 1 1 4 1 1 1 12 8 2 11 1 1 2 8 1 |1 6 1 1 1 16 7 1 1 2 14 1 1 14 1 8 |
21095: 1 1 1 5 8 5 8 13 1 1 1 1 1 1 1 1 |1 1 9 1 8 3 1 1 1 1 1 1 1 2 13 1 |1 1 7 1 1 9 12 7 6 1 1 7 1 1 1 3 |1 1 1 1 1 1 1 1 6 6 1 1 1 6 1 11 |1 1 1 1 1 7 1 1 1 1 1 1 11 1 14 5 |1 1 2 1 1 10 1 1 1 1 13 1 8 1 3 1 |1 10 1 1 6 1 1 6 1 1 1 10 1 3 1 1 |1 1 2 15 1 1 16 13 1 1 9 1 1 15 3 9 |1 1 1 1 13 13 9 4 1 7 4 1 1 2 1 1 |1 1 5 1 3 2 1 13 3 12 1 6 1 8 1 8 |5 1 3 1 1 1 1 13 1 1 9 4 1 1 9 1 |1 6 1 1 1 16 7 1 1 2 14 1 1 14 1 8 |
21105: 1 1 1 5 8 5 8 13 1 1 1 1 1 1 1 1 |1 1 9 1 8 3 1 1 1 1 1 1 1 2 13 1 |1 1 7 1 1 9 12 7 6 1 1 7 1 1 1 3 |1 1 1 1 1 1 1 1 6 6 1 1 1 6 1 11 |1 1 1 1 1 7 1 1 1 1 1 1 11 1 14 5 |1 1 2 1 1 10 1 1 1 1 13 1 8 1 3 1 |1 10 1 1 6 1 1 6 1 1 1 10 1 3 1 1 |1 1 2 15 1 1 16 13 1 1 9 1 1 15 3 9 |1 1 1 1 13 13 9 4 1 7 4 1 1 2 1 1 |1 1 5 1 3 2 1 13 3 12 1 6 1 8 1 8 |5 1 3 1 1 1 1 13 1 1 9 4 1 1 9 1 |1 1 1 1 1 14 7 3 1 7 15 1 1 12 1 1 |
21117: 1 1 1 7 1 6 6 1 1 1 1 1 1 1 7 1 |1 1 11 1 5 1 1 1 1 1 7 1 1 1 1 1 |1 1 7 1 1 9 12 7 6 1 1 7 1 1 1 3 |1 1 1 1 1 1 1 1 6 6 1 1 1 6 1 11 |1 1 1 1 1 7 1 1 1 1 1 1 11 1 14 5 |1 1 2 1 1 10 1 1 1 1 13 1 8 1 3 1 |1 10 1 1 6 1 1 6 1 1 1 10 1 3 1 1 |1 1 2 15 1 1 16 13 1 1 9 1 1 15 3 9 |1 1 1 1 13 13 9 4 1 7 4 1 1 2 1 1 |1 1 5 1 3 2 1 13 3 12 1 6 1 8 1 8 |5 1 3 1 1 1 1 13 1 1 9 4 1 1 9 1 |1 1 1 1 1 14 7 3 1 7 15 1 1 12 1 1 |
21127: 1 1 1 7 1 6 6 1 1 1 1 1 1 1 7 1 |1 1 11 1 5 1 1 1 1 1 7 1 1 1 1 1 |1 1 7 1 1 1 1 1 7 1 1 1 1 1 1 1 |1 1 1 3 1 5 8 1 5 7 1 1 1 5 1 10 |1 1 1 1 6 5 2 1 1 1 1 1 12 1 13 1 |1 1 1 1 5 9 1 1 1 1 3 1 6 2 1 1 |1 10 8 1 1 1 1 8 1 1 1 12 1 1 1 1 |1 4 5 14 1 4 9 10 1 2 6 1 1 12 1 9 |2 1 1 1 3 1 2 1 1 11 9 1 1 1 7 10 |1 1 1 1 3 3 1 14 8 12 1 6 1 11 1 5 |1 1 1 1 1 1 1 12 1 9 4 2 1 1 8 1 |1 1 1 1 1 14 7 3 1 7 15 1 1 12 1 1 |
21138: 1 1 1 7 1 6 6 1 1 1 1 1 1 1 7 1 |1 1 11 1 5 1 1 1 1 1 7 1 1 1 1 1 |1 1 7 1 1 1 1 1 7 1 1 1 1 1 1 1 |1 1 1 3 1 5 8 1 5 7 1 1 1 5 1 10 |1 1 1 1 6 5 2 1 1 1 1 1 12 1 13 1 |1 1 1 1 5 9 1 1 1 1 3 1 6 2 1 1 |1 10 8 1 1 1 1 8 1 1 1 12 1 1 1 1 |1 4 5 14 1 4 9 10 1 2 6 1 1 12 1 9 |2 1 1 1 3 1 2 1 1 11 9 1 1 1 7 10 |1 1 1 1 3 3 1 14 8 12 1 6 1 11 1 5 |1 1 1 1 1 1 1 12 1 9 4 2 1 1 8 1 |1 1 1 1 1 12 8 11 1 1 14 1 5 10 1 5 |
21149: 1 1 1 7 1 6 6 1 1 1 1 1 1 1 7 1 |1 1 11 1 5 1 1 1 1 1 7 1 1 1 1 1 |1 1 7 1 1 1 1 1 7 1 1 1 1 1 1 1 |1 1 1 3 1 5 8 1 5 7 1 1 1 5 1 10 |1 1 1 1 6 5 2 1 1 1 1 1 12 1 13 1 |1 1 1 1 5 9 1 1 1 1 3 1 6 2 1 1 |1 10 8 1 1 1 1 8 1 1 1 12 1 1 1 1 |1 4 5 14 1 4 9 10 1 2 6 1 1 12 1 9 |2 1 1 1 3 1 2 1 1 11 9 1 1 1 7 10 |1 1 1 1 3 3 1 14 8 12 1 6 1 11 1 5 |1 1 1 1 1 1 1 12 1 9 4 2 1 1 8 1 |1 1 1 1 1 12 8 11 1 1 14 1 5 10 1 5 |
21159: 1 1 1 5 9 7 2 8 1 1 1 3 1 1 6 1 |1 1 6 1 1 1 1 1 1 1 1 1 1 1 10 1 |1 1 1 1 1 2 2 9 5 1 1 7 1 1 1 2 |1 1 1 3 1 4 1 1 7 7 1 1 12 4 1 9 |1 1 1 1 11 6 10 1 1 1 1 1 12 1 14 5 |1 1 1 1 4 10 1 1 1 1 12 1 10 1 1 1 |1 5 6 1 1 1 8 1 1 1 1 13 1 4 1 1 |1 1 1 1 1 4 4 14 1 1 13 1 1 12 1 9 |2 1 1 1 3 1 2 1 1 11 9 1 1 1 7 10 |1 1 1 1 3 3 1 14 8 12 1 6 1 11 1 5 |1 1 1 1 1 1 1 12 1 9 4 2 1 1 8 1 |1 1 1 1 1 12 8 11 1 1 14 1 5 10 1 5 |
21170: 1 1 1 5 9 7 2 8 1 1 1 3 1 1 6 1 |1 1 6 1 1 1 1 1 1 1 1 1 1 1 10 1 |1 1 1 1 1 2 2 9 5 1 1 7 1 1 1 2 |1 1 1 3 1 4 1 1 7 7 1 1 12 4 1 9 |1 1 1 1 11 6 10 1 1 1 1 1 12 1 14 5 |1 1 1 1 4 10 1 1 1 1 12 1 10 1 1 1 |1 5 6 1 1 1 8 1 1 1 1 13 1 4 1 1 |1 1 1 1 1 4 4 14 1 1 13 1 1 12 1 9 |1 11 1 1 1 2 12 10 3 1 1 1 10 1 10 4 |1 1 1 1 1 1 8 13 5 6 1 5 1 10 1 7 |1 1 1 10 1 1 1 15 7 6 9 5 1 1 2 1 |1 1 1 1 1 9 7 11 1 4 15 1 1 13 1 1 |
21182: 1 1 1 7 7 7 6 1 1 2 1 1 1 3 1 1 |1 1 6 1 1 1 1 1 1 1 1 1 1 1 10 1 |1 1 1 1 1 2 2 9 5 1 1 7 1 1 1 2 |1 1 1 3 1 4 1 1 7 7 1 1 12 4 1 9 |1 1 1 1 11 6 10 1 1 1 1 1 12 1 14 5 |1 1 1 1 4 10 1 1 1 1 12 1 10 1 1 1 |1 5 6 1 1 1 8 1 1 1 1 13 1 4 1 1 |1 1 1 1 1 4 4 14 1 1 13 1 1 12 1 9 |1 11 1 1 1 2 12 10 3 1 1 1 10 1 10 4 |1 1 1 1 1 1 8 13 5 6 1 5 1 10 1 7 |1 1 1 10 1 1 1 15 7 6 9 5 1 1 2 1 |1 1 1 1 1 9 7 11 1 4 15 1 1 13 1 1 |
21192: 1 1 1 7 7 7 6 1 1 2 1 1 1 3 1 1 |1 1 1 1 2 1 1 1 1 1 1 12 6 1 12 1 |1 1 7 1 1 2 4 9 3 1 1 7 1 1 1 2 |1 1 1 4 1 4 7 1 1 7 1 1 1 4 1 10 |1 9 1 1 1 8 1 1 1 1 1 1 10 1 13 6 |1 1 2 1 1 11 1 5 1 1 13 1 9 1 1 1 |1 10 1 1 1 1 1 10 1 2 1 9 1 1 1 1 |8 1 9 12 1 1 13 11 1 1 11 1 1 15 1 1 |1 11 1 1 1 2 12 10 3 1 1 1 10 1 10 4 |1 1 1 1 1 1 8 13 5 6 1 5 1 10 1 7 |1 1 1 10 1 1 1 15 7 6 9 5 1 1 2 1 |1 1 1 1 1 9 7 11 1 4 15 1 1 13 1 1 |
21204: 1 1 1 7 7 7 6 1 1 2 1 1 1 3 1 1 |1 1 1 1 2 1 1 1 1 1 1 12 6 1 12 1 |1 1 7 1 1 2 4 9 3 1 1 7 1 1 1 2 |1 1 1 4 1 4 7 1 1 7 1 1 1 4 1 10 |1 9 1 1 1 8 1 1 1 1 1 1 10 1 13 6 |1 1 2 1 1 11 1 5 1 1 13 1 9 1 1 1 |1 10 1 1 1 1 1 10 1 2 1 9 1 1 1 1 |8 1 9 12 1 1 13 11 1 1 11 1 1 15 1 1 |1 1 1 4 11 15 12 5 1 10 3 1 12 1 9 1 |1 1 4 1 1 3 1 12 2 13 1 1 1 11 1 7 |1 1 1 1 1 1 5 13 5 9 10 1 1 1 8 1 |1 6 1 1 1 14 10 10 1 3 16 1 1 1 1 1 |
21215: 1 1 1 7 7 7 6 1 1 2 1 1 1 3 1 1 |1 1 1 1 2 1 1 1 1 1 1 12 6 1 12 1 |1 1 7 1 1 2 4 9 3 1 1 7 1 1 1 2 |1 1 1 4 1 4 7 1 1 7 1 1 1 4 1 10 |1 9 1 1 1 8 1 1 1 1 1 1 10 1 13 6 |1 1 2 1 1 11 1 5 1 1 13 1 9 1 1 1 |1 10 1 1 1 1 1 10 1 2 1 9 1 1 1 1 |8 1 9 12 1 1 13 11 1 1 11 1 1 15 1 1 |1 1 1 4 11 15 12 5 1 10 3 1 12 1 9 1 |1 1 4 1 1 3 1 12 2 13 1 1 1 11 1 7 |1 1 1 1 1 1 5 13 5 9 10 1 1 1 8 1 |1 6 1 1 1 14 10 10 1 3 16 1 1 1 1 1 |
21225: 1 1 1 9 1 6 1 1 1 1 1 1 1 1 7 1 |1 1 1 1 1 1 1 1 1 1 1 1 1 1 1 1 |1 1 7 1 1 1 1 4 5 1 1 7 1 1 1 1 |1 1 1 1 2 3 7 1 5 9 1 1 1 4 1 9 |1 1 1 1 1 8 10 1 1 1 1 1 11 1 8 6 |1 1 1 1 5 5 1 1 1 1 3 1 8 4 1 1 |1 4 8 1 1 1 1 1 1 1 1 10 1 1 1 1 |1 1 1 14 1 4 2 13 1 1 13 1 1 17 1 10 |1 1 1 4 11 15 12 5 1 10 3 1 12 1 9 1 |1 1 4 1 1 3 1 12 2 13 1 1 1 11 1 7 |1 1 1 1 1 1 5 13 5 9 10 1 1 1 8 1 |1 6 1 1 1 14 10 10 1 3 16 1 1 1 1 1 |
21236: 1 1 1 9 1 6 1 1 1 1 1 1 1 1 7 1 |1 1 1 1 1 1 1 1 1 1 1 1 1 1 1 1 |1 1 7 1 1 1 1 4 5 1 1 7 1 1 1 1 |1 1 1 1 2 3 7 1 5 9 1 1 1 4 1 9 |1 1 1 1 1 8 10 1 1 1 1 1 11 1 8 6 |1 1 1 1 5 5 1 1 1 1 3 1 8 4 1 1 |1 4 8 1 1 1 1 1 1 1 1 10 1 1 1 1 |1 1 1 14 1 4 2 13 1 1 13 1 1 17 1 10 |1 1 1 1 11 1 11 6 1 10 4 1 1 1 1 1 |1 1 2 1 1 3 1 11 2 7 1 6 1 10 1 7 |6 1 3 1 1 1 1 15 7 4 1 1 1 1 7 1 |1 1 1 1 1 10 12 7 1 6 13 1 1 5 1 11 |
21247: 1 1 1 9 1 6 1 1 1 1 1 1 1 1 7 1 |1 1 1 1 1 1 1 1 1 1 1 1 1 1 1 1 |1 1 7 1 1 1 1 4 5 1 1 7 1 1 1 1 |1 1 1 1 2 3 7 1 5 9 1 1 1 4 1 9 |1 1 1 1 1 8 10 1 1 1 1 1 11 1 8 6 |1 1 1 1 5 5 1 1 1 1 3 1 8 4 1 1 |1 4 8 1 1 1 1 1 1 1 1 10 1 1 1 1 |1 1 1 14 1 4 2 13 1 1 13 1 1 17 1 10 |1 1 1 1 11 1 11 6 1 10 4 1 1 1 1 1 |1 1 2 1 1 3 1 11 2 7 1 6 1 10 1 7 |6 1 3 1 1 1 1 15 7 4 1 1 1 1 7 1 |1 1 1 1 1 10 12 7 1 6 13 1 1 5 1 11 |
21257: 3 1 1 1 9 5 7 1 1 1 1 1 1 1 7 1 |1 1 8 1 1 10 1 1 1 1 1 10 1 3 13 1 |1 1 1 1 1 8 12 5 7 1 2 1 1 1 1 1 |1 1 1 3 1 1 1 1 7 1 1 1 1 6 1 11 |1 1 1 1 1 10 7 1 1 1 1 1 11 1 12 11 |1 1 2 1 6 10 1 1 1 1 13 1 12 1 2 1 |1 5 9 1 1 1 3 1 1 4 1 13 1 1 1 3 |1 1 1 14 1 4 2 13 1 1 13 1 1 17 1 10 |1 1 1 1 11 1 11 6 1 10 4 1 1 1 1 1 |1 1 2 1 1 3 1 11 2 7 1 6 1 10 1 7 |6 1 3 1 1 1 1 15 7 4 1 1 1 1 7 1 |1 1 1 1 1 10 12 7 1 6 13 1 1 5 1 11 |
21268: 3 1 1 1 9 5 7 1 1 1 1 1 1 1 7 1 |1 1 8 1 1 10 1 1 1 1 1 10 1 3 13 1 |1 1 1 1 1 8 12 5 7 1 2 1 1 1 1 1 |1 1 1 3 1 1 1 1 7 1 1 1 1 6 1 11 |1 1 1 1 1 10 7 1 1 1 1 1 11 1 12 11 |1 1 2 1 6 10 1 1 1 1 13 1 12 1 2 1 |1 5 9 1 1 1 3 1 1 4 1 13 1 1 1 3 |1 1 9 1 1 3 2 16 1 1 15 1 1 13 1 10 |1 5 1 1 11 11 4 10 7 8 5 1 1 1 2 1 |1 1 1 1 5 1 1 15 8 7 1 7 1 9 1 6 |1 1 1 16 6 1 1 13 7 5 10 2 1 1 8 1 |1 1 1 1 1 17 7 11 1 6 9 1 1 1 1 3 |
21279: 3 1 1 1 9 5 7 1 1 1 1 1 1 1 7 1 |1 1 8 1 1 10 1 1 1 1 1 10 1 3 13 1 |1 1 1 1 1 8 12 5 7 1 2 1 1 1 1 1 |1 1 1 3 1 1 1 1 7 1 1 1 1 6 1 11 |1 1 1 1 1 10 7 1 1 1 1 1 11 1 12 11 |1 1 2 1 6 10 1 1 1 1 13 1 12 1 2 1 |1 5 9 1 1 1 3 1 1 4 1 13 1 1 1 3 |1 1 9 1 1 3 2 16 1 1 15 1 1 13 1 10 |1 5 1 1 11 11 4 10 7 8 5 1 1 1 2 1 |1 1 1 1 5 1 1 15 8 7 1 7 1 9 1 6 |1 1 1 16 6 1 1 13 7 5 10 2 1 1 8 1 |1 1 1 1 1 17 7 11 1 6 9 1 1 1 1 3 |
21290: 1 1 3 8 5 3 9 5 1 1 1 2 1 1 8 1 |1 1 1 1 7 1 1 1 1 1 1 1 1 2 6 1 |1 1 8 1 1 8 13 7 4 1 1 5 1 1 1 1 |1 1 1 1 1 6 3 1 8 8 1 1 1 7 1 9 |1 8 1 1 1 7 1 1 1 1 1 1 9 1 11 1 |1 1 2 1 3 11 1 2 1 1 10 1 9 1 2 1 |1 12 1 1 6 1 1 9 1 1 9 9 1 1 1 1 |1 1 9 1 1 3 2 16 1 1 15 1 1 13 1 10 |1 5 1 1 11 11 4 10 7 8 5 1 1 1 2 1 |1 1 1 1 5 1 1 15 8 7 1 7 1 9 1 6 |1 1 1 16 6 1 1 13 7 5 10 2 1 1 8 1 |1 1 1 1 1 17 7 11 1 6 9 1 1 1 1 3 |
21301: 1 1 3 8 5 3 9 5 1 1 1 2 1 1 8 1 |1 1 1 1 7 1 1 1 1 1 1 1 1 2 6 1 |1 1 8 1 1 8 13 7 4 1 1 5 1 1 1 1 |1 1 1 1 1 6 3 1 8 8 1 1 1 7 1 9 |1 8 1 1 1 7 1 1 1 1 1 1 9 1 11 1 |1 1 2 1 3 11 1 2 1 1 10 1 9 1 2 1 |1 12 1 1 6 1 1 9 1 1 9 9 1 1 1 1 |1 1 5 7 1 1 4 11 1 1 7 1 2 14 1 10 |1 1 1 6 12 8 10 5 1 8 5 1 12 1 7 6 |1 6 5 1 1 1 1 14 3 5 1 5 1 5 1 7 |6 1 1 1 1 1 1 13 1 1 10 7 1 1 3 1 |1 6 1 1 1 14 7 4 1 7 11 1 1 12 1 1 |
21312: 1 1 3 8 5 3 9 5 1 1 1 2 1 1 8 1 |1 1 1 1 7 1 1 1 1 1 1 1 1 2 6 1 |1 1 8 1 1 8 13 7 4 1 1 5 1 1 1 1 |1 1 1 1 1 6 3 1 8 8 1 1 1 7 1 9 |1 8 1 1 1 7 1 1 1 1 1 1 9 1 11 1 |1 1 2 1 3 11 1 2 1 1 10 1 9 1 2 1 |1 12 1 1 6 1 1 9 1 1 9 9 1 1 1 1 |1 1 5 7 1 1 4 11 1 1 7 1 2 14 1 10 |1 1 1 6 12 8 10 5 1 8 5 1 12 1 7 6 |1 6 5 1 1 1 1 14 3 5 1 5 1 5 1 7 |6 1 1 1 1 1 1 13 1 1 10 7 1 1 3 1 |1 6 1 1 1 14 7 4 1 7 11 1 1 12 1 1 |
21323: 1 1 1 1 1 8 9 6 1 1 1 1 1 2 10 1 |1 1 1 1 1 1 1 1 1 1 1 10 1 2 11 1 |1 1 1 1 1 10 2 9 1 1 1 3 1 1 1 1 |1 1 1 1 1 1 1 1 8 7 1 1 1 1 1 9 |1 10 1 1 1 9 7 1 1 1 1 1 10 1 11 4 |1 1 1 1 4 2 1 1 1 1 13 1 9 1 1 1 |1 12 1 1 6 1 1 9 1 1 9 9 1 1 1 1 |1 1 5 7 1 1 4 11 1 1 7 1 2 14 1 10 |1 1 1 6 12 8 10 5 1 8 5 1 12 1 7 6 |1 6 5 1 1 1 1 14 3 5 1 5 1 5 1 7 |6 1 1 1 1 1 1 13 1 1 10 7 1 1 3 1 |1 6 1 1 1 14 7 4 1 7 11 1 1 12 1 1 |
21334: 1 1 1 1 1 8 9 6 1 1 1 1 1 2 10 1 |1 1 1 1 1 1 1 1 1 1 1 10 1 2 11 1 |1 1 1 1 1 10 2 9 1 1 1 3 1 1 1 1 |1 1 1 1 1 1 1 1 8 7 1 1 1 1 1 9 |1 10 1 1 1 9 7 1 1 1 1 1 10 1 11 4 |1 1 1 1 4 2 1 1 1 1 13 1 9 1 1 1 |1 5 7 4 1 1 1 8 1 1 1 11 1 1 1 1 |3 1 1 15 1 1 7 9 1 1 15 1 6 12 1 1 |1 1 1 1 14 1 9 4 1 10 4 1 9 1 8 2 |2 1 1 1 1 3 6 12 7 13 1 3 1 9 1 7 |9 1 5 1 1 1 1 12 7 7 1 1 1 1 7 1 |1 1 1 1 1 7 1 1 1 5 15 1 1 4 1 1 |
21345: 1 1 1 1 1 8 9 6 1 1 1 1 1 2 10 1 |1 1 1 1 1 1 1 1 1 1 1 10 1 2 11 1 |1 1 1 1 1 10 2 9 1 1 1 3 1 1 1 1 |1 1 1 1 1 1 1 1 8 7 1 1 1 1 1 9 |1 10 1 1 1 9 7 1 1 1 1 1 10 1 11 4 |1 1 1 1 4 2 1 1 1 1 13 1 9 1 1 1 |1 5 7 4 1 1 1 8 1 1 1 11 1 1 1 1 |3 1 1 15 1 1 7 9 1 1 15 1 6 12 1 1 |1 1 1 1 14 1 9 4 1 10 4 1 9 1 8 2 |2 1 1 1 1 3 6 12 7 13 1 3 1 9 1 7 |9 1 5 1 1 1 1 12 7 7 1 1 1 1 7 1 |1 1 1 1 1 7 1 1 1 5 15 1 1 4 1 1 |
21356: 1 1 1 1 7 6 1 4 1 1 1 1 1 1 4 1 |1 1 1 1 9 1 1 1 1 1 1 11 8 1 1 1 |1 1 6 1 1 1 1 1 2 1 1 1 1 1 1 2 |1 1 1 2 1 5 8 1 7 7 1 1 1 6 1 5 |1 1 1 1 1 7 9 1 1 1 1 1 13 1 12 8 |1 1 1 1 5 8 1 1 1 1 15 1 9 1 1 1 |1 5 7 4 1 1 1 8 1 1 1 11 1 1 1 1 |3 1 1 15 1 1 7 9 1 1 15 1 6 12 1 1 |1 1 1 1 14 1 9 4 1 10 4 1 9 1 8 2 |2 1 1 1 1 3 6 12 7 13 1 3 1 9 1 7 |9 1 5 1 1 1 1 12 7 7 1 1 1 1 7 1 |1 1 1 1 1 7 1 1 1 5 15 1 1 4 1 1 |
21366: 1 1 1 1 7 6 1 4 1 1 1 1 1 1 4 1 |1 1 1 1 9 1 1 1 1 1 1 11 8 1 1 1 |1 1 6 1 1 1 1 1 2 1 1 1 1 1 1 2 |1 1 1 2 1 5 8 1 7 7 1 1 1 6 1 5 |1 1 1 1 1 7 9 1 1 1 1 1 13 1 12 8 |1 1 1 1 5 8 1 1 1 1 15 1 9 1 1 1 |1 4 11 1 1 1 1 10 1 3 1 10 1 1 1 1 |2 1 1 4 1 1 9 14 1 1 15 1 1 13 1 1 |1 1 1 1 11 7 11 3 1 10 4 1 1 1 9 2 |4 1 4 1 1 1 1 13 7 7 1 6 1 4 1 6 |8 1 1 3 1 1 1 1 1 1 1 1 1 1 9 1 |1 1 1 1 1 16 12 9 1 1 4 1 1 1 1 1 |
21377: 1 1 1 1 7 6 1 4 1 1 1 1 1 1 4 1 |1 1 1 1 9 1 1 1 1 1 1 11 8 1 1 1 |1 1 6 1 1 1 1 1 2 1 1 1 1 1 1 2 |1 1 1 2 1 5 8 1 7 7 1 1 1 6 1 5 |1 1 1 1 1 7 9 1 1 1 1 1 13 1 12 8 |1 1 1 1 5 8 1 1 1 1 15 1 9 1 1 1 |1 4 11 1 1 1 1 10 1 3 1 10 1 1 1 1 |2 1 1 4 1 1 9 14 1 1 15 1 1 13 1 1 |1 1 1 1 11 7 11 3 1 10 4 1 1 1 9 2 |4 1 4 1 1 1 1 13 7 7 1 6 1 4 1 6 |8 1 1 3 1 1 1 1 1 1 1 1 1 1 9 1 |1 1 1 1 1 16 12 9 1 1 4 1 1 1 1 1 |
21387: 1 1 1 8 1 6 9 7 1 1 1 1 1 1 2 1 |1 1 1 1 8 1 1 1 1 1 1 10 1 1 6 1 |1 1 8 1 1 7 12 8 1 1 2 1 1 1 1 1 |1 1 1 1 1 6 7 1 1 1 1 1 1 6 1 8 |1 1 1 1 1 1 3 1 1 1 1 1 9 1 11 1 |1 1 2 1 5 10 1 1 1 1 12 1 9 1 1 1 |1 4 11 1 1 1 1 10 1 3 1 10 1 1 1 1 |2 1 1 4 1 1 9 14 1 1 15 1 1 13 1 1 |1 1 1 1 11 7 11 3 1 10 4 1 1 1 9 2 |4 1 4 1 1 1 1 13 7 7 1 6 1 4 1 6 |8 1 1 3 1 1 1 1 1 1 1 1 1 1 9 1 |1 1 1 1 1 16 12 9 1 1 4 1 1 1 1 1 |
21398: 1 1 1 8 1 6 9 7 1 1 1 1 1 1 2 1 |1 1 1 1 8 1 1 1 1 1 1 10 1 1 6 1 |1 1 8 1 1 7 12 8 1 1 2 1 1 1 1 1 |1 1 1 1 1 6 7 1 1 1 1 1 1 6 1 8 |1 1 1 1 1 1 3 1 1 1 1 1 9 1 11 1 |1 1 2 1 5 10 1 1 1 1 12 1 9 1 1 1 |1 1 1 1 6 1 1 1 1 5 1 12 1 1 1 1 |1 1 9 13 1 1 1 14 1 2 11 1 1 14 1 11 |1 1 1 1 14 15 3 10 1 8 2 1 13 1 1 1 |1 1 3 1 2 1 1 13 3 6 1 1 1 8 1 7 |1 1 3 1 9 1 1 12 7 2 9 1 1 1 7 1 |1 6 1 7 1 2 1 1 1 2 16 1 1 1 1 7 |
21409: 1 1 1 8 1 6 9 7 1 1 1 1 1 1 2 1 |1 1 1 1 8 1 1 1 1 1 1 10 1 1 6 1 |1 1 8 1 1 7 12 8 1 1 2 1 1 1 1 1 |1 1 1 1 1 6 7 1 1 1 1 1 1 6 1 8 |1 1 1 1 1 1 3 1 1 1 1 1 9 1 11 1 |1 1 2 1 5 10 1 1 1 1 12 1 9 1 1 1 |1 1 1 1 6 1 1 1 1 5 1 12 1 1 1 1 |1 1 9 13 1 1 1 14 1 2 11 1 1 14 1 11 |1 1 1 1 14 15 3 10 1 8 2 1 13 1 1 1 |1 1 3 1 2 1 1 13 3 6 1 1 1 8 1 7 |1 1 3 1 9 1 1 12 7 2 9 1 1 1 7 1 |1 6 1 7 1 2 1 1 1 2 16 1 1 1 1 7 |
21419: 1 1 1 9 1 8 8 6 1 1 1 1 1 1 7 1 |3 1 1 1 4 1 1 1 1 1 1 9 1 1 10 1 |1 1 7 1 1 6 1 1 3 1 1 6 1 1 1 1 |1 1 1 1 1 1 2 1 8 6 1 5 1 6 1 9 |1 1 1 1 1 11 6 1 1 1 1 1 9 3 13 4 |1 1 2 1 5 10 1 1 1 1 12 1 9 1 1 1 |1 1 1 1 6 1 1 1 1 5 1 12 1 1 1 1 |1 1 9 13 1 1 1 14 1 2 11 1 1 14 1 11 |1 1 1 1 14 15 3 10 1 8 2 1 13 1 1 1 |1 1 3 1 2 1 1 13 3 6 1 1 1 8 1 7 |1 1 3 1 9 1 1 12 7 2 9 1 1 1 7 1 |1 6 1 7 1 2 1 1 1 2 16 1 1 1 1 7 |
21430: 1 1 1 9 1 8 8 6 1 1 1 1 1 1 7 1 |3 1 1 1 4 1 1 1 1 1 1 9 1 1 10 1 |1 1 7 1 1 6 1 1 3 1 1 6 1 1 1 1 |1 1 1 1 1 1 2 1 8 6 1 5 1 6 1 9 |1 1 1 1 1 11 6 1 1 1 1 1 9 3 13 4 |1 1 2 1 3 3 1 1 1 1 13 1 12 1 1 1 |1 4 5 6 6 1 1 9 1 1 1 11 1 1 1 2 |2 1 1 13 1 3 7 14 1 1 9 1 1 14 1 1 |1 1 1 1 2 9 12 3 1 8 3 1 10 1 7 5 |1 1 1 1 1 1 1 13 1 6 1 6 1 8 1 7 |7 1 2 1 1 1 1 14 4 8 10 3 1 1 8 1 |1 5 1 1 1 7 12 11 1 2 17 1 1 12 1 1 |
21440: 1 1 1 9 1 8 8 6 1 1 1 1 1 1 7 1 |3 1 1 1 4 1 1 1 1 1 1 9 1 1 10 1 |1 1 7 1 1 6 1 1 3 1 1 6 1 1 1 1 |1 1 1 1 1 1 2 1 8 6 1 5 1 6 1 9 |1 1 1 1 1 11 6 1 1 1 1 1 9 3 13 4 |1 1 2 1 3 3 1 1 1 1 13 1 12 1 1 1 |1 4 5 6 6 1 1 9 1 1 1 11 1 1 1 2 |2 1 1 13 1 3 7 14 1 1 9 1 1 14 1 1 |1 1 1 1 2 9 12 3 1 8 3 1 10 1 7 5 |1 1 1 1 1 1 1 13 1 6 1 6 1 8 1 7 |7 1 2 1 1 1 1 14 4 8 10 3 1 1 8 1 |1 5 1 1 1 7 12 11 1 2 17 1 1 12 1 1 |
21451: 1 1 1 9 1 6 1 8 1 4 1 1 1 2 1 1 |1 1 9 1 10 5 1 1 1 1 1 12 1 1 11 1 |1 1 8 1 1 7 4 5 4 1 1 1 1 1 1 1 |1 1 1 2 1 3 13 1 6 6 1 1 1 9 1 10 |1 9 1 1 1 10 6 1 1 1 1 1 9 1 6 7 |1 1 2 1 3 3 1 1 1 1 13 1 12 1 1 1 |1 4 5 6 6 1 1 9 1 1 1 11 1 1 1 2 |2 1 1 13 1 3 7 14 1 1 9 1 1 14 1 1 |1 1 1 1 2 9 12 3 1 8 3 1 10 1 7 5 |1 1 1 1 1 1 1 13 1 6 1 6 1 8 1 7 |7 1 2 1 1 1 1 14 4 8 10 3 1 1 8 1 |1 5 1 1 1 7 12 11 1 2 17 1 1 12 1 1 |
21462: 1 1 1 9 1 6 1 8 1 4 1 1 1 2 1 1 |1 1 9 1 10 5 1 1 1 1 1 12 1 1 11 1 |1 1 8 1 1 7 4 5 4 1 1 1 1 1 1 1 |1 1 1 2 1 3 13 1 6 6 1 1 1 9 1 10 |1 9 1 1 1 10 6 1 1 1 1 1 9 1 6 7 |1 1 1 1 6 10 1 1 1 1 12 1 9 1 1 1 |1 5 9 1 6 1 1 7 1 4 9 8 1 1 1 1 |1 1 8 8 1 2 6 13 1 1 17 1 1 7 1 9 |1 1 1 1 11 7 11 4 1 7 7 1 1 1 1 1 |1 1 1 1 1 13 1 14 9 10 1 6 1 7 1 7 |1 1 1 7 2 1 1 14 6 4 1 1 1 1 1 1 |1 8 1 1 2 8 13 8 1 1 2 1 1 5 1 1 |
21473: 1 1 1 9 1 6 1 8 1 4 1 1 1 2 1 1 |1 1 9 1 10 5 1 1 1 1 1 12 1 1 11 1 |1 1 8 1 1 7 4 5 4 1 1 1 1 1 1 1 |1 1 1 2 1 3 13 1 6 6 1 1 1 9 1 10 |1 9 1 1 1 10 6 1 1 1 1 1 9 1 6 7 |1 1 1 1 6 10 1 1 1 1 12 1 9 1 1 1 |1 5 9 1 6 1 1 7 1 4 9 8 1 1 1 1 |1 1 8 8 1 2 6 13 1 1 17 1 1 7 1 9 |1 1 1 1 11 7 11 4 1 7 7 1 1 1 1 1 |1 1 1 1 1 13 1 14 9 10 1 6 1 7 1 7 |1 1 1 7 2 1 1 14 6 4 1 1 1 1 1 1 |1 8 1 1 2 8 13 8 1 1 2 1 1 5 1 1 |
21483: 1 1 1 8 2 9 7 7 1 1 1 5 1 1 1 1 |1 1 9 1 3 1 1 1 1 1 1 12 1 1 14 1 |1 1 6 1 5 2 12 9 5 1 8 1 1 1 1 2 |1 1 1 1 1 4 9 1 1 6 1 1 1 6 1 4 |1 9 1 1 1 10 6 1 1 1 1 1 9 1 6 7 |1 1 1 1 6 10 1 1 1 1 12 1 9 1 1 1 |1 5 9 1 6 1 1 7 1 4 9 8 1 1 1 1 |1 1 8 8 1 2 6 13 1 1 17 1 1 7 1 9 |1 1 1 1 11 7 11 4 1 7 7 1 1 1 1 1 |1 1 1 1 1 13 1 14 9 10 1 6 1 7 1 7 |1 1 1 7 2 1 1 14 6 4 1 1 1 1 1 1 |1 8 1 1 2 8 13 8 1 1 2 1 1 5 1 1 |
21494: 1 1 1 8 2 9 7 7 1 1 1 5 1 1 1 1 |1 1 9 1 3 1 1 1 1 1 1 12 1 1 14 1 |1 1 6 1 5 2 12 9 5 1 8 1 1 1 1 2 |1 1 1 1 1 4 9 1 1 6 1 1 1 6 1 4 |1 1 1 1 7 7 12 1 1 1 1 1 9 2 10 4 |1 1 1 1 4 10 1 1 1 1 11 1 8 1 2 1 |1 5 7 1 1 1 1 1 1 6 1 10 1 1 1 1 |1 1 1 14 1 1 1 14 1 1 10 1 1 16 1 9 |1 1 1 1 11 16 11 9 2 1 1 1 10 1 1 1 |1 1 6 1 2 1 1 12 7 9 1 7 1 1 1 5 |8 1 4 1 7 5 1 13 2 9 1 1 1 1 8 1 |1 6 1 7 1 16 5 2 1 1 17 1 1 1 1 1 |
21505: 1 1 1 8 2 9 7 7 1 1 1 5 1 1 1 1 |1 1 9 1 3 1 1 1 1 1 1 12 1 1 14 1 |1 1 6 1 5 2 12 9 5 1 8 1 1 1 1 2 |1 1 1 1 1 4 9 1 1 6 1 1 1 6 1 4 |1 1 1 1 7 7 12 1 1 1 1 1 9 2 10 4 |1 1 1 1 4 10 1 1 1 1 11 1 8 1 2 1 |1 5 7 1 1 1 1 1 1 6 1 10 1 1 1 1 |1 1 1 14 1 1 1 14 1 1 10 1 1 16 1 9 |1 1 1 1 11 16 11 9 2 1 1 1 10 1 1 1 |1 1 6 1 2 1 1 12 7 9 1 7 1 1 1 5 |8 1 4 1 7 5 1 13 2 9 1 1 1 1 8 1 |1 6 1 7 1 16 5 2 1 1 17 1 1 1 1 1 |
21516: 1 1 1 8 1 9 8 3 1 1 1 1 1 1 1 1 |1 1 1 1 1 12 1 1 1 1 1 12 1 1 6 1 |1 1 6 1 5 2 12 9 5 1 8 1 1 1 1 2 |1 1 1 1 1 4 9 1 1 6 1 1 1 6 1 4 |1 1 1 1 7 7 12 1 1 1 1 1 9 2 10 4 |1 1 1 1 4 10 1 1 1 1 11 1 8 1 2 1 |1 5 7 1 1 1 1 1 1 6 1 10 1 1 1 1 |1 1 1 14 1 1 1 14 1 1 10 1 1 16 1 9 |1 1 1 1 11 16 11 9 2 1 1 1 10 1 1 1 |1 1 6 1 2 1 1 12 7 9 1 7 1 1 1 5 |8 1 4 1 7 5 1 13 2 9 1 1 1 1 8 1 |1 6 1 7 1 16 5 2 1 1 17 1 1 1 1 1 |
21527: 1 1 1 8 1 9 8 3 1 1 1 1 1 1 1 1 |1 1 1 1 1 12 1 1 1 1 1 12 1 1 6 1 |1 1 7 1 1 11 1 2 3 1 1 7 1 1 1 2 |1 1 1 1 1 5 2 1 7 6 1 1 3 7 1 10 |1 7 1 1 1 8 5 1 1 1 1 1 10 1 11 1 |1 1 2 1 4 6 1 1 1 1 11 1 8 1 1 1 |1 5 8 1 1 1 1 9 1 1 1 11 1 1 1 1 |2 1 8 12 1 1 1 6 1 1 15 1 1 12 1 11 |1 1 1 1 3 4 9 4 1 8 4 1 1 1 8 2 |2 1 1 1 3 1 1 14 7 15 1 4 1 1 1 8 |8 1 1 9 1 1 1 13 4 4 1 1 1 1 7 1 |1 1 1 1 1 15 1 13 1 4 15 1 1 11 1 1 |
21538: 1 1 1 8 1 9 8 3 1 1 1 1 1 1 1 1 |1 1 1 1 1 12 1 1 1 1 1 12 1 1 6 1 |1 1 7 1 1 11 1 2 3 1 1 7 1 1 1 2 |1 1 1 1 1 5 2 1 7 6 1 1 3 7 1 10 |1 7 1 1 1 8 5 1 1 1 1 1 10 1 11 1 |1 1 2 1 4 6 1 1 1 1 11 1 8 1 1 1 |1 5 8 1 1 1 1 9 1 1 1 11 1 1 1 1 |2 1 8 12 1 1 1 6 1 1 15 1 1 12 1 11 |1 1 1 1 3 4 9 4 1 8 4 1 1 1 8 2 |2 1 1 1 3 1 1 14 7 15 1 4 1 1 1 8 |8 1 1 9 1 1 1 13 4 4 1 1 1 1 7 1 |1 1 1 1 1 15 1 13 1 4 15 1 1 11 1 1 |
21548: 1 1 1 8 1 9 8 3 1 1 1 1 1 1 1 1 |1 1 1 1 1 12 1 1 1 1 1 12 1 1 6 1 |1 1 7 1 1 11 1 2 3 1 1 7 1 1 1 2 |1 1 1 1 1 5 2 1 7 6 1 1 3 7 1 10 |1 7 1 1 1 8 5 1 1 1 1 1 10 1 11 1 |1 1 2 1 4 6 1 1 1 1 11 1 8 1 1 1 |1 5 8 1 1 1 1 9 1 1 1 11 1 1 1 1 |2 1 8 12 1 1 1 6 1 1 15 1 1 12 1 11 |1 1 1 1 3 4 9 4 1 8 4 1 1 1 8 2 |2 1 1 1 3 1 1 14 7 15 1 4 1 1 1 8 |8 1 1 9 1 1 1 13 4 4 1 1 1 1 7 1 |1 1 1 1 1 15 1 13 1 4 15 1 1 11 1 1 |
21580: 1 1 1 9 1 1 1 1 1 7 1 3 1 1 3 1 |1 1 9 1 7 9 1 1 1 1 2 14 3 1 11 1 |1 1 9 1 4 8 11 7 2 1 1 1 1 1 1 1 |1 1 1 6 1 4 5 1 3 1 1 1 6 8 1 9 |1 7 1 1 1 8 5 1 1 1 1 1 10 1 11 1 |1 1 2 1 4 6 1 1 1 1 11 1 8 1 1 1 |1 5 8 1 1 1 1 9 1 1 1 11 1 1 1 1 |2 1 8 12 1 1 1 6 1 1 15 1 1 12 1 11 |1 1 1 1 3 4 9 4 1 8 4 1 1 1 8 2 |2 1 1 1 3 1 1 14 7 15 1 4 1 1 1 8 |8 1 1 9 1 1 1 13 4 4 1 1 1 1 7 1 |1 1 1 1 1 15 1 13 1 4 15 1 1 11 1 1 |
21591: 1 1 1 9 1 1 1 1 1 7 1 3 1 1 3 1 |1 1 9 1 7 9 1 1 1 1 2 14 3 1 11 1 |1 1 9 1 4 8 11 7 2 1 1 1 1 1 1 1 |1 1 1 6 1 4 5 1 3 1 1 1 6 8 1 9 |1 1 1 1 6 7 9 1 1 1 1 1 11 1 11 7 |1 1 1 1 7 6 1 2 1 1 12 1 10 1 1 1 |1 5 9 1 1 1 1 4 1 1 1 13 1 1 1 1 |1 1 3 14 1 1 1 13 1 1 15 1 1 13 1 1 |1 1 1 1 14 13 3 3 1 10 5 1 1 1 6 8 |1 1 6 1 1 1 1 9 2 14 1 7 1 8 1 7 |8 1 4 1 1 1 1 9 1 1 9 2 1 2 7 1 |1 1 1 1 1 2 1 1 1 1 1 2 1 1 1 2 |
21603: 1 1 1 9 1 1 1 1 1 7 1 3 1 1 3 1 |1 1 9 1 7 9 1 1 1 1 2 14 3 1 11 1 |1 1 9 1 4 8 11 7 2 1 1 1 1 1 1 1 |1 1 1 6 1 4 5 1 3 1 1 1 6 8 1 9 |1 1 1 1 6 7 9 1 1 1 1 1 11 1 11 7 |1 1 1 1 7 6 1 2 1 1 12 1 10 1 1 1 |1 5 9 1 1 1 1 4 1 1 1 13 1 1 1 1 |1 1 3 14 1 1 1 13 1 1 15 1 1 13 1 1 |1 1 1 1 14 13 3 3 1 10 5 1 1 1 6 8 |1 1 6 1 1 1 1 9 2 14 1 7 1 8 1 7 |8 1 4 1 1 1 1 9 1 1 9 2 1 2 7 1 |1 1 1 1 1 2 1 1 1 1 1 2 1 1 1 2 |
21614: 1 1 1 6 8 4 9 15 1 1 1 6 1 1 6 1 |1 1 1 1 7 1 1 1 1 1 1 11 1 2 13 1 |1 1 7 1 1 9 13 8 5 1 7 1 1 1 1 1 |1 1 1 6 1 4 5 1 3 1 1 1 6 8 1 9 |1 1 1 1 6 7 9 1 1 1 1 1 11 1 11 7 |1 1 1 1 7 6 1 2 1 1 12 1 10 1 1 1 |1 5 9 1 1 1 1 4 1 1 1 13 1 1 1 1 |1 1 3 14 1 1 1 13 1 1 15 1 1 13 1 1 |1 1 1 1 14 13 3 3 1 10 5 1 1 1 6 8 |1 1 6 1 1 1 1 9 2 14 1 7 1 8 1 7 |8 1 4 1 1 1 1 9 1 1 9 2 1 2 7 1 |1 1 1 1 1 2 1 1 1 1 1 2 1 1 1 2 |
21624: 1 1 1 6 8 4 9 15 1 1 1 6 1 1 6 1 |1 1 1 1 7 1 1 1 1 1 1 11 1 2 13 1 |1 1 7 1 1 9 13 8 5 1 7 1 1 1 1 1 |1 1 1 4 1 1 1 1 6 1 1 1 1 6 1 11 |1 2 1 1 1 5 8 1 1 1 1 1 9 1 7 7 |1 1 1 1 5 11 1 1 1 1 13 1 8 1 1 1 |1 1 1 1 1 1 1 9 1 5 9 2 1 1 1 1 |1 1 9 7 1 9 5 6 1 1 15 1 5 13 1 7 |1 1 1 1 1 15 9 11 1 10 3 1 9 1 8 1 |1 1 1 1 1 1 1 9 3 14 1 7 1 9 1 7 |6 1 1 1 5 1 1 12 8 4 5 2 1 1 1 1 |1 1 1 1 1 17 5 1 1 3 15 1 1 13 1 1 |
21635: 1 1 1 6 8 4 9 15 1 1 1 6 1 1 6 1 |1 1 1 1 7 1 1 1 1 1 1 11 1 2 13 1 |1 1 7 1 1 9 13 8 5 1 7 1 1 1 1 1 |1 1 1 4 1 1 1 1 6 1 1 1 1 6 1 11 |1 2 1 1 1 5 8 1 1 1 1 1 9 1 7 7 |1 1 1 1 5 11 1 1 1 1 13 1 8 1 1 1 |1 1 1 1 1 1 1 9 1 5 9 2 1 1 1 1 |1 1 9 7 1 9 5 6 1 1 15 1 5 13 1 7 |1 1 1 1 1 15 9 11 1 10 3 1 9 1 8 1 |1 1 1 1 1 1 1 9 3 14 1 7 1 9 1 7 |6 1 1 1 5 1 1 12 8 4 5 2 1 1 1 1 |1 1 1 1 1 17 5 1 1 3 15 1 1 13 1 1 |
21646: 1 1 1 1 1 7 5 1 1 1 1 1 1 1 1 1 |1 1 7 1 7 1 1 1 1 1 1 1 1 1 11 1 |1 1 8 1 1 1 12 7 6 1 1 1 1 1 1 1 |1 1 1 4 1 1 1 1 6 1 1 1 1 6 1 11 |1 2 1 1 1 5 8 1 1 1 1 1 9 1 7 7 |1 1 1 1 5 11 1 1 1 1 13 1 8 1 1 1 |1 1 1 1 1 1 1 9 1 5 9 2 1 1 1 1 |1 1 9 7 1 9 5 6 1 1 15 1 5 13 1 7 |1 1 1 1 1 15 9 11 1 10 3 1 9 1 8 1 |1 1 1 1 1 1 1 9 3 14 1 7 1 9 1 7 |6 1 1 1 5 1 1 12 8 4 5 2 1 1 1 1 |1 1 1 1 1 17 5 1 1 3 15 1 1 13 1 1 |
21657: 1 1 1 1 1 7 5 1 1 1 1 1 1 1 1 1 |1 1 7 1 7 1 1 1 1 1 1 1 1 1 11 1 |1 1 8 1 1 1 12 7 6 1 1 1 1 1 1 1 |1 1 1 1 1 4 2 1 7 1 1 1 1 7 1 11 |1 2 1 1 6 7 8 1 1 1 1 1 10 1 7 1 |1 1 1 1 5 15 1 1 1 1 12 1 7 1 1 1 |1 4 1 1 1 1 1 9 1 1 1 10 1 1 1 1 |11 1 4 1 1 4 4 14 1 1 16 1 1 14 1 9 |1 1 1 1 2 12 9 10 6 8 6 1 12 1 9 5 |1 1 2 1 2 1 1 12 7 9 1 3 1 2 1 7 |1 1 1 1 1 1 1 8 1 13 1 1 1 1 1 1 |1 1 1 1 1 17 5 1 1 3 15 1 1 13 1 1 |
21668: 1 1 1 1 1 7 5 1 1 1 1 1 1 1 1 1 |1 1 7 1 7 1 1 1 1 1 1 1 1 1 11 1 |1 1 8 1 1 1 12 7 6 1 1 1 1 1 1 1 |1 1 1 1 1 4 2 1 7 1 1 1 1 7 1 11 |1 2 1 1 6 7 8 1 1 1 1 1 10 1 7 1 |1 1 1 1 5 15 1 1 1 1 12 1 7 1 1 1 |1 4 1 1 1 1 1 9 1 1 1 10 1 1 1 1 |11 1 4 1 1 4 4 14 1 1 16 1 1 14 1 9 |1 1 1 1 2 12 9 10 6 8 6 1 12 1 9 5 |1 1 2 1 2 1 1 12 7 9 1 3 1 2 1 7 |1 1 1 1 1 1 1 8 1 13 1 1 1 1 1 1 |1 5 1 1 1 17 8 1 1 1 17 1 1 13 1 2 |
21679: 1 1 1 1 9 3 3 1 1 1 1 1 1 1 1 1 |1 1 1 1 1 1 1 1 1 1 1 1 1 1 11 1 |1 1 6 1 1 1 4 7 3 1 1 5 1 1 1 1 |1 1 1 1 1 4 2 1 7 1 1 1 1 7 1 11 |1 2 1 1 6 7 8 1 1 1 1 1 10 1 7 1 |1 1 1 1 5 15 1 1 1 1 12 1 7 1 1 1 |1 4 1 1 1 1 1 9 1 1 1 10 1 1 1 1 |11 1 4 1 1 4 4 14 1 1 16 1 1 14 1 9 |1 1 1 1 2 12 9 10 6 8 6 1 12 1 9 5 |1 1 2 1 2 1 1 12 7 9 1 3 1 2 1 7 |1 1 1 1 1 1 1 8 1 13 1 1 1 1 1 1 |1 5 1 1 1 17 8 1 1 1 17 1 1 13 1 2 |
21690: 1 1 1 1 9 3 3 1 1 1 1 1 1 1 1 1 |1 1 1 1 1 1 1 1 1 1 1 1 1 1 11 1 |1 1 6 1 1 1 4 7 3 1 1 5 1 1 1 1 |1 1 1 3 1 1 1 1 6 7 1 1 1 7 1 8 |1 1 1 1 1 8 9 1 1 1 1 1 12 1 8 1 |1 1 1 1 5 10 1 3 1 1 13 1 9 1 2 1 |1 4 7 1 6 1 1 8 1 4 1 11 1 1 1 1 |1 1 11 8 1 1 1 13 1 1 15 1 1 11 1 9 |1 1 1 1 10 8 1 4 1 8 7 1 12 1 1 1 |1 1 2 1 2 1 1 12 7 9 1 3 1 2 1 7 |1 1 1 1 1 1 1 8 1 13 1 1 1 1 1 1 |1 5 1 1 1 17 8 1 1 1 17 1 1 13 1 2 |
21700: 1 1 1 1 9 3 3 1 1 1 1 1 1 1 1 1 |1 1 1 1 1 1 1 1 1 1 1 1 1 1 11 1 |1 1 6 1 1 1 4 7 3 1 1 5 1 1 1 1 |1 1 1 3 1 1 1 1 6 7 1 1 1 7 1 8 |1 1 1 1 1 8 9 1 1 1 1 1 12 1 8 1 |1 1 1 1 5 10 1 3 1 1 13 1 9 1 2 1 |1 4 7 1 6 1 1 8 1 4 1 11 1 1 1 1 |1 1 11 8 1 1 1 13 1 1 15 1 1 11 1 9 |1 1 1 1 10 8 1 4 1 8 7 1 12 1 1 1 |1 1 6 1 1 6 1 14 7 9 1 4 1 9 1 5 |4 1 1 1 1 1 1 12 1 1 10 1 1 1 9 1 |1 1 1 1 1 15 1 1 1 1 1 1 1 12 1 1 |
21711: 1 1 1 6 5 6 8 6 1 1 1 1 1 2 7 1 |1 1 1 1 1 1 1 1 1 1 1 1 1 1 11 1 |1 1 6 1 1 1 4 7 3 1 1 5 1 1 1 1 |1 1 1 3 1 1 1 1 6 7 1 1 1 7 1 8 |1 1 1 1 1 8 9 1 1 1 1 1 12 1 8 1 |1 1 1 1 5 10 1 3 1 1 13 1 9 1 2 1 |1 4 7 1 6 1 1 8 1 4 1 11 1 1 1 1 |1 1 11 8 1 1 1 13 1 1 15 1 1 11 1 9 |1 1 1 1 10 8 1 4 1 8 7 1 12 1 1 1 |1 1 6 1 1 6 1 14 7 9 1 4 1 9 1 5 |4 1 1 1 1 1 1 12 1 1 10 1 1 1 9 1 |1 1 1 1 1 15 1 1 1 1 1 1 1 12 1 1 |
21722: 1 1 1 6 5 6 8 6 1 1 1 1 1 2 7 1 |1 1 8 1 1 1 1 1 1 1 1 10 1 1 12 1 |1 1 10 1 1 8 5 7 7 1 1 1 1 1 1 1 |1 1 1 3 1 5 1 1 9 5 1 1 1 8 1 10 |1 1 1 1 1 12 9 1 1 1 1 1 12 1 14 12 |1 1 1 1 6 9 1 1 1 1 12 1 10 1 1 1 |1 5 8 1 1 1 1 10 1 1 1 11 1 1 1 1 |6 1 1 8 1 10 3 12 1 1 16 1 4 15 1 9 |1 1 1 1 2 15 8 5 1 9 4 1 1 2 1 1 |1 1 6 1 1 6 1 14 7 9 1 4 1 9 1 5 |4 1 1 1 1 1 1 12 1 1 10 1 1 1 9 1 |1 1 1 1 1 15 1 1 1 1 1 1 1 12 1 1 |
21733: 1 1 1 6 5 6 8 6 1 1 1 1 1 2 7 1 |1 1 8 1 1 1 1 1 1 1 1 10 1 1 12 1 |1 1 10 1 1 8 5 7 7 1 1 1 1 1 1 1 |1 1 1 3 1 5 1 1 9 5 1 1 1 8 1 10 |1 1 1 1 1 12 9 1 1 1 1 1 12 1 14 12 |1 1 1 1 6 9 1 1 1 1 12 1 10 1 1 1 |1 5 8 1 1 1 1 10 1 1 1 11 1 1 1 1 |6 1 1 8 1 10 3 12 1 1 16 1 4 15 1 9 |1 1 1 1 2 15 8 5 1 9 4 1 1 2 1 1 |1 1 1 1 3 1 1 1 2 13 1 6 1 6 1 6 |1 1 1 1 1 1 1 14 6 8 10 1 1 1 1 1 |1 1 1 7 1 15 7 13 1 4 11 1 1 11 1 1 |
21743: 1 1 1 6 5 6 8 6 1 1 1 1 1 2 7 1 |1 1 8 1 1 1 1 1 1 1 1 10 1 1 12 1 |1 1 10 1 1 8 5 7 7 1 1 1 1 1 1 1 |1 1 1 3 1 5 1 1 9 5 1 1 1 8 1 10 |1 1 1 1 1 12 9 1 1 1 1 1 12 1 14 12 |1 1 1 1 6 9 1 1 1 1 12 1 10 1 1 1 |1 5 8 1 1 1 1 10 1 1 1 11 1 1 1 1 |6 1 1 8 1 10 3 12 1 1 16 1 4 15 1 9 |1 1 1 1 2 15 8 5 1 9 4 1 1 2 1 1 |1 1 1 1 3 1 1 1 2 13 1 6 1 6 1 6 |1 1 1 1 1 1 1 14 6 8 10 1 1 1 1 1 |1 1 1 7 1 15 7 13 1 4 11 1 1 11 1 1 |
21754: 1 1 1 1 1 7 1 1 1 1 1 4 1 3 5 1 |1 1 3 1 2 1 1 1 1 1 1 10 1 1 5 1 |1 1 5 1 1 3 12 5 4 1 1 4 1 1 1 1 |1 1 1 1 1 5 2 1 7 6 1 1 1 7 1 10 |1 2 1 1 1 9 6 1 1 1 1 1 12 1 8 8 |1 1 1 1 4 6 1 4 1 1 11 1 9 1 1 1 |1 5 1 8 1 1 1 9 1 1 1 11 1 1 1 1 |6 1 1 8 1 10 3 12 1 1 16 1 4 15 1 9 |1 1 1 1 2 15 8 5 1 9 4 1 1 2 1 1 |1 1 1 1 3 1 1 1 2 13 1 6 1 6 1 6 |1 1 1 1 1 1 1 14 6 8 10 1 1 1 1 1 |1 1 1 7 1 15 7 13 1 4 11 1 1 11 1 1 |
21765: 1 1 1 1 1 7 1 1 1 1 1 4 1 3 5 1 |1 1 3 1 2 1 1 1 1 1 1 10 1 1 5 1 |1 1 5 1 1 3 12 5 4 1 1 4 1 1 1 1 |1 1 1 1 1 5 2 1 7 6 1 1 1 7 1 10 |1 2 1 1 1 9 6 1 1 1 1 1 12 1 8 8 |1 1 1 1 4 6 1 4 1 1 11 1 9 1 1 1 |1 5 1 8 1 1 1 9 1 1 1 11 1 1 1 1 |6 1 3 15 1 2 2 14 1 1 15 1 1 11 1 10 |1 1 1 1 1 6 8 6 1 9 9 1 1 1 7 4 |1 1 1 1 3 1 1 14 8 8 1 4 1 7 1 9 |1 1 1 1 1 1 1 3 1 1 1 1 1 1 9 1 |1 1 1 1 2 14 7 1 1 4 14 1 1 11 1 12 |
21775: 1 1 1 1 1 7 1 1 1 1 1 4 1 3 5 1 |1 1 3 1 2 1 1 1 1 1 1 10 1 1 5 1 |1 1 5 1 1 3 12 5 4 1 1 4 1 1 1 1 |1 1 1 1 1 5 2 1 7 6 1 1 1 7 1 10 |1 2 1 1 1 9 6 1 1 1 1 1 12 1 8 8 |1 1 1 1 4 6 1 4 1 1 11 1 9 1 1 1 |1 5 1 8 1 1 1 9 1 1 1 11 1 1 1 1 |6 1 3 15 1 2 2 14 1 1 15 1 1 11 1 10 |1 1 1 1 1 6 8 6 1 9 9 1 1 1 7 4 |1 1 1 1 3 1 1 14 8 8 1 4 1 7 1 9 |1 1 1 1 1 1 1 3 1 1 1 1 1 1 9 1 |1 1 1 1 2 14 7 1 1 4 14 1 1 11 1 12 |
21786: 1 1 1 6 5 1 1 1 1 1 1 1 1 1 6 1 |1 1 1 1 3 1 1 1 1 1 1 12 1 2 6 1 |1 1 6 1 1 1 2 7 5 1 1 7 1 1 1 1 |1 1 1 1 1 1 1 1 7 7 1 1 1 5 1 9 |1 1 1 1 1 8 8 1 1 1 1 1 11 1 13 11 |1 1 1 1 5 9 1 1 1 1 12 1 11 1 1 1 |1 5 1 8 1 1 1 9 1 1 1 11 1 1 1 1 |6 1 3 15 1 2 2 14 1 1 15 1 1 11 1 10 |1 1 1 1 1 6 8 6 1 9 9 1 1 1 7 4 |1 1 1 1 3 1 1 14 8 8 1 4 1 7 1 9 |1 1 1 1 1 1 1 3 1 1 1 1 1 1 9 1 |1 1 1 1 2 14 7 1 1 4 14 1 1 11 1 12 |
21797: 1 1 1 6 5 1 1 1 1 1 1 1 1 1 6 1 |1 1 1 1 3 1 1 1 1 1 1 12 1 2 6 1 |1 1 6 1 1 1 2 7 5 1 1 7 1 1 1 1 |1 1 1 1 1 1 1 1 7 7 1 1 1 5 1 9 |1 1 1 1 1 8 8 1 1 1 1 1 11 1 13 11 |1 1 1 1 5 9 1 1 1 1 12 1 11 1 1 1 |1 6 7 1 6 1 1 10 1 1 1 12 1 1 1 1 |1 1 1 13 1 1 8 9 1 1 16 1 1 15 1 11 |1 1 1 1 2 15 3 6 1 8 4 11 2 1 4 1 |2 1 1 1 1 1 1 14 4 14 1 4 1 6 1 8 |8 1 1 14 1 1 1 14 7 11 10 1 1 1 1 1 |1 8 1 8 1 15 1 1 1 2 11 1 1 12 1 1 |
21807: 1 1 1 6 5 1 1 1 1 1 1 1 1 1 6 1 |1 1 1 1 3 1 1 1 1 1 1 12 1 2 6 1 |1 1 6 1 1 1 2 7 5 1 1 7 1 1 1 1 |1 1 1 1 1 1 1 1 7 7 1 1 1 5 1 9 |1 1 1 1 1 8 8 1 1 1 1 1 11 1 13 11 |1 1 1 1 5 9 1 1 1 1 12 1 11 1 1 1 |1 6 7 1 6 1 1 10 1 1 1 12 1 1 1 1 |1 1 1 13 1 1 8 9 1 1 16 1 1 15 1 11 |1 1 1 1 2 15 3 6 1 8 4 11 2 1 4 1 |2 1 1 1 1 1 1 14 4 14 1 4 1 6 1 8 |8 1 1 14 1 1 1 14 7 11 10 1 1 1 1 1 |1 8 1 8 1 15 1 1 1 2 11 1 1 12 1 1 |
21818: 1 2 1 6 8 7 5 1 1 1 1 1 1 2 5 1 |1 1 8 1 1 1 1 1 1 1 1 1 1 1 14 1 |1 1 8 1 1 6 1 8 6 1 1 1 1 1 1 3 |1 1 1 2 1 4 2 1 6 7 1 1 1 7 1 12 |1 1 1 1 1 8 8 1 1 1 1 1 11 1 13 11 |1 1 1 1 5 9 1 1 1 1 12 1 11 1 1 1 |1 6 7 1 6 1 1 10 1 1 1 12 1 1 1 1 |1 1 1 13 1 1 8 9 1 1 16 1 1 15 1 11 |1 1 1 1 2 15 3 6 1 8 4 11 2 1 4 1 |2 1 1 1 1 1 1 14 4 14 1 4 1 6 1 8 |8 1 1 14 1 1 1 14 7 11 10 1 1 1 1 1 |1 8 1 8 1 15 1 1 1 2 11 1 1 12 1 1 |
21828: 1 2 1 6 8 7 5 1 1 1 1 1 1 2 5 1 |1 1 8 1 1 1 1 1 1 1 1 1 1 1 14 1 |1 1 8 1 1 6 1 8 6 1 1 1 1 1 1 3 |1 1 1 2 1 4 2 1 6 7 1 1 1 7 1 12 |1 1 1 1 1 14 8 1 1 1 1 1 11 1 15 11 |1 1 1 1 5 10 1 4 1 1 14 1 9 1 1 1 |6 10 7 1 1 1 1 2 1 1 1 10 1 2 1 1 |6 1 1 1 1 1 9 9 1 1 14 1 1 7 1 1 |1 1 1 1 11 14 4 9 1 10 4 1 1 1 3 1 |1 1 1 1 1 1 1 1 1 14 1 3 1 9 1 1 |1 1 1 1 14 1 1 1 7 4 9 3 1 1 8 1 |1 1 1 1 1 16 12 4 1 4 16 1 1 13 1 1 |
21839: 1 2 1 6 8 7 5 1 1 1 1 1 1 2 5 1 |1 1 8 1 1 1 1 1 1 1 1 1 1 1 14 1 |1 1 8 1 1 6 1 8 6 1 1 1 1 1 1 3 |1 1 1 2 1 4 2 1 6 7 1 1 1 7 1 12 |1 1 1 1 1 14 8 1 1 1 1 1 11 1 15 11 |1 1 1 1 5 10 1 4 1 1 14 1 9 1 1 1 |6 10 7 1 1 1 1 2 1 1 1 10 1 2 1 1 |6 1 1 1 1 1 9 9 1 1 14 1 1 7 1 1 |1 1 1 1 11 14 4 9 1 10 4 1 1 1 3 1 |1 1 1 1 1 1 1 1 1 14 1 3 1 9 1 1 |1 1 1 1 14 1 1 1 7 4 9 3 1 1 8 1 |1 1 1 1 1 16 12 4 1 4 16 1 1 13 1 1 |
21850: 1 1 1 1 1 7 5 5 1 1 1 1 1 2 1 1 |1 1 7 1 5 1 1 1 1 1 1 10 1 1 1 1 |1 1 7 1 1 1 11 6 6 1 1 7 1 1 1 1 |1 1 1 1 1 4 7 1 6 7 1 1 12 6 1 11 |1 1 1 1 1 14 8 1 1 1 1 1 11 1 15 11 |1 1 1 1 5 10 1 4 1 1 14 1 9 1 1 1 |6 10 7 1 1 1 1 2 1 1 1 10 1 2 1 1 |6 1 1 1 1 1 9 9 1 1 14 1 1 7 1 1 |1 1 1 1 11 14 4 9 1 10 4 1 1 1 3 1 |1 1 1 1 1 1 1 1 1 14 1 3 1 9 1 1 |1 1 1 1 14 1 1 1 7 4 9 3 1 1 8 1 |1 1 1 1 1 16 12 4 1 4 16 1 1 13 1 1 |
21860: 1 1 1 1 1 7 5 5 1 1 1 1 1 2 1 1 |1 1 7 1 5 1 1 1 1 1 1 10 1 1 1 1 |1 1 7 1 1 1 11 6 6 1 1 7 1 1 1 1 |1 1 1 1 1 4 7 1 6 7 1 1 12 6 1 11 |1 1 1 1 1 8 7 1 1 1 1 1 11 1 11 8 |1 1 2 1 1 15 1 4 1 1 13 1 9 1 1 1 |1 4 1 1 1 1 1 7 1 1 1 11 1 1 1 1 |12 1 8 7 1 4 8 13 1 1 7 1 1 13 4 1 |1 1 1 1 1 12 10 10 1 9 3 1 11 1 6 3 |1 1 7 1 3 2 1 14 2 14 1 6 1 1 1 1 |7 1 1 1 1 1 1 1 1 1 1 1 1 2 2 1 |1 1 1 1 1 16 11 1 1 3 15 1 1 14 1 1 |
21871: 1 1 1 1 1 7 5 5 1 1 1 1 1 2 1 1 |1 1 7 1 5 1 1 1 1 1 1 10 1 1 1 1 |1 1 7 1 1 1 11 6 6 1 1 7 1 1 1 1 |1 1 1 1 1 4 7 1 6 7 1 1 12 6 1 11 |1 1 1 1 1 8 7 1 1 1 1 1 11 1 11 8 |1 1 2 1 1 15 1 4 1 1 13 1 9 1 1 1 |1 4 1 1 1 1 1 7 1 1 1 11 1 1 1 1 |12 1 8 7 1 4 8 13 1 1 7 1 1 13 4 1 |1 1 1 1 1 12 10 10 1 9 3 1 11 1 6 3 |1 1 7 1 3 2 1 14 2 14 1 6 1 1 1 1 |7 1 1 1 1 1 1 1 1 1 1 1 1 2 2 1 |1 1 1 1 1 16 11 1 1 3 15 1 1 14 1 1 |
21882: 1 1 1 7 5 1 1 1 1 1 1 1 1 2 6 1 |1 1 7 1 5 9 1 1 1 1 1 1 1 1 1 1 |1 1 7 1 1 1 11 6 6 1 1 7 1 1 1 1 |1 1 1 1 1 4 7 1 6 7 1 1 12 6 1 11 |1 1 1 1 1 8 7 1 1 1 1 1 11 1 11 8 |1 1 2 1 1 15 1 4 1 1 13 1 9 1 1 1 |1 4 1 1 1 1 1 7 1 1 1 11 1 1 1 1 |12 1 8 7 1 4 8 13 1 1 7 1 1 13 4 1 |1 1 1 1 1 12 10 10 1 9 3 1 11 1 6 3 |1 1 7 1 3 2 1 14 2 14 1 6 1 1 1 1 |7 1 1 1 1 1 1 1 1 1 1 1 1 2 2 1 |1 1 1 1 1 16 11 1 1 3 15 1 1 14 1 1 |
21893: 1 1 1 7 5 1 1 1 1 1 1 1 1 2 6 1 |1 1 7 1 5 9 1 1 1 1 1 1 1 1 1 1 |1 1 6 1 1 6 3 7 6 1 1 1 1 1 1 1 |1 1 1 1 1 1 1 1 1 7 1 1 1 5 1 10 |1 1 1 1 1 6 1 1 1 1 1 1 9 1 9 8 |1 1 1 1 6 11 1 1 1 1 13 1 11 1 1 1 |1 5 7 1 1 1 1 7 1 1 10 2 1 1 1 1 |1 1 1 15 1 3 3 14 1 1 10 1 1 16 1 1 |1 1 1 1 11 9 1 5 1 8 5 9 1 1 2 1 |1 1 3 1 1 1 5 11 1 15 1 5 1 8 1 1 |1 1 1 1 1 1 1 14 6 10 10 3 1 1 1 1 |1 6 1 8 1 14 1 1 1 1 9 1 1 13 1 12 |
21904: 1 1 1 7 5 1 1 1 1 1 1 1 1 2 6 1 |1 1 7 1 5 9 1 1 1 1 1 1 1 1 1 1 |1 1 6 1 1 6 3 7 6 1 1 1 1 1 1 1 |1 1 1 1 1 1 1 1 1 7 1 1 1 5 1 10 |1 1 1 1 1 6 1 1 1 1 1 1 9 1 9 8 |1 1 1 1 6 11 1 1 1 1 13 1 11 1 1 1 |1 5 7 1 1 1 1 7 1 1 10 2 1 1 1 1 |1 1 1 15 1 3 3 14 1 1 10 1 1 16 1 1 |1 1 1 1 11 9 1 5 1 8 5 9 1 1 2 1 |1 1 3 1 1 1 5 11 1 15 1 5 1 8 1 1 |1 1 1 1 1 1 1 14 6 10 10 3 1 1 1 1 |1 6 1 8 1 14 1 1 1 1 9 1 1 13 1 12 |
21915: 1 1 1 6 8 8 6 13 1 1 1 1 1 3 6 1 |1 1 7 1 5 9 1 1 1 1 1 1 1 1 1 1 |1 1 6 1 1 6 3 7 6 1 1 1 1 1 1 1 |1 1 1 1 1 1 1 1 1 7 1 1 1 5 1 10 |1 1 1 1 1 6 1 1 1 1 1 1 9 1 9 8 |1 1 1 1 6 11 1 1 1 1 13 1 11 1 1 1 |1 5 7 1 1 1 1 7 1 1 10 2 1 1 1 1 |1 1 1 15 1 3 3 14 1 1 10 1 1 16 1 1 |1 1 1 1 11 9 1 5 1 8 5 9 1 1 2 1 |1 1 3 1 1 1 5 11 1 15 1 5 1 8 1 1 |1 1 1 1 1 1 1 14 6 10 10 3 1 1 1 1 |1 6 1 8 1 14 1 1 1 1 9 1 1 13 1 12 |
21926: 1 1 1 6 8 8 6 13 1 1 1 1 1 3 6 1 |1 1 7 1 7 1 1 1 1 1 1 10 1 3 11 1 |1 1 7 1 1 8 4 6 6 1 1 8 1 1 1 1 |1 1 1 2 1 4 6 1 6 7 1 1 1 7 1 10 |1 10 1 1 1 1 1 1 1 1 1 1 11 1 13 7 |1 1 1 1 5 9 1 4 1 1 13 1 1 1 1 1 |1 11 8 1 1 1 1 10 1 1 1 11 1 1 1 1 |6 1 1 7 1 8 1 5 1 1 9 1 1 13 1 10 |1 1 1 1 12 14 8 5 1 3 9 1 12 1 2 1 |1 1 1 1 3 1 1 1 3 13 1 1 1 8 1 6 |8 1 1 1 3 1 1 14 5 8 12 4 1 1 1 1 |1 6 1 8 1 14 1 1 1 1 9 1 1 13 1 12 |
21937: 1 1 1 6 8 8 6 13 1 1 1 1 1 3 6 1 |1 1 7 1 7 1 1 1 1 1 1 10 1 3 11 1 |1 1 7 1 1 8 4 6 6 1 1 8 1 1 1 1 |1 1 1 2 1 4 6 1 6 7 1 1 1 7 1 10 |1 10 1 1 1 1 1 1 1 1 1 1 11 1 13 7 |1 1 1 1 5 9 1 4 1 1 13 1 1 1 1 1 |1 11 8 1 1 1 1 10 1 1 1 11 1 1 1 1 |6 1 1 7 1 8 1 5 1 1 9 1 1 13 1 10 |1 1 1 1 12 14 8 5 1 3 9 1 12 1 2 1 |1 1 1 1 3 1 1 1 3 13 1 1 1 8 1 6 |8 1 1 1 3 1 1 14 5 8 12 4 1 1 1 1 |1 1 1 1 1 15 8 2 1 6 16 1 1 12 1 1 |
21947: 1 1 1 1 9 7 1 13 1 1 1 1 1 1 5 1 |1 1 7 1 7 1 1 1 1 1 1 10 1 3 11 1 |1 1 7 1 1 8 4 6 6 1 1 8 1 1 1 1 |1 1 1 2 1 4 6 1 6 7 1 1 1 7 1 10 |1 10 1 1 1 1 1 1 1 1 1 1 11 1 13 7 |1 1 1 1 5 9 1 4 1 1 13 1 1 1 1 1 |1 11 8 1 1 1 1 10 1 1 1 11 1 1 1 1 |6 1 1 7 1 8 1 5 1 1 9 1 1 13 1 10 |1 1 1 1 12 14 8 5 1 3 9 1 12 1 2 1 |1 1 1 1 3 1 1 1 3 13 1 1 1 8 1 6 |8 1 1 1 3 1 1 14 5 8 12 4 1 1 1 1 |1 1 1 1 1 15 8 2 1 6 16 1 1 12 1 1 |
21959: 1 1 1 1 9 7 1 13 1 1 1 1 1 1 5 1 |1 1 1 1 1 5 1 1 1 1 4 10 1 1 12 1 |1 1 5 1 1 1 4 8 4 1 1 6 1 1 1 1 |1 1 1 2 1 4 3 1 6 8 1 1 1 6 1 9 |1 1 1 1 4 9 8 1 1 1 1 1 11 1 12 6 |1 1 1 1 1 16 1 1 1 1 15 1 10 1 1 1 |1 5 7 1 1 1 1 1 1 1 1 10 1 1 1 2 |1 1 2 14 1 1 8 12 1 1 15 1 1 7 1 1 |1 1 1 1 1 14 5 11 1 10 6 1 1 1 1 9 |1 1 1 1 3 1 1 1 3 13 1 1 1 8 1 6 |8 1 1 1 3 1 1 14 5 8 12 4 1 1 1 1 |1 1 1 1 1 15 8 2 1 6 16 1 1 12 1 1 |
21969: 1 1 1 1 9 7 1 13 1 1 1 1 1 1 5 1 |1 1 1 1 1 5 1 1 1 1 4 10 1 1 12 1 |1 1 5 1 1 1 4 8 4 1 1 6 1 1 1 1 |1 1 1 2 1 4 3 1 6 8 1 1 1 6 1 9 |1 1 1 1 4 9 8 1 1 1 1 1 11 1 12 6 |1 1 1 1 1 16 1 1 1 1 15 1 10 1 1 1 |1 5 7 1 1 1 1 1 1 1 1 10 1 1 1 2 |1 1 2 14 1 1 8 12 1 1 15 1 1 7 1 1 |1 1 1 1 1 14 5 11 1 10 6 1 1 1 1 9 |1 1 1 1 1 1 1 14 2 1 1 1 1 9 1 1 |7 1 2 1 1 1 1 1 1 1 1 8 1 1 9 1 |1 1 1 1 1 17 11 10 1 4 13 1 1 12 1 1 |
21980: 1 1 1 1 9 7 1 13 1 1 1 1 1 1 5 1 |1 1 1 1 1 5 1 1 1 1 4 10 1 1 12 1 |1 1 5 1 1 1 4 8 4 1 1 6 1 1 1 1 |1 1 1 2 1 4 3 1 6 8 1 1 1 6 1 9 |1 1 1 1 4 9 8 1 1 1 1 1 11 1 12 6 |1 1 1 1 1 16 1 1 1 1 15 1 10 1 1 1 |1 5 7 1 1 1 1 1 1 1 1 10 1 1 1 2 |1 1 2 14 1 1 8 12 1 1 15 1 1 7 1 1 |1 1 1 1 1 14 5 11 1 10 6 1 1 1 1 9 |1 1 1 1 1 1 1 14 2 1 1 1 1 9 1 1 |7 1 2 1 1 1 1 1 1 1 1 8 1 1 9 1 |1 1 1 1 1 17 11 10 1 4 13 1 1 12 1 1 |
