right Sync information: global sync logger time 17:34:09.861 equals 1000
69: 0 0 0 0 0 0 0 0 0 0 0 0 0 0 0 0 |0 0 0 0 0 0 0 0 0 0 0 0 0 0 0 0 |0 0 0 0 0 0 0 0 0 0 0 0 0 0 0 0 |0 0 0 0 0 0 0 0 0 0 0 0 0 0 0 0 |0 0 0 0 0 0 0 0 0 0 0 0 0 0 0 0 |0 0 0 0 0 0 0 0 0 0 0 0 0 0 0 0 |0 0 0 0 0 0 0 0 0 0 0 0 0 0 0 0 |0 0 0 0 0 0 0 0 0 0 0 0 0 0 0 0 |0 0 0 0 0 0 0 0 0 0 0 0 0 0 0 0 |0 0 0 0 0 0 0 0 0 0 0 0 0 0 0 0 |0 0 0 0 0 0 0 0 0 0 0 0 0 0 0 0 |0 0 0 0 0 0 0 0 0 0 0 0 0 0 0 0 |
80: 1 1 13 1 1 2 1 1 6 1 1 2 5 1 1 2 |0 0 0 0 0 0 0 0 0 0 0 0 0 0 0 0 |0 0 0 0 0 0 0 0 0 0 0 0 0 0 0 0 |0 0 0 0 0 0 0 0 0 0 0 0 0 0 0 0 |0 0 0 0 0 0 0 0 0 0 0 0 0 0 0 0 |0 0 0 0 0 0 0 0 0 0 0 0 0 0 0 0 |0 0 0 0 0 0 0 0 0 0 0 0 0 0 0 0 |0 0 0 0 0 0 0 0 0 0 0 0 0 0 0 0 |0 0 0 0 0 0 0 0 0 0 0 0 0 0 0 0 |0 0 0 0 0 0 0 0 0 0 0 0 0 0 0 0 |0 0 0 0 0 0 0 0 0 0 0 0 0 0 0 0 |0 0 0 0 0 0 0 0 0 0 0 0 0 0 0 0 |
90: 1 1 13 1 1 2 1 1 6 1 1 2 5 1 1 2 |1 1 1 1 2 2 1 6 7 1 4 8 1 1 1 7 |0 0 0 0 0 0 0 0 0 0 0 0 0 0 0 0 |0 0 0 0 0 0 0 0 0 0 0 0 0 0 0 0 |0 0 0 0 0 0 0 0 0 0 0 0 0 0 0 0 |0 0 0 0 0 0 0 0 0 0 0 0 0 0 0 0 |0 0 0 0 0 0 0 0 0 0 0 0 0 0 0 0 |0 0 0 0 0 0 0 0 0 0 0 0 0 0 0 0 |0 0 0 0 0 0 0 0 0 0 0 0 0 0 0 0 |0 0 0 0 0 0 0 0 0 0 0 0 0 0 0 0 |0 0 0 0 0 0 0 0 0 0 0 0 0 0 0 0 |0 0 0 0 0 0 0 0 0 0 0 0 0 0 0 0 |
101: 1 1 13 1 1 2 1 1 6 1 1 2 5 1 1 2 |1 1 1 1 2 2 1 6 7 1 4 8 1 1 1 7 |1 1 7 1 9 2 1 1 3 1 1 5 1 3 1 6 |0 0 0 0 0 0 0 0 0 0 0 0 0 0 0 0 |0 0 0 0 0 0 0 0 0 0 0 0 0 0 0 0 |0 0 0 0 0 0 0 0 0 0 0 0 0 0 0 0 |0 0 0 0 0 0 0 0 0 0 0 0 0 0 0 0 |0 0 0 0 0 0 0 0 0 0 0 0 0 0 0 0 |0 0 0 0 0 0 0 0 0 0 0 0 0 0 0 0 |0 0 0 0 0 0 0 0 0 0 0 0 0 0 0 0 |0 0 0 0 0 0 0 0 0 0 0 0 0 0 0 0 |0 0 0 0 0 0 0 0 0 0 0 0 0 0 0 0 |
111: 1 1 13 1 1 2 1 1 6 1 1 2 5 1 1 2 |1 1 1 1 2 2 1 6 7 1 4 8 1 1 1 7 |1 1 7 1 9 2 1 1 3 1 1 5 1 3 1 6 |1 1 13 1 2 1 1 1 1 1 14 1 1 2 2 1 |0 0 0 0 0 0 0 0 0 0 0 0 0 0 0 0 |0 0 0 0 0 0 0 0 0 0 0 0 0 0 0 0 |0 0 0 0 0 0 0 0 0 0 0 0 0 0 0 0 |0 0 0 0 0 0 0 0 0 0 0 0 0 0 0 0 |0 0 0 0 0 0 0 0 0 0 0 0 0 0 0 0 |0 0 0 0 0 0 0 0 0 0 0 0 0 0 0 0 |0 0 0 0 0 0 0 0 0 0 0 0 0 0 0 0 |0 0 0 0 0 0 0 0 0 0 0 0 0 0 0 0 |
122: 1 1 13 1 1 2 1 1 6 1 1 2 5 1 1 2 |1 1 1 1 2 2 1 6 7 1 4 8 1 1 1 7 |1 1 7 1 9 2 1 1 3 1 1 5 1 3 1 6 |1 1 13 1 2 1 1 1 1 1 14 1 1 2 2 1 |1 1 1 1 1 1 1 1 8 9 1 1 5 1 2 1 |0 0 0 0 0 0 0 0 0 0 0 0 0 0 0 0 |0 0 0 0 0 0 0 0 0 0 0 0 0 0 0 0 |0 0 0 0 0 0 0 0 0 0 0 0 0 0 0 0 |0 0 0 0 0 0 0 0 0 0 0 0 0 0 0 0 |0 0 0 0 0 0 0 0 0 0 0 0 0 0 0 0 |0 0 0 0 0 0 0 0 0 0 0 0 0 0 0 0 |0 0 0 0 0 0 0 0 0 0 0 0 0 0 0 0 |
133: 1 1 13 1 1 2 1 1 6 1 1 2 5 1 1 2 |1 1 1 1 2 2 1 6 7 1 4 8 1 1 1 7 |1 1 7 1 9 2 1 1 3 1 1 5 1 3 1 6 |1 1 13 1 2 1 1 1 1 1 14 1 1 2 2 1 |1 1 1 1 1 1 1 1 8 9 1 1 5 1 2 1 |1 5 1 1 1 1 2 1 1 4 1 4 1 3 3 7 |0 0 0 0 0 0 0 0 0 0 0 0 0 0 0 0 |0 0 0 0 0 0 0 0 0 0 0 0 0 0 0 0 |0 0 0 0 0 0 0 0 0 0 0 0 0 0 0 0 |0 0 0 0 0 0 0 0 0 0 0 0 0 0 0 0 |0 0 0 0 0 0 0 0 0 0 0 0 0 0 0 0 |0 0 0 0 0 0 0 0 0 0 0 0 0 0 0 0 |
143: 1 1 13 1 1 2 1 1 6 1 1 2 5 1 1 2 |1 1 1 1 2 2 1 6 7 1 4 8 1 1 1 7 |1 1 7 1 9 2 1 1 3 1 1 5 1 3 1 6 |1 1 13 1 2 1 1 1 1 1 14 1 1 2 2 1 |1 1 1 1 1 1 1 1 8 9 1 1 5 1 2 1 |1 5 1 1 1 1 2 1 1 4 1 4 1 3 3 7 |1 1 13 1 1 1 5 2 2 1 1 10 1 1 1 1 |0 0 0 0 0 0 0 0 0 0 0 0 0 0 0 0 |0 0 0 0 0 0 0 0 0 0 0 0 0 0 0 0 |0 0 0 0 0 0 0 0 0 0 0 0 0 0 0 0 |0 0 0 0 0 0 0 0 0 0 0 0 0 0 0 0 |0 0 0 0 0 0 0 0 0 0 0 0 0 0 0 0 |
154: 1 1 13 1 1 2 1 1 6 1 1 2 5 1 1 2 |1 1 1 1 2 2 1 6 7 1 4 8 1 1 1 7 |1 1 7 1 9 2 1 1 3 1 1 5 1 3 1 6 |1 1 13 1 2 1 1 1 1 1 14 1 1 2 2 1 |1 1 1 1 1 1 1 1 8 9 1 1 5 1 2 1 |1 5 1 1 1 1 2 1 1 4 1 4 1 3 3 7 |1 1 13 1 1 1 5 2 2 1 1 10 1 1 1 1 |0 0 0 0 0 0 0 0 0 0 0 0 0 0 0 0 |0 0 0 0 0 0 0 0 0 0 0 0 0 0 0 0 |0 0 0 0 0 0 0 0 0 0 0 0 0 0 0 0 |0 0 0 0 0 0 0 0 0 0 0 0 0 0 0 0 |0 0 0 0 0 0 0 0 0 0 0 0 0 0 0 0 |
164: 1 1 13 1 1 2 1 1 6 1 1 2 5 1 1 2 |1 1 1 1 2 2 1 6 7 1 4 8 1 1 1 7 |1 1 7 1 9 2 1 1 3 1 1 5 1 3 1 6 |1 1 13 1 2 1 1 1 1 1 14 1 1 2 2 1 |1 1 1 1 1 1 1 1 8 9 1 1 5 1 2 1 |1 5 1 1 1 1 2 1 1 4 1 4 1 3 3 7 |1 1 13 1 1 1 5 2 2 1 1 10 1 1 1 1 |0 0 0 0 0 0 0 0 0 0 0 0 0 0 0 0 |0 0 0 0 0 0 0 0 0 0 0 0 0 0 0 0 |0 0 0 0 0 0 0 0 0 0 0 0 0 0 0 0 |0 0 0 0 0 0 0 0 0 0 0 0 0 0 0 0 |0 0 0 0 0 0 0 0 0 0 0 0 0 0 0 0 |
175: 1 1 13 1 1 2 1 1 6 1 1 2 5 1 1 2 |1 1 1 1 2 2 1 6 7 1 4 8 1 1 1 7 |1 1 7 1 9 2 1 1 3 1 1 5 1 3 1 6 |1 1 13 1 2 1 1 1 1 1 14 1 1 2 2 1 |1 1 1 1 1 1 1 1 8 9 1 1 5 1 2 1 |1 5 1 1 1 1 2 1 1 4 1 4 1 3 3 7 |1 1 13 1 1 1 5 2 2 1 1 10 1 1 1 1 |0 0 0 0 0 0 0 0 0 0 0 0 0 0 0 0 |0 0 0 0 0 0 0 0 0 0 0 0 0 0 0 0 |0 0 0 0 0 0 0 0 0 0 0 0 0 0 0 0 |0 0 0 0 0 0 0 0 0 0 0 0 0 0 0 0 |0 0 0 0 0 0 0 0 0 0 0 0 0 0 0 0 |
186: 1 1 13 1 1 2 1 1 6 1 1 2 5 1 1 2 |1 1 1 1 2 2 1 6 7 1 4 8 1 1 1 7 |1 1 7 1 9 2 1 1 3 1 1 5 1 3 1 6 |1 1 13 1 2 1 1 1 1 1 14 1 1 2 2 1 |1 1 1 1 1 1 1 1 8 9 1 1 5 1 2 1 |1 5 1 1 1 1 2 1 1 4 1 4 1 3 3 7 |1 1 13 1 1 1 5 2 2 1 1 10 1 1 1 1 |0 0 0 0 0 0 0 0 0 0 0 0 0 0 0 0 |0 0 0 0 0 0 0 0 0 0 0 0 0 0 0 0 |0 0 0 0 0 0 0 0 0 0 0 0 0 0 0 0 |0 0 0 0 0 0 0 0 0 0 0 0 0 0 0 0 |0 0 0 0 0 0 0 0 0 0 0 0 0 0 0 0 |
196: 1 1 13 1 1 2 1 1 6 1 1 2 5 1 1 2 |1 1 1 1 2 2 1 6 7 1 4 8 1 1 1 7 |1 1 7 1 9 2 1 1 3 1 1 5 1 3 1 6 |1 1 13 1 2 1 1 1 1 1 14 1 1 2 2 1 |1 1 1 1 1 1 1 1 8 9 1 1 5 1 2 1 |1 5 1 1 1 1 2 1 1 4 1 4 1 3 3 7 |1 1 13 1 1 1 5 2 2 1 1 10 1 1 1 1 |0 0 0 0 0 0 0 0 0 0 0 0 0 0 0 0 |0 0 0 0 0 0 0 0 0 0 0 0 0 0 0 0 |0 0 0 0 0 0 0 0 0 0 0 0 0 0 0 0 |0 0 0 0 0 0 0 0 0 0 0 0 0 0 0 0 |0 0 0 0 0 0 0 0 0 0 0 0 0 0 0 0 |
207: 1 1 13 1 1 2 1 1 6 1 1 2 5 1 1 2 |1 1 1 1 2 2 1 6 7 1 4 8 1 1 1 7 |1 1 7 1 9 2 1 1 3 1 1 5 1 3 1 6 |1 1 13 1 2 1 1 1 1 1 14 1 1 2 2 1 |1 1 1 1 1 1 1 1 8 9 1 1 5 1 2 1 |1 5 1 1 1 1 2 1 1 4 1 4 1 3 3 7 |1 1 13 1 1 1 5 2 2 1 1 10 1 1 1 1 |1 1 1 9 9 2 7 5 3 1 1 1 1 1 3 16 |0 0 0 0 0 0 0 0 0 0 0 0 0 0 0 0 |0 0 0 0 0 0 0 0 0 0 0 0 0 0 0 0 |0 0 0 0 0 0 0 0 0 0 0 0 0 0 0 0 |0 0 0 0 0 0 0 0 0 0 0 0 0 0 0 0 |
217: 1 1 13 1 1 2 1 1 6 1 1 2 5 1 1 2 |1 1 1 1 2 2 1 6 7 1 4 8 1 1 1 7 |1 1 7 1 9 2 1 1 3 1 1 5 1 3 1 6 |1 1 13 1 2 1 1 1 1 1 14 1 1 2 2 1 |1 1 1 1 1 1 1 1 8 9 1 1 5 1 2 1 |1 5 1 1 1 1 2 1 1 4 1 4 1 3 3 7 |1 1 13 1 1 1 5 2 2 1 1 10 1 1 1 1 |1 1 1 9 9 2 7 5 3 1 1 1 1 1 3 16 |0 0 0 0 0 0 0 0 0 0 0 0 0 0 0 0 |0 0 0 0 0 0 0 0 0 0 0 0 0 0 0 0 |0 0 0 0 0 0 0 0 0 0 0 0 0 0 0 0 |0 0 0 0 0 0 0 0 0 0 0 0 0 0 0 0 |
228: 1 1 16 1 1 2 1 1 5 1 1 3 3 1 1 2 |1 1 1 1 2 2 1 6 7 1 4 8 1 1 1 7 |1 1 7 1 9 2 1 1 3 1 1 5 1 3 1 6 |1 1 13 1 2 1 1 1 1 1 14 1 1 2 2 1 |1 1 1 1 1 1 1 1 8 9 1 1 5 1 2 1 |1 5 1 1 1 1 2 1 1 4 1 4 1 3 3 7 |1 1 13 1 1 1 5 2 2 1 1 10 1 1 1 1 |1 1 1 9 9 2 7 5 3 1 1 1 1 1 3 16 |0 0 0 0 0 0 0 0 0 0 0 0 0 0 0 0 |0 0 0 0 0 0 0 0 0 0 0 0 0 0 0 0 |0 0 0 0 0 0 0 0 0 0 0 0 0 0 0 0 |0 0 0 0 0 0 0 0 0 0 0 0 0 0 0 0 |
239: 1 1 16 1 1 2 1 1 5 1 1 3 3 1 1 2 |1 1 1 1 2 2 1 6 7 1 4 8 1 1 1 7 |1 1 7 1 9 2 1 1 3 1 1 5 1 3 1 6 |1 1 13 1 2 1 1 1 1 1 14 1 1 2 2 1 |1 1 1 1 1 1 1 1 8 9 1 1 5 1 2 1 |1 5 1 1 1 1 2 1 1 4 1 4 1 3 3 7 |1 2 3 1 1 2 1 2 1 1 1 16 8 1 1 1 |1 1 1 9 9 2 7 5 3 1 1 1 1 1 3 16 |0 0 0 0 0 0 0 0 0 0 0 0 0 0 0 0 |0 0 0 0 0 0 0 0 0 0 0 0 0 0 0 0 |0 0 0 0 0 0 0 0 0 0 0 0 0 0 0 0 |0 0 0 0 0 0 0 0 0 0 0 0 0 0 0 0 |
250: 1 1 16 1 1 2 1 1 5 1 1 3 3 1 1 2 |1 1 1 1 2 2 1 6 7 1 4 8 1 1 1 7 |1 1 7 1 9 2 1 1 3 1 1 5 1 3 1 6 |1 1 13 1 2 1 1 1 1 1 14 1 1 2 2 1 |1 1 1 1 1 1 1 1 8 9 1 1 5 1 2 1 |1 5 1 1 1 1 2 1 1 4 1 4 1 3 3 7 |1 2 3 1 1 2 1 2 1 1 1 16 8 1 1 1 |1 1 1 9 9 2 7 5 3 1 1 1 1 1 3 16 |0 0 0 0 0 0 0 0 0 0 0 0 0 0 0 0 |0 0 0 0 0 0 0 0 0 0 0 0 0 0 0 0 |0 0 0 0 0 0 0 0 0 0 0 0 0 0 0 0 |0 0 0 0 0 0 0 0 0 0 0 0 0 0 0 0 |
260: 1 1 16 1 1 2 1 1 5 1 1 3 3 1 1 2 |1 1 1 1 2 2 1 6 7 1 4 8 1 1 1 7 |1 1 7 1 9 2 1 1 3 1 1 5 1 3 1 6 |1 1 13 1 2 1 1 1 1 1 14 1 1 2 2 1 |1 1 1 1 1 1 1 1 8 9 1 1 5 1 2 1 |1 5 1 1 1 1 2 1 1 4 1 4 1 3 3 7 |1 2 3 1 1 2 1 2 1 1 1 16 8 1 1 1 |1 1 1 9 9 2 7 5 3 1 1 1 1 1 3 16 |0 0 0 0 0 0 0 0 0 0 0 0 0 0 0 0 |0 0 0 0 0 0 0 0 0 0 0 0 0 0 0 0 |0 0 0 0 0 0 0 0 0 0 0 0 0 0 0 0 |0 0 0 0 0 0 0 0 0 0 0 0 0 0 0 0 |
270: 1 1 16 1 1 2 1 1 5 1 1 3 3 1 1 2 |1 1 1 1 2 2 1 6 7 1 4 8 1 1 1 7 |1 1 7 1 9 2 1 1 3 1 1 5 1 3 1 6 |1 1 13 1 2 1 1 1 1 1 14 1 1 2 2 1 |1 1 1 1 1 1 1 1 8 9 1 1 5 1 2 1 |1 5 1 1 1 1 2 1 1 4 1 4 1 3 3 7 |1 1 1 1 2 1 6 1 3 1 1 16 7 1 1 1 |1 1 1 9 9 2 7 5 3 1 1 1 1 1 3 16 |0 0 0 0 0 0 0 0 0 0 0 0 0 0 0 0 |0 0 0 0 0 0 0 0 0 0 0 0 0 0 0 0 |0 0 0 0 0 0 0 0 0 0 0 0 0 0 0 0 |0 0 0 0 0 0 0 0 0 0 0 0 0 0 0 0 |
280: 1 1 16 1 1 2 1 1 5 1 1 3 3 1 1 2 |1 1 1 1 2 2 1 6 7 1 4 8 1 1 1 7 |1 1 7 1 9 2 1 1 3 1 1 5 1 3 1 6 |1 1 13 1 2 1 1 1 1 1 14 1 1 2 2 1 |1 1 1 1 1 1 1 1 8 9 1 1 5 1 2 1 |1 5 1 1 1 1 2 1 1 4 1 4 1 3 3 7 |1 1 1 1 2 1 6 1 3 1 1 16 7 1 1 1 |1 1 1 9 9 2 7 5 3 1 1 1 1 1 3 16 |0 0 0 0 0 0 0 0 0 0 0 0 0 0 0 0 |0 0 0 0 0 0 0 0 0 0 0 0 0 0 0 0 |0 0 0 0 0 0 0 0 0 0 0 0 0 0 0 0 |0 0 0 0 0 0 0 0 0 0 0 0 0 0 0 0 |
291: 1 1 16 1 1 2 1 1 5 1 1 3 3 1 1 2 |1 1 1 1 2 2 1 6 7 1 4 8 1 1 1 7 |1 1 7 1 9 2 1 1 3 1 1 5 1 3 1 6 |1 1 13 1 2 1 1 1 1 1 14 1 1 2 2 1 |1 1 1 1 1 1 1 1 8 9 1 1 5 1 2 1 |1 5 1 1 1 1 2 1 1 4 1 4 1 3 3 7 |1 1 1 1 2 1 6 1 3 1 1 16 7 1 1 1 |1 1 1 9 9 2 7 5 3 1 1 1 1 1 3 16 |0 0 0 0 0 0 0 0 0 0 0 0 0 0 0 0 |0 0 0 0 0 0 0 0 0 0 0 0 0 0 0 0 |0 0 0 0 0 0 0 0 0 0 0 0 0 0 0 0 |0 0 0 0 0 0 0 0 0 0 0 0 0 0 0 0 |
302: 1 1 16 1 1 2 1 1 5 1 1 3 3 1 1 2 |1 1 1 1 2 2 1 6 7 1 4 8 1 1 1 7 |1 1 7 1 9 2 1 1 3 1 1 5 1 3 1 6 |1 1 13 1 2 1 1 1 1 1 14 1 1 2 2 1 |1 2 1 5 1 7 1 1 2 4 1 1 1 1 3 3 |1 5 1 1 1 1 2 1 1 4 1 4 1 3 3 7 |1 1 1 1 2 1 6 1 3 1 1 16 7 1 1 1 |1 1 1 9 9 2 7 5 3 1 1 1 1 1 3 16 |0 0 0 0 0 0 0 0 0 0 0 0 0 0 0 0 |0 0 0 0 0 0 0 0 0 0 0 0 0 0 0 0 |0 0 0 0 0 0 0 0 0 0 0 0 0 0 0 0 |0 0 0 0 0 0 0 0 0 0 0 0 0 0 0 0 |
313: 1 1 16 1 1 2 1 1 5 1 1 3 3 1 1 2 |1 1 1 1 2 2 1 6 7 1 4 8 1 1 1 7 |1 1 7 1 9 2 1 1 3 1 1 5 1 3 1 6 |1 1 13 1 2 1 1 1 1 1 14 1 1 2 2 1 |1 2 1 5 1 7 1 1 2 4 1 1 1 1 3 3 |1 5 1 1 1 1 2 1 1 4 1 4 1 3 3 7 |1 1 1 1 2 1 6 1 3 1 1 16 7 1 1 1 |1 1 1 9 9 2 7 5 3 1 1 1 1 1 3 16 |0 0 0 0 0 0 0 0 0 0 0 0 0 0 0 0 |0 0 0 0 0 0 0 0 0 0 0 0 0 0 0 0 |0 0 0 0 0 0 0 0 0 0 0 0 0 0 0 0 |0 0 0 0 0 0 0 0 0 0 0 0 0 0 0 0 |
324: 1 1 16 1 1 2 1 1 5 1 1 3 3 1 1 2 |1 1 1 1 2 2 1 6 7 1 4 8 1 1 1 7 |1 1 7 1 9 2 1 1 3 1 1 5 1 3 1 6 |1 1 13 1 2 1 1 1 1 1 14 1 1 2 2 1 |1 2 1 5 1 7 1 1 2 4 1 1 1 1 3 3 |1 5 1 1 1 1 2 1 1 4 1 4 1 3 3 7 |1 1 1 1 2 1 6 1 3 1 1 16 7 1 1 1 |1 1 1 9 9 2 7 5 3 1 1 1 1 1 3 16 |0 0 0 0 0 0 0 0 0 0 0 0 0 0 0 0 |0 0 0 0 0 0 0 0 0 0 0 0 0 0 0 0 |0 0 0 0 0 0 0 0 0 0 0 0 0 0 0 0 |0 0 0 0 0 0 0 0 0 0 0 0 0 0 0 0 |
334: 1 1 16 1 1 2 1 1 5 1 1 3 3 1 1 2 |1 1 1 1 2 2 1 6 7 1 4 8 1 1 1 7 |1 1 7 1 9 2 1 1 3 1 1 5 1 3 1 6 |1 1 13 1 2 1 1 1 1 1 14 1 1 2 2 1 |1 2 1 5 1 7 1 1 2 4 1 1 1 1 3 3 |1 5 1 1 1 1 2 1 1 4 1 4 1 3 3 7 |1 1 1 1 2 1 6 1 3 1 1 16 7 1 1 1 |1 1 1 9 9 2 7 5 3 1 1 1 1 1 3 16 |0 0 0 0 0 0 0 0 0 0 0 0 0 0 0 0 |0 0 0 0 0 0 0 0 0 0 0 0 0 0 0 0 |0 0 0 0 0 0 0 0 0 0 0 0 0 0 0 0 |0 0 0 0 0 0 0 0 0 0 0 0 0 0 0 0 |
344: 1 1 16 1 1 2 1 1 5 1 1 3 3 1 1 2 |1 1 1 1 2 2 1 6 7 1 4 8 1 1 1 7 |1 1 7 1 9 2 1 1 3 1 1 5 1 3 1 6 |1 1 13 1 2 1 1 1 1 1 14 1 1 2 2 1 |1 2 1 5 1 7 1 1 2 4 1 1 1 1 3 3 |1 5 1 1 1 1 2 1 1 4 1 4 1 3 3 7 |1 1 1 1 2 1 6 1 3 1 1 16 7 1 1 1 |1 1 1 9 9 2 7 5 3 1 1 1 1 1 3 16 |0 0 0 0 0 0 0 0 0 0 0 0 0 0 0 0 |1 1 2 1 2 1 1 1 1 1 12 1 6 1 14 1 |0 0 0 0 0 0 0 0 0 0 0 0 0 0 0 0 |0 0 0 0 0 0 0 0 0 0 0 0 0 0 0 0 |
354: 1 1 16 1 1 2 1 1 5 1 1 3 3 1 1 2 |1 1 1 1 2 2 1 6 7 1 4 8 1 1 1 7 |1 1 7 1 9 2 1 1 3 1 1 5 1 3 1 6 |1 1 13 1 2 1 1 1 1 1 14 1 1 2 2 1 |1 2 1 5 1 7 1 1 2 4 1 1 1 1 3 3 |1 5 1 1 1 1 2 1 1 4 1 4 1 3 3 7 |1 1 1 1 2 1 6 1 3 1 1 16 7 1 1 1 |1 1 1 9 9 2 7 5 3 1 1 1 1 1 3 16 |0 0 0 0 0 0 0 0 0 0 0 0 0 0 0 0 |1 1 2 1 2 1 1 1 1 1 12 1 6 1 14 1 |1 2 1 1 2 1 2 7 3 8 3 1 9 1 11 13 |0 0 0 0 0 0 0 0 0 0 0 0 0 0 0 0 |
365: 1 1 12 1 1 1 1 1 2 1 1 2 1 1 10 6 |1 1 1 1 2 2 1 6 7 1 4 8 1 1 1 7 |1 1 7 1 9 2 1 1 3 1 1 5 1 3 1 6 |1 1 13 1 2 1 1 1 1 1 14 1 1 2 2 1 |1 2 1 5 1 7 1 1 2 4 1 1 1 1 3 3 |1 5 1 1 1 1 2 1 1 4 1 4 1 3 3 7 |1 1 1 1 2 1 6 1 3 1 1 16 7 1 1 1 |1 1 1 9 9 2 7 5 3 1 1 1 1 1 3 16 |0 0 0 0 0 0 0 0 0 0 0 0 0 0 0 0 |1 1 2 1 2 1 1 1 1 1 12 1 6 1 14 1 |1 2 1 1 2 1 2 7 3 8 3 1 9 1 11 13 |0 0 0 0 0 0 0 0 0 0 0 0 0 0 0 0 |
375: 1 1 12 1 1 1 1 1 2 1 1 2 1 1 10 6 |1 1 1 1 2 2 1 6 7 1 4 8 1 1 1 7 |1 1 7 1 9 2 1 1 3 1 1 5 1 3 1 6 |1 1 13 1 2 1 1 1 1 1 14 1 1 2 2 1 |1 2 1 5 1 7 1 1 2 4 1 1 1 1 3 3 |1 5 1 1 1 1 2 1 1 4 1 4 1 3 3 7 |1 1 1 1 2 1 6 1 3 1 1 16 7 1 1 1 |1 1 1 9 9 2 7 5 3 1 1 1 1 1 3 16 |1 1 1 15 8 1 14 13 11 1 1 7 1 9 1 4 |1 1 2 1 2 1 1 1 1 1 12 1 6 1 14 1 |1 2 1 1 2 1 2 7 3 8 3 1 9 1 11 13 |0 0 0 0 0 0 0 0 0 0 0 0 0 0 0 0 |
386: 1 1 12 1 1 1 1 1 2 1 1 2 1 1 10 6 |1 1 1 1 2 2 1 6 7 1 4 8 1 1 1 7 |1 1 7 1 9 2 1 1 3 1 1 5 1 3 1 6 |1 1 13 1 2 1 1 1 1 1 14 1 1 2 2 1 |1 2 1 5 1 7 1 1 2 4 1 1 1 1 3 3 |1 5 1 1 1 1 2 1 1 4 1 4 1 3 3 7 |1 1 1 1 2 1 6 1 3 1 1 16 7 1 1 1 |1 1 1 9 9 2 7 5 3 1 1 1 1 1 3 16 |1 1 1 15 8 1 14 13 11 1 1 7 1 9 1 4 |1 1 2 1 2 1 1 1 1 1 12 1 6 1 14 1 |1 2 1 1 2 1 2 7 3 8 3 1 9 1 11 13 |0 0 0 0 0 0 0 0 0 0 0 0 0 0 0 0 |
397: 1 1 12 1 1 1 1 1 2 1 1 2 1 1 10 6 |1 1 1 1 2 2 1 6 7 1 4 8 1 1 1 7 |1 1 7 1 9 2 1 1 3 1 1 5 1 3 1 6 |1 1 13 1 2 1 1 1 1 1 14 1 1 2 2 1 |1 2 1 5 1 7 1 1 2 4 1 1 1 1 3 3 |1 5 1 1 1 1 2 1 1 4 1 4 1 3 3 7 |1 1 1 1 2 1 6 1 3 1 1 16 7 1 1 1 |1 1 1 9 9 2 7 5 3 1 1 1 1 1 3 16 |1 1 1 15 8 1 14 13 11 1 1 7 1 9 1 4 |1 1 2 1 2 1 1 1 1 1 12 1 6 1 14 1 |1 2 1 1 2 1 2 7 3 8 3 1 9 1 11 13 |0 0 0 0 0 0 0 0 0 0 0 0 0 0 0 0 |
408: 1 1 12 1 1 1 1 1 2 1 1 2 1 1 10 6 |1 1 1 1 2 2 1 6 7 1 4 8 1 1 1 7 |1 1 7 1 9 2 1 1 3 1 1 5 1 3 1 6 |1 1 13 1 2 1 1 1 1 1 14 1 1 2 2 1 |1 2 1 5 1 7 1 1 2 4 1 1 1 1 3 3 |1 5 1 1 1 1 2 1 1 4 1 4 1 3 3 7 |1 1 1 1 2 1 6 1 3 1 1 16 7 1 1 1 |1 1 1 9 9 2 7 5 3 1 1 1 1 1 3 16 |1 8 1 7 1 1 3 12 5 1 1 6 1 8 1 1 |1 1 2 1 2 1 1 1 1 1 12 1 6 1 14 1 |1 2 1 1 2 1 2 7 3 8 3 1 9 1 11 13 |0 0 0 0 0 0 0 0 0 0 0 0 0 0 0 0 |
418: 1 1 12 1 1 1 1 1 2 1 1 2 1 1 10 6 |1 1 1 1 2 2 1 6 7 1 4 8 1 1 1 7 |1 1 7 1 9 2 1 1 3 1 1 5 1 3 1 6 |1 1 13 1 2 1 1 1 1 1 14 1 1 2 2 1 |1 2 1 5 1 7 1 1 2 4 1 1 1 1 3 3 |1 5 1 1 1 1 2 1 1 4 1 4 1 3 3 7 |1 1 1 1 2 1 6 1 3 1 1 16 7 1 1 1 |1 1 1 9 9 2 7 5 3 1 1 1 1 1 3 16 |1 8 1 7 1 1 3 12 5 1 1 6 1 8 1 1 |1 1 1 1 1 6 1 1 1 1 1 1 7 2 2 1 |1 2 1 1 2 1 2 7 3 8 3 1 9 1 11 13 |0 0 0 0 0 0 0 0 0 0 0 0 0 0 0 0 |
428: 1 1 12 1 1 1 1 1 2 1 1 2 1 1 10 6 |1 1 1 1 2 2 1 6 7 1 4 8 1 1 1 7 |1 1 7 1 9 2 1 1 3 1 1 5 1 3 1 6 |1 1 13 1 2 1 1 1 1 1 14 1 1 2 2 1 |1 2 1 5 1 7 1 1 2 4 1 1 1 1 3 3 |1 5 1 1 1 1 2 1 1 4 1 4 1 3 3 7 |1 1 1 1 2 1 6 1 3 1 1 16 7 1 1 1 |1 1 1 9 9 2 7 5 3 1 1 1 1 1 3 16 |1 8 1 7 1 1 3 12 5 1 1 6 1 8 1 1 |1 1 1 1 1 6 1 1 1 1 1 1 7 2 2 1 |1 2 1 1 2 1 2 7 3 8 3 1 9 1 11 13 |0 0 0 0 0 0 0 0 0 0 0 0 0 0 0 0 |
439: 1 1 12 1 1 1 1 1 2 1 1 2 1 1 10 6 |1 1 1 1 2 2 1 6 7 1 4 8 1 1 1 7 |1 1 7 1 9 2 1 1 3 1 1 5 1 3 1 6 |1 1 13 1 2 1 1 1 1 1 14 1 1 2 2 1 |1 2 1 5 1 7 1 1 2 4 1 1 1 1 3 3 |1 5 1 1 1 1 2 1 1 4 1 4 1 3 3 7 |1 1 1 1 2 1 6 1 3 1 1 16 7 1 1 1 |1 1 1 9 9 2 7 5 3 1 1 1 1 1 3 16 |1 8 1 7 1 1 3 12 5 1 1 6 1 8 1 1 |1 1 1 1 1 6 1 1 1 1 1 1 7 2 2 1 |1 2 1 1 2 1 2 7 3 8 3 1 9 1 11 13 |0 0 0 0 0 0 0 0 0 0 0 0 0 0 0 0 |
450: 1 1 12 1 1 1 1 1 2 1 1 2 1 1 10 6 |1 1 1 1 2 2 1 6 7 1 4 8 1 1 1 7 |1 1 7 1 9 2 1 1 3 1 1 5 1 3 1 6 |1 1 13 1 2 1 1 1 1 1 14 1 1 2 2 1 |1 2 1 5 1 7 1 1 2 4 1 1 1 1 3 3 |1 5 1 1 1 1 2 1 1 4 1 4 1 3 3 7 |1 1 1 1 2 1 6 1 3 1 1 16 7 1 1 1 |1 1 1 9 9 2 7 5 3 1 1 1 1 1 3 16 |1 8 1 7 1 1 3 12 5 1 1 6 1 8 1 1 |1 1 1 1 1 6 1 1 1 1 1 1 7 2 2 1 |1 2 1 1 2 1 2 7 3 8 3 1 9 1 11 13 |0 0 0 0 0 0 0 0 0 0 0 0 0 0 0 0 |
460: 1 1 12 1 1 1 1 1 2 1 1 2 1 1 10 6 |1 1 1 1 2 2 1 6 7 1 4 8 1 1 1 7 |1 1 7 1 9 2 1 1 3 1 1 5 1 3 1 6 |1 1 13 1 2 1 1 1 1 1 14 1 1 2 2 1 |1 2 1 5 1 7 1 1 2 4 1 1 1 1 3 3 |1 5 1 1 1 1 2 1 1 4 1 4 1 3 3 7 |1 1 1 1 2 1 6 1 3 1 1 16 7 1 1 1 |1 1 1 9 9 2 7 5 3 1 1 1 1 1 3 16 |1 8 1 7 1 1 3 12 5 1 1 6 1 8 1 1 |1 1 1 1 1 6 1 1 1 1 1 1 7 2 2 1 |1 2 1 1 2 1 2 7 3 8 3 1 9 1 11 13 |0 0 0 0 0 0 0 0 0 0 0 0 0 0 0 0 |
472: 1 1 12 1 1 1 1 1 2 1 1 2 1 1 10 6 |1 1 1 1 2 2 1 6 7 1 4 8 1 1 1 7 |1 1 7 1 9 2 1 1 3 1 1 5 1 3 1 6 |1 1 13 1 2 1 1 1 1 1 14 1 1 2 2 1 |1 2 1 5 1 7 1 1 2 4 1 1 1 1 3 3 |1 5 1 1 1 1 2 1 1 4 1 4 1 3 3 7 |1 1 1 1 2 1 6 1 3 1 1 16 7 1 1 1 |1 1 1 9 9 2 7 5 3 1 1 1 1 1 3 16 |1 8 1 7 1 1 3 12 5 1 1 6 1 8 1 1 |1 1 1 1 1 6 1 1 1 1 1 1 7 2 2 1 |1 2 1 1 2 1 2 7 3 8 3 1 9 1 11 13 |0 0 0 0 0 0 0 0 0 0 0 0 0 0 0 0 |
483: 1 1 12 1 1 1 1 1 2 1 1 2 1 1 10 6 |1 1 1 1 2 2 1 6 7 1 4 8 1 1 1 7 |1 1 7 1 9 2 1 1 3 1 1 5 1 3 1 6 |1 1 13 1 2 1 1 1 1 1 14 1 1 2 2 1 |1 2 1 5 1 7 1 1 2 4 1 1 1 1 3 3 |1 5 1 1 1 1 2 1 1 4 1 4 1 3 3 7 |1 1 1 1 2 1 6 1 3 1 1 16 7 1 1 1 |1 1 1 9 9 2 7 5 3 1 1 1 1 1 3 16 |1 8 1 7 1 1 3 12 5 1 1 6 1 8 1 1 |1 1 1 1 1 6 1 1 1 1 1 1 7 2 2 1 |1 2 1 1 2 1 2 7 3 8 3 1 9 1 11 13 |0 0 0 0 0 0 0 0 0 0 0 0 0 0 0 0 |
493: 1 1 12 1 1 1 1 1 2 1 1 2 1 1 10 6 |1 1 1 1 2 2 1 6 7 1 4 8 1 1 1 7 |1 1 7 1 9 2 1 1 3 1 1 5 1 3 1 6 |1 1 13 1 2 1 1 1 1 1 14 1 1 2 2 1 |1 2 1 5 1 7 1 1 2 4 1 1 1 1 3 3 |1 5 1 1 1 1 2 1 1 4 1 4 1 3 3 7 |1 1 1 1 2 1 6 1 3 1 1 16 7 1 1 1 |1 1 1 9 9 2 7 5 3 1 1 1 1 1 3 16 |1 8 1 7 1 1 3 12 5 1 1 6 1 8 1 1 |1 1 1 1 1 6 1 1 1 1 1 1 7 2 2 1 |1 2 1 1 2 1 2 7 3 8 3 1 9 1 11 13 |0 0 0 0 0 0 0 0 0 0 0 0 0 0 0 0 |
504: 1 1 12 1 1 1 1 1 2 1 1 2 1 1 10 6 |1 1 1 1 2 2 1 6 7 1 4 8 1 1 1 7 |1 1 7 1 9 2 1 1 3 1 1 5 1 3 1 6 |1 1 13 1 2 1 1 1 1 1 14 1 1 2 2 1 |1 2 1 5 1 7 1 1 2 4 1 1 1 1 3 3 |1 13 2 5 1 1 1 1 3 2 1 1 4 2 2 13 |1 1 1 1 2 1 6 1 3 1 1 16 7 1 1 1 |1 1 1 9 9 2 7 5 3 1 1 1 1 1 3 16 |1 8 1 7 1 1 3 12 5 1 1 6 1 8 1 1 |1 1 1 1 1 6 1 1 1 1 1 1 7 2 2 1 |1 2 1 1 2 1 2 7 3 8 3 1 9 1 11 13 |0 0 0 0 0 0 0 0 0 0 0 0 0 0 0 0 |
514: 1 1 12 1 1 1 1 1 2 1 1 2 1 1 10 6 |1 1 1 1 2 2 1 6 7 1 4 8 1 1 1 7 |1 1 7 1 9 2 1 1 3 1 1 5 1 3 1 6 |1 1 13 1 2 1 1 1 1 1 14 1 1 2 2 1 |1 2 1 5 1 7 1 1 2 4 1 1 1 1 3 3 |1 13 2 5 1 1 1 1 3 2 1 1 4 2 2 13 |1 1 1 1 2 1 6 1 3 1 1 16 7 1 1 1 |1 1 1 9 9 2 7 5 3 1 1 1 1 1 3 16 |1 8 1 7 1 1 3 12 5 1 1 6 1 8 1 1 |1 1 1 1 1 6 1 1 1 1 1 1 7 2 2 1 |1 2 1 1 2 1 2 7 3 8 3 1 9 1 11 13 |0 0 0 0 0 0 0 0 0 0 0 0 0 0 0 0 |
525: 1 1 12 1 1 1 1 1 2 1 1 2 1 1 10 6 |1 1 1 1 2 2 1 6 7 1 4 8 1 1 1 7 |1 1 7 1 9 2 1 1 3 1 1 5 1 3 1 6 |1 1 13 1 2 1 1 1 1 1 14 1 1 2 2 1 |1 2 1 5 1 7 1 1 2 4 1 1 1 1 3 3 |1 13 2 5 1 1 1 1 3 2 1 1 4 2 2 13 |1 1 1 1 2 1 6 1 3 1 1 16 7 1 1 1 |1 1 1 9 9 2 7 5 3 1 1 1 1 1 3 16 |1 8 1 7 1 1 3 12 5 1 1 6 1 8 1 1 |1 1 1 1 1 6 1 1 1 1 1 1 7 2 2 1 |1 2 1 1 2 1 2 7 3 8 3 1 9 1 11 13 |0 0 0 0 0 0 0 0 0 0 0 0 0 0 0 0 |
535: 1 1 12 1 1 1 1 1 2 1 1 2 1 1 10 6 |1 1 1 1 2 2 1 6 7 1 4 8 1 1 1 7 |1 1 7 1 9 2 1 1 3 1 1 5 1 3 1 6 |1 1 13 1 2 1 1 1 1 1 14 1 1 2 2 1 |1 2 1 5 1 7 1 1 2 4 1 1 1 1 3 3 |1 13 2 5 1 1 1 1 3 2 1 1 4 2 2 13 |1 1 1 1 2 1 6 1 3 1 1 16 7 1 1 1 |1 1 1 9 9 2 7 5 3 1 1 1 1 1 3 16 |1 8 1 7 1 1 3 12 5 1 1 6 1 8 1 1 |1 1 1 1 1 6 1 1 1 1 1 1 7 2 2 1 |1 2 1 1 2 1 2 7 3 8 3 1 9 1 11 13 |0 0 0 0 0 0 0 0 0 0 0 0 0 0 0 0 |
546: 1 1 12 1 1 1 1 1 2 1 1 2 1 1 10 6 |1 1 1 1 2 2 1 6 7 1 4 8 1 1 1 7 |1 1 7 1 9 2 1 1 3 1 1 5 1 3 1 6 |1 1 13 1 2 1 1 1 1 1 14 1 1 2 2 1 |1 2 1 5 1 7 1 1 2 4 1 1 1 1 3 3 |1 13 2 5 1 1 1 1 3 2 1 1 4 2 2 13 |1 1 1 1 2 1 6 1 3 1 1 16 7 1 1 1 |1 1 1 9 9 2 7 5 3 1 1 1 1 1 3 16 |1 8 1 7 1 1 3 12 5 1 1 6 1 8 1 1 |1 1 1 1 1 6 1 1 1 1 1 1 7 2 2 1 |1 2 1 1 2 1 2 7 3 8 3 1 9 1 11 13 |1 1 1 5 10 1 1 1 1 1 1 1 4 1 16 8 |
556: 1 1 12 1 1 1 1 1 2 1 1 2 1 1 10 6 |1 1 1 1 2 2 1 6 7 1 4 8 1 1 1 7 |1 1 7 1 9 2 1 1 3 1 1 5 1 3 1 6 |1 1 13 1 2 1 1 1 1 1 14 1 1 2 2 1 |1 2 1 5 1 7 1 1 2 4 1 1 1 1 3 3 |1 13 2 5 1 1 1 1 3 2 1 1 4 2 2 13 |1 1 1 1 2 1 6 1 3 1 1 16 7 1 1 1 |1 1 1 9 9 2 7 5 3 1 1 1 1 1 3 16 |1 8 1 7 1 1 3 12 5 1 1 6 1 8 1 1 |1 1 1 1 1 6 1 1 1 1 1 1 7 2 2 1 |1 2 1 1 2 1 2 7 3 8 3 1 9 1 11 13 |1 1 1 5 10 1 1 1 1 1 1 1 4 1 16 8 |
567: 1 1 12 1 1 1 1 1 2 1 1 2 1 1 10 6 |1 1 1 1 2 2 1 6 7 1 4 8 1 1 1 7 |1 1 7 1 9 2 1 1 3 1 1 5 1 3 1 6 |1 1 13 1 2 1 1 1 1 1 14 1 1 2 2 1 |1 2 1 5 1 7 1 1 2 4 1 1 1 1 3 3 |1 13 2 5 1 1 1 1 3 2 1 1 4 2 2 13 |1 1 1 1 2 1 6 1 3 1 1 16 7 1 1 1 |1 1 1 9 9 2 7 5 3 1 1 1 1 1 3 16 |1 8 1 7 1 1 3 12 5 1 1 6 1 8 1 1 |1 1 1 1 1 6 1 1 1 1 1 1 7 2 2 1 |1 2 1 1 2 1 2 7 3 8 3 1 9 1 11 13 |1 1 1 5 10 1 1 1 1 1 1 1 4 1 16 8 |
577: 1 1 12 1 1 1 1 1 2 1 1 2 1 1 10 6 |1 1 1 1 2 2 1 6 7 1 4 8 1 1 1 7 |1 1 7 1 9 2 1 1 3 1 1 5 1 3 1 6 |1 1 13 1 2 1 1 1 1 1 14 1 1 2 2 1 |1 2 1 5 1 7 1 1 2 4 1 1 1 1 3 3 |1 13 2 5 1 1 1 1 3 2 1 1 4 2 2 13 |1 1 1 1 2 1 6 1 3 1 1 16 7 1 1 1 |1 1 1 9 9 2 7 5 3 1 1 1 1 1 3 16 |1 8 1 7 1 1 3 12 5 1 1 6 1 8 1 1 |1 1 1 1 1 6 1 1 1 1 1 1 7 2 2 1 |1 2 1 1 2 1 2 7 3 8 3 1 9 1 11 13 |1 1 5 1 1 7 1 1 1 1 1 1 4 1 16 11 |
588: 1 1 12 1 1 1 1 1 2 1 1 2 1 1 10 6 |1 1 1 1 2 2 1 6 7 1 4 8 1 1 1 7 |1 1 7 1 9 2 1 1 3 1 1 5 1 3 1 6 |1 1 13 1 2 1 1 1 1 1 14 1 1 2 2 1 |1 2 1 5 1 7 1 1 2 4 1 1 1 1 3 3 |1 13 2 5 1 1 1 1 3 2 1 1 4 2 2 13 |1 1 1 1 2 1 6 1 3 1 1 16 7 1 1 1 |1 1 1 9 9 2 7 5 3 1 1 1 1 1 3 16 |1 8 1 7 1 1 3 12 5 1 1 6 1 8 1 1 |1 1 1 1 1 6 1 1 1 1 1 1 7 2 2 1 |1 2 1 1 2 1 2 7 3 8 3 1 9 1 11 13 |1 1 5 1 1 7 1 1 1 1 1 1 4 1 16 11 |
599: 1 1 12 1 1 1 1 1 2 1 1 2 1 1 10 6 |1 1 1 1 2 2 1 6 7 1 4 8 1 1 1 7 |1 1 6 1 2 1 2 2 1 1 1 4 1 1 1 5 |1 1 13 1 2 1 1 1 1 1 14 1 1 2 2 1 |1 2 1 5 1 7 1 1 2 4 1 1 1 1 3 3 |1 13 2 5 1 1 1 1 3 2 1 1 4 2 2 13 |1 1 1 1 2 1 6 1 3 1 1 16 7 1 1 1 |1 1 1 9 9 2 7 5 3 1 1 1 1 1 3 16 |1 8 1 7 1 1 3 12 5 1 1 6 1 8 1 1 |1 1 1 1 1 6 1 1 1 1 1 1 7 2 2 1 |1 2 1 1 2 1 2 7 3 8 3 1 9 1 11 13 |1 1 5 1 1 7 1 1 1 1 1 1 4 1 16 11 |
609: 1 1 12 1 1 1 1 1 2 1 1 2 1 1 10 6 |1 1 1 1 2 2 1 6 7 1 4 8 1 1 1 7 |1 1 6 1 2 1 2 2 1 1 1 4 1 1 1 5 |1 1 13 1 2 1 1 1 1 1 14 1 1 2 2 1 |1 2 1 5 1 7 1 1 2 4 1 1 1 1 3 3 |1 13 2 5 1 1 1 1 3 2 1 1 4 2 2 13 |1 1 1 1 2 1 6 1 3 1 1 16 7 1 1 1 |1 1 1 9 9 2 7 5 3 1 1 1 1 1 3 16 |1 6 1 15 7 1 3 12 6 1 1 7 1 9 1 1 |1 1 1 1 1 6 1 1 1 1 1 1 7 2 2 1 |1 2 1 1 2 1 2 7 3 8 3 1 9 1 11 13 |1 1 5 1 1 7 1 1 1 1 1 1 4 1 16 11 |
620: 1 1 12 1 1 1 1 1 2 1 1 2 1 1 10 6 |1 1 1 1 2 2 1 6 7 1 4 8 1 1 1 7 |1 1 6 1 2 1 2 2 1 1 1 4 1 1 1 5 |1 1 13 1 2 1 1 1 1 1 14 1 1 2 2 1 |1 2 1 5 1 7 1 1 2 4 1 1 1 1 3 3 |1 13 2 5 1 1 1 1 3 2 1 1 4 2 2 13 |1 1 1 1 2 1 6 1 3 1 1 16 7 1 1 1 |1 1 1 9 9 2 7 5 3 1 1 1 1 1 3 16 |1 6 1 15 7 1 3 12 6 1 1 7 1 9 1 1 |1 1 1 1 1 6 1 1 1 1 1 1 7 2 2 1 |1 2 1 1 2 1 2 7 3 8 3 1 9 1 11 13 |1 1 5 1 1 7 1 1 1 1 1 1 4 1 16 11 |
630: 1 1 12 1 1 1 1 1 2 1 1 2 1 1 10 6 |1 1 1 1 2 2 1 6 7 1 4 8 1 1 1 7 |1 1 6 1 2 1 2 2 1 1 1 4 1 1 1 5 |1 1 13 1 2 1 1 1 1 1 14 1 1 2 2 1 |1 2 1 5 1 7 1 1 2 4 1 1 1 1 3 3 |1 13 2 5 1 1 1 1 3 2 1 1 4 2 2 13 |1 1 1 1 2 1 6 1 3 1 1 16 7 1 1 1 |1 1 1 9 9 2 7 5 3 1 1 1 1 1 3 16 |1 6 1 15 7 1 3 12 6 1 1 7 1 9 1 1 |1 1 1 1 1 6 1 1 1 1 1 1 7 2 2 1 |1 2 1 1 2 1 2 7 3 8 3 1 9 1 11 13 |1 1 5 1 1 7 1 1 1 1 1 1 4 1 16 11 |
642: 1 1 12 1 1 1 1 1 2 1 1 2 1 1 10 6 |1 1 1 1 2 2 1 6 7 1 4 8 1 1 1 7 |1 1 6 1 2 1 2 2 1 1 1 4 1 1 1 5 |1 1 13 1 2 1 1 1 1 1 14 1 1 2 2 1 |1 2 1 5 1 7 1 1 2 4 1 1 1 1 3 3 |1 13 2 5 1 1 1 1 3 2 1 1 4 2 2 13 |1 1 1 1 2 1 6 1 3 1 1 16 7 1 1 1 |1 1 1 9 9 2 7 5 3 1 1 1 1 1 3 16 |1 6 1 15 7 1 3 12 6 1 1 7 1 9 1 1 |1 1 1 1 1 6 1 1 1 1 1 1 7 2 2 1 |1 2 1 1 2 1 2 7 3 8 3 1 9 1 11 13 |1 1 5 1 1 7 1 1 1 1 1 1 4 1 16 11 |
652: 1 1 12 1 1 1 1 1 2 1 1 2 1 1 10 6 |1 1 1 1 2 2 1 6 7 1 4 8 1 1 1 7 |1 1 6 1 2 1 2 2 1 1 1 4 1 1 1 5 |1 1 13 1 2 1 1 1 1 1 14 1 1 2 2 1 |1 2 1 5 1 7 1 1 2 4 1 1 1 1 3 3 |1 13 2 5 1 1 1 1 3 2 1 1 4 2 2 13 |1 1 1 1 2 1 6 1 3 1 1 16 7 1 1 1 |1 1 1 9 9 2 7 5 3 1 1 1 1 1 3 16 |1 6 1 15 7 1 3 12 6 1 1 7 1 9 1 1 |1 1 1 1 1 6 1 1 1 1 1 1 7 2 2 1 |1 2 1 1 2 1 2 7 3 8 3 1 9 1 11 13 |1 1 5 1 1 7 1 1 1 1 1 1 4 1 16 11 |
663: 1 1 12 1 1 1 1 1 2 1 1 2 1 1 10 6 |1 1 1 1 2 2 1 6 7 1 4 8 1 1 1 7 |1 1 6 1 2 1 2 2 1 1 1 4 1 1 1 5 |1 1 13 1 2 1 1 1 1 1 14 1 1 2 2 1 |1 2 1 5 1 7 1 1 2 4 1 1 1 1 3 3 |1 13 2 5 1 1 1 1 3 2 1 1 4 2 2 13 |1 1 1 1 2 1 6 1 3 1 1 16 7 1 1 1 |1 1 1 9 9 2 7 5 3 1 1 1 1 1 3 16 |1 6 1 15 7 1 3 12 6 1 1 7 1 9 1 1 |1 1 1 1 1 6 1 1 1 1 1 1 7 2 2 1 |1 2 1 1 2 1 2 7 3 8 3 1 9 1 11 13 |1 1 5 1 1 7 1 1 1 1 1 1 4 1 16 11 |
674: 1 1 12 1 1 1 1 1 2 1 1 2 1 1 10 6 |1 1 1 1 2 2 1 6 7 1 4 8 1 1 1 7 |1 1 6 1 2 1 2 2 1 1 1 4 1 1 1 5 |1 1 13 1 2 1 1 1 1 1 14 1 1 2 2 1 |1 2 1 5 1 7 1 1 2 4 1 1 1 1 3 3 |1 13 2 5 1 1 1 1 3 2 1 1 4 2 2 13 |1 1 1 1 2 1 6 1 3 1 1 16 7 1 1 1 |1 1 1 9 9 2 7 5 3 1 1 1 1 1 3 16 |2 2 1 15 3 2 15 13 10 1 1 7 1 8 1 3 |1 1 1 1 1 6 1 1 1 1 1 1 7 2 2 1 |1 2 1 1 2 1 2 7 3 8 3 1 9 1 11 13 |1 1 5 1 1 7 1 1 1 1 1 1 4 1 16 11 |
685: 1 1 12 1 1 1 1 1 2 1 1 2 1 1 10 6 |1 1 1 1 2 2 1 6 7 1 4 8 1 1 1 7 |1 1 6 1 2 1 2 2 1 1 1 4 1 1 1 5 |1 1 13 1 2 1 1 1 1 1 14 1 1 2 2 1 |1 2 1 5 1 7 1 1 2 4 1 1 1 1 3 3 |1 13 2 5 1 1 1 1 3 2 1 1 4 2 2 13 |1 1 1 1 2 1 6 1 3 1 1 16 7 1 1 1 |1 1 1 9 9 2 7 5 3 1 1 1 1 1 3 16 |2 2 1 15 3 2 15 13 10 1 1 7 1 8 1 3 |1 1 1 2 1 1 1 1 1 2 14 1 7 2 14 1 |1 2 1 1 2 1 2 7 3 8 3 1 9 1 11 13 |1 1 5 1 1 7 1 1 1 1 1 1 4 1 16 11 |
695: 1 1 12 1 1 1 1 1 2 1 1 2 1 1 10 6 |1 1 1 1 2 2 1 6 7 1 4 8 1 1 1 7 |1 1 6 1 2 1 2 2 1 1 1 4 1 1 1 5 |1 1 13 1 2 1 1 1 1 1 14 1 1 2 2 1 |1 2 1 5 1 7 1 1 2 4 1 1 1 1 3 3 |1 13 2 5 1 1 1 1 3 2 1 1 4 2 2 13 |1 1 1 1 2 1 6 1 3 1 1 16 7 1 1 1 |1 1 1 9 9 2 7 5 3 1 1 1 1 1 3 16 |2 2 1 15 3 2 15 13 10 1 1 7 1 8 1 3 |1 1 1 2 1 1 1 1 1 2 14 1 7 2 14 1 |1 2 1 1 2 1 2 7 3 8 3 1 9 1 11 13 |1 1 5 1 1 7 1 1 1 1 1 1 4 1 16 11 |
706: 1 1 12 1 1 1 1 1 2 1 1 2 1 1 10 6 |1 1 1 1 2 2 1 6 7 1 4 8 1 1 1 7 |1 1 6 1 2 1 2 2 1 1 1 4 1 1 1 5 |1 1 13 1 2 1 1 1 1 1 14 1 1 2 2 1 |1 2 1 5 1 7 1 1 2 4 1 1 1 1 3 3 |1 13 2 5 1 1 1 1 3 2 1 1 4 2 2 13 |1 1 1 1 2 1 6 1 3 1 1 16 7 1 1 1 |1 1 1 9 9 2 7 5 3 1 1 1 1 1 3 16 |2 2 1 15 3 2 15 13 10 1 1 7 1 8 1 3 |1 1 1 2 1 1 1 1 1 2 14 1 7 2 14 1 |1 2 1 1 2 1 2 7 3 8 3 1 9 1 11 13 |1 1 5 1 1 7 1 1 1 1 1 1 4 1 16 11 |
716: 1 1 12 1 1 1 1 1 2 1 1 2 1 1 10 6 |1 1 1 1 2 2 1 6 7 1 4 8 1 1 1 7 |1 1 6 1 2 1 2 2 1 1 1 4 1 1 1 5 |1 1 13 1 2 1 1 1 1 1 14 1 1 2 2 1 |1 2 1 5 1 7 1 1 2 4 1 1 1 1 3 3 |1 13 2 5 1 1 1 1 3 2 1 1 4 2 2 13 |1 1 1 1 2 1 6 1 3 1 1 16 7 1 1 1 |1 1 1 9 9 2 7 5 3 1 1 1 1 1 3 16 |2 2 1 15 3 2 15 13 10 1 1 7 1 8 1 3 |1 1 1 2 1 1 1 1 1 2 14 1 7 2 14 1 |1 2 1 1 2 1 2 7 3 8 3 1 9 1 11 13 |1 1 5 1 1 7 1 1 1 1 1 1 4 1 16 11 |
727: 1 1 12 1 1 1 1 1 2 1 1 2 1 1 10 6 |1 1 1 1 2 2 1 6 7 1 4 8 1 1 1 7 |1 1 6 1 2 1 2 2 1 1 1 4 1 1 1 5 |1 1 13 1 2 1 1 1 1 1 14 1 1 2 2 1 |1 2 1 5 1 7 1 1 2 4 1 1 1 1 3 3 |1 13 2 5 1 1 1 1 3 2 1 1 4 2 2 13 |1 1 1 1 2 1 6 1 3 1 1 16 7 1 1 1 |1 1 1 9 9 2 7 5 3 1 1 1 1 1 3 16 |2 2 1 15 3 2 15 13 10 1 1 7 1 8 1 3 |1 1 1 2 1 1 1 1 1 2 14 1 7 2 14 1 |1 2 1 1 2 1 2 7 3 8 3 1 9 1 11 13 |1 1 5 1 1 7 1 1 1 1 1 1 4 1 16 11 |
737: 1 1 12 1 1 1 1 1 2 1 1 2 1 1 10 6 |1 1 1 1 2 2 1 6 7 1 4 8 1 1 1 7 |1 1 6 1 2 1 2 2 1 1 1 4 1 1 1 5 |1 1 13 1 2 1 1 1 1 1 14 1 1 2 2 1 |1 2 1 5 1 7 1 1 2 4 1 1 1 1 3 3 |1 13 2 5 1 1 1 1 3 2 1 1 4 2 2 13 |1 1 1 1 2 1 6 1 3 1 1 16 7 1 1 1 |1 1 1 9 9 2 7 5 3 1 1 1 1 1 3 16 |2 2 1 15 3 2 15 13 10 1 1 7 1 8 1 3 |1 1 1 2 1 1 1 1 1 2 14 1 7 2 14 1 |1 2 1 1 2 1 2 7 3 8 3 1 9 1 11 13 |1 1 5 1 1 7 1 1 1 1 1 1 4 1 16 11 |
748: 1 1 12 1 1 1 1 1 2 1 1 2 1 1 10 6 |1 1 1 1 2 2 1 6 7 1 4 8 1 1 1 7 |1 1 6 1 2 1 2 2 1 1 1 4 1 1 1 5 |1 1 13 1 2 1 1 1 1 1 14 1 1 2 2 1 |1 2 1 5 1 7 1 1 2 4 1 1 1 1 3 3 |1 13 2 5 1 1 1 1 3 2 1 1 4 2 2 13 |1 1 1 1 2 1 6 1 3 1 1 16 7 1 1 1 |1 1 1 9 9 2 7 5 3 1 1 1 1 1 3 16 |2 2 1 15 3 2 15 13 10 1 1 7 1 8 1 3 |1 1 1 2 1 1 1 1 1 2 14 1 7 2 14 1 |1 2 1 1 2 1 2 7 3 8 3 1 9 1 11 13 |1 1 5 1 1 7 1 1 1 1 1 1 4 1 16 11 |
758: 1 1 12 1 1 1 1 1 2 1 1 2 1 1 10 6 |1 1 1 1 2 2 1 6 7 1 4 8 1 1 1 7 |1 1 6 1 2 1 2 2 1 1 1 4 1 1 1 5 |1 1 13 1 2 1 1 1 1 1 14 1 1 2 2 1 |1 2 1 5 1 7 1 1 2 4 1 1 1 1 3 3 |1 13 2 5 1 1 1 1 3 2 1 1 4 2 2 13 |1 1 1 1 2 1 6 1 3 1 1 16 7 1 1 1 |1 1 1 9 9 2 7 5 3 1 1 1 1 1 3 16 |2 2 1 15 3 2 15 13 10 1 1 7 1 8 1 3 |1 1 1 2 1 1 1 1 1 2 14 1 7 2 14 1 |1 2 1 1 2 1 2 7 3 8 3 1 9 1 11 13 |1 1 5 1 1 7 1 1 1 1 1 1 4 1 16 11 |
769: 1 1 12 1 1 1 1 1 2 1 1 2 1 1 10 6 |1 1 1 1 2 2 1 6 7 1 4 8 1 1 1 7 |1 1 6 1 2 1 2 2 1 1 1 4 1 1 1 5 |1 1 13 1 2 1 1 1 1 1 14 1 1 2 2 1 |1 2 1 5 1 7 1 1 2 4 1 1 1 1 3 3 |1 13 2 5 1 1 1 1 3 2 1 1 4 2 2 13 |1 1 1 1 2 1 6 1 3 1 1 16 7 1 1 1 |1 1 1 9 5 1 2 6 1 1 1 1 1 1 4 16 |2 2 1 15 3 2 15 13 10 1 1 7 1 8 1 3 |1 1 1 2 1 1 1 1 1 2 14 1 7 2 14 1 |1 2 1 1 2 1 2 7 3 8 3 1 9 1 11 13 |1 1 5 1 1 7 1 1 1 1 1 1 4 1 16 11 |
779: 1 1 12 1 1 1 1 1 2 1 1 2 1 1 10 6 |1 1 1 1 2 2 1 6 7 1 4 8 1 1 1 7 |1 1 6 1 2 1 2 2 1 1 1 4 1 1 1 5 |1 1 13 1 2 1 1 1 1 1 14 1 1 2 2 1 |1 2 1 5 1 7 1 1 2 4 1 1 1 1 3 3 |1 13 2 5 1 1 1 1 3 2 1 1 4 2 2 13 |1 1 1 1 2 1 6 1 3 1 1 16 7 1 1 1 |1 1 1 9 5 1 2 6 1 1 1 1 1 1 4 16 |2 2 1 15 3 2 15 13 10 1 1 7 1 8 1 3 |1 1 1 2 1 1 1 1 1 2 14 1 7 2 14 1 |1 2 1 1 2 1 2 7 3 8 3 1 9 1 11 13 |1 1 5 1 1 7 1 1 1 1 1 1 4 1 16 11 |
790: 1 1 12 1 1 1 1 1 2 1 1 2 1 1 10 6 |1 1 1 1 2 2 1 6 7 1 4 8 1 1 1 7 |1 1 6 1 2 1 2 2 1 1 1 4 1 1 1 5 |1 1 13 1 2 1 1 1 1 1 14 1 1 2 2 1 |1 2 1 5 1 7 1 1 2 4 1 1 1 1 3 3 |1 13 2 5 1 1 1 1 3 2 1 1 4 2 2 13 |1 1 1 1 2 1 6 1 3 1 1 16 7 1 1 1 |1 1 1 9 5 1 2 6 1 1 1 1 1 1 4 16 |2 2 1 15 3 2 15 13 10 1 1 7 1 8 1 3 |1 1 1 2 1 1 1 1 1 2 14 1 7 2 14 1 |1 2 1 1 2 1 2 7 3 8 3 1 9 1 11 13 |1 1 5 1 1 7 1 1 1 1 1 1 4 1 16 11 |
800: 1 1 12 1 1 1 1 1 2 1 1 2 1 1 10 6 |1 1 1 1 2 2 1 6 7 1 4 8 1 1 1 7 |1 1 6 1 2 1 2 2 1 1 1 4 1 1 1 5 |1 1 2 1 6 1 1 3 12 7 1 1 1 4 1 1 |1 2 1 5 1 7 1 1 2 4 1 1 1 1 3 3 |1 13 2 5 1 1 1 1 3 2 1 1 4 2 2 13 |1 1 1 1 2 1 6 1 3 1 1 16 7 1 1 1 |1 1 1 9 5 1 2 6 1 1 1 1 1 1 4 16 |2 2 1 15 3 2 15 13 10 1 1 7 1 8 1 3 |1 1 1 2 1 1 1 1 1 2 14 1 7 2 14 1 |1 2 1 1 2 1 2 7 3 8 3 1 9 1 11 13 |1 1 5 1 1 7 1 1 1 1 1 1 4 1 16 11 |
811: 1 1 12 1 1 1 1 1 2 1 1 2 1 1 10 6 |1 1 1 1 2 2 1 6 7 1 4 8 1 1 1 7 |1 1 6 1 2 1 2 2 1 1 1 4 1 1 1 5 |1 1 2 1 6 1 1 3 12 7 1 1 1 4 1 1 |1 2 1 5 1 7 1 1 2 4 1 1 1 1 3 3 |1 13 2 5 1 1 1 1 3 2 1 1 4 2 2 13 |1 1 1 1 2 1 6 1 3 1 1 16 7 1 1 1 |1 1 1 9 5 1 2 6 1 1 1 1 1 1 4 16 |2 2 1 15 3 2 15 13 10 1 1 7 1 8 1 3 |1 1 1 2 1 1 1 1 1 2 14 1 7 2 14 1 |1 2 1 1 2 1 2 7 3 8 3 1 9 1 11 13 |1 1 5 1 1 7 1 1 1 1 1 1 4 1 16 11 |
822: 1 1 12 1 1 1 1 1 2 1 1 2 1 1 10 6 |1 1 1 1 2 2 1 6 7 1 4 8 1 1 1 7 |1 1 6 1 2 1 2 2 1 1 1 4 1 1 1 5 |1 1 2 1 6 1 1 3 12 7 1 1 1 4 1 1 |1 2 1 5 1 7 1 1 2 4 1 1 1 1 3 3 |1 13 2 5 1 1 1 1 3 2 1 1 4 2 2 13 |1 1 1 1 2 1 6 1 3 1 1 16 7 1 1 1 |1 1 1 9 5 1 2 6 1 1 1 1 1 1 4 16 |2 2 1 15 3 2 15 13 10 1 1 7 1 8 1 3 |1 1 1 2 1 1 1 1 1 2 14 1 7 2 14 1 |1 2 1 1 2 1 2 7 3 8 3 1 9 1 11 13 |1 1 5 1 1 7 1 1 1 1 1 1 4 1 16 11 |
833: 1 1 12 1 1 1 1 1 2 1 1 2 1 1 10 6 |1 1 1 1 2 2 1 6 7 1 4 8 1 1 1 7 |1 1 6 1 2 1 2 2 1 1 1 4 1 1 1 5 |1 1 2 1 6 1 1 3 12 7 1 1 1 4 1 1 |1 2 1 5 1 7 1 1 2 4 1 1 1 1 3 3 |1 10 1 2 1 2 1 1 2 1 1 2 4 2 2 13 |1 1 1 1 2 1 6 1 3 1 1 16 7 1 1 1 |1 1 1 9 5 1 2 6 1 1 1 1 1 1 4 16 |2 2 1 15 3 2 15 13 10 1 1 7 1 8 1 3 |1 1 1 2 1 1 1 1 1 2 14 1 7 2 14 1 |1 2 1 1 2 1 2 7 3 8 3 1 9 1 11 13 |1 1 5 1 1 7 1 1 1 1 1 1 4 1 16 11 |
843: 1 1 12 1 1 1 1 1 2 1 1 2 1 1 10 6 |1 1 1 1 2 2 1 6 7 1 4 8 1 1 1 7 |1 1 6 1 2 1 2 2 1 1 1 4 1 1 1 5 |1 1 2 1 6 1 1 3 12 7 1 1 1 4 1 1 |1 2 1 5 1 7 1 1 2 4 1 1 1 1 3 3 |1 10 1 2 1 2 1 1 2 1 1 2 4 2 2 13 |1 1 1 1 2 1 6 1 3 1 1 16 7 1 1 1 |1 1 1 9 5 1 2 6 1 1 1 1 1 1 4 16 |2 2 1 15 3 2 15 13 10 1 1 7 1 8 1 3 |1 1 1 2 1 1 1 1 1 2 14 1 7 2 14 1 |1 2 1 1 2 1 2 7 3 8 3 1 9 1 11 13 |1 1 1 5 10 1 1 1 1 1 1 1 4 1 3 2 |
854: 1 1 12 1 1 1 1 1 2 1 1 2 1 1 10 6 |1 1 1 1 2 2 1 6 7 1 4 8 1 1 1 7 |1 1 6 1 2 1 2 2 1 1 1 4 1 1 1 5 |1 1 2 1 6 1 1 3 12 7 1 1 1 4 1 1 |1 2 1 5 1 7 1 1 2 4 1 1 1 1 3 3 |1 10 1 2 1 2 1 1 2 1 1 2 4 2 2 13 |1 1 1 1 2 1 6 1 3 1 1 16 7 1 1 1 |1 1 1 9 5 1 2 6 1 1 1 1 1 1 4 16 |2 2 1 15 3 2 15 13 10 1 1 7 1 8 1 3 |1 1 1 2 1 1 1 1 1 2 14 1 7 2 14 1 |1 2 1 1 2 1 2 7 3 8 3 1 9 1 11 13 |1 1 1 5 10 1 1 1 1 1 1 1 4 1 3 2 |
865: 1 1 12 1 1 1 1 1 2 1 1 2 1 1 10 6 |1 1 1 1 2 2 1 6 7 1 4 8 1 1 1 7 |1 1 6 1 2 1 2 2 1 1 1 4 1 1 1 5 |1 1 2 1 6 1 1 3 12 7 1 1 1 4 1 1 |1 2 1 5 1 7 1 1 2 4 1 1 1 1 3 3 |1 10 1 2 1 2 1 1 2 1 1 2 4 2 2 13 |1 1 1 1 2 1 6 1 3 1 1 16 7 1 1 1 |1 1 1 9 5 1 2 6 1 1 1 1 1 1 4 16 |2 2 1 15 3 2 15 13 10 1 1 7 1 8 1 3 |1 1 1 2 1 1 1 1 1 2 14 1 7 2 14 1 |1 2 1 1 2 1 2 7 3 8 3 1 9 1 11 13 |1 1 1 5 10 1 1 1 1 1 1 1 4 1 3 2 |
875: 1 1 12 1 1 1 1 1 2 1 1 2 1 1 10 6 |1 1 1 1 2 2 1 6 7 1 4 8 1 1 1 7 |1 1 6 1 2 1 2 2 1 1 1 4 1 1 1 5 |1 1 2 1 6 1 1 3 12 7 1 1 1 4 1 1 |1 2 1 5 1 7 1 1 2 4 1 1 1 1 3 3 |1 10 1 2 1 2 1 1 2 1 1 2 4 2 2 13 |1 1 1 1 2 1 6 1 3 1 1 16 7 1 1 1 |1 1 1 9 5 1 2 6 1 1 1 1 1 1 4 16 |2 2 1 15 3 2 15 13 10 1 1 7 1 8 1 3 |1 1 2 1 1 1 1 1 1 2 1 2 1 1 2 5 |1 2 1 1 2 1 2 7 3 8 3 1 9 1 11 13 |1 1 1 5 10 1 1 1 1 1 1 1 4 1 3 2 |
885: 1 1 12 1 1 1 1 1 2 1 1 2 1 1 10 6 |1 1 1 1 2 2 1 6 7 1 4 8 1 1 1 7 |1 1 6 1 2 1 2 2 1 1 1 4 1 1 1 5 |1 1 2 1 6 1 1 3 12 7 1 1 1 4 1 1 |1 2 1 5 1 7 1 1 2 4 1 1 1 1 3 3 |1 10 1 2 1 2 1 1 2 1 1 2 4 2 2 13 |1 1 1 1 2 1 6 1 3 1 1 16 7 1 1 1 |1 1 1 9 5 1 2 6 1 1 1 1 1 1 4 16 |2 2 1 15 3 2 15 13 10 1 1 7 1 8 1 3 |1 1 2 1 1 1 1 1 1 2 1 2 1 1 2 5 |1 2 1 1 2 1 2 7 3 8 3 1 9 1 11 13 |1 1 1 5 10 1 1 1 1 1 1 1 4 1 3 2 |
897: 1 1 12 1 1 1 1 1 2 1 1 2 1 1 10 6 |1 1 1 1 2 2 1 6 7 1 4 8 1 1 1 7 |1 1 6 1 2 1 2 2 1 1 1 4 1 1 1 5 |1 1 2 1 6 1 1 3 12 7 1 1 1 4 1 1 |1 2 1 5 1 7 1 1 2 4 1 1 1 1 3 3 |1 10 1 2 1 2 1 1 2 1 1 2 4 2 2 13 |1 1 1 1 2 1 6 1 3 1 1 16 7 1 1 1 |1 1 1 9 5 1 2 6 1 1 1 1 1 1 4 16 |2 2 1 15 3 2 15 13 10 1 1 7 1 8 1 3 |1 1 2 1 1 1 1 1 1 2 1 2 1 1 2 5 |1 2 1 1 2 1 2 7 3 8 3 1 9 1 11 13 |1 1 1 5 10 1 1 1 1 1 1 1 4 1 3 2 |
907: 1 1 12 1 1 1 1 1 2 1 1 2 1 1 10 6 |1 1 1 1 2 2 1 6 7 1 4 8 1 1 1 7 |1 1 6 1 2 1 2 2 1 1 1 4 1 1 1 5 |1 1 2 1 6 1 1 3 12 7 1 1 1 4 1 1 |1 2 1 5 1 7 1 1 2 4 1 1 1 1 3 3 |1 10 1 2 1 2 1 1 2 1 1 2 4 2 2 13 |1 1 1 1 2 1 6 1 3 1 1 16 7 1 1 1 |1 1 1 9 5 1 2 6 1 1 1 1 1 1 4 16 |2 2 1 15 3 2 15 13 10 1 1 7 1 8 1 3 |1 1 1 1 2 1 1 1 1 1 12 1 7 1 1 1 |1 2 1 1 2 1 2 7 3 8 3 1 9 1 11 13 |1 1 1 5 10 1 1 1 1 1 1 1 4 1 3 2 |
918: 1 1 12 1 1 1 1 1 2 1 1 2 1 1 10 6 |1 1 1 1 2 2 1 6 7 1 4 8 1 1 1 7 |1 1 6 1 2 1 2 2 1 1 1 4 1 1 1 5 |1 1 2 1 6 1 1 3 12 7 1 1 1 4 1 1 |1 2 1 5 1 7 1 1 2 4 1 1 1 1 3 3 |1 10 1 2 1 2 1 1 2 1 1 2 4 2 2 13 |1 1 1 1 2 1 6 1 3 1 1 16 7 1 1 1 |1 1 1 9 5 1 2 6 1 1 1 1 1 1 4 16 |2 2 1 15 3 2 15 13 10 1 1 7 1 8 1 3 |1 1 1 1 2 1 1 1 1 1 12 1 7 1 1 1 |1 2 1 1 2 1 2 7 3 8 3 1 9 1 11 13 |1 1 1 5 10 1 1 1 1 1 1 1 4 1 3 2 |
928: 1 1 1 1 1 3 1 1 5 1 1 2 1 1 9 5 |1 1 1 1 2 2 1 6 7 1 4 8 1 1 1 7 |1 1 6 1 2 1 2 2 1 1 1 4 1 1 1 5 |1 1 2 1 6 1 1 3 12 7 1 1 1 4 1 1 |1 2 1 5 1 7 1 1 2 4 1 1 1 1 3 3 |1 10 1 2 1 2 1 1 2 1 1 2 4 2 2 13 |1 1 1 1 2 1 6 1 3 1 1 16 7 1 1 1 |1 1 1 9 5 1 2 6 1 1 1 1 1 1 4 16 |2 2 1 15 3 2 15 13 10 1 1 7 1 8 1 3 |1 1 1 1 2 1 1 1 1 1 12 1 7 1 1 1 |1 2 1 1 2 1 2 7 3 8 3 1 9 1 11 13 |1 1 1 5 10 1 1 1 1 1 1 1 4 1 3 2 |
939: 1 1 1 1 1 3 1 1 5 1 1 2 1 1 9 5 |1 1 1 1 2 2 1 6 7 1 4 8 1 1 1 7 |1 1 6 1 2 1 2 2 1 1 1 4 1 1 1 5 |1 1 2 1 6 1 1 3 12 7 1 1 1 4 1 1 |1 2 1 5 1 7 1 1 2 4 1 1 1 1 3 3 |1 10 1 2 1 2 1 1 2 1 1 2 4 2 2 13 |1 1 1 1 2 1 6 1 3 1 1 16 7 1 1 1 |1 1 1 9 5 1 2 6 1 1 1 1 1 1 4 16 |2 2 1 15 3 2 15 13 10 1 1 7 1 8 1 3 |1 1 4 1 2 1 1 1 1 1 1 1 7 2 14 1 |1 2 1 1 2 1 2 7 3 8 3 1 9 1 11 13 |1 1 1 5 10 1 1 1 1 1 1 1 4 1 3 2 |
949: 1 1 1 1 1 3 1 1 5 1 1 2 1 1 9 5 |1 1 1 1 2 2 1 6 7 1 4 8 1 1 1 7 |1 1 6 1 2 1 2 2 1 1 1 4 1 1 1 5 |1 1 2 1 6 1 1 3 12 7 1 1 1 4 1 1 |1 2 1 5 1 7 1 1 2 4 1 1 1 1 3 3 |1 10 1 2 1 2 1 1 2 1 1 2 4 2 2 13 |1 1 1 1 2 1 6 1 3 1 1 16 7 1 1 1 |1 1 1 9 5 1 2 6 1 1 1 1 1 1 4 16 |2 2 1 15 3 2 15 13 10 1 1 7 1 8 1 3 |1 1 4 1 2 1 1 1 1 1 1 1 7 2 14 1 |1 1 1 1 2 1 2 6 2 8 1 1 1 1 12 9 |1 1 1 5 10 1 1 1 1 1 1 1 4 1 3 2 |
960: 1 1 1 1 1 3 1 1 5 1 1 2 1 1 9 5 |1 1 1 1 2 2 1 6 7 1 4 8 1 1 1 7 |1 1 6 1 2 1 2 2 1 1 1 4 1 1 1 5 |1 1 2 1 6 1 1 3 12 7 1 1 1 4 1 1 |1 2 1 5 1 7 1 1 2 4 1 1 1 1 3 3 |1 10 1 2 1 2 1 1 2 1 1 2 4 2 2 13 |1 1 1 1 2 1 6 1 3 1 1 16 7 1 1 1 |1 1 1 9 5 1 2 6 1 1 1 1 1 1 4 16 |2 2 1 15 3 2 15 13 10 1 1 7 1 8 1 3 |1 1 4 1 2 1 1 1 1 1 1 1 7 2 14 1 |1 1 1 1 2 1 2 6 2 8 1 1 1 1 12 9 |1 1 1 5 10 1 1 1 1 1 1 1 4 1 3 2 |
970: 1 1 1 1 1 3 1 1 5 1 1 2 1 1 9 5 |1 1 1 1 2 2 1 6 7 1 4 8 1 1 1 7 |1 1 6 1 2 1 2 2 1 1 1 4 1 1 1 5 |1 1 2 1 6 1 1 3 12 7 1 1 1 4 1 1 |1 2 1 5 1 7 1 1 2 4 1 1 1 1 3 3 |1 13 4 6 1 1 1 1 4 2 1 2 1 5 2 13 |1 1 1 1 2 1 6 1 3 1 1 16 7 1 1 1 |1 1 1 9 5 1 2 6 1 1 1 1 1 1 4 16 |2 2 1 15 3 2 15 13 10 1 1 7 1 8 1 3 |1 1 4 1 2 1 1 1 1 1 1 1 7 2 14 1 |1 1 1 1 2 1 2 6 2 8 1 1 1 1 12 9 |1 1 1 5 10 1 1 1 1 1 1 1 4 1 3 2 |
981: 1 1 1 1 1 3 1 1 5 1 1 2 1 1 9 5 |1 1 1 1 2 2 1 6 7 1 4 8 1 1 1 7 |1 1 6 1 2 1 2 2 1 1 1 4 1 1 1 5 |1 1 2 1 6 1 1 3 12 7 1 1 1 4 1 1 |1 2 1 5 1 7 1 1 2 4 1 1 1 1 3 3 |1 13 4 6 1 1 1 1 4 2 1 2 1 5 2 13 |1 1 1 1 2 1 6 1 3 1 1 16 7 1 1 1 |1 1 1 9 5 1 2 6 1 1 1 1 1 1 4 16 |2 2 1 15 3 2 15 13 10 1 1 7 1 8 1 3 |1 1 4 1 2 1 1 1 1 1 1 1 7 2 14 1 |1 1 1 1 2 1 2 6 2 8 1 1 1 1 12 9 |1 1 1 5 10 1 1 1 1 1 1 1 4 1 3 2 |
992: 1 1 1 1 1 3 1 1 5 1 1 2 1 1 9 5 |1 1 1 1 2 2 1 6 7 1 4 8 1 1 1 7 |1 1 6 1 2 1 2 2 1 1 1 4 1 1 1 5 |1 1 2 1 6 1 1 3 12 7 1 1 1 4 1 1 |1 2 1 5 1 7 1 1 2 4 1 1 1 1 3 3 |1 13 4 6 1 1 1 1 4 2 1 2 1 5 2 13 |1 1 1 1 2 1 6 1 3 1 1 16 7 1 1 1 |1 1 1 9 5 1 2 6 1 1 1 1 1 1 4 16 |2 2 1 15 3 2 15 13 10 1 1 7 1 8 1 3 |1 1 4 1 2 1 1 1 1 1 1 1 7 2 14 1 |1 1 1 1 2 1 2 6 2 8 1 1 1 1 12 9 |1 1 1 5 10 1 1 1 1 1 1 1 4 1 3 2 |
1003: 1 1 1 1 1 3 1 1 5 1 1 2 1 1 9 5 |1 1 1 1 2 2 1 6 7 1 4 8 1 1 1 7 |1 1 6 1 2 1 2 2 1 1 1 4 1 1 1 5 |1 1 2 1 6 1 1 3 12 7 1 1 1 4 1 1 |1 2 1 1 1 8 1 2 3 2 1 2 12 3 1 3 |1 13 4 6 1 1 1 1 4 2 1 2 1 5 2 13 |1 1 1 1 2 1 6 1 3 1 1 16 7 1 1 1 |1 1 1 9 5 1 2 6 1 1 1 1 1 1 4 16 |2 2 1 15 3 2 15 13 10 1 1 7 1 8 1 3 |1 1 4 1 2 1 1 1 1 1 1 1 7 2 14 1 |1 1 1 1 2 1 2 6 2 8 1 1 1 1 12 9 |1 1 1 5 10 1 1 1 1 1 1 1 4 1 3 2 |
1013: 1 1 1 1 1 3 1 1 5 1 1 2 1 1 9 5 |1 1 1 1 2 2 1 6 7 1 4 8 1 1 1 7 |1 1 6 1 2 1 2 2 1 1 1 4 1 1 1 5 |1 1 2 1 6 1 1 3 12 7 1 1 1 4 1 1 |1 2 1 1 1 8 1 2 3 2 1 2 12 3 1 3 |1 13 4 6 1 1 1 1 4 2 1 2 1 5 2 13 |1 1 1 1 2 1 6 1 3 1 1 16 7 1 1 1 |1 1 1 9 5 1 2 6 1 1 1 1 1 1 4 16 |2 2 1 15 3 2 15 13 10 1 1 7 1 8 1 3 |1 1 4 1 2 1 1 1 1 1 1 1 7 2 14 1 |1 1 1 1 2 1 2 6 2 8 1 1 1 1 12 9 |1 1 1 5 10 1 1 1 1 1 1 1 4 1 3 2 |
1024: 1 1 1 1 1 3 1 1 5 1 1 2 1 1 9 5 |1 1 1 1 2 2 1 6 7 1 4 8 1 1 1 7 |1 1 6 1 2 1 2 2 1 1 1 4 1 1 1 5 |1 1 2 1 6 1 1 3 12 7 1 1 1 4 1 1 |1 2 1 1 1 8 1 2 3 2 1 2 12 3 1 3 |1 13 4 6 1 1 1 1 4 2 1 2 1 5 2 13 |1 1 1 1 2 1 6 1 3 1 1 16 7 1 1 1 |1 1 1 9 5 1 2 6 1 1 1 1 1 1 4 16 |2 2 1 15 3 2 15 13 10 1 1 7 1 8 1 3 |1 1 4 1 2 1 1 1 1 1 1 1 7 2 14 1 |1 1 1 1 2 1 2 6 2 8 1 1 1 1 12 9 |1 1 1 5 10 1 1 1 1 1 1 1 4 1 3 2 |
1035: 1 1 1 1 1 3 1 1 5 1 1 2 1 1 9 5 |1 1 1 1 2 2 1 6 7 1 4 8 1 1 1 7 |1 1 6 1 2 1 2 2 1 1 1 4 1 1 1 5 |1 1 2 1 6 1 1 3 12 7 1 1 1 4 1 1 |1 6 3 1 1 1 1 1 1 4 2 2 2 1 3 3 |1 13 4 6 1 1 1 1 4 2 1 2 1 5 2 13 |1 1 1 1 2 1 6 1 3 1 1 16 7 1 1 1 |1 1 1 9 5 1 2 6 1 1 1 1 1 1 4 16 |2 2 1 15 3 2 15 13 10 1 1 7 1 8 1 3 |1 1 4 1 2 1 1 1 1 1 1 1 7 2 14 1 |1 1 1 1 2 1 2 6 2 8 1 1 1 1 12 9 |1 1 1 5 10 1 1 1 1 1 1 1 4 1 3 2 |
1045: 1 1 1 1 1 3 1 1 5 1 1 2 1 1 9 5 |1 1 1 1 2 2 1 6 7 1 4 8 1 1 1 7 |1 1 6 1 2 1 2 2 1 1 1 4 1 1 1 5 |1 1 2 1 6 1 1 3 12 7 1 1 1 4 1 1 |1 6 3 1 1 1 1 1 1 4 2 2 2 1 3 3 |1 13 4 6 1 1 1 1 4 2 1 2 1 5 2 13 |1 1 1 1 2 1 6 1 3 1 1 16 7 1 1 1 |1 1 1 9 5 1 2 6 1 1 1 1 1 1 4 16 |2 2 1 15 3 2 15 13 10 1 1 7 1 8 1 3 |1 1 4 1 2 1 1 1 1 1 1 1 7 2 14 1 |1 1 1 1 2 1 2 6 2 8 1 1 1 1 12 9 |1 1 1 5 10 1 1 1 1 1 1 1 4 1 3 2 |
1056: 1 1 1 1 1 3 1 1 5 1 1 2 1 1 9 5 |1 1 1 1 2 2 1 6 7 1 4 8 1 1 1 7 |1 1 6 1 2 1 2 2 1 1 1 4 1 1 1 5 |1 1 2 1 6 1 1 3 12 7 1 1 1 4 1 1 |1 6 3 1 1 1 1 1 1 4 2 2 2 1 3 3 |1 13 4 6 1 1 1 1 4 2 1 2 1 5 2 13 |1 1 1 1 2 1 6 1 3 1 1 16 7 1 1 1 |1 1 1 9 5 1 2 6 1 1 1 1 1 1 4 16 |2 2 1 15 3 2 15 13 10 1 1 7 1 8 1 3 |1 1 4 1 2 1 1 1 1 1 1 1 7 2 14 1 |1 1 1 1 2 1 2 6 2 8 1 1 1 1 12 9 |1 1 1 5 10 1 1 1 1 1 1 1 4 1 3 2 |
1066: 1 1 1 1 1 3 1 1 5 1 1 2 1 1 9 5 |1 1 1 1 2 2 1 6 7 1 4 8 1 1 1 7 |1 1 6 1 2 1 2 2 1 1 1 4 1 1 1 5 |1 1 2 1 6 1 1 3 12 7 1 1 1 4 1 1 |1 6 3 1 1 1 1 1 1 4 2 2 2 1 3 3 |1 13 4 6 1 1 1 1 4 2 1 2 1 5 2 13 |1 1 1 1 2 1 6 1 3 1 1 16 7 1 1 1 |1 1 1 9 5 1 2 6 1 1 1 1 1 1 4 16 |2 2 1 15 3 2 15 13 10 1 1 7 1 8 1 3 |1 1 4 1 2 1 1 1 1 1 1 1 7 2 14 1 |1 1 1 1 2 1 2 6 2 8 1 1 1 1 12 9 |1 1 1 5 10 1 1 1 1 1 1 1 4 1 3 2 |
1077: 1 1 1 1 1 3 1 1 5 1 1 2 1 1 9 5 |1 1 1 1 2 2 1 6 7 1 4 8 1 1 1 7 |1 1 6 1 2 1 2 2 1 1 1 4 1 1 1 5 |1 1 2 1 6 1 1 3 12 7 1 1 1 4 1 1 |1 6 3 1 1 1 1 1 1 4 2 2 2 1 3 3 |1 13 4 6 1 1 1 1 4 2 1 2 1 5 2 13 |1 1 1 1 2 1 6 1 3 1 1 16 7 1 1 1 |1 1 1 9 5 1 2 6 1 1 1 1 1 1 4 16 |2 2 1 15 3 2 15 13 10 1 1 7 1 8 1 3 |1 1 4 1 2 1 1 1 1 1 1 1 7 2 14 1 |1 2 1 1 3 1 2 7 3 8 3 1 9 1 4 1 |1 1 1 5 10 1 1 1 1 1 1 1 4 1 3 2 |
1088: 1 1 1 1 1 3 1 1 5 1 1 2 1 1 9 5 |1 1 1 1 2 2 1 6 7 1 4 8 1 1 1 7 |1 1 6 1 2 1 2 2 1 1 1 4 1 1 1 5 |1 1 2 1 6 1 1 3 12 7 1 1 1 4 1 1 |1 6 3 1 1 1 1 1 1 4 2 2 2 1 3 3 |1 13 4 6 1 1 1 1 4 2 1 2 1 5 2 13 |1 1 1 1 2 1 6 1 3 1 1 16 7 1 1 1 |1 1 1 9 5 1 2 6 1 1 1 1 1 1 4 16 |2 2 1 15 3 2 15 13 10 1 1 7 1 8 1 3 |1 1 4 1 2 1 1 1 1 1 1 1 7 2 14 1 |1 2 1 1 3 1 2 7 3 8 3 1 9 1 4 1 |1 1 1 5 10 1 1 1 1 1 1 1 4 1 3 2 |
1098: 1 1 1 1 1 3 1 1 5 1 1 2 1 1 9 5 |1 1 1 1 2 2 1 6 7 1 4 8 1 1 1 7 |1 1 6 1 2 1 2 2 1 1 1 4 1 1 1 5 |1 1 2 1 6 1 1 3 12 7 1 1 1 4 1 1 |1 6 3 1 1 1 1 1 1 4 2 2 2 1 3 3 |1 13 4 6 1 1 1 1 4 2 1 2 1 5 2 13 |1 1 1 1 2 1 6 1 3 1 1 16 7 1 1 1 |1 1 1 9 5 1 2 6 1 1 1 1 1 1 4 16 |2 2 1 15 3 2 15 13 10 1 1 7 1 8 1 3 |1 1 4 1 2 1 1 1 1 1 1 1 7 2 14 1 |1 2 1 1 3 1 2 7 3 8 3 1 9 1 4 1 |1 1 1 5 10 1 1 1 1 1 1 1 4 1 3 2 |
1108: 1 1 1 1 1 2 1 1 2 1 1 2 5 1 9 6 |1 1 1 1 2 2 1 6 7 1 4 8 1 1 1 7 |1 1 6 1 2 1 2 2 1 1 1 4 1 1 1 5 |1 1 2 1 6 1 1 3 12 7 1 1 1 4 1 1 |1 6 3 1 1 1 1 1 1 4 2 2 2 1 3 3 |1 13 4 6 1 1 1 1 4 2 1 2 1 5 2 13 |1 1 1 1 2 1 6 1 3 1 1 16 7 1 1 1 |1 1 1 9 5 1 2 6 1 1 1 1 1 1 4 16 |2 2 1 15 3 2 15 13 10 1 1 7 1 8 1 3 |1 1 4 1 2 1 1 1 1 1 1 1 7 2 14 1 |1 2 1 1 3 1 2 7 3 8 3 1 9 1 4 1 |1 1 1 5 10 1 1 1 1 1 1 1 4 1 3 2 |
1120: 1 1 1 1 1 2 1 1 2 1 1 2 5 1 9 6 |1 1 1 1 2 2 1 6 7 1 4 8 1 1 1 7 |1 1 6 1 2 1 2 2 1 1 1 4 1 1 1 5 |1 1 2 1 6 1 1 3 12 7 1 1 1 4 1 1 |1 6 3 1 1 1 1 1 1 4 2 2 2 1 3 3 |1 13 4 6 1 1 1 1 4 2 1 2 1 5 2 13 |1 1 1 1 2 1 6 1 3 1 1 16 7 1 1 1 |1 1 1 9 5 1 2 6 1 1 1 1 1 1 4 16 |2 2 1 15 3 2 15 13 10 1 1 7 1 8 1 3 |1 1 4 1 2 1 1 1 1 1 1 1 7 2 14 1 |1 2 1 1 3 1 2 7 3 8 3 1 9 1 4 1 |1 1 1 5 10 1 1 1 1 1 1 1 4 1 3 2 |
1130: 1 1 1 1 1 2 1 1 2 1 1 2 5 1 9 6 |1 1 1 1 2 2 1 6 7 1 4 8 1 1 1 7 |1 1 6 1 2 1 2 2 1 1 1 4 1 1 1 5 |1 1 2 1 6 1 1 3 12 7 1 1 1 4 1 1 |1 6 3 1 1 1 1 1 1 4 2 2 2 1 3 3 |1 13 4 6 1 1 1 1 4 2 1 2 1 5 2 13 |1 1 1 1 2 1 6 1 3 1 1 16 7 1 1 1 |1 1 1 9 5 1 2 6 1 1 1 1 1 1 4 16 |2 2 1 15 3 2 15 13 10 1 1 7 1 8 1 3 |1 1 4 1 2 1 1 1 1 1 1 1 7 2 14 1 |1 2 1 1 3 1 2 7 3 8 3 1 9 1 4 1 |1 1 1 5 10 1 1 1 1 1 1 1 4 1 3 2 |
1141: 1 1 1 1 1 2 1 1 2 1 1 2 5 1 9 6 |1 1 1 1 2 2 1 6 7 1 4 8 1 1 1 7 |1 1 6 1 2 1 2 2 1 1 1 4 1 1 1 5 |1 1 2 1 6 1 1 3 12 7 1 1 1 4 1 1 |1 6 3 1 1 1 1 1 1 4 2 2 2 1 3 3 |1 13 4 6 1 1 1 1 4 2 1 2 1 5 2 13 |1 1 1 1 2 1 6 1 3 1 1 16 7 1 1 1 |1 1 1 9 5 1 2 6 1 1 1 1 1 1 4 16 |2 2 1 3 11 1 16 1 1 1 1 2 1 2 2 2 |1 1 4 1 2 1 1 1 1 1 1 1 7 2 14 1 |1 2 1 1 3 1 2 7 3 8 3 1 9 1 4 1 |1 1 1 5 10 1 1 1 1 1 1 1 4 1 3 2 |
1152: 1 1 1 1 1 2 1 1 2 1 1 2 5 1 9 6 |1 1 1 1 2 2 1 6 7 1 4 8 1 1 1 7 |1 1 6 1 2 1 2 2 1 1 1 4 1 1 1 5 |1 1 2 1 6 1 1 3 12 7 1 1 1 4 1 1 |1 6 3 1 1 1 1 1 1 4 2 2 2 1 3 3 |1 13 4 6 1 1 1 1 4 2 1 2 1 5 2 13 |1 1 1 1 2 1 6 1 3 1 1 16 7 1 1 1 |1 1 1 9 5 1 2 6 1 1 1 1 1 1 4 16 |2 2 1 3 11 1 16 1 1 1 1 2 1 2 2 2 |1 1 1 1 1 1 1 1 1 1 1 1 7 2 2 1 |1 2 1 1 3 1 2 7 3 8 3 1 9 1 4 1 |1 1 1 5 10 1 1 1 1 1 1 1 4 1 3 2 |
1163: 1 1 1 1 1 2 1 1 2 1 1 2 5 1 9 6 |1 1 1 1 2 2 1 6 7 1 4 8 1 1 1 7 |1 1 6 1 2 1 2 2 1 1 1 4 1 1 1 5 |1 1 2 1 6 1 1 3 12 7 1 1 1 4 1 1 |1 6 3 1 1 1 1 1 1 4 2 2 2 1 3 3 |1 13 4 6 1 1 1 1 4 2 1 2 1 5 2 13 |1 1 1 1 2 1 6 1 3 1 1 16 7 1 1 1 |1 1 1 9 5 1 2 6 1 1 1 1 1 1 4 16 |2 2 1 3 11 1 16 1 1 1 1 2 1 2 2 2 |1 1 1 1 1 1 1 1 1 1 1 1 7 2 2 1 |1 2 1 1 3 1 2 7 3 8 3 1 9 1 4 1 |1 1 1 5 10 1 1 1 1 1 1 1 4 1 3 2 |
1173: 1 1 1 1 1 2 1 1 2 1 1 2 5 1 9 6 |1 1 1 1 2 2 1 6 7 1 4 8 1 1 1 7 |1 1 6 1 2 1 2 2 1 1 1 4 1 1 1 5 |1 1 2 1 6 1 1 3 12 7 1 1 1 4 1 1 |1 6 3 1 1 1 1 1 1 4 2 2 2 1 3 3 |1 13 4 6 1 1 1 1 4 2 1 2 1 5 2 13 |1 1 1 1 2 1 6 1 3 1 1 16 7 1 1 1 |1 1 1 9 5 1 2 6 1 1 1 1 1 1 4 16 |2 2 1 3 11 1 16 1 1 1 1 2 1 2 2 2 |1 1 1 1 1 1 1 1 1 1 1 1 7 2 2 1 |1 2 1 1 3 1 2 7 3 8 3 1 9 1 4 1 |1 1 1 5 10 1 1 1 1 1 1 1 4 1 3 2 |
1184: 1 1 1 1 1 2 1 1 2 1 1 2 5 1 9 6 |1 1 1 1 2 2 1 6 7 1 4 8 1 1 1 7 |1 1 6 1 2 1 2 2 1 1 1 4 1 1 1 5 |1 1 2 1 6 1 1 3 12 7 1 1 1 4 1 1 |1 6 3 1 1 1 1 1 1 4 2 2 2 1 3 3 |1 13 4 6 1 1 1 1 4 2 1 2 1 5 2 13 |1 1 1 1 2 1 6 1 3 1 1 16 7 1 1 1 |1 1 1 9 5 1 2 6 1 1 1 1 1 1 4 16 |2 2 1 3 11 1 16 1 1 1 1 2 1 2 2 2 |1 1 1 1 1 1 1 1 1 1 1 1 7 2 2 1 |1 2 1 1 3 1 2 7 3 8 3 1 9 1 4 1 |1 1 1 5 10 1 1 1 1 1 1 1 4 1 3 2 |
1195: 1 1 1 1 1 2 1 1 2 1 1 2 5 1 9 6 |1 1 1 1 2 2 1 6 7 1 4 8 1 1 1 7 |1 1 6 1 2 1 2 2 1 1 1 4 1 1 1 5 |1 1 2 1 6 1 1 3 12 7 1 1 1 4 1 1 |1 6 3 1 1 1 1 1 1 4 2 2 2 1 3 3 |1 13 4 6 1 1 1 1 4 2 1 2 1 5 2 13 |1 1 1 1 2 1 6 1 3 1 1 16 7 1 1 1 |1 1 1 9 5 1 2 6 1 1 1 1 1 1 4 16 |2 2 1 3 11 1 16 1 1 1 1 2 1 2 2 2 |1 1 1 1 1 1 1 1 1 1 1 1 7 2 2 1 |1 2 1 1 3 1 2 7 3 8 3 1 9 1 4 1 |1 1 1 5 10 1 1 1 1 1 1 1 4 1 3 2 |
1206: 1 1 1 1 1 2 1 1 2 1 1 2 5 1 9 6 |1 1 1 1 2 2 1 6 7 1 4 8 1 1 1 7 |1 1 6 1 2 1 2 2 1 1 1 4 1 1 1 5 |1 1 2 1 6 1 1 3 12 7 1 1 1 4 1 1 |1 6 3 1 1 1 1 1 1 4 2 2 2 1 3 3 |1 13 4 6 1 1 1 1 4 2 1 2 1 5 2 13 |1 1 1 1 2 1 6 1 3 1 1 16 7 1 1 1 |1 1 1 9 6 1 9 2 1 1 1 1 1 1 3 15 |2 2 1 3 11 1 16 1 1 1 1 2 1 2 2 2 |1 1 1 1 1 1 1 1 1 1 1 1 7 2 2 1 |1 2 1 1 3 1 2 7 3 8 3 1 9 1 4 1 |1 1 1 5 10 1 1 1 1 1 1 1 4 1 3 2 |
1217: 1 1 1 1 1 2 1 1 2 1 1 2 5 1 9 6 |1 1 1 1 2 2 1 6 7 1 4 8 1 1 1 7 |1 1 6 1 2 1 2 2 1 1 1 4 1 1 1 5 |1 1 2 1 6 1 1 3 12 7 1 1 1 4 1 1 |1 6 3 1 1 1 1 1 1 4 2 2 2 1 3 3 |1 13 4 6 1 1 1 1 4 2 1 2 1 5 2 13 |1 1 1 1 2 1 6 1 3 1 1 16 7 1 1 1 |1 1 1 9 6 1 9 2 1 1 1 1 1 1 3 15 |2 2 1 3 11 1 16 1 1 1 1 2 1 2 2 2 |1 1 1 1 1 1 1 1 1 1 1 1 7 2 2 1 |1 2 1 1 3 1 2 7 3 8 3 1 9 1 4 1 |1 1 1 5 10 1 1 1 1 1 1 1 4 1 3 2 |
1228: 1 1 1 1 1 2 1 1 2 1 1 2 5 1 9 6 |1 1 1 1 2 2 1 6 7 1 4 8 1 1 1 7 |1 1 6 1 2 1 2 2 1 1 1 4 1 1 1 5 |1 1 2 1 6 1 1 3 12 7 1 1 1 4 1 1 |1 6 3 1 1 1 1 1 1 4 2 2 2 1 3 3 |1 13 4 6 1 1 1 1 4 2 1 2 1 5 2 13 |1 1 1 1 2 1 6 1 3 1 1 16 7 1 1 1 |1 1 1 9 6 1 9 2 1 1 1 1 1 1 3 15 |2 2 1 3 11 1 16 1 1 1 1 2 1 2 2 2 |1 1 1 1 1 1 1 1 1 1 1 1 7 2 2 1 |1 2 1 1 3 1 2 7 3 8 3 1 9 1 4 1 |1 1 1 5 10 1 1 1 1 1 1 1 4 1 3 2 |
1239: 1 1 1 1 1 2 1 1 2 1 1 2 5 1 9 6 |1 1 1 1 2 2 1 6 7 1 4 8 1 1 1 7 |1 1 6 1 2 1 2 2 1 1 1 4 1 1 1 5 |1 1 2 1 6 1 1 3 12 7 1 1 1 4 1 1 |1 6 3 1 1 1 1 1 1 4 2 2 2 1 3 3 |1 13 4 6 1 1 1 1 4 2 1 2 1 5 2 13 |1 1 5 1 3 1 1 2 1 1 1 16 9 1 1 1 |1 1 1 9 6 1 9 2 1 1 1 1 1 1 3 15 |2 2 1 3 11 1 16 1 1 1 1 2 1 2 2 2 |1 1 1 1 1 1 1 1 1 1 1 1 7 2 2 1 |1 2 1 1 3 1 2 7 3 8 3 1 9 1 4 1 |1 1 1 5 10 1 1 1 1 1 1 1 4 1 3 2 |
1250: 1 1 1 1 1 2 1 1 2 1 1 2 5 1 9 6 |1 1 1 1 2 2 1 6 7 1 4 8 1 1 1 7 |1 1 6 1 2 1 2 2 1 1 1 4 1 1 1 5 |1 1 2 1 6 1 1 3 12 7 1 1 1 4 1 1 |1 6 3 1 1 1 1 1 1 4 2 2 2 1 3 3 |1 13 4 6 1 1 1 1 4 2 1 2 1 5 2 13 |1 1 5 1 3 1 1 2 1 1 1 16 9 1 1 1 |1 1 1 9 6 1 9 2 1 1 1 1 1 1 3 15 |2 2 1 3 11 1 16 1 1 1 1 2 1 2 2 2 |1 1 1 1 1 1 1 1 1 1 1 1 7 2 2 1 |1 2 1 1 3 1 2 7 3 8 3 1 9 1 4 1 |1 1 1 5 10 1 1 1 1 1 1 1 4 1 3 2 |
1261: 1 1 1 1 1 2 1 1 2 1 1 2 5 1 9 6 |1 1 1 1 2 2 1 6 7 1 4 8 1 1 1 7 |1 1 6 1 2 1 2 2 1 1 1 4 1 1 1 5 |1 1 2 1 6 1 1 3 12 7 1 1 1 4 1 1 |1 6 3 1 1 1 1 1 1 4 2 2 2 1 3 3 |1 13 4 6 1 1 1 1 4 2 1 2 1 5 2 13 |1 1 5 1 3 1 1 2 1 1 1 16 9 1 1 1 |1 1 1 9 6 1 9 2 1 1 1 1 1 1 3 15 |2 2 1 3 11 1 16 1 1 1 1 2 1 2 2 2 |1 1 1 1 1 1 1 1 1 1 1 1 7 2 2 1 |1 2 1 1 3 1 2 7 3 8 3 1 9 1 4 1 |1 1 1 5 10 1 1 1 1 1 1 1 4 1 3 2 |
1272: 1 1 1 1 1 2 1 1 2 1 1 2 5 1 9 6 |1 1 1 1 2 2 1 6 7 1 4 8 1 1 1 7 |1 1 6 1 2 1 2 2 1 1 1 4 1 1 1 5 |1 1 2 1 6 1 1 3 12 7 1 1 1 4 1 1 |1 6 3 1 1 1 1 1 1 4 2 2 2 1 3 3 |1 13 4 6 1 1 1 1 4 2 1 2 1 5 2 13 |1 1 5 1 3 1 1 2 1 1 1 16 9 1 1 1 |1 1 1 9 6 1 9 2 1 1 1 1 1 1 3 15 |2 2 1 3 11 1 16 1 1 1 1 2 1 2 2 2 |1 1 1 1 1 1 1 1 1 1 1 1 7 2 2 1 |1 2 1 1 3 1 2 7 3 8 3 1 9 1 4 1 |1 1 1 5 10 1 1 1 1 1 1 1 4 1 3 2 |
1283: 1 1 1 1 1 2 1 1 2 1 1 2 5 1 9 6 |1 1 1 1 2 2 1 6 7 1 4 8 1 1 1 7 |1 1 6 1 2 1 2 2 1 1 1 4 1 1 1 5 |1 1 2 1 6 1 1 3 12 7 1 1 1 4 1 1 |1 6 3 1 1 1 1 1 1 4 2 2 2 1 3 3 |1 13 4 6 1 1 1 1 4 2 1 2 1 5 2 13 |1 1 5 1 3 1 1 2 1 1 1 16 9 1 1 1 |1 1 1 9 6 1 9 2 1 1 1 1 1 1 3 15 |2 2 1 3 11 1 16 1 1 1 1 2 1 2 2 2 |1 1 1 1 1 1 1 1 1 1 1 1 7 2 2 1 |1 2 1 1 3 1 2 7 3 8 3 1 9 1 4 1 |1 1 1 5 10 1 1 1 1 1 1 1 4 1 3 2 |
1293: 1 1 1 1 1 2 1 1 2 1 1 2 5 1 9 6 |1 1 1 1 2 2 1 6 7 1 4 8 1 1 1 7 |1 1 6 1 2 1 2 2 1 1 1 4 1 1 1 5 |1 1 2 1 6 1 1 3 12 7 1 1 1 4 1 1 |1 6 3 1 1 1 1 1 1 4 2 2 2 1 3 3 |1 13 4 6 1 1 1 1 4 2 1 2 1 5 2 13 |1 1 5 1 3 1 1 2 1 1 1 16 9 1 1 1 |1 1 1 9 6 1 9 2 1 1 1 1 1 1 3 15 |2 2 1 3 11 1 16 1 1 1 1 2 1 2 2 2 |1 1 1 1 1 1 1 1 1 1 1 1 7 2 2 1 |1 2 1 1 3 1 2 7 3 8 3 1 9 1 4 1 |1 1 1 5 10 1 1 1 1 1 1 1 4 1 3 2 |
1304: 1 1 1 1 1 2 1 1 2 1 1 2 5 1 9 6 |1 1 1 1 2 2 1 6 7 1 4 8 1 1 1 7 |1 1 6 1 2 1 2 2 1 1 1 4 1 1 1 5 |1 1 2 1 6 1 1 3 12 7 1 1 1 4 1 1 |1 1 1 1 1 7 1 1 2 5 1 2 3 3 1 2 |1 13 4 6 1 1 1 1 4 2 1 2 1 5 2 13 |1 1 5 1 3 1 1 2 1 1 1 16 9 1 1 1 |1 1 1 9 6 1 9 2 1 1 1 1 1 1 3 15 |2 2 1 3 11 1 16 1 1 1 1 2 1 2 2 2 |1 1 1 1 1 1 1 1 1 1 1 1 7 2 2 1 |1 2 1 1 3 1 2 7 3 8 3 1 9 1 4 1 |1 1 1 5 10 1 1 1 1 1 1 1 4 1 3 2 |
1315: 1 1 1 1 1 2 1 1 2 1 1 2 5 1 9 6 |1 1 1 1 2 2 1 6 7 1 4 8 1 1 1 7 |1 1 6 1 2 1 2 2 1 1 1 4 1 1 1 5 |1 1 2 1 6 1 1 3 12 7 1 1 1 4 1 1 |1 1 1 1 1 7 1 1 2 5 1 2 3 3 1 2 |1 13 4 6 1 1 1 1 4 2 1 2 1 5 2 13 |1 1 5 1 3 1 1 2 1 1 1 16 9 1 1 1 |1 1 1 9 6 1 9 2 1 1 1 1 1 1 3 15 |2 2 1 3 11 1 16 1 1 1 1 2 1 2 2 2 |1 1 1 1 1 1 1 1 1 1 1 1 7 2 2 1 |1 2 1 1 3 1 2 7 3 8 3 1 9 1 4 1 |1 1 1 5 10 1 1 1 1 1 1 1 4 1 3 2 |
1326: 1 1 1 1 1 2 1 1 2 1 1 2 5 1 9 6 |1 1 1 1 2 2 1 6 7 1 4 8 1 1 1 7 |1 1 6 1 2 1 2 2 1 1 1 4 1 1 1 5 |1 1 2 1 6 1 1 3 12 7 1 1 1 4 1 1 |1 1 1 1 1 7 1 1 2 5 1 2 3 3 1 2 |1 13 4 6 1 1 1 1 4 2 1 2 1 5 2 13 |1 1 5 1 3 1 1 2 1 1 1 16 9 1 1 1 |1 1 1 9 6 1 9 2 1 1 1 1 1 1 3 15 |2 2 1 3 11 1 16 1 1 1 1 2 1 2 2 2 |1 1 1 1 1 1 1 1 1 1 1 1 7 2 2 1 |1 2 1 1 3 1 2 7 3 8 3 1 9 1 4 1 |1 1 1 5 10 1 1 1 1 1 1 1 4 1 3 2 |
1337: 1 1 1 1 1 2 1 1 2 1 1 2 5 1 9 6 |1 1 1 1 2 2 1 6 7 1 4 8 1 1 1 7 |1 1 6 1 2 1 2 2 1 1 1 4 1 1 1 5 |1 1 2 1 6 1 1 3 12 7 1 1 1 4 1 1 |1 1 1 1 1 7 1 1 2 5 1 2 3 3 1 2 |1 13 4 6 1 1 1 1 4 2 1 2 1 5 2 13 |1 1 5 1 3 1 1 2 1 1 1 16 9 1 1 1 |1 1 1 9 6 1 9 2 1 1 1 1 1 1 3 15 |2 2 1 3 11 1 16 1 1 1 1 2 1 2 2 2 |1 1 1 1 1 1 1 1 1 1 1 1 7 2 2 1 |1 2 1 1 3 1 2 7 3 8 3 1 9 1 4 1 |1 1 1 5 10 1 1 1 1 1 1 1 4 1 3 2 |
1348: 1 1 1 1 1 2 1 1 2 1 1 2 5 1 9 6 |1 1 1 1 2 2 1 6 7 1 4 8 1 1 1 7 |1 1 6 1 2 1 2 2 1 1 1 4 1 1 1 5 |1 1 2 1 6 1 1 3 12 7 1 1 1 4 1 1 |1 1 1 1 1 7 1 1 2 5 1 2 3 3 1 2 |1 13 4 6 1 1 1 1 4 2 1 2 1 5 2 13 |1 1 5 1 3 1 1 2 1 1 1 16 9 1 1 1 |1 1 1 9 6 1 9 2 1 1 1 1 1 1 3 15 |2 2 1 3 11 1 16 1 1 1 1 2 1 2 2 2 |1 1 1 1 1 1 1 1 1 1 1 1 7 2 2 1 |1 2 1 1 3 1 2 7 3 8 3 1 9 1 4 1 |1 1 1 5 10 1 1 1 1 1 1 1 4 1 3 2 |
1358: 1 1 1 1 1 2 1 1 2 1 1 2 5 1 9 6 |1 1 1 1 2 2 1 6 7 1 4 8 1 1 1 7 |1 1 6 1 2 1 2 2 1 1 1 4 1 1 1 5 |1 1 2 1 6 1 1 3 12 7 1 1 1 4 1 1 |1 1 1 1 1 7 1 1 2 5 1 2 3 3 1 2 |1 13 4 6 1 1 1 1 4 2 1 2 1 5 2 13 |1 1 5 1 3 1 1 2 1 1 1 16 9 1 1 1 |1 1 1 9 6 1 9 2 1 1 1 1 1 1 3 15 |2 2 1 3 11 1 16 1 1 1 1 2 1 2 2 2 |1 1 1 1 1 1 1 1 1 1 1 1 7 2 2 1 |1 2 1 1 3 1 2 7 3 8 3 1 9 1 4 1 |1 1 1 5 10 1 1 1 1 1 1 1 4 1 3 2 |
1368: 1 1 1 1 1 2 1 1 2 1 1 2 5 1 9 6 |1 1 1 1 2 2 1 6 7 1 4 8 1 1 1 7 |1 1 6 1 2 1 2 2 1 1 1 4 1 1 1 5 |1 1 2 1 6 1 1 3 12 7 1 1 1 4 1 1 |1 1 1 1 1 7 1 1 2 5 1 2 3 3 1 2 |1 13 4 6 1 1 1 1 4 2 1 2 1 5 2 13 |1 1 5 1 3 1 1 2 1 1 1 16 9 1 1 1 |1 1 1 9 6 1 9 2 1 1 1 1 1 1 3 15 |2 2 1 3 11 1 16 1 1 1 1 2 1 2 2 2 |1 1 1 1 1 1 1 1 1 1 1 1 7 2 2 1 |1 2 1 1 3 1 2 7 3 8 3 1 9 1 4 1 |1 1 1 5 10 1 1 1 1 1 1 1 4 1 3 2 |
1379: 1 1 1 1 1 2 1 1 2 1 1 2 5 1 9 6 |1 1 1 1 2 2 1 6 7 1 4 8 1 1 1 7 |1 1 6 1 2 1 2 2 1 1 1 4 1 1 1 5 |1 1 2 1 6 1 1 3 12 7 1 1 1 4 1 1 |1 1 1 1 1 7 1 1 2 5 1 2 3 3 1 2 |1 13 4 6 1 1 1 1 4 2 1 2 1 5 2 13 |1 1 5 1 3 1 1 2 1 1 1 16 9 1 1 1 |1 1 1 9 6 1 9 2 1 1 1 1 1 1 3 15 |2 2 1 3 11 1 16 1 1 1 1 2 1 2 2 2 |1 1 1 1 1 1 1 1 1 1 1 1 7 2 2 1 |1 2 1 1 3 1 2 7 3 8 3 1 9 1 4 1 |1 1 1 5 10 1 1 1 1 1 1 1 4 1 3 2 |
1389: 1 1 1 1 1 2 1 1 2 1 1 2 5 1 9 6 |1 1 1 1 2 2 1 6 7 1 4 8 1 1 1 7 |1 1 6 1 2 1 2 2 1 1 1 4 1 1 1 5 |1 1 2 1 6 1 1 3 12 7 1 1 1 4 1 1 |1 1 1 1 1 7 1 1 2 5 1 2 3 3 1 2 |1 13 4 6 1 1 1 1 4 2 1 2 1 5 2 13 |1 1 5 1 3 1 1 2 1 1 1 16 9 1 1 1 |1 1 1 9 6 1 9 2 1 1 1 1 1 1 3 15 |2 2 1 3 11 1 16 1 1 1 1 2 1 2 2 2 |1 1 1 1 1 1 1 1 1 1 1 1 7 2 2 1 |1 2 1 1 3 1 2 7 3 8 3 1 9 1 4 1 |1 1 1 5 10 1 1 1 1 1 1 1 4 1 3 2 |
1400: 1 1 1 1 1 2 1 1 2 1 1 2 5 1 9 6 |1 1 1 1 2 2 1 6 7 1 4 8 1 1 1 7 |1 1 6 1 2 1 2 2 1 1 1 4 1 1 1 5 |1 1 2 1 6 1 1 3 12 7 1 1 1 4 1 1 |1 1 1 1 1 7 1 1 2 5 1 2 3 3 1 2 |1 13 4 6 1 1 1 1 4 2 1 2 1 5 2 13 |1 1 1 1 3 1 1 1 1 2 2 15 8 1 1 4 |1 1 1 9 6 1 9 2 1 1 1 1 1 1 3 15 |2 2 1 3 11 1 16 1 1 1 1 2 1 2 2 2 |1 1 1 1 1 1 1 1 1 1 1 1 7 2 2 1 |1 2 1 1 3 1 2 7 3 8 3 1 9 1 4 1 |1 1 1 5 10 1 1 1 1 1 1 1 4 1 3 2 |
1411: 1 1 1 1 1 2 1 1 2 1 1 2 5 1 9 6 |1 1 1 1 2 2 1 6 7 1 4 8 1 1 1 7 |1 1 6 1 2 1 2 2 1 1 1 4 1 1 1 5 |1 1 2 1 6 1 1 3 12 7 1 1 1 4 1 1 |1 1 1 1 1 7 1 1 2 5 1 2 3 3 1 2 |1 13 4 6 1 1 1 1 4 2 1 2 1 5 2 13 |1 1 1 1 3 1 1 1 1 2 2 15 8 1 1 4 |1 1 1 9 6 1 9 2 1 1 1 1 1 1 3 15 |2 2 1 3 11 1 16 1 1 1 1 2 1 2 2 2 |1 1 1 1 1 1 1 1 1 1 1 1 7 2 2 1 |1 2 1 1 3 1 2 7 3 8 3 1 9 1 4 1 |1 1 1 5 10 1 1 1 1 1 1 1 4 1 3 2 |
1422: 1 1 1 1 1 2 1 1 2 1 1 2 5 1 9 6 |1 1 1 1 2 2 1 6 7 1 4 8 1 1 1 7 |1 1 6 1 2 1 2 2 1 1 1 4 1 1 1 5 |1 1 2 1 6 1 1 3 12 7 1 1 1 4 1 1 |1 1 1 1 1 7 1 1 2 5 1 2 3 3 1 2 |1 13 4 6 1 1 1 1 4 2 1 2 1 5 2 13 |1 1 1 1 3 1 1 1 1 2 2 15 8 1 1 4 |1 1 1 9 6 1 9 2 1 1 1 1 1 1 3 15 |2 2 1 3 11 1 16 1 1 1 1 2 1 2 2 2 |1 1 1 1 1 1 1 1 1 1 1 1 7 2 2 1 |1 2 1 1 3 1 2 7 3 8 3 1 9 1 4 1 |1 1 1 5 10 1 1 1 1 1 1 1 4 1 3 2 |
1432: 1 1 1 1 1 2 1 1 2 1 1 2 5 1 9 6 |1 1 1 1 2 2 1 6 7 1 4 8 1 1 1 7 |1 1 6 1 2 1 2 2 1 1 1 4 1 1 1 5 |1 1 2 1 6 1 1 3 12 7 1 1 1 4 1 1 |1 2 1 1 1 1 2 1 7 6 1 2 7 1 1 6 |1 13 4 6 1 1 1 1 4 2 1 2 1 5 2 13 |1 1 1 1 3 1 1 1 1 2 2 15 8 1 1 4 |1 1 1 9 6 1 9 2 1 1 1 1 1 1 3 15 |2 2 1 3 11 1 16 1 1 1 1 2 1 2 2 2 |1 1 1 1 1 1 1 1 1 1 1 1 7 2 2 1 |1 2 1 1 3 1 2 7 3 8 3 1 9 1 4 1 |1 1 1 5 10 1 1 1 1 1 1 1 4 1 3 2 |
1442: 1 1 1 1 1 2 1 1 2 1 1 2 5 1 9 6 |1 1 1 1 2 2 1 6 7 1 4 8 1 1 1 7 |1 1 6 1 2 1 2 2 1 1 1 4 1 1 1 5 |1 1 2 1 6 1 1 3 12 7 1 1 1 4 1 1 |1 2 1 1 1 1 2 1 7 6 1 2 7 1 1 6 |1 13 4 6 1 1 1 1 4 2 1 2 1 5 2 13 |1 1 1 1 3 1 1 1 1 2 2 15 8 1 1 4 |1 1 1 9 6 1 9 2 1 1 1 1 1 1 3 15 |2 2 1 3 11 1 16 1 1 1 1 2 1 2 2 2 |1 1 1 1 1 1 1 1 1 1 1 1 7 2 2 1 |1 2 1 1 3 1 2 7 3 8 3 1 9 1 4 1 |1 1 7 8 10 1 1 8 1 1 1 1 4 1 4 11 |
1453: 1 1 1 1 1 2 1 1 2 1 1 2 5 1 9 6 |1 1 1 1 2 2 1 6 7 1 4 8 1 1 1 7 |1 1 6 1 2 1 2 2 1 1 1 4 1 1 1 5 |1 1 2 1 6 1 1 3 12 7 1 1 1 4 1 1 |1 2 1 1 1 1 2 1 7 6 1 2 7 1 1 6 |1 13 4 6 1 1 1 1 4 2 1 2 1 5 2 13 |1 1 1 1 3 1 1 1 1 2 2 15 8 1 1 4 |1 1 1 9 6 1 9 2 1 1 1 1 1 1 3 15 |2 2 1 3 11 1 16 1 1 1 1 2 1 2 2 2 |1 1 1 1 1 1 1 1 1 1 1 1 7 2 2 1 |1 2 1 1 3 1 2 7 3 8 3 1 9 1 4 1 |1 1 7 8 10 1 1 8 1 1 1 1 4 1 4 11 |
1463: 1 1 1 1 1 2 1 1 2 1 1 2 5 1 9 6 |1 1 1 1 2 2 1 6 7 1 4 8 1 1 1 7 |1 1 6 1 2 1 2 2 1 1 1 4 1 1 1 5 |1 1 13 2 7 1 1 1 1 1 14 1 1 1 8 1 |1 2 1 1 1 1 2 1 7 6 1 2 7 1 1 6 |1 13 4 6 1 1 1 1 4 2 1 2 1 5 2 13 |1 1 1 1 3 1 1 1 1 2 2 15 8 1 1 4 |1 1 1 9 6 1 9 2 1 1 1 1 1 1 3 15 |2 2 1 3 11 1 16 1 1 1 1 2 1 2 2 2 |1 1 1 1 1 1 1 1 1 1 1 1 7 2 2 1 |1 2 1 1 3 1 2 7 3 8 3 1 9 1 4 1 |1 1 7 8 10 1 1 8 1 1 1 1 4 1 4 11 |
1474: 1 1 1 1 1 2 1 1 2 1 1 2 5 1 9 6 |1 1 1 1 2 2 1 6 7 1 4 8 1 1 1 7 |1 1 6 1 2 1 2 2 1 1 1 4 1 1 1 5 |1 1 13 2 7 1 1 1 1 1 14 1 1 1 8 1 |1 2 1 1 1 1 2 1 7 6 1 2 7 1 1 6 |1 13 4 6 1 1 1 1 4 2 1 2 1 5 2 13 |1 1 1 1 3 1 1 1 1 2 2 15 8 1 1 4 |1 1 1 9 6 1 9 2 1 1 1 1 1 1 3 15 |2 2 1 3 11 1 16 1 1 1 1 2 1 2 2 2 |1 1 1 1 1 1 1 1 1 1 1 1 7 2 2 1 |1 2 2 2 2 1 1 1 1 1 1 1 1 1 1 1 |1 1 7 8 10 1 1 8 1 1 1 1 4 1 4 11 |
1485: 1 1 1 1 1 2 1 1 2 1 1 2 5 1 9 6 |1 1 1 1 2 2 1 6 7 1 4 8 1 1 1 7 |1 1 6 1 2 1 2 2 1 1 1 4 1 1 1 5 |1 1 13 2 7 1 1 1 1 1 14 1 1 1 8 1 |1 2 1 1 1 1 2 1 7 6 1 2 7 1 1 6 |1 13 4 6 1 1 1 1 4 2 1 2 1 5 2 13 |1 1 1 1 3 1 1 1 1 2 2 15 8 1 1 4 |1 1 1 9 6 1 9 2 1 1 1 1 1 1 3 15 |2 2 1 3 11 1 16 1 1 1 1 2 1 2 2 2 |1 1 1 1 1 1 1 1 1 1 1 1 7 2 2 1 |1 2 2 2 2 1 1 1 1 1 1 1 1 1 1 1 |1 1 7 8 10 1 1 8 1 1 1 1 4 1 4 11 |
1495: 1 1 1 1 1 2 1 1 2 1 1 2 5 1 9 6 |1 1 1 1 2 2 1 6 7 1 4 8 1 1 1 7 |1 1 6 1 2 1 2 2 1 1 1 4 1 1 1 5 |1 1 13 1 6 1 2 18 1 1 2 6 1 3 1 1 |1 2 1 1 1 1 2 1 7 6 1 2 7 1 1 6 |1 13 4 6 1 1 1 1 4 2 1 2 1 5 2 13 |1 1 1 1 3 1 1 1 1 2 2 15 8 1 1 4 |1 1 1 9 6 1 9 2 1 1 1 1 1 1 3 15 |2 2 1 3 11 1 16 1 1 1 1 2 1 2 2 2 |1 1 1 1 1 1 1 1 1 1 1 1 7 2 2 1 |1 2 2 2 2 1 1 1 1 1 1 1 1 1 1 1 |1 1 7 8 10 1 1 8 1 1 1 1 4 1 4 11 |
1505: 1 1 1 1 1 2 1 1 2 1 1 2 5 1 9 6 |1 1 1 1 2 2 1 6 7 1 4 8 1 1 1 7 |1 1 6 1 2 1 2 2 1 1 1 4 1 1 1 5 |1 1 13 1 6 1 2 18 1 1 2 6 1 3 1 1 |1 1 1 1 1 7 1 1 2 5 1 3 12 1 2 2 |1 13 4 6 1 1 1 1 4 2 1 2 1 5 2 13 |1 1 1 1 3 1 1 1 1 2 2 15 8 1 1 4 |1 1 1 9 6 1 9 2 1 1 1 1 1 1 3 15 |2 2 1 3 11 1 16 1 1 1 1 2 1 2 2 2 |1 1 1 1 1 1 1 1 1 1 1 1 7 2 2 1 |1 2 2 2 2 1 1 1 1 1 1 1 1 1 1 1 |1 1 7 8 10 1 1 8 1 1 1 1 4 1 4 11 |
1516: 1 1 1 1 1 2 1 1 2 1 1 2 5 1 9 6 |1 1 1 1 2 2 1 6 7 1 4 8 1 1 1 7 |1 1 6 1 2 1 2 2 1 1 1 4 1 1 1 5 |1 1 13 1 6 1 2 18 1 1 2 6 1 3 1 1 |1 1 1 1 1 7 1 1 2 5 1 3 12 1 2 2 |1 13 4 6 1 1 1 1 4 2 1 2 1 5 2 13 |1 1 1 1 3 1 1 1 1 2 2 15 8 1 1 4 |1 1 1 9 6 1 9 2 1 1 1 1 1 1 3 15 |2 2 1 3 11 1 16 1 1 1 1 2 1 2 2 2 |1 1 1 1 1 1 1 1 1 1 1 1 7 2 2 1 |1 2 2 2 2 1 1 1 1 1 1 1 1 1 1 1 |1 1 7 8 10 1 1 8 1 1 1 1 4 1 4 11 |
1526: 1 1 1 1 1 2 1 1 2 1 1 2 5 1 9 6 |1 1 1 1 2 2 1 6 7 1 4 8 1 1 1 7 |1 1 6 1 2 1 2 2 1 1 1 4 1 1 1 5 |1 1 13 1 6 1 2 18 1 1 2 6 1 3 1 1 |1 1 1 1 1 7 1 1 2 5 1 3 12 1 2 2 |1 13 4 6 1 1 1 1 4 2 1 2 1 5 2 13 |1 1 1 1 3 1 1 1 1 2 2 15 8 1 1 4 |1 1 1 9 6 1 9 2 1 1 1 1 1 1 3 15 |2 2 1 3 11 1 16 1 1 1 1 2 1 2 2 2 |1 1 1 1 1 1 1 1 1 1 1 1 7 2 2 1 |1 2 2 2 2 1 1 1 1 1 1 1 1 1 1 1 |1 1 7 8 10 1 1 8 1 1 1 1 4 1 4 11 |
1536: 1 1 1 1 1 2 1 1 2 1 1 2 5 1 9 6 |1 1 1 1 2 2 1 6 7 1 4 8 1 1 1 7 |1 1 6 1 2 1 2 2 1 1 1 4 1 1 1 5 |1 1 13 1 6 1 2 18 1 1 2 6 1 3 1 1 |1 1 1 1 1 7 1 1 2 5 1 3 12 1 2 2 |1 13 4 6 1 1 1 1 4 2 1 2 1 5 2 13 |1 1 1 1 3 1 1 1 1 2 2 15 8 1 1 4 |1 1 1 9 1 1 2 6 1 1 1 1 1 1 5 14 |2 2 1 3 11 1 16 1 1 1 1 2 1 2 2 2 |1 1 1 1 1 1 1 1 1 1 1 1 7 2 2 1 |1 2 2 2 2 1 1 1 1 1 1 1 1 1 1 1 |1 1 7 8 10 1 1 8 1 1 1 1 4 1 4 11 |
1547: 1 1 1 1 1 2 1 1 2 1 1 2 5 1 9 6 |1 1 1 1 2 2 1 6 7 1 4 8 1 1 1 7 |1 1 6 1 2 1 2 2 1 1 1 4 1 1 1 5 |1 1 13 1 6 1 2 18 1 1 2 6 1 3 1 1 |1 1 1 1 1 7 1 1 2 5 1 3 12 1 2 2 |1 13 4 6 1 1 1 1 4 2 1 2 1 5 2 13 |1 1 1 1 3 1 1 1 1 2 2 15 8 1 1 4 |1 1 1 9 1 1 2 6 1 1 1 1 1 1 5 14 |2 2 1 3 11 1 16 1 1 1 1 2 1 2 2 2 |1 1 1 1 1 1 1 1 1 1 1 1 7 2 2 1 |1 2 2 2 2 1 1 1 1 1 1 1 1 1 1 1 |1 1 7 8 10 1 1 8 1 1 1 1 4 1 4 11 |
1557: 1 1 1 1 1 2 1 1 2 1 1 2 5 1 9 6 |1 1 1 1 2 2 1 6 7 1 4 8 1 1 1 7 |1 1 6 1 2 1 2 2 1 1 1 4 1 1 1 5 |1 1 13 1 6 1 2 18 1 1 2 6 1 3 1 1 |1 1 1 1 1 7 1 1 2 5 1 3 12 1 2 2 |1 13 4 6 1 1 1 1 4 2 1 2 1 5 2 13 |1 1 1 1 3 1 1 1 1 2 2 15 8 1 1 4 |1 1 1 9 1 1 2 6 1 1 1 1 1 1 5 14 |2 2 1 3 11 1 16 1 1 1 1 2 1 2 2 2 |1 1 1 1 1 1 1 1 1 1 1 1 7 2 2 1 |1 2 2 2 2 1 1 1 1 1 1 1 1 1 1 1 |1 1 7 8 10 1 1 8 1 1 1 1 4 1 4 11 |
1568: 1 1 1 1 1 2 1 1 2 1 1 2 5 1 9 6 |1 1 1 1 2 2 1 6 7 1 4 8 1 1 1 7 |1 1 6 1 2 1 2 2 1 1 1 4 1 1 1 5 |1 1 13 1 6 1 2 18 1 1 2 6 1 3 1 1 |1 1 1 1 1 7 1 1 2 5 1 3 12 1 2 2 |1 7 1 1 1 5 1 1 2 1 1 1 1 5 3 14 |1 1 1 1 3 1 1 1 1 2 2 15 8 1 1 4 |1 1 1 9 1 1 2 6 1 1 1 1 1 1 5 14 |2 2 1 3 11 1 16 1 1 1 1 2 1 2 2 2 |1 1 1 1 1 1 1 1 1 1 1 1 7 2 2 1 |1 2 2 2 2 1 1 1 1 1 1 1 1 1 1 1 |1 1 7 8 10 1 1 8 1 1 1 1 4 1 4 11 |
1578: 1 1 1 1 1 2 1 1 2 1 1 2 5 1 9 6 |1 1 1 1 2 2 1 6 7 1 4 8 1 1 1 7 |1 1 6 1 2 1 2 2 1 1 1 4 1 1 1 5 |1 1 13 1 6 1 2 18 1 1 2 6 1 3 1 1 |1 1 1 1 1 7 1 1 2 5 1 3 12 1 2 2 |1 7 1 1 1 5 1 1 2 1 1 1 1 5 3 14 |1 1 1 1 3 1 1 1 1 2 2 15 8 1 1 4 |1 1 1 9 1 1 2 6 1 1 1 1 1 1 5 14 |2 2 1 3 11 1 16 1 1 1 1 2 1 2 2 2 |1 1 1 1 1 1 1 1 1 1 1 1 7 2 2 1 |1 2 2 2 2 1 1 1 1 1 1 1 1 1 1 1 |1 1 7 8 10 1 1 8 1 1 1 1 4 1 4 11 |
1589: 1 1 1 1 1 2 1 1 2 1 1 2 5 1 9 6 |1 1 1 1 2 2 1 6 7 1 4 8 1 1 1 7 |1 1 6 1 2 1 2 2 1 1 1 4 1 1 1 5 |1 1 13 1 6 1 2 18 1 1 2 6 1 3 1 1 |1 1 1 1 1 7 1 1 2 5 1 3 12 1 2 2 |1 7 1 1 1 5 1 1 2 1 1 1 1 5 3 14 |1 1 1 1 3 1 1 1 1 2 2 15 8 1 1 4 |1 1 1 9 1 1 2 6 1 1 1 1 1 1 5 14 |2 2 1 3 11 1 16 1 1 1 1 2 1 2 2 2 |1 1 1 1 1 1 1 1 1 1 1 1 7 2 2 1 |1 2 2 2 2 1 1 1 1 1 1 1 1 1 1 1 |1 1 7 8 10 1 1 8 1 1 1 1 4 1 4 11 |
1600: 1 1 1 1 1 2 1 1 2 1 1 2 5 1 9 6 |1 1 1 1 2 2 1 6 7 1 4 8 1 1 1 7 |1 1 6 1 2 1 2 2 1 1 1 4 1 1 1 5 |1 1 13 1 6 1 2 18 1 1 2 6 1 3 1 1 |1 1 1 1 1 7 1 1 2 5 1 3 12 1 2 2 |1 5 1 1 1 3 1 1 2 2 1 2 5 3 3 14 |1 1 1 1 3 1 1 1 1 2 2 15 8 1 1 4 |1 1 1 9 1 1 2 6 1 1 1 1 1 1 5 14 |2 2 1 3 11 1 16 1 1 1 1 2 1 2 2 2 |1 1 1 1 1 1 1 1 1 1 1 1 7 2 2 1 |1 2 2 2 2 1 1 1 1 1 1 1 1 1 1 1 |1 1 7 8 10 1 1 8 1 1 1 1 4 1 4 11 |
1611: 1 1 1 1 1 2 1 1 2 1 1 2 5 1 9 6 |1 1 1 1 2 2 1 6 7 1 4 8 1 1 1 7 |1 1 6 1 2 1 2 2 1 1 1 4 1 1 1 5 |1 1 13 1 6 1 2 18 1 1 2 6 1 3 1 1 |1 1 1 1 1 7 1 1 2 5 1 3 12 1 2 2 |1 5 1 1 1 3 1 1 2 2 1 2 5 3 3 14 |1 1 1 1 3 1 1 1 1 2 2 15 8 1 1 4 |1 1 1 9 1 1 2 6 1 1 1 1 1 1 5 14 |2 2 1 3 11 1 16 1 1 1 1 2 1 2 2 2 |1 1 1 1 1 1 1 1 1 1 1 1 7 2 2 1 |1 2 2 2 2 1 1 1 1 1 1 1 1 1 1 1 |1 1 7 8 10 1 1 8 1 1 1 1 4 1 4 11 |
1622: 1 1 1 1 1 2 1 1 2 1 1 2 5 1 9 6 |1 1 1 1 2 2 1 6 7 1 4 8 1 1 1 7 |1 1 6 1 2 1 2 2 1 1 1 4 1 1 1 5 |1 1 13 1 6 1 2 18 1 1 2 6 1 3 1 1 |1 1 1 1 1 7 1 1 2 5 1 3 12 1 2 2 |1 5 1 1 1 3 1 1 2 2 1 2 5 3 3 14 |1 1 1 1 3 1 1 1 1 2 2 15 8 1 1 4 |1 1 1 9 1 1 2 6 1 1 1 1 1 1 5 14 |2 2 1 3 11 1 16 1 1 1 1 2 1 2 2 2 |1 1 1 1 1 1 1 1 1 1 1 1 7 2 2 1 |1 2 2 2 2 1 1 1 1 1 1 1 1 1 1 1 |1 1 7 8 10 1 1 8 1 1 1 1 4 1 4 11 |
1633: 1 1 1 1 1 2 1 1 2 1 1 2 5 1 9 6 |1 1 1 1 2 2 1 6 7 1 4 8 1 1 1 7 |1 1 6 1 2 1 2 2 1 1 1 4 1 1 1 5 |1 1 13 1 6 1 2 18 1 1 2 6 1 3 1 1 |1 1 1 1 1 7 1 1 2 5 1 3 12 1 2 2 |1 5 1 1 1 3 1 1 2 2 1 2 5 3 3 14 |1 1 1 1 3 1 1 1 1 2 2 15 8 1 1 4 |1 1 1 9 1 1 2 6 1 1 1 1 1 1 5 14 |2 2 1 3 11 1 16 1 1 1 1 2 1 2 2 2 |1 1 1 1 1 1 1 1 1 1 1 1 7 2 2 1 |1 2 2 2 2 1 1 1 1 1 1 1 1 1 1 1 |1 1 7 8 10 1 1 8 1 1 1 1 4 1 4 11 |
1644: 1 1 1 1 1 2 1 1 2 1 1 2 5 1 9 6 |1 1 1 1 2 2 1 6 7 1 4 8 1 1 1 7 |1 1 6 1 2 1 2 2 1 1 1 4 1 1 1 5 |1 1 13 1 6 1 2 18 1 1 2 6 1 3 1 1 |1 1 1 1 1 7 1 1 2 5 1 3 12 1 2 2 |1 5 1 1 1 3 1 1 2 2 1 2 5 3 3 14 |1 1 1 1 3 1 1 1 1 2 2 15 8 1 1 4 |1 1 1 9 1 1 2 6 1 1 1 1 1 1 5 14 |2 2 1 3 11 1 16 1 1 1 1 2 1 2 2 2 |1 1 1 1 1 1 1 1 1 1 1 1 7 2 2 1 |1 2 2 2 2 1 1 1 1 1 1 1 1 1 1 1 |1 1 6 5 10 1 1 1 1 1 1 1 4 1 4 10 |
1654: 1 1 1 1 1 2 1 1 2 1 1 2 5 1 9 6 |1 1 1 1 2 2 1 6 7 1 4 8 1 1 1 7 |1 1 6 1 2 1 2 2 1 1 1 4 1 1 1 5 |1 1 13 1 6 1 2 18 1 1 2 6 1 3 1 1 |1 1 1 1 1 7 1 1 2 5 1 3 12 1 2 2 |1 5 1 1 1 3 1 1 2 2 1 2 5 3 3 14 |1 1 1 1 3 1 1 1 1 2 2 15 8 1 1 4 |1 1 1 9 1 1 2 6 1 1 1 1 1 1 5 14 |2 2 1 3 11 1 16 1 1 1 1 2 1 2 2 2 |1 1 1 1 1 1 1 1 1 1 1 1 7 2 2 1 |1 2 2 2 2 1 1 1 1 1 1 1 1 1 1 1 |1 1 6 5 10 1 1 1 1 1 1 1 4 1 4 10 |
1665: 1 1 1 1 1 2 1 1 2 1 1 2 5 1 9 6 |1 1 1 1 2 2 1 6 7 1 4 8 1 1 1 7 |1 1 7 1 1 1 1 5 1 1 1 4 1 3 1 6 |1 1 13 1 6 1 2 18 1 1 2 6 1 3 1 1 |1 1 1 1 1 7 1 1 2 5 1 3 12 1 2 2 |1 5 1 1 1 3 1 1 2 2 1 2 5 3 3 14 |1 1 1 1 3 1 1 1 1 2 2 15 8 1 1 4 |1 1 1 9 1 1 2 6 1 1 1 1 1 1 5 14 |2 2 1 3 11 1 16 1 1 1 1 2 1 2 2 2 |1 1 1 1 1 1 1 1 1 1 1 1 7 2 2 1 |1 2 2 2 2 1 1 1 1 1 1 1 1 1 1 1 |1 1 6 5 10 1 1 1 1 1 1 1 4 1 4 10 |
1675: 1 1 1 1 1 2 1 1 2 1 1 2 5 1 9 6 |1 1 1 1 2 2 1 6 7 1 4 8 1 1 1 7 |1 1 7 1 1 1 1 5 1 1 1 4 1 3 1 6 |1 1 13 1 6 1 2 18 1 1 2 6 1 3 1 1 |1 1 1 1 1 7 1 1 2 5 1 3 12 1 2 2 |1 5 1 1 1 3 1 1 2 2 1 2 5 3 3 14 |1 1 1 1 3 1 1 1 1 2 2 15 8 1 1 4 |1 1 1 9 1 1 2 6 1 1 1 1 1 1 5 14 |2 2 1 3 11 1 16 1 1 1 1 2 1 2 2 2 |1 1 1 1 1 1 1 1 1 1 1 1 7 2 2 1 |1 2 2 2 2 1 1 1 1 1 1 1 1 1 1 1 |1 1 2 1 1 1 1 1 5 1 1 1 3 1 16 17 |
1686: 1 1 1 1 1 2 1 1 2 1 1 2 5 1 9 6 |1 1 1 1 2 2 1 6 7 1 4 8 1 1 1 7 |1 1 7 1 1 1 1 5 1 1 1 4 1 3 1 6 |1 1 13 1 6 1 2 18 1 1 2 6 1 3 1 1 |1 1 1 1 1 7 1 1 2 5 1 3 12 1 2 2 |1 5 1 1 1 3 1 1 2 2 1 2 5 3 3 14 |1 1 1 1 3 1 1 1 1 2 2 15 8 1 1 4 |1 1 1 9 1 1 2 6 1 1 1 1 1 1 5 14 |2 2 1 3 11 1 16 1 1 1 1 2 1 2 2 2 |1 1 1 1 1 1 1 1 1 1 1 1 7 2 2 1 |1 2 2 2 2 1 1 1 1 1 1 1 1 1 1 1 |1 1 2 1 1 1 1 1 5 1 1 1 3 1 16 17 |
1696: 1 1 13 2 1 1 1 1 2 1 1 3 1 1 9 5 |1 1 1 1 2 2 1 6 7 1 4 8 1 1 1 7 |1 1 7 1 1 1 1 5 1 1 1 4 1 3 1 6 |1 1 13 1 6 1 2 18 1 1 2 6 1 3 1 1 |1 1 1 1 1 7 1 1 2 5 1 3 12 1 2 2 |1 5 1 1 1 3 1 1 2 2 1 2 5 3 3 14 |1 1 1 1 3 1 1 1 1 2 2 15 8 1 1 4 |1 1 1 9 1 1 2 6 1 1 1 1 1 1 5 14 |2 2 1 3 11 1 16 1 1 1 1 2 1 2 2 2 |1 1 1 1 1 1 1 1 1 1 1 1 7 2 2 1 |1 2 2 2 2 1 1 1 1 1 1 1 1 1 1 1 |1 1 2 1 1 1 1 1 5 1 1 1 3 1 16 17 |
1707: 1 1 13 2 1 1 1 1 2 1 1 3 1 1 9 5 |1 1 1 1 2 2 1 6 7 1 4 8 1 1 1 7 |1 1 7 1 1 1 1 5 1 1 1 4 1 3 1 6 |1 1 13 1 6 1 2 18 1 1 2 6 1 3 1 1 |1 1 1 1 1 7 1 1 2 5 1 3 12 1 2 2 |1 5 1 1 1 3 1 1 2 2 1 2 5 3 3 14 |1 1 1 1 3 1 1 1 1 2 2 15 8 1 1 4 |1 1 1 9 1 1 2 6 1 1 1 1 1 1 5 14 |2 2 1 3 11 1 16 1 1 1 1 2 1 2 2 2 |1 1 1 1 1 1 1 1 1 1 1 1 7 2 2 1 |1 1 8 5 1 1 2 6 1 1 3 1 6 1 13 8 |1 1 2 1 1 1 1 1 5 1 1 1 3 1 16 17 |
1717: 1 1 13 2 1 1 1 1 2 1 1 3 1 1 9 5 |1 1 1 1 2 2 1 6 7 1 4 8 1 1 1 7 |1 1 7 1 1 1 1 5 1 1 1 4 1 3 1 6 |1 1 13 1 6 1 2 18 1 1 2 6 1 3 1 1 |1 1 1 1 1 7 1 1 2 5 1 3 12 1 2 2 |1 5 1 1 1 3 1 1 2 2 1 2 5 3 3 14 |1 1 1 1 3 1 1 1 1 2 2 15 8 1 1 4 |1 1 1 9 1 1 2 6 1 1 1 1 1 1 5 14 |2 2 1 3 11 1 16 1 1 1 1 2 1 2 2 2 |1 1 1 1 1 1 1 1 1 1 1 1 7 2 2 1 |1 1 8 5 1 1 2 6 1 1 3 1 6 1 13 8 |1 1 2 1 1 1 1 1 5 1 1 1 3 1 16 17 |
1728: 1 1 13 2 1 1 1 1 2 1 1 3 1 1 9 5 |1 1 1 1 2 2 1 6 7 1 4 8 1 1 1 7 |1 1 7 1 1 1 1 5 1 1 1 4 1 3 1 6 |1 1 13 1 6 1 2 18 1 1 2 6 1 3 1 1 |1 1 1 1 1 7 1 1 2 5 1 3 12 1 2 2 |1 5 1 1 1 3 1 1 2 2 1 2 5 3 3 14 |1 1 1 1 3 1 1 1 1 2 2 15 8 1 1 4 |1 1 1 9 1 1 2 6 1 1 1 1 1 1 5 14 |2 2 1 3 11 1 16 1 1 1 1 2 1 2 2 2 |1 1 1 1 1 1 1 1 1 1 1 1 7 2 2 1 |1 1 8 5 1 1 2 6 1 1 3 1 6 1 13 8 |1 1 2 1 1 1 1 1 5 1 1 1 3 1 16 17 |
1738: 1 10 13 1 1 3 1 1 5 1 1 2 5 1 9 6 |1 1 1 1 2 2 1 6 7 1 4 8 1 1 1 7 |1 1 7 1 1 1 1 5 1 1 1 4 1 3 1 6 |1 1 13 1 6 1 2 18 1 1 2 6 1 3 1 1 |1 1 1 1 1 7 1 1 2 5 1 3 12 1 2 2 |1 5 1 1 1 3 1 1 2 2 1 2 5 3 3 14 |1 1 1 1 3 1 1 1 1 2 2 15 8 1 1 4 |1 1 1 9 1 1 2 6 1 1 1 1 1 1 5 14 |2 2 1 3 11 1 16 1 1 1 1 2 1 2 2 2 |1 1 1 1 1 1 1 1 1 1 1 1 7 2 2 1 |1 1 8 5 1 1 2 6 1 1 3 1 6 1 13 8 |1 1 2 1 1 1 1 1 5 1 1 1 3 1 16 17 |
1749: 1 10 13 1 1 3 1 1 5 1 1 2 5 1 9 6 |1 1 1 1 2 2 1 6 7 1 4 8 1 1 1 7 |1 1 7 1 1 1 1 5 1 1 1 4 1 3 1 6 |1 1 13 1 6 1 2 18 1 1 2 6 1 3 1 1 |1 1 1 1 1 7 1 1 2 5 1 3 12 1 2 2 |1 5 1 1 1 3 1 1 2 2 1 2 5 3 3 14 |1 1 1 1 3 1 1 1 1 2 2 15 8 1 1 4 |1 1 1 9 1 1 2 6 1 1 1 1 1 1 5 14 |2 2 1 3 11 1 16 1 1 1 1 2 1 2 2 2 |1 1 1 1 1 1 1 1 1 1 1 1 7 2 2 1 |1 1 8 5 1 1 2 6 1 1 3 1 6 1 13 8 |1 1 2 1 1 1 1 1 5 1 1 1 3 1 16 17 |
1759: 1 10 13 1 1 3 1 1 5 1 1 2 5 1 9 6 |1 1 1 1 2 2 1 6 7 1 4 8 1 1 1 7 |1 1 7 1 1 1 1 5 1 1 1 4 1 3 1 6 |1 1 13 1 6 1 2 18 1 1 2 6 1 3 1 1 |1 1 1 1 1 7 1 1 2 5 1 3 12 1 2 2 |1 5 1 1 1 3 1 1 2 2 1 2 5 3 3 14 |1 1 1 1 3 1 1 1 1 2 2 15 8 1 1 4 |1 1 1 9 1 1 2 6 1 1 1 1 1 1 5 14 |2 2 1 3 11 1 16 1 1 1 1 2 1 2 2 2 |1 1 1 1 1 1 1 1 1 1 1 1 7 2 2 1 |1 1 8 5 1 1 2 6 1 1 3 1 6 1 13 8 |1 1 2 1 1 1 1 1 5 1 1 1 3 1 16 17 |
1770: 1 10 13 1 1 3 1 1 5 1 1 2 5 1 9 6 |1 1 1 1 2 2 1 6 7 1 4 8 1 1 1 7 |1 1 7 1 1 1 1 5 1 1 1 4 1 3 1 6 |1 1 13 1 6 1 2 18 1 1 2 6 1 3 1 1 |1 1 1 1 1 7 1 1 2 5 1 3 12 1 2 2 |1 5 1 1 1 3 1 1 2 2 1 2 5 3 3 14 |2 1 9 2 1 1 1 1 1 1 6 16 7 1 1 1 |1 1 1 9 1 1 2 6 1 1 1 1 1 1 5 14 |2 2 1 3 11 1 16 1 1 1 1 2 1 2 2 2 |1 1 1 1 1 1 1 1 1 1 1 1 7 2 2 1 |1 1 8 5 1 1 2 6 1 1 3 1 6 1 13 8 |1 1 2 1 1 1 1 1 5 1 1 1 3 1 16 17 |
1780: 1 10 13 1 1 3 1 1 5 1 1 2 5 1 9 6 |1 1 1 1 2 2 1 6 7 1 4 8 1 1 1 7 |1 1 7 1 1 1 1 5 1 1 1 4 1 3 1 6 |1 1 13 1 6 1 2 18 1 1 2 6 1 3 1 1 |1 1 1 1 1 7 1 1 2 5 1 3 12 1 2 2 |1 5 1 1 1 3 1 1 2 2 1 2 5 3 3 14 |2 1 9 2 1 1 1 1 1 1 6 16 7 1 1 1 |1 1 1 9 1 1 2 6 1 1 1 1 1 1 5 14 |2 2 1 3 11 1 16 1 1 1 1 2 1 2 2 2 |1 1 1 1 1 1 1 1 1 1 1 1 7 2 2 1 |1 1 8 5 1 1 2 6 1 1 3 1 6 1 13 8 |1 1 2 1 1 1 1 1 5 1 1 1 3 1 16 17 |
1791: 1 10 13 1 1 3 1 1 5 1 1 2 5 1 9 6 |1 1 1 1 2 2 1 6 7 1 4 8 1 1 1 7 |1 1 7 1 1 1 1 5 1 1 1 4 1 3 1 6 |1 1 13 1 6 1 2 18 1 1 2 6 1 3 1 1 |1 1 1 1 1 7 1 1 2 5 1 3 12 1 2 2 |1 5 1 1 1 3 1 1 2 2 1 2 5 3 3 14 |2 1 9 2 1 1 1 1 1 1 6 16 7 1 1 1 |1 1 1 9 1 1 2 6 1 1 1 1 1 1 5 14 |2 2 1 3 11 1 16 1 1 1 1 2 1 2 2 2 |1 1 1 1 1 1 1 1 1 1 1 1 7 2 2 1 |1 1 8 5 1 1 2 6 1 1 3 1 6 1 13 8 |1 1 2 1 1 1 1 1 5 1 1 1 3 1 16 17 |
1802: 1 10 13 1 1 3 1 1 5 1 1 2 5 1 9 6 |1 1 1 1 2 2 1 6 7 1 4 8 1 1 1 7 |1 1 7 1 1 1 1 5 1 1 1 4 1 3 1 6 |1 1 13 1 6 1 2 18 1 1 2 6 1 3 1 1 |1 1 1 1 1 7 1 1 2 5 1 3 12 1 2 2 |1 5 1 1 1 3 1 1 2 2 1 2 5 3 3 14 |1 1 13 2 1 1 5 1 1 1 6 15 9 1 1 1 |1 1 1 9 1 1 2 6 1 1 1 1 1 1 5 14 |2 2 1 3 11 1 16 1 1 1 1 2 1 2 2 2 |1 1 1 1 1 1 1 1 1 1 1 1 7 2 2 1 |1 1 8 5 1 1 2 6 1 1 3 1 6 1 13 8 |1 1 2 1 1 1 1 1 5 1 1 1 3 1 16 17 |
1812: 1 10 13 1 1 3 1 1 5 1 1 2 5 1 9 6 |1 1 1 1 2 2 1 6 7 1 4 8 1 1 1 7 |1 1 7 1 1 1 1 5 1 1 1 4 1 3 1 6 |1 1 13 1 6 1 2 18 1 1 2 6 1 3 1 1 |1 1 1 1 1 7 1 1 2 5 1 3 12 1 2 2 |1 5 1 1 1 3 1 1 2 2 1 2 5 3 3 14 |1 1 13 2 1 1 5 1 1 1 6 15 9 1 1 1 |1 1 1 9 7 1 1 6 1 1 1 1 1 1 4 16 |2 2 1 3 11 1 16 1 1 1 1 2 1 2 2 2 |1 1 1 1 1 1 1 1 1 1 1 1 7 2 2 1 |1 1 8 5 1 1 2 6 1 1 3 1 6 1 13 8 |1 1 2 1 1 1 1 1 5 1 1 1 3 1 16 17 |
1823: 1 10 13 1 1 3 1 1 5 1 1 2 5 1 9 6 |1 1 1 1 2 2 1 6 7 1 4 8 1 1 1 7 |1 1 7 1 1 1 1 5 1 1 1 4 1 3 1 6 |1 1 13 1 6 1 2 18 1 1 2 6 1 3 1 1 |1 1 1 1 1 7 1 1 2 5 1 3 12 1 2 2 |1 5 1 1 1 3 1 1 2 2 1 2 5 3 3 14 |1 1 13 2 1 1 5 1 1 1 6 15 9 1 1 1 |1 1 1 9 7 1 1 6 1 1 1 1 1 1 4 16 |2 2 1 3 11 1 16 1 1 1 1 2 1 2 2 2 |1 1 1 1 1 1 1 1 1 1 1 1 7 2 2 1 |1 1 8 5 1 1 2 6 1 1 3 1 6 1 13 8 |1 1 2 1 1 1 1 1 5 1 1 1 3 1 16 17 |
1834: 1 10 13 1 1 3 1 1 5 1 1 2 5 1 9 6 |1 1 1 1 2 2 1 6 7 1 4 8 1 1 1 7 |1 1 7 1 1 1 1 5 1 1 1 4 1 3 1 6 |1 1 13 1 6 1 2 18 1 1 2 6 1 3 1 1 |1 1 1 1 1 7 1 1 2 5 1 3 12 1 2 2 |1 5 1 1 1 3 1 1 2 2 1 2 5 3 3 14 |1 1 13 2 1 1 5 1 1 1 6 15 9 1 1 1 |1 1 1 9 7 1 1 6 1 1 1 1 1 1 4 16 |2 2 1 3 11 1 16 1 1 1 1 2 1 2 2 2 |1 1 1 1 1 1 1 1 1 1 1 1 7 2 2 1 |1 1 8 5 1 1 2 6 1 1 3 1 6 1 13 8 |1 1 2 1 1 1 1 1 5 1 1 1 3 1 16 17 |
1845: 1 10 13 1 1 3 1 1 5 1 1 2 5 1 9 6 |1 1 1 1 2 2 1 6 7 1 4 8 1 1 1 7 |1 1 7 1 1 1 1 5 1 1 1 4 1 3 1 6 |1 1 13 1 6 1 2 18 1 1 2 6 1 3 1 1 |1 1 1 1 1 7 1 1 2 5 1 3 12 1 2 2 |1 5 1 1 1 3 1 1 2 2 1 2 5 3 3 14 |1 1 13 2 1 1 5 1 1 1 6 15 9 1 1 1 |1 1 1 9 7 1 1 6 1 1 1 1 1 1 4 16 |2 2 1 3 11 1 16 1 1 1 1 2 1 2 2 2 |1 1 1 1 1 1 1 1 1 1 1 1 7 2 2 1 |1 1 8 5 1 1 2 6 1 1 3 1 6 1 13 8 |1 1 2 1 1 1 1 1 5 1 1 1 3 1 16 17 |
1856: 1 10 13 1 1 3 1 1 5 1 1 2 5 1 9 6 |1 1 1 1 2 2 1 6 7 1 4 8 1 1 1 7 |1 1 7 1 1 1 1 5 1 1 1 4 1 3 1 6 |1 1 13 1 6 1 2 18 1 1 2 6 1 3 1 1 |1 1 1 1 1 7 1 1 2 5 1 3 12 1 2 2 |1 5 1 1 1 3 1 1 2 2 1 2 5 3 3 14 |1 1 13 2 1 1 5 1 1 1 6 15 9 1 1 1 |1 1 1 9 7 1 1 6 1 1 1 1 1 1 4 16 |2 2 1 3 11 1 16 1 1 1 1 2 1 2 2 2 |1 1 1 1 1 1 1 1 1 1 1 1 7 2 2 1 |1 1 8 5 1 1 2 6 1 1 3 1 6 1 13 8 |1 1 2 1 1 1 1 1 5 1 1 1 3 1 16 17 |
1866: 1 10 13 1 1 3 1 1 5 1 1 2 5 1 9 6 |1 1 1 1 2 2 1 6 7 1 4 8 1 1 1 7 |1 1 7 1 1 1 1 16 1 1 2 3 1 7 1 6 |1 1 13 1 6 1 2 18 1 1 2 6 1 3 1 1 |1 1 1 1 1 7 1 1 2 5 1 3 12 1 2 2 |1 5 1 1 1 3 1 1 2 2 1 2 5 3 3 14 |1 1 13 2 1 1 5 1 1 1 6 15 9 1 1 1 |1 1 1 9 7 1 1 6 1 1 1 1 1 1 4 16 |2 2 1 3 11 1 16 1 1 1 1 2 1 2 2 2 |1 1 1 1 1 1 1 1 1 1 1 1 7 2 2 1 |1 1 8 5 1 1 2 6 1 1 3 1 6 1 13 8 |1 1 2 1 1 1 1 1 5 1 1 1 3 1 16 17 |
1877: 1 10 13 1 1 3 1 1 5 1 1 2 5 1 9 6 |1 1 1 1 2 2 1 6 7 1 4 8 1 1 1 7 |1 1 7 1 1 1 1 16 1 1 2 3 1 7 1 6 |1 1 11 1 14 1 1 1 12 3 1 1 1 3 2 1 |1 1 1 1 1 7 1 1 2 5 1 3 12 1 2 2 |1 5 1 1 1 3 1 1 2 2 1 2 5 3 3 14 |1 1 13 2 1 1 5 1 1 1 6 15 9 1 1 1 |1 1 1 9 7 1 1 6 1 1 1 1 1 1 4 16 |2 2 1 3 11 1 16 1 1 1 1 2 1 2 2 2 |1 1 1 1 1 1 1 1 1 1 1 1 7 2 2 1 |1 1 8 5 1 1 2 6 1 1 3 1 6 1 13 8 |1 1 2 1 1 1 1 1 5 1 1 1 3 1 16 17 |
1888: 1 10 13 1 1 3 1 1 5 1 1 2 5 1 9 6 |1 1 1 1 2 2 1 6 7 1 4 8 1 1 1 7 |1 1 7 1 1 1 1 16 1 1 2 3 1 7 1 6 |1 1 11 1 14 1 1 1 12 3 1 1 1 3 2 1 |1 1 1 1 1 7 1 1 2 5 1 3 12 1 2 2 |1 5 1 1 1 3 1 1 2 2 1 2 5 3 3 14 |1 1 13 2 1 1 5 1 1 1 6 15 9 1 1 1 |1 1 1 9 7 1 1 6 1 1 1 1 1 1 4 16 |2 2 1 3 11 1 16 1 1 1 1 2 1 2 2 2 |1 1 1 1 1 1 1 1 1 1 1 1 7 2 2 1 |1 1 8 5 1 1 2 6 1 1 3 1 6 1 13 8 |1 1 2 1 1 1 1 1 5 1 1 1 3 1 16 17 |
1899: 1 10 13 1 1 3 1 1 5 1 1 2 5 1 9 6 |1 1 1 1 2 2 1 6 7 1 4 8 1 1 1 7 |1 1 7 1 1 1 1 16 1 1 2 3 1 7 1 6 |1 1 14 1 2 1 1 8 12 4 1 1 1 5 1 2 |1 1 1 1 1 7 1 1 2 5 1 3 12 1 2 2 |1 5 1 1 1 3 1 1 2 2 1 2 5 3 3 14 |1 1 13 2 1 1 5 1 1 1 6 15 9 1 1 1 |1 1 1 9 7 1 1 6 1 1 1 1 1 1 4 16 |2 2 1 3 11 1 16 1 1 1 1 2 1 2 2 2 |1 1 1 1 1 1 1 1 1 1 1 1 7 2 2 1 |1 1 8 5 1 1 2 6 1 1 3 1 6 1 13 8 |1 1 2 1 1 1 1 1 5 1 1 1 3 1 16 17 |
1910: 1 10 13 1 1 3 1 1 5 1 1 2 5 1 9 6 |1 1 1 1 2 2 1 6 7 1 4 8 1 1 1 7 |1 1 7 1 1 1 1 16 1 1 2 3 1 7 1 6 |1 1 14 1 2 1 1 8 12 4 1 1 1 5 1 2 |1 1 1 1 1 7 1 2 2 5 1 2 10 1 2 2 |1 5 1 1 1 3 1 1 2 2 1 2 5 3 3 14 |1 1 13 2 1 1 5 1 1 1 6 15 9 1 1 1 |1 1 1 9 7 1 1 6 1 1 1 1 1 1 4 16 |2 2 1 3 11 1 16 1 1 1 1 2 1 2 2 2 |1 1 1 1 1 1 1 1 1 1 1 1 7 2 2 1 |1 1 8 5 1 1 2 6 1 1 3 1 6 1 13 8 |1 1 2 1 1 1 1 1 5 1 1 1 3 1 16 17 |
1920: 1 10 13 1 1 3 1 1 5 1 1 2 5 1 9 6 |1 1 1 1 2 2 1 6 7 1 4 8 1 1 1 7 |1 1 7 1 1 1 1 16 1 1 2 3 1 7 1 6 |1 1 14 1 2 1 1 8 12 4 1 1 1 5 1 2 |1 1 1 1 1 7 1 2 2 5 1 2 10 1 2 2 |1 5 1 1 1 3 1 1 2 2 1 2 5 3 3 14 |1 1 13 2 1 1 5 1 1 1 6 15 9 1 1 1 |1 1 1 9 7 1 1 6 1 1 1 1 1 1 4 16 |2 2 1 3 11 1 16 1 1 1 1 2 1 2 2 2 |1 1 1 1 1 1 1 1 1 1 1 1 7 2 2 1 |1 1 8 5 1 1 2 6 1 1 3 1 6 1 13 8 |1 1 2 1 1 1 1 1 5 1 1 1 3 1 16 17 |
1930: 1 10 13 1 1 3 1 1 5 1 1 2 5 1 9 6 |1 1 1 1 2 2 1 6 7 1 4 8 1 1 1 7 |1 1 7 1 1 1 1 16 1 1 2 3 1 7 1 6 |1 1 14 1 2 1 1 8 12 4 1 1 1 5 1 2 |1 1 1 1 1 7 1 2 2 5 1 2 10 1 2 2 |1 5 1 1 1 3 1 1 2 2 1 2 5 3 3 14 |1 1 13 2 1 1 5 1 1 1 6 15 9 1 1 1 |1 1 1 9 7 1 1 6 1 1 1 1 1 1 4 16 |2 2 1 3 11 1 16 1 1 1 1 2 1 2 2 2 |1 1 1 1 1 1 1 1 1 1 1 1 7 2 2 1 |1 1 8 5 1 1 2 6 1 1 3 1 6 1 13 8 |1 1 2 1 1 1 1 1 5 1 1 1 3 1 16 17 |
1941: 1 10 13 1 1 3 1 1 5 1 1 2 5 1 9 6 |1 1 1 1 2 2 1 6 7 1 4 8 1 1 1 7 |1 1 7 1 1 1 1 16 1 1 2 3 1 7 1 6 |1 1 14 1 2 1 1 8 12 4 1 1 1 5 1 2 |1 1 1 1 1 7 1 2 2 5 1 2 10 1 2 2 |1 5 1 1 1 3 1 1 2 2 1 2 5 3 3 14 |1 1 13 2 1 1 5 1 1 1 6 15 9 1 1 1 |1 1 1 9 7 1 1 6 1 1 1 1 1 1 4 16 |2 2 1 3 11 1 16 1 1 1 1 2 1 2 2 2 |1 1 1 1 1 1 1 1 1 1 1 1 7 2 2 1 |1 1 8 5 1 1 2 6 1 1 3 1 6 1 13 8 |1 1 2 1 1 1 1 1 5 1 1 1 3 1 16 17 |
1952: 1 10 13 1 1 3 1 1 5 1 1 2 5 1 9 6 |1 1 1 1 2 2 1 6 7 1 4 8 1 1 1 7 |1 1 7 1 1 1 1 16 1 1 2 3 1 7 1 6 |1 1 14 1 2 1 1 8 12 4 1 1 1 5 1 2 |1 1 1 1 1 7 1 2 2 5 1 2 10 1 2 2 |1 5 1 1 1 3 1 1 2 2 1 2 5 3 3 14 |1 1 13 2 1 1 5 1 1 1 6 15 9 1 1 1 |1 1 1 9 7 1 1 6 1 1 1 1 1 1 4 16 |2 2 1 3 11 1 16 1 1 1 1 2 1 2 2 2 |1 1 1 1 1 1 1 1 1 1 1 1 7 2 2 1 |1 1 8 5 1 1 2 6 1 1 3 1 6 1 13 8 |1 1 2 1 1 1 1 1 5 1 1 1 3 1 16 17 |
1963: 1 10 13 1 1 3 1 1 5 1 1 2 5 1 9 6 |1 1 1 1 2 2 1 6 7 1 4 8 1 1 1 7 |1 1 7 1 1 1 1 16 1 1 2 3 1 7 1 6 |1 1 14 1 2 1 1 8 12 4 1 1 1 5 1 2 |1 1 1 1 1 7 1 2 2 5 1 2 10 1 2 2 |1 5 1 1 1 3 1 1 2 2 1 2 5 3 3 14 |1 1 13 2 1 1 5 1 1 1 6 15 9 1 1 1 |1 1 1 9 7 1 1 6 1 1 1 1 1 1 4 16 |2 2 1 3 11 1 16 1 1 1 1 2 1 2 2 2 |1 1 1 1 1 1 1 1 1 1 1 1 7 2 2 1 |1 1 8 5 1 1 2 6 1 1 3 1 6 1 13 8 |1 1 2 1 1 1 1 1 5 1 1 1 3 1 16 17 |
1974: 1 10 13 1 1 3 1 1 5 1 1 2 5 1 9 6 |1 1 1 1 2 2 1 6 7 1 4 8 1 1 1 7 |1 1 7 1 1 1 1 16 1 1 2 3 1 7 1 6 |1 1 14 1 2 1 1 8 12 4 1 1 1 5 1 2 |1 1 1 1 1 7 1 2 2 5 1 2 10 1 2 2 |1 5 1 1 1 3 1 1 2 2 1 2 5 3 3 14 |1 1 13 2 1 1 5 1 1 1 6 15 9 1 1 1 |1 1 1 10 3 1 1 2 1 1 1 1 1 1 4 16 |2 2 1 3 11 1 16 1 1 1 1 2 1 2 2 2 |1 1 1 1 1 1 1 1 1 1 1 1 7 2 2 1 |1 1 8 5 1 1 2 6 1 1 3 1 6 1 13 8 |1 1 2 1 1 1 1 1 5 1 1 1 3 1 16 17 |
1985: 1 10 13 1 1 3 1 1 5 1 1 2 5 1 9 6 |1 1 1 1 2 2 1 6 7 1 4 8 1 1 1 7 |1 1 7 1 1 1 1 16 1 1 2 3 1 7 1 6 |1 1 14 1 2 1 1 8 12 4 1 1 1 5 1 2 |1 1 1 1 1 7 1 2 2 5 1 2 10 1 2 2 |1 5 1 1 1 3 1 1 2 2 1 2 5 3 3 14 |1 1 13 2 1 1 5 1 1 1 6 15 9 1 1 1 |1 1 1 10 3 1 1 2 1 1 1 1 1 1 4 16 |2 2 1 3 11 1 16 1 1 1 1 2 1 2 2 2 |1 1 1 1 1 1 1 1 1 1 1 1 7 2 2 1 |1 1 8 5 1 1 2 6 1 1 3 1 6 1 13 8 |1 1 2 1 1 1 1 1 5 1 1 1 3 1 16 17 |
1996: 1 10 13 1 1 3 1 1 5 1 1 2 5 1 9 6 |1 1 1 1 2 2 1 6 7 1 4 8 1 1 1 7 |1 1 7 1 1 1 1 16 1 1 2 3 1 7 1 6 |1 1 14 1 2 1 1 8 12 4 1 1 1 5 1 2 |1 1 1 1 1 7 1 2 2 5 1 2 10 1 2 2 |1 5 1 1 1 3 1 1 2 2 1 2 5 3 3 14 |1 1 13 2 1 1 5 1 1 1 6 15 9 1 1 1 |1 1 1 10 3 1 1 2 1 1 1 1 1 1 4 16 |2 2 1 3 11 1 16 1 1 1 1 2 1 2 2 2 |1 1 1 1 1 1 1 1 1 1 1 1 7 2 2 1 |1 1 8 5 1 1 2 6 1 1 3 1 6 1 13 8 |1 1 2 1 1 1 1 1 5 1 1 1 3 1 16 17 |
2006: 1 10 13 1 1 3 1 1 5 1 1 2 5 1 9 6 |1 1 1 1 2 2 1 6 7 1 4 8 1 1 1 7 |1 1 7 1 1 1 1 16 1 1 2 3 1 7 1 6 |1 1 14 1 2 1 1 8 12 4 1 1 1 5 1 2 |1 1 1 1 1 7 1 2 2 5 1 2 10 1 2 2 |1 5 1 1 1 3 1 1 2 2 1 2 5 3 3 14 |1 1 1 1 1 1 1 1 1 1 5 16 9 1 1 1 |1 1 1 10 3 1 1 2 1 1 1 1 1 1 4 16 |2 2 1 3 11 1 16 1 1 1 1 2 1 2 2 2 |1 1 1 1 1 1 1 1 1 1 1 1 7 2 2 1 |1 1 8 5 1 1 2 6 1 1 3 1 6 1 13 8 |1 1 2 1 1 1 1 1 5 1 1 1 3 1 16 17 |
2017: 1 10 13 1 1 3 1 1 5 1 1 2 5 1 9 6 |1 1 1 1 2 2 1 6 7 1 4 8 1 1 1 7 |1 1 7 1 1 1 1 16 1 1 2 3 1 7 1 6 |1 1 14 1 2 1 1 8 12 4 1 1 1 5 1 2 |1 1 1 1 1 7 1 2 2 5 1 2 10 1 2 2 |1 5 1 1 1 3 1 1 2 2 1 2 5 3 3 14 |1 1 1 1 1 1 1 1 1 1 5 16 9 1 1 1 |1 1 1 10 3 1 1 2 1 1 1 1 1 1 4 16 |2 2 1 3 11 1 16 1 1 1 1 2 1 2 2 2 |1 1 1 1 1 1 1 1 1 1 1 1 7 2 2 1 |1 1 8 5 1 1 2 6 1 1 3 1 6 1 13 8 |1 1 2 1 1 1 1 1 5 1 1 1 3 1 16 17 |
2028: 1 10 13 1 1 3 1 1 5 1 1 2 5 1 9 6 |1 1 1 1 2 2 1 6 7 1 4 8 1 1 1 7 |1 1 7 1 1 1 1 16 1 1 2 3 1 7 1 6 |1 1 14 1 2 1 1 8 12 4 1 1 1 5 1 2 |1 1 1 1 1 7 1 2 2 5 1 2 10 1 2 2 |1 5 1 1 1 3 1 1 2 2 1 2 5 3 3 14 |1 1 1 1 1 1 1 1 1 1 5 16 9 1 1 1 |1 1 1 10 3 1 1 2 1 1 1 1 1 1 4 16 |2 2 1 3 11 1 16 1 1 1 1 2 1 2 2 2 |1 1 1 1 1 1 1 1 1 1 1 1 7 2 2 1 |1 1 8 5 1 1 2 6 1 1 3 1 6 1 13 8 |1 1 2 1 1 1 1 1 5 1 1 1 3 1 16 17 |
2039: 1 10 13 1 1 3 1 1 5 1 1 2 5 1 9 6 |1 1 1 1 2 2 1 6 7 1 4 8 1 1 1 7 |1 1 7 1 1 1 1 16 1 1 2 3 1 7 1 6 |1 1 14 1 2 1 1 8 12 4 1 1 1 5 1 2 |1 1 1 1 1 7 1 2 2 5 1 2 10 1 2 2 |1 5 1 1 1 3 1 1 2 2 1 2 5 3 3 14 |1 1 1 1 1 1 1 1 1 1 5 16 9 1 1 1 |1 1 1 10 3 1 1 2 1 1 1 1 1 1 4 16 |2 2 1 3 11 1 16 1 1 1 1 2 1 2 2 2 |1 1 1 1 1 1 1 1 1 1 1 1 7 2 2 1 |1 1 8 5 1 1 2 6 1 1 3 1 6 1 13 8 |1 1 2 1 1 1 1 1 5 1 1 1 3 1 16 17 |
2050: 1 10 13 1 1 3 1 1 5 1 1 2 5 1 9 6 |1 1 1 1 2 2 1 6 7 1 4 8 1 1 1 7 |1 1 7 1 1 1 1 16 1 1 2 3 1 7 1 6 |1 1 14 1 2 1 1 8 12 4 1 1 1 5 1 2 |1 1 1 1 1 7 1 2 2 5 1 2 10 1 2 2 |1 5 1 1 1 3 1 1 2 2 1 2 5 3 3 14 |1 1 1 1 1 1 1 1 1 1 5 16 9 1 1 1 |1 1 1 10 3 1 1 2 1 1 1 1 1 1 4 16 |2 2 1 3 11 1 16 1 1 1 1 2 1 2 2 2 |1 1 1 1 1 1 1 1 1 1 1 1 7 2 2 1 |1 1 8 5 1 1 2 6 1 1 3 1 6 1 13 8 |1 1 2 1 1 1 1 1 5 1 1 1 3 1 16 17 |
2061: 1 10 13 1 1 3 1 1 5 1 1 2 5 1 9 6 |1 1 1 1 2 2 1 6 7 1 4 8 1 1 1 7 |1 1 7 1 1 1 1 16 1 1 2 3 1 7 1 6 |1 1 14 1 2 1 1 8 12 4 1 1 1 5 1 2 |1 1 1 1 1 7 1 2 2 5 1 2 10 1 2 2 |1 5 1 1 1 3 1 1 2 2 1 2 5 3 3 14 |1 1 1 1 1 1 1 1 1 1 5 16 9 1 1 1 |1 1 1 10 3 1 1 2 1 1 1 1 1 1 4 16 |2 2 1 3 11 1 16 1 1 1 1 2 1 2 2 2 |1 1 1 1 1 1 1 1 1 1 1 1 7 2 2 1 |1 1 8 5 1 1 2 6 1 1 3 1 6 1 13 8 |1 1 2 1 1 1 1 1 5 1 1 1 3 1 16 17 |
2072: 1 10 13 1 1 3 1 1 5 1 1 2 5 1 9 6 |1 1 1 1 2 2 1 6 7 1 4 8 1 1 1 7 |1 1 7 1 1 1 1 16 1 1 2 3 1 7 1 6 |1 1 14 1 2 1 1 8 12 4 1 1 1 5 1 2 |1 1 1 1 1 7 1 2 2 5 1 2 10 1 2 2 |1 5 1 1 1 3 1 1 2 2 1 2 5 3 3 14 |1 1 1 1 1 1 1 1 1 1 5 16 9 1 1 1 |1 1 1 10 3 1 1 2 1 1 1 1 1 1 4 16 |2 2 1 3 11 1 16 1 1 1 1 2 1 2 2 2 |1 1 1 1 1 1 1 1 1 1 1 2 6 2 1 1 |1 1 8 5 1 1 2 6 1 1 3 1 6 1 13 8 |1 1 2 1 1 1 1 1 5 1 1 1 3 1 16 17 |
2083: 1 10 13 1 1 3 1 1 5 1 1 2 5 1 9 6 |1 1 1 1 2 2 1 6 7 1 4 8 1 1 1 7 |1 1 7 1 1 1 1 16 1 1 2 3 1 7 1 6 |1 1 14 1 2 1 1 8 12 4 1 1 1 5 1 2 |1 1 1 1 1 7 1 2 2 5 1 2 10 1 2 2 |1 5 1 1 1 3 1 1 2 2 1 2 5 3 3 14 |1 1 1 1 1 1 1 1 1 1 5 16 9 1 1 1 |1 1 1 10 3 1 1 2 1 1 1 1 1 1 4 16 |2 2 1 3 11 1 16 1 1 1 1 2 1 2 2 2 |1 1 1 1 1 1 1 1 1 1 1 2 6 2 1 1 |1 1 8 5 1 1 2 6 1 1 3 1 6 1 13 8 |1 1 2 1 1 1 1 1 5 1 1 1 3 1 16 17 |
2094: 1 10 13 1 1 3 1 1 5 1 1 2 5 1 9 6 |1 1 1 1 2 2 1 6 7 1 4 8 1 1 1 7 |1 1 7 1 1 1 1 16 1 1 2 3 1 7 1 6 |1 1 14 1 2 1 1 8 12 4 1 1 1 5 1 2 |1 1 1 1 1 7 1 2 2 5 1 2 10 1 2 2 |1 5 1 1 1 3 1 1 2 2 1 2 5 3 3 14 |1 1 1 1 1 1 1 1 1 1 5 16 9 1 1 1 |1 1 1 10 3 1 1 2 1 1 1 1 1 1 4 16 |2 2 1 3 11 1 16 1 1 1 1 2 1 2 2 2 |1 1 1 1 1 1 1 1 1 1 1 2 6 2 1 1 |1 1 8 5 1 1 2 6 1 1 3 1 6 1 13 8 |1 1 2 1 1 1 1 1 5 1 1 1 3 1 16 17 |
2105: 1 10 13 1 1 3 1 1 5 1 1 2 5 1 9 6 |1 1 1 1 2 2 1 6 7 1 4 8 1 1 1 7 |1 1 7 1 1 1 1 16 1 1 2 3 1 7 1 6 |1 1 14 1 2 1 1 8 12 4 1 1 1 5 1 2 |1 1 1 1 1 7 1 2 2 5 1 2 10 1 2 2 |1 5 1 1 1 3 1 1 2 2 1 2 5 3 3 14 |1 1 1 1 1 1 1 1 1 1 5 16 9 1 1 1 |1 1 1 9 8 1 1 2 1 1 1 1 1 1 4 16 |2 2 1 3 11 1 16 1 1 1 1 2 1 2 2 2 |1 1 1 1 1 1 1 1 1 1 1 2 6 2 1 1 |1 1 8 5 1 1 2 6 1 1 3 1 6 1 13 8 |1 1 2 1 1 1 1 1 5 1 1 1 3 1 16 17 |
2116: 1 10 13 1 1 3 1 1 5 1 1 2 5 1 9 6 |1 1 1 1 2 2 1 6 7 1 4 8 1 1 1 7 |1 1 7 1 1 1 1 16 1 1 2 3 1 7 1 6 |1 1 14 1 2 1 1 8 12 4 1 1 1 5 1 2 |1 1 1 1 1 7 1 2 2 5 1 2 10 1 2 2 |1 5 1 1 1 3 1 1 2 2 1 2 5 3 3 14 |1 1 1 1 1 1 1 1 1 1 5 16 9 1 1 1 |1 1 1 9 8 1 1 2 1 1 1 1 1 1 4 16 |2 2 1 3 11 1 16 1 1 1 1 2 1 2 2 2 |1 1 1 1 1 1 1 1 1 1 1 2 6 2 1 1 |1 1 8 5 1 1 2 6 1 1 3 1 6 1 13 8 |1 1 2 1 1 1 1 1 5 1 1 1 3 1 16 17 |
2127: 1 10 13 1 1 3 1 1 5 1 1 2 5 1 9 6 |1 1 1 1 2 2 1 6 7 1 4 8 1 1 1 7 |1 1 7 1 1 1 1 16 1 1 2 3 1 7 1 6 |1 1 14 1 2 1 1 8 12 4 1 1 1 5 1 2 |1 1 1 1 1 7 1 2 2 5 1 2 10 1 2 2 |1 5 1 1 1 3 1 1 2 2 1 2 5 3 3 14 |1 1 1 1 1 1 1 1 1 1 5 16 9 1 1 1 |1 1 1 9 8 1 1 2 1 1 1 1 1 1 4 16 |2 2 1 3 11 1 16 1 1 1 1 2 1 2 2 2 |1 1 1 1 1 1 1 1 1 1 1 2 6 2 1 1 |1 1 8 5 1 1 2 6 1 1 3 1 6 1 13 8 |1 1 2 1 1 1 1 1 5 1 1 1 3 1 16 17 |
2138: 1 10 13 1 1 3 1 1 5 1 1 2 5 1 9 6 |1 1 1 1 2 2 1 6 7 1 4 8 1 1 1 7 |1 1 7 1 1 1 1 16 1 1 2 3 1 7 1 6 |1 1 14 1 2 1 1 8 12 4 1 1 1 5 1 2 |1 1 1 1 1 7 1 2 2 5 1 2 10 1 2 2 |1 5 1 1 1 3 1 1 2 2 1 2 5 3 3 14 |1 1 1 1 1 1 1 1 1 1 5 16 9 1 1 1 |1 1 1 9 8 1 1 2 1 1 1 1 1 1 4 16 |2 2 1 3 11 1 16 1 1 1 1 2 1 2 2 2 |1 1 1 1 1 1 1 1 1 1 1 2 6 2 1 1 |1 2 1 1 1 1 2 1 2 12 1 1 6 2 11 9 |1 1 2 1 1 1 1 1 5 1 1 1 3 1 16 17 |
2149: 1 10 13 1 1 3 1 1 5 1 1 2 5 1 9 6 |1 1 1 1 2 2 1 6 7 1 4 8 1 1 1 7 |1 1 7 1 1 1 1 16 1 1 2 3 1 7 1 6 |1 1 14 1 2 1 1 8 12 4 1 1 1 5 1 2 |1 1 1 1 1 7 1 2 2 5 1 2 10 1 2 2 |1 5 1 1 1 3 1 1 2 2 1 2 5 3 3 14 |1 1 1 1 1 1 1 1 1 1 5 16 9 1 1 1 |1 1 1 9 8 1 1 2 1 1 1 1 1 1 4 16 |2 2 1 3 11 1 16 1 1 1 1 2 1 2 2 2 |1 1 1 1 1 1 1 1 1 1 1 2 6 2 1 1 |1 2 1 1 1 1 2 1 2 12 1 1 6 2 11 9 |1 1 2 1 1 1 1 1 5 1 1 1 3 1 16 17 |
2160: 1 10 13 1 1 3 1 1 5 1 1 2 5 1 9 6 |1 1 1 2 1 1 2 2 1 1 2 15 1 1 3 1 |1 1 7 1 1 1 1 16 1 1 2 3 1 7 1 6 |1 1 14 1 2 1 1 8 12 4 1 1 1 5 1 2 |1 1 1 1 1 7 1 2 2 5 1 2 10 1 2 2 |1 5 1 1 1 3 1 1 2 2 1 2 5 3 3 14 |1 1 1 1 1 1 1 1 1 1 5 16 9 1 1 1 |1 1 1 9 8 1 1 2 1 1 1 1 1 1 4 16 |2 2 1 3 11 1 16 1 1 1 1 2 1 2 2 2 |1 1 1 1 1 1 1 1 1 1 1 2 6 2 1 1 |1 2 1 1 1 1 2 1 2 12 1 1 6 2 11 9 |1 1 2 1 1 1 1 1 5 1 1 1 3 1 16 17 |
2171: 1 10 13 1 1 3 1 1 5 1 1 2 5 1 9 6 |1 1 1 2 1 1 2 2 1 1 2 15 1 1 3 1 |1 1 7 1 1 1 1 16 1 1 2 3 1 7 1 6 |1 1 14 1 2 1 1 8 12 4 1 1 1 5 1 2 |1 1 1 1 1 7 1 2 2 5 1 2 10 1 2 2 |1 5 1 1 1 3 1 1 2 2 1 2 5 3 3 14 |1 1 1 1 1 1 1 1 1 1 5 16 9 1 1 1 |1 1 1 9 8 1 1 2 1 1 1 1 1 1 4 16 |2 2 1 3 11 1 16 1 1 1 1 2 1 2 2 2 |1 1 1 2 1 8 1 1 1 2 12 1 6 2 2 1 |1 2 1 1 1 1 2 1 2 12 1 1 6 2 11 9 |1 1 2 1 1 1 1 1 5 1 1 1 3 1 16 17 |
2182: 1 10 13 1 1 3 1 1 5 1 1 2 5 1 9 6 |1 1 1 2 1 1 2 2 1 1 2 15 1 1 3 1 |1 1 7 1 1 1 1 16 1 1 2 3 1 7 1 6 |1 1 14 1 2 1 1 8 12 4 1 1 1 5 1 2 |1 1 1 1 1 7 1 2 2 5 1 2 10 1 2 2 |1 5 1 1 1 3 1 1 2 2 1 2 5 3 3 14 |1 1 1 1 1 1 1 1 1 1 5 16 9 1 1 1 |1 1 1 9 8 1 1 2 1 1 1 1 1 1 4 16 |2 2 1 3 11 1 16 1 1 1 1 2 1 2 2 2 |1 1 1 2 1 8 1 1 1 2 12 1 6 2 2 1 |1 2 1 1 1 1 2 1 2 12 1 1 6 2 11 9 |1 1 2 1 1 1 1 1 5 1 1 1 3 1 16 17 |
2193: 1 10 13 1 1 3 1 1 5 1 1 2 5 1 9 6 |1 1 1 2 1 1 2 2 1 1 2 15 1 1 3 1 |1 1 7 1 1 1 1 16 1 1 2 3 1 7 1 6 |1 1 14 1 2 1 1 8 12 4 1 1 1 5 1 2 |1 1 1 1 1 7 1 2 2 5 1 2 10 1 2 2 |1 5 1 1 1 3 1 1 2 2 1 2 5 3 3 14 |1 1 1 1 1 1 1 1 1 1 5 16 9 1 1 1 |1 1 1 9 8 1 1 2 1 1 1 1 1 1 4 16 |2 2 1 3 11 1 16 1 1 1 1 2 1 2 2 2 |1 1 1 2 1 8 1 1 1 2 12 1 6 2 2 1 |1 2 1 1 1 1 2 1 2 12 1 1 6 2 11 9 |1 1 2 1 1 1 1 1 5 1 1 1 3 1 16 17 |
2204: 1 10 13 1 1 3 1 1 5 1 1 2 5 1 9 6 |1 1 1 2 1 1 2 2 1 1 2 15 1 1 3 1 |1 1 7 1 1 1 1 16 1 1 2 3 1 7 1 6 |1 1 14 1 2 1 1 8 12 4 1 1 1 5 1 2 |1 1 1 1 1 7 1 2 2 5 1 2 10 1 2 2 |1 5 1 1 1 3 1 1 2 2 1 2 5 3 3 14 |1 1 1 1 1 1 1 1 1 1 5 16 9 1 1 1 |1 1 1 9 8 1 1 2 1 1 1 1 1 1 4 16 |2 2 1 3 11 1 16 1 1 1 1 2 1 2 2 2 |1 1 1 2 1 8 1 1 1 2 12 1 6 2 2 1 |1 2 1 1 1 1 2 1 2 12 1 1 6 2 11 9 |1 1 2 1 1 1 1 1 5 1 1 1 3 1 16 17 |
2215: 1 10 13 1 1 3 1 1 5 1 1 2 5 1 9 6 |1 1 1 2 1 1 2 2 1 1 2 15 1 1 3 1 |1 1 7 1 1 1 1 16 1 1 2 3 1 7 1 6 |1 1 14 1 2 1 1 8 12 4 1 1 1 5 1 2 |1 1 1 1 1 7 1 2 2 5 1 2 10 1 2 2 |1 5 1 1 1 3 1 1 2 2 1 2 5 3 3 14 |1 1 1 1 1 1 1 1 1 1 5 16 9 1 1 1 |1 1 1 9 8 1 1 2 1 1 1 1 1 1 4 16 |2 2 1 3 11 1 16 1 1 1 1 2 1 2 2 2 |1 1 1 2 1 8 1 1 1 2 12 1 6 2 2 1 |1 2 1 1 1 1 2 1 2 12 1 1 6 2 11 9 |1 1 2 1 1 1 1 1 5 1 1 1 3 1 16 17 |
2225: 1 2 13 1 1 4 1 1 5 1 1 2 4 1 1 1 |1 1 1 2 1 1 2 2 1 1 2 15 1 1 3 1 |1 1 7 1 1 1 1 16 1 1 2 3 1 7 1 6 |1 1 14 1 2 1 1 8 12 4 1 1 1 5 1 2 |1 1 1 1 1 7 1 2 2 5 1 2 10 1 2 2 |1 5 1 1 1 3 1 1 2 2 1 2 5 3 3 14 |1 1 1 1 1 1 1 1 1 1 5 16 9 1 1 1 |1 1 1 9 8 1 1 2 1 1 1 1 1 1 4 16 |2 2 1 3 11 1 16 1 1 1 1 2 1 2 2 2 |1 1 1 2 1 8 1 1 1 2 12 1 6 2 2 1 |1 2 1 1 1 1 2 1 2 12 1 1 6 2 11 9 |1 1 2 1 1 1 1 1 5 1 1 1 3 1 16 17 |
2236: 1 2 13 1 1 4 1 1 5 1 1 2 4 1 1 1 |1 1 1 2 1 1 2 2 1 1 2 15 1 1 3 1 |1 1 7 1 1 1 1 16 1 1 2 3 1 7 1 6 |1 1 14 1 2 1 1 8 12 4 1 1 1 5 1 2 |1 1 1 1 1 7 1 2 2 5 1 2 10 1 2 2 |1 5 1 1 1 3 1 1 2 2 1 2 5 3 3 14 |1 1 1 1 1 1 1 1 1 1 5 16 9 1 1 1 |1 1 1 9 8 1 1 2 1 1 1 1 1 1 4 16 |2 2 1 3 11 1 16 1 1 1 1 2 1 2 2 2 |1 1 1 3 1 2 1 1 1 2 12 1 7 2 2 1 |1 2 1 1 1 1 2 1 2 12 1 1 6 2 11 9 |1 1 2 1 1 1 1 1 5 1 1 1 3 1 16 17 |
2247: 1 2 13 1 1 4 1 1 5 1 1 2 4 1 1 1 |1 1 1 2 1 1 2 2 1 1 2 15 1 1 3 1 |1 1 7 1 1 1 1 16 1 1 2 3 1 7 1 6 |1 1 14 1 2 1 1 8 12 4 1 1 1 5 1 2 |1 1 1 1 1 7 1 2 2 5 1 2 10 1 2 2 |1 5 1 1 1 3 1 1 2 2 1 2 5 3 3 14 |1 1 1 1 1 1 1 1 1 1 5 16 9 1 1 1 |1 1 1 9 8 1 1 2 1 1 1 1 1 1 4 16 |2 2 1 3 11 1 16 1 1 1 1 2 1 2 2 2 |1 1 1 3 1 2 1 1 1 2 12 1 7 2 2 1 |1 2 1 1 1 1 2 6 1 17 3 1 8 1 11 8 |1 1 2 1 1 1 1 1 5 1 1 1 3 1 16 17 |
2258: 1 2 13 1 1 4 1 1 5 1 1 2 4 1 1 1 |1 1 1 2 1 1 2 2 1 1 2 15 1 1 3 1 |1 1 7 1 1 1 1 16 1 1 2 3 1 7 1 6 |1 1 14 1 2 1 1 8 12 4 1 1 1 5 1 2 |1 1 1 1 1 7 1 2 2 5 1 2 10 1 2 2 |1 5 1 1 1 3 1 1 2 2 1 2 5 3 3 14 |1 1 1 1 1 1 1 1 1 1 5 16 9 1 1 1 |1 1 1 9 8 1 1 2 1 1 1 1 1 1 4 16 |2 2 1 3 11 1 16 1 1 1 1 2 1 2 2 2 |1 1 1 3 1 2 1 1 1 2 12 1 7 2 2 1 |1 2 1 1 1 1 2 6 1 17 3 1 8 1 11 8 |1 1 2 1 1 1 1 1 5 1 1 1 3 1 16 17 |
2269: 1 2 13 1 1 4 1 1 5 1 1 2 4 1 1 1 |1 1 1 2 1 1 2 2 1 1 2 15 1 1 3 1 |1 1 7 1 1 1 1 16 1 1 2 3 1 7 1 6 |1 1 14 1 2 1 1 8 12 4 1 1 1 5 1 2 |1 1 1 1 1 7 1 2 2 5 1 2 10 1 2 2 |1 5 1 1 1 3 1 1 2 2 1 2 5 3 3 14 |1 1 1 2 1 1 8 1 2 2 1 9 1 1 1 4 |1 1 1 9 8 1 1 2 1 1 1 1 1 1 4 16 |2 2 1 3 11 1 16 1 1 1 1 2 1 2 2 2 |1 1 1 3 1 2 1 1 1 2 12 1 7 2 2 1 |1 2 1 1 1 1 2 6 1 17 3 1 8 1 11 8 |1 1 2 1 1 1 1 1 5 1 1 1 3 1 16 17 |
2280: 1 2 13 1 1 4 1 1 5 1 1 2 4 1 1 1 |1 1 1 2 1 1 2 2 1 1 2 15 1 1 3 1 |1 1 7 1 1 1 1 16 1 1 2 3 1 7 1 6 |1 1 14 1 2 1 1 8 12 4 1 1 1 5 1 2 |1 1 1 1 1 7 1 2 2 5 1 2 10 1 2 2 |1 5 1 1 1 3 1 1 2 2 1 2 5 3 3 14 |1 1 1 2 1 1 8 1 2 2 1 9 1 1 1 4 |1 1 1 9 8 1 1 2 1 1 1 1 1 1 4 16 |2 2 1 3 11 1 16 1 1 1 1 2 1 2 2 2 |1 1 1 3 1 2 1 1 1 2 12 1 7 2 2 1 |1 2 1 1 1 1 2 6 1 17 3 1 8 1 11 8 |1 1 2 1 1 1 1 1 5 1 1 1 3 1 16 17 |
2291: 1 2 13 1 1 4 1 1 5 1 1 2 4 1 1 1 |1 1 1 2 1 1 2 2 1 1 2 15 1 1 3 1 |1 1 7 1 1 1 1 16 1 1 2 3 1 7 1 6 |1 1 14 1 2 1 1 8 12 4 1 1 1 5 1 2 |1 1 1 1 1 7 1 2 2 5 1 2 10 1 2 2 |1 5 1 1 1 3 1 1 2 2 1 2 5 3 3 14 |1 1 1 2 1 1 8 1 2 2 1 9 1 1 1 4 |1 1 1 9 8 1 1 2 1 1 1 1 1 1 4 16 |2 2 1 3 11 1 16 1 1 1 1 2 1 2 2 2 |1 1 1 3 1 2 1 1 1 2 12 1 7 2 2 1 |1 2 1 1 1 1 2 6 1 17 3 1 8 1 11 8 |1 1 2 1 1 1 1 1 5 1 1 1 3 1 16 17 |
2302: 1 2 13 1 1 4 1 1 5 1 1 2 4 1 1 1 |1 1 1 2 1 1 2 2 1 1 2 15 1 1 3 1 |1 1 7 1 1 1 1 16 1 1 2 3 1 7 1 6 |1 1 14 1 2 1 1 8 12 4 1 1 1 5 1 2 |1 1 1 1 1 6 1 2 1 6 1 2 12 2 1 3 |1 5 1 1 1 3 1 1 2 2 1 2 5 3 3 14 |1 1 1 2 1 1 8 1 2 2 1 9 1 1 1 4 |1 1 1 9 8 1 1 2 1 1 1 1 1 1 4 16 |2 2 1 3 11 1 16 1 1 1 1 2 1 2 2 2 |1 1 1 3 1 2 1 1 1 2 12 1 7 2 2 1 |1 2 1 1 1 1 2 6 1 17 3 1 8 1 11 8 |1 1 2 1 1 1 1 1 5 1 1 1 3 1 16 17 |
2313: 1 2 13 1 1 4 1 1 5 1 1 2 4 1 1 1 |1 1 1 2 1 1 2 2 1 1 2 15 1 1 3 1 |1 1 7 1 1 1 1 16 1 1 2 3 1 7 1 6 |1 1 14 1 2 1 1 8 12 4 1 1 1 5 1 2 |1 1 1 1 1 6 1 2 1 6 1 2 12 2 1 3 |1 5 1 1 1 3 1 1 2 2 1 2 5 3 3 14 |1 1 1 2 1 1 8 1 2 2 1 9 1 1 1 4 |1 1 1 9 8 1 1 2 1 1 1 1 1 1 4 16 |2 2 1 3 11 1 16 1 1 1 1 2 1 2 2 2 |1 1 1 3 1 2 1 1 1 2 12 1 7 2 2 1 |1 2 1 1 1 1 2 6 1 17 3 1 8 1 11 8 |1 1 2 1 1 1 1 1 5 1 1 1 3 1 16 17 |
2324: 1 2 13 1 1 4 1 1 5 1 1 2 4 1 1 1 |1 1 1 2 1 1 2 2 1 1 2 15 1 1 3 1 |1 1 7 1 1 1 1 16 1 1 2 3 1 7 1 6 |1 1 14 1 2 1 1 8 12 4 1 1 1 5 1 2 |1 1 1 1 1 6 1 2 1 6 1 2 12 2 1 3 |1 5 1 1 1 3 1 1 2 2 1 2 5 3 3 14 |1 1 1 2 1 1 8 1 2 2 1 9 1 1 1 4 |1 1 1 9 8 1 1 2 1 1 1 1 1 1 4 16 |2 2 1 3 11 1 16 1 1 1 1 2 1 2 2 2 |1 1 1 3 1 2 1 1 1 2 12 1 7 2 2 1 |1 2 1 1 1 1 2 6 1 17 3 1 8 1 11 8 |1 1 2 1 1 1 1 1 5 1 1 1 3 1 16 17 |
2335: 1 2 13 1 1 4 1 1 5 1 1 2 4 1 1 1 |1 1 1 2 1 1 2 2 1 1 2 15 1 1 3 1 |1 1 7 1 1 1 1 16 1 1 2 3 1 7 1 6 |1 1 14 1 2 1 1 8 12 4 1 1 1 5 1 2 |1 1 1 1 1 6 1 2 1 6 1 2 12 2 1 3 |1 5 1 1 1 3 1 1 2 2 1 2 5 3 3 14 |1 1 1 2 1 1 8 1 2 2 1 9 1 1 1 4 |1 1 1 9 8 1 1 2 1 1 1 1 1 1 4 16 |2 2 1 3 11 1 16 1 1 1 1 2 1 2 2 2 |1 1 1 3 1 2 1 1 1 2 12 1 7 2 2 1 |1 2 1 1 1 1 2 6 1 17 3 1 8 1 11 8 |1 1 2 1 1 1 1 1 5 1 1 1 3 1 16 17 |
2346: 1 2 13 1 1 4 1 1 5 1 1 2 4 1 1 1 |1 1 1 2 1 1 2 2 1 1 2 15 1 1 3 1 |1 1 7 1 1 1 1 16 1 1 2 3 1 7 1 6 |1 1 14 1 2 1 1 8 12 4 1 1 1 5 1 2 |1 1 1 1 1 6 1 2 1 6 1 2 12 2 1 3 |1 5 1 1 1 3 1 1 2 2 1 2 5 3 3 14 |1 1 1 2 1 1 8 1 2 2 1 9 1 1 1 4 |1 1 1 9 8 1 1 2 1 1 1 1 1 1 4 16 |2 2 1 3 11 1 16 1 1 1 1 2 1 2 2 2 |1 1 1 3 1 2 1 1 1 2 12 1 7 2 2 1 |1 2 1 1 1 1 2 6 1 17 3 1 8 1 11 8 |1 1 2 1 1 1 1 1 5 1 1 1 3 1 16 17 |
2357: 1 2 13 1 1 4 1 1 5 1 1 2 4 1 1 1 |1 1 1 2 1 1 2 2 1 1 2 15 1 1 3 1 |1 1 7 1 1 1 1 16 1 1 2 3 1 7 1 6 |1 1 14 1 2 1 1 8 12 4 1 1 1 5 1 2 |1 1 1 1 1 6 1 2 1 6 1 2 12 2 1 3 |1 5 1 1 1 3 1 1 2 2 1 2 5 3 3 14 |1 1 1 2 1 1 8 1 2 2 1 9 1 1 1 4 |1 1 1 9 8 1 1 2 1 1 1 1 1 1 4 16 |2 2 1 3 11 1 16 1 1 1 1 2 1 2 2 2 |1 1 1 3 1 2 1 1 1 2 12 1 7 2 2 1 |1 2 1 1 1 1 2 6 1 17 3 1 8 1 11 8 |1 1 2 1 1 1 1 1 5 1 1 1 3 1 16 17 |
2368: 1 2 13 1 1 4 1 1 5 1 1 2 4 1 1 1 |1 1 1 2 1 1 2 2 1 1 2 15 1 1 3 1 |1 1 7 1 1 1 1 16 1 1 2 3 1 7 1 6 |1 1 14 1 2 1 1 8 12 4 1 1 1 5 1 2 |1 1 1 1 1 6 1 2 1 6 1 2 12 2 1 3 |1 5 1 1 1 3 1 1 2 2 1 2 5 3 3 14 |1 1 1 2 1 1 8 1 2 2 1 9 1 1 1 4 |1 1 1 6 2 1 2 6 1 1 1 1 1 1 3 16 |2 2 1 3 11 1 16 1 1 1 1 2 1 2 2 2 |1 1 1 3 1 2 1 1 1 2 12 1 7 2 2 1 |1 2 1 1 1 1 2 6 1 17 3 1 8 1 11 8 |1 1 2 1 1 1 1 1 5 1 1 1 3 1 16 17 |
2379: 1 2 13 1 1 4 1 1 5 1 1 2 4 1 1 1 |1 1 1 2 1 1 2 2 1 1 2 15 1 1 3 1 |1 1 7 1 1 1 1 16 1 1 2 3 1 7 1 6 |1 1 14 1 2 1 1 8 12 4 1 1 1 5 1 2 |1 1 1 1 1 6 1 2 1 6 1 2 12 2 1 3 |1 5 1 1 1 3 1 1 2 2 1 2 5 3 3 14 |1 1 1 2 1 1 8 1 2 2 1 9 1 1 1 4 |1 1 1 6 2 1 2 6 1 1 1 1 1 1 3 16 |2 2 1 3 11 1 16 1 1 1 1 2 1 2 2 2 |1 1 1 3 1 2 1 1 1 2 12 1 7 2 2 1 |1 2 1 1 1 1 2 6 1 17 3 1 8 1 11 8 |1 1 2 1 1 1 1 1 5 1 1 1 3 1 16 17 |
2390: 1 2 13 1 1 4 1 1 5 1 1 2 4 1 1 1 |1 1 1 2 1 1 2 2 1 1 2 15 1 1 3 1 |1 1 7 1 1 1 1 16 1 1 2 3 1 7 1 6 |1 1 14 1 2 1 1 8 12 4 1 1 1 5 1 2 |1 1 1 1 1 6 1 2 1 6 1 2 12 2 1 3 |1 5 1 1 1 3 1 1 2 2 1 2 5 3 3 14 |1 1 1 2 1 1 8 1 2 2 1 9 1 1 1 4 |1 1 1 6 2 1 2 6 1 1 1 1 1 1 3 16 |2 2 1 3 11 1 16 1 1 1 1 2 1 2 2 2 |1 1 1 3 1 2 1 1 1 2 12 1 7 2 2 1 |1 2 1 1 1 1 2 6 1 17 3 1 8 1 11 8 |1 1 2 1 1 1 1 1 5 1 1 1 3 1 16 17 |
2401: 1 2 13 1 1 4 1 1 5 1 1 2 4 1 1 1 |1 1 1 2 1 1 2 2 1 1 2 15 1 1 3 1 |1 1 7 1 1 1 1 16 1 1 2 3 1 7 1 6 |1 1 14 1 2 1 1 8 12 4 1 1 1 5 1 2 |1 1 1 1 1 6 1 2 1 6 1 2 12 2 1 3 |1 5 1 1 1 3 1 1 2 2 1 2 5 3 3 14 |1 1 1 2 1 1 8 1 2 2 1 9 1 1 1 4 |1 1 1 6 2 1 2 6 1 1 1 1 1 1 3 16 |2 2 1 3 11 1 16 1 1 1 1 2 1 2 2 2 |1 1 1 3 1 2 1 1 1 2 12 1 7 2 2 1 |1 2 1 1 1 1 2 6 1 17 3 1 8 1 11 8 |1 1 2 1 1 1 1 1 5 1 1 1 3 1 16 17 |
2412: 1 2 13 1 1 4 1 1 5 1 1 2 4 1 1 1 |1 1 1 2 1 1 2 2 1 1 2 15 1 1 3 1 |1 1 7 1 1 1 1 16 1 1 2 3 1 7 1 6 |1 1 14 1 2 1 1 8 12 4 1 1 1 5 1 2 |1 1 1 1 1 6 1 2 1 6 1 2 12 2 1 3 |1 5 1 1 1 3 1 1 2 2 1 2 5 3 3 14 |1 1 1 2 1 1 8 1 2 2 1 9 1 1 1 4 |1 1 1 6 2 1 2 6 1 1 1 1 1 1 3 16 |2 2 1 3 11 1 16 1 1 1 1 2 1 2 2 2 |1 1 1 3 1 2 1 1 1 2 12 1 7 2 2 1 |1 2 1 1 1 1 2 6 1 17 3 1 8 1 11 8 |1 1 2 1 1 1 1 1 5 1 1 1 3 1 16 17 |
2423: 1 2 13 1 1 4 1 1 5 1 1 2 4 1 1 1 |1 1 1 2 1 1 2 2 1 1 2 15 1 1 3 1 |1 1 7 1 1 1 1 16 1 1 2 3 1 7 1 6 |1 1 14 1 2 1 1 8 12 4 1 1 1 5 1 2 |1 1 1 1 1 6 1 2 1 6 1 2 12 2 1 3 |1 5 1 1 1 3 1 1 2 2 1 2 5 3 3 14 |1 1 1 2 1 1 8 1 2 2 1 9 1 1 1 4 |1 1 1 6 2 1 2 6 1 1 1 1 1 1 3 16 |2 2 1 3 11 1 16 1 1 1 1 2 1 2 2 2 |1 1 1 3 1 2 1 1 1 2 12 1 7 2 2 1 |1 2 1 1 1 1 2 6 1 17 3 1 8 1 11 8 |1 1 2 1 1 1 1 1 5 1 1 1 3 1 16 17 |
2434: 1 2 13 1 1 4 1 1 5 1 1 2 4 1 1 1 |1 1 1 2 1 1 2 2 1 1 2 15 1 1 3 1 |1 1 7 1 1 1 1 16 1 1 2 3 1 7 1 6 |1 1 14 1 2 1 1 8 12 4 1 1 1 5 1 2 |1 1 1 1 1 6 1 2 1 6 1 2 12 2 1 3 |1 5 1 1 1 3 1 1 2 2 1 2 5 3 3 14 |1 1 1 1 3 1 7 1 1 1 5 16 9 1 1 1 |1 1 1 6 2 1 2 6 1 1 1 1 1 1 3 16 |2 2 1 3 11 1 16 1 1 1 1 2 1 2 2 2 |1 1 1 3 1 2 1 1 1 2 12 1 7 2 2 1 |1 2 1 1 1 1 2 6 1 17 3 1 8 1 11 8 |1 1 2 1 1 1 1 1 5 1 1 1 3 1 16 17 |
2445: 1 2 13 1 1 4 1 1 5 1 1 2 4 1 1 1 |1 1 1 2 1 1 2 2 1 1 2 15 1 1 3 1 |1 1 7 1 1 1 1 16 1 1 2 3 1 7 1 6 |1 1 14 1 2 1 1 8 12 4 1 1 1 5 1 2 |1 1 1 1 1 6 1 2 1 6 1 2 12 2 1 3 |1 5 1 1 1 3 1 1 2 2 1 2 5 3 3 14 |1 1 1 1 3 1 7 1 1 1 5 16 9 1 1 1 |1 1 1 6 2 1 2 6 1 1 1 1 1 1 3 16 |2 2 1 3 11 1 16 1 1 1 1 2 1 2 2 2 |1 1 1 3 1 2 1 1 1 2 12 1 7 2 2 1 |1 2 1 1 1 1 2 6 1 17 3 1 8 1 11 8 |1 1 2 1 1 1 1 1 5 1 1 1 3 1 16 17 |
2456: 1 2 13 1 1 4 1 1 5 1 1 2 4 1 1 1 |1 1 1 2 1 1 2 2 1 1 2 15 1 1 3 1 |1 1 7 1 1 1 1 16 1 1 2 3 1 7 1 6 |1 1 14 1 2 1 1 8 12 4 1 1 1 5 1 2 |1 1 1 1 1 6 1 2 1 6 1 2 12 2 1 3 |1 5 1 1 1 3 1 1 2 2 1 2 5 3 3 14 |1 1 1 1 3 1 7 1 1 1 5 16 9 1 1 1 |1 1 1 6 2 1 2 6 1 1 1 1 1 1 3 16 |2 2 1 3 11 1 16 1 1 1 1 2 1 2 2 2 |1 1 1 3 1 2 1 1 1 2 12 1 7 2 2 1 |1 2 1 1 1 1 2 6 1 17 3 1 8 1 11 8 |1 1 2 1 1 1 1 1 5 1 1 1 3 1 16 17 |
2467: 1 2 13 1 1 4 1 1 5 1 1 2 4 1 1 1 |1 1 1 2 1 1 2 2 1 1 2 15 1 1 3 1 |1 1 7 1 1 1 1 16 1 1 2 3 1 7 1 6 |1 1 14 1 2 1 1 8 12 4 1 1 1 5 1 2 |1 1 1 1 1 6 1 2 1 6 1 2 12 2 1 3 |1 5 1 1 1 3 1 1 2 2 1 2 5 3 3 14 |1 1 1 1 3 1 7 1 1 1 5 16 9 1 1 1 |1 1 1 6 2 1 2 6 1 1 1 1 1 1 3 16 |2 2 1 3 11 1 16 1 1 1 1 2 1 2 2 2 |1 1 1 3 1 2 1 1 1 2 12 1 7 2 2 1 |1 2 1 1 1 1 2 6 1 17 3 1 8 1 11 8 |1 1 2 1 1 1 1 1 5 1 1 1 3 1 16 17 |
2478: 1 2 13 1 1 4 1 1 5 1 1 2 4 1 1 1 |1 1 1 2 1 1 2 2 1 1 2 15 1 1 3 1 |1 1 7 1 1 1 1 16 1 1 2 3 1 7 1 6 |1 1 14 1 2 1 1 8 12 4 1 1 1 5 1 2 |1 1 1 1 1 6 1 2 1 6 1 2 12 2 1 3 |1 5 1 1 1 3 1 1 2 2 1 2 5 3 3 14 |1 1 1 1 3 1 7 1 1 1 5 16 9 1 1 1 |1 1 1 6 2 1 2 6 1 1 1 1 1 1 3 16 |2 2 1 3 11 1 16 1 1 1 1 2 1 2 2 2 |1 1 1 3 1 2 1 1 1 2 12 1 7 2 2 1 |1 2 1 1 1 1 2 6 1 17 3 1 8 1 11 8 |1 1 2 1 1 1 1 1 5 1 1 1 3 1 16 17 |
2489: 1 2 13 1 1 4 1 1 5 1 1 2 4 1 1 1 |1 1 1 2 1 1 2 2 1 1 2 15 1 1 3 1 |1 1 7 1 1 1 1 16 1 1 2 3 1 7 1 6 |1 1 14 1 2 1 1 8 12 4 1 1 1 5 1 2 |1 1 1 1 1 6 1 2 1 6 1 2 12 2 1 3 |1 5 1 1 1 3 1 1 2 2 1 2 5 3 3 14 |1 1 1 1 3 1 7 1 1 1 5 16 9 1 1 1 |1 1 1 6 2 1 2 6 1 1 1 1 1 1 3 16 |2 2 1 3 11 1 16 1 1 1 1 2 1 2 2 2 |1 1 1 3 1 2 1 1 1 2 12 1 7 2 2 1 |1 2 1 1 1 1 2 6 1 17 3 1 8 1 11 8 |1 1 2 1 1 1 1 1 5 1 1 1 3 1 16 17 |
2500: 1 2 13 1 1 4 1 1 5 1 1 2 4 1 1 1 |1 1 1 2 1 1 2 2 1 1 2 15 1 1 3 1 |1 1 7 1 1 1 1 16 1 1 2 3 1 7 1 6 |1 1 14 1 2 1 1 8 12 4 1 1 1 5 1 2 |1 1 1 1 1 6 1 2 1 6 1 2 12 2 1 3 |1 5 1 1 1 3 1 1 2 2 1 2 5 3 3 14 |1 1 1 1 3 1 7 1 1 1 5 16 9 1 1 1 |1 1 1 9 3 2 1 5 1 1 1 1 1 1 3 16 |2 2 1 3 11 1 16 1 1 1 1 2 1 2 2 2 |1 1 1 3 1 2 1 1 1 2 12 1 7 2 2 1 |1 2 1 1 1 1 2 6 1 17 3 1 8 1 11 8 |1 1 2 1 1 1 1 1 5 1 1 1 3 1 16 17 |
2511: 1 2 13 1 1 4 1 1 5 1 1 2 4 1 1 1 |1 1 1 2 1 1 2 2 1 1 2 15 1 1 3 1 |1 1 7 1 1 1 1 16 1 1 2 3 1 7 1 6 |1 1 14 1 2 1 1 8 12 4 1 1 1 5 1 2 |1 1 1 1 1 6 1 2 1 6 1 2 12 2 1 3 |1 5 1 1 1 3 1 1 2 2 1 2 5 3 3 14 |1 1 1 1 3 1 7 1 1 1 5 16 9 1 1 1 |1 1 1 9 3 2 1 5 1 1 1 1 1 1 3 16 |2 2 1 3 11 1 16 1 1 1 1 2 1 2 2 2 |1 1 1 3 1 2 1 1 1 2 12 1 7 2 2 1 |1 2 1 1 1 1 2 6 1 17 3 1 8 1 11 8 |1 1 2 1 1 1 1 1 5 1 1 1 3 1 16 17 |
2522: 1 2 13 1 1 4 1 1 5 1 1 2 4 1 1 1 |1 1 1 2 1 1 2 2 1 1 2 15 1 1 3 1 |1 1 7 1 1 1 1 16 1 1 2 3 1 7 1 6 |1 1 14 1 2 1 1 8 12 4 1 1 1 5 1 2 |1 1 1 1 1 6 1 2 1 6 1 2 12 2 1 3 |1 5 1 1 1 3 1 1 2 2 1 2 5 3 3 14 |1 1 1 1 3 1 7 1 1 1 5 16 9 1 1 1 |1 1 1 9 3 2 1 5 1 1 1 1 1 1 3 16 |2 2 1 3 11 1 16 1 1 1 1 2 1 2 2 2 |1 1 1 3 1 2 1 1 1 2 12 1 7 2 2 1 |1 2 1 1 1 1 2 6 1 17 3 1 8 1 11 8 |1 1 2 1 1 1 1 1 5 1 1 1 3 1 16 17 |
2533: 1 2 13 1 1 4 1 1 5 1 1 2 4 1 1 1 |1 1 1 2 1 1 2 2 1 1 2 15 1 1 3 1 |1 1 7 1 1 1 1 16 1 1 2 3 1 7 1 6 |1 1 14 1 2 1 1 8 12 4 1 1 1 5 1 2 |1 1 1 1 1 6 1 2 1 6 1 2 12 2 1 3 |1 5 1 1 1 3 1 1 2 2 1 2 5 3 3 14 |1 1 1 1 3 1 7 1 1 1 5 16 9 1 1 1 |1 1 1 9 3 2 1 5 1 1 1 1 1 1 3 16 |2 1 1 15 7 2 15 12 5 1 1 7 1 8 1 1 |1 1 1 3 1 2 1 1 1 2 12 1 7 2 2 1 |1 2 1 1 1 1 2 6 1 17 3 1 8 1 11 8 |1 1 2 1 1 1 1 1 5 1 1 1 3 1 16 17 |
2544: 1 2 13 1 1 4 1 1 5 1 1 2 4 1 1 1 |1 1 1 2 1 1 2 2 1 1 2 15 1 1 3 1 |1 1 7 1 1 1 1 16 1 1 2 3 1 7 1 6 |1 1 14 1 2 1 1 8 12 4 1 1 1 5 1 2 |1 1 1 1 1 6 1 2 1 6 1 2 12 2 1 3 |1 5 1 1 1 3 1 1 2 2 1 2 5 3 3 14 |1 1 1 1 3 1 7 1 1 1 5 16 9 1 1 1 |1 1 1 9 3 2 1 5 1 1 1 1 1 1 3 16 |2 1 1 15 7 2 15 12 5 1 1 7 1 8 1 1 |1 1 1 3 1 2 1 1 1 2 12 1 7 2 2 1 |1 2 1 1 1 1 2 6 1 17 3 1 8 1 11 8 |1 1 2 1 1 1 1 1 5 1 1 1 3 1 16 17 |
2555: 1 2 13 1 1 4 1 1 5 1 1 2 4 1 1 1 |1 1 1 2 1 1 2 2 1 1 2 15 1 1 3 1 |1 1 7 1 1 1 1 16 1 1 2 3 1 7 1 6 |1 1 14 1 2 1 1 8 12 4 1 1 1 5 1 2 |1 1 1 1 1 6 1 2 1 6 1 2 12 2 1 3 |1 5 1 1 1 3 1 1 2 2 1 2 5 3 3 14 |1 1 1 1 3 1 7 1 1 1 5 16 9 1 1 1 |1 1 1 9 3 2 1 5 1 1 1 1 1 1 3 16 |2 1 1 15 7 2 15 12 5 1 1 7 1 8 1 1 |1 1 1 3 1 2 1 1 1 2 12 1 7 2 2 1 |1 2 1 1 1 1 2 6 1 17 3 1 8 1 11 8 |1 1 2 1 1 1 1 1 5 1 1 1 3 1 16 17 |
2566: 1 2 13 1 1 4 1 1 5 1 1 2 4 1 1 1 |1 1 1 2 1 1 2 2 1 1 2 15 1 1 3 1 |1 1 7 1 1 1 1 16 1 1 2 3 1 7 1 6 |1 1 14 1 2 1 1 8 12 4 1 1 1 5 1 2 |1 1 1 1 1 6 1 2 1 6 1 2 12 2 1 3 |1 5 1 1 1 3 1 1 2 2 1 2 5 3 3 14 |1 1 1 1 3 1 7 1 1 1 5 16 9 1 1 1 |1 1 1 9 3 2 1 5 1 1 1 1 1 1 3 16 |3 1 1 15 7 1 3 12 6 1 1 6 1 8 1 1 |1 1 1 3 1 2 1 1 1 2 12 1 7 2 2 1 |1 2 1 1 1 1 2 6 1 17 3 1 8 1 11 8 |1 1 2 1 1 1 1 1 5 1 1 1 3 1 16 17 |
2577: 1 2 13 1 1 4 1 1 5 1 1 2 4 1 1 1 |1 1 1 2 1 1 2 2 1 1 2 15 1 1 3 1 |1 1 7 1 1 1 1 16 1 1 2 3 1 7 1 6 |1 1 14 1 2 1 1 8 12 4 1 1 1 5 1 2 |1 1 1 1 1 6 1 2 1 6 1 2 12 2 1 3 |1 5 1 1 1 3 1 1 2 2 1 2 5 3 3 14 |1 1 1 1 3 1 7 1 1 1 5 16 9 1 1 1 |1 1 1 9 3 2 1 5 1 1 1 1 1 1 3 16 |3 1 1 15 7 1 3 12 6 1 1 6 1 8 1 1 |1 1 1 3 1 1 2 1 1 1 12 1 7 2 14 1 |1 2 1 1 1 1 2 6 1 17 3 1 8 1 11 8 |1 1 2 1 1 1 1 1 5 1 1 1 3 1 16 17 |
2588: 1 2 13 1 1 4 1 1 5 1 1 2 4 1 1 1 |1 1 1 2 1 1 2 2 1 1 2 15 1 1 3 1 |1 1 7 1 1 1 1 16 1 1 2 3 1 7 1 6 |1 1 14 1 2 1 1 8 12 4 1 1 1 5 1 2 |1 1 1 1 1 6 1 2 1 6 1 2 12 2 1 3 |1 5 1 1 1 3 1 1 2 2 1 2 5 3 3 14 |1 1 1 1 3 1 7 1 1 1 5 16 9 1 1 1 |1 1 1 9 3 2 1 5 1 1 1 1 1 1 3 16 |3 1 1 15 7 1 3 12 6 1 1 6 1 8 1 1 |1 1 1 3 1 1 2 1 1 1 12 1 7 2 14 1 |1 2 1 1 1 1 2 6 1 17 3 1 8 1 11 8 |1 1 2 1 1 1 1 1 5 1 1 1 3 1 16 17 |
2599: 1 2 13 1 1 4 1 1 5 1 1 2 4 1 1 1 |1 1 1 2 1 1 2 2 1 1 2 15 1 1 3 1 |1 1 7 1 1 1 1 16 1 1 2 3 1 7 1 6 |1 1 14 1 2 1 1 8 12 4 1 1 1 5 1 2 |1 1 1 1 1 6 1 2 1 6 1 2 12 2 1 3 |1 5 1 1 1 3 1 1 2 2 1 2 5 3 3 14 |1 1 1 1 3 1 7 1 1 1 5 16 9 1 1 1 |1 1 1 9 3 2 1 5 1 1 1 1 1 1 3 16 |3 1 1 15 7 1 3 12 6 1 1 6 1 8 1 1 |1 1 1 3 1 1 2 1 1 1 12 1 7 2 14 1 |1 2 1 1 1 1 2 6 1 17 3 1 8 1 11 8 |1 1 2 1 1 1 1 1 5 1 1 1 3 1 16 17 |
2609: 1 2 13 1 1 4 1 1 5 1 1 2 4 1 1 1 |1 1 1 2 1 1 2 2 1 1 2 15 1 1 3 1 |1 1 7 1 1 1 1 16 1 1 2 3 1 7 1 6 |1 1 14 1 2 1 1 8 12 4 1 1 1 5 1 2 |1 1 1 1 1 6 1 2 1 6 1 2 12 2 1 3 |1 5 1 1 1 3 1 1 2 2 1 2 5 3 3 14 |1 1 1 1 3 1 7 1 1 1 5 16 9 1 1 1 |1 1 1 9 3 2 1 5 1 1 1 1 1 1 3 16 |3 1 1 15 7 1 3 12 6 1 1 6 1 8 1 1 |1 1 1 3 1 1 2 1 1 1 12 1 7 2 14 1 |1 2 1 1 1 1 2 6 1 17 3 1 8 1 11 8 |1 1 2 1 1 1 1 1 5 1 1 1 3 1 16 17 |
2620: 1 2 13 1 1 4 1 1 5 1 1 2 4 1 1 1 |1 1 1 2 1 1 2 2 1 1 2 15 1 1 3 1 |1 1 7 1 1 1 1 16 1 1 2 3 1 7 1 6 |1 1 14 1 2 1 1 8 12 4 1 1 1 5 1 2 |1 1 1 1 1 6 1 2 1 6 1 2 12 2 1 3 |1 5 1 1 1 3 1 1 2 2 1 2 5 3 3 14 |1 1 1 1 3 1 7 1 1 1 5 16 9 1 1 1 |1 1 1 9 3 2 1 5 1 1 1 1 1 1 3 16 |3 1 1 15 7 1 3 12 6 1 1 6 1 8 1 1 |1 1 1 3 1 1 2 1 1 1 12 1 7 2 14 1 |1 2 1 1 1 1 2 6 1 17 3 1 8 1 11 8 |1 1 2 1 1 1 1 1 5 1 1 1 3 1 16 17 |
2631: 1 2 13 1 1 4 1 1 5 1 1 2 4 1 1 1 |1 1 1 2 1 1 2 2 1 1 2 15 1 1 3 1 |1 1 7 1 1 1 1 16 1 1 2 3 1 7 1 6 |1 1 14 1 2 1 1 8 12 4 1 1 1 5 1 2 |1 1 1 1 1 6 1 2 1 6 1 2 12 2 1 3 |1 5 1 1 1 3 1 1 2 2 1 2 5 3 3 14 |1 1 1 1 3 1 7 1 1 1 5 16 9 1 1 1 |1 1 1 9 3 2 1 5 1 1 1 1 1 1 3 16 |3 1 1 15 7 1 3 12 6 1 1 6 1 8 1 1 |1 2 4 2 1 1 1 1 1 1 12 1 6 2 2 1 |1 2 1 1 1 1 2 6 1 17 3 1 8 1 11 8 |1 1 2 1 1 1 1 1 5 1 1 1 3 1 16 17 |
2642: 1 2 13 1 1 4 1 1 5 1 1 2 4 1 1 1 |1 1 1 2 1 1 2 2 1 1 2 15 1 1 3 1 |1 1 7 1 1 1 1 16 1 1 2 3 1 7 1 6 |1 1 14 1 2 1 1 8 12 4 1 1 1 5 1 2 |1 1 1 1 1 6 1 2 1 6 1 2 12 2 1 3 |1 5 1 1 1 3 1 1 2 2 1 2 5 3 3 14 |1 1 1 1 3 1 7 1 1 1 5 16 9 1 1 1 |1 1 1 9 3 2 1 5 1 1 1 1 1 1 3 16 |3 1 1 15 7 1 3 12 6 1 1 6 1 8 1 1 |1 2 4 2 1 1 1 1 1 1 12 1 6 2 2 1 |1 2 2 1 15 12 1 1 2 1 1 1 10 1 1 13 |1 1 2 1 1 1 1 1 5 1 1 1 3 1 16 17 |
2653: 1 2 13 1 1 4 1 1 5 1 1 2 4 1 1 1 |1 1 1 2 1 1 2 2 1 1 2 15 1 1 3 1 |1 1 7 1 1 1 1 16 1 1 2 3 1 7 1 6 |1 1 14 1 2 1 1 8 12 4 1 1 1 5 1 2 |1 1 1 1 1 6 1 2 1 6 1 2 12 2 1 3 |1 5 1 1 1 3 1 1 2 2 1 2 5 3 3 14 |1 1 1 1 3 1 7 1 1 1 5 16 9 1 1 1 |1 1 1 9 3 2 1 5 1 1 1 1 1 1 3 16 |3 1 1 15 7 1 3 12 6 1 1 6 1 8 1 1 |1 2 4 2 1 1 1 1 1 1 12 1 6 2 2 1 |1 2 2 1 15 12 1 1 2 1 1 1 10 1 1 13 |1 1 2 1 1 1 1 1 5 1 1 1 3 1 16 17 |
2664: 1 2 13 1 1 4 1 1 5 1 1 2 4 1 1 1 |1 1 1 2 1 1 2 2 1 1 2 15 1 1 3 1 |1 1 7 1 1 1 1 16 1 1 2 3 1 7 1 6 |1 1 14 1 2 1 1 8 12 4 1 1 1 5 1 2 |1 1 1 1 1 6 1 2 1 6 1 2 12 2 1 3 |1 5 1 1 1 3 1 1 2 2 1 2 5 3 3 14 |1 2 1 1 1 1 1 2 1 1 5 17 7 1 1 1 |1 1 1 9 3 2 1 5 1 1 1 1 1 1 3 16 |3 1 1 15 7 1 3 12 6 1 1 6 1 8 1 1 |1 2 4 2 1 1 1 1 1 1 12 1 6 2 2 1 |1 2 2 1 15 12 1 1 2 1 1 1 10 1 1 13 |1 1 2 1 1 1 1 1 5 1 1 1 3 1 16 17 |
2675: 1 2 13 1 1 4 1 1 5 1 1 2 4 1 1 1 |1 1 1 2 1 1 2 2 1 1 2 15 1 1 3 1 |1 1 7 1 1 1 1 16 1 1 2 3 1 7 1 6 |1 1 14 1 2 1 1 8 12 4 1 1 1 5 1 2 |1 1 1 1 1 6 1 2 1 6 1 2 12 2 1 3 |1 5 1 1 1 3 1 1 2 2 1 2 5 3 3 14 |1 2 1 1 1 1 1 2 1 1 5 17 7 1 1 1 |1 1 1 9 3 2 1 5 1 1 1 1 1 1 3 16 |3 1 1 15 7 1 3 12 6 1 1 6 1 8 1 1 |1 2 4 2 1 1 1 1 1 1 12 1 6 2 2 1 |1 2 2 1 15 12 1 1 2 1 1 1 10 1 1 13 |1 1 2 1 1 1 1 1 5 1 1 1 3 1 16 17 |
2686: 1 2 13 1 1 4 1 1 5 1 1 2 4 1 1 1 |1 1 1 2 1 1 2 2 1 1 2 15 1 1 3 1 |1 1 7 1 1 1 1 16 1 1 2 3 1 7 1 6 |1 1 14 1 2 1 1 8 12 4 1 1 1 5 1 2 |1 1 1 1 1 6 1 2 1 6 1 2 12 2 1 3 |1 5 1 1 1 3 1 1 2 2 1 2 5 3 3 14 |1 2 1 1 1 1 1 2 1 1 5 17 7 1 1 1 |1 1 1 9 3 2 1 5 1 1 1 1 1 1 3 16 |3 1 1 15 7 1 3 12 6 1 1 6 1 8 1 1 |1 2 4 2 1 1 1 1 1 1 12 1 6 2 2 1 |1 2 2 1 15 12 1 1 2 1 1 1 10 1 1 13 |1 1 2 1 1 1 1 1 5 1 1 1 3 1 16 17 |
2697: 1 2 13 1 1 4 1 1 5 1 1 2 4 1 1 1 |1 1 1 2 1 1 2 2 1 1 2 15 1 1 3 1 |1 1 7 1 1 1 1 16 1 1 2 3 1 7 1 6 |1 1 14 1 2 1 1 8 12 4 1 1 1 5 1 2 |1 1 1 1 1 6 1 2 1 6 1 2 12 2 1 3 |1 5 1 1 1 3 1 1 2 2 1 2 5 3 3 14 |1 2 1 1 1 1 1 2 1 1 5 17 7 1 1 1 |1 1 1 9 3 2 1 5 1 1 1 1 1 1 3 16 |3 1 1 15 7 1 3 12 6 1 1 6 1 8 1 1 |1 2 4 2 1 1 1 1 1 1 12 1 6 2 2 1 |1 2 2 1 15 12 1 1 2 1 1 1 10 1 1 13 |1 1 2 1 1 1 1 1 5 1 1 1 3 1 16 17 |
2708: 1 2 13 1 1 4 1 1 5 1 1 2 4 1 1 1 |1 1 1 2 1 1 2 2 1 1 2 15 1 1 3 1 |1 1 7 1 1 1 1 16 1 1 2 3 1 7 1 6 |1 1 14 1 2 1 1 8 12 4 1 1 1 5 1 2 |1 1 1 1 1 6 1 2 1 6 1 2 12 2 1 3 |1 5 1 1 1 3 1 1 2 2 1 2 5 3 3 14 |1 2 1 1 1 1 1 2 1 1 5 17 7 1 1 1 |1 1 1 9 3 2 1 5 1 1 1 1 1 1 3 16 |3 1 1 15 7 1 3 12 6 1 1 6 1 8 1 1 |1 2 4 2 1 1 1 1 1 1 12 1 6 2 2 1 |1 2 2 1 15 12 1 1 2 1 1 1 10 1 1 13 |1 1 2 1 1 1 1 1 5 1 1 1 3 1 16 17 |
2719: 1 2 13 1 1 4 1 1 5 1 1 2 4 1 1 1 |1 1 1 2 1 1 2 2 1 1 2 15 1 1 3 1 |1 1 7 1 1 1 1 16 1 1 2 3 1 7 1 6 |1 1 14 1 2 1 1 8 12 4 1 1 1 5 1 2 |1 1 1 1 1 6 1 2 1 6 1 2 12 2 1 3 |1 5 1 1 1 3 1 1 2 2 1 2 5 3 3 14 |1 2 1 1 1 1 1 2 1 1 5 17 7 1 1 1 |1 1 1 9 3 2 1 5 1 1 1 1 1 1 3 16 |3 1 1 15 7 1 3 12 6 1 1 6 1 8 1 1 |1 2 4 2 1 1 1 1 1 1 12 1 6 2 2 1 |1 2 2 1 15 12 1 1 2 1 1 1 10 1 1 13 |1 1 2 1 1 1 1 1 5 1 1 1 3 1 16 17 |
2730: 1 2 13 1 1 4 1 1 5 1 1 2 4 1 1 1 |1 1 1 2 1 1 2 2 1 1 2 15 1 1 3 1 |1 1 7 1 1 1 1 16 1 1 2 3 1 7 1 6 |1 1 14 1 2 1 1 8 12 4 1 1 1 5 1 2 |1 1 1 1 1 6 1 2 1 6 1 2 12 2 1 3 |1 5 1 1 1 3 1 1 2 2 1 2 5 3 3 14 |1 2 1 4 2 1 1 2 1 1 2 17 8 1 1 1 |1 1 1 9 3 2 1 5 1 1 1 1 1 1 3 16 |3 1 1 15 7 1 3 12 6 1 1 6 1 8 1 1 |1 2 4 2 1 1 1 1 1 1 12 1 6 2 2 1 |1 2 2 1 15 12 1 1 2 1 1 1 10 1 1 13 |1 1 2 1 1 1 1 1 5 1 1 1 3 1 16 17 |
2741: 1 2 13 1 1 4 1 1 5 1 1 2 4 1 1 1 |1 1 1 2 1 1 2 2 1 1 2 15 1 1 3 1 |1 1 7 1 1 1 1 16 1 1 2 3 1 7 1 6 |1 1 14 1 2 1 1 8 12 4 1 1 1 5 1 2 |1 1 1 1 1 6 1 2 1 6 1 2 12 2 1 3 |1 5 1 1 1 3 1 1 2 2 1 2 5 3 3 14 |1 2 1 4 2 1 1 2 1 1 2 17 8 1 1 1 |3 1 1 9 7 1 6 7 11 7 8 2 1 1 1 17 |3 1 1 15 7 1 3 12 6 1 1 6 1 8 1 1 |1 2 4 2 1 1 1 1 1 1 12 1 6 2 2 1 |1 2 2 1 15 12 1 1 2 1 1 1 10 1 1 13 |1 1 2 1 1 1 1 1 5 1 1 1 3 1 16 17 |
2752: 1 2 13 1 1 4 1 1 5 1 1 2 4 1 1 1 |1 1 1 2 1 1 2 2 1 1 2 15 1 1 3 1 |1 1 7 1 1 1 1 16 1 1 2 3 1 7 1 6 |1 1 14 1 2 1 1 8 12 4 1 1 1 5 1 2 |1 1 1 1 1 6 1 2 1 6 1 2 12 2 1 3 |1 5 1 1 1 3 1 1 2 2 1 2 5 3 3 14 |1 2 1 4 2 1 1 2 1 1 2 17 8 1 1 1 |3 1 1 9 7 1 6 7 11 7 8 2 1 1 1 17 |3 1 1 15 7 1 3 12 6 1 1 6 1 8 1 1 |1 2 4 2 1 1 1 1 1 1 12 1 6 2 2 1 |1 2 2 1 15 12 1 1 2 1 1 1 10 1 1 13 |1 1 2 1 1 1 1 1 5 1 1 1 3 1 16 17 |
2763: 1 2 13 1 1 4 1 1 5 1 1 2 4 1 1 1 |1 1 1 2 1 1 2 2 1 1 2 15 1 1 3 1 |1 1 7 1 1 1 1 16 1 1 2 3 1 7 1 6 |1 1 14 1 2 1 1 8 12 4 1 1 1 5 1 2 |1 1 1 1 1 6 1 1 1 15 1 3 11 1 1 3 |1 5 1 1 1 3 1 1 2 2 1 2 5 3 3 14 |1 2 1 4 2 1 1 2 1 1 2 17 8 1 1 1 |3 1 1 9 7 1 6 7 11 7 8 2 1 1 1 17 |3 1 1 15 7 1 3 12 6 1 1 6 1 8 1 1 |1 2 4 2 1 1 1 1 1 1 12 1 6 2 2 1 |1 2 2 1 15 12 1 1 2 1 1 1 10 1 1 13 |1 1 2 1 1 1 1 1 5 1 1 1 3 1 16 17 |
2774: 1 2 13 1 1 4 1 1 5 1 1 2 4 1 1 1 |1 1 1 2 1 1 2 2 1 1 2 15 1 1 3 1 |1 1 7 1 1 1 1 16 1 1 2 3 1 7 1 6 |1 1 14 1 2 1 1 8 12 4 1 1 1 5 1 2 |1 1 1 1 1 6 1 1 1 15 1 3 11 1 1 3 |2 1 1 1 1 2 1 1 2 3 1 1 1 4 3 14 |1 2 1 4 2 1 1 2 1 1 2 17 8 1 1 1 |3 1 1 9 7 1 6 7 11 7 8 2 1 1 1 17 |3 1 1 15 7 1 3 12 6 1 1 6 1 8 1 1 |1 2 4 2 1 1 1 1 1 1 12 1 6 2 2 1 |1 2 2 1 15 12 1 1 2 1 1 1 10 1 1 13 |1 1 2 1 1 1 1 1 5 1 1 1 3 1 16 17 |
2785: 1 2 13 1 1 4 1 1 5 1 1 2 4 1 1 1 |1 1 1 2 1 1 2 2 1 1 2 15 1 1 3 1 |1 1 7 1 1 1 1 16 1 1 2 3 1 7 1 6 |1 1 14 1 2 1 1 8 12 4 1 1 1 5 1 2 |1 1 1 1 1 6 1 1 1 15 1 3 11 1 1 3 |2 1 1 1 1 2 1 1 2 3 1 1 1 4 3 14 |1 2 1 4 2 1 1 2 1 1 2 17 8 1 1 1 |3 1 1 9 7 1 6 7 11 7 8 2 1 1 1 17 |3 1 1 15 7 1 3 12 6 1 1 6 1 8 1 1 |1 2 4 2 1 1 1 1 1 1 12 1 6 2 2 1 |1 2 2 1 15 12 1 1 2 1 1 1 10 1 1 13 |1 1 2 1 1 1 1 1 5 1 1 1 3 1 16 17 |
2796: 1 2 13 1 1 4 1 1 5 1 1 2 4 1 1 1 |1 1 1 2 1 1 2 2 1 1 2 15 1 1 3 1 |1 1 7 1 1 1 1 16 1 1 2 3 1 7 1 6 |1 1 14 1 2 1 1 8 12 4 1 1 1 5 1 2 |1 1 1 1 1 6 1 1 1 15 1 3 11 1 1 3 |2 1 1 1 1 2 1 1 2 3 1 1 1 4 3 14 |1 2 1 4 2 1 1 2 1 1 2 17 8 1 1 1 |3 1 1 9 7 1 6 7 11 7 8 2 1 1 1 17 |3 1 1 15 7 1 3 12 6 1 1 6 1 8 1 1 |1 2 4 2 1 1 1 1 1 1 12 1 6 2 2 1 |1 2 2 1 15 12 1 1 2 1 1 1 10 1 1 13 |1 1 2 1 1 1 1 1 5 1 1 1 3 1 16 17 |
2807: 1 2 13 1 1 4 1 1 5 1 1 2 4 1 1 1 |1 1 1 2 1 1 2 2 1 1 2 15 1 1 3 1 |1 1 7 1 1 1 1 16 1 1 2 3 1 7 1 6 |1 1 14 1 2 1 1 8 12 4 1 1 1 5 1 2 |1 1 1 1 1 6 1 1 1 15 1 3 11 1 1 3 |2 1 1 1 1 2 1 1 2 3 1 1 1 4 3 14 |1 2 1 4 2 1 1 2 1 1 2 17 8 1 1 1 |3 1 1 9 7 1 6 7 11 7 8 2 1 1 1 17 |3 1 1 15 7 1 3 12 6 1 1 6 1 8 1 1 |1 2 4 2 1 1 1 1 1 1 12 1 6 2 2 1 |1 2 2 1 15 12 1 1 2 1 1 1 10 1 1 13 |1 1 2 1 1 1 1 1 5 1 1 1 3 1 16 17 |
2818: 1 2 13 1 1 4 1 1 5 1 1 2 4 1 1 1 |1 1 1 2 1 1 2 2 1 1 2 15 1 1 3 1 |1 1 7 1 1 1 1 16 1 1 2 3 1 7 1 6 |1 1 14 1 2 1 1 8 12 4 1 1 1 5 1 2 |1 1 1 1 1 6 1 1 1 15 1 3 11 1 1 3 |2 1 1 1 1 2 1 1 2 3 1 1 1 4 3 14 |1 2 1 4 2 1 1 2 1 1 2 17 8 1 1 1 |3 1 1 9 7 1 6 7 11 7 8 2 1 1 1 17 |3 1 1 15 7 1 3 12 6 1 1 6 1 8 1 1 |1 2 4 2 1 1 1 1 1 1 12 1 6 2 2 1 |1 2 2 1 15 12 1 1 2 1 1 1 10 1 1 13 |1 1 2 1 1 1 1 1 5 1 1 1 3 1 16 17 |
2829: 1 10 11 1 1 1 1 1 2 1 1 1 1 1 1 1 |1 1 1 2 1 1 2 2 1 1 2 15 1 1 3 1 |1 1 7 1 1 1 1 16 1 1 2 3 1 7 1 6 |1 1 14 1 2 1 1 8 12 4 1 1 1 5 1 2 |1 1 1 1 1 6 1 1 1 15 1 3 11 1 1 3 |2 1 1 1 1 2 1 1 2 3 1 1 1 4 3 14 |1 2 1 4 2 1 1 2 1 1 2 17 8 1 1 1 |3 1 1 9 7 1 6 7 11 7 8 2 1 1 1 17 |3 1 1 15 7 1 3 12 6 1 1 6 1 8 1 1 |1 2 4 2 1 1 1 1 1 1 12 1 6 2 2 1 |1 2 2 1 15 12 1 1 2 1 1 1 10 1 1 13 |1 1 2 1 1 1 1 1 5 1 1 1 3 1 16 17 |
2840: 1 10 11 1 1 1 1 1 2 1 1 1 1 1 1 1 |1 1 1 2 1 1 2 2 1 1 2 15 1 1 3 1 |1 1 7 1 1 1 1 16 1 1 2 3 1 7 1 6 |1 1 14 1 2 1 1 8 12 4 1 1 1 5 1 2 |1 1 1 1 1 6 1 1 1 15 1 3 11 1 1 3 |2 1 1 1 1 2 1 1 2 3 1 1 1 4 3 14 |1 2 1 4 2 1 1 2 1 1 2 17 8 1 1 1 |3 1 1 9 7 1 6 7 11 7 8 2 1 1 1 17 |3 1 1 15 7 1 3 12 6 1 1 6 1 8 1 1 |1 2 4 2 1 1 1 1 1 1 12 1 6 2 2 1 |1 2 2 1 15 12 1 1 2 1 1 1 10 1 1 13 |1 1 2 1 1 1 1 1 5 1 1 1 3 1 16 17 |
2851: 1 10 11 1 1 1 1 1 2 1 1 1 1 1 1 1 |1 1 1 2 1 1 2 2 1 1 2 15 1 1 3 1 |1 1 7 1 1 1 1 16 1 1 2 3 1 7 1 6 |1 1 14 1 2 1 1 8 12 4 1 1 1 5 1 2 |1 1 1 1 1 6 1 1 1 15 1 3 11 1 1 3 |2 1 1 1 1 2 1 1 2 3 1 1 1 4 3 14 |1 2 1 4 2 1 1 2 1 1 2 17 8 1 1 1 |3 1 1 9 7 1 6 7 11 7 8 2 1 1 1 17 |3 1 1 15 7 1 3 12 6 1 1 6 1 8 1 1 |1 2 4 2 1 1 1 1 1 1 12 1 6 2 2 1 |1 2 2 1 15 12 1 1 2 1 1 1 10 1 1 13 |1 1 2 1 1 1 1 1 5 1 1 1 3 1 16 17 |
2862: 1 10 11 1 1 1 1 1 2 1 1 1 1 1 1 1 |1 1 1 2 1 1 2 2 1 1 2 15 1 1 3 1 |1 1 7 1 1 1 1 16 1 1 2 3 1 7 1 6 |1 1 14 1 2 1 1 8 12 4 1 1 1 5 1 2 |1 1 1 1 1 6 1 1 1 15 1 3 11 1 1 3 |2 1 1 1 1 2 1 1 2 3 1 1 1 4 3 14 |1 1 10 1 2 1 1 2 2 1 1 16 9 1 1 1 |3 1 1 9 7 1 6 7 11 7 8 2 1 1 1 17 |3 1 1 15 7 1 3 12 6 1 1 6 1 8 1 1 |1 2 4 2 1 1 1 1 1 1 12 1 6 2 2 1 |1 2 2 1 15 12 1 1 2 1 1 1 10 1 1 13 |1 1 2 1 1 1 1 1 5 1 1 1 3 1 16 17 |
2873: 1 10 11 1 1 1 1 1 2 1 1 1 1 1 1 1 |1 1 1 2 1 1 2 2 1 1 2 15 1 1 3 1 |1 1 7 1 1 1 1 16 1 1 2 3 1 7 1 6 |1 1 14 1 2 1 1 8 12 4 1 1 1 5 1 2 |1 1 1 1 1 6 1 1 1 15 1 3 11 1 1 3 |2 1 1 1 1 2 1 1 2 3 1 1 1 4 3 14 |1 1 10 1 2 1 1 2 2 1 1 16 9 1 1 1 |3 1 1 9 7 1 6 7 11 7 8 2 1 1 1 17 |3 1 1 15 7 1 3 12 6 1 1 6 1 8 1 1 |1 2 4 2 1 1 1 1 1 1 12 1 6 2 2 1 |1 2 2 1 15 12 1 1 2 1 1 1 10 1 1 13 |1 1 2 1 1 1 1 1 5 1 1 1 3 1 16 17 |
2884: 1 2 12 1 1 1 1 2 1 1 1 3 1 1 1 1 |1 1 1 2 1 1 2 2 1 1 2 15 1 1 3 1 |1 1 7 1 1 1 1 16 1 1 2 3 1 7 1 6 |1 1 14 1 2 1 1 8 12 4 1 1 1 5 1 2 |1 1 1 1 1 6 1 1 1 15 1 3 11 1 1 3 |2 1 1 1 1 2 1 1 2 3 1 1 1 4 3 14 |1 1 10 1 2 1 1 2 2 1 1 16 9 1 1 1 |3 1 1 9 7 1 6 7 11 7 8 2 1 1 1 17 |3 1 1 15 7 1 3 12 6 1 1 6 1 8 1 1 |1 2 4 2 1 1 1 1 1 1 12 1 6 2 2 1 |1 2 2 1 15 12 1 1 2 1 1 1 10 1 1 13 |1 1 2 1 1 1 1 1 5 1 1 1 3 1 16 17 |
2895: 1 2 12 1 1 1 1 2 1 1 1 3 1 1 1 1 |1 1 1 2 1 1 2 2 1 1 2 15 1 1 3 1 |1 1 7 1 1 1 1 16 1 1 2 3 1 7 1 6 |1 1 14 1 2 1 1 8 12 4 1 1 1 5 1 2 |1 1 1 1 1 6 1 1 1 15 1 3 11 1 1 3 |2 1 1 1 1 2 1 1 2 3 1 1 1 4 3 14 |1 1 10 1 2 1 1 2 2 1 1 16 9 1 1 1 |3 1 1 9 7 1 6 7 11 7 8 2 1 1 1 17 |2 2 1 3 11 1 1 1 1 1 1 2 1 1 1 2 |1 2 4 2 1 1 1 1 1 1 12 1 6 2 2 1 |1 2 2 1 15 12 1 1 2 1 1 1 10 1 1 13 |1 1 2 1 1 1 1 1 5 1 1 1 3 1 16 17 |
2906: 1 2 12 1 1 1 1 2 1 1 1 3 1 1 1 1 |1 1 1 2 1 1 2 2 1 1 2 15 1 1 3 1 |1 1 7 1 1 1 1 16 1 1 2 3 1 7 1 6 |1 1 14 1 2 1 1 8 12 4 1 1 1 5 1 2 |1 1 1 1 1 6 1 1 1 15 1 3 11 1 1 3 |2 1 1 1 1 2 1 1 2 3 1 1 1 4 3 14 |1 1 10 1 2 1 1 2 2 1 1 16 9 1 1 1 |3 1 1 9 7 1 6 7 11 7 8 2 1 1 1 17 |2 2 1 3 11 1 1 1 1 1 1 2 1 1 1 2 |1 2 4 2 1 1 1 1 1 1 12 1 6 2 2 1 |1 2 2 1 15 12 1 1 2 1 1 1 10 1 1 13 |1 1 2 1 1 1 1 1 5 1 1 1 3 1 16 17 |
2917: 1 2 12 1 1 1 1 2 1 1 1 3 1 1 1 1 |1 1 1 2 1 1 2 2 1 1 2 15 1 1 3 1 |1 1 7 1 1 1 1 16 1 1 2 3 1 7 1 6 |1 1 14 1 2 1 1 8 12 4 1 1 1 5 1 2 |1 1 1 1 1 6 1 1 1 15 1 3 11 1 1 3 |2 1 1 1 1 2 1 1 2 3 1 1 1 4 3 14 |1 1 10 1 2 1 1 2 2 1 1 16 9 1 1 1 |3 1 1 9 7 1 6 7 11 7 8 2 1 1 1 17 |2 2 1 3 11 1 1 1 1 1 1 2 1 1 1 2 |1 2 4 2 1 1 1 1 1 1 12 1 6 2 2 1 |1 2 2 1 15 12 1 1 2 1 1 1 10 1 1 13 |1 1 2 1 1 1 1 1 5 1 1 1 3 1 16 17 |
2928: 1 2 12 1 1 1 1 2 1 1 1 3 1 1 1 1 |1 1 1 2 1 1 2 2 1 1 2 15 1 1 3 1 |1 1 7 1 1 1 1 16 1 1 2 3 1 7 1 6 |1 1 14 1 2 1 1 8 12 4 1 1 1 5 1 2 |1 1 1 1 1 6 1 1 1 15 1 3 11 1 1 3 |2 1 1 1 1 2 1 1 2 3 1 1 1 4 3 14 |1 1 4 2 1 1 1 1 1 2 2 9 2 1 1 1 |3 1 1 9 7 1 6 7 11 7 8 2 1 1 1 17 |2 2 1 3 11 1 1 1 1 1 1 2 1 1 1 2 |1 2 4 2 1 1 1 1 1 1 12 1 6 2 2 1 |1 2 2 1 15 12 1 1 2 1 1 1 10 1 1 13 |1 1 2 1 1 1 1 1 5 1 1 1 3 1 16 17 |
2939: 1 2 12 1 1 1 1 2 1 1 1 3 1 1 1 1 |1 1 1 2 1 1 2 2 1 1 2 15 1 1 3 1 |1 1 7 1 1 1 1 16 1 1 2 3 1 7 1 6 |1 1 14 1 2 1 1 8 12 4 1 1 1 5 1 2 |1 1 1 1 1 6 1 1 1 15 1 3 11 1 1 3 |2 1 1 1 1 2 1 1 2 3 1 1 1 4 3 14 |1 1 4 2 1 1 1 1 1 2 2 9 2 1 1 1 |3 1 1 9 7 1 6 7 11 7 8 2 1 1 1 17 |2 2 1 3 11 1 1 1 1 1 1 2 1 1 1 2 |1 2 4 2 1 1 1 1 1 1 12 1 6 2 2 1 |1 2 2 1 15 12 1 1 2 1 1 1 10 1 1 13 |1 1 2 1 1 1 1 1 5 1 1 1 3 1 16 17 |
2950: 1 2 12 1 1 1 1 2 1 1 1 3 1 1 1 1 |1 1 1 2 1 1 2 2 1 1 2 15 1 1 3 1 |1 1 7 1 1 1 1 16 1 1 2 3 1 7 1 6 |1 1 14 1 2 1 1 8 12 4 1 1 1 5 1 2 |1 1 1 1 1 6 1 1 1 15 1 3 11 1 1 3 |2 1 1 1 1 2 1 1 2 3 1 1 1 4 3 14 |1 1 4 2 1 1 1 1 1 2 2 9 2 1 1 1 |3 1 1 9 7 1 6 7 11 7 8 2 1 1 1 17 |2 2 1 3 11 1 1 1 1 1 1 2 1 1 1 2 |1 2 4 2 1 1 1 1 1 1 12 1 6 2 2 1 |1 2 2 1 15 12 1 1 2 1 1 1 10 1 1 13 |1 1 2 1 1 1 1 1 5 1 1 1 3 1 16 17 |
2961: 1 2 12 1 1 1 1 2 1 1 1 3 1 1 1 1 |1 1 1 2 1 1 2 2 1 1 2 15 1 1 3 1 |1 1 7 1 1 1 1 16 1 1 2 3 1 7 1 6 |1 1 14 1 2 1 1 8 12 4 1 1 1 5 1 2 |1 1 1 1 1 6 1 1 1 15 1 3 11 1 1 3 |2 1 1 1 1 2 1 1 2 3 1 1 1 4 3 14 |1 1 4 2 1 1 1 1 1 2 2 9 2 1 1 1 |3 1 1 9 7 1 6 7 11 7 8 2 1 1 1 17 |2 2 1 3 11 1 1 1 1 1 1 2 1 1 1 2 |1 2 4 2 1 1 1 1 1 1 12 1 6 2 2 1 |1 2 2 1 15 12 1 1 2 1 1 1 10 1 1 13 |1 1 2 1 1 1 1 1 5 1 1 1 3 1 16 17 |
2972: 1 2 12 1 1 1 1 2 1 1 1 3 1 1 1 1 |1 1 1 2 1 1 2 2 1 1 2 15 1 1 3 1 |1 1 7 1 1 1 1 16 1 1 2 3 1 7 1 6 |1 1 14 1 2 1 1 8 12 4 1 1 1 5 1 2 |1 1 1 1 1 6 1 1 1 15 1 3 11 1 1 3 |2 1 1 1 1 2 1 1 2 3 1 1 1 4 3 14 |1 1 4 2 1 1 1 1 1 2 2 9 2 1 1 1 |3 1 1 9 7 1 6 7 11 7 8 2 1 1 1 17 |2 2 1 3 11 1 1 1 1 1 1 2 1 1 1 2 |1 2 4 2 1 1 1 1 1 1 12 1 6 2 2 1 |1 2 2 1 15 12 1 1 2 1 1 1 10 1 1 13 |1 1 2 1 1 1 1 1 5 1 1 1 3 1 16 17 |
2983: 1 2 12 1 1 1 1 2 1 1 1 3 1 1 1 1 |1 1 1 2 1 1 2 2 1 1 2 15 1 1 3 1 |1 1 7 1 1 1 1 16 1 1 2 3 1 7 1 6 |1 1 14 1 2 1 1 8 12 4 1 1 1 5 1 2 |1 1 1 1 1 6 1 1 1 15 1 3 11 1 1 3 |2 1 1 1 1 2 1 1 2 3 1 1 1 4 3 14 |1 1 4 2 1 1 1 1 1 2 2 9 2 1 1 1 |3 1 1 9 7 1 6 7 11 7 8 2 1 1 1 17 |2 2 1 3 11 1 1 1 1 1 1 2 1 1 1 2 |1 2 4 2 1 1 1 1 1 1 12 1 6 2 2 1 |1 2 2 1 15 12 1 1 2 1 1 1 10 1 1 13 |1 1 2 1 1 1 1 1 5 1 1 1 3 1 16 17 |
2993: 1 2 12 1 1 1 1 2 1 1 1 3 1 1 1 1 |1 1 1 2 1 1 2 2 1 1 2 15 1 1 3 1 |1 1 7 1 1 1 1 16 1 1 2 3 1 7 1 6 |1 1 14 1 2 1 1 8 12 4 1 1 1 5 1 2 |1 1 1 1 1 6 1 1 1 15 1 3 11 1 1 3 |1 6 1 1 1 2 1 11 1 2 1 4 4 4 3 7 |1 1 4 2 1 1 1 1 1 2 2 9 2 1 1 1 |3 1 1 9 7 1 6 7 11 7 8 2 1 1 1 17 |2 2 1 3 11 1 1 1 1 1 1 2 1 1 1 2 |1 2 4 2 1 1 1 1 1 1 12 1 6 2 2 1 |1 2 2 1 15 12 1 1 2 1 1 1 10 1 1 13 |1 1 2 1 1 1 1 1 5 1 1 1 3 1 16 17 |
3004: 1 2 12 1 1 1 1 2 1 1 1 3 1 1 1 1 |1 1 1 2 1 1 2 2 1 1 2 15 1 1 3 1 |1 1 7 1 1 1 1 16 1 1 2 3 1 7 1 6 |1 1 14 1 2 1 1 8 12 4 1 1 1 5 1 2 |1 1 1 1 1 6 1 1 1 15 1 3 11 1 1 3 |1 6 1 1 1 2 1 11 1 2 1 4 4 4 3 7 |1 1 4 2 1 1 1 1 1 2 2 9 2 1 1 1 |3 1 1 9 7 1 6 7 11 7 8 2 1 1 1 17 |2 2 1 3 11 1 1 1 1 1 1 2 1 1 1 2 |1 2 4 2 1 1 1 1 1 1 12 1 6 2 2 1 |1 2 2 1 15 12 1 1 2 1 1 1 10 1 1 13 |1 1 2 1 1 1 1 1 5 1 1 1 3 1 16 17 |
3015: 1 2 12 1 1 1 1 2 1 1 1 3 1 1 1 1 |1 1 1 2 1 1 2 2 1 1 2 15 1 1 3 1 |1 1 7 1 1 1 1 16 1 1 2 3 1 7 1 6 |1 1 14 1 2 1 1 8 12 4 1 1 1 5 1 2 |1 1 1 1 1 6 1 1 1 15 1 3 11 1 1 3 |1 6 1 1 1 2 1 11 1 2 1 4 4 4 3 7 |1 1 4 2 1 1 1 1 1 2 2 9 2 1 1 1 |3 1 1 9 7 1 6 7 11 7 8 2 1 1 1 17 |2 2 1 3 11 1 1 1 1 1 1 2 1 1 1 2 |1 2 4 2 1 1 1 1 1 1 12 1 6 2 2 1 |1 2 2 1 15 12 1 1 2 1 1 1 10 1 1 13 |1 1 2 1 1 1 1 1 5 1 1 1 3 1 16 17 |
3026: 1 2 12 1 1 1 1 2 1 1 1 3 1 1 1 1 |1 1 1 2 1 1 2 2 1 1 2 15 1 1 3 1 |1 1 7 1 1 1 1 16 1 1 2 3 1 7 1 6 |1 1 14 1 2 1 1 8 12 4 1 1 1 5 1 2 |1 1 1 1 1 6 1 1 1 15 1 3 11 1 1 3 |1 8 1 1 1 3 1 1 3 1 1 2 1 6 3 14 |1 1 4 2 1 1 1 1 1 2 2 9 2 1 1 1 |3 1 1 9 7 1 6 7 11 7 8 2 1 1 1 17 |2 2 1 3 11 1 1 1 1 1 1 2 1 1 1 2 |1 2 4 2 1 1 1 1 1 1 12 1 6 2 2 1 |1 2 2 1 15 12 1 1 2 1 1 1 10 1 1 13 |1 1 2 1 1 1 1 1 5 1 1 1 3 1 16 17 |
3037: 1 2 12 1 1 1 1 2 1 1 1 3 1 1 1 1 |1 1 1 2 1 1 2 2 1 1 2 15 1 1 3 1 |1 1 7 1 1 1 1 16 1 1 2 3 1 7 1 6 |1 1 14 1 2 1 1 8 12 4 1 1 1 5 1 2 |1 1 1 1 1 6 1 1 1 15 1 3 11 1 1 3 |1 8 1 1 1 3 1 1 3 1 1 2 1 6 3 14 |1 1 4 2 1 1 1 1 1 2 2 9 2 1 1 1 |3 1 1 9 7 1 6 7 11 7 8 2 1 1 1 17 |2 2 1 3 11 1 1 1 1 1 1 2 1 1 1 2 |1 2 4 2 1 1 1 1 1 1 12 1 6 2 2 1 |1 2 2 1 15 12 1 1 2 1 1 1 10 1 1 13 |1 1 1 6 1 1 1 1 5 1 1 1 4 1 16 17 |
3048: 1 2 12 1 1 1 1 2 1 1 1 3 1 1 1 1 |1 1 1 2 1 1 2 2 1 1 2 15 1 1 3 1 |1 1 7 1 1 1 1 16 1 1 2 3 1 7 1 6 |1 1 14 1 2 1 1 8 12 4 1 1 1 5 1 2 |1 1 1 1 1 6 1 1 1 15 1 3 11 1 1 3 |1 8 1 1 1 3 1 1 3 1 1 2 1 6 3 14 |1 1 4 2 1 1 1 1 1 2 2 9 2 1 1 1 |3 1 1 9 7 1 6 7 11 7 8 2 1 1 1 17 |2 2 1 3 11 1 1 1 1 1 1 2 1 1 1 2 |1 2 4 2 1 1 1 1 1 1 12 1 6 2 2 1 |1 2 2 1 15 12 1 1 2 1 1 1 10 1 1 13 |1 1 1 6 1 1 1 1 5 1 1 1 4 1 16 17 |
3059: 1 2 12 1 1 1 1 2 1 1 1 3 1 1 1 1 |1 1 1 2 1 1 2 2 1 1 2 15 1 1 3 1 |1 1 7 1 1 1 1 16 1 1 2 3 1 7 1 6 |1 1 19 1 6 1 1 8 12 4 1 1 1 4 1 1 |1 1 1 1 1 6 1 1 1 15 1 3 11 1 1 3 |1 8 1 1 1 3 1 1 3 1 1 2 1 6 3 14 |1 1 4 2 1 1 1 1 1 2 2 9 2 1 1 1 |3 1 1 9 7 1 6 7 11 7 8 2 1 1 1 17 |2 2 1 3 11 1 1 1 1 1 1 2 1 1 1 2 |1 2 4 2 1 1 1 1 1 1 12 1 6 2 2 1 |1 2 2 1 15 12 1 1 2 1 1 1 10 1 1 13 |1 1 1 6 1 1 1 1 5 1 1 1 4 1 16 17 |
3070: 1 2 12 1 1 1 1 2 1 1 1 3 1 1 1 1 |1 1 1 2 1 1 2 2 1 1 2 15 1 1 3 1 |1 1 7 1 1 1 1 16 1 1 2 3 1 7 1 6 |1 1 19 1 6 1 1 8 12 4 1 1 1 4 1 1 |1 1 2 1 1 7 1 2 7 6 1 2 6 1 1 1 |1 8 1 1 1 3 1 1 3 1 1 2 1 6 3 14 |1 1 4 2 1 1 1 1 1 2 2 9 2 1 1 1 |3 1 1 9 7 1 6 7 11 7 8 2 1 1 1 17 |2 2 1 3 11 1 1 1 1 1 1 2 1 1 1 2 |1 2 4 2 1 1 1 1 1 1 12 1 6 2 2 1 |1 2 2 1 15 12 1 1 2 1 1 1 10 1 1 13 |1 1 1 6 1 1 1 1 5 1 1 1 4 1 16 17 |
3081: 1 2 12 1 1 1 1 2 1 1 1 3 1 1 1 1 |1 1 1 2 1 1 2 2 1 1 2 15 1 1 3 1 |1 1 7 1 1 1 1 16 1 1 2 3 1 7 1 6 |1 1 19 1 6 1 1 8 12 4 1 1 1 4 1 1 |1 1 2 1 1 7 1 2 7 6 1 2 6 1 1 1 |1 8 1 1 1 3 1 1 3 1 1 2 1 6 3 14 |1 1 4 2 1 1 1 1 1 2 2 9 2 1 1 1 |3 1 1 9 7 1 6 7 11 7 8 2 1 1 1 17 |2 2 1 3 11 1 1 1 1 1 1 2 1 1 1 2 |1 2 4 2 1 1 1 1 1 1 12 1 6 2 2 1 |1 2 2 1 15 12 1 1 2 1 1 1 10 1 1 13 |1 1 1 6 1 1 1 1 5 1 1 1 4 1 16 17 |
3092: 1 2 12 1 1 1 1 2 1 1 1 3 1 1 1 1 |1 1 1 2 1 1 2 2 1 1 2 15 1 1 3 1 |1 1 7 1 1 1 1 16 1 1 2 3 1 7 1 6 |1 1 19 1 6 1 1 8 12 4 1 1 1 4 1 1 |1 5 5 1 1 8 1 1 7 5 3 2 5 1 1 1 |1 8 1 1 1 3 1 1 3 1 1 2 1 6 3 14 |1 1 4 2 1 1 1 1 1 2 2 9 2 1 1 1 |3 1 1 9 7 1 6 7 11 7 8 2 1 1 1 17 |2 2 1 3 11 1 1 1 1 1 1 2 1 1 1 2 |1 2 4 2 1 1 1 1 1 1 12 1 6 2 2 1 |1 2 2 1 15 12 1 1 2 1 1 1 10 1 1 13 |1 1 1 6 1 1 1 1 5 1 1 1 4 1 16 17 |
3103: 1 2 12 1 1 1 1 2 1 1 1 3 1 1 1 1 |1 1 1 2 1 1 2 2 1 1 2 15 1 1 3 1 |1 1 7 1 1 1 1 16 1 1 2 3 1 7 1 6 |1 1 19 1 6 1 1 8 12 4 1 1 1 4 1 1 |1 5 5 1 1 8 1 1 7 5 3 2 5 1 1 1 |1 8 1 1 1 3 1 1 3 1 1 2 1 6 3 14 |1 1 4 2 1 1 1 1 1 2 2 9 2 1 1 1 |3 1 1 9 7 1 6 7 11 7 8 2 1 1 1 17 |2 2 1 3 11 1 1 1 1 1 1 2 1 1 1 2 |1 2 4 2 1 1 1 1 1 1 12 1 6 2 2 1 |1 2 2 1 15 12 1 1 2 1 1 1 10 1 1 13 |1 1 1 6 1 1 1 1 5 1 1 1 4 1 16 17 |
3114: 1 2 12 1 1 1 1 2 1 1 1 3 1 1 1 1 |1 1 1 2 1 1 2 2 1 1 2 15 1 1 3 1 |1 1 7 1 1 1 1 16 1 1 2 3 1 7 1 6 |1 1 19 1 6 1 1 8 12 4 1 1 1 4 1 1 |1 5 5 1 1 8 1 1 7 5 3 2 5 1 1 1 |1 8 1 1 1 3 1 1 3 1 1 2 1 6 3 14 |1 1 4 2 1 1 1 1 1 2 2 9 2 1 1 1 |3 1 1 9 7 1 6 7 11 7 8 2 1 1 1 17 |2 2 1 3 11 1 1 1 1 1 1 2 1 1 1 2 |1 2 4 2 1 1 1 1 1 1 12 1 6 2 2 1 |1 2 2 1 15 12 1 1 2 1 1 1 10 1 1 13 |1 1 1 6 1 1 1 1 5 1 1 1 4 1 16 17 |
3125: 1 2 12 1 1 1 1 2 1 1 1 3 1 1 1 1 |1 1 1 2 1 1 2 2 1 1 2 15 1 1 3 1 |1 1 7 1 1 1 1 16 1 1 2 3 1 7 1 6 |1 1 19 1 6 1 1 8 12 4 1 1 1 4 1 1 |1 5 5 1 1 8 1 1 7 5 3 2 5 1 1 1 |1 8 1 1 1 3 1 1 3 1 1 2 1 6 3 14 |1 1 4 2 1 1 1 1 1 2 2 9 2 1 1 1 |3 1 1 9 7 1 6 7 11 7 8 2 1 1 1 17 |2 2 1 3 11 1 1 1 1 1 1 2 1 1 1 2 |1 2 4 2 1 1 1 1 1 1 12 1 6 2 2 1 |1 2 2 1 15 12 1 1 2 1 1 1 10 1 1 13 |1 1 1 6 1 1 1 1 5 1 1 1 4 1 16 17 |
3136: 1 2 12 1 1 1 1 2 1 1 1 3 1 1 1 1 |1 1 1 2 1 1 2 2 1 1 2 15 1 1 3 1 |1 1 7 1 1 1 1 16 1 1 2 3 1 7 1 6 |1 1 19 1 6 1 1 8 12 4 1 1 1 4 1 1 |1 5 5 1 1 8 1 1 7 5 3 2 5 1 1 1 |1 8 1 1 1 3 1 1 3 1 1 2 1 6 3 14 |1 1 4 2 1 1 1 1 1 2 2 9 2 1 1 1 |3 1 1 9 7 1 6 7 11 7 8 2 1 1 1 17 |2 2 1 3 11 1 1 1 1 1 1 2 1 1 1 2 |1 2 4 2 1 1 1 1 1 1 12 1 6 2 2 1 |1 1 1 8 7 1 2 6 3 16 15 1 1 1 1 13 |1 1 1 6 1 1 1 1 5 1 1 1 4 1 16 17 |
3147: 1 2 12 1 1 1 1 2 1 1 1 3 1 1 1 1 |1 1 1 2 1 1 2 2 1 1 2 15 1 1 3 1 |1 1 7 1 1 1 1 16 1 1 2 3 1 7 1 6 |1 1 19 1 6 1 1 8 12 4 1 1 1 4 1 1 |1 5 5 1 1 8 1 1 7 5 3 2 5 1 1 1 |1 8 1 1 1 3 1 1 3 1 1 2 1 6 3 14 |1 1 4 2 1 1 1 1 1 2 2 9 2 1 1 1 |3 1 1 9 7 1 6 7 11 7 8 2 1 1 1 17 |2 2 1 3 11 1 1 1 1 1 1 2 1 1 1 2 |1 2 4 2 1 1 1 1 1 1 12 1 6 2 2 1 |1 1 1 8 7 1 2 6 3 16 15 1 1 1 1 13 |1 1 1 6 1 1 1 1 5 1 1 1 4 1 16 17 |
3158: 1 2 12 1 1 1 1 2 1 1 1 3 1 1 1 1 |1 1 1 2 1 1 2 2 1 1 2 15 1 1 3 1 |1 1 7 1 1 1 1 16 1 1 2 3 1 7 1 6 |1 1 19 1 6 1 1 8 12 4 1 1 1 4 1 1 |1 5 5 1 1 8 1 1 7 5 3 2 5 1 1 1 |1 8 1 1 1 3 1 1 3 1 1 2 1 6 3 14 |1 1 4 2 1 1 1 1 1 2 2 9 2 1 1 1 |3 1 1 9 7 1 6 7 11 7 8 2 1 1 1 17 |2 2 1 3 11 1 1 1 1 1 1 2 1 1 1 2 |1 2 4 2 1 1 1 1 1 1 12 1 6 2 2 1 |1 1 1 8 7 1 2 6 3 16 15 1 1 1 1 13 |1 1 1 6 1 1 1 1 5 1 1 1 4 1 16 17 |
3169: 1 2 12 1 1 1 1 2 1 1 1 3 1 1 1 1 |1 1 1 2 1 1 2 2 1 1 2 15 1 1 3 1 |1 1 7 1 1 1 1 16 1 1 2 3 1 7 1 6 |1 1 19 1 6 1 1 8 12 4 1 1 1 4 1 1 |1 5 5 1 1 8 1 1 7 5 3 2 5 1 1 1 |1 8 1 1 1 3 1 1 3 1 1 2 1 6 3 14 |1 1 4 2 1 1 1 1 1 2 2 9 2 1 1 1 |3 1 1 9 7 1 6 7 11 7 8 2 1 1 1 17 |2 2 1 3 11 1 1 1 1 1 1 2 1 1 1 2 |1 2 4 2 1 1 1 1 1 1 12 1 6 2 2 1 |1 2 1 1 1 1 2 8 4 16 4 1 1 1 1 14 |1 1 1 6 1 1 1 1 5 1 1 1 4 1 16 17 |
3180: 1 2 12 1 1 1 1 2 1 1 1 3 1 1 1 1 |1 1 1 2 1 1 2 2 1 1 2 15 1 1 3 1 |1 1 7 1 1 1 1 16 1 1 2 3 1 7 1 6 |1 1 19 1 6 1 1 8 12 4 1 1 1 4 1 1 |1 5 5 1 1 8 1 1 7 5 3 2 5 1 1 1 |1 8 1 1 1 3 1 1 3 1 1 2 1 6 3 14 |1 1 4 2 1 1 1 1 1 2 2 9 2 1 1 1 |3 1 1 9 7 1 6 7 11 7 8 2 1 1 1 17 |2 2 1 3 11 1 1 1 1 1 1 2 1 1 1 2 |1 2 4 2 1 1 1 1 1 1 12 1 6 2 2 1 |1 2 1 1 1 1 2 8 4 16 4 1 1 1 1 14 |1 1 1 6 1 1 1 1 5 1 1 1 4 1 16 17 |
3191: 1 2 12 1 1 1 1 2 1 1 1 3 1 1 1 1 |1 1 1 2 1 1 2 2 1 1 2 15 1 1 3 1 |1 1 7 1 1 1 1 16 1 1 2 3 1 7 1 6 |1 1 19 1 6 1 1 8 12 4 1 1 1 4 1 1 |1 5 5 1 1 8 1 1 7 5 3 2 5 1 1 1 |1 8 1 1 1 3 1 1 3 1 1 2 1 6 3 14 |1 1 4 2 1 1 1 1 1 2 2 9 2 1 1 1 |3 1 1 9 7 1 6 7 11 7 8 2 1 1 1 17 |2 2 1 3 11 1 1 1 1 1 1 2 1 1 1 2 |1 2 4 2 1 1 1 1 1 1 12 1 6 2 2 1 |1 2 1 1 1 1 2 8 4 16 4 1 1 1 1 14 |1 1 1 6 1 1 1 1 5 1 1 1 4 1 16 17 |
3202: 1 2 12 1 1 1 1 2 1 1 1 3 1 1 1 1 |1 1 1 2 1 1 2 2 1 1 2 15 1 1 3 1 |1 1 7 1 1 1 1 16 1 1 2 3 1 7 1 6 |1 1 19 1 6 1 1 8 12 4 1 1 1 4 1 1 |1 5 5 1 1 8 1 1 7 5 3 2 5 1 1 1 |1 8 1 1 1 3 1 1 3 1 1 2 1 6 3 14 |1 1 4 2 1 1 1 1 1 2 2 9 2 1 1 1 |3 1 1 9 7 1 6 7 11 7 8 2 1 1 1 17 |2 2 1 3 11 1 1 1 1 1 1 2 1 1 1 2 |1 1 4 5 2 2 1 1 1 1 15 1 7 2 13 1 |1 2 1 1 1 1 2 8 4 16 4 1 1 1 1 14 |1 1 1 6 1 1 1 1 5 1 1 1 4 1 16 17 |
3213: 1 2 12 1 1 1 1 2 1 1 1 3 1 1 1 1 |1 1 1 2 1 1 2 2 1 1 2 15 1 1 3 1 |1 1 7 1 1 1 1 16 1 1 2 3 1 7 1 6 |1 1 19 1 6 1 1 8 12 4 1 1 1 4 1 1 |1 5 5 1 1 8 1 1 7 5 3 2 5 1 1 1 |1 8 1 1 1 3 1 1 3 1 1 2 1 6 3 14 |1 1 4 2 1 1 1 1 1 2 2 9 2 1 1 1 |3 1 1 9 7 1 6 7 11 7 8 2 1 1 1 17 |2 2 1 3 11 1 1 1 1 1 1 2 1 1 1 2 |1 1 4 5 2 2 1 1 1 1 15 1 7 2 13 1 |1 2 1 1 1 1 2 8 4 16 4 1 1 1 1 14 |1 1 1 6 1 1 1 1 5 1 1 1 4 1 16 17 |
3224: 1 2 12 1 1 1 1 2 1 1 1 3 1 1 1 1 |1 1 1 2 1 1 2 2 1 1 2 15 1 1 3 1 |1 1 7 1 1 1 1 16 1 1 2 3 1 7 1 6 |1 1 19 1 6 1 1 8 12 4 1 1 1 4 1 1 |1 5 5 1 1 8 1 1 7 5 3 2 5 1 1 1 |1 8 1 1 1 3 1 1 3 1 1 2 1 6 3 14 |1 1 4 2 1 1 1 1 1 2 2 9 2 1 1 1 |3 1 1 9 7 1 6 7 11 7 8 2 1 1 1 17 |2 2 1 3 11 1 1 1 1 1 1 2 1 1 1 2 |1 1 4 5 2 2 1 1 1 1 15 1 7 2 13 1 |1 2 1 1 1 1 2 8 4 16 4 1 1 1 1 14 |1 1 1 6 1 1 1 1 5 1 1 1 4 1 16 17 |
3235: 1 2 12 1 1 1 1 2 1 1 1 3 1 1 1 1 |1 1 1 2 1 1 2 2 1 1 2 15 1 1 3 1 |1 1 7 1 1 1 1 16 1 1 2 3 1 7 1 6 |1 1 19 1 6 1 1 8 12 4 1 1 1 4 1 1 |1 5 5 1 1 8 1 1 7 5 3 2 5 1 1 1 |1 8 1 1 1 3 1 1 3 1 1 2 1 6 3 14 |1 1 4 2 1 1 1 1 1 2 2 9 2 1 1 1 |3 1 1 9 7 1 6 7 11 7 8 2 1 1 1 17 |2 2 1 3 11 1 1 1 1 1 1 2 1 1 1 2 |1 1 4 5 2 2 1 1 1 1 15 1 7 2 13 1 |1 2 1 1 1 1 2 8 4 16 4 1 1 1 1 14 |1 1 1 6 1 1 1 1 5 1 1 1 4 1 16 17 |
3246: 1 2 12 1 1 1 1 2 1 1 1 3 1 1 1 1 |1 1 1 2 1 1 2 2 1 1 2 15 1 1 3 1 |1 1 7 1 1 1 1 16 1 1 2 3 1 7 1 6 |1 1 19 1 6 1 1 8 12 4 1 1 1 4 1 1 |1 5 5 1 1 8 1 1 7 5 3 2 5 1 1 1 |1 8 1 1 1 3 1 1 3 1 1 2 1 6 3 14 |1 1 4 2 1 1 1 1 1 2 2 9 2 1 1 1 |3 1 1 9 7 1 6 7 11 7 8 2 1 1 1 17 |2 2 1 3 11 1 1 1 1 1 1 2 1 1 1 2 |1 1 4 5 2 2 1 1 1 1 15 1 7 2 13 1 |1 2 1 1 1 1 2 8 4 16 4 1 1 1 1 14 |1 1 1 6 1 1 1 1 5 1 1 1 4 1 16 17 |
3257: 1 2 12 1 1 1 1 2 1 1 1 3 1 1 1 1 |1 1 1 2 1 1 2 2 1 1 2 15 1 1 3 1 |1 1 7 1 1 1 1 16 1 1 2 3 1 7 1 6 |1 1 19 1 6 1 1 8 12 4 1 1 1 4 1 1 |1 5 5 1 1 8 1 1 7 5 3 2 5 1 1 1 |1 8 1 1 1 3 1 1 3 1 1 2 1 6 3 14 |1 1 4 2 1 1 1 1 1 2 2 9 2 1 1 1 |3 1 1 9 7 1 6 7 11 7 8 2 1 1 1 17 |2 2 1 3 11 1 1 1 1 1 1 2 1 1 1 2 |1 1 4 5 2 2 1 1 1 1 15 1 7 2 13 1 |1 2 1 1 1 1 2 8 4 16 4 1 1 1 1 14 |1 1 1 6 1 1 1 1 5 1 1 1 4 1 16 17 |
3268: 1 2 12 1 1 1 1 2 1 1 1 3 1 1 1 1 |1 1 1 2 1 1 2 2 1 1 2 15 1 1 3 1 |1 1 7 1 1 1 1 16 1 1 2 3 1 7 1 6 |1 1 19 1 6 1 1 8 12 4 1 1 1 4 1 1 |1 5 5 1 1 8 1 1 7 5 3 2 5 1 1 1 |1 8 1 1 1 3 1 1 3 1 1 2 1 6 3 14 |1 1 4 2 1 1 1 1 1 2 2 9 2 1 1 1 |3 1 1 9 7 1 6 7 11 7 8 2 1 1 1 17 |2 2 1 3 11 1 1 1 1 1 1 2 1 1 1 2 |1 2 2 3 2 5 1 1 1 4 14 1 7 2 2 1 |1 2 1 1 1 1 2 8 4 16 4 1 1 1 1 14 |1 1 1 6 1 1 1 1 5 1 1 1 4 1 16 17 |
3279: 1 2 12 1 1 1 1 2 1 1 1 3 1 1 1 1 |1 1 1 2 1 1 2 2 1 1 2 15 1 1 3 1 |1 1 7 1 1 1 1 16 1 1 2 3 1 7 1 6 |1 1 19 1 6 1 1 8 12 4 1 1 1 4 1 1 |1 5 5 1 1 8 1 1 7 5 3 2 5 1 1 1 |1 8 1 1 1 3 1 1 3 1 1 2 1 6 3 14 |1 1 4 2 1 1 1 1 1 2 2 9 2 1 1 1 |3 1 1 9 7 1 6 7 11 7 8 2 1 1 1 17 |2 2 1 3 11 1 1 1 1 1 1 2 1 1 1 2 |1 2 2 3 2 5 1 1 1 4 14 1 7 2 2 1 |2 1 8 1 2 1 2 7 2 8 15 1 1 1 5 14 |1 1 1 6 1 1 1 1 5 1 1 1 4 1 16 17 |
3290: 1 2 13 1 1 1 1 1 5 1 1 3 6 1 11 15 |1 1 1 2 1 1 2 2 1 1 2 15 1 1 3 1 |1 1 7 1 1 1 1 16 1 1 2 3 1 7 1 6 |1 1 19 1 6 1 1 8 12 4 1 1 1 4 1 1 |1 5 5 1 1 8 1 1 7 5 3 2 5 1 1 1 |1 8 1 1 1 3 1 1 3 1 1 2 1 6 3 14 |1 1 4 2 1 1 1 1 1 2 2 9 2 1 1 1 |3 1 1 9 7 1 6 7 11 7 8 2 1 1 1 17 |2 2 1 3 11 1 1 1 1 1 1 2 1 1 1 2 |1 2 2 3 2 5 1 1 1 4 14 1 7 2 2 1 |2 1 8 1 2 1 2 7 2 8 15 1 1 1 5 14 |1 1 1 6 1 1 1 1 5 1 1 1 4 1 16 17 |
3301: 1 2 13 1 1 1 1 1 5 1 1 3 6 1 11 15 |1 1 1 2 1 1 2 2 1 1 2 15 1 1 3 1 |1 1 7 1 1 1 1 16 1 1 2 3 1 7 1 6 |1 1 19 1 6 1 1 8 12 4 1 1 1 4 1 1 |1 5 5 1 1 8 1 1 7 5 3 2 5 1 1 1 |1 8 1 1 1 3 1 1 3 1 1 2 1 6 3 14 |1 1 4 2 1 1 1 1 1 2 2 9 2 1 1 1 |3 1 1 9 7 1 6 7 11 7 8 2 1 1 1 17 |5 5 1 16 9 1 15 13 15 1 1 7 2 2 3 3 |1 2 2 3 2 5 1 1 1 4 14 1 7 2 2 1 |2 1 8 1 2 1 2 7 2 8 15 1 1 1 5 14 |1 1 1 6 1 1 1 1 5 1 1 1 4 1 16 17 |
3312: 1 2 13 1 1 1 1 1 5 1 1 3 6 1 11 15 |1 1 1 2 1 1 2 2 1 1 2 15 1 1 3 1 |1 1 7 1 1 1 1 16 1 1 2 3 1 7 1 6 |1 1 19 1 6 1 1 8 12 4 1 1 1 4 1 1 |1 5 5 1 1 8 1 1 7 5 3 2 5 1 1 1 |1 8 1 1 1 3 1 1 3 1 1 2 1 6 3 14 |1 1 4 2 1 1 1 1 1 2 2 9 2 1 1 1 |3 1 1 9 7 1 6 7 11 7 8 2 1 1 1 17 |5 5 1 16 9 1 15 13 15 1 1 7 2 2 3 3 |1 2 2 3 2 5 1 1 1 4 14 1 7 2 2 1 |2 1 8 1 2 1 2 7 2 8 15 1 1 1 5 14 |1 1 1 6 1 1 1 1 5 1 1 1 4 1 16 17 |
3323: 1 2 13 1 1 1 1 1 5 1 1 3 6 1 11 15 |1 1 1 2 1 1 2 2 1 1 2 15 1 1 3 1 |1 1 7 1 1 1 1 16 1 1 2 3 1 7 1 6 |1 1 19 1 6 1 1 8 12 4 1 1 1 4 1 1 |1 5 5 1 1 8 1 1 7 5 3 2 5 1 1 1 |1 8 1 1 1 3 1 1 3 1 1 2 1 6 3 14 |1 1 4 2 1 1 1 1 1 2 2 9 2 1 1 1 |3 1 1 9 7 1 6 7 11 7 8 2 1 1 1 17 |5 5 1 16 9 1 15 13 15 1 1 7 2 2 3 3 |1 2 2 3 2 5 1 1 1 4 14 1 7 2 2 1 |2 1 8 1 2 1 2 7 2 8 15 1 1 1 5 14 |1 1 1 6 1 1 1 1 5 1 1 1 4 1 16 17 |
3334: 1 2 13 1 1 1 1 1 5 1 1 3 6 1 11 15 |1 1 1 2 1 1 2 2 1 1 2 15 1 1 3 1 |1 1 7 1 1 1 1 16 1 1 2 3 1 7 1 6 |1 1 19 1 6 1 1 8 12 4 1 1 1 4 1 1 |1 5 5 1 1 8 1 1 7 5 3 2 5 1 1 1 |1 8 1 1 1 3 1 1 3 1 1 2 1 6 3 14 |1 1 4 2 1 1 1 1 1 2 2 9 2 1 1 1 |3 1 1 9 7 1 6 7 11 7 8 2 1 1 1 17 |1 8 1 15 9 1 2 1 18 3 1 7 2 9 3 5 |1 2 2 3 2 5 1 1 1 4 14 1 7 2 2 1 |2 1 8 1 2 1 2 7 2 8 15 1 1 1 5 14 |1 1 1 6 1 1 1 1 5 1 1 1 4 1 16 17 |
3345: 1 2 13 1 1 1 1 1 5 1 1 3 6 1 11 15 |1 1 1 2 1 1 2 2 1 1 2 15 1 1 3 1 |1 1 7 1 1 1 1 16 1 1 2 3 1 7 1 6 |1 1 19 1 6 1 1 8 12 4 1 1 1 4 1 1 |1 5 5 1 1 8 1 1 7 5 3 2 5 1 1 1 |1 8 1 1 1 3 1 1 3 1 1 2 1 6 3 14 |1 1 4 2 1 1 1 1 1 2 2 9 2 1 1 1 |3 1 1 9 7 1 6 7 11 7 8 2 1 1 1 17 |1 8 1 15 9 1 2 1 18 3 1 7 2 9 3 5 |1 2 6 3 2 1 1 1 1 1 13 1 6 2 2 11 |2 1 8 1 2 1 2 7 2 8 15 1 1 1 5 14 |1 1 1 6 1 1 1 1 5 1 1 1 4 1 16 17 |
3355: 1 2 13 1 1 1 1 1 5 1 1 3 6 1 11 15 |1 1 1 2 1 1 2 2 1 1 2 15 1 1 3 1 |1 1 7 1 1 1 1 16 1 1 2 3 1 7 1 6 |1 1 19 1 6 1 1 8 12 4 1 1 1 4 1 1 |1 5 5 1 1 8 1 1 7 5 3 2 5 1 1 1 |1 8 1 1 1 3 1 1 3 1 1 2 1 6 3 14 |1 1 4 2 1 1 1 1 1 2 2 9 2 1 1 1 |3 1 1 9 7 1 6 7 11 7 8 2 1 1 1 17 |1 8 1 15 9 1 2 1 18 3 1 7 2 9 3 5 |1 2 6 3 2 1 1 1 1 1 13 1 6 2 2 11 |2 1 8 1 2 1 2 7 2 8 15 1 1 1 5 14 |1 1 1 6 1 1 1 1 5 1 1 1 4 1 16 17 |
3366: 1 2 13 1 1 1 1 1 5 1 1 3 6 1 11 15 |1 1 1 2 1 1 2 2 1 1 2 15 1 1 3 1 |1 1 7 1 1 1 1 16 1 1 2 3 1 7 1 6 |1 1 19 1 6 1 1 8 12 4 1 1 1 4 1 1 |1 5 5 1 1 8 1 1 7 5 3 2 5 1 1 1 |1 8 1 1 1 3 1 1 3 1 1 2 1 6 3 14 |1 1 4 2 1 1 1 1 1 2 2 9 2 1 1 1 |3 1 1 9 7 1 6 7 11 7 8 2 1 1 1 17 |1 8 1 15 9 1 2 1 18 3 1 7 2 9 3 5 |1 2 6 3 2 1 1 1 1 1 13 1 6 2 2 11 |2 1 8 1 2 1 2 7 2 8 15 1 1 1 5 14 |1 1 1 6 1 1 1 1 5 1 1 1 4 1 16 17 |
3377: 1 2 13 1 1 1 1 1 5 1 1 3 6 1 11 15 |1 1 1 2 1 1 2 2 1 1 2 15 1 1 3 1 |1 1 7 1 1 1 1 16 1 1 2 3 1 7 1 6 |1 1 19 1 6 1 1 8 12 4 1 1 1 4 1 1 |1 5 5 1 1 8 1 1 7 5 3 2 5 1 1 1 |1 8 1 1 1 3 1 1 3 1 1 2 1 6 3 14 |1 1 4 2 1 1 1 1 1 2 2 9 2 1 1 1 |3 1 1 9 7 1 6 7 11 7 8 2 1 1 1 17 |1 8 1 15 9 1 2 1 18 3 1 7 2 9 3 5 |1 2 6 3 2 1 1 1 1 1 13 1 6 2 2 11 |2 1 8 1 2 1 2 7 2 8 15 1 1 1 5 14 |1 1 1 6 1 1 1 1 5 1 1 1 4 1 16 17 |
3388: 1 2 13 1 1 1 1 1 5 1 1 3 6 1 11 15 |1 1 1 2 1 1 2 2 1 1 2 15 1 1 3 1 |1 1 7 1 1 1 1 16 1 1 2 3 1 7 1 6 |1 1 19 1 6 1 1 8 12 4 1 1 1 4 1 1 |1 5 5 1 1 8 1 1 7 5 3 2 5 1 1 1 |1 8 1 1 1 3 1 1 3 1 1 2 1 6 3 14 |1 1 4 2 1 1 1 1 1 2 2 9 2 1 1 1 |3 1 1 9 7 1 6 7 11 7 8 2 1 1 1 17 |1 8 1 15 9 1 2 1 18 3 1 7 2 9 3 5 |1 2 6 3 2 1 1 1 1 1 13 1 6 2 2 11 |2 1 8 1 2 1 2 7 2 8 15 1 1 1 5 14 |1 1 1 6 1 1 1 1 5 1 1 1 4 1 16 17 |
3399: 1 2 13 1 1 1 1 1 5 1 1 3 6 1 11 15 |1 1 1 2 1 1 2 2 1 1 2 15 1 1 3 1 |1 1 7 1 1 1 1 16 1 1 2 3 1 7 1 6 |1 1 19 1 6 1 1 8 12 4 1 1 1 4 1 1 |1 5 5 1 1 8 1 1 7 5 3 2 5 1 1 1 |1 8 1 1 1 3 1 1 3 1 1 2 1 6 3 14 |1 1 4 2 1 1 1 1 1 2 2 9 2 1 1 1 |3 1 1 9 7 1 6 7 11 7 8 2 1 1 1 17 |1 8 1 15 9 1 2 1 18 3 1 7 2 9 3 5 |1 2 6 3 2 1 1 1 1 1 13 1 6 2 2 11 |2 1 8 1 2 1 2 7 2 8 15 1 1 1 5 14 |1 1 1 6 1 1 1 1 5 1 1 1 4 1 16 17 |
3410: 1 2 13 1 1 1 1 1 5 1 1 3 6 1 11 15 |1 1 1 2 1 1 2 2 1 1 2 15 1 1 3 1 |1 1 7 1 1 1 1 16 1 1 2 3 1 7 1 6 |1 1 19 1 6 1 1 8 12 4 1 1 1 4 1 1 |1 5 5 1 1 8 1 1 7 5 3 2 5 1 1 1 |1 8 1 1 1 3 1 1 3 1 1 2 1 6 3 14 |1 1 4 2 1 1 1 1 1 2 2 9 2 1 1 1 |3 1 1 9 7 1 6 7 11 7 8 2 1 1 1 17 |1 8 1 15 9 1 2 1 18 3 1 7 2 9 3 5 |1 2 6 3 2 1 1 1 1 1 13 1 6 2 2 11 |2 1 8 1 2 1 2 7 2 8 15 1 1 1 5 14 |1 1 1 6 1 1 1 1 5 1 1 1 4 1 16 17 |
3421: 1 2 13 1 1 1 1 1 5 1 1 3 6 1 11 15 |1 1 1 2 1 1 2 2 1 1 2 15 1 1 3 1 |1 1 7 1 1 1 1 16 1 1 2 3 1 7 1 6 |1 1 19 1 6 1 1 8 12 4 1 1 1 4 1 1 |1 5 5 1 1 8 1 1 7 5 3 2 5 1 1 1 |1 8 1 1 1 3 1 1 3 1 1 2 1 6 3 14 |1 1 4 2 1 1 1 1 1 2 2 9 2 1 1 1 |3 1 1 9 7 1 6 7 11 7 8 2 1 1 1 17 |1 8 1 15 9 1 2 1 18 3 1 7 2 9 3 5 |1 2 6 3 2 1 1 1 1 1 13 1 6 2 2 11 |2 1 8 1 2 1 2 7 2 8 15 1 1 1 5 14 |1 1 1 6 1 1 1 1 5 1 1 1 4 1 16 17 |
3432: 1 2 13 1 1 1 1 1 5 1 1 3 6 1 11 15 |1 1 1 2 1 1 2 2 1 1 2 15 1 1 3 1 |1 1 7 1 1 1 1 16 1 1 2 3 1 7 1 6 |1 1 19 1 6 1 1 8 12 4 1 1 1 4 1 1 |1 5 5 1 1 8 1 1 7 5 3 2 5 1 1 1 |1 8 1 1 1 3 1 1 3 1 1 2 1 6 3 14 |1 1 4 2 1 1 1 1 1 2 2 9 2 1 1 1 |1 12 1 1 11 1 2 6 9 1 1 1 1 1 4 17 |1 8 1 15 9 1 2 1 18 3 1 7 2 9 3 5 |1 2 6 3 2 1 1 1 1 1 13 1 6 2 2 11 |2 1 8 1 2 1 2 7 2 8 15 1 1 1 5 14 |1 1 1 6 1 1 1 1 5 1 1 1 4 1 16 17 |
3443: 1 2 13 1 1 1 1 1 5 1 1 3 6 1 11 15 |1 1 1 2 1 1 2 2 1 1 2 15 1 1 3 1 |1 1 7 1 1 1 1 16 1 1 2 3 1 7 1 6 |1 1 19 1 6 1 1 8 12 4 1 1 1 4 1 1 |1 5 5 1 1 8 1 1 7 5 3 2 5 1 1 1 |1 8 1 1 1 3 1 1 3 1 1 2 1 6 3 14 |1 1 4 2 1 1 1 1 1 2 2 9 2 1 1 1 |1 12 1 1 11 1 2 6 9 1 1 1 1 1 4 17 |1 8 1 15 9 1 2 1 18 3 1 7 2 9 3 5 |1 2 6 3 2 1 1 1 1 1 13 1 6 2 2 11 |2 1 8 1 2 1 2 7 2 8 15 1 1 1 5 14 |1 1 1 6 1 1 1 1 5 1 1 1 4 1 16 17 |
3454: 1 8 7 1 1 1 1 1 1 3 1 1 13 1 17 19 |1 1 1 2 1 1 2 2 1 1 2 15 1 1 3 1 |1 1 7 1 1 1 1 16 1 1 2 3 1 7 1 6 |1 1 19 1 6 1 1 8 12 4 1 1 1 4 1 1 |1 5 5 1 1 8 1 1 7 5 3 2 5 1 1 1 |1 8 1 1 1 3 1 1 3 1 1 2 1 6 3 14 |1 1 4 2 1 1 1 1 1 2 2 9 2 1 1 1 |1 12 1 1 11 1 2 6 9 1 1 1 1 1 4 17 |1 8 1 15 9 1 2 1 18 3 1 7 2 9 3 5 |1 2 6 3 2 1 1 1 1 1 13 1 6 2 2 11 |2 1 8 1 2 1 2 7 2 8 15 1 1 1 5 14 |1 1 1 6 1 1 1 1 5 1 1 1 4 1 16 17 |
3465: 1 8 7 1 1 1 1 1 1 3 1 1 13 1 17 19 |1 1 1 2 1 1 2 2 1 1 2 15 1 1 3 1 |1 1 7 1 1 1 1 16 1 1 2 3 1 7 1 6 |1 1 19 1 6 1 1 8 12 4 1 1 1 4 1 1 |1 5 5 1 1 8 1 1 7 5 3 2 5 1 1 1 |1 8 1 1 1 3 1 1 3 1 1 2 1 6 3 14 |1 1 4 2 1 1 1 1 1 2 2 9 2 1 1 1 |1 12 1 1 11 1 2 6 9 1 1 1 1 1 4 17 |5 6 1 15 10 1 1 1 5 1 1 9 3 3 3 1 |1 2 6 3 2 1 1 1 1 1 13 1 6 2 2 11 |2 1 8 1 2 1 2 7 2 8 15 1 1 1 5 14 |1 1 1 6 1 1 1 1 5 1 1 1 4 1 16 17 |
3476: 1 8 7 1 1 1 1 1 1 3 1 1 13 1 17 19 |1 1 1 2 1 1 2 2 1 1 2 15 1 1 3 1 |1 1 7 1 1 1 1 16 1 1 2 3 1 7 1 6 |1 1 19 1 6 1 1 8 12 4 1 1 1 4 1 1 |1 5 5 1 1 8 1 1 7 5 3 2 5 1 1 1 |1 8 1 1 1 3 1 1 3 1 1 2 1 6 3 14 |1 1 4 2 1 1 1 1 1 2 2 9 2 1 1 1 |1 12 1 1 11 1 2 6 9 1 1 1 1 1 4 17 |5 6 1 15 10 1 1 1 5 1 1 9 3 3 3 1 |1 2 6 3 2 1 1 1 1 1 13 1 6 2 2 11 |2 1 8 1 2 1 2 7 2 8 15 1 1 1 5 14 |1 1 1 6 1 1 1 1 5 1 1 1 4 1 16 17 |
3487: 1 8 7 1 1 1 1 1 1 3 1 1 13 1 17 19 |1 1 1 2 1 1 2 2 1 1 2 15 1 1 3 1 |1 1 7 1 1 1 1 16 1 1 2 3 1 7 1 6 |1 1 19 1 6 1 1 8 12 4 1 1 1 4 1 1 |1 5 5 1 1 8 1 1 7 5 3 2 5 1 1 1 |1 8 1 1 1 3 1 1 3 1 1 2 1 6 3 14 |1 1 4 2 1 1 1 1 1 2 2 9 2 1 1 1 |1 12 1 1 11 1 2 6 9 1 1 1 1 1 4 17 |5 6 1 15 10 1 1 1 5 1 1 9 3 3 3 1 |1 2 6 3 2 1 1 1 1 1 13 1 6 2 2 11 |2 1 8 1 2 1 2 7 2 8 15 1 1 1 5 14 |1 1 1 6 1 1 1 1 5 1 1 1 4 1 16 17 |
3498: 1 8 7 1 1 1 1 1 1 3 1 1 13 1 17 19 |1 1 1 2 1 1 2 2 1 1 2 15 1 1 3 1 |1 1 7 1 1 1 1 16 1 1 2 3 1 7 1 6 |1 1 19 1 6 1 1 8 12 4 1 1 1 4 1 1 |1 5 5 1 1 8 1 1 7 5 3 2 5 1 1 1 |1 8 1 1 1 3 1 1 3 1 1 2 1 6 3 14 |4 2 15 5 3 1 1 2 2 1 16 11 16 1 1 1 |1 12 1 1 11 1 2 6 9 1 1 1 1 1 4 17 |5 6 1 15 10 1 1 1 5 1 1 9 3 3 3 1 |1 2 6 3 2 1 1 1 1 1 13 1 6 2 2 11 |2 1 8 1 2 1 2 7 2 8 15 1 1 1 5 14 |1 1 1 6 1 1 1 1 5 1 1 1 4 1 16 17 |
3509: 1 8 7 1 1 1 1 1 1 3 1 1 13 1 17 19 |1 1 1 2 1 1 2 2 1 1 2 15 1 1 3 1 |1 1 7 1 1 1 1 16 1 1 2 3 1 7 1 6 |1 1 19 1 6 1 1 8 12 4 1 1 1 4 1 1 |1 5 5 1 1 8 1 1 7 5 3 2 5 1 1 1 |1 8 1 1 1 3 1 1 3 1 1 2 1 6 3 14 |4 2 15 5 3 1 1 2 2 1 16 11 16 1 1 1 |1 12 1 1 11 1 2 6 9 1 1 1 1 1 4 17 |5 6 1 15 10 1 1 1 5 1 1 9 3 3 3 1 |1 2 6 3 2 1 1 1 1 1 13 1 6 2 2 11 |2 1 8 1 2 1 2 7 2 8 15 1 1 1 5 14 |1 1 1 6 1 1 1 1 5 1 1 1 4 1 16 17 |
3520: 1 8 7 1 1 1 1 1 1 3 1 1 13 1 17 19 |1 1 1 2 1 1 2 2 1 1 2 15 1 1 3 1 |1 1 7 1 1 1 1 16 1 1 2 3 1 7 1 6 |1 1 19 1 6 1 1 8 12 4 1 1 1 4 1 1 |1 5 5 1 1 8 1 1 7 5 3 2 5 1 1 1 |1 8 1 1 1 3 1 1 3 1 1 2 1 6 3 14 |4 2 15 5 3 1 1 2 2 1 16 11 16 1 1 1 |1 12 1 1 11 1 2 6 9 1 1 1 1 1 4 17 |5 6 1 15 10 1 1 1 5 1 1 9 3 3 3 1 |1 2 6 3 2 1 1 1 1 1 13 1 6 2 2 11 |2 1 8 1 2 1 2 7 2 8 15 1 1 1 5 14 |1 1 1 6 1 1 1 1 5 1 1 1 4 1 16 17 |
3531: 1 8 7 1 1 1 1 1 1 3 1 1 13 1 17 19 |1 1 1 2 1 1 2 2 1 1 2 15 1 1 3 1 |1 1 7 1 1 1 1 16 1 1 2 3 1 7 1 6 |1 1 19 1 6 1 1 8 12 4 1 1 1 4 1 1 |1 5 5 1 1 8 1 1 7 5 3 2 5 1 1 1 |1 8 1 1 1 3 1 1 3 1 1 2 1 6 3 14 |4 2 15 5 3 1 1 2 2 1 16 11 16 1 1 1 |1 12 1 1 11 1 2 6 9 1 1 1 1 1 4 17 |5 6 1 15 10 1 1 1 5 1 1 9 3 3 3 1 |1 2 6 3 2 1 1 1 1 1 13 1 6 2 2 11 |2 1 8 1 2 1 2 7 2 8 15 1 1 1 5 14 |1 1 1 6 1 1 1 1 5 1 1 1 4 1 16 17 |
3542: 1 8 7 1 1 1 1 1 1 3 1 1 13 1 17 19 |1 1 1 2 1 1 2 2 1 1 2 15 1 1 3 1 |1 1 7 1 1 1 1 16 1 1 2 3 1 7 1 6 |1 1 19 1 6 1 1 8 12 4 1 1 1 4 1 1 |1 5 5 1 1 8 1 1 7 5 3 2 5 1 1 1 |1 8 1 1 1 3 1 1 3 1 1 2 1 6 3 14 |4 2 15 5 3 1 1 2 2 1 16 11 16 1 1 1 |1 12 1 1 11 1 2 6 9 1 1 1 1 1 4 17 |5 6 1 15 10 1 1 1 5 1 1 9 3 3 3 1 |1 2 6 3 2 1 1 1 1 1 13 1 6 2 2 11 |2 1 8 1 2 1 2 7 2 8 15 1 1 1 5 14 |1 1 1 6 1 1 1 1 5 1 1 1 4 1 16 17 |
3553: 1 8 7 1 1 1 1 1 1 3 1 1 13 1 17 19 |1 1 1 2 1 1 2 2 1 1 2 15 1 1 3 1 |1 1 7 1 1 1 1 16 1 1 2 3 1 7 1 6 |1 1 19 1 6 1 1 8 12 4 1 1 1 4 1 1 |1 5 5 1 1 8 1 1 7 5 3 2 5 1 1 1 |1 8 1 1 1 3 1 1 3 1 1 2 1 6 3 14 |4 2 15 5 3 1 1 2 2 1 16 11 16 1 1 1 |1 12 1 1 11 1 2 6 9 1 1 1 1 1 4 17 |5 6 1 15 10 1 1 1 5 1 1 9 3 3 3 1 |1 2 6 3 2 1 1 1 1 1 13 1 6 2 2 11 |2 1 8 1 2 1 2 7 2 8 15 1 1 1 5 14 |1 1 1 6 1 1 1 1 5 1 1 1 4 1 16 17 |
3564: 1 8 7 1 1 1 1 1 1 3 1 1 13 1 17 19 |1 1 1 2 1 1 2 2 1 1 2 15 1 1 3 1 |1 1 7 1 1 1 1 16 1 1 2 3 1 7 1 6 |1 1 19 1 6 1 1 8 12 4 1 1 1 4 1 1 |1 5 5 1 1 8 1 1 7 5 3 2 5 1 1 1 |1 21 1 5 1 5 1 13 6 1 1 1 10 10 1 21 |4 2 15 5 3 1 1 2 2 1 16 11 16 1 1 1 |1 12 1 1 11 1 2 6 9 1 1 1 1 1 4 17 |5 6 1 15 10 1 1 1 5 1 1 9 3 3 3 1 |1 2 6 3 2 1 1 1 1 1 13 1 6 2 2 11 |2 1 8 1 2 1 2 7 2 8 15 1 1 1 5 14 |1 1 1 6 1 1 1 1 5 1 1 1 4 1 16 17 |
3575: 1 8 7 1 1 1 1 1 1 3 1 1 13 1 17 19 |1 1 1 2 1 1 2 2 1 1 2 15 1 1 3 1 |1 1 7 1 1 1 1 16 1 1 2 3 1 7 1 6 |1 1 19 1 6 1 1 8 12 4 1 1 1 4 1 1 |1 5 5 1 1 8 1 1 7 5 3 2 5 1 1 1 |1 21 1 5 1 5 1 13 6 1 1 1 10 10 1 21 |4 2 15 5 3 1 1 2 2 1 16 11 16 1 1 1 |1 12 1 1 11 1 2 6 9 1 1 1 1 1 4 17 |5 6 1 15 10 1 1 1 5 1 1 9 3 3 3 1 |1 2 6 3 2 1 1 1 1 1 13 1 6 2 2 11 |2 1 8 1 2 1 2 7 2 8 15 1 1 1 5 14 |1 1 1 6 1 1 1 1 5 1 1 1 4 1 16 17 |
3586: 1 8 7 1 1 1 1 1 1 3 1 1 13 1 17 19 |1 1 1 2 1 1 2 2 1 1 2 15 1 1 3 1 |1 1 7 1 1 1 1 16 1 1 2 3 1 7 1 6 |1 1 19 1 6 1 1 8 12 4 1 1 1 4 1 1 |1 5 5 1 1 8 1 1 7 5 3 2 5 1 1 1 |1 21 1 5 1 5 1 13 6 1 1 1 10 10 1 21 |4 2 15 5 3 1 1 2 2 1 16 11 16 1 1 1 |1 12 1 1 11 1 2 6 9 1 1 1 1 1 4 17 |5 6 1 15 10 1 1 1 5 1 1 9 3 3 3 1 |1 2 6 3 2 1 1 1 1 1 13 1 6 2 2 11 |2 1 8 1 2 1 2 7 2 8 15 1 1 1 5 14 |1 1 1 6 1 1 1 1 5 1 1 1 4 1 16 17 |
3597: 1 8 7 1 1 1 1 1 1 3 1 1 13 1 17 19 |1 1 1 2 1 1 2 2 1 1 2 15 1 1 3 1 |1 1 7 1 1 1 1 16 1 1 2 3 1 7 1 6 |1 1 19 1 6 1 1 8 12 4 1 1 1 4 1 1 |1 5 5 1 1 8 1 1 7 5 3 2 5 1 1 1 |1 20 1 6 1 6 1 13 5 1 1 1 10 1 1 8 |4 2 15 5 3 1 1 2 2 1 16 11 16 1 1 1 |1 12 1 1 11 1 2 6 9 1 1 1 1 1 4 17 |5 6 1 15 10 1 1 1 5 1 1 9 3 3 3 1 |1 2 6 3 2 1 1 1 1 1 13 1 6 2 2 11 |2 1 8 1 2 1 2 7 2 8 15 1 1 1 5 14 |1 1 1 6 1 1 1 1 5 1 1 1 4 1 16 17 |
3608: 1 8 7 1 1 1 1 1 1 3 1 1 13 1 17 19 |1 1 1 2 1 1 2 2 1 1 2 15 1 1 3 1 |1 1 7 1 1 1 1 16 1 1 2 3 1 7 1 6 |1 1 19 1 6 1 1 8 12 4 1 1 1 4 1 1 |1 5 5 1 1 8 1 1 7 5 3 2 5 1 1 1 |1 20 1 6 1 6 1 13 5 1 1 1 10 1 1 8 |4 2 15 5 3 1 1 2 2 1 16 11 16 1 1 1 |1 12 1 1 11 1 2 6 9 1 1 1 1 1 4 17 |5 6 1 15 10 1 1 1 5 1 1 9 3 3 3 1 |1 2 6 3 2 1 1 1 1 1 13 1 6 2 2 11 |2 1 8 1 2 1 2 7 2 8 15 1 1 1 5 14 |1 1 1 6 1 1 1 1 5 1 1 1 4 1 16 17 |
3619: 1 8 7 1 1 1 1 1 1 3 1 1 13 1 17 19 |1 1 1 2 1 1 2 2 1 1 2 15 1 1 3 1 |1 1 7 1 1 1 1 16 1 1 2 3 1 7 1 6 |1 1 19 1 6 1 1 8 12 4 1 1 1 4 1 1 |1 5 5 1 1 8 1 1 7 5 3 2 5 1 1 1 |1 20 1 6 1 6 1 13 5 1 1 1 10 1 1 8 |4 2 15 5 3 1 1 2 2 1 16 11 16 1 1 1 |1 12 1 1 11 1 2 6 9 1 1 1 1 1 4 17 |5 6 1 15 10 1 1 1 5 1 1 9 3 3 3 1 |1 2 6 3 2 1 1 1 1 1 13 1 6 2 2 11 |2 1 8 1 2 1 2 7 2 8 15 1 1 1 5 14 |1 1 1 6 1 1 1 1 5 1 1 1 4 1 16 17 |
3630: 1 8 7 1 1 1 1 1 1 3 1 1 13 1 17 19 |1 1 1 2 1 1 2 2 1 1 2 15 1 1 3 1 |1 1 7 1 1 1 1 16 1 1 2 3 1 7 1 6 |1 1 19 1 6 1 1 8 12 4 1 1 1 4 1 1 |1 5 5 1 1 8 1 1 7 5 3 2 5 1 1 1 |1 20 1 6 1 6 1 13 5 1 1 1 10 1 1 8 |4 2 15 5 3 1 1 2 2 1 16 11 16 1 1 1 |1 12 1 1 11 1 2 6 9 1 1 1 1 1 4 17 |5 6 1 15 10 1 1 1 5 1 1 9 3 3 3 1 |1 2 6 3 2 1 1 1 1 1 13 1 6 2 2 11 |2 1 8 1 2 1 2 7 2 8 15 1 1 1 5 14 |1 1 1 6 1 1 1 1 5 1 1 1 4 1 16 17 |
3641: 1 8 7 1 1 1 1 1 1 3 1 1 13 1 17 19 |1 1 1 2 1 1 2 2 1 1 2 15 1 1 3 1 |1 1 7 1 1 1 1 16 1 1 2 3 1 7 1 6 |1 1 19 1 6 1 1 8 12 4 1 1 1 4 1 1 |1 5 5 1 1 8 1 1 7 5 3 2 5 1 1 1 |1 20 1 6 1 6 1 13 5 1 1 1 10 1 1 8 |4 2 15 5 3 1 1 2 2 1 16 11 16 1 1 1 |1 12 1 1 11 1 2 6 9 1 1 1 1 1 4 17 |5 6 1 15 10 1 1 1 5 1 1 9 3 3 3 1 |1 2 6 3 2 1 1 1 1 1 13 1 6 2 2 11 |2 1 8 1 2 1 2 7 2 8 15 1 1 1 5 14 |1 1 1 6 1 1 1 1 5 1 1 1 4 1 16 17 |
3652: 1 8 7 1 1 1 1 1 1 3 1 1 13 1 17 19 |1 1 1 2 1 1 2 2 1 1 2 15 1 1 3 1 |1 1 7 1 1 1 1 16 1 1 2 3 1 7 1 6 |1 1 19 1 6 1 1 8 12 4 1 1 1 4 1 1 |1 5 5 1 1 8 1 1 7 5 3 2 5 1 1 1 |1 20 1 6 1 6 1 13 5 1 1 1 10 1 1 8 |4 2 15 5 3 1 1 2 2 1 16 11 16 1 1 1 |1 12 1 1 11 1 2 6 9 1 1 1 1 1 4 17 |5 6 1 15 10 1 1 1 5 1 1 9 3 3 3 1 |1 2 6 3 2 1 1 1 1 1 13 1 6 2 2 11 |2 1 8 1 2 1 2 7 2 8 15 1 1 1 5 14 |1 1 1 6 1 1 1 1 5 1 1 1 4 1 16 17 |
3663: 1 8 7 1 1 1 1 1 1 3 1 1 13 1 17 19 |1 1 1 2 1 1 2 2 1 1 2 15 1 1 3 1 |1 1 7 1 1 1 1 16 1 1 2 3 1 7 1 6 |1 1 19 1 6 1 1 8 12 4 1 1 1 4 1 1 |1 5 5 1 1 8 1 1 7 5 3 2 5 1 1 1 |1 20 1 6 1 6 1 13 5 1 1 1 10 1 1 8 |4 2 15 5 3 1 1 2 2 1 16 11 16 1 1 1 |1 12 1 1 11 1 2 6 9 1 1 1 1 1 4 17 |5 6 1 15 10 1 1 1 5 1 1 9 3 3 3 1 |1 2 6 3 2 1 1 1 1 1 13 1 6 2 2 11 |2 1 8 1 2 1 2 7 2 8 15 1 1 1 5 14 |1 1 1 6 1 1 1 1 5 1 1 1 4 1 16 17 |
3674: 1 8 7 1 1 1 1 1 1 3 1 1 13 1 17 19 |1 1 1 2 1 1 2 2 1 1 2 15 1 1 3 1 |1 1 7 1 1 1 1 16 1 1 2 3 1 7 1 6 |1 1 19 1 6 1 1 8 12 4 1 1 1 4 1 1 |1 5 5 1 1 8 1 1 7 5 3 2 5 1 1 1 |1 20 1 6 1 6 1 13 5 1 1 1 10 1 1 8 |4 2 15 5 3 1 1 2 2 1 16 11 16 1 1 1 |1 12 1 1 11 1 2 6 9 1 1 1 1 1 4 17 |5 6 1 15 10 1 1 1 5 1 1 9 3 3 3 1 |1 2 6 3 2 1 1 1 1 1 13 1 6 2 2 11 |2 1 8 1 2 1 2 7 2 8 15 1 1 1 5 14 |1 1 1 6 1 1 1 1 5 1 1 1 4 1 16 17 |
3685: 1 8 7 1 1 1 1 1 1 3 1 1 13 1 17 19 |1 1 1 2 1 1 2 2 1 1 2 15 1 1 3 1 |1 1 7 1 1 1 1 16 1 1 2 3 1 7 1 6 |1 1 19 1 6 1 1 8 12 4 1 1 1 4 1 1 |1 5 5 1 1 8 1 1 7 5 3 2 5 1 1 1 |1 20 1 6 1 6 1 13 5 1 1 1 10 1 1 8 |4 2 15 5 3 1 1 2 2 1 16 11 16 1 1 1 |1 12 1 1 11 1 2 6 9 1 1 1 1 1 4 17 |5 6 1 15 10 1 1 1 5 1 1 9 3 3 3 1 |1 2 6 3 2 1 1 1 1 1 13 1 6 2 2 11 |2 1 8 1 2 1 2 7 2 8 15 1 1 1 5 14 |1 1 1 6 1 1 1 1 5 1 1 1 4 1 16 17 |
3696: 1 8 7 1 1 1 1 1 1 3 1 1 13 1 17 19 |1 1 1 2 1 1 2 2 1 1 2 15 1 1 3 1 |1 1 7 1 1 1 1 16 1 1 2 3 1 7 1 6 |1 1 19 1 6 1 1 8 12 4 1 1 1 4 1 1 |1 5 5 1 1 8 1 1 7 5 3 2 5 1 1 1 |1 20 1 6 1 6 1 13 5 1 1 1 10 1 1 8 |4 2 15 5 3 1 1 2 2 1 16 11 16 1 1 1 |1 12 1 1 11 1 2 6 9 1 1 1 1 1 4 17 |5 6 1 15 10 1 1 1 5 1 1 9 3 3 3 1 |1 2 6 3 2 1 1 1 1 1 13 1 6 2 2 11 |2 1 8 1 2 1 2 7 2 8 15 1 1 1 5 14 |1 1 1 6 1 1 1 1 5 1 1 1 4 1 16 17 |
3707: 1 8 7 1 1 1 1 1 1 3 1 1 13 1 17 19 |1 1 1 2 1 1 2 2 1 1 2 15 1 1 3 1 |1 1 7 1 1 1 1 16 1 1 2 3 1 7 1 6 |1 1 19 1 6 1 1 8 12 4 1 1 1 4 1 1 |1 5 5 1 1 8 1 1 7 5 3 2 5 1 1 1 |1 20 1 6 1 6 1 13 5 1 1 1 10 1 1 8 |4 2 15 5 3 1 1 2 2 1 16 11 16 1 1 1 |1 12 1 1 11 1 2 6 9 1 1 1 1 1 4 17 |5 6 1 15 10 1 1 1 5 1 1 9 3 3 3 1 |1 2 6 3 2 1 1 1 1 1 13 1 6 2 2 11 |2 1 8 1 2 1 2 7 2 8 15 1 1 1 5 14 |1 1 1 6 1 1 1 1 5 1 1 1 4 1 16 17 |
3717: 1 8 7 1 1 1 1 1 1 3 1 1 13 1 17 19 |1 1 1 2 1 1 2 2 1 1 2 15 1 1 3 1 |1 1 7 1 1 1 1 16 1 1 2 3 1 7 1 6 |1 1 19 1 6 1 1 8 12 4 1 1 1 4 1 1 |1 5 5 1 1 8 1 1 7 5 3 2 5 1 1 1 |1 20 1 6 1 6 1 13 5 1 1 1 10 1 1 8 |4 2 15 5 3 1 1 2 2 1 16 11 16 1 1 1 |1 12 1 1 11 1 2 6 9 1 1 1 1 1 4 17 |5 6 1 15 10 1 1 1 5 1 1 9 3 3 3 1 |1 2 6 3 2 1 1 1 1 1 13 1 6 2 2 11 |2 1 8 1 2 1 2 7 2 8 15 1 1 1 5 14 |1 1 1 6 1 1 1 1 5 1 1 1 4 1 16 17 |
3728: 1 8 7 1 1 1 1 1 1 3 1 1 13 1 17 19 |1 1 1 2 1 1 2 2 1 1 2 15 1 1 3 1 |3 1 9 12 7 1 5 18 3 1 1 1 7 2 1 9 |1 1 19 1 6 1 1 8 12 4 1 1 1 4 1 1 |1 5 5 1 1 8 1 1 7 5 3 2 5 1 1 1 |1 20 1 6 1 6 1 13 5 1 1 1 10 1 1 8 |4 2 15 5 3 1 1 2 2 1 16 11 16 1 1 1 |1 12 1 1 11 1 2 6 9 1 1 1 1 1 4 17 |5 6 1 15 10 1 1 1 5 1 1 9 3 3 3 1 |1 2 6 3 2 1 1 1 1 1 13 1 6 2 2 11 |2 1 8 1 2 1 2 7 2 8 15 1 1 1 5 14 |1 1 1 6 1 1 1 1 5 1 1 1 4 1 16 17 |
3739: 1 8 7 1 1 1 1 1 1 3 1 1 13 1 17 19 |1 1 1 2 1 1 2 2 1 1 2 15 1 1 3 1 |3 1 9 12 7 1 5 18 3 1 1 1 7 2 1 9 |1 7 8 1 15 1 1 18 1 9 13 4 1 1 1 1 |1 5 5 1 1 8 1 1 7 5 3 2 5 1 1 1 |1 20 1 6 1 6 1 13 5 1 1 1 10 1 1 8 |4 2 15 5 3 1 1 2 2 1 16 11 16 1 1 1 |1 12 1 1 11 1 2 6 9 1 1 1 1 1 4 17 |5 6 1 15 10 1 1 1 5 1 1 9 3 3 3 1 |1 2 6 3 2 1 1 1 1 1 13 1 6 2 2 11 |2 1 8 1 2 1 2 7 2 8 15 1 1 1 5 14 |1 1 1 6 1 1 1 1 5 1 1 1 4 1 16 17 |
3750: 1 8 7 1 1 1 1 1 1 3 1 1 13 1 17 19 |1 1 1 2 1 1 2 2 1 1 2 15 1 1 3 1 |3 1 9 12 7 1 5 18 3 1 1 1 7 2 1 9 |1 7 8 1 15 1 1 18 1 9 13 4 1 1 1 1 |1 5 5 1 1 8 1 1 7 5 3 2 5 1 1 1 |1 20 1 6 1 6 1 13 5 1 1 1 10 1 1 8 |4 2 15 5 3 1 1 2 2 1 16 11 16 1 1 1 |1 12 1 1 11 1 2 6 9 1 1 1 1 1 4 17 |5 6 1 15 10 1 1 1 5 1 1 9 3 3 3 1 |1 2 6 3 2 1 1 1 1 1 13 1 6 2 2 11 |2 1 8 1 2 1 2 7 2 8 15 1 1 1 5 14 |1 1 1 6 1 1 1 1 5 1 1 1 4 1 16 17 |
3761: 1 8 7 1 1 1 1 1 1 3 1 1 13 1 17 19 |15 3 2 3 2 1 1 1 1 1 4 13 16 1 1 1 |3 1 9 12 7 1 5 18 3 1 1 1 7 2 1 9 |1 7 8 1 15 1 1 18 1 9 13 4 1 1 1 1 |1 5 5 1 1 8 1 1 7 5 3 2 5 1 1 1 |1 20 1 6 1 6 1 13 5 1 1 1 10 1 1 8 |4 2 15 5 3 1 1 2 2 1 16 11 16 1 1 1 |1 12 1 1 11 1 2 6 9 1 1 1 1 1 4 17 |5 6 1 15 10 1 1 1 5 1 1 9 3 3 3 1 |1 2 6 3 2 1 1 1 1 1 13 1 6 2 2 11 |2 1 8 1 2 1 2 7 2 8 15 1 1 1 5 14 |1 1 1 6 1 1 1 1 5 1 1 1 4 1 16 17 |
3772: 1 8 7 1 1 1 1 1 1 3 1 1 13 1 17 19 |15 3 2 3 2 1 1 1 1 1 4 13 16 1 1 1 |3 1 9 12 7 1 5 18 3 1 1 1 7 2 1 9 |1 7 8 1 15 1 1 18 1 9 13 4 1 1 1 1 |1 5 5 1 1 8 1 1 7 5 3 2 5 1 1 1 |1 20 1 6 1 6 1 13 5 1 1 1 10 1 1 8 |4 2 15 5 3 1 1 2 2 1 16 11 16 1 1 1 |1 12 1 1 11 1 2 6 9 1 1 1 1 1 4 17 |5 6 1 15 10 1 1 1 5 1 1 9 3 3 3 1 |1 2 6 3 2 1 1 1 1 1 13 1 6 2 2 11 |2 1 8 1 2 1 2 7 2 8 15 1 1 1 5 14 |5 1 1 21 1 8 9 3 13 1 1 4 1 8 18 10 |
3783: 1 8 7 1 1 1 1 1 1 3 1 1 13 1 17 19 |15 3 2 3 2 1 1 1 1 1 4 13 16 1 1 1 |3 1 9 12 7 1 5 18 3 1 1 1 7 2 1 9 |1 7 8 1 15 1 1 18 1 9 13 4 1 1 1 1 |1 5 5 1 1 8 1 1 7 5 3 2 5 1 1 1 |1 20 1 6 1 6 1 13 5 1 1 1 10 1 1 8 |4 2 15 5 3 1 1 2 2 1 16 11 16 1 1 1 |1 12 1 1 11 1 2 6 9 1 1 1 1 1 4 17 |5 6 1 15 10 1 1 1 5 1 1 9 3 3 3 1 |1 2 6 3 2 1 1 1 1 1 13 1 6 2 2 11 |2 1 8 1 2 1 2 7 2 8 15 1 1 1 5 14 |5 1 1 21 1 8 9 3 13 1 1 4 1 8 18 10 |
3794: 1 8 7 1 1 1 1 1 1 3 1 1 13 1 17 19 |15 3 2 3 2 1 1 1 1 1 4 13 16 1 1 1 |3 1 9 12 7 1 5 18 3 1 1 1 7 2 1 9 |1 7 8 1 15 1 1 18 1 9 13 4 1 1 1 1 |1 5 5 1 1 8 1 1 7 5 3 2 5 1 1 1 |1 20 1 6 1 6 1 13 5 1 1 1 10 1 1 8 |4 2 15 5 3 1 1 2 2 1 16 11 16 1 1 1 |1 12 1 1 11 1 2 6 9 1 1 1 1 1 4 17 |5 6 1 15 10 1 1 1 5 1 1 9 3 3 3 1 |1 2 6 3 2 1 1 1 1 1 13 1 6 2 2 11 |2 1 8 1 2 1 2 7 2 8 15 1 1 1 5 14 |5 1 1 21 1 8 9 3 13 1 1 4 1 8 18 10 |
3805: 1 8 7 1 1 1 1 1 1 3 1 1 13 1 17 19 |15 3 2 3 2 1 1 1 1 1 4 13 16 1 1 1 |3 1 9 12 7 1 5 18 3 1 1 1 7 2 1 9 |1 7 8 1 15 1 1 18 1 9 13 4 1 1 1 1 |1 5 5 1 1 8 1 1 7 5 3 2 5 1 1 1 |1 20 1 6 1 6 1 13 5 1 1 1 10 1 1 8 |4 2 15 5 3 1 1 2 2 1 16 11 16 1 1 1 |1 12 1 1 11 1 2 6 9 1 1 1 1 1 4 17 |5 6 1 15 10 1 1 1 5 1 1 9 3 3 3 1 |5 8 13 8 1 1 1 1 1 4 14 7 1 3 10 37 |2 1 8 1 2 1 2 7 2 8 15 1 1 1 5 14 |5 1 1 21 1 8 9 3 13 1 1 4 1 8 18 10 |
3816: 1 8 7 1 1 1 1 1 1 3 1 1 13 1 17 19 |15 3 2 3 2 1 1 1 1 1 4 13 16 1 1 1 |3 1 9 12 7 1 5 18 3 1 1 1 7 2 1 9 |1 7 8 1 15 1 1 18 1 9 13 4 1 1 1 1 |1 5 5 1 1 8 1 1 7 5 3 2 5 1 1 1 |1 20 1 6 1 6 1 13 5 1 1 1 10 1 1 8 |4 2 15 5 3 1 1 2 2 1 16 11 16 1 1 1 |1 12 1 1 11 1 2 6 9 1 1 1 1 1 4 17 |5 6 1 15 10 1 1 1 5 1 1 9 3 3 3 1 |5 8 13 8 1 1 1 1 1 4 14 7 1 3 10 37 |2 1 8 1 2 1 2 7 2 8 15 1 1 1 5 14 |5 1 1 21 1 8 9 3 13 1 1 4 1 8 18 10 |
3827: 1 1 15 1 1 1 1 1 5 1 1 4 7 4 16 16 |15 3 2 3 2 1 1 1 1 1 4 13 16 1 1 1 |3 1 9 12 7 1 5 18 3 1 1 1 7 2 1 9 |1 7 8 1 15 1 1 18 1 9 13 4 1 1 1 1 |1 5 5 1 1 8 1 1 7 5 3 2 5 1 1 1 |1 20 1 6 1 6 1 13 5 1 1 1 10 1 1 8 |4 2 15 5 3 1 1 2 2 1 16 11 16 1 1 1 |1 12 1 1 11 1 2 6 9 1 1 1 1 1 4 17 |5 6 1 15 10 1 1 1 5 1 1 9 3 3 3 1 |5 8 13 8 1 1 1 1 1 4 14 7 1 3 10 37 |2 1 8 1 2 1 2 7 2 8 15 1 1 1 5 14 |5 1 1 21 1 8 9 3 13 1 1 4 1 8 18 10 |
3838: 1 1 15 1 1 1 1 1 5 1 1 4 7 4 16 16 |15 3 2 3 2 1 1 1 1 1 4 13 16 1 1 1 |3 1 9 12 7 1 5 18 3 1 1 1 7 2 1 9 |1 7 8 1 15 1 1 18 1 9 13 4 1 1 1 1 |1 5 5 1 1 8 1 1 7 5 3 2 5 1 1 1 |1 20 1 6 1 6 1 13 5 1 1 1 10 1 1 8 |4 2 15 5 3 1 1 2 2 1 16 11 16 1 1 1 |1 12 1 1 11 1 2 6 9 1 1 1 1 1 4 17 |5 6 1 15 10 1 1 1 5 1 1 9 3 3 3 1 |5 8 13 8 1 1 1 1 1 4 14 7 1 3 10 37 |1 3 9 9 15 12 3 1 4 17 10 1 16 1 20 20 |5 1 1 21 1 8 9 3 13 1 1 4 1 8 18 10 |
3849: 1 1 15 1 1 1 1 1 5 1 1 4 7 4 16 16 |15 3 2 3 2 1 1 1 1 1 4 13 16 1 1 1 |3 1 9 12 7 1 5 18 3 1 1 1 7 2 1 9 |1 7 8 1 15 1 1 18 1 9 13 4 1 1 1 1 |1 5 5 1 1 8 1 1 7 5 3 2 5 1 1 1 |1 20 1 6 1 6 1 13 5 1 1 1 10 1 1 8 |4 2 15 5 3 1 1 2 2 1 16 11 16 1 1 1 |1 12 1 1 11 1 2 6 9 1 1 1 1 1 4 17 |5 6 1 15 10 1 1 1 5 1 1 9 3 3 3 1 |5 8 13 8 1 1 1 1 1 4 14 7 1 3 10 37 |1 3 9 9 15 12 3 1 4 17 10 1 16 1 20 20 |5 1 1 21 1 8 9 3 13 1 1 4 1 8 18 10 |
3860: 1 1 15 1 1 1 1 1 5 1 1 4 7 4 16 16 |16 7 1 4 1 1 1 1 1 1 3 14 15 1 1 1 |3 1 9 12 7 1 5 18 3 1 1 1 7 2 1 9 |1 7 8 1 15 1 1 18 1 9 13 4 1 1 1 1 |1 5 5 1 1 8 1 1 7 5 3 2 5 1 1 1 |1 20 1 6 1 6 1 13 5 1 1 1 10 1 1 8 |4 2 15 5 3 1 1 2 2 1 16 11 16 1 1 1 |1 12 1 1 11 1 2 6 9 1 1 1 1 1 4 17 |5 6 1 15 10 1 1 1 5 1 1 9 3 3 3 1 |5 8 13 8 1 1 1 1 1 4 14 7 1 3 10 37 |1 3 9 9 15 12 3 1 4 17 10 1 16 1 20 20 |5 1 1 21 1 8 9 3 13 1 1 4 1 8 18 10 |
3871: 1 1 15 1 1 1 1 1 5 1 1 4 7 4 16 16 |16 7 1 4 1 1 1 1 1 1 3 14 15 1 1 1 |3 1 9 12 7 1 5 18 3 1 1 1 7 2 1 9 |1 7 8 1 15 1 1 18 1 9 13 4 1 1 1 1 |1 5 5 1 1 8 1 1 7 5 3 2 5 1 1 1 |1 20 1 6 1 6 1 13 5 1 1 1 10 1 1 8 |4 2 15 5 3 1 1 2 2 1 16 11 16 1 1 1 |1 12 1 1 11 1 2 6 9 1 1 1 1 1 4 17 |1 8 1 16 4 1 7 2 16 2 2 12 1 1 1 12 |5 8 13 8 1 1 1 1 1 4 14 7 1 3 10 37 |1 3 9 9 15 12 3 1 4 17 10 1 16 1 20 20 |5 1 1 21 1 8 9 3 13 1 1 4 1 8 18 10 |
3882: 1 1 15 1 1 1 1 1 5 1 1 4 7 4 16 16 |16 7 1 4 1 1 1 1 1 1 3 14 15 1 1 1 |3 1 9 12 7 1 5 18 3 1 1 1 7 2 1 9 |1 7 8 1 15 1 1 18 1 9 13 4 1 1 1 1 |1 5 5 1 1 8 1 1 7 5 3 2 5 1 1 1 |1 20 1 6 1 6 1 13 5 1 1 1 10 1 1 8 |4 2 15 5 3 1 1 2 2 1 16 11 16 1 1 1 |1 12 1 1 11 1 2 6 9 1 1 1 1 1 4 17 |1 8 1 16 4 1 7 2 16 2 2 12 1 1 1 12 |5 8 13 8 1 1 1 1 1 4 14 7 1 3 10 37 |1 3 9 9 15 12 3 1 4 17 10 1 16 1 20 20 |5 1 1 21 1 8 9 3 13 1 1 4 1 8 18 10 |
3893: 1 1 15 1 1 1 1 1 5 1 1 4 7 4 16 16 |16 7 1 4 1 1 1 1 1 1 3 14 15 1 1 1 |3 1 9 12 7 1 5 18 3 1 1 1 7 2 1 9 |1 7 8 1 15 1 1 18 1 9 13 4 1 1 1 1 |1 5 5 1 1 8 1 1 7 5 3 2 5 1 1 1 |1 20 1 6 1 6 1 13 5 1 1 1 10 1 1 8 |4 2 15 5 3 1 1 2 2 1 16 11 16 1 1 1 |1 12 1 1 11 1 2 6 9 1 1 1 1 1 4 17 |1 8 1 16 4 1 7 2 16 2 2 12 1 1 1 12 |5 8 13 8 1 1 1 1 1 4 14 7 1 3 10 37 |1 3 9 9 15 12 3 1 4 17 10 1 16 1 20 20 |5 1 1 21 1 8 9 3 13 1 1 4 1 8 18 10 |
3904: 1 1 15 1 1 1 1 1 5 1 1 4 7 4 16 16 |16 7 1 4 1 1 1 1 1 1 3 14 15 1 1 1 |3 1 9 12 7 1 5 18 3 1 1 1 7 2 1 9 |1 7 8 1 15 1 1 18 1 9 13 4 1 1 1 1 |1 5 5 1 1 8 1 1 7 5 3 2 5 1 1 1 |1 20 1 6 1 6 1 13 5 1 1 1 10 1 1 8 |4 2 15 5 3 1 1 2 2 1 16 11 16 1 1 1 |1 12 1 1 11 1 2 6 9 1 1 1 1 1 4 17 |5 1 6 1 2 1 15 1 16 5 3 19 1 1 1 1 |5 8 13 8 1 1 1 1 1 4 14 7 1 3 10 37 |1 3 9 9 15 12 3 1 4 17 10 1 16 1 20 20 |5 1 1 21 1 8 9 3 13 1 1 4 1 8 18 10 |
3915: 1 1 15 1 1 1 1 1 5 1 1 4 7 4 16 16 |16 7 1 4 1 1 1 1 1 1 3 14 15 1 1 1 |3 1 9 12 7 1 5 18 3 1 1 1 7 2 1 9 |1 7 8 1 15 1 1 18 1 9 13 4 1 1 1 1 |1 5 5 1 1 8 1 1 7 5 3 2 5 1 1 1 |1 20 1 6 1 6 1 13 5 1 1 1 10 1 1 8 |4 2 15 5 3 1 1 2 2 1 16 11 16 1 1 1 |1 12 1 1 11 1 2 6 9 1 1 1 1 1 4 17 |5 1 6 1 2 1 15 1 16 5 3 19 1 1 1 1 |1 2 7 8 1 1 1 1 1 3 14 1 1 11 12 8 |1 3 9 9 15 12 3 1 4 17 10 1 16 1 20 20 |5 1 1 21 1 8 9 3 13 1 1 4 1 8 18 10 |
3926: 1 1 15 1 1 1 1 1 5 1 1 4 7 4 16 16 |1 6 3 1 1 1 1 1 1 1 3 15 16 1 1 6 |3 1 9 12 7 1 5 18 3 1 1 1 7 2 1 9 |1 7 8 1 15 1 1 18 1 9 13 4 1 1 1 1 |1 5 5 1 1 8 1 1 7 5 3 2 5 1 1 1 |1 20 1 6 1 6 1 13 5 1 1 1 10 1 1 8 |4 2 15 5 3 1 1 2 2 1 16 11 16 1 1 1 |1 12 1 1 11 1 2 6 9 1 1 1 1 1 4 17 |5 1 6 1 2 1 15 1 16 5 3 19 1 1 1 1 |1 2 7 8 1 1 1 1 1 3 14 1 1 11 12 8 |1 3 9 9 15 12 3 1 4 17 10 1 16 1 20 20 |5 1 1 21 1 8 9 3 13 1 1 4 1 8 18 10 |
3937: 1 1 15 1 1 1 1 1 5 1 1 4 7 4 16 16 |1 6 3 1 1 1 1 1 1 1 3 15 16 1 1 6 |3 1 8 2 10 1 3 15 4 1 3 1 7 8 1 9 |1 7 8 1 15 1 1 18 1 9 13 4 1 1 1 1 |1 5 5 1 1 8 1 1 7 5 3 2 5 1 1 1 |1 20 1 6 1 6 1 13 5 1 1 1 10 1 1 8 |4 2 15 5 3 1 1 2 2 1 16 11 16 1 1 1 |1 12 1 1 11 1 2 6 9 1 1 1 1 1 4 17 |5 1 6 1 2 1 15 1 16 5 3 19 1 1 1 1 |1 2 7 8 1 1 1 1 1 3 14 1 1 11 12 8 |1 3 9 9 15 12 3 1 4 17 10 1 16 1 20 20 |5 1 1 21 1 8 9 3 13 1 1 4 1 8 18 10 |
3948: 1 1 15 1 1 1 1 1 5 1 1 4 7 4 16 16 |1 6 3 1 1 1 1 1 1 1 3 15 16 1 1 6 |3 1 8 2 10 1 3 15 4 1 3 1 7 8 1 9 |1 7 8 1 15 1 1 18 1 9 13 4 1 1 1 1 |1 5 5 1 1 8 1 1 7 5 3 2 5 1 1 1 |1 20 1 6 1 6 1 13 5 1 1 1 10 1 1 8 |4 2 15 5 3 1 1 2 2 1 16 11 16 1 1 1 |1 12 1 1 11 1 2 6 9 1 1 1 1 1 4 17 |5 1 6 1 2 1 15 1 16 5 3 19 1 1 1 1 |1 2 7 8 1 1 1 1 1 3 14 1 1 11 12 8 |1 3 9 9 15 12 3 1 4 17 10 1 16 1 20 20 |5 1 1 21 1 8 9 3 13 1 1 4 1 8 18 10 |
3959: 1 1 15 1 1 1 1 1 5 1 1 4 7 4 16 16 |1 6 3 1 1 1 1 1 1 1 3 15 16 1 1 6 |3 1 8 2 10 1 3 15 4 1 3 1 7 8 1 9 |1 7 8 1 15 1 1 18 1 9 13 4 1 1 1 1 |1 5 5 1 1 8 1 1 7 5 3 2 5 1 1 1 |1 20 1 6 1 6 1 13 5 1 1 1 10 1 1 8 |4 2 15 5 3 1 1 2 2 1 16 11 16 1 1 1 |1 12 1 1 11 1 2 6 9 1 1 1 1 1 4 17 |5 1 6 1 2 1 15 1 16 5 3 19 1 1 1 1 |1 2 7 8 1 1 1 1 1 3 14 1 1 11 12 8 |1 3 9 9 15 12 3 1 4 17 10 1 16 1 20 20 |5 1 1 21 1 8 9 3 13 1 1 4 1 8 18 10 |
3970: 1 1 15 1 1 1 1 1 5 1 1 4 7 4 16 16 |1 6 3 1 1 1 1 1 1 1 3 15 16 1 1 6 |3 1 8 2 10 1 3 15 4 1 3 1 7 8 1 9 |1 7 8 1 15 1 1 18 1 9 13 4 1 1 1 1 |1 5 5 1 1 8 1 1 7 5 3 2 5 1 1 1 |1 20 1 6 1 6 1 13 5 1 1 1 10 1 1 8 |4 2 15 5 3 1 1 2 2 1 16 11 16 1 1 1 |4 6 1 1 1 2 9 7 15 2 2 2 2 1 4 12 |5 1 6 1 2 1 15 1 16 5 3 19 1 1 1 1 |1 2 7 8 1 1 1 1 1 3 14 1 1 11 12 8 |1 3 9 9 15 12 3 1 4 17 10 1 16 1 20 20 |5 1 1 21 1 8 9 3 13 1 1 4 1 8 18 10 |
3981: 1 1 15 1 1 1 1 1 5 1 1 4 7 4 16 16 |1 6 3 1 1 1 1 1 1 1 3 15 16 1 1 6 |3 1 8 2 10 1 3 15 4 1 3 1 7 8 1 9 |1 7 8 1 15 1 1 18 1 9 13 4 1 1 1 1 |1 5 5 1 1 8 1 1 7 5 3 2 5 1 1 1 |1 20 1 6 1 6 1 13 5 1 1 1 10 1 1 8 |4 2 15 5 3 1 1 2 2 1 16 11 16 1 1 1 |4 6 1 1 1 2 9 7 15 2 2 2 2 1 4 12 |5 1 6 1 2 1 15 1 16 5 3 19 1 1 1 1 |1 2 7 8 1 1 1 1 1 3 14 1 1 11 12 8 |1 3 9 9 15 12 3 1 4 17 10 1 16 1 20 20 |5 1 1 21 1 8 9 3 13 1 1 4 1 8 18 10 |
3992: 1 1 15 1 1 1 1 1 5 1 1 4 7 4 16 16 |1 6 3 1 1 1 1 1 1 1 3 15 16 1 1 6 |3 1 8 2 10 1 3 15 4 1 3 1 7 8 1 9 |1 7 8 1 15 1 1 18 1 9 13 4 1 1 1 1 |1 5 5 1 1 8 1 1 7 5 3 2 5 1 1 1 |1 20 1 6 1 6 1 13 5 1 1 1 10 1 1 8 |4 2 15 5 3 1 1 2 2 1 16 11 16 1 1 1 |4 6 1 1 1 2 9 7 15 2 2 2 2 1 4 12 |5 1 6 1 2 1 15 1 16 5 3 19 1 1 1 1 |1 2 7 8 1 1 1 1 1 3 14 1 1 11 12 8 |1 3 9 9 15 12 3 1 4 17 10 1 16 1 20 20 |5 1 1 21 1 8 9 3 13 1 1 4 1 8 18 10 |
4003: 1 1 15 1 1 1 1 1 5 1 1 4 7 4 16 16 |1 6 3 1 1 1 1 1 1 1 3 15 16 1 1 6 |3 1 8 2 10 1 3 15 4 1 3 1 7 8 1 9 |1 7 8 1 15 1 1 18 1 9 13 4 1 1 1 1 |1 5 5 1 1 8 1 1 7 5 3 2 5 1 1 1 |1 20 1 6 1 6 1 13 5 1 1 1 10 1 1 8 |4 2 15 5 3 1 1 2 2 1 16 11 16 1 1 1 |4 6 1 1 1 2 9 7 15 2 2 2 2 1 4 12 |5 1 6 1 2 1 15 1 16 5 3 19 1 1 1 1 |1 2 7 8 1 1 1 1 1 3 14 1 1 11 12 8 |1 3 9 9 15 12 3 1 4 17 10 1 16 1 20 20 |5 1 1 21 1 8 9 3 13 1 1 4 1 8 18 10 |
4014: 1 1 15 1 1 1 1 1 5 1 1 4 7 4 16 16 |1 6 3 1 1 1 1 1 1 1 3 15 16 1 1 6 |3 1 8 2 10 1 3 15 4 1 3 1 7 8 1 9 |1 7 8 1 15 1 1 18 1 9 13 4 1 1 1 1 |1 5 5 1 1 8 1 1 7 5 3 2 5 1 1 1 |1 20 1 6 1 6 1 13 5 1 1 1 10 1 1 8 |4 2 15 5 3 1 1 2 2 1 16 11 16 1 1 1 |4 6 1 1 1 2 9 7 15 2 2 2 2 1 4 12 |5 1 6 1 2 1 15 1 16 5 3 19 1 1 1 1 |1 2 7 8 1 1 1 1 1 3 14 1 1 11 12 8 |1 3 9 9 15 12 3 1 4 17 10 1 16 1 20 20 |5 1 1 21 1 8 9 3 13 1 1 4 1 8 18 10 |
4025: 1 1 15 1 1 1 1 1 5 1 1 4 7 4 16 16 |1 6 3 1 1 1 1 1 1 1 3 15 16 1 1 6 |3 1 8 2 10 1 3 15 4 1 3 1 7 8 1 9 |1 7 8 1 15 1 1 18 1 9 13 4 1 1 1 1 |1 5 5 1 1 8 1 1 7 5 3 2 5 1 1 1 |2 9 1 5 1 4 1 12 5 1 1 1 3 1 1 7 |4 2 15 5 3 1 1 2 2 1 16 11 16 1 1 1 |4 6 1 1 1 2 9 7 15 2 2 2 2 1 4 12 |5 1 6 1 2 1 15 1 16 5 3 19 1 1 1 1 |1 2 7 8 1 1 1 1 1 3 14 1 1 11 12 8 |1 3 9 9 15 12 3 1 4 17 10 1 16 1 20 20 |5 1 1 21 1 8 9 3 13 1 1 4 1 8 18 10 |
4036: 1 1 15 1 1 1 1 1 5 1 1 4 7 4 16 16 |1 6 3 1 1 1 1 1 1 1 3 15 16 1 1 6 |3 1 8 2 10 1 3 15 4 1 3 1 7 8 1 9 |1 7 8 1 15 1 1 18 1 9 13 4 1 1 1 1 |1 5 5 1 1 8 1 1 7 5 3 2 5 1 1 1 |2 9 1 5 1 4 1 12 5 1 1 1 3 1 1 7 |4 2 15 5 3 1 1 2 2 1 16 11 16 1 1 1 |4 6 1 1 1 2 9 7 15 2 2 2 2 1 4 12 |5 1 6 1 2 1 15 1 16 5 3 19 1 1 1 1 |1 2 7 8 1 1 1 1 1 3 14 1 1 11 12 8 |1 3 9 9 15 12 3 1 4 17 10 1 16 1 20 20 |6 1 1 6 1 8 7 9 16 1 1 4 1 1 19 12 |
4047: 1 1 15 1 1 1 1 1 5 1 1 4 7 4 16 16 |1 6 3 1 1 1 1 1 1 1 3 15 16 1 1 6 |3 1 8 2 10 1 3 15 4 1 3 1 7 8 1 9 |1 7 8 1 15 1 1 18 1 9 13 4 1 1 1 1 |1 5 5 1 1 8 1 1 7 5 3 2 5 1 1 1 |2 9 1 5 1 4 1 12 5 1 1 1 3 1 1 7 |4 2 15 5 3 1 1 2 2 1 16 11 16 1 1 1 |4 6 1 1 1 2 9 7 15 2 2 2 2 1 4 12 |5 1 6 1 2 1 15 1 16 5 3 19 1 1 1 1 |1 2 7 8 1 1 1 1 1 3 14 1 1 11 12 8 |1 3 9 9 15 12 3 1 4 17 10 1 16 1 20 20 |6 1 1 6 1 8 7 9 16 1 1 4 1 1 19 12 |
4058: 1 1 15 1 1 1 1 1 5 1 1 4 7 4 16 16 |1 6 3 1 1 1 1 1 1 1 3 15 16 1 1 6 |3 1 8 2 10 1 3 15 4 1 3 1 7 8 1 9 |1 7 8 1 15 1 1 18 1 9 13 4 1 1 1 1 |1 8 1 8 1 7 1 4 7 19 10 1 11 1 1 13 |2 9 1 5 1 4 1 12 5 1 1 1 3 1 1 7 |4 2 15 5 3 1 1 2 2 1 16 11 16 1 1 1 |4 6 1 1 1 2 9 7 15 2 2 2 2 1 4 12 |5 1 6 1 2 1 15 1 16 5 3 19 1 1 1 1 |1 2 7 8 1 1 1 1 1 3 14 1 1 11 12 8 |1 3 9 9 15 12 3 1 4 17 10 1 16 1 20 20 |6 1 1 6 1 8 7 9 16 1 1 4 1 1 19 12 |
4069: 1 1 15 1 1 1 1 1 5 1 1 4 7 4 16 16 |1 6 3 1 1 1 1 1 1 1 3 15 16 1 1 6 |3 1 8 2 10 1 3 15 4 1 3 1 7 8 1 9 |1 7 8 1 15 1 1 18 1 9 13 4 1 1 1 1 |1 8 1 8 1 7 1 4 7 19 10 1 11 1 1 13 |2 9 1 5 1 4 1 12 5 1 1 1 3 1 1 7 |4 2 15 5 3 1 1 2 2 1 16 11 16 1 1 1 |4 6 1 1 1 2 9 7 15 2 2 2 2 1 4 12 |5 1 6 1 2 1 15 1 16 5 3 19 1 1 1 1 |1 2 7 8 1 1 1 1 1 3 14 1 1 11 12 8 |1 3 9 9 15 12 3 1 4 17 10 1 16 1 20 20 |6 1 1 6 1 8 7 9 16 1 1 4 1 1 19 12 |
4080: 1 1 15 1 1 1 1 1 5 1 1 4 7 4 16 16 |1 6 3 1 1 1 1 1 1 1 3 15 16 1 1 6 |3 1 8 2 10 1 3 15 4 1 3 1 7 8 1 9 |1 7 8 1 15 1 1 18 1 9 13 4 1 1 1 1 |1 8 1 8 1 7 1 4 7 19 10 1 11 1 1 13 |2 9 1 5 1 4 1 12 5 1 1 1 3 1 1 7 |4 2 15 5 3 1 1 2 2 1 16 11 16 1 1 1 |4 6 1 1 1 2 9 7 15 2 2 2 2 1 4 12 |5 1 6 1 2 1 15 1 16 5 3 19 1 1 1 1 |1 2 7 8 1 1 1 1 1 3 14 1 1 11 12 8 |1 3 9 9 15 12 3 1 4 17 10 1 16 1 20 20 |6 1 1 6 1 8 7 9 16 1 1 4 1 1 19 12 |
4090: 1 1 15 1 1 1 1 1 5 1 1 4 7 4 16 16 |1 6 3 1 1 1 1 1 1 1 3 15 16 1 1 6 |3 1 8 2 10 1 3 15 4 1 3 1 7 8 1 9 |1 7 8 1 15 1 1 18 1 9 13 4 1 1 1 1 |1 8 1 8 1 7 1 4 7 19 10 1 11 1 1 13 |2 12 3 7 1 6 1 13 3 1 1 2 2 4 4 8 |4 2 15 5 3 1 1 2 2 1 16 11 16 1 1 1 |4 6 1 1 1 2 9 7 15 2 2 2 2 1 4 12 |5 1 6 1 2 1 15 1 16 5 3 19 1 1 1 1 |1 2 7 8 1 1 1 1 1 3 14 1 1 11 12 8 |1 3 9 9 15 12 3 1 4 17 10 1 16 1 20 20 |6 1 1 6 1 8 7 9 16 1 1 4 1 1 19 12 |
4101: 1 1 15 1 1 1 1 1 5 1 1 4 7 4 16 16 |1 6 3 1 1 1 1 1 1 1 3 15 16 1 1 6 |3 1 8 2 10 1 3 15 4 1 3 1 7 8 1 9 |1 7 8 1 15 1 1 18 1 9 13 4 1 1 1 1 |1 8 1 8 1 7 1 4 7 19 10 1 11 1 1 13 |2 12 3 7 1 6 1 13 3 1 1 2 2 4 4 8 |4 2 15 5 3 1 1 2 2 1 16 11 16 1 1 1 |4 6 1 1 1 2 9 7 15 2 2 2 2 1 4 12 |5 1 6 1 2 1 15 1 16 5 3 19 1 1 1 1 |1 2 7 8 1 1 1 1 1 3 14 1 1 11 12 8 |1 3 9 9 15 12 3 1 4 17 10 1 16 1 20 20 |6 2 1 7 1 8 7 3 12 1 1 4 1 9 13 11 |
4112: 1 1 15 1 1 1 1 1 5 1 1 4 7 4 16 16 |1 6 3 1 1 1 1 1 1 1 3 15 16 1 1 6 |3 1 8 2 10 1 3 15 4 1 3 1 7 8 1 9 |1 7 8 1 15 1 1 18 1 9 13 4 1 1 1 1 |1 8 1 8 1 7 1 4 7 19 10 1 11 1 1 13 |2 12 3 7 1 6 1 13 3 1 1 2 2 4 4 8 |4 2 15 5 3 1 1 2 2 1 16 11 16 1 1 1 |4 6 1 1 1 2 9 7 15 2 2 2 2 1 4 12 |5 1 6 1 2 1 15 1 16 5 3 19 1 1 1 1 |1 2 7 8 1 1 1 1 1 3 14 1 1 11 12 8 |1 3 9 9 15 12 3 1 4 17 10 1 16 1 20 20 |6 2 1 7 1 8 7 3 12 1 1 4 1 9 13 11 |
4123: 1 1 15 1 1 1 1 1 5 1 1 4 7 4 16 16 |1 6 3 1 1 1 1 1 1 1 3 15 16 1 1 6 |3 1 8 2 10 1 3 15 4 1 3 1 7 8 1 9 |1 7 8 1 15 1 1 18 1 9 13 4 1 1 1 1 |1 8 1 8 1 7 1 4 7 19 10 1 11 1 1 13 |2 12 3 7 1 6 1 13 3 1 1 2 2 4 4 8 |4 2 15 5 3 1 1 2 2 1 16 11 16 1 1 1 |4 6 1 1 1 2 9 7 15 2 2 2 2 1 4 12 |5 1 6 1 2 1 15 1 16 5 3 19 1 1 1 1 |1 2 7 8 1 1 1 1 1 3 14 1 1 11 12 8 |1 3 9 9 15 12 3 1 4 17 10 1 16 1 20 20 |6 2 1 7 1 8 7 3 12 1 1 4 1 9 13 11 |
4134: 1 1 15 1 1 1 1 1 5 1 1 4 7 4 16 16 |1 6 3 1 1 1 1 1 1 1 3 15 16 1 1 6 |3 1 8 2 10 1 3 15 4 1 3 1 7 8 1 9 |1 7 8 1 15 1 1 18 1 9 13 4 1 1 1 1 |1 8 1 8 1 7 1 4 7 19 10 1 11 1 1 13 |2 12 3 7 1 6 1 13 3 1 1 2 2 4 4 8 |4 2 15 5 3 1 1 2 2 1 16 11 16 1 1 1 |4 6 1 1 1 2 9 7 15 2 2 2 2 1 4 12 |5 1 6 1 2 1 15 1 16 5 3 19 1 1 1 1 |1 2 7 8 1 1 1 1 1 3 14 1 1 11 12 8 |1 3 9 9 15 12 3 1 4 17 10 1 16 1 20 20 |6 2 1 7 1 8 7 3 12 1 1 4 1 9 13 11 |
4145: 1 1 15 1 1 1 1 1 5 1 1 4 7 4 16 16 |1 6 3 1 1 1 1 1 1 1 3 15 16 1 1 6 |3 1 8 2 10 1 3 15 4 1 3 1 7 8 1 9 |1 7 8 1 15 1 1 18 1 9 13 4 1 1 1 1 |1 8 1 8 1 7 1 4 7 19 10 1 11 1 1 13 |2 12 3 7 1 6 1 13 3 1 1 2 2 4 4 8 |4 2 15 5 3 1 1 2 2 1 16 11 16 1 1 1 |4 6 1 1 1 2 9 7 15 2 2 2 2 1 4 12 |5 1 6 1 2 1 15 1 16 5 3 19 1 1 1 1 |1 2 7 8 1 1 1 1 1 3 14 1 1 11 12 8 |1 3 9 9 15 12 3 1 4 17 10 1 16 1 20 20 |6 2 1 7 1 8 7 3 12 1 1 4 1 9 13 11 |
4156: 1 1 15 1 1 1 1 1 5 1 1 4 7 4 16 16 |1 6 3 1 1 1 1 1 1 1 3 15 16 1 1 6 |3 1 8 2 10 1 3 15 4 1 3 1 7 8 1 9 |1 7 8 1 15 1 1 18 1 9 13 4 1 1 1 1 |1 1 1 8 5 7 2 2 7 15 1 1 5 7 1 1 |2 12 3 7 1 6 1 13 3 1 1 2 2 4 4 8 |4 2 15 5 3 1 1 2 2 1 16 11 16 1 1 1 |4 6 1 1 1 2 9 7 15 2 2 2 2 1 4 12 |5 1 6 1 2 1 15 1 16 5 3 19 1 1 1 1 |1 2 7 8 1 1 1 1 1 3 14 1 1 11 12 8 |1 3 9 9 15 12 3 1 4 17 10 1 16 1 20 20 |6 2 1 7 1 8 7 3 12 1 1 4 1 9 13 11 |
4167: 1 1 15 1 1 1 1 1 5 1 1 4 7 4 16 16 |1 6 3 1 1 1 1 1 1 1 3 15 16 1 1 6 |3 1 8 2 10 1 3 15 4 1 3 1 7 8 1 9 |1 7 8 1 15 1 1 18 1 9 13 4 1 1 1 1 |1 1 1 8 5 7 2 2 7 15 1 1 5 7 1 1 |2 12 3 7 1 6 1 13 3 1 1 2 2 4 4 8 |4 2 15 5 3 1 1 2 2 1 16 11 16 1 1 1 |4 6 1 1 1 2 9 7 15 2 2 2 2 1 4 12 |5 1 6 1 2 1 15 1 16 5 3 19 1 1 1 1 |1 2 7 8 1 1 1 1 1 3 14 1 1 11 12 8 |1 3 9 9 15 12 3 1 4 17 10 1 16 1 20 20 |6 2 1 7 1 8 7 3 12 1 1 4 1 9 13 11 |
4178: 1 1 15 1 1 1 1 1 5 1 1 4 7 4 16 16 |1 6 3 1 1 1 1 1 1 1 3 15 16 1 1 6 |3 1 8 2 10 1 3 15 4 1 3 1 7 8 1 9 |1 7 8 1 15 1 1 18 1 9 13 4 1 1 1 1 |1 1 1 8 5 7 2 2 7 15 1 1 5 7 1 1 |2 12 3 7 1 6 1 13 3 1 1 2 2 4 4 8 |4 2 15 5 3 1 1 2 2 1 16 11 16 1 1 1 |4 6 1 1 1 2 9 7 15 2 2 2 2 1 4 12 |5 1 6 1 2 1 15 1 16 5 3 19 1 1 1 1 |1 2 7 8 1 1 1 1 1 3 14 1 1 11 12 8 |1 3 9 9 15 12 3 1 4 17 10 1 16 1 20 20 |6 2 1 7 1 8 7 3 12 1 1 4 1 9 13 11 |
4189: 1 1 15 1 1 1 1 1 5 1 1 4 7 4 16 16 |1 6 3 1 1 1 1 1 1 1 3 15 16 1 1 6 |3 1 8 2 10 1 3 15 4 1 3 1 7 8 1 9 |1 7 8 1 15 1 1 18 1 9 13 4 1 1 1 1 |1 1 1 8 5 7 2 2 7 15 1 1 5 7 1 1 |2 12 3 7 1 6 1 13 3 1 1 2 2 4 4 8 |4 2 15 5 3 1 1 2 2 1 16 11 16 1 1 1 |4 6 1 1 1 2 9 7 15 2 2 2 2 1 4 12 |5 1 6 1 2 1 15 1 16 5 3 19 1 1 1 1 |1 2 7 8 1 1 1 1 1 3 14 1 1 11 12 8 |1 3 9 9 15 12 3 1 4 17 10 1 16 1 20 20 |6 2 1 7 1 8 7 3 12 1 1 4 1 9 13 11 |
4200: 1 1 15 1 1 1 1 1 5 1 1 4 7 4 16 16 |1 6 3 1 1 1 1 1 1 1 3 15 16 1 1 6 |3 1 8 2 10 1 3 15 4 1 3 1 7 8 1 9 |1 7 8 1 15 1 1 18 1 9 13 4 1 1 1 1 |1 1 1 8 5 7 2 2 7 15 1 1 5 7 1 1 |2 12 3 7 1 6 1 13 3 1 1 2 2 4 4 8 |4 2 15 5 3 1 1 2 2 1 16 11 16 1 1 1 |4 6 1 1 1 2 9 7 15 2 2 2 2 1 4 12 |5 1 6 1 2 1 15 1 16 5 3 19 1 1 1 1 |1 2 7 8 1 1 1 1 1 3 14 1 1 11 12 8 |1 3 9 9 15 12 3 1 4 17 10 1 16 1 20 20 |6 2 1 7 1 8 7 3 12 1 1 4 1 9 13 11 |
4211: 1 1 15 1 1 1 1 1 5 1 1 4 7 4 16 16 |1 6 3 1 1 1 1 1 1 1 3 15 16 1 1 6 |3 1 8 2 10 1 3 15 4 1 3 1 7 8 1 9 |1 7 8 1 15 1 1 18 1 9 13 4 1 1 1 1 |1 1 1 8 5 7 2 2 7 15 1 1 5 7 1 1 |2 12 3 7 1 6 1 13 3 1 1 2 2 4 4 8 |4 2 15 5 3 1 1 2 2 1 16 11 16 1 1 1 |4 6 1 1 1 2 9 7 15 2 2 2 2 1 4 12 |5 1 6 1 2 1 15 1 16 5 3 19 1 1 1 1 |1 2 7 8 1 1 1 1 1 3 14 1 1 11 12 8 |1 3 9 9 15 12 3 1 4 17 10 1 16 1 20 20 |6 2 1 7 1 8 7 3 12 1 1 4 1 9 13 11 |
4222: 1 1 15 1 1 1 1 1 5 1 1 4 7 4 16 16 |1 6 3 1 1 1 1 1 1 1 3 15 16 1 1 6 |3 1 8 2 10 1 3 15 4 1 3 1 7 8 1 9 |1 7 8 1 15 1 1 18 1 9 13 4 1 1 1 1 |1 1 1 8 5 7 2 2 7 15 1 1 5 7 1 1 |2 19 1 2 1 1 1 12 4 1 1 1 2 1 5 9 |4 2 15 5 3 1 1 2 2 1 16 11 16 1 1 1 |4 6 1 1 1 2 9 7 15 2 2 2 2 1 4 12 |5 1 6 1 2 1 15 1 16 5 3 19 1 1 1 1 |1 2 7 8 1 1 1 1 1 3 14 1 1 11 12 8 |1 3 9 9 15 12 3 1 4 17 10 1 16 1 20 20 |6 2 1 7 1 8 7 3 12 1 1 4 1 9 13 11 |
4233: 1 1 15 1 1 1 1 1 5 1 1 4 7 4 16 16 |1 6 3 1 1 1 1 1 1 1 3 15 16 1 1 6 |3 1 8 2 10 1 3 15 4 1 3 1 7 8 1 9 |1 7 8 1 15 1 1 18 1 9 13 4 1 1 1 1 |1 1 1 8 5 7 2 2 7 15 1 1 5 7 1 1 |2 19 1 2 1 1 1 12 4 1 1 1 2 1 5 9 |4 2 15 5 3 1 1 2 2 1 16 11 16 1 1 1 |4 6 1 1 1 2 9 7 15 2 2 2 2 1 4 12 |5 1 6 1 2 1 15 1 16 5 3 19 1 1 1 1 |1 2 7 8 1 1 1 1 1 3 14 1 1 11 12 8 |1 3 9 9 15 12 3 1 4 17 10 1 16 1 20 20 |6 1 1 7 1 8 9 4 13 1 2 8 1 1 19 11 |
4244: 1 1 15 1 1 1 1 1 5 1 1 4 7 4 16 16 |1 6 3 1 1 1 1 1 1 1 3 15 16 1 1 6 |3 1 8 2 10 1 3 15 4 1 3 1 7 8 1 9 |1 7 8 1 15 1 1 18 1 9 13 4 1 1 1 1 |1 1 1 8 5 7 2 2 7 15 1 1 5 7 1 1 |2 19 1 2 1 1 1 12 4 1 1 1 2 1 5 9 |4 2 15 5 3 1 1 2 2 1 16 11 16 1 1 1 |4 6 1 1 1 2 9 7 15 2 2 2 2 1 4 12 |5 1 6 1 2 1 15 1 16 5 3 19 1 1 1 1 |1 2 7 8 1 1 1 1 1 3 14 1 1 11 12 8 |1 3 9 9 15 12 3 1 4 17 10 1 16 1 20 20 |6 1 1 7 1 8 9 4 13 1 2 8 1 1 19 11 |
4255: 1 1 15 1 1 1 1 1 5 1 1 4 7 4 16 16 |1 6 3 1 1 1 1 1 1 1 3 15 16 1 1 6 |3 1 8 2 10 1 3 15 4 1 3 1 7 8 1 9 |1 3 16 1 6 1 2 18 12 8 12 11 1 6 5 1 |1 1 1 8 5 7 2 2 7 15 1 1 5 7 1 1 |2 19 1 2 1 1 1 12 4 1 1 1 2 1 5 9 |4 2 15 5 3 1 1 2 2 1 16 11 16 1 1 1 |4 6 1 1 1 2 9 7 15 2 2 2 2 1 4 12 |5 1 6 1 2 1 15 1 16 5 3 19 1 1 1 1 |1 2 7 8 1 1 1 1 1 3 14 1 1 11 12 8 |1 3 9 9 15 12 3 1 4 17 10 1 16 1 20 20 |6 1 1 7 1 8 9 4 13 1 2 8 1 1 19 11 |
4266: 1 1 15 1 1 1 1 1 5 1 1 4 7 4 16 16 |1 6 3 1 1 1 1 1 1 1 3 15 16 1 1 6 |3 1 8 2 10 1 3 15 4 1 3 1 7 8 1 9 |1 3 16 1 6 1 2 18 12 8 12 11 1 6 5 1 |1 6 1 7 1 1 1 2 7 13 1 1 5 1 1 1 |2 19 1 2 1 1 1 12 4 1 1 1 2 1 5 9 |4 2 15 5 3 1 1 2 2 1 16 11 16 1 1 1 |4 6 1 1 1 2 9 7 15 2 2 2 2 1 4 12 |5 1 6 1 2 1 15 1 16 5 3 19 1 1 1 1 |1 2 7 8 1 1 1 1 1 3 14 1 1 11 12 8 |1 3 9 9 15 12 3 1 4 17 10 1 16 1 20 20 |6 1 1 7 1 8 9 4 13 1 2 8 1 1 19 11 |
4277: 1 1 15 1 1 1 1 1 5 1 1 4 7 4 16 16 |1 6 3 1 1 1 1 1 1 1 3 15 16 1 1 6 |3 1 8 2 10 1 3 15 4 1 3 1 7 8 1 9 |1 3 16 1 6 1 2 18 12 8 12 11 1 6 5 1 |1 6 1 7 1 1 1 2 7 13 1 1 5 1 1 1 |2 19 1 2 1 1 1 12 4 1 1 1 2 1 5 9 |4 2 15 5 3 1 1 2 2 1 16 11 16 1 1 1 |4 6 1 1 1 2 9 7 15 2 2 2 2 1 4 12 |5 1 6 1 2 1 15 1 16 5 3 19 1 1 1 1 |1 2 7 8 1 1 1 1 1 3 14 1 1 11 12 8 |1 3 9 9 15 12 3 1 4 17 10 1 16 1 20 20 |6 1 1 7 1 8 9 4 13 1 2 8 1 1 19 11 |
4288: 1 1 15 1 1 1 1 1 5 1 1 4 7 4 16 16 |1 6 3 1 1 1 1 1 1 1 3 15 16 1 1 6 |4 1 8 12 7 3 1 15 5 1 1 6 1 6 1 9 |1 3 16 1 6 1 2 18 12 8 12 11 1 6 5 1 |1 6 1 7 1 1 1 2 7 13 1 1 5 1 1 1 |2 19 1 2 1 1 1 12 4 1 1 1 2 1 5 9 |4 2 15 5 3 1 1 2 2 1 16 11 16 1 1 1 |4 6 1 1 1 2 9 7 15 2 2 2 2 1 4 12 |5 1 6 1 2 1 15 1 16 5 3 19 1 1 1 1 |1 2 7 8 1 1 1 1 1 3 14 1 1 11 12 8 |1 3 9 9 15 12 3 1 4 17 10 1 16 1 20 20 |6 1 1 7 1 8 9 4 13 1 2 8 1 1 19 11 |
4299: 1 1 15 1 1 1 1 1 5 1 1 4 7 4 16 16 |1 6 3 1 1 1 1 1 1 1 3 15 16 1 1 6 |4 1 8 12 7 3 1 15 5 1 1 6 1 6 1 9 |1 3 16 1 6 1 2 18 12 8 12 11 1 6 5 1 |1 6 1 7 1 1 1 2 7 13 1 1 5 1 1 1 |2 19 1 2 1 1 1 12 4 1 1 1 2 1 5 9 |4 2 15 5 3 1 1 2 2 1 16 11 16 1 1 1 |4 6 1 1 1 2 9 7 15 2 2 2 2 1 4 12 |5 1 6 1 2 1 15 1 16 5 3 19 1 1 1 1 |1 3 5 8 1 1 1 3 1 4 15 1 1 10 4 18 |1 3 9 9 15 12 3 1 4 17 10 1 16 1 20 20 |6 1 1 7 1 8 9 4 13 1 2 8 1 1 19 11 |
4310: 1 1 15 1 1 1 1 1 5 1 1 4 7 4 16 16 |1 6 3 1 1 1 1 1 1 1 3 15 16 1 1 6 |4 1 8 12 7 3 1 15 5 1 1 6 1 6 1 9 |1 3 16 1 6 1 2 18 12 8 12 11 1 6 5 1 |1 6 1 7 1 1 1 2 7 13 1 1 5 1 1 1 |2 19 1 2 1 1 1 12 4 1 1 1 2 1 5 9 |4 2 15 5 3 1 1 2 2 1 16 11 16 1 1 1 |4 6 1 1 1 2 9 7 15 2 2 2 2 1 4 12 |5 1 6 1 2 1 15 1 16 5 3 19 1 1 1 1 |1 3 5 8 1 1 1 3 1 4 15 1 1 10 4 18 |1 3 9 9 15 12 3 1 4 17 10 1 16 1 20 20 |6 1 1 7 1 8 9 4 13 1 2 8 1 1 19 11 |
4321: 1 1 15 1 1 1 1 1 5 1 1 4 7 4 16 16 |1 6 3 1 1 1 1 1 1 1 3 15 16 1 1 6 |4 1 8 12 7 3 1 15 5 1 1 6 1 6 1 9 |1 3 16 1 6 1 2 18 12 8 12 11 1 6 5 1 |1 6 1 7 1 1 1 2 7 13 1 1 5 1 1 1 |2 19 1 2 1 1 1 12 4 1 1 1 2 1 5 9 |4 2 15 5 3 1 1 2 2 1 16 11 16 1 1 1 |4 6 1 1 1 2 9 7 15 2 2 2 2 1 4 12 |5 1 6 1 2 1 15 1 16 5 3 19 1 1 1 1 |1 3 5 8 1 1 1 3 1 4 15 1 1 10 4 18 |1 3 9 9 15 12 3 1 4 17 10 1 16 1 20 20 |6 1 1 7 1 8 9 4 13 1 2 8 1 1 19 11 |
4332: 1 1 15 1 1 1 1 1 5 1 1 4 7 4 16 16 |1 6 3 1 1 1 1 1 1 1 3 15 16 1 1 6 |4 1 8 12 7 3 1 15 5 1 1 6 1 6 1 9 |1 3 16 1 6 1 2 18 12 8 12 11 1 6 5 1 |1 6 1 7 1 1 1 2 7 13 1 1 5 1 1 1 |2 19 1 2 1 1 1 12 4 1 1 1 2 1 5 9 |4 2 15 5 3 1 1 2 2 1 16 11 16 1 1 1 |4 6 1 1 1 2 9 7 15 2 2 2 2 1 4 12 |5 1 6 1 2 1 15 1 16 5 3 19 1 1 1 1 |1 3 5 8 1 1 1 3 1 4 15 1 1 10 4 18 |1 3 10 14 15 13 3 8 1 19 16 1 17 1 22 17 |6 1 1 7 1 8 9 4 13 1 2 8 1 1 19 11 |
4343: 1 1 15 1 1 1 1 1 5 1 1 4 7 4 16 16 |1 6 3 1 1 1 1 1 1 1 3 15 16 1 1 6 |4 1 8 12 7 3 1 15 5 1 1 6 1 6 1 9 |1 3 16 1 6 1 2 18 12 8 12 11 1 6 5 1 |1 6 1 7 1 1 1 2 7 13 1 1 5 1 1 1 |2 19 1 2 1 1 1 12 4 1 1 1 2 1 5 9 |4 2 15 5 3 1 1 2 2 1 16 11 16 1 1 1 |4 6 1 1 1 2 9 7 15 2 2 2 2 1 4 12 |5 1 6 1 2 1 15 1 16 5 3 19 1 1 1 1 |1 3 5 8 1 1 1 3 1 4 15 1 1 10 4 18 |1 3 10 14 15 13 3 8 1 19 16 1 17 1 22 17 |6 1 1 7 1 8 9 4 13 1 2 8 1 1 19 11 |
4354: 1 1 15 1 1 1 1 1 5 1 1 4 7 4 16 16 |1 6 3 1 1 1 1 1 1 1 3 15 16 1 1 6 |4 1 8 12 7 3 1 15 5 1 1 6 1 6 1 9 |1 3 16 1 6 1 2 18 12 8 12 11 1 6 5 1 |1 6 1 7 1 1 1 2 7 13 1 1 5 1 1 1 |2 19 1 2 1 1 1 12 4 1 1 1 2 1 5 9 |4 2 15 5 3 1 1 2 2 1 16 11 16 1 1 1 |4 6 1 1 1 2 9 7 15 2 2 2 2 1 4 12 |5 1 6 1 2 1 15 1 16 5 3 19 1 1 1 1 |1 3 5 8 1 1 1 3 1 4 15 1 1 10 4 18 |1 3 10 14 15 13 3 8 1 19 16 1 17 1 22 17 |6 1 1 7 1 8 9 4 13 1 2 8 1 1 19 11 |
4365: 1 1 15 1 1 1 1 1 5 1 1 4 7 4 16 16 |1 6 3 1 1 1 1 1 1 1 3 15 16 1 1 6 |4 1 8 12 7 3 1 15 5 1 1 6 1 6 1 9 |1 3 16 1 6 1 2 18 12 8 12 11 1 6 5 1 |1 6 1 7 1 1 1 2 7 13 1 1 5 1 1 1 |2 19 1 2 1 1 1 12 4 1 1 1 2 1 5 9 |4 2 15 5 3 1 1 2 2 1 16 11 16 1 1 1 |4 6 1 1 1 2 9 7 15 2 2 2 2 1 4 12 |1 8 1 1 7 2 16 1 17 5 3 18 4 3 6 1 |1 3 5 8 1 1 1 3 1 4 15 1 1 10 4 18 |1 3 10 14 15 13 3 8 1 19 16 1 17 1 22 17 |6 1 1 7 1 8 9 4 13 1 2 8 1 1 19 11 |
4376: 1 1 15 1 1 1 1 1 5 1 1 4 7 4 16 16 |1 6 3 1 1 1 1 1 1 1 3 15 16 1 1 6 |4 1 8 12 7 3 1 15 5 1 1 6 1 6 1 9 |1 3 16 1 6 1 2 18 12 8 12 11 1 6 5 1 |1 6 1 7 1 1 1 2 7 13 1 1 5 1 1 1 |2 19 1 2 1 1 1 12 4 1 1 1 2 1 5 9 |4 2 15 5 3 1 1 2 2 1 16 11 16 1 1 1 |4 6 1 1 1 2 9 7 15 2 2 2 2 1 4 12 |1 8 1 1 7 2 16 1 17 5 3 18 4 3 6 1 |1 3 5 8 1 1 1 3 1 4 15 1 1 10 4 18 |1 3 10 14 15 13 3 8 1 19 16 1 17 1 22 17 |6 1 1 7 1 8 9 4 13 1 2 8 1 1 19 11 |
4387: 1 1 15 1 1 1 1 1 5 1 1 4 7 4 16 16 |1 6 3 1 1 1 1 1 1 1 3 15 16 1 1 6 |4 1 8 12 7 3 1 15 5 1 1 6 1 6 1 9 |1 3 16 1 6 1 2 18 12 8 12 11 1 6 5 1 |1 6 1 7 1 1 1 2 7 13 1 1 5 1 1 1 |2 19 1 2 1 1 1 12 4 1 1 1 2 1 5 9 |4 2 15 5 3 1 1 2 2 1 16 11 16 1 1 1 |4 6 1 1 1 2 9 7 15 2 2 2 2 1 4 12 |1 8 1 1 7 2 16 1 17 5 3 18 4 3 6 1 |1 3 5 8 1 1 1 3 1 4 15 1 1 10 4 18 |1 3 10 14 15 13 3 8 1 19 16 1 17 1 22 17 |6 1 1 7 1 8 9 4 13 1 2 8 1 1 19 11 |
4398: 1 1 15 1 1 1 1 1 5 1 1 4 7 4 16 16 |1 6 3 1 1 1 1 1 1 1 3 15 16 1 1 6 |4 1 8 12 7 3 1 15 5 1 1 6 1 6 1 9 |1 3 16 1 6 1 2 18 12 8 12 11 1 6 5 1 |1 6 1 7 1 1 1 2 7 13 1 1 5 1 1 1 |2 19 1 2 1 1 1 12 4 1 1 1 2 1 5 9 |4 2 15 5 3 1 1 2 2 1 16 11 16 1 1 1 |4 6 1 1 1 2 9 7 15 2 2 2 2 1 4 12 |1 8 1 1 7 2 16 1 17 5 3 18 4 3 6 1 |1 3 8 9 1 1 1 2 1 5 14 2 1 10 11 21 |1 3 10 14 15 13 3 8 1 19 16 1 17 1 22 17 |6 1 1 7 1 8 9 4 13 1 2 8 1 1 19 11 |
4409: 1 1 15 1 1 1 1 1 5 1 1 4 7 4 16 16 |1 6 3 1 1 1 1 1 1 1 3 15 16 1 1 6 |4 1 8 12 7 3 1 15 5 1 1 6 1 6 1 9 |1 3 16 1 6 1 2 18 12 8 12 11 1 6 5 1 |1 6 1 7 1 1 1 2 7 13 1 1 5 1 1 1 |2 19 1 2 1 1 1 12 4 1 1 1 2 1 5 9 |4 2 15 5 3 1 1 2 2 1 16 11 16 1 1 1 |4 6 1 1 1 2 9 7 15 2 2 2 2 1 4 12 |1 8 1 1 7 2 16 1 17 5 3 18 4 3 6 1 |1 3 8 9 1 1 1 2 1 5 14 2 1 10 11 21 |1 3 10 14 15 13 3 8 1 19 16 1 17 1 22 17 |6 1 1 7 1 8 9 4 13 1 2 8 1 1 19 11 |
4420: 1 1 15 1 1 1 1 1 5 1 1 4 7 4 16 16 |1 6 3 1 1 1 1 1 1 1 3 15 16 1 1 6 |4 1 8 12 7 3 1 15 5 1 1 6 1 6 1 9 |1 3 16 1 6 1 2 18 12 8 12 11 1 6 5 1 |1 6 1 7 1 1 1 2 7 13 1 1 5 1 1 1 |2 19 1 2 1 1 1 12 4 1 1 1 2 1 5 9 |4 2 15 5 3 1 1 2 2 1 16 11 16 1 1 1 |4 6 1 1 1 2 9 7 15 2 2 2 2 1 4 12 |1 8 1 1 7 2 16 1 17 5 3 18 4 3 6 1 |1 3 8 9 1 1 1 2 1 5 14 2 1 10 11 21 |1 3 10 14 15 13 3 8 1 19 16 1 17 1 22 17 |6 1 1 7 1 8 9 4 13 1 2 8 1 1 19 11 |
4431: 1 1 15 1 1 1 1 1 5 1 1 4 7 4 16 16 |1 6 3 1 1 1 1 1 1 1 3 15 16 1 1 6 |4 1 8 12 7 3 1 15 5 1 1 6 1 6 1 9 |1 3 16 1 6 1 2 18 12 8 12 11 1 6 5 1 |1 6 1 7 1 1 1 2 7 13 1 1 5 1 1 1 |2 19 1 2 1 1 1 12 4 1 1 1 2 1 5 9 |4 2 15 5 3 1 1 2 2 1 16 11 16 1 1 1 |4 6 1 1 1 2 9 7 15 2 2 2 2 1 4 12 |1 8 1 1 7 2 16 1 17 5 3 18 4 3 6 1 |1 3 9 8 1 1 1 3 1 4 9 1 8 8 15 14 |1 3 10 14 15 13 3 8 1 19 16 1 17 1 22 17 |6 1 1 7 1 8 9 4 13 1 2 8 1 1 19 11 |
4442: 1 1 15 1 1 1 1 1 5 1 1 4 7 4 16 16 |1 6 3 1 1 1 1 1 1 1 3 15 16 1 1 6 |4 1 8 12 7 3 1 15 5 1 1 6 1 6 1 9 |1 3 16 1 6 1 2 18 12 8 12 11 1 6 5 1 |1 6 1 7 1 1 1 2 7 13 1 1 5 1 1 1 |2 19 1 2 1 1 1 12 4 1 1 1 2 1 5 9 |4 2 15 5 3 1 1 2 2 1 16 11 16 1 1 1 |4 6 1 1 1 2 9 7 15 2 2 2 2 1 4 12 |1 8 1 1 7 2 16 1 17 5 3 18 4 3 6 1 |1 3 9 8 1 1 1 3 1 4 9 1 8 8 15 14 |1 3 10 14 15 13 3 8 1 19 16 1 17 1 22 17 |6 1 1 7 1 8 9 4 13 1 2 8 1 1 19 11 |
4453: 1 1 15 1 1 1 1 1 5 1 1 4 7 4 16 16 |1 6 3 1 1 1 1 1 1 1 3 15 16 1 1 6 |4 1 8 12 7 3 1 15 5 1 1 6 1 6 1 9 |1 3 16 1 6 1 2 18 12 8 12 11 1 6 5 1 |1 6 1 7 1 1 1 2 7 13 1 1 5 1 1 1 |2 19 1 2 1 1 1 12 4 1 1 1 2 1 5 9 |4 2 15 5 3 1 1 2 2 1 16 11 16 1 1 1 |4 6 1 1 1 2 9 7 15 2 2 2 2 1 4 12 |1 8 1 1 7 2 16 1 17 5 3 18 4 3 6 1 |1 3 9 8 1 1 1 3 1 4 9 1 8 8 15 14 |1 3 10 14 15 13 3 8 1 19 16 1 17 1 22 17 |6 1 1 7 1 8 9 4 13 1 2 8 1 1 19 11 |
4464: 1 1 15 1 1 1 1 1 5 1 1 4 7 4 16 16 |1 6 3 1 1 1 1 1 1 1 3 15 16 1 1 6 |4 1 8 12 7 3 1 15 5 1 1 6 1 6 1 9 |1 3 16 1 6 1 2 18 12 8 12 11 1 6 5 1 |1 6 1 7 1 1 1 2 7 13 1 1 5 1 1 1 |2 19 1 2 1 1 1 12 4 1 1 1 2 1 5 9 |4 2 15 5 3 1 1 2 2 1 16 11 16 1 1 1 |4 6 1 1 1 2 9 7 15 2 2 2 2 1 4 12 |1 8 1 1 7 2 16 1 17 5 3 18 4 3 6 1 |1 2 8 8 1 1 1 1 1 2 6 1 1 9 4 19 |1 3 10 14 15 13 3 8 1 19 16 1 17 1 22 17 |6 1 1 7 1 8 9 4 13 1 2 8 1 1 19 11 |
4474: 1 1 15 1 1 1 1 1 5 1 1 4 7 4 16 16 |1 6 3 1 1 1 1 1 1 1 3 15 16 1 1 6 |4 1 8 12 7 3 1 15 5 1 1 6 1 6 1 9 |1 3 16 1 6 1 2 18 12 8 12 11 1 6 5 1 |1 6 1 7 1 1 1 2 7 13 1 1 5 1 1 1 |2 19 1 2 1 1 1 12 4 1 1 1 2 1 5 9 |4 2 15 5 3 1 1 2 2 1 16 11 16 1 1 1 |4 6 1 1 1 2 9 7 15 2 2 2 2 1 4 12 |1 8 1 1 7 2 16 1 17 5 3 18 4 3 6 1 |1 2 8 8 1 1 1 1 1 2 6 1 1 9 4 19 |3 1 9 14 17 13 3 9 1 19 17 7 6 1 19 10 |6 1 1 7 1 8 9 4 13 1 2 8 1 1 19 11 |
4485: 1 1 15 1 1 1 1 1 5 1 1 4 7 4 16 16 |1 6 3 1 1 1 1 1 1 1 3 15 16 1 1 6 |4 1 8 12 7 3 1 15 5 1 1 6 1 6 1 9 |1 3 16 1 6 1 2 18 12 8 12 11 1 6 5 1 |1 6 1 7 1 1 1 2 7 13 1 1 5 1 1 1 |2 19 1 2 1 1 1 12 4 1 1 1 2 1 5 9 |4 2 15 5 3 1 1 2 2 1 16 11 16 1 1 1 |4 6 1 1 1 2 9 7 15 2 2 2 2 1 4 12 |1 8 1 1 7 2 16 1 17 5 3 18 4 3 6 1 |1 2 8 8 1 1 1 1 1 2 6 1 1 9 4 19 |3 1 9 14 17 13 3 9 1 19 17 7 6 1 19 10 |6 1 1 7 1 8 9 4 13 1 2 8 1 1 19 11 |
4496: 1 1 15 1 1 1 1 1 5 1 1 4 7 4 16 16 |1 6 3 1 1 1 1 1 1 1 3 15 16 1 1 6 |4 1 8 12 7 3 1 15 5 1 1 6 1 6 1 9 |1 3 16 1 6 1 2 18 12 8 12 11 1 6 5 1 |1 6 1 7 1 1 1 2 7 13 1 1 5 1 1 1 |2 19 1 2 1 1 1 12 4 1 1 1 2 1 5 9 |4 2 15 5 3 1 1 2 2 1 16 11 16 1 1 1 |4 6 1 1 1 2 9 7 15 2 2 2 2 1 4 12 |1 8 1 16 5 3 16 1 17 8 2 14 1 1 4 1 |1 2 8 8 1 1 1 1 1 2 6 1 1 9 4 19 |3 1 9 14 17 13 3 9 1 19 17 7 6 1 19 10 |6 1 1 7 1 8 9 4 13 1 2 8 1 1 19 11 |
4507: 1 1 15 1 1 1 1 1 5 1 1 4 7 4 16 16 |1 6 3 1 1 1 1 1 1 1 3 15 16 1 1 6 |4 1 8 12 7 3 1 15 5 1 1 6 1 6 1 9 |1 3 16 1 6 1 2 18 12 8 12 11 1 6 5 1 |1 6 1 7 1 1 1 2 7 13 1 1 5 1 1 1 |2 19 1 2 1 1 1 12 4 1 1 1 2 1 5 9 |4 2 15 5 3 1 1 2 2 1 16 11 16 1 1 1 |4 6 1 1 1 2 9 7 15 2 2 2 2 1 4 12 |1 8 1 16 5 3 16 1 17 8 2 14 1 1 4 1 |1 2 8 8 1 1 1 1 1 2 6 1 1 9 4 19 |3 1 9 14 17 13 3 9 1 19 17 7 6 1 19 10 |6 1 1 7 1 8 9 4 13 1 2 8 1 1 19 11 |
4518: 1 1 15 1 1 1 1 1 5 1 1 4 7 4 16 16 |1 6 3 1 1 1 1 1 1 1 3 15 16 1 1 6 |4 1 8 12 7 3 1 15 5 1 1 6 1 6 1 9 |1 3 16 1 6 1 2 18 12 8 12 11 1 6 5 1 |1 6 1 7 1 1 1 2 7 13 1 1 5 1 1 1 |2 19 1 2 1 1 1 12 4 1 1 1 2 1 5 9 |4 2 15 5 3 1 1 2 2 1 16 11 16 1 1 1 |4 6 1 1 1 2 9 7 15 2 2 2 2 1 4 12 |1 8 1 16 5 3 16 1 17 8 2 14 1 1 4 1 |1 2 8 8 1 1 1 1 1 2 6 1 1 9 4 19 |3 1 9 14 17 13 3 9 1 19 17 7 6 1 19 10 |6 1 1 7 1 8 9 4 13 1 2 8 1 1 19 11 |
4529: 1 1 15 1 1 1 1 1 5 1 1 4 7 4 16 16 |1 6 3 1 1 1 1 1 1 1 3 15 16 1 1 6 |4 1 8 12 7 3 1 15 5 1 1 6 1 6 1 9 |1 3 16 1 6 1 2 18 12 8 12 11 1 6 5 1 |1 6 1 7 1 1 1 2 7 13 1 1 5 1 1 1 |2 19 1 2 1 1 1 12 4 1 1 1 2 1 5 9 |3 2 21 1 3 1 1 2 2 1 14 11 2 1 1 1 |4 6 1 1 1 2 9 7 15 2 2 2 2 1 4 12 |1 8 1 16 5 3 16 1 17 8 2 14 1 1 4 1 |1 2 8 8 1 1 1 1 1 2 6 1 1 9 4 19 |3 1 9 14 17 13 3 9 1 19 17 7 6 1 19 10 |6 1 1 7 1 8 9 4 13 1 2 8 1 1 19 11 |
4540: 1 1 15 1 1 1 1 1 5 1 1 4 7 4 16 16 |1 6 3 1 1 1 1 1 1 1 3 15 16 1 1 6 |4 1 8 12 7 3 1 15 5 1 1 6 1 6 1 9 |1 3 16 1 6 1 2 18 12 8 12 11 1 6 5 1 |1 6 1 7 1 1 1 2 7 13 1 1 5 1 1 1 |2 19 1 2 1 1 1 12 4 1 1 1 2 1 5 9 |3 2 21 1 3 1 1 2 2 1 14 11 2 1 1 1 |4 6 1 1 1 2 9 7 15 2 2 2 2 1 4 12 |1 8 1 16 5 3 16 1 17 8 2 14 1 1 4 1 |1 2 8 8 1 1 1 1 1 2 6 1 1 9 4 19 |3 1 9 14 17 13 3 9 1 19 17 7 6 1 19 10 |6 1 1 7 1 8 9 4 13 1 2 8 1 1 19 11 |
4551: 1 1 15 1 1 1 1 1 5 1 1 4 7 4 16 16 |1 6 3 1 1 1 1 1 1 1 3 15 16 1 1 6 |4 1 8 12 7 3 1 15 5 1 1 6 1 6 1 9 |1 3 16 1 6 1 2 18 12 8 12 11 1 6 5 1 |1 6 1 7 1 1 1 2 7 13 1 1 5 1 1 1 |2 19 1 2 1 1 1 12 4 1 1 1 2 1 5 9 |3 2 21 1 3 1 1 2 2 1 14 11 2 1 1 1 |4 6 1 1 1 2 9 7 15 2 2 2 2 1 4 12 |1 8 1 16 5 3 16 1 17 8 2 14 1 1 4 1 |1 2 8 8 1 1 1 1 1 2 6 1 1 9 4 19 |3 1 9 14 17 13 3 9 1 19 17 7 6 1 19 10 |6 1 1 7 1 8 9 4 13 1 2 8 1 1 19 11 |
4562: 1 1 15 1 1 1 1 1 5 1 1 4 7 4 16 16 |1 6 3 1 1 1 1 1 1 1 3 15 16 1 1 6 |4 1 8 12 7 3 1 15 5 1 1 6 1 6 1 9 |1 3 16 1 6 1 2 18 12 8 12 11 1 6 5 1 |1 6 1 7 1 1 1 2 7 13 1 1 5 1 1 1 |2 19 1 2 1 1 1 12 4 1 1 1 2 1 5 9 |3 2 21 1 3 1 1 2 2 1 14 11 2 1 1 1 |4 6 1 1 1 2 9 7 15 2 2 2 2 1 4 12 |1 8 1 16 5 3 16 1 17 8 2 14 1 1 4 1 |1 2 8 8 1 1 1 1 1 2 6 1 1 9 4 19 |3 1 9 14 17 13 3 9 1 19 17 7 6 1 19 10 |6 1 1 7 1 8 9 4 13 1 2 8 1 1 19 11 |
4573: 1 1 15 1 1 1 1 1 5 1 1 4 7 4 16 16 |1 6 3 1 1 1 1 1 1 1 3 15 16 1 1 6 |4 1 8 12 7 3 1 15 5 1 1 6 1 6 1 9 |1 3 16 1 6 1 2 18 12 8 12 11 1 6 5 1 |1 6 1 7 1 1 1 2 7 13 1 1 5 1 1 1 |2 19 1 2 1 1 1 12 4 1 1 1 2 1 5 9 |3 2 21 1 3 1 1 2 2 1 14 11 2 1 1 1 |4 6 1 1 1 2 9 7 15 2 2 2 2 1 4 12 |1 8 1 16 5 3 16 1 17 8 2 14 1 1 4 1 |1 2 8 8 1 1 1 1 1 2 6 1 1 9 4 19 |3 1 9 14 17 13 3 9 1 19 17 7 6 1 19 10 |6 1 1 7 1 8 9 4 13 1 2 8 1 1 19 11 |
4584: 1 1 15 1 1 1 1 1 5 1 1 4 7 4 16 16 |1 6 3 1 1 1 1 1 1 1 3 15 16 1 1 6 |4 1 8 12 7 3 1 15 5 1 1 6 1 6 1 9 |1 3 16 1 6 1 2 18 12 8 12 11 1 6 5 1 |1 6 1 7 1 1 1 2 7 13 1 1 5 1 1 1 |2 19 1 2 1 1 1 12 4 1 1 1 2 1 5 9 |3 2 21 1 3 1 1 2 2 1 14 11 2 1 1 1 |4 6 1 1 1 2 9 7 15 2 2 2 2 1 4 12 |1 8 1 16 5 3 16 1 17 8 2 14 1 1 4 1 |1 2 8 8 1 1 1 1 1 2 6 1 1 9 4 19 |3 1 9 14 17 13 3 9 1 19 17 7 6 1 19 10 |6 1 1 7 1 8 9 4 13 1 2 8 1 1 19 11 |
4595: 1 1 15 1 1 1 1 1 5 1 1 4 7 4 16 16 |1 6 3 1 1 1 1 1 1 1 3 15 16 1 1 6 |4 1 8 12 7 3 1 15 5 1 1 6 1 6 1 9 |1 3 16 1 6 1 2 18 12 8 12 11 1 6 5 1 |1 6 1 7 1 1 1 2 7 13 1 1 5 1 1 1 |2 19 1 2 1 1 1 12 4 1 1 1 2 1 5 9 |3 2 21 1 3 1 1 2 2 1 14 11 2 1 1 1 |4 6 1 1 1 2 9 7 15 2 2 2 2 1 4 12 |1 8 1 16 5 3 16 1 17 8 2 14 1 1 4 1 |1 2 8 8 1 1 1 1 1 2 6 1 1 9 4 19 |3 1 9 14 17 13 3 9 1 19 17 7 6 1 19 10 |6 1 1 7 1 8 9 4 13 1 2 8 1 1 19 11 |
4606: 1 1 15 1 1 1 1 1 5 1 1 4 7 4 16 16 |1 6 3 1 1 1 1 1 1 1 3 15 16 1 1 6 |4 1 8 12 7 3 1 15 5 1 1 6 1 6 1 9 |1 3 16 1 6 1 2 18 12 8 12 11 1 6 5 1 |1 6 1 7 1 1 1 2 7 13 1 1 5 1 1 1 |2 19 1 2 1 1 1 12 4 1 1 1 2 1 5 9 |3 2 21 1 3 1 1 2 2 1 14 11 2 1 1 1 |4 6 1 1 1 2 9 7 15 2 2 2 2 1 4 12 |1 8 1 16 5 3 16 1 17 8 2 14 1 1 4 1 |1 2 8 8 1 1 1 1 1 2 6 1 1 9 4 19 |3 1 9 14 17 13 3 9 1 19 17 7 6 1 19 10 |6 1 1 7 1 8 9 4 13 1 2 8 1 1 19 11 |
4617: 1 1 15 1 1 1 1 1 5 1 1 4 7 4 16 16 |1 6 3 1 1 1 1 1 1 1 3 15 16 1 1 6 |4 1 8 12 7 3 1 15 5 1 1 6 1 6 1 9 |1 3 16 1 6 1 2 18 12 8 12 11 1 6 5 1 |1 6 1 7 1 1 1 2 7 13 1 1 5 1 1 1 |2 19 1 2 1 1 1 12 4 1 1 1 2 1 5 9 |3 2 21 1 3 1 1 2 2 1 14 11 2 1 1 1 |4 6 1 1 1 2 9 7 15 2 2 2 2 1 4 12 |1 8 1 16 5 3 16 1 17 8 2 14 1 1 4 1 |1 2 8 8 1 1 1 1 1 2 6 1 1 9 4 19 |3 1 9 14 17 13 3 9 1 19 17 7 6 1 19 10 |6 1 1 7 1 8 9 4 13 1 2 8 1 1 19 11 |
4628: 1 1 15 1 1 1 1 1 5 1 1 4 7 4 16 16 |1 6 3 1 1 1 1 1 1 1 3 15 16 1 1 6 |4 1 8 12 7 3 1 15 5 1 1 6 1 6 1 9 |1 3 16 1 6 1 2 18 12 8 12 11 1 6 5 1 |1 6 1 7 1 1 1 2 7 13 1 1 5 1 1 1 |3 17 2 7 1 5 1 12 5 1 1 1 2 1 5 9 |3 2 21 1 3 1 1 2 2 1 14 11 2 1 1 1 |4 6 1 1 1 2 9 7 15 2 2 2 2 1 4 12 |1 8 1 16 5 3 16 1 17 8 2 14 1 1 4 1 |1 2 8 8 1 1 1 1 1 2 6 1 1 9 4 19 |3 1 9 14 17 13 3 9 1 19 17 7 6 1 19 10 |6 1 1 7 1 8 9 4 13 1 2 8 1 1 19 11 |
4639: 1 1 15 1 1 1 1 1 5 1 1 4 7 4 16 16 |1 6 3 1 1 1 1 1 1 1 3 15 16 1 1 6 |4 1 8 12 7 3 1 15 5 1 1 6 1 6 1 9 |1 3 16 1 6 1 2 18 12 8 12 11 1 6 5 1 |1 6 1 7 1 1 1 2 7 13 1 1 5 1 1 1 |3 17 2 7 1 5 1 12 5 1 1 1 2 1 5 9 |3 2 21 1 3 1 1 2 2 1 14 11 2 1 1 1 |4 6 1 1 1 2 9 7 15 2 2 2 2 1 4 12 |1 8 1 16 5 3 16 1 17 8 2 14 1 1 4 1 |1 2 8 8 1 1 1 1 1 2 6 1 1 9 4 19 |3 1 9 14 17 13 3 9 1 19 17 7 6 1 19 10 |6 1 1 7 1 8 9 4 13 1 2 8 1 1 19 11 |
4650: 1 1 15 1 1 1 1 1 5 1 1 4 7 4 16 16 |1 6 3 1 1 1 1 1 1 1 3 15 16 1 1 6 |4 1 8 12 7 3 1 15 5 1 1 6 1 6 1 9 |1 3 16 1 6 1 2 18 12 8 12 11 1 6 5 1 |1 6 1 7 1 1 1 2 7 13 1 1 5 1 1 1 |3 17 2 7 1 5 1 12 5 1 1 1 2 1 5 9 |3 2 21 1 3 1 1 2 2 1 14 11 2 1 1 1 |4 6 1 1 1 2 9 7 15 2 2 2 2 1 4 12 |1 8 1 16 5 3 16 1 17 8 2 14 1 1 4 1 |1 2 8 8 1 1 1 1 1 2 6 1 1 9 4 19 |3 1 9 14 17 13 3 9 1 19 17 7 6 1 19 10 |6 1 1 7 1 8 9 4 13 1 2 8 1 1 19 11 |
4661: 1 1 15 1 1 1 1 1 5 1 1 4 7 4 16 16 |1 6 3 1 1 1 1 1 1 1 3 15 16 1 1 6 |4 1 8 12 7 3 1 15 5 1 1 6 1 6 1 9 |1 3 16 1 6 1 2 18 12 8 12 11 1 6 5 1 |1 1 1 8 1 1 1 3 7 14 6 1 5 1 1 1 |3 17 2 7 1 5 1 12 5 1 1 1 2 1 5 9 |3 2 21 1 3 1 1 2 2 1 14 11 2 1 1 1 |4 6 1 1 1 2 9 7 15 2 2 2 2 1 4 12 |1 8 1 16 5 3 16 1 17 8 2 14 1 1 4 1 |1 2 8 8 1 1 1 1 1 2 6 1 1 9 4 19 |3 1 9 14 17 13 3 9 1 19 17 7 6 1 19 10 |6 1 1 7 1 8 9 4 13 1 2 8 1 1 19 11 |
4672: 1 1 15 1 1 1 1 1 5 1 1 4 7 4 16 16 |1 6 3 1 1 1 1 1 1 1 3 15 16 1 1 6 |4 1 8 12 7 3 1 15 5 1 1 6 1 6 1 9 |1 3 16 1 6 1 2 18 12 8 12 11 1 6 5 1 |1 1 1 8 1 1 1 3 7 14 6 1 5 1 1 1 |3 17 2 7 1 5 1 12 5 1 1 1 2 1 5 9 |3 2 21 1 3 1 1 2 2 1 14 11 2 1 1 1 |4 6 1 1 1 2 9 7 15 2 2 2 2 1 4 12 |1 8 1 16 5 3 16 1 17 8 2 14 1 1 4 1 |1 2 8 8 1 1 1 1 1 2 6 1 1 9 4 19 |3 1 9 14 17 13 3 9 1 19 17 7 6 1 19 10 |7 1 2 22 1 8 8 9 14 1 1 8 1 1 6 25 |
4683: 1 1 15 1 1 1 1 1 5 1 1 4 7 4 16 16 |1 6 3 1 1 1 1 1 1 1 3 15 16 1 1 6 |4 1 8 12 7 3 1 15 5 1 1 6 1 6 1 9 |1 3 16 1 6 1 2 18 12 8 12 11 1 6 5 1 |1 1 1 8 1 1 1 3 7 14 6 1 5 1 1 1 |3 17 2 7 1 5 1 12 5 1 1 1 2 1 5 9 |3 2 21 1 3 1 1 2 2 1 14 11 2 1 1 1 |4 6 1 1 1 2 9 7 15 2 2 2 2 1 4 12 |1 8 1 16 5 3 16 1 17 8 2 14 1 1 4 1 |1 2 8 8 1 1 1 1 1 2 6 1 1 9 4 19 |3 1 9 14 17 13 3 9 1 19 17 7 6 1 19 10 |7 1 2 22 1 8 8 9 14 1 1 8 1 1 6 25 |
4694: 1 1 15 1 1 1 1 1 5 1 1 4 7 4 16 16 |1 6 3 1 1 1 1 1 1 1 3 15 16 1 1 6 |4 1 8 12 7 3 1 15 5 1 1 6 1 6 1 9 |1 3 16 1 6 1 2 18 12 8 12 11 1 6 5 1 |1 1 1 8 1 1 1 3 7 14 6 1 5 1 1 1 |3 17 2 7 1 5 1 12 5 1 1 1 2 1 5 9 |3 2 21 1 3 1 1 2 2 1 14 11 2 1 1 1 |4 6 1 1 1 2 9 7 15 2 2 2 2 1 4 12 |1 8 1 16 5 3 16 1 17 8 2 14 1 1 4 1 |1 2 8 8 1 1 1 1 1 2 6 1 1 9 4 19 |3 1 9 14 17 13 3 9 1 19 17 7 6 1 19 10 |7 1 2 22 1 8 8 9 14 1 1 8 1 1 6 25 |
4705: 1 1 15 1 1 1 1 1 5 1 1 4 7 4 16 16 |1 6 3 1 1 1 1 1 1 1 3 15 16 1 1 6 |4 1 8 12 7 3 1 15 5 1 1 6 1 6 1 9 |1 3 16 1 6 1 2 18 12 8 12 11 1 6 5 1 |1 1 1 8 1 1 1 3 7 14 6 1 5 1 1 1 |3 17 2 7 1 5 1 12 5 1 1 1 2 1 5 9 |3 2 21 1 3 1 1 2 2 1 14 11 2 1 1 1 |4 6 1 1 1 2 9 7 15 2 2 2 2 1 4 12 |1 8 1 16 5 3 16 1 17 8 2 14 1 1 4 1 |1 2 8 8 1 1 1 1 1 2 6 1 1 9 4 19 |3 1 9 14 17 13 3 9 1 19 17 7 6 1 19 10 |7 1 2 22 1 8 8 9 14 1 1 8 1 1 6 25 |
4716: 1 1 15 1 1 1 1 1 5 1 1 4 7 4 16 16 |1 6 3 1 1 1 1 1 1 1 3 15 16 1 1 6 |4 1 8 12 7 3 1 15 5 1 1 6 1 6 1 9 |1 3 16 1 6 1 2 18 12 8 12 11 1 6 5 1 |1 1 1 8 1 1 1 3 7 14 6 1 5 1 1 1 |3 17 2 7 1 5 1 12 5 1 1 1 2 1 5 9 |3 2 21 1 3 1 1 2 2 1 14 11 2 1 1 1 |4 6 1 1 1 2 9 7 15 2 2 2 2 1 4 12 |1 8 1 16 5 3 16 1 17 8 2 14 1 1 4 1 |1 2 8 8 1 1 1 1 1 2 6 1 1 9 4 19 |3 1 9 14 17 13 3 9 1 19 17 7 6 1 19 10 |7 1 2 22 1 8 8 9 14 1 1 8 1 1 6 25 |
4727: 1 1 15 1 1 1 1 1 5 1 1 4 7 4 16 16 |1 6 3 1 1 1 1 1 1 1 3 15 16 1 1 6 |4 1 8 12 7 3 1 15 5 1 1 6 1 6 1 9 |1 3 16 1 6 1 2 18 12 8 12 11 1 6 5 1 |1 1 1 8 1 1 1 3 7 14 6 1 5 1 1 1 |3 17 2 7 1 5 1 12 5 1 1 1 2 1 5 9 |3 2 21 1 3 1 1 2 2 1 14 11 2 1 1 1 |4 6 1 1 1 2 9 7 15 2 2 2 2 1 4 12 |1 8 1 16 5 3 16 1 17 8 2 14 1 1 4 1 |1 2 8 8 1 1 1 1 1 2 6 1 1 9 4 19 |3 1 9 14 17 13 3 9 1 19 17 7 6 1 19 10 |7 1 2 22 1 8 8 9 14 1 1 8 1 1 6 25 |
4738: 1 1 15 1 1 1 1 1 5 1 1 4 7 4 16 16 |1 6 3 1 1 1 1 1 1 1 3 15 16 1 1 6 |4 1 8 12 7 3 1 15 5 1 1 6 1 6 1 9 |1 3 16 1 6 1 2 18 12 8 12 11 1 6 5 1 |1 1 1 8 1 1 1 3 7 14 6 1 5 1 1 1 |3 17 2 7 1 5 1 12 5 1 1 1 2 1 5 9 |3 2 21 1 3 1 1 2 2 1 14 11 2 1 1 1 |4 6 1 1 1 2 9 7 15 2 2 2 2 1 4 12 |1 8 1 16 5 3 16 1 17 8 2 14 1 1 4 1 |1 2 8 8 1 1 1 1 1 2 6 1 1 9 4 19 |3 1 9 14 17 13 3 9 1 19 17 7 6 1 19 10 |7 1 2 22 1 8 8 9 14 1 1 8 1 1 6 25 |
4749: 1 1 15 1 1 1 1 1 5 1 1 4 7 4 16 16 |1 6 3 1 1 1 1 1 1 1 3 15 16 1 1 6 |4 1 8 12 7 3 1 15 5 1 1 6 1 6 1 9 |1 3 16 1 6 1 2 18 12 8 12 11 1 6 5 1 |1 1 1 8 1 1 1 3 7 14 6 1 5 1 1 1 |3 17 2 7 1 5 1 12 5 1 1 1 2 1 5 9 |3 2 21 1 3 1 1 2 2 1 14 11 2 1 1 1 |4 6 1 1 1 2 9 7 15 2 2 2 2 1 4 12 |1 8 1 16 5 3 16 1 17 8 2 14 1 1 4 1 |1 2 8 8 1 1 1 1 1 2 6 1 1 9 4 19 |3 1 9 14 17 13 3 9 1 19 17 7 6 1 19 10 |7 1 2 22 1 8 8 9 14 1 1 8 1 1 6 25 |
4760: 1 1 15 1 1 1 1 1 5 1 1 4 7 4 16 16 |1 6 3 1 1 1 1 1 1 1 3 15 16 1 1 6 |4 1 8 12 7 3 1 15 5 1 1 6 1 6 1 9 |1 3 16 1 6 1 2 18 12 8 12 11 1 6 5 1 |1 1 1 8 1 1 1 3 7 14 6 1 5 1 1 1 |3 17 2 7 1 5 1 12 5 1 1 1 2 1 5 9 |3 2 21 1 3 1 1 2 2 1 14 11 2 1 1 1 |4 4 6 1 12 1 8 8 17 1 1 1 1 3 5 12 |1 8 1 16 5 3 16 1 17 8 2 14 1 1 4 1 |1 2 8 8 1 1 1 1 1 2 6 1 1 9 4 19 |3 1 9 14 17 13 3 9 1 19 17 7 6 1 19 10 |7 1 2 22 1 8 8 9 14 1 1 8 1 1 6 25 |
4771: 1 1 15 1 1 1 1 1 5 1 1 4 7 4 16 16 |1 6 3 1 1 1 1 1 1 1 3 15 16 1 1 6 |4 1 8 12 7 3 1 15 5 1 1 6 1 6 1 9 |1 3 16 1 6 1 2 18 12 8 12 11 1 6 5 1 |1 1 1 8 1 1 1 3 7 14 6 1 5 1 1 1 |3 17 2 7 1 5 1 12 5 1 1 1 2 1 5 9 |3 2 21 1 3 1 1 2 2 1 14 11 2 1 1 1 |4 4 6 1 12 1 8 8 17 1 1 1 1 3 5 12 |1 8 1 16 5 3 16 1 17 8 2 14 1 1 4 1 |1 2 8 8 1 1 1 1 1 2 6 1 1 9 4 19 |3 1 9 14 17 13 3 9 1 19 17 7 6 1 19 10 |7 1 2 22 1 8 8 9 14 1 1 8 1 1 6 25 |
4782: 1 7 13 1 1 1 2 1 1 1 1 1 13 4 9 21 |1 6 3 1 1 1 1 1 1 1 3 15 16 1 1 6 |4 1 8 12 7 3 1 15 5 1 1 6 1 6 1 9 |1 3 16 1 6 1 2 18 12 8 12 11 1 6 5 1 |1 1 1 8 1 1 1 3 7 14 6 1 5 1 1 1 |3 17 2 7 1 5 1 12 5 1 1 1 2 1 5 9 |3 2 21 1 3 1 1 2 2 1 14 11 2 1 1 1 |4 4 6 1 12 1 8 8 17 1 1 1 1 3 5 12 |1 8 1 16 5 3 16 1 17 8 2 14 1 1 4 1 |1 2 8 8 1 1 1 1 1 2 6 1 1 9 4 19 |3 1 9 14 17 13 3 9 1 19 17 7 6 1 19 10 |7 1 2 22 1 8 8 9 14 1 1 8 1 1 6 25 |
4793: 1 7 13 1 1 1 2 1 1 1 1 1 13 4 9 21 |1 6 3 1 1 1 1 1 1 1 3 15 16 1 1 6 |4 1 8 12 7 3 1 15 5 1 1 6 1 6 1 9 |1 3 16 1 6 1 2 18 12 8 12 11 1 6 5 1 |1 1 1 8 1 1 1 3 7 14 6 1 5 1 1 1 |3 17 2 7 1 5 1 12 5 1 1 1 2 1 5 9 |3 2 21 1 3 1 1 2 2 1 14 11 2 1 1 1 |4 4 6 1 12 1 8 8 17 1 1 1 1 3 5 12 |4 7 1 16 5 2 16 8 16 2 2 13 1 14 1 1 |1 2 8 8 1 1 1 1 1 2 6 1 1 9 4 19 |3 1 9 14 17 13 3 9 1 19 17 7 6 1 19 10 |7 1 2 22 1 8 8 9 14 1 1 8 1 1 6 25 |
4804: 1 7 13 1 1 1 2 1 1 1 1 1 13 4 9 21 |1 6 3 1 1 1 1 1 1 1 3 15 16 1 1 6 |4 1 8 12 7 3 1 15 5 1 1 6 1 6 1 9 |1 3 16 1 6 1 2 18 12 8 12 11 1 6 5 1 |1 1 1 8 1 1 1 3 7 14 6 1 5 1 1 1 |3 17 2 7 1 5 1 12 5 1 1 1 2 1 5 9 |3 2 21 1 3 1 1 2 2 1 14 11 2 1 1 1 |4 4 6 1 12 1 8 8 17 1 1 1 1 3 5 12 |4 7 1 16 5 2 16 8 16 2 2 13 1 14 1 1 |1 2 8 8 1 1 1 1 1 2 6 1 1 9 4 19 |3 1 9 14 17 13 3 9 1 19 17 7 6 1 19 10 |7 1 2 22 1 8 8 9 14 1 1 8 1 1 6 25 |
4815: 1 7 13 1 1 1 2 1 1 1 1 1 13 4 9 21 |1 6 3 1 1 1 1 1 1 1 3 15 16 1 1 6 |4 1 8 12 7 3 1 15 5 1 1 6 1 6 1 9 |1 3 16 1 6 1 2 18 12 8 12 11 1 6 5 1 |1 1 1 8 1 1 1 3 7 14 6 1 5 1 1 1 |3 17 2 7 1 5 1 12 5 1 1 1 2 1 5 9 |3 2 21 1 3 1 1 2 2 1 14 11 2 1 1 1 |4 4 6 1 12 1 8 8 17 1 1 1 1 3 5 12 |4 7 1 16 5 2 16 8 16 2 2 13 1 14 1 1 |1 2 8 8 1 1 1 1 1 2 6 1 1 9 4 19 |3 1 9 14 17 13 3 9 1 19 17 7 6 1 19 10 |7 1 2 22 1 8 8 9 14 1 1 8 1 1 6 25 |
4826: 1 7 13 1 1 1 2 1 1 1 1 1 13 4 9 21 |1 6 3 1 1 1 1 1 1 1 3 15 16 1 1 6 |4 1 8 12 7 3 1 15 5 1 1 6 1 6 1 9 |1 3 16 1 6 1 2 18 12 8 12 11 1 6 5 1 |1 1 1 8 1 1 1 3 7 14 6 1 5 1 1 1 |3 17 2 7 1 5 1 12 5 1 1 1 2 1 5 9 |3 2 21 1 3 1 1 2 2 1 14 11 2 1 1 1 |4 4 6 1 12 1 8 8 17 1 1 1 1 3 5 12 |1 1 1 14 10 2 16 1 18 9 2 18 1 2 1 14 |1 2 8 8 1 1 1 1 1 2 6 1 1 9 4 19 |3 1 9 14 17 13 3 9 1 19 17 7 6 1 19 10 |7 1 2 22 1 8 8 9 14 1 1 8 1 1 6 25 |
4836: 1 7 13 1 1 1 2 1 1 1 1 1 13 4 9 21 |1 6 3 1 1 1 1 1 1 1 3 15 16 1 1 6 |4 1 8 12 7 3 1 15 5 1 1 6 1 6 1 9 |1 3 16 1 6 1 2 18 12 8 12 11 1 6 5 1 |1 1 1 8 1 1 1 3 7 14 6 1 5 1 1 1 |3 17 2 7 1 5 1 12 5 1 1 1 2 1 5 9 |3 2 21 1 3 1 1 2 2 1 14 11 2 1 1 1 |4 4 6 1 12 1 8 8 17 1 1 1 1 3 5 12 |1 1 1 14 10 2 16 1 18 9 2 18 1 2 1 14 |1 10 15 9 1 1 1 1 1 5 9 9 1 12 13 28 |3 1 9 14 17 13 3 9 1 19 17 7 6 1 19 10 |7 1 2 22 1 8 8 9 14 1 1 8 1 1 6 25 |
4847: 1 7 13 1 1 1 2 1 1 1 1 1 13 4 9 21 |3 7 1 1 3 1 1 1 14 1 1 15 11 1 1 1 |4 1 8 12 7 3 1 15 5 1 1 6 1 6 1 9 |1 3 16 1 6 1 2 18 12 8 12 11 1 6 5 1 |1 1 1 8 1 1 1 3 7 14 6 1 5 1 1 1 |3 17 2 7 1 5 1 12 5 1 1 1 2 1 5 9 |3 2 21 1 3 1 1 2 2 1 14 11 2 1 1 1 |4 4 6 1 12 1 8 8 17 1 1 1 1 3 5 12 |1 1 1 14 10 2 16 1 18 9 2 18 1 2 1 14 |1 10 15 9 1 1 1 1 1 5 9 9 1 12 13 28 |3 1 9 14 17 13 3 9 1 19 17 7 6 1 19 10 |7 1 2 22 1 8 8 9 14 1 1 8 1 1 6 25 |
4858: 1 7 13 1 1 1 2 1 1 1 1 1 13 4 9 21 |3 7 1 1 3 1 1 1 14 1 1 15 11 1 1 1 |5 1 9 12 8 1 3 17 5 1 5 1 7 2 1 1 |1 3 16 1 6 1 2 18 12 8 12 11 1 6 5 1 |1 1 1 8 1 1 1 3 7 14 6 1 5 1 1 1 |3 17 2 7 1 5 1 12 5 1 1 1 2 1 5 9 |3 2 21 1 3 1 1 2 2 1 14 11 2 1 1 1 |4 4 6 1 12 1 8 8 17 1 1 1 1 3 5 12 |1 1 1 14 10 2 16 1 18 9 2 18 1 2 1 14 |1 10 15 9 1 1 1 1 1 5 9 9 1 12 13 28 |3 1 9 14 17 13 3 9 1 19 17 7 6 1 19 10 |7 1 2 22 1 8 8 9 14 1 1 8 1 1 6 25 |
4869: 1 7 13 1 1 1 2 1 1 1 1 1 13 4 9 21 |3 7 1 1 3 1 1 1 14 1 1 15 11 1 1 1 |5 1 9 12 8 1 3 17 5 1 5 1 7 2 1 1 |1 3 16 1 6 1 2 18 12 8 12 11 1 6 5 1 |1 1 1 8 1 1 1 3 7 14 6 1 5 1 1 1 |3 17 2 7 1 5 1 12 5 1 1 1 2 1 5 9 |3 2 21 1 3 1 1 2 2 1 14 11 2 1 1 1 |4 4 6 1 12 1 8 8 17 1 1 1 1 3 5 12 |1 1 1 14 10 2 16 1 18 9 2 18 1 2 1 14 |1 10 15 9 1 1 1 1 1 5 9 9 1 12 13 28 |3 1 9 14 17 13 3 9 1 19 17 7 6 1 19 10 |7 1 2 22 1 8 8 9 14 1 1 8 1 1 6 25 |
4880: 1 7 13 1 1 1 2 1 1 1 1 1 13 4 9 21 |3 7 1 1 3 1 1 1 14 1 1 15 11 1 1 1 |5 1 9 12 8 1 3 17 5 1 5 1 7 2 1 1 |1 3 16 1 6 1 2 18 12 8 12 11 1 6 5 1 |1 1 1 8 1 1 1 3 7 14 6 1 5 1 1 1 |3 17 2 7 1 5 1 12 5 1 1 1 2 1 5 9 |3 2 21 1 3 1 1 2 2 1 14 11 2 1 1 1 |4 4 6 1 12 1 8 8 17 1 1 1 1 3 5 12 |1 1 1 14 10 2 16 1 18 9 2 18 1 2 1 14 |1 10 15 9 1 1 1 1 1 5 9 9 1 12 13 28 |3 1 9 14 17 13 3 9 1 19 17 7 6 1 19 10 |7 1 2 22 1 8 8 9 14 1 1 8 1 1 6 25 |
4891: 1 7 13 1 1 1 2 1 1 1 1 1 13 4 9 21 |3 7 1 1 3 1 1 1 14 1 1 15 11 1 1 1 |5 1 9 12 8 1 3 17 5 1 5 1 7 2 1 1 |1 3 16 1 6 1 2 18 12 8 12 11 1 6 5 1 |1 1 1 8 1 1 1 3 7 14 6 1 5 1 1 1 |3 17 2 7 1 5 1 12 5 1 1 1 2 1 5 9 |3 2 21 1 3 1 1 2 2 1 14 11 2 1 1 1 |1 13 1 1 6 1 9 7 16 3 10 3 2 1 1 24 |1 1 1 14 10 2 16 1 18 9 2 18 1 2 1 14 |1 10 15 9 1 1 1 1 1 5 9 9 1 12 13 28 |3 1 9 14 17 13 3 9 1 19 17 7 6 1 19 10 |7 1 2 22 1 8 8 9 14 1 1 8 1 1 6 25 |
4902: 1 7 13 1 1 1 2 1 1 1 1 1 13 4 9 21 |3 7 1 1 3 1 1 1 14 1 1 15 11 1 1 1 |5 1 9 12 8 1 3 17 5 1 5 1 7 2 1 1 |1 3 16 1 6 1 2 18 12 8 12 11 1 6 5 1 |1 1 1 8 1 1 1 3 7 14 6 1 5 1 1 1 |3 17 2 7 1 5 1 12 5 1 1 1 2 1 5 9 |3 2 21 1 3 1 1 2 2 1 14 11 2 1 1 1 |1 13 1 1 6 1 9 7 16 3 10 3 2 1 1 24 |1 1 1 14 10 2 16 1 18 9 2 18 1 2 1 14 |1 10 15 9 1 1 1 1 1 5 9 9 1 12 13 28 |3 1 9 14 17 13 3 9 1 19 17 7 6 1 19 10 |7 1 2 22 1 8 8 9 14 1 1 8 1 1 6 25 |
4913: 1 7 13 1 1 1 2 1 1 1 1 1 13 4 9 21 |3 7 1 1 3 1 1 1 14 1 1 15 11 1 1 1 |5 1 9 12 8 1 3 17 5 1 5 1 7 2 1 1 |1 3 16 1 6 1 2 18 12 8 12 11 1 6 5 1 |1 1 1 8 1 1 1 3 7 14 6 1 5 1 1 1 |3 17 2 7 1 5 1 12 5 1 1 1 2 1 5 9 |3 2 21 1 3 1 1 2 2 1 14 11 2 1 1 1 |1 13 1 1 6 1 9 7 16 3 10 3 2 1 1 24 |1 1 1 14 10 2 16 1 18 9 2 18 1 2 1 14 |1 10 15 9 1 1 1 1 1 5 9 9 1 12 13 28 |3 1 9 14 17 13 3 9 1 19 17 7 6 1 19 10 |7 1 2 22 1 8 8 9 14 1 1 8 1 1 6 25 |
4924: 1 7 13 1 1 1 2 1 1 1 1 1 13 4 9 21 |3 7 1 1 3 1 1 1 14 1 1 15 11 1 1 1 |5 1 9 12 8 1 3 17 5 1 5 1 7 2 1 1 |1 3 16 1 6 1 2 18 12 8 12 11 1 6 5 1 |1 1 1 8 1 1 1 3 7 14 6 1 5 1 1 1 |1 20 1 5 1 1 6 15 4 2 1 3 8 1 1 23 |3 2 21 1 3 1 1 2 2 1 14 11 2 1 1 1 |1 13 1 1 6 1 9 7 16 3 10 3 2 1 1 24 |1 1 1 14 10 2 16 1 18 9 2 18 1 2 1 14 |1 10 15 9 1 1 1 1 1 5 9 9 1 12 13 28 |3 1 9 14 17 13 3 9 1 19 17 7 6 1 19 10 |7 1 2 22 1 8 8 9 14 1 1 8 1 1 6 25 |
4935: 1 7 13 1 1 1 2 1 1 1 1 1 13 4 9 21 |3 7 1 1 3 1 1 1 14 1 1 15 11 1 1 1 |5 1 9 12 8 1 3 17 5 1 5 1 7 2 1 1 |1 3 16 1 6 1 2 18 12 8 12 11 1 6 5 1 |1 1 1 8 1 1 1 3 7 14 6 1 5 1 1 1 |1 20 1 5 1 1 6 15 4 2 1 3 8 1 1 23 |3 2 21 1 3 1 1 2 2 1 14 11 2 1 1 1 |1 13 1 1 6 1 9 7 16 3 10 3 2 1 1 24 |1 1 1 14 10 2 16 1 18 9 2 18 1 2 1 14 |1 10 15 9 1 1 1 1 1 5 9 9 1 12 13 28 |3 1 9 14 17 13 3 9 1 19 17 7 6 1 19 10 |7 1 2 22 1 8 8 9 14 1 1 8 1 1 6 25 |
4946: 1 7 13 1 1 1 2 1 1 1 1 1 13 4 9 21 |3 7 1 1 3 1 1 1 14 1 1 15 11 1 1 1 |5 1 9 12 8 1 3 17 5 1 5 1 7 2 1 1 |1 3 16 1 6 1 2 18 12 8 12 11 1 6 5 1 |1 1 1 8 1 1 1 3 7 14 6 1 5 1 1 1 |1 20 1 5 1 1 6 15 4 2 1 3 8 1 1 23 |3 2 21 1 3 1 1 2 2 1 14 11 2 1 1 1 |1 13 1 1 6 1 9 7 16 3 10 3 2 1 1 24 |1 1 1 14 10 2 16 1 18 9 2 18 1 2 1 14 |1 10 15 9 1 1 1 1 1 5 9 9 1 12 13 28 |3 1 9 14 17 13 3 9 1 19 17 7 6 1 19 10 |7 1 2 22 1 8 8 9 14 1 1 8 1 1 6 25 |
4957: 1 7 13 1 1 1 2 1 1 1 1 1 13 4 9 21 |3 7 1 1 3 1 1 1 14 1 1 15 11 1 1 1 |5 1 9 12 8 1 3 17 5 1 5 1 7 2 1 1 |1 3 16 1 6 1 2 18 12 8 12 11 1 6 5 1 |1 1 1 8 1 1 1 3 7 14 6 1 5 1 1 1 |1 20 1 5 1 1 6 15 4 2 1 3 8 1 1 23 |3 2 21 1 3 1 1 2 2 1 14 11 2 1 1 1 |1 13 1 1 6 1 9 7 16 3 10 3 2 1 1 24 |1 1 1 14 10 2 16 1 18 9 2 18 1 2 1 14 |1 10 15 9 1 1 1 1 1 5 9 9 1 12 13 28 |3 1 9 14 17 13 3 9 1 19 17 7 6 1 19 10 |7 1 2 22 1 8 8 9 14 1 1 8 1 1 6 25 |
4968: 1 7 13 1 1 1 2 1 1 1 1 1 13 4 9 21 |3 7 1 1 3 1 1 1 14 1 1 15 11 1 1 1 |5 1 9 12 8 1 3 17 5 1 5 1 7 2 1 1 |1 3 16 1 6 1 2 18 12 8 12 11 1 6 5 1 |1 1 1 8 1 1 1 3 7 14 6 1 5 1 1 1 |1 20 1 5 1 1 6 15 4 2 1 3 8 1 1 23 |3 2 21 1 3 1 1 2 2 1 14 11 2 1 1 1 |1 13 1 1 6 1 9 7 16 3 10 3 2 1 1 24 |1 1 1 14 10 2 16 1 18 9 2 18 1 2 1 14 |1 10 15 9 1 1 1 1 1 5 9 9 1 12 13 28 |3 1 9 14 17 13 3 9 1 19 17 7 6 1 19 10 |1 3 9 14 3 9 1 1 9 1 1 11 6 9 45 216 |
4979: 1 7 13 1 1 1 2 1 1 1 1 1 13 4 9 21 |3 7 1 1 3 1 1 1 14 1 1 15 11 1 1 1 |5 1 9 12 8 1 3 17 5 1 5 1 7 2 1 1 |1 3 16 1 6 1 2 18 12 8 12 11 1 6 5 1 |1 1 1 8 1 1 1 3 7 14 6 1 5 1 1 1 |1 20 1 5 1 1 6 15 4 2 1 3 8 1 1 23 |3 2 21 1 3 1 1 2 2 1 14 11 2 1 1 1 |1 13 1 1 6 1 9 7 16 3 10 3 2 1 1 24 |1 1 1 14 10 2 16 1 18 9 2 18 1 2 1 14 |1 10 15 9 1 1 1 1 1 5 9 9 1 12 13 28 |3 1 9 14 17 13 3 9 1 19 17 7 6 1 19 10 |1 3 9 14 3 9 1 1 9 1 1 11 6 9 45 216 |
4990: 1 7 13 1 1 1 2 1 1 1 1 1 13 4 9 21 |3 7 1 1 3 1 1 1 14 1 1 15 11 1 1 1 |4 1 10 5 12 1 1 17 9 1 3 4 6 1 1 1 |1 3 16 1 6 1 2 18 12 8 12 11 1 6 5 1 |1 1 1 8 1 1 1 3 7 14 6 1 5 1 1 1 |1 20 1 5 1 1 6 15 4 2 1 3 8 1 1 23 |3 2 21 1 3 1 1 2 2 1 14 11 2 1 1 1 |1 13 1 1 6 1 9 7 16 3 10 3 2 1 1 24 |1 1 1 14 10 2 16 1 18 9 2 18 1 2 1 14 |1 10 15 9 1 1 1 1 1 5 9 9 1 12 13 28 |3 1 9 14 17 13 3 9 1 19 17 7 6 1 19 10 |1 3 9 14 3 9 1 1 9 1 1 11 6 9 45 216 |
5001: 1 7 13 1 1 1 2 1 1 1 1 1 13 4 9 21 |3 7 1 1 3 1 1 1 14 1 1 15 11 1 1 1 |4 1 10 5 12 1 1 17 9 1 3 4 6 1 1 1 |1 3 16 1 6 1 2 18 12 8 12 11 1 6 5 1 |1 1 1 8 1 1 1 3 7 14 6 1 5 1 1 1 |1 20 1 5 1 1 6 15 4 2 1 3 8 1 1 23 |3 2 21 1 3 1 1 2 2 1 14 11 2 1 1 1 |1 13 1 1 6 1 9 7 16 3 10 3 2 1 1 24 |1 1 1 14 10 2 16 1 18 9 2 18 1 2 1 14 |1 10 15 9 1 1 1 1 1 5 9 9 1 12 13 28 |3 1 9 14 17 13 3 9 1 19 17 7 6 1 19 10 |1 3 9 14 3 9 1 1 9 1 1 11 6 9 45 216 |
5012: 1 7 13 1 1 1 2 1 1 1 1 1 13 4 9 21 |3 7 1 1 3 1 1 1 14 1 1 15 11 1 1 1 |4 1 10 5 12 1 1 17 9 1 3 4 6 1 1 1 |1 3 16 1 6 1 2 18 12 8 12 11 1 6 5 1 |1 1 1 8 1 1 1 3 7 14 6 1 5 1 1 1 |1 20 1 5 1 1 6 15 4 2 1 3 8 1 1 23 |3 2 21 1 3 1 1 2 2 1 14 11 2 1 1 1 |1 13 1 1 6 1 9 7 16 3 10 3 2 1 1 24 |1 1 1 14 10 2 16 1 18 9 2 18 1 2 1 14 |1 10 15 9 1 1 1 1 1 5 9 9 1 12 13 28 |3 1 9 14 17 13 3 9 1 19 17 7 6 1 19 10 |1 3 9 14 3 9 1 1 9 1 1 11 6 9 45 216 |
5023: 1 7 13 1 1 1 2 1 1 1 1 1 13 4 9 21 |3 7 1 1 3 1 1 1 14 1 1 15 11 1 1 1 |4 1 10 5 12 1 1 17 9 1 3 4 6 1 1 1 |1 3 16 1 6 1 2 18 12 8 12 11 1 6 5 1 |1 1 1 8 1 1 1 3 7 14 6 1 5 1 1 1 |1 20 1 5 1 1 6 15 4 2 1 3 8 1 1 23 |3 2 21 1 3 1 1 2 2 1 14 11 2 1 1 1 |1 13 1 1 6 1 9 7 16 3 10 3 2 1 1 24 |1 1 1 14 10 2 16 1 18 9 2 18 1 2 1 14 |1 10 15 9 1 1 1 1 1 5 9 9 1 12 13 28 |3 1 9 14 17 13 3 9 1 19 17 7 6 1 19 10 |1 3 9 14 3 9 1 1 9 1 1 11 6 9 45 216 |
5034: 1 7 13 1 1 1 2 1 1 1 1 1 13 4 9 21 |3 7 1 1 3 1 1 1 14 1 1 15 11 1 1 1 |4 1 10 5 12 1 1 17 9 1 3 4 6 1 1 1 |1 3 16 1 6 1 2 18 12 8 12 11 1 6 5 1 |1 1 1 8 1 1 1 3 7 14 6 1 5 1 1 1 |1 20 1 5 1 1 6 15 4 2 1 3 8 1 1 23 |3 2 21 1 3 1 1 2 2 1 14 11 2 1 1 1 |1 13 1 1 6 1 9 7 16 3 10 3 2 1 1 24 |1 1 1 14 10 2 16 1 18 9 2 18 1 2 1 14 |1 10 15 9 1 1 1 1 1 5 9 9 1 12 13 28 |3 1 9 14 17 13 3 9 1 19 17 7 6 1 19 10 |1 3 9 14 3 9 1 1 9 1 1 11 6 9 45 216 |
5045: 1 7 13 1 1 1 2 1 1 1 1 1 13 4 9 21 |3 7 1 1 3 1 1 1 14 1 1 15 11 1 1 1 |4 1 10 5 12 1 1 17 9 1 3 4 6 1 1 1 |1 3 16 1 6 1 2 18 12 8 12 11 1 6 5 1 |1 1 1 8 1 1 1 3 7 14 6 1 5 1 1 1 |1 20 1 5 1 1 6 15 4 2 1 3 8 1 1 23 |3 2 21 1 3 1 1 2 2 1 14 11 2 1 1 1 |1 13 1 1 6 1 9 7 16 3 10 3 2 1 1 24 |1 1 1 14 10 2 16 1 18 9 2 18 1 2 1 14 |1 10 15 9 1 1 1 1 1 5 9 9 1 12 13 28 |3 1 9 14 17 13 3 9 1 19 17 7 6 1 19 10 |1 3 9 14 3 9 1 1 9 1 1 11 6 9 45 216 |
5056: 1 7 13 1 1 1 2 1 1 1 1 1 13 4 9 21 |3 7 1 1 3 1 1 1 14 1 1 15 11 1 1 1 |4 1 10 5 12 1 1 17 9 1 3 4 6 1 1 1 |1 2 18 1 17 1 4 19 1 8 15 12 1 8 1 8 |1 1 1 8 1 1 1 3 7 14 6 1 5 1 1 1 |1 20 1 5 1 1 6 15 4 2 1 3 8 1 1 23 |3 2 21 1 3 1 1 2 2 1 14 11 2 1 1 1 |1 13 1 1 6 1 9 7 16 3 10 3 2 1 1 24 |1 1 1 14 10 2 16 1 18 9 2 18 1 2 1 14 |1 10 15 9 1 1 1 1 1 5 9 9 1 12 13 28 |3 1 9 14 17 13 3 9 1 19 17 7 6 1 19 10 |1 3 9 14 3 9 1 1 9 1 1 11 6 9 45 216 |
5067: 1 7 13 1 1 1 2 1 1 1 1 1 13 4 9 21 |3 7 1 1 3 1 1 1 14 1 1 15 11 1 1 1 |4 1 10 5 12 1 1 17 9 1 3 4 6 1 1 1 |1 2 18 1 17 1 4 19 1 8 15 12 1 8 1 8 |1 1 1 8 1 1 1 3 7 14 6 1 5 1 1 1 |1 20 1 5 1 1 6 15 4 2 1 3 8 1 1 23 |3 2 21 1 3 1 1 2 2 1 14 11 2 1 1 1 |1 13 1 1 6 1 9 7 16 3 10 3 2 1 1 24 |1 1 1 14 10 2 16 1 18 9 2 18 1 2 1 14 |1 10 15 9 1 1 1 1 1 5 9 9 1 12 13 28 |3 1 9 14 17 13 3 9 1 19 17 7 6 1 19 10 |1 3 9 14 3 9 1 1 9 1 1 11 6 9 45 216 |
5078: 1 7 13 1 1 1 2 1 1 1 1 1 13 4 9 21 |3 7 1 1 3 1 1 1 14 1 1 15 11 1 1 1 |4 1 10 5 12 1 1 17 9 1 3 4 6 1 1 1 |1 2 18 1 17 1 4 19 1 8 15 12 1 8 1 8 |1 1 1 8 1 1 1 3 7 14 6 1 5 1 1 1 |1 20 1 5 1 1 6 15 4 2 1 3 8 1 1 23 |3 2 21 1 3 1 1 2 2 1 14 11 2 1 1 1 |1 13 1 1 6 1 9 7 16 3 10 3 2 1 1 24 |1 1 1 14 10 2 16 1 18 9 2 18 1 2 1 14 |1 10 15 9 1 1 1 1 1 5 9 9 1 12 13 28 |3 1 9 14 17 13 3 9 1 19 17 7 6 1 19 10 |1 3 9 14 3 9 1 1 9 1 1 11 6 9 45 216 |
5089: 1 7 13 1 1 1 2 1 1 1 1 1 13 4 9 21 |3 7 1 1 3 1 1 1 14 1 1 15 11 1 1 1 |4 1 10 5 12 1 1 17 9 1 3 4 6 1 1 1 |1 2 18 1 17 1 4 19 1 8 15 12 1 8 1 8 |1 1 1 8 1 1 1 3 7 14 6 1 5 1 1 1 |1 20 1 5 1 1 6 15 4 2 1 3 8 1 1 23 |3 2 21 1 3 1 1 2 2 1 14 11 2 1 1 1 |1 13 1 1 6 1 9 7 16 3 10 3 2 1 1 24 |1 1 1 14 10 2 16 1 18 9 2 18 1 2 1 14 |1 10 15 9 1 1 1 1 1 5 9 9 1 12 13 28 |3 1 9 14 17 13 3 9 1 19 17 7 6 1 19 10 |1 3 9 14 3 9 1 1 9 1 1 11 6 9 45 216 |
5100: 1 7 13 1 1 1 2 1 1 1 1 1 13 4 9 21 |3 7 1 1 3 1 1 1 14 1 1 15 11 1 1 1 |4 1 10 5 12 1 1 17 9 1 3 4 6 1 1 1 |1 2 18 1 17 1 4 19 1 8 15 12 1 8 1 8 |1 1 1 8 1 1 1 3 7 14 6 1 5 1 1 1 |1 20 1 5 1 1 6 15 4 2 1 3 8 1 1 23 |3 2 21 1 3 1 1 2 2 1 14 11 2 1 1 1 |1 13 1 1 6 1 9 7 16 3 10 3 2 1 1 24 |1 1 1 14 10 2 16 1 18 9 2 18 1 2 1 14 |1 10 15 9 1 1 1 1 1 5 9 9 1 12 13 28 |3 1 9 14 17 13 3 9 1 19 17 7 6 1 19 10 |1 3 9 14 3 9 1 1 9 1 1 11 6 9 45 216 |
5111: 1 7 13 1 1 1 2 1 1 1 1 1 13 4 9 21 |3 7 1 1 3 1 1 1 14 1 1 15 11 1 1 1 |4 1 10 5 12 1 1 17 9 1 3 4 6 1 1 1 |1 2 18 1 17 1 4 19 1 8 15 12 1 8 1 8 |1 1 1 8 1 1 1 3 7 14 6 1 5 1 1 1 |1 20 1 5 1 1 6 15 4 2 1 3 8 1 1 23 |3 2 21 1 3 1 1 2 2 1 14 11 2 1 1 1 |1 13 1 1 6 1 9 7 16 3 10 3 2 1 1 24 |1 1 1 14 10 2 16 1 18 9 2 18 1 2 1 14 |1 10 15 9 1 1 1 1 1 5 9 9 1 12 13 28 |3 1 9 14 17 13 3 9 1 19 17 7 6 1 19 10 |1 3 9 14 3 9 1 1 9 1 1 11 6 9 45 216 |
5122: 1 7 13 1 1 1 2 1 1 1 1 1 13 4 9 21 |3 7 1 1 3 1 1 1 14 1 1 15 11 1 1 1 |5 1 9 12 7 4 5 12 1 1 1 1 1 7 1 1 |1 2 18 1 17 1 4 19 1 8 15 12 1 8 1 8 |1 1 1 8 1 1 1 3 7 14 6 1 5 1 1 1 |1 20 1 5 1 1 6 15 4 2 1 3 8 1 1 23 |3 2 21 1 3 1 1 2 2 1 14 11 2 1 1 1 |1 13 1 1 6 1 9 7 16 3 10 3 2 1 1 24 |1 1 1 14 10 2 16 1 18 9 2 18 1 2 1 14 |1 10 15 9 1 1 1 1 1 5 9 9 1 12 13 28 |3 1 9 14 17 13 3 9 1 19 17 7 6 1 19 10 |1 3 9 14 3 9 1 1 9 1 1 11 6 9 45 216 |
5133: 1 7 13 1 1 1 2 1 1 1 1 1 13 4 9 21 |3 7 1 1 3 1 1 1 14 1 1 15 11 1 1 1 |5 1 9 12 7 4 5 12 1 1 1 1 1 7 1 1 |1 2 18 1 17 1 4 19 1 8 15 12 1 8 1 8 |1 1 1 8 1 1 1 3 7 14 6 1 5 1 1 1 |1 20 1 5 1 1 6 15 4 2 1 3 8 1 1 23 |3 2 21 1 3 1 1 2 2 1 14 11 2 1 1 1 |1 13 1 1 6 1 9 7 16 3 10 3 2 1 1 24 |1 1 1 14 10 2 16 1 18 9 2 18 1 2 1 14 |1 10 15 9 1 1 1 1 1 5 9 9 1 12 13 28 |3 1 9 14 17 13 3 9 1 19 17 7 6 1 19 10 |1 3 9 14 3 9 1 1 9 1 1 11 6 9 45 216 |
5144: 1 7 13 1 1 1 2 1 1 1 1 1 13 4 9 21 |3 7 1 1 3 1 1 1 14 1 1 15 11 1 1 1 |5 1 9 12 7 4 5 12 1 1 1 1 1 7 1 1 |1 2 18 1 17 1 4 19 1 8 15 12 1 8 1 8 |1 1 1 8 1 1 1 3 7 14 6 1 5 1 1 1 |1 20 1 5 1 1 6 15 4 2 1 3 8 1 1 23 |3 2 21 1 3 1 1 2 2 1 14 11 2 1 1 1 |1 13 1 1 6 1 9 7 16 3 10 3 2 1 1 24 |1 1 1 14 10 2 16 1 18 9 2 18 1 2 1 14 |1 10 15 9 1 1 1 1 1 5 9 9 1 12 13 28 |3 1 9 14 17 13 3 9 1 19 17 7 6 1 19 10 |1 3 9 14 3 9 1 1 9 1 1 11 6 9 45 216 |
5155: 1 7 13 1 1 1 2 1 1 1 1 1 13 4 9 21 |3 7 1 1 3 1 1 1 14 1 1 15 11 1 1 1 |5 1 9 12 7 4 5 12 1 1 1 1 1 7 1 1 |1 2 18 1 17 1 4 19 1 8 15 12 1 8 1 8 |1 1 1 8 1 1 1 3 7 14 6 1 5 1 1 1 |1 20 1 5 1 1 6 15 4 2 1 3 8 1 1 23 |3 2 21 1 3 1 1 2 2 1 14 11 2 1 1 1 |1 13 1 1 6 1 9 7 16 3 10 3 2 1 1 24 |1 1 1 14 10 2 16 1 18 9 2 18 1 2 1 14 |1 10 15 9 1 1 1 1 1 5 9 9 1 12 13 28 |3 1 9 14 17 13 3 9 1 19 17 7 6 1 19 10 |1 3 9 14 3 9 1 1 9 1 1 11 6 9 45 216 |
5166: 1 7 13 1 1 1 2 1 1 1 1 1 13 4 9 21 |3 7 1 1 3 1 1 1 14 1 1 15 11 1 1 1 |5 1 9 12 7 4 5 12 1 1 1 1 1 7 1 1 |1 2 18 1 17 1 4 19 1 8 15 12 1 8 1 8 |1 1 1 8 1 1 1 3 7 14 6 1 5 1 1 1 |1 20 1 5 1 1 6 15 4 2 1 3 8 1 1 23 |3 2 21 1 3 1 1 2 2 1 14 11 2 1 1 1 |1 13 1 1 6 1 9 7 16 3 10 3 2 1 1 24 |1 1 1 14 10 2 16 1 18 9 2 18 1 2 1 14 |1 10 15 9 1 1 1 1 1 5 9 9 1 12 13 28 |3 1 9 14 17 13 3 9 1 19 17 7 6 1 19 10 |1 3 9 14 3 9 1 1 9 1 1 11 6 9 45 216 |
5177: 1 7 13 1 1 1 2 1 1 1 1 1 13 4 9 21 |3 7 1 1 3 1 1 1 14 1 1 15 11 1 1 1 |5 1 9 12 7 4 5 12 1 1 1 1 1 7 1 1 |1 2 18 1 17 1 4 19 1 8 15 12 1 8 1 8 |1 1 1 8 1 1 1 3 7 14 6 1 5 1 1 1 |1 20 1 5 1 1 6 15 4 2 1 3 8 1 1 23 |3 2 21 1 3 1 1 2 2 1 14 11 2 1 1 1 |1 13 1 1 6 1 9 7 16 3 10 3 2 1 1 24 |1 1 1 14 10 2 16 1 18 9 2 18 1 2 1 14 |1 10 15 9 1 1 1 1 1 5 9 9 1 12 13 28 |3 1 9 14 17 13 3 9 1 19 17 7 6 1 19 10 |1 3 9 14 3 9 1 1 9 1 1 11 6 9 45 216 |
5188: 1 7 13 1 1 1 2 1 1 1 1 1 13 4 9 21 |3 7 1 1 3 1 1 1 14 1 1 15 11 1 1 1 |3 3 9 5 12 1 5 18 5 1 1 1 9 2 1 1 |1 2 18 1 17 1 4 19 1 8 15 12 1 8 1 8 |1 1 1 8 1 1 1 3 7 14 6 1 5 1 1 1 |1 20 1 5 1 1 6 15 4 2 1 3 8 1 1 23 |3 2 21 1 3 1 1 2 2 1 14 11 2 1 1 1 |1 13 1 1 6 1 9 7 16 3 10 3 2 1 1 24 |1 1 1 14 10 2 16 1 18 9 2 18 1 2 1 14 |1 10 15 9 1 1 1 1 1 5 9 9 1 12 13 28 |3 1 9 14 17 13 3 9 1 19 17 7 6 1 19 10 |1 3 9 14 3 9 1 1 9 1 1 11 6 9 45 216 |
5198: 1 7 13 1 1 1 2 1 1 1 1 1 13 4 9 21 |3 7 1 1 3 1 1 1 14 1 1 15 11 1 1 1 |3 3 9 5 12 1 5 18 5 1 1 1 9 2 1 1 |1 2 15 1 14 1 8 17 1 1 14 11 1 8 10 9 |1 1 1 8 1 1 1 3 7 14 6 1 5 1 1 1 |1 20 1 5 1 1 6 15 4 2 1 3 8 1 1 23 |3 2 21 1 3 1 1 2 2 1 14 11 2 1 1 1 |1 13 1 1 6 1 9 7 16 3 10 3 2 1 1 24 |1 1 1 14 10 2 16 1 18 9 2 18 1 2 1 14 |1 10 15 9 1 1 1 1 1 5 9 9 1 12 13 28 |3 1 9 14 17 13 3 9 1 19 17 7 6 1 19 10 |1 3 9 14 3 9 1 1 9 1 1 11 6 9 45 216 |
5210: 1 7 13 1 1 1 2 1 1 1 1 1 13 4 9 21 |3 7 1 1 3 1 1 1 14 1 1 15 11 1 1 1 |3 3 9 5 12 1 5 18 5 1 1 1 9 2 1 1 |1 2 15 1 14 1 8 17 1 1 14 11 1 8 10 9 |1 1 1 8 1 1 1 3 7 14 6 1 5 1 1 1 |1 20 1 5 1 1 6 15 4 2 1 3 8 1 1 23 |3 2 21 1 3 1 1 2 2 1 14 11 2 1 1 1 |1 13 1 1 6 1 9 7 16 3 10 3 2 1 1 24 |1 1 1 14 10 2 16 1 18 9 2 18 1 2 1 14 |1 10 15 9 1 1 1 1 1 5 9 9 1 12 13 28 |3 1 9 14 17 13 3 9 1 19 17 7 6 1 19 10 |1 3 9 14 3 9 1 1 9 1 1 11 6 9 45 216 |
5220: 1 7 13 1 1 1 2 1 1 1 1 1 13 4 9 21 |3 7 1 1 3 1 1 1 14 1 1 15 11 1 1 1 |3 3 9 5 12 1 5 18 5 1 1 1 9 2 1 1 |1 2 16 1 17 1 3 22 6 14 17 11 1 9 10 10 |1 1 1 8 1 1 1 3 7 14 6 1 5 1 1 1 |1 20 1 5 1 1 6 15 4 2 1 3 8 1 1 23 |3 2 21 1 3 1 1 2 2 1 14 11 2 1 1 1 |1 13 1 1 6 1 9 7 16 3 10 3 2 1 1 24 |1 1 1 14 10 2 16 1 18 9 2 18 1 2 1 14 |1 10 15 9 1 1 1 1 1 5 9 9 1 12 13 28 |3 1 9 14 17 13 3 9 1 19 17 7 6 1 19 10 |1 3 9 14 3 9 1 1 9 1 1 11 6 9 45 216 |
5231: 1 7 13 1 1 1 2 1 1 1 1 1 13 4 9 21 |3 7 1 1 3 1 1 1 14 1 1 15 11 1 1 1 |3 3 9 5 12 1 5 18 5 1 1 1 9 2 1 1 |1 2 16 1 17 1 3 22 6 14 17 11 1 9 10 10 |1 7 1 8 1 1 1 3 7 15 2 1 18 9 2 21 |1 20 1 5 1 1 6 15 4 2 1 3 8 1 1 23 |3 2 21 1 3 1 1 2 2 1 14 11 2 1 1 1 |1 13 1 1 6 1 9 7 16 3 10 3 2 1 1 24 |1 1 1 14 10 2 16 1 18 9 2 18 1 2 1 14 |1 10 15 9 1 1 1 1 1 5 9 9 1 12 13 28 |3 1 9 14 17 13 3 9 1 19 17 7 6 1 19 10 |1 3 9 14 3 9 1 1 9 1 1 11 6 9 45 216 |
5242: 1 7 13 1 1 1 2 1 1 1 1 1 13 4 9 21 |3 7 1 1 3 1 1 1 14 1 1 15 11 1 1 1 |3 3 9 5 12 1 5 18 5 1 1 1 9 2 1 1 |1 2 16 1 17 1 3 22 6 14 17 11 1 9 10 10 |1 7 1 8 1 1 1 3 7 15 2 1 18 9 2 21 |1 20 1 5 1 1 6 15 4 2 1 3 8 1 1 23 |3 2 21 1 3 1 1 2 2 1 14 11 2 1 1 1 |1 13 1 1 6 1 9 7 16 3 10 3 2 1 1 24 |1 1 1 14 10 2 16 1 18 9 2 18 1 2 1 14 |1 10 15 9 1 1 1 1 1 5 9 9 1 12 13 28 |3 1 9 14 17 13 3 9 1 19 17 7 6 1 19 10 |1 3 9 14 3 9 1 1 9 1 1 11 6 9 45 216 |
5253: 1 7 13 1 1 1 2 1 1 1 1 1 13 4 9 21 |3 7 1 1 3 1 1 1 14 1 1 15 11 1 1 1 |3 1 9 12 8 1 5 18 4 1 1 1 7 1 1 1 |1 2 16 1 17 1 3 22 6 14 17 11 1 9 10 10 |1 7 1 8 1 1 1 3 7 15 2 1 18 9 2 21 |1 20 1 5 1 1 6 15 4 2 1 3 8 1 1 23 |3 2 21 1 3 1 1 2 2 1 14 11 2 1 1 1 |1 13 1 1 6 1 9 7 16 3 10 3 2 1 1 24 |1 1 1 14 10 2 16 1 18 9 2 18 1 2 1 14 |1 10 15 9 1 1 1 1 1 5 9 9 1 12 13 28 |3 1 9 14 17 13 3 9 1 19 17 7 6 1 19 10 |1 3 9 14 3 9 1 1 9 1 1 11 6 9 45 216 |
5264: 1 7 13 1 1 1 2 1 1 1 1 1 13 4 9 21 |3 7 1 1 3 1 1 1 14 1 1 15 11 1 1 1 |3 1 9 12 8 1 5 18 4 1 1 1 7 1 1 1 |1 2 16 1 17 1 3 22 6 14 17 11 1 9 10 10 |1 7 1 8 1 1 1 3 7 15 2 1 18 9 2 21 |1 20 1 5 1 1 6 15 4 2 1 3 8 1 1 23 |3 2 21 1 3 1 1 2 2 1 14 11 2 1 1 1 |1 13 1 1 6 1 9 7 16 3 10 3 2 1 1 24 |1 1 1 14 10 2 16 1 18 9 2 18 1 2 1 14 |1 10 15 9 1 1 1 1 1 5 9 9 1 12 13 28 |3 1 9 14 17 13 3 9 1 19 17 7 6 1 19 10 |1 3 9 14 3 9 1 1 9 1 1 11 6 9 45 216 |
5275: 1 7 13 1 1 1 2 1 1 1 1 1 13 4 9 21 |3 7 1 1 3 1 1 1 14 1 1 15 11 1 1 1 |3 1 9 12 8 1 5 18 4 1 1 1 7 1 1 1 |1 2 16 1 17 1 3 22 6 14 17 11 1 9 10 10 |1 7 1 8 1 1 1 3 7 15 2 1 18 9 2 21 |1 20 1 5 1 1 6 15 4 2 1 3 8 1 1 23 |3 2 21 1 3 1 1 2 2 1 14 11 2 1 1 1 |1 13 1 1 6 1 9 7 16 3 10 3 2 1 1 24 |1 1 1 14 10 2 16 1 18 9 2 18 1 2 1 14 |1 10 15 9 1 1 1 1 1 5 9 9 1 12 13 28 |3 1 9 14 17 13 3 9 1 19 17 7 6 1 19 10 |1 3 9 14 3 9 1 1 9 1 1 11 6 9 45 216 |
5286: 1 7 13 1 1 1 2 1 1 1 1 1 13 4 9 21 |3 7 1 1 3 1 1 1 14 1 1 15 11 1 1 1 |3 1 9 12 8 1 5 18 4 1 1 1 7 1 1 1 |1 2 16 1 17 1 3 22 6 14 17 11 1 9 10 10 |1 7 1 8 1 1 1 3 7 15 2 1 18 9 2 21 |1 20 1 5 1 1 6 15 4 2 1 3 8 1 1 23 |3 2 21 1 3 1 1 2 2 1 14 11 2 1 1 1 |1 13 1 1 6 1 9 7 16 3 10 3 2 1 1 24 |1 1 1 14 10 2 16 1 18 9 2 18 1 2 1 14 |1 10 15 9 1 1 1 1 1 5 9 9 1 12 13 28 |3 1 9 14 17 13 3 9 1 19 17 7 6 1 19 10 |1 3 9 14 3 9 1 1 9 1 1 11 6 9 45 216 |
5297: 1 7 13 1 1 1 2 1 1 1 1 1 13 4 9 21 |3 7 1 1 3 1 1 1 14 1 1 15 11 1 1 1 |3 1 9 12 8 1 5 18 4 1 1 1 7 1 1 1 |1 2 16 1 17 1 3 22 6 14 17 11 1 9 10 10 |1 7 1 8 1 1 1 3 7 15 2 1 18 9 2 21 |1 20 1 5 1 1 6 15 4 2 1 3 8 1 1 23 |3 2 21 1 3 1 1 2 2 1 14 11 2 1 1 1 |1 13 1 1 6 1 9 7 16 3 10 3 2 1 1 24 |1 1 1 14 10 2 16 1 18 9 2 18 1 2 1 14 |1 10 15 9 1 1 1 1 1 5 9 9 1 12 13 28 |4 1 8 13 2 1 3 8 1 18 16 1 1 1 5 22 |1 3 9 14 3 9 1 1 9 1 1 11 6 9 45 216 |
5308: 1 7 13 1 1 1 2 1 1 1 1 1 13 4 9 21 |3 7 1 1 3 1 1 1 14 1 1 15 11 1 1 1 |3 1 9 12 8 1 5 18 4 1 1 1 7 1 1 1 |1 2 16 1 17 1 3 22 6 14 17 11 1 9 10 10 |1 7 1 8 1 1 1 3 7 15 2 1 18 9 2 21 |1 20 1 5 1 1 6 15 4 2 1 3 8 1 1 23 |3 2 21 1 3 1 1 2 2 1 14 11 2 1 1 1 |1 13 1 1 6 1 9 7 16 3 10 3 2 1 1 24 |1 1 1 14 10 2 16 1 18 9 2 18 1 2 1 14 |1 10 15 9 1 1 1 1 1 5 9 9 1 12 13 28 |4 1 8 13 2 1 3 8 1 18 16 1 1 1 5 22 |1 3 9 14 3 9 1 1 9 1 1 11 6 9 45 216 |
5319: 1 7 13 1 1 1 2 1 1 1 1 1 13 4 9 21 |3 7 1 1 3 1 1 1 14 1 1 15 11 1 1 1 |3 1 9 12 8 1 5 18 4 1 1 1 7 1 1 1 |1 2 16 1 17 1 3 22 6 14 17 11 1 9 10 10 |1 7 1 8 1 1 1 3 7 15 2 1 18 9 2 21 |1 20 1 5 1 1 6 15 4 2 1 3 8 1 1 23 |3 2 21 1 3 1 1 2 2 1 14 11 2 1 1 1 |1 13 1 1 6 1 9 7 16 3 10 3 2 1 1 24 |1 1 1 14 10 2 16 1 18 9 2 18 1 2 1 14 |1 10 15 9 1 1 1 1 1 5 9 9 1 12 13 28 |4 1 8 13 2 1 3 8 1 18 16 1 1 1 5 22 |1 3 9 14 3 9 1 1 9 1 1 11 6 9 45 216 |
5330: 1 7 13 1 1 1 2 1 1 1 1 1 13 4 9 21 |3 7 1 1 3 1 1 1 14 1 1 15 11 1 1 1 |3 1 9 12 8 1 5 18 4 1 1 1 7 1 1 1 |1 2 16 1 17 1 3 22 6 14 17 11 1 9 10 10 |1 7 1 8 1 1 1 3 7 15 2 1 18 9 2 21 |1 20 1 5 1 1 6 15 4 2 1 3 8 1 1 23 |3 2 21 1 3 1 1 2 2 1 14 11 2 1 1 1 |1 13 1 1 6 1 9 7 16 3 10 3 2 1 1 24 |1 1 1 14 10 2 16 1 18 9 2 18 1 2 1 14 |1 10 15 9 1 1 1 1 1 5 9 9 1 12 13 28 |2 1 9 7 15 1 1 1 4 17 7 1 15 1 5 10 |1 3 9 14 3 9 1 1 9 1 1 11 6 9 45 216 |
5341: 1 7 13 1 1 1 2 1 1 1 1 1 13 4 9 21 |3 7 1 1 3 1 1 1 14 1 1 15 11 1 1 1 |3 1 9 12 8 1 5 18 4 1 1 1 7 1 1 1 |1 2 16 1 17 1 3 22 6 14 17 11 1 9 10 10 |1 7 1 8 1 1 1 3 7 15 2 1 18 9 2 21 |1 20 1 5 1 1 6 15 4 2 1 3 8 1 1 23 |3 2 21 1 3 1 1 2 2 1 14 11 2 1 1 1 |1 13 1 1 6 1 9 7 16 3 10 3 2 1 1 24 |1 1 1 14 10 2 16 1 18 9 2 18 1 2 1 14 |1 10 15 9 1 1 1 1 1 5 9 9 1 12 13 28 |2 1 9 7 15 1 1 1 4 17 7 1 15 1 5 10 |1 3 9 14 3 9 1 1 9 1 1 11 6 9 45 216 |
5352: 1 7 13 1 1 1 2 1 1 1 1 1 13 4 9 21 |3 7 1 1 3 1 1 1 14 1 1 15 11 1 1 1 |3 1 9 12 8 1 5 18 4 1 1 1 7 1 1 1 |1 2 16 1 17 1 3 22 6 14 17 11 1 9 10 10 |1 7 1 8 1 1 1 3 7 15 2 1 18 9 2 21 |1 20 1 5 1 1 6 15 4 2 1 3 8 1 1 23 |3 2 21 1 3 1 1 2 2 1 14 11 2 1 1 1 |1 13 1 1 6 1 9 7 16 3 10 3 2 1 1 24 |1 1 1 14 10 2 16 1 18 9 2 18 1 2 1 14 |1 10 15 9 1 1 1 1 1 5 9 9 1 12 13 28 |2 1 9 7 15 1 1 1 4 17 7 1 15 1 5 10 |1 3 9 14 3 9 1 1 9 1 1 11 6 9 45 216 |
5363: 1 7 13 1 1 1 2 1 1 1 1 1 13 4 9 21 |3 7 1 1 3 1 1 1 14 1 1 15 11 1 1 1 |3 1 9 12 8 1 5 18 4 1 1 1 7 1 1 1 |1 2 16 1 17 1 3 22 6 14 17 11 1 9 10 10 |1 7 1 8 1 1 1 3 7 15 2 1 18 9 2 21 |1 20 1 5 1 1 6 15 4 2 1 3 8 1 1 23 |3 2 21 1 3 1 1 2 2 1 14 11 2 1 1 1 |1 13 1 1 6 1 9 7 16 3 10 3 2 1 1 24 |6 7 1 16 9 1 15 1 17 1 2 14 2 4 1 13 |1 10 15 9 1 1 1 1 1 5 9 9 1 12 13 28 |2 1 9 7 15 1 1 1 4 17 7 1 15 1 5 10 |1 3 9 14 3 9 1 1 9 1 1 11 6 9 45 216 |
5374: 1 7 13 1 1 1 2 1 1 1 1 1 13 4 9 21 |3 7 1 1 3 1 1 1 14 1 1 15 11 1 1 1 |3 1 9 12 8 1 5 18 4 1 1 1 7 1 1 1 |1 2 16 1 17 1 3 22 6 14 17 11 1 9 10 10 |1 7 1 8 1 1 1 3 7 15 2 1 18 9 2 21 |1 20 1 5 1 1 6 15 4 2 1 3 8 1 1 23 |3 2 21 1 3 1 1 2 2 1 14 11 2 1 1 1 |1 13 1 1 6 1 9 7 16 3 10 3 2 1 1 24 |6 7 1 16 9 1 15 1 17 1 2 14 2 4 1 13 |1 2 15 3 1 1 1 2 1 4 14 1 7 3 13 7 |2 1 9 7 15 1 1 1 4 17 7 1 15 1 5 10 |1 3 9 14 3 9 1 1 9 1 1 11 6 9 45 216 |
5385: 1 7 13 1 1 1 2 1 1 1 1 1 13 4 9 21 |15 6 2 1 1 1 2 2 14 1 4 16 17 1 8 1 |3 1 9 12 8 1 5 18 4 1 1 1 7 1 1 1 |1 2 16 1 17 1 3 22 6 14 17 11 1 9 10 10 |1 7 1 8 1 1 1 3 7 15 2 1 18 9 2 21 |1 20 1 5 1 1 6 15 4 2 1 3 8 1 1 23 |3 2 21 1 3 1 1 2 2 1 14 11 2 1 1 1 |1 13 1 1 6 1 9 7 16 3 10 3 2 1 1 24 |6 7 1 16 9 1 15 1 17 1 2 14 2 4 1 13 |1 2 15 3 1 1 1 2 1 4 14 1 7 3 13 7 |2 1 9 7 15 1 1 1 4 17 7 1 15 1 5 10 |1 3 9 14 3 9 1 1 9 1 1 11 6 9 45 216 |
5396: 1 7 13 1 1 1 2 1 1 1 1 1 13 4 9 21 |15 6 2 1 1 1 2 2 14 1 4 16 17 1 8 1 |1 1 9 5 11 1 4 16 9 1 1 1 8 10 9 14 |1 2 16 1 17 1 3 22 6 14 17 11 1 9 10 10 |1 7 1 8 1 1 1 3 7 15 2 1 18 9 2 21 |1 20 1 5 1 1 6 15 4 2 1 3 8 1 1 23 |3 2 21 1 3 1 1 2 2 1 14 11 2 1 1 1 |1 13 1 1 6 1 9 7 16 3 10 3 2 1 1 24 |6 7 1 16 9 1 15 1 17 1 2 14 2 4 1 13 |1 2 15 3 1 1 1 2 1 4 14 1 7 3 13 7 |2 1 9 7 15 1 1 1 4 17 7 1 15 1 5 10 |1 3 9 14 3 9 1 1 9 1 1 11 6 9 45 216 |
5407: 1 7 13 1 1 1 2 1 1 1 1 1 13 4 9 21 |15 6 2 1 1 1 2 2 14 1 4 16 17 1 8 1 |1 1 9 5 11 1 4 16 9 1 1 1 8 10 9 14 |1 2 16 1 17 1 3 22 6 14 17 11 1 9 10 10 |1 7 1 8 1 1 1 3 7 15 2 1 18 9 2 21 |1 20 1 5 1 1 6 15 4 2 1 3 8 1 1 23 |3 2 21 1 3 1 1 2 2 1 14 11 2 1 1 1 |1 13 1 1 6 1 9 7 16 3 10 3 2 1 1 24 |6 7 1 16 9 1 15 1 17 1 2 14 2 4 1 13 |1 2 15 3 1 1 1 2 1 4 14 1 7 3 13 7 |2 1 9 7 15 1 1 1 4 17 7 1 15 1 5 10 |1 3 9 14 3 9 1 1 9 1 1 11 6 9 45 216 |
5418: 1 7 13 1 1 1 2 1 1 1 1 1 13 4 9 21 |15 6 2 1 1 1 2 2 14 1 4 16 17 1 8 1 |4 1 1 2 12 1 1 17 5 1 1 1 1 12 1 17 |1 2 16 1 17 1 3 22 6 14 17 11 1 9 10 10 |1 7 1 8 1 1 1 3 7 15 2 1 18 9 2 21 |1 20 1 5 1 1 6 15 4 2 1 3 8 1 1 23 |3 2 21 1 3 1 1 2 2 1 14 11 2 1 1 1 |1 13 1 1 6 1 9 7 16 3 10 3 2 1 1 24 |6 7 1 16 9 1 15 1 17 1 2 14 2 4 1 13 |1 2 15 3 1 1 1 2 1 4 14 1 7 3 13 7 |2 1 9 7 15 1 1 1 4 17 7 1 15 1 5 10 |1 3 9 14 3 9 1 1 9 1 1 11 6 9 45 216 |
5429: 1 7 13 1 1 1 2 1 1 1 1 1 13 4 9 21 |15 6 2 1 1 1 2 2 14 1 4 16 17 1 8 1 |4 1 1 2 12 1 1 17 5 1 1 1 1 12 1 17 |1 2 16 1 17 1 3 22 6 14 17 11 1 9 10 10 |1 7 1 8 1 1 1 3 7 15 2 1 18 9 2 21 |1 20 1 5 1 1 6 15 4 2 1 3 8 1 1 23 |3 2 21 1 3 1 1 2 2 1 14 11 2 1 1 1 |1 13 1 1 6 1 9 7 16 3 10 3 2 1 1 24 |4 9 1 16 11 1 15 13 16 1 2 14 2 7 5 6 |1 2 15 3 1 1 1 2 1 4 14 1 7 3 13 7 |2 1 9 7 15 1 1 1 4 17 7 1 15 1 5 10 |1 3 9 14 3 9 1 1 9 1 1 11 6 9 45 216 |
5440: 1 7 13 1 1 1 2 1 1 1 1 1 13 4 9 21 |15 6 2 1 1 1 2 2 14 1 4 16 17 1 8 1 |4 1 1 2 12 1 1 17 5 1 1 1 1 12 1 17 |1 2 16 1 17 1 3 22 6 14 17 11 1 9 10 10 |1 7 1 8 1 1 1 3 7 15 2 1 18 9 2 21 |1 20 1 5 1 1 6 15 4 2 1 3 8 1 1 23 |3 2 21 1 3 1 1 2 2 1 14 11 2 1 1 1 |1 13 1 1 6 1 9 7 16 3 10 3 2 1 1 24 |4 9 1 16 11 1 15 13 16 1 2 14 2 7 5 6 |1 2 15 3 1 1 1 2 1 4 14 1 7 3 13 7 |2 1 9 7 15 1 1 1 4 17 7 1 15 1 5 10 |1 3 9 14 3 9 1 1 9 1 1 11 6 9 45 216 |
5451: 1 7 13 1 1 1 2 1 1 1 1 1 13 4 9 21 |16 6 3 1 1 1 6 1 9 2 1 16 12 7 7 2 |4 1 1 2 12 1 1 17 5 1 1 1 1 12 1 17 |1 2 16 1 17 1 3 22 6 14 17 11 1 9 10 10 |1 7 1 8 1 1 1 3 7 15 2 1 18 9 2 21 |1 20 1 5 1 1 6 15 4 2 1 3 8 1 1 23 |3 2 21 1 3 1 1 2 2 1 14 11 2 1 1 1 |1 13 1 1 6 1 9 7 16 3 10 3 2 1 1 24 |4 9 1 16 11 1 15 13 16 1 2 14 2 7 5 6 |1 2 15 3 1 1 1 2 1 4 14 1 7 3 13 7 |2 1 9 7 15 1 1 1 4 17 7 1 15 1 5 10 |1 3 9 14 3 9 1 1 9 1 1 11 6 9 45 216 |
5462: 1 7 13 1 1 1 2 1 1 1 1 1 13 4 9 21 |16 6 3 1 1 1 6 1 9 2 1 16 12 7 7 2 |4 1 1 2 12 1 1 17 5 1 1 1 1 12 1 17 |1 2 16 1 17 1 3 22 6 14 17 11 1 9 10 10 |1 7 1 8 1 1 1 3 7 15 2 1 18 9 2 21 |1 20 1 5 1 1 6 15 4 2 1 3 8 1 1 23 |3 2 21 1 3 1 1 2 2 1 14 11 2 1 1 1 |1 13 1 1 6 1 9 7 16 3 10 3 2 1 1 24 |4 9 1 16 11 1 15 13 16 1 2 14 2 7 5 6 |1 2 15 3 1 1 1 2 1 4 14 1 7 3 13 7 |3 1 8 5 2 12 3 8 1 17 16 1 1 1 5 11 |1 3 9 14 3 9 1 1 9 1 1 11 6 9 45 216 |
5473: 1 7 13 1 1 1 2 1 1 1 1 1 13 4 9 21 |16 6 3 1 1 1 6 1 9 2 1 16 12 7 7 2 |4 1 1 2 12 1 1 17 5 1 1 1 1 12 1 17 |1 2 16 1 17 1 3 22 6 14 17 11 1 9 10 10 |1 7 1 8 1 1 1 3 7 15 2 1 18 9 2 21 |1 20 1 5 1 1 6 15 4 2 1 3 8 1 1 23 |3 2 21 1 3 1 1 2 2 1 14 11 2 1 1 1 |1 13 1 1 6 1 9 7 16 3 10 3 2 1 1 24 |4 9 1 16 11 1 15 13 16 1 2 14 2 7 5 6 |1 2 15 3 1 1 1 2 1 4 14 1 7 3 13 7 |3 1 8 5 2 12 3 8 1 17 16 1 1 1 5 11 |1 3 9 14 3 9 1 1 9 1 1 11 6 9 45 216 |
5484: 1 7 13 1 1 1 2 1 1 1 1 1 13 4 9 21 |16 6 3 1 1 1 6 1 9 2 1 16 12 7 7 2 |4 1 1 2 12 1 1 17 5 1 1 1 1 12 1 17 |5 20 21 5 22 1 12 29 20 14 17 8 9 25 77 274 |1 7 1 8 1 1 1 3 7 15 2 1 18 9 2 21 |1 20 1 5 1 1 6 15 4 2 1 3 8 1 1 23 |3 2 21 1 3 1 1 2 2 1 14 11 2 1 1 1 |1 13 1 1 6 1 9 7 16 3 10 3 2 1 1 24 |4 9 1 16 11 1 15 13 16 1 2 14 2 7 5 6 |1 2 15 3 1 1 1 2 1 4 14 1 7 3 13 7 |3 1 8 5 2 12 3 8 1 17 16 1 1 1 5 11 |1 3 9 14 3 9 1 1 9 1 1 11 6 9 45 216 |
5495: 1 7 13 1 1 1 2 1 1 1 1 1 13 4 9 21 |16 6 3 1 1 1 6 1 9 2 1 16 12 7 7 2 |4 1 1 2 12 1 1 17 5 1 1 1 1 12 1 17 |5 20 21 5 22 1 12 29 20 14 17 8 9 25 77 274 |4 14 1 17 8 13 2 6 11 19 12 8 10 8 30 225 |1 20 1 5 1 1 6 15 4 2 1 3 8 1 1 23 |3 2 21 1 3 1 1 2 2 1 14 11 2 1 1 1 |1 13 1 1 6 1 9 7 16 3 10 3 2 1 1 24 |4 9 1 16 11 1 15 13 16 1 2 14 2 7 5 6 |1 2 15 3 1 1 1 2 1 4 14 1 7 3 13 7 |3 1 8 5 2 12 3 8 1 17 16 1 1 1 5 11 |1 3 9 14 3 9 1 1 9 1 1 11 6 9 45 216 |
5506: 1 7 13 1 1 1 2 1 1 1 1 1 13 4 9 21 |16 6 3 1 1 1 6 1 9 2 1 16 12 7 7 2 |4 1 1 2 12 1 1 17 5 1 1 1 1 12 1 17 |5 20 21 5 22 1 12 29 20 14 17 8 9 25 77 274 |4 14 1 17 8 13 2 6 11 19 12 8 10 8 30 225 |1 20 1 5 1 1 6 15 4 2 1 3 8 1 1 23 |3 2 21 1 3 1 1 2 2 1 14 11 2 1 1 1 |1 13 1 1 6 1 9 7 16 3 10 3 2 1 1 24 |4 9 1 16 11 1 15 13 16 1 2 14 2 7 5 6 |1 2 15 3 1 1 1 2 1 4 14 1 7 3 13 7 |3 1 8 5 2 12 3 8 1 17 16 1 1 1 5 11 |1 3 9 14 3 9 1 1 9 1 1 11 6 9 45 216 |
5517: 1 7 13 1 1 1 2 1 1 1 1 1 13 4 9 21 |16 6 3 1 1 1 6 1 9 2 1 16 12 7 7 2 |4 1 1 2 12 1 1 17 5 1 1 1 1 12 1 17 |5 20 21 5 22 1 12 29 20 14 17 8 9 25 77 274 |4 14 1 17 8 13 2 6 11 19 12 8 10 8 30 225 |1 20 1 5 1 1 6 15 4 2 1 3 8 1 1 23 |3 2 21 1 3 1 1 2 2 1 14 11 2 1 1 1 |1 13 1 1 6 1 9 7 16 3 10 3 2 1 1 24 |4 9 1 16 11 1 15 13 16 1 2 14 2 7 5 6 |1 2 15 3 1 1 1 2 1 4 14 1 7 3 13 7 |3 1 8 5 2 12 3 8 1 17 16 1 1 1 5 11 |1 3 9 14 3 9 1 1 9 1 1 11 6 9 45 216 |
5528: 1 7 13 1 1 1 2 1 1 1 1 1 13 4 9 21 |16 6 3 1 1 1 6 1 9 2 1 16 12 7 7 2 |4 1 1 2 12 1 1 17 5 1 1 1 1 12 1 17 |5 20 21 5 22 1 12 29 20 14 17 8 9 25 77 274 |4 14 1 17 8 13 2 6 11 19 12 8 10 8 30 225 |1 20 1 5 1 1 6 15 4 2 1 3 8 1 1 23 |3 2 21 1 3 1 1 2 2 1 14 11 2 1 1 1 |1 13 1 1 6 1 9 7 16 3 10 3 2 1 1 24 |4 9 1 16 11 1 15 13 16 1 2 14 2 7 5 6 |1 2 11 3 1 1 1 2 1 3 15 1 7 2 14 20 |3 1 8 5 2 12 3 8 1 17 16 1 1 1 5 11 |1 3 9 14 3 9 1 1 9 1 1 11 6 9 45 216 |
5539: 1 7 13 1 1 1 2 1 1 1 1 1 13 4 9 21 |16 6 3 1 1 1 6 1 9 2 1 16 12 7 7 2 |4 1 1 2 12 1 1 17 5 1 1 1 1 12 1 17 |5 20 21 5 22 1 12 29 20 14 17 8 9 25 77 274 |4 14 1 17 8 13 2 6 11 19 12 8 10 8 30 225 |1 20 1 5 1 1 6 15 4 2 1 3 8 1 1 23 |3 2 21 1 3 1 1 2 2 1 14 11 2 1 1 1 |1 13 1 1 6 1 9 7 16 3 10 3 2 1 1 24 |4 9 1 16 11 1 15 13 16 1 2 14 2 7 5 6 |1 2 11 3 1 1 1 2 1 3 15 1 7 2 14 20 |3 1 8 5 2 12 3 8 1 17 16 1 1 1 5 11 |1 3 9 14 3 9 1 1 9 1 1 11 6 9 45 216 |
5550: 1 7 13 1 1 1 2 1 1 1 1 1 13 4 9 21 |16 6 3 1 1 1 6 1 9 2 1 16 12 7 7 2 |4 1 1 2 12 1 1 17 5 1 1 1 1 12 1 17 |5 20 21 5 22 1 12 29 20 14 17 8 9 25 77 274 |4 14 1 17 8 13 2 6 11 19 12 8 10 8 30 225 |1 20 1 5 1 1 6 15 4 2 1 3 8 1 1 23 |3 2 21 1 3 1 1 2 2 1 14 11 2 1 1 1 |1 13 1 1 6 1 9 7 16 3 10 3 2 1 1 24 |4 9 1 16 11 1 15 13 16 1 2 14 2 7 5 6 |1 2 11 3 1 1 1 2 1 3 15 1 7 2 14 20 |3 1 8 5 2 12 3 8 1 17 16 1 1 1 5 11 |1 3 9 14 3 9 1 1 9 1 1 11 6 9 45 216 |
5561: 1 7 13 1 1 1 2 1 1 1 1 1 13 4 9 21 |16 6 3 1 1 1 6 1 9 2 1 16 12 7 7 2 |4 1 1 2 12 1 1 17 5 1 1 1 1 12 1 17 |5 20 21 5 22 1 12 29 20 14 17 8 9 25 77 274 |4 14 1 17 8 13 2 6 11 19 12 8 10 8 30 225 |1 20 1 5 1 1 6 15 4 2 1 3 8 1 1 23 |3 2 21 1 3 1 1 2 2 1 14 11 2 1 1 1 |1 13 1 1 6 1 9 7 16 3 10 3 2 1 1 24 |4 9 1 16 11 1 15 13 16 1 2 14 2 7 5 6 |1 2 11 3 1 1 1 2 1 3 15 1 7 2 14 20 |3 1 8 5 2 12 3 8 1 17 16 1 1 1 5 11 |1 3 9 14 3 9 1 1 9 1 1 11 6 9 45 216 |
5572: 1 7 13 1 1 1 2 1 1 1 1 1 13 4 9 21 |16 6 3 1 1 1 6 1 9 2 1 16 12 7 7 2 |4 1 1 2 12 1 1 17 5 1 1 1 1 12 1 17 |5 20 21 5 22 1 12 29 20 14 17 8 9 25 77 274 |4 14 1 17 8 13 2 6 11 19 12 8 10 8 30 225 |1 20 1 5 1 1 6 15 4 2 1 3 8 1 1 23 |3 2 21 1 3 1 1 2 2 1 14 11 2 1 1 1 |1 13 1 1 6 1 9 7 16 3 10 3 2 1 1 24 |4 9 1 16 11 1 15 13 16 1 2 14 2 7 5 6 |1 2 11 3 1 1 1 2 1 3 15 1 7 2 14 20 |3 1 8 5 2 12 3 8 1 17 16 1 1 1 5 11 |1 3 9 14 3 9 1 1 9 1 1 11 6 9 45 216 |
5582: 1 7 13 1 1 1 2 1 1 1 1 1 13 4 9 21 |16 6 3 1 1 1 6 1 9 2 1 16 12 7 7 2 |4 1 1 2 12 1 1 17 5 1 1 1 1 12 1 17 |5 20 21 5 22 1 12 29 20 14 17 8 9 25 77 274 |4 14 1 17 8 13 2 6 11 19 12 8 10 8 30 225 |1 20 1 5 1 1 6 15 4 2 1 3 8 1 1 23 |3 2 21 1 3 1 1 2 2 1 14 11 2 1 1 1 |1 13 1 1 6 1 9 7 16 3 10 3 2 1 1 24 |4 9 1 16 11 1 15 13 16 1 2 14 2 7 5 6 |1 2 11 3 1 1 1 2 1 3 15 1 7 2 14 20 |3 1 8 5 2 12 3 8 1 17 16 1 1 1 5 11 |1 3 9 14 3 9 1 1 9 1 1 11 6 9 45 216 |
5593: 1 7 13 1 1 1 2 1 1 1 1 1 13 4 9 21 |16 6 3 1 1 1 6 1 9 2 1 16 12 7 7 2 |4 1 1 2 12 1 1 17 5 1 1 1 1 12 1 17 |5 20 21 5 22 1 12 29 20 14 17 8 9 25 77 274 |4 14 1 17 8 13 2 6 11 19 12 8 10 8 30 225 |1 20 1 5 1 1 6 15 4 2 1 3 8 1 1 23 |3 2 21 1 3 1 1 2 2 1 14 11 2 1 1 1 |1 13 1 1 6 1 9 7 16 3 10 3 2 1 1 24 |4 9 1 16 11 1 15 13 16 1 2 14 2 7 5 6 |1 2 11 3 1 1 1 2 1 3 15 1 7 2 14 20 |3 1 8 5 2 12 3 8 1 17 16 1 1 1 5 11 |1 3 9 14 3 9 1 1 9 1 1 11 6 9 45 216 |
5604: 1 7 13 1 1 1 2 1 1 1 1 1 13 4 9 21 |16 6 3 1 1 1 6 1 9 2 1 16 12 7 7 2 |4 1 1 2 12 1 1 17 5 1 1 1 1 12 1 17 |5 20 21 5 22 1 12 29 20 14 17 8 9 25 77 274 |4 14 1 17 8 13 2 6 11 19 12 8 10 8 30 225 |1 20 1 5 1 1 6 15 4 2 1 3 8 1 1 23 |3 2 21 1 3 1 1 2 2 1 14 11 2 1 1 1 |1 13 1 1 6 1 9 7 16 3 10 3 2 1 1 24 |4 9 1 16 11 1 15 13 16 1 2 14 2 7 5 6 |1 2 11 3 1 1 1 2 1 3 15 1 7 2 14 20 |3 1 8 5 2 12 3 8 1 17 16 1 1 1 5 11 |1 3 9 14 3 9 1 1 9 1 1 11 6 9 45 216 |
5615: 1 7 13 1 1 1 2 1 1 1 1 1 13 4 9 21 |16 6 3 1 1 1 6 1 9 2 1 16 12 7 7 2 |4 1 1 2 12 1 1 17 5 1 1 1 1 12 1 17 |5 20 21 5 22 1 12 29 20 14 17 8 9 25 77 274 |4 14 1 17 8 13 2 6 11 19 12 8 10 8 30 225 |2 12 1 2 1 1 1 14 4 1 2 2 9 9 1 23 |3 2 21 1 3 1 1 2 2 1 14 11 2 1 1 1 |1 13 1 1 6 1 9 7 16 3 10 3 2 1 1 24 |4 9 1 16 11 1 15 13 16 1 2 14 2 7 5 6 |1 2 11 3 1 1 1 2 1 3 15 1 7 2 14 20 |3 1 8 5 2 12 3 8 1 17 16 1 1 1 5 11 |1 3 9 14 3 9 1 1 9 1 1 11 6 9 45 216 |
5626: 1 7 13 1 1 1 2 1 1 1 1 1 13 4 9 21 |16 6 3 1 1 1 6 1 9 2 1 16 12 7 7 2 |4 1 1 2 12 1 1 17 5 1 1 1 1 12 1 17 |5 20 21 5 22 1 12 29 20 14 17 8 9 25 77 274 |4 14 1 17 8 13 2 6 11 19 12 8 10 8 30 225 |2 12 1 2 1 1 1 14 4 1 2 2 9 9 1 23 |3 2 21 1 3 1 1 2 2 1 14 11 2 1 1 1 |1 13 1 1 6 1 9 7 16 3 10 3 2 1 1 24 |4 9 1 16 11 1 15 13 16 1 2 14 2 7 5 6 |1 2 11 3 1 1 1 2 1 3 15 1 7 2 14 20 |3 1 8 5 2 12 3 8 1 17 16 1 1 1 5 11 |1 1 1 7 7 6 8 3 5 1 1 1 4 1 7 9 |
5637: 1 7 13 1 1 1 2 1 1 1 1 1 13 4 9 21 |16 6 3 1 1 1 6 1 9 2 1 16 12 7 7 2 |4 1 1 2 12 1 1 17 5 1 1 1 1 12 1 17 |5 20 21 5 22 1 12 29 20 14 17 8 9 25 77 274 |4 14 1 17 8 13 2 6 11 19 12 8 10 8 30 225 |2 12 1 2 1 1 1 14 4 1 2 2 9 9 1 23 |3 2 21 1 3 1 1 2 2 1 14 11 2 1 1 1 |1 13 1 1 6 1 9 7 16 3 10 3 2 1 1 24 |4 9 1 16 11 1 15 13 16 1 2 14 2 7 5 6 |1 2 11 3 1 1 1 2 1 3 15 1 7 2 14 20 |3 1 8 5 2 12 3 8 1 17 16 1 1 1 5 11 |1 1 1 7 7 6 8 3 5 1 1 1 4 1 7 9 |
5648: 1 7 13 1 1 1 2 1 1 1 1 1 13 4 9 21 |16 6 3 1 1 1 6 1 9 2 1 16 12 7 7 2 |4 1 1 2 12 1 1 17 5 1 1 1 1 12 1 17 |5 20 21 5 22 1 12 29 20 14 17 8 9 25 77 274 |4 14 1 17 8 13 2 6 11 19 12 8 10 8 30 225 |2 11 2 7 1 5 1 11 3 1 2 2 2 1 1 21 |3 2 21 1 3 1 1 2 2 1 14 11 2 1 1 1 |1 13 1 1 6 1 9 7 16 3 10 3 2 1 1 24 |4 9 1 16 11 1 15 13 16 1 2 14 2 7 5 6 |1 2 11 3 1 1 1 2 1 3 15 1 7 2 14 20 |3 1 8 5 2 12 3 8 1 17 16 1 1 1 5 11 |1 1 1 7 7 6 8 3 5 1 1 1 4 1 7 9 |
5659: 1 7 13 1 1 1 2 1 1 1 1 1 13 4 9 21 |16 6 3 1 1 1 6 1 9 2 1 16 12 7 7 2 |4 1 1 2 12 1 1 17 5 1 1 1 1 12 1 17 |5 20 21 5 22 1 12 29 20 14 17 8 9 25 77 274 |4 14 1 17 8 13 2 6 11 19 12 8 10 8 30 225 |2 11 2 7 1 5 1 11 3 1 2 2 2 1 1 21 |3 2 21 1 3 1 1 2 2 1 14 11 2 1 1 1 |1 13 1 1 6 1 9 7 16 3 10 3 2 1 1 24 |4 9 1 16 11 1 15 13 16 1 2 14 2 7 5 6 |1 2 11 3 1 1 1 2 1 3 15 1 7 2 14 20 |3 1 8 5 2 12 3 8 1 17 16 1 1 1 5 11 |1 1 1 6 1 8 1 2 2 1 1 2 1 2 18 17 |
5670: 1 7 13 1 1 1 2 1 1 1 1 1 13 4 9 21 |16 6 3 1 1 1 6 1 9 2 1 16 12 7 7 2 |4 1 1 2 12 1 1 17 5 1 1 1 1 12 1 17 |5 20 21 5 22 1 12 29 20 14 17 8 9 25 77 274 |4 14 1 17 8 13 2 6 11 19 12 8 10 8 30 225 |2 11 2 7 1 5 1 11 3 1 2 2 2 1 1 21 |3 2 21 1 3 1 1 2 2 1 14 11 2 1 1 1 |1 13 1 1 6 1 9 7 16 3 10 3 2 1 1 24 |4 9 1 16 11 1 15 13 16 1 2 14 2 7 5 6 |1 2 11 3 1 1 1 2 1 3 15 1 7 2 14 20 |3 1 8 5 2 12 3 8 1 17 16 1 1 1 5 11 |1 1 1 6 1 8 1 2 2 1 1 2 1 2 18 17 |
5681: 1 7 13 1 1 1 2 1 1 1 1 1 13 4 9 21 |16 6 3 1 1 1 6 1 9 2 1 16 12 7 7 2 |4 1 1 2 12 1 1 17 5 1 1 1 1 12 1 17 |5 20 21 5 22 1 12 29 20 14 17 8 9 25 77 274 |4 14 1 17 8 13 2 6 11 19 12 8 10 8 30 225 |2 11 2 7 1 5 1 11 3 1 2 2 2 1 1 21 |3 2 21 1 3 1 1 2 2 1 14 11 2 1 1 1 |1 13 1 1 6 1 9 7 16 3 10 3 2 1 1 24 |4 9 1 16 11 1 15 13 16 1 2 14 2 7 5 6 |1 2 11 3 1 1 1 2 1 3 15 1 7 2 14 20 |3 1 8 5 2 12 3 8 1 17 16 1 1 1 5 11 |1 1 1 6 1 8 1 2 2 1 1 2 1 2 18 17 |
5692: 1 7 13 1 1 1 2 1 1 1 1 1 13 4 9 21 |16 6 3 1 1 1 6 1 9 2 1 16 12 7 7 2 |4 1 1 2 12 1 1 17 5 1 1 1 1 12 1 17 |5 20 21 5 22 1 12 29 20 14 17 8 9 25 77 274 |4 14 1 17 8 13 2 6 11 19 12 8 10 8 30 225 |2 11 2 7 1 5 1 11 3 1 2 2 2 1 1 21 |3 2 21 1 3 1 1 2 2 1 14 11 2 1 1 1 |1 13 1 1 6 1 9 7 16 3 10 3 2 1 1 24 |4 9 1 16 11 1 15 13 16 1 2 14 2 7 5 6 |1 2 11 3 1 1 1 2 1 3 15 1 7 2 14 20 |3 1 8 5 2 12 3 8 1 17 16 1 1 1 5 11 |1 1 1 6 1 8 1 2 2 1 1 2 1 2 18 17 |
5703: 1 7 13 1 1 1 2 1 1 1 1 1 13 4 9 21 |16 6 3 1 1 1 6 1 9 2 1 16 12 7 7 2 |4 1 1 2 12 1 1 17 5 1 1 1 1 12 1 17 |5 20 21 5 22 1 12 29 20 14 17 8 9 25 77 274 |4 14 1 17 8 13 2 6 11 19 12 8 10 8 30 225 |2 11 2 7 1 5 1 11 3 1 2 2 2 1 1 21 |3 2 21 1 3 1 1 2 2 1 14 11 2 1 1 1 |1 13 1 1 6 1 9 7 16 3 10 3 2 1 1 24 |4 9 1 16 11 1 15 13 16 1 2 14 2 7 5 6 |1 2 11 3 1 1 1 2 1 3 15 1 7 2 14 20 |3 1 8 5 2 12 3 8 1 17 16 1 1 1 5 11 |1 1 1 6 1 8 1 2 2 1 1 2 1 2 18 17 |
5714: 1 7 13 1 1 1 2 1 1 1 1 1 13 4 9 21 |16 6 3 1 1 1 6 1 9 2 1 16 12 7 7 2 |4 1 1 2 12 1 1 17 5 1 1 1 1 12 1 17 |5 20 21 5 22 1 12 29 20 14 17 8 9 25 77 274 |1 8 1 8 1 1 1 3 7 19 2 3 11 7 1 21 |2 11 2 7 1 5 1 11 3 1 2 2 2 1 1 21 |3 2 21 1 3 1 1 2 2 1 14 11 2 1 1 1 |1 13 1 1 6 1 9 7 16 3 10 3 2 1 1 24 |4 9 1 16 11 1 15 13 16 1 2 14 2 7 5 6 |1 2 11 3 1 1 1 2 1 3 15 1 7 2 14 20 |3 1 8 5 2 12 3 8 1 17 16 1 1 1 5 11 |1 1 1 6 1 8 1 2 2 1 1 2 1 2 18 17 |
5725: 1 7 13 1 1 1 2 1 1 1 1 1 13 4 9 21 |16 6 3 1 1 1 6 1 9 2 1 16 12 7 7 2 |4 1 1 2 12 1 1 17 5 1 1 1 1 12 1 17 |5 20 21 5 22 1 12 29 20 14 17 8 9 25 77 274 |1 8 1 8 1 1 1 3 7 19 2 3 11 7 1 21 |2 11 2 7 1 5 1 11 3 1 2 2 2 1 1 21 |3 2 21 1 3 1 1 2 2 1 14 11 2 1 1 1 |1 13 1 1 6 1 9 7 16 3 10 3 2 1 1 24 |4 9 1 16 11 1 15 13 16 1 2 14 2 7 5 6 |1 2 11 3 1 1 1 2 1 3 15 1 7 2 14 20 |3 1 8 5 2 12 3 8 1 17 16 1 1 1 5 11 |5 1 1 5 10 6 1 4 5 1 1 1 5 1 17 16 |
5736: 1 7 13 1 1 1 2 1 1 1 1 1 13 4 9 21 |16 6 3 1 1 1 6 1 9 2 1 16 12 7 7 2 |4 1 1 2 12 1 1 17 5 1 1 1 1 12 1 17 |5 20 21 5 22 1 12 29 20 14 17 8 9 25 77 274 |1 8 1 8 1 1 1 3 7 19 2 3 11 7 1 21 |2 11 2 7 1 5 1 11 3 1 2 2 2 1 1 21 |3 2 21 1 3 1 1 2 2 1 14 11 2 1 1 1 |1 13 1 1 6 1 9 7 16 3 10 3 2 1 1 24 |4 9 1 16 11 1 15 13 16 1 2 14 2 7 5 6 |1 2 11 3 1 1 1 2 1 3 15 1 7 2 14 20 |3 1 8 5 2 12 3 8 1 17 16 1 1 1 5 11 |5 1 1 5 10 6 1 4 5 1 1 1 5 1 17 16 |
5747: 1 7 13 1 1 1 2 1 1 1 1 1 13 4 9 21 |16 6 3 1 1 1 6 1 9 2 1 16 12 7 7 2 |9 1 2 7 1 9 6 20 14 7 8 12 14 21 36 197 |5 20 21 5 22 1 12 29 20 14 17 8 9 25 77 274 |1 8 1 8 1 1 1 3 7 19 2 3 11 7 1 21 |2 11 2 7 1 5 1 11 3 1 2 2 2 1 1 21 |3 2 21 1 3 1 1 2 2 1 14 11 2 1 1 1 |1 13 1 1 6 1 9 7 16 3 10 3 2 1 1 24 |4 9 1 16 11 1 15 13 16 1 2 14 2 7 5 6 |1 2 11 3 1 1 1 2 1 3 15 1 7 2 14 20 |3 1 8 5 2 12 3 8 1 17 16 1 1 1 5 11 |5 1 1 5 10 6 1 4 5 1 1 1 5 1 17 16 |
5758: 1 7 13 1 1 1 2 1 1 1 1 1 13 4 9 21 |16 6 3 1 1 1 6 1 9 2 1 16 12 7 7 2 |9 1 2 7 1 9 6 20 14 7 8 12 14 21 36 197 |5 20 21 5 22 1 12 29 20 14 17 8 9 25 77 274 |1 8 1 8 1 1 1 3 7 19 2 3 11 7 1 21 |2 11 2 7 1 5 1 11 3 1 2 2 2 1 1 21 |3 2 21 1 3 1 1 2 2 1 14 11 2 1 1 1 |1 13 1 1 6 1 9 7 16 3 10 3 2 1 1 24 |4 9 1 16 11 1 15 13 16 1 2 14 2 7 5 6 |1 2 11 3 1 1 1 2 1 3 15 1 7 2 14 20 |1 1 9 8 15 13 1 7 3 16 15 1 1 1 7 10 |5 1 1 5 10 6 1 4 5 1 1 1 5 1 17 16 |
5769: 1 7 13 1 1 1 2 1 1 1 1 1 13 4 9 21 |16 6 3 1 1 1 6 1 9 2 1 16 12 7 7 2 |9 1 2 7 1 9 6 20 14 7 8 12 14 21 36 197 |5 20 21 5 22 1 12 29 20 14 17 8 9 25 77 274 |1 8 1 8 1 1 1 3 7 19 2 3 11 7 1 21 |2 11 2 7 1 5 1 11 3 1 2 2 2 1 1 21 |3 2 21 1 3 1 1 2 2 1 14 11 2 1 1 1 |1 13 1 1 6 1 9 7 16 3 10 3 2 1 1 24 |4 9 1 16 11 1 15 13 16 1 2 14 2 7 5 6 |1 2 11 3 1 1 1 2 1 3 15 1 7 2 14 20 |1 1 9 8 15 13 1 7 3 16 15 1 1 1 7 10 |5 1 1 5 10 6 1 4 5 1 1 1 5 1 17 16 |
5780: 1 7 13 1 1 1 2 1 1 1 1 1 13 4 9 21 |16 6 3 1 1 1 6 1 9 2 1 16 12 7 7 2 |9 1 2 7 1 9 6 20 14 7 8 12 14 21 36 197 |1 2 15 3 17 1 8 18 7 13 12 4 2 6 8 18 |1 8 1 8 1 1 1 3 7 19 2 3 11 7 1 21 |2 11 2 7 1 5 1 11 3 1 2 2 2 1 1 21 |3 2 21 1 3 1 1 2 2 1 14 11 2 1 1 1 |1 13 1 1 6 1 9 7 16 3 10 3 2 1 1 24 |4 9 1 16 11 1 15 13 16 1 2 14 2 7 5 6 |1 2 11 3 1 1 1 2 1 3 15 1 7 2 14 20 |1 1 9 8 15 13 1 7 3 16 15 1 1 1 7 10 |5 1 1 5 10 6 1 4 5 1 1 1 5 1 17 16 |
5791: 1 7 13 1 1 1 2 1 1 1 1 1 13 4 9 21 |16 6 3 1 1 1 6 1 9 2 1 16 12 7 7 2 |9 1 2 7 1 9 6 20 14 7 8 12 14 21 36 197 |1 2 15 3 17 1 8 18 7 13 12 4 2 6 8 18 |1 8 1 8 1 1 1 3 7 19 2 3 11 7 1 21 |2 11 2 7 1 5 1 11 3 1 2 2 2 1 1 21 |3 2 21 1 3 1 1 2 2 1 14 11 2 1 1 1 |1 13 1 1 6 1 9 7 16 3 10 3 2 1 1 24 |4 9 1 16 11 1 15 13 16 1 2 14 2 7 5 6 |1 2 11 3 1 1 1 2 1 3 15 1 7 2 14 20 |3 1 9 6 15 1 2 8 1 18 4 1 14 1 5 10 |5 1 1 5 10 6 1 4 5 1 1 1 5 1 17 16 |
5802: 1 7 13 1 1 1 2 1 1 1 1 1 13 4 9 21 |16 6 3 1 1 1 6 1 9 2 1 16 12 7 7 2 |9 1 2 7 1 9 6 20 14 7 8 12 14 21 36 197 |1 2 15 3 17 1 8 18 7 13 12 4 2 6 8 18 |1 8 1 8 1 1 1 3 7 19 2 3 11 7 1 21 |2 11 2 7 1 5 1 11 3 1 2 2 2 1 1 21 |3 2 21 1 3 1 1 2 2 1 14 11 2 1 1 1 |1 13 1 1 6 1 9 7 16 3 10 3 2 1 1 24 |4 9 1 16 11 1 15 13 16 1 2 14 2 7 5 6 |1 2 11 3 1 1 1 2 1 3 15 1 7 2 14 20 |3 1 9 6 15 1 2 8 1 18 4 1 14 1 5 10 |5 1 1 5 10 6 1 4 5 1 1 1 5 1 17 16 |
5813: 1 7 13 1 1 1 2 1 1 1 1 1 13 4 9 21 |9 8 1 6 12 9 8 16 22 10 10 16 24 25 89 286 |9 1 2 7 1 9 6 20 14 7 8 12 14 21 36 197 |1 2 15 3 17 1 8 18 7 13 12 4 2 6 8 18 |1 8 1 8 1 1 1 3 7 19 2 3 11 7 1 21 |2 11 2 7 1 5 1 11 3 1 2 2 2 1 1 21 |3 2 21 1 3 1 1 2 2 1 14 11 2 1 1 1 |1 13 1 1 6 1 9 7 16 3 10 3 2 1 1 24 |4 9 1 16 11 1 15 13 16 1 2 14 2 7 5 6 |1 2 11 3 1 1 1 2 1 3 15 1 7 2 14 20 |3 1 9 6 15 1 2 8 1 18 4 1 14 1 5 10 |5 1 1 5 10 6 1 4 5 1 1 1 5 1 17 16 |
5824: 1 7 13 1 1 1 2 1 1 1 1 1 13 4 9 21 |9 8 1 6 12 9 8 16 22 10 10 16 24 25 89 286 |9 1 2 7 1 9 6 20 14 7 8 12 14 21 36 197 |1 2 15 3 17 1 8 18 7 13 12 4 2 6 8 18 |1 8 1 8 1 1 1 3 7 19 2 3 11 7 1 21 |2 11 2 7 1 5 1 11 3 1 2 2 2 1 1 21 |3 2 21 1 3 1 1 2 2 1 14 11 2 1 1 1 |1 13 1 1 6 1 9 7 16 3 10 3 2 1 1 24 |4 9 1 16 11 1 15 13 16 1 2 14 2 7 5 6 |1 1 3 2 2 1 1 2 1 4 14 1 6 2 14 22 |3 1 9 6 15 1 2 8 1 18 4 1 14 1 5 10 |5 1 1 5 10 6 1 4 5 1 1 1 5 1 17 16 |
5835: 1 7 13 1 1 1 2 1 1 1 1 1 13 4 9 21 |9 8 1 6 12 9 8 16 22 10 10 16 24 25 89 286 |9 1 2 7 1 9 6 20 14 7 8 12 14 21 36 197 |1 2 15 3 17 1 8 18 7 13 12 4 2 6 8 18 |1 8 1 8 1 1 1 3 7 19 2 3 11 7 1 21 |2 11 2 7 1 5 1 11 3 1 2 2 2 1 1 21 |3 2 21 1 3 1 1 2 2 1 14 11 2 1 1 1 |1 13 1 1 6 1 9 7 16 3 10 3 2 1 1 24 |4 9 1 16 11 1 15 13 16 1 2 14 2 7 5 6 |1 1 3 2 2 1 1 2 1 4 14 1 6 2 14 22 |3 1 9 6 15 1 2 8 1 18 4 1 14 1 5 10 |5 1 1 5 10 6 1 4 5 1 1 1 5 1 17 16 |
5846: 1 7 13 1 1 1 2 1 1 1 1 1 13 4 9 21 |9 8 1 6 12 9 8 16 22 10 10 16 24 25 89 286 |6 1 7 6 11 2 1 18 4 1 6 1 1 1 24 51 |1 2 15 3 17 1 8 18 7 13 12 4 2 6 8 18 |1 8 1 8 1 1 1 3 7 19 2 3 11 7 1 21 |2 11 2 7 1 5 1 11 3 1 2 2 2 1 1 21 |3 2 21 1 3 1 1 2 2 1 14 11 2 1 1 1 |1 13 1 1 6 1 9 7 16 3 10 3 2 1 1 24 |4 9 1 16 11 1 15 13 16 1 2 14 2 7 5 6 |1 1 3 2 2 1 1 2 1 4 14 1 6 2 14 22 |3 1 9 6 15 1 2 8 1 18 4 1 14 1 5 10 |5 1 1 5 10 6 1 4 5 1 1 1 5 1 17 16 |
5857: 1 7 13 1 1 1 2 1 1 1 1 1 13 4 9 21 |9 8 1 6 12 9 8 16 22 10 10 16 24 25 89 286 |6 1 7 6 11 2 1 18 4 1 6 1 1 1 24 51 |1 2 15 3 17 1 8 18 7 13 12 4 2 6 8 18 |1 8 1 8 1 1 1 3 7 19 2 3 11 7 1 21 |2 11 2 7 1 5 1 11 3 1 2 2 2 1 1 21 |3 2 21 1 3 1 1 2 2 1 14 11 2 1 1 1 |1 13 1 1 6 1 9 7 16 3 10 3 2 1 1 24 |4 9 1 16 11 1 15 13 16 1 2 14 2 7 5 6 |1 1 2 2 2 6 1 1 2 2 6 1 7 2 14 21 |3 1 9 6 15 1 2 8 1 18 4 1 14 1 5 10 |5 1 1 5 10 6 1 4 5 1 1 1 5 1 17 16 |
5868: 1 7 13 1 1 1 2 1 1 1 1 1 13 4 9 21 |9 8 1 6 12 9 8 16 22 10 10 16 24 25 89 286 |6 1 7 6 11 2 1 18 4 1 6 1 1 1 24 51 |1 2 15 3 17 1 8 18 7 13 12 4 2 6 8 18 |1 8 1 8 1 1 1 3 7 19 2 3 11 7 1 21 |2 11 2 7 1 5 1 11 3 1 2 2 2 1 1 21 |3 2 21 1 3 1 1 2 2 1 14 11 2 1 1 1 |1 13 1 1 6 1 9 7 16 3 10 3 2 1 1 24 |4 9 1 16 11 1 15 13 16 1 2 14 2 7 5 6 |1 1 2 2 2 6 1 1 2 2 6 1 7 2 14 21 |3 1 9 6 15 1 2 8 1 18 4 1 14 1 5 10 |5 1 1 5 10 6 1 4 5 1 1 1 5 1 17 16 |
5879: 1 7 13 1 1 1 2 1 1 1 1 1 13 4 9 21 |9 8 1 6 12 9 8 16 22 10 10 16 24 25 89 286 |3 1 9 5 11 2 1 17 3 1 1 1 9 14 17 19 |1 2 15 3 17 1 8 18 7 13 12 4 2 6 8 18 |1 8 1 8 1 1 1 3 7 19 2 3 11 7 1 21 |2 11 2 7 1 5 1 11 3 1 2 2 2 1 1 21 |3 2 21 1 3 1 1 2 2 1 14 11 2 1 1 1 |1 13 1 1 6 1 9 7 16 3 10 3 2 1 1 24 |4 9 1 16 11 1 15 13 16 1 2 14 2 7 5 6 |1 1 2 2 2 6 1 1 2 2 6 1 7 2 14 21 |3 1 9 6 15 1 2 8 1 18 4 1 14 1 5 10 |5 1 1 5 10 6 1 4 5 1 1 1 5 1 17 16 |
5890: 1 7 13 1 1 1 2 1 1 1 1 1 13 4 9 21 |9 8 1 6 12 9 8 16 22 10 10 16 24 25 89 286 |3 1 9 5 11 2 1 17 3 1 1 1 9 14 17 19 |1 2 15 3 17 1 8 18 7 13 12 4 2 6 8 18 |1 8 1 8 1 1 1 3 7 19 2 3 11 7 1 21 |2 11 2 7 1 5 1 11 3 1 2 2 2 1 1 21 |3 2 21 1 3 1 1 2 2 1 14 11 2 1 1 1 |1 13 1 1 6 1 9 7 16 3 10 3 2 1 1 24 |4 9 1 16 11 1 15 13 16 1 2 14 2 7 5 6 |1 1 2 2 2 6 1 1 2 2 6 1 7 2 14 21 |3 1 9 7 1 13 3 8 1 2 4 1 1 1 6 10 |5 1 1 5 10 6 1 4 5 1 1 1 5 1 17 16 |
5901: 1 7 13 1 1 1 2 1 1 1 1 1 13 4 9 21 |9 8 1 6 12 9 8 16 22 10 10 16 24 25 89 286 |3 1 9 5 11 2 1 17 3 1 1 1 9 14 17 19 |1 2 15 3 17 1 8 18 7 13 12 4 2 6 8 18 |1 8 1 8 1 1 1 3 7 19 2 3 11 7 1 21 |2 11 2 7 1 5 1 11 3 1 2 2 2 1 1 21 |3 2 21 1 3 1 1 2 2 1 14 11 2 1 1 1 |1 13 1 1 6 1 9 7 16 3 10 3 2 1 1 24 |4 9 1 16 11 1 15 13 16 1 2 14 2 7 5 6 |1 1 2 2 2 6 1 1 2 2 6 1 7 2 14 21 |3 1 9 7 1 13 3 8 1 2 4 1 1 1 6 10 |5 1 1 5 10 6 1 4 5 1 1 1 5 1 17 16 |
5912: 1 7 13 1 1 1 2 1 1 1 1 1 13 4 9 21 |9 8 1 6 12 9 8 16 22 10 10 16 24 25 89 286 |3 1 9 5 11 2 1 17 3 1 1 1 9 14 17 19 |1 1 19 1 16 1 1 16 12 9 12 5 1 1 11 9 |1 8 1 8 1 1 1 3 7 19 2 3 11 7 1 21 |2 11 2 7 1 5 1 11 3 1 2 2 2 1 1 21 |3 2 21 1 3 1 1 2 2 1 14 11 2 1 1 1 |1 13 1 1 6 1 9 7 16 3 10 3 2 1 1 24 |4 9 1 16 11 1 15 13 16 1 2 14 2 7 5 6 |1 1 2 2 2 6 1 1 2 2 6 1 7 2 14 21 |3 1 9 7 1 13 3 8 1 2 4 1 1 1 6 10 |5 1 1 5 10 6 1 4 5 1 1 1 5 1 17 16 |
5923: 1 7 13 1 1 1 2 1 1 1 1 1 13 4 9 21 |9 8 1 6 12 9 8 16 22 10 10 16 24 25 89 286 |3 1 9 5 11 2 1 17 3 1 1 1 9 14 17 19 |1 1 19 1 16 1 1 16 12 9 12 5 1 1 11 9 |1 8 1 8 1 1 1 3 7 19 2 3 11 7 1 21 |2 11 2 7 1 5 1 11 3 1 2 2 2 1 1 21 |3 2 21 1 3 1 1 2 2 1 14 11 2 1 1 1 |1 13 1 1 6 1 9 7 16 3 10 3 2 1 1 24 |4 9 1 16 11 1 15 13 16 1 2 14 2 7 5 6 |1 1 2 2 2 6 1 1 2 2 6 1 7 2 14 21 |2 3 6 5 15 6 3 7 1 18 4 1 1 1 6 10 |5 1 1 5 10 6 1 4 5 1 1 1 5 1 17 16 |
5934: 1 7 13 1 1 1 2 1 1 1 1 1 13 4 9 21 |9 8 1 6 12 9 8 16 22 10 10 16 24 25 89 286 |3 1 9 5 11 2 1 17 3 1 1 1 9 14 17 19 |1 1 19 1 16 1 1 16 12 9 12 5 1 1 11 9 |1 8 1 8 1 1 1 3 7 19 2 3 11 7 1 21 |2 11 2 7 1 5 1 11 3 1 2 2 2 1 1 21 |3 2 21 1 3 1 1 2 2 1 14 11 2 1 1 1 |1 13 1 1 6 1 9 7 16 3 10 3 2 1 1 24 |4 9 1 16 11 1 15 13 16 1 2 14 2 7 5 6 |1 1 2 2 2 6 1 1 2 2 6 1 7 2 14 21 |2 3 6 5 15 6 3 7 1 18 4 1 1 1 6 10 |5 1 1 5 10 6 1 4 5 1 1 1 5 1 17 16 |
5945: 1 7 13 1 1 1 2 1 1 1 1 1 13 4 9 21 |9 8 1 6 12 9 8 16 22 10 10 16 24 25 89 286 |3 1 9 5 11 2 1 17 3 1 1 1 9 14 17 19 |1 1 15 4 17 1 1 16 1 8 14 11 1 7 11 9 |1 8 1 8 1 1 1 3 7 19 2 3 11 7 1 21 |2 11 2 7 1 5 1 11 3 1 2 2 2 1 1 21 |3 2 21 1 3 1 1 2 2 1 14 11 2 1 1 1 |1 13 1 1 6 1 9 7 16 3 10 3 2 1 1 24 |4 9 1 16 11 1 15 13 16 1 2 14 2 7 5 6 |1 1 2 2 2 6 1 1 2 2 6 1 7 2 14 21 |2 3 6 5 15 6 3 7 1 18 4 1 1 1 6 10 |5 1 1 5 10 6 1 4 5 1 1 1 5 1 17 16 |
5956: 1 7 13 1 1 1 2 1 1 1 1 1 13 4 9 21 |9 8 1 6 12 9 8 16 22 10 10 16 24 25 89 286 |3 1 9 5 11 2 1 17 3 1 1 1 9 14 17 19 |1 1 15 4 17 1 1 16 1 8 14 11 1 7 11 9 |1 7 1 1 1 8 1 1 7 4 2 1 6 7 1 1 |2 11 2 7 1 5 1 11 3 1 2 2 2 1 1 21 |3 2 21 1 3 1 1 2 2 1 14 11 2 1 1 1 |1 13 1 1 6 1 9 7 16 3 10 3 2 1 1 24 |4 9 1 16 11 1 15 13 16 1 2 14 2 7 5 6 |1 1 2 2 2 6 1 1 2 2 6 1 7 2 14 21 |2 3 6 5 15 6 3 7 1 18 4 1 1 1 6 10 |5 1 1 5 10 6 1 4 5 1 1 1 5 1 17 16 |
5967: 1 7 13 1 1 1 2 1 1 1 1 1 13 4 9 21 |9 8 1 6 12 9 8 16 22 10 10 16 24 25 89 286 |3 1 9 5 11 2 1 17 3 1 1 1 9 14 17 19 |1 1 15 4 17 1 1 16 1 8 14 11 1 7 11 9 |1 7 1 1 1 8 1 1 7 4 2 1 6 7 1 1 |2 11 2 7 1 5 1 11 3 1 2 2 2 1 1 21 |3 2 21 1 3 1 1 2 2 1 14 11 2 1 1 1 |1 13 1 1 6 1 9 7 16 3 10 3 2 1 1 24 |4 9 1 16 11 1 15 13 16 1 2 14 2 7 5 6 |1 1 2 2 2 6 1 1 2 2 6 1 7 2 14 21 |2 3 6 5 15 6 3 7 1 18 4 1 1 1 6 10 |5 1 1 5 10 6 1 4 5 1 1 1 5 1 17 16 |
5977: 1 7 13 1 1 1 2 1 1 1 1 1 13 4 9 21 |9 8 1 6 12 9 8 16 22 10 10 16 24 25 89 286 |4 1 9 12 8 1 1 19 4 1 1 1 7 10 7 5 |1 1 15 4 17 1 1 16 1 8 14 11 1 7 11 9 |1 7 1 1 1 8 1 1 7 4 2 1 6 7 1 1 |2 11 2 7 1 5 1 11 3 1 2 2 2 1 1 21 |3 2 21 1 3 1 1 2 2 1 14 11 2 1 1 1 |1 13 1 1 6 1 9 7 16 3 10 3 2 1 1 24 |4 9 1 16 11 1 15 13 16 1 2 14 2 7 5 6 |1 1 2 2 2 6 1 1 2 2 6 1 7 2 14 21 |2 3 6 5 15 6 3 7 1 18 4 1 1 1 6 10 |5 1 1 5 10 6 1 4 5 1 1 1 5 1 17 16 |
5988: 1 7 13 1 1 1 2 1 1 1 1 1 13 4 9 21 |9 8 1 6 12 9 8 16 22 10 10 16 24 25 89 286 |4 1 9 12 8 1 1 19 4 1 1 1 7 10 7 5 |1 1 15 4 17 1 1 16 1 8 14 11 1 7 11 9 |1 7 1 1 1 8 1 1 7 4 2 1 6 7 1 1 |2 11 2 7 1 5 1 11 3 1 2 2 2 1 1 21 |3 2 21 1 3 1 1 2 2 1 14 11 2 1 1 1 |1 13 1 1 6 1 9 7 16 3 10 3 2 1 1 24 |4 9 1 16 11 1 15 13 16 1 2 14 2 7 5 6 |1 1 2 2 2 6 1 1 2 2 6 1 7 2 14 21 |2 3 6 5 15 6 3 7 1 18 4 1 1 1 6 10 |1 1 1 5 1 1 1 1 5 1 1 2 6 1 17 10 |
5999: 1 7 13 1 1 1 2 1 1 1 1 1 13 4 9 21 |9 8 1 6 12 9 8 16 22 10 10 16 24 25 89 286 |4 1 9 12 8 1 1 19 4 1 1 1 7 10 7 5 |1 1 15 4 17 1 1 16 1 8 14 11 1 7 11 9 |1 7 1 1 1 8 1 1 7 4 2 1 6 7 1 1 |2 11 2 7 1 5 1 11 3 1 2 2 2 1 1 21 |3 2 21 1 3 1 1 2 2 1 14 11 2 1 1 1 |1 13 1 1 6 1 9 7 16 3 10 3 2 1 1 24 |4 9 1 16 11 1 15 13 16 1 2 14 2 7 5 6 |1 1 2 2 2 6 1 1 2 2 6 1 7 2 14 21 |2 3 6 5 15 6 3 7 1 18 4 1 1 1 6 10 |1 1 1 5 1 1 1 1 5 1 1 2 6 1 17 10 |
6010: 1 7 13 1 1 1 2 1 1 1 1 1 13 4 9 21 |9 8 1 6 12 9 8 16 22 10 10 16 24 25 89 286 |3 1 8 5 11 1 4 18 3 3 1 1 5 1 1 1 |1 1 15 4 17 1 1 16 1 8 14 11 1 7 11 9 |1 7 1 1 1 8 1 1 7 4 2 1 6 7 1 1 |2 11 2 7 1 5 1 11 3 1 2 2 2 1 1 21 |3 2 21 1 3 1 1 2 2 1 14 11 2 1 1 1 |1 13 1 1 6 1 9 7 16 3 10 3 2 1 1 24 |4 9 1 16 11 1 15 13 16 1 2 14 2 7 5 6 |1 1 2 2 2 6 1 1 2 2 6 1 7 2 14 21 |2 3 6 5 15 6 3 7 1 18 4 1 1 1 6 10 |1 1 1 5 1 1 1 1 5 1 1 2 6 1 17 10 |
6021: 1 7 13 1 1 1 2 1 1 1 1 1 13 4 9 21 |9 8 1 6 12 9 8 16 22 10 10 16 24 25 89 286 |3 1 8 5 11 1 4 18 3 3 1 1 5 1 1 1 |1 1 15 4 17 1 1 16 1 8 14 11 1 7 11 9 |1 7 1 1 1 8 1 1 7 4 2 1 6 7 1 1 |2 11 2 7 1 5 1 11 3 1 2 2 2 1 1 21 |3 2 21 1 3 1 1 2 2 1 14 11 2 1 1 1 |1 13 1 1 6 1 9 7 16 3 10 3 2 1 1 24 |5 7 1 15 9 1 1 2 5 1 1 2 2 9 2 1 |1 1 2 2 2 6 1 1 2 2 6 1 7 2 14 21 |2 3 6 5 15 6 3 7 1 18 4 1 1 1 6 10 |1 1 1 5 1 1 1 1 5 1 1 2 6 1 17 10 |
6032: 1 7 13 1 1 1 2 1 1 1 1 1 13 4 9 21 |9 8 1 6 12 9 8 16 22 10 10 16 24 25 89 286 |3 1 8 5 11 1 4 18 3 3 1 1 5 1 1 1 |1 1 15 4 17 1 1 16 1 8 14 11 1 7 11 9 |1 7 1 1 1 8 1 1 7 4 2 1 6 7 1 1 |2 11 2 7 1 5 1 11 3 1 2 2 2 1 1 21 |3 2 21 1 3 1 1 2 2 1 14 11 2 1 1 1 |1 13 1 1 6 1 9 7 16 3 10 3 2 1 1 24 |5 7 1 15 9 1 1 2 5 1 1 2 2 9 2 1 |1 1 2 2 2 6 1 1 2 2 6 1 7 2 14 21 |2 3 6 5 15 6 3 7 1 18 4 1 1 1 6 10 |1 1 1 5 1 1 1 1 5 1 1 2 6 1 17 10 |
6043: 1 7 13 1 1 1 2 1 1 1 1 1 13 4 9 21 |9 8 1 6 12 9 8 16 22 10 10 16 24 25 89 286 |3 1 8 5 11 1 4 18 3 3 1 1 5 1 1 1 |1 1 15 4 17 1 1 16 1 8 14 11 1 7 11 9 |1 7 1 1 1 8 1 1 7 4 2 1 6 7 1 1 |2 11 2 7 1 5 1 11 3 1 2 2 2 1 1 21 |3 2 21 1 3 1 1 2 2 1 14 11 2 1 1 1 |1 13 1 1 6 1 9 7 16 3 10 3 2 1 1 24 |5 7 1 15 9 1 1 2 5 1 1 2 2 9 2 1 |1 1 2 2 2 6 1 1 2 2 6 1 7 2 14 21 |2 3 6 5 15 6 3 7 1 18 4 1 1 1 6 10 |1 1 1 5 1 1 1 1 5 1 1 2 6 1 17 10 |
6054: 4 10 11 10 5 5 4 8 15 9 1 11 13 18 62 233 |9 8 1 6 12 9 8 16 22 10 10 16 24 25 89 286 |3 1 8 5 11 1 4 18 3 3 1 1 5 1 1 1 |1 1 15 4 17 1 1 16 1 8 14 11 1 7 11 9 |1 7 1 1 1 8 1 1 7 4 2 1 6 7 1 1 |2 11 2 7 1 5 1 11 3 1 2 2 2 1 1 21 |3 2 21 1 3 1 1 2 2 1 14 11 2 1 1 1 |1 13 1 1 6 1 9 7 16 3 10 3 2 1 1 24 |5 7 1 15 9 1 1 2 5 1 1 2 2 9 2 1 |1 1 2 2 2 6 1 1 2 2 6 1 7 2 14 21 |2 3 6 5 15 6 3 7 1 18 4 1 1 1 6 10 |1 1 1 5 1 1 1 1 5 1 1 2 6 1 17 10 |
6065: 4 10 11 10 5 5 4 8 15 9 1 11 13 18 62 233 |9 8 1 6 12 9 8 16 22 10 10 16 24 25 89 286 |3 1 8 5 11 1 4 18 3 3 1 1 5 1 1 1 |1 1 15 4 17 1 1 16 1 8 14 11 1 7 11 9 |1 7 1 1 1 8 1 1 7 4 2 1 6 7 1 1 |2 11 2 7 1 5 1 11 3 1 2 2 2 1 1 21 |3 2 21 1 3 1 1 2 2 1 14 11 2 1 1 1 |1 13 1 1 6 1 9 7 16 3 10 3 2 1 1 24 |5 7 1 15 9 1 1 2 5 1 1 2 2 9 2 1 |1 1 2 2 2 6 1 1 2 2 6 1 7 2 14 21 |2 3 6 5 15 6 3 7 1 18 4 1 1 1 6 10 |1 1 1 5 1 1 1 1 5 1 1 2 6 1 17 10 |
6076: 4 10 11 10 5 5 4 8 15 9 1 11 13 18 62 233 |16 6 1 1 2 1 1 1 14 3 1 17 12 7 13 29 |3 1 8 5 11 1 4 18 3 3 1 1 5 1 1 1 |1 1 15 4 17 1 1 16 1 8 14 11 1 7 11 9 |1 7 1 1 1 8 1 1 7 4 2 1 6 7 1 1 |2 11 2 7 1 5 1 11 3 1 2 2 2 1 1 21 |3 2 21 1 3 1 1 2 2 1 14 11 2 1 1 1 |1 13 1 1 6 1 9 7 16 3 10 3 2 1 1 24 |5 7 1 15 9 1 1 2 5 1 1 2 2 9 2 1 |1 1 2 2 2 6 1 1 2 2 6 1 7 2 14 21 |2 3 6 5 15 6 3 7 1 18 4 1 1 1 6 10 |1 1 1 5 1 1 1 1 5 1 1 2 6 1 17 10 |
6087: 4 10 11 10 5 5 4 8 15 9 1 11 13 18 62 233 |16 6 1 1 2 1 1 1 14 3 1 17 12 7 13 29 |3 1 8 5 11 1 4 18 3 3 1 1 5 1 1 1 |1 1 15 4 17 1 1 16 1 8 14 11 1 7 11 9 |1 7 1 1 1 8 1 1 7 4 2 1 6 7 1 1 |2 11 2 7 1 5 1 11 3 1 2 2 2 1 1 21 |3 2 21 1 3 1 1 2 2 1 14 11 2 1 1 1 |1 13 1 1 6 1 9 7 16 3 10 3 2 1 1 24 |5 7 1 15 9 1 1 2 5 1 1 2 2 9 2 1 |1 1 2 2 2 6 1 1 2 2 6 1 7 2 14 21 |2 3 6 5 15 6 3 7 1 18 4 1 1 1 6 10 |1 1 1 6 1 8 7 8 5 1 1 1 3 1 18 8 |
6098: 4 10 11 10 5 5 4 8 15 9 1 11 13 18 62 233 |16 6 1 1 2 1 1 1 14 3 1 17 12 7 13 29 |3 1 8 5 11 1 4 18 3 3 1 1 5 1 1 1 |1 1 15 4 17 1 1 16 1 8 14 11 1 7 11 9 |1 7 1 1 1 8 1 1 7 4 2 1 6 7 1 1 |2 11 2 7 1 5 1 11 3 1 2 2 2 1 1 21 |3 2 21 1 3 1 1 2 2 1 14 11 2 1 1 1 |1 13 1 1 6 1 9 7 16 3 10 3 2 1 1 24 |5 7 1 15 9 1 1 2 5 1 1 2 2 9 2 1 |1 1 2 2 2 6 1 1 2 2 6 1 7 2 14 21 |2 3 6 5 15 6 3 7 1 18 4 1 1 1 6 10 |1 1 1 6 1 8 7 8 5 1 1 1 3 1 18 8 |
6109: 4 10 11 10 5 5 4 8 15 9 1 11 13 18 62 233 |16 6 1 1 2 1 1 1 14 3 1 17 12 7 13 29 |3 1 8 5 11 1 4 18 3 3 1 1 5 1 1 1 |1 1 15 4 17 1 1 16 1 8 14 11 1 7 11 9 |1 7 1 1 1 8 1 1 7 4 2 1 6 7 1 1 |2 11 2 7 1 5 1 11 3 1 2 2 2 1 1 21 |3 2 21 1 3 1 1 2 2 1 14 11 2 1 1 1 |1 13 1 1 6 1 9 7 16 3 10 3 2 1 1 24 |5 7 1 15 9 1 1 2 5 1 1 2 2 9 2 1 |1 1 2 2 2 6 1 1 2 2 6 1 7 2 14 21 |2 3 6 5 15 6 3 7 1 18 4 1 1 1 6 10 |1 1 1 6 1 8 7 8 5 1 1 1 3 1 18 8 |
6120: 4 10 11 10 5 5 4 8 15 9 1 11 13 18 62 233 |16 6 1 1 2 1 1 1 14 3 1 17 12 7 13 29 |3 1 8 5 11 1 4 18 3 3 1 1 5 1 1 1 |1 1 15 4 17 1 1 16 1 8 14 11 1 7 11 9 |1 7 1 1 1 8 1 1 7 4 2 1 6 7 1 1 |2 11 2 7 1 5 1 11 3 1 2 2 2 1 1 21 |3 2 21 1 3 1 1 2 2 1 14 11 2 1 1 1 |1 13 1 1 6 1 9 7 16 3 10 3 2 1 1 24 |5 7 1 15 9 1 1 2 5 1 1 2 2 9 2 1 |1 1 2 2 2 6 1 1 2 2 6 1 7 2 14 21 |2 3 6 5 15 6 3 7 1 18 4 1 1 1 6 10 |1 1 2 7 1 8 7 4 5 1 1 1 1 1 17 11 |
6131: 4 10 11 10 5 5 4 8 15 9 1 11 13 18 62 233 |16 6 1 1 2 1 1 1 14 3 1 17 12 7 13 29 |3 1 8 5 11 1 4 18 3 3 1 1 5 1 1 1 |1 1 15 4 17 1 1 16 1 8 14 11 1 7 11 9 |1 7 1 1 1 8 1 1 7 4 2 1 6 7 1 1 |2 11 2 7 1 5 1 11 3 1 2 2 2 1 1 21 |3 2 21 1 3 1 1 2 2 1 14 11 2 1 1 1 |1 13 1 1 6 1 9 7 16 3 10 3 2 1 1 24 |5 7 1 15 9 1 1 2 5 1 1 2 2 9 2 1 |1 1 2 2 2 6 1 1 2 2 6 1 7 2 14 21 |2 3 6 5 15 6 3 7 1 18 4 1 1 1 6 10 |1 1 2 7 1 8 7 4 5 1 1 1 1 1 17 11 |
6142: 4 10 11 10 5 5 4 8 15 9 1 11 13 18 62 233 |16 6 1 1 2 1 1 1 14 3 1 17 12 7 13 29 |3 2 9 5 8 1 4 19 3 1 1 1 8 3 1 1 |1 1 15 4 17 1 1 16 1 8 14 11 1 7 11 9 |1 7 1 1 1 8 1 1 7 4 2 1 6 7 1 1 |2 11 2 7 1 5 1 11 3 1 2 2 2 1 1 21 |3 2 21 1 3 1 1 2 2 1 14 11 2 1 1 1 |1 13 1 1 6 1 9 7 16 3 10 3 2 1 1 24 |5 7 1 15 9 1 1 2 5 1 1 2 2 9 2 1 |1 1 2 2 2 6 1 1 2 2 6 1 7 2 14 21 |2 3 6 5 15 6 3 7 1 18 4 1 1 1 6 10 |1 1 2 7 1 8 7 4 5 1 1 1 1 1 17 11 |
6153: 4 10 11 10 5 5 4 8 15 9 1 11 13 18 62 233 |16 6 1 1 2 1 1 1 14 3 1 17 12 7 13 29 |3 2 9 5 8 1 4 19 3 1 1 1 8 3 1 1 |1 1 15 4 17 1 1 16 1 8 14 11 1 7 11 9 |1 7 1 1 1 8 1 1 7 4 2 1 6 7 1 1 |2 11 2 7 1 5 1 11 3 1 2 2 2 1 1 21 |3 2 21 1 3 1 1 2 2 1 14 11 2 1 1 1 |1 13 1 1 6 1 9 7 16 3 10 3 2 1 1 24 |5 7 1 15 9 1 1 2 5 1 1 2 2 9 2 1 |1 1 2 2 2 6 1 1 2 2 6 1 7 2 14 21 |3 1 9 7 3 1 3 8 1 17 4 1 2 1 6 1 |1 1 2 7 1 8 7 4 5 1 1 1 1 1 17 11 |
6164: 4 10 11 10 5 5 4 8 15 9 1 11 13 18 62 233 |16 6 1 1 2 1 1 1 14 3 1 17 12 7 13 29 |3 2 9 5 8 1 4 19 3 1 1 1 8 3 1 1 |1 1 15 4 17 1 1 16 1 8 14 11 1 7 11 9 |1 7 1 1 1 8 1 1 7 4 2 1 6 7 1 1 |2 11 2 7 1 5 1 11 3 1 2 2 2 1 1 21 |3 2 21 1 3 1 1 2 2 1 14 11 2 1 1 1 |1 13 1 1 6 1 9 7 16 3 10 3 2 1 1 24 |5 7 1 15 9 1 1 2 5 1 1 2 2 9 2 1 |1 1 2 2 2 6 1 1 2 2 6 1 7 2 14 21 |3 1 9 7 3 1 3 8 1 17 4 1 2 1 6 1 |1 1 2 7 1 8 7 4 5 1 1 1 1 1 17 11 |
6175: 4 10 11 10 5 5 4 8 15 9 1 11 13 18 62 233 |16 6 1 1 2 1 1 1 14 3 1 17 12 7 13 29 |3 2 9 5 8 1 4 19 3 1 1 1 8 3 1 1 |1 1 15 4 17 1 1 16 1 8 14 11 1 7 11 9 |1 7 1 1 1 8 1 1 7 4 2 1 6 7 1 1 |2 11 2 7 1 5 1 11 3 1 2 2 2 1 1 21 |3 2 21 1 3 1 1 2 2 1 14 11 2 1 1 1 |1 13 1 1 6 1 9 7 16 3 10 3 2 1 1 24 |5 7 1 15 9 1 1 2 5 1 1 2 2 9 2 1 |1 1 2 2 2 6 1 1 2 2 6 1 7 2 14 21 |3 1 9 7 3 1 3 8 1 17 4 1 2 1 6 1 |1 1 2 7 1 8 7 4 5 1 1 1 1 1 17 11 |
6186: 1 7 7 1 10 18 4 7 15 10 6 9 10 18 70 265 |16 6 1 1 2 1 1 1 14 3 1 17 12 7 13 29 |3 2 9 5 8 1 4 19 3 1 1 1 8 3 1 1 |1 1 15 4 17 1 1 16 1 8 14 11 1 7 11 9 |1 7 1 1 1 8 1 1 7 4 2 1 6 7 1 1 |2 11 2 7 1 5 1 11 3 1 2 2 2 1 1 21 |3 2 21 1 3 1 1 2 2 1 14 11 2 1 1 1 |1 13 1 1 6 1 9 7 16 3 10 3 2 1 1 24 |5 7 1 15 9 1 1 2 5 1 1 2 2 9 2 1 |1 1 2 2 2 6 1 1 2 2 6 1 7 2 14 21 |3 1 9 7 3 1 3 8 1 17 4 1 2 1 6 1 |1 1 2 7 1 8 7 4 5 1 1 1 1 1 17 11 |
6197: 1 7 7 1 10 18 4 7 15 10 6 9 10 18 70 265 |16 6 1 1 2 1 1 1 14 3 1 17 12 7 13 29 |3 2 9 5 8 1 4 19 3 1 1 1 8 3 1 1 |1 1 15 4 17 1 1 16 1 8 14 11 1 7 11 9 |1 7 1 1 1 8 1 1 7 4 2 1 6 7 1 1 |2 11 2 7 1 5 1 11 3 1 2 2 2 1 1 21 |3 2 21 1 3 1 1 2 2 1 14 11 2 1 1 1 |1 13 1 1 6 1 9 7 16 3 10 3 2 1 1 24 |5 7 1 15 9 1 1 2 5 1 1 2 2 9 2 1 |1 1 2 2 2 6 1 1 2 2 6 1 7 2 14 21 |3 1 9 7 3 1 3 8 1 17 4 1 2 1 6 1 |1 1 2 7 1 8 7 4 5 1 1 1 1 1 17 11 |
6208: 1 7 7 1 10 18 4 7 15 10 6 9 10 18 70 265 |16 6 1 1 2 1 1 1 14 3 1 17 12 7 13 29 |3 2 9 5 8 1 4 19 3 1 1 1 8 3 1 1 |1 1 15 4 17 1 1 16 1 8 14 11 1 7 11 9 |1 7 1 1 1 8 1 1 7 4 2 1 6 7 1 1 |2 11 2 7 1 5 1 11 3 1 2 2 2 1 1 21 |3 2 21 1 3 1 1 2 2 1 14 11 2 1 1 1 |1 13 1 1 6 1 9 7 16 3 10 3 2 1 1 24 |5 7 1 15 9 1 1 2 5 1 1 2 2 9 2 1 |1 1 2 2 2 6 1 1 2 2 6 1 7 2 14 21 |3 1 9 7 3 1 3 8 1 17 4 1 2 1 6 1 |1 1 2 7 1 8 7 4 5 1 1 1 1 1 17 11 |
6219: 1 7 7 1 10 18 4 7 15 10 6 9 10 18 70 265 |16 6 1 1 2 1 1 1 14 3 1 17 12 7 13 29 |3 2 9 5 8 1 4 19 3 1 1 1 8 3 1 1 |1 1 15 4 17 1 1 16 1 8 14 11 1 7 11 9 |1 7 1 1 1 8 1 1 7 4 2 1 6 7 1 1 |2 11 2 7 1 5 1 11 3 1 2 2 2 1 1 21 |3 2 21 1 3 1 1 2 2 1 14 11 2 1 1 1 |1 13 1 1 6 1 9 7 16 3 10 3 2 1 1 24 |3 3 1 16 9 1 16 1 5 1 1 12 2 2 5 5 |1 1 2 2 2 6 1 1 2 2 6 1 7 2 14 21 |3 1 9 7 3 1 3 8 1 17 4 1 2 1 6 1 |1 1 2 7 1 8 7 4 5 1 1 1 1 1 17 11 |
6230: 1 7 7 1 10 18 4 7 15 10 6 9 10 18 70 265 |16 6 1 1 2 1 1 1 14 3 1 17 12 7 13 29 |3 2 9 5 8 1 4 19 3 1 1 1 8 3 1 1 |1 1 15 4 17 1 1 16 1 8 14 11 1 7 11 9 |1 7 1 1 1 8 1 1 7 4 2 1 6 7 1 1 |2 11 2 7 1 5 1 11 3 1 2 2 2 1 1 21 |3 2 21 1 3 1 1 2 2 1 14 11 2 1 1 1 |1 13 1 1 6 1 9 7 16 3 10 3 2 1 1 24 |3 3 1 16 9 1 16 1 5 1 1 12 2 2 5 5 |1 2 7 1 3 7 1 1 1 4 14 1 7 2 2 19 |3 1 9 7 3 1 3 8 1 17 4 1 2 1 6 1 |1 1 2 7 1 8 7 4 5 1 1 1 1 1 17 11 |
6241: 1 7 7 1 10 18 4 7 15 10 6 9 10 18 70 265 |16 6 1 1 2 1 1 1 14 3 1 17 12 7 13 29 |3 2 9 5 8 1 4 19 3 1 1 1 8 3 1 1 |1 1 15 4 17 1 1 16 1 8 14 11 1 7 11 9 |1 7 1 1 1 8 1 1 7 4 2 1 6 7 1 1 |2 11 2 7 1 5 1 11 3 1 2 2 2 1 1 21 |3 2 21 1 3 1 1 2 2 1 14 11 2 1 1 1 |1 13 1 1 6 1 9 7 16 3 10 3 2 1 1 24 |3 3 1 16 9 1 16 1 5 1 1 12 2 2 5 5 |1 2 7 1 3 7 1 1 1 4 14 1 7 2 2 19 |3 1 9 7 3 1 3 8 1 17 4 1 2 1 6 1 |1 1 2 7 1 8 7 4 5 1 1 1 1 1 17 11 |
6252: 1 7 7 1 10 18 4 7 15 10 6 9 10 18 70 265 |16 6 1 1 2 1 1 1 14 3 1 17 12 7 13 29 |3 2 9 5 8 1 4 19 3 1 1 1 8 3 1 1 |1 1 15 4 17 1 1 16 1 8 14 11 1 7 11 9 |1 7 1 1 1 8 1 1 7 4 2 1 6 7 1 1 |2 11 2 7 1 5 1 11 3 1 2 2 2 1 1 21 |3 2 21 1 3 1 1 2 2 1 14 11 2 1 1 1 |1 13 1 1 6 1 9 7 16 3 10 3 2 1 1 24 |3 3 1 16 9 1 16 1 5 1 1 12 2 2 5 5 |1 2 7 1 3 7 1 1 1 4 14 1 7 2 2 19 |3 1 9 7 3 1 3 8 1 17 4 1 2 1 6 1 |1 1 2 7 1 8 7 4 5 1 1 1 1 1 17 11 |
6263: 1 7 7 1 10 18 4 7 15 10 6 9 10 18 70 265 |16 6 1 1 2 1 1 1 14 3 1 17 12 7 13 29 |3 2 9 5 8 1 4 19 3 1 1 1 8 3 1 1 |1 1 15 4 17 1 1 16 1 8 14 11 1 7 11 9 |1 7 1 1 1 8 1 1 7 4 2 1 6 7 1 1 |2 11 2 7 1 5 1 11 3 1 2 2 2 1 1 21 |3 2 21 1 3 1 1 2 2 1 14 11 2 1 1 1 |1 13 1 1 6 1 9 7 16 3 10 3 2 1 1 24 |3 3 1 16 9 1 16 1 5 1 1 12 2 2 5 5 |1 2 7 1 3 7 1 1 1 4 14 1 7 2 2 19 |3 1 9 7 3 1 3 8 1 17 4 1 2 1 6 1 |1 1 2 7 1 8 7 4 5 1 1 1 1 1 17 11 |
6274: 1 7 7 1 10 18 4 7 15 10 6 9 10 18 70 265 |16 6 1 1 2 1 1 1 14 3 1 17 12 7 13 29 |3 2 9 5 8 1 4 19 3 1 1 1 8 3 1 1 |1 1 15 4 17 1 1 16 1 8 14 11 1 7 11 9 |1 7 1 1 1 8 1 1 7 4 2 1 6 7 1 1 |2 11 2 7 1 5 1 11 3 1 2 2 2 1 1 21 |3 2 21 1 3 1 1 2 2 1 14 11 2 1 1 1 |1 13 1 1 6 1 9 7 16 3 10 3 2 1 1 24 |3 3 1 16 9 1 16 1 5 1 1 12 2 2 5 5 |1 2 7 1 3 7 1 1 1 4 14 1 7 2 2 19 |3 1 9 7 3 1 3 8 1 17 4 1 2 1 6 1 |1 1 2 7 1 8 7 4 5 1 1 1 1 1 17 11 |
6285: 1 7 7 1 10 18 4 7 15 10 6 9 10 18 70 265 |16 6 1 1 2 1 1 1 14 3 1 17 12 7 13 29 |3 2 9 5 8 1 4 19 3 1 1 1 8 3 1 1 |1 1 15 4 17 1 1 16 1 8 14 11 1 7 11 9 |1 7 1 1 1 8 1 1 7 4 2 1 6 7 1 1 |2 11 2 7 1 5 1 11 3 1 2 2 2 1 1 21 |3 2 21 1 3 1 1 2 2 1 14 11 2 1 1 1 |1 8 1 9 9 1 8 8 11 3 1 2 1 1 5 13 |3 3 1 16 9 1 16 1 5 1 1 12 2 2 5 5 |1 2 7 1 3 7 1 1 1 4 14 1 7 2 2 19 |3 1 9 7 3 1 3 8 1 17 4 1 2 1 6 1 |1 1 2 7 1 8 7 4 5 1 1 1 1 1 17 11 |
6296: 1 7 7 1 10 18 4 7 15 10 6 9 10 18 70 265 |16 6 1 1 2 1 1 1 14 3 1 17 12 7 13 29 |3 2 9 5 8 1 4 19 3 1 1 1 8 3 1 1 |1 1 15 4 17 1 1 16 1 8 14 11 1 7 11 9 |1 7 1 1 1 8 1 1 7 4 2 1 6 7 1 1 |2 11 2 7 1 5 1 11 3 1 2 2 2 1 1 21 |3 2 21 1 3 1 1 2 2 1 14 11 2 1 1 1 |1 8 1 9 9 1 8 8 11 3 1 2 1 1 5 13 |3 3 1 16 9 1 16 1 5 1 1 12 2 2 5 5 |1 2 7 1 3 7 1 1 1 4 14 1 7 2 2 19 |3 1 9 7 3 1 3 8 1 17 4 1 2 1 6 1 |1 1 2 7 1 8 7 4 5 1 1 1 1 1 17 11 |
6307: 1 7 7 1 10 18 4 7 15 10 6 9 10 18 70 265 |16 6 1 1 2 1 1 1 14 3 1 17 12 7 13 29 |3 2 9 5 8 1 4 19 3 1 1 1 8 3 1 1 |1 1 15 4 17 1 1 16 1 8 14 11 1 7 11 9 |1 7 1 1 1 8 1 1 7 4 2 1 6 7 1 1 |2 11 2 7 1 5 1 11 3 1 2 2 2 1 1 21 |3 2 21 1 3 1 1 2 2 1 14 11 2 1 1 1 |1 8 1 9 9 1 8 8 11 3 1 2 1 1 5 13 |3 3 1 16 9 1 16 1 5 1 1 12 2 2 5 5 |1 2 7 1 3 7 1 1 1 4 14 1 7 2 2 19 |3 1 9 7 3 1 3 8 1 17 4 1 2 1 6 1 |1 1 2 7 1 8 7 4 5 1 1 1 1 1 17 11 |
6318: 1 7 7 1 10 18 4 7 15 10 6 9 10 18 70 265 |16 6 1 1 2 1 1 1 14 3 1 17 12 7 13 29 |3 2 9 5 8 1 4 19 3 1 1 1 8 3 1 1 |1 1 15 4 17 1 1 16 1 8 14 11 1 7 11 9 |1 7 1 1 1 8 1 1 7 4 2 1 6 7 1 1 |2 11 2 7 1 5 1 11 3 1 2 2 2 1 1 21 |4 2 5 4 3 1 1 3 1 4 8 14 11 1 1 1 |1 8 1 9 9 1 8 8 11 3 1 2 1 1 5 13 |3 3 1 16 9 1 16 1 5 1 1 12 2 2 5 5 |1 2 7 1 3 7 1 1 1 4 14 1 7 2 2 19 |3 1 9 7 3 1 3 8 1 17 4 1 2 1 6 1 |1 1 2 7 1 8 7 4 5 1 1 1 1 1 17 11 |
6329: 1 7 7 1 10 18 4 7 15 10 6 9 10 18 70 265 |16 6 1 1 2 1 1 1 14 3 1 17 12 7 13 29 |3 2 9 5 8 1 4 19 3 1 1 1 8 3 1 1 |1 1 15 4 17 1 1 16 1 8 14 11 1 7 11 9 |1 7 1 1 1 8 1 1 7 4 2 1 6 7 1 1 |2 11 2 7 1 5 1 11 3 1 2 2 2 1 1 21 |4 2 5 4 3 1 1 3 1 4 8 14 11 1 1 1 |1 8 1 9 9 1 8 8 11 3 1 2 1 1 5 13 |3 3 1 16 9 1 16 1 5 1 1 12 2 2 5 5 |1 2 7 1 3 7 1 1 1 4 14 1 7 2 2 19 |3 1 9 7 3 1 3 8 1 17 4 1 2 1 6 1 |1 1 2 7 1 8 7 4 5 1 1 1 1 1 17 11 |
6339: 1 7 7 1 10 18 4 7 15 10 6 9 10 18 70 265 |16 6 1 1 2 1 1 1 14 3 1 17 12 7 13 29 |3 2 9 5 8 1 4 19 3 1 1 1 8 3 1 1 |1 1 15 4 17 1 1 16 1 8 14 11 1 7 11 9 |1 7 1 1 1 8 1 1 7 4 2 1 6 7 1 1 |2 11 2 7 1 5 1 11 3 1 2 2 2 1 1 21 |4 2 5 4 3 1 1 3 1 4 8 14 11 1 1 1 |1 8 1 9 9 1 8 8 11 3 1 2 1 1 5 13 |3 3 1 16 9 1 16 1 5 1 1 12 2 2 5 5 |1 2 7 1 3 7 1 1 1 4 14 1 7 2 2 19 |3 1 9 7 3 1 3 8 1 17 4 1 2 1 6 1 |1 1 2 7 1 8 7 4 5 1 1 1 1 1 17 11 |
6350: 1 7 7 1 10 18 4 7 15 10 6 9 10 18 70 265 |16 6 1 1 2 1 1 1 14 3 1 17 12 7 13 29 |3 2 9 5 8 1 4 19 3 1 1 1 8 3 1 1 |1 1 15 4 17 1 1 16 1 8 14 11 1 7 11 9 |1 7 1 1 1 8 1 1 7 4 2 1 6 7 1 1 |2 11 2 7 1 5 1 11 3 1 2 2 2 1 1 21 |4 2 5 4 3 1 1 3 1 4 8 14 11 1 1 1 |1 8 1 9 9 1 8 8 11 3 1 2 1 1 5 13 |4 7 1 15 5 1 15 13 16 5 2 14 2 7 3 1 |1 2 7 1 3 7 1 1 1 4 14 1 7 2 2 19 |3 1 9 7 3 1 3 8 1 17 4 1 2 1 6 1 |1 1 2 7 1 8 7 4 5 1 1 1 1 1 17 11 |
6361: 1 7 7 1 10 18 4 7 15 10 6 9 10 18 70 265 |16 6 1 1 2 1 1 1 14 3 1 17 12 7 13 29 |3 2 9 5 8 1 4 19 3 1 1 1 8 3 1 1 |1 1 15 4 17 1 1 16 1 8 14 11 1 7 11 9 |1 7 1 1 1 8 1 1 7 4 2 1 6 7 1 1 |2 11 2 7 1 5 1 11 3 1 2 2 2 1 1 21 |4 2 5 4 3 1 1 3 1 4 8 14 11 1 1 1 |1 8 1 9 9 1 8 8 11 3 1 2 1 1 5 13 |4 7 1 15 5 1 15 13 16 5 2 14 2 7 3 1 |1 2 7 4 3 5 1 1 1 2 14 1 7 2 14 19 |3 1 9 7 3 1 3 8 1 17 4 1 2 1 6 1 |1 1 2 7 1 8 7 4 5 1 1 1 1 1 17 11 |
6372: 1 7 7 1 10 18 4 7 15 10 6 9 10 18 70 265 |16 6 1 1 2 1 1 1 14 3 1 17 12 7 13 29 |3 2 9 5 8 1 4 19 3 1 1 1 8 3 1 1 |1 1 15 4 17 1 1 16 1 8 14 11 1 7 11 9 |1 7 1 1 1 8 1 1 7 4 2 1 6 7 1 1 |2 11 2 7 1 5 1 11 3 1 2 2 2 1 1 21 |4 2 5 4 3 1 1 3 1 4 8 14 11 1 1 1 |1 8 1 9 9 1 8 8 11 3 1 2 1 1 5 13 |4 7 1 15 5 1 15 13 16 5 2 14 2 7 3 1 |1 2 7 4 3 5 1 1 1 2 14 1 7 2 14 19 |3 1 9 7 3 1 3 8 1 17 4 1 2 1 6 1 |1 1 2 7 1 8 7 4 5 1 1 1 1 1 17 11 |
6383: 1 7 7 1 10 18 4 7 15 10 6 9 10 18 70 265 |16 6 1 1 2 1 1 1 14 3 1 17 12 7 13 29 |3 2 9 5 8 1 4 19 3 1 1 1 8 3 1 1 |1 1 15 4 17 1 1 16 1 8 14 11 1 7 11 9 |1 7 1 1 1 8 1 1 7 4 2 1 6 7 1 1 |2 11 2 7 1 5 1 11 3 1 2 2 2 1 1 21 |4 2 5 4 3 1 1 3 1 4 8 14 11 1 1 1 |1 8 1 9 9 1 8 8 11 3 1 2 1 1 5 13 |4 7 1 15 5 1 15 13 16 5 2 14 2 7 3 1 |1 2 7 4 3 5 1 1 1 2 14 1 7 2 14 19 |3 1 9 7 3 1 3 8 1 17 4 1 2 1 6 1 |1 1 2 7 1 8 7 4 5 1 1 1 1 1 17 11 |
6394: 1 7 7 1 10 18 4 7 15 10 6 9 10 18 70 265 |16 6 1 1 2 1 1 1 14 3 1 17 12 7 13 29 |3 2 9 5 8 1 4 19 3 1 1 1 8 3 1 1 |1 1 15 4 17 1 1 16 1 8 14 11 1 7 11 9 |1 7 1 1 1 8 1 1 7 4 2 1 6 7 1 1 |2 11 2 7 1 5 1 11 3 1 2 2 2 1 1 21 |4 2 5 4 3 1 1 3 1 4 8 14 11 1 1 1 |1 8 1 9 9 1 8 8 11 3 1 2 1 1 5 13 |4 7 1 15 5 1 15 13 16 5 2 14 2 7 3 1 |1 2 7 4 3 5 1 1 1 2 14 1 7 2 14 19 |3 1 9 7 3 1 3 8 1 17 4 1 2 1 6 1 |1 1 2 7 1 8 7 4 5 1 1 1 1 1 17 11 |
6405: 1 7 7 1 10 18 4 7 15 10 6 9 10 18 70 265 |16 6 1 1 2 1 1 1 14 3 1 17 12 7 13 29 |3 2 9 5 8 1 4 19 3 1 1 1 8 3 1 1 |1 1 15 4 17 1 1 16 1 8 14 11 1 7 11 9 |1 7 1 1 1 8 1 1 7 4 2 1 6 7 1 1 |2 11 2 7 1 5 1 11 3 1 2 2 2 1 1 21 |4 2 5 4 3 1 1 3 1 4 8 14 11 1 1 1 |1 8 1 9 9 1 8 8 11 3 1 2 1 1 5 13 |4 7 1 15 5 1 15 13 16 5 2 14 2 7 3 1 |1 2 7 4 3 5 1 1 1 2 14 1 7 2 14 19 |3 1 9 7 3 1 3 8 1 17 4 1 2 1 6 1 |1 1 2 7 1 8 7 4 5 1 1 1 1 1 17 11 |
6416: 1 7 7 1 10 18 4 7 15 10 6 9 10 18 70 265 |16 6 1 1 2 1 1 1 14 3 1 17 12 7 13 29 |3 2 9 5 8 1 4 19 3 1 1 1 8 3 1 1 |1 1 15 4 17 1 1 16 1 8 14 11 1 7 11 9 |1 7 1 1 1 8 1 1 7 4 2 1 6 7 1 1 |2 11 2 7 1 5 1 11 3 1 2 2 2 1 1 21 |4 2 5 4 3 1 1 3 1 4 8 14 11 1 1 1 |2 12 1 1 2 2 3 7 11 1 1 1 1 1 4 13 |4 7 1 15 5 1 15 13 16 5 2 14 2 7 3 1 |1 2 7 4 3 5 1 1 1 2 14 1 7 2 14 19 |3 1 9 7 3 1 3 8 1 17 4 1 2 1 6 1 |1 1 2 7 1 8 7 4 5 1 1 1 1 1 17 11 |
6427: 1 7 7 1 10 18 4 7 15 10 6 9 10 18 70 265 |16 6 1 1 2 1 1 1 14 3 1 17 12 7 13 29 |3 2 9 5 8 1 4 19 3 1 1 1 8 3 1 1 |1 1 15 4 17 1 1 16 1 8 14 11 1 7 11 9 |1 7 1 1 1 8 1 1 7 4 2 1 6 7 1 1 |2 11 2 7 1 5 1 11 3 1 2 2 2 1 1 21 |4 2 5 4 3 1 1 3 1 4 8 14 11 1 1 1 |2 12 1 1 2 2 3 7 11 1 1 1 1 1 4 13 |4 7 1 15 5 1 15 13 16 5 2 14 2 7 3 1 |1 2 7 4 3 5 1 1 1 2 14 1 7 2 14 19 |3 1 9 7 3 1 3 8 1 17 4 1 2 1 6 1 |1 1 2 7 1 8 7 4 5 1 1 1 1 1 17 11 |
6438: 1 7 7 1 10 18 4 7 15 10 6 9 10 18 70 265 |16 6 1 1 2 1 1 1 14 3 1 17 12 7 13 29 |3 2 9 5 8 1 4 19 3 1 1 1 8 3 1 1 |1 1 15 4 17 1 1 16 1 8 14 11 1 7 11 9 |1 7 1 1 1 8 1 1 7 4 2 1 6 7 1 1 |2 11 2 7 1 5 1 11 3 1 2 2 2 1 1 21 |4 2 5 4 3 1 1 3 1 4 8 14 11 1 1 1 |2 12 1 1 2 2 3 7 11 1 1 1 1 1 4 13 |4 7 1 15 5 1 15 13 16 5 2 14 2 7 3 1 |1 2 7 4 3 5 1 1 1 2 14 1 7 2 14 19 |3 1 9 7 3 1 3 8 1 17 4 1 2 1 6 1 |1 1 2 7 1 8 7 4 5 1 1 1 1 1 17 11 |
6449: 1 7 7 1 10 18 4 7 15 10 6 9 10 18 70 265 |16 6 1 1 2 1 1 1 14 3 1 17 12 7 13 29 |3 2 9 5 8 1 4 19 3 1 1 1 8 3 1 1 |1 1 15 4 17 1 1 16 1 8 14 11 1 7 11 9 |1 7 1 1 1 8 1 1 7 4 2 1 6 7 1 1 |2 11 2 7 1 5 1 11 3 1 2 2 2 1 1 21 |3 2 1 5 3 1 1 2 2 1 8 18 15 1 1 1 |2 12 1 1 2 2 3 7 11 1 1 1 1 1 4 13 |4 7 1 15 5 1 15 13 16 5 2 14 2 7 3 1 |1 2 7 4 3 5 1 1 1 2 14 1 7 2 14 19 |3 1 9 7 3 1 3 8 1 17 4 1 2 1 6 1 |1 1 2 7 1 8 7 4 5 1 1 1 1 1 17 11 |
6460: 1 7 7 1 10 18 4 7 15 10 6 9 10 18 70 265 |16 6 1 1 2 1 1 1 14 3 1 17 12 7 13 29 |3 2 9 5 8 1 4 19 3 1 1 1 8 3 1 1 |1 1 15 4 17 1 1 16 1 8 14 11 1 7 11 9 |1 7 1 1 1 8 1 1 7 4 2 1 6 7 1 1 |2 11 2 7 1 5 1 11 3 1 2 2 2 1 1 21 |3 2 1 5 3 1 1 2 2 1 8 18 15 1 1 1 |2 12 1 1 2 2 3 7 11 1 1 1 1 1 4 13 |4 7 1 15 5 1 15 13 16 5 2 14 2 7 3 1 |1 2 7 4 3 5 1 1 1 2 14 1 7 2 14 19 |3 1 9 7 3 1 3 8 1 17 4 1 2 1 6 1 |1 1 2 7 1 8 7 4 5 1 1 1 1 1 17 11 |
6471: 1 7 7 1 10 18 4 7 15 10 6 9 10 18 70 265 |16 6 1 1 2 1 1 1 14 3 1 17 12 7 13 29 |3 2 9 5 8 1 4 19 3 1 1 1 8 3 1 1 |1 1 15 4 17 1 1 16 1 8 14 11 1 7 11 9 |1 7 1 1 1 8 1 1 7 4 2 1 6 7 1 1 |2 11 2 7 1 5 1 11 3 1 2 2 2 1 1 21 |3 2 1 5 3 1 1 2 2 1 8 18 15 1 1 1 |2 12 1 1 2 2 3 7 11 1 1 1 1 1 4 13 |4 7 1 15 5 1 15 13 16 5 2 14 2 7 3 1 |1 2 7 4 3 5 1 1 1 2 14 1 7 2 14 19 |3 1 9 7 3 1 3 8 1 17 4 1 2 1 6 1 |1 1 2 7 1 8 7 4 5 1 1 1 1 1 17 11 |
6482: 1 7 7 1 10 18 4 7 15 10 6 9 10 18 70 265 |16 6 1 1 2 1 1 1 14 3 1 17 12 7 13 29 |3 2 9 5 8 1 4 19 3 1 1 1 8 3 1 1 |1 1 15 4 17 1 1 16 1 8 14 11 1 7 11 9 |1 7 1 1 1 8 1 1 7 4 2 1 6 7 1 1 |2 11 2 7 1 5 1 11 3 1 2 2 2 1 1 21 |3 2 1 5 3 1 1 2 2 1 8 18 15 1 1 1 |2 12 1 1 2 2 3 7 11 1 1 1 1 1 4 13 |4 7 1 15 5 1 15 13 16 5 2 14 2 7 3 1 |1 2 7 4 3 5 1 1 1 2 14 1 7 2 14 19 |3 1 9 7 3 1 3 8 1 17 4 1 2 1 6 1 |1 1 2 7 1 8 7 4 5 1 1 1 1 1 17 11 |
6493: 1 7 7 1 10 18 4 7 15 10 6 9 10 18 70 265 |16 6 1 1 2 1 1 1 14 3 1 17 12 7 13 29 |3 2 9 5 8 1 4 19 3 1 1 1 8 3 1 1 |1 1 15 4 17 1 1 16 1 8 14 11 1 7 11 9 |1 7 1 1 1 8 1 1 7 4 2 1 6 7 1 1 |2 11 2 7 1 5 1 11 3 1 2 2 2 1 1 21 |3 2 1 5 3 1 1 2 2 1 8 18 15 1 1 1 |2 12 1 1 2 2 3 7 11 1 1 1 1 1 4 13 |4 7 1 15 5 1 15 13 16 5 2 14 2 7 3 1 |1 2 7 4 3 5 1 1 1 2 14 1 7 2 14 19 |3 1 9 7 3 1 3 8 1 17 4 1 2 1 6 1 |1 1 2 7 1 8 7 4 5 1 1 1 1 1 17 11 |
6504: 1 7 7 1 10 18 4 7 15 10 6 9 10 18 70 265 |16 6 1 1 2 1 1 1 14 3 1 17 12 7 13 29 |3 2 9 5 8 1 4 19 3 1 1 1 8 3 1 1 |1 1 15 4 17 1 1 16 1 8 14 11 1 7 11 9 |1 7 1 1 1 8 1 1 7 4 2 1 6 7 1 1 |2 11 2 7 1 5 1 11 3 1 2 2 2 1 1 21 |3 2 1 5 3 1 1 2 2 1 8 18 15 1 1 1 |2 12 1 1 2 2 3 7 11 1 1 1 1 1 4 13 |4 7 1 15 5 1 15 13 16 5 2 14 2 7 3 1 |1 2 7 4 3 5 1 1 1 2 14 1 7 2 14 19 |3 1 9 7 3 1 3 8 1 17 4 1 2 1 6 1 |1 1 2 7 1 8 7 4 5 1 1 1 1 1 17 11 |
6515: 1 7 7 1 10 18 4 7 15 10 6 9 10 18 70 265 |16 6 1 1 2 1 1 1 14 3 1 17 12 7 13 29 |3 2 9 5 8 1 4 19 3 1 1 1 8 3 1 1 |1 1 15 4 17 1 1 16 1 8 14 11 1 7 11 9 |1 7 1 1 1 8 1 1 7 4 2 1 6 7 1 1 |2 11 2 7 1 5 1 11 3 1 2 2 2 1 1 21 |3 2 1 5 3 1 1 2 2 1 8 18 15 1 1 1 |2 12 1 1 2 2 3 7 11 1 1 1 1 1 4 13 |4 7 1 15 5 1 15 13 16 5 2 14 2 7 3 1 |1 3 7 2 3 5 2 2 1 1 14 1 7 2 14 21 |3 1 9 7 3 1 3 8 1 17 4 1 2 1 6 1 |1 1 2 7 1 8 7 4 5 1 1 1 1 1 17 11 |
6526: 1 7 7 1 10 18 4 7 15 10 6 9 10 18 70 265 |16 6 1 1 2 1 1 1 14 3 1 17 12 7 13 29 |3 2 9 5 8 1 4 19 3 1 1 1 8 3 1 1 |1 1 15 4 17 1 1 16 1 8 14 11 1 7 11 9 |1 7 1 1 1 8 1 1 7 4 2 1 6 7 1 1 |2 11 2 7 1 5 1 11 3 1 2 2 2 1 1 21 |3 2 1 5 3 1 1 2 2 1 8 18 15 1 1 1 |2 12 1 1 2 2 3 7 11 1 1 1 1 1 4 13 |4 7 1 15 5 1 15 13 16 5 2 14 2 7 3 1 |1 3 7 2 3 5 2 2 1 1 14 1 7 2 14 21 |3 1 9 7 3 1 3 8 1 17 4 1 2 1 6 1 |1 1 2 7 1 8 7 4 5 1 1 1 1 1 17 11 |
6537: 1 7 7 1 10 18 4 7 15 10 6 9 10 18 70 265 |16 6 4 8 3 1 1 1 15 5 1 8 23 16 30 113 |3 2 9 5 8 1 4 19 3 1 1 1 8 3 1 1 |1 1 15 4 17 1 1 16 1 8 14 11 1 7 11 9 |1 7 1 1 1 8 1 1 7 4 2 1 6 7 1 1 |2 11 2 7 1 5 1 11 3 1 2 2 2 1 1 21 |3 2 1 5 3 1 1 2 2 1 8 18 15 1 1 1 |2 12 1 1 2 2 3 7 11 1 1 1 1 1 4 13 |4 7 1 15 5 1 15 13 16 5 2 14 2 7 3 1 |1 3 7 2 3 5 2 2 1 1 14 1 7 2 14 21 |3 1 9 7 3 1 3 8 1 17 4 1 2 1 6 1 |1 1 2 7 1 8 7 4 5 1 1 1 1 1 17 11 |
6548: 1 7 7 1 10 18 4 7 15 10 6 9 10 18 70 265 |16 6 4 8 3 1 1 1 15 5 1 8 23 16 30 113 |4 2 9 5 11 1 5 19 3 1 1 1 8 14 1 16 |1 1 15 4 17 1 1 16 1 8 14 11 1 7 11 9 |1 7 1 1 1 8 1 1 7 4 2 1 6 7 1 1 |2 11 2 7 1 5 1 11 3 1 2 2 2 1 1 21 |3 2 1 5 3 1 1 2 2 1 8 18 15 1 1 1 |2 12 1 1 2 2 3 7 11 1 1 1 1 1 4 13 |4 7 1 15 5 1 15 13 16 5 2 14 2 7 3 1 |1 3 7 2 3 5 2 2 1 1 14 1 7 2 14 21 |3 1 9 7 3 1 3 8 1 17 4 1 2 1 6 1 |1 1 2 7 1 8 7 4 5 1 1 1 1 1 17 11 |
6559: 1 7 7 1 10 18 4 7 15 10 6 9 10 18 70 265 |16 6 4 8 3 1 1 1 15 5 1 8 23 16 30 113 |4 2 9 5 11 1 5 19 3 1 1 1 8 14 1 16 |1 1 15 4 17 1 1 16 1 8 14 11 1 7 11 9 |1 7 1 1 1 8 1 1 7 4 2 1 6 7 1 1 |2 11 2 7 1 5 1 11 3 1 2 2 2 1 1 21 |3 2 1 5 3 1 1 2 2 1 8 18 15 1 1 1 |2 12 1 1 2 2 3 7 11 1 1 1 1 1 4 13 |4 7 1 15 5 1 15 13 16 5 2 14 2 7 3 1 |1 3 7 2 3 5 2 2 1 1 14 1 7 2 14 21 |3 1 9 7 3 1 3 8 1 17 4 1 2 1 6 1 |1 1 2 7 1 8 7 4 5 1 1 1 1 1 17 11 |
6570: 1 7 7 1 10 18 4 7 15 10 6 9 10 18 70 265 |16 6 4 8 3 1 1 1 15 5 1 8 23 16 30 113 |5 1 9 5 12 1 1 12 1 1 1 1 9 8 13 17 |1 1 15 4 17 1 1 16 1 8 14 11 1 7 11 9 |1 7 1 1 1 8 1 1 7 4 2 1 6 7 1 1 |2 11 2 7 1 5 1 11 3 1 2 2 2 1 1 21 |3 2 1 5 3 1 1 2 2 1 8 18 15 1 1 1 |2 12 1 1 2 2 3 7 11 1 1 1 1 1 4 13 |4 7 1 15 5 1 15 13 16 5 2 14 2 7 3 1 |1 3 7 2 3 5 2 2 1 1 14 1 7 2 14 21 |3 1 9 7 3 1 3 8 1 17 4 1 2 1 6 1 |1 1 2 7 1 8 7 4 5 1 1 1 1 1 17 11 |
6581: 1 7 7 1 10 18 4 7 15 10 6 9 10 18 70 265 |16 6 4 8 3 1 1 1 15 5 1 8 23 16 30 113 |5 1 9 5 12 1 1 12 1 1 1 1 9 8 13 17 |1 1 15 4 17 1 1 16 1 8 14 11 1 7 11 9 |1 7 1 1 1 8 1 1 7 4 2 1 6 7 1 1 |2 11 2 7 1 5 1 11 3 1 2 2 2 1 1 21 |3 2 1 5 3 1 1 2 2 1 8 18 15 1 1 1 |2 12 1 1 2 2 3 7 11 1 1 1 1 1 4 13 |4 7 1 15 5 1 15 13 16 5 2 14 2 7 3 1 |1 2 7 3 2 2 1 2 1 2 5 1 1 2 14 21 |3 1 9 7 3 1 3 8 1 17 4 1 2 1 6 1 |1 1 2 7 1 8 7 4 5 1 1 1 1 1 17 11 |
6592: 1 7 7 1 10 18 4 7 15 10 6 9 10 18 70 265 |16 6 4 8 3 1 1 1 15 5 1 8 23 16 30 113 |5 1 9 5 12 1 1 12 1 1 1 1 9 8 13 17 |1 1 15 4 17 1 1 16 1 8 14 11 1 7 11 9 |1 7 1 1 1 8 1 1 7 4 2 1 6 7 1 1 |2 11 2 7 1 5 1 11 3 1 2 2 2 1 1 21 |3 2 1 5 3 1 1 2 2 1 8 18 15 1 1 1 |2 12 1 1 2 2 3 7 11 1 1 1 1 1 4 13 |4 7 1 15 5 1 15 13 16 5 2 14 2 7 3 1 |1 2 7 3 2 2 1 2 1 2 5 1 1 2 14 21 |3 1 9 7 3 1 3 8 1 17 4 1 2 1 6 1 |1 1 2 7 1 8 7 4 5 1 1 1 1 1 17 11 |
6603: 1 7 7 1 10 18 4 7 15 10 6 9 10 18 70 265 |16 6 4 8 3 1 1 1 15 5 1 8 23 16 30 113 |4 2 9 12 1 1 4 20 4 1 1 1 1 14 15 7 |1 1 15 4 17 1 1 16 1 8 14 11 1 7 11 9 |1 7 1 1 1 8 1 1 7 4 2 1 6 7 1 1 |2 11 2 7 1 5 1 11 3 1 2 2 2 1 1 21 |3 2 1 5 3 1 1 2 2 1 8 18 15 1 1 1 |2 12 1 1 2 2 3 7 11 1 1 1 1 1 4 13 |4 7 1 15 5 1 15 13 16 5 2 14 2 7 3 1 |1 2 7 3 2 2 1 2 1 2 5 1 1 2 14 21 |3 1 9 7 3 1 3 8 1 17 4 1 2 1 6 1 |1 1 2 7 1 8 7 4 5 1 1 1 1 1 17 11 |
6614: 1 7 7 1 10 18 4 7 15 10 6 9 10 18 70 265 |16 6 4 8 3 1 1 1 15 5 1 8 23 16 30 113 |4 2 9 12 1 1 4 20 4 1 1 1 1 14 15 7 |1 1 15 4 17 1 1 16 1 8 14 11 1 7 11 9 |1 7 1 1 1 8 1 1 7 4 2 1 6 7 1 1 |2 11 2 7 1 5 1 11 3 1 2 2 2 1 1 21 |3 2 1 5 3 1 1 2 2 1 8 18 15 1 1 1 |2 12 1 1 2 2 3 7 11 1 1 1 1 1 4 13 |4 7 1 15 5 1 15 13 16 5 2 14 2 7 3 1 |1 2 7 3 2 2 1 2 1 2 5 1 1 2 14 21 |2 1 8 1 2 1 3 7 1 18 4 1 1 1 18 6 |1 1 2 7 1 8 7 4 5 1 1 1 1 1 17 11 |
6625: 1 7 7 1 10 18 4 7 15 10 6 9 10 18 70 265 |16 6 4 8 3 1 1 1 15 5 1 8 23 16 30 113 |4 2 9 12 1 1 4 20 4 1 1 1 1 14 15 7 |1 1 15 4 17 1 1 16 1 8 14 11 1 7 11 9 |1 7 1 1 1 8 1 1 7 4 2 1 6 7 1 1 |2 11 2 7 1 5 1 11 3 1 2 2 2 1 1 21 |3 2 1 5 3 1 1 2 2 1 8 18 15 1 1 1 |2 12 1 1 2 2 3 7 11 1 1 1 1 1 4 13 |4 7 1 15 5 1 15 13 16 5 2 14 2 7 3 1 |1 2 7 3 2 2 1 2 1 2 5 1 1 2 14 21 |2 1 8 1 2 1 3 7 1 18 4 1 1 1 18 6 |1 1 2 7 1 8 7 4 5 1 1 1 1 1 17 11 |
6636: 1 7 7 1 10 18 4 7 15 10 6 9 10 18 70 265 |16 6 4 8 3 1 1 1 15 5 1 8 23 16 30 113 |4 2 9 12 1 1 4 20 4 1 1 1 1 14 15 7 |1 1 15 4 17 1 1 16 1 8 14 11 1 7 11 9 |1 7 1 1 1 8 1 1 7 4 2 1 6 7 1 1 |2 11 2 7 1 5 1 11 3 1 2 2 2 1 1 21 |3 2 1 5 3 1 1 2 2 1 8 18 15 1 1 1 |2 12 1 1 2 2 3 7 11 1 1 1 1 1 4 13 |4 7 1 15 5 1 15 13 16 5 2 14 2 7 3 1 |1 2 7 3 2 2 1 2 1 2 5 1 1 2 14 21 |2 1 8 1 2 1 3 7 1 18 4 1 1 1 18 6 |1 1 2 7 1 8 7 4 5 1 1 1 1 1 17 11 |
6647: 1 7 7 1 10 18 4 7 15 10 6 9 10 18 70 265 |16 6 4 8 3 1 1 1 15 5 1 8 23 16 30 113 |4 2 9 12 1 1 4 20 4 1 1 1 1 14 15 7 |1 1 15 4 17 1 1 16 1 8 14 11 1 7 11 9 |1 7 1 1 1 8 1 1 7 4 2 1 6 7 1 1 |2 11 2 7 1 5 1 11 3 1 2 2 2 1 1 21 |3 2 1 5 3 1 1 2 2 1 8 18 15 1 1 1 |2 12 1 1 2 2 3 7 11 1 1 1 1 1 4 13 |4 7 1 15 5 1 15 13 16 5 2 14 2 7 3 1 |1 2 7 3 2 2 1 2 1 2 5 1 1 2 14 21 |1 2 7 5 15 12 2 3 3 17 3 1 1 1 13 16 |1 1 2 7 1 8 7 4 5 1 1 1 1 1 17 11 |
6658: 1 7 7 1 10 18 4 7 15 10 6 9 10 18 70 265 |16 6 4 8 3 1 1 1 15 5 1 8 23 16 30 113 |4 2 9 12 1 1 4 20 4 1 1 1 1 14 15 7 |1 1 15 4 17 1 1 16 1 8 14 11 1 7 11 9 |1 7 1 1 1 8 1 1 7 4 2 1 6 7 1 1 |2 11 2 7 1 5 1 11 3 1 2 2 2 1 1 21 |3 2 1 5 3 1 1 2 2 1 8 18 15 1 1 1 |2 12 1 1 2 2 3 7 11 1 1 1 1 1 4 13 |4 7 1 15 5 1 15 13 16 5 2 14 2 7 3 1 |1 2 7 3 2 2 1 2 1 2 5 1 1 2 14 21 |1 2 7 5 15 12 2 3 3 17 3 1 1 1 13 16 |1 1 2 7 1 8 7 4 5 1 1 1 1 1 17 11 |
6669: 1 7 7 1 10 18 4 7 15 10 6 9 10 18 70 265 |16 6 4 8 3 1 1 1 15 5 1 8 23 16 30 113 |4 2 9 12 1 1 4 20 4 1 1 1 1 14 15 7 |1 1 1 3 17 1 3 17 1 1 13 4 1 9 21 11 |1 7 1 1 1 8 1 1 7 4 2 1 6 7 1 1 |2 11 2 7 1 5 1 11 3 1 2 2 2 1 1 21 |3 2 1 5 3 1 1 2 2 1 8 18 15 1 1 1 |2 12 1 1 2 2 3 7 11 1 1 1 1 1 4 13 |4 7 1 15 5 1 15 13 16 5 2 14 2 7 3 1 |1 2 7 3 2 2 1 2 1 2 5 1 1 2 14 21 |1 2 7 5 15 12 2 3 3 17 3 1 1 1 13 16 |1 1 2 7 1 8 7 4 5 1 1 1 1 1 17 11 |
6680: 1 7 7 1 10 18 4 7 15 10 6 9 10 18 70 265 |16 6 4 8 3 1 1 1 15 5 1 8 23 16 30 113 |4 2 9 12 1 1 4 20 4 1 1 1 1 14 15 7 |1 1 1 3 17 1 3 17 1 1 13 4 1 9 21 11 |1 1 1 1 1 1 1 5 7 6 8 1 6 7 1 1 |2 11 2 7 1 5 1 11 3 1 2 2 2 1 1 21 |3 2 1 5 3 1 1 2 2 1 8 18 15 1 1 1 |2 12 1 1 2 2 3 7 11 1 1 1 1 1 4 13 |4 7 1 15 5 1 15 13 16 5 2 14 2 7 3 1 |1 2 7 3 2 2 1 2 1 2 5 1 1 2 14 21 |1 2 7 5 15 12 2 3 3 17 3 1 1 1 13 16 |1 1 2 7 1 8 7 4 5 1 1 1 1 1 17 11 |
6691: 1 7 7 1 10 18 4 7 15 10 6 9 10 18 70 265 |16 6 4 8 3 1 1 1 15 5 1 8 23 16 30 113 |4 2 9 12 1 1 4 20 4 1 1 1 1 14 15 7 |1 1 1 3 17 1 3 17 1 1 13 4 1 9 21 11 |1 1 1 1 1 1 1 5 7 6 8 1 6 7 1 1 |2 11 2 7 1 5 1 11 3 1 2 2 2 1 1 21 |3 2 1 5 3 1 1 2 2 1 8 18 15 1 1 1 |2 12 1 1 2 2 3 7 11 1 1 1 1 1 4 13 |4 7 1 15 5 1 15 13 16 5 2 14 2 7 3 1 |1 2 7 3 2 2 1 2 1 2 5 1 1 2 14 21 |1 2 7 5 15 12 2 3 3 17 3 1 1 1 13 16 |1 1 2 7 1 8 7 4 5 1 1 1 1 1 17 11 |
6701: 1 7 7 1 10 18 4 7 15 10 6 9 10 18 70 265 |16 6 4 8 3 1 1 1 15 5 1 8 23 16 30 113 |4 2 9 12 1 1 4 20 4 1 1 1 1 14 15 7 |1 1 1 3 17 1 3 17 1 1 13 4 1 9 21 11 |1 7 1 1 1 8 1 2 3 15 1 1 18 9 4 15 |2 11 2 7 1 5 1 11 3 1 2 2 2 1 1 21 |3 2 1 5 3 1 1 2 2 1 8 18 15 1 1 1 |2 12 1 1 2 2 3 7 11 1 1 1 1 1 4 13 |4 7 1 15 5 1 15 13 16 5 2 14 2 7 3 1 |1 2 7 3 2 2 1 2 1 2 5 1 1 2 14 21 |1 2 7 5 15 12 2 3 3 17 3 1 1 1 13 16 |1 1 2 7 1 8 7 4 5 1 1 1 1 1 17 11 |
6712: 1 7 7 1 10 18 4 7 15 10 6 9 10 18 70 265 |16 6 4 8 3 1 1 1 15 5 1 8 23 16 30 113 |4 2 9 12 1 1 4 20 4 1 1 1 1 14 15 7 |1 1 1 3 17 1 3 17 1 1 13 4 1 9 21 11 |1 7 1 1 1 8 1 2 3 15 1 1 18 9 4 15 |2 11 2 7 1 5 1 11 3 1 2 2 2 1 1 21 |3 2 1 5 3 1 1 2 2 1 8 18 15 1 1 1 |2 12 1 1 2 2 3 7 11 1 1 1 1 1 4 13 |4 7 1 15 5 1 15 13 16 5 2 14 2 7 3 1 |1 2 7 3 2 2 1 2 1 2 5 1 1 2 14 21 |1 2 7 5 15 12 2 3 3 17 3 1 1 1 13 16 |1 1 1 1 1 7 1 8 5 1 1 1 6 1 8 5 |
6723: 1 7 7 1 10 18 4 7 15 10 6 9 10 18 70 265 |16 6 4 8 3 1 1 1 15 5 1 8 23 16 30 113 |4 2 9 12 1 1 4 20 4 1 1 1 1 14 15 7 |1 1 1 3 17 1 3 17 1 1 13 4 1 9 21 11 |1 7 1 1 1 8 1 2 3 15 1 1 18 9 4 15 |2 11 2 7 1 5 1 11 3 1 2 2 2 1 1 21 |3 2 1 5 3 1 1 2 2 1 8 18 15 1 1 1 |2 12 1 1 2 2 3 7 11 1 1 1 1 1 4 13 |4 7 1 15 5 1 15 13 16 5 2 14 2 7 3 1 |1 2 7 3 2 2 1 2 1 2 5 1 1 2 14 21 |1 2 7 5 15 12 2 3 3 17 3 1 1 1 13 16 |1 1 1 1 1 7 1 8 5 1 1 1 6 1 8 5 |
6734: 1 7 7 1 10 18 4 7 15 10 6 9 10 18 70 265 |16 6 4 8 3 1 1 1 15 5 1 8 23 16 30 113 |4 2 9 12 1 1 4 20 4 1 1 1 1 14 15 7 |1 1 1 3 17 1 3 17 1 1 13 4 1 9 21 11 |1 1 1 1 1 7 1 2 3 15 4 1 19 1 5 13 |2 11 2 7 1 5 1 11 3 1 2 2 2 1 1 21 |3 2 1 5 3 1 1 2 2 1 8 18 15 1 1 1 |2 12 1 1 2 2 3 7 11 1 1 1 1 1 4 13 |4 7 1 15 5 1 15 13 16 5 2 14 2 7 3 1 |1 2 7 3 2 2 1 2 1 2 5 1 1 2 14 21 |1 2 7 5 15 12 2 3 3 17 3 1 1 1 13 16 |1 1 1 1 1 7 1 8 5 1 1 1 6 1 8 5 |
6745: 1 7 7 1 10 18 4 7 15 10 6 9 10 18 70 265 |16 6 4 8 3 1 1 1 15 5 1 8 23 16 30 113 |4 2 9 12 1 1 4 20 4 1 1 1 1 14 15 7 |1 1 1 3 17 1 3 17 1 1 13 4 1 9 21 11 |1 1 1 1 1 7 1 2 3 15 4 1 19 1 5 13 |2 12 2 6 1 1 1 11 4 1 1 1 1 9 1 8 |3 2 1 5 3 1 1 2 2 1 8 18 15 1 1 1 |2 12 1 1 2 2 3 7 11 1 1 1 1 1 4 13 |4 7 1 15 5 1 15 13 16 5 2 14 2 7 3 1 |1 2 7 3 2 2 1 2 1 2 5 1 1 2 14 21 |1 2 7 5 15 12 2 3 3 17 3 1 1 1 13 16 |1 1 1 1 1 7 1 8 5 1 1 1 6 1 8 5 |
6756: 1 7 7 1 10 18 4 7 15 10 6 9 10 18 70 265 |16 6 4 8 3 1 1 1 15 5 1 8 23 16 30 113 |4 2 9 12 1 1 4 20 4 1 1 1 1 14 15 7 |1 1 1 3 17 1 3 17 1 1 13 4 1 9 21 11 |1 1 1 1 1 7 1 2 3 15 4 1 19 1 5 13 |2 12 2 6 1 1 1 11 4 1 1 1 1 9 1 8 |3 2 1 5 3 1 1 2 2 1 8 18 15 1 1 1 |2 12 1 1 2 2 3 7 11 1 1 1 1 1 4 13 |4 7 1 15 5 1 15 13 16 5 2 14 2 7 3 1 |1 2 7 3 2 2 1 2 1 2 5 1 1 2 14 21 |1 2 7 5 15 12 2 3 3 17 3 1 1 1 13 16 |1 1 1 1 1 7 1 8 5 1 1 1 6 1 8 5 |
6767: 1 7 7 1 10 18 4 7 15 10 6 9 10 18 70 265 |16 6 4 8 3 1 1 1 15 5 1 8 23 16 30 113 |4 2 9 12 1 1 4 20 4 1 1 1 1 14 15 7 |1 1 16 2 16 1 1 19 11 9 6 15 7 38 45 9 |1 1 1 1 1 7 1 2 3 15 4 1 19 1 5 13 |2 12 2 6 1 1 1 11 4 1 1 1 1 9 1 8 |3 2 1 5 3 1 1 2 2 1 8 18 15 1 1 1 |2 12 1 1 2 2 3 7 11 1 1 1 1 1 4 13 |4 7 1 15 5 1 15 13 16 5 2 14 2 7 3 1 |1 2 7 3 2 2 1 2 1 2 5 1 1 2 14 21 |1 2 7 5 15 12 2 3 3 17 3 1 1 1 13 16 |1 1 1 1 1 7 1 8 5 1 1 1 6 1 8 5 |
6778: 1 7 7 1 10 18 4 7 15 10 6 9 10 18 70 265 |16 6 4 8 3 1 1 1 15 5 1 8 23 16 30 113 |4 2 9 12 1 1 4 20 4 1 1 1 1 14 15 7 |1 1 16 2 16 1 1 19 11 9 6 15 7 38 45 9 |1 1 1 1 1 7 1 2 3 15 4 1 19 1 5 13 |2 12 2 6 1 1 1 11 4 1 1 1 1 9 1 8 |3 2 1 5 3 1 1 2 2 1 8 18 15 1 1 1 |2 12 1 1 2 2 3 7 11 1 1 1 1 1 4 13 |4 7 1 15 5 1 15 13 16 5 2 14 2 7 3 1 |1 2 7 3 2 2 1 2 1 2 5 1 1 2 14 21 |1 2 7 5 15 12 2 3 3 17 3 1 1 1 13 16 |1 1 1 1 1 7 1 8 5 1 1 1 6 1 8 5 |
6789: 1 7 7 1 10 18 4 7 15 10 6 9 10 18 70 265 |16 6 4 8 3 1 1 1 15 5 1 8 23 16 30 113 |4 2 9 12 1 1 4 20 4 1 1 1 1 14 15 7 |1 1 16 2 16 1 1 19 11 9 6 15 7 38 45 9 |1 1 1 1 1 7 1 2 3 15 4 1 19 1 5 13 |2 12 2 6 1 1 1 11 4 1 1 1 1 9 1 8 |3 2 1 5 3 1 1 2 2 1 8 18 15 1 1 1 |2 12 1 1 2 2 3 7 11 1 1 1 1 1 4 13 |4 7 1 15 5 1 15 13 16 5 2 14 2 7 3 1 |1 2 7 3 2 2 1 2 1 2 5 1 1 2 14 21 |1 2 7 5 15 12 2 3 3 17 3 1 1 1 13 16 |1 1 1 1 1 7 1 8 5 1 1 1 6 1 8 5 |
6800: 1 7 7 1 10 18 4 7 15 10 6 9 10 18 70 265 |16 6 4 8 3 1 1 1 15 5 1 8 23 16 30 113 |4 2 9 12 1 1 4 20 4 1 1 1 1 14 15 7 |1 1 16 2 16 1 1 19 11 9 6 15 7 38 45 9 |1 6 7 8 1 8 1 2 7 15 8 1 9 25 9 2 |2 12 2 6 1 1 1 11 4 1 1 1 1 9 1 8 |3 2 1 5 3 1 1 2 2 1 8 18 15 1 1 1 |2 12 1 1 2 2 3 7 11 1 1 1 1 1 4 13 |4 7 1 15 5 1 15 13 16 5 2 14 2 7 3 1 |1 2 7 3 2 2 1 2 1 2 5 1 1 2 14 21 |1 2 7 5 15 12 2 3 3 17 3 1 1 1 13 16 |1 1 1 1 1 7 1 8 5 1 1 1 6 1 8 5 |
6811: 1 7 7 1 10 18 4 7 15 10 6 9 10 18 70 265 |16 6 4 8 3 1 1 1 15 5 1 8 23 16 30 113 |4 2 9 12 1 1 4 20 4 1 1 1 1 14 15 7 |1 1 16 2 16 1 1 19 11 9 6 15 7 38 45 9 |1 6 7 8 1 8 1 2 7 15 8 1 9 25 9 2 |2 12 2 6 1 1 1 11 4 1 1 1 1 9 1 8 |3 2 1 5 3 1 1 2 2 1 8 18 15 1 1 1 |2 12 1 1 2 2 3 7 11 1 1 1 1 1 4 13 |4 7 1 15 5 1 15 13 16 5 2 14 2 7 3 1 |1 2 7 3 2 2 1 2 1 2 5 1 1 2 14 21 |1 2 7 5 15 12 2 3 3 17 3 1 1 1 13 16 |1 1 1 5 10 8 1 8 5 1 1 2 1 1 17 15 |
6822: 1 7 7 1 10 18 4 7 15 10 6 9 10 18 70 265 |16 6 4 8 3 1 1 1 15 5 1 8 23 16 30 113 |4 2 9 12 1 1 4 20 4 1 1 1 1 14 15 7 |1 1 16 2 16 1 1 19 11 9 6 15 7 38 45 9 |1 6 7 8 1 8 1 2 7 15 8 1 9 25 9 2 |2 12 2 6 1 1 1 11 4 1 1 1 1 9 1 8 |3 2 1 5 3 1 1 2 2 1 8 18 15 1 1 1 |2 12 1 1 2 2 3 7 11 1 1 1 1 1 4 13 |4 7 1 15 5 1 15 13 16 5 2 14 2 7 3 1 |1 2 7 3 2 2 1 2 1 2 5 1 1 2 14 21 |1 2 7 5 15 12 2 3 3 17 3 1 1 1 13 16 |1 1 1 5 10 8 1 8 5 1 1 2 1 1 17 15 |
6833: 1 7 7 1 10 18 4 7 15 10 6 9 10 18 70 265 |16 6 4 8 3 1 1 1 15 5 1 8 23 16 30 113 |4 2 9 12 1 1 4 20 4 1 1 1 1 14 15 7 |1 1 16 2 16 1 1 19 11 9 6 15 7 38 45 9 |1 1 4 1 1 1 1 3 7 15 11 11 33 36 3 15 |2 12 2 6 1 1 1 11 4 1 1 1 1 9 1 8 |3 2 1 5 3 1 1 2 2 1 8 18 15 1 1 1 |2 12 1 1 2 2 3 7 11 1 1 1 1 1 4 13 |4 7 1 15 5 1 15 13 16 5 2 14 2 7 3 1 |1 2 7 3 2 2 1 2 1 2 5 1 1 2 14 21 |1 2 7 5 15 12 2 3 3 17 3 1 1 1 13 16 |1 1 1 5 10 8 1 8 5 1 1 2 1 1 17 15 |
6844: 1 7 7 1 10 18 4 7 15 10 6 9 10 18 70 265 |16 6 4 8 3 1 1 1 15 5 1 8 23 16 30 113 |4 2 9 12 1 1 4 20 4 1 1 1 1 14 15 7 |1 1 16 2 16 1 1 19 11 9 6 15 7 38 45 9 |1 1 4 1 1 1 1 3 7 15 11 11 33 36 3 15 |2 12 2 6 1 1 1 11 4 1 1 1 1 9 1 8 |3 2 1 5 3 1 1 2 2 1 8 18 15 1 1 1 |2 12 1 1 2 2 3 7 11 1 1 1 1 1 4 13 |4 7 1 15 5 1 15 13 16 5 2 14 2 7 3 1 |1 2 7 3 2 2 1 2 1 2 5 1 1 2 14 21 |1 2 7 5 15 12 2 3 3 17 3 1 1 1 13 16 |1 1 1 5 10 8 1 8 5 1 1 2 1 1 17 15 |
6855: 1 7 7 1 10 18 4 7 15 10 6 9 10 18 70 265 |16 6 4 8 3 1 1 1 15 5 1 8 23 16 30 113 |4 2 9 12 1 1 4 20 4 1 1 1 1 14 15 7 |1 1 16 2 16 1 1 19 11 9 6 15 7 38 45 9 |1 1 4 1 1 1 1 3 7 15 11 11 33 36 3 15 |2 12 2 6 1 1 1 11 4 1 1 1 1 9 1 8 |3 2 1 5 3 1 1 2 2 1 8 18 15 1 1 1 |2 12 1 1 2 2 3 7 11 1 1 1 1 1 4 13 |4 7 1 15 5 1 15 13 16 5 2 14 2 7 3 1 |1 2 7 3 2 2 1 2 1 2 5 1 1 2 14 21 |1 2 7 5 15 12 2 3 3 17 3 1 1 1 13 16 |1 1 1 5 10 8 1 8 5 1 1 2 1 1 17 15 |
6866: 1 7 7 1 10 18 4 7 15 10 6 9 10 18 70 265 |16 6 4 8 3 1 1 1 15 5 1 8 23 16 30 113 |4 2 9 12 1 1 4 20 4 1 1 1 1 14 15 7 |1 1 16 2 16 1 1 19 11 9 6 15 7 38 45 9 |1 1 4 1 1 1 1 3 7 15 11 11 33 36 3 15 |2 12 2 6 1 1 1 11 4 1 1 1 1 9 1 8 |3 2 1 5 3 1 1 2 2 1 8 18 15 1 1 1 |2 12 1 1 2 2 3 7 11 1 1 1 1 1 4 13 |4 7 1 15 5 1 15 13 16 5 2 14 2 7 3 1 |1 2 7 3 2 2 1 2 1 2 5 1 1 2 14 21 |1 2 7 5 15 12 2 3 3 17 3 1 1 1 13 16 |1 1 1 5 10 8 1 8 5 1 1 2 1 1 17 15 |
6877: 1 7 7 1 10 18 4 7 15 10 6 9 10 18 70 265 |16 6 4 8 3 1 1 1 15 5 1 8 23 16 30 113 |4 2 9 12 1 1 4 20 4 1 1 1 1 14 15 7 |1 1 16 2 16 1 1 19 11 9 6 15 7 38 45 9 |1 1 4 1 1 1 1 3 7 15 11 11 33 36 3 15 |2 12 2 6 1 1 1 11 4 1 1 1 1 9 1 8 |3 2 1 5 3 1 1 2 2 1 8 18 15 1 1 1 |2 12 1 1 2 2 3 7 11 1 1 1 1 1 4 13 |4 7 1 15 5 1 15 13 16 5 2 14 2 7 3 1 |1 2 7 3 2 2 1 2 1 2 5 1 1 2 14 21 |2 3 8 7 15 1 2 7 1 2 15 1 4 1 5 14 |1 1 1 5 10 8 1 8 5 1 1 2 1 1 17 15 |
6888: 1 7 7 1 10 18 4 7 15 10 6 9 10 18 70 265 |16 6 4 8 3 1 1 1 15 5 1 8 23 16 30 113 |4 2 9 12 1 1 4 20 4 1 1 1 1 14 15 7 |1 1 16 2 16 1 1 19 11 9 6 15 7 38 45 9 |1 1 4 1 1 1 1 3 7 15 11 11 33 36 3 15 |2 12 2 6 1 1 1 11 4 1 1 1 1 9 1 8 |3 2 1 5 3 1 1 2 2 1 8 18 15 1 1 1 |2 12 1 1 2 2 3 7 11 1 1 1 1 1 4 13 |4 7 1 15 5 1 15 13 16 5 2 14 2 7 3 1 |1 2 7 3 2 2 1 2 1 2 5 1 1 2 14 21 |2 3 8 7 15 1 2 7 1 2 15 1 4 1 5 14 |1 1 1 5 10 8 1 8 5 1 1 2 1 1 17 15 |
6899: 1 7 7 1 10 18 4 7 15 10 6 9 10 18 70 265 |16 6 4 8 3 1 1 1 15 5 1 8 23 16 30 113 |4 2 9 12 1 1 4 20 4 1 1 1 1 14 15 7 |1 1 16 2 16 1 1 19 11 9 6 15 7 38 45 9 |1 1 4 1 1 1 1 3 7 15 11 11 33 36 3 15 |2 12 2 6 1 1 1 11 4 1 1 1 1 9 1 8 |3 2 1 5 3 1 1 2 2 1 8 18 15 1 1 1 |2 12 1 1 2 2 3 7 11 1 1 1 1 1 4 13 |4 7 1 15 5 1 15 13 16 5 2 14 2 7 3 1 |1 2 7 3 2 2 1 2 1 2 5 1 1 2 14 21 |2 3 8 7 15 1 2 7 1 2 15 1 4 1 5 14 |1 1 1 5 10 8 1 8 5 1 1 2 1 1 17 15 |
6910: 1 7 7 1 10 18 4 7 15 10 6 9 10 18 70 265 |16 6 4 8 3 1 1 1 15 5 1 8 23 16 30 113 |4 2 9 12 1 1 4 20 4 1 1 1 1 14 15 7 |1 1 16 2 16 1 1 19 11 9 6 15 7 38 45 9 |1 1 4 1 1 1 1 3 7 15 11 11 33 36 3 15 |2 12 2 6 1 1 1 11 4 1 1 1 1 9 1 8 |3 2 1 5 3 1 1 2 2 1 8 18 15 1 1 1 |2 12 1 1 2 2 3 7 11 1 1 1 1 1 4 13 |4 7 1 15 5 1 15 13 16 5 2 14 2 7 3 1 |1 2 7 3 2 2 1 2 1 2 5 1 1 2 14 21 |2 1 1 7 2 13 2 8 1 17 16 7 4 1 1 16 |1 1 1 5 10 8 1 8 5 1 1 2 1 1 17 15 |
6921: 1 7 7 1 10 18 4 7 15 10 6 9 10 18 70 265 |16 6 4 8 3 1 1 1 15 5 1 8 23 16 30 113 |4 2 9 12 1 1 4 20 4 1 1 1 1 14 15 7 |1 1 16 2 16 1 1 19 11 9 6 15 7 38 45 9 |1 1 4 1 1 1 1 3 7 15 11 11 33 36 3 15 |2 12 2 6 1 1 1 11 4 1 1 1 1 9 1 8 |3 2 1 5 3 1 1 2 2 1 8 18 15 1 1 1 |2 12 1 1 2 2 3 7 11 1 1 1 1 1 4 13 |4 7 1 15 5 1 15 13 16 5 2 14 2 7 3 1 |1 2 7 3 2 2 1 2 1 2 5 1 1 2 14 21 |2 1 1 7 2 13 2 8 1 17 16 7 4 1 1 16 |1 1 1 5 10 8 1 8 5 1 1 2 1 1 17 15 |
6932: 1 7 7 1 10 18 4 7 15 10 6 9 10 18 70 265 |16 6 4 8 3 1 1 1 15 5 1 8 23 16 30 113 |4 2 9 12 1 1 4 20 4 1 1 1 1 14 15 7 |1 1 16 2 16 1 1 19 11 9 6 15 7 38 45 9 |1 1 4 1 1 1 1 3 7 15 11 11 33 36 3 15 |2 12 2 6 1 1 1 11 4 1 1 1 1 9 1 8 |3 2 1 5 3 1 1 2 2 1 8 18 15 1 1 1 |2 12 1 1 2 2 3 7 11 1 1 1 1 1 4 13 |4 7 1 15 5 1 15 13 16 5 2 14 2 7 3 1 |1 2 7 3 2 2 1 2 1 2 5 1 1 2 14 21 |2 1 1 7 2 13 2 8 1 17 16 7 4 1 1 16 |1 1 1 5 10 8 1 8 5 1 1 2 1 1 17 15 |
6943: 1 7 7 1 10 18 4 7 15 10 6 9 10 18 70 265 |16 6 4 8 3 1 1 1 15 5 1 8 23 16 30 113 |4 2 9 12 1 1 4 20 4 1 1 1 1 14 15 7 |1 1 16 2 16 1 1 19 11 9 6 15 7 38 45 9 |1 1 4 1 1 1 1 3 7 15 11 11 33 36 3 15 |2 12 2 6 1 1 1 11 4 1 1 1 1 9 1 8 |3 2 1 5 3 1 1 2 2 1 8 18 15 1 1 1 |2 12 1 1 2 2 3 7 11 1 1 1 1 1 4 13 |3 2 1 16 10 1 2 13 10 2 3 20 1 1 4 3 |1 2 7 3 2 2 1 2 1 2 5 1 1 2 14 21 |2 1 1 7 2 13 2 8 1 17 16 7 4 1 1 16 |1 1 1 5 10 8 1 8 5 1 1 2 1 1 17 15 |
6954: 1 7 7 1 10 18 4 7 15 10 6 9 10 18 70 265 |16 6 4 8 3 1 1 1 15 5 1 8 23 16 30 113 |4 2 9 12 1 1 4 20 4 1 1 1 1 14 15 7 |1 1 16 2 16 1 1 19 11 9 6 15 7 38 45 9 |1 1 4 1 1 1 1 3 7 15 11 11 33 36 3 15 |2 12 2 6 1 1 1 11 4 1 1 1 1 9 1 8 |3 2 1 5 3 1 1 2 2 1 8 18 15 1 1 1 |2 12 1 1 2 2 3 7 11 1 1 1 1 1 4 13 |3 2 1 16 10 1 2 13 10 2 3 20 1 1 4 3 |1 2 4 2 1 1 1 2 1 2 9 10 2 9 14 11 |2 1 1 7 2 13 2 8 1 17 16 7 4 1 1 16 |1 1 1 5 10 8 1 8 5 1 1 2 1 1 17 15 |
6965: 1 7 7 1 10 18 4 7 15 10 6 9 10 18 70 265 |16 6 4 8 3 1 1 1 15 5 1 8 23 16 30 113 |4 2 9 12 1 1 4 20 4 1 1 1 1 14 15 7 |1 1 16 2 16 1 1 19 11 9 6 15 7 38 45 9 |1 1 4 1 1 1 1 3 7 15 11 11 33 36 3 15 |2 12 2 6 1 1 1 11 4 1 1 1 1 9 1 8 |3 2 1 5 3 1 1 2 2 1 8 18 15 1 1 1 |2 12 1 1 2 2 3 7 11 1 1 1 1 1 4 13 |3 2 1 16 10 1 2 13 10 2 3 20 1 1 4 3 |1 2 4 2 1 1 1 2 1 2 9 10 2 9 14 11 |2 1 1 7 2 13 2 8 1 17 16 7 4 1 1 16 |1 1 1 5 10 8 1 8 5 1 1 2 1 1 17 15 |
6976: 1 7 7 1 10 18 4 7 15 10 6 9 10 18 70 265 |16 6 4 8 3 1 1 1 15 5 1 8 23 16 30 113 |4 2 9 12 1 1 4 20 4 1 1 1 1 14 15 7 |1 1 16 2 16 1 1 19 11 9 6 15 7 38 45 9 |1 1 4 1 1 1 1 3 7 15 11 11 33 36 3 15 |2 12 2 6 1 1 1 11 4 1 1 1 1 9 1 8 |3 2 1 5 3 1 1 2 2 1 8 18 15 1 1 1 |2 12 1 1 2 2 3 7 11 1 1 1 1 1 4 13 |3 2 1 16 10 1 2 13 10 2 3 20 1 1 4 3 |1 2 4 2 1 1 1 2 1 2 9 10 2 9 14 11 |2 1 1 7 2 13 2 8 1 17 16 7 4 1 1 16 |1 1 1 5 10 8 1 8 5 1 1 2 1 1 17 15 |
6987: 1 7 7 1 10 18 4 7 15 10 6 9 10 18 70 265 |16 6 4 8 3 1 1 1 15 5 1 8 23 16 30 113 |4 2 9 12 1 1 4 20 4 1 1 1 1 14 15 7 |1 1 16 2 16 1 1 19 11 9 6 15 7 38 45 9 |1 1 4 1 1 1 1 3 7 15 11 11 33 36 3 15 |2 12 2 6 1 1 1 11 4 1 1 1 1 9 1 8 |3 2 1 5 3 1 1 2 2 1 8 18 15 1 1 1 |2 12 1 1 2 2 3 7 11 1 1 1 1 1 4 13 |3 2 1 16 10 1 2 13 10 2 3 20 1 1 4 3 |1 2 4 2 1 1 1 2 1 2 9 10 2 9 14 11 |2 1 1 7 2 13 2 8 1 17 16 7 4 1 1 16 |1 1 1 5 10 8 1 8 5 1 1 2 1 1 17 15 |
6998: 1 7 7 1 10 18 4 7 15 10 6 9 10 18 70 265 |16 6 4 8 3 1 1 1 15 5 1 8 23 16 30 113 |4 2 9 12 1 1 4 20 4 1 1 1 1 14 15 7 |1 1 16 2 16 1 1 19 11 9 6 15 7 38 45 9 |1 1 4 1 1 1 1 3 7 15 11 11 33 36 3 15 |2 12 2 6 1 1 1 11 4 1 1 1 1 9 1 8 |3 2 1 5 3 1 1 2 2 1 8 18 15 1 1 1 |2 12 1 1 2 2 3 7 11 1 1 1 1 1 4 13 |3 2 1 16 10 1 2 13 10 2 3 20 1 1 4 3 |1 2 4 2 1 1 1 2 1 2 9 10 2 9 14 11 |2 1 1 7 2 13 2 8 1 17 16 7 4 1 1 16 |1 1 1 5 10 8 1 8 5 1 1 2 1 1 17 15 |
7008: 1 7 7 1 10 18 4 7 15 10 6 9 10 18 70 265 |16 6 4 8 3 1 1 1 15 5 1 8 23 16 30 113 |4 2 9 12 1 1 4 20 4 1 1 1 1 14 15 7 |1 1 16 2 16 1 1 19 11 9 6 15 7 38 45 9 |1 1 4 1 1 1 1 3 7 15 11 11 33 36 3 15 |1 19 11 12 6 11 7 17 1 17 170 254 26 11 1 22 |3 2 1 5 3 1 1 2 2 1 8 18 15 1 1 1 |2 12 1 1 2 2 3 7 11 1 1 1 1 1 4 13 |3 2 1 16 10 1 2 13 10 2 3 20 1 1 4 3 |1 2 4 2 1 1 1 2 1 2 9 10 2 9 14 11 |2 1 1 7 2 13 2 8 1 17 16 7 4 1 1 16 |1 1 1 5 10 8 1 8 5 1 1 2 1 1 17 15 |
7019: 1 7 7 1 10 18 4 7 15 10 6 9 10 18 70 265 |16 6 4 8 3 1 1 1 15 5 1 8 23 16 30 113 |4 2 9 12 1 1 4 20 4 1 1 1 1 14 15 7 |1 1 16 2 16 1 1 19 11 9 6 15 7 38 45 9 |1 1 4 1 1 1 1 3 7 15 11 11 33 36 3 15 |1 19 11 12 6 11 7 17 1 17 170 254 26 11 1 22 |3 2 1 5 3 1 1 2 2 1 8 18 15 1 1 1 |2 12 1 1 2 2 3 7 11 1 1 1 1 1 4 13 |3 2 1 16 10 1 2 13 10 2 3 20 1 1 4 3 |1 2 4 2 1 1 1 2 1 2 9 10 2 9 14 11 |2 1 1 7 2 13 2 8 1 17 16 7 4 1 1 16 |1 1 1 5 10 8 1 8 5 1 1 2 1 1 17 15 |
7029: 1 7 7 1 10 18 4 7 15 10 6 9 10 18 70 265 |16 6 4 8 3 1 1 1 15 5 1 8 23 16 30 113 |4 2 9 12 1 1 4 20 4 1 1 1 1 14 15 7 |1 1 16 2 16 1 1 19 11 9 6 15 7 38 45 9 |1 1 4 1 1 1 1 3 7 15 11 11 33 36 3 15 |1 19 11 12 6 11 7 17 1 17 170 254 26 11 1 22 |3 2 1 5 3 1 1 2 2 1 8 18 15 1 1 1 |2 12 1 1 2 2 3 7 11 1 1 1 1 1 4 13 |3 2 1 16 10 1 2 13 10 2 3 20 1 1 4 3 |1 2 4 2 1 1 1 2 1 2 9 10 2 9 14 11 |2 1 1 7 2 13 2 8 1 17 16 7 4 1 1 16 |1 1 1 5 10 8 1 8 5 1 1 2 1 1 17 15 |
7040: 1 7 7 1 10 18 4 7 15 10 6 9 10 18 70 265 |16 6 4 8 3 1 1 1 15 5 1 8 23 16 30 113 |4 2 9 12 1 1 4 20 4 1 1 1 1 14 15 7 |1 1 16 2 16 1 1 19 11 9 6 15 7 38 45 9 |1 1 4 1 1 1 1 3 7 15 11 11 33 36 3 15 |5 9 1 19 1 12 6 9 1 52 252 180 8 13 5 11 |3 2 1 5 3 1 1 2 2 1 8 18 15 1 1 1 |2 12 1 1 2 2 3 7 11 1 1 1 1 1 4 13 |3 2 1 16 10 1 2 13 10 2 3 20 1 1 4 3 |1 2 4 2 1 1 1 2 1 2 9 10 2 9 14 11 |2 1 1 7 2 13 2 8 1 17 16 7 4 1 1 16 |1 1 1 5 10 8 1 8 5 1 1 2 1 1 17 15 |
7050: 1 7 7 1 10 18 4 7 15 10 6 9 10 18 70 265 |16 6 4 8 3 1 1 1 15 5 1 8 23 16 30 113 |4 2 9 12 1 1 4 20 4 1 1 1 1 14 15 7 |1 1 16 2 16 1 1 19 11 9 6 15 7 38 45 9 |1 1 4 1 1 1 1 3 7 15 11 11 33 36 3 15 |5 9 1 19 1 12 6 9 1 52 252 180 8 13 5 11 |3 2 1 5 3 1 1 2 2 1 8 18 15 1 1 1 |2 12 1 1 2 2 3 7 11 1 1 1 1 1 4 13 |3 2 1 16 10 1 2 13 10 2 3 20 1 1 4 3 |1 2 4 2 1 1 1 2 1 2 9 10 2 9 14 11 |2 1 1 7 2 13 2 8 1 17 16 7 4 1 1 16 |1 1 1 5 10 8 1 8 5 1 1 2 1 1 17 15 |
7060: 1 7 7 1 10 18 4 7 15 10 6 9 10 18 70 265 |16 6 4 8 3 1 1 1 15 5 1 8 23 16 30 113 |4 2 9 12 1 1 4 20 4 1 1 1 1 14 15 7 |1 1 16 2 16 1 1 19 11 9 6 15 7 38 45 9 |1 1 4 1 1 1 1 3 7 15 11 11 33 36 3 15 |5 9 1 19 1 12 6 9 1 52 252 180 8 13 5 11 |3 2 1 5 3 1 1 2 2 1 8 18 15 1 1 1 |2 12 1 1 2 2 3 7 11 1 1 1 1 1 4 13 |3 2 1 16 10 1 2 13 10 2 3 20 1 1 4 3 |1 2 4 2 1 1 1 2 1 2 9 10 2 9 14 11 |2 1 1 7 2 13 2 8 1 17 16 7 4 1 1 16 |1 1 1 5 10 8 1 8 5 1 1 2 1 1 17 15 |
7070: 1 7 7 1 10 18 4 7 15 10 6 9 10 18 70 265 |16 6 4 8 3 1 1 1 15 5 1 8 23 16 30 113 |4 2 9 12 1 1 4 20 4 1 1 1 1 14 15 7 |1 1 16 2 16 1 1 19 11 9 6 15 7 38 45 9 |1 1 4 1 1 1 1 3 7 15 11 11 33 36 3 15 |5 9 1 19 1 12 6 9 1 52 252 180 8 13 5 11 |3 2 1 5 3 1 1 2 2 1 8 18 15 1 1 1 |2 12 1 1 2 2 3 7 11 1 1 1 1 1 4 13 |3 2 1 16 10 1 2 13 10 2 3 20 1 1 4 3 |1 2 4 2 1 1 1 2 1 2 9 10 2 9 14 11 |2 1 1 7 2 13 2 8 1 17 16 7 4 1 1 16 |1 1 1 5 10 8 1 8 5 1 1 2 1 1 17 15 |
7081: 1 7 7 1 10 18 4 7 15 10 6 9 10 18 70 265 |16 6 4 8 3 1 1 1 15 5 1 8 23 16 30 113 |4 2 9 12 1 1 4 20 4 1 1 1 1 14 15 7 |1 1 16 2 16 1 1 19 11 9 6 15 7 38 45 9 |1 1 4 1 1 1 1 3 7 15 11 11 33 36 3 15 |5 9 1 19 1 12 6 9 1 52 252 180 8 13 5 11 |3 2 1 5 3 1 1 2 2 1 8 18 15 1 1 1 |2 12 1 1 2 2 3 7 11 1 1 1 1 1 4 13 |3 2 1 16 10 1 2 13 10 2 3 20 1 1 4 3 |1 2 4 2 1 1 1 2 1 2 9 10 2 9 14 11 |2 1 1 7 2 13 2 8 1 17 16 7 4 1 1 16 |1 1 1 5 10 8 1 8 5 1 1 2 1 1 17 15 |
7091: 1 7 7 1 10 18 4 7 15 10 6 9 10 18 70 265 |16 6 4 8 3 1 1 1 15 5 1 8 23 16 30 113 |4 2 9 12 1 1 4 20 4 1 1 1 1 14 15 7 |1 1 16 2 16 1 1 19 11 9 6 15 7 38 45 9 |1 1 4 1 1 1 1 3 7 15 11 11 33 36 3 15 |5 9 1 19 1 12 6 9 1 52 252 180 8 13 5 11 |3 2 1 5 3 1 1 2 2 1 8 18 15 1 1 1 |2 12 1 1 2 2 3 7 11 1 1 1 1 1 4 13 |3 2 1 16 10 1 2 13 10 2 3 20 1 1 4 3 |1 2 4 2 1 1 1 2 1 2 9 10 2 9 14 11 |2 1 1 7 2 13 2 8 1 17 16 7 4 1 1 16 |1 1 1 5 10 8 1 8 5 1 1 2 1 1 17 15 |
7102: 1 7 7 1 10 18 4 7 15 10 6 9 10 18 70 265 |16 6 4 8 3 1 1 1 15 5 1 8 23 16 30 113 |2 1 7 1 10 3 3 20 4 3 9 2 7 8 1 7 |1 1 16 2 16 1 1 19 11 9 6 15 7 38 45 9 |1 1 4 1 1 1 1 3 7 15 11 11 33 36 3 15 |5 9 1 19 1 12 6 9 1 52 252 180 8 13 5 11 |3 2 1 5 3 1 1 2 2 1 8 18 15 1 1 1 |2 12 1 1 2 2 3 7 11 1 1 1 1 1 4 13 |3 2 1 16 10 1 2 13 10 2 3 20 1 1 4 3 |1 2 4 2 1 1 1 2 1 2 9 10 2 9 14 11 |2 1 1 7 2 13 2 8 1 17 16 7 4 1 1 16 |1 1 1 5 10 8 1 8 5 1 1 2 1 1 17 15 |
7112: 1 7 7 1 10 18 4 7 15 10 6 9 10 18 70 265 |16 6 4 8 3 1 1 1 15 5 1 8 23 16 30 113 |2 1 7 1 10 3 3 20 4 3 9 2 7 8 1 7 |1 1 16 2 16 1 1 19 11 9 6 15 7 38 45 9 |1 1 4 1 1 1 1 3 7 15 11 11 33 36 3 15 |5 9 1 19 1 12 6 9 1 52 252 180 8 13 5 11 |3 2 1 5 3 1 1 2 2 1 8 18 15 1 1 1 |2 12 1 1 2 2 3 7 11 1 1 1 1 1 4 13 |3 2 1 16 10 1 2 13 10 2 3 20 1 1 4 3 |1 2 4 2 1 1 1 2 1 2 9 10 2 9 14 11 |2 1 1 7 2 13 2 8 1 17 16 7 4 1 1 16 |1 1 1 5 10 8 1 8 5 1 1 2 1 1 17 15 |
7123: 1 7 7 1 10 18 4 7 15 10 6 9 10 18 70 265 |16 6 4 8 3 1 1 1 15 5 1 8 23 16 30 113 |2 1 7 1 10 3 3 20 4 3 9 2 7 8 1 7 |1 1 16 2 16 1 1 19 11 9 6 15 7 38 45 9 |1 1 4 1 1 1 1 3 7 15 11 11 33 36 3 15 |5 9 1 19 1 12 6 9 1 52 252 180 8 13 5 11 |3 2 1 5 3 1 1 2 2 1 8 18 15 1 1 1 |2 12 1 1 2 2 3 7 11 1 1 1 1 1 4 13 |3 2 1 16 10 1 2 13 10 2 3 20 1 1 4 3 |1 2 4 2 1 1 1 2 1 2 9 10 2 9 14 11 |2 1 1 7 2 13 2 8 1 17 16 7 4 1 1 16 |1 1 1 5 10 8 1 8 5 1 1 2 1 1 17 15 |
7134: 1 7 7 1 10 18 4 7 15 10 6 9 10 18 70 265 |16 6 4 8 3 1 1 1 15 5 1 8 23 16 30 113 |3 1 8 1 11 1 4 20 4 3 1 1 5 7 1 7 |1 1 16 2 16 1 1 19 11 9 6 15 7 38 45 9 |1 1 4 1 1 1 1 3 7 15 11 11 33 36 3 15 |5 9 1 19 1 12 6 9 1 52 252 180 8 13 5 11 |3 2 1 5 3 1 1 2 2 1 8 18 15 1 1 1 |2 12 1 1 2 2 3 7 11 1 1 1 1 1 4 13 |3 2 1 16 10 1 2 13 10 2 3 20 1 1 4 3 |1 2 4 2 1 1 1 2 1 2 9 10 2 9 14 11 |2 1 1 7 2 13 2 8 1 17 16 7 4 1 1 16 |1 1 1 5 10 8 1 8 5 1 1 2 1 1 17 15 |
7144: 1 7 7 1 10 18 4 7 15 10 6 9 10 18 70 265 |16 6 4 8 3 1 1 1 15 5 1 8 23 16 30 113 |3 1 8 1 11 1 4 20 4 3 1 1 5 7 1 7 |1 1 16 2 16 1 1 19 11 9 6 15 7 38 45 9 |1 1 4 1 1 1 1 3 7 15 11 11 33 36 3 15 |5 9 1 19 1 12 6 9 1 52 252 180 8 13 5 11 |3 2 1 5 3 1 1 2 2 1 8 18 15 1 1 1 |2 12 1 1 2 2 3 7 11 1 1 1 1 1 4 13 |3 2 1 16 10 1 2 13 10 2 3 20 1 1 4 3 |1 2 4 2 1 1 1 2 1 2 9 10 2 9 14 11 |2 1 1 7 2 13 2 8 1 17 16 7 4 1 1 16 |1 1 1 5 10 8 1 8 5 1 1 2 1 1 17 15 |
7155: 1 7 7 1 10 18 4 7 15 10 6 9 10 18 70 265 |16 6 4 8 3 1 1 1 15 5 1 8 23 16 30 113 |3 1 8 1 11 1 4 20 4 3 1 1 5 7 1 7 |1 1 16 2 16 1 1 19 11 9 6 15 7 38 45 9 |1 1 4 1 1 1 1 3 7 15 11 11 33 36 3 15 |5 9 1 19 1 12 6 9 1 52 252 180 8 13 5 11 |3 2 1 5 3 1 1 2 2 1 8 18 15 1 1 1 |2 12 1 1 2 2 3 7 11 1 1 1 1 1 4 13 |3 2 1 16 10 1 2 13 10 2 3 20 1 1 4 3 |1 2 4 2 1 1 1 2 1 2 9 10 2 9 14 11 |2 1 1 7 2 13 2 8 1 17 16 7 4 1 1 16 |1 1 1 5 10 8 1 8 5 1 1 2 1 1 17 15 |
7165: 1 1 12 1 1 1 1 1 7 1 1 4 6 1 9 5 |16 6 4 8 3 1 1 1 15 5 1 8 23 16 30 113 |3 1 8 1 11 1 4 20 4 3 1 1 5 7 1 7 |1 1 16 2 16 1 1 19 11 9 6 15 7 38 45 9 |1 1 4 1 1 1 1 3 7 15 11 11 33 36 3 15 |5 9 1 19 1 12 6 9 1 52 252 180 8 13 5 11 |3 2 1 5 3 1 1 2 2 1 8 18 15 1 1 1 |2 12 1 1 2 2 3 7 11 1 1 1 1 1 4 13 |3 2 1 16 10 1 2 13 10 2 3 20 1 1 4 3 |1 2 4 2 1 1 1 2 1 2 9 10 2 9 14 11 |2 1 1 7 2 13 2 8 1 17 16 7 4 1 1 16 |1 1 1 5 10 8 1 8 5 1 1 2 1 1 17 15 |
7175: 1 1 12 1 1 1 1 1 7 1 1 4 6 1 9 5 |16 6 4 8 3 1 1 1 15 5 1 8 23 16 30 113 |3 1 8 1 11 1 4 20 4 3 1 1 5 7 1 7 |1 1 16 2 16 1 1 19 11 9 6 15 7 38 45 9 |1 1 4 1 1 1 1 3 7 15 11 11 33 36 3 15 |5 9 1 19 1 12 6 9 1 52 252 180 8 13 5 11 |3 2 1 5 3 1 1 2 2 1 8 18 15 1 1 1 |2 12 1 1 2 2 3 7 11 1 1 1 1 1 4 13 |3 2 1 16 10 1 2 13 10 2 3 20 1 1 4 3 |1 2 4 2 1 1 1 2 1 2 9 10 2 9 14 11 |1 1 9 8 15 13 1 8 1 20 17 7 2 1 1 16 |1 1 1 5 10 8 1 8 5 1 1 2 1 1 17 15 |
7186: 1 1 12 1 1 1 1 1 7 1 1 4 6 1 9 5 |16 6 4 8 3 1 1 1 15 5 1 8 23 16 30 113 |3 1 8 1 11 1 4 20 4 3 1 1 5 7 1 7 |1 1 16 2 16 1 1 19 11 9 6 15 7 38 45 9 |1 1 4 1 1 1 1 3 7 15 11 11 33 36 3 15 |5 9 1 19 1 12 6 9 1 52 252 180 8 13 5 11 |3 2 1 5 3 1 1 2 2 1 8 18 15 1 1 1 |2 12 1 1 2 2 3 7 11 1 1 1 1 1 4 13 |3 2 1 16 10 1 2 13 10 2 3 20 1 1 4 3 |1 2 4 2 1 1 1 2 1 2 9 10 2 9 14 11 |1 1 9 8 15 13 1 8 1 20 17 7 2 1 1 16 |1 1 1 5 10 8 1 8 5 1 1 2 1 1 17 15 |
7196: 1 1 12 1 1 1 1 1 7 1 1 4 6 1 9 5 |16 6 4 8 3 1 1 1 15 5 1 8 23 16 30 113 |3 1 8 1 11 1 4 20 4 3 1 1 5 7 1 7 |1 1 16 2 16 1 1 19 11 9 6 15 7 38 45 9 |1 1 4 1 1 1 1 3 7 15 11 11 33 36 3 15 |5 9 1 19 1 12 6 9 1 52 252 180 8 13 5 11 |3 2 1 5 3 1 1 2 2 1 8 18 15 1 1 1 |2 12 1 1 2 2 3 7 11 1 1 1 1 1 4 13 |3 2 1 16 10 1 2 13 10 2 3 20 1 1 4 3 |1 2 4 2 1 1 1 2 1 2 9 10 2 9 14 11 |1 1 9 8 15 13 1 8 1 20 17 7 2 1 1 16 |1 1 1 5 10 8 1 8 5 1 1 2 1 1 17 15 |
7207: 1 1 12 1 1 1 1 1 7 1 1 4 6 1 9 5 |16 6 4 8 3 1 1 1 15 5 1 8 23 16 30 113 |3 1 8 1 11 1 4 20 4 3 1 1 5 7 1 7 |1 1 16 2 16 1 1 19 11 9 6 15 7 38 45 9 |1 1 4 1 1 1 1 3 7 15 11 11 33 36 3 15 |5 9 1 19 1 12 6 9 1 52 252 180 8 13 5 11 |3 2 1 5 3 1 1 2 2 1 8 18 15 1 1 1 |2 12 1 1 2 2 3 7 11 1 1 1 1 1 4 13 |3 2 1 16 10 1 2 13 10 2 3 20 1 1 4 3 |1 2 7 4 1 1 1 1 1 1 14 1 7 2 14 10 |1 1 9 8 15 13 1 8 1 20 17 7 2 1 1 16 |1 1 1 5 10 8 1 8 5 1 1 2 1 1 17 15 |
7217: 1 1 12 1 1 1 1 1 7 1 1 4 6 1 9 5 |16 6 4 8 3 1 1 1 15 5 1 8 23 16 30 113 |3 1 8 1 11 1 4 20 4 3 1 1 5 7 1 7 |1 1 16 2 16 1 1 19 11 9 6 15 7 38 45 9 |1 1 4 1 1 1 1 3 7 15 11 11 33 36 3 15 |5 9 1 19 1 12 6 9 1 52 252 180 8 13 5 11 |3 2 1 5 3 1 1 2 2 1 8 18 15 1 1 1 |2 12 1 1 2 2 3 7 11 1 1 1 1 1 4 13 |3 2 1 16 10 1 2 13 10 2 3 20 1 1 4 3 |1 2 7 4 1 1 1 1 1 1 14 1 7 2 14 10 |1 1 9 8 15 13 1 8 1 20 17 7 2 1 1 16 |1 1 1 5 10 8 1 8 5 1 1 2 1 1 17 15 |
7227: 1 1 12 1 1 1 1 1 7 1 1 4 6 1 9 5 |16 6 4 8 3 1 1 1 15 5 1 8 23 16 30 113 |3 1 8 1 11 1 4 20 4 3 1 1 5 7 1 7 |1 1 16 2 16 1 1 19 11 9 6 15 7 38 45 9 |1 1 4 1 1 1 1 3 7 15 11 11 33 36 3 15 |5 9 1 19 1 12 6 9 1 52 252 180 8 13 5 11 |3 2 1 5 3 1 1 2 2 1 8 18 15 1 1 1 |2 12 1 1 2 2 3 7 11 1 1 1 1 1 4 13 |3 2 1 16 10 1 2 13 10 2 3 20 1 1 4 3 |1 2 7 4 1 1 1 1 1 1 14 1 7 2 14 10 |1 1 9 8 15 13 1 8 1 20 17 7 2 1 1 16 |1 1 1 5 10 8 1 8 5 1 1 2 1 1 17 15 |
7238: 1 1 12 1 1 1 1 1 7 1 1 4 6 1 9 5 |16 6 4 8 3 1 1 1 15 5 1 8 23 16 30 113 |3 1 8 1 11 1 4 20 4 3 1 1 5 7 1 7 |1 1 16 2 16 1 1 19 11 9 6 15 7 38 45 9 |1 1 4 1 1 1 1 3 7 15 11 11 33 36 3 15 |5 9 1 19 1 12 6 9 1 52 252 180 8 13 5 11 |3 2 1 5 3 1 1 2 2 1 8 18 15 1 1 1 |2 12 1 1 2 2 3 7 11 1 1 1 1 1 4 13 |3 2 1 16 10 1 2 13 10 2 3 20 1 1 4 3 |1 2 7 4 1 1 1 1 1 1 14 1 7 2 14 10 |1 1 9 8 15 13 1 8 1 20 17 7 2 1 1 16 |1 1 1 5 10 8 1 8 5 1 1 2 1 1 17 15 |
7248: 1 1 12 1 1 1 1 1 7 1 1 4 6 1 9 5 |16 6 4 8 3 1 1 1 15 5 1 8 23 16 30 113 |3 1 8 1 11 1 4 20 4 3 1 1 5 7 1 7 |1 1 16 2 16 1 1 19 11 9 6 15 7 38 45 9 |1 1 4 1 1 1 1 3 7 15 11 11 33 36 3 15 |5 9 1 19 1 12 6 9 1 52 252 180 8 13 5 11 |3 2 1 5 3 1 1 2 2 1 8 18 15 1 1 1 |2 12 1 1 2 2 3 7 11 1 1 1 1 1 4 13 |3 2 1 16 10 1 2 13 10 2 3 20 1 1 4 3 |1 2 7 4 1 1 1 1 1 1 14 1 7 2 14 10 |1 1 9 8 15 13 1 8 1 20 17 7 2 1 1 16 |1 1 1 5 10 8 1 8 5 1 1 2 1 1 17 15 |
7259: 1 1 12 1 1 1 1 1 7 1 1 4 6 1 9 5 |16 6 4 8 3 1 1 1 15 5 1 8 23 16 30 113 |3 1 8 1 11 1 4 20 4 3 1 1 5 7 1 7 |1 1 16 2 16 1 1 19 11 9 6 15 7 38 45 9 |1 1 4 1 1 1 1 3 7 15 11 11 33 36 3 15 |5 9 1 19 1 12 6 9 1 52 252 180 8 13 5 11 |3 2 1 5 3 1 1 2 2 1 8 18 15 1 1 1 |2 12 1 1 2 2 3 7 11 1 1 1 1 1 4 13 |3 2 1 16 10 1 2 13 10 2 3 20 1 1 4 3 |1 2 7 4 1 1 1 1 1 1 14 1 7 2 14 10 |1 1 9 8 15 13 1 8 1 20 17 7 2 1 1 16 |1 1 1 5 10 8 1 8 5 1 1 2 1 1 17 15 |
7270: 1 1 12 1 1 1 1 1 7 1 1 4 6 1 9 5 |16 6 4 8 3 1 1 1 15 5 1 8 23 16 30 113 |3 1 8 1 11 1 4 20 4 3 1 1 5 7 1 7 |1 1 16 2 16 1 1 19 11 9 6 15 7 38 45 9 |1 1 4 1 1 1 1 3 7 15 11 11 33 36 3 15 |5 9 1 19 1 12 6 9 1 52 252 180 8 13 5 11 |3 2 1 5 3 1 1 2 2 1 8 18 15 1 1 1 |4 13 9 5 20 8 63 137 53 15 13 3 2 1 6 12 |3 2 1 16 10 1 2 13 10 2 3 20 1 1 4 3 |1 2 7 4 1 1 1 1 1 1 14 1 7 2 14 10 |1 1 9 8 15 13 1 8 1 20 17 7 2 1 1 16 |1 1 1 5 10 8 1 8 5 1 1 2 1 1 17 15 |
7280: 1 1 12 1 1 1 1 1 7 1 1 4 6 1 9 5 |16 6 4 8 3 1 1 1 15 5 1 8 23 16 30 113 |3 1 8 1 11 1 4 20 4 3 1 1 5 7 1 7 |1 1 16 2 16 1 1 19 11 9 6 15 7 38 45 9 |1 1 4 1 1 1 1 3 7 15 11 11 33 36 3 15 |5 9 1 19 1 12 6 9 1 52 252 180 8 13 5 11 |3 2 1 5 3 1 1 2 2 1 8 18 15 1 1 1 |4 13 9 5 20 8 63 137 53 15 13 3 2 1 6 12 |3 2 1 16 10 1 2 13 10 2 3 20 1 1 4 3 |1 2 7 4 1 1 1 1 1 1 14 1 7 2 14 10 |1 1 9 8 15 13 1 8 1 20 17 7 2 1 1 16 |1 1 1 5 10 8 1 8 5 1 1 2 1 1 17 15 |
7291: 1 1 12 1 1 1 1 1 7 1 1 4 6 1 9 5 |16 6 4 8 3 1 1 1 15 5 1 8 23 16 30 113 |3 1 8 1 11 1 4 20 4 3 1 1 5 7 1 7 |1 1 16 2 16 1 1 19 11 9 6 15 7 38 45 9 |1 1 4 1 1 1 1 3 7 15 11 11 33 36 3 15 |5 9 1 19 1 12 6 9 1 52 252 180 8 13 5 11 |3 2 1 5 3 1 1 2 2 1 8 18 15 1 1 1 |4 13 9 5 20 8 63 137 53 15 13 3 2 1 6 12 |3 2 1 16 10 1 2 13 10 2 3 20 1 1 4 3 |1 2 7 4 1 1 1 1 1 1 14 1 7 2 14 10 |1 1 9 8 15 13 1 8 1 20 17 7 2 1 1 16 |1 1 1 5 10 8 1 8 5 1 1 2 1 1 17 15 |
7302: 1 1 12 1 1 1 1 1 7 1 1 4 6 1 9 5 |16 6 4 8 3 1 1 1 15 5 1 8 23 16 30 113 |3 1 8 1 11 1 4 20 4 3 1 1 5 7 1 7 |1 1 16 2 16 1 1 19 11 9 6 15 7 38 45 9 |1 1 4 1 1 1 1 3 7 15 11 11 33 36 3 15 |2 13 3 6 1 1 1 15 3 1 1 1 2 6 3 9 |3 2 1 5 3 1 1 2 2 1 8 18 15 1 1 1 |4 13 9 5 20 8 63 137 53 15 13 3 2 1 6 12 |3 2 1 16 10 1 2 13 10 2 3 20 1 1 4 3 |1 2 7 4 1 1 1 1 1 1 14 1 7 2 14 10 |1 1 9 8 15 13 1 8 1 20 17 7 2 1 1 16 |1 1 1 5 10 8 1 8 5 1 1 2 1 1 17 15 |
7312: 1 1 12 1 1 1 1 1 7 1 1 4 6 1 9 5 |16 6 4 8 3 1 1 1 15 5 1 8 23 16 30 113 |3 1 8 1 11 1 4 20 4 3 1 1 5 7 1 7 |1 1 16 2 16 1 1 19 11 9 6 15 7 38 45 9 |1 1 4 1 1 1 1 3 7 15 11 11 33 36 3 15 |2 13 3 6 1 1 1 15 3 1 1 1 2 6 3 9 |3 2 1 5 3 1 1 2 2 1 8 18 15 1 1 1 |4 13 9 5 20 8 63 137 53 15 13 3 2 1 6 12 |3 2 1 16 10 1 2 13 10 2 3 20 1 1 4 3 |1 2 7 4 1 1 1 1 1 1 14 1 7 2 14 10 |1 1 9 8 15 13 1 8 1 20 17 7 2 1 1 16 |9 1 1 7 2 9 10 5 2 1 3 3 1 1 5 17 |
7324: 1 1 12 1 1 1 1 1 7 1 1 4 6 1 9 5 |16 6 4 8 3 1 1 1 15 5 1 8 23 16 30 113 |3 1 8 1 11 1 4 20 4 3 1 1 5 7 1 7 |1 1 16 2 16 1 1 19 11 9 6 15 7 38 45 9 |1 1 4 1 1 1 1 3 7 15 11 11 33 36 3 15 |2 13 3 6 1 1 1 15 3 1 1 1 2 6 3 9 |3 2 1 5 3 1 1 2 2 1 8 18 15 1 1 1 |4 13 9 5 20 8 63 137 53 15 13 3 2 1 6 12 |3 2 1 16 10 1 2 13 10 2 3 20 1 1 4 3 |1 2 7 4 1 1 1 1 1 1 14 1 7 2 14 10 |1 1 9 8 15 13 1 8 1 20 17 7 2 1 1 16 |9 1 1 7 2 9 10 5 2 1 3 3 1 1 5 17 |
7334: 1 1 12 1 1 1 1 1 7 1 1 4 6 1 9 5 |16 6 4 8 3 1 1 1 15 5 1 8 23 16 30 113 |3 1 8 1 11 1 4 20 4 3 1 1 5 7 1 7 |1 1 16 2 16 1 1 19 11 9 6 15 7 38 45 9 |1 1 1 1 5 1 6 2 7 14 2 1 5 1 1 1 |2 13 3 6 1 1 1 15 3 1 1 1 2 6 3 9 |3 2 1 5 3 1 1 2 2 1 8 18 15 1 1 1 |4 13 9 5 20 8 63 137 53 15 13 3 2 1 6 12 |3 2 1 16 10 1 2 13 10 2 3 20 1 1 4 3 |1 2 7 4 1 1 1 1 1 1 14 1 7 2 14 10 |1 1 9 8 15 13 1 8 1 20 17 7 2 1 1 16 |9 1 1 7 2 9 10 5 2 1 3 3 1 1 5 17 |
7344: 1 1 12 1 1 1 1 1 7 1 1 4 6 1 9 5 |16 6 4 8 3 1 1 1 15 5 1 8 23 16 30 113 |3 1 8 1 11 1 4 20 4 3 1 1 5 7 1 7 |1 1 16 2 16 1 1 19 11 9 6 15 7 38 45 9 |1 1 1 1 5 1 6 2 7 14 2 1 5 1 1 1 |2 13 3 6 1 1 1 15 3 1 1 1 2 6 3 9 |3 2 1 5 3 1 1 2 2 1 8 18 15 1 1 1 |4 13 9 5 20 8 63 137 53 15 13 3 2 1 6 12 |3 2 1 16 10 1 2 13 10 2 3 20 1 1 4 3 |1 2 7 4 1 1 1 1 1 1 14 1 7 2 14 10 |1 1 9 8 15 13 1 8 1 20 17 7 2 1 1 16 |4 1 1 8 8 9 8 1 6 1 1 4 6 1 17 16 |
7355: 1 1 12 1 1 1 1 1 7 1 1 4 6 1 9 5 |16 6 4 8 3 1 1 1 15 5 1 8 23 16 30 113 |3 1 8 1 11 1 4 20 4 3 1 1 5 7 1 7 |1 1 16 2 16 1 1 19 11 9 6 15 7 38 45 9 |1 1 1 1 5 1 6 2 7 14 2 1 5 1 1 1 |2 13 3 6 1 1 1 15 3 1 1 1 2 6 3 9 |3 2 1 5 3 1 1 2 2 1 8 18 15 1 1 1 |4 13 9 5 20 8 63 137 53 15 13 3 2 1 6 12 |3 2 1 16 10 1 2 13 10 2 3 20 1 1 4 3 |1 2 7 4 1 1 1 1 1 1 14 1 7 2 14 10 |1 1 9 8 15 13 1 8 1 20 17 7 2 1 1 16 |4 1 1 8 8 9 8 1 6 1 1 4 6 1 17 16 |
7366: 1 1 12 1 1 1 1 1 7 1 1 4 6 1 9 5 |16 6 4 8 3 1 1 1 15 5 1 8 23 16 30 113 |2 1 8 12 8 1 1 17 1 2 1 5 5 7 1 6 |1 1 16 2 16 1 1 19 11 9 6 15 7 38 45 9 |1 1 1 1 5 1 6 2 7 14 2 1 5 1 1 1 |2 13 3 6 1 1 1 15 3 1 1 1 2 6 3 9 |3 2 1 5 3 1 1 2 2 1 8 18 15 1 1 1 |4 13 9 5 20 8 63 137 53 15 13 3 2 1 6 12 |3 2 1 16 10 1 2 13 10 2 3 20 1 1 4 3 |1 2 7 4 1 1 1 1 1 1 14 1 7 2 14 10 |1 1 9 8 15 13 1 8 1 20 17 7 2 1 1 16 |4 1 1 8 8 9 8 1 6 1 1 4 6 1 17 16 |
7376: 1 1 12 1 1 1 1 1 7 1 1 4 6 1 9 5 |16 6 4 8 3 1 1 1 15 5 1 8 23 16 30 113 |2 1 8 12 8 1 1 17 1 2 1 5 5 7 1 6 |1 1 16 2 16 1 1 19 11 9 6 15 7 38 45 9 |1 1 1 1 5 1 6 2 7 14 2 1 5 1 1 1 |2 13 3 6 1 1 1 15 3 1 1 1 2 6 3 9 |3 2 1 5 3 1 1 2 2 1 8 18 15 1 1 1 |4 13 9 5 20 8 63 137 53 15 13 3 2 1 6 12 |3 2 1 16 10 1 2 13 10 2 3 20 1 1 4 3 |1 9 16 15 43 261 185 1 2 1 16 2 1 10 11 19 |1 1 9 8 15 13 1 8 1 20 17 7 2 1 1 16 |4 1 1 8 8 9 8 1 6 1 1 4 6 1 17 16 |
7387: 1 1 12 1 1 1 1 1 7 1 1 4 6 1 9 5 |16 6 4 8 3 1 1 1 15 5 1 8 23 16 30 113 |2 1 8 12 8 1 1 17 1 2 1 5 5 7 1 6 |1 1 16 2 16 1 1 19 11 9 6 15 7 38 45 9 |1 1 1 1 5 1 6 2 7 14 2 1 5 1 1 1 |2 13 3 6 1 1 1 15 3 1 1 1 2 6 3 9 |3 2 1 5 3 1 1 2 2 1 8 18 15 1 1 1 |4 13 9 5 20 8 63 137 53 15 13 3 2 1 6 12 |3 2 1 16 10 1 2 13 10 2 3 20 1 1 4 3 |1 9 16 15 43 261 185 1 2 1 16 2 1 10 11 19 |1 1 9 8 15 13 1 8 1 20 17 7 2 1 1 16 |4 1 1 8 8 9 8 1 6 1 1 4 6 1 17 16 |
7398: 1 1 12 1 1 1 1 1 7 1 1 4 6 1 9 5 |16 6 4 8 3 1 1 1 15 5 1 8 23 16 30 113 |2 1 1 2 11 8 5 11 4 1 1 1 1 6 1 7 |1 1 16 2 16 1 1 19 11 9 6 15 7 38 45 9 |1 1 1 1 5 1 6 2 7 14 2 1 5 1 1 1 |2 13 3 6 1 1 1 15 3 1 1 1 2 6 3 9 |3 2 1 5 3 1 1 2 2 1 8 18 15 1 1 1 |4 13 9 5 20 8 63 137 53 15 13 3 2 1 6 12 |3 2 1 16 10 1 2 13 10 2 3 20 1 1 4 3 |1 9 16 15 43 261 185 1 2 1 16 2 1 10 11 19 |1 1 9 8 15 13 1 8 1 20 17 7 2 1 1 16 |4 1 1 8 8 9 8 1 6 1 1 4 6 1 17 16 |
7409: 1 1 12 1 1 1 1 1 7 1 1 4 6 1 9 5 |16 6 4 8 3 1 1 1 15 5 1 8 23 16 30 113 |2 1 1 2 11 8 5 11 4 1 1 1 1 6 1 7 |1 1 16 2 16 1 1 19 11 9 6 15 7 38 45 9 |1 1 1 1 5 1 6 2 7 14 2 1 5 1 1 1 |2 13 3 6 1 1 1 15 3 1 1 1 2 6 3 9 |3 2 1 5 3 1 1 2 2 1 8 18 15 1 1 1 |4 13 9 5 20 8 63 137 53 15 13 3 2 1 6 12 |3 2 1 16 10 1 2 13 10 2 3 20 1 1 4 3 |1 9 16 15 43 261 185 1 2 1 16 2 1 10 11 19 |3 1 1 21 150 209 29 5 3 18 18 9 15 2 19 5 |4 1 1 8 8 9 8 1 6 1 1 4 6 1 17 16 |
7419: 1 1 12 1 1 1 1 1 7 1 1 4 6 1 9 5 |16 6 4 8 3 1 1 1 15 5 1 8 23 16 30 113 |2 1 1 2 11 8 5 11 4 1 1 1 1 6 1 7 |1 1 16 2 16 1 1 19 11 9 6 15 7 38 45 9 |1 1 1 1 5 1 6 2 7 14 2 1 5 1 1 1 |2 13 3 6 1 1 1 15 3 1 1 1 2 6 3 9 |3 2 1 5 3 1 1 2 2 1 8 18 15 1 1 1 |4 13 9 5 20 8 63 137 53 15 13 3 2 1 6 12 |3 2 1 16 10 1 2 13 10 2 3 20 1 1 4 3 |1 9 16 15 43 261 185 1 2 1 16 2 1 10 11 19 |3 1 1 21 150 209 29 5 3 18 18 9 15 2 19 5 |4 1 1 8 8 9 8 1 6 1 1 4 6 1 17 16 |
7430: 1 1 12 1 1 1 1 1 7 1 1 4 6 1 9 5 |9 1 2 1 3 1 1 1 1 1 3 15 6 2 5 1 |2 1 1 2 11 8 5 11 4 1 1 1 1 6 1 7 |1 1 16 2 16 1 1 19 11 9 6 15 7 38 45 9 |1 1 1 1 5 1 6 2 7 14 2 1 5 1 1 1 |2 13 3 6 1 1 1 15 3 1 1 1 2 6 3 9 |3 2 1 5 3 1 1 2 2 1 8 18 15 1 1 1 |4 13 9 5 20 8 63 137 53 15 13 3 2 1 6 12 |3 2 1 16 10 1 2 13 10 2 3 20 1 1 4 3 |1 9 16 15 43 261 185 1 2 1 16 2 1 10 11 19 |3 1 1 21 150 209 29 5 3 18 18 9 15 2 19 5 |4 1 1 8 8 9 8 1 6 1 1 4 6 1 17 16 |
7441: 1 1 12 1 1 1 1 1 7 1 1 4 6 1 9 5 |9 1 2 1 3 1 1 1 1 1 3 15 6 2 5 1 |2 1 1 2 11 8 5 11 4 1 1 1 1 6 1 7 |1 1 16 2 16 1 1 19 11 9 6 15 7 38 45 9 |1 1 1 1 5 1 6 2 7 14 2 1 5 1 1 1 |2 13 3 6 1 1 1 15 3 1 1 1 2 6 3 9 |3 2 1 5 3 1 1 2 2 1 8 18 15 1 1 1 |4 13 9 5 20 8 63 137 53 15 13 3 2 1 6 12 |3 2 1 16 10 1 2 13 10 2 3 20 1 1 4 3 |1 9 16 15 43 261 185 1 2 1 16 2 1 10 11 19 |1 1 17 62 273 145 3 3 1 19 12 1 6 1 17 5 |4 1 1 8 8 9 8 1 6 1 1 4 6 1 17 16 |
7451: 1 1 12 1 1 1 1 1 7 1 1 4 6 1 9 5 |9 1 2 1 3 1 1 1 1 1 3 15 6 2 5 1 |2 1 1 2 11 8 5 11 4 1 1 1 1 6 1 7 |1 1 16 2 16 1 1 19 11 9 6 15 7 38 45 9 |1 1 1 1 5 1 6 2 7 14 2 1 5 1 1 1 |2 13 3 6 1 1 1 15 3 1 1 1 2 6 3 9 |3 2 1 5 3 1 1 2 2 1 8 18 15 1 1 1 |4 13 9 5 20 8 63 137 53 15 13 3 2 1 6 12 |3 2 1 16 10 1 2 13 10 2 3 20 1 1 4 3 |1 9 16 15 43 261 185 1 2 1 16 2 1 10 11 19 |1 1 17 62 273 145 3 3 1 19 12 1 6 1 17 5 |4 1 1 8 8 9 8 1 6 1 1 4 6 1 17 16 |
7462: 1 1 12 1 1 1 1 1 7 1 1 4 6 1 9 5 |8 1 2 1 1 2 1 1 1 1 3 8 13 2 4 1 |2 1 1 2 11 8 5 11 4 1 1 1 1 6 1 7 |1 1 16 2 16 1 1 19 11 9 6 15 7 38 45 9 |1 1 1 1 5 1 6 2 7 14 2 1 5 1 1 1 |2 13 3 6 1 1 1 15 3 1 1 1 2 6 3 9 |3 2 1 5 3 1 1 2 2 1 8 18 15 1 1 1 |4 13 9 5 20 8 63 137 53 15 13 3 2 1 6 12 |3 2 1 16 10 1 2 13 10 2 3 20 1 1 4 3 |1 9 16 15 43 261 185 1 2 1 16 2 1 10 11 19 |1 1 17 62 273 145 3 3 1 19 12 1 6 1 17 5 |4 1 1 8 8 9 8 1 6 1 1 4 6 1 17 16 |
7473: 1 1 12 1 1 1 1 1 7 1 1 4 6 1 9 5 |8 1 2 1 1 2 1 1 1 1 3 8 13 2 4 1 |2 1 1 2 11 8 5 11 4 1 1 1 1 6 1 7 |1 1 16 2 16 1 1 19 11 9 6 15 7 38 45 9 |1 1 1 1 5 1 6 2 7 14 2 1 5 1 1 1 |2 13 3 6 1 1 1 15 3 1 1 1 2 6 3 9 |3 2 1 5 3 1 1 2 2 1 8 18 15 1 1 1 |4 13 9 5 20 8 63 137 53 15 13 3 2 1 6 12 |3 2 1 16 10 1 2 13 10 2 3 20 1 1 4 3 |1 9 17 38 30 7 1 1 1 3 15 1 1 9 14 12 |1 1 17 62 273 145 3 3 1 19 12 1 6 1 17 5 |4 1 1 8 8 9 8 1 6 1 1 4 6 1 17 16 |
7483: 1 1 12 1 1 1 1 1 7 1 1 4 6 1 9 5 |8 1 2 1 1 2 1 1 1 1 3 8 13 2 4 1 |2 1 1 2 11 8 5 11 4 1 1 1 1 6 1 7 |1 1 16 2 16 1 1 19 11 9 6 15 7 38 45 9 |1 1 1 1 5 1 6 2 7 14 2 1 5 1 1 1 |2 13 3 6 1 1 1 15 3 1 1 1 2 6 3 9 |3 2 1 5 3 1 1 2 2 1 8 18 15 1 1 1 |4 13 9 5 20 8 63 137 53 15 13 3 2 1 6 12 |3 2 1 16 10 1 2 13 10 2 3 20 1 1 4 3 |1 9 17 38 30 7 1 1 1 3 15 1 1 9 14 12 |1 1 17 62 273 145 3 3 1 19 12 1 6 1 17 5 |4 1 1 8 8 9 8 1 6 1 1 4 6 1 17 16 |
7494: 1 1 12 1 1 1 1 1 7 1 1 4 6 1 9 5 |8 1 2 1 1 2 1 1 1 1 3 8 13 2 4 1 |2 1 1 2 11 8 5 11 4 1 1 1 1 6 1 7 |1 1 16 2 16 1 1 19 11 9 6 15 7 38 45 9 |1 1 1 1 5 1 6 2 7 14 2 1 5 1 1 1 |2 13 3 6 1 1 1 15 3 1 1 1 2 6 3 9 |3 2 1 5 3 1 1 2 2 1 8 18 15 1 1 1 |4 13 9 5 20 8 63 137 53 15 13 3 2 1 6 12 |3 2 1 16 10 1 2 13 10 2 3 20 1 1 4 3 |1 9 17 38 30 7 1 1 1 3 15 1 1 9 14 12 |1 1 17 62 273 145 3 3 1 19 12 1 6 1 17 5 |4 1 1 8 8 9 8 1 6 1 1 4 6 1 17 16 |
7504: 1 1 12 1 1 1 1 1 7 1 1 4 6 1 9 5 |8 1 2 1 1 2 1 1 1 1 3 8 13 2 4 1 |2 1 1 2 11 8 5 11 4 1 1 1 1 6 1 7 |1 1 16 2 16 1 1 19 11 9 6 15 7 38 45 9 |1 1 1 1 5 1 6 2 7 14 2 1 5 1 1 1 |2 13 3 6 1 1 1 15 3 1 1 1 2 6 3 9 |3 2 1 5 3 1 1 2 2 1 8 18 15 1 1 1 |4 13 9 5 20 8 63 137 53 15 13 3 2 1 6 12 |3 2 1 16 10 1 2 13 10 2 3 20 1 1 4 3 |1 9 17 38 30 7 1 1 1 3 15 1 1 9 14 12 |1 1 17 62 273 145 3 3 1 19 12 1 6 1 17 5 |4 1 1 8 8 9 8 1 6 1 1 4 6 1 17 16 |
7515: 1 1 12 1 1 1 1 1 7 1 1 4 6 1 9 5 |8 1 2 1 1 2 1 1 1 1 3 8 13 2 4 1 |2 1 1 2 11 8 5 11 4 1 1 1 1 6 1 7 |1 1 16 2 16 1 1 19 11 9 6 15 7 38 45 9 |1 1 1 1 5 1 6 2 7 14 2 1 5 1 1 1 |2 13 3 6 1 1 1 15 3 1 1 1 2 6 3 9 |3 2 1 5 3 1 1 2 2 1 8 18 15 1 1 1 |4 13 9 5 20 8 63 137 53 15 13 3 2 1 6 12 |3 2 1 16 10 1 2 13 10 2 3 20 1 1 4 3 |1 9 17 38 30 7 1 1 1 3 15 1 1 9 14 12 |1 1 17 62 273 145 3 3 1 19 12 1 6 1 17 5 |4 1 1 8 8 9 8 1 6 1 1 4 6 1 17 16 |
7526: 1 1 12 1 1 1 1 1 7 1 1 4 6 1 9 5 |8 1 2 1 1 2 1 1 1 1 3 8 13 2 4 1 |2 1 1 2 11 8 5 11 4 1 1 1 1 6 1 7 |1 1 16 2 16 1 1 19 11 9 6 15 7 38 45 9 |1 1 1 1 5 1 6 2 7 14 2 1 5 1 1 1 |2 13 3 6 1 1 1 15 3 1 1 1 2 6 3 9 |3 2 1 5 3 1 1 2 2 1 8 18 15 1 1 1 |4 13 9 5 20 8 63 137 53 15 13 3 2 1 6 12 |3 2 1 16 10 1 2 13 10 2 3 20 1 1 4 3 |1 9 17 38 30 7 1 1 1 3 15 1 1 9 14 12 |1 1 17 62 273 145 3 3 1 19 12 1 6 1 17 5 |4 1 1 8 8 9 8 1 6 1 1 4 6 1 17 16 |
7537: 1 1 12 1 1 1 1 1 7 1 1 4 6 1 9 5 |8 1 2 1 1 2 1 1 1 1 3 8 13 2 4 1 |2 1 1 2 11 8 5 11 4 1 1 1 1 6 1 7 |1 1 16 2 16 1 1 19 11 9 6 15 7 38 45 9 |1 1 1 1 5 1 6 2 7 14 2 1 5 1 1 1 |2 11 1 7 1 1 1 12 5 1 1 2 4 5 3 9 |3 2 1 5 3 1 1 2 2 1 8 18 15 1 1 1 |4 13 9 5 20 8 63 137 53 15 13 3 2 1 6 12 |3 2 1 16 10 1 2 13 10 2 3 20 1 1 4 3 |1 9 17 38 30 7 1 1 1 3 15 1 1 9 14 12 |1 1 17 62 273 145 3 3 1 19 12 1 6 1 17 5 |4 1 1 8 8 9 8 1 6 1 1 4 6 1 17 16 |
7547: 1 1 12 1 1 1 1 1 7 1 1 4 6 1 9 5 |8 1 2 1 1 2 1 1 1 1 3 8 13 2 4 1 |2 1 1 2 11 8 5 11 4 1 1 1 1 6 1 7 |1 1 16 2 16 1 1 19 11 9 6 15 7 38 45 9 |1 1 1 1 5 1 6 2 7 14 2 1 5 1 1 1 |2 11 1 7 1 1 1 12 5 1 1 2 4 5 3 9 |3 2 1 5 3 1 1 2 2 1 8 18 15 1 1 1 |4 13 9 5 20 8 63 137 53 15 13 3 2 1 6 12 |3 2 1 16 10 1 2 13 10 2 3 20 1 1 4 3 |1 9 17 38 30 7 1 1 1 3 15 1 1 9 14 12 |1 1 17 62 273 145 3 3 1 19 12 1 6 1 17 5 |4 1 1 8 8 9 8 1 6 1 1 4 6 1 17 16 |
7558: 1 1 12 1 1 1 1 1 7 1 1 4 6 1 9 5 |8 1 2 1 1 2 1 1 1 1 3 8 13 2 4 1 |2 1 1 2 11 8 5 11 4 1 1 1 1 6 1 7 |1 1 16 2 16 1 1 19 11 9 6 15 7 38 45 9 |1 1 1 1 5 1 6 2 7 14 2 1 5 1 1 1 |2 11 1 7 1 1 1 12 5 1 1 2 4 5 3 9 |3 2 1 5 3 1 1 2 2 1 8 18 15 1 1 1 |4 13 9 5 20 8 63 137 53 15 13 3 2 1 6 12 |3 2 1 16 10 1 2 13 10 2 3 20 1 1 4 3 |1 9 17 38 30 7 1 1 1 3 15 1 1 9 14 12 |1 1 17 62 273 145 3 3 1 19 12 1 6 1 17 5 |4 1 1 8 8 9 8 1 6 1 1 4 6 1 17 16 |
7568: 1 1 12 1 1 1 1 1 7 1 1 4 6 1 9 5 |8 1 2 1 1 2 1 1 1 1 3 8 13 2 4 1 |2 1 1 2 11 8 5 11 4 1 1 1 1 6 1 7 |1 1 16 2 16 1 1 19 11 9 6 15 7 38 45 9 |1 1 1 1 5 1 6 2 7 14 2 1 5 1 1 1 |2 11 1 7 1 1 1 12 5 1 1 2 4 5 3 9 |3 2 1 5 3 1 1 2 2 1 8 18 15 1 1 1 |4 13 9 5 20 8 63 137 53 15 13 3 2 1 6 12 |3 2 1 16 10 1 2 13 10 2 3 20 1 1 4 3 |1 9 17 38 30 7 1 1 1 3 15 1 1 9 14 12 |1 1 17 62 273 145 3 3 1 19 12 1 6 1 17 5 |4 1 1 8 8 9 8 1 6 1 1 4 6 1 17 16 |
7579: 1 1 12 1 1 1 1 1 7 1 1 4 6 1 9 5 |8 1 2 1 1 2 1 1 1 1 3 8 13 2 4 1 |2 1 1 2 11 8 5 11 4 1 1 1 1 6 1 7 |1 1 16 2 16 1 1 19 11 9 6 15 7 38 45 9 |1 1 1 1 5 1 6 2 7 14 2 1 5 1 1 1 |2 11 1 7 1 1 1 12 5 1 1 2 4 5 3 9 |3 2 1 5 3 1 1 2 2 1 8 18 15 1 1 1 |4 13 9 5 20 8 63 137 53 15 13 3 2 1 6 12 |3 2 1 16 10 1 2 13 10 2 3 20 1 1 4 3 |1 9 17 38 30 7 1 1 1 3 15 1 1 9 14 12 |1 1 17 62 273 145 3 3 1 19 12 1 6 1 17 5 |4 1 1 8 8 9 8 1 6 1 1 4 6 1 17 16 |
7590: 1 1 12 1 1 1 1 1 7 1 1 4 6 1 9 5 |8 1 2 1 1 2 1 1 1 1 3 8 13 2 4 1 |2 1 1 2 11 8 5 11 4 1 1 1 1 6 1 7 |1 1 16 2 16 1 1 19 11 9 6 15 7 38 45 9 |1 1 1 1 5 1 6 2 7 14 2 1 5 1 1 1 |2 11 1 7 1 1 1 12 5 1 1 2 4 5 3 9 |3 2 1 5 3 1 1 2 2 1 8 18 15 1 1 1 |4 13 9 5 20 8 63 137 53 15 13 3 2 1 6 12 |3 2 1 16 10 1 2 13 10 2 3 20 1 1 4 3 |1 9 17 38 30 7 1 1 1 3 15 1 1 9 14 12 |1 1 17 62 273 145 3 3 1 19 12 1 6 1 17 5 |4 1 1 8 8 9 8 1 6 1 1 4 6 1 17 16 |
7600: 1 1 12 1 1 1 1 1 7 1 1 4 6 1 9 5 |8 1 2 1 1 2 1 1 1 1 3 8 13 2 4 1 |2 1 1 2 11 8 5 11 4 1 1 1 1 6 1 7 |1 1 16 2 16 1 1 19 11 9 6 15 7 38 45 9 |1 1 1 1 5 1 6 2 7 14 2 1 5 1 1 1 |2 11 1 7 1 1 1 12 5 1 1 2 4 5 3 9 |3 2 1 5 3 1 1 2 2 1 8 18 15 1 1 1 |4 13 9 5 20 8 63 137 53 15 13 3 2 1 6 12 |3 2 1 16 10 1 2 13 10 2 3 20 1 1 4 3 |1 9 17 38 30 7 1 1 1 3 15 1 1 9 14 12 |1 1 17 62 273 145 3 3 1 19 12 1 6 1 17 5 |4 1 1 8 8 9 8 1 6 1 1 4 6 1 17 16 |
7610: 1 1 12 1 1 1 1 1 7 1 1 4 6 1 9 5 |8 1 2 1 1 2 1 1 1 1 3 8 13 2 4 1 |2 1 1 2 11 8 5 11 4 1 1 1 1 6 1 7 |1 1 16 2 16 1 1 19 11 9 6 15 7 38 45 9 |1 1 1 1 5 1 6 2 7 14 2 1 5 1 1 1 |2 11 1 7 1 1 1 12 5 1 1 2 4 5 3 9 |3 2 1 5 3 1 1 2 2 1 8 18 15 1 1 1 |4 13 9 5 20 8 63 137 53 15 13 3 2 1 6 12 |3 2 1 16 10 1 2 13 10 2 3 20 1 1 4 3 |1 9 17 38 30 7 1 1 1 3 15 1 1 9 14 12 |1 1 17 62 273 145 3 3 1 19 12 1 6 1 17 5 |4 1 1 8 8 9 8 1 6 1 1 4 6 1 17 16 |
7620: 1 1 12 1 1 1 1 1 7 1 1 4 6 1 9 5 |8 1 2 1 1 2 1 1 1 1 3 8 13 2 4 1 |2 1 1 2 11 8 5 11 4 1 1 1 1 6 1 7 |1 1 16 2 16 1 1 19 11 9 6 15 7 38 45 9 |1 1 1 1 5 1 6 2 7 14 2 1 5 1 1 1 |2 11 1 7 1 1 1 12 5 1 1 2 4 5 3 9 |3 2 1 5 3 1 1 2 2 1 8 18 15 1 1 1 |4 13 9 5 20 8 63 137 53 15 13 3 2 1 6 12 |3 2 1 16 10 1 2 13 10 2 3 20 1 1 4 3 |1 9 17 38 30 7 1 1 1 3 15 1 1 9 14 12 |1 1 17 62 273 145 3 3 1 19 12 1 6 1 17 5 |4 1 1 8 8 9 8 1 6 1 1 4 6 1 17 16 |
7632: 1 1 12 1 1 1 1 1 7 1 1 4 6 1 9 5 |8 1 2 1 1 2 1 1 1 1 3 8 13 2 4 1 |2 1 1 2 11 8 5 11 4 1 1 1 1 6 1 7 |1 1 16 2 16 1 1 19 11 9 6 15 7 38 45 9 |1 7 7 8 1 1 1 2 7 14 1 3 6 1 1 1 |2 11 1 7 1 1 1 12 5 1 1 2 4 5 3 9 |3 2 1 5 3 1 1 2 2 1 8 18 15 1 1 1 |4 13 9 5 20 8 63 137 53 15 13 3 2 1 6 12 |3 2 1 16 10 1 2 13 10 2 3 20 1 1 4 3 |1 9 17 38 30 7 1 1 1 3 15 1 1 9 14 12 |1 1 17 62 273 145 3 3 1 19 12 1 6 1 17 5 |4 1 1 8 8 9 8 1 6 1 1 4 6 1 17 16 |
7643: 1 1 12 1 1 1 1 1 7 1 1 4 6 1 9 5 |8 1 2 1 1 2 1 1 1 1 3 8 13 2 4 1 |2 1 1 2 11 8 5 11 4 1 1 1 1 6 1 7 |1 1 16 2 16 1 1 19 11 9 6 15 7 38 45 9 |1 7 7 8 1 1 1 2 7 14 1 3 6 1 1 1 |2 11 1 7 1 1 1 12 5 1 1 2 4 5 3 9 |3 2 1 5 3 1 1 2 2 1 8 18 15 1 1 1 |4 13 9 5 20 8 63 137 53 15 13 3 2 1 6 12 |3 2 1 16 10 1 2 13 10 2 3 20 1 1 4 3 |1 9 17 38 30 7 1 1 1 3 15 1 1 9 14 12 |1 1 17 62 273 145 3 3 1 19 12 1 6 1 17 5 |9 82 249 128 3 8 2 1 23 1 1 1 1 9 11 26 |
7653: 1 1 12 1 1 1 1 1 7 1 1 4 6 1 9 5 |8 1 2 1 1 2 1 1 1 1 3 8 13 2 4 1 |2 1 1 2 11 8 5 11 4 1 1 1 1 6 1 7 |1 1 16 2 16 1 1 19 11 9 6 15 7 38 45 9 |1 7 7 8 1 1 1 2 7 14 1 3 6 1 1 1 |2 11 1 7 1 1 1 12 5 1 1 2 4 5 3 9 |3 2 1 5 3 1 1 2 2 1 8 18 15 1 1 1 |4 13 9 5 20 8 63 137 53 15 13 3 2 1 6 12 |3 2 1 16 10 1 2 13 10 2 3 20 1 1 4 3 |1 9 17 38 30 7 1 1 1 3 15 1 1 9 14 12 |1 1 17 62 273 145 3 3 1 19 12 1 6 1 17 5 |9 82 249 128 3 8 2 1 23 1 1 1 1 9 11 26 |
7664: 1 1 12 1 1 1 1 1 7 1 1 4 6 1 9 5 |8 1 2 1 1 2 1 1 1 1 3 8 13 2 4 1 |2 1 1 2 11 8 5 11 4 1 1 1 1 6 1 7 |1 1 16 2 16 1 1 19 11 9 6 15 7 38 45 9 |1 7 1 7 1 1 2 1 7 10 1 1 1 1 3 1 |2 11 1 7 1 1 1 12 5 1 1 2 4 5 3 9 |3 2 1 5 3 1 1 2 2 1 8 18 15 1 1 1 |4 13 9 5 20 8 63 137 53 15 13 3 2 1 6 12 |3 2 1 16 10 1 2 13 10 2 3 20 1 1 4 3 |1 9 17 38 30 7 1 1 1 3 15 1 1 9 14 12 |1 1 17 62 273 145 3 3 1 19 12 1 6 1 17 5 |9 82 249 128 3 8 2 1 23 1 1 1 1 9 11 26 |
7675: 1 1 12 1 1 1 1 1 7 1 1 4 6 1 9 5 |8 1 2 1 1 2 1 1 1 1 3 8 13 2 4 1 |2 1 1 2 11 8 5 11 4 1 1 1 1 6 1 7 |1 1 16 2 16 1 1 19 11 9 6 15 7 38 45 9 |1 7 1 7 1 1 2 1 7 10 1 1 1 1 3 1 |2 11 1 7 1 1 1 12 5 1 1 2 4 5 3 9 |3 2 1 5 3 1 1 2 2 1 8 18 15 1 1 1 |4 13 9 5 20 8 63 137 53 15 13 3 2 1 6 12 |3 2 1 16 10 1 2 13 10 2 3 20 1 1 4 3 |1 9 17 38 30 7 1 1 1 3 15 1 1 9 14 12 |1 1 17 62 273 145 3 3 1 19 12 1 6 1 17 5 |11 153 198 31 3 1 10 11 22 1 1 8 1 1 10 26 |
7685: 1 1 12 1 1 1 1 1 7 1 1 4 6 1 9 5 |8 1 2 1 1 2 1 1 1 1 3 8 13 2 4 1 |2 1 1 2 11 8 5 11 4 1 1 1 1 6 1 7 |1 1 16 2 16 1 1 19 11 9 6 15 7 38 45 9 |1 7 1 7 1 1 2 1 7 10 1 1 1 1 3 1 |2 11 1 7 1 1 1 12 5 1 1 2 4 5 3 9 |3 2 1 5 3 1 1 2 2 1 8 18 15 1 1 1 |4 13 9 5 20 8 63 137 53 15 13 3 2 1 6 12 |3 2 1 16 10 1 2 13 10 2 3 20 1 1 4 3 |1 9 17 38 30 7 1 1 1 3 15 1 1 9 14 12 |1 1 17 62 273 145 3 3 1 19 12 1 6 1 17 5 |11 153 198 31 3 1 10 11 22 1 1 8 1 1 10 26 |
7695: 1 1 12 1 1 1 1 1 7 1 1 4 6 1 9 5 |8 1 2 1 1 2 1 1 1 1 3 8 13 2 4 1 |3 3 9 1 10 2 2 15 4 2 1 4 1 6 1 1 |1 1 16 2 16 1 1 19 11 9 6 15 7 38 45 9 |1 7 1 7 1 1 2 1 7 10 1 1 1 1 3 1 |2 11 1 7 1 1 1 12 5 1 1 2 4 5 3 9 |3 2 1 5 3 1 1 2 2 1 8 18 15 1 1 1 |4 13 9 5 20 8 63 137 53 15 13 3 2 1 6 12 |3 2 1 16 10 1 2 13 10 2 3 20 1 1 4 3 |1 9 17 38 30 7 1 1 1 3 15 1 1 9 14 12 |1 1 17 62 273 145 3 3 1 19 12 1 6 1 17 5 |11 153 198 31 3 1 10 11 22 1 1 8 1 1 10 26 |
7706: 1 1 12 1 1 1 1 1 7 1 1 4 6 1 9 5 |8 1 2 1 1 2 1 1 1 1 3 8 13 2 4 1 |3 3 9 1 10 2 2 15 4 2 1 4 1 6 1 1 |1 1 16 2 16 1 1 19 11 9 6 15 7 38 45 9 |1 7 1 7 1 1 2 1 7 10 1 1 1 1 3 1 |2 11 1 7 1 1 1 12 5 1 1 2 4 5 3 9 |3 2 1 5 3 1 1 2 2 1 8 18 15 1 1 1 |4 13 9 5 20 8 63 137 53 15 13 3 2 1 6 12 |3 2 1 16 10 1 2 13 10 2 3 20 1 1 4 3 |1 9 17 38 30 7 1 1 1 3 15 1 1 9 14 12 |11 21 28 22 14 13 1 7 1 19 17 8 10 1 6 16 |11 153 198 31 3 1 10 11 22 1 1 8 1 1 10 26 |
7717: 1 1 12 1 1 1 1 1 7 1 1 4 6 1 9 5 |8 1 2 1 1 2 1 1 1 1 3 8 13 2 4 1 |3 3 9 1 10 2 2 15 4 2 1 4 1 6 1 1 |1 1 16 2 16 1 1 19 11 9 6 15 7 38 45 9 |1 7 1 7 1 1 2 1 7 10 1 1 1 1 3 1 |2 11 1 7 1 1 1 12 5 1 1 2 4 5 3 9 |3 2 1 5 3 1 1 2 2 1 8 18 15 1 1 1 |4 13 9 5 20 8 63 137 53 15 13 3 2 1 6 12 |3 2 1 16 10 1 2 13 10 2 3 20 1 1 4 3 |1 9 17 38 30 7 1 1 1 3 15 1 1 9 14 12 |11 21 28 22 14 13 1 7 1 19 17 8 10 1 6 16 |11 153 198 31 3 1 10 11 22 1 1 8 1 1 10 26 |
7727: 1 1 12 1 1 1 1 1 7 1 1 4 6 1 9 5 |8 1 2 1 1 2 1 1 1 1 3 8 13 2 4 1 |3 3 9 1 10 2 2 15 4 2 1 4 1 6 1 1 |1 1 16 2 16 1 1 19 11 9 6 15 7 38 45 9 |1 7 1 7 1 1 2 1 7 10 1 1 1 1 3 1 |2 11 1 7 1 1 1 12 5 1 1 2 4 5 3 9 |3 2 1 5 3 1 1 2 2 1 8 18 15 1 1 1 |4 13 9 5 20 8 63 137 53 15 13 3 2 1 6 12 |3 2 1 16 10 1 2 13 10 2 3 20 1 1 4 3 |1 9 17 38 30 7 1 1 1 3 15 1 1 9 14 12 |11 21 28 22 14 13 1 7 1 19 17 8 10 1 6 16 |11 153 198 31 3 1 10 11 22 1 1 8 1 1 10 26 |
7737: 1 1 12 1 1 1 1 1 7 1 1 4 6 1 9 5 |8 1 2 1 1 2 1 1 1 1 3 8 13 2 4 1 |3 3 9 1 10 2 2 15 4 2 1 4 1 6 1 1 |1 1 16 2 16 1 1 19 11 9 6 15 7 38 45 9 |1 7 1 7 1 1 2 1 7 10 1 1 1 1 3 1 |2 11 1 7 1 1 1 12 5 1 1 2 4 5 3 9 |3 2 1 5 3 1 1 2 2 1 8 18 15 1 1 1 |4 13 9 5 20 8 63 137 53 15 13 3 2 1 6 12 |3 2 1 16 10 1 2 13 10 2 3 20 1 1 4 3 |1 9 17 38 30 7 1 1 1 3 15 1 1 9 14 12 |9 23 20 8 16 13 3 1 3 17 17 8 16 1 6 1 |11 153 198 31 3 1 10 11 22 1 1 8 1 1 10 26 |
7748: 1 1 12 1 1 1 1 1 7 1 1 4 6 1 9 5 |8 1 2 1 1 2 1 1 1 1 3 8 13 2 4 1 |3 3 9 1 10 2 2 15 4 2 1 4 1 6 1 1 |1 1 16 2 16 1 1 19 11 9 6 15 7 38 45 9 |1 7 1 7 1 1 2 1 7 10 1 1 1 1 3 1 |2 11 1 7 1 1 1 12 5 1 1 2 4 5 3 9 |3 2 1 5 3 1 1 2 2 1 8 18 15 1 1 1 |4 13 9 5 20 8 63 137 53 15 13 3 2 1 6 12 |3 2 1 16 10 1 2 13 10 2 3 20 1 1 4 3 |1 9 17 38 30 7 1 1 1 3 15 1 1 9 14 12 |9 23 20 8 16 13 3 1 3 17 17 8 16 1 6 1 |11 153 198 31 3 1 10 11 22 1 1 8 1 1 10 26 |
7758: 1 1 12 1 1 1 1 1 7 1 1 4 6 1 9 5 |1 14 2 1 1 3 1 1 1 1 3 12 14 1 5 1 |3 3 9 1 10 2 2 15 4 2 1 4 1 6 1 1 |1 1 16 2 16 1 1 19 11 9 6 15 7 38 45 9 |1 7 1 7 1 1 2 1 7 10 1 1 1 1 3 1 |2 11 1 7 1 1 1 12 5 1 1 2 4 5 3 9 |3 2 1 5 3 1 1 2 2 1 8 18 15 1 1 1 |4 13 9 5 20 8 63 137 53 15 13 3 2 1 6 12 |3 2 1 16 10 1 2 13 10 2 3 20 1 1 4 3 |1 9 17 38 30 7 1 1 1 3 15 1 1 9 14 12 |9 23 20 8 16 13 3 1 3 17 17 8 16 1 6 1 |11 153 198 31 3 1 10 11 22 1 1 8 1 1 10 26 |
7769: 1 1 12 1 1 1 1 1 7 1 1 4 6 1 9 5 |1 14 2 1 1 3 1 1 1 1 3 12 14 1 5 1 |3 3 9 1 10 2 2 15 4 2 1 4 1 6 1 1 |1 1 16 2 16 1 1 19 11 9 6 15 7 38 45 9 |1 7 1 7 1 1 2 1 7 10 1 1 1 1 3 1 |2 11 1 7 1 1 1 12 5 1 1 2 4 5 3 9 |3 2 1 5 3 1 1 2 2 1 8 18 15 1 1 1 |4 13 9 5 20 8 63 137 53 15 13 3 2 1 6 12 |3 2 1 16 10 1 2 13 10 2 3 20 1 1 4 3 |7 1 17 8 1 1 1 3 1 5 15 1 7 2 1 11 |9 23 20 8 16 13 3 1 3 17 17 8 16 1 6 1 |11 153 198 31 3 1 10 11 22 1 1 8 1 1 10 26 |
7779: 1 1 12 1 1 1 1 1 7 1 1 4 6 1 9 5 |1 14 2 1 1 3 1 1 1 1 3 12 14 1 5 1 |3 3 9 1 10 2 2 15 4 2 1 4 1 6 1 1 |1 1 16 2 16 1 1 19 11 9 6 15 7 38 45 9 |1 7 1 7 1 1 2 1 7 10 1 1 1 1 3 1 |2 11 1 7 1 1 1 12 5 1 1 2 4 5 3 9 |3 2 1 5 3 1 1 2 2 1 8 18 15 1 1 1 |4 13 9 5 20 8 63 137 53 15 13 3 2 1 6 12 |3 2 1 16 10 1 2 13 10 2 3 20 1 1 4 3 |7 1 17 8 1 1 1 3 1 5 15 1 7 2 1 11 |9 23 20 8 16 13 3 1 3 17 17 8 16 1 6 1 |11 153 198 31 3 1 10 11 22 1 1 8 1 1 10 26 |
7789: 1 1 12 1 1 1 1 1 7 1 1 4 6 1 9 5 |14 11 1 1 3 1 1 1 2 1 2 14 14 2 1 1 |3 3 9 1 10 2 2 15 4 2 1 4 1 6 1 1 |1 1 16 2 16 1 1 19 11 9 6 15 7 38 45 9 |1 7 1 7 1 1 2 1 7 10 1 1 1 1 3 1 |2 11 1 7 1 1 1 12 5 1 1 2 4 5 3 9 |3 2 1 5 3 1 1 2 2 1 8 18 15 1 1 1 |4 13 9 5 20 8 63 137 53 15 13 3 2 1 6 12 |3 2 1 16 10 1 2 13 10 2 3 20 1 1 4 3 |7 1 17 8 1 1 1 3 1 5 15 1 7 2 1 11 |9 23 20 8 16 13 3 1 3 17 17 8 16 1 6 1 |11 153 198 31 3 1 10 11 22 1 1 8 1 1 10 26 |
7800: 1 1 12 1 1 1 1 1 7 1 1 4 6 1 9 5 |14 11 1 1 3 1 1 1 2 1 2 14 14 2 1 1 |5 1 9 12 7 4 4 12 2 1 1 4 1 3 1 8 |1 1 16 2 16 1 1 19 11 9 6 15 7 38 45 9 |1 7 1 7 1 1 2 1 7 10 1 1 1 1 3 1 |2 11 1 7 1 1 1 12 5 1 1 2 4 5 3 9 |3 2 1 5 3 1 1 2 2 1 8 18 15 1 1 1 |4 13 9 5 20 8 63 137 53 15 13 3 2 1 6 12 |3 2 1 16 10 1 2 13 10 2 3 20 1 1 4 3 |7 1 17 8 1 1 1 3 1 5 15 1 7 2 1 11 |9 23 20 8 16 13 3 1 3 17 17 8 16 1 6 1 |11 153 198 31 3 1 10 11 22 1 1 8 1 1 10 26 |
7810: 1 1 12 1 1 1 1 1 7 1 1 4 6 1 9 5 |14 11 1 1 3 1 1 1 2 1 2 14 14 2 1 1 |5 1 9 12 7 4 4 12 2 1 1 4 1 3 1 8 |1 1 16 2 16 1 1 19 11 9 6 15 7 38 45 9 |1 7 1 7 1 1 2 1 7 10 1 1 1 1 3 1 |2 11 1 7 1 1 1 12 5 1 1 2 4 5 3 9 |3 2 1 5 3 1 1 2 2 1 8 18 15 1 1 1 |4 13 9 5 20 8 63 137 53 15 13 3 2 1 6 12 |3 2 1 16 10 1 2 13 10 2 3 20 1 1 4 3 |7 1 17 8 1 1 1 3 1 5 15 1 7 2 1 11 |9 23 20 8 16 13 3 1 3 17 17 8 16 1 6 1 |11 153 198 31 3 1 10 11 22 1 1 8 1 1 10 26 |
7821: 1 1 12 1 1 1 1 1 7 1 1 4 6 1 9 5 |14 11 1 1 3 1 1 1 2 1 2 14 14 2 1 1 |5 1 9 12 7 4 4 12 2 1 1 4 1 3 1 8 |1 1 16 2 16 1 1 19 11 9 6 15 7 38 45 9 |1 7 1 7 1 1 2 1 7 10 1 1 1 1 3 1 |2 11 1 7 1 1 1 12 5 1 1 2 4 5 3 9 |3 2 1 5 3 1 1 2 2 1 8 18 15 1 1 1 |4 13 9 5 20 8 63 137 53 15 13 3 2 1 6 12 |3 2 1 16 10 1 2 13 10 2 3 20 1 1 4 3 |7 1 17 8 1 1 1 3 1 5 15 1 7 2 1 11 |9 23 20 8 16 13 3 1 3 17 17 8 16 1 6 1 |11 153 198 31 3 1 10 11 22 1 1 8 1 1 10 26 |
7831: 1 1 12 1 1 1 1 1 7 1 1 4 6 1 9 5 |14 11 1 1 3 1 1 1 2 1 2 14 14 2 1 1 |5 1 9 12 7 4 4 12 2 1 1 4 1 3 1 8 |1 1 16 2 16 1 1 19 11 9 6 15 7 38 45 9 |1 7 1 7 1 1 2 1 7 10 1 1 1 1 3 1 |2 11 1 7 1 1 1 12 5 1 1 2 4 5 3 9 |3 2 1 5 3 1 1 2 2 1 8 18 15 1 1 1 |6 6 1 1 3 2 8 8 10 1 1 1 1 1 5 16 |3 2 1 16 10 1 2 13 10 2 3 20 1 1 4 3 |7 1 17 8 1 1 1 3 1 5 15 1 7 2 1 11 |9 23 20 8 16 13 3 1 3 17 17 8 16 1 6 1 |11 153 198 31 3 1 10 11 22 1 1 8 1 1 10 26 |
7842: 1 1 12 1 1 1 1 1 7 1 1 4 6 1 9 5 |14 11 1 1 3 1 1 1 2 1 2 14 14 2 1 1 |5 1 9 12 7 4 4 12 2 1 1 4 1 3 1 8 |1 1 16 2 16 1 1 19 11 9 6 15 7 38 45 9 |1 7 1 7 1 1 2 1 7 10 1 1 1 1 3 1 |2 11 1 7 1 1 1 12 5 1 1 2 4 5 3 9 |3 2 1 5 3 1 1 2 2 1 8 18 15 1 1 1 |6 6 1 1 3 2 8 8 10 1 1 1 1 1 5 16 |3 2 1 16 10 1 2 13 10 2 3 20 1 1 4 3 |7 1 17 8 1 1 1 3 1 5 15 1 7 2 1 11 |9 23 20 8 16 13 3 1 3 17 17 8 16 1 6 1 |11 153 198 31 3 1 10 11 22 1 1 8 1 1 10 26 |
7852: 1 1 12 1 1 1 1 1 7 1 1 4 6 1 9 5 |14 11 1 1 3 1 1 1 2 1 2 14 14 2 1 1 |5 1 9 12 7 4 4 12 2 1 1 4 1 3 1 8 |1 1 16 2 16 1 1 19 11 9 6 15 7 38 45 9 |1 7 1 7 1 1 2 1 7 10 1 1 1 1 3 1 |2 11 1 7 1 1 1 12 5 1 1 2 4 5 3 9 |3 2 1 5 3 1 1 2 2 1 8 18 15 1 1 1 |6 6 1 1 3 2 8 8 10 1 1 1 1 1 5 16 |3 2 1 16 10 1 2 13 10 2 3 20 1 1 4 3 |7 1 17 8 1 1 1 3 1 5 15 1 7 2 1 11 |9 23 20 8 16 13 3 1 3 17 17 8 16 1 6 1 |11 153 198 31 3 1 10 11 22 1 1 8 1 1 10 26 |
7863: 1 1 12 1 1 1 1 1 7 1 1 4 6 1 9 5 |14 11 1 1 3 1 1 1 2 1 2 14 14 2 1 1 |5 1 9 12 7 4 4 12 2 1 1 4 1 3 1 8 |1 1 16 2 16 1 1 19 11 9 6 15 7 38 45 9 |1 7 1 7 1 1 2 1 7 10 1 1 1 1 3 1 |2 11 1 7 1 1 1 12 5 1 1 2 4 5 3 9 |4 8 5 1 1 1 1 2 1 2 6 18 16 1 1 1 |6 6 1 1 3 2 8 8 10 1 1 1 1 1 5 16 |3 2 1 16 10 1 2 13 10 2 3 20 1 1 4 3 |7 1 17 8 1 1 1 3 1 5 15 1 7 2 1 11 |9 23 20 8 16 13 3 1 3 17 17 8 16 1 6 1 |11 153 198 31 3 1 10 11 22 1 1 8 1 1 10 26 |
7874: 1 1 12 1 1 1 1 1 7 1 1 4 6 1 9 5 |14 11 1 1 3 1 1 1 2 1 2 14 14 2 1 1 |5 1 9 12 7 4 4 12 2 1 1 4 1 3 1 8 |1 1 16 2 16 1 1 19 11 9 6 15 7 38 45 9 |1 7 1 7 1 1 2 1 7 10 1 1 1 1 3 1 |2 11 1 7 1 1 1 12 5 1 1 2 4 5 3 9 |4 8 5 1 1 1 1 2 1 2 6 18 16 1 1 1 |6 6 1 1 3 2 8 8 10 1 1 1 1 1 5 16 |3 2 1 16 10 1 2 13 10 2 3 20 1 1 4 3 |7 1 17 8 1 1 1 3 1 5 15 1 7 2 1 11 |9 23 20 8 16 13 3 1 3 17 17 8 16 1 6 1 |11 153 198 31 3 1 10 11 22 1 1 8 1 1 10 26 |
7885: 1 1 12 1 1 1 1 1 7 1 1 4 6 1 9 5 |14 11 1 1 3 1 1 1 2 1 2 14 14 2 1 1 |5 1 9 12 7 4 4 12 2 1 1 4 1 3 1 8 |1 1 16 2 16 1 1 19 11 9 6 15 7 38 45 9 |1 7 1 7 1 1 2 1 7 10 1 1 1 1 3 1 |2 11 1 7 1 1 1 12 5 1 1 2 4 5 3 9 |4 8 5 1 1 1 1 2 1 2 6 18 16 1 1 1 |6 6 1 1 3 2 8 8 10 1 1 1 1 1 5 16 |3 2 1 16 10 1 2 13 10 2 3 20 1 1 4 3 |7 1 17 8 1 1 1 3 1 5 15 1 7 2 1 11 |9 23 20 8 16 13 3 1 3 17 17 8 16 1 6 1 |11 153 198 31 3 1 10 11 22 1 1 8 1 1 10 26 |
7896: 1 1 12 1 1 1 1 1 7 1 1 4 6 1 9 5 |14 11 1 1 3 1 1 1 2 1 2 14 14 2 1 1 |5 1 9 12 7 4 4 12 2 1 1 4 1 3 1 8 |1 1 16 2 16 1 1 19 11 9 6 15 7 38 45 9 |1 1 1 1 1 8 1 1 3 13 1 3 5 1 1 1 |2 11 1 7 1 1 1 12 5 1 1 2 4 5 3 9 |4 8 5 1 1 1 1 2 1 2 6 18 16 1 1 1 |6 6 1 1 3 2 8 8 10 1 1 1 1 1 5 16 |3 2 1 16 10 1 2 13 10 2 3 20 1 1 4 3 |7 1 17 8 1 1 1 3 1 5 15 1 7 2 1 11 |9 23 20 8 16 13 3 1 3 17 17 8 16 1 6 1 |11 153 198 31 3 1 10 11 22 1 1 8 1 1 10 26 |
7906: 1 1 12 1 1 1 1 1 7 1 1 4 6 1 9 5 |14 11 1 1 3 1 1 1 2 1 2 14 14 2 1 1 |5 1 9 12 7 4 4 12 2 1 1 4 1 3 1 8 |1 1 16 2 16 1 1 19 11 9 6 15 7 38 45 9 |1 1 1 1 1 8 1 1 3 13 1 3 5 1 1 1 |2 11 1 7 1 1 1 12 5 1 1 2 4 5 3 9 |4 8 5 1 1 1 1 2 1 2 6 18 16 1 1 1 |6 6 1 1 3 2 8 8 10 1 1 1 1 1 5 16 |3 2 1 16 10 1 2 13 10 2 3 20 1 1 4 3 |7 1 17 8 1 1 1 3 1 5 15 1 7 2 1 11 |9 23 20 8 16 13 3 1 3 17 17 8 16 1 6 1 |11 153 198 31 3 1 10 11 22 1 1 8 1 1 10 26 |
7917: 1 1 12 1 1 1 1 1 7 1 1 4 6 1 9 5 |14 11 1 1 3 1 1 1 2 1 2 14 14 2 1 1 |5 1 9 12 7 4 4 12 2 1 1 4 1 3 1 8 |1 1 16 2 16 1 1 19 11 9 6 15 7 38 45 9 |1 1 1 1 1 8 1 1 3 13 1 3 5 1 1 1 |2 11 1 7 1 1 1 12 5 1 1 2 4 5 3 9 |4 8 5 1 1 1 1 2 1 2 6 18 16 1 1 1 |6 6 1 1 3 2 8 8 10 1 1 1 1 1 5 16 |3 2 1 16 10 1 2 13 10 2 3 20 1 1 4 3 |7 1 17 8 1 1 1 3 1 5 15 1 7 2 1 11 |9 23 20 8 16 13 3 1 3 17 17 8 16 1 6 1 |11 153 198 31 3 1 10 11 22 1 1 8 1 1 10 26 |
7927: 1 1 12 1 1 1 1 1 7 1 1 4 6 1 9 5 |14 11 1 1 3 1 1 1 2 1 2 14 14 2 1 1 |5 1 9 12 7 4 4 12 2 1 1 4 1 3 1 8 |1 1 16 2 16 1 1 19 11 9 6 15 7 38 45 9 |1 1 3 2 1 7 1 2 7 5 1 4 12 1 1 1 |2 11 1 7 1 1 1 12 5 1 1 2 4 5 3 9 |4 8 5 1 1 1 1 2 1 2 6 18 16 1 1 1 |6 6 1 1 3 2 8 8 10 1 1 1 1 1 5 16 |3 2 1 16 10 1 2 13 10 2 3 20 1 1 4 3 |7 1 17 8 1 1 1 3 1 5 15 1 7 2 1 11 |9 23 20 8 16 13 3 1 3 17 17 8 16 1 6 1 |11 153 198 31 3 1 10 11 22 1 1 8 1 1 10 26 |
7938: 1 1 12 1 1 1 1 1 7 1 1 4 6 1 9 5 |14 11 1 1 3 1 1 1 2 1 2 14 14 2 1 1 |5 1 9 12 7 4 4 12 2 1 1 4 1 3 1 8 |1 1 16 2 16 1 1 19 11 9 6 15 7 38 45 9 |1 1 3 2 1 7 1 2 7 5 1 4 12 1 1 1 |2 11 1 7 1 1 1 12 5 1 1 2 4 5 3 9 |4 8 5 1 1 1 1 2 1 2 6 18 16 1 1 1 |6 6 1 1 3 2 8 8 10 1 1 1 1 1 5 16 |3 2 1 16 10 1 2 13 10 2 3 20 1 1 4 3 |7 1 17 8 1 1 1 3 1 5 15 1 7 2 1 11 |9 23 20 8 16 13 3 1 3 17 17 8 16 1 6 1 |11 153 198 31 3 1 10 11 22 1 1 8 1 1 10 26 |
7948: 1 1 12 1 1 1 1 1 7 1 1 4 6 1 9 5 |14 11 1 1 3 1 1 1 2 1 2 14 14 2 1 1 |5 1 9 12 7 4 4 12 2 1 1 4 1 3 1 8 |1 1 16 2 16 1 1 19 11 9 6 15 7 38 45 9 |1 1 3 2 1 7 1 2 7 5 1 4 12 1 1 1 |2 11 1 7 1 1 1 12 5 1 1 2 4 5 3 9 |4 8 5 1 1 1 1 2 1 2 6 18 16 1 1 1 |6 6 1 1 3 2 8 8 10 1 1 1 1 1 5 16 |3 2 1 16 10 1 2 13 10 2 3 20 1 1 4 3 |7 1 17 8 1 1 1 3 1 5 15 1 7 2 1 11 |9 23 20 8 16 13 3 1 3 17 17 8 16 1 6 1 |11 153 198 31 3 1 10 11 22 1 1 8 1 1 10 26 |
7959: 1 1 12 1 1 1 1 1 7 1 1 4 6 1 9 5 |14 11 1 1 3 1 1 1 2 1 2 14 14 2 1 1 |5 1 9 12 7 4 4 12 2 1 1 4 1 3 1 8 |1 1 16 2 16 1 1 19 11 9 6 15 7 38 45 9 |1 1 3 2 1 7 1 2 7 5 1 4 12 1 1 1 |2 11 1 7 1 1 1 12 5 1 1 2 4 5 3 9 |4 8 5 1 1 1 1 2 1 2 6 18 16 1 1 1 |6 6 1 1 3 2 8 8 10 1 1 1 1 1 5 16 |3 2 1 16 10 1 2 13 10 2 3 20 1 1 4 3 |7 1 17 8 1 1 1 3 1 5 15 1 7 2 1 11 |9 23 20 8 16 13 3 1 3 17 17 8 16 1 6 1 |11 153 198 31 3 1 10 11 22 1 1 8 1 1 10 26 |
7970: 1 1 12 1 1 1 1 1 7 1 1 4 6 1 9 5 |14 11 1 1 3 1 1 1 2 1 2 14 14 2 1 1 |5 1 9 12 7 4 4 12 2 1 1 4 1 3 1 8 |1 1 16 2 16 1 1 19 11 9 6 15 7 38 45 9 |1 1 3 2 1 7 1 2 7 5 1 4 12 1 1 1 |2 11 1 7 1 1 1 12 5 1 1 2 4 5 3 9 |4 8 5 1 1 1 1 2 1 2 6 18 16 1 1 1 |6 6 1 1 3 2 8 8 10 1 1 1 1 1 5 16 |3 2 1 16 10 1 2 13 10 2 3 20 1 1 4 3 |7 1 17 8 1 1 1 3 1 5 15 1 7 2 1 11 |9 23 20 8 16 13 3 1 3 17 17 8 16 1 6 1 |11 153 198 31 3 1 10 11 22 1 1 8 1 1 10 26 |
7980: 1 1 12 1 1 1 1 1 7 1 1 4 6 1 9 5 |14 11 1 1 3 1 1 1 2 1 2 14 14 2 1 1 |5 1 9 12 7 4 4 12 2 1 1 4 1 3 1 8 |1 1 16 2 16 1 1 19 11 9 6 15 7 38 45 9 |1 1 3 2 1 7 1 2 7 5 1 4 12 1 1 1 |2 11 1 7 1 1 1 12 5 1 1 2 4 5 3 9 |4 8 5 1 1 1 1 2 1 2 6 18 16 1 1 1 |6 6 1 1 3 2 8 8 10 1 1 1 1 1 5 16 |3 2 1 16 10 1 2 13 10 2 3 20 1 1 4 3 |7 1 17 8 1 1 1 3 1 5 15 1 7 2 1 11 |9 23 20 8 16 13 3 1 3 17 17 8 16 1 6 1 |11 153 198 31 3 1 10 11 22 1 1 8 1 1 10 26 |
7991: 1 1 12 1 1 1 1 1 7 1 1 4 6 1 9 5 |14 11 1 1 3 1 1 1 2 1 2 14 14 2 1 1 |6 1 1 2 9 4 4 18 1 2 1 6 1 4 1 4 |1 1 16 2 16 1 1 19 11 9 6 15 7 38 45 9 |1 1 3 2 1 7 1 2 7 5 1 4 12 1 1 1 |2 11 1 7 1 1 1 12 5 1 1 2 4 5 3 9 |4 8 5 1 1 1 1 2 1 2 6 18 16 1 1 1 |6 6 1 1 3 2 8 8 10 1 1 1 1 1 5 16 |3 2 1 16 10 1 2 13 10 2 3 20 1 1 4 3 |7 1 17 8 1 1 1 3 1 5 15 1 7 2 1 11 |9 23 20 8 16 13 3 1 3 17 17 8 16 1 6 1 |11 153 198 31 3 1 10 11 22 1 1 8 1 1 10 26 |
8001: 1 1 12 1 1 1 1 1 7 1 1 4 6 1 9 5 |14 11 1 1 3 1 1 1 2 1 2 14 14 2 1 1 |6 1 1 2 9 4 4 18 1 2 1 6 1 4 1 4 |1 2 16 1 7 1 1 19 11 6 14 1 1 4 2 1 |1 1 3 2 1 7 1 2 7 5 1 4 12 1 1 1 |2 11 1 7 1 1 1 12 5 1 1 2 4 5 3 9 |4 8 5 1 1 1 1 2 1 2 6 18 16 1 1 1 |6 6 1 1 3 2 8 8 10 1 1 1 1 1 5 16 |3 2 1 16 10 1 2 13 10 2 3 20 1 1 4 3 |7 1 17 8 1 1 1 3 1 5 15 1 7 2 1 11 |9 23 20 8 16 13 3 1 3 17 17 8 16 1 6 1 |11 153 198 31 3 1 10 11 22 1 1 8 1 1 10 26 |
8012: 1 1 12 1 1 1 1 1 7 1 1 4 6 1 9 5 |14 11 1 1 3 1 1 1 2 1 2 14 14 2 1 1 |6 1 1 2 9 4 4 18 1 2 1 6 1 4 1 4 |1 2 16 1 7 1 1 19 11 6 14 1 1 4 2 1 |1 1 3 2 1 7 1 2 7 5 1 4 12 1 1 1 |2 11 1 7 1 1 1 12 5 1 1 2 4 5 3 9 |4 8 5 1 1 1 1 2 1 2 6 18 16 1 1 1 |6 6 1 1 3 2 8 8 10 1 1 1 1 1 5 16 |3 2 1 16 10 1 2 13 10 2 3 20 1 1 4 3 |7 1 17 8 1 1 1 3 1 5 15 1 7 2 1 11 |9 23 20 8 16 13 3 1 3 17 17 8 16 1 6 1 |11 153 198 31 3 1 10 11 22 1 1 8 1 1 10 26 |
8023: 1 1 12 1 1 1 1 1 7 1 1 4 6 1 9 5 |14 11 1 1 3 1 1 1 2 1 2 14 14 2 1 1 |6 1 1 2 9 4 4 18 1 2 1 6 1 4 1 4 |1 2 16 1 7 1 1 19 11 6 14 1 1 4 2 1 |1 1 3 2 1 7 1 2 7 5 1 4 12 1 1 1 |2 11 1 7 1 1 1 12 5 1 1 2 4 5 3 9 |4 8 5 1 1 1 1 2 1 2 6 18 16 1 1 1 |6 6 1 1 3 2 8 8 10 1 1 1 1 1 5 16 |3 2 1 16 10 1 2 13 10 2 3 20 1 1 4 3 |7 1 17 8 1 1 1 3 1 5 15 1 7 2 1 11 |9 23 20 8 16 13 3 1 3 17 17 8 16 1 6 1 |11 153 198 31 3 1 10 11 22 1 1 8 1 1 10 26 |
8034: 1 1 12 1 1 1 1 1 7 1 1 4 6 1 9 5 |14 11 1 1 3 1 1 1 2 1 2 14 14 2 1 1 |6 1 1 2 9 4 4 18 1 2 1 6 1 4 1 4 |1 2 16 1 7 1 1 19 11 6 14 1 1 4 2 1 |1 1 3 2 1 7 1 2 7 5 1 4 12 1 1 1 |2 11 1 7 1 1 1 12 5 1 1 2 4 5 3 9 |4 8 5 1 1 1 1 2 1 2 6 18 16 1 1 1 |6 6 1 1 3 2 8 8 10 1 1 1 1 1 5 16 |10 1 1 1 1 2 15 1 4 1 1 14 2 1 3 1 |7 1 17 8 1 1 1 3 1 5 15 1 7 2 1 11 |9 23 20 8 16 13 3 1 3 17 17 8 16 1 6 1 |11 153 198 31 3 1 10 11 22 1 1 8 1 1 10 26 |
8044: 1 1 12 1 1 1 1 1 7 1 1 4 6 1 9 5 |14 11 1 1 3 1 1 1 2 1 2 14 14 2 1 1 |6 1 1 2 9 4 4 18 1 2 1 6 1 4 1 4 |1 2 16 1 7 1 1 19 11 6 14 1 1 4 2 1 |1 1 3 2 1 7 1 2 7 5 1 4 12 1 1 1 |2 11 1 7 1 1 1 12 5 1 1 2 4 5 3 9 |4 8 5 1 1 1 1 2 1 2 6 18 16 1 1 1 |6 6 1 1 3 2 8 8 10 1 1 1 1 1 5 16 |10 1 1 1 1 2 15 1 4 1 1 14 2 1 3 1 |1 9 14 9 1 1 1 1 2 4 14 1 7 2 2 11 |9 23 20 8 16 13 3 1 3 17 17 8 16 1 6 1 |11 153 198 31 3 1 10 11 22 1 1 8 1 1 10 26 |
8054: 1 1 12 1 1 1 1 1 7 1 1 4 6 1 9 5 |14 11 1 1 3 1 1 1 2 1 2 14 14 2 1 1 |6 1 1 2 9 4 4 18 1 2 1 6 1 4 1 4 |1 2 16 1 7 1 1 19 11 6 14 1 1 4 2 1 |1 1 3 2 1 7 1 2 7 5 1 4 12 1 1 1 |2 11 1 7 1 1 1 12 5 1 1 2 4 5 3 9 |4 8 5 1 1 1 1 2 1 2 6 18 16 1 1 1 |6 6 1 1 3 2 8 8 10 1 1 1 1 1 5 16 |10 1 1 1 1 2 15 1 4 1 1 14 2 1 3 1 |1 9 14 9 1 1 1 1 2 4 14 1 7 2 2 11 |9 23 20 8 16 13 3 1 3 17 17 8 16 1 6 1 |11 153 198 31 3 1 10 11 22 1 1 8 1 1 10 26 |
8064: 1 1 12 1 1 1 1 1 7 1 1 4 6 1 9 5 |14 11 1 1 3 1 1 1 2 1 2 14 14 2 1 1 |6 1 1 2 9 4 4 18 1 2 1 6 1 4 1 4 |1 2 16 1 7 1 1 19 11 6 14 1 1 4 2 1 |1 1 3 2 1 7 1 2 7 5 1 4 12 1 1 1 |2 11 1 7 1 1 1 12 5 1 1 2 4 5 3 9 |4 8 5 1 1 1 1 2 1 2 6 18 16 1 1 1 |6 6 1 1 3 2 8 8 10 1 1 1 1 1 5 16 |10 1 1 1 1 2 15 1 4 1 1 14 2 1 3 1 |1 9 14 9 1 1 1 1 2 4 14 1 7 2 2 11 |9 23 20 8 16 13 3 1 3 17 17 8 16 1 6 1 |11 153 198 31 3 1 10 11 22 1 1 8 1 1 10 26 |
8075: 1 1 12 1 1 1 1 1 7 1 1 4 6 1 9 5 |14 11 1 1 3 1 1 1 2 1 2 14 14 2 1 1 |6 1 1 2 9 4 4 18 1 2 1 6 1 4 1 4 |1 2 16 1 7 1 1 19 11 6 14 1 1 4 2 1 |1 1 3 2 1 7 1 2 7 5 1 4 12 1 1 1 |2 11 1 7 1 1 1 12 5 1 1 2 4 5 3 9 |4 8 5 1 1 1 1 2 1 2 6 18 16 1 1 1 |6 6 1 1 3 2 8 8 10 1 1 1 1 1 5 16 |10 1 1 1 1 2 15 1 4 1 1 14 2 1 3 1 |1 9 14 9 1 1 1 1 2 4 14 1 7 2 2 11 |9 23 20 8 16 13 3 1 3 17 17 8 16 1 6 1 |11 153 198 31 3 1 10 11 22 1 1 8 1 1 10 26 |
8086: 1 1 12 1 1 1 1 1 7 1 1 4 6 1 9 5 |14 11 1 1 3 1 1 1 2 1 2 14 14 2 1 1 |6 1 1 2 9 4 4 18 1 2 1 6 1 4 1 4 |1 2 16 1 7 1 1 19 11 6 14 1 1 4 2 1 |1 1 3 2 1 7 1 2 7 5 1 4 12 1 1 1 |2 11 1 7 1 1 1 12 5 1 1 2 4 5 3 9 |4 8 5 1 1 1 1 2 1 2 6 18 16 1 1 1 |6 6 1 1 3 2 8 8 10 1 1 1 1 1 5 16 |10 1 1 1 1 2 15 1 4 1 1 14 2 1 3 1 |1 9 14 9 1 1 1 1 2 4 14 1 7 2 2 11 |9 23 20 8 16 13 3 1 3 17 17 8 16 1 6 1 |11 153 198 31 3 1 10 11 22 1 1 8 1 1 10 26 |
8097: 1 1 12 1 1 1 1 1 7 1 1 4 6 1 9 5 |14 11 1 1 3 1 1 1 2 1 2 14 14 2 1 1 |6 1 1 2 9 4 4 18 1 2 1 6 1 4 1 4 |1 2 16 1 7 1 1 19 11 6 14 1 1 4 2 1 |1 1 3 2 1 7 1 2 7 5 1 4 12 1 1 1 |2 11 1 7 1 1 1 12 5 1 1 2 4 5 3 9 |4 8 5 1 1 1 1 2 1 2 6 18 16 1 1 1 |6 6 1 1 3 2 8 8 10 1 1 1 1 1 5 16 |10 1 1 1 1 2 15 1 4 1 1 14 2 1 3 1 |1 9 14 9 1 1 1 1 2 4 14 1 7 2 2 11 |9 23 20 8 16 13 3 1 3 17 17 8 16 1 6 1 |11 153 198 31 3 1 10 11 22 1 1 8 1 1 10 26 |
8108: 1 1 12 1 1 1 1 1 7 1 1 4 6 1 9 5 |14 11 1 1 3 1 1 1 2 1 2 14 14 2 1 1 |6 1 1 2 9 4 4 18 1 2 1 6 1 4 1 4 |1 2 16 1 7 1 1 19 11 6 14 1 1 4 2 1 |1 1 3 2 1 7 1 2 7 5 1 4 12 1 1 1 |2 11 1 7 1 1 1 12 5 1 1 2 4 5 3 9 |4 8 5 1 1 1 1 2 1 2 6 18 16 1 1 1 |6 6 1 1 3 2 8 8 10 1 1 1 1 1 5 16 |10 1 1 1 1 2 15 1 4 1 1 14 2 1 3 1 |1 9 14 9 1 1 1 1 2 4 14 1 7 2 2 11 |9 23 20 8 16 13 3 1 3 17 17 8 16 1 6 1 |11 153 198 31 3 1 10 11 22 1 1 8 1 1 10 26 |
8119: 1 1 12 1 1 1 1 1 7 1 1 4 6 1 9 5 |14 11 1 1 3 1 1 1 2 1 2 14 14 2 1 1 |6 1 1 2 9 4 4 18 1 2 1 6 1 4 1 4 |1 2 16 1 7 1 1 19 11 6 14 1 1 4 2 1 |1 1 3 2 1 7 1 2 7 5 1 4 12 1 1 1 |2 11 1 7 1 1 1 12 5 1 1 2 4 5 3 9 |4 8 5 1 1 1 1 2 1 2 6 18 16 1 1 1 |6 6 1 1 3 2 8 8 10 1 1 1 1 1 5 16 |10 1 1 1 1 2 15 1 4 1 1 14 2 1 3 1 |1 9 14 9 1 1 1 1 2 4 14 1 7 2 2 11 |9 23 20 8 16 13 3 1 3 17 17 8 16 1 6 1 |11 153 198 31 3 1 10 11 22 1 1 8 1 1 10 26 |
8129: 1 1 12 1 1 1 1 1 7 1 1 4 6 1 9 5 |14 11 1 1 3 1 1 1 2 1 2 14 14 2 1 1 |1 2 7 1 10 4 2 16 3 2 1 6 1 3 1 6 |1 2 16 1 7 1 1 19 11 6 14 1 1 4 2 1 |1 1 3 2 1 7 1 2 7 5 1 4 12 1 1 1 |2 11 1 7 1 1 1 12 5 1 1 2 4 5 3 9 |4 8 5 1 1 1 1 2 1 2 6 18 16 1 1 1 |6 6 1 1 3 2 8 8 10 1 1 1 1 1 5 16 |10 1 1 1 1 2 15 1 4 1 1 14 2 1 3 1 |1 9 14 9 1 1 1 1 2 4 14 1 7 2 2 11 |9 23 20 8 16 13 3 1 3 17 17 8 16 1 6 1 |11 153 198 31 3 1 10 11 22 1 1 8 1 1 10 26 |
8140: 1 1 12 1 1 1 1 1 7 1 1 4 6 1 9 5 |14 11 1 1 3 1 1 1 2 1 2 14 14 2 1 1 |1 2 7 1 10 4 2 16 3 2 1 6 1 3 1 6 |1 8 16 1 16 1 1 15 13 8 12 4 1 3 2 2 |1 1 3 2 1 7 1 2 7 5 1 4 12 1 1 1 |2 11 1 7 1 1 1 12 5 1 1 2 4 5 3 9 |4 8 5 1 1 1 1 2 1 2 6 18 16 1 1 1 |6 6 1 1 3 2 8 8 10 1 1 1 1 1 5 16 |10 1 1 1 1 2 15 1 4 1 1 14 2 1 3 1 |1 9 14 9 1 1 1 1 2 4 14 1 7 2 2 11 |9 23 20 8 16 13 3 1 3 17 17 8 16 1 6 1 |11 153 198 31 3 1 10 11 22 1 1 8 1 1 10 26 |
8151: 1 1 12 1 1 1 1 1 7 1 1 4 6 1 9 5 |14 11 1 1 3 1 1 1 2 1 2 14 14 2 1 1 |1 2 7 1 10 4 2 16 3 2 1 6 1 3 1 6 |1 8 16 1 16 1 1 15 13 8 12 4 1 3 2 2 |1 1 3 2 1 7 1 2 7 5 1 4 12 1 1 1 |2 11 1 7 1 1 1 12 5 1 1 2 4 5 3 9 |4 8 5 1 1 1 1 2 1 2 6 18 16 1 1 1 |6 6 1 1 3 2 8 8 10 1 1 1 1 1 5 16 |10 1 1 1 1 2 15 1 4 1 1 14 2 1 3 1 |1 9 14 9 1 1 1 1 2 4 14 1 7 2 2 11 |9 23 20 8 16 13 3 1 3 17 17 8 16 1 6 1 |11 153 198 31 3 1 10 11 22 1 1 8 1 1 10 26 |
8162: 1 1 12 1 1 1 1 1 7 1 1 4 6 1 9 5 |14 11 1 1 3 1 1 1 2 1 2 14 14 2 1 1 |1 2 7 1 10 4 2 16 3 2 1 6 1 3 1 6 |1 8 16 1 16 1 1 15 13 8 12 4 1 3 2 2 |1 1 3 2 1 7 1 2 7 5 1 4 12 1 1 1 |2 11 1 7 1 1 1 12 5 1 1 2 4 5 3 9 |4 8 5 1 1 1 1 2 1 2 6 18 16 1 1 1 |6 6 1 1 3 2 8 8 10 1 1 1 1 1 5 16 |10 1 1 1 1 2 15 1 4 1 1 14 2 1 3 1 |1 9 14 9 1 1 1 1 2 4 14 1 7 2 2 11 |9 23 20 8 16 13 3 1 3 17 17 8 16 1 6 1 |11 153 198 31 3 1 10 11 22 1 1 8 1 1 10 26 |
8173: 1 1 12 1 1 1 1 1 7 1 1 4 6 1 9 5 |14 11 1 1 3 1 1 1 2 1 2 14 14 2 1 1 |1 2 7 1 10 4 2 16 3 2 1 6 1 3 1 6 |1 8 16 1 16 1 1 15 13 8 12 4 1 3 2 2 |1 1 3 2 1 7 1 2 7 5 1 4 12 1 1 1 |2 11 1 7 1 1 1 12 5 1 1 2 4 5 3 9 |4 8 5 1 1 1 1 2 1 2 6 18 16 1 1 1 |6 6 1 1 3 2 8 8 10 1 1 1 1 1 5 16 |10 1 1 1 1 2 15 1 4 1 1 14 2 1 3 1 |5 1 16 6 1 1 1 1 1 5 15 1 7 2 14 11 |9 23 20 8 16 13 3 1 3 17 17 8 16 1 6 1 |11 153 198 31 3 1 10 11 22 1 1 8 1 1 10 26 |
8184: 1 1 12 1 1 1 1 1 7 1 1 4 6 1 9 5 |14 11 1 1 3 1 1 1 2 1 2 14 14 2 1 1 |1 2 7 1 10 4 2 16 3 2 1 6 1 3 1 6 |1 8 16 1 16 1 1 15 13 8 12 4 1 3 2 2 |1 1 3 2 1 7 1 2 7 5 1 4 12 1 1 1 |2 11 1 7 1 1 1 12 5 1 1 2 4 5 3 9 |4 8 5 1 1 1 1 2 1 2 6 18 16 1 1 1 |6 6 1 1 3 2 8 8 10 1 1 1 1 1 5 16 |10 1 1 1 1 2 15 1 4 1 1 14 2 1 3 1 |5 1 16 6 1 1 1 1 1 5 15 1 7 2 14 11 |9 23 20 8 16 13 3 1 3 17 17 8 16 1 6 1 |11 153 198 31 3 1 10 11 22 1 1 8 1 1 10 26 |
8195: 1 1 12 1 1 1 1 1 7 1 1 4 6 1 9 5 |14 11 1 1 3 1 1 1 2 1 2 14 14 2 1 1 |1 2 7 1 10 4 2 16 3 2 1 6 1 3 1 6 |1 8 16 1 16 1 1 15 13 8 12 4 1 3 2 2 |1 1 3 2 1 7 1 2 7 5 1 4 12 1 1 1 |2 11 1 7 1 1 1 12 5 1 1 2 4 5 3 9 |4 8 5 1 1 1 1 2 1 2 6 18 16 1 1 1 |6 6 1 1 3 2 8 8 10 1 1 1 1 1 5 16 |10 1 1 1 1 2 15 1 4 1 1 14 2 1 3 1 |5 1 16 6 1 1 1 1 1 5 15 1 7 2 14 11 |9 23 20 8 16 13 3 1 3 17 17 8 16 1 6 1 |11 153 198 31 3 1 10 11 22 1 1 8 1 1 10 26 |
8205: 1 1 12 1 1 1 1 1 7 1 1 4 6 1 9 5 |14 11 1 1 3 1 1 1 2 1 2 14 14 2 1 1 |1 2 7 1 10 4 2 16 3 2 1 6 1 3 1 6 |1 8 16 1 16 1 1 15 13 8 12 4 1 3 2 2 |1 1 3 2 1 7 1 2 7 5 1 4 12 1 1 1 |2 11 1 7 1 1 1 12 5 1 1 2 4 5 3 9 |4 8 5 1 1 1 1 2 1 2 6 18 16 1 1 1 |6 6 1 1 3 2 8 8 10 1 1 1 1 1 5 16 |10 1 1 1 1 2 15 1 4 1 1 14 2 1 3 1 |5 1 16 9 1 1 1 1 1 4 14 1 1 1 14 19 |9 23 20 8 16 13 3 1 3 17 17 8 16 1 6 1 |11 153 198 31 3 1 10 11 22 1 1 8 1 1 10 26 |
8216: 1 1 12 1 1 1 1 1 7 1 1 4 6 1 9 5 |14 11 1 1 3 1 1 1 2 1 2 14 14 2 1 1 |1 2 7 1 10 4 2 16 3 2 1 6 1 3 1 6 |1 8 16 1 16 1 1 15 13 8 12 4 1 3 2 2 |1 1 3 2 1 7 1 2 7 5 1 4 12 1 1 1 |2 11 1 7 1 1 1 12 5 1 1 2 4 5 3 9 |4 8 5 1 1 1 1 2 1 2 6 18 16 1 1 1 |6 6 1 1 3 2 8 8 10 1 1 1 1 1 5 16 |10 1 1 1 1 2 15 1 4 1 1 14 2 1 3 1 |5 1 16 9 1 1 1 1 1 4 14 1 1 1 14 19 |9 23 20 8 16 13 3 1 3 17 17 8 16 1 6 1 |11 153 198 31 3 1 10 11 22 1 1 8 1 1 10 26 |
8226: 1 1 12 1 1 1 1 1 7 1 1 4 6 1 9 5 |14 11 1 1 3 1 1 1 2 1 2 14 14 2 1 1 |1 2 7 1 10 4 2 16 3 2 1 6 1 3 1 6 |1 8 16 1 16 1 1 15 13 8 12 4 1 3 2 2 |1 1 3 2 1 7 1 2 7 5 1 4 12 1 1 1 |2 11 1 7 1 1 1 12 5 1 1 2 4 5 3 9 |4 8 5 1 1 1 1 2 1 2 6 18 16 1 1 1 |6 6 1 1 3 2 8 8 10 1 1 1 1 1 5 16 |10 1 1 1 1 2 15 1 4 1 1 14 2 1 3 1 |5 1 16 9 1 1 1 1 1 4 14 1 1 1 14 19 |9 23 20 8 16 13 3 1 3 17 17 8 16 1 6 1 |11 153 198 31 3 1 10 11 22 1 1 8 1 1 10 26 |
8237: 1 1 12 1 1 1 1 1 7 1 1 4 6 1 9 5 |14 11 1 1 3 1 1 1 2 1 2 14 14 2 1 1 |1 2 7 1 10 4 2 16 3 2 1 6 1 3 1 6 |1 8 16 1 16 1 1 15 13 8 12 4 1 3 2 2 |1 1 3 2 1 7 1 2 7 5 1 4 12 1 1 1 |2 11 1 7 1 1 1 12 5 1 1 2 4 5 3 9 |4 8 5 1 1 1 1 2 1 2 6 18 16 1 1 1 |6 6 1 1 3 2 8 8 10 1 1 1 1 1 5 16 |10 1 1 1 1 2 15 1 4 1 1 14 2 1 3 1 |6 1 16 7 1 1 1 1 1 2 14 1 7 3 14 18 |9 23 20 8 16 13 3 1 3 17 17 8 16 1 6 1 |11 153 198 31 3 1 10 11 22 1 1 8 1 1 10 26 |
8247: 1 1 12 1 1 1 1 1 7 1 1 4 6 1 9 5 |14 11 1 1 3 1 1 1 2 1 2 14 14 2 1 1 |1 2 7 1 10 4 2 16 3 2 1 6 1 3 1 6 |1 8 16 1 16 1 1 15 13 8 12 4 1 3 2 2 |1 1 3 2 1 7 1 2 7 5 1 4 12 1 1 1 |2 11 1 7 1 1 1 12 5 1 1 2 4 5 3 9 |4 8 5 1 1 1 1 2 1 2 6 18 16 1 1 1 |6 6 1 1 3 2 8 8 10 1 1 1 1 1 5 16 |10 1 1 1 1 2 15 1 4 1 1 14 2 1 3 1 |6 1 16 7 1 1 1 1 1 2 14 1 7 3 14 18 |81 22 1 23 11 16 1 9 1 18 18 9 12 1 18 6 |11 153 198 31 3 1 10 11 22 1 1 8 1 1 10 26 |
8257: 1 1 12 1 1 1 1 1 7 1 1 4 6 1 9 5 |14 11 1 1 3 1 1 1 2 1 2 14 14 2 1 1 |1 2 7 1 10 4 2 16 3 2 1 6 1 3 1 6 |1 8 16 1 16 1 1 15 13 8 12 4 1 3 2 2 |1 1 3 2 1 7 1 2 7 5 1 4 12 1 1 1 |2 11 1 7 1 1 1 12 5 1 1 2 4 5 3 9 |4 8 5 1 1 1 1 2 1 2 6 18 16 1 1 1 |6 6 1 1 3 2 8 8 10 1 1 1 1 1 5 16 |10 1 1 1 1 2 15 1 4 1 1 14 2 1 3 1 |6 1 16 7 1 1 1 1 1 2 14 1 7 3 14 18 |81 22 1 23 11 16 1 9 1 18 18 9 12 1 18 6 |11 153 198 31 3 1 10 11 22 1 1 8 1 1 10 26 |
8269: 1 1 12 1 1 1 1 1 7 1 1 4 6 1 9 5 |14 11 1 1 3 1 1 1 2 1 2 14 14 2 1 1 |1 2 7 1 10 4 2 16 3 2 1 6 1 3 1 6 |1 8 16 1 16 1 1 15 13 8 12 4 1 3 2 2 |1 1 3 2 1 7 1 2 7 5 1 4 12 1 1 1 |2 11 1 7 1 1 1 12 5 1 1 2 4 5 3 9 |4 8 5 1 1 1 1 2 1 2 6 18 16 1 1 1 |6 6 1 1 3 2 8 8 10 1 1 1 1 1 5 16 |9 1 1 17 15 2 16 7 17 9 2 14 2 2 3 5 |6 1 16 7 1 1 1 1 1 2 14 1 7 3 14 18 |81 22 1 23 11 16 1 9 1 18 18 9 12 1 18 6 |11 153 198 31 3 1 10 11 22 1 1 8 1 1 10 26 |
8279: 1 1 12 1 1 1 1 1 7 1 1 4 6 1 9 5 |14 11 1 1 3 1 1 1 2 1 2 14 14 2 1 1 |1 2 7 1 10 4 2 16 3 2 1 6 1 3 1 6 |1 8 16 1 16 1 1 15 13 8 12 4 1 3 2 2 |1 1 3 2 1 7 1 2 7 5 1 4 12 1 1 1 |2 11 1 7 1 1 1 12 5 1 1 2 4 5 3 9 |4 8 5 1 1 1 1 2 1 2 6 18 16 1 1 1 |6 6 1 1 3 2 8 8 10 1 1 1 1 1 5 16 |9 1 1 17 15 2 16 7 17 9 2 14 2 2 3 5 |6 1 16 7 1 1 1 1 1 2 14 1 7 3 14 18 |81 22 1 23 11 16 1 9 1 18 18 9 12 1 18 6 |11 153 198 31 3 1 10 11 22 1 1 8 1 1 10 26 |
8290: 1 1 12 1 1 1 1 1 7 1 1 4 6 1 9 5 |14 11 1 1 3 1 1 1 2 1 2 14 14 2 1 1 |1 2 7 1 10 4 2 16 3 2 1 6 1 3 1 6 |1 8 16 1 16 1 1 15 13 8 12 4 1 3 2 2 |1 1 3 2 1 7 1 2 7 5 1 4 12 1 1 1 |2 11 1 7 1 1 1 12 5 1 1 2 4 5 3 9 |4 8 5 1 1 1 1 2 1 2 6 18 16 1 1 1 |6 6 1 1 3 2 8 8 10 1 1 1 1 1 5 16 |9 1 1 17 15 2 16 7 17 9 2 14 2 2 3 5 |6 1 16 7 1 1 1 1 1 2 14 1 7 3 14 18 |81 22 1 23 11 16 1 9 1 18 18 9 12 1 18 6 |11 153 198 31 3 1 10 11 22 1 1 8 1 1 10 26 |
8300: 1 1 12 1 1 1 1 1 7 1 1 4 6 1 9 5 |14 11 1 1 3 1 1 1 2 1 2 14 14 2 1 1 |1 2 7 1 10 4 2 16 3 2 1 6 1 3 1 6 |1 8 16 1 16 1 1 15 13 8 12 4 1 3 2 2 |1 1 3 2 1 7 1 2 7 5 1 4 12 1 1 1 |2 11 1 7 1 1 1 12 5 1 1 2 4 5 3 9 |4 8 5 1 1 1 1 2 1 2 6 18 16 1 1 1 |6 6 1 1 3 2 8 8 10 1 1 1 1 1 5 16 |11 1 1 16 18 2 16 1 17 8 2 18 2 4 3 6 |6 1 16 7 1 1 1 1 1 2 14 1 7 3 14 18 |81 22 1 23 11 16 1 9 1 18 18 9 12 1 18 6 |11 153 198 31 3 1 10 11 22 1 1 8 1 1 10 26 |
8312: 1 1 12 1 1 1 1 1 7 1 1 4 6 1 9 5 |14 11 1 1 3 1 1 1 2 1 2 14 14 2 1 1 |1 2 7 1 10 4 2 16 3 2 1 6 1 3 1 6 |1 8 16 1 16 1 1 15 13 8 12 4 1 3 2 2 |1 1 3 2 1 7 1 2 7 5 1 4 12 1 1 1 |2 11 1 7 1 1 1 12 5 1 1 2 4 5 3 9 |4 8 5 1 1 1 1 2 1 2 6 18 16 1 1 1 |6 6 1 1 3 2 8 8 10 1 1 1 1 1 5 16 |11 1 1 16 18 2 16 1 17 8 2 18 2 4 3 6 |34 5 19 9 1 1 1 1 1 4 15 7 7 3 3 13 |81 22 1 23 11 16 1 9 1 18 18 9 12 1 18 6 |11 153 198 31 3 1 10 11 22 1 1 8 1 1 10 26 |
8322: 1 1 12 1 1 1 1 1 7 1 1 4 6 1 9 5 |14 11 1 1 3 1 1 1 2 1 2 14 14 2 1 1 |1 2 7 1 10 4 2 16 3 2 1 6 1 3 1 6 |1 8 16 1 16 1 1 15 13 8 12 4 1 3 2 2 |1 1 3 2 1 7 1 2 7 5 1 4 12 1 1 1 |2 11 1 7 1 1 1 12 5 1 1 2 4 5 3 9 |4 8 5 1 1 1 1 2 1 2 6 18 16 1 1 1 |6 6 1 1 3 2 8 8 10 1 1 1 1 1 5 16 |11 1 1 16 18 2 16 1 17 8 2 18 2 4 3 6 |34 5 19 9 1 1 1 1 1 4 15 7 7 3 3 13 |81 22 1 23 11 16 1 9 1 18 18 9 12 1 18 6 |11 153 198 31 3 1 10 11 22 1 1 8 1 1 10 26 |
8333: 1 1 12 1 1 1 1 1 7 1 1 4 6 1 9 5 |14 11 1 1 3 1 1 1 2 1 2 14 14 2 1 1 |1 2 7 1 10 4 2 16 3 2 1 6 1 3 1 6 |1 8 16 1 16 1 1 15 13 8 12 4 1 3 2 2 |1 1 3 2 1 7 1 2 7 5 1 4 12 1 1 1 |2 11 1 7 1 1 1 12 5 1 1 2 4 5 3 9 |4 8 5 1 1 1 1 2 1 2 6 18 16 1 1 1 |6 6 1 1 3 2 8 8 10 1 1 1 1 1 5 16 |11 1 1 16 18 2 16 1 17 8 2 18 2 4 3 6 |34 5 19 9 1 1 1 1 1 4 15 7 7 3 3 13 |81 22 1 23 11 16 1 9 1 18 18 9 12 1 18 6 |11 153 198 31 3 1 10 11 22 1 1 8 1 1 10 26 |
8344: 1 1 12 1 1 1 1 1 7 1 1 4 6 1 9 5 |14 11 1 1 3 1 1 1 2 1 2 14 14 2 1 1 |1 2 7 1 10 4 2 16 3 2 1 6 1 3 1 6 |1 8 16 1 16 1 1 15 13 8 12 4 1 3 2 2 |1 1 3 2 1 7 1 2 7 5 1 4 12 1 1 1 |2 11 1 7 1 1 1 12 5 1 1 2 4 5 3 9 |4 8 5 1 1 1 1 2 1 2 6 18 16 1 1 1 |6 6 1 1 3 2 8 8 10 1 1 1 1 1 5 16 |11 1 1 16 18 2 16 1 17 8 2 18 2 4 3 6 |34 5 19 9 1 1 1 1 1 4 15 7 7 3 3 13 |81 22 1 23 11 16 1 9 1 18 18 9 12 1 18 6 |11 153 198 31 3 1 10 11 22 1 1 8 1 1 10 26 |
8354: 1 1 12 1 1 1 1 1 7 1 1 4 6 1 9 5 |14 11 1 1 3 1 1 1 2 1 2 14 14 2 1 1 |1 2 7 1 10 4 2 16 3 2 1 6 1 3 1 6 |1 8 16 1 16 1 1 15 13 8 12 4 1 3 2 2 |1 1 3 2 1 7 1 2 7 5 1 4 12 1 1 1 |2 11 1 7 1 1 1 12 5 1 1 2 4 5 3 9 |4 8 5 1 1 1 1 2 1 2 6 18 16 1 1 1 |6 6 1 1 3 2 8 8 10 1 1 1 1 1 5 16 |11 1 1 16 18 2 16 1 17 8 2 18 2 4 3 6 |34 5 19 9 1 1 1 1 1 4 15 7 7 3 3 13 |81 22 1 23 11 16 1 9 1 18 18 9 12 1 18 6 |11 153 198 31 3 1 10 11 22 1 1 8 1 1 10 26 |
8364: 1 1 12 1 1 1 1 1 7 1 1 4 6 1 9 5 |14 11 1 1 3 1 1 1 2 1 2 14 14 2 1 1 |1 2 7 1 10 4 2 16 3 2 1 6 1 3 1 6 |1 8 16 1 16 1 1 15 13 8 12 4 1 3 2 2 |1 1 3 2 1 7 1 2 7 5 1 4 12 1 1 1 |1 5 3 8 2 6 1 13 5 1 1 3 4 5 4 13 |4 8 5 1 1 1 1 2 1 2 6 18 16 1 1 1 |6 6 1 1 3 2 8 8 10 1 1 1 1 1 5 16 |11 1 1 16 18 2 16 1 17 8 2 18 2 4 3 6 |34 5 19 9 1 1 1 1 1 4 15 7 7 3 3 13 |81 22 1 23 11 16 1 9 1 18 18 9 12 1 18 6 |11 153 198 31 3 1 10 11 22 1 1 8 1 1 10 26 |
8375: 1 1 12 1 1 1 1 1 7 1 1 4 6 1 9 5 |14 11 1 1 3 1 1 1 2 1 2 14 14 2 1 1 |1 2 7 1 10 4 2 16 3 2 1 6 1 3 1 6 |1 8 16 1 16 1 1 15 13 8 12 4 1 3 2 2 |1 1 3 2 1 7 1 2 7 5 1 4 12 1 1 1 |1 5 3 8 2 6 1 13 5 1 1 3 4 5 4 13 |4 8 5 1 1 1 1 2 1 2 6 18 16 1 1 1 |6 6 1 1 3 2 8 8 10 1 1 1 1 1 5 16 |11 1 1 16 18 2 16 1 17 8 2 18 2 4 3 6 |34 5 19 9 1 1 1 1 1 4 15 7 7 3 3 13 |81 22 1 23 11 16 1 9 1 18 18 9 12 1 18 6 |11 153 198 31 3 1 10 11 22 1 1 8 1 1 10 26 |
8385: 1 1 12 1 1 1 1 1 7 1 1 4 6 1 9 5 |14 11 1 1 3 1 1 1 2 1 2 14 14 2 1 1 |1 2 7 1 10 4 2 16 3 2 1 6 1 3 1 6 |1 8 16 1 16 1 1 15 13 8 12 4 1 3 2 2 |1 1 3 2 1 7 1 2 7 5 1 4 12 1 1 1 |1 5 3 8 2 6 1 13 5 1 1 3 4 5 4 13 |4 8 5 1 1 1 1 2 1 2 6 18 16 1 1 1 |6 6 1 1 3 2 8 8 10 1 1 1 1 1 5 16 |11 1 1 16 18 2 16 1 17 8 2 18 2 4 3 6 |34 5 19 9 1 1 1 1 1 4 15 7 7 3 3 13 |81 22 1 23 11 16 1 9 1 18 18 9 12 1 18 6 |11 153 198 31 3 1 10 11 22 1 1 8 1 1 10 26 |
8395: 1 1 12 1 1 1 1 1 7 1 1 4 6 1 9 5 |14 11 1 1 3 1 1 1 2 1 2 14 14 2 1 1 |1 2 7 1 10 4 2 16 3 2 1 6 1 3 1 6 |4 8 15 1 15 1 1 17 12 5 14 5 1 1 1 1 |1 1 3 2 1 7 1 2 7 5 1 4 12 1 1 1 |1 5 3 8 2 6 1 13 5 1 1 3 4 5 4 13 |4 8 5 1 1 1 1 2 1 2 6 18 16 1 1 1 |6 6 1 1 3 2 8 8 10 1 1 1 1 1 5 16 |11 1 1 16 18 2 16 1 17 8 2 18 2 4 3 6 |34 5 19 9 1 1 1 1 1 4 15 7 7 3 3 13 |81 22 1 23 11 16 1 9 1 18 18 9 12 1 18 6 |11 153 198 31 3 1 10 11 22 1 1 8 1 1 10 26 |
8406: 1 1 12 1 1 1 1 1 7 1 1 4 6 1 9 5 |14 11 1 1 3 1 1 1 2 1 2 14 14 2 1 1 |1 2 7 1 10 4 2 16 3 2 1 6 1 3 1 6 |4 8 15 1 15 1 1 17 12 5 14 5 1 1 1 1 |1 1 3 2 1 7 1 2 7 5 1 4 12 1 1 1 |1 5 3 8 2 6 1 13 5 1 1 3 4 5 4 13 |4 8 5 1 1 1 1 2 1 2 6 18 16 1 1 1 |6 6 1 1 3 2 8 8 10 1 1 1 1 1 5 16 |11 1 1 16 18 2 16 1 17 8 2 18 2 4 3 6 |34 5 19 9 1 1 1 1 1 4 15 7 7 3 3 13 |17 1 11 14 16 1 3 7 1 18 16 1 15 1 4 15 |11 153 198 31 3 1 10 11 22 1 1 8 1 1 10 26 |
8416: 1 1 12 1 1 1 1 1 7 1 1 4 6 1 9 5 |14 11 1 1 3 1 1 1 2 1 2 14 14 2 1 1 |1 2 7 1 10 4 2 16 3 2 1 6 1 3 1 6 |4 8 15 1 15 1 1 17 12 5 14 5 1 1 1 1 |1 1 3 2 1 7 1 2 7 5 1 4 12 1 1 1 |1 5 3 8 2 6 1 13 5 1 1 3 4 5 4 13 |4 8 5 1 1 1 1 2 1 2 6 18 16 1 1 1 |6 6 1 1 3 2 8 8 10 1 1 1 1 1 5 16 |11 1 1 16 18 2 16 1 17 8 2 18 2 4 3 6 |34 5 19 9 1 1 1 1 1 4 15 7 7 3 3 13 |17 1 11 14 16 1 3 7 1 18 16 1 15 1 4 15 |11 153 198 31 3 1 10 11 22 1 1 8 1 1 10 26 |
8427: 1 1 12 1 1 1 1 1 7 1 1 4 6 1 9 5 |14 11 1 1 3 1 1 1 2 1 2 14 14 2 1 1 |1 2 7 1 10 4 2 16 3 2 1 6 1 3 1 6 |4 8 15 1 15 1 1 17 12 5 14 5 1 1 1 1 |1 1 3 2 1 7 1 2 7 5 1 4 12 1 1 1 |1 5 3 8 2 6 1 13 5 1 1 3 4 5 4 13 |4 8 5 1 1 1 1 2 1 2 6 18 16 1 1 1 |6 6 1 1 3 2 8 8 10 1 1 1 1 1 5 16 |11 1 1 16 18 2 16 1 17 8 2 18 2 4 3 6 |34 5 19 9 1 1 1 1 1 4 15 7 7 3 3 13 |17 1 11 14 16 1 3 7 1 18 16 1 15 1 4 15 |11 153 198 31 3 1 10 11 22 1 1 8 1 1 10 26 |
8437: 1 1 12 1 1 1 1 1 7 1 1 4 6 1 9 5 |14 11 1 1 3 1 1 1 2 1 2 14 14 2 1 1 |1 2 7 1 10 4 2 16 3 2 1 6 1 3 1 6 |4 8 15 1 15 1 1 17 12 5 14 5 1 1 1 1 |1 1 3 2 1 7 1 2 7 5 1 4 12 1 1 1 |1 5 3 8 2 6 1 13 5 1 1 3 4 5 4 13 |4 8 5 1 1 1 1 2 1 2 6 18 16 1 1 1 |6 6 1 1 3 2 8 8 10 1 1 1 1 1 5 16 |245 221 17 7 16 1 19 13 11 16 1 21 9 8 1 9 |34 5 19 9 1 1 1 1 1 4 15 7 7 3 3 13 |17 1 11 14 16 1 3 7 1 18 16 1 15 1 4 15 |11 153 198 31 3 1 10 11 22 1 1 8 1 1 10 26 |
8448: 1 1 12 1 1 1 1 1 7 1 1 4 6 1 9 5 |14 11 1 1 3 1 1 1 2 1 2 14 14 2 1 1 |1 2 7 1 10 4 2 16 3 2 1 6 1 3 1 6 |4 8 15 1 15 1 1 17 12 5 14 5 1 1 1 1 |1 1 3 2 1 7 1 2 7 5 1 4 12 1 1 1 |1 5 3 8 2 6 1 13 5 1 1 3 4 5 4 13 |4 8 5 1 1 1 1 2 1 2 6 18 16 1 1 1 |6 6 1 1 3 2 8 8 10 1 1 1 1 1 5 16 |245 221 17 7 16 1 19 13 11 16 1 21 9 8 1 9 |57 37 19 5 1 1 1 3 1 4 15 1 8 7 14 17 |17 1 11 14 16 1 3 7 1 18 16 1 15 1 4 15 |11 153 198 31 3 1 10 11 22 1 1 8 1 1 10 26 |
8458: 1 1 12 1 1 1 1 1 7 1 1 4 6 1 9 5 |14 11 1 1 3 1 1 1 2 1 2 14 14 2 1 1 |1 2 7 1 10 4 2 16 3 2 1 6 1 3 1 6 |4 8 15 1 15 1 1 17 12 5 14 5 1 1 1 1 |1 1 3 2 1 7 1 2 7 5 1 4 12 1 1 1 |1 5 3 8 2 6 1 13 5 1 1 3 4 5 4 13 |4 8 5 1 1 1 1 2 1 2 6 18 16 1 1 1 |6 6 1 1 3 2 8 8 10 1 1 1 1 1 5 16 |245 221 17 7 16 1 19 13 11 16 1 21 9 8 1 9 |57 37 19 5 1 1 1 3 1 4 15 1 8 7 14 17 |17 1 11 14 16 1 3 7 1 18 16 1 15 1 4 15 |11 153 198 31 3 1 10 11 22 1 1 8 1 1 10 26 |
8469: 1 1 12 1 1 1 1 1 7 1 1 4 6 1 9 5 |14 11 1 1 3 1 1 1 2 1 2 14 14 2 1 1 |1 2 7 1 10 4 2 16 3 2 1 6 1 3 1 6 |4 8 15 1 15 1 1 17 12 5 14 5 1 1 1 1 |1 1 3 2 1 7 1 2 7 5 1 4 12 1 1 1 |1 5 3 8 2 6 1 13 5 1 1 3 4 5 4 13 |4 8 5 1 1 1 1 2 1 2 6 18 16 1 1 1 |6 6 1 1 3 2 8 8 10 1 1 1 1 1 5 16 |245 221 17 7 16 1 19 13 11 16 1 21 9 8 1 9 |57 37 19 5 1 1 1 3 1 4 15 1 8 7 14 17 |17 1 11 14 16 1 3 7 1 18 16 1 15 1 4 15 |11 153 198 31 3 1 10 11 22 1 1 8 1 1 10 26 |
8479: 1 1 12 1 1 1 1 1 7 1 1 4 6 1 9 5 |14 11 1 1 3 1 1 1 2 1 2 14 14 2 1 1 |1 2 7 1 10 4 2 16 3 2 1 6 1 3 1 6 |4 8 15 1 15 1 1 17 12 5 14 5 1 1 1 1 |1 1 3 2 1 7 1 2 7 5 1 4 12 1 1 1 |1 5 3 8 2 6 1 13 5 1 1 3 4 5 4 13 |4 8 5 1 1 1 1 2 1 2 6 18 16 1 1 1 |6 6 1 1 3 2 8 8 10 1 1 1 1 1 5 16 |245 221 17 7 16 1 19 13 11 16 1 21 9 8 1 9 |57 37 19 5 1 1 1 3 1 4 15 1 8 7 14 17 |17 1 11 14 16 1 3 7 1 18 16 1 15 1 4 15 |11 153 198 31 3 1 10 11 22 1 1 8 1 1 10 26 |
8490: 1 1 12 1 1 1 1 1 7 1 1 4 6 1 9 5 |14 11 1 1 3 1 1 1 2 1 2 14 14 2 1 1 |1 2 7 1 10 4 2 16 3 2 1 6 1 3 1 6 |4 8 15 1 15 1 1 17 12 5 14 5 1 1 1 1 |1 1 3 2 1 7 1 2 7 5 1 4 12 1 1 1 |1 5 3 8 2 6 1 13 5 1 1 3 4 5 4 13 |4 8 5 1 1 1 1 2 1 2 6 18 16 1 1 1 |6 6 1 1 3 2 8 8 10 1 1 1 1 1 5 16 |245 221 17 7 16 1 19 13 11 16 1 21 9 8 1 9 |57 37 19 5 1 1 1 3 1 4 15 1 8 7 14 17 |17 1 11 14 16 1 3 7 1 18 16 1 15 1 4 15 |11 153 198 31 3 1 10 11 22 1 1 8 1 1 10 26 |
8501: 1 1 12 1 1 1 1 1 7 1 1 4 6 1 9 5 |14 11 1 1 3 1 1 1 2 1 2 14 14 2 1 1 |1 2 7 1 10 4 2 16 3 2 1 6 1 3 1 6 |4 8 15 1 15 1 1 17 12 5 14 5 1 1 1 1 |1 1 3 2 1 7 1 2 7 5 1 4 12 1 1 1 |1 5 3 8 2 6 1 13 5 1 1 3 4 5 4 13 |4 8 5 1 1 1 1 2 1 2 6 18 16 1 1 1 |165 227 23 15 18 1 11 3 20 14 10 1 3 3 4 14 |245 221 17 7 16 1 19 13 11 16 1 21 9 8 1 9 |57 37 19 5 1 1 1 3 1 4 15 1 8 7 14 17 |17 1 11 14 16 1 3 7 1 18 16 1 15 1 4 15 |11 153 198 31 3 1 10 11 22 1 1 8 1 1 10 26 |
8512: 1 1 12 1 1 1 1 1 7 1 1 4 6 1 9 5 |14 11 1 1 3 1 1 1 2 1 2 14 14 2 1 1 |1 2 7 1 10 4 2 16 3 2 1 6 1 3 1 6 |4 8 15 1 15 1 1 17 12 5 14 5 1 1 1 1 |1 1 3 2 1 7 1 2 7 5 1 4 12 1 1 1 |1 5 3 8 2 6 1 13 5 1 1 3 4 5 4 13 |4 8 5 1 1 1 1 2 1 2 6 18 16 1 1 1 |165 227 23 15 18 1 11 3 20 14 10 1 3 3 4 14 |245 221 17 7 16 1 19 13 11 16 1 21 9 8 1 9 |57 37 19 5 1 1 1 3 1 4 15 1 8 7 14 17 |17 1 11 14 16 1 3 7 1 18 16 1 15 1 4 15 |11 153 198 31 3 1 10 11 22 1 1 8 1 1 10 26 |
8522: 1 1 12 1 1 1 1 1 7 1 1 4 6 1 9 5 |14 11 1 1 3 1 1 1 2 1 2 14 14 2 1 1 |1 2 7 1 10 4 2 16 3 2 1 6 1 3 1 6 |4 8 15 1 15 1 1 17 12 5 14 5 1 1 1 1 |1 1 3 2 1 7 1 2 7 5 1 4 12 1 1 1 |1 5 3 8 2 6 1 13 5 1 1 3 4 5 4 13 |4 8 5 1 1 1 1 2 1 2 6 18 16 1 1 1 |165 227 23 15 18 1 11 3 20 14 10 1 3 3 4 14 |245 221 17 7 16 1 19 13 11 16 1 21 9 8 1 9 |57 37 19 5 1 1 1 3 1 4 15 1 8 7 14 17 |17 1 11 14 16 1 3 7 1 18 16 1 15 1 4 15 |11 153 198 31 3 1 10 11 22 1 1 8 1 1 10 26 |
8533: 1 1 12 1 1 1 1 1 7 1 1 4 6 1 9 5 |14 11 1 1 3 1 1 1 2 1 2 14 14 2 1 1 |1 2 7 1 10 4 2 16 3 2 1 6 1 3 1 6 |4 8 15 1 15 1 1 17 12 5 14 5 1 1 1 1 |1 1 3 2 1 7 1 2 7 5 1 4 12 1 1 1 |1 5 3 8 2 6 1 13 5 1 1 3 4 5 4 13 |183 278 60 1 1 1 3 1 5 11 10 10 12 1 1 11 |165 227 23 15 18 1 11 3 20 14 10 1 3 3 4 14 |245 221 17 7 16 1 19 13 11 16 1 21 9 8 1 9 |57 37 19 5 1 1 1 3 1 4 15 1 8 7 14 17 |17 1 11 14 16 1 3 7 1 18 16 1 15 1 4 15 |11 153 198 31 3 1 10 11 22 1 1 8 1 1 10 26 |
8543: 1 1 12 1 1 1 1 1 7 1 1 4 6 1 9 5 |14 11 1 1 3 1 1 1 2 1 2 14 14 2 1 1 |1 2 7 1 10 4 2 16 3 2 1 6 1 3 1 6 |4 8 15 1 15 1 1 17 12 5 14 5 1 1 1 1 |1 1 3 2 1 7 1 2 7 5 1 4 12 1 1 1 |1 5 3 8 2 6 1 13 5 1 1 3 4 5 4 13 |183 278 60 1 1 1 3 1 5 11 10 10 12 1 1 11 |165 227 23 15 18 1 11 3 20 14 10 1 3 3 4 14 |245 221 17 7 16 1 19 13 11 16 1 21 9 8 1 9 |57 37 19 5 1 1 1 3 1 4 15 1 8 7 14 17 |17 1 11 14 16 1 3 7 1 18 16 1 15 1 4 15 |11 153 198 31 3 1 10 11 22 1 1 8 1 1 10 26 |
8554: 1 1 12 1 1 1 1 1 7 1 1 4 6 1 9 5 |14 11 1 1 3 1 1 1 2 1 2 14 14 2 1 1 |1 2 7 1 10 4 2 16 3 2 1 6 1 3 1 6 |4 8 15 1 15 1 1 17 12 5 14 5 1 1 1 1 |1 1 3 2 1 7 1 2 7 5 1 4 12 1 1 1 |1 5 3 8 2 6 1 13 5 1 1 3 4 5 4 13 |183 278 60 1 1 1 3 1 5 11 10 10 12 1 1 11 |165 227 23 15 18 1 11 3 20 14 10 1 3 3 4 14 |245 221 17 7 16 1 19 13 11 16 1 21 9 8 1 9 |57 37 19 5 1 1 1 3 1 4 15 1 8 7 14 17 |17 1 11 14 16 1 3 7 1 18 16 1 15 1 4 15 |11 153 198 31 3 1 10 11 22 1 1 8 1 1 10 26 |
8564: 1 1 12 1 1 1 1 1 7 1 1 4 6 1 9 5 |14 11 1 1 3 1 1 1 2 1 2 14 14 2 1 1 |1 2 7 1 10 4 2 16 3 2 1 6 1 3 1 6 |4 8 15 1 15 1 1 17 12 5 14 5 1 1 1 1 |1 1 3 2 1 7 1 2 7 5 1 4 12 1 1 1 |1 5 3 8 2 6 1 13 5 1 1 3 4 5 4 13 |100 213 38 1 2 1 1 2 4 7 15 10 5 10 1 10 |165 227 23 15 18 1 11 3 20 14 10 1 3 3 4 14 |245 221 17 7 16 1 19 13 11 16 1 21 9 8 1 9 |57 37 19 5 1 1 1 3 1 4 15 1 8 7 14 17 |17 1 11 14 16 1 3 7 1 18 16 1 15 1 4 15 |11 153 198 31 3 1 10 11 22 1 1 8 1 1 10 26 |
8575: 1 1 12 1 1 1 1 1 7 1 1 4 6 1 9 5 |14 11 1 1 3 1 1 1 2 1 2 14 14 2 1 1 |1 2 7 1 10 4 2 16 3 2 1 6 1 3 1 6 |4 8 15 1 15 1 1 17 12 5 14 5 1 1 1 1 |1 1 3 2 1 7 1 2 7 5 1 4 12 1 1 1 |1 5 3 8 2 6 1 13 5 1 1 3 4 5 4 13 |100 213 38 1 2 1 1 2 4 7 15 10 5 10 1 10 |165 227 23 15 18 1 11 3 20 14 10 1 3 3 4 14 |245 221 17 7 16 1 19 13 11 16 1 21 9 8 1 9 |57 37 19 5 1 1 1 3 1 4 15 1 8 7 14 17 |17 1 11 14 16 1 3 7 1 18 16 1 15 1 4 15 |11 153 198 31 3 1 10 11 22 1 1 8 1 1 10 26 |
8586: 1 1 12 1 1 1 1 1 7 1 1 4 6 1 9 5 |14 11 1 1 3 1 1 1 2 1 2 14 14 2 1 1 |1 2 7 1 10 4 2 16 3 2 1 6 1 3 1 6 |4 8 15 1 15 1 1 17 12 5 14 5 1 1 1 1 |1 1 3 2 1 7 1 2 7 5 1 4 12 1 1 1 |1 5 3 8 2 6 1 13 5 1 1 3 4 5 4 13 |100 213 38 1 2 1 1 2 4 7 15 10 5 10 1 10 |165 227 23 15 18 1 11 3 20 14 10 1 3 3 4 14 |245 221 17 7 16 1 19 13 11 16 1 21 9 8 1 9 |57 37 19 5 1 1 1 3 1 4 15 1 8 7 14 17 |17 1 11 14 16 1 3 7 1 18 16 1 15 1 4 15 |11 153 198 31 3 1 10 11 22 1 1 8 1 1 10 26 |
8597: 1 1 12 1 1 1 1 1 7 1 1 4 6 1 9 5 |14 11 1 1 3 1 1 1 2 1 2 14 14 2 1 1 |1 2 7 1 10 4 2 16 3 2 1 6 1 3 1 6 |4 8 15 1 15 1 1 17 12 5 14 5 1 1 1 1 |1 1 3 2 1 7 1 2 7 5 1 4 12 1 1 1 |1 5 3 8 2 6 1 13 5 1 1 3 4 5 4 13 |39 71 19 1 5 1 1 2 1 1 14 11 2 1 1 1 |165 227 23 15 18 1 11 3 20 14 10 1 3 3 4 14 |245 221 17 7 16 1 19 13 11 16 1 21 9 8 1 9 |57 37 19 5 1 1 1 3 1 4 15 1 8 7 14 17 |17 1 11 14 16 1 3 7 1 18 16 1 15 1 4 15 |11 153 198 31 3 1 10 11 22 1 1 8 1 1 10 26 |
8607: 1 1 12 1 1 1 1 1 7 1 1 4 6 1 9 5 |14 11 1 1 3 1 1 1 2 1 2 14 14 2 1 1 |1 2 7 1 10 4 2 16 3 2 1 6 1 3 1 6 |4 8 15 1 15 1 1 17 12 5 14 5 1 1 1 1 |1 1 3 2 1 7 1 2 7 5 1 4 12 1 1 1 |1 5 3 8 2 6 1 13 5 1 1 3 4 5 4 13 |39 71 19 1 5 1 1 2 1 1 14 11 2 1 1 1 |1 5 7 2 12 1 1 3 12 1 1 1 1 1 5 18 |245 221 17 7 16 1 19 13 11 16 1 21 9 8 1 9 |57 37 19 5 1 1 1 3 1 4 15 1 8 7 14 17 |17 1 11 14 16 1 3 7 1 18 16 1 15 1 4 15 |11 153 198 31 3 1 10 11 22 1 1 8 1 1 10 26 |
8617: 1 1 12 1 1 1 1 1 7 1 1 4 6 1 9 5 |14 11 1 1 3 1 1 1 2 1 2 14 14 2 1 1 |1 2 7 1 10 4 2 16 3 2 1 6 1 3 1 6 |4 8 15 1 15 1 1 17 12 5 14 5 1 1 1 1 |1 1 3 2 1 7 1 2 7 5 1 4 12 1 1 1 |1 5 3 8 2 6 1 13 5 1 1 3 4 5 4 13 |39 71 19 1 5 1 1 2 1 1 14 11 2 1 1 1 |1 5 7 2 12 1 1 3 12 1 1 1 1 1 5 18 |245 221 17 7 16 1 19 13 11 16 1 21 9 8 1 9 |57 37 19 5 1 1 1 3 1 4 15 1 8 7 14 17 |17 1 11 14 16 1 3 7 1 18 16 1 15 1 4 15 |11 153 198 31 3 1 10 11 22 1 1 8 1 1 10 26 |
8627: 1 1 12 1 1 1 1 1 7 1 1 4 6 1 9 5 |14 11 1 1 3 1 1 1 2 1 2 14 14 2 1 1 |1 2 7 1 10 4 2 16 3 2 1 6 1 3 1 6 |4 8 15 1 15 1 1 17 12 5 14 5 1 1 1 1 |1 1 3 2 1 7 1 2 7 5 1 4 12 1 1 1 |1 5 3 8 2 6 1 13 5 1 1 3 4 5 4 13 |39 71 19 1 5 1 1 2 1 1 14 11 2 1 1 1 |1 5 7 2 12 1 1 3 12 1 1 1 1 1 5 18 |245 221 17 7 16 1 19 13 11 16 1 21 9 8 1 9 |57 37 19 5 1 1 1 3 1 4 15 1 8 7 14 17 |17 1 11 14 16 1 3 7 1 18 16 1 15 1 4 15 |11 153 198 31 3 1 10 11 22 1 1 8 1 1 10 26 |
8638: 1 1 12 1 1 1 1 1 7 1 1 4 6 1 9 5 |14 11 1 1 3 1 1 1 2 1 2 14 14 2 1 1 |1 2 7 1 10 4 2 16 3 2 1 6 1 3 1 6 |4 8 15 1 15 1 1 17 12 5 14 5 1 1 1 1 |1 1 3 2 1 7 1 2 7 5 1 4 12 1 1 1 |1 5 3 8 2 6 1 13 5 1 1 3 4 5 4 13 |39 71 19 1 5 1 1 2 1 1 14 11 2 1 1 1 |1 5 7 2 12 1 1 3 12 1 1 1 1 1 5 18 |245 221 17 7 16 1 19 13 11 16 1 21 9 8 1 9 |57 37 19 5 1 1 1 3 1 4 15 1 8 7 14 17 |17 1 11 14 16 1 3 7 1 18 16 1 15 1 4 15 |11 153 198 31 3 1 10 11 22 1 1 8 1 1 10 26 |
8648: 1 1 12 1 1 1 1 1 7 1 1 4 6 1 9 5 |14 11 1 1 3 1 1 1 2 1 2 14 14 2 1 1 |1 2 7 1 10 4 2 16 3 2 1 6 1 3 1 6 |4 8 15 1 15 1 1 17 12 5 14 5 1 1 1 1 |1 1 3 2 1 7 1 2 7 5 1 4 12 1 1 1 |1 5 3 8 2 6 1 13 5 1 1 3 4 5 4 13 |39 71 19 1 5 1 1 2 1 1 14 11 2 1 1 1 |1 5 7 2 12 1 1 3 12 1 1 1 1 1 5 18 |245 221 17 7 16 1 19 13 11 16 1 21 9 8 1 9 |57 37 19 5 1 1 1 3 1 4 15 1 8 7 14 17 |17 1 11 14 16 1 3 7 1 18 16 1 15 1 4 15 |11 153 198 31 3 1 10 11 22 1 1 8 1 1 10 26 |
8659: 1 1 12 1 1 1 1 1 7 1 1 4 6 1 9 5 |14 11 1 1 3 1 1 1 2 1 2 14 14 2 1 1 |14 26 16 5 12 3 4 19 2 1 1 1 5 7 1 8 |4 8 15 1 15 1 1 17 12 5 14 5 1 1 1 1 |1 1 3 2 1 7 1 2 7 5 1 4 12 1 1 1 |1 5 3 8 2 6 1 13 5 1 1 3 4 5 4 13 |39 71 19 1 5 1 1 2 1 1 14 11 2 1 1 1 |1 5 7 2 12 1 1 3 12 1 1 1 1 1 5 18 |245 221 17 7 16 1 19 13 11 16 1 21 9 8 1 9 |57 37 19 5 1 1 1 3 1 4 15 1 8 7 14 17 |17 1 11 14 16 1 3 7 1 18 16 1 15 1 4 15 |11 153 198 31 3 1 10 11 22 1 1 8 1 1 10 26 |
8669: 1 1 12 1 1 1 1 1 7 1 1 4 6 1 9 5 |14 11 1 1 3 1 1 1 2 1 2 14 14 2 1 1 |14 26 16 5 12 3 4 19 2 1 1 1 5 7 1 8 |93 198 73 1 6 1 10 19 16 15 17 16 1 11 12 6 |1 1 3 2 1 7 1 2 7 5 1 4 12 1 1 1 |1 5 3 8 2 6 1 13 5 1 1 3 4 5 4 13 |39 71 19 1 5 1 1 2 1 1 14 11 2 1 1 1 |1 5 7 2 12 1 1 3 12 1 1 1 1 1 5 18 |245 221 17 7 16 1 19 13 11 16 1 21 9 8 1 9 |57 37 19 5 1 1 1 3 1 4 15 1 8 7 14 17 |17 1 11 14 16 1 3 7 1 18 16 1 15 1 4 15 |11 153 198 31 3 1 10 11 22 1 1 8 1 1 10 26 |
8680: 1 1 12 1 1 1 1 1 7 1 1 4 6 1 9 5 |14 11 1 1 3 1 1 1 2 1 2 14 14 2 1 1 |14 26 16 5 12 3 4 19 2 1 1 1 5 7 1 8 |93 198 73 1 6 1 10 19 16 15 17 16 1 11 12 6 |1 1 3 2 1 7 1 2 7 5 1 4 12 1 1 1 |1 5 3 8 2 6 1 13 5 1 1 3 4 5 4 13 |39 71 19 1 5 1 1 2 1 1 14 11 2 1 1 1 |1 5 7 2 12 1 1 3 12 1 1 1 1 1 5 18 |245 221 17 7 16 1 19 13 11 16 1 21 9 8 1 9 |57 37 19 5 1 1 1 3 1 4 15 1 8 7 14 17 |17 1 11 14 16 1 3 7 1 18 16 1 15 1 4 15 |11 153 198 31 3 1 10 11 22 1 1 8 1 1 10 26 |
8690: 1 1 12 1 1 1 1 1 7 1 1 4 6 1 9 5 |14 11 1 1 3 1 1 1 2 1 2 14 14 2 1 1 |14 26 16 5 12 3 4 19 2 1 1 1 5 7 1 8 |93 198 73 1 6 1 10 19 16 15 17 16 1 11 12 6 |1 1 3 2 1 7 1 2 7 5 1 4 12 1 1 1 |1 5 3 8 2 6 1 13 5 1 1 3 4 5 4 13 |39 71 19 1 5 1 1 2 1 1 14 11 2 1 1 1 |1 5 7 2 12 1 1 3 12 1 1 1 1 1 5 18 |245 221 17 7 16 1 19 13 11 16 1 21 9 8 1 9 |57 37 19 5 1 1 1 3 1 4 15 1 8 7 14 17 |17 1 11 14 16 1 3 7 1 18 16 1 15 1 4 15 |11 153 198 31 3 1 10 11 22 1 1 8 1 1 10 26 |
8702: 1 1 12 1 1 1 1 1 7 1 1 4 6 1 9 5 |14 11 1 1 3 1 1 1 2 1 2 14 14 2 1 1 |14 26 16 5 12 3 4 19 2 1 1 1 5 7 1 8 |93 198 73 1 6 1 10 19 16 15 17 16 1 11 12 6 |1 1 3 2 1 7 1 2 7 5 1 4 12 1 1 1 |1 5 3 8 2 6 1 13 5 1 1 3 4 5 4 13 |39 71 19 1 5 1 1 2 1 1 14 11 2 1 1 1 |1 5 7 2 12 1 1 3 12 1 1 1 1 1 5 18 |245 221 17 7 16 1 19 13 11 16 1 21 9 8 1 9 |57 37 19 5 1 1 1 3 1 4 15 1 8 7 14 17 |17 1 11 14 16 1 3 7 1 18 16 1 15 1 4 15 |11 153 198 31 3 1 10 11 22 1 1 8 1 1 10 26 |
8713: 1 1 12 1 1 1 1 1 7 1 1 4 6 1 9 5 |14 11 1 1 3 1 1 1 2 1 2 14 14 2 1 1 |14 26 16 5 12 3 4 19 2 1 1 1 5 7 1 8 |93 198 73 1 6 1 10 19 16 15 17 16 1 11 12 6 |1 1 3 2 1 7 1 2 7 5 1 4 12 1 1 1 |1 5 3 8 2 6 1 13 5 1 1 3 4 5 4 13 |39 71 19 1 5 1 1 2 1 1 14 11 2 1 1 1 |1 5 7 2 12 1 1 3 12 1 1 1 1 1 5 18 |245 221 17 7 16 1 19 13 11 16 1 21 9 8 1 9 |57 37 19 5 1 1 1 3 1 4 15 1 8 7 14 17 |17 1 11 14 16 1 3 7 1 18 16 1 15 1 4 15 |11 153 198 31 3 1 10 11 22 1 1 8 1 1 10 26 |
8724: 1 1 12 1 1 1 1 1 7 1 1 4 6 1 9 5 |14 11 1 1 3 1 1 1 2 1 2 14 14 2 1 1 |14 26 16 5 12 3 4 19 2 1 1 1 5 7 1 8 |93 198 73 1 6 1 10 19 16 15 17 16 1 11 12 6 |42 162 25 4 8 6 1 3 7 14 4 1 5 8 1 14 |1 5 3 8 2 6 1 13 5 1 1 3 4 5 4 13 |39 71 19 1 5 1 1 2 1 1 14 11 2 1 1 1 |1 5 7 2 12 1 1 3 12 1 1 1 1 1 5 18 |245 221 17 7 16 1 19 13 11 16 1 21 9 8 1 9 |57 37 19 5 1 1 1 3 1 4 15 1 8 7 14 17 |17 1 11 14 16 1 3 7 1 18 16 1 15 1 4 15 |11 153 198 31 3 1 10 11 22 1 1 8 1 1 10 26 |
8734: 1 1 12 1 1 1 1 1 7 1 1 4 6 1 9 5 |14 11 1 1 3 1 1 1 2 1 2 14 14 2 1 1 |14 26 16 5 12 3 4 19 2 1 1 1 5 7 1 8 |93 198 73 1 6 1 10 19 16 15 17 16 1 11 12 6 |42 162 25 4 8 6 1 3 7 14 4 1 5 8 1 14 |1 5 3 8 2 6 1 13 5 1 1 3 4 5 4 13 |39 71 19 1 5 1 1 2 1 1 14 11 2 1 1 1 |1 5 7 2 12 1 1 3 12 1 1 1 1 1 5 18 |245 221 17 7 16 1 19 13 11 16 1 21 9 8 1 9 |57 37 19 5 1 1 1 3 1 4 15 1 8 7 14 17 |17 1 11 14 16 1 3 7 1 18 16 1 15 1 4 15 |11 153 198 31 3 1 10 11 22 1 1 8 1 1 10 26 |
8746: 1 1 12 1 1 1 1 1 7 1 1 4 6 1 9 5 |14 11 1 1 3 1 1 1 2 1 2 14 14 2 1 1 |14 26 16 5 12 3 4 19 2 1 1 1 5 7 1 8 |93 198 73 1 6 1 10 19 16 15 17 16 1 11 12 6 |42 162 25 4 8 6 1 3 7 14 4 1 5 8 1 14 |1 5 3 8 2 6 1 13 5 1 1 3 4 5 4 13 |39 71 19 1 5 1 1 2 1 1 14 11 2 1 1 1 |1 5 7 2 12 1 1 3 12 1 1 1 1 1 5 18 |245 221 17 7 16 1 19 13 11 16 1 21 9 8 1 9 |57 37 19 5 1 1 1 3 1 4 15 1 8 7 14 17 |17 1 11 14 16 1 3 7 1 18 16 1 15 1 4 15 |11 153 198 31 3 1 10 11 22 1 1 8 1 1 10 26 |
8756: 1 1 12 1 1 1 1 1 7 1 1 4 6 1 9 5 |14 11 1 1 3 1 1 1 2 1 2 14 14 2 1 1 |14 26 16 5 12 3 4 19 2 1 1 1 5 7 1 8 |93 198 73 1 6 1 10 19 16 15 17 16 1 11 12 6 |16 36 1 17 7 4 1 2 7 14 1 3 5 7 1 1 |1 5 3 8 2 6 1 13 5 1 1 3 4 5 4 13 |39 71 19 1 5 1 1 2 1 1 14 11 2 1 1 1 |1 5 7 2 12 1 1 3 12 1 1 1 1 1 5 18 |245 221 17 7 16 1 19 13 11 16 1 21 9 8 1 9 |57 37 19 5 1 1 1 3 1 4 15 1 8 7 14 17 |17 1 11 14 16 1 3 7 1 18 16 1 15 1 4 15 |11 153 198 31 3 1 10 11 22 1 1 8 1 1 10 26 |
8766: 1 1 12 1 1 1 1 1 7 1 1 4 6 1 9 5 |14 11 1 1 3 1 1 1 2 1 2 14 14 2 1 1 |14 26 16 5 12 3 4 19 2 1 1 1 5 7 1 8 |93 198 73 1 6 1 10 19 16 15 17 16 1 11 12 6 |16 36 1 17 7 4 1 2 7 14 1 3 5 7 1 1 |1 5 3 8 2 6 1 13 5 1 1 3 4 5 4 13 |39 71 19 1 5 1 1 2 1 1 14 11 2 1 1 1 |1 5 7 2 12 1 1 3 12 1 1 1 1 1 5 18 |245 221 17 7 16 1 19 13 11 16 1 21 9 8 1 9 |57 37 19 5 1 1 1 3 1 4 15 1 8 7 14 17 |17 1 11 14 16 1 3 7 1 18 16 1 15 1 4 15 |6 1 1 1 1 1 1 4 13 1 2 2 5 1 17 15 |
8778: 1 1 12 1 1 1 1 1 7 1 1 4 6 1 9 5 |14 11 1 1 3 1 1 1 2 1 2 14 14 2 1 1 |14 26 16 5 12 3 4 19 2 1 1 1 5 7 1 8 |93 198 73 1 6 1 10 19 16 15 17 16 1 11 12 6 |16 36 1 17 7 4 1 2 7 14 1 3 5 7 1 1 |1 5 3 8 2 6 1 13 5 1 1 3 4 5 4 13 |39 71 19 1 5 1 1 2 1 1 14 11 2 1 1 1 |1 5 7 2 12 1 1 3 12 1 1 1 1 1 5 18 |245 221 17 7 16 1 19 13 11 16 1 21 9 8 1 9 |57 37 19 5 1 1 1 3 1 4 15 1 8 7 14 17 |17 1 11 14 16 1 3 7 1 18 16 1 15 1 4 15 |6 1 1 1 1 1 1 4 13 1 2 2 5 1 17 15 |
8788: 1 1 12 1 1 1 1 1 7 1 1 4 6 1 9 5 |14 11 1 1 3 1 1 1 2 1 2 14 14 2 1 1 |14 26 16 5 12 3 4 19 2 1 1 1 5 7 1 8 |93 198 73 1 6 1 10 19 16 15 17 16 1 11 12 6 |1 16 6 1 1 8 1 1 7 5 1 4 11 1 2 6 |1 5 3 8 2 6 1 13 5 1 1 3 4 5 4 13 |39 71 19 1 5 1 1 2 1 1 14 11 2 1 1 1 |1 5 7 2 12 1 1 3 12 1 1 1 1 1 5 18 |245 221 17 7 16 1 19 13 11 16 1 21 9 8 1 9 |57 37 19 5 1 1 1 3 1 4 15 1 8 7 14 17 |17 1 11 14 16 1 3 7 1 18 16 1 15 1 4 15 |6 1 1 1 1 1 1 4 13 1 2 2 5 1 17 15 |
8799: 1 1 12 1 1 1 1 1 7 1 1 4 6 1 9 5 |14 11 1 1 3 1 1 1 2 1 2 14 14 2 1 1 |14 26 16 5 12 3 4 19 2 1 1 1 5 7 1 8 |93 198 73 1 6 1 10 19 16 15 17 16 1 11 12 6 |1 16 6 1 1 8 1 1 7 5 1 4 11 1 2 6 |1 5 3 8 2 6 1 13 5 1 1 3 4 5 4 13 |39 71 19 1 5 1 1 2 1 1 14 11 2 1 1 1 |1 5 7 2 12 1 1 3 12 1 1 1 1 1 5 18 |245 221 17 7 16 1 19 13 11 16 1 21 9 8 1 9 |57 37 19 5 1 1 1 3 1 4 15 1 8 7 14 17 |17 1 11 14 16 1 3 7 1 18 16 1 15 1 4 15 |6 1 1 1 1 1 1 4 13 1 2 2 5 1 17 15 |
8809: 1 1 12 1 1 1 1 1 7 1 1 4 6 1 9 5 |14 11 1 1 3 1 1 1 2 1 2 14 14 2 1 1 |14 26 16 5 12 3 4 19 2 1 1 1 5 7 1 8 |93 198 73 1 6 1 10 19 16 15 17 16 1 11 12 6 |1 16 6 1 1 8 1 1 7 5 1 4 11 1 2 6 |1 5 3 8 2 6 1 13 5 1 1 3 4 5 4 13 |39 71 19 1 5 1 1 2 1 1 14 11 2 1 1 1 |1 5 7 2 12 1 1 3 12 1 1 1 1 1 5 18 |245 221 17 7 16 1 19 13 11 16 1 21 9 8 1 9 |57 37 19 5 1 1 1 3 1 4 15 1 8 7 14 17 |17 1 11 14 16 1 3 7 1 18 16 1 15 1 4 15 |6 1 1 1 1 1 1 4 13 1 2 2 5 1 17 15 |
8819: 1 1 12 1 1 1 1 1 7 1 1 4 6 1 9 5 |14 11 1 1 3 1 1 1 2 1 2 14 14 2 1 1 |14 26 16 5 12 3 4 19 2 1 1 1 5 7 1 8 |93 198 73 1 6 1 10 19 16 15 17 16 1 11 12 6 |1 16 6 1 1 8 1 1 7 5 1 4 11 1 2 6 |1 5 3 8 2 6 1 13 5 1 1 3 4 5 4 13 |39 71 19 1 5 1 1 2 1 1 14 11 2 1 1 1 |1 5 7 2 12 1 1 3 12 1 1 1 1 1 5 18 |245 221 17 7 16 1 19 13 11 16 1 21 9 8 1 9 |57 37 19 5 1 1 1 3 1 4 15 1 8 7 14 17 |17 1 11 14 16 1 3 7 1 18 16 1 15 1 4 15 |6 1 1 1 1 1 1 4 13 1 2 2 5 1 17 15 |
8830: 1 1 12 1 1 1 1 1 7 1 1 4 6 1 9 5 |14 11 1 1 3 1 1 1 2 1 2 14 14 2 1 1 |14 26 16 5 12 3 4 19 2 1 1 1 5 7 1 8 |93 198 73 1 6 1 10 19 16 15 17 16 1 11 12 6 |1 16 6 1 1 8 1 1 7 5 1 4 11 1 2 6 |1 5 3 8 2 6 1 13 5 1 1 3 4 5 4 13 |39 71 19 1 5 1 1 2 1 1 14 11 2 1 1 1 |1 5 7 2 12 1 1 3 12 1 1 1 1 1 5 18 |245 221 17 7 16 1 19 13 11 16 1 21 9 8 1 9 |57 37 19 5 1 1 1 3 1 4 15 1 8 7 14 17 |1 1 9 7 2 1 1 1 2 17 3 1 1 1 1 14 |6 1 1 1 1 1 1 4 13 1 2 2 5 1 17 15 |
8841: 1 1 12 1 1 1 1 1 7 1 1 4 6 1 9 5 |14 11 1 1 3 1 1 1 2 1 2 14 14 2 1 1 |14 26 16 5 12 3 4 19 2 1 1 1 5 7 1 8 |93 198 73 1 6 1 10 19 16 15 17 16 1 11 12 6 |1 16 6 1 1 8 1 1 7 5 1 4 11 1 2 6 |1 5 3 8 2 6 1 13 5 1 1 3 4 5 4 13 |39 71 19 1 5 1 1 2 1 1 14 11 2 1 1 1 |1 5 7 2 12 1 1 3 12 1 1 1 1 1 5 18 |245 221 17 7 16 1 19 13 11 16 1 21 9 8 1 9 |57 37 19 5 1 1 1 3 1 4 15 1 8 7 14 17 |1 1 9 7 2 1 1 1 2 17 3 1 1 1 1 14 |6 1 1 1 1 1 1 4 13 1 2 2 5 1 17 15 |
8851: 1 1 12 1 1 1 1 1 7 1 1 4 6 1 9 5 |14 11 1 1 3 1 1 1 2 1 2 14 14 2 1 1 |14 26 16 5 12 3 4 19 2 1 1 1 5 7 1 8 |4 2 17 1 7 1 2 18 1 7 13 1 1 1 1 1 |1 16 6 1 1 8 1 1 7 5 1 4 11 1 2 6 |1 5 3 8 2 6 1 13 5 1 1 3 4 5 4 13 |39 71 19 1 5 1 1 2 1 1 14 11 2 1 1 1 |1 5 7 2 12 1 1 3 12 1 1 1 1 1 5 18 |245 221 17 7 16 1 19 13 11 16 1 21 9 8 1 9 |57 37 19 5 1 1 1 3 1 4 15 1 8 7 14 17 |1 1 9 7 2 1 1 1 2 17 3 1 1 1 1 14 |6 1 1 1 1 1 1 4 13 1 2 2 5 1 17 15 |
8862: 1 1 12 1 1 1 1 1 7 1 1 4 6 1 9 5 |14 11 1 1 3 1 1 1 2 1 2 14 14 2 1 1 |14 26 16 5 12 3 4 19 2 1 1 1 5 7 1 8 |4 2 17 1 7 1 2 18 1 7 13 1 1 1 1 1 |1 16 6 1 1 8 1 1 7 5 1 4 11 1 2 6 |1 5 3 8 2 6 1 13 5 1 1 3 4 5 4 13 |39 71 19 1 5 1 1 2 1 1 14 11 2 1 1 1 |1 5 7 2 12 1 1 3 12 1 1 1 1 1 5 18 |245 221 17 7 16 1 19 13 11 16 1 21 9 8 1 9 |57 37 19 5 1 1 1 3 1 4 15 1 8 7 14 17 |1 1 9 7 2 1 1 1 2 17 3 1 1 1 1 14 |6 1 1 1 1 1 1 4 13 1 2 2 5 1 17 15 |
8873: 1 1 12 1 1 1 1 1 7 1 1 4 6 1 9 5 |14 11 1 1 3 1 1 1 2 1 2 14 14 2 1 1 |14 26 16 5 12 3 4 19 2 1 1 1 5 7 1 8 |4 2 17 1 7 1 2 18 1 7 13 1 1 1 1 1 |1 16 6 1 1 8 1 1 7 5 1 4 11 1 2 6 |1 5 3 8 2 6 1 13 5 1 1 3 4 5 4 13 |39 71 19 1 5 1 1 2 1 1 14 11 2 1 1 1 |1 5 7 2 12 1 1 3 12 1 1 1 1 1 5 18 |245 221 17 7 16 1 19 13 11 16 1 21 9 8 1 9 |57 37 19 5 1 1 1 3 1 4 15 1 8 7 14 17 |1 1 9 7 2 1 1 1 2 17 3 1 1 1 1 14 |6 1 1 1 1 1 1 4 13 1 2 2 5 1 17 15 |
8883: 1 1 12 1 1 1 1 1 7 1 1 4 6 1 9 5 |61 56 8 4 2 1 1 1 8 3 4 15 11 1 7 1 |14 26 16 5 12 3 4 19 2 1 1 1 5 7 1 8 |4 2 17 1 7 1 2 18 1 7 13 1 1 1 1 1 |1 16 6 1 1 8 1 1 7 5 1 4 11 1 2 6 |1 5 3 8 2 6 1 13 5 1 1 3 4 5 4 13 |39 71 19 1 5 1 1 2 1 1 14 11 2 1 1 1 |1 5 7 2 12 1 1 3 12 1 1 1 1 1 5 18 |245 221 17 7 16 1 19 13 11 16 1 21 9 8 1 9 |57 37 19 5 1 1 1 3 1 4 15 1 8 7 14 17 |1 1 9 7 2 1 1 1 2 17 3 1 1 1 1 14 |6 1 1 1 1 1 1 4 13 1 2 2 5 1 17 15 |
8894: 1 1 12 1 1 1 1 1 7 1 1 4 6 1 9 5 |61 56 8 4 2 1 1 1 8 3 4 15 11 1 7 1 |14 26 16 5 12 3 4 19 2 1 1 1 5 7 1 8 |4 2 17 1 7 1 2 18 1 7 13 1 1 1 1 1 |1 16 6 1 1 8 1 1 7 5 1 4 11 1 2 6 |1 5 3 8 2 6 1 13 5 1 1 3 4 5 4 13 |39 71 19 1 5 1 1 2 1 1 14 11 2 1 1 1 |1 5 7 2 12 1 1 3 12 1 1 1 1 1 5 18 |245 221 17 7 16 1 19 13 11 16 1 21 9 8 1 9 |1 2 6 3 2 2 1 2 1 1 12 1 7 2 2 11 |1 1 9 7 2 1 1 1 2 17 3 1 1 1 1 14 |6 1 1 1 1 1 1 4 13 1 2 2 5 1 17 15 |
8904: 1 1 12 1 1 1 1 1 7 1 1 4 6 1 9 5 |61 56 8 4 2 1 1 1 8 3 4 15 11 1 7 1 |14 26 16 5 12 3 4 19 2 1 1 1 5 7 1 8 |4 2 17 1 7 1 2 18 1 7 13 1 1 1 1 1 |1 16 6 1 1 8 1 1 7 5 1 4 11 1 2 6 |1 5 3 8 2 6 1 13 5 1 1 3 4 5 4 13 |39 71 19 1 5 1 1 2 1 1 14 11 2 1 1 1 |1 5 7 2 12 1 1 3 12 1 1 1 1 1 5 18 |245 221 17 7 16 1 19 13 11 16 1 21 9 8 1 9 |1 2 6 3 2 2 1 2 1 1 12 1 7 2 2 11 |1 1 9 7 2 1 1 1 2 17 3 1 1 1 1 14 |6 1 1 1 1 1 1 4 13 1 2 2 5 1 17 15 |
8915: 1 1 12 1 1 1 1 1 7 1 1 4 6 1 9 5 |61 56 8 4 2 1 1 1 8 3 4 15 11 1 7 1 |14 26 16 5 12 3 4 19 2 1 1 1 5 7 1 8 |4 2 17 1 7 1 2 18 1 7 13 1 1 1 1 1 |1 16 6 1 1 8 1 1 7 5 1 4 11 1 2 6 |1 5 3 8 2 6 1 13 5 1 1 3 4 5 4 13 |39 71 19 1 5 1 1 2 1 1 14 11 2 1 1 1 |1 5 7 2 12 1 1 3 12 1 1 1 1 1 5 18 |245 221 17 7 16 1 19 13 11 16 1 21 9 8 1 9 |1 2 6 3 2 2 1 2 1 1 12 1 7 2 2 11 |1 1 9 7 2 1 1 1 2 17 3 1 1 1 1 14 |6 1 1 1 1 1 1 4 13 1 2 2 5 1 17 15 |
8925: 1 1 12 1 1 1 1 1 7 1 1 4 6 1 9 5 |61 56 8 4 2 1 1 1 8 3 4 15 11 1 7 1 |14 26 16 5 12 3 4 19 2 1 1 1 5 7 1 8 |4 2 17 1 7 1 2 18 1 7 13 1 1 1 1 1 |1 16 6 1 1 8 1 1 7 5 1 4 11 1 2 6 |1 5 3 8 2 6 1 13 5 1 1 3 4 5 4 13 |39 71 19 1 5 1 1 2 1 1 14 11 2 1 1 1 |3 13 1 1 10 1 8 7 10 1 1 2 1 1 5 16 |245 221 17 7 16 1 19 13 11 16 1 21 9 8 1 9 |1 2 6 3 2 2 1 2 1 1 12 1 7 2 2 11 |1 1 9 7 2 1 1 1 2 17 3 1 1 1 1 14 |6 1 1 1 1 1 1 4 13 1 2 2 5 1 17 15 |
8935: 1 1 12 1 1 1 1 1 7 1 1 4 6 1 9 5 |61 56 8 4 2 1 1 1 8 3 4 15 11 1 7 1 |14 26 16 5 12 3 4 19 2 1 1 1 5 7 1 8 |4 2 17 1 7 1 2 18 1 7 13 1 1 1 1 1 |1 16 6 1 1 8 1 1 7 5 1 4 11 1 2 6 |1 5 3 8 2 6 1 13 5 1 1 3 4 5 4 13 |39 71 19 1 5 1 1 2 1 1 14 11 2 1 1 1 |3 13 1 1 10 1 8 7 10 1 1 2 1 1 5 16 |245 221 17 7 16 1 19 13 11 16 1 21 9 8 1 9 |1 2 6 3 2 2 1 2 1 1 12 1 7 2 2 11 |1 1 9 7 2 1 1 1 2 17 3 1 1 1 1 14 |6 1 1 1 1 1 1 4 13 1 2 2 5 1 17 15 |
8946: 1 1 12 1 1 1 1 1 7 1 1 4 6 1 9 5 |61 56 8 4 2 1 1 1 8 3 4 15 11 1 7 1 |14 26 16 5 12 3 4 19 2 1 1 1 5 7 1 8 |4 2 17 1 7 1 2 18 1 7 13 1 1 1 1 1 |1 16 6 1 1 8 1 1 7 5 1 4 11 1 2 6 |1 5 3 8 2 6 1 13 5 1 1 3 4 5 4 13 |39 71 19 1 5 1 1 2 1 1 14 11 2 1 1 1 |3 13 1 1 10 1 8 7 10 1 1 2 1 1 5 16 |245 221 17 7 16 1 19 13 11 16 1 21 9 8 1 9 |1 2 6 3 2 2 1 2 1 1 12 1 7 2 2 11 |1 1 9 7 2 1 1 1 2 17 3 1 1 1 1 14 |6 1 1 1 1 1 1 4 13 1 2 2 5 1 17 15 |
8957: 1 1 12 1 1 1 1 1 7 1 1 4 6 1 9 5 |61 56 8 4 2 1 1 1 8 3 4 15 11 1 7 1 |14 26 16 5 12 3 4 19 2 1 1 1 5 7 1 8 |4 2 17 1 7 1 2 18 1 7 13 1 1 1 1 1 |1 16 6 1 1 8 1 1 7 5 1 4 11 1 2 6 |1 12 3 6 1 4 1 1 4 2 1 2 3 5 3 13 |39 71 19 1 5 1 1 2 1 1 14 11 2 1 1 1 |3 13 1 1 10 1 8 7 10 1 1 2 1 1 5 16 |245 221 17 7 16 1 19 13 11 16 1 21 9 8 1 9 |1 2 6 3 2 2 1 2 1 1 12 1 7 2 2 11 |1 1 9 7 2 1 1 1 2 17 3 1 1 1 1 14 |6 1 1 1 1 1 1 4 13 1 2 2 5 1 17 15 |
8968: 1 1 12 1 1 1 1 1 7 1 1 4 6 1 9 5 |61 56 8 4 2 1 1 1 8 3 4 15 11 1 7 1 |14 26 16 5 12 3 4 19 2 1 1 1 5 7 1 8 |4 2 17 1 7 1 2 18 1 7 13 1 1 1 1 1 |1 16 6 1 1 8 1 1 7 5 1 4 11 1 2 6 |1 12 3 6 1 4 1 1 4 2 1 2 3 5 3 13 |39 71 19 1 5 1 1 2 1 1 14 11 2 1 1 1 |3 13 1 1 10 1 8 7 10 1 1 2 1 1 5 16 |245 221 17 7 16 1 19 13 11 16 1 21 9 8 1 9 |1 2 6 3 2 2 1 2 1 1 12 1 7 2 2 11 |1 1 9 7 2 1 1 1 2 17 3 1 1 1 1 14 |6 1 1 1 1 1 1 4 13 1 2 2 5 1 17 15 |
8978: 1 1 12 1 1 1 1 1 7 1 1 4 6 1 9 5 |61 56 8 4 2 1 1 1 8 3 4 15 11 1 7 1 |14 26 16 5 12 3 4 19 2 1 1 1 5 7 1 8 |4 2 17 1 7 1 2 18 1 7 13 1 1 1 1 1 |1 16 6 1 1 8 1 1 7 5 1 4 11 1 2 6 |1 12 3 6 1 4 1 1 4 2 1 2 3 5 3 13 |39 71 19 1 5 1 1 2 1 1 14 11 2 1 1 1 |3 13 1 1 10 1 8 7 10 1 1 2 1 1 5 16 |245 221 17 7 16 1 19 13 11 16 1 21 9 8 1 9 |1 2 6 3 2 2 1 2 1 1 12 1 7 2 2 11 |1 1 9 7 2 1 1 1 2 17 3 1 1 1 1 14 |6 1 1 1 1 1 1 4 13 1 2 2 5 1 17 15 |
8989: 1 1 12 1 1 1 1 1 7 1 1 4 6 1 9 5 |61 56 8 4 2 1 1 1 8 3 4 15 11 1 7 1 |14 26 16 5 12 3 4 19 2 1 1 1 5 7 1 8 |4 2 17 1 7 1 2 18 1 7 13 1 1 1 1 1 |1 16 6 1 1 8 1 1 7 5 1 4 11 1 2 6 |1 1 4 6 1 4 1 12 4 2 1 2 3 6 2 8 |39 71 19 1 5 1 1 2 1 1 14 11 2 1 1 1 |3 13 1 1 10 1 8 7 10 1 1 2 1 1 5 16 |245 221 17 7 16 1 19 13 11 16 1 21 9 8 1 9 |1 2 6 3 2 2 1 2 1 1 12 1 7 2 2 11 |1 1 9 7 2 1 1 1 2 17 3 1 1 1 1 14 |6 1 1 1 1 1 1 4 13 1 2 2 5 1 17 15 |
9000: 1 1 12 1 1 1 1 1 7 1 1 4 6 1 9 5 |61 56 8 4 2 1 1 1 8 3 4 15 11 1 7 1 |14 26 16 5 12 3 4 19 2 1 1 1 5 7 1 8 |4 2 17 1 7 1 2 18 1 7 13 1 1 1 1 1 |1 16 6 1 1 8 1 1 7 5 1 4 11 1 2 6 |1 1 4 6 1 4 1 12 4 2 1 2 3 6 2 8 |39 71 19 1 5 1 1 2 1 1 14 11 2 1 1 1 |3 13 1 1 10 1 8 7 10 1 1 2 1 1 5 16 |245 221 17 7 16 1 19 13 11 16 1 21 9 8 1 9 |1 2 6 3 2 2 1 2 1 1 12 1 7 2 2 11 |1 1 9 7 2 1 1 1 2 17 3 1 1 1 1 14 |6 1 1 1 1 1 1 4 13 1 2 2 5 1 17 15 |
9011: 1 1 12 1 1 1 1 1 7 1 1 4 6 1 9 5 |61 56 8 4 2 1 1 1 8 3 4 15 11 1 7 1 |14 26 16 5 12 3 4 19 2 1 1 1 5 7 1 8 |4 2 17 1 7 1 2 18 1 7 13 1 1 1 1 1 |1 16 6 1 1 8 1 1 7 5 1 4 11 1 2 6 |1 1 4 6 1 4 1 12 4 2 1 2 3 6 2 8 |39 71 19 1 5 1 1 2 1 1 14 11 2 1 1 1 |3 13 1 1 10 1 8 7 10 1 1 2 1 1 5 16 |245 221 17 7 16 1 19 13 11 16 1 21 9 8 1 9 |1 2 6 3 2 2 1 2 1 1 12 1 7 2 2 11 |1 1 9 7 2 1 1 1 2 17 3 1 1 1 1 14 |6 1 1 1 1 1 1 4 13 1 2 2 5 1 17 15 |
9022: 1 1 12 1 1 1 1 1 7 1 1 4 6 1 9 5 |61 56 8 4 2 1 1 1 8 3 4 15 11 1 7 1 |14 26 16 5 12 3 4 19 2 1 1 1 5 7 1 8 |4 2 17 1 7 1 2 18 1 7 13 1 1 1 1 1 |1 16 6 1 1 8 1 1 7 5 1 4 11 1 2 6 |1 1 4 6 1 4 1 12 4 2 1 2 3 6 2 8 |7 2 5 4 2 1 1 2 4 1 8 17 9 1 1 2 |3 13 1 1 10 1 8 7 10 1 1 2 1 1 5 16 |245 221 17 7 16 1 19 13 11 16 1 21 9 8 1 9 |1 2 6 3 2 2 1 2 1 1 12 1 7 2 2 11 |1 1 9 7 2 1 1 1 2 17 3 1 1 1 1 14 |6 1 1 1 1 1 1 4 13 1 2 2 5 1 17 15 |
9033: 1 1 12 1 1 1 1 1 7 1 1 4 6 1 9 5 |61 56 8 4 2 1 1 1 8 3 4 15 11 1 7 1 |14 26 16 5 12 3 4 19 2 1 1 1 5 7 1 8 |4 2 17 1 7 1 2 18 1 7 13 1 1 1 1 1 |1 16 6 1 1 8 1 1 7 5 1 4 11 1 2 6 |1 1 4 6 1 4 1 12 4 2 1 2 3 6 2 8 |7 2 5 4 2 1 1 2 4 1 8 17 9 1 1 2 |3 13 1 1 10 1 8 7 10 1 1 2 1 1 5 16 |245 221 17 7 16 1 19 13 11 16 1 21 9 8 1 9 |1 2 6 3 2 2 1 2 1 1 12 1 7 2 2 11 |1 1 9 7 2 1 1 1 2 17 3 1 1 1 1 14 |6 1 1 1 1 1 1 4 13 1 2 2 5 1 17 15 |
9044: 1 1 12 1 1 1 1 1 7 1 1 4 6 1 9 5 |61 56 8 4 2 1 1 1 8 3 4 15 11 1 7 1 |14 26 16 5 12 3 4 19 2 1 1 1 5 7 1 8 |4 2 17 1 7 1 2 18 1 7 13 1 1 1 1 1 |1 16 6 1 1 8 1 1 7 5 1 4 11 1 2 6 |1 1 4 6 1 4 1 12 4 2 1 2 3 6 2 8 |7 2 5 4 2 1 1 2 4 1 8 17 9 1 1 2 |3 13 1 1 10 1 8 7 10 1 1 2 1 1 5 16 |245 221 17 7 16 1 19 13 11 16 1 21 9 8 1 9 |1 2 6 3 2 2 1 2 1 1 12 1 7 2 2 11 |1 1 9 7 2 1 1 1 2 17 3 1 1 1 1 14 |6 1 1 1 1 1 1 4 13 1 2 2 5 1 17 15 |
9055: 1 1 12 1 1 1 1 1 7 1 1 4 6 1 9 5 |61 56 8 4 2 1 1 1 8 3 4 15 11 1 7 1 |14 26 16 5 12 3 4 19 2 1 1 1 5 7 1 8 |4 2 17 1 7 1 2 18 1 7 13 1 1 1 1 1 |1 16 6 1 1 8 1 1 7 5 1 4 11 1 2 6 |1 1 4 6 1 4 1 12 4 2 1 2 3 6 2 8 |7 2 5 4 2 1 1 2 4 1 8 17 9 1 1 2 |3 13 1 1 10 1 8 7 10 1 1 2 1 1 5 16 |245 221 17 7 16 1 19 13 11 16 1 21 9 8 1 9 |1 2 6 3 2 2 1 2 1 1 12 1 7 2 2 11 |1 1 9 7 2 1 1 1 2 17 3 1 1 1 1 14 |6 1 1 1 1 1 1 4 13 1 2 2 5 1 17 15 |
9066: 1 1 12 1 1 1 1 1 7 1 1 4 6 1 9 5 |61 56 8 4 2 1 1 1 8 3 4 15 11 1 7 1 |14 26 16 5 12 3 4 19 2 1 1 1 5 7 1 8 |4 2 17 1 7 1 2 18 1 7 13 1 1 1 1 1 |1 16 6 1 1 8 1 1 7 5 1 4 11 1 2 6 |1 1 4 6 1 4 1 12 4 2 1 2 3 6 2 8 |7 2 5 4 2 1 1 2 4 1 8 17 9 1 1 2 |3 13 1 1 10 1 8 7 10 1 1 2 1 1 5 16 |245 221 17 7 16 1 19 13 11 16 1 21 9 8 1 9 |1 2 6 3 2 2 1 2 1 1 12 1 7 2 2 11 |1 1 9 7 2 1 1 1 2 17 3 1 1 1 1 14 |6 1 1 1 1 1 1 4 13 1 2 2 5 1 17 15 |
9077: 1 1 12 1 1 1 1 1 7 1 1 4 6 1 9 5 |61 56 8 4 2 1 1 1 8 3 4 15 11 1 7 1 |14 26 16 5 12 3 4 19 2 1 1 1 5 7 1 8 |4 2 17 1 7 1 2 18 1 7 13 1 1 1 1 1 |1 16 6 1 1 8 1 1 7 5 1 4 11 1 2 6 |1 1 4 6 1 4 1 12 4 2 1 2 3 6 2 8 |7 2 5 4 2 1 1 2 4 1 8 17 9 1 1 2 |3 13 1 1 10 1 8 7 10 1 1 2 1 1 5 16 |245 221 17 7 16 1 19 13 11 16 1 21 9 8 1 9 |1 2 6 3 2 2 1 2 1 1 12 1 7 2 2 11 |1 1 9 7 2 1 1 1 2 17 3 1 1 1 1 14 |6 1 1 1 1 1 1 4 13 1 2 2 5 1 17 15 |
9088: 1 1 12 1 1 1 1 1 7 1 1 4 6 1 9 5 |61 56 8 4 2 1 1 1 8 3 4 15 11 1 7 1 |14 26 16 5 12 3 4 19 2 1 1 1 5 7 1 8 |4 2 17 1 7 1 2 18 1 7 13 1 1 1 1 1 |1 16 6 1 1 8 1 1 7 5 1 4 11 1 2 6 |1 19 3 5 1 2 1 11 6 1 1 2 7 5 3 9 |7 2 5 4 2 1 1 2 4 1 8 17 9 1 1 2 |3 13 1 1 10 1 8 7 10 1 1 2 1 1 5 16 |245 221 17 7 16 1 19 13 11 16 1 21 9 8 1 9 |1 2 6 3 2 2 1 2 1 1 12 1 7 2 2 11 |1 1 9 7 2 1 1 1 2 17 3 1 1 1 1 14 |6 1 1 1 1 1 1 4 13 1 2 2 5 1 17 15 |
9099: 1 1 12 1 1 1 1 1 7 1 1 4 6 1 9 5 |61 56 8 4 2 1 1 1 8 3 4 15 11 1 7 1 |14 26 16 5 12 3 4 19 2 1 1 1 5 7 1 8 |4 2 17 1 7 1 2 18 1 7 13 1 1 1 1 1 |1 16 6 1 1 8 1 1 7 5 1 4 11 1 2 6 |1 19 3 5 1 2 1 11 6 1 1 2 7 5 3 9 |7 2 5 4 2 1 1 2 4 1 8 17 9 1 1 2 |3 13 1 1 10 1 8 7 10 1 1 2 1 1 5 16 |245 221 17 7 16 1 19 13 11 16 1 21 9 8 1 9 |1 2 6 3 2 2 1 2 1 1 12 1 7 2 2 11 |1 1 9 7 2 1 1 1 2 17 3 1 1 1 1 14 |6 1 1 1 1 1 1 4 13 1 2 2 5 1 17 15 |
9110: 1 1 12 1 1 1 1 1 7 1 1 4 6 1 9 5 |61 56 8 4 2 1 1 1 8 3 4 15 11 1 7 1 |14 26 16 5 12 3 4 19 2 1 1 1 5 7 1 8 |4 2 17 1 7 1 2 18 1 7 13 1 1 1 1 1 |1 16 6 1 1 8 1 1 7 5 1 4 11 1 2 6 |1 19 3 5 1 2 1 11 6 1 1 2 7 5 3 9 |7 2 5 4 2 1 1 2 4 1 8 17 9 1 1 2 |3 13 1 1 10 1 8 7 10 1 1 2 1 1 5 16 |245 221 17 7 16 1 19 13 11 16 1 21 9 8 1 9 |1 2 6 3 2 2 1 2 1 1 12 1 7 2 2 11 |1 1 9 7 2 1 1 1 2 17 3 1 1 1 1 14 |6 1 1 1 1 1 1 4 13 1 2 2 5 1 17 15 |
9121: 1 1 12 1 1 1 1 1 7 1 1 4 6 1 9 5 |61 56 8 4 2 1 1 1 8 3 4 15 11 1 7 1 |14 26 16 5 12 3 4 19 2 1 1 1 5 7 1 8 |1 3 16 2 16 1 1 5 1 7 2 1 1 1 1 1 |1 16 6 1 1 8 1 1 7 5 1 4 11 1 2 6 |1 19 3 5 1 2 1 11 6 1 1 2 7 5 3 9 |7 2 5 4 2 1 1 2 4 1 8 17 9 1 1 2 |3 13 1 1 10 1 8 7 10 1 1 2 1 1 5 16 |245 221 17 7 16 1 19 13 11 16 1 21 9 8 1 9 |1 2 6 3 2 2 1 2 1 1 12 1 7 2 2 11 |1 1 9 7 2 1 1 1 2 17 3 1 1 1 1 14 |6 1 1 1 1 1 1 4 13 1 2 2 5 1 17 15 |
9132: 1 1 12 1 1 1 1 1 7 1 1 4 6 1 9 5 |61 56 8 4 2 1 1 1 8 3 4 15 11 1 7 1 |14 26 16 5 12 3 4 19 2 1 1 1 5 7 1 8 |1 3 16 2 16 1 1 5 1 7 2 1 1 1 1 1 |1 16 6 1 1 8 1 1 7 5 1 4 11 1 2 6 |1 19 3 5 1 2 1 11 6 1 1 2 7 5 3 9 |7 2 5 4 2 1 1 2 4 1 8 17 9 1 1 2 |3 13 1 1 10 1 8 7 10 1 1 2 1 1 5 16 |245 221 17 7 16 1 19 13 11 16 1 21 9 8 1 9 |1 2 6 3 2 2 1 2 1 1 12 1 7 2 2 11 |1 1 9 7 2 1 1 1 2 17 3 1 1 1 1 14 |6 1 1 1 1 1 1 4 13 1 2 2 5 1 17 15 |
9143: 1 1 12 1 1 1 1 1 7 1 1 4 6 1 9 5 |61 56 8 4 2 1 1 1 8 3 4 15 11 1 7 1 |14 26 16 5 12 3 4 19 2 1 1 1 5 7 1 8 |1 3 16 2 16 1 1 5 1 7 2 1 1 1 1 1 |1 16 6 1 1 8 1 1 7 5 1 4 11 1 2 6 |1 19 3 5 1 2 1 11 6 1 1 2 7 5 3 9 |7 2 5 4 2 1 1 2 4 1 8 17 9 1 1 2 |3 13 1 1 10 1 8 7 10 1 1 2 1 1 5 16 |245 221 17 7 16 1 19 13 11 16 1 21 9 8 1 9 |1 2 6 3 2 2 1 2 1 1 12 1 7 2 2 11 |1 1 9 7 2 1 1 1 2 17 3 1 1 1 1 14 |6 1 1 1 1 1 1 4 13 1 2 2 5 1 17 15 |
9154: 1 1 12 1 1 1 1 1 7 1 1 4 6 1 9 5 |61 56 8 4 2 1 1 1 8 3 4 15 11 1 7 1 |14 26 16 5 12 3 4 19 2 1 1 1 5 7 1 8 |1 8 16 1 6 1 1 16 1 1 12 5 1 5 3 2 |1 16 6 1 1 8 1 1 7 5 1 4 11 1 2 6 |1 19 3 5 1 2 1 11 6 1 1 2 7 5 3 9 |7 2 5 4 2 1 1 2 4 1 8 17 9 1 1 2 |3 13 1 1 10 1 8 7 10 1 1 2 1 1 5 16 |245 221 17 7 16 1 19 13 11 16 1 21 9 8 1 9 |1 2 6 3 2 2 1 2 1 1 12 1 7 2 2 11 |1 1 9 7 2 1 1 1 2 17 3 1 1 1 1 14 |6 1 1 1 1 1 1 4 13 1 2 2 5 1 17 15 |
9165: 1 1 12 1 1 1 1 1 7 1 1 4 6 1 9 5 |61 56 8 4 2 1 1 1 8 3 4 15 11 1 7 1 |14 26 16 5 12 3 4 19 2 1 1 1 5 7 1 8 |1 8 16 1 6 1 1 16 1 1 12 5 1 5 3 2 |1 7 1 8 1 1 1 2 2 15 1 3 9 1 1 1 |1 19 3 5 1 2 1 11 6 1 1 2 7 5 3 9 |7 2 5 4 2 1 1 2 4 1 8 17 9 1 1 2 |3 13 1 1 10 1 8 7 10 1 1 2 1 1 5 16 |245 221 17 7 16 1 19 13 11 16 1 21 9 8 1 9 |1 2 6 3 2 2 1 2 1 1 12 1 7 2 2 11 |1 1 9 7 2 1 1 1 2 17 3 1 1 1 1 14 |6 1 1 1 1 1 1 4 13 1 2 2 5 1 17 15 |
9176: 1 1 12 1 1 1 1 1 7 1 1 4 6 1 9 5 |61 56 8 4 2 1 1 1 8 3 4 15 11 1 7 1 |14 26 16 5 12 3 4 19 2 1 1 1 5 7 1 8 |1 8 16 1 6 1 1 16 1 1 12 5 1 5 3 2 |1 7 1 8 1 1 1 2 2 15 1 3 9 1 1 1 |1 19 3 5 1 2 1 11 6 1 1 2 7 5 3 9 |7 2 5 4 2 1 1 2 4 1 8 17 9 1 1 2 |3 13 1 1 10 1 8 7 10 1 1 2 1 1 5 16 |245 221 17 7 16 1 19 13 11 16 1 21 9 8 1 9 |1 2 6 3 2 2 1 2 1 1 12 1 7 2 2 11 |1 1 9 7 2 1 1 1 2 17 3 1 1 1 1 14 |6 1 1 1 1 1 1 4 13 1 2 2 5 1 17 15 |
9187: 1 1 12 1 1 1 1 1 7 1 1 4 6 1 9 5 |61 56 8 4 2 1 1 1 8 3 4 15 11 1 7 1 |3 3 1 2 11 1 4 16 1 2 1 1 4 6 1 7 |1 8 16 1 6 1 1 16 1 1 12 5 1 5 3 2 |1 7 1 8 1 1 1 2 2 15 1 3 9 1 1 1 |1 19 3 5 1 2 1 11 6 1 1 2 7 5 3 9 |7 2 5 4 2 1 1 2 4 1 8 17 9 1 1 2 |3 13 1 1 10 1 8 7 10 1 1 2 1 1 5 16 |245 221 17 7 16 1 19 13 11 16 1 21 9 8 1 9 |1 2 6 3 2 2 1 2 1 1 12 1 7 2 2 11 |1 1 9 7 2 1 1 1 2 17 3 1 1 1 1 14 |6 1 1 1 1 1 1 4 13 1 2 2 5 1 17 15 |
9197: 1 1 12 1 1 1 1 1 7 1 1 4 6 1 9 5 |61 56 8 4 2 1 1 1 8 3 4 15 11 1 7 1 |3 3 1 2 11 1 4 16 1 2 1 1 4 6 1 7 |1 8 16 1 6 1 1 16 1 1 12 5 1 5 3 2 |1 7 1 8 1 1 1 2 2 15 1 3 9 1 1 1 |1 19 3 5 1 2 1 11 6 1 1 2 7 5 3 9 |7 2 5 4 2 1 1 2 4 1 8 17 9 1 1 2 |3 13 1 1 10 1 8 7 10 1 1 2 1 1 5 16 |245 221 17 7 16 1 19 13 11 16 1 21 9 8 1 9 |1 2 6 3 2 2 1 2 1 1 12 1 7 2 2 11 |1 1 9 7 2 1 1 1 2 17 3 1 1 1 1 14 |6 1 1 1 1 1 1 4 13 1 2 2 5 1 17 15 |
9209: 1 1 12 1 1 1 1 1 7 1 1 4 6 1 9 5 |61 56 8 4 2 1 1 1 8 3 4 15 11 1 7 1 |3 3 1 2 11 1 4 16 1 2 1 1 4 6 1 7 |1 8 16 1 6 1 1 16 1 1 12 5 1 5 3 2 |1 7 1 8 1 1 1 2 2 15 1 3 9 1 1 1 |1 19 3 5 1 2 1 11 6 1 1 2 7 5 3 9 |7 2 5 4 2 1 1 2 4 1 8 17 9 1 1 2 |3 13 1 1 10 1 8 7 10 1 1 2 1 1 5 16 |245 221 17 7 16 1 19 13 11 16 1 21 9 8 1 9 |1 2 6 3 2 2 1 2 1 1 12 1 7 2 2 11 |1 1 9 7 2 1 1 1 2 17 3 1 1 1 1 14 |6 1 1 1 1 1 1 4 13 1 2 2 5 1 17 15 |
9219: 1 1 12 1 1 1 1 1 7 1 1 4 6 1 9 5 |61 56 8 4 2 1 1 1 8 3 4 15 11 1 7 1 |3 3 1 2 11 1 4 16 1 2 1 1 4 6 1 7 |1 8 16 1 6 1 1 16 1 1 12 5 1 5 3 2 |1 7 1 8 1 1 1 2 2 15 1 3 9 1 1 1 |1 19 3 5 1 2 1 11 6 1 1 2 7 5 3 9 |7 2 5 4 2 1 1 2 4 1 8 17 9 1 1 2 |3 13 1 1 10 1 8 7 10 1 1 2 1 1 5 16 |245 221 17 7 16 1 19 13 11 16 1 21 9 8 1 9 |1 2 6 3 2 2 1 2 1 1 12 1 7 2 2 11 |1 1 9 7 2 1 1 1 2 17 3 1 1 1 1 14 |6 1 1 1 1 1 1 4 13 1 2 2 5 1 17 15 |
9230: 1 1 12 1 1 1 1 1 7 1 1 4 6 1 9 5 |61 56 8 4 2 1 1 1 8 3 4 15 11 1 7 1 |3 3 1 2 11 1 4 16 1 2 1 1 4 6 1 7 |1 8 16 1 6 1 1 16 1 1 12 5 1 5 3 2 |1 7 1 8 1 1 1 2 2 15 1 3 9 1 1 1 |1 19 3 5 1 2 1 11 6 1 1 2 7 5 3 9 |7 2 5 4 2 1 1 2 4 1 8 17 9 1 1 2 |3 13 1 1 10 1 8 7 10 1 1 2 1 1 5 16 |245 221 17 7 16 1 19 13 11 16 1 21 9 8 1 9 |1 2 6 3 2 2 1 2 1 1 12 1 7 2 2 11 |1 1 9 7 2 1 1 1 2 17 3 1 1 1 1 14 |6 1 1 1 1 1 1 4 13 1 2 2 5 1 17 15 |
9241: 1 1 12 1 1 1 1 1 7 1 1 4 6 1 9 5 |61 56 8 4 2 1 1 1 8 3 4 15 11 1 7 1 |3 3 1 2 11 1 4 16 1 2 1 1 4 6 1 7 |1 8 16 1 6 1 1 16 1 1 12 5 1 5 3 2 |1 7 1 8 1 1 1 2 2 15 1 3 9 1 1 1 |1 19 3 5 1 2 1 11 6 1 1 2 7 5 3 9 |7 2 5 4 2 1 1 2 4 1 8 17 9 1 1 2 |3 13 1 1 10 1 8 7 10 1 1 2 1 1 5 16 |245 221 17 7 16 1 19 13 11 16 1 21 9 8 1 9 |1 2 6 3 2 2 1 2 1 1 12 1 7 2 2 11 |1 1 9 7 2 1 1 1 2 17 3 1 1 1 1 14 |6 1 1 1 1 1 1 4 13 1 2 2 5 1 17 15 |
9252: 1 1 12 1 1 1 1 1 7 1 1 4 6 1 9 5 |61 56 8 4 2 1 1 1 8 3 4 15 11 1 7 1 |3 3 1 2 11 1 4 16 1 2 1 1 4 6 1 7 |3 4 3 3 16 1 3 17 12 4 11 1 1 1 1 1 |1 7 1 8 1 1 1 2 2 15 1 3 9 1 1 1 |1 19 3 5 1 2 1 11 6 1 1 2 7 5 3 9 |7 2 5 4 2 1 1 2 4 1 8 17 9 1 1 2 |3 13 1 1 10 1 8 7 10 1 1 2 1 1 5 16 |245 221 17 7 16 1 19 13 11 16 1 21 9 8 1 9 |1 2 6 3 2 2 1 2 1 1 12 1 7 2 2 11 |1 1 9 7 2 1 1 1 2 17 3 1 1 1 1 14 |6 1 1 1 1 1 1 4 13 1 2 2 5 1 17 15 |
9263: 1 1 12 1 1 1 1 1 7 1 1 4 6 1 9 5 |61 56 8 4 2 1 1 1 8 3 4 15 11 1 7 1 |3 3 1 2 11 1 4 16 1 2 1 1 4 6 1 7 |3 4 3 3 16 1 3 17 12 4 11 1 1 1 1 1 |1 7 1 8 1 1 1 2 2 15 1 3 9 1 1 1 |1 19 3 5 1 2 1 11 6 1 1 2 7 5 3 9 |7 2 5 4 2 1 1 2 4 1 8 17 9 1 1 2 |3 13 1 1 10 1 8 7 10 1 1 2 1 1 5 16 |245 221 17 7 16 1 19 13 11 16 1 21 9 8 1 9 |1 2 6 3 2 2 1 2 1 1 12 1 7 2 2 11 |1 1 9 7 2 1 1 1 2 17 3 1 1 1 1 14 |6 1 1 1 1 1 1 4 13 1 2 2 5 1 17 15 |
9274: 1 1 12 1 1 1 1 1 7 1 1 4 6 1 9 5 |61 56 8 4 2 1 1 1 8 3 4 15 11 1 7 1 |3 3 1 2 11 1 4 16 1 2 1 1 4 6 1 7 |3 4 3 3 16 1 3 17 12 4 11 1 1 1 1 1 |1 7 1 8 1 1 1 2 2 15 1 3 9 1 1 1 |1 19 3 5 1 2 1 11 6 1 1 2 7 5 3 9 |7 2 5 4 2 1 1 2 4 1 8 17 9 1 1 2 |3 13 1 1 10 1 8 7 10 1 1 2 1 1 5 16 |245 221 17 7 16 1 19 13 11 16 1 21 9 8 1 9 |1 2 6 3 2 2 1 2 1 1 12 1 7 2 2 11 |1 1 9 7 2 1 1 1 2 17 3 1 1 1 1 14 |6 1 1 1 1 1 1 4 13 1 2 2 5 1 17 15 |
9285: 1 1 12 1 1 1 1 1 7 1 1 4 6 1 9 5 |61 56 8 4 2 1 1 1 8 3 4 15 11 1 7 1 |3 3 1 2 11 1 4 16 1 2 1 1 4 6 1 7 |3 4 3 3 16 1 3 17 12 4 11 1 1 1 1 1 |1 7 1 8 1 1 1 2 2 15 1 3 9 1 1 1 |1 19 3 5 1 2 1 11 6 1 1 2 7 5 3 9 |7 2 5 4 2 1 1 2 4 1 8 17 9 1 1 2 |3 13 1 1 10 1 8 7 10 1 1 2 1 1 5 16 |245 221 17 7 16 1 19 13 11 16 1 21 9 8 1 9 |1 2 6 3 2 2 1 2 1 1 12 1 7 2 2 11 |1 1 9 7 2 1 1 1 2 17 3 1 1 1 1 14 |6 1 1 1 1 1 1 4 13 1 2 2 5 1 17 15 |
9296: 1 1 12 1 1 1 1 1 7 1 1 4 6 1 9 5 |61 56 8 4 2 1 1 1 8 3 4 15 11 1 7 1 |3 3 1 2 11 1 4 16 1 2 1 1 4 6 1 7 |3 4 3 3 16 1 3 17 12 4 11 1 1 1 1 1 |1 7 1 8 1 1 1 2 2 15 1 3 9 1 1 1 |1 19 3 5 1 2 1 11 6 1 1 2 7 5 3 9 |7 2 5 4 2 1 1 2 4 1 8 17 9 1 1 2 |3 13 1 1 10 1 8 7 10 1 1 2 1 1 5 16 |245 221 17 7 16 1 19 13 11 16 1 21 9 8 1 9 |1 2 6 3 2 2 1 2 1 1 12 1 7 2 2 11 |1 1 9 7 2 1 1 1 2 17 3 1 1 1 1 14 |6 1 1 1 1 7 1 4 5 1 1 1 5 1 17 15 |
9307: 1 1 12 1 1 1 1 1 7 1 1 4 6 1 9 5 |61 56 8 4 2 1 1 1 8 3 4 15 11 1 7 1 |3 3 1 2 11 1 4 16 1 2 1 1 4 6 1 7 |3 4 3 3 16 1 3 17 12 4 11 1 1 1 1 1 |1 7 1 8 1 1 1 2 2 15 1 3 9 1 1 1 |1 19 3 5 1 2 1 11 6 1 1 2 7 5 3 9 |7 2 5 4 2 1 1 2 4 1 8 17 9 1 1 2 |3 13 1 1 10 1 8 7 10 1 1 2 1 1 5 16 |245 221 17 7 16 1 19 13 11 16 1 21 9 8 1 9 |1 2 6 3 2 2 1 2 1 1 12 1 7 2 2 11 |1 1 9 7 2 1 1 1 2 17 3 1 1 1 1 14 |6 1 1 1 1 7 1 4 5 1 1 1 5 1 17 15 |
9318: 1 1 12 1 1 1 1 1 7 1 1 4 6 1 9 5 |61 56 8 4 2 1 1 1 8 3 4 15 11 1 7 1 |11 9 10 5 11 1 1 17 7 1 1 4 1 5 1 7 |3 4 3 3 16 1 3 17 12 4 11 1 1 1 1 1 |1 7 1 8 1 1 1 2 2 15 1 3 9 1 1 1 |1 19 3 5 1 2 1 11 6 1 1 2 7 5 3 9 |7 2 5 4 2 1 1 2 4 1 8 17 9 1 1 2 |3 13 1 1 10 1 8 7 10 1 1 2 1 1 5 16 |245 221 17 7 16 1 19 13 11 16 1 21 9 8 1 9 |1 2 6 3 2 2 1 2 1 1 12 1 7 2 2 11 |1 1 9 7 2 1 1 1 2 17 3 1 1 1 1 14 |6 1 1 1 1 7 1 4 5 1 1 1 5 1 17 15 |
9329: 1 1 12 1 1 1 1 1 7 1 1 4 6 1 9 5 |61 56 8 4 2 1 1 1 8 3 4 15 11 1 7 1 |11 9 10 5 11 1 1 17 7 1 1 4 1 5 1 7 |3 4 3 3 16 1 3 17 12 4 11 1 1 1 1 1 |1 7 1 8 1 1 1 2 2 15 1 3 9 1 1 1 |1 19 3 5 1 2 1 11 6 1 1 2 7 5 3 9 |7 2 5 4 2 1 1 2 4 1 8 17 9 1 1 2 |3 13 1 1 10 1 8 7 10 1 1 2 1 1 5 16 |245 221 17 7 16 1 19 13 11 16 1 21 9 8 1 9 |1 2 6 3 2 2 1 2 1 1 12 1 7 2 2 11 |1 1 9 7 2 1 1 1 2 17 3 1 1 1 1 14 |1 1 1 6 10 3 1 3 4 1 1 1 1 1 16 15 |
9340: 1 1 12 1 1 1 1 1 7 1 1 4 6 1 9 5 |61 56 8 4 2 1 1 1 8 3 4 15 11 1 7 1 |11 9 10 5 11 1 1 17 7 1 1 4 1 5 1 7 |3 4 3 3 16 1 3 17 12 4 11 1 1 1 1 1 |1 7 1 8 1 1 1 2 2 15 1 3 9 1 1 1 |1 19 3 5 1 2 1 11 6 1 1 2 7 5 3 9 |7 2 5 4 2 1 1 2 4 1 8 17 9 1 1 2 |3 13 1 1 10 1 8 7 10 1 1 2 1 1 5 16 |245 221 17 7 16 1 19 13 11 16 1 21 9 8 1 9 |1 2 6 3 2 2 1 2 1 1 12 1 7 2 2 11 |1 1 9 7 2 1 1 1 2 17 3 1 1 1 1 14 |1 1 1 6 10 3 1 3 4 1 1 1 1 1 16 15 |
9351: 1 1 12 1 1 1 1 1 7 1 1 4 6 1 9 5 |61 56 8 4 2 1 1 1 8 3 4 15 11 1 7 1 |7 15 10 2 11 1 3 17 9 1 1 6 2 6 1 7 |3 4 3 3 16 1 3 17 12 4 11 1 1 1 1 1 |1 7 1 8 1 1 1 2 2 15 1 3 9 1 1 1 |1 19 3 5 1 2 1 11 6 1 1 2 7 5 3 9 |7 2 5 4 2 1 1 2 4 1 8 17 9 1 1 2 |3 13 1 1 10 1 8 7 10 1 1 2 1 1 5 16 |245 221 17 7 16 1 19 13 11 16 1 21 9 8 1 9 |1 2 6 3 2 2 1 2 1 1 12 1 7 2 2 11 |1 1 9 7 2 1 1 1 2 17 3 1 1 1 1 14 |1 1 1 6 10 3 1 3 4 1 1 1 1 1 16 15 |
9362: 1 1 12 1 1 1 1 1 7 1 1 4 6 1 9 5 |61 56 8 4 2 1 1 1 8 3 4 15 11 1 7 1 |7 15 10 2 11 1 3 17 9 1 1 6 2 6 1 7 |3 4 3 3 16 1 3 17 12 4 11 1 1 1 1 1 |1 7 1 8 1 1 1 2 2 15 1 3 9 1 1 1 |1 19 3 5 1 2 1 11 6 1 1 2 7 5 3 9 |7 2 5 4 2 1 1 2 4 1 8 17 9 1 1 2 |3 13 1 1 10 1 8 7 10 1 1 2 1 1 5 16 |6 2 1 16 7 1 1 1 1 1 1 5 2 7 2 4 |1 2 6 3 2 2 1 2 1 1 12 1 7 2 2 11 |1 1 9 7 2 1 1 1 2 17 3 1 1 1 1 14 |1 1 1 6 10 3 1 3 4 1 1 1 1 1 16 15 |
9373: 1 1 12 1 1 1 1 1 7 1 1 4 6 1 9 5 |61 56 8 4 2 1 1 1 8 3 4 15 11 1 7 1 |7 15 10 2 11 1 3 17 9 1 1 6 2 6 1 7 |3 4 3 3 16 1 3 17 12 4 11 1 1 1 1 1 |1 7 1 8 1 1 1 2 2 15 1 3 9 1 1 1 |1 19 3 5 1 2 1 11 6 1 1 2 7 5 3 9 |7 2 5 4 2 1 1 2 4 1 8 17 9 1 1 2 |3 13 1 1 10 1 8 7 10 1 1 2 1 1 5 16 |6 2 1 16 7 1 1 1 1 1 1 5 2 7 2 4 |1 2 6 3 2 2 1 2 1 1 12 1 7 2 2 11 |1 1 9 7 2 1 1 1 2 17 3 1 1 1 1 14 |1 1 1 6 10 3 1 3 4 1 1 1 1 1 16 15 |
9384: 1 1 12 1 1 1 1 1 7 1 1 4 6 1 9 5 |62 138 20 1 1 1 1 1 14 3 3 13 4 1 1 5 |7 15 10 2 11 1 3 17 9 1 1 6 2 6 1 7 |3 4 3 3 16 1 3 17 12 4 11 1 1 1 1 1 |1 7 1 8 1 1 1 2 2 15 1 3 9 1 1 1 |1 19 3 5 1 2 1 11 6 1 1 2 7 5 3 9 |7 2 5 4 2 1 1 2 4 1 8 17 9 1 1 2 |3 13 1 1 10 1 8 7 10 1 1 2 1 1 5 16 |6 2 1 16 7 1 1 1 1 1 1 5 2 7 2 4 |1 2 6 3 2 2 1 2 1 1 12 1 7 2 2 11 |1 1 9 7 2 1 1 1 2 17 3 1 1 1 1 14 |1 1 1 6 10 3 1 3 4 1 1 1 1 1 16 15 |
9395: 1 1 12 1 1 1 1 1 7 1 1 4 6 1 9 5 |62 138 20 1 1 1 1 1 14 3 3 13 4 1 1 5 |7 15 10 2 11 1 3 17 9 1 1 6 2 6 1 7 |3 4 3 3 16 1 3 17 12 4 11 1 1 1 1 1 |1 7 1 8 1 1 1 2 2 15 1 3 9 1 1 1 |1 19 3 5 1 2 1 11 6 1 1 2 7 5 3 9 |7 2 5 4 2 1 1 2 4 1 8 17 9 1 1 2 |3 13 1 1 10 1 8 7 10 1 1 2 1 1 5 16 |6 2 1 16 7 1 1 1 1 1 1 5 2 7 2 4 |1 2 6 3 2 2 1 2 1 1 12 1 7 2 2 11 |1 1 12 8 15 1 2 8 1 17 4 1 1 1 1 15 |1 1 1 6 10 3 1 3 4 1 1 1 1 1 16 15 |
9406: 1 1 12 1 1 1 1 1 7 1 1 4 6 1 9 5 |62 138 20 1 1 1 1 1 14 3 3 13 4 1 1 5 |7 15 10 2 11 1 3 17 9 1 1 6 2 6 1 7 |3 4 3 3 16 1 3 17 12 4 11 1 1 1 1 1 |1 7 1 8 1 1 1 2 2 15 1 3 9 1 1 1 |1 19 3 5 1 2 1 11 6 1 1 2 7 5 3 9 |7 2 5 4 2 1 1 2 4 1 8 17 9 1 1 2 |3 13 1 1 10 1 8 7 10 1 1 2 1 1 5 16 |6 2 1 16 7 1 1 1 1 1 1 5 2 7 2 4 |1 2 6 3 2 2 1 2 1 1 12 1 7 2 2 11 |1 1 12 8 15 1 2 8 1 17 4 1 1 1 1 15 |1 1 1 6 10 3 1 3 4 1 1 1 1 1 16 15 |
9417: 1 1 12 1 1 1 1 1 7 1 1 4 6 1 9 5 |34 194 188 15 1 11 1 1 14 3 1 17 16 8 1 14 |7 15 10 2 11 1 3 17 9 1 1 6 2 6 1 7 |3 4 3 3 16 1 3 17 12 4 11 1 1 1 1 1 |1 7 1 8 1 1 1 2 2 15 1 3 9 1 1 1 |1 19 3 5 1 2 1 11 6 1 1 2 7 5 3 9 |7 2 5 4 2 1 1 2 4 1 8 17 9 1 1 2 |3 13 1 1 10 1 8 7 10 1 1 2 1 1 5 16 |6 2 1 16 7 1 1 1 1 1 1 5 2 7 2 4 |1 2 6 3 2 2 1 2 1 1 12 1 7 2 2 11 |1 1 12 8 15 1 2 8 1 17 4 1 1 1 1 15 |1 1 1 6 10 3 1 3 4 1 1 1 1 1 16 15 |
9428: 1 1 12 1 1 1 1 1 7 1 1 4 6 1 9 5 |34 194 188 15 1 11 1 1 14 3 1 17 16 8 1 14 |7 15 10 2 11 1 3 17 9 1 1 6 2 6 1 7 |3 4 3 3 16 1 3 17 12 4 11 1 1 1 1 1 |1 7 1 8 1 1 1 2 2 15 1 3 9 1 1 1 |1 19 3 5 1 2 1 11 6 1 1 2 7 5 3 9 |7 2 5 4 2 1 1 2 4 1 8 17 9 1 1 2 |3 13 1 1 10 1 8 7 10 1 1 2 1 1 5 16 |2 5 1 16 9 1 15 13 10 1 1 8 1 8 1 1 |1 2 6 3 2 2 1 2 1 1 12 1 7 2 2 11 |1 1 12 8 15 1 2 8 1 17 4 1 1 1 1 15 |1 1 1 6 10 3 1 3 4 1 1 1 1 1 16 15 |
9439: 1 1 12 1 1 1 1 1 7 1 1 4 6 1 9 5 |34 194 188 15 1 11 1 1 14 3 1 17 16 8 1 14 |7 15 10 2 11 1 3 17 9 1 1 6 2 6 1 7 |3 4 3 3 16 1 3 17 12 4 11 1 1 1 1 1 |1 7 1 8 1 1 1 2 2 15 1 3 9 1 1 1 |1 19 3 5 1 2 1 11 6 1 1 2 7 5 3 9 |7 2 5 4 2 1 1 2 4 1 8 17 9 1 1 2 |3 13 1 1 10 1 8 7 10 1 1 2 1 1 5 16 |2 5 1 16 9 1 15 13 10 1 1 8 1 8 1 1 |1 2 14 4 2 5 1 4 1 2 5 1 6 2 2 18 |1 1 12 8 15 1 2 8 1 17 4 1 1 1 1 15 |1 1 1 6 10 3 1 3 4 1 1 1 1 1 16 15 |
9450: 1 1 12 1 1 1 1 1 7 1 1 4 6 1 9 5 |34 194 188 15 1 11 1 1 14 3 1 17 16 8 1 14 |7 15 10 2 11 1 3 17 9 1 1 6 2 6 1 7 |3 4 3 3 16 1 3 17 12 4 11 1 1 1 1 1 |1 7 1 8 1 1 1 2 2 15 1 3 9 1 1 1 |1 19 3 5 1 2 1 11 6 1 1 2 7 5 3 9 |7 2 5 4 2 1 1 2 4 1 8 17 9 1 1 2 |3 13 1 1 10 1 8 7 10 1 1 2 1 1 5 16 |2 5 1 16 9 1 15 13 10 1 1 8 1 8 1 1 |1 2 14 4 2 5 1 4 1 2 5 1 6 2 2 18 |1 1 12 8 15 1 2 8 1 17 4 1 1 1 1 15 |1 1 1 6 10 3 1 3 4 1 1 1 1 1 16 15 |
9461: 1 1 12 1 1 1 1 1 7 1 1 4 6 1 9 5 |34 194 188 15 1 11 1 1 14 3 1 17 16 8 1 14 |7 15 10 2 11 1 3 17 9 1 1 6 2 6 1 7 |3 4 3 3 16 1 3 17 12 4 11 1 1 1 1 1 |1 7 1 8 1 1 1 2 2 15 1 3 9 1 1 1 |1 19 3 5 1 2 1 11 6 1 1 2 7 5 3 9 |7 2 5 4 2 1 1 2 4 1 8 17 9 1 1 2 |3 13 1 1 10 1 8 7 10 1 1 2 1 1 5 16 |2 5 1 16 9 1 15 13 10 1 1 8 1 8 1 1 |1 2 14 4 2 5 1 4 1 2 5 1 6 2 2 18 |1 1 12 8 15 1 2 8 1 17 4 1 1 1 1 15 |1 1 1 6 10 3 1 3 4 1 1 1 1 1 16 15 |
9472: 1 1 12 1 1 1 1 1 7 1 1 4 6 1 9 5 |34 194 188 15 1 11 1 1 14 3 1 17 16 8 1 14 |7 15 10 2 11 1 3 17 9 1 1 6 2 6 1 7 |3 4 3 3 16 1 3 17 12 4 11 1 1 1 1 1 |1 7 1 8 1 1 1 2 2 15 1 3 9 1 1 1 |1 19 3 5 1 2 1 11 6 1 1 2 7 5 3 9 |7 2 5 4 2 1 1 2 4 1 8 17 9 1 1 2 |3 13 1 1 10 1 8 7 10 1 1 2 1 1 5 16 |2 5 1 16 9 1 15 13 10 1 1 8 1 8 1 1 |1 2 14 4 2 5 1 4 1 2 5 1 6 2 2 18 |1 1 12 8 15 1 2 8 1 17 4 1 1 1 1 15 |1 1 1 6 10 3 1 3 4 1 1 1 1 1 16 15 |
9483: 1 1 12 1 1 1 1 1 7 1 1 4 6 1 9 5 |34 194 188 15 1 11 1 1 14 3 1 17 16 8 1 14 |7 15 10 2 11 1 3 17 9 1 1 6 2 6 1 7 |3 4 3 3 16 1 3 17 12 4 11 1 1 1 1 1 |1 7 1 8 1 1 1 2 2 15 1 3 9 1 1 1 |1 19 3 5 1 2 1 11 6 1 1 2 7 5 3 9 |7 2 5 4 2 1 1 2 4 1 8 17 9 1 1 2 |3 13 1 1 10 1 8 7 10 1 1 2 1 1 5 16 |2 5 1 16 9 1 15 13 10 1 1 8 1 8 1 1 |1 2 14 4 2 5 1 4 1 2 5 1 6 2 2 18 |1 1 12 8 15 1 2 8 1 17 4 1 1 1 1 15 |1 1 1 6 10 3 1 3 4 1 1 1 1 1 16 15 |
9494: 1 1 12 1 1 1 1 1 7 1 1 4 6 1 9 5 |34 194 188 15 1 11 1 1 14 3 1 17 16 8 1 14 |7 15 10 2 11 1 3 17 9 1 1 6 2 6 1 7 |3 4 3 3 16 1 3 17 12 4 11 1 1 1 1 1 |1 7 1 8 1 1 1 2 2 15 1 3 9 1 1 1 |1 19 3 5 1 2 1 11 6 1 1 2 7 5 3 9 |7 2 5 4 2 1 1 2 4 1 8 17 9 1 1 2 |3 13 1 1 10 1 8 7 10 1 1 2 1 1 5 16 |2 5 1 16 9 1 15 13 10 1 1 8 1 8 1 1 |1 2 14 4 2 5 1 4 1 2 5 1 6 2 2 18 |1 1 12 8 15 1 2 8 1 17 4 1 1 1 1 15 |1 1 1 6 10 3 1 3 4 1 1 1 1 1 16 15 |
9505: 1 1 12 1 1 1 1 1 7 1 1 4 6 1 9 5 |34 194 188 15 1 11 1 1 14 3 1 17 16 8 1 14 |7 15 10 2 11 1 3 17 9 1 1 6 2 6 1 7 |3 4 3 3 16 1 3 17 12 4 11 1 1 1 1 1 |1 7 1 8 1 1 1 2 2 15 1 3 9 1 1 1 |1 19 3 5 1 2 1 11 6 1 1 2 7 5 3 9 |7 2 5 4 2 1 1 2 4 1 8 17 9 1 1 2 |3 13 1 1 10 1 8 7 10 1 1 2 1 1 5 16 |2 5 1 16 9 1 15 13 10 1 1 8 1 8 1 1 |1 2 14 4 2 5 1 4 1 2 5 1 6 2 2 18 |1 1 12 8 15 1 2 8 1 17 4 1 1 1 1 15 |1 1 1 6 10 3 1 3 4 1 1 1 1 1 16 15 |
9516: 1 1 12 1 1 1 1 1 7 1 1 4 6 1 9 5 |34 194 188 15 1 11 1 1 14 3 1 17 16 8 1 14 |7 15 10 2 11 1 3 17 9 1 1 6 2 6 1 7 |3 4 3 3 16 1 3 17 12 4 11 1 1 1 1 1 |1 7 8 12 1 1 1 2 2 15 1 3 9 1 4 3 |1 19 3 5 1 2 1 11 6 1 1 2 7 5 3 9 |7 2 5 4 2 1 1 2 4 1 8 17 9 1 1 2 |3 13 1 1 10 1 8 7 10 1 1 2 1 1 5 16 |2 5 1 16 9 1 15 13 10 1 1 8 1 8 1 1 |1 2 14 4 2 5 1 4 1 2 5 1 6 2 2 18 |1 1 12 8 15 1 2 8 1 17 4 1 1 1 1 15 |1 1 1 6 10 3 1 3 4 1 1 1 1 1 16 15 |
9527: 1 1 12 1 1 1 1 1 7 1 1 4 6 1 9 5 |34 194 188 15 1 11 1 1 14 3 1 17 16 8 1 14 |7 15 10 2 11 1 3 17 9 1 1 6 2 6 1 7 |3 4 3 3 16 1 3 17 12 4 11 1 1 1 1 1 |1 7 8 12 1 1 1 2 2 15 1 3 9 1 4 3 |1 12 10 20 1 4 1 1 5 2 1 2 3 5 2 14 |7 2 5 4 2 1 1 2 4 1 8 17 9 1 1 2 |3 13 1 1 10 1 8 7 10 1 1 2 1 1 5 16 |2 5 1 16 9 1 15 13 10 1 1 8 1 8 1 1 |1 2 14 4 2 5 1 4 1 2 5 1 6 2 2 18 |1 1 12 8 15 1 2 8 1 17 4 1 1 1 1 15 |1 1 1 6 10 3 1 3 4 1 1 1 1 1 16 15 |
9538: 1 1 12 1 1 1 1 1 7 1 1 4 6 1 9 5 |34 194 188 15 1 11 1 1 14 3 1 17 16 8 1 14 |7 15 10 2 11 1 3 17 9 1 1 6 2 6 1 7 |3 4 3 3 16 1 3 17 12 4 11 1 1 1 1 1 |1 7 8 12 1 1 1 2 2 15 1 3 9 1 4 3 |1 12 10 20 1 4 1 1 5 2 1 2 3 5 2 14 |7 2 5 4 2 1 1 2 4 1 8 17 9 1 1 2 |3 13 1 1 10 1 8 7 10 1 1 2 1 1 5 16 |2 5 1 16 9 1 15 13 10 1 1 8 1 8 1 1 |1 2 14 4 2 5 1 4 1 2 5 1 6 2 2 18 |1 1 12 8 15 1 2 8 1 17 4 1 1 1 1 15 |1 1 1 6 10 3 1 3 4 1 1 1 1 1 16 15 |
9549: 1 1 12 1 1 1 1 1 7 1 1 4 6 1 9 5 |34 194 188 15 1 11 1 1 14 3 1 17 16 8 1 14 |7 15 10 2 11 1 3 17 9 1 1 6 2 6 1 7 |3 4 3 3 16 1 3 17 12 4 11 1 1 1 1 1 |1 7 8 12 1 1 1 2 2 15 1 3 9 1 4 3 |1 12 10 20 1 4 1 1 5 2 1 2 3 5 2 14 |7 2 5 4 2 1 1 2 4 1 8 17 9 1 1 2 |3 13 1 1 10 1 8 7 10 1 1 2 1 1 5 16 |2 5 1 16 9 1 15 13 10 1 1 8 1 8 1 1 |1 2 14 4 2 5 1 4 1 2 5 1 6 2 2 18 |1 1 12 8 15 1 2 8 1 17 4 1 1 1 1 15 |1 1 1 6 10 3 1 3 4 1 1 1 1 1 16 15 |
9560: 1 1 12 1 1 1 1 1 7 1 1 4 6 1 9 5 |34 194 188 15 1 11 1 1 14 3 1 17 16 8 1 14 |7 15 10 2 11 1 3 17 9 1 1 6 2 6 1 7 |3 4 3 3 16 1 3 17 12 4 11 1 1 1 1 1 |1 7 8 12 1 1 1 2 2 15 1 3 9 1 4 3 |1 12 10 20 1 4 1 1 5 2 1 2 3 5 2 14 |7 2 5 4 2 1 1 2 4 1 8 17 9 1 1 2 |3 13 1 1 10 1 8 7 10 1 1 2 1 1 5 16 |2 5 1 16 9 1 15 13 10 1 1 8 1 8 1 1 |1 2 14 4 2 5 1 4 1 2 5 1 6 2 2 18 |2 1 9 8 16 12 2 3 3 13 2 1 1 2 7 1 |1 1 1 6 10 3 1 3 4 1 1 1 1 1 16 15 |
9571: 1 1 12 1 1 1 1 1 7 1 1 4 6 1 9 5 |34 194 188 15 1 11 1 1 14 3 1 17 16 8 1 14 |7 15 10 2 11 1 3 17 9 1 1 6 2 6 1 7 |3 4 3 3 16 1 3 17 12 4 11 1 1 1 1 1 |1 7 8 12 1 1 1 2 2 15 1 3 9 1 4 3 |1 12 10 20 1 4 1 1 5 2 1 2 3 5 2 14 |7 2 5 4 2 1 1 2 4 1 8 17 9 1 1 2 |3 13 1 1 10 1 8 7 10 1 1 2 1 1 5 16 |2 5 1 16 9 1 15 13 10 1 1 8 1 8 1 1 |1 2 14 4 2 5 1 4 1 2 5 1 6 2 2 18 |2 1 9 8 16 12 2 3 3 13 2 1 1 2 7 1 |1 1 1 6 10 3 1 3 4 1 1 1 1 1 16 15 |
9582: 1 1 12 1 1 1 1 1 7 1 1 4 6 1 9 5 |15 3 1 4 18 8 10 6 14 1 4 15 11 1 1 1 |7 15 10 2 11 1 3 17 9 1 1 6 2 6 1 7 |3 4 3 3 16 1 3 17 12 4 11 1 1 1 1 1 |1 7 8 12 1 1 1 2 2 15 1 3 9 1 4 3 |1 12 10 20 1 4 1 1 5 2 1 2 3 5 2 14 |7 2 5 4 2 1 1 2 4 1 8 17 9 1 1 2 |3 13 1 1 10 1 8 7 10 1 1 2 1 1 5 16 |2 5 1 16 9 1 15 13 10 1 1 8 1 8 1 1 |1 2 14 4 2 5 1 4 1 2 5 1 6 2 2 18 |2 1 9 8 16 12 2 3 3 13 2 1 1 2 7 1 |1 1 1 6 10 3 1 3 4 1 1 1 1 1 16 15 |
9592: 1 1 12 1 1 1 1 1 7 1 1 4 6 1 9 5 |15 3 1 4 18 8 10 6 14 1 4 15 11 1 1 1 |7 15 10 2 11 1 3 17 9 1 1 6 2 6 1 7 |3 4 3 3 16 1 3 17 12 4 11 1 1 1 1 1 |1 7 8 12 1 1 1 2 2 15 1 3 9 1 4 3 |1 12 10 20 1 4 1 1 5 2 1 2 3 5 2 14 |7 2 5 4 2 1 1 2 4 1 8 17 9 1 1 2 |3 13 1 1 10 1 8 7 10 1 1 2 1 1 5 16 |2 5 1 16 9 1 15 13 10 1 1 8 1 8 1 1 |1 2 4 2 1 14 2 2 1 1 1 1 7 2 14 1 |2 1 9 8 16 12 2 3 3 13 2 1 1 2 7 1 |1 1 1 6 10 3 1 3 4 1 1 1 1 1 16 15 |
9603: 1 1 12 1 1 1 1 1 7 1 1 4 6 1 9 5 |15 3 1 4 18 8 10 6 14 1 4 15 11 1 1 1 |7 15 10 2 11 1 3 17 9 1 1 6 2 6 1 7 |3 4 3 3 16 1 3 17 12 4 11 1 1 1 1 1 |1 7 8 12 1 1 1 2 2 15 1 3 9 1 4 3 |1 12 10 20 1 4 1 1 5 2 1 2 3 5 2 14 |7 2 5 4 2 1 1 2 4 1 8 17 9 1 1 2 |3 13 1 1 10 1 8 7 10 1 1 2 1 1 5 16 |2 5 1 16 9 1 15 13 10 1 1 8 1 8 1 1 |1 2 4 2 1 14 2 2 1 1 1 1 7 2 14 1 |2 1 9 8 16 12 2 3 3 13 2 1 1 2 7 1 |1 1 1 6 10 3 1 3 4 1 1 1 1 1 16 15 |
9614: 1 1 12 1 1 1 1 1 7 1 1 4 6 1 9 5 |9 2 1 1 12 4 1 1 14 1 3 15 16 1 1 1 |7 15 10 2 11 1 3 17 9 1 1 6 2 6 1 7 |3 4 3 3 16 1 3 17 12 4 11 1 1 1 1 1 |1 7 8 12 1 1 1 2 2 15 1 3 9 1 4 3 |1 12 10 20 1 4 1 1 5 2 1 2 3 5 2 14 |7 2 5 4 2 1 1 2 4 1 8 17 9 1 1 2 |3 13 1 1 10 1 8 7 10 1 1 2 1 1 5 16 |2 5 1 16 9 1 15 13 10 1 1 8 1 8 1 1 |1 2 4 2 1 14 2 2 1 1 1 1 7 2 14 1 |2 1 9 8 16 12 2 3 3 13 2 1 1 2 7 1 |1 1 1 6 10 3 1 3 4 1 1 1 1 1 16 15 |
9625: 1 1 12 1 1 1 1 1 7 1 1 4 6 1 9 5 |9 2 1 1 12 4 1 1 14 1 3 15 16 1 1 1 |5 1 1 8 26 78 17 25 10 1 1 1 6 7 1 9 |3 4 3 3 16 1 3 17 12 4 11 1 1 1 1 1 |1 7 8 12 1 1 1 2 2 15 1 3 9 1 4 3 |1 12 10 20 1 4 1 1 5 2 1 2 3 5 2 14 |7 2 5 4 2 1 1 2 4 1 8 17 9 1 1 2 |3 13 1 1 10 1 8 7 10 1 1 2 1 1 5 16 |2 5 1 16 9 1 15 13 10 1 1 8 1 8 1 1 |1 2 4 2 1 14 2 2 1 1 1 1 7 2 14 1 |2 1 9 8 16 12 2 3 3 13 2 1 1 2 7 1 |1 1 1 6 10 3 1 3 4 1 1 1 1 1 16 15 |
9636: 1 1 12 1 1 1 1 1 7 1 1 4 6 1 9 5 |9 2 1 1 12 4 1 1 14 1 3 15 16 1 1 1 |5 1 1 8 26 78 17 25 10 1 1 1 6 7 1 9 |3 4 3 3 16 1 3 17 12 4 11 1 1 1 1 1 |1 7 8 12 1 1 1 2 2 15 1 3 9 1 4 3 |1 12 10 20 1 4 1 1 5 2 1 2 3 5 2 14 |7 2 5 4 2 1 1 2 4 1 8 17 9 1 1 2 |3 13 1 1 10 1 8 7 10 1 1 2 1 1 5 16 |2 5 1 16 9 1 15 13 10 1 1 8 1 8 1 1 |1 2 4 2 1 14 2 2 1 1 1 1 7 2 14 1 |2 1 9 8 16 12 2 3 3 13 2 1 1 2 7 1 |1 1 1 6 10 3 1 3 4 1 1 1 1 1 16 15 |
9647: 1 1 12 1 1 1 1 1 7 1 1 4 6 1 9 5 |9 2 1 1 12 4 1 1 14 1 3 15 16 1 1 1 |5 1 1 8 26 78 17 25 10 1 1 1 6 7 1 9 |3 4 3 3 16 1 3 17 12 4 11 1 1 1 1 1 |1 7 8 12 1 1 1 2 2 15 1 3 9 1 4 3 |1 12 10 20 1 4 1 1 5 2 1 2 3 5 2 14 |7 2 5 4 2 1 1 2 4 1 8 17 9 1 1 2 |3 13 1 1 10 1 8 7 10 1 1 2 1 1 5 16 |2 5 1 16 9 1 15 13 10 1 1 8 1 8 1 1 |1 2 4 2 1 14 2 2 1 1 1 1 7 2 14 1 |2 1 9 8 16 12 2 3 3 13 2 1 1 2 7 1 |1 1 1 6 10 3 1 3 4 1 1 1 1 1 16 15 |
9658: 1 1 12 1 1 1 1 1 7 1 1 4 6 1 9 5 |9 2 1 1 12 4 1 1 14 1 3 15 16 1 1 1 |5 1 1 8 26 78 17 25 10 1 1 1 6 7 1 9 |3 4 3 3 16 1 3 17 12 4 11 1 1 1 1 1 |1 7 8 12 1 1 1 2 2 15 1 3 9 1 4 3 |2 10 1 7 2 30 16 18 5 1 1 2 8 5 4 10 |7 2 5 4 2 1 1 2 4 1 8 17 9 1 1 2 |3 13 1 1 10 1 8 7 10 1 1 2 1 1 5 16 |2 5 1 16 9 1 15 13 10 1 1 8 1 8 1 1 |1 2 4 2 1 14 2 2 1 1 1 1 7 2 14 1 |2 1 9 8 16 12 2 3 3 13 2 1 1 2 7 1 |1 1 1 6 10 3 1 3 4 1 1 1 1 1 16 15 |
9669: 1 1 12 1 1 1 1 1 7 1 1 4 6 1 9 5 |9 2 1 1 12 4 1 1 14 1 3 15 16 1 1 1 |5 1 1 8 26 78 17 25 10 1 1 1 6 7 1 9 |3 4 3 3 16 1 3 17 12 4 11 1 1 1 1 1 |1 7 8 12 1 1 1 2 2 15 1 3 9 1 4 3 |2 10 1 7 2 30 16 18 5 1 1 2 8 5 4 10 |7 2 5 4 2 1 1 2 4 1 8 17 9 1 1 2 |3 13 1 1 10 1 8 7 10 1 1 2 1 1 5 16 |2 5 1 16 9 1 15 13 10 1 1 8 1 8 1 1 |1 2 4 2 1 14 2 2 1 1 1 1 7 2 14 1 |2 1 9 8 16 12 2 3 3 13 2 1 1 2 7 1 |1 1 1 6 10 3 1 3 4 1 1 1 1 1 16 15 |
9680: 1 1 12 1 1 1 1 1 7 1 1 4 6 1 9 5 |9 2 1 1 12 4 1 1 14 1 3 15 16 1 1 1 |5 1 1 8 26 78 17 25 10 1 1 1 6 7 1 9 |3 4 3 3 16 1 3 17 12 4 11 1 1 1 1 1 |1 7 8 12 1 1 1 2 2 15 1 3 9 1 4 3 |2 10 1 7 2 30 16 18 5 1 1 2 8 5 4 10 |7 2 5 4 2 1 1 2 4 1 8 17 9 1 1 2 |3 13 1 1 10 1 8 7 10 1 1 2 1 1 5 16 |2 5 1 16 9 1 15 13 10 1 1 8 1 8 1 1 |1 2 4 2 1 14 2 2 1 1 1 1 7 2 14 1 |2 1 9 8 16 12 2 3 3 13 2 1 1 2 7 1 |1 1 1 6 10 3 1 3 4 1 1 1 1 1 16 15 |
9691: 1 1 12 1 1 1 1 1 7 1 1 4 6 1 9 5 |9 2 1 1 12 4 1 1 14 1 3 15 16 1 1 1 |5 1 1 8 26 78 17 25 10 1 1 1 6 7 1 9 |3 4 3 3 16 1 3 17 12 4 11 1 1 1 1 1 |1 7 8 12 1 1 1 2 2 15 1 3 9 1 4 3 |2 10 1 7 2 30 16 18 5 1 1 2 8 5 4 10 |2 2 6 1 1 1 16 1 1 1 1 15 15 1 1 1 |3 13 1 1 10 1 8 7 10 1 1 2 1 1 5 16 |2 5 1 16 9 1 15 13 10 1 1 8 1 8 1 1 |1 2 4 2 1 14 2 2 1 1 1 1 7 2 14 1 |2 1 9 8 16 12 2 3 3 13 2 1 1 2 7 1 |1 1 1 6 10 3 1 3 4 1 1 1 1 1 16 15 |
9702: 1 1 12 1 1 1 1 1 7 1 1 4 6 1 9 5 |9 2 1 1 12 4 1 1 14 1 3 15 16 1 1 1 |5 1 1 8 26 78 17 25 10 1 1 1 6 7 1 9 |3 4 3 3 16 1 3 17 12 4 11 1 1 1 1 1 |1 7 8 12 1 1 1 2 2 15 1 3 9 1 4 3 |2 10 1 7 2 30 16 18 5 1 1 2 8 5 4 10 |2 2 6 1 1 1 16 1 1 1 1 15 15 1 1 1 |3 13 1 1 10 1 8 7 10 1 1 2 1 1 5 16 |2 5 1 16 9 1 15 13 10 1 1 8 1 8 1 1 |1 2 4 2 1 14 2 2 1 1 1 1 7 2 14 1 |2 1 9 8 16 12 2 3 3 13 2 1 1 2 7 1 |1 1 1 6 10 3 1 3 4 1 1 1 1 1 16 15 |
9713: 1 1 12 1 1 1 1 1 7 1 1 4 6 1 9 5 |9 2 1 1 12 4 1 1 14 1 3 15 16 1 1 1 |5 1 1 8 26 78 17 25 10 1 1 1 6 7 1 9 |3 4 3 3 16 1 3 17 12 4 11 1 1 1 1 1 |1 7 8 12 1 1 1 2 2 15 1 3 9 1 4 3 |2 10 1 7 2 30 16 18 5 1 1 2 8 5 4 10 |2 2 6 1 1 1 16 1 1 1 1 15 15 1 1 1 |3 13 1 1 10 1 8 7 10 1 1 2 1 1 5 16 |2 5 1 16 9 1 15 13 10 1 1 8 1 8 1 1 |1 2 4 2 1 14 2 2 1 1 1 1 7 2 14 1 |2 1 9 8 16 12 2 3 3 13 2 1 1 2 7 1 |1 1 1 6 10 3 1 3 4 1 1 1 1 1 16 15 |
9724: 1 1 12 1 1 1 1 1 7 1 1 4 6 1 9 5 |9 2 1 1 12 4 1 1 14 1 3 15 16 1 1 1 |5 1 1 8 26 78 17 25 10 1 1 1 6 7 1 9 |3 4 3 3 16 1 3 17 12 4 11 1 1 1 1 1 |1 7 8 12 1 1 1 2 2 15 1 3 9 1 4 3 |2 10 1 7 2 30 16 18 5 1 1 2 8 5 4 10 |1 2 21 1 5 2 23 1 12 1 15 17 16 1 1 2 |3 13 1 1 10 1 8 7 10 1 1 2 1 1 5 16 |2 5 1 16 9 1 15 13 10 1 1 8 1 8 1 1 |1 2 4 2 1 14 2 2 1 1 1 1 7 2 14 1 |2 1 9 8 16 12 2 3 3 13 2 1 1 2 7 1 |1 1 1 6 10 3 1 3 4 1 1 1 1 1 16 15 |
9735: 1 1 12 1 1 1 1 1 7 1 1 4 6 1 9 5 |9 2 1 1 12 4 1 1 14 1 3 15 16 1 1 1 |5 1 1 8 26 78 17 25 10 1 1 1 6 7 1 9 |3 4 3 3 16 1 3 17 12 4 11 1 1 1 1 1 |1 7 8 12 1 1 1 2 2 15 1 3 9 1 4 3 |2 10 1 7 2 30 16 18 5 1 1 2 8 5 4 10 |1 2 21 1 5 2 23 1 12 1 15 17 16 1 1 2 |3 13 1 1 10 1 8 7 10 1 1 2 1 1 5 16 |2 5 1 16 9 1 15 13 10 1 1 8 1 8 1 1 |1 2 4 2 1 14 2 2 1 1 1 1 7 2 14 1 |2 1 9 8 16 12 2 3 3 13 2 1 1 2 7 1 |1 1 1 6 10 3 1 3 4 1 1 1 1 1 16 15 |
9746: 1 1 12 1 1 1 1 1 7 1 1 4 6 1 9 5 |9 2 1 1 12 4 1 1 14 1 3 15 16 1 1 1 |5 1 1 8 26 78 17 25 10 1 1 1 6 7 1 9 |3 4 3 3 16 1 3 17 12 4 11 1 1 1 1 1 |1 7 8 12 1 1 1 2 2 15 1 3 9 1 4 3 |2 10 1 7 2 30 16 18 5 1 1 2 8 5 4 10 |1 2 21 1 5 2 23 1 12 1 15 17 16 1 1 2 |3 13 1 1 10 1 8 7 10 1 1 2 1 1 5 16 |2 5 1 16 9 1 15 13 10 1 1 8 1 8 1 1 |1 2 4 2 1 14 2 2 1 1 1 1 7 2 14 1 |2 1 9 8 16 12 2 3 3 13 2 1 1 2 7 1 |1 1 1 6 10 3 1 3 4 1 1 1 1 1 16 15 |
9757: 1 1 12 1 1 1 1 1 7 1 1 4 6 1 9 5 |9 2 1 1 12 4 1 1 14 1 3 15 16 1 1 1 |5 1 1 8 26 78 17 25 10 1 1 1 6 7 1 9 |3 4 3 3 16 1 3 17 12 4 11 1 1 1 1 1 |1 7 8 12 1 1 1 2 2 15 1 3 9 1 4 3 |2 10 1 7 2 30 16 18 5 1 1 2 8 5 4 10 |1 2 21 1 5 2 23 1 12 1 15 17 16 1 1 2 |3 13 1 1 10 1 8 7 10 1 1 2 1 1 5 16 |2 5 1 16 9 1 15 13 10 1 1 8 1 8 1 1 |1 2 4 2 1 14 2 2 1 1 1 1 7 2 14 1 |2 1 9 8 16 12 2 3 3 13 2 1 1 2 7 1 |1 1 1 6 10 3 1 3 4 1 1 1 1 1 16 15 |
9768: 1 1 12 1 1 1 1 1 7 1 1 4 6 1 9 5 |9 2 1 1 12 4 1 1 14 1 3 15 16 1 1 1 |5 1 1 8 26 78 17 25 10 1 1 1 6 7 1 9 |3 4 3 3 16 1 3 17 12 4 11 1 1 1 1 1 |1 7 8 12 1 1 1 2 2 15 1 3 9 1 4 3 |2 10 1 7 2 30 16 18 5 1 1 2 8 5 4 10 |1 2 21 1 5 2 23 1 12 1 15 17 16 1 1 2 |3 13 1 1 10 1 8 7 10 1 1 2 1 1 5 16 |2 5 1 16 9 1 15 13 10 1 1 8 1 8 1 1 |1 2 4 2 1 14 2 2 1 1 1 1 7 2 14 1 |2 1 9 8 16 12 2 3 3 13 2 1 1 2 7 1 |1 1 1 6 10 3 1 3 4 1 1 1 1 1 16 15 |
9779: 1 1 12 1 1 1 1 1 7 1 1 4 6 1 9 5 |9 2 1 1 12 4 1 1 14 1 3 15 16 1 1 1 |5 1 1 8 26 78 17 25 10 1 1 1 6 7 1 9 |3 4 3 3 16 1 3 17 12 4 11 1 1 1 1 1 |1 7 8 12 1 1 1 2 2 15 1 3 9 1 4 3 |2 10 1 7 2 30 16 18 5 1 1 2 8 5 4 10 |1 2 21 1 5 2 23 1 12 1 15 17 16 1 1 2 |3 13 1 1 10 1 8 7 10 1 1 2 1 1 5 16 |2 5 1 16 9 1 15 13 10 1 1 8 1 8 1 1 |1 2 4 2 1 14 2 2 1 1 1 1 7 2 14 1 |2 1 9 8 16 12 2 3 3 13 2 1 1 2 7 1 |1 1 1 6 10 3 1 3 4 1 1 1 1 1 16 15 |
9790: 1 1 12 1 1 1 1 1 7 1 1 4 6 1 9 5 |9 2 1 1 12 4 1 1 14 1 3 15 16 1 1 1 |5 1 1 8 26 78 17 25 10 1 1 1 6 7 1 9 |3 4 3 3 16 1 3 17 12 4 11 1 1 1 1 1 |1 7 8 12 1 1 1 2 2 15 1 3 9 1 4 3 |2 10 1 7 2 30 16 18 5 1 1 2 8 5 4 10 |1 2 21 1 5 2 23 1 12 1 15 17 16 1 1 2 |3 8 1 10 6 1 8 11 25 22 15 2 2 1 5 16 |2 5 1 16 9 1 15 13 10 1 1 8 1 8 1 1 |1 2 4 2 1 14 2 2 1 1 1 1 7 2 14 1 |2 1 9 8 16 12 2 3 3 13 2 1 1 2 7 1 |1 1 1 6 10 3 1 3 4 1 1 1 1 1 16 15 |
9801: 1 1 12 1 1 1 1 1 7 1 1 4 6 1 9 5 |9 2 1 1 12 4 1 1 14 1 3 15 16 1 1 1 |5 1 1 8 26 78 17 25 10 1 1 1 6 7 1 9 |3 4 3 3 16 1 3 17 12 4 11 1 1 1 1 1 |1 7 8 12 1 1 1 2 2 15 1 3 9 1 4 3 |2 10 1 7 2 30 16 18 5 1 1 2 8 5 4 10 |1 2 21 1 5 2 23 1 12 1 15 17 16 1 1 2 |3 8 1 10 6 1 8 11 25 22 15 2 2 1 5 16 |2 5 1 16 9 1 15 13 10 1 1 8 1 8 1 1 |1 2 4 2 1 14 2 2 1 1 1 1 7 2 14 1 |2 1 9 8 16 12 2 3 3 13 2 1 1 2 7 1 |1 1 1 6 10 3 1 3 4 1 1 1 1 1 16 15 |
9812: 1 1 12 1 1 1 1 1 7 1 1 4 6 1 9 5 |9 2 1 1 12 4 1 1 14 1 3 15 16 1 1 1 |5 1 1 8 26 78 17 25 10 1 1 1 6 7 1 9 |3 4 3 3 16 1 3 17 12 4 11 1 1 1 1 1 |1 7 8 12 1 1 1 2 2 15 1 3 9 1 4 3 |2 10 1 7 2 30 16 18 5 1 1 2 8 5 4 10 |1 2 21 1 5 2 23 1 12 1 15 17 16 1 1 2 |3 8 1 10 6 1 8 11 25 22 15 2 2 1 5 16 |2 5 1 16 9 1 15 13 10 1 1 8 1 8 1 1 |1 2 4 2 1 14 2 2 1 1 1 1 7 2 14 1 |2 1 9 8 16 12 2 3 3 13 2 1 1 2 7 1 |1 1 1 6 10 3 1 3 4 1 1 1 1 1 16 15 |
9823: 1 1 14 1 1 3 1 1 1 1 1 4 5 2 11 6 |9 2 1 1 12 4 1 1 14 1 3 15 16 1 1 1 |5 1 1 8 26 78 17 25 10 1 1 1 6 7 1 9 |3 4 3 3 16 1 3 17 12 4 11 1 1 1 1 1 |1 7 8 12 1 1 1 2 2 15 1 3 9 1 4 3 |2 10 1 7 2 30 16 18 5 1 1 2 8 5 4 10 |1 2 21 1 5 2 23 1 12 1 15 17 16 1 1 2 |3 8 1 10 6 1 8 11 25 22 15 2 2 1 5 16 |2 5 1 16 9 1 15 13 10 1 1 8 1 8 1 1 |1 2 4 2 1 14 2 2 1 1 1 1 7 2 14 1 |2 1 9 8 16 12 2 3 3 13 2 1 1 2 7 1 |1 1 1 6 10 3 1 3 4 1 1 1 1 1 16 15 |
9834: 1 1 14 1 1 3 1 1 1 1 1 4 5 2 11 6 |9 2 1 1 12 4 1 1 14 1 3 15 16 1 1 1 |5 1 1 8 26 78 17 25 10 1 1 1 6 7 1 9 |3 4 3 3 16 1 3 17 12 4 11 1 1 1 1 1 |1 7 8 12 1 1 1 2 2 15 1 3 9 1 4 3 |2 10 1 7 2 30 16 18 5 1 1 2 8 5 4 10 |1 2 21 1 5 2 23 1 12 1 15 17 16 1 1 2 |3 8 1 10 6 1 8 11 25 22 15 2 2 1 5 16 |2 5 1 16 9 1 15 13 10 1 1 8 1 8 1 1 |1 2 4 2 1 14 2 2 1 1 1 1 7 2 14 1 |2 1 9 8 16 12 2 3 3 13 2 1 1 2 7 1 |1 1 1 6 10 3 1 3 4 1 1 1 1 1 16 15 |
9845: 1 1 14 1 1 3 1 1 1 1 1 4 5 2 11 6 |9 2 1 1 12 4 1 1 14 1 3 15 16 1 1 1 |5 1 1 8 26 78 17 25 10 1 1 1 6 7 1 9 |3 4 3 3 16 1 3 17 12 4 11 1 1 1 1 1 |1 7 8 12 1 1 1 2 2 15 1 3 9 1 4 3 |2 10 1 7 2 30 16 18 5 1 1 2 8 5 4 10 |1 2 21 1 5 2 23 1 12 1 15 17 16 1 1 2 |3 8 1 10 6 1 8 11 25 22 15 2 2 1 5 16 |2 5 1 16 9 1 15 13 10 1 1 8 1 8 1 1 |1 2 4 2 1 14 2 2 1 1 1 1 7 2 14 1 |2 1 9 8 16 12 2 3 3 13 2 1 1 2 7 1 |1 1 1 6 10 3 1 3 4 1 1 1 1 1 16 15 |
9856: 1 1 14 1 1 3 1 1 1 1 1 4 5 2 11 6 |9 2 1 1 12 4 1 1 14 1 3 15 16 1 1 1 |5 1 1 8 26 78 17 25 10 1 1 1 6 7 1 9 |3 4 3 3 16 1 3 17 12 4 11 1 1 1 1 1 |1 7 8 12 1 1 1 2 2 15 1 3 9 1 4 3 |2 10 1 7 2 30 16 18 5 1 1 2 8 5 4 10 |1 2 21 1 5 2 23 1 12 1 15 17 16 1 1 2 |3 8 1 10 6 1 8 11 25 22 15 2 2 1 5 16 |5 6 1 16 10 3 16 1 12 15 1 22 1 1 4 2 |1 2 4 2 1 14 2 2 1 1 1 1 7 2 14 1 |2 1 9 8 16 12 2 3 3 13 2 1 1 2 7 1 |1 1 1 6 10 3 1 3 4 1 1 1 1 1 16 15 |
9867: 1 1 14 1 1 3 1 1 1 1 1 4 5 2 11 6 |9 2 1 1 12 4 1 1 14 1 3 15 16 1 1 1 |5 1 1 8 26 78 17 25 10 1 1 1 6 7 1 9 |3 4 3 3 16 1 3 17 12 4 11 1 1 1 1 1 |1 7 8 12 1 1 1 2 2 15 1 3 9 1 4 3 |2 10 1 7 2 30 16 18 5 1 1 2 8 5 4 10 |1 2 21 1 5 2 23 1 12 1 15 17 16 1 1 2 |3 8 1 10 6 1 8 11 25 22 15 2 2 1 5 16 |5 6 1 16 10 3 16 1 12 15 1 22 1 1 4 2 |1 2 4 8 3 2 1 1 1 1 9 10 8 2 14 10 |2 1 9 8 16 12 2 3 3 13 2 1 1 2 7 1 |1 1 1 6 10 3 1 3 4 1 1 1 1 1 16 15 |
9878: 1 1 14 1 1 3 1 1 1 1 1 4 5 2 11 6 |12 14 2 1 1 1 1 1 14 3 1 16 12 1 1 1 |5 1 1 8 26 78 17 25 10 1 1 1 6 7 1 9 |3 4 3 3 16 1 3 17 12 4 11 1 1 1 1 1 |1 7 8 12 1 1 1 2 2 15 1 3 9 1 4 3 |2 10 1 7 2 30 16 18 5 1 1 2 8 5 4 10 |1 2 21 1 5 2 23 1 12 1 15 17 16 1 1 2 |3 8 1 10 6 1 8 11 25 22 15 2 2 1 5 16 |5 6 1 16 10 3 16 1 12 15 1 22 1 1 4 2 |1 2 4 8 3 2 1 1 1 1 9 10 8 2 14 10 |2 1 9 8 16 12 2 3 3 13 2 1 1 2 7 1 |1 1 1 6 10 3 1 3 4 1 1 1 1 1 16 15 |
9889: 1 1 14 1 1 3 1 1 1 1 1 4 5 2 11 6 |12 14 2 1 1 1 1 1 14 3 1 16 12 1 1 1 |2 1 7 1 10 1 1 16 9 1 9 5 4 7 1 8 |3 4 3 3 16 1 3 17 12 4 11 1 1 1 1 1 |1 7 8 12 1 1 1 2 2 15 1 3 9 1 4 3 |2 10 1 7 2 30 16 18 5 1 1 2 8 5 4 10 |1 2 21 1 5 2 23 1 12 1 15 17 16 1 1 2 |3 8 1 10 6 1 8 11 25 22 15 2 2 1 5 16 |5 6 1 16 10 3 16 1 12 15 1 22 1 1 4 2 |1 2 4 8 3 2 1 1 1 1 9 10 8 2 14 10 |2 1 9 8 16 12 2 3 3 13 2 1 1 2 7 1 |1 1 1 6 10 3 1 3 4 1 1 1 1 1 16 15 |
9900: 1 1 14 1 1 3 1 1 1 1 1 4 5 2 11 6 |12 14 2 1 1 1 1 1 14 3 1 16 12 1 1 1 |2 1 7 1 10 1 1 16 9 1 9 5 4 7 1 8 |3 4 3 3 16 1 3 17 12 4 11 1 1 1 1 1 |1 7 8 12 1 1 1 2 2 15 1 3 9 1 4 3 |2 10 1 7 2 30 16 18 5 1 1 2 8 5 4 10 |1 2 21 1 5 2 23 1 12 1 15 17 16 1 1 2 |3 8 1 10 6 1 8 11 25 22 15 2 2 1 5 16 |5 6 1 16 10 3 16 1 12 15 1 22 1 1 4 2 |1 2 4 8 3 2 1 1 1 1 9 10 8 2 14 10 |2 1 9 8 16 12 2 3 3 13 2 1 1 2 7 1 |1 1 1 6 10 3 1 3 4 1 1 1 1 1 16 15 |
9911: 1 1 11 1 1 2 1 1 5 1 1 1 14 2 10 6 |12 14 2 1 1 1 1 1 14 3 1 16 12 1 1 1 |2 1 7 1 10 1 1 16 9 1 9 5 4 7 1 8 |3 4 3 3 16 1 3 17 12 4 11 1 1 1 1 1 |1 7 8 12 1 1 1 2 2 15 1 3 9 1 4 3 |2 10 1 7 2 30 16 18 5 1 1 2 8 5 4 10 |1 2 21 1 5 2 23 1 12 1 15 17 16 1 1 2 |3 8 1 10 6 1 8 11 25 22 15 2 2 1 5 16 |5 6 1 16 10 3 16 1 12 15 1 22 1 1 4 2 |1 2 4 8 3 2 1 1 1 1 9 10 8 2 14 10 |2 1 9 8 16 12 2 3 3 13 2 1 1 2 7 1 |1 1 1 6 10 3 1 3 4 1 1 1 1 1 16 15 |
9922: 1 1 11 1 1 2 1 1 5 1 1 1 14 2 10 6 |12 14 2 1 1 1 1 1 14 3 1 16 12 1 1 1 |2 1 7 1 10 1 1 16 9 1 9 5 4 7 1 8 |3 4 3 3 16 1 3 17 12 4 11 1 1 1 1 1 |1 7 8 12 1 1 1 2 2 15 1 3 9 1 4 3 |2 10 1 7 2 30 16 18 5 1 1 2 8 5 4 10 |1 2 21 1 5 2 23 1 12 1 15 17 16 1 1 2 |3 8 1 10 6 1 8 11 25 22 15 2 2 1 5 16 |5 6 1 16 10 3 16 1 12 15 1 22 1 1 4 2 |1 2 11 8 3 7 1 1 1 1 18 19 5 9 17 20 |2 1 9 8 16 12 2 3 3 13 2 1 1 2 7 1 |1 1 1 6 10 3 1 3 4 1 1 1 1 1 16 15 |
9933: 1 1 11 1 1 2 1 1 5 1 1 1 14 2 10 6 |12 14 2 1 1 1 1 1 14 3 1 16 12 1 1 1 |2 1 7 1 10 1 1 16 9 1 9 5 4 7 1 8 |3 4 3 3 16 1 3 17 12 4 11 1 1 1 1 1 |1 7 8 12 1 1 1 2 2 15 1 3 9 1 4 3 |2 10 1 7 2 30 16 18 5 1 1 2 8 5 4 10 |1 2 21 1 5 2 23 1 12 1 15 17 16 1 1 2 |3 8 1 10 6 1 8 11 25 22 15 2 2 1 5 16 |5 6 1 16 10 3 16 1 12 15 1 22 1 1 4 2 |1 2 11 8 3 7 1 1 1 1 18 19 5 9 17 20 |3 1 8 8 15 13 2 7 1 19 14 1 4 1 4 16 |1 1 1 6 10 3 1 3 4 1 1 1 1 1 16 15 |
9944: 1 1 11 1 1 2 1 1 5 1 1 1 14 2 10 6 |12 14 2 1 1 1 1 1 14 3 1 16 12 1 1 1 |1 1 6 1 9 4 3 18 5 1 1 1 9 1 1 7 |3 4 3 3 16 1 3 17 12 4 11 1 1 1 1 1 |1 7 8 12 1 1 1 2 2 15 1 3 9 1 4 3 |2 10 1 7 2 30 16 18 5 1 1 2 8 5 4 10 |1 2 21 1 5 2 23 1 12 1 15 17 16 1 1 2 |3 8 1 10 6 1 8 11 25 22 15 2 2 1 5 16 |5 6 1 16 10 3 16 1 12 15 1 22 1 1 4 2 |1 2 11 8 3 7 1 1 1 1 18 19 5 9 17 20 |3 1 8 8 15 13 2 7 1 19 14 1 4 1 4 16 |1 1 1 6 10 3 1 3 4 1 1 1 1 1 16 15 |
9955: 1 1 11 1 1 2 1 1 5 1 1 1 14 2 10 6 |12 14 2 1 1 1 1 1 14 3 1 16 12 1 1 1 |1 1 6 1 9 4 3 18 5 1 1 1 9 1 1 7 |1 2 14 3 15 1 1 17 1 1 16 9 2 7 1 2 |1 7 8 12 1 1 1 2 2 15 1 3 9 1 4 3 |2 10 1 7 2 30 16 18 5 1 1 2 8 5 4 10 |1 2 21 1 5 2 23 1 12 1 15 17 16 1 1 2 |3 8 1 10 6 1 8 11 25 22 15 2 2 1 5 16 |5 6 1 16 10 3 16 1 12 15 1 22 1 1 4 2 |1 2 11 8 3 7 1 1 1 1 18 19 5 9 17 20 |3 1 8 8 15 13 2 7 1 19 14 1 4 1 4 16 |1 1 1 6 10 3 1 3 4 1 1 1 1 1 16 15 |
9965: 1 1 11 1 1 2 1 1 5 1 1 1 14 2 10 6 |12 14 2 1 1 1 1 1 14 3 1 16 12 1 1 1 |1 1 6 1 9 4 3 18 5 1 1 1 9 1 1 7 |1 2 14 3 15 1 1 17 1 1 16 9 2 7 1 2 |1 7 8 12 1 1 1 2 2 15 1 3 9 1 4 3 |2 10 1 7 2 30 16 18 5 1 1 2 8 5 4 10 |1 2 21 1 5 2 23 1 12 1 15 17 16 1 1 2 |3 8 1 10 6 1 8 11 25 22 15 2 2 1 5 16 |5 6 1 16 10 3 16 1 12 15 1 22 1 1 4 2 |1 2 11 8 3 7 1 1 1 1 18 19 5 9 17 20 |3 1 8 8 15 13 2 7 1 19 14 1 4 1 4 16 |1 1 1 6 10 3 1 3 4 1 1 1 1 1 16 15 |
9976: 1 1 11 1 1 2 1 1 5 1 1 1 14 2 10 6 |7 1 2 1 1 1 1 1 1 1 4 16 16 1 1 1 |1 1 6 1 9 4 3 18 5 1 1 1 9 1 1 7 |1 2 14 3 15 1 1 17 1 1 16 9 2 7 1 2 |1 7 8 12 1 1 1 2 2 15 1 3 9 1 4 3 |2 10 1 7 2 30 16 18 5 1 1 2 8 5 4 10 |1 2 21 1 5 2 23 1 12 1 15 17 16 1 1 2 |3 8 1 10 6 1 8 11 25 22 15 2 2 1 5 16 |5 6 1 16 10 3 16 1 12 15 1 22 1 1 4 2 |1 2 11 8 3 7 1 1 1 1 18 19 5 9 17 20 |3 1 8 8 15 13 2 7 1 19 14 1 4 1 4 16 |1 1 1 6 10 3 1 3 4 1 1 1 1 1 16 15 |
9987: 1 1 11 1 1 2 1 1 5 1 1 1 14 2 10 6 |7 1 2 1 1 1 1 1 1 1 4 16 16 1 1 1 |1 1 6 1 9 4 3 18 5 1 1 1 9 1 1 7 |1 2 14 3 15 1 1 17 1 1 16 9 2 7 1 2 |1 7 8 12 1 1 1 2 2 15 1 3 9 1 4 3 |2 10 1 7 2 30 16 18 5 1 1 2 8 5 4 10 |1 2 21 1 5 2 23 1 12 1 15 17 16 1 1 2 |3 8 1 10 6 1 8 11 25 22 15 2 2 1 5 16 |5 6 1 16 10 3 16 1 12 15 1 22 1 1 4 2 |1 3 14 17 2 14 1 1 1 6 23 53 237 110 4 21 |3 1 8 8 15 13 2 7 1 19 14 1 4 1 4 16 |1 1 1 6 10 3 1 3 4 1 1 1 1 1 16 15 |
9998: 1 1 11 1 1 2 1 1 5 1 1 1 14 2 10 6 |7 1 2 1 1 1 1 1 1 1 4 16 16 1 1 1 |1 1 6 1 9 4 3 18 5 1 1 1 9 1 1 7 |1 2 14 3 15 1 1 17 1 1 16 9 2 7 1 2 |1 7 8 12 1 1 1 2 2 15 1 3 9 1 4 3 |2 10 1 7 2 30 16 18 5 1 1 2 8 5 4 10 |1 2 21 1 5 2 23 1 12 1 15 17 16 1 1 2 |3 8 1 10 6 1 8 11 25 22 15 2 2 1 5 16 |5 6 1 16 10 3 16 1 12 15 1 22 1 1 4 2 |1 3 14 17 2 14 1 1 1 6 23 53 237 110 4 21 |3 1 8 8 15 13 2 7 1 19 14 1 4 1 4 16 |1 1 1 6 10 3 1 3 4 1 1 1 1 1 16 15 |
10009: 1 1 11 1 1 2 1 1 5 1 1 1 14 2 10 6 |7 1 2 1 1 1 1 1 1 1 4 16 16 1 1 1 |1 1 6 1 9 4 3 18 5 1 1 1 9 1 1 7 |1 2 14 3 15 1 1 17 1 1 16 9 2 7 1 2 |1 7 8 12 1 1 1 2 2 15 1 3 9 1 4 3 |2 10 1 7 2 30 16 18 5 1 1 2 8 5 4 10 |1 2 21 1 5 2 23 1 12 1 15 17 16 1 1 2 |3 8 1 10 6 1 8 11 25 22 15 2 2 1 5 16 |5 6 1 16 10 3 16 1 12 15 1 22 1 1 4 2 |1 3 14 17 2 14 1 1 1 6 23 53 237 110 4 21 |3 1 8 8 15 13 2 7 1 19 14 1 4 1 4 16 |1 1 1 6 10 3 1 3 4 1 1 1 1 1 16 15 |
10020: 1 1 11 1 1 2 1 1 5 1 1 1 14 2 10 6 |7 1 2 1 1 1 1 1 1 1 4 16 16 1 1 1 |1 1 6 1 9 4 3 18 5 1 1 1 9 1 1 7 |1 2 14 3 15 1 1 17 1 1 16 9 2 7 1 2 |1 7 8 12 1 1 1 2 2 15 1 3 9 1 4 3 |2 10 1 7 2 30 16 18 5 1 1 2 8 5 4 10 |1 2 21 1 5 2 23 1 12 1 15 17 16 1 1 2 |3 8 1 10 6 1 8 11 25 22 15 2 2 1 5 16 |5 6 1 16 10 3 16 1 12 15 1 22 1 1 4 2 |1 2 15 9 2 13 1 1 1 1 8 19 112 275 93 19 |3 1 8 8 15 13 2 7 1 19 14 1 4 1 4 16 |1 1 1 6 10 3 1 3 4 1 1 1 1 1 16 15 |
10031: 1 1 11 1 1 2 1 1 5 1 1 1 14 2 10 6 |7 1 2 1 1 1 1 1 1 1 4 16 16 1 1 1 |1 1 6 1 9 4 3 18 5 1 1 1 9 1 1 7 |1 2 14 3 15 1 1 17 1 1 16 9 2 7 1 2 |1 7 8 12 1 1 1 2 2 15 1 3 9 1 4 3 |2 10 1 7 2 30 16 18 5 1 1 2 8 5 4 10 |1 2 21 1 5 2 23 1 12 1 15 17 16 1 1 2 |3 8 1 10 6 1 8 11 25 22 15 2 2 1 5 16 |5 6 1 16 10 3 16 1 12 15 1 22 1 1 4 2 |1 2 15 9 2 13 1 1 1 1 8 19 112 275 93 19 |3 1 8 8 15 13 2 7 1 19 14 1 4 1 4 16 |1 1 1 6 10 3 1 3 4 1 1 1 1 1 16 15 |
10042: 1 1 13 1 2 1 1 1 1 1 1 1 1 1 16 6 |7 1 2 1 1 1 1 1 1 1 4 16 16 1 1 1 |1 1 6 1 9 4 3 18 5 1 1 1 9 1 1 7 |1 2 14 3 15 1 1 17 1 1 16 9 2 7 1 2 |1 7 8 12 1 1 1 2 2 15 1 3 9 1 4 3 |2 10 1 7 2 30 16 18 5 1 1 2 8 5 4 10 |1 2 21 1 5 2 23 1 12 1 15 17 16 1 1 2 |3 8 1 10 6 1 8 11 25 22 15 2 2 1 5 16 |5 6 1 16 10 3 16 1 12 15 1 22 1 1 4 2 |1 2 15 9 2 13 1 1 1 1 8 19 112 275 93 19 |3 1 8 8 15 13 2 7 1 19 14 1 4 1 4 16 |1 1 1 6 10 3 1 3 4 1 1 1 1 1 16 15 |
10053: 1 1 13 1 2 1 1 1 1 1 1 1 1 1 16 6 |7 1 2 1 1 1 1 1 1 1 4 16 16 1 1 1 |1 1 6 1 9 4 3 18 5 1 1 1 9 1 1 7 |1 2 14 3 15 1 1 17 1 1 16 9 2 7 1 2 |1 7 8 12 1 1 1 2 2 15 1 3 9 1 4 3 |2 10 1 7 2 30 16 18 5 1 1 2 8 5 4 10 |1 2 21 1 5 2 23 1 12 1 15 17 16 1 1 2 |3 8 1 10 6 1 8 11 25 22 15 2 2 1 5 16 |5 6 1 16 10 3 16 1 12 15 1 22 1 1 4 2 |1 9 15 22 1 14 2 1 1 1 3 3 30 147 193 38 |3 1 8 8 15 13 2 7 1 19 14 1 4 1 4 16 |1 1 1 6 10 3 1 3 4 1 1 1 1 1 16 15 |
10064: 1 1 13 1 2 1 1 1 1 1 1 1 1 1 16 6 |7 1 2 1 1 1 1 1 1 1 4 16 16 1 1 1 |1 1 6 1 9 4 3 18 5 1 1 1 9 1 1 7 |1 2 14 3 15 1 1 17 1 1 16 9 2 7 1 2 |1 7 8 12 1 1 1 2 2 15 1 3 9 1 4 3 |2 10 1 7 2 30 16 18 5 1 1 2 8 5 4 10 |1 2 21 1 5 2 23 1 12 1 15 17 16 1 1 2 |3 8 1 10 6 1 8 11 25 22 15 2 2 1 5 16 |5 6 1 16 10 3 16 1 12 15 1 22 1 1 4 2 |1 9 15 22 1 14 2 1 1 1 3 3 30 147 193 38 |2 1 12 14 17 14 1 1 3 12 18 5 19 143 157 30 |1 1 1 6 10 3 1 3 4 1 1 1 1 1 16 15 |
10075: 1 1 13 1 2 1 1 1 1 1 1 1 1 1 16 6 |7 1 2 1 1 1 1 1 1 1 4 16 16 1 1 1 |1 1 6 1 9 4 3 18 5 1 1 1 9 1 1 7 |1 2 14 3 15 1 1 17 1 1 16 9 2 7 1 2 |1 7 8 12 1 1 1 2 2 15 1 3 9 1 4 3 |2 10 1 7 2 30 16 18 5 1 1 2 8 5 4 10 |1 2 21 1 5 2 23 1 12 1 15 17 16 1 1 2 |3 8 1 10 6 1 8 11 25 22 15 2 2 1 5 16 |5 6 1 16 10 3 16 1 12 15 1 22 1 1 4 2 |1 9 15 22 1 14 2 1 1 1 3 3 30 147 193 38 |2 1 12 14 17 14 1 1 3 12 18 5 19 143 157 30 |1 1 1 6 10 3 1 3 4 1 1 1 1 1 16 15 |
10086: 1 1 13 1 2 1 1 1 1 1 1 1 1 1 16 6 |7 1 2 1 1 1 1 1 1 1 4 16 16 1 1 1 |1 1 6 1 9 4 3 18 5 1 1 1 9 1 1 7 |1 2 14 3 15 1 1 17 1 1 16 9 2 7 1 2 |1 7 8 12 1 1 1 2 2 15 1 3 9 1 4 3 |2 10 1 7 2 30 16 18 5 1 1 2 8 5 4 10 |1 2 21 1 5 2 23 1 12 1 15 17 16 1 1 2 |3 8 1 10 6 1 8 11 25 22 15 2 2 1 5 16 |5 6 1 16 8 2 15 2 18 1 3 18 9 18 9 14 |1 9 15 22 1 14 2 1 1 1 3 3 30 147 193 38 |2 1 12 14 17 14 1 1 3 12 18 5 19 143 157 30 |1 1 1 6 10 3 1 3 4 1 1 1 1 1 16 15 |
10097: 1 1 13 1 2 1 1 1 1 1 1 1 1 1 16 6 |7 1 2 1 1 1 1 1 1 1 4 16 16 1 1 1 |1 1 6 1 9 4 3 18 5 1 1 1 9 1 1 7 |1 2 14 3 15 1 1 17 1 1 16 9 2 7 1 2 |1 7 8 12 1 1 1 2 2 15 1 3 9 1 4 3 |2 10 1 7 2 30 16 18 5 1 1 2 8 5 4 10 |1 2 21 1 5 2 23 1 12 1 15 17 16 1 1 2 |3 8 1 10 6 1 8 11 25 22 15 2 2 1 5 16 |5 6 1 16 8 2 15 2 18 1 3 18 9 18 9 14 |1 9 15 22 1 14 2 1 1 1 3 3 30 147 193 38 |2 1 12 14 17 14 1 1 3 12 18 5 19 143 157 30 |1 1 1 6 10 3 1 3 4 1 1 1 1 1 16 15 |
10108: 1 1 13 1 2 1 1 1 1 1 1 1 1 1 16 6 |7 1 2 1 1 1 1 1 1 1 4 16 16 1 1 1 |1 1 6 1 9 4 3 18 5 1 1 1 9 1 1 7 |1 2 14 3 15 1 1 17 1 1 16 9 2 7 1 2 |1 7 8 12 1 1 1 2 2 15 1 3 9 1 4 3 |2 10 1 7 2 30 16 18 5 1 1 2 8 5 4 10 |1 2 21 1 5 2 23 1 12 1 15 17 16 1 1 2 |3 8 1 10 6 1 8 11 25 22 15 2 2 1 5 16 |5 6 1 16 8 2 15 2 18 1 3 18 9 18 9 14 |1 9 15 22 1 14 2 1 1 1 3 3 30 147 193 38 |2 1 12 14 17 14 1 1 3 12 18 5 19 143 157 30 |1 1 1 6 10 3 1 3 4 1 1 1 1 1 16 15 |
10119: 1 1 13 1 2 1 1 1 1 1 1 1 1 1 16 6 |7 1 2 1 1 1 1 1 1 1 4 16 16 1 1 1 |1 1 6 1 9 4 3 18 5 1 1 1 9 1 1 7 |1 2 14 3 15 1 1 17 1 1 16 9 2 7 1 2 |1 7 8 12 1 1 1 2 2 15 1 3 9 1 4 3 |2 10 1 7 2 30 16 18 5 1 1 2 8 5 4 10 |1 2 21 1 5 2 23 1 12 1 15 17 16 1 1 2 |3 8 1 10 6 1 8 11 25 22 15 2 2 1 5 16 |5 7 1 16 4 2 16 1 19 9 3 19 1 1 1 13 |1 9 15 22 1 14 2 1 1 1 3 3 30 147 193 38 |2 1 12 14 17 14 1 1 3 12 18 5 19 143 157 30 |1 1 1 6 10 3 1 3 4 1 1 1 1 1 16 15 |
10130: 1 1 13 1 2 1 1 1 1 1 1 1 1 1 16 6 |7 1 2 1 1 1 1 1 1 1 4 16 16 1 1 1 |1 1 6 1 9 4 3 18 5 1 1 1 9 1 1 7 |1 2 14 3 15 1 1 17 1 1 16 9 2 7 1 2 |1 7 8 12 1 1 1 2 2 15 1 3 9 1 4 3 |2 10 1 7 2 30 16 18 5 1 1 2 8 5 4 10 |1 2 21 1 5 2 23 1 12 1 15 17 16 1 1 2 |3 8 1 10 6 1 8 11 25 22 15 2 2 1 5 16 |5 7 1 16 4 2 16 1 19 9 3 19 1 1 1 13 |4 3 10 8 2 15 6 1 1 1 15 6 1 4 27 37 |2 1 12 14 17 14 1 1 3 12 18 5 19 143 157 30 |1 1 1 6 10 3 1 3 4 1 1 1 1 1 16 15 |
10141: 1 1 13 1 2 1 1 1 1 1 1 1 1 1 16 6 |7 1 2 1 1 1 1 1 1 1 4 16 16 1 1 1 |1 1 6 1 9 4 3 18 5 1 1 1 9 1 1 7 |1 2 14 3 15 1 1 17 1 1 16 9 2 7 1 2 |1 7 8 12 1 1 1 2 2 15 1 3 9 1 4 3 |2 10 1 7 2 30 16 18 5 1 1 2 8 5 4 10 |1 2 21 1 5 2 23 1 12 1 15 17 16 1 1 2 |3 8 1 10 6 1 8 11 25 22 15 2 2 1 5 16 |5 7 1 16 4 2 16 1 19 9 3 19 1 1 1 13 |4 3 10 8 2 15 6 1 1 1 15 6 1 4 27 37 |2 1 12 14 17 14 1 1 3 12 18 5 19 143 157 30 |1 1 1 6 10 3 1 3 4 1 1 1 1 1 16 15 |
10152: 1 1 13 1 2 1 1 1 1 1 1 1 1 1 16 6 |7 1 2 1 1 1 1 1 1 1 4 16 16 1 1 1 |1 1 6 1 9 4 3 18 5 1 1 1 9 1 1 7 |1 2 14 3 15 1 1 17 1 1 16 9 2 7 1 2 |1 7 8 12 1 1 1 2 2 15 1 3 9 1 4 3 |2 10 1 7 2 30 16 18 5 1 1 2 8 5 4 10 |1 2 21 1 5 2 23 1 12 1 15 17 16 1 1 2 |3 8 1 10 6 1 8 11 25 22 15 2 2 1 5 16 |5 7 1 16 4 2 16 1 19 9 3 19 1 1 1 13 |4 3 10 8 2 15 6 1 1 1 15 6 1 4 27 37 |2 1 12 14 17 14 1 1 3 12 18 5 19 143 157 30 |1 1 1 6 10 3 1 3 4 1 1 1 1 1 16 15 |
10163: 1 1 13 1 2 1 1 1 1 1 1 1 1 1 16 6 |7 1 2 1 1 1 1 1 1 1 4 16 16 1 1 1 |1 1 6 1 9 4 3 18 5 1 1 1 9 1 1 7 |1 2 14 3 15 1 1 17 1 1 16 9 2 7 1 2 |1 7 8 12 1 1 1 2 2 15 1 3 9 1 4 3 |2 10 1 7 2 30 16 18 5 1 1 2 8 5 4 10 |1 2 21 1 5 2 23 1 12 1 15 17 16 1 1 2 |3 8 1 10 6 1 8 11 25 22 15 2 2 1 5 16 |5 7 1 16 4 2 16 1 19 9 3 19 1 1 1 13 |4 3 10 8 2 15 6 1 1 1 15 6 1 4 27 37 |2 1 12 14 17 14 1 1 3 12 18 5 19 143 157 30 |1 1 1 6 10 3 1 3 4 1 1 1 1 1 16 15 |
10174: 1 1 13 1 2 1 1 1 1 1 1 1 1 1 16 6 |7 1 2 1 1 1 1 1 1 1 4 16 16 1 1 1 |1 1 6 1 9 4 3 18 5 1 1 1 9 1 1 7 |1 2 14 3 15 1 1 17 1 1 16 9 2 7 1 2 |1 7 8 12 1 1 1 2 2 15 1 3 9 1 4 3 |2 10 1 7 2 30 16 18 5 1 1 2 8 5 4 10 |1 2 21 1 5 2 23 1 12 1 15 17 16 1 1 2 |3 8 1 10 6 1 8 11 25 22 15 2 2 1 5 16 |5 7 1 16 4 2 16 1 19 9 3 19 1 1 1 13 |4 3 10 8 2 15 6 1 1 1 15 6 1 4 27 37 |2 1 12 14 17 14 1 1 3 12 18 5 19 143 157 30 |1 1 1 6 10 3 1 3 4 1 1 1 1 1 16 15 |
10185: 1 1 13 1 2 1 1 1 1 1 1 1 1 1 16 6 |7 1 2 1 1 1 1 1 1 1 4 16 16 1 1 1 |1 1 6 1 9 4 3 18 5 1 1 1 9 1 1 7 |1 2 14 3 15 1 1 17 1 1 16 9 2 7 1 2 |1 7 8 12 1 1 1 2 2 15 1 3 9 1 4 3 |2 10 1 7 2 30 16 18 5 1 1 2 8 5 4 10 |1 2 21 1 5 2 23 1 12 1 15 17 16 1 1 2 |3 8 1 10 6 1 8 11 25 22 15 2 2 1 5 16 |5 7 1 16 4 2 16 1 19 9 3 19 1 1 1 13 |4 3 10 8 2 15 6 1 1 1 15 6 1 4 27 37 |2 1 12 14 17 14 1 1 3 12 18 5 19 143 157 30 |1 1 1 6 10 3 1 3 4 1 1 1 1 1 16 15 |
10196: 1 1 13 1 2 1 1 1 1 1 1 1 1 1 16 6 |7 1 2 1 1 1 1 1 1 1 4 16 16 1 1 1 |1 1 6 1 9 4 3 18 5 1 1 1 9 1 1 7 |1 2 14 3 15 1 1 17 1 1 16 9 2 7 1 2 |1 7 8 12 1 1 1 2 2 15 1 3 9 1 4 3 |2 10 1 7 2 30 16 18 5 1 1 2 8 5 4 10 |1 2 21 1 5 2 23 1 12 1 15 17 16 1 1 2 |3 8 1 10 6 1 8 11 25 22 15 2 2 1 5 16 |5 7 1 16 4 2 16 1 19 9 3 19 1 1 1 13 |4 3 10 8 2 15 6 1 1 1 15 6 1 4 27 37 |2 1 12 14 17 14 1 1 3 12 18 5 19 143 157 30 |1 1 1 6 10 3 1 3 4 1 1 1 1 1 16 15 |
10207: 1 1 13 1 2 1 1 1 1 1 1 1 1 1 16 6 |7 1 2 1 1 1 1 1 1 1 4 16 16 1 1 1 |1 1 6 1 9 4 3 18 5 1 1 1 9 1 1 7 |1 2 14 3 15 1 1 17 1 1 16 9 2 7 1 2 |1 7 8 12 1 1 1 2 2 15 1 3 9 1 4 3 |2 10 1 7 2 30 16 18 5 1 1 2 8 5 4 10 |1 2 21 1 5 2 23 1 12 1 15 17 16 1 1 2 |3 8 1 10 6 1 8 11 25 22 15 2 2 1 5 16 |5 7 1 16 4 2 16 1 19 9 3 19 1 1 1 13 |4 3 10 8 2 15 6 1 1 1 15 6 1 4 27 37 |2 1 12 14 17 14 1 1 3 12 18 5 19 143 157 30 |1 1 1 6 10 3 1 3 4 1 1 1 1 1 16 15 |
10218: 1 1 13 1 2 1 1 1 1 1 1 1 1 1 16 6 |7 1 2 1 1 1 1 1 1 1 4 16 16 1 1 1 |1 1 6 1 9 4 3 18 5 1 1 1 9 1 1 7 |1 2 14 3 15 1 1 17 1 1 16 9 2 7 1 2 |1 7 8 12 1 1 1 2 2 15 1 3 9 1 4 3 |2 12 1 6 1 1 1 11 5 2 1 1 2 1 1 21 |1 2 21 1 5 2 23 1 12 1 15 17 16 1 1 2 |3 8 1 10 6 1 8 11 25 22 15 2 2 1 5 16 |5 7 1 16 4 2 16 1 19 9 3 19 1 1 1 13 |4 3 10 8 2 15 6 1 1 1 15 6 1 4 27 37 |2 1 12 14 17 14 1 1 3 12 18 5 19 143 157 30 |1 1 1 6 10 3 1 3 4 1 1 1 1 1 16 15 |
10229: 1 1 13 1 2 1 1 1 1 1 1 1 1 1 16 6 |7 1 2 1 1 1 1 1 1 1 4 16 16 1 1 1 |1 1 6 1 9 4 3 18 5 1 1 1 9 1 1 7 |1 2 14 3 15 1 1 17 1 1 16 9 2 7 1 2 |1 7 8 12 1 1 1 2 2 15 1 3 9 1 4 3 |2 12 1 6 1 1 1 11 5 2 1 1 2 1 1 21 |1 2 21 1 5 2 23 1 12 1 15 17 16 1 1 2 |3 8 1 10 6 1 8 11 25 22 15 2 2 1 5 16 |5 7 1 16 4 2 16 1 19 9 3 19 1 1 1 13 |4 3 10 8 2 15 6 1 1 1 15 6 1 4 27 37 |2 1 12 14 17 14 1 1 3 12 18 5 19 143 157 30 |1 1 1 6 10 3 1 3 4 1 1 1 1 1 16 15 |
10240: 1 1 13 1 2 1 1 1 1 1 1 1 1 1 16 6 |7 1 2 1 1 1 1 1 1 1 4 16 16 1 1 1 |1 1 6 1 9 4 3 18 5 1 1 1 9 1 1 7 |1 2 14 3 15 1 1 17 1 1 16 9 2 7 1 2 |1 7 8 12 1 1 1 2 2 15 1 3 9 1 4 3 |2 12 1 6 1 1 1 11 5 2 1 1 2 1 1 21 |1 2 21 1 5 2 23 1 12 1 15 17 16 1 1 2 |3 8 1 10 6 1 8 11 25 22 15 2 2 1 5 16 |5 7 1 16 4 2 16 1 19 9 3 19 1 1 1 13 |4 3 10 8 2 15 6 1 1 1 15 6 1 4 27 37 |2 1 12 14 17 14 1 1 3 12 18 5 19 143 157 30 |1 1 1 6 10 3 1 3 4 1 1 1 1 1 16 15 |
10251: 1 1 13 1 2 1 1 1 1 1 1 1 1 1 16 6 |7 1 2 1 1 1 1 1 1 1 4 16 16 1 1 1 |1 1 6 1 9 4 3 18 5 1 1 1 9 1 1 7 |1 2 14 3 15 1 1 17 1 1 16 9 2 7 1 2 |1 7 8 12 1 1 1 2 2 15 1 3 9 1 4 3 |2 12 1 6 1 1 1 11 5 2 1 1 2 1 1 21 |3 1 22 1 4 1 1 2 1 1 14 11 7 1 1 1 |3 8 1 10 6 1 8 11 25 22 15 2 2 1 5 16 |5 7 1 16 4 2 16 1 19 9 3 19 1 1 1 13 |4 3 10 8 2 15 6 1 1 1 15 6 1 4 27 37 |2 1 12 14 17 14 1 1 3 12 18 5 19 143 157 30 |1 1 1 6 10 3 1 3 4 1 1 1 1 1 16 15 |
10262: 1 1 13 1 2 1 1 1 1 1 1 1 1 1 16 6 |7 1 2 1 1 1 1 1 1 1 4 16 16 1 1 1 |1 1 6 1 9 4 3 18 5 1 1 1 9 1 1 7 |1 2 14 3 15 1 1 17 1 1 16 9 2 7 1 2 |1 7 8 12 1 1 1 2 2 15 1 3 9 1 4 3 |2 12 1 6 1 1 1 11 5 2 1 1 2 1 1 21 |3 1 22 1 4 1 1 2 1 1 14 11 7 1 1 1 |3 8 1 10 6 1 8 11 25 22 15 2 2 1 5 16 |5 7 1 16 4 2 16 1 19 9 3 19 1 1 1 13 |4 3 10 8 2 15 6 1 1 1 15 6 1 4 27 37 |2 1 12 14 17 14 1 1 3 12 18 5 19 143 157 30 |1 1 1 6 10 3 1 3 4 1 1 1 1 1 16 15 |
10273: 1 1 13 1 2 1 1 1 1 1 1 1 1 1 16 6 |7 1 2 1 1 1 1 1 1 1 4 16 16 1 1 1 |1 1 6 1 9 4 3 18 5 1 1 1 9 1 1 7 |1 2 14 3 15 1 1 17 1 1 16 9 2 7 1 2 |1 7 8 12 1 1 1 2 2 15 1 3 9 1 4 3 |2 12 1 6 1 1 1 11 5 2 1 1 2 1 1 21 |3 1 22 1 4 1 1 2 1 1 14 11 7 1 1 1 |3 8 1 10 6 1 8 11 25 22 15 2 2 1 5 16 |5 7 1 16 4 2 16 1 19 9 3 19 1 1 1 13 |4 3 10 8 2 15 6 1 1 1 15 6 1 4 27 37 |2 1 12 14 17 14 1 1 3 12 18 5 19 143 157 30 |1 1 1 6 10 3 1 3 4 1 1 1 1 1 16 15 |
10284: 1 1 13 1 2 1 1 1 1 1 1 1 1 1 16 6 |7 1 2 1 1 1 1 1 1 1 4 16 16 1 1 1 |1 1 6 1 9 4 3 18 5 1 1 1 9 1 1 7 |1 2 14 3 15 1 1 17 1 1 16 9 2 7 1 2 |1 7 8 12 1 1 1 2 2 15 1 3 9 1 4 3 |2 12 1 6 1 1 1 11 5 2 1 1 2 1 1 21 |8 9 20 1 4 1 1 3 1 1 1 15 14 1 1 1 |3 8 1 10 6 1 8 11 25 22 15 2 2 1 5 16 |5 7 1 16 4 2 16 1 19 9 3 19 1 1 1 13 |4 3 10 8 2 15 6 1 1 1 15 6 1 4 27 37 |2 1 12 14 17 14 1 1 3 12 18 5 19 143 157 30 |1 1 1 6 10 3 1 3 4 1 1 1 1 1 16 15 |
10295: 1 1 13 1 2 1 1 1 1 1 1 1 1 1 16 6 |7 1 2 1 1 1 1 1 1 1 4 16 16 1 1 1 |1 1 6 1 9 4 3 18 5 1 1 1 9 1 1 7 |1 2 14 3 15 1 1 17 1 1 16 9 2 7 1 2 |1 7 8 12 1 1 1 2 2 15 1 3 9 1 4 3 |2 12 1 6 1 1 1 11 5 2 1 1 2 1 1 21 |8 9 20 1 4 1 1 3 1 1 1 15 14 1 1 1 |4 8 1 1 8 1 8 8 15 2 1 1 1 1 1 3 |5 7 1 16 4 2 16 1 19 9 3 19 1 1 1 13 |4 3 10 8 2 15 6 1 1 1 15 6 1 4 27 37 |2 1 12 14 17 14 1 1 3 12 18 5 19 143 157 30 |1 1 1 6 10 3 1 3 4 1 1 1 1 1 16 15 |
10306: 1 1 13 1 2 1 1 1 1 1 1 1 1 1 16 6 |7 1 2 1 1 1 1 1 1 1 4 16 16 1 1 1 |1 1 6 1 9 4 3 18 5 1 1 1 9 1 1 7 |1 2 14 3 15 1 1 17 1 1 16 9 2 7 1 2 |1 7 8 12 1 1 1 2 2 15 1 3 9 1 4 3 |2 12 1 6 1 1 1 11 5 2 1 1 2 1 1 21 |8 9 20 1 4 1 1 3 1 1 1 15 14 1 1 1 |4 8 1 1 8 1 8 8 15 2 1 1 1 1 1 3 |5 7 1 16 4 2 16 1 19 9 3 19 1 1 1 13 |4 3 10 8 2 15 6 1 1 1 15 6 1 4 27 37 |2 1 12 14 17 14 1 1 3 12 18 5 19 143 157 30 |1 1 1 6 10 3 1 3 4 1 1 1 1 1 16 15 |
10317: 1 1 13 1 2 1 1 1 1 1 1 1 1 1 16 6 |7 1 2 1 1 1 1 1 1 1 4 16 16 1 1 1 |1 1 6 1 9 4 3 18 5 1 1 1 9 1 1 7 |1 2 14 3 15 1 1 17 1 1 16 9 2 7 1 2 |1 7 8 12 1 1 1 2 2 15 1 3 9 1 4 3 |2 12 1 6 1 1 1 11 5 2 1 1 2 1 1 21 |8 9 20 1 4 1 1 3 1 1 1 15 14 1 1 1 |4 8 1 1 8 1 8 8 15 2 1 1 1 1 1 3 |5 7 1 16 4 2 16 1 19 9 3 19 1 1 1 13 |4 3 10 8 2 15 6 1 1 1 15 6 1 4 27 37 |2 1 12 14 17 14 1 1 3 12 18 5 19 143 157 30 |1 1 1 6 10 3 1 3 4 1 1 1 1 1 16 15 |
10327: 1 1 13 1 2 1 1 1 1 1 1 1 1 1 16 6 |7 1 2 1 1 1 1 1 1 1 4 16 16 1 1 1 |1 1 6 1 9 4 3 18 5 1 1 1 9 1 1 7 |1 2 14 3 15 1 1 17 1 1 16 9 2 7 1 2 |1 7 8 12 1 1 1 2 2 15 1 3 9 1 4 3 |2 12 1 6 1 1 1 11 5 2 1 1 2 1 1 21 |8 9 20 1 4 1 1 3 1 1 1 15 14 1 1 1 |4 8 1 1 8 1 8 8 15 2 1 1 1 1 1 3 |5 7 1 16 4 2 16 1 19 9 3 19 1 1 1 13 |4 3 10 8 2 15 6 1 1 1 15 6 1 4 27 37 |2 1 12 14 17 14 1 1 3 12 18 5 19 143 157 30 |1 1 1 6 10 3 1 3 4 1 1 1 1 1 16 15 |
10338: 1 1 13 1 2 1 1 1 1 1 1 1 1 1 16 6 |7 1 2 1 1 1 1 1 1 1 4 16 16 1 1 1 |1 1 6 1 9 4 3 18 5 1 1 1 9 1 1 7 |1 2 14 3 15 1 1 17 1 1 16 9 2 7 1 2 |1 7 8 12 1 1 1 2 2 15 1 3 9 1 4 3 |2 12 1 6 1 1 1 11 5 2 1 1 2 1 1 21 |8 9 20 1 4 1 1 3 1 1 1 15 14 1 1 1 |4 8 1 1 8 1 8 8 15 2 1 1 1 1 1 3 |5 7 1 16 4 2 16 1 19 9 3 19 1 1 1 13 |4 3 10 8 2 15 6 1 1 1 15 6 1 4 27 37 |2 1 12 14 17 14 1 1 3 12 18 5 19 143 157 30 |1 1 1 6 10 3 1 3 4 1 1 1 1 1 16 15 |
10349: 1 1 13 1 2 1 1 1 1 1 1 1 1 1 16 6 |7 1 2 1 1 1 1 1 1 1 4 16 16 1 1 1 |1 1 6 1 9 4 3 18 5 1 1 1 9 1 1 7 |1 2 14 3 15 1 1 17 1 1 16 9 2 7 1 2 |1 7 8 12 1 1 1 2 2 15 1 3 9 1 4 3 |2 11 4 7 1 1 1 11 5 1 1 2 5 1 6 10 |8 9 20 1 4 1 1 3 1 1 1 15 14 1 1 1 |4 8 1 1 8 1 8 8 15 2 1 1 1 1 1 3 |5 7 1 16 4 2 16 1 19 9 3 19 1 1 1 13 |4 3 10 8 2 15 6 1 1 1 15 6 1 4 27 37 |2 1 12 14 17 14 1 1 3 12 18 5 19 143 157 30 |1 1 1 6 10 3 1 3 4 1 1 1 1 1 16 15 |
10360: 1 1 13 1 2 1 1 1 1 1 1 1 1 1 16 6 |7 1 2 1 1 1 1 1 1 1 4 16 16 1 1 1 |1 1 6 1 9 4 3 18 5 1 1 1 9 1 1 7 |1 2 14 3 15 1 1 17 1 1 16 9 2 7 1 2 |1 7 8 12 1 1 1 2 2 15 1 3 9 1 4 3 |2 11 4 7 1 1 1 11 5 1 1 2 5 1 6 10 |8 9 20 1 4 1 1 3 1 1 1 15 14 1 1 1 |4 8 1 1 8 1 8 8 15 2 1 1 1 1 1 3 |5 7 1 16 4 2 16 1 19 9 3 19 1 1 1 13 |4 3 10 8 2 15 6 1 1 1 15 6 1 4 27 37 |2 1 12 14 17 14 1 1 3 12 18 5 19 143 157 30 |1 1 1 6 10 3 1 3 4 1 1 1 1 1 16 15 |
10371: 1 1 13 1 2 1 1 1 1 1 1 1 1 1 16 6 |7 1 2 1 1 1 1 1 1 1 4 16 16 1 1 1 |1 1 6 1 9 4 3 18 5 1 1 1 9 1 1 7 |1 2 14 3 15 1 1 17 1 1 16 9 2 7 1 2 |1 7 8 12 1 1 1 2 2 15 1 3 9 1 4 3 |2 11 4 7 1 1 1 11 5 1 1 2 5 1 6 10 |8 9 20 1 4 1 1 3 1 1 1 15 14 1 1 1 |4 8 1 1 8 1 8 8 15 2 1 1 1 1 1 3 |5 7 1 16 4 2 16 1 19 9 3 19 1 1 1 13 |4 3 10 8 2 15 6 1 1 1 15 6 1 4 27 37 |2 1 12 14 17 14 1 1 3 12 18 5 19 143 157 30 |1 1 1 6 10 3 1 3 4 1 1 1 1 1 16 15 |
10382: 1 1 13 1 2 1 1 1 1 1 1 1 1 1 16 6 |7 1 2 1 1 1 1 1 1 1 4 16 16 1 1 1 |1 1 6 1 9 4 3 18 5 1 1 1 9 1 1 7 |1 2 14 3 15 1 1 17 1 1 16 9 2 7 1 2 |1 8 1 8 1 1 1 3 7 15 3 4 7 6 1 2 |2 11 4 7 1 1 1 11 5 1 1 2 5 1 6 10 |8 9 20 1 4 1 1 3 1 1 1 15 14 1 1 1 |4 8 1 1 8 1 8 8 15 2 1 1 1 1 1 3 |5 7 1 16 4 2 16 1 19 9 3 19 1 1 1 13 |4 3 10 8 2 15 6 1 1 1 15 6 1 4 27 37 |2 1 12 14 17 14 1 1 3 12 18 5 19 143 157 30 |1 1 1 6 10 3 1 3 4 1 1 1 1 1 16 15 |
10393: 1 1 13 1 2 1 1 1 1 1 1 1 1 1 16 6 |7 1 2 1 1 1 1 1 1 1 4 16 16 1 1 1 |1 1 6 1 9 4 3 18 5 1 1 1 9 1 1 7 |1 2 14 3 15 1 1 17 1 1 16 9 2 7 1 2 |1 8 1 8 1 1 1 3 7 15 3 4 7 6 1 2 |2 11 4 7 1 1 1 11 5 1 1 2 5 1 6 10 |8 9 20 1 4 1 1 3 1 1 1 15 14 1 1 1 |4 8 1 1 8 1 8 8 15 2 1 1 1 1 1 3 |5 7 1 16 4 2 16 1 19 9 3 19 1 1 1 13 |4 3 10 8 2 15 6 1 1 1 15 6 1 4 27 37 |2 1 12 14 17 14 1 1 3 12 18 5 19 143 157 30 |1 3 9 13 5 7 1 11 15 10 1 1 1 3 19 123 |
10404: 1 1 13 1 2 1 1 1 1 1 1 1 1 1 16 6 |7 1 2 1 1 1 1 1 1 1 4 16 16 1 1 1 |1 1 6 1 9 4 3 18 5 1 1 1 9 1 1 7 |1 2 14 3 15 1 1 17 1 1 16 9 2 7 1 2 |1 8 1 8 1 1 1 3 7 15 3 4 7 6 1 2 |2 11 4 7 1 1 1 11 5 1 1 2 5 1 6 10 |8 9 20 1 4 1 1 3 1 1 1 15 14 1 1 1 |4 8 1 1 8 1 8 8 15 2 1 1 1 1 1 3 |5 7 1 16 4 2 16 1 19 9 3 19 1 1 1 13 |4 3 10 8 2 15 6 1 1 1 15 6 1 4 27 37 |2 1 12 14 17 14 1 1 3 12 18 5 19 143 157 30 |1 3 9 13 5 7 1 11 15 10 1 1 1 3 19 123 |
10415: 1 1 13 1 2 1 1 1 1 1 1 1 1 1 16 6 |7 1 2 1 1 1 1 1 1 1 4 16 16 1 1 1 |1 1 6 1 9 4 3 18 5 1 1 1 9 1 1 7 |1 2 14 3 15 1 1 17 1 1 16 9 2 7 1 2 |1 8 1 8 1 1 1 3 7 15 3 4 7 6 1 2 |2 11 4 7 1 1 1 11 5 1 1 2 5 1 6 10 |8 9 20 1 4 1 1 3 1 1 1 15 14 1 1 1 |4 8 1 1 8 1 8 8 15 2 1 1 1 1 1 3 |5 7 1 16 4 2 16 1 19 9 3 19 1 1 1 13 |4 3 10 8 2 15 6 1 1 1 15 6 1 4 27 37 |2 1 12 14 17 14 1 1 3 12 18 5 19 143 157 30 |1 3 9 13 5 7 1 11 15 10 1 1 1 3 19 123 |
10426: 1 1 13 1 2 1 1 1 1 1 1 1 1 1 16 6 |7 1 2 1 1 1 1 1 1 1 4 16 16 1 1 1 |1 1 6 1 9 4 3 18 5 1 1 1 9 1 1 7 |1 2 14 3 15 1 1 17 1 1 16 9 2 7 1 2 |1 8 1 8 1 1 1 3 7 15 3 4 7 6 1 2 |2 11 4 7 1 1 1 11 5 1 1 2 5 1 6 10 |8 9 20 1 4 1 1 3 1 1 1 15 14 1 1 1 |4 8 1 1 8 1 8 8 15 2 1 1 1 1 1 3 |5 7 1 16 4 2 16 1 19 9 3 19 1 1 1 13 |4 3 10 8 2 15 6 1 1 1 15 6 1 4 27 37 |2 1 12 14 17 14 1 1 3 12 18 5 19 143 157 30 |1 3 9 13 5 7 1 11 15 10 1 1 1 3 19 123 |
10437: 1 1 13 1 2 1 1 1 1 1 1 1 1 1 16 6 |7 1 2 1 1 1 1 1 1 1 4 16 16 1 1 1 |1 1 6 1 9 4 3 18 5 1 1 1 9 1 1 7 |1 2 14 3 15 1 1 17 1 1 16 9 2 7 1 2 |1 8 1 8 1 1 1 3 7 15 3 4 7 6 1 2 |2 11 4 7 1 1 1 11 5 1 1 2 5 1 6 10 |8 9 20 1 4 1 1 3 1 1 1 15 14 1 1 1 |4 8 1 1 8 1 8 8 15 2 1 1 1 1 1 3 |5 7 1 16 4 2 16 1 19 9 3 19 1 1 1 13 |4 3 10 8 2 15 6 1 1 1 15 6 1 4 27 37 |2 1 12 14 17 14 1 1 3 12 18 5 19 143 157 30 |1 3 9 13 5 7 1 11 15 10 1 1 1 3 19 123 |
10448: 1 1 13 1 2 1 1 1 1 1 1 1 1 1 16 6 |7 1 2 1 1 1 1 1 1 1 4 16 16 1 1 1 |1 1 6 1 9 4 3 18 5 1 1 1 9 1 1 7 |1 2 14 3 15 1 1 17 1 1 16 9 2 7 1 2 |1 8 1 8 1 1 1 3 7 15 3 4 7 6 1 2 |2 11 4 7 1 1 1 11 5 1 1 2 5 1 6 10 |8 9 20 1 4 1 1 3 1 1 1 15 14 1 1 1 |4 8 1 1 8 1 8 8 15 2 1 1 1 1 1 3 |5 7 1 16 4 2 16 1 19 9 3 19 1 1 1 13 |4 3 10 8 2 15 6 1 1 1 15 6 1 4 27 37 |2 1 12 14 17 14 1 1 3 12 18 5 19 143 157 30 |1 3 9 13 5 7 1 11 15 10 1 1 1 3 19 123 |
10459: 1 1 13 1 2 1 1 1 1 1 1 1 1 1 16 6 |7 1 2 1 1 1 1 1 1 1 4 16 16 1 1 1 |1 1 6 1 9 4 3 18 5 1 1 1 9 1 1 7 |1 2 14 3 15 1 1 17 1 1 16 9 2 7 1 2 |1 8 1 8 1 1 1 3 7 15 3 4 7 6 1 2 |2 11 4 7 1 1 1 11 5 1 1 2 5 1 6 10 |8 9 20 1 4 1 1 3 1 1 1 15 14 1 1 1 |4 8 1 1 8 1 8 8 15 2 1 1 1 1 1 3 |5 7 1 16 4 2 16 1 19 9 3 19 1 1 1 13 |4 3 10 8 2 15 6 1 1 1 15 6 1 4 27 37 |2 1 12 14 17 14 1 1 3 12 18 5 19 143 157 30 |1 3 9 13 5 7 1 11 15 10 1 1 1 3 19 123 |
10470: 1 1 13 1 2 1 1 1 1 1 1 1 1 1 16 6 |7 1 2 1 1 1 1 1 1 1 4 16 16 1 1 1 |1 1 6 1 9 4 3 18 5 1 1 1 9 1 1 7 |1 2 14 3 15 1 1 17 1 1 16 9 2 7 1 2 |1 8 1 8 1 1 1 3 7 15 3 4 7 6 1 2 |2 11 4 7 1 1 1 11 5 1 1 2 5 1 6 10 |8 9 20 1 4 1 1 3 1 1 1 15 14 1 1 1 |4 8 1 1 8 1 8 8 15 2 1 1 1 1 1 3 |5 7 1 16 4 2 16 1 19 9 3 19 1 1 1 13 |4 3 10 8 2 15 6 1 1 1 15 6 1 4 27 37 |2 1 12 14 17 14 1 1 3 12 18 5 19 143 157 30 |1 3 9 13 5 7 1 11 15 10 1 1 1 3 19 123 |
10481: 1 1 13 1 2 1 1 1 1 1 1 1 1 1 16 6 |7 1 2 1 1 1 1 1 1 1 4 16 16 1 1 1 |1 1 6 1 9 4 3 18 5 1 1 1 9 1 1 7 |1 2 14 3 15 1 1 17 1 1 16 9 2 7 1 2 |1 8 1 8 1 1 1 3 7 15 3 4 7 6 1 2 |2 12 1 5 1 5 1 12 5 1 1 1 2 1 6 10 |8 9 20 1 4 1 1 3 1 1 1 15 14 1 1 1 |4 8 1 1 8 1 8 8 15 2 1 1 1 1 1 3 |5 7 1 16 4 2 16 1 19 9 3 19 1 1 1 13 |4 3 10 8 2 15 6 1 1 1 15 6 1 4 27 37 |2 1 12 14 17 14 1 1 3 12 18 5 19 143 157 30 |1 3 9 13 5 7 1 11 15 10 1 1 1 3 19 123 |
10492: 1 1 13 1 2 1 1 1 1 1 1 1 1 1 16 6 |7 1 2 1 1 1 1 1 1 1 4 16 16 1 1 1 |1 1 6 1 9 4 3 18 5 1 1 1 9 1 1 7 |1 2 14 3 15 1 1 17 1 1 16 9 2 7 1 2 |1 8 1 8 1 1 1 3 7 15 3 4 7 6 1 2 |2 12 1 5 1 5 1 12 5 1 1 1 2 1 6 10 |8 9 20 1 4 1 1 3 1 1 1 15 14 1 1 1 |4 8 1 1 8 1 8 8 15 2 1 1 1 1 1 3 |5 7 1 16 4 2 16 1 19 9 3 19 1 1 1 13 |4 3 10 8 2 15 6 1 1 1 15 6 1 4 27 37 |2 1 12 14 17 14 1 1 3 12 18 5 19 143 157 30 |1 3 9 13 5 7 1 11 15 10 1 1 1 3 19 123 |
10503: 1 1 13 1 2 1 1 1 1 1 1 1 1 1 16 6 |7 1 2 1 1 1 1 1 1 1 4 16 16 1 1 1 |1 1 6 1 9 4 3 18 5 1 1 1 9 1 1 7 |1 2 14 3 15 1 1 17 1 1 16 9 2 7 1 2 |1 8 1 8 1 1 1 3 7 15 3 4 7 6 1 2 |2 12 1 5 1 5 1 12 5 1 1 1 2 1 6 10 |8 9 20 1 4 1 1 3 1 1 1 15 14 1 1 1 |4 8 1 1 8 1 8 8 15 2 1 1 1 1 1 3 |5 7 1 16 4 2 16 1 19 9 3 19 1 1 1 13 |4 3 10 8 2 15 6 1 1 1 15 6 1 4 27 37 |2 1 12 14 17 14 1 1 3 12 18 5 19 143 157 30 |1 3 9 13 5 7 1 11 15 10 1 1 1 3 19 123 |
10514: 1 1 13 1 2 1 1 1 1 1 1 1 1 1 16 6 |7 1 2 1 1 1 1 1 1 1 4 16 16 1 1 1 |1 1 6 1 9 4 3 18 5 1 1 1 9 1 1 7 |1 2 14 3 15 1 1 17 1 1 16 9 2 7 1 2 |1 8 1 8 1 1 1 3 7 15 3 4 7 6 1 2 |1 10 2 5 1 4 1 1 2 2 1 2 4 3 4 7 |8 9 20 1 4 1 1 3 1 1 1 15 14 1 1 1 |4 8 1 1 8 1 8 8 15 2 1 1 1 1 1 3 |5 7 1 16 4 2 16 1 19 9 3 19 1 1 1 13 |4 3 10 8 2 15 6 1 1 1 15 6 1 4 27 37 |2 1 12 14 17 14 1 1 3 12 18 5 19 143 157 30 |1 3 9 13 5 7 1 11 15 10 1 1 1 3 19 123 |
10525: 1 1 13 1 2 1 1 1 1 1 1 1 1 1 16 6 |7 1 2 1 1 1 1 1 1 1 4 16 16 1 1 1 |1 1 6 1 9 4 3 18 5 1 1 1 9 1 1 7 |1 2 14 3 15 1 1 17 1 1 16 9 2 7 1 2 |1 8 1 8 1 1 1 3 7 15 3 4 7 6 1 2 |1 10 2 5 1 4 1 1 2 2 1 2 4 3 4 7 |8 9 20 1 4 1 1 3 1 1 1 15 14 1 1 1 |4 8 1 1 8 1 8 8 15 2 1 1 1 1 1 3 |5 7 1 16 4 2 16 1 19 9 3 19 1 1 1 13 |4 3 10 8 2 15 6 1 1 1 15 6 1 4 27 37 |2 1 12 14 17 14 1 1 3 12 18 5 19 143 157 30 |1 3 9 13 5 7 1 11 15 10 1 1 1 3 19 123 |
10536: 1 1 13 1 2 1 1 1 1 1 1 1 1 1 16 6 |7 1 2 1 1 1 1 1 1 1 4 16 16 1 1 1 |1 1 6 1 9 4 3 18 5 1 1 1 9 1 1 7 |1 2 14 3 15 1 1 17 1 1 16 9 2 7 1 2 |1 8 1 8 1 1 1 3 7 15 3 4 7 6 1 2 |1 10 2 5 1 4 1 1 2 2 1 2 4 3 4 7 |8 9 20 1 4 1 1 3 1 1 1 15 14 1 1 1 |4 8 1 1 8 1 8 8 15 2 1 1 1 1 1 3 |5 7 1 16 4 2 16 1 19 9 3 19 1 1 1 13 |4 3 10 8 2 15 6 1 1 1 15 6 1 4 27 37 |2 1 12 14 17 14 1 1 3 12 18 5 19 143 157 30 |1 3 9 13 5 7 1 11 15 10 1 1 1 3 19 123 |
10547: 1 1 13 1 2 1 1 1 1 1 1 1 1 1 16 6 |7 1 2 1 1 1 1 1 1 1 4 16 16 1 1 1 |1 1 6 1 9 4 3 18 5 1 1 1 9 1 1 7 |1 2 14 3 15 1 1 17 1 1 16 9 2 7 1 2 |1 8 1 8 1 1 1 3 7 15 3 4 7 6 1 2 |1 10 2 5 1 4 1 1 2 2 1 2 4 3 4 7 |8 9 20 1 4 1 1 3 1 1 1 15 14 1 1 1 |4 8 1 1 8 1 8 8 15 2 1 1 1 1 1 3 |5 7 1 16 4 2 16 1 19 9 3 19 1 1 1 13 |4 3 10 8 2 15 6 1 1 1 15 6 1 4 27 37 |2 1 12 14 17 14 1 1 3 12 18 5 19 143 157 30 |1 3 9 13 5 7 1 11 15 10 1 1 1 3 19 123 |
10558: 1 1 13 1 2 1 1 1 1 1 1 1 1 1 16 6 |7 1 2 1 1 1 1 1 1 1 4 16 16 1 1 1 |1 1 6 1 9 4 3 18 5 1 1 1 9 1 1 7 |1 2 14 3 15 1 1 17 1 1 16 9 2 7 1 2 |1 8 1 8 1 1 1 3 7 15 3 4 7 6 1 2 |1 10 2 5 1 4 1 1 2 2 1 2 4 3 4 7 |8 9 20 1 4 1 1 3 1 1 1 15 14 1 1 1 |4 8 1 1 8 1 8 8 15 2 1 1 1 1 1 3 |5 7 1 16 4 2 16 1 19 9 3 19 1 1 1 13 |4 3 10 8 2 15 6 1 1 1 15 6 1 4 27 37 |2 1 12 14 17 14 1 1 3 12 18 5 19 143 157 30 |1 3 9 13 5 7 1 11 15 10 1 1 1 3 19 123 |
10569: 1 1 13 1 2 1 1 1 1 1 1 1 1 1 16 6 |7 1 2 1 1 1 1 1 1 1 4 16 16 1 1 1 |1 1 6 1 9 4 3 18 5 1 1 1 9 1 1 7 |1 2 14 3 15 1 1 17 1 1 16 9 2 7 1 2 |1 8 1 8 1 1 1 3 7 15 3 4 7 6 1 2 |1 10 2 5 1 4 1 1 2 2 1 2 4 3 4 7 |8 9 20 1 4 1 1 3 1 1 1 15 14 1 1 1 |4 8 1 1 8 1 8 8 15 2 1 1 1 1 1 3 |5 7 1 16 4 2 16 1 19 9 3 19 1 1 1 13 |4 3 10 8 2 15 6 1 1 1 15 6 1 4 27 37 |2 1 12 14 17 14 1 1 3 12 18 5 19 143 157 30 |1 3 9 13 5 7 1 11 15 10 1 1 1 3 19 123 |
10580: 1 1 13 1 2 1 1 1 1 1 1 1 1 1 16 6 |7 1 2 1 1 1 1 1 1 1 4 16 16 1 1 1 |1 1 6 1 9 4 3 18 5 1 1 1 9 1 1 7 |1 2 14 3 15 1 1 17 1 1 16 9 2 7 1 2 |1 6 1 1 2 1 1 1 2 5 1 2 12 3 1 1 |1 10 2 5 1 4 1 1 2 2 1 2 4 3 4 7 |8 9 20 1 4 1 1 3 1 1 1 15 14 1 1 1 |4 8 1 1 8 1 8 8 15 2 1 1 1 1 1 3 |5 7 1 16 4 2 16 1 19 9 3 19 1 1 1 13 |4 3 10 8 2 15 6 1 1 1 15 6 1 4 27 37 |2 1 12 14 17 14 1 1 3 12 18 5 19 143 157 30 |1 3 9 13 5 7 1 11 15 10 1 1 1 3 19 123 |
10591: 1 1 13 1 2 1 1 1 1 1 1 1 1 1 16 6 |7 1 2 1 1 1 1 1 1 1 4 16 16 1 1 1 |1 1 6 1 9 4 3 18 5 1 1 1 9 1 1 7 |1 2 14 3 15 1 1 17 1 1 16 9 2 7 1 2 |1 6 1 1 2 1 1 1 2 5 1 2 12 3 1 1 |1 10 2 5 1 4 1 1 2 2 1 2 4 3 4 7 |8 9 20 1 4 1 1 3 1 1 1 15 14 1 1 1 |4 8 1 1 8 1 8 8 15 2 1 1 1 1 1 3 |5 7 1 16 4 2 16 1 19 9 3 19 1 1 1 13 |4 3 10 8 2 15 6 1 1 1 15 6 1 4 27 37 |2 1 12 14 17 14 1 1 3 12 18 5 19 143 157 30 |1 1 5 1 1 7 1 9 5 1 1 1 5 1 17 15 |
10602: 1 1 13 1 2 1 1 1 1 1 1 1 1 1 16 6 |7 1 2 1 1 1 1 1 1 1 4 16 16 1 1 1 |1 1 6 1 9 4 3 18 5 1 1 1 9 1 1 7 |1 2 14 3 15 1 1 17 1 1 16 9 2 7 1 2 |1 6 1 1 2 1 1 1 2 5 1 2 12 3 1 1 |1 10 2 5 1 4 1 1 2 2 1 2 4 3 4 7 |8 9 20 1 4 1 1 3 1 1 1 15 14 1 1 1 |4 8 1 1 8 1 8 8 15 2 1 1 1 1 1 3 |5 7 1 16 4 2 16 1 19 9 3 19 1 1 1 13 |4 3 10 8 2 15 6 1 1 1 15 6 1 4 27 37 |2 1 12 14 17 14 1 1 3 12 18 5 19 143 157 30 |1 1 5 1 1 7 1 9 5 1 1 1 5 1 17 15 |
10613: 1 1 13 1 2 1 1 1 1 1 1 1 1 1 16 6 |7 1 2 1 1 1 1 1 1 1 4 16 16 1 1 1 |1 1 6 1 9 4 3 18 5 1 1 1 9 1 1 7 |1 2 14 3 15 1 1 17 1 1 16 9 2 7 1 2 |1 1 1 1 1 7 1 1 2 3 1 2 2 1 3 3 |1 10 2 5 1 4 1 1 2 2 1 2 4 3 4 7 |8 9 20 1 4 1 1 3 1 1 1 15 14 1 1 1 |4 8 1 1 8 1 8 8 15 2 1 1 1 1 1 3 |5 7 1 16 4 2 16 1 19 9 3 19 1 1 1 13 |4 3 10 8 2 15 6 1 1 1 15 6 1 4 27 37 |2 1 12 14 17 14 1 1 3 12 18 5 19 143 157 30 |1 1 5 1 1 7 1 9 5 1 1 1 5 1 17 15 |
10624: 1 1 13 1 2 1 1 1 1 1 1 1 1 1 16 6 |7 1 2 1 1 1 1 1 1 1 4 16 16 1 1 1 |1 1 6 1 9 4 3 18 5 1 1 1 9 1 1 7 |1 2 14 3 15 1 1 17 1 1 16 9 2 7 1 2 |1 1 1 1 1 7 1 1 2 3 1 2 2 1 3 3 |2 10 1 2 1 3 1 2 1 1 1 1 1 5 2 3 |8 9 20 1 4 1 1 3 1 1 1 15 14 1 1 1 |4 8 1 1 8 1 8 8 15 2 1 1 1 1 1 3 |5 7 1 16 4 2 16 1 19 9 3 19 1 1 1 13 |4 3 10 8 2 15 6 1 1 1 15 6 1 4 27 37 |2 1 12 14 17 14 1 1 3 12 18 5 19 143 157 30 |1 1 5 1 1 7 1 9 5 1 1 1 5 1 17 15 |
10635: 1 1 13 1 2 1 1 1 1 1 1 1 1 1 16 6 |7 1 2 1 1 1 1 1 1 1 4 16 16 1 1 1 |1 1 6 1 9 4 3 18 5 1 1 1 9 1 1 7 |1 2 14 3 15 1 1 17 1 1 16 9 2 7 1 2 |1 1 1 1 1 7 1 1 2 3 1 2 2 1 3 3 |2 10 1 2 1 3 1 2 1 1 1 1 1 5 2 3 |8 9 20 1 4 1 1 3 1 1 1 15 14 1 1 1 |4 8 1 1 8 1 8 8 15 2 1 1 1 1 1 3 |5 7 1 16 4 2 16 1 19 9 3 19 1 1 1 13 |4 3 10 8 2 15 6 1 1 1 15 6 1 4 27 37 |2 1 12 14 17 14 1 1 3 12 18 5 19 143 157 30 |1 1 5 1 1 7 1 9 5 1 1 1 5 1 17 15 |
10646: 1 1 13 1 2 1 1 1 1 1 1 1 1 1 16 6 |7 1 2 1 1 1 1 1 1 1 4 16 16 1 1 1 |1 1 6 1 9 4 3 18 5 1 1 1 9 1 1 7 |1 1 14 1 6 1 1 2 12 4 1 1 1 5 1 1 |1 1 1 1 1 7 1 1 2 3 1 2 2 1 3 3 |2 10 1 2 1 3 1 2 1 1 1 1 1 5 2 3 |8 9 20 1 4 1 1 3 1 1 1 15 14 1 1 1 |4 8 1 1 8 1 8 8 15 2 1 1 1 1 1 3 |5 7 1 16 4 2 16 1 19 9 3 19 1 1 1 13 |4 3 10 8 2 15 6 1 1 1 15 6 1 4 27 37 |2 1 12 14 17 14 1 1 3 12 18 5 19 143 157 30 |1 1 5 1 1 7 1 9 5 1 1 1 5 1 17 15 |
10657: 1 1 13 1 2 1 1 1 1 1 1 1 1 1 16 6 |7 1 2 1 1 1 1 1 1 1 4 16 16 1 1 1 |1 1 6 1 9 4 3 18 5 1 1 1 9 1 1 7 |1 1 14 1 6 1 1 2 12 4 1 1 1 5 1 1 |1 1 1 1 1 7 1 1 2 3 1 2 2 1 3 3 |2 10 1 2 1 3 1 2 1 1 1 1 1 5 2 3 |8 9 20 1 4 1 1 3 1 1 1 15 14 1 1 1 |4 8 1 1 8 1 8 8 15 2 1 1 1 1 1 3 |5 7 1 16 4 2 16 1 19 9 3 19 1 1 1 13 |4 3 10 8 2 15 6 1 1 1 15 6 1 4 27 37 |1 2 1 1 4 12 2 7 1 17 3 1 1 1 5 15 |1 1 5 1 1 7 1 9 5 1 1 1 5 1 17 15 |
10668: 1 1 13 1 2 1 1 1 1 1 1 1 1 1 16 6 |7 1 2 1 1 1 1 1 1 1 4 16 16 1 1 1 |1 1 6 1 9 4 3 18 5 1 1 1 9 1 1 7 |1 1 14 1 6 1 1 2 12 4 1 1 1 5 1 1 |1 1 1 1 1 7 1 1 2 3 1 2 2 1 3 3 |2 10 1 2 1 3 1 2 1 1 1 1 1 5 2 3 |8 9 20 1 4 1 1 3 1 1 1 15 14 1 1 1 |4 8 1 1 8 1 8 8 15 2 1 1 1 1 1 3 |5 7 1 16 4 2 16 1 19 9 3 19 1 1 1 13 |4 3 10 8 2 15 6 1 1 1 15 6 1 4 27 37 |1 2 1 1 4 12 2 7 1 17 3 1 1 1 5 15 |1 1 5 1 1 7 1 9 5 1 1 1 5 1 17 15 |
10679: 1 1 13 1 2 1 1 1 1 1 1 1 1 1 16 6 |8 2 2 1 1 2 1 1 1 2 2 6 14 1 3 1 |1 1 6 1 9 4 3 18 5 1 1 1 9 1 1 7 |1 1 14 1 6 1 1 2 12 4 1 1 1 5 1 1 |1 1 1 1 1 7 1 1 2 3 1 2 2 1 3 3 |2 10 1 2 1 3 1 2 1 1 1 1 1 5 2 3 |8 9 20 1 4 1 1 3 1 1 1 15 14 1 1 1 |4 8 1 1 8 1 8 8 15 2 1 1 1 1 1 3 |5 7 1 16 4 2 16 1 19 9 3 19 1 1 1 13 |4 3 10 8 2 15 6 1 1 1 15 6 1 4 27 37 |1 2 1 1 4 12 2 7 1 17 3 1 1 1 5 15 |1 1 5 1 1 7 1 9 5 1 1 1 5 1 17 15 |
10690: 1 1 13 1 2 1 1 1 1 1 1 1 1 1 16 6 |8 2 2 1 1 2 1 1 1 2 2 6 14 1 3 1 |1 1 6 1 9 4 3 18 5 1 1 1 9 1 1 7 |1 1 14 1 6 1 1 2 12 4 1 1 1 5 1 1 |1 1 1 1 1 7 1 1 2 3 1 2 2 1 3 3 |2 10 1 2 1 3 1 2 1 1 1 1 1 5 2 3 |8 9 20 1 4 1 1 3 1 1 1 15 14 1 1 1 |4 8 1 1 8 1 8 8 15 2 1 1 1 1 1 3 |5 7 1 16 4 2 16 1 19 9 3 19 1 1 1 13 |4 3 10 8 2 15 6 1 1 1 15 6 1 4 27 37 |1 2 1 1 4 12 2 7 1 17 3 1 1 1 5 15 |1 4 3 1 1 8 6 8 5 1 1 2 6 1 16 15 |
10700: 1 1 13 1 2 1 1 1 1 1 1 1 1 1 16 6 |8 2 2 1 1 2 1 1 1 2 2 6 14 1 3 1 |1 1 6 1 9 4 3 18 5 1 1 1 9 1 1 7 |1 1 14 1 6 1 1 2 12 4 1 1 1 5 1 1 |1 1 1 1 1 7 1 1 2 3 1 2 2 1 3 3 |2 10 1 2 1 3 1 2 1 1 1 1 1 5 2 3 |8 9 20 1 4 1 1 3 1 1 1 15 14 1 1 1 |4 8 1 1 8 1 8 8 15 2 1 1 1 1 1 3 |5 7 1 16 4 2 16 1 19 9 3 19 1 1 1 13 |4 3 10 8 2 15 6 1 1 1 15 6 1 4 27 37 |1 2 1 1 4 12 2 7 1 17 3 1 1 1 5 15 |1 4 3 1 1 8 6 8 5 1 1 2 6 1 16 15 |
10711: 1 1 13 1 2 1 1 1 1 1 1 1 1 1 16 6 |8 2 2 1 1 2 1 1 1 2 2 6 14 1 3 1 |1 1 1 1 1 1 1 5 1 2 1 4 1 4 1 1 |1 1 14 1 6 1 1 2 12 4 1 1 1 5 1 1 |1 1 1 1 1 7 1 1 2 3 1 2 2 1 3 3 |2 10 1 2 1 3 1 2 1 1 1 1 1 5 2 3 |8 9 20 1 4 1 1 3 1 1 1 15 14 1 1 1 |4 8 1 1 8 1 8 8 15 2 1 1 1 1 1 3 |5 7 1 16 4 2 16 1 19 9 3 19 1 1 1 13 |4 3 10 8 2 15 6 1 1 1 15 6 1 4 27 37 |1 2 1 1 4 12 2 7 1 17 3 1 1 1 5 15 |1 4 3 1 1 8 6 8 5 1 1 2 6 1 16 15 |
10722: 1 1 13 1 2 1 1 1 1 1 1 1 1 1 16 6 |8 2 2 1 1 2 1 1 1 2 2 6 14 1 3 1 |1 1 1 1 1 1 1 5 1 2 1 4 1 4 1 1 |1 1 14 1 6 1 1 2 12 4 1 1 1 5 1 1 |1 1 1 1 1 7 1 1 2 3 1 2 2 1 3 3 |2 10 1 2 1 3 1 2 1 1 1 1 1 5 2 3 |8 9 20 1 4 1 1 3 1 1 1 15 14 1 1 1 |4 8 1 1 8 1 8 8 15 2 1 1 1 1 1 3 |5 7 1 16 4 2 16 1 19 9 3 19 1 1 1 13 |4 3 10 8 2 15 6 1 1 1 15 6 1 4 27 37 |1 2 1 1 4 12 2 7 1 17 3 1 1 1 5 15 |1 1 1 5 1 7 8 3 1 1 1 2 5 1 17 11 |
10733: 1 1 13 1 2 1 1 1 1 1 1 1 1 1 16 6 |8 2 2 1 1 2 1 1 1 2 2 6 14 1 3 1 |1 1 1 1 1 1 1 5 1 2 1 4 1 4 1 1 |1 1 14 1 6 1 1 2 12 4 1 1 1 5 1 1 |1 1 1 1 1 7 1 1 2 3 1 2 2 1 3 3 |2 10 1 2 1 3 1 2 1 1 1 1 1 5 2 3 |8 9 20 1 4 1 1 3 1 1 1 15 14 1 1 1 |4 8 1 1 8 1 8 8 15 2 1 1 1 1 1 3 |5 7 1 16 4 2 16 1 19 9 3 19 1 1 1 13 |4 3 10 8 2 15 6 1 1 1 15 6 1 4 27 37 |1 2 1 1 4 12 2 7 1 17 3 1 1 1 5 15 |1 1 1 5 1 7 8 3 1 1 1 2 5 1 17 11 |
10744: 1 1 12 1 1 1 1 1 5 1 1 3 5 1 1 1 |8 2 2 1 1 2 1 1 1 2 2 6 14 1 3 1 |1 1 1 1 1 1 1 5 1 2 1 4 1 4 1 1 |1 1 14 1 6 1 1 2 12 4 1 1 1 5 1 1 |1 1 1 1 1 7 1 1 2 3 1 2 2 1 3 3 |2 10 1 2 1 3 1 2 1 1 1 1 1 5 2 3 |8 9 20 1 4 1 1 3 1 1 1 15 14 1 1 1 |4 8 1 1 8 1 8 8 15 2 1 1 1 1 1 3 |5 7 1 16 4 2 16 1 19 9 3 19 1 1 1 13 |4 3 10 8 2 15 6 1 1 1 15 6 1 4 27 37 |1 2 1 1 4 12 2 7 1 17 3 1 1 1 5 15 |1 1 1 5 1 7 8 3 1 1 1 2 5 1 17 11 |
10755: 1 1 12 1 1 1 1 1 5 1 1 3 5 1 1 1 |8 2 2 1 1 2 1 1 1 2 2 6 14 1 3 1 |1 1 1 1 1 1 1 5 1 2 1 4 1 4 1 1 |1 1 14 1 6 1 1 2 12 4 1 1 1 5 1 1 |1 1 1 1 1 7 1 1 2 3 1 2 2 1 3 3 |2 10 1 2 1 3 1 2 1 1 1 1 1 5 2 3 |8 9 20 1 4 1 1 3 1 1 1 15 14 1 1 1 |4 8 1 1 8 1 8 8 15 2 1 1 1 1 1 3 |5 7 1 16 4 2 16 1 19 9 3 19 1 1 1 13 |1 2 4 3 2 5 1 2 1 2 5 1 7 1 14 1 |1 2 1 1 4 12 2 7 1 17 3 1 1 1 5 15 |1 1 1 5 1 7 8 3 1 1 1 2 5 1 17 11 |
10766: 1 1 12 1 1 1 1 1 5 1 1 3 5 1 1 1 |8 2 2 1 1 2 1 1 1 2 2 6 14 1 3 1 |1 1 1 1 1 1 1 5 1 2 1 4 1 4 1 1 |1 1 14 1 6 1 1 2 12 4 1 1 1 5 1 1 |1 1 1 1 1 7 1 1 2 3 1 2 2 1 3 3 |2 10 1 2 1 3 1 2 1 1 1 1 1 5 2 3 |8 9 20 1 4 1 1 3 1 1 1 15 14 1 1 1 |4 8 1 1 8 1 8 8 15 2 1 1 1 1 1 3 |5 7 1 16 4 2 16 1 19 9 3 19 1 1 1 13 |1 2 4 3 2 5 1 2 1 2 5 1 7 1 14 1 |1 1 7 1 15 6 2 7 4 8 3 1 1 1 5 14 |1 1 1 5 1 7 8 3 1 1 1 2 5 1 17 11 |
10777: 1 1 1 1 1 2 1 1 7 1 1 3 1 1 1 1 |8 2 2 1 1 2 1 1 1 2 2 6 14 1 3 1 |1 1 1 1 1 1 1 5 1 2 1 4 1 4 1 1 |1 1 14 1 6 1 1 2 12 4 1 1 1 5 1 1 |1 1 1 1 1 7 1 1 2 3 1 2 2 1 3 3 |2 10 1 2 1 3 1 2 1 1 1 1 1 5 2 3 |8 9 20 1 4 1 1 3 1 1 1 15 14 1 1 1 |4 8 1 1 8 1 8 8 15 2 1 1 1 1 1 3 |5 7 1 16 4 2 16 1 19 9 3 19 1 1 1 13 |1 2 4 3 2 5 1 2 1 2 5 1 7 1 14 1 |1 1 7 1 15 6 2 7 4 8 3 1 1 1 5 14 |1 1 1 5 1 7 8 3 1 1 1 2 5 1 17 11 |
10788: 1 1 1 1 1 2 1 1 7 1 1 3 1 1 1 1 |8 2 2 1 1 2 1 1 1 2 2 6 14 1 3 1 |1 1 1 1 1 1 1 5 1 2 1 4 1 4 1 1 |1 1 14 1 6 1 1 2 12 4 1 1 1 5 1 1 |1 1 1 1 1 7 1 1 2 3 1 2 2 1 3 3 |2 10 1 2 1 3 1 2 1 1 1 1 1 5 2 3 |8 9 20 1 4 1 1 3 1 1 1 15 14 1 1 1 |4 8 1 1 8 1 8 8 15 2 1 1 1 1 1 3 |5 7 1 16 4 2 16 1 19 9 3 19 1 1 1 13 |1 2 4 3 2 5 1 2 1 2 5 1 7 1 14 1 |1 1 8 1 2 1 2 2 4 17 2 1 8 1 1 1 |1 1 1 5 1 7 8 3 1 1 1 2 5 1 17 11 |
10799: 1 1 1 1 1 2 1 1 7 1 1 3 1 1 1 1 |8 2 2 1 1 2 1 1 1 2 2 6 14 1 3 1 |1 1 1 1 1 1 1 5 1 2 1 4 1 4 1 1 |1 1 14 1 6 1 1 2 12 4 1 1 1 5 1 1 |1 1 1 1 1 7 1 1 2 3 1 2 2 1 3 3 |2 10 1 2 1 3 1 2 1 1 1 1 1 5 2 3 |8 9 20 1 4 1 1 3 1 1 1 15 14 1 1 1 |4 8 1 1 8 1 8 8 15 2 1 1 1 1 1 3 |5 7 1 16 4 2 16 1 19 9 3 19 1 1 1 13 |1 2 4 3 2 5 1 2 1 2 5 1 7 1 14 1 |1 1 8 1 2 1 2 2 4 17 2 1 8 1 1 1 |1 1 1 5 1 7 8 3 1 1 1 2 5 1 17 11 |
10810: 1 1 1 1 1 2 1 1 7 1 1 3 1 1 1 1 |8 2 2 1 1 2 1 1 1 2 2 6 14 1 3 1 |1 1 1 1 1 1 1 5 1 2 1 4 1 4 1 1 |1 1 14 1 6 1 1 2 12 4 1 1 1 5 1 1 |1 1 1 1 1 7 1 1 2 3 1 2 2 1 3 3 |2 10 1 2 1 3 1 2 1 1 1 1 1 5 2 3 |8 9 20 1 4 1 1 3 1 1 1 15 14 1 1 1 |4 8 1 1 8 1 8 8 15 2 1 1 1 1 1 3 |5 7 1 16 4 2 16 1 19 9 3 19 1 1 1 13 |1 2 4 3 2 5 1 2 1 2 5 1 7 1 14 1 |1 1 8 1 2 1 2 2 4 17 2 1 8 1 1 1 |1 1 1 5 1 7 8 3 1 1 1 2 5 1 17 11 |
10821: 1 1 1 1 1 2 1 1 7 1 1 3 1 1 1 1 |8 2 2 1 1 2 1 1 1 2 2 6 14 1 3 1 |1 1 1 1 1 1 1 5 1 2 1 4 1 4 1 1 |1 1 14 1 6 1 1 2 12 4 1 1 1 5 1 1 |1 1 1 1 1 7 1 1 2 3 1 2 2 1 3 3 |2 10 1 2 1 3 1 2 1 1 1 1 1 5 2 3 |8 9 20 1 4 1 1 3 1 1 1 15 14 1 1 1 |4 8 1 1 8 1 8 8 15 2 1 1 1 1 1 3 |2 1 1 16 8 1 1 1 1 1 1 1 2 7 1 4 |1 2 4 3 2 5 1 2 1 2 5 1 7 1 14 1 |1 1 8 1 2 1 2 2 4 17 2 1 8 1 1 1 |1 1 1 5 1 7 8 3 1 1 1 2 5 1 17 11 |
10832: 1 1 1 1 1 2 1 1 7 1 1 3 1 1 1 1 |8 2 2 1 1 2 1 1 1 2 2 6 14 1 3 1 |1 1 1 1 1 1 1 5 1 2 1 4 1 4 1 1 |1 1 14 1 6 1 1 2 12 4 1 1 1 5 1 1 |1 1 1 1 1 7 1 1 2 3 1 2 2 1 3 3 |2 10 1 2 1 3 1 2 1 1 1 1 1 5 2 3 |8 9 20 1 4 1 1 3 1 1 1 15 14 1 1 1 |4 8 1 1 8 1 8 8 15 2 1 1 1 1 1 3 |2 1 1 16 8 1 1 1 1 1 1 1 2 7 1 4 |1 2 2 1 1 1 1 1 1 1 13 1 7 2 14 1 |1 1 8 1 2 1 2 2 4 17 2 1 8 1 1 1 |1 1 1 5 1 7 8 3 1 1 1 2 5 1 17 11 |
10843: 1 1 1 1 1 2 1 1 7 1 1 3 1 1 1 1 |8 2 2 1 1 2 1 1 1 2 2 6 14 1 3 1 |1 1 1 1 1 1 1 5 1 2 1 4 1 4 1 1 |1 1 14 1 6 1 1 2 12 4 1 1 1 5 1 1 |1 1 1 1 1 7 1 1 2 3 1 2 2 1 3 3 |2 10 1 2 1 3 1 2 1 1 1 1 1 5 2 3 |8 9 20 1 4 1 1 3 1 1 1 15 14 1 1 1 |4 8 1 1 8 1 8 8 15 2 1 1 1 1 1 3 |2 1 1 16 8 1 1 1 1 1 1 1 2 7 1 4 |1 2 2 1 1 1 1 1 1 1 13 1 7 2 14 1 |1 1 8 1 2 1 2 2 4 17 2 1 8 1 1 1 |1 1 1 5 1 7 8 3 1 1 1 2 5 1 17 11 |
10854: 1 1 1 1 1 2 1 1 7 1 1 3 1 1 1 1 |8 2 2 1 1 2 1 1 1 2 2 6 14 1 3 1 |1 1 1 1 1 1 1 5 1 2 1 4 1 4 1 1 |1 1 14 1 6 1 1 2 12 4 1 1 1 5 1 1 |1 1 1 1 1 7 1 1 2 3 1 2 2 1 3 3 |2 10 1 2 1 3 1 2 1 1 1 1 1 5 2 3 |8 9 20 1 4 1 1 3 1 1 1 15 14 1 1 1 |4 8 1 1 8 1 8 8 15 2 1 1 1 1 1 3 |2 1 1 16 8 1 1 1 1 1 1 1 2 7 1 4 |1 2 2 1 1 1 1 1 1 1 13 1 7 2 14 1 |1 1 8 1 2 1 2 2 4 17 2 1 8 1 1 1 |1 1 1 5 1 7 8 3 1 1 1 2 5 1 17 11 |
10865: 1 1 1 1 1 2 1 1 7 1 1 3 1 1 1 1 |8 2 2 1 1 2 1 1 1 2 2 6 14 1 3 1 |1 1 1 1 1 1 1 5 1 2 1 4 1 4 1 1 |1 1 14 1 6 1 1 2 12 4 1 1 1 5 1 1 |1 1 1 1 1 7 1 1 2 3 1 2 2 1 3 3 |2 10 1 2 1 3 1 2 1 1 1 1 1 5 2 3 |8 9 20 1 4 1 1 3 1 1 1 15 14 1 1 1 |4 8 1 1 8 1 8 8 15 2 1 1 1 1 1 3 |2 1 1 16 8 1 1 1 1 1 1 1 2 7 1 4 |1 2 2 1 1 1 1 1 1 1 13 1 7 2 14 1 |1 1 8 1 2 1 2 2 4 17 2 1 8 1 1 1 |1 1 1 5 1 7 8 3 1 1 1 2 5 1 17 11 |
10876: 1 1 1 1 1 2 1 1 7 1 1 3 1 1 1 1 |8 2 2 1 1 2 1 1 1 2 2 6 14 1 3 1 |1 1 1 1 1 1 1 5 1 2 1 4 1 4 1 1 |1 1 14 1 6 1 1 2 12 4 1 1 1 5 1 1 |1 1 1 1 1 7 1 1 2 3 1 2 2 1 3 3 |2 10 1 2 1 3 1 2 1 1 1 1 1 5 2 3 |8 9 20 1 4 1 1 3 1 1 1 15 14 1 1 1 |4 8 1 1 8 1 8 8 15 2 1 1 1 1 1 3 |2 1 1 16 8 1 1 1 1 1 1 1 2 7 1 4 |1 2 2 1 1 1 1 1 1 1 13 1 7 2 14 1 |1 1 8 1 2 1 2 2 4 17 2 1 8 1 1 1 |1 1 1 5 1 7 8 3 1 1 1 2 5 1 17 11 |
10887: 1 1 1 1 1 2 1 1 7 1 1 3 1 1 1 1 |8 2 2 1 1 2 1 1 1 2 2 6 14 1 3 1 |1 1 1 1 1 1 1 5 1 2 1 4 1 4 1 1 |1 1 14 1 6 1 1 2 12 4 1 1 1 5 1 1 |1 1 1 1 1 7 1 1 2 3 1 2 2 1 3 3 |2 10 1 2 1 3 1 2 1 1 1 1 1 5 2 3 |8 9 20 1 4 1 1 3 1 1 1 15 14 1 1 1 |1 1 1 9 7 1 1 6 1 1 1 1 1 1 4 17 |2 1 1 16 8 1 1 1 1 1 1 1 2 7 1 4 |1 2 2 1 1 1 1 1 1 1 13 1 7 2 14 1 |1 1 8 1 2 1 2 2 4 17 2 1 8 1 1 1 |1 1 1 5 1 7 8 3 1 1 1 2 5 1 17 11 |
10898: 1 1 1 1 1 2 1 1 7 1 1 3 1 1 1 1 |8 2 2 1 1 2 1 1 1 2 2 6 14 1 3 1 |1 1 1 1 1 1 1 5 1 2 1 4 1 4 1 1 |1 1 14 1 6 1 1 2 12 4 1 1 1 5 1 1 |1 1 1 1 1 7 1 1 2 3 1 2 2 1 3 3 |2 10 1 2 1 3 1 2 1 1 1 1 1 5 2 3 |8 9 20 1 4 1 1 3 1 1 1 15 14 1 1 1 |1 1 1 9 7 1 1 6 1 1 1 1 1 1 4 17 |2 1 1 16 8 1 1 1 1 1 1 1 2 7 1 4 |1 2 2 1 1 1 1 1 1 1 13 1 7 2 14 1 |1 1 8 1 2 1 2 2 4 17 2 1 8 1 1 1 |1 1 1 5 1 7 8 3 1 1 1 2 5 1 17 11 |
10909: 1 1 1 1 1 2 1 1 7 1 1 3 1 1 1 1 |8 2 2 1 1 2 1 1 1 2 2 6 14 1 3 1 |1 1 1 1 1 1 1 5 1 2 1 4 1 4 1 1 |1 1 14 1 6 1 1 2 12 4 1 1 1 5 1 1 |1 1 1 1 1 7 1 1 2 3 1 2 2 1 3 3 |2 10 1 2 1 3 1 2 1 1 1 1 1 5 2 3 |8 9 20 1 4 1 1 3 1 1 1 15 14 1 1 1 |1 1 1 9 7 1 1 6 1 1 1 1 1 1 4 17 |2 1 1 16 8 1 1 1 1 1 1 1 2 7 1 4 |1 2 2 1 1 1 1 1 1 1 13 1 7 2 14 1 |1 1 8 1 2 1 2 2 4 17 2 1 8 1 1 1 |1 1 1 5 1 7 8 3 1 1 1 2 5 1 17 11 |
10920: 1 1 1 1 1 2 1 1 7 1 1 3 1 1 1 1 |8 2 2 1 1 2 1 1 1 2 2 6 14 1 3 1 |1 1 1 1 1 1 1 5 1 2 1 4 1 4 1 1 |1 1 14 1 6 1 1 2 12 4 1 1 1 5 1 1 |1 1 1 1 1 7 1 1 2 3 1 2 2 1 3 3 |2 10 1 2 1 3 1 2 1 1 1 1 1 5 2 3 |1 1 1 1 2 1 1 2 1 1 5 16 9 1 1 1 |1 1 1 9 7 1 1 6 1 1 1 1 1 1 4 17 |2 1 1 16 8 1 1 1 1 1 1 1 2 7 1 4 |1 2 2 1 1 1 1 1 1 1 13 1 7 2 14 1 |1 1 8 1 2 1 2 2 4 17 2 1 8 1 1 1 |1 1 1 5 1 7 8 3 1 1 1 2 5 1 17 11 |
10931: 1 1 1 1 1 2 1 1 7 1 1 3 1 1 1 1 |8 2 2 1 1 2 1 1 1 2 2 6 14 1 3 1 |1 1 1 1 1 1 1 5 1 2 1 4 1 4 1 1 |1 1 14 1 6 1 1 2 12 4 1 1 1 5 1 1 |1 1 1 1 1 7 1 1 2 3 1 2 2 1 3 3 |2 10 1 2 1 3 1 2 1 1 1 1 1 5 2 3 |1 1 1 1 2 1 1 2 1 1 5 16 9 1 1 1 |1 1 1 9 7 1 1 6 1 1 1 1 1 1 4 17 |2 1 1 16 8 1 1 1 1 1 1 1 2 7 1 4 |1 2 2 1 1 1 1 1 1 1 13 1 7 2 14 1 |1 1 8 1 2 1 2 2 4 17 2 1 8 1 1 1 |1 1 1 5 1 7 8 3 1 1 1 2 5 1 17 11 |
10942: 1 1 1 1 1 2 1 1 7 1 1 3 1 1 1 1 |8 2 2 1 1 2 1 1 1 2 2 6 14 1 3 1 |1 1 1 1 1 1 1 5 1 2 1 4 1 4 1 1 |1 1 14 1 6 1 1 2 12 4 1 1 1 5 1 1 |1 1 1 1 1 7 1 1 2 3 1 2 2 1 3 3 |2 10 1 2 1 3 1 2 1 1 1 1 1 5 2 3 |1 1 1 1 2 1 1 2 1 1 5 16 9 1 1 1 |1 1 1 9 7 1 1 6 1 1 1 1 1 1 4 17 |2 1 1 16 8 1 1 1 1 1 1 1 2 7 1 4 |1 2 2 1 1 1 1 1 1 1 13 1 7 2 14 1 |1 1 8 1 2 1 2 2 4 17 2 1 8 1 1 1 |1 1 1 5 1 7 8 3 1 1 1 2 5 1 17 11 |
10953: 1 1 1 1 1 2 1 1 7 1 1 3 1 1 1 1 |8 2 2 1 1 2 1 1 1 2 2 6 14 1 3 1 |1 1 1 1 1 1 1 5 1 2 1 4 1 4 1 1 |1 1 14 1 6 1 1 2 12 4 1 1 1 5 1 1 |1 1 1 1 1 7 1 1 2 3 1 2 2 1 3 3 |2 10 1 2 1 3 1 2 1 1 1 1 1 5 2 3 |1 1 1 1 2 1 2 1 1 1 1 1 1 1 1 1 |1 1 1 9 7 1 1 6 1 1 1 1 1 1 4 17 |2 1 1 16 8 1 1 1 1 1 1 1 2 7 1 4 |1 2 2 1 1 1 1 1 1 1 13 1 7 2 14 1 |1 1 8 1 2 1 2 2 4 17 2 1 8 1 1 1 |1 1 1 5 1 7 8 3 1 1 1 2 5 1 17 11 |
10964: 1 1 1 1 1 2 1 1 7 1 1 3 1 1 1 1 |8 2 2 1 1 2 1 1 1 2 2 6 14 1 3 1 |1 1 1 1 1 1 1 5 1 2 1 4 1 4 1 1 |1 1 14 1 6 1 1 2 12 4 1 1 1 5 1 1 |1 1 1 1 1 7 1 1 2 3 1 2 2 1 3 3 |2 10 1 2 1 3 1 2 1 1 1 1 1 5 2 3 |1 1 1 1 2 1 2 1 1 1 1 1 1 1 1 1 |1 1 1 9 7 1 1 6 1 1 1 1 1 1 4 17 |2 1 1 16 8 1 1 1 1 1 1 1 2 7 1 4 |1 2 2 1 1 1 1 1 1 1 13 1 7 2 14 1 |1 1 8 1 2 1 2 2 4 17 2 1 8 1 1 1 |1 1 1 5 1 7 8 3 1 1 1 2 5 1 17 11 |
10975: 1 1 1 1 1 2 1 1 7 1 1 3 1 1 1 1 |8 2 2 1 1 2 1 1 1 2 2 6 14 1 3 1 |1 1 1 1 1 1 1 5 1 2 1 4 1 4 1 1 |1 1 14 1 6 1 1 2 12 4 1 1 1 5 1 1 |1 1 1 1 1 7 1 1 2 3 1 2 2 1 3 3 |2 10 1 2 1 3 1 2 1 1 1 1 1 5 2 3 |1 1 1 1 2 1 2 1 1 1 1 1 1 1 1 1 |1 1 1 9 7 1 1 6 1 1 1 1 1 1 4 17 |2 1 1 16 8 1 1 1 1 1 1 1 2 7 1 4 |1 2 2 1 1 1 1 1 1 1 13 1 7 2 14 1 |1 1 8 1 2 1 2 2 4 17 2 1 8 1 1 1 |1 1 1 5 1 7 8 3 1 1 1 2 5 1 17 11 |
10986: 1 1 1 1 1 2 1 1 7 1 1 3 1 1 1 1 |8 2 2 1 1 2 1 1 1 2 2 6 14 1 3 1 |1 1 1 1 1 1 1 5 1 2 1 4 1 4 1 1 |1 1 14 1 6 1 1 2 12 4 1 1 1 5 1 1 |1 1 1 1 1 7 1 1 2 3 1 2 2 1 3 3 |2 10 1 2 1 3 1 2 1 1 1 1 1 5 2 3 |1 1 17 2 1 1 4 2 3 1 1 17 7 1 1 1 |1 1 1 9 7 1 1 6 1 1 1 1 1 1 4 17 |2 1 1 16 8 1 1 1 1 1 1 1 2 7 1 4 |1 2 2 1 1 1 1 1 1 1 13 1 7 2 14 1 |1 1 8 1 2 1 2 2 4 17 2 1 8 1 1 1 |1 1 1 5 1 7 8 3 1 1 1 2 5 1 17 11 |
10997: 1 1 1 1 1 2 1 1 7 1 1 3 1 1 1 1 |8 2 2 1 1 2 1 1 1 2 2 6 14 1 3 1 |1 1 1 1 1 1 1 5 1 2 1 4 1 4 1 1 |1 1 14 1 6 1 1 2 12 4 1 1 1 5 1 1 |1 1 1 1 1 7 1 1 2 3 1 2 2 1 3 3 |2 10 1 2 1 3 1 2 1 1 1 1 1 5 2 3 |1 1 17 2 1 1 4 2 3 1 1 17 7 1 1 1 |1 1 1 9 9 1 1 2 4 1 1 1 1 1 4 16 |2 1 1 16 8 1 1 1 1 1 1 1 2 7 1 4 |1 2 2 1 1 1 1 1 1 1 13 1 7 2 14 1 |1 1 8 1 2 1 2 2 4 17 2 1 8 1 1 1 |1 1 1 5 1 7 8 3 1 1 1 2 5 1 17 11 |
11008: 1 1 1 1 1 2 1 1 7 1 1 3 1 1 1 1 |8 2 2 1 1 2 1 1 1 2 2 6 14 1 3 1 |1 1 1 1 1 1 1 5 1 2 1 4 1 4 1 1 |1 1 14 1 6 1 1 2 12 4 1 1 1 5 1 1 |1 1 1 1 1 7 1 1 2 3 1 2 2 1 3 3 |2 10 1 2 1 3 1 2 1 1 1 1 1 5 2 3 |1 1 17 2 1 1 4 2 3 1 1 17 7 1 1 1 |1 1 1 9 9 1 1 2 4 1 1 1 1 1 4 16 |2 1 1 16 8 1 1 1 1 1 1 1 2 7 1 4 |1 2 2 1 1 1 1 1 1 1 13 1 7 2 14 1 |1 1 8 1 2 1 2 2 4 17 2 1 8 1 1 1 |1 1 1 5 1 7 8 3 1 1 1 2 5 1 17 11 |
11019: 1 1 1 1 1 2 1 1 7 1 1 3 1 1 1 1 |8 2 2 1 1 2 1 1 1 2 2 6 14 1 3 1 |1 1 1 1 1 1 1 5 1 2 1 4 1 4 1 1 |1 1 14 1 6 1 1 2 12 4 1 1 1 5 1 1 |1 1 1 1 1 7 1 1 2 3 1 2 2 1 3 3 |1 1 1 1 1 2 1 12 1 1 1 3 1 4 4 13 |1 1 17 2 1 1 4 2 3 1 1 17 7 1 1 1 |1 1 1 9 9 1 1 2 4 1 1 1 1 1 4 16 |2 1 1 16 8 1 1 1 1 1 1 1 2 7 1 4 |1 2 2 1 1 1 1 1 1 1 13 1 7 2 14 1 |1 1 8 1 2 1 2 2 4 17 2 1 8 1 1 1 |1 1 1 5 1 7 8 3 1 1 1 2 5 1 17 11 |
11030: 1 1 1 1 1 2 1 1 7 1 1 3 1 1 1 1 |8 2 2 1 1 2 1 1 1 2 2 6 14 1 3 1 |1 1 1 1 1 1 1 5 1 2 1 4 1 4 1 1 |1 1 14 1 6 1 1 2 12 4 1 1 1 5 1 1 |1 1 1 1 1 7 1 1 2 3 1 2 2 1 3 3 |1 1 1 1 1 2 1 12 1 1 1 3 1 4 4 13 |1 1 17 2 1 1 4 2 3 1 1 17 7 1 1 1 |1 1 1 9 9 1 1 2 4 1 1 1 1 1 4 16 |2 1 1 16 8 1 1 1 1 1 1 1 2 7 1 4 |1 2 2 1 1 1 1 1 1 1 13 1 7 2 14 1 |1 1 8 1 2 1 2 2 4 17 2 1 8 1 1 1 |1 1 1 5 1 7 8 3 1 1 1 2 5 1 17 11 |
11041: 1 1 1 1 1 2 1 1 7 1 1 3 1 1 1 1 |8 2 2 1 1 2 1 1 1 2 2 6 14 1 3 1 |1 1 1 1 1 1 1 5 1 2 1 4 1 4 1 1 |1 1 14 1 6 1 1 2 12 4 1 1 1 5 1 1 |1 1 1 1 1 7 1 1 2 3 1 2 2 1 3 3 |1 1 1 1 1 2 1 12 1 1 1 3 1 4 4 13 |1 1 17 2 1 1 4 2 3 1 1 17 7 1 1 1 |1 1 1 9 9 1 1 2 4 1 1 1 1 1 4 16 |2 1 1 16 8 1 1 1 1 1 1 1 2 7 1 4 |1 2 2 1 1 1 1 1 1 1 13 1 7 2 14 1 |1 1 8 1 2 1 2 2 4 17 2 1 8 1 1 1 |1 1 1 5 1 7 8 3 1 1 1 2 5 1 17 11 |
11052: 1 1 1 1 1 2 1 1 7 1 1 3 1 1 1 1 |8 2 2 1 1 2 1 1 1 2 2 6 14 1 3 1 |1 1 1 1 1 1 1 5 1 2 1 4 1 4 1 1 |1 1 14 1 6 1 1 2 12 4 1 1 1 5 1 1 |1 1 1 1 1 7 1 1 2 3 1 2 2 1 3 3 |1 1 1 1 1 2 1 12 1 1 1 3 1 4 4 13 |1 1 17 2 1 1 4 2 3 1 1 17 7 1 1 1 |1 1 1 9 9 1 1 2 4 1 1 1 1 1 4 16 |2 1 1 16 8 1 1 1 1 1 1 1 2 7 1 4 |1 2 2 1 1 1 1 1 1 1 13 1 7 2 14 1 |1 1 8 1 2 1 2 2 4 17 2 1 8 1 1 1 |1 1 1 5 1 7 8 3 1 1 1 2 5 1 17 11 |
11063: 1 1 1 1 1 2 1 1 7 1 1 3 1 1 1 1 |8 2 2 1 1 2 1 1 1 2 2 6 14 1 3 1 |1 1 1 1 1 1 1 5 1 2 1 4 1 4 1 1 |1 1 14 1 6 1 1 2 12 4 1 1 1 5 1 1 |1 1 1 1 1 7 1 1 2 3 1 2 2 1 3 3 |1 1 1 1 1 2 1 12 1 1 1 3 1 4 4 13 |1 1 17 2 1 1 4 2 3 1 1 17 7 1 1 1 |1 1 1 9 9 1 1 2 4 1 1 1 1 1 4 16 |2 1 1 16 8 1 1 1 1 1 1 1 2 7 1 4 |1 2 2 1 1 1 1 1 1 1 13 1 7 2 14 1 |1 1 8 1 2 1 2 2 4 17 2 1 8 1 1 1 |1 1 1 5 1 7 8 3 1 1 1 2 5 1 17 11 |
11073: 1 1 1 1 1 2 1 1 7 1 1 3 1 1 1 1 |1 1 1 1 1 1 1 1 1 2 2 15 1 2 3 1 |1 1 1 1 1 1 1 5 1 2 1 4 1 4 1 1 |1 1 14 1 6 1 1 2 12 4 1 1 1 5 1 1 |1 1 1 1 1 7 1 1 2 3 1 2 2 1 3 3 |1 1 1 1 1 2 1 12 1 1 1 3 1 4 4 13 |1 1 17 2 1 1 4 2 3 1 1 17 7 1 1 1 |1 1 1 9 9 1 1 2 4 1 1 1 1 1 4 16 |2 1 1 16 8 1 1 1 1 1 1 1 2 7 1 4 |1 2 2 1 1 1 1 1 1 1 13 1 7 2 14 1 |1 1 8 1 2 1 2 2 4 17 2 1 8 1 1 1 |1 1 1 5 1 7 8 3 1 1 1 2 5 1 17 11 |
11084: 1 1 1 1 1 2 1 1 7 1 1 3 1 1 1 1 |1 1 1 1 1 1 1 1 1 2 2 15 1 2 3 1 |1 1 1 1 1 1 1 5 1 2 1 4 1 4 1 1 |1 1 14 1 6 1 1 2 12 4 1 1 1 5 1 1 |1 1 1 1 1 7 1 1 2 3 1 2 2 1 3 3 |1 1 1 1 1 2 1 12 1 1 1 3 1 4 4 13 |1 1 17 2 1 1 4 2 3 1 1 17 7 1 1 1 |1 1 1 9 9 1 1 2 4 1 1 1 1 1 4 16 |2 1 1 16 8 1 1 1 1 1 1 1 2 7 1 4 |1 2 2 1 1 1 1 1 1 1 13 1 7 2 14 1 |1 2 7 1 15 1 2 8 1 18 4 1 1 1 1 13 |1 1 1 5 1 7 8 3 1 1 1 2 5 1 17 11 |
11095: 1 1 1 1 1 2 1 1 7 1 1 3 1 1 1 1 |1 1 1 1 1 1 1 1 1 2 2 15 1 2 3 1 |1 1 1 1 1 1 1 5 1 2 1 4 1 4 1 1 |1 1 14 1 6 1 1 2 12 4 1 1 1 5 1 1 |1 1 1 1 1 7 1 1 2 3 1 2 2 1 3 3 |1 1 1 1 1 2 1 12 1 1 1 3 1 4 4 13 |1 1 17 2 1 1 4 2 3 1 1 17 7 1 1 1 |1 1 1 9 9 1 1 2 4 1 1 1 1 1 4 16 |2 1 1 16 8 1 1 1 1 1 1 1 2 7 1 4 |1 2 2 1 1 1 1 1 1 1 13 1 7 2 14 1 |1 2 7 1 15 1 2 8 1 18 4 1 1 1 1 13 |1 1 1 5 1 7 8 3 1 1 1 2 5 1 17 11 |
11106: 1 1 1 1 1 2 1 1 7 1 1 3 1 1 1 1 |1 1 1 1 1 1 1 1 1 2 2 15 1 2 3 1 |1 1 1 1 1 1 1 5 1 2 1 4 1 4 1 1 |1 1 3 2 14 1 1 2 12 4 1 1 1 4 1 1 |1 1 1 1 1 7 1 1 2 3 1 2 2 1 3 3 |1 1 1 1 1 2 1 12 1 1 1 3 1 4 4 13 |1 1 17 2 1 1 4 2 3 1 1 17 7 1 1 1 |1 1 1 9 9 1 1 2 4 1 1 1 1 1 4 16 |2 1 1 16 8 1 1 1 1 1 1 1 2 7 1 4 |1 2 2 1 1 1 1 1 1 1 13 1 7 2 14 1 |1 2 7 1 15 1 2 8 1 18 4 1 1 1 1 13 |1 1 1 5 1 7 8 3 1 1 1 2 5 1 17 11 |
11117: 1 1 1 1 1 2 1 1 7 1 1 3 1 1 1 1 |1 1 1 1 1 1 1 1 1 2 2 15 1 2 3 1 |1 1 1 1 1 1 1 5 1 2 1 4 1 4 1 1 |1 1 3 2 14 1 1 2 12 4 1 1 1 4 1 1 |1 1 1 1 1 1 1 1 1 1 1 3 11 3 1 3 |1 1 1 1 1 2 1 12 1 1 1 3 1 4 4 13 |1 1 17 2 1 1 4 2 3 1 1 17 7 1 1 1 |1 1 1 9 9 1 1 2 4 1 1 1 1 1 4 16 |2 1 1 16 8 1 1 1 1 1 1 1 2 7 1 4 |1 2 2 1 1 1 1 1 1 1 13 1 7 2 14 1 |1 2 7 1 15 1 2 8 1 18 4 1 1 1 1 13 |1 1 1 5 1 7 8 3 1 1 1 2 5 1 17 11 |
11128: 1 1 1 1 1 2 1 1 7 1 1 3 1 1 1 1 |1 1 1 1 1 1 1 1 1 2 2 15 1 2 3 1 |1 1 1 1 1 1 1 5 1 2 1 4 1 4 1 1 |1 1 3 2 14 1 1 2 12 4 1 1 1 4 1 1 |1 1 1 1 1 1 1 1 1 1 1 3 11 3 1 3 |1 1 1 1 1 2 1 12 1 1 1 3 1 4 4 13 |1 1 17 2 1 1 4 2 3 1 1 17 7 1 1 1 |1 1 1 9 9 1 1 2 4 1 1 1 1 1 4 16 |2 1 1 16 8 1 1 1 1 1 1 1 2 7 1 4 |1 2 2 1 1 1 1 1 1 1 13 1 7 2 14 1 |1 2 7 1 15 1 2 8 1 18 4 1 1 1 1 13 |1 1 1 5 1 7 8 3 1 1 1 2 5 1 17 11 |
11139: 1 1 1 1 1 2 1 1 7 1 1 3 1 1 1 1 |1 1 1 1 1 1 1 1 1 2 2 15 1 2 3 1 |1 1 1 1 1 1 1 5 1 2 1 4 1 4 1 1 |1 1 3 2 14 1 1 2 12 4 1 1 1 4 1 1 |1 1 1 1 1 1 1 1 1 1 1 3 11 3 1 3 |1 1 1 1 1 2 1 12 1 1 1 3 1 4 4 13 |1 1 17 2 1 1 4 2 3 1 1 17 7 1 1 1 |1 1 1 9 9 1 1 2 4 1 1 1 1 1 4 16 |2 1 1 16 8 1 1 1 1 1 1 1 2 7 1 4 |1 2 2 1 1 1 1 1 1 1 13 1 7 2 14 1 |1 2 7 1 15 1 2 8 1 18 4 1 1 1 1 13 |1 1 1 5 1 7 8 3 1 1 1 2 5 1 17 11 |
11150: 1 1 1 1 1 2 1 1 7 1 1 3 1 1 1 1 |1 1 1 1 1 1 1 1 1 2 2 15 1 2 3 1 |1 1 1 1 1 1 1 5 1 2 1 4 1 4 1 1 |1 1 3 2 14 1 1 2 12 4 1 1 1 4 1 1 |1 1 1 1 1 1 1 1 1 1 1 3 11 3 1 3 |1 1 1 1 1 2 1 12 1 1 1 3 1 4 4 13 |1 1 17 2 1 1 4 2 3 1 1 17 7 1 1 1 |1 1 1 9 9 1 1 2 4 1 1 1 1 1 4 16 |2 1 1 16 8 1 1 1 1 1 1 1 2 7 1 4 |1 2 2 1 1 1 1 1 1 1 13 1 7 2 14 1 |2 1 1 1 2 13 2 2 3 17 2 1 1 2 11 1 |1 1 1 5 1 7 8 3 1 1 1 2 5 1 17 11 |
11161: 1 1 1 1 1 2 1 1 7 1 1 3 1 1 1 1 |1 1 1 1 1 1 1 1 1 2 2 15 1 2 3 1 |1 1 1 1 1 1 1 5 1 2 1 4 1 4 1 1 |1 1 3 2 14 1 1 2 12 4 1 1 1 4 1 1 |1 1 1 1 1 1 1 1 1 1 1 3 11 3 1 3 |1 1 1 1 1 2 1 12 1 1 1 3 1 4 4 13 |1 1 17 2 1 1 4 2 3 1 1 17 7 1 1 1 |1 1 1 9 9 1 1 2 4 1 1 1 1 1 4 16 |2 1 1 16 8 1 1 1 1 1 1 1 2 7 1 4 |1 2 2 1 1 1 1 1 1 1 13 1 7 2 14 1 |2 1 1 1 2 13 2 2 3 17 2 1 1 2 11 1 |1 1 1 5 1 7 8 3 1 1 1 2 5 1 17 11 |
11172: 1 1 1 1 1 2 1 1 7 1 1 3 1 1 1 1 |1 1 1 1 2 1 1 1 1 3 1 15 8 1 4 1 |1 1 1 1 1 1 1 5 1 2 1 4 1 4 1 1 |1 1 3 2 14 1 1 2 12 4 1 1 1 4 1 1 |1 1 1 1 1 1 1 1 1 1 1 3 11 3 1 3 |1 1 1 1 1 2 1 12 1 1 1 3 1 4 4 13 |1 1 17 2 1 1 4 2 3 1 1 17 7 1 1 1 |1 1 1 9 9 1 1 2 4 1 1 1 1 1 4 16 |2 1 1 16 8 1 1 1 1 1 1 1 2 7 1 4 |1 2 2 1 1 1 1 1 1 1 13 1 7 2 14 1 |2 1 1 1 2 13 2 2 3 17 2 1 1 2 11 1 |1 1 1 5 1 7 8 3 1 1 1 2 5 1 17 11 |
11183: 1 1 1 1 1 2 1 1 7 1 1 3 1 1 1 1 |1 1 1 1 2 1 1 1 1 3 1 15 8 1 4 1 |1 1 1 1 1 1 1 5 1 2 1 4 1 4 1 1 |1 1 3 2 14 1 1 2 12 4 1 1 1 4 1 1 |1 1 1 1 1 1 1 1 1 1 1 3 11 3 1 3 |1 1 1 1 1 2 1 12 1 1 1 3 1 4 4 13 |1 1 17 2 1 1 4 2 3 1 1 17 7 1 1 1 |1 1 1 9 9 1 1 2 4 1 1 1 1 1 4 16 |1 1 1 16 8 1 15 13 9 1 1 7 1 6 3 3 |1 2 2 1 1 1 1 1 1 1 13 1 7 2 14 1 |2 1 1 1 2 13 2 2 3 17 2 1 1 2 11 1 |1 1 1 5 1 7 8 3 1 1 1 2 5 1 17 11 |
11194: 1 1 1 1 1 2 1 1 7 1 1 3 1 1 1 1 |1 1 1 1 2 1 1 1 1 3 1 15 8 1 4 1 |1 1 1 1 1 1 1 5 1 2 1 4 1 4 1 1 |1 1 3 2 14 1 1 2 12 4 1 1 1 4 1 1 |1 1 1 1 1 1 1 1 1 1 1 3 11 3 1 3 |1 1 1 1 1 2 1 12 1 1 1 3 1 4 4 13 |1 1 17 2 1 1 4 2 3 1 1 17 7 1 1 1 |1 1 1 9 9 1 1 2 4 1 1 1 1 1 4 16 |1 1 1 16 8 1 15 13 9 1 1 7 1 6 3 3 |1 2 4 1 1 7 1 1 1 1 13 1 7 2 2 1 |2 1 1 1 2 13 2 2 3 17 2 1 1 2 11 1 |1 1 1 5 1 7 8 3 1 1 1 2 5 1 17 11 |
11205: 1 1 1 1 1 2 1 1 7 1 1 3 1 1 1 1 |1 1 1 1 2 1 1 1 1 3 1 15 8 1 4 1 |1 1 1 1 1 1 1 5 1 2 1 4 1 4 1 1 |1 1 3 2 14 1 1 2 12 4 1 1 1 4 1 1 |1 1 1 1 1 1 1 1 1 1 1 3 11 3 1 3 |1 1 1 1 1 2 1 12 1 1 1 3 1 4 4 13 |1 1 17 2 1 1 4 2 3 1 1 17 7 1 1 1 |1 1 1 9 9 1 1 2 4 1 1 1 1 1 4 16 |1 1 1 16 8 1 15 13 9 1 1 7 1 6 3 3 |1 2 4 1 1 7 1 1 1 1 13 1 7 2 2 1 |2 1 1 1 2 13 2 2 3 17 2 1 1 2 11 1 |1 1 1 5 1 7 8 3 1 1 1 2 5 1 17 11 |
11216: 1 1 1 1 1 2 1 1 7 1 1 3 1 1 1 1 |1 1 1 1 2 1 1 1 1 3 1 15 8 1 4 1 |1 1 1 1 1 1 1 5 1 2 1 4 1 4 1 1 |1 1 3 2 14 1 1 2 12 4 1 1 1 4 1 1 |1 1 1 1 1 1 1 1 1 1 1 3 11 3 1 3 |1 1 1 1 1 2 1 12 1 1 1 3 1 4 4 13 |1 1 17 2 1 1 4 2 3 1 1 17 7 1 1 1 |1 1 1 9 9 1 1 2 4 1 1 1 1 1 4 16 |1 1 1 16 8 1 15 13 9 1 1 7 1 6 3 3 |1 2 4 1 1 7 1 1 1 1 13 1 7 2 2 1 |2 1 1 1 2 13 2 2 3 17 2 1 1 2 11 1 |1 1 1 5 1 7 8 3 1 1 1 2 5 1 17 11 |
11227: 1 1 1 1 1 2 1 1 7 1 1 3 1 1 1 1 |1 1 1 1 2 1 1 1 1 3 1 15 8 1 4 1 |1 1 1 1 1 1 1 5 1 2 1 4 1 4 1 1 |1 1 3 2 14 1 1 2 12 4 1 1 1 4 1 1 |1 1 1 1 1 1 1 1 1 1 1 3 11 3 1 3 |1 1 1 1 1 2 1 12 1 1 1 3 1 4 4 13 |1 1 17 2 1 1 4 2 3 1 1 17 7 1 1 1 |1 1 1 9 9 1 1 2 4 1 1 1 1 1 4 16 |1 1 1 16 8 1 15 13 9 1 1 7 1 6 3 3 |1 2 4 1 1 7 1 1 1 1 13 1 7 2 2 1 |2 1 1 1 2 13 2 2 3 17 2 1 1 2 11 1 |1 1 1 5 1 7 8 3 1 1 1 2 5 1 17 11 |
11238: 1 1 1 1 1 2 1 1 7 1 1 3 1 1 1 1 |1 1 1 1 2 1 1 1 1 3 1 15 8 1 4 1 |1 1 1 1 1 1 1 5 1 2 1 4 1 4 1 1 |1 1 3 2 14 1 1 2 12 4 1 1 1 4 1 1 |1 1 1 1 1 1 1 1 1 1 1 3 11 3 1 3 |1 1 1 1 1 2 1 12 1 1 1 3 1 4 4 13 |1 1 17 2 1 1 4 2 3 1 1 17 7 1 1 1 |1 1 1 9 9 1 1 2 4 1 1 1 1 1 4 16 |1 1 1 16 8 1 15 13 9 1 1 7 1 6 3 3 |1 2 4 1 1 7 1 1 1 1 13 1 7 2 2 1 |2 1 1 1 2 13 2 2 3 17 2 1 1 2 11 1 |1 1 1 5 1 7 8 3 1 1 1 2 5 1 17 11 |
11249: 1 1 1 1 1 2 1 1 7 1 1 3 1 1 1 1 |1 1 1 1 2 1 1 1 1 3 1 15 8 1 4 1 |1 1 1 1 1 1 1 5 1 2 1 4 1 4 1 1 |1 1 3 2 14 1 1 2 12 4 1 1 1 4 1 1 |1 1 1 1 1 1 1 1 1 1 1 3 11 3 1 3 |1 1 1 1 1 2 1 12 1 1 1 3 1 4 4 13 |1 1 17 2 1 1 4 2 3 1 1 17 7 1 1 1 |1 2 1 9 8 1 1 6 4 1 1 1 1 1 4 17 |1 1 1 16 8 1 15 13 9 1 1 7 1 6 3 3 |1 2 4 1 1 7 1 1 1 1 13 1 7 2 2 1 |2 1 1 1 2 13 2 2 3 17 2 1 1 2 11 1 |1 1 1 5 1 7 8 3 1 1 1 2 5 1 17 11 |
11260: 1 1 1 1 1 2 1 1 7 1 1 3 1 1 1 1 |1 1 1 1 2 1 1 1 1 3 1 15 8 1 4 1 |1 1 1 1 1 1 1 5 1 2 1 4 1 4 1 1 |1 1 3 2 14 1 1 2 12 4 1 1 1 4 1 1 |1 1 1 1 1 1 1 1 1 1 1 3 11 3 1 3 |1 1 1 1 1 2 1 12 1 1 1 3 1 4 4 13 |1 1 17 2 1 1 4 2 3 1 1 17 7 1 1 1 |1 2 1 9 8 1 1 6 4 1 1 1 1 1 4 17 |1 1 1 16 8 1 15 13 9 1 1 7 1 6 3 3 |1 2 4 1 1 7 1 1 1 1 13 1 7 2 2 1 |2 1 1 1 2 13 2 2 3 17 2 1 1 2 11 1 |1 1 1 5 1 7 8 3 1 1 1 2 5 1 17 11 |
11271: 1 1 1 1 1 2 1 1 7 1 1 3 1 1 1 1 |1 1 1 1 2 1 1 1 1 3 1 15 8 1 4 1 |1 1 1 1 1 1 1 5 1 2 1 4 1 4 1 1 |1 1 3 2 14 1 1 2 12 4 1 1 1 4 1 1 |1 1 1 1 1 1 1 1 1 1 1 3 11 3 1 3 |1 1 1 1 1 2 1 12 1 1 1 3 1 4 4 13 |1 1 17 2 1 1 4 2 3 1 1 17 7 1 1 1 |1 2 1 9 8 1 1 6 4 1 1 1 1 1 4 17 |1 1 1 16 8 1 15 13 9 1 1 7 1 6 3 3 |1 2 4 1 1 7 1 1 1 1 13 1 7 2 2 1 |2 1 1 1 2 13 2 2 3 17 2 1 1 2 11 1 |1 1 1 5 1 7 8 3 1 1 1 2 5 1 17 11 |
11282: 1 1 1 1 1 1 1 1 6 1 1 1 1 1 1 1 |1 1 1 1 2 1 1 1 1 3 1 15 8 1 4 1 |1 1 1 1 1 1 1 5 1 2 1 4 1 4 1 1 |1 1 3 2 14 1 1 2 12 4 1 1 1 4 1 1 |1 1 1 1 1 1 1 1 1 1 1 3 11 3 1 3 |1 1 1 1 1 2 1 12 1 1 1 3 1 4 4 13 |1 1 17 2 1 1 4 2 3 1 1 17 7 1 1 1 |1 2 1 9 8 1 1 6 4 1 1 1 1 1 4 17 |1 1 1 16 8 1 15 13 9 1 1 7 1 6 3 3 |1 2 4 1 1 7 1 1 1 1 13 1 7 2 2 1 |2 1 1 1 2 13 2 2 3 17 2 1 1 2 11 1 |1 1 1 5 1 7 8 3 1 1 1 2 5 1 17 11 |
11293: 1 1 1 1 1 1 1 1 6 1 1 1 1 1 1 1 |1 1 1 1 2 1 1 1 1 3 1 15 8 1 4 1 |1 1 1 1 1 1 1 5 1 2 1 4 1 4 1 1 |1 1 3 2 14 1 1 2 12 4 1 1 1 4 1 1 |1 1 1 1 1 1 1 1 1 1 1 3 11 3 1 3 |1 1 1 1 1 2 1 12 1 1 1 3 1 4 4 13 |1 1 17 2 1 1 4 2 3 1 1 17 7 1 1 1 |1 2 1 9 8 1 1 6 4 1 1 1 1 1 4 17 |1 1 1 16 8 1 15 13 9 1 1 7 1 6 3 3 |1 2 4 1 1 7 1 1 1 1 13 1 7 2 2 1 |2 1 1 1 2 13 2 2 3 17 2 1 1 2 11 1 |1 1 1 5 1 7 8 3 1 1 1 2 5 1 17 11 |
11304: 1 1 1 1 1 1 1 1 6 1 1 1 1 1 1 1 |1 1 1 1 2 1 1 1 1 3 1 15 8 1 4 1 |1 1 1 1 1 1 1 5 1 2 1 4 1 4 1 1 |1 1 3 2 14 1 1 2 12 4 1 1 1 4 1 1 |1 1 1 1 1 1 1 1 1 1 1 3 11 3 1 3 |1 1 1 1 1 2 1 12 1 1 1 3 1 4 4 13 |1 1 17 2 1 1 4 2 3 1 1 17 7 1 1 1 |1 2 1 9 8 1 1 6 4 1 1 1 1 1 4 17 |1 1 1 16 8 1 15 13 9 1 1 7 1 6 3 3 |1 2 4 1 1 7 1 1 1 1 13 1 7 2 2 1 |2 1 1 1 2 13 2 2 3 17 2 1 1 2 11 1 |1 1 1 5 1 7 8 3 1 1 1 2 5 1 17 11 |
11315: 1 1 1 1 1 1 1 1 6 1 1 1 1 1 1 1 |1 1 1 1 2 1 1 1 1 3 1 15 8 1 4 1 |1 1 1 1 1 1 1 5 1 2 1 4 1 4 1 1 |1 1 3 2 14 1 1 2 12 4 1 1 1 4 1 1 |1 1 1 1 1 1 1 1 1 1 1 3 11 3 1 3 |1 1 1 1 1 2 1 12 1 1 1 3 1 4 4 13 |1 1 17 2 1 1 4 2 3 1 1 17 7 1 1 1 |1 2 1 9 8 1 1 6 4 1 1 1 1 1 4 17 |2 1 1 2 11 1 15 13 10 1 1 6 1 1 3 2 |1 2 4 1 1 7 1 1 1 1 13 1 7 2 2 1 |2 1 1 1 2 13 2 2 3 17 2 1 1 2 11 1 |1 1 1 5 1 7 8 3 1 1 1 2 5 1 17 11 |
11326: 1 1 1 1 1 1 1 1 6 1 1 1 1 1 1 1 |1 1 1 1 2 1 1 1 1 3 1 15 8 1 4 1 |1 1 1 1 1 1 1 5 1 2 1 4 1 4 1 1 |1 1 3 2 14 1 1 2 12 4 1 1 1 4 1 1 |1 1 1 1 1 1 1 1 1 1 1 3 11 3 1 3 |1 1 1 1 1 2 1 12 1 1 1 3 1 4 4 13 |1 1 17 2 1 1 4 2 3 1 1 17 7 1 1 1 |1 2 1 9 8 1 1 6 4 1 1 1 1 1 4 17 |2 1 1 2 11 1 15 13 10 1 1 6 1 1 3 2 |1 2 4 3 1 2 1 1 2 1 13 1 7 2 2 1 |2 1 1 1 2 13 2 2 3 17 2 1 1 2 11 1 |1 1 1 5 1 7 8 3 1 1 1 2 5 1 17 11 |
11337: 1 1 1 1 1 1 1 1 6 1 1 1 1 1 1 1 |1 1 1 1 2 1 1 1 1 3 1 15 8 1 4 1 |1 1 1 1 1 1 1 5 1 2 1 4 1 4 1 1 |1 1 3 2 14 1 1 2 12 4 1 1 1 4 1 1 |1 1 1 1 1 1 1 1 1 1 1 3 11 3 1 3 |1 1 1 1 1 2 1 12 1 1 1 3 1 4 4 13 |1 1 17 2 1 1 4 2 3 1 1 17 7 1 1 1 |1 2 1 9 8 1 1 6 4 1 1 1 1 1 4 17 |2 1 1 2 11 1 15 13 10 1 1 6 1 1 3 2 |1 2 4 3 1 2 1 1 2 1 13 1 7 2 2 1 |2 1 1 1 2 13 2 2 3 17 2 1 1 2 11 1 |1 1 1 5 1 7 8 3 1 1 1 2 5 1 17 11 |
11348: 1 1 1 1 1 1 1 1 6 1 1 1 1 1 1 1 |1 1 1 1 2 1 1 1 1 3 1 15 8 1 4 1 |1 1 1 1 1 1 1 5 1 2 1 4 1 4 1 1 |1 1 3 2 14 1 1 2 12 4 1 1 1 4 1 1 |1 1 1 1 1 1 1 1 1 1 1 3 11 3 1 3 |1 1 1 1 1 2 1 12 1 1 1 3 1 4 4 13 |1 1 17 2 1 1 4 2 3 1 1 17 7 1 1 1 |1 2 1 9 8 1 1 6 4 1 1 1 1 1 4 17 |2 1 1 2 11 1 15 13 10 1 1 6 1 1 3 2 |1 2 4 3 1 2 1 1 2 1 13 1 7 2 2 1 |2 1 1 1 2 13 2 2 3 17 2 1 1 2 11 1 |1 1 1 5 1 7 8 3 1 1 1 2 5 1 17 11 |
11359: 1 1 1 1 1 1 1 1 6 1 1 1 1 1 1 1 |1 1 1 1 2 1 1 1 1 3 1 15 8 1 4 1 |1 1 1 1 1 1 1 5 1 2 1 4 1 4 1 1 |1 1 3 2 14 1 1 2 12 4 1 1 1 4 1 1 |1 1 1 1 1 1 1 1 1 1 1 3 11 3 1 3 |1 1 1 1 1 2 1 12 1 1 1 3 1 4 4 13 |1 1 17 2 1 1 4 2 3 1 1 17 7 1 1 1 |1 2 1 9 8 1 1 6 4 1 1 1 1 1 4 17 |2 1 1 2 11 1 15 13 10 1 1 6 1 1 3 2 |1 2 4 3 1 2 1 1 2 1 13 1 7 2 2 1 |2 1 1 1 2 13 2 2 3 17 2 1 1 2 11 1 |1 1 1 5 1 7 8 3 1 1 1 2 5 1 17 11 |
11370: 1 1 1 1 1 1 1 1 6 1 1 1 1 1 1 1 |1 1 1 1 2 1 1 1 1 3 1 15 8 1 4 1 |1 1 1 1 1 1 1 5 1 2 1 4 1 4 1 1 |1 1 3 2 14 1 1 2 12 4 1 1 1 4 1 1 |1 1 1 1 1 1 1 1 1 1 1 3 11 3 1 3 |1 1 1 1 1 2 1 12 1 1 1 3 1 4 4 13 |1 1 17 2 1 1 4 2 3 1 1 17 7 1 1 1 |1 2 1 9 8 1 1 6 4 1 1 1 1 1 4 17 |2 1 1 2 11 1 15 13 10 1 1 6 1 1 3 2 |1 2 4 3 1 2 1 1 2 1 13 1 7 2 2 1 |2 1 1 1 2 13 2 2 3 17 2 1 1 2 11 1 |1 1 1 5 1 7 8 3 1 1 1 2 5 1 17 11 |
11381: 1 1 1 1 1 1 1 1 6 1 1 1 1 1 1 1 |1 1 1 1 2 1 1 1 1 3 1 15 8 1 4 1 |1 1 1 1 1 1 1 5 1 2 1 4 1 4 1 1 |1 1 3 2 14 1 1 2 12 4 1 1 1 4 1 1 |1 1 1 1 1 1 1 1 1 1 1 3 11 3 1 3 |1 1 1 1 1 2 1 12 1 1 1 3 1 4 4 13 |1 1 17 2 1 1 4 2 3 1 1 17 7 1 1 1 |1 1 1 1 10 1 2 6 2 1 1 1 1 1 4 16 |2 1 1 2 11 1 15 13 10 1 1 6 1 1 3 2 |1 2 4 3 1 2 1 1 2 1 13 1 7 2 2 1 |2 1 1 1 2 13 2 2 3 17 2 1 1 2 11 1 |1 1 1 5 1 7 8 3 1 1 1 2 5 1 17 11 |
11392: 1 1 1 1 1 1 1 1 6 1 1 1 1 1 1 1 |1 1 1 1 2 1 1 1 1 3 1 15 8 1 4 1 |1 1 1 1 1 1 1 5 1 2 1 4 1 4 1 1 |1 1 3 2 14 1 1 2 12 4 1 1 1 4 1 1 |1 1 1 1 1 1 1 1 1 1 1 3 11 3 1 3 |1 1 1 1 1 2 1 12 1 1 1 3 1 4 4 13 |1 1 17 2 1 1 4 2 3 1 1 17 7 1 1 1 |1 1 1 1 10 1 2 6 2 1 1 1 1 1 4 16 |2 1 1 2 11 1 15 13 10 1 1 6 1 1 3 2 |1 2 4 3 1 2 1 1 2 1 13 1 7 2 2 1 |2 1 1 1 2 13 2 2 3 17 2 1 1 2 11 1 |1 1 1 5 1 7 8 3 1 1 1 2 5 1 17 11 |
11403: 1 1 1 1 1 1 1 1 6 1 1 1 1 1 1 1 |1 1 1 1 2 1 1 1 1 3 1 15 8 1 4 1 |1 1 1 1 1 1 1 5 1 2 1 4 1 4 1 1 |1 1 3 2 14 1 1 2 12 4 1 1 1 4 1 1 |1 1 1 1 1 1 1 1 1 1 1 3 11 3 1 3 |1 1 1 1 1 2 1 12 1 1 1 3 1 4 4 13 |1 1 17 2 1 1 4 2 3 1 1 17 7 1 1 1 |1 1 1 1 10 1 2 6 2 1 1 1 1 1 4 16 |2 1 1 2 11 1 15 13 10 1 1 6 1 1 3 2 |1 2 4 3 1 2 1 1 2 1 13 1 7 2 2 1 |2 1 1 1 2 13 2 2 3 17 2 1 1 2 11 1 |1 1 1 5 1 7 8 3 1 1 1 2 5 1 17 11 |
11414: 1 1 12 1 1 1 1 1 2 1 1 2 1 1 10 11 |1 1 1 1 2 1 1 1 1 3 1 15 8 1 4 1 |1 1 1 1 1 1 1 5 1 2 1 4 1 4 1 1 |1 1 3 2 14 1 1 2 12 4 1 1 1 4 1 1 |1 1 1 1 1 1 1 1 1 1 1 3 11 3 1 3 |1 1 1 1 1 2 1 12 1 1 1 3 1 4 4 13 |1 1 17 2 1 1 4 2 3 1 1 17 7 1 1 1 |1 1 1 1 10 1 2 6 2 1 1 1 1 1 4 16 |2 1 1 2 11 1 15 13 10 1 1 6 1 1 3 2 |1 2 4 3 1 2 1 1 2 1 13 1 7 2 2 1 |2 1 1 1 2 13 2 2 3 17 2 1 1 2 11 1 |1 1 1 5 1 7 8 3 1 1 1 2 5 1 17 11 |
11425: 1 1 12 1 1 1 1 1 2 1 1 2 1 1 10 11 |1 1 1 1 2 1 1 1 1 3 1 15 8 1 4 1 |1 1 1 1 1 1 1 5 1 2 1 4 1 4 1 1 |1 1 3 2 14 1 1 2 12 4 1 1 1 4 1 1 |1 1 1 1 1 1 1 1 1 1 1 3 11 3 1 3 |1 1 1 1 1 2 1 12 1 1 1 3 1 4 4 13 |1 1 17 2 1 1 4 2 3 1 1 17 7 1 1 1 |1 1 1 1 10 1 2 6 2 1 1 1 1 1 4 16 |2 1 1 2 11 1 15 13 10 1 1 6 1 1 3 2 |1 2 4 3 1 2 1 1 2 1 13 1 7 2 2 1 |2 1 1 1 2 13 2 2 3 17 2 1 1 2 11 1 |1 1 1 5 1 7 8 3 1 1 1 2 5 1 17 11 |
11436: 1 1 12 1 1 1 1 1 2 1 1 2 1 1 10 11 |1 1 1 1 2 1 1 1 1 3 1 15 8 1 4 1 |1 1 1 1 1 1 1 5 1 2 1 4 1 4 1 1 |1 1 3 2 14 1 1 2 12 4 1 1 1 4 1 1 |1 1 1 1 1 1 1 1 1 1 1 3 11 3 1 3 |1 1 1 1 1 2 1 12 1 1 1 3 1 4 4 13 |1 1 17 2 1 1 4 2 3 1 1 17 7 1 1 1 |1 1 1 1 10 1 2 6 2 1 1 1 1 1 4 16 |2 1 1 2 11 1 15 13 10 1 1 6 1 1 3 2 |1 2 4 3 1 2 1 1 2 1 13 1 7 2 2 1 |2 1 1 1 2 13 2 2 3 17 2 1 1 2 11 1 |1 1 1 5 1 7 8 3 1 1 1 2 5 1 17 11 |
11447: 1 1 12 1 1 1 1 1 2 1 1 2 1 1 10 11 |1 1 1 1 2 1 1 1 1 3 1 15 8 1 4 1 |1 1 1 1 1 1 1 5 1 2 1 4 1 4 1 1 |1 1 3 2 14 1 1 2 12 4 1 1 1 4 1 1 |1 1 1 1 1 1 1 1 1 1 1 3 11 3 1 3 |1 1 1 1 1 2 1 12 1 1 1 3 1 4 4 13 |1 1 1 1 2 1 1 2 1 1 1 16 9 1 1 1 |1 1 1 1 10 1 2 6 2 1 1 1 1 1 4 16 |2 1 1 2 11 1 15 13 10 1 1 6 1 1 3 2 |1 2 4 3 1 2 1 1 2 1 13 1 7 2 2 1 |2 1 1 1 2 13 2 2 3 17 2 1 1 2 11 1 |1 1 1 5 1 7 8 3 1 1 1 2 5 1 17 11 |
11457: 1 1 12 1 1 1 1 1 2 1 1 2 1 1 10 11 |1 1 1 1 2 1 1 1 1 3 1 15 8 1 4 1 |1 1 1 1 1 1 1 5 1 2 1 4 1 4 1 1 |1 1 3 2 14 1 1 2 12 4 1 1 1 4 1 1 |1 1 1 1 1 1 1 1 1 1 1 3 11 3 1 3 |1 1 1 1 1 2 1 12 1 1 1 3 1 4 4 13 |1 1 1 1 2 1 1 2 1 1 1 16 9 1 1 1 |1 1 1 1 10 1 2 6 2 1 1 1 1 1 4 16 |2 1 1 2 11 1 15 13 10 1 1 6 1 1 3 2 |1 2 4 3 1 2 1 1 2 1 13 1 7 2 2 1 |2 1 1 1 2 13 2 2 3 17 2 1 1 2 11 1 |1 1 1 5 1 7 8 3 1 1 1 2 5 1 17 11 |
11468: 1 1 12 1 1 1 1 1 2 1 1 2 1 1 10 11 |1 1 1 1 2 1 1 1 1 3 1 15 8 1 4 1 |1 1 1 1 1 1 1 5 1 2 1 4 1 4 1 1 |1 1 3 2 14 1 1 2 12 4 1 1 1 4 1 1 |1 1 1 1 1 1 1 1 1 1 1 3 11 3 1 3 |1 1 1 1 1 2 1 12 1 1 1 3 1 4 4 13 |1 1 1 1 2 1 1 2 1 1 1 16 9 1 1 1 |1 1 1 1 10 1 2 6 2 1 1 1 1 1 4 16 |2 1 1 2 11 1 15 13 10 1 1 6 1 1 3 2 |1 2 4 3 1 2 1 1 2 1 13 1 7 2 2 1 |2 1 1 1 2 13 2 2 3 17 2 1 1 2 11 1 |1 1 1 5 1 7 8 3 1 1 1 2 5 1 17 11 |
11479: 1 1 12 1 1 1 1 1 2 1 1 2 1 1 10 11 |1 1 1 1 2 1 1 1 1 3 1 15 8 1 4 1 |1 1 1 1 1 1 1 5 1 2 1 4 1 4 1 1 |1 1 3 2 14 1 1 2 12 4 1 1 1 4 1 1 |1 1 1 1 1 1 1 1 1 1 1 3 11 3 1 3 |1 1 1 1 1 2 1 12 1 1 1 3 1 4 4 13 |1 1 1 1 2 1 1 2 1 1 1 16 9 1 1 1 |1 1 1 1 10 1 2 6 2 1 1 1 1 1 4 16 |2 1 1 2 11 1 15 13 10 1 1 6 1 1 3 2 |1 2 4 3 1 2 1 1 2 1 13 1 7 2 2 1 |2 1 1 1 2 13 2 2 3 17 2 1 1 2 11 1 |1 1 1 5 1 7 8 3 1 1 1 2 5 1 17 11 |
11490: 1 1 12 1 1 1 1 1 2 1 1 2 1 1 10 11 |1 1 1 1 2 1 1 1 1 3 1 15 8 1 4 1 |1 1 1 1 1 1 1 5 1 2 1 4 1 4 1 1 |1 1 3 2 14 1 1 2 12 4 1 1 1 4 1 1 |1 1 1 1 1 1 1 1 1 1 1 3 11 3 1 3 |1 1 1 1 1 2 1 12 1 1 1 3 1 4 4 13 |1 1 1 1 2 1 1 2 1 1 1 16 9 1 1 1 |1 1 1 1 10 1 2 6 2 1 1 1 1 1 4 16 |2 1 1 2 11 1 15 13 10 1 1 6 1 1 3 2 |1 2 4 3 1 2 1 1 2 1 13 1 7 2 2 1 |2 1 1 1 2 13 2 2 3 17 2 1 1 2 11 1 |1 1 1 5 1 7 8 3 1 1 1 2 5 1 17 11 |
11501: 1 1 12 1 1 1 1 1 2 1 1 2 1 1 10 11 |1 1 1 1 2 1 1 1 1 3 1 15 8 1 4 1 |1 1 1 1 1 1 1 5 1 2 1 4 1 4 1 1 |1 1 3 2 14 1 1 2 12 4 1 1 1 4 1 1 |1 1 1 1 1 1 1 1 1 1 1 3 11 3 1 3 |1 1 1 1 1 2 1 12 1 1 1 3 1 4 4 13 |1 1 1 1 2 1 1 2 1 1 1 16 9 1 1 1 |1 1 1 1 10 1 2 6 2 1 1 1 1 1 4 16 |2 1 1 2 11 1 15 13 10 1 1 6 1 1 3 2 |1 2 4 3 1 2 1 1 2 1 13 1 7 2 2 1 |2 1 1 1 2 13 2 2 3 17 2 1 1 2 11 1 |1 1 1 5 1 7 8 3 1 1 1 2 5 1 17 11 |
11512: 1 1 12 1 1 1 1 1 2 1 1 2 1 1 10 11 |1 1 1 1 2 1 1 1 1 3 1 15 8 1 4 1 |1 1 1 1 1 1 1 5 1 2 1 4 1 4 1 1 |1 1 3 2 14 1 1 2 12 4 1 1 1 4 1 1 |1 1 1 1 1 1 1 1 1 1 1 3 11 3 1 3 |1 1 1 2 1 4 1 1 1 2 1 2 1 5 2 3 |1 1 1 1 2 1 1 2 1 1 1 16 9 1 1 1 |1 1 1 1 10 1 2 6 2 1 1 1 1 1 4 16 |2 1 1 2 11 1 15 13 10 1 1 6 1 1 3 2 |1 2 4 3 1 2 1 1 2 1 13 1 7 2 2 1 |2 1 1 1 2 13 2 2 3 17 2 1 1 2 11 1 |1 1 1 5 1 7 8 3 1 1 1 2 5 1 17 11 |
11523: 1 1 12 1 1 1 1 1 2 1 1 2 1 1 10 11 |1 1 1 1 2 1 1 1 1 3 1 15 8 1 4 1 |1 1 1 1 1 1 1 5 1 2 1 4 1 4 1 1 |1 1 3 2 14 1 1 2 12 4 1 1 1 4 1 1 |1 1 1 1 1 1 1 1 1 1 1 3 11 3 1 3 |1 1 1 2 1 4 1 1 1 2 1 2 1 5 2 3 |1 1 1 1 2 1 1 2 1 1 1 16 9 1 1 1 |1 1 1 1 10 1 2 6 2 1 1 1 1 1 4 16 |2 1 1 2 11 1 15 13 10 1 1 6 1 1 3 2 |1 2 4 3 1 2 1 1 2 1 13 1 7 2 2 1 |2 1 1 1 2 13 2 2 3 17 2 1 1 2 11 1 |1 1 1 5 1 7 8 3 1 1 1 2 5 1 17 11 |
11534: 1 1 12 1 1 1 1 1 2 1 1 2 1 1 10 11 |1 1 1 1 2 1 1 1 1 3 1 15 8 1 4 1 |1 1 1 1 1 1 1 5 1 2 1 4 1 4 1 1 |1 1 3 2 14 1 1 2 12 4 1 1 1 4 1 1 |1 1 1 1 1 1 1 1 1 1 1 3 11 3 1 3 |1 1 1 2 1 4 1 1 1 2 1 2 1 5 2 3 |1 1 1 1 2 1 1 2 1 1 1 16 9 1 1 1 |1 1 1 1 10 1 2 6 2 1 1 1 1 1 4 16 |2 1 1 2 11 1 15 13 10 1 1 6 1 1 3 2 |1 2 4 3 1 2 1 1 2 1 13 1 7 2 2 1 |2 1 1 1 2 13 2 2 3 17 2 1 1 2 11 1 |1 1 1 5 1 7 8 3 1 1 1 2 5 1 17 11 |
11545: 1 1 12 1 1 1 1 1 2 1 1 2 1 1 10 11 |1 1 1 1 2 1 1 1 1 3 1 15 8 1 4 1 |1 1 1 1 1 1 1 5 1 2 1 4 1 4 1 1 |1 1 3 2 14 1 1 2 12 4 1 1 1 4 1 1 |1 1 1 1 1 1 1 1 1 1 1 3 11 3 1 3 |1 1 1 2 1 4 1 1 1 2 1 2 1 5 2 3 |1 1 13 1 3 1 1 2 3 1 1 16 9 1 1 1 |1 1 1 1 10 1 2 6 2 1 1 1 1 1 4 16 |2 1 1 2 11 1 15 13 10 1 1 6 1 1 3 2 |1 2 4 3 1 2 1 1 2 1 13 1 7 2 2 1 |2 1 1 1 2 13 2 2 3 17 2 1 1 2 11 1 |1 1 1 5 1 7 8 3 1 1 1 2 5 1 17 11 |
11556: 1 1 12 1 1 1 1 1 2 1 1 2 1 1 10 11 |1 1 1 1 2 1 1 1 1 3 1 15 8 1 4 1 |1 1 1 1 1 1 1 5 1 2 1 4 1 4 1 1 |1 1 3 2 14 1 1 2 12 4 1 1 1 4 1 1 |1 1 1 1 1 1 1 1 1 1 1 3 11 3 1 3 |1 1 1 2 1 4 1 1 1 2 1 2 1 5 2 3 |1 1 13 1 3 1 1 2 3 1 1 16 9 1 1 1 |1 1 1 1 10 1 2 6 2 1 1 1 1 1 4 16 |2 1 1 2 11 1 15 13 10 1 1 6 1 1 3 2 |1 2 4 3 1 2 1 1 2 1 13 1 7 2 2 1 |2 1 1 1 2 13 2 2 3 17 2 1 1 2 11 1 |1 1 1 5 1 7 8 3 1 1 1 2 5 1 17 11 |
11567: 1 1 12 1 1 1 1 1 2 1 1 2 1 1 10 11 |1 1 1 1 2 1 1 1 1 3 1 15 8 1 4 1 |1 1 1 1 1 1 1 5 1 2 1 4 1 4 1 1 |1 1 3 2 14 1 1 2 12 4 1 1 1 4 1 1 |1 1 1 1 1 1 1 1 1 1 1 3 11 3 1 3 |1 1 1 2 1 4 1 1 1 2 1 2 1 5 2 3 |1 1 13 1 3 1 1 2 3 1 1 16 9 1 1 1 |1 1 1 1 10 1 2 6 2 1 1 1 1 1 4 16 |2 1 1 2 11 1 15 13 10 1 1 6 1 1 3 2 |1 2 4 3 1 2 1 1 2 1 13 1 7 2 2 1 |2 1 1 1 2 13 2 2 3 17 2 1 1 2 11 1 |1 1 1 5 1 7 8 3 1 1 1 2 5 1 17 11 |
11578: 1 1 12 1 1 1 1 1 2 1 1 2 1 1 10 11 |1 1 1 1 2 1 1 1 1 3 1 15 8 1 4 1 |1 1 1 1 1 1 1 5 1 2 1 4 1 4 1 1 |1 1 3 2 14 1 1 2 12 4 1 1 1 4 1 1 |1 1 1 1 1 1 1 1 1 1 1 3 11 3 1 3 |1 1 1 2 1 4 1 1 1 2 1 2 1 5 2 3 |1 1 1 3 1 1 5 2 1 1 2 16 8 1 1 1 |1 1 1 1 10 1 2 6 2 1 1 1 1 1 4 16 |2 1 1 2 11 1 15 13 10 1 1 6 1 1 3 2 |1 2 4 3 1 2 1 1 2 1 13 1 7 2 2 1 |2 1 1 1 2 13 2 2 3 17 2 1 1 2 11 1 |1 1 1 5 1 7 8 3 1 1 1 2 5 1 17 11 |
11589: 1 1 12 1 1 1 1 1 2 1 1 2 1 1 10 11 |1 1 1 1 2 1 1 1 1 3 1 15 8 1 4 1 |1 1 1 1 1 1 1 5 1 2 1 4 1 4 1 1 |1 1 3 2 14 1 1 2 12 4 1 1 1 4 1 1 |1 1 1 1 1 1 1 1 1 1 1 3 11 3 1 3 |1 1 1 2 1 4 1 1 1 2 1 2 1 5 2 3 |1 1 1 3 1 1 5 2 1 1 2 16 8 1 1 1 |1 1 1 1 10 1 2 6 2 1 1 1 1 1 4 16 |2 1 1 2 11 1 15 13 10 1 1 6 1 1 3 2 |1 2 4 3 1 2 1 1 2 1 13 1 7 2 2 1 |2 1 1 1 2 13 2 2 3 17 2 1 1 2 11 1 |1 1 1 5 1 7 8 3 1 1 1 2 5 1 17 11 |
11600: 1 1 12 1 1 1 1 1 2 1 1 2 1 1 10 11 |1 1 1 1 2 1 1 1 1 3 1 15 8 1 4 1 |1 1 1 1 1 1 1 5 1 2 1 4 1 4 1 1 |1 1 3 2 14 1 1 2 12 4 1 1 1 4 1 1 |1 1 1 1 1 1 1 1 1 1 1 3 11 3 1 3 |1 1 1 2 1 4 1 1 1 2 1 2 1 5 2 3 |1 1 1 3 1 1 5 2 1 1 2 16 8 1 1 1 |1 1 1 1 10 1 2 6 2 1 1 1 1 1 4 16 |2 1 1 2 11 1 15 13 10 1 1 6 1 1 3 2 |1 2 4 3 1 2 1 1 2 1 13 1 7 2 2 1 |2 1 1 1 2 13 2 2 3 17 2 1 1 2 11 1 |1 1 1 5 1 7 8 3 1 1 1 2 5 1 17 11 |
11611: 1 1 12 1 1 1 1 1 2 1 1 2 1 1 10 11 |1 1 1 1 2 1 1 1 1 3 1 15 8 1 4 1 |1 1 1 1 1 1 1 5 1 2 1 4 1 4 1 1 |1 1 3 2 14 1 1 2 12 4 1 1 1 4 1 1 |1 1 1 1 1 1 1 1 1 1 1 3 11 3 1 3 |1 1 1 2 1 4 1 1 1 2 1 2 1 5 2 3 |1 1 1 1 1 1 4 2 1 1 6 16 9 1 1 1 |1 1 1 1 10 1 2 6 2 1 1 1 1 1 4 16 |2 1 1 2 11 1 15 13 10 1 1 6 1 1 3 2 |1 2 4 3 1 2 1 1 2 1 13 1 7 2 2 1 |2 1 1 1 2 13 2 2 3 17 2 1 1 2 11 1 |1 1 1 5 1 7 8 3 1 1 1 2 5 1 17 11 |
11622: 1 1 12 1 1 1 1 1 2 1 1 2 1 1 10 11 |1 1 1 1 2 1 1 1 1 3 1 15 8 1 4 1 |1 1 1 1 1 1 1 5 1 2 1 4 1 4 1 1 |1 1 3 2 14 1 1 2 12 4 1 1 1 4 1 1 |1 1 1 1 1 1 1 1 1 1 1 3 11 3 1 3 |1 1 1 2 1 4 1 1 1 2 1 2 1 5 2 3 |1 1 1 1 1 1 4 2 1 1 6 16 9 1 1 1 |1 1 1 9 4 1 7 6 2 1 1 1 1 1 4 17 |2 1 1 2 11 1 15 13 10 1 1 6 1 1 3 2 |1 2 4 3 1 2 1 1 2 1 13 1 7 2 2 1 |2 1 1 1 2 13 2 2 3 17 2 1 1 2 11 1 |1 1 1 5 1 7 8 3 1 1 1 2 5 1 17 11 |
11633: 1 1 12 1 1 1 1 1 2 1 1 2 1 1 10 11 |1 1 1 1 2 1 1 1 1 3 1 15 8 1 4 1 |1 1 1 1 1 1 1 5 1 2 1 4 1 4 1 1 |1 1 3 2 14 1 1 2 12 4 1 1 1 4 1 1 |1 1 1 1 1 1 1 1 1 1 1 3 11 3 1 3 |1 1 1 2 1 4 1 1 1 2 1 2 1 5 2 3 |1 1 1 1 1 1 4 2 1 1 6 16 9 1 1 1 |1 1 1 9 4 1 7 6 2 1 1 1 1 1 4 17 |2 1 1 2 11 1 15 13 10 1 1 6 1 1 3 2 |1 2 4 3 1 2 1 1 2 1 13 1 7 2 2 1 |2 1 1 1 2 13 2 2 3 17 2 1 1 2 11 1 |1 1 1 5 1 7 8 3 1 1 1 2 5 1 17 11 |
11644: 1 1 12 1 1 1 1 1 2 1 1 2 1 1 10 11 |1 1 1 1 2 1 1 1 1 3 1 15 8 1 4 1 |1 1 1 1 1 1 1 5 1 2 1 4 1 4 1 1 |1 1 3 2 14 1 1 2 12 4 1 1 1 4 1 1 |1 1 1 1 1 1 1 1 1 1 1 3 11 3 1 3 |1 1 1 2 1 4 1 1 1 2 1 2 1 5 2 3 |1 1 1 1 1 1 4 2 1 1 6 16 9 1 1 1 |1 1 1 9 4 1 7 6 2 1 1 1 1 1 4 17 |2 1 1 2 11 1 15 13 10 1 1 6 1 1 3 2 |1 2 4 3 1 2 1 1 2 1 13 1 7 2 2 1 |2 1 1 1 2 13 2 2 3 17 2 1 1 2 11 1 |1 1 1 5 1 7 8 3 1 1 1 2 5 1 17 11 |
11655: 1 1 12 1 1 1 1 1 2 1 1 2 1 1 10 11 |1 1 1 1 2 1 1 1 1 3 1 15 8 1 4 1 |1 1 1 1 1 1 1 5 1 2 1 4 1 4 1 1 |1 1 3 2 14 1 1 2 12 4 1 1 1 4 1 1 |1 1 1 1 1 1 1 1 1 1 1 3 11 3 1 3 |1 1 1 2 1 4 1 1 1 2 1 2 1 5 2 3 |1 1 1 1 1 1 4 2 1 1 6 16 9 1 1 1 |1 1 1 9 4 1 7 6 2 1 1 1 1 1 4 17 |2 1 1 2 11 1 15 13 10 1 1 6 1 1 3 2 |1 2 4 3 1 2 1 1 2 1 13 1 7 2 2 1 |2 1 1 1 2 13 2 2 3 17 2 1 1 2 11 1 |1 1 1 5 1 7 8 3 1 1 1 2 5 1 17 11 |
11666: 1 1 12 1 1 1 1 1 2 1 1 2 1 1 10 11 |1 1 1 1 2 1 1 1 1 3 1 15 8 1 4 1 |1 1 1 1 1 1 1 5 1 2 1 4 1 4 1 1 |1 1 3 2 14 1 1 2 12 4 1 1 1 4 1 1 |1 1 1 1 1 1 1 1 1 1 1 3 11 3 1 3 |1 1 1 2 1 4 1 1 1 2 1 2 1 5 2 3 |1 1 1 1 1 1 4 2 1 1 6 16 9 1 1 1 |1 1 1 9 4 1 7 6 2 1 1 1 1 1 4 17 |2 1 1 2 11 1 15 13 10 1 1 6 1 1 3 2 |1 2 4 3 1 2 1 1 2 1 13 1 7 2 2 1 |2 1 1 1 2 13 2 2 3 17 2 1 1 2 11 1 |1 1 1 5 1 7 8 3 1 1 1 2 5 1 17 11 |
11677: 1 1 12 1 1 1 1 1 2 1 1 2 1 1 10 11 |1 1 1 1 2 1 1 1 1 3 1 15 8 1 4 1 |1 1 1 1 1 1 1 5 1 2 1 4 1 4 1 1 |1 1 3 2 14 1 1 2 12 4 1 1 1 4 1 1 |1 1 1 1 1 1 1 1 1 1 1 3 11 3 1 3 |1 5 1 1 1 4 1 1 4 1 1 2 1 4 3 12 |1 1 1 1 1 1 4 2 1 1 6 16 9 1 1 1 |1 1 1 9 4 1 7 6 2 1 1 1 1 1 4 17 |2 1 1 2 11 1 15 13 10 1 1 6 1 1 3 2 |1 2 4 3 1 2 1 1 2 1 13 1 7 2 2 1 |2 1 1 1 2 13 2 2 3 17 2 1 1 2 11 1 |1 1 1 5 1 7 8 3 1 1 1 2 5 1 17 11 |
11688: 1 1 12 1 1 1 1 1 2 1 1 2 1 1 10 11 |1 1 1 1 2 1 1 1 1 3 1 15 8 1 4 1 |1 1 1 1 1 1 1 5 1 2 1 4 1 4 1 1 |1 1 3 2 14 1 1 2 12 4 1 1 1 4 1 1 |1 1 1 1 1 1 1 1 1 1 1 3 11 3 1 3 |1 5 1 1 1 4 1 1 4 1 1 2 1 4 3 12 |1 1 1 1 1 1 4 2 1 1 6 16 9 1 1 1 |1 1 1 9 4 1 7 6 2 1 1 1 1 1 4 17 |2 1 1 2 11 1 15 13 10 1 1 6 1 1 3 2 |1 2 4 3 1 2 1 1 2 1 13 1 7 2 2 1 |2 1 1 1 2 13 2 2 3 17 2 1 1 2 11 1 |1 1 1 5 1 7 8 3 1 1 1 2 5 1 17 11 |
11699: 1 1 12 1 1 1 1 1 2 1 1 2 1 1 10 11 |1 1 1 1 2 1 1 1 1 3 1 15 8 1 4 1 |1 1 1 1 1 1 1 5 1 2 1 4 1 4 1 1 |1 1 3 2 14 1 1 2 12 4 1 1 1 4 1 1 |1 1 1 1 1 1 1 1 1 1 1 3 11 3 1 3 |1 5 1 1 1 4 1 1 4 1 1 2 1 4 3 12 |1 1 1 1 1 1 4 2 1 1 6 16 9 1 1 1 |1 1 1 9 4 1 7 6 2 1 1 1 1 1 4 17 |2 1 1 2 11 1 15 13 10 1 1 6 1 1 3 2 |1 2 4 3 1 2 1 1 2 1 13 1 7 2 2 1 |2 1 1 1 2 13 2 2 3 17 2 1 1 2 11 1 |1 1 1 5 1 7 8 3 1 1 1 2 5 1 17 11 |
11710: 1 1 12 1 1 1 1 1 2 1 1 2 1 1 10 11 |1 1 1 1 2 1 1 1 1 3 1 15 8 1 4 1 |1 1 1 1 1 1 1 5 1 2 1 4 1 4 1 1 |1 1 13 1 1 1 1 1 1 1 1 1 1 3 8 1 |1 1 1 1 1 1 1 1 1 1 1 3 11 3 1 3 |1 5 1 1 1 4 1 1 4 1 1 2 1 4 3 12 |1 1 1 1 1 1 4 2 1 1 6 16 9 1 1 1 |1 1 1 9 4 1 7 6 2 1 1 1 1 1 4 17 |2 1 1 2 11 1 15 13 10 1 1 6 1 1 3 2 |1 2 4 3 1 2 1 1 2 1 13 1 7 2 2 1 |2 1 1 1 2 13 2 2 3 17 2 1 1 2 11 1 |1 1 1 5 1 7 8 3 1 1 1 2 5 1 17 11 |
11721: 1 1 12 1 1 1 1 1 2 1 1 2 1 1 10 11 |1 1 1 1 2 1 1 1 1 3 1 15 8 1 4 1 |1 1 1 1 1 1 1 5 1 2 1 4 1 4 1 1 |1 1 13 1 1 1 1 1 1 1 1 1 1 3 8 1 |1 2 2 1 1 7 1 1 2 4 1 2 11 1 1 1 |1 5 1 1 1 4 1 1 4 1 1 2 1 4 3 12 |1 1 1 1 1 1 4 2 1 1 6 16 9 1 1 1 |1 1 1 9 4 1 7 6 2 1 1 1 1 1 4 17 |2 1 1 2 11 1 15 13 10 1 1 6 1 1 3 2 |1 2 4 3 1 2 1 1 2 1 13 1 7 2 2 1 |2 1 1 1 2 13 2 2 3 17 2 1 1 2 11 1 |1 1 1 5 1 7 8 3 1 1 1 2 5 1 17 11 |
11732: 1 1 12 1 1 1 1 1 2 1 1 2 1 1 10 11 |1 1 1 1 2 1 1 1 1 3 1 15 8 1 4 1 |1 1 1 1 1 1 1 5 1 2 1 4 1 4 1 1 |1 1 13 1 1 1 1 1 1 1 1 1 1 3 8 1 |1 2 2 1 1 7 1 1 2 4 1 2 11 1 1 1 |1 5 1 1 1 4 1 1 4 1 1 2 1 4 3 12 |1 1 1 1 1 1 4 2 1 1 6 16 9 1 1 1 |1 1 1 9 4 1 7 6 2 1 1 1 1 1 4 17 |2 1 1 2 11 1 15 13 10 1 1 6 1 1 3 2 |1 2 4 3 1 2 1 1 2 1 13 1 7 2 2 1 |2 1 1 1 2 13 2 2 3 17 2 1 1 2 11 1 |1 1 1 5 1 7 8 3 1 1 1 2 5 1 17 11 |
11743: 1 1 12 1 1 1 1 1 2 1 1 2 1 1 10 11 |1 1 1 1 2 1 1 1 1 3 1 15 8 1 4 1 |1 1 1 1 1 1 1 5 1 2 1 4 1 4 1 1 |1 1 13 1 1 1 1 1 1 1 1 1 1 3 8 1 |1 5 1 1 2 7 1 2 2 4 1 2 5 1 1 1 |1 5 1 1 1 4 1 1 4 1 1 2 1 4 3 12 |1 1 1 1 1 1 4 2 1 1 6 16 9 1 1 1 |1 1 1 9 4 1 7 6 2 1 1 1 1 1 4 17 |2 1 1 2 11 1 15 13 10 1 1 6 1 1 3 2 |1 2 4 3 1 2 1 1 2 1 13 1 7 2 2 1 |2 1 1 1 2 13 2 2 3 17 2 1 1 2 11 1 |1 1 1 5 1 7 8 3 1 1 1 2 5 1 17 11 |
11754: 1 1 12 1 1 1 1 1 2 1 1 2 1 1 10 11 |1 1 1 1 2 1 1 1 1 3 1 15 8 1 4 1 |1 1 1 1 1 1 1 5 1 2 1 4 1 4 1 1 |1 1 13 1 1 1 1 1 1 1 1 1 1 3 8 1 |1 5 1 1 2 7 1 2 2 4 1 2 5 1 1 1 |1 5 1 1 1 4 1 1 4 1 1 2 1 4 3 12 |1 1 1 1 1 1 4 2 1 1 6 16 9 1 1 1 |1 1 1 9 4 1 7 6 2 1 1 1 1 1 4 17 |2 1 1 2 11 1 15 13 10 1 1 6 1 1 3 2 |1 2 4 3 1 2 1 1 2 1 13 1 7 2 2 1 |2 1 1 1 2 13 2 2 3 17 2 1 1 2 11 1 |1 1 1 5 1 7 8 3 1 1 1 2 5 1 17 11 |
11765: 1 1 12 1 1 1 1 1 2 1 1 2 1 1 10 11 |1 1 1 1 2 1 1 1 1 3 1 15 8 1 4 1 |1 1 1 1 1 1 1 5 1 2 1 4 1 4 1 1 |1 1 13 1 1 1 1 1 1 1 1 1 1 3 8 1 |1 5 1 1 2 7 1 2 2 4 1 2 5 1 1 1 |1 5 1 1 1 4 1 1 4 1 1 2 1 4 3 12 |1 1 1 1 1 1 4 2 1 1 6 16 9 1 1 1 |1 1 1 9 4 1 7 6 2 1 1 1 1 1 4 17 |2 1 1 2 11 1 15 13 10 1 1 6 1 1 3 2 |1 2 4 3 1 2 1 1 2 1 13 1 7 2 2 1 |2 1 1 1 2 13 2 2 3 17 2 1 1 2 11 1 |1 1 1 5 1 7 8 3 1 1 1 2 5 1 17 11 |
11776: 1 1 12 1 1 1 1 1 2 1 1 2 1 1 10 11 |1 1 1 1 2 1 1 1 1 3 1 15 8 1 4 1 |1 1 1 1 1 1 1 5 1 2 1 4 1 4 1 1 |1 1 13 1 1 1 1 1 1 1 1 1 1 3 8 1 |1 7 1 1 1 8 1 1 3 4 1 2 12 2 1 1 |1 5 1 1 1 4 1 1 4 1 1 2 1 4 3 12 |1 1 1 1 1 1 4 2 1 1 6 16 9 1 1 1 |1 1 1 9 4 1 7 6 2 1 1 1 1 1 4 17 |2 1 1 2 11 1 15 13 10 1 1 6 1 1 3 2 |1 2 4 3 1 2 1 1 2 1 13 1 7 2 2 1 |2 1 1 1 2 13 2 2 3 17 2 1 1 2 11 1 |1 1 1 5 1 7 8 3 1 1 1 2 5 1 17 11 |
11787: 1 1 12 1 1 1 1 1 2 1 1 2 1 1 10 11 |1 1 1 1 2 1 1 1 1 3 1 15 8 1 4 1 |1 1 1 1 1 1 1 5 1 2 1 4 1 4 1 1 |1 1 13 1 1 1 1 1 1 1 1 1 1 3 8 1 |1 7 1 1 1 8 1 1 3 4 1 2 12 2 1 1 |2 6 1 1 1 4 1 1 3 2 1 2 4 3 3 14 |1 1 1 1 1 1 4 2 1 1 6 16 9 1 1 1 |1 1 1 9 4 1 7 6 2 1 1 1 1 1 4 17 |2 1 1 2 11 1 15 13 10 1 1 6 1 1 3 2 |1 2 4 3 1 2 1 1 2 1 13 1 7 2 2 1 |2 1 1 1 2 13 2 2 3 17 2 1 1 2 11 1 |1 1 1 5 1 7 8 3 1 1 1 2 5 1 17 11 |
11798: 1 1 12 1 1 1 1 1 2 1 1 2 1 1 10 11 |1 1 1 1 2 1 1 1 1 3 1 15 8 1 4 1 |1 1 1 1 1 1 1 5 1 2 1 4 1 4 1 1 |1 1 13 1 1 1 1 1 1 1 1 1 1 3 8 1 |1 7 1 1 1 8 1 1 3 4 1 2 12 2 1 1 |2 6 1 1 1 4 1 1 3 2 1 2 4 3 3 14 |1 1 1 1 1 1 4 2 1 1 6 16 9 1 1 1 |1 1 1 9 4 1 7 6 2 1 1 1 1 1 4 17 |2 1 1 2 11 1 15 13 10 1 1 6 1 1 3 2 |1 2 4 3 1 2 1 1 2 1 13 1 7 2 2 1 |2 1 1 1 2 13 2 2 3 17 2 1 1 2 11 1 |1 1 1 5 1 7 8 3 1 1 1 2 5 1 17 11 |
11809: 1 1 12 1 1 1 1 1 2 1 1 2 1 1 10 11 |1 1 1 1 2 1 1 1 1 3 1 15 8 1 4 1 |1 1 1 1 1 1 1 5 1 2 1 4 1 4 1 1 |1 1 13 1 1 1 1 1 1 1 1 1 1 3 8 1 |1 7 1 1 1 8 1 1 3 4 1 2 12 2 1 1 |2 6 1 1 1 4 1 1 3 2 1 2 4 3 3 14 |1 1 1 1 1 1 4 2 1 1 6 16 9 1 1 1 |1 1 1 9 4 1 7 6 2 1 1 1 1 1 4 17 |2 1 1 2 11 1 15 13 10 1 1 6 1 1 3 2 |1 2 4 3 1 2 1 1 2 1 13 1 7 2 2 1 |2 1 1 1 2 13 2 2 3 17 2 1 1 2 11 1 |1 1 1 5 1 7 8 3 1 1 1 2 5 1 17 11 |
11820: 1 1 12 1 1 1 1 1 2 1 1 2 1 1 10 11 |1 1 1 1 2 1 1 1 1 3 1 15 8 1 4 1 |1 1 1 1 1 1 1 5 1 2 1 4 1 4 1 1 |1 1 13 1 1 1 1 1 1 1 1 1 1 3 8 1 |1 7 1 1 1 8 1 1 3 4 1 2 12 2 1 1 |2 6 1 1 1 4 1 1 3 2 1 2 4 3 3 14 |1 1 1 1 1 1 4 2 1 1 6 16 9 1 1 1 |1 1 1 9 4 1 7 6 2 1 1 1 1 1 4 17 |2 1 1 2 11 1 15 13 10 1 1 6 1 1 3 2 |1 2 4 3 1 2 1 1 2 1 13 1 7 2 2 1 |2 1 1 1 2 13 2 2 3 17 2 1 1 2 11 1 |1 1 1 5 1 7 8 3 1 1 1 2 5 1 17 11 |
11830: 1 1 12 1 1 1 1 1 2 1 1 2 1 1 10 11 |1 1 1 1 2 1 1 1 1 3 1 15 8 1 4 1 |1 1 1 1 1 1 1 5 1 2 1 4 1 4 1 1 |1 1 13 1 1 1 1 1 1 1 1 1 1 3 8 1 |1 7 1 1 1 8 1 1 3 4 1 2 12 2 1 1 |2 6 1 1 1 4 1 1 3 2 1 2 4 3 3 14 |1 1 1 1 1 1 4 2 1 1 6 16 9 1 1 1 |1 1 1 9 4 1 7 6 2 1 1 1 1 1 4 17 |2 1 1 2 11 1 15 13 10 1 1 6 1 1 3 2 |1 2 4 3 1 2 1 1 2 1 13 1 7 2 2 1 |2 1 1 1 2 13 2 2 3 17 2 1 1 2 11 1 |1 1 1 5 1 7 8 3 1 1 1 2 5 1 17 11 |
11841: 1 1 12 1 1 1 1 1 2 1 1 2 1 1 10 11 |1 1 1 1 2 1 1 1 1 3 1 15 8 1 4 1 |1 1 1 1 1 1 1 5 1 2 1 4 1 4 1 1 |1 1 13 1 1 1 1 1 1 1 1 1 1 3 8 1 |1 7 1 1 1 8 1 1 3 4 1 2 12 2 1 1 |2 6 1 1 1 4 1 1 3 2 1 2 4 3 3 14 |3 1 1 1 1 1 4 3 1 2 1 14 2 1 1 4 |1 1 1 9 4 1 7 6 2 1 1 1 1 1 4 17 |2 1 1 2 11 1 15 13 10 1 1 6 1 1 3 2 |1 2 4 3 1 2 1 1 2 1 13 1 7 2 2 1 |2 1 1 1 2 13 2 2 3 17 2 1 1 2 11 1 |1 1 1 5 1 7 8 3 1 1 1 2 5 1 17 11 |
11852: 1 1 12 1 1 1 1 1 2 1 1 2 1 1 10 11 |1 1 1 1 2 1 1 1 1 3 1 15 8 1 4 1 |1 1 1 1 1 1 1 5 1 2 1 4 1 4 1 1 |1 1 13 1 1 1 1 1 1 1 1 1 1 3 8 1 |1 7 1 1 1 8 1 1 3 4 1 2 12 2 1 1 |2 6 1 1 1 4 1 1 3 2 1 2 4 3 3 14 |3 1 1 1 1 1 4 3 1 2 1 14 2 1 1 4 |1 1 1 9 4 1 7 6 2 1 1 1 1 1 4 17 |2 1 1 2 11 1 15 13 10 1 1 6 1 1 3 2 |1 2 4 3 1 2 1 1 2 1 13 1 7 2 2 1 |2 1 1 1 2 13 2 2 3 17 2 1 1 2 11 1 |1 1 1 5 1 7 8 3 1 1 1 2 5 1 17 11 |
11863: 1 1 12 1 1 1 1 1 2 1 1 2 1 1 10 11 |1 1 1 1 2 1 1 1 1 3 1 15 8 1 4 1 |1 1 1 1 1 1 1 5 1 2 1 4 1 4 1 1 |1 1 13 1 1 1 1 1 1 1 1 1 1 3 8 1 |1 7 1 1 1 8 1 1 3 4 1 2 12 2 1 1 |2 6 1 1 1 4 1 1 3 2 1 2 4 3 3 14 |3 1 1 1 1 1 4 3 1 2 1 14 2 1 1 4 |1 1 1 9 4 1 7 6 2 1 1 1 1 1 4 17 |2 1 1 2 11 1 15 13 10 1 1 6 1 1 3 2 |1 2 4 3 1 2 1 1 2 1 13 1 7 2 2 1 |2 1 1 1 2 13 2 2 3 17 2 1 1 2 11 1 |1 1 1 5 1 7 8 3 1 1 1 2 5 1 17 11 |
11874: 1 1 12 1 1 1 1 1 2 1 1 2 1 1 10 11 |1 1 1 1 2 1 1 1 1 3 1 15 8 1 4 1 |1 1 1 1 1 1 1 5 1 2 1 4 1 4 1 1 |1 1 13 1 1 1 1 1 1 1 1 1 1 3 8 1 |1 2 1 1 1 7 1 1 2 4 1 1 1 4 1 2 |2 6 1 1 1 4 1 1 3 2 1 2 4 3 3 14 |3 1 1 1 1 1 4 3 1 2 1 14 2 1 1 4 |1 1 1 9 4 1 7 6 2 1 1 1 1 1 4 17 |2 1 1 2 11 1 15 13 10 1 1 6 1 1 3 2 |1 2 4 3 1 2 1 1 2 1 13 1 7 2 2 1 |2 1 1 1 2 13 2 2 3 17 2 1 1 2 11 1 |1 1 1 5 1 7 8 3 1 1 1 2 5 1 17 11 |
11885: 1 1 12 1 1 1 1 1 2 1 1 2 1 1 10 11 |1 1 1 1 2 1 1 1 1 3 1 15 8 1 4 1 |1 1 1 1 1 1 1 5 1 2 1 4 1 4 1 1 |1 1 13 1 1 1 1 1 1 1 1 1 1 3 8 1 |1 2 1 1 1 7 1 1 2 4 1 1 1 4 1 2 |2 6 1 1 1 4 1 1 3 2 1 2 4 3 3 14 |3 1 1 1 1 1 4 3 1 2 1 14 2 1 1 4 |1 1 1 9 4 1 7 6 2 1 1 1 1 1 4 17 |2 1 1 2 11 1 15 13 10 1 1 6 1 1 3 2 |1 2 4 3 1 2 1 1 2 1 13 1 7 2 2 1 |2 1 1 1 2 13 2 2 3 17 2 1 1 2 11 1 |1 1 1 5 1 7 8 3 1 1 1 2 5 1 17 11 |
11896: 1 1 12 1 1 1 1 1 2 1 1 2 1 1 10 11 |1 1 1 1 2 1 1 1 1 3 1 15 8 1 4 1 |1 1 1 1 1 1 1 5 1 2 1 4 1 4 1 1 |1 1 13 1 1 1 1 1 1 1 1 1 1 3 8 1 |1 2 1 1 1 7 1 1 2 4 1 1 1 4 1 2 |2 6 1 1 1 4 1 1 3 2 1 2 4 3 3 14 |3 1 1 1 1 1 4 3 1 2 1 14 2 1 1 4 |1 1 1 9 4 1 7 6 2 1 1 1 1 1 4 17 |2 1 1 2 11 1 15 13 10 1 1 6 1 1 3 2 |1 2 4 3 1 2 1 1 2 1 13 1 7 2 2 1 |2 1 1 1 2 13 2 2 3 17 2 1 1 2 11 1 |1 1 1 5 1 7 8 3 1 1 1 2 5 1 17 11 |
11907: 1 1 12 1 1 1 1 1 2 1 1 2 1 1 10 11 |1 1 1 1 2 1 1 1 1 3 1 15 8 1 4 1 |1 1 1 1 1 1 1 5 1 2 1 4 1 4 1 1 |1 1 13 1 1 1 1 1 1 1 1 1 1 3 8 1 |1 2 1 1 1 7 1 1 2 4 1 1 1 4 1 2 |1 2 1 1 1 2 1 2 2 2 1 2 4 1 2 14 |3 1 1 1 1 1 4 3 1 2 1 14 2 1 1 4 |1 1 1 9 4 1 7 6 2 1 1 1 1 1 4 17 |2 1 1 2 11 1 15 13 10 1 1 6 1 1 3 2 |1 2 4 3 1 2 1 1 2 1 13 1 7 2 2 1 |2 1 1 1 2 13 2 2 3 17 2 1 1 2 11 1 |1 1 1 5 1 7 8 3 1 1 1 2 5 1 17 11 |
11918: 1 1 12 1 1 1 1 1 2 1 1 2 1 1 10 11 |1 1 1 1 2 1 1 1 1 3 1 15 8 1 4 1 |1 1 1 1 1 1 1 5 1 2 1 4 1 4 1 1 |1 1 13 1 1 1 1 1 1 1 1 1 1 3 8 1 |1 2 1 1 1 7 1 1 2 4 1 1 1 4 1 2 |1 2 1 1 1 2 1 2 2 2 1 2 4 1 2 14 |3 1 1 1 1 1 4 3 1 2 1 14 2 1 1 4 |1 1 1 9 4 1 7 6 2 1 1 1 1 1 4 17 |2 1 1 2 11 1 15 13 10 1 1 6 1 1 3 2 |1 2 4 3 1 2 1 1 2 1 13 1 7 2 2 1 |2 1 1 1 2 13 2 2 3 17 2 1 1 2 11 1 |1 1 1 5 1 7 8 3 1 1 1 2 5 1 17 11 |
11929: 1 1 12 1 1 1 1 1 2 1 1 2 1 1 10 11 |1 1 1 1 2 1 1 1 1 3 1 15 8 1 4 1 |1 1 1 1 1 1 1 5 1 2 1 4 1 4 1 1 |1 1 13 1 1 1 1 1 1 1 1 1 1 3 8 1 |1 2 1 1 1 7 1 1 2 4 1 1 1 4 1 2 |1 2 1 1 1 2 1 2 2 2 1 2 4 1 2 14 |3 1 1 1 1 1 4 3 1 2 1 14 2 1 1 4 |1 1 1 9 4 1 7 6 2 1 1 1 1 1 4 17 |2 1 1 2 11 1 15 13 10 1 1 6 1 1 3 2 |1 2 4 3 1 2 1 1 2 1 13 1 7 2 2 1 |2 1 1 1 2 13 2 2 3 17 2 1 1 2 11 1 |1 1 1 5 1 7 8 3 1 1 1 2 5 1 17 11 |
11940: 1 1 12 1 1 1 1 1 2 1 1 2 1 1 10 11 |1 1 1 1 2 1 1 1 1 3 1 15 8 1 4 1 |1 1 1 1 1 1 1 5 1 2 1 4 1 4 1 1 |1 1 13 1 1 1 1 1 1 1 1 1 1 3 8 1 |1 2 1 1 1 7 1 1 2 4 1 1 1 4 1 2 |1 2 1 1 1 2 1 2 2 2 1 2 4 1 2 14 |3 1 1 1 1 1 4 3 1 2 1 14 2 1 1 4 |1 1 1 9 4 1 7 6 2 1 1 1 1 1 4 17 |2 1 1 2 11 1 15 13 10 1 1 6 1 1 3 2 |1 2 4 3 1 2 1 1 2 1 13 1 7 2 2 1 |2 1 1 1 2 13 2 2 3 17 2 1 1 2 11 1 |1 1 1 5 1 7 8 3 1 1 1 2 5 1 17 11 |
11951: 1 1 12 1 1 1 1 1 2 1 1 2 1 1 10 11 |1 1 1 1 2 1 1 1 1 3 1 15 8 1 4 1 |1 1 1 1 1 1 1 5 1 2 1 4 1 4 1 1 |1 1 13 1 1 1 1 1 1 1 1 1 1 3 8 1 |1 2 1 1 1 7 1 1 2 4 1 1 1 4 1 2 |1 2 1 1 1 2 1 2 2 2 1 2 4 1 2 14 |3 1 1 1 1 1 4 3 1 2 1 14 2 1 1 4 |1 1 1 9 4 1 7 6 2 1 1 1 1 1 4 17 |2 1 1 2 11 1 15 13 10 1 1 6 1 1 3 2 |1 2 4 3 1 2 1 1 2 1 13 1 7 2 2 1 |2 1 1 1 2 13 2 2 3 17 2 1 1 2 11 1 |1 1 1 5 1 7 8 3 1 1 1 2 5 1 17 11 |
11962: 1 1 12 1 1 1 1 1 2 1 1 2 1 1 10 11 |1 1 1 1 2 1 1 1 1 3 1 15 8 1 4 1 |1 1 1 1 1 1 1 5 1 2 1 4 1 4 1 1 |1 1 13 1 1 1 1 1 1 1 1 1 1 3 8 1 |1 2 1 1 1 7 1 1 2 4 1 1 1 4 1 2 |1 2 1 1 1 2 1 2 2 2 1 2 4 1 2 14 |3 1 1 1 1 1 4 3 1 2 1 14 2 1 1 4 |1 1 1 9 4 1 7 6 2 1 1 1 1 1 4 17 |2 1 1 2 11 1 15 13 10 1 1 6 1 1 3 2 |1 2 4 3 1 2 1 1 2 1 13 1 7 2 2 1 |2 1 1 1 2 13 2 2 3 17 2 1 1 2 11 1 |1 1 1 5 1 7 8 3 1 1 1 2 5 1 17 11 |
11973: 1 1 12 1 1 1 1 1 2 1 1 2 1 1 10 11 |1 1 1 1 2 1 1 1 1 3 1 15 8 1 4 1 |1 1 1 1 1 1 1 5 1 2 1 4 1 4 1 1 |1 1 13 1 1 1 1 1 1 1 1 1 1 3 8 1 |1 1 1 1 2 1 1 1 3 6 1 1 5 4 1 1 |1 2 1 1 1 2 1 2 2 2 1 2 4 1 2 14 |3 1 1 1 1 1 4 3 1 2 1 14 2 1 1 4 |1 1 1 9 4 1 7 6 2 1 1 1 1 1 4 17 |2 1 1 2 11 1 15 13 10 1 1 6 1 1 3 2 |1 2 4 3 1 2 1 1 2 1 13 1 7 2 2 1 |2 1 1 1 2 13 2 2 3 17 2 1 1 2 11 1 |1 1 1 5 1 7 8 3 1 1 1 2 5 1 17 11 |
11984: 1 1 12 1 1 1 1 1 2 1 1 2 1 1 10 11 |1 1 1 1 2 1 1 1 1 3 1 15 8 1 4 1 |1 1 1 1 1 1 1 5 1 2 1 4 1 4 1 1 |1 1 13 1 1 1 1 1 1 1 1 1 1 3 8 1 |1 1 1 1 2 1 1 1 3 6 1 1 5 4 1 1 |1 2 1 1 1 2 1 2 2 2 1 2 4 1 2 14 |3 1 1 1 1 1 4 3 1 2 1 14 2 1 1 4 |1 1 1 9 4 1 7 6 2 1 1 1 1 1 4 17 |2 1 1 2 11 1 15 13 10 1 1 6 1 1 3 2 |1 2 4 3 1 2 1 1 2 1 13 1 7 2 2 1 |2 1 1 1 2 13 2 2 3 17 2 1 1 2 11 1 |1 1 2 7 1 8 5 9 5 1 1 1 5 1 17 16 |
11995: 1 1 12 1 1 1 1 1 2 1 1 2 1 1 10 11 |1 1 1 1 2 1 1 1 1 3 1 15 8 1 4 1 |1 1 1 1 1 1 1 5 1 2 1 4 1 4 1 1 |1 1 13 1 1 1 1 1 1 1 1 1 1 3 8 1 |1 1 1 1 2 1 1 1 3 6 1 1 5 4 1 1 |1 2 1 1 1 2 1 2 2 2 1 2 4 1 2 14 |3 1 1 1 1 1 4 3 1 2 1 14 2 1 1 4 |1 1 1 9 4 1 7 6 2 1 1 1 1 1 4 17 |2 1 1 2 11 1 15 13 10 1 1 6 1 1 3 2 |1 2 4 3 1 2 1 1 2 1 13 1 7 2 2 1 |2 1 1 1 2 13 2 2 3 17 2 1 1 2 11 1 |1 1 2 7 1 8 5 9 5 1 1 1 5 1 17 16 |
12006: 1 1 12 1 1 1 1 1 2 1 1 2 1 1 10 11 |1 1 1 1 2 1 1 1 1 3 1 15 8 1 4 1 |1 1 1 1 1 1 1 5 1 2 1 4 1 4 1 1 |1 1 13 1 1 1 1 1 1 1 1 1 1 3 8 1 |1 1 1 1 1 8 1 1 1 4 1 3 11 2 2 1 |1 2 1 1 1 2 1 2 2 2 1 2 4 1 2 14 |3 1 1 1 1 1 4 3 1 2 1 14 2 1 1 4 |1 1 1 9 4 1 7 6 2 1 1 1 1 1 4 17 |2 1 1 2 11 1 15 13 10 1 1 6 1 1 3 2 |1 2 4 3 1 2 1 1 2 1 13 1 7 2 2 1 |2 1 1 1 2 13 2 2 3 17 2 1 1 2 11 1 |1 1 2 7 1 8 5 9 5 1 1 1 5 1 17 16 |
12017: 1 1 12 1 1 1 1 1 2 1 1 2 1 1 10 11 |1 1 1 1 2 1 1 1 1 3 1 15 8 1 4 1 |1 1 1 1 1 1 1 5 1 2 1 4 1 4 1 1 |1 1 13 1 1 1 1 1 1 1 1 1 1 3 8 1 |1 1 1 1 1 8 1 1 1 4 1 3 11 2 2 1 |1 4 1 1 1 3 1 1 1 1 1 1 2 1 2 2 |3 1 1 1 1 1 4 3 1 2 1 14 2 1 1 4 |1 1 1 9 4 1 7 6 2 1 1 1 1 1 4 17 |2 1 1 2 11 1 15 13 10 1 1 6 1 1 3 2 |1 2 4 3 1 2 1 1 2 1 13 1 7 2 2 1 |2 1 1 1 2 13 2 2 3 17 2 1 1 2 11 1 |1 1 2 7 1 8 5 9 5 1 1 1 5 1 17 16 |
12028: 1 1 12 1 1 1 1 1 2 1 1 2 1 1 10 11 |1 1 1 1 2 1 1 1 1 3 1 15 8 1 4 1 |1 1 1 1 1 1 1 5 1 2 1 4 1 4 1 1 |1 1 13 1 1 1 1 1 1 1 1 1 1 3 8 1 |1 1 1 1 1 8 1 1 1 4 1 3 11 2 2 1 |1 4 1 1 1 3 1 1 1 1 1 1 2 1 2 2 |3 1 1 1 1 1 4 3 1 2 1 14 2 1 1 4 |1 1 1 9 4 1 7 6 2 1 1 1 1 1 4 17 |2 1 1 2 11 1 15 13 10 1 1 6 1 1 3 2 |1 2 4 3 1 2 1 1 2 1 13 1 7 2 2 1 |2 1 1 1 2 13 2 2 3 17 2 1 1 2 11 1 |1 1 2 7 1 8 5 9 5 1 1 1 5 1 17 16 |
12039: 1 1 12 1 1 1 1 1 2 1 1 2 1 1 10 11 |1 1 1 1 2 1 1 1 1 3 1 15 8 1 4 1 |1 1 1 1 1 1 1 5 1 2 1 4 1 4 1 1 |1 1 14 1 1 1 1 11 4 1 2 1 1 3 6 1 |1 1 1 1 1 8 1 1 1 4 1 3 11 2 2 1 |1 4 1 1 1 3 1 1 1 1 1 1 2 1 2 2 |3 1 1 1 1 1 4 3 1 2 1 14 2 1 1 4 |1 1 1 9 4 1 7 6 2 1 1 1 1 1 4 17 |2 1 1 2 11 1 15 13 10 1 1 6 1 1 3 2 |1 2 4 3 1 2 1 1 2 1 13 1 7 2 2 1 |2 1 1 1 2 13 2 2 3 17 2 1 1 2 11 1 |1 1 2 7 1 8 5 9 5 1 1 1 5 1 17 16 |
12050: 1 1 12 1 1 1 1 1 2 1 1 2 1 1 10 11 |1 1 1 1 2 1 1 1 1 3 1 15 8 1 4 1 |1 1 1 1 1 1 1 5 1 2 1 4 1 4 1 1 |1 1 14 1 1 1 1 11 4 1 2 1 1 3 6 1 |1 1 1 1 1 8 1 1 1 4 1 3 11 2 2 1 |1 4 1 1 1 3 1 1 1 1 1 1 2 1 2 2 |3 1 1 1 1 1 4 3 1 2 1 14 2 1 1 4 |1 1 1 9 4 1 7 6 2 1 1 1 1 1 4 17 |2 1 1 2 11 1 15 13 10 1 1 6 1 1 3 2 |1 2 4 3 1 2 1 1 2 1 13 1 7 2 2 1 |1 1 8 7 15 13 2 7 1 18 4 1 2 1 1 16 |1 1 2 7 1 8 5 9 5 1 1 1 5 1 17 16 |
12061: 1 1 12 1 1 1 1 1 2 1 1 2 1 1 10 11 |1 1 1 1 2 1 1 1 1 3 1 15 8 1 4 1 |1 1 1 1 1 1 1 5 1 2 1 4 1 4 1 1 |1 1 14 1 1 1 1 11 4 1 2 1 1 3 6 1 |1 1 1 1 1 8 1 1 1 4 1 3 11 2 2 1 |1 4 1 1 1 3 1 1 1 1 1 1 2 1 2 2 |3 1 1 1 1 1 4 3 1 2 1 14 2 1 1 4 |1 1 1 9 4 1 7 6 2 1 1 1 1 1 4 17 |2 1 1 2 11 1 15 13 10 1 1 6 1 1 3 2 |1 2 4 3 1 2 1 1 2 1 13 1 7 2 2 1 |1 1 8 7 15 13 2 7 1 18 4 1 2 1 1 16 |1 1 2 7 1 8 5 9 5 1 1 1 5 1 17 16 |
12072: 1 1 12 1 1 1 1 1 2 1 1 2 1 1 10 11 |1 1 1 1 1 1 1 1 9 1 1 3 15 1 3 1 |1 1 1 1 1 1 1 5 1 2 1 4 1 4 1 1 |1 1 14 1 1 1 1 11 4 1 2 1 1 3 6 1 |1 1 1 1 1 8 1 1 1 4 1 3 11 2 2 1 |1 4 1 1 1 3 1 1 1 1 1 1 2 1 2 2 |3 1 1 1 1 1 4 3 1 2 1 14 2 1 1 4 |1 1 1 9 4 1 7 6 2 1 1 1 1 1 4 17 |2 1 1 2 11 1 15 13 10 1 1 6 1 1 3 2 |1 2 4 3 1 2 1 1 2 1 13 1 7 2 2 1 |1 1 8 7 15 13 2 7 1 18 4 1 2 1 1 16 |1 1 2 7 1 8 5 9 5 1 1 1 5 1 17 16 |
12083: 1 1 12 1 1 1 1 1 2 1 1 2 1 1 10 11 |1 1 1 1 1 1 1 1 9 1 1 3 15 1 3 1 |1 1 1 1 1 1 1 5 1 2 1 4 1 4 1 1 |1 1 14 1 1 1 1 11 4 1 2 1 1 3 6 1 |1 1 1 1 1 8 1 1 1 4 1 3 11 2 2 1 |1 4 1 1 1 3 1 1 1 1 1 1 2 1 2 2 |3 1 1 1 1 1 4 3 1 2 1 14 2 1 1 4 |1 1 1 9 4 1 7 6 2 1 1 1 1 1 4 17 |2 1 1 2 11 1 15 13 10 1 1 6 1 1 3 2 |1 2 4 3 1 2 1 1 2 1 13 1 7 2 2 1 |1 1 8 7 15 13 2 7 1 18 4 1 2 1 1 16 |1 4 2 8 1 7 7 4 5 1 1 1 5 1 18 9 |
12094: 1 1 12 1 1 1 1 1 2 1 1 2 1 1 10 11 |1 1 1 1 1 1 1 1 9 1 1 3 15 1 3 1 |1 1 1 1 1 1 1 5 1 2 1 4 1 4 1 1 |1 1 14 1 1 1 1 11 4 1 2 1 1 3 6 1 |1 1 1 1 1 8 1 1 1 4 1 3 11 2 2 1 |1 4 1 1 1 3 1 1 1 1 1 1 2 1 2 2 |3 1 1 1 1 1 4 3 1 2 1 14 2 1 1 4 |1 1 1 9 4 1 7 6 2 1 1 1 1 1 4 17 |2 1 1 2 11 1 15 13 10 1 1 6 1 1 3 2 |1 2 4 3 1 2 1 1 2 1 13 1 7 2 2 1 |1 1 8 7 15 13 2 7 1 18 4 1 2 1 1 16 |1 4 2 8 1 7 7 4 5 1 1 1 5 1 18 9 |
12105: 1 1 12 1 1 1 1 1 2 1 1 2 1 1 10 11 |1 1 1 1 1 1 1 1 9 1 1 3 15 1 3 1 |1 1 6 1 1 1 1 11 2 1 1 1 1 4 1 1 |1 1 14 1 1 1 1 11 4 1 2 1 1 3 6 1 |1 1 1 1 1 8 1 1 1 4 1 3 11 2 2 1 |1 4 1 1 1 3 1 1 1 1 1 1 2 1 2 2 |3 1 1 1 1 1 4 3 1 2 1 14 2 1 1 4 |1 1 1 9 4 1 7 6 2 1 1 1 1 1 4 17 |2 1 1 2 11 1 15 13 10 1 1 6 1 1 3 2 |1 2 4 3 1 2 1 1 2 1 13 1 7 2 2 1 |1 1 8 7 15 13 2 7 1 18 4 1 2 1 1 16 |1 4 2 8 1 7 7 4 5 1 1 1 5 1 18 9 |
12116: 1 1 12 1 1 1 1 1 2 1 1 2 1 1 10 11 |1 1 1 1 1 1 1 1 9 1 1 3 15 1 3 1 |1 1 6 1 1 1 1 11 2 1 1 1 1 4 1 1 |1 1 14 1 1 1 1 11 4 1 2 1 1 3 6 1 |1 1 1 1 1 8 1 1 1 4 1 3 11 2 2 1 |1 4 1 1 1 3 1 1 1 1 1 1 2 1 2 2 |3 1 1 1 1 1 4 3 1 2 1 14 2 1 1 4 |1 1 1 9 4 1 7 6 2 1 1 1 1 1 4 17 |2 1 1 2 11 1 15 13 10 1 1 6 1 1 3 2 |1 2 4 3 1 2 1 1 2 1 13 1 7 2 2 1 |1 1 8 7 15 13 2 7 1 18 4 1 2 1 1 16 |1 4 5 6 1 1 1 8 2 1 1 1 5 1 16 17 |
12127: 1 1 12 1 1 1 1 1 2 1 1 2 1 1 10 11 |1 1 1 1 1 1 1 1 9 1 1 3 15 1 3 1 |1 1 6 1 1 1 1 11 2 1 1 1 1 4 1 1 |1 1 14 1 1 1 1 11 4 1 2 1 1 3 6 1 |1 1 1 1 1 8 1 1 1 4 1 3 11 2 2 1 |1 4 1 1 1 3 1 1 1 1 1 1 2 1 2 2 |3 1 1 1 1 1 4 3 1 2 1 14 2 1 1 4 |1 1 1 9 4 1 7 6 2 1 1 1 1 1 4 17 |2 1 1 2 11 1 15 13 10 1 1 6 1 1 3 2 |1 2 4 3 1 2 1 1 2 1 13 1 7 2 2 1 |1 1 8 7 15 13 2 7 1 18 4 1 2 1 1 16 |1 4 5 6 1 1 1 8 2 1 1 1 5 1 16 17 |
12138: 1 1 1 1 1 1 1 1 5 1 1 1 1 1 1 1 |1 1 1 1 1 1 1 1 9 1 1 3 15 1 3 1 |1 1 6 1 1 1 1 11 2 1 1 1 1 4 1 1 |1 1 14 1 1 1 1 11 4 1 2 1 1 3 6 1 |1 1 1 1 1 8 1 1 1 4 1 3 11 2 2 1 |1 4 1 1 1 3 1 1 1 1 1 1 2 1 2 2 |3 1 1 1 1 1 4 3 1 2 1 14 2 1 1 4 |1 1 1 9 4 1 7 6 2 1 1 1 1 1 4 17 |2 1 1 2 11 1 15 13 10 1 1 6 1 1 3 2 |1 2 4 3 1 2 1 1 2 1 13 1 7 2 2 1 |1 1 8 7 15 13 2 7 1 18 4 1 2 1 1 16 |1 4 5 6 1 1 1 8 2 1 1 1 5 1 16 17 |
12149: 1 1 1 1 1 1 1 1 5 1 1 1 1 1 1 1 |1 1 1 1 1 1 1 1 9 1 1 3 15 1 3 1 |1 1 6 1 1 1 1 11 2 1 1 1 1 4 1 1 |1 1 14 1 1 1 1 11 4 1 2 1 1 3 6 1 |1 1 1 1 1 8 1 1 1 4 1 3 11 2 2 1 |1 4 1 1 1 3 1 1 1 1 1 1 2 1 2 2 |3 1 1 1 1 1 4 3 1 2 1 14 2 1 1 4 |1 1 1 9 4 1 7 6 2 1 1 1 1 1 4 17 |2 1 1 2 11 1 15 13 10 1 1 6 1 1 3 2 |1 2 4 3 1 2 1 1 2 1 13 1 7 2 2 1 |1 1 1 22 7 1 2 7 1 17 15 1 1 1 12 14 |1 4 5 6 1 1 1 8 2 1 1 1 5 1 16 17 |
12160: 1 1 1 1 1 1 1 1 5 1 1 1 1 1 1 1 |1 1 1 1 1 1 1 1 9 1 1 3 15 1 3 1 |1 1 6 1 1 1 1 11 2 1 1 1 1 4 1 1 |1 1 14 1 1 1 1 11 4 1 2 1 1 3 6 1 |1 1 1 1 1 8 1 1 1 4 1 3 11 2 2 1 |1 4 1 1 1 3 1 1 1 1 1 1 2 1 2 2 |3 1 1 1 1 1 4 3 1 2 1 14 2 1 1 4 |1 1 1 9 4 1 7 6 2 1 1 1 1 1 4 17 |2 1 1 2 11 1 15 13 10 1 1 6 1 1 3 2 |1 2 4 3 1 2 1 1 2 1 13 1 7 2 2 1 |1 1 1 22 7 1 2 7 1 17 15 1 1 1 12 14 |1 4 5 6 1 1 1 8 2 1 1 1 5 1 16 17 |
12171: 1 1 1 1 1 1 1 1 5 1 1 1 1 1 1 1 |1 1 1 1 1 1 1 1 9 1 1 3 15 1 3 1 |1 1 6 1 1 1 1 11 2 1 1 1 1 4 1 1 |1 1 14 1 1 1 1 11 4 1 2 1 1 3 6 1 |1 1 1 1 1 8 1 1 1 4 1 3 11 2 2 1 |1 4 1 1 1 3 1 1 1 1 1 1 2 1 2 2 |3 1 1 1 1 1 4 3 1 2 1 14 2 1 1 4 |1 1 1 9 4 1 7 6 2 1 1 1 1 1 4 17 |2 1 1 2 11 1 15 13 10 1 1 6 1 1 3 2 |1 2 4 3 1 2 1 1 2 1 13 1 7 2 2 1 |1 1 1 22 7 1 2 7 1 17 15 1 1 1 12 14 |1 4 5 6 1 1 1 8 2 1 1 1 5 1 16 17 |
12182: 1 1 13 1 2 1 1 1 5 1 1 3 1 1 1 15 |1 1 1 1 1 1 1 1 9 1 1 3 15 1 3 1 |1 1 6 1 1 1 1 11 2 1 1 1 1 4 1 1 |1 1 14 1 1 1 1 11 4 1 2 1 1 3 6 1 |1 1 1 1 1 8 1 1 1 4 1 3 11 2 2 1 |1 4 1 1 1 3 1 1 1 1 1 1 2 1 2 2 |3 1 1 1 1 1 4 3 1 2 1 14 2 1 1 4 |1 1 1 9 4 1 7 6 2 1 1 1 1 1 4 17 |2 1 1 2 11 1 15 13 10 1 1 6 1 1 3 2 |1 2 4 3 1 2 1 1 2 1 13 1 7 2 2 1 |1 1 1 22 7 1 2 7 1 17 15 1 1 1 12 14 |1 4 5 6 1 1 1 8 2 1 1 1 5 1 16 17 |
12192: 1 1 13 1 2 1 1 1 5 1 1 3 1 1 1 15 |1 1 1 1 1 1 1 1 9 1 1 3 15 1 3 1 |1 1 6 1 1 1 1 11 2 1 1 1 1 4 1 1 |1 1 14 1 1 1 1 11 4 1 2 1 1 3 6 1 |1 1 1 1 1 8 1 1 1 4 1 3 11 2 2 1 |1 4 1 1 1 3 1 1 1 1 1 1 2 1 2 2 |3 1 1 1 1 1 4 3 1 2 1 14 2 1 1 4 |1 1 1 9 4 1 7 6 2 1 1 1 1 1 4 17 |2 1 1 2 11 1 15 13 10 1 1 6 1 1 3 2 |1 2 4 3 1 2 1 1 2 1 13 1 7 2 2 1 |1 1 1 22 7 1 2 7 1 17 15 1 1 1 12 14 |1 4 5 6 1 1 1 8 2 1 1 1 5 1 16 17 |
12203: 1 1 13 1 2 1 1 1 5 1 1 3 1 1 1 15 |1 1 1 1 1 1 1 1 9 1 1 3 15 1 3 1 |1 1 6 1 1 1 1 11 2 1 1 1 1 4 1 1 |1 1 14 1 1 1 1 11 4 1 2 1 1 3 6 1 |1 1 1 1 1 8 1 1 1 4 1 3 11 2 2 1 |1 4 1 1 1 3 1 1 1 1 1 1 2 1 2 2 |3 1 1 1 1 1 4 3 1 2 1 14 2 1 1 4 |1 1 1 9 4 1 7 6 2 1 1 1 1 1 4 17 |2 1 1 2 11 1 15 13 10 1 1 6 1 1 3 2 |1 2 4 3 1 2 1 1 2 1 13 1 7 2 2 1 |1 1 1 22 7 1 2 7 1 17 15 1 1 1 12 14 |1 4 5 6 1 1 1 8 2 1 1 1 5 1 16 17 |
12214: 1 1 13 1 2 1 1 1 5 1 1 3 1 1 1 15 |1 1 1 1 1 1 1 1 9 1 1 3 15 1 3 1 |1 1 6 1 1 1 1 11 2 1 1 1 1 4 1 1 |1 1 14 1 1 1 1 11 4 1 2 1 1 3 6 1 |1 1 1 1 1 8 1 1 1 4 1 3 11 2 2 1 |1 4 1 1 1 3 1 1 1 1 1 1 2 1 2 2 |3 1 1 1 1 1 4 3 1 2 1 14 2 1 1 4 |1 1 1 9 4 1 7 6 2 1 1 1 1 1 4 17 |1 1 1 15 8 1 15 13 10 1 1 7 1 8 3 4 |1 2 4 3 1 2 1 1 2 1 13 1 7 2 2 1 |1 1 1 22 7 1 2 7 1 17 15 1 1 1 12 14 |1 4 5 6 1 1 1 8 2 1 1 1 5 1 16 17 |
12225: 1 1 13 1 2 1 1 1 5 1 1 3 1 1 1 15 |1 1 1 1 1 1 1 1 9 1 1 3 15 1 3 1 |1 1 6 1 1 1 1 11 2 1 1 1 1 4 1 1 |1 1 14 1 1 1 1 11 4 1 2 1 1 3 6 1 |1 1 1 1 1 8 1 1 1 4 1 3 11 2 2 1 |1 4 1 1 1 3 1 1 1 1 1 1 2 1 2 2 |3 1 1 1 1 1 4 3 1 2 1 14 2 1 1 4 |1 1 1 9 4 1 7 6 2 1 1 1 1 1 4 17 |1 1 1 15 8 1 15 13 10 1 1 7 1 8 3 4 |1 3 1 5 3 1 1 1 1 2 14 1 7 2 13 1 |1 1 1 22 7 1 2 7 1 17 15 1 1 1 12 14 |1 4 5 6 1 1 1 8 2 1 1 1 5 1 16 17 |
12236: 1 1 13 1 2 1 1 1 5 1 1 3 1 1 1 15 |1 1 1 1 1 1 1 1 9 1 1 3 15 1 3 1 |1 1 6 1 1 1 1 11 2 1 1 1 1 4 1 1 |1 1 14 1 1 1 1 11 4 1 2 1 1 3 6 1 |1 1 1 1 1 8 1 1 1 4 1 3 11 2 2 1 |1 4 1 1 1 3 1 1 1 1 1 1 2 1 2 2 |3 1 1 1 1 1 4 3 1 2 1 14 2 1 1 4 |1 1 1 9 4 1 7 6 2 1 1 1 1 1 4 17 |1 1 1 15 8 1 15 13 10 1 1 7 1 8 3 4 |1 3 1 5 3 1 1 1 1 2 14 1 7 2 13 1 |1 1 1 22 7 1 2 7 1 17 15 1 1 1 12 14 |1 4 5 6 1 1 1 8 2 1 1 1 5 1 16 17 |
12247: 1 1 13 1 2 1 1 1 5 1 1 3 1 1 1 15 |1 1 1 1 1 1 1 1 9 1 1 3 15 1 3 1 |1 1 6 1 1 1 1 11 2 1 1 1 1 4 1 1 |1 1 14 1 1 1 1 11 4 1 2 1 1 3 6 1 |1 1 1 1 1 8 1 1 1 4 1 3 11 2 2 1 |1 4 1 1 1 3 1 1 1 1 1 1 2 1 2 2 |3 1 1 1 1 1 4 3 1 2 1 14 2 1 1 4 |1 1 1 9 4 1 7 6 2 1 1 1 1 1 4 17 |1 1 1 15 8 1 15 13 10 1 1 7 1 8 3 4 |1 3 1 5 3 1 1 1 1 2 14 1 7 2 13 1 |1 1 1 22 7 1 2 7 1 17 15 1 1 1 12 14 |1 4 5 6 1 1 1 8 2 1 1 1 5 1 16 17 |
12258: 1 1 13 1 2 1 1 1 5 1 1 3 1 1 1 15 |1 1 1 1 1 1 1 1 9 1 1 3 15 1 3 1 |1 1 6 1 1 1 1 11 2 1 1 1 1 4 1 1 |1 1 14 1 1 1 1 11 4 1 2 1 1 3 6 1 |1 1 1 1 1 8 1 1 1 4 1 3 11 2 2 1 |1 4 1 1 1 3 1 1 1 1 1 1 2 1 2 2 |3 1 1 1 1 1 4 3 1 2 1 14 2 1 1 4 |1 1 1 9 4 1 7 6 2 1 1 1 1 1 4 17 |1 1 1 15 8 1 15 13 10 1 1 7 1 8 3 4 |1 3 1 5 3 1 1 1 1 2 14 1 7 2 13 1 |1 1 1 22 7 1 2 7 1 17 15 1 1 1 12 14 |1 4 5 6 1 1 1 8 2 1 1 1 5 1 16 17 |
12269: 1 1 13 1 2 1 1 1 5 1 1 3 1 1 1 15 |1 1 1 1 1 1 1 1 9 1 1 3 15 1 3 1 |1 1 6 1 1 1 1 11 2 1 1 1 1 4 1 1 |1 1 14 1 1 1 1 11 4 1 2 1 1 3 6 1 |1 1 1 1 1 8 1 1 1 4 1 3 11 2 2 1 |1 4 1 1 1 3 1 1 1 1 1 1 2 1 2 2 |3 1 1 1 1 1 4 3 1 2 1 14 2 1 1 4 |1 1 1 9 4 1 7 6 2 1 1 1 1 1 4 17 |1 1 1 15 8 1 15 13 10 1 1 7 1 8 3 4 |1 3 1 5 3 1 1 1 1 2 14 1 7 2 13 1 |1 1 1 22 7 1 2 7 1 17 15 1 1 1 12 14 |1 4 5 6 1 1 1 8 2 1 1 1 5 1 16 17 |
12280: 1 1 13 1 2 1 1 1 5 1 1 3 1 1 1 15 |1 1 1 1 1 1 1 1 9 1 1 3 15 1 3 1 |1 1 6 1 1 1 1 11 2 1 1 1 1 4 1 1 |1 1 14 1 1 1 1 11 4 1 2 1 1 3 6 1 |1 1 1 1 1 8 1 1 1 4 1 3 11 2 2 1 |1 4 1 1 1 3 1 1 1 1 1 1 2 1 2 2 |3 1 1 1 1 1 4 3 1 2 1 14 2 1 1 4 |1 1 1 9 4 1 7 6 2 1 1 1 1 1 4 17 |1 1 1 15 8 1 15 13 10 1 1 7 1 8 3 4 |1 3 1 5 3 1 1 1 1 2 14 1 7 2 13 1 |1 1 1 22 7 1 2 7 1 17 15 1 1 1 12 14 |1 4 5 6 1 1 1 8 2 1 1 1 5 1 16 17 |
12291: 1 1 13 1 2 1 1 1 5 1 1 3 1 1 1 15 |1 1 1 1 1 1 1 1 9 1 1 3 15 1 3 1 |1 1 6 1 1 1 1 11 2 1 1 1 1 4 1 1 |1 1 14 1 1 1 1 11 4 1 2 1 1 3 6 1 |1 1 1 1 1 8 1 1 1 4 1 3 11 2 2 1 |1 4 1 1 1 3 1 1 1 1 1 1 2 1 2 2 |3 1 1 1 1 1 4 3 1 2 1 14 2 1 1 4 |1 1 1 9 4 1 7 6 2 1 1 1 1 1 4 17 |1 1 1 15 8 1 15 13 10 1 1 7 1 8 3 4 |1 3 1 5 3 1 1 1 1 2 14 1 7 2 13 1 |1 1 1 22 7 1 2 7 1 17 15 1 1 1 12 14 |1 4 5 6 1 1 1 8 2 1 1 1 5 1 16 17 |
12302: 1 1 13 1 2 1 1 1 5 1 1 3 1 1 1 15 |1 1 1 1 1 1 1 1 9 1 1 3 15 1 3 1 |1 1 6 1 1 1 1 11 2 1 1 1 1 4 1 1 |1 1 14 1 1 1 1 11 4 1 2 1 1 3 6 1 |1 1 1 1 1 8 1 1 1 4 1 3 11 2 2 1 |1 4 1 1 1 3 1 1 1 1 1 1 2 1 2 2 |3 1 1 1 1 1 4 3 1 2 1 14 2 1 1 4 |1 1 1 9 4 1 7 6 2 1 1 1 1 1 4 17 |1 1 1 15 8 1 15 13 10 1 1 7 1 8 3 4 |1 3 1 5 3 1 1 1 1 2 14 1 7 2 13 1 |1 1 1 22 7 1 2 7 1 17 15 1 1 1 12 14 |1 4 5 6 1 1 1 8 2 1 1 1 5 1 16 17 |
12313: 1 1 13 1 2 1 1 1 5 1 1 3 1 1 1 15 |1 1 1 1 1 1 1 1 9 1 1 3 15 1 3 1 |1 1 6 1 1 1 1 11 2 1 1 1 1 4 1 1 |1 1 14 1 1 1 1 11 4 1 2 1 1 3 6 1 |1 1 1 1 1 8 1 1 1 4 1 3 11 2 2 1 |1 4 1 1 1 3 1 1 1 1 1 1 2 1 2 2 |3 1 1 1 1 1 4 3 1 2 1 14 2 1 1 4 |1 1 1 1 10 1 8 6 4 1 1 1 1 1 3 16 |1 1 1 15 8 1 15 13 10 1 1 7 1 8 3 4 |1 3 1 5 3 1 1 1 1 2 14 1 7 2 13 1 |1 1 1 22 7 1 2 7 1 17 15 1 1 1 12 14 |1 4 5 6 1 1 1 8 2 1 1 1 5 1 16 17 |
12324: 1 1 13 1 2 1 1 1 5 1 1 3 1 1 1 15 |1 1 1 1 1 1 1 1 9 1 1 3 15 1 3 1 |1 1 6 1 1 1 1 11 2 1 1 1 1 4 1 1 |1 1 14 1 1 1 1 11 4 1 2 1 1 3 6 1 |1 1 1 1 1 8 1 1 1 4 1 3 11 2 2 1 |1 4 1 1 1 3 1 1 1 1 1 1 2 1 2 2 |3 1 1 1 1 1 4 3 1 2 1 14 2 1 1 4 |1 1 1 1 10 1 8 6 4 1 1 1 1 1 3 16 |2 1 1 15 8 1 15 13 6 1 1 7 1 1 2 1 |1 3 1 5 3 1 1 1 1 2 14 1 7 2 13 1 |1 1 1 22 7 1 2 7 1 17 15 1 1 1 12 14 |1 4 5 6 1 1 1 8 2 1 1 1 5 1 16 17 |
12335: 1 1 13 1 2 1 1 1 5 1 1 3 1 1 1 15 |1 1 1 1 1 1 1 1 9 1 1 3 15 1 3 1 |1 1 6 1 1 1 1 11 2 1 1 1 1 4 1 1 |1 1 14 1 1 1 1 11 4 1 2 1 1 3 6 1 |1 1 1 1 1 8 1 1 1 4 1 3 11 2 2 1 |1 4 1 1 1 3 1 1 1 1 1 1 2 1 2 2 |3 1 1 1 1 1 4 3 1 2 1 14 2 1 1 4 |1 1 1 1 10 1 8 6 4 1 1 1 1 1 3 16 |2 1 1 15 8 1 15 13 6 1 1 7 1 1 2 1 |1 3 1 5 3 1 1 1 1 2 14 1 7 2 13 1 |1 1 1 22 7 1 2 7 1 17 15 1 1 1 12 14 |1 4 5 6 1 1 1 8 2 1 1 1 5 1 16 17 |
12346: 1 1 13 1 2 1 1 1 5 1 1 3 1 1 1 15 |1 1 1 1 1 1 1 1 9 1 1 3 15 1 3 1 |1 1 6 1 1 1 1 11 2 1 1 1 1 4 1 1 |1 1 14 1 1 1 1 11 4 1 2 1 1 3 6 1 |1 1 1 1 1 8 1 1 1 4 1 3 11 2 2 1 |1 4 1 1 1 3 1 1 1 1 1 1 2 1 2 2 |3 1 1 1 1 1 4 3 1 2 1 14 2 1 1 4 |1 1 1 1 10 1 8 6 4 1 1 1 1 1 3 16 |2 1 1 15 8 1 15 13 6 1 1 7 1 1 2 1 |1 3 1 5 3 1 1 1 1 2 14 1 7 2 13 1 |1 1 1 22 7 1 2 7 1 17 15 1 1 1 12 14 |1 4 5 6 1 1 1 8 2 1 1 1 5 1 16 17 |
12357: 1 1 13 1 2 1 1 1 5 1 1 3 1 1 1 15 |1 1 1 1 1 1 1 1 9 1 1 3 15 1 3 1 |1 1 6 1 1 1 1 11 2 1 1 1 1 4 1 1 |1 1 14 1 1 1 1 11 4 1 2 1 1 3 6 1 |1 1 1 1 1 8 1 1 1 4 1 3 11 2 2 1 |1 4 1 1 1 3 1 1 1 1 1 1 2 1 2 2 |3 1 1 1 1 1 4 3 1 2 1 14 2 1 1 4 |1 1 1 1 10 1 8 6 4 1 1 1 1 1 3 16 |2 1 1 15 8 1 15 13 6 1 1 7 1 1 2 1 |1 3 1 5 3 1 1 1 1 2 14 1 7 2 13 1 |1 1 1 22 7 1 2 7 1 17 15 1 1 1 12 14 |1 4 5 6 1 1 1 8 2 1 1 1 5 1 16 17 |
12368: 1 1 13 1 2 1 1 1 5 1 1 3 1 1 1 15 |1 1 1 1 1 1 1 1 9 1 1 3 15 1 3 1 |1 1 6 1 1 1 1 11 2 1 1 1 1 4 1 1 |1 1 14 1 1 1 1 11 4 1 2 1 1 3 6 1 |1 1 1 1 1 8 1 1 1 4 1 3 11 2 2 1 |1 4 1 1 1 3 1 1 1 1 1 1 2 1 2 2 |3 1 1 1 1 1 4 3 1 2 1 14 2 1 1 4 |1 1 1 1 10 1 8 6 4 1 1 1 1 1 3 16 |2 1 1 15 8 1 15 13 6 1 1 7 1 1 2 1 |1 3 1 5 3 1 1 1 1 2 14 1 7 2 13 1 |1 1 1 22 7 1 2 7 1 17 15 1 1 1 12 14 |1 4 5 6 1 1 1 8 2 1 1 1 5 1 16 17 |
12379: 1 1 13 1 2 1 1 1 5 1 1 3 1 1 1 15 |1 1 1 1 1 1 1 1 9 1 1 3 15 1 3 1 |1 1 6 1 1 1 1 11 2 1 1 1 1 4 1 1 |1 1 14 1 1 1 1 11 4 1 2 1 1 3 6 1 |1 1 1 1 1 8 1 1 1 4 1 3 11 2 2 1 |1 4 1 1 1 3 1 1 1 1 1 1 2 1 2 2 |3 1 1 1 1 1 4 3 1 2 1 14 2 1 1 4 |1 1 1 1 10 1 8 6 4 1 1 1 1 1 3 16 |2 1 1 15 8 1 15 13 6 1 1 7 1 1 2 1 |1 3 1 5 3 1 1 1 1 2 14 1 7 2 13 1 |1 1 1 22 7 1 2 7 1 17 15 1 1 1 12 14 |1 4 5 6 1 1 1 8 2 1 1 1 5 1 16 17 |
12390: 1 1 13 1 2 1 1 1 5 1 1 3 1 1 1 15 |1 1 1 1 1 1 1 1 9 1 1 3 15 1 3 1 |1 1 6 1 1 1 1 11 2 1 1 1 1 4 1 1 |1 1 14 1 1 1 1 11 4 1 2 1 1 3 6 1 |1 1 1 1 1 8 1 1 1 4 1 3 11 2 2 1 |1 4 1 1 1 3 1 1 1 1 1 1 2 1 2 2 |3 1 1 1 1 1 4 3 1 2 1 14 2 1 1 4 |1 1 1 1 10 1 8 6 4 1 1 1 1 1 3 16 |2 1 1 15 8 1 15 13 6 1 1 7 1 1 2 1 |1 3 1 5 3 1 1 1 1 2 14 1 7 2 13 1 |1 1 1 22 7 1 2 7 1 17 15 1 1 1 12 14 |1 4 5 6 1 1 1 8 2 1 1 1 5 1 16 17 |
12401: 1 1 13 1 2 1 1 1 5 1 1 3 1 1 1 15 |1 1 1 1 1 1 1 1 9 1 1 3 15 1 3 1 |1 1 6 1 1 1 1 11 2 1 1 1 1 4 1 1 |1 1 14 1 1 1 1 11 4 1 2 1 1 3 6 1 |1 1 1 1 1 8 1 1 1 4 1 3 11 2 2 1 |1 4 1 1 1 3 1 1 1 1 1 1 2 1 2 2 |3 1 1 1 1 1 4 3 1 2 1 14 2 1 1 4 |1 1 1 1 10 1 8 6 4 1 1 1 1 1 3 16 |2 1 1 15 8 1 15 13 6 1 1 7 1 1 2 1 |1 3 1 5 3 1 1 1 1 2 14 1 7 2 13 1 |1 1 1 22 7 1 2 7 1 17 15 1 1 1 12 14 |1 4 5 6 1 1 1 8 2 1 1 1 5 1 16 17 |
12411: 1 1 13 1 2 1 1 1 5 1 1 3 1 1 1 15 |1 1 1 1 1 1 1 1 9 1 1 3 15 1 3 1 |1 1 6 1 1 1 1 11 2 1 1 1 1 4 1 1 |1 1 14 1 1 1 1 11 4 1 2 1 1 3 6 1 |1 1 1 1 1 8 1 1 1 4 1 3 11 2 2 1 |1 4 1 1 1 3 1 1 1 1 1 1 2 1 2 2 |3 1 1 1 1 1 4 3 1 2 1 14 2 1 1 4 |1 1 1 1 10 1 8 6 4 1 1 1 1 1 3 16 |2 1 1 15 8 1 15 13 6 1 1 7 1 1 2 1 |1 3 1 5 3 1 1 1 1 2 14 1 7 2 13 1 |1 1 1 22 7 1 2 7 1 17 15 1 1 1 12 14 |1 4 5 6 1 1 1 8 2 1 1 1 5 1 16 17 |
12421: 1 1 13 1 2 1 1 1 5 1 1 3 1 1 1 15 |1 1 1 1 1 1 1 1 9 1 1 3 15 1 3 1 |1 1 6 1 1 1 1 11 2 1 1 1 1 4 1 1 |1 1 14 1 1 1 1 11 4 1 2 1 1 3 6 1 |1 1 1 1 1 8 1 1 1 4 1 3 11 2 2 1 |1 4 1 1 1 3 1 1 1 1 1 1 2 1 2 2 |3 1 1 1 1 1 4 3 1 2 1 14 2 1 1 4 |1 1 1 1 10 1 8 6 4 1 1 1 1 1 3 16 |2 1 1 15 8 1 15 13 6 1 1 7 1 1 2 1 |1 3 1 5 3 1 1 1 1 2 14 1 7 2 13 1 |1 1 1 22 7 1 2 7 1 17 15 1 1 1 12 14 |1 4 5 6 1 1 1 8 2 1 1 1 5 1 16 17 |
12432: 1 1 13 1 2 1 1 1 5 1 1 3 1 1 1 15 |1 1 1 1 1 1 1 1 9 1 1 3 15 1 3 1 |1 1 6 1 1 1 1 11 2 1 1 1 1 4 1 1 |1 1 14 1 1 1 1 11 4 1 2 1 1 3 6 1 |1 1 1 1 1 8 1 1 1 4 1 3 11 2 2 1 |1 4 1 1 1 3 1 1 1 1 1 1 2 1 2 2 |3 1 1 1 1 1 4 3 1 2 1 14 2 1 1 4 |1 1 1 1 10 1 8 6 4 1 1 1 1 1 3 16 |2 1 1 15 8 1 15 13 6 1 1 7 1 1 2 1 |1 3 1 5 3 1 1 1 1 2 14 1 7 2 13 1 |1 1 1 22 7 1 2 7 1 17 15 1 1 1 12 14 |1 4 5 6 1 1 1 8 2 1 1 1 5 1 16 17 |
12443: 1 1 13 1 2 1 1 1 5 1 1 3 1 1 1 15 |1 1 1 1 1 1 1 1 9 1 1 3 15 1 3 1 |1 1 6 1 1 1 1 11 2 1 1 1 1 4 1 1 |1 1 14 1 1 1 1 11 4 1 2 1 1 3 6 1 |1 1 1 1 1 8 1 1 1 4 1 3 11 2 2 1 |1 4 1 1 1 3 1 1 1 1 1 1 2 1 2 2 |3 1 1 1 1 1 4 3 1 2 1 14 2 1 1 4 |1 1 1 1 10 1 8 6 4 1 1 1 1 1 3 16 |2 1 1 15 8 1 15 13 6 1 1 7 1 1 2 1 |1 3 1 5 3 1 1 1 1 2 14 1 7 2 13 1 |1 1 1 22 7 1 2 7 1 17 15 1 1 1 12 14 |1 4 5 6 1 1 1 8 2 1 1 1 5 1 16 17 |
12454: 1 1 13 1 2 1 1 1 5 1 1 3 1 1 1 15 |1 1 1 1 1 1 1 1 9 1 1 3 15 1 3 1 |1 1 6 1 1 1 1 11 2 1 1 1 1 4 1 1 |1 1 14 1 1 1 1 11 4 1 2 1 1 3 6 1 |1 1 1 1 1 8 1 1 1 4 1 3 11 2 2 1 |1 4 1 1 1 3 1 1 1 1 1 1 2 1 2 2 |3 1 1 1 1 1 4 3 1 2 1 14 2 1 1 4 |1 1 1 1 10 1 8 6 4 1 1 1 1 1 3 16 |2 1 1 15 8 1 15 13 6 1 1 7 1 1 2 1 |1 3 1 5 3 1 1 1 1 2 14 1 7 2 13 1 |1 1 1 22 7 1 2 7 1 17 15 1 1 1 12 14 |1 4 5 6 1 1 1 8 2 1 1 1 5 1 16 17 |
12465: 1 1 13 1 2 1 1 1 5 1 1 3 1 1 1 15 |1 1 1 1 1 1 1 1 9 1 1 3 15 1 3 1 |1 1 6 1 1 1 1 11 2 1 1 1 1 4 1 1 |1 1 14 1 1 1 1 11 4 1 2 1 1 3 6 1 |1 1 1 1 1 8 1 1 1 4 1 3 11 2 2 1 |1 4 1 1 1 3 1 1 1 1 1 1 2 1 2 2 |3 1 1 1 1 1 4 3 1 2 1 14 2 1 1 4 |1 1 1 1 10 1 8 6 4 1 1 1 1 1 3 16 |2 1 1 15 8 1 15 13 6 1 1 7 1 1 2 1 |1 3 1 5 3 1 1 1 1 2 14 1 7 2 13 1 |1 1 1 22 7 1 2 7 1 17 15 1 1 1 12 14 |1 4 5 6 1 1 1 8 2 1 1 1 5 1 16 17 |
12475: 1 1 13 1 2 1 1 1 5 1 1 3 1 1 1 15 |1 1 1 1 1 1 1 1 9 1 1 3 15 1 3 1 |1 1 6 1 1 1 1 11 2 1 1 1 1 4 1 1 |1 1 14 1 1 1 1 11 4 1 2 1 1 3 6 1 |1 1 1 1 1 8 1 1 1 4 1 3 11 2 2 1 |2 10 1 1 1 3 1 1 1 1 1 1 2 1 1 14 |3 1 1 1 1 1 4 3 1 2 1 14 2 1 1 4 |1 1 1 1 10 1 8 6 4 1 1 1 1 1 3 16 |2 1 1 15 8 1 15 13 6 1 1 7 1 1 2 1 |1 3 1 5 3 1 1 1 1 2 14 1 7 2 13 1 |1 1 1 22 7 1 2 7 1 17 15 1 1 1 12 14 |1 4 5 6 1 1 1 8 2 1 1 1 5 1 16 17 |
12486: 1 1 13 1 2 1 1 1 5 1 1 3 1 1 1 15 |1 1 1 1 1 1 1 1 9 1 1 3 15 1 3 1 |1 1 6 1 1 1 1 11 2 1 1 1 1 4 1 1 |1 1 14 1 1 1 1 11 4 1 2 1 1 3 6 1 |1 1 1 1 1 8 1 1 1 4 1 3 11 2 2 1 |2 10 1 1 1 3 1 1 1 1 1 1 2 1 1 14 |3 1 1 1 1 1 4 3 1 2 1 14 2 1 1 4 |1 1 1 1 10 1 8 6 4 1 1 1 1 1 3 16 |2 1 1 15 8 1 15 13 6 1 1 7 1 1 2 1 |1 3 1 5 3 1 1 1 1 2 14 1 7 2 13 1 |1 1 1 22 7 1 2 7 1 17 15 1 1 1 12 14 |1 2 5 5 1 1 5 4 12 1 1 2 4 1 17 18 |
12496: 1 1 13 1 2 1 1 1 5 1 1 3 1 1 1 15 |1 1 1 1 1 1 1 1 9 1 1 3 15 1 3 1 |1 1 6 1 1 1 1 11 2 1 1 1 1 4 1 1 |1 1 14 1 1 1 1 11 4 1 2 1 1 3 6 1 |1 1 1 1 1 8 1 1 1 4 1 3 11 2 2 1 |2 10 1 1 1 3 1 1 1 1 1 1 2 1 1 14 |3 1 1 1 1 1 4 3 1 2 1 14 2 1 1 4 |1 1 1 1 10 1 8 6 4 1 1 1 1 1 3 16 |2 1 1 15 8 1 15 13 6 1 1 7 1 1 2 1 |1 3 1 5 3 1 1 1 1 2 14 1 7 2 13 1 |1 1 1 22 7 1 2 7 1 17 15 1 1 1 12 14 |1 2 5 5 1 1 5 4 12 1 1 2 4 1 17 18 |
12507: 1 1 13 1 2 1 1 1 5 1 1 3 1 1 1 15 |1 1 1 1 1 1 1 1 9 1 1 3 15 1 3 1 |1 1 6 1 1 1 1 11 2 1 1 1 1 4 1 1 |1 2 3 2 8 1 3 8 13 4 1 1 1 4 1 1 |1 1 1 1 1 8 1 1 1 4 1 3 11 2 2 1 |2 10 1 1 1 3 1 1 1 1 1 1 2 1 1 14 |3 1 1 1 1 1 4 3 1 2 1 14 2 1 1 4 |1 1 1 1 10 1 8 6 4 1 1 1 1 1 3 16 |2 1 1 15 8 1 15 13 6 1 1 7 1 1 2 1 |1 3 1 5 3 1 1 1 1 2 14 1 7 2 13 1 |1 1 1 22 7 1 2 7 1 17 15 1 1 1 12 14 |1 2 5 5 1 1 5 4 12 1 1 2 4 1 17 18 |
12517: 1 1 13 1 2 1 1 1 5 1 1 3 1 1 1 15 |1 1 1 1 1 1 1 1 9 1 1 3 15 1 3 1 |1 1 6 1 1 1 1 11 2 1 1 1 1 4 1 1 |1 2 3 2 8 1 3 8 13 4 1 1 1 4 1 1 |1 7 1 1 1 5 1 1 2 3 1 2 4 1 1 1 |2 10 1 1 1 3 1 1 1 1 1 1 2 1 1 14 |3 1 1 1 1 1 4 3 1 2 1 14 2 1 1 4 |1 1 1 1 10 1 8 6 4 1 1 1 1 1 3 16 |2 1 1 15 8 1 15 13 6 1 1 7 1 1 2 1 |1 3 1 5 3 1 1 1 1 2 14 1 7 2 13 1 |1 1 1 22 7 1 2 7 1 17 15 1 1 1 12 14 |1 2 5 5 1 1 5 4 12 1 1 2 4 1 17 18 |
12528: 1 1 13 1 2 1 1 1 5 1 1 3 1 1 1 15 |1 1 1 1 1 1 1 1 9 1 1 3 15 1 3 1 |1 1 6 1 1 1 1 11 2 1 1 1 1 4 1 1 |1 2 3 2 8 1 3 8 13 4 1 1 1 4 1 1 |1 7 1 1 1 5 1 1 2 3 1 2 4 1 1 1 |2 10 1 1 1 3 1 1 1 1 1 1 2 1 1 14 |3 1 1 1 1 1 4 3 1 2 1 14 2 1 1 4 |1 1 1 1 10 1 8 6 4 1 1 1 1 1 3 16 |2 1 1 15 8 1 15 13 6 1 1 7 1 1 2 1 |1 3 1 5 3 1 1 1 1 2 14 1 7 2 13 1 |1 1 1 22 7 1 2 7 1 17 15 1 1 1 12 14 |1 2 5 5 1 1 5 4 12 1 1 2 4 1 17 18 |
12540: 1 1 13 1 2 1 1 1 5 1 1 3 1 1 1 15 |1 1 1 1 1 1 1 1 9 1 1 3 15 1 3 1 |1 1 6 1 1 1 1 11 2 1 1 1 1 4 1 1 |1 2 3 2 8 1 3 8 13 4 1 1 1 4 1 1 |1 7 1 1 1 5 1 1 2 3 1 2 4 1 1 1 |2 10 1 1 1 3 1 1 1 1 1 1 2 1 1 14 |3 1 1 1 1 1 4 3 1 2 1 14 2 1 1 4 |1 1 1 1 10 1 8 6 4 1 1 1 1 1 3 16 |2 1 1 15 8 1 15 13 6 1 1 7 1 1 2 1 |1 3 1 5 3 1 1 1 1 2 14 1 7 2 13 1 |1 1 1 22 7 1 2 7 1 17 15 1 1 1 12 14 |1 2 5 5 1 1 5 4 12 1 1 2 4 1 17 18 |
12550: 1 1 13 1 2 1 1 1 5 1 1 3 1 1 1 15 |1 1 1 1 1 1 1 1 9 1 1 3 15 1 3 1 |1 1 6 1 1 1 1 11 2 1 1 1 1 4 1 1 |1 2 3 2 8 1 3 8 13 4 1 1 1 4 1 1 |1 7 1 1 1 5 1 1 2 3 1 2 4 1 1 1 |2 10 1 1 1 3 1 1 1 1 1 1 2 1 1 14 |3 1 1 1 1 1 4 3 1 2 1 14 2 1 1 4 |1 1 1 1 10 1 8 6 4 1 1 1 1 1 3 16 |2 1 1 15 8 1 15 13 6 1 1 7 1 1 2 1 |1 2 10 2 2 1 1 2 1 2 14 1 7 2 2 1 |1 1 1 22 7 1 2 7 1 17 15 1 1 1 12 14 |1 2 5 5 1 1 5 4 12 1 1 2 4 1 17 18 |
12560: 1 1 13 1 2 1 1 1 5 1 1 3 1 1 1 15 |1 1 1 1 1 1 1 1 9 1 1 3 15 1 3 1 |1 1 6 1 1 1 1 11 2 1 1 1 1 4 1 1 |1 2 3 2 8 1 3 8 13 4 1 1 1 4 1 1 |1 7 1 1 1 5 1 1 2 3 1 2 4 1 1 1 |2 10 1 1 1 3 1 1 1 1 1 1 2 1 1 14 |3 1 1 1 1 1 4 3 1 2 1 14 2 1 1 4 |1 1 1 1 10 1 8 6 4 1 1 1 1 1 3 16 |2 1 1 15 8 1 15 13 6 1 1 7 1 1 2 1 |1 2 10 2 2 1 1 2 1 2 14 1 7 2 2 1 |1 1 1 22 7 1 2 7 1 17 15 1 1 1 12 14 |1 2 5 5 1 1 5 4 12 1 1 2 4 1 17 18 |
12571: 1 1 13 1 1 1 1 1 5 1 1 3 4 1 9 12 |1 1 1 1 1 1 1 1 9 1 1 3 15 1 3 1 |1 1 6 1 1 1 1 11 2 1 1 1 1 4 1 1 |1 2 3 2 8 1 3 8 13 4 1 1 1 4 1 1 |1 7 1 1 1 5 1 1 2 3 1 2 4 1 1 1 |2 10 1 1 1 3 1 1 1 1 1 1 2 1 1 14 |3 1 1 1 1 1 4 3 1 2 1 14 2 1 1 4 |1 1 1 1 10 1 8 6 4 1 1 1 1 1 3 16 |2 1 1 15 8 1 15 13 6 1 1 7 1 1 2 1 |1 2 10 2 2 1 1 2 1 2 14 1 7 2 2 1 |1 1 1 22 7 1 2 7 1 17 15 1 1 1 12 14 |1 2 5 5 1 1 5 4 12 1 1 2 4 1 17 18 |
12581: 1 1 13 1 1 1 1 1 5 1 1 3 4 1 9 12 |1 1 1 1 1 1 1 1 9 1 1 3 15 1 3 1 |1 1 6 1 1 1 1 11 2 1 1 1 1 4 1 1 |1 2 3 2 8 1 3 8 13 4 1 1 1 4 1 1 |1 7 1 1 1 5 1 1 2 3 1 2 4 1 1 1 |2 10 1 1 1 3 1 1 1 1 1 1 2 1 1 14 |3 1 1 1 1 1 4 3 1 2 1 14 2 1 1 4 |1 8 1 1 12 1 8 7 11 1 1 1 1 1 4 16 |2 1 1 15 8 1 15 13 6 1 1 7 1 1 2 1 |1 2 10 2 2 1 1 2 1 2 14 1 7 2 2 1 |1 1 1 22 7 1 2 7 1 17 15 1 1 1 12 14 |1 2 5 5 1 1 5 4 12 1 1 2 4 1 17 18 |
12591: 1 1 13 1 1 1 1 1 5 1 1 3 4 1 9 12 |1 1 1 1 1 1 1 1 9 1 1 3 15 1 3 1 |1 1 6 1 1 1 1 11 2 1 1 1 1 4 1 1 |1 2 3 2 8 1 3 8 13 4 1 1 1 4 1 1 |1 7 1 1 1 5 1 1 2 3 1 2 4 1 1 1 |2 10 1 1 1 3 1 1 1 1 1 1 2 1 1 14 |3 1 1 1 1 1 4 3 1 2 1 14 2 1 1 4 |1 8 1 1 12 1 8 7 11 1 1 1 1 1 4 16 |2 1 1 15 8 1 15 13 6 1 1 7 1 1 2 1 |1 2 10 2 2 1 1 2 1 2 14 1 7 2 2 1 |1 1 1 22 7 1 2 7 1 17 15 1 1 1 12 14 |1 2 5 5 1 1 5 4 12 1 1 2 4 1 17 18 |
12602: 1 1 13 1 1 1 1 1 5 1 1 3 4 1 9 12 |1 1 1 1 1 1 1 1 9 1 1 3 15 1 3 1 |1 1 6 1 1 1 1 11 2 1 1 1 1 4 1 1 |1 2 3 2 8 1 3 8 13 4 1 1 1 4 1 1 |1 7 1 1 1 5 1 1 2 3 1 2 4 1 1 1 |2 10 1 1 1 3 1 1 1 1 1 1 2 1 1 14 |3 1 1 1 1 1 4 3 1 2 1 14 2 1 1 4 |1 8 1 1 12 1 8 7 11 1 1 1 1 1 4 16 |2 1 1 15 8 1 15 13 6 1 1 7 1 1 2 1 |1 2 10 2 2 1 1 2 1 2 14 1 7 2 2 1 |1 1 1 22 7 1 2 7 1 17 15 1 1 1 12 14 |1 2 5 5 1 1 5 4 12 1 1 2 4 1 17 18 |
12612: 1 1 13 1 1 1 1 1 5 1 1 3 4 1 9 12 |1 1 1 1 1 1 1 1 9 1 1 3 15 1 3 1 |1 1 6 1 1 1 1 11 2 1 1 1 1 4 1 1 |1 2 3 2 8 1 3 8 13 4 1 1 1 4 1 1 |1 7 1 1 1 5 1 1 2 3 1 2 4 1 1 1 |2 10 1 1 1 3 1 1 1 1 1 1 2 1 1 14 |3 1 1 1 1 1 4 3 1 2 1 14 2 1 1 4 |1 8 1 1 12 1 8 7 11 1 1 1 1 1 4 16 |2 1 1 15 8 1 15 13 6 1 1 7 1 1 2 1 |1 2 10 2 2 1 1 2 1 2 14 1 7 2 2 1 |1 1 1 22 7 1 2 7 1 17 15 1 1 1 12 14 |1 2 5 5 1 1 5 4 12 1 1 2 4 1 17 18 |
12623: 1 1 13 1 1 1 1 1 5 1 1 3 4 1 9 12 |1 1 1 1 1 1 1 1 9 1 1 3 15 1 3 1 |1 1 6 1 1 1 1 11 2 1 1 1 1 4 1 1 |1 2 3 2 8 1 3 8 13 4 1 1 1 4 1 1 |1 7 1 1 1 5 1 1 2 3 1 2 4 1 1 1 |2 10 1 1 1 3 1 1 1 1 1 1 2 1 1 14 |3 1 1 1 1 1 4 3 1 2 1 14 2 1 1 4 |1 8 1 1 12 1 8 7 11 1 1 1 1 1 4 16 |2 1 1 15 8 1 15 13 6 1 1 7 1 1 2 1 |1 2 10 2 2 1 1 2 1 2 14 1 7 2 2 1 |1 1 1 22 7 1 2 7 1 17 15 1 1 1 12 14 |1 2 5 5 1 1 5 4 12 1 1 2 4 1 17 18 |
12633: 1 1 13 1 1 1 1 1 5 1 1 3 4 1 9 12 |1 1 1 1 1 1 1 1 9 1 1 3 15 1 3 1 |1 1 6 1 1 1 1 11 2 1 1 1 1 4 1 1 |1 2 3 2 8 1 3 8 13 4 1 1 1 4 1 1 |1 7 1 1 1 5 1 1 2 3 1 2 4 1 1 1 |2 10 1 1 1 3 1 1 1 1 1 1 2 1 1 14 |3 1 1 1 1 1 4 3 1 2 1 14 2 1 1 4 |1 8 1 1 12 1 8 7 11 1 1 1 1 1 4 16 |2 1 1 15 8 1 15 13 6 1 1 7 1 1 2 1 |1 2 10 2 2 1 1 2 1 2 14 1 7 2 2 1 |1 1 1 22 7 1 2 7 1 17 15 1 1 1 12 14 |1 2 5 5 1 1 5 4 12 1 1 2 4 1 17 18 |
12644: 1 1 13 1 1 1 1 1 5 1 1 3 4 1 9 12 |1 1 1 1 1 1 1 1 9 1 1 3 15 1 3 1 |1 1 6 1 1 1 1 11 2 1 1 1 1 4 1 1 |1 2 3 2 8 1 3 8 13 4 1 1 1 4 1 1 |1 7 1 1 1 5 1 1 2 3 1 2 4 1 1 1 |2 10 1 1 1 3 1 1 1 1 1 1 2 1 1 14 |3 1 1 1 1 1 4 3 1 2 1 14 2 1 1 4 |1 8 1 1 12 1 8 7 11 1 1 1 1 1 4 16 |2 1 1 15 8 1 15 13 6 1 1 7 1 1 2 1 |1 2 10 2 2 1 1 2 1 2 14 1 7 2 2 1 |1 1 1 22 7 1 2 7 1 17 15 1 1 1 12 14 |1 2 5 5 1 1 5 4 12 1 1 2 4 1 17 18 |
12654: 1 1 13 1 1 1 1 1 5 1 1 3 4 1 9 12 |1 1 1 1 1 1 1 1 9 1 1 3 15 1 3 1 |1 1 6 1 1 1 1 11 2 1 1 1 1 4 1 1 |1 2 3 2 8 1 3 8 13 4 1 1 1 4 1 1 |1 7 1 1 1 5 1 1 2 3 1 2 4 1 1 1 |2 10 1 1 1 3 1 1 1 1 1 1 2 1 1 14 |3 1 1 1 1 1 4 3 1 2 1 14 2 1 1 4 |1 8 1 1 12 1 8 7 11 1 1 1 1 1 4 16 |2 1 1 15 8 1 15 13 6 1 1 7 1 1 2 1 |1 2 10 2 2 1 1 2 1 2 14 1 7 2 2 1 |1 1 1 22 7 1 2 7 1 17 15 1 1 1 12 14 |1 2 5 5 1 1 5 4 12 1 1 2 4 1 17 18 |
12665: 1 1 13 1 1 1 1 1 5 1 1 3 4 1 9 12 |1 1 1 1 1 1 1 1 9 1 1 3 15 1 3 1 |1 1 6 1 1 1 1 11 2 1 1 1 1 4 1 1 |1 2 3 2 8 1 3 8 13 4 1 1 1 4 1 1 |1 7 1 1 1 5 1 1 2 3 1 2 4 1 1 1 |2 10 1 1 1 3 1 1 1 1 1 1 2 1 1 14 |3 1 1 1 1 1 4 3 1 2 1 14 2 1 1 4 |1 8 1 1 12 1 8 7 11 1 1 1 1 1 4 16 |2 1 1 15 8 1 15 13 6 1 1 7 1 1 2 1 |1 2 10 2 2 1 1 2 1 2 14 1 7 2 2 1 |1 1 1 22 7 1 2 7 1 17 15 1 1 1 12 14 |1 2 5 5 1 1 5 4 12 1 1 2 4 1 17 18 |
12675: 1 1 13 1 1 1 1 1 5 1 1 3 4 1 9 12 |1 1 1 1 1 1 1 1 9 1 1 3 15 1 3 1 |1 1 1 1 9 3 1 1 1 1 1 5 1 4 1 1 |1 2 3 2 8 1 3 8 13 4 1 1 1 4 1 1 |1 7 1 1 1 5 1 1 2 3 1 2 4 1 1 1 |2 10 1 1 1 3 1 1 1 1 1 1 2 1 1 14 |3 1 1 1 1 1 4 3 1 2 1 14 2 1 1 4 |1 8 1 1 12 1 8 7 11 1 1 1 1 1 4 16 |2 1 1 15 8 1 15 13 6 1 1 7 1 1 2 1 |1 2 10 2 2 1 1 2 1 2 14 1 7 2 2 1 |1 1 1 22 7 1 2 7 1 17 15 1 1 1 12 14 |1 2 5 5 1 1 5 4 12 1 1 2 4 1 17 18 |
12685: 1 1 13 1 1 1 1 1 5 1 1 3 4 1 9 12 |1 1 1 1 1 1 1 1 9 1 1 3 15 1 3 1 |1 1 1 1 9 3 1 1 1 1 1 5 1 4 1 1 |1 2 3 2 8 1 3 8 13 4 1 1 1 4 1 1 |1 7 1 1 1 5 1 1 2 3 1 2 4 1 1 1 |2 10 1 1 1 3 1 1 1 1 1 1 2 1 1 14 |3 1 1 1 1 1 4 3 1 2 1 14 2 1 1 4 |1 8 1 1 12 1 8 7 11 1 1 1 1 1 4 16 |2 1 1 15 8 1 15 13 6 1 1 7 1 1 2 1 |1 2 10 2 2 1 1 2 1 2 14 1 7 2 2 1 |1 1 1 22 7 1 2 7 1 17 15 1 1 1 12 14 |1 1 1 5 1 7 7 3 15 1 1 2 5 1 3 17 |
12696: 1 1 13 1 1 1 1 1 5 1 1 3 4 1 9 12 |1 1 1 1 1 1 1 1 9 1 1 3 15 1 3 1 |1 1 1 1 9 3 1 1 1 1 1 5 1 4 1 1 |1 2 3 2 8 1 3 8 13 4 1 1 1 4 1 1 |1 7 1 1 1 5 1 1 2 3 1 2 4 1 1 1 |2 10 1 1 1 3 1 1 1 1 1 1 2 1 1 14 |3 1 1 1 1 1 4 3 1 2 1 14 2 1 1 4 |1 8 1 1 12 1 8 7 11 1 1 1 1 1 4 16 |2 1 1 15 8 1 15 13 6 1 1 7 1 1 2 1 |1 2 10 2 2 1 1 2 1 2 14 1 7 2 2 1 |1 1 1 22 7 1 2 7 1 17 15 1 1 1 12 14 |1 1 1 5 1 7 7 3 15 1 1 2 5 1 3 17 |
12706: 1 8 5 1 1 1 1 1 5 1 1 3 6 1 1 1 |1 1 1 1 1 1 1 1 9 1 1 3 15 1 3 1 |1 1 1 1 9 3 1 1 1 1 1 5 1 4 1 1 |1 2 3 2 8 1 3 8 13 4 1 1 1 4 1 1 |1 7 1 1 1 5 1 1 2 3 1 2 4 1 1 1 |2 10 1 1 1 3 1 1 1 1 1 1 2 1 1 14 |3 1 1 1 1 1 4 3 1 2 1 14 2 1 1 4 |1 8 1 1 12 1 8 7 11 1 1 1 1 1 4 16 |2 1 1 15 8 1 15 13 6 1 1 7 1 1 2 1 |1 2 10 2 2 1 1 2 1 2 14 1 7 2 2 1 |1 1 1 22 7 1 2 7 1 17 15 1 1 1 12 14 |1 1 1 5 1 7 7 3 15 1 1 2 5 1 3 17 |
12716: 1 8 5 1 1 1 1 1 5 1 1 3 6 1 1 1 |1 1 1 1 1 1 1 1 9 1 1 3 15 1 3 1 |1 1 1 1 9 3 1 1 1 1 1 5 1 4 1 1 |1 2 3 2 8 1 3 8 13 4 1 1 1 4 1 1 |1 7 1 1 1 5 1 1 2 3 1 2 4 1 1 1 |2 10 1 1 1 3 1 1 1 1 1 1 2 1 1 14 |3 1 1 1 1 1 4 3 1 2 1 14 2 1 1 4 |1 12 1 10 5 1 8 8 7 1 1 1 1 1 3 16 |2 1 1 15 8 1 15 13 6 1 1 7 1 1 2 1 |1 2 10 2 2 1 1 2 1 2 14 1 7 2 2 1 |1 1 1 22 7 1 2 7 1 17 15 1 1 1 12 14 |1 1 1 5 1 7 7 3 15 1 1 2 5 1 3 17 |
12726: 1 8 5 1 1 1 1 1 5 1 1 3 6 1 1 1 |1 1 1 1 1 1 1 1 9 1 1 3 15 1 3 1 |1 1 1 1 9 3 1 1 1 1 1 5 1 4 1 1 |1 2 3 2 8 1 3 8 13 4 1 1 1 4 1 1 |1 7 1 1 1 5 1 1 2 3 1 2 4 1 1 1 |2 10 1 1 1 3 1 1 1 1 1 1 2 1 1 14 |3 1 1 1 1 1 4 3 1 2 1 14 2 1 1 4 |1 12 1 10 5 1 8 8 7 1 1 1 1 1 3 16 |2 1 1 15 8 1 15 13 6 1 1 7 1 1 2 1 |1 2 10 2 2 1 1 2 1 2 14 1 7 2 2 1 |1 1 1 22 7 1 2 7 1 17 15 1 1 1 12 14 |1 1 1 5 1 7 7 3 15 1 1 2 5 1 3 17 |
12737: 1 8 5 1 1 1 1 1 5 1 1 3 6 1 1 1 |1 1 1 1 1 1 1 1 9 1 1 3 15 1 3 1 |1 1 1 1 9 3 1 1 1 1 1 5 1 4 1 1 |1 2 3 2 8 1 3 8 13 4 1 1 1 4 1 1 |1 7 1 1 1 5 1 1 2 3 1 2 4 1 1 1 |2 10 1 1 1 3 1 1 1 1 1 1 2 1 1 14 |3 1 1 1 1 1 4 3 1 2 1 14 2 1 1 4 |1 12 1 10 5 1 8 8 7 1 1 1 1 1 3 16 |2 1 1 15 8 1 15 13 6 1 1 7 1 1 2 1 |1 2 10 2 2 1 1 2 1 2 14 1 7 2 2 1 |1 1 1 22 7 1 2 7 1 17 15 1 1 1 12 14 |1 1 1 5 1 7 7 3 15 1 1 2 5 1 3 17 |
12748: 1 8 5 1 1 1 1 1 5 1 1 3 6 1 1 1 |1 1 1 1 1 1 1 1 9 1 1 3 15 1 3 1 |1 1 1 1 9 3 1 1 1 1 1 5 1 4 1 1 |1 2 3 2 8 1 3 8 13 4 1 1 1 4 1 1 |1 7 1 1 1 5 1 1 2 3 1 2 4 1 1 1 |2 10 1 1 1 3 1 1 1 1 1 1 2 1 1 14 |1 1 3 3 3 2 1 2 3 1 7 16 10 1 1 1 |1 12 1 10 5 1 8 8 7 1 1 1 1 1 3 16 |2 1 1 15 8 1 15 13 6 1 1 7 1 1 2 1 |1 2 10 2 2 1 1 2 1 2 14 1 7 2 2 1 |1 1 1 22 7 1 2 7 1 17 15 1 1 1 12 14 |1 1 1 5 1 7 7 3 15 1 1 2 5 1 3 17 |
12758: 1 8 5 1 1 1 1 1 5 1 1 3 6 1 1 1 |1 1 1 1 1 1 1 1 9 1 1 3 15 1 3 1 |1 1 1 1 9 3 1 1 1 1 1 5 1 4 1 1 |1 2 3 2 8 1 3 8 13 4 1 1 1 4 1 1 |1 7 1 1 1 5 1 1 2 3 1 2 4 1 1 1 |2 10 1 1 1 3 1 1 1 1 1 1 2 1 1 14 |1 1 3 3 3 2 1 2 3 1 7 16 10 1 1 1 |1 12 1 10 5 1 8 8 7 1 1 1 1 1 3 16 |2 1 1 15 8 1 15 13 6 1 1 7 1 1 2 1 |1 2 10 2 2 1 1 2 1 2 14 1 7 2 2 1 |1 1 1 22 7 1 2 7 1 17 15 1 1 1 12 14 |1 1 1 5 1 7 7 3 15 1 1 2 5 1 3 17 |
12769: 1 8 5 1 1 1 1 1 5 1 1 3 6 1 1 1 |1 1 1 1 1 1 1 1 9 1 1 3 15 1 3 1 |1 1 1 1 9 3 1 1 1 1 1 5 1 4 1 1 |1 2 3 2 8 1 3 8 13 4 1 1 1 4 1 1 |1 7 1 1 1 5 1 1 2 3 1 2 4 1 1 1 |2 10 1 1 1 3 1 1 1 1 1 1 2 1 1 14 |1 1 3 3 3 2 1 2 3 1 7 16 10 1 1 1 |1 12 1 10 5 1 8 8 7 1 1 1 1 1 3 16 |2 1 1 15 8 1 15 13 6 1 1 7 1 1 2 1 |1 2 10 2 2 1 1 2 1 2 14 1 7 2 2 1 |1 1 1 22 7 1 2 7 1 17 15 1 1 1 12 14 |1 1 1 5 1 7 7 3 15 1 1 2 5 1 3 17 |
12780: 1 8 5 1 1 1 1 1 5 1 1 3 6 1 1 1 |1 1 1 1 1 1 1 1 9 1 1 3 15 1 3 1 |1 1 1 1 9 3 1 1 1 1 1 5 1 4 1 1 |1 2 3 2 8 1 3 8 13 4 1 1 1 4 1 1 |1 7 1 1 1 5 1 1 2 3 1 2 4 1 1 1 |2 10 1 1 1 3 1 1 1 1 1 1 2 1 1 14 |1 1 5 4 1 1 1 2 2 1 1 16 9 1 1 1 |1 12 1 10 5 1 8 8 7 1 1 1 1 1 3 16 |2 1 1 15 8 1 15 13 6 1 1 7 1 1 2 1 |1 2 10 2 2 1 1 2 1 2 14 1 7 2 2 1 |1 1 1 22 7 1 2 7 1 17 15 1 1 1 12 14 |1 1 1 5 1 7 7 3 15 1 1 2 5 1 3 17 |
12791: 1 8 5 1 1 1 1 1 5 1 1 3 6 1 1 1 |1 1 1 1 1 1 1 1 9 1 1 3 15 1 3 1 |1 1 1 1 9 3 1 1 1 1 1 5 1 4 1 1 |1 2 3 2 8 1 3 8 13 4 1 1 1 4 1 1 |1 7 1 1 1 5 1 1 2 3 1 2 4 1 1 1 |2 10 1 1 1 3 1 1 1 1 1 1 2 1 1 14 |1 1 5 4 1 1 1 2 2 1 1 16 9 1 1 1 |1 12 1 10 5 1 8 8 7 1 1 1 1 1 3 16 |2 1 1 15 8 1 15 13 6 1 1 7 1 1 2 1 |1 2 10 2 2 1 1 2 1 2 14 1 7 2 2 1 |1 1 1 22 7 1 2 7 1 17 15 1 1 1 12 14 |1 1 1 5 1 7 7 3 15 1 1 2 5 1 3 17 |
12802: 1 8 5 1 1 1 1 1 5 1 1 3 6 1 1 1 |1 1 1 1 1 1 1 1 9 1 1 3 15 1 3 1 |1 1 1 1 9 3 1 1 1 1 1 5 1 4 1 1 |1 2 3 2 8 1 3 8 13 4 1 1 1 4 1 1 |1 7 1 1 1 5 1 1 2 3 1 2 4 1 1 1 |2 10 1 1 1 3 1 1 1 1 1 1 2 1 1 14 |1 1 5 4 1 1 1 2 2 1 1 16 9 1 1 1 |1 12 1 10 5 1 8 8 7 1 1 1 1 1 3 16 |2 1 1 15 8 1 15 13 6 1 1 7 1 1 2 1 |1 2 10 2 2 1 1 2 1 2 14 1 7 2 2 1 |1 1 1 22 7 1 2 7 1 17 15 1 1 1 12 14 |1 1 1 5 1 7 7 3 15 1 1 2 5 1 3 17 |
12813: 1 8 5 1 1 1 1 1 5 1 1 3 6 1 1 1 |1 1 1 1 1 1 1 1 9 1 1 3 15 1 3 1 |1 1 1 1 9 3 1 1 1 1 1 5 1 4 1 1 |1 2 3 2 8 1 3 8 13 4 1 1 1 4 1 1 |1 1 1 1 2 1 1 1 7 3 1 2 12 1 4 1 |2 10 1 1 1 3 1 1 1 1 1 1 2 1 1 14 |1 1 5 4 1 1 1 2 2 1 1 16 9 1 1 1 |1 12 1 10 5 1 8 8 7 1 1 1 1 1 3 16 |2 1 1 15 8 1 15 13 6 1 1 7 1 1 2 1 |1 2 10 2 2 1 1 2 1 2 14 1 7 2 2 1 |1 1 1 22 7 1 2 7 1 17 15 1 1 1 12 14 |1 1 1 5 1 7 7 3 15 1 1 2 5 1 3 17 |
12823: 1 8 5 1 1 1 1 1 5 1 1 3 6 1 1 1 |1 1 1 1 1 1 1 1 9 1 1 3 15 1 3 1 |1 1 1 1 9 3 1 1 1 1 1 5 1 4 1 1 |1 2 3 2 8 1 3 8 13 4 1 1 1 4 1 1 |1 1 1 1 2 1 1 1 7 3 1 2 12 1 4 1 |2 10 1 1 1 3 1 1 1 1 1 1 2 1 1 14 |1 1 5 4 1 1 1 2 2 1 1 16 9 1 1 1 |1 12 1 10 5 1 8 8 7 1 1 1 1 1 3 16 |2 1 1 15 8 1 15 13 6 1 1 7 1 1 2 1 |1 2 10 2 2 1 1 2 1 2 14 1 7 2 2 1 |1 1 1 22 7 1 2 7 1 17 15 1 1 1 12 14 |1 1 1 5 1 7 7 3 15 1 1 2 5 1 3 17 |
12834: 1 8 5 1 1 1 1 1 5 1 1 3 6 1 1 1 |1 1 1 1 1 1 1 1 9 1 1 3 15 1 3 1 |1 1 1 1 9 3 1 1 1 1 1 5 1 4 1 1 |1 2 3 2 8 1 3 8 13 4 1 1 1 4 1 1 |1 1 1 1 2 1 1 1 7 3 1 2 12 1 4 1 |2 10 1 1 1 3 1 1 1 1 1 1 2 1 1 14 |1 1 5 4 1 1 1 2 2 1 1 16 9 1 1 1 |1 12 1 10 5 1 8 8 7 1 1 1 1 1 3 16 |2 1 1 15 8 1 15 13 6 1 1 7 1 1 2 1 |1 2 10 2 2 1 1 2 1 2 14 1 7 2 2 1 |1 1 1 22 7 1 2 7 1 17 15 1 1 1 12 14 |1 1 1 5 1 7 7 3 15 1 1 2 5 1 3 17 |
12845: 1 8 5 1 1 1 1 1 5 1 1 3 6 1 1 1 |1 1 1 1 1 1 1 1 9 1 1 3 15 1 3 1 |1 1 1 1 9 3 1 1 1 1 1 5 1 4 1 1 |1 2 3 2 8 1 3 8 13 4 1 1 1 4 1 1 |1 1 1 1 1 8 1 1 2 4 1 2 5 4 1 3 |2 10 1 1 1 3 1 1 1 1 1 1 2 1 1 14 |1 1 5 4 1 1 1 2 2 1 1 16 9 1 1 1 |1 12 1 10 5 1 8 8 7 1 1 1 1 1 3 16 |2 1 1 15 8 1 15 13 6 1 1 7 1 1 2 1 |1 2 10 2 2 1 1 2 1 2 14 1 7 2 2 1 |1 1 1 22 7 1 2 7 1 17 15 1 1 1 12 14 |1 1 1 5 1 7 7 3 15 1 1 2 5 1 3 17 |
12855: 1 8 5 1 1 1 1 1 5 1 1 3 6 1 1 1 |1 1 1 1 1 1 1 1 9 1 1 3 15 1 3 1 |1 1 1 1 9 3 1 1 1 1 1 5 1 4 1 1 |1 2 3 2 8 1 3 8 13 4 1 1 1 4 1 1 |1 1 1 1 1 8 1 1 2 4 1 2 5 4 1 3 |1 5 1 2 1 6 1 1 4 1 1 1 1 5 3 14 |1 1 5 4 1 1 1 2 2 1 1 16 9 1 1 1 |1 12 1 10 5 1 8 8 7 1 1 1 1 1 3 16 |2 1 1 15 8 1 15 13 6 1 1 7 1 1 2 1 |1 2 10 2 2 1 1 2 1 2 14 1 7 2 2 1 |1 1 1 22 7 1 2 7 1 17 15 1 1 1 12 14 |1 1 1 5 1 7 7 3 15 1 1 2 5 1 3 17 |
12866: 1 8 5 1 1 1 1 1 5 1 1 3 6 1 1 1 |1 1 1 1 1 1 1 1 9 1 1 3 15 1 3 1 |1 1 1 1 9 3 1 1 1 1 1 5 1 4 1 1 |1 2 3 2 8 1 3 8 13 4 1 1 1 4 1 1 |1 1 1 1 1 8 1 1 2 4 1 2 5 4 1 3 |1 5 1 2 1 6 1 1 4 1 1 1 1 5 3 14 |1 1 5 4 1 1 1 2 2 1 1 16 9 1 1 1 |1 12 1 10 5 1 8 8 7 1 1 1 1 1 3 16 |2 1 1 15 8 1 15 13 6 1 1 7 1 1 2 1 |1 2 10 2 2 1 1 2 1 2 14 1 7 2 2 1 |1 1 1 22 7 1 2 7 1 17 15 1 1 1 12 14 |1 1 1 5 1 7 7 3 15 1 1 2 5 1 3 17 |
12877: 1 8 5 1 1 1 1 1 5 1 1 3 6 1 1 1 |1 1 1 1 1 1 1 1 9 1 1 3 15 1 3 1 |1 1 1 1 9 3 1 1 1 1 1 5 1 4 1 1 |1 1 2 1 2 1 1 2 13 4 11 1 1 4 3 1 |1 1 1 1 1 8 1 1 2 4 1 2 5 4 1 3 |1 5 1 2 1 6 1 1 4 1 1 1 1 5 3 14 |1 1 5 4 1 1 1 2 2 1 1 16 9 1 1 1 |1 12 1 10 5 1 8 8 7 1 1 1 1 1 3 16 |2 1 1 15 8 1 15 13 6 1 1 7 1 1 2 1 |1 2 10 2 2 1 1 2 1 2 14 1 7 2 2 1 |1 1 1 22 7 1 2 7 1 17 15 1 1 1 12 14 |1 1 1 5 1 7 7 3 15 1 1 2 5 1 3 17 |
12888: 1 8 5 1 1 1 1 1 5 1 1 3 6 1 1 1 |1 1 1 1 1 1 1 1 9 1 1 3 15 1 3 1 |1 1 1 1 9 3 1 1 1 1 1 5 1 4 1 1 |1 1 2 1 2 1 1 2 13 4 11 1 1 4 3 1 |1 1 1 1 1 8 1 1 2 4 1 2 5 4 1 3 |1 5 1 2 1 6 1 1 4 1 1 1 1 5 3 14 |1 1 5 4 1 1 1 2 2 1 1 16 9 1 1 1 |1 12 1 10 5 1 8 8 7 1 1 1 1 1 3 16 |2 1 1 15 8 1 15 13 6 1 1 7 1 1 2 1 |1 2 10 2 2 1 1 2 1 2 14 1 7 2 2 1 |2 1 9 6 15 1 2 7 1 18 3 1 1 1 1 13 |1 1 1 5 1 7 7 3 15 1 1 2 5 1 3 17 |
12899: 1 8 5 1 1 1 1 1 5 1 1 3 6 1 1 1 |1 1 1 1 1 1 1 1 9 1 1 3 15 1 3 1 |1 1 1 1 9 3 1 1 1 1 1 5 1 4 1 1 |1 1 2 1 2 1 1 2 13 4 11 1 1 4 3 1 |1 1 1 1 1 8 1 1 2 4 1 2 5 4 1 3 |1 5 1 2 1 6 1 1 4 1 1 1 1 5 3 14 |1 1 5 4 1 1 1 2 2 1 1 16 9 1 1 1 |1 12 1 10 5 1 8 8 7 1 1 1 1 1 3 16 |2 1 1 15 8 1 15 13 6 1 1 7 1 1 2 1 |1 2 10 2 2 1 1 2 1 2 14 1 7 2 2 1 |2 1 9 6 15 1 2 7 1 18 3 1 1 1 1 13 |1 1 1 5 1 7 7 3 15 1 1 2 5 1 3 17 |
12910: 1 8 5 1 1 1 1 1 5 1 1 3 6 1 1 1 |1 1 1 1 2 2 1 1 1 3 2 15 5 1 4 5 |1 1 1 1 9 3 1 1 1 1 1 5 1 4 1 1 |1 1 2 1 2 1 1 2 13 4 11 1 1 4 3 1 |1 1 1 1 1 8 1 1 2 4 1 2 5 4 1 3 |1 5 1 2 1 6 1 1 4 1 1 1 1 5 3 14 |1 1 5 4 1 1 1 2 2 1 1 16 9 1 1 1 |1 12 1 10 5 1 8 8 7 1 1 1 1 1 3 16 |2 1 1 15 8 1 15 13 6 1 1 7 1 1 2 1 |1 2 10 2 2 1 1 2 1 2 14 1 7 2 2 1 |2 1 9 6 15 1 2 7 1 18 3 1 1 1 1 13 |1 1 1 5 1 7 7 3 15 1 1 2 5 1 3 17 |
12921: 1 8 5 1 1 1 1 1 5 1 1 3 6 1 1 1 |1 1 1 1 2 2 1 1 1 3 2 15 5 1 4 5 |1 1 1 1 9 3 1 1 1 1 1 5 1 4 1 1 |1 1 2 1 2 1 1 2 13 4 11 1 1 4 3 1 |1 1 1 1 1 8 1 1 2 4 1 2 5 4 1 3 |1 5 1 2 1 6 1 1 4 1 1 1 1 5 3 14 |1 1 5 4 1 1 1 2 2 1 1 16 9 1 1 1 |1 12 1 10 5 1 8 8 7 1 1 1 1 1 3 16 |2 1 1 15 8 1 15 13 6 1 1 7 1 1 2 1 |1 1 4 3 2 1 1 3 2 3 13 1 7 2 2 11 |2 1 9 6 15 1 2 7 1 18 3 1 1 1 1 13 |1 1 1 5 1 7 7 3 15 1 1 2 5 1 3 17 |
12931: 1 8 5 1 1 1 1 1 5 1 1 3 6 1 1 1 |1 1 1 1 2 2 1 1 1 3 2 15 5 1 4 5 |1 1 1 1 9 3 1 1 1 1 1 5 1 4 1 1 |1 1 2 1 2 1 1 2 13 4 11 1 1 4 3 1 |1 1 1 1 1 8 1 1 2 4 1 2 5 4 1 3 |1 5 1 2 1 6 1 1 4 1 1 1 1 5 3 14 |1 1 5 4 1 1 1 2 2 1 1 16 9 1 1 1 |1 12 1 10 5 1 8 8 7 1 1 1 1 1 3 16 |2 1 1 15 8 1 15 13 6 1 1 7 1 1 2 1 |1 1 4 3 2 1 1 3 2 3 13 1 7 2 2 11 |2 1 9 6 15 1 2 7 1 18 3 1 1 1 1 13 |1 1 1 5 1 7 7 3 15 1 1 2 5 1 3 17 |
12942: 1 8 5 1 1 1 1 1 5 1 1 3 6 1 1 1 |6 8 2 1 1 3 1 1 1 3 2 8 1 1 1 1 |1 1 1 1 9 3 1 1 1 1 1 5 1 4 1 1 |1 1 2 1 2 1 1 2 13 4 11 1 1 4 3 1 |1 1 1 1 1 8 1 1 2 4 1 2 5 4 1 3 |1 5 1 2 1 6 1 1 4 1 1 1 1 5 3 14 |1 1 5 4 1 1 1 2 2 1 1 16 9 1 1 1 |1 12 1 10 5 1 8 8 7 1 1 1 1 1 3 16 |2 1 1 15 8 1 15 13 6 1 1 7 1 1 2 1 |1 1 4 3 2 1 1 3 2 3 13 1 7 2 2 11 |2 1 9 6 15 1 2 7 1 18 3 1 1 1 1 13 |1 1 1 5 1 7 7 3 15 1 1 2 5 1 3 17 |
12952: 1 8 5 1 1 1 1 1 5 1 1 3 6 1 1 1 |6 8 2 1 1 3 1 1 1 3 2 8 1 1 1 1 |1 1 6 1 1 5 1 1 1 2 1 4 1 5 1 1 |1 1 2 1 2 1 1 2 13 4 11 1 1 4 3 1 |1 1 1 1 1 8 1 1 2 4 1 2 5 4 1 3 |1 5 1 2 1 6 1 1 4 1 1 1 1 5 3 14 |1 1 5 4 1 1 1 2 2 1 1 16 9 1 1 1 |1 12 1 10 5 1 8 8 7 1 1 1 1 1 3 16 |2 1 1 15 8 1 15 13 6 1 1 7 1 1 2 1 |1 1 4 3 2 1 1 3 2 3 13 1 7 2 2 11 |2 1 9 6 15 1 2 7 1 18 3 1 1 1 1 13 |1 1 1 5 1 7 7 3 15 1 1 2 5 1 3 17 |
12962: 1 8 5 1 1 1 1 1 5 1 1 3 6 1 1 1 |6 8 2 1 1 3 1 1 1 3 2 8 1 1 1 1 |1 1 6 1 1 5 1 1 1 2 1 4 1 5 1 1 |1 1 2 1 2 1 1 2 13 4 11 1 1 4 3 1 |1 1 1 1 1 8 1 1 2 4 1 2 5 4 1 3 |1 5 1 2 1 6 1 1 4 1 1 1 1 5 3 14 |1 1 5 4 1 1 1 2 2 1 1 16 9 1 1 1 |1 12 1 10 5 1 8 8 7 1 1 1 1 1 3 16 |2 1 1 15 8 1 15 13 6 1 1 7 1 1 2 1 |1 1 4 3 2 1 1 3 2 3 13 1 7 2 2 11 |2 1 9 6 15 1 2 7 1 18 3 1 1 1 1 13 |1 1 1 5 1 7 7 3 15 1 1 2 5 1 3 17 |
12973: 1 8 5 1 1 1 1 1 5 1 1 3 6 1 1 1 |6 8 2 1 1 3 1 1 1 3 2 8 1 1 1 1 |1 1 6 1 1 5 1 1 1 2 1 4 1 5 1 1 |1 1 2 1 2 1 1 2 13 4 11 1 1 4 3 1 |1 1 1 1 1 8 1 1 2 4 1 2 5 4 1 3 |1 5 1 2 1 6 1 1 4 1 1 1 1 5 3 14 |1 1 5 4 1 1 1 2 2 1 1 16 9 1 1 1 |1 12 1 10 5 1 8 8 7 1 1 1 1 1 3 16 |2 1 1 15 8 1 15 13 6 1 1 7 1 1 2 1 |1 1 4 3 2 1 1 3 2 3 13 1 7 2 2 11 |2 1 9 6 15 1 2 7 1 18 3 1 1 1 1 13 |1 1 1 5 1 7 7 3 15 1 1 2 5 1 3 17 |
12984: 1 8 5 1 1 1 1 1 5 1 1 3 6 1 1 1 |6 8 2 1 1 3 1 1 1 3 2 8 1 1 1 1 |1 1 6 1 1 5 1 1 1 2 1 4 1 5 1 1 |1 1 2 1 2 1 1 2 13 4 11 1 1 4 3 1 |1 1 1 1 1 8 1 1 2 4 1 2 5 4 1 3 |1 5 1 2 1 6 1 1 4 1 1 1 1 5 3 14 |1 1 5 4 1 1 1 2 2 1 1 16 9 1 1 1 |1 1 1 10 9 1 2 7 12 1 1 1 1 1 4 16 |2 1 1 15 8 1 15 13 6 1 1 7 1 1 2 1 |1 1 4 3 2 1 1 3 2 3 13 1 7 2 2 11 |2 1 9 6 15 1 2 7 1 18 3 1 1 1 1 13 |1 1 1 5 1 7 7 3 15 1 1 2 5 1 3 17 |
12995: 1 8 5 1 1 1 1 1 5 1 1 3 6 1 1 1 |6 8 2 1 1 3 1 1 1 3 2 8 1 1 1 1 |1 1 6 1 1 5 1 1 1 2 1 4 1 5 1 1 |1 1 2 1 2 1 1 2 13 4 11 1 1 4 3 1 |1 1 1 1 1 8 1 1 2 4 1 2 5 4 1 3 |1 5 1 2 1 6 1 1 4 1 1 1 1 5 3 14 |1 1 5 4 1 1 1 2 2 1 1 16 9 1 1 1 |1 1 1 10 9 1 2 7 12 1 1 1 1 1 4 16 |2 1 1 15 8 1 15 13 6 1 1 7 1 1 2 1 |1 1 4 3 2 1 1 3 2 3 13 1 7 2 2 11 |2 1 9 6 15 1 2 7 1 18 3 1 1 1 1 13 |1 1 1 5 1 7 7 3 15 1 1 2 5 1 3 17 |
13005: 1 8 5 1 1 1 1 1 5 1 1 3 6 1 1 1 |6 8 2 1 1 3 1 1 1 3 2 8 1 1 1 1 |1 1 6 1 1 5 1 1 1 2 1 4 1 5 1 1 |1 1 2 1 2 1 1 2 13 4 11 1 1 4 3 1 |1 1 1 1 1 8 1 1 2 4 1 2 5 4 1 3 |1 5 1 2 1 6 1 1 4 1 1 1 1 5 3 14 |1 1 5 4 1 1 1 2 2 1 1 16 9 1 1 1 |1 1 1 10 9 1 2 7 12 1 1 1 1 1 4 16 |2 1 1 15 8 1 15 13 6 1 1 7 1 1 2 1 |1 1 4 3 2 1 1 3 2 3 13 1 7 2 2 11 |2 1 9 6 15 1 2 7 1 18 3 1 1 1 1 13 |1 1 1 5 1 7 7 3 15 1 1 2 5 1 3 17 |
13016: 1 8 5 1 1 1 1 1 5 1 1 3 6 1 1 1 |6 8 2 1 1 3 1 1 1 3 2 8 1 1 1 1 |1 1 6 1 1 5 1 1 1 2 1 4 1 5 1 1 |1 1 2 1 2 1 1 2 13 4 11 1 1 4 3 1 |1 1 1 1 1 8 1 1 2 4 1 2 5 4 1 3 |1 5 1 2 1 6 1 1 4 1 1 1 1 5 3 14 |1 1 5 4 1 1 1 2 2 1 1 16 9 1 1 1 |1 1 1 10 9 1 2 7 12 1 1 1 1 1 4 16 |2 1 1 15 8 1 15 13 6 1 1 7 1 1 2 1 |1 1 4 3 2 1 1 3 2 3 13 1 7 2 2 11 |2 1 9 6 15 1 2 7 1 18 3 1 1 1 1 13 |1 1 1 5 1 7 7 3 15 1 1 2 5 1 3 17 |
13027: 1 8 5 1 1 1 1 1 5 1 1 3 6 1 1 1 |6 8 2 1 1 3 1 1 1 3 2 8 1 1 1 1 |1 1 6 1 1 5 1 1 1 2 1 4 1 5 1 1 |1 1 2 1 2 1 1 2 13 4 11 1 1 4 3 1 |1 1 1 1 1 8 1 1 2 4 1 2 5 4 1 3 |1 5 1 2 1 6 1 1 4 1 1 1 1 5 3 14 |1 1 5 4 1 1 1 2 2 1 1 16 9 1 1 1 |1 1 1 10 9 1 2 7 12 1 1 1 1 1 4 16 |2 1 1 15 8 1 15 13 6 1 1 7 1 1 2 1 |1 1 4 3 2 1 1 3 2 3 13 1 7 2 2 11 |2 1 9 6 15 1 2 7 1 18 3 1 1 1 1 13 |1 1 1 5 1 7 7 3 15 1 1 2 5 1 3 17 |
13037: 1 8 5 1 1 1 1 1 5 1 1 3 6 1 1 1 |2 15 1 1 1 4 1 1 1 3 2 14 5 2 4 1 |1 1 6 1 1 5 1 1 1 2 1 4 1 5 1 1 |1 1 2 1 2 1 1 2 13 4 11 1 1 4 3 1 |1 1 1 1 1 8 1 1 2 4 1 2 5 4 1 3 |1 5 1 2 1 6 1 1 4 1 1 1 1 5 3 14 |1 1 5 4 1 1 1 2 2 1 1 16 9 1 1 1 |1 1 1 10 9 1 2 7 12 1 1 1 1 1 4 16 |2 1 1 15 8 1 15 13 6 1 1 7 1 1 2 1 |1 1 4 3 2 1 1 3 2 3 13 1 7 2 2 11 |2 1 9 6 15 1 2 7 1 18 3 1 1 1 1 13 |1 1 1 5 1 7 7 3 15 1 1 2 5 1 3 17 |
13048: 1 8 5 1 1 1 1 1 5 1 1 3 6 1 1 1 |2 15 1 1 1 4 1 1 1 3 2 14 5 2 4 1 |1 1 6 1 1 5 1 1 1 2 1 4 1 5 1 1 |1 1 2 1 2 1 1 2 13 4 11 1 1 4 3 1 |1 1 1 1 1 8 1 1 2 4 1 2 5 4 1 3 |1 5 1 2 1 6 1 1 4 1 1 1 1 5 3 14 |1 1 5 4 1 1 1 2 2 1 1 16 9 1 1 1 |1 1 1 10 9 1 2 7 12 1 1 1 1 1 4 16 |2 1 1 15 8 1 15 13 6 1 1 7 1 1 2 1 |1 1 4 3 2 1 1 3 2 3 13 1 7 2 2 11 |1 2 6 1 3 1 2 7 1 17 4 1 1 1 13 14 |1 1 1 5 1 7 7 3 15 1 1 2 5 1 3 17 |
13058: 1 8 5 1 1 1 1 1 5 1 1 3 6 1 1 1 |2 15 1 1 1 4 1 1 1 3 2 14 5 2 4 1 |1 1 6 1 1 5 1 1 1 2 1 4 1 5 1 1 |1 1 2 1 2 1 1 2 13 4 11 1 1 4 3 1 |1 1 1 1 1 8 1 1 2 4 1 2 5 4 1 3 |1 5 1 2 1 6 1 1 4 1 1 1 1 5 3 14 |1 1 5 4 1 1 1 2 2 1 1 16 9 1 1 1 |1 1 1 10 9 1 2 7 12 1 1 1 1 1 4 16 |2 1 1 15 8 1 15 13 6 1 1 7 1 1 2 1 |1 1 4 3 2 1 1 3 2 3 13 1 7 2 2 11 |1 2 6 1 3 1 2 7 1 17 4 1 1 1 13 14 |1 1 1 5 1 7 7 3 15 1 1 2 5 1 3 17 |
13069: 1 8 5 1 1 1 1 1 5 1 1 3 6 1 1 1 |8 7 1 2 1 1 1 1 1 1 3 8 1 1 4 1 |1 1 6 1 1 5 1 1 1 2 1 4 1 5 1 1 |1 1 2 1 2 1 1 2 13 4 11 1 1 4 3 1 |1 1 1 1 1 8 1 1 2 4 1 2 5 4 1 3 |1 5 1 2 1 6 1 1 4 1 1 1 1 5 3 14 |1 1 5 4 1 1 1 2 2 1 1 16 9 1 1 1 |1 1 1 10 9 1 2 7 12 1 1 1 1 1 4 16 |2 1 1 15 8 1 15 13 6 1 1 7 1 1 2 1 |1 1 4 3 2 1 1 3 2 3 13 1 7 2 2 11 |1 2 6 1 3 1 2 7 1 17 4 1 1 1 13 14 |1 1 1 5 1 7 7 3 15 1 1 2 5 1 3 17 |
13080: 1 8 5 1 1 1 1 1 5 1 1 3 6 1 1 1 |8 7 1 2 1 1 1 1 1 1 3 8 1 1 4 1 |1 1 6 1 1 5 1 1 1 2 1 4 1 5 1 1 |1 1 2 1 2 1 1 2 13 4 11 1 1 4 3 1 |1 1 1 1 1 8 1 1 2 4 1 2 5 4 1 3 |1 5 1 2 1 6 1 1 4 1 1 1 1 5 3 14 |1 1 5 4 1 1 1 2 2 1 1 16 9 1 1 1 |1 1 1 10 9 1 2 7 12 1 1 1 1 1 4 16 |2 1 1 15 8 1 15 13 6 1 1 7 1 1 2 1 |1 1 2 3 2 2 1 2 1 2 13 1 6 2 14 1 |1 2 6 1 3 1 2 7 1 17 4 1 1 1 13 14 |1 1 1 5 1 7 7 3 15 1 1 2 5 1 3 17 |
13090: 1 8 5 1 1 1 1 1 5 1 1 3 6 1 1 1 |8 7 1 2 1 1 1 1 1 1 3 8 1 1 4 1 |1 1 6 1 1 5 1 1 1 2 1 4 1 5 1 1 |1 1 2 1 2 1 1 2 13 4 11 1 1 4 3 1 |1 1 1 1 1 8 1 1 2 4 1 2 5 4 1 3 |1 5 1 2 1 6 1 1 4 1 1 1 1 5 3 14 |1 1 5 4 1 1 1 2 2 1 1 16 9 1 1 1 |1 1 1 10 9 1 2 7 12 1 1 1 1 1 4 16 |2 1 1 15 8 1 15 13 6 1 1 7 1 1 2 1 |1 1 2 3 2 2 1 2 1 2 13 1 6 2 14 1 |1 2 6 1 3 1 2 7 1 17 4 1 1 1 13 14 |1 1 1 5 1 7 7 3 15 1 1 2 5 1 3 17 |
13102: 1 8 5 1 1 1 1 1 5 1 1 3 6 1 1 1 |8 7 1 2 1 1 1 1 1 1 3 8 1 1 4 1 |1 1 6 1 8 3 1 10 2 1 1 2 1 2 1 1 |1 1 2 1 2 1 1 2 13 4 11 1 1 4 3 1 |1 1 1 1 1 8 1 1 2 4 1 2 5 4 1 3 |1 5 1 2 1 6 1 1 4 1 1 1 1 5 3 14 |1 1 5 4 1 1 1 2 2 1 1 16 9 1 1 1 |1 1 1 10 9 1 2 7 12 1 1 1 1 1 4 16 |2 1 1 15 8 1 15 13 6 1 1 7 1 1 2 1 |1 1 2 3 2 2 1 2 1 2 13 1 6 2 14 1 |1 2 6 1 3 1 2 7 1 17 4 1 1 1 13 14 |1 1 1 5 1 7 7 3 15 1 1 2 5 1 3 17 |
13113: 1 8 5 1 1 1 1 1 5 1 1 3 6 1 1 1 |8 7 1 2 1 1 1 1 1 1 3 8 1 1 4 1 |1 1 6 1 8 3 1 10 2 1 1 2 1 2 1 1 |1 1 13 2 2 1 1 7 1 1 1 1 1 1 1 1 |1 1 1 1 1 8 1 1 2 4 1 2 5 4 1 3 |1 5 1 2 1 6 1 1 4 1 1 1 1 5 3 14 |1 1 5 4 1 1 1 2 2 1 1 16 9 1 1 1 |1 1 1 10 9 1 2 7 12 1 1 1 1 1 4 16 |2 1 1 15 8 1 15 13 6 1 1 7 1 1 2 1 |1 1 2 3 2 2 1 2 1 2 13 1 6 2 14 1 |1 2 6 1 3 1 2 7 1 17 4 1 1 1 13 14 |1 1 1 5 1 7 7 3 15 1 1 2 5 1 3 17 |
13124: 1 8 5 1 1 1 1 1 5 1 1 3 6 1 1 1 |8 7 1 2 1 1 1 1 1 1 3 8 1 1 4 1 |1 1 6 1 8 3 1 10 2 1 1 2 1 2 1 1 |1 1 13 2 2 1 1 7 1 1 1 1 1 1 1 1 |1 1 1 1 1 8 1 1 2 4 1 2 5 4 1 3 |1 5 1 2 1 6 1 1 4 1 1 1 1 5 3 14 |1 1 5 4 1 1 1 2 2 1 1 16 9 1 1 1 |1 1 1 10 9 1 2 7 12 1 1 1 1 1 4 16 |2 1 1 15 8 1 15 13 6 1 1 7 1 1 2 1 |1 1 2 3 2 2 1 2 1 2 13 1 6 2 14 1 |1 2 6 1 3 1 2 7 1 17 4 1 1 1 13 14 |1 1 1 5 1 7 7 3 15 1 1 2 5 1 3 17 |
13135: 1 8 5 1 1 1 1 1 5 1 1 3 6 1 1 1 |8 7 1 2 1 1 1 1 1 1 3 8 1 1 4 1 |1 1 6 1 8 3 1 10 2 1 1 2 1 2 1 1 |1 1 13 2 2 1 1 7 1 1 1 1 1 1 1 1 |1 1 1 1 1 8 1 1 2 4 1 2 5 4 1 3 |1 5 1 2 1 6 1 1 4 1 1 1 1 5 3 14 |1 1 5 4 1 1 1 2 2 1 1 16 9 1 1 1 |1 1 1 10 9 1 2 7 12 1 1 1 1 1 4 16 |2 1 1 15 8 1 15 13 6 1 1 7 1 1 2 1 |1 1 2 3 2 2 1 2 1 2 13 1 6 2 14 1 |1 2 6 1 3 1 2 7 1 17 4 1 1 1 13 14 |1 1 1 5 1 7 7 3 15 1 1 2 5 1 3 17 |
13146: 1 8 5 1 1 1 1 1 5 1 1 3 6 1 1 1 |8 7 1 2 1 1 1 1 1 1 3 8 1 1 4 1 |1 1 6 1 8 3 1 10 2 1 1 2 1 2 1 1 |1 1 13 2 2 1 1 7 1 1 1 1 1 1 1 1 |1 1 1 1 1 8 1 1 2 4 1 2 5 4 1 3 |1 5 1 2 1 6 1 1 4 1 1 1 1 5 3 14 |1 1 5 4 1 1 1 2 2 1 1 16 9 1 1 1 |1 1 1 10 9 1 2 7 12 1 1 1 1 1 4 16 |2 1 1 15 8 1 15 13 6 1 1 7 1 1 2 1 |1 3 4 2 2 4 2 1 1 1 14 1 7 2 14 11 |1 2 6 1 3 1 2 7 1 17 4 1 1 1 13 14 |1 1 1 5 1 7 7 3 15 1 1 2 5 1 3 17 |
13157: 1 8 5 1 1 1 1 1 5 1 1 3 6 1 1 1 |8 7 1 2 1 1 1 1 1 1 3 8 1 1 4 1 |1 1 6 1 8 3 1 10 2 1 1 2 1 2 1 1 |1 1 13 2 2 1 1 7 1 1 1 1 1 1 1 1 |1 1 1 1 1 8 1 1 2 4 1 2 5 4 1 3 |1 5 1 2 1 6 1 1 4 1 1 1 1 5 3 14 |1 1 5 4 1 1 1 2 2 1 1 16 9 1 1 1 |1 1 1 10 9 1 2 7 12 1 1 1 1 1 4 16 |2 1 1 15 8 1 15 13 6 1 1 7 1 1 2 1 |1 3 4 2 2 4 2 1 1 1 14 1 7 2 14 11 |1 2 6 1 3 1 2 7 1 17 4 1 1 1 13 14 |1 1 1 5 1 7 7 3 15 1 1 2 5 1 3 17 |
13167: 1 8 5 1 1 1 1 1 5 1 1 3 6 1 1 1 |8 7 1 2 1 1 1 1 1 1 3 8 1 1 4 1 |1 1 6 1 8 3 1 10 2 1 1 2 1 2 1 1 |1 1 13 2 2 1 1 7 1 1 1 1 1 1 1 1 |1 1 1 1 1 8 1 1 2 4 1 2 5 4 1 3 |1 5 1 2 1 6 1 1 4 1 1 1 1 5 3 14 |1 1 5 4 1 1 1 2 2 1 1 16 9 1 1 1 |1 1 1 10 9 1 2 7 12 1 1 1 1 1 4 16 |2 1 1 15 8 1 15 13 6 1 1 7 1 1 2 1 |1 3 4 2 2 4 2 1 1 1 14 1 7 2 14 11 |1 2 6 1 3 1 2 7 1 17 4 1 1 1 13 14 |1 1 1 5 1 7 7 3 15 1 1 2 5 1 3 17 |
13177: 1 8 5 1 1 1 1 1 5 1 1 3 6 1 1 1 |8 7 1 2 1 1 1 1 1 1 3 8 1 1 4 1 |1 1 6 1 8 3 1 10 2 1 1 2 1 2 1 1 |1 1 13 2 2 1 1 7 1 1 1 1 1 1 1 1 |1 1 1 1 1 8 1 1 2 4 1 2 5 4 1 3 |1 5 1 2 1 6 1 1 4 1 1 1 1 5 3 14 |1 1 5 4 1 1 1 2 2 1 1 16 9 1 1 1 |1 1 1 10 9 1 2 7 12 1 1 1 1 1 4 16 |2 1 1 15 8 1 15 13 6 1 1 7 1 1 2 1 |2 1 4 3 2 6 1 2 1 1 13 1 7 2 14 10 |1 2 6 1 3 1 2 7 1 17 4 1 1 1 13 14 |1 1 1 5 1 7 7 3 15 1 1 2 5 1 3 17 |
13188: 1 8 5 1 1 1 1 1 5 1 1 3 6 1 1 1 |8 7 1 2 1 1 1 1 1 1 3 8 1 1 4 1 |1 1 6 1 8 3 1 10 2 1 1 2 1 2 1 1 |1 1 13 2 2 1 1 7 1 1 1 1 1 1 1 1 |1 1 1 1 1 8 1 1 2 4 1 2 5 4 1 3 |1 5 1 2 1 6 1 1 4 1 1 1 1 5 3 14 |1 1 5 4 1 1 1 2 2 1 1 16 9 1 1 1 |1 1 1 10 9 1 2 7 12 1 1 1 1 1 4 16 |2 1 1 15 8 1 15 13 6 1 1 7 1 1 2 1 |2 1 4 3 2 6 1 2 1 1 13 1 7 2 14 10 |1 2 6 1 3 1 2 7 1 17 4 1 1 1 13 14 |1 1 1 5 1 7 7 3 15 1 1 2 5 1 3 17 |
13198: 1 1 1 1 4 1 1 1 2 1 1 2 5 1 8 5 |8 7 1 2 1 1 1 1 1 1 3 8 1 1 4 1 |1 1 6 1 8 3 1 10 2 1 1 2 1 2 1 1 |1 1 13 2 2 1 1 7 1 1 1 1 1 1 1 1 |1 1 1 1 1 8 1 1 2 4 1 2 5 4 1 3 |1 5 1 2 1 6 1 1 4 1 1 1 1 5 3 14 |1 1 5 4 1 1 1 2 2 1 1 16 9 1 1 1 |1 1 1 10 9 1 2 7 12 1 1 1 1 1 4 16 |2 1 1 15 8 1 15 13 6 1 1 7 1 1 2 1 |2 1 4 3 2 6 1 2 1 1 13 1 7 2 14 10 |1 2 6 1 3 1 2 7 1 17 4 1 1 1 13 14 |1 1 1 5 1 7 7 3 15 1 1 2 5 1 3 17 |
13209: 1 1 1 1 4 1 1 1 2 1 1 2 5 1 8 5 |8 7 1 2 1 1 1 1 1 1 3 8 1 1 4 1 |1 1 6 1 8 3 1 10 2 1 1 2 1 2 1 1 |1 1 13 2 2 1 1 7 1 1 1 1 1 1 1 1 |1 1 1 1 1 8 1 1 2 4 1 2 5 4 1 3 |1 5 1 2 1 6 1 1 4 1 1 1 1 5 3 14 |1 1 5 4 1 1 1 2 2 1 1 16 9 1 1 1 |1 1 1 10 9 1 2 7 12 1 1 1 1 1 4 16 |2 1 1 15 8 1 15 13 6 1 1 7 1 1 2 1 |1 1 1 3 2 2 1 1 1 2 15 1 7 2 2 1 |1 2 6 1 3 1 2 7 1 17 4 1 1 1 13 14 |1 1 1 5 1 7 7 3 15 1 1 2 5 1 3 17 |
13219: 1 1 1 1 4 1 1 1 2 1 1 2 5 1 8 5 |8 7 1 2 1 1 1 1 1 1 3 8 1 1 4 1 |1 1 6 1 8 3 1 10 2 1 1 2 1 2 1 1 |1 1 13 2 2 1 1 7 1 1 1 1 1 1 1 1 |1 1 1 1 1 8 1 1 2 4 1 2 5 4 1 3 |1 5 1 2 1 6 1 1 4 1 1 1 1 5 3 14 |1 1 5 4 1 1 1 2 2 1 1 16 9 1 1 1 |1 1 1 10 9 1 2 7 12 1 1 1 1 1 4 16 |2 1 1 15 8 1 15 13 6 1 1 7 1 1 2 1 |1 1 1 3 2 2 1 1 1 2 15 1 7 2 2 1 |1 1 8 7 3 1 3 2 3 17 3 1 15 1 1 16 |1 1 1 5 1 7 7 3 15 1 1 2 5 1 3 17 |
13230: 1 1 1 1 4 1 1 1 2 1 1 2 5 1 8 5 |8 7 1 2 1 1 1 1 1 1 3 8 1 1 4 1 |1 1 8 12 1 1 1 4 1 1 1 3 1 4 1 5 |1 1 13 2 2 1 1 7 1 1 1 1 1 1 1 1 |1 1 1 1 1 8 1 1 2 4 1 2 5 4 1 3 |1 5 1 2 1 6 1 1 4 1 1 1 1 5 3 14 |1 1 5 4 1 1 1 2 2 1 1 16 9 1 1 1 |1 1 1 10 9 1 2 7 12 1 1 1 1 1 4 16 |2 1 1 15 8 1 15 13 6 1 1 7 1 1 2 1 |1 1 1 3 2 2 1 1 1 2 15 1 7 2 2 1 |1 1 8 7 3 1 3 2 3 17 3 1 15 1 1 16 |1 1 1 5 1 7 7 3 15 1 1 2 5 1 3 17 |
13241: 1 1 1 1 4 1 1 1 2 1 1 2 5 1 8 5 |8 7 1 2 1 1 1 1 1 1 3 8 1 1 4 1 |1 1 8 12 1 1 1 4 1 1 1 3 1 4 1 5 |1 1 14 2 14 1 1 3 13 5 11 1 1 4 1 1 |1 1 1 1 1 8 1 1 2 4 1 2 5 4 1 3 |1 5 1 2 1 6 1 1 4 1 1 1 1 5 3 14 |1 1 5 4 1 1 1 2 2 1 1 16 9 1 1 1 |1 1 1 10 9 1 2 7 12 1 1 1 1 1 4 16 |2 1 1 15 8 1 15 13 6 1 1 7 1 1 2 1 |1 1 1 3 2 2 1 1 1 2 15 1 7 2 2 1 |1 1 8 7 3 1 3 2 3 17 3 1 15 1 1 16 |1 1 1 5 1 7 7 3 15 1 1 2 5 1 3 17 |
13252: 1 1 1 1 4 1 1 1 2 1 1 2 5 1 8 5 |8 7 1 2 1 1 1 1 1 1 3 8 1 1 4 1 |1 1 8 12 1 1 1 4 1 1 1 3 1 4 1 5 |1 1 14 2 14 1 1 3 13 5 11 1 1 4 1 1 |1 1 1 1 1 8 1 1 2 4 1 2 5 4 1 3 |1 5 1 2 1 6 1 1 4 1 1 1 1 5 3 14 |1 1 5 4 1 1 1 2 2 1 1 16 9 1 1 1 |1 1 1 10 9 1 2 7 12 1 1 1 1 1 4 16 |2 1 1 15 8 1 15 13 6 1 1 7 1 1 2 1 |1 1 1 3 2 2 1 1 1 2 15 1 7 2 2 1 |1 1 8 7 3 1 3 2 3 17 3 1 15 1 1 16 |1 1 1 5 1 7 7 3 15 1 1 2 5 1 3 17 |
13262: 1 1 1 1 4 1 1 1 2 1 1 2 5 1 8 5 |8 7 1 2 1 1 1 1 1 1 3 8 1 1 4 1 |1 1 8 12 1 1 1 4 1 1 1 3 1 4 1 5 |1 1 14 2 14 1 1 3 13 5 11 1 1 4 1 1 |1 1 1 1 1 8 1 1 2 4 1 2 5 4 1 3 |1 5 1 2 1 6 1 1 4 1 1 1 1 5 3 14 |1 1 5 4 1 1 1 2 2 1 1 16 9 1 1 1 |1 1 1 10 9 1 2 7 12 1 1 1 1 1 4 16 |2 1 1 15 8 1 15 13 6 1 1 7 1 1 2 1 |1 1 1 3 2 2 1 1 1 2 15 1 7 2 2 1 |1 1 8 7 3 1 3 2 3 17 3 1 15 1 1 16 |1 1 1 5 1 7 7 3 15 1 1 2 5 1 3 17 |
13273: 1 1 1 1 4 1 1 1 2 1 1 2 5 1 8 5 |8 7 1 2 1 1 1 1 1 1 3 8 1 1 4 1 |1 1 8 12 1 1 1 4 1 1 1 3 1 4 1 5 |1 1 14 2 14 1 1 3 13 5 11 1 1 4 1 1 |1 1 1 1 1 8 1 1 2 4 1 2 5 4 1 3 |1 5 1 2 1 6 1 1 4 1 1 1 1 5 3 14 |1 1 5 4 1 1 1 2 2 1 1 16 9 1 1 1 |1 1 1 10 9 1 2 7 12 1 1 1 1 1 4 16 |3 1 1 16 8 1 2 12 10 2 1 7 1 8 1 4 |1 1 1 3 2 2 1 1 1 2 15 1 7 2 2 1 |1 1 8 7 3 1 3 2 3 17 3 1 15 1 1 16 |1 1 1 5 1 7 7 3 15 1 1 2 5 1 3 17 |
13284: 1 1 1 1 4 1 1 1 2 1 1 2 5 1 8 5 |8 7 1 2 1 1 1 1 1 1 3 8 1 1 4 1 |1 1 8 12 1 1 1 4 1 1 1 3 1 4 1 5 |1 1 14 2 14 1 1 3 13 5 11 1 1 4 1 1 |1 1 1 1 1 8 1 1 2 4 1 2 5 4 1 3 |1 5 1 2 1 6 1 1 4 1 1 1 1 5 3 14 |1 1 5 4 1 1 1 2 2 1 1 16 9 1 1 1 |1 1 1 10 9 1 2 7 12 1 1 1 1 1 4 16 |3 1 1 16 8 1 2 12 10 2 1 7 1 8 1 4 |1 2 7 2 1 1 1 1 1 1 13 1 7 2 14 12 |1 1 8 7 3 1 3 2 3 17 3 1 15 1 1 16 |1 1 1 5 1 7 7 3 15 1 1 2 5 1 3 17 |
13294: 1 1 1 1 4 1 1 1 2 1 1 2 5 1 8 5 |1 13 1 1 1 3 1 1 1 4 2 15 8 1 3 1 |1 1 8 12 1 1 1 4 1 1 1 3 1 4 1 5 |1 1 14 2 14 1 1 3 13 5 11 1 1 4 1 1 |1 1 1 1 1 8 1 1 2 4 1 2 5 4 1 3 |1 5 1 2 1 6 1 1 4 1 1 1 1 5 3 14 |1 1 5 4 1 1 1 2 2 1 1 16 9 1 1 1 |1 1 1 10 9 1 2 7 12 1 1 1 1 1 4 16 |3 1 1 16 8 1 2 12 10 2 1 7 1 8 1 4 |1 2 7 2 1 1 1 1 1 1 13 1 7 2 14 12 |1 1 8 7 3 1 3 2 3 17 3 1 15 1 1 16 |1 1 1 5 1 7 7 3 15 1 1 2 5 1 3 17 |
13305: 1 1 1 1 4 1 1 1 2 1 1 2 5 1 8 5 |1 13 1 1 1 3 1 1 1 4 2 15 8 1 3 1 |1 1 6 1 9 1 1 1 1 1 1 1 1 1 1 8 |1 1 14 2 14 1 1 3 13 5 11 1 1 4 1 1 |1 1 1 1 1 8 1 1 2 4 1 2 5 4 1 3 |1 5 1 2 1 6 1 1 4 1 1 1 1 5 3 14 |1 1 5 4 1 1 1 2 2 1 1 16 9 1 1 1 |1 1 1 10 9 1 2 7 12 1 1 1 1 1 4 16 |3 1 1 16 8 1 2 12 10 2 1 7 1 8 1 4 |1 2 7 2 1 1 1 1 1 1 13 1 7 2 14 12 |1 1 8 7 3 1 3 2 3 17 3 1 15 1 1 16 |1 1 1 5 1 7 7 3 15 1 1 2 5 1 3 17 |
13315: 1 1 1 1 4 1 1 1 2 1 1 2 5 1 8 5 |1 13 1 1 1 3 1 1 1 4 2 15 8 1 3 1 |1 1 6 1 9 1 1 1 1 1 1 1 1 1 1 8 |1 1 14 2 14 1 1 3 13 5 11 1 1 4 1 1 |1 1 1 1 1 8 1 1 2 4 1 2 5 4 1 3 |1 5 1 2 1 6 1 1 4 1 1 1 1 5 3 14 |1 1 5 4 1 1 1 2 2 1 1 16 9 1 1 1 |1 1 1 10 9 1 2 7 12 1 1 1 1 1 4 16 |3 1 1 16 8 1 2 12 10 2 1 7 1 8 1 4 |1 2 7 2 1 1 1 1 1 1 13 1 7 2 14 12 |1 1 8 7 3 1 3 2 3 17 3 1 15 1 1 16 |1 1 1 5 1 7 7 3 15 1 1 2 5 1 3 17 |
13326: 1 1 1 1 4 1 1 1 2 1 1 2 5 1 8 5 |1 13 1 1 1 3 1 1 1 4 2 15 8 1 3 1 |1 1 6 1 9 1 1 1 1 1 1 1 1 1 1 8 |1 1 14 2 14 1 1 3 13 5 11 1 1 4 1 1 |1 1 1 1 1 8 1 1 2 4 1 2 5 4 1 3 |1 5 1 2 1 6 1 1 4 1 1 1 1 5 3 14 |1 1 5 4 1 1 1 2 2 1 1 16 9 1 1 1 |1 1 1 10 9 1 2 7 12 1 1 1 1 1 4 16 |3 1 1 16 8 1 2 12 10 2 1 7 1 8 1 4 |1 2 7 2 1 1 1 1 1 1 13 1 7 2 14 12 |1 1 8 7 3 1 3 2 3 17 3 1 15 1 1 16 |1 1 1 5 1 7 7 3 15 1 1 2 5 1 3 17 |
13338: 1 1 1 1 4 1 1 1 2 1 1 2 5 1 8 5 |1 13 1 1 1 3 1 1 1 4 2 15 8 1 3 1 |1 1 6 1 9 1 1 1 1 1 1 1 1 1 1 8 |1 1 14 2 14 1 1 3 13 5 11 1 1 4 1 1 |1 1 1 1 1 8 1 1 2 4 1 2 5 4 1 3 |1 5 1 2 1 6 1 1 4 1 1 1 1 5 3 14 |1 1 5 4 1 1 1 2 2 1 1 16 9 1 1 1 |1 1 1 10 9 1 2 7 12 1 1 1 1 1 4 16 |3 1 1 16 8 1 2 12 10 2 1 7 1 8 1 4 |1 2 4 2 1 1 1 1 1 1 13 1 7 2 2 1 |1 1 8 7 3 1 3 2 3 17 3 1 15 1 1 16 |1 1 1 5 1 7 7 3 15 1 1 2 5 1 3 17 |
13348: 1 1 1 1 4 1 1 1 2 1 1 2 5 1 8 5 |1 13 1 1 1 3 1 1 1 4 2 15 8 1 3 1 |1 1 6 1 9 1 1 1 1 1 1 1 1 1 1 8 |1 1 14 2 14 1 1 3 13 5 11 1 1 4 1 1 |1 1 1 1 1 8 1 1 2 4 1 2 5 4 1 3 |1 5 1 2 1 6 1 1 4 1 1 1 1 5 3 14 |1 1 5 4 1 1 1 2 2 1 1 16 9 1 1 1 |1 1 1 10 9 1 2 7 12 1 1 1 1 1 4 16 |3 1 1 16 8 1 2 12 10 2 1 7 1 8 1 4 |1 2 4 2 1 1 1 1 1 1 13 1 7 2 2 1 |2 1 9 7 3 12 2 7 1 13 4 1 1 1 1 14 |1 1 1 5 1 7 7 3 15 1 1 2 5 1 3 17 |
13358: 1 1 15 1 1 1 1 1 7 1 1 2 1 1 10 4 |1 13 1 1 1 3 1 1 1 4 2 15 8 1 3 1 |1 1 6 1 9 1 1 1 1 1 1 1 1 1 1 8 |1 1 14 2 14 1 1 3 13 5 11 1 1 4 1 1 |1 1 1 1 1 8 1 1 2 4 1 2 5 4 1 3 |1 5 1 2 1 6 1 1 4 1 1 1 1 5 3 14 |1 1 5 4 1 1 1 2 2 1 1 16 9 1 1 1 |1 1 1 10 9 1 2 7 12 1 1 1 1 1 4 16 |3 1 1 16 8 1 2 12 10 2 1 7 1 8 1 4 |1 2 4 2 1 1 1 1 1 1 13 1 7 2 2 1 |2 1 9 7 3 12 2 7 1 13 4 1 1 1 1 14 |1 1 1 5 1 7 7 3 15 1 1 2 5 1 3 17 |
13369: 1 1 15 1 1 1 1 1 7 1 1 2 1 1 10 4 |1 13 1 1 1 3 1 1 1 4 2 15 8 1 3 1 |1 1 6 1 9 1 1 1 1 1 1 1 1 1 1 8 |1 1 14 2 14 1 1 3 13 5 11 1 1 4 1 1 |1 1 1 1 1 8 1 1 2 4 1 2 5 4 1 3 |1 5 1 2 1 6 1 1 4 1 1 1 1 5 3 14 |1 1 5 4 1 1 1 2 2 1 1 16 9 1 1 1 |1 1 1 10 9 1 2 7 12 1 1 1 1 1 4 16 |2 2 1 10 1 1 3 13 13 1 1 7 1 1 3 1 |1 2 4 2 1 1 1 1 1 1 13 1 7 2 2 1 |2 1 9 7 3 12 2 7 1 13 4 1 1 1 1 14 |1 1 1 5 1 7 7 3 15 1 1 2 5 1 3 17 |
13379: 1 1 15 1 1 1 1 1 7 1 1 2 1 1 10 4 |1 13 1 1 1 3 1 1 1 4 2 15 8 1 3 1 |1 1 6 1 9 1 1 1 1 1 1 1 1 1 1 8 |1 1 14 2 14 1 1 3 13 5 11 1 1 4 1 1 |1 1 1 1 1 8 1 1 2 4 1 2 5 4 1 3 |1 5 1 2 1 6 1 1 4 1 1 1 1 5 3 14 |1 1 5 4 1 1 1 2 2 1 1 16 9 1 1 1 |1 1 1 10 9 1 2 7 12 1 1 1 1 1 4 16 |2 2 1 10 1 1 3 13 13 1 1 7 1 1 3 1 |1 2 4 2 1 1 1 1 1 1 13 1 7 2 2 1 |2 1 9 7 3 12 2 7 1 13 4 1 1 1 1 14 |1 1 1 5 1 7 7 3 15 1 1 2 5 1 3 17 |
13390: 1 1 15 1 1 1 1 1 7 1 1 2 1 1 10 4 |1 13 1 1 1 3 1 1 1 4 2 15 8 1 3 1 |1 1 6 1 9 1 1 1 1 1 1 1 1 1 1 8 |1 1 14 2 14 1 1 3 13 5 11 1 1 4 1 1 |1 1 1 1 1 8 1 1 2 4 1 2 5 4 1 3 |1 5 1 2 1 6 1 1 4 1 1 1 1 5 3 14 |1 1 5 4 1 1 1 2 2 1 1 16 9 1 1 1 |1 1 1 10 9 1 2 7 12 1 1 1 1 1 4 16 |2 2 1 10 1 1 3 13 13 1 1 7 1 1 3 1 |1 2 4 2 1 1 1 1 1 1 13 1 7 2 2 1 |2 1 9 7 3 12 2 7 1 13 4 1 1 1 1 14 |1 1 1 5 1 7 7 3 15 1 1 2 5 1 3 17 |
13400: 1 1 15 1 1 1 1 1 7 1 1 2 1 1 10 4 |1 13 1 1 1 3 1 1 1 4 2 15 8 1 3 1 |1 1 6 1 9 1 1 1 1 1 1 1 1 1 1 8 |1 1 14 2 14 1 1 3 13 5 11 1 1 4 1 1 |1 1 1 1 1 8 1 1 2 4 1 2 5 4 1 3 |1 5 1 2 1 6 1 1 4 1 1 1 1 5 3 14 |1 1 5 4 1 1 1 2 2 1 1 16 9 1 1 1 |1 1 1 10 9 1 2 7 12 1 1 1 1 1 4 16 |2 1 1 15 8 1 15 1 15 1 1 7 1 8 1 1 |1 2 4 2 1 1 1 1 1 1 13 1 7 2 2 1 |2 1 9 7 3 12 2 7 1 13 4 1 1 1 1 14 |1 1 1 5 1 7 7 3 15 1 1 2 5 1 3 17 |
