right Sync information: global sync logger time 17:35:15.990 equals 1000
70: 0 0 0 0 0 0 0 0 0 0 0 0 0 0 0 0 |0 0 0 0 0 0 0 0 0 0 0 0 0 0 0 0 |0 0 0 0 0 0 0 0 0 0 0 0 0 0 0 0 |0 0 0 0 0 0 0 0 0 0 0 0 0 0 0 0 |0 0 0 0 0 0 0 0 0 0 0 0 0 0 0 0 |0 0 0 0 0 0 0 0 0 0 0 0 0 0 0 0 |0 0 0 0 0 0 0 0 0 0 0 0 0 0 0 0 |0 0 0 0 0 0 0 0 0 0 0 0 0 0 0 0 |0 0 0 0 0 0 0 0 0 0 0 0 0 0 0 0 |0 0 0 0 0 0 0 0 0 0 0 0 0 0 0 0 |0 0 0 0 0 0 0 0 0 0 0 0 0 0 0 0 |0 0 0 0 0 0 0 0 0 0 0 0 0 0 0 0 |
80: 1 2 13 1 2 4 1 1 6 1 1 1 2 1 22 1 |0 0 0 0 0 0 0 0 0 0 0 0 0 0 0 0 |0 0 0 0 0 0 0 0 0 0 0 0 0 0 0 0 |0 0 0 0 0 0 0 0 0 0 0 0 0 0 0 0 |0 0 0 0 0 0 0 0 0 0 0 0 0 0 0 0 |0 0 0 0 0 0 0 0 0 0 0 0 0 0 0 0 |0 0 0 0 0 0 0 0 0 0 0 0 0 0 0 0 |0 0 0 0 0 0 0 0 0 0 0 0 0 0 0 0 |0 0 0 0 0 0 0 0 0 0 0 0 0 0 0 0 |0 0 0 0 0 0 0 0 0 0 0 0 0 0 0 0 |0 0 0 0 0 0 0 0 0 0 0 0 0 0 0 0 |0 0 0 0 0 0 0 0 0 0 0 0 0 0 0 0 |
91: 1 2 13 1 2 4 1 1 6 1 1 1 2 1 22 1 |1 4 1 10 1 1 1 1 1 2 9 7 15 1 3 13 |0 0 0 0 0 0 0 0 0 0 0 0 0 0 0 0 |0 0 0 0 0 0 0 0 0 0 0 0 0 0 0 0 |0 0 0 0 0 0 0 0 0 0 0 0 0 0 0 0 |0 0 0 0 0 0 0 0 0 0 0 0 0 0 0 0 |0 0 0 0 0 0 0 0 0 0 0 0 0 0 0 0 |0 0 0 0 0 0 0 0 0 0 0 0 0 0 0 0 |0 0 0 0 0 0 0 0 0 0 0 0 0 0 0 0 |0 0 0 0 0 0 0 0 0 0 0 0 0 0 0 0 |0 0 0 0 0 0 0 0 0 0 0 0 0 0 0 0 |0 0 0 0 0 0 0 0 0 0 0 0 0 0 0 0 |
102: 1 2 13 1 2 4 1 1 6 1 1 1 2 1 22 1 |1 4 1 10 1 1 1 1 1 2 9 7 15 1 3 13 |1 1 2 1 1 1 9 13 1 2 4 1 1 1 1 1 |0 0 0 0 0 0 0 0 0 0 0 0 0 0 0 0 |0 0 0 0 0 0 0 0 0 0 0 0 0 0 0 0 |0 0 0 0 0 0 0 0 0 0 0 0 0 0 0 0 |0 0 0 0 0 0 0 0 0 0 0 0 0 0 0 0 |0 0 0 0 0 0 0 0 0 0 0 0 0 0 0 0 |0 0 0 0 0 0 0 0 0 0 0 0 0 0 0 0 |0 0 0 0 0 0 0 0 0 0 0 0 0 0 0 0 |0 0 0 0 0 0 0 0 0 0 0 0 0 0 0 0 |0 0 0 0 0 0 0 0 0 0 0 0 0 0 0 0 |
112: 1 2 13 1 2 4 1 1 6 1 1 1 2 1 22 1 |1 4 1 10 1 1 1 1 1 2 9 7 15 1 3 13 |1 1 2 1 1 1 9 13 1 2 4 1 1 1 1 1 |1 1 12 1 2 1 2 8 6 1 12 1 4 2 14 1 |0 0 0 0 0 0 0 0 0 0 0 0 0 0 0 0 |0 0 0 0 0 0 0 0 0 0 0 0 0 0 0 0 |0 0 0 0 0 0 0 0 0 0 0 0 0 0 0 0 |0 0 0 0 0 0 0 0 0 0 0 0 0 0 0 0 |0 0 0 0 0 0 0 0 0 0 0 0 0 0 0 0 |0 0 0 0 0 0 0 0 0 0 0 0 0 0 0 0 |0 0 0 0 0 0 0 0 0 0 0 0 0 0 0 0 |0 0 0 0 0 0 0 0 0 0 0 0 0 0 0 0 |
123: 1 2 13 1 2 4 1 1 6 1 1 1 2 1 22 1 |1 4 1 10 1 1 1 1 1 2 9 7 15 1 3 13 |1 1 2 1 1 1 9 13 1 2 4 1 1 1 1 1 |1 1 12 1 2 1 2 8 6 1 12 1 4 2 14 1 |1 1 1 1 12 1 3 1 7 5 1 1 3 1 1 8 |0 0 0 0 0 0 0 0 0 0 0 0 0 0 0 0 |0 0 0 0 0 0 0 0 0 0 0 0 0 0 0 0 |0 0 0 0 0 0 0 0 0 0 0 0 0 0 0 0 |0 0 0 0 0 0 0 0 0 0 0 0 0 0 0 0 |0 0 0 0 0 0 0 0 0 0 0 0 0 0 0 0 |0 0 0 0 0 0 0 0 0 0 0 0 0 0 0 0 |0 0 0 0 0 0 0 0 0 0 0 0 0 0 0 0 |
134: 1 2 13 1 2 4 1 1 6 1 1 1 2 1 22 1 |1 4 1 10 1 1 1 1 1 2 9 7 15 1 3 13 |1 1 2 1 1 1 9 13 1 2 4 1 1 1 1 1 |1 1 12 1 2 1 2 8 6 1 12 1 4 2 14 1 |1 1 1 1 12 1 3 1 7 5 1 1 3 1 1 8 |1 8 2 2 2 8 1 1 1 3 1 1 1 1 1 1 |0 0 0 0 0 0 0 0 0 0 0 0 0 0 0 0 |0 0 0 0 0 0 0 0 0 0 0 0 0 0 0 0 |0 0 0 0 0 0 0 0 0 0 0 0 0 0 0 0 |0 0 0 0 0 0 0 0 0 0 0 0 0 0 0 0 |0 0 0 0 0 0 0 0 0 0 0 0 0 0 0 0 |0 0 0 0 0 0 0 0 0 0 0 0 0 0 0 0 |
144: 1 2 13 1 2 4 1 1 6 1 1 1 2 1 22 1 |1 4 1 10 1 1 1 1 1 2 9 7 15 1 3 13 |1 1 2 1 1 1 9 13 1 2 4 1 1 1 1 1 |1 1 12 1 2 1 2 8 6 1 12 1 4 2 14 1 |1 1 1 1 12 1 3 1 7 5 1 1 3 1 1 8 |1 8 2 2 2 8 1 1 1 3 1 1 1 1 1 1 |7 6 2 1 4 1 1 11 8 2 3 1 1 1 15 2 |0 0 0 0 0 0 0 0 0 0 0 0 0 0 0 0 |0 0 0 0 0 0 0 0 0 0 0 0 0 0 0 0 |0 0 0 0 0 0 0 0 0 0 0 0 0 0 0 0 |0 0 0 0 0 0 0 0 0 0 0 0 0 0 0 0 |0 0 0 0 0 0 0 0 0 0 0 0 0 0 0 0 |
155: 1 2 13 1 2 4 1 1 6 1 1 1 2 1 22 1 |1 4 1 10 1 1 1 1 1 2 9 7 15 1 3 13 |1 1 2 1 1 1 9 13 1 2 4 1 1 1 1 1 |1 1 12 1 2 1 2 8 6 1 12 1 4 2 14 1 |1 1 1 1 12 1 3 1 7 5 1 1 3 1 1 8 |1 8 2 2 2 8 1 1 1 3 1 1 1 1 1 1 |7 6 2 1 4 1 1 11 8 2 3 1 1 1 15 2 |0 0 0 0 0 0 0 0 0 0 0 0 0 0 0 0 |0 0 0 0 0 0 0 0 0 0 0 0 0 0 0 0 |0 0 0 0 0 0 0 0 0 0 0 0 0 0 0 0 |0 0 0 0 0 0 0 0 0 0 0 0 0 0 0 0 |0 0 0 0 0 0 0 0 0 0 0 0 0 0 0 0 |
166: 1 2 13 1 2 4 1 1 6 1 1 1 2 1 22 1 |1 4 1 10 1 1 1 1 1 2 9 7 15 1 3 13 |1 1 2 1 1 1 9 13 1 2 4 1 1 1 1 1 |1 1 12 1 2 1 2 8 6 1 12 1 4 2 14 1 |1 1 1 1 12 1 3 1 7 5 1 1 3 1 1 8 |1 8 2 2 2 8 1 1 1 3 1 1 1 1 1 1 |7 6 2 1 4 1 1 11 8 2 3 1 1 1 15 2 |0 0 0 0 0 0 0 0 0 0 0 0 0 0 0 0 |0 0 0 0 0 0 0 0 0 0 0 0 0 0 0 0 |0 0 0 0 0 0 0 0 0 0 0 0 0 0 0 0 |0 0 0 0 0 0 0 0 0 0 0 0 0 0 0 0 |0 0 0 0 0 0 0 0 0 0 0 0 0 0 0 0 |
176: 1 2 13 1 2 4 1 1 6 1 1 1 2 1 22 1 |1 4 1 10 1 1 1 1 1 2 9 7 15 1 3 13 |1 1 2 1 1 1 9 13 1 2 4 1 1 1 1 1 |1 1 12 1 2 1 2 8 6 1 12 1 4 2 14 1 |1 1 1 1 12 1 3 1 7 5 1 1 3 1 1 8 |1 8 2 2 2 8 1 1 1 3 1 1 1 1 1 1 |7 6 2 1 4 1 1 11 8 2 3 1 1 1 15 2 |0 0 0 0 0 0 0 0 0 0 0 0 0 0 0 0 |0 0 0 0 0 0 0 0 0 0 0 0 0 0 0 0 |0 0 0 0 0 0 0 0 0 0 0 0 0 0 0 0 |0 0 0 0 0 0 0 0 0 0 0 0 0 0 0 0 |0 0 0 0 0 0 0 0 0 0 0 0 0 0 0 0 |
187: 1 2 13 1 2 4 1 1 6 1 1 1 2 1 22 1 |1 4 1 10 1 1 1 1 1 2 9 7 15 1 3 13 |1 1 2 1 1 1 9 13 1 2 4 1 1 1 1 1 |1 1 12 1 2 1 2 8 6 1 12 1 4 2 14 1 |1 1 1 1 12 1 3 1 7 5 1 1 3 1 1 8 |1 8 2 2 2 8 1 1 1 3 1 1 1 1 1 1 |7 6 2 1 4 1 1 11 8 2 3 1 1 1 15 2 |0 0 0 0 0 0 0 0 0 0 0 0 0 0 0 0 |0 0 0 0 0 0 0 0 0 0 0 0 0 0 0 0 |0 0 0 0 0 0 0 0 0 0 0 0 0 0 0 0 |0 0 0 0 0 0 0 0 0 0 0 0 0 0 0 0 |0 0 0 0 0 0 0 0 0 0 0 0 0 0 0 0 |
199: 1 2 13 1 2 4 1 1 6 1 1 1 2 1 22 1 |1 4 1 10 1 1 1 1 1 2 9 7 15 1 3 13 |1 1 2 1 1 1 9 13 1 2 4 1 1 1 1 1 |1 1 12 1 2 1 2 8 6 1 12 1 4 2 14 1 |1 1 1 1 12 1 3 1 7 5 1 1 3 1 1 8 |1 8 2 2 2 8 1 1 1 3 1 1 1 1 1 1 |7 6 2 1 4 1 1 11 8 2 3 1 1 1 15 2 |0 0 0 0 0 0 0 0 0 0 0 0 0 0 0 0 |0 0 0 0 0 0 0 0 0 0 0 0 0 0 0 0 |0 0 0 0 0 0 0 0 0 0 0 0 0 0 0 0 |0 0 0 0 0 0 0 0 0 0 0 0 0 0 0 0 |0 0 0 0 0 0 0 0 0 0 0 0 0 0 0 0 |
209: 1 2 13 1 2 4 1 1 6 1 1 1 2 1 22 1 |1 4 1 10 1 1 1 1 1 2 9 7 15 1 3 13 |1 1 2 1 1 1 9 13 1 2 4 1 1 1 1 1 |1 1 12 1 2 1 2 8 6 1 12 1 4 2 14 1 |1 1 1 1 12 1 3 1 7 5 1 1 3 1 1 8 |1 8 2 2 2 8 1 1 1 3 1 1 1 1 1 1 |7 6 2 1 4 1 1 11 8 2 3 1 1 1 15 2 |1 1 10 1 1 1 6 15 1 1 1 1 1 1 3 13 |0 0 0 0 0 0 0 0 0 0 0 0 0 0 0 0 |0 0 0 0 0 0 0 0 0 0 0 0 0 0 0 0 |0 0 0 0 0 0 0 0 0 0 0 0 0 0 0 0 |0 0 0 0 0 0 0 0 0 0 0 0 0 0 0 0 |
219: 1 2 13 1 2 4 1 1 6 1 1 1 2 1 22 1 |1 4 1 10 1 1 1 1 1 2 9 7 15 1 3 13 |1 1 2 1 1 1 9 13 1 2 4 1 1 1 1 1 |1 1 12 1 2 1 2 8 6 1 12 1 4 2 14 1 |1 1 1 1 12 1 3 1 7 5 1 1 3 1 1 8 |1 8 2 2 2 8 1 1 1 3 1 1 1 1 1 1 |7 6 2 1 4 1 1 11 8 2 3 1 1 1 15 2 |1 1 10 1 1 1 6 15 1 1 1 1 1 1 3 13 |0 0 0 0 0 0 0 0 0 0 0 0 0 0 0 0 |0 0 0 0 0 0 0 0 0 0 0 0 0 0 0 0 |0 0 0 0 0 0 0 0 0 0 0 0 0 0 0 0 |0 0 0 0 0 0 0 0 0 0 0 0 0 0 0 0 |
230: 1 2 13 1 2 4 1 1 6 1 1 1 2 1 22 1 |1 4 1 10 1 1 1 1 1 2 9 7 15 1 3 13 |1 1 2 1 1 1 9 13 1 2 4 1 1 1 1 1 |1 1 12 1 2 1 2 8 6 1 12 1 4 2 14 1 |1 1 1 1 12 1 3 1 7 5 1 1 3 1 1 8 |1 8 2 2 2 8 1 1 1 3 1 1 1 1 1 1 |7 6 2 1 4 1 1 11 8 2 3 1 1 1 15 2 |1 1 10 1 1 1 6 15 1 1 1 1 1 1 3 13 |0 0 0 0 0 0 0 0 0 0 0 0 0 0 0 0 |0 0 0 0 0 0 0 0 0 0 0 0 0 0 0 0 |0 0 0 0 0 0 0 0 0 0 0 0 0 0 0 0 |0 0 0 0 0 0 0 0 0 0 0 0 0 0 0 0 |
240: 1 2 13 1 2 4 1 1 6 1 1 1 2 1 22 1 |1 4 1 10 1 1 1 1 1 2 9 7 15 1 3 13 |1 1 2 1 1 1 9 13 1 2 4 1 1 1 1 1 |1 4 18 1 5 1 1 1 12 4 8 1 1 5 15 1 |1 1 1 1 12 1 3 1 7 5 1 1 3 1 1 8 |1 8 2 2 2 8 1 1 1 3 1 1 1 1 1 1 |7 6 2 1 4 1 1 11 8 2 3 1 1 1 15 2 |1 1 10 1 1 1 6 15 1 1 1 1 1 1 3 13 |0 0 0 0 0 0 0 0 0 0 0 0 0 0 0 0 |0 0 0 0 0 0 0 0 0 0 0 0 0 0 0 0 |0 0 0 0 0 0 0 0 0 0 0 0 0 0 0 0 |0 0 0 0 0 0 0 0 0 0 0 0 0 0 0 0 |
250: 1 2 13 1 2 4 1 1 6 1 1 1 2 1 22 1 |1 4 1 10 1 1 1 1 1 2 9 7 15 1 3 13 |1 1 2 1 1 1 9 13 1 2 4 1 1 1 1 1 |1 4 18 1 5 1 1 1 12 4 8 1 1 5 15 1 |1 1 1 1 12 1 3 1 7 5 1 1 3 1 1 8 |1 8 2 2 2 8 1 1 1 3 1 1 1 1 1 1 |7 6 2 1 4 1 1 11 8 2 3 1 1 1 15 2 |1 1 10 1 1 1 6 15 1 1 1 1 1 1 3 13 |0 0 0 0 0 0 0 0 0 0 0 0 0 0 0 0 |0 0 0 0 0 0 0 0 0 0 0 0 0 0 0 0 |0 0 0 0 0 0 0 0 0 0 0 0 0 0 0 0 |0 0 0 0 0 0 0 0 0 0 0 0 0 0 0 0 |
261: 1 2 13 1 2 4 1 1 6 1 1 1 2 1 22 1 |1 4 1 10 1 1 1 1 1 2 9 7 15 1 3 13 |1 1 2 1 1 1 9 13 1 2 4 1 1 1 1 1 |1 4 18 1 5 1 1 1 12 4 8 1 1 5 15 1 |1 1 1 1 12 1 3 1 7 5 1 1 3 1 1 8 |1 8 2 2 2 8 1 1 1 3 1 1 1 1 1 1 |7 6 2 1 4 1 1 11 8 2 3 1 1 1 15 2 |1 1 10 1 1 1 6 15 1 1 1 1 1 1 3 13 |0 0 0 0 0 0 0 0 0 0 0 0 0 0 0 0 |0 0 0 0 0 0 0 0 0 0 0 0 0 0 0 0 |0 0 0 0 0 0 0 0 0 0 0 0 0 0 0 0 |0 0 0 0 0 0 0 0 0 0 0 0 0 0 0 0 |
272: 1 2 13 1 2 4 1 1 6 1 1 1 2 1 22 1 |1 4 1 10 1 1 1 1 1 2 9 7 15 1 3 13 |1 1 2 1 1 1 9 13 1 2 4 1 1 1 1 1 |1 1 1 1 1 1 1 1 13 4 1 1 1 5 9 1 |1 1 1 1 12 1 3 1 7 5 1 1 3 1 1 8 |1 8 2 2 2 8 1 1 1 3 1 1 1 1 1 1 |7 6 2 1 4 1 1 11 8 2 3 1 1 1 15 2 |1 1 10 1 1 1 6 15 1 1 1 1 1 1 3 13 |0 0 0 0 0 0 0 0 0 0 0 0 0 0 0 0 |0 0 0 0 0 0 0 0 0 0 0 0 0 0 0 0 |0 0 0 0 0 0 0 0 0 0 0 0 0 0 0 0 |0 0 0 0 0 0 0 0 0 0 0 0 0 0 0 0 |
282: 1 2 13 1 2 4 1 1 6 1 1 1 2 1 22 1 |1 4 1 10 1 1 1 1 1 2 9 7 15 1 3 13 |1 1 2 1 1 1 9 13 1 2 4 1 1 1 1 1 |1 1 1 1 1 1 1 1 13 4 1 1 1 5 9 1 |1 1 1 1 1 1 1 1 1 1 5 1 1 4 1 4 |1 8 2 2 2 8 1 1 1 3 1 1 1 1 1 1 |7 6 2 1 4 1 1 11 8 2 3 1 1 1 15 2 |1 1 10 1 1 1 6 15 1 1 1 1 1 1 3 13 |0 0 0 0 0 0 0 0 0 0 0 0 0 0 0 0 |0 0 0 0 0 0 0 0 0 0 0 0 0 0 0 0 |0 0 0 0 0 0 0 0 0 0 0 0 0 0 0 0 |0 0 0 0 0 0 0 0 0 0 0 0 0 0 0 0 |
293: 1 2 13 1 2 4 1 1 6 1 1 1 2 1 22 1 |1 4 1 10 1 1 1 1 1 2 9 7 15 1 3 13 |1 1 2 1 1 1 9 13 1 2 4 1 1 1 1 1 |1 1 1 1 1 1 1 1 13 4 1 1 1 5 9 1 |1 1 1 1 1 1 1 1 1 1 5 1 1 4 1 4 |1 8 2 2 2 8 1 1 1 3 1 1 1 1 1 1 |7 6 2 1 4 1 1 11 8 2 3 1 1 1 15 2 |1 1 10 1 1 1 6 15 1 1 1 1 1 1 3 13 |0 0 0 0 0 0 0 0 0 0 0 0 0 0 0 0 |0 0 0 0 0 0 0 0 0 0 0 0 0 0 0 0 |0 0 0 0 0 0 0 0 0 0 0 0 0 0 0 0 |0 0 0 0 0 0 0 0 0 0 0 0 0 0 0 0 |
304: 1 2 13 1 2 4 1 1 6 1 1 1 2 1 22 1 |1 4 1 10 1 1 1 1 1 2 9 7 15 1 3 13 |1 14 17 1 1 2 7 3 1 1 3 4 1 2 1 1 |1 1 1 1 1 1 1 1 13 4 1 1 1 5 9 1 |1 1 1 1 1 1 1 1 1 1 5 1 1 4 1 4 |1 8 2 2 2 8 1 1 1 3 1 1 1 1 1 1 |7 6 2 1 4 1 1 11 8 2 3 1 1 1 15 2 |1 1 10 1 1 1 6 15 1 1 1 1 1 1 3 13 |0 0 0 0 0 0 0 0 0 0 0 0 0 0 0 0 |0 0 0 0 0 0 0 0 0 0 0 0 0 0 0 0 |0 0 0 0 0 0 0 0 0 0 0 0 0 0 0 0 |0 0 0 0 0 0 0 0 0 0 0 0 0 0 0 0 |
315: 1 2 13 1 2 4 1 1 6 1 1 1 2 1 22 1 |1 4 1 10 1 1 1 1 1 2 9 7 15 1 3 13 |1 14 17 1 1 2 7 3 1 1 3 4 1 2 1 1 |1 1 1 1 1 1 1 1 13 4 1 1 1 5 9 1 |1 1 1 1 1 1 1 1 1 1 5 1 1 4 1 4 |1 8 2 2 2 8 1 1 1 3 1 1 1 1 1 1 |7 6 2 1 4 1 1 11 8 2 3 1 1 1 15 2 |1 1 10 1 1 1 6 15 1 1 1 1 1 1 3 13 |0 0 0 0 0 0 0 0 0 0 0 0 0 0 0 0 |1 10 6 1 1 3 2 6 1 5 13 1 5 2 15 1 |0 0 0 0 0 0 0 0 0 0 0 0 0 0 0 0 |0 0 0 0 0 0 0 0 0 0 0 0 0 0 0 0 |
325: 1 2 13 1 2 4 1 1 6 1 1 1 2 1 22 1 |1 4 1 10 1 1 1 1 1 2 9 7 15 1 3 13 |1 14 17 1 1 2 7 3 1 1 3 4 1 2 1 1 |1 1 1 1 1 1 1 1 13 4 1 1 1 5 9 1 |1 1 1 1 1 1 1 1 1 1 5 1 1 4 1 4 |1 8 2 2 2 8 1 1 1 3 1 1 1 1 1 1 |7 6 2 1 4 1 1 11 8 2 3 1 1 1 15 2 |1 1 10 1 1 1 6 15 1 1 1 1 1 1 3 13 |0 0 0 0 0 0 0 0 0 0 0 0 0 0 0 0 |1 10 6 1 1 3 2 6 1 5 13 1 5 2 15 1 |0 0 0 0 0 0 0 0 0 0 0 0 0 0 0 0 |0 0 0 0 0 0 0 0 0 0 0 0 0 0 0 0 |
336: 1 1 15 1 1 17 9 1 1 1 1 1 3 1 3 2 |1 4 1 10 1 1 1 1 1 2 9 7 15 1 3 13 |1 14 17 1 1 2 7 3 1 1 3 4 1 2 1 1 |1 1 1 1 1 1 1 1 13 4 1 1 1 5 9 1 |1 1 1 1 1 1 1 1 1 1 5 1 1 4 1 4 |1 8 2 2 2 8 1 1 1 3 1 1 1 1 1 1 |7 6 2 1 4 1 1 11 8 2 3 1 1 1 15 2 |1 1 10 1 1 1 6 15 1 1 1 1 1 1 3 13 |0 0 0 0 0 0 0 0 0 0 0 0 0 0 0 0 |1 10 6 1 1 3 2 6 1 5 13 1 5 2 15 1 |0 0 0 0 0 0 0 0 0 0 0 0 0 0 0 0 |0 0 0 0 0 0 0 0 0 0 0 0 0 0 0 0 |
346: 1 1 15 1 1 17 9 1 1 1 1 1 3 1 3 2 |1 4 1 10 1 1 1 1 1 2 9 7 15 1 3 13 |1 14 17 1 1 2 7 3 1 1 3 4 1 2 1 1 |1 1 1 1 1 1 1 1 13 4 1 1 1 5 9 1 |1 1 1 1 1 1 1 1 1 1 5 1 1 4 1 4 |1 8 2 2 2 8 1 1 1 3 1 1 1 1 1 1 |7 6 2 1 4 1 1 11 8 2 3 1 1 1 15 2 |1 1 10 1 1 1 6 15 1 1 1 1 1 1 3 13 |0 0 0 0 0 0 0 0 0 0 0 0 0 0 0 0 |1 11 8 1 1 2 1 5 1 6 13 1 6 2 4 1 |0 0 0 0 0 0 0 0 0 0 0 0 0 0 0 0 |0 0 0 0 0 0 0 0 0 0 0 0 0 0 0 0 |
357: 1 1 15 1 1 17 9 1 1 1 1 1 3 1 3 2 |1 4 1 10 1 1 1 1 1 2 9 7 15 1 3 13 |1 14 17 1 1 2 7 3 1 1 3 4 1 2 1 1 |1 1 1 1 1 1 1 1 13 4 1 1 1 5 9 1 |1 1 1 1 1 1 1 1 1 1 5 1 1 4 1 4 |1 8 2 2 2 8 1 1 1 3 1 1 1 1 1 1 |7 6 2 1 4 1 1 11 8 2 3 1 1 1 15 2 |1 1 10 1 1 1 6 15 1 1 1 1 1 1 3 13 |0 0 0 0 0 0 0 0 0 0 0 0 0 0 0 0 |1 11 8 1 1 2 1 5 1 6 13 1 6 2 4 1 |1 1 1 1 1 1 3 5 1 5 4 1 3 1 4 14 |0 0 0 0 0 0 0 0 0 0 0 0 0 0 0 0 |
368: 1 2 13 1 1 16 9 1 7 1 1 2 5 1 3 2 |1 4 1 10 1 1 1 1 1 2 9 7 15 1 3 13 |1 14 17 1 1 2 7 3 1 1 3 4 1 2 1 1 |1 1 1 1 1 1 1 1 13 4 1 1 1 5 9 1 |1 1 1 1 1 1 1 1 1 1 5 1 1 4 1 4 |1 8 2 2 2 8 1 1 1 3 1 1 1 1 1 1 |7 6 2 1 4 1 1 11 8 2 3 1 1 1 15 2 |1 1 10 1 1 1 6 15 1 1 1 1 1 1 3 13 |0 0 0 0 0 0 0 0 0 0 0 0 0 0 0 0 |1 11 8 1 1 2 1 5 1 6 13 1 6 2 4 1 |1 1 1 1 1 1 3 5 1 5 4 1 3 1 4 14 |0 0 0 0 0 0 0 0 0 0 0 0 0 0 0 0 |
379: 1 2 13 1 1 16 9 1 7 1 1 2 5 1 3 2 |1 4 1 10 1 1 1 1 1 2 9 7 15 1 3 13 |1 14 17 1 1 2 7 3 1 1 3 4 1 2 1 1 |1 1 1 1 1 1 1 1 13 4 1 1 1 5 9 1 |1 1 1 1 1 1 1 1 1 1 5 1 1 4 1 4 |1 8 2 2 2 8 1 1 1 3 1 1 1 1 1 1 |7 6 2 1 4 1 1 11 8 2 3 1 1 1 15 2 |1 1 10 1 1 1 6 15 1 1 1 1 1 1 3 13 |2 1 1 1 1 1 3 13 6 1 1 5 1 8 8 1 |1 11 8 1 1 2 1 5 1 6 13 1 6 2 4 1 |1 1 1 1 1 1 3 5 1 5 4 1 3 1 4 14 |0 0 0 0 0 0 0 0 0 0 0 0 0 0 0 0 |
390: 1 2 13 1 1 16 9 1 7 1 1 2 5 1 3 2 |1 4 1 10 1 1 1 1 1 2 9 7 15 1 3 13 |1 14 17 1 1 2 7 3 1 1 3 4 1 2 1 1 |1 1 1 1 1 1 1 1 13 4 1 1 1 5 9 1 |1 1 1 1 1 1 1 1 1 1 5 1 1 4 1 4 |1 8 2 2 2 8 1 1 1 3 1 1 1 1 1 1 |7 6 2 1 4 1 1 11 8 2 3 1 1 1 15 2 |1 1 10 1 1 1 6 15 1 1 1 1 1 1 3 13 |2 1 1 1 1 1 3 13 6 1 1 5 1 8 8 1 |1 11 8 1 1 2 1 5 1 6 13 1 6 2 4 1 |1 1 1 1 1 1 3 5 1 5 4 1 3 1 4 14 |0 0 0 0 0 0 0 0 0 0 0 0 0 0 0 0 |
400: 1 2 13 1 1 16 9 1 7 1 1 2 5 1 3 2 |1 4 1 10 1 1 1 1 1 2 9 7 15 1 3 13 |1 14 17 1 1 2 7 3 1 1 3 4 1 2 1 1 |1 1 1 1 1 1 1 1 13 4 1 1 1 5 9 1 |1 1 1 1 1 1 1 1 1 1 5 1 1 4 1 4 |1 8 2 2 2 8 1 1 1 3 1 1 1 1 1 1 |7 6 2 1 4 1 1 11 8 2 3 1 1 1 15 2 |1 1 10 1 1 1 6 15 1 1 1 1 1 1 3 13 |2 1 1 1 1 1 3 13 6 1 1 5 1 8 8 1 |1 11 8 1 1 2 1 5 1 6 13 1 6 2 4 1 |1 1 1 1 1 1 3 5 1 5 4 1 3 1 4 14 |0 0 0 0 0 0 0 0 0 0 0 0 0 0 0 0 |
411: 1 2 13 1 1 16 9 1 7 1 1 2 5 1 3 2 |1 4 1 10 1 1 1 1 1 2 9 7 15 1 3 13 |1 14 17 1 1 2 7 3 1 1 3 4 1 2 1 1 |1 1 1 1 1 1 1 1 13 4 1 1 1 5 9 1 |1 1 1 1 1 1 1 1 1 1 5 1 1 4 1 4 |1 8 2 2 2 8 1 1 1 3 1 1 1 1 1 1 |6 1 2 5 3 1 1 11 12 1 2 1 1 1 2 4 |1 1 10 1 1 1 6 15 1 1 1 1 1 1 3 13 |2 1 1 1 1 1 3 13 6 1 1 5 1 8 8 1 |1 11 8 1 1 2 1 5 1 6 13 1 6 2 4 1 |1 1 1 1 1 1 3 5 1 5 4 1 3 1 4 14 |0 0 0 0 0 0 0 0 0 0 0 0 0 0 0 0 |
421: 1 2 13 1 1 16 9 1 7 1 1 2 5 1 3 2 |1 4 1 10 1 1 1 1 1 2 9 7 15 1 3 13 |1 14 17 1 1 2 7 3 1 1 3 4 1 2 1 1 |1 1 1 1 1 1 1 1 13 4 1 1 1 5 9 1 |1 1 1 1 1 1 1 1 1 1 5 1 1 4 1 4 |1 8 2 2 2 8 1 1 1 3 1 1 1 1 1 1 |6 1 2 5 3 1 1 11 12 1 2 1 1 1 2 4 |1 1 10 1 1 1 6 15 1 1 1 1 1 1 3 13 |2 1 1 1 1 1 3 13 6 1 1 5 1 8 8 1 |1 11 8 1 1 2 1 5 1 6 13 1 6 2 4 1 |1 1 1 1 1 1 3 5 1 5 4 1 3 1 4 14 |0 0 0 0 0 0 0 0 0 0 0 0 0 0 0 0 |
432: 1 2 13 1 1 16 9 1 7 1 1 2 5 1 3 2 |1 4 1 10 1 1 1 1 1 2 9 7 15 1 3 13 |1 14 17 1 1 2 7 3 1 1 3 4 1 2 1 1 |1 1 1 1 1 1 1 1 13 4 1 1 1 5 9 1 |1 1 1 1 1 1 1 1 1 1 5 1 1 4 1 4 |1 8 2 2 2 8 1 1 1 3 1 1 1 1 1 1 |6 1 2 5 3 1 1 11 12 1 2 1 1 1 2 4 |1 1 10 1 1 1 6 15 1 1 1 1 1 1 3 13 |2 1 1 1 1 1 3 13 6 1 1 5 1 8 8 1 |1 11 8 1 1 2 1 5 1 6 13 1 6 2 4 1 |1 1 1 1 1 1 3 5 1 5 4 1 3 1 4 14 |0 0 0 0 0 0 0 0 0 0 0 0 0 0 0 0 |
443: 1 2 13 1 1 16 9 1 7 1 1 2 5 1 3 2 |1 4 1 10 1 1 1 1 1 2 9 7 15 1 3 13 |1 14 17 1 1 2 7 3 1 1 3 4 1 2 1 1 |1 1 1 1 1 1 1 1 13 4 1 1 1 5 9 1 |1 1 1 1 1 1 1 1 1 1 5 1 1 4 1 4 |1 8 2 2 2 8 1 1 1 3 1 1 1 1 1 1 |6 1 2 5 3 1 1 11 12 1 2 1 1 1 2 4 |1 1 10 1 1 1 6 15 1 1 1 1 1 1 3 13 |2 1 1 1 1 1 3 13 6 1 1 5 1 8 8 1 |1 11 8 1 1 2 1 5 1 6 13 1 6 2 4 1 |1 1 1 1 1 1 3 5 1 5 4 1 3 1 4 14 |0 0 0 0 0 0 0 0 0 0 0 0 0 0 0 0 |
454: 1 2 13 1 1 16 9 1 7 1 1 2 5 1 3 2 |1 4 1 10 1 1 1 1 1 2 9 7 15 1 3 13 |1 14 17 1 1 2 7 3 1 1 3 4 1 2 1 1 |1 1 1 1 1 1 1 1 13 4 1 1 1 5 9 1 |1 1 1 1 1 1 1 1 1 1 5 1 1 4 1 4 |1 8 2 2 2 8 1 1 1 3 1 1 1 1 1 1 |6 1 2 5 3 1 1 11 12 1 2 1 1 1 2 4 |1 1 10 1 1 1 6 15 1 1 1 1 1 1 3 13 |2 1 1 1 1 1 3 13 6 1 1 5 1 8 8 1 |1 11 8 1 1 2 1 5 1 6 13 1 6 2 4 1 |1 1 1 1 1 1 3 5 1 5 4 1 3 1 4 14 |0 0 0 0 0 0 0 0 0 0 0 0 0 0 0 0 |
464: 1 2 13 1 1 16 9 1 7 1 1 2 5 1 3 2 |1 4 1 10 1 1 1 1 1 2 9 7 15 1 3 13 |1 14 17 1 1 2 7 3 1 1 3 4 1 2 1 1 |1 1 1 1 1 1 1 1 13 4 1 1 1 5 9 1 |1 1 1 1 1 1 1 1 1 1 5 1 1 4 1 4 |1 8 2 2 2 8 1 1 1 3 1 1 1 1 1 1 |6 1 2 5 3 1 1 11 12 1 2 1 1 1 2 4 |1 1 10 1 1 1 6 15 1 1 1 1 1 1 3 13 |2 1 1 1 1 1 3 13 6 1 1 5 1 8 8 1 |1 11 8 1 1 2 1 5 1 6 13 1 6 2 4 1 |1 1 1 1 1 1 3 5 1 5 4 1 3 1 4 14 |0 0 0 0 0 0 0 0 0 0 0 0 0 0 0 0 |
475: 1 2 13 1 1 16 9 1 7 1 1 2 5 1 3 2 |1 4 1 10 1 1 1 1 1 2 9 7 15 1 3 13 |1 14 17 1 1 2 7 3 1 1 3 4 1 2 1 1 |1 1 1 1 1 1 1 1 13 4 1 1 1 5 9 1 |1 1 1 1 1 1 1 1 1 1 5 1 1 4 1 4 |1 8 2 2 2 8 1 1 1 3 1 1 1 1 1 1 |6 1 2 5 3 1 1 11 12 1 2 1 1 1 2 4 |1 1 10 1 1 1 6 15 1 1 1 1 1 1 3 13 |2 1 1 1 1 1 3 13 6 1 1 5 1 8 8 1 |1 11 8 1 1 2 1 5 1 6 13 1 6 2 4 1 |1 1 1 1 1 1 3 5 1 5 4 1 3 1 4 14 |0 0 0 0 0 0 0 0 0 0 0 0 0 0 0 0 |
486: 1 2 13 1 1 16 9 1 7 1 1 2 5 1 3 2 |1 4 1 10 1 1 1 1 1 2 9 7 15 1 3 13 |1 14 17 1 1 2 7 3 1 1 3 4 1 2 1 1 |1 1 1 1 1 1 1 1 13 4 1 1 1 5 9 1 |1 1 1 1 1 1 1 1 1 1 5 1 1 4 1 4 |1 8 2 2 2 8 1 1 1 3 1 1 1 1 1 1 |6 1 2 5 3 1 1 11 12 1 2 1 1 1 2 4 |1 1 10 1 1 1 6 15 1 1 1 1 1 1 3 13 |2 1 1 1 1 1 3 13 6 1 1 5 1 8 8 1 |1 11 8 1 1 2 1 5 1 6 13 1 6 2 4 1 |1 1 1 1 1 1 3 5 1 5 4 1 3 1 4 14 |0 0 0 0 0 0 0 0 0 0 0 0 0 0 0 0 |
496: 1 2 13 1 1 16 9 1 7 1 1 2 5 1 3 2 |1 4 1 10 1 1 1 1 1 2 9 7 15 1 3 13 |1 14 17 1 1 2 7 3 1 1 3 4 1 2 1 1 |1 1 1 1 1 1 1 1 13 4 1 1 1 5 9 1 |1 1 1 1 1 1 1 1 1 1 5 1 1 4 1 4 |1 8 2 2 2 8 1 1 1 3 1 1 1 1 1 1 |6 1 2 5 3 1 1 11 12 1 2 1 1 1 2 4 |1 1 10 1 1 1 6 15 1 1 1 1 1 1 3 13 |2 1 1 1 1 1 3 13 6 1 1 5 1 8 8 1 |1 11 8 1 1 2 1 5 1 6 13 1 6 2 4 1 |1 1 1 1 1 1 3 5 1 5 4 1 3 1 4 14 |0 0 0 0 0 0 0 0 0 0 0 0 0 0 0 0 |
507: 1 2 13 1 1 16 9 1 7 1 1 2 5 1 3 2 |1 4 1 10 1 1 1 1 1 2 9 7 15 1 3 13 |1 14 17 1 1 2 7 3 1 1 3 4 1 2 1 1 |1 1 1 1 1 1 1 1 13 4 1 1 1 5 9 1 |1 1 1 1 1 1 1 1 1 1 5 1 1 4 1 4 |1 2 2 2 1 6 1 1 8 3 1 1 1 4 1 2 |6 1 2 5 3 1 1 11 12 1 2 1 1 1 2 4 |1 1 10 1 1 1 6 15 1 1 1 1 1 1 3 13 |2 1 1 1 1 1 3 13 6 1 1 5 1 8 8 1 |1 11 8 1 1 2 1 5 1 6 13 1 6 2 4 1 |1 1 1 1 1 1 3 5 1 5 4 1 3 1 4 14 |0 0 0 0 0 0 0 0 0 0 0 0 0 0 0 0 |
518: 1 2 13 1 1 16 9 1 7 1 1 2 5 1 3 2 |1 4 1 10 1 1 1 1 1 2 9 7 15 1 3 13 |1 14 17 1 1 2 7 3 1 1 3 4 1 2 1 1 |1 1 1 1 1 1 1 1 13 4 1 1 1 5 9 1 |1 1 1 1 1 1 1 1 1 1 5 1 1 4 1 4 |1 2 2 2 1 6 1 1 8 3 1 1 1 4 1 2 |6 1 2 5 3 1 1 11 12 1 2 1 1 1 2 4 |1 1 10 1 1 1 6 15 1 1 1 1 1 1 3 13 |2 1 1 1 1 1 3 13 6 1 1 5 1 8 8 1 |1 11 8 1 1 2 1 5 1 6 13 1 6 2 4 1 |1 1 1 1 1 1 3 5 1 5 4 1 3 1 4 14 |0 0 0 0 0 0 0 0 0 0 0 0 0 0 0 0 |
528: 1 2 13 1 1 16 9 1 7 1 1 2 5 1 3 2 |1 4 1 10 1 1 1 1 1 2 9 7 15 1 3 13 |1 14 17 1 1 2 7 3 1 1 3 4 1 2 1 1 |1 1 1 1 1 1 1 1 13 4 1 1 1 5 9 1 |1 1 1 1 1 1 1 1 1 1 5 1 1 4 1 4 |1 2 2 2 1 6 1 1 8 3 1 1 1 4 1 2 |6 1 2 5 3 1 1 11 12 1 2 1 1 1 2 4 |1 1 10 1 1 1 6 15 1 1 1 1 1 1 3 13 |2 1 1 1 1 1 3 13 6 1 1 5 1 8 8 1 |1 11 8 1 1 2 1 5 1 6 13 1 6 2 4 1 |1 1 1 1 1 1 3 5 1 5 4 1 3 1 4 14 |0 0 0 0 0 0 0 0 0 0 0 0 0 0 0 0 |
539: 1 2 13 1 1 16 9 1 7 1 1 2 5 1 3 2 |1 4 1 10 1 1 1 1 1 2 9 7 15 1 3 13 |1 14 17 1 1 2 7 3 1 1 3 4 1 2 1 1 |1 1 1 1 1 1 1 1 13 4 1 1 1 5 9 1 |1 1 1 1 1 1 1 1 1 1 5 1 1 4 1 4 |1 2 2 2 1 6 1 1 8 3 1 1 1 4 1 2 |6 1 2 5 3 1 1 11 12 1 2 1 1 1 2 4 |1 1 10 1 1 1 6 15 1 1 1 1 1 1 3 13 |2 1 1 1 1 1 3 13 6 1 1 5 1 8 8 1 |1 11 8 1 1 2 1 5 1 6 13 1 6 2 4 1 |1 1 1 1 1 1 3 5 1 5 4 1 3 1 4 14 |0 0 0 0 0 0 0 0 0 0 0 0 0 0 0 0 |
550: 1 2 13 1 1 16 9 1 7 1 1 2 5 1 3 2 |1 4 1 10 1 1 1 1 1 2 9 7 15 1 3 13 |1 14 17 1 1 2 7 3 1 1 3 4 1 2 1 1 |1 1 1 1 1 1 1 1 13 4 1 1 1 5 9 1 |1 1 1 1 1 1 1 1 1 1 5 1 1 4 1 4 |1 2 2 2 1 6 1 1 8 3 1 1 1 4 1 2 |6 1 2 5 3 1 1 11 12 1 2 1 1 1 2 4 |1 1 10 1 1 1 6 15 1 1 1 1 1 1 3 13 |2 1 1 1 1 1 3 13 6 1 1 5 1 8 8 1 |1 11 8 1 1 2 1 5 1 6 13 1 6 2 4 1 |1 1 1 1 1 1 3 5 1 5 4 1 3 1 4 14 |12 1 1 2 1 1 1 1 1 1 1 1 2 1 3 4 |
560: 1 2 13 1 1 16 9 1 7 1 1 2 5 1 3 2 |1 4 1 10 1 1 1 1 1 2 9 7 15 1 3 13 |1 14 17 1 1 2 7 3 1 1 3 4 1 2 1 1 |1 1 1 1 1 1 1 1 13 4 1 1 1 5 9 1 |1 1 1 1 1 1 1 1 1 1 5 1 1 4 1 4 |1 2 2 2 1 6 1 1 8 3 1 1 1 4 1 2 |6 1 2 5 3 1 1 11 12 1 2 1 1 1 2 4 |1 1 10 1 1 1 6 15 1 1 1 1 1 1 3 13 |2 1 1 1 1 1 3 13 6 1 1 5 1 8 8 1 |1 11 8 1 1 2 1 5 1 6 13 1 6 2 4 1 |1 1 1 1 1 1 3 5 1 5 4 1 3 1 4 14 |12 1 1 2 1 1 1 1 1 1 1 1 2 1 3 4 |
570: 1 2 13 1 1 16 9 1 7 1 1 2 5 1 3 2 |1 4 1 10 1 1 1 1 1 2 9 7 15 1 3 13 |1 14 17 1 1 2 7 3 1 1 3 4 1 2 1 1 |1 1 1 1 1 1 1 1 13 4 1 1 1 5 9 1 |1 1 1 1 1 1 1 1 1 1 5 1 1 4 1 4 |1 2 2 2 1 6 1 1 8 3 1 1 1 4 1 2 |6 1 2 5 3 1 1 11 12 1 2 1 1 1 2 4 |1 1 10 1 1 1 6 15 1 1 1 1 1 1 3 13 |2 1 1 1 1 1 3 13 6 1 1 5 1 8 8 1 |1 11 8 1 1 2 1 5 1 6 13 1 6 2 4 1 |1 1 1 1 1 1 3 5 1 5 4 1 3 1 4 14 |12 1 1 2 1 1 1 1 1 1 1 1 2 1 3 4 |
581: 1 2 13 1 1 16 9 1 7 1 1 2 5 1 3 2 |1 4 1 10 1 1 1 1 1 2 9 7 15 1 3 13 |1 14 17 1 1 2 7 3 1 1 3 4 1 2 1 1 |1 1 1 1 1 1 1 1 13 4 1 1 1 5 9 1 |1 1 1 1 1 1 1 1 1 1 5 1 1 4 1 4 |1 2 2 2 1 6 1 1 8 3 1 1 1 4 1 2 |6 1 2 5 3 1 1 11 12 1 2 1 1 1 2 4 |1 1 10 1 1 1 6 15 1 1 1 1 1 1 3 13 |2 1 1 1 1 1 3 13 6 1 1 5 1 8 8 1 |1 11 8 1 1 2 1 5 1 6 13 1 6 2 4 1 |1 1 1 1 1 1 3 5 1 5 4 1 3 1 4 14 |8 1 1 1 1 8 3 8 1 1 1 1 2 2 2 1 |
592: 1 2 13 1 1 16 9 1 7 1 1 2 5 1 3 2 |1 4 1 10 1 1 1 1 1 2 9 7 15 1 3 13 |1 14 17 1 1 2 7 3 1 1 3 4 1 2 1 1 |1 1 1 1 1 1 1 1 13 4 1 1 1 5 9 1 |1 1 1 1 1 1 1 1 1 1 5 1 1 4 1 4 |1 2 2 2 1 6 1 1 8 3 1 1 1 4 1 2 |6 1 2 5 3 1 1 11 12 1 2 1 1 1 2 4 |1 1 10 1 1 1 6 15 1 1 1 1 1 1 3 13 |2 1 1 1 1 1 3 13 6 1 1 5 1 8 8 1 |1 11 8 1 1 2 1 5 1 6 13 1 6 2 4 1 |1 1 1 1 1 1 3 5 1 5 4 1 3 1 4 14 |8 1 1 1 1 8 3 8 1 1 1 1 2 2 2 1 |
603: 1 2 13 1 1 16 9 1 7 1 1 2 5 1 3 2 |1 4 1 10 1 1 1 1 1 2 9 7 15 1 3 13 |1 14 17 1 1 2 7 3 1 1 3 4 1 2 1 1 |1 1 1 1 1 1 1 1 13 4 1 1 1 5 9 1 |1 1 2 1 1 1 1 1 1 1 5 1 1 4 2 2 |1 2 2 2 1 6 1 1 8 3 1 1 1 4 1 2 |6 1 2 5 3 1 1 11 12 1 2 1 1 1 2 4 |1 1 10 1 1 1 6 15 1 1 1 1 1 1 3 13 |2 1 1 1 1 1 3 13 6 1 1 5 1 8 8 1 |1 11 8 1 1 2 1 5 1 6 13 1 6 2 4 1 |1 1 1 1 1 1 3 5 1 5 4 1 3 1 4 14 |8 1 1 1 1 8 3 8 1 1 1 1 2 2 2 1 |
614: 1 2 13 1 1 16 9 1 7 1 1 2 5 1 3 2 |1 4 1 10 1 1 1 1 1 2 9 7 15 1 3 13 |1 14 17 1 1 2 7 3 1 1 3 4 1 2 1 1 |1 1 1 1 1 1 1 1 13 4 1 1 1 5 9 1 |1 1 2 1 1 1 1 1 1 1 5 1 1 4 2 2 |1 9 2 1 2 7 1 1 10 1 1 1 1 5 1 1 |6 1 2 5 3 1 1 11 12 1 2 1 1 1 2 4 |1 1 10 1 1 1 6 15 1 1 1 1 1 1 3 13 |2 1 1 1 1 1 3 13 6 1 1 5 1 8 8 1 |1 11 8 1 1 2 1 5 1 6 13 1 6 2 4 1 |1 1 1 1 1 1 3 5 1 5 4 1 3 1 4 14 |8 1 1 1 1 8 3 8 1 1 1 1 2 2 2 1 |
625: 1 2 13 1 1 16 9 1 7 1 1 2 5 1 3 2 |1 4 1 10 1 1 1 1 1 2 9 7 15 1 3 13 |1 14 17 1 1 2 7 3 1 1 3 4 1 2 1 1 |1 1 1 1 1 1 1 1 13 4 1 1 1 5 9 1 |1 1 2 1 1 1 1 1 1 1 5 1 1 4 2 2 |1 9 2 1 2 7 1 1 10 1 1 1 1 5 1 1 |6 1 2 5 3 1 1 11 12 1 2 1 1 1 2 4 |1 1 10 1 1 1 6 15 1 1 1 1 1 1 3 13 |2 1 1 1 1 1 3 13 6 1 1 5 1 8 8 1 |1 11 8 1 1 2 1 5 1 6 13 1 6 2 4 1 |1 1 1 1 1 1 3 5 1 5 4 1 3 1 4 14 |8 1 1 1 1 8 3 8 1 1 1 1 2 2 2 1 |
636: 1 2 13 1 1 16 9 1 7 1 1 2 5 1 3 2 |1 4 1 10 1 1 1 1 1 2 9 7 15 1 3 13 |1 14 17 1 1 2 7 3 1 1 3 4 1 2 1 1 |1 1 1 1 1 1 1 1 13 4 1 1 1 5 9 1 |1 1 2 1 1 1 1 1 1 1 5 1 1 4 2 2 |1 9 2 1 2 7 1 1 10 1 1 1 1 5 1 1 |6 1 2 5 3 1 1 11 12 1 2 1 1 1 2 4 |1 1 10 1 1 1 6 15 1 1 1 1 1 1 3 13 |2 1 1 1 1 1 3 13 6 1 1 5 1 8 8 1 |1 11 8 1 1 2 1 5 1 6 13 1 6 2 4 1 |1 1 1 1 1 1 3 5 1 5 4 1 3 1 4 14 |8 1 1 1 1 8 3 8 1 1 1 1 2 2 2 1 |
647: 1 2 13 1 1 16 9 1 7 1 1 2 5 1 3 2 |1 4 1 10 1 1 1 1 1 2 9 7 15 1 3 13 |1 14 17 1 1 2 7 3 1 1 3 4 1 2 1 1 |1 1 1 1 1 1 1 1 13 4 1 1 1 5 9 1 |1 1 2 1 1 1 1 1 1 1 5 1 1 4 2 2 |1 9 2 1 2 7 1 1 10 1 1 1 1 5 1 1 |6 1 2 5 3 1 1 11 12 1 2 1 1 1 2 4 |1 1 10 1 1 1 6 15 1 1 1 1 1 1 3 13 |2 1 1 1 1 1 3 13 6 1 1 5 1 8 8 1 |1 11 8 1 1 2 1 5 1 6 13 1 6 2 4 1 |1 1 2 1 1 14 1 4 1 5 4 1 1 1 7 9 |8 1 1 1 1 8 3 8 1 1 1 1 2 2 2 1 |
657: 1 2 13 1 1 16 9 1 7 1 1 2 5 1 3 2 |1 4 1 10 1 1 1 1 1 2 9 7 15 1 3 13 |1 14 17 1 1 2 7 3 1 1 3 4 1 2 1 1 |1 1 1 1 1 1 1 1 13 4 1 1 1 5 9 1 |1 1 2 1 1 1 1 1 1 1 5 1 1 4 2 2 |1 9 2 1 2 7 1 1 10 1 1 1 1 5 1 1 |6 1 2 5 3 1 1 11 12 1 2 1 1 1 2 4 |1 1 10 1 1 1 6 15 1 1 1 1 1 1 3 13 |2 1 1 1 1 1 3 13 6 1 1 5 1 8 8 1 |1 11 8 1 1 2 1 5 1 6 13 1 6 2 4 1 |1 1 2 1 1 14 1 4 1 5 4 1 1 1 7 9 |8 1 1 1 1 8 3 8 1 1 1 1 2 2 2 1 |
667: 1 2 13 1 1 16 9 1 7 1 1 2 5 1 3 2 |1 9 1 9 2 1 3 2 1 13 8 13 8 3 1 1 |1 14 17 1 1 2 7 3 1 1 3 4 1 2 1 1 |1 1 1 1 1 1 1 1 13 4 1 1 1 5 9 1 |1 1 2 1 1 1 1 1 1 1 5 1 1 4 2 2 |1 9 2 1 2 7 1 1 10 1 1 1 1 5 1 1 |6 1 2 5 3 1 1 11 12 1 2 1 1 1 2 4 |1 1 10 1 1 1 6 15 1 1 1 1 1 1 3 13 |2 1 1 1 1 1 3 13 6 1 1 5 1 8 8 1 |1 11 8 1 1 2 1 5 1 6 13 1 6 2 4 1 |1 1 2 1 1 14 1 4 1 5 4 1 1 1 7 9 |8 1 1 1 1 8 3 8 1 1 1 1 2 2 2 1 |
677: 1 2 13 1 1 16 9 1 7 1 1 2 5 1 3 2 |1 9 1 9 2 1 3 2 1 13 8 13 8 3 1 1 |1 14 17 1 1 2 7 3 1 1 3 4 1 2 1 1 |1 1 1 1 1 1 1 1 13 4 1 1 1 5 9 1 |1 1 2 1 1 1 1 1 1 1 5 1 1 4 2 2 |1 9 2 1 2 7 1 1 10 1 1 1 1 5 1 1 |6 1 2 5 3 1 1 11 12 1 2 1 1 1 2 4 |1 1 10 1 1 1 6 15 1 1 1 1 1 1 3 13 |2 1 1 1 1 1 3 13 6 1 1 5 1 8 8 1 |1 8 2 2 1 1 1 5 1 5 13 1 6 1 15 1 |1 1 2 1 1 14 1 4 1 5 4 1 1 1 7 9 |8 1 1 1 1 8 3 8 1 1 1 1 2 2 2 1 |
687: 1 2 13 1 1 16 9 1 7 1 1 2 5 1 3 2 |1 9 1 9 2 1 3 2 1 13 8 13 8 3 1 1 |1 14 17 1 1 2 7 3 1 1 3 4 1 2 1 1 |1 1 1 1 1 1 1 1 13 4 1 1 1 5 9 1 |1 1 2 1 1 1 1 1 1 1 5 1 1 4 2 2 |1 9 2 1 2 7 1 1 10 1 1 1 1 5 1 1 |6 1 2 5 3 1 1 11 12 1 2 1 1 1 2 4 |1 1 10 1 1 1 6 15 1 1 1 1 1 1 3 13 |2 1 1 1 1 1 3 13 6 1 1 5 1 8 8 1 |1 8 2 2 1 1 1 5 1 5 13 1 6 1 15 1 |1 1 2 1 1 14 1 4 1 5 4 1 1 1 7 9 |8 1 1 1 1 8 3 8 1 1 1 1 2 2 2 1 |
698: 1 2 13 1 1 16 9 1 7 1 1 2 5 1 3 2 |1 9 1 9 2 1 3 2 1 13 8 13 8 3 1 1 |1 14 17 1 1 2 7 3 1 1 3 4 1 2 1 1 |1 1 1 1 1 1 1 1 13 4 1 1 1 5 9 1 |1 1 2 1 1 1 1 1 1 1 5 1 1 4 2 2 |1 9 2 1 2 7 1 1 10 1 1 1 1 5 1 1 |6 1 2 5 3 1 1 11 12 1 2 1 1 1 2 4 |1 1 10 1 1 1 6 15 1 1 1 1 1 1 3 13 |2 1 1 1 1 1 3 13 6 1 1 5 1 8 8 1 |1 8 2 2 1 1 1 5 1 5 13 1 6 1 15 1 |1 1 2 1 1 14 1 4 1 5 4 1 1 1 7 9 |8 1 1 1 1 8 3 8 1 1 1 1 2 2 2 1 |
709: 1 2 13 1 1 16 9 1 7 1 1 2 5 1 3 2 |1 9 1 9 2 1 3 2 1 13 8 13 8 3 1 1 |1 14 17 1 1 2 7 3 1 1 3 4 1 2 1 1 |1 1 1 1 1 1 1 1 13 4 1 1 1 5 9 1 |1 1 2 1 1 1 1 1 1 1 5 1 1 4 2 2 |1 9 2 1 2 7 1 1 10 1 1 1 1 5 1 1 |6 1 2 5 3 1 1 11 12 1 2 1 1 1 2 4 |1 1 10 1 1 1 6 15 1 1 1 1 1 1 3 13 |2 1 1 1 1 1 3 13 6 1 1 5 1 8 8 1 |1 8 2 2 1 1 1 5 1 5 13 1 6 1 15 1 |1 1 2 1 1 14 1 4 1 5 4 1 1 1 7 9 |8 1 1 1 1 8 3 8 1 1 1 1 2 2 2 1 |
719: 1 2 13 1 1 16 9 1 7 1 1 2 5 1 3 2 |1 9 1 9 2 1 3 2 1 13 8 13 8 3 1 1 |1 14 17 1 1 2 7 3 1 1 3 4 1 2 1 1 |1 1 1 1 1 1 1 1 13 4 1 1 1 5 9 1 |1 1 2 1 1 1 1 1 1 1 5 1 1 4 2 2 |1 9 2 1 2 7 1 1 10 1 1 1 1 5 1 1 |6 1 2 5 3 1 1 11 12 1 2 1 1 1 2 4 |1 1 10 1 1 1 6 15 1 1 1 1 1 1 3 13 |2 1 1 1 1 1 3 13 6 1 1 5 1 8 8 1 |1 8 2 2 1 1 1 5 1 5 13 1 6 1 15 1 |1 1 2 1 1 14 1 4 1 5 4 1 1 1 7 9 |8 1 1 1 1 8 3 8 1 1 1 1 2 2 2 1 |
730: 1 2 13 1 1 16 9 1 7 1 1 2 5 1 3 2 |1 9 1 9 2 1 3 2 1 13 8 13 8 3 1 1 |1 14 17 1 1 2 7 3 1 1 3 4 1 2 1 1 |1 1 1 1 1 1 1 1 13 4 1 1 1 5 9 1 |1 1 2 1 1 1 1 1 1 1 5 1 1 4 2 2 |1 9 2 1 2 7 1 1 10 1 1 1 1 5 1 1 |6 1 2 5 3 1 1 11 12 1 2 1 1 1 2 4 |1 1 10 1 1 1 6 15 1 1 1 1 1 1 3 13 |2 1 1 1 1 1 3 13 6 1 1 5 1 8 8 1 |1 8 2 2 1 1 1 5 1 5 13 1 6 1 15 1 |1 1 2 1 1 14 1 4 1 5 4 1 1 1 7 9 |8 1 1 1 1 8 3 8 1 1 1 1 2 2 2 1 |
740: 1 2 13 1 1 16 9 1 7 1 1 2 5 1 3 2 |1 9 1 9 2 1 3 2 1 13 8 13 8 3 1 1 |1 14 17 1 1 2 7 3 1 1 3 4 1 2 1 1 |1 1 1 1 1 1 1 1 13 4 1 1 1 5 9 1 |1 1 2 1 1 1 1 1 1 1 5 1 1 4 2 2 |1 9 2 1 2 7 1 1 10 1 1 1 1 5 1 1 |6 1 2 5 3 1 1 11 12 1 2 1 1 1 2 4 |1 1 10 1 1 1 6 15 1 1 1 1 1 1 3 13 |2 1 1 1 1 1 3 13 6 1 1 5 1 8 8 1 |1 8 2 2 1 1 1 5 1 5 13 1 6 1 15 1 |1 1 2 1 1 14 1 4 1 5 4 1 1 1 7 9 |8 1 1 1 1 8 3 8 1 1 1 1 2 2 2 1 |
750: 1 2 13 1 1 16 9 1 7 1 1 2 5 1 3 2 |1 9 1 9 2 1 3 2 1 13 8 13 8 3 1 1 |1 14 17 1 1 2 7 3 1 1 3 4 1 2 1 1 |1 1 1 1 1 1 1 1 13 4 1 1 1 5 9 1 |1 1 2 1 1 1 1 1 1 1 5 1 1 4 2 2 |1 9 2 1 2 7 1 1 10 1 1 1 1 5 1 1 |6 1 2 5 3 1 1 11 12 1 2 1 1 1 2 4 |1 1 10 1 1 1 6 15 1 1 1 1 1 1 3 13 |2 1 1 1 1 1 3 13 6 1 1 5 1 8 8 1 |1 8 2 2 1 1 1 5 1 5 13 1 6 1 15 1 |1 1 2 1 1 14 1 4 1 5 4 1 1 1 7 9 |8 1 1 1 1 8 3 8 1 1 1 1 2 2 2 1 |
762: 1 2 13 1 1 16 9 1 7 1 1 2 5 1 3 2 |1 9 1 9 2 1 3 2 1 13 8 13 8 3 1 1 |1 14 17 1 1 2 7 3 1 1 3 4 1 2 1 1 |1 1 1 1 1 1 1 1 13 4 1 1 1 5 9 1 |1 1 2 1 1 1 1 1 1 1 5 1 1 4 2 2 |1 9 2 1 2 7 1 1 10 1 1 1 1 5 1 1 |6 1 2 5 3 1 1 11 12 1 2 1 1 1 2 4 |1 1 10 1 1 1 6 15 1 1 1 1 1 1 3 13 |2 1 1 1 1 1 3 13 6 1 1 5 1 8 8 1 |1 8 2 2 1 1 1 5 1 5 13 1 6 1 15 1 |1 1 2 1 1 14 1 4 1 5 4 1 1 1 7 9 |8 1 1 1 1 8 3 8 1 1 1 1 2 2 2 1 |
772: 1 2 13 1 1 16 9 1 7 1 1 2 5 1 3 2 |1 9 1 9 2 1 3 2 1 13 8 13 8 3 1 1 |1 14 17 1 1 2 7 3 1 1 3 4 1 2 1 1 |1 1 1 1 1 1 1 1 13 4 1 1 1 5 9 1 |1 1 2 1 1 1 1 1 1 1 5 1 1 4 2 2 |1 9 2 1 2 7 1 1 10 1 1 1 1 5 1 1 |6 1 2 5 3 1 1 11 12 1 2 1 1 1 2 4 |1 1 10 1 1 1 6 15 1 1 1 1 1 1 3 13 |2 1 1 1 1 1 3 13 6 1 1 5 1 8 8 1 |1 10 7 1 1 1 1 8 1 6 1 2 6 2 15 1 |1 1 2 1 1 14 1 4 1 5 4 1 1 1 7 9 |8 1 1 1 1 8 3 8 1 1 1 1 2 2 2 1 |
783: 1 2 13 1 1 16 9 1 7 1 1 2 5 1 3 2 |1 9 1 9 2 1 3 2 1 13 8 13 8 3 1 1 |1 14 17 1 1 2 7 3 1 1 3 4 1 2 1 1 |1 1 1 1 1 1 1 1 13 4 1 1 1 5 9 1 |1 1 2 1 1 1 1 1 1 1 5 1 1 4 2 2 |1 9 2 1 2 7 1 1 10 1 1 1 1 5 1 1 |6 1 2 5 3 1 1 11 12 1 2 1 1 1 2 4 |1 1 10 1 1 1 6 15 1 1 1 1 1 1 3 13 |2 1 1 1 1 1 3 13 6 1 1 5 1 8 8 1 |1 10 7 1 1 1 1 8 1 6 1 2 6 2 15 1 |1 1 2 1 1 1 3 5 1 5 3 1 1 1 1 2 |8 1 1 1 1 8 3 8 1 1 1 1 2 2 2 1 |
794: 1 2 13 1 1 16 9 1 7 1 1 2 5 1 3 2 |1 9 1 9 2 1 3 2 1 13 8 13 8 3 1 1 |1 14 17 1 1 2 7 3 1 1 3 4 1 2 1 1 |1 1 1 1 1 1 1 1 13 4 1 1 1 5 9 1 |1 1 2 1 1 1 1 1 1 1 5 1 1 4 2 2 |1 9 2 1 2 7 1 1 10 1 1 1 1 5 1 1 |6 1 2 5 3 1 1 11 12 1 2 1 1 1 2 4 |1 1 10 1 1 1 6 15 1 1 1 1 1 1 3 13 |2 1 1 1 1 1 3 13 6 1 1 5 1 8 8 1 |1 10 7 1 1 1 1 8 1 6 1 2 6 2 15 1 |1 1 2 1 1 1 3 5 1 5 3 1 1 1 1 2 |8 1 1 1 1 8 3 8 1 1 1 1 2 2 2 1 |
804: 1 2 13 1 1 16 9 1 7 1 1 2 5 1 3 2 |1 9 1 9 2 1 3 2 1 13 8 13 8 3 1 1 |1 14 17 1 1 2 7 3 1 1 3 4 1 2 1 1 |1 1 1 1 1 1 1 1 13 4 1 1 1 5 9 1 |1 1 2 1 1 1 1 1 1 1 5 1 1 4 2 2 |1 9 2 1 2 7 1 1 10 1 1 1 1 5 1 1 |1 5 1 1 5 1 1 11 12 1 1 9 7 1 14 1 |1 1 10 1 1 1 6 15 1 1 1 1 1 1 3 13 |2 1 1 1 1 1 3 13 6 1 1 5 1 8 8 1 |1 10 7 1 1 1 1 8 1 6 1 2 6 2 15 1 |1 1 2 1 1 1 3 5 1 5 3 1 1 1 1 2 |8 1 1 1 1 8 3 8 1 1 1 1 2 2 2 1 |
815: 1 2 13 1 1 16 9 1 7 1 1 2 5 1 3 2 |1 9 1 9 2 1 3 2 1 13 8 13 8 3 1 1 |1 14 17 1 1 2 7 3 1 1 3 4 1 2 1 1 |1 1 1 1 1 1 1 1 13 4 1 1 1 5 9 1 |1 1 2 1 1 1 1 1 1 1 5 1 1 4 2 2 |1 9 2 1 2 7 1 1 10 1 1 1 1 5 1 1 |1 5 1 1 5 1 1 11 12 1 1 9 7 1 14 1 |1 1 10 1 1 1 6 15 1 1 1 1 1 1 3 13 |2 1 1 1 1 1 3 13 6 1 1 5 1 8 8 1 |1 10 7 1 1 1 1 8 1 6 1 2 6 2 15 1 |1 1 2 1 1 1 3 5 1 5 3 1 1 1 1 2 |8 1 1 1 1 8 3 8 1 1 1 1 2 2 2 1 |
825: 1 2 13 1 1 16 9 1 7 1 1 2 5 1 3 2 |1 9 1 9 2 1 3 2 1 13 8 13 8 3 1 1 |1 14 17 1 1 2 7 3 1 1 3 4 1 2 1 1 |1 1 1 1 1 1 1 1 13 4 1 1 1 5 9 1 |1 1 2 1 1 1 1 1 1 1 5 1 1 4 2 2 |1 9 2 1 2 7 1 1 10 1 1 1 1 5 1 1 |1 5 1 1 5 1 1 11 12 1 1 9 7 1 14 1 |1 1 10 1 1 1 6 15 1 1 1 1 1 1 3 13 |2 1 1 1 1 1 3 13 6 1 1 5 1 8 8 1 |1 10 7 1 1 1 1 8 1 6 1 2 6 2 15 1 |1 1 2 1 1 1 3 5 1 5 3 1 1 1 1 2 |8 1 1 1 1 8 3 8 1 1 1 1 2 2 2 1 |
836: 1 2 13 1 1 16 9 1 7 1 1 2 5 1 3 2 |1 9 1 9 2 1 3 2 1 13 8 13 8 3 1 1 |1 14 17 1 1 2 7 3 1 1 3 4 1 2 1 1 |1 1 1 1 1 1 1 1 13 4 1 1 1 5 9 1 |1 1 2 1 1 1 1 1 1 1 5 1 1 4 2 2 |1 1 2 2 1 7 1 1 6 1 1 1 2 1 1 1 |1 5 1 1 5 1 1 11 12 1 1 9 7 1 14 1 |1 1 10 1 1 1 6 15 1 1 1 1 1 1 3 13 |2 1 1 1 1 1 3 13 6 1 1 5 1 8 8 1 |1 10 7 1 1 1 1 8 1 6 1 2 6 2 15 1 |1 1 2 1 1 1 3 5 1 5 3 1 1 1 1 2 |8 1 1 1 1 8 3 8 1 1 1 1 2 2 2 1 |
847: 1 2 13 1 1 16 9 1 7 1 1 2 5 1 3 2 |1 9 1 9 2 1 3 2 1 13 8 13 8 3 1 1 |1 14 17 1 1 2 7 3 1 1 3 4 1 2 1 1 |1 1 1 1 1 1 1 1 13 4 1 1 1 5 9 1 |1 1 2 1 1 1 1 1 1 1 5 1 1 4 2 2 |1 1 2 2 1 7 1 1 6 1 1 1 2 1 1 1 |1 5 1 1 5 1 1 11 12 1 1 9 7 1 14 1 |1 1 10 1 1 1 6 15 1 1 1 1 1 1 3 13 |2 1 1 1 1 1 3 13 6 1 1 5 1 8 8 1 |1 10 7 1 1 1 1 8 1 6 1 2 6 2 15 1 |1 1 2 1 1 1 3 5 1 5 3 1 1 1 1 2 |8 1 1 1 1 8 3 8 1 1 1 1 2 2 2 1 |
857: 1 2 13 1 1 16 9 1 7 1 1 2 5 1 3 2 |1 9 1 9 2 1 3 2 1 13 8 13 8 3 1 1 |1 14 17 1 1 2 7 3 1 1 3 4 1 2 1 1 |1 1 1 1 1 1 1 1 13 4 1 1 1 5 9 1 |1 1 2 1 1 1 1 1 1 1 5 1 1 4 2 2 |1 1 2 2 1 7 1 1 6 1 1 1 2 1 1 1 |1 5 1 1 5 1 1 11 12 1 1 9 7 1 14 1 |1 1 10 1 1 1 6 15 1 1 1 1 1 1 3 13 |2 1 1 1 1 1 3 13 6 1 1 5 1 8 8 1 |1 10 7 1 1 1 1 8 1 6 1 2 6 2 15 1 |1 1 2 1 1 1 3 5 1 5 3 1 1 1 1 2 |8 1 1 1 1 8 3 8 1 1 1 1 2 2 2 1 |
867: 1 2 13 1 1 16 9 1 7 1 1 2 5 1 3 2 |1 9 1 9 2 1 3 2 1 13 8 13 8 3 1 1 |1 14 17 1 1 2 7 3 1 1 3 4 1 2 1 1 |1 1 1 1 1 1 1 1 13 4 1 1 1 5 9 1 |1 1 2 1 1 1 1 1 1 1 5 1 1 4 2 2 |1 1 2 2 1 7 1 1 6 1 1 1 2 1 1 1 |1 5 1 1 5 1 1 11 12 1 1 9 7 1 14 1 |1 1 10 1 1 1 6 15 1 1 1 1 1 1 3 13 |2 1 1 1 1 1 3 13 6 1 1 5 1 8 8 1 |1 10 7 1 1 1 1 8 1 6 1 2 6 2 15 1 |1 1 2 1 1 1 3 5 1 5 3 1 1 1 1 2 |8 1 1 1 1 8 3 8 1 1 1 1 2 2 2 1 |
878: 1 2 13 1 1 16 9 1 7 1 1 2 5 1 3 2 |1 9 1 9 2 1 3 2 1 13 8 13 8 3 1 1 |1 14 17 1 1 2 7 3 1 1 3 4 1 2 1 1 |1 1 1 1 1 1 1 1 13 4 1 1 1 5 9 1 |1 1 2 1 1 1 1 1 1 1 5 1 1 4 2 2 |1 1 2 2 1 7 1 1 6 1 1 1 2 1 1 1 |1 5 1 1 5 1 1 11 12 1 1 9 7 1 14 1 |1 1 10 1 1 1 6 15 1 1 1 1 1 1 3 13 |2 1 1 1 1 1 3 13 6 1 1 5 1 8 8 1 |1 10 7 1 1 1 1 8 1 6 1 2 6 2 15 1 |1 1 2 1 1 1 3 5 1 5 3 1 1 1 1 2 |1 1 1 1 1 1 1 1 4 1 1 1 2 1 2 4 |
889: 1 2 13 1 1 16 9 1 7 1 1 2 5 1 3 2 |1 9 1 9 2 1 3 2 1 13 8 13 8 3 1 1 |1 14 17 1 1 2 7 3 1 1 3 4 1 2 1 1 |1 1 1 1 1 1 1 1 13 4 1 1 1 5 9 1 |1 1 2 1 1 1 1 1 1 1 5 1 1 4 2 2 |1 1 2 2 1 7 1 1 6 1 1 1 2 1 1 1 |1 5 1 1 5 1 1 11 12 1 1 9 7 1 14 1 |1 1 10 1 1 1 6 15 1 1 1 1 1 1 3 13 |2 1 1 1 1 1 3 13 6 1 1 5 1 8 8 1 |1 10 7 1 1 1 1 8 1 6 1 2 6 2 15 1 |1 1 2 1 1 1 3 5 1 5 3 1 1 1 1 2 |1 1 1 1 1 1 1 1 4 1 1 1 2 1 2 4 |
899: 1 2 13 1 1 16 9 1 7 1 1 2 5 1 3 2 |12 12 1 9 1 1 1 1 1 15 9 12 10 4 3 5 |1 14 17 1 1 2 7 3 1 1 3 4 1 2 1 1 |1 1 1 1 1 1 1 1 13 4 1 1 1 5 9 1 |1 1 2 1 1 1 1 1 1 1 5 1 1 4 2 2 |1 1 2 2 1 7 1 1 6 1 1 1 2 1 1 1 |1 5 1 1 5 1 1 11 12 1 1 9 7 1 14 1 |1 1 10 1 1 1 6 15 1 1 1 1 1 1 3 13 |2 1 1 1 1 1 3 13 6 1 1 5 1 8 8 1 |1 10 7 1 1 1 1 8 1 6 1 2 6 2 15 1 |1 1 2 1 1 1 3 5 1 5 3 1 1 1 1 2 |1 1 1 1 1 1 1 1 4 1 1 1 2 1 2 4 |
909: 1 2 13 1 1 16 9 1 7 1 1 2 5 1 3 2 |12 12 1 9 1 1 1 1 1 15 9 12 10 4 3 5 |1 14 8 2 1 4 13 1 1 1 1 4 1 3 2 1 |1 1 1 1 1 1 1 1 13 4 1 1 1 5 9 1 |1 1 2 1 1 1 1 1 1 1 5 1 1 4 2 2 |1 1 2 2 1 7 1 1 6 1 1 1 2 1 1 1 |1 5 1 1 5 1 1 11 12 1 1 9 7 1 14 1 |1 1 10 1 1 1 6 15 1 1 1 1 1 1 3 13 |2 1 1 1 1 1 3 13 6 1 1 5 1 8 8 1 |1 10 7 1 1 1 1 8 1 6 1 2 6 2 15 1 |1 1 2 1 1 1 3 5 1 5 3 1 1 1 1 2 |1 1 1 1 1 1 1 1 4 1 1 1 2 1 2 4 |
920: 1 2 13 1 1 16 9 1 7 1 1 2 5 1 3 2 |12 12 1 9 1 1 1 1 1 15 9 12 10 4 3 5 |1 14 8 2 1 4 13 1 1 1 1 4 1 3 2 1 |1 1 1 1 1 1 1 1 13 4 1 1 1 5 9 1 |1 1 2 1 1 1 1 1 1 1 5 1 1 4 2 2 |1 1 2 2 1 7 1 1 6 1 1 1 2 1 1 1 |1 5 1 1 5 1 1 11 12 1 1 9 7 1 14 1 |1 1 10 1 1 1 6 15 1 1 1 1 1 1 3 13 |2 1 1 1 1 1 3 13 6 1 1 5 1 8 8 1 |1 10 7 1 1 1 1 8 1 6 1 2 6 2 15 1 |1 1 2 1 1 1 3 5 1 5 3 1 1 1 1 2 |1 1 1 1 1 1 1 1 4 1 1 1 2 1 2 4 |
930: 1 1 13 1 6 19 8 1 8 1 2 1 5 1 16 9 |12 12 1 9 1 1 1 1 1 15 9 12 10 4 3 5 |1 14 8 2 1 4 13 1 1 1 1 4 1 3 2 1 |1 1 1 1 1 1 1 1 13 4 1 1 1 5 9 1 |1 1 2 1 1 1 1 1 1 1 5 1 1 4 2 2 |1 1 2 2 1 7 1 1 6 1 1 1 2 1 1 1 |1 5 1 1 5 1 1 11 12 1 1 9 7 1 14 1 |1 1 10 1 1 1 6 15 1 1 1 1 1 1 3 13 |2 1 1 1 1 1 3 13 6 1 1 5 1 8 8 1 |1 10 7 1 1 1 1 8 1 6 1 2 6 2 15 1 |1 1 2 1 1 1 3 5 1 5 3 1 1 1 1 2 |1 1 1 1 1 1 1 1 4 1 1 1 2 1 2 4 |
941: 1 1 13 1 6 19 8 1 8 1 2 1 5 1 16 9 |12 12 1 9 1 1 1 1 1 15 9 12 10 4 3 5 |1 14 8 2 1 4 13 1 1 1 1 4 1 3 2 1 |1 1 1 1 1 1 1 1 13 4 1 1 1 5 9 1 |1 1 2 1 1 1 1 1 1 1 5 1 1 4 2 2 |1 1 2 2 1 7 1 1 6 1 1 1 2 1 1 1 |1 5 1 1 5 1 1 11 12 1 1 9 7 1 14 1 |1 1 10 1 1 1 6 15 1 1 1 1 1 1 3 13 |2 1 1 1 1 1 3 13 6 1 1 5 1 8 8 1 |1 8 6 1 1 1 2 6 1 7 14 1 5 2 3 1 |1 1 2 1 1 1 3 5 1 5 3 1 1 1 1 2 |1 1 1 1 1 1 1 1 4 1 1 1 2 1 2 4 |
952: 1 1 13 1 6 19 8 1 8 1 2 1 5 1 16 9 |12 12 1 9 1 1 1 1 1 15 9 12 10 4 3 5 |1 14 8 2 1 4 13 1 1 1 1 4 1 3 2 1 |1 1 1 1 1 1 1 1 13 4 1 1 1 5 9 1 |1 1 2 1 1 1 1 1 1 1 5 1 1 4 2 2 |1 1 2 2 1 7 1 1 6 1 1 1 2 1 1 1 |1 5 1 1 5 1 1 11 12 1 1 9 7 1 14 1 |1 1 10 1 1 1 6 15 1 1 1 1 1 1 3 13 |2 1 1 1 1 1 3 13 6 1 1 5 1 8 8 1 |1 8 6 1 1 1 2 6 1 7 14 1 5 2 3 1 |1 2 2 1 1 13 3 5 1 13 4 1 1 1 4 14 |1 1 1 1 1 1 1 1 4 1 1 1 2 1 2 4 |
962: 1 1 13 1 6 16 10 1 8 1 1 1 5 1 16 7 |12 12 1 9 1 1 1 1 1 15 9 12 10 4 3 5 |1 14 8 2 1 4 13 1 1 1 1 4 1 3 2 1 |1 1 1 1 1 1 1 1 13 4 1 1 1 5 9 1 |1 1 2 1 1 1 1 1 1 1 5 1 1 4 2 2 |1 1 2 2 1 7 1 1 6 1 1 1 2 1 1 1 |1 5 1 1 5 1 1 11 12 1 1 9 7 1 14 1 |1 1 10 1 1 1 6 15 1 1 1 1 1 1 3 13 |2 1 1 1 1 1 3 13 6 1 1 5 1 8 8 1 |1 8 6 1 1 1 2 6 1 7 14 1 5 2 3 1 |1 2 2 1 1 13 3 5 1 13 4 1 1 1 4 14 |1 1 1 1 1 1 1 1 4 1 1 1 2 1 2 4 |
974: 1 1 13 1 6 16 10 1 8 1 1 1 5 1 16 7 |12 12 1 9 1 1 1 1 1 15 9 12 10 4 3 5 |1 14 8 2 1 4 13 1 1 1 1 4 1 3 2 1 |1 1 1 1 1 1 1 1 13 4 1 1 1 5 9 1 |1 1 2 1 1 1 1 1 1 1 5 1 1 4 2 2 |1 1 2 2 1 7 1 1 6 1 1 1 2 1 1 1 |1 5 1 8 2 1 1 11 12 2 2 1 1 1 14 1 |1 1 10 1 1 1 6 15 1 1 1 1 1 1 3 13 |2 1 1 1 1 1 3 13 6 1 1 5 1 8 8 1 |1 8 6 1 1 1 2 6 1 7 14 1 5 2 3 1 |1 2 2 1 1 13 3 5 1 13 4 1 1 1 4 14 |1 1 1 1 1 1 1 1 4 1 1 1 2 1 2 4 |
985: 1 1 13 1 6 16 10 1 8 1 1 1 5 1 16 7 |12 12 1 9 1 1 1 1 1 15 9 12 10 4 3 5 |1 14 8 2 1 4 13 1 1 1 1 4 1 3 2 1 |1 1 1 1 1 1 1 1 13 4 1 1 1 5 9 1 |1 1 2 1 1 1 1 1 1 1 5 1 1 4 2 2 |1 1 2 2 1 7 1 1 6 1 1 1 2 1 1 1 |1 5 1 8 2 1 1 11 12 2 2 1 1 1 14 1 |1 1 10 1 1 1 6 15 1 1 1 1 1 1 3 13 |2 1 1 1 1 1 3 13 6 1 1 5 1 8 8 1 |1 8 6 1 1 1 2 6 1 7 14 1 5 2 3 1 |1 2 2 1 1 13 3 5 1 13 4 1 1 1 4 14 |1 1 1 1 1 1 1 1 4 1 1 1 2 1 2 4 |
995: 1 1 13 1 6 16 10 1 8 1 1 1 5 1 16 7 |12 12 1 9 1 1 1 1 1 15 9 12 10 4 3 5 |1 14 8 2 1 4 13 1 1 1 1 4 1 3 2 1 |1 1 1 1 1 1 1 1 13 4 1 1 1 5 9 1 |1 1 2 1 1 1 1 1 1 1 5 1 1 4 2 2 |1 1 2 2 1 7 1 1 6 1 1 1 2 1 1 1 |1 5 1 8 2 1 1 11 12 2 2 1 1 1 14 1 |1 1 10 1 1 1 6 15 1 1 1 1 1 1 3 13 |2 1 1 1 1 1 3 13 6 1 1 5 1 8 8 1 |1 8 6 1 1 1 2 6 1 7 14 1 5 2 3 1 |1 2 2 1 1 13 3 5 1 13 4 1 1 1 4 14 |1 1 1 1 1 1 1 1 4 1 1 1 2 1 2 4 |
1005: 1 1 13 1 6 16 10 1 8 1 1 1 5 1 16 7 |12 12 1 9 1 1 1 1 1 15 9 12 10 4 3 5 |1 14 8 2 1 4 13 1 1 1 1 4 1 3 2 1 |1 1 1 1 1 1 1 1 13 4 1 1 1 5 9 1 |2 1 3 2 14 1 1 2 1 1 1 1 1 4 1 2 |1 1 2 2 1 7 1 1 6 1 1 1 2 1 1 1 |1 5 1 8 2 1 1 11 12 2 2 1 1 1 14 1 |1 1 10 1 1 1 6 15 1 1 1 1 1 1 3 13 |2 1 1 1 1 1 3 13 6 1 1 5 1 8 8 1 |1 8 6 1 1 1 2 6 1 7 14 1 5 2 3 1 |1 2 2 1 1 13 3 5 1 13 4 1 1 1 4 14 |1 1 1 1 1 1 1 1 4 1 1 1 2 1 2 4 |
1016: 1 1 13 1 6 16 10 1 8 1 1 1 5 1 16 7 |12 12 1 9 1 1 1 1 1 15 9 12 10 4 3 5 |1 14 8 2 1 4 13 1 1 1 1 4 1 3 2 1 |1 1 1 1 1 1 1 1 13 4 1 1 1 5 9 1 |2 1 3 2 14 1 1 2 1 1 1 1 1 4 1 2 |1 1 2 2 1 7 1 1 6 1 1 1 2 1 1 1 |1 5 1 8 2 1 1 11 12 2 2 1 1 1 14 1 |1 1 10 1 1 1 6 15 1 1 1 1 1 1 3 13 |2 1 1 1 1 1 3 13 6 1 1 5 1 8 8 1 |1 8 6 1 1 1 2 6 1 7 14 1 5 2 3 1 |1 2 2 1 1 13 3 5 1 13 4 1 1 1 4 14 |1 1 1 1 1 1 1 1 4 1 1 1 2 1 2 4 |
1027: 1 1 13 1 6 16 10 1 8 1 1 1 5 1 16 7 |12 12 1 9 1 1 1 1 1 15 9 12 10 4 3 5 |1 14 8 2 1 4 13 1 1 1 1 4 1 3 2 1 |1 1 1 1 1 1 1 1 13 4 1 1 1 5 9 1 |2 1 3 2 14 1 1 2 1 1 1 1 1 4 1 2 |1 1 2 2 1 7 1 1 6 1 1 1 2 1 1 1 |1 5 1 8 2 1 1 11 12 2 2 1 1 1 14 1 |1 1 10 1 1 1 6 15 1 1 1 1 1 1 3 13 |2 1 1 1 1 1 3 13 6 1 1 5 1 8 8 1 |1 8 6 1 1 1 2 6 1 7 14 1 5 2 3 1 |1 2 2 1 1 13 3 5 1 13 4 1 1 1 4 14 |1 1 1 1 1 1 1 1 4 1 1 1 2 1 2 4 |
1038: 1 1 13 1 6 16 10 1 8 1 1 1 5 1 16 7 |12 12 1 9 1 1 1 1 1 15 9 12 10 4 3 5 |1 14 8 2 1 4 13 1 1 1 1 4 1 3 2 1 |1 1 1 1 1 1 1 1 13 4 1 1 1 5 9 1 |2 1 3 2 14 1 1 2 1 1 1 1 1 4 1 2 |1 1 2 2 1 7 1 1 6 1 1 1 2 1 1 1 |1 5 1 8 2 1 1 11 12 2 2 1 1 1 14 1 |1 1 10 1 1 1 6 15 1 1 1 1 1 1 3 13 |2 1 1 1 1 1 3 13 6 1 1 5 1 8 8 1 |1 8 6 1 1 1 2 6 1 7 14 1 5 2 3 1 |1 2 2 1 1 13 3 5 1 13 4 1 1 1 4 14 |1 1 1 1 1 1 1 1 4 1 1 1 2 1 2 4 |
1048: 1 1 13 1 6 16 10 1 8 1 1 1 5 1 16 7 |12 12 1 9 1 1 1 1 1 15 9 12 10 4 3 5 |1 14 8 2 1 4 13 1 1 1 1 4 1 3 2 1 |1 1 1 1 1 1 1 1 13 4 1 1 1 5 9 1 |2 1 3 2 14 1 1 2 1 1 1 1 1 4 1 2 |1 1 2 2 1 7 1 1 6 1 1 1 2 1 1 1 |1 5 1 8 2 1 1 11 12 2 2 1 1 1 14 1 |1 1 10 1 1 1 6 15 1 1 1 1 1 1 3 13 |2 1 1 1 1 1 3 13 6 1 1 5 1 8 8 1 |1 8 6 1 1 1 2 6 1 7 14 1 5 2 3 1 |1 2 2 1 1 13 3 5 1 13 4 1 1 1 4 14 |1 1 1 1 1 1 1 1 4 1 1 1 2 1 2 4 |
1059: 1 1 13 1 6 16 10 1 8 1 1 1 5 1 16 7 |12 12 1 9 1 1 1 1 1 15 9 12 10 4 3 5 |1 14 8 2 1 4 13 1 1 1 1 4 1 3 2 1 |1 1 1 1 1 1 1 1 13 4 1 1 1 5 9 1 |2 1 3 2 14 1 1 2 1 1 1 1 1 4 1 2 |1 1 2 2 1 7 1 1 6 1 1 1 2 1 1 1 |1 5 1 8 2 1 1 11 12 2 2 1 1 1 14 1 |1 1 10 1 1 1 6 15 1 1 1 1 1 1 3 13 |2 1 1 1 1 1 3 13 6 1 1 5 1 8 8 1 |1 8 6 1 1 1 2 6 1 7 14 1 5 2 3 1 |1 2 2 1 1 13 3 5 1 13 4 1 1 1 4 14 |1 1 1 1 1 1 1 1 4 1 1 1 2 1 2 4 |
1070: 1 1 13 1 6 16 10 1 8 1 1 1 5 1 16 7 |12 12 1 9 1 1 1 1 1 15 9 12 10 4 3 5 |1 14 8 2 1 4 13 1 1 1 1 4 1 3 2 1 |1 1 1 1 1 1 1 1 13 4 1 1 1 5 9 1 |2 1 3 2 14 1 1 2 1 1 1 1 1 4 1 2 |1 1 2 2 1 7 1 1 6 1 1 1 2 1 1 1 |1 5 1 8 2 1 1 11 12 2 2 1 1 1 14 1 |1 1 10 1 1 1 6 15 1 1 1 1 1 1 3 13 |2 1 1 1 1 1 3 13 6 1 1 5 1 8 8 1 |1 8 6 1 1 1 2 6 1 7 14 1 5 2 3 1 |1 2 2 1 1 13 3 5 1 13 4 1 1 1 4 14 |1 1 1 1 1 1 1 1 4 1 1 1 2 1 2 4 |
1080: 1 1 13 1 6 16 10 1 8 1 1 1 5 1 16 7 |12 12 1 9 1 1 1 1 1 15 9 12 10 4 3 5 |1 14 8 2 1 4 13 1 1 1 1 4 1 3 2 1 |1 1 1 1 1 1 1 1 13 4 1 1 1 5 9 1 |2 1 3 2 14 1 1 2 1 1 1 1 1 4 1 2 |1 1 2 2 1 7 1 1 6 1 1 1 2 1 1 1 |1 5 1 8 2 1 1 11 12 2 2 1 1 1 14 1 |1 1 10 1 1 1 6 15 1 1 1 1 1 1 3 13 |2 1 1 1 1 1 3 13 6 1 1 5 1 8 8 1 |1 8 6 1 1 1 2 6 1 7 14 1 5 2 3 1 |1 2 2 1 1 13 3 5 1 13 4 1 1 1 4 14 |1 1 1 1 1 1 1 1 4 1 1 1 2 1 2 4 |
1090: 1 1 13 1 6 16 10 1 8 1 1 1 5 1 16 7 |12 12 1 9 1 1 1 1 1 15 9 12 10 4 3 5 |1 14 8 2 1 4 13 1 1 1 1 4 1 3 2 1 |1 1 1 1 1 1 1 1 13 4 1 1 1 5 9 1 |2 1 3 2 14 1 1 2 1 1 1 1 1 4 1 2 |1 1 2 2 1 7 1 1 6 1 1 1 2 1 1 1 |1 5 1 8 2 1 1 11 12 2 2 1 1 1 14 1 |1 1 10 1 1 1 6 15 1 1 1 1 1 1 3 13 |2 1 1 1 1 1 3 13 6 1 1 5 1 8 8 1 |1 8 6 1 1 1 2 6 1 7 14 1 5 2 3 1 |1 2 2 1 1 13 3 5 1 13 4 1 1 1 4 14 |1 1 1 1 1 1 1 1 4 1 1 1 2 1 2 4 |
1101: 1 1 12 1 7 15 8 1 3 1 1 1 9 1 17 6 |12 12 1 9 1 1 1 1 1 15 9 12 10 4 3 5 |1 14 8 2 1 4 13 1 1 1 1 4 1 3 2 1 |1 1 1 1 1 1 1 1 13 4 1 1 1 5 9 1 |2 1 3 2 14 1 1 2 1 1 1 1 1 4 1 2 |1 1 2 2 1 7 1 1 6 1 1 1 2 1 1 1 |1 5 1 8 2 1 1 11 12 2 2 1 1 1 14 1 |1 1 10 1 1 1 6 15 1 1 1 1 1 1 3 13 |2 1 1 1 1 1 3 13 6 1 1 5 1 8 8 1 |1 8 6 1 1 1 2 6 1 7 14 1 5 2 3 1 |1 2 2 1 1 13 3 5 1 13 4 1 1 1 4 14 |1 1 1 1 1 1 1 1 4 1 1 1 2 1 2 4 |
1111: 1 1 12 1 7 15 8 1 3 1 1 1 9 1 17 6 |12 12 1 9 1 1 1 1 1 15 9 12 10 4 3 5 |1 14 8 2 1 4 13 1 1 1 1 4 1 3 2 1 |1 1 1 1 1 1 1 1 13 4 1 1 1 5 9 1 |2 1 3 2 14 1 1 2 1 1 1 1 1 4 1 2 |1 1 2 2 1 7 1 1 6 1 1 1 2 1 1 1 |1 5 1 8 2 1 1 11 12 2 2 1 1 1 14 1 |1 1 10 1 1 1 6 15 1 1 1 1 1 1 3 13 |2 1 1 1 1 1 3 13 6 1 1 5 1 8 8 1 |1 8 6 1 1 1 2 6 1 7 14 1 5 2 3 1 |1 2 2 1 1 13 3 5 1 13 4 1 1 1 4 14 |2 1 1 4 7 2 1 1 1 1 1 3 2 1 3 4 |
1122: 1 1 12 1 7 15 8 1 3 1 1 1 9 1 17 6 |12 12 1 9 1 1 1 1 1 15 9 12 10 4 3 5 |1 14 8 2 1 4 13 1 1 1 1 4 1 3 2 1 |1 1 1 1 1 1 1 1 13 4 1 1 1 5 9 1 |2 1 3 2 14 1 1 2 1 1 1 1 1 4 1 2 |1 1 2 2 1 7 1 1 6 1 1 1 2 1 1 1 |1 5 1 8 2 1 1 11 12 2 2 1 1 1 14 1 |1 1 10 1 1 1 6 15 1 1 1 1 1 1 3 13 |2 1 1 1 1 1 3 13 6 1 1 5 1 8 8 1 |1 8 6 1 1 1 2 6 1 7 14 1 5 2 3 1 |1 2 2 1 1 13 3 5 1 13 4 1 1 1 4 14 |2 1 1 4 7 2 1 1 1 1 1 3 2 1 3 4 |
1133: 1 1 12 1 7 15 8 1 3 1 1 1 9 1 17 6 |1 4 2 10 1 1 1 1 1 13 9 6 12 3 2 1 |1 14 8 2 1 4 13 1 1 1 1 4 1 3 2 1 |1 1 1 1 1 1 1 1 13 4 1 1 1 5 9 1 |2 1 3 2 14 1 1 2 1 1 1 1 1 4 1 2 |1 1 2 2 1 7 1 1 6 1 1 1 2 1 1 1 |1 5 1 8 2 1 1 11 12 2 2 1 1 1 14 1 |1 1 10 1 1 1 6 15 1 1 1 1 1 1 3 13 |2 1 1 1 1 1 3 13 6 1 1 5 1 8 8 1 |1 8 6 1 1 1 2 6 1 7 14 1 5 2 3 1 |1 2 2 1 1 13 3 5 1 13 4 1 1 1 4 14 |2 1 1 4 7 2 1 1 1 1 1 3 2 1 3 4 |
1144: 1 1 12 1 7 15 8 1 3 1 1 1 9 1 17 6 |1 4 2 10 1 1 1 1 1 13 9 6 12 3 2 1 |1 14 8 2 1 4 13 1 1 1 1 4 1 3 2 1 |1 1 1 1 1 1 1 1 13 4 1 1 1 5 9 1 |2 1 3 2 14 1 1 2 1 1 1 1 1 4 1 2 |1 1 2 2 1 7 1 1 6 1 1 1 2 1 1 1 |1 5 1 8 2 1 1 11 12 2 2 1 1 1 14 1 |1 1 10 1 1 1 6 15 1 1 1 1 1 1 3 13 |2 1 1 1 1 1 3 13 6 1 1 5 1 8 8 1 |3 10 8 1 2 5 1 6 1 6 15 1 6 2 15 1 |1 2 2 1 1 13 3 5 1 13 4 1 1 1 4 14 |2 1 1 4 7 2 1 1 1 1 1 3 2 1 3 4 |
1154: 1 1 12 1 7 15 8 1 3 1 1 1 9 1 17 6 |1 4 2 10 1 1 1 1 1 13 9 6 12 3 2 1 |1 14 8 2 1 4 13 1 1 1 1 4 1 3 2 1 |1 1 1 1 1 1 1 1 13 4 1 1 1 5 9 1 |2 1 3 2 14 1 1 2 1 1 1 1 1 4 1 2 |1 1 2 2 1 7 1 1 6 1 1 1 2 1 1 1 |1 5 1 8 2 1 1 11 12 2 2 1 1 1 14 1 |1 1 10 1 1 1 6 15 1 1 1 1 1 1 3 13 |2 1 1 1 1 1 3 13 6 1 1 5 1 8 8 1 |3 10 8 1 2 5 1 6 1 6 15 1 6 2 15 1 |1 2 2 1 1 13 3 5 1 13 4 1 1 1 4 14 |2 1 1 4 7 2 1 1 1 1 1 3 2 1 3 4 |
1165: 1 1 12 1 7 15 8 1 3 1 1 1 9 1 17 6 |1 4 2 10 1 1 1 1 1 13 9 6 12 3 2 1 |1 14 8 2 1 4 13 1 1 1 1 4 1 3 2 1 |1 1 1 1 1 1 1 1 13 4 1 1 1 5 9 1 |2 1 3 2 14 1 1 2 1 1 1 1 1 4 1 2 |1 1 2 2 1 7 1 1 6 1 1 1 2 1 1 1 |1 5 1 8 2 1 1 11 12 2 2 1 1 1 14 1 |1 1 10 1 1 1 6 15 1 1 1 1 1 1 3 13 |2 1 1 1 1 1 3 13 6 1 1 5 1 8 8 1 |3 10 8 1 2 5 1 6 1 6 15 1 6 2 15 1 |1 2 2 1 1 13 3 5 1 13 4 1 1 1 4 14 |2 1 1 4 7 2 1 1 1 1 1 3 2 1 3 4 |
1176: 1 1 12 1 7 15 8 1 3 1 1 1 9 1 17 6 |1 4 2 10 1 1 1 1 1 13 9 6 12 3 2 1 |1 14 8 2 1 4 13 1 1 1 1 4 1 3 2 1 |1 1 1 1 1 1 1 1 13 4 1 1 1 5 9 1 |2 1 3 2 14 1 1 2 1 1 1 1 1 4 1 2 |1 1 2 2 1 7 1 1 6 1 1 1 2 1 1 1 |1 5 1 8 2 1 1 11 12 2 2 1 1 1 14 1 |1 1 10 1 1 1 6 15 1 1 1 1 1 1 3 13 |2 1 1 1 1 1 3 13 6 1 1 5 1 8 8 1 |3 10 8 1 2 5 1 6 1 6 15 1 6 2 15 1 |1 2 2 1 1 13 3 5 1 13 4 1 1 1 4 14 |2 1 1 4 7 2 1 1 1 1 1 3 2 1 3 4 |
1187: 1 1 12 1 7 15 8 1 3 1 1 1 9 1 17 6 |1 4 2 10 1 1 1 1 1 13 9 6 12 3 2 1 |1 14 8 2 1 4 13 1 1 1 1 4 1 3 2 1 |1 1 1 1 1 1 1 1 13 4 1 1 1 5 9 1 |2 1 3 2 14 1 1 2 1 1 1 1 1 4 1 2 |1 1 2 2 1 7 1 1 6 1 1 1 2 1 1 1 |1 5 1 8 2 1 1 11 12 2 2 1 1 1 14 1 |1 1 10 1 1 1 6 15 1 1 1 1 1 1 3 13 |2 1 1 1 1 1 3 13 6 1 1 5 1 8 8 1 |3 10 8 1 2 5 1 6 1 6 15 1 6 2 15 1 |1 2 2 1 1 13 3 5 1 13 4 1 1 1 4 14 |2 1 1 4 7 2 1 1 1 1 1 3 2 1 3 4 |
1198: 1 1 12 1 7 15 8 1 3 1 1 1 9 1 17 6 |1 4 2 10 1 1 1 1 1 13 9 6 12 3 2 1 |1 14 8 2 1 4 13 1 1 1 1 4 1 3 2 1 |1 1 1 1 1 1 1 1 13 4 1 1 1 5 9 1 |2 1 3 2 14 1 1 2 1 1 1 1 1 4 1 2 |1 1 2 2 1 7 1 1 6 1 1 1 2 1 1 1 |1 5 1 8 2 1 1 11 12 2 2 1 1 1 14 1 |1 1 10 1 1 1 6 15 1 1 1 1 1 1 3 13 |2 1 1 1 1 1 3 13 6 1 1 5 1 8 8 1 |3 10 8 1 2 5 1 6 1 6 15 1 6 2 15 1 |1 2 2 1 1 13 3 5 1 13 4 1 1 1 4 14 |2 1 1 4 7 2 1 1 1 1 1 3 2 1 3 4 |
1209: 1 1 12 1 7 15 8 1 3 1 1 1 9 1 17 6 |1 4 2 10 1 1 1 1 1 13 9 6 12 3 2 1 |1 14 8 2 1 4 13 1 1 1 1 4 1 3 2 1 |1 1 1 1 1 1 1 1 13 4 1 1 1 5 9 1 |2 1 3 2 14 1 1 2 1 1 1 1 1 4 1 2 |1 1 2 2 1 7 1 1 6 1 1 1 2 1 1 1 |1 5 1 8 2 1 1 11 12 2 2 1 1 1 14 1 |1 1 10 1 1 1 6 15 1 1 1 1 1 1 3 13 |2 1 1 1 1 1 3 13 6 1 1 5 1 8 8 1 |1 10 11 1 1 1 2 5 2 6 14 1 6 2 3 1 |1 2 2 1 1 13 3 5 1 13 4 1 1 1 4 14 |2 1 1 4 7 2 1 1 1 1 1 3 2 1 3 4 |
1220: 1 1 12 1 7 15 8 1 3 1 1 1 9 1 17 6 |1 4 2 10 1 1 1 1 1 13 9 6 12 3 2 1 |1 14 8 2 1 4 13 1 1 1 1 4 1 3 2 1 |1 1 1 1 1 1 1 1 13 4 1 1 1 5 9 1 |2 1 3 2 14 1 1 2 1 1 1 1 1 4 1 2 |1 1 2 2 1 7 1 1 6 1 1 1 2 1 1 1 |1 5 1 8 2 1 1 11 12 2 2 1 1 1 14 1 |1 1 10 1 1 1 6 15 1 1 1 1 1 1 3 13 |2 1 1 1 1 1 3 13 6 1 1 5 1 8 8 1 |1 10 11 1 1 1 2 5 2 6 14 1 6 2 3 1 |1 1 7 1 1 1 3 6 1 14 4 1 1 1 5 15 |2 1 1 4 7 2 1 1 1 1 1 3 2 1 3 4 |
1231: 1 1 12 1 7 15 8 1 3 1 1 1 9 1 17 6 |1 4 2 10 1 1 1 1 1 13 9 6 12 3 2 1 |1 14 8 2 1 4 13 1 1 1 1 4 1 3 2 1 |1 1 1 1 1 1 1 1 13 4 1 1 1 5 9 1 |2 1 3 2 14 1 1 2 1 1 1 1 1 4 1 2 |1 1 2 2 1 7 1 1 6 1 1 1 2 1 1 1 |1 5 1 8 2 1 1 11 12 2 2 1 1 1 14 1 |1 1 10 1 1 1 6 15 1 1 1 1 1 1 3 13 |2 1 1 1 1 1 3 13 6 1 1 5 1 8 8 1 |1 10 11 1 1 1 2 5 2 6 14 1 6 2 3 1 |1 1 7 1 1 1 3 6 1 14 4 1 1 1 5 15 |2 1 1 4 7 2 1 1 1 1 1 3 2 1 3 4 |
1241: 1 1 12 1 7 15 8 1 3 1 1 1 9 1 17 6 |1 4 2 10 1 1 1 1 1 13 9 6 12 3 2 1 |1 14 8 2 1 4 13 1 1 1 1 4 1 3 2 1 |1 1 1 1 1 1 1 1 13 4 1 1 1 5 9 1 |2 1 3 2 14 1 1 2 1 1 1 1 1 4 1 2 |1 1 2 2 1 7 1 1 6 1 1 1 2 1 1 1 |1 5 1 8 2 1 1 11 12 2 2 1 1 1 14 1 |1 1 10 1 1 1 6 15 1 1 1 1 1 1 3 13 |1 2 1 1 9 1 15 13 9 1 1 6 1 1 10 3 |1 10 11 1 1 1 2 5 2 6 14 1 6 2 3 1 |1 1 7 1 1 1 3 6 1 14 4 1 1 1 5 15 |2 1 1 4 7 2 1 1 1 1 1 3 2 1 3 4 |
1252: 1 1 12 1 7 15 8 1 3 1 1 1 9 1 17 6 |1 4 2 10 1 1 1 1 1 13 9 6 12 3 2 1 |1 14 8 2 1 4 13 1 1 1 1 4 1 3 2 1 |1 1 1 1 1 1 1 1 13 4 1 1 1 5 9 1 |2 1 3 2 14 1 1 2 1 1 1 1 1 4 1 2 |1 1 2 2 1 7 1 1 6 1 1 1 2 1 1 1 |1 5 1 8 2 1 1 11 12 2 2 1 1 1 14 1 |1 1 10 1 1 1 6 15 1 1 1 1 1 1 3 13 |1 2 1 1 9 1 15 13 9 1 1 6 1 1 10 3 |1 10 11 1 1 1 2 5 2 6 14 1 6 2 3 1 |1 1 7 1 1 1 3 6 1 14 4 1 1 1 5 15 |2 1 1 4 7 2 1 1 1 1 1 3 2 1 3 4 |
1263: 1 1 12 1 7 15 8 1 3 1 1 1 9 1 17 6 |1 4 2 10 1 1 1 1 1 13 9 6 12 3 2 1 |1 14 8 2 1 4 13 1 1 1 1 4 1 3 2 1 |1 1 1 1 1 1 1 1 13 4 1 1 1 5 9 1 |2 1 3 2 14 1 1 2 1 1 1 1 1 4 1 2 |1 1 2 2 1 7 1 1 6 1 1 1 2 1 1 1 |1 5 1 8 2 1 1 11 12 2 2 1 1 1 14 1 |1 1 10 1 1 1 6 15 1 1 1 1 1 1 3 13 |1 2 1 1 9 1 15 13 9 1 1 6 1 1 10 3 |1 10 11 1 1 1 2 5 2 6 14 1 6 2 3 1 |1 1 7 1 1 1 3 6 1 14 4 1 1 1 5 15 |2 1 1 4 7 2 1 1 1 1 1 3 2 1 3 4 |
1274: 1 1 12 1 7 15 8 1 3 1 1 1 9 1 17 6 |1 4 2 10 1 1 1 1 1 13 9 6 12 3 2 1 |1 14 8 2 1 4 13 1 1 1 1 4 1 3 2 1 |1 1 1 1 1 1 1 1 13 4 1 1 1 5 9 1 |2 1 3 2 14 1 1 2 1 1 1 1 1 4 1 2 |1 1 2 2 1 7 1 1 6 1 1 1 2 1 1 1 |6 2 1 9 4 1 1 12 12 1 15 9 9 1 15 1 |1 1 10 1 1 1 6 15 1 1 1 1 1 1 3 13 |1 2 1 1 9 1 15 13 9 1 1 6 1 1 10 3 |1 10 11 1 1 1 2 5 2 6 14 1 6 2 3 1 |1 1 7 1 1 1 3 6 1 14 4 1 1 1 5 15 |2 1 1 4 7 2 1 1 1 1 1 3 2 1 3 4 |
1284: 1 1 12 1 7 15 8 1 3 1 1 1 9 1 17 6 |1 4 2 10 1 1 1 1 1 13 9 6 12 3 2 1 |1 14 8 2 1 4 13 1 1 1 1 4 1 3 2 1 |1 1 1 1 1 1 1 1 13 4 1 1 1 5 9 1 |2 1 3 2 14 1 1 2 1 1 1 1 1 4 1 2 |1 1 2 2 1 7 1 1 6 1 1 1 2 1 1 1 |6 2 1 9 4 1 1 12 12 1 15 9 9 1 15 1 |1 1 10 1 1 1 6 15 1 1 1 1 1 1 3 13 |1 2 1 1 9 1 15 13 9 1 1 6 1 1 10 3 |1 10 11 1 1 1 2 5 2 6 14 1 6 2 3 1 |1 1 7 1 1 1 3 6 1 14 4 1 1 1 5 15 |2 1 1 4 7 2 1 1 1 1 1 3 2 1 3 4 |
1295: 1 1 12 1 7 15 8 1 3 1 1 1 9 1 17 6 |1 4 2 10 1 1 1 1 1 13 9 6 12 3 2 1 |1 14 8 2 1 4 13 1 1 1 1 4 1 3 2 1 |1 1 1 1 1 1 1 1 13 4 1 1 1 5 9 1 |2 1 3 2 14 1 1 2 1 1 1 1 1 4 1 2 |1 1 2 2 1 7 1 1 6 1 1 1 2 1 1 1 |6 2 1 9 4 1 1 12 12 1 15 9 9 1 15 1 |1 1 10 1 1 1 6 15 1 1 1 1 1 1 3 13 |1 2 1 1 9 1 15 13 9 1 1 6 1 1 10 3 |1 10 11 1 1 1 2 5 2 6 14 1 6 2 3 1 |1 1 7 1 1 1 3 6 1 14 4 1 1 1 5 15 |2 1 1 4 7 2 1 1 1 1 1 3 2 1 3 4 |
1306: 1 1 12 1 7 15 8 1 3 1 1 1 9 1 17 6 |1 4 2 10 1 1 1 1 1 13 9 6 12 3 2 1 |1 14 8 2 1 4 13 1 1 1 1 4 1 3 2 1 |1 1 1 1 1 1 1 1 13 4 1 1 1 5 9 1 |1 1 4 2 2 1 3 2 6 1 4 1 6 1 1 6 |1 1 2 2 1 7 1 1 6 1 1 1 2 1 1 1 |6 2 1 9 4 1 1 12 12 1 15 9 9 1 15 1 |1 1 10 1 1 1 6 15 1 1 1 1 1 1 3 13 |1 2 1 1 9 1 15 13 9 1 1 6 1 1 10 3 |1 10 11 1 1 1 2 5 2 6 14 1 6 2 3 1 |1 1 7 1 1 1 3 6 1 14 4 1 1 1 5 15 |2 1 1 4 7 2 1 1 1 1 1 3 2 1 3 4 |
1316: 1 1 12 1 7 15 8 1 3 1 1 1 9 1 17 6 |1 4 2 10 1 1 1 1 1 13 9 6 12 3 2 1 |1 14 8 2 1 4 13 1 1 1 1 4 1 3 2 1 |1 1 1 1 1 1 1 1 13 4 1 1 1 5 9 1 |1 1 4 2 2 1 3 2 6 1 4 1 6 1 1 6 |1 1 2 2 1 7 1 1 6 1 1 1 2 1 1 1 |6 2 1 9 4 1 1 12 12 1 15 9 9 1 15 1 |1 1 10 1 1 1 6 15 1 1 1 1 1 1 3 13 |1 2 1 1 9 1 15 13 9 1 1 6 1 1 10 3 |1 10 11 1 1 1 2 5 2 6 14 1 6 2 3 1 |1 1 7 1 1 1 3 6 1 14 4 1 1 1 5 15 |2 1 1 4 7 2 1 1 1 1 1 3 2 1 3 4 |
1327: 1 1 12 1 7 15 8 1 3 1 1 1 9 1 17 6 |1 4 2 10 1 1 1 1 1 13 9 6 12 3 2 1 |1 14 8 2 1 4 13 1 1 1 1 4 1 3 2 1 |1 1 1 1 1 1 1 1 13 4 1 1 1 5 9 1 |1 1 4 2 2 1 3 2 6 1 4 1 6 1 1 6 |1 1 2 2 1 7 1 1 6 1 1 1 2 1 1 1 |6 2 1 9 4 1 1 12 12 1 15 9 9 1 15 1 |1 1 10 1 1 1 6 15 1 1 1 1 1 1 3 13 |1 2 1 1 9 1 15 13 9 1 1 6 1 1 10 3 |1 10 11 1 1 1 2 5 2 6 14 1 6 2 3 1 |1 1 7 1 1 1 3 6 1 14 4 1 1 1 5 15 |2 1 1 4 7 2 1 1 1 1 1 3 2 1 3 4 |
1338: 1 1 12 1 7 15 8 1 3 1 1 1 9 1 17 6 |1 4 2 10 1 1 1 1 1 13 9 6 12 3 2 1 |1 14 8 2 1 4 13 1 1 1 1 4 1 3 2 1 |1 1 1 1 1 1 1 1 13 4 1 1 1 5 9 1 |1 1 1 2 5 1 1 1 1 10 5 2 2 1 1 2 |1 1 2 2 1 7 1 1 6 1 1 1 2 1 1 1 |6 2 1 9 4 1 1 12 12 1 15 9 9 1 15 1 |1 1 10 1 1 1 6 15 1 1 1 1 1 1 3 13 |1 2 1 1 9 1 15 13 9 1 1 6 1 1 10 3 |1 10 11 1 1 1 2 5 2 6 14 1 6 2 3 1 |1 1 7 1 1 1 3 6 1 14 4 1 1 1 5 15 |2 1 1 4 7 2 1 1 1 1 1 3 2 1 3 4 |
1348: 1 1 12 1 7 15 8 1 3 1 1 1 9 1 17 6 |1 4 2 10 1 1 1 1 1 13 9 6 12 3 2 1 |1 14 8 2 1 4 13 1 1 1 1 4 1 3 2 1 |1 1 1 1 1 1 1 1 13 4 1 1 1 5 9 1 |1 1 1 2 5 1 1 1 1 10 5 2 2 1 1 2 |1 6 3 7 3 4 1 11 9 2 1 1 2 6 1 1 |6 2 1 9 4 1 1 12 12 1 15 9 9 1 15 1 |1 1 10 1 1 1 6 15 1 1 1 1 1 1 3 13 |1 2 1 1 9 1 15 13 9 1 1 6 1 1 10 3 |1 10 11 1 1 1 2 5 2 6 14 1 6 2 3 1 |1 1 7 1 1 1 3 6 1 14 4 1 1 1 5 15 |2 1 1 4 7 2 1 1 1 1 1 3 2 1 3 4 |
1359: 1 1 12 1 7 15 8 1 3 1 1 1 9 1 17 6 |1 4 2 10 1 1 1 1 1 13 9 6 12 3 2 1 |1 14 8 2 1 4 13 1 1 1 1 4 1 3 2 1 |1 1 1 1 1 1 1 1 13 4 1 1 1 5 9 1 |1 1 1 2 5 1 1 1 1 10 5 2 2 1 1 2 |1 6 3 7 3 4 1 11 9 2 1 1 2 6 1 1 |6 2 1 9 4 1 1 12 12 1 15 9 9 1 15 1 |1 1 10 1 1 1 6 15 1 1 1 1 1 1 3 13 |1 2 1 1 9 1 15 13 9 1 1 6 1 1 10 3 |1 10 11 1 1 1 2 5 2 6 14 1 6 2 3 1 |1 1 7 1 1 1 3 6 1 14 4 1 1 1 5 15 |2 1 1 4 7 2 1 1 1 1 1 3 2 1 3 4 |
1370: 1 1 12 1 7 15 8 1 3 1 1 1 9 1 17 6 |1 4 2 10 1 1 1 1 1 13 9 6 12 3 2 1 |1 14 8 2 1 4 13 1 1 1 1 4 1 3 2 1 |1 1 1 1 1 1 1 1 13 4 1 1 1 5 9 1 |1 1 1 2 5 1 1 1 1 10 5 2 2 1 1 2 |1 6 3 7 3 4 1 11 9 2 1 1 2 6 1 1 |6 2 1 9 4 1 1 12 12 1 15 9 9 1 15 1 |1 1 10 1 1 1 6 15 1 1 1 1 1 1 3 13 |1 2 1 1 9 1 15 13 9 1 1 6 1 1 10 3 |1 10 11 1 1 1 2 5 2 6 14 1 6 2 3 1 |1 1 7 1 1 1 3 6 1 14 4 1 1 1 5 15 |2 1 1 4 7 2 1 1 1 1 1 3 2 1 3 4 |
1380: 1 1 12 1 7 15 8 1 3 1 1 1 9 1 17 6 |1 4 2 10 1 1 1 1 1 13 9 6 12 3 2 1 |1 14 8 2 1 4 13 1 1 1 1 4 1 3 2 1 |1 1 1 1 1 1 1 1 13 4 1 1 1 5 9 1 |1 1 1 2 5 1 1 1 1 10 5 2 2 1 1 2 |1 6 3 7 3 4 1 11 9 2 1 1 2 6 1 1 |6 2 1 9 4 1 1 12 12 1 15 9 9 1 15 1 |1 1 10 1 1 1 6 15 1 1 1 1 1 1 3 13 |1 2 1 1 9 1 15 13 9 1 1 6 1 1 10 3 |1 10 11 1 1 1 2 5 2 6 14 1 6 2 3 1 |1 1 7 1 1 1 3 6 1 14 4 1 1 1 5 15 |2 1 1 4 7 2 1 1 1 1 1 3 2 1 3 4 |
1390: 1 1 12 1 7 15 8 1 3 1 1 1 9 1 17 6 |1 4 2 10 1 1 1 1 1 13 9 6 12 3 2 1 |1 14 8 2 1 4 13 1 1 1 1 4 1 3 2 1 |1 1 1 1 1 1 1 1 13 4 1 1 1 5 9 1 |1 1 1 2 5 1 1 1 1 10 5 2 2 1 1 2 |1 6 3 7 3 4 1 11 9 2 1 1 2 6 1 1 |6 2 1 9 4 1 1 12 12 1 15 9 9 1 15 1 |1 1 10 1 1 1 6 15 1 1 1 1 1 1 3 13 |1 2 1 1 9 1 15 13 9 1 1 6 1 1 10 3 |1 10 11 1 1 1 2 5 2 6 14 1 6 2 3 1 |1 1 7 1 1 1 3 6 1 14 4 1 1 1 5 15 |2 1 1 4 7 2 1 1 1 1 1 3 2 1 3 4 |
1401: 1 1 12 1 7 15 8 1 3 1 1 1 9 1 17 6 |1 4 2 10 1 1 1 1 1 13 9 6 12 3 2 1 |1 14 8 2 1 4 13 1 1 1 1 4 1 3 2 1 |1 1 1 1 1 1 1 1 13 4 1 1 1 5 9 1 |1 1 1 2 5 1 1 1 1 10 5 2 2 1 1 2 |2 10 3 7 3 11 1 12 11 1 1 2 3 5 1 1 |6 2 1 9 4 1 1 12 12 1 15 9 9 1 15 1 |1 1 10 1 1 1 6 15 1 1 1 1 1 1 3 13 |1 2 1 1 9 1 15 13 9 1 1 6 1 1 10 3 |1 10 11 1 1 1 2 5 2 6 14 1 6 2 3 1 |1 1 7 1 1 1 3 6 1 14 4 1 1 1 5 15 |2 1 1 4 7 2 1 1 1 1 1 3 2 1 3 4 |
1412: 1 1 12 1 7 15 8 1 3 1 1 1 9 1 17 6 |1 4 2 10 1 1 1 1 1 13 9 6 12 3 2 1 |1 14 8 2 1 4 13 1 1 1 1 4 1 3 2 1 |1 1 1 1 1 1 1 1 13 4 1 1 1 5 9 1 |1 1 1 2 5 1 1 1 1 10 5 2 2 1 1 2 |2 10 3 7 3 11 1 12 11 1 1 2 3 5 1 1 |6 2 1 9 4 1 1 12 12 1 15 9 9 1 15 1 |1 1 10 1 1 1 6 15 1 1 1 1 1 1 3 13 |1 2 1 1 9 1 15 13 9 1 1 6 1 1 10 3 |1 10 11 1 1 1 2 5 2 6 14 1 6 2 3 1 |1 1 7 1 1 1 3 6 1 14 4 1 1 1 5 15 |2 1 1 4 7 2 1 1 1 1 1 3 2 1 3 4 |
1423: 1 1 12 1 7 15 8 1 3 1 1 1 9 1 17 6 |1 4 2 10 1 1 1 1 1 13 9 6 12 3 2 1 |1 14 8 2 1 4 13 1 1 1 1 4 1 3 2 1 |1 1 1 1 1 1 1 1 13 4 1 1 1 5 9 1 |1 1 1 2 5 1 1 1 1 10 5 2 2 1 1 2 |2 10 3 7 3 11 1 12 11 1 1 2 3 5 1 1 |6 2 1 9 4 1 1 12 12 1 15 9 9 1 15 1 |1 1 10 1 1 1 6 15 1 1 1 1 1 1 3 13 |1 2 1 1 9 1 15 13 9 1 1 6 1 1 10 3 |1 10 11 1 1 1 2 5 2 6 14 1 6 2 3 1 |1 1 7 1 1 1 3 6 1 14 4 1 1 1 5 15 |2 1 1 4 7 2 1 1 1 1 1 3 2 1 3 4 |
1434: 1 1 12 1 7 15 8 1 3 1 1 1 9 1 17 6 |1 4 2 10 1 1 1 1 1 13 9 6 12 3 2 1 |1 14 8 2 1 4 13 1 1 1 1 4 1 3 2 1 |1 1 1 1 1 1 1 1 13 4 1 1 1 5 9 1 |1 1 1 8 5 1 4 2 6 10 1 3 1 1 1 2 |2 10 3 7 3 11 1 12 11 1 1 2 3 5 1 1 |6 2 1 9 4 1 1 12 12 1 15 9 9 1 15 1 |1 1 10 1 1 1 6 15 1 1 1 1 1 1 3 13 |1 2 1 1 9 1 15 13 9 1 1 6 1 1 10 3 |1 10 11 1 1 1 2 5 2 6 14 1 6 2 3 1 |1 1 7 1 1 1 3 6 1 14 4 1 1 1 5 15 |2 1 1 4 7 2 1 1 1 1 1 3 2 1 3 4 |
1445: 1 1 12 1 7 15 8 1 3 1 1 1 9 1 17 6 |1 4 2 10 1 1 1 1 1 13 9 6 12 3 2 1 |1 14 8 2 1 4 13 1 1 1 1 4 1 3 2 1 |1 1 1 1 1 1 1 1 13 4 1 1 1 5 9 1 |1 1 1 8 5 1 4 2 6 10 1 3 1 1 1 2 |2 10 3 7 3 11 1 12 11 1 1 2 3 5 1 1 |6 2 1 9 4 1 1 12 12 1 15 9 9 1 15 1 |1 1 10 1 1 1 6 15 1 1 1 1 1 1 3 13 |1 2 1 1 9 1 15 13 9 1 1 6 1 1 10 3 |1 10 11 1 1 1 2 5 2 6 14 1 6 2 3 1 |1 1 7 1 1 1 3 6 1 14 4 1 1 1 5 15 |2 1 1 4 7 2 1 1 1 1 1 3 2 1 3 4 |
1455: 1 1 12 1 7 15 8 1 3 1 1 1 9 1 17 6 |1 4 2 10 1 1 1 1 1 13 9 6 12 3 2 1 |1 14 8 2 1 4 13 1 1 1 1 4 1 3 2 1 |1 1 1 1 1 1 1 1 13 4 1 1 1 5 9 1 |1 1 1 8 5 1 4 2 6 10 1 3 1 1 1 2 |2 10 3 7 3 11 1 12 11 1 1 2 3 5 1 1 |6 2 1 9 4 1 1 12 12 1 15 9 9 1 15 1 |1 1 10 1 1 1 6 15 1 1 1 1 1 1 3 13 |1 2 1 1 9 1 15 13 9 1 1 6 1 1 10 3 |1 10 11 1 1 1 2 5 2 6 14 1 6 2 3 1 |1 1 7 1 1 1 3 6 1 14 4 1 1 1 5 15 |2 1 1 4 7 2 1 1 1 1 1 3 2 1 3 4 |
1465: 1 1 12 1 7 15 8 1 3 1 1 1 9 1 17 6 |1 4 2 10 1 1 1 1 1 13 9 6 12 3 2 1 |1 14 8 2 1 4 13 1 1 1 1 4 1 3 2 1 |1 1 14 1 5 4 3 2 4 1 14 4 9 9 1 1 |1 1 1 8 5 1 4 2 6 10 1 3 1 1 1 2 |2 10 3 7 3 11 1 12 11 1 1 2 3 5 1 1 |6 2 1 9 4 1 1 12 12 1 15 9 9 1 15 1 |1 1 10 1 1 1 6 15 1 1 1 1 1 1 3 13 |1 2 1 1 9 1 15 13 9 1 1 6 1 1 10 3 |1 10 11 1 1 1 2 5 2 6 14 1 6 2 3 1 |1 1 7 1 1 1 3 6 1 14 4 1 1 1 5 15 |2 1 1 4 7 2 1 1 1 1 1 3 2 1 3 4 |
1475: 1 1 12 1 7 15 8 1 3 1 1 1 9 1 17 6 |1 4 2 10 1 1 1 1 1 13 9 6 12 3 2 1 |1 14 8 2 1 4 13 1 1 1 1 4 1 3 2 1 |1 1 14 1 5 4 3 2 4 1 14 4 9 9 1 1 |1 1 1 8 5 1 4 2 6 10 1 3 1 1 1 2 |2 10 3 7 3 11 1 12 11 1 1 2 3 5 1 1 |6 2 1 9 4 1 1 12 12 1 15 9 9 1 15 1 |1 1 10 1 1 1 6 15 1 1 1 1 1 1 3 13 |1 2 1 1 9 1 15 13 9 1 1 6 1 1 10 3 |1 10 11 1 1 1 2 5 2 6 14 1 6 2 3 1 |2 1 6 1 1 2 3 2 1 14 2 1 1 2 1 2 |2 1 1 4 7 2 1 1 1 1 1 3 2 1 3 4 |
1486: 1 1 12 1 7 15 8 1 3 1 1 1 9 1 17 6 |1 4 2 10 1 1 1 1 1 13 9 6 12 3 2 1 |1 14 8 2 1 4 13 1 1 1 1 4 1 3 2 1 |1 1 14 1 5 4 3 2 4 1 14 4 9 9 1 1 |1 1 1 8 5 1 4 2 6 10 1 3 1 1 1 2 |2 10 3 7 3 11 1 12 11 1 1 2 3 5 1 1 |6 2 1 9 4 1 1 12 12 1 15 9 9 1 15 1 |1 1 10 1 1 1 6 15 1 1 1 1 1 1 3 13 |1 2 1 1 9 1 15 13 9 1 1 6 1 1 10 3 |1 10 11 1 1 1 2 5 2 6 14 1 6 2 3 1 |2 1 6 1 1 2 3 2 1 14 2 1 1 2 1 2 |2 1 1 4 7 2 1 1 1 1 1 3 2 1 3 4 |
1497: 1 1 12 1 7 15 8 1 3 1 1 1 9 1 17 6 |1 4 2 10 1 1 1 1 1 13 9 6 12 3 2 1 |1 14 8 2 1 4 13 1 1 1 1 4 1 3 2 1 |1 3 13 1 6 3 1 11 13 8 11 1 1 1 4 1 |1 1 1 8 5 1 4 2 6 10 1 3 1 1 1 2 |2 10 3 7 3 11 1 12 11 1 1 2 3 5 1 1 |6 2 1 9 4 1 1 12 12 1 15 9 9 1 15 1 |1 1 10 1 1 1 6 15 1 1 1 1 1 1 3 13 |1 2 1 1 9 1 15 13 9 1 1 6 1 1 10 3 |1 10 11 1 1 1 2 5 2 6 14 1 6 2 3 1 |2 1 6 1 1 2 3 2 1 14 2 1 1 2 1 2 |2 1 1 4 7 2 1 1 1 1 1 3 2 1 3 4 |
1508: 1 1 12 1 7 15 8 1 3 1 1 1 9 1 17 6 |1 4 2 10 1 1 1 1 1 13 9 6 12 3 2 1 |1 14 8 2 1 4 13 1 1 1 1 4 1 3 2 1 |1 3 13 1 6 3 1 11 13 8 11 1 1 1 4 1 |2 1 1 9 3 2 3 1 1 1 1 3 2 1 1 2 |2 10 3 7 3 11 1 12 11 1 1 2 3 5 1 1 |6 2 1 9 4 1 1 12 12 1 15 9 9 1 15 1 |1 1 10 1 1 1 6 15 1 1 1 1 1 1 3 13 |1 2 1 1 9 1 15 13 9 1 1 6 1 1 10 3 |1 10 11 1 1 1 2 5 2 6 14 1 6 2 3 1 |2 1 6 1 1 2 3 2 1 14 2 1 1 2 1 2 |2 1 1 4 7 2 1 1 1 1 1 3 2 1 3 4 |
1518: 1 1 12 1 7 15 8 1 3 1 1 1 9 1 17 6 |1 4 2 10 1 1 1 1 1 13 9 6 12 3 2 1 |1 14 8 2 1 4 13 1 1 1 1 4 1 3 2 1 |1 3 13 1 6 3 1 11 13 8 11 1 1 1 4 1 |2 1 1 9 3 2 3 1 1 1 1 3 2 1 1 2 |2 10 3 7 3 11 1 12 11 1 1 2 3 5 1 1 |6 2 1 9 4 1 1 12 12 1 15 9 9 1 15 1 |1 1 10 1 1 1 6 15 1 1 1 1 1 1 3 13 |1 2 1 1 9 1 15 13 9 1 1 6 1 1 10 3 |1 10 11 1 1 1 2 5 2 6 14 1 6 2 3 1 |2 1 6 1 1 2 3 2 1 14 2 1 1 2 1 2 |2 1 1 4 7 2 1 1 1 1 1 3 2 1 3 4 |
1529: 1 1 12 1 7 15 8 1 3 1 1 1 9 1 17 6 |7 8 2 10 1 1 1 1 9 4 10 6 20 4 1 5 |1 14 8 2 1 4 13 1 1 1 1 4 1 3 2 1 |1 3 13 1 6 3 1 11 13 8 11 1 1 1 4 1 |2 1 1 9 3 2 3 1 1 1 1 3 2 1 1 2 |2 10 3 7 3 11 1 12 11 1 1 2 3 5 1 1 |6 2 1 9 4 1 1 12 12 1 15 9 9 1 15 1 |1 1 10 1 1 1 6 15 1 1 1 1 1 1 3 13 |1 2 1 1 9 1 15 13 9 1 1 6 1 1 10 3 |1 10 11 1 1 1 2 5 2 6 14 1 6 2 3 1 |2 1 6 1 1 2 3 2 1 14 2 1 1 2 1 2 |2 1 1 4 7 2 1 1 1 1 1 3 2 1 3 4 |
1539: 1 1 12 1 7 15 8 1 3 1 1 1 9 1 17 6 |7 8 2 10 1 1 1 1 9 4 10 6 20 4 1 5 |1 2 1 3 10 4 13 17 1 1 2 1 1 4 1 3 |1 3 13 1 6 3 1 11 13 8 11 1 1 1 4 1 |2 1 1 9 3 2 3 1 1 1 1 3 2 1 1 2 |2 10 3 7 3 11 1 12 11 1 1 2 3 5 1 1 |6 2 1 9 4 1 1 12 12 1 15 9 9 1 15 1 |1 1 10 1 1 1 6 15 1 1 1 1 1 1 3 13 |1 2 1 1 9 1 15 13 9 1 1 6 1 1 10 3 |1 10 11 1 1 1 2 5 2 6 14 1 6 2 3 1 |2 1 6 1 1 2 3 2 1 14 2 1 1 2 1 2 |2 1 1 4 7 2 1 1 1 1 1 3 2 1 3 4 |
1550: 1 1 12 1 7 15 8 1 3 1 1 1 9 1 17 6 |7 8 2 10 1 1 1 1 9 4 10 6 20 4 1 5 |1 2 1 3 10 4 13 17 1 1 2 1 1 4 1 3 |1 3 13 1 6 3 1 11 13 8 11 1 1 1 4 1 |2 1 1 9 3 2 3 1 1 1 1 3 2 1 1 2 |2 10 3 7 3 11 1 12 11 1 1 2 3 5 1 1 |6 2 1 9 4 1 1 12 12 1 15 9 9 1 15 1 |1 1 10 1 1 1 6 15 1 1 1 1 1 1 3 13 |1 2 1 1 9 1 15 13 9 1 1 6 1 1 10 3 |1 10 11 1 1 1 2 5 2 6 14 1 6 2 3 1 |2 1 6 1 1 2 3 2 1 14 2 1 1 2 1 2 |2 1 1 4 7 2 1 1 1 1 1 3 2 1 3 4 |
1561: 1 1 12 1 7 15 8 1 3 1 1 1 9 1 17 6 |7 8 2 10 1 1 1 1 9 4 10 6 20 4 1 5 |1 2 1 3 10 4 13 17 1 1 2 1 1 4 1 3 |1 3 13 1 6 3 1 11 13 8 11 1 1 1 4 1 |2 1 1 9 3 2 3 1 1 1 1 3 2 1 1 2 |2 10 3 7 3 11 1 12 11 1 1 2 3 5 1 1 |6 2 1 9 4 1 1 12 12 1 15 9 9 1 15 1 |1 1 10 1 1 1 6 15 1 1 1 1 1 1 3 13 |1 2 1 1 9 1 15 13 9 1 1 6 1 1 10 3 |1 10 11 1 1 1 2 5 2 6 14 1 6 2 3 1 |2 1 6 1 1 2 3 2 1 14 2 1 1 2 1 2 |2 1 1 4 7 2 1 1 1 1 1 3 2 1 3 4 |
1571: 1 1 12 1 7 15 8 1 3 1 1 1 9 1 17 6 |7 8 2 10 1 1 1 1 9 4 10 6 20 4 1 5 |1 2 1 3 10 4 13 17 1 1 2 1 1 4 1 3 |1 3 13 1 6 3 1 11 13 8 11 1 1 1 4 1 |2 1 1 9 3 2 3 1 1 1 1 3 2 1 1 2 |2 10 3 7 3 11 1 12 11 1 1 2 3 5 1 1 |6 2 1 9 4 1 1 12 12 1 15 9 9 1 15 1 |2 1 1 1 1 1 1 20 13 1 5 2 6 1 3 14 |1 2 1 1 9 1 15 13 9 1 1 6 1 1 10 3 |1 10 11 1 1 1 2 5 2 6 14 1 6 2 3 1 |2 1 6 1 1 2 3 2 1 14 2 1 1 2 1 2 |2 1 1 4 7 2 1 1 1 1 1 3 2 1 3 4 |
1582: 1 1 12 1 7 15 8 1 3 1 1 1 9 1 17 6 |7 8 2 10 1 1 1 1 9 4 10 6 20 4 1 5 |1 2 1 3 10 4 13 17 1 1 2 1 1 4 1 3 |1 3 13 1 6 3 1 11 13 8 11 1 1 1 4 1 |2 1 1 9 3 2 3 1 1 1 1 3 2 1 1 2 |2 10 3 7 3 11 1 12 11 1 1 2 3 5 1 1 |6 2 1 9 4 1 1 12 12 1 15 9 9 1 15 1 |2 1 1 1 1 1 1 20 13 1 5 2 6 1 3 14 |1 2 1 1 9 1 15 13 9 1 1 6 1 1 10 3 |1 10 11 1 1 1 2 5 2 6 14 1 6 2 3 1 |2 1 6 1 1 2 3 2 1 14 2 1 1 2 1 2 |2 1 1 4 7 2 1 1 1 1 1 3 2 1 3 4 |
1593: 1 1 12 1 7 15 8 1 3 1 1 1 9 1 17 6 |7 8 2 10 1 1 1 1 9 4 10 6 20 4 1 5 |1 2 1 3 10 4 13 17 1 1 2 1 1 4 1 3 |1 3 13 1 6 3 1 11 13 8 11 1 1 1 4 1 |2 1 1 9 3 2 3 1 1 1 1 3 2 1 1 2 |2 10 3 7 3 11 1 12 11 1 1 2 3 5 1 1 |6 2 1 9 4 1 1 12 12 1 15 9 9 1 15 1 |2 1 1 1 1 1 1 20 13 1 5 2 6 1 3 14 |1 2 1 1 9 1 15 13 9 1 1 6 1 1 10 3 |1 10 11 1 1 1 2 5 2 6 14 1 6 2 3 1 |2 1 6 1 1 2 3 2 1 14 2 1 1 2 1 2 |2 1 1 4 7 2 1 1 1 1 1 3 2 1 3 4 |
1603: 1 1 12 1 7 15 8 1 3 1 1 1 9 1 17 6 |7 8 2 10 1 1 1 1 9 4 10 6 20 4 1 5 |1 2 1 3 10 4 13 17 1 1 2 1 1 4 1 3 |1 3 13 1 6 3 1 11 13 8 11 1 1 1 4 1 |2 1 1 9 3 2 3 1 1 1 1 3 2 1 1 2 |2 10 3 7 3 11 1 12 11 1 1 2 3 5 1 1 |7 2 1 9 1 1 1 12 12 1 9 8 9 1 14 1 |2 1 1 1 1 1 1 20 13 1 5 2 6 1 3 14 |1 2 1 1 9 1 15 13 9 1 1 6 1 1 10 3 |1 10 11 1 1 1 2 5 2 6 14 1 6 2 3 1 |2 1 6 1 1 2 3 2 1 14 2 1 1 2 1 2 |2 1 1 4 7 2 1 1 1 1 1 3 2 1 3 4 |
1614: 1 1 12 1 7 15 8 1 3 1 1 1 9 1 17 6 |7 8 2 10 1 1 1 1 9 4 10 6 20 4 1 5 |1 2 1 3 10 4 13 17 1 1 2 1 1 4 1 3 |1 3 13 1 6 3 1 11 13 8 11 1 1 1 4 1 |2 1 1 9 3 2 3 1 1 1 1 3 2 1 1 2 |2 10 3 7 3 11 1 12 11 1 1 2 3 5 1 1 |7 2 1 9 1 1 1 12 12 1 9 8 9 1 14 1 |2 1 1 1 1 1 1 20 13 1 5 2 6 1 3 14 |1 2 1 1 9 1 15 13 9 1 1 6 1 1 10 3 |1 10 11 1 1 1 2 5 2 6 14 1 6 2 3 1 |2 1 6 1 1 2 3 2 1 14 2 1 1 2 1 2 |2 1 1 4 7 2 1 1 1 1 1 3 2 1 3 4 |
1625: 1 1 12 1 7 15 8 1 3 1 1 1 9 1 17 6 |7 8 2 10 1 1 1 1 9 4 10 6 20 4 1 5 |1 2 1 3 10 4 13 17 1 1 2 1 1 4 1 3 |1 3 13 1 6 3 1 11 13 8 11 1 1 1 4 1 |2 1 1 9 3 2 3 1 1 1 1 3 2 1 1 2 |2 10 3 7 3 11 1 12 11 1 1 2 3 5 1 1 |7 2 1 9 1 1 1 12 12 1 9 8 9 1 14 1 |2 1 1 1 1 1 1 20 13 1 5 2 6 1 3 14 |1 2 1 1 9 1 15 13 9 1 1 6 1 1 10 3 |1 10 11 1 1 1 2 5 2 6 14 1 6 2 3 1 |2 1 6 1 1 2 3 2 1 14 2 1 1 2 1 2 |2 1 1 4 7 2 1 1 1 1 1 3 2 1 3 4 |
1636: 1 1 12 1 7 15 8 1 3 1 1 1 9 1 17 6 |7 8 2 10 1 1 1 1 9 4 10 6 20 4 1 5 |1 2 1 3 10 4 13 17 1 1 2 1 1 4 1 3 |1 3 13 1 6 3 1 11 13 8 11 1 1 1 4 1 |1 1 1 2 13 1 1 2 6 11 1 1 2 1 1 2 |2 10 3 7 3 11 1 12 11 1 1 2 3 5 1 1 |7 2 1 9 1 1 1 12 12 1 9 8 9 1 14 1 |2 1 1 1 1 1 1 20 13 1 5 2 6 1 3 14 |1 2 1 1 9 1 15 13 9 1 1 6 1 1 10 3 |1 10 11 1 1 1 2 5 2 6 14 1 6 2 3 1 |2 1 6 1 1 2 3 2 1 14 2 1 1 2 1 2 |2 1 1 4 7 2 1 1 1 1 1 3 2 1 3 4 |
1647: 1 1 12 1 7 15 8 1 3 1 1 1 9 1 17 6 |7 8 2 10 1 1 1 1 9 4 10 6 20 4 1 5 |1 2 1 3 10 4 13 17 1 1 2 1 1 4 1 3 |1 3 13 1 6 3 1 11 13 8 11 1 1 1 4 1 |1 1 1 2 13 1 1 2 6 11 1 1 2 1 1 2 |2 10 3 7 3 11 1 12 11 1 1 2 3 5 1 1 |7 2 1 9 1 1 1 12 12 1 9 8 9 1 14 1 |2 1 1 1 1 1 1 20 13 1 5 2 6 1 3 14 |1 2 1 1 9 1 15 13 9 1 1 6 1 1 10 3 |1 10 11 1 1 1 2 5 2 6 14 1 6 2 3 1 |2 1 6 1 1 2 3 2 1 14 2 1 1 2 1 2 |2 1 1 4 7 2 1 1 1 1 1 3 2 1 3 4 |
1657: 1 1 12 1 7 15 8 1 3 1 1 1 9 1 17 6 |7 8 2 10 1 1 1 1 9 4 10 6 20 4 1 5 |1 2 1 3 10 4 13 17 1 1 2 1 1 4 1 3 |1 3 13 1 6 3 1 11 13 8 11 1 1 1 4 1 |1 1 1 2 13 1 1 2 6 11 1 1 2 1 1 2 |2 10 3 7 3 11 1 12 11 1 1 2 3 5 1 1 |7 2 1 9 1 1 1 12 12 1 9 8 9 1 14 1 |2 1 1 1 1 1 1 20 13 1 5 2 6 1 3 14 |1 2 1 1 9 1 15 13 9 1 1 6 1 1 10 3 |1 10 11 1 1 1 2 5 2 6 14 1 6 2 3 1 |2 1 6 1 1 2 3 2 1 14 2 1 1 2 1 2 |2 1 1 4 7 2 1 1 1 1 1 3 2 1 3 4 |
1668: 1 1 12 1 7 15 8 1 3 1 1 1 9 1 17 6 |7 8 2 10 1 1 1 1 9 4 10 6 20 4 1 5 |1 2 1 3 10 4 13 17 1 1 2 1 1 4 1 3 |1 3 13 1 6 3 1 11 13 8 11 1 1 1 4 1 |4 1 1 1 1 2 2 2 6 9 1 2 5 1 3 3 |2 10 3 7 3 11 1 12 11 1 1 2 3 5 1 1 |7 2 1 9 1 1 1 12 12 1 9 8 9 1 14 1 |2 1 1 1 1 1 1 20 13 1 5 2 6 1 3 14 |1 2 1 1 9 1 15 13 9 1 1 6 1 1 10 3 |1 10 11 1 1 1 2 5 2 6 14 1 6 2 3 1 |2 1 6 1 1 2 3 2 1 14 2 1 1 2 1 2 |2 1 1 4 7 2 1 1 1 1 1 3 2 1 3 4 |
1679: 1 1 12 1 7 15 8 1 3 1 1 1 9 1 17 6 |7 8 2 10 1 1 1 1 9 4 10 6 20 4 1 5 |1 2 1 3 10 4 13 17 1 1 2 1 1 4 1 3 |1 3 13 1 6 3 1 11 13 8 11 1 1 1 4 1 |4 1 1 1 1 2 2 2 6 9 1 2 5 1 3 3 |2 10 3 7 3 11 1 12 11 1 1 2 3 5 1 1 |7 2 1 9 1 1 1 12 12 1 9 8 9 1 14 1 |2 1 1 1 1 1 1 20 13 1 5 2 6 1 3 14 |1 2 1 1 9 1 15 13 9 1 1 6 1 1 10 3 |1 10 11 1 1 1 2 5 2 6 14 1 6 2 3 1 |2 1 6 1 1 2 3 2 1 14 2 1 1 2 1 2 |2 1 1 4 7 2 1 1 1 1 1 3 2 1 3 4 |
1690: 1 1 12 1 7 15 8 1 3 1 1 1 9 1 17 6 |7 8 2 10 1 1 1 1 9 4 10 6 20 4 1 5 |1 2 1 3 10 4 13 17 1 1 2 1 1 4 1 3 |1 3 13 1 6 3 1 11 13 8 11 1 1 1 4 1 |4 1 1 1 1 2 2 2 6 9 1 2 5 1 3 3 |2 10 3 7 3 11 1 12 11 1 1 2 3 5 1 1 |7 2 1 9 1 1 1 12 12 1 9 8 9 1 14 1 |2 1 1 1 1 1 1 20 13 1 5 2 6 1 3 14 |1 2 1 1 9 1 15 13 9 1 1 6 1 1 10 3 |1 10 11 1 1 1 2 5 2 6 14 1 6 2 3 1 |2 1 6 1 1 2 3 2 1 14 2 1 1 2 1 2 |2 1 1 4 7 2 1 1 1 1 1 3 2 1 3 4 |
1700: 1 1 12 1 7 15 8 1 3 1 1 1 9 1 17 6 |7 8 2 10 1 1 1 1 9 4 10 6 20 4 1 5 |1 2 1 3 10 4 13 17 1 1 2 1 1 4 1 3 |1 3 13 1 6 3 1 11 13 8 11 1 1 1 4 1 |4 1 1 1 1 2 2 2 6 9 1 2 5 1 3 3 |2 10 3 7 3 11 1 12 11 1 1 2 3 5 1 1 |7 2 1 9 1 1 1 12 12 1 9 8 9 1 14 1 |2 1 1 1 1 1 1 20 13 1 5 2 6 1 3 14 |1 2 1 1 9 1 15 13 9 1 1 6 1 1 10 3 |1 10 11 1 1 1 2 5 2 6 14 1 6 2 3 1 |2 1 6 1 1 2 3 2 1 14 2 1 1 2 1 2 |2 1 1 4 7 2 1 1 1 1 1 3 2 1 3 4 |
1710: 1 1 12 1 7 15 8 1 3 1 1 1 9 1 17 6 |7 8 2 10 1 1 1 1 9 4 10 6 20 4 1 5 |1 2 1 3 10 4 13 17 1 1 2 1 1 4 1 3 |1 3 13 1 6 3 1 11 13 8 11 1 1 1 4 1 |4 1 1 1 1 2 2 2 6 9 1 2 5 1 3 3 |2 10 3 7 3 11 1 12 11 1 1 2 3 5 1 1 |7 2 1 9 1 1 1 12 12 1 9 8 9 1 14 1 |2 1 1 1 1 1 1 20 13 1 5 2 6 1 3 14 |1 2 1 1 9 1 15 13 9 1 1 6 1 1 10 3 |1 10 11 1 1 1 2 5 2 6 14 1 6 2 3 1 |2 1 6 1 1 2 3 2 1 14 2 1 1 2 1 2 |2 1 1 4 7 2 1 1 1 1 1 3 2 1 3 4 |
1720: 1 1 12 1 7 15 8 1 3 1 1 1 9 1 17 6 |7 8 2 10 1 1 1 1 9 4 10 6 20 4 1 5 |1 2 1 3 10 4 13 17 1 1 2 1 1 4 1 3 |1 3 13 1 6 3 1 11 13 8 11 1 1 1 4 1 |4 1 1 1 1 2 2 2 6 9 1 2 5 1 3 3 |2 10 3 7 3 11 1 12 11 1 1 2 3 5 1 1 |7 2 1 9 1 1 1 12 12 1 9 8 9 1 14 1 |2 1 1 1 1 1 1 20 13 1 5 2 6 1 3 14 |1 2 1 1 9 1 15 13 9 1 1 6 1 1 10 3 |1 10 11 1 1 1 2 5 2 6 14 1 6 2 3 1 |2 1 6 1 1 2 3 2 1 14 2 1 1 2 1 2 |2 1 1 4 7 2 1 1 1 1 1 3 2 1 3 4 |
1731: 1 1 16 1 6 17 3 1 7 1 1 3 10 1 4 8 |7 8 2 10 1 1 1 1 9 4 10 6 20 4 1 5 |1 2 1 3 10 4 13 17 1 1 2 1 1 4 1 3 |1 3 13 1 6 3 1 11 13 8 11 1 1 1 4 1 |4 1 1 1 1 2 2 2 6 9 1 2 5 1 3 3 |2 10 3 7 3 11 1 12 11 1 1 2 3 5 1 1 |7 2 1 9 1 1 1 12 12 1 9 8 9 1 14 1 |2 1 1 1 1 1 1 20 13 1 5 2 6 1 3 14 |1 2 1 1 9 1 15 13 9 1 1 6 1 1 10 3 |1 10 11 1 1 1 2 5 2 6 14 1 6 2 3 1 |2 1 6 1 1 2 3 2 1 14 2 1 1 2 1 2 |2 1 1 4 7 2 1 1 1 1 1 3 2 1 3 4 |
1742: 1 1 16 1 6 17 3 1 7 1 1 3 10 1 4 8 |7 8 2 10 1 1 1 1 9 4 10 6 20 4 1 5 |1 2 1 3 10 4 13 17 1 1 2 1 1 4 1 3 |1 3 13 1 6 3 1 11 13 8 11 1 1 1 4 1 |4 1 1 1 1 2 2 2 6 9 1 2 5 1 3 3 |2 10 3 7 3 11 1 12 11 1 1 2 3 5 1 1 |7 2 1 9 1 1 1 12 12 1 9 8 9 1 14 1 |2 1 1 1 1 1 1 20 13 1 5 2 6 1 3 14 |2 1 7 2 8 1 15 13 15 1 1 13 2 2 15 3 |1 10 11 1 1 1 2 5 2 6 14 1 6 2 3 1 |2 1 6 1 1 2 3 2 1 14 2 1 1 2 1 2 |2 1 1 4 7 2 1 1 1 1 1 3 2 1 3 4 |
1752: 1 1 16 1 6 17 3 1 7 1 1 3 10 1 4 8 |7 8 2 10 1 1 1 1 9 4 10 6 20 4 1 5 |1 2 1 3 10 4 13 17 1 1 2 1 1 4 1 3 |1 3 13 1 6 3 1 11 13 8 11 1 1 1 4 1 |4 1 1 1 1 2 2 2 6 9 1 2 5 1 3 3 |2 10 3 7 3 11 1 12 11 1 1 2 3 5 1 1 |7 2 1 9 1 1 1 12 12 1 9 8 9 1 14 1 |2 1 1 1 1 1 1 20 13 1 5 2 6 1 3 14 |2 1 7 2 8 1 15 13 15 1 1 13 2 2 15 3 |1 10 11 1 1 1 2 5 2 6 14 1 6 2 3 1 |2 1 6 1 1 2 3 2 1 14 2 1 1 2 1 2 |2 1 1 4 7 2 1 1 1 1 1 3 2 1 3 4 |
1763: 1 1 16 1 6 17 3 1 7 1 1 3 10 1 4 8 |7 8 2 10 1 1 1 1 9 4 10 6 20 4 1 5 |1 2 1 3 10 4 13 17 1 1 2 1 1 4 1 3 |1 3 13 1 6 3 1 11 13 8 11 1 1 1 4 1 |4 1 1 1 1 2 2 2 6 9 1 2 5 1 3 3 |2 10 3 7 3 11 1 12 11 1 1 2 3 5 1 1 |7 2 1 9 1 1 1 12 12 1 9 8 9 1 14 1 |2 1 1 1 1 1 1 20 13 1 5 2 6 1 3 14 |2 1 7 2 8 1 15 13 15 1 1 13 2 2 15 3 |1 10 11 1 1 1 2 5 2 6 14 1 6 2 3 1 |2 1 6 1 1 2 3 2 1 14 2 1 1 2 1 2 |2 1 1 4 7 2 1 1 1 1 1 3 2 1 3 4 |
1774: 1 1 16 1 6 17 3 1 7 1 1 3 10 1 4 8 |7 8 2 10 1 1 1 1 9 4 10 6 20 4 1 5 |1 2 1 3 10 4 13 17 1 1 2 1 1 4 1 3 |1 3 13 1 6 3 1 11 13 8 11 1 1 1 4 1 |4 1 1 1 1 2 2 2 6 9 1 2 5 1 3 3 |2 10 3 7 3 11 1 12 11 1 1 2 3 5 1 1 |7 2 1 9 1 1 1 12 12 1 9 8 9 1 14 1 |2 1 1 1 1 1 1 20 13 1 5 2 6 1 3 14 |2 2 2 1 14 1 4 13 14 1 1 6 2 7 13 3 |1 10 11 1 1 1 2 5 2 6 14 1 6 2 3 1 |2 1 6 1 1 2 3 2 1 14 2 1 1 2 1 2 |2 1 1 4 7 2 1 1 1 1 1 3 2 1 3 4 |
1785: 1 1 16 1 6 17 3 1 7 1 1 3 10 1 4 8 |7 8 2 10 1 1 1 1 9 4 10 6 20 4 1 5 |1 2 1 3 10 4 13 17 1 1 2 1 1 4 1 3 |1 3 13 1 6 3 1 11 13 8 11 1 1 1 4 1 |4 1 1 1 1 2 2 2 6 9 1 2 5 1 3 3 |2 10 3 7 3 11 1 12 11 1 1 2 3 5 1 1 |7 2 1 9 1 1 1 12 12 1 9 8 9 1 14 1 |2 1 1 1 1 1 1 20 13 1 5 2 6 1 3 14 |2 2 2 1 14 1 4 13 14 1 1 6 2 7 13 3 |2 8 13 2 2 1 1 6 2 6 14 1 6 2 1 1 |2 1 6 1 1 2 3 2 1 14 2 1 1 2 1 2 |2 1 1 4 7 2 1 1 1 1 1 3 2 1 3 4 |
1796: 1 1 16 1 6 17 3 1 7 1 1 3 10 1 4 8 |7 8 2 10 1 1 1 1 9 4 10 6 20 4 1 5 |1 2 1 3 10 4 13 17 1 1 2 1 1 4 1 3 |1 3 13 1 6 3 1 11 13 8 11 1 1 1 4 1 |4 1 1 1 1 2 2 2 6 9 1 2 5 1 3 3 |2 10 3 7 3 11 1 12 11 1 1 2 3 5 1 1 |7 2 1 9 1 1 1 12 12 1 9 8 9 1 14 1 |2 1 1 1 1 1 1 20 13 1 5 2 6 1 3 14 |2 2 2 1 14 1 4 13 14 1 1 6 2 7 13 3 |2 8 13 2 2 1 1 6 2 6 14 1 6 2 1 1 |2 1 6 1 1 2 3 2 1 14 2 1 1 2 1 2 |2 1 1 4 7 2 1 1 1 1 1 3 2 1 3 4 |
1807: 1 1 16 1 6 17 3 1 7 1 1 3 10 1 4 8 |7 8 2 10 1 1 1 1 9 4 10 6 20 4 1 5 |1 2 1 3 10 4 13 17 1 1 2 1 1 4 1 3 |1 3 13 1 6 3 1 11 13 8 11 1 1 1 4 1 |4 1 1 1 1 2 2 2 6 9 1 2 5 1 3 3 |2 10 3 7 3 11 1 12 11 1 1 2 3 5 1 1 |7 2 1 9 1 1 1 12 12 1 9 8 9 1 14 1 |2 1 1 1 1 1 1 20 13 1 5 2 6 1 3 14 |2 2 2 1 14 1 4 13 14 1 1 6 2 7 13 3 |2 8 13 2 2 1 1 6 2 6 14 1 6 2 1 1 |2 1 6 1 1 2 3 2 1 14 2 1 1 2 1 2 |2 1 1 4 7 2 1 1 1 1 1 3 2 1 3 4 |
1818: 1 1 16 1 6 17 3 1 7 1 1 3 10 1 4 8 |7 8 2 10 1 1 1 1 9 4 10 6 20 4 1 5 |1 2 1 3 10 4 13 17 1 1 2 1 1 4 1 3 |1 3 13 1 6 3 1 11 13 8 11 1 1 1 4 1 |4 1 1 1 1 2 2 2 6 9 1 2 5 1 3 3 |2 10 3 7 3 11 1 12 11 1 1 2 3 5 1 1 |7 2 1 9 1 1 1 12 12 1 9 8 9 1 14 1 |2 1 1 1 1 1 1 20 13 1 5 2 6 1 3 14 |2 2 2 1 14 1 4 13 14 1 1 6 2 7 13 3 |2 8 13 2 2 1 1 6 2 6 14 1 6 2 1 1 |2 1 6 1 1 2 3 2 1 14 2 1 1 2 1 2 |2 1 1 4 7 2 1 1 1 1 1 3 2 1 3 4 |
1828: 1 1 16 1 6 17 3 1 7 1 1 3 10 1 4 8 |7 8 2 10 1 1 1 1 9 4 10 6 20 4 1 5 |1 2 1 3 10 4 13 17 1 1 2 1 1 4 1 3 |1 3 13 1 6 3 1 11 13 8 11 1 1 1 4 1 |4 1 1 1 1 2 2 2 6 9 1 2 5 1 3 3 |2 10 3 7 3 11 1 12 11 1 1 2 3 5 1 1 |7 2 1 9 1 1 1 12 12 1 9 8 9 1 14 1 |2 1 1 1 1 1 1 20 13 1 5 2 6 1 3 14 |2 2 2 1 14 1 4 13 14 1 1 6 2 7 13 3 |2 8 13 2 2 1 1 6 2 6 14 1 6 2 1 1 |2 1 6 1 1 2 3 2 1 14 2 1 1 2 1 2 |2 1 1 4 7 2 1 1 1 1 1 3 2 1 3 4 |
1839: 1 1 16 1 6 17 3 1 7 1 1 3 10 1 4 8 |7 8 2 10 1 1 1 1 9 4 10 6 20 4 1 5 |1 2 1 3 10 4 13 17 1 1 2 1 1 4 1 3 |1 3 13 1 6 3 1 11 13 8 11 1 1 1 4 1 |4 1 1 1 1 2 2 2 6 9 1 2 5 1 3 3 |1 6 4 7 3 7 1 1 9 1 1 2 1 6 1 1 |7 2 1 9 1 1 1 12 12 1 9 8 9 1 14 1 |2 1 1 1 1 1 1 20 13 1 5 2 6 1 3 14 |2 2 2 1 14 1 4 13 14 1 1 6 2 7 13 3 |2 8 13 2 2 1 1 6 2 6 14 1 6 2 1 1 |2 1 6 1 1 2 3 2 1 14 2 1 1 2 1 2 |2 1 1 4 7 2 1 1 1 1 1 3 2 1 3 4 |
1850: 1 1 16 1 6 17 3 1 7 1 1 3 10 1 4 8 |7 8 2 10 1 1 1 1 9 4 10 6 20 4 1 5 |1 2 1 3 10 4 13 17 1 1 2 1 1 4 1 3 |1 3 13 1 6 3 1 11 13 8 11 1 1 1 4 1 |4 1 1 1 1 2 2 2 6 9 1 2 5 1 3 3 |1 6 4 7 3 7 1 1 9 1 1 2 1 6 1 1 |7 2 1 9 1 1 1 12 12 1 9 8 9 1 14 1 |2 1 1 1 1 1 1 20 13 1 5 2 6 1 3 14 |2 2 2 1 14 1 4 13 14 1 1 6 2 7 13 3 |2 8 13 2 2 1 1 6 2 6 14 1 6 2 1 1 |2 1 6 1 1 2 3 2 1 14 2 1 1 2 1 2 |2 1 1 4 7 2 1 1 1 1 1 3 2 1 3 4 |
1861: 1 1 16 1 6 17 3 1 7 1 1 3 10 1 4 8 |7 8 2 10 1 1 1 1 9 4 10 6 20 4 1 5 |1 2 1 3 10 4 13 17 1 1 2 1 1 4 1 3 |1 3 13 1 6 3 1 11 13 8 11 1 1 1 4 1 |4 1 1 1 1 2 2 2 6 9 1 2 5 1 3 3 |1 6 4 7 3 7 1 1 9 1 1 2 1 6 1 1 |7 2 1 9 1 1 1 12 12 1 9 8 9 1 14 1 |2 1 1 1 1 1 1 20 13 1 5 2 6 1 3 14 |2 2 2 1 14 1 4 13 14 1 1 6 2 7 13 3 |2 8 13 2 2 1 1 6 2 6 14 1 6 2 1 1 |2 1 6 1 1 2 3 2 1 14 2 1 1 2 1 2 |2 1 1 4 7 2 1 1 1 1 1 3 2 1 3 4 |
1872: 1 1 16 1 6 17 3 1 7 1 1 3 10 1 4 8 |7 8 2 10 1 1 1 1 9 4 10 6 20 4 1 5 |1 2 1 3 10 4 13 17 1 1 2 1 1 4 1 3 |1 3 13 1 6 3 1 11 13 8 11 1 1 1 4 1 |4 1 1 1 1 2 2 2 6 9 1 2 5 1 3 3 |1 6 4 7 3 7 1 1 9 1 1 2 1 6 1 1 |7 2 1 9 1 1 1 12 12 1 9 8 9 1 14 1 |1 1 1 1 2 2 1 11 5 1 5 2 6 1 4 14 |2 2 2 1 14 1 4 13 14 1 1 6 2 7 13 3 |2 8 13 2 2 1 1 6 2 6 14 1 6 2 1 1 |2 1 6 1 1 2 3 2 1 14 2 1 1 2 1 2 |2 1 1 4 7 2 1 1 1 1 1 3 2 1 3 4 |
1882: 1 1 16 1 6 17 3 1 7 1 1 3 10 1 4 8 |7 8 2 10 1 1 1 1 9 4 10 6 20 4 1 5 |1 2 1 3 10 4 13 17 1 1 2 1 1 4 1 3 |1 3 13 1 6 3 1 11 13 8 11 1 1 1 4 1 |4 1 1 1 1 2 2 2 6 9 1 2 5 1 3 3 |1 6 4 7 3 7 1 1 9 1 1 2 1 6 1 1 |7 2 1 9 1 1 1 12 12 1 9 8 9 1 14 1 |1 1 1 1 2 2 1 11 5 1 5 2 6 1 4 14 |4 1 1 1 2 1 4 13 6 1 1 7 2 8 13 5 |2 8 13 2 2 1 1 6 2 6 14 1 6 2 1 1 |2 1 6 1 1 2 3 2 1 14 2 1 1 2 1 2 |2 1 1 4 7 2 1 1 1 1 1 3 2 1 3 4 |
1893: 1 1 16 1 6 17 3 1 7 1 1 3 10 1 4 8 |7 8 2 10 1 1 1 1 9 4 10 6 20 4 1 5 |1 2 1 3 10 4 13 17 1 1 2 1 1 4 1 3 |1 3 13 1 6 3 1 11 13 8 11 1 1 1 4 1 |4 1 1 1 1 2 2 2 6 9 1 2 5 1 3 3 |1 6 4 7 3 7 1 1 9 1 1 2 1 6 1 1 |7 2 1 9 1 1 1 12 12 1 9 8 9 1 14 1 |1 1 1 1 2 2 1 11 5 1 5 2 6 1 4 14 |4 1 1 1 2 1 4 13 6 1 1 7 2 8 13 5 |2 8 13 2 2 1 1 6 2 6 14 1 6 2 1 1 |2 1 6 1 1 2 3 2 1 14 2 1 1 2 1 2 |2 1 1 4 7 2 1 1 1 1 1 3 2 1 3 4 |
1904: 1 1 16 1 6 17 3 1 7 1 1 3 10 1 4 8 |7 8 2 10 1 1 1 1 9 4 10 6 20 4 1 5 |1 2 1 3 10 4 13 17 1 1 2 1 1 4 1 3 |1 3 13 1 6 3 1 11 13 8 11 1 1 1 4 1 |4 1 1 1 1 2 2 2 6 9 1 2 5 1 3 3 |1 6 4 7 3 7 1 1 9 1 1 2 1 6 1 1 |7 2 1 9 1 1 1 12 12 1 9 8 9 1 14 1 |1 1 1 1 2 2 1 11 5 1 5 2 6 1 4 14 |4 1 1 1 2 1 4 13 6 1 1 7 2 8 13 5 |2 8 13 2 2 1 1 6 2 6 14 1 6 2 1 1 |2 1 6 1 1 2 3 2 1 14 2 1 1 2 1 2 |2 1 1 4 7 2 1 1 1 1 1 3 2 1 3 4 |
1915: 1 1 16 1 6 17 3 1 7 1 1 3 10 1 4 8 |7 8 2 10 1 1 1 1 9 4 10 6 20 4 1 5 |1 2 1 3 10 4 13 17 1 1 2 1 1 4 1 3 |1 3 13 1 6 3 1 11 13 8 11 1 1 1 4 1 |4 1 1 1 1 2 2 2 6 9 1 2 5 1 3 3 |1 6 4 7 3 7 1 1 9 1 1 2 1 6 1 1 |7 2 1 9 1 1 1 12 12 1 9 8 9 1 14 1 |1 1 1 1 2 2 1 11 5 1 5 2 6 1 4 14 |4 1 1 1 2 1 4 13 6 1 1 7 2 8 13 5 |2 8 13 2 2 1 1 6 2 6 14 1 6 2 1 1 |2 1 6 1 1 2 3 2 1 14 2 1 1 2 1 2 |9 1 1 2 1 1 4 13 1 1 1 2 2 1 3 5 |
1925: 1 1 16 1 6 17 3 1 7 1 1 3 10 1 4 8 |7 8 2 10 1 1 1 1 9 4 10 6 20 4 1 5 |1 2 1 3 10 4 13 17 1 1 2 1 1 4 1 3 |1 3 13 1 6 3 1 11 13 8 11 1 1 1 4 1 |4 1 1 1 1 2 2 2 6 9 1 2 5 1 3 3 |1 6 4 7 3 7 1 1 9 1 1 2 1 6 1 1 |7 2 1 9 1 1 1 12 12 1 9 8 9 1 14 1 |1 1 1 1 2 2 1 11 5 1 5 2 6 1 4 14 |4 1 1 1 2 1 4 13 6 1 1 7 2 8 13 5 |2 8 13 2 2 1 1 6 2 6 14 1 6 2 1 1 |2 1 6 1 1 2 3 2 1 14 2 1 1 2 1 2 |9 1 1 2 1 1 4 13 1 1 1 2 2 1 3 5 |
1937: 1 1 16 1 6 17 3 1 7 1 1 3 10 1 4 8 |7 8 2 10 1 1 1 1 9 4 10 6 20 4 1 5 |1 6 1 2 10 1 15 19 2 3 1 5 4 6 1 3 |1 3 13 1 6 3 1 11 13 8 11 1 1 1 4 1 |4 1 1 1 1 2 2 2 6 9 1 2 5 1 3 3 |1 6 4 7 3 7 1 1 9 1 1 2 1 6 1 1 |7 2 1 9 1 1 1 12 12 1 9 8 9 1 14 1 |1 1 1 1 2 2 1 11 5 1 5 2 6 1 4 14 |4 1 1 1 2 1 4 13 6 1 1 7 2 8 13 5 |2 8 13 2 2 1 1 6 2 6 14 1 6 2 1 1 |2 1 6 1 1 2 3 2 1 14 2 1 1 2 1 2 |9 1 1 2 1 1 4 13 1 1 1 2 2 1 3 5 |
1947: 1 1 16 1 6 17 3 1 7 1 1 3 10 1 4 8 |7 8 2 10 1 1 1 1 9 4 10 6 20 4 1 5 |1 6 1 2 10 1 15 19 2 3 1 5 4 6 1 3 |1 3 13 1 6 3 1 11 13 8 11 1 1 1 4 1 |4 1 1 1 1 2 2 2 6 9 1 2 5 1 3 3 |1 6 4 7 3 7 1 1 9 1 1 2 1 6 1 1 |7 2 1 9 1 1 1 12 12 1 9 8 9 1 14 1 |1 1 1 1 2 2 1 11 5 1 5 2 6 1 4 14 |4 1 1 1 2 1 4 13 6 1 1 7 2 8 13 5 |2 8 13 2 2 1 1 6 2 6 14 1 6 2 1 1 |2 1 6 1 1 2 3 2 1 14 2 1 1 2 1 2 |4 1 1 2 7 2 1 14 4 1 1 1 1 1 3 5 |
1957: 1 1 16 1 6 17 3 1 7 1 1 3 10 1 4 8 |7 8 2 10 1 1 1 1 9 4 10 6 20 4 1 5 |1 6 1 2 10 1 15 19 2 3 1 5 4 6 1 3 |1 3 13 1 6 3 1 11 13 8 11 1 1 1 4 1 |4 1 1 1 1 2 2 2 6 9 1 2 5 1 3 3 |1 6 4 7 3 7 1 1 9 1 1 2 1 6 1 1 |7 2 1 9 1 1 1 12 12 1 9 8 9 1 14 1 |1 1 1 1 2 2 1 11 5 1 5 2 6 1 4 14 |4 1 1 1 2 1 4 13 6 1 1 7 2 8 13 5 |2 8 13 2 2 1 1 6 2 6 14 1 6 2 1 1 |2 1 6 1 1 2 3 2 1 14 2 1 1 2 1 2 |4 1 1 2 7 2 1 14 4 1 1 1 1 1 3 5 |
1968: 1 1 16 1 6 17 3 1 7 1 1 3 10 1 4 8 |7 8 2 10 1 1 1 1 9 4 10 6 20 4 1 5 |2 2 13 2 1 4 15 18 1 4 3 1 1 6 1 2 |1 3 13 1 6 3 1 11 13 8 11 1 1 1 4 1 |4 1 1 1 1 2 2 2 6 9 1 2 5 1 3 3 |1 6 4 7 3 7 1 1 9 1 1 2 1 6 1 1 |7 2 1 9 1 1 1 12 12 1 9 8 9 1 14 1 |1 1 1 1 2 2 1 11 5 1 5 2 6 1 4 14 |4 1 1 1 2 1 4 13 6 1 1 7 2 8 13 5 |2 8 13 2 2 1 1 6 2 6 14 1 6 2 1 1 |2 1 6 1 1 2 3 2 1 14 2 1 1 2 1 2 |4 1 1 2 7 2 1 14 4 1 1 1 1 1 3 5 |
1979: 1 1 16 1 6 17 3 1 7 1 1 3 10 1 4 8 |7 8 2 10 1 1 1 1 9 4 10 6 20 4 1 5 |2 2 13 2 1 4 15 18 1 4 3 1 1 6 1 2 |1 3 13 1 6 3 1 11 13 8 11 1 1 1 4 1 |4 1 1 1 1 2 2 2 6 9 1 2 5 1 3 3 |1 6 4 7 3 7 1 1 9 1 1 2 1 6 1 1 |7 2 1 9 1 1 1 12 12 1 9 8 9 1 14 1 |1 1 1 1 2 2 1 11 5 1 5 2 6 1 4 14 |4 1 1 1 2 1 4 13 6 1 1 7 2 8 13 5 |2 8 13 2 2 1 1 6 2 6 14 1 6 2 1 1 |1 1 6 1 1 1 3 6 1 1 3 1 1 1 1 16 |4 1 1 2 7 2 1 14 4 1 1 1 1 1 3 5 |
1990: 1 1 16 1 6 17 3 1 7 1 1 3 10 1 4 8 |7 8 2 10 1 1 1 1 9 4 10 6 20 4 1 5 |2 2 13 2 1 4 15 18 1 4 3 1 1 6 1 2 |1 3 13 1 6 3 1 11 13 8 11 1 1 1 4 1 |4 1 1 1 1 2 2 2 6 9 1 2 5 1 3 3 |1 6 4 7 3 7 1 1 9 1 1 2 1 6 1 1 |7 2 1 9 1 1 1 12 12 1 9 8 9 1 14 1 |1 1 1 1 2 2 1 11 5 1 5 2 6 1 4 14 |4 1 1 1 2 1 4 13 6 1 1 7 2 8 13 5 |2 8 13 2 2 1 1 6 2 6 14 1 6 2 1 1 |1 1 6 1 1 1 3 6 1 1 3 1 1 1 1 16 |4 1 1 2 7 2 1 14 4 1 1 1 1 1 3 5 |
2000: 1 1 16 1 6 17 3 1 7 1 1 3 10 1 4 8 |7 5 3 8 1 1 1 1 9 3 10 12 21 1 1 6 |2 2 13 2 1 4 15 18 1 4 3 1 1 6 1 2 |1 3 13 1 6 3 1 11 13 8 11 1 1 1 4 1 |4 1 1 1 1 2 2 2 6 9 1 2 5 1 3 3 |1 6 4 7 3 7 1 1 9 1 1 2 1 6 1 1 |7 2 1 9 1 1 1 12 12 1 9 8 9 1 14 1 |1 1 1 1 2 2 1 11 5 1 5 2 6 1 4 14 |4 1 1 1 2 1 4 13 6 1 1 7 2 8 13 5 |2 8 13 2 2 1 1 6 2 6 14 1 6 2 1 1 |1 1 6 1 1 1 3 6 1 1 3 1 1 1 1 16 |4 1 1 2 7 2 1 14 4 1 1 1 1 1 3 5 |
2011: 1 1 16 1 6 17 3 1 7 1 1 3 10 1 4 8 |7 5 3 8 1 1 1 1 9 3 10 12 21 1 1 6 |2 2 13 2 1 4 15 18 1 4 3 1 1 6 1 2 |1 3 13 1 6 3 1 11 13 8 11 1 1 1 4 1 |4 1 1 1 1 2 2 2 6 9 1 2 5 1 3 3 |1 6 4 7 3 7 1 1 9 1 1 2 1 6 1 1 |7 2 1 9 1 1 1 12 12 1 9 8 9 1 14 1 |1 1 1 1 2 2 1 11 5 1 5 2 6 1 4 14 |1 6 2 1 9 1 15 1 1 1 2 13 2 3 14 1 |2 8 13 2 2 1 1 6 2 6 14 1 6 2 1 1 |1 1 6 1 1 1 3 6 1 1 3 1 1 1 1 16 |4 1 1 2 7 2 1 14 4 1 1 1 1 1 3 5 |
2022: 1 1 16 1 6 17 3 1 7 1 1 3 10 1 4 8 |7 5 3 8 1 1 1 1 9 3 10 12 21 1 1 6 |2 2 13 2 1 4 15 18 1 4 3 1 1 6 1 2 |1 3 13 1 6 3 1 11 13 8 11 1 1 1 4 1 |4 1 1 1 1 2 2 2 6 9 1 2 5 1 3 3 |1 6 4 7 3 7 1 1 9 1 1 2 1 6 1 1 |7 2 1 9 1 1 1 12 12 1 9 8 9 1 14 1 |1 1 1 1 2 2 1 11 5 1 5 2 6 1 4 14 |1 6 2 1 9 1 15 1 1 1 2 13 2 3 14 1 |2 8 13 2 2 1 1 6 2 6 14 1 6 2 1 1 |1 1 6 1 1 1 3 6 1 1 3 1 1 1 1 16 |4 1 1 2 7 2 1 14 4 1 1 1 1 1 3 5 |
2033: 1 1 16 1 6 17 3 1 7 1 1 3 10 1 4 8 |7 5 3 8 1 1 1 1 9 3 10 12 21 1 1 6 |2 2 13 2 1 4 15 18 1 4 3 1 1 6 1 2 |1 3 13 1 6 3 1 11 13 8 11 1 1 1 4 1 |4 1 1 1 1 2 2 2 6 9 1 2 5 1 3 3 |1 6 4 7 3 7 1 1 9 1 1 2 1 6 1 1 |7 2 1 9 1 1 1 12 12 1 9 8 9 1 14 1 |1 1 1 1 2 2 1 11 5 1 5 2 6 1 4 14 |1 6 2 1 9 1 15 1 1 1 2 13 2 3 14 1 |2 8 13 2 2 1 1 6 2 6 14 1 6 2 1 1 |1 1 6 1 1 1 3 6 1 1 3 1 1 1 1 16 |4 1 1 2 7 2 1 14 4 1 1 1 1 1 3 5 |
2044: 1 1 16 1 6 17 3 1 7 1 1 3 10 1 4 8 |7 5 3 8 1 1 1 1 9 3 10 12 21 1 1 6 |2 2 13 2 1 4 15 18 1 4 3 1 1 6 1 2 |1 3 13 1 6 3 1 11 13 8 11 1 1 1 4 1 |4 1 1 1 1 2 2 2 6 9 1 2 5 1 3 3 |1 6 4 7 3 7 1 1 9 1 1 2 1 6 1 1 |7 2 1 9 1 1 1 12 12 1 9 8 9 1 14 1 |1 1 1 1 2 2 1 11 5 1 5 2 6 1 4 14 |1 6 2 1 9 1 15 1 1 1 2 13 2 3 14 1 |2 8 13 2 2 1 1 6 2 6 14 1 6 2 1 1 |1 1 6 1 1 1 3 6 1 1 3 1 1 1 1 16 |4 1 1 2 7 2 1 14 4 1 1 1 1 1 3 5 |
2055: 1 1 16 1 6 17 3 1 7 1 1 3 10 1 4 8 |7 5 3 8 1 1 1 1 9 3 10 12 21 1 1 6 |2 2 13 2 1 4 15 18 1 4 3 1 1 6 1 2 |1 3 13 1 6 3 1 11 13 8 11 1 1 1 4 1 |4 1 1 1 1 2 2 2 6 9 1 2 5 1 3 3 |1 6 4 7 3 7 1 1 9 1 1 2 1 6 1 1 |7 2 1 9 1 1 1 12 12 1 9 8 9 1 14 1 |1 1 1 1 2 2 1 11 5 1 5 2 6 1 4 14 |1 6 2 1 9 1 15 1 1 1 2 13 2 3 14 1 |2 8 13 2 2 1 1 6 2 6 14 1 6 2 1 1 |1 1 6 1 1 1 3 6 1 1 3 1 1 1 1 16 |4 1 1 2 7 2 1 14 4 1 1 1 1 1 3 5 |
2066: 1 1 16 1 6 17 3 1 7 1 1 3 10 1 4 8 |7 5 3 8 1 1 1 1 9 3 10 12 21 1 1 6 |2 2 13 2 1 4 15 18 1 4 3 1 1 6 1 2 |1 3 13 1 6 3 1 11 13 8 11 1 1 1 4 1 |2 1 1 1 3 1 1 1 6 11 1 2 7 1 1 2 |1 6 4 7 3 7 1 1 9 1 1 2 1 6 1 1 |7 2 1 9 1 1 1 12 12 1 9 8 9 1 14 1 |1 1 1 1 2 2 1 11 5 1 5 2 6 1 4 14 |1 6 2 1 9 1 15 1 1 1 2 13 2 3 14 1 |2 8 13 2 2 1 1 6 2 6 14 1 6 2 1 1 |1 1 6 1 1 1 3 6 1 1 3 1 1 1 1 16 |4 1 1 2 7 2 1 14 4 1 1 1 1 1 3 5 |
2077: 1 1 16 1 6 17 3 1 7 1 1 3 10 1 4 8 |7 5 3 8 1 1 1 1 9 3 10 12 21 1 1 6 |2 2 13 2 1 4 15 18 1 4 3 1 1 6 1 2 |1 3 13 1 6 3 1 11 13 8 11 1 1 1 4 1 |2 1 1 1 3 1 1 1 6 11 1 2 7 1 1 2 |1 6 4 7 3 7 1 1 9 1 1 2 1 6 1 1 |7 2 1 9 1 1 1 12 12 1 9 8 9 1 14 1 |1 1 1 1 2 2 1 11 5 1 5 2 6 1 4 14 |1 6 2 1 9 1 15 1 1 1 2 13 2 3 14 1 |2 8 13 2 2 1 1 6 2 6 14 1 6 2 1 1 |1 1 6 1 1 1 3 6 1 1 3 1 1 1 1 16 |4 1 1 2 7 2 1 14 4 1 1 1 1 1 3 5 |
2088: 1 1 16 1 6 17 3 1 7 1 1 3 10 1 4 8 |7 5 3 8 1 1 1 1 9 3 10 12 21 1 1 6 |2 2 13 2 1 4 15 18 1 4 3 1 1 6 1 2 |1 3 13 1 6 3 1 11 13 8 11 1 1 1 4 1 |2 1 1 1 3 1 1 1 6 11 1 2 7 1 1 2 |1 6 4 7 3 7 1 1 9 1 1 2 1 6 1 1 |7 2 1 9 1 1 1 12 12 1 9 8 9 1 14 1 |1 1 1 1 2 2 1 11 5 1 5 2 6 1 4 14 |1 6 2 1 9 1 15 1 1 1 2 13 2 3 14 1 |2 8 13 2 2 1 1 6 2 6 14 1 6 2 1 1 |1 1 6 1 1 1 3 6 1 1 3 1 1 1 1 16 |4 1 1 2 7 2 1 14 4 1 1 1 1 1 3 5 |
2099: 1 1 16 1 6 17 3 1 7 1 1 3 10 1 4 8 |7 5 3 8 1 1 1 1 9 3 10 12 21 1 1 6 |2 2 13 2 1 4 15 18 1 4 3 1 1 6 1 2 |1 3 13 1 6 3 1 11 13 8 11 1 1 1 4 1 |2 1 1 1 3 1 1 1 6 11 1 2 7 1 1 2 |1 6 4 7 3 7 1 1 9 1 1 2 1 6 1 1 |7 1 1 9 4 1 1 12 10 1 7 10 11 1 15 1 |1 1 1 1 2 2 1 11 5 1 5 2 6 1 4 14 |1 6 2 1 9 1 15 1 1 1 2 13 2 3 14 1 |2 8 13 2 2 1 1 6 2 6 14 1 6 2 1 1 |1 1 6 1 1 1 3 6 1 1 3 1 1 1 1 16 |4 1 1 2 7 2 1 14 4 1 1 1 1 1 3 5 |
2110: 1 1 16 1 6 17 3 1 7 1 1 3 10 1 4 8 |7 5 3 8 1 1 1 1 9 3 10 12 21 1 1 6 |2 2 13 2 1 4 15 18 1 4 3 1 1 6 1 2 |1 3 13 1 6 3 1 11 13 8 11 1 1 1 4 1 |2 1 1 1 3 1 1 1 6 11 1 2 7 1 1 2 |1 6 4 7 3 7 1 1 9 1 1 2 1 6 1 1 |7 1 1 9 4 1 1 12 10 1 7 10 11 1 15 1 |2 1 1 1 4 1 9 16 2 1 5 1 6 1 1 15 |1 6 2 1 9 1 15 1 1 1 2 13 2 3 14 1 |2 8 13 2 2 1 1 6 2 6 14 1 6 2 1 1 |1 1 6 1 1 1 3 6 1 1 3 1 1 1 1 16 |4 1 1 2 7 2 1 14 4 1 1 1 1 1 3 5 |
2121: 1 1 16 1 6 17 3 1 7 1 1 3 10 1 4 8 |7 5 3 8 1 1 1 1 9 3 10 12 21 1 1 6 |2 2 13 2 1 4 15 18 1 4 3 1 1 6 1 2 |1 3 13 1 6 3 1 11 13 8 11 1 1 1 4 1 |2 1 1 1 3 1 1 1 6 11 1 2 7 1 1 2 |1 6 4 7 3 7 1 1 9 1 1 2 1 6 1 1 |7 1 1 9 4 1 1 12 10 1 7 10 11 1 15 1 |2 1 1 1 4 1 9 16 2 1 5 1 6 1 1 15 |1 6 2 1 9 1 15 1 1 1 2 13 2 3 14 1 |2 8 13 2 2 1 1 6 2 6 14 1 6 2 1 1 |1 1 6 1 1 1 3 6 1 1 3 1 1 1 1 16 |4 1 1 2 7 2 1 14 4 1 1 1 1 1 3 5 |
2132: 1 1 16 1 6 17 3 1 7 1 1 3 10 1 4 8 |7 5 3 8 1 1 1 1 9 3 10 12 21 1 1 6 |2 2 13 2 1 4 15 18 1 4 3 1 1 6 1 2 |1 3 13 1 6 3 1 11 13 8 11 1 1 1 4 1 |2 1 1 1 3 1 1 1 6 11 1 2 7 1 1 2 |1 6 4 7 3 7 1 1 9 1 1 2 1 6 1 1 |7 1 1 9 4 1 1 12 10 1 7 10 11 1 15 1 |2 1 1 1 4 1 9 16 2 1 5 1 6 1 1 15 |1 6 2 1 9 1 15 1 1 1 2 13 2 3 14 1 |2 8 13 2 2 1 1 6 2 6 14 1 6 2 1 1 |1 1 6 1 1 1 3 6 1 1 3 1 1 1 1 16 |4 1 1 2 7 2 1 14 4 1 1 1 1 1 3 5 |
2143: 1 1 16 1 6 17 3 1 7 1 1 3 10 1 4 8 |7 5 3 8 1 1 1 1 9 3 10 12 21 1 1 6 |2 2 13 2 1 4 15 18 1 4 3 1 1 6 1 2 |1 3 13 1 6 3 1 11 13 8 11 1 1 1 4 1 |2 1 1 1 3 1 1 1 6 11 1 2 7 1 1 2 |1 6 4 7 3 7 1 1 9 1 1 2 1 6 1 1 |7 1 1 9 4 1 1 12 10 1 7 10 11 1 15 1 |2 1 1 1 4 1 9 16 2 1 5 1 6 1 1 15 |1 6 2 1 9 1 15 1 1 1 2 13 2 3 14 1 |2 8 13 2 2 1 1 6 2 6 14 1 6 2 1 1 |1 1 6 1 1 1 3 6 1 1 3 1 1 1 1 16 |4 1 1 2 7 2 1 14 4 1 1 1 1 1 3 5 |
2154: 1 1 16 1 6 17 3 1 7 1 1 3 10 1 4 8 |7 5 3 8 1 1 1 1 9 3 10 12 21 1 1 6 |2 2 13 2 1 4 15 18 1 4 3 1 1 6 1 2 |1 3 13 1 6 3 1 11 13 8 11 1 1 1 4 1 |2 1 1 1 3 1 1 1 6 11 1 2 7 1 1 2 |1 6 4 7 3 7 1 1 9 1 1 2 1 6 1 1 |7 1 1 9 4 1 1 12 10 1 7 10 11 1 15 1 |2 1 1 1 4 1 9 16 2 1 5 1 6 1 1 15 |1 6 2 1 9 1 15 1 1 1 2 13 2 3 14 1 |2 8 13 2 2 1 1 6 2 6 14 1 6 2 1 1 |1 1 6 1 1 1 3 6 1 1 3 1 1 1 1 16 |4 1 1 2 7 2 1 14 4 1 1 1 1 1 3 5 |
2165: 1 1 16 1 6 17 3 1 7 1 1 3 10 1 4 8 |7 5 3 8 1 1 1 1 9 3 10 12 21 1 1 6 |2 2 13 2 1 4 15 18 1 4 3 1 1 6 1 2 |1 3 13 1 6 3 1 11 13 8 11 1 1 1 4 1 |2 1 1 1 3 1 1 1 6 11 1 2 7 1 1 2 |1 6 4 7 3 7 1 1 9 1 1 2 1 6 1 1 |7 6 1 1 5 1 1 12 14 1 17 9 16 1 2 1 |2 1 1 1 4 1 9 16 2 1 5 1 6 1 1 15 |1 6 2 1 9 1 15 1 1 1 2 13 2 3 14 1 |2 8 13 2 2 1 1 6 2 6 14 1 6 2 1 1 |1 1 6 1 1 1 3 6 1 1 3 1 1 1 1 16 |4 1 1 2 7 2 1 14 4 1 1 1 1 1 3 5 |
2176: 1 1 16 1 6 17 3 1 7 1 1 3 10 1 4 8 |7 5 3 8 1 1 1 1 9 3 10 12 21 1 1 6 |2 2 13 2 1 4 15 18 1 4 3 1 1 6 1 2 |1 3 13 1 6 3 1 11 13 8 11 1 1 1 4 1 |2 1 1 1 3 1 1 1 6 11 1 2 7 1 1 2 |1 6 4 7 3 7 1 1 9 1 1 2 1 6 1 1 |7 6 1 1 5 1 1 12 14 1 17 9 16 1 2 1 |2 1 1 1 4 1 9 16 2 1 5 1 6 1 1 15 |1 6 2 1 9 1 15 1 1 1 2 13 2 3 14 1 |2 8 13 2 2 1 1 6 2 6 14 1 6 2 1 1 |1 1 6 1 1 1 3 6 1 1 3 1 1 1 1 16 |4 1 1 2 7 2 1 14 4 1 1 1 1 1 3 5 |
2187: 1 1 16 1 6 17 3 1 7 1 1 3 10 1 4 8 |7 5 3 8 1 1 1 1 9 3 10 12 21 1 1 6 |2 2 13 2 1 4 15 18 1 4 3 1 1 6 1 2 |1 3 13 1 6 3 1 11 13 8 11 1 1 1 4 1 |2 1 1 1 3 1 1 1 6 11 1 2 7 1 1 2 |1 6 4 7 3 7 1 1 9 1 1 2 1 6 1 1 |7 6 1 1 5 1 1 12 14 1 17 9 16 1 2 1 |2 1 1 1 4 1 9 16 2 1 5 1 6 1 1 15 |1 6 2 1 9 1 15 1 1 1 2 13 2 3 14 1 |2 8 13 2 2 1 1 6 2 6 14 1 6 2 1 1 |1 1 6 1 1 1 3 6 1 1 3 1 1 1 1 16 |4 1 1 2 7 2 1 14 4 1 1 1 1 1 3 5 |
2198: 1 1 16 1 6 17 3 1 7 1 1 3 10 1 4 8 |7 5 3 8 1 1 1 1 9 3 10 12 21 1 1 6 |2 2 13 2 1 4 15 18 1 4 3 1 1 6 1 2 |1 3 13 1 6 3 1 11 13 8 11 1 1 1 4 1 |2 1 1 1 3 1 1 1 6 11 1 2 7 1 1 2 |1 6 4 7 3 7 1 1 9 1 1 2 1 6 1 1 |7 6 1 1 5 1 1 12 14 1 17 9 16 1 2 1 |2 1 1 1 4 1 9 16 2 1 5 1 6 1 1 15 |1 6 2 1 9 1 15 1 1 1 2 13 2 3 14 1 |2 8 13 2 2 1 1 6 2 6 14 1 6 2 1 1 |1 1 6 1 1 1 3 6 1 1 3 1 1 1 1 16 |4 1 1 2 7 2 1 14 4 1 1 1 1 1 3 5 |
2209: 1 1 16 1 6 17 3 1 7 1 1 3 10 1 4 8 |7 5 3 8 1 1 1 1 9 3 10 12 21 1 1 6 |2 2 13 2 1 4 15 18 1 4 3 1 1 6 1 2 |1 3 13 1 6 3 1 11 13 8 11 1 1 1 4 1 |2 1 1 1 3 1 1 1 6 11 1 2 7 1 1 2 |1 6 4 7 3 7 1 1 9 1 1 2 1 6 1 1 |7 6 1 1 5 1 1 12 14 1 17 9 16 1 2 1 |2 1 1 1 4 1 9 16 2 1 5 1 6 1 1 15 |1 6 2 1 9 1 15 1 1 1 2 13 2 3 14 1 |2 8 13 2 2 1 1 6 2 6 14 1 6 2 1 1 |1 1 6 1 1 1 3 6 1 1 3 1 1 1 1 16 |4 1 1 2 7 2 1 14 4 1 1 1 1 1 3 5 |
2220: 1 1 16 1 6 17 3 1 7 1 1 3 10 1 4 8 |7 5 3 8 1 1 1 1 9 3 10 12 21 1 1 6 |2 2 13 2 1 4 15 18 1 4 3 1 1 6 1 2 |1 3 13 1 6 3 1 11 13 8 11 1 1 1 4 1 |2 1 1 1 3 1 1 1 6 11 1 2 7 1 1 2 |1 6 4 7 3 7 1 1 9 1 1 2 1 6 1 1 |7 6 1 1 5 1 1 12 14 1 17 9 16 1 2 1 |2 1 1 1 4 1 9 16 2 1 5 1 6 1 1 15 |1 6 2 1 9 1 15 1 1 1 2 13 2 3 14 1 |2 8 13 2 2 1 1 6 2 6 14 1 6 2 1 1 |1 1 6 1 1 1 3 6 1 1 3 1 1 1 1 16 |4 1 1 2 7 2 1 14 4 1 1 1 1 1 3 5 |
2231: 1 1 16 1 6 17 3 1 7 1 1 3 10 1 4 8 |7 5 3 8 1 1 1 1 9 3 10 12 21 1 1 6 |2 2 13 2 1 4 15 18 1 4 3 1 1 6 1 2 |1 3 13 1 6 3 1 11 13 8 11 1 1 1 4 1 |2 1 1 1 3 1 1 1 6 11 1 2 7 1 1 2 |2 7 3 7 3 7 1 11 11 1 1 1 1 1 1 1 |7 6 1 1 5 1 1 12 14 1 17 9 16 1 2 1 |2 1 1 1 4 1 9 16 2 1 5 1 6 1 1 15 |1 6 2 1 9 1 15 1 1 1 2 13 2 3 14 1 |2 8 13 2 2 1 1 6 2 6 14 1 6 2 1 1 |1 1 6 1 1 1 3 6 1 1 3 1 1 1 1 16 |4 1 1 2 7 2 1 14 4 1 1 1 1 1 3 5 |
2242: 1 1 16 1 6 17 3 1 7 1 1 3 10 1 4 8 |7 5 3 8 1 1 1 1 9 3 10 12 21 1 1 6 |2 2 13 2 1 4 15 18 1 4 3 1 1 6 1 2 |1 3 13 1 6 3 1 11 13 8 11 1 1 1 4 1 |2 1 1 1 3 1 1 1 6 11 1 2 7 1 1 2 |2 7 3 7 3 7 1 11 11 1 1 1 1 1 1 1 |7 6 1 1 5 1 1 12 14 1 17 9 16 1 2 1 |2 1 1 1 4 1 9 16 2 1 5 1 6 1 1 15 |1 6 2 1 9 1 15 1 1 1 2 13 2 3 14 1 |2 8 13 2 2 1 1 6 2 6 14 1 6 2 1 1 |1 1 6 1 1 1 3 6 1 1 3 1 1 1 1 16 |4 1 1 2 7 2 1 14 4 1 1 1 1 1 3 5 |
2253: 1 1 16 1 6 17 3 1 7 1 1 3 10 1 4 8 |7 5 3 8 1 1 1 1 9 3 10 12 21 1 1 6 |2 2 13 2 1 4 15 18 1 4 3 1 1 6 1 2 |1 3 13 1 6 3 1 11 13 8 11 1 1 1 4 1 |2 1 1 1 3 1 1 1 6 11 1 2 7 1 1 2 |2 7 3 7 3 7 1 11 11 1 1 1 1 1 1 1 |7 6 1 1 5 1 1 12 14 1 17 9 16 1 2 1 |2 1 1 1 4 1 9 16 2 1 5 1 6 1 1 15 |1 6 2 1 9 1 15 1 1 1 2 13 2 3 14 1 |2 8 13 2 2 1 1 6 2 6 14 1 6 2 1 1 |1 1 6 1 1 1 3 6 1 1 3 1 1 1 1 16 |4 1 1 2 7 2 1 14 4 1 1 1 1 1 3 5 |
2264: 1 1 16 1 6 17 3 1 7 1 1 3 10 1 4 8 |7 5 3 8 1 1 1 1 9 3 10 12 21 1 1 6 |2 2 13 2 1 4 15 18 1 4 3 1 1 6 1 2 |1 3 13 1 6 3 1 11 13 8 11 1 1 1 4 1 |2 1 1 1 3 1 1 1 6 11 1 2 7 1 1 2 |2 7 3 7 3 7 1 11 11 1 1 1 1 1 1 1 |7 6 1 1 5 1 1 12 14 1 17 9 16 1 2 1 |3 8 7 1 1 2 8 16 17 1 14 4 8 1 1 15 |1 6 2 1 9 1 15 1 1 1 2 13 2 3 14 1 |2 8 13 2 2 1 1 6 2 6 14 1 6 2 1 1 |1 1 6 1 1 1 3 6 1 1 3 1 1 1 1 16 |4 1 1 2 7 2 1 14 4 1 1 1 1 1 3 5 |
2274: 1 1 16 1 6 17 3 1 7 1 1 3 10 1 4 8 |7 5 3 8 1 1 1 1 9 3 10 12 21 1 1 6 |2 2 13 2 1 4 15 18 1 4 3 1 1 6 1 2 |1 3 13 1 6 3 1 11 13 8 11 1 1 1 4 1 |2 1 1 1 3 1 1 1 6 11 1 2 7 1 1 2 |2 7 3 7 3 7 1 11 11 1 1 1 1 1 1 1 |7 6 1 1 5 1 1 12 14 1 17 9 16 1 2 1 |3 8 7 1 1 2 8 16 17 1 14 4 8 1 1 15 |5 6 4 2 4 1 15 2 17 4 2 13 1 1 6 1 |2 8 13 2 2 1 1 6 2 6 14 1 6 2 1 1 |1 1 6 1 1 1 3 6 1 1 3 1 1 1 1 16 |4 1 1 2 7 2 1 14 4 1 1 1 1 1 3 5 |
2285: 1 1 16 1 6 17 3 1 7 1 1 3 10 1 4 8 |7 5 3 8 1 1 1 1 9 3 10 12 21 1 1 6 |2 2 13 2 1 4 15 18 1 4 3 1 1 6 1 2 |1 3 13 1 6 3 1 11 13 8 11 1 1 1 4 1 |2 1 1 1 3 1 1 1 6 11 1 2 7 1 1 2 |2 7 3 7 3 7 1 11 11 1 1 1 1 1 1 1 |7 6 1 1 5 1 1 12 14 1 17 9 16 1 2 1 |3 8 7 1 1 2 8 16 17 1 14 4 8 1 1 15 |5 6 4 2 4 1 15 2 17 4 2 13 1 1 6 1 |2 8 13 2 2 1 1 6 2 6 14 1 6 2 1 1 |1 1 6 1 1 1 3 6 1 1 3 1 1 1 1 16 |4 1 1 2 7 2 1 14 4 1 1 1 1 1 3 5 |
2296: 1 1 16 1 6 17 3 1 7 1 1 3 10 1 4 8 |7 5 3 8 1 1 1 1 9 3 10 12 21 1 1 6 |2 2 13 2 1 4 15 18 1 4 3 1 1 6 1 2 |1 3 13 1 6 3 1 11 13 8 11 1 1 1 4 1 |1 1 1 1 5 1 2 3 6 11 6 1 1 1 1 2 |2 7 3 7 3 7 1 11 11 1 1 1 1 1 1 1 |7 6 1 1 5 1 1 12 14 1 17 9 16 1 2 1 |3 8 7 1 1 2 8 16 17 1 14 4 8 1 1 15 |5 6 4 2 4 1 15 2 17 4 2 13 1 1 6 1 |2 8 13 2 2 1 1 6 2 6 14 1 6 2 1 1 |1 1 6 1 1 1 3 6 1 1 3 1 1 1 1 16 |4 1 1 2 7 2 1 14 4 1 1 1 1 1 3 5 |
2307: 1 1 16 1 6 17 3 1 7 1 1 3 10 1 4 8 |7 5 3 8 1 1 1 1 9 3 10 12 21 1 1 6 |2 2 13 2 1 4 15 18 1 4 3 1 1 6 1 2 |1 3 13 1 6 3 1 11 13 8 11 1 1 1 4 1 |1 1 1 1 5 1 2 3 6 11 6 1 1 1 1 2 |2 7 3 7 3 7 1 11 11 1 1 1 1 1 1 1 |7 6 1 1 5 1 1 12 14 1 17 9 16 1 2 1 |3 8 7 1 1 2 8 16 17 1 14 4 8 1 1 15 |5 6 4 2 4 1 15 2 17 4 2 13 1 1 6 1 |2 8 13 2 2 1 1 6 2 6 14 1 6 2 1 1 |1 1 6 1 1 1 3 6 1 1 3 1 1 1 1 16 |4 1 1 2 7 2 1 14 4 1 1 1 1 1 3 5 |
2318: 1 1 16 1 6 17 3 1 7 1 1 3 10 1 4 8 |7 5 3 8 1 1 1 1 9 3 10 12 21 1 1 6 |2 2 13 2 1 4 15 18 1 4 3 1 1 6 1 2 |1 3 13 1 6 3 1 11 13 8 11 1 1 1 4 1 |1 1 1 1 5 1 2 3 6 11 6 1 1 1 1 2 |2 7 3 7 3 7 1 11 11 1 1 1 1 1 1 1 |7 6 1 1 5 1 1 12 14 1 17 9 16 1 2 1 |3 8 7 1 1 2 8 16 17 1 14 4 8 1 1 15 |5 6 4 2 4 1 15 2 17 4 2 13 1 1 6 1 |2 8 13 2 2 1 1 6 2 6 14 1 6 2 1 1 |1 1 6 1 1 1 3 6 1 1 3 1 1 1 1 16 |4 1 1 2 7 2 1 14 4 1 1 1 1 1 3 5 |
2329: 1 1 16 1 6 17 3 1 7 1 1 3 10 1 4 8 |7 5 3 8 1 1 1 1 9 3 10 12 21 1 1 6 |2 2 13 2 1 4 15 18 1 4 3 1 1 6 1 2 |1 3 13 1 6 3 1 11 13 8 11 1 1 1 4 1 |1 1 1 2 6 1 1 3 6 10 12 1 2 8 1 3 |2 7 3 7 3 7 1 11 11 1 1 1 1 1 1 1 |7 6 1 1 5 1 1 12 14 1 17 9 16 1 2 1 |3 8 7 1 1 2 8 16 17 1 14 4 8 1 1 15 |5 6 4 2 4 1 15 2 17 4 2 13 1 1 6 1 |2 8 13 2 2 1 1 6 2 6 14 1 6 2 1 1 |1 1 6 1 1 1 3 6 1 1 3 1 1 1 1 16 |4 1 1 2 7 2 1 14 4 1 1 1 1 1 3 5 |
2340: 1 1 16 1 6 17 3 1 7 1 1 3 10 1 4 8 |7 5 3 8 1 1 1 1 9 3 10 12 21 1 1 6 |2 2 13 2 1 4 15 18 1 4 3 1 1 6 1 2 |1 3 13 1 6 3 1 11 13 8 11 1 1 1 4 1 |1 1 1 2 6 1 1 3 6 10 12 1 2 8 1 3 |2 7 3 7 3 7 1 11 11 1 1 1 1 1 1 1 |7 6 1 1 5 1 1 12 14 1 17 9 16 1 2 1 |3 8 7 1 1 2 8 16 17 1 14 4 8 1 1 15 |5 6 4 2 4 1 15 2 17 4 2 13 1 1 6 1 |2 8 13 2 2 1 1 6 2 6 14 1 6 2 1 1 |1 1 6 1 1 1 3 6 1 1 3 1 1 1 1 16 |4 1 1 2 7 2 1 14 4 1 1 1 1 1 3 5 |
2351: 1 1 16 1 6 17 3 1 7 1 1 3 10 1 4 8 |7 5 3 8 1 1 1 1 9 3 10 12 21 1 1 6 |2 2 13 2 1 4 15 18 1 4 3 1 1 6 1 2 |1 3 13 1 6 3 1 11 13 8 11 1 1 1 4 1 |1 1 1 2 6 1 1 3 6 10 12 1 2 8 1 3 |2 7 3 7 3 7 1 11 11 1 1 1 1 1 1 1 |7 6 1 1 5 1 1 12 14 1 17 9 16 1 2 1 |3 8 7 1 1 2 8 16 17 1 14 4 8 1 1 15 |5 6 4 2 4 1 15 2 17 4 2 13 1 1 6 1 |2 8 13 2 2 1 1 6 2 6 14 1 6 2 1 1 |1 1 6 1 1 1 3 6 1 1 3 1 1 1 1 16 |4 1 1 2 7 2 1 14 4 1 1 1 1 1 3 5 |
2362: 1 1 16 1 6 17 3 1 7 1 1 3 10 1 4 8 |7 5 3 8 1 1 1 1 9 3 10 12 21 1 1 6 |2 2 13 2 1 4 15 18 1 4 3 1 1 6 1 2 |1 3 13 1 6 3 1 11 13 8 11 1 1 1 4 1 |1 1 1 14 5 2 3 2 6 15 6 1 14 8 3 9 |2 7 3 7 3 7 1 11 11 1 1 1 1 1 1 1 |7 6 1 1 5 1 1 12 14 1 17 9 16 1 2 1 |3 8 7 1 1 2 8 16 17 1 14 4 8 1 1 15 |5 6 4 2 4 1 15 2 17 4 2 13 1 1 6 1 |2 8 13 2 2 1 1 6 2 6 14 1 6 2 1 1 |1 1 6 1 1 1 3 6 1 1 3 1 1 1 1 16 |4 1 1 2 7 2 1 14 4 1 1 1 1 1 3 5 |
2373: 1 1 16 1 6 17 3 1 7 1 1 3 10 1 4 8 |7 5 3 8 1 1 1 1 9 3 10 12 21 1 1 6 |2 2 13 2 1 4 15 18 1 4 3 1 1 6 1 2 |1 3 13 1 6 3 1 11 13 8 11 1 1 1 4 1 |1 1 1 14 5 2 3 2 6 15 6 1 14 8 3 9 |3 8 4 7 1 9 1 14 7 3 1 1 1 5 1 1 |7 6 1 1 5 1 1 12 14 1 17 9 16 1 2 1 |3 8 7 1 1 2 8 16 17 1 14 4 8 1 1 15 |5 6 4 2 4 1 15 2 17 4 2 13 1 1 6 1 |2 8 13 2 2 1 1 6 2 6 14 1 6 2 1 1 |1 1 6 1 1 1 3 6 1 1 3 1 1 1 1 16 |4 1 1 2 7 2 1 14 4 1 1 1 1 1 3 5 |
2384: 1 1 16 1 6 17 3 1 7 1 1 3 10 1 4 8 |7 5 3 8 1 1 1 1 9 3 10 12 21 1 1 6 |2 2 13 2 1 4 15 18 1 4 3 1 1 6 1 2 |1 3 13 1 6 3 1 11 13 8 11 1 1 1 4 1 |1 1 1 14 5 2 3 2 6 15 6 1 14 8 3 9 |3 8 4 7 1 9 1 14 7 3 1 1 1 5 1 1 |7 6 1 1 5 1 1 12 14 1 17 9 16 1 2 1 |3 8 7 1 1 2 8 16 17 1 14 4 8 1 1 15 |5 6 4 2 4 1 15 2 17 4 2 13 1 1 6 1 |2 8 13 2 2 1 1 6 2 6 14 1 6 2 1 1 |1 1 6 1 1 1 3 6 1 1 3 1 1 1 1 16 |4 1 1 2 7 2 1 14 4 1 1 1 1 1 3 5 |
2395: 1 1 16 1 6 17 3 1 7 1 1 3 10 1 4 8 |7 5 3 8 1 1 1 1 9 3 10 12 21 1 1 6 |2 2 13 2 1 4 15 18 1 4 3 1 1 6 1 2 |1 3 16 1 6 3 1 14 7 9 12 5 1 1 14 1 |1 1 1 14 5 2 3 2 6 15 6 1 14 8 3 9 |3 8 4 7 1 9 1 14 7 3 1 1 1 5 1 1 |7 6 1 1 5 1 1 12 14 1 17 9 16 1 2 1 |3 8 7 1 1 2 8 16 17 1 14 4 8 1 1 15 |5 6 4 2 4 1 15 2 17 4 2 13 1 1 6 1 |2 8 13 2 2 1 1 6 2 6 14 1 6 2 1 1 |1 1 6 1 1 1 3 6 1 1 3 1 1 1 1 16 |4 1 1 2 7 2 1 14 4 1 1 1 1 1 3 5 |
2406: 1 1 16 1 6 17 3 1 7 1 1 3 10 1 4 8 |7 5 3 8 1 1 1 1 9 3 10 12 21 1 1 6 |2 2 13 2 1 4 15 18 1 4 3 1 1 6 1 2 |1 3 16 1 6 3 1 14 7 9 12 5 1 1 14 1 |1 1 1 14 5 2 3 2 6 15 6 1 14 8 3 9 |3 8 4 7 1 9 1 14 7 3 1 1 1 5 1 1 |7 6 1 1 5 1 1 12 14 1 17 9 16 1 2 1 |3 8 7 1 1 2 8 16 17 1 14 4 8 1 1 15 |5 6 4 2 4 1 15 2 17 4 2 13 1 1 6 1 |2 8 13 2 2 1 1 6 2 6 14 1 6 2 1 1 |1 1 6 1 1 1 3 6 1 1 3 1 1 1 1 16 |4 1 1 2 7 2 1 14 4 1 1 1 1 1 3 5 |
2417: 1 1 16 1 6 17 3 1 7 1 1 3 10 1 4 8 |7 5 3 8 1 1 1 1 9 3 10 12 21 1 1 6 |2 2 13 2 1 4 15 18 1 4 3 1 1 6 1 2 |1 3 16 1 6 3 1 14 7 9 12 5 1 1 14 1 |1 1 1 14 5 2 3 2 6 15 6 1 14 8 3 9 |3 8 4 7 1 9 1 14 7 3 1 1 1 5 1 1 |7 6 1 1 5 1 1 12 14 1 17 9 16 1 2 1 |3 8 7 1 1 2 8 16 17 1 14 4 8 1 1 15 |5 6 4 2 4 1 15 2 17 4 2 13 1 1 6 1 |2 8 13 2 2 1 1 6 2 6 14 1 6 2 1 1 |1 1 6 1 1 1 3 6 1 1 3 1 1 1 1 16 |4 1 1 2 7 2 1 14 4 1 1 1 1 1 3 5 |
2428: 1 1 16 1 6 17 3 1 7 1 1 3 10 1 4 8 |7 5 3 8 1 1 1 1 9 3 10 12 21 1 1 6 |2 2 13 2 1 4 15 18 1 4 3 1 1 6 1 2 |1 4 15 1 15 1 1 12 1 8 13 5 1 1 4 1 |1 1 1 14 5 2 3 2 6 15 6 1 14 8 3 9 |3 8 4 7 1 9 1 14 7 3 1 1 1 5 1 1 |7 6 1 1 5 1 1 12 14 1 17 9 16 1 2 1 |3 8 7 1 1 2 8 16 17 1 14 4 8 1 1 15 |5 6 4 2 4 1 15 2 17 4 2 13 1 1 6 1 |2 8 13 2 2 1 1 6 2 6 14 1 6 2 1 1 |1 1 6 1 1 1 3 6 1 1 3 1 1 1 1 16 |4 1 1 2 7 2 1 14 4 1 1 1 1 1 3 5 |
2439: 1 1 16 1 6 17 3 1 7 1 1 3 10 1 4 8 |7 5 3 8 1 1 1 1 9 3 10 12 21 1 1 6 |2 2 13 2 1 4 15 18 1 4 3 1 1 6 1 2 |1 4 15 1 15 1 1 12 1 8 13 5 1 1 4 1 |1 2 1 8 6 1 1 2 6 11 1 1 1 1 1 3 |3 8 4 7 1 9 1 14 7 3 1 1 1 5 1 1 |7 6 1 1 5 1 1 12 14 1 17 9 16 1 2 1 |3 8 7 1 1 2 8 16 17 1 14 4 8 1 1 15 |5 6 4 2 4 1 15 2 17 4 2 13 1 1 6 1 |2 8 13 2 2 1 1 6 2 6 14 1 6 2 1 1 |1 1 6 1 1 1 3 6 1 1 3 1 1 1 1 16 |4 1 1 2 7 2 1 14 4 1 1 1 1 1 3 5 |
2450: 1 1 16 1 6 17 3 1 7 1 1 3 10 1 4 8 |7 5 3 8 1 1 1 1 9 3 10 12 21 1 1 6 |2 2 13 2 1 4 15 18 1 4 3 1 1 6 1 2 |1 4 15 1 15 1 1 12 1 8 13 5 1 1 4 1 |1 2 1 8 6 1 1 2 6 11 1 1 1 1 1 3 |3 8 4 7 1 9 1 14 7 3 1 1 1 5 1 1 |7 6 1 1 5 1 1 12 14 1 17 9 16 1 2 1 |3 8 7 1 1 2 8 16 17 1 14 4 8 1 1 15 |5 6 4 2 4 1 15 2 17 4 2 13 1 1 6 1 |2 8 13 2 2 1 1 6 2 6 14 1 6 2 1 1 |1 1 6 1 1 1 3 6 1 1 3 1 1 1 1 16 |4 1 1 2 7 2 1 14 4 1 1 1 1 1 3 5 |
2461: 1 1 16 1 6 17 3 1 7 1 1 3 10 1 4 8 |7 5 3 8 1 1 1 1 9 3 10 12 21 1 1 6 |1 20 16 13 7 1 16 19 3 1 1 1 4 1 1 5 |1 4 15 1 15 1 1 12 1 8 13 5 1 1 4 1 |1 2 1 8 6 1 1 2 6 11 1 1 1 1 1 3 |3 8 4 7 1 9 1 14 7 3 1 1 1 5 1 1 |7 6 1 1 5 1 1 12 14 1 17 9 16 1 2 1 |3 8 7 1 1 2 8 16 17 1 14 4 8 1 1 15 |5 6 4 2 4 1 15 2 17 4 2 13 1 1 6 1 |2 8 13 2 2 1 1 6 2 6 14 1 6 2 1 1 |1 1 6 1 1 1 3 6 1 1 3 1 1 1 1 16 |4 1 1 2 7 2 1 14 4 1 1 1 1 1 3 5 |
2472: 1 1 16 1 6 17 3 1 7 1 1 3 10 1 4 8 |7 5 3 8 1 1 1 1 9 3 10 12 21 1 1 6 |1 20 16 13 7 1 16 19 3 1 1 1 4 1 1 5 |1 4 15 1 15 1 1 12 1 8 13 5 1 1 4 1 |1 2 1 8 6 1 1 2 6 11 1 1 1 1 1 3 |3 8 4 7 1 9 1 14 7 3 1 1 1 5 1 1 |7 6 1 1 5 1 1 12 14 1 17 9 16 1 2 1 |3 8 7 1 1 2 8 16 17 1 14 4 8 1 1 15 |5 6 4 2 4 1 15 2 17 4 2 13 1 1 6 1 |2 8 13 2 2 1 1 6 2 6 14 1 6 2 1 1 |1 1 6 1 1 1 3 6 1 1 3 1 1 1 1 16 |4 1 1 2 7 2 1 14 4 1 1 1 1 1 3 5 |
2483: 1 1 16 1 6 17 3 1 7 1 1 3 10 1 4 8 |7 5 3 8 1 1 1 1 9 3 10 12 21 1 1 6 |1 20 16 13 7 1 16 19 3 1 1 1 4 1 1 5 |1 4 15 1 15 1 1 12 1 8 13 5 1 1 4 1 |1 2 1 8 6 1 1 2 6 11 1 1 1 1 1 3 |3 8 4 7 1 9 1 14 7 3 1 1 1 5 1 1 |7 6 1 1 5 1 1 12 14 1 17 9 16 1 2 1 |3 8 7 1 1 2 8 16 17 1 14 4 8 1 1 15 |5 6 4 2 4 1 15 2 17 4 2 13 1 1 6 1 |2 8 13 2 2 1 1 6 2 6 14 1 6 2 1 1 |1 1 6 1 1 1 3 6 1 1 3 1 1 1 1 16 |4 1 1 2 7 2 1 14 4 1 1 1 1 1 3 5 |
2494: 1 1 16 1 6 17 3 1 7 1 1 3 10 1 4 8 |7 5 3 8 1 1 1 1 9 3 10 12 21 1 1 6 |1 20 16 13 7 1 16 19 3 1 1 1 4 1 1 5 |1 4 15 1 15 1 1 12 1 8 13 5 1 1 4 1 |1 2 1 8 6 1 1 2 6 11 1 1 1 1 1 3 |3 8 4 7 1 9 1 14 7 3 1 1 1 5 1 1 |7 6 1 1 5 1 1 12 14 1 17 9 16 1 2 1 |3 8 7 1 1 2 8 16 17 1 14 4 8 1 1 15 |5 6 4 2 4 1 15 2 17 4 2 13 1 1 6 1 |2 8 13 2 2 1 1 6 2 6 14 1 6 2 1 1 |1 1 6 1 1 1 3 6 1 1 3 1 1 1 1 16 |4 1 1 2 7 2 1 14 4 1 1 1 1 1 3 5 |
2505: 1 1 16 1 6 17 3 1 7 1 1 3 10 1 4 8 |7 5 3 8 1 1 1 1 9 3 10 12 21 1 1 6 |1 20 16 13 7 1 16 19 3 1 1 1 4 1 1 5 |1 4 15 1 15 1 1 12 1 8 13 5 1 1 4 1 |1 2 1 8 6 1 1 2 6 11 1 1 1 1 1 3 |3 8 4 7 1 9 1 14 7 3 1 1 1 5 1 1 |7 6 1 1 5 1 1 12 14 1 17 9 16 1 2 1 |3 8 7 1 1 2 8 16 17 1 14 4 8 1 1 15 |5 6 4 2 4 1 15 2 17 4 2 13 1 1 6 1 |2 8 13 2 2 1 1 6 2 6 14 1 6 2 1 1 |1 1 6 1 1 1 3 6 1 1 3 1 1 1 1 16 |4 1 1 2 7 2 1 14 4 1 1 1 1 1 3 5 |
2516: 1 1 16 1 6 17 3 1 7 1 1 3 10 1 4 8 |7 5 3 8 1 1 1 1 9 3 10 12 21 1 1 6 |1 20 16 13 7 1 16 19 3 1 1 1 4 1 1 5 |1 4 15 1 15 1 1 12 1 8 13 5 1 1 4 1 |1 2 1 8 6 1 1 2 6 11 1 1 1 1 1 3 |3 8 4 7 1 9 1 14 7 3 1 1 1 5 1 1 |7 6 1 1 5 1 1 12 14 1 17 9 16 1 2 1 |3 8 7 1 1 2 8 16 17 1 14 4 8 1 1 15 |5 6 4 2 4 1 15 2 17 4 2 13 1 1 6 1 |2 8 13 2 2 1 1 6 2 6 14 1 6 2 1 1 |1 1 6 1 1 1 3 6 1 1 3 1 1 1 1 16 |4 1 1 2 7 2 1 14 4 1 1 1 1 1 3 5 |
2527: 1 1 16 1 6 17 3 1 7 1 1 3 10 1 4 8 |7 5 3 8 1 1 1 1 9 3 10 12 21 1 1 6 |1 20 16 13 7 1 16 19 3 1 1 1 4 1 1 5 |1 2 1 1 15 1 1 14 11 8 14 6 3 8 4 1 |1 2 1 8 6 1 1 2 6 11 1 1 1 1 1 3 |3 8 4 7 1 9 1 14 7 3 1 1 1 5 1 1 |7 6 1 1 5 1 1 12 14 1 17 9 16 1 2 1 |3 8 7 1 1 2 8 16 17 1 14 4 8 1 1 15 |5 6 4 2 4 1 15 2 17 4 2 13 1 1 6 1 |2 8 13 2 2 1 1 6 2 6 14 1 6 2 1 1 |1 1 6 1 1 1 3 6 1 1 3 1 1 1 1 16 |4 1 1 2 7 2 1 14 4 1 1 1 1 1 3 5 |
2538: 1 1 16 1 6 17 3 1 7 1 1 3 10 1 4 8 |7 5 3 8 1 1 1 1 9 3 10 12 21 1 1 6 |1 20 16 13 7 1 16 19 3 1 1 1 4 1 1 5 |1 2 1 1 15 1 1 14 11 8 14 6 3 8 4 1 |1 2 1 8 6 1 1 2 6 11 1 1 1 1 1 3 |3 8 4 7 1 9 1 14 7 3 1 1 1 5 1 1 |7 6 1 1 5 1 1 12 14 1 17 9 16 1 2 1 |3 8 7 1 1 2 8 16 17 1 14 4 8 1 1 15 |5 6 4 2 4 1 15 2 17 4 2 13 1 1 6 1 |2 8 13 2 2 1 1 6 2 6 14 1 6 2 1 1 |1 1 6 1 1 1 3 6 1 1 3 1 1 1 1 16 |4 1 1 2 7 2 1 14 4 1 1 1 1 1 3 5 |
2549: 1 1 16 1 6 17 3 1 7 1 1 3 10 1 4 8 |7 5 3 8 1 1 1 1 9 3 10 12 21 1 1 6 |1 20 16 13 7 1 16 19 3 1 1 1 4 1 1 5 |1 2 1 1 15 1 1 14 11 8 14 6 3 8 4 1 |1 2 1 8 6 1 1 2 6 11 1 1 1 1 1 3 |3 8 4 7 1 9 1 14 7 3 1 1 1 5 1 1 |7 6 1 1 5 1 1 12 14 1 17 9 16 1 2 1 |3 8 7 1 1 2 8 16 17 1 14 4 8 1 1 15 |5 6 4 2 4 1 15 2 17 4 2 13 1 1 6 1 |2 8 13 2 2 1 1 6 2 6 14 1 6 2 1 1 |1 1 6 1 1 1 3 6 1 1 3 1 1 1 1 16 |4 1 1 2 7 2 1 14 4 1 1 1 1 1 3 5 |
2560: 1 1 16 1 6 17 3 1 7 1 1 3 10 1 4 8 |7 5 3 8 1 1 1 1 9 3 10 12 21 1 1 6 |1 20 16 13 7 1 16 19 3 1 1 1 4 1 1 5 |1 3 17 1 16 8 1 14 11 15 15 6 1 8 23 7 |1 2 1 8 6 1 1 2 6 11 1 1 1 1 1 3 |3 8 4 7 1 9 1 14 7 3 1 1 1 5 1 1 |7 6 1 1 5 1 1 12 14 1 17 9 16 1 2 1 |3 8 7 1 1 2 8 16 17 1 14 4 8 1 1 15 |5 6 4 2 4 1 15 2 17 4 2 13 1 1 6 1 |2 8 13 2 2 1 1 6 2 6 14 1 6 2 1 1 |1 1 6 1 1 1 3 6 1 1 3 1 1 1 1 16 |4 1 1 2 7 2 1 14 4 1 1 1 1 1 3 5 |
2571: 1 1 16 1 6 17 3 1 7 1 1 3 10 1 4 8 |7 5 3 8 1 1 1 1 9 3 10 12 21 1 1 6 |1 20 16 13 7 1 16 19 3 1 1 1 4 1 1 5 |1 3 17 1 16 8 1 14 11 15 15 6 1 8 23 7 |1 1 1 15 19 1 1 3 7 15 5 1 15 10 1 7 |3 8 4 7 1 9 1 14 7 3 1 1 1 5 1 1 |7 6 1 1 5 1 1 12 14 1 17 9 16 1 2 1 |3 8 7 1 1 2 8 16 17 1 14 4 8 1 1 15 |5 6 4 2 4 1 15 2 17 4 2 13 1 1 6 1 |2 8 13 2 2 1 1 6 2 6 14 1 6 2 1 1 |1 1 6 1 1 1 3 6 1 1 3 1 1 1 1 16 |4 1 1 2 7 2 1 14 4 1 1 1 1 1 3 5 |
2582: 1 1 16 1 6 17 3 1 7 1 1 3 10 1 4 8 |7 5 3 8 1 1 1 1 9 3 10 12 21 1 1 6 |1 20 16 13 7 1 16 19 3 1 1 1 4 1 1 5 |1 3 17 1 16 8 1 14 11 15 15 6 1 8 23 7 |1 1 1 15 19 1 1 3 7 15 5 1 15 10 1 7 |3 8 4 7 1 9 1 14 7 3 1 1 1 5 1 1 |7 6 1 1 5 1 1 12 14 1 17 9 16 1 2 1 |3 8 7 1 1 2 8 16 17 1 14 4 8 1 1 15 |5 6 4 2 4 1 15 2 17 4 2 13 1 1 6 1 |2 8 13 2 2 1 1 6 2 6 14 1 6 2 1 1 |1 1 6 1 1 1 3 6 1 1 3 1 1 1 1 16 |4 1 1 2 7 2 1 14 4 1 1 1 1 1 3 5 |
2593: 1 1 16 1 6 17 3 1 7 1 1 3 10 1 4 8 |7 5 3 8 1 1 1 1 9 3 10 12 21 1 1 6 |5 12 17 6 12 2 8 18 9 3 6 1 9 12 10 1 |1 3 17 1 16 8 1 14 11 15 15 6 1 8 23 7 |1 1 1 15 19 1 1 3 7 15 5 1 15 10 1 7 |3 8 4 7 1 9 1 14 7 3 1 1 1 5 1 1 |7 6 1 1 5 1 1 12 14 1 17 9 16 1 2 1 |3 8 7 1 1 2 8 16 17 1 14 4 8 1 1 15 |5 6 4 2 4 1 15 2 17 4 2 13 1 1 6 1 |2 8 13 2 2 1 1 6 2 6 14 1 6 2 1 1 |1 1 6 1 1 1 3 6 1 1 3 1 1 1 1 16 |4 1 1 2 7 2 1 14 4 1 1 1 1 1 3 5 |
2604: 1 1 16 1 6 17 3 1 7 1 1 3 10 1 4 8 |7 5 3 8 1 1 1 1 9 3 10 12 21 1 1 6 |5 12 17 6 12 2 8 18 9 3 6 1 9 12 10 1 |1 3 17 1 16 8 1 14 11 15 15 6 1 8 23 7 |1 1 1 15 19 1 1 3 7 15 5 1 15 10 1 7 |3 8 4 7 1 9 1 14 7 3 1 1 1 5 1 1 |7 6 1 1 5 1 1 12 14 1 17 9 16 1 2 1 |3 8 7 1 1 2 8 16 17 1 14 4 8 1 1 15 |5 6 4 2 4 1 15 2 17 4 2 13 1 1 6 1 |2 8 13 2 2 1 1 6 2 6 14 1 6 2 1 1 |1 1 6 1 1 1 3 6 1 1 3 1 1 1 1 16 |4 1 1 2 7 2 1 14 4 1 1 1 1 1 3 5 |
2615: 1 1 16 1 6 17 3 1 7 1 1 3 10 1 4 8 |7 5 3 8 1 1 1 1 9 3 10 12 21 1 1 6 |5 12 17 6 12 2 8 18 9 3 6 1 9 12 10 1 |1 3 17 1 16 8 1 14 11 15 15 6 1 8 23 7 |1 1 1 15 19 1 1 3 7 15 5 1 15 10 1 7 |3 8 4 7 1 9 1 14 7 3 1 1 1 5 1 1 |7 6 1 1 5 1 1 12 14 1 17 9 16 1 2 1 |3 8 7 1 1 2 8 16 17 1 14 4 8 1 1 15 |5 6 4 2 4 1 15 2 17 4 2 13 1 1 6 1 |2 8 13 2 2 1 1 6 2 6 14 1 6 2 1 1 |1 1 6 1 1 1 3 6 1 1 3 1 1 1 1 16 |4 1 1 2 7 2 1 14 4 1 1 1 1 1 3 5 |
2626: 1 1 16 1 6 17 3 1 7 1 1 3 10 1 4 8 |7 5 3 8 1 1 1 1 9 3 10 12 21 1 1 6 |5 12 17 6 12 2 8 18 9 3 6 1 9 12 10 1 |1 3 17 1 16 8 1 14 11 15 15 6 1 8 23 7 |1 1 1 15 19 1 1 3 7 15 5 1 15 10 1 7 |3 8 4 7 1 9 1 14 7 3 1 1 1 5 1 1 |7 6 1 1 5 1 1 12 14 1 17 9 16 1 2 1 |3 8 7 1 1 2 8 16 17 1 14 4 8 1 1 15 |5 6 4 2 4 1 15 2 17 4 2 13 1 1 6 1 |2 8 13 2 2 1 1 6 2 6 14 1 6 2 1 1 |1 1 6 1 1 1 3 6 1 1 3 1 1 1 1 16 |4 1 1 2 7 2 1 14 4 1 1 1 1 1 3 5 |
2636: 1 1 16 1 6 17 3 1 7 1 1 3 10 1 4 8 |7 5 3 8 1 1 1 1 9 3 10 12 21 1 1 6 |5 12 17 6 12 2 8 18 9 3 6 1 9 12 10 1 |1 3 17 1 16 8 1 14 11 15 15 6 1 8 23 7 |1 1 1 15 19 1 1 3 7 15 5 1 15 10 1 7 |3 8 4 7 1 9 1 14 7 3 1 1 1 5 1 1 |7 6 1 1 5 1 1 12 14 1 17 9 16 1 2 1 |3 8 7 1 1 2 8 16 17 1 14 4 8 1 1 15 |5 6 4 2 4 1 15 2 17 4 2 13 1 1 6 1 |2 8 13 2 2 1 1 6 2 6 14 1 6 2 1 1 |1 1 6 1 1 1 3 6 1 1 3 1 1 1 1 16 |4 1 1 2 7 2 1 14 4 1 1 1 1 1 3 5 |
2647: 1 1 16 1 6 17 3 1 7 1 1 3 10 1 4 8 |7 5 3 8 1 1 1 1 9 3 10 12 21 1 1 6 |5 12 17 6 12 2 8 18 9 3 6 1 9 12 10 1 |1 3 17 1 16 8 1 14 11 15 15 6 1 8 23 7 |1 1 1 15 19 1 1 3 7 15 5 1 15 10 1 7 |3 8 4 7 1 9 1 14 7 3 1 1 1 5 1 1 |7 6 1 1 5 1 1 12 14 1 17 9 16 1 2 1 |3 8 7 1 1 2 8 16 17 1 14 4 8 1 1 15 |5 6 4 2 4 1 15 2 17 4 2 13 1 1 6 1 |2 8 13 2 2 1 1 6 2 6 14 1 6 2 1 1 |1 1 6 1 1 1 3 6 1 1 3 1 1 1 1 16 |4 1 1 2 7 2 1 14 4 1 1 1 1 1 3 5 |
2658: 1 1 16 1 6 17 3 1 7 1 1 3 10 1 4 8 |7 5 3 8 1 1 1 1 9 3 10 12 21 1 1 6 |5 12 17 6 12 2 8 18 9 3 6 1 9 12 10 1 |1 3 17 1 16 1 1 13 11 14 15 4 9 9 11 10 |1 1 1 15 19 1 1 3 7 15 5 1 15 10 1 7 |3 8 4 7 1 9 1 14 7 3 1 1 1 5 1 1 |7 6 1 1 5 1 1 12 14 1 17 9 16 1 2 1 |3 8 7 1 1 2 8 16 17 1 14 4 8 1 1 15 |5 6 4 2 4 1 15 2 17 4 2 13 1 1 6 1 |2 8 13 2 2 1 1 6 2 6 14 1 6 2 1 1 |1 1 6 1 1 1 3 6 1 1 3 1 1 1 1 16 |4 1 1 2 7 2 1 14 4 1 1 1 1 1 3 5 |
2669: 1 1 16 1 6 17 3 1 7 1 1 3 10 1 4 8 |7 5 3 8 1 1 1 1 9 3 10 12 21 1 1 6 |5 12 17 6 12 2 8 18 9 3 6 1 9 12 10 1 |1 3 17 1 16 1 1 13 11 14 15 4 9 9 11 10 |1 1 1 15 19 1 1 3 7 15 5 1 15 10 1 7 |3 8 4 7 1 9 1 14 7 3 1 1 1 5 1 1 |7 6 1 1 5 1 1 12 14 1 17 9 16 1 2 1 |3 8 7 1 1 2 8 16 17 1 14 4 8 1 1 15 |5 6 4 2 4 1 15 2 17 4 2 13 1 1 6 1 |2 8 13 2 2 1 1 6 2 6 14 1 6 2 1 1 |1 1 6 1 1 1 3 6 1 1 3 1 1 1 1 16 |4 1 1 2 7 2 1 14 4 1 1 1 1 1 3 5 |
2680: 1 1 16 1 6 17 3 1 7 1 1 3 10 1 4 8 |7 5 3 8 1 1 1 1 9 3 10 12 21 1 1 6 |5 12 17 6 12 2 8 18 9 3 6 1 9 12 10 1 |1 3 17 1 16 1 1 13 11 14 15 4 9 9 11 10 |1 1 1 15 19 1 1 3 7 15 5 1 15 10 1 7 |3 8 4 7 1 9 1 14 7 3 1 1 1 5 1 1 |7 6 1 1 5 1 1 12 14 1 17 9 16 1 2 1 |3 8 7 1 1 2 8 16 17 1 14 4 8 1 1 15 |5 6 4 2 4 1 15 2 17 4 2 13 1 1 6 1 |2 8 13 2 2 1 1 6 2 6 14 1 6 2 1 1 |1 1 6 1 1 1 3 6 1 1 3 1 1 1 1 16 |4 1 1 2 7 2 1 14 4 1 1 1 1 1 3 5 |
2691: 1 1 16 1 6 17 3 1 7 1 1 3 10 1 4 8 |7 5 3 8 1 1 1 1 9 3 10 12 21 1 1 6 |5 12 17 6 12 2 8 18 9 3 6 1 9 12 10 1 |1 3 17 1 16 1 1 13 11 14 15 4 9 9 11 10 |1 1 1 15 19 1 1 3 7 15 5 1 15 10 1 7 |3 8 4 7 1 9 1 14 7 3 1 1 1 5 1 1 |7 6 1 1 5 1 1 12 14 1 17 9 16 1 2 1 |3 8 7 1 1 2 8 16 17 1 14 4 8 1 1 15 |5 6 4 2 4 1 15 2 17 4 2 13 1 1 6 1 |2 8 13 2 2 1 1 6 2 6 14 1 6 2 1 1 |1 1 6 1 1 1 3 6 1 1 3 1 1 1 1 16 |4 1 1 2 7 2 1 14 4 1 1 1 1 1 3 5 |
2702: 1 1 16 1 6 17 3 1 7 1 1 3 10 1 4 8 |7 5 3 8 1 1 1 1 9 3 10 12 21 1 1 6 |5 12 17 6 12 2 8 18 9 3 6 1 9 12 10 1 |1 3 17 1 16 1 1 13 11 14 15 4 9 9 11 10 |1 1 1 15 19 1 1 3 7 15 5 1 15 10 1 7 |3 8 4 7 1 9 1 14 7 3 1 1 1 5 1 1 |7 6 1 1 5 1 1 12 14 1 17 9 16 1 2 1 |3 8 7 1 1 2 8 16 17 1 14 4 8 1 1 15 |5 6 4 2 4 1 15 2 17 4 2 13 1 1 6 1 |2 8 13 2 2 1 1 6 2 6 14 1 6 2 1 1 |1 1 6 1 1 1 3 6 1 1 3 1 1 1 1 16 |4 1 1 2 7 2 1 14 4 1 1 1 1 1 3 5 |
2713: 1 1 16 1 6 17 3 1 7 1 1 3 10 1 4 8 |7 5 3 8 1 1 1 1 9 3 10 12 21 1 1 6 |5 12 17 6 12 2 8 18 9 3 6 1 9 12 10 1 |1 3 17 1 16 1 1 13 11 14 15 4 9 9 11 10 |1 1 1 15 19 1 1 3 7 15 5 1 15 10 1 7 |3 8 4 7 1 9 1 14 7 3 1 1 1 5 1 1 |7 6 1 1 5 1 1 12 14 1 17 9 16 1 2 1 |3 8 7 1 1 2 8 16 17 1 14 4 8 1 1 15 |5 6 4 2 4 1 15 2 17 4 2 13 1 1 6 1 |2 8 13 2 2 1 1 6 2 6 14 1 6 2 1 1 |1 1 6 1 1 1 3 6 1 1 3 1 1 1 1 16 |4 1 1 2 7 2 1 14 4 1 1 1 1 1 3 5 |
2724: 1 1 16 1 6 17 3 1 7 1 1 3 10 1 4 8 |7 5 3 8 1 1 1 1 9 3 10 12 21 1 1 6 |5 12 17 6 12 2 8 18 9 3 6 1 9 12 10 1 |1 3 17 1 16 1 1 13 11 14 15 4 9 9 11 10 |1 1 1 15 19 1 1 3 7 15 5 1 15 10 1 7 |3 8 4 7 1 9 1 14 7 3 1 1 1 5 1 1 |8 6 10 2 6 1 2 12 14 1 18 4 18 1 16 10 |3 8 7 1 1 2 8 16 17 1 14 4 8 1 1 15 |5 6 4 2 4 1 15 2 17 4 2 13 1 1 6 1 |2 8 13 2 2 1 1 6 2 6 14 1 6 2 1 1 |1 1 6 1 1 1 3 6 1 1 3 1 1 1 1 16 |4 1 1 2 7 2 1 14 4 1 1 1 1 1 3 5 |
2735: 1 1 16 1 6 17 3 1 7 1 1 3 10 1 4 8 |7 5 3 8 1 1 1 1 9 3 10 12 21 1 1 6 |5 12 17 6 12 2 8 18 9 3 6 1 9 12 10 1 |1 3 17 1 16 1 1 13 11 14 15 4 9 9 11 10 |1 1 1 15 19 1 1 3 7 15 5 1 15 10 1 7 |3 8 4 7 1 9 1 14 7 3 1 1 1 5 1 1 |8 6 10 2 6 1 2 12 14 1 18 4 18 1 16 10 |5 7 1 1 1 2 8 18 18 8 14 1 8 4 1 24 |5 6 4 2 4 1 15 2 17 4 2 13 1 1 6 1 |2 8 13 2 2 1 1 6 2 6 14 1 6 2 1 1 |1 1 6 1 1 1 3 6 1 1 3 1 1 1 1 16 |4 1 1 2 7 2 1 14 4 1 1 1 1 1 3 5 |
2746: 1 1 16 1 6 17 3 1 7 1 1 3 10 1 4 8 |7 5 3 8 1 1 1 1 9 3 10 12 21 1 1 6 |5 12 17 6 12 2 8 18 9 3 6 1 9 12 10 1 |1 3 17 1 16 1 1 13 11 14 15 4 9 9 11 10 |1 1 1 15 19 1 1 3 7 15 5 1 15 10 1 7 |3 8 4 7 1 9 1 14 7 3 1 1 1 5 1 1 |8 6 10 2 6 1 2 12 14 1 18 4 18 1 16 10 |5 7 1 1 1 2 8 18 18 8 14 1 8 4 1 24 |5 6 4 2 4 1 15 2 17 4 2 13 1 1 6 1 |2 8 13 2 2 1 1 6 2 6 14 1 6 2 1 1 |1 1 6 1 1 1 3 6 1 1 3 1 1 1 1 16 |4 1 1 2 7 2 1 14 4 1 1 1 1 1 3 5 |
2757: 1 1 16 1 6 17 3 1 7 1 1 3 10 1 4 8 |7 5 3 8 1 1 1 1 9 3 10 12 21 1 1 6 |5 12 17 6 12 2 8 18 9 3 6 1 9 12 10 1 |1 3 17 1 16 1 1 13 11 14 15 4 9 9 11 10 |1 1 1 15 19 1 1 3 7 15 5 1 15 10 1 7 |1 16 1 3 1 1 1 15 1 1 3 1 9 1 1 11 |8 6 10 2 6 1 2 12 14 1 18 4 18 1 16 10 |5 7 1 1 1 2 8 18 18 8 14 1 8 4 1 24 |5 6 4 2 4 1 15 2 17 4 2 13 1 1 6 1 |2 8 13 2 2 1 1 6 2 6 14 1 6 2 1 1 |1 1 6 1 1 1 3 6 1 1 3 1 1 1 1 16 |4 1 1 2 7 2 1 14 4 1 1 1 1 1 3 5 |
2768: 1 1 16 1 6 17 3 1 7 1 1 3 10 1 4 8 |7 5 3 8 1 1 1 1 9 3 10 12 21 1 1 6 |5 12 17 6 12 2 8 18 9 3 6 1 9 12 10 1 |1 3 17 1 16 1 1 13 11 14 15 4 9 9 11 10 |1 1 1 15 19 1 1 3 7 15 5 1 15 10 1 7 |1 16 1 3 1 1 1 15 1 1 3 1 9 1 1 11 |8 6 10 2 6 1 2 12 14 1 18 4 18 1 16 10 |5 7 1 1 1 2 8 18 18 8 14 1 8 4 1 24 |5 6 4 2 4 1 15 2 17 4 2 13 1 1 6 1 |2 8 13 2 2 1 1 6 2 6 14 1 6 2 1 1 |1 1 6 1 1 1 3 6 1 1 3 1 1 1 1 16 |4 1 1 2 7 2 1 14 4 1 1 1 1 1 3 5 |
2779: 1 1 16 1 6 17 3 1 7 1 1 3 10 1 4 8 |7 5 3 8 1 1 1 1 9 3 10 12 21 1 1 6 |5 12 17 6 12 2 8 18 9 3 6 1 9 12 10 1 |1 3 17 1 16 1 1 13 11 14 15 4 9 9 11 10 |1 1 1 15 19 1 1 3 7 15 5 1 15 10 1 7 |1 16 1 3 1 1 1 15 1 1 3 1 9 1 1 11 |8 6 10 2 6 1 2 12 14 1 18 4 18 1 16 10 |5 7 1 1 1 2 8 18 18 8 14 1 8 4 1 24 |5 6 4 2 4 1 15 2 17 4 2 13 1 1 6 1 |2 8 13 2 2 1 1 6 2 6 14 1 6 2 1 1 |1 1 6 1 1 1 3 6 1 1 3 1 1 1 1 16 |4 1 1 2 7 2 1 14 4 1 1 1 1 1 3 5 |
2790: 1 1 16 1 6 17 3 1 7 1 1 3 10 1 4 8 |7 5 3 8 1 1 1 1 9 3 10 12 21 1 1 6 |5 12 17 6 12 2 8 18 9 3 6 1 9 12 10 1 |1 3 17 1 16 1 1 13 11 14 15 4 9 9 11 10 |1 1 1 15 19 1 1 3 7 15 5 1 15 10 1 7 |1 16 1 3 1 1 1 15 1 1 3 1 9 1 1 11 |8 6 10 2 7 1 1 12 13 1 17 4 18 1 21 7 |5 7 1 1 1 2 8 18 18 8 14 1 8 4 1 24 |5 6 4 2 4 1 15 2 17 4 2 13 1 1 6 1 |2 8 13 2 2 1 1 6 2 6 14 1 6 2 1 1 |1 1 6 1 1 1 3 6 1 1 3 1 1 1 1 16 |4 1 1 2 7 2 1 14 4 1 1 1 1 1 3 5 |
2801: 1 1 16 1 6 17 3 1 7 1 1 3 10 1 4 8 |7 5 3 8 1 1 1 1 9 3 10 12 21 1 1 6 |5 12 17 6 12 2 8 18 9 3 6 1 9 12 10 1 |1 3 17 1 16 1 1 13 11 14 15 4 9 9 11 10 |1 1 1 15 19 1 1 3 7 15 5 1 15 10 1 7 |1 16 1 3 1 1 1 15 1 1 3 1 9 1 1 11 |8 6 10 2 7 1 1 12 13 1 17 4 18 1 21 7 |5 7 1 1 1 2 8 18 18 8 14 1 8 4 1 24 |5 6 4 2 4 1 15 2 17 4 2 13 1 1 6 1 |2 8 13 2 2 1 1 6 2 6 14 1 6 2 1 1 |1 1 6 1 1 1 3 6 1 1 3 1 1 1 1 16 |4 1 1 2 7 2 1 14 4 1 1 1 1 1 3 5 |
2812: 1 1 16 1 6 17 3 1 7 1 1 3 10 1 4 8 |7 5 3 8 1 1 1 1 9 3 10 12 21 1 1 6 |5 12 17 6 12 2 8 18 9 3 6 1 9 12 10 1 |1 3 17 1 16 1 1 13 11 14 15 4 9 9 11 10 |1 1 1 15 19 1 1 3 7 15 5 1 15 10 1 7 |1 16 1 3 1 1 1 15 1 1 3 1 9 1 1 11 |8 6 10 2 7 1 1 12 13 1 17 4 18 1 21 7 |5 7 1 1 1 2 8 18 18 8 14 1 8 4 1 24 |5 6 4 2 4 1 15 2 17 4 2 13 1 1 6 1 |2 8 13 2 2 1 1 6 2 6 14 1 6 2 1 1 |1 1 6 1 1 1 3 6 1 1 3 1 1 1 1 16 |4 1 1 2 7 2 1 14 4 1 1 1 1 1 3 5 |
2823: 1 1 16 1 6 17 3 1 7 1 1 3 10 1 4 8 |7 5 3 8 1 1 1 1 9 3 10 12 21 1 1 6 |5 12 17 6 12 2 8 18 9 3 6 1 9 12 10 1 |1 3 17 1 16 1 1 13 11 14 15 4 9 9 11 10 |1 1 1 15 19 1 1 3 7 15 5 1 15 10 1 7 |1 16 1 3 1 1 1 15 1 1 3 1 9 1 1 11 |10 6 11 2 6 1 1 12 13 1 5 1 19 1 8 11 |5 7 1 1 1 2 8 18 18 8 14 1 8 4 1 24 |5 6 4 2 4 1 15 2 17 4 2 13 1 1 6 1 |2 8 13 2 2 1 1 6 2 6 14 1 6 2 1 1 |1 1 6 1 1 1 3 6 1 1 3 1 1 1 1 16 |4 1 1 2 7 2 1 14 4 1 1 1 1 1 3 5 |
2834: 1 1 16 1 6 17 3 1 7 1 1 3 10 1 4 8 |7 5 3 8 1 1 1 1 9 3 10 12 21 1 1 6 |5 12 17 6 12 2 8 18 9 3 6 1 9 12 10 1 |1 3 17 1 16 1 1 13 11 14 15 4 9 9 11 10 |1 1 1 15 19 1 1 3 7 15 5 1 15 10 1 7 |1 16 1 3 1 1 1 15 1 1 3 1 9 1 1 11 |10 6 11 2 6 1 1 12 13 1 5 1 19 1 8 11 |5 7 1 1 1 2 8 18 18 8 14 1 8 4 1 24 |5 6 4 2 4 1 15 2 17 4 2 13 1 1 6 1 |2 8 13 2 2 1 1 6 2 6 14 1 6 2 1 1 |1 1 6 1 1 1 3 6 1 1 3 1 1 1 1 16 |4 1 1 2 7 2 1 14 4 1 1 1 1 1 3 5 |
2845: 1 1 16 1 6 17 3 1 7 1 1 3 10 1 4 8 |7 5 3 8 1 1 1 1 9 3 10 12 21 1 1 6 |5 12 17 6 12 2 8 18 9 3 6 1 9 12 10 1 |1 3 17 1 16 1 1 13 11 14 15 4 9 9 11 10 |1 1 1 15 19 1 1 3 7 15 5 1 15 10 1 7 |1 16 1 3 1 1 1 15 1 1 3 1 9 1 1 11 |10 6 11 2 6 1 1 12 13 1 5 1 19 1 8 11 |5 7 1 1 1 2 8 18 18 8 14 1 8 4 1 24 |5 6 4 2 4 1 15 2 17 4 2 13 1 1 6 1 |2 8 13 2 2 1 1 6 2 6 14 1 6 2 1 1 |1 1 6 1 1 1 3 6 1 1 3 1 1 1 1 16 |4 1 1 2 7 2 1 14 4 1 1 1 1 1 3 5 |
2856: 1 1 16 1 6 17 3 1 7 1 1 3 10 1 4 8 |7 5 3 8 1 1 1 1 9 3 10 12 21 1 1 6 |5 12 17 6 12 2 8 18 9 3 6 1 9 12 10 1 |1 3 17 1 16 1 1 13 11 14 15 4 9 9 11 10 |1 2 1 1 21 1 3 4 7 16 7 1 14 10 3 11 |1 16 1 3 1 1 1 15 1 1 3 1 9 1 1 11 |10 6 11 2 6 1 1 12 13 1 5 1 19 1 8 11 |5 7 1 1 1 2 8 18 18 8 14 1 8 4 1 24 |5 6 4 2 4 1 15 2 17 4 2 13 1 1 6 1 |2 8 13 2 2 1 1 6 2 6 14 1 6 2 1 1 |1 1 6 1 1 1 3 6 1 1 3 1 1 1 1 16 |4 1 1 2 7 2 1 14 4 1 1 1 1 1 3 5 |
2867: 1 1 16 1 6 17 3 1 7 1 1 3 10 1 4 8 |7 5 3 8 1 1 1 1 9 3 10 12 21 1 1 6 |5 12 17 6 12 2 8 18 9 3 6 1 9 12 10 1 |1 3 17 1 16 1 1 13 11 14 15 4 9 9 11 10 |1 2 1 1 21 1 3 4 7 16 7 1 14 10 3 11 |1 16 1 3 1 1 1 15 1 1 3 1 9 1 1 11 |10 6 11 2 6 1 1 12 13 1 5 1 19 1 8 11 |5 7 1 1 1 2 8 18 18 8 14 1 8 4 1 24 |5 6 4 2 4 1 15 2 17 4 2 13 1 1 6 1 |2 8 13 2 2 1 1 6 2 6 14 1 6 2 1 1 |1 1 6 1 1 1 3 6 1 1 3 1 1 1 1 16 |4 1 1 2 7 2 1 14 4 1 1 1 1 1 3 5 |
2878: 1 1 16 1 6 17 3 1 7 1 1 3 10 1 4 8 |7 5 3 8 1 1 1 1 9 3 10 12 21 1 1 6 |5 12 17 6 12 2 8 18 9 3 6 1 9 12 10 1 |1 3 17 1 16 1 1 13 11 14 15 4 9 9 11 10 |1 2 1 1 21 1 3 4 7 16 7 1 14 10 3 11 |1 16 1 3 1 1 1 15 1 1 3 1 9 1 1 11 |10 6 11 2 6 1 1 12 13 1 5 1 19 1 8 11 |5 7 1 1 1 2 8 18 18 8 14 1 8 4 1 24 |5 6 4 2 4 1 15 2 17 4 2 13 1 1 6 1 |2 8 13 2 2 1 1 6 2 6 14 1 6 2 1 1 |1 1 6 1 1 1 3 6 1 1 3 1 1 1 1 16 |4 1 1 2 7 2 1 14 4 1 1 1 1 1 3 5 |
2889: 1 1 16 1 6 17 3 1 7 1 1 3 10 1 4 8 |7 5 3 8 1 1 1 1 9 3 10 12 21 1 1 6 |5 12 17 6 12 2 8 18 9 3 6 1 9 12 10 1 |1 3 17 1 16 1 1 13 11 14 15 4 9 9 11 10 |1 2 1 1 21 1 3 4 7 16 7 1 14 10 3 11 |1 17 1 7 1 1 1 14 9 6 1 1 11 10 1 11 |10 6 11 2 6 1 1 12 13 1 5 1 19 1 8 11 |5 7 1 1 1 2 8 18 18 8 14 1 8 4 1 24 |5 6 4 2 4 1 15 2 17 4 2 13 1 1 6 1 |2 8 13 2 2 1 1 6 2 6 14 1 6 2 1 1 |1 1 6 1 1 1 3 6 1 1 3 1 1 1 1 16 |4 1 1 2 7 2 1 14 4 1 1 1 1 1 3 5 |
2900: 1 1 16 1 6 17 3 1 7 1 1 3 10 1 4 8 |7 5 3 8 1 1 1 1 9 3 10 12 21 1 1 6 |5 12 17 6 12 2 8 18 9 3 6 1 9 12 10 1 |1 3 17 1 16 1 1 13 11 14 15 4 9 9 11 10 |1 2 1 1 21 1 3 4 7 16 7 1 14 10 3 11 |1 17 1 7 1 1 1 14 9 6 1 1 11 10 1 11 |10 6 11 2 6 1 1 12 13 1 5 1 19 1 8 11 |5 7 1 1 1 2 8 18 18 8 14 1 8 4 1 24 |5 6 4 2 4 1 15 2 17 4 2 13 1 1 6 1 |2 8 13 2 2 1 1 6 2 6 14 1 6 2 1 1 |1 1 6 1 1 1 3 6 1 1 3 1 1 1 1 16 |4 1 1 2 7 2 1 14 4 1 1 1 1 1 3 5 |
2911: 1 1 16 1 6 17 3 1 7 1 1 3 10 1 4 8 |7 5 3 8 1 1 1 1 9 3 10 12 21 1 1 6 |5 12 17 6 12 2 8 18 9 3 6 1 9 12 10 1 |1 3 17 1 16 1 1 13 11 14 15 4 9 9 11 10 |1 2 1 1 21 1 3 4 7 16 7 1 14 10 3 11 |1 17 1 7 1 1 1 14 9 6 1 1 11 10 1 11 |10 6 11 2 6 1 1 12 13 1 5 1 19 1 8 11 |5 7 1 1 1 2 8 18 18 8 14 1 8 4 1 24 |5 6 4 2 4 1 15 2 17 4 2 13 1 1 6 1 |2 8 13 2 2 1 1 6 2 6 14 1 6 2 1 1 |1 1 6 1 1 1 3 6 1 1 3 1 1 1 1 16 |4 1 1 2 7 2 1 14 4 1 1 1 1 1 3 5 |
2922: 1 1 16 1 6 17 3 1 7 1 1 3 10 1 4 8 |7 5 3 8 1 1 1 1 9 3 10 12 21 1 1 6 |5 12 17 6 12 2 8 18 9 3 6 1 9 12 10 1 |1 4 16 1 17 1 1 14 8 13 15 6 2 1 15 1 |1 2 1 1 21 1 3 4 7 16 7 1 14 10 3 11 |1 17 1 7 1 1 1 14 9 6 1 1 11 10 1 11 |10 6 11 2 6 1 1 12 13 1 5 1 19 1 8 11 |5 7 1 1 1 2 8 18 18 8 14 1 8 4 1 24 |5 6 4 2 4 1 15 2 17 4 2 13 1 1 6 1 |2 8 13 2 2 1 1 6 2 6 14 1 6 2 1 1 |1 1 6 1 1 1 3 6 1 1 3 1 1 1 1 16 |4 1 1 2 7 2 1 14 4 1 1 1 1 1 3 5 |
2933: 1 1 16 1 6 17 3 1 7 1 1 3 10 1 4 8 |7 5 3 8 1 1 1 1 9 3 10 12 21 1 1 6 |5 12 17 6 12 2 8 18 9 3 6 1 9 12 10 1 |1 4 16 1 17 1 1 14 8 13 15 6 2 1 15 1 |1 2 1 1 21 1 3 4 7 16 7 1 14 10 3 11 |1 17 1 7 1 1 1 14 9 6 1 1 11 10 1 11 |10 6 11 2 6 1 1 12 13 1 5 1 19 1 8 11 |5 7 1 1 1 2 8 18 18 8 14 1 8 4 1 24 |5 6 4 2 4 1 15 2 17 4 2 13 1 1 6 1 |2 8 13 2 2 1 1 6 2 6 14 1 6 2 1 1 |1 1 6 1 1 1 3 6 1 1 3 1 1 1 1 16 |4 1 1 2 7 2 1 14 4 1 1 1 1 1 3 5 |
2944: 1 1 16 1 6 17 3 1 7 1 1 3 10 1 4 8 |7 5 3 8 1 1 1 1 9 3 10 12 21 1 1 6 |5 12 17 6 12 2 8 18 9 3 6 1 9 12 10 1 |1 4 16 1 17 1 1 14 8 13 15 6 2 1 15 1 |1 2 1 1 21 1 3 4 7 16 7 1 14 10 3 11 |1 17 1 7 1 1 1 14 9 6 1 1 11 10 1 11 |10 6 11 2 6 1 1 12 13 1 5 1 19 1 8 11 |5 7 1 1 1 2 8 18 18 8 14 1 8 4 1 24 |5 6 4 2 4 1 15 2 17 4 2 13 1 1 6 1 |2 8 13 2 2 1 1 6 2 6 14 1 6 2 1 1 |1 1 6 1 1 1 3 6 1 1 3 1 1 1 1 16 |4 1 1 2 7 2 1 14 4 1 1 1 1 1 3 5 |
2955: 1 1 16 1 6 17 3 1 7 1 1 3 10 1 4 8 |7 5 3 8 1 1 1 1 9 3 10 12 21 1 1 6 |5 12 17 6 12 2 8 18 9 3 6 1 9 12 10 1 |1 8 15 1 16 1 4 12 1 14 16 3 1 1 8 1 |1 2 1 1 21 1 3 4 7 16 7 1 14 10 3 11 |1 17 1 7 1 1 1 14 9 6 1 1 11 10 1 11 |10 6 11 2 6 1 1 12 13 1 5 1 19 1 8 11 |5 7 1 1 1 2 8 18 18 8 14 1 8 4 1 24 |5 6 4 2 4 1 15 2 17 4 2 13 1 1 6 1 |2 8 13 2 2 1 1 6 2 6 14 1 6 2 1 1 |1 1 6 1 1 1 3 6 1 1 3 1 1 1 1 16 |4 1 1 2 7 2 1 14 4 1 1 1 1 1 3 5 |
2966: 1 1 16 1 6 17 3 1 7 1 1 3 10 1 4 8 |7 5 3 8 1 1 1 1 9 3 10 12 21 1 1 6 |5 12 17 6 12 2 8 18 9 3 6 1 9 12 10 1 |1 8 15 1 16 1 4 12 1 14 16 3 1 1 8 1 |1 1 1 2 6 1 1 3 6 11 6 4 2 1 1 2 |1 17 1 7 1 1 1 14 9 6 1 1 11 10 1 11 |10 6 11 2 6 1 1 12 13 1 5 1 19 1 8 11 |5 7 1 1 1 2 8 18 18 8 14 1 8 4 1 24 |5 6 4 2 4 1 15 2 17 4 2 13 1 1 6 1 |2 8 13 2 2 1 1 6 2 6 14 1 6 2 1 1 |1 1 6 1 1 1 3 6 1 1 3 1 1 1 1 16 |4 1 1 2 7 2 1 14 4 1 1 1 1 1 3 5 |
2977: 1 1 16 1 6 17 3 1 7 1 1 3 10 1 4 8 |7 5 3 8 1 1 1 1 9 3 10 12 21 1 1 6 |5 12 17 6 12 2 8 18 9 3 6 1 9 12 10 1 |1 8 15 1 16 1 4 12 1 14 16 3 1 1 8 1 |1 1 1 2 6 1 1 3 6 11 6 4 2 1 1 2 |1 17 1 7 1 1 1 14 9 6 1 1 11 10 1 11 |10 6 11 2 6 1 1 12 13 1 5 1 19 1 8 11 |5 7 1 1 1 2 8 18 18 8 14 1 8 4 1 24 |5 6 4 2 4 1 15 2 17 4 2 13 1 1 6 1 |2 8 13 2 2 1 1 6 2 6 14 1 6 2 1 1 |1 1 6 1 1 1 3 6 1 1 3 1 1 1 1 16 |4 1 1 2 7 2 1 14 4 1 1 1 1 1 3 5 |
2988: 1 1 16 1 6 17 3 1 7 1 1 3 10 1 4 8 |7 5 3 8 1 1 1 1 9 3 10 12 21 1 1 6 |5 12 17 6 12 2 8 18 9 3 6 1 9 12 10 1 |1 8 15 1 16 1 4 12 1 14 16 3 1 1 8 1 |1 1 1 2 6 1 1 3 6 11 6 4 2 1 1 2 |1 17 1 7 1 1 1 14 9 6 1 1 11 10 1 11 |10 6 11 2 6 1 1 12 13 1 5 1 19 1 8 11 |5 7 1 1 1 2 8 18 18 8 14 1 8 4 1 24 |5 6 4 2 4 1 15 2 17 4 2 13 1 1 6 1 |2 8 13 2 2 1 1 6 2 6 14 1 6 2 1 1 |1 1 6 1 1 1 3 6 1 1 3 1 1 1 1 16 |4 1 1 2 7 2 1 14 4 1 1 1 1 1 3 5 |
2999: 1 1 16 1 6 17 3 1 7 1 1 3 10 1 4 8 |7 5 3 8 1 1 1 1 9 3 10 12 21 1 1 6 |5 12 17 6 12 2 8 18 9 3 6 1 9 12 10 1 |1 8 15 1 16 1 4 12 1 14 16 3 1 1 8 1 |1 1 1 2 6 1 1 3 6 11 6 4 2 1 1 2 |1 17 1 7 1 1 1 14 9 6 1 1 11 10 1 11 |10 6 11 2 6 1 1 12 13 1 5 1 19 1 8 11 |5 7 1 1 1 2 8 18 18 8 14 1 8 4 1 24 |5 6 4 2 4 1 15 2 17 4 2 13 1 1 6 1 |2 8 13 2 2 1 1 6 2 6 14 1 6 2 1 1 |1 1 6 1 1 1 3 6 1 1 3 1 1 1 1 16 |4 1 1 2 7 2 1 14 4 1 1 1 1 1 3 5 |
3010: 1 1 16 1 6 17 3 1 7 1 1 3 10 1 4 8 |7 5 3 8 1 1 1 1 9 3 10 12 21 1 1 6 |5 12 17 6 12 2 8 18 9 3 6 1 9 12 10 1 |1 8 15 1 16 1 4 12 1 14 16 3 1 1 8 1 |1 1 1 2 6 1 1 3 6 11 6 4 2 1 1 2 |1 17 1 7 1 1 1 14 9 6 1 1 11 10 1 11 |10 6 11 2 6 1 1 12 13 1 5 1 19 1 8 11 |5 7 1 1 1 2 8 18 18 8 14 1 8 4 1 24 |5 6 4 2 4 1 15 2 17 4 2 13 1 1 6 1 |2 8 13 2 2 1 1 6 2 6 14 1 6 2 1 1 |1 1 6 1 1 1 3 6 1 1 3 1 1 1 1 16 |4 1 1 2 7 2 1 14 4 1 1 1 1 1 3 5 |
3020: 1 1 16 1 6 17 3 1 7 1 1 3 10 1 4 8 |7 5 3 8 1 1 1 1 9 3 10 12 21 1 1 6 |5 12 17 6 12 2 8 18 9 3 6 1 9 12 10 1 |1 8 15 1 16 1 4 12 1 14 16 3 1 1 8 1 |1 1 1 2 6 1 1 3 6 11 6 4 2 1 1 2 |1 17 1 7 1 1 1 14 9 6 1 1 11 10 1 11 |7 6 9 1 6 1 1 12 9 1 17 3 17 1 15 2 |5 7 1 1 1 2 8 18 18 8 14 1 8 4 1 24 |5 6 4 2 4 1 15 2 17 4 2 13 1 1 6 1 |2 8 13 2 2 1 1 6 2 6 14 1 6 2 1 1 |1 1 6 1 1 1 3 6 1 1 3 1 1 1 1 16 |4 1 1 2 7 2 1 14 4 1 1 1 1 1 3 5 |
3031: 1 1 16 1 6 17 3 1 7 1 1 3 10 1 4 8 |7 5 3 8 1 1 1 1 9 3 10 12 21 1 1 6 |5 12 17 6 12 2 8 18 9 3 6 1 9 12 10 1 |1 8 15 1 16 1 4 12 1 14 16 3 1 1 8 1 |1 1 1 2 6 1 1 3 6 11 6 4 2 1 1 2 |1 17 1 7 1 1 1 14 9 6 1 1 11 10 1 11 |7 6 9 1 6 1 1 12 9 1 17 3 17 1 15 2 |2 2 1 1 7 1 1 19 13 2 5 1 7 1 4 15 |5 6 4 2 4 1 15 2 17 4 2 13 1 1 6 1 |2 8 13 2 2 1 1 6 2 6 14 1 6 2 1 1 |1 1 6 1 1 1 3 6 1 1 3 1 1 1 1 16 |4 1 1 2 7 2 1 14 4 1 1 1 1 1 3 5 |
3042: 1 1 16 1 6 17 3 1 7 1 1 3 10 1 4 8 |7 5 3 8 1 1 1 1 9 3 10 12 21 1 1 6 |5 12 17 6 12 2 8 18 9 3 6 1 9 12 10 1 |1 8 15 1 16 1 4 12 1 14 16 3 1 1 8 1 |1 1 1 2 6 1 1 3 6 11 6 4 2 1 1 2 |1 17 1 7 1 1 1 14 9 6 1 1 11 10 1 11 |7 6 9 1 6 1 1 12 9 1 17 3 17 1 15 2 |2 2 1 1 7 1 1 19 13 2 5 1 7 1 4 15 |5 6 4 2 4 1 15 2 17 4 2 13 1 1 6 1 |2 8 13 2 2 1 1 6 2 6 14 1 6 2 1 1 |1 1 6 1 1 1 3 6 1 1 3 1 1 1 1 16 |4 1 1 2 7 2 1 14 4 1 1 1 1 1 3 5 |
3053: 1 1 16 1 6 17 3 1 7 1 1 3 10 1 4 8 |7 5 3 8 1 1 1 1 9 3 10 12 21 1 1 6 |5 12 17 6 12 2 8 18 9 3 6 1 9 12 10 1 |1 8 15 1 16 1 4 12 1 14 16 3 1 1 8 1 |1 1 5 3 17 1 1 3 6 11 7 1 1 8 1 3 |1 17 1 7 1 1 1 14 9 6 1 1 11 10 1 11 |7 6 9 1 6 1 1 12 9 1 17 3 17 1 15 2 |2 2 1 1 7 1 1 19 13 2 5 1 7 1 4 15 |5 6 4 2 4 1 15 2 17 4 2 13 1 1 6 1 |2 8 13 2 2 1 1 6 2 6 14 1 6 2 1 1 |1 1 6 1 1 1 3 6 1 1 3 1 1 1 1 16 |4 1 1 2 7 2 1 14 4 1 1 1 1 1 3 5 |
3064: 1 1 16 1 6 17 3 1 7 1 1 3 10 1 4 8 |7 5 3 8 1 1 1 1 9 3 10 12 21 1 1 6 |5 12 17 6 12 2 8 18 9 3 6 1 9 12 10 1 |1 8 15 1 16 1 4 12 1 14 16 3 1 1 8 1 |1 1 5 3 17 1 1 3 6 11 7 1 1 8 1 3 |2 7 3 8 1 10 1 13 10 1 2 2 9 6 1 1 |7 6 9 1 6 1 1 12 9 1 17 3 17 1 15 2 |2 2 1 1 7 1 1 19 13 2 5 1 7 1 4 15 |5 6 4 2 4 1 15 2 17 4 2 13 1 1 6 1 |2 8 13 2 2 1 1 6 2 6 14 1 6 2 1 1 |1 1 6 1 1 1 3 6 1 1 3 1 1 1 1 16 |4 1 1 2 7 2 1 14 4 1 1 1 1 1 3 5 |
3075: 1 1 16 1 6 17 3 1 7 1 1 3 10 1 4 8 |7 5 3 8 1 1 1 1 9 3 10 12 21 1 1 6 |5 12 17 6 12 2 8 18 9 3 6 1 9 12 10 1 |1 8 15 1 16 1 4 12 1 14 16 3 1 1 8 1 |1 1 5 3 17 1 1 3 6 11 7 1 1 8 1 3 |2 7 3 8 1 10 1 13 10 1 2 2 9 6 1 1 |7 6 9 1 6 1 1 12 9 1 17 3 17 1 15 2 |2 2 1 1 7 1 1 19 13 2 5 1 7 1 4 15 |5 6 4 2 4 1 15 2 17 4 2 13 1 1 6 1 |2 8 13 2 2 1 1 6 2 6 14 1 6 2 1 1 |1 1 6 1 1 1 3 6 1 1 3 1 1 1 1 16 |4 1 1 2 7 2 1 14 4 1 1 1 1 1 3 5 |
3086: 1 1 16 1 6 17 3 1 7 1 1 3 10 1 4 8 |7 5 3 8 1 1 1 1 9 3 10 12 21 1 1 6 |5 12 17 6 12 2 8 18 9 3 6 1 9 12 10 1 |1 8 15 1 16 1 4 12 1 14 16 3 1 1 8 1 |1 1 5 3 17 1 1 3 6 11 7 1 1 8 1 3 |3 7 4 7 3 4 1 13 1 1 4 1 9 14 1 11 |7 6 9 1 6 1 1 12 9 1 17 3 17 1 15 2 |2 2 1 1 7 1 1 19 13 2 5 1 7 1 4 15 |5 6 4 2 4 1 15 2 17 4 2 13 1 1 6 1 |2 8 13 2 2 1 1 6 2 6 14 1 6 2 1 1 |1 1 6 1 1 1 3 6 1 1 3 1 1 1 1 16 |4 1 1 2 7 2 1 14 4 1 1 1 1 1 3 5 |
3097: 1 1 16 1 6 17 3 1 7 1 1 3 10 1 4 8 |7 5 3 8 1 1 1 1 9 3 10 12 21 1 1 6 |5 12 17 6 12 2 8 18 9 3 6 1 9 12 10 1 |1 8 15 1 16 1 4 12 1 14 16 3 1 1 8 1 |1 1 5 3 17 1 1 3 6 11 7 1 1 8 1 3 |3 7 4 7 3 4 1 13 1 1 4 1 9 14 1 11 |7 6 9 1 6 1 1 12 9 1 17 3 17 1 15 2 |2 2 1 1 7 1 1 19 13 2 5 1 7 1 4 15 |5 6 4 2 4 1 15 2 17 4 2 13 1 1 6 1 |2 8 13 2 2 1 1 6 2 6 14 1 6 2 1 1 |1 1 6 1 1 1 3 6 1 1 3 1 1 1 1 16 |21 1 1 3 1 8 2 8 13 1 2 12 1 1 1 8 |
3108: 1 1 16 1 6 17 3 1 7 1 1 3 10 1 4 8 |7 5 3 8 1 1 1 1 9 3 10 12 21 1 1 6 |5 12 17 6 12 2 8 18 9 3 6 1 9 12 10 1 |1 8 15 1 16 1 4 12 1 14 16 3 1 1 8 1 |1 1 5 3 17 1 1 3 6 11 7 1 1 8 1 3 |3 7 4 7 3 4 1 13 1 1 4 1 9 14 1 11 |7 6 9 1 6 1 1 12 9 1 17 3 17 1 15 2 |2 2 1 1 7 1 1 19 13 2 5 1 7 1 4 15 |5 6 4 2 4 1 15 2 17 4 2 13 1 1 6 1 |2 8 13 2 2 1 1 6 2 6 14 1 6 2 1 1 |1 1 6 1 1 1 3 6 1 1 3 1 1 1 1 16 |21 1 1 3 1 8 2 8 13 1 2 12 1 1 1 8 |
3119: 1 1 16 1 6 17 3 1 7 1 1 3 10 1 4 8 |7 5 3 8 1 1 1 1 9 3 10 12 21 1 1 6 |5 12 17 6 12 2 8 18 9 3 6 1 9 12 10 1 |1 8 15 1 16 1 4 12 1 14 16 3 1 1 8 1 |1 1 5 3 17 1 1 3 6 11 7 1 1 8 1 3 |3 7 4 7 3 4 1 13 1 1 4 1 9 14 1 11 |7 6 9 1 6 1 1 12 9 1 17 3 17 1 15 2 |2 2 1 1 7 1 1 19 13 2 5 1 7 1 4 15 |5 6 4 2 4 1 15 2 17 4 2 13 1 1 6 1 |2 8 13 2 2 1 1 6 2 6 14 1 6 2 1 1 |1 1 6 1 1 1 3 6 1 1 3 1 1 1 1 16 |21 1 1 3 1 8 2 8 13 1 2 12 1 1 1 8 |
3130: 1 1 16 1 6 17 3 1 7 1 1 3 10 1 4 8 |7 5 3 8 1 1 1 1 9 3 10 12 21 1 1 6 |5 12 17 6 12 2 8 18 9 3 6 1 9 12 10 1 |1 8 15 1 16 1 4 12 1 14 16 3 1 1 8 1 |1 1 5 3 17 1 1 3 6 11 7 1 1 8 1 3 |3 7 4 7 3 4 1 13 1 1 4 1 9 14 1 11 |7 6 9 1 6 1 1 12 9 1 17 3 17 1 15 2 |2 2 1 1 7 1 1 19 13 2 5 1 7 1 4 15 |5 6 4 2 4 1 15 2 17 4 2 13 1 1 6 1 |2 8 13 2 2 1 1 6 2 6 14 1 6 2 1 1 |1 1 6 1 1 1 3 6 1 1 3 1 1 1 1 16 |21 1 2 3 2 8 4 13 5 1 1 1 1 4 5 8 |
3141: 1 1 16 1 6 17 3 1 7 1 1 3 10 1 4 8 |7 5 3 8 1 1 1 1 9 3 10 12 21 1 1 6 |5 12 17 6 12 2 8 18 9 3 6 1 9 12 10 1 |1 8 15 1 16 1 4 12 1 14 16 3 1 1 8 1 |1 1 5 3 17 1 1 3 6 11 7 1 1 8 1 3 |3 7 4 7 3 4 1 13 1 1 4 1 9 14 1 11 |7 6 9 1 6 1 1 12 9 1 17 3 17 1 15 2 |2 2 1 1 7 1 1 19 13 2 5 1 7 1 4 15 |5 6 4 2 4 1 15 2 17 4 2 13 1 1 6 1 |2 8 13 2 2 1 1 6 2 6 14 1 6 2 1 1 |1 1 6 1 1 1 3 6 1 1 3 1 1 1 1 16 |21 1 2 3 2 8 4 13 5 1 1 1 1 4 5 8 |
3152: 1 1 16 1 6 17 3 1 7 1 1 3 10 1 4 8 |7 5 3 8 1 1 1 1 9 3 10 12 21 1 1 6 |4 13 13 7 12 2 7 19 8 1 1 1 7 10 1 11 |1 8 15 1 16 1 4 12 1 14 16 3 1 1 8 1 |1 1 5 3 17 1 1 3 6 11 7 1 1 8 1 3 |3 7 4 7 3 4 1 13 1 1 4 1 9 14 1 11 |7 6 9 1 6 1 1 12 9 1 17 3 17 1 15 2 |2 2 1 1 7 1 1 19 13 2 5 1 7 1 4 15 |5 6 4 2 4 1 15 2 17 4 2 13 1 1 6 1 |2 8 13 2 2 1 1 6 2 6 14 1 6 2 1 1 |1 1 6 1 1 1 3 6 1 1 3 1 1 1 1 16 |21 1 2 3 2 8 4 13 5 1 1 1 1 4 5 8 |
3163: 1 1 16 1 6 17 3 1 7 1 1 3 10 1 4 8 |7 5 3 8 1 1 1 1 9 3 10 12 21 1 1 6 |4 13 13 7 12 2 7 19 8 1 1 1 7 10 1 11 |1 8 15 1 16 1 4 12 1 14 16 3 1 1 8 1 |1 1 5 3 17 1 1 3 6 11 7 1 1 8 1 3 |3 7 4 7 3 4 1 13 1 1 4 1 9 14 1 11 |7 6 9 1 6 1 1 12 9 1 17 3 17 1 15 2 |2 2 1 1 7 1 1 19 13 2 5 1 7 1 4 15 |5 6 4 2 4 1 15 2 17 4 2 13 1 1 6 1 |3 18 15 9 1 14 6 6 13 16 18 9 22 42 211 275 |1 1 6 1 1 1 3 6 1 1 3 1 1 1 1 16 |21 1 2 3 2 8 4 13 5 1 1 1 1 4 5 8 |
3174: 1 1 16 1 6 17 3 1 7 1 1 3 10 1 4 8 |7 5 3 8 1 1 1 1 9 3 10 12 21 1 1 6 |4 13 13 7 12 2 7 19 8 1 1 1 7 10 1 11 |1 8 15 1 16 1 4 12 1 14 16 3 1 1 8 1 |1 1 5 3 17 1 1 3 6 11 7 1 1 8 1 3 |3 7 4 7 3 4 1 13 1 1 4 1 9 14 1 11 |7 6 9 1 6 1 1 12 9 1 17 3 17 1 15 2 |2 2 1 1 7 1 1 19 13 2 5 1 7 1 4 15 |5 6 4 2 4 1 15 2 17 4 2 13 1 1 6 1 |3 18 15 9 1 14 6 6 13 16 18 9 22 42 211 275 |1 1 6 1 1 1 3 6 1 1 3 1 1 1 1 16 |21 1 2 3 2 8 4 13 5 1 1 1 1 4 5 8 |
3185: 1 1 16 1 6 17 3 1 7 1 1 3 10 1 4 8 |7 5 3 8 1 1 1 1 9 3 10 12 21 1 1 6 |4 13 13 7 12 2 7 19 8 1 1 1 7 10 1 11 |1 8 15 1 16 1 4 12 1 14 16 3 1 1 8 1 |1 1 5 3 17 1 1 3 6 11 7 1 1 8 1 3 |3 7 4 7 3 4 1 13 1 1 4 1 9 14 1 11 |7 6 9 1 6 1 1 12 9 1 17 3 17 1 15 2 |2 2 1 1 7 1 1 19 13 2 5 1 7 1 4 15 |5 6 4 2 4 1 15 2 17 4 2 13 1 1 6 1 |3 18 15 9 1 14 6 6 13 16 18 9 22 42 211 275 |1 1 6 1 1 1 3 6 1 1 3 1 1 1 1 16 |21 1 2 3 2 8 4 13 5 1 1 1 1 4 5 8 |
3196: 1 1 16 1 6 17 3 1 7 1 1 3 10 1 4 8 |7 5 3 8 1 1 1 1 9 3 10 12 21 1 1 6 |4 13 13 7 12 2 7 19 8 1 1 1 7 10 1 11 |1 8 15 1 16 1 4 12 1 14 16 3 1 1 8 1 |1 1 5 3 17 1 1 3 6 11 7 1 1 8 1 3 |3 7 4 7 3 4 1 13 1 1 4 1 9 14 1 11 |7 6 9 1 6 1 1 12 9 1 17 3 17 1 15 2 |2 2 1 1 7 1 1 19 13 2 5 1 7 1 4 15 |5 6 4 2 4 1 15 2 17 4 2 13 1 1 6 1 |13 17 10 10 3 2 7 17 10 18 25 4 7 25 170 267 |1 1 6 1 1 1 3 6 1 1 3 1 1 1 1 16 |21 1 2 3 2 8 4 13 5 1 1 1 1 4 5 8 |
3207: 1 1 16 1 6 17 3 1 7 1 1 3 10 1 4 8 |7 5 3 8 1 1 1 1 9 3 10 12 21 1 1 6 |4 13 13 7 12 2 7 19 8 1 1 1 7 10 1 11 |1 8 15 1 16 1 4 12 1 14 16 3 1 1 8 1 |1 1 5 3 17 1 1 3 6 11 7 1 1 8 1 3 |3 7 4 7 3 4 1 13 1 1 4 1 9 14 1 11 |7 6 9 1 6 1 1 12 9 1 17 3 17 1 15 2 |2 2 1 1 7 1 1 19 13 2 5 1 7 1 4 15 |5 6 4 2 4 1 15 2 17 4 2 13 1 1 6 1 |13 17 10 10 3 2 7 17 10 18 25 4 7 25 170 267 |1 1 1 3 14 11 1 7 1 18 19 4 8 7 66 191 |21 1 2 3 2 8 4 13 5 1 1 1 1 4 5 8 |
3218: 1 1 16 1 6 17 3 1 7 1 1 3 10 1 4 8 |7 5 3 8 1 1 1 1 9 3 10 12 21 1 1 6 |6 12 16 8 1 1 4 20 3 1 1 1 9 5 10 1 |1 8 15 1 16 1 4 12 1 14 16 3 1 1 8 1 |1 1 5 3 17 1 1 3 6 11 7 1 1 8 1 3 |3 7 4 7 3 4 1 13 1 1 4 1 9 14 1 11 |7 6 9 1 6 1 1 12 9 1 17 3 17 1 15 2 |2 2 1 1 7 1 1 19 13 2 5 1 7 1 4 15 |5 6 4 2 4 1 15 2 17 4 2 13 1 1 6 1 |13 17 10 10 3 2 7 17 10 18 25 4 7 25 170 267 |1 1 1 3 14 11 1 7 1 18 19 4 8 7 66 191 |21 1 2 3 2 8 4 13 5 1 1 1 1 4 5 8 |
3229: 1 1 16 1 6 17 3 1 7 1 1 3 10 1 4 8 |7 5 3 8 1 1 1 1 9 3 10 12 21 1 1 6 |6 12 16 8 1 1 4 20 3 1 1 1 9 5 10 1 |1 8 1 1 15 1 1 13 10 15 15 4 9 10 8 9 |1 1 5 3 17 1 1 3 6 11 7 1 1 8 1 3 |3 7 4 7 3 4 1 13 1 1 4 1 9 14 1 11 |7 6 9 1 6 1 1 12 9 1 17 3 17 1 15 2 |2 2 1 1 7 1 1 19 13 2 5 1 7 1 4 15 |5 6 4 2 4 1 15 2 17 4 2 13 1 1 6 1 |13 17 10 10 3 2 7 17 10 18 25 4 7 25 170 267 |1 1 1 3 14 11 1 7 1 18 19 4 8 7 66 191 |21 1 2 3 2 8 4 13 5 1 1 1 1 4 5 8 |
3240: 1 1 16 1 6 17 3 1 7 1 1 3 10 1 4 8 |7 5 3 8 1 1 1 1 9 3 10 12 21 1 1 6 |6 12 16 8 1 1 4 20 3 1 1 1 9 5 10 1 |1 8 1 1 15 1 1 13 10 15 15 4 9 10 8 9 |1 1 5 3 17 1 1 3 6 11 7 1 1 8 1 3 |3 7 4 7 3 4 1 13 1 1 4 1 9 14 1 11 |7 6 9 1 6 1 1 12 9 1 17 3 17 1 15 2 |2 2 1 1 7 1 1 19 13 2 5 1 7 1 4 15 |5 6 4 2 4 1 15 2 17 4 2 13 1 1 6 1 |13 17 10 10 3 2 7 17 10 18 25 4 7 25 170 267 |1 1 1 3 14 11 1 7 1 18 19 4 8 7 66 191 |21 1 2 3 2 8 4 13 5 1 1 1 1 4 5 8 |
3251: 1 1 16 1 6 17 3 1 7 1 1 3 10 1 4 8 |7 5 3 8 1 1 1 1 9 3 10 12 21 1 1 6 |6 12 16 8 1 1 4 20 3 1 1 1 9 5 10 1 |1 1 9 1 16 1 1 12 2 14 14 6 9 10 22 3 |1 1 5 3 17 1 1 3 6 11 7 1 1 8 1 3 |3 7 4 7 3 4 1 13 1 1 4 1 9 14 1 11 |7 6 9 1 6 1 1 12 9 1 17 3 17 1 15 2 |2 2 1 1 7 1 1 19 13 2 5 1 7 1 4 15 |5 6 4 2 4 1 15 2 17 4 2 13 1 1 6 1 |13 17 10 10 3 2 7 17 10 18 25 4 7 25 170 267 |1 1 1 3 14 11 1 7 1 18 19 4 8 7 66 191 |21 1 2 3 2 8 4 13 5 1 1 1 1 4 5 8 |
3262: 1 1 16 1 6 17 3 1 7 1 1 3 10 1 4 8 |7 5 3 8 1 1 1 1 9 3 10 12 21 1 1 6 |6 12 16 8 1 1 4 20 3 1 1 1 9 5 10 1 |1 1 9 1 16 1 1 12 2 14 14 6 9 10 22 3 |1 1 1 9 17 1 10 1 7 16 13 1 14 10 1 23 |3 7 4 7 3 4 1 13 1 1 4 1 9 14 1 11 |7 6 9 1 6 1 1 12 9 1 17 3 17 1 15 2 |2 2 1 1 7 1 1 19 13 2 5 1 7 1 4 15 |5 6 4 2 4 1 15 2 17 4 2 13 1 1 6 1 |13 17 10 10 3 2 7 17 10 18 25 4 7 25 170 267 |1 1 1 3 14 11 1 7 1 18 19 4 8 7 66 191 |21 1 2 3 2 8 4 13 5 1 1 1 1 4 5 8 |
3273: 1 1 16 1 6 17 3 1 7 1 1 3 10 1 4 8 |7 5 3 8 1 1 1 1 9 3 10 12 21 1 1 6 |6 12 16 8 1 1 4 20 3 1 1 1 9 5 10 1 |1 1 9 1 16 1 1 12 2 14 14 6 9 10 22 3 |1 1 1 9 17 1 10 1 7 16 13 1 14 10 1 23 |3 7 4 7 3 4 1 13 1 1 4 1 9 14 1 11 |7 6 9 1 6 1 1 12 9 1 17 3 17 1 15 2 |2 2 1 1 7 1 1 19 13 2 5 1 7 1 4 15 |5 6 4 2 4 1 15 2 17 4 2 13 1 1 6 1 |13 17 10 10 3 2 7 17 10 18 25 4 7 25 170 267 |1 1 1 3 14 11 1 7 1 18 19 4 8 7 66 191 |21 1 2 3 2 8 4 13 5 1 1 1 1 4 5 8 |
3284: 1 1 16 1 6 17 3 1 7 1 1 3 10 1 4 8 |7 5 3 8 1 1 1 1 9 3 10 12 21 1 1 6 |5 14 16 7 11 5 8 19 3 1 1 1 1 10 8 5 |1 1 9 1 16 1 1 12 2 14 14 6 9 10 22 3 |1 1 1 9 17 1 10 1 7 16 13 1 14 10 1 23 |3 7 4 7 3 4 1 13 1 1 4 1 9 14 1 11 |7 6 9 1 6 1 1 12 9 1 17 3 17 1 15 2 |2 2 1 1 7 1 1 19 13 2 5 1 7 1 4 15 |5 6 4 2 4 1 15 2 17 4 2 13 1 1 6 1 |13 17 10 10 3 2 7 17 10 18 25 4 7 25 170 267 |1 1 1 3 14 11 1 7 1 18 19 4 8 7 66 191 |21 1 2 3 2 8 4 13 5 1 1 1 1 4 5 8 |
3295: 1 1 16 1 6 17 3 1 7 1 1 3 10 1 4 8 |7 5 3 8 1 1 1 1 9 3 10 12 21 1 1 6 |5 14 16 7 11 5 8 19 3 1 1 1 1 10 8 5 |1 1 9 1 16 1 1 12 2 14 14 6 9 10 22 3 |1 1 1 9 17 1 10 1 7 16 13 1 14 10 1 23 |3 7 4 7 3 4 1 13 1 1 4 1 9 14 1 11 |7 6 9 1 6 1 1 12 9 1 17 3 17 1 15 2 |2 2 1 1 7 1 1 19 13 2 5 1 7 1 4 15 |5 6 4 2 4 1 15 2 17 4 2 13 1 1 6 1 |13 17 10 10 3 2 7 17 10 18 25 4 7 25 170 267 |1 1 1 3 14 11 1 7 1 18 19 4 8 7 66 191 |20 1 1 2 1 8 4 14 15 1 1 12 1 1 7 18 |
3306: 1 1 16 1 6 17 3 1 7 1 1 3 10 1 4 8 |7 5 3 8 1 1 1 1 9 3 10 12 21 1 1 6 |5 14 16 7 11 5 8 19 3 1 1 1 1 10 8 5 |1 1 9 1 16 1 1 12 2 14 14 6 9 10 22 3 |1 1 1 9 17 1 10 1 7 16 13 1 14 10 1 23 |3 7 4 7 3 4 1 13 1 1 4 1 9 14 1 11 |7 6 9 1 6 1 1 12 9 1 17 3 17 1 15 2 |2 2 1 1 7 1 1 19 13 2 5 1 7 1 4 15 |5 6 4 2 4 1 15 2 17 4 2 13 1 1 6 1 |13 17 10 10 3 2 7 17 10 18 25 4 7 25 170 267 |1 1 1 3 14 11 1 7 1 18 19 4 8 7 66 191 |20 1 1 2 1 8 4 14 15 1 1 12 1 1 7 18 |
3317: 1 1 16 1 6 17 3 1 7 1 1 3 10 1 4 8 |7 5 3 8 1 1 1 1 9 3 10 12 21 1 1 6 |5 14 16 7 11 5 8 19 3 1 1 1 1 10 8 5 |1 1 9 1 16 1 1 12 2 14 14 6 9 10 22 3 |1 2 1 9 17 1 10 1 8 15 14 1 8 10 1 23 |3 7 4 7 3 4 1 13 1 1 4 1 9 14 1 11 |7 6 9 1 6 1 1 12 9 1 17 3 17 1 15 2 |2 2 1 1 7 1 1 19 13 2 5 1 7 1 4 15 |5 6 4 2 4 1 15 2 17 4 2 13 1 1 6 1 |13 17 10 10 3 2 7 17 10 18 25 4 7 25 170 267 |1 1 1 3 14 11 1 7 1 18 19 4 8 7 66 191 |20 1 1 2 1 8 4 14 15 1 1 12 1 1 7 18 |
3328: 1 1 16 1 6 17 3 1 7 1 1 3 10 1 4 8 |7 5 3 8 1 1 1 1 9 3 10 12 21 1 1 6 |5 14 16 7 11 5 8 19 3 1 1 1 1 10 8 5 |1 1 9 1 16 1 1 12 2 14 14 6 9 10 22 3 |1 2 1 9 17 1 10 1 8 15 14 1 8 10 1 23 |2 13 4 8 1 13 1 14 9 1 1 1 11 11 1 11 |7 6 9 1 6 1 1 12 9 1 17 3 17 1 15 2 |2 2 1 1 7 1 1 19 13 2 5 1 7 1 4 15 |5 6 4 2 4 1 15 2 17 4 2 13 1 1 6 1 |13 17 10 10 3 2 7 17 10 18 25 4 7 25 170 267 |1 1 1 3 14 11 1 7 1 18 19 4 8 7 66 191 |20 1 1 2 1 8 4 14 15 1 1 12 1 1 7 18 |
3339: 1 1 16 1 6 17 3 1 7 1 1 3 10 1 4 8 |7 5 3 8 1 1 1 1 9 3 10 12 21 1 1 6 |5 14 16 7 11 5 8 19 3 1 1 1 1 10 8 5 |1 1 9 1 16 1 1 12 2 14 14 6 9 10 22 3 |1 2 1 9 17 1 10 1 8 15 14 1 8 10 1 23 |2 13 4 8 1 13 1 14 9 1 1 1 11 11 1 11 |7 6 9 1 6 1 1 12 9 1 17 3 17 1 15 2 |2 2 1 1 7 1 1 19 13 2 5 1 7 1 4 15 |5 6 4 2 4 1 15 2 17 4 2 13 1 1 6 1 |13 17 10 10 3 2 7 17 10 18 25 4 7 25 170 267 |1 1 1 3 14 11 1 7 1 18 19 4 8 7 66 191 |20 1 1 2 1 8 4 14 15 1 1 12 1 1 7 18 |
3350: 1 1 16 1 6 17 3 1 7 1 1 3 10 1 4 8 |7 5 3 8 1 1 1 1 9 3 10 12 21 1 1 6 |5 14 16 7 11 5 8 19 3 1 1 1 1 10 8 5 |1 4 15 1 16 1 1 15 11 15 15 7 9 10 11 9 |1 2 1 9 17 1 10 1 8 15 14 1 8 10 1 23 |2 13 4 8 1 13 1 14 9 1 1 1 11 11 1 11 |7 6 9 1 6 1 1 12 9 1 17 3 17 1 15 2 |2 2 1 1 7 1 1 19 13 2 5 1 7 1 4 15 |5 6 4 2 4 1 15 2 17 4 2 13 1 1 6 1 |13 17 10 10 3 2 7 17 10 18 25 4 7 25 170 267 |1 1 1 3 14 11 1 7 1 18 19 4 8 7 66 191 |20 1 1 2 1 8 4 14 15 1 1 12 1 1 7 18 |
3361: 1 1 16 1 6 17 3 1 7 1 1 3 10 1 4 8 |7 5 3 8 1 1 1 1 9 3 10 12 21 1 1 6 |5 14 16 7 11 5 8 19 3 1 1 1 1 10 8 5 |1 4 15 1 16 1 1 15 11 15 15 7 9 10 11 9 |1 2 1 9 17 1 10 1 8 15 14 1 8 10 1 23 |2 13 4 8 1 13 1 14 9 1 1 1 11 11 1 11 |7 6 9 1 6 1 1 12 9 1 17 3 17 1 15 2 |2 2 1 1 7 1 1 19 13 2 5 1 7 1 4 15 |5 6 4 2 4 1 15 2 17 4 2 13 1 1 6 1 |13 17 10 10 3 2 7 17 10 18 25 4 7 25 170 267 |1 1 1 3 14 11 1 7 1 18 19 4 8 7 66 191 |20 1 1 2 1 8 4 14 15 1 1 12 1 1 7 18 |
3372: 1 1 16 1 6 17 3 1 7 1 1 3 10 1 4 8 |7 5 3 8 1 1 1 1 9 3 10 12 21 1 1 6 |5 14 16 7 11 5 8 19 3 1 1 1 1 10 8 5 |1 4 15 1 16 1 1 15 11 15 15 7 9 10 11 9 |1 2 1 9 17 1 10 1 8 15 14 1 8 10 1 23 |2 13 4 8 1 13 1 14 9 1 1 1 11 11 1 11 |7 6 9 1 6 1 1 12 9 1 17 3 17 1 15 2 |2 2 1 1 7 1 1 19 13 2 5 1 7 1 4 15 |5 6 4 2 4 1 15 2 17 4 2 13 1 1 6 1 |13 17 10 10 3 2 7 17 10 18 25 4 7 25 170 267 |1 1 1 3 14 11 1 7 1 18 19 4 8 7 66 191 |20 1 1 2 1 8 4 14 15 1 1 12 1 1 7 18 |
3382: 1 1 16 1 6 17 3 1 7 1 1 3 10 1 4 8 |7 5 3 8 1 1 1 1 9 3 10 12 21 1 1 6 |5 14 16 7 11 5 8 19 3 1 1 1 1 10 8 5 |1 2 17 1 16 1 1 15 11 16 11 6 11 9 11 8 |1 2 1 9 17 1 10 1 8 15 14 1 8 10 1 23 |2 13 4 8 1 13 1 14 9 1 1 1 11 11 1 11 |7 6 9 1 6 1 1 12 9 1 17 3 17 1 15 2 |2 2 1 1 7 1 1 19 13 2 5 1 7 1 4 15 |5 6 4 2 4 1 15 2 17 4 2 13 1 1 6 1 |13 17 10 10 3 2 7 17 10 18 25 4 7 25 170 267 |1 1 1 3 14 11 1 7 1 18 19 4 8 7 66 191 |20 1 1 2 1 8 4 14 15 1 1 12 1 1 7 18 |
3393: 1 1 16 1 6 17 3 1 7 1 1 3 10 1 4 8 |7 5 3 8 1 1 1 1 9 3 10 12 21 1 1 6 |5 14 16 7 11 5 8 19 3 1 1 1 1 10 8 5 |1 2 17 1 16 1 1 15 11 16 11 6 11 9 11 8 |1 1 1 9 7 1 3 4 7 11 7 1 15 13 1 23 |2 13 4 8 1 13 1 14 9 1 1 1 11 11 1 11 |7 6 9 1 6 1 1 12 9 1 17 3 17 1 15 2 |2 2 1 1 7 1 1 19 13 2 5 1 7 1 4 15 |5 6 4 2 4 1 15 2 17 4 2 13 1 1 6 1 |13 17 10 10 3 2 7 17 10 18 25 4 7 25 170 267 |1 1 1 3 14 11 1 7 1 18 19 4 8 7 66 191 |20 1 1 2 1 8 4 14 15 1 1 12 1 1 7 18 |
3404: 1 1 16 1 6 17 3 1 7 1 1 3 10 1 4 8 |7 5 3 8 1 1 1 1 9 3 10 12 21 1 1 6 |5 14 16 7 11 5 8 19 3 1 1 1 1 10 8 5 |1 2 17 1 16 1 1 15 11 16 11 6 11 9 11 8 |1 1 1 9 7 1 3 4 7 11 7 1 15 13 1 23 |2 13 4 8 1 13 1 14 9 1 1 1 11 11 1 11 |7 6 9 1 6 1 1 12 9 1 17 3 17 1 15 2 |2 2 1 1 7 1 1 19 13 2 5 1 7 1 4 15 |5 6 4 2 4 1 15 2 17 4 2 13 1 1 6 1 |13 17 10 10 3 2 7 17 10 18 25 4 7 25 170 267 |1 1 1 3 14 11 1 7 1 18 19 4 8 7 66 191 |20 1 1 2 1 8 4 14 15 1 1 12 1 1 7 18 |
3415: 1 1 16 1 6 17 3 1 7 1 1 3 10 1 4 8 |14 4 1 7 2 1 1 1 14 14 1 15 19 1 6 18 |5 14 16 7 11 5 8 19 3 1 1 1 1 10 8 5 |1 2 17 1 16 1 1 15 11 16 11 6 11 9 11 8 |1 1 1 9 7 1 3 4 7 11 7 1 15 13 1 23 |2 13 4 8 1 13 1 14 9 1 1 1 11 11 1 11 |7 6 9 1 6 1 1 12 9 1 17 3 17 1 15 2 |2 2 1 1 7 1 1 19 13 2 5 1 7 1 4 15 |5 6 4 2 4 1 15 2 17 4 2 13 1 1 6 1 |13 17 10 10 3 2 7 17 10 18 25 4 7 25 170 267 |1 1 1 3 14 11 1 7 1 18 19 4 8 7 66 191 |20 1 1 2 1 8 4 14 15 1 1 12 1 1 7 18 |
3426: 1 1 16 1 6 17 3 1 7 1 1 3 10 1 4 8 |14 4 1 7 2 1 1 1 14 14 1 15 19 1 6 18 |6 13 16 6 12 1 17 21 7 1 11 4 7 1 7 1 |1 2 17 1 16 1 1 15 11 16 11 6 11 9 11 8 |1 1 1 9 7 1 3 4 7 11 7 1 15 13 1 23 |2 13 4 8 1 13 1 14 9 1 1 1 11 11 1 11 |7 6 9 1 6 1 1 12 9 1 17 3 17 1 15 2 |2 2 1 1 7 1 1 19 13 2 5 1 7 1 4 15 |5 6 4 2 4 1 15 2 17 4 2 13 1 1 6 1 |13 17 10 10 3 2 7 17 10 18 25 4 7 25 170 267 |1 1 1 3 14 11 1 7 1 18 19 4 8 7 66 191 |20 1 1 2 1 8 4 14 15 1 1 12 1 1 7 18 |
3437: 1 1 16 1 6 17 3 1 7 1 1 3 10 1 4 8 |14 4 1 7 2 1 1 1 14 14 1 15 19 1 6 18 |6 13 16 6 12 1 17 21 7 1 11 4 7 1 7 1 |1 2 17 1 16 1 1 15 11 16 11 6 11 9 11 8 |1 1 1 9 7 1 3 4 7 11 7 1 15 13 1 23 |2 13 4 8 1 13 1 14 9 1 1 1 11 11 1 11 |7 6 9 1 6 1 1 12 9 1 17 3 17 1 15 2 |2 2 1 1 7 1 1 19 13 2 5 1 7 1 4 15 |5 6 4 2 4 1 15 2 17 4 2 13 1 1 6 1 |13 17 10 10 3 2 7 17 10 18 25 4 7 25 170 267 |1 1 1 3 14 11 1 7 1 18 19 4 8 7 66 191 |20 1 1 2 1 8 4 14 15 1 1 12 1 1 7 18 |
3448: 1 1 16 1 6 17 3 1 7 1 1 3 10 1 4 8 |14 4 1 7 2 1 1 1 14 14 1 15 19 1 6 18 |5 15 16 13 8 1 5 20 8 1 1 1 7 5 1 4 |1 2 17 1 16 1 1 15 11 16 11 6 11 9 11 8 |1 1 1 9 7 1 3 4 7 11 7 1 15 13 1 23 |2 13 4 8 1 13 1 14 9 1 1 1 11 11 1 11 |7 6 9 1 6 1 1 12 9 1 17 3 17 1 15 2 |2 2 1 1 7 1 1 19 13 2 5 1 7 1 4 15 |5 6 4 2 4 1 15 2 17 4 2 13 1 1 6 1 |13 17 10 10 3 2 7 17 10 18 25 4 7 25 170 267 |1 1 1 3 14 11 1 7 1 18 19 4 8 7 66 191 |20 1 1 2 1 8 4 14 15 1 1 12 1 1 7 18 |
3459: 1 1 16 1 6 17 3 1 7 1 1 3 10 1 4 8 |14 4 1 7 2 1 1 1 14 14 1 15 19 1 6 18 |5 15 16 13 8 1 5 20 8 1 1 1 7 5 1 4 |1 2 17 1 16 1 1 15 11 16 11 6 11 9 11 8 |1 1 1 9 7 1 3 4 7 11 7 1 15 13 1 23 |2 13 4 8 1 13 1 14 9 1 1 1 11 11 1 11 |7 6 9 1 6 1 1 12 9 1 17 3 17 1 15 2 |2 2 1 1 7 1 1 19 13 2 5 1 7 1 4 15 |5 6 4 2 4 1 15 2 17 4 2 13 1 1 6 1 |13 17 10 10 3 2 7 17 10 18 25 4 7 25 170 267 |2 1 10 5 14 14 3 7 1 15 16 1 8 1 1 17 |20 1 1 2 1 8 4 14 15 1 1 12 1 1 7 18 |
3470: 1 1 16 1 6 17 3 1 7 1 1 3 10 1 4 8 |14 4 1 7 2 1 1 1 14 14 1 15 19 1 6 18 |5 15 16 13 8 1 5 20 8 1 1 1 7 5 1 4 |1 2 17 1 16 1 1 15 11 16 11 6 11 9 11 8 |1 1 1 9 7 1 3 4 7 11 7 1 15 13 1 23 |2 13 4 8 1 13 1 14 9 1 1 1 11 11 1 11 |7 6 9 1 6 1 1 12 9 1 17 3 17 1 15 2 |2 2 1 1 7 1 1 19 13 2 5 1 7 1 4 15 |5 6 4 2 4 1 15 2 17 4 2 13 1 1 6 1 |13 17 10 10 3 2 7 17 10 18 25 4 7 25 170 267 |2 1 10 5 14 14 3 7 1 15 16 1 8 1 1 17 |20 1 1 2 1 8 4 14 15 1 1 12 1 1 7 18 |
3481: 1 1 16 1 6 17 3 1 7 1 1 3 10 1 4 8 |14 4 1 7 2 1 1 1 14 14 1 15 19 1 6 18 |5 15 16 13 8 1 5 20 8 1 1 1 7 5 1 4 |1 2 17 1 16 1 1 15 11 16 11 6 11 9 11 8 |1 1 1 9 7 1 3 4 7 11 7 1 15 13 1 23 |2 13 4 8 1 13 1 14 9 1 1 1 11 11 1 11 |7 6 9 1 6 1 1 12 9 1 17 3 17 1 15 2 |2 2 1 1 7 1 1 19 13 2 5 1 7 1 4 15 |5 6 4 2 4 1 15 2 17 4 2 13 1 1 6 1 |13 17 10 10 3 2 7 17 10 18 25 4 7 25 170 267 |2 1 10 5 14 14 3 7 1 15 16 1 8 1 1 17 |20 1 1 2 1 8 4 14 15 1 1 12 1 1 7 18 |
3492: 1 1 16 1 6 17 3 1 7 1 1 3 10 1 4 8 |14 4 1 7 2 1 1 1 14 14 1 15 19 1 6 18 |5 15 16 13 8 1 5 20 8 1 1 1 7 5 1 4 |1 2 17 1 16 1 1 15 11 16 11 6 11 9 11 8 |1 1 1 9 7 1 3 4 7 11 7 1 15 13 1 23 |2 13 4 8 1 13 1 14 9 1 1 1 11 11 1 11 |7 6 9 1 6 1 1 12 9 1 17 3 17 1 15 2 |2 2 1 1 7 1 1 19 13 2 5 1 7 1 4 15 |5 6 4 2 4 1 15 2 17 4 2 13 1 1 6 1 |13 17 10 10 3 2 7 17 10 18 25 4 7 25 170 267 |2 1 8 7 1 13 3 7 1 15 15 1 9 1 4 16 |20 1 1 2 1 8 4 14 15 1 1 12 1 1 7 18 |
3503: 1 1 16 1 6 17 3 1 7 1 1 3 10 1 4 8 |14 4 1 7 2 1 1 1 14 14 1 15 19 1 6 18 |5 15 16 13 8 1 5 20 8 1 1 1 7 5 1 4 |1 2 17 1 16 1 1 15 11 16 11 6 11 9 11 8 |1 1 1 9 7 1 3 4 7 11 7 1 15 13 1 23 |2 13 4 8 1 13 1 14 9 1 1 1 11 11 1 11 |7 6 9 1 6 1 1 12 9 1 17 3 17 1 15 2 |2 2 1 1 7 1 1 19 13 2 5 1 7 1 4 15 |5 6 4 2 4 1 15 2 17 4 2 13 1 1 6 1 |13 17 10 10 3 2 7 17 10 18 25 4 7 25 170 267 |2 1 8 7 1 13 3 7 1 15 15 1 9 1 4 16 |20 1 1 2 1 8 4 14 15 1 1 12 1 1 7 18 |
3514: 1 1 16 1 6 17 3 1 7 1 1 3 10 1 4 8 |14 4 1 7 2 1 1 1 14 14 1 15 19 1 6 18 |5 15 16 13 8 1 5 20 8 1 1 1 7 5 1 4 |1 2 17 1 16 1 1 15 11 16 11 6 11 9 11 8 |1 1 1 9 7 1 3 4 7 11 7 1 15 13 1 23 |2 13 4 8 1 13 1 14 9 1 1 1 11 11 1 11 |7 6 9 1 6 1 1 12 9 1 17 3 17 1 15 2 |2 2 1 1 7 1 1 19 13 2 5 1 7 1 4 15 |5 6 4 2 4 1 15 2 17 4 2 13 1 1 6 1 |13 17 10 10 3 2 7 17 10 18 25 4 7 25 170 267 |2 1 8 7 1 13 3 7 1 15 15 1 9 1 4 16 |20 1 1 2 1 8 4 14 15 1 1 12 1 1 7 18 |
3525: 1 1 16 1 6 17 3 1 7 1 1 3 10 1 4 8 |14 4 1 7 2 1 1 1 14 14 1 15 19 1 6 18 |5 15 16 13 8 1 5 20 8 1 1 1 7 5 1 4 |1 2 17 1 16 1 1 15 11 16 11 6 11 9 11 8 |1 1 1 9 7 1 3 4 7 11 7 1 15 13 1 23 |2 13 4 8 1 13 1 14 9 1 1 1 11 11 1 11 |7 6 9 1 6 1 1 12 9 1 17 3 17 1 15 2 |2 2 1 1 7 1 1 19 13 2 5 1 7 1 4 15 |5 6 4 2 4 1 15 2 17 4 2 13 1 1 6 1 |1 11 11 3 3 7 1 7 1 9 16 1 7 8 16 5 |2 1 8 7 1 13 3 7 1 15 15 1 9 1 4 16 |20 1 1 2 1 8 4 14 15 1 1 12 1 1 7 18 |
3536: 1 1 16 1 6 17 3 1 7 1 1 3 10 1 4 8 |14 4 1 7 2 1 1 1 14 14 1 15 19 1 6 18 |5 15 16 13 8 1 5 20 8 1 1 1 7 5 1 4 |1 2 17 1 16 1 1 15 11 16 11 6 11 9 11 8 |1 1 1 9 7 1 3 4 7 11 7 1 15 13 1 23 |2 13 4 8 1 13 1 14 9 1 1 1 11 11 1 11 |7 6 9 1 6 1 1 12 9 1 17 3 17 1 15 2 |2 2 1 1 7 1 1 19 13 2 5 1 7 1 4 15 |5 6 4 2 4 1 15 2 17 4 2 13 1 1 6 1 |1 11 11 3 3 7 1 7 1 9 16 1 7 8 16 5 |2 1 8 7 1 13 3 7 1 15 15 1 9 1 4 16 |20 1 1 2 1 8 4 14 15 1 1 12 1 1 7 18 |
3547: 1 1 16 1 6 17 3 1 7 1 1 3 10 1 4 8 |14 4 1 7 2 1 1 1 14 14 1 15 19 1 6 18 |5 15 16 13 8 1 5 20 8 1 1 1 7 5 1 4 |1 2 17 1 16 1 1 15 11 16 11 6 11 9 11 8 |1 1 1 9 7 1 3 4 7 11 7 1 15 13 1 23 |2 13 4 8 1 13 1 14 9 1 1 1 11 11 1 11 |7 6 9 1 6 1 1 12 9 1 17 3 17 1 15 2 |2 2 1 1 7 1 1 19 13 2 5 1 7 1 4 15 |5 6 4 2 4 1 15 2 17 4 2 13 1 1 6 1 |1 11 11 3 3 7 1 7 1 9 16 1 7 8 16 5 |2 1 8 7 1 13 3 7 1 15 15 1 9 1 4 16 |20 1 1 2 1 8 4 14 15 1 1 12 1 1 7 18 |
3558: 1 1 16 1 6 17 3 1 7 1 1 3 10 1 4 8 |14 4 1 7 2 1 1 1 14 14 1 15 19 1 6 18 |5 15 16 13 8 1 5 20 8 1 1 1 7 5 1 4 |1 2 17 1 16 1 1 15 11 16 11 6 11 9 11 8 |1 1 1 9 7 1 3 4 7 11 7 1 15 13 1 23 |2 13 4 8 1 13 1 14 9 1 1 1 11 11 1 11 |7 6 9 1 6 1 1 12 9 1 17 3 17 1 15 2 |2 2 1 1 7 1 1 19 13 2 5 1 7 1 4 15 |5 6 4 2 4 1 15 2 17 4 2 13 1 1 6 1 |1 10 11 3 1 7 1 8 2 7 16 1 7 7 17 5 |2 1 8 7 1 13 3 7 1 15 15 1 9 1 4 16 |20 1 1 2 1 8 4 14 15 1 1 12 1 1 7 18 |
3569: 1 1 16 1 6 17 3 1 7 1 1 3 10 1 4 8 |14 4 1 7 2 1 1 1 14 14 1 15 19 1 6 18 |5 15 16 13 8 1 5 20 8 1 1 1 7 5 1 4 |1 2 17 1 16 1 1 15 11 16 11 6 11 9 11 8 |1 1 1 9 7 1 3 4 7 11 7 1 15 13 1 23 |2 13 4 8 1 13 1 14 9 1 1 1 11 11 1 11 |7 6 9 1 6 1 1 12 9 1 17 3 17 1 15 2 |2 2 1 1 7 1 1 19 13 2 5 1 7 1 4 15 |5 6 4 2 4 1 15 2 17 4 2 13 1 1 6 1 |1 10 11 3 1 7 1 8 2 7 16 1 7 7 17 5 |2 1 8 7 1 13 3 7 1 15 15 1 9 1 4 16 |20 1 1 2 1 8 4 14 15 1 1 12 1 1 7 18 |
3580: 1 1 16 1 6 17 3 1 7 1 1 3 10 1 4 8 |14 4 1 7 2 1 1 1 14 14 1 15 19 1 6 18 |5 15 16 13 8 1 5 20 8 1 1 1 7 5 1 4 |1 2 17 1 16 1 1 15 11 16 11 6 11 9 11 8 |1 1 1 9 7 1 3 4 7 11 7 1 15 13 1 23 |2 13 4 8 1 13 1 14 9 1 1 1 11 11 1 11 |7 6 9 1 6 1 1 12 9 1 17 3 17 1 15 2 |2 2 1 1 7 1 1 19 13 2 5 1 7 1 4 15 |5 6 4 2 4 1 15 2 17 4 2 13 1 1 6 1 |1 10 11 3 1 7 1 8 2 7 16 1 7 7 17 5 |2 1 8 7 1 13 3 7 1 15 15 1 9 1 4 16 |20 1 1 2 1 8 4 14 15 1 1 12 1 1 7 18 |
3591: 1 1 16 1 6 17 3 1 7 1 1 3 10 1 4 8 |14 4 1 7 2 1 1 1 14 14 1 15 19 1 6 18 |5 15 16 13 8 1 5 20 8 1 1 1 7 5 1 4 |1 2 17 1 16 1 1 15 11 16 11 6 11 9 11 8 |1 1 1 9 7 1 3 4 7 11 7 1 15 13 1 23 |2 13 4 8 1 13 1 14 9 1 1 1 11 11 1 11 |7 6 9 1 6 1 1 12 9 1 17 3 17 1 15 2 |2 2 1 1 7 1 1 19 13 2 5 1 7 1 4 15 |5 6 4 2 4 1 15 2 17 4 2 13 1 1 6 1 |1 10 11 3 1 7 1 8 2 7 16 1 7 7 17 5 |3 1 8 8 3 1 4 6 1 15 16 1 9 1 7 1 |20 1 1 2 1 8 4 14 15 1 1 12 1 1 7 18 |
3602: 1 1 16 1 6 17 3 1 7 1 1 3 10 1 4 8 |14 4 1 7 2 1 1 1 14 14 1 15 19 1 6 18 |5 15 16 13 8 1 5 20 8 1 1 1 7 5 1 4 |1 2 17 1 16 1 1 15 11 16 11 6 11 9 11 8 |1 1 1 9 7 1 3 4 7 11 7 1 15 13 1 23 |2 13 4 8 1 13 1 14 9 1 1 1 11 11 1 11 |7 6 9 1 6 1 1 12 9 1 17 3 17 1 15 2 |2 2 1 1 7 1 1 19 13 2 5 1 7 1 4 15 |5 6 4 2 4 1 15 2 17 4 2 13 1 1 6 1 |1 10 11 3 1 7 1 8 2 7 16 1 7 7 17 5 |3 1 8 8 3 1 4 6 1 15 16 1 9 1 7 1 |20 1 1 2 1 8 4 14 15 1 1 12 1 1 7 18 |
3613: 1 1 16 1 6 17 3 1 7 1 1 3 10 1 4 8 |14 4 1 7 2 1 1 1 14 14 1 15 19 1 6 18 |5 15 16 13 8 1 5 20 8 1 1 1 7 5 1 4 |1 2 17 1 16 1 1 15 11 16 11 6 11 9 11 8 |1 1 1 9 7 1 3 4 7 11 7 1 15 13 1 23 |2 13 4 8 1 13 1 14 9 1 1 1 11 11 1 11 |7 6 9 1 6 1 1 12 9 1 17 3 17 1 15 2 |2 2 1 1 7 1 1 19 13 2 5 1 7 1 4 15 |5 6 4 2 4 1 15 2 17 4 2 13 1 1 6 1 |1 10 11 3 1 7 1 8 2 7 16 1 7 7 17 5 |3 1 8 8 3 1 4 6 1 15 16 1 9 1 7 1 |20 1 1 2 1 8 4 14 15 1 1 12 1 1 7 18 |
3624: 1 8 15 1 3 3 9 1 1 1 1 4 11 2 18 7 |14 4 1 7 2 1 1 1 14 14 1 15 19 1 6 18 |5 15 16 13 8 1 5 20 8 1 1 1 7 5 1 4 |1 2 17 1 16 1 1 15 11 16 11 6 11 9 11 8 |1 1 1 9 7 1 3 4 7 11 7 1 15 13 1 23 |2 13 4 8 1 13 1 14 9 1 1 1 11 11 1 11 |7 6 9 1 6 1 1 12 9 1 17 3 17 1 15 2 |2 2 1 1 7 1 1 19 13 2 5 1 7 1 4 15 |5 6 4 2 4 1 15 2 17 4 2 13 1 1 6 1 |1 10 11 3 1 7 1 8 2 7 16 1 7 7 17 5 |3 1 8 8 3 1 4 6 1 15 16 1 9 1 7 1 |20 1 1 2 1 8 4 14 15 1 1 12 1 1 7 18 |
3635: 1 8 15 1 3 3 9 1 1 1 1 4 11 2 18 7 |14 4 1 7 2 1 1 1 14 14 1 15 19 1 6 18 |5 15 16 13 8 1 5 20 8 1 1 1 7 5 1 4 |1 2 17 1 16 1 1 15 11 16 11 6 11 9 11 8 |1 1 1 9 7 1 3 4 7 11 7 1 15 13 1 23 |2 13 4 8 1 13 1 14 9 1 1 1 11 11 1 11 |7 6 9 1 6 1 1 12 9 1 17 3 17 1 15 2 |2 2 1 1 7 1 1 19 13 2 5 1 7 1 4 15 |5 6 4 2 4 1 15 2 17 4 2 13 1 1 6 1 |1 10 11 3 1 7 1 8 2 7 16 1 7 7 17 5 |3 1 8 8 3 1 4 6 1 15 16 1 9 1 7 1 |20 1 1 2 1 8 4 14 15 1 1 12 1 1 7 18 |
3646: 1 8 15 1 3 3 9 1 1 1 1 4 11 2 18 7 |14 4 1 7 2 1 1 1 14 14 1 15 19 1 6 18 |5 15 16 13 8 1 5 20 8 1 1 1 7 5 1 4 |1 2 17 1 16 1 1 15 11 16 11 6 11 9 11 8 |1 1 1 9 7 1 3 4 7 11 7 1 15 13 1 23 |2 13 4 8 1 13 1 14 9 1 1 1 11 11 1 11 |7 6 9 1 6 1 1 12 9 1 17 3 17 1 15 2 |2 2 1 1 7 1 1 19 13 2 5 1 7 1 4 15 |5 6 4 2 4 1 15 2 17 4 2 13 1 1 6 1 |1 10 11 3 1 7 1 8 2 7 16 1 7 7 17 5 |3 1 8 8 3 1 4 6 1 15 16 1 9 1 7 1 |20 1 1 2 1 8 4 14 15 1 1 12 1 1 7 18 |
3657: 1 8 15 1 3 3 9 1 1 1 1 4 11 2 18 7 |14 4 1 7 2 1 1 1 14 14 1 15 19 1 6 18 |5 15 16 13 8 1 5 20 8 1 1 1 7 5 1 4 |1 2 17 1 16 1 1 15 11 16 11 6 11 9 11 8 |1 1 1 9 7 1 3 4 7 11 7 1 15 13 1 23 |2 13 4 8 1 13 1 14 9 1 1 1 11 11 1 11 |7 6 9 1 6 1 1 12 9 1 17 3 17 1 15 2 |2 2 1 1 7 1 1 19 13 2 5 1 7 1 4 15 |5 6 4 2 4 1 15 2 17 4 2 13 1 1 6 1 |1 10 12 8 3 7 1 7 1 9 17 6 1 12 25 17 |3 1 8 8 3 1 4 6 1 15 16 1 9 1 7 1 |20 1 1 2 1 8 4 14 15 1 1 12 1 1 7 18 |
3668: 1 8 15 1 3 3 9 1 1 1 1 4 11 2 18 7 |14 4 1 7 2 1 1 1 14 14 1 15 19 1 6 18 |5 15 16 13 8 1 5 20 8 1 1 1 7 5 1 4 |1 2 17 1 16 1 1 15 11 16 11 6 11 9 11 8 |1 1 1 9 7 1 3 4 7 11 7 1 15 13 1 23 |2 13 4 8 1 13 1 14 9 1 1 1 11 11 1 11 |7 6 9 1 6 1 1 12 9 1 17 3 17 1 15 2 |2 2 1 1 7 1 1 19 13 2 5 1 7 1 4 15 |5 6 4 2 4 1 15 2 17 4 2 13 1 1 6 1 |1 10 12 8 3 7 1 7 1 9 17 6 1 12 25 17 |3 1 8 8 3 1 4 6 1 15 16 1 9 1 7 1 |20 1 1 2 1 8 4 14 15 1 1 12 1 1 7 18 |
3679: 1 8 15 1 3 3 9 1 1 1 1 4 11 2 18 7 |14 4 1 7 2 1 1 1 14 14 1 15 19 1 6 18 |5 15 16 13 8 1 5 20 8 1 1 1 7 5 1 4 |1 2 17 1 16 1 1 15 11 16 11 6 11 9 11 8 |1 1 1 9 7 1 3 4 7 11 7 1 15 13 1 23 |2 13 4 8 1 13 1 14 9 1 1 1 11 11 1 11 |7 6 9 1 6 1 1 12 9 1 17 3 17 1 15 2 |2 2 1 1 7 1 1 19 13 2 5 1 7 1 4 15 |5 6 4 2 4 1 15 2 17 4 2 13 1 1 6 1 |1 10 12 8 3 7 1 7 1 9 17 6 1 12 25 17 |3 1 8 8 3 1 4 6 1 15 16 1 9 1 7 1 |20 1 1 2 1 8 4 14 15 1 1 12 1 1 7 18 |
3690: 1 8 15 1 3 3 9 1 1 1 1 4 11 2 18 7 |14 4 1 7 2 1 1 1 14 14 1 15 19 1 6 18 |5 15 16 13 8 1 5 20 8 1 1 1 7 5 1 4 |1 2 17 1 16 1 1 15 11 16 11 6 11 9 11 8 |1 1 1 9 7 1 3 4 7 11 7 1 15 13 1 23 |2 13 4 8 1 13 1 14 9 1 1 1 11 11 1 11 |7 6 9 1 6 1 1 12 9 1 17 3 17 1 15 2 |2 2 1 1 7 1 1 19 13 2 5 1 7 1 4 15 |5 6 4 2 4 1 15 2 17 4 2 13 1 1 6 1 |1 10 12 8 3 7 1 7 1 9 17 6 1 12 25 17 |3 1 8 8 3 1 4 6 1 15 16 1 9 1 7 1 |20 1 1 2 1 1 1 13 4 1 1 7 2 2 1 1 |
3701: 1 8 15 1 3 3 9 1 1 1 1 4 11 2 18 7 |14 4 1 7 2 1 1 1 14 14 1 15 19 1 6 18 |5 15 16 13 8 1 5 20 8 1 1 1 7 5 1 4 |1 2 17 1 16 1 1 15 11 16 11 6 11 9 11 8 |1 1 1 9 7 1 3 4 7 11 7 1 15 13 1 23 |2 13 4 8 1 13 1 14 9 1 1 1 11 11 1 11 |7 6 9 1 6 1 1 12 9 1 17 3 17 1 15 2 |2 2 1 1 7 1 1 19 13 2 5 1 7 1 4 15 |5 6 4 2 4 1 15 2 17 4 2 13 1 1 6 1 |1 10 12 8 3 7 1 7 1 9 17 6 1 12 25 17 |3 1 8 8 3 1 4 6 1 15 16 1 9 1 7 1 |20 1 1 2 1 1 1 13 4 1 1 7 2 2 1 1 |
3712: 1 8 15 1 3 3 9 1 1 1 1 4 11 2 18 7 |14 4 1 7 2 1 1 1 14 14 1 15 19 1 6 18 |1 21 12 6 12 2 16 20 4 1 6 1 1 1 11 2 |1 2 17 1 16 1 1 15 11 16 11 6 11 9 11 8 |1 1 1 9 7 1 3 4 7 11 7 1 15 13 1 23 |2 13 4 8 1 13 1 14 9 1 1 1 11 11 1 11 |7 6 9 1 6 1 1 12 9 1 17 3 17 1 15 2 |2 2 1 1 7 1 1 19 13 2 5 1 7 1 4 15 |5 6 4 2 4 1 15 2 17 4 2 13 1 1 6 1 |1 10 12 8 3 7 1 7 1 9 17 6 1 12 25 17 |3 1 8 8 3 1 4 6 1 15 16 1 9 1 7 1 |20 1 1 2 1 1 1 13 4 1 1 7 2 2 1 1 |
3723: 1 8 15 1 3 3 9 1 1 1 1 4 11 2 18 7 |14 4 1 7 2 1 1 1 14 14 1 15 19 1 6 18 |1 21 12 6 12 2 16 20 4 1 6 1 1 1 11 2 |1 2 17 1 16 1 1 15 11 16 11 6 11 9 11 8 |1 1 1 9 7 1 3 4 7 11 7 1 15 13 1 23 |2 13 4 8 1 13 1 14 9 1 1 1 11 11 1 11 |7 6 9 1 6 1 1 12 9 1 17 3 17 1 15 2 |2 2 1 1 7 1 1 19 13 2 5 1 7 1 4 15 |5 6 4 2 4 1 15 2 17 4 2 13 1 1 6 1 |1 10 12 8 3 7 1 7 1 9 17 6 1 12 25 17 |3 1 8 8 14 8 4 6 1 13 16 1 10 2 14 25 |20 1 1 2 1 1 1 13 4 1 1 7 2 2 1 1 |
3734: 1 8 15 1 3 3 9 1 1 1 1 4 11 2 18 7 |14 4 1 7 2 1 1 1 14 14 1 15 19 1 6 18 |1 21 12 6 12 2 16 20 4 1 6 1 1 1 11 2 |1 2 17 1 16 1 1 15 11 16 11 6 11 9 11 8 |1 1 1 9 7 1 3 4 7 11 7 1 15 13 1 23 |2 13 4 8 1 13 1 14 9 1 1 1 11 11 1 11 |7 6 9 1 6 1 1 12 9 1 17 3 17 1 15 2 |2 2 1 1 7 1 1 19 13 2 5 1 7 1 4 15 |5 6 4 2 4 1 15 2 17 4 2 13 1 1 6 1 |1 10 12 8 3 7 1 7 1 9 17 6 1 12 25 17 |3 1 8 8 14 8 4 6 1 13 16 1 10 2 14 25 |20 1 1 2 1 1 1 13 4 1 1 7 2 2 1 1 |
3745: 1 8 15 1 3 3 9 1 1 1 1 4 11 2 18 7 |14 4 1 7 2 1 1 1 14 14 1 15 19 1 6 18 |1 21 12 6 12 2 16 20 4 1 6 1 1 1 11 2 |1 2 17 1 16 1 1 15 11 16 11 6 11 9 11 8 |1 1 1 9 7 1 3 4 7 11 7 1 15 13 1 23 |2 13 4 8 1 13 1 14 9 1 1 1 11 11 1 11 |7 6 9 1 6 1 1 12 9 1 17 3 17 1 15 2 |2 2 1 1 7 1 1 19 13 2 5 1 7 1 4 15 |5 6 4 2 4 1 15 2 17 4 2 13 1 1 6 1 |1 10 12 8 3 7 1 7 1 9 17 6 1 12 25 17 |3 1 8 8 14 8 4 6 1 13 16 1 10 2 14 25 |20 1 1 2 1 1 1 13 4 1 1 7 2 2 1 1 |
3756: 1 8 15 1 3 3 9 1 1 1 1 4 11 2 18 7 |14 4 1 7 2 1 1 1 14 14 1 15 19 1 6 18 |1 21 12 6 12 2 16 20 4 1 6 1 1 1 11 2 |1 2 17 1 16 1 1 15 11 16 11 6 11 9 11 8 |1 1 1 9 7 1 3 4 7 11 7 1 15 13 1 23 |2 13 4 8 1 13 1 14 9 1 1 1 11 11 1 11 |7 6 9 1 6 1 1 12 9 1 17 3 17 1 15 2 |2 2 1 1 7 1 1 19 13 2 5 1 7 1 4 15 |5 6 4 2 4 1 15 2 17 4 2 13 1 1 6 1 |1 10 12 8 3 7 1 7 1 9 17 6 1 12 25 17 |3 1 8 8 14 8 4 6 1 13 16 1 10 2 14 25 |20 1 1 2 1 1 1 13 4 1 1 7 2 2 1 1 |
3766: 1 8 15 1 3 3 9 1 1 1 1 4 11 2 18 7 |14 4 1 7 2 1 1 1 14 14 1 15 19 1 6 18 |1 21 12 6 12 2 16 20 4 1 6 1 1 1 11 2 |1 2 17 1 16 1 1 15 11 16 11 6 11 9 11 8 |1 1 1 9 7 1 3 4 7 11 7 1 15 13 1 23 |2 13 4 8 1 13 1 14 9 1 1 1 11 11 1 11 |7 6 9 1 6 1 1 12 9 1 17 3 17 1 15 2 |2 2 1 1 7 1 1 19 13 2 5 1 7 1 4 15 |5 6 4 2 4 1 15 2 17 4 2 13 1 1 6 1 |1 10 12 8 3 7 1 7 1 9 17 6 1 12 25 17 |3 1 8 8 14 8 4 6 1 13 16 1 10 2 14 25 |20 1 1 2 1 1 1 13 4 1 1 7 2 2 1 1 |
3777: 1 8 15 1 3 3 9 1 1 1 1 4 11 2 18 7 |14 4 1 7 2 1 1 1 14 14 1 15 19 1 6 18 |1 21 12 6 12 2 16 20 4 1 6 1 1 1 11 2 |1 4 16 1 17 1 1 16 11 15 5 7 8 13 20 1 |1 1 1 9 7 1 3 4 7 11 7 1 15 13 1 23 |2 13 4 8 1 13 1 14 9 1 1 1 11 11 1 11 |7 6 9 1 6 1 1 12 9 1 17 3 17 1 15 2 |2 2 1 1 7 1 1 19 13 2 5 1 7 1 4 15 |5 6 4 2 4 1 15 2 17 4 2 13 1 1 6 1 |1 10 12 8 3 7 1 7 1 9 17 6 1 12 25 17 |3 1 8 8 14 8 4 6 1 13 16 1 10 2 14 25 |20 1 1 2 1 1 1 13 4 1 1 7 2 2 1 1 |
3788: 1 8 15 1 3 3 9 1 1 1 1 4 11 2 18 7 |14 4 1 7 2 1 1 1 14 14 1 15 19 1 6 18 |1 21 12 6 12 2 16 20 4 1 6 1 1 1 11 2 |1 4 16 1 17 1 1 16 11 15 5 7 8 13 20 1 |1 1 1 2 18 1 2 3 6 15 13 1 16 12 1 25 |2 13 4 8 1 13 1 14 9 1 1 1 11 11 1 11 |7 6 9 1 6 1 1 12 9 1 17 3 17 1 15 2 |2 2 1 1 7 1 1 19 13 2 5 1 7 1 4 15 |5 6 4 2 4 1 15 2 17 4 2 13 1 1 6 1 |1 10 12 8 3 7 1 7 1 9 17 6 1 12 25 17 |3 1 8 8 14 8 4 6 1 13 16 1 10 2 14 25 |20 1 1 2 1 1 1 13 4 1 1 7 2 2 1 1 |
3799: 1 8 15 1 3 3 9 1 1 1 1 4 11 2 18 7 |14 4 1 7 2 1 1 1 14 14 1 15 19 1 6 18 |1 21 12 6 12 2 16 20 4 1 6 1 1 1 11 2 |1 4 16 1 17 1 1 16 11 15 5 7 8 13 20 1 |1 1 1 2 18 1 2 3 6 15 13 1 16 12 1 25 |2 13 4 8 1 13 1 14 9 1 1 1 11 11 1 11 |7 6 9 1 6 1 1 12 9 1 17 3 17 1 15 2 |2 2 1 1 7 1 1 19 13 2 5 1 7 1 4 15 |5 6 4 2 4 1 15 2 17 4 2 13 1 1 6 1 |1 10 12 8 3 7 1 7 1 9 17 6 1 12 25 17 |3 1 8 8 14 8 4 6 1 13 16 1 10 2 14 25 |20 1 1 2 1 1 1 13 4 1 1 7 2 2 1 1 |
3810: 1 8 15 1 3 3 9 1 1 1 1 4 11 2 18 7 |14 4 1 7 2 1 1 1 14 14 1 15 19 1 6 18 |1 21 12 6 12 2 16 20 4 1 6 1 1 1 11 2 |1 4 16 1 17 1 1 16 11 15 5 7 8 13 20 1 |1 1 1 2 18 1 2 3 6 15 13 1 16 12 1 25 |2 13 4 8 1 13 1 14 9 1 1 1 11 11 1 11 |7 6 9 1 6 1 1 12 9 1 17 3 17 1 15 2 |2 2 1 1 7 1 1 19 13 2 5 1 7 1 4 15 |5 6 4 2 4 1 15 2 17 4 2 13 1 1 6 1 |1 10 12 8 3 7 1 7 1 9 17 6 1 12 25 17 |3 1 8 8 14 8 4 6 1 13 16 1 10 2 14 25 |20 1 1 2 1 1 1 13 4 1 1 7 2 2 1 1 |
3821: 1 8 15 1 3 3 9 1 1 1 1 4 11 2 18 7 |14 4 1 7 2 1 1 1 14 14 1 15 19 1 6 18 |1 21 12 6 12 2 16 20 4 1 6 1 1 1 11 2 |1 4 16 1 17 1 1 16 11 15 5 7 8 13 20 1 |1 1 1 2 18 1 2 3 6 15 13 1 16 12 1 25 |2 13 4 8 1 13 1 14 9 1 1 1 11 11 1 11 |7 6 9 1 6 1 1 12 9 1 17 3 17 1 15 2 |2 2 1 1 7 1 1 19 13 2 5 1 7 1 4 15 |5 6 4 2 4 1 15 2 17 4 2 13 1 1 6 1 |1 10 12 4 1 2 1 1 1 7 10 9 1 3 18 25 |3 1 8 8 14 8 4 6 1 13 16 1 10 2 14 25 |20 1 1 2 1 1 1 13 4 1 1 7 2 2 1 1 |
3832: 1 8 15 1 3 3 9 1 1 1 1 4 11 2 18 7 |14 4 1 7 2 1 1 1 14 14 1 15 19 1 6 18 |1 21 12 6 12 2 16 20 4 1 6 1 1 1 11 2 |1 4 16 1 17 1 1 16 11 15 5 7 8 13 20 1 |1 1 1 2 18 1 2 3 6 15 13 1 16 12 1 25 |2 13 4 8 1 13 1 14 9 1 1 1 11 11 1 11 |7 6 9 1 6 1 1 12 9 1 17 3 17 1 15 2 |2 2 1 1 7 1 1 19 13 2 5 1 7 1 4 15 |5 6 4 2 4 1 15 2 17 4 2 13 1 1 6 1 |1 10 12 4 1 2 1 1 1 7 10 9 1 3 18 25 |3 1 8 8 14 8 4 6 1 13 16 1 10 2 14 25 |20 1 1 2 1 1 1 13 4 1 1 7 2 2 1 1 |
3843: 1 8 15 1 3 3 9 1 1 1 1 4 11 2 18 7 |14 4 1 7 2 1 1 1 14 14 1 15 19 1 6 18 |1 21 12 6 12 2 16 20 4 1 6 1 1 1 11 2 |1 4 16 1 17 1 1 16 11 15 5 7 8 13 20 1 |1 1 1 2 18 1 2 3 6 15 13 1 16 12 1 25 |2 13 4 8 1 13 1 14 9 1 1 1 11 11 1 11 |7 6 9 1 6 1 1 12 9 1 17 3 17 1 15 2 |2 2 1 1 7 1 1 19 13 2 5 1 7 1 4 15 |5 6 4 2 4 1 15 2 17 4 2 13 1 1 6 1 |1 10 12 4 1 2 1 1 1 7 10 9 1 3 18 25 |3 1 8 8 14 8 4 6 1 13 16 1 10 2 14 25 |20 1 1 2 1 1 1 13 4 1 1 7 2 2 1 1 |
3854: 1 8 15 1 3 3 9 1 1 1 1 4 11 2 18 7 |14 4 1 7 2 1 1 1 14 14 1 15 19 1 6 18 |1 21 12 6 12 2 16 20 4 1 6 1 1 1 11 2 |1 4 16 1 17 1 1 16 11 15 5 7 8 13 20 1 |1 1 1 2 18 1 2 3 6 15 13 1 16 12 1 25 |2 13 4 8 1 13 1 14 9 1 1 1 11 11 1 11 |7 6 9 1 6 1 1 12 9 1 17 3 17 1 15 2 |2 2 1 1 7 1 1 19 13 2 5 1 7 1 4 15 |5 6 4 2 4 1 15 2 17 4 2 13 1 1 6 1 |1 10 12 4 1 2 1 1 1 7 10 9 1 3 18 25 |3 1 8 8 14 8 4 6 1 13 16 1 10 2 14 25 |20 1 1 2 1 1 1 13 4 1 1 7 2 2 1 1 |
3865: 1 8 15 1 3 3 9 1 1 1 1 4 11 2 18 7 |14 4 1 7 2 1 1 1 14 14 1 15 19 1 6 18 |1 21 12 6 12 2 16 20 4 1 6 1 1 1 11 2 |1 4 16 1 17 1 1 16 11 15 5 7 8 13 20 1 |1 1 1 2 18 1 2 3 6 15 13 1 16 12 1 25 |2 13 4 8 1 13 1 14 9 1 1 1 11 11 1 11 |7 6 9 1 6 1 1 12 9 1 17 3 17 1 15 2 |2 2 1 1 7 1 1 19 13 2 5 1 7 1 4 15 |5 6 4 2 4 1 15 2 17 4 2 13 1 1 6 1 |1 10 12 4 1 2 1 1 1 7 10 9 1 3 18 25 |3 1 8 8 14 8 4 6 1 13 16 1 10 2 14 25 |20 1 1 2 1 1 1 13 4 1 1 7 2 2 1 1 |
3876: 1 8 15 1 3 3 9 1 1 1 1 4 11 2 18 7 |14 4 1 7 2 1 1 1 14 14 1 15 19 1 6 18 |1 21 12 6 12 2 16 20 4 1 6 1 1 1 11 2 |1 4 16 1 17 1 1 16 11 15 5 7 8 13 20 1 |1 1 1 15 19 1 10 3 7 16 13 1 16 13 9 24 |2 13 4 8 1 13 1 14 9 1 1 1 11 11 1 11 |7 6 9 1 6 1 1 12 9 1 17 3 17 1 15 2 |2 2 1 1 7 1 1 19 13 2 5 1 7 1 4 15 |5 6 4 2 4 1 15 2 17 4 2 13 1 1 6 1 |1 10 12 4 1 2 1 1 1 7 10 9 1 3 18 25 |3 1 8 8 14 8 4 6 1 13 16 1 10 2 14 25 |20 1 1 2 1 1 1 13 4 1 1 7 2 2 1 1 |
3887: 1 8 15 1 3 3 9 1 1 1 1 4 11 2 18 7 |14 4 1 7 2 1 1 1 14 14 1 15 19 1 6 18 |1 21 12 6 12 2 16 20 4 1 6 1 1 1 11 2 |1 4 16 1 17 1 1 16 11 15 5 7 8 13 20 1 |1 1 1 15 19 1 10 3 7 16 13 1 16 13 9 24 |1 13 1 6 1 1 1 13 10 1 1 1 1 21 7 4 |7 6 9 1 6 1 1 12 9 1 17 3 17 1 15 2 |2 2 1 1 7 1 1 19 13 2 5 1 7 1 4 15 |5 6 4 2 4 1 15 2 17 4 2 13 1 1 6 1 |1 10 12 4 1 2 1 1 1 7 10 9 1 3 18 25 |3 1 8 8 14 8 4 6 1 13 16 1 10 2 14 25 |20 1 1 2 1 1 1 13 4 1 1 7 2 2 1 1 |
3898: 1 8 15 1 3 3 9 1 1 1 1 4 11 2 18 7 |14 4 1 7 2 1 1 1 14 14 1 15 19 1 6 18 |1 21 12 6 12 2 16 20 4 1 6 1 1 1 11 2 |1 4 16 1 17 1 1 16 11 15 5 7 8 13 20 1 |1 1 1 15 19 1 10 3 7 16 13 1 16 13 9 24 |1 13 1 6 1 1 1 13 10 1 1 1 1 21 7 4 |7 6 9 1 6 1 1 12 9 1 17 3 17 1 15 2 |2 2 1 1 7 1 1 19 13 2 5 1 7 1 4 15 |5 6 4 2 4 1 15 2 17 4 2 13 1 1 6 1 |1 10 12 4 1 2 1 1 1 7 10 9 1 3 18 25 |3 1 8 8 14 8 4 6 1 13 16 1 10 2 14 25 |20 1 1 2 1 1 1 13 4 1 1 7 2 2 1 1 |
3909: 1 8 15 1 3 3 9 1 1 1 1 4 11 2 18 7 |14 4 1 7 2 1 1 1 14 14 1 15 19 1 6 18 |1 21 12 6 12 2 16 20 4 1 6 1 1 1 11 2 |1 4 16 1 17 1 1 16 11 15 5 7 8 13 20 1 |1 1 1 15 19 1 10 3 7 16 13 1 16 13 9 24 |1 13 1 6 1 1 1 13 10 1 1 1 1 21 7 4 |7 6 9 1 6 1 1 12 9 1 17 3 17 1 15 2 |2 2 1 1 7 1 1 19 13 2 5 1 7 1 4 15 |5 6 4 2 4 1 15 2 17 4 2 13 1 1 6 1 |1 10 12 4 1 2 1 1 1 7 10 9 1 3 18 25 |3 1 8 8 14 8 4 6 1 13 16 1 10 2 14 25 |20 1 1 2 1 1 1 13 4 1 1 7 2 2 1 1 |
3920: 1 8 15 1 3 3 9 1 1 1 1 4 11 2 18 7 |14 4 1 7 2 1 1 1 14 14 1 15 19 1 6 18 |1 21 12 6 12 2 16 20 4 1 6 1 1 1 11 2 |1 4 16 1 17 1 1 16 11 15 5 7 8 13 20 1 |1 1 1 15 19 1 10 3 7 16 13 1 16 13 9 24 |1 13 1 6 1 1 1 13 10 1 1 1 1 21 7 4 |7 6 9 1 6 1 1 12 9 1 17 3 17 1 15 2 |2 2 1 1 7 1 1 19 13 2 5 1 7 1 4 15 |5 6 4 2 4 1 15 2 17 4 2 13 1 1 6 1 |1 10 12 4 1 2 1 1 1 7 10 9 1 3 18 25 |3 1 8 8 14 8 4 6 1 13 16 1 10 2 14 25 |20 1 1 2 1 1 1 13 4 1 1 7 2 2 1 1 |
3931: 1 8 15 1 3 3 9 1 1 1 1 4 11 2 18 7 |14 4 1 7 2 1 1 1 14 14 1 15 19 1 6 18 |1 21 12 6 12 2 16 20 4 1 6 1 1 1 11 2 |1 4 16 1 17 1 1 16 11 15 5 7 8 13 20 1 |1 1 1 15 19 1 10 3 7 16 13 1 16 13 9 24 |1 13 1 6 1 1 1 13 10 1 1 1 1 21 7 4 |7 6 9 1 6 1 1 12 9 1 17 3 17 1 15 2 |2 2 1 1 7 1 1 19 13 2 5 1 7 1 4 15 |5 6 4 2 4 1 15 2 17 4 2 13 1 1 6 1 |1 10 12 4 1 2 1 1 1 7 10 9 1 3 18 25 |3 1 8 8 14 8 4 6 1 13 16 1 10 2 14 25 |20 1 1 2 1 1 1 13 4 1 1 7 2 2 1 1 |
3942: 1 8 15 1 3 3 9 1 1 1 1 4 11 2 18 7 |14 4 1 7 2 1 1 1 14 14 1 15 19 1 6 18 |1 21 12 6 12 2 16 20 4 1 6 1 1 1 11 2 |1 2 16 1 15 1 1 13 4 14 13 6 10 11 18 1 |1 1 1 15 19 1 10 3 7 16 13 1 16 13 9 24 |1 13 1 6 1 1 1 13 10 1 1 1 1 21 7 4 |7 6 9 1 6 1 1 12 9 1 17 3 17 1 15 2 |2 2 1 1 7 1 1 19 13 2 5 1 7 1 4 15 |5 6 4 2 4 1 15 2 17 4 2 13 1 1 6 1 |1 10 12 4 1 2 1 1 1 7 10 9 1 3 18 25 |3 1 8 8 14 8 4 6 1 13 16 1 10 2 14 25 |20 1 1 2 1 1 1 13 4 1 1 7 2 2 1 1 |
3953: 1 8 15 1 3 3 9 1 1 1 1 4 11 2 18 7 |14 4 1 7 2 1 1 1 14 14 1 15 19 1 6 18 |1 21 12 6 12 2 16 20 4 1 6 1 1 1 11 2 |1 2 16 1 15 1 1 13 4 14 13 6 10 11 18 1 |1 1 1 15 19 1 10 3 7 16 13 1 16 13 9 24 |1 13 1 6 1 1 1 13 10 1 1 1 1 21 7 4 |7 6 9 1 6 1 1 12 9 1 17 3 17 1 15 2 |2 2 1 1 7 1 1 19 13 2 5 1 7 1 4 15 |5 6 4 2 4 1 15 2 17 4 2 13 1 1 6 1 |1 10 12 4 1 2 1 1 1 7 10 9 1 3 18 25 |3 1 8 8 14 8 4 6 1 13 16 1 10 2 14 25 |20 1 1 2 1 1 1 13 4 1 1 7 2 2 1 1 |
3964: 1 8 15 1 3 3 9 1 1 1 1 4 11 2 18 7 |14 4 1 7 2 1 1 1 14 14 1 15 19 1 6 18 |1 21 12 6 12 2 16 20 4 1 6 1 1 1 11 2 |1 2 16 1 15 1 1 13 4 14 13 6 10 11 18 1 |1 1 1 15 19 1 10 3 7 16 13 1 16 13 9 24 |1 13 1 6 1 1 1 13 10 1 1 1 1 21 7 4 |7 6 9 1 6 1 1 12 9 1 17 3 17 1 15 2 |2 2 1 1 7 1 1 19 13 2 5 1 7 1 4 15 |5 6 4 2 4 1 15 2 17 4 2 13 1 1 6 1 |1 10 12 4 1 2 1 1 1 7 10 9 1 3 18 25 |3 1 8 8 14 8 4 6 1 13 16 1 10 2 14 25 |20 1 1 2 1 1 1 13 4 1 1 7 2 2 1 1 |
3975: 1 8 15 1 3 3 9 1 1 1 1 4 11 2 18 7 |14 4 1 7 2 1 1 1 14 14 1 15 19 1 6 18 |1 21 12 6 12 2 16 20 4 1 6 1 1 1 11 2 |1 2 15 1 16 1 3 15 11 14 7 7 11 9 21 1 |1 1 1 15 19 1 10 3 7 16 13 1 16 13 9 24 |1 13 1 6 1 1 1 13 10 1 1 1 1 21 7 4 |7 6 9 1 6 1 1 12 9 1 17 3 17 1 15 2 |2 2 1 1 7 1 1 19 13 2 5 1 7 1 4 15 |5 6 4 2 4 1 15 2 17 4 2 13 1 1 6 1 |1 10 12 4 1 2 1 1 1 7 10 9 1 3 18 25 |3 1 8 8 14 8 4 6 1 13 16 1 10 2 14 25 |20 1 1 2 1 1 1 13 4 1 1 7 2 2 1 1 |
3986: 1 8 15 1 3 3 9 1 1 1 1 4 11 2 18 7 |14 4 1 7 2 1 1 1 14 14 1 15 19 1 6 18 |1 21 12 6 12 2 16 20 4 1 6 1 1 1 11 2 |1 2 15 1 16 1 3 15 11 14 7 7 11 9 21 1 |1 1 1 1 18 1 1 3 6 10 6 1 15 4 1 17 |1 13 1 6 1 1 1 13 10 1 1 1 1 21 7 4 |7 6 9 1 6 1 1 12 9 1 17 3 17 1 15 2 |2 2 1 1 7 1 1 19 13 2 5 1 7 1 4 15 |5 6 4 2 4 1 15 2 17 4 2 13 1 1 6 1 |1 10 12 4 1 2 1 1 1 7 10 9 1 3 18 25 |3 1 8 8 14 8 4 6 1 13 16 1 10 2 14 25 |20 1 1 2 1 1 1 13 4 1 1 7 2 2 1 1 |
3997: 1 8 15 1 3 3 9 1 1 1 1 4 11 2 18 7 |14 4 1 7 2 1 1 1 14 14 1 15 19 1 6 18 |1 21 12 6 12 2 16 20 4 1 6 1 1 1 11 2 |1 2 15 1 16 1 3 15 11 14 7 7 11 9 21 1 |1 1 1 1 18 1 1 3 6 10 6 1 15 4 1 17 |1 13 1 6 1 1 1 13 10 1 1 1 1 21 7 4 |7 6 9 1 6 1 1 12 9 1 17 3 17 1 15 2 |2 2 1 1 7 1 1 19 13 2 5 1 7 1 4 15 |5 6 4 2 4 1 15 2 17 4 2 13 1 1 6 1 |1 10 12 4 1 2 1 1 1 7 10 9 1 3 18 25 |3 1 8 8 14 8 4 6 1 13 16 1 10 2 14 25 |20 1 1 2 1 1 1 13 4 1 1 7 2 2 1 1 |
4008: 1 8 15 1 3 3 9 1 1 1 1 4 11 2 18 7 |14 4 1 7 2 1 1 1 14 14 1 15 19 1 6 18 |1 21 12 6 12 2 16 20 4 1 6 1 1 1 11 2 |1 2 15 1 16 1 3 15 11 14 7 7 11 9 21 1 |1 1 1 9 17 1 3 3 7 15 7 1 15 11 1 18 |1 13 1 6 1 1 1 13 10 1 1 1 1 21 7 4 |7 6 9 1 6 1 1 12 9 1 17 3 17 1 15 2 |2 2 1 1 7 1 1 19 13 2 5 1 7 1 4 15 |5 6 4 2 4 1 15 2 17 4 2 13 1 1 6 1 |1 10 12 4 1 2 1 1 1 7 10 9 1 3 18 25 |3 1 8 8 14 8 4 6 1 13 16 1 10 2 14 25 |20 1 1 2 1 1 1 13 4 1 1 7 2 2 1 1 |
4019: 1 8 15 1 3 3 9 1 1 1 1 4 11 2 18 7 |14 4 1 7 2 1 1 1 14 14 1 15 19 1 6 18 |1 21 12 6 12 2 16 20 4 1 6 1 1 1 11 2 |1 2 15 1 16 1 3 15 11 14 7 7 11 9 21 1 |1 1 1 9 17 1 3 3 7 15 7 1 15 11 1 18 |1 13 1 6 1 1 1 13 10 1 1 1 1 21 7 4 |7 6 9 1 6 1 1 12 9 1 17 3 17 1 15 2 |2 2 1 1 7 1 1 19 13 2 5 1 7 1 4 15 |5 6 4 2 4 1 15 2 17 4 2 13 1 1 6 1 |1 10 12 4 1 2 1 1 1 7 10 9 1 3 18 25 |3 1 8 8 14 8 4 6 1 13 16 1 10 2 14 25 |20 1 1 2 1 1 1 13 4 1 1 7 2 2 1 1 |
4030: 1 8 15 1 3 3 9 1 1 1 1 4 11 2 18 7 |14 4 1 7 2 1 1 1 14 14 1 15 19 1 6 18 |1 21 12 6 12 2 16 20 4 1 6 1 1 1 11 2 |1 2 15 1 16 1 3 15 11 14 7 7 11 9 21 1 |1 1 1 9 17 1 3 3 7 15 7 1 15 11 1 18 |1 13 1 6 1 1 1 13 10 1 1 1 1 21 7 4 |7 6 9 1 6 1 1 12 9 1 17 3 17 1 15 2 |2 2 1 1 7 1 1 19 13 2 5 1 7 1 4 15 |5 6 4 2 4 1 15 2 17 4 2 13 1 1 6 1 |1 10 12 4 1 2 1 1 1 7 10 9 1 3 18 25 |3 1 8 8 14 8 4 6 1 13 16 1 10 2 14 25 |20 1 1 2 1 1 1 13 4 1 1 7 2 2 1 1 |
4041: 1 8 15 1 3 3 9 1 1 1 1 4 11 2 18 7 |14 4 1 7 2 1 1 1 14 14 1 15 19 1 6 18 |3 8 15 13 7 2 12 19 4 1 1 1 6 1 3 6 |1 2 15 1 16 1 3 15 11 14 7 7 11 9 21 1 |1 1 1 9 17 1 3 3 7 15 7 1 15 11 1 18 |1 13 1 6 1 1 1 13 10 1 1 1 1 21 7 4 |7 6 9 1 6 1 1 12 9 1 17 3 17 1 15 2 |2 2 1 1 7 1 1 19 13 2 5 1 7 1 4 15 |5 6 4 2 4 1 15 2 17 4 2 13 1 1 6 1 |1 10 12 4 1 2 1 1 1 7 10 9 1 3 18 25 |3 1 8 8 14 8 4 6 1 13 16 1 10 2 14 25 |20 1 1 2 1 1 1 13 4 1 1 7 2 2 1 1 |
4052: 1 8 15 1 3 3 9 1 1 1 1 4 11 2 18 7 |14 4 1 7 2 1 1 1 14 14 1 15 19 1 6 18 |3 8 15 13 7 2 12 19 4 1 1 1 6 1 3 6 |1 2 15 1 16 1 3 15 11 14 7 7 11 9 21 1 |1 1 1 9 17 1 3 3 7 15 7 1 15 11 1 18 |1 13 1 6 1 1 1 13 10 1 1 1 1 21 7 4 |7 6 9 1 6 1 1 12 9 1 17 3 17 1 15 2 |2 2 1 1 7 1 1 19 13 2 5 1 7 1 4 15 |5 6 4 2 4 1 15 2 17 4 2 13 1 1 6 1 |1 10 12 4 1 2 1 1 1 7 10 9 1 3 18 25 |2 1 2 5 1 1 2 3 2 14 2 1 1 1 5 15 |20 1 1 2 1 1 1 13 4 1 1 7 2 2 1 1 |
4063: 1 8 15 1 3 3 9 1 1 1 1 4 11 2 18 7 |14 4 1 7 2 1 1 1 14 14 1 15 19 1 6 18 |3 8 15 13 7 2 12 19 4 1 1 1 6 1 3 6 |1 2 15 1 16 1 3 15 11 14 7 7 11 9 21 1 |1 1 1 9 17 1 3 3 7 15 7 1 15 11 1 18 |1 13 1 6 1 1 1 13 10 1 1 1 1 21 7 4 |7 6 9 1 6 1 1 12 9 1 17 3 17 1 15 2 |2 2 1 1 7 1 1 19 13 2 5 1 7 1 4 15 |5 6 4 2 4 1 15 2 17 4 2 13 1 1 6 1 |1 10 12 4 1 2 1 1 1 7 10 9 1 3 18 25 |2 1 2 5 1 1 2 3 2 14 2 1 1 1 5 15 |20 1 1 2 1 1 1 13 4 1 1 7 2 2 1 1 |
4074: 1 8 15 1 3 3 9 1 1 1 1 4 11 2 18 7 |14 4 1 7 2 1 1 1 14 14 1 15 19 1 6 18 |3 8 15 13 7 2 12 19 4 1 1 1 6 1 3 6 |1 2 15 1 6 1 7 14 8 10 16 5 10 9 21 1 |1 1 1 9 17 1 3 3 7 15 7 1 15 11 1 18 |1 13 1 6 1 1 1 13 10 1 1 1 1 21 7 4 |7 6 9 1 6 1 1 12 9 1 17 3 17 1 15 2 |2 2 1 1 7 1 1 19 13 2 5 1 7 1 4 15 |5 6 4 2 4 1 15 2 17 4 2 13 1 1 6 1 |1 10 12 4 1 2 1 1 1 7 10 9 1 3 18 25 |2 1 2 5 1 1 2 3 2 14 2 1 1 1 5 15 |20 1 1 2 1 1 1 13 4 1 1 7 2 2 1 1 |
4085: 1 8 15 1 3 3 9 1 1 1 1 4 11 2 18 7 |14 4 1 7 2 1 1 1 14 14 1 15 19 1 6 18 |3 8 15 13 7 2 12 19 4 1 1 1 6 1 3 6 |1 2 15 1 6 1 7 14 8 10 16 5 10 9 21 1 |1 1 1 9 17 1 3 3 7 15 7 1 15 11 1 18 |1 13 1 6 1 1 1 13 10 1 1 1 1 21 7 4 |7 6 9 1 6 1 1 12 9 1 17 3 17 1 15 2 |2 2 1 1 7 1 1 19 13 2 5 1 7 1 4 15 |5 6 4 2 4 1 15 2 17 4 2 13 1 1 6 1 |1 10 12 4 1 2 1 1 1 7 10 9 1 3 18 25 |2 1 2 5 1 1 2 3 2 14 2 1 1 1 5 15 |20 1 1 2 1 1 1 13 4 1 1 7 2 2 1 1 |
4096: 1 8 15 1 3 3 9 1 1 1 1 4 11 2 18 7 |14 4 1 7 2 1 1 1 14 14 1 15 19 1 6 18 |3 8 15 13 7 2 12 19 4 1 1 1 6 1 3 6 |1 2 15 1 6 1 7 14 8 10 16 5 10 9 21 1 |1 1 1 9 17 1 3 3 7 15 7 1 15 11 1 18 |1 13 1 6 1 1 1 13 10 1 1 1 1 21 7 4 |7 6 9 1 6 1 1 12 9 1 17 3 17 1 15 2 |2 2 1 1 7 1 1 19 13 2 5 1 7 1 4 15 |5 6 4 2 4 1 15 2 17 4 2 13 1 1 6 1 |1 10 12 4 1 2 1 1 1 7 10 9 1 3 18 25 |2 1 2 5 1 1 2 3 2 14 2 1 1 1 5 15 |20 1 1 2 1 1 1 13 4 1 1 7 2 2 1 1 |
4107: 1 8 15 1 3 3 9 1 1 1 1 4 11 2 18 7 |14 4 1 7 2 1 1 1 14 14 1 15 19 1 6 18 |3 8 15 13 7 2 12 19 4 1 1 1 6 1 3 6 |1 9 15 1 16 1 1 13 1 14 16 8 9 18 32 7 |1 1 1 9 17 1 3 3 7 15 7 1 15 11 1 18 |1 13 1 6 1 1 1 13 10 1 1 1 1 21 7 4 |7 6 9 1 6 1 1 12 9 1 17 3 17 1 15 2 |2 2 1 1 7 1 1 19 13 2 5 1 7 1 4 15 |5 6 4 2 4 1 15 2 17 4 2 13 1 1 6 1 |1 10 12 4 1 2 1 1 1 7 10 9 1 3 18 25 |2 1 2 5 1 1 2 3 2 14 2 1 1 1 5 15 |20 1 1 2 1 1 1 13 4 1 1 7 2 2 1 1 |
4118: 1 8 15 1 3 3 9 1 1 1 1 4 11 2 18 7 |14 4 1 7 2 1 1 1 14 14 1 15 19 1 6 18 |3 8 15 13 7 2 12 19 4 1 1 1 6 1 3 6 |1 9 15 1 16 1 1 13 1 14 16 8 9 18 32 7 |1 1 7 14 18 1 11 1 9 17 13 9 15 17 25 34 |1 13 1 6 1 1 1 13 10 1 1 1 1 21 7 4 |7 6 9 1 6 1 1 12 9 1 17 3 17 1 15 2 |2 2 1 1 7 1 1 19 13 2 5 1 7 1 4 15 |5 6 4 2 4 1 15 2 17 4 2 13 1 1 6 1 |1 10 12 4 1 2 1 1 1 7 10 9 1 3 18 25 |2 1 2 5 1 1 2 3 2 14 2 1 1 1 5 15 |20 1 1 2 1 1 1 13 4 1 1 7 2 2 1 1 |
4129: 1 8 15 1 3 3 9 1 1 1 1 4 11 2 18 7 |14 4 1 7 2 1 1 1 14 14 1 15 19 1 6 18 |3 8 15 13 7 2 12 19 4 1 1 1 6 1 3 6 |1 9 15 1 16 1 1 13 1 14 16 8 9 18 32 7 |1 1 7 14 18 1 11 1 9 17 13 9 15 17 25 34 |1 13 1 6 1 1 1 13 10 1 1 1 1 21 7 4 |7 6 9 1 6 1 1 12 9 1 17 3 17 1 15 2 |2 2 1 1 7 1 1 19 13 2 5 1 7 1 4 15 |5 6 4 2 4 1 15 2 17 4 2 13 1 1 6 1 |1 10 12 4 1 2 1 1 1 7 10 9 1 3 18 25 |2 1 2 5 1 1 2 3 2 14 2 1 1 1 5 15 |20 1 1 2 1 1 1 13 4 1 1 7 2 2 1 1 |
4139: 1 8 15 1 3 3 9 1 1 1 1 4 11 2 18 7 |14 4 1 7 2 1 1 1 14 14 1 15 19 1 6 18 |5 6 15 6 12 2 16 21 3 1 7 1 2 12 7 1 |1 9 15 1 16 1 1 13 1 14 16 8 9 18 32 7 |1 1 7 14 18 1 11 1 9 17 13 9 15 17 25 34 |1 13 1 6 1 1 1 13 10 1 1 1 1 21 7 4 |7 6 9 1 6 1 1 12 9 1 17 3 17 1 15 2 |2 2 1 1 7 1 1 19 13 2 5 1 7 1 4 15 |5 6 4 2 4 1 15 2 17 4 2 13 1 1 6 1 |1 10 12 4 1 2 1 1 1 7 10 9 1 3 18 25 |2 1 2 5 1 1 2 3 2 14 2 1 1 1 5 15 |20 1 1 2 1 1 1 13 4 1 1 7 2 2 1 1 |
4150: 1 8 15 1 3 3 9 1 1 1 1 4 11 2 18 7 |14 4 1 7 2 1 1 1 14 14 1 15 19 1 6 18 |5 6 15 6 12 2 16 21 3 1 7 1 2 12 7 1 |1 9 15 1 16 1 1 13 1 14 16 8 9 18 32 7 |1 1 7 14 18 1 11 1 9 17 13 9 15 17 25 34 |1 13 1 6 1 1 1 13 10 1 1 1 1 21 7 4 |7 6 9 1 6 1 1 12 9 1 17 3 17 1 15 2 |2 2 1 1 7 1 1 19 13 2 5 1 7 1 4 15 |5 6 4 2 4 1 15 2 17 4 2 13 1 1 6 1 |1 10 3 3 3 6 1 6 1 9 16 1 6 3 17 7 |2 1 2 5 1 1 2 3 2 14 2 1 1 1 5 15 |20 1 1 2 1 1 1 13 4 1 1 7 2 2 1 1 |
4161: 1 8 15 1 3 3 9 1 1 1 1 4 11 2 18 7 |14 4 1 7 2 1 1 1 14 14 1 15 19 1 6 18 |5 6 15 6 12 2 16 21 3 1 7 1 2 12 7 1 |1 9 15 1 16 1 1 13 1 14 16 8 9 18 32 7 |1 1 7 14 18 1 11 1 9 17 13 9 15 17 25 34 |1 13 1 6 1 1 1 13 10 1 1 1 1 21 7 4 |7 6 9 1 6 1 1 12 9 1 17 3 17 1 15 2 |2 2 1 1 7 1 1 19 13 2 5 1 7 1 4 15 |5 6 4 2 4 1 15 2 17 4 2 13 1 1 6 1 |1 10 3 3 3 6 1 6 1 9 16 1 6 3 17 7 |2 1 2 5 1 1 2 3 2 14 2 1 1 1 5 15 |20 1 1 2 1 1 1 13 4 1 1 7 2 2 1 1 |
4172: 1 8 15 1 3 3 9 1 1 1 1 4 11 2 18 7 |14 4 1 7 2 1 1 1 14 14 1 15 19 1 6 18 |3 14 16 6 8 1 5 20 3 7 1 1 1 11 10 1 |1 9 15 1 16 1 1 13 1 14 16 8 9 18 32 7 |1 1 7 14 18 1 11 1 9 17 13 9 15 17 25 34 |1 13 1 6 1 1 1 13 10 1 1 1 1 21 7 4 |7 6 9 1 6 1 1 12 9 1 17 3 17 1 15 2 |2 2 1 1 7 1 1 19 13 2 5 1 7 1 4 15 |5 6 4 2 4 1 15 2 17 4 2 13 1 1 6 1 |1 10 3 3 3 6 1 6 1 9 16 1 6 3 17 7 |2 1 2 5 1 1 2 3 2 14 2 1 1 1 5 15 |20 1 1 2 1 1 1 13 4 1 1 7 2 2 1 1 |
4183: 1 8 15 1 3 3 9 1 1 1 1 4 11 2 18 7 |14 4 1 7 2 1 1 1 14 14 1 15 19 1 6 18 |3 14 16 6 8 1 5 20 3 7 1 1 1 11 10 1 |1 9 15 1 16 1 1 13 1 14 16 8 9 18 32 7 |1 1 7 14 18 1 11 1 9 17 13 9 15 17 25 34 |1 13 1 6 1 1 1 13 10 1 1 1 1 21 7 4 |7 6 9 1 6 1 1 12 9 1 17 3 17 1 15 2 |2 2 1 1 7 1 1 19 13 2 5 1 7 1 4 15 |5 6 4 2 4 1 15 2 17 4 2 13 1 1 6 1 |1 10 3 3 3 6 1 6 1 9 16 1 6 3 17 7 |1 1 7 5 1 1 3 6 1 15 4 1 1 1 11 6 |20 1 1 2 1 1 1 13 4 1 1 7 2 2 1 1 |
4194: 1 8 15 1 3 3 9 1 1 1 1 4 11 2 18 7 |14 4 1 7 2 1 1 1 14 14 1 15 19 1 6 18 |3 14 16 6 8 1 5 20 3 7 1 1 1 11 10 1 |1 9 15 1 16 1 1 13 1 14 16 8 9 18 32 7 |1 1 7 14 18 1 11 1 9 17 13 9 15 17 25 34 |1 13 1 6 1 1 1 13 10 1 1 1 1 21 7 4 |7 6 9 1 6 1 1 12 9 1 17 3 17 1 15 2 |2 2 1 1 7 1 1 19 13 2 5 1 7 1 4 15 |5 6 4 2 4 1 15 2 17 4 2 13 1 1 6 1 |1 10 3 3 3 6 1 6 1 9 16 1 6 3 17 7 |1 1 7 5 1 1 3 6 1 15 4 1 1 1 11 6 |20 1 1 2 1 1 1 13 4 1 1 7 2 2 1 1 |
4205: 1 8 15 1 3 3 9 1 1 1 1 4 11 2 18 7 |14 4 1 7 2 1 1 1 14 14 1 15 19 1 6 18 |3 14 16 6 8 1 5 20 3 7 1 1 1 11 10 1 |1 1 16 1 15 1 1 14 11 13 9 8 5 18 24 1 |1 1 7 14 18 1 11 1 9 17 13 9 15 17 25 34 |1 13 1 6 1 1 1 13 10 1 1 1 1 21 7 4 |7 6 9 1 6 1 1 12 9 1 17 3 17 1 15 2 |2 2 1 1 7 1 1 19 13 2 5 1 7 1 4 15 |5 6 4 2 4 1 15 2 17 4 2 13 1 1 6 1 |1 10 3 3 3 6 1 6 1 9 16 1 6 3 17 7 |1 1 7 5 1 1 3 6 1 15 4 1 1 1 11 6 |20 1 1 2 1 1 1 13 4 1 1 7 2 2 1 1 |
4216: 1 8 15 1 3 3 9 1 1 1 1 4 11 2 18 7 |14 4 1 7 2 1 1 1 14 14 1 15 19 1 6 18 |3 14 16 6 8 1 5 20 3 7 1 1 1 11 10 1 |1 1 16 1 15 1 1 14 11 13 9 8 5 18 24 1 |1 1 7 14 18 1 11 1 9 17 13 9 15 17 25 34 |1 13 1 6 1 1 1 13 10 1 1 1 1 21 7 4 |7 6 9 1 6 1 1 12 9 1 17 3 17 1 15 2 |2 2 1 1 7 1 1 19 13 2 5 1 7 1 4 15 |5 6 4 2 4 1 15 2 17 4 2 13 1 1 6 1 |1 10 3 3 3 6 1 6 1 9 16 1 6 3 17 7 |2 1 7 1 1 16 1 5 2 13 16 1 7 1 7 12 |20 1 1 2 1 1 1 13 4 1 1 7 2 2 1 1 |
4227: 1 8 15 1 3 3 9 1 1 1 1 4 11 2 18 7 |14 4 1 7 2 1 1 1 14 14 1 15 19 1 6 18 |3 14 16 6 8 1 5 20 3 7 1 1 1 11 10 1 |1 1 16 1 15 1 1 14 11 13 9 8 5 18 24 1 |1 1 7 14 18 1 11 1 9 17 13 9 15 17 25 34 |1 13 1 6 1 1 1 13 10 1 1 1 1 21 7 4 |7 6 9 1 6 1 1 12 9 1 17 3 17 1 15 2 |2 2 1 1 7 1 1 19 13 2 5 1 7 1 4 15 |5 6 4 2 4 1 15 2 17 4 2 13 1 1 6 1 |1 10 3 3 3 6 1 6 1 9 16 1 6 3 17 7 |2 1 7 1 1 16 1 5 2 13 16 1 7 1 7 12 |20 1 1 2 1 1 1 13 4 1 1 7 2 2 1 1 |
4238: 1 8 15 1 3 3 9 1 1 1 1 4 11 2 18 7 |14 4 1 7 2 1 1 1 14 14 1 15 19 1 6 18 |3 14 16 6 8 1 5 20 3 7 1 1 1 11 10 1 |1 4 3 2 16 1 1 15 11 15 9 7 1 17 22 9 |1 1 7 14 18 1 11 1 9 17 13 9 15 17 25 34 |1 13 1 6 1 1 1 13 10 1 1 1 1 21 7 4 |7 6 9 1 6 1 1 12 9 1 17 3 17 1 15 2 |2 2 1 1 7 1 1 19 13 2 5 1 7 1 4 15 |5 6 4 2 4 1 15 2 17 4 2 13 1 1 6 1 |1 10 3 3 3 6 1 6 1 9 16 1 6 3 17 7 |2 1 7 1 1 16 1 5 2 13 16 1 7 1 7 12 |20 1 1 2 1 1 1 13 4 1 1 7 2 2 1 1 |
4249: 1 8 15 1 3 3 9 1 1 1 1 4 11 2 18 7 |14 4 1 7 2 1 1 1 14 14 1 15 19 1 6 18 |3 14 16 6 8 1 5 20 3 7 1 1 1 11 10 1 |1 4 3 2 16 1 1 15 11 15 9 7 1 17 22 9 |1 1 1 9 18 1 7 1 9 17 13 7 9 35 29 39 |1 13 1 6 1 1 1 13 10 1 1 1 1 21 7 4 |7 6 9 1 6 1 1 12 9 1 17 3 17 1 15 2 |2 2 1 1 7 1 1 19 13 2 5 1 7 1 4 15 |5 6 4 2 4 1 15 2 17 4 2 13 1 1 6 1 |1 10 3 3 3 6 1 6 1 9 16 1 6 3 17 7 |2 1 7 1 1 16 1 5 2 13 16 1 7 1 7 12 |20 1 1 2 1 1 1 13 4 1 1 7 2 2 1 1 |
4260: 1 8 15 1 3 3 9 1 1 1 1 4 11 2 18 7 |14 4 1 7 2 1 1 1 14 14 1 15 19 1 6 18 |3 14 16 6 8 1 5 20 3 7 1 1 1 11 10 1 |1 4 3 2 16 1 1 15 11 15 9 7 1 17 22 9 |1 1 1 9 18 1 7 1 9 17 13 7 9 35 29 39 |1 13 1 6 1 1 1 13 10 1 1 1 1 21 7 4 |7 6 9 1 6 1 1 12 9 1 17 3 17 1 15 2 |2 2 1 1 7 1 1 19 13 2 5 1 7 1 4 15 |5 6 4 2 4 1 15 2 17 4 2 13 1 1 6 1 |1 10 3 3 3 6 1 6 1 9 16 1 6 3 17 7 |2 1 7 1 1 16 1 5 2 13 16 1 7 1 7 12 |20 1 1 2 1 1 1 13 4 1 1 7 2 2 1 1 |
4271: 1 8 15 1 3 3 9 1 1 1 1 4 11 2 18 7 |14 4 1 7 2 1 1 1 14 14 1 15 19 1 6 18 |5 14 15 3 11 1 16 21 3 1 7 8 1 13 10 1 |1 4 3 2 16 1 1 15 11 15 9 7 1 17 22 9 |1 1 1 9 18 1 7 1 9 17 13 7 9 35 29 39 |1 13 1 6 1 1 1 13 10 1 1 1 1 21 7 4 |7 6 9 1 6 1 1 12 9 1 17 3 17 1 15 2 |2 2 1 1 7 1 1 19 13 2 5 1 7 1 4 15 |5 6 4 2 4 1 15 2 17 4 2 13 1 1 6 1 |1 10 3 3 3 6 1 6 1 9 16 1 6 3 17 7 |2 1 7 1 1 16 1 5 2 13 16 1 7 1 7 12 |20 1 1 2 1 1 1 13 4 1 1 7 2 2 1 1 |
4282: 1 8 15 1 3 3 9 1 1 1 1 4 11 2 18 7 |14 4 1 7 2 1 1 1 14 14 1 15 19 1 6 18 |5 14 15 3 11 1 16 21 3 1 7 8 1 13 10 1 |1 4 3 2 16 1 1 15 11 15 9 7 1 17 22 9 |1 1 1 9 18 1 7 1 9 17 13 7 9 35 29 39 |1 13 1 6 1 1 1 13 10 1 1 1 1 21 7 4 |7 6 9 1 6 1 1 12 9 1 17 3 17 1 15 2 |2 2 1 1 7 1 1 19 13 2 5 1 7 1 4 15 |5 6 4 2 4 1 15 2 17 4 2 13 1 1 6 1 |1 10 3 3 3 6 1 6 1 9 16 1 6 3 17 7 |2 1 7 1 1 16 1 5 2 13 16 1 7 1 7 12 |12 1 1 18 8 8 3 9 4 1 1 6 3 1 1 1 |
4293: 1 8 15 1 3 3 9 1 1 1 1 4 11 2 18 7 |14 4 1 7 2 1 1 1 14 14 1 15 19 1 6 18 |5 14 15 3 11 1 16 21 3 1 7 8 1 13 10 1 |1 4 3 2 16 1 1 15 11 15 9 7 1 17 22 9 |1 1 1 9 18 1 7 1 9 17 13 7 9 35 29 39 |1 13 1 6 1 1 1 13 10 1 1 1 1 21 7 4 |7 6 9 1 6 1 1 12 9 1 17 3 17 1 15 2 |2 2 1 1 7 1 1 19 13 2 5 1 7 1 4 15 |5 6 4 2 4 1 15 2 17 4 2 13 1 1 6 1 |1 10 3 3 3 6 1 6 1 9 16 1 6 3 17 7 |2 1 7 1 1 16 1 5 2 13 16 1 7 1 7 12 |12 1 1 18 8 8 3 9 4 1 1 6 3 1 1 1 |
4304: 1 3 12 1 6 17 4 1 6 1 1 1 17 1 26 23 |14 4 1 7 2 1 1 1 14 14 1 15 19 1 6 18 |5 14 15 3 11 1 16 21 3 1 7 8 1 13 10 1 |1 4 3 2 16 1 1 15 11 15 9 7 1 17 22 9 |1 1 1 9 18 1 7 1 9 17 13 7 9 35 29 39 |1 13 1 6 1 1 1 13 10 1 1 1 1 21 7 4 |7 6 9 1 6 1 1 12 9 1 17 3 17 1 15 2 |2 2 1 1 7 1 1 19 13 2 5 1 7 1 4 15 |5 6 4 2 4 1 15 2 17 4 2 13 1 1 6 1 |1 10 3 3 3 6 1 6 1 9 16 1 6 3 17 7 |2 1 7 1 1 16 1 5 2 13 16 1 7 1 7 12 |12 1 1 18 8 8 3 9 4 1 1 6 3 1 1 1 |
4315: 1 3 12 1 6 17 4 1 6 1 1 1 17 1 26 23 |14 4 1 7 2 1 1 1 14 14 1 15 19 1 6 18 |5 14 15 3 11 1 16 21 3 1 7 8 1 13 10 1 |1 4 3 2 16 1 1 15 11 15 9 7 1 17 22 9 |1 1 1 9 18 1 7 1 9 17 13 7 9 35 29 39 |1 13 1 6 1 1 1 13 10 1 1 1 1 21 7 4 |7 6 9 1 6 1 1 12 9 1 17 3 17 1 15 2 |2 2 1 1 7 1 1 19 13 2 5 1 7 1 4 15 |5 6 4 2 4 1 15 2 17 4 2 13 1 1 6 1 |3 9 19 4 1 2 1 7 1 7 15 1 6 3 16 6 |2 1 7 1 1 16 1 5 2 13 16 1 7 1 7 12 |12 1 1 18 8 8 3 9 4 1 1 6 3 1 1 1 |
4326: 1 3 12 1 6 17 4 1 6 1 1 1 17 1 26 23 |14 4 1 7 2 1 1 1 14 14 1 15 19 1 6 18 |5 14 15 3 11 1 16 21 3 1 7 8 1 13 10 1 |1 4 3 2 16 1 1 15 11 15 9 7 1 17 22 9 |1 1 1 9 18 1 7 1 9 17 13 7 9 35 29 39 |1 13 1 6 1 1 1 13 10 1 1 1 1 21 7 4 |7 6 9 1 6 1 1 12 9 1 17 3 17 1 15 2 |2 2 1 1 7 1 1 19 13 2 5 1 7 1 4 15 |5 6 4 2 4 1 15 2 17 4 2 13 1 1 6 1 |3 9 19 4 1 2 1 7 1 7 15 1 6 3 16 6 |1 1 2 5 1 1 5 6 1 14 4 1 1 1 11 11 |12 1 1 18 8 8 3 9 4 1 1 6 3 1 1 1 |
4337: 1 3 12 1 6 17 4 1 6 1 1 1 17 1 26 23 |14 4 1 7 2 1 1 1 14 14 1 15 19 1 6 18 |5 6 15 13 8 1 5 20 4 1 7 1 6 11 3 6 |1 4 3 2 16 1 1 15 11 15 9 7 1 17 22 9 |1 1 1 9 18 1 7 1 9 17 13 7 9 35 29 39 |1 13 1 6 1 1 1 13 10 1 1 1 1 21 7 4 |7 6 9 1 6 1 1 12 9 1 17 3 17 1 15 2 |2 2 1 1 7 1 1 19 13 2 5 1 7 1 4 15 |5 6 4 2 4 1 15 2 17 4 2 13 1 1 6 1 |3 9 19 4 1 2 1 7 1 7 15 1 6 3 16 6 |1 1 2 5 1 1 5 6 1 14 4 1 1 1 11 11 |12 1 1 18 8 8 3 9 4 1 1 6 3 1 1 1 |
4348: 1 3 12 1 6 17 4 1 6 1 1 1 17 1 26 23 |14 4 1 7 2 1 1 1 14 14 1 15 19 1 6 18 |5 6 15 13 8 1 5 20 4 1 7 1 6 11 3 6 |1 2 16 1 15 1 1 14 11 14 6 8 3 17 20 1 |1 1 1 9 18 1 7 1 9 17 13 7 9 35 29 39 |1 13 1 6 1 1 1 13 10 1 1 1 1 21 7 4 |7 6 9 1 6 1 1 12 9 1 17 3 17 1 15 2 |2 2 1 1 7 1 1 19 13 2 5 1 7 1 4 15 |5 6 4 2 4 1 15 2 17 4 2 13 1 1 6 1 |3 9 19 4 1 2 1 7 1 7 15 1 6 3 16 6 |1 1 2 5 1 1 5 6 1 14 4 1 1 1 11 11 |12 1 1 18 8 8 3 9 4 1 1 6 3 1 1 1 |
4359: 1 3 12 1 6 17 4 1 6 1 1 1 17 1 26 23 |14 4 1 7 2 1 1 1 14 14 1 15 19 1 6 18 |5 6 15 13 8 1 5 20 4 1 7 1 6 11 3 6 |1 2 16 1 15 1 1 14 11 14 6 8 3 17 20 1 |1 1 1 9 18 1 7 1 9 17 13 7 9 35 29 39 |1 13 1 6 1 1 1 13 10 1 1 1 1 21 7 4 |7 6 9 1 6 1 1 12 9 1 17 3 17 1 15 2 |2 2 1 1 7 1 1 19 13 2 5 1 7 1 4 15 |5 6 4 2 4 1 15 2 17 4 2 13 1 1 6 1 |3 9 19 4 1 2 1 7 1 7 15 1 6 3 16 6 |1 1 2 5 1 1 5 6 1 14 4 1 1 1 11 11 |12 1 1 18 8 8 3 9 4 1 1 6 3 1 1 1 |
4370: 1 3 12 1 6 17 4 1 6 1 1 1 17 1 26 23 |15 5 1 6 3 1 1 7 15 19 10 14 22 11 11 8 |5 6 15 13 8 1 5 20 4 1 7 1 6 11 3 6 |1 2 16 1 15 1 1 14 11 14 6 8 3 17 20 1 |1 1 1 9 18 1 7 1 9 17 13 7 9 35 29 39 |1 13 1 6 1 1 1 13 10 1 1 1 1 21 7 4 |7 6 9 1 6 1 1 12 9 1 17 3 17 1 15 2 |2 2 1 1 7 1 1 19 13 2 5 1 7 1 4 15 |5 6 4 2 4 1 15 2 17 4 2 13 1 1 6 1 |3 9 19 4 1 2 1 7 1 7 15 1 6 3 16 6 |1 1 2 5 1 1 5 6 1 14 4 1 1 1 11 11 |12 1 1 18 8 8 3 9 4 1 1 6 3 1 1 1 |
4381: 1 3 12 1 6 17 4 1 6 1 1 1 17 1 26 23 |15 5 1 6 3 1 1 7 15 19 10 14 22 11 11 8 |5 6 15 13 8 1 5 20 4 1 7 1 6 11 3 6 |1 2 16 1 15 1 1 14 11 14 6 8 3 17 20 1 |1 1 1 9 18 1 7 1 9 17 13 7 9 35 29 39 |1 13 1 6 1 1 1 13 10 1 1 1 1 21 7 4 |7 6 9 1 6 1 1 12 9 1 17 3 17 1 15 2 |2 2 1 1 7 1 1 19 13 2 5 1 7 1 4 15 |5 6 4 2 4 1 15 2 17 4 2 13 1 1 6 1 |3 9 19 4 1 2 1 7 1 7 15 1 6 3 16 6 |1 1 2 5 1 1 5 6 1 14 4 1 1 1 11 11 |8 1 1 3 7 2 1 13 4 1 1 1 2 2 1 1 |
4392: 1 3 12 1 6 17 4 1 6 1 1 1 17 1 26 23 |15 5 1 6 3 1 1 7 15 19 10 14 22 11 11 8 |5 6 15 13 8 1 5 20 4 1 7 1 6 11 3 6 |1 2 16 1 15 1 1 14 11 14 6 8 3 17 20 1 |1 1 1 9 18 1 7 1 9 17 13 7 9 35 29 39 |1 13 1 6 1 1 1 13 10 1 1 1 1 21 7 4 |7 6 9 1 6 1 1 12 9 1 17 3 17 1 15 2 |2 2 1 1 7 1 1 19 13 2 5 1 7 1 4 15 |5 6 4 2 4 1 15 2 17 4 2 13 1 1 6 1 |3 9 19 4 1 2 1 7 1 7 15 1 6 3 16 6 |1 1 2 5 1 1 5 6 1 14 4 1 1 1 11 11 |8 1 1 3 7 2 1 13 4 1 1 1 2 2 1 1 |
4403: 1 3 12 1 6 17 4 1 6 1 1 1 17 1 26 23 |15 5 1 6 3 1 1 7 15 19 10 14 22 11 11 8 |5 12 16 13 4 1 5 20 3 3 7 9 5 15 8 1 |1 2 16 1 15 1 1 14 11 14 6 8 3 17 20 1 |1 1 1 9 18 1 7 1 9 17 13 7 9 35 29 39 |1 13 1 6 1 1 1 13 10 1 1 1 1 21 7 4 |7 6 9 1 6 1 1 12 9 1 17 3 17 1 15 2 |2 2 1 1 7 1 1 19 13 2 5 1 7 1 4 15 |5 6 4 2 4 1 15 2 17 4 2 13 1 1 6 1 |3 9 19 4 1 2 1 7 1 7 15 1 6 3 16 6 |1 1 2 5 1 1 5 6 1 14 4 1 1 1 11 11 |8 1 1 3 7 2 1 13 4 1 1 1 2 2 1 1 |
4414: 1 3 12 1 6 17 4 1 6 1 1 1 17 1 26 23 |15 5 1 6 3 1 1 7 15 19 10 14 22 11 11 8 |5 12 16 13 4 1 5 20 3 3 7 9 5 15 8 1 |1 2 16 1 15 1 1 14 11 14 6 8 3 17 20 1 |1 1 1 9 18 1 7 1 9 17 13 7 9 35 29 39 |1 13 1 6 1 1 1 13 10 1 1 1 1 21 7 4 |7 6 9 1 6 1 1 12 9 1 17 3 17 1 15 2 |2 2 1 1 7 1 1 19 13 2 5 1 7 1 4 15 |5 6 4 2 4 1 15 2 17 4 2 13 1 1 6 1 |3 9 19 4 1 2 1 7 1 7 15 1 6 3 16 6 |1 1 2 5 1 1 5 6 1 14 4 1 1 1 11 11 |12 1 1 4 1 1 1 1 4 1 1 1 2 2 1 1 |
4425: 1 3 12 1 6 17 4 1 6 1 1 1 17 1 26 23 |15 5 1 6 3 1 1 7 15 19 10 14 22 11 11 8 |5 12 16 13 4 1 5 20 3 3 7 9 5 15 8 1 |1 2 16 1 15 1 1 14 11 14 6 8 3 17 20 1 |1 1 1 9 18 1 7 1 9 17 13 7 9 35 29 39 |1 13 1 6 1 1 1 13 10 1 1 1 1 21 7 4 |7 6 9 1 6 1 1 12 9 1 17 3 17 1 15 2 |2 2 1 1 7 1 1 19 13 2 5 1 7 1 4 15 |5 6 4 2 4 1 15 2 17 4 2 13 1 1 6 1 |3 9 19 4 1 2 1 7 1 7 15 1 6 3 16 6 |1 1 2 5 1 1 5 6 1 14 4 1 1 1 11 11 |12 1 1 4 1 1 1 1 4 1 1 1 2 2 1 1 |
4436: 1 9 7 1 6 13 9 1 1 1 2 3 12 1 26 22 |15 5 1 6 3 1 1 7 15 19 10 14 22 11 11 8 |5 12 16 13 4 1 5 20 3 3 7 9 5 15 8 1 |1 2 16 1 15 1 1 14 11 14 6 8 3 17 20 1 |1 1 1 9 18 1 7 1 9 17 13 7 9 35 29 39 |1 13 1 6 1 1 1 13 10 1 1 1 1 21 7 4 |7 6 9 1 6 1 1 12 9 1 17 3 17 1 15 2 |2 2 1 1 7 1 1 19 13 2 5 1 7 1 4 15 |5 6 4 2 4 1 15 2 17 4 2 13 1 1 6 1 |3 9 19 4 1 2 1 7 1 7 15 1 6 3 16 6 |1 1 2 5 1 1 5 6 1 14 4 1 1 1 11 11 |12 1 1 4 1 1 1 1 4 1 1 1 2 2 1 1 |
4447: 1 9 7 1 6 13 9 1 1 1 2 3 12 1 26 22 |15 5 1 6 3 1 1 7 15 19 10 14 22 11 11 8 |5 12 16 13 4 1 5 20 3 3 7 9 5 15 8 1 |1 2 16 1 15 1 1 14 11 14 6 8 3 17 20 1 |1 1 1 9 18 1 7 1 9 17 13 7 9 35 29 39 |1 13 1 6 1 1 1 13 10 1 1 1 1 21 7 4 |7 6 9 1 6 1 1 12 9 1 17 3 17 1 15 2 |2 2 1 1 7 1 1 19 13 2 5 1 7 1 4 15 |5 6 4 2 4 1 15 2 17 4 2 13 1 1 6 1 |3 9 19 4 1 2 1 7 1 7 15 1 6 3 16 6 |1 1 6 5 1 1 4 7 1 15 4 1 1 1 1 15 |12 1 1 4 1 1 1 1 4 1 1 1 2 2 1 1 |
4458: 1 9 7 1 6 13 9 1 1 1 2 3 12 1 26 22 |15 5 1 6 3 1 1 7 15 19 10 14 22 11 11 8 |5 12 16 13 4 1 5 20 3 3 7 9 5 15 8 1 |1 2 16 1 15 1 1 14 11 14 6 8 3 17 20 1 |1 1 1 9 18 1 7 1 9 17 13 7 9 35 29 39 |1 13 1 6 1 1 1 13 10 1 1 1 1 21 7 4 |7 6 9 1 6 1 1 12 9 1 17 3 17 1 15 2 |2 2 1 1 7 1 1 19 13 2 5 1 7 1 4 15 |5 6 4 2 4 1 15 2 17 4 2 13 1 1 6 1 |3 9 19 4 1 2 1 7 1 7 15 1 6 3 16 6 |1 1 6 5 1 1 4 7 1 15 4 1 1 1 1 15 |12 1 1 4 1 1 1 1 4 1 1 1 2 2 1 1 |
4469: 1 9 7 1 6 13 9 1 1 1 2 3 12 1 26 22 |15 5 1 6 3 1 1 7 15 19 10 14 22 11 11 8 |5 12 16 13 4 1 5 20 3 3 7 9 5 15 8 1 |1 2 16 1 15 1 1 14 11 14 6 8 3 17 20 1 |1 1 1 9 18 1 7 1 9 17 13 7 9 35 29 39 |1 13 1 6 1 1 1 13 10 1 1 1 1 21 7 4 |7 6 9 1 6 1 1 12 9 1 17 3 17 1 15 2 |2 2 1 1 7 1 1 19 13 2 5 1 7 1 4 15 |5 6 4 2 4 1 15 2 17 4 2 13 1 1 6 1 |3 9 19 4 1 2 1 7 1 7 15 1 6 3 16 6 |1 1 6 5 1 1 4 7 1 15 4 1 1 1 1 15 |12 1 1 4 1 1 1 1 4 1 1 1 2 2 1 1 |
4480: 1 10 13 1 7 18 5 1 7 1 3 1 17 1 4 16 |15 5 1 6 3 1 1 7 15 19 10 14 22 11 11 8 |5 12 16 13 4 1 5 20 3 3 7 9 5 15 8 1 |1 2 16 1 15 1 1 14 11 14 6 8 3 17 20 1 |1 1 1 9 18 1 7 1 9 17 13 7 9 35 29 39 |1 13 1 6 1 1 1 13 10 1 1 1 1 21 7 4 |7 6 9 1 6 1 1 12 9 1 17 3 17 1 15 2 |2 2 1 1 7 1 1 19 13 2 5 1 7 1 4 15 |5 6 4 2 4 1 15 2 17 4 2 13 1 1 6 1 |3 9 19 4 1 2 1 7 1 7 15 1 6 3 16 6 |1 1 6 5 1 1 4 7 1 15 4 1 1 1 1 15 |12 1 1 4 1 1 1 1 4 1 1 1 2 2 1 1 |
4491: 1 10 13 1 7 18 5 1 7 1 3 1 17 1 4 16 |15 5 1 6 3 1 1 7 15 19 10 14 22 11 11 8 |5 12 16 13 4 1 5 20 3 3 7 9 5 15 8 1 |1 2 16 1 15 1 1 14 11 14 6 8 3 17 20 1 |1 1 1 9 18 1 7 1 9 17 13 7 9 35 29 39 |1 13 1 6 1 1 1 13 10 1 1 1 1 21 7 4 |7 6 9 1 6 1 1 12 9 1 17 3 17 1 15 2 |2 2 1 1 7 1 1 19 13 2 5 1 7 1 4 15 |5 6 4 2 4 1 15 2 17 4 2 13 1 1 6 1 |3 9 19 4 1 2 1 7 1 7 15 1 6 3 16 6 |1 1 6 5 1 1 4 7 1 15 4 1 1 1 1 15 |12 1 1 4 1 1 1 1 4 1 1 1 2 2 1 1 |
4502: 1 10 13 1 7 18 5 1 7 1 3 1 17 1 4 16 |7 5 1 12 1 1 1 1 14 5 10 13 13 1 1 18 |5 12 16 13 4 1 5 20 3 3 7 9 5 15 8 1 |1 2 16 1 15 1 1 14 11 14 6 8 3 17 20 1 |1 1 1 9 18 1 7 1 9 17 13 7 9 35 29 39 |1 13 1 6 1 1 1 13 10 1 1 1 1 21 7 4 |7 6 9 1 6 1 1 12 9 1 17 3 17 1 15 2 |2 2 1 1 7 1 1 19 13 2 5 1 7 1 4 15 |5 6 4 2 4 1 15 2 17 4 2 13 1 1 6 1 |3 9 19 4 1 2 1 7 1 7 15 1 6 3 16 6 |1 1 6 5 1 1 4 7 1 15 4 1 1 1 1 15 |12 1 1 4 1 1 1 1 4 1 1 1 2 2 1 1 |
4512: 1 10 13 1 7 18 5 1 7 1 3 1 17 1 4 16 |7 5 1 12 1 1 1 1 14 5 10 13 13 1 1 18 |5 12 16 13 4 1 5 20 3 3 7 9 5 15 8 1 |1 2 16 1 15 1 1 14 11 14 6 8 3 17 20 1 |1 1 1 9 18 1 7 1 9 17 13 7 9 35 29 39 |1 13 1 6 1 1 1 13 10 1 1 1 1 21 7 4 |7 6 9 1 6 1 1 12 9 1 17 3 17 1 15 2 |2 2 1 1 7 1 1 19 13 2 5 1 7 1 4 15 |5 6 4 2 4 1 15 2 17 4 2 13 1 1 6 1 |2 10 7 1 1 1 2 7 2 6 14 1 6 3 15 1 |1 1 6 5 1 1 4 7 1 15 4 1 1 1 1 15 |12 1 1 4 1 1 1 1 4 1 1 1 2 2 1 1 |
4523: 1 10 13 1 7 18 5 1 7 1 3 1 17 1 4 16 |7 5 1 12 1 1 1 1 14 5 10 13 13 1 1 18 |5 12 16 13 4 1 5 20 3 3 7 9 5 15 8 1 |1 2 16 1 15 1 1 14 11 14 6 8 3 17 20 1 |1 1 1 9 18 1 7 1 9 17 13 7 9 35 29 39 |1 13 1 6 1 1 1 13 10 1 1 1 1 21 7 4 |7 6 9 1 6 1 1 12 9 1 17 3 17 1 15 2 |2 2 1 1 7 1 1 19 13 2 5 1 7 1 4 15 |5 6 4 2 4 1 15 2 17 4 2 13 1 1 6 1 |2 10 7 1 1 1 2 7 2 6 14 1 6 3 15 1 |1 1 6 5 1 1 4 7 1 15 4 1 1 1 1 15 |12 1 1 4 1 1 1 1 4 1 1 1 2 2 1 1 |
4534: 1 10 13 1 7 18 5 1 7 1 3 1 17 1 4 16 |7 5 1 12 1 1 1 1 14 5 10 13 13 1 1 18 |5 12 16 13 4 1 5 20 3 3 7 9 5 15 8 1 |1 2 16 1 15 1 1 14 11 14 6 8 3 17 20 1 |1 1 1 9 18 1 7 1 9 17 13 7 9 35 29 39 |1 13 1 6 1 1 1 13 10 1 1 1 1 21 7 4 |7 6 9 1 6 1 1 12 9 1 17 3 17 1 15 2 |2 2 1 1 7 1 1 19 13 2 5 1 7 1 4 15 |5 6 4 2 4 1 15 2 17 4 2 13 1 1 6 1 |2 10 7 1 1 1 2 7 2 6 14 1 6 3 15 1 |1 1 6 5 1 1 4 7 1 15 4 1 1 1 1 15 |12 1 1 4 1 1 1 1 4 1 1 1 2 2 1 1 |
4545: 1 10 13 1 7 18 5 1 7 1 3 1 17 1 4 16 |7 5 1 12 1 1 1 1 14 5 10 13 13 1 1 18 |5 12 16 13 4 1 5 20 3 3 7 9 5 15 8 1 |1 2 16 1 15 1 1 14 11 14 6 8 3 17 20 1 |1 1 1 9 18 1 7 1 9 17 13 7 9 35 29 39 |1 13 1 6 1 1 1 13 10 1 1 1 1 21 7 4 |7 6 9 1 6 1 1 12 9 1 17 3 17 1 15 2 |2 2 1 1 7 1 1 19 13 2 5 1 7 1 4 15 |5 6 4 2 4 1 15 2 17 4 2 13 1 1 6 1 |2 10 7 1 1 1 2 7 2 6 14 1 6 3 15 1 |1 1 6 5 1 1 4 7 1 15 4 1 1 1 1 15 |12 1 1 4 1 1 1 1 4 1 1 1 2 2 1 1 |
4556: 1 10 13 1 7 18 5 1 7 1 3 1 17 1 4 16 |7 5 1 12 1 1 1 1 14 5 10 13 13 1 1 18 |5 12 16 13 4 1 5 20 3 3 7 9 5 15 8 1 |1 2 16 1 15 1 1 14 11 14 6 8 3 17 20 1 |1 1 1 9 18 1 7 1 9 17 13 7 9 35 29 39 |1 13 1 6 1 1 1 13 10 1 1 1 1 21 7 4 |7 6 9 1 6 1 1 12 9 1 17 3 17 1 15 2 |2 2 1 1 7 1 1 19 13 2 5 1 7 1 4 15 |5 6 4 2 4 1 15 2 17 4 2 13 1 1 6 1 |2 10 7 1 1 1 2 7 2 6 14 1 6 3 15 1 |1 1 6 5 1 1 4 7 1 15 4 1 1 1 1 15 |12 1 1 4 1 1 1 1 4 1 1 1 2 2 1 1 |
4567: 1 10 13 1 7 18 5 1 7 1 3 1 17 1 4 16 |7 5 1 12 1 1 1 1 14 5 10 13 13 1 1 18 |5 12 16 13 4 1 5 20 3 3 7 9 5 15 8 1 |1 2 16 1 15 1 1 14 11 14 6 8 3 17 20 1 |1 1 1 9 18 1 7 1 9 17 13 7 9 35 29 39 |1 13 1 6 1 1 1 13 10 1 1 1 1 21 7 4 |7 6 9 1 6 1 1 12 9 1 17 3 17 1 15 2 |2 2 1 1 7 1 1 19 13 2 5 1 7 1 4 15 |5 6 4 2 4 1 15 2 17 4 2 13 1 1 6 1 |2 10 7 1 1 1 2 7 2 6 14 1 6 3 15 1 |1 1 6 5 1 1 4 7 1 15 4 1 1 1 1 15 |12 1 1 4 1 1 1 1 4 1 1 1 2 2 1 1 |
4578: 1 10 13 1 7 18 5 1 7 1 3 1 17 1 4 16 |7 5 1 12 1 1 1 1 14 5 10 13 13 1 1 18 |5 12 16 13 4 1 5 20 3 3 7 9 5 15 8 1 |1 2 16 1 15 1 1 14 11 14 6 8 3 17 20 1 |1 1 1 9 18 1 7 1 9 17 13 7 9 35 29 39 |1 13 1 6 1 1 1 13 10 1 1 1 1 21 7 4 |7 6 9 1 6 1 1 12 9 1 17 3 17 1 15 2 |2 1 1 1 1 1 8 18 13 1 5 3 6 2 1 13 |5 6 4 2 4 1 15 2 17 4 2 13 1 1 6 1 |2 10 7 1 1 1 2 7 2 6 14 1 6 3 15 1 |1 1 6 5 1 1 4 7 1 15 4 1 1 1 1 15 |12 1 1 4 1 1 1 1 4 1 1 1 2 2 1 1 |
4589: 1 10 13 1 7 18 5 1 7 1 3 1 17 1 4 16 |7 5 1 12 1 1 1 1 14 5 10 13 13 1 1 18 |5 12 16 13 4 1 5 20 3 3 7 9 5 15 8 1 |1 2 16 1 15 1 1 14 11 14 6 8 3 17 20 1 |1 1 1 9 18 1 7 1 9 17 13 7 9 35 29 39 |1 13 1 6 1 1 1 13 10 1 1 1 1 21 7 4 |7 6 9 1 6 1 1 12 9 1 17 3 17 1 15 2 |2 1 1 1 1 1 8 18 13 1 5 3 6 2 1 13 |5 6 4 2 4 1 15 2 17 4 2 13 1 1 6 1 |2 10 7 1 1 1 2 7 2 6 14 1 6 3 15 1 |1 1 6 5 1 1 4 7 1 15 4 1 1 1 1 15 |12 1 1 4 1 1 1 1 4 1 1 1 2 2 1 1 |
4600: 1 10 13 1 7 18 5 1 7 1 3 1 17 1 4 16 |7 5 1 12 1 1 1 1 14 5 10 13 13 1 1 18 |5 12 16 13 4 1 5 20 3 3 7 9 5 15 8 1 |1 2 16 1 15 1 1 14 11 14 6 8 3 17 20 1 |1 1 1 9 18 1 7 1 9 17 13 7 9 35 29 39 |1 13 1 6 1 1 1 13 10 1 1 1 1 21 7 4 |7 6 9 1 6 1 1 12 9 1 17 3 17 1 15 2 |2 1 1 1 1 1 8 18 13 1 5 3 6 2 1 13 |5 6 4 2 4 1 15 2 17 4 2 13 1 1 6 1 |2 10 7 1 1 1 2 7 2 6 14 1 6 3 15 1 |1 1 6 5 1 1 4 7 1 15 4 1 1 1 1 15 |12 1 1 4 1 1 1 1 4 1 1 1 2 2 1 1 |
4611: 1 10 13 1 7 18 5 1 7 1 3 1 17 1 4 16 |7 5 1 12 1 1 1 1 14 5 10 13 13 1 1 18 |5 12 16 13 4 1 5 20 3 3 7 9 5 15 8 1 |1 2 16 1 15 1 1 14 11 14 6 8 3 17 20 1 |1 1 1 9 18 1 7 1 9 17 13 7 9 35 29 39 |1 13 1 6 1 1 1 13 10 1 1 1 1 21 7 4 |7 6 1 8 1 1 3 2 15 1 14 3 18 1 6 9 |2 1 1 1 1 1 8 18 13 1 5 3 6 2 1 13 |5 6 4 2 4 1 15 2 17 4 2 13 1 1 6 1 |2 10 7 1 1 1 2 7 2 6 14 1 6 3 15 1 |1 1 6 5 1 1 4 7 1 15 4 1 1 1 1 15 |12 1 1 4 1 1 1 1 4 1 1 1 2 2 1 1 |
4622: 1 10 13 1 7 18 5 1 7 1 3 1 17 1 4 16 |7 5 1 12 1 1 1 1 14 5 10 13 13 1 1 18 |5 12 16 13 4 1 5 20 3 3 7 9 5 15 8 1 |1 2 16 1 15 1 1 14 11 14 6 8 3 17 20 1 |1 1 1 9 18 1 7 1 9 17 13 7 9 35 29 39 |1 13 1 6 1 1 1 13 10 1 1 1 1 21 7 4 |7 6 1 8 1 1 3 2 15 1 14 3 18 1 6 9 |2 1 1 1 1 1 8 18 13 1 5 3 6 2 1 13 |5 6 4 2 4 1 15 2 17 4 2 13 1 1 6 1 |2 10 7 1 1 1 2 7 2 6 14 1 6 3 15 1 |1 1 6 5 1 1 4 7 1 15 4 1 1 1 1 15 |12 1 1 4 1 1 1 1 4 1 1 1 2 2 1 1 |
4633: 1 10 13 1 7 18 5 1 7 1 3 1 17 1 4 16 |7 5 1 12 1 1 1 1 14 5 10 13 13 1 1 18 |5 12 16 13 4 1 5 20 3 3 7 9 5 15 8 1 |1 2 16 1 15 1 1 14 11 14 6 8 3 17 20 1 |1 1 1 9 18 1 7 1 9 17 13 7 9 35 29 39 |1 13 1 6 1 1 1 13 10 1 1 1 1 21 7 4 |7 6 1 8 1 1 3 2 15 1 14 3 18 1 6 9 |2 1 1 1 1 1 8 18 13 1 5 3 6 2 1 13 |5 6 4 2 4 1 15 2 17 4 2 13 1 1 6 1 |2 10 7 1 1 1 2 7 2 6 14 1 6 3 15 1 |1 1 6 5 1 1 4 7 1 15 4 1 1 1 1 15 |12 1 1 4 1 1 1 1 4 1 1 1 2 2 1 1 |
4644: 1 10 13 1 7 18 5 1 7 1 3 1 17 1 4 16 |7 5 1 12 1 1 1 1 14 5 10 13 13 1 1 18 |5 12 16 13 4 1 5 20 3 3 7 9 5 15 8 1 |1 2 16 1 15 1 1 14 11 14 6 8 3 17 20 1 |1 1 1 9 18 1 7 1 9 17 13 7 9 35 29 39 |1 13 1 6 1 1 1 13 10 1 1 1 1 21 7 4 |8 6 3 9 5 1 9 12 14 1 6 8 16 4 30 9 |2 1 1 1 1 1 8 18 13 1 5 3 6 2 1 13 |5 6 4 2 4 1 15 2 17 4 2 13 1 1 6 1 |2 10 7 1 1 1 2 7 2 6 14 1 6 3 15 1 |1 1 6 5 1 1 4 7 1 15 4 1 1 1 1 15 |12 1 1 4 1 1 1 1 4 1 1 1 2 2 1 1 |
4655: 1 10 13 1 7 18 5 1 7 1 3 1 17 1 4 16 |7 5 1 12 1 1 1 1 14 5 10 13 13 1 1 18 |5 12 16 13 4 1 5 20 3 3 7 9 5 15 8 1 |1 2 16 1 15 1 1 14 11 14 6 8 3 17 20 1 |1 1 1 9 18 1 7 1 9 17 13 7 9 35 29 39 |1 13 1 6 1 1 1 13 10 1 1 1 1 21 7 4 |8 6 3 9 5 1 9 12 14 1 6 8 16 4 30 9 |2 1 1 1 1 1 8 18 13 1 5 3 6 2 1 13 |5 6 4 2 4 1 15 2 17 4 2 13 1 1 6 1 |2 10 7 1 1 1 2 7 2 6 14 1 6 3 15 1 |1 1 6 5 1 1 4 7 1 15 4 1 1 1 1 15 |12 1 1 4 1 1 1 1 4 1 1 1 2 2 1 1 |
4666: 1 10 13 1 7 18 5 1 7 1 3 1 17 1 4 16 |7 5 1 12 1 1 1 1 14 5 10 13 13 1 1 18 |5 12 16 13 4 1 5 20 3 3 7 9 5 15 8 1 |1 2 16 1 15 1 1 14 11 14 6 8 3 17 20 1 |1 1 1 9 18 1 7 1 9 17 13 7 9 35 29 39 |1 13 1 6 1 1 1 13 10 1 1 1 1 21 7 4 |8 6 3 9 5 1 9 12 14 1 6 8 16 4 30 9 |2 1 1 1 1 1 8 18 13 1 5 3 6 2 1 13 |5 6 4 2 4 1 15 2 17 4 2 13 1 1 6 1 |2 10 7 1 1 1 2 7 2 6 14 1 6 3 15 1 |1 1 6 5 1 1 4 7 1 15 4 1 1 1 1 15 |12 1 1 4 1 1 1 1 4 1 1 1 2 2 1 1 |
4677: 1 10 13 1 7 18 5 1 7 1 3 1 17 1 4 16 |7 5 1 12 1 1 1 1 14 5 10 13 13 1 1 18 |5 12 16 13 4 1 5 20 3 3 7 9 5 15 8 1 |1 2 16 1 15 1 1 14 11 14 6 8 3 17 20 1 |1 1 1 9 18 1 7 1 9 17 13 7 9 35 29 39 |1 13 1 6 1 1 1 13 10 1 1 1 1 21 7 4 |8 6 3 9 5 1 9 12 14 1 6 8 16 4 30 9 |2 1 1 1 1 1 8 18 13 1 5 3 6 2 1 13 |5 6 4 2 4 1 15 2 17 4 2 13 1 1 6 1 |2 10 7 1 1 1 2 7 2 6 14 1 6 3 15 1 |1 1 6 5 1 1 4 7 1 15 4 1 1 1 1 15 |12 1 1 4 1 1 1 1 4 1 1 1 2 2 1 1 |
4688: 1 10 13 1 7 18 5 1 7 1 3 1 17 1 4 16 |7 5 1 12 1 1 1 1 14 5 10 13 13 1 1 18 |5 12 16 13 4 1 5 20 3 3 7 9 5 15 8 1 |1 2 16 1 15 1 1 14 11 14 6 8 3 17 20 1 |1 1 1 9 18 1 7 1 9 17 13 7 9 35 29 39 |1 13 1 6 1 1 1 13 10 1 1 1 1 21 7 4 |8 6 3 9 5 1 9 12 14 1 6 8 16 4 30 9 |2 1 1 1 1 1 8 18 13 1 5 3 6 2 1 13 |5 6 4 2 4 1 15 2 17 4 2 13 1 1 6 1 |2 10 7 1 1 1 2 7 2 6 14 1 6 3 15 1 |1 1 6 5 1 1 4 7 1 15 4 1 1 1 1 15 |12 1 1 4 1 1 1 1 4 1 1 1 2 2 1 1 |
4699: 1 10 13 1 7 18 5 1 7 1 3 1 17 1 4 16 |7 5 1 12 1 1 1 1 14 5 10 13 13 1 1 18 |5 12 16 13 4 1 5 20 3 3 7 9 5 15 8 1 |1 2 16 1 15 1 1 14 11 14 6 8 3 17 20 1 |1 1 1 9 18 1 7 1 9 17 13 7 9 35 29 39 |1 13 1 6 1 1 1 13 10 1 1 1 1 21 7 4 |8 6 3 9 5 1 9 12 14 1 6 8 16 4 30 9 |2 1 1 1 1 1 8 18 13 1 5 3 6 2 1 13 |5 6 4 2 4 1 15 2 17 4 2 13 1 1 6 1 |2 10 7 1 1 1 2 7 2 6 14 1 6 3 15 1 |1 1 6 5 1 1 4 7 1 15 4 1 1 1 1 15 |12 1 1 4 1 1 1 1 4 1 1 1 2 2 1 1 |
4710: 1 10 13 1 7 18 5 1 7 1 3 1 17 1 4 16 |7 5 1 12 1 1 1 1 14 5 10 13 13 1 1 18 |5 12 16 13 4 1 5 20 3 3 7 9 5 15 8 1 |1 2 16 1 15 1 1 14 11 14 6 8 3 17 20 1 |1 1 1 9 18 1 7 1 9 17 13 7 9 35 29 39 |1 13 1 6 1 1 1 13 10 1 1 1 1 21 7 4 |8 6 3 9 5 1 9 12 14 1 6 8 16 4 30 9 |2 1 1 1 1 1 8 18 13 1 5 3 6 2 1 13 |5 6 4 2 4 1 15 2 17 4 2 13 1 1 6 1 |2 10 7 1 1 1 2 7 2 6 14 1 6 3 15 1 |1 1 6 5 1 1 4 7 1 15 4 1 1 1 1 15 |12 1 1 4 1 1 1 1 4 1 1 1 2 2 1 1 |
4721: 1 10 13 1 7 18 5 1 7 1 3 1 17 1 4 16 |7 5 1 12 1 1 1 1 14 5 10 13 13 1 1 18 |5 12 16 13 4 1 5 20 3 3 7 9 5 15 8 1 |1 2 16 1 15 1 1 14 11 14 6 8 3 17 20 1 |1 1 1 9 18 1 7 1 9 17 13 7 9 35 29 39 |1 13 1 6 1 1 1 13 10 1 1 1 1 21 7 4 |8 6 3 9 5 1 9 12 14 1 6 8 16 4 30 9 |2 1 1 1 1 1 8 18 13 1 5 3 6 2 1 13 |5 6 4 2 4 1 15 2 17 4 2 13 1 1 6 1 |2 10 7 1 1 1 2 7 2 6 14 1 6 3 15 1 |1 1 6 5 1 1 4 7 1 15 4 1 1 1 1 15 |12 1 1 4 1 1 1 1 4 1 1 1 2 2 1 1 |
4732: 1 10 13 1 7 18 5 1 7 1 3 1 17 1 4 16 |7 5 1 12 1 1 1 1 14 5 10 13 13 1 1 18 |5 12 16 13 4 1 5 20 3 3 7 9 5 15 8 1 |1 2 16 1 15 1 1 14 11 14 6 8 3 17 20 1 |1 1 1 9 18 1 7 1 9 17 13 7 9 35 29 39 |1 13 1 6 1 1 1 13 10 1 1 1 1 21 7 4 |8 6 3 9 5 1 9 12 14 1 6 8 16 4 30 9 |2 1 1 1 1 1 8 18 13 1 5 3 6 2 1 13 |5 6 4 2 4 1 15 2 17 4 2 13 1 1 6 1 |2 10 7 1 1 1 2 7 2 6 14 1 6 3 15 1 |1 1 6 5 1 1 4 7 1 15 4 1 1 1 1 15 |12 1 1 4 1 1 1 1 4 1 1 1 2 2 1 1 |
4743: 1 10 13 1 7 18 5 1 7 1 3 1 17 1 4 16 |7 5 1 12 1 1 1 1 14 5 10 13 13 1 1 18 |5 12 16 13 4 1 5 20 3 3 7 9 5 15 8 1 |1 2 16 1 15 1 1 14 11 14 6 8 3 17 20 1 |1 1 1 9 18 1 7 1 9 17 13 7 9 35 29 39 |1 13 1 6 1 1 1 13 10 1 1 1 1 21 7 4 |8 6 3 9 5 1 9 12 14 1 6 8 16 4 30 9 |4 2 1 1 6 1 7 17 12 1 5 3 7 2 1 1 |5 6 4 2 4 1 15 2 17 4 2 13 1 1 6 1 |2 10 7 1 1 1 2 7 2 6 14 1 6 3 15 1 |1 1 6 5 1 1 4 7 1 15 4 1 1 1 1 15 |12 1 1 4 1 1 1 1 4 1 1 1 2 2 1 1 |
4754: 1 10 13 1 7 18 5 1 7 1 3 1 17 1 4 16 |7 5 1 12 1 1 1 1 14 5 10 13 13 1 1 18 |5 12 16 13 4 1 5 20 3 3 7 9 5 15 8 1 |1 2 16 1 15 1 1 14 11 14 6 8 3 17 20 1 |1 1 1 9 18 1 7 1 9 17 13 7 9 35 29 39 |1 13 1 6 1 1 1 13 10 1 1 1 1 21 7 4 |8 6 3 9 5 1 9 12 14 1 6 8 16 4 30 9 |4 2 1 1 6 1 7 17 12 1 5 3 7 2 1 1 |5 6 4 2 4 1 15 2 17 4 2 13 1 1 6 1 |2 10 7 1 1 1 2 7 2 6 14 1 6 3 15 1 |1 1 6 5 1 1 4 7 1 15 4 1 1 1 1 15 |12 1 1 4 1 1 1 1 4 1 1 1 2 2 1 1 |
4765: 1 10 13 1 7 18 5 1 7 1 3 1 17 1 4 16 |7 5 1 12 1 1 1 1 14 5 10 13 13 1 1 18 |5 12 16 13 4 1 5 20 3 3 7 9 5 15 8 1 |1 2 16 1 15 1 1 14 11 14 6 8 3 17 20 1 |1 1 1 9 18 1 7 1 9 17 13 7 9 35 29 39 |1 13 1 6 1 1 1 13 10 1 1 1 1 21 7 4 |8 6 3 9 5 1 9 12 14 1 6 8 16 4 30 9 |4 2 1 1 6 1 7 17 12 1 5 3 7 2 1 1 |5 6 4 2 4 1 15 2 17 4 2 13 1 1 6 1 |2 10 7 1 1 1 2 7 2 6 14 1 6 3 15 1 |1 1 6 5 1 1 4 7 1 15 4 1 1 1 1 15 |12 1 1 4 1 1 1 1 4 1 1 1 2 2 1 1 |
4776: 1 9 14 1 6 13 1 1 1 3 8 1 18 1 15 9 |7 5 1 12 1 1 1 1 14 5 10 13 13 1 1 18 |5 12 16 13 4 1 5 20 3 3 7 9 5 15 8 1 |1 2 16 1 15 1 1 14 11 14 6 8 3 17 20 1 |1 1 1 9 18 1 7 1 9 17 13 7 9 35 29 39 |1 13 1 6 1 1 1 13 10 1 1 1 1 21 7 4 |8 6 3 9 5 1 9 12 14 1 6 8 16 4 30 9 |4 2 1 1 6 1 7 17 12 1 5 3 7 2 1 1 |5 6 4 2 4 1 15 2 17 4 2 13 1 1 6 1 |2 10 7 1 1 1 2 7 2 6 14 1 6 3 15 1 |1 1 6 5 1 1 4 7 1 15 4 1 1 1 1 15 |12 1 1 4 1 1 1 1 4 1 1 1 2 2 1 1 |
4787: 1 9 14 1 6 13 1 1 1 3 8 1 18 1 15 9 |7 5 1 12 1 1 1 1 14 5 10 13 13 1 1 18 |5 12 16 13 4 1 5 20 3 3 7 9 5 15 8 1 |1 2 16 1 15 1 1 14 11 14 6 8 3 17 20 1 |1 1 1 9 18 1 7 1 9 17 13 7 9 35 29 39 |1 13 1 6 1 1 1 13 10 1 1 1 1 21 7 4 |8 6 3 9 5 1 9 12 14 1 6 8 16 4 30 9 |4 2 1 1 6 1 7 17 12 1 5 3 7 2 1 1 |5 6 4 2 4 1 15 2 17 4 2 13 1 1 6 1 |2 10 7 1 1 1 2 7 2 6 14 1 6 3 15 1 |1 1 6 5 1 1 4 7 1 15 4 1 1 1 1 15 |12 1 1 4 1 1 1 1 4 1 1 1 2 2 1 1 |
4798: 1 9 14 1 6 13 1 1 1 3 8 1 18 1 15 9 |7 5 1 12 1 1 1 1 14 5 10 13 13 1 1 18 |5 12 16 13 4 1 5 20 3 3 7 9 5 15 8 1 |1 2 16 1 15 1 1 14 11 14 6 8 3 17 20 1 |1 1 1 9 18 1 7 1 9 17 13 7 9 35 29 39 |1 13 1 6 1 1 1 13 10 1 1 1 1 21 7 4 |8 6 3 9 5 1 9 12 14 1 6 8 16 4 30 9 |4 2 1 1 6 1 7 17 12 1 5 3 7 2 1 1 |5 6 4 2 4 1 15 2 17 4 2 13 1 1 6 1 |2 10 7 1 1 1 2 7 2 6 14 1 6 3 15 1 |1 1 6 5 1 1 4 7 1 15 4 1 1 1 1 15 |12 1 1 4 1 1 1 1 4 1 1 1 2 2 1 1 |
4809: 1 9 14 1 6 13 1 1 1 3 8 1 18 1 15 9 |7 5 1 12 1 1 1 1 14 5 10 13 13 1 1 18 |5 12 16 13 4 1 5 20 3 3 7 9 5 15 8 1 |1 2 16 1 15 1 1 14 11 14 6 8 3 17 20 1 |1 1 1 9 18 1 7 1 9 17 13 7 9 35 29 39 |1 13 1 6 1 1 1 13 10 1 1 1 1 21 7 4 |7 6 4 1 6 1 10 2 2 1 16 2 20 6 17 1 |4 2 1 1 6 1 7 17 12 1 5 3 7 2 1 1 |5 6 4 2 4 1 15 2 17 4 2 13 1 1 6 1 |2 10 7 1 1 1 2 7 2 6 14 1 6 3 15 1 |1 1 6 5 1 1 4 7 1 15 4 1 1 1 1 15 |12 1 1 4 1 1 1 1 4 1 1 1 2 2 1 1 |
4820: 1 9 14 1 6 13 1 1 1 3 8 1 18 1 15 9 |7 5 1 12 1 1 1 1 14 5 10 13 13 1 1 18 |5 12 16 13 4 1 5 20 3 3 7 9 5 15 8 1 |1 2 16 1 15 1 1 14 11 14 6 8 3 17 20 1 |1 1 1 9 18 1 7 1 9 17 13 7 9 35 29 39 |1 13 1 6 1 1 1 13 10 1 1 1 1 21 7 4 |7 6 4 1 6 1 10 2 2 1 16 2 20 6 17 1 |4 2 1 1 6 1 7 17 12 1 5 3 7 2 1 1 |5 6 4 2 4 1 15 2 17 4 2 13 1 1 6 1 |2 10 7 1 1 1 2 7 2 6 14 1 6 3 15 1 |1 1 6 5 1 1 4 7 1 15 4 1 1 1 1 15 |12 1 1 4 1 1 1 1 4 1 1 1 2 2 1 1 |
4831: 1 9 14 1 6 13 1 1 1 3 8 1 18 1 15 9 |7 5 1 12 1 1 1 1 14 5 10 13 13 1 1 18 |5 12 16 13 4 1 5 20 3 3 7 9 5 15 8 1 |1 2 16 1 15 1 1 14 11 14 6 8 3 17 20 1 |1 1 1 9 18 1 7 1 9 17 13 7 9 35 29 39 |1 13 1 6 1 1 1 13 10 1 1 1 1 21 7 4 |7 6 4 1 6 1 10 2 2 1 16 2 20 6 17 1 |4 2 1 1 6 1 7 17 12 1 5 3 7 2 1 1 |5 6 4 2 4 1 15 2 17 4 2 13 1 1 6 1 |2 10 7 1 1 1 2 7 2 6 14 1 6 3 15 1 |1 1 6 5 1 1 4 7 1 15 4 1 1 1 1 15 |12 1 1 4 1 1 1 1 4 1 1 1 2 2 1 1 |
4842: 1 9 14 1 6 13 1 1 1 3 8 1 18 1 15 9 |7 5 1 12 1 1 1 1 14 5 10 13 13 1 1 18 |5 12 16 13 4 1 5 20 3 3 7 9 5 15 8 1 |1 2 16 1 15 1 1 14 11 14 6 8 3 17 20 1 |1 1 1 9 18 1 7 1 9 17 13 7 9 35 29 39 |1 13 1 6 1 1 1 13 10 1 1 1 1 21 7 4 |7 6 4 1 6 1 10 2 2 1 16 2 20 6 17 1 |4 2 1 1 6 1 7 17 12 1 5 3 7 2 1 1 |5 6 4 2 4 1 15 2 17 4 2 13 1 1 6 1 |2 10 7 1 1 1 2 7 2 6 14 1 6 3 15 1 |1 1 6 5 1 1 4 7 1 15 4 1 1 1 1 15 |12 1 1 4 1 1 1 1 4 1 1 1 2 2 1 1 |
4853: 1 9 14 1 6 13 1 1 1 3 8 1 18 1 15 9 |7 5 1 12 1 1 1 1 14 5 10 13 13 1 1 18 |5 12 16 13 4 1 5 20 3 3 7 9 5 15 8 1 |1 2 16 1 15 1 1 14 11 14 6 8 3 17 20 1 |1 1 1 9 18 1 7 1 9 17 13 7 9 35 29 39 |1 13 1 6 1 1 1 13 10 1 1 1 1 21 7 4 |7 6 4 1 6 1 10 2 2 1 16 2 20 6 17 1 |4 2 1 1 6 1 7 17 12 1 5 3 7 2 1 1 |5 6 4 2 4 1 15 2 17 4 2 13 1 1 6 1 |2 10 7 1 1 1 2 7 2 6 14 1 6 3 15 1 |1 1 6 5 1 1 4 7 1 15 4 1 1 1 1 15 |12 1 1 4 1 1 1 1 4 1 1 1 2 2 1 1 |
4864: 1 9 14 1 6 13 1 1 1 3 8 1 18 1 15 9 |7 5 1 12 1 1 1 1 14 5 10 13 13 1 1 18 |5 12 16 13 4 1 5 20 3 3 7 9 5 15 8 1 |1 2 16 1 15 1 1 14 11 14 6 8 3 17 20 1 |1 1 1 9 18 1 7 1 9 17 13 7 9 35 29 39 |1 13 1 6 1 1 1 13 10 1 1 1 1 21 7 4 |7 6 4 1 6 1 10 2 2 1 16 2 20 6 17 1 |4 2 1 1 6 1 7 17 12 1 5 3 7 2 1 1 |5 6 4 2 4 1 15 2 17 4 2 13 1 1 6 1 |2 10 7 1 1 1 2 7 2 6 14 1 6 3 15 1 |1 1 6 5 1 1 4 7 1 15 4 1 1 1 1 15 |12 1 1 4 1 1 1 1 4 1 1 1 2 2 1 1 |
4875: 1 9 14 1 6 13 1 1 1 3 8 1 18 1 15 9 |7 5 1 12 1 1 1 1 14 5 10 13 13 1 1 18 |5 12 16 13 4 1 5 20 3 3 7 9 5 15 8 1 |1 2 16 1 15 1 1 14 11 14 6 8 3 17 20 1 |1 1 1 9 18 1 7 1 9 17 13 7 9 35 29 39 |1 13 1 6 1 1 1 13 10 1 1 1 1 21 7 4 |7 6 4 1 6 1 10 2 2 1 16 2 20 6 17 1 |2 1 1 1 1 2 7 18 12 1 13 2 8 1 3 9 |5 6 4 2 4 1 15 2 17 4 2 13 1 1 6 1 |2 10 7 1 1 1 2 7 2 6 14 1 6 3 15 1 |1 1 6 5 1 1 4 7 1 15 4 1 1 1 1 15 |12 1 1 4 1 1 1 1 4 1 1 1 2 2 1 1 |
4885: 1 9 14 1 6 13 1 1 1 3 8 1 18 1 15 9 |7 5 1 12 1 1 1 1 14 5 10 13 13 1 1 18 |5 12 16 13 4 1 5 20 3 3 7 9 5 15 8 1 |1 2 16 1 15 1 1 14 11 14 6 8 3 17 20 1 |1 1 1 9 18 1 7 1 9 17 13 7 9 35 29 39 |1 13 1 6 1 1 1 13 10 1 1 1 1 21 7 4 |7 6 4 1 6 1 10 2 2 1 16 2 20 6 17 1 |2 1 1 1 1 2 7 18 12 1 13 2 8 1 3 9 |5 6 4 2 4 1 15 2 17 4 2 13 1 1 6 1 |2 10 7 1 1 1 2 7 2 6 14 1 6 3 15 1 |1 1 6 5 1 1 4 7 1 15 4 1 1 1 1 15 |12 1 1 4 1 1 1 1 4 1 1 1 2 2 1 1 |
4896: 1 9 14 1 6 13 1 1 1 3 8 1 18 1 15 9 |7 5 1 12 1 1 1 1 14 5 10 13 13 1 1 18 |5 12 16 13 4 1 5 20 3 3 7 9 5 15 8 1 |1 2 16 1 15 1 1 14 11 14 6 8 3 17 20 1 |1 1 1 9 18 1 7 1 9 17 13 7 9 35 29 39 |1 13 1 6 1 1 1 13 10 1 1 1 1 21 7 4 |7 6 4 1 6 1 10 2 2 1 16 2 20 6 17 1 |2 1 1 1 1 2 7 18 12 1 13 2 8 1 3 9 |5 6 4 2 4 1 15 2 17 4 2 13 1 1 6 1 |2 10 7 1 1 1 2 7 2 6 14 1 6 3 15 1 |1 1 6 5 1 1 4 7 1 15 4 1 1 1 1 15 |12 1 1 4 1 1 1 1 4 1 1 1 2 2 1 1 |
4907: 1 9 14 1 6 13 1 1 1 3 8 1 18 1 15 9 |7 5 1 12 1 1 1 1 14 5 10 13 13 1 1 18 |5 12 16 13 4 1 5 20 3 3 7 9 5 15 8 1 |1 2 16 1 15 1 1 14 11 14 6 8 3 17 20 1 |1 1 1 9 18 1 7 1 9 17 13 7 9 35 29 39 |1 13 1 6 1 1 1 13 10 1 1 1 1 21 7 4 |7 6 8 2 7 1 1 12 9 1 18 3 18 6 16 11 |2 1 1 1 1 2 7 18 12 1 13 2 8 1 3 9 |5 6 4 2 4 1 15 2 17 4 2 13 1 1 6 1 |2 10 7 1 1 1 2 7 2 6 14 1 6 3 15 1 |1 1 6 5 1 1 4 7 1 15 4 1 1 1 1 15 |12 1 1 4 1 1 1 1 4 1 1 1 2 2 1 1 |
4918: 1 9 14 1 6 13 1 1 1 3 8 1 18 1 15 9 |7 5 1 12 1 1 1 1 14 5 10 13 13 1 1 18 |5 12 16 13 4 1 5 20 3 3 7 9 5 15 8 1 |1 2 16 1 15 1 1 14 11 14 6 8 3 17 20 1 |1 1 1 9 18 1 7 1 9 17 13 7 9 35 29 39 |1 13 1 6 1 1 1 13 10 1 1 1 1 21 7 4 |7 6 8 2 7 1 1 12 9 1 18 3 18 6 16 11 |2 1 1 1 1 2 7 18 12 1 13 2 8 1 3 9 |5 6 4 2 4 1 15 2 17 4 2 13 1 1 6 1 |2 10 7 1 1 1 2 7 2 6 14 1 6 3 15 1 |1 1 6 5 1 1 4 7 1 15 4 1 1 1 1 15 |12 1 1 4 1 1 1 1 4 1 1 1 2 2 1 1 |
4929: 1 9 14 1 6 13 1 1 1 3 8 1 18 1 15 9 |7 5 1 12 1 1 1 1 14 5 10 13 13 1 1 18 |5 12 16 13 4 1 5 20 3 3 7 9 5 15 8 1 |1 2 16 1 15 1 1 14 11 14 6 8 3 17 20 1 |1 1 1 9 18 1 7 1 9 17 13 7 9 35 29 39 |1 13 1 6 1 1 1 13 10 1 1 1 1 21 7 4 |7 6 8 2 7 1 1 12 9 1 18 3 18 6 16 11 |2 1 1 1 1 2 7 18 12 1 13 2 8 1 3 9 |5 6 4 2 4 1 15 2 17 4 2 13 1 1 6 1 |2 10 7 1 1 1 2 7 2 6 14 1 6 3 15 1 |1 1 6 5 1 1 4 7 1 15 4 1 1 1 1 15 |12 1 1 4 1 1 1 1 4 1 1 1 2 2 1 1 |
4940: 1 9 14 1 6 13 1 1 1 3 8 1 18 1 15 9 |7 5 1 12 1 1 1 1 14 5 10 13 13 1 1 18 |5 12 16 13 4 1 5 20 3 3 7 9 5 15 8 1 |1 2 16 1 15 1 1 14 11 14 6 8 3 17 20 1 |4 2 10 8 16 6 1 1 9 18 8 8 5 21 86 113 |1 13 1 6 1 1 1 13 10 1 1 1 1 21 7 4 |7 6 8 2 7 1 1 12 9 1 18 3 18 6 16 11 |2 1 1 1 1 2 7 18 12 1 13 2 8 1 3 9 |5 6 4 2 4 1 15 2 17 4 2 13 1 1 6 1 |2 10 7 1 1 1 2 7 2 6 14 1 6 3 15 1 |1 1 6 5 1 1 4 7 1 15 4 1 1 1 1 15 |12 1 1 4 1 1 1 1 4 1 1 1 2 2 1 1 |
4951: 1 9 14 1 6 13 1 1 1 3 8 1 18 1 15 9 |7 5 1 12 1 1 1 1 14 5 10 13 13 1 1 18 |5 12 16 13 4 1 5 20 3 3 7 9 5 15 8 1 |1 2 16 1 15 1 1 14 11 14 6 8 3 17 20 1 |4 2 10 8 16 6 1 1 9 18 8 8 5 21 86 113 |1 13 1 6 1 1 1 13 10 1 1 1 1 21 7 4 |7 6 8 2 7 1 1 12 9 1 18 3 18 6 16 11 |2 1 1 1 1 2 7 18 12 1 13 2 8 1 3 9 |5 6 4 2 4 1 15 2 17 4 2 13 1 1 6 1 |2 10 7 1 1 1 2 7 2 6 14 1 6 3 15 1 |1 1 6 5 1 1 4 7 1 15 4 1 1 1 1 15 |12 1 1 4 1 1 1 1 4 1 1 1 2 2 1 1 |
4962: 1 9 14 1 6 13 1 1 1 3 8 1 18 1 15 9 |7 5 1 12 1 1 1 1 14 5 10 13 13 1 1 18 |5 12 16 13 4 1 5 20 3 3 7 9 5 15 8 1 |1 2 16 1 15 1 1 14 11 14 6 8 3 17 20 1 |4 2 10 8 16 6 1 1 9 18 8 8 5 21 86 113 |1 13 1 6 1 1 1 13 10 1 1 1 1 21 7 4 |7 6 8 2 7 1 1 12 9 1 18 3 18 6 16 11 |2 1 1 1 1 2 7 18 12 1 13 2 8 1 3 9 |5 6 4 2 4 1 15 2 17 4 2 13 1 1 6 1 |2 10 7 1 1 1 2 7 2 6 14 1 6 3 15 1 |1 1 6 5 1 1 4 7 1 15 4 1 1 1 1 15 |12 1 1 4 1 1 1 1 4 1 1 1 2 2 1 1 |
4973: 1 9 14 1 6 13 1 1 1 3 8 1 18 1 15 9 |7 5 1 12 1 1 1 1 14 5 10 13 13 1 1 18 |5 12 16 13 4 1 5 20 3 3 7 9 5 15 8 1 |1 2 16 1 15 1 1 14 11 14 6 8 3 17 20 1 |4 2 10 8 16 6 1 1 9 18 8 8 5 21 86 113 |1 13 1 6 1 1 1 13 10 1 1 1 1 21 7 4 |8 6 1 9 1 1 1 12 9 1 16 9 16 1 2 1 |2 1 1 1 1 2 7 18 12 1 13 2 8 1 3 9 |5 6 4 2 4 1 15 2 17 4 2 13 1 1 6 1 |2 10 7 1 1 1 2 7 2 6 14 1 6 3 15 1 |1 1 6 5 1 1 4 7 1 15 4 1 1 1 1 15 |12 1 1 4 1 1 1 1 4 1 1 1 2 2 1 1 |
4984: 1 9 14 1 6 13 1 1 1 3 8 1 18 1 15 9 |7 5 1 12 1 1 1 1 14 5 10 13 13 1 1 18 |5 12 16 13 4 1 5 20 3 3 7 9 5 15 8 1 |1 2 16 1 15 1 1 14 11 14 6 8 3 17 20 1 |4 2 10 8 16 6 1 1 9 18 8 8 5 21 86 113 |1 13 1 6 1 1 1 13 10 1 1 1 1 21 7 4 |8 6 1 9 1 1 1 12 9 1 16 9 16 1 2 1 |2 2 3 1 6 1 8 17 11 1 4 2 7 1 4 12 |5 6 4 2 4 1 15 2 17 4 2 13 1 1 6 1 |2 10 7 1 1 1 2 7 2 6 14 1 6 3 15 1 |1 1 6 5 1 1 4 7 1 15 4 1 1 1 1 15 |12 1 1 4 1 1 1 1 4 1 1 1 2 2 1 1 |
4995: 1 9 14 1 6 13 1 1 1 3 8 1 18 1 15 9 |7 5 1 12 1 1 1 1 14 5 10 13 13 1 1 18 |5 12 16 13 4 1 5 20 3 3 7 9 5 15 8 1 |1 2 16 1 15 1 1 14 11 14 6 8 3 17 20 1 |4 2 10 8 16 6 1 1 9 18 8 8 5 21 86 113 |1 13 1 6 1 1 1 13 10 1 1 1 1 21 7 4 |8 6 1 9 1 1 1 12 9 1 16 9 16 1 2 1 |2 2 3 1 6 1 8 17 11 1 4 2 7 1 4 12 |5 6 4 2 4 1 15 2 17 4 2 13 1 1 6 1 |2 10 7 1 1 1 2 7 2 6 14 1 6 3 15 1 |1 1 6 5 1 1 4 7 1 15 4 1 1 1 1 15 |12 1 1 4 1 1 1 1 4 1 1 1 2 2 1 1 |
5006: 1 9 14 1 6 13 1 1 1 3 8 1 18 1 15 9 |7 5 1 12 1 1 1 1 14 5 10 13 13 1 1 18 |5 12 16 13 4 1 5 20 3 3 7 9 5 15 8 1 |1 2 16 1 15 1 1 14 11 14 6 8 3 17 20 1 |4 2 10 8 16 6 1 1 9 18 8 8 5 21 86 113 |2 7 4 9 4 9 1 11 10 1 2 1 9 10 1 4 |8 6 1 9 1 1 1 12 9 1 16 9 16 1 2 1 |2 2 3 1 6 1 8 17 11 1 4 2 7 1 4 12 |5 6 4 2 4 1 15 2 17 4 2 13 1 1 6 1 |2 10 7 1 1 1 2 7 2 6 14 1 6 3 15 1 |1 1 6 5 1 1 4 7 1 15 4 1 1 1 1 15 |12 1 1 4 1 1 1 1 4 1 1 1 2 2 1 1 |
5017: 1 9 14 1 6 13 1 1 1 3 8 1 18 1 15 9 |7 5 1 12 1 1 1 1 14 5 10 13 13 1 1 18 |5 12 16 13 4 1 5 20 3 3 7 9 5 15 8 1 |1 2 16 1 15 1 1 14 11 14 6 8 3 17 20 1 |4 2 10 8 16 6 1 1 9 18 8 8 5 21 86 113 |2 7 4 9 4 9 1 11 10 1 2 1 9 10 1 4 |8 6 1 9 1 1 1 12 9 1 16 9 16 1 2 1 |2 2 3 1 6 1 8 17 11 1 4 2 7 1 4 12 |5 6 4 2 4 1 15 2 17 4 2 13 1 1 6 1 |2 10 7 1 1 1 2 7 2 6 14 1 6 3 15 1 |1 1 6 5 1 1 4 7 1 15 4 1 1 1 1 15 |12 1 1 4 1 1 1 1 4 1 1 1 2 2 1 1 |
5028: 1 9 14 1 6 13 1 1 1 3 8 1 18 1 15 9 |7 5 1 12 1 1 1 1 14 5 10 13 13 1 1 18 |5 12 16 13 4 1 5 20 3 3 7 9 5 15 8 1 |1 2 16 1 15 1 1 14 11 14 6 8 3 17 20 1 |4 2 10 8 16 6 1 1 9 18 8 8 5 21 86 113 |2 7 4 9 4 9 1 11 10 1 2 1 9 10 1 4 |8 6 1 9 1 1 1 12 9 1 16 9 16 1 2 1 |2 2 3 1 6 1 8 17 11 1 4 2 7 1 4 12 |5 6 4 2 4 1 15 2 17 4 2 13 1 1 6 1 |2 10 7 1 1 1 2 7 2 6 14 1 6 3 15 1 |1 1 6 5 1 1 4 7 1 15 4 1 1 1 1 15 |12 1 1 4 1 1 1 1 4 1 1 1 2 2 1 1 |
5039: 1 9 14 1 6 13 1 1 1 3 8 1 18 1 15 9 |7 5 1 12 1 1 1 1 14 5 10 13 13 1 1 18 |5 12 16 13 4 1 5 20 3 3 7 9 5 15 8 1 |1 2 16 1 15 1 1 14 11 14 6 8 3 17 20 1 |4 2 10 8 16 6 1 1 9 18 8 8 5 21 86 113 |2 7 4 9 4 9 1 11 10 1 2 1 9 10 1 4 |1 2 11 8 3 1 1 12 10 1 17 3 7 1 3 1 |2 2 3 1 6 1 8 17 11 1 4 2 7 1 4 12 |5 6 4 2 4 1 15 2 17 4 2 13 1 1 6 1 |2 10 7 1 1 1 2 7 2 6 14 1 6 3 15 1 |1 1 6 5 1 1 4 7 1 15 4 1 1 1 1 15 |12 1 1 4 1 1 1 1 4 1 1 1 2 2 1 1 |
5050: 1 9 14 1 6 13 1 1 1 3 8 1 18 1 15 9 |7 5 1 12 1 1 1 1 14 5 10 13 13 1 1 18 |5 12 16 13 4 1 5 20 3 3 7 9 5 15 8 1 |1 2 16 1 15 1 1 14 11 14 6 8 3 17 20 1 |4 2 10 8 16 6 1 1 9 18 8 8 5 21 86 113 |2 7 4 9 4 9 1 11 10 1 2 1 9 10 1 4 |1 2 11 8 3 1 1 12 10 1 17 3 7 1 3 1 |2 2 3 1 6 1 8 17 11 1 4 2 7 1 4 12 |5 6 4 2 4 1 15 2 17 4 2 13 1 1 6 1 |2 10 7 1 1 1 2 7 2 6 14 1 6 3 15 1 |1 1 6 5 1 1 4 7 1 15 4 1 1 1 1 15 |12 1 1 4 1 1 1 1 4 1 1 1 2 2 1 1 |
5061: 1 9 14 1 6 13 1 1 1 3 8 1 18 1 15 9 |7 5 1 12 1 1 1 1 14 5 10 13 13 1 1 18 |5 12 16 13 4 1 5 20 3 3 7 9 5 15 8 1 |1 2 16 1 15 1 1 14 11 14 6 8 3 17 20 1 |4 2 10 8 16 6 1 1 9 18 8 8 5 21 86 113 |2 7 4 9 4 9 1 11 10 1 2 1 9 10 1 4 |1 2 11 8 3 1 1 12 10 1 17 3 7 1 3 1 |2 2 3 1 6 1 8 17 11 1 4 2 7 1 4 12 |5 6 4 2 4 1 15 2 17 4 2 13 1 1 6 1 |2 10 7 1 1 1 2 7 2 6 14 1 6 3 15 1 |1 1 6 5 1 1 4 7 1 15 4 1 1 1 1 15 |12 1 1 4 1 1 1 1 4 1 1 1 2 2 1 1 |
5072: 1 9 14 1 6 13 1 1 1 3 8 1 18 1 15 9 |7 5 1 12 1 1 1 1 14 5 10 13 13 1 1 18 |5 12 16 13 4 1 5 20 3 3 7 9 5 15 8 1 |1 2 16 1 15 1 1 14 11 14 6 8 3 17 20 1 |4 2 10 8 16 6 1 1 9 18 8 8 5 21 86 113 |2 7 4 9 4 9 1 11 10 1 2 1 9 10 1 4 |1 6 1 9 5 1 1 12 14 1 15 3 1 1 2 1 |2 2 3 1 6 1 8 17 11 1 4 2 7 1 4 12 |5 6 4 2 4 1 15 2 17 4 2 13 1 1 6 1 |2 10 7 1 1 1 2 7 2 6 14 1 6 3 15 1 |1 1 6 5 1 1 4 7 1 15 4 1 1 1 1 15 |12 1 1 4 1 1 1 1 4 1 1 1 2 2 1 1 |
5083: 1 9 14 1 6 13 1 1 1 3 8 1 18 1 15 9 |7 5 1 12 1 1 1 1 14 5 10 13 13 1 1 18 |5 12 16 13 4 1 5 20 3 3 7 9 5 15 8 1 |1 2 16 1 15 1 1 14 11 14 6 8 3 17 20 1 |4 2 10 8 16 6 1 1 9 18 8 8 5 21 86 113 |2 7 4 9 4 9 1 11 10 1 2 1 9 10 1 4 |1 6 1 9 5 1 1 12 14 1 15 3 1 1 2 1 |2 2 3 1 6 1 8 17 11 1 4 2 7 1 4 12 |5 6 4 2 4 1 15 2 17 4 2 13 1 1 6 1 |2 10 7 1 1 1 2 7 2 6 14 1 6 3 15 1 |1 1 6 5 1 1 4 7 1 15 4 1 1 1 1 15 |12 1 1 4 1 1 1 1 4 1 1 1 2 2 1 1 |
5094: 1 9 14 1 6 13 1 1 1 3 8 1 18 1 15 9 |7 5 1 12 1 1 1 1 14 5 10 13 13 1 1 18 |5 12 16 13 4 1 5 20 3 3 7 9 5 15 8 1 |1 2 16 1 15 1 1 14 11 14 6 8 3 17 20 1 |4 2 10 8 16 6 1 1 9 18 8 8 5 21 86 113 |2 7 4 9 4 9 1 11 10 1 2 1 9 10 1 4 |1 6 1 9 5 1 1 12 14 1 15 3 1 1 2 1 |2 2 3 1 6 1 8 17 11 1 4 2 7 1 4 12 |5 6 4 2 4 1 15 2 17 4 2 13 1 1 6 1 |2 10 7 1 1 1 2 7 2 6 14 1 6 3 15 1 |1 1 6 5 1 1 4 7 1 15 4 1 1 1 1 15 |12 1 1 4 1 1 1 1 4 1 1 1 2 2 1 1 |
5105: 1 9 14 1 6 13 1 1 1 3 8 1 18 1 15 9 |7 5 1 12 1 1 1 1 14 5 10 13 13 1 1 18 |5 12 16 13 4 1 5 20 3 3 7 9 5 15 8 1 |1 2 16 1 15 1 1 14 11 14 6 8 3 17 20 1 |4 2 10 8 16 6 1 1 9 18 8 8 5 21 86 113 |2 7 4 9 4 9 1 11 10 1 2 1 9 10 1 4 |1 6 1 9 5 1 1 12 14 1 15 3 1 1 2 1 |2 2 3 1 6 1 8 17 11 1 4 2 7 1 4 12 |5 6 4 2 4 1 15 2 17 4 2 13 1 1 6 1 |2 10 7 1 1 1 2 7 2 6 14 1 6 3 15 1 |1 1 6 5 1 1 4 7 1 15 4 1 1 1 1 15 |12 1 1 4 1 1 1 1 4 1 1 1 2 2 1 1 |
5116: 1 9 14 1 6 13 1 1 1 3 8 1 18 1 15 9 |7 5 1 12 1 1 1 1 14 5 10 13 13 1 1 18 |5 12 16 13 4 1 5 20 3 3 7 9 5 15 8 1 |1 2 16 1 15 1 1 14 11 14 6 8 3 17 20 1 |4 2 10 8 16 6 1 1 9 18 8 8 5 21 86 113 |2 7 4 9 4 9 1 11 10 1 2 1 9 10 1 4 |1 6 1 9 5 1 1 12 14 1 15 3 1 1 2 1 |2 2 3 1 6 1 8 17 11 1 4 2 7 1 4 12 |5 6 4 2 4 1 15 2 17 4 2 13 1 1 6 1 |2 10 7 1 1 1 2 7 2 6 14 1 6 3 15 1 |1 1 6 5 1 1 4 7 1 15 4 1 1 1 1 15 |12 1 1 4 1 1 1 1 4 1 1 1 2 2 1 1 |
5127: 1 9 14 1 6 13 1 1 1 3 8 1 18 1 15 9 |7 5 1 12 1 1 1 1 14 5 10 13 13 1 1 18 |5 12 16 13 4 1 5 20 3 3 7 9 5 15 8 1 |1 2 16 1 15 1 1 14 11 14 6 8 3 17 20 1 |4 2 10 8 16 6 1 1 9 18 8 8 5 21 86 113 |2 7 4 9 4 9 1 11 10 1 2 1 9 10 1 4 |1 6 1 9 5 1 1 12 14 1 15 3 1 1 2 1 |2 2 3 1 6 1 8 17 11 1 4 2 7 1 4 12 |5 6 4 2 4 1 15 2 17 4 2 13 1 1 6 1 |2 10 7 1 1 1 2 7 2 6 14 1 6 3 15 1 |1 1 6 5 1 1 4 7 1 15 4 1 1 1 1 15 |12 1 1 4 1 1 1 1 4 1 1 1 2 2 1 1 |
5138: 1 9 14 1 6 13 1 1 1 3 8 1 18 1 15 9 |7 5 1 12 1 1 1 1 14 5 10 13 13 1 1 18 |5 12 16 13 4 1 5 20 3 3 7 9 5 15 8 1 |1 2 16 1 15 1 1 14 11 14 6 8 3 17 20 1 |4 2 10 8 16 6 1 1 9 18 8 8 5 21 86 113 |1 8 3 8 3 7 1 14 10 3 3 1 8 1 1 10 |1 6 1 9 5 1 1 12 14 1 15 3 1 1 2 1 |2 2 3 1 6 1 8 17 11 1 4 2 7 1 4 12 |5 6 4 2 4 1 15 2 17 4 2 13 1 1 6 1 |2 10 7 1 1 1 2 7 2 6 14 1 6 3 15 1 |1 1 6 5 1 1 4 7 1 15 4 1 1 1 1 15 |12 1 1 4 1 1 1 1 4 1 1 1 2 2 1 1 |
5149: 1 9 14 1 6 13 1 1 1 3 8 1 18 1 15 9 |7 5 1 12 1 1 1 1 14 5 10 13 13 1 1 18 |5 12 16 13 4 1 5 20 3 3 7 9 5 15 8 1 |1 2 16 1 15 1 1 14 11 14 6 8 3 17 20 1 |4 2 10 8 16 6 1 1 9 18 8 8 5 21 86 113 |1 8 3 8 3 7 1 14 10 3 3 1 8 1 1 10 |1 6 1 9 5 1 1 12 14 1 15 3 1 1 2 1 |2 2 3 1 6 1 8 17 11 1 4 2 7 1 4 12 |5 6 4 2 4 1 15 2 17 4 2 13 1 1 6 1 |2 10 7 1 1 1 2 7 2 6 14 1 6 3 15 1 |1 1 6 5 1 1 4 7 1 15 4 1 1 1 1 15 |12 1 1 4 1 1 1 1 4 1 1 1 2 2 1 1 |
5160: 1 9 14 1 6 13 1 1 1 3 8 1 18 1 15 9 |7 5 1 12 1 1 1 1 14 5 10 13 13 1 1 18 |5 12 16 13 4 1 5 20 3 3 7 9 5 15 8 1 |1 2 16 1 15 1 1 14 11 14 6 8 3 17 20 1 |4 2 10 8 16 6 1 1 9 18 8 8 5 21 86 113 |1 8 3 8 3 7 1 14 10 3 3 1 8 1 1 10 |1 6 1 9 5 1 1 12 14 1 15 3 1 1 2 1 |2 2 3 1 6 1 8 17 11 1 4 2 7 1 4 12 |5 6 4 2 4 1 15 2 17 4 2 13 1 1 6 1 |2 10 7 1 1 1 2 7 2 6 14 1 6 3 15 1 |1 1 6 5 1 1 4 7 1 15 4 1 1 1 1 15 |12 1 1 4 1 1 1 1 4 1 1 1 2 2 1 1 |
5171: 1 9 14 1 6 13 1 1 1 3 8 1 18 1 15 9 |7 5 1 12 1 1 1 1 14 5 10 13 13 1 1 18 |5 12 16 13 4 1 5 20 3 3 7 9 5 15 8 1 |1 2 16 1 15 1 1 14 11 14 6 8 3 17 20 1 |4 2 10 8 16 6 1 1 9 18 8 8 5 21 86 113 |1 17 4 7 1 7 1 12 11 1 1 1 8 1 1 10 |1 6 1 9 5 1 1 12 14 1 15 3 1 1 2 1 |2 2 3 1 6 1 8 17 11 1 4 2 7 1 4 12 |5 6 4 2 4 1 15 2 17 4 2 13 1 1 6 1 |2 10 7 1 1 1 2 7 2 6 14 1 6 3 15 1 |1 1 6 5 1 1 4 7 1 15 4 1 1 1 1 15 |12 1 1 4 1 1 1 1 4 1 1 1 2 2 1 1 |
5182: 1 9 14 1 6 13 1 1 1 3 8 1 18 1 15 9 |7 5 1 12 1 1 1 1 14 5 10 13 13 1 1 18 |5 12 16 13 4 1 5 20 3 3 7 9 5 15 8 1 |1 2 16 1 15 1 1 14 11 14 6 8 3 17 20 1 |4 2 10 8 16 6 1 1 9 18 8 8 5 21 86 113 |1 17 4 7 1 7 1 12 11 1 1 1 8 1 1 10 |1 6 1 9 5 1 1 12 14 1 15 3 1 1 2 1 |2 2 3 1 6 1 8 17 11 1 4 2 7 1 4 12 |5 6 4 2 4 1 15 2 17 4 2 13 1 1 6 1 |2 10 7 1 1 1 2 7 2 6 14 1 6 3 15 1 |1 1 6 5 1 1 4 7 1 15 4 1 1 1 1 15 |12 1 1 4 1 1 1 1 4 1 1 1 2 2 1 1 |
5193: 1 9 14 1 6 13 1 1 1 3 8 1 18 1 15 9 |7 5 1 12 1 1 1 1 14 5 10 13 13 1 1 18 |5 12 16 13 4 1 5 20 3 3 7 9 5 15 8 1 |1 2 16 1 15 1 1 14 11 14 6 8 3 17 20 1 |4 2 10 8 16 6 1 1 9 18 8 8 5 21 86 113 |1 17 4 7 1 7 1 12 11 1 1 1 8 1 1 10 |1 6 1 9 5 1 1 12 14 1 15 3 1 1 2 1 |2 2 3 1 6 1 8 17 11 1 4 2 7 1 4 12 |5 6 4 2 4 1 15 2 17 4 2 13 1 1 6 1 |2 10 7 1 1 1 2 7 2 6 14 1 6 3 15 1 |1 1 6 5 1 1 4 7 1 15 4 1 1 1 1 15 |12 1 1 4 1 1 1 1 4 1 1 1 2 2 1 1 |
5204: 1 9 14 1 6 13 1 1 1 3 8 1 18 1 15 9 |7 5 1 12 1 1 1 1 14 5 10 13 13 1 1 18 |5 12 16 13 4 1 5 20 3 3 7 9 5 15 8 1 |1 2 16 1 15 1 1 14 11 14 6 8 3 17 20 1 |4 2 10 8 16 6 1 1 9 18 8 8 5 21 86 113 |1 17 4 7 1 7 1 12 11 1 1 1 8 1 1 10 |1 6 1 9 5 1 1 12 14 1 15 3 1 1 2 1 |2 2 3 1 6 1 8 17 11 1 4 2 7 1 4 12 |5 6 4 2 4 1 15 2 17 4 2 13 1 1 6 1 |2 10 7 1 1 1 2 7 2 6 14 1 6 3 15 1 |1 1 6 5 1 1 4 7 1 15 4 1 1 1 1 15 |12 1 1 4 1 1 1 1 4 1 1 1 2 2 1 1 |
5215: 1 9 14 1 6 13 1 1 1 3 8 1 18 1 15 9 |7 5 1 12 1 1 1 1 14 5 10 13 13 1 1 18 |5 12 16 13 4 1 5 20 3 3 7 9 5 15 8 1 |1 2 16 1 15 1 1 14 11 14 6 8 3 17 20 1 |4 2 10 8 16 6 1 1 9 18 8 8 5 21 86 113 |1 17 4 7 1 7 1 12 11 1 1 1 8 1 1 10 |1 6 1 9 5 1 1 12 14 1 15 3 1 1 2 1 |2 2 3 1 6 1 8 17 11 1 4 2 7 1 4 12 |5 6 4 2 4 1 15 2 17 4 2 13 1 1 6 1 |2 10 7 1 1 1 2 7 2 6 14 1 6 3 15 1 |1 1 6 5 1 1 4 7 1 15 4 1 1 1 1 15 |12 1 1 4 1 1 1 1 4 1 1 1 2 2 1 1 |
5226: 1 9 14 1 6 13 1 1 1 3 8 1 18 1 15 9 |7 5 1 12 1 1 1 1 14 5 10 13 13 1 1 18 |5 12 16 13 4 1 5 20 3 3 7 9 5 15 8 1 |1 2 16 1 15 1 1 14 11 14 6 8 3 17 20 1 |4 2 10 8 16 6 1 1 9 18 8 8 5 21 86 113 |1 17 4 7 1 7 1 12 11 1 1 1 8 1 1 10 |1 6 1 9 5 1 1 12 14 1 15 3 1 1 2 1 |2 2 3 1 6 1 8 17 11 1 4 2 7 1 4 12 |5 6 4 2 4 1 15 2 17 4 2 13 1 1 6 1 |2 10 7 1 1 1 2 7 2 6 14 1 6 3 15 1 |1 1 6 5 1 1 4 7 1 15 4 1 1 1 1 15 |12 1 1 4 1 1 1 1 4 1 1 1 2 2 1 1 |
5237: 1 9 14 1 6 13 1 1 1 3 8 1 18 1 15 9 |7 5 1 12 1 1 1 1 14 5 10 13 13 1 1 18 |4 15 26 13 17 1 22 29 6 11 18 19 15 45 208 292 |1 2 16 1 15 1 1 14 11 14 6 8 3 17 20 1 |4 2 10 8 16 6 1 1 9 18 8 8 5 21 86 113 |1 17 4 7 1 7 1 12 11 1 1 1 8 1 1 10 |1 6 1 9 5 1 1 12 14 1 15 3 1 1 2 1 |2 2 3 1 6 1 8 17 11 1 4 2 7 1 4 12 |5 6 4 2 4 1 15 2 17 4 2 13 1 1 6 1 |2 10 7 1 1 1 2 7 2 6 14 1 6 3 15 1 |1 1 6 5 1 1 4 7 1 15 4 1 1 1 1 15 |12 1 1 4 1 1 1 1 4 1 1 1 2 2 1 1 |
5248: 1 9 14 1 6 13 1 1 1 3 8 1 18 1 15 9 |7 5 1 12 1 1 1 1 14 5 10 13 13 1 1 18 |4 15 26 13 17 1 22 29 6 11 18 19 15 45 208 292 |1 2 16 1 15 1 1 14 11 14 6 8 3 17 20 1 |4 2 10 8 16 6 1 1 9 18 8 8 5 21 86 113 |1 17 4 7 1 7 1 12 11 1 1 1 8 1 1 10 |1 6 1 9 5 1 1 12 14 1 15 3 1 1 2 1 |2 2 3 1 6 1 8 17 11 1 4 2 7 1 4 12 |5 6 4 2 4 1 15 2 17 4 2 13 1 1 6 1 |2 10 7 1 1 1 2 7 2 6 14 1 6 3 15 1 |1 1 6 5 1 1 4 7 1 15 4 1 1 1 1 15 |5 1 1 3 10 3 1 1 4 1 1 1 2 1 5 5 |
5258: 1 9 14 1 6 13 1 1 1 3 8 1 18 1 15 9 |7 5 1 12 1 1 1 1 14 5 10 13 13 1 1 18 |4 15 26 13 17 1 22 29 6 11 18 19 15 45 208 292 |1 2 16 1 15 1 1 14 11 14 6 8 3 17 20 1 |4 2 10 8 16 6 1 1 9 18 8 8 5 21 86 113 |1 17 4 7 1 7 1 12 11 1 1 1 8 1 1 10 |1 6 1 9 5 1 1 12 14 1 15 3 1 1 2 1 |2 2 3 1 6 1 8 17 11 1 4 2 7 1 4 12 |5 6 4 2 4 1 15 2 17 4 2 13 1 1 6 1 |2 10 7 1 1 1 2 7 2 6 14 1 6 3 15 1 |1 1 6 5 1 1 4 7 1 15 4 1 1 1 1 15 |5 1 1 3 10 3 1 1 4 1 1 1 2 1 5 5 |
5269: 1 9 14 1 6 13 1 1 1 3 8 1 18 1 15 9 |7 5 1 12 1 1 1 1 14 5 10 13 13 1 1 18 |4 28 23 9 1 5 14 31 7 9 18 19 7 47 213 289 |1 2 16 1 15 1 1 14 11 14 6 8 3 17 20 1 |4 2 10 8 16 6 1 1 9 18 8 8 5 21 86 113 |1 17 4 7 1 7 1 12 11 1 1 1 8 1 1 10 |1 6 1 9 5 1 1 12 14 1 15 3 1 1 2 1 |2 2 3 1 6 1 8 17 11 1 4 2 7 1 4 12 |5 6 4 2 4 1 15 2 17 4 2 13 1 1 6 1 |2 10 7 1 1 1 2 7 2 6 14 1 6 3 15 1 |1 1 6 5 1 1 4 7 1 15 4 1 1 1 1 15 |5 1 1 3 10 3 1 1 4 1 1 1 2 1 5 5 |
5280: 1 9 14 1 6 13 1 1 1 3 8 1 18 1 15 9 |7 5 1 12 1 1 1 1 14 5 10 13 13 1 1 18 |4 28 23 9 1 5 14 31 7 9 18 19 7 47 213 289 |1 2 16 1 15 1 1 14 11 14 6 8 3 17 20 1 |4 2 10 8 16 6 1 1 9 18 8 8 5 21 86 113 |1 17 4 7 1 7 1 12 11 1 1 1 8 1 1 10 |1 6 1 9 5 1 1 12 14 1 15 3 1 1 2 1 |2 2 3 1 6 1 8 17 11 1 4 2 7 1 4 12 |5 6 4 2 4 1 15 2 17 4 2 13 1 1 6 1 |2 10 7 1 1 1 2 7 2 6 14 1 6 3 15 1 |1 1 1 5 1 1 3 6 1 14 3 1 1 1 12 7 |5 1 1 3 10 3 1 1 4 1 1 1 2 1 5 5 |
5291: 1 9 14 1 6 13 1 1 1 3 8 1 18 1 15 9 |7 5 1 12 1 1 1 1 14 5 10 13 13 1 1 18 |4 28 23 9 1 5 14 31 7 9 18 19 7 47 213 289 |1 2 16 1 15 1 1 14 11 14 6 8 3 17 20 1 |4 2 10 8 16 6 1 1 9 18 8 8 5 21 86 113 |1 17 4 7 1 7 1 12 11 1 1 1 8 1 1 10 |1 6 1 9 5 1 1 12 14 1 15 3 1 1 2 1 |2 2 3 1 6 1 8 17 11 1 4 2 7 1 4 12 |5 6 4 2 4 1 15 2 17 4 2 13 1 1 6 1 |2 10 7 1 1 1 2 7 2 6 14 1 6 3 15 1 |1 1 1 5 1 1 3 6 1 14 3 1 1 1 12 7 |5 1 1 3 10 3 1 1 4 1 1 1 2 1 5 5 |
5302: 1 9 14 1 6 13 1 1 1 3 8 1 18 1 15 9 |7 5 1 12 1 1 1 1 14 5 10 13 13 1 1 18 |4 28 23 9 1 5 14 31 7 9 18 19 7 47 213 289 |1 2 16 1 15 1 1 14 11 14 6 8 3 17 20 1 |4 2 10 8 16 6 1 1 9 18 8 8 5 21 86 113 |1 17 4 7 1 7 1 12 11 1 1 1 8 1 1 10 |1 6 1 9 5 1 1 12 14 1 15 3 1 1 2 1 |2 2 3 1 6 1 8 17 11 1 4 2 7 1 4 12 |5 6 4 2 4 1 15 2 17 4 2 13 1 1 6 1 |2 10 7 1 1 1 2 7 2 6 14 1 6 3 15 1 |1 1 1 5 1 1 3 6 1 14 3 1 1 1 12 7 |5 1 1 3 10 3 1 1 4 1 1 1 2 1 5 5 |
5313: 1 8 1 1 6 18 10 1 1 1 9 1 6 22 43 19 |7 5 1 12 1 1 1 1 14 5 10 13 13 1 1 18 |4 28 23 9 1 5 14 31 7 9 18 19 7 47 213 289 |1 2 16 1 15 1 1 14 11 14 6 8 3 17 20 1 |4 2 10 8 16 6 1 1 9 18 8 8 5 21 86 113 |1 17 4 7 1 7 1 12 11 1 1 1 8 1 1 10 |1 6 1 9 5 1 1 12 14 1 15 3 1 1 2 1 |2 2 3 1 6 1 8 17 11 1 4 2 7 1 4 12 |5 6 4 2 4 1 15 2 17 4 2 13 1 1 6 1 |2 10 7 1 1 1 2 7 2 6 14 1 6 3 15 1 |1 1 1 5 1 1 3 6 1 14 3 1 1 1 12 7 |5 1 1 3 10 3 1 1 4 1 1 1 2 1 5 5 |
5324: 1 8 1 1 6 18 10 1 1 1 9 1 6 22 43 19 |7 5 1 12 1 1 1 1 14 5 10 13 13 1 1 18 |4 28 23 9 1 5 14 31 7 9 18 19 7 47 213 289 |1 2 16 1 15 1 1 14 11 14 6 8 3 17 20 1 |4 2 10 8 16 6 1 1 9 18 8 8 5 21 86 113 |1 17 4 7 1 7 1 12 11 1 1 1 8 1 1 10 |1 6 1 9 5 1 1 12 14 1 15 3 1 1 2 1 |2 2 3 1 6 1 8 17 11 1 4 2 7 1 4 12 |5 6 4 2 4 1 15 2 17 4 2 13 1 1 6 1 |2 10 7 1 1 1 2 7 2 6 14 1 6 3 15 1 |1 1 1 5 1 1 3 6 1 14 3 1 1 1 12 7 |5 1 1 3 10 3 1 1 4 1 1 1 2 1 5 5 |
5335: 1 8 1 1 6 18 10 1 1 1 9 1 6 22 43 19 |7 5 1 12 1 1 1 1 14 5 10 13 13 1 1 18 |4 28 23 9 1 5 14 31 7 9 18 19 7 47 213 289 |1 2 16 1 15 1 1 14 11 14 6 8 3 17 20 1 |4 2 10 8 16 6 1 1 9 18 8 8 5 21 86 113 |1 17 4 7 1 7 1 12 11 1 1 1 8 1 1 10 |1 6 1 9 5 1 1 12 14 1 15 3 1 1 2 1 |2 2 3 1 6 1 8 17 11 1 4 2 7 1 4 12 |5 6 4 2 4 1 15 2 17 4 2 13 1 1 6 1 |2 10 7 1 1 1 2 7 2 6 14 1 6 3 15 1 |1 1 1 5 1 1 3 6 1 14 3 1 1 1 12 7 |5 1 1 3 10 3 1 1 4 1 1 1 2 1 5 5 |
5346: 1 8 1 1 6 18 10 1 1 1 9 1 6 22 43 19 |7 5 1 12 1 1 1 1 14 5 10 13 13 1 1 18 |4 28 23 9 1 5 14 31 7 9 18 19 7 47 213 289 |1 2 16 1 15 1 1 14 11 14 6 8 3 17 20 1 |4 2 10 8 16 6 1 1 9 18 8 8 5 21 86 113 |1 17 4 7 1 7 1 12 11 1 1 1 8 1 1 10 |1 6 1 9 5 1 1 12 14 1 15 3 1 1 2 1 |2 2 3 1 6 1 8 17 11 1 4 2 7 1 4 12 |5 6 4 2 4 1 15 2 17 4 2 13 1 1 6 1 |2 10 8 2 2 1 1 7 2 7 6 1 5 2 16 7 |1 1 1 5 1 1 3 6 1 14 3 1 1 1 12 7 |5 1 1 3 10 3 1 1 4 1 1 1 2 1 5 5 |
5357: 1 8 1 1 6 18 10 1 1 1 9 1 6 22 43 19 |7 5 1 12 1 1 1 1 14 5 10 13 13 1 1 18 |4 28 23 9 1 5 14 31 7 9 18 19 7 47 213 289 |1 2 16 1 15 1 1 14 11 14 6 8 3 17 20 1 |4 2 10 8 16 6 1 1 9 18 8 8 5 21 86 113 |1 17 4 7 1 7 1 12 11 1 1 1 8 1 1 10 |1 6 1 9 5 1 1 12 14 1 15 3 1 1 2 1 |2 2 3 1 6 1 8 17 11 1 4 2 7 1 4 12 |5 6 4 2 4 1 15 2 17 4 2 13 1 1 6 1 |2 10 8 2 2 1 1 7 2 7 6 1 5 2 16 7 |1 1 1 5 1 1 3 6 1 14 3 1 1 1 12 7 |5 1 1 3 10 3 1 1 4 1 1 1 2 1 5 5 |
5368: 1 8 1 1 6 18 10 1 1 1 9 1 6 22 43 19 |8 24 6 10 1 1 1 14 15 20 15 7 33 36 142 190 |4 28 23 9 1 5 14 31 7 9 18 19 7 47 213 289 |1 2 16 1 15 1 1 14 11 14 6 8 3 17 20 1 |4 2 10 8 16 6 1 1 9 18 8 8 5 21 86 113 |1 17 4 7 1 7 1 12 11 1 1 1 8 1 1 10 |1 6 1 9 5 1 1 12 14 1 15 3 1 1 2 1 |2 2 3 1 6 1 8 17 11 1 4 2 7 1 4 12 |5 6 4 2 4 1 15 2 17 4 2 13 1 1 6 1 |2 10 8 2 2 1 1 7 2 7 6 1 5 2 16 7 |1 1 1 5 1 1 3 6 1 14 3 1 1 1 12 7 |5 1 1 3 10 3 1 1 4 1 1 1 2 1 5 5 |
5379: 1 8 1 1 6 18 10 1 1 1 9 1 6 22 43 19 |8 24 6 10 1 1 1 14 15 20 15 7 33 36 142 190 |11 22 21 10 9 20 22 30 5 8 16 12 9 38 172 292 |1 2 16 1 15 1 1 14 11 14 6 8 3 17 20 1 |4 2 10 8 16 6 1 1 9 18 8 8 5 21 86 113 |1 17 4 7 1 7 1 12 11 1 1 1 8 1 1 10 |1 6 1 9 5 1 1 12 14 1 15 3 1 1 2 1 |2 2 3 1 6 1 8 17 11 1 4 2 7 1 4 12 |5 6 4 2 4 1 15 2 17 4 2 13 1 1 6 1 |2 10 8 2 2 1 1 7 2 7 6 1 5 2 16 7 |1 1 1 5 1 1 3 6 1 14 3 1 1 1 12 7 |5 1 1 3 10 3 1 1 4 1 1 1 2 1 5 5 |
5390: 1 8 1 1 6 18 10 1 1 1 9 1 6 22 43 19 |8 24 6 10 1 1 1 14 15 20 15 7 33 36 142 190 |11 22 21 10 9 20 22 30 5 8 16 12 9 38 172 292 |1 2 16 1 15 1 1 14 11 14 6 8 3 17 20 1 |4 2 10 8 16 6 1 1 9 18 8 8 5 21 86 113 |1 17 4 7 1 7 1 12 11 1 1 1 8 1 1 10 |1 6 1 9 5 1 1 12 14 1 15 3 1 1 2 1 |2 2 3 1 6 1 8 17 11 1 4 2 7 1 4 12 |5 6 4 2 4 1 15 2 17 4 2 13 1 1 6 1 |2 10 8 2 2 1 1 7 2 7 6 1 5 2 16 7 |1 1 1 5 1 1 3 6 1 14 3 1 1 1 12 7 |5 1 1 3 10 3 1 1 4 1 1 1 2 1 5 5 |
5401: 1 8 1 1 6 18 10 1 1 1 9 1 6 22 43 19 |8 24 6 10 1 1 1 14 15 20 15 7 33 36 142 190 |10 10 6 9 1 10 14 21 11 9 12 14 13 17 84 131 |1 2 16 1 15 1 1 14 11 14 6 8 3 17 20 1 |4 2 10 8 16 6 1 1 9 18 8 8 5 21 86 113 |1 17 4 7 1 7 1 12 11 1 1 1 8 1 1 10 |1 6 1 9 5 1 1 12 14 1 15 3 1 1 2 1 |2 2 3 1 6 1 8 17 11 1 4 2 7 1 4 12 |5 6 4 2 4 1 15 2 17 4 2 13 1 1 6 1 |2 10 8 2 2 1 1 7 2 7 6 1 5 2 16 7 |1 1 1 5 1 1 3 6 1 14 3 1 1 1 12 7 |5 1 1 3 10 3 1 1 4 1 1 1 2 1 5 5 |
5412: 1 8 1 1 6 18 10 1 1 1 9 1 6 22 43 19 |8 24 6 10 1 1 1 14 15 20 15 7 33 36 142 190 |10 10 6 9 1 10 14 21 11 9 12 14 13 17 84 131 |1 2 16 1 15 1 1 14 11 14 6 8 3 17 20 1 |4 2 10 8 16 6 1 1 9 18 8 8 5 21 86 113 |1 17 4 7 1 7 1 12 11 1 1 1 8 1 1 10 |1 6 1 9 5 1 1 12 14 1 15 3 1 1 2 1 |2 2 3 1 6 1 8 17 11 1 4 2 7 1 4 12 |5 6 4 2 4 1 15 2 17 4 2 13 1 1 6 1 |2 10 8 2 2 1 1 7 2 7 6 1 5 2 16 7 |2 1 8 1 2 1 3 5 2 5 3 1 1 1 4 15 |5 1 1 3 10 3 1 1 4 1 1 1 2 1 5 5 |
5423: 1 8 1 1 6 18 10 1 1 1 9 1 6 22 43 19 |8 24 6 10 1 1 1 14 15 20 15 7 33 36 142 190 |10 10 6 9 1 10 14 21 11 9 12 14 13 17 84 131 |1 2 16 1 15 1 1 14 11 14 6 8 3 17 20 1 |4 2 10 8 16 6 1 1 9 18 8 8 5 21 86 113 |1 17 4 7 1 7 1 12 11 1 1 1 8 1 1 10 |1 6 1 9 5 1 1 12 14 1 15 3 1 1 2 1 |2 2 3 1 6 1 8 17 11 1 4 2 7 1 4 12 |5 6 4 2 4 1 15 2 17 4 2 13 1 1 6 1 |2 10 8 2 2 1 1 7 2 7 6 1 5 2 16 7 |2 1 8 1 2 1 3 5 2 5 3 1 1 1 4 15 |5 1 1 3 10 3 1 1 4 1 1 1 2 1 5 5 |
5434: 1 8 1 1 6 18 10 1 1 1 9 1 6 22 43 19 |8 24 6 10 1 1 1 14 15 20 15 7 33 36 142 190 |10 10 6 9 1 10 14 21 11 9 12 14 13 17 84 131 |1 2 16 1 15 1 1 14 11 14 6 8 3 17 20 1 |4 2 10 8 16 6 1 1 9 18 8 8 5 21 86 113 |1 17 4 7 1 7 1 12 11 1 1 1 8 1 1 10 |1 6 1 9 5 1 1 12 14 1 15 3 1 1 2 1 |2 2 3 1 6 1 8 17 11 1 4 2 7 1 4 12 |5 6 4 2 4 1 15 2 17 4 2 13 1 1 6 1 |2 10 8 2 2 1 1 7 2 7 6 1 5 2 16 7 |2 1 8 1 2 1 3 5 2 5 3 1 1 1 4 15 |5 1 1 3 10 3 1 1 4 1 1 1 2 1 5 5 |
5445: 1 8 1 1 6 18 10 1 1 1 9 1 6 22 43 19 |8 24 6 10 1 1 1 14 15 20 15 7 33 36 142 190 |10 10 6 9 1 10 14 21 11 9 12 14 13 17 84 131 |1 2 16 1 15 1 1 14 11 14 6 8 3 17 20 1 |4 2 10 8 16 6 1 1 9 18 8 8 5 21 86 113 |1 17 4 7 1 7 1 12 11 1 1 1 8 1 1 10 |1 6 1 9 5 1 1 12 14 1 15 3 1 1 2 1 |2 2 3 1 6 1 8 17 11 1 4 2 7 1 4 12 |1 6 1 1 8 1 3 12 12 1 2 6 2 7 14 1 |2 10 8 2 2 1 1 7 2 7 6 1 5 2 16 7 |2 1 8 1 2 1 3 5 2 5 3 1 1 1 4 15 |5 1 1 3 10 3 1 1 4 1 1 1 2 1 5 5 |
5456: 1 8 1 1 6 18 10 1 1 1 9 1 6 22 43 19 |8 24 6 10 1 1 1 14 15 20 15 7 33 36 142 190 |10 10 6 9 1 10 14 21 11 9 12 14 13 17 84 131 |1 2 16 1 15 1 1 14 11 14 6 8 3 17 20 1 |4 2 10 8 16 6 1 1 9 18 8 8 5 21 86 113 |1 17 4 7 1 7 1 12 11 1 1 1 8 1 1 10 |1 6 1 9 5 1 1 12 14 1 15 3 1 1 2 1 |2 2 3 1 6 1 8 17 11 1 4 2 7 1 4 12 |1 6 1 1 8 1 3 12 12 1 2 6 2 7 14 1 |2 10 8 2 2 1 1 7 2 7 6 1 5 2 16 7 |2 1 8 1 2 1 3 5 2 5 3 1 1 1 4 15 |5 1 1 3 10 3 1 1 4 1 1 1 2 1 5 5 |
5467: 1 8 1 1 6 18 10 1 1 1 9 1 6 22 43 19 |8 24 6 10 1 1 1 14 15 20 15 7 33 36 142 190 |10 10 6 9 1 10 14 21 11 9 12 14 13 17 84 131 |1 2 16 1 15 1 1 14 11 14 6 8 3 17 20 1 |4 2 10 8 16 6 1 1 9 18 8 8 5 21 86 113 |1 17 4 7 1 7 1 12 11 1 1 1 8 1 1 10 |1 6 1 9 5 1 1 12 14 1 15 3 1 1 2 1 |2 2 3 1 6 1 8 17 11 1 4 2 7 1 4 12 |1 6 1 1 8 1 3 12 12 1 2 6 2 7 14 1 |2 10 8 2 2 1 1 7 2 7 6 1 5 2 16 7 |2 1 8 1 2 1 3 5 2 5 3 1 1 1 4 15 |5 1 1 3 10 3 1 1 4 1 1 1 2 1 5 5 |
5478: 1 8 1 1 6 18 10 1 1 1 9 1 6 22 43 19 |8 24 6 10 1 1 1 14 15 20 15 7 33 36 142 190 |10 10 6 9 1 10 14 21 11 9 12 14 13 17 84 131 |1 2 16 1 15 1 1 14 11 14 6 8 3 17 20 1 |4 2 10 8 16 6 1 1 9 18 8 8 5 21 86 113 |1 17 4 7 1 7 1 12 11 1 1 1 8 1 1 10 |1 6 1 9 5 1 1 12 14 1 15 3 1 1 2 1 |2 2 3 1 6 1 8 17 11 1 4 2 7 1 4 12 |2 2 2 2 8 1 15 13 12 1 1 6 1 9 13 3 |2 10 8 2 2 1 1 7 2 7 6 1 5 2 16 7 |2 1 8 1 2 1 3 5 2 5 3 1 1 1 4 15 |5 1 1 3 10 3 1 1 4 1 1 1 2 1 5 5 |
5489: 1 8 1 1 6 18 10 1 1 1 9 1 6 22 43 19 |8 24 6 10 1 1 1 14 15 20 15 7 33 36 142 190 |10 10 6 9 1 10 14 21 11 9 12 14 13 17 84 131 |1 2 16 1 15 1 1 14 11 14 6 8 3 17 20 1 |4 2 10 8 16 6 1 1 9 18 8 8 5 21 86 113 |1 17 4 7 1 7 1 12 11 1 1 1 8 1 1 10 |1 6 1 9 5 1 1 12 14 1 15 3 1 1 2 1 |2 2 3 1 6 1 8 17 11 1 4 2 7 1 4 12 |2 2 2 2 8 1 15 13 12 1 1 6 1 9 13 3 |4 10 13 6 2 2 1 6 2 5 14 1 6 2 3 1 |2 1 8 1 2 1 3 5 2 5 3 1 1 1 4 15 |5 1 1 3 10 3 1 1 4 1 1 1 2 1 5 5 |
5500: 1 8 1 1 6 18 10 1 1 1 9 1 6 22 43 19 |16 19 1 4 1 1 7 1 3 16 2 3 32 28 57 95 |10 10 6 9 1 10 14 21 11 9 12 14 13 17 84 131 |1 2 16 1 15 1 1 14 11 14 6 8 3 17 20 1 |4 2 10 8 16 6 1 1 9 18 8 8 5 21 86 113 |1 17 4 7 1 7 1 12 11 1 1 1 8 1 1 10 |1 6 1 9 5 1 1 12 14 1 15 3 1 1 2 1 |2 2 3 1 6 1 8 17 11 1 4 2 7 1 4 12 |2 2 2 2 8 1 15 13 12 1 1 6 1 9 13 3 |4 10 13 6 2 2 1 6 2 5 14 1 6 2 3 1 |2 1 8 1 2 1 3 5 2 5 3 1 1 1 4 15 |5 1 1 3 10 3 1 1 4 1 1 1 2 1 5 5 |
5511: 1 8 1 1 6 18 10 1 1 1 9 1 6 22 43 19 |16 19 1 4 1 1 7 1 3 16 2 3 32 28 57 95 |4 16 16 6 12 1 16 20 8 2 8 1 5 18 20 20 |1 2 16 1 15 1 1 14 11 14 6 8 3 17 20 1 |4 2 10 8 16 6 1 1 9 18 8 8 5 21 86 113 |1 17 4 7 1 7 1 12 11 1 1 1 8 1 1 10 |1 6 1 9 5 1 1 12 14 1 15 3 1 1 2 1 |2 2 3 1 6 1 8 17 11 1 4 2 7 1 4 12 |2 2 2 2 8 1 15 13 12 1 1 6 1 9 13 3 |4 10 13 6 2 2 1 6 2 5 14 1 6 2 3 1 |2 1 8 1 2 1 3 5 2 5 3 1 1 1 4 15 |5 1 1 3 10 3 1 1 4 1 1 1 2 1 5 5 |
5522: 1 8 1 1 6 18 10 1 1 1 9 1 6 22 43 19 |16 19 1 4 1 1 7 1 3 16 2 3 32 28 57 95 |4 16 16 6 12 1 16 20 8 2 8 1 5 18 20 20 |1 2 16 1 15 1 1 14 11 14 6 8 3 17 20 1 |4 2 10 8 16 6 1 1 9 18 8 8 5 21 86 113 |1 17 4 7 1 7 1 12 11 1 1 1 8 1 1 10 |1 6 1 9 5 1 1 12 14 1 15 3 1 1 2 1 |2 2 3 1 6 1 8 17 11 1 4 2 7 1 4 12 |2 2 2 2 8 1 15 13 12 1 1 6 1 9 13 3 |4 10 13 6 2 2 1 6 2 5 14 1 6 2 3 1 |2 1 8 1 2 1 3 5 2 5 3 1 1 1 4 15 |5 1 1 3 10 3 1 1 4 1 1 1 2 1 5 5 |
5533: 1 8 1 1 6 18 10 1 1 1 9 1 6 22 43 19 |16 19 1 4 1 1 7 1 3 16 2 3 32 28 57 95 |4 16 16 6 12 1 16 20 8 2 8 1 5 18 20 20 |1 2 16 1 15 1 1 14 11 14 6 8 3 17 20 1 |4 2 10 8 16 6 1 1 9 18 8 8 5 21 86 113 |1 17 4 7 1 7 1 12 11 1 1 1 8 1 1 10 |1 6 1 9 5 1 1 12 14 1 15 3 1 1 2 1 |2 2 3 1 6 1 8 17 11 1 4 2 7 1 4 12 |2 2 2 2 8 1 15 13 12 1 1 6 1 9 13 3 |4 10 13 6 2 2 1 6 2 5 14 1 6 2 3 1 |2 1 8 1 2 1 3 5 2 5 3 1 1 1 4 15 |5 1 1 3 10 3 1 1 4 1 1 1 2 1 5 5 |
5544: 1 8 1 1 6 18 10 1 1 1 9 1 6 22 43 19 |16 19 1 4 1 1 7 1 3 16 2 3 32 28 57 95 |4 16 16 6 12 1 16 20 8 2 8 1 5 18 20 20 |1 2 16 1 15 1 1 14 11 14 6 8 3 17 20 1 |4 2 10 8 16 6 1 1 9 18 8 8 5 21 86 113 |1 17 4 7 1 7 1 12 11 1 1 1 8 1 1 10 |1 6 1 9 5 1 1 12 14 1 15 3 1 1 2 1 |2 2 3 1 6 1 8 17 11 1 4 2 7 1 4 12 |2 2 2 2 8 1 15 13 12 1 1 6 1 9 13 3 |5 10 7 3 1 1 1 5 2 6 14 1 5 2 16 6 |2 1 8 1 2 1 3 5 2 5 3 1 1 1 4 15 |5 1 1 3 10 3 1 1 4 1 1 1 2 1 5 5 |
5555: 1 8 1 1 6 18 10 1 1 1 9 1 6 22 43 19 |16 19 1 4 1 1 7 1 3 16 2 3 32 28 57 95 |4 16 16 6 12 1 16 20 8 2 8 1 5 18 20 20 |1 2 16 1 15 1 1 14 11 14 6 8 3 17 20 1 |4 2 10 8 16 6 1 1 9 18 8 8 5 21 86 113 |1 17 4 7 1 7 1 12 11 1 1 1 8 1 1 10 |1 6 1 9 5 1 1 12 14 1 15 3 1 1 2 1 |2 2 3 1 6 1 8 17 11 1 4 2 7 1 4 12 |2 2 2 2 8 1 15 13 12 1 1 6 1 9 13 3 |5 10 7 3 1 1 1 5 2 6 14 1 5 2 16 6 |2 1 6 1 1 15 1 5 1 13 4 1 1 1 11 1 |5 1 1 3 10 3 1 1 4 1 1 1 2 1 5 5 |
5566: 1 8 1 1 6 18 10 1 1 1 9 1 6 22 43 19 |16 19 1 4 1 1 7 1 3 16 2 3 32 28 57 95 |4 16 16 6 12 5 5 20 8 1 6 1 5 18 16 10 |1 2 16 1 15 1 1 14 11 14 6 8 3 17 20 1 |4 2 10 8 16 6 1 1 9 18 8 8 5 21 86 113 |1 17 4 7 1 7 1 12 11 1 1 1 8 1 1 10 |1 6 1 9 5 1 1 12 14 1 15 3 1 1 2 1 |2 2 3 1 6 1 8 17 11 1 4 2 7 1 4 12 |2 2 2 2 8 1 15 13 12 1 1 6 1 9 13 3 |5 10 7 3 1 1 1 5 2 6 14 1 5 2 16 6 |2 1 6 1 1 15 1 5 1 13 4 1 1 1 11 1 |5 1 1 3 10 3 1 1 4 1 1 1 2 1 5 5 |
5577: 1 8 1 1 6 18 10 1 1 1 9 1 6 22 43 19 |16 19 1 4 1 1 7 1 3 16 2 3 32 28 57 95 |4 16 16 6 12 5 5 20 8 1 6 1 5 18 16 10 |1 2 1 1 7 1 5 12 1 1 13 6 8 10 22 1 |4 2 10 8 16 6 1 1 9 18 8 8 5 21 86 113 |1 17 4 7 1 7 1 12 11 1 1 1 8 1 1 10 |1 6 1 9 5 1 1 12 14 1 15 3 1 1 2 1 |2 2 3 1 6 1 8 17 11 1 4 2 7 1 4 12 |2 2 2 2 8 1 15 13 12 1 1 6 1 9 13 3 |5 10 7 3 1 1 1 5 2 6 14 1 5 2 16 6 |2 1 6 1 1 15 1 5 1 13 4 1 1 1 11 1 |5 1 1 3 10 3 1 1 4 1 1 1 2 1 5 5 |
5588: 1 8 1 1 6 18 10 1 1 1 9 1 6 22 43 19 |16 19 1 4 1 1 7 1 3 16 2 3 32 28 57 95 |4 16 16 6 12 5 5 20 8 1 6 1 5 18 16 10 |1 2 1 1 7 1 5 12 1 1 13 6 8 10 22 1 |4 2 10 8 16 6 1 1 9 18 8 8 5 21 86 113 |1 17 4 7 1 7 1 12 11 1 1 1 8 1 1 10 |1 6 1 9 5 1 1 12 14 1 15 3 1 1 2 1 |2 2 3 1 6 1 8 17 11 1 4 2 7 1 4 12 |2 2 2 2 8 1 15 13 12 1 1 6 1 9 13 3 |5 10 7 3 1 1 1 5 2 6 14 1 5 2 16 6 |2 1 6 1 1 15 1 5 1 13 4 1 1 1 11 1 |5 1 1 3 10 3 1 1 4 1 1 1 2 1 5 5 |
5599: 1 8 1 1 6 18 10 1 1 1 9 1 6 22 43 19 |16 19 1 4 1 1 7 1 3 16 2 3 32 28 57 95 |4 16 16 6 12 5 5 20 8 1 6 1 5 18 16 10 |1 2 1 1 7 1 5 12 1 1 13 6 8 10 22 1 |4 2 10 8 16 6 1 1 9 18 8 8 5 21 86 113 |1 17 4 7 1 7 1 12 11 1 1 1 8 1 1 10 |1 6 1 9 5 1 1 12 14 1 15 3 1 1 2 1 |2 2 3 1 6 1 8 17 11 1 4 2 7 1 4 12 |2 2 2 2 8 1 15 13 12 1 1 6 1 9 13 3 |5 10 7 3 1 1 1 5 2 6 14 1 5 2 16 6 |2 1 6 1 1 15 1 5 1 13 4 1 1 1 11 1 |5 1 1 3 10 3 1 1 4 1 1 1 2 1 5 5 |
5610: 1 8 1 1 6 18 10 1 1 1 9 1 6 22 43 19 |16 19 1 4 1 1 7 1 3 16 2 3 32 28 57 95 |4 16 16 6 12 5 5 20 8 1 6 1 5 18 16 10 |1 2 1 1 7 1 5 12 1 1 13 6 8 10 22 1 |4 2 10 8 16 6 1 1 9 18 8 8 5 21 86 113 |1 17 4 7 1 7 1 12 11 1 1 1 8 1 1 10 |1 6 1 9 5 1 1 12 14 1 15 3 1 1 2 1 |2 2 3 1 6 1 8 17 11 1 4 2 7 1 4 12 |2 2 2 2 8 1 15 13 12 1 1 6 1 9 13 3 |3 8 6 3 2 2 1 6 1 9 15 1 6 2 16 5 |2 1 6 1 1 15 1 5 1 13 4 1 1 1 11 1 |5 1 1 3 10 3 1 1 4 1 1 1 2 1 5 5 |
5621: 1 8 1 1 6 18 10 1 1 1 9 1 6 22 43 19 |16 19 1 4 1 1 7 1 3 16 2 3 32 28 57 95 |4 16 16 6 12 5 5 20 8 1 6 1 5 18 16 10 |1 2 1 1 7 1 5 12 1 1 13 6 8 10 22 1 |4 2 10 8 16 6 1 1 9 18 8 8 5 21 86 113 |1 17 4 7 1 7 1 12 11 1 1 1 8 1 1 10 |1 6 1 9 5 1 1 12 14 1 15 3 1 1 2 1 |2 2 3 1 6 1 8 17 11 1 4 2 7 1 4 12 |2 2 2 2 8 1 15 13 12 1 1 6 1 9 13 3 |3 8 6 3 2 2 1 6 1 9 15 1 6 2 16 5 |2 1 6 1 1 15 1 5 1 13 4 1 1 1 11 1 |5 1 1 3 10 3 1 1 4 1 1 1 2 1 5 5 |
5631: 1 8 1 1 6 18 10 1 1 1 9 1 6 22 43 19 |16 19 1 4 1 1 7 1 3 16 2 3 32 28 57 95 |4 16 16 6 12 5 5 20 8 1 6 1 5 18 16 10 |1 2 1 1 7 1 5 12 1 1 13 6 8 10 22 1 |4 2 10 8 16 6 1 1 9 18 8 8 5 21 86 113 |1 17 4 7 1 7 1 12 11 1 1 1 8 1 1 10 |1 6 1 9 5 1 1 12 14 1 15 3 1 1 2 1 |2 2 3 1 6 1 8 17 11 1 4 2 7 1 4 12 |2 2 2 2 8 1 15 13 12 1 1 6 1 9 13 3 |3 8 6 3 2 2 1 6 1 9 15 1 6 2 16 5 |2 1 6 1 1 15 1 5 1 13 4 1 1 1 11 1 |5 1 1 3 10 3 1 1 4 1 1 1 2 1 5 5 |
5642: 1 8 1 1 6 18 10 1 1 1 9 1 6 22 43 19 |16 19 1 4 1 1 7 1 3 16 2 3 32 28 57 95 |4 16 16 6 12 5 5 20 8 1 6 1 5 18 16 10 |1 2 1 1 7 1 5 12 1 1 13 6 8 10 22 1 |4 2 10 8 16 6 1 1 9 18 8 8 5 21 86 113 |1 17 4 7 1 7 1 12 11 1 1 1 8 1 1 10 |1 6 1 9 5 1 1 12 14 1 15 3 1 1 2 1 |2 2 3 1 6 1 8 17 11 1 4 2 7 1 4 12 |2 2 2 2 8 1 15 13 12 1 1 6 1 9 13 3 |3 8 6 3 2 2 1 6 1 9 15 1 6 2 16 5 |2 1 6 1 1 15 1 5 1 13 4 1 1 1 11 1 |5 1 1 3 10 3 1 1 4 1 1 1 2 1 5 5 |
5653: 1 8 1 1 6 18 10 1 1 1 9 1 6 22 43 19 |16 19 1 4 1 1 7 1 3 16 2 3 32 28 57 95 |4 16 16 6 12 5 5 20 8 1 6 1 5 18 16 10 |1 2 1 1 7 1 5 12 1 1 13 6 8 10 22 1 |4 2 10 8 16 6 1 1 9 18 8 8 5 21 86 113 |1 17 4 7 1 7 1 12 11 1 1 1 8 1 1 10 |1 6 1 9 5 1 1 12 14 1 15 3 1 1 2 1 |2 2 3 1 6 1 8 17 11 1 4 2 7 1 4 12 |2 2 2 2 8 1 15 13 12 1 1 6 1 9 13 3 |3 8 6 3 2 2 1 6 1 9 15 1 6 2 16 5 |2 1 6 1 1 15 1 5 1 13 4 1 1 1 11 1 |5 1 1 3 10 3 1 1 4 1 1 1 2 1 5 5 |
5664: 1 8 1 1 6 18 10 1 1 1 9 1 6 22 43 19 |16 19 1 4 1 1 7 1 3 16 2 3 32 28 57 95 |4 16 16 6 12 5 5 20 8 1 6 1 5 18 16 10 |1 2 1 1 7 1 5 12 1 1 13 6 8 10 22 1 |4 2 10 8 16 6 1 1 9 18 8 8 5 21 86 113 |1 17 4 7 1 7 1 12 11 1 1 1 8 1 1 10 |1 1 2 9 4 1 1 12 13 1 8 10 11 1 7 9 |2 2 3 1 6 1 8 17 11 1 4 2 7 1 4 12 |2 2 2 2 8 1 15 13 12 1 1 6 1 9 13 3 |3 8 6 3 2 2 1 6 1 9 15 1 6 2 16 5 |2 1 6 1 1 15 1 5 1 13 4 1 1 1 11 1 |5 1 1 3 10 3 1 1 4 1 1 1 2 1 5 5 |
5675: 1 8 1 1 6 18 10 1 1 1 9 1 6 22 43 19 |16 19 1 4 1 1 7 1 3 16 2 3 32 28 57 95 |4 16 16 6 12 5 5 20 8 1 6 1 5 18 16 10 |1 2 1 1 7 1 5 12 1 1 13 6 8 10 22 1 |4 2 10 8 16 6 1 1 9 18 8 8 5 21 86 113 |1 17 4 7 1 7 1 12 11 1 1 1 8 1 1 10 |1 1 2 9 4 1 1 12 13 1 8 10 11 1 7 9 |2 2 1 2 3 1 9 18 12 1 5 2 6 1 1 1 |2 2 2 2 8 1 15 13 12 1 1 6 1 9 13 3 |3 8 6 3 2 2 1 6 1 9 15 1 6 2 16 5 |2 1 6 1 1 15 1 5 1 13 4 1 1 1 11 1 |5 1 1 3 10 3 1 1 4 1 1 1 2 1 5 5 |
5686: 1 8 1 1 6 18 10 1 1 1 9 1 6 22 43 19 |16 19 1 4 1 1 7 1 3 16 2 3 32 28 57 95 |4 16 16 6 12 5 5 20 8 1 6 1 5 18 16 10 |1 2 1 1 7 1 5 12 1 1 13 6 8 10 22 1 |4 2 10 8 16 6 1 1 9 18 8 8 5 21 86 113 |1 17 4 7 1 7 1 12 11 1 1 1 8 1 1 10 |1 1 2 9 4 1 1 12 13 1 8 10 11 1 7 9 |2 2 1 2 3 1 9 18 12 1 5 2 6 1 1 1 |2 2 2 2 8 1 15 13 12 1 1 6 1 9 13 3 |3 8 6 3 2 2 1 6 1 9 15 1 6 2 16 5 |2 1 6 1 1 15 1 5 1 13 4 1 1 1 11 1 |5 1 1 3 10 3 1 1 4 1 1 1 2 1 5 5 |
5697: 1 8 1 1 6 18 10 1 1 1 9 1 6 22 43 19 |16 19 1 4 1 1 7 1 3 16 2 3 32 28 57 95 |4 16 16 6 12 5 5 20 8 1 6 1 5 18 16 10 |1 2 1 1 7 1 5 12 1 1 13 6 8 10 22 1 |4 2 10 8 16 6 1 1 9 18 8 8 5 21 86 113 |1 17 4 7 1 7 1 12 11 1 1 1 8 1 1 10 |1 1 2 9 4 1 1 12 13 1 8 10 11 1 7 9 |2 13 1 2 3 1 1 17 5 1 5 2 2 1 1 15 |2 2 2 2 8 1 15 13 12 1 1 6 1 9 13 3 |3 8 6 3 2 2 1 6 1 9 15 1 6 2 16 5 |2 1 6 1 1 15 1 5 1 13 4 1 1 1 11 1 |5 1 1 3 10 3 1 1 4 1 1 1 2 1 5 5 |
5708: 1 8 1 1 6 18 10 1 1 1 9 1 6 22 43 19 |16 19 1 4 1 1 7 1 3 16 2 3 32 28 57 95 |4 16 16 6 12 5 5 20 8 1 6 1 5 18 16 10 |1 2 1 1 7 1 5 12 1 1 13 6 8 10 22 1 |4 2 10 8 16 6 1 1 9 18 8 8 5 21 86 113 |1 17 4 7 1 7 1 12 11 1 1 1 8 1 1 10 |1 1 2 9 4 1 1 12 13 1 8 10 11 1 7 9 |2 13 1 2 3 1 1 17 5 1 5 2 2 1 1 15 |2 2 2 2 8 1 15 13 12 1 1 6 1 9 13 3 |3 8 6 3 2 2 1 6 1 9 15 1 6 2 16 5 |2 1 6 1 1 15 1 5 1 13 4 1 1 1 11 1 |5 1 1 3 10 3 1 1 4 1 1 1 2 1 5 5 |
5719: 1 8 1 1 6 18 10 1 1 1 9 1 6 22 43 19 |16 19 1 4 1 1 7 1 3 16 2 3 32 28 57 95 |4 16 16 6 12 5 5 20 8 1 6 1 5 18 16 10 |1 2 1 1 7 1 5 12 1 1 13 6 8 10 22 1 |4 2 10 8 16 6 1 1 9 18 8 8 5 21 86 113 |1 17 4 7 1 7 1 12 11 1 1 1 8 1 1 10 |1 1 2 9 4 1 1 12 13 1 8 10 11 1 7 9 |2 13 1 2 3 1 1 17 5 1 5 2 2 1 1 15 |2 2 2 2 8 1 15 13 12 1 1 6 1 9 13 3 |3 8 6 3 2 2 1 6 1 9 15 1 6 2 16 5 |2 1 6 1 1 15 1 5 1 13 4 1 1 1 11 1 |5 1 1 3 10 3 1 1 4 1 1 1 2 1 5 5 |
5730: 8 10 28 1 1 31 7 9 23 9 14 10 21 49 208 283 |16 19 1 4 1 1 7 1 3 16 2 3 32 28 57 95 |4 16 16 6 12 5 5 20 8 1 6 1 5 18 16 10 |1 2 1 1 7 1 5 12 1 1 13 6 8 10 22 1 |4 2 10 8 16 6 1 1 9 18 8 8 5 21 86 113 |1 17 4 7 1 7 1 12 11 1 1 1 8 1 1 10 |1 1 2 9 4 1 1 12 13 1 8 10 11 1 7 9 |2 13 1 2 3 1 1 17 5 1 5 2 2 1 1 15 |2 2 2 2 8 1 15 13 12 1 1 6 1 9 13 3 |3 8 6 3 2 2 1 6 1 9 15 1 6 2 16 5 |2 1 6 1 1 15 1 5 1 13 4 1 1 1 11 1 |5 1 1 3 10 3 1 1 4 1 1 1 2 1 5 5 |
5741: 8 10 28 1 1 31 7 9 23 9 14 10 21 49 208 283 |16 19 1 4 1 1 7 1 3 16 2 3 32 28 57 95 |4 16 16 6 12 5 5 20 8 1 6 1 5 18 16 10 |1 2 1 1 7 1 5 12 1 1 13 6 8 10 22 1 |4 2 10 8 16 6 1 1 9 18 8 8 5 21 86 113 |1 17 4 7 1 7 1 12 11 1 1 1 8 1 1 10 |1 1 2 9 4 1 1 12 13 1 8 10 11 1 7 9 |2 13 1 2 3 1 1 17 5 1 5 2 2 1 1 15 |2 2 2 2 8 1 15 13 12 1 1 6 1 9 13 3 |3 8 6 3 2 2 1 6 1 9 15 1 6 2 16 5 |2 1 6 1 1 15 1 5 1 13 4 1 1 1 11 1 |5 1 1 3 10 3 1 1 4 1 1 1 2 1 5 5 |
5752: 8 10 28 1 1 31 7 9 23 9 14 10 21 49 208 283 |16 19 1 4 1 1 7 1 3 16 2 3 32 28 57 95 |4 16 16 6 12 5 5 20 8 1 6 1 5 18 16 10 |1 2 1 1 7 1 5 12 1 1 13 6 8 10 22 1 |4 2 10 8 16 6 1 1 9 18 8 8 5 21 86 113 |1 17 4 7 1 7 1 12 11 1 1 1 8 1 1 10 |1 1 2 9 4 1 1 12 13 1 8 10 11 1 7 9 |2 13 1 2 3 1 1 17 5 1 5 2 2 1 1 15 |2 2 2 2 8 1 15 13 12 1 1 6 1 9 13 3 |3 8 6 3 2 2 1 6 1 9 15 1 6 2 16 5 |2 1 6 1 1 15 1 5 1 13 4 1 1 1 11 1 |5 1 1 3 10 3 1 1 4 1 1 1 2 1 5 5 |
5763: 8 10 28 1 1 31 7 9 23 9 14 10 21 49 208 283 |16 19 1 4 1 1 7 1 3 16 2 3 32 28 57 95 |4 16 16 6 12 5 5 20 8 1 6 1 5 18 16 10 |1 2 1 1 7 1 5 12 1 1 13 6 8 10 22 1 |4 2 10 8 16 6 1 1 9 18 8 8 5 21 86 113 |1 17 4 7 1 7 1 12 11 1 1 1 8 1 1 10 |1 1 2 9 4 1 1 12 13 1 8 10 11 1 7 9 |2 13 1 2 3 1 1 17 5 1 5 2 2 1 1 15 |2 2 2 2 8 1 15 13 12 1 1 6 1 9 13 3 |3 8 6 3 2 2 1 6 1 9 15 1 6 2 16 5 |2 1 6 1 1 15 1 5 1 13 4 1 1 1 11 1 |5 1 1 3 10 3 1 1 4 1 1 1 2 1 5 5 |
5774: 8 10 28 1 1 31 7 9 23 9 14 10 21 49 208 283 |16 19 1 4 1 1 7 1 3 16 2 3 32 28 57 95 |4 16 16 6 12 5 5 20 8 1 6 1 5 18 16 10 |1 2 1 1 7 1 5 12 1 1 13 6 8 10 22 1 |4 2 10 8 16 6 1 1 9 18 8 8 5 21 86 113 |1 17 4 7 1 7 1 12 11 1 1 1 8 1 1 10 |1 1 2 9 4 1 1 12 13 1 8 10 11 1 7 9 |2 13 1 2 3 1 1 17 5 1 5 2 2 1 1 15 |2 2 2 2 8 1 15 13 12 1 1 6 1 9 13 3 |3 8 6 3 2 2 1 6 1 9 15 1 6 2 16 5 |2 1 6 1 1 15 1 5 1 13 4 1 1 1 11 1 |12 1 1 1 1 7 1 7 4 1 1 5 2 2 1 1 |
5785: 8 10 28 1 1 31 7 9 23 9 14 10 21 49 208 283 |16 19 1 4 1 1 7 1 3 16 2 3 32 28 57 95 |4 16 16 6 12 5 5 20 8 1 6 1 5 18 16 10 |1 2 1 1 7 1 5 12 1 1 13 6 8 10 22 1 |4 2 10 8 16 6 1 1 9 18 8 8 5 21 86 113 |1 17 4 7 1 7 1 12 11 1 1 1 8 1 1 10 |1 1 2 9 4 1 1 12 13 1 8 10 11 1 7 9 |2 13 1 2 3 1 1 17 5 1 5 2 2 1 1 15 |2 2 2 2 8 1 15 13 12 1 1 6 1 9 13 3 |3 8 6 3 2 2 1 6 1 9 15 1 6 2 16 5 |2 1 6 1 1 15 1 5 1 13 4 1 1 1 11 1 |12 1 1 1 1 7 1 7 4 1 1 5 2 2 1 1 |
5796: 8 10 28 1 1 31 7 9 23 9 14 10 21 49 208 283 |16 19 1 4 1 1 7 1 3 16 2 3 32 28 57 95 |5 6 1 6 11 1 17 16 10 1 7 1 14 17 20 9 |1 2 1 1 7 1 5 12 1 1 13 6 8 10 22 1 |4 2 10 8 16 6 1 1 9 18 8 8 5 21 86 113 |1 17 4 7 1 7 1 12 11 1 1 1 8 1 1 10 |1 1 2 9 4 1 1 12 13 1 8 10 11 1 7 9 |2 13 1 2 3 1 1 17 5 1 5 2 2 1 1 15 |2 2 2 2 8 1 15 13 12 1 1 6 1 9 13 3 |3 8 6 3 2 2 1 6 1 9 15 1 6 2 16 5 |2 1 6 1 1 15 1 5 1 13 4 1 1 1 11 1 |12 1 1 1 1 7 1 7 4 1 1 5 2 2 1 1 |
5807: 8 10 28 1 1 31 7 9 23 9 14 10 21 49 208 283 |16 19 1 4 1 1 7 1 3 16 2 3 32 28 57 95 |5 6 1 6 11 1 17 16 10 1 7 1 14 17 20 9 |1 2 1 1 7 1 5 12 1 1 13 6 8 10 22 1 |4 2 10 8 16 6 1 1 9 18 8 8 5 21 86 113 |1 17 4 7 1 7 1 12 11 1 1 1 8 1 1 10 |1 1 2 9 4 1 1 12 13 1 8 10 11 1 7 9 |2 13 1 2 3 1 1 17 5 1 5 2 2 1 1 15 |2 2 2 2 8 1 15 13 12 1 1 6 1 9 13 3 |3 8 6 3 2 2 1 6 1 9 15 1 6 2 16 5 |2 1 6 1 1 15 1 5 1 13 4 1 1 1 11 1 |12 1 1 2 1 8 1 11 11 1 1 7 1 2 4 1 |
5818: 8 10 28 1 1 31 7 9 23 9 14 10 21 49 208 283 |16 19 1 4 1 1 7 1 3 16 2 3 32 28 57 95 |5 6 1 6 11 1 17 16 10 1 7 1 14 17 20 9 |1 2 1 1 7 1 5 12 1 1 13 6 8 10 22 1 |4 2 10 8 16 6 1 1 9 18 8 8 5 21 86 113 |1 17 4 7 1 7 1 12 11 1 1 1 8 1 1 10 |1 1 2 9 4 1 1 12 13 1 8 10 11 1 7 9 |2 13 1 2 3 1 1 17 5 1 5 2 2 1 1 15 |2 2 2 2 8 1 15 13 12 1 1 6 1 9 13 3 |3 8 6 3 2 2 1 6 1 9 15 1 6 2 16 5 |2 1 6 1 1 15 1 5 1 13 4 1 1 1 11 1 |12 1 1 2 1 8 1 11 11 1 1 7 1 2 4 1 |
5829: 8 10 28 1 1 31 7 9 23 9 14 10 21 49 208 283 |16 19 1 4 1 1 7 1 3 16 2 3 32 28 57 95 |4 8 18 7 12 3 5 19 5 1 8 1 1 9 18 14 |1 2 1 1 7 1 5 12 1 1 13 6 8 10 22 1 |4 2 10 8 16 6 1 1 9 18 8 8 5 21 86 113 |1 17 4 7 1 7 1 12 11 1 1 1 8 1 1 10 |1 1 2 9 4 1 1 12 13 1 8 10 11 1 7 9 |2 13 1 2 3 1 1 17 5 1 5 2 2 1 1 15 |2 2 2 2 8 1 15 13 12 1 1 6 1 9 13 3 |3 8 6 3 2 2 1 6 1 9 15 1 6 2 16 5 |2 1 6 1 1 15 1 5 1 13 4 1 1 1 11 1 |12 1 1 2 1 8 1 11 11 1 1 7 1 2 4 1 |
5840: 8 10 28 1 1 31 7 9 23 9 14 10 21 49 208 283 |16 19 1 4 1 1 7 1 3 16 2 3 32 28 57 95 |4 8 18 7 12 3 5 19 5 1 8 1 1 9 18 14 |1 2 1 1 7 1 5 12 1 1 13 6 8 10 22 1 |4 2 10 8 16 6 1 1 9 18 8 8 5 21 86 113 |1 17 4 7 1 7 1 12 11 1 1 1 8 1 1 10 |1 1 2 9 4 1 1 12 13 1 8 10 11 1 7 9 |2 13 1 2 3 1 1 17 5 1 5 2 2 1 1 15 |2 2 2 2 8 1 15 13 12 1 1 6 1 9 13 3 |3 8 6 3 2 2 1 6 1 9 15 1 6 2 16 5 |2 1 1 8 1 2 3 6 1 1 4 1 1 1 1 17 |12 1 1 2 1 8 1 11 11 1 1 7 1 2 4 1 |
5851: 8 10 28 1 1 31 7 9 23 9 14 10 21 49 208 283 |16 19 1 4 1 1 7 1 3 16 2 3 32 28 57 95 |4 8 18 7 12 3 5 19 5 1 8 1 1 9 18 14 |1 2 1 1 7 1 5 12 1 1 13 6 8 10 22 1 |4 2 10 8 16 6 1 1 9 18 8 8 5 21 86 113 |1 17 4 7 1 7 1 12 11 1 1 1 8 1 1 10 |1 1 2 9 4 1 1 12 13 1 8 10 11 1 7 9 |2 13 1 2 3 1 1 17 5 1 5 2 2 1 1 15 |2 2 2 2 8 1 15 13 12 1 1 6 1 9 13 3 |3 8 6 3 2 2 1 6 1 9 15 1 6 2 16 5 |2 1 1 8 1 2 3 6 1 1 4 1 1 1 1 17 |12 1 1 2 1 8 1 11 11 1 1 7 1 2 4 1 |
5862: 8 10 28 1 1 31 7 9 23 9 14 10 21 49 208 283 |16 19 1 4 1 1 7 1 3 16 2 3 32 28 57 95 |4 8 18 7 12 3 5 19 5 1 8 1 1 9 18 14 |1 1 15 1 6 4 2 15 4 13 4 5 1 1 4 1 |4 2 10 8 16 6 1 1 9 18 8 8 5 21 86 113 |1 17 4 7 1 7 1 12 11 1 1 1 8 1 1 10 |1 1 2 9 4 1 1 12 13 1 8 10 11 1 7 9 |2 13 1 2 3 1 1 17 5 1 5 2 2 1 1 15 |2 2 2 2 8 1 15 13 12 1 1 6 1 9 13 3 |3 8 6 3 2 2 1 6 1 9 15 1 6 2 16 5 |2 1 1 8 1 2 3 6 1 1 4 1 1 1 1 17 |12 1 1 2 1 8 1 11 11 1 1 7 1 2 4 1 |
5873: 8 10 28 1 1 31 7 9 23 9 14 10 21 49 208 283 |16 19 1 4 1 1 7 1 3 16 2 3 32 28 57 95 |4 8 18 7 12 3 5 19 5 1 8 1 1 9 18 14 |1 1 15 1 6 4 2 15 4 13 4 5 1 1 4 1 |4 2 10 8 16 6 1 1 9 18 8 8 5 21 86 113 |1 17 4 7 1 7 1 12 11 1 1 1 8 1 1 10 |1 1 2 9 4 1 1 12 13 1 8 10 11 1 7 9 |2 13 1 2 3 1 1 17 5 1 5 2 2 1 1 15 |2 2 2 2 8 1 15 13 12 1 1 6 1 9 13 3 |3 8 6 3 2 2 1 6 1 9 15 1 6 2 16 5 |2 1 1 8 1 2 3 6 1 1 4 1 1 1 1 17 |12 1 1 2 1 8 1 11 11 1 1 7 1 2 4 1 |
5884: 8 10 28 1 1 31 7 9 23 9 14 10 21 49 208 283 |16 19 1 4 1 1 7 1 3 16 2 3 32 28 57 95 |4 8 18 7 12 3 5 19 5 1 8 1 1 9 18 14 |1 1 15 1 6 4 2 15 4 13 4 5 1 1 4 1 |4 2 10 8 16 6 1 1 9 18 8 8 5 21 86 113 |1 17 4 7 1 7 1 12 11 1 1 1 8 1 1 10 |1 1 2 9 4 1 1 12 13 1 8 10 11 1 7 9 |2 13 1 2 3 1 1 17 5 1 5 2 2 1 1 15 |2 2 2 2 8 1 15 13 12 1 1 6 1 9 13 3 |3 8 6 3 2 2 1 6 1 9 15 1 6 2 16 5 |2 1 1 8 1 2 3 6 1 1 4 1 1 1 1 17 |12 1 1 2 1 8 1 11 11 1 1 7 1 2 4 1 |
5895: 8 10 28 1 1 31 7 9 23 9 14 10 21 49 208 283 |16 19 1 4 1 1 7 1 3 16 2 3 32 28 57 95 |4 8 18 7 12 3 5 19 5 1 8 1 1 9 18 14 |1 2 18 1 6 3 1 12 1 8 13 1 1 1 1 1 |4 2 10 8 16 6 1 1 9 18 8 8 5 21 86 113 |1 17 4 7 1 7 1 12 11 1 1 1 8 1 1 10 |1 1 2 9 4 1 1 12 13 1 8 10 11 1 7 9 |2 13 1 2 3 1 1 17 5 1 5 2 2 1 1 15 |2 2 2 2 8 1 15 13 12 1 1 6 1 9 13 3 |3 8 6 3 2 2 1 6 1 9 15 1 6 2 16 5 |2 1 1 8 1 2 3 6 1 1 4 1 1 1 1 17 |12 1 1 2 1 8 1 11 11 1 1 7 1 2 4 1 |
5906: 8 10 28 1 1 31 7 9 23 9 14 10 21 49 208 283 |16 19 1 4 1 1 7 1 3 16 2 3 32 28 57 95 |4 8 18 7 12 3 5 19 5 1 8 1 1 9 18 14 |1 2 18 1 6 3 1 12 1 8 13 1 1 1 1 1 |1 1 1 1 2 2 1 1 8 6 4 1 1 1 3 3 |1 17 4 7 1 7 1 12 11 1 1 1 8 1 1 10 |1 1 2 9 4 1 1 12 13 1 8 10 11 1 7 9 |2 13 1 2 3 1 1 17 5 1 5 2 2 1 1 15 |2 2 2 2 8 1 15 13 12 1 1 6 1 9 13 3 |3 8 6 3 2 2 1 6 1 9 15 1 6 2 16 5 |2 1 1 8 1 2 3 6 1 1 4 1 1 1 1 17 |12 1 1 2 1 8 1 11 11 1 1 7 1 2 4 1 |
5917: 8 10 28 1 1 31 7 9 23 9 14 10 21 49 208 283 |16 19 1 4 1 1 7 1 3 16 2 3 32 28 57 95 |4 8 18 7 12 3 5 19 5 1 8 1 1 9 18 14 |1 2 18 1 6 3 1 12 1 8 13 1 1 1 1 1 |1 1 1 1 2 2 1 1 8 6 4 1 1 1 3 3 |1 17 4 7 1 7 1 12 11 1 1 1 8 1 1 10 |1 1 2 9 4 1 1 12 13 1 8 10 11 1 7 9 |2 13 1 2 3 1 1 17 5 1 5 2 2 1 1 15 |2 2 2 2 8 1 15 13 12 1 1 6 1 9 13 3 |3 8 6 3 2 2 1 6 1 9 15 1 6 2 16 5 |2 1 1 8 1 2 3 6 1 1 4 1 1 1 1 17 |12 1 1 2 1 8 1 11 11 1 1 7 1 2 4 1 |
5928: 8 10 28 1 1 31 7 9 23 9 14 10 21 49 208 283 |16 19 1 4 1 1 7 1 3 16 2 3 32 28 57 95 |4 8 18 7 12 3 5 19 5 1 8 1 1 9 18 14 |1 2 18 1 6 3 1 12 1 8 13 1 1 1 1 1 |1 1 1 1 2 2 1 1 8 6 4 1 1 1 3 3 |1 17 4 7 1 7 1 12 11 1 1 1 8 1 1 10 |1 1 2 9 4 1 1 12 13 1 8 10 11 1 7 9 |2 13 1 2 3 1 1 17 5 1 5 2 2 1 1 15 |2 2 2 2 8 1 15 13 12 1 1 6 1 9 13 3 |3 8 6 3 2 2 1 6 1 9 15 1 6 2 16 5 |2 1 1 8 1 2 3 6 1 1 4 1 1 1 1 17 |12 1 1 2 1 8 1 11 11 1 1 7 1 2 4 1 |
5939: 8 10 28 1 1 31 7 9 23 9 14 10 21 49 208 283 |16 19 1 4 1 1 7 1 3 16 2 3 32 28 57 95 |4 8 18 7 12 3 5 19 5 1 8 1 1 9 18 14 |1 2 18 1 6 3 1 12 1 8 13 1 1 1 1 1 |1 1 1 1 2 2 1 1 8 6 4 1 1 1 3 3 |1 17 4 7 1 7 1 12 11 1 1 1 8 1 1 10 |1 1 2 9 4 1 1 12 13 1 8 10 11 1 7 9 |2 13 1 2 3 1 1 17 5 1 5 2 2 1 1 15 |2 2 2 2 8 1 15 13 12 1 1 6 1 9 13 3 |1 10 16 8 2 2 1 6 2 6 13 1 6 2 15 1 |2 1 1 8 1 2 3 6 1 1 4 1 1 1 1 17 |12 1 1 2 1 8 1 11 11 1 1 7 1 2 4 1 |
5950: 8 10 28 1 1 31 7 9 23 9 14 10 21 49 208 283 |16 19 1 4 1 1 7 1 3 16 2 3 32 28 57 95 |4 8 18 7 12 3 5 19 5 1 8 1 1 9 18 14 |1 2 18 1 6 3 1 12 1 8 13 1 1 1 1 1 |1 1 1 1 2 2 1 1 8 6 4 1 1 1 3 3 |1 17 4 7 1 7 1 12 11 1 1 1 8 1 1 10 |1 1 2 9 4 1 1 12 13 1 8 10 11 1 7 9 |2 13 1 2 3 1 1 17 5 1 5 2 2 1 1 15 |2 2 2 2 8 1 15 13 12 1 1 6 1 9 13 3 |1 10 16 8 2 2 1 6 2 6 13 1 6 2 15 1 |2 1 1 8 1 2 3 6 1 1 4 1 1 1 1 17 |12 1 1 2 1 8 1 11 11 1 1 7 1 2 4 1 |
5961: 8 10 28 1 1 31 7 9 23 9 14 10 21 49 208 283 |16 19 1 4 1 1 7 1 3 16 2 3 32 28 57 95 |5 1 16 13 8 4 15 21 2 1 1 1 7 9 8 6 |1 2 18 1 6 3 1 12 1 8 13 1 1 1 1 1 |1 1 1 1 2 2 1 1 8 6 4 1 1 1 3 3 |1 17 4 7 1 7 1 12 11 1 1 1 8 1 1 10 |1 1 2 9 4 1 1 12 13 1 8 10 11 1 7 9 |2 13 1 2 3 1 1 17 5 1 5 2 2 1 1 15 |2 2 2 2 8 1 15 13 12 1 1 6 1 9 13 3 |1 10 16 8 2 2 1 6 2 6 13 1 6 2 15 1 |2 1 1 8 1 2 3 6 1 1 4 1 1 1 1 17 |12 1 1 2 1 8 1 11 11 1 1 7 1 2 4 1 |
5972: 8 10 28 1 1 31 7 9 23 9 14 10 21 49 208 283 |16 19 1 4 1 1 7 1 3 16 2 3 32 28 57 95 |5 1 16 13 8 4 15 21 2 1 1 1 7 9 8 6 |1 2 18 1 6 3 1 12 1 8 13 1 1 1 1 1 |1 1 1 1 2 2 1 1 8 6 4 1 1 1 3 3 |1 17 4 7 1 7 1 12 11 1 1 1 8 1 1 10 |1 1 2 9 4 1 1 12 13 1 8 10 11 1 7 9 |2 13 1 2 3 1 1 17 5 1 5 2 2 1 1 15 |1 7 4 2 7 1 15 13 10 1 1 13 2 1 16 1 |1 10 16 8 2 2 1 6 2 6 13 1 6 2 15 1 |2 1 1 8 1 2 3 6 1 1 4 1 1 1 1 17 |12 1 1 2 1 8 1 11 11 1 1 7 1 2 4 1 |
5983: 8 10 28 1 1 31 7 9 23 9 14 10 21 49 208 283 |16 19 1 4 1 1 7 1 3 16 2 3 32 28 57 95 |5 1 16 13 8 4 15 21 2 1 1 1 7 9 8 6 |1 2 18 1 6 3 1 12 1 8 13 1 1 1 1 1 |1 1 1 1 2 2 1 1 8 6 4 1 1 1 3 3 |1 17 4 7 1 7 1 12 11 1 1 1 8 1 1 10 |1 1 2 9 4 1 1 12 13 1 8 10 11 1 7 9 |2 13 1 2 3 1 1 17 5 1 5 2 2 1 1 15 |1 7 4 2 7 1 15 13 10 1 1 13 2 1 16 1 |1 10 16 8 2 2 1 6 2 6 13 1 6 2 15 1 |2 1 1 8 1 2 3 6 1 1 4 1 1 1 1 17 |12 1 1 2 1 8 1 11 11 1 1 7 1 2 4 1 |
5994: 8 10 28 1 1 31 7 9 23 9 14 10 21 49 208 283 |16 19 1 4 1 1 7 1 3 16 2 3 32 28 57 95 |5 1 16 13 8 4 15 21 2 1 1 1 7 9 8 6 |1 2 18 1 6 3 1 12 1 8 13 1 1 1 1 1 |1 1 1 1 2 2 1 1 8 6 4 1 1 1 3 3 |1 17 4 7 1 7 1 12 11 1 1 1 8 1 1 10 |1 1 2 9 4 1 1 12 13 1 8 10 11 1 7 9 |2 13 1 2 3 1 1 17 5 1 5 2 2 1 1 15 |1 7 4 2 7 1 15 13 10 1 1 13 2 1 16 1 |1 10 16 8 2 2 1 6 2 6 13 1 6 2 15 1 |2 1 1 8 1 2 3 6 1 1 4 1 1 1 1 17 |12 1 1 2 1 8 1 11 11 1 1 7 1 2 4 1 |
6004: 8 10 28 1 1 31 7 9 23 9 14 10 21 49 208 283 |16 19 1 4 1 1 7 1 3 16 2 3 32 28 57 95 |5 1 16 13 8 4 15 21 2 1 1 1 7 9 8 6 |1 2 18 1 6 3 1 12 1 8 13 1 1 1 1 1 |1 1 1 1 2 2 1 1 8 6 4 1 1 1 3 3 |1 17 4 7 1 7 1 12 11 1 1 1 8 1 1 10 |1 1 2 9 4 1 1 12 13 1 8 10 11 1 7 9 |2 13 1 2 3 1 1 17 5 1 5 2 2 1 1 15 |1 7 4 2 7 1 15 13 10 1 1 13 2 1 16 1 |1 10 16 8 2 2 1 6 2 6 13 1 6 2 15 1 |1 1 6 6 1 15 4 7 1 15 15 1 1 1 1 6 |12 1 1 2 1 8 1 11 11 1 1 7 1 2 4 1 |
6015: 8 10 28 1 1 31 7 9 23 9 14 10 21 49 208 283 |16 19 1 4 1 1 7 1 3 16 2 3 32 28 57 95 |5 1 16 13 8 4 15 21 2 1 1 1 7 9 8 6 |1 2 18 1 6 3 1 12 1 8 13 1 1 1 1 1 |1 1 1 1 2 2 1 1 8 6 4 1 1 1 3 3 |1 17 4 7 1 7 1 12 11 1 1 1 8 1 1 10 |1 1 2 9 4 1 1 12 13 1 8 10 11 1 7 9 |2 13 1 2 3 1 1 17 5 1 5 2 2 1 1 15 |1 7 4 2 7 1 15 13 10 1 1 13 2 1 16 1 |1 10 16 8 2 2 1 6 2 6 13 1 6 2 15 1 |1 1 6 6 1 15 4 7 1 15 15 1 1 1 1 6 |12 1 1 2 1 8 1 11 11 1 1 7 1 2 4 1 |
6026: 8 10 28 1 1 31 7 9 23 9 14 10 21 49 208 283 |13 17 1 7 2 1 1 1 16 16 1 15 24 13 21 41 |5 1 16 13 8 4 15 21 2 1 1 1 7 9 8 6 |1 2 18 1 6 3 1 12 1 8 13 1 1 1 1 1 |1 1 1 1 2 2 1 1 8 6 4 1 1 1 3 3 |1 17 4 7 1 7 1 12 11 1 1 1 8 1 1 10 |1 1 2 9 4 1 1 12 13 1 8 10 11 1 7 9 |2 13 1 2 3 1 1 17 5 1 5 2 2 1 1 15 |1 7 4 2 7 1 15 13 10 1 1 13 2 1 16 1 |1 10 16 8 2 2 1 6 2 6 13 1 6 2 15 1 |1 1 6 6 1 15 4 7 1 15 15 1 1 1 1 6 |12 1 1 2 1 8 1 11 11 1 1 7 1 2 4 1 |
6037: 8 10 28 1 1 31 7 9 23 9 14 10 21 49 208 283 |13 17 1 7 2 1 1 1 16 16 1 15 24 13 21 41 |5 1 16 13 8 4 15 21 2 1 1 1 7 9 8 6 |1 2 18 1 6 3 1 12 1 8 13 1 1 1 1 1 |1 1 1 1 2 2 1 1 8 6 4 1 1 1 3 3 |1 17 4 7 1 7 1 12 11 1 1 1 8 1 1 10 |1 1 2 9 4 1 1 12 13 1 8 10 11 1 7 9 |2 13 1 2 3 1 1 17 5 1 5 2 2 1 1 15 |1 7 4 2 7 1 15 13 10 1 1 13 2 1 16 1 |1 10 16 8 2 2 1 6 2 6 13 1 6 2 15 1 |1 1 6 6 1 15 4 7 1 15 15 1 1 1 1 6 |12 1 1 1 1 1 1 9 4 1 1 1 2 1 3 1 |
6048: 8 10 28 1 1 31 7 9 23 9 14 10 21 49 208 283 |13 17 1 7 2 1 1 1 16 16 1 15 24 13 21 41 |5 1 16 13 8 4 15 21 2 1 1 1 7 9 8 6 |1 2 18 1 6 3 1 12 1 8 13 1 1 1 1 1 |1 1 1 1 2 2 1 1 8 6 4 1 1 1 3 3 |1 17 4 7 1 7 1 12 11 1 1 1 8 1 1 10 |1 1 2 9 4 1 1 12 13 1 8 10 11 1 7 9 |2 13 1 2 3 1 1 17 5 1 5 2 2 1 1 15 |1 7 4 2 7 1 15 13 10 1 1 13 2 1 16 1 |1 10 16 8 2 2 1 6 2 6 13 1 6 2 15 1 |1 1 6 6 1 15 4 7 1 15 15 1 1 1 1 6 |12 1 1 1 1 1 1 9 4 1 1 1 2 1 3 1 |
6059: 8 10 28 1 1 31 7 9 23 9 14 10 21 49 208 283 |13 17 1 7 2 1 1 1 16 16 1 15 24 13 21 41 |5 11 16 7 11 1 9 20 3 1 6 1 1 10 1 1 |1 2 18 1 6 3 1 12 1 8 13 1 1 1 1 1 |1 1 1 1 2 2 1 1 8 6 4 1 1 1 3 3 |1 17 4 7 1 7 1 12 11 1 1 1 8 1 1 10 |1 1 2 9 4 1 1 12 13 1 8 10 11 1 7 9 |2 13 1 2 3 1 1 17 5 1 5 2 2 1 1 15 |1 7 4 2 7 1 15 13 10 1 1 13 2 1 16 1 |1 10 16 8 2 2 1 6 2 6 13 1 6 2 15 1 |1 1 6 6 1 15 4 7 1 15 15 1 1 1 1 6 |12 1 1 1 1 1 1 9 4 1 1 1 2 1 3 1 |
6070: 8 10 28 1 1 31 7 9 23 9 14 10 21 49 208 283 |13 17 1 7 2 1 1 1 16 16 1 15 24 13 21 41 |5 11 16 7 11 1 9 20 3 1 6 1 1 10 1 1 |1 2 18 1 6 3 1 12 1 8 13 1 1 1 1 1 |1 1 1 1 2 2 1 1 8 6 4 1 1 1 3 3 |1 17 4 7 1 7 1 12 11 1 1 1 8 1 1 10 |1 1 2 9 4 1 1 12 13 1 8 10 11 1 7 9 |2 13 1 2 3 1 1 17 5 1 5 2 2 1 1 15 |1 7 4 2 7 1 15 13 10 1 1 13 2 1 16 1 |1 10 16 8 2 2 1 6 2 6 13 1 6 2 15 1 |1 1 6 6 1 15 4 7 1 15 15 1 1 1 1 6 |12 6 5 2 1 8 2 9 4 1 1 1 2 1 4 1 |
6081: 8 10 28 1 1 31 7 9 23 9 14 10 21 49 208 283 |13 17 1 7 2 1 1 1 16 16 1 15 24 13 21 41 |5 11 16 7 11 1 9 20 3 1 6 1 1 10 1 1 |1 2 18 1 6 3 1 12 1 8 13 1 1 1 1 1 |1 1 1 1 2 2 1 1 8 6 4 1 1 1 3 3 |1 17 4 7 1 7 1 12 11 1 1 1 8 1 1 10 |1 1 2 9 4 1 1 12 13 1 8 10 11 1 7 9 |2 13 1 2 3 1 1 17 5 1 5 2 2 1 1 15 |1 7 4 2 7 1 15 13 10 1 1 13 2 1 16 1 |1 10 16 8 2 2 1 6 2 6 13 1 6 2 15 1 |1 1 6 6 1 15 4 7 1 15 15 1 1 1 1 6 |12 6 5 2 1 8 2 9 4 1 1 1 2 1 4 1 |
6092: 8 10 28 1 1 31 7 9 23 9 14 10 21 49 208 283 |13 17 1 7 2 1 1 1 16 16 1 15 24 13 21 41 |5 15 15 6 11 1 5 20 3 1 1 1 8 9 1 10 |1 2 18 1 6 3 1 12 1 8 13 1 1 1 1 1 |1 1 1 1 2 2 1 1 8 6 4 1 1 1 3 3 |1 17 4 7 1 7 1 12 11 1 1 1 8 1 1 10 |1 1 2 9 4 1 1 12 13 1 8 10 11 1 7 9 |2 13 1 2 3 1 1 17 5 1 5 2 2 1 1 15 |1 7 4 2 7 1 15 13 10 1 1 13 2 1 16 1 |1 10 16 8 2 2 1 6 2 6 13 1 6 2 15 1 |1 1 6 6 1 15 4 7 1 15 15 1 1 1 1 6 |12 6 5 2 1 8 2 9 4 1 1 1 2 1 4 1 |
6103: 8 10 28 1 1 31 7 9 23 9 14 10 21 49 208 283 |13 17 1 7 2 1 1 1 16 16 1 15 24 13 21 41 |5 15 15 6 11 1 5 20 3 1 1 1 8 9 1 10 |1 2 18 1 6 3 1 12 1 8 13 1 1 1 1 1 |1 1 1 1 2 2 1 1 8 6 4 1 1 1 3 3 |1 17 4 7 1 7 1 12 11 1 1 1 8 1 1 10 |1 1 2 9 4 1 1 12 13 1 8 10 11 1 7 9 |2 13 1 2 3 1 1 17 5 1 5 2 2 1 1 15 |1 7 4 2 7 1 15 13 10 1 1 13 2 1 16 1 |1 10 16 8 2 2 1 6 2 6 13 1 6 2 15 1 |1 1 6 6 1 15 4 7 1 15 15 1 1 1 1 6 |12 6 5 2 1 8 2 9 4 1 1 1 2 1 4 1 |
6114: 8 10 28 1 1 31 7 9 23 9 14 10 21 49 208 283 |13 17 1 7 2 1 1 1 16 16 1 15 24 13 21 41 |5 15 15 6 11 1 5 20 3 1 1 1 8 9 1 10 |1 2 18 1 6 3 1 12 1 8 13 1 1 1 1 1 |1 1 1 1 2 2 1 1 8 6 4 1 1 1 3 3 |1 17 4 7 1 7 1 12 11 1 1 1 8 1 1 10 |1 1 2 9 4 1 1 12 13 1 8 10 11 1 7 9 |2 13 1 2 3 1 1 17 5 1 5 2 2 1 1 15 |1 7 4 2 7 1 15 13 10 1 1 13 2 1 16 1 |1 10 16 8 2 2 1 6 2 6 13 1 6 2 15 1 |1 1 6 6 1 15 4 7 1 15 15 1 1 1 1 6 |12 6 5 2 1 8 2 9 4 1 1 1 2 1 4 1 |
6125: 8 10 28 1 1 31 7 9 23 9 14 10 21 49 208 283 |13 17 1 7 2 1 1 1 16 16 1 15 24 13 21 41 |6 15 16 6 11 1 4 19 8 1 1 1 1 10 10 5 |1 2 18 1 6 3 1 12 1 8 13 1 1 1 1 1 |1 1 1 1 2 2 1 1 8 6 4 1 1 1 3 3 |1 17 4 7 1 7 1 12 11 1 1 1 8 1 1 10 |1 1 2 9 4 1 1 12 13 1 8 10 11 1 7 9 |2 13 1 2 3 1 1 17 5 1 5 2 2 1 1 15 |1 7 4 2 7 1 15 13 10 1 1 13 2 1 16 1 |1 10 16 8 2 2 1 6 2 6 13 1 6 2 15 1 |1 1 6 6 1 15 4 7 1 15 15 1 1 1 1 6 |12 6 5 2 1 8 2 9 4 1 1 1 2 1 4 1 |
6136: 8 10 28 1 1 31 7 9 23 9 14 10 21 49 208 283 |13 17 1 7 2 1 1 1 16 16 1 15 24 13 21 41 |6 15 16 6 11 1 4 19 8 1 1 1 1 10 10 5 |1 2 15 1 14 6 1 11 1 9 14 5 1 9 19 1 |1 1 1 1 2 2 1 1 8 6 4 1 1 1 3 3 |1 17 4 7 1 7 1 12 11 1 1 1 8 1 1 10 |1 1 2 9 4 1 1 12 13 1 8 10 11 1 7 9 |2 13 1 2 3 1 1 17 5 1 5 2 2 1 1 15 |1 7 4 2 7 1 15 13 10 1 1 13 2 1 16 1 |1 10 16 8 2 2 1 6 2 6 13 1 6 2 15 1 |1 1 6 6 1 15 4 7 1 15 15 1 1 1 1 6 |12 6 5 2 1 8 2 9 4 1 1 1 2 1 4 1 |
6147: 8 10 28 1 1 31 7 9 23 9 14 10 21 49 208 283 |13 17 1 7 2 1 1 1 16 16 1 15 24 13 21 41 |6 15 16 6 11 1 4 19 8 1 1 1 1 10 10 5 |1 2 15 1 14 6 1 11 1 9 14 5 1 9 19 1 |1 1 1 1 2 2 1 1 8 6 4 1 1 1 3 3 |1 17 4 7 1 7 1 12 11 1 1 1 8 1 1 10 |1 1 2 9 4 1 1 12 13 1 8 10 11 1 7 9 |2 13 1 2 3 1 1 17 5 1 5 2 2 1 1 15 |1 7 4 2 7 1 15 13 10 1 1 13 2 1 16 1 |1 10 16 8 2 2 1 6 2 6 13 1 6 2 15 1 |1 1 6 6 1 15 4 7 1 15 15 1 1 1 1 6 |12 6 5 2 1 8 2 9 4 1 1 1 2 1 4 1 |
6158: 8 10 28 1 1 31 7 9 23 9 14 10 21 49 208 283 |13 17 1 7 2 1 1 1 16 16 1 15 24 13 21 41 |6 15 16 6 11 1 4 19 8 1 1 1 1 10 10 5 |1 2 15 1 14 6 1 11 1 9 14 5 1 9 19 1 |1 1 1 1 2 2 1 1 8 6 4 1 1 1 3 3 |1 17 4 7 1 7 1 12 11 1 1 1 8 1 1 10 |1 1 2 9 4 1 1 12 13 1 8 10 11 1 7 9 |2 13 1 2 3 1 1 17 5 1 5 2 2 1 1 15 |1 7 4 2 7 1 15 13 10 1 1 13 2 1 16 1 |1 10 16 8 2 2 1 6 2 6 13 1 6 2 15 1 |1 1 6 6 1 15 4 7 1 15 15 1 1 1 1 6 |12 6 5 2 1 8 2 9 4 1 1 1 2 1 4 1 |
6169: 8 10 28 1 1 31 7 9 23 9 14 10 21 49 208 283 |13 17 1 7 2 1 1 1 16 16 1 15 24 13 21 41 |6 15 16 6 11 1 4 19 8 1 1 1 1 10 10 5 |1 2 15 1 14 6 1 11 1 9 14 5 1 9 19 1 |1 1 1 1 2 2 1 1 8 6 4 1 1 1 3 3 |1 17 4 7 1 7 1 12 11 1 1 1 8 1 1 10 |1 1 2 9 4 1 1 12 13 1 8 10 11 1 7 9 |2 13 1 2 3 1 1 17 5 1 5 2 2 1 1 15 |4 7 1 1 8 1 2 2 4 4 2 1 1 2 15 1 |1 10 16 8 2 2 1 6 2 6 13 1 6 2 15 1 |1 1 6 6 1 15 4 7 1 15 15 1 1 1 1 6 |12 6 5 2 1 8 2 9 4 1 1 1 2 1 4 1 |
6180: 8 10 28 1 1 31 7 9 23 9 14 10 21 49 208 283 |13 17 1 7 2 1 1 1 16 16 1 15 24 13 21 41 |6 15 16 6 11 1 4 19 8 1 1 1 1 10 10 5 |1 2 15 1 14 6 1 11 1 9 14 5 1 9 19 1 |1 1 1 1 2 2 1 1 8 6 4 1 1 1 3 3 |1 17 4 7 1 7 1 12 11 1 1 1 8 1 1 10 |1 1 2 9 4 1 1 12 13 1 8 10 11 1 7 9 |2 13 1 2 3 1 1 17 5 1 5 2 2 1 1 15 |4 7 1 1 8 1 2 2 4 4 2 1 1 2 15 1 |1 9 6 2 1 1 1 7 2 6 13 1 6 2 15 1 |1 1 6 6 1 15 4 7 1 15 15 1 1 1 1 6 |12 6 5 2 1 8 2 9 4 1 1 1 2 1 4 1 |
6191: 8 10 28 1 1 31 7 9 23 9 14 10 21 49 208 283 |13 17 1 7 2 1 1 1 16 16 1 15 24 13 21 41 |6 15 16 6 11 1 4 19 8 1 1 1 1 10 10 5 |1 2 15 1 14 6 1 11 1 9 14 5 1 9 19 1 |1 1 1 1 2 2 1 1 8 6 4 1 1 1 3 3 |1 17 4 7 1 7 1 12 11 1 1 1 8 1 1 10 |1 1 2 9 4 1 1 12 13 1 8 10 11 1 7 9 |2 13 1 2 3 1 1 17 5 1 5 2 2 1 1 15 |4 7 1 1 8 1 2 2 4 4 2 1 1 2 15 1 |1 9 6 2 1 1 1 7 2 6 13 1 6 2 15 1 |1 1 6 6 1 15 4 7 1 15 15 1 1 1 1 6 |12 6 5 2 1 8 2 9 4 1 1 1 2 1 4 1 |
6202: 8 10 28 1 1 31 7 9 23 9 14 10 21 49 208 283 |13 17 1 7 2 1 1 1 16 16 1 15 24 13 21 41 |6 15 16 6 11 1 4 19 8 1 1 1 1 10 10 5 |1 2 15 1 14 6 1 11 1 9 14 5 1 9 19 1 |1 1 1 1 2 2 1 1 8 6 4 1 1 1 3 3 |1 17 4 7 1 7 1 12 11 1 1 1 8 1 1 10 |1 1 2 9 4 1 1 12 13 1 8 10 11 1 7 9 |2 13 1 2 3 1 1 17 5 1 5 2 2 1 1 15 |4 7 1 1 8 1 2 2 4 4 2 1 1 2 15 1 |1 9 6 2 1 1 1 7 2 6 13 1 6 2 15 1 |1 1 6 6 1 15 4 7 1 15 15 1 1 1 1 6 |12 6 5 2 1 8 2 9 4 1 1 1 2 1 4 1 |
6213: 8 10 28 1 1 31 7 9 23 9 14 10 21 49 208 283 |13 17 1 7 2 1 1 1 16 16 1 15 24 13 21 41 |6 15 16 6 11 1 4 19 8 1 1 1 1 10 10 5 |1 2 15 1 14 6 1 11 1 9 14 5 1 9 19 1 |1 1 1 1 2 2 1 1 8 6 4 1 1 1 3 3 |1 17 4 7 1 7 1 12 11 1 1 1 8 1 1 10 |1 1 2 9 4 1 1 12 13 1 8 10 11 1 7 9 |2 13 1 2 3 1 1 17 5 1 5 2 2 1 1 15 |4 7 1 1 8 1 2 2 4 4 2 1 1 2 15 1 |1 9 6 2 1 1 1 7 2 6 13 1 6 2 15 1 |1 1 6 6 1 15 4 7 1 15 15 1 1 1 1 6 |12 6 5 2 1 8 2 9 4 1 1 1 2 1 4 1 |
6224: 8 10 28 1 1 31 7 9 23 9 14 10 21 49 208 283 |13 17 1 7 2 1 1 1 16 16 1 15 24 13 21 41 |6 15 16 6 11 1 4 19 8 1 1 1 1 10 10 5 |1 2 15 1 14 6 1 11 1 9 14 5 1 9 19 1 |1 1 1 1 2 2 1 1 8 6 4 1 1 1 3 3 |1 17 4 7 1 7 1 12 11 1 1 1 8 1 1 10 |1 1 2 9 4 1 1 12 13 1 8 10 11 1 7 9 |2 13 1 2 3 1 1 17 5 1 5 2 2 1 1 15 |4 7 1 1 8 1 2 2 4 4 2 1 1 2 15 1 |1 9 6 2 1 1 1 7 2 6 13 1 6 2 15 1 |1 1 6 6 1 15 4 7 1 15 15 1 1 1 1 6 |12 6 5 2 1 8 2 9 4 1 1 1 2 1 4 1 |
6235: 8 10 28 1 1 31 7 9 23 9 14 10 21 49 208 283 |13 17 1 7 2 1 1 1 16 16 1 15 24 13 21 41 |6 15 16 6 11 1 4 19 8 1 1 1 1 10 10 5 |1 2 15 1 14 6 1 11 1 9 14 5 1 9 19 1 |1 1 1 1 2 2 1 1 8 6 4 1 1 1 3 3 |1 17 4 7 1 7 1 12 11 1 1 1 8 1 1 10 |1 1 2 9 4 1 1 12 13 1 8 10 11 1 7 9 |2 12 1 1 3 2 7 18 12 1 4 2 6 1 4 14 |4 7 1 1 8 1 2 2 4 4 2 1 1 2 15 1 |1 9 6 2 1 1 1 7 2 6 13 1 6 2 15 1 |1 1 6 6 1 15 4 7 1 15 15 1 1 1 1 6 |12 6 5 2 1 8 2 9 4 1 1 1 2 1 4 1 |
6246: 8 10 28 1 1 31 7 9 23 9 14 10 21 49 208 283 |13 17 1 7 2 1 1 1 16 16 1 15 24 13 21 41 |6 15 16 6 11 1 4 19 8 1 1 1 1 10 10 5 |1 2 15 1 14 6 1 11 1 9 14 5 1 9 19 1 |1 1 1 1 2 2 1 1 8 6 4 1 1 1 3 3 |1 17 4 7 1 7 1 12 11 1 1 1 8 1 1 10 |1 1 2 9 4 1 1 12 13 1 8 10 11 1 7 9 |2 12 1 1 3 2 7 18 12 1 4 2 6 1 4 14 |4 7 1 1 8 1 2 2 4 4 2 1 1 2 15 1 |1 9 6 2 1 1 1 7 2 6 13 1 6 2 15 1 |1 1 6 6 1 15 4 7 1 15 15 1 1 1 1 6 |12 6 5 2 1 8 2 9 4 1 1 1 2 1 4 1 |
6257: 8 10 28 1 1 31 7 9 23 9 14 10 21 49 208 283 |13 17 1 7 2 1 1 1 16 16 1 15 24 13 21 41 |6 15 16 6 11 1 4 19 8 1 1 1 1 10 10 5 |1 2 15 1 14 6 1 11 1 9 14 5 1 9 19 1 |1 1 1 1 2 2 1 1 8 6 4 1 1 1 3 3 |1 17 4 7 1 7 1 12 11 1 1 1 8 1 1 10 |1 1 2 9 4 1 1 12 13 1 8 10 11 1 7 9 |2 12 1 1 3 2 7 18 12 1 4 2 6 1 4 14 |4 7 1 1 8 1 2 2 4 4 2 1 1 2 15 1 |1 9 6 2 1 1 1 7 2 6 13 1 6 2 15 1 |1 1 6 6 1 15 4 7 1 15 15 1 1 1 1 6 |12 6 5 2 1 8 2 9 4 1 1 1 2 1 4 1 |
6268: 8 10 28 1 1 31 7 9 23 9 14 10 21 49 208 283 |13 17 1 7 2 1 1 1 16 16 1 15 24 13 21 41 |6 15 16 6 11 1 4 19 8 1 1 1 1 10 10 5 |1 2 15 1 14 6 1 11 1 9 14 5 1 9 19 1 |1 1 1 1 2 2 1 1 8 6 4 1 1 1 3 3 |1 17 4 7 1 7 1 12 11 1 1 1 8 1 1 10 |11 6 1 1 6 1 1 13 7 4 8 7 8 7 8 1 |2 12 1 1 3 2 7 18 12 1 4 2 6 1 4 14 |4 7 1 1 8 1 2 2 4 4 2 1 1 2 15 1 |1 9 6 2 1 1 1 7 2 6 13 1 6 2 15 1 |1 1 6 6 1 15 4 7 1 15 15 1 1 1 1 6 |12 6 5 2 1 8 2 9 4 1 1 1 2 1 4 1 |
6279: 8 10 28 1 1 31 7 9 23 9 14 10 21 49 208 283 |13 17 1 7 2 1 1 1 16 16 1 15 24 13 21 41 |6 15 16 6 11 1 4 19 8 1 1 1 1 10 10 5 |1 2 15 1 14 6 1 11 1 9 14 5 1 9 19 1 |1 1 1 1 2 2 1 1 8 6 4 1 1 1 3 3 |1 17 4 7 1 7 1 12 11 1 1 1 8 1 1 10 |11 6 1 1 6 1 1 13 7 4 8 7 8 7 8 1 |2 12 1 1 3 2 7 18 12 1 4 2 6 1 4 14 |4 7 1 1 8 1 2 2 4 4 2 1 1 2 15 1 |1 9 6 2 1 1 1 7 2 6 13 1 6 2 15 1 |1 1 6 6 1 15 4 7 1 15 15 1 1 1 1 6 |12 6 5 2 1 8 2 9 4 1 1 1 2 1 4 1 |
6290: 8 10 28 1 1 31 7 9 23 9 14 10 21 49 208 283 |13 17 1 7 2 1 1 1 16 16 1 15 24 13 21 41 |6 15 16 6 11 1 4 19 8 1 1 1 1 10 10 5 |1 2 15 1 14 6 1 11 1 9 14 5 1 9 19 1 |1 1 1 1 2 2 1 1 8 6 4 1 1 1 3 3 |1 17 4 7 1 7 1 12 11 1 1 1 8 1 1 10 |11 6 1 1 6 1 1 13 7 4 8 7 8 7 8 1 |2 12 1 1 3 2 7 18 12 1 4 2 6 1 4 14 |4 7 1 1 8 1 2 2 4 4 2 1 1 2 15 1 |1 9 6 2 1 1 1 7 2 6 13 1 6 2 15 1 |1 1 6 6 1 15 4 7 1 15 15 1 1 1 1 6 |12 6 5 2 1 8 2 9 4 1 1 1 2 1 4 1 |
6301: 8 10 28 1 1 31 7 9 23 9 14 10 21 49 208 283 |13 17 1 7 2 1 1 1 16 16 1 15 24 13 21 41 |6 15 16 6 11 1 4 19 8 1 1 1 1 10 10 5 |1 2 15 1 14 6 1 11 1 9 14 5 1 9 19 1 |1 1 1 1 2 2 1 1 8 6 4 1 1 1 3 3 |1 17 4 7 1 7 1 12 11 1 1 1 8 1 1 10 |11 6 1 1 6 1 1 13 7 4 8 7 8 7 8 1 |2 12 1 1 3 2 7 18 12 1 4 2 6 1 4 14 |4 7 1 1 8 1 2 2 4 4 2 1 1 2 15 1 |1 9 6 2 1 1 1 7 2 6 13 1 6 2 15 1 |1 1 6 6 1 15 4 7 1 15 15 1 1 1 1 6 |12 6 5 2 1 8 2 9 4 1 1 1 2 1 4 1 |
6312: 8 10 28 1 1 31 7 9 23 9 14 10 21 49 208 283 |13 17 1 7 2 1 1 1 16 16 1 15 24 13 21 41 |6 15 16 6 11 1 4 19 8 1 1 1 1 10 10 5 |1 2 15 1 14 6 1 11 1 9 14 5 1 9 19 1 |1 1 1 1 2 2 1 1 8 6 4 1 1 1 3 3 |1 17 4 7 1 7 1 12 11 1 1 1 8 1 1 10 |11 6 1 1 6 1 1 13 7 4 8 7 8 7 8 1 |2 12 1 1 3 2 7 18 12 1 4 2 6 1 4 14 |4 7 1 1 8 1 2 2 4 4 2 1 1 2 15 1 |1 9 6 2 1 1 1 7 2 6 13 1 6 2 15 1 |1 1 6 6 1 15 4 7 1 15 15 1 1 1 1 6 |12 6 5 2 1 8 2 9 4 1 1 1 2 1 4 1 |
6323: 8 10 28 1 1 31 7 9 23 9 14 10 21 49 208 283 |13 17 1 7 2 1 1 1 16 16 1 15 24 13 21 41 |6 15 16 6 11 1 4 19 8 1 1 1 1 10 10 5 |1 2 15 1 14 6 1 11 1 9 14 5 1 9 19 1 |1 1 1 1 2 2 1 1 8 6 4 1 1 1 3 3 |1 17 4 7 1 7 1 12 11 1 1 1 8 1 1 10 |11 6 1 1 6 1 1 13 7 4 8 7 8 7 8 1 |2 12 1 1 3 2 7 18 12 1 4 2 6 1 4 14 |4 7 1 1 8 1 2 2 4 4 2 1 1 2 15 1 |1 9 6 2 1 1 1 7 2 6 13 1 6 2 15 1 |1 1 6 6 1 15 4 7 1 15 15 1 1 1 1 6 |12 6 5 2 1 8 2 9 4 1 1 1 2 1 4 1 |
6334: 8 10 28 1 1 31 7 9 23 9 14 10 21 49 208 283 |13 17 1 7 2 1 1 1 16 16 1 15 24 13 21 41 |6 15 16 6 11 1 4 19 8 1 1 1 1 10 10 5 |1 2 15 1 14 6 1 11 1 9 14 5 1 9 19 1 |1 1 1 1 2 2 1 1 8 6 4 1 1 1 3 3 |1 17 4 7 1 7 1 12 11 1 1 1 8 1 1 10 |7 1 9 7 3 1 1 12 12 1 1 10 11 1 15 1 |2 12 1 1 3 2 7 18 12 1 4 2 6 1 4 14 |4 7 1 1 8 1 2 2 4 4 2 1 1 2 15 1 |1 9 6 2 1 1 1 7 2 6 13 1 6 2 15 1 |1 1 6 6 1 15 4 7 1 15 15 1 1 1 1 6 |12 6 5 2 1 8 2 9 4 1 1 1 2 1 4 1 |
6345: 8 10 28 1 1 31 7 9 23 9 14 10 21 49 208 283 |13 17 1 7 2 1 1 1 16 16 1 15 24 13 21 41 |6 15 16 6 11 1 4 19 8 1 1 1 1 10 10 5 |1 2 15 1 14 6 1 11 1 9 14 5 1 9 19 1 |1 1 1 1 2 2 1 1 8 6 4 1 1 1 3 3 |1 17 4 7 1 7 1 12 11 1 1 1 8 1 1 10 |7 1 9 7 3 1 1 12 12 1 1 10 11 1 15 1 |2 1 1 1 4 1 1 17 5 1 7 3 6 1 4 6 |4 7 1 1 8 1 2 2 4 4 2 1 1 2 15 1 |1 9 6 2 1 1 1 7 2 6 13 1 6 2 15 1 |1 1 6 6 1 15 4 7 1 15 15 1 1 1 1 6 |12 6 5 2 1 8 2 9 4 1 1 1 2 1 4 1 |
6356: 8 10 28 1 1 31 7 9 23 9 14 10 21 49 208 283 |13 17 1 7 2 1 1 1 16 16 1 15 24 13 21 41 |6 15 16 6 11 1 4 19 8 1 1 1 1 10 10 5 |1 2 15 1 14 6 1 11 1 9 14 5 1 9 19 1 |1 1 1 1 2 2 1 1 8 6 4 1 1 1 3 3 |1 17 4 7 1 7 1 12 11 1 1 1 8 1 1 10 |7 1 9 7 3 1 1 12 12 1 1 10 11 1 15 1 |2 1 1 1 4 1 1 17 5 1 7 3 6 1 4 6 |4 7 1 1 8 1 2 2 4 4 2 1 1 2 15 1 |1 9 6 2 1 1 1 7 2 6 13 1 6 2 15 1 |1 1 6 6 1 15 4 7 1 15 15 1 1 1 1 6 |12 6 5 2 1 8 2 9 4 1 1 1 2 1 4 1 |
6367: 8 10 28 1 1 31 7 9 23 9 14 10 21 49 208 283 |13 17 1 7 2 1 1 1 16 16 1 15 24 13 21 41 |6 15 16 6 11 1 4 19 8 1 1 1 1 10 10 5 |1 2 15 1 14 6 1 11 1 9 14 5 1 9 19 1 |1 1 1 1 2 2 1 1 8 6 4 1 1 1 3 3 |1 7 2 2 3 7 1 12 11 1 3 3 3 4 1 1 |7 1 9 7 3 1 1 12 12 1 1 10 11 1 15 1 |2 1 1 1 4 1 1 17 5 1 7 3 6 1 4 6 |4 7 1 1 8 1 2 2 4 4 2 1 1 2 15 1 |1 9 6 2 1 1 1 7 2 6 13 1 6 2 15 1 |1 1 6 6 1 15 4 7 1 15 15 1 1 1 1 6 |12 6 5 2 1 8 2 9 4 1 1 1 2 1 4 1 |
6378: 8 10 28 1 1 31 7 9 23 9 14 10 21 49 208 283 |13 17 1 7 2 1 1 1 16 16 1 15 24 13 21 41 |6 15 16 6 11 1 4 19 8 1 1 1 1 10 10 5 |1 2 15 1 14 6 1 11 1 9 14 5 1 9 19 1 |1 1 1 1 2 2 1 1 8 6 4 1 1 1 3 3 |1 7 2 2 3 7 1 12 11 1 3 3 3 4 1 1 |7 1 9 7 3 1 1 12 12 1 1 10 11 1 15 1 |2 1 1 1 4 1 1 17 5 1 7 3 6 1 4 6 |4 7 1 1 8 1 2 2 4 4 2 1 1 2 15 1 |1 9 6 2 1 1 1 7 2 6 13 1 6 2 15 1 |1 1 6 6 1 15 4 7 1 15 15 1 1 1 1 6 |12 6 5 2 1 8 2 9 4 1 1 1 2 1 4 1 |
6388: 8 10 28 1 1 31 7 9 23 9 14 10 21 49 208 283 |13 17 1 7 2 1 1 1 16 16 1 15 24 13 21 41 |6 15 16 6 11 1 4 19 8 1 1 1 1 10 10 5 |1 2 15 1 14 6 1 11 1 9 14 5 1 9 19 1 |1 1 1 1 2 2 1 1 8 6 4 1 1 1 3 3 |1 7 2 2 3 7 1 12 11 1 3 3 3 4 1 1 |7 1 9 7 3 1 1 12 12 1 1 10 11 1 15 1 |2 1 1 1 4 1 1 17 5 1 7 3 6 1 4 6 |4 7 1 1 8 1 2 2 4 4 2 1 1 2 15 1 |1 9 6 2 1 1 1 7 2 6 13 1 6 2 15 1 |1 1 6 6 1 15 4 7 1 15 15 1 1 1 1 6 |12 6 5 2 1 8 2 9 4 1 1 1 2 1 4 1 |
6399: 8 10 28 1 1 31 7 9 23 9 14 10 21 49 208 283 |13 17 1 7 2 1 1 1 16 16 1 15 24 13 21 41 |6 15 16 6 11 1 4 19 8 1 1 1 1 10 10 5 |1 2 15 1 14 6 1 11 1 9 14 5 1 9 19 1 |1 1 1 1 2 2 1 1 8 6 4 1 1 1 3 3 |1 7 2 2 3 7 1 12 11 1 3 3 3 4 1 1 |7 1 9 7 3 1 1 12 12 1 1 10 11 1 15 1 |2 1 1 1 4 2 1 17 8 1 6 4 7 1 3 11 |4 7 1 1 8 1 2 2 4 4 2 1 1 2 15 1 |1 9 6 2 1 1 1 7 2 6 13 1 6 2 15 1 |1 1 6 6 1 15 4 7 1 15 15 1 1 1 1 6 |12 6 5 2 1 8 2 9 4 1 1 1 2 1 4 1 |
6410: 8 10 28 1 1 31 7 9 23 9 14 10 21 49 208 283 |13 17 1 7 2 1 1 1 16 16 1 15 24 13 21 41 |6 15 16 6 11 1 4 19 8 1 1 1 1 10 10 5 |1 2 15 1 14 6 1 11 1 9 14 5 1 9 19 1 |1 1 1 1 2 2 1 1 8 6 4 1 1 1 3 3 |1 7 2 2 3 7 1 12 11 1 3 3 3 4 1 1 |7 1 9 7 3 1 1 12 12 1 1 10 11 1 15 1 |2 1 1 1 4 2 1 17 8 1 6 4 7 1 3 11 |1 8 2 2 8 1 15 1 15 2 1 13 2 1 14 1 |1 9 6 2 1 1 1 7 2 6 13 1 6 2 15 1 |1 1 6 6 1 15 4 7 1 15 15 1 1 1 1 6 |12 6 5 2 1 8 2 9 4 1 1 1 2 1 4 1 |
6421: 8 10 28 1 1 31 7 9 23 9 14 10 21 49 208 283 |13 17 1 7 2 1 1 1 16 16 1 15 24 13 21 41 |6 15 16 6 11 1 4 19 8 1 1 1 1 10 10 5 |1 2 15 1 14 6 1 11 1 9 14 5 1 9 19 1 |1 1 1 1 2 2 1 1 8 6 4 1 1 1 3 3 |1 7 2 2 3 7 1 12 11 1 3 3 3 4 1 1 |7 1 9 7 3 1 1 12 12 1 1 10 11 1 15 1 |2 1 1 1 4 2 1 17 8 1 6 4 7 1 3 11 |1 8 2 2 8 1 15 1 15 2 1 13 2 1 14 1 |1 9 6 2 1 1 1 7 2 6 13 1 6 2 15 1 |1 1 6 6 1 15 4 7 1 15 15 1 1 1 1 6 |12 6 5 2 1 8 2 9 4 1 1 1 2 1 4 1 |
6432: 8 10 28 1 1 31 7 9 23 9 14 10 21 49 208 283 |13 17 1 7 2 1 1 1 16 16 1 15 24 13 21 41 |6 15 16 6 11 1 4 19 8 1 1 1 1 10 10 5 |1 2 15 1 14 6 1 11 1 9 14 5 1 9 19 1 |1 1 1 1 2 2 1 1 8 6 4 1 1 1 3 3 |1 7 2 2 3 7 1 12 11 1 3 3 3 4 1 1 |7 2 2 9 4 1 1 12 9 1 18 3 19 1 16 1 |2 1 1 1 4 2 1 17 8 1 6 4 7 1 3 11 |1 8 2 2 8 1 15 1 15 2 1 13 2 1 14 1 |1 9 6 2 1 1 1 7 2 6 13 1 6 2 15 1 |1 1 6 6 1 15 4 7 1 15 15 1 1 1 1 6 |12 6 5 2 1 8 2 9 4 1 1 1 2 1 4 1 |
6443: 8 10 28 1 1 31 7 9 23 9 14 10 21 49 208 283 |13 17 1 7 2 1 1 1 16 16 1 15 24 13 21 41 |6 15 16 6 11 1 4 19 8 1 1 1 1 10 10 5 |1 2 15 1 14 6 1 11 1 9 14 5 1 9 19 1 |1 1 1 1 2 2 1 1 8 6 4 1 1 1 3 3 |1 7 2 2 3 7 1 12 11 1 3 3 3 4 1 1 |7 2 2 9 4 1 1 12 9 1 18 3 19 1 16 1 |2 1 1 1 4 2 1 17 8 1 6 4 7 1 3 11 |1 8 2 2 8 1 15 1 15 2 1 13 2 1 14 1 |1 9 6 2 1 1 1 7 2 6 13 1 6 2 15 1 |1 1 6 6 1 15 4 7 1 15 15 1 1 1 1 6 |12 6 5 2 1 8 2 9 4 1 1 1 2 1 4 1 |
6454: 8 10 28 1 1 31 7 9 23 9 14 10 21 49 208 283 |13 17 1 7 2 1 1 1 16 16 1 15 24 13 21 41 |6 15 16 6 11 1 4 19 8 1 1 1 1 10 10 5 |1 2 15 1 14 6 1 11 1 9 14 5 1 9 19 1 |1 1 1 1 2 2 1 1 8 6 4 1 1 1 3 3 |1 7 2 2 3 7 1 12 11 1 3 3 3 4 1 1 |7 2 2 9 4 1 1 12 9 1 18 3 19 1 16 1 |2 1 1 1 4 2 1 17 8 1 6 4 7 1 3 11 |1 8 2 2 8 1 15 1 15 2 1 13 2 1 14 1 |1 9 6 2 1 1 1 7 2 6 13 1 6 2 15 1 |1 1 6 6 1 15 4 7 1 15 15 1 1 1 1 6 |12 6 5 2 1 8 2 9 4 1 1 1 2 1 4 1 |
6465: 8 10 28 1 1 31 7 9 23 9 14 10 21 49 208 283 |13 17 1 7 2 1 1 1 16 16 1 15 24 13 21 41 |6 15 16 6 11 1 4 19 8 1 1 1 1 10 10 5 |1 2 15 1 14 6 1 11 1 9 14 5 1 9 19 1 |1 1 1 1 2 2 1 1 8 6 4 1 1 1 3 3 |1 7 2 2 3 7 1 12 11 1 3 3 3 4 1 1 |7 2 2 9 4 1 1 12 9 1 18 3 19 1 16 1 |2 1 1 1 4 2 1 17 8 1 6 4 7 1 3 11 |1 8 2 2 8 1 15 1 15 2 1 13 2 1 14 1 |1 9 6 2 1 1 1 7 2 6 13 1 6 2 15 1 |1 1 6 6 1 15 4 7 1 15 15 1 1 1 1 6 |12 6 5 2 1 8 2 9 4 1 1 1 2 1 4 1 |
6476: 8 10 28 1 1 31 7 9 23 9 14 10 21 49 208 283 |13 17 1 7 2 1 1 1 16 16 1 15 24 13 21 41 |6 15 16 6 11 1 4 19 8 1 1 1 1 10 10 5 |1 2 15 1 14 6 1 11 1 9 14 5 1 9 19 1 |1 1 1 1 2 2 1 1 8 6 4 1 1 1 3 3 |1 7 2 2 3 7 1 12 11 1 3 3 3 4 1 1 |7 2 2 9 4 1 1 12 9 1 18 3 19 1 16 1 |2 1 1 1 4 2 1 17 8 1 6 4 7 1 3 11 |1 8 2 2 8 1 15 1 15 2 1 13 2 1 14 1 |1 9 6 2 1 1 1 7 2 6 13 1 6 2 15 1 |1 1 6 6 1 15 4 7 1 15 15 1 1 1 1 6 |12 6 5 2 1 8 2 9 4 1 1 1 2 1 4 1 |
6487: 8 10 28 1 1 31 7 9 23 9 14 10 21 49 208 283 |13 17 1 7 2 1 1 1 16 16 1 15 24 13 21 41 |6 15 16 6 11 1 4 19 8 1 1 1 1 10 10 5 |1 2 15 1 14 6 1 11 1 9 14 5 1 9 19 1 |1 1 1 1 2 2 1 1 8 6 4 1 1 1 3 3 |1 7 2 2 3 7 1 12 11 1 3 3 3 4 1 1 |7 2 2 9 4 1 1 12 9 1 18 3 19 1 16 1 |2 1 1 1 4 2 1 17 8 1 6 4 7 1 3 11 |1 8 2 2 8 1 15 1 15 2 1 13 2 1 14 1 |1 9 6 2 1 1 1 7 2 6 13 1 6 2 15 1 |1 1 6 6 1 15 4 7 1 15 15 1 1 1 1 6 |12 6 5 2 1 8 2 9 4 1 1 1 2 1 4 1 |
6498: 8 10 28 1 1 31 7 9 23 9 14 10 21 49 208 283 |13 17 1 7 2 1 1 1 16 16 1 15 24 13 21 41 |6 15 16 6 11 1 4 19 8 1 1 1 1 10 10 5 |1 2 15 1 14 6 1 11 1 9 14 5 1 9 19 1 |1 1 1 1 2 2 1 1 8 6 4 1 1 1 3 3 |1 7 2 2 3 7 1 12 11 1 3 3 3 4 1 1 |7 2 2 9 4 1 1 12 9 1 18 3 19 1 16 1 |2 1 1 1 4 2 1 17 8 1 6 4 7 1 3 11 |1 8 2 2 8 1 15 1 15 2 1 13 2 1 14 1 |1 9 6 2 1 1 1 7 2 6 13 1 6 2 15 1 |1 1 6 6 1 15 4 7 1 15 15 1 1 1 1 6 |12 6 5 2 1 8 2 9 4 1 1 1 2 1 4 1 |
6509: 8 10 28 1 1 31 7 9 23 9 14 10 21 49 208 283 |13 17 1 7 2 1 1 1 16 16 1 15 24 13 21 41 |6 15 16 6 11 1 4 19 8 1 1 1 1 10 10 5 |1 2 15 1 14 6 1 11 1 9 14 5 1 9 19 1 |1 1 1 1 2 2 1 1 8 6 4 1 1 1 3 3 |1 7 2 2 3 7 1 12 11 1 3 3 3 4 1 1 |7 2 2 9 4 1 1 12 9 1 18 3 19 1 16 1 |2 1 1 1 4 2 1 17 8 1 6 4 7 1 3 11 |1 8 2 2 8 1 15 1 15 2 1 13 2 1 14 1 |1 9 6 2 1 1 1 7 2 6 13 1 6 2 15 1 |1 1 6 6 1 15 4 7 1 15 15 1 1 1 1 6 |12 6 5 2 1 8 2 9 4 1 1 1 2 1 4 1 |
6520: 8 10 28 1 1 31 7 9 23 9 14 10 21 49 208 283 |13 17 1 7 2 1 1 1 16 16 1 15 24 13 21 41 |6 15 16 6 11 2 17 16 10 9 23 43 33 17 1 5 |1 2 15 1 14 6 1 11 1 9 14 5 1 9 19 1 |1 1 1 1 2 2 1 1 8 6 4 1 1 1 3 3 |1 7 2 2 3 7 1 12 11 1 3 3 3 4 1 1 |7 2 2 9 4 1 1 12 9 1 18 3 19 1 16 1 |2 1 1 1 4 2 1 17 8 1 6 4 7 1 3 11 |1 8 2 2 8 1 15 1 15 2 1 13 2 1 14 1 |1 9 6 2 1 1 1 7 2 6 13 1 6 2 15 1 |1 1 6 6 1 15 4 7 1 15 15 1 1 1 1 6 |12 6 5 2 1 8 2 9 4 1 1 1 2 1 4 1 |
6531: 8 10 28 1 1 31 7 9 23 9 14 10 21 49 208 283 |13 17 1 7 2 1 1 1 16 16 1 15 24 13 21 41 |6 15 16 6 11 2 17 16 10 9 23 43 33 17 1 5 |1 2 15 1 14 6 1 11 1 9 14 5 1 9 19 1 |1 1 1 1 2 2 1 1 8 6 4 1 1 1 3 3 |1 7 2 2 3 7 1 12 11 1 3 3 3 4 1 1 |7 2 2 9 4 1 1 12 9 1 18 3 19 1 16 1 |2 1 1 1 4 2 1 17 8 1 6 4 7 1 3 11 |1 8 2 2 8 1 15 1 15 2 1 13 2 1 14 1 |1 9 6 2 1 1 1 7 2 6 13 1 6 2 15 1 |1 1 6 5 1 2 3 6 1 15 4 6 1 1 6 15 |12 6 5 2 1 8 2 9 4 1 1 1 2 1 4 1 |
6542: 8 10 28 1 1 31 7 9 23 9 14 10 21 49 208 283 |13 17 1 7 2 1 1 1 16 16 1 15 24 13 21 41 |6 15 16 6 11 2 17 16 10 9 23 43 33 17 1 5 |1 2 15 1 14 6 1 11 1 9 14 5 1 9 19 1 |1 1 1 1 2 2 1 1 8 6 4 1 1 1 3 3 |1 7 2 2 3 7 1 12 11 1 3 3 3 4 1 1 |7 2 2 9 4 1 1 12 9 1 18 3 19 1 16 1 |2 1 1 1 4 2 1 17 8 1 6 4 7 1 3 11 |1 8 2 2 8 1 15 1 15 2 1 13 2 1 14 1 |1 9 6 2 1 1 1 7 2 6 13 1 6 2 15 1 |1 1 6 5 1 2 3 6 1 15 4 6 1 1 6 15 |12 6 5 2 1 8 2 9 4 1 1 1 2 1 4 1 |
6553: 8 10 28 1 1 31 7 9 23 9 14 10 21 49 208 283 |7 8 2 9 1 1 1 1 17 20 7 21 25 2 3 4 |6 15 16 6 11 2 17 16 10 9 23 43 33 17 1 5 |1 2 15 1 14 6 1 11 1 9 14 5 1 9 19 1 |1 1 1 1 2 2 1 1 8 6 4 1 1 1 3 3 |1 7 2 2 3 7 1 12 11 1 3 3 3 4 1 1 |7 2 2 9 4 1 1 12 9 1 18 3 19 1 16 1 |2 1 1 1 4 2 1 17 8 1 6 4 7 1 3 11 |1 8 2 2 8 1 15 1 15 2 1 13 2 1 14 1 |1 9 6 2 1 1 1 7 2 6 13 1 6 2 15 1 |1 1 6 5 1 2 3 6 1 15 4 6 1 1 6 15 |12 6 5 2 1 8 2 9 4 1 1 1 2 1 4 1 |
6564: 8 10 28 1 1 31 7 9 23 9 14 10 21 49 208 283 |7 8 2 9 1 1 1 1 17 20 7 21 25 2 3 4 |6 15 16 6 11 2 17 16 10 9 23 43 33 17 1 5 |1 2 15 1 14 6 1 11 1 9 14 5 1 9 19 1 |1 1 1 1 2 2 1 1 8 6 4 1 1 1 3 3 |1 7 2 2 3 7 1 12 11 1 3 3 3 4 1 1 |7 2 2 9 4 1 1 12 9 1 18 3 19 1 16 1 |2 1 1 1 4 2 1 17 8 1 6 4 7 1 3 11 |1 8 2 2 8 1 15 1 15 2 1 13 2 1 14 1 |1 9 6 2 1 1 1 7 2 6 13 1 6 2 15 1 |1 1 1 1 1 1 2 1 1 10 2 1 11 3 1 2 |12 6 5 2 1 8 2 9 4 1 1 1 2 1 4 1 |
6575: 8 10 28 1 1 31 7 9 23 9 14 10 21 49 208 283 |7 8 2 9 1 1 1 1 17 20 7 21 25 2 3 4 |6 15 16 6 11 2 17 16 10 9 23 43 33 17 1 5 |1 2 15 1 14 6 1 11 1 9 14 5 1 9 19 1 |1 1 1 1 2 2 1 1 8 6 4 1 1 1 3 3 |1 7 2 2 3 7 1 12 11 1 3 3 3 4 1 1 |7 2 2 9 4 1 1 12 9 1 18 3 19 1 16 1 |2 1 1 1 4 2 1 17 8 1 6 4 7 1 3 11 |1 8 2 2 8 1 15 1 15 2 1 13 2 1 14 1 |1 9 6 2 1 1 1 7 2 6 13 1 6 2 15 1 |1 1 1 1 1 1 2 1 1 10 2 1 11 3 1 2 |12 6 5 2 1 8 2 9 4 1 1 1 2 1 4 1 |
6586: 8 10 28 1 1 31 7 9 23 9 14 10 21 49 208 283 |7 8 2 9 1 1 1 1 17 20 7 21 25 2 3 4 |6 15 16 6 11 2 17 16 10 9 23 43 33 17 1 5 |1 2 15 1 14 6 1 11 1 9 14 5 1 9 19 1 |1 1 1 1 2 2 1 1 8 6 4 1 1 1 3 3 |1 7 2 2 3 7 1 12 11 1 3 3 3 4 1 1 |7 2 2 9 4 1 1 12 9 1 18 3 19 1 16 1 |2 1 1 1 4 2 1 17 8 1 6 4 7 1 3 11 |1 8 2 2 8 1 15 1 15 2 1 13 2 1 14 1 |1 9 6 2 1 1 1 7 2 6 13 1 6 2 15 1 |1 1 1 1 1 1 2 1 1 10 2 1 11 3 1 2 |12 6 5 2 1 8 2 9 4 1 1 1 2 1 4 1 |
6597: 8 10 28 1 1 31 7 9 23 9 14 10 21 49 208 283 |7 8 2 9 1 1 1 1 17 20 7 21 25 2 3 4 |6 15 16 6 11 2 17 16 10 9 23 43 33 17 1 5 |1 2 15 1 14 6 1 11 1 9 14 5 1 9 19 1 |1 1 1 1 2 2 1 1 8 6 4 1 1 1 3 3 |1 7 2 2 3 7 1 12 11 1 3 3 3 4 1 1 |7 2 2 9 4 1 1 12 9 1 18 3 19 1 16 1 |2 1 1 1 4 2 1 17 8 1 6 4 7 1 3 11 |2 1 7 1 8 1 15 13 10 1 2 19 8 1 14 4 |1 9 6 2 1 1 1 7 2 6 13 1 6 2 15 1 |1 1 1 1 1 1 2 1 1 10 2 1 11 3 1 2 |12 6 5 2 1 8 2 9 4 1 1 1 2 1 4 1 |
6608: 8 10 28 1 1 31 7 9 23 9 14 10 21 49 208 283 |7 8 2 9 1 1 1 1 17 20 7 21 25 2 3 4 |6 15 16 6 11 2 17 16 10 9 23 43 33 17 1 5 |1 2 15 1 14 6 1 11 1 9 14 5 1 9 19 1 |1 1 1 1 2 2 1 1 8 6 4 1 1 1 3 3 |1 7 2 2 3 7 1 12 11 1 3 3 3 4 1 1 |7 2 2 9 4 1 1 12 9 1 18 3 19 1 16 1 |2 1 1 1 4 2 1 17 8 1 6 4 7 1 3 11 |2 1 7 1 8 1 15 13 10 1 2 19 8 1 14 4 |2 10 8 1 1 5 1 7 1 6 6 5 1 4 3 1 |1 1 1 1 1 1 2 1 1 10 2 1 11 3 1 2 |12 6 5 2 1 8 2 9 4 1 1 1 2 1 4 1 |
6619: 8 10 28 1 1 31 7 9 23 9 14 10 21 49 208 283 |8 6 2 9 2 1 1 7 18 20 6 21 32 2 1 5 |6 15 16 6 11 2 17 16 10 9 23 43 33 17 1 5 |1 2 15 1 14 6 1 11 1 9 14 5 1 9 19 1 |1 1 1 1 2 2 1 1 8 6 4 1 1 1 3 3 |1 7 2 2 3 7 1 12 11 1 3 3 3 4 1 1 |7 2 2 9 4 1 1 12 9 1 18 3 19 1 16 1 |2 1 1 1 4 2 1 17 8 1 6 4 7 1 3 11 |2 1 7 1 8 1 15 13 10 1 2 19 8 1 14 4 |2 10 8 1 1 5 1 7 1 6 6 5 1 4 3 1 |1 1 1 1 1 1 2 1 1 10 2 1 11 3 1 2 |12 6 5 2 1 8 2 9 4 1 1 1 2 1 4 1 |
6630: 8 10 28 1 1 31 7 9 23 9 14 10 21 49 208 283 |8 6 2 9 2 1 1 7 18 20 6 21 32 2 1 5 |3 7 16 6 12 1 5 21 10 9 11 31 25 18 7 2 |1 2 15 1 14 6 1 11 1 9 14 5 1 9 19 1 |1 1 1 1 2 2 1 1 8 6 4 1 1 1 3 3 |1 7 2 2 3 7 1 12 11 1 3 3 3 4 1 1 |7 2 2 9 4 1 1 12 9 1 18 3 19 1 16 1 |2 1 1 1 4 2 1 17 8 1 6 4 7 1 3 11 |2 1 7 1 8 1 15 13 10 1 2 19 8 1 14 4 |2 10 8 1 1 5 1 7 1 6 6 5 1 4 3 1 |1 1 1 1 1 1 2 1 1 10 2 1 11 3 1 2 |12 6 5 2 1 8 2 9 4 1 1 1 2 1 4 1 |
6641: 8 10 28 1 1 31 7 9 23 9 14 10 21 49 208 283 |8 6 2 9 2 1 1 7 18 20 6 21 32 2 1 5 |3 7 16 6 12 1 5 21 10 9 11 31 25 18 7 2 |1 2 15 1 14 6 1 11 1 9 14 5 1 9 19 1 |1 1 1 1 2 2 1 1 8 6 4 1 1 1 3 3 |1 7 2 2 3 7 1 12 11 1 3 3 3 4 1 1 |7 2 2 9 4 1 1 12 9 1 18 3 19 1 16 1 |2 1 1 1 4 2 1 17 8 1 6 4 7 1 3 11 |2 1 7 1 8 1 15 13 10 1 2 19 8 1 14 4 |2 10 8 1 1 5 1 7 1 6 6 5 1 4 3 1 |1 1 1 1 1 1 2 1 1 10 2 1 11 3 1 2 |12 6 5 2 1 8 2 9 4 1 1 1 2 1 4 1 |
6652: 8 10 28 1 1 31 7 9 23 9 14 10 21 49 208 283 |8 6 2 9 2 1 1 7 18 20 6 21 32 2 1 5 |3 7 16 6 12 1 5 21 10 9 11 31 25 18 7 2 |1 2 15 1 14 6 1 11 1 9 14 5 1 9 19 1 |1 1 1 1 2 2 1 1 8 6 4 1 1 1 3 3 |1 7 2 2 3 7 1 12 11 1 3 3 3 4 1 1 |7 2 2 9 4 1 1 12 9 1 18 3 19 1 16 1 |2 1 1 1 4 2 1 17 8 1 6 4 7 1 3 11 |2 1 7 1 8 1 15 13 10 1 2 19 8 1 14 4 |2 10 8 1 1 5 1 7 1 6 6 5 1 4 3 1 |1 1 1 1 1 1 2 1 1 10 2 1 11 3 1 2 |12 6 5 2 1 8 2 9 4 1 1 1 2 1 4 1 |
6663: 8 10 28 1 1 31 7 9 23 9 14 10 21 49 208 283 |8 6 2 9 2 1 1 7 18 20 6 21 32 2 1 5 |3 7 16 6 12 1 5 21 10 9 11 31 25 18 7 2 |1 2 15 1 14 6 1 11 1 9 14 5 1 9 19 1 |1 1 1 1 2 2 1 1 8 6 4 1 1 1 3 3 |1 7 2 2 3 7 1 12 11 1 3 3 3 4 1 1 |7 2 2 9 4 1 1 12 9 1 18 3 19 1 16 1 |2 1 1 1 4 2 1 17 8 1 6 4 7 1 3 11 |2 1 7 1 8 1 15 13 10 1 2 19 8 1 14 4 |2 10 8 2 1 2 2 6 2 7 15 1 1 9 15 1 |1 1 1 1 1 1 2 1 1 10 2 1 11 3 1 2 |12 6 5 2 1 8 2 9 4 1 1 1 2 1 4 1 |
6674: 8 10 28 1 1 31 7 9 23 9 14 10 21 49 208 283 |8 6 2 9 2 1 1 7 18 20 6 21 32 2 1 5 |3 7 16 6 12 1 5 21 10 9 11 31 25 18 7 2 |1 2 15 1 14 6 1 11 1 9 14 5 1 9 19 1 |1 1 1 1 2 2 1 1 8 6 4 1 1 1 3 3 |1 7 2 2 3 7 1 12 11 1 3 3 3 4 1 1 |7 2 2 9 4 1 1 12 9 1 18 3 19 1 16 1 |2 1 1 1 4 2 1 17 8 1 6 4 7 1 3 11 |2 1 7 1 8 1 15 13 10 1 2 19 8 1 14 4 |2 10 8 2 1 2 2 6 2 7 15 1 1 9 15 1 |2 1 8 2 1 14 4 6 1 14 16 7 1 1 6 14 |12 6 5 2 1 8 2 9 4 1 1 1 2 1 4 1 |
6685: 8 10 28 1 1 31 7 9 23 9 14 10 21 49 208 283 |8 6 2 9 2 1 1 7 18 20 6 21 32 2 1 5 |4 14 17 13 1 10 8 21 9 9 12 45 27 18 6 5 |1 2 15 1 14 6 1 11 1 9 14 5 1 9 19 1 |1 1 1 1 2 2 1 1 8 6 4 1 1 1 3 3 |1 7 2 2 3 7 1 12 11 1 3 3 3 4 1 1 |7 2 2 9 4 1 1 12 9 1 18 3 19 1 16 1 |2 1 1 1 4 2 1 17 8 1 6 4 7 1 3 11 |2 1 7 1 8 1 15 13 10 1 2 19 8 1 14 4 |2 10 8 2 1 2 2 6 2 7 15 1 1 9 15 1 |2 1 8 2 1 14 4 6 1 14 16 7 1 1 6 14 |12 6 5 2 1 8 2 9 4 1 1 1 2 1 4 1 |
6696: 8 10 28 1 1 31 7 9 23 9 14 10 21 49 208 283 |8 6 2 9 2 1 1 7 18 20 6 21 32 2 1 5 |4 14 17 13 1 10 8 21 9 9 12 45 27 18 6 5 |4 1 4 7 9 9 9 21 18 21 38 184 253 36 23 3 |1 1 1 1 2 2 1 1 8 6 4 1 1 1 3 3 |1 7 2 2 3 7 1 12 11 1 3 3 3 4 1 1 |7 2 2 9 4 1 1 12 9 1 18 3 19 1 16 1 |2 1 1 1 4 2 1 17 8 1 6 4 7 1 3 11 |2 1 7 1 8 1 15 13 10 1 2 19 8 1 14 4 |2 10 8 2 1 2 2 6 2 7 15 1 1 9 15 1 |2 1 8 2 1 14 4 6 1 14 16 7 1 1 6 14 |12 6 5 2 1 8 2 9 4 1 1 1 2 1 4 1 |
6707: 8 10 28 1 1 31 7 9 23 9 14 10 21 49 208 283 |8 6 2 9 2 1 1 7 18 20 6 21 32 2 1 5 |4 14 17 13 1 10 8 21 9 9 12 45 27 18 6 5 |4 1 4 7 9 9 9 21 18 21 38 184 253 36 23 3 |1 1 1 1 2 2 1 1 8 6 4 1 1 1 3 3 |1 7 2 2 3 7 1 12 11 1 3 3 3 4 1 1 |7 2 2 9 4 1 1 12 9 1 18 3 19 1 16 1 |2 1 1 1 4 2 1 17 8 1 6 4 7 1 3 11 |2 1 7 1 8 1 15 13 10 1 2 19 8 1 14 4 |2 10 8 2 1 2 2 6 2 7 15 1 1 9 15 1 |2 1 8 2 1 14 4 6 1 14 16 7 1 1 6 14 |12 6 5 2 1 8 2 9 4 1 1 1 2 1 4 1 |
6718: 8 10 28 1 1 31 7 9 23 9 14 10 21 49 208 283 |8 6 2 9 2 1 1 7 18 20 6 21 32 2 1 5 |4 14 17 13 1 10 8 21 9 9 12 45 27 18 6 5 |4 1 4 7 9 9 9 21 18 21 38 184 253 36 23 3 |1 1 1 1 2 2 1 1 8 6 4 1 1 1 3 3 |1 7 2 2 3 7 1 12 11 1 3 3 3 4 1 1 |7 2 2 9 4 1 1 12 9 1 18 3 19 1 16 1 |2 1 1 1 4 2 1 17 8 1 6 4 7 1 3 11 |2 1 7 1 8 1 15 13 10 1 2 19 8 1 14 4 |2 10 8 2 1 2 2 6 2 7 15 1 1 9 15 1 |2 1 8 2 1 14 4 6 1 14 16 7 1 1 6 14 |12 6 5 2 1 8 2 9 4 1 1 1 2 1 4 1 |
6729: 8 10 28 1 1 31 7 9 23 9 14 10 21 49 208 283 |8 6 2 9 2 1 1 7 18 20 6 21 32 2 1 5 |4 14 17 13 1 10 8 21 9 9 12 45 27 18 6 5 |4 1 4 7 9 9 9 21 18 21 38 184 253 36 23 3 |1 1 1 1 2 2 1 1 8 6 4 1 1 1 3 3 |1 7 2 2 3 7 1 12 11 1 3 3 3 4 1 1 |7 2 2 9 4 1 1 12 9 1 18 3 19 1 16 1 |2 1 1 1 4 2 1 17 8 1 6 4 7 1 3 11 |4 1 1 1 3 1 15 13 11 2 1 13 2 3 13 3 |2 10 8 2 1 2 2 6 2 7 15 1 1 9 15 1 |2 1 8 2 1 14 4 6 1 14 16 7 1 1 6 14 |12 6 5 2 1 8 2 9 4 1 1 1 2 1 4 1 |
6740: 8 10 28 1 1 31 7 9 23 9 14 10 21 49 208 283 |8 6 2 9 2 1 1 7 18 20 6 21 32 2 1 5 |4 14 17 13 1 10 8 21 9 9 12 45 27 18 6 5 |4 1 4 7 9 9 9 21 18 21 38 184 253 36 23 3 |1 1 1 1 2 2 1 1 8 6 4 1 1 1 3 3 |1 7 2 2 3 7 1 12 11 1 3 3 3 4 1 1 |7 2 2 9 4 1 1 12 9 1 18 3 19 1 16 1 |2 1 1 1 4 2 1 17 8 1 6 4 7 1 3 11 |4 1 1 1 3 1 15 13 11 2 1 13 2 3 13 3 |3 17 13 3 1 1 1 6 1 9 16 1 6 2 15 1 |2 1 8 2 1 14 4 6 1 14 16 7 1 1 6 14 |12 6 5 2 1 8 2 9 4 1 1 1 2 1 4 1 |
6751: 8 10 28 1 1 31 7 9 23 9 14 10 21 49 208 283 |8 6 2 9 2 1 1 7 18 20 6 21 32 2 1 5 |4 14 17 13 1 10 8 21 9 9 12 45 27 18 6 5 |4 1 4 7 9 9 9 21 18 21 38 184 253 36 23 3 |1 1 1 1 2 2 1 1 8 6 4 1 1 1 3 3 |1 7 2 2 3 7 1 12 11 1 3 3 3 4 1 1 |7 2 2 9 4 1 1 12 9 1 18 3 19 1 16 1 |2 1 1 1 4 2 1 17 8 1 6 4 7 1 3 11 |4 1 1 1 3 1 15 13 11 2 1 13 2 3 13 3 |3 17 13 3 1 1 1 6 1 9 16 1 6 2 15 1 |2 1 8 2 1 14 4 6 1 14 16 7 1 1 6 14 |12 6 5 2 1 8 2 9 4 1 1 1 2 1 4 1 |
6762: 8 10 28 1 1 31 7 9 23 9 14 10 21 49 208 283 |8 6 2 9 2 1 1 7 18 20 6 21 32 2 1 5 |4 14 17 13 1 10 8 21 9 9 12 45 27 18 6 5 |4 1 4 7 9 9 9 21 18 21 38 184 253 36 23 3 |1 1 1 1 2 2 1 1 8 6 4 1 1 1 3 3 |1 7 2 2 3 7 1 12 11 1 3 3 3 4 1 1 |7 2 2 9 4 1 1 12 9 1 18 3 19 1 16 1 |2 1 1 1 4 2 1 17 8 1 6 4 7 1 3 11 |4 1 1 1 3 1 15 13 11 2 1 13 2 3 13 3 |3 17 13 3 1 1 1 6 1 9 16 1 6 2 15 1 |2 1 8 2 1 14 4 6 1 14 16 7 1 1 6 14 |12 6 5 2 1 8 2 9 4 1 1 1 2 1 4 1 |
6772: 8 10 28 1 1 31 7 9 23 9 14 10 21 49 208 283 |8 6 2 9 2 1 1 7 18 20 6 21 32 2 1 5 |4 14 17 13 1 10 8 21 9 9 12 45 27 18 6 5 |4 1 4 7 9 9 9 21 18 21 38 184 253 36 23 3 |1 1 1 1 2 2 1 1 8 6 4 1 1 1 3 3 |1 7 2 2 3 7 1 12 11 1 3 3 3 4 1 1 |7 2 2 9 4 1 1 12 9 1 18 3 19 1 16 1 |2 1 1 1 4 2 1 17 8 1 6 4 7 1 3 11 |4 1 1 1 3 1 15 13 11 2 1 13 2 3 13 3 |3 17 13 3 1 1 1 6 1 9 16 1 6 2 15 1 |2 1 8 2 1 14 4 6 1 14 16 7 1 1 6 14 |12 6 5 2 1 8 2 9 4 1 1 1 2 1 4 1 |
6783: 8 10 28 1 1 31 7 9 23 9 14 10 21 49 208 283 |8 6 2 9 2 1 1 7 18 20 6 21 32 2 1 5 |4 14 17 13 1 10 8 21 9 9 12 45 27 18 6 5 |4 1 4 7 9 9 9 21 18 21 38 184 253 36 23 3 |1 1 1 1 2 2 1 1 8 6 4 1 1 1 3 3 |1 7 2 2 3 7 1 12 11 1 3 3 3 4 1 1 |7 2 2 9 4 1 1 12 9 1 18 3 19 1 16 1 |2 1 1 1 4 2 1 17 8 1 6 4 7 1 3 11 |4 1 1 1 3 1 15 13 11 2 1 13 2 3 13 3 |3 17 13 3 1 1 1 6 1 9 16 1 6 2 15 1 |2 1 8 2 1 14 4 6 1 14 16 7 1 1 6 14 |12 6 5 2 1 8 2 9 4 1 1 1 2 1 4 1 |
6794: 8 10 28 1 1 31 7 9 23 9 14 10 21 49 208 283 |8 6 2 9 2 1 1 7 18 20 6 21 32 2 1 5 |4 14 17 13 1 10 8 21 9 9 12 45 27 18 6 5 |4 1 4 7 9 9 9 21 18 21 38 184 253 36 23 3 |1 1 1 1 2 2 1 1 8 6 4 1 1 1 3 3 |1 7 2 2 3 7 1 12 11 1 3 3 3 4 1 1 |7 2 2 9 4 1 1 12 9 1 18 3 19 1 16 1 |2 10 2 1 7 1 7 17 18 3 6 1 7 1 3 6 |4 1 1 1 3 1 15 13 11 2 1 13 2 3 13 3 |3 17 13 3 1 1 1 6 1 9 16 1 6 2 15 1 |2 1 8 2 1 14 4 6 1 14 16 7 1 1 6 14 |12 6 5 2 1 8 2 9 4 1 1 1 2 1 4 1 |
6805: 8 10 28 1 1 31 7 9 23 9 14 10 21 49 208 283 |8 6 2 9 2 1 1 7 18 20 6 21 32 2 1 5 |4 14 17 13 1 10 8 21 9 9 12 45 27 18 6 5 |4 1 4 7 9 9 9 21 18 21 38 184 253 36 23 3 |1 1 1 1 2 2 1 1 8 6 4 1 1 1 3 3 |1 7 2 2 3 7 1 12 11 1 3 3 3 4 1 1 |7 2 2 9 4 1 1 12 9 1 18 3 19 1 16 1 |2 10 2 1 7 1 7 17 18 3 6 1 7 1 3 6 |4 1 1 1 3 1 15 13 11 2 1 13 2 3 13 3 |3 17 13 3 1 1 1 6 1 9 16 1 6 2 15 1 |2 1 8 2 1 14 4 6 1 14 16 7 1 1 6 14 |12 6 5 2 1 8 2 9 4 1 1 1 2 1 4 1 |
6816: 8 10 28 1 1 31 7 9 23 9 14 10 21 49 208 283 |8 6 2 9 2 1 1 7 18 20 6 21 32 2 1 5 |4 14 17 13 1 10 8 21 9 9 12 45 27 18 6 5 |4 1 4 7 9 9 9 21 18 21 38 184 253 36 23 3 |1 1 1 1 2 2 1 1 8 6 4 1 1 1 3 3 |1 7 2 2 3 7 1 12 11 1 3 3 3 4 1 1 |7 2 2 9 4 1 1 12 9 1 18 3 19 1 16 1 |2 10 2 1 7 1 7 17 18 3 6 1 7 1 3 6 |4 1 1 1 3 1 15 13 11 2 1 13 2 3 13 3 |3 17 13 3 1 1 1 6 1 9 16 1 6 2 15 1 |2 1 8 2 1 14 4 6 1 14 16 7 1 1 6 14 |12 6 5 2 1 8 2 9 4 1 1 1 2 1 4 1 |
6827: 8 10 28 1 1 31 7 9 23 9 14 10 21 49 208 283 |8 6 2 9 2 1 1 7 18 20 6 21 32 2 1 5 |4 14 17 13 1 10 8 21 9 9 12 45 27 18 6 5 |4 1 4 7 9 9 9 21 18 21 38 184 253 36 23 3 |1 1 1 1 2 2 1 1 8 6 4 1 1 1 3 3 |1 7 2 2 3 7 1 12 11 1 3 3 3 4 1 1 |7 5 2 9 4 1 1 12 13 4 3 2 4 1 15 1 |2 10 2 1 7 1 7 17 18 3 6 1 7 1 3 6 |4 1 1 1 3 1 15 13 11 2 1 13 2 3 13 3 |3 17 13 3 1 1 1 6 1 9 16 1 6 2 15 1 |2 1 8 2 1 14 4 6 1 14 16 7 1 1 6 14 |12 6 5 2 1 8 2 9 4 1 1 1 2 1 4 1 |
6838: 8 10 28 1 1 31 7 9 23 9 14 10 21 49 208 283 |8 6 2 9 2 1 1 7 18 20 6 21 32 2 1 5 |4 14 17 13 1 10 8 21 9 9 12 45 27 18 6 5 |4 1 4 7 9 9 9 21 18 21 38 184 253 36 23 3 |1 1 1 1 2 2 1 1 8 6 4 1 1 1 3 3 |1 7 2 2 3 7 1 12 11 1 3 3 3 4 1 1 |7 5 2 9 4 1 1 12 13 4 3 2 4 1 15 1 |2 10 2 1 7 1 7 17 18 3 6 1 7 1 3 6 |4 1 1 1 3 1 15 13 11 2 1 13 2 3 13 3 |3 17 13 3 1 1 1 6 1 9 16 1 6 2 15 1 |2 1 8 2 1 14 4 6 1 14 16 7 1 1 6 14 |12 6 5 2 1 8 2 9 4 1 1 1 2 1 4 1 |
6849: 8 10 28 1 1 31 7 9 23 9 14 10 21 49 208 283 |8 6 2 9 2 1 1 7 18 20 6 21 32 2 1 5 |4 14 17 13 1 10 8 21 9 9 12 45 27 18 6 5 |4 1 4 7 9 9 9 21 18 21 38 184 253 36 23 3 |1 1 1 1 2 2 1 1 8 6 4 1 1 1 3 3 |1 7 2 2 3 7 1 12 11 1 3 3 3 4 1 1 |7 5 2 9 4 1 1 12 13 4 3 2 4 1 15 1 |2 10 2 1 7 1 7 17 18 3 6 1 7 1 3 6 |4 1 1 1 3 1 15 13 11 2 1 13 2 3 13 3 |3 17 13 3 1 1 1 6 1 9 16 1 6 2 15 1 |2 1 8 2 1 14 4 6 1 14 16 7 1 1 6 14 |12 6 5 2 1 8 2 9 4 1 1 1 2 1 4 1 |
6860: 8 10 28 1 1 31 7 9 23 9 14 10 21 49 208 283 |8 6 2 9 2 1 1 7 18 20 6 21 32 2 1 5 |4 14 17 13 1 10 8 21 9 9 12 45 27 18 6 5 |4 1 4 7 9 9 9 21 18 21 38 184 253 36 23 3 |1 1 1 9 17 1 10 1 9 13 10 9 4 8 1 1 |1 7 2 2 3 7 1 12 11 1 3 3 3 4 1 1 |7 5 2 9 4 1 1 12 13 4 3 2 4 1 15 1 |2 10 2 1 7 1 7 17 18 3 6 1 7 1 3 6 |4 1 1 1 3 1 15 13 11 2 1 13 2 3 13 3 |3 17 13 3 1 1 1 6 1 9 16 1 6 2 15 1 |2 1 8 2 1 14 4 6 1 14 16 7 1 1 6 14 |12 6 5 2 1 8 2 9 4 1 1 1 2 1 4 1 |
6871: 8 10 28 1 1 31 7 9 23 9 14 10 21 49 208 283 |8 6 2 9 2 1 1 7 18 20 6 21 32 2 1 5 |4 14 17 13 1 10 8 21 9 9 12 45 27 18 6 5 |4 1 4 7 9 9 9 21 18 21 38 184 253 36 23 3 |1 1 1 9 17 1 10 1 9 13 10 9 4 8 1 1 |1 7 2 2 3 7 1 12 11 1 3 3 3 4 1 1 |7 5 2 9 4 1 1 12 13 4 3 2 4 1 15 1 |2 10 2 1 7 1 7 17 18 3 6 1 7 1 3 6 |4 1 1 1 3 1 15 13 11 2 1 13 2 3 13 3 |3 17 13 3 1 1 1 6 1 9 16 1 6 2 15 1 |2 1 8 2 1 14 4 6 1 14 16 7 1 1 6 14 |12 6 5 2 1 8 2 9 4 1 1 1 2 1 4 1 |
6882: 8 10 28 1 1 31 7 9 23 9 14 10 21 49 208 283 |8 6 2 9 2 1 1 7 18 20 6 21 32 2 1 5 |4 14 17 13 1 10 8 21 9 9 12 45 27 18 6 5 |4 1 4 7 9 9 9 21 18 21 38 184 253 36 23 3 |1 1 1 9 17 1 10 1 9 13 10 9 4 8 1 1 |1 7 2 2 3 7 1 12 11 1 3 3 3 4 1 1 |7 5 2 9 4 1 1 12 13 4 3 2 4 1 15 1 |2 10 2 1 7 1 7 17 18 3 6 1 7 1 3 6 |4 1 1 1 3 1 15 13 11 2 1 13 2 3 13 3 |3 17 13 3 1 1 1 6 1 9 16 1 6 2 15 1 |2 1 8 2 1 14 4 6 1 14 16 7 1 1 6 14 |12 6 5 2 1 8 2 9 4 1 1 1 2 1 4 1 |
6893: 8 10 28 1 1 31 7 9 23 9 14 10 21 49 208 283 |8 6 2 9 2 1 1 7 18 20 6 21 32 2 1 5 |4 14 17 13 1 10 8 21 9 9 12 45 27 18 6 5 |4 1 4 7 9 9 9 21 18 21 38 184 253 36 23 3 |1 1 1 9 17 1 10 1 9 13 10 9 4 8 1 1 |1 7 2 2 3 7 1 12 11 1 3 3 3 4 1 1 |7 5 2 9 4 1 1 12 13 4 3 2 4 1 15 1 |2 10 2 1 7 1 7 17 18 3 6 1 7 1 3 6 |4 1 1 1 3 1 15 13 11 2 1 13 2 3 13 3 |3 17 13 3 1 1 1 6 1 9 16 1 6 2 15 1 |2 1 8 2 1 14 4 6 1 14 16 7 1 1 6 14 |12 6 5 2 1 8 2 9 4 1 1 1 2 1 4 1 |
6904: 8 10 28 1 1 31 7 9 23 9 14 10 21 49 208 283 |8 6 2 9 2 1 1 7 18 20 6 21 32 2 1 5 |4 14 17 13 1 10 8 21 9 9 12 45 27 18 6 5 |4 1 4 7 9 9 9 21 18 21 38 184 253 36 23 3 |1 1 1 9 17 1 10 1 9 13 10 9 4 8 1 1 |1 7 2 2 3 7 1 12 11 1 3 3 3 4 1 1 |7 5 2 9 4 1 1 12 13 4 3 2 4 1 15 1 |2 10 2 1 7 1 7 17 18 3 6 1 7 1 3 6 |4 1 1 1 3 1 15 13 11 2 1 13 2 3 13 3 |3 17 13 3 1 1 1 6 1 9 16 1 6 2 15 1 |2 1 8 2 1 14 4 6 1 14 16 7 1 1 6 14 |12 6 5 2 1 8 2 9 4 1 1 1 2 1 4 1 |
6915: 8 10 28 1 1 31 7 9 23 9 14 10 21 49 208 283 |8 6 2 9 2 1 1 7 18 20 6 21 32 2 1 5 |4 14 17 13 1 10 8 21 9 9 12 45 27 18 6 5 |4 1 4 7 9 9 9 21 18 21 38 184 253 36 23 3 |1 1 1 9 17 1 10 1 9 13 10 9 4 8 1 1 |1 7 2 2 3 7 1 12 11 1 3 3 3 4 1 1 |7 5 2 9 4 1 1 12 13 4 3 2 4 1 15 1 |2 10 2 1 7 1 7 17 18 3 6 1 7 1 3 6 |4 1 1 1 3 1 15 13 11 2 1 13 2 3 13 3 |3 17 13 3 1 1 1 6 1 9 16 1 6 2 15 1 |2 1 8 2 1 14 4 6 1 14 16 7 1 1 6 14 |12 6 5 2 1 8 2 9 4 1 1 1 2 1 4 1 |
6926: 8 10 28 1 1 31 7 9 23 9 14 10 21 49 208 283 |8 6 2 9 2 1 1 7 18 20 6 21 32 2 1 5 |4 14 17 13 1 10 8 21 9 9 12 45 27 18 6 5 |4 1 4 7 9 9 9 21 18 21 38 184 253 36 23 3 |1 1 1 9 17 1 10 1 9 13 10 9 4 8 1 1 |1 1 8 7 10 10 5 16 25 153 189 16 11 9 1 9 |7 5 2 9 4 1 1 12 13 4 3 2 4 1 15 1 |2 10 2 1 7 1 7 17 18 3 6 1 7 1 3 6 |4 1 1 1 3 1 15 13 11 2 1 13 2 3 13 3 |3 17 13 3 1 1 1 6 1 9 16 1 6 2 15 1 |2 1 8 2 1 14 4 6 1 14 16 7 1 1 6 14 |12 6 5 2 1 8 2 9 4 1 1 1 2 1 4 1 |
6937: 8 10 28 1 1 31 7 9 23 9 14 10 21 49 208 283 |8 6 2 9 2 1 1 7 18 20 6 21 32 2 1 5 |4 14 17 13 1 10 8 21 9 9 12 45 27 18 6 5 |4 1 4 7 9 9 9 21 18 21 38 184 253 36 23 3 |1 1 1 9 17 1 10 1 9 13 10 9 4 8 1 1 |1 1 8 7 10 10 5 16 25 153 189 16 11 9 1 9 |7 5 2 9 4 1 1 12 13 4 3 2 4 1 15 1 |2 10 2 1 7 1 7 17 18 3 6 1 7 1 3 6 |4 1 1 1 3 1 15 13 11 2 1 13 2 3 13 3 |3 17 13 3 1 1 1 6 1 9 16 1 6 2 15 1 |2 1 8 2 1 14 4 6 1 14 16 7 1 1 6 14 |12 6 5 2 1 8 2 9 4 1 1 1 2 1 4 1 |
6948: 8 10 28 1 1 31 7 9 23 9 14 10 21 49 208 283 |8 6 2 9 2 1 1 7 18 20 6 21 32 2 1 5 |4 14 17 13 1 10 8 21 9 9 12 45 27 18 6 5 |4 1 4 7 9 9 9 21 18 21 38 184 253 36 23 3 |1 1 1 9 17 1 10 1 9 13 10 9 4 8 1 1 |1 1 8 7 10 10 5 16 25 153 189 16 11 9 1 9 |7 5 2 9 4 1 1 12 13 4 3 2 4 1 15 1 |2 10 2 1 7 1 7 17 18 3 6 1 7 1 3 6 |4 1 1 1 3 1 15 13 11 2 1 13 2 3 13 3 |3 17 13 3 1 1 1 6 1 9 16 1 6 2 15 1 |2 1 8 2 1 14 4 6 1 14 16 7 1 1 6 14 |12 6 5 2 1 8 2 9 4 1 1 1 2 1 4 1 |
6959: 8 10 28 1 1 31 7 9 23 9 14 10 21 49 208 283 |8 6 2 9 2 1 1 7 18 20 6 21 32 2 1 5 |4 14 17 13 1 10 8 21 9 9 12 45 27 18 6 5 |4 1 4 7 9 9 9 21 18 21 38 184 253 36 23 3 |1 1 1 9 17 1 10 1 9 13 10 9 4 8 1 1 |1 7 1 21 12 6 1 17 15 198 273 35 12 13 1 10 |7 5 2 9 4 1 1 12 13 4 3 2 4 1 15 1 |2 10 2 1 7 1 7 17 18 3 6 1 7 1 3 6 |4 1 1 1 3 1 15 13 11 2 1 13 2 3 13 3 |3 17 13 3 1 1 1 6 1 9 16 1 6 2 15 1 |2 1 8 2 1 14 4 6 1 14 16 7 1 1 6 14 |12 6 5 2 1 8 2 9 4 1 1 1 2 1 4 1 |
6970: 8 10 28 1 1 31 7 9 23 9 14 10 21 49 208 283 |8 6 2 9 2 1 1 7 18 20 6 21 32 2 1 5 |4 14 17 13 1 10 8 21 9 9 12 45 27 18 6 5 |4 1 4 7 9 9 9 21 18 21 38 184 253 36 23 3 |1 1 1 9 17 1 10 1 9 13 10 9 4 8 1 1 |1 7 1 21 12 6 1 17 15 198 273 35 12 13 1 10 |7 5 2 9 4 1 1 12 13 4 3 2 4 1 15 1 |2 10 2 1 7 1 7 17 18 3 6 1 7 1 3 6 |4 1 1 1 3 1 15 13 11 2 1 13 2 3 13 3 |3 17 13 3 1 1 1 6 1 9 16 1 6 2 15 1 |2 1 8 2 1 14 4 6 1 14 16 7 1 1 6 14 |12 6 5 2 1 8 2 9 4 1 1 1 2 1 4 1 |
6981: 8 10 28 1 1 31 7 9 23 9 14 10 21 49 208 283 |8 6 2 9 2 1 1 7 18 20 6 21 32 2 1 5 |4 14 17 13 1 10 8 21 9 9 12 45 27 18 6 5 |4 1 4 7 9 9 9 21 18 21 38 184 253 36 23 3 |1 1 1 9 17 1 10 1 9 13 10 9 4 8 1 1 |1 7 1 21 12 6 1 17 15 198 273 35 12 13 1 10 |7 5 2 9 4 1 1 12 13 4 3 2 4 1 15 1 |2 10 2 1 7 1 7 17 18 3 6 1 7 1 3 6 |4 1 1 1 3 1 15 13 11 2 1 13 2 3 13 3 |3 17 13 3 1 1 1 6 1 9 16 1 6 2 15 1 |2 1 8 2 1 14 4 6 1 14 16 7 1 1 6 14 |12 6 5 2 1 8 2 9 4 1 1 1 2 1 4 1 |
6992: 8 10 28 1 1 31 7 9 23 9 14 10 21 49 208 283 |8 6 2 9 2 1 1 7 18 20 6 21 32 2 1 5 |4 14 17 13 1 10 8 21 9 9 12 45 27 18 6 5 |4 1 4 7 9 9 9 21 18 21 38 184 253 36 23 3 |1 1 1 9 17 1 10 1 9 13 10 9 4 8 1 1 |1 7 1 21 12 6 1 17 15 198 273 35 12 13 1 10 |8 6 1 1 1 1 1 12 24 63 104 24 12 5 7 1 |2 10 2 1 7 1 7 17 18 3 6 1 7 1 3 6 |4 1 1 1 3 1 15 13 11 2 1 13 2 3 13 3 |3 17 13 3 1 1 1 6 1 9 16 1 6 2 15 1 |2 1 8 2 1 14 4 6 1 14 16 7 1 1 6 14 |12 6 5 2 1 8 2 9 4 1 1 1 2 1 4 1 |
7003: 8 10 28 1 1 31 7 9 23 9 14 10 21 49 208 283 |8 6 2 9 2 1 1 7 18 20 6 21 32 2 1 5 |4 14 17 13 1 10 8 21 9 9 12 45 27 18 6 5 |4 1 4 7 9 9 9 21 18 21 38 184 253 36 23 3 |1 1 1 9 17 1 10 1 9 13 10 9 4 8 1 1 |1 7 1 21 12 6 1 17 15 198 273 35 12 13 1 10 |8 6 1 1 1 1 1 12 24 63 104 24 12 5 7 1 |2 10 2 1 7 1 7 17 18 3 6 1 7 1 3 6 |4 1 1 1 3 1 15 13 11 2 1 13 2 3 13 3 |3 17 13 3 1 1 1 6 1 9 16 1 6 2 15 1 |2 1 8 2 1 14 4 6 1 14 16 7 1 1 6 14 |12 6 5 2 1 8 2 9 4 1 1 1 2 1 4 1 |
7014: 8 10 28 1 1 31 7 9 23 9 14 10 21 49 208 283 |8 6 2 9 2 1 1 7 18 20 6 21 32 2 1 5 |4 14 17 13 1 10 8 21 9 9 12 45 27 18 6 5 |4 1 4 7 9 9 9 21 18 21 38 184 253 36 23 3 |1 1 1 9 17 1 10 1 9 13 10 9 4 8 1 1 |1 7 1 21 12 6 1 17 15 198 273 35 12 13 1 10 |8 6 1 1 1 1 1 12 24 63 104 24 12 5 7 1 |2 10 2 1 7 1 7 17 18 3 6 1 7 1 3 6 |4 1 1 1 3 1 15 13 11 2 1 13 2 3 13 3 |3 17 13 3 1 1 1 6 1 9 16 1 6 2 15 1 |2 1 8 2 1 14 4 6 1 14 16 7 1 1 6 14 |12 6 5 2 1 8 2 9 4 1 1 1 2 1 4 1 |
7024: 8 10 28 1 1 31 7 9 23 9 14 10 21 49 208 283 |8 6 2 9 2 1 1 7 18 20 6 21 32 2 1 5 |4 14 17 13 1 10 8 21 9 9 12 45 27 18 6 5 |4 1 4 7 9 9 9 21 18 21 38 184 253 36 23 3 |1 1 1 9 17 1 10 1 9 13 10 9 4 8 1 1 |1 7 1 21 12 6 1 17 15 198 273 35 12 13 1 10 |8 6 1 1 1 1 1 12 24 63 104 24 12 5 7 1 |2 10 2 1 7 1 7 17 18 3 6 1 7 1 3 6 |4 1 1 1 3 1 15 13 11 2 1 13 2 3 13 3 |3 17 13 3 1 1 1 6 1 9 16 1 6 2 15 1 |2 1 8 2 1 14 4 6 1 14 16 7 1 1 6 14 |12 6 5 2 1 8 2 9 4 1 1 1 2 1 4 1 |
7035: 8 10 28 1 1 31 7 9 23 9 14 10 21 49 208 283 |8 6 2 9 2 1 1 7 18 20 6 21 32 2 1 5 |4 14 17 13 1 10 8 21 9 9 12 45 27 18 6 5 |4 1 4 7 9 9 9 21 18 21 38 184 253 36 23 3 |1 1 1 9 17 1 10 1 9 13 10 9 4 8 1 1 |1 7 1 21 12 6 1 17 15 198 273 35 12 13 1 10 |8 6 1 1 1 1 1 12 24 63 104 24 12 5 7 1 |2 10 2 1 7 1 7 17 18 3 6 1 7 1 3 6 |4 1 1 1 3 1 15 13 11 2 1 13 2 3 13 3 |3 17 13 3 1 1 1 6 1 9 16 1 6 2 15 1 |2 1 8 2 1 14 4 6 1 14 16 7 1 1 6 14 |12 6 5 2 1 8 2 9 4 1 1 1 2 1 4 1 |
7045: 8 10 28 1 1 31 7 9 23 9 14 10 21 49 208 283 |8 6 2 9 2 1 1 7 18 20 6 21 32 2 1 5 |4 14 17 13 1 10 8 21 9 9 12 45 27 18 6 5 |4 1 4 7 9 9 9 21 18 21 38 184 253 36 23 3 |1 1 1 9 17 1 10 1 9 13 10 9 4 8 1 1 |1 7 1 21 12 6 1 17 15 198 273 35 12 13 1 10 |8 6 1 1 1 1 1 12 24 63 104 24 12 5 7 1 |2 10 2 1 7 1 7 17 18 3 6 1 7 1 3 6 |4 1 1 1 3 1 15 13 11 2 1 13 2 3 13 3 |3 17 13 3 1 1 1 6 1 9 16 1 6 2 15 1 |2 1 8 2 1 14 4 6 1 14 16 7 1 1 6 14 |12 6 5 2 1 8 2 9 4 1 1 1 2 1 4 1 |
7055: 8 10 28 1 1 31 7 9 23 9 14 10 21 49 208 283 |8 6 2 9 2 1 1 7 18 20 6 21 32 2 1 5 |4 14 17 13 1 10 8 21 9 9 12 45 27 18 6 5 |4 1 4 7 9 9 9 21 18 21 38 184 253 36 23 3 |1 1 1 9 17 1 10 1 9 13 10 9 4 8 1 1 |1 14 11 21 4 1 1 11 8 161 268 46 4 15 1 1 |8 6 1 1 1 1 1 12 24 63 104 24 12 5 7 1 |2 10 2 1 7 1 7 17 18 3 6 1 7 1 3 6 |4 1 1 1 3 1 15 13 11 2 1 13 2 3 13 3 |3 17 13 3 1 1 1 6 1 9 16 1 6 2 15 1 |2 1 8 2 1 14 4 6 1 14 16 7 1 1 6 14 |12 6 5 2 1 8 2 9 4 1 1 1 2 1 4 1 |
7065: 8 10 28 1 1 31 7 9 23 9 14 10 21 49 208 283 |8 6 2 9 2 1 1 7 18 20 6 21 32 2 1 5 |4 14 17 13 1 10 8 21 9 9 12 45 27 18 6 5 |4 1 4 7 9 9 9 21 18 21 38 184 253 36 23 3 |1 1 1 9 17 1 10 1 9 13 10 9 4 8 1 1 |1 14 11 21 4 1 1 11 8 161 268 46 4 15 1 1 |8 6 1 1 1 1 1 12 24 63 104 24 12 5 7 1 |2 10 2 1 7 1 7 17 18 3 6 1 7 1 3 6 |4 1 1 1 3 1 15 13 11 2 1 13 2 3 13 3 |3 17 13 3 1 1 1 6 1 9 16 1 6 2 15 1 |2 1 8 2 1 14 4 6 1 14 16 7 1 1 6 14 |12 6 5 2 1 8 2 9 4 1 1 1 2 1 4 1 |
7076: 8 10 28 1 1 31 7 9 23 9 14 10 21 49 208 283 |8 6 2 9 2 1 1 7 18 20 6 21 32 2 1 5 |4 14 17 13 1 10 8 21 9 9 12 45 27 18 6 5 |4 1 4 7 9 9 9 21 18 21 38 184 253 36 23 3 |1 1 1 9 17 1 10 1 9 13 10 9 4 8 1 1 |1 14 11 21 4 1 1 11 8 161 268 46 4 15 1 1 |8 6 1 1 1 1 1 12 24 63 104 24 12 5 7 1 |2 10 2 1 7 1 7 17 18 3 6 1 7 1 3 6 |4 1 1 1 3 1 15 13 11 2 1 13 2 3 13 3 |3 17 13 3 1 1 1 6 1 9 16 1 6 2 15 1 |2 1 8 2 1 14 4 6 1 14 16 7 1 1 6 14 |12 6 5 2 1 8 2 9 4 1 1 1 2 1 4 1 |
7086: 8 10 28 1 1 31 7 9 23 9 14 10 21 49 208 283 |8 6 2 9 2 1 1 7 18 20 6 21 32 2 1 5 |4 14 17 13 1 10 8 21 9 9 12 45 27 18 6 5 |1 3 15 1 14 1 1 9 19 22 19 8 3 9 8 1 |1 1 1 9 17 1 10 1 9 13 10 9 4 8 1 1 |1 14 11 21 4 1 1 11 8 161 268 46 4 15 1 1 |8 6 1 1 1 1 1 12 24 63 104 24 12 5 7 1 |2 10 2 1 7 1 7 17 18 3 6 1 7 1 3 6 |4 1 1 1 3 1 15 13 11 2 1 13 2 3 13 3 |3 17 13 3 1 1 1 6 1 9 16 1 6 2 15 1 |2 1 8 2 1 14 4 6 1 14 16 7 1 1 6 14 |12 6 5 2 1 8 2 9 4 1 1 1 2 1 4 1 |
7096: 8 10 28 1 1 31 7 9 23 9 14 10 21 49 208 283 |8 6 2 9 2 1 1 7 18 20 6 21 32 2 1 5 |4 14 17 13 1 10 8 21 9 9 12 45 27 18 6 5 |1 3 15 1 14 1 1 9 19 22 19 8 3 9 8 1 |1 1 1 9 17 1 10 1 9 13 10 9 4 8 1 1 |1 14 11 21 4 1 1 11 8 161 268 46 4 15 1 1 |8 6 1 1 1 1 1 12 24 63 104 24 12 5 7 1 |2 10 2 1 7 1 7 17 18 3 6 1 7 1 3 6 |4 1 1 1 3 1 15 13 11 2 1 13 2 3 13 3 |3 17 13 3 1 1 1 6 1 9 16 1 6 2 15 1 |2 1 8 2 1 14 4 6 1 14 16 7 1 1 6 14 |12 6 5 2 1 8 2 9 4 1 1 1 2 1 4 1 |
7107: 8 10 28 1 1 31 7 9 23 9 14 10 21 49 208 283 |8 6 2 9 2 1 1 7 18 20 6 21 32 2 1 5 |4 14 17 13 1 10 8 21 9 9 12 45 27 18 6 5 |1 3 15 1 14 1 1 9 19 22 19 8 3 9 8 1 |1 1 1 9 17 1 10 1 9 13 10 9 4 8 1 1 |1 14 11 21 4 1 1 11 8 161 268 46 4 15 1 1 |8 6 1 1 1 1 1 12 24 63 104 24 12 5 7 1 |2 10 2 1 7 1 7 17 18 3 6 1 7 1 3 6 |4 1 1 1 3 1 15 13 11 2 1 13 2 3 13 3 |3 17 13 3 1 1 1 6 1 9 16 1 6 2 15 1 |2 1 8 2 1 14 4 6 1 14 16 7 1 1 6 14 |12 6 5 2 1 8 2 9 4 1 1 1 2 1 4 1 |
7117: 8 10 28 1 1 31 7 9 23 9 14 10 21 49 208 283 |8 6 2 9 2 1 1 7 18 20 6 21 32 2 1 5 |4 14 17 13 1 10 8 21 9 9 12 45 27 18 6 5 |1 3 14 3 8 7 8 8 18 21 15 7 3 8 4 1 |1 1 1 9 17 1 10 1 9 13 10 9 4 8 1 1 |1 14 11 21 4 1 1 11 8 161 268 46 4 15 1 1 |8 6 1 1 1 1 1 12 24 63 104 24 12 5 7 1 |2 10 2 1 7 1 7 17 18 3 6 1 7 1 3 6 |4 1 1 1 3 1 15 13 11 2 1 13 2 3 13 3 |3 17 13 3 1 1 1 6 1 9 16 1 6 2 15 1 |2 1 8 2 1 14 4 6 1 14 16 7 1 1 6 14 |12 6 5 2 1 8 2 9 4 1 1 1 2 1 4 1 |
7128: 8 10 28 1 1 31 7 9 23 9 14 10 21 49 208 283 |8 6 2 9 2 1 1 7 18 20 6 21 32 2 1 5 |4 14 17 13 1 10 8 21 9 9 12 45 27 18 6 5 |1 3 14 3 8 7 8 8 18 21 15 7 3 8 4 1 |1 2 1 15 18 1 1 1 17 58 132 11 15 10 1 4 |1 14 11 21 4 1 1 11 8 161 268 46 4 15 1 1 |8 6 1 1 1 1 1 12 24 63 104 24 12 5 7 1 |2 10 2 1 7 1 7 17 18 3 6 1 7 1 3 6 |4 1 1 1 3 1 15 13 11 2 1 13 2 3 13 3 |3 17 13 3 1 1 1 6 1 9 16 1 6 2 15 1 |2 1 8 2 1 14 4 6 1 14 16 7 1 1 6 14 |12 6 5 2 1 8 2 9 4 1 1 1 2 1 4 1 |
7139: 8 10 28 1 1 31 7 9 23 9 14 10 21 49 208 283 |8 6 2 9 2 1 1 7 18 20 6 21 32 2 1 5 |4 14 17 13 1 10 8 21 9 9 12 45 27 18 6 5 |1 3 14 3 8 7 8 8 18 21 15 7 3 8 4 1 |1 2 1 15 18 1 1 1 17 58 132 11 15 10 1 4 |1 14 11 21 4 1 1 11 8 161 268 46 4 15 1 1 |8 6 1 1 1 1 1 12 24 63 104 24 12 5 7 1 |2 10 2 1 7 1 7 17 18 3 6 1 7 1 3 6 |4 1 1 1 3 1 15 13 11 2 1 13 2 3 13 3 |3 17 13 3 1 1 1 6 1 9 16 1 6 2 15 1 |2 1 8 2 1 14 4 6 1 14 16 7 1 1 6 14 |12 6 5 2 1 8 2 9 4 1 1 1 2 1 4 1 |
7149: 8 10 28 1 1 31 7 9 23 9 14 10 21 49 208 283 |8 6 2 9 2 1 1 7 18 20 6 21 32 2 1 5 |4 14 17 13 1 10 8 21 9 9 12 45 27 18 6 5 |1 3 14 3 8 7 8 8 18 21 15 7 3 8 4 1 |1 2 1 15 18 1 1 1 17 58 132 11 15 10 1 4 |1 14 11 21 4 1 1 11 8 161 268 46 4 15 1 1 |8 6 1 1 1 1 1 12 24 63 104 24 12 5 7 1 |2 10 2 1 7 1 7 17 18 3 6 1 7 1 3 6 |4 1 1 1 3 1 15 13 11 2 1 13 2 3 13 3 |3 17 13 3 1 1 1 6 1 9 16 1 6 2 15 1 |2 1 8 2 1 14 4 6 1 14 16 7 1 1 6 14 |12 6 5 2 1 8 2 9 4 1 1 1 2 1 4 1 |
7160: 8 10 28 1 1 31 7 9 23 9 14 10 21 49 208 283 |8 6 2 9 2 1 1 7 18 20 6 21 32 2 1 5 |4 14 17 13 1 10 8 21 9 9 12 45 27 18 6 5 |1 3 14 3 8 7 8 8 18 21 15 7 3 8 4 1 |1 2 1 15 18 1 1 1 17 58 132 11 15 10 1 4 |1 14 11 21 4 1 1 11 8 161 268 46 4 15 1 1 |8 6 1 1 1 1 1 12 24 63 104 24 12 5 7 1 |2 10 2 1 7 1 7 17 18 3 6 1 7 1 3 6 |4 1 1 1 3 1 15 13 11 2 1 13 2 3 13 3 |1 9 5 1 1 1 1 7 1 1 1 1 6 2 3 1 |2 1 8 2 1 14 4 6 1 14 16 7 1 1 6 14 |12 6 5 2 1 8 2 9 4 1 1 1 2 1 4 1 |
7170: 8 10 28 1 1 31 7 9 23 9 14 10 21 49 208 283 |8 6 2 9 2 1 1 7 18 20 6 21 32 2 1 5 |4 14 17 13 1 10 8 21 9 9 12 45 27 18 6 5 |1 3 14 3 8 7 8 8 18 21 15 7 3 8 4 1 |1 2 1 15 18 1 1 1 17 58 132 11 15 10 1 4 |1 14 11 21 4 1 1 11 8 161 268 46 4 15 1 1 |8 6 1 1 1 1 1 12 24 63 104 24 12 5 7 1 |2 10 2 1 7 1 7 17 18 3 6 1 7 1 3 6 |4 1 1 1 3 1 15 13 11 2 1 13 2 3 13 3 |1 9 5 1 1 1 1 7 1 1 1 1 6 2 3 1 |2 1 8 2 1 14 4 6 1 14 16 7 1 1 6 14 |12 6 5 2 1 8 2 9 4 1 1 1 2 1 4 1 |
7181: 8 10 28 1 1 31 7 9 23 9 14 10 21 49 208 283 |8 6 2 9 2 1 1 7 18 20 6 21 32 2 1 5 |4 14 17 13 1 10 8 21 9 9 12 45 27 18 6 5 |1 3 14 3 8 7 8 8 18 21 15 7 3 8 4 1 |1 2 1 15 18 1 1 1 17 58 132 11 15 10 1 4 |1 14 11 21 4 1 1 11 8 161 268 46 4 15 1 1 |8 6 1 1 1 1 1 12 24 63 104 24 12 5 7 1 |2 10 2 1 7 1 7 17 18 3 6 1 7 1 3 6 |4 1 1 1 3 1 15 13 11 2 1 13 2 3 13 3 |1 9 5 1 1 1 1 7 1 1 1 1 6 2 3 1 |2 1 8 2 1 14 4 6 1 14 16 7 1 1 6 14 |12 6 5 2 1 8 2 9 4 1 1 1 2 1 4 1 |
7192: 8 10 28 1 1 31 7 9 23 9 14 10 21 49 208 283 |8 6 2 9 2 1 1 7 18 20 6 21 32 2 1 5 |4 14 17 13 1 10 8 21 9 9 12 45 27 18 6 5 |1 3 14 3 8 7 8 8 18 21 15 7 3 8 4 1 |1 2 1 15 18 1 1 1 17 58 132 11 15 10 1 4 |1 14 11 21 4 1 1 11 8 161 268 46 4 15 1 1 |8 6 1 1 1 1 1 12 24 63 104 24 12 5 7 1 |2 10 2 1 7 1 7 17 18 3 6 1 7 1 3 6 |4 1 1 1 3 1 15 13 11 2 1 13 2 3 13 3 |1 11 11 3 1 1 1 8 1 10 12 1 6 2 1 1 |2 1 8 2 1 14 4 6 1 14 16 7 1 1 6 14 |12 6 5 2 1 8 2 9 4 1 1 1 2 1 4 1 |
7204: 8 10 28 1 1 31 7 9 23 9 14 10 21 49 208 283 |8 6 2 9 2 1 1 7 18 20 6 21 32 2 1 5 |4 14 17 13 1 10 8 21 9 9 12 45 27 18 6 5 |1 3 14 3 8 7 8 8 18 21 15 7 3 8 4 1 |1 2 1 15 18 1 1 1 17 58 132 11 15 10 1 4 |1 14 11 21 4 1 1 11 8 161 268 46 4 15 1 1 |8 6 1 1 1 1 1 12 24 63 104 24 12 5 7 1 |2 10 2 1 7 1 7 17 18 3 6 1 7 1 3 6 |4 1 1 1 3 1 15 13 11 2 1 13 2 3 13 3 |1 11 11 3 1 1 1 8 1 10 12 1 6 2 1 1 |2 2 8 5 2 1 3 6 1 17 12 1 1 1 1 14 |12 6 5 2 1 8 2 9 4 1 1 1 2 1 4 1 |
7215: 8 10 28 1 1 31 7 9 23 9 14 10 21 49 208 283 |8 6 2 9 2 1 1 7 18 20 6 21 32 2 1 5 |2 6 16 6 11 1 17 17 10 8 1 1 6 4 1 3 |1 3 14 3 8 7 8 8 18 21 15 7 3 8 4 1 |1 2 1 15 18 1 1 1 17 58 132 11 15 10 1 4 |1 14 11 21 4 1 1 11 8 161 268 46 4 15 1 1 |8 6 1 1 1 1 1 12 24 63 104 24 12 5 7 1 |2 10 2 1 7 1 7 17 18 3 6 1 7 1 3 6 |4 1 1 1 3 1 15 13 11 2 1 13 2 3 13 3 |1 11 11 3 1 1 1 8 1 10 12 1 6 2 1 1 |2 2 8 5 2 1 3 6 1 17 12 1 1 1 1 14 |12 6 5 2 1 8 2 9 4 1 1 1 2 1 4 1 |
7225: 8 10 28 1 1 31 7 9 23 9 14 10 21 49 208 283 |8 6 2 9 2 1 1 7 18 20 6 21 32 2 1 5 |2 6 16 6 11 1 17 17 10 8 1 1 6 4 1 3 |1 1 14 2 17 2 8 16 19 20 16 8 8 5 9 1 |1 2 1 15 18 1 1 1 17 58 132 11 15 10 1 4 |1 14 11 21 4 1 1 11 8 161 268 46 4 15 1 1 |8 6 1 1 1 1 1 12 24 63 104 24 12 5 7 1 |2 10 2 1 7 1 7 17 18 3 6 1 7 1 3 6 |4 1 1 1 3 1 15 13 11 2 1 13 2 3 13 3 |1 11 11 3 1 1 1 8 1 10 12 1 6 2 1 1 |2 2 8 5 2 1 3 6 1 17 12 1 1 1 1 14 |12 6 5 2 1 8 2 9 4 1 1 1 2 1 4 1 |
7236: 8 10 28 1 1 31 7 9 23 9 14 10 21 49 208 283 |8 6 2 9 2 1 1 7 18 20 6 21 32 2 1 5 |2 6 16 6 11 1 17 17 10 8 1 1 6 4 1 3 |1 1 14 2 17 2 8 16 19 20 16 8 8 5 9 1 |1 2 1 15 18 1 1 1 17 58 132 11 15 10 1 4 |1 14 11 21 4 1 1 11 8 161 268 46 4 15 1 1 |8 6 1 1 1 1 1 12 24 63 104 24 12 5 7 1 |2 10 2 1 7 1 7 17 18 3 6 1 7 1 3 6 |4 1 1 1 3 1 15 13 11 2 1 13 2 3 13 3 |1 11 11 3 1 1 1 8 1 10 12 1 6 2 1 1 |2 2 8 5 2 1 3 6 1 17 12 1 1 1 1 14 |12 6 5 2 1 8 2 9 4 1 1 1 2 1 4 1 |
7246: 8 10 28 1 1 31 7 9 23 9 14 10 21 49 208 283 |8 6 2 9 2 1 1 7 18 20 6 21 32 2 1 5 |2 6 16 6 11 1 17 17 10 8 1 1 6 4 1 3 |1 1 14 2 17 2 8 16 19 20 16 8 8 5 9 1 |1 2 1 15 18 1 1 1 17 58 132 11 15 10 1 4 |1 14 11 21 4 1 1 11 8 161 268 46 4 15 1 1 |8 6 1 1 1 1 1 12 24 63 104 24 12 5 7 1 |2 10 2 1 7 1 7 17 18 3 6 1 7 1 3 6 |4 1 1 1 3 1 15 13 11 2 1 13 2 3 13 3 |1 11 11 3 1 1 1 8 1 10 12 1 6 2 1 1 |2 2 8 5 2 1 3 6 1 17 12 1 1 1 1 14 |12 6 5 2 1 8 2 9 4 1 1 1 2 1 4 1 |
7258: 8 10 28 1 1 31 7 9 23 9 14 10 21 49 208 283 |8 6 2 9 2 1 1 7 18 20 6 21 32 2 1 5 |2 6 16 6 11 1 17 17 10 8 1 1 6 4 1 3 |1 1 14 2 17 2 8 16 19 20 16 8 8 5 9 1 |1 2 1 15 18 1 1 1 17 58 132 11 15 10 1 4 |1 14 11 21 4 1 1 11 8 161 268 46 4 15 1 1 |8 6 1 1 1 1 1 12 24 63 104 24 12 5 7 1 |2 10 2 1 7 1 7 17 18 3 6 1 7 1 3 6 |2 4 1 1 8 1 15 1 7 19 3 13 1 8 8 1 |1 11 11 3 1 1 1 8 1 10 12 1 6 2 1 1 |2 2 8 5 2 1 3 6 1 17 12 1 1 1 1 14 |12 6 5 2 1 8 2 9 4 1 1 1 2 1 4 1 |
7268: 8 10 28 1 1 31 7 9 23 9 14 10 21 49 208 283 |8 6 2 9 2 1 1 7 18 20 6 21 32 2 1 5 |2 6 16 6 11 1 17 17 10 8 1 1 6 4 1 3 |1 1 14 2 17 2 8 16 19 20 16 8 8 5 9 1 |1 2 1 15 18 1 1 1 17 58 132 11 15 10 1 4 |1 14 11 21 4 1 1 11 8 161 268 46 4 15 1 1 |8 6 1 1 1 1 1 12 24 63 104 24 12 5 7 1 |2 10 2 1 7 1 7 17 18 3 6 1 7 1 3 6 |2 4 1 1 8 1 15 1 7 19 3 13 1 8 8 1 |1 9 6 2 2 6 1 1 1 9 15 1 1 1 3 1 |2 2 8 5 2 1 3 6 1 17 12 1 1 1 1 14 |12 6 5 2 1 8 2 9 4 1 1 1 2 1 4 1 |
7278: 8 10 28 1 1 31 7 9 23 9 14 10 21 49 208 283 |8 6 2 9 2 1 1 7 18 20 6 21 32 2 1 5 |2 6 16 6 11 1 17 17 10 8 1 1 6 4 1 3 |1 1 14 2 17 2 8 16 19 20 16 8 8 5 9 1 |1 2 1 15 18 1 1 1 17 58 132 11 15 10 1 4 |1 14 11 21 4 1 1 11 8 161 268 46 4 15 1 1 |8 6 1 1 1 1 1 12 24 63 104 24 12 5 7 1 |2 10 2 1 7 1 7 17 18 3 6 1 7 1 3 6 |2 4 1 1 8 1 15 1 7 19 3 13 1 8 8 1 |1 9 6 2 2 6 1 1 1 9 15 1 1 1 3 1 |2 2 8 5 2 1 3 6 1 17 12 1 1 1 1 14 |12 6 5 2 1 8 2 9 4 1 1 1 2 1 4 1 |
7290: 8 10 28 1 1 31 7 9 23 9 14 10 21 49 208 283 |8 6 2 9 2 1 1 7 18 20 6 21 32 2 1 5 |2 6 16 6 11 1 17 17 10 8 1 1 6 4 1 3 |1 1 14 2 17 2 8 16 19 20 16 8 8 5 9 1 |1 2 1 15 18 1 1 1 17 58 132 11 15 10 1 4 |1 14 11 21 4 1 1 11 8 161 268 46 4 15 1 1 |8 5 10 3 6 1 1 1 53 53 23 4 16 1 1 1 |2 10 2 1 7 1 7 17 18 3 6 1 7 1 3 6 |2 4 1 1 8 1 15 1 7 19 3 13 1 8 8 1 |1 9 6 2 2 6 1 1 1 9 15 1 1 1 3 1 |2 2 8 5 2 1 3 6 1 17 12 1 1 1 1 14 |12 6 5 2 1 8 2 9 4 1 1 1 2 1 4 1 |
7300: 8 10 28 1 1 31 7 9 23 9 14 10 21 49 208 283 |8 6 2 9 2 1 1 7 18 20 6 21 32 2 1 5 |2 6 16 6 11 1 17 17 10 8 1 1 6 4 1 3 |1 1 14 2 17 2 8 16 19 20 16 8 8 5 9 1 |1 2 1 15 18 1 1 1 17 58 132 11 15 10 1 4 |1 14 11 21 4 1 1 11 8 161 268 46 4 15 1 1 |8 5 10 3 6 1 1 1 53 53 23 4 16 1 1 1 |2 12 1 1 1 2 10 23 29 13 19 1 7 1 4 6 |2 4 1 1 8 1 15 1 7 19 3 13 1 8 8 1 |1 9 6 2 2 6 1 1 1 9 15 1 1 1 3 1 |2 2 8 5 2 1 3 6 1 17 12 1 1 1 1 14 |12 6 5 2 1 8 2 9 4 1 1 1 2 1 4 1 |
7311: 8 10 28 1 1 31 7 9 23 9 14 10 21 49 208 283 |8 6 2 9 2 1 1 7 18 20 6 21 32 2 1 5 |2 6 16 6 11 1 17 17 10 8 1 1 6 4 1 3 |1 1 14 2 17 2 8 16 19 20 16 8 8 5 9 1 |1 2 1 15 18 1 1 1 17 58 132 11 15 10 1 4 |1 14 11 21 4 1 1 11 8 161 268 46 4 15 1 1 |8 5 10 3 6 1 1 1 53 53 23 4 16 1 1 1 |2 12 1 1 1 2 10 23 29 13 19 1 7 1 4 6 |2 4 1 1 8 1 15 1 7 19 3 13 1 8 8 1 |1 9 6 2 2 6 1 1 1 9 15 1 1 1 3 1 |2 2 8 5 2 1 3 6 1 17 12 1 1 1 1 14 |12 6 5 2 1 8 2 9 4 1 1 1 2 1 4 1 |
7322: 8 10 28 1 1 31 7 9 23 9 14 10 21 49 208 283 |8 6 2 9 2 1 1 7 18 20 6 21 32 2 1 5 |2 6 16 6 11 1 17 17 10 8 1 1 6 4 1 3 |1 1 14 2 17 2 8 16 19 20 16 8 8 5 9 1 |1 2 1 15 18 1 1 1 17 58 132 11 15 10 1 4 |1 14 11 21 4 1 1 11 8 161 268 46 4 15 1 1 |8 5 10 3 6 1 1 1 53 53 23 4 16 1 1 1 |1 13 1 1 1 1 9 13 28 10 19 4 7 1 3 12 |2 4 1 1 8 1 15 1 7 19 3 13 1 8 8 1 |1 9 6 2 2 6 1 1 1 9 15 1 1 1 3 1 |2 2 8 5 2 1 3 6 1 17 12 1 1 1 1 14 |12 6 5 2 1 8 2 9 4 1 1 1 2 1 4 1 |
7333: 8 10 28 1 1 31 7 9 23 9 14 10 21 49 208 283 |8 6 2 9 2 1 1 7 18 20 6 21 32 2 1 5 |2 6 16 6 11 1 17 17 10 8 1 1 6 4 1 3 |1 1 14 2 17 2 8 16 19 20 16 8 8 5 9 1 |1 2 1 15 18 1 1 1 17 58 132 11 15 10 1 4 |1 14 11 21 4 1 1 11 8 161 268 46 4 15 1 1 |8 5 10 3 6 1 1 1 53 53 23 4 16 1 1 1 |1 13 1 1 1 1 9 13 28 10 19 4 7 1 3 12 |2 4 1 1 8 1 15 1 7 19 3 13 1 8 8 1 |1 9 6 2 2 6 1 1 1 9 15 1 1 1 3 1 |2 2 8 5 2 1 3 6 1 17 12 1 1 1 1 14 |12 6 5 2 1 8 2 9 4 1 1 1 2 1 4 1 |
7344: 8 10 28 1 1 31 7 9 23 9 14 10 21 49 208 283 |8 6 2 9 2 1 1 7 18 20 6 21 32 2 1 5 |2 6 16 6 11 1 17 17 10 8 1 1 6 4 1 3 |1 1 14 2 17 2 8 16 19 20 16 8 8 5 9 1 |1 2 1 15 18 1 1 1 17 58 132 11 15 10 1 4 |1 14 11 21 4 1 1 11 8 161 268 46 4 15 1 1 |8 5 10 3 6 1 1 1 53 53 23 4 16 1 1 1 |1 13 1 1 1 1 9 13 28 10 19 4 7 1 3 12 |2 4 1 1 8 1 15 1 7 19 3 13 1 8 8 1 |1 9 6 2 2 6 1 1 1 9 15 1 1 1 3 1 |2 2 8 5 2 1 3 6 1 17 12 1 1 1 1 14 |12 6 5 2 1 8 2 9 4 1 1 1 2 1 4 1 |
7354: 8 10 28 1 1 31 7 9 23 9 14 10 21 49 208 283 |8 6 2 9 2 1 1 7 18 20 6 21 32 2 1 5 |2 6 16 6 11 1 17 17 10 8 1 1 6 4 1 3 |1 1 14 2 17 2 8 16 19 20 16 8 8 5 9 1 |1 2 1 15 18 1 1 1 17 58 132 11 15 10 1 4 |1 14 11 21 4 1 1 11 8 161 268 46 4 15 1 1 |7 13 1 9 1 1 2 17 47 19 9 1 6 1 1 4 |1 13 1 1 1 1 9 13 28 10 19 4 7 1 3 12 |2 4 1 1 8 1 15 1 7 19 3 13 1 8 8 1 |1 9 6 2 2 6 1 1 1 9 15 1 1 1 3 1 |2 2 8 5 2 1 3 6 1 17 12 1 1 1 1 14 |12 6 5 2 1 8 2 9 4 1 1 1 2 1 4 1 |
7365: 8 10 28 1 1 31 7 9 23 9 14 10 21 49 208 283 |8 6 2 9 2 1 1 7 18 20 6 21 32 2 1 5 |2 6 16 6 11 1 17 17 10 8 1 1 6 4 1 3 |1 1 14 2 17 2 8 16 19 20 16 8 8 5 9 1 |1 2 1 15 18 1 1 1 17 58 132 11 15 10 1 4 |1 14 11 21 4 1 1 11 8 161 268 46 4 15 1 1 |7 13 1 9 1 1 2 17 47 19 9 1 6 1 1 4 |1 13 1 1 1 1 9 13 28 10 19 4 7 1 3 12 |2 4 1 1 8 1 15 1 7 19 3 13 1 8 8 1 |1 9 6 2 2 6 1 1 1 9 15 1 1 1 3 1 |2 2 8 5 2 1 3 6 1 17 12 1 1 1 1 14 |12 6 5 2 1 8 2 9 4 1 1 1 2 1 4 1 |
7376: 8 10 28 1 1 31 7 9 23 9 14 10 21 49 208 283 |8 6 2 9 2 1 1 7 18 20 6 21 32 2 1 5 |2 6 16 6 11 1 17 17 10 8 1 1 6 4 1 3 |1 1 14 2 17 2 8 16 19 20 16 8 8 5 9 1 |1 2 1 15 18 1 1 1 17 58 132 11 15 10 1 4 |1 14 11 21 4 1 1 11 8 161 268 46 4 15 1 1 |7 13 1 9 1 1 2 17 47 19 9 1 6 1 1 4 |1 13 1 1 1 1 9 13 28 10 19 4 7 1 3 12 |2 4 1 1 8 1 15 1 7 19 3 13 1 8 8 1 |1 9 6 2 2 6 1 1 1 9 15 1 1 1 3 1 |2 2 8 5 2 1 3 6 1 17 12 1 1 1 1 14 |12 6 5 2 1 8 2 9 4 1 1 1 2 1 4 1 |
7386: 8 10 28 1 1 31 7 9 23 9 14 10 21 49 208 283 |8 6 2 9 2 1 1 7 18 20 6 21 32 2 1 5 |2 6 16 6 11 1 17 17 10 8 1 1 6 4 1 3 |1 1 14 2 17 2 8 16 19 20 16 8 8 5 9 1 |1 2 1 15 18 1 1 1 17 58 132 11 15 10 1 4 |1 14 11 21 4 1 1 11 8 161 268 46 4 15 1 1 |7 13 1 9 1 1 2 17 47 19 9 1 6 1 1 4 |1 13 1 1 1 1 9 13 28 10 19 4 7 1 3 12 |2 4 1 1 8 1 15 1 7 19 3 13 1 8 8 1 |1 9 6 2 2 6 1 1 1 9 15 1 1 1 3 1 |2 2 8 5 2 1 3 6 1 17 12 1 1 1 1 14 |12 6 5 2 1 8 2 9 4 1 1 1 2 1 4 1 |
7397: 8 10 28 1 1 31 7 9 23 9 14 10 21 49 208 283 |8 6 2 9 2 1 1 7 18 20 6 21 32 2 1 5 |2 6 16 6 11 1 17 17 10 8 1 1 6 4 1 3 |1 1 14 2 17 2 8 16 19 20 16 8 8 5 9 1 |1 2 1 15 18 1 1 1 17 58 132 11 15 10 1 4 |1 14 11 21 4 1 1 11 8 161 268 46 4 15 1 1 |7 13 1 9 1 1 2 17 47 19 9 1 6 1 1 4 |1 13 1 1 1 1 9 13 28 10 19 4 7 1 3 12 |2 4 1 1 8 1 15 1 7 19 3 13 1 8 8 1 |1 9 6 2 2 6 1 1 1 9 15 1 1 1 3 1 |2 2 8 5 2 1 3 6 1 17 12 1 1 1 1 14 |12 1 1 3 1 6 1 1 14 1 1 1 2 2 3 1 |
7408: 8 10 28 1 1 31 7 9 23 9 14 10 21 49 208 283 |8 6 2 9 2 1 1 7 18 20 6 21 32 2 1 5 |2 6 16 6 11 1 17 17 10 8 1 1 6 4 1 3 |1 1 14 2 17 2 8 16 19 20 16 8 8 5 9 1 |1 2 1 15 18 1 1 1 17 58 132 11 15 10 1 4 |1 14 11 21 4 1 1 11 8 161 268 46 4 15 1 1 |7 13 1 9 1 1 2 17 47 19 9 1 6 1 1 4 |1 13 1 1 1 1 9 13 28 10 19 4 7 1 3 12 |2 4 1 1 8 1 15 1 7 19 3 13 1 8 8 1 |1 9 6 2 2 6 1 1 1 9 15 1 1 1 3 1 |2 2 8 5 2 1 3 6 1 17 12 1 1 1 1 14 |12 1 1 3 1 6 1 1 14 1 1 1 2 2 3 1 |
7418: 8 10 28 1 1 31 7 9 23 9 14 10 21 49 208 283 |8 6 2 9 2 1 1 7 18 20 6 21 32 2 1 5 |2 6 16 6 11 1 17 17 10 8 1 1 6 4 1 3 |1 1 14 2 17 2 8 16 19 20 16 8 8 5 9 1 |1 2 1 15 18 1 1 1 17 58 132 11 15 10 1 4 |1 14 11 21 4 1 1 11 8 161 268 46 4 15 1 1 |7 13 1 9 1 1 2 17 47 19 9 1 6 1 1 4 |1 13 1 1 1 1 9 13 28 10 19 4 7 1 3 12 |2 4 1 1 8 1 15 1 7 19 3 13 1 8 8 1 |1 9 6 2 2 6 1 1 1 9 15 1 1 1 3 1 |2 2 8 5 2 1 3 6 1 17 12 1 1 1 1 14 |12 1 1 3 1 6 1 1 14 1 1 1 2 2 3 1 |
7429: 8 10 28 1 1 31 7 9 23 9 14 10 21 49 208 283 |8 6 2 9 2 1 1 7 18 20 6 21 32 2 1 5 |2 6 16 6 11 1 17 17 10 8 1 1 6 4 1 3 |1 1 14 2 17 2 8 16 19 20 16 8 8 5 9 1 |1 2 1 15 18 1 1 1 17 58 132 11 15 10 1 4 |1 14 11 21 4 1 1 11 8 161 268 46 4 15 1 1 |7 13 1 9 1 1 2 17 47 19 9 1 6 1 1 4 |1 13 1 1 1 1 9 13 28 10 19 4 7 1 3 12 |2 4 1 1 8 1 15 1 7 19 3 13 1 8 8 1 |1 9 6 2 2 6 1 1 1 9 15 1 1 1 3 1 |2 2 8 5 2 1 3 6 1 17 12 1 1 1 1 14 |12 1 1 3 1 6 1 1 14 1 1 1 2 2 3 1 |
7439: 8 10 28 1 1 31 7 9 23 9 14 10 21 49 208 283 |8 6 2 9 2 1 1 7 18 20 6 21 32 2 1 5 |2 6 16 6 11 1 17 17 10 8 1 1 6 4 1 3 |1 1 14 2 17 2 8 16 19 20 16 8 8 5 9 1 |1 2 1 15 18 1 1 1 17 58 132 11 15 10 1 4 |1 14 11 21 4 1 1 11 8 161 268 46 4 15 1 1 |7 13 1 9 1 1 2 17 47 19 9 1 6 1 1 4 |1 13 1 1 1 1 9 13 28 10 19 4 7 1 3 12 |2 4 1 1 8 1 15 1 7 19 3 13 1 8 8 1 |1 9 6 2 2 6 1 1 1 9 15 1 1 1 3 1 |2 2 8 5 2 1 3 6 1 17 12 1 1 1 1 14 |12 1 1 3 1 6 1 1 14 1 1 1 2 2 3 1 |
7449: 8 10 28 1 1 31 7 9 23 9 14 10 21 49 208 283 |8 6 2 9 2 1 1 7 18 20 6 21 32 2 1 5 |2 6 16 6 11 1 17 17 10 8 1 1 6 4 1 3 |1 1 14 2 17 2 8 16 19 20 16 8 8 5 9 1 |1 2 1 15 18 1 1 1 17 58 132 11 15 10 1 4 |1 14 11 21 4 1 1 11 8 161 268 46 4 15 1 1 |7 13 1 9 1 1 2 17 47 19 9 1 6 1 1 4 |1 2 2 1 1 1 9 35 44 10 18 2 6 1 4 12 |2 4 1 1 8 1 15 1 7 19 3 13 1 8 8 1 |1 9 6 2 2 6 1 1 1 9 15 1 1 1 3 1 |2 2 8 5 2 1 3 6 1 17 12 1 1 1 1 14 |12 1 1 3 1 6 1 1 14 1 1 1 2 2 3 1 |
7459: 8 10 28 1 1 31 7 9 23 9 14 10 21 49 208 283 |8 6 2 9 2 1 1 7 18 20 6 21 32 2 1 5 |2 6 16 6 11 1 17 17 10 8 1 1 6 4 1 3 |1 1 14 2 17 2 8 16 19 20 16 8 8 5 9 1 |1 2 1 15 18 1 1 1 17 58 132 11 15 10 1 4 |1 14 11 21 4 1 1 11 8 161 268 46 4 15 1 1 |7 13 1 9 1 1 2 17 47 19 9 1 6 1 1 4 |1 2 2 1 1 1 9 35 44 10 18 2 6 1 4 12 |2 4 1 1 8 1 15 1 7 19 3 13 1 8 8 1 |1 9 6 2 2 6 1 1 1 9 15 1 1 1 3 1 |2 2 8 5 2 1 3 6 1 17 12 1 1 1 1 14 |12 1 1 3 1 6 1 1 14 1 1 1 2 2 3 1 |
7471: 8 10 28 1 1 31 7 9 23 9 14 10 21 49 208 283 |8 6 2 9 2 1 1 7 18 20 6 21 32 2 1 5 |2 6 16 6 11 1 17 17 10 8 1 1 6 4 1 3 |1 1 14 2 17 2 8 16 19 20 16 8 8 5 9 1 |1 2 1 15 18 1 1 1 17 58 132 11 15 10 1 4 |1 14 11 21 4 1 1 11 8 161 268 46 4 15 1 1 |7 13 1 9 1 1 2 17 47 19 9 1 6 1 1 4 |1 2 2 1 1 1 9 35 44 10 18 2 6 1 4 12 |2 4 1 1 8 1 15 1 7 19 3 13 1 8 8 1 |1 9 6 2 2 6 1 1 1 9 15 1 1 1 3 1 |2 2 8 5 2 1 3 6 1 17 12 1 1 1 1 14 |12 1 1 3 1 6 1 1 14 1 1 1 2 2 3 1 |
7481: 8 10 28 1 1 31 7 9 23 9 14 10 21 49 208 283 |8 6 2 9 2 1 1 7 18 20 6 21 32 2 1 5 |2 6 16 6 11 1 17 17 10 8 1 1 6 4 1 3 |1 1 14 2 17 2 8 16 19 20 16 8 8 5 9 1 |1 2 1 15 18 1 1 1 17 58 132 11 15 10 1 4 |1 14 11 21 4 1 1 11 8 161 268 46 4 15 1 1 |7 13 1 9 1 1 2 17 47 19 9 1 6 1 1 4 |3 1 3 1 1 1 10 37 47 10 6 3 8 1 4 8 |2 4 1 1 8 1 15 1 7 19 3 13 1 8 8 1 |1 9 6 2 2 6 1 1 1 9 15 1 1 1 3 1 |2 2 8 5 2 1 3 6 1 17 12 1 1 1 1 14 |12 1 1 3 1 6 1 1 14 1 1 1 2 2 3 1 |
7492: 8 10 28 1 1 31 7 9 23 9 14 10 21 49 208 283 |8 6 2 9 2 1 1 7 18 20 6 21 32 2 1 5 |2 6 16 6 11 1 17 17 10 8 1 1 6 4 1 3 |1 1 14 2 17 2 8 16 19 20 16 8 8 5 9 1 |1 2 1 15 18 1 1 1 17 58 132 11 15 10 1 4 |1 14 11 21 4 1 1 11 8 161 268 46 4 15 1 1 |7 13 1 9 1 1 2 17 47 19 9 1 6 1 1 4 |3 1 3 1 1 1 10 37 47 10 6 3 8 1 4 8 |2 4 1 1 8 1 15 1 7 19 3 13 1 8 8 1 |1 9 6 2 2 6 1 1 1 9 15 1 1 1 3 1 |2 2 8 5 2 1 3 6 1 17 12 1 1 1 1 14 |12 1 1 3 1 6 1 1 14 1 1 1 2 2 3 1 |
7503: 8 10 28 1 1 31 7 9 23 9 14 10 21 49 208 283 |8 6 2 9 2 1 1 7 18 20 6 21 32 2 1 5 |2 6 16 6 11 1 17 17 10 8 1 1 6 4 1 3 |1 1 14 2 17 2 8 16 19 20 16 8 8 5 9 1 |1 2 1 15 18 1 1 1 17 58 132 11 15 10 1 4 |1 14 11 21 4 1 1 11 8 161 268 46 4 15 1 1 |7 13 1 9 1 1 2 17 47 19 9 1 6 1 1 4 |3 1 3 1 1 1 10 37 47 10 6 3 8 1 4 8 |2 4 1 1 8 1 15 1 7 19 3 13 1 8 8 1 |1 9 6 2 2 6 1 1 1 9 15 1 1 1 3 1 |2 2 8 5 2 1 3 6 1 17 12 1 1 1 1 14 |12 1 1 3 1 6 1 1 14 1 1 1 2 2 3 1 |
7513: 8 10 28 1 1 31 7 9 23 9 14 10 21 49 208 283 |8 6 2 9 2 1 1 7 18 20 6 21 32 2 1 5 |2 6 16 6 11 1 17 17 10 8 1 1 6 4 1 3 |1 1 14 2 17 2 8 16 19 20 16 8 8 5 9 1 |1 2 1 15 18 1 1 1 17 58 132 11 15 10 1 4 |1 14 11 21 4 1 1 11 8 161 268 46 4 15 1 1 |7 13 1 9 1 1 2 17 47 19 9 1 6 1 1 4 |3 1 3 1 1 1 10 37 47 10 6 3 8 1 4 8 |2 4 1 1 8 1 15 1 7 19 3 13 1 8 8 1 |1 9 6 2 2 6 1 1 1 9 15 1 1 1 3 1 |2 2 8 5 2 1 3 6 1 17 12 1 1 1 1 14 |12 1 1 3 1 6 1 1 14 1 1 1 2 2 3 1 |
7524: 8 10 28 1 1 31 7 9 23 9 14 10 21 49 208 283 |8 6 2 9 2 1 1 7 18 20 6 21 32 2 1 5 |2 6 16 6 11 1 17 17 10 8 1 1 6 4 1 3 |1 1 14 2 17 2 8 16 19 20 16 8 8 5 9 1 |1 2 1 15 18 1 1 1 17 58 132 11 15 10 1 4 |1 14 11 21 4 1 1 11 8 161 268 46 4 15 1 1 |7 13 1 9 1 1 2 17 47 19 9 1 6 1 1 4 |3 1 3 1 1 1 10 37 47 10 6 3 8 1 4 8 |2 4 1 1 8 1 15 1 7 19 3 13 1 8 8 1 |1 9 6 2 2 6 1 1 1 9 15 1 1 1 3 1 |2 2 8 5 2 1 3 6 1 17 12 1 1 1 1 14 |12 1 1 3 1 6 1 1 14 1 1 1 2 2 3 1 |
7534: 8 10 28 1 1 31 7 9 23 9 14 10 21 49 208 283 |8 6 2 9 2 1 1 7 18 20 6 21 32 2 1 5 |2 6 16 6 11 1 17 17 10 8 1 1 6 4 1 3 |1 1 14 2 17 2 8 16 19 20 16 8 8 5 9 1 |1 2 1 15 18 1 1 1 17 58 132 11 15 10 1 4 |1 14 11 21 4 1 1 11 8 161 268 46 4 15 1 1 |7 13 1 9 1 1 2 17 47 19 9 1 6 1 1 4 |3 1 3 1 1 1 10 37 47 10 6 3 8 1 4 8 |2 4 1 1 8 1 15 1 7 19 3 13 1 8 8 1 |1 9 6 2 2 6 1 1 1 9 15 1 1 1 3 1 |2 2 8 5 2 1 3 6 1 17 12 1 1 1 1 14 |12 1 1 3 1 6 1 1 14 1 1 1 2 2 3 1 |
7545: 8 10 28 1 1 31 7 9 23 9 14 10 21 49 208 283 |8 6 2 9 2 1 1 7 18 20 6 21 32 2 1 5 |2 6 16 6 11 1 17 17 10 8 1 1 6 4 1 3 |1 1 14 2 17 2 8 16 19 20 16 8 8 5 9 1 |1 2 1 15 18 1 1 1 17 58 132 11 15 10 1 4 |1 14 11 21 4 1 1 11 8 161 268 46 4 15 1 1 |7 13 1 9 1 1 2 17 47 19 9 1 6 1 1 4 |1 13 1 1 2 1 10 36 55 12 5 4 7 1 4 11 |2 4 1 1 8 1 15 1 7 19 3 13 1 8 8 1 |1 9 6 2 2 6 1 1 1 9 15 1 1 1 3 1 |2 2 8 5 2 1 3 6 1 17 12 1 1 1 1 14 |12 1 1 3 1 6 1 1 14 1 1 1 2 2 3 1 |
7556: 8 10 28 1 1 31 7 9 23 9 14 10 21 49 208 283 |8 6 2 9 2 1 1 7 18 20 6 21 32 2 1 5 |2 6 16 6 11 1 17 17 10 8 1 1 6 4 1 3 |1 1 14 2 17 2 8 16 19 20 16 8 8 5 9 1 |1 2 1 15 18 1 1 1 17 58 132 11 15 10 1 4 |1 14 11 21 4 1 1 11 8 161 268 46 4 15 1 1 |7 13 1 9 1 1 2 17 47 19 9 1 6 1 1 4 |1 13 1 1 2 1 10 36 55 12 5 4 7 1 4 11 |2 8 4 2 8 1 16 13 26 16 1 13 3 1 14 1 |1 9 6 2 2 6 1 1 1 9 15 1 1 1 3 1 |2 2 8 5 2 1 3 6 1 17 12 1 1 1 1 14 |12 1 1 3 1 6 1 1 14 1 1 1 2 2 3 1 |
7566: 8 10 28 1 1 31 7 9 23 9 14 10 21 49 208 283 |8 6 2 9 2 1 1 7 18 20 6 21 32 2 1 5 |2 6 16 6 11 1 17 17 10 8 1 1 6 4 1 3 |1 1 14 2 17 2 8 16 19 20 16 8 8 5 9 1 |1 2 1 15 18 1 1 1 17 58 132 11 15 10 1 4 |1 14 11 21 4 1 1 11 8 161 268 46 4 15 1 1 |7 13 1 9 1 1 2 17 47 19 9 1 6 1 1 4 |1 13 1 1 2 1 10 36 55 12 5 4 7 1 4 11 |2 8 4 2 8 1 16 13 26 16 1 13 3 1 14 1 |1 9 6 2 2 6 1 1 1 9 15 1 1 1 3 1 |2 2 8 5 2 1 3 6 1 17 12 1 1 1 1 14 |12 1 1 3 1 6 1 1 14 1 1 1 2 2 3 1 |
7576: 8 10 28 1 1 31 7 9 23 9 14 10 21 49 208 283 |8 6 2 9 2 1 1 7 18 20 6 21 32 2 1 5 |2 6 16 6 11 1 17 17 10 8 1 1 6 4 1 3 |1 1 14 2 17 2 8 16 19 20 16 8 8 5 9 1 |1 2 1 15 18 1 1 1 17 58 132 11 15 10 1 4 |1 14 11 21 4 1 1 11 8 161 268 46 4 15 1 1 |7 13 1 9 1 1 2 17 47 19 9 1 6 1 1 4 |1 13 1 1 2 1 10 36 55 12 5 4 7 1 4 11 |2 8 4 2 8 1 16 13 26 16 1 13 3 1 14 1 |1 9 6 2 2 6 1 1 1 9 15 1 1 1 3 1 |2 2 8 5 2 1 3 6 1 17 12 1 1 1 1 14 |12 1 1 3 1 6 1 1 14 1 1 1 2 2 3 1 |
7588: 8 10 28 1 1 31 7 9 23 9 14 10 21 49 208 283 |8 6 2 9 2 1 1 7 18 20 6 21 32 2 1 5 |2 6 16 6 11 1 17 17 10 8 1 1 6 4 1 3 |1 1 14 2 17 2 8 16 19 20 16 8 8 5 9 1 |1 2 1 15 18 1 1 1 17 58 132 11 15 10 1 4 |1 14 11 21 4 1 1 11 8 161 268 46 4 15 1 1 |7 13 1 9 1 1 2 17 47 19 9 1 6 1 1 4 |1 13 1 1 2 1 10 36 55 12 5 4 7 1 4 11 |2 8 4 2 8 1 16 13 26 16 1 13 3 1 14 1 |1 9 6 2 2 6 1 1 1 9 15 1 1 1 3 1 |2 2 8 5 2 1 3 6 1 17 12 1 1 1 1 14 |8 1 1 1 1 6 1 14 14 1 1 3 2 1 2 1 |
7599: 8 10 28 1 1 31 7 9 23 9 14 10 21 49 208 283 |8 6 2 9 2 1 1 7 18 20 6 21 32 2 1 5 |2 6 16 6 11 1 17 17 10 8 1 1 6 4 1 3 |1 1 14 2 17 2 8 16 19 20 16 8 8 5 9 1 |1 2 1 15 18 1 1 1 17 58 132 11 15 10 1 4 |1 14 11 21 4 1 1 11 8 161 268 46 4 15 1 1 |7 13 1 9 1 1 2 17 47 19 9 1 6 1 1 4 |1 13 1 1 2 1 10 36 55 12 5 4 7 1 4 11 |2 8 4 2 8 1 16 13 26 16 1 13 3 1 14 1 |1 9 6 2 2 6 1 1 1 9 15 1 1 1 3 1 |2 2 8 5 2 1 3 6 1 17 12 1 1 1 1 14 |8 1 1 1 1 6 1 14 14 1 1 3 2 1 2 1 |
7609: 8 10 28 1 1 31 7 9 23 9 14 10 21 49 208 283 |8 6 2 9 2 1 1 7 18 20 6 21 32 2 1 5 |2 6 16 6 11 1 17 17 10 8 1 1 6 4 1 3 |1 1 14 2 17 2 8 16 19 20 16 8 8 5 9 1 |1 1 1 16 9 5 3 1 26 16 12 1 1 1 1 2 |1 14 11 21 4 1 1 11 8 161 268 46 4 15 1 1 |7 13 1 9 1 1 2 17 47 19 9 1 6 1 1 4 |1 13 1 1 2 1 10 36 55 12 5 4 7 1 4 11 |2 8 4 2 8 1 16 13 26 16 1 13 3 1 14 1 |1 9 6 2 2 6 1 1 1 9 15 1 1 1 3 1 |2 2 8 5 2 1 3 6 1 17 12 1 1 1 1 14 |8 1 1 1 1 6 1 14 14 1 1 3 2 1 2 1 |
7620: 8 10 28 1 1 31 7 9 23 9 14 10 21 49 208 283 |8 6 2 9 2 1 1 7 18 20 6 21 32 2 1 5 |2 6 16 6 11 1 17 17 10 8 1 1 6 4 1 3 |1 1 14 2 17 2 8 16 19 20 16 8 8 5 9 1 |1 1 1 16 9 5 3 1 26 16 12 1 1 1 1 2 |1 14 11 21 4 1 1 11 8 161 268 46 4 15 1 1 |7 13 1 9 1 1 2 17 47 19 9 1 6 1 1 4 |1 13 1 1 2 1 10 36 55 12 5 4 7 1 4 11 |2 8 4 2 8 1 16 13 26 16 1 13 3 1 14 1 |1 9 6 2 2 6 1 1 1 9 15 1 1 1 3 1 |2 2 8 5 2 1 3 6 1 17 12 1 1 1 1 14 |12 1 1 2 1 1 1 15 19 1 1 7 2 1 2 4 |
7631: 8 10 28 1 1 31 7 9 23 9 14 10 21 49 208 283 |8 6 2 9 2 1 1 7 18 20 6 21 32 2 1 5 |2 6 16 6 11 1 17 17 10 8 1 1 6 4 1 3 |1 1 14 2 17 2 8 16 19 20 16 8 8 5 9 1 |1 1 1 16 9 5 3 1 26 16 12 1 1 1 1 2 |1 14 11 21 4 1 1 11 8 161 268 46 4 15 1 1 |7 13 1 9 1 1 2 17 47 19 9 1 6 1 1 4 |1 13 1 1 2 1 10 36 55 12 5 4 7 1 4 11 |2 8 4 2 8 1 16 13 26 16 1 13 3 1 14 1 |1 9 6 2 2 6 1 1 1 9 15 1 1 1 3 1 |2 2 8 5 2 1 3 6 1 17 12 1 1 1 1 14 |12 1 1 2 1 1 1 15 19 1 1 7 2 1 2 4 |
7642: 8 10 28 1 1 31 7 9 23 9 14 10 21 49 208 283 |8 6 2 9 2 1 1 7 18 20 6 21 32 2 1 5 |2 1 16 13 8 1 5 20 4 1 3 1 1 5 1 1 |1 1 14 2 17 2 8 16 19 20 16 8 8 5 9 1 |1 1 1 16 9 5 3 1 26 16 12 1 1 1 1 2 |1 14 11 21 4 1 1 11 8 161 268 46 4 15 1 1 |7 13 1 9 1 1 2 17 47 19 9 1 6 1 1 4 |1 13 1 1 2 1 10 36 55 12 5 4 7 1 4 11 |2 8 4 2 8 1 16 13 26 16 1 13 3 1 14 1 |1 9 6 2 2 6 1 1 1 9 15 1 1 1 3 1 |2 2 8 5 2 1 3 6 1 17 12 1 1 1 1 14 |12 1 1 2 1 1 1 15 19 1 1 7 2 1 2 4 |
7652: 8 10 28 1 1 31 7 9 23 9 14 10 21 49 208 283 |8 6 2 9 2 1 1 7 18 20 6 21 32 2 1 5 |2 1 16 13 8 1 5 20 4 1 3 1 1 5 1 1 |1 1 14 2 17 2 8 16 19 20 16 8 8 5 9 1 |1 1 1 16 9 5 3 1 26 16 12 1 1 1 1 2 |1 14 11 21 4 1 1 11 8 161 268 46 4 15 1 1 |7 13 1 9 1 1 2 17 47 19 9 1 6 1 1 4 |1 13 1 1 2 1 10 36 55 12 5 4 7 1 4 11 |2 8 4 2 8 1 16 13 26 16 1 13 3 1 14 1 |1 9 6 2 2 6 1 1 1 9 15 1 1 1 3 1 |2 1 1 5 2 1 4 8 1 14 4 1 1 1 1 16 |12 1 1 2 1 1 1 15 19 1 1 7 2 1 2 4 |
7663: 8 10 28 1 1 31 7 9 23 9 14 10 21 49 208 283 |8 6 2 9 2 1 1 7 18 20 6 21 32 2 1 5 |2 1 16 13 8 1 5 20 4 1 3 1 1 5 1 1 |1 1 14 2 17 2 8 16 19 20 16 8 8 5 9 1 |1 1 1 16 9 5 3 1 26 16 12 1 1 1 1 2 |1 14 11 21 4 1 1 11 8 161 268 46 4 15 1 1 |7 13 1 9 1 1 2 17 47 19 9 1 6 1 1 4 |1 13 1 1 2 1 10 36 55 12 5 4 7 1 4 11 |2 8 4 2 8 1 16 13 26 16 1 13 3 1 14 1 |1 9 6 2 2 6 1 1 1 9 15 1 1 1 3 1 |2 1 1 5 2 1 4 8 1 14 4 1 1 1 1 16 |12 1 1 2 1 1 1 15 19 1 1 7 2 1 2 4 |
7674: 8 10 28 1 1 31 7 9 23 9 14 10 21 49 208 283 |8 6 2 9 2 1 1 7 18 20 6 21 32 2 1 5 |2 2 1 6 11 2 8 11 11 1 1 1 1 5 1 1 |1 1 14 2 17 2 8 16 19 20 16 8 8 5 9 1 |1 1 1 16 9 5 3 1 26 16 12 1 1 1 1 2 |1 14 11 21 4 1 1 11 8 161 268 46 4 15 1 1 |7 13 1 9 1 1 2 17 47 19 9 1 6 1 1 4 |1 13 1 1 2 1 10 36 55 12 5 4 7 1 4 11 |2 8 4 2 8 1 16 13 26 16 1 13 3 1 14 1 |1 9 6 2 2 6 1 1 1 9 15 1 1 1 3 1 |2 1 1 5 2 1 4 8 1 14 4 1 1 1 1 16 |12 1 1 2 1 1 1 15 19 1 1 7 2 1 2 4 |
7684: 8 10 28 1 1 31 7 9 23 9 14 10 21 49 208 283 |8 6 2 9 2 1 1 7 18 20 6 21 32 2 1 5 |2 2 1 6 11 2 8 11 11 1 1 1 1 5 1 1 |1 1 13 2 16 2 2 21 18 13 13 1 1 1 1 1 |1 1 1 16 9 5 3 1 26 16 12 1 1 1 1 2 |1 14 11 21 4 1 1 11 8 161 268 46 4 15 1 1 |7 13 1 9 1 1 2 17 47 19 9 1 6 1 1 4 |1 13 1 1 2 1 10 36 55 12 5 4 7 1 4 11 |2 8 4 2 8 1 16 13 26 16 1 13 3 1 14 1 |1 9 6 2 2 6 1 1 1 9 15 1 1 1 3 1 |2 1 1 5 2 1 4 8 1 14 4 1 1 1 1 16 |12 1 1 2 1 1 1 15 19 1 1 7 2 1 2 4 |
7695: 8 10 28 1 1 31 7 9 23 9 14 10 21 49 208 283 |8 6 2 9 2 1 1 7 18 20 6 21 32 2 1 5 |2 2 1 6 11 2 8 11 11 1 1 1 1 5 1 1 |1 1 13 2 16 2 2 21 18 13 13 1 1 1 1 1 |1 1 1 16 9 5 3 1 26 16 12 1 1 1 1 2 |1 14 11 21 4 1 1 11 8 161 268 46 4 15 1 1 |7 13 1 9 1 1 2 17 47 19 9 1 6 1 1 4 |1 13 1 1 2 1 10 36 55 12 5 4 7 1 4 11 |2 8 4 2 8 1 16 13 26 16 1 13 3 1 14 1 |1 9 6 2 2 6 1 1 1 9 15 1 1 1 3 1 |2 1 1 5 2 1 4 8 1 14 4 1 1 1 1 16 |12 1 1 2 1 1 1 15 19 1 1 7 2 1 2 4 |
7706: 8 10 28 1 1 31 7 9 23 9 14 10 21 49 208 283 |8 6 2 9 2 1 1 7 18 20 6 21 32 2 1 5 |2 2 1 6 11 2 8 11 11 1 1 1 1 5 1 1 |1 1 13 2 16 2 2 21 18 13 13 1 1 1 1 1 |1 1 1 16 9 5 3 1 26 16 12 1 1 1 1 2 |1 14 11 21 4 1 1 11 8 161 268 46 4 15 1 1 |7 13 1 9 1 1 2 17 47 19 9 1 6 1 1 4 |1 13 1 1 2 1 10 36 55 12 5 4 7 1 4 11 |2 8 4 2 8 1 16 13 26 16 1 13 3 1 14 1 |1 9 6 2 2 6 1 1 1 9 15 1 1 1 3 1 |2 1 1 5 2 1 4 8 1 14 4 1 1 1 1 16 |12 1 1 2 1 1 1 15 19 1 1 7 2 1 2 4 |
7716: 8 10 28 1 1 31 7 9 23 9 14 10 21 49 208 283 |8 6 2 9 2 1 1 7 18 20 6 21 32 2 1 5 |2 2 1 6 11 2 8 11 11 1 1 1 1 5 1 1 |1 1 13 2 16 2 2 21 18 13 13 1 1 1 1 1 |1 1 1 16 9 5 3 1 26 16 12 1 1 1 1 2 |1 14 11 21 4 1 1 11 8 161 268 46 4 15 1 1 |7 13 1 9 1 1 2 17 47 19 9 1 6 1 1 4 |1 13 1 1 2 1 10 36 55 12 5 4 7 1 4 11 |4 7 1 1 1 3 12 19 11 2 2 13 1 7 14 1 |1 9 6 2 2 6 1 1 1 9 15 1 1 1 3 1 |2 1 1 5 2 1 4 8 1 14 4 1 1 1 1 16 |12 1 1 2 1 1 1 15 19 1 1 7 2 1 2 4 |
7727: 8 10 28 1 1 31 7 9 23 9 14 10 21 49 208 283 |8 6 2 9 2 1 1 7 18 20 6 21 32 2 1 5 |2 2 1 6 11 2 8 11 11 1 1 1 1 5 1 1 |1 1 13 2 16 2 2 21 18 13 13 1 1 1 1 1 |1 1 1 16 9 5 3 1 26 16 12 1 1 1 1 2 |1 14 11 21 4 1 1 11 8 161 268 46 4 15 1 1 |7 13 1 9 1 1 2 17 47 19 9 1 6 1 1 4 |1 13 1 1 2 1 10 36 55 12 5 4 7 1 4 11 |4 7 1 1 1 3 12 19 11 2 2 13 1 7 14 1 |3 10 8 9 3 7 1 1 1 7 7 1 6 2 3 1 |2 1 1 5 2 1 4 8 1 14 4 1 1 1 1 16 |12 1 1 2 1 1 1 15 19 1 1 7 2 1 2 4 |
7737: 8 10 28 1 1 31 7 9 23 9 14 10 21 49 208 283 |8 6 2 9 2 1 1 7 18 20 6 21 32 2 1 5 |2 2 1 6 11 2 8 11 11 1 1 1 1 5 1 1 |1 1 13 2 16 2 2 21 18 13 13 1 1 1 1 1 |1 1 1 16 9 5 3 1 26 16 12 1 1 1 1 2 |1 14 11 21 4 1 1 11 8 161 268 46 4 15 1 1 |7 13 1 9 1 1 2 17 47 19 9 1 6 1 1 4 |1 13 1 1 2 1 10 36 55 12 5 4 7 1 4 11 |4 7 1 1 1 3 12 19 11 2 2 13 1 7 14 1 |3 10 8 9 3 7 1 1 1 7 7 1 6 2 3 1 |2 1 1 5 2 1 4 8 1 14 4 1 1 1 1 16 |12 1 1 2 1 1 1 15 19 1 1 7 2 1 2 4 |
7749: 8 10 28 1 1 31 7 9 23 9 14 10 21 49 208 283 |8 6 2 9 2 1 1 7 18 20 6 21 32 2 1 5 |2 2 1 6 11 2 8 11 11 1 1 1 1 5 1 1 |1 1 13 2 16 2 2 21 18 13 13 1 1 1 1 1 |1 1 1 16 9 5 3 1 26 16 12 1 1 1 1 2 |1 14 11 21 4 1 1 11 8 161 268 46 4 15 1 1 |7 13 1 9 1 1 2 17 47 19 9 1 6 1 1 4 |1 13 1 1 2 1 10 36 55 12 5 4 7 1 4 11 |4 7 1 1 1 3 12 19 11 2 2 13 1 7 14 1 |3 10 8 9 3 7 1 1 1 7 7 1 6 2 3 1 |2 1 1 5 2 1 4 8 1 14 4 1 1 1 1 16 |12 1 1 2 1 1 1 15 19 1 1 7 2 1 2 4 |
7759: 8 10 28 1 1 31 7 9 23 9 14 10 21 49 208 283 |8 6 2 9 2 1 1 7 18 20 6 21 32 2 1 5 |2 2 1 6 11 2 8 11 11 1 1 1 1 5 1 1 |1 1 13 2 16 2 2 21 18 13 13 1 1 1 1 1 |1 1 1 16 9 5 3 1 26 16 12 1 1 1 1 2 |1 14 11 21 4 1 1 11 8 161 268 46 4 15 1 1 |7 13 1 9 1 1 2 17 47 19 9 1 6 1 1 4 |1 13 1 1 2 1 10 36 55 12 5 4 7 1 4 11 |4 7 1 1 1 3 12 19 11 2 2 13 1 7 14 1 |3 10 8 9 3 7 1 1 1 7 7 1 6 2 3 1 |2 1 1 5 2 1 4 8 1 14 4 1 1 1 1 16 |12 1 1 2 1 1 1 15 19 1 1 7 2 1 2 4 |
7770: 8 10 28 1 1 31 7 9 23 9 14 10 21 49 208 283 |8 6 2 9 2 1 1 7 18 20 6 21 32 2 1 5 |2 2 1 6 11 2 8 11 11 1 1 1 1 5 1 1 |1 1 13 2 16 2 2 21 18 13 13 1 1 1 1 1 |1 1 1 16 9 5 3 1 26 16 12 1 1 1 1 2 |1 14 11 21 4 1 1 11 8 161 268 46 4 15 1 1 |7 13 1 9 1 1 2 17 47 19 9 1 6 1 1 4 |1 13 1 1 2 1 10 36 55 12 5 4 7 1 4 11 |4 7 1 1 1 3 12 19 11 2 2 13 1 7 14 1 |3 10 8 9 3 7 1 1 1 7 7 1 6 2 3 1 |2 1 1 5 2 1 4 8 1 14 4 1 1 1 1 16 |12 1 1 2 1 1 1 15 19 1 1 7 2 1 2 4 |
7781: 8 10 28 1 1 31 7 9 23 9 14 10 21 49 208 283 |8 6 2 9 2 1 1 7 18 20 6 21 32 2 1 5 |2 2 1 6 11 2 8 11 11 1 1 1 1 5 1 1 |1 1 13 2 16 2 2 21 18 13 13 1 1 1 1 1 |1 1 1 16 9 5 3 1 26 16 12 1 1 1 1 2 |1 8 4 9 9 8 1 5 10 1 1 3 7 1 2 2 |7 13 1 9 1 1 2 17 47 19 9 1 6 1 1 4 |1 13 1 1 2 1 10 36 55 12 5 4 7 1 4 11 |4 7 1 1 1 3 12 19 11 2 2 13 1 7 14 1 |3 10 8 9 3 7 1 1 1 7 7 1 6 2 3 1 |2 1 1 5 2 1 4 8 1 14 4 1 1 1 1 16 |12 1 1 2 1 1 1 15 19 1 1 7 2 1 2 4 |
7791: 8 10 28 1 1 31 7 9 23 9 14 10 21 49 208 283 |8 6 2 9 2 1 1 7 18 20 6 21 32 2 1 5 |2 2 1 6 11 2 8 11 11 1 1 1 1 5 1 1 |1 1 13 2 16 2 2 21 18 13 13 1 1 1 1 1 |1 1 1 16 9 5 3 1 26 16 12 1 1 1 1 2 |1 8 4 9 9 8 1 5 10 1 1 3 7 1 2 2 |7 13 1 9 1 1 2 17 47 19 9 1 6 1 1 4 |1 13 1 1 2 1 10 36 55 12 5 4 7 1 4 11 |4 7 1 1 1 3 12 19 11 2 2 13 1 7 14 1 |3 10 8 9 3 7 1 1 1 7 7 1 6 2 3 1 |2 1 1 5 2 1 4 8 1 14 4 1 1 1 1 16 |12 1 1 2 1 1 1 15 19 1 1 7 2 1 2 4 |
7802: 8 10 28 1 1 31 7 9 23 9 14 10 21 49 208 283 |8 6 2 9 2 1 1 7 18 20 6 21 32 2 1 5 |2 2 1 6 11 2 8 11 11 1 1 1 1 5 1 1 |1 1 13 2 16 2 2 21 18 13 13 1 1 1 1 1 |1 1 1 16 9 5 3 1 26 16 12 1 1 1 1 2 |1 8 4 9 9 8 1 5 10 1 1 3 7 1 2 2 |7 13 1 9 1 1 2 17 47 19 9 1 6 1 1 4 |1 13 1 1 2 1 10 36 55 12 5 4 7 1 4 11 |4 7 1 1 1 3 12 19 11 2 2 13 1 7 14 1 |3 10 8 9 3 7 1 1 1 7 7 1 6 2 3 1 |2 1 1 5 2 1 4 8 1 14 4 1 1 1 1 16 |12 1 1 2 1 1 1 15 19 1 1 7 2 1 2 4 |
7813: 8 10 28 1 1 31 7 9 23 9 14 10 21 49 208 283 |8 6 2 9 2 1 1 7 18 20 6 21 32 2 1 5 |2 2 1 6 11 2 8 11 11 1 1 1 1 5 1 1 |1 1 13 2 16 2 2 21 18 13 13 1 1 1 1 1 |1 1 1 16 9 5 3 1 26 16 12 1 1 1 1 2 |1 8 4 9 9 8 1 5 10 1 1 3 7 1 2 2 |8 14 10 8 4 15 22 1 3 1 14 7 10 1 15 1 |1 13 1 1 2 1 10 36 55 12 5 4 7 1 4 11 |4 7 1 1 1 3 12 19 11 2 2 13 1 7 14 1 |3 10 8 9 3 7 1 1 1 7 7 1 6 2 3 1 |2 1 1 5 2 1 4 8 1 14 4 1 1 1 1 16 |12 1 1 2 1 1 1 15 19 1 1 7 2 1 2 4 |
7824: 8 10 28 1 1 31 7 9 23 9 14 10 21 49 208 283 |8 6 2 9 2 1 1 7 18 20 6 21 32 2 1 5 |2 2 1 6 11 2 8 11 11 1 1 1 1 5 1 1 |1 1 13 2 16 2 2 21 18 13 13 1 1 1 1 1 |1 1 1 16 9 5 3 1 26 16 12 1 1 1 1 2 |1 8 4 9 9 8 1 5 10 1 1 3 7 1 2 2 |8 14 10 8 4 15 22 1 3 1 14 7 10 1 15 1 |1 13 1 1 2 1 10 36 55 12 5 4 7 1 4 11 |4 7 1 1 1 3 12 19 11 2 2 13 1 7 14 1 |3 10 8 9 3 7 1 1 1 7 7 1 6 2 3 1 |2 1 1 5 2 1 4 8 1 14 4 1 1 1 1 16 |12 1 1 2 1 1 1 15 19 1 1 7 2 1 2 4 |
7835: 8 10 28 1 1 31 7 9 23 9 14 10 21 49 208 283 |8 6 2 9 2 1 1 7 18 20 6 21 32 2 1 5 |2 2 1 6 11 2 8 11 11 1 1 1 1 5 1 1 |1 1 13 2 16 2 2 21 18 13 13 1 1 1 1 1 |1 1 1 16 9 5 3 1 26 16 12 1 1 1 1 2 |1 8 4 9 9 8 1 5 10 1 1 3 7 1 2 2 |8 14 10 8 4 15 22 1 3 1 14 7 10 1 15 1 |1 13 1 1 2 1 10 36 55 12 5 4 7 1 4 11 |4 7 1 1 1 3 12 19 11 2 2 13 1 7 14 1 |3 10 8 9 3 7 1 1 1 7 7 1 6 2 3 1 |2 1 1 5 2 1 4 8 1 14 4 1 1 1 1 16 |12 1 1 2 1 1 1 15 19 1 1 7 2 1 2 4 |
7846: 8 10 28 1 1 31 7 9 23 9 14 10 21 49 208 283 |8 6 2 9 2 1 1 7 18 20 6 21 32 2 1 5 |2 2 1 6 11 2 8 11 11 1 1 1 1 5 1 1 |1 1 13 2 16 2 2 21 18 13 13 1 1 1 1 1 |1 1 1 16 9 5 3 1 26 16 12 1 1 1 1 2 |1 8 4 9 9 8 1 5 10 1 1 3 7 1 2 2 |8 14 13 10 21 69 69 3 16 1 17 3 17 1 15 1 |1 13 1 1 2 1 10 36 55 12 5 4 7 1 4 11 |4 7 1 1 1 3 12 19 11 2 2 13 1 7 14 1 |3 10 8 9 3 7 1 1 1 7 7 1 6 2 3 1 |2 1 1 5 2 1 4 8 1 14 4 1 1 1 1 16 |12 1 1 2 1 1 1 15 19 1 1 7 2 1 2 4 |
7857: 8 10 28 1 1 31 7 9 23 9 14 10 21 49 208 283 |8 6 2 9 2 1 1 7 18 20 6 21 32 2 1 5 |2 2 1 6 11 2 8 11 11 1 1 1 1 5 1 1 |1 1 13 2 16 2 2 21 18 13 13 1 1 1 1 1 |1 1 1 16 9 5 3 1 26 16 12 1 1 1 1 2 |1 8 4 9 9 8 1 5 10 1 1 3 7 1 2 2 |8 14 13 10 21 69 69 3 16 1 17 3 17 1 15 1 |1 13 1 1 2 1 10 36 55 12 5 4 7 1 4 11 |4 7 1 1 1 3 12 19 11 2 2 13 1 7 14 1 |3 10 8 9 3 7 1 1 1 7 7 1 6 2 3 1 |2 1 1 5 2 1 4 8 1 14 4 1 1 1 1 16 |12 1 1 2 1 1 1 15 19 1 1 7 2 1 2 4 |
7868: 8 10 28 1 1 31 7 9 23 9 14 10 21 49 208 283 |8 6 2 9 2 1 1 7 18 20 6 21 32 2 1 5 |2 2 1 6 11 2 8 11 11 1 1 1 1 5 1 1 |1 1 13 2 16 2 2 21 18 13 13 1 1 1 1 1 |1 1 1 16 9 5 3 1 26 16 12 1 1 1 1 2 |1 8 4 9 9 8 1 5 10 1 1 3 7 1 2 2 |8 14 13 10 21 69 69 3 16 1 17 3 17 1 15 1 |1 13 1 1 2 1 10 36 55 12 5 4 7 1 4 11 |4 7 1 1 1 3 12 19 11 2 2 13 1 7 14 1 |3 10 8 9 3 7 1 1 1 7 7 1 6 2 3 1 |2 1 1 5 2 1 4 8 1 14 4 1 1 1 1 16 |12 1 1 2 1 1 1 15 19 1 1 7 2 1 2 4 |
7879: 8 10 28 1 1 31 7 9 23 9 14 10 21 49 208 283 |8 6 2 9 2 1 1 7 18 20 6 21 32 2 1 5 |2 2 1 6 11 2 8 11 11 1 1 1 1 5 1 1 |1 1 13 2 16 2 2 21 18 13 13 1 1 1 1 1 |1 1 1 16 9 5 3 1 26 16 12 1 1 1 1 2 |1 8 4 9 9 8 1 5 10 1 1 3 7 1 2 2 |8 14 13 10 21 69 69 3 16 1 17 3 17 1 15 1 |1 13 1 1 2 1 10 36 55 12 5 4 7 1 4 11 |4 7 1 1 1 3 12 19 11 2 2 13 1 7 14 1 |3 10 8 9 3 7 1 1 1 7 7 1 6 2 3 1 |2 1 1 5 2 1 4 8 1 14 4 1 1 1 1 16 |12 1 1 2 1 1 1 15 19 1 1 7 2 1 2 4 |
7889: 8 10 28 1 1 31 7 9 23 9 14 10 21 49 208 283 |8 6 2 9 2 1 1 7 18 20 6 21 32 2 1 5 |2 2 1 6 11 2 8 11 11 1 1 1 1 5 1 1 |1 1 13 2 16 2 2 21 18 13 13 1 1 1 1 1 |1 1 1 16 9 5 3 1 26 16 12 1 1 1 1 2 |1 8 4 9 9 8 1 5 10 1 1 3 7 1 2 2 |8 14 13 10 21 69 69 3 16 1 17 3 17 1 15 1 |1 13 1 1 2 1 10 36 55 12 5 4 7 1 4 11 |4 7 1 1 1 3 12 19 11 2 2 13 1 7 14 1 |3 10 8 9 3 7 1 1 1 7 7 1 6 2 3 1 |2 1 1 5 2 1 4 8 1 14 4 1 1 1 1 16 |12 1 1 2 1 1 1 15 19 1 1 7 2 1 2 4 |
7900: 8 10 28 1 1 31 7 9 23 9 14 10 21 49 208 283 |8 6 2 9 2 1 1 7 18 20 6 21 32 2 1 5 |2 2 1 6 11 2 8 11 11 1 1 1 1 5 1 1 |1 1 13 2 16 2 2 21 18 13 13 1 1 1 1 1 |1 1 1 16 9 5 3 1 26 16 12 1 1 1 1 2 |1 8 4 9 9 8 1 5 10 1 1 3 7 1 2 2 |8 14 13 10 21 69 69 3 16 1 17 3 17 1 15 1 |1 13 1 1 2 1 10 36 55 12 5 4 7 1 4 11 |4 7 1 1 1 3 12 19 11 2 2 13 1 7 14 1 |3 10 8 9 3 7 1 1 1 7 7 1 6 2 3 1 |2 1 1 5 2 1 4 8 1 14 4 1 1 1 1 16 |12 1 1 2 1 1 1 15 19 1 1 7 2 1 2 4 |
7910: 8 10 28 1 1 31 7 9 23 9 14 10 21 49 208 283 |8 6 2 9 2 1 1 7 18 20 6 21 32 2 1 5 |2 2 1 6 11 2 8 11 11 1 1 1 1 5 1 1 |1 1 13 2 16 2 2 21 18 13 13 1 1 1 1 1 |1 1 1 16 9 5 3 1 26 16 12 1 1 1 1 2 |2 13 1 21 18 28 1 4 9 1 2 2 1 3 1 1 |8 14 13 10 21 69 69 3 16 1 17 3 17 1 15 1 |1 13 1 1 2 1 10 36 55 12 5 4 7 1 4 11 |4 7 1 1 1 3 12 19 11 2 2 13 1 7 14 1 |3 10 8 9 3 7 1 1 1 7 7 1 6 2 3 1 |2 1 1 5 2 1 4 8 1 14 4 1 1 1 1 16 |12 1 1 2 1 1 1 15 19 1 1 7 2 1 2 4 |
7921: 8 10 28 1 1 31 7 9 23 9 14 10 21 49 208 283 |8 6 2 9 2 1 1 7 18 20 6 21 32 2 1 5 |2 2 1 6 11 2 8 11 11 1 1 1 1 5 1 1 |1 1 13 2 16 2 2 21 18 13 13 1 1 1 1 1 |1 1 1 16 9 5 3 1 26 16 12 1 1 1 1 2 |2 13 1 21 18 28 1 4 9 1 2 2 1 3 1 1 |8 14 13 10 21 69 69 3 16 1 17 3 17 1 15 1 |1 13 1 1 2 1 10 36 55 12 5 4 7 1 4 11 |4 7 1 1 1 3 12 19 11 2 2 13 1 7 14 1 |3 10 8 9 3 7 1 1 1 7 7 1 6 2 3 1 |2 1 1 5 2 1 4 8 1 14 4 1 1 1 1 16 |12 1 1 2 1 1 1 15 19 1 1 7 2 1 2 4 |
7931: 8 10 28 1 1 31 7 9 23 9 14 10 21 49 208 283 |8 6 2 9 2 1 1 7 18 20 6 21 32 2 1 5 |2 2 1 6 11 2 8 11 11 1 1 1 1 5 1 1 |1 1 13 2 16 2 2 21 18 13 13 1 1 1 1 1 |1 1 1 16 9 5 3 1 26 16 12 1 1 1 1 2 |2 13 1 21 18 28 1 4 9 1 2 2 1 3 1 1 |8 14 13 10 21 69 69 3 16 1 17 3 17 1 15 1 |1 13 1 1 2 1 10 36 55 12 5 4 7 1 4 11 |4 7 1 1 1 3 12 19 11 2 2 13 1 7 14 1 |3 10 8 9 3 7 1 1 1 7 7 1 6 2 3 1 |2 1 1 5 2 1 4 8 1 14 4 1 1 1 1 16 |12 1 1 2 1 1 1 15 19 1 1 7 2 1 2 4 |
7941: 8 10 28 1 1 31 7 9 23 9 14 10 21 49 208 283 |8 6 2 9 2 1 1 7 18 20 6 21 32 2 1 5 |2 2 1 6 11 2 8 11 11 1 1 1 1 5 1 1 |1 2 15 1 12 11 9 13 1 1 14 1 1 1 1 1 |1 1 1 16 9 5 3 1 26 16 12 1 1 1 1 2 |2 13 1 21 18 28 1 4 9 1 2 2 1 3 1 1 |8 14 13 10 21 69 69 3 16 1 17 3 17 1 15 1 |1 13 1 1 2 1 10 36 55 12 5 4 7 1 4 11 |4 7 1 1 1 3 12 19 11 2 2 13 1 7 14 1 |3 10 8 9 3 7 1 1 1 7 7 1 6 2 3 1 |2 1 1 5 2 1 4 8 1 14 4 1 1 1 1 16 |12 1 1 2 1 1 1 15 19 1 1 7 2 1 2 4 |
7952: 8 10 28 1 1 31 7 9 23 9 14 10 21 49 208 283 |8 6 2 9 2 1 1 7 18 20 6 21 32 2 1 5 |2 2 1 6 11 2 8 11 11 1 1 1 1 5 1 1 |1 2 15 1 12 11 9 13 1 1 14 1 1 1 1 1 |1 1 1 16 9 5 3 1 26 16 12 1 1 1 1 2 |2 13 1 21 18 28 1 4 9 1 2 2 1 3 1 1 |8 14 13 10 21 69 69 3 16 1 17 3 17 1 15 1 |1 13 1 1 2 1 10 36 55 12 5 4 7 1 4 11 |4 7 1 1 1 3 12 19 11 2 2 13 1 7 14 1 |3 10 8 9 3 7 1 1 1 7 7 1 6 2 3 1 |2 1 1 5 2 1 4 8 1 14 4 1 1 1 1 16 |12 1 1 2 1 1 1 15 19 1 1 7 2 1 2 4 |
7963: 8 10 28 1 1 31 7 9 23 9 14 10 21 49 208 283 |8 6 2 9 2 1 1 7 18 20 6 21 32 2 1 5 |2 2 1 6 11 2 8 11 11 1 1 1 1 5 1 1 |1 2 15 1 12 11 9 13 1 1 14 1 1 1 1 1 |1 1 1 16 9 5 3 1 26 16 12 1 1 1 1 2 |2 13 1 21 18 28 1 4 9 1 2 2 1 3 1 1 |8 14 13 10 21 69 69 3 16 1 17 3 17 1 15 1 |1 13 1 1 2 1 10 36 55 12 5 4 7 1 4 11 |4 7 1 1 1 3 12 19 11 2 2 13 1 7 14 1 |3 10 8 9 3 7 1 1 1 7 7 1 6 2 3 1 |2 1 1 5 2 1 4 8 1 14 4 1 1 1 1 16 |12 1 1 2 1 1 1 15 19 1 1 7 2 1 2 4 |
7973: 8 10 28 1 1 31 7 9 23 9 14 10 21 49 208 283 |7 8 3 10 3 1 1 1 1 4 10 7 23 1 5 5 |2 2 1 6 11 2 8 11 11 1 1 1 1 5 1 1 |1 2 15 1 12 11 9 13 1 1 14 1 1 1 1 1 |1 1 1 16 9 5 3 1 26 16 12 1 1 1 1 2 |2 13 1 21 18 28 1 4 9 1 2 2 1 3 1 1 |8 14 13 10 21 69 69 3 16 1 17 3 17 1 15 1 |1 13 1 1 2 1 10 36 55 12 5 4 7 1 4 11 |4 7 1 1 1 3 12 19 11 2 2 13 1 7 14 1 |3 10 8 9 3 7 1 1 1 7 7 1 6 2 3 1 |2 1 1 5 2 1 4 8 1 14 4 1 1 1 1 16 |12 1 1 2 1 1 1 15 19 1 1 7 2 1 2 4 |
7983: 8 10 28 1 1 31 7 9 23 9 14 10 21 49 208 283 |7 8 3 10 3 1 1 1 1 4 10 7 23 1 5 5 |2 2 1 6 11 2 8 11 11 1 1 1 1 5 1 1 |1 2 15 1 12 11 9 13 1 1 14 1 1 1 1 1 |1 1 1 16 9 5 3 1 26 16 12 1 1 1 1 2 |2 13 1 21 18 28 1 4 9 1 2 2 1 3 1 1 |8 14 13 10 21 69 69 3 16 1 17 3 17 1 15 1 |1 13 1 1 2 1 10 36 55 12 5 4 7 1 4 11 |8 3 14 2 18 122 79 18 7 17 2 13 1 1 17 3 |3 10 8 9 3 7 1 1 1 7 7 1 6 2 3 1 |2 1 1 5 2 1 4 8 1 14 4 1 1 1 1 16 |12 1 1 2 1 1 1 15 19 1 1 7 2 1 2 4 |
7994: 8 10 28 1 1 31 7 9 23 9 14 10 21 49 208 283 |7 8 3 10 3 1 1 1 1 4 10 7 23 1 5 5 |2 2 1 6 11 2 8 11 11 1 1 1 1 5 1 1 |1 2 15 1 12 11 9 13 1 1 14 1 1 1 1 1 |1 1 1 16 9 5 3 1 26 16 12 1 1 1 1 2 |2 13 1 21 18 28 1 4 9 1 2 2 1 3 1 1 |8 14 13 10 21 69 69 3 16 1 17 3 17 1 15 1 |1 13 1 1 2 1 10 36 55 12 5 4 7 1 4 11 |8 3 14 2 18 122 79 18 7 17 2 13 1 1 17 3 |1 10 13 9 1 20 10 3 1 9 15 1 6 2 15 1 |2 1 1 5 2 1 4 8 1 14 4 1 1 1 1 16 |12 1 1 2 1 1 1 15 19 1 1 7 2 1 2 4 |
8004: 8 10 28 1 1 31 7 9 23 9 14 10 21 49 208 283 |7 8 3 10 3 1 1 1 1 4 10 7 23 1 5 5 |2 2 1 6 11 2 8 11 11 1 1 1 1 5 1 1 |1 2 15 1 12 11 9 13 1 1 14 1 1 1 1 1 |1 1 1 16 9 5 3 1 26 16 12 1 1 1 1 2 |2 13 1 21 18 28 1 4 9 1 2 2 1 3 1 1 |8 14 13 10 21 69 69 3 16 1 17 3 17 1 15 1 |1 13 1 1 2 1 10 36 55 12 5 4 7 1 4 11 |8 3 14 2 18 122 79 18 7 17 2 13 1 1 17 3 |1 10 13 9 1 20 10 3 1 9 15 1 6 2 15 1 |2 1 1 5 2 1 4 8 1 14 4 1 1 1 1 16 |12 1 1 2 1 1 1 15 19 1 1 7 2 1 2 4 |
8015: 8 10 28 1 1 31 7 9 23 9 14 10 21 49 208 283 |7 8 3 10 3 1 1 1 1 4 10 7 23 1 5 5 |2 2 1 6 11 2 8 11 11 1 1 1 1 5 1 1 |1 2 15 1 12 11 9 13 1 1 14 1 1 1 1 1 |1 1 1 16 9 5 3 1 26 16 12 1 1 1 1 2 |2 13 1 21 18 28 1 4 9 1 2 2 1 3 1 1 |8 14 13 10 21 69 69 3 16 1 17 3 17 1 15 1 |1 13 1 1 2 1 10 36 55 12 5 4 7 1 4 11 |8 3 14 2 18 122 79 18 7 17 2 13 1 1 17 3 |1 10 13 9 1 20 10 3 1 9 15 1 6 2 15 1 |2 1 1 5 2 1 4 8 1 14 4 1 1 1 1 16 |12 1 1 2 1 1 1 15 19 1 1 7 2 1 2 4 |
8026: 8 10 28 1 1 31 7 9 23 9 14 10 21 49 208 283 |7 8 3 10 3 1 1 1 1 4 10 7 23 1 5 5 |2 2 1 6 11 2 8 11 11 1 1 1 1 5 1 1 |1 2 15 1 12 11 9 13 1 1 14 1 1 1 1 1 |1 1 1 16 9 5 3 1 26 16 12 1 1 1 1 2 |2 13 1 21 18 28 1 4 9 1 2 2 1 3 1 1 |8 14 13 10 21 69 69 3 16 1 17 3 17 1 15 1 |1 13 1 1 2 1 10 36 55 12 5 4 7 1 4 11 |8 3 14 2 18 122 79 18 7 17 2 13 1 1 17 3 |1 10 13 9 1 20 10 3 1 9 15 1 6 2 15 1 |2 1 1 5 2 1 4 8 1 14 4 1 1 1 1 16 |12 1 1 2 1 1 1 15 19 1 1 7 2 1 2 4 |
8037: 8 10 28 1 1 31 7 9 23 9 14 10 21 49 208 283 |7 8 3 10 3 1 1 1 1 4 10 7 23 1 5 5 |2 2 1 6 11 2 8 11 11 1 1 1 1 5 1 1 |1 2 15 1 12 11 9 13 1 1 14 1 1 1 1 1 |1 1 1 16 9 5 3 1 26 16 12 1 1 1 1 2 |2 13 1 21 18 28 1 4 9 1 2 2 1 3 1 1 |8 14 13 10 21 69 69 3 16 1 17 3 17 1 15 1 |1 13 1 1 2 1 10 36 55 12 5 4 7 1 4 11 |8 3 14 2 18 122 79 18 7 17 2 13 1 1 17 3 |1 10 13 9 1 20 10 3 1 9 15 1 6 2 15 1 |2 1 1 5 2 1 4 8 1 14 4 1 1 1 1 16 |12 1 1 2 1 1 1 15 19 1 1 7 2 1 2 4 |
8048: 8 10 28 1 1 31 7 9 23 9 14 10 21 49 208 283 |7 8 3 10 3 1 1 1 1 4 10 7 23 1 5 5 |2 2 1 6 11 2 8 11 11 1 1 1 1 5 1 1 |1 2 15 1 12 11 9 13 1 1 14 1 1 1 1 1 |1 1 1 16 9 5 3 1 26 16 12 1 1 1 1 2 |2 13 1 21 18 28 1 4 9 1 2 2 1 3 1 1 |8 14 13 10 21 69 69 3 16 1 17 3 17 1 15 1 |1 13 1 1 2 1 10 36 55 12 5 4 7 1 4 11 |8 3 14 2 18 122 79 18 7 17 2 13 1 1 17 3 |1 10 13 9 1 20 10 3 1 9 15 1 6 2 15 1 |2 1 1 5 2 1 4 8 1 14 4 1 1 1 1 16 |12 1 1 2 1 1 1 15 19 1 1 7 2 1 2 4 |
8058: 8 10 28 1 1 31 7 9 23 9 14 10 21 49 208 283 |7 8 3 10 3 1 1 1 1 4 10 7 23 1 5 5 |2 2 1 6 11 2 8 11 11 1 1 1 1 5 1 1 |1 2 15 1 12 11 9 13 1 1 14 1 1 1 1 1 |1 1 1 16 9 5 3 1 26 16 12 1 1 1 1 2 |2 13 1 21 18 28 1 4 9 1 2 2 1 3 1 1 |8 14 13 10 21 69 69 3 16 1 17 3 17 1 15 1 |1 13 1 1 2 1 10 36 55 12 5 4 7 1 4 11 |8 3 14 2 18 122 79 18 7 17 2 13 1 1 17 3 |1 10 13 9 1 20 10 3 1 9 15 1 6 2 15 1 |2 1 1 5 2 1 4 8 1 14 4 1 1 1 1 16 |12 1 1 2 1 1 1 15 19 1 1 7 2 1 2 4 |
8068: 8 10 28 1 1 31 7 9 23 9 14 10 21 49 208 283 |7 8 3 10 3 1 1 1 1 4 10 7 23 1 5 5 |2 2 1 6 11 2 8 11 11 1 1 1 1 5 1 1 |1 2 15 1 12 11 9 13 1 1 14 1 1 1 1 1 |1 1 1 16 9 5 3 1 26 16 12 1 1 1 1 2 |2 13 1 21 18 28 1 4 9 1 2 2 1 3 1 1 |8 14 13 10 21 69 69 3 16 1 17 3 17 1 15 1 |1 13 1 1 2 1 10 36 55 12 5 4 7 1 4 11 |8 3 14 2 18 122 79 18 7 17 2 13 1 1 17 3 |1 10 13 9 1 20 10 3 1 9 15 1 6 2 15 1 |2 1 1 5 2 1 4 8 1 14 4 1 1 1 1 16 |12 1 1 2 1 1 1 15 19 1 1 7 2 1 2 4 |
8079: 8 10 28 1 1 31 7 9 23 9 14 10 21 49 208 283 |7 8 3 10 3 1 1 1 1 4 10 7 23 1 5 5 |2 2 1 6 11 2 8 11 11 1 1 1 1 5 1 1 |1 2 15 1 12 11 9 13 1 1 14 1 1 1 1 1 |1 1 1 16 9 5 3 1 26 16 12 1 1 1 1 2 |1 17 9 10 28 19 1 15 9 1 1 1 1 6 1 1 |8 14 13 10 21 69 69 3 16 1 17 3 17 1 15 1 |1 13 1 1 2 1 10 36 55 12 5 4 7 1 4 11 |8 3 14 2 18 122 79 18 7 17 2 13 1 1 17 3 |1 10 13 9 1 20 10 3 1 9 15 1 6 2 15 1 |2 1 1 5 2 1 4 8 1 14 4 1 1 1 1 16 |12 1 1 2 1 1 1 15 19 1 1 7 2 1 2 4 |
8089: 8 10 28 1 1 31 7 9 23 9 14 10 21 49 208 283 |7 8 3 10 3 1 1 1 1 4 10 7 23 1 5 5 |2 2 1 6 11 2 8 11 11 1 1 1 1 5 1 1 |1 2 15 1 12 11 9 13 1 1 14 1 1 1 1 1 |1 1 1 16 9 5 3 1 26 16 12 1 1 1 1 2 |1 17 9 10 28 19 1 15 9 1 1 1 1 6 1 1 |8 14 13 10 21 69 69 3 16 1 17 3 17 1 15 1 |1 13 1 1 2 1 10 36 55 12 5 4 7 1 4 11 |8 3 14 2 18 122 79 18 7 17 2 13 1 1 17 3 |1 10 13 9 1 20 10 3 1 9 15 1 6 2 15 1 |2 1 1 5 2 1 4 8 1 14 4 1 1 1 1 16 |12 1 1 2 1 1 1 15 19 1 1 7 2 1 2 4 |
8100: 8 10 28 1 1 31 7 9 23 9 14 10 21 49 208 283 |7 8 3 10 3 1 1 1 1 4 10 7 23 1 5 5 |2 2 1 6 11 2 8 11 11 1 1 1 1 5 1 1 |1 2 15 1 12 11 9 13 1 1 14 1 1 1 1 1 |1 1 1 16 9 5 3 1 26 16 12 1 1 1 1 2 |1 17 9 10 28 19 1 15 9 1 1 1 1 6 1 1 |8 14 13 10 21 69 69 3 16 1 17 3 17 1 15 1 |1 13 1 1 2 1 10 36 55 12 5 4 7 1 4 11 |8 3 14 2 18 122 79 18 7 17 2 13 1 1 17 3 |1 10 13 9 1 20 10 3 1 9 15 1 6 2 15 1 |2 1 1 5 2 1 4 8 1 14 4 1 1 1 1 16 |12 1 1 2 1 1 1 15 19 1 1 7 2 1 2 4 |
8111: 8 10 28 1 1 31 7 9 23 9 14 10 21 49 208 283 |7 8 3 10 3 1 1 1 1 4 10 7 23 1 5 5 |2 2 1 6 11 2 8 11 11 1 1 1 1 5 1 1 |1 2 15 1 12 11 9 13 1 1 14 1 1 1 1 1 |1 1 8 15 25 8 6 3 7 9 1 2 5 1 1 1 |1 17 9 10 28 19 1 15 9 1 1 1 1 6 1 1 |8 14 13 10 21 69 69 3 16 1 17 3 17 1 15 1 |1 13 1 1 2 1 10 36 55 12 5 4 7 1 4 11 |8 3 14 2 18 122 79 18 7 17 2 13 1 1 17 3 |1 10 13 9 1 20 10 3 1 9 15 1 6 2 15 1 |2 1 1 5 2 1 4 8 1 14 4 1 1 1 1 16 |12 1 1 2 1 1 1 15 19 1 1 7 2 1 2 4 |
8122: 8 10 28 1 1 31 7 9 23 9 14 10 21 49 208 283 |7 8 3 10 3 1 1 1 1 4 10 7 23 1 5 5 |2 2 1 6 11 2 8 11 11 1 1 1 1 5 1 1 |1 2 15 1 12 11 9 13 1 1 14 1 1 1 1 1 |1 1 8 15 25 8 6 3 7 9 1 2 5 1 1 1 |1 17 9 10 28 19 1 15 9 1 1 1 1 6 1 1 |8 14 13 10 21 69 69 3 16 1 17 3 17 1 15 1 |1 13 1 1 2 1 10 36 55 12 5 4 7 1 4 11 |8 3 14 2 18 122 79 18 7 17 2 13 1 1 17 3 |1 10 13 9 1 20 10 3 1 9 15 1 6 2 15 1 |2 1 1 5 2 1 4 8 1 14 4 1 1 1 1 16 |12 1 1 2 1 1 1 15 19 1 1 7 2 1 2 4 |
8133: 8 10 28 1 1 31 7 9 23 9 14 10 21 49 208 283 |7 8 3 10 3 1 1 1 1 4 10 7 23 1 5 5 |2 2 1 6 11 2 8 11 11 1 1 1 1 5 1 1 |1 2 15 1 12 11 9 13 1 1 14 1 1 1 1 1 |1 1 8 15 25 8 6 3 7 9 1 2 5 1 1 1 |1 17 9 10 28 19 1 15 9 1 1 1 1 6 1 1 |8 14 13 10 21 69 69 3 16 1 17 3 17 1 15 1 |1 13 1 1 2 1 10 36 55 12 5 4 7 1 4 11 |8 3 14 2 18 122 79 18 7 17 2 13 1 1 17 3 |1 10 13 9 1 20 10 3 1 9 15 1 6 2 15 1 |2 1 1 5 2 1 4 8 1 14 4 1 1 1 1 16 |12 1 1 2 1 1 1 15 19 1 1 7 2 1 2 4 |
8144: 8 10 28 1 1 31 7 9 23 9 14 10 21 49 208 283 |7 8 3 10 3 1 1 1 1 4 10 7 23 1 5 5 |2 2 1 6 11 2 8 11 11 1 1 1 1 5 1 1 |1 2 15 1 12 11 9 13 1 1 14 1 1 1 1 1 |1 2 1 15 21 8 5 1 8 14 12 1 1 1 1 1 |1 17 9 10 28 19 1 15 9 1 1 1 1 6 1 1 |8 14 13 10 21 69 69 3 16 1 17 3 17 1 15 1 |1 13 1 1 2 1 10 36 55 12 5 4 7 1 4 11 |8 3 14 2 18 122 79 18 7 17 2 13 1 1 17 3 |1 10 13 9 1 20 10 3 1 9 15 1 6 2 15 1 |2 1 1 5 2 1 4 8 1 14 4 1 1 1 1 16 |12 1 1 2 1 1 1 15 19 1 1 7 2 1 2 4 |
8155: 8 10 28 1 1 31 7 9 23 9 14 10 21 49 208 283 |7 8 3 10 3 1 1 1 1 4 10 7 23 1 5 5 |2 2 1 6 11 2 8 11 11 1 1 1 1 5 1 1 |1 2 15 1 12 11 9 13 1 1 14 1 1 1 1 1 |1 2 1 15 21 8 5 1 8 14 12 1 1 1 1 1 |1 17 9 10 28 19 1 15 9 1 1 1 1 6 1 1 |8 14 13 10 21 69 69 3 16 1 17 3 17 1 15 1 |1 13 1 1 2 1 10 36 55 12 5 4 7 1 4 11 |8 3 14 2 18 122 79 18 7 17 2 13 1 1 17 3 |1 10 13 9 1 20 10 3 1 9 15 1 6 2 15 1 |2 1 1 5 2 1 4 8 1 14 4 1 1 1 1 16 |12 1 1 18 2 9 1 14 4 1 1 1 3 2 2 4 |
8165: 8 10 28 1 1 31 7 9 23 9 14 10 21 49 208 283 |7 8 3 10 3 1 1 1 1 4 10 7 23 1 5 5 |2 2 1 6 11 2 8 11 11 1 1 1 1 5 1 1 |1 2 15 1 12 11 9 13 1 1 14 1 1 1 1 1 |1 2 1 15 21 8 5 1 8 14 12 1 1 1 1 1 |1 17 9 10 28 19 1 15 9 1 1 1 1 6 1 1 |8 14 13 10 21 69 69 3 16 1 17 3 17 1 15 1 |1 13 1 1 2 1 10 36 55 12 5 4 7 1 4 11 |8 3 14 2 18 122 79 18 7 17 2 13 1 1 17 3 |1 10 13 9 1 20 10 3 1 9 15 1 6 2 15 1 |2 1 1 5 2 1 4 8 1 14 4 1 1 1 1 16 |12 1 1 18 2 9 1 14 4 1 1 1 3 2 2 4 |
8175: 8 10 28 1 1 31 7 9 23 9 14 10 21 49 208 283 |7 8 3 10 3 1 1 1 1 4 10 7 23 1 5 5 |1 6 15 2 10 9 12 19 8 1 1 6 1 1 1 3 |1 2 15 1 12 11 9 13 1 1 14 1 1 1 1 1 |1 2 1 15 21 8 5 1 8 14 12 1 1 1 1 1 |1 17 9 10 28 19 1 15 9 1 1 1 1 6 1 1 |8 14 13 10 21 69 69 3 16 1 17 3 17 1 15 1 |1 13 1 1 2 1 10 36 55 12 5 4 7 1 4 11 |8 3 14 2 18 122 79 18 7 17 2 13 1 1 17 3 |1 10 13 9 1 20 10 3 1 9 15 1 6 2 15 1 |2 1 1 5 2 1 4 8 1 14 4 1 1 1 1 16 |12 1 1 18 2 9 1 14 4 1 1 1 3 2 2 4 |
8186: 8 10 28 1 1 31 7 9 23 9 14 10 21 49 208 283 |7 8 3 10 3 1 1 1 1 4 10 7 23 1 5 5 |1 6 15 2 10 9 12 19 8 1 1 6 1 1 1 3 |1 2 15 1 12 11 9 13 1 1 14 1 1 1 1 1 |1 2 1 15 21 8 5 1 8 14 12 1 1 1 1 1 |1 17 9 10 28 19 1 15 9 1 1 1 1 6 1 1 |8 14 13 10 21 69 69 3 16 1 17 3 17 1 15 1 |1 13 1 1 2 1 10 36 55 12 5 4 7 1 4 11 |6 7 5 1 23 16 23 7 19 8 1 7 3 3 15 1 |1 10 13 9 1 20 10 3 1 9 15 1 6 2 15 1 |2 1 1 5 2 1 4 8 1 14 4 1 1 1 1 16 |12 1 1 18 2 9 1 14 4 1 1 1 3 2 2 4 |
8197: 8 10 28 1 1 31 7 9 23 9 14 10 21 49 208 283 |7 8 3 10 3 1 1 1 1 4 10 7 23 1 5 5 |1 6 15 2 10 9 12 19 8 1 1 6 1 1 1 3 |1 2 15 1 12 11 9 13 1 1 14 1 1 1 1 1 |1 2 1 15 21 8 5 1 8 14 12 1 1 1 1 1 |1 17 9 10 28 19 1 15 9 1 1 1 1 6 1 1 |8 14 13 10 21 69 69 3 16 1 17 3 17 1 15 1 |1 13 1 1 2 1 10 36 55 12 5 4 7 1 4 11 |6 7 5 1 23 16 23 7 19 8 1 7 3 3 15 1 |1 10 13 9 1 20 10 3 1 9 15 1 6 2 15 1 |2 1 1 5 2 1 4 8 1 14 4 1 1 1 1 16 |12 1 1 18 2 9 1 14 4 1 1 1 3 2 2 4 |
8207: 8 10 28 1 1 31 7 9 23 9 14 10 21 49 208 283 |5 6 2 9 2 1 3 2 1 4 10 11 22 1 1 5 |1 6 15 2 10 9 12 19 8 1 1 6 1 1 1 3 |1 2 15 1 12 11 9 13 1 1 14 1 1 1 1 1 |1 2 1 15 21 8 5 1 8 14 12 1 1 1 1 1 |1 17 9 10 28 19 1 15 9 1 1 1 1 6 1 1 |8 14 13 10 21 69 69 3 16 1 17 3 17 1 15 1 |1 13 1 1 2 1 10 36 55 12 5 4 7 1 4 11 |6 7 5 1 23 16 23 7 19 8 1 7 3 3 15 1 |1 10 13 9 1 20 10 3 1 9 15 1 6 2 15 1 |2 1 1 5 2 1 4 8 1 14 4 1 1 1 1 16 |12 1 1 18 2 9 1 14 4 1 1 1 3 2 2 4 |
8218: 8 10 28 1 1 31 7 9 23 9 14 10 21 49 208 283 |5 6 2 9 2 1 3 2 1 4 10 11 22 1 1 5 |1 6 15 2 10 9 12 19 8 1 1 6 1 1 1 3 |1 2 15 1 12 11 9 13 1 1 14 1 1 1 1 1 |1 2 1 15 21 8 5 1 8 14 12 1 1 1 1 1 |1 17 9 10 28 19 1 15 9 1 1 1 1 6 1 1 |8 14 13 10 21 69 69 3 16 1 17 3 17 1 15 1 |1 13 1 1 2 1 10 36 55 12 5 4 7 1 4 11 |2 8 5 3 12 1 6 4 17 8 2 13 2 9 13 1 |1 10 13 9 1 20 10 3 1 9 15 1 6 2 15 1 |2 1 1 5 2 1 4 8 1 14 4 1 1 1 1 16 |12 1 1 18 2 9 1 14 4 1 1 1 3 2 2 4 |
8228: 8 10 28 1 1 31 7 9 23 9 14 10 21 49 208 283 |5 6 2 9 2 1 3 2 1 4 10 11 22 1 1 5 |1 6 15 2 10 9 12 19 8 1 1 6 1 1 1 3 |1 2 15 1 12 11 9 13 1 1 14 1 1 1 1 1 |1 2 1 15 21 8 5 1 8 14 12 1 1 1 1 1 |1 17 9 10 28 19 1 15 9 1 1 1 1 6 1 1 |8 14 13 10 21 69 69 3 16 1 17 3 17 1 15 1 |1 13 1 1 2 1 10 36 55 12 5 4 7 1 4 11 |2 8 5 3 12 1 6 4 17 8 2 13 2 9 13 1 |1 10 13 9 1 20 10 3 1 9 15 1 6 2 15 1 |2 1 1 5 2 1 4 8 1 14 4 1 1 1 1 16 |12 1 1 18 2 9 1 14 4 1 1 1 3 2 2 4 |
8239: 8 10 28 1 1 31 7 9 23 9 14 10 21 49 208 283 |5 6 2 9 2 1 3 2 1 4 10 11 22 1 1 5 |1 6 15 2 10 9 12 19 8 1 1 6 1 1 1 3 |1 2 15 1 12 11 9 13 1 1 14 1 1 1 1 1 |1 2 1 15 21 8 5 1 8 14 12 1 1 1 1 1 |1 17 9 10 28 19 1 15 9 1 1 1 1 6 1 1 |8 14 13 10 21 69 69 3 16 1 17 3 17 1 15 1 |1 13 1 1 2 1 10 36 55 12 5 4 7 1 4 11 |2 8 5 3 12 1 6 4 17 8 2 13 2 9 13 1 |1 10 13 9 1 20 10 3 1 9 15 1 6 2 15 1 |2 1 1 5 2 1 4 8 1 14 4 1 1 1 1 16 |12 1 1 18 2 9 1 14 4 1 1 1 3 2 2 4 |
8249: 8 10 28 1 1 31 7 9 23 9 14 10 21 49 208 283 |5 6 2 9 2 1 3 2 1 4 10 11 22 1 1 5 |1 6 15 2 10 9 12 19 8 1 1 6 1 1 1 3 |1 2 15 1 12 11 9 13 1 1 14 1 1 1 1 1 |1 2 1 15 21 8 5 1 8 14 12 1 1 1 1 1 |1 17 9 10 28 19 1 15 9 1 1 1 1 6 1 1 |7 6 9 2 1 1 2 12 13 1 15 9 10 1 15 1 |1 13 1 1 2 1 10 36 55 12 5 4 7 1 4 11 |2 8 5 3 12 1 6 4 17 8 2 13 2 9 13 1 |1 10 13 9 1 20 10 3 1 9 15 1 6 2 15 1 |2 1 1 5 2 1 4 8 1 14 4 1 1 1 1 16 |12 1 1 18 2 9 1 14 4 1 1 1 3 2 2 4 |
8259: 8 10 28 1 1 31 7 9 23 9 14 10 21 49 208 283 |5 6 2 9 2 1 3 2 1 4 10 11 22 1 1 5 |1 6 15 2 10 9 12 19 8 1 1 6 1 1 1 3 |1 2 15 1 12 11 9 13 1 1 14 1 1 1 1 1 |1 2 1 15 21 8 5 1 8 14 12 1 1 1 1 1 |1 17 9 10 28 19 1 15 9 1 1 1 1 6 1 1 |7 6 9 2 1 1 2 12 13 1 15 9 10 1 15 1 |1 13 1 1 2 1 10 36 55 12 5 4 7 1 4 11 |2 8 5 3 12 1 6 4 17 8 2 13 2 9 13 1 |1 10 13 9 1 20 10 3 1 9 15 1 6 2 15 1 |2 1 1 5 2 1 4 8 1 14 4 1 1 1 1 16 |12 1 1 18 2 9 1 14 4 1 1 1 3 2 2 4 |
8269: 8 10 28 1 1 31 7 9 23 9 14 10 21 49 208 283 |5 6 2 9 2 1 3 2 1 4 10 11 22 1 1 5 |1 6 15 2 10 9 12 19 8 1 1 6 1 1 1 3 |1 2 15 1 12 11 9 13 1 1 14 1 1 1 1 1 |1 2 1 15 21 8 5 1 8 14 12 1 1 1 1 1 |1 17 9 10 28 19 1 15 9 1 1 1 1 6 1 1 |7 6 9 2 1 1 2 12 13 1 15 9 10 1 15 1 |1 13 1 1 2 1 10 36 55 12 5 4 7 1 4 11 |2 8 5 3 12 1 6 4 17 8 2 13 2 9 13 1 |1 10 13 9 1 20 10 3 1 9 15 1 6 2 15 1 |2 1 1 5 2 1 4 8 1 14 4 1 1 1 1 16 |12 1 1 18 2 9 1 14 4 1 1 1 3 2 2 4 |
8280: 8 10 28 1 1 31 7 9 23 9 14 10 21 49 208 283 |5 6 2 9 2 1 3 2 1 4 10 11 22 1 1 5 |1 6 15 2 10 9 12 19 8 1 1 6 1 1 1 3 |1 2 15 1 12 11 9 13 1 1 14 1 1 1 1 1 |1 2 1 15 21 8 5 1 8 14 12 1 1 1 1 1 |1 17 9 10 28 19 1 15 9 1 1 1 1 6 1 1 |7 6 9 2 1 1 2 12 13 1 15 9 10 1 15 1 |1 13 1 1 2 1 10 36 55 12 5 4 7 1 4 11 |2 8 5 3 12 1 6 4 17 8 2 13 2 9 13 1 |1 10 13 9 1 20 10 3 1 9 15 1 6 2 15 1 |2 1 1 5 2 1 4 8 1 14 4 1 1 1 1 16 |12 1 1 18 2 9 1 14 4 1 1 1 3 2 2 4 |
8290: 8 10 28 1 1 31 7 9 23 9 14 10 21 49 208 283 |5 6 2 9 2 1 3 2 1 4 10 11 22 1 1 5 |1 6 15 2 10 9 12 19 8 1 1 6 1 1 1 3 |1 2 15 1 12 11 9 13 1 1 14 1 1 1 1 1 |1 2 1 15 21 8 5 1 8 14 12 1 1 1 1 1 |1 17 9 10 28 19 1 15 9 1 1 1 1 6 1 1 |7 6 9 2 1 1 2 12 13 1 15 9 10 1 15 1 |1 13 1 1 2 1 10 36 55 12 5 4 7 1 4 11 |2 8 5 3 12 1 6 4 17 8 2 13 2 9 13 1 |1 10 13 9 1 20 10 3 1 9 15 1 6 2 15 1 |2 1 1 5 2 1 4 8 1 14 4 1 1 1 1 16 |12 1 1 18 2 9 1 14 4 1 1 1 3 2 2 4 |
8300: 8 10 28 1 1 31 7 9 23 9 14 10 21 49 208 283 |5 6 2 9 2 1 3 2 1 4 10 11 22 1 1 5 |1 6 15 2 10 9 12 19 8 1 1 6 1 1 1 3 |1 2 15 1 12 11 9 13 1 1 14 1 1 1 1 1 |1 2 1 15 21 8 5 1 8 14 12 1 1 1 1 1 |1 17 9 10 28 19 1 15 9 1 1 1 1 6 1 1 |7 6 9 2 1 1 2 12 13 1 15 9 10 1 15 1 |1 13 1 1 2 1 10 36 55 12 5 4 7 1 4 11 |2 8 5 3 12 1 6 4 17 8 2 13 2 9 13 1 |1 10 13 9 1 20 10 3 1 9 15 1 6 2 15 1 |2 1 1 5 2 1 4 8 1 14 4 1 1 1 1 16 |12 1 1 18 2 9 1 14 4 1 1 1 3 2 2 4 |
8311: 8 10 28 1 1 31 7 9 23 9 14 10 21 49 208 283 |5 6 2 9 2 1 3 2 1 4 10 11 22 1 1 5 |1 6 15 2 10 9 12 19 8 1 1 6 1 1 1 3 |1 2 15 1 12 11 9 13 1 1 14 1 1 1 1 1 |1 2 1 15 21 8 5 1 8 14 12 1 1 1 1 1 |1 17 9 10 28 19 1 15 9 1 1 1 1 6 1 1 |7 6 9 2 1 1 2 12 13 1 15 9 10 1 15 1 |1 13 1 1 2 1 10 36 55 12 5 4 7 1 4 11 |2 8 5 3 12 1 6 4 17 8 2 13 2 9 13 1 |1 10 13 9 1 20 10 3 1 9 15 1 6 2 15 1 |2 1 1 5 2 1 4 8 1 14 4 1 1 1 1 16 |12 1 1 18 2 9 1 14 4 1 1 1 3 2 2 4 |
8322: 8 10 28 1 1 31 7 9 23 9 14 10 21 49 208 283 |5 6 2 9 2 1 3 2 1 4 10 11 22 1 1 5 |1 6 15 2 10 9 12 19 8 1 1 6 1 1 1 3 |1 2 15 1 12 11 9 13 1 1 14 1 1 1 1 1 |1 2 1 15 21 8 5 1 8 14 12 1 1 1 1 1 |1 17 9 10 28 19 1 15 9 1 1 1 1 6 1 1 |7 6 9 2 1 1 2 12 13 1 15 9 10 1 15 1 |1 13 1 1 2 1 10 36 55 12 5 4 7 1 4 11 |2 8 5 3 12 1 6 4 17 8 2 13 2 9 13 1 |1 10 13 9 1 20 10 3 1 9 15 1 6 2 15 1 |2 1 1 5 2 1 4 8 1 14 4 1 1 1 1 16 |12 1 1 18 2 9 1 14 4 1 1 1 3 2 2 4 |
8332: 8 10 28 1 1 31 7 9 23 9 14 10 21 49 208 283 |5 6 2 9 2 1 3 2 1 4 10 11 22 1 1 5 |1 6 15 2 10 9 12 19 8 1 1 6 1 1 1 3 |1 2 15 1 12 11 9 13 1 1 14 1 1 1 1 1 |1 2 1 15 21 8 5 1 8 14 12 1 1 1 1 1 |1 17 9 10 28 19 1 15 9 1 1 1 1 6 1 1 |7 6 9 2 1 1 2 12 13 1 15 9 10 1 15 1 |1 13 1 1 2 1 10 36 55 12 5 4 7 1 4 11 |2 8 5 3 12 1 6 4 17 8 2 13 2 9 13 1 |1 10 13 9 1 20 10 3 1 9 15 1 6 2 15 1 |2 1 1 5 2 1 4 8 1 14 4 1 1 1 1 16 |12 1 1 18 2 9 1 14 4 1 1 1 3 2 2 4 |
8343: 8 10 28 1 1 31 7 9 23 9 14 10 21 49 208 283 |5 6 2 9 2 1 3 2 1 4 10 11 22 1 1 5 |1 6 15 2 10 9 12 19 8 1 1 6 1 1 1 3 |1 2 15 1 12 11 9 13 1 1 14 1 1 1 1 1 |1 2 1 15 21 8 5 1 8 14 12 1 1 1 1 1 |1 17 9 10 28 19 1 15 9 1 1 1 1 6 1 1 |7 6 9 2 1 1 2 12 13 1 15 9 10 1 15 1 |4 12 16 2 7 8 11 18 18 3 5 2 6 1 4 12 |2 8 5 3 12 1 6 4 17 8 2 13 2 9 13 1 |1 10 13 9 1 20 10 3 1 9 15 1 6 2 15 1 |2 1 1 5 2 1 4 8 1 14 4 1 1 1 1 16 |12 1 1 18 2 9 1 14 4 1 1 1 3 2 2 4 |
8354: 8 10 28 1 1 31 7 9 23 9 14 10 21 49 208 283 |5 6 2 9 2 1 3 2 1 4 10 11 22 1 1 5 |1 6 15 2 10 9 12 19 8 1 1 6 1 1 1 3 |1 2 15 1 12 11 9 13 1 1 14 1 1 1 1 1 |1 2 1 15 21 8 5 1 8 14 12 1 1 1 1 1 |1 17 9 10 28 19 1 15 9 1 1 1 1 6 1 1 |7 6 9 2 1 1 2 12 13 1 15 9 10 1 15 1 |4 12 16 2 7 8 11 18 18 3 5 2 6 1 4 12 |2 8 5 3 12 1 6 4 17 8 2 13 2 9 13 1 |1 10 13 9 1 20 10 3 1 9 15 1 6 2 15 1 |2 1 1 5 2 1 4 8 1 14 4 1 1 1 1 16 |12 1 1 18 2 9 1 14 4 1 1 1 3 2 2 4 |
8365: 8 10 28 1 1 31 7 9 23 9 14 10 21 49 208 283 |7 4 2 9 1 1 1 1 2 4 1 13 9 3 2 8 |1 6 15 2 10 9 12 19 8 1 1 6 1 1 1 3 |1 2 15 1 12 11 9 13 1 1 14 1 1 1 1 1 |1 2 1 15 21 8 5 1 8 14 12 1 1 1 1 1 |1 17 9 10 28 19 1 15 9 1 1 1 1 6 1 1 |7 6 9 2 1 1 2 12 13 1 15 9 10 1 15 1 |4 12 16 2 7 8 11 18 18 3 5 2 6 1 4 12 |2 8 5 3 12 1 6 4 17 8 2 13 2 9 13 1 |1 10 13 9 1 20 10 3 1 9 15 1 6 2 15 1 |2 1 1 5 2 1 4 8 1 14 4 1 1 1 1 16 |12 1 1 18 2 9 1 14 4 1 1 1 3 2 2 4 |
8376: 8 10 28 1 1 31 7 9 23 9 14 10 21 49 208 283 |7 4 2 9 1 1 1 1 2 4 1 13 9 3 2 8 |3 2 15 6 1 1 15 7 1 2 1 5 1 1 1 1 |1 2 15 1 12 11 9 13 1 1 14 1 1 1 1 1 |1 2 1 15 21 8 5 1 8 14 12 1 1 1 1 1 |1 17 9 10 28 19 1 15 9 1 1 1 1 6 1 1 |7 6 9 2 1 1 2 12 13 1 15 9 10 1 15 1 |4 12 16 2 7 8 11 18 18 3 5 2 6 1 4 12 |2 8 5 3 12 1 6 4 17 8 2 13 2 9 13 1 |1 10 13 9 1 20 10 3 1 9 15 1 6 2 15 1 |2 1 1 5 2 1 4 8 1 14 4 1 1 1 1 16 |12 1 1 18 2 9 1 14 4 1 1 1 3 2 2 4 |
8387: 8 10 28 1 1 31 7 9 23 9 14 10 21 49 208 283 |7 4 2 9 1 1 1 1 2 4 1 13 9 3 2 8 |3 2 15 6 1 1 15 7 1 2 1 5 1 1 1 1 |1 2 15 1 12 11 9 13 1 1 14 1 1 1 1 1 |1 2 1 15 21 8 5 1 8 14 12 1 1 1 1 1 |1 17 9 10 28 19 1 15 9 1 1 1 1 6 1 1 |7 6 9 2 1 1 2 12 13 1 15 9 10 1 15 1 |4 12 16 2 7 8 11 18 18 3 5 2 6 1 4 12 |2 8 5 3 12 1 6 4 17 8 2 13 2 9 13 1 |1 10 13 9 1 20 10 3 1 9 15 1 6 2 15 1 |2 1 1 5 2 1 4 8 1 14 4 1 1 1 1 16 |12 1 1 18 2 9 1 14 4 1 1 1 3 2 2 4 |
8398: 1 3 8 1 7 17 10 1 6 1 1 2 9 1 4 2 |7 4 2 9 1 1 1 1 2 4 1 13 9 3 2 8 |3 2 15 6 1 1 15 7 1 2 1 5 1 1 1 1 |1 2 15 1 12 11 9 13 1 1 14 1 1 1 1 1 |1 2 1 15 21 8 5 1 8 14 12 1 1 1 1 1 |1 17 9 10 28 19 1 15 9 1 1 1 1 6 1 1 |7 6 9 2 1 1 2 12 13 1 15 9 10 1 15 1 |4 12 16 2 7 8 11 18 18 3 5 2 6 1 4 12 |2 8 5 3 12 1 6 4 17 8 2 13 2 9 13 1 |1 10 13 9 1 20 10 3 1 9 15 1 6 2 15 1 |2 1 1 5 2 1 4 8 1 14 4 1 1 1 1 16 |12 1 1 18 2 9 1 14 4 1 1 1 3 2 2 4 |
8409: 1 3 8 1 7 17 10 1 6 1 1 2 9 1 4 2 |7 4 2 9 1 1 1 1 2 4 1 13 9 3 2 8 |3 2 15 6 1 1 15 7 1 2 1 5 1 1 1 1 |1 2 15 1 12 11 9 13 1 1 14 1 1 1 1 1 |1 2 1 15 21 8 5 1 8 14 12 1 1 1 1 1 |1 17 9 10 28 19 1 15 9 1 1 1 1 6 1 1 |7 6 9 2 1 1 2 12 13 1 15 9 10 1 15 1 |5 16 9 28 143 101 1 20 20 14 19 1 7 4 1 14 |2 8 5 3 12 1 6 4 17 8 2 13 2 9 13 1 |1 10 13 9 1 20 10 3 1 9 15 1 6 2 15 1 |2 1 1 5 2 1 4 8 1 14 4 1 1 1 1 16 |12 1 1 18 2 9 1 14 4 1 1 1 3 2 2 4 |
8419: 1 3 8 1 7 17 10 1 6 1 1 2 9 1 4 2 |7 4 2 9 1 1 1 1 2 4 1 13 9 3 2 8 |3 2 15 6 1 1 15 7 1 2 1 5 1 1 1 1 |1 2 15 1 12 11 9 13 1 1 14 1 1 1 1 1 |1 2 1 15 21 8 5 1 8 14 12 1 1 1 1 1 |1 17 9 10 28 19 1 15 9 1 1 1 1 6 1 1 |7 6 9 2 1 1 2 12 13 1 15 9 10 1 15 1 |5 16 9 28 143 101 1 20 20 14 19 1 7 4 1 14 |2 8 5 3 12 1 6 4 17 8 2 13 2 9 13 1 |1 10 13 9 1 20 10 3 1 9 15 1 6 2 15 1 |2 1 1 5 2 1 4 8 1 14 4 1 1 1 1 16 |12 1 1 18 2 9 1 14 4 1 1 1 3 2 2 4 |
8430: 1 4 12 1 13 3 10 1 6 1 1 2 11 1 17 6 |7 4 2 9 1 1 1 1 2 4 1 13 9 3 2 8 |3 2 15 6 1 1 15 7 1 2 1 5 1 1 1 1 |1 2 15 1 12 11 9 13 1 1 14 1 1 1 1 1 |1 2 1 15 21 8 5 1 8 14 12 1 1 1 1 1 |1 17 9 10 28 19 1 15 9 1 1 1 1 6 1 1 |7 6 9 2 1 1 2 12 13 1 15 9 10 1 15 1 |5 16 9 28 143 101 1 20 20 14 19 1 7 4 1 14 |2 8 5 3 12 1 6 4 17 8 2 13 2 9 13 1 |1 10 13 9 1 20 10 3 1 9 15 1 6 2 15 1 |2 1 1 5 2 1 4 8 1 14 4 1 1 1 1 16 |12 1 1 18 2 9 1 14 4 1 1 1 3 2 2 4 |
8441: 1 4 12 1 13 3 10 1 6 1 1 2 11 1 17 6 |7 4 2 9 1 1 1 1 2 4 1 13 9 3 2 8 |3 2 15 6 1 1 15 7 1 2 1 5 1 1 1 1 |1 2 15 1 12 11 9 13 1 1 14 1 1 1 1 1 |1 2 1 15 21 8 5 1 8 14 12 1 1 1 1 1 |1 17 9 10 28 19 1 15 9 1 1 1 1 6 1 1 |8 15 7 23 23 1 9 12 13 1 16 10 15 1 15 1 |5 16 9 28 143 101 1 20 20 14 19 1 7 4 1 14 |2 8 5 3 12 1 6 4 17 8 2 13 2 9 13 1 |1 10 13 9 1 20 10 3 1 9 15 1 6 2 15 1 |2 1 1 5 2 1 4 8 1 14 4 1 1 1 1 16 |12 1 1 18 2 9 1 14 4 1 1 1 3 2 2 4 |
8452: 1 4 12 1 13 3 10 1 6 1 1 2 11 1 17 6 |7 4 2 9 1 1 1 1 2 4 1 13 9 3 2 8 |3 2 15 6 1 1 15 7 1 2 1 5 1 1 1 1 |1 2 15 1 12 11 9 13 1 1 14 1 1 1 1 1 |1 2 1 15 21 8 5 1 8 14 12 1 1 1 1 1 |1 17 9 10 28 19 1 15 9 1 1 1 1 6 1 1 |8 15 7 23 23 1 9 12 13 1 16 10 15 1 15 1 |5 16 9 28 143 101 1 20 20 14 19 1 7 4 1 14 |2 8 5 3 12 1 6 4 17 8 2 13 2 9 13 1 |1 10 13 9 1 20 10 3 1 9 15 1 6 2 15 1 |2 1 1 5 2 1 4 8 1 14 4 1 1 1 1 16 |12 1 1 18 2 9 1 14 4 1 1 1 3 2 2 4 |
8463: 1 4 12 1 13 3 10 1 6 1 1 2 11 1 17 6 |7 4 2 9 1 1 1 1 2 4 1 13 9 3 2 8 |3 2 15 6 1 1 15 7 1 2 1 5 1 1 1 1 |1 2 15 1 12 11 9 13 1 1 14 1 1 1 1 1 |1 2 1 15 21 8 5 1 8 14 12 1 1 1 1 1 |1 17 9 10 28 19 1 15 9 1 1 1 1 6 1 1 |8 15 7 23 23 1 9 12 13 1 16 10 15 1 15 1 |5 16 9 28 143 101 1 20 20 14 19 1 7 4 1 14 |2 8 5 3 12 1 6 4 17 8 2 13 2 9 13 1 |1 10 13 9 1 20 10 3 1 9 15 1 6 2 15 1 |2 1 1 5 2 1 4 8 1 14 4 1 1 1 1 16 |12 1 1 18 2 9 1 14 4 1 1 1 3 2 2 4 |
8474: 1 4 12 1 13 3 10 1 6 1 1 2 11 1 17 6 |7 4 2 9 1 1 1 1 2 4 1 13 9 3 2 8 |3 2 15 6 1 1 15 7 1 2 1 5 1 1 1 1 |1 2 15 1 12 11 9 13 1 1 14 1 1 1 1 1 |1 2 1 15 21 8 5 1 8 14 12 1 1 1 1 1 |1 17 9 10 28 19 1 15 9 1 1 1 1 6 1 1 |8 15 7 23 23 1 9 12 13 1 16 10 15 1 15 1 |5 16 9 28 143 101 1 20 20 14 19 1 7 4 1 14 |11 18 17 66 272 175 22 7 11 18 2 20 7 1 3 1 |1 10 13 9 1 20 10 3 1 9 15 1 6 2 15 1 |2 1 1 5 2 1 4 8 1 14 4 1 1 1 1 16 |12 1 1 18 2 9 1 14 4 1 1 1 3 2 2 4 |
8484: 1 4 12 1 13 3 10 1 6 1 1 2 11 1 17 6 |7 4 2 9 1 1 1 1 2 4 1 13 9 3 2 8 |3 2 15 6 1 1 15 7 1 2 1 5 1 1 1 1 |1 2 15 1 12 11 9 13 1 1 14 1 1 1 1 1 |1 2 1 15 21 8 5 1 8 14 12 1 1 1 1 1 |1 17 9 10 28 19 1 15 9 1 1 1 1 6 1 1 |8 15 7 23 23 1 9 12 13 1 16 10 15 1 15 1 |5 16 9 28 143 101 1 20 20 14 19 1 7 4 1 14 |11 18 17 66 272 175 22 7 11 18 2 20 7 1 3 1 |1 12 14 33 129 48 7 1 1 9 16 1 6 2 15 1 |2 1 1 5 2 1 4 8 1 14 4 1 1 1 1 16 |12 1 1 18 2 9 1 14 4 1 1 1 3 2 2 4 |
8494: 1 4 12 1 13 3 10 1 6 1 1 2 11 1 17 6 |7 4 2 9 1 1 1 1 2 4 1 13 9 3 2 8 |3 2 15 6 1 1 15 7 1 2 1 5 1 1 1 1 |1 2 15 1 12 11 9 13 1 1 14 1 1 1 1 1 |1 2 1 15 21 8 5 1 8 14 12 1 1 1 1 1 |1 17 9 10 28 19 1 15 9 1 1 1 1 6 1 1 |8 15 7 23 23 1 9 12 13 1 16 10 15 1 15 1 |5 16 9 28 143 101 1 20 20 14 19 1 7 4 1 14 |11 18 17 66 272 175 22 7 11 18 2 20 7 1 3 1 |1 12 14 33 129 48 7 1 1 9 16 1 6 2 15 1 |2 1 1 5 2 1 4 8 1 14 4 1 1 1 1 16 |12 1 1 18 2 9 1 14 4 1 1 1 3 2 2 4 |
8504: 1 4 12 1 13 3 10 1 6 1 1 2 11 1 17 6 |7 4 2 9 1 1 1 1 2 4 1 13 9 3 2 8 |3 2 15 6 1 1 15 7 1 2 1 5 1 1 1 1 |1 2 15 1 12 11 9 13 1 1 14 1 1 1 1 1 |1 2 1 15 21 8 5 1 8 14 12 1 1 1 1 1 |1 17 9 10 28 19 1 15 9 1 1 1 1 6 1 1 |8 15 7 23 23 1 9 12 13 1 16 10 15 1 15 1 |5 16 9 28 143 101 1 20 20 14 19 1 7 4 1 14 |11 18 17 66 272 175 22 7 11 18 2 20 7 1 3 1 |1 12 14 33 129 48 7 1 1 9 16 1 6 2 15 1 |2 1 1 5 2 1 4 8 1 14 4 1 1 1 1 16 |12 1 1 18 2 9 1 14 4 1 1 1 3 2 2 4 |
8515: 1 4 12 1 13 3 10 1 6 1 1 2 11 1 17 6 |7 4 2 9 1 1 1 1 2 4 1 13 9 3 2 8 |3 2 15 6 1 1 15 7 1 2 1 5 1 1 1 1 |1 2 15 1 12 11 9 13 1 1 14 1 1 1 1 1 |1 2 1 15 21 8 5 1 8 14 12 1 1 1 1 1 |1 17 9 10 28 19 1 15 9 1 1 1 1 6 1 1 |8 15 7 23 23 1 9 12 13 1 16 10 15 1 15 1 |5 16 9 28 143 101 1 20 20 14 19 1 7 4 1 14 |11 18 17 66 272 175 22 7 11 18 2 20 7 1 3 1 |1 12 14 33 129 48 7 1 1 9 16 1 6 2 15 1 |2 1 1 5 2 1 4 8 1 14 4 1 1 1 1 16 |12 1 1 18 2 9 1 14 4 1 1 1 3 2 2 4 |
8525: 1 4 12 1 13 3 10 1 6 1 1 2 11 1 17 6 |7 4 2 9 1 1 1 1 2 4 1 13 9 3 2 8 |3 2 15 6 1 1 15 7 1 2 1 5 1 1 1 1 |1 2 15 1 12 11 9 13 1 1 14 1 1 1 1 1 |1 2 1 15 21 8 5 1 8 14 12 1 1 1 1 1 |1 17 9 10 28 19 1 15 9 1 1 1 1 6 1 1 |8 15 7 23 23 1 9 12 13 1 16 10 15 1 15 1 |5 16 9 28 143 101 1 20 20 14 19 1 7 4 1 14 |11 18 17 66 272 175 22 7 11 18 2 20 7 1 3 1 |1 12 14 33 129 48 7 1 1 9 16 1 6 2 15 1 |2 1 1 5 2 1 4 8 1 14 4 1 1 1 1 16 |12 1 1 18 2 9 1 14 4 1 1 1 3 2 2 4 |
8537: 1 4 12 1 13 3 10 1 6 1 1 2 11 1 17 6 |7 4 2 9 1 1 1 1 2 4 1 13 9 3 2 8 |3 2 15 6 1 1 15 7 1 2 1 5 1 1 1 1 |1 2 15 1 12 11 9 13 1 1 14 1 1 1 1 1 |1 2 1 15 21 8 5 1 8 14 12 1 1 1 1 1 |2 13 1 20 1 14 1 13 10 1 2 2 3 1 2 2 |8 15 7 23 23 1 9 12 13 1 16 10 15 1 15 1 |5 16 9 28 143 101 1 20 20 14 19 1 7 4 1 14 |11 18 17 66 272 175 22 7 11 18 2 20 7 1 3 1 |1 12 14 33 129 48 7 1 1 9 16 1 6 2 15 1 |2 1 1 5 2 1 4 8 1 14 4 1 1 1 1 16 |12 1 1 18 2 9 1 14 4 1 1 1 3 2 2 4 |
8547: 1 4 12 1 13 3 10 1 6 1 1 2 11 1 17 6 |7 4 2 9 1 1 1 1 2 4 1 13 9 3 2 8 |3 2 15 6 1 1 15 7 1 2 1 5 1 1 1 1 |1 2 15 1 12 11 9 13 1 1 14 1 1 1 1 1 |1 2 1 15 21 8 5 1 8 14 12 1 1 1 1 1 |2 13 1 20 1 14 1 13 10 1 2 2 3 1 2 2 |8 15 7 23 23 1 9 12 13 1 16 10 15 1 15 1 |5 16 9 28 143 101 1 20 20 14 19 1 7 4 1 14 |11 18 17 66 272 175 22 7 11 18 2 20 7 1 3 1 |1 12 14 33 129 48 7 1 1 9 16 1 6 2 15 1 |2 1 1 5 2 1 4 8 1 14 4 1 1 1 1 16 |12 1 1 18 2 9 1 14 4 1 1 1 3 2 2 4 |
8558: 1 4 12 1 13 3 10 1 6 1 1 2 11 1 17 6 |7 4 2 9 1 1 1 1 2 4 1 13 9 3 2 8 |3 2 15 6 1 1 15 7 1 2 1 5 1 1 1 1 |1 2 15 1 12 11 9 13 1 1 14 1 1 1 1 1 |1 2 1 15 21 8 5 1 8 14 12 1 1 1 1 1 |2 13 1 20 1 14 1 13 10 1 2 2 3 1 2 2 |8 15 7 23 23 1 9 12 13 1 16 10 15 1 15 1 |5 16 9 28 143 101 1 20 20 14 19 1 7 4 1 14 |11 18 17 66 272 175 22 7 11 18 2 20 7 1 3 1 |1 12 14 33 129 48 7 1 1 9 16 1 6 2 15 1 |2 1 1 5 2 1 4 8 1 14 4 1 1 1 1 16 |12 1 1 18 2 9 1 14 4 1 1 1 3 2 2 4 |
8568: 1 4 12 1 13 3 10 1 6 1 1 2 11 1 17 6 |7 4 2 9 1 1 1 1 2 4 1 13 9 3 2 8 |3 2 15 6 1 1 15 7 1 2 1 5 1 1 1 1 |1 2 15 1 12 11 9 13 1 1 14 1 1 1 1 1 |1 2 1 15 21 8 5 1 8 14 12 1 1 1 1 1 |1 16 1 7 1 15 1 13 7 2 1 3 3 4 1 1 |8 15 7 23 23 1 9 12 13 1 16 10 15 1 15 1 |5 16 9 28 143 101 1 20 20 14 19 1 7 4 1 14 |11 18 17 66 272 175 22 7 11 18 2 20 7 1 3 1 |1 12 14 33 129 48 7 1 1 9 16 1 6 2 15 1 |2 1 1 5 2 1 4 8 1 14 4 1 1 1 1 16 |12 1 1 18 2 9 1 14 4 1 1 1 3 2 2 4 |
8579: 1 4 12 1 13 3 10 1 6 1 1 2 11 1 17 6 |7 4 2 9 1 1 1 1 2 4 1 13 9 3 2 8 |3 2 15 6 1 1 15 7 1 2 1 5 1 1 1 1 |1 2 15 1 12 11 9 13 1 1 14 1 1 1 1 1 |1 2 1 15 21 8 5 1 8 14 12 1 1 1 1 1 |1 16 1 7 1 15 1 13 7 2 1 3 3 4 1 1 |8 15 7 23 23 1 9 12 13 1 16 10 15 1 15 1 |5 16 9 28 143 101 1 20 20 14 19 1 7 4 1 14 |11 18 17 66 272 175 22 7 11 18 2 20 7 1 3 1 |1 12 14 33 129 48 7 1 1 9 16 1 6 2 15 1 |2 1 1 5 2 1 4 8 1 14 4 1 1 1 1 16 |12 1 1 18 2 9 1 14 4 1 1 1 3 2 2 4 |
8589: 1 4 12 1 13 3 10 1 6 1 1 2 11 1 17 6 |7 4 2 9 1 1 1 1 2 4 1 13 9 3 2 8 |3 2 15 6 1 1 15 7 1 2 1 5 1 1 1 1 |1 2 15 1 12 11 9 13 1 1 14 1 1 1 1 1 |1 2 1 15 21 8 5 1 8 14 12 1 1 1 1 1 |1 16 1 7 1 15 1 13 7 2 1 3 3 4 1 1 |8 15 7 23 23 1 9 12 13 1 16 10 15 1 15 1 |5 16 9 28 143 101 1 20 20 14 19 1 7 4 1 14 |11 18 17 66 272 175 22 7 11 18 2 20 7 1 3 1 |1 12 14 33 129 48 7 1 1 9 16 1 6 2 15 1 |2 1 1 5 2 1 4 8 1 14 4 1 1 1 1 16 |12 1 1 18 2 9 1 14 4 1 1 1 3 2 2 4 |
8599: 1 4 12 1 13 3 10 1 6 1 1 2 11 1 17 6 |7 4 2 9 1 1 1 1 2 4 1 13 9 3 2 8 |3 2 15 6 1 1 15 7 1 2 1 5 1 1 1 1 |1 2 15 1 12 11 9 13 1 1 14 1 1 1 1 1 |1 2 1 15 21 8 5 1 8 14 12 1 1 1 1 1 |1 16 1 7 1 15 1 13 7 2 1 3 3 4 1 1 |8 15 7 23 23 1 9 12 13 1 16 10 15 1 15 1 |5 16 9 28 143 101 1 20 20 14 19 1 7 4 1 14 |11 18 17 66 272 175 22 7 11 18 2 20 7 1 3 1 |1 12 14 33 129 48 7 1 1 9 16 1 6 2 15 1 |2 1 1 5 2 1 4 8 1 14 4 1 1 1 1 16 |12 1 1 18 2 9 1 14 4 1 1 1 3 2 2 4 |
8610: 1 4 12 1 13 3 10 1 6 1 1 2 11 1 17 6 |7 4 2 9 1 1 1 1 2 4 1 13 9 3 2 8 |3 2 15 6 1 1 15 7 1 2 1 5 1 1 1 1 |1 2 15 1 12 11 9 13 1 1 14 1 1 1 1 1 |1 2 1 15 21 8 5 1 8 14 12 1 1 1 1 1 |1 16 1 7 1 15 1 13 7 2 1 3 3 4 1 1 |8 15 7 23 23 1 9 12 13 1 16 10 15 1 15 1 |5 16 9 28 143 101 1 20 20 14 19 1 7 4 1 14 |11 18 17 66 272 175 22 7 11 18 2 20 7 1 3 1 |1 12 14 33 129 48 7 1 1 9 16 1 6 2 15 1 |2 1 1 5 2 1 4 8 1 14 4 1 1 1 1 16 |13 1 1 17 14 8 1 9 12 1 1 7 1 1 3 4 |
8622: 1 4 12 1 13 3 10 1 6 1 1 2 11 1 17 6 |7 4 2 9 1 1 1 1 2 4 1 13 9 3 2 8 |3 2 15 6 1 1 15 7 1 2 1 5 1 1 1 1 |1 2 15 1 12 11 9 13 1 1 14 1 1 1 1 1 |1 2 1 15 21 8 5 1 8 14 12 1 1 1 1 1 |1 16 1 7 1 15 1 13 7 2 1 3 3 4 1 1 |8 15 7 23 23 1 9 12 13 1 16 10 15 1 15 1 |5 16 9 28 143 101 1 20 20 14 19 1 7 4 1 14 |11 18 17 66 272 175 22 7 11 18 2 20 7 1 3 1 |1 12 14 33 129 48 7 1 1 9 16 1 6 2 15 1 |2 1 1 5 2 1 4 8 1 14 4 1 1 1 1 16 |13 1 1 17 14 8 1 9 12 1 1 7 1 1 3 4 |
8632: 1 4 12 1 13 3 10 1 6 1 1 2 11 1 17 6 |7 4 2 9 1 1 1 1 2 4 1 13 9 3 2 8 |3 2 15 6 1 1 15 7 1 2 1 5 1 1 1 1 |1 2 15 1 12 11 9 13 1 1 14 1 1 1 1 1 |1 1 1 6 28 1 1 2 2 1 1 2 2 1 3 8 |1 16 1 7 1 15 1 13 7 2 1 3 3 4 1 1 |8 15 7 23 23 1 9 12 13 1 16 10 15 1 15 1 |5 16 9 28 143 101 1 20 20 14 19 1 7 4 1 14 |11 18 17 66 272 175 22 7 11 18 2 20 7 1 3 1 |1 12 14 33 129 48 7 1 1 9 16 1 6 2 15 1 |2 1 1 5 2 1 4 8 1 14 4 1 1 1 1 16 |13 1 1 17 14 8 1 9 12 1 1 7 1 1 3 4 |
8643: 1 4 12 1 13 3 10 1 6 1 1 2 11 1 17 6 |7 4 2 9 1 1 1 1 2 4 1 13 9 3 2 8 |3 2 15 6 1 1 15 7 1 2 1 5 1 1 1 1 |1 2 15 1 12 11 9 13 1 1 14 1 1 1 1 1 |1 1 1 6 28 1 1 2 2 1 1 2 2 1 3 8 |1 16 1 7 1 15 1 13 7 2 1 3 3 4 1 1 |8 15 7 23 23 1 9 12 13 1 16 10 15 1 15 1 |5 16 9 28 143 101 1 20 20 14 19 1 7 4 1 14 |11 18 17 66 272 175 22 7 11 18 2 20 7 1 3 1 |1 12 14 33 129 48 7 1 1 9 16 1 6 2 15 1 |2 1 1 5 2 1 4 8 1 14 4 1 1 1 1 16 |22 1 1 18 2 8 1 8 13 1 2 7 1 1 1 6 |
8654: 1 4 12 1 13 3 10 1 6 1 1 2 11 1 17 6 |7 4 2 9 1 1 1 1 2 4 1 13 9 3 2 8 |3 2 15 6 1 1 15 7 1 2 1 5 1 1 1 1 |1 2 15 1 12 11 9 13 1 1 14 1 1 1 1 1 |1 1 1 6 28 1 1 2 2 1 1 2 2 1 3 8 |1 16 1 7 1 15 1 13 7 2 1 3 3 4 1 1 |8 15 7 23 23 1 9 12 13 1 16 10 15 1 15 1 |5 16 9 28 143 101 1 20 20 14 19 1 7 4 1 14 |11 18 17 66 272 175 22 7 11 18 2 20 7 1 3 1 |1 12 14 33 129 48 7 1 1 9 16 1 6 2 15 1 |2 1 1 5 2 1 4 8 1 14 4 1 1 1 1 16 |22 1 1 18 2 8 1 8 13 1 2 7 1 1 1 6 |
8664: 1 4 12 1 13 3 10 1 6 1 1 2 11 1 17 6 |7 4 2 9 1 1 1 1 2 4 1 13 9 3 2 8 |3 2 15 6 1 1 15 7 1 2 1 5 1 1 1 1 |1 2 15 1 12 11 9 13 1 1 14 1 1 1 1 1 |1 1 1 1 5 2 3 2 1 10 1 2 1 1 1 1 |1 16 1 7 1 15 1 13 7 2 1 3 3 4 1 1 |8 15 7 23 23 1 9 12 13 1 16 10 15 1 15 1 |5 16 9 28 143 101 1 20 20 14 19 1 7 4 1 14 |11 18 17 66 272 175 22 7 11 18 2 20 7 1 3 1 |1 12 14 33 129 48 7 1 1 9 16 1 6 2 15 1 |2 1 1 5 2 1 4 8 1 14 4 1 1 1 1 16 |22 1 1 18 2 8 1 8 13 1 2 7 1 1 1 6 |
8675: 1 4 12 1 13 3 10 1 6 1 1 2 11 1 17 6 |7 4 2 9 1 1 1 1 2 4 1 13 9 3 2 8 |3 2 15 6 1 1 15 7 1 2 1 5 1 1 1 1 |1 2 15 1 12 11 9 13 1 1 14 1 1 1 1 1 |1 1 1 1 5 2 3 2 1 10 1 2 1 1 1 1 |2 8 1 8 1 10 1 12 10 1 1 1 3 6 1 1 |8 15 7 23 23 1 9 12 13 1 16 10 15 1 15 1 |5 16 9 28 143 101 1 20 20 14 19 1 7 4 1 14 |11 18 17 66 272 175 22 7 11 18 2 20 7 1 3 1 |1 12 14 33 129 48 7 1 1 9 16 1 6 2 15 1 |2 1 1 5 2 1 4 8 1 14 4 1 1 1 1 16 |22 1 1 18 2 8 1 8 13 1 2 7 1 1 1 6 |
8685: 1 4 12 1 13 3 10 1 6 1 1 2 11 1 17 6 |7 4 2 9 1 1 1 1 2 4 1 13 9 3 2 8 |3 2 15 6 1 1 15 7 1 2 1 5 1 1 1 1 |1 2 15 1 12 11 9 13 1 1 14 1 1 1 1 1 |1 1 1 1 5 2 3 2 1 10 1 2 1 1 1 1 |2 8 1 8 1 10 1 12 10 1 1 1 3 6 1 1 |8 15 7 23 23 1 9 12 13 1 16 10 15 1 15 1 |5 16 9 28 143 101 1 20 20 14 19 1 7 4 1 14 |11 18 17 66 272 175 22 7 11 18 2 20 7 1 3 1 |1 12 14 33 129 48 7 1 1 9 16 1 6 2 15 1 |2 1 1 5 2 1 4 8 1 14 4 1 1 1 1 16 |22 1 1 18 2 8 1 8 13 1 2 7 1 1 1 6 |
8696: 1 4 12 1 13 3 10 1 6 1 1 2 11 1 17 6 |7 4 2 9 1 1 1 1 2 4 1 13 9 3 2 8 |3 2 15 6 1 1 15 7 1 2 1 5 1 1 1 1 |1 2 15 1 12 11 9 13 1 1 14 1 1 1 1 1 |1 1 1 1 5 2 3 2 1 10 1 2 1 1 1 1 |2 8 1 8 1 10 1 12 10 1 1 1 3 6 1 1 |8 15 7 23 23 1 9 12 13 1 16 10 15 1 15 1 |5 16 9 28 143 101 1 20 20 14 19 1 7 4 1 14 |11 18 17 66 272 175 22 7 11 18 2 20 7 1 3 1 |1 12 14 33 129 48 7 1 1 9 16 1 6 2 15 1 |2 1 1 5 2 1 4 8 1 14 4 1 1 1 1 16 |22 1 1 18 2 8 1 8 13 1 2 7 1 1 1 6 |
8707: 1 4 12 1 13 3 10 1 6 1 1 2 11 1 17 6 |7 4 2 9 1 1 1 1 2 4 1 13 9 3 2 8 |3 2 15 6 1 1 15 7 1 2 1 5 1 1 1 1 |1 2 15 1 12 11 9 13 1 1 14 1 1 1 1 1 |1 1 1 1 5 2 3 2 1 10 1 2 1 1 1 1 |2 8 1 8 1 10 1 12 10 1 1 1 3 6 1 1 |8 15 7 23 23 1 9 12 13 1 16 10 15 1 15 1 |5 16 9 28 143 101 1 20 20 14 19 1 7 4 1 14 |1 1 15 7 17 3 15 1 16 1 2 13 2 2 14 2 |1 12 14 33 129 48 7 1 1 9 16 1 6 2 15 1 |2 1 1 5 2 1 4 8 1 14 4 1 1 1 1 16 |22 1 1 18 2 8 1 8 13 1 2 7 1 1 1 6 |
8718: 1 4 12 1 13 3 10 1 6 1 1 2 11 1 17 6 |7 4 2 9 1 1 1 1 2 4 1 13 9 3 2 8 |3 2 15 6 1 1 15 7 1 2 1 5 1 1 1 1 |1 2 15 1 12 11 9 13 1 1 14 1 1 1 1 1 |1 1 1 1 5 2 3 2 1 10 1 2 1 1 1 1 |2 8 1 8 1 10 1 12 10 1 1 1 3 6 1 1 |8 15 7 23 23 1 9 12 13 1 16 10 15 1 15 1 |5 16 9 28 143 101 1 20 20 14 19 1 7 4 1 14 |1 1 15 7 17 3 15 1 16 1 2 13 2 2 14 2 |1 12 14 33 129 48 7 1 1 9 16 1 6 2 15 1 |2 1 1 5 2 1 4 8 1 14 4 1 1 1 1 16 |22 1 1 18 2 8 1 8 13 1 2 7 1 1 1 6 |
8728: 1 4 12 1 13 3 10 1 6 1 1 2 11 1 17 6 |1 4 2 7 2 1 1 1 1 3 9 14 16 1 4 5 |3 2 15 6 1 1 15 7 1 2 1 5 1 1 1 1 |1 2 15 1 12 11 9 13 1 1 14 1 1 1 1 1 |1 1 1 1 5 2 3 2 1 10 1 2 1 1 1 1 |2 8 1 8 1 10 1 12 10 1 1 1 3 6 1 1 |8 15 7 23 23 1 9 12 13 1 16 10 15 1 15 1 |5 16 9 28 143 101 1 20 20 14 19 1 7 4 1 14 |1 1 15 7 17 3 15 1 16 1 2 13 2 2 14 2 |1 12 14 33 129 48 7 1 1 9 16 1 6 2 15 1 |2 1 1 5 2 1 4 8 1 14 4 1 1 1 1 16 |22 1 1 18 2 8 1 8 13 1 2 7 1 1 1 6 |
8739: 1 4 12 1 13 3 10 1 6 1 1 2 11 1 17 6 |1 4 2 7 2 1 1 1 1 3 9 14 16 1 4 5 |3 2 15 6 1 1 15 7 1 2 1 5 1 1 1 1 |1 2 15 1 12 11 9 13 1 1 14 1 1 1 1 1 |1 1 1 1 5 2 3 2 1 10 1 2 1 1 1 1 |2 8 1 8 1 10 1 12 10 1 1 1 3 6 1 1 |8 15 7 23 23 1 9 12 13 1 16 10 15 1 15 1 |5 16 9 28 143 101 1 20 20 14 19 1 7 4 1 14 |13 17 22 1 9 2 16 7 18 8 2 13 3 3 15 1 |1 12 14 33 129 48 7 1 1 9 16 1 6 2 15 1 |2 1 1 5 2 1 4 8 1 14 4 1 1 1 1 16 |22 1 1 18 2 8 1 8 13 1 2 7 1 1 1 6 |
8749: 1 4 12 1 13 3 10 1 6 1 1 2 11 1 17 6 |1 4 2 7 2 1 1 1 1 3 9 14 16 1 4 5 |3 2 15 6 1 1 15 7 1 2 1 5 1 1 1 1 |1 2 15 1 12 11 9 13 1 1 14 1 1 1 1 1 |1 1 1 1 5 2 3 2 1 10 1 2 1 1 1 1 |2 8 1 8 1 10 1 12 10 1 1 1 3 6 1 1 |8 15 7 23 23 1 9 12 13 1 16 10 15 1 15 1 |5 16 9 28 143 101 1 20 20 14 19 1 7 4 1 14 |13 17 22 1 9 2 16 7 18 8 2 13 3 3 15 1 |10 26 34 39 1 15 4 7 1 9 15 1 6 2 15 1 |2 1 1 5 2 1 4 8 1 14 4 1 1 1 1 16 |22 1 1 18 2 8 1 8 13 1 2 7 1 1 1 6 |
8759: 1 4 12 1 13 3 10 1 6 1 1 2 11 1 17 6 |1 4 3 9 1 1 1 1 1 4 10 12 10 1 5 4 |3 2 15 6 1 1 15 7 1 2 1 5 1 1 1 1 |1 2 15 1 12 11 9 13 1 1 14 1 1 1 1 1 |1 1 1 1 5 2 3 2 1 10 1 2 1 1 1 1 |2 8 1 8 1 10 1 12 10 1 1 1 3 6 1 1 |8 15 7 23 23 1 9 12 13 1 16 10 15 1 15 1 |5 16 9 28 143 101 1 20 20 14 19 1 7 4 1 14 |13 17 22 1 9 2 16 7 18 8 2 13 3 3 15 1 |10 26 34 39 1 15 4 7 1 9 15 1 6 2 15 1 |2 1 1 5 2 1 4 8 1 14 4 1 1 1 1 16 |22 1 1 18 2 8 1 8 13 1 2 7 1 1 1 6 |
8770: 1 4 12 1 13 3 10 1 6 1 1 2 11 1 17 6 |1 4 3 9 1 1 1 1 1 4 10 12 10 1 5 4 |3 7 15 2 9 4 13 7 4 2 2 4 1 3 1 2 |1 2 15 1 12 11 9 13 1 1 14 1 1 1 1 1 |1 1 1 1 5 2 3 2 1 10 1 2 1 1 1 1 |2 8 1 8 1 10 1 12 10 1 1 1 3 6 1 1 |8 15 7 23 23 1 9 12 13 1 16 10 15 1 15 1 |5 16 9 28 143 101 1 20 20 14 19 1 7 4 1 14 |13 17 22 1 9 2 16 7 18 8 2 13 3 3 15 1 |10 26 34 39 1 15 4 7 1 9 15 1 6 2 15 1 |2 1 1 5 2 1 4 8 1 14 4 1 1 1 1 16 |22 1 1 18 2 8 1 8 13 1 2 7 1 1 1 6 |
8780: 1 4 12 1 13 3 10 1 6 1 1 2 11 1 17 6 |1 4 3 9 1 1 1 1 1 4 10 12 10 1 5 4 |3 7 15 2 9 4 13 7 4 2 2 4 1 3 1 2 |1 2 15 1 12 11 9 13 1 1 14 1 1 1 1 1 |1 1 1 1 5 2 3 2 1 10 1 2 1 1 1 1 |2 8 1 8 1 10 1 12 10 1 1 1 3 6 1 1 |8 15 7 23 23 1 9 12 13 1 16 10 15 1 15 1 |5 16 9 28 143 101 1 20 20 14 19 1 7 4 1 14 |13 17 22 1 9 2 16 7 18 8 2 13 3 3 15 1 |10 26 34 39 1 15 4 7 1 9 15 1 6 2 15 1 |2 1 1 5 2 1 4 8 1 14 4 1 1 1 1 16 |22 1 1 18 2 8 1 8 13 1 2 7 1 1 1 6 |
8791: 1 4 12 1 13 3 10 1 6 1 1 2 11 1 17 6 |1 4 3 9 1 1 1 1 1 4 10 12 10 1 5 4 |3 7 15 2 9 4 13 7 4 2 2 4 1 3 1 2 |1 2 15 1 12 11 9 13 1 1 14 1 1 1 1 1 |1 1 1 1 5 2 3 2 1 10 1 2 1 1 1 1 |2 8 1 8 1 10 1 12 10 1 1 1 3 6 1 1 |8 15 7 23 23 1 9 12 13 1 16 10 15 1 15 1 |5 16 9 28 143 101 1 20 20 14 19 1 7 4 1 14 |13 17 22 1 9 2 16 7 18 8 2 13 3 3 15 1 |10 26 34 39 1 15 4 7 1 9 15 1 6 2 15 1 |2 1 1 5 2 1 4 8 1 14 4 1 1 1 1 16 |22 1 1 18 2 8 1 8 13 1 2 7 1 1 1 6 |
8801: 1 4 12 1 13 3 10 1 6 1 1 2 11 1 17 6 |1 4 3 9 1 1 1 1 1 4 10 12 10 1 5 4 |3 7 15 2 9 4 13 7 4 2 2 4 1 3 1 2 |1 2 15 1 12 11 9 13 1 1 14 1 1 1 1 1 |1 1 1 1 5 2 3 2 1 10 1 2 1 1 1 1 |2 8 1 8 1 10 1 12 10 1 1 1 3 6 1 1 |8 15 7 23 23 1 9 12 13 1 16 10 15 1 15 1 |4 5 22 1 13 1 7 20 13 1 19 3 2 1 1 12 |13 17 22 1 9 2 16 7 18 8 2 13 3 3 15 1 |10 26 34 39 1 15 4 7 1 9 15 1 6 2 15 1 |2 1 1 5 2 1 4 8 1 14 4 1 1 1 1 16 |22 1 1 18 2 8 1 8 13 1 2 7 1 1 1 6 |
8811: 1 4 12 1 13 3 10 1 6 1 1 2 11 1 17 6 |1 4 3 9 1 1 1 1 1 4 10 12 10 1 5 4 |3 7 15 2 9 4 13 7 4 2 2 4 1 3 1 2 |1 2 15 1 12 11 9 13 1 1 14 1 1 1 1 1 |1 1 1 1 5 2 3 2 1 10 1 2 1 1 1 1 |2 8 1 8 1 10 1 12 10 1 1 1 3 6 1 1 |8 15 7 23 23 1 9 12 13 1 16 10 15 1 15 1 |4 5 22 1 13 1 7 20 13 1 19 3 2 1 1 12 |13 17 22 1 9 2 16 7 18 8 2 13 3 3 15 1 |10 26 34 39 1 15 4 7 1 9 15 1 6 2 15 1 |2 1 1 5 2 1 4 8 1 14 4 1 1 1 1 16 |22 1 1 18 2 8 1 8 13 1 2 7 1 1 1 6 |
8822: 1 4 12 1 13 3 10 1 6 1 1 2 11 1 17 6 |1 4 3 9 1 1 1 1 1 4 10 12 10 1 5 4 |3 7 15 2 9 4 13 7 4 2 2 4 1 3 1 2 |1 2 15 1 12 11 9 13 1 1 14 1 1 1 1 1 |1 1 1 1 5 2 3 2 1 10 1 2 1 1 1 1 |2 8 1 8 1 10 1 12 10 1 1 1 3 6 1 1 |8 15 7 23 23 1 9 12 13 1 16 10 15 1 15 1 |4 5 22 1 13 1 7 20 13 1 19 3 2 1 1 12 |13 17 22 1 9 2 16 7 18 8 2 13 3 3 15 1 |10 26 34 39 1 15 4 7 1 9 15 1 6 2 15 1 |2 1 1 5 2 1 4 8 1 14 4 1 1 1 1 16 |22 1 1 18 2 8 1 8 13 1 2 7 1 1 1 6 |
8833: 1 4 12 1 13 3 10 1 6 1 1 2 11 1 17 6 |1 4 3 9 1 1 1 1 1 4 10 12 10 1 5 4 |3 7 15 2 9 4 13 7 4 2 2 4 1 3 1 2 |1 2 15 1 12 11 9 13 1 1 14 1 1 1 1 1 |1 1 1 1 5 2 3 2 1 10 1 2 1 1 1 1 |2 8 1 8 1 10 1 12 10 1 1 1 3 6 1 1 |8 15 7 23 23 1 9 12 13 1 16 10 15 1 15 1 |4 5 22 1 13 1 7 20 13 1 19 3 2 1 1 12 |13 17 22 1 9 2 16 7 18 8 2 13 3 3 15 1 |10 26 34 39 1 15 4 7 1 9 15 1 6 2 15 1 |2 1 1 5 2 1 4 8 1 14 4 1 1 1 1 16 |22 1 1 18 2 8 1 8 13 1 2 7 1 1 1 6 |
8843: 1 4 12 1 13 3 10 1 6 1 1 2 11 1 17 6 |1 4 3 9 1 1 1 1 1 4 10 12 10 1 5 4 |3 7 15 2 9 4 13 7 4 2 2 4 1 3 1 2 |1 2 15 1 12 11 9 13 1 1 14 1 1 1 1 1 |1 1 1 1 5 2 3 2 1 10 1 2 1 1 1 1 |2 8 1 8 1 10 1 12 10 1 1 1 3 6 1 1 |8 15 7 23 23 1 9 12 13 1 16 10 15 1 15 1 |4 5 22 1 13 1 7 20 13 1 19 3 2 1 1 12 |13 17 22 1 9 2 16 7 18 8 2 13 3 3 15 1 |10 26 34 39 1 15 4 7 1 9 15 1 6 2 15 1 |2 1 1 5 2 1 4 8 1 14 4 1 1 1 1 16 |22 1 1 18 2 8 1 8 13 1 2 7 1 1 1 6 |
8854: 1 4 12 1 13 3 10 1 6 1 1 2 11 1 17 6 |1 4 3 9 1 1 1 1 1 4 10 12 10 1 5 4 |3 7 15 2 9 4 13 7 4 2 2 4 1 3 1 2 |1 2 15 1 12 11 9 13 1 1 14 1 1 1 1 1 |1 1 1 1 5 2 3 2 1 10 1 2 1 1 1 1 |2 8 1 8 1 10 1 12 10 1 1 1 3 6 1 1 |8 15 7 23 23 1 9 12 13 1 16 10 15 1 15 1 |4 5 22 1 13 1 7 20 13 1 19 3 2 1 1 12 |13 17 22 1 9 2 16 7 18 8 2 13 3 3 15 1 |10 26 34 39 1 15 4 7 1 9 15 1 6 2 15 1 |2 1 1 5 2 1 4 8 1 14 4 1 1 1 1 16 |22 1 1 18 2 8 1 8 13 1 2 7 1 1 1 6 |
8864: 1 4 12 1 13 3 10 1 6 1 1 2 11 1 17 6 |1 4 3 9 1 1 1 1 1 4 10 12 10 1 5 4 |3 7 15 2 9 4 13 7 4 2 2 4 1 3 1 2 |1 2 15 1 12 11 9 13 1 1 14 1 1 1 1 1 |1 1 1 1 5 2 3 2 1 10 1 2 1 1 1 1 |2 8 1 8 1 10 1 12 10 1 1 1 3 6 1 1 |8 14 3 1 1 1 1 12 15 1 6 8 11 1 16 1 |4 5 22 1 13 1 7 20 13 1 19 3 2 1 1 12 |13 17 22 1 9 2 16 7 18 8 2 13 3 3 15 1 |10 26 34 39 1 15 4 7 1 9 15 1 6 2 15 1 |2 1 1 5 2 1 4 8 1 14 4 1 1 1 1 16 |22 1 1 18 2 8 1 8 13 1 2 7 1 1 1 6 |
8875: 1 4 12 1 13 3 10 1 6 1 1 2 11 1 17 6 |1 4 3 9 1 1 1 1 1 4 10 12 10 1 5 4 |3 7 15 2 9 4 13 7 4 2 2 4 1 3 1 2 |1 2 15 1 12 11 9 13 1 1 14 1 1 1 1 1 |1 1 1 1 5 2 3 2 1 10 1 2 1 1 1 1 |2 8 1 8 1 10 1 12 10 1 1 1 3 6 1 1 |8 14 3 1 1 1 1 12 15 1 6 8 11 1 16 1 |4 5 22 1 13 1 7 20 13 1 19 3 2 1 1 12 |13 17 22 1 9 2 16 7 18 8 2 13 3 3 15 1 |10 26 34 39 1 15 4 7 1 9 15 1 6 2 15 1 |2 1 1 5 2 1 4 8 1 14 4 1 1 1 1 16 |22 1 1 18 2 8 1 8 13 1 2 7 1 1 1 6 |
8885: 1 4 12 1 13 3 10 1 6 1 1 2 11 1 17 6 |1 4 3 9 1 1 1 1 1 4 10 12 10 1 5 4 |3 7 15 2 9 4 13 7 4 2 2 4 1 3 1 2 |1 2 15 1 12 11 9 13 1 1 14 1 1 1 1 1 |1 1 1 1 5 2 3 2 1 10 1 2 1 1 1 1 |2 8 1 8 1 10 1 12 10 1 1 1 3 6 1 1 |8 14 3 1 1 1 1 12 15 1 6 8 11 1 16 1 |4 5 22 1 13 1 7 20 13 1 19 3 2 1 1 12 |13 17 22 1 9 2 16 7 18 8 2 13 3 3 15 1 |10 26 34 39 1 15 4 7 1 9 15 1 6 2 15 1 |2 1 1 5 2 1 4 8 1 14 4 1 1 1 1 16 |22 1 1 18 2 8 1 8 13 1 2 7 1 1 1 6 |
8895: 1 4 12 1 13 3 10 1 6 1 1 2 11 1 17 6 |1 4 3 9 1 1 1 1 1 4 10 12 10 1 5 4 |4 7 1 3 10 1 14 8 3 1 3 1 1 4 1 1 |1 2 15 1 12 11 9 13 1 1 14 1 1 1 1 1 |1 1 1 1 5 2 3 2 1 10 1 2 1 1 1 1 |2 8 1 8 1 10 1 12 10 1 1 1 3 6 1 1 |8 14 3 1 1 1 1 12 15 1 6 8 11 1 16 1 |4 5 22 1 13 1 7 20 13 1 19 3 2 1 1 12 |13 17 22 1 9 2 16 7 18 8 2 13 3 3 15 1 |10 26 34 39 1 15 4 7 1 9 15 1 6 2 15 1 |2 1 1 5 2 1 4 8 1 14 4 1 1 1 1 16 |22 1 1 18 2 8 1 8 13 1 2 7 1 1 1 6 |
8906: 1 4 12 1 13 3 10 1 6 1 1 2 11 1 17 6 |1 4 3 9 1 1 1 1 1 4 10 12 10 1 5 4 |4 7 1 3 10 1 14 8 3 1 3 1 1 4 1 1 |1 2 15 1 12 11 9 13 1 1 14 1 1 1 1 1 |1 1 1 1 5 2 3 2 1 10 1 2 1 1 1 1 |2 8 1 8 1 10 1 12 10 1 1 1 3 6 1 1 |8 14 3 1 1 1 1 12 15 1 6 8 11 1 16 1 |4 5 22 1 13 1 7 20 13 1 19 3 2 1 1 12 |13 17 22 1 9 2 16 7 18 8 2 13 3 3 15 1 |10 26 34 39 1 15 4 7 1 9 15 1 6 2 15 1 |2 1 1 5 2 1 4 8 1 14 4 1 1 1 1 16 |20 1 5 10 1 1 4 13 4 1 1 1 1 1 3 4 |
8916: 1 4 12 1 13 3 10 1 6 1 1 2 11 1 17 6 |1 4 3 9 1 1 1 1 1 4 10 12 10 1 5 4 |4 7 1 3 10 1 14 8 3 1 3 1 1 4 1 1 |1 2 15 1 12 11 9 13 1 1 14 1 1 1 1 1 |1 1 1 1 5 2 3 2 1 10 1 2 1 1 1 1 |2 8 1 8 1 10 1 12 10 1 1 1 3 6 1 1 |8 14 3 1 1 1 1 12 15 1 6 8 11 1 16 1 |4 5 22 1 13 1 7 20 13 1 19 3 2 1 1 12 |13 17 22 1 9 2 16 7 18 8 2 13 3 3 15 1 |10 26 34 39 1 15 4 7 1 9 15 1 6 2 15 1 |2 1 1 5 2 1 4 8 1 14 4 1 1 1 1 16 |20 1 5 10 1 1 4 13 4 1 1 1 1 1 3 4 |
8928: 1 1 1 1 5 15 4 1 6 1 2 2 9 1 3 1 |1 4 3 9 1 1 1 1 1 4 10 12 10 1 5 4 |4 7 1 3 10 1 14 8 3 1 3 1 1 4 1 1 |1 2 15 1 12 11 9 13 1 1 14 1 1 1 1 1 |1 1 1 1 5 2 3 2 1 10 1 2 1 1 1 1 |2 8 1 8 1 10 1 12 10 1 1 1 3 6 1 1 |8 14 3 1 1 1 1 12 15 1 6 8 11 1 16 1 |4 5 22 1 13 1 7 20 13 1 19 3 2 1 1 12 |13 17 22 1 9 2 16 7 18 8 2 13 3 3 15 1 |10 26 34 39 1 15 4 7 1 9 15 1 6 2 15 1 |2 1 1 5 2 1 4 8 1 14 4 1 1 1 1 16 |20 1 5 10 1 1 4 13 4 1 1 1 1 1 3 4 |
8938: 1 1 1 1 5 15 4 1 6 1 2 2 9 1 3 1 |1 4 3 9 1 1 1 1 1 4 10 12 10 1 5 4 |4 7 1 3 10 1 14 8 3 1 3 1 1 4 1 1 |1 2 15 1 12 11 9 13 1 1 14 1 1 1 1 1 |1 1 1 1 5 2 3 2 1 10 1 2 1 1 1 1 |2 8 1 8 1 10 1 12 10 1 1 1 3 6 1 1 |8 14 3 1 1 1 1 12 15 1 6 8 11 1 16 1 |4 5 22 1 13 1 7 20 13 1 19 3 2 1 1 12 |13 17 22 1 9 2 16 7 18 8 2 13 3 3 15 1 |3 45 247 225 21 13 8 1 1 1 16 1 1 4 18 6 |2 1 1 5 2 1 4 8 1 14 4 1 1 1 1 16 |20 1 5 10 1 1 4 13 4 1 1 1 1 1 3 4 |
8948: 1 1 1 1 5 15 4 1 6 1 2 2 9 1 3 1 |1 4 3 9 1 1 1 1 1 4 10 12 10 1 5 4 |4 7 1 3 10 1 14 8 3 1 3 1 1 4 1 1 |1 2 15 1 12 11 9 13 1 1 14 1 1 1 1 1 |1 1 1 1 5 2 3 2 1 10 1 2 1 1 1 1 |2 8 1 8 1 10 1 12 10 1 1 1 3 6 1 1 |8 14 3 1 1 1 1 12 15 1 6 8 11 1 16 1 |4 5 22 1 13 1 7 20 13 1 19 3 2 1 1 12 |13 17 22 1 9 2 16 7 18 8 2 13 3 3 15 1 |3 45 247 225 21 13 8 1 1 1 16 1 1 4 18 6 |1 1 106 65 10 16 1 7 1 15 16 1 9 1 1 18 |20 1 5 10 1 1 4 13 4 1 1 1 1 1 3 4 |
8959: 1 1 1 1 5 15 4 1 6 1 2 2 9 1 3 1 |1 4 3 9 1 1 1 1 1 4 10 12 10 1 5 4 |4 7 1 3 10 1 14 8 3 1 3 1 1 4 1 1 |1 2 15 1 12 11 9 13 1 1 14 1 1 1 1 1 |1 1 1 1 5 2 3 2 1 10 1 2 1 1 1 1 |2 8 1 8 1 10 1 12 10 1 1 1 3 6 1 1 |8 14 3 1 1 1 1 12 15 1 6 8 11 1 16 1 |4 5 22 1 13 1 7 20 13 1 19 3 2 1 1 12 |13 17 22 1 9 2 16 7 18 8 2 13 3 3 15 1 |3 45 247 225 21 13 8 1 1 1 16 1 1 4 18 6 |1 1 106 65 10 16 1 7 1 15 16 1 9 1 1 18 |20 1 5 10 1 1 4 13 4 1 1 1 1 1 3 4 |
8970: 1 1 1 1 5 15 4 1 6 1 2 2 9 1 3 1 |1 4 3 9 1 1 1 1 1 4 10 12 10 1 5 4 |4 7 1 3 10 1 14 8 3 1 3 1 1 4 1 1 |1 2 15 1 12 11 9 13 1 1 14 1 1 1 1 1 |1 1 1 1 5 2 3 2 1 10 1 2 1 1 1 1 |2 8 1 8 1 10 1 12 10 1 1 1 3 6 1 1 |8 14 2 2 6 1 1 12 13 1 15 9 9 1 16 1 |4 5 22 1 13 1 7 20 13 1 19 3 2 1 1 12 |13 17 22 1 9 2 16 7 18 8 2 13 3 3 15 1 |3 45 247 225 21 13 8 1 1 1 16 1 1 4 18 6 |1 1 106 65 10 16 1 7 1 15 16 1 9 1 1 18 |20 1 5 10 1 1 4 13 4 1 1 1 1 1 3 4 |
8980: 1 1 1 1 5 15 4 1 6 1 2 2 9 1 3 1 |1 4 3 9 1 1 1 1 1 4 10 12 10 1 5 4 |4 7 1 3 10 1 14 8 3 1 3 1 1 4 1 1 |1 2 15 1 12 11 9 13 1 1 14 1 1 1 1 1 |1 1 1 1 5 2 3 2 1 10 1 2 1 1 1 1 |2 8 1 8 1 10 1 12 10 1 1 1 3 6 1 1 |8 14 2 2 6 1 1 12 13 1 15 9 9 1 16 1 |4 5 22 1 13 1 7 20 13 1 19 3 2 1 1 12 |13 17 22 1 9 2 16 7 18 8 2 13 3 3 15 1 |3 45 247 225 21 13 8 1 1 1 16 1 1 4 18 6 |1 1 106 65 10 16 1 7 1 15 16 1 9 1 1 18 |20 1 5 10 1 1 4 13 4 1 1 1 1 1 3 4 |
8991: 1 1 1 1 5 15 4 1 6 1 2 2 9 1 3 1 |1 4 3 9 1 1 1 1 1 4 10 12 10 1 5 4 |4 7 1 3 10 1 14 8 3 1 3 1 1 4 1 1 |1 2 15 1 12 11 9 13 1 1 14 1 1 1 1 1 |1 1 1 1 5 2 3 2 1 10 1 2 1 1 1 1 |2 8 1 8 1 10 1 12 10 1 1 1 3 6 1 1 |8 14 2 2 6 1 1 12 13 1 15 9 9 1 16 1 |4 5 22 1 13 1 7 20 13 1 19 3 2 1 1 12 |13 17 22 1 9 2 16 7 18 8 2 13 3 3 15 1 |3 45 247 225 21 13 8 1 1 1 16 1 1 4 18 6 |1 1 106 65 10 16 1 7 1 15 16 1 9 1 1 18 |20 1 5 10 1 1 4 13 4 1 1 1 1 1 3 4 |
9002: 1 1 1 1 5 15 4 1 6 1 2 2 9 1 3 1 |1 4 3 9 1 1 1 1 1 4 10 12 10 1 5 4 |4 7 1 3 10 1 14 8 3 1 3 1 1 4 1 1 |1 2 15 1 12 11 9 13 1 1 14 1 1 1 1 1 |1 1 1 1 5 2 3 2 1 10 1 2 1 1 1 1 |2 8 1 8 1 10 1 12 10 1 1 1 3 6 1 1 |8 14 2 2 6 1 1 12 13 1 15 9 9 1 16 1 |4 5 22 1 13 1 7 20 13 1 19 3 2 1 1 12 |1 11 100 73 7 3 16 7 19 16 2 13 3 4 16 3 |3 45 247 225 21 13 8 1 1 1 16 1 1 4 18 6 |1 1 106 65 10 16 1 7 1 15 16 1 9 1 1 18 |20 1 5 10 1 1 4 13 4 1 1 1 1 1 3 4 |
9013: 1 1 1 1 5 15 4 1 6 1 2 2 9 1 3 1 |1 4 3 9 1 1 1 1 1 4 10 12 10 1 5 4 |4 7 1 3 10 1 14 8 3 1 3 1 1 4 1 1 |1 2 15 1 12 11 9 13 1 1 14 1 1 1 1 1 |1 1 1 1 5 2 3 2 1 10 1 2 1 1 1 1 |2 8 1 8 1 10 1 12 10 1 1 1 3 6 1 1 |8 14 2 2 6 1 1 12 13 1 15 9 9 1 16 1 |4 5 22 1 13 1 7 20 13 1 19 3 2 1 1 12 |1 11 100 73 7 3 16 7 19 16 2 13 3 4 16 3 |11 46 247 242 14 1 1 1 1 10 11 1 1 10 12 1 |1 1 106 65 10 16 1 7 1 15 16 1 9 1 1 18 |20 1 5 10 1 1 4 13 4 1 1 1 1 1 3 4 |
9024: 1 1 1 1 5 15 4 1 6 1 2 2 9 1 3 1 |1 4 3 9 1 1 1 1 1 4 10 12 10 1 5 4 |4 7 1 3 10 1 14 8 3 1 3 1 1 4 1 1 |1 2 15 1 12 11 9 13 1 1 14 1 1 1 1 1 |1 1 1 1 5 2 3 2 1 10 1 2 1 1 1 1 |2 8 1 8 1 10 1 12 10 1 1 1 3 6 1 1 |8 14 2 2 6 1 1 12 13 1 15 9 9 1 16 1 |4 5 22 1 13 1 7 20 13 1 19 3 2 1 1 12 |1 11 100 73 7 3 16 7 19 16 2 13 3 4 16 3 |11 46 247 242 14 1 1 1 1 10 11 1 1 10 12 1 |1 1 106 65 10 16 1 7 1 15 16 1 9 1 1 18 |20 1 5 10 1 1 4 13 4 1 1 1 1 1 3 4 |
9035: 1 1 1 1 5 15 4 1 6 1 2 2 9 1 3 1 |1 4 3 9 1 1 1 1 1 4 10 12 10 1 5 4 |4 7 1 3 10 1 14 8 3 1 3 1 1 4 1 1 |1 2 15 1 12 11 9 13 1 1 14 1 1 1 1 1 |1 1 1 1 5 2 3 2 1 10 1 2 1 1 1 1 |2 8 1 8 1 10 1 12 10 1 1 1 3 6 1 1 |8 14 2 2 6 1 1 12 13 1 15 9 9 1 16 1 |6 12 23 10 13 1 7 19 16 1 4 2 7 1 4 13 |1 11 100 73 7 3 16 7 19 16 2 13 3 4 16 3 |11 46 247 242 14 1 1 1 1 10 11 1 1 10 12 1 |1 1 106 65 10 16 1 7 1 15 16 1 9 1 1 18 |20 1 5 10 1 1 4 13 4 1 1 1 1 1 3 4 |
9046: 1 1 1 1 5 15 4 1 6 1 2 2 9 1 3 1 |1 4 3 9 1 1 1 1 1 4 10 12 10 1 5 4 |4 7 1 3 10 1 14 8 3 1 3 1 1 4 1 1 |1 2 15 1 12 11 9 13 1 1 14 1 1 1 1 1 |1 1 1 1 5 2 3 2 1 10 1 2 1 1 1 1 |2 8 1 8 1 10 1 12 10 1 1 1 3 6 1 1 |8 14 2 2 6 1 1 12 13 1 15 9 9 1 16 1 |6 12 23 10 13 1 7 19 16 1 4 2 7 1 4 13 |1 11 100 73 7 3 16 7 19 16 2 13 3 4 16 3 |11 46 247 242 14 1 1 1 1 10 11 1 1 10 12 1 |1 1 106 65 10 16 1 7 1 15 16 1 9 1 1 18 |20 1 5 10 1 1 4 13 4 1 1 1 1 1 3 4 |
9057: 1 1 1 1 5 15 4 1 6 1 2 2 9 1 3 1 |1 4 3 9 1 1 1 1 1 4 10 12 10 1 5 4 |4 7 1 3 10 1 14 8 3 1 3 1 1 4 1 1 |1 2 15 1 12 11 9 13 1 1 14 1 1 1 1 1 |1 1 1 1 5 2 3 2 1 10 1 2 1 1 1 1 |2 8 1 8 1 10 1 12 10 1 1 1 3 6 1 1 |8 14 2 2 6 1 1 12 13 1 15 9 9 1 16 1 |6 12 23 10 13 1 7 19 16 1 4 2 7 1 4 13 |1 11 100 73 7 3 16 7 19 16 2 13 3 4 16 3 |11 46 247 242 14 1 1 1 1 10 11 1 1 10 12 1 |1 1 106 65 10 16 1 7 1 15 16 1 9 1 1 18 |20 1 5 10 1 1 4 13 4 1 1 1 1 1 3 4 |
9068: 1 1 1 1 5 15 4 1 6 1 2 2 9 1 3 1 |1 4 3 9 1 1 1 1 1 4 10 12 10 1 5 4 |4 7 1 3 10 1 14 8 3 1 3 1 1 4 1 1 |1 2 15 1 12 11 9 13 1 1 14 1 1 1 1 1 |1 1 1 1 5 2 3 2 1 10 1 2 1 1 1 1 |2 9 3 21 1 9 1 12 11 1 1 1 7 5 1 2 |8 14 2 2 6 1 1 12 13 1 15 9 9 1 16 1 |6 12 23 10 13 1 7 19 16 1 4 2 7 1 4 13 |1 11 100 73 7 3 16 7 19 16 2 13 3 4 16 3 |11 46 247 242 14 1 1 1 1 10 11 1 1 10 12 1 |1 1 106 65 10 16 1 7 1 15 16 1 9 1 1 18 |20 1 5 10 1 1 4 13 4 1 1 1 1 1 3 4 |
9079: 1 1 1 1 5 15 4 1 6 1 2 2 9 1 3 1 |1 4 3 9 1 1 1 1 1 4 10 12 10 1 5 4 |4 7 1 3 10 1 14 8 3 1 3 1 1 4 1 1 |1 2 15 1 12 11 9 13 1 1 14 1 1 1 1 1 |1 1 1 1 5 2 3 2 1 10 1 2 1 1 1 1 |2 9 3 21 1 9 1 12 11 1 1 1 7 5 1 2 |8 14 2 2 6 1 1 12 13 1 15 9 9 1 16 1 |6 12 23 10 13 1 7 19 16 1 4 2 7 1 4 13 |1 11 100 73 7 3 16 7 19 16 2 13 3 4 16 3 |11 46 247 242 14 1 1 1 1 10 11 1 1 10 12 1 |1 1 106 65 10 16 1 7 1 15 16 1 9 1 1 18 |20 1 5 10 1 1 4 13 4 1 1 1 1 1 3 4 |
9090: 1 1 1 1 5 15 4 1 6 1 2 2 9 1 3 1 |1 4 3 9 1 1 1 1 1 4 10 12 10 1 5 4 |4 7 1 3 10 1 14 8 3 1 3 1 1 4 1 1 |1 2 15 1 12 11 9 13 1 1 14 1 1 1 1 1 |1 1 1 1 5 2 3 2 1 10 1 2 1 1 1 1 |2 9 3 21 1 9 1 12 11 1 1 1 7 5 1 2 |8 14 2 2 6 1 1 12 13 1 15 9 9 1 16 1 |6 12 23 10 13 1 7 19 16 1 4 2 7 1 4 13 |1 11 100 73 7 3 16 7 19 16 2 13 3 4 16 3 |11 46 247 242 14 1 1 1 1 10 11 1 1 10 12 1 |1 1 106 65 10 16 1 7 1 15 16 1 9 1 1 18 |20 1 5 10 1 1 4 13 4 1 1 1 1 1 3 4 |
9100: 1 1 1 1 5 15 4 1 6 1 2 2 9 1 3 1 |1 4 3 9 1 1 1 1 1 4 10 12 10 1 5 4 |4 7 1 3 10 1 14 8 3 1 3 1 1 4 1 1 |1 2 15 1 12 11 9 13 1 1 14 1 1 1 1 1 |1 1 1 1 5 2 3 2 1 10 1 2 1 1 1 1 |2 14 8 1 1 11 1 12 10 1 1 2 1 5 1 1 |8 14 2 2 6 1 1 12 13 1 15 9 9 1 16 1 |6 12 23 10 13 1 7 19 16 1 4 2 7 1 4 13 |1 11 100 73 7 3 16 7 19 16 2 13 3 4 16 3 |11 46 247 242 14 1 1 1 1 10 11 1 1 10 12 1 |1 1 106 65 10 16 1 7 1 15 16 1 9 1 1 18 |20 1 5 10 1 1 4 13 4 1 1 1 1 1 3 4 |
9111: 1 1 1 1 5 15 4 1 6 1 2 2 9 1 3 1 |1 4 3 9 1 1 1 1 1 4 10 12 10 1 5 4 |4 7 1 3 10 1 14 8 3 1 3 1 1 4 1 1 |1 2 15 1 12 11 9 13 1 1 14 1 1 1 1 1 |1 1 1 1 5 2 3 2 1 10 1 2 1 1 1 1 |2 14 8 1 1 11 1 12 10 1 1 2 1 5 1 1 |8 14 2 2 6 1 1 12 13 1 15 9 9 1 16 1 |6 12 23 10 13 1 7 19 16 1 4 2 7 1 4 13 |1 11 100 73 7 3 16 7 19 16 2 13 3 4 16 3 |11 46 247 242 14 1 1 1 1 10 11 1 1 10 12 1 |1 1 106 65 10 16 1 7 1 15 16 1 9 1 1 18 |22 5 2 9 1 8 3 14 4 1 1 6 3 2 4 4 |
9122: 1 1 1 1 5 15 4 1 6 1 2 2 9 1 3 1 |1 4 3 9 1 1 1 1 1 4 10 12 10 1 5 4 |4 7 1 3 10 1 14 8 3 1 3 1 1 4 1 1 |1 2 15 1 12 11 9 13 1 1 14 1 1 1 1 1 |1 1 1 1 5 2 3 2 1 10 1 2 1 1 1 1 |2 14 8 1 1 11 1 12 10 1 1 2 1 5 1 1 |8 14 2 2 6 1 1 12 13 1 15 9 9 1 16 1 |6 12 23 10 13 1 7 19 16 1 4 2 7 1 4 13 |1 11 100 73 7 3 16 7 19 16 2 13 3 4 16 3 |11 46 247 242 14 1 1 1 1 10 11 1 1 10 12 1 |1 1 106 65 10 16 1 7 1 15 16 1 9 1 1 18 |22 5 2 9 1 8 3 14 4 1 1 6 3 2 4 4 |
9133: 1 1 1 1 5 15 4 1 6 1 2 2 9 1 3 1 |1 4 3 9 1 1 1 1 1 4 10 12 10 1 5 4 |4 7 1 3 10 1 14 8 3 1 3 1 1 4 1 1 |1 2 15 1 12 11 9 13 1 1 14 1 1 1 1 1 |1 1 7 8 5 1 1 2 6 15 12 3 8 1 1 1 |2 14 8 1 1 11 1 12 10 1 1 2 1 5 1 1 |8 14 2 2 6 1 1 12 13 1 15 9 9 1 16 1 |6 12 23 10 13 1 7 19 16 1 4 2 7 1 4 13 |1 11 100 73 7 3 16 7 19 16 2 13 3 4 16 3 |11 46 247 242 14 1 1 1 1 10 11 1 1 10 12 1 |1 1 106 65 10 16 1 7 1 15 16 1 9 1 1 18 |22 5 2 9 1 8 3 14 4 1 1 6 3 2 4 4 |
9144: 1 1 1 1 5 15 4 1 6 1 2 2 9 1 3 1 |1 4 3 9 1 1 1 1 1 4 10 12 10 1 5 4 |4 7 1 3 10 1 14 8 3 1 3 1 1 4 1 1 |1 2 15 1 12 11 9 13 1 1 14 1 1 1 1 1 |1 1 7 8 5 1 1 2 6 15 12 3 8 1 1 1 |2 14 8 1 1 11 1 12 10 1 1 2 1 5 1 1 |8 14 2 2 6 1 1 12 13 1 15 9 9 1 16 1 |6 12 23 10 13 1 7 19 16 1 4 2 7 1 4 13 |1 11 100 73 7 3 16 7 19 16 2 13 3 4 16 3 |11 46 247 242 14 1 1 1 1 10 11 1 1 10 12 1 |1 1 106 65 10 16 1 7 1 15 16 1 9 1 1 18 |22 5 2 9 1 8 3 14 4 1 1 6 3 2 4 4 |
9155: 1 1 1 1 5 15 4 1 6 1 2 2 9 1 3 1 |1 4 3 9 1 1 1 1 1 4 10 12 10 1 5 4 |4 7 1 3 10 1 14 8 3 1 3 1 1 4 1 1 |1 2 15 1 12 11 9 13 1 1 14 1 1 1 1 1 |1 1 7 8 5 1 1 2 6 15 12 3 8 1 1 1 |2 14 8 1 1 11 1 12 10 1 1 2 1 5 1 1 |8 14 2 2 6 1 1 12 13 1 15 9 9 1 16 1 |6 12 23 10 13 1 7 19 16 1 4 2 7 1 4 13 |1 11 100 73 7 3 16 7 19 16 2 13 3 4 16 3 |11 46 247 242 14 1 1 1 1 10 11 1 1 10 12 1 |1 1 106 65 10 16 1 7 1 15 16 1 9 1 1 18 |22 5 2 9 1 8 3 14 4 1 1 6 3 2 4 4 |
9166: 1 1 1 1 5 15 4 1 6 1 2 2 9 1 3 1 |1 4 3 9 1 1 1 1 1 4 10 12 10 1 5 4 |4 7 1 3 10 1 14 8 3 1 3 1 1 4 1 1 |1 2 15 1 12 11 9 13 1 1 14 1 1 1 1 1 |1 1 7 8 5 1 1 2 6 15 12 3 8 1 1 1 |2 14 8 1 1 11 1 12 10 1 1 2 1 5 1 1 |8 6 1 8 1 1 1 12 12 1 2 10 10 1 14 2 |6 12 23 10 13 1 7 19 16 1 4 2 7 1 4 13 |1 11 100 73 7 3 16 7 19 16 2 13 3 4 16 3 |11 46 247 242 14 1 1 1 1 10 11 1 1 10 12 1 |1 1 106 65 10 16 1 7 1 15 16 1 9 1 1 18 |22 5 2 9 1 8 3 14 4 1 1 6 3 2 4 4 |
9177: 1 1 1 1 5 15 4 1 6 1 2 2 9 1 3 1 |1 4 3 9 1 1 1 1 1 4 10 12 10 1 5 4 |4 7 1 3 10 1 14 8 3 1 3 1 1 4 1 1 |1 2 15 1 12 11 9 13 1 1 14 1 1 1 1 1 |1 1 7 8 5 1 1 2 6 15 12 3 8 1 1 1 |2 14 8 1 1 11 1 12 10 1 1 2 1 5 1 1 |8 6 1 8 1 1 1 12 12 1 2 10 10 1 14 2 |5 14 15 1 1 2 8 16 17 3 4 3 7 1 3 6 |1 11 100 73 7 3 16 7 19 16 2 13 3 4 16 3 |11 46 247 242 14 1 1 1 1 10 11 1 1 10 12 1 |1 1 106 65 10 16 1 7 1 15 16 1 9 1 1 18 |22 5 2 9 1 8 3 14 4 1 1 6 3 2 4 4 |
9188: 1 1 1 1 5 15 4 1 6 1 2 2 9 1 3 1 |1 4 3 9 1 1 1 1 1 4 10 12 10 1 5 4 |4 7 1 3 10 1 14 8 3 1 3 1 1 4 1 1 |1 2 15 1 12 11 9 13 1 1 14 1 1 1 1 1 |1 1 7 8 5 1 1 2 6 15 12 3 8 1 1 1 |2 14 8 1 1 11 1 12 10 1 1 2 1 5 1 1 |8 6 1 8 1 1 1 12 12 1 2 10 10 1 14 2 |5 14 15 1 1 2 8 16 17 3 4 3 7 1 3 6 |1 11 100 73 7 3 16 7 19 16 2 13 3 4 16 3 |11 46 247 242 14 1 1 1 1 10 11 1 1 10 12 1 |1 1 106 65 10 16 1 7 1 15 16 1 9 1 1 18 |22 5 2 9 1 8 3 14 4 1 1 6 3 2 4 4 |
9199: 1 1 1 1 5 15 4 1 6 1 2 2 9 1 3 1 |1 4 3 9 1 1 1 1 1 4 10 12 10 1 5 4 |4 7 1 3 10 1 14 8 3 1 3 1 1 4 1 1 |1 2 15 1 12 11 9 13 1 1 14 1 1 1 1 1 |1 1 1 1 19 1 1 2 2 2 1 1 8 1 3 3 |2 14 8 1 1 11 1 12 10 1 1 2 1 5 1 1 |8 6 1 8 1 1 1 12 12 1 2 10 10 1 14 2 |5 14 15 1 1 2 8 16 17 3 4 3 7 1 3 6 |1 11 100 73 7 3 16 7 19 16 2 13 3 4 16 3 |11 46 247 242 14 1 1 1 1 10 11 1 1 10 12 1 |1 1 106 65 10 16 1 7 1 15 16 1 9 1 1 18 |22 5 2 9 1 8 3 14 4 1 1 6 3 2 4 4 |
9210: 1 1 1 1 5 15 4 1 6 1 2 2 9 1 3 1 |1 4 3 9 1 1 1 1 1 4 10 12 10 1 5 4 |4 7 1 3 10 1 14 8 3 1 3 1 1 4 1 1 |1 2 15 1 12 11 9 13 1 1 14 1 1 1 1 1 |1 1 1 1 19 1 1 2 2 2 1 1 8 1 3 3 |2 15 3 8 3 10 1 1 10 2 1 1 4 3 1 2 |8 6 1 8 1 1 1 12 12 1 2 10 10 1 14 2 |5 14 15 1 1 2 8 16 17 3 4 3 7 1 3 6 |1 11 100 73 7 3 16 7 19 16 2 13 3 4 16 3 |11 46 247 242 14 1 1 1 1 10 11 1 1 10 12 1 |1 1 106 65 10 16 1 7 1 15 16 1 9 1 1 18 |22 5 2 9 1 8 3 14 4 1 1 6 3 2 4 4 |
9221: 1 1 1 1 5 15 4 1 6 1 2 2 9 1 3 1 |1 4 3 9 1 1 1 1 1 4 10 12 10 1 5 4 |4 7 1 3 10 1 14 8 3 1 3 1 1 4 1 1 |1 2 15 1 12 11 9 13 1 1 14 1 1 1 1 1 |1 1 1 1 19 1 1 2 2 2 1 1 8 1 3 3 |2 15 3 8 3 10 1 1 10 2 1 1 4 3 1 2 |8 6 1 8 1 1 1 12 12 1 2 10 10 1 14 2 |5 14 15 1 1 2 8 16 17 3 4 3 7 1 3 6 |1 11 100 73 7 3 16 7 19 16 2 13 3 4 16 3 |11 46 247 242 14 1 1 1 1 10 11 1 1 10 12 1 |1 1 106 65 10 16 1 7 1 15 16 1 9 1 1 18 |22 5 2 9 1 8 3 14 4 1 1 6 3 2 4 4 |
9232: 1 1 1 1 5 15 4 1 6 1 2 2 9 1 3 1 |1 4 3 9 1 1 1 1 1 4 10 12 10 1 5 4 |4 7 1 3 10 1 14 8 3 1 3 1 1 4 1 1 |1 2 15 1 12 11 9 13 1 1 14 1 1 1 1 1 |1 1 1 1 19 1 1 2 2 2 1 1 8 1 3 3 |2 15 3 8 3 10 1 1 10 2 1 1 4 3 1 2 |8 6 1 8 1 1 1 12 12 1 2 10 10 1 14 2 |5 14 15 1 1 2 8 16 17 3 4 3 7 1 3 6 |1 11 100 73 7 3 16 7 19 16 2 13 3 4 16 3 |11 46 247 242 14 1 1 1 1 10 11 1 1 10 12 1 |1 1 106 65 10 16 1 7 1 15 16 1 9 1 1 18 |22 5 2 9 1 8 3 14 4 1 1 6 3 2 4 4 |
9243: 1 1 1 1 5 15 4 1 6 1 2 2 9 1 3 1 |1 4 3 9 1 1 1 1 1 4 10 12 10 1 5 4 |4 7 1 3 10 1 14 8 3 1 3 1 1 4 1 1 |1 2 15 1 12 11 9 13 1 1 14 1 1 1 1 1 |1 1 1 1 19 1 1 2 2 2 1 1 8 1 3 3 |2 15 3 8 3 10 1 1 10 2 1 1 4 3 1 2 |8 6 1 8 1 1 1 12 12 1 2 10 10 1 14 2 |5 14 15 1 1 2 8 16 17 3 4 3 7 1 3 6 |1 11 100 73 7 3 16 7 19 16 2 13 3 4 16 3 |11 46 247 242 14 1 1 1 1 10 11 1 1 10 12 1 |1 1 106 65 10 16 1 7 1 15 16 1 9 1 1 18 |22 5 2 9 1 8 3 14 4 1 1 6 3 2 4 4 |
9254: 1 1 1 1 5 15 4 1 6 1 2 2 9 1 3 1 |1 4 3 9 1 1 1 1 1 4 10 12 10 1 5 4 |4 7 1 3 10 1 14 8 3 1 3 1 1 4 1 1 |1 2 15 1 12 11 9 13 1 1 14 1 1 1 1 1 |1 1 1 1 19 1 1 2 2 2 1 1 8 1 3 3 |2 15 3 8 3 10 1 1 10 2 1 1 4 3 1 2 |8 6 1 8 1 1 1 12 12 1 2 10 10 1 14 2 |5 14 15 1 1 2 8 16 17 3 4 3 7 1 3 6 |1 11 100 73 7 3 16 7 19 16 2 13 3 4 16 3 |11 46 247 242 14 1 1 1 1 10 11 1 1 10 12 1 |1 1 106 65 10 16 1 7 1 15 16 1 9 1 1 18 |22 5 2 9 1 8 3 14 4 1 1 6 3 2 4 4 |
9265: 1 3 12 1 7 16 9 1 6 1 2 1 8 1 16 6 |1 4 3 9 1 1 1 1 1 4 10 12 10 1 5 4 |4 7 1 3 10 1 14 8 3 1 3 1 1 4 1 1 |1 2 15 1 12 11 9 13 1 1 14 1 1 1 1 1 |1 1 1 1 19 1 1 2 2 2 1 1 8 1 3 3 |2 15 3 8 3 10 1 1 10 2 1 1 4 3 1 2 |8 6 1 8 1 1 1 12 12 1 2 10 10 1 14 2 |5 14 15 1 1 2 8 16 17 3 4 3 7 1 3 6 |1 11 100 73 7 3 16 7 19 16 2 13 3 4 16 3 |11 46 247 242 14 1 1 1 1 10 11 1 1 10 12 1 |1 1 106 65 10 16 1 7 1 15 16 1 9 1 1 18 |22 5 2 9 1 8 3 14 4 1 1 6 3 2 4 4 |
9276: 1 3 12 1 7 16 9 1 6 1 2 1 8 1 16 6 |1 4 3 9 1 1 1 1 1 4 10 12 10 1 5 4 |4 7 1 3 10 1 14 8 3 1 3 1 1 4 1 1 |1 2 15 1 12 11 9 13 1 1 14 1 1 1 1 1 |1 1 1 1 19 1 1 2 2 2 1 1 8 1 3 3 |2 15 3 8 3 10 1 1 10 2 1 1 4 3 1 2 |8 6 1 8 1 1 1 12 12 1 2 10 10 1 14 2 |5 14 15 1 1 2 8 16 17 3 4 3 7 1 3 6 |1 11 100 73 7 3 16 7 19 16 2 13 3 4 16 3 |11 46 247 242 14 1 1 1 1 10 11 1 1 10 12 1 |1 1 106 65 10 16 1 7 1 15 16 1 9 1 1 18 |22 5 2 9 1 8 3 14 4 1 1 6 3 2 4 4 |
9287: 1 3 12 1 7 16 9 1 6 1 2 1 8 1 16 6 |1 4 3 9 1 1 1 1 1 4 10 12 10 1 5 4 |4 7 1 3 10 1 14 8 3 1 3 1 1 4 1 1 |1 2 15 1 12 11 9 13 1 1 14 1 1 1 1 1 |1 1 1 1 19 1 1 2 2 2 1 1 8 1 3 3 |2 15 3 8 3 10 1 1 10 2 1 1 4 3 1 2 |8 6 1 8 1 1 1 12 12 1 2 10 10 1 14 2 |5 14 15 1 1 2 8 16 17 3 4 3 7 1 3 6 |1 11 100 73 7 3 16 7 19 16 2 13 3 4 16 3 |11 46 247 242 14 1 1 1 1 10 11 1 1 10 12 1 |1 1 106 65 10 16 1 7 1 15 16 1 9 1 1 18 |22 5 2 9 1 8 3 14 4 1 1 6 3 2 4 4 |
9298: 1 3 12 1 7 16 9 1 6 1 2 1 8 1 16 6 |1 4 3 9 1 1 1 1 1 4 10 12 10 1 5 4 |4 7 1 3 10 1 14 8 3 1 3 1 1 4 1 1 |1 2 15 1 12 11 9 13 1 1 14 1 1 1 1 1 |1 1 1 1 19 1 1 2 2 2 1 1 8 1 3 3 |2 15 3 8 3 10 1 1 10 2 1 1 4 3 1 2 |8 6 1 8 1 1 1 12 12 1 2 10 10 1 14 2 |5 14 15 1 1 2 8 16 17 3 4 3 7 1 3 6 |14 10 7 2 9 1 15 1 16 1 1 7 1 3 15 1 |11 46 247 242 14 1 1 1 1 10 11 1 1 10 12 1 |1 1 106 65 10 16 1 7 1 15 16 1 9 1 1 18 |22 5 2 9 1 8 3 14 4 1 1 6 3 2 4 4 |
9309: 1 3 12 1 7 16 9 1 6 1 2 1 8 1 16 6 |1 4 3 9 1 1 1 1 1 4 10 12 10 1 5 4 |4 7 1 3 10 1 14 8 3 1 3 1 1 4 1 1 |1 2 15 1 12 11 9 13 1 1 14 1 1 1 1 1 |1 1 1 1 19 1 1 2 2 2 1 1 8 1 3 3 |2 15 3 8 3 10 1 1 10 2 1 1 4 3 1 2 |8 6 1 8 1 1 1 12 12 1 2 10 10 1 14 2 |5 14 15 1 1 2 8 16 17 3 4 3 7 1 3 6 |14 10 7 2 9 1 15 1 16 1 1 7 1 3 15 1 |25 51 11 18 1 1 1 8 1 9 16 1 5 3 14 1 |1 1 106 65 10 16 1 7 1 15 16 1 9 1 1 18 |22 5 2 9 1 8 3 14 4 1 1 6 3 2 4 4 |
9320: 1 3 12 1 7 16 9 1 6 1 2 1 8 1 16 6 |1 4 3 9 1 1 1 1 1 4 10 12 10 1 5 4 |4 7 1 3 10 1 14 8 3 1 3 1 1 4 1 1 |1 2 15 1 12 11 9 13 1 1 14 1 1 1 1 1 |1 1 1 1 19 1 1 2 2 2 1 1 8 1 3 3 |2 15 3 8 3 10 1 1 10 2 1 1 4 3 1 2 |8 6 1 8 1 1 1 12 12 1 2 10 10 1 14 2 |5 14 15 1 1 2 8 16 17 3 4 3 7 1 3 6 |14 10 7 2 9 1 15 1 16 1 1 7 1 3 15 1 |25 51 11 18 1 1 1 8 1 9 16 1 5 3 14 1 |1 1 106 65 10 16 1 7 1 15 16 1 9 1 1 18 |22 5 2 9 1 8 3 14 4 1 1 6 3 2 4 4 |
9331: 1 3 12 1 7 16 9 1 6 1 2 1 8 1 16 6 |1 4 3 9 1 1 1 1 1 4 10 12 10 1 5 4 |4 7 1 3 10 1 14 8 3 1 3 1 1 4 1 1 |1 2 15 1 12 11 9 13 1 1 14 1 1 1 1 1 |1 1 1 1 19 1 1 2 2 2 1 1 8 1 3 3 |2 15 3 8 3 10 1 1 10 2 1 1 4 3 1 2 |6 15 8 8 5 1 1 11 12 4 3 6 2 9 14 1 |5 14 15 1 1 2 8 16 17 3 4 3 7 1 3 6 |14 10 7 2 9 1 15 1 16 1 1 7 1 3 15 1 |25 51 11 18 1 1 1 8 1 9 16 1 5 3 14 1 |1 1 106 65 10 16 1 7 1 15 16 1 9 1 1 18 |22 5 2 9 1 8 3 14 4 1 1 6 3 2 4 4 |
9342: 1 3 12 1 7 16 9 1 6 1 2 1 8 1 16 6 |1 4 3 9 1 1 1 1 1 4 10 12 10 1 5 4 |4 7 1 3 10 1 14 8 3 1 3 1 1 4 1 1 |1 2 15 1 12 11 9 13 1 1 14 1 1 1 1 1 |1 1 1 1 19 1 1 2 2 2 1 1 8 1 3 3 |2 15 3 8 3 10 1 1 10 2 1 1 4 3 1 2 |6 15 8 8 5 1 1 11 12 4 3 6 2 9 14 1 |5 14 15 1 1 2 8 16 17 3 4 3 7 1 3 6 |14 10 7 2 9 1 15 1 16 1 1 7 1 3 15 1 |25 51 11 18 1 1 1 8 1 9 16 1 5 3 14 1 |1 1 106 65 10 16 1 7 1 15 16 1 9 1 1 18 |22 5 2 9 1 8 3 14 4 1 1 6 3 2 4 4 |
9353: 1 3 12 1 7 16 9 1 6 1 2 1 8 1 16 6 |1 4 3 9 1 1 1 1 1 4 10 12 10 1 5 4 |4 7 1 3 10 1 14 8 3 1 3 1 1 4 1 1 |1 2 15 1 12 11 9 13 1 1 14 1 1 1 1 1 |1 1 1 1 19 1 1 2 2 2 1 1 8 1 3 3 |2 15 3 8 3 10 1 1 10 2 1 1 4 3 1 2 |6 15 8 8 5 1 1 11 12 4 3 6 2 9 14 1 |5 14 15 1 1 2 8 16 17 3 4 3 7 1 3 6 |14 10 7 2 9 1 15 1 16 1 1 7 1 3 15 1 |25 51 11 18 1 1 1 8 1 9 16 1 5 3 14 1 |1 1 106 65 10 16 1 7 1 15 16 1 9 1 1 18 |22 5 2 9 1 8 3 14 4 1 1 6 3 2 4 4 |
9364: 1 3 12 1 7 16 9 1 6 1 2 1 8 1 16 6 |1 4 3 9 1 1 1 1 1 4 10 12 10 1 5 4 |4 7 1 3 10 1 14 8 3 1 3 1 1 4 1 1 |1 2 15 1 12 11 9 13 1 1 14 1 1 1 1 1 |1 1 1 1 19 1 1 2 2 2 1 1 8 1 3 3 |2 15 3 8 3 10 1 1 10 2 1 1 4 3 1 2 |10 20 3 1 6 1 1 12 14 1 17 9 10 1 15 1 |5 14 15 1 1 2 8 16 17 3 4 3 7 1 3 6 |14 10 7 2 9 1 15 1 16 1 1 7 1 3 15 1 |25 51 11 18 1 1 1 8 1 9 16 1 5 3 14 1 |1 1 106 65 10 16 1 7 1 15 16 1 9 1 1 18 |22 5 2 9 1 8 3 14 4 1 1 6 3 2 4 4 |
9375: 1 3 12 1 7 16 9 1 6 1 2 1 8 1 16 6 |1 4 3 9 1 1 1 1 1 4 10 12 10 1 5 4 |4 7 1 3 10 1 14 8 3 1 3 1 1 4 1 1 |1 2 15 1 12 11 9 13 1 1 14 1 1 1 1 1 |1 1 1 1 19 1 1 2 2 2 1 1 8 1 3 3 |2 15 3 8 3 10 1 1 10 2 1 1 4 3 1 2 |10 20 3 1 6 1 1 12 14 1 17 9 10 1 15 1 |5 14 15 1 1 2 8 16 17 3 4 3 7 1 3 6 |14 10 7 2 9 1 15 1 16 1 1 7 1 3 15 1 |25 51 11 18 1 1 1 8 1 9 16 1 5 3 14 1 |1 1 106 65 10 16 1 7 1 15 16 1 9 1 1 18 |22 5 2 9 1 8 3 14 4 1 1 6 3 2 4 4 |
9386: 1 3 12 1 7 16 9 1 6 1 2 1 8 1 16 6 |1 4 3 9 1 1 1 1 1 4 10 12 10 1 5 4 |4 7 1 3 10 1 14 8 3 1 3 1 1 4 1 1 |1 2 15 1 12 11 9 13 1 1 14 1 1 1 1 1 |1 1 1 1 19 1 1 2 2 2 1 1 8 1 3 3 |2 15 3 8 3 10 1 1 10 2 1 1 4 3 1 2 |10 20 3 1 6 1 1 12 14 1 17 9 10 1 15 1 |5 14 15 1 1 2 8 16 17 3 4 3 7 1 3 6 |14 10 7 2 9 1 15 1 16 1 1 7 1 3 15 1 |25 51 11 18 1 1 1 8 1 9 16 1 5 3 14 1 |1 1 106 65 10 16 1 7 1 15 16 1 9 1 1 18 |22 5 2 9 1 8 3 14 4 1 1 6 3 2 4 4 |
9397: 1 3 12 1 7 16 9 1 6 1 2 1 8 1 16 6 |1 4 3 9 1 1 1 1 1 4 10 12 10 1 5 4 |4 7 1 3 10 1 14 8 3 1 3 1 1 4 1 1 |1 2 15 1 12 11 9 13 1 1 14 1 1 1 1 1 |1 7 1 4 6 2 1 2 6 1 1 1 2 1 1 1 |2 15 3 8 3 10 1 1 10 2 1 1 4 3 1 2 |10 20 3 1 6 1 1 12 14 1 17 9 10 1 15 1 |5 14 15 1 1 2 8 16 17 3 4 3 7 1 3 6 |14 10 7 2 9 1 15 1 16 1 1 7 1 3 15 1 |25 51 11 18 1 1 1 8 1 9 16 1 5 3 14 1 |1 1 106 65 10 16 1 7 1 15 16 1 9 1 1 18 |22 5 2 9 1 8 3 14 4 1 1 6 3 2 4 4 |
9408: 1 3 12 1 7 16 9 1 6 1 2 1 8 1 16 6 |1 4 3 9 1 1 1 1 1 4 10 12 10 1 5 4 |4 7 1 3 10 1 14 8 3 1 3 1 1 4 1 1 |1 2 15 1 12 11 9 13 1 1 14 1 1 1 1 1 |1 7 1 4 6 2 1 2 6 1 1 1 2 1 1 1 |2 15 3 8 3 10 1 1 10 2 1 1 4 3 1 2 |10 20 3 1 6 1 1 12 14 1 17 9 10 1 15 1 |5 14 15 1 1 2 8 16 17 3 4 3 7 1 3 6 |14 10 7 2 9 1 15 1 16 1 1 7 1 3 15 1 |25 51 11 18 1 1 1 8 1 9 16 1 5 3 14 1 |1 1 106 65 10 16 1 7 1 15 16 1 9 1 1 18 |22 5 2 9 1 8 3 14 4 1 1 6 3 2 4 4 |
9419: 1 3 12 1 7 16 9 1 6 1 2 1 8 1 16 6 |1 4 3 9 1 1 1 1 1 4 10 12 10 1 5 4 |4 7 1 3 10 1 14 8 3 1 3 1 1 4 1 1 |1 2 15 1 12 11 9 13 1 1 14 1 1 1 1 1 |1 7 1 4 6 2 1 2 6 1 1 1 2 1 1 1 |2 15 3 8 3 10 1 1 10 2 1 1 4 3 1 2 |10 20 3 1 6 1 1 12 14 1 17 9 10 1 15 1 |5 14 15 1 1 2 8 16 17 3 4 3 7 1 3 6 |14 10 7 2 9 1 15 1 16 1 1 7 1 3 15 1 |25 51 11 18 1 1 1 8 1 9 16 1 5 3 14 1 |1 1 106 65 10 16 1 7 1 15 16 1 9 1 1 18 |22 5 2 9 1 8 3 14 4 1 1 6 3 2 4 4 |
9430: 1 3 12 1 7 16 9 1 6 1 2 1 8 1 16 6 |1 4 3 9 1 1 1 1 1 4 10 12 10 1 5 4 |4 7 1 3 10 1 14 8 3 1 3 1 1 4 1 1 |1 2 15 1 12 11 9 13 1 1 14 1 1 1 1 1 |1 7 1 4 6 2 1 2 6 1 1 1 2 1 1 1 |2 15 3 8 3 10 1 1 10 2 1 1 4 3 1 2 |10 20 3 1 6 1 1 12 14 1 17 9 10 1 15 1 |5 14 15 1 1 2 8 16 17 3 4 3 7 1 3 6 |14 10 7 2 9 1 15 1 16 1 1 7 1 3 15 1 |25 51 11 18 1 1 1 8 1 9 16 1 5 3 14 1 |1 1 106 65 10 16 1 7 1 15 16 1 9 1 1 18 |22 5 2 9 1 8 3 14 4 1 1 6 3 2 4 4 |
9441: 1 3 12 1 7 16 9 1 6 1 2 1 8 1 16 6 |1 4 3 9 1 1 1 1 1 4 10 12 10 1 5 4 |4 7 1 3 10 1 14 8 3 1 3 1 1 4 1 1 |1 2 15 1 12 11 9 13 1 1 14 1 1 1 1 1 |1 7 1 4 6 2 1 2 6 1 1 1 2 1 1 1 |2 15 3 8 3 10 1 1 10 2 1 1 4 3 1 2 |10 20 3 1 6 1 1 12 14 1 17 9 10 1 15 1 |5 14 15 1 1 2 8 16 17 3 4 3 7 1 3 6 |14 10 7 2 9 1 15 1 16 1 1 7 1 3 15 1 |25 51 11 18 1 1 1 8 1 9 16 1 5 3 14 1 |129 245 31 23 2 16 2 1 1 17 12 1 9 1 7 12 |22 5 2 9 1 8 3 14 4 1 1 6 3 2 4 4 |
9452: 1 3 12 1 7 16 9 1 6 1 2 1 8 1 16 6 |1 4 3 9 1 1 1 1 1 4 10 12 10 1 5 4 |4 7 1 3 10 1 14 8 3 1 3 1 1 4 1 1 |1 2 15 1 12 11 9 13 1 1 14 1 1 1 1 1 |1 7 1 4 6 2 1 2 6 1 1 1 2 1 1 1 |2 15 3 8 3 10 1 1 10 2 1 1 4 3 1 2 |10 20 3 1 6 1 1 12 14 1 17 9 10 1 15 1 |5 14 15 1 1 2 8 16 17 3 4 3 7 1 3 6 |14 10 7 2 9 1 15 1 16 1 1 7 1 3 15 1 |25 51 11 18 1 1 1 8 1 9 16 1 5 3 14 1 |129 245 31 23 2 16 2 1 1 17 12 1 9 1 7 12 |22 5 2 9 1 8 3 14 4 1 1 6 3 2 4 4 |
9462: 1 3 12 1 7 16 9 1 6 1 2 1 8 1 16 6 |1 4 3 9 1 1 1 1 1 4 10 12 10 1 5 4 |4 7 1 3 10 1 14 8 3 1 3 1 1 4 1 1 |1 1 14 1 16 1 1 1 1 8 12 1 1 1 1 1 |1 7 1 4 6 2 1 2 6 1 1 1 2 1 1 1 |2 15 3 8 3 10 1 1 10 2 1 1 4 3 1 2 |10 20 3 1 6 1 1 12 14 1 17 9 10 1 15 1 |5 14 15 1 1 2 8 16 17 3 4 3 7 1 3 6 |14 10 7 2 9 1 15 1 16 1 1 7 1 3 15 1 |25 51 11 18 1 1 1 8 1 9 16 1 5 3 14 1 |129 245 31 23 2 16 2 1 1 17 12 1 9 1 7 12 |22 5 2 9 1 8 3 14 4 1 1 6 3 2 4 4 |
9473: 1 3 12 1 7 16 9 1 6 1 2 1 8 1 16 6 |1 4 3 9 1 1 1 1 1 4 10 12 10 1 5 4 |4 7 1 3 10 1 14 8 3 1 3 1 1 4 1 1 |1 1 14 1 16 1 1 1 1 8 12 1 1 1 1 1 |1 7 1 4 6 2 1 2 6 1 1 1 2 1 1 1 |2 15 3 8 3 10 1 1 10 2 1 1 4 3 1 2 |10 20 3 1 6 1 1 12 14 1 17 9 10 1 15 1 |5 14 15 1 1 2 8 16 17 3 4 3 7 1 3 6 |14 10 7 2 9 1 15 1 16 1 1 7 1 3 15 1 |25 51 11 18 1 1 1 8 1 9 16 1 5 3 14 1 |129 245 31 23 2 16 2 1 1 17 12 1 9 1 7 12 |22 5 2 9 1 8 3 14 4 1 1 6 3 2 4 4 |
9484: 1 3 12 1 7 16 9 1 6 1 2 1 8 1 16 6 |1 4 3 9 1 1 1 1 1 4 10 12 10 1 5 4 |4 7 1 3 10 1 14 8 3 1 3 1 1 4 1 1 |1 1 14 1 16 1 1 1 1 8 12 1 1 1 1 1 |1 7 1 4 6 2 1 2 6 1 1 1 2 1 1 1 |2 15 3 8 3 10 1 1 10 2 1 1 4 3 1 2 |10 20 3 1 6 1 1 12 14 1 17 9 10 1 15 1 |5 14 15 1 1 2 8 16 17 3 4 3 7 1 3 6 |14 10 7 2 9 1 15 1 16 1 1 7 1 3 15 1 |25 51 11 18 1 1 1 8 1 9 16 1 5 3 14 1 |129 245 31 23 2 16 2 1 1 17 12 1 9 1 7 12 |22 5 2 9 1 8 3 14 4 1 1 6 3 2 4 4 |
9495: 1 3 12 1 7 16 9 1 6 1 2 1 8 1 16 6 |1 4 3 9 1 1 1 1 1 4 10 12 10 1 5 4 |4 7 1 3 10 1 14 8 3 1 3 1 1 4 1 1 |1 1 14 1 16 1 1 1 1 8 12 1 1 1 1 1 |1 2 1 1 2 1 3 2 2 2 4 2 4 1 1 3 |2 15 3 8 3 10 1 1 10 2 1 1 4 3 1 2 |10 20 3 1 6 1 1 12 14 1 17 9 10 1 15 1 |5 14 15 1 1 2 8 16 17 3 4 3 7 1 3 6 |14 10 7 2 9 1 15 1 16 1 1 7 1 3 15 1 |25 51 11 18 1 1 1 8 1 9 16 1 5 3 14 1 |129 245 31 23 2 16 2 1 1 17 12 1 9 1 7 12 |22 5 2 9 1 8 3 14 4 1 1 6 3 2 4 4 |
9506: 1 3 12 1 7 16 9 1 6 1 2 1 8 1 16 6 |1 4 3 9 1 1 1 1 1 4 10 12 10 1 5 4 |4 7 1 3 10 1 14 8 3 1 3 1 1 4 1 1 |1 1 14 1 16 1 1 1 1 8 12 1 1 1 1 1 |1 2 1 1 2 1 3 2 2 2 4 2 4 1 1 3 |2 15 3 8 3 10 1 1 10 2 1 1 4 3 1 2 |10 20 3 1 6 1 1 12 14 1 17 9 10 1 15 1 |5 14 15 1 1 2 8 16 17 3 4 3 7 1 3 6 |14 10 7 2 9 1 15 1 16 1 1 7 1 3 15 1 |25 51 11 18 1 1 1 8 1 9 16 1 5 3 14 1 |129 245 31 23 2 16 2 1 1 17 12 1 9 1 7 12 |22 5 2 9 1 8 3 14 4 1 1 6 3 2 4 4 |
9517: 1 3 12 1 7 16 9 1 6 1 2 1 8 1 16 6 |1 4 3 9 1 1 1 1 1 4 10 12 10 1 5 4 |4 7 1 3 10 1 14 8 3 1 3 1 1 4 1 1 |1 1 14 1 16 1 1 1 1 8 12 1 1 1 1 1 |1 2 1 1 2 1 3 2 2 2 4 2 4 1 1 3 |2 15 3 8 3 10 1 1 10 2 1 1 4 3 1 2 |10 20 3 1 6 1 1 12 14 1 17 9 10 1 15 1 |5 14 15 1 1 2 8 16 17 3 4 3 7 1 3 6 |14 10 7 2 9 1 15 1 16 1 1 7 1 3 15 1 |25 51 11 18 1 1 1 8 1 9 16 1 5 3 14 1 |129 245 31 23 2 16 2 1 1 17 12 1 9 1 7 12 |22 5 2 9 1 8 3 14 4 1 1 6 3 2 4 4 |
9528: 1 3 12 1 7 16 9 1 6 1 2 1 8 1 16 6 |1 4 3 9 1 1 1 1 1 4 10 12 10 1 5 4 |4 20 15 13 6 4 14 3 3 2 2 5 1 4 2 1 |1 1 14 1 16 1 1 1 1 8 12 1 1 1 1 1 |1 2 1 1 2 1 3 2 2 2 4 2 4 1 1 3 |2 15 3 8 3 10 1 1 10 2 1 1 4 3 1 2 |10 20 3 1 6 1 1 12 14 1 17 9 10 1 15 1 |5 14 15 1 1 2 8 16 17 3 4 3 7 1 3 6 |14 10 7 2 9 1 15 1 16 1 1 7 1 3 15 1 |25 51 11 18 1 1 1 8 1 9 16 1 5 3 14 1 |129 245 31 23 2 16 2 1 1 17 12 1 9 1 7 12 |22 5 2 9 1 8 3 14 4 1 1 6 3 2 4 4 |
9539: 1 3 12 1 7 16 9 1 6 1 2 1 8 1 16 6 |1 4 3 9 1 1 1 1 1 4 10 12 10 1 5 4 |4 20 15 13 6 4 14 3 3 2 2 5 1 4 2 1 |1 1 14 1 16 1 1 1 1 8 12 1 1 1 1 1 |1 2 1 1 2 1 3 2 2 2 4 2 4 1 1 3 |2 15 3 8 3 10 1 1 10 2 1 1 4 3 1 2 |10 20 3 1 6 1 1 12 14 1 17 9 10 1 15 1 |5 14 15 1 1 2 8 16 17 3 4 3 7 1 3 6 |14 10 7 2 9 1 15 1 16 1 1 7 1 3 15 1 |25 51 11 18 1 1 1 8 1 9 16 1 5 3 14 1 |129 245 31 23 2 16 2 1 1 17 12 1 9 1 7 12 |105 100 15 17 8 9 1 14 20 1 1 12 1 1 1 1 |
9550: 1 3 12 1 7 16 9 1 6 1 2 1 8 1 16 6 |1 4 3 9 1 1 1 1 1 4 10 12 10 1 5 4 |4 20 15 13 6 4 14 3 3 2 2 5 1 4 2 1 |1 1 14 1 16 1 1 1 1 8 12 1 1 1 1 1 |1 2 1 1 2 1 3 2 2 2 4 2 4 1 1 3 |2 15 3 8 3 10 1 1 10 2 1 1 4 3 1 2 |10 20 3 1 6 1 1 12 14 1 17 9 10 1 15 1 |5 14 15 1 1 2 8 16 17 3 4 3 7 1 3 6 |14 10 7 2 9 1 15 1 16 1 1 7 1 3 15 1 |25 51 11 18 1 1 1 8 1 9 16 1 5 3 14 1 |129 245 31 23 2 16 2 1 1 17 12 1 9 1 7 12 |105 100 15 17 8 9 1 14 20 1 1 12 1 1 1 1 |
9561: 1 3 12 1 7 16 9 1 6 1 2 1 8 1 16 6 |1 4 3 9 1 1 1 1 1 4 10 12 10 1 5 4 |4 15 14 2 9 2 7 2 3 1 4 1 1 3 1 4 |1 1 14 1 16 1 1 1 1 8 12 1 1 1 1 1 |1 2 1 1 2 1 3 2 2 2 4 2 4 1 1 3 |2 15 3 8 3 10 1 1 10 2 1 1 4 3 1 2 |10 20 3 1 6 1 1 12 14 1 17 9 10 1 15 1 |5 14 15 1 1 2 8 16 17 3 4 3 7 1 3 6 |14 10 7 2 9 1 15 1 16 1 1 7 1 3 15 1 |25 51 11 18 1 1 1 8 1 9 16 1 5 3 14 1 |129 245 31 23 2 16 2 1 1 17 12 1 9 1 7 12 |105 100 15 17 8 9 1 14 20 1 1 12 1 1 1 1 |
9572: 1 3 12 1 7 16 9 1 6 1 2 1 8 1 16 6 |1 4 3 9 1 1 1 1 1 4 10 12 10 1 5 4 |4 15 14 2 9 2 7 2 3 1 4 1 1 3 1 4 |1 1 14 1 16 1 1 1 1 8 12 1 1 1 1 1 |1 2 1 1 2 1 3 2 2 2 4 2 4 1 1 3 |2 15 3 8 3 10 1 1 10 2 1 1 4 3 1 2 |10 20 3 1 6 1 1 12 14 1 17 9 10 1 15 1 |5 14 15 1 1 2 8 16 17 3 4 3 7 1 3 6 |14 10 7 2 9 1 15 1 16 1 1 7 1 3 15 1 |25 51 11 18 1 1 1 8 1 9 16 1 5 3 14 1 |129 245 31 23 2 16 2 1 1 17 12 1 9 1 7 12 |105 100 15 17 8 9 1 14 20 1 1 12 1 1 1 1 |
9583: 1 3 12 1 7 16 9 1 6 1 2 1 8 1 16 6 |1 4 3 9 1 1 1 1 1 4 10 12 10 1 5 4 |4 15 14 2 9 2 7 2 3 1 4 1 1 3 1 4 |1 1 14 1 16 1 1 1 1 8 12 1 1 1 1 1 |1 2 1 1 2 1 3 2 2 2 4 2 4 1 1 3 |2 15 3 8 3 10 1 1 10 2 1 1 4 3 1 2 |10 20 3 1 6 1 1 12 14 1 17 9 10 1 15 1 |5 14 15 1 1 2 8 16 17 3 4 3 7 1 3 6 |14 10 7 2 9 1 15 1 16 1 1 7 1 3 15 1 |25 51 11 18 1 1 1 8 1 9 16 1 5 3 14 1 |129 245 31 23 2 16 2 1 1 17 12 1 9 1 7 12 |105 100 15 17 8 9 1 14 20 1 1 12 1 1 1 1 |
9594: 1 3 12 1 7 16 9 1 6 1 2 1 8 1 16 6 |1 4 3 9 1 1 1 1 1 4 10 12 10 1 5 4 |1 15 14 2 9 2 14 7 4 2 2 4 1 5 1 1 |1 1 14 1 16 1 1 1 1 8 12 1 1 1 1 1 |1 2 1 1 2 1 3 2 2 2 4 2 4 1 1 3 |2 15 3 8 3 10 1 1 10 2 1 1 4 3 1 2 |10 20 3 1 6 1 1 12 14 1 17 9 10 1 15 1 |5 14 15 1 1 2 8 16 17 3 4 3 7 1 3 6 |14 10 7 2 9 1 15 1 16 1 1 7 1 3 15 1 |25 51 11 18 1 1 1 8 1 9 16 1 5 3 14 1 |129 245 31 23 2 16 2 1 1 17 12 1 9 1 7 12 |105 100 15 17 8 9 1 14 20 1 1 12 1 1 1 1 |
9605: 1 3 12 1 7 16 9 1 6 1 2 1 8 1 16 6 |1 4 3 9 1 1 1 1 1 4 10 12 10 1 5 4 |1 15 14 2 9 2 14 7 4 2 2 4 1 5 1 1 |1 1 14 1 2 1 2 12 1 1 12 1 1 1 1 1 |1 2 1 1 2 1 3 2 2 2 4 2 4 1 1 3 |2 15 3 8 3 10 1 1 10 2 1 1 4 3 1 2 |10 20 3 1 6 1 1 12 14 1 17 9 10 1 15 1 |5 14 15 1 1 2 8 16 17 3 4 3 7 1 3 6 |14 10 7 2 9 1 15 1 16 1 1 7 1 3 15 1 |25 51 11 18 1 1 1 8 1 9 16 1 5 3 14 1 |129 245 31 23 2 16 2 1 1 17 12 1 9 1 7 12 |105 100 15 17 8 9 1 14 20 1 1 12 1 1 1 1 |
9616: 1 3 12 1 7 16 9 1 6 1 2 1 8 1 16 6 |1 4 3 9 1 1 1 1 1 4 10 12 10 1 5 4 |1 15 14 2 9 2 14 7 4 2 2 4 1 5 1 1 |1 1 14 1 2 1 2 12 1 1 12 1 1 1 1 1 |1 2 1 1 2 1 3 2 2 2 4 2 4 1 1 3 |2 15 3 8 3 10 1 1 10 2 1 1 4 3 1 2 |10 20 3 1 6 1 1 12 14 1 17 9 10 1 15 1 |5 14 15 1 1 2 8 16 17 3 4 3 7 1 3 6 |14 10 7 2 9 1 15 1 16 1 1 7 1 3 15 1 |25 51 11 18 1 1 1 8 1 9 16 1 5 3 14 1 |129 245 31 23 2 16 2 1 1 17 12 1 9 1 7 12 |105 100 15 17 8 9 1 14 20 1 1 12 1 1 1 1 |
9627: 1 3 12 1 7 16 9 1 6 1 2 1 8 1 16 6 |8 8 1 10 2 1 1 1 1 16 10 10 10 3 3 4 |1 15 14 2 9 2 14 7 4 2 2 4 1 5 1 1 |1 1 14 1 2 1 2 12 1 1 12 1 1 1 1 1 |1 2 1 1 2 1 3 2 2 2 4 2 4 1 1 3 |2 15 3 8 3 10 1 1 10 2 1 1 4 3 1 2 |10 20 3 1 6 1 1 12 14 1 17 9 10 1 15 1 |5 14 15 1 1 2 8 16 17 3 4 3 7 1 3 6 |14 10 7 2 9 1 15 1 16 1 1 7 1 3 15 1 |25 51 11 18 1 1 1 8 1 9 16 1 5 3 14 1 |129 245 31 23 2 16 2 1 1 17 12 1 9 1 7 12 |105 100 15 17 8 9 1 14 20 1 1 12 1 1 1 1 |
9638: 1 3 12 1 7 16 9 1 6 1 2 1 8 1 16 6 |8 8 1 10 2 1 1 1 1 16 10 10 10 3 3 4 |1 15 14 2 9 2 14 7 4 2 2 4 1 5 1 1 |1 1 14 1 2 1 2 12 1 1 12 1 1 1 1 1 |1 2 1 1 2 1 3 2 2 2 4 2 4 1 1 3 |2 15 3 8 3 10 1 1 10 2 1 1 4 3 1 2 |10 20 3 1 6 1 1 12 14 1 17 9 10 1 15 1 |5 14 15 1 1 2 8 16 17 3 4 3 7 1 3 6 |14 10 7 2 9 1 15 1 16 1 1 7 1 3 15 1 |11 17 19 2 2 5 2 1 1 8 15 1 6 2 15 1 |129 245 31 23 2 16 2 1 1 17 12 1 9 1 7 12 |105 100 15 17 8 9 1 14 20 1 1 12 1 1 1 1 |
9649: 1 3 12 1 7 16 9 1 6 1 2 1 8 1 16 6 |8 8 1 10 2 1 1 1 1 16 10 10 10 3 3 4 |1 15 14 2 9 2 14 7 4 2 2 4 1 5 1 1 |1 1 14 1 2 1 2 12 1 1 12 1 1 1 1 1 |1 2 1 1 2 1 3 2 2 2 4 2 4 1 1 3 |2 15 3 8 3 10 1 1 10 2 1 1 4 3 1 2 |10 20 3 1 6 1 1 12 14 1 17 9 10 1 15 1 |5 14 15 1 1 2 8 16 17 3 4 3 7 1 3 6 |14 10 7 2 9 1 15 1 16 1 1 7 1 3 15 1 |11 17 19 2 2 5 2 1 1 8 15 1 6 2 15 1 |129 245 31 23 2 16 2 1 1 17 12 1 9 1 7 12 |105 100 15 17 8 9 1 14 20 1 1 12 1 1 1 1 |
9660: 1 3 12 1 7 16 9 1 6 1 2 1 8 1 16 6 |8 8 1 10 2 1 1 1 1 16 10 10 10 3 3 4 |1 15 14 2 9 2 14 7 4 2 2 4 1 5 1 1 |1 1 14 1 2 1 2 12 1 1 12 1 1 1 1 1 |1 2 1 1 2 1 3 2 2 2 4 2 4 1 1 3 |2 15 3 8 3 10 1 1 10 2 1 1 4 3 1 2 |10 20 3 1 6 1 1 12 14 1 17 9 10 1 15 1 |5 14 15 1 1 2 8 16 17 3 4 3 7 1 3 6 |14 10 7 2 9 1 15 1 16 1 1 7 1 3 15 1 |11 17 19 2 2 5 2 1 1 8 15 1 6 2 15 1 |129 245 31 23 2 16 2 1 1 17 12 1 9 1 7 12 |105 100 15 17 8 9 1 14 20 1 1 12 1 1 1 1 |
9671: 1 3 12 1 7 16 9 1 6 1 2 1 8 1 16 6 |8 8 1 10 2 1 1 1 1 16 10 10 10 3 3 4 |1 15 14 2 9 2 14 7 4 2 2 4 1 5 1 1 |1 1 14 1 2 1 2 12 1 1 12 1 1 1 1 1 |1 2 1 1 2 1 3 2 2 2 4 2 4 1 1 3 |2 15 3 8 3 10 1 1 10 2 1 1 4 3 1 2 |10 20 3 1 6 1 1 12 14 1 17 9 10 1 15 1 |5 14 15 1 1 2 8 16 17 3 4 3 7 1 3 6 |14 10 7 2 9 1 15 1 16 1 1 7 1 3 15 1 |11 17 19 2 2 5 2 1 1 8 15 1 6 2 15 1 |129 245 31 23 2 16 2 1 1 17 12 1 9 1 7 12 |105 100 15 17 8 9 1 14 20 1 1 12 1 1 1 1 |
9682: 1 3 12 1 7 16 9 1 6 1 2 1 8 1 16 6 |8 8 1 10 2 1 1 1 1 16 10 10 10 3 3 4 |1 15 14 2 9 2 14 7 4 2 2 4 1 5 1 1 |1 1 14 1 2 1 2 12 1 1 12 1 1 1 1 1 |1 2 1 1 2 1 3 2 2 2 4 2 4 1 1 3 |2 15 3 8 3 10 1 1 10 2 1 1 4 3 1 2 |10 20 3 1 6 1 1 12 14 1 17 9 10 1 15 1 |5 14 15 1 1 2 8 16 17 3 4 3 7 1 3 6 |14 10 7 2 9 1 15 1 16 1 1 7 1 3 15 1 |11 17 19 2 2 5 2 1 1 8 15 1 6 2 15 1 |129 245 31 23 2 16 2 1 1 17 12 1 9 1 7 12 |105 100 15 17 8 9 1 14 20 1 1 12 1 1 1 1 |
9693: 1 3 12 1 7 16 9 1 6 1 2 1 8 1 16 6 |8 8 1 10 2 1 1 1 1 16 10 10 10 3 3 4 |1 15 14 2 9 2 14 7 4 2 2 4 1 5 1 1 |1 1 14 1 2 1 2 12 1 1 12 1 1 1 1 1 |1 2 1 1 2 1 3 2 2 2 4 2 4 1 1 3 |2 15 3 8 3 10 1 1 10 2 1 1 4 3 1 2 |10 20 3 1 6 1 1 12 14 1 17 9 10 1 15 1 |5 14 15 1 1 2 8 16 17 3 4 3 7 1 3 6 |14 10 7 2 9 1 15 1 16 1 1 7 1 3 15 1 |11 17 19 2 2 5 2 1 1 8 15 1 6 2 15 1 |129 245 31 23 2 16 2 1 1 17 12 1 9 1 7 12 |105 100 15 17 8 9 1 14 20 1 1 12 1 1 1 1 |
9704: 1 3 12 1 7 16 9 1 6 1 2 1 8 1 16 6 |8 8 1 10 2 1 1 1 1 16 10 10 10 3 3 4 |1 15 14 2 9 2 14 7 4 2 2 4 1 5 1 1 |1 1 14 1 2 1 2 12 1 1 12 1 1 1 1 1 |1 2 1 1 2 1 3 2 2 2 4 2 4 1 1 3 |2 15 3 8 3 10 1 1 10 2 1 1 4 3 1 2 |10 20 3 1 6 1 1 12 14 1 17 9 10 1 15 1 |7 14 4 1 7 1 7 17 12 1 4 3 6 1 3 12 |14 10 7 2 9 1 15 1 16 1 1 7 1 3 15 1 |11 17 19 2 2 5 2 1 1 8 15 1 6 2 15 1 |129 245 31 23 2 16 2 1 1 17 12 1 9 1 7 12 |105 100 15 17 8 9 1 14 20 1 1 12 1 1 1 1 |
9715: 1 3 12 1 7 16 9 1 6 1 2 1 8 1 16 6 |8 8 1 10 2 1 1 1 1 16 10 10 10 3 3 4 |1 15 14 2 9 2 14 7 4 2 2 4 1 5 1 1 |1 1 14 1 2 1 2 12 1 1 12 1 1 1 1 1 |1 2 1 1 2 1 3 2 2 2 4 2 4 1 1 3 |2 15 3 8 3 10 1 1 10 2 1 1 4 3 1 2 |10 20 3 1 6 1 1 12 14 1 17 9 10 1 15 1 |7 14 4 1 7 1 7 17 12 1 4 3 6 1 3 12 |14 10 7 2 9 1 15 1 16 1 1 7 1 3 15 1 |11 17 19 2 2 5 2 1 1 8 15 1 6 2 15 1 |129 245 31 23 2 16 2 1 1 17 12 1 9 1 7 12 |105 100 15 17 8 9 1 14 20 1 1 12 1 1 1 1 |
9726: 1 3 12 1 7 16 9 1 6 1 2 1 8 1 16 6 |8 8 1 10 2 1 1 1 1 16 10 10 10 3 3 4 |1 15 14 2 9 2 14 7 4 2 2 4 1 5 1 1 |1 1 14 1 2 1 2 12 1 1 12 1 1 1 1 1 |1 2 1 1 2 1 3 2 2 2 4 2 4 1 1 3 |2 15 3 8 3 10 1 1 10 2 1 1 4 3 1 2 |10 20 3 1 6 1 1 12 14 1 17 9 10 1 15 1 |7 14 4 1 7 1 7 17 12 1 4 3 6 1 3 12 |14 10 7 2 9 1 15 1 16 1 1 7 1 3 15 1 |11 17 19 2 2 5 2 1 1 8 15 1 6 2 15 1 |129 245 31 23 2 16 2 1 1 17 12 1 9 1 7 12 |105 100 15 17 8 9 1 14 20 1 1 12 1 1 1 1 |
9737: 1 3 12 1 7 16 9 1 6 1 2 1 8 1 16 6 |8 8 1 10 2 1 1 1 1 16 10 10 10 3 3 4 |1 15 14 2 9 2 14 7 4 2 2 4 1 5 1 1 |1 1 14 1 2 1 2 12 1 1 12 1 1 1 1 1 |1 2 1 1 2 1 3 2 2 2 4 2 4 1 1 3 |2 15 3 8 3 10 1 1 10 2 1 1 4 3 1 2 |9 6 1 9 4 1 1 11 12 1 15 9 10 1 14 1 |7 14 4 1 7 1 7 17 12 1 4 3 6 1 3 12 |14 10 7 2 9 1 15 1 16 1 1 7 1 3 15 1 |11 17 19 2 2 5 2 1 1 8 15 1 6 2 15 1 |129 245 31 23 2 16 2 1 1 17 12 1 9 1 7 12 |105 100 15 17 8 9 1 14 20 1 1 12 1 1 1 1 |
9748: 1 3 12 1 7 16 9 1 6 1 2 1 8 1 16 6 |8 8 1 10 2 1 1 1 1 16 10 10 10 3 3 4 |1 15 14 2 9 2 14 7 4 2 2 4 1 5 1 1 |1 1 14 1 2 1 2 12 1 1 12 1 1 1 1 1 |1 2 1 1 2 1 3 2 2 2 4 2 4 1 1 3 |2 15 3 8 3 10 1 1 10 2 1 1 4 3 1 2 |9 6 1 9 4 1 1 11 12 1 15 9 10 1 14 1 |7 14 4 1 7 1 7 17 12 1 4 3 6 1 3 12 |14 10 7 2 9 1 15 1 16 1 1 7 1 3 15 1 |11 17 19 2 2 5 2 1 1 8 15 1 6 2 15 1 |129 245 31 23 2 16 2 1 1 17 12 1 9 1 7 12 |105 100 15 17 8 9 1 14 20 1 1 12 1 1 1 1 |
9759: 1 3 12 1 7 16 9 1 6 1 2 1 8 1 16 6 |8 8 1 10 2 1 1 1 1 16 10 10 10 3 3 4 |1 15 14 2 9 2 14 7 4 2 2 4 1 5 1 1 |1 1 14 1 2 1 2 12 1 1 12 1 1 1 1 1 |1 2 1 1 2 1 3 2 2 2 4 2 4 1 1 3 |2 15 3 8 3 10 1 1 10 2 1 1 4 3 1 2 |9 6 1 9 4 1 1 11 12 1 15 9 10 1 14 1 |7 14 4 1 7 1 7 17 12 1 4 3 6 1 3 12 |14 10 7 2 9 1 15 1 16 1 1 7 1 3 15 1 |11 17 19 2 2 5 2 1 1 8 15 1 6 2 15 1 |129 245 31 23 2 16 2 1 1 17 12 1 9 1 7 12 |105 100 15 17 8 9 1 14 20 1 1 12 1 1 1 1 |
9770: 1 3 12 1 7 16 9 1 6 1 2 1 8 1 16 6 |8 8 1 10 2 1 1 1 1 16 10 10 10 3 3 4 |1 15 14 2 9 2 14 7 4 2 2 4 1 5 1 1 |1 1 14 1 2 1 2 12 1 1 12 1 1 1 1 1 |1 2 1 1 2 1 3 2 2 2 4 2 4 1 1 3 |2 15 3 8 3 10 1 1 10 2 1 1 4 3 1 2 |9 6 1 9 4 1 1 11 12 1 15 9 10 1 14 1 |7 14 4 1 7 1 7 17 12 1 4 3 6 1 3 12 |14 10 7 2 9 1 15 1 16 1 1 7 1 3 15 1 |11 17 19 2 2 5 2 1 1 8 15 1 6 2 15 1 |129 245 31 23 2 16 2 1 1 17 12 1 9 1 7 12 |105 100 15 17 8 9 1 14 20 1 1 12 1 1 1 1 |
9781: 1 3 12 1 7 16 9 1 6 1 2 1 8 1 16 6 |8 8 1 10 2 1 1 1 1 16 10 10 10 3 3 4 |1 15 14 2 9 2 14 7 4 2 2 4 1 5 1 1 |1 1 14 1 2 1 2 12 1 1 12 1 1 1 1 1 |1 2 1 1 2 1 3 2 2 2 4 2 4 1 1 3 |2 15 3 8 3 10 1 1 10 2 1 1 4 3 1 2 |9 6 1 9 4 1 1 11 12 1 15 9 10 1 14 1 |7 14 4 1 7 1 7 17 12 1 4 3 6 1 3 12 |14 10 7 2 9 1 15 1 16 1 1 7 1 3 15 1 |11 17 19 2 2 5 2 1 1 8 15 1 6 2 15 1 |129 245 31 23 2 16 2 1 1 17 12 1 9 1 7 12 |105 100 15 17 8 9 1 14 20 1 1 12 1 1 1 1 |
9792: 1 3 12 1 7 16 9 1 6 1 2 1 8 1 16 6 |8 8 1 10 2 1 1 1 1 16 10 10 10 3 3 4 |1 15 14 2 9 2 14 7 4 2 2 4 1 5 1 1 |1 1 14 1 2 1 2 12 1 1 12 1 1 1 1 1 |1 2 1 1 2 1 3 2 2 2 4 2 4 1 1 3 |2 15 3 8 3 10 1 1 10 2 1 1 4 3 1 2 |9 6 1 9 4 1 1 11 12 1 15 9 10 1 14 1 |7 14 4 1 7 1 7 17 12 1 4 3 6 1 3 12 |14 10 7 2 9 1 15 1 16 1 1 7 1 3 15 1 |11 17 19 2 2 5 2 1 1 8 15 1 6 2 15 1 |129 245 31 23 2 16 2 1 1 17 12 1 9 1 7 12 |105 100 15 17 8 9 1 14 20 1 1 12 1 1 1 1 |
9803: 1 3 12 1 7 16 9 1 6 1 2 1 8 1 16 6 |8 8 1 10 2 1 1 1 1 16 10 10 10 3 3 4 |1 15 14 2 9 2 14 7 4 2 2 4 1 5 1 1 |1 1 14 1 2 1 2 12 1 1 12 1 1 1 1 1 |1 2 1 1 2 1 3 2 2 2 4 2 4 1 1 3 |2 15 3 8 3 10 1 1 10 2 1 1 4 3 1 2 |9 6 1 9 4 1 1 11 12 1 15 9 10 1 14 1 |7 14 4 1 7 1 7 17 12 1 4 3 6 1 3 12 |14 10 7 2 9 1 15 1 16 1 1 7 1 3 15 1 |11 17 19 2 2 5 2 1 1 8 15 1 6 2 15 1 |129 245 31 23 2 16 2 1 1 17 12 1 9 1 7 12 |105 100 15 17 8 9 1 14 20 1 1 12 1 1 1 1 |
9814: 1 3 12 1 7 16 9 1 6 1 2 1 8 1 16 6 |8 8 1 10 2 1 1 1 1 16 10 10 10 3 3 4 |1 15 14 2 9 2 14 7 4 2 2 4 1 5 1 1 |1 1 14 1 2 1 2 12 1 1 12 1 1 1 1 1 |1 2 1 1 2 1 3 2 2 2 4 2 4 1 1 3 |2 15 3 8 3 10 1 1 10 2 1 1 4 3 1 2 |9 6 1 9 4 1 1 11 12 1 15 9 10 1 14 1 |7 14 4 1 7 1 7 17 12 1 4 3 6 1 3 12 |14 10 7 2 9 1 15 1 16 1 1 7 1 3 15 1 |11 17 19 2 2 5 2 1 1 8 15 1 6 2 15 1 |129 245 31 23 2 16 2 1 1 17 12 1 9 1 7 12 |105 100 15 17 8 9 1 14 20 1 1 12 1 1 1 1 |
9825: 1 3 12 1 7 16 9 1 6 1 2 1 8 1 16 6 |8 8 1 10 2 1 1 1 1 16 10 10 10 3 3 4 |1 15 14 2 9 2 14 7 4 2 2 4 1 5 1 1 |1 1 14 1 2 1 2 12 1 1 12 1 1 1 1 1 |1 2 1 1 2 1 3 2 2 2 4 2 4 1 1 3 |2 15 3 8 3 10 1 1 10 2 1 1 4 3 1 2 |9 6 1 9 4 1 1 11 12 1 15 9 10 1 14 1 |7 14 4 1 7 1 7 17 12 1 4 3 6 1 3 12 |14 10 7 2 9 1 15 1 16 1 1 7 1 3 15 1 |11 17 19 2 2 5 2 1 1 8 15 1 6 2 15 1 |129 245 31 23 2 16 2 1 1 17 12 1 9 1 7 12 |105 100 15 17 8 9 1 14 20 1 1 12 1 1 1 1 |
9836: 1 3 12 1 7 16 9 1 6 1 2 1 8 1 16 6 |8 8 1 10 2 1 1 1 1 16 10 10 10 3 3 4 |1 15 14 2 9 2 14 7 4 2 2 4 1 5 1 1 |1 1 14 1 2 1 2 12 1 1 12 1 1 1 1 1 |1 2 1 1 2 1 3 2 2 2 4 2 4 1 1 3 |2 15 3 8 3 10 1 1 10 2 1 1 4 3 1 2 |9 6 1 9 4 1 1 11 12 1 15 9 10 1 14 1 |6 14 4 1 6 1 8 17 16 1 6 2 6 1 3 12 |14 10 7 2 9 1 15 1 16 1 1 7 1 3 15 1 |11 17 19 2 2 5 2 1 1 8 15 1 6 2 15 1 |129 245 31 23 2 16 2 1 1 17 12 1 9 1 7 12 |105 100 15 17 8 9 1 14 20 1 1 12 1 1 1 1 |
9846: 1 3 12 1 7 16 9 1 6 1 2 1 8 1 16 6 |8 8 1 10 2 1 1 1 1 16 10 10 10 3 3 4 |1 15 14 2 9 2 14 7 4 2 2 4 1 5 1 1 |1 1 14 1 2 1 2 12 1 1 12 1 1 1 1 1 |1 2 1 1 2 1 3 2 2 2 4 2 4 1 1 3 |2 15 3 8 3 10 1 1 10 2 1 1 4 3 1 2 |9 6 1 9 4 1 1 11 12 1 15 9 10 1 14 1 |6 14 4 1 6 1 8 17 16 1 6 2 6 1 3 12 |14 10 7 2 9 1 15 1 16 1 1 7 1 3 15 1 |11 17 19 2 2 5 2 1 1 8 15 1 6 2 15 1 |129 245 31 23 2 16 2 1 1 17 12 1 9 1 7 12 |105 100 15 17 8 9 1 14 20 1 1 12 1 1 1 1 |
9857: 1 3 12 1 7 16 9 1 6 1 2 1 8 1 16 6 |8 8 1 10 2 1 1 1 1 16 10 10 10 3 3 4 |1 15 14 2 9 2 14 7 4 2 2 4 1 5 1 1 |1 1 14 1 2 1 2 12 1 1 12 1 1 1 1 1 |1 2 1 1 2 1 3 2 2 2 4 2 4 1 1 3 |2 15 3 8 3 10 1 1 10 2 1 1 4 3 1 2 |9 6 1 9 4 1 1 11 12 1 15 9 10 1 14 1 |6 14 4 1 6 1 8 17 16 1 6 2 6 1 3 12 |14 10 7 2 9 1 15 1 16 1 1 7 1 3 15 1 |11 17 19 2 2 5 2 1 1 8 15 1 6 2 15 1 |129 245 31 23 2 16 2 1 1 17 12 1 9 1 7 12 |105 100 15 17 8 9 1 14 20 1 1 12 1 1 1 1 |
9868: 1 3 12 1 7 16 9 1 6 1 2 1 8 1 16 6 |8 8 1 10 2 1 1 1 1 16 10 10 10 3 3 4 |1 15 14 2 9 2 14 7 4 2 2 4 1 5 1 1 |1 1 14 1 2 1 2 12 1 1 12 1 1 1 1 1 |1 2 1 1 2 1 3 2 2 2 4 2 4 1 1 3 |2 15 3 8 3 10 1 1 10 2 1 1 4 3 1 2 |9 6 1 9 4 1 1 11 12 1 15 9 10 1 14 1 |6 14 4 1 6 1 8 17 16 1 6 2 6 1 3 12 |12 1 1 2 3 1 15 1 16 6 2 18 3 4 15 2 |11 17 19 2 2 5 2 1 1 8 15 1 6 2 15 1 |129 245 31 23 2 16 2 1 1 17 12 1 9 1 7 12 |105 100 15 17 8 9 1 14 20 1 1 12 1 1 1 1 |
9879: 1 3 12 1 7 16 9 1 6 1 2 1 8 1 16 6 |8 8 1 10 2 1 1 1 1 16 10 10 10 3 3 4 |1 15 14 2 9 2 14 7 4 2 2 4 1 5 1 1 |1 1 14 1 2 1 2 12 1 1 12 1 1 1 1 1 |1 2 1 1 2 1 3 2 2 2 4 2 4 1 1 3 |2 15 3 8 3 10 1 1 10 2 1 1 4 3 1 2 |9 6 1 9 4 1 1 11 12 1 15 9 10 1 14 1 |6 14 4 1 6 1 8 17 16 1 6 2 6 1 3 12 |12 1 1 2 3 1 15 1 16 6 2 18 3 4 15 2 |11 17 19 2 2 5 2 1 1 8 15 1 6 2 15 1 |129 245 31 23 2 16 2 1 1 17 12 1 9 1 7 12 |105 100 15 17 8 9 1 14 20 1 1 12 1 1 1 1 |
9890: 1 3 12 1 7 16 9 1 6 1 2 1 8 1 16 6 |8 8 1 10 2 1 1 1 1 16 10 10 10 3 3 4 |1 15 14 2 9 2 14 7 4 2 2 4 1 5 1 1 |1 1 14 1 2 1 2 12 1 1 12 1 1 1 1 1 |1 2 1 1 2 1 3 2 2 2 4 2 4 1 1 3 |2 15 3 8 3 10 1 1 10 2 1 1 4 3 1 2 |9 6 1 9 4 1 1 11 12 1 15 9 10 1 14 1 |6 14 4 1 6 1 8 17 16 1 6 2 6 1 3 12 |12 1 1 2 3 1 15 1 16 6 2 18 3 4 15 2 |11 17 19 2 2 5 2 1 1 8 15 1 6 2 15 1 |129 245 31 23 2 16 2 1 1 17 12 1 9 1 7 12 |105 100 15 17 8 9 1 14 20 1 1 12 1 1 1 1 |
9901: 1 3 12 1 7 16 9 1 6 1 2 1 8 1 16 6 |8 8 1 10 2 1 1 1 1 16 10 10 10 3 3 4 |1 15 14 2 9 2 14 7 4 2 2 4 1 5 1 1 |1 1 14 1 2 1 2 12 1 1 12 1 1 1 1 1 |1 2 1 1 2 1 3 2 2 2 4 2 4 1 1 3 |2 15 3 8 3 10 1 1 10 2 1 1 4 3 1 2 |11 12 11 1 5 1 1 12 14 1 1 10 10 1 14 1 |6 14 4 1 6 1 8 17 16 1 6 2 6 1 3 12 |12 1 1 2 3 1 15 1 16 6 2 18 3 4 15 2 |11 17 19 2 2 5 2 1 1 8 15 1 6 2 15 1 |129 245 31 23 2 16 2 1 1 17 12 1 9 1 7 12 |105 100 15 17 8 9 1 14 20 1 1 12 1 1 1 1 |
9912: 1 3 12 1 7 16 9 1 6 1 2 1 8 1 16 6 |8 8 1 10 2 1 1 1 1 16 10 10 10 3 3 4 |1 15 14 2 9 2 14 7 4 2 2 4 1 5 1 1 |1 1 14 1 2 1 2 12 1 1 12 1 1 1 1 1 |1 2 1 1 2 1 3 2 2 2 4 2 4 1 1 3 |2 15 3 8 3 10 1 1 10 2 1 1 4 3 1 2 |11 12 11 1 5 1 1 12 14 1 1 10 10 1 14 1 |6 14 4 1 6 1 8 17 16 1 6 2 6 1 3 12 |12 1 1 2 3 1 15 1 16 6 2 18 3 4 15 2 |11 17 19 2 2 5 2 1 1 8 15 1 6 2 15 1 |129 245 31 23 2 16 2 1 1 17 12 1 9 1 7 12 |105 100 15 17 8 9 1 14 20 1 1 12 1 1 1 1 |
9923: 1 3 12 1 7 16 9 1 6 1 2 1 8 1 16 6 |8 8 1 10 2 1 1 1 1 16 10 10 10 3 3 4 |1 15 14 2 9 2 14 7 4 2 2 4 1 5 1 1 |1 1 14 1 2 1 2 12 1 1 12 1 1 1 1 1 |1 2 1 1 2 1 3 2 2 2 4 2 4 1 1 3 |2 15 3 8 3 10 1 1 10 2 1 1 4 3 1 2 |11 12 11 1 5 1 1 12 14 1 1 10 10 1 14 1 |6 14 4 1 6 1 8 17 16 1 6 2 6 1 3 12 |12 1 1 2 3 1 15 1 16 6 2 18 3 4 15 2 |11 17 19 2 2 5 2 1 1 8 15 1 6 2 15 1 |129 245 31 23 2 16 2 1 1 17 12 1 9 1 7 12 |105 100 15 17 8 9 1 14 20 1 1 12 1 1 1 1 |
9934: 1 3 12 1 7 16 9 1 6 1 2 1 8 1 16 6 |8 8 1 10 2 1 1 1 1 16 10 10 10 3 3 4 |1 15 14 2 9 2 14 7 4 2 2 4 1 5 1 1 |1 1 14 1 2 1 2 12 1 1 12 1 1 1 1 1 |1 2 1 1 2 1 3 2 2 2 4 2 4 1 1 3 |2 15 3 8 3 10 1 1 10 2 1 1 4 3 1 2 |11 12 11 1 5 1 1 12 14 1 1 10 10 1 14 1 |6 14 4 1 6 1 8 17 16 1 6 2 6 1 3 12 |12 1 1 2 3 1 15 1 16 6 2 18 3 4 15 2 |11 17 19 2 2 5 2 1 1 8 15 1 6 2 15 1 |129 245 31 23 2 16 2 1 1 17 12 1 9 1 7 12 |105 100 15 17 8 9 1 14 20 1 1 12 1 1 1 1 |
9945: 1 3 12 1 7 16 9 1 6 1 2 1 8 1 16 6 |8 8 1 10 2 1 1 1 1 16 10 10 10 3 3 4 |1 15 14 2 9 2 14 7 4 2 2 4 1 5 1 1 |1 1 14 1 2 1 2 12 1 1 12 1 1 1 1 1 |1 2 1 1 2 1 3 2 2 2 4 2 4 1 1 3 |2 15 3 8 3 10 1 1 10 2 1 1 4 3 1 2 |11 12 11 1 5 1 1 12 14 1 1 10 10 1 14 1 |6 14 4 1 6 1 8 17 16 1 6 2 6 1 3 12 |12 1 1 2 3 1 15 1 16 6 2 18 3 4 15 2 |11 17 19 2 2 5 2 1 1 8 15 1 6 2 15 1 |129 245 31 23 2 16 2 1 1 17 12 1 9 1 7 12 |105 100 15 17 8 9 1 14 20 1 1 12 1 1 1 1 |
9956: 1 3 12 1 7 16 9 1 6 1 2 1 8 1 16 6 |8 8 1 10 2 1 1 1 1 16 10 10 10 3 3 4 |1 14 14 2 10 1 16 17 3 3 2 5 1 6 1 1 |1 1 14 1 2 1 2 12 1 1 12 1 1 1 1 1 |1 2 1 1 2 1 3 2 2 2 4 2 4 1 1 3 |2 15 3 8 3 10 1 1 10 2 1 1 4 3 1 2 |11 12 11 1 5 1 1 12 14 1 1 10 10 1 14 1 |6 14 4 1 6 1 8 17 16 1 6 2 6 1 3 12 |12 1 1 2 3 1 15 1 16 6 2 18 3 4 15 2 |11 17 19 2 2 5 2 1 1 8 15 1 6 2 15 1 |129 245 31 23 2 16 2 1 1 17 12 1 9 1 7 12 |105 100 15 17 8 9 1 14 20 1 1 12 1 1 1 1 |
9967: 1 3 12 1 7 16 9 1 6 1 2 1 8 1 16 6 |8 8 1 10 2 1 1 1 1 16 10 10 10 3 3 4 |1 14 14 2 10 1 16 17 3 3 2 5 1 6 1 1 |1 1 14 1 2 1 2 12 1 1 12 1 1 1 1 1 |1 2 1 1 2 1 3 2 2 2 4 2 4 1 1 3 |2 15 3 8 3 10 1 1 10 2 1 1 4 3 1 2 |11 12 11 1 5 1 1 12 14 1 1 10 10 1 14 1 |6 14 4 1 6 1 8 17 16 1 6 2 6 1 3 12 |12 1 1 2 3 1 15 1 16 6 2 18 3 4 15 2 |9 6 22 6 1 1 1 7 1 9 16 1 7 2 15 1 |129 245 31 23 2 16 2 1 1 17 12 1 9 1 7 12 |105 100 15 17 8 9 1 14 20 1 1 12 1 1 1 1 |
9978: 1 3 12 1 7 16 9 1 6 1 2 1 8 1 16 6 |8 8 1 10 2 1 1 1 1 16 10 10 10 3 3 4 |1 14 14 2 10 1 16 17 3 3 2 5 1 6 1 1 |1 1 14 1 2 1 2 12 1 1 12 1 1 1 1 1 |1 2 1 1 2 1 3 2 2 2 4 2 4 1 1 3 |2 15 3 8 3 10 1 1 10 2 1 1 4 3 1 2 |11 12 11 1 5 1 1 12 14 1 1 10 10 1 14 1 |6 14 4 1 6 1 8 17 16 1 6 2 6 1 3 12 |12 1 1 2 3 1 15 1 16 6 2 18 3 4 15 2 |9 6 22 6 1 1 1 7 1 9 16 1 7 2 15 1 |129 245 31 23 2 16 2 1 1 17 12 1 9 1 7 12 |105 100 15 17 8 9 1 14 20 1 1 12 1 1 1 1 |
9989: 1 10 13 1 10 17 9 2 6 1 1 3 9 1 3 1 |8 8 1 10 2 1 1 1 1 16 10 10 10 3 3 4 |1 14 14 2 10 1 16 17 3 3 2 5 1 6 1 1 |1 1 14 1 2 1 2 12 1 1 12 1 1 1 1 1 |1 2 1 1 2 1 3 2 2 2 4 2 4 1 1 3 |2 15 3 8 3 10 1 1 10 2 1 1 4 3 1 2 |11 12 11 1 5 1 1 12 14 1 1 10 10 1 14 1 |6 14 4 1 6 1 8 17 16 1 6 2 6 1 3 12 |12 1 1 2 3 1 15 1 16 6 2 18 3 4 15 2 |9 6 22 6 1 1 1 7 1 9 16 1 7 2 15 1 |129 245 31 23 2 16 2 1 1 17 12 1 9 1 7 12 |105 100 15 17 8 9 1 14 20 1 1 12 1 1 1 1 |
10000: 1 10 13 1 10 17 9 2 6 1 1 3 9 1 3 1 |8 8 1 10 2 1 1 1 1 16 10 10 10 3 3 4 |1 14 14 2 10 1 16 17 3 3 2 5 1 6 1 1 |1 1 14 1 2 1 2 12 1 1 12 1 1 1 1 1 |1 2 1 1 2 1 3 2 2 2 4 2 4 1 1 3 |2 15 3 8 3 10 1 1 10 2 1 1 4 3 1 2 |11 12 11 1 5 1 1 12 14 1 1 10 10 1 14 1 |6 14 4 1 6 1 8 17 16 1 6 2 6 1 3 12 |12 1 1 2 3 1 15 1 16 6 2 18 3 4 15 2 |10 5 2 9 1 8 1 7 1 8 16 1 6 2 15 1 |129 245 31 23 2 16 2 1 1 17 12 1 9 1 7 12 |105 100 15 17 8 9 1 14 20 1 1 12 1 1 1 1 |
10011: 1 10 13 1 10 17 9 2 6 1 1 3 9 1 3 1 |8 8 1 10 2 1 1 1 1 16 10 10 10 3 3 4 |1 14 14 2 10 1 16 17 3 3 2 5 1 6 1 1 |1 1 14 1 2 1 2 12 1 1 12 1 1 1 1 1 |1 2 1 1 2 1 3 2 2 2 4 2 4 1 1 3 |2 15 3 8 3 10 1 1 10 2 1 1 4 3 1 2 |11 12 11 1 5 1 1 12 14 1 1 10 10 1 14 1 |6 14 4 1 6 1 8 17 16 1 6 2 6 1 3 12 |12 1 1 2 3 1 15 1 16 6 2 18 3 4 15 2 |10 5 2 9 1 8 1 7 1 8 16 1 6 2 15 1 |95 28 5 3 15 16 4 1 3 13 9 6 1 1 6 16 |105 100 15 17 8 9 1 14 20 1 1 12 1 1 1 1 |
10022: 1 10 13 1 10 17 9 2 6 1 1 3 9 1 3 1 |8 8 1 10 2 1 1 1 1 16 10 10 10 3 3 4 |1 14 14 2 10 1 16 17 3 3 2 5 1 6 1 1 |1 1 14 1 2 1 2 12 1 1 12 1 1 1 1 1 |1 2 1 1 2 1 3 2 2 2 4 2 4 1 1 3 |2 15 3 8 3 10 1 1 10 2 1 1 4 3 1 2 |11 12 11 1 5 1 1 12 14 1 1 10 10 1 14 1 |6 14 4 1 6 1 8 17 16 1 6 2 6 1 3 12 |12 1 1 2 3 1 15 1 16 6 2 18 3 4 15 2 |10 5 2 9 1 8 1 7 1 8 16 1 6 2 15 1 |95 28 5 3 15 16 4 1 3 13 9 6 1 1 6 16 |105 100 15 17 8 9 1 14 20 1 1 12 1 1 1 1 |
10033: 1 10 13 1 10 17 9 2 6 1 1 3 9 1 3 1 |8 8 1 10 2 1 1 1 1 16 10 10 10 3 3 4 |1 14 14 2 10 1 16 17 3 3 2 5 1 6 1 1 |1 1 14 1 2 1 2 12 1 1 12 1 1 1 1 1 |1 2 1 1 2 1 3 2 2 2 4 2 4 1 1 3 |2 15 3 8 3 10 1 1 10 2 1 1 4 3 1 2 |11 12 11 1 5 1 1 12 14 1 1 10 10 1 14 1 |6 14 5 1 5 1 5 17 6 2 5 3 7 3 2 7 |12 1 1 2 3 1 15 1 16 6 2 18 3 4 15 2 |10 5 2 9 1 8 1 7 1 8 16 1 6 2 15 1 |95 28 5 3 15 16 4 1 3 13 9 6 1 1 6 16 |105 100 15 17 8 9 1 14 20 1 1 12 1 1 1 1 |
10044: 1 10 13 1 10 17 9 2 6 1 1 3 9 1 3 1 |8 8 1 10 2 1 1 1 1 16 10 10 10 3 3 4 |1 14 14 2 10 1 16 17 3 3 2 5 1 6 1 1 |1 1 14 1 2 1 2 12 1 1 12 1 1 1 1 1 |1 2 1 1 2 1 3 2 2 2 4 2 4 1 1 3 |2 15 3 8 3 10 1 1 10 2 1 1 4 3 1 2 |11 12 11 1 5 1 1 12 14 1 1 10 10 1 14 1 |6 14 5 1 5 1 5 17 6 2 5 3 7 3 2 7 |12 1 1 2 3 1 15 1 16 6 2 18 3 4 15 2 |10 5 2 9 1 8 1 7 1 8 16 1 6 2 15 1 |95 28 5 3 15 16 4 1 3 13 9 6 1 1 6 16 |105 100 15 17 8 9 1 14 20 1 1 12 1 1 1 1 |
10055: 1 10 13 1 10 17 9 2 6 1 1 3 9 1 3 1 |8 8 1 10 2 1 1 1 1 16 10 10 10 3 3 4 |1 14 14 2 10 1 16 17 3 3 2 5 1 6 1 1 |1 1 14 1 2 1 2 12 1 1 12 1 1 1 1 1 |1 2 1 1 2 1 3 2 2 2 4 2 4 1 1 3 |2 15 3 8 3 10 1 1 10 2 1 1 4 3 1 2 |11 12 11 1 5 1 1 12 14 1 1 10 10 1 14 1 |6 14 5 1 5 1 5 17 6 2 5 3 7 3 2 7 |12 1 1 2 3 1 15 1 16 6 2 18 3 4 15 2 |10 5 2 9 1 8 1 7 1 8 16 1 6 2 15 1 |95 28 5 3 15 16 4 1 3 13 9 6 1 1 6 16 |105 100 15 17 8 9 1 14 20 1 1 12 1 1 1 1 |
10066: 1 10 13 1 10 17 9 2 6 1 1 3 9 1 3 1 |8 8 1 10 2 1 1 1 1 16 10 10 10 3 3 4 |1 14 14 2 10 1 16 17 3 3 2 5 1 6 1 1 |1 1 14 1 2 1 2 12 1 1 12 1 1 1 1 1 |1 2 1 1 2 1 3 2 2 2 4 2 4 1 1 3 |2 15 3 8 3 10 1 1 10 2 1 1 4 3 1 2 |11 12 11 1 5 1 1 12 14 1 1 10 10 1 14 1 |6 14 5 1 5 1 5 17 6 2 5 3 7 3 2 7 |12 1 1 2 3 1 15 1 16 6 2 18 3 4 15 2 |10 11 11 3 1 7 1 7 1 9 16 1 6 2 3 1 |95 28 5 3 15 16 4 1 3 13 9 6 1 1 6 16 |105 100 15 17 8 9 1 14 20 1 1 12 1 1 1 1 |
10077: 1 10 13 1 10 17 9 2 6 1 1 3 9 1 3 1 |8 8 1 10 2 1 1 1 1 16 10 10 10 3 3 4 |1 14 14 2 10 1 16 17 3 3 2 5 1 6 1 1 |1 1 14 1 2 1 2 12 1 1 12 1 1 1 1 1 |1 2 1 1 2 1 3 2 2 2 4 2 4 1 1 3 |2 15 3 8 3 10 1 1 10 2 1 1 4 3 1 2 |11 12 11 1 5 1 1 12 14 1 1 10 10 1 14 1 |6 14 5 1 5 1 5 17 6 2 5 3 7 3 2 7 |12 1 1 2 3 1 15 1 16 6 2 18 3 4 15 2 |10 11 11 3 1 7 1 7 1 9 16 1 6 2 3 1 |4 1 10 8 1 14 3 6 1 15 4 1 1 1 1 15 |105 100 15 17 8 9 1 14 20 1 1 12 1 1 1 1 |
10088: 1 12 13 1 1 16 9 2 6 1 1 1 8 1 16 13 |8 8 1 10 2 1 1 1 1 16 10 10 10 3 3 4 |1 14 14 2 10 1 16 17 3 3 2 5 1 6 1 1 |1 1 14 1 2 1 2 12 1 1 12 1 1 1 1 1 |1 2 1 1 2 1 3 2 2 2 4 2 4 1 1 3 |2 15 3 8 3 10 1 1 10 2 1 1 4 3 1 2 |11 12 11 1 5 1 1 12 14 1 1 10 10 1 14 1 |6 14 5 1 5 1 5 17 6 2 5 3 7 3 2 7 |12 1 1 2 3 1 15 1 16 6 2 18 3 4 15 2 |10 11 11 3 1 7 1 7 1 9 16 1 6 2 3 1 |4 1 10 8 1 14 3 6 1 15 4 1 1 1 1 15 |105 100 15 17 8 9 1 14 20 1 1 12 1 1 1 1 |
10099: 1 12 13 1 1 16 9 2 6 1 1 1 8 1 16 13 |8 8 1 10 2 1 1 1 1 16 10 10 10 3 3 4 |1 14 14 2 10 1 16 17 3 3 2 5 1 6 1 1 |1 1 14 1 2 1 2 12 1 1 12 1 1 1 1 1 |1 2 1 1 2 1 3 2 2 2 4 2 4 1 1 3 |2 15 3 8 3 10 1 1 10 2 1 1 4 3 1 2 |17 14 10 2 6 1 1 1 2 3 7 2 2 1 3 4 |6 14 5 1 5 1 5 17 6 2 5 3 7 3 2 7 |12 1 1 2 3 1 15 1 16 6 2 18 3 4 15 2 |10 11 11 3 1 7 1 7 1 9 16 1 6 2 3 1 |4 1 10 8 1 14 3 6 1 15 4 1 1 1 1 15 |105 100 15 17 8 9 1 14 20 1 1 12 1 1 1 1 |
10110: 1 12 13 1 1 16 9 2 6 1 1 1 8 1 16 13 |8 8 1 10 2 1 1 1 1 16 10 10 10 3 3 4 |1 14 14 2 10 1 16 17 3 3 2 5 1 6 1 1 |1 1 14 1 2 1 2 12 1 1 12 1 1 1 1 1 |1 2 1 1 2 1 3 2 2 2 4 2 4 1 1 3 |2 15 3 8 3 10 1 1 10 2 1 1 4 3 1 2 |17 14 10 2 6 1 1 1 2 3 7 2 2 1 3 4 |6 14 5 1 5 1 5 17 6 2 5 3 7 3 2 7 |12 1 1 2 3 1 15 1 16 6 2 18 3 4 15 2 |10 11 11 3 1 7 1 7 1 9 16 1 6 2 3 1 |4 1 10 8 1 14 3 6 1 15 4 1 1 1 1 15 |105 100 15 17 8 9 1 14 20 1 1 12 1 1 1 1 |
10121: 1 12 13 1 1 16 9 2 6 1 1 1 8 1 16 13 |8 8 1 10 2 1 1 1 1 16 10 10 10 3 3 4 |1 14 14 2 10 1 16 17 3 3 2 5 1 6 1 1 |1 1 14 1 2 1 2 12 1 1 12 1 1 1 1 1 |1 2 1 1 2 1 3 2 2 2 4 2 4 1 1 3 |2 15 3 8 3 10 1 1 10 2 1 1 4 3 1 2 |17 14 10 2 6 1 1 1 2 3 7 2 2 1 3 4 |6 14 5 1 5 1 5 17 6 2 5 3 7 3 2 7 |12 1 1 2 3 1 15 1 16 6 2 18 3 4 15 2 |10 11 11 3 1 7 1 7 1 9 16 1 6 2 3 1 |4 1 10 8 1 14 3 6 1 15 4 1 1 1 1 15 |105 100 15 17 8 9 1 14 20 1 1 12 1 1 1 1 |
10132: 1 12 13 1 1 16 9 2 6 1 1 1 8 1 16 13 |8 8 1 10 2 1 1 1 1 16 10 10 10 3 3 4 |1 14 14 2 10 1 16 17 3 3 2 5 1 6 1 1 |1 1 14 1 2 1 2 12 1 1 12 1 1 1 1 1 |1 2 1 1 2 1 3 2 2 2 4 2 4 1 1 3 |2 15 3 8 3 10 1 1 10 2 1 1 4 3 1 2 |18 23 5 6 6 1 1 12 9 1 17 3 15 1 14 1 |6 14 5 1 5 1 5 17 6 2 5 3 7 3 2 7 |12 1 1 2 3 1 15 1 16 6 2 18 3 4 15 2 |10 11 11 3 1 7 1 7 1 9 16 1 6 2 3 1 |4 1 10 8 1 14 3 6 1 15 4 1 1 1 1 15 |105 100 15 17 8 9 1 14 20 1 1 12 1 1 1 1 |
10143: 1 12 13 1 1 16 9 2 6 1 1 1 8 1 16 13 |8 8 1 10 2 1 1 1 1 16 10 10 10 3 3 4 |1 14 14 2 10 1 16 17 3 3 2 5 1 6 1 1 |1 1 14 1 2 1 2 12 1 1 12 1 1 1 1 1 |1 2 1 1 2 1 3 2 2 2 4 2 4 1 1 3 |2 15 3 8 3 10 1 1 10 2 1 1 4 3 1 2 |18 23 5 6 6 1 1 12 9 1 17 3 15 1 14 1 |6 14 5 1 5 1 5 17 6 2 5 3 7 3 2 7 |12 1 1 2 3 1 15 1 16 6 2 18 3 4 15 2 |10 11 11 3 1 7 1 7 1 9 16 1 6 2 3 1 |4 1 10 8 1 14 3 6 1 15 4 1 1 1 1 15 |105 100 15 17 8 9 1 14 20 1 1 12 1 1 1 1 |
10154: 1 12 13 1 1 16 9 2 6 1 1 1 8 1 16 13 |8 8 1 10 2 1 1 1 1 16 10 10 10 3 3 4 |1 14 14 2 10 1 16 17 3 3 2 5 1 6 1 1 |1 1 14 1 2 1 2 12 1 1 12 1 1 1 1 1 |1 2 1 1 2 1 3 2 2 2 4 2 4 1 1 3 |2 15 3 8 3 10 1 1 10 2 1 1 4 3 1 2 |18 23 5 6 6 1 1 12 9 1 17 3 15 1 14 1 |6 14 5 1 5 1 5 17 6 2 5 3 7 3 2 7 |12 1 1 2 3 1 15 1 16 6 2 18 3 4 15 2 |10 11 11 3 1 7 1 7 1 9 16 1 6 2 3 1 |4 1 10 8 1 14 3 6 1 15 4 1 1 1 1 15 |105 100 15 17 8 9 1 14 20 1 1 12 1 1 1 1 |
10165: 1 12 13 1 1 16 9 2 6 1 1 1 8 1 16 13 |8 8 1 10 2 1 1 1 1 16 10 10 10 3 3 4 |1 14 14 2 10 1 16 17 3 3 2 5 1 6 1 1 |1 1 14 1 2 1 2 12 1 1 12 1 1 1 1 1 |1 2 1 1 2 1 3 2 2 2 4 2 4 1 1 3 |2 15 3 8 3 10 1 1 10 2 1 1 4 3 1 2 |18 23 5 6 6 1 1 12 9 1 17 3 15 1 14 1 |6 14 5 1 5 1 5 17 6 2 5 3 7 3 2 7 |12 1 1 2 3 1 15 1 16 6 2 18 3 4 15 2 |10 11 11 3 1 7 1 7 1 9 16 1 6 2 3 1 |4 1 10 8 1 14 3 6 1 15 4 1 1 1 1 15 |105 100 15 17 8 9 1 14 20 1 1 12 1 1 1 1 |
10176: 1 12 13 1 1 16 9 2 6 1 1 1 8 1 16 13 |8 8 1 10 2 1 1 1 1 16 10 10 10 3 3 4 |1 14 14 2 10 1 16 17 3 3 2 5 1 6 1 1 |1 1 14 1 2 1 2 12 1 1 12 1 1 1 1 1 |1 2 1 1 2 1 3 2 2 2 4 2 4 1 1 3 |2 15 3 8 3 10 1 1 10 2 1 1 4 3 1 2 |18 23 5 6 6 1 1 12 9 1 17 3 15 1 14 1 |6 14 5 1 5 1 5 17 6 2 5 3 7 3 2 7 |12 1 1 2 3 1 15 1 16 6 2 18 3 4 15 2 |10 11 11 3 1 7 1 7 1 9 16 1 6 2 3 1 |4 1 10 8 1 14 3 6 1 15 4 1 1 1 1 15 |105 100 15 17 8 9 1 14 20 1 1 12 1 1 1 1 |
10187: 1 12 13 1 1 16 9 2 6 1 1 1 8 1 16 13 |8 8 1 10 2 1 1 1 1 16 10 10 10 3 3 4 |1 14 14 2 10 1 16 17 3 3 2 5 1 6 1 1 |1 1 14 1 2 1 2 12 1 1 12 1 1 1 1 1 |1 2 1 1 2 1 3 2 2 2 4 2 4 1 1 3 |2 15 3 8 3 10 1 1 10 2 1 1 4 3 1 2 |18 23 5 6 6 1 1 12 9 1 17 3 15 1 14 1 |6 14 5 1 5 1 5 17 6 2 5 3 7 3 2 7 |12 1 1 2 3 1 15 1 16 6 2 18 3 4 15 2 |10 11 11 3 1 7 1 7 1 9 16 1 6 2 3 1 |4 1 10 8 1 14 3 6 1 15 4 1 1 1 1 15 |105 100 15 17 8 9 1 14 20 1 1 12 1 1 1 1 |
10198: 1 12 13 1 1 16 9 2 6 1 1 1 8 1 16 13 |8 8 1 10 2 1 1 1 1 16 10 10 10 3 3 4 |1 14 14 2 10 1 16 17 3 3 2 5 1 6 1 1 |1 1 14 1 2 1 2 12 1 1 12 1 1 1 1 1 |1 2 1 1 2 1 3 2 2 2 4 2 4 1 1 3 |2 15 3 8 3 10 1 1 10 2 1 1 4 3 1 2 |18 23 5 6 6 1 1 12 9 1 17 3 15 1 14 1 |104 9 5 1 9 1 11 13 10 17 18 1 10 4 1 16 |12 1 1 2 3 1 15 1 16 6 2 18 3 4 15 2 |10 11 11 3 1 7 1 7 1 9 16 1 6 2 3 1 |4 1 10 8 1 14 3 6 1 15 4 1 1 1 1 15 |105 100 15 17 8 9 1 14 20 1 1 12 1 1 1 1 |
10208: 1 12 13 1 1 16 9 2 6 1 1 1 8 1 16 13 |8 8 1 10 2 1 1 1 1 16 10 10 10 3 3 4 |1 14 14 2 10 1 16 17 3 3 2 5 1 6 1 1 |1 1 14 1 2 1 2 12 1 1 12 1 1 1 1 1 |1 2 1 1 2 1 3 2 2 2 4 2 4 1 1 3 |2 15 3 8 3 10 1 1 10 2 1 1 4 3 1 2 |18 23 5 6 6 1 1 12 9 1 17 3 15 1 14 1 |104 9 5 1 9 1 11 13 10 17 18 1 10 4 1 16 |12 1 1 2 3 1 15 1 16 6 2 18 3 4 15 2 |10 11 11 3 1 7 1 7 1 9 16 1 6 2 3 1 |4 1 10 8 1 14 3 6 1 15 4 1 1 1 1 15 |105 100 15 17 8 9 1 14 20 1 1 12 1 1 1 1 |
10219: 1 12 13 1 1 16 9 2 6 1 1 1 8 1 16 13 |8 8 1 10 2 1 1 1 1 16 10 10 10 3 3 4 |1 14 14 2 10 1 16 17 3 3 2 5 1 6 1 1 |1 1 14 1 2 1 2 12 1 1 12 1 1 1 1 1 |1 2 1 1 2 1 3 2 2 2 4 2 4 1 1 3 |2 15 3 8 3 10 1 1 10 2 1 1 4 3 1 2 |18 23 5 6 6 1 1 12 9 1 17 3 15 1 14 1 |104 9 5 1 9 1 11 13 10 17 18 1 10 4 1 16 |12 1 1 2 3 1 15 1 16 6 2 18 3 4 15 2 |10 11 11 3 1 7 1 7 1 9 16 1 6 2 3 1 |4 1 10 8 1 14 3 6 1 15 4 1 1 1 1 15 |105 100 15 17 8 9 1 14 20 1 1 12 1 1 1 1 |
10230: 1 12 13 1 1 16 9 2 6 1 1 1 8 1 16 13 |8 8 1 10 2 1 1 1 1 16 10 10 10 3 3 4 |1 14 14 2 10 1 16 17 3 3 2 5 1 6 1 1 |1 1 14 1 2 1 2 12 1 1 12 1 1 1 1 1 |1 2 1 1 2 1 3 2 2 2 4 2 4 1 1 3 |5 16 3 7 1 14 1 11 11 1 1 1 7 5 1 1 |18 23 5 6 6 1 1 12 9 1 17 3 15 1 14 1 |104 9 5 1 9 1 11 13 10 17 18 1 10 4 1 16 |12 1 1 2 3 1 15 1 16 6 2 18 3 4 15 2 |10 11 11 3 1 7 1 7 1 9 16 1 6 2 3 1 |4 1 10 8 1 14 3 6 1 15 4 1 1 1 1 15 |105 100 15 17 8 9 1 14 20 1 1 12 1 1 1 1 |
10241: 1 12 13 1 1 16 9 2 6 1 1 1 8 1 16 13 |8 8 1 10 2 1 1 1 1 16 10 10 10 3 3 4 |1 14 14 2 10 1 16 17 3 3 2 5 1 6 1 1 |1 1 14 1 2 1 2 12 1 1 12 1 1 1 1 1 |1 2 1 1 2 1 3 2 2 2 4 2 4 1 1 3 |5 16 3 7 1 14 1 11 11 1 1 1 7 5 1 1 |18 23 5 6 6 1 1 12 9 1 17 3 15 1 14 1 |104 9 5 1 9 1 11 13 10 17 18 1 10 4 1 16 |12 1 1 2 3 1 15 1 16 6 2 18 3 4 15 2 |10 11 11 3 1 7 1 7 1 9 16 1 6 2 3 1 |4 1 10 8 1 14 3 6 1 15 4 1 1 1 1 15 |105 100 15 17 8 9 1 14 20 1 1 12 1 1 1 1 |
10252: 1 12 13 1 1 16 9 2 6 1 1 1 8 1 16 13 |8 8 1 10 2 1 1 1 1 16 10 10 10 3 3 4 |1 14 14 2 10 1 16 17 3 3 2 5 1 6 1 1 |1 1 14 1 2 1 2 12 1 1 12 1 1 1 1 1 |1 2 1 1 2 1 3 2 2 2 4 2 4 1 1 3 |5 16 3 7 1 14 1 11 11 1 1 1 7 5 1 1 |18 23 5 6 6 1 1 12 9 1 17 3 15 1 14 1 |104 9 5 1 9 1 11 13 10 17 18 1 10 4 1 16 |12 1 1 2 3 1 15 1 16 6 2 18 3 4 15 2 |10 11 11 3 1 7 1 7 1 9 16 1 6 2 3 1 |4 1 10 8 1 14 3 6 1 15 4 1 1 1 1 15 |105 100 15 17 8 9 1 14 20 1 1 12 1 1 1 1 |
10263: 1 12 13 1 1 16 9 2 6 1 1 1 8 1 16 13 |8 8 1 10 2 1 1 1 1 16 10 10 10 3 3 4 |1 14 14 2 10 1 16 17 3 3 2 5 1 6 1 1 |1 1 14 1 2 1 2 12 1 1 12 1 1 1 1 1 |1 2 1 1 2 1 3 2 2 2 4 2 4 1 1 3 |5 16 3 7 1 14 1 11 11 1 1 1 7 5 1 1 |18 23 5 6 6 1 1 12 9 1 17 3 15 1 14 1 |104 9 5 1 9 1 11 13 10 17 18 1 10 4 1 16 |12 1 1 2 3 1 15 1 16 6 2 18 3 4 15 2 |10 11 11 3 1 7 1 7 1 9 16 1 6 2 3 1 |4 1 10 8 1 14 3 6 1 15 4 1 1 1 1 15 |105 100 15 17 8 9 1 14 20 1 1 12 1 1 1 1 |
10274: 1 12 13 1 1 16 9 2 6 1 1 1 8 1 16 13 |8 8 1 10 2 1 1 1 1 16 10 10 10 3 3 4 |1 14 14 2 10 1 16 17 3 3 2 5 1 6 1 1 |1 1 14 1 2 1 2 12 1 1 12 1 1 1 1 1 |1 2 1 1 2 1 3 2 2 2 4 2 4 1 1 3 |5 16 3 7 1 14 1 11 11 1 1 1 7 5 1 1 |18 23 5 6 6 1 1 12 9 1 17 3 15 1 14 1 |104 9 5 1 9 1 11 13 10 17 18 1 10 4 1 16 |12 1 1 2 3 1 15 1 16 6 2 18 3 4 15 2 |10 11 11 3 1 7 1 7 1 9 16 1 6 2 3 1 |4 1 10 8 1 14 3 6 1 15 4 1 1 1 1 15 |105 100 15 17 8 9 1 14 20 1 1 12 1 1 1 1 |
10285: 1 12 13 1 1 16 9 2 6 1 1 1 8 1 16 13 |8 8 1 10 2 1 1 1 1 16 10 10 10 3 3 4 |1 14 14 2 10 1 16 17 3 3 2 5 1 6 1 1 |1 1 14 1 2 1 2 12 1 1 12 1 1 1 1 1 |1 2 1 1 2 1 3 2 2 2 4 2 4 1 1 3 |5 16 3 7 1 14 1 11 11 1 1 1 7 5 1 1 |18 23 5 6 6 1 1 12 9 1 17 3 15 1 14 1 |104 9 5 1 9 1 11 13 10 17 18 1 10 4 1 16 |12 1 1 2 3 1 15 1 16 6 2 18 3 4 15 2 |10 11 11 3 1 7 1 7 1 9 16 1 6 2 3 1 |4 1 10 8 1 14 3 6 1 15 4 1 1 1 1 15 |105 100 15 17 8 9 1 14 20 1 1 12 1 1 1 1 |
10296: 1 12 13 1 1 16 9 2 6 1 1 1 8 1 16 13 |8 8 1 10 2 1 1 1 1 16 10 10 10 3 3 4 |4 14 15 13 7 1 16 19 3 1 1 6 1 4 1 3 |1 1 14 1 2 1 2 12 1 1 12 1 1 1 1 1 |1 2 1 1 2 1 3 2 2 2 4 2 4 1 1 3 |5 16 3 7 1 14 1 11 11 1 1 1 7 5 1 1 |18 23 5 6 6 1 1 12 9 1 17 3 15 1 14 1 |104 9 5 1 9 1 11 13 10 17 18 1 10 4 1 16 |12 1 1 2 3 1 15 1 16 6 2 18 3 4 15 2 |10 11 11 3 1 7 1 7 1 9 16 1 6 2 3 1 |4 1 10 8 1 14 3 6 1 15 4 1 1 1 1 15 |105 100 15 17 8 9 1 14 20 1 1 12 1 1 1 1 |
10307: 1 12 13 1 1 16 9 2 6 1 1 1 8 1 16 13 |8 8 1 10 2 1 1 1 1 16 10 10 10 3 3 4 |4 14 15 13 7 1 16 19 3 1 1 6 1 4 1 3 |1 1 14 1 2 1 2 12 1 1 12 1 1 1 1 1 |1 2 1 1 2 1 3 2 2 2 4 2 4 1 1 3 |5 16 3 7 1 14 1 11 11 1 1 1 7 5 1 1 |18 23 5 6 6 1 1 12 9 1 17 3 15 1 14 1 |104 9 5 1 9 1 11 13 10 17 18 1 10 4 1 16 |12 1 1 2 3 1 15 1 16 6 2 18 3 4 15 2 |10 11 11 3 1 7 1 7 1 9 16 1 6 2 3 1 |4 1 10 8 1 14 3 6 1 15 4 1 1 1 1 15 |105 100 15 17 8 9 1 14 20 1 1 12 1 1 1 1 |
10318: 1 12 13 1 1 16 9 2 6 1 1 1 8 1 16 13 |8 8 1 10 2 1 1 1 1 16 10 10 10 3 3 4 |4 14 15 13 7 1 16 19 3 1 1 6 1 4 1 3 |1 1 14 1 2 1 2 12 1 1 12 1 1 1 1 1 |1 2 1 1 2 1 3 2 2 2 4 2 4 1 1 3 |5 16 3 7 1 14 1 11 11 1 1 1 7 5 1 1 |18 23 5 6 6 1 1 12 9 1 17 3 15 1 14 1 |104 9 5 1 9 1 11 13 10 17 18 1 10 4 1 16 |12 1 1 2 3 1 15 1 16 6 2 18 3 4 15 2 |10 11 11 3 1 7 1 7 1 9 16 1 6 2 3 1 |4 1 10 8 1 14 3 6 1 15 4 1 1 1 1 15 |105 100 15 17 8 9 1 14 20 1 1 12 1 1 1 1 |
10329: 1 12 13 1 1 16 9 2 6 1 1 1 8 1 16 13 |8 8 1 10 2 1 1 1 1 16 10 10 10 3 3 4 |4 14 15 13 7 1 16 19 3 1 1 6 1 4 1 3 |1 1 14 1 2 1 2 12 1 1 12 1 1 1 1 1 |1 2 1 1 2 1 3 2 2 2 4 2 4 1 1 3 |5 16 3 7 1 14 1 11 11 1 1 1 7 5 1 1 |18 23 5 6 6 1 1 12 9 1 17 3 15 1 14 1 |104 9 5 1 9 1 11 13 10 17 18 1 10 4 1 16 |12 1 1 2 3 1 15 1 16 6 2 18 3 4 15 2 |10 11 11 3 1 7 1 7 1 9 16 1 6 2 3 1 |4 1 10 8 1 14 3 6 1 15 4 1 1 1 1 15 |105 100 15 17 8 9 1 14 20 1 1 12 1 1 1 1 |
10340: 1 12 13 1 1 16 9 2 6 1 1 1 8 1 16 13 |8 8 1 10 2 1 1 1 1 16 10 10 10 3 3 4 |4 14 15 13 7 1 16 19 3 1 1 6 1 4 1 3 |1 1 14 1 2 1 2 12 1 1 12 1 1 1 1 1 |1 2 1 1 2 1 3 2 2 2 4 2 4 1 1 3 |5 16 3 7 1 14 1 11 11 1 1 1 7 5 1 1 |18 23 5 6 6 1 1 12 9 1 17 3 15 1 14 1 |104 9 5 1 9 1 11 13 10 17 18 1 10 4 1 16 |12 1 1 2 3 1 15 1 16 6 2 18 3 4 15 2 |10 11 11 3 1 7 1 7 1 9 16 1 6 2 3 1 |4 1 10 8 1 14 3 6 1 15 4 1 1 1 1 15 |105 100 15 17 8 9 1 14 20 1 1 12 1 1 1 1 |
10351: 1 12 13 1 1 16 9 2 6 1 1 1 8 1 16 13 |8 8 1 10 2 1 1 1 1 16 10 10 10 3 3 4 |4 14 15 13 7 1 16 19 3 1 1 6 1 4 1 3 |1 1 14 1 2 1 2 12 1 1 12 1 1 1 1 1 |1 2 1 1 2 1 3 2 2 2 4 2 4 1 1 3 |5 16 3 7 1 14 1 11 11 1 1 1 7 5 1 1 |18 23 5 6 6 1 1 12 9 1 17 3 15 1 14 1 |104 9 5 1 9 1 11 13 10 17 18 1 10 4 1 16 |12 1 1 2 3 1 15 1 16 6 2 18 3 4 15 2 |10 11 11 3 1 7 1 7 1 9 16 1 6 2 3 1 |4 1 10 8 1 14 3 6 1 15 4 1 1 1 1 15 |105 100 15 17 8 9 1 14 20 1 1 12 1 1 1 1 |
10362: 1 12 13 1 1 16 9 2 6 1 1 1 8 1 16 13 |8 8 1 10 2 1 1 1 1 16 10 10 10 3 3 4 |4 14 15 13 7 1 16 19 3 1 1 6 1 4 1 3 |1 7 14 1 16 2 2 11 1 7 12 1 1 1 1 1 |1 2 1 1 2 1 3 2 2 2 4 2 4 1 1 3 |5 16 3 7 1 14 1 11 11 1 1 1 7 5 1 1 |18 23 5 6 6 1 1 12 9 1 17 3 15 1 14 1 |104 9 5 1 9 1 11 13 10 17 18 1 10 4 1 16 |12 1 1 2 3 1 15 1 16 6 2 18 3 4 15 2 |10 11 11 3 1 7 1 7 1 9 16 1 6 2 3 1 |4 1 10 8 1 14 3 6 1 15 4 1 1 1 1 15 |105 100 15 17 8 9 1 14 20 1 1 12 1 1 1 1 |
10373: 1 12 13 1 1 16 9 2 6 1 1 1 8 1 16 13 |8 8 1 10 2 1 1 1 1 16 10 10 10 3 3 4 |4 14 15 13 7 1 16 19 3 1 1 6 1 4 1 3 |1 7 14 1 16 2 2 11 1 7 12 1 1 1 1 1 |1 2 1 1 2 1 3 2 2 2 4 2 4 1 1 3 |5 16 3 7 1 14 1 11 11 1 1 1 7 5 1 1 |18 23 5 6 6 1 1 12 9 1 17 3 15 1 14 1 |104 9 5 1 9 1 11 13 10 17 18 1 10 4 1 16 |12 1 1 2 3 1 15 1 16 6 2 18 3 4 15 2 |10 11 11 3 1 7 1 7 1 9 16 1 6 2 3 1 |4 1 10 8 1 14 3 6 1 15 4 1 1 1 1 15 |105 100 15 17 8 9 1 14 20 1 1 12 1 1 1 1 |
10384: 1 12 13 1 1 16 9 2 6 1 1 1 8 1 16 13 |8 8 1 10 2 1 1 1 1 16 10 10 10 3 3 4 |4 14 15 13 7 1 16 19 3 1 1 6 1 4 1 3 |1 7 14 1 16 2 2 11 1 7 12 1 1 1 1 1 |1 2 1 1 2 1 3 2 2 2 4 2 4 1 1 3 |5 16 3 7 1 14 1 11 11 1 1 1 7 5 1 1 |18 23 5 6 6 1 1 12 9 1 17 3 15 1 14 1 |104 9 5 1 9 1 11 13 10 17 18 1 10 4 1 16 |12 1 1 2 3 1 15 1 16 6 2 18 3 4 15 2 |10 11 11 3 1 7 1 7 1 9 16 1 6 2 3 1 |4 1 10 8 1 14 3 6 1 15 4 1 1 1 1 15 |105 100 15 17 8 9 1 14 20 1 1 12 1 1 1 1 |
10395: 1 12 13 1 1 16 9 2 6 1 1 1 8 1 16 13 |8 8 1 10 2 1 1 1 1 16 10 10 10 3 3 4 |4 14 15 13 7 1 16 19 3 1 1 6 1 4 1 3 |1 7 14 1 16 2 2 11 1 7 12 1 1 1 1 1 |1 2 1 1 2 1 3 2 2 2 4 2 4 1 1 3 |5 16 3 7 1 14 1 11 11 1 1 1 7 5 1 1 |18 23 5 6 6 1 1 12 9 1 17 3 15 1 14 1 |104 9 5 1 9 1 11 13 10 17 18 1 10 4 1 16 |12 1 1 2 3 1 15 1 16 6 2 18 3 4 15 2 |10 11 11 3 1 7 1 7 1 9 16 1 6 2 3 1 |4 1 10 8 1 14 3 6 1 15 4 1 1 1 1 15 |105 100 15 17 8 9 1 14 20 1 1 12 1 1 1 1 |
10406: 1 12 13 1 1 16 9 2 6 1 1 1 8 1 16 13 |8 8 1 10 2 1 1 1 1 16 10 10 10 3 3 4 |4 14 15 13 7 1 16 19 3 1 1 6 1 4 1 3 |1 7 14 1 16 2 2 11 1 7 12 1 1 1 1 1 |1 2 1 1 2 1 3 2 2 2 4 2 4 1 1 3 |5 16 3 7 1 14 1 11 11 1 1 1 7 5 1 1 |18 23 5 6 6 1 1 12 9 1 17 3 15 1 14 1 |104 9 5 1 9 1 11 13 10 17 18 1 10 4 1 16 |12 1 1 2 3 1 15 1 16 6 2 18 3 4 15 2 |10 11 11 3 1 7 1 7 1 9 16 1 6 2 3 1 |4 1 10 8 1 14 3 6 1 15 4 1 1 1 1 15 |105 100 15 17 8 9 1 14 20 1 1 12 1 1 1 1 |
10417: 1 12 13 1 1 16 9 2 6 1 1 1 8 1 16 13 |8 8 1 10 2 1 1 1 1 16 10 10 10 3 3 4 |4 14 15 13 7 1 16 19 3 1 1 6 1 4 1 3 |1 7 14 1 16 2 2 11 1 7 12 1 1 1 1 1 |1 2 1 1 2 1 3 2 2 2 4 2 4 1 1 3 |5 16 3 7 1 14 1 11 11 1 1 1 7 5 1 1 |18 23 5 6 6 1 1 12 9 1 17 3 15 1 14 1 |104 9 5 1 9 1 11 13 10 17 18 1 10 4 1 16 |12 1 1 2 3 1 15 1 16 6 2 18 3 4 15 2 |10 11 11 3 1 7 1 7 1 9 16 1 6 2 3 1 |4 1 10 8 1 14 3 6 1 15 4 1 1 1 1 15 |105 100 15 17 8 9 1 14 20 1 1 12 1 1 1 1 |
10428: 1 12 13 1 1 16 9 2 6 1 1 1 8 1 16 13 |8 8 1 10 2 1 1 1 1 16 10 10 10 3 3 4 |4 14 15 13 7 1 16 19 3 1 1 6 1 4 1 3 |1 7 14 1 16 2 2 11 1 7 12 1 1 1 1 1 |4 8 3 2 6 1 1 3 7 11 6 1 1 1 1 1 |5 16 3 7 1 14 1 11 11 1 1 1 7 5 1 1 |18 23 5 6 6 1 1 12 9 1 17 3 15 1 14 1 |104 9 5 1 9 1 11 13 10 17 18 1 10 4 1 16 |12 1 1 2 3 1 15 1 16 6 2 18 3 4 15 2 |10 11 11 3 1 7 1 7 1 9 16 1 6 2 3 1 |4 1 10 8 1 14 3 6 1 15 4 1 1 1 1 15 |105 100 15 17 8 9 1 14 20 1 1 12 1 1 1 1 |
10439: 1 12 13 1 1 16 9 2 6 1 1 1 8 1 16 13 |8 8 1 10 2 1 1 1 1 16 10 10 10 3 3 4 |4 14 15 13 7 1 16 19 3 1 1 6 1 4 1 3 |1 7 14 1 16 2 2 11 1 7 12 1 1 1 1 1 |4 8 3 2 6 1 1 3 7 11 6 1 1 1 1 1 |5 16 3 7 1 14 1 11 11 1 1 1 7 5 1 1 |18 23 5 6 6 1 1 12 9 1 17 3 15 1 14 1 |104 9 5 1 9 1 11 13 10 17 18 1 10 4 1 16 |12 1 1 2 3 1 15 1 16 6 2 18 3 4 15 2 |10 11 11 3 1 7 1 7 1 9 16 1 6 2 3 1 |4 1 10 8 1 14 3 6 1 15 4 1 1 1 1 15 |105 100 15 17 8 9 1 14 20 1 1 12 1 1 1 1 |
10450: 1 12 13 1 1 16 9 2 6 1 1 1 8 1 16 13 |8 8 1 10 2 1 1 1 1 16 10 10 10 3 3 4 |4 14 15 13 7 1 16 19 3 1 1 6 1 4 1 3 |1 7 14 1 16 2 2 11 1 7 12 1 1 1 1 1 |4 8 3 2 6 1 1 3 7 11 6 1 1 1 1 1 |5 16 3 7 1 14 1 11 11 1 1 1 7 5 1 1 |18 23 5 6 6 1 1 12 9 1 17 3 15 1 14 1 |104 9 5 1 9 1 11 13 10 17 18 1 10 4 1 16 |12 1 1 2 3 1 15 1 16 6 2 18 3 4 15 2 |10 11 11 3 1 7 1 7 1 9 16 1 6 2 3 1 |4 1 10 8 1 14 3 6 1 15 4 1 1 1 1 15 |105 100 15 17 8 9 1 14 20 1 1 12 1 1 1 1 |
10461: 1 12 13 1 1 16 9 2 6 1 1 1 8 1 16 13 |8 8 1 10 2 1 1 1 1 16 10 10 10 3 3 4 |4 14 15 13 7 1 16 19 3 1 1 6 1 4 1 3 |1 7 14 1 16 2 2 11 1 7 12 1 1 1 1 1 |6 1 1 2 6 1 3 3 6 10 1 3 8 1 3 4 |5 16 3 7 1 14 1 11 11 1 1 1 7 5 1 1 |18 23 5 6 6 1 1 12 9 1 17 3 15 1 14 1 |104 9 5 1 9 1 11 13 10 17 18 1 10 4 1 16 |12 1 1 2 3 1 15 1 16 6 2 18 3 4 15 2 |10 11 11 3 1 7 1 7 1 9 16 1 6 2 3 1 |4 1 10 8 1 14 3 6 1 15 4 1 1 1 1 15 |105 100 15 17 8 9 1 14 20 1 1 12 1 1 1 1 |
10472: 1 12 13 1 1 16 9 2 6 1 1 1 8 1 16 13 |8 8 1 10 2 1 1 1 1 16 10 10 10 3 3 4 |4 14 15 13 7 1 16 19 3 1 1 6 1 4 1 3 |1 7 14 1 16 2 2 11 1 7 12 1 1 1 1 1 |6 1 1 2 6 1 3 3 6 10 1 3 8 1 3 4 |7 17 1 6 1 9 1 13 11 1 2 2 1 5 1 1 |18 23 5 6 6 1 1 12 9 1 17 3 15 1 14 1 |104 9 5 1 9 1 11 13 10 17 18 1 10 4 1 16 |12 1 1 2 3 1 15 1 16 6 2 18 3 4 15 2 |10 11 11 3 1 7 1 7 1 9 16 1 6 2 3 1 |4 1 10 8 1 14 3 6 1 15 4 1 1 1 1 15 |105 100 15 17 8 9 1 14 20 1 1 12 1 1 1 1 |
10483: 1 12 13 1 1 16 9 2 6 1 1 1 8 1 16 13 |8 8 1 10 2 1 1 1 1 16 10 10 10 3 3 4 |4 14 15 13 7 1 16 19 3 1 1 6 1 4 1 3 |1 7 14 1 16 2 2 11 1 7 12 1 1 1 1 1 |6 1 1 2 6 1 3 3 6 10 1 3 8 1 3 4 |7 17 1 6 1 9 1 13 11 1 2 2 1 5 1 1 |18 23 5 6 6 1 1 12 9 1 17 3 15 1 14 1 |104 9 5 1 9 1 11 13 10 17 18 1 10 4 1 16 |12 1 1 2 3 1 15 1 16 6 2 18 3 4 15 2 |10 11 11 3 1 7 1 7 1 9 16 1 6 2 3 1 |4 1 10 8 1 14 3 6 1 15 4 1 1 1 1 15 |105 100 15 17 8 9 1 14 20 1 1 12 1 1 1 1 |
10494: 1 12 13 1 1 16 9 2 6 1 1 1 8 1 16 13 |8 8 1 10 2 1 1 1 1 16 10 10 10 3 3 4 |4 14 15 13 7 1 16 19 3 1 1 6 1 4 1 3 |1 7 14 1 16 2 2 11 1 7 12 1 1 1 1 1 |6 1 1 2 6 1 3 3 6 10 1 3 8 1 3 4 |9 17 1 3 4 3 1 12 10 1 1 2 3 5 1 1 |18 23 5 6 6 1 1 12 9 1 17 3 15 1 14 1 |104 9 5 1 9 1 11 13 10 17 18 1 10 4 1 16 |12 1 1 2 3 1 15 1 16 6 2 18 3 4 15 2 |10 11 11 3 1 7 1 7 1 9 16 1 6 2 3 1 |4 1 10 8 1 14 3 6 1 15 4 1 1 1 1 15 |105 100 15 17 8 9 1 14 20 1 1 12 1 1 1 1 |
10505: 1 12 13 1 1 16 9 2 6 1 1 1 8 1 16 13 |8 8 1 10 2 1 1 1 1 16 10 10 10 3 3 4 |4 14 15 13 7 1 16 19 3 1 1 6 1 4 1 3 |1 7 14 1 16 2 2 11 1 7 12 1 1 1 1 1 |6 1 1 2 6 1 3 3 6 10 1 3 8 1 3 4 |9 17 1 3 4 3 1 12 10 1 1 2 3 5 1 1 |18 23 5 6 6 1 1 12 9 1 17 3 15 1 14 1 |104 9 5 1 9 1 11 13 10 17 18 1 10 4 1 16 |12 1 1 2 3 1 15 1 16 6 2 18 3 4 15 2 |10 11 11 3 1 7 1 7 1 9 16 1 6 2 3 1 |4 1 10 8 1 14 3 6 1 15 4 1 1 1 1 15 |105 100 15 17 8 9 1 14 20 1 1 12 1 1 1 1 |
10516: 1 12 13 1 1 16 9 2 6 1 1 1 8 1 16 13 |8 8 1 10 2 1 1 1 1 16 10 10 10 3 3 4 |4 14 15 13 7 1 16 19 3 1 1 6 1 4 1 3 |1 7 14 1 16 2 2 11 1 7 12 1 1 1 1 1 |6 1 1 2 6 1 3 3 6 10 1 3 8 1 3 4 |9 17 1 3 4 3 1 12 10 1 1 2 3 5 1 1 |18 23 5 6 6 1 1 12 9 1 17 3 15 1 14 1 |104 9 5 1 9 1 11 13 10 17 18 1 10 4 1 16 |12 1 1 2 3 1 15 1 16 6 2 18 3 4 15 2 |10 11 11 3 1 7 1 7 1 9 16 1 6 2 3 1 |4 1 10 8 1 14 3 6 1 15 4 1 1 1 1 15 |105 100 15 17 8 9 1 14 20 1 1 12 1 1 1 1 |
10527: 1 12 13 1 1 16 9 2 6 1 1 1 8 1 16 13 |8 8 1 10 2 1 1 1 1 16 10 10 10 3 3 4 |4 14 15 13 7 1 16 19 3 1 1 6 1 4 1 3 |1 7 14 1 16 2 2 11 1 7 12 1 1 1 1 1 |6 1 1 2 6 1 3 3 6 10 1 3 8 1 3 4 |9 17 1 3 4 3 1 12 10 1 1 2 3 5 1 1 |18 23 5 6 6 1 1 12 9 1 17 3 15 1 14 1 |104 9 5 1 9 1 11 13 10 17 18 1 10 4 1 16 |12 1 1 2 3 1 15 1 16 6 2 18 3 4 15 2 |10 11 11 3 1 7 1 7 1 9 16 1 6 2 3 1 |4 1 10 8 1 14 3 6 1 15 4 1 1 1 1 15 |105 100 15 17 8 9 1 14 20 1 1 12 1 1 1 1 |
10538: 1 12 13 1 1 16 9 2 6 1 1 1 8 1 16 13 |8 8 1 10 2 1 1 1 1 16 10 10 10 3 3 4 |4 14 15 13 7 1 16 19 3 1 1 6 1 4 1 3 |1 7 14 1 16 2 2 11 1 7 12 1 1 1 1 1 |6 1 1 2 6 1 3 3 6 10 1 3 8 1 3 4 |9 17 1 3 4 3 1 12 10 1 1 2 3 5 1 1 |18 23 5 6 6 1 1 12 9 1 17 3 15 1 14 1 |104 9 5 1 9 1 11 13 10 17 18 1 10 4 1 16 |12 1 1 2 3 1 15 1 16 6 2 18 3 4 15 2 |10 11 11 3 1 7 1 7 1 9 16 1 6 2 3 1 |4 1 10 8 1 14 3 6 1 15 4 1 1 1 1 15 |105 100 15 17 8 9 1 14 20 1 1 12 1 1 1 1 |
10549: 1 12 13 1 1 16 9 2 6 1 1 1 8 1 16 13 |8 8 1 10 2 1 1 1 1 16 10 10 10 3 3 4 |4 14 15 13 7 1 16 19 3 1 1 6 1 4 1 3 |1 7 14 1 16 2 2 11 1 7 12 1 1 1 1 1 |6 1 1 2 6 1 3 3 6 10 1 3 8 1 3 4 |9 17 1 3 4 3 1 12 10 1 1 2 3 5 1 1 |18 23 5 6 6 1 1 12 9 1 17 3 15 1 14 1 |104 9 5 1 9 1 11 13 10 17 18 1 10 4 1 16 |12 1 1 2 3 1 15 1 16 6 2 18 3 4 15 2 |10 11 11 3 1 7 1 7 1 9 16 1 6 2 3 1 |4 1 10 8 1 14 3 6 1 15 4 1 1 1 1 15 |105 100 15 17 8 9 1 14 20 1 1 12 1 1 1 1 |
10560: 1 12 13 1 1 16 9 2 6 1 1 1 8 1 16 13 |8 8 1 10 2 1 1 1 1 16 10 10 10 3 3 4 |4 14 15 13 7 1 16 19 3 1 1 6 1 4 1 3 |1 7 14 1 16 2 2 11 1 7 12 1 1 1 1 1 |1 1 1 1 2 1 1 2 1 11 1 3 4 5 2 4 |9 17 1 3 4 3 1 12 10 1 1 2 3 5 1 1 |18 23 5 6 6 1 1 12 9 1 17 3 15 1 14 1 |104 9 5 1 9 1 11 13 10 17 18 1 10 4 1 16 |12 1 1 2 3 1 15 1 16 6 2 18 3 4 15 2 |10 11 11 3 1 7 1 7 1 9 16 1 6 2 3 1 |4 1 10 8 1 14 3 6 1 15 4 1 1 1 1 15 |105 100 15 17 8 9 1 14 20 1 1 12 1 1 1 1 |
10571: 1 12 13 1 1 16 9 2 6 1 1 1 8 1 16 13 |8 8 1 10 2 1 1 1 1 16 10 10 10 3 3 4 |4 14 15 13 7 1 16 19 3 1 1 6 1 4 1 3 |1 7 14 1 16 2 2 11 1 7 12 1 1 1 1 1 |1 1 1 1 2 1 1 2 1 11 1 3 4 5 2 4 |9 17 1 3 4 3 1 12 10 1 1 2 3 5 1 1 |18 23 5 6 6 1 1 12 9 1 17 3 15 1 14 1 |104 9 5 1 9 1 11 13 10 17 18 1 10 4 1 16 |12 1 1 2 3 1 15 1 16 6 2 18 3 4 15 2 |10 11 11 3 1 7 1 7 1 9 16 1 6 2 3 1 |4 1 10 8 1 14 3 6 1 15 4 1 1 1 1 15 |19 1 8 2 1 7 1 14 3 1 1 3 2 2 2 1 |
10582: 1 12 13 1 1 16 9 2 6 1 1 1 8 1 16 13 |8 8 1 10 2 1 1 1 1 16 10 10 10 3 3 4 |4 14 15 13 7 1 16 19 3 1 1 6 1 4 1 3 |1 7 14 1 16 2 2 11 1 7 12 1 1 1 1 1 |1 1 1 1 2 1 1 2 1 11 1 3 4 5 2 4 |9 17 1 3 4 3 1 12 10 1 1 2 3 5 1 1 |18 23 5 6 6 1 1 12 9 1 17 3 15 1 14 1 |104 9 5 1 9 1 11 13 10 17 18 1 10 4 1 16 |12 1 1 2 3 1 15 1 16 6 2 18 3 4 15 2 |10 11 11 3 1 7 1 7 1 9 16 1 6 2 3 1 |4 1 10 8 1 14 3 6 1 15 4 1 1 1 1 15 |19 1 8 2 1 7 1 14 3 1 1 3 2 2 2 1 |
10592: 1 12 13 1 1 16 9 2 6 1 1 1 8 1 16 13 |8 8 1 10 2 1 1 1 1 16 10 10 10 3 3 4 |4 14 15 13 7 1 16 19 3 1 1 6 1 4 1 3 |1 7 14 1 16 2 2 11 1 7 12 1 1 1 1 1 |1 1 1 9 2 1 2 2 2 1 1 1 1 1 2 3 |9 17 1 3 4 3 1 12 10 1 1 2 3 5 1 1 |18 23 5 6 6 1 1 12 9 1 17 3 15 1 14 1 |104 9 5 1 9 1 11 13 10 17 18 1 10 4 1 16 |12 1 1 2 3 1 15 1 16 6 2 18 3 4 15 2 |10 11 11 3 1 7 1 7 1 9 16 1 6 2 3 1 |4 1 10 8 1 14 3 6 1 15 4 1 1 1 1 15 |19 1 8 2 1 7 1 14 3 1 1 3 2 2 2 1 |
10603: 1 12 13 1 1 16 9 2 6 1 1 1 8 1 16 13 |8 8 1 10 2 1 1 1 1 16 10 10 10 3 3 4 |4 14 15 13 7 1 16 19 3 1 1 6 1 4 1 3 |1 7 14 1 16 2 2 11 1 7 12 1 1 1 1 1 |1 1 1 9 2 1 2 2 2 1 1 1 1 1 2 3 |1 9 3 8 2 1 1 1 9 3 1 1 2 5 1 1 |18 23 5 6 6 1 1 12 9 1 17 3 15 1 14 1 |104 9 5 1 9 1 11 13 10 17 18 1 10 4 1 16 |12 1 1 2 3 1 15 1 16 6 2 18 3 4 15 2 |10 11 11 3 1 7 1 7 1 9 16 1 6 2 3 1 |4 1 10 8 1 14 3 6 1 15 4 1 1 1 1 15 |19 1 8 2 1 7 1 14 3 1 1 3 2 2 2 1 |
10614: 1 12 13 1 1 16 9 2 6 1 1 1 8 1 16 13 |8 8 1 10 2 1 1 1 1 16 10 10 10 3 3 4 |4 14 15 13 7 1 16 19 3 1 1 6 1 4 1 3 |1 7 14 1 16 2 2 11 1 7 12 1 1 1 1 1 |1 1 1 9 2 1 2 2 2 1 1 1 1 1 2 3 |1 9 3 8 2 1 1 1 9 3 1 1 2 5 1 1 |18 23 5 6 6 1 1 12 9 1 17 3 15 1 14 1 |104 9 5 1 9 1 11 13 10 17 18 1 10 4 1 16 |12 1 1 2 3 1 15 1 16 6 2 18 3 4 15 2 |10 11 11 3 1 7 1 7 1 9 16 1 6 2 3 1 |4 1 10 8 1 14 3 6 1 15 4 1 1 1 1 15 |19 1 8 2 1 7 1 14 3 1 1 3 2 2 2 1 |
10625: 1 12 13 1 1 16 9 2 6 1 1 1 8 1 16 13 |8 8 1 10 2 1 1 1 1 16 10 10 10 3 3 4 |4 14 15 13 7 1 16 19 3 1 1 6 1 4 1 3 |1 7 14 1 16 2 2 11 1 7 12 1 1 1 1 1 |1 1 1 9 2 1 2 2 2 1 1 1 1 1 2 3 |1 9 3 8 2 1 1 1 9 3 1 1 2 5 1 1 |18 23 5 6 6 1 1 12 9 1 17 3 15 1 14 1 |104 9 5 1 9 1 11 13 10 17 18 1 10 4 1 16 |12 1 1 2 3 1 15 1 16 6 2 18 3 4 15 2 |10 11 11 3 1 7 1 7 1 9 16 1 6 2 3 1 |4 1 10 8 1 14 3 6 1 15 4 1 1 1 1 15 |19 1 8 2 1 7 1 14 3 1 1 3 2 2 2 1 |
10636: 1 12 13 1 1 16 9 2 6 1 1 1 8 1 16 13 |8 8 1 10 2 1 1 1 1 16 10 10 10 3 3 4 |4 14 15 13 7 1 16 19 3 1 1 6 1 4 1 3 |1 7 14 1 16 2 2 11 1 7 12 1 1 1 1 1 |1 1 1 9 2 1 2 2 2 1 1 1 1 1 2 3 |1 9 3 8 2 1 1 1 9 3 1 1 2 5 1 1 |18 23 5 6 6 1 1 12 9 1 17 3 15 1 14 1 |104 9 5 1 9 1 11 13 10 17 18 1 10 4 1 16 |12 1 1 2 3 1 15 1 16 6 2 18 3 4 15 2 |10 11 11 3 1 7 1 7 1 9 16 1 6 2 3 1 |4 1 10 8 1 14 3 6 1 15 4 1 1 1 1 15 |19 1 8 2 1 7 1 14 3 1 1 3 2 2 2 1 |
10647: 1 12 13 1 1 16 9 2 6 1 1 1 8 1 16 13 |8 8 1 10 2 1 1 1 1 16 10 10 10 3 3 4 |4 14 15 13 7 1 16 19 3 1 1 6 1 4 1 3 |1 7 14 1 16 2 2 11 1 7 12 1 1 1 1 1 |1 1 1 9 2 1 2 2 2 1 1 1 1 1 2 3 |1 9 3 8 2 1 1 1 9 3 1 1 2 5 1 1 |18 23 5 6 6 1 1 12 9 1 17 3 15 1 14 1 |104 9 5 1 9 1 11 13 10 17 18 1 10 4 1 16 |12 1 1 2 3 1 15 1 16 6 2 18 3 4 15 2 |10 11 11 3 1 7 1 7 1 9 16 1 6 2 3 1 |4 1 10 8 1 14 3 6 1 15 4 1 1 1 1 15 |19 1 8 2 1 7 1 14 3 1 1 3 2 2 2 1 |
10658: 1 12 13 1 1 16 9 2 6 1 1 1 8 1 16 13 |8 8 1 10 2 1 1 1 1 16 10 10 10 3 3 4 |4 14 15 13 7 1 16 19 3 1 1 6 1 4 1 3 |1 7 14 1 16 2 2 11 1 7 12 1 1 1 1 1 |1 1 1 1 2 1 1 3 2 10 1 2 5 1 2 4 |1 9 3 8 2 1 1 1 9 3 1 1 2 5 1 1 |18 23 5 6 6 1 1 12 9 1 17 3 15 1 14 1 |104 9 5 1 9 1 11 13 10 17 18 1 10 4 1 16 |12 1 1 2 3 1 15 1 16 6 2 18 3 4 15 2 |10 11 11 3 1 7 1 7 1 9 16 1 6 2 3 1 |4 1 10 8 1 14 3 6 1 15 4 1 1 1 1 15 |19 1 8 2 1 7 1 14 3 1 1 3 2 2 2 1 |
10669: 1 12 13 1 1 16 9 2 6 1 1 1 8 1 16 13 |8 8 1 10 2 1 1 1 1 16 10 10 10 3 3 4 |4 14 15 13 7 1 16 19 3 1 1 6 1 4 1 3 |1 7 14 1 16 2 2 11 1 7 12 1 1 1 1 1 |1 1 1 1 2 1 1 3 2 10 1 2 5 1 2 4 |1 9 3 8 2 1 1 1 9 3 1 1 2 5 1 1 |18 23 5 6 6 1 1 12 9 1 17 3 15 1 14 1 |104 9 5 1 9 1 11 13 10 17 18 1 10 4 1 16 |12 1 1 2 3 1 15 1 16 6 2 18 3 4 15 2 |10 11 11 3 1 7 1 7 1 9 16 1 6 2 3 1 |4 1 10 8 1 14 3 6 1 15 4 1 1 1 1 15 |19 1 8 2 1 7 1 14 3 1 1 3 2 2 2 1 |
10680: 1 12 13 1 1 16 9 2 6 1 1 1 8 1 16 13 |8 8 1 10 2 1 1 1 1 16 10 10 10 3 3 4 |4 14 15 13 7 1 16 19 3 1 1 6 1 4 1 3 |1 7 14 1 16 2 2 11 1 7 12 1 1 1 1 1 |1 1 1 1 2 1 1 3 2 10 1 2 5 1 2 4 |1 9 3 8 2 1 1 1 9 3 1 1 2 5 1 1 |18 23 5 6 6 1 1 12 9 1 17 3 15 1 14 1 |104 9 5 1 9 1 11 13 10 17 18 1 10 4 1 16 |12 1 1 2 3 1 15 1 16 6 2 18 3 4 15 2 |10 11 11 3 1 7 1 7 1 9 16 1 6 2 3 1 |4 1 10 8 1 14 3 6 1 15 4 1 1 1 1 15 |19 1 8 2 1 7 1 14 3 1 1 3 2 2 2 1 |
10691: 1 12 13 1 1 16 9 2 6 1 1 1 8 1 16 13 |8 8 1 10 2 1 1 1 1 16 10 10 10 3 3 4 |4 14 15 13 7 1 16 19 3 1 1 6 1 4 1 3 |1 7 14 1 16 2 2 11 1 7 12 1 1 1 1 1 |6 2 1 1 5 2 1 2 1 1 1 2 5 1 3 5 |1 9 3 8 2 1 1 1 9 3 1 1 2 5 1 1 |18 23 5 6 6 1 1 12 9 1 17 3 15 1 14 1 |104 9 5 1 9 1 11 13 10 17 18 1 10 4 1 16 |12 1 1 2 3 1 15 1 16 6 2 18 3 4 15 2 |10 11 11 3 1 7 1 7 1 9 16 1 6 2 3 1 |4 1 10 8 1 14 3 6 1 15 4 1 1 1 1 15 |19 1 8 2 1 7 1 14 3 1 1 3 2 2 2 1 |
10702: 1 12 13 1 1 16 9 2 6 1 1 1 8 1 16 13 |8 8 1 10 2 1 1 1 1 16 10 10 10 3 3 4 |4 14 15 13 7 1 16 19 3 1 1 6 1 4 1 3 |1 7 14 1 16 2 2 11 1 7 12 1 1 1 1 1 |6 2 1 1 5 2 1 2 1 1 1 2 5 1 3 5 |1 9 3 8 2 1 1 1 9 3 1 1 2 5 1 1 |18 23 5 6 6 1 1 12 9 1 17 3 15 1 14 1 |104 9 5 1 9 1 11 13 10 17 18 1 10 4 1 16 |12 1 1 2 3 1 15 1 16 6 2 18 3 4 15 2 |10 11 11 3 1 7 1 7 1 9 16 1 6 2 3 1 |4 1 10 8 1 14 3 6 1 15 4 1 1 1 1 15 |19 1 8 2 1 7 1 14 3 1 1 3 2 2 2 1 |
10713: 1 12 13 1 1 16 9 2 6 1 1 1 8 1 16 13 |8 8 1 10 2 1 1 1 1 16 10 10 10 3 3 4 |4 14 15 13 7 1 16 19 3 1 1 6 1 4 1 3 |1 7 14 1 16 2 2 11 1 7 12 1 1 1 1 1 |6 2 1 1 5 2 1 2 1 1 1 2 5 1 3 5 |1 9 3 8 2 1 1 1 9 3 1 1 2 5 1 1 |18 23 5 6 6 1 1 12 9 1 17 3 15 1 14 1 |104 9 5 1 9 1 11 13 10 17 18 1 10 4 1 16 |12 1 1 2 3 1 15 1 16 6 2 18 3 4 15 2 |10 11 11 3 1 7 1 7 1 9 16 1 6 2 3 1 |4 1 10 8 1 14 3 6 1 15 4 1 1 1 1 15 |19 1 8 2 1 7 1 14 3 1 1 3 2 2 2 1 |
10724: 1 12 13 1 1 16 9 2 6 1 1 1 8 1 16 13 |8 8 1 10 2 1 1 1 1 16 10 10 10 3 3 4 |4 14 15 13 7 1 16 19 3 1 1 6 1 4 1 3 |1 7 14 1 16 2 2 11 1 7 12 1 1 1 1 1 |6 2 1 1 5 2 1 2 1 1 1 2 5 1 3 5 |1 9 3 8 2 1 1 1 9 3 1 1 2 5 1 1 |18 23 5 6 6 1 1 12 9 1 17 3 15 1 14 1 |104 9 5 1 9 1 11 13 10 17 18 1 10 4 1 16 |12 1 1 2 3 1 15 1 16 6 2 18 3 4 15 2 |10 11 11 3 1 7 1 7 1 9 16 1 6 2 3 1 |4 1 10 8 1 14 3 6 1 15 4 1 1 1 1 15 |19 1 8 2 1 7 1 14 3 1 1 3 2 2 2 1 |
10735: 1 12 13 1 1 16 9 2 6 1 1 1 8 1 16 13 |8 8 1 10 2 1 1 1 1 16 10 10 10 3 3 4 |4 14 15 13 7 1 16 19 3 1 1 6 1 4 1 3 |1 7 14 1 16 2 2 11 1 7 12 1 1 1 1 1 |6 2 1 1 5 2 1 2 1 1 1 2 5 1 3 5 |1 9 3 8 2 1 1 1 9 3 1 1 2 5 1 1 |18 23 5 6 6 1 1 12 9 1 17 3 15 1 14 1 |104 9 5 1 9 1 11 13 10 17 18 1 10 4 1 16 |12 1 1 2 3 1 15 1 16 6 2 18 3 4 15 2 |10 11 11 3 1 7 1 7 1 9 16 1 6 2 3 1 |4 1 10 8 1 14 3 6 1 15 4 1 1 1 1 15 |19 1 8 2 1 7 1 14 3 1 1 3 2 2 2 1 |
10746: 1 12 13 1 1 16 9 2 6 1 1 1 8 1 16 13 |8 8 1 10 2 1 1 1 1 16 10 10 10 3 3 4 |4 14 15 13 7 1 16 19 3 1 1 6 1 4 1 3 |1 7 14 1 16 2 2 11 1 7 12 1 1 1 1 1 |6 2 1 1 5 2 1 2 1 1 1 2 5 1 3 5 |1 9 3 8 2 1 1 1 9 3 1 1 2 5 1 1 |18 23 5 6 6 1 1 12 9 1 17 3 15 1 14 1 |104 9 5 1 9 1 11 13 10 17 18 1 10 4 1 16 |12 1 1 2 3 1 15 1 16 6 2 18 3 4 15 2 |10 11 11 3 1 7 1 7 1 9 16 1 6 2 3 1 |4 1 10 8 1 14 3 6 1 15 4 1 1 1 1 15 |19 1 8 2 1 7 1 14 3 1 1 3 2 2 2 1 |
10757: 1 12 13 1 1 16 9 2 6 1 1 1 8 1 16 13 |8 8 1 10 2 1 1 1 1 16 10 10 10 3 3 4 |4 14 15 13 7 1 16 19 3 1 1 6 1 4 1 3 |6 9 16 1 3 1 1 1 1 8 11 3 1 6 10 1 |6 2 1 1 5 2 1 2 1 1 1 2 5 1 3 5 |1 9 3 8 2 1 1 1 9 3 1 1 2 5 1 1 |18 23 5 6 6 1 1 12 9 1 17 3 15 1 14 1 |104 9 5 1 9 1 11 13 10 17 18 1 10 4 1 16 |12 1 1 2 3 1 15 1 16 6 2 18 3 4 15 2 |10 11 11 3 1 7 1 7 1 9 16 1 6 2 3 1 |4 1 10 8 1 14 3 6 1 15 4 1 1 1 1 15 |19 1 8 2 1 7 1 14 3 1 1 3 2 2 2 1 |
10768: 1 12 13 1 1 16 9 2 6 1 1 1 8 1 16 13 |8 8 1 10 2 1 1 1 1 16 10 10 10 3 3 4 |4 14 15 13 7 1 16 19 3 1 1 6 1 4 1 3 |6 9 16 1 3 1 1 1 1 8 11 3 1 6 10 1 |6 2 1 1 5 2 1 2 1 1 1 2 5 1 3 5 |1 9 3 8 2 1 1 1 9 3 1 1 2 5 1 1 |18 23 5 6 6 1 1 12 9 1 17 3 15 1 14 1 |104 9 5 1 9 1 11 13 10 17 18 1 10 4 1 16 |12 1 1 2 3 1 15 1 16 6 2 18 3 4 15 2 |10 11 11 3 1 7 1 7 1 9 16 1 6 2 3 1 |4 1 10 8 1 14 3 6 1 15 4 1 1 1 1 15 |19 1 8 2 1 7 1 14 3 1 1 3 2 2 2 1 |
10779: 1 12 13 1 1 16 9 2 6 1 1 1 8 1 16 13 |8 8 1 10 2 1 1 1 1 16 10 10 10 3 3 4 |4 14 15 13 7 1 16 19 3 1 1 6 1 4 1 3 |6 9 16 1 3 1 1 1 1 8 11 3 1 6 10 1 |6 2 1 1 5 2 1 2 1 1 1 2 5 1 3 5 |1 9 3 8 2 1 1 1 9 3 1 1 2 5 1 1 |18 23 5 6 6 1 1 12 9 1 17 3 15 1 14 1 |104 9 5 1 9 1 11 13 10 17 18 1 10 4 1 16 |12 1 1 2 3 1 15 1 16 6 2 18 3 4 15 2 |10 11 11 3 1 7 1 7 1 9 16 1 6 2 3 1 |4 1 10 8 1 14 3 6 1 15 4 1 1 1 1 15 |19 1 8 2 1 7 1 14 3 1 1 3 2 2 2 1 |
10790: 1 12 13 1 1 16 9 2 6 1 1 1 8 1 16 13 |8 8 1 10 2 1 1 1 1 16 10 10 10 3 3 4 |4 14 15 13 7 1 16 19 3 1 1 6 1 4 1 3 |6 9 16 1 3 1 1 1 1 8 11 3 1 6 10 1 |6 2 1 1 5 2 1 2 1 1 1 2 5 1 3 5 |1 9 3 8 2 1 1 1 9 3 1 1 2 5 1 1 |18 23 5 6 6 1 1 12 9 1 17 3 15 1 14 1 |104 9 5 1 9 1 11 13 10 17 18 1 10 4 1 16 |12 1 1 2 3 1 15 1 16 6 2 18 3 4 15 2 |10 11 11 3 1 7 1 7 1 9 16 1 6 2 3 1 |4 1 10 8 1 14 3 6 1 15 4 1 1 1 1 15 |19 1 8 2 1 7 1 14 3 1 1 3 2 2 2 1 |
10801: 1 12 13 1 1 16 9 2 6 1 1 1 8 1 16 13 |8 8 1 10 2 1 1 1 1 16 10 10 10 3 3 4 |4 14 15 13 7 1 16 19 3 1 1 6 1 4 1 3 |6 9 16 1 3 1 1 1 1 8 11 3 1 6 10 1 |6 2 1 1 5 2 1 2 1 1 1 2 5 1 3 5 |1 9 3 8 2 1 1 1 9 3 1 1 2 5 1 1 |18 23 5 6 6 1 1 12 9 1 17 3 15 1 14 1 |104 9 5 1 9 1 11 13 10 17 18 1 10 4 1 16 |12 1 1 2 3 1 15 1 16 6 2 18 3 4 15 2 |10 11 11 3 1 7 1 7 1 9 16 1 6 2 3 1 |4 1 10 8 1 14 3 6 1 15 4 1 1 1 1 15 |19 1 8 2 1 7 1 14 3 1 1 3 2 2 2 1 |
10812: 1 12 13 1 1 16 9 2 6 1 1 1 8 1 16 13 |8 8 1 10 2 1 1 1 1 16 10 10 10 3 3 4 |4 14 15 13 7 1 16 19 3 1 1 6 1 4 1 3 |6 9 16 1 3 1 1 1 1 8 11 3 1 6 10 1 |6 2 1 1 5 2 1 2 1 1 1 2 5 1 3 5 |1 9 3 8 2 1 1 1 9 3 1 1 2 5 1 1 |18 23 5 6 6 1 1 12 9 1 17 3 15 1 14 1 |104 9 5 1 9 1 11 13 10 17 18 1 10 4 1 16 |12 1 1 2 3 1 15 1 16 6 2 18 3 4 15 2 |10 11 11 3 1 7 1 7 1 9 16 1 6 2 3 1 |4 1 10 8 1 14 3 6 1 15 4 1 1 1 1 15 |19 1 8 2 1 7 1 14 3 1 1 3 2 2 2 1 |
10823: 1 12 13 1 1 16 9 2 6 1 1 1 8 1 16 13 |8 8 1 10 2 1 1 1 1 16 10 10 10 3 3 4 |4 14 15 13 7 1 16 19 3 1 1 6 1 4 1 3 |6 9 16 1 3 1 1 1 1 8 11 3 1 6 10 1 |6 2 1 1 5 2 1 2 1 1 1 2 5 1 3 5 |1 9 3 8 2 1 1 1 9 3 1 1 2 5 1 1 |18 23 5 6 6 1 1 12 9 1 17 3 15 1 14 1 |104 9 5 1 9 1 11 13 10 17 18 1 10 4 1 16 |12 1 1 2 3 1 15 1 16 6 2 18 3 4 15 2 |10 11 11 3 1 7 1 7 1 9 16 1 6 2 3 1 |4 1 10 8 1 14 3 6 1 15 4 1 1 1 1 15 |19 1 8 2 1 7 1 14 3 1 1 3 2 2 2 1 |
10834: 1 12 13 1 1 16 9 2 6 1 1 1 8 1 16 13 |8 8 1 10 2 1 1 1 1 16 10 10 10 3 3 4 |4 14 15 13 7 1 16 19 3 1 1 6 1 4 1 3 |6 9 16 1 3 1 1 1 1 8 11 3 1 6 10 1 |6 2 1 1 5 2 1 2 1 1 1 2 5 1 3 5 |1 9 3 8 2 1 1 1 9 3 1 1 2 5 1 1 |18 23 5 6 6 1 1 12 9 1 17 3 15 1 14 1 |104 9 5 1 9 1 11 13 10 17 18 1 10 4 1 16 |12 1 1 2 3 1 15 1 16 6 2 18 3 4 15 2 |10 11 11 3 1 7 1 7 1 9 16 1 6 2 3 1 |4 1 10 8 1 14 3 6 1 15 4 1 1 1 1 15 |19 1 8 2 1 7 1 14 3 1 1 3 2 2 2 1 |
10845: 1 12 13 1 1 16 9 2 6 1 1 1 8 1 16 13 |8 8 1 10 2 1 1 1 1 16 10 10 10 3 3 4 |4 14 15 13 7 1 16 19 3 1 1 6 1 4 1 3 |6 9 16 1 3 1 1 1 1 8 11 3 1 6 10 1 |6 2 1 1 5 2 1 2 1 1 1 2 5 1 3 5 |1 9 3 8 2 1 1 1 9 3 1 1 2 5 1 1 |18 23 5 6 6 1 1 12 9 1 17 3 15 1 14 1 |104 9 5 1 9 1 11 13 10 17 18 1 10 4 1 16 |12 1 1 2 3 1 15 1 16 6 2 18 3 4 15 2 |10 11 11 3 1 7 1 7 1 9 16 1 6 2 3 1 |4 1 10 8 1 14 3 6 1 15 4 1 1 1 1 15 |19 1 8 2 1 7 1 14 3 1 1 3 2 2 2 1 |
10856: 1 12 13 1 1 16 9 2 6 1 1 1 8 1 16 13 |8 8 1 10 2 1 1 1 1 16 10 10 10 3 3 4 |4 14 15 13 7 1 16 19 3 1 1 6 1 4 1 3 |6 9 16 1 3 1 1 1 1 8 11 3 1 6 10 1 |6 2 1 1 5 2 1 2 1 1 1 2 5 1 3 5 |1 9 3 8 2 1 1 1 9 3 1 1 2 5 1 1 |18 23 5 6 6 1 1 12 9 1 17 3 15 1 14 1 |104 9 5 1 9 1 11 13 10 17 18 1 10 4 1 16 |12 1 1 2 3 1 15 1 16 6 2 18 3 4 15 2 |10 11 11 3 1 7 1 7 1 9 16 1 6 2 3 1 |4 1 10 8 1 14 3 6 1 15 4 1 1 1 1 15 |19 1 8 2 1 7 1 14 3 1 1 3 2 2 2 1 |
10867: 1 12 13 1 1 16 9 2 6 1 1 1 8 1 16 13 |8 8 1 10 2 1 1 1 1 16 10 10 10 3 3 4 |4 14 15 13 7 1 16 19 3 1 1 6 1 4 1 3 |6 9 16 1 3 1 1 1 1 8 11 3 1 6 10 1 |6 2 1 1 5 2 1 2 1 1 1 2 5 1 3 5 |1 9 3 8 2 1 1 1 9 3 1 1 2 5 1 1 |18 23 5 6 6 1 1 12 9 1 17 3 15 1 14 1 |104 9 5 1 9 1 11 13 10 17 18 1 10 4 1 16 |12 1 1 2 3 1 15 1 16 6 2 18 3 4 15 2 |10 11 11 3 1 7 1 7 1 9 16 1 6 2 3 1 |4 1 10 8 1 14 3 6 1 15 4 1 1 1 1 15 |19 1 8 2 1 7 1 14 3 1 1 3 2 2 2 1 |
10878: 1 12 13 1 1 16 9 2 6 1 1 1 8 1 16 13 |8 8 1 10 2 1 1 1 1 16 10 10 10 3 3 4 |4 14 15 13 7 1 16 19 3 1 1 6 1 4 1 3 |6 9 16 1 3 1 1 1 1 8 11 3 1 6 10 1 |6 2 1 1 5 2 1 2 1 1 1 2 5 1 3 5 |1 9 3 8 2 1 1 1 9 3 1 1 2 5 1 1 |18 23 5 6 6 1 1 12 9 1 17 3 15 1 14 1 |104 9 5 1 9 1 11 13 10 17 18 1 10 4 1 16 |12 1 1 2 3 1 15 1 16 6 2 18 3 4 15 2 |10 11 11 3 1 7 1 7 1 9 16 1 6 2 3 1 |4 1 10 8 1 14 3 6 1 15 4 1 1 1 1 15 |19 1 8 2 1 7 1 14 3 1 1 3 2 2 2 1 |
10889: 1 12 13 1 1 16 9 2 6 1 1 1 8 1 16 13 |8 8 1 10 2 1 1 1 1 16 10 10 10 3 3 4 |4 14 15 13 7 1 16 19 3 1 1 6 1 4 1 3 |6 9 16 1 3 1 1 1 1 8 11 3 1 6 10 1 |6 2 1 1 5 2 1 2 1 1 1 2 5 1 3 5 |1 9 3 8 2 1 1 1 9 3 1 1 2 5 1 1 |18 23 5 6 6 1 1 12 9 1 17 3 15 1 14 1 |104 9 5 1 9 1 11 13 10 17 18 1 10 4 1 16 |12 1 1 2 3 1 15 1 16 6 2 18 3 4 15 2 |10 11 11 3 1 7 1 7 1 9 16 1 6 2 3 1 |4 1 10 8 1 14 3 6 1 15 4 1 1 1 1 15 |19 1 8 2 1 7 1 14 3 1 1 3 2 2 2 1 |
10900: 1 12 13 1 1 16 9 2 6 1 1 1 8 1 16 13 |8 8 1 10 2 1 1 1 1 16 10 10 10 3 3 4 |4 14 15 13 7 1 16 19 3 1 1 6 1 4 1 3 |6 9 16 1 3 1 1 1 1 8 11 3 1 6 10 1 |6 2 1 1 5 2 1 2 1 1 1 2 5 1 3 5 |1 9 3 8 2 1 1 1 9 3 1 1 2 5 1 1 |18 23 5 6 6 1 1 12 9 1 17 3 15 1 14 1 |104 9 5 1 9 1 11 13 10 17 18 1 10 4 1 16 |12 1 1 2 3 1 15 1 16 6 2 18 3 4 15 2 |10 11 11 3 1 7 1 7 1 9 16 1 6 2 3 1 |4 1 10 8 1 14 3 6 1 15 4 1 1 1 1 15 |19 1 8 2 1 7 1 14 3 1 1 3 2 2 2 1 |
10911: 1 12 13 1 1 16 9 2 6 1 1 1 8 1 16 13 |8 8 1 10 2 1 1 1 1 16 10 10 10 3 3 4 |4 14 15 13 7 1 16 19 3 1 1 6 1 4 1 3 |6 9 16 1 3 1 1 1 1 8 11 3 1 6 10 1 |6 2 1 1 5 2 1 2 1 1 1 2 5 1 3 5 |1 9 3 8 2 1 1 1 9 3 1 1 2 5 1 1 |18 23 5 6 6 1 1 12 9 1 17 3 15 1 14 1 |104 9 5 1 9 1 11 13 10 17 18 1 10 4 1 16 |12 1 1 2 3 1 15 1 16 6 2 18 3 4 15 2 |10 11 11 3 1 7 1 7 1 9 16 1 6 2 3 1 |4 1 10 8 1 14 3 6 1 15 4 1 1 1 1 15 |19 1 8 2 1 7 1 14 3 1 1 3 2 2 2 1 |
10922: 1 12 13 1 1 16 9 2 6 1 1 1 8 1 16 13 |8 8 1 10 2 1 1 1 1 16 10 10 10 3 3 4 |4 14 15 13 7 1 16 19 3 1 1 6 1 4 1 3 |6 9 16 1 3 1 1 1 1 8 11 3 1 6 10 1 |6 2 1 1 5 2 1 2 1 1 1 2 5 1 3 5 |9 15 8 6 1 13 1 12 11 1 1 1 1 1 1 1 |18 23 5 6 6 1 1 12 9 1 17 3 15 1 14 1 |104 9 5 1 9 1 11 13 10 17 18 1 10 4 1 16 |12 1 1 2 3 1 15 1 16 6 2 18 3 4 15 2 |10 11 11 3 1 7 1 7 1 9 16 1 6 2 3 1 |4 1 10 8 1 14 3 6 1 15 4 1 1 1 1 15 |19 1 8 2 1 7 1 14 3 1 1 3 2 2 2 1 |
10933: 1 12 13 1 1 16 9 2 6 1 1 1 8 1 16 13 |8 8 1 10 2 1 1 1 1 16 10 10 10 3 3 4 |4 14 15 13 7 1 16 19 3 1 1 6 1 4 1 3 |6 9 16 1 3 1 1 1 1 8 11 3 1 6 10 1 |6 2 1 1 5 2 1 2 1 1 1 2 5 1 3 5 |9 15 8 6 1 13 1 12 11 1 1 1 1 1 1 1 |18 23 5 6 6 1 1 12 9 1 17 3 15 1 14 1 |104 9 5 1 9 1 11 13 10 17 18 1 10 4 1 16 |12 1 1 2 3 1 15 1 16 6 2 18 3 4 15 2 |10 11 11 3 1 7 1 7 1 9 16 1 6 2 3 1 |4 1 10 8 1 14 3 6 1 15 4 1 1 1 1 15 |19 1 8 2 1 7 1 14 3 1 1 3 2 2 2 1 |
10944: 1 12 13 1 1 16 9 2 6 1 1 1 8 1 16 13 |8 8 1 10 2 1 1 1 1 16 10 10 10 3 3 4 |4 14 15 13 7 1 16 19 3 1 1 6 1 4 1 3 |6 9 16 1 3 1 1 1 1 8 11 3 1 6 10 1 |6 2 1 1 5 2 1 2 1 1 1 2 5 1 3 5 |9 15 8 6 1 13 1 12 11 1 1 1 1 1 1 1 |18 23 5 6 6 1 1 12 9 1 17 3 15 1 14 1 |104 9 5 1 9 1 11 13 10 17 18 1 10 4 1 16 |12 1 1 2 3 1 15 1 16 6 2 18 3 4 15 2 |10 11 11 3 1 7 1 7 1 9 16 1 6 2 3 1 |4 1 10 8 1 14 3 6 1 15 4 1 1 1 1 15 |19 1 8 2 1 7 1 14 3 1 1 3 2 2 2 1 |
10955: 1 12 13 1 1 16 9 2 6 1 1 1 8 1 16 13 |8 8 1 10 2 1 1 1 1 16 10 10 10 3 3 4 |4 14 15 13 7 1 16 19 3 1 1 6 1 4 1 3 |6 9 16 1 3 1 1 1 1 8 11 3 1 6 10 1 |6 2 1 1 5 2 1 2 1 1 1 2 5 1 3 5 |6 5 1 6 1 8 1 13 10 2 2 3 3 6 1 1 |18 23 5 6 6 1 1 12 9 1 17 3 15 1 14 1 |104 9 5 1 9 1 11 13 10 17 18 1 10 4 1 16 |12 1 1 2 3 1 15 1 16 6 2 18 3 4 15 2 |10 11 11 3 1 7 1 7 1 9 16 1 6 2 3 1 |4 1 10 8 1 14 3 6 1 15 4 1 1 1 1 15 |19 1 8 2 1 7 1 14 3 1 1 3 2 2 2 1 |
10966: 1 12 13 1 1 16 9 2 6 1 1 1 8 1 16 13 |8 8 1 10 2 1 1 1 1 16 10 10 10 3 3 4 |4 14 15 13 7 1 16 19 3 1 1 6 1 4 1 3 |6 9 16 1 3 1 1 1 1 8 11 3 1 6 10 1 |6 2 1 1 5 2 1 2 1 1 1 2 5 1 3 5 |6 5 1 6 1 8 1 13 10 2 2 3 3 6 1 1 |18 23 5 6 6 1 1 12 9 1 17 3 15 1 14 1 |104 9 5 1 9 1 11 13 10 17 18 1 10 4 1 16 |12 1 1 2 3 1 15 1 16 6 2 18 3 4 15 2 |10 11 11 3 1 7 1 7 1 9 16 1 6 2 3 1 |4 1 10 8 1 14 3 6 1 15 4 1 1 1 1 15 |19 1 8 2 1 7 1 14 3 1 1 3 2 2 2 1 |
10976: 1 12 13 1 1 16 9 2 6 1 1 1 8 1 16 13 |8 8 1 10 2 1 1 1 1 16 10 10 10 3 3 4 |4 14 15 13 7 1 16 19 3 1 1 6 1 4 1 3 |6 9 16 1 3 1 1 1 1 8 11 3 1 6 10 1 |6 2 1 1 5 2 1 2 1 1 1 2 5 1 3 5 |6 5 1 6 1 8 1 13 10 2 2 3 3 6 1 1 |18 23 5 6 6 1 1 12 9 1 17 3 15 1 14 1 |104 9 5 1 9 1 11 13 10 17 18 1 10 4 1 16 |12 1 1 2 3 1 15 1 16 6 2 18 3 4 15 2 |10 11 11 3 1 7 1 7 1 9 16 1 6 2 3 1 |4 1 10 8 1 14 3 6 1 15 4 1 1 1 1 15 |19 1 8 2 1 7 1 14 3 1 1 3 2 2 2 1 |
10987: 1 12 13 1 1 16 9 2 6 1 1 1 8 1 16 13 |8 8 1 10 2 1 1 1 1 16 10 10 10 3 3 4 |4 14 15 13 7 1 16 19 3 1 1 6 1 4 1 3 |6 9 16 1 3 1 1 1 1 8 11 3 1 6 10 1 |6 2 1 1 5 2 1 2 1 1 1 2 5 1 3 5 |6 5 1 6 1 8 1 13 10 2 2 3 3 6 1 1 |18 23 5 6 6 1 1 12 9 1 17 3 15 1 14 1 |104 9 5 1 9 1 11 13 10 17 18 1 10 4 1 16 |12 1 1 2 3 1 15 1 16 6 2 18 3 4 15 2 |10 11 11 3 1 7 1 7 1 9 16 1 6 2 3 1 |4 1 10 8 1 14 3 6 1 15 4 1 1 1 1 15 |19 1 8 2 1 7 1 14 3 1 1 3 2 2 2 1 |
10998: 1 12 13 1 1 16 9 2 6 1 1 1 8 1 16 13 |8 8 1 10 2 1 1 1 1 16 10 10 10 3 3 4 |4 14 15 13 7 1 16 19 3 1 1 6 1 4 1 3 |6 9 16 1 3 1 1 1 1 8 11 3 1 6 10 1 |6 2 1 1 5 2 1 2 1 1 1 2 5 1 3 5 |6 5 1 6 1 8 1 13 10 2 2 3 3 6 1 1 |18 23 5 6 6 1 1 12 9 1 17 3 15 1 14 1 |104 9 5 1 9 1 11 13 10 17 18 1 10 4 1 16 |12 1 1 2 3 1 15 1 16 6 2 18 3 4 15 2 |10 11 11 3 1 7 1 7 1 9 16 1 6 2 3 1 |4 1 10 8 1 14 3 6 1 15 4 1 1 1 1 15 |6 1 1 2 10 1 1 13 4 1 1 1 1 1 2 4 |
11009: 1 12 13 1 1 16 9 2 6 1 1 1 8 1 16 13 |8 8 1 10 2 1 1 1 1 16 10 10 10 3 3 4 |4 14 15 13 7 1 16 19 3 1 1 6 1 4 1 3 |6 9 16 1 3 1 1 1 1 8 11 3 1 6 10 1 |6 2 1 1 5 2 1 2 1 1 1 2 5 1 3 5 |6 5 1 6 1 8 1 13 10 2 2 3 3 6 1 1 |18 23 5 6 6 1 1 12 9 1 17 3 15 1 14 1 |104 9 5 1 9 1 11 13 10 17 18 1 10 4 1 16 |12 1 1 2 3 1 15 1 16 6 2 18 3 4 15 2 |10 11 11 3 1 7 1 7 1 9 16 1 6 2 3 1 |4 1 10 8 1 14 3 6 1 15 4 1 1 1 1 15 |6 1 1 2 10 1 1 13 4 1 1 1 1 1 2 4 |
11020: 1 12 13 1 1 16 9 2 6 1 1 1 8 1 16 13 |8 8 1 10 2 1 1 1 1 16 10 10 10 3 3 4 |4 14 15 13 7 1 16 19 3 1 1 6 1 4 1 3 |6 9 16 1 3 1 1 1 1 8 11 3 1 6 10 1 |6 2 1 1 5 2 1 2 1 1 1 2 5 1 3 5 |6 5 1 6 1 8 1 13 10 2 2 3 3 6 1 1 |18 23 5 6 6 1 1 12 9 1 17 3 15 1 14 1 |104 9 5 1 9 1 11 13 10 17 18 1 10 4 1 16 |12 1 1 2 3 1 15 1 16 6 2 18 3 4 15 2 |10 11 11 3 1 7 1 7 1 9 16 1 6 2 3 1 |4 1 10 8 1 14 3 6 1 15 4 1 1 1 1 15 |6 1 1 2 10 1 1 13 4 1 1 1 1 1 2 4 |
11031: 1 12 13 1 1 16 9 2 6 1 1 1 8 1 16 13 |8 8 1 10 2 1 1 1 1 16 10 10 10 3 3 4 |4 14 15 13 7 1 16 19 3 1 1 6 1 4 1 3 |6 9 16 1 3 1 1 1 1 8 11 3 1 6 10 1 |6 2 1 1 5 2 1 2 1 1 1 2 5 1 3 5 |6 5 1 6 1 8 1 13 10 2 2 3 3 6 1 1 |18 23 5 6 6 1 1 12 9 1 17 3 15 1 14 1 |104 9 5 1 9 1 11 13 10 17 18 1 10 4 1 16 |12 1 1 2 3 1 15 1 16 6 2 18 3 4 15 2 |10 11 11 3 1 7 1 7 1 9 16 1 6 2 3 1 |4 1 10 8 1 14 3 6 1 15 4 1 1 1 1 15 |6 1 1 2 10 1 1 13 4 1 1 1 1 1 2 4 |
11042: 1 12 13 1 1 16 9 2 6 1 1 1 8 1 16 13 |8 8 1 10 2 1 1 1 1 16 10 10 10 3 3 4 |4 14 15 13 7 1 16 19 3 1 1 6 1 4 1 3 |6 9 16 1 3 1 1 1 1 8 11 3 1 6 10 1 |6 2 1 1 5 2 1 2 1 1 1 2 5 1 3 5 |6 5 1 6 1 8 1 13 10 2 2 3 3 6 1 1 |18 23 5 6 6 1 1 12 9 1 17 3 15 1 14 1 |104 9 5 1 9 1 11 13 10 17 18 1 10 4 1 16 |12 1 1 2 3 1 15 1 16 6 2 18 3 4 15 2 |10 11 11 3 1 7 1 7 1 9 16 1 6 2 3 1 |4 1 10 8 1 14 3 6 1 15 4 1 1 1 1 15 |6 1 1 2 10 1 1 13 4 1 1 1 1 1 2 4 |
11053: 1 12 13 1 1 16 9 2 6 1 1 1 8 1 16 13 |8 8 1 10 2 1 1 1 1 16 10 10 10 3 3 4 |4 14 15 13 7 1 16 19 3 1 1 6 1 4 1 3 |6 9 16 1 3 1 1 1 1 8 11 3 1 6 10 1 |6 2 1 1 5 2 1 2 1 1 1 2 5 1 3 5 |6 5 1 6 1 8 1 13 10 2 2 3 3 6 1 1 |18 23 5 6 6 1 1 12 9 1 17 3 15 1 14 1 |104 9 5 1 9 1 11 13 10 17 18 1 10 4 1 16 |12 1 1 2 3 1 15 1 16 6 2 18 3 4 15 2 |10 11 11 3 1 7 1 7 1 9 16 1 6 2 3 1 |4 1 10 8 1 14 3 6 1 15 4 1 1 1 1 15 |6 1 1 2 10 1 1 13 4 1 1 1 1 1 2 4 |
11064: 1 12 13 1 1 16 9 2 6 1 1 1 8 1 16 13 |8 8 1 10 2 1 1 1 1 16 10 10 10 3 3 4 |4 14 15 13 7 1 16 19 3 1 1 6 1 4 1 3 |6 9 16 1 3 1 1 1 1 8 11 3 1 6 10 1 |6 2 1 1 5 2 1 2 1 1 1 2 5 1 3 5 |6 5 1 6 1 8 1 13 10 2 2 3 3 6 1 1 |18 23 5 6 6 1 1 12 9 1 17 3 15 1 14 1 |104 9 5 1 9 1 11 13 10 17 18 1 10 4 1 16 |12 1 1 2 3 1 15 1 16 6 2 18 3 4 15 2 |10 11 11 3 1 7 1 7 1 9 16 1 6 2 3 1 |4 1 10 8 1 14 3 6 1 15 4 1 1 1 1 15 |6 1 1 2 10 1 1 13 4 1 1 1 1 1 2 4 |
11075: 1 12 13 1 1 16 9 2 6 1 1 1 8 1 16 13 |8 8 1 10 2 1 1 1 1 16 10 10 10 3 3 4 |4 14 15 13 7 1 16 19 3 1 1 6 1 4 1 3 |6 9 16 1 3 1 1 1 1 8 11 3 1 6 10 1 |6 2 1 1 5 2 1 2 1 1 1 2 5 1 3 5 |6 5 1 6 1 8 1 13 10 2 2 3 3 6 1 1 |18 23 5 6 6 1 1 12 9 1 17 3 15 1 14 1 |104 9 5 1 9 1 11 13 10 17 18 1 10 4 1 16 |12 1 1 2 3 1 15 1 16 6 2 18 3 4 15 2 |10 11 11 3 1 7 1 7 1 9 16 1 6 2 3 1 |4 1 10 8 1 14 3 6 1 15 4 1 1 1 1 15 |6 1 1 2 10 1 1 13 4 1 1 1 1 1 2 4 |
11086: 1 12 13 1 1 16 9 2 6 1 1 1 8 1 16 13 |8 8 1 10 2 1 1 1 1 16 10 10 10 3 3 4 |4 14 15 13 7 1 16 19 3 1 1 6 1 4 1 3 |3 1 17 1 11 1 1 13 9 14 15 4 1 1 5 1 |6 2 1 1 5 2 1 2 1 1 1 2 5 1 3 5 |6 5 1 6 1 8 1 13 10 2 2 3 3 6 1 1 |18 23 5 6 6 1 1 12 9 1 17 3 15 1 14 1 |104 9 5 1 9 1 11 13 10 17 18 1 10 4 1 16 |12 1 1 2 3 1 15 1 16 6 2 18 3 4 15 2 |10 11 11 3 1 7 1 7 1 9 16 1 6 2 3 1 |4 1 10 8 1 14 3 6 1 15 4 1 1 1 1 15 |6 1 1 2 10 1 1 13 4 1 1 1 1 1 2 4 |
11097: 1 12 13 1 1 16 9 2 6 1 1 1 8 1 16 13 |8 8 1 10 2 1 1 1 1 16 10 10 10 3 3 4 |4 14 15 13 7 1 16 19 3 1 1 6 1 4 1 3 |3 1 17 1 11 1 1 13 9 14 15 4 1 1 5 1 |6 2 1 1 5 2 1 2 1 1 1 2 5 1 3 5 |6 5 1 6 1 8 1 13 10 2 2 3 3 6 1 1 |18 23 5 6 6 1 1 12 9 1 17 3 15 1 14 1 |104 9 5 1 9 1 11 13 10 17 18 1 10 4 1 16 |12 1 1 2 3 1 15 1 16 6 2 18 3 4 15 2 |10 11 11 3 1 7 1 7 1 9 16 1 6 2 3 1 |4 1 10 8 1 14 3 6 1 15 4 1 1 1 1 15 |6 1 1 2 10 1 1 13 4 1 1 1 1 1 2 4 |
11108: 1 12 13 1 1 16 9 2 6 1 1 1 8 1 16 13 |8 8 1 10 2 1 1 1 1 16 10 10 10 3 3 4 |4 14 15 13 7 1 16 19 3 1 1 6 1 4 1 3 |3 1 17 1 11 1 1 13 9 14 15 4 1 1 5 1 |6 2 1 1 5 2 1 2 1 1 1 2 5 1 3 5 |6 5 1 6 1 8 1 13 10 2 2 3 3 6 1 1 |18 23 5 6 6 1 1 12 9 1 17 3 15 1 14 1 |104 9 5 1 9 1 11 13 10 17 18 1 10 4 1 16 |12 1 1 2 3 1 15 1 16 6 2 18 3 4 15 2 |10 11 11 3 1 7 1 7 1 9 16 1 6 2 3 1 |4 1 10 8 1 14 3 6 1 15 4 1 1 1 1 15 |6 1 1 2 10 1 1 13 4 1 1 1 1 1 2 4 |
11119: 1 12 13 1 1 16 9 2 6 1 1 1 8 1 16 13 |8 8 1 10 2 1 1 1 1 16 10 10 10 3 3 4 |4 14 15 13 7 1 16 19 3 1 1 6 1 4 1 3 |3 1 17 1 11 1 1 13 9 14 15 4 1 1 5 1 |6 2 1 1 5 2 1 2 1 1 1 2 5 1 3 5 |6 5 1 6 1 8 1 13 10 2 2 3 3 6 1 1 |18 23 5 6 6 1 1 12 9 1 17 3 15 1 14 1 |104 9 5 1 9 1 11 13 10 17 18 1 10 4 1 16 |12 1 1 2 3 1 15 1 16 6 2 18 3 4 15 2 |10 11 11 3 1 7 1 7 1 9 16 1 6 2 3 1 |4 1 10 8 1 14 3 6 1 15 4 1 1 1 1 15 |6 1 1 2 10 1 1 13 4 1 1 1 1 1 2 4 |
11130: 1 12 13 1 1 16 9 2 6 1 1 1 8 1 16 13 |8 8 1 10 2 1 1 1 1 16 10 10 10 3 3 4 |4 14 15 13 7 1 16 19 3 1 1 6 1 4 1 3 |3 1 17 1 11 1 1 13 9 14 15 4 1 1 5 1 |6 2 1 1 5 2 1 2 1 1 1 2 5 1 3 5 |6 5 1 6 1 8 1 13 10 2 2 3 3 6 1 1 |18 23 5 6 6 1 1 12 9 1 17 3 15 1 14 1 |104 9 5 1 9 1 11 13 10 17 18 1 10 4 1 16 |12 1 1 2 3 1 15 1 16 6 2 18 3 4 15 2 |10 11 11 3 1 7 1 7 1 9 16 1 6 2 3 1 |4 1 10 8 1 14 3 6 1 15 4 1 1 1 1 15 |6 1 1 2 10 1 1 13 4 1 1 1 1 1 2 4 |
11141: 1 12 13 1 1 16 9 2 6 1 1 1 8 1 16 13 |8 8 1 10 2 1 1 1 1 16 10 10 10 3 3 4 |4 14 15 13 7 1 16 19 3 1 1 6 1 4 1 3 |3 1 17 1 11 1 1 13 9 14 15 4 1 1 5 1 |6 2 1 1 5 2 1 2 1 1 1 2 5 1 3 5 |6 5 1 6 1 8 1 13 10 2 2 3 3 6 1 1 |18 23 5 6 6 1 1 12 9 1 17 3 15 1 14 1 |104 9 5 1 9 1 11 13 10 17 18 1 10 4 1 16 |12 1 1 2 3 1 15 1 16 6 2 18 3 4 15 2 |10 11 11 3 1 7 1 7 1 9 16 1 6 2 3 1 |4 1 10 8 1 14 3 6 1 15 4 1 1 1 1 15 |6 1 1 2 10 1 1 13 4 1 1 1 1 1 2 4 |
11152: 1 12 13 1 1 16 9 2 6 1 1 1 8 1 16 13 |8 8 1 10 2 1 1 1 1 16 10 10 10 3 3 4 |4 14 15 13 7 1 16 19 3 1 1 6 1 4 1 3 |3 1 17 1 11 1 1 13 9 14 15 4 1 1 5 1 |126 28 6 18 25 6 10 1 10 12 14 1 15 6 1 19 |6 5 1 6 1 8 1 13 10 2 2 3 3 6 1 1 |18 23 5 6 6 1 1 12 9 1 17 3 15 1 14 1 |104 9 5 1 9 1 11 13 10 17 18 1 10 4 1 16 |12 1 1 2 3 1 15 1 16 6 2 18 3 4 15 2 |10 11 11 3 1 7 1 7 1 9 16 1 6 2 3 1 |4 1 10 8 1 14 3 6 1 15 4 1 1 1 1 15 |6 1 1 2 10 1 1 13 4 1 1 1 1 1 2 4 |
11163: 1 12 13 1 1 16 9 2 6 1 1 1 8 1 16 13 |8 8 1 10 2 1 1 1 1 16 10 10 10 3 3 4 |4 14 15 13 7 1 16 19 3 1 1 6 1 4 1 3 |3 1 17 1 11 1 1 13 9 14 15 4 1 1 5 1 |126 28 6 18 25 6 10 1 10 12 14 1 15 6 1 19 |6 5 1 6 1 8 1 13 10 2 2 3 3 6 1 1 |18 23 5 6 6 1 1 12 9 1 17 3 15 1 14 1 |104 9 5 1 9 1 11 13 10 17 18 1 10 4 1 16 |12 1 1 2 3 1 15 1 16 6 2 18 3 4 15 2 |10 11 11 3 1 7 1 7 1 9 16 1 6 2 3 1 |4 1 10 8 1 14 3 6 1 15 4 1 1 1 1 15 |6 1 1 2 10 1 1 13 4 1 1 1 1 1 2 4 |
11174: 1 12 13 1 1 16 9 2 6 1 1 1 8 1 16 13 |8 8 1 10 2 1 1 1 1 16 10 10 10 3 3 4 |4 14 15 13 7 1 16 19 3 1 1 6 1 4 1 3 |3 1 17 1 11 1 1 13 9 14 15 4 1 1 5 1 |126 28 6 18 25 6 10 1 10 12 14 1 15 6 1 19 |6 5 1 6 1 8 1 13 10 2 2 3 3 6 1 1 |18 23 5 6 6 1 1 12 9 1 17 3 15 1 14 1 |104 9 5 1 9 1 11 13 10 17 18 1 10 4 1 16 |12 1 1 2 3 1 15 1 16 6 2 18 3 4 15 2 |10 11 11 3 1 7 1 7 1 9 16 1 6 2 3 1 |4 1 10 8 1 14 3 6 1 15 4 1 1 1 1 15 |6 1 1 2 10 1 1 13 4 1 1 1 1 1 2 4 |
11185: 1 12 13 1 1 16 9 2 6 1 1 1 8 1 16 13 |8 8 1 10 2 1 1 1 1 16 10 10 10 3 3 4 |4 14 15 13 7 1 16 19 3 1 1 6 1 4 1 3 |3 1 17 1 11 1 1 13 9 14 15 4 1 1 5 1 |120 20 10 13 15 6 1 1 9 17 13 1 15 11 1 17 |6 5 1 6 1 8 1 13 10 2 2 3 3 6 1 1 |18 23 5 6 6 1 1 12 9 1 17 3 15 1 14 1 |104 9 5 1 9 1 11 13 10 17 18 1 10 4 1 16 |12 1 1 2 3 1 15 1 16 6 2 18 3 4 15 2 |10 11 11 3 1 7 1 7 1 9 16 1 6 2 3 1 |4 1 10 8 1 14 3 6 1 15 4 1 1 1 1 15 |6 1 1 2 10 1 1 13 4 1 1 1 1 1 2 4 |
11196: 1 12 13 1 1 16 9 2 6 1 1 1 8 1 16 13 |8 8 1 10 2 1 1 1 1 16 10 10 10 3 3 4 |4 14 15 13 7 1 16 19 3 1 1 6 1 4 1 3 |3 1 17 1 11 1 1 13 9 14 15 4 1 1 5 1 |120 20 10 13 15 6 1 1 9 17 13 1 15 11 1 17 |300 65 21 22 20 26 1 22 9 12 3 8 1 18 9 1 |18 23 5 6 6 1 1 12 9 1 17 3 15 1 14 1 |104 9 5 1 9 1 11 13 10 17 18 1 10 4 1 16 |12 1 1 2 3 1 15 1 16 6 2 18 3 4 15 2 |10 11 11 3 1 7 1 7 1 9 16 1 6 2 3 1 |4 1 10 8 1 14 3 6 1 15 4 1 1 1 1 15 |6 1 1 2 10 1 1 13 4 1 1 1 1 1 2 4 |
11207: 1 12 13 1 1 16 9 2 6 1 1 1 8 1 16 13 |8 8 1 10 2 1 1 1 1 16 10 10 10 3 3 4 |4 14 15 13 7 1 16 19 3 1 1 6 1 4 1 3 |3 1 17 1 11 1 1 13 9 14 15 4 1 1 5 1 |120 20 10 13 15 6 1 1 9 17 13 1 15 11 1 17 |300 65 21 22 20 26 1 22 9 12 3 8 1 18 9 1 |18 23 5 6 6 1 1 12 9 1 17 3 15 1 14 1 |104 9 5 1 9 1 11 13 10 17 18 1 10 4 1 16 |12 1 1 2 3 1 15 1 16 6 2 18 3 4 15 2 |10 11 11 3 1 7 1 7 1 9 16 1 6 2 3 1 |4 1 10 8 1 14 3 6 1 15 4 1 1 1 1 15 |6 1 1 2 10 1 1 13 4 1 1 1 1 1 2 4 |
11218: 1 12 13 1 1 16 9 2 6 1 1 1 8 1 16 13 |8 8 1 10 2 1 1 1 1 16 10 10 10 3 3 4 |4 14 15 13 7 1 16 19 3 1 1 6 1 4 1 3 |4 3 1 1 17 1 1 12 1 7 14 5 1 1 8 1 |120 20 10 13 15 6 1 1 9 17 13 1 15 11 1 17 |300 65 21 22 20 26 1 22 9 12 3 8 1 18 9 1 |18 23 5 6 6 1 1 12 9 1 17 3 15 1 14 1 |104 9 5 1 9 1 11 13 10 17 18 1 10 4 1 16 |12 1 1 2 3 1 15 1 16 6 2 18 3 4 15 2 |10 11 11 3 1 7 1 7 1 9 16 1 6 2 3 1 |4 1 10 8 1 14 3 6 1 15 4 1 1 1 1 15 |6 1 1 2 10 1 1 13 4 1 1 1 1 1 2 4 |
11229: 1 12 13 1 1 16 9 2 6 1 1 1 8 1 16 13 |8 8 1 10 2 1 1 1 1 16 10 10 10 3 3 4 |4 14 15 13 7 1 16 19 3 1 1 6 1 4 1 3 |4 3 1 1 17 1 1 12 1 7 14 5 1 1 8 1 |120 20 10 13 15 6 1 1 9 17 13 1 15 11 1 17 |300 65 21 22 20 26 1 22 9 12 3 8 1 18 9 1 |18 23 5 6 6 1 1 12 9 1 17 3 15 1 14 1 |104 9 5 1 9 1 11 13 10 17 18 1 10 4 1 16 |12 1 1 2 3 1 15 1 16 6 2 18 3 4 15 2 |10 11 11 3 1 7 1 7 1 9 16 1 6 2 3 1 |4 1 10 8 1 14 3 6 1 15 4 1 1 1 1 15 |6 1 1 2 10 1 1 13 4 1 1 1 1 1 2 4 |
11240: 1 12 13 1 1 16 9 2 6 1 1 1 8 1 16 13 |8 8 1 10 2 1 1 1 1 16 10 10 10 3 3 4 |4 14 15 13 7 1 16 19 3 1 1 6 1 4 1 3 |4 3 1 1 17 1 1 12 1 7 14 5 1 1 8 1 |120 20 10 13 15 6 1 1 9 17 13 1 15 11 1 17 |300 65 21 22 20 26 1 22 9 12 3 8 1 18 9 1 |18 23 5 6 6 1 1 12 9 1 17 3 15 1 14 1 |104 9 5 1 9 1 11 13 10 17 18 1 10 4 1 16 |12 1 1 2 3 1 15 1 16 6 2 18 3 4 15 2 |10 11 11 3 1 7 1 7 1 9 16 1 6 2 3 1 |4 1 10 8 1 14 3 6 1 15 4 1 1 1 1 15 |6 1 1 2 10 1 1 13 4 1 1 1 1 1 2 4 |
11251: 1 12 13 1 1 16 9 2 6 1 1 1 8 1 16 13 |8 8 1 10 2 1 1 1 1 16 10 10 10 3 3 4 |4 14 15 13 7 1 16 19 3 1 1 6 1 4 1 3 |4 3 1 1 17 1 1 12 1 7 14 5 1 1 8 1 |120 20 10 13 15 6 1 1 9 17 13 1 15 11 1 17 |300 65 21 22 20 26 1 22 9 12 3 8 1 18 9 1 |18 23 5 6 6 1 1 12 9 1 17 3 15 1 14 1 |104 9 5 1 9 1 11 13 10 17 18 1 10 4 1 16 |12 1 1 2 3 1 15 1 16 6 2 18 3 4 15 2 |10 11 11 3 1 7 1 7 1 9 16 1 6 2 3 1 |4 1 10 8 1 14 3 6 1 15 4 1 1 1 1 15 |6 1 1 2 10 1 1 13 4 1 1 1 1 1 2 4 |
11262: 1 12 13 1 1 16 9 2 6 1 1 1 8 1 16 13 |8 8 1 10 2 1 1 1 1 16 10 10 10 3 3 4 |4 14 15 13 7 1 16 19 3 1 1 6 1 4 1 3 |4 3 1 1 17 1 1 12 1 7 14 5 1 1 8 1 |120 20 10 13 15 6 1 1 9 17 13 1 15 11 1 17 |300 65 21 22 20 26 1 22 9 12 3 8 1 18 9 1 |18 23 5 6 6 1 1 12 9 1 17 3 15 1 14 1 |104 9 5 1 9 1 11 13 10 17 18 1 10 4 1 16 |12 1 1 2 3 1 15 1 16 6 2 18 3 4 15 2 |10 11 11 3 1 7 1 7 1 9 16 1 6 2 3 1 |4 1 10 8 1 14 3 6 1 15 4 1 1 1 1 15 |23 1 1 1 11 3 1 9 4 1 1 1 2 2 3 4 |
11273: 1 12 13 1 1 16 9 2 6 1 1 1 8 1 16 13 |8 8 1 10 2 1 1 1 1 16 10 10 10 3 3 4 |4 14 15 13 7 1 16 19 3 1 1 6 1 4 1 3 |4 3 1 1 17 1 1 12 1 7 14 5 1 1 8 1 |120 20 10 13 15 6 1 1 9 17 13 1 15 11 1 17 |300 65 21 22 20 26 1 22 9 12 3 8 1 18 9 1 |18 23 5 6 6 1 1 12 9 1 17 3 15 1 14 1 |104 9 5 1 9 1 11 13 10 17 18 1 10 4 1 16 |12 1 1 2 3 1 15 1 16 6 2 18 3 4 15 2 |10 11 11 3 1 7 1 7 1 9 16 1 6 2 3 1 |4 1 10 8 1 14 3 6 1 15 4 1 1 1 1 15 |23 1 1 1 11 3 1 9 4 1 1 1 2 2 3 4 |
11284: 1 12 13 1 1 16 9 2 6 1 1 1 8 1 16 13 |8 8 1 10 2 1 1 1 1 16 10 10 10 3 3 4 |11 15 16 13 7 1 16 21 2 1 1 6 6 7 1 2 |4 3 1 1 17 1 1 12 1 7 14 5 1 1 8 1 |120 20 10 13 15 6 1 1 9 17 13 1 15 11 1 17 |300 65 21 22 20 26 1 22 9 12 3 8 1 18 9 1 |18 23 5 6 6 1 1 12 9 1 17 3 15 1 14 1 |104 9 5 1 9 1 11 13 10 17 18 1 10 4 1 16 |12 1 1 2 3 1 15 1 16 6 2 18 3 4 15 2 |10 11 11 3 1 7 1 7 1 9 16 1 6 2 3 1 |4 1 10 8 1 14 3 6 1 15 4 1 1 1 1 15 |23 1 1 1 11 3 1 9 4 1 1 1 2 2 3 4 |
11295: 1 12 13 1 1 16 9 2 6 1 1 1 8 1 16 13 |8 8 1 10 2 1 1 1 1 16 10 10 10 3 3 4 |11 15 16 13 7 1 16 21 2 1 1 6 6 7 1 2 |4 3 1 1 17 1 1 12 1 7 14 5 1 1 8 1 |120 20 10 13 15 6 1 1 9 17 13 1 15 11 1 17 |300 65 21 22 20 26 1 22 9 12 3 8 1 18 9 1 |18 23 5 6 6 1 1 12 9 1 17 3 15 1 14 1 |104 9 5 1 9 1 11 13 10 17 18 1 10 4 1 16 |12 1 1 2 3 1 15 1 16 6 2 18 3 4 15 2 |10 11 11 3 1 7 1 7 1 9 16 1 6 2 3 1 |4 1 10 8 1 14 3 6 1 15 4 1 1 1 1 15 |23 1 1 1 11 3 1 9 4 1 1 1 2 2 3 4 |
11306: 1 12 13 1 1 16 9 2 6 1 1 1 8 1 16 13 |8 8 1 10 2 1 1 1 1 16 10 10 10 3 3 4 |11 15 16 13 7 1 16 21 2 1 1 6 6 7 1 2 |4 3 1 1 17 1 1 12 1 7 14 5 1 1 8 1 |120 20 10 13 15 6 1 1 9 17 13 1 15 11 1 17 |300 65 21 22 20 26 1 22 9 12 3 8 1 18 9 1 |18 23 5 6 6 1 1 12 9 1 17 3 15 1 14 1 |104 9 5 1 9 1 11 13 10 17 18 1 10 4 1 16 |12 1 1 2 3 1 15 1 16 6 2 18 3 4 15 2 |10 11 11 3 1 7 1 7 1 9 16 1 6 2 3 1 |4 1 10 8 1 14 3 6 1 15 4 1 1 1 1 15 |23 1 1 1 11 3 1 9 4 1 1 1 2 2 3 4 |
11317: 1 12 13 1 1 16 9 2 6 1 1 1 8 1 16 13 |8 8 1 10 2 1 1 1 1 16 10 10 10 3 3 4 |11 15 16 13 7 1 16 21 2 1 1 6 6 7 1 2 |4 3 1 1 17 1 1 12 1 7 14 5 1 1 8 1 |120 20 10 13 15 6 1 1 9 17 13 1 15 11 1 17 |300 65 21 22 20 26 1 22 9 12 3 8 1 18 9 1 |18 23 5 6 6 1 1 12 9 1 17 3 15 1 14 1 |104 9 5 1 9 1 11 13 10 17 18 1 10 4 1 16 |12 1 1 2 3 1 15 1 16 6 2 18 3 4 15 2 |10 11 11 3 1 7 1 7 1 9 16 1 6 2 3 1 |4 1 10 8 1 14 3 6 1 15 4 1 1 1 1 15 |23 1 1 1 11 3 1 9 4 1 1 1 2 2 3 4 |
11328: 1 12 13 1 1 16 9 2 6 1 1 1 8 1 16 13 |8 8 1 10 2 1 1 1 1 16 10 10 10 3 3 4 |11 15 16 13 7 1 16 21 2 1 1 6 6 7 1 2 |4 3 1 1 17 1 1 12 1 7 14 5 1 1 8 1 |120 20 10 13 15 6 1 1 9 17 13 1 15 11 1 17 |300 65 21 22 20 26 1 22 9 12 3 8 1 18 9 1 |18 23 5 6 6 1 1 12 9 1 17 3 15 1 14 1 |104 9 5 1 9 1 11 13 10 17 18 1 10 4 1 16 |12 1 1 2 3 1 15 1 16 6 2 18 3 4 15 2 |10 11 11 3 1 7 1 7 1 9 16 1 6 2 3 1 |4 1 10 8 1 14 3 6 1 15 4 1 1 1 1 15 |23 1 1 1 11 3 1 9 4 1 1 1 2 2 3 4 |
11339: 1 12 13 1 1 16 9 2 6 1 1 1 8 1 16 13 |8 8 1 10 2 1 1 1 1 16 10 10 10 3 3 4 |11 15 16 13 7 1 16 21 2 1 1 6 6 7 1 2 |4 3 1 1 17 1 1 12 1 7 14 5 1 1 8 1 |120 20 10 13 15 6 1 1 9 17 13 1 15 11 1 17 |300 65 21 22 20 26 1 22 9 12 3 8 1 18 9 1 |18 23 5 6 6 1 1 12 9 1 17 3 15 1 14 1 |104 9 5 1 9 1 11 13 10 17 18 1 10 4 1 16 |12 1 1 2 3 1 15 1 16 6 2 18 3 4 15 2 |10 11 11 3 1 7 1 7 1 9 16 1 6 2 3 1 |4 1 10 8 1 14 3 6 1 15 4 1 1 1 1 15 |23 1 1 1 11 3 1 9 4 1 1 1 2 2 3 4 |
11349: 1 12 13 1 1 16 9 2 6 1 1 1 8 1 16 13 |8 8 1 10 2 1 1 1 1 16 10 10 10 3 3 4 |11 15 16 13 7 1 16 21 2 1 1 6 6 7 1 2 |4 1 9 1 14 1 1 12 1 13 13 1 1 1 4 1 |120 20 10 13 15 6 1 1 9 17 13 1 15 11 1 17 |300 65 21 22 20 26 1 22 9 12 3 8 1 18 9 1 |18 23 5 6 6 1 1 12 9 1 17 3 15 1 14 1 |104 9 5 1 9 1 11 13 10 17 18 1 10 4 1 16 |12 1 1 2 3 1 15 1 16 6 2 18 3 4 15 2 |10 11 11 3 1 7 1 7 1 9 16 1 6 2 3 1 |4 1 10 8 1 14 3 6 1 15 4 1 1 1 1 15 |23 1 1 1 11 3 1 9 4 1 1 1 2 2 3 4 |
11360: 1 12 13 1 1 16 9 2 6 1 1 1 8 1 16 13 |8 8 1 10 2 1 1 1 1 16 10 10 10 3 3 4 |11 15 16 13 7 1 16 21 2 1 1 6 6 7 1 2 |4 1 9 1 14 1 1 12 1 13 13 1 1 1 4 1 |120 20 10 13 15 6 1 1 9 17 13 1 15 11 1 17 |300 65 21 22 20 26 1 22 9 12 3 8 1 18 9 1 |18 23 5 6 6 1 1 12 9 1 17 3 15 1 14 1 |104 9 5 1 9 1 11 13 10 17 18 1 10 4 1 16 |12 1 1 2 3 1 15 1 16 6 2 18 3 4 15 2 |10 11 11 3 1 7 1 7 1 9 16 1 6 2 3 1 |4 1 10 8 1 14 3 6 1 15 4 1 1 1 1 15 |23 1 1 1 11 3 1 9 4 1 1 1 2 2 3 4 |
11371: 1 12 13 1 1 16 9 2 6 1 1 1 8 1 16 13 |8 8 1 10 2 1 1 1 1 16 10 10 10 3 3 4 |11 15 16 13 7 1 16 21 2 1 1 6 6 7 1 2 |4 1 9 1 14 1 1 12 1 13 13 1 1 1 4 1 |120 20 10 13 15 6 1 1 9 17 13 1 15 11 1 17 |300 65 21 22 20 26 1 22 9 12 3 8 1 18 9 1 |18 23 5 6 6 1 1 12 9 1 17 3 15 1 14 1 |104 9 5 1 9 1 11 13 10 17 18 1 10 4 1 16 |12 1 1 2 3 1 15 1 16 6 2 18 3 4 15 2 |10 11 11 3 1 7 1 7 1 9 16 1 6 2 3 1 |4 1 10 8 1 14 3 6 1 15 4 1 1 1 1 15 |23 1 1 1 11 3 1 9 4 1 1 1 2 2 3 4 |
11382: 1 12 13 1 1 16 9 2 6 1 1 1 8 1 16 13 |8 8 1 10 2 1 1 1 1 16 10 10 10 3 3 4 |11 15 16 13 7 1 16 21 2 1 1 6 6 7 1 2 |6 10 11 2 16 1 1 12 13 14 12 5 1 1 1 1 |120 20 10 13 15 6 1 1 9 17 13 1 15 11 1 17 |300 65 21 22 20 26 1 22 9 12 3 8 1 18 9 1 |18 23 5 6 6 1 1 12 9 1 17 3 15 1 14 1 |104 9 5 1 9 1 11 13 10 17 18 1 10 4 1 16 |12 1 1 2 3 1 15 1 16 6 2 18 3 4 15 2 |10 11 11 3 1 7 1 7 1 9 16 1 6 2 3 1 |4 1 10 8 1 14 3 6 1 15 4 1 1 1 1 15 |23 1 1 1 11 3 1 9 4 1 1 1 2 2 3 4 |
11393: 1 12 13 1 1 16 9 2 6 1 1 1 8 1 16 13 |8 8 1 10 2 1 1 1 1 16 10 10 10 3 3 4 |11 15 16 13 7 1 16 21 2 1 1 6 6 7 1 2 |6 10 11 2 16 1 1 12 13 14 12 5 1 1 1 1 |1 3 8 9 18 1 2 2 6 10 6 1 1 8 1 1 |300 65 21 22 20 26 1 22 9 12 3 8 1 18 9 1 |18 23 5 6 6 1 1 12 9 1 17 3 15 1 14 1 |104 9 5 1 9 1 11 13 10 17 18 1 10 4 1 16 |12 1 1 2 3 1 15 1 16 6 2 18 3 4 15 2 |10 11 11 3 1 7 1 7 1 9 16 1 6 2 3 1 |4 1 10 8 1 14 3 6 1 15 4 1 1 1 1 15 |23 1 1 1 11 3 1 9 4 1 1 1 2 2 3 4 |
11404: 1 12 13 1 1 16 9 2 6 1 1 1 8 1 16 13 |8 8 1 10 2 1 1 1 1 16 10 10 10 3 3 4 |11 15 16 13 7 1 16 21 2 1 1 6 6 7 1 2 |6 10 11 2 16 1 1 12 13 14 12 5 1 1 1 1 |1 3 8 9 18 1 2 2 6 10 6 1 1 8 1 1 |300 65 21 22 20 26 1 22 9 12 3 8 1 18 9 1 |18 23 5 6 6 1 1 12 9 1 17 3 15 1 14 1 |104 9 5 1 9 1 11 13 10 17 18 1 10 4 1 16 |12 1 1 2 3 1 15 1 16 6 2 18 3 4 15 2 |10 11 11 3 1 7 1 7 1 9 16 1 6 2 3 1 |4 1 10 8 1 14 3 6 1 15 4 1 1 1 1 15 |23 1 1 1 11 3 1 9 4 1 1 1 2 2 3 4 |
11415: 1 12 13 1 1 16 9 2 6 1 1 1 8 1 16 13 |8 8 1 10 2 1 1 1 1 16 10 10 10 3 3 4 |11 15 16 13 7 1 16 21 2 1 1 6 6 7 1 2 |6 10 11 2 16 1 1 12 13 14 12 5 1 1 1 1 |14 1 6 16 18 1 2 3 6 10 5 3 8 7 1 3 |300 65 21 22 20 26 1 22 9 12 3 8 1 18 9 1 |18 23 5 6 6 1 1 12 9 1 17 3 15 1 14 1 |104 9 5 1 9 1 11 13 10 17 18 1 10 4 1 16 |12 1 1 2 3 1 15 1 16 6 2 18 3 4 15 2 |10 11 11 3 1 7 1 7 1 9 16 1 6 2 3 1 |4 1 10 8 1 14 3 6 1 15 4 1 1 1 1 15 |23 1 1 1 11 3 1 9 4 1 1 1 2 2 3 4 |
11426: 1 12 13 1 1 16 9 2 6 1 1 1 8 1 16 13 |8 8 1 10 2 1 1 1 1 16 10 10 10 3 3 4 |11 15 16 13 7 1 16 21 2 1 1 6 6 7 1 2 |6 10 11 2 16 1 1 12 13 14 12 5 1 1 1 1 |14 1 6 16 18 1 2 3 6 10 5 3 8 7 1 3 |300 65 21 22 20 26 1 22 9 12 3 8 1 18 9 1 |18 23 5 6 6 1 1 12 9 1 17 3 15 1 14 1 |104 9 5 1 9 1 11 13 10 17 18 1 10 4 1 16 |12 1 1 2 3 1 15 1 16 6 2 18 3 4 15 2 |10 11 11 3 1 7 1 7 1 9 16 1 6 2 3 1 |4 1 10 8 1 14 3 6 1 15 4 1 1 1 1 15 |8 7 5 1 1 1 1 8 12 1 1 5 2 2 3 4 |
11437: 1 12 13 1 1 16 9 2 6 1 1 1 8 1 16 13 |8 8 1 10 2 1 1 1 1 16 10 10 10 3 3 4 |11 15 16 13 7 1 16 21 2 1 1 6 6 7 1 2 |6 10 11 2 16 1 1 12 13 14 12 5 1 1 1 1 |14 1 6 16 18 1 2 3 6 10 5 3 8 7 1 3 |300 65 21 22 20 26 1 22 9 12 3 8 1 18 9 1 |18 23 5 6 6 1 1 12 9 1 17 3 15 1 14 1 |104 9 5 1 9 1 11 13 10 17 18 1 10 4 1 16 |12 1 1 2 3 1 15 1 16 6 2 18 3 4 15 2 |10 11 11 3 1 7 1 7 1 9 16 1 6 2 3 1 |4 1 10 8 1 14 3 6 1 15 4 1 1 1 1 15 |8 7 5 1 1 1 1 8 12 1 1 5 2 2 3 4 |
11448: 1 12 13 1 1 16 9 2 6 1 1 1 8 1 16 13 |8 8 1 10 2 1 1 1 1 16 10 10 10 3 3 4 |11 15 16 13 7 1 16 21 2 1 1 6 6 7 1 2 |6 10 11 2 16 1 1 12 13 14 12 5 1 1 1 1 |17 2 1 9 18 1 1 3 2 15 5 3 5 9 1 2 |300 65 21 22 20 26 1 22 9 12 3 8 1 18 9 1 |18 23 5 6 6 1 1 12 9 1 17 3 15 1 14 1 |104 9 5 1 9 1 11 13 10 17 18 1 10 4 1 16 |12 1 1 2 3 1 15 1 16 6 2 18 3 4 15 2 |10 11 11 3 1 7 1 7 1 9 16 1 6 2 3 1 |4 1 10 8 1 14 3 6 1 15 4 1 1 1 1 15 |8 7 5 1 1 1 1 8 12 1 1 5 2 2 3 4 |
11459: 1 12 13 1 1 16 9 2 6 1 1 1 8 1 16 13 |8 8 1 10 2 1 1 1 1 16 10 10 10 3 3 4 |11 15 16 13 7 1 16 21 2 1 1 6 6 7 1 2 |6 10 11 2 16 1 1 12 13 14 12 5 1 1 1 1 |17 2 1 9 18 1 1 3 2 15 5 3 5 9 1 2 |1 17 2 3 4 9 1 12 11 1 1 2 1 5 1 2 |18 23 5 6 6 1 1 12 9 1 17 3 15 1 14 1 |104 9 5 1 9 1 11 13 10 17 18 1 10 4 1 16 |12 1 1 2 3 1 15 1 16 6 2 18 3 4 15 2 |10 11 11 3 1 7 1 7 1 9 16 1 6 2 3 1 |4 1 10 8 1 14 3 6 1 15 4 1 1 1 1 15 |8 7 5 1 1 1 1 8 12 1 1 5 2 2 3 4 |
11470: 1 12 13 1 1 16 9 2 6 1 1 1 8 1 16 13 |8 8 1 10 2 1 1 1 1 16 10 10 10 3 3 4 |11 15 16 13 7 1 16 21 2 1 1 6 6 7 1 2 |6 10 11 2 16 1 1 12 13 14 12 5 1 1 1 1 |17 2 1 9 18 1 1 3 2 15 5 3 5 9 1 2 |1 17 2 3 4 9 1 12 11 1 1 2 1 5 1 2 |18 23 5 6 6 1 1 12 9 1 17 3 15 1 14 1 |104 9 5 1 9 1 11 13 10 17 18 1 10 4 1 16 |12 1 1 2 3 1 15 1 16 6 2 18 3 4 15 2 |10 11 11 3 1 7 1 7 1 9 16 1 6 2 3 1 |4 1 10 8 1 14 3 6 1 15 4 1 1 1 1 15 |8 7 5 1 1 1 1 8 12 1 1 5 2 2 3 4 |
11481: 1 12 13 1 1 16 9 2 6 1 1 1 8 1 16 13 |8 8 1 10 2 1 1 1 1 16 10 10 10 3 3 4 |11 15 16 13 7 1 16 21 2 1 1 6 6 7 1 2 |6 10 11 2 16 1 1 12 13 14 12 5 1 1 1 1 |17 2 1 9 18 1 1 3 2 15 5 3 5 9 1 2 |1 17 2 3 4 9 1 12 11 1 1 2 1 5 1 2 |18 23 5 6 6 1 1 12 9 1 17 3 15 1 14 1 |104 9 5 1 9 1 11 13 10 17 18 1 10 4 1 16 |12 1 1 2 3 1 15 1 16 6 2 18 3 4 15 2 |10 11 11 3 1 7 1 7 1 9 16 1 6 2 3 1 |4 1 10 8 1 14 3 6 1 15 4 1 1 1 1 15 |8 7 5 1 1 1 1 8 12 1 1 5 2 2 3 4 |
11492: 1 12 13 1 1 16 9 2 6 1 1 1 8 1 16 13 |8 8 1 10 2 1 1 1 1 16 10 10 10 3 3 4 |11 15 16 13 7 1 16 21 2 1 1 6 6 7 1 2 |6 10 11 2 16 1 1 12 13 14 12 5 1 1 1 1 |17 2 1 9 18 1 1 3 2 15 5 3 5 9 1 2 |1 17 2 3 4 9 1 12 11 1 1 2 1 5 1 2 |18 23 5 6 6 1 1 12 9 1 17 3 15 1 14 1 |104 9 5 1 9 1 11 13 10 17 18 1 10 4 1 16 |12 1 1 2 3 1 15 1 16 6 2 18 3 4 15 2 |10 11 11 3 1 7 1 7 1 9 16 1 6 2 3 1 |1 1 7 1 1 1 1 1 1 14 3 1 1 1 1 15 |8 7 5 1 1 1 1 8 12 1 1 5 2 2 3 4 |
11503: 1 12 13 1 1 16 9 2 6 1 1 1 8 1 16 13 |8 8 1 10 2 1 1 1 1 16 10 10 10 3 3 4 |11 15 16 13 7 1 16 21 2 1 1 6 6 7 1 2 |6 10 11 2 16 1 1 12 13 14 12 5 1 1 1 1 |17 2 1 9 18 1 1 3 2 15 5 3 5 9 1 2 |1 17 2 3 4 9 1 12 11 1 1 2 1 5 1 2 |18 23 5 6 6 1 1 12 9 1 17 3 15 1 14 1 |104 9 5 1 9 1 11 13 10 17 18 1 10 4 1 16 |12 1 1 2 3 1 15 1 16 6 2 18 3 4 15 2 |10 11 11 3 1 7 1 7 1 9 16 1 6 2 3 1 |1 1 7 1 1 1 1 1 1 14 3 1 1 1 1 15 |8 7 5 1 1 1 1 8 12 1 1 5 2 2 3 4 |
11514: 1 12 13 1 1 16 9 2 6 1 1 1 8 1 16 13 |8 8 1 10 2 1 1 1 1 16 10 10 10 3 3 4 |11 15 16 13 7 1 16 21 2 1 1 6 6 7 1 2 |156 27 18 10 22 7 7 24 17 16 21 1 16 12 22 1 |17 2 1 9 18 1 1 3 2 15 5 3 5 9 1 2 |1 17 2 3 4 9 1 12 11 1 1 2 1 5 1 2 |18 23 5 6 6 1 1 12 9 1 17 3 15 1 14 1 |104 9 5 1 9 1 11 13 10 17 18 1 10 4 1 16 |12 1 1 2 3 1 15 1 16 6 2 18 3 4 15 2 |10 11 11 3 1 7 1 7 1 9 16 1 6 2 3 1 |1 1 7 1 1 1 1 1 1 14 3 1 1 1 1 15 |8 7 5 1 1 1 1 8 12 1 1 5 2 2 3 4 |
11525: 1 12 13 1 1 16 9 2 6 1 1 1 8 1 16 13 |8 8 1 10 2 1 1 1 1 16 10 10 10 3 3 4 |11 15 16 13 7 1 16 21 2 1 1 6 6 7 1 2 |156 27 18 10 22 7 7 24 17 16 21 1 16 12 22 1 |17 8 1 10 19 1 3 3 7 11 5 1 2 7 1 2 |1 17 2 3 4 9 1 12 11 1 1 2 1 5 1 2 |18 23 5 6 6 1 1 12 9 1 17 3 15 1 14 1 |104 9 5 1 9 1 11 13 10 17 18 1 10 4 1 16 |12 1 1 2 3 1 15 1 16 6 2 18 3 4 15 2 |10 11 11 3 1 7 1 7 1 9 16 1 6 2 3 1 |1 1 7 1 1 1 1 1 1 14 3 1 1 1 1 15 |8 7 5 1 1 1 1 8 12 1 1 5 2 2 3 4 |
11536: 1 12 13 1 1 16 9 2 6 1 1 1 8 1 16 13 |8 8 1 10 2 1 1 1 1 16 10 10 10 3 3 4 |11 15 16 13 7 1 16 21 2 1 1 6 6 7 1 2 |156 27 18 10 22 7 7 24 17 16 21 1 16 12 22 1 |17 8 1 10 19 1 3 3 7 11 5 1 2 7 1 2 |1 17 2 3 4 9 1 12 11 1 1 2 1 5 1 2 |18 23 5 6 6 1 1 12 9 1 17 3 15 1 14 1 |104 9 5 1 9 1 11 13 10 17 18 1 10 4 1 16 |12 1 1 2 3 1 15 1 16 6 2 18 3 4 15 2 |10 11 11 3 1 7 1 7 1 9 16 1 6 2 3 1 |1 1 7 1 1 1 1 1 1 14 3 1 1 1 1 15 |8 7 5 1 1 1 1 8 12 1 1 5 2 2 3 4 |
11547: 1 12 13 1 1 16 9 2 6 1 1 1 8 1 16 13 |8 8 1 10 2 1 1 1 1 16 10 10 10 3 3 4 |11 15 16 13 7 1 16 21 2 1 1 6 6 7 1 2 |156 27 18 10 22 7 7 24 17 16 21 1 16 12 22 1 |17 8 1 10 19 1 3 3 7 11 5 1 2 7 1 2 |1 17 2 3 4 9 1 12 11 1 1 2 1 5 1 2 |18 23 5 6 6 1 1 12 9 1 17 3 15 1 14 1 |104 9 5 1 9 1 11 13 10 17 18 1 10 4 1 16 |12 1 1 2 3 1 15 1 16 6 2 18 3 4 15 2 |10 11 11 3 1 7 1 7 1 9 16 1 6 2 3 1 |1 1 7 1 1 1 1 1 1 14 3 1 1 1 1 15 |8 7 5 1 1 1 1 8 12 1 1 5 2 2 3 4 |
11558: 1 12 13 1 1 16 9 2 6 1 1 1 8 1 16 13 |8 8 1 10 2 1 1 1 1 16 10 10 10 3 3 4 |11 15 16 13 7 1 16 21 2 1 1 6 6 7 1 2 |156 27 18 10 22 7 7 24 17 16 21 1 16 12 22 1 |17 8 1 10 19 1 3 3 7 11 5 1 2 7 1 2 |1 17 2 3 4 9 1 12 11 1 1 2 1 5 1 2 |18 23 5 6 6 1 1 12 9 1 17 3 15 1 14 1 |104 9 5 1 9 1 11 13 10 17 18 1 10 4 1 16 |12 1 1 2 3 1 15 1 16 6 2 18 3 4 15 2 |10 11 11 3 1 7 1 7 1 9 16 1 6 2 3 1 |1 1 7 1 1 1 1 1 1 14 3 1 1 1 1 15 |13 1 1 2 1 7 1 13 4 1 1 1 2 1 3 1 |
11569: 1 12 13 1 1 16 9 2 6 1 1 1 8 1 16 13 |8 8 1 10 2 1 1 1 1 16 10 10 10 3 3 4 |11 15 16 13 7 1 16 21 2 1 1 6 6 7 1 2 |156 27 18 10 22 7 7 24 17 16 21 1 16 12 22 1 |17 8 1 10 19 1 3 3 7 11 5 1 2 7 1 2 |1 17 2 3 4 9 1 12 11 1 1 2 1 5 1 2 |18 23 5 6 6 1 1 12 9 1 17 3 15 1 14 1 |104 9 5 1 9 1 11 13 10 17 18 1 10 4 1 16 |12 1 1 2 3 1 15 1 16 6 2 18 3 4 15 2 |10 11 11 3 1 7 1 7 1 9 16 1 6 2 3 1 |1 1 7 1 1 1 1 1 1 14 3 1 1 1 1 15 |13 1 1 2 1 7 1 13 4 1 1 1 2 1 3 1 |
11580: 1 12 13 1 1 16 9 2 6 1 1 1 8 1 16 13 |8 8 1 10 2 1 1 1 1 16 10 10 10 3 3 4 |199 33 11 9 10 1 13 29 4 9 12 13 14 4 11 7 |156 27 18 10 22 7 7 24 17 16 21 1 16 12 22 1 |17 8 1 10 19 1 3 3 7 11 5 1 2 7 1 2 |1 17 2 3 4 9 1 12 11 1 1 2 1 5 1 2 |18 23 5 6 6 1 1 12 9 1 17 3 15 1 14 1 |104 9 5 1 9 1 11 13 10 17 18 1 10 4 1 16 |12 1 1 2 3 1 15 1 16 6 2 18 3 4 15 2 |10 11 11 3 1 7 1 7 1 9 16 1 6 2 3 1 |1 1 7 1 1 1 1 1 1 14 3 1 1 1 1 15 |13 1 1 2 1 7 1 13 4 1 1 1 2 1 3 1 |
11591: 1 12 13 1 1 16 9 2 6 1 1 1 8 1 16 13 |8 8 1 10 2 1 1 1 1 16 10 10 10 3 3 4 |199 33 11 9 10 1 13 29 4 9 12 13 14 4 11 7 |156 27 18 10 22 7 7 24 17 16 21 1 16 12 22 1 |17 8 1 10 19 1 3 3 7 11 5 1 2 7 1 2 |1 17 2 3 4 9 1 12 11 1 1 2 1 5 1 2 |18 23 5 6 6 1 1 12 9 1 17 3 15 1 14 1 |104 9 5 1 9 1 11 13 10 17 18 1 10 4 1 16 |12 1 1 2 3 1 15 1 16 6 2 18 3 4 15 2 |10 11 11 3 1 7 1 7 1 9 16 1 6 2 3 1 |4 1 7 5 1 14 4 6 1 15 15 1 1 1 1 17 |13 1 1 2 1 7 1 13 4 1 1 1 2 1 3 1 |
11602: 1 12 13 1 1 16 9 2 6 1 1 1 8 1 16 13 |8 8 1 10 2 1 1 1 1 16 10 10 10 3 3 4 |199 33 11 9 10 1 13 29 4 9 12 13 14 4 11 7 |156 27 18 10 22 7 7 24 17 16 21 1 16 12 22 1 |17 8 1 10 19 1 3 3 7 11 5 1 2 7 1 2 |1 17 2 3 4 9 1 12 11 1 1 2 1 5 1 2 |18 23 5 6 6 1 1 12 9 1 17 3 15 1 14 1 |104 9 5 1 9 1 11 13 10 17 18 1 10 4 1 16 |12 1 1 2 3 1 15 1 16 6 2 18 3 4 15 2 |10 11 11 3 1 7 1 7 1 9 16 1 6 2 3 1 |4 1 7 5 1 14 4 6 1 15 15 1 1 1 1 17 |13 1 1 2 1 7 1 13 4 1 1 1 2 1 3 1 |
11613: 1 12 13 1 1 16 9 2 6 1 1 1 8 1 16 13 |8 8 1 10 2 1 1 1 1 16 10 10 10 3 3 4 |199 33 11 9 10 1 13 29 4 9 12 13 14 4 11 7 |156 27 18 10 22 7 7 24 17 16 21 1 16 12 22 1 |17 8 1 10 19 1 3 3 7 11 5 1 2 7 1 2 |1 17 2 3 4 9 1 12 11 1 1 2 1 5 1 2 |18 23 5 6 6 1 1 12 9 1 17 3 15 1 14 1 |104 9 5 1 9 1 11 13 10 17 18 1 10 4 1 16 |12 1 1 2 3 1 15 1 16 6 2 18 3 4 15 2 |10 11 11 3 1 7 1 7 1 9 16 1 6 2 3 1 |4 1 7 5 1 14 4 6 1 15 15 1 1 1 1 17 |13 1 1 2 1 7 1 13 4 1 1 1 2 1 3 1 |
11624: 1 12 13 1 1 16 9 2 6 1 1 1 8 1 16 13 |8 8 1 10 2 1 1 1 1 16 10 10 10 3 3 4 |199 33 11 9 10 1 13 29 4 9 12 13 14 4 11 7 |156 27 18 10 22 7 7 24 17 16 21 1 16 12 22 1 |17 8 1 10 19 1 3 3 7 11 5 1 2 7 1 2 |1 17 2 3 4 9 1 12 11 1 1 2 1 5 1 2 |18 23 5 6 6 1 1 12 9 1 17 3 15 1 14 1 |104 9 5 1 9 1 11 13 10 17 18 1 10 4 1 16 |12 1 1 2 3 1 15 1 16 6 2 18 3 4 15 2 |10 11 11 3 1 7 1 7 1 9 16 1 6 2 3 1 |4 1 7 5 1 14 4 6 1 15 15 1 1 1 1 17 |13 1 1 2 1 7 1 13 4 1 1 1 2 1 3 1 |
11635: 1 12 13 1 1 16 9 2 6 1 1 1 8 1 16 13 |8 8 1 10 2 1 1 1 1 16 10 10 10 3 3 4 |199 33 11 9 10 1 13 29 4 9 12 13 14 4 11 7 |156 27 18 10 22 7 7 24 17 16 21 1 16 12 22 1 |17 8 1 10 19 1 3 3 7 11 5 1 2 7 1 2 |1 17 2 3 4 9 1 12 11 1 1 2 1 5 1 2 |18 23 5 6 6 1 1 12 9 1 17 3 15 1 14 1 |104 9 5 1 9 1 11 13 10 17 18 1 10 4 1 16 |12 1 1 2 3 1 15 1 16 6 2 18 3 4 15 2 |10 11 11 3 1 7 1 7 1 9 16 1 6 2 3 1 |4 1 7 5 1 14 4 6 1 15 15 1 1 1 1 17 |13 1 1 2 1 7 1 13 4 1 1 1 2 1 3 1 |
11646: 1 12 13 1 1 16 9 2 6 1 1 1 8 1 16 13 |34 11 1 7 2 1 1 1 16 15 10 12 13 1 1 14 |199 33 11 9 10 1 13 29 4 9 12 13 14 4 11 7 |156 27 18 10 22 7 7 24 17 16 21 1 16 12 22 1 |17 8 1 10 19 1 3 3 7 11 5 1 2 7 1 2 |1 17 2 3 4 9 1 12 11 1 1 2 1 5 1 2 |18 23 5 6 6 1 1 12 9 1 17 3 15 1 14 1 |104 9 5 1 9 1 11 13 10 17 18 1 10 4 1 16 |12 1 1 2 3 1 15 1 16 6 2 18 3 4 15 2 |10 11 11 3 1 7 1 7 1 9 16 1 6 2 3 1 |4 1 7 5 1 14 4 6 1 15 15 1 1 1 1 17 |13 1 1 2 1 7 1 13 4 1 1 1 2 1 3 1 |
11657: 1 12 13 1 1 16 9 2 6 1 1 1 8 1 16 13 |34 11 1 7 2 1 1 1 16 15 10 12 13 1 1 14 |199 33 11 9 10 1 13 29 4 9 12 13 14 4 11 7 |156 27 18 10 22 7 7 24 17 16 21 1 16 12 22 1 |17 8 1 10 19 1 3 3 7 11 5 1 2 7 1 2 |1 17 2 3 4 9 1 12 11 1 1 2 1 5 1 2 |18 23 5 6 6 1 1 12 9 1 17 3 15 1 14 1 |104 9 5 1 9 1 11 13 10 17 18 1 10 4 1 16 |12 1 1 2 3 1 15 1 16 6 2 18 3 4 15 2 |9 1 20 2 2 5 2 6 1 6 14 1 6 2 15 1 |4 1 7 5 1 14 4 6 1 15 15 1 1 1 1 17 |13 1 1 2 1 7 1 13 4 1 1 1 2 1 3 1 |
11668: 1 12 13 1 1 16 9 2 6 1 1 1 8 1 16 13 |34 11 1 7 2 1 1 1 16 15 10 12 13 1 1 14 |199 33 11 9 10 1 13 29 4 9 12 13 14 4 11 7 |156 27 18 10 22 7 7 24 17 16 21 1 16 12 22 1 |17 8 1 10 19 1 3 3 7 11 5 1 2 7 1 2 |1 17 2 3 4 9 1 12 11 1 1 2 1 5 1 2 |18 23 5 6 6 1 1 12 9 1 17 3 15 1 14 1 |104 9 5 1 9 1 11 13 10 17 18 1 10 4 1 16 |12 1 1 2 3 1 15 1 16 6 2 18 3 4 15 2 |9 1 20 2 2 5 2 6 1 6 14 1 6 2 15 1 |4 1 7 5 1 14 4 6 1 15 15 1 1 1 1 17 |13 1 1 2 1 7 1 13 4 1 1 1 2 1 3 1 |
11679: 1 12 13 1 1 16 9 2 6 1 1 1 8 1 16 13 |34 11 1 7 2 1 1 1 16 15 10 12 13 1 1 14 |199 33 11 9 10 1 13 29 4 9 12 13 14 4 11 7 |156 27 18 10 22 7 7 24 17 16 21 1 16 12 22 1 |17 8 1 10 19 1 3 3 7 11 5 1 2 7 1 2 |1 17 2 3 4 9 1 12 11 1 1 2 1 5 1 2 |18 23 5 6 6 1 1 12 9 1 17 3 15 1 14 1 |104 9 5 1 9 1 11 13 10 17 18 1 10 4 1 16 |12 1 1 2 3 1 15 1 16 6 2 18 3 4 15 2 |9 1 20 2 2 5 2 6 1 6 14 1 6 2 15 1 |4 1 7 5 1 14 4 6 1 15 15 1 1 1 1 17 |13 1 1 2 1 7 1 13 4 1 1 1 2 1 3 1 |
11690: 1 12 13 1 1 16 9 2 6 1 1 1 8 1 16 13 |34 11 1 7 2 1 1 1 16 15 10 12 13 1 1 14 |199 33 11 9 10 1 13 29 4 9 12 13 14 4 11 7 |156 27 18 10 22 7 7 24 17 16 21 1 16 12 22 1 |17 8 1 10 19 1 3 3 7 11 5 1 2 7 1 2 |1 17 2 3 4 9 1 12 11 1 1 2 1 5 1 2 |18 23 5 6 6 1 1 12 9 1 17 3 15 1 14 1 |104 9 5 1 9 1 11 13 10 17 18 1 10 4 1 16 |12 1 1 2 3 1 15 1 16 6 2 18 3 4 15 2 |9 1 20 2 2 5 2 6 1 6 14 1 6 2 15 1 |4 1 7 5 1 14 4 6 1 15 15 1 1 1 1 17 |13 1 1 2 1 7 1 13 4 1 1 1 2 1 3 1 |
11700: 1 12 13 1 1 16 9 2 6 1 1 1 8 1 16 13 |34 11 1 7 2 1 1 1 16 15 10 12 13 1 1 14 |199 33 11 9 10 1 13 29 4 9 12 13 14 4 11 7 |156 27 18 10 22 7 7 24 17 16 21 1 16 12 22 1 |17 8 1 10 19 1 3 3 7 11 5 1 2 7 1 2 |1 17 2 3 4 9 1 12 11 1 1 2 1 5 1 2 |18 23 5 6 6 1 1 12 9 1 17 3 15 1 14 1 |104 9 5 1 9 1 11 13 10 17 18 1 10 4 1 16 |12 1 1 2 3 1 15 1 16 6 2 18 3 4 15 2 |9 1 20 2 2 5 2 6 1 6 14 1 6 2 15 1 |4 1 7 5 1 14 4 6 1 15 15 1 1 1 1 17 |13 1 1 2 1 7 1 13 4 1 1 1 2 1 3 1 |
11712: 1 12 13 1 1 16 9 2 6 1 1 1 8 1 16 13 |34 11 1 7 2 1 1 1 16 15 10 12 13 1 1 14 |199 33 11 9 10 1 13 29 4 9 12 13 14 4 11 7 |156 27 18 10 22 7 7 24 17 16 21 1 16 12 22 1 |17 8 1 10 19 1 3 3 7 11 5 1 2 7 1 2 |1 17 2 3 4 9 1 12 11 1 1 2 1 5 1 2 |8 6 2 3 6 1 1 12 12 1 14 10 10 1 14 1 |104 9 5 1 9 1 11 13 10 17 18 1 10 4 1 16 |12 1 1 2 3 1 15 1 16 6 2 18 3 4 15 2 |9 1 20 2 2 5 2 6 1 6 14 1 6 2 15 1 |4 1 7 5 1 14 4 6 1 15 15 1 1 1 1 17 |13 1 1 2 1 7 1 13 4 1 1 1 2 1 3 1 |
11722: 1 12 13 1 1 16 9 2 6 1 1 1 8 1 16 13 |34 11 1 7 2 1 1 1 16 15 10 12 13 1 1 14 |199 33 11 9 10 1 13 29 4 9 12 13 14 4 11 7 |156 27 18 10 22 7 7 24 17 16 21 1 16 12 22 1 |17 8 1 10 19 1 3 3 7 11 5 1 2 7 1 2 |1 17 2 3 4 9 1 12 11 1 1 2 1 5 1 2 |8 6 2 3 6 1 1 12 12 1 14 10 10 1 14 1 |3 12 1 2 2 1 7 17 5 1 4 2 1 1 3 11 |12 1 1 2 3 1 15 1 16 6 2 18 3 4 15 2 |9 1 20 2 2 5 2 6 1 6 14 1 6 2 15 1 |4 1 7 5 1 14 4 6 1 15 15 1 1 1 1 17 |13 1 1 2 1 7 1 13 4 1 1 1 2 1 3 1 |
11733: 1 12 13 1 1 16 9 2 6 1 1 1 8 1 16 13 |34 11 1 7 2 1 1 1 16 15 10 12 13 1 1 14 |199 33 11 9 10 1 13 29 4 9 12 13 14 4 11 7 |156 27 18 10 22 7 7 24 17 16 21 1 16 12 22 1 |17 8 1 10 19 1 3 3 7 11 5 1 2 7 1 2 |1 17 2 3 4 9 1 12 11 1 1 2 1 5 1 2 |8 6 2 3 6 1 1 12 12 1 14 10 10 1 14 1 |3 12 1 2 2 1 7 17 5 1 4 2 1 1 3 11 |12 1 1 2 3 1 15 1 16 6 2 18 3 4 15 2 |9 1 20 2 2 5 2 6 1 6 14 1 6 2 15 1 |4 1 7 5 1 14 4 6 1 15 15 1 1 1 1 17 |13 1 1 2 1 7 1 13 4 1 1 1 2 1 3 1 |
11744: 1 12 13 1 1 16 9 2 6 1 1 1 8 1 16 13 |34 11 1 7 2 1 1 1 16 15 10 12 13 1 1 14 |199 33 11 9 10 1 13 29 4 9 12 13 14 4 11 7 |156 27 18 10 22 7 7 24 17 16 21 1 16 12 22 1 |17 8 1 10 19 1 3 3 7 11 5 1 2 7 1 2 |1 10 3 7 3 9 1 12 10 1 2 1 6 1 2 1 |8 6 2 3 6 1 1 12 12 1 14 10 10 1 14 1 |3 12 1 2 2 1 7 17 5 1 4 2 1 1 3 11 |12 1 1 2 3 1 15 1 16 6 2 18 3 4 15 2 |9 1 20 2 2 5 2 6 1 6 14 1 6 2 15 1 |4 1 7 5 1 14 4 6 1 15 15 1 1 1 1 17 |13 1 1 2 1 7 1 13 4 1 1 1 2 1 3 1 |
11755: 1 12 13 1 1 16 9 2 6 1 1 1 8 1 16 13 |34 11 1 7 2 1 1 1 16 15 10 12 13 1 1 14 |199 33 11 9 10 1 13 29 4 9 12 13 14 4 11 7 |156 27 18 10 22 7 7 24 17 16 21 1 16 12 22 1 |17 8 1 10 19 1 3 3 7 11 5 1 2 7 1 2 |1 10 3 7 3 9 1 12 10 1 2 1 6 1 2 1 |8 6 2 3 6 1 1 12 12 1 14 10 10 1 14 1 |3 12 1 2 2 1 7 17 5 1 4 2 1 1 3 11 |12 1 1 2 3 1 15 1 16 6 2 18 3 4 15 2 |9 1 20 2 2 5 2 6 1 6 14 1 6 2 15 1 |4 1 7 5 1 14 4 6 1 15 15 1 1 1 1 17 |13 1 1 2 1 7 1 13 4 1 1 1 2 1 3 1 |
11766: 1 12 13 1 1 16 9 2 6 1 1 1 8 1 16 13 |34 11 1 7 2 1 1 1 16 15 10 12 13 1 1 14 |199 33 11 9 10 1 13 29 4 9 12 13 14 4 11 7 |156 27 18 10 22 7 7 24 17 16 21 1 16 12 22 1 |17 8 1 10 19 1 3 3 7 11 5 1 2 7 1 2 |1 10 3 7 3 9 1 12 10 1 2 1 6 1 2 1 |8 6 2 3 6 1 1 12 12 1 14 10 10 1 14 1 |3 12 1 2 2 1 7 17 5 1 4 2 1 1 3 11 |12 1 1 2 3 1 15 1 16 6 2 18 3 4 15 2 |9 1 20 2 2 5 2 6 1 6 14 1 6 2 15 1 |4 1 7 5 1 14 4 6 1 15 15 1 1 1 1 17 |13 1 1 2 1 7 1 13 4 1 1 1 2 1 3 1 |
11777: 1 12 13 1 1 16 9 2 6 1 1 1 8 1 16 13 |34 11 1 7 2 1 1 1 16 15 10 12 13 1 1 14 |199 33 11 9 10 1 13 29 4 9 12 13 14 4 11 7 |156 27 18 10 22 7 7 24 17 16 21 1 16 12 22 1 |17 8 1 10 19 1 3 3 7 11 5 1 2 7 1 2 |1 10 3 7 3 9 1 12 10 1 2 1 6 1 2 1 |8 6 2 3 6 1 1 12 12 1 14 10 10 1 14 1 |2 1 1 2 5 1 1 16 3 1 1 1 1 1 1 6 |12 1 1 2 3 1 15 1 16 6 2 18 3 4 15 2 |9 1 20 2 2 5 2 6 1 6 14 1 6 2 15 1 |4 1 7 5 1 14 4 6 1 15 15 1 1 1 1 17 |13 1 1 2 1 7 1 13 4 1 1 1 2 1 3 1 |
11788: 1 12 13 1 1 16 9 2 6 1 1 1 8 1 16 13 |34 11 1 7 2 1 1 1 16 15 10 12 13 1 1 14 |199 33 11 9 10 1 13 29 4 9 12 13 14 4 11 7 |156 27 18 10 22 7 7 24 17 16 21 1 16 12 22 1 |17 8 1 10 19 1 3 3 7 11 5 1 2 7 1 2 |1 10 3 7 3 9 1 12 10 1 2 1 6 1 2 1 |8 6 2 3 6 1 1 12 12 1 14 10 10 1 14 1 |2 1 1 2 5 1 1 16 3 1 1 1 1 1 1 6 |12 1 1 2 3 1 15 1 16 6 2 18 3 4 15 2 |9 1 20 2 2 5 2 6 1 6 14 1 6 2 15 1 |4 1 7 5 1 14 4 6 1 15 15 1 1 1 1 17 |13 1 1 2 1 7 1 13 4 1 1 1 2 1 3 1 |
11799: 1 12 13 1 1 16 9 2 6 1 1 1 8 1 16 13 |34 11 1 7 2 1 1 1 16 15 10 12 13 1 1 14 |199 33 11 9 10 1 13 29 4 9 12 13 14 4 11 7 |156 27 18 10 22 7 7 24 17 16 21 1 16 12 22 1 |17 8 1 10 19 1 3 3 7 11 5 1 2 7 1 2 |1 10 3 7 3 9 1 12 10 1 2 1 6 1 2 1 |8 6 2 3 6 1 1 12 12 1 14 10 10 1 14 1 |2 1 1 2 5 1 1 16 3 1 1 1 1 1 1 6 |12 1 1 2 3 1 15 1 16 6 2 18 3 4 15 2 |9 1 20 2 2 5 2 6 1 6 14 1 6 2 15 1 |4 1 7 5 1 14 4 6 1 15 15 1 1 1 1 17 |13 1 1 2 1 7 1 13 4 1 1 1 2 1 3 1 |
11810: 1 12 13 1 1 16 9 2 6 1 1 1 8 1 16 13 |34 11 1 7 2 1 1 1 16 15 10 12 13 1 1 14 |199 33 11 9 10 1 13 29 4 9 12 13 14 4 11 7 |156 27 18 10 22 7 7 24 17 16 21 1 16 12 22 1 |17 8 1 10 19 1 3 3 7 11 5 1 2 7 1 2 |1 1 3 7 3 1 1 12 8 2 1 1 1 5 1 1 |8 6 2 3 6 1 1 12 12 1 14 10 10 1 14 1 |2 1 1 2 5 1 1 16 3 1 1 1 1 1 1 6 |12 1 1 2 3 1 15 1 16 6 2 18 3 4 15 2 |9 1 20 2 2 5 2 6 1 6 14 1 6 2 15 1 |4 1 7 5 1 14 4 6 1 15 15 1 1 1 1 17 |13 1 1 2 1 7 1 13 4 1 1 1 2 1 3 1 |
11821: 1 12 13 1 1 16 9 2 6 1 1 1 8 1 16 13 |34 11 1 7 2 1 1 1 16 15 10 12 13 1 1 14 |199 33 11 9 10 1 13 29 4 9 12 13 14 4 11 7 |156 27 18 10 22 7 7 24 17 16 21 1 16 12 22 1 |17 8 1 10 19 1 3 3 7 11 5 1 2 7 1 2 |1 1 3 7 3 1 1 12 8 2 1 1 1 5 1 1 |8 6 2 3 6 1 1 12 12 1 14 10 10 1 14 1 |2 1 1 2 5 1 1 16 3 1 1 1 1 1 1 6 |12 1 1 2 3 1 15 1 16 6 2 18 3 4 15 2 |9 1 20 2 2 5 2 6 1 6 14 1 6 2 15 1 |4 1 7 5 1 14 4 6 1 15 15 1 1 1 1 17 |13 1 1 2 1 7 1 13 4 1 1 1 2 1 3 1 |
11832: 1 12 13 1 1 16 9 2 6 1 1 1 8 1 16 13 |34 11 1 7 2 1 1 1 16 15 10 12 13 1 1 14 |199 33 11 9 10 1 13 29 4 9 12 13 14 4 11 7 |156 27 18 10 22 7 7 24 17 16 21 1 16 12 22 1 |17 8 1 10 19 1 3 3 7 11 5 1 2 7 1 2 |1 1 3 7 3 1 1 12 8 2 1 1 1 5 1 1 |8 6 2 3 6 1 1 12 12 1 14 10 10 1 14 1 |2 1 1 2 5 1 1 16 3 1 1 1 1 1 1 6 |12 1 1 2 3 1 15 1 16 6 2 18 3 4 15 2 |9 1 20 2 2 5 2 6 1 6 14 1 6 2 15 1 |4 1 7 5 1 14 4 6 1 15 15 1 1 1 1 17 |13 1 1 2 1 7 1 13 4 1 1 1 2 1 3 1 |
11843: 1 12 13 1 1 16 9 2 6 1 1 1 8 1 16 13 |34 11 1 7 2 1 1 1 16 15 10 12 13 1 1 14 |199 33 11 9 10 1 13 29 4 9 12 13 14 4 11 7 |156 27 18 10 22 7 7 24 17 16 21 1 16 12 22 1 |17 8 1 10 19 1 3 3 7 11 5 1 2 7 1 2 |1 1 3 7 3 1 1 12 8 2 1 1 1 5 1 1 |8 6 2 3 6 1 1 12 12 1 14 10 10 1 14 1 |1 8 9 1 3 1 7 17 2 1 4 2 1 1 3 7 |12 1 1 2 3 1 15 1 16 6 2 18 3 4 15 2 |9 1 20 2 2 5 2 6 1 6 14 1 6 2 15 1 |4 1 7 5 1 14 4 6 1 15 15 1 1 1 1 17 |13 1 1 2 1 7 1 13 4 1 1 1 2 1 3 1 |
11854: 1 12 13 1 1 16 9 2 6 1 1 1 8 1 16 13 |34 11 1 7 2 1 1 1 16 15 10 12 13 1 1 14 |199 33 11 9 10 1 13 29 4 9 12 13 14 4 11 7 |156 27 18 10 22 7 7 24 17 16 21 1 16 12 22 1 |17 8 1 10 19 1 3 3 7 11 5 1 2 7 1 2 |1 1 3 7 3 1 1 12 8 2 1 1 1 5 1 1 |8 6 2 3 6 1 1 12 12 1 14 10 10 1 14 1 |1 8 9 1 3 1 7 17 2 1 4 2 1 1 3 7 |1 7 1 1 6 1 15 8 1 4 2 12 2 1 13 1 |9 1 20 2 2 5 2 6 1 6 14 1 6 2 15 1 |4 1 7 5 1 14 4 6 1 15 15 1 1 1 1 17 |13 1 1 2 1 7 1 13 4 1 1 1 2 1 3 1 |
11865: 1 12 13 1 1 16 9 2 6 1 1 1 8 1 16 13 |34 11 1 7 2 1 1 1 16 15 10 12 13 1 1 14 |199 33 11 9 10 1 13 29 4 9 12 13 14 4 11 7 |156 27 18 10 22 7 7 24 17 16 21 1 16 12 22 1 |17 8 1 10 19 1 3 3 7 11 5 1 2 7 1 2 |1 1 3 7 3 1 1 12 8 2 1 1 1 5 1 1 |8 6 2 3 6 1 1 12 12 1 14 10 10 1 14 1 |1 8 9 1 3 1 7 17 2 1 4 2 1 1 3 7 |1 7 1 1 6 1 15 8 1 4 2 12 2 1 13 1 |9 1 20 2 2 5 2 6 1 6 14 1 6 2 15 1 |4 1 7 5 1 14 4 6 1 15 15 1 1 1 1 17 |13 1 1 2 1 7 1 13 4 1 1 1 2 1 3 1 |
11876: 1 12 13 1 1 16 9 2 6 1 1 1 8 1 16 13 |34 11 1 7 2 1 1 1 16 15 10 12 13 1 1 14 |199 33 11 9 10 1 13 29 4 9 12 13 14 4 11 7 |156 27 18 10 22 7 7 24 17 16 21 1 16 12 22 1 |17 8 1 10 19 1 3 3 7 11 5 1 2 7 1 2 |1 1 3 7 3 1 1 12 8 2 1 1 1 5 1 1 |12 13 1 7 2 1 1 12 12 1 1 8 10 1 15 1 |1 8 9 1 3 1 7 17 2 1 4 2 1 1 3 7 |1 7 1 1 6 1 15 8 1 4 2 12 2 1 13 1 |9 1 20 2 2 5 2 6 1 6 14 1 6 2 15 1 |4 1 7 5 1 14 4 6 1 15 15 1 1 1 1 17 |13 1 1 2 1 7 1 13 4 1 1 1 2 1 3 1 |
11887: 1 12 13 1 1 16 9 2 6 1 1 1 8 1 16 13 |34 11 1 7 2 1 1 1 16 15 10 12 13 1 1 14 |199 33 11 9 10 1 13 29 4 9 12 13 14 4 11 7 |156 27 18 10 22 7 7 24 17 16 21 1 16 12 22 1 |17 8 1 10 19 1 3 3 7 11 5 1 2 7 1 2 |1 1 3 7 3 1 1 12 8 2 1 1 1 5 1 1 |12 13 1 7 2 1 1 12 12 1 1 8 10 1 15 1 |1 8 9 1 3 1 7 17 2 1 4 2 1 1 3 7 |1 7 1 1 6 1 15 8 1 4 2 12 2 1 13 1 |9 1 20 2 2 5 2 6 1 6 14 1 6 2 15 1 |4 1 7 5 1 14 4 6 1 15 15 1 1 1 1 17 |13 1 1 2 1 7 1 13 4 1 1 1 2 1 3 1 |
11898: 1 12 13 1 1 16 9 2 6 1 1 1 8 1 16 13 |34 11 1 7 2 1 1 1 16 15 10 12 13 1 1 14 |199 33 11 9 10 1 13 29 4 9 12 13 14 4 11 7 |156 27 18 10 22 7 7 24 17 16 21 1 16 12 22 1 |17 8 1 10 19 1 3 3 7 11 5 1 2 7 1 2 |1 1 3 7 3 1 1 12 8 2 1 1 1 5 1 1 |12 13 1 7 2 1 1 12 12 1 1 8 10 1 15 1 |1 8 9 1 3 1 7 17 2 1 4 2 1 1 3 7 |1 7 1 1 6 1 15 8 1 4 2 12 2 1 13 1 |9 1 20 2 2 5 2 6 1 6 14 1 6 2 15 1 |4 1 7 5 1 14 4 6 1 15 15 1 1 1 1 17 |13 1 1 2 1 7 1 13 4 1 1 1 2 1 3 1 |
11909: 1 12 13 1 1 16 9 2 6 1 1 1 8 1 16 13 |34 11 1 7 2 1 1 1 16 15 10 12 13 1 1 14 |199 33 11 9 10 1 13 29 4 9 12 13 14 4 11 7 |156 27 18 10 22 7 7 24 17 16 21 1 16 12 22 1 |17 8 1 10 19 1 3 3 7 11 5 1 2 7 1 2 |1 1 3 7 3 1 1 12 8 2 1 1 1 5 1 1 |12 13 1 7 2 1 1 12 12 1 1 8 10 1 15 1 |1 8 9 1 3 1 7 17 2 1 4 2 1 1 3 7 |1 7 1 1 6 1 15 8 1 4 2 12 2 1 13 1 |9 1 20 2 2 5 2 6 1 6 14 1 6 2 15 1 |4 1 7 5 1 14 4 6 1 15 15 1 1 1 1 17 |13 1 1 2 1 7 1 13 4 1 1 1 2 1 3 1 |
11920: 1 12 13 1 1 16 9 2 6 1 1 1 8 1 16 13 |34 11 1 7 2 1 1 1 16 15 10 12 13 1 1 14 |199 33 11 9 10 1 13 29 4 9 12 13 14 4 11 7 |156 27 18 10 22 7 7 24 17 16 21 1 16 12 22 1 |17 8 1 10 19 1 3 3 7 11 5 1 2 7 1 2 |1 1 3 7 3 1 1 12 8 2 1 1 1 5 1 1 |12 13 1 7 2 1 1 12 12 1 1 8 10 1 15 1 |1 8 9 1 3 1 7 17 2 1 4 2 1 1 3 7 |1 7 1 1 6 1 15 8 1 4 2 12 2 1 13 1 |9 1 20 2 2 5 2 6 1 6 14 1 6 2 15 1 |4 1 7 5 1 14 4 6 1 15 15 1 1 1 1 17 |13 1 1 2 1 7 1 13 4 1 1 1 2 1 3 1 |
11931: 1 12 13 1 1 16 9 2 6 1 1 1 8 1 16 13 |34 11 1 7 2 1 1 1 16 15 10 12 13 1 1 14 |199 33 11 9 10 1 13 29 4 9 12 13 14 4 11 7 |156 27 18 10 22 7 7 24 17 16 21 1 16 12 22 1 |17 8 1 10 19 1 3 3 7 11 5 1 2 7 1 2 |1 1 3 7 3 1 1 12 8 2 1 1 1 5 1 1 |12 13 1 7 2 1 1 12 12 1 1 8 10 1 15 1 |1 8 9 1 3 1 7 17 2 1 4 2 1 1 3 7 |1 7 1 1 6 1 15 8 1 4 2 12 2 1 13 1 |9 1 20 2 2 5 2 6 1 6 14 1 6 2 15 1 |4 1 7 5 1 14 4 6 1 15 15 1 1 1 1 17 |13 1 1 2 1 7 1 13 4 1 1 1 2 1 3 1 |
11942: 1 12 13 1 1 16 9 2 6 1 1 1 8 1 16 13 |34 11 1 7 2 1 1 1 16 15 10 12 13 1 1 14 |199 33 11 9 10 1 13 29 4 9 12 13 14 4 11 7 |156 27 18 10 22 7 7 24 17 16 21 1 16 12 22 1 |17 8 1 10 19 1 3 3 7 11 5 1 2 7 1 2 |1 1 3 3 3 7 1 12 8 2 1 2 1 4 1 1 |12 13 1 7 2 1 1 12 12 1 1 8 10 1 15 1 |1 8 9 1 3 1 7 17 2 1 4 2 1 1 3 7 |1 7 1 1 6 1 15 8 1 4 2 12 2 1 13 1 |9 1 20 2 2 5 2 6 1 6 14 1 6 2 15 1 |4 1 7 5 1 14 4 6 1 15 15 1 1 1 1 17 |13 1 1 2 1 7 1 13 4 1 1 1 2 1 3 1 |
11953: 1 12 13 1 1 16 9 2 6 1 1 1 8 1 16 13 |34 11 1 7 2 1 1 1 16 15 10 12 13 1 1 14 |199 33 11 9 10 1 13 29 4 9 12 13 14 4 11 7 |156 27 18 10 22 7 7 24 17 16 21 1 16 12 22 1 |17 8 1 10 19 1 3 3 7 11 5 1 2 7 1 2 |1 1 3 3 3 7 1 12 8 2 1 2 1 4 1 1 |12 13 1 7 2 1 1 12 12 1 1 8 10 1 15 1 |1 8 9 1 3 1 7 17 2 1 4 2 1 1 3 7 |1 7 1 1 6 1 15 8 1 4 2 12 2 1 13 1 |9 1 20 2 2 5 2 6 1 6 14 1 6 2 15 1 |4 1 7 5 1 14 4 6 1 15 15 1 1 1 1 17 |13 1 1 2 1 7 1 13 4 1 1 1 2 1 3 1 |
11964: 1 12 13 1 1 16 9 2 6 1 1 1 8 1 16 13 |34 11 1 7 2 1 1 1 16 15 10 12 13 1 1 14 |199 33 11 9 10 1 13 29 4 9 12 13 14 4 11 7 |156 27 18 10 22 7 7 24 17 16 21 1 16 12 22 1 |17 8 1 10 19 1 3 3 7 11 5 1 2 7 1 2 |1 1 3 3 3 7 1 12 8 2 1 2 1 4 1 1 |12 13 1 7 2 1 1 12 12 1 1 8 10 1 15 1 |1 8 9 1 3 1 7 17 2 1 4 2 1 1 3 7 |1 7 1 1 6 1 15 8 1 4 2 12 2 1 13 1 |9 1 20 2 2 5 2 6 1 6 14 1 6 2 15 1 |4 1 7 5 1 14 4 6 1 15 15 1 1 1 1 17 |13 1 1 2 1 7 1 13 4 1 1 1 2 1 3 1 |
11975: 1 12 13 1 1 16 9 2 6 1 1 1 8 1 16 13 |34 11 1 7 2 1 1 1 16 15 10 12 13 1 1 14 |199 33 11 9 10 1 13 29 4 9 12 13 14 4 11 7 |4 4 15 1 15 1 1 12 1 7 10 1 1 1 1 1 |17 8 1 10 19 1 3 3 7 11 5 1 2 7 1 2 |1 1 3 3 3 7 1 12 8 2 1 2 1 4 1 1 |12 13 1 7 2 1 1 12 12 1 1 8 10 1 15 1 |1 8 9 1 3 1 7 17 2 1 4 2 1 1 3 7 |1 7 1 1 6 1 15 8 1 4 2 12 2 1 13 1 |9 1 20 2 2 5 2 6 1 6 14 1 6 2 15 1 |4 1 7 5 1 14 4 6 1 15 15 1 1 1 1 17 |13 1 1 2 1 7 1 13 4 1 1 1 2 1 3 1 |
11986: 1 12 13 1 1 16 9 2 6 1 1 1 8 1 16 13 |34 11 1 7 2 1 1 1 16 15 10 12 13 1 1 14 |199 33 11 9 10 1 13 29 4 9 12 13 14 4 11 7 |4 4 15 1 15 1 1 12 1 7 10 1 1 1 1 1 |17 8 1 10 19 1 3 3 7 11 5 1 2 7 1 2 |1 1 3 3 3 7 1 12 8 2 1 2 1 4 1 1 |12 13 1 7 2 1 1 12 12 1 1 8 10 1 15 1 |1 8 9 1 3 1 7 17 2 1 4 2 1 1 3 7 |1 7 1 1 6 1 15 8 1 4 2 12 2 1 13 1 |9 1 20 2 2 5 2 6 1 6 14 1 6 2 15 1 |4 1 7 5 1 14 4 6 1 15 15 1 1 1 1 17 |13 1 1 2 1 7 1 13 4 1 1 1 2 1 3 1 |
11997: 1 12 13 1 1 16 9 2 6 1 1 1 8 1 16 13 |34 11 1 7 2 1 1 1 16 15 10 12 13 1 1 14 |199 33 11 9 10 1 13 29 4 9 12 13 14 4 11 7 |4 4 15 1 15 1 1 12 1 7 10 1 1 1 1 1 |17 8 1 10 19 1 3 3 7 11 5 1 2 7 1 2 |1 1 3 3 3 7 1 12 8 2 1 2 1 4 1 1 |12 13 1 7 2 1 1 12 12 1 1 8 10 1 15 1 |1 8 9 1 3 1 7 17 2 1 4 2 1 1 3 7 |1 7 1 1 6 1 15 8 1 4 2 12 2 1 13 1 |9 1 20 2 2 5 2 6 1 6 14 1 6 2 15 1 |4 1 7 5 1 14 4 6 1 15 15 1 1 1 1 17 |13 1 1 2 1 7 1 13 4 1 1 1 2 1 3 1 |
12008: 1 12 13 1 1 16 9 2 6 1 1 1 8 1 16 13 |34 11 1 7 2 1 1 1 16 15 10 12 13 1 1 14 |199 33 11 9 10 1 13 29 4 9 12 13 14 4 11 7 |3 2 16 1 6 3 5 7 4 13 15 1 8 5 10 1 |17 8 1 10 19 1 3 3 7 11 5 1 2 7 1 2 |1 1 3 3 3 7 1 12 8 2 1 2 1 4 1 1 |12 13 1 7 2 1 1 12 12 1 1 8 10 1 15 1 |1 8 9 1 3 1 7 17 2 1 4 2 1 1 3 7 |1 7 1 1 6 1 15 8 1 4 2 12 2 1 13 1 |9 1 20 2 2 5 2 6 1 6 14 1 6 2 15 1 |4 1 7 5 1 14 4 6 1 15 15 1 1 1 1 17 |13 1 1 2 1 7 1 13 4 1 1 1 2 1 3 1 |
12019: 1 12 13 1 1 16 9 2 6 1 1 1 8 1 16 13 |34 11 1 7 2 1 1 1 16 15 10 12 13 1 1 14 |199 33 11 9 10 1 13 29 4 9 12 13 14 4 11 7 |3 2 16 1 6 3 5 7 4 13 15 1 8 5 10 1 |1 1 1 1 6 2 2 2 2 1 1 1 1 1 1 2 |1 1 3 3 3 7 1 12 8 2 1 2 1 4 1 1 |12 13 1 7 2 1 1 12 12 1 1 8 10 1 15 1 |1 8 9 1 3 1 7 17 2 1 4 2 1 1 3 7 |1 7 1 1 6 1 15 8 1 4 2 12 2 1 13 1 |9 1 20 2 2 5 2 6 1 6 14 1 6 2 15 1 |4 1 7 5 1 14 4 6 1 15 15 1 1 1 1 17 |13 1 1 2 1 7 1 13 4 1 1 1 2 1 3 1 |
12030: 1 12 13 1 1 16 9 2 6 1 1 1 8 1 16 13 |34 11 1 7 2 1 1 1 16 15 10 12 13 1 1 14 |199 33 11 9 10 1 13 29 4 9 12 13 14 4 11 7 |3 2 16 1 6 3 5 7 4 13 15 1 8 5 10 1 |1 1 1 1 6 2 2 2 2 1 1 1 1 1 1 2 |1 1 3 3 3 7 1 12 8 2 1 2 1 4 1 1 |12 13 1 7 2 1 1 12 12 1 1 8 10 1 15 1 |1 8 9 1 3 1 7 17 2 1 4 2 1 1 3 7 |1 7 1 1 6 1 15 8 1 4 2 12 2 1 13 1 |9 1 20 2 2 5 2 6 1 6 14 1 6 2 15 1 |4 1 7 5 1 14 4 6 1 15 15 1 1 1 1 17 |13 1 1 2 1 7 1 13 4 1 1 1 2 1 3 1 |
12041: 1 12 13 1 1 16 9 2 6 1 1 1 8 1 16 13 |34 11 1 7 2 1 1 1 16 15 10 12 13 1 1 14 |12 21 12 3 11 1 15 19 1 1 1 1 4 6 1 3 |3 2 16 1 6 3 5 7 4 13 15 1 8 5 10 1 |1 1 1 1 6 2 2 2 2 1 1 1 1 1 1 2 |1 1 3 3 3 7 1 12 8 2 1 2 1 4 1 1 |12 13 1 7 2 1 1 12 12 1 1 8 10 1 15 1 |1 8 9 1 3 1 7 17 2 1 4 2 1 1 3 7 |1 7 1 1 6 1 15 8 1 4 2 12 2 1 13 1 |9 1 20 2 2 5 2 6 1 6 14 1 6 2 15 1 |4 1 7 5 1 14 4 6 1 15 15 1 1 1 1 17 |13 1 1 2 1 7 1 13 4 1 1 1 2 1 3 1 |
12052: 1 12 13 1 1 16 9 2 6 1 1 1 8 1 16 13 |34 11 1 7 2 1 1 1 16 15 10 12 13 1 1 14 |12 21 12 3 11 1 15 19 1 1 1 1 4 6 1 3 |3 2 16 1 6 3 5 7 4 13 15 1 8 5 10 1 |1 1 1 1 6 2 2 2 2 1 1 1 1 1 1 2 |1 1 3 3 3 7 1 12 8 2 1 2 1 4 1 1 |12 13 1 7 2 1 1 12 12 1 1 8 10 1 15 1 |1 8 9 1 3 1 7 17 2 1 4 2 1 1 3 7 |1 7 1 1 6 1 15 8 1 4 2 12 2 1 13 1 |9 1 20 2 2 5 2 6 1 6 14 1 6 2 15 1 |4 1 7 5 1 14 4 6 1 15 15 1 1 1 1 17 |13 1 1 2 1 7 1 13 4 1 1 1 2 1 3 1 |
12063: 1 12 13 1 1 16 9 2 6 1 1 1 8 1 16 13 |34 11 1 7 2 1 1 1 16 15 10 12 13 1 1 14 |12 21 12 3 11 1 15 19 1 1 1 1 4 6 1 3 |3 2 16 1 6 3 5 7 4 13 15 1 8 5 10 1 |1 1 1 1 6 2 2 2 2 1 1 1 1 1 1 2 |1 1 3 3 3 7 1 12 8 2 1 2 1 4 1 1 |12 13 1 7 2 1 1 12 12 1 1 8 10 1 15 1 |1 8 9 1 3 1 7 17 2 1 4 2 1 1 3 7 |1 7 1 1 6 1 15 8 1 4 2 12 2 1 13 1 |9 1 20 2 2 5 2 6 1 6 14 1 6 2 15 1 |4 1 7 5 1 14 4 6 1 15 15 1 1 1 1 17 |13 1 1 2 1 7 1 13 4 1 1 1 2 1 3 1 |
12074: 1 12 13 1 1 16 9 2 6 1 1 1 8 1 16 13 |34 11 1 7 2 1 1 1 16 15 10 12 13 1 1 14 |12 21 12 3 11 1 15 19 1 1 1 1 4 6 1 3 |3 2 16 1 6 3 5 7 4 13 15 1 8 5 10 1 |1 1 1 1 6 2 2 2 2 1 1 1 1 1 1 2 |1 1 3 3 3 7 1 12 8 2 1 2 1 4 1 1 |12 13 1 7 2 1 1 12 12 1 1 8 10 1 15 1 |1 8 9 1 3 1 7 17 2 1 4 2 1 1 3 7 |1 7 1 1 6 1 15 8 1 4 2 12 2 1 13 1 |9 1 20 2 2 5 2 6 1 6 14 1 6 2 15 1 |4 1 7 5 1 14 4 6 1 15 15 1 1 1 1 17 |13 1 1 2 1 7 1 13 4 1 1 1 2 1 3 1 |
12084: 1 12 13 1 1 16 9 2 6 1 1 1 8 1 16 13 |34 11 1 7 2 1 1 1 16 15 10 12 13 1 1 14 |12 21 12 3 11 1 15 19 1 1 1 1 4 6 1 3 |3 2 16 1 6 3 5 7 4 13 15 1 8 5 10 1 |1 1 1 1 6 2 2 2 2 1 1 1 1 1 1 2 |1 1 3 3 3 7 1 12 8 2 1 2 1 4 1 1 |12 13 1 7 2 1 1 12 12 1 1 8 10 1 15 1 |1 8 9 1 3 1 7 17 2 1 4 2 1 1 3 7 |1 7 1 1 6 1 15 8 1 4 2 12 2 1 13 1 |9 1 20 2 2 5 2 6 1 6 14 1 6 2 15 1 |4 1 7 5 1 14 4 6 1 15 15 1 1 1 1 17 |13 1 1 2 1 7 1 13 4 1 1 1 2 1 3 1 |
12095: 1 12 13 1 1 16 9 2 6 1 1 1 8 1 16 13 |34 11 1 7 2 1 1 1 16 15 10 12 13 1 1 14 |12 21 12 3 11 1 15 19 1 1 1 1 4 6 1 3 |3 2 16 1 6 3 5 7 4 13 15 1 8 5 10 1 |1 1 1 1 6 2 2 2 2 1 1 1 1 1 1 2 |1 1 3 3 3 7 1 12 8 2 1 2 1 4 1 1 |12 13 1 7 2 1 1 12 12 1 1 8 10 1 15 1 |1 8 9 1 3 1 7 17 2 1 4 2 1 1 3 7 |1 7 1 1 6 1 15 8 1 4 2 12 2 1 13 1 |9 1 20 2 2 5 2 6 1 6 14 1 6 2 15 1 |4 1 7 5 1 14 4 6 1 15 15 1 1 1 1 17 |13 1 1 2 1 7 1 13 4 1 1 1 2 1 3 1 |
12106: 1 12 13 1 1 16 9 2 6 1 1 1 8 1 16 13 |34 11 1 7 2 1 1 1 16 15 10 12 13 1 1 14 |12 21 12 3 11 1 15 19 1 1 1 1 4 6 1 3 |3 2 16 1 6 2 1 12 1 8 13 1 1 1 1 1 |1 1 1 1 6 2 2 2 2 1 1 1 1 1 1 2 |1 1 3 3 3 7 1 12 8 2 1 2 1 4 1 1 |12 13 1 7 2 1 1 12 12 1 1 8 10 1 15 1 |1 8 9 1 3 1 7 17 2 1 4 2 1 1 3 7 |1 7 1 1 6 1 15 8 1 4 2 12 2 1 13 1 |9 1 20 2 2 5 2 6 1 6 14 1 6 2 15 1 |4 1 7 5 1 14 4 6 1 15 15 1 1 1 1 17 |13 1 1 2 1 7 1 13 4 1 1 1 2 1 3 1 |
12117: 1 12 13 1 1 16 9 2 6 1 1 1 8 1 16 13 |34 11 1 7 2 1 1 1 16 15 10 12 13 1 1 14 |12 21 12 3 11 1 15 19 1 1 1 1 4 6 1 3 |3 2 16 1 6 2 1 12 1 8 13 1 1 1 1 1 |1 1 1 1 6 2 2 2 2 1 1 1 1 1 1 2 |1 1 3 3 3 7 1 12 8 2 1 2 1 4 1 1 |12 13 1 7 2 1 1 12 12 1 1 8 10 1 15 1 |1 8 9 1 3 1 7 17 2 1 4 2 1 1 3 7 |1 7 1 1 6 1 15 8 1 4 2 12 2 1 13 1 |9 1 20 2 2 5 2 6 1 6 14 1 6 2 15 1 |4 1 7 5 1 14 4 6 1 15 15 1 1 1 1 17 |13 1 1 2 1 7 1 13 4 1 1 1 2 1 3 1 |
12128: 1 12 13 1 1 16 9 2 6 1 1 1 8 1 16 13 |34 11 1 7 2 1 1 1 16 15 10 12 13 1 1 14 |12 21 12 3 11 1 15 19 1 1 1 1 4 6 1 3 |3 2 16 1 6 2 1 12 1 8 13 1 1 1 1 1 |1 1 1 1 6 2 2 2 2 1 1 1 1 1 1 2 |1 1 3 3 3 7 1 12 8 2 1 2 1 4 1 1 |12 13 1 7 2 1 1 12 12 1 1 8 10 1 15 1 |1 8 9 1 3 1 7 17 2 1 4 2 1 1 3 7 |1 7 1 1 6 1 15 8 1 4 2 12 2 1 13 1 |9 1 20 2 2 5 2 6 1 6 14 1 6 2 15 1 |4 1 7 5 1 14 4 6 1 15 15 1 1 1 1 17 |13 1 1 2 1 7 1 13 4 1 1 1 2 1 3 1 |
12139: 1 12 13 1 1 16 9 2 6 1 1 1 8 1 16 13 |34 11 1 7 2 1 1 1 16 15 10 12 13 1 1 14 |12 21 12 3 11 1 15 19 1 1 1 1 4 6 1 3 |1 3 1 2 16 2 1 11 1 8 12 1 1 1 4 1 |1 1 1 1 6 2 2 2 2 1 1 1 1 1 1 2 |1 1 3 3 3 7 1 12 8 2 1 2 1 4 1 1 |12 13 1 7 2 1 1 12 12 1 1 8 10 1 15 1 |1 8 9 1 3 1 7 17 2 1 4 2 1 1 3 7 |1 7 1 1 6 1 15 8 1 4 2 12 2 1 13 1 |9 1 20 2 2 5 2 6 1 6 14 1 6 2 15 1 |4 1 7 5 1 14 4 6 1 15 15 1 1 1 1 17 |13 1 1 2 1 7 1 13 4 1 1 1 2 1 3 1 |
12150: 1 12 13 1 1 16 9 2 6 1 1 1 8 1 16 13 |34 11 1 7 2 1 1 1 16 15 10 12 13 1 1 14 |12 21 12 3 11 1 15 19 1 1 1 1 4 6 1 3 |1 3 1 2 16 2 1 11 1 8 12 1 1 1 4 1 |1 1 1 1 1 2 1 2 1 1 4 2 1 1 1 1 |1 1 3 3 3 7 1 12 8 2 1 2 1 4 1 1 |12 13 1 7 2 1 1 12 12 1 1 8 10 1 15 1 |1 8 9 1 3 1 7 17 2 1 4 2 1 1 3 7 |1 7 1 1 6 1 15 8 1 4 2 12 2 1 13 1 |9 1 20 2 2 5 2 6 1 6 14 1 6 2 15 1 |4 1 7 5 1 14 4 6 1 15 15 1 1 1 1 17 |13 1 1 2 1 7 1 13 4 1 1 1 2 1 3 1 |
12161: 1 12 13 1 1 16 9 2 6 1 1 1 8 1 16 13 |34 11 1 7 2 1 1 1 16 15 10 12 13 1 1 14 |12 21 12 3 11 1 15 19 1 1 1 1 4 6 1 3 |1 3 1 2 16 2 1 11 1 8 12 1 1 1 4 1 |1 1 1 1 1 2 1 2 1 1 4 2 1 1 1 1 |1 1 3 3 3 7 1 12 8 2 1 2 1 4 1 1 |12 13 1 7 2 1 1 12 12 1 1 8 10 1 15 1 |1 8 9 1 3 1 7 17 2 1 4 2 1 1 3 7 |1 7 1 1 6 1 15 8 1 4 2 12 2 1 13 1 |9 1 20 2 2 5 2 6 1 6 14 1 6 2 15 1 |4 1 7 5 1 14 4 6 1 15 15 1 1 1 1 17 |13 1 1 2 1 7 1 13 4 1 1 1 2 1 3 1 |
12172: 1 12 13 1 1 16 9 2 6 1 1 1 8 1 16 13 |60 33 1 6 1 1 1 1 16 21 11 14 19 1 7 5 |12 21 12 3 11 1 15 19 1 1 1 1 4 6 1 3 |1 3 1 2 16 2 1 11 1 8 12 1 1 1 4 1 |1 1 1 1 1 2 1 2 1 1 4 2 1 1 1 1 |1 1 3 3 3 7 1 12 8 2 1 2 1 4 1 1 |12 13 1 7 2 1 1 12 12 1 1 8 10 1 15 1 |1 8 9 1 3 1 7 17 2 1 4 2 1 1 3 7 |1 7 1 1 6 1 15 8 1 4 2 12 2 1 13 1 |9 1 20 2 2 5 2 6 1 6 14 1 6 2 15 1 |4 1 7 5 1 14 4 6 1 15 15 1 1 1 1 17 |13 1 1 2 1 7 1 13 4 1 1 1 2 1 3 1 |
12183: 1 12 13 1 1 16 9 2 6 1 1 1 8 1 16 13 |60 33 1 6 1 1 1 1 16 21 11 14 19 1 7 5 |4 16 16 6 10 2 5 16 1 2 1 5 1 6 1 3 |1 3 1 2 16 2 1 11 1 8 12 1 1 1 4 1 |1 1 1 1 1 2 1 2 1 1 4 2 1 1 1 1 |1 1 3 3 3 7 1 12 8 2 1 2 1 4 1 1 |12 13 1 7 2 1 1 12 12 1 1 8 10 1 15 1 |1 8 9 1 3 1 7 17 2 1 4 2 1 1 3 7 |1 7 1 1 6 1 15 8 1 4 2 12 2 1 13 1 |9 1 20 2 2 5 2 6 1 6 14 1 6 2 15 1 |4 1 7 5 1 14 4 6 1 15 15 1 1 1 1 17 |13 1 1 2 1 7 1 13 4 1 1 1 2 1 3 1 |
12194: 1 12 13 1 1 16 9 2 6 1 1 1 8 1 16 13 |60 33 1 6 1 1 1 1 16 21 11 14 19 1 7 5 |4 16 16 6 10 2 5 16 1 2 1 5 1 6 1 3 |1 3 1 2 16 2 1 11 1 8 12 1 1 1 4 1 |1 1 1 1 1 2 1 2 1 1 4 2 1 1 1 1 |1 1 3 3 3 7 1 12 8 2 1 2 1 4 1 1 |12 13 1 7 2 1 1 12 12 1 1 8 10 1 15 1 |1 8 9 1 3 1 7 17 2 1 4 2 1 1 3 7 |1 7 1 1 6 1 15 8 1 4 2 12 2 1 13 1 |9 1 20 2 2 5 2 6 1 6 14 1 6 2 15 1 |4 1 7 5 1 14 4 6 1 15 15 1 1 1 1 17 |13 1 1 2 1 7 1 13 4 1 1 1 2 1 3 1 |
12205: 5 9 10 1 4 23 10 1 1 1 1 3 11 4 19 17 |60 33 1 6 1 1 1 1 16 21 11 14 19 1 7 5 |4 16 16 6 10 2 5 16 1 2 1 5 1 6 1 3 |1 3 1 2 16 2 1 11 1 8 12 1 1 1 4 1 |1 1 1 1 1 2 1 2 1 1 4 2 1 1 1 1 |1 1 3 3 3 7 1 12 8 2 1 2 1 4 1 1 |12 13 1 7 2 1 1 12 12 1 1 8 10 1 15 1 |1 8 9 1 3 1 7 17 2 1 4 2 1 1 3 7 |1 7 1 1 6 1 15 8 1 4 2 12 2 1 13 1 |9 1 20 2 2 5 2 6 1 6 14 1 6 2 15 1 |4 1 7 5 1 14 4 6 1 15 15 1 1 1 1 17 |13 1 1 2 1 7 1 13 4 1 1 1 2 1 3 1 |
12216: 5 9 10 1 4 23 10 1 1 1 1 3 11 4 19 17 |60 33 1 6 1 1 1 1 16 21 11 14 19 1 7 5 |4 16 16 6 10 2 5 16 1 2 1 5 1 6 1 3 |1 3 1 2 16 2 1 11 1 8 12 1 1 1 4 1 |1 1 1 1 1 2 1 2 1 1 4 2 1 1 1 1 |1 1 3 3 3 7 1 12 8 2 1 2 1 4 1 1 |12 13 1 7 2 1 1 12 12 1 1 8 10 1 15 1 |1 8 9 1 3 1 7 17 2 1 4 2 1 1 3 7 |1 7 1 1 6 1 15 8 1 4 2 12 2 1 13 1 |9 1 20 2 2 5 2 6 1 6 14 1 6 2 15 1 |1 1 7 1 1 1 3 6 1 1 3 1 1 1 4 14 |13 1 1 2 1 7 1 13 4 1 1 1 2 1 3 1 |
12227: 5 9 10 1 4 23 10 1 1 1 1 3 11 4 19 17 |60 33 1 6 1 1 1 1 16 21 11 14 19 1 7 5 |4 16 16 6 10 2 5 16 1 2 1 5 1 6 1 3 |1 3 1 2 16 2 1 11 1 8 12 1 1 1 4 1 |1 1 1 1 1 2 1 2 1 1 4 2 1 1 1 1 |1 1 3 3 3 7 1 12 8 2 1 2 1 4 1 1 |12 13 1 7 2 1 1 12 12 1 1 8 10 1 15 1 |1 8 9 1 3 1 7 17 2 1 4 2 1 1 3 7 |1 7 1 1 6 1 15 8 1 4 2 12 2 1 13 1 |9 1 20 2 2 5 2 6 1 6 14 1 6 2 15 1 |1 1 7 1 1 1 3 6 1 1 3 1 1 1 4 14 |13 1 1 2 1 7 1 13 4 1 1 1 2 1 3 1 |
12238: 5 9 10 1 4 23 10 1 1 1 1 3 11 4 19 17 |60 33 1 6 1 1 1 1 16 21 11 14 19 1 7 5 |4 16 16 6 10 2 5 16 1 2 1 5 1 6 1 3 |1 3 1 2 16 2 1 11 1 8 12 1 1 1 4 1 |1 1 1 1 1 2 1 2 1 1 4 2 1 1 1 1 |1 1 3 3 3 7 1 12 8 2 1 2 1 4 1 1 |12 13 1 7 2 1 1 12 12 1 1 8 10 1 15 1 |1 8 9 1 3 1 7 17 2 1 4 2 1 1 3 7 |1 7 1 1 6 1 15 8 1 4 2 12 2 1 13 1 |9 1 20 2 2 5 2 6 1 6 14 1 6 2 15 1 |1 1 7 1 1 1 3 6 1 1 3 1 1 1 4 14 |13 1 1 2 1 7 1 13 4 1 1 1 2 1 3 1 |
12249: 5 9 10 1 4 23 10 1 1 1 1 3 11 4 19 17 |60 33 1 6 1 1 1 1 16 21 11 14 19 1 7 5 |4 16 16 6 10 2 5 16 1 2 1 5 1 6 1 3 |1 3 1 2 16 2 1 11 1 8 12 1 1 1 4 1 |1 1 1 1 1 2 1 2 1 1 4 2 1 1 1 1 |1 1 3 3 3 7 1 12 8 2 1 2 1 4 1 1 |12 13 1 7 2 1 1 12 12 1 1 8 10 1 15 1 |1 8 9 1 3 1 7 17 2 1 4 2 1 1 3 7 |1 7 1 1 6 1 15 8 1 4 2 12 2 1 13 1 |9 1 20 2 2 5 2 6 1 6 14 1 6 2 15 1 |1 1 1 7 2 1 3 6 1 14 3 1 3 1 5 15 |13 1 1 2 1 7 1 13 4 1 1 1 2 1 3 1 |
12260: 5 9 10 1 4 23 10 1 1 1 1 3 11 4 19 17 |60 33 1 6 1 1 1 1 16 21 11 14 19 1 7 5 |4 16 16 6 10 2 5 16 1 2 1 5 1 6 1 3 |1 3 1 2 16 2 1 11 1 8 12 1 1 1 4 1 |1 1 1 1 1 2 1 2 1 1 4 2 1 1 1 1 |1 1 3 3 3 7 1 12 8 2 1 2 1 4 1 1 |12 13 1 7 2 1 1 12 12 1 1 8 10 1 15 1 |1 8 9 1 3 1 7 17 2 1 4 2 1 1 3 7 |1 7 1 1 6 1 15 8 1 4 2 12 2 1 13 1 |9 1 20 2 2 5 2 6 1 6 14 1 6 2 15 1 |1 1 1 7 2 1 3 6 1 14 3 1 3 1 5 15 |13 1 1 2 1 7 1 13 4 1 1 1 2 1 3 1 |
12271: 5 9 10 1 4 23 10 1 1 1 1 3 11 4 19 17 |60 33 1 6 1 1 1 1 16 21 11 14 19 1 7 5 |4 16 16 6 10 2 5 16 1 2 1 5 1 6 1 3 |1 3 1 2 16 2 1 11 1 8 12 1 1 1 4 1 |1 1 1 1 1 2 1 2 1 1 4 2 1 1 1 1 |1 1 3 3 3 7 1 12 8 2 1 2 1 4 1 1 |12 13 1 7 2 1 1 12 12 1 1 8 10 1 15 1 |1 8 9 1 3 1 7 17 2 1 4 2 1 1 3 7 |1 7 1 1 6 1 15 8 1 4 2 12 2 1 13 1 |9 1 20 2 2 5 2 6 1 6 14 1 6 2 15 1 |1 1 1 7 2 1 3 6 1 14 3 1 3 1 5 15 |13 1 1 2 1 7 1 13 4 1 1 1 2 1 3 1 |
12282: 5 9 10 1 4 23 10 1 1 1 1 3 11 4 19 17 |60 33 1 6 1 1 1 1 16 21 11 14 19 1 7 5 |4 16 16 6 10 2 5 16 1 2 1 5 1 6 1 3 |1 3 1 2 16 2 1 11 1 8 12 1 1 1 4 1 |1 1 1 1 1 2 1 2 1 1 4 2 1 1 1 1 |1 1 3 3 3 7 1 12 8 2 1 2 1 4 1 1 |12 13 1 7 2 1 1 12 12 1 1 8 10 1 15 1 |1 8 9 1 3 1 7 17 2 1 4 2 1 1 3 7 |1 7 1 1 6 1 15 8 1 4 2 12 2 1 13 1 |1 10 8 1 2 2 2 6 2 5 14 1 6 2 3 1 |1 1 1 7 2 1 3 6 1 14 3 1 3 1 5 15 |13 1 1 2 1 7 1 13 4 1 1 1 2 1 3 1 |
12293: 5 9 10 1 4 23 10 1 1 1 1 3 11 4 19 17 |60 33 1 6 1 1 1 1 16 21 11 14 19 1 7 5 |4 16 16 6 10 2 5 16 1 2 1 5 1 6 1 3 |1 3 1 2 16 2 1 11 1 8 12 1 1 1 4 1 |1 1 1 1 1 2 1 2 1 1 4 2 1 1 1 1 |1 1 3 3 3 7 1 12 8 2 1 2 1 4 1 1 |12 13 1 7 2 1 1 12 12 1 1 8 10 1 15 1 |1 8 9 1 3 1 7 17 2 1 4 2 1 1 3 7 |1 7 1 1 6 1 15 8 1 4 2 12 2 1 13 1 |1 10 8 1 2 2 2 6 2 5 14 1 6 2 3 1 |1 1 1 7 2 1 3 6 1 14 3 1 3 1 5 15 |13 1 1 2 1 7 1 13 4 1 1 1 2 1 3 1 |
12304: 5 9 10 1 4 23 10 1 1 1 1 3 11 4 19 17 |60 33 1 6 1 1 1 1 16 21 11 14 19 1 7 5 |4 16 16 6 10 2 5 16 1 2 1 5 1 6 1 3 |1 3 1 2 16 2 1 11 1 8 12 1 1 1 4 1 |1 1 1 1 1 2 1 2 1 1 4 2 1 1 1 1 |1 1 3 3 3 7 1 12 8 2 1 2 1 4 1 1 |12 13 1 7 2 1 1 12 12 1 1 8 10 1 15 1 |1 8 9 1 3 1 7 17 2 1 4 2 1 1 3 7 |1 7 1 1 6 1 15 8 1 4 2 12 2 1 13 1 |1 10 8 1 2 2 2 6 2 5 14 1 6 2 3 1 |1 1 1 7 2 1 3 6 1 14 3 1 3 1 5 15 |13 1 1 2 1 7 1 13 4 1 1 1 2 1 3 1 |
12315: 5 9 10 1 4 23 10 1 1 1 1 3 11 4 19 17 |60 33 1 6 1 1 1 1 16 21 11 14 19 1 7 5 |4 16 16 6 10 2 5 16 1 2 1 5 1 6 1 3 |1 3 1 2 16 2 1 11 1 8 12 1 1 1 4 1 |1 1 1 1 1 2 1 2 1 1 4 2 1 1 1 1 |1 1 3 3 3 7 1 12 8 2 1 2 1 4 1 1 |12 13 1 7 2 1 1 12 12 1 1 8 10 1 15 1 |1 8 9 1 3 1 7 17 2 1 4 2 1 1 3 7 |1 7 1 1 6 1 15 8 1 4 2 12 2 1 13 1 |1 10 8 1 2 2 2 6 2 5 14 1 6 2 3 1 |1 1 1 7 2 1 3 6 1 14 3 1 3 1 5 15 |13 1 1 2 1 7 1 13 4 1 1 1 2 1 3 1 |
12326: 5 9 10 1 4 23 10 1 1 1 1 3 11 4 19 17 |60 33 1 6 1 1 1 1 16 21 11 14 19 1 7 5 |4 16 16 6 10 2 5 16 1 2 1 5 1 6 1 3 |1 3 1 2 16 2 1 11 1 8 12 1 1 1 4 1 |1 1 1 1 1 2 1 2 1 1 4 2 1 1 1 1 |1 1 3 3 3 7 1 12 8 2 1 2 1 4 1 1 |12 13 1 7 2 1 1 12 12 1 1 8 10 1 15 1 |1 8 9 1 3 1 7 17 2 1 4 2 1 1 3 7 |1 7 1 1 6 1 15 8 1 4 2 12 2 1 13 1 |1 10 8 1 2 2 2 6 2 5 14 1 6 2 3 1 |1 1 1 7 2 1 3 6 1 14 3 1 3 1 5 15 |13 1 1 2 1 7 1 13 4 1 1 1 2 1 3 1 |
12337: 5 9 10 1 4 23 10 1 1 1 1 3 11 4 19 17 |60 33 1 6 1 1 1 1 16 21 11 14 19 1 7 5 |4 16 16 6 10 2 5 16 1 2 1 5 1 6 1 3 |1 3 1 2 16 2 1 11 1 8 12 1 1 1 4 1 |1 1 1 1 1 2 1 2 1 1 4 2 1 1 1 1 |1 1 3 3 3 7 1 12 8 2 1 2 1 4 1 1 |12 13 1 7 2 1 1 12 12 1 1 8 10 1 15 1 |1 8 9 1 3 1 7 17 2 1 4 2 1 1 3 7 |1 7 1 1 6 1 15 8 1 4 2 12 2 1 13 1 |1 10 8 1 2 2 2 6 2 5 14 1 6 2 3 1 |1 1 1 7 2 1 3 6 1 14 3 1 3 1 5 15 |13 1 1 2 1 7 1 13 4 1 1 1 2 1 3 1 |
12348: 5 9 10 1 4 23 10 1 1 1 1 3 11 4 19 17 |60 33 1 6 1 1 1 1 16 21 11 14 19 1 7 5 |4 16 16 6 10 2 5 16 1 2 1 5 1 6 1 3 |1 3 1 2 16 2 1 11 1 8 12 1 1 1 4 1 |1 1 1 1 1 2 1 2 1 1 4 2 1 1 1 1 |1 1 3 3 3 7 1 12 8 2 1 2 1 4 1 1 |12 13 1 7 2 1 1 12 12 1 1 8 10 1 15 1 |4 1 1 1 3 1 6 17 8 1 1 2 2 1 3 7 |1 7 1 1 6 1 15 8 1 4 2 12 2 1 13 1 |1 10 8 1 2 2 2 6 2 5 14 1 6 2 3 1 |1 1 1 7 2 1 3 6 1 14 3 1 3 1 5 15 |13 1 1 2 1 7 1 13 4 1 1 1 2 1 3 1 |
12359: 5 9 10 1 4 23 10 1 1 1 1 3 11 4 19 17 |60 33 1 6 1 1 1 1 16 21 11 14 19 1 7 5 |4 16 16 6 10 2 5 16 1 2 1 5 1 6 1 3 |1 3 1 2 16 2 1 11 1 8 12 1 1 1 4 1 |1 1 1 1 1 2 1 2 1 1 4 2 1 1 1 1 |1 1 3 3 3 7 1 12 8 2 1 2 1 4 1 1 |12 13 1 7 2 1 1 12 12 1 1 8 10 1 15 1 |4 1 1 1 3 1 6 17 8 1 1 2 2 1 3 7 |1 7 1 1 6 1 15 8 1 4 2 12 2 1 13 1 |1 10 8 1 2 2 2 6 2 5 14 1 6 2 3 1 |1 1 1 7 2 1 3 6 1 14 3 1 3 1 5 15 |13 1 1 2 1 7 1 13 4 1 1 1 2 1 3 1 |
12370: 165 29 13 1 1 11 14 9 14 10 4 10 14 1 26 16 |60 33 1 6 1 1 1 1 16 21 11 14 19 1 7 5 |4 16 16 6 10 2 5 16 1 2 1 5 1 6 1 3 |1 3 1 2 16 2 1 11 1 8 12 1 1 1 4 1 |1 1 1 1 1 2 1 2 1 1 4 2 1 1 1 1 |1 1 3 3 3 7 1 12 8 2 1 2 1 4 1 1 |12 13 1 7 2 1 1 12 12 1 1 8 10 1 15 1 |4 1 1 1 3 1 6 17 8 1 1 2 2 1 3 7 |1 7 1 1 6 1 15 8 1 4 2 12 2 1 13 1 |1 10 8 1 2 2 2 6 2 5 14 1 6 2 3 1 |1 1 1 7 2 1 3 6 1 14 3 1 3 1 5 15 |13 1 1 2 1 7 1 13 4 1 1 1 2 1 3 1 |
12381: 165 29 13 1 1 11 14 9 14 10 4 10 14 1 26 16 |60 33 1 6 1 1 1 1 16 21 11 14 19 1 7 5 |4 16 16 6 10 2 5 16 1 2 1 5 1 6 1 3 |1 3 1 2 16 2 1 11 1 8 12 1 1 1 4 1 |1 1 1 1 1 2 1 2 1 1 4 2 1 1 1 1 |1 1 3 3 3 7 1 12 8 2 1 2 1 4 1 1 |12 13 1 7 2 1 1 12 12 1 1 8 10 1 15 1 |4 1 1 1 3 1 6 17 8 1 1 2 2 1 3 7 |1 7 1 2 8 1 15 13 6 1 1 6 1 1 1 1 |1 10 8 1 2 2 2 6 2 5 14 1 6 2 3 1 |1 1 1 7 2 1 3 6 1 14 3 1 3 1 5 15 |13 1 1 2 1 7 1 13 4 1 1 1 2 1 3 1 |
12392: 165 29 13 1 1 11 14 9 14 10 4 10 14 1 26 16 |60 33 1 6 1 1 1 1 16 21 11 14 19 1 7 5 |4 16 16 6 10 2 5 16 1 2 1 5 1 6 1 3 |1 3 1 2 16 2 1 11 1 8 12 1 1 1 4 1 |1 1 1 1 1 2 1 2 1 1 4 2 1 1 1 1 |1 1 3 3 3 7 1 12 8 2 1 2 1 4 1 1 |12 13 1 7 2 1 1 12 12 1 1 8 10 1 15 1 |4 1 1 1 3 1 6 17 8 1 1 2 2 1 3 7 |1 7 1 2 8 1 15 13 6 1 1 6 1 1 1 1 |1 10 8 1 2 2 2 6 2 5 14 1 6 2 3 1 |1 1 1 7 2 1 3 6 1 14 3 1 3 1 5 15 |13 1 1 2 1 7 1 13 4 1 1 1 2 1 3 1 |
12403: 165 29 13 1 1 11 14 9 14 10 4 10 14 1 26 16 |60 33 1 6 1 1 1 1 16 21 11 14 19 1 7 5 |4 16 16 6 10 2 5 16 1 2 1 5 1 6 1 3 |1 3 1 2 16 2 1 11 1 8 12 1 1 1 4 1 |1 1 1 1 1 2 1 2 1 1 4 2 1 1 1 1 |1 1 3 3 3 7 1 12 8 2 1 2 1 4 1 1 |12 13 1 7 2 1 1 12 12 1 1 8 10 1 15 1 |4 1 1 1 3 1 6 17 8 1 1 2 2 1 3 7 |1 7 1 2 8 1 15 13 6 1 1 6 1 1 1 1 |1 10 8 1 2 2 2 6 2 5 14 1 6 2 3 1 |1 1 1 7 2 1 3 6 1 14 3 1 3 1 5 15 |13 1 1 2 1 7 1 13 4 1 1 1 2 1 3 1 |
12414: 165 29 13 1 1 11 14 9 14 10 4 10 14 1 26 16 |60 33 1 6 1 1 1 1 16 21 11 14 19 1 7 5 |4 16 16 6 10 2 5 16 1 2 1 5 1 6 1 3 |1 3 1 2 16 2 1 11 1 8 12 1 1 1 4 1 |1 1 1 1 1 2 1 2 1 1 4 2 1 1 1 1 |1 1 3 3 3 7 1 12 8 2 1 2 1 4 1 1 |12 13 1 7 2 1 1 12 12 1 1 8 10 1 15 1 |4 1 1 1 3 1 6 17 8 1 1 2 2 1 3 7 |1 2 5 2 6 1 15 13 9 1 1 6 1 8 9 1 |1 10 8 1 2 2 2 6 2 5 14 1 6 2 3 1 |1 1 1 7 2 1 3 6 1 14 3 1 3 1 5 15 |13 1 1 2 1 7 1 13 4 1 1 1 2 1 3 1 |
12425: 165 29 13 1 1 11 14 9 14 10 4 10 14 1 26 16 |60 33 1 6 1 1 1 1 16 21 11 14 19 1 7 5 |4 16 16 6 10 2 5 16 1 2 1 5 1 6 1 3 |1 3 1 2 16 2 1 11 1 8 12 1 1 1 4 1 |1 1 1 1 1 2 1 2 1 1 4 2 1 1 1 1 |1 1 3 3 3 7 1 12 8 2 1 2 1 4 1 1 |12 13 1 7 2 1 1 12 12 1 1 8 10 1 15 1 |4 1 1 1 3 1 6 17 8 1 1 2 2 1 3 7 |1 2 5 2 6 1 15 13 9 1 1 6 1 8 9 1 |1 10 7 1 1 2 2 6 1 7 1 1 4 2 3 1 |1 1 1 7 2 1 3 6 1 14 3 1 3 1 5 15 |13 1 1 2 1 7 1 13 4 1 1 1 2 1 3 1 |
12436: 165 29 13 1 1 11 14 9 14 10 4 10 14 1 26 16 |33 18 1 6 1 1 1 1 15 7 1 14 25 1 1 3 |4 16 16 6 10 2 5 16 1 2 1 5 1 6 1 3 |1 3 1 2 16 2 1 11 1 8 12 1 1 1 4 1 |1 1 1 1 1 2 1 2 1 1 4 2 1 1 1 1 |1 1 3 3 3 7 1 12 8 2 1 2 1 4 1 1 |12 13 1 7 2 1 1 12 12 1 1 8 10 1 15 1 |4 1 1 1 3 1 6 17 8 1 1 2 2 1 3 7 |1 2 5 2 6 1 15 13 9 1 1 6 1 8 9 1 |1 10 7 1 1 2 2 6 1 7 1 1 4 2 3 1 |1 1 1 7 2 1 3 6 1 14 3 1 3 1 5 15 |13 1 1 2 1 7 1 13 4 1 1 1 2 1 3 1 |
12447: 165 29 13 1 1 11 14 9 14 10 4 10 14 1 26 16 |33 18 1 6 1 1 1 1 15 7 1 14 25 1 1 3 |9 15 14 14 7 4 13 18 8 3 1 5 1 5 1 4 |1 3 1 2 16 2 1 11 1 8 12 1 1 1 4 1 |1 1 1 1 1 2 1 2 1 1 4 2 1 1 1 1 |1 1 3 3 3 7 1 12 8 2 1 2 1 4 1 1 |12 13 1 7 2 1 1 12 12 1 1 8 10 1 15 1 |4 1 1 1 3 1 6 17 8 1 1 2 2 1 3 7 |1 2 5 2 6 1 15 13 9 1 1 6 1 8 9 1 |1 10 7 1 1 2 2 6 1 7 1 1 4 2 3 1 |1 1 1 7 2 1 3 6 1 14 3 1 3 1 5 15 |13 1 1 2 1 7 1 13 4 1 1 1 2 1 3 1 |
12457: 165 29 13 1 1 11 14 9 14 10 4 10 14 1 26 16 |33 18 1 6 1 1 1 1 15 7 1 14 25 1 1 3 |9 15 14 14 7 4 13 18 8 3 1 5 1 5 1 4 |1 3 1 2 16 2 1 11 1 8 12 1 1 1 4 1 |1 1 1 1 1 2 1 2 1 1 4 2 1 1 1 1 |1 1 3 3 3 7 1 12 8 2 1 2 1 4 1 1 |12 13 1 7 2 1 1 12 12 1 1 8 10 1 15 1 |4 1 1 1 3 1 6 17 8 1 1 2 2 1 3 7 |1 2 5 2 6 1 15 13 9 1 1 6 1 8 9 1 |1 10 7 1 1 2 2 6 1 7 1 1 4 2 3 1 |1 1 1 7 2 1 3 6 1 14 3 1 3 1 5 15 |13 1 1 2 1 7 1 13 4 1 1 1 2 1 3 1 |
12468: 165 29 13 1 1 11 14 9 14 10 4 10 14 1 26 16 |33 18 1 6 1 1 1 1 15 7 1 14 25 1 1 3 |1 15 13 2 7 1 14 18 3 4 2 1 1 5 1 2 |1 3 1 2 16 2 1 11 1 8 12 1 1 1 4 1 |1 1 1 1 1 2 1 2 1 1 4 2 1 1 1 1 |1 1 3 3 3 7 1 12 8 2 1 2 1 4 1 1 |12 13 1 7 2 1 1 12 12 1 1 8 10 1 15 1 |4 1 1 1 3 1 6 17 8 1 1 2 2 1 3 7 |1 2 5 2 6 1 15 13 9 1 1 6 1 8 9 1 |1 10 7 1 1 2 2 6 1 7 1 1 4 2 3 1 |1 1 1 7 2 1 3 6 1 14 3 1 3 1 5 15 |13 1 1 2 1 7 1 13 4 1 1 1 2 1 3 1 |
12479: 165 29 13 1 1 11 14 9 14 10 4 10 14 1 26 16 |33 18 1 6 1 1 1 1 15 7 1 14 25 1 1 3 |1 15 13 2 7 1 14 18 3 4 2 1 1 5 1 2 |1 3 1 2 16 2 1 11 1 8 12 1 1 1 4 1 |1 1 1 1 1 2 1 2 1 1 4 2 1 1 1 1 |1 1 3 3 3 7 1 12 8 2 1 2 1 4 1 1 |12 13 1 7 2 1 1 12 12 1 1 8 10 1 15 1 |4 1 1 1 3 1 6 17 8 1 1 2 2 1 3 7 |3 2 1 1 10 1 15 13 10 2 1 6 1 8 8 1 |1 10 7 1 1 2 2 6 1 7 1 1 4 2 3 1 |1 1 1 7 2 1 3 6 1 14 3 1 3 1 5 15 |13 1 1 2 1 7 1 13 4 1 1 1 2 1 3 1 |
12490: 165 29 13 1 1 11 14 9 14 10 4 10 14 1 26 16 |33 18 1 6 1 1 1 1 15 7 1 14 25 1 1 3 |1 15 13 2 7 1 14 18 3 4 2 1 1 5 1 2 |1 3 1 2 16 2 1 11 1 8 12 1 1 1 4 1 |1 1 1 1 1 2 1 2 1 1 4 2 1 1 1 1 |1 1 3 3 3 7 1 12 8 2 1 2 1 4 1 1 |12 13 1 7 2 1 1 12 12 1 1 8 10 1 15 1 |4 1 1 1 3 1 6 17 8 1 1 2 2 1 3 7 |3 2 1 1 10 1 15 13 10 2 1 6 1 8 8 1 |1 10 7 1 1 2 2 6 1 7 1 1 4 2 3 1 |1 1 1 7 2 1 3 6 1 14 3 1 3 1 5 15 |13 1 1 2 1 7 1 13 4 1 1 1 2 1 3 1 |
12501: 165 29 13 1 1 11 14 9 14 10 4 10 14 1 26 16 |33 18 1 6 1 1 1 1 15 7 1 14 25 1 1 3 |1 15 13 2 7 1 14 18 3 4 2 1 1 5 1 2 |1 3 1 2 16 2 1 11 1 8 12 1 1 1 4 1 |1 1 1 1 1 2 1 2 1 1 4 2 1 1 1 1 |1 1 3 3 3 7 1 12 8 2 1 2 1 4 1 1 |12 13 1 7 2 1 1 12 12 1 1 8 10 1 15 1 |4 1 1 1 3 1 6 17 8 1 1 2 2 1 3 7 |3 2 1 1 10 1 15 13 10 2 1 6 1 8 8 1 |1 10 7 1 1 2 2 6 1 7 1 1 4 2 3 1 |1 1 1 7 2 1 3 6 1 14 3 1 3 1 5 15 |13 1 1 2 1 7 1 13 4 1 1 1 2 1 3 1 |
12512: 165 29 13 1 1 11 14 9 14 10 4 10 14 1 26 16 |33 18 1 6 1 1 1 1 15 7 1 14 25 1 1 3 |1 15 13 2 7 1 14 18 3 4 2 1 1 5 1 2 |1 3 1 2 16 2 1 11 1 8 12 1 1 1 4 1 |1 1 1 1 1 2 1 2 1 1 4 2 1 1 1 1 |1 1 3 3 3 7 1 12 8 2 1 2 1 4 1 1 |12 13 1 7 2 1 1 12 12 1 1 8 10 1 15 1 |4 1 1 1 3 1 6 17 8 1 1 2 2 1 3 7 |3 2 1 1 10 1 15 13 10 2 1 6 1 8 8 1 |1 10 7 1 1 2 2 6 1 7 1 1 4 2 3 1 |1 1 1 7 2 1 3 6 1 14 3 1 3 1 5 15 |13 1 1 2 1 7 1 13 4 1 1 1 2 1 3 1 |
12523: 165 29 13 1 1 11 14 9 14 10 4 10 14 1 26 16 |33 18 1 6 1 1 1 1 15 7 1 14 25 1 1 3 |1 15 13 2 7 1 14 18 3 4 2 1 1 5 1 2 |1 3 1 2 16 2 1 11 1 8 12 1 1 1 4 1 |1 1 1 1 1 2 1 2 1 1 4 2 1 1 1 1 |1 1 3 3 3 7 1 12 8 2 1 2 1 4 1 1 |12 13 1 7 2 1 1 12 12 1 1 8 10 1 15 1 |4 1 1 1 3 1 6 17 8 1 1 2 2 1 3 7 |3 2 1 1 10 1 15 13 10 2 1 6 1 8 8 1 |1 10 7 1 1 2 2 6 1 7 1 1 4 2 3 1 |1 1 1 7 2 1 3 6 1 14 3 1 3 1 5 15 |13 1 1 2 1 7 1 13 4 1 1 1 2 1 3 1 |
12534: 165 29 13 1 1 11 14 9 14 10 4 10 14 1 26 16 |33 18 1 6 1 1 1 1 15 7 1 14 25 1 1 3 |1 15 13 2 7 1 14 18 3 4 2 1 1 5 1 2 |1 3 1 2 16 2 1 11 1 8 12 1 1 1 4 1 |1 1 1 1 1 2 1 2 1 1 4 2 1 1 1 1 |1 8 3 7 3 11 1 12 10 1 1 1 1 5 1 2 |12 13 1 7 2 1 1 12 12 1 1 8 10 1 15 1 |4 1 1 1 3 1 6 17 8 1 1 2 2 1 3 7 |3 2 1 1 10 1 15 13 10 2 1 6 1 8 8 1 |1 10 7 1 1 2 2 6 1 7 1 1 4 2 3 1 |1 1 1 7 2 1 3 6 1 14 3 1 3 1 5 15 |13 1 1 2 1 7 1 13 4 1 1 1 2 1 3 1 |
12545: 165 29 13 1 1 11 14 9 14 10 4 10 14 1 26 16 |33 18 1 6 1 1 1 1 15 7 1 14 25 1 1 3 |1 15 13 2 7 1 14 18 3 4 2 1 1 5 1 2 |1 3 1 2 16 2 1 11 1 8 12 1 1 1 4 1 |1 1 1 1 1 2 1 2 1 1 4 2 1 1 1 1 |1 8 3 7 3 11 1 12 10 1 1 1 1 5 1 2 |12 13 1 7 2 1 1 12 12 1 1 8 10 1 15 1 |4 1 1 1 3 1 6 17 8 1 1 2 2 1 3 7 |3 2 1 1 10 1 15 13 10 2 1 6 1 8 8 1 |1 10 7 1 1 2 2 6 1 7 1 1 4 2 3 1 |1 1 1 7 2 1 3 6 1 14 3 1 3 1 5 15 |13 1 1 2 1 7 1 13 4 1 1 1 2 1 3 1 |
12556: 165 29 13 1 1 11 14 9 14 10 4 10 14 1 26 16 |33 18 1 6 1 1 1 1 15 7 1 14 25 1 1 3 |1 15 13 2 7 1 14 18 3 4 2 1 1 5 1 2 |1 3 1 2 16 2 1 11 1 8 12 1 1 1 4 1 |1 1 1 1 1 2 1 2 1 1 4 2 1 1 1 1 |1 8 3 7 3 11 1 12 10 1 1 1 1 5 1 2 |12 13 1 7 2 1 1 12 12 1 1 8 10 1 15 1 |4 1 1 1 3 1 6 17 8 1 1 2 2 1 3 7 |3 2 1 1 10 1 15 13 10 2 1 6 1 8 8 1 |1 10 7 1 1 2 2 6 1 7 1 1 4 2 3 1 |1 1 1 7 2 1 3 6 1 14 3 1 3 1 5 15 |13 1 1 2 1 7 1 13 4 1 1 1 2 1 3 1 |
12567: 165 29 13 1 1 11 14 9 14 10 4 10 14 1 26 16 |33 18 1 6 1 1 1 1 15 7 1 14 25 1 1 3 |1 15 13 2 7 1 14 18 3 4 2 1 1 5 1 2 |1 3 1 2 16 2 1 11 1 8 12 1 1 1 4 1 |1 1 1 1 2 2 1 2 6 10 1 3 2 1 3 3 |1 8 3 7 3 11 1 12 10 1 1 1 1 5 1 2 |12 13 1 7 2 1 1 12 12 1 1 8 10 1 15 1 |4 1 1 1 3 1 6 17 8 1 1 2 2 1 3 7 |3 2 1 1 10 1 15 13 10 2 1 6 1 8 8 1 |1 10 7 1 1 2 2 6 1 7 1 1 4 2 3 1 |1 1 1 7 2 1 3 6 1 14 3 1 3 1 5 15 |13 1 1 2 1 7 1 13 4 1 1 1 2 1 3 1 |
12578: 165 29 13 1 1 11 14 9 14 10 4 10 14 1 26 16 |33 18 1 6 1 1 1 1 15 7 1 14 25 1 1 3 |1 15 13 2 7 1 14 18 3 4 2 1 1 5 1 2 |1 3 1 2 16 2 1 11 1 8 12 1 1 1 4 1 |1 1 1 1 2 2 1 2 6 10 1 3 2 1 3 3 |1 8 3 7 3 11 1 12 10 1 1 1 1 5 1 2 |12 13 1 7 2 1 1 12 12 1 1 8 10 1 15 1 |4 1 1 1 3 1 6 17 8 1 1 2 2 1 3 7 |3 2 1 1 10 1 15 13 10 2 1 6 1 8 8 1 |1 10 7 1 1 2 2 6 1 7 1 1 4 2 3 1 |1 1 1 7 2 1 3 6 1 14 3 1 3 1 5 15 |21 1 6 3 6 3 1 13 3 1 1 2 1 1 3 1 |
12589: 165 29 13 1 1 11 14 9 14 10 4 10 14 1 26 16 |33 18 1 6 1 1 1 1 15 7 1 14 25 1 1 3 |1 15 13 2 7 1 14 18 3 4 2 1 1 5 1 2 |1 3 1 2 16 2 1 11 1 8 12 1 1 1 4 1 |1 1 1 1 2 2 1 2 6 10 1 3 2 1 3 3 |1 8 3 7 3 11 1 12 10 1 1 1 1 5 1 2 |12 13 1 7 2 1 1 12 12 1 1 8 10 1 15 1 |4 1 1 1 3 1 6 17 8 1 1 2 2 1 3 7 |3 2 1 1 10 1 15 13 10 2 1 6 1 8 8 1 |1 10 7 1 1 2 2 6 1 7 1 1 4 2 3 1 |1 1 1 7 2 1 3 6 1 14 3 1 3 1 5 15 |21 1 6 3 6 3 1 13 3 1 1 2 1 1 3 1 |
12600: 165 29 13 1 1 11 14 9 14 10 4 10 14 1 26 16 |33 18 1 6 1 1 1 1 15 7 1 14 25 1 1 3 |1 15 13 2 7 1 14 18 3 4 2 1 1 5 1 2 |1 2 17 1 16 1 1 7 4 1 14 1 8 3 14 1 |1 1 1 1 2 2 1 2 6 10 1 3 2 1 3 3 |1 8 3 7 3 11 1 12 10 1 1 1 1 5 1 2 |12 13 1 7 2 1 1 12 12 1 1 8 10 1 15 1 |4 1 1 1 3 1 6 17 8 1 1 2 2 1 3 7 |3 2 1 1 10 1 15 13 10 2 1 6 1 8 8 1 |1 10 7 1 1 2 2 6 1 7 1 1 4 2 3 1 |1 1 1 7 2 1 3 6 1 14 3 1 3 1 5 15 |21 1 6 3 6 3 1 13 3 1 1 2 1 1 3 1 |
12611: 165 29 13 1 1 11 14 9 14 10 4 10 14 1 26 16 |33 18 1 6 1 1 1 1 15 7 1 14 25 1 1 3 |1 15 13 2 7 1 14 18 3 4 2 1 1 5 1 2 |1 2 17 1 16 1 1 7 4 1 14 1 8 3 14 1 |1 1 1 1 2 2 1 2 6 10 1 3 2 1 3 3 |1 8 3 7 3 11 1 12 10 1 1 1 1 5 1 2 |12 13 1 7 2 1 1 12 12 1 1 8 10 1 15 1 |4 1 1 1 3 1 6 17 8 1 1 2 2 1 3 7 |3 2 1 1 10 1 15 13 10 2 1 6 1 8 8 1 |1 10 7 1 1 2 2 6 1 7 1 1 4 2 3 1 |1 1 1 7 2 1 3 6 1 14 3 1 3 1 5 15 |21 1 6 3 6 3 1 13 3 1 1 2 1 1 3 1 |
12622: 165 29 13 1 1 11 14 9 14 10 4 10 14 1 26 16 |33 18 1 6 1 1 1 1 15 7 1 14 25 1 1 3 |1 15 13 2 7 1 14 18 3 4 2 1 1 5 1 2 |1 2 17 1 16 1 1 7 4 1 14 1 8 3 14 1 |1 1 1 1 2 2 1 2 6 10 1 3 2 1 3 3 |1 8 3 7 3 11 1 12 10 1 1 1 1 5 1 2 |12 13 1 7 2 1 1 12 12 1 1 8 10 1 15 1 |4 1 1 1 3 1 6 17 8 1 1 2 2 1 3 7 |3 2 1 1 10 1 15 13 10 2 1 6 1 8 8 1 |1 10 7 1 1 2 2 6 1 7 1 1 4 2 3 1 |1 1 1 7 2 1 3 6 1 14 3 1 3 1 5 15 |21 1 6 3 6 3 1 13 3 1 1 2 1 1 3 1 |
12633: 165 29 13 1 1 11 14 9 14 10 4 10 14 1 26 16 |33 18 1 6 1 1 1 1 15 7 1 14 25 1 1 3 |1 15 13 2 7 1 14 18 3 4 2 1 1 5 1 2 |1 10 13 3 16 3 1 11 13 8 11 1 1 1 1 1 |1 1 1 1 2 2 1 2 6 10 1 3 2 1 3 3 |1 8 3 7 3 11 1 12 10 1 1 1 1 5 1 2 |12 13 1 7 2 1 1 12 12 1 1 8 10 1 15 1 |4 1 1 1 3 1 6 17 8 1 1 2 2 1 3 7 |3 2 1 1 10 1 15 13 10 2 1 6 1 8 8 1 |1 10 7 1 1 2 2 6 1 7 1 1 4 2 3 1 |1 1 1 7 2 1 3 6 1 14 3 1 3 1 5 15 |21 1 6 3 6 3 1 13 3 1 1 2 1 1 3 1 |
12644: 165 29 13 1 1 11 14 9 14 10 4 10 14 1 26 16 |33 18 1 6 1 1 1 1 15 7 1 14 25 1 1 3 |1 15 13 2 7 1 14 18 3 4 2 1 1 5 1 2 |1 10 13 3 16 3 1 11 13 8 11 1 1 1 1 1 |1 1 1 3 5 1 1 2 1 1 1 2 8 1 3 3 |1 8 3 7 3 11 1 12 10 1 1 1 1 5 1 2 |12 13 1 7 2 1 1 12 12 1 1 8 10 1 15 1 |4 1 1 1 3 1 6 17 8 1 1 2 2 1 3 7 |3 2 1 1 10 1 15 13 10 2 1 6 1 8 8 1 |1 10 7 1 1 2 2 6 1 7 1 1 4 2 3 1 |1 1 1 7 2 1 3 6 1 14 3 1 3 1 5 15 |21 1 6 3 6 3 1 13 3 1 1 2 1 1 3 1 |
12655: 165 29 13 1 1 11 14 9 14 10 4 10 14 1 26 16 |33 18 1 6 1 1 1 1 15 7 1 14 25 1 1 3 |1 15 13 2 7 1 14 18 3 4 2 1 1 5 1 2 |1 10 13 3 16 3 1 11 13 8 11 1 1 1 1 1 |1 1 1 3 5 1 1 2 1 1 1 2 8 1 3 3 |1 8 3 7 3 11 1 12 10 1 1 1 1 5 1 2 |12 13 1 7 2 1 1 12 12 1 1 8 10 1 15 1 |4 1 1 1 3 1 6 17 8 1 1 2 2 1 3 7 |3 2 1 1 10 1 15 13 10 2 1 6 1 8 8 1 |1 10 7 1 1 2 2 6 1 7 1 1 4 2 3 1 |1 1 1 7 2 1 3 6 1 14 3 1 3 1 5 15 |21 1 6 3 6 3 1 13 3 1 1 2 1 1 3 1 |
12666: 165 29 13 1 1 11 14 9 14 10 4 10 14 1 26 16 |33 18 1 6 1 1 1 1 15 7 1 14 25 1 1 3 |1 15 13 2 7 1 14 18 3 4 2 1 1 5 1 2 |1 10 13 3 16 3 1 11 13 8 11 1 1 1 1 1 |1 10 9 6 15 1 1 2 2 10 5 2 1 1 1 1 |1 8 3 7 3 11 1 12 10 1 1 1 1 5 1 2 |12 13 1 7 2 1 1 12 12 1 1 8 10 1 15 1 |4 1 1 1 3 1 6 17 8 1 1 2 2 1 3 7 |3 2 1 1 10 1 15 13 10 2 1 6 1 8 8 1 |1 10 7 1 1 2 2 6 1 7 1 1 4 2 3 1 |1 1 1 7 2 1 3 6 1 14 3 1 3 1 5 15 |21 1 6 3 6 3 1 13 3 1 1 2 1 1 3 1 |
12677: 165 29 13 1 1 11 14 9 14 10 4 10 14 1 26 16 |33 18 1 6 1 1 1 1 15 7 1 14 25 1 1 3 |1 15 13 2 7 1 14 18 3 4 2 1 1 5 1 2 |1 10 13 3 16 3 1 11 13 8 11 1 1 1 1 1 |1 10 9 6 15 1 1 2 2 10 5 2 1 1 1 1 |1 8 3 7 3 11 1 12 10 1 1 1 1 5 1 2 |12 13 1 7 2 1 1 12 12 1 1 8 10 1 15 1 |4 1 1 1 3 1 6 17 8 1 1 2 2 1 3 7 |3 2 1 1 10 1 15 13 10 2 1 6 1 8 8 1 |1 10 7 1 1 2 2 6 1 7 1 1 4 2 3 1 |1 1 1 7 2 1 3 6 1 14 3 1 3 1 5 15 |8 1 1 2 1 1 1 1 4 1 1 1 2 1 3 1 |
12688: 165 29 13 1 1 11 14 9 14 10 4 10 14 1 26 16 |33 18 1 6 1 1 1 1 15 7 1 14 25 1 1 3 |1 15 13 2 7 1 14 18 3 4 2 1 1 5 1 2 |1 10 13 3 16 3 1 11 13 8 11 1 1 1 1 1 |1 10 9 6 15 1 1 2 2 10 5 2 1 1 1 1 |1 8 3 7 3 11 1 12 10 1 1 1 1 5 1 2 |12 13 1 7 2 1 1 12 12 1 1 8 10 1 15 1 |4 1 1 1 3 1 6 17 8 1 1 2 2 1 3 7 |3 2 1 1 10 1 15 13 10 2 1 6 1 8 8 1 |1 10 7 1 1 2 2 6 1 7 1 1 4 2 3 1 |1 1 1 7 2 1 3 6 1 14 3 1 3 1 5 15 |8 1 1 2 1 1 1 1 4 1 1 1 2 1 3 1 |
12699: 165 29 13 1 1 11 14 9 14 10 4 10 14 1 26 16 |33 18 1 6 1 1 1 1 15 7 1 14 25 1 1 3 |1 15 13 2 7 1 14 18 3 4 2 1 1 5 1 2 |1 10 13 3 16 3 1 11 13 8 11 1 1 1 1 1 |4 19 14 15 5 1 9 3 1 2 12 1 7 2 4 8 |1 8 3 7 3 11 1 12 10 1 1 1 1 5 1 2 |12 13 1 7 2 1 1 12 12 1 1 8 10 1 15 1 |4 1 1 1 3 1 6 17 8 1 1 2 2 1 3 7 |3 2 1 1 10 1 15 13 10 2 1 6 1 8 8 1 |1 10 7 1 1 2 2 6 1 7 1 1 4 2 3 1 |1 1 1 7 2 1 3 6 1 14 3 1 3 1 5 15 |8 1 1 2 1 1 1 1 4 1 1 1 2 1 3 1 |
12710: 165 29 13 1 1 11 14 9 14 10 4 10 14 1 26 16 |33 18 1 6 1 1 1 1 15 7 1 14 25 1 1 3 |1 15 13 2 7 1 14 18 3 4 2 1 1 5 1 2 |1 10 13 3 16 3 1 11 13 8 11 1 1 1 1 1 |4 19 14 15 5 1 9 3 1 2 12 1 7 2 4 8 |2 11 9 6 1 9 1 1 10 1 1 2 3 5 1 1 |12 13 1 7 2 1 1 12 12 1 1 8 10 1 15 1 |4 1 1 1 3 1 6 17 8 1 1 2 2 1 3 7 |3 2 1 1 10 1 15 13 10 2 1 6 1 8 8 1 |1 10 7 1 1 2 2 6 1 7 1 1 4 2 3 1 |1 1 1 7 2 1 3 6 1 14 3 1 3 1 5 15 |8 1 1 2 1 1 1 1 4 1 1 1 2 1 3 1 |
12721: 165 29 13 1 1 11 14 9 14 10 4 10 14 1 26 16 |33 18 1 6 1 1 1 1 15 7 1 14 25 1 1 3 |1 15 13 2 7 1 14 18 3 4 2 1 1 5 1 2 |1 10 13 3 16 3 1 11 13 8 11 1 1 1 1 1 |4 19 14 15 5 1 9 3 1 2 12 1 7 2 4 8 |2 11 9 6 1 9 1 1 10 1 1 2 3 5 1 1 |12 13 1 7 2 1 1 12 12 1 1 8 10 1 15 1 |4 1 1 1 3 1 6 17 8 1 1 2 2 1 3 7 |3 2 1 1 10 1 15 13 10 2 1 6 1 8 8 1 |1 10 7 1 1 2 2 6 1 7 1 1 4 2 3 1 |1 1 1 7 2 1 3 6 1 14 3 1 3 1 5 15 |8 1 1 2 1 1 1 1 4 1 1 1 2 1 3 1 |
12732: 165 29 13 1 1 11 14 9 14 10 4 10 14 1 26 16 |33 18 1 6 1 1 1 1 15 7 1 14 25 1 1 3 |1 15 13 2 7 1 14 18 3 4 2 1 1 5 1 2 |12 129 139 1 6 8 1 16 16 9 14 8 9 10 19 1 |4 19 14 15 5 1 9 3 1 2 12 1 7 2 4 8 |2 11 9 6 1 9 1 1 10 1 1 2 3 5 1 1 |12 13 1 7 2 1 1 12 12 1 1 8 10 1 15 1 |4 1 1 1 3 1 6 17 8 1 1 2 2 1 3 7 |3 2 1 1 10 1 15 13 10 2 1 6 1 8 8 1 |1 10 7 1 1 2 2 6 1 7 1 1 4 2 3 1 |1 1 1 7 2 1 3 6 1 14 3 1 3 1 5 15 |8 1 1 2 1 1 1 1 4 1 1 1 2 1 3 1 |
12743: 165 29 13 1 1 11 14 9 14 10 4 10 14 1 26 16 |33 18 1 6 1 1 1 1 15 7 1 14 25 1 1 3 |1 15 13 2 7 1 14 18 3 4 2 1 1 5 1 2 |12 129 139 1 6 8 1 16 16 9 14 8 9 10 19 1 |4 19 14 15 5 1 9 3 1 2 12 1 7 2 4 8 |2 11 9 6 1 9 1 1 10 1 1 2 3 5 1 1 |12 13 1 7 2 1 1 12 12 1 1 8 10 1 15 1 |4 1 1 1 3 1 6 17 8 1 1 2 2 1 3 7 |3 2 1 1 10 1 15 13 10 2 1 6 1 8 8 1 |1 10 7 1 1 2 2 6 1 7 1 1 4 2 3 1 |1 1 1 7 2 1 3 6 1 14 3 1 3 1 5 15 |8 1 1 2 1 1 1 1 4 1 1 1 2 1 3 1 |
12754: 165 29 13 1 1 11 14 9 14 10 4 10 14 1 26 16 |33 18 1 6 1 1 1 1 15 7 1 14 25 1 1 3 |1 15 13 2 7 1 14 18 3 4 2 1 1 5 1 2 |12 129 139 1 6 8 1 16 16 9 14 8 9 10 19 1 |4 19 14 15 5 1 9 3 1 2 12 1 7 2 4 8 |2 11 9 6 1 9 1 1 10 1 1 2 3 5 1 1 |12 13 1 7 2 1 1 12 12 1 1 8 10 1 15 1 |4 1 1 1 3 1 6 17 8 1 1 2 2 1 3 7 |3 2 1 1 10 1 15 13 10 2 1 6 1 8 8 1 |1 10 7 1 1 2 2 6 1 7 1 1 4 2 3 1 |1 1 1 7 2 1 3 6 1 14 3 1 3 1 5 15 |8 1 1 2 1 1 1 1 4 1 1 1 2 1 3 1 |
12765: 165 29 13 1 1 11 14 9 14 10 4 10 14 1 26 16 |33 18 1 6 1 1 1 1 15 7 1 14 25 1 1 3 |1 15 13 2 7 1 14 18 3 4 2 1 1 5 1 2 |12 129 139 1 6 8 1 16 16 9 14 8 9 10 19 1 |4 9 18 7 6 1 1 3 6 11 1 1 2 8 1 1 |2 11 9 6 1 9 1 1 10 1 1 2 3 5 1 1 |12 13 1 7 2 1 1 12 12 1 1 8 10 1 15 1 |4 1 1 1 3 1 6 17 8 1 1 2 2 1 3 7 |3 2 1 1 10 1 15 13 10 2 1 6 1 8 8 1 |1 10 7 1 1 2 2 6 1 7 1 1 4 2 3 1 |1 1 1 7 2 1 3 6 1 14 3 1 3 1 5 15 |8 1 1 2 1 1 1 1 4 1 1 1 2 1 3 1 |
12776: 165 29 13 1 1 11 14 9 14 10 4 10 14 1 26 16 |33 18 1 6 1 1 1 1 15 7 1 14 25 1 1 3 |1 15 13 2 7 1 14 18 3 4 2 1 1 5 1 2 |12 129 139 1 6 8 1 16 16 9 14 8 9 10 19 1 |4 9 18 7 6 1 1 3 6 11 1 1 2 8 1 1 |2 11 9 6 1 9 1 1 10 1 1 2 3 5 1 1 |12 13 1 7 2 1 1 12 12 1 1 8 10 1 15 1 |4 1 1 1 3 1 6 17 8 1 1 2 2 1 3 7 |3 2 1 1 10 1 15 13 10 2 1 6 1 8 8 1 |1 10 7 1 1 2 2 6 1 7 1 1 4 2 3 1 |1 1 1 7 2 1 3 6 1 14 3 1 3 1 5 15 |8 1 1 2 1 1 1 1 4 1 1 1 2 1 3 1 |
12787: 165 29 13 1 1 11 14 9 14 10 4 10 14 1 26 16 |33 18 1 6 1 1 1 1 15 7 1 14 25 1 1 3 |1 15 13 2 7 1 14 18 3 4 2 1 1 5 1 2 |12 129 139 1 6 8 1 16 16 9 14 8 9 10 19 1 |4 9 18 7 6 1 1 3 6 11 1 1 2 8 1 1 |2 11 9 6 1 9 1 1 10 1 1 2 3 5 1 1 |12 13 1 7 2 1 1 12 12 1 1 8 10 1 15 1 |4 1 1 1 3 1 6 17 8 1 1 2 2 1 3 7 |3 2 1 1 10 1 15 13 10 2 1 6 1 8 8 1 |1 10 7 1 1 2 2 6 1 7 1 1 4 2 3 1 |1 1 1 7 2 1 3 6 1 14 3 1 3 1 5 15 |8 1 1 2 1 1 1 1 4 1 1 1 2 1 3 1 |
12798: 165 29 13 1 1 11 14 9 14 10 4 10 14 1 26 16 |33 18 1 6 1 1 1 1 15 7 1 14 25 1 1 3 |20 211 287 18 17 2 11 16 10 3 10 11 3 13 8 5 |12 129 139 1 6 8 1 16 16 9 14 8 9 10 19 1 |4 9 18 7 6 1 1 3 6 11 1 1 2 8 1 1 |2 11 9 6 1 9 1 1 10 1 1 2 3 5 1 1 |12 13 1 7 2 1 1 12 12 1 1 8 10 1 15 1 |4 1 1 1 3 1 6 17 8 1 1 2 2 1 3 7 |3 2 1 1 10 1 15 13 10 2 1 6 1 8 8 1 |1 10 7 1 1 2 2 6 1 7 1 1 4 2 3 1 |1 1 1 7 2 1 3 6 1 14 3 1 3 1 5 15 |8 1 1 2 1 1 1 1 4 1 1 1 2 1 3 1 |
12809: 165 29 13 1 1 11 14 9 14 10 4 10 14 1 26 16 |33 18 1 6 1 1 1 1 15 7 1 14 25 1 1 3 |20 211 287 18 17 2 11 16 10 3 10 11 3 13 8 5 |12 129 139 1 6 8 1 16 16 9 14 8 9 10 19 1 |4 9 18 7 6 1 1 3 6 11 1 1 2 8 1 1 |2 11 9 6 1 9 1 1 10 1 1 2 3 5 1 1 |12 13 1 7 2 1 1 12 12 1 1 8 10 1 15 1 |4 1 1 1 3 1 6 17 8 1 1 2 2 1 3 7 |3 2 1 1 10 1 15 13 10 2 1 6 1 8 8 1 |1 10 7 1 1 2 2 6 1 7 1 1 4 2 3 1 |1 1 1 7 2 1 3 6 1 14 3 1 3 1 5 15 |9 1 1 2 1 7 4 8 1 1 1 5 3 1 3 1 |
12820: 165 29 13 1 1 11 14 9 14 10 4 10 14 1 26 16 |33 18 1 6 1 1 1 1 15 7 1 14 25 1 1 3 |20 211 287 18 17 2 11 16 10 3 10 11 3 13 8 5 |12 129 139 1 6 8 1 16 16 9 14 8 9 10 19 1 |4 9 18 7 6 1 1 3 6 11 1 1 2 8 1 1 |2 11 9 6 1 9 1 1 10 1 1 2 3 5 1 1 |12 13 1 7 2 1 1 12 12 1 1 8 10 1 15 1 |4 1 1 1 3 1 6 17 8 1 1 2 2 1 3 7 |3 2 1 1 10 1 15 13 10 2 1 6 1 8 8 1 |1 10 7 1 1 2 2 6 1 7 1 1 4 2 3 1 |1 1 1 7 2 1 3 6 1 14 3 1 3 1 5 15 |9 1 1 2 1 7 4 8 1 1 1 5 3 1 3 1 |
12831: 2 6 29 1 5 14 9 1 1 1 1 2 9 1 5 7 |33 18 1 6 1 1 1 1 15 7 1 14 25 1 1 3 |20 211 287 18 17 2 11 16 10 3 10 11 3 13 8 5 |12 129 139 1 6 8 1 16 16 9 14 8 9 10 19 1 |4 9 18 7 6 1 1 3 6 11 1 1 2 8 1 1 |2 11 9 6 1 9 1 1 10 1 1 2 3 5 1 1 |12 13 1 7 2 1 1 12 12 1 1 8 10 1 15 1 |4 1 1 1 3 1 6 17 8 1 1 2 2 1 3 7 |3 2 1 1 10 1 15 13 10 2 1 6 1 8 8 1 |1 10 7 1 1 2 2 6 1 7 1 1 4 2 3 1 |1 1 1 7 2 1 3 6 1 14 3 1 3 1 5 15 |9 1 1 2 1 7 4 8 1 1 1 5 3 1 3 1 |
12841: 2 6 29 1 5 14 9 1 1 1 1 2 9 1 5 7 |33 18 1 6 1 1 1 1 15 7 1 14 25 1 1 3 |20 211 287 18 17 2 11 16 10 3 10 11 3 13 8 5 |12 129 139 1 6 8 1 16 16 9 14 8 9 10 19 1 |4 9 18 7 6 1 1 3 6 11 1 1 2 8 1 1 |2 11 9 6 1 9 1 1 10 1 1 2 3 5 1 1 |12 13 1 7 2 1 1 12 12 1 1 8 10 1 15 1 |4 1 1 1 3 1 6 17 8 1 1 2 2 1 3 7 |3 2 1 1 10 1 15 13 10 2 1 6 1 8 8 1 |1 10 7 1 1 2 2 6 1 7 1 1 4 2 3 1 |3 1 11 7 1 1 3 7 1 1 3 1 1 1 1 16 |9 1 1 2 1 7 4 8 1 1 1 5 3 1 3 1 |
12852: 2 6 29 1 5 14 9 1 1 1 1 2 9 1 5 7 |33 18 1 6 1 1 1 1 15 7 1 14 25 1 1 3 |20 211 287 18 17 2 11 16 10 3 10 11 3 13 8 5 |12 129 139 1 6 8 1 16 16 9 14 8 9 10 19 1 |4 9 18 7 6 1 1 3 6 11 1 1 2 8 1 1 |2 11 9 6 1 9 1 1 10 1 1 2 3 5 1 1 |12 13 1 7 2 1 1 12 12 1 1 8 10 1 15 1 |4 1 1 1 3 1 6 17 8 1 1 2 2 1 3 7 |3 2 1 1 10 1 15 13 10 2 1 6 1 8 8 1 |1 10 7 1 1 2 2 6 1 7 1 1 4 2 3 1 |3 1 11 7 1 1 3 7 1 1 3 1 1 1 1 16 |9 1 1 2 1 7 4 8 1 1 1 5 3 1 3 1 |
12863: 2 6 29 1 5 14 9 1 1 1 1 2 9 1 5 7 |33 18 1 6 1 1 1 1 15 7 1 14 25 1 1 3 |20 211 287 18 17 2 11 16 10 3 10 11 3 13 8 5 |12 129 139 1 6 8 1 16 16 9 14 8 9 10 19 1 |4 9 18 7 6 1 1 3 6 11 1 1 2 8 1 1 |2 11 9 6 1 9 1 1 10 1 1 2 3 5 1 1 |12 13 1 7 2 1 1 12 12 1 1 8 10 1 15 1 |4 1 1 1 3 1 6 17 8 1 1 2 2 1 3 7 |3 2 1 1 10 1 15 13 10 2 1 6 1 8 8 1 |1 10 7 1 1 2 2 6 1 7 1 1 4 2 3 1 |3 1 11 7 1 1 3 7 1 1 3 1 1 1 1 16 |9 1 1 2 1 7 4 8 1 1 1 5 3 1 3 1 |
12874: 2 6 29 1 5 14 9 1 1 1 1 2 9 1 5 7 |33 18 1 6 1 1 1 1 15 7 1 14 25 1 1 3 |20 211 287 18 17 2 11 16 10 3 10 11 3 13 8 5 |12 129 139 1 6 8 1 16 16 9 14 8 9 10 19 1 |4 9 18 7 6 1 1 3 6 11 1 1 2 8 1 1 |2 11 9 6 1 9 1 1 10 1 1 2 3 5 1 1 |12 13 1 7 2 1 1 12 12 1 1 8 10 1 15 1 |4 1 1 1 3 1 6 17 8 1 1 2 2 1 3 7 |1 9 7 2 8 1 1 2 1 4 1 1 1 7 7 3 |1 10 7 1 1 2 2 6 1 7 1 1 4 2 3 1 |3 1 11 7 1 1 3 7 1 1 3 1 1 1 1 16 |9 1 1 2 1 7 4 8 1 1 1 5 3 1 3 1 |
12885: 2 6 29 1 5 14 9 1 1 1 1 2 9 1 5 7 |33 18 1 6 1 1 1 1 15 7 1 14 25 1 1 3 |20 211 287 18 17 2 11 16 10 3 10 11 3 13 8 5 |12 129 139 1 6 8 1 16 16 9 14 8 9 10 19 1 |4 9 18 7 6 1 1 3 6 11 1 1 2 8 1 1 |2 11 9 6 1 9 1 1 10 1 1 2 3 5 1 1 |12 13 1 7 2 1 1 12 12 1 1 8 10 1 15 1 |4 1 1 1 3 1 6 17 8 1 1 2 2 1 3 7 |1 9 7 2 8 1 1 2 1 4 1 1 1 7 7 3 |1 10 7 1 1 2 2 6 1 7 1 1 4 2 3 1 |3 1 11 7 1 1 3 7 1 1 3 1 1 1 1 16 |9 1 1 2 1 7 4 8 1 1 1 5 3 1 3 1 |
12896: 2 6 29 1 5 14 9 1 1 1 1 2 9 1 5 7 |33 18 1 6 1 1 1 1 15 7 1 14 25 1 1 3 |20 211 287 18 17 2 11 16 10 3 10 11 3 13 8 5 |12 129 139 1 6 8 1 16 16 9 14 8 9 10 19 1 |4 9 18 7 6 1 1 3 6 11 1 1 2 8 1 1 |2 11 9 6 1 9 1 1 10 1 1 2 3 5 1 1 |12 13 1 7 2 1 1 12 12 1 1 8 10 1 15 1 |4 1 1 1 3 1 6 17 8 1 1 2 2 1 3 7 |1 9 7 2 8 1 1 2 1 4 1 1 1 7 7 3 |1 10 7 1 1 2 2 6 1 7 1 1 4 2 3 1 |3 1 11 7 1 1 3 7 1 1 3 1 1 1 1 16 |9 1 1 2 1 7 4 8 1 1 1 5 3 1 3 1 |
12907: 2 6 29 1 5 14 9 1 1 1 1 2 9 1 5 7 |33 18 1 6 1 1 1 1 15 7 1 14 25 1 1 3 |20 211 287 18 17 2 11 16 10 3 10 11 3 13 8 5 |12 129 139 1 6 8 1 16 16 9 14 8 9 10 19 1 |4 9 18 7 6 1 1 3 6 11 1 1 2 8 1 1 |2 11 9 6 1 9 1 1 10 1 1 2 3 5 1 1 |12 13 1 7 2 1 1 12 12 1 1 8 10 1 15 1 |4 1 1 1 3 1 6 17 8 1 1 2 2 1 3 7 |1 1 1 2 6 1 2 13 10 1 1 6 1 1 13 1 |1 10 7 1 1 2 2 6 1 7 1 1 4 2 3 1 |3 1 11 7 1 1 3 7 1 1 3 1 1 1 1 16 |9 1 1 2 1 7 4 8 1 1 1 5 3 1 3 1 |
12918: 2 6 29 1 5 14 9 1 1 1 1 2 9 1 5 7 |33 18 1 6 1 1 1 1 15 7 1 14 25 1 1 3 |20 211 287 18 17 2 11 16 10 3 10 11 3 13 8 5 |12 129 139 1 6 8 1 16 16 9 14 8 9 10 19 1 |4 9 18 7 6 1 1 3 6 11 1 1 2 8 1 1 |2 11 9 6 1 9 1 1 10 1 1 2 3 5 1 1 |12 13 1 7 2 1 1 12 12 1 1 8 10 1 15 1 |4 1 1 1 3 1 6 17 8 1 1 2 2 1 3 7 |1 1 1 2 6 1 2 13 10 1 1 6 1 1 13 1 |2 16 19 2 2 2 2 6 2 6 15 1 6 2 3 1 |3 1 11 7 1 1 3 7 1 1 3 1 1 1 1 16 |9 1 1 2 1 7 4 8 1 1 1 5 3 1 3 1 |
12929: 2 6 29 1 5 14 9 1 1 1 1 2 9 1 5 7 |33 18 1 6 1 1 1 1 15 7 1 14 25 1 1 3 |20 211 287 18 17 2 11 16 10 3 10 11 3 13 8 5 |12 129 139 1 6 8 1 16 16 9 14 8 9 10 19 1 |4 9 18 7 6 1 1 3 6 11 1 1 2 8 1 1 |2 11 9 6 1 9 1 1 10 1 1 2 3 5 1 1 |12 13 1 7 2 1 1 12 12 1 1 8 10 1 15 1 |4 1 1 1 3 1 6 17 8 1 1 2 2 1 3 7 |1 1 1 2 6 1 2 13 10 1 1 6 1 1 13 1 |2 16 19 2 2 2 2 6 2 6 15 1 6 2 3 1 |3 1 11 7 1 1 3 7 1 1 3 1 1 1 1 16 |9 1 1 2 1 7 4 8 1 1 1 5 3 1 3 1 |
12940: 2 6 29 1 5 14 9 1 1 1 1 2 9 1 5 7 |33 18 1 6 1 1 1 1 15 7 1 14 25 1 1 3 |20 211 287 18 17 2 11 16 10 3 10 11 3 13 8 5 |12 129 139 1 6 8 1 16 16 9 14 8 9 10 19 1 |4 9 18 7 6 1 1 3 6 11 1 1 2 8 1 1 |2 11 9 6 1 9 1 1 10 1 1 2 3 5 1 1 |12 13 1 7 2 1 1 12 12 1 1 8 10 1 15 1 |4 1 1 1 3 1 6 17 8 1 1 2 2 1 3 7 |1 1 1 2 6 1 2 13 10 1 1 6 1 1 13 1 |2 16 19 2 2 2 2 6 2 6 15 1 6 2 3 1 |3 1 11 7 1 1 3 7 1 1 3 1 1 1 1 16 |9 1 1 2 1 7 4 8 1 1 1 5 3 1 3 1 |
12951: 2 6 29 1 5 14 9 1 1 1 1 2 9 1 5 7 |33 18 1 6 1 1 1 1 15 7 1 14 25 1 1 3 |20 211 287 18 17 2 11 16 10 3 10 11 3 13 8 5 |12 129 139 1 6 8 1 16 16 9 14 8 9 10 19 1 |4 9 18 7 6 1 1 3 6 11 1 1 2 8 1 1 |2 11 9 6 1 9 1 1 10 1 1 2 3 5 1 1 |12 13 1 7 2 1 1 12 12 1 1 8 10 1 15 1 |4 1 1 1 3 1 6 17 8 1 1 2 2 1 3 7 |1 1 1 2 6 1 2 13 10 1 1 6 1 1 13 1 |2 16 19 2 2 2 2 6 2 6 15 1 6 2 3 1 |3 1 11 7 1 1 3 7 1 1 3 1 1 1 1 16 |9 1 1 2 1 7 4 8 1 1 1 5 3 1 3 1 |
12962: 1 5 8 1 6 18 3 1 6 3 1 2 10 1 17 3 |33 18 1 6 1 1 1 1 15 7 1 14 25 1 1 3 |20 211 287 18 17 2 11 16 10 3 10 11 3 13 8 5 |12 129 139 1 6 8 1 16 16 9 14 8 9 10 19 1 |4 9 18 7 6 1 1 3 6 11 1 1 2 8 1 1 |2 11 9 6 1 9 1 1 10 1 1 2 3 5 1 1 |12 13 1 7 2 1 1 12 12 1 1 8 10 1 15 1 |4 1 1 1 3 1 6 17 8 1 1 2 2 1 3 7 |1 1 1 2 6 1 2 13 10 1 1 6 1 1 13 1 |2 16 19 2 2 2 2 6 2 6 15 1 6 2 3 1 |3 1 11 7 1 1 3 7 1 1 3 1 1 1 1 16 |9 1 1 2 1 7 4 8 1 1 1 5 3 1 3 1 |
12973: 1 5 8 1 6 18 3 1 6 3 1 2 10 1 17 3 |33 18 1 6 1 1 1 1 15 7 1 14 25 1 1 3 |20 211 287 18 17 2 11 16 10 3 10 11 3 13 8 5 |12 129 139 1 6 8 1 16 16 9 14 8 9 10 19 1 |4 9 18 7 6 1 1 3 6 11 1 1 2 8 1 1 |2 11 9 6 1 9 1 1 10 1 1 2 3 5 1 1 |12 13 1 7 2 1 1 12 12 1 1 8 10 1 15 1 |4 1 1 1 3 1 6 17 8 1 1 2 2 1 3 7 |1 1 1 2 6 1 2 13 10 1 1 6 1 1 13 1 |3 10 8 2 2 1 1 6 2 7 6 1 6 2 3 1 |3 1 11 7 1 1 3 7 1 1 3 1 1 1 1 16 |9 1 1 2 1 7 4 8 1 1 1 5 3 1 3 1 |
12984: 1 5 8 1 6 18 3 1 6 3 1 2 10 1 17 3 |33 18 1 6 1 1 1 1 15 7 1 14 25 1 1 3 |20 211 287 18 17 2 11 16 10 3 10 11 3 13 8 5 |12 129 139 1 6 8 1 16 16 9 14 8 9 10 19 1 |4 9 18 7 6 1 1 3 6 11 1 1 2 8 1 1 |2 11 9 6 1 9 1 1 10 1 1 2 3 5 1 1 |12 13 1 7 2 1 1 12 12 1 1 8 10 1 15 1 |4 1 1 1 3 1 6 17 8 1 1 2 2 1 3 7 |1 1 1 2 6 1 2 13 10 1 1 6 1 1 13 1 |3 10 8 2 2 1 1 6 2 7 6 1 6 2 3 1 |2 1 6 1 3 14 1 5 1 6 3 1 1 1 5 14 |9 1 1 2 1 7 4 8 1 1 1 5 3 1 3 1 |
12995: 1 5 8 1 6 18 3 1 6 3 1 2 10 1 17 3 |33 18 1 6 1 1 1 1 15 7 1 14 25 1 1 3 |20 211 287 18 17 2 11 16 10 3 10 11 3 13 8 5 |12 129 139 1 6 8 1 16 16 9 14 8 9 10 19 1 |4 9 18 7 6 1 1 3 6 11 1 1 2 8 1 1 |2 11 9 6 1 9 1 1 10 1 1 2 3 5 1 1 |12 13 1 7 2 1 1 12 12 1 1 8 10 1 15 1 |4 1 1 1 3 1 6 17 8 1 1 2 2 1 3 7 |1 1 1 2 6 1 2 13 10 1 1 6 1 1 13 1 |3 10 8 2 2 1 1 6 2 7 6 1 6 2 3 1 |2 1 6 1 3 14 1 5 1 6 3 1 1 1 5 14 |9 1 1 2 1 7 4 8 1 1 1 5 3 1 3 1 |
13006: 1 5 8 1 6 18 3 1 6 3 1 2 10 1 17 3 |33 18 1 6 1 1 1 1 15 7 1 14 25 1 1 3 |20 211 287 18 17 2 11 16 10 3 10 11 3 13 8 5 |12 129 139 1 6 8 1 16 16 9 14 8 9 10 19 1 |4 9 18 7 6 1 1 3 6 11 1 1 2 8 1 1 |2 11 9 6 1 9 1 1 10 1 1 2 3 5 1 1 |12 13 1 7 2 1 1 12 12 1 1 8 10 1 15 1 |4 1 1 1 3 1 6 17 8 1 1 2 2 1 3 7 |1 8 1 2 8 1 14 13 5 1 1 6 1 1 1 1 |3 10 8 2 2 1 1 6 2 7 6 1 6 2 3 1 |2 1 6 1 3 14 1 5 1 6 3 1 1 1 5 14 |9 1 1 2 1 7 4 8 1 1 1 5 3 1 3 1 |
13017: 1 5 8 1 6 18 3 1 6 3 1 2 10 1 17 3 |33 18 1 6 1 1 1 1 15 7 1 14 25 1 1 3 |20 211 287 18 17 2 11 16 10 3 10 11 3 13 8 5 |12 129 139 1 6 8 1 16 16 9 14 8 9 10 19 1 |4 9 18 7 6 1 1 3 6 11 1 1 2 8 1 1 |2 11 9 6 1 9 1 1 10 1 1 2 3 5 1 1 |12 13 1 7 2 1 1 12 12 1 1 8 10 1 15 1 |4 1 1 1 3 1 6 17 8 1 1 2 2 1 3 7 |1 8 1 2 8 1 14 13 5 1 1 6 1 1 1 1 |3 10 8 2 2 1 1 6 2 7 6 1 6 2 3 1 |2 1 6 1 3 14 1 5 1 6 3 1 1 1 5 14 |9 1 1 2 1 7 4 8 1 1 1 5 3 1 3 1 |
13028: 1 5 8 1 6 18 3 1 6 3 1 2 10 1 17 3 |33 18 1 6 1 1 1 1 15 7 1 14 25 1 1 3 |20 211 287 18 17 2 11 16 10 3 10 11 3 13 8 5 |12 129 139 1 6 8 1 16 16 9 14 8 9 10 19 1 |4 9 18 7 6 1 1 3 6 11 1 1 2 8 1 1 |2 11 9 6 1 9 1 1 10 1 1 2 3 5 1 1 |12 13 1 7 2 1 1 12 12 1 1 8 10 1 15 1 |4 1 1 1 3 1 6 17 8 1 1 2 2 1 3 7 |1 8 1 2 8 1 14 13 5 1 1 6 1 1 1 1 |3 10 8 2 2 1 1 6 2 7 6 1 6 2 3 1 |2 1 6 1 3 14 1 5 1 6 3 1 1 1 5 14 |9 1 1 2 1 7 4 8 1 1 1 5 3 1 3 1 |
13039: 1 5 8 1 6 18 3 1 6 3 1 2 10 1 17 3 |33 18 1 6 1 1 1 1 15 7 1 14 25 1 1 3 |20 211 287 18 17 2 11 16 10 3 10 11 3 13 8 5 |12 129 139 1 6 8 1 16 16 9 14 8 9 10 19 1 |4 9 18 7 6 1 1 3 6 11 1 1 2 8 1 1 |2 11 9 6 1 9 1 1 10 1 1 2 3 5 1 1 |12 13 1 7 2 1 1 12 12 1 1 8 10 1 15 1 |4 1 1 1 3 1 6 17 8 1 1 2 2 1 3 7 |1 7 2 2 9 1 15 13 6 1 1 6 1 9 9 1 |3 10 8 2 2 1 1 6 2 7 6 1 6 2 3 1 |2 1 6 1 3 14 1 5 1 6 3 1 1 1 5 14 |9 1 1 2 1 7 4 8 1 1 1 5 3 1 3 1 |
13050: 1 5 8 1 6 18 3 1 6 3 1 2 10 1 17 3 |33 18 1 6 1 1 1 1 15 7 1 14 25 1 1 3 |20 211 287 18 17 2 11 16 10 3 10 11 3 13 8 5 |12 129 139 1 6 8 1 16 16 9 14 8 9 10 19 1 |4 9 18 7 6 1 1 3 6 11 1 1 2 8 1 1 |2 11 9 6 1 9 1 1 10 1 1 2 3 5 1 1 |12 13 1 7 2 1 1 12 12 1 1 8 10 1 15 1 |4 1 1 1 3 1 6 17 8 1 1 2 2 1 3 7 |1 7 2 2 9 1 15 13 6 1 1 6 1 9 9 1 |1 9 1 8 1 2 2 6 2 6 13 1 5 2 15 1 |2 1 6 1 3 14 1 5 1 6 3 1 1 1 5 14 |9 1 1 2 1 7 4 8 1 1 1 5 3 1 3 1 |
13061: 1 5 8 1 6 18 3 1 6 3 1 2 10 1 17 3 |33 18 1 6 1 1 1 1 15 7 1 14 25 1 1 3 |20 211 287 18 17 2 11 16 10 3 10 11 3 13 8 5 |12 129 139 1 6 8 1 16 16 9 14 8 9 10 19 1 |4 9 18 7 6 1 1 3 6 11 1 1 2 8 1 1 |2 11 9 6 1 9 1 1 10 1 1 2 3 5 1 1 |12 13 1 7 2 1 1 12 12 1 1 8 10 1 15 1 |4 1 1 1 3 1 6 17 8 1 1 2 2 1 3 7 |1 7 2 2 9 1 15 13 6 1 1 6 1 9 9 1 |1 9 1 8 1 2 2 6 2 6 13 1 5 2 15 1 |2 1 6 1 3 14 1 5 1 6 3 1 1 1 5 14 |9 1 1 2 1 7 4 8 1 1 1 5 3 1 3 1 |
13072: 1 5 8 1 6 18 3 1 6 3 1 2 10 1 17 3 |33 18 1 6 1 1 1 1 15 7 1 14 25 1 1 3 |20 211 287 18 17 2 11 16 10 3 10 11 3 13 8 5 |12 129 139 1 6 8 1 16 16 9 14 8 9 10 19 1 |4 9 18 7 6 1 1 3 6 11 1 1 2 8 1 1 |2 11 9 6 1 9 1 1 10 1 1 2 3 5 1 1 |12 13 1 7 2 1 1 12 12 1 1 8 10 1 15 1 |4 1 1 1 3 1 6 17 8 1 1 2 2 1 3 7 |1 7 2 2 9 1 15 13 6 1 1 6 1 9 9 1 |1 9 1 8 1 2 2 6 2 6 13 1 5 2 15 1 |2 1 6 1 3 14 1 5 1 6 3 1 1 1 5 14 |9 1 1 2 1 7 4 8 1 1 1 5 3 1 3 1 |
13083: 1 5 8 1 6 18 3 1 6 3 1 2 10 1 17 3 |33 18 1 6 1 1 1 1 15 7 1 14 25 1 1 3 |20 211 287 18 17 2 11 16 10 3 10 11 3 13 8 5 |12 129 139 1 6 8 1 16 16 9 14 8 9 10 19 1 |4 9 18 7 6 1 1 3 6 11 1 1 2 8 1 1 |2 11 9 6 1 9 1 1 10 1 1 2 3 5 1 1 |12 13 1 7 2 1 1 12 12 1 1 8 10 1 15 1 |4 1 1 1 3 1 6 17 8 1 1 2 2 1 3 7 |1 7 2 2 9 1 15 13 6 1 1 6 1 9 9 1 |1 9 1 8 1 2 2 6 2 6 13 1 5 2 15 1 |2 1 6 1 3 14 1 5 1 6 3 1 1 1 5 14 |9 1 1 2 1 7 4 8 1 1 1 5 3 1 3 1 |
13094: 1 5 8 1 6 18 3 1 6 3 1 2 10 1 17 3 |33 18 1 6 1 1 1 1 15 7 1 14 25 1 1 3 |20 211 287 18 17 2 11 16 10 3 10 11 3 13 8 5 |12 129 139 1 6 8 1 16 16 9 14 8 9 10 19 1 |4 9 18 7 6 1 1 3 6 11 1 1 2 8 1 1 |2 11 9 6 1 9 1 1 10 1 1 2 3 5 1 1 |12 13 1 7 2 1 1 12 12 1 1 8 10 1 15 1 |4 1 1 1 3 1 6 17 8 1 1 2 2 1 3 7 |1 7 2 2 9 1 15 13 6 1 1 6 1 9 9 1 |1 9 1 8 1 2 2 6 2 6 13 1 5 2 15 1 |2 1 6 1 3 14 1 5 1 6 3 1 1 1 5 14 |9 1 1 2 1 7 4 8 1 1 1 5 3 1 3 1 |
13105: 1 5 8 1 6 18 3 1 6 3 1 2 10 1 17 3 |33 18 1 6 1 1 1 1 15 7 1 14 25 1 1 3 |20 211 287 18 17 2 11 16 10 3 10 11 3 13 8 5 |12 129 139 1 6 8 1 16 16 9 14 8 9 10 19 1 |4 9 18 7 6 1 1 3 6 11 1 1 2 8 1 1 |2 11 9 6 1 9 1 1 10 1 1 2 3 5 1 1 |12 13 1 7 2 1 1 12 12 1 1 8 10 1 15 1 |4 1 1 1 3 1 6 17 8 1 1 2 2 1 3 7 |1 7 2 2 9 1 15 13 6 1 1 6 1 9 9 1 |2 10 13 22 1 1 1 7 2 7 6 1 6 2 2 1 |2 1 6 1 3 14 1 5 1 6 3 1 1 1 5 14 |9 1 1 2 1 7 4 8 1 1 1 5 3 1 3 1 |
13116: 1 5 8 1 6 18 3 1 6 3 1 2 10 1 17 3 |33 18 1 6 1 1 1 1 15 7 1 14 25 1 1 3 |20 211 287 18 17 2 11 16 10 3 10 11 3 13 8 5 |12 129 139 1 6 8 1 16 16 9 14 8 9 10 19 1 |4 9 18 7 6 1 1 3 6 11 1 1 2 8 1 1 |2 11 9 6 1 9 1 1 10 1 1 2 3 5 1 1 |12 13 1 7 2 1 1 12 12 1 1 8 10 1 15 1 |4 1 1 1 3 1 6 17 8 1 1 2 2 1 3 7 |1 7 2 2 9 1 15 13 6 1 1 6 1 9 9 1 |2 10 13 22 1 1 1 7 2 7 6 1 6 2 2 1 |2 1 7 15 14 14 4 7 1 1 3 1 5 1 1 17 |9 1 1 2 1 7 4 8 1 1 1 5 3 1 3 1 |
13127: 1 5 8 1 6 18 3 1 6 3 1 2 10 1 17 3 |33 18 1 6 1 1 1 1 15 7 1 14 25 1 1 3 |20 211 287 18 17 2 11 16 10 3 10 11 3 13 8 5 |12 129 139 1 6 8 1 16 16 9 14 8 9 10 19 1 |4 9 18 7 6 1 1 3 6 11 1 1 2 8 1 1 |2 11 9 6 1 9 1 1 10 1 1 2 3 5 1 1 |12 13 1 7 2 1 1 12 12 1 1 8 10 1 15 1 |4 1 1 1 3 1 6 17 8 1 1 2 2 1 3 7 |1 7 2 2 9 1 15 13 6 1 1 6 1 9 9 1 |2 10 13 22 1 1 1 7 2 7 6 1 6 2 2 1 |2 1 7 15 14 14 4 7 1 1 3 1 5 1 1 17 |9 1 1 2 1 7 4 8 1 1 1 5 3 1 3 1 |
13138: 1 5 8 1 6 18 3 1 6 3 1 2 10 1 17 3 |33 18 1 6 1 1 1 1 15 7 1 14 25 1 1 3 |20 211 287 18 17 2 11 16 10 3 10 11 3 13 8 5 |12 129 139 1 6 8 1 16 16 9 14 8 9 10 19 1 |4 9 18 7 6 1 1 3 6 11 1 1 2 8 1 1 |2 11 9 6 1 9 1 1 10 1 1 2 3 5 1 1 |12 13 1 7 2 1 1 12 12 1 1 8 10 1 15 1 |4 1 1 1 3 1 6 17 8 1 1 2 2 1 3 7 |1 2 2 1 2 1 15 13 6 1 1 6 1 2 15 1 |2 10 13 22 1 1 1 7 2 7 6 1 6 2 2 1 |2 1 7 15 14 14 4 7 1 1 3 1 5 1 1 17 |9 1 1 2 1 7 4 8 1 1 1 5 3 1 3 1 |
13149: 1 5 8 1 6 18 3 1 6 3 1 2 10 1 17 3 |33 18 1 6 1 1 1 1 15 7 1 14 25 1 1 3 |20 211 287 18 17 2 11 16 10 3 10 11 3 13 8 5 |12 129 139 1 6 8 1 16 16 9 14 8 9 10 19 1 |4 9 18 7 6 1 1 3 6 11 1 1 2 8 1 1 |2 11 9 6 1 9 1 1 10 1 1 2 3 5 1 1 |12 13 1 7 2 1 1 12 12 1 1 8 10 1 15 1 |4 1 1 1 3 1 6 17 8 1 1 2 2 1 3 7 |1 2 2 1 2 1 15 13 6 1 1 6 1 2 15 1 |2 10 13 22 1 1 1 7 2 7 6 1 6 2 2 1 |2 1 7 15 14 14 4 7 1 1 3 1 5 1 1 17 |9 1 1 2 1 7 4 8 1 1 1 5 3 1 3 1 |
13160: 1 5 8 1 6 18 3 1 6 3 1 2 10 1 17 3 |33 18 1 6 1 1 1 1 15 7 1 14 25 1 1 3 |20 211 287 18 17 2 11 16 10 3 10 11 3 13 8 5 |12 129 139 1 6 8 1 16 16 9 14 8 9 10 19 1 |4 9 18 7 6 1 1 3 6 11 1 1 2 8 1 1 |2 11 9 6 1 9 1 1 10 1 1 2 3 5 1 1 |12 13 1 7 2 1 1 12 12 1 1 8 10 1 15 1 |4 1 1 1 3 1 6 17 8 1 1 2 2 1 3 7 |1 2 2 1 2 1 15 13 6 1 1 6 1 2 15 1 |2 10 13 22 1 1 1 7 2 7 6 1 6 2 2 1 |2 1 7 15 14 14 4 7 1 1 3 1 5 1 1 17 |9 1 1 2 1 7 4 8 1 1 1 5 3 1 3 1 |
13171: 1 5 8 1 6 18 3 1 6 3 1 2 10 1 17 3 |33 18 1 6 1 1 1 1 15 7 1 14 25 1 1 3 |20 211 287 18 17 2 11 16 10 3 10 11 3 13 8 5 |12 129 139 1 6 8 1 16 16 9 14 8 9 10 19 1 |4 9 18 7 6 1 1 3 6 11 1 1 2 8 1 1 |2 11 9 6 1 9 1 1 10 1 1 2 3 5 1 1 |12 13 1 7 2 1 1 12 12 1 1 8 10 1 15 1 |4 1 1 1 3 1 6 17 8 1 1 2 2 1 3 7 |1 2 2 1 1 1 10 13 9 1 1 6 1 6 8 1 |2 10 13 22 1 1 1 7 2 7 6 1 6 2 2 1 |2 1 7 15 14 14 4 7 1 1 3 1 5 1 1 17 |9 1 1 2 1 7 4 8 1 1 1 5 3 1 3 1 |
13182: 1 5 8 1 6 18 3 1 6 3 1 2 10 1 17 3 |33 18 1 6 1 1 1 1 15 7 1 14 25 1 1 3 |20 211 287 18 17 2 11 16 10 3 10 11 3 13 8 5 |12 129 139 1 6 8 1 16 16 9 14 8 9 10 19 1 |4 9 18 7 6 1 1 3 6 11 1 1 2 8 1 1 |2 11 9 6 1 9 1 1 10 1 1 2 3 5 1 1 |12 13 1 7 2 1 1 12 12 1 1 8 10 1 15 1 |4 1 1 1 3 1 6 17 8 1 1 2 2 1 3 7 |1 2 2 1 1 1 10 13 9 1 1 6 1 6 8 1 |1 1 18 22 2 2 1 6 2 7 15 1 6 1 3 1 |2 1 7 15 14 14 4 7 1 1 3 1 5 1 1 17 |9 1 1 2 1 7 4 8 1 1 1 5 3 1 3 1 |
13193: 1 5 8 1 6 18 3 1 6 3 1 2 10 1 17 3 |33 18 1 6 1 1 1 1 15 7 1 14 25 1 1 3 |20 211 287 18 17 2 11 16 10 3 10 11 3 13 8 5 |12 129 139 1 6 8 1 16 16 9 14 8 9 10 19 1 |4 9 18 7 6 1 1 3 6 11 1 1 2 8 1 1 |2 11 9 6 1 9 1 1 10 1 1 2 3 5 1 1 |12 13 1 7 2 1 1 12 12 1 1 8 10 1 15 1 |4 1 1 1 3 1 6 17 8 1 1 2 2 1 3 7 |1 2 2 1 1 1 10 13 9 1 1 6 1 6 8 1 |1 1 18 22 2 2 1 6 2 7 15 1 6 1 3 1 |2 1 7 15 14 14 4 7 1 1 3 1 5 1 1 17 |9 1 1 2 1 7 4 8 1 1 1 5 3 1 3 1 |
13204: 1 5 8 1 6 18 3 1 6 3 1 2 10 1 17 3 |33 18 1 6 1 1 1 1 15 7 1 14 25 1 1 3 |20 211 287 18 17 2 11 16 10 3 10 11 3 13 8 5 |12 129 139 1 6 8 1 16 16 9 14 8 9 10 19 1 |4 9 18 7 6 1 1 3 6 11 1 1 2 8 1 1 |2 11 9 6 1 9 1 1 10 1 1 2 3 5 1 1 |12 13 1 7 2 1 1 12 12 1 1 8 10 1 15 1 |4 1 1 1 3 1 6 17 8 1 1 2 2 1 3 7 |1 2 2 1 1 1 10 13 9 1 1 6 1 6 8 1 |1 1 18 22 2 2 1 6 2 7 15 1 6 1 3 1 |2 1 7 15 14 14 4 7 1 1 3 1 5 1 1 17 |9 1 1 2 1 7 4 8 1 1 1 5 3 1 3 1 |
13214: 1 5 8 1 6 18 3 1 6 3 1 2 10 1 17 3 |33 18 1 6 1 1 1 1 15 7 1 14 25 1 1 3 |20 211 287 18 17 2 11 16 10 3 10 11 3 13 8 5 |12 129 139 1 6 8 1 16 16 9 14 8 9 10 19 1 |4 9 18 7 6 1 1 3 6 11 1 1 2 8 1 1 |2 11 9 6 1 9 1 1 10 1 1 2 3 5 1 1 |12 13 1 7 2 1 1 12 12 1 1 8 10 1 15 1 |4 1 1 1 3 1 6 17 8 1 1 2 2 1 3 7 |1 2 2 1 1 1 10 13 9 1 1 6 1 6 8 1 |1 1 18 22 2 2 1 6 2 7 15 1 6 1 3 1 |2 1 7 15 14 14 4 7 1 1 3 1 5 1 1 17 |9 1 1 2 1 7 4 8 1 1 1 5 3 1 3 1 |
13225: 1 5 8 1 6 18 3 1 6 3 1 2 10 1 17 3 |33 18 1 6 1 1 1 1 15 7 1 14 25 1 1 3 |20 211 287 18 17 2 11 16 10 3 10 11 3 13 8 5 |12 129 139 1 6 8 1 16 16 9 14 8 9 10 19 1 |4 9 18 7 6 1 1 3 6 11 1 1 2 8 1 1 |2 11 9 6 1 9 1 1 10 1 1 2 3 5 1 1 |12 13 1 7 2 1 1 12 12 1 1 8 10 1 15 1 |4 1 1 1 3 1 6 17 8 1 1 2 2 1 3 7 |1 2 2 1 1 1 10 13 9 1 1 6 1 6 8 1 |1 1 18 22 2 2 1 6 2 7 15 1 6 1 3 1 |2 1 7 15 14 14 4 7 1 1 3 1 5 1 1 17 |9 1 1 2 1 7 4 8 1 1 1 5 3 1 3 1 |
13236: 1 5 8 1 6 18 3 1 6 3 1 2 10 1 17 3 |33 18 1 6 1 1 1 1 15 7 1 14 25 1 1 3 |20 211 287 18 17 2 11 16 10 3 10 11 3 13 8 5 |12 129 139 1 6 8 1 16 16 9 14 8 9 10 19 1 |4 9 18 7 6 1 1 3 6 11 1 1 2 8 1 1 |2 11 9 6 1 9 1 1 10 1 1 2 3 5 1 1 |12 13 1 7 2 1 1 12 12 1 1 8 10 1 15 1 |4 1 1 1 3 1 6 17 8 1 1 2 2 1 3 7 |1 2 2 1 1 1 10 13 9 1 1 6 1 6 8 1 |2 10 7 22 2 1 2 6 2 6 14 1 6 2 14 1 |2 1 7 15 14 14 4 7 1 1 3 1 5 1 1 17 |9 1 1 2 1 7 4 8 1 1 1 5 3 1 3 1 |
13247: 1 5 8 1 6 18 3 1 6 3 1 2 10 1 17 3 |33 18 1 6 1 1 1 1 15 7 1 14 25 1 1 3 |20 211 287 18 17 2 11 16 10 3 10 11 3 13 8 5 |12 129 139 1 6 8 1 16 16 9 14 8 9 10 19 1 |4 9 18 7 6 1 1 3 6 11 1 1 2 8 1 1 |2 11 9 6 1 9 1 1 10 1 1 2 3 5 1 1 |12 13 1 7 2 1 1 12 12 1 1 8 10 1 15 1 |4 1 1 1 3 1 6 17 8 1 1 2 2 1 3 7 |1 2 2 1 1 1 10 13 9 1 1 6 1 6 8 1 |2 10 7 22 2 1 2 6 2 6 14 1 6 2 14 1 |4 1 10 14 14 13 4 7 1 14 3 1 1 1 1 15 |9 1 1 2 1 7 4 8 1 1 1 5 3 1 3 1 |
13258: 1 1 6 9 6 2 9 1 6 1 1 3 10 1 3 8 |33 18 1 6 1 1 1 1 15 7 1 14 25 1 1 3 |20 211 287 18 17 2 11 16 10 3 10 11 3 13 8 5 |12 129 139 1 6 8 1 16 16 9 14 8 9 10 19 1 |4 9 18 7 6 1 1 3 6 11 1 1 2 8 1 1 |2 11 9 6 1 9 1 1 10 1 1 2 3 5 1 1 |12 13 1 7 2 1 1 12 12 1 1 8 10 1 15 1 |4 1 1 1 3 1 6 17 8 1 1 2 2 1 3 7 |1 2 2 1 1 1 10 13 9 1 1 6 1 6 8 1 |2 10 7 22 2 1 2 6 2 6 14 1 6 2 14 1 |4 1 10 14 14 13 4 7 1 14 3 1 1 1 1 15 |9 1 1 2 1 7 4 8 1 1 1 5 3 1 3 1 |
13269: 1 1 6 9 6 2 9 1 6 1 1 3 10 1 3 8 |33 18 1 6 1 1 1 1 15 7 1 14 25 1 1 3 |20 211 287 18 17 2 11 16 10 3 10 11 3 13 8 5 |12 129 139 1 6 8 1 16 16 9 14 8 9 10 19 1 |4 9 18 7 6 1 1 3 6 11 1 1 2 8 1 1 |2 11 9 6 1 9 1 1 10 1 1 2 3 5 1 1 |12 13 1 7 2 1 1 12 12 1 1 8 10 1 15 1 |4 1 1 1 3 1 6 17 8 1 1 2 2 1 3 7 |1 2 2 1 1 1 10 13 9 1 1 6 1 6 8 1 |2 10 7 22 2 1 2 6 2 6 14 1 6 2 14 1 |4 1 9 15 15 8 1 1 1 2 2 1 1 1 1 2 |9 1 1 2 1 7 4 8 1 1 1 5 3 1 3 1 |
13280: 1 1 6 9 6 2 9 1 6 1 1 3 10 1 3 8 |33 18 1 6 1 1 1 1 15 7 1 14 25 1 1 3 |20 211 287 18 17 2 11 16 10 3 10 11 3 13 8 5 |12 129 139 1 6 8 1 16 16 9 14 8 9 10 19 1 |4 9 18 7 6 1 1 3 6 11 1 1 2 8 1 1 |2 11 9 6 1 9 1 1 10 1 1 2 3 5 1 1 |12 13 1 7 2 1 1 12 12 1 1 8 10 1 15 1 |4 1 1 1 3 1 6 17 8 1 1 2 2 1 3 7 |1 2 2 1 1 1 10 13 9 1 1 6 1 6 8 1 |2 10 7 22 2 1 2 6 2 6 14 1 6 2 14 1 |4 1 9 15 15 8 1 1 1 2 2 1 1 1 1 2 |9 1 1 2 1 7 4 8 1 1 1 5 3 1 3 1 |
13291: 1 1 6 9 6 2 9 1 6 1 1 3 10 1 3 8 |15 9 7 12 1 1 3 2 2 4 10 13 25 2 1 4 |20 211 287 18 17 2 11 16 10 3 10 11 3 13 8 5 |12 129 139 1 6 8 1 16 16 9 14 8 9 10 19 1 |4 9 18 7 6 1 1 3 6 11 1 1 2 8 1 1 |2 11 9 6 1 9 1 1 10 1 1 2 3 5 1 1 |12 13 1 7 2 1 1 12 12 1 1 8 10 1 15 1 |4 1 1 1 3 1 6 17 8 1 1 2 2 1 3 7 |1 2 2 1 1 1 10 13 9 1 1 6 1 6 8 1 |2 10 7 22 2 1 2 6 2 6 14 1 6 2 14 1 |4 1 9 15 15 8 1 1 1 2 2 1 1 1 1 2 |9 1 1 2 1 7 4 8 1 1 1 5 3 1 3 1 |
13302: 1 1 6 9 6 2 9 1 6 1 1 3 10 1 3 8 |15 9 7 12 1 1 3 2 2 4 10 13 25 2 1 4 |20 211 287 18 17 2 11 16 10 3 10 11 3 13 8 5 |12 129 139 1 6 8 1 16 16 9 14 8 9 10 19 1 |4 9 18 7 6 1 1 3 6 11 1 1 2 8 1 1 |2 11 9 6 1 9 1 1 10 1 1 2 3 5 1 1 |12 13 1 7 2 1 1 12 12 1 1 8 10 1 15 1 |4 1 1 1 3 1 6 17 8 1 1 2 2 1 3 7 |1 1 1 1 2 1 16 1 16 4 1 1 1 2 15 1 |2 10 7 22 2 1 2 6 2 6 14 1 6 2 14 1 |4 1 9 15 15 8 1 1 1 2 2 1 1 1 1 2 |9 1 1 2 1 7 4 8 1 1 1 5 3 1 3 1 |
13313: 1 1 6 9 6 2 9 1 6 1 1 3 10 1 3 8 |15 9 7 12 1 1 3 2 2 4 10 13 25 2 1 4 |20 211 287 18 17 2 11 16 10 3 10 11 3 13 8 5 |12 129 139 1 6 8 1 16 16 9 14 8 9 10 19 1 |4 9 18 7 6 1 1 3 6 11 1 1 2 8 1 1 |2 11 9 6 1 9 1 1 10 1 1 2 3 5 1 1 |12 13 1 7 2 1 1 12 12 1 1 8 10 1 15 1 |4 1 1 1 3 1 6 17 8 1 1 2 2 1 3 7 |1 1 1 1 2 1 16 1 16 4 1 1 1 2 15 1 |3 10 11 20 1 1 1 6 2 6 13 1 6 2 15 1 |4 1 9 15 15 8 1 1 1 2 2 1 1 1 1 2 |9 1 1 2 1 7 4 8 1 1 1 5 3 1 3 1 |
13324: 1 1 6 9 6 2 9 1 6 1 1 3 10 1 3 8 |15 9 7 12 1 1 3 2 2 4 10 13 25 2 1 4 |20 211 287 18 17 2 11 16 10 3 10 11 3 13 8 5 |12 129 139 1 6 8 1 16 16 9 14 8 9 10 19 1 |4 9 18 7 6 1 1 3 6 11 1 1 2 8 1 1 |2 11 9 6 1 9 1 1 10 1 1 2 3 5 1 1 |12 13 1 7 2 1 1 12 12 1 1 8 10 1 15 1 |4 1 1 1 3 1 6 17 8 1 1 2 2 1 3 7 |1 1 1 1 2 1 16 1 16 4 1 1 1 2 15 1 |3 10 11 20 1 1 1 6 2 6 13 1 6 2 15 1 |4 1 9 15 15 8 1 1 1 2 2 1 1 1 1 2 |9 1 1 2 1 7 4 8 1 1 1 5 3 1 3 1 |
13335: 1 1 6 9 6 2 9 1 6 1 1 3 10 1 3 8 |15 9 7 12 1 1 3 2 2 4 10 13 25 2 1 4 |20 211 287 18 17 2 11 16 10 3 10 11 3 13 8 5 |12 129 139 1 6 8 1 16 16 9 14 8 9 10 19 1 |4 9 18 7 6 1 1 3 6 11 1 1 2 8 1 1 |2 11 9 6 1 9 1 1 10 1 1 2 3 5 1 1 |12 13 1 7 2 1 1 12 12 1 1 8 10 1 15 1 |4 1 1 1 3 1 6 17 8 1 1 2 2 1 3 7 |1 1 1 1 2 1 16 1 16 4 1 1 1 2 15 1 |3 10 11 20 1 1 1 6 2 6 13 1 6 2 15 1 |4 1 9 15 15 8 1 1 1 2 2 1 1 1 1 2 |9 1 1 2 1 7 4 8 1 1 1 5 3 1 3 1 |
13346: 1 1 6 9 6 2 9 1 6 1 1 3 10 1 3 8 |15 9 7 12 1 1 3 2 2 4 10 13 25 2 1 4 |20 211 287 18 17 2 11 16 10 3 10 11 3 13 8 5 |12 129 139 1 6 8 1 16 16 9 14 8 9 10 19 1 |4 9 18 7 6 1 1 3 6 11 1 1 2 8 1 1 |2 11 9 6 1 9 1 1 10 1 1 2 3 5 1 1 |12 13 1 7 2 1 1 12 12 1 1 8 10 1 15 1 |4 1 1 1 3 1 6 17 8 1 1 2 2 1 3 7 |1 1 1 1 2 1 16 1 16 4 1 1 1 2 15 1 |3 10 11 20 1 1 1 6 2 6 13 1 6 2 15 1 |4 1 9 15 15 8 1 1 1 2 2 1 1 1 1 2 |9 1 1 2 1 7 4 8 1 1 1 5 3 1 3 1 |
13357: 1 1 6 9 6 2 9 1 6 1 1 3 10 1 3 8 |15 9 7 12 1 1 3 2 2 4 10 13 25 2 1 4 |20 211 287 18 17 2 11 16 10 3 10 11 3 13 8 5 |12 129 139 1 6 8 1 16 16 9 14 8 9 10 19 1 |4 9 18 7 6 1 1 3 6 11 1 1 2 8 1 1 |2 11 9 6 1 9 1 1 10 1 1 2 3 5 1 1 |12 13 1 7 2 1 1 12 12 1 1 8 10 1 15 1 |4 1 1 1 3 1 6 17 8 1 1 2 2 1 3 7 |1 1 1 1 2 1 16 1 16 4 1 1 1 2 15 1 |3 10 11 20 1 1 1 6 2 6 13 1 6 2 15 1 |4 1 9 15 15 8 1 1 1 2 2 1 1 1 1 2 |9 1 1 2 1 7 4 8 1 1 1 5 3 1 3 1 |
13368: 1 1 6 9 6 2 9 1 6 1 1 3 10 1 3 8 |15 9 7 12 1 1 3 2 2 4 10 13 25 2 1 4 |20 211 287 18 17 2 11 16 10 3 10 11 3 13 8 5 |12 129 139 1 6 8 1 16 16 9 14 8 9 10 19 1 |4 9 18 7 6 1 1 3 6 11 1 1 2 8 1 1 |2 11 9 6 1 9 1 1 10 1 1 2 3 5 1 1 |12 13 1 7 2 1 1 12 12 1 1 8 10 1 15 1 |1 1 9 1 1 2 7 16 4 1 4 2 2 1 3 7 |1 1 1 1 2 1 16 1 16 4 1 1 1 2 15 1 |3 10 11 20 1 1 1 6 2 6 13 1 6 2 15 1 |4 1 9 15 15 8 1 1 1 2 2 1 1 1 1 2 |9 1 1 2 1 7 4 8 1 1 1 5 3 1 3 1 |
13379: 1 1 6 9 6 2 9 1 6 1 1 3 10 1 3 8 |15 9 7 12 1 1 3 2 2 4 10 13 25 2 1 4 |20 211 287 18 17 2 11 16 10 3 10 11 3 13 8 5 |12 129 139 1 6 8 1 16 16 9 14 8 9 10 19 1 |4 9 18 7 6 1 1 3 6 11 1 1 2 8 1 1 |2 11 9 6 1 9 1 1 10 1 1 2 3 5 1 1 |12 13 1 7 2 1 1 12 12 1 1 8 10 1 15 1 |1 1 9 1 1 2 7 16 4 1 4 2 2 1 3 7 |1 1 1 1 2 1 16 1 16 4 1 1 1 2 15 1 |3 10 11 20 1 1 1 6 2 6 13 1 6 2 15 1 |4 1 9 15 15 8 1 1 1 2 2 1 1 1 1 2 |9 1 1 2 1 7 4 8 1 1 1 5 3 1 3 1 |
13390: 1 1 6 9 6 2 9 1 6 1 1 3 10 1 3 8 |15 9 7 12 1 1 3 2 2 4 10 13 25 2 1 4 |20 211 287 18 17 2 11 16 10 3 10 11 3 13 8 5 |12 129 139 1 6 8 1 16 16 9 14 8 9 10 19 1 |4 9 18 7 6 1 1 3 6 11 1 1 2 8 1 1 |2 11 9 6 1 9 1 1 10 1 1 2 3 5 1 1 |12 13 1 7 2 1 1 12 12 1 1 8 10 1 15 1 |1 1 9 1 1 2 7 16 4 1 4 2 2 1 3 7 |1 1 1 1 2 1 16 1 16 4 1 1 1 2 15 1 |3 10 11 20 1 1 1 6 2 6 13 1 6 2 15 1 |4 1 9 15 15 8 1 1 1 2 2 1 1 1 1 2 |9 1 1 2 1 7 4 8 1 1 1 5 3 1 3 1 |
13401: 1 1 6 9 6 2 9 1 6 1 1 3 10 1 3 8 |15 9 7 12 1 1 3 2 2 4 10 13 25 2 1 4 |20 211 287 18 17 2 11 16 10 3 10 11 3 13 8 5 |12 129 139 1 6 8 1 16 16 9 14 8 9 10 19 1 |4 9 18 7 6 1 1 3 6 11 1 1 2 8 1 1 |2 11 9 6 1 9 1 1 10 1 1 2 3 5 1 1 |6 6 10 7 1 1 2 12 12 1 9 9 15 1 15 1 |1 1 9 1 1 2 7 16 4 1 4 2 2 1 3 7 |1 1 1 1 2 1 16 1 16 4 1 1 1 2 15 1 |3 10 11 20 1 1 1 6 2 6 13 1 6 2 15 1 |4 1 9 15 15 8 1 1 1 2 2 1 1 1 1 2 |9 1 1 2 1 7 4 8 1 1 1 5 3 1 3 1 |
13412: 1 1 6 9 6 2 9 1 6 1 1 3 10 1 3 8 |15 9 7 12 1 1 3 2 2 4 10 13 25 2 1 4 |20 211 287 18 17 2 11 16 10 3 10 11 3 13 8 5 |12 129 139 1 6 8 1 16 16 9 14 8 9 10 19 1 |4 9 18 7 6 1 1 3 6 11 1 1 2 8 1 1 |2 11 9 6 1 9 1 1 10 1 1 2 3 5 1 1 |6 6 10 7 1 1 2 12 12 1 9 9 15 1 15 1 |1 1 9 1 1 2 7 16 4 1 4 2 2 1 3 7 |1 1 1 1 2 1 16 1 16 4 1 1 1 2 15 1 |3 10 11 20 1 1 1 6 2 6 13 1 6 2 15 1 |4 1 9 15 15 8 1 1 1 2 2 1 1 1 1 2 |9 1 1 2 1 7 4 8 1 1 1 5 3 1 3 1 |
13423: 1 1 6 9 6 2 9 1 6 1 1 3 10 1 3 8 |15 9 7 12 1 1 3 2 2 4 10 13 25 2 1 4 |20 211 287 18 17 2 11 16 10 3 10 11 3 13 8 5 |12 129 139 1 6 8 1 16 16 9 14 8 9 10 19 1 |4 9 18 7 6 1 1 3 6 11 1 1 2 8 1 1 |2 11 9 6 1 9 1 1 10 1 1 2 3 5 1 1 |6 6 10 7 1 1 2 12 12 1 9 9 15 1 15 1 |1 1 9 1 1 2 7 16 4 1 4 2 2 1 3 7 |1 1 1 1 2 1 16 1 16 4 1 1 1 2 15 1 |3 10 11 20 1 1 1 6 2 6 13 1 6 2 15 1 |4 1 9 15 15 8 1 1 1 2 2 1 1 1 1 2 |9 1 1 2 1 7 4 8 1 1 1 5 3 1 3 1 |
13434: 1 1 6 9 6 2 9 1 6 1 1 3 10 1 3 8 |15 9 7 12 1 1 3 2 2 4 10 13 25 2 1 4 |20 211 287 18 17 2 11 16 10 3 10 11 3 13 8 5 |12 129 139 1 6 8 1 16 16 9 14 8 9 10 19 1 |4 9 18 7 6 1 1 3 6 11 1 1 2 8 1 1 |2 11 9 6 1 9 1 1 10 1 1 2 3 5 1 1 |6 6 10 7 1 1 2 12 12 1 9 9 15 1 15 1 |1 1 9 1 1 2 7 16 4 1 4 2 2 1 3 7 |1 1 1 1 2 1 16 1 16 4 1 1 1 2 15 1 |3 10 11 20 1 1 1 6 2 6 13 1 6 2 15 1 |4 1 9 15 15 8 1 1 1 2 2 1 1 1 1 2 |9 1 1 2 1 7 4 8 1 1 1 5 3 1 3 1 |
13445: 1 1 6 9 6 2 9 1 6 1 1 3 10 1 3 8 |15 9 7 12 1 1 3 2 2 4 10 13 25 2 1 4 |20 211 287 18 17 2 11 16 10 3 10 11 3 13 8 5 |12 129 139 1 6 8 1 16 16 9 14 8 9 10 19 1 |4 9 18 7 6 1 1 3 6 11 1 1 2 8 1 1 |2 11 9 6 1 9 1 1 10 1 1 2 3 5 1 1 |6 6 10 7 1 1 2 12 12 1 9 9 15 1 15 1 |1 1 9 1 1 2 7 16 4 1 4 2 2 1 3 7 |1 1 1 1 2 1 16 1 16 4 1 1 1 2 15 1 |3 10 11 20 1 1 1 6 2 6 13 1 6 2 15 1 |4 1 9 15 15 8 1 1 1 2 2 1 1 1 1 2 |9 1 1 2 1 7 4 8 1 1 1 5 3 1 3 1 |
13456: 1 1 6 9 6 2 9 1 6 1 1 3 10 1 3 8 |15 9 7 12 1 1 3 2 2 4 10 13 25 2 1 4 |20 211 287 18 17 2 11 16 10 3 10 11 3 13 8 5 |12 129 139 1 6 8 1 16 16 9 14 8 9 10 19 1 |4 9 18 7 6 1 1 3 6 11 1 1 2 8 1 1 |2 11 9 6 1 9 1 1 10 1 1 2 3 5 1 1 |6 6 10 7 1 1 2 12 12 1 9 9 15 1 15 1 |1 1 9 1 1 2 7 16 4 1 4 2 2 1 3 7 |1 1 1 1 2 1 16 1 16 4 1 1 1 2 15 1 |3 10 11 20 1 1 1 6 2 6 13 1 6 2 15 1 |4 1 9 15 15 8 1 1 1 2 2 1 1 1 1 2 |9 1 1 2 1 7 4 8 1 1 1 5 3 1 3 1 |
13467: 1 1 6 9 6 2 9 1 6 1 1 3 10 1 3 8 |15 9 7 12 1 1 3 2 2 4 10 13 25 2 1 4 |20 211 287 18 17 2 11 16 10 3 10 11 3 13 8 5 |12 129 139 1 6 8 1 16 16 9 14 8 9 10 19 1 |4 9 18 7 6 1 1 3 6 11 1 1 2 8 1 1 |2 11 9 6 1 9 1 1 10 1 1 2 3 5 1 1 |6 6 10 7 1 1 2 12 12 1 9 9 15 1 15 1 |1 1 9 1 1 2 7 16 4 1 4 2 2 1 3 7 |1 1 1 1 2 1 16 1 16 4 1 1 1 2 15 1 |1 10 11 2 2 2 1 7 2 6 15 1 5 2 3 1 |4 1 9 15 15 8 1 1 1 2 2 1 1 1 1 2 |9 1 1 2 1 7 4 8 1 1 1 5 3 1 3 1 |
13478: 1 1 6 9 6 2 9 1 6 1 1 3 10 1 3 8 |15 9 7 12 1 1 3 2 2 4 10 13 25 2 1 4 |20 211 287 18 17 2 11 16 10 3 10 11 3 13 8 5 |12 129 139 1 6 8 1 16 16 9 14 8 9 10 19 1 |4 9 18 7 6 1 1 3 6 11 1 1 2 8 1 1 |2 11 9 6 1 9 1 1 10 1 1 2 3 5 1 1 |6 6 10 7 1 1 2 12 12 1 9 9 15 1 15 1 |1 1 9 1 1 2 7 16 4 1 4 2 2 1 3 7 |1 1 1 1 2 1 16 1 16 4 1 1 1 2 15 1 |1 10 11 2 2 2 1 7 2 6 15 1 5 2 3 1 |4 1 9 15 15 8 1 1 1 2 2 1 1 1 1 2 |9 1 1 2 1 7 4 8 1 1 1 5 3 1 3 1 |
13489: 1 1 6 9 6 2 9 1 6 1 1 3 10 1 3 8 |8 5 3 9 2 1 1 1 10 6 1 1 23 1 1 5 |20 211 287 18 17 2 11 16 10 3 10 11 3 13 8 5 |12 129 139 1 6 8 1 16 16 9 14 8 9 10 19 1 |4 9 18 7 6 1 1 3 6 11 1 1 2 8 1 1 |2 11 9 6 1 9 1 1 10 1 1 2 3 5 1 1 |6 6 10 7 1 1 2 12 12 1 9 9 15 1 15 1 |1 1 9 1 1 2 7 16 4 1 4 2 2 1 3 7 |1 1 1 1 2 1 16 1 16 4 1 1 1 2 15 1 |1 10 11 2 2 2 1 7 2 6 15 1 5 2 3 1 |4 1 9 15 15 8 1 1 1 2 2 1 1 1 1 2 |9 1 1 2 1 7 4 8 1 1 1 5 3 1 3 1 |
13500: 1 1 6 9 6 2 9 1 6 1 1 3 10 1 3 8 |8 5 3 9 2 1 1 1 10 6 1 1 23 1 1 5 |4 6 15 6 10 3 12 19 3 1 3 5 1 4 1 2 |12 129 139 1 6 8 1 16 16 9 14 8 9 10 19 1 |4 9 18 7 6 1 1 3 6 11 1 1 2 8 1 1 |2 11 9 6 1 9 1 1 10 1 1 2 3 5 1 1 |6 6 10 7 1 1 2 12 12 1 9 9 15 1 15 1 |1 1 9 1 1 2 7 16 4 1 4 2 2 1 3 7 |1 1 1 1 2 1 16 1 16 4 1 1 1 2 15 1 |1 10 11 2 2 2 1 7 2 6 15 1 5 2 3 1 |4 1 9 15 15 8 1 1 1 2 2 1 1 1 1 2 |9 1 1 2 1 7 4 8 1 1 1 5 3 1 3 1 |
13511: 1 1 6 9 6 2 9 1 6 1 1 3 10 1 3 8 |8 5 3 9 2 1 1 1 10 6 1 1 23 1 1 5 |4 6 15 6 10 3 12 19 3 1 3 5 1 4 1 2 |12 129 139 1 6 8 1 16 16 9 14 8 9 10 19 1 |4 9 18 7 6 1 1 3 6 11 1 1 2 8 1 1 |2 11 9 6 1 9 1 1 10 1 1 2 3 5 1 1 |6 6 10 7 1 1 2 12 12 1 9 9 15 1 15 1 |1 1 9 1 1 2 7 16 4 1 4 2 2 1 3 7 |1 1 1 1 2 1 16 1 16 4 1 1 1 2 15 1 |1 10 11 2 2 2 1 7 2 6 15 1 5 2 3 1 |4 1 9 15 15 8 1 1 1 2 2 1 1 1 1 2 |9 1 1 2 1 7 4 8 1 1 1 5 3 1 3 1 |
13522: 1 1 6 9 6 2 9 1 6 1 1 3 10 1 3 8 |8 5 3 9 2 1 1 1 10 6 1 1 23 1 1 5 |4 15 17 7 8 4 18 21 2 1 1 1 4 5 1 2 |12 129 139 1 6 8 1 16 16 9 14 8 9 10 19 1 |4 9 18 7 6 1 1 3 6 11 1 1 2 8 1 1 |2 11 9 6 1 9 1 1 10 1 1 2 3 5 1 1 |6 6 10 7 1 1 2 12 12 1 9 9 15 1 15 1 |1 1 9 1 1 2 7 16 4 1 4 2 2 1 3 7 |1 1 1 1 2 1 16 1 16 4 1 1 1 2 15 1 |1 10 11 2 2 2 1 7 2 6 15 1 5 2 3 1 |4 1 9 15 15 8 1 1 1 2 2 1 1 1 1 2 |9 1 1 2 1 7 4 8 1 1 1 5 3 1 3 1 |
13533: 1 1 6 9 6 2 9 1 6 1 1 3 10 1 3 8 |8 5 3 9 2 1 1 1 10 6 1 1 23 1 1 5 |4 15 17 7 8 4 18 21 2 1 1 1 4 5 1 2 |12 129 139 1 6 8 1 16 16 9 14 8 9 10 19 1 |4 9 18 7 6 1 1 3 6 11 1 1 2 8 1 1 |2 11 9 6 1 9 1 1 10 1 1 2 3 5 1 1 |6 6 10 7 1 1 2 12 12 1 9 9 15 1 15 1 |1 1 9 1 1 2 7 16 4 1 4 2 2 1 3 7 |1 1 1 1 2 1 16 1 16 4 1 1 1 2 15 1 |3 10 11 3 1 16 1 8 2 7 1 1 1 6 2 1 |4 1 9 15 15 8 1 1 1 2 2 1 1 1 1 2 |9 1 1 2 1 7 4 8 1 1 1 5 3 1 3 1 |
13544: 1 1 6 9 6 2 9 1 6 1 1 3 10 1 3 8 |8 5 3 9 2 1 1 1 10 6 1 1 23 1 1 5 |4 15 17 7 8 4 18 21 2 1 1 1 4 5 1 2 |12 129 139 1 6 8 1 16 16 9 14 8 9 10 19 1 |4 9 18 7 6 1 1 3 6 11 1 1 2 8 1 1 |2 11 9 6 1 9 1 1 10 1 1 2 3 5 1 1 |6 6 10 7 1 1 2 12 12 1 9 9 15 1 15 1 |1 1 9 1 1 2 7 16 4 1 4 2 2 1 3 7 |1 1 1 1 2 1 16 1 16 4 1 1 1 2 15 1 |3 10 11 3 1 16 1 8 2 7 1 1 1 6 2 1 |4 1 9 15 15 8 1 1 1 2 2 1 1 1 1 2 |9 1 1 2 1 7 4 8 1 1 1 5 3 1 3 1 |
13555: 1 1 6 9 6 2 9 1 6 1 1 3 10 1 3 8 |8 5 3 9 2 1 1 1 10 6 1 1 23 1 1 5 |3 15 13 7 8 1 23 20 8 1 1 1 4 1 1 4 |12 129 139 1 6 8 1 16 16 9 14 8 9 10 19 1 |4 9 18 7 6 1 1 3 6 11 1 1 2 8 1 1 |2 11 9 6 1 9 1 1 10 1 1 2 3 5 1 1 |6 6 10 7 1 1 2 12 12 1 9 9 15 1 15 1 |1 1 9 1 1 2 7 16 4 1 4 2 2 1 3 7 |1 1 1 1 2 1 16 1 16 4 1 1 1 2 15 1 |3 10 11 3 1 16 1 8 2 7 1 1 1 6 2 1 |4 1 9 15 15 8 1 1 1 2 2 1 1 1 1 2 |9 1 1 2 1 7 4 8 1 1 1 5 3 1 3 1 |
13566: 1 1 6 9 6 2 9 1 6 1 1 3 10 1 3 8 |8 5 3 9 2 1 1 1 10 6 1 1 23 1 1 5 |3 15 13 7 8 1 23 20 8 1 1 1 4 1 1 4 |12 129 139 1 6 8 1 16 16 9 14 8 9 10 19 1 |4 9 18 7 6 1 1 3 6 11 1 1 2 8 1 1 |2 11 9 6 1 9 1 1 10 1 1 2 3 5 1 1 |6 6 10 7 1 1 2 12 12 1 9 9 15 1 15 1 |1 1 9 1 1 2 7 16 4 1 4 2 2 1 3 7 |1 1 1 1 2 1 16 1 16 4 1 1 1 2 15 1 |3 10 11 3 1 16 1 8 2 7 1 1 1 6 2 1 |2 1 8 8 14 4 1 1 2 14 2 1 1 1 1 16 |9 1 1 2 1 7 4 8 1 1 1 5 3 1 3 1 |
13577: 1 1 6 9 6 2 9 1 6 1 1 3 10 1 3 8 |8 5 3 9 2 1 1 1 10 6 1 1 23 1 1 5 |3 15 13 7 8 1 23 20 8 1 1 1 4 1 1 4 |12 129 139 1 6 8 1 16 16 9 14 8 9 10 19 1 |4 9 18 7 6 1 1 3 6 11 1 1 2 8 1 1 |2 11 9 6 1 9 1 1 10 1 1 2 3 5 1 1 |6 6 10 7 1 1 2 12 12 1 9 9 15 1 15 1 |1 1 9 1 1 2 7 16 4 1 4 2 2 1 3 7 |1 1 1 1 2 1 16 1 16 4 1 1 1 2 15 1 |3 10 11 3 1 16 1 8 2 7 1 1 1 6 2 1 |2 1 8 8 14 4 1 1 2 14 2 1 1 1 1 16 |9 1 1 2 1 7 4 8 1 1 1 5 3 1 3 1 |
13587: 1 1 6 9 6 2 9 1 6 1 1 3 10 1 3 8 |8 5 3 9 2 1 1 1 10 6 1 1 23 1 1 5 |3 15 13 7 8 1 23 20 8 1 1 1 4 1 1 4 |12 129 139 1 6 8 1 16 16 9 14 8 9 10 19 1 |4 9 18 7 6 1 1 3 6 11 1 1 2 8 1 1 |2 11 9 6 1 9 1 1 10 1 1 2 3 5 1 1 |6 6 10 7 1 1 2 12 12 1 9 9 15 1 15 1 |1 1 9 1 1 2 7 16 4 1 4 2 2 1 3 7 |1 1 1 1 2 1 16 1 16 4 1 1 1 2 15 1 |3 10 11 3 1 16 1 8 2 7 1 1 1 6 2 1 |2 1 8 8 14 4 1 1 2 14 2 1 1 1 1 16 |9 1 1 2 1 7 4 8 1 1 1 5 3 1 3 1 |
13598: 1 1 6 9 6 2 9 1 6 1 1 3 10 1 3 8 |8 5 3 9 2 1 1 1 10 6 1 1 23 1 1 5 |3 15 13 7 8 1 23 20 8 1 1 1 4 1 1 4 |12 129 139 1 6 8 1 16 16 9 14 8 9 10 19 1 |4 9 18 7 6 1 1 3 6 11 1 1 2 8 1 1 |2 11 9 6 1 9 1 1 10 1 1 2 3 5 1 1 |6 6 10 7 1 1 2 12 12 1 9 9 15 1 15 1 |1 1 9 1 1 2 7 16 4 1 4 2 2 1 3 7 |1 1 1 1 2 1 16 1 16 4 1 1 1 2 15 1 |3 10 11 3 1 16 1 8 2 7 1 1 1 6 2 1 |2 1 6 1 14 10 1 6 3 5 7 1 1 1 1 17 |9 1 1 2 1 7 4 8 1 1 1 5 3 1 3 1 |
13609: 1 1 6 9 6 2 9 1 6 1 1 3 10 1 3 8 |8 5 3 9 2 1 1 1 10 6 1 1 23 1 1 5 |3 15 13 7 8 1 23 20 8 1 1 1 4 1 1 4 |12 129 139 1 6 8 1 16 16 9 14 8 9 10 19 1 |4 9 18 7 6 1 1 3 6 11 1 1 2 8 1 1 |2 11 9 6 1 9 1 1 10 1 1 2 3 5 1 1 |6 6 10 7 1 1 2 12 12 1 9 9 15 1 15 1 |1 1 9 1 1 2 7 16 4 1 4 2 2 1 3 7 |1 1 1 1 2 1 16 1 16 4 1 1 1 2 15 1 |3 10 11 3 1 16 1 8 2 7 1 1 1 6 2 1 |2 1 6 1 14 10 1 6 3 5 7 1 1 1 1 17 |9 1 1 2 1 7 4 8 1 1 1 5 3 1 3 1 |
13620: 1 1 6 9 6 2 9 1 6 1 1 3 10 1 3 8 |8 5 3 9 2 1 1 1 10 6 1 1 23 1 1 5 |3 15 13 7 8 1 23 20 8 1 1 1 4 1 1 4 |1 9 13 1 26 26 6 5 1 13 14 6 1 1 1 1 |4 9 18 7 6 1 1 3 6 11 1 1 2 8 1 1 |2 11 9 6 1 9 1 1 10 1 1 2 3 5 1 1 |6 6 10 7 1 1 2 12 12 1 9 9 15 1 15 1 |1 1 9 1 1 2 7 16 4 1 4 2 2 1 3 7 |1 1 1 1 2 1 16 1 16 4 1 1 1 2 15 1 |3 10 11 3 1 16 1 8 2 7 1 1 1 6 2 1 |2 1 6 1 14 10 1 6 3 5 7 1 1 1 1 17 |9 1 1 2 1 7 4 8 1 1 1 5 3 1 3 1 |
13631: 1 1 6 9 6 2 9 1 6 1 1 3 10 1 3 8 |8 5 3 9 2 1 1 1 10 6 1 1 23 1 1 5 |3 15 13 7 8 1 23 20 8 1 1 1 4 1 1 4 |1 9 13 1 26 26 6 5 1 13 14 6 1 1 1 1 |3 1 2 26 95 185 68 1 9 16 14 1 1 9 1 17 |2 11 9 6 1 9 1 1 10 1 1 2 3 5 1 1 |6 6 10 7 1 1 2 12 12 1 9 9 15 1 15 1 |1 1 9 1 1 2 7 16 4 1 4 2 2 1 3 7 |1 1 1 1 2 1 16 1 16 4 1 1 1 2 15 1 |3 10 11 3 1 16 1 8 2 7 1 1 1 6 2 1 |2 1 6 1 14 10 1 6 3 5 7 1 1 1 1 17 |9 1 1 2 1 7 4 8 1 1 1 5 3 1 3 1 |
13642: 1 1 6 9 6 2 9 1 6 1 1 3 10 1 3 8 |8 5 3 9 2 1 1 1 10 6 1 1 23 1 1 5 |3 15 13 7 8 1 23 20 8 1 1 1 4 1 1 4 |1 9 13 1 26 26 6 5 1 13 14 6 1 1 1 1 |3 1 2 26 95 185 68 1 9 16 14 1 1 9 1 17 |2 11 9 6 1 9 1 1 10 1 1 2 3 5 1 1 |6 6 10 7 1 1 2 12 12 1 9 9 15 1 15 1 |1 1 9 1 1 2 7 16 4 1 4 2 2 1 3 7 |1 1 1 1 2 1 16 1 16 4 1 1 1 2 15 1 |3 10 11 3 1 16 1 8 2 7 1 1 1 6 2 1 |2 1 6 1 14 10 1 6 3 5 7 1 1 1 1 17 |9 1 1 2 1 7 4 8 1 1 1 5 3 1 3 1 |
13653: 1 1 6 9 6 2 9 1 6 1 1 3 10 1 3 8 |8 5 3 9 2 1 1 1 10 6 1 1 23 1 1 5 |3 15 13 7 8 1 23 20 8 1 1 1 4 1 1 4 |1 9 13 1 26 26 6 5 1 13 14 6 1 1 1 1 |5 10 9 26 77 185 59 1 10 17 12 1 15 7 1 17 |2 11 9 6 1 9 1 1 10 1 1 2 3 5 1 1 |6 6 10 7 1 1 2 12 12 1 9 9 15 1 15 1 |1 1 9 1 1 2 7 16 4 1 4 2 2 1 3 7 |1 1 1 1 2 1 16 1 16 4 1 1 1 2 15 1 |3 10 11 3 1 16 1 8 2 7 1 1 1 6 2 1 |2 1 6 1 14 10 1 6 3 5 7 1 1 1 1 17 |9 1 1 2 1 7 4 8 1 1 1 5 3 1 3 1 |
13664: 1 1 6 9 6 2 9 1 6 1 1 3 10 1 3 8 |8 5 3 9 2 1 1 1 10 6 1 1 23 1 1 5 |3 15 13 7 8 1 23 20 8 1 1 1 4 1 1 4 |1 9 13 1 26 26 6 5 1 13 14 6 1 1 1 1 |5 10 9 26 77 185 59 1 10 17 12 1 15 7 1 17 |2 11 9 6 1 9 1 1 10 1 1 2 3 5 1 1 |6 6 10 7 1 1 2 12 12 1 9 9 15 1 15 1 |1 1 9 1 1 2 7 16 4 1 4 2 2 1 3 7 |1 1 1 1 2 1 16 1 16 4 1 1 1 2 15 1 |3 10 11 3 1 16 1 8 2 7 1 1 1 6 2 1 |2 1 6 1 14 10 1 6 3 5 7 1 1 1 1 17 |9 6 5 1 1 9 4 13 4 1 1 2 1 2 3 4 |
13675: 1 1 6 9 6 2 9 1 6 1 1 3 10 1 3 8 |8 5 3 9 2 1 1 1 10 6 1 1 23 1 1 5 |3 15 13 7 8 1 23 20 8 1 1 1 4 1 1 4 |1 9 13 1 26 26 6 5 1 13 14 6 1 1 1 1 |5 10 9 26 77 185 59 1 10 17 12 1 15 7 1 17 |2 11 9 6 1 9 1 1 10 1 1 2 3 5 1 1 |6 6 10 7 1 1 2 12 12 1 9 9 15 1 15 1 |1 1 9 1 1 2 7 16 4 1 4 2 2 1 3 7 |1 1 1 1 2 1 16 1 16 4 1 1 1 2 15 1 |3 10 11 3 1 16 1 8 2 7 1 1 1 6 2 1 |2 1 6 1 14 10 1 6 3 5 7 1 1 1 1 17 |9 6 5 1 1 9 4 13 4 1 1 2 1 2 3 4 |
13686: 1 1 6 9 6 2 9 1 6 1 1 3 10 1 3 8 |8 5 3 9 2 1 1 1 10 6 1 1 23 1 1 5 |3 15 13 7 8 1 23 20 8 1 1 1 4 1 1 4 |1 9 13 1 26 26 6 5 1 13 14 6 1 1 1 1 |2 7 3 24 72 180 71 1 8 15 11 1 15 10 3 14 |2 11 9 6 1 9 1 1 10 1 1 2 3 5 1 1 |6 6 10 7 1 1 2 12 12 1 9 9 15 1 15 1 |1 1 9 1 1 2 7 16 4 1 4 2 2 1 3 7 |1 1 1 1 2 1 16 1 16 4 1 1 1 2 15 1 |3 10 11 3 1 16 1 8 2 7 1 1 1 6 2 1 |2 1 6 1 14 10 1 6 3 5 7 1 1 1 1 17 |9 6 5 1 1 9 4 13 4 1 1 2 1 2 3 4 |
13697: 1 1 6 9 6 2 9 1 6 1 1 3 10 1 3 8 |8 5 3 9 2 1 1 1 10 6 1 1 23 1 1 5 |3 15 13 7 8 1 23 20 8 1 1 1 4 1 1 4 |1 9 13 1 26 26 6 5 1 13 14 6 1 1 1 1 |2 7 3 24 72 180 71 1 8 15 11 1 15 10 3 14 |7 8 15 29 104 295 131 20 1 8 1 1 11 11 1 9 |6 6 10 7 1 1 2 12 12 1 9 9 15 1 15 1 |1 1 9 1 1 2 7 16 4 1 4 2 2 1 3 7 |1 1 1 1 2 1 16 1 16 4 1 1 1 2 15 1 |3 10 11 3 1 16 1 8 2 7 1 1 1 6 2 1 |2 1 6 1 14 10 1 6 3 5 7 1 1 1 1 17 |9 6 5 1 1 9 4 13 4 1 1 2 1 2 3 4 |
13708: 1 1 6 9 6 2 9 1 6 1 1 3 10 1 3 8 |8 5 3 9 2 1 1 1 10 6 1 1 23 1 1 5 |3 15 13 7 8 1 23 20 8 1 1 1 4 1 1 4 |1 9 13 1 26 26 6 5 1 13 14 6 1 1 1 1 |2 7 3 24 72 180 71 1 8 15 11 1 15 10 3 14 |7 8 15 29 104 295 131 20 1 8 1 1 11 11 1 9 |6 6 10 7 1 1 2 12 12 1 9 9 15 1 15 1 |1 1 9 1 1 2 7 16 4 1 4 2 2 1 3 7 |1 1 1 1 2 1 16 1 16 4 1 1 1 2 15 1 |3 10 11 3 1 16 1 8 2 7 1 1 1 6 2 1 |2 1 6 1 14 10 1 6 3 5 7 1 1 1 1 17 |9 6 5 1 1 9 4 13 4 1 1 2 1 2 3 4 |
13719: 1 1 6 9 6 2 9 1 6 1 1 3 10 1 3 8 |8 5 3 9 2 1 1 1 10 6 1 1 23 1 1 5 |3 15 13 7 8 1 23 20 8 1 1 1 4 1 1 4 |1 4 1 1 31 26 12 11 1 13 13 5 1 1 1 1 |2 7 3 24 72 180 71 1 8 15 11 1 15 10 3 14 |7 8 15 29 104 295 131 20 1 8 1 1 11 11 1 9 |6 6 10 7 1 1 2 12 12 1 9 9 15 1 15 1 |1 1 9 1 1 2 7 16 4 1 4 2 2 1 3 7 |1 1 1 1 2 1 16 1 16 4 1 1 1 2 15 1 |3 10 11 3 1 16 1 8 2 7 1 1 1 6 2 1 |2 1 6 1 14 10 1 6 3 5 7 1 1 1 1 17 |9 6 5 1 1 9 4 13 4 1 1 2 1 2 3 4 |
13730: 1 1 6 9 6 2 9 1 6 1 1 3 10 1 3 8 |8 5 3 9 2 1 1 1 10 6 1 1 23 1 1 5 |3 15 13 7 8 1 23 20 8 1 1 1 4 1 1 4 |1 4 1 1 31 26 12 11 1 13 13 5 1 1 1 1 |2 7 3 24 72 180 71 1 8 15 11 1 15 10 3 14 |7 8 15 29 104 295 131 20 1 8 1 1 11 11 1 9 |6 6 10 7 1 1 2 12 12 1 9 9 15 1 15 1 |1 1 9 1 1 2 7 16 4 1 4 2 2 1 3 7 |1 1 1 1 2 1 16 1 16 4 1 1 1 2 15 1 |3 10 11 3 1 16 1 8 2 7 1 1 1 6 2 1 |4 1 8 5 14 16 1 5 2 13 15 1 1 1 6 15 |9 6 5 1 1 9 4 13 4 1 1 2 1 2 3 4 |
13741: 1 1 6 9 6 2 9 1 6 1 1 3 10 1 3 8 |8 5 3 9 2 1 1 1 10 6 1 1 23 1 1 5 |3 15 13 7 8 1 23 20 8 1 1 1 4 1 1 4 |1 4 1 1 31 26 12 11 1 13 13 5 1 1 1 1 |2 7 3 24 72 180 71 1 8 15 11 1 15 10 3 14 |7 8 15 29 104 295 131 20 1 8 1 1 11 11 1 9 |6 6 10 7 1 1 2 12 12 1 9 9 15 1 15 1 |1 1 9 1 1 2 7 16 4 1 4 2 2 1 3 7 |1 1 1 1 2 1 16 1 16 4 1 1 1 2 15 1 |3 10 11 3 1 16 1 8 2 7 1 1 1 6 2 1 |4 1 8 5 14 16 1 5 2 13 15 1 1 1 6 15 |9 6 5 1 1 9 4 13 4 1 1 2 1 2 3 4 |
13752: 1 1 6 9 6 2 9 1 6 1 1 3 10 1 3 8 |7 7 1 13 3 1 1 1 3 4 10 11 23 1 5 6 |3 15 13 7 8 1 23 20 8 1 1 1 4 1 1 4 |1 4 1 1 31 26 12 11 1 13 13 5 1 1 1 1 |2 7 3 24 72 180 71 1 8 15 11 1 15 10 3 14 |7 8 15 29 104 295 131 20 1 8 1 1 11 11 1 9 |6 6 10 7 1 1 2 12 12 1 9 9 15 1 15 1 |1 1 9 1 1 2 7 16 4 1 4 2 2 1 3 7 |1 1 1 1 2 1 16 1 16 4 1 1 1 2 15 1 |3 10 11 3 1 16 1 8 2 7 1 1 1 6 2 1 |4 1 8 5 14 16 1 5 2 13 15 1 1 1 6 15 |9 6 5 1 1 9 4 13 4 1 1 2 1 2 3 4 |
13763: 1 1 6 9 6 2 9 1 6 1 1 3 10 1 3 8 |7 7 1 13 3 1 1 1 3 4 10 11 23 1 5 6 |3 15 13 7 8 1 23 20 8 1 1 1 4 1 1 4 |1 4 1 1 31 26 12 11 1 13 13 5 1 1 1 1 |2 7 3 24 72 180 71 1 8 15 11 1 15 10 3 14 |7 8 15 29 104 295 131 20 1 8 1 1 11 11 1 9 |6 6 10 7 1 1 2 12 12 1 9 9 15 1 15 1 |1 1 9 1 1 2 7 16 4 1 4 2 2 1 3 7 |1 1 2 2 8 3 19 9 16 4 2 5 2 5 14 2 |3 10 11 3 1 16 1 8 2 7 1 1 1 6 2 1 |4 1 8 5 14 16 1 5 2 13 15 1 1 1 6 15 |9 6 5 1 1 9 4 13 4 1 1 2 1 2 3 4 |
13774: 1 1 6 9 6 2 9 1 6 1 1 3 10 1 3 8 |7 7 1 13 3 1 1 1 3 4 10 11 23 1 5 6 |3 15 13 7 8 1 23 20 8 1 1 1 4 1 1 4 |1 4 1 1 31 26 12 11 1 13 13 5 1 1 1 1 |2 7 3 24 72 180 71 1 8 15 11 1 15 10 3 14 |7 8 15 29 104 295 131 20 1 8 1 1 11 11 1 9 |6 6 10 7 1 1 2 12 12 1 9 9 15 1 15 1 |1 1 9 1 1 2 7 16 4 1 4 2 2 1 3 7 |1 1 2 2 8 3 19 9 16 4 2 5 2 5 14 2 |3 10 7 1 1 1 1 7 2 7 15 1 6 2 15 1 |4 1 8 5 14 16 1 5 2 13 15 1 1 1 6 15 |9 6 5 1 1 9 4 13 4 1 1 2 1 2 3 4 |
13785: 1 1 6 9 6 2 9 1 6 1 1 3 10 1 3 8 |1 8 3 8 2 1 1 1 2 4 10 12 23 2 3 6 |3 15 13 7 8 1 23 20 8 1 1 1 4 1 1 4 |1 4 1 1 31 26 12 11 1 13 13 5 1 1 1 1 |2 7 3 24 72 180 71 1 8 15 11 1 15 10 3 14 |7 8 15 29 104 295 131 20 1 8 1 1 11 11 1 9 |6 6 10 7 1 1 2 12 12 1 9 9 15 1 15 1 |1 1 9 1 1 2 7 16 4 1 4 2 2 1 3 7 |1 1 2 2 8 3 19 9 16 4 2 5 2 5 14 2 |3 10 7 1 1 1 1 7 2 7 15 1 6 2 15 1 |4 1 8 5 14 16 1 5 2 13 15 1 1 1 6 15 |9 6 5 1 1 9 4 13 4 1 1 2 1 2 3 4 |
13796: 1 1 6 9 6 2 9 1 6 1 1 3 10 1 3 8 |1 8 3 8 2 1 1 1 2 4 10 12 23 2 3 6 |2 16 16 6 12 3 12 18 4 1 3 1 1 5 1 3 |1 4 1 1 31 26 12 11 1 13 13 5 1 1 1 1 |2 7 3 24 72 180 71 1 8 15 11 1 15 10 3 14 |7 8 15 29 104 295 131 20 1 8 1 1 11 11 1 9 |6 6 10 7 1 1 2 12 12 1 9 9 15 1 15 1 |1 1 9 1 1 2 7 16 4 1 4 2 2 1 3 7 |1 1 2 2 8 3 19 9 16 4 2 5 2 5 14 2 |3 10 7 1 1 1 1 7 2 7 15 1 6 2 15 1 |4 1 8 5 14 16 1 5 2 13 15 1 1 1 6 15 |9 6 5 1 1 9 4 13 4 1 1 2 1 2 3 4 |
13807: 1 1 6 9 6 2 9 1 6 1 1 3 10 1 3 8 |1 8 3 8 2 1 1 1 2 4 10 12 23 2 3 6 |2 16 16 6 12 3 12 18 4 1 3 1 1 5 1 3 |1 4 1 1 31 26 12 11 1 13 13 5 1 1 1 1 |2 7 3 24 72 180 71 1 8 15 11 1 15 10 3 14 |7 8 15 29 104 295 131 20 1 8 1 1 11 11 1 9 |6 6 10 7 1 1 2 12 12 1 9 9 15 1 15 1 |1 1 9 1 1 2 7 16 4 1 4 2 2 1 3 7 |1 1 2 2 8 3 19 9 16 4 2 5 2 5 14 2 |3 10 7 1 1 1 1 7 2 7 15 1 6 2 15 1 |4 1 8 5 14 16 1 5 2 13 15 1 1 1 6 15 |9 6 5 1 1 9 4 13 4 1 1 2 1 2 3 4 |
13818: 1 1 6 9 6 2 9 1 6 1 1 3 10 1 3 8 |1 8 3 8 2 1 1 1 2 4 10 12 23 2 3 6 |3 14 15 3 12 2 8 18 8 1 1 6 1 5 1 1 |1 4 1 1 31 26 12 11 1 13 13 5 1 1 1 1 |2 7 3 24 72 180 71 1 8 15 11 1 15 10 3 14 |7 8 15 29 104 295 131 20 1 8 1 1 11 11 1 9 |6 6 10 7 1 1 2 12 12 1 9 9 15 1 15 1 |1 1 9 1 1 2 7 16 4 1 4 2 2 1 3 7 |1 1 2 2 8 3 19 9 16 4 2 5 2 5 14 2 |3 10 7 1 1 1 1 7 2 7 15 1 6 2 15 1 |4 1 8 5 14 16 1 5 2 13 15 1 1 1 6 15 |9 6 5 1 1 9 4 13 4 1 1 2 1 2 3 4 |
13829: 1 1 6 9 6 2 9 1 6 1 1 3 10 1 3 8 |1 8 3 8 2 1 1 1 2 4 10 12 23 2 3 6 |3 14 15 3 12 2 8 18 8 1 1 6 1 5 1 1 |1 4 1 1 31 26 12 11 1 13 13 5 1 1 1 1 |2 7 3 24 72 180 71 1 8 15 11 1 15 10 3 14 |7 8 15 29 104 295 131 20 1 8 1 1 11 11 1 9 |6 6 10 7 1 1 2 12 12 1 9 9 15 1 15 1 |1 1 9 1 1 2 7 16 4 1 4 2 2 1 3 7 |1 1 2 2 8 3 19 9 16 4 2 5 2 5 14 2 |3 10 7 1 1 1 1 7 2 7 15 1 6 2 15 1 |3 1 8 5 2 15 1 5 1 5 3 1 1 1 5 14 |9 6 5 1 1 9 4 13 4 1 1 2 1 2 3 4 |
13840: 1 1 6 9 6 2 9 1 6 1 1 3 10 1 3 8 |1 8 3 8 2 1 1 1 2 4 10 12 23 2 3 6 |3 14 15 3 12 2 8 18 8 1 1 6 1 5 1 1 |1 4 1 1 31 26 12 11 1 13 13 5 1 1 1 1 |2 7 3 24 72 180 71 1 8 15 11 1 15 10 3 14 |7 8 15 29 104 295 131 20 1 8 1 1 11 11 1 9 |6 6 10 7 1 1 2 12 12 1 9 9 15 1 15 1 |1 1 9 1 1 2 7 16 4 1 4 2 2 1 3 7 |1 1 2 2 8 3 19 9 16 4 2 5 2 5 14 2 |3 10 7 1 1 1 1 7 2 7 15 1 6 2 15 1 |3 1 8 5 2 15 1 5 1 5 3 1 1 1 5 14 |9 6 5 1 1 9 4 13 4 1 1 2 1 2 3 4 |
13851: 1 1 6 9 6 2 9 1 6 1 1 3 10 1 3 8 |1 8 3 8 2 1 1 1 2 4 10 12 23 2 3 6 |3 14 15 3 12 2 8 18 8 1 1 6 1 5 1 1 |1 4 1 1 31 26 12 11 1 13 13 5 1 1 1 1 |2 7 3 24 72 180 71 1 8 15 11 1 15 10 3 14 |7 8 15 29 104 295 131 20 1 8 1 1 11 11 1 9 |6 6 10 7 1 1 2 12 12 1 9 9 15 1 15 1 |1 1 9 1 1 2 7 16 4 1 4 2 2 1 3 7 |1 1 2 2 8 3 19 9 16 4 2 5 2 5 14 2 |3 10 7 1 1 1 1 7 2 7 15 1 6 2 15 1 |3 1 8 5 2 15 1 5 1 5 3 1 1 1 5 14 |9 6 5 1 1 9 4 13 4 1 1 2 1 2 3 4 |
13862: 1 1 6 9 6 2 9 1 6 1 1 3 10 1 3 8 |1 8 3 8 2 1 1 1 2 4 10 12 23 2 3 6 |3 14 15 3 12 2 8 18 8 1 1 6 1 5 1 1 |1 4 1 1 31 26 12 11 1 13 13 5 1 1 1 1 |2 7 3 24 72 180 71 1 8 15 11 1 15 10 3 14 |7 8 15 29 104 295 131 20 1 8 1 1 11 11 1 9 |6 6 10 7 1 1 2 12 12 1 9 9 15 1 15 1 |1 1 9 1 1 2 7 16 4 1 4 2 2 1 3 7 |1 8 1 1 1 1 10 1 16 8 1 13 1 1 14 1 |3 10 7 1 1 1 1 7 2 7 15 1 6 2 15 1 |3 1 8 5 2 15 1 5 1 5 3 1 1 1 5 14 |9 6 5 1 1 9 4 13 4 1 1 2 1 2 3 4 |
13873: 1 1 6 9 6 2 9 1 6 1 1 3 10 1 3 8 |1 8 3 8 2 1 1 1 2 4 10 12 23 2 3 6 |3 14 15 3 12 2 8 18 8 1 1 6 1 5 1 1 |1 4 1 1 31 26 12 11 1 13 13 5 1 1 1 1 |2 7 3 24 72 180 71 1 8 15 11 1 15 10 3 14 |7 8 15 29 104 295 131 20 1 8 1 1 11 11 1 9 |6 6 10 7 1 1 2 12 12 1 9 9 15 1 15 1 |1 1 9 1 1 2 7 16 4 1 4 2 2 1 3 7 |1 8 1 1 1 1 10 1 16 8 1 13 1 1 14 1 |3 10 7 1 1 1 1 7 2 7 15 1 6 2 15 1 |3 1 8 5 2 15 1 5 1 5 3 1 1 1 5 14 |9 6 5 1 1 9 4 13 4 1 1 2 1 2 3 4 |
13884: 1 1 6 9 6 2 9 1 6 1 1 3 10 1 3 8 |1 8 3 8 2 1 1 1 2 4 10 12 23 2 3 6 |3 14 15 3 12 2 8 18 8 1 1 6 1 5 1 1 |1 4 1 1 31 26 12 11 1 13 13 5 1 1 1 1 |2 7 3 24 72 180 71 1 8 15 11 1 15 10 3 14 |7 8 15 29 104 295 131 20 1 8 1 1 11 11 1 9 |6 6 10 7 1 1 2 12 12 1 9 9 15 1 15 1 |1 1 9 1 1 2 7 16 4 1 4 2 2 1 3 7 |1 8 1 1 1 1 10 1 16 8 1 13 1 1 14 1 |3 10 7 1 1 1 1 7 2 7 15 1 6 2 15 1 |3 1 8 5 2 15 1 5 1 5 3 1 1 1 5 14 |9 6 5 1 1 9 4 13 4 1 1 2 1 2 3 4 |
13895: 1 1 6 9 6 2 9 1 6 1 1 3 10 1 3 8 |1 8 3 8 2 1 1 1 2 4 10 12 23 2 3 6 |3 14 15 3 12 2 8 18 8 1 1 6 1 5 1 1 |1 4 1 1 31 26 12 11 1 13 13 5 1 1 1 1 |2 7 3 24 72 180 71 1 8 15 11 1 15 10 3 14 |7 8 15 29 104 295 131 20 1 8 1 1 11 11 1 9 |9 8 1 7 11 76 277 118 13 1 5 1 18 6 13 1 |1 1 9 1 1 2 7 16 4 1 4 2 2 1 3 7 |1 8 1 1 1 1 10 1 16 8 1 13 1 1 14 1 |3 10 7 1 1 1 1 7 2 7 15 1 6 2 15 1 |3 1 8 5 2 15 1 5 1 5 3 1 1 1 5 14 |9 6 5 1 1 9 4 13 4 1 1 2 1 2 3 4 |
13906: 1 1 6 9 6 2 9 1 6 1 1 3 10 1 3 8 |1 8 3 8 2 1 1 1 2 4 10 12 23 2 3 6 |3 14 15 3 12 2 8 18 8 1 1 6 1 5 1 1 |1 4 1 1 31 26 12 11 1 13 13 5 1 1 1 1 |2 7 3 24 72 180 71 1 8 15 11 1 15 10 3 14 |7 8 15 29 104 295 131 20 1 8 1 1 11 11 1 9 |9 8 1 7 11 76 277 118 13 1 5 1 18 6 13 1 |1 1 9 1 1 2 7 16 4 1 4 2 2 1 3 7 |1 8 1 1 1 1 10 1 16 8 1 13 1 1 14 1 |3 10 7 1 1 1 1 7 2 7 15 1 6 2 15 1 |3 1 8 5 2 15 1 5 1 5 3 1 1 1 5 14 |9 6 5 1 1 9 4 13 4 1 1 2 1 2 3 4 |
13917: 1 1 6 9 6 2 9 1 6 1 1 3 10 1 3 8 |1 8 3 8 2 1 1 1 2 4 10 12 23 2 3 6 |3 14 15 3 12 2 8 18 8 1 1 6 1 5 1 1 |1 4 1 1 31 26 12 11 1 13 13 5 1 1 1 1 |2 7 3 24 72 180 71 1 8 15 11 1 15 10 3 14 |7 8 15 29 104 295 131 20 1 8 1 1 11 11 1 9 |9 8 1 7 11 76 277 118 13 1 5 1 18 6 13 1 |1 1 9 1 1 2 7 16 4 1 4 2 2 1 3 7 |1 8 1 1 1 1 10 1 16 8 1 13 1 1 14 1 |3 10 7 1 1 1 1 7 2 7 15 1 6 2 15 1 |3 1 8 5 2 15 1 5 1 5 3 1 1 1 5 14 |9 6 5 1 1 9 4 13 4 1 1 2 1 2 3 4 |
13928: 1 1 6 9 6 2 9 1 6 1 1 3 10 1 3 8 |1 8 3 8 2 1 1 1 2 4 10 12 23 2 3 6 |3 14 15 3 12 2 8 18 8 1 1 6 1 5 1 1 |1 4 1 1 31 26 12 11 1 13 13 5 1 1 1 1 |2 7 3 24 72 180 71 1 8 15 11 1 15 10 3 14 |7 8 15 29 104 295 131 20 1 8 1 1 11 11 1 9 |9 8 1 7 11 76 277 118 13 1 5 1 18 6 13 1 |1 1 9 1 1 2 7 16 4 1 4 2 2 1 3 7 |1 8 1 1 1 1 10 1 16 8 1 13 1 1 14 1 |3 10 7 1 1 1 1 7 2 7 15 1 6 2 15 1 |3 1 8 5 2 15 1 5 1 5 3 1 1 1 5 14 |9 6 5 1 1 9 4 13 4 1 1 2 1 2 3 4 |
13939: 1 1 6 9 6 2 9 1 6 1 1 3 10 1 3 8 |1 8 3 8 2 1 1 1 2 4 10 12 23 2 3 6 |3 14 15 3 12 2 8 18 8 1 1 6 1 5 1 1 |1 4 1 1 31 26 12 11 1 13 13 5 1 1 1 1 |2 7 3 24 72 180 71 1 8 15 11 1 15 10 3 14 |7 8 15 29 104 295 131 20 1 8 1 1 11 11 1 9 |9 8 1 7 11 76 277 118 13 1 5 1 18 6 13 1 |1 1 9 1 1 2 7 16 4 1 4 2 2 1 3 7 |1 8 1 1 1 1 10 1 16 8 1 13 1 1 14 1 |3 10 7 1 1 1 1 7 2 7 15 1 6 2 15 1 |3 1 8 5 2 15 1 5 1 5 3 1 1 1 5 14 |9 6 5 1 1 9 4 13 4 1 1 2 1 2 3 4 |
13950: 1 1 6 9 6 2 9 1 6 1 1 3 10 1 3 8 |1 8 3 8 2 1 1 1 2 4 10 12 23 2 3 6 |3 14 15 3 12 2 8 18 8 1 1 6 1 5 1 1 |1 4 1 1 31 26 12 11 1 13 13 5 1 1 1 1 |2 7 3 24 72 180 71 1 8 15 11 1 15 10 3 14 |7 8 15 29 104 295 131 20 1 8 1 1 11 11 1 9 |9 8 1 7 11 76 277 118 13 1 5 1 18 6 13 1 |1 1 9 1 1 2 7 16 4 1 4 2 2 1 3 7 |1 8 1 1 1 1 10 1 16 8 1 13 1 1 14 1 |3 10 7 1 1 1 1 7 2 7 15 1 6 2 15 1 |3 1 8 5 2 15 1 5 1 5 3 1 1 1 5 14 |9 6 5 1 1 9 4 13 4 1 1 2 1 2 3 4 |
13960: 1 1 6 9 6 2 9 1 6 1 1 3 10 1 3 8 |1 8 3 8 2 1 1 1 2 4 10 12 23 2 3 6 |3 14 15 3 12 2 8 18 8 1 1 6 1 5 1 1 |1 4 1 1 31 26 12 11 1 13 13 5 1 1 1 1 |2 7 3 24 72 180 71 1 8 15 11 1 15 10 3 14 |1 11 13 16 28 49 164 107 16 6 3 1 8 11 1 2 |9 8 1 7 11 76 277 118 13 1 5 1 18 6 13 1 |1 1 9 1 1 2 7 16 4 1 4 2 2 1 3 7 |1 8 1 1 1 1 10 1 16 8 1 13 1 1 14 1 |3 10 7 1 1 1 1 7 2 7 15 1 6 2 15 1 |3 1 8 5 2 15 1 5 1 5 3 1 1 1 5 14 |9 6 5 1 1 9 4 13 4 1 1 2 1 2 3 4 |
13971: 1 1 6 9 6 2 9 1 6 1 1 3 10 1 3 8 |1 8 3 8 2 1 1 1 2 4 10 12 23 2 3 6 |3 14 15 3 12 2 8 18 8 1 1 6 1 5 1 1 |1 4 1 1 31 26 12 11 1 13 13 5 1 1 1 1 |2 7 3 24 72 180 71 1 8 15 11 1 15 10 3 14 |1 11 13 16 28 49 164 107 16 6 3 1 8 11 1 2 |9 8 1 7 11 76 277 118 13 1 5 1 18 6 13 1 |1 1 9 1 1 2 7 16 4 1 4 2 2 1 3 7 |1 8 1 1 1 1 10 1 16 8 1 13 1 1 14 1 |3 10 7 1 1 1 1 7 2 7 15 1 6 2 15 1 |3 1 8 5 2 15 1 5 1 5 3 1 1 1 5 14 |9 6 5 1 1 9 4 13 4 1 1 2 1 2 3 4 |
13982: 1 1 6 9 6 2 9 1 6 1 1 3 10 1 3 8 |1 8 3 8 2 1 1 1 2 4 10 12 23 2 3 6 |3 14 15 3 12 2 8 18 8 1 1 6 1 5 1 1 |1 4 1 1 31 26 12 11 1 13 13 5 1 1 1 1 |2 7 3 24 72 180 71 1 8 15 11 1 15 10 3 14 |1 11 13 16 28 49 164 107 16 6 3 1 8 11 1 2 |9 8 1 7 11 76 277 118 13 1 5 1 18 6 13 1 |1 1 9 1 1 2 7 16 4 1 4 2 2 1 3 7 |1 8 1 1 1 1 10 1 16 8 1 13 1 1 14 1 |3 10 7 1 1 1 1 7 2 7 15 1 6 2 15 1 |3 1 8 5 2 15 1 5 1 5 3 1 1 1 5 14 |9 6 5 1 1 9 4 13 4 1 1 2 1 2 3 4 |
13993: 1 1 6 9 6 2 9 1 6 1 1 3 10 1 3 8 |1 8 3 8 2 1 1 1 2 4 10 12 23 2 3 6 |3 14 15 3 12 2 8 18 8 1 1 6 1 5 1 1 |1 4 1 1 31 26 12 11 1 13 13 5 1 1 1 1 |2 7 3 24 72 180 71 1 8 15 11 1 15 10 3 14 |1 11 13 16 28 49 164 107 16 6 3 1 8 11 1 2 |9 8 1 7 11 76 277 118 13 1 5 1 18 6 13 1 |3 14 14 1 3 7 98 43 11 3 4 3 7 1 5 11 |1 8 1 1 1 1 10 1 16 8 1 13 1 1 14 1 |3 10 7 1 1 1 1 7 2 7 15 1 6 2 15 1 |3 1 8 5 2 15 1 5 1 5 3 1 1 1 5 14 |9 6 5 1 1 9 4 13 4 1 1 2 1 2 3 4 |
14004: 1 1 6 9 6 2 9 1 6 1 1 3 10 1 3 8 |1 8 3 8 2 1 1 1 2 4 10 12 23 2 3 6 |3 14 15 3 12 2 8 18 8 1 1 6 1 5 1 1 |1 4 1 1 31 26 12 11 1 13 13 5 1 1 1 1 |2 7 3 24 72 180 71 1 8 15 11 1 15 10 3 14 |1 11 13 16 28 49 164 107 16 6 3 1 8 11 1 2 |9 8 1 7 11 76 277 118 13 1 5 1 18 6 13 1 |3 14 14 1 3 7 98 43 11 3 4 3 7 1 5 11 |1 7 6 1 7 4 13 6 19 12 2 13 2 3 13 1 |3 10 7 1 1 1 1 7 2 7 15 1 6 2 15 1 |3 1 8 5 2 15 1 5 1 5 3 1 1 1 5 14 |9 6 5 1 1 9 4 13 4 1 1 2 1 2 3 4 |
14015: 1 1 6 9 6 2 9 1 6 1 1 3 10 1 3 8 |1 8 3 8 2 1 1 1 2 4 10 12 23 2 3 6 |3 14 15 3 12 2 8 18 8 1 1 6 1 5 1 1 |1 4 1 1 31 26 12 11 1 13 13 5 1 1 1 1 |2 7 3 24 72 180 71 1 8 15 11 1 15 10 3 14 |1 11 13 16 28 49 164 107 16 6 3 1 8 11 1 2 |9 8 1 7 11 76 277 118 13 1 5 1 18 6 13 1 |3 14 14 1 3 7 98 43 11 3 4 3 7 1 5 11 |1 7 6 1 7 4 13 6 19 12 2 13 2 3 13 1 |3 10 7 1 1 1 1 7 2 7 15 1 6 2 15 1 |3 1 8 5 2 15 1 5 1 5 3 1 1 1 5 14 |9 6 5 1 1 9 4 13 4 1 1 2 1 2 3 4 |
14025: 1 1 6 9 6 2 9 1 6 1 1 3 10 1 3 8 |1 8 3 8 2 1 1 1 2 4 10 12 23 2 3 6 |3 14 15 3 12 2 8 18 8 1 1 6 1 5 1 1 |1 4 1 1 31 26 12 11 1 13 13 5 1 1 1 1 |2 7 3 24 72 180 71 1 8 15 11 1 15 10 3 14 |1 11 13 16 28 49 164 107 16 6 3 1 8 11 1 2 |5 15 3 1 6 59 271 177 24 3 16 1 4 7 13 1 |3 14 14 1 3 7 98 43 11 3 4 3 7 1 5 11 |1 7 6 1 7 4 13 6 19 12 2 13 2 3 13 1 |3 10 7 1 1 1 1 7 2 7 15 1 6 2 15 1 |3 1 8 5 2 15 1 5 1 5 3 1 1 1 5 14 |9 6 5 1 1 9 4 13 4 1 1 2 1 2 3 4 |
14036: 1 1 6 9 6 2 9 1 6 1 1 3 10 1 3 8 |1 8 3 8 2 1 1 1 2 4 10 12 23 2 3 6 |3 14 15 3 12 2 8 18 8 1 1 6 1 5 1 1 |1 4 1 1 31 26 12 11 1 13 13 5 1 1 1 1 |2 7 3 24 72 180 71 1 8 15 11 1 15 10 3 14 |1 11 13 16 28 49 164 107 16 6 3 1 8 11 1 2 |5 15 3 1 6 59 271 177 24 3 16 1 4 7 13 1 |3 14 14 1 3 7 98 43 11 3 4 3 7 1 5 11 |1 7 6 1 7 4 13 6 19 12 2 13 2 3 13 1 |3 10 7 1 1 1 1 7 2 7 15 1 6 2 15 1 |3 1 8 5 2 15 1 5 1 5 3 1 1 1 5 14 |9 6 5 1 1 9 4 13 4 1 1 2 1 2 3 4 |
14046: 1 1 6 9 6 2 9 1 6 1 1 3 10 1 3 8 |1 8 3 8 2 1 1 1 2 4 10 12 23 2 3 6 |3 14 15 3 12 2 8 18 8 1 1 6 1 5 1 1 |1 4 1 1 31 26 12 11 1 13 13 5 1 1 1 1 |2 7 3 24 72 180 71 1 8 15 11 1 15 10 3 14 |1 11 13 16 28 49 164 107 16 6 3 1 8 11 1 2 |5 15 3 1 6 59 271 177 24 3 16 1 4 7 13 1 |3 14 14 1 3 7 98 43 11 3 4 3 7 1 5 11 |1 7 6 1 7 4 13 6 19 12 2 13 2 3 13 1 |3 10 7 1 1 1 1 7 2 7 15 1 6 2 15 1 |3 1 8 5 2 15 1 5 1 5 3 1 1 1 5 14 |9 6 5 1 1 9 4 13 4 1 1 2 1 2 3 4 |
14057: 1 1 6 9 6 2 9 1 6 1 1 3 10 1 3 8 |1 8 3 8 2 1 1 1 2 4 10 12 23 2 3 6 |3 14 15 3 12 2 8 18 8 1 1 6 1 5 1 1 |1 4 1 1 31 26 12 11 1 13 13 5 1 1 1 1 |1 2 8 15 28 1 9 8 9 16 12 1 1 1 1 1 |1 11 13 16 28 49 164 107 16 6 3 1 8 11 1 2 |5 15 3 1 6 59 271 177 24 3 16 1 4 7 13 1 |3 14 14 1 3 7 98 43 11 3 4 3 7 1 5 11 |1 7 6 1 7 4 13 6 19 12 2 13 2 3 13 1 |3 10 7 1 1 1 1 7 2 7 15 1 6 2 15 1 |3 1 8 5 2 15 1 5 1 5 3 1 1 1 5 14 |9 6 5 1 1 9 4 13 4 1 1 2 1 2 3 4 |
14068: 1 1 6 9 6 2 9 1 6 1 1 3 10 1 3 8 |1 8 3 8 2 1 1 1 2 4 10 12 23 2 3 6 |3 14 15 3 12 2 8 18 8 1 1 6 1 5 1 1 |1 4 1 1 31 26 12 11 1 13 13 5 1 1 1 1 |1 2 8 15 28 1 9 8 9 16 12 1 1 1 1 1 |1 11 13 16 28 49 164 107 16 6 3 1 8 11 1 2 |5 15 3 1 6 59 271 177 24 3 16 1 4 7 13 1 |3 14 14 1 3 7 98 43 11 3 4 3 7 1 5 11 |1 7 6 1 7 4 13 6 19 12 2 13 2 3 13 1 |3 10 7 1 1 1 1 7 2 7 15 1 6 2 15 1 |3 1 8 5 2 15 1 5 1 5 3 1 1 1 5 14 |9 6 5 1 1 9 4 13 4 1 1 2 1 2 3 4 |
14078: 1 1 6 9 6 2 9 1 6 1 1 3 10 1 3 8 |1 8 3 8 2 1 1 1 2 4 10 12 23 2 3 6 |3 14 15 3 12 2 8 18 8 1 1 6 1 5 1 1 |1 4 1 1 31 26 12 11 1 13 13 5 1 1 1 1 |1 2 8 15 28 1 9 8 9 16 12 1 1 1 1 1 |1 11 13 16 28 49 164 107 16 6 3 1 8 11 1 2 |5 15 3 1 6 59 271 177 24 3 16 1 4 7 13 1 |3 14 14 1 3 7 98 43 11 3 4 3 7 1 5 11 |1 7 6 1 7 4 13 6 19 12 2 13 2 3 13 1 |3 10 7 1 1 1 1 7 2 7 15 1 6 2 15 1 |3 1 8 5 2 15 1 5 1 5 3 1 1 1 5 14 |9 6 5 1 1 9 4 13 4 1 1 2 1 2 3 4 |
14088: 1 1 6 9 6 2 9 1 6 1 1 3 10 1 3 8 |1 8 3 8 2 1 1 1 2 4 10 12 23 2 3 6 |3 14 15 3 12 2 8 18 8 1 1 6 1 5 1 1 |1 4 1 1 31 26 12 11 1 13 13 5 1 1 1 1 |1 2 8 15 28 1 9 8 9 16 12 1 1 1 1 1 |1 11 13 16 28 49 164 107 16 6 3 1 8 11 1 2 |5 15 3 1 6 59 271 177 24 3 16 1 4 7 13 1 |3 14 14 1 3 7 98 43 11 3 4 3 7 1 5 11 |1 7 6 1 7 4 13 6 19 12 2 13 2 3 13 1 |3 10 7 1 1 1 1 7 2 7 15 1 6 2 15 1 |3 1 8 5 2 15 1 5 1 5 3 1 1 1 5 14 |9 6 5 1 1 9 4 13 4 1 1 2 1 2 3 4 |
14099: 1 1 6 9 6 2 9 1 6 1 1 3 10 1 3 8 |1 8 3 8 2 1 1 1 2 4 10 12 23 2 3 6 |3 14 15 3 12 2 8 18 8 1 1 6 1 5 1 1 |1 4 1 1 31 26 12 11 1 13 13 5 1 1 1 1 |1 2 8 15 28 1 9 8 9 16 12 1 1 1 1 1 |1 11 13 16 28 49 164 107 16 6 3 1 8 11 1 2 |5 15 3 1 6 59 271 177 24 3 16 1 4 7 13 1 |3 14 14 1 3 7 98 43 11 3 4 3 7 1 5 11 |1 7 6 1 7 4 13 6 19 12 2 13 2 3 13 1 |3 10 7 1 1 1 1 7 2 7 15 1 6 2 15 1 |3 1 8 5 2 15 1 5 1 5 3 1 1 1 5 14 |9 6 5 1 1 9 4 13 4 1 1 2 1 2 3 4 |
14109: 1 1 6 9 6 2 9 1 6 1 1 3 10 1 3 8 |1 8 3 8 2 1 1 1 2 4 10 12 23 2 3 6 |3 14 15 3 12 2 8 18 8 1 1 6 1 5 1 1 |1 4 1 1 31 26 12 11 1 13 13 5 1 1 1 1 |1 2 8 15 28 1 9 8 9 16 12 1 1 1 1 1 |1 11 13 16 28 49 164 107 16 6 3 1 8 11 1 2 |5 15 3 1 6 59 271 177 24 3 16 1 4 7 13 1 |3 14 14 1 3 7 98 43 11 3 4 3 7 1 5 11 |1 7 6 1 7 4 13 6 19 12 2 13 2 3 13 1 |3 10 7 1 1 1 1 7 2 7 15 1 6 2 15 1 |3 1 8 5 2 15 1 5 1 5 3 1 1 1 5 14 |9 6 5 1 1 9 4 13 4 1 1 2 1 2 3 4 |
14120: 1 1 6 9 6 2 9 1 6 1 1 3 10 1 3 8 |1 8 3 8 2 1 1 1 2 4 10 12 23 2 3 6 |3 14 15 3 12 2 8 18 8 1 1 6 1 5 1 1 |1 1 7 1 18 7 11 16 1 14 14 1 1 1 1 1 |1 2 8 15 28 1 9 8 9 16 12 1 1 1 1 1 |1 11 13 16 28 49 164 107 16 6 3 1 8 11 1 2 |5 15 3 1 6 59 271 177 24 3 16 1 4 7 13 1 |3 14 14 1 3 7 98 43 11 3 4 3 7 1 5 11 |1 7 6 1 7 4 13 6 19 12 2 13 2 3 13 1 |3 10 7 1 1 1 1 7 2 7 15 1 6 2 15 1 |3 1 8 5 2 15 1 5 1 5 3 1 1 1 5 14 |9 6 5 1 1 9 4 13 4 1 1 2 1 2 3 4 |
14130: 1 1 6 9 6 2 9 1 6 1 1 3 10 1 3 8 |1 8 3 8 2 1 1 1 2 4 10 12 23 2 3 6 |3 14 15 3 12 2 8 18 8 1 1 6 1 5 1 1 |1 1 7 1 18 7 11 16 1 14 14 1 1 1 1 1 |1 2 8 15 28 1 9 8 9 16 12 1 1 1 1 1 |1 11 13 16 28 49 164 107 16 6 3 1 8 11 1 2 |5 15 3 1 6 59 271 177 24 3 16 1 4 7 13 1 |3 14 14 1 3 7 98 43 11 3 4 3 7 1 5 11 |1 7 6 1 7 4 13 6 19 12 2 13 2 3 13 1 |3 10 7 1 1 1 1 7 2 7 15 1 6 2 15 1 |1 1 7 5 1 1 1 7 1 15 4 1 1 1 1 16 |9 6 5 1 1 9 4 13 4 1 1 2 1 2 3 4 |
14141: 1 1 6 9 6 2 9 1 6 1 1 3 10 1 3 8 |1 8 3 8 2 1 1 1 2 4 10 12 23 2 3 6 |3 14 15 3 12 2 8 18 8 1 1 6 1 5 1 1 |1 1 7 1 18 7 11 16 1 14 14 1 1 1 1 1 |1 2 8 15 28 1 9 8 9 16 12 1 1 1 1 1 |1 11 13 16 28 49 164 107 16 6 3 1 8 11 1 2 |5 15 3 1 6 59 271 177 24 3 16 1 4 7 13 1 |3 14 14 1 3 7 98 43 11 3 4 3 7 1 5 11 |1 7 6 1 7 4 13 6 19 12 2 13 2 3 13 1 |3 10 7 1 1 1 1 7 2 7 15 1 6 2 15 1 |1 1 7 5 1 1 1 7 1 15 4 1 1 1 1 16 |9 6 5 1 1 9 4 13 4 1 1 2 1 2 3 4 |
14152: 1 1 6 9 6 2 9 1 6 1 1 3 10 1 3 8 |1 8 3 8 2 1 1 1 2 4 10 12 23 2 3 6 |3 14 15 3 12 2 8 18 8 1 1 6 1 5 1 1 |1 1 7 1 18 7 11 16 1 14 14 1 1 1 1 1 |1 2 8 15 28 1 9 8 9 16 12 1 1 1 1 1 |1 11 13 16 28 49 164 107 16 6 3 1 8 11 1 2 |5 15 3 1 6 59 271 177 24 3 16 1 4 7 13 1 |3 14 14 1 3 7 98 43 11 3 4 3 7 1 5 11 |1 7 6 1 7 4 13 6 19 12 2 13 2 3 13 1 |3 10 7 1 1 1 1 7 2 7 15 1 6 2 15 1 |1 1 7 5 1 1 1 7 1 15 4 1 1 1 1 16 |9 6 5 1 1 9 4 13 4 1 1 2 1 2 3 4 |
14162: 1 1 6 9 6 2 9 1 6 1 1 3 10 1 3 8 |1 8 3 8 2 1 1 1 2 4 10 12 23 2 3 6 |3 14 15 3 12 2 8 18 8 1 1 6 1 5 1 1 |1 1 7 1 18 7 11 16 1 14 14 1 1 1 1 1 |1 2 8 15 28 1 9 8 9 16 12 1 1 1 1 1 |1 11 13 16 28 49 164 107 16 6 3 1 8 11 1 2 |5 15 3 1 6 59 271 177 24 3 16 1 4 7 13 1 |3 14 14 1 3 7 98 43 11 3 4 3 7 1 5 11 |2 2 5 2 1 1 10 7 17 12 2 13 2 8 9 3 |3 10 7 1 1 1 1 7 2 7 15 1 6 2 15 1 |1 1 7 5 1 1 1 7 1 15 4 1 1 1 1 16 |9 6 5 1 1 9 4 13 4 1 1 2 1 2 3 4 |
14173: 1 1 6 9 6 2 9 1 6 1 1 3 10 1 3 8 |1 8 3 8 2 1 1 1 2 4 10 12 23 2 3 6 |3 14 15 3 12 2 8 18 8 1 1 6 1 5 1 1 |1 1 7 1 18 7 11 16 1 14 14 1 1 1 1 1 |1 2 8 15 28 1 9 8 9 16 12 1 1 1 1 1 |1 11 13 16 28 49 164 107 16 6 3 1 8 11 1 2 |5 15 3 1 6 59 271 177 24 3 16 1 4 7 13 1 |3 14 14 1 3 7 98 43 11 3 4 3 7 1 5 11 |2 2 5 2 1 1 10 7 17 12 2 13 2 8 9 3 |2 9 20 4 1 12 1 3 1 9 16 1 6 2 14 1 |1 1 7 5 1 1 1 7 1 15 4 1 1 1 1 16 |9 6 5 1 1 9 4 13 4 1 1 2 1 2 3 4 |
14184: 1 1 6 9 6 2 9 1 6 1 1 3 10 1 3 8 |1 8 3 8 2 1 1 1 2 4 10 12 23 2 3 6 |3 14 15 3 12 2 8 18 8 1 1 6 1 5 1 1 |1 1 7 1 18 7 11 16 1 14 14 1 1 1 1 1 |1 2 8 15 28 1 9 8 9 16 12 1 1 1 1 1 |1 11 13 16 28 49 164 107 16 6 3 1 8 11 1 2 |5 15 3 1 6 59 271 177 24 3 16 1 4 7 13 1 |3 14 14 1 3 7 98 43 11 3 4 3 7 1 5 11 |2 2 5 2 1 1 10 7 17 12 2 13 2 8 9 3 |2 9 20 4 1 12 1 3 1 9 16 1 6 2 14 1 |1 1 7 5 1 1 1 7 1 15 4 1 1 1 1 16 |9 6 5 1 1 9 4 13 4 1 1 2 1 2 3 4 |
14194: 1 1 6 9 6 2 9 1 6 1 1 3 10 1 3 8 |1 8 3 8 2 1 1 1 2 4 10 12 23 2 3 6 |3 14 15 3 12 2 8 18 8 1 1 6 1 5 1 1 |1 1 7 1 18 7 11 16 1 14 14 1 1 1 1 1 |1 2 8 15 28 1 9 8 9 16 12 1 1 1 1 1 |1 11 13 16 28 49 164 107 16 6 3 1 8 11 1 2 |5 15 3 1 6 59 271 177 24 3 16 1 4 7 13 1 |3 14 14 1 3 7 98 43 11 3 4 3 7 1 5 11 |2 2 5 2 1 1 10 7 17 12 2 13 2 8 9 3 |2 9 20 4 1 12 1 3 1 9 16 1 6 2 14 1 |1 1 7 5 1 1 1 7 1 15 4 1 1 1 1 16 |9 6 5 1 1 9 4 13 4 1 1 2 1 2 3 4 |
14205: 1 1 6 9 6 2 9 1 6 1 1 3 10 1 3 8 |1 8 3 8 2 1 1 1 2 4 10 12 23 2 3 6 |3 14 15 3 12 2 8 18 8 1 1 6 1 5 1 1 |1 1 7 1 18 7 11 16 1 14 14 1 1 1 1 1 |1 2 8 15 28 1 9 8 9 16 12 1 1 1 1 1 |1 11 13 16 28 49 164 107 16 6 3 1 8 11 1 2 |5 15 3 1 6 59 271 177 24 3 16 1 4 7 13 1 |3 14 14 1 3 7 98 43 11 3 4 3 7 1 5 11 |2 2 5 2 1 1 10 7 17 12 2 13 2 8 9 3 |2 9 20 4 1 12 1 3 1 9 16 1 6 2 14 1 |1 1 7 5 1 1 1 7 1 15 4 1 1 1 1 16 |9 6 5 1 1 9 4 13 4 1 1 2 1 2 3 4 |
14216: 1 1 6 9 6 2 9 1 6 1 1 3 10 1 3 8 |1 8 3 8 2 1 1 1 2 4 10 12 23 2 3 6 |3 14 15 3 12 2 8 18 8 1 1 6 1 5 1 1 |1 1 7 1 18 7 11 16 1 14 14 1 1 1 1 1 |1 2 8 15 28 1 9 8 9 16 12 1 1 1 1 1 |1 11 13 16 28 49 164 107 16 6 3 1 8 11 1 2 |5 15 3 1 6 59 271 177 24 3 16 1 4 7 13 1 |3 14 14 1 3 7 98 43 11 3 4 3 7 1 5 11 |2 2 5 2 1 1 10 7 17 12 2 13 2 8 9 3 |2 9 20 4 1 12 1 3 1 9 16 1 6 2 14 1 |1 1 7 5 1 1 1 7 1 15 4 1 1 1 1 16 |9 6 5 1 1 9 4 13 4 1 1 2 1 2 3 4 |
14226: 1 1 6 9 6 2 9 1 6 1 1 3 10 1 3 8 |1 8 3 8 2 1 1 1 2 4 10 12 23 2 3 6 |3 14 15 3 12 2 8 18 8 1 1 6 1 5 1 1 |1 1 7 1 18 7 11 16 1 14 14 1 1 1 1 1 |1 2 8 15 28 1 9 8 9 16 12 1 1 1 1 1 |2 8 4 9 1 13 4 11 1 1 3 1 6 6 1 1 |5 15 3 1 6 59 271 177 24 3 16 1 4 7 13 1 |3 14 14 1 3 7 98 43 11 3 4 3 7 1 5 11 |2 2 5 2 1 1 10 7 17 12 2 13 2 8 9 3 |2 9 20 4 1 12 1 3 1 9 16 1 6 2 14 1 |1 1 7 5 1 1 1 7 1 15 4 1 1 1 1 16 |9 6 5 1 1 9 4 13 4 1 1 2 1 2 3 4 |
14237: 1 1 6 9 6 2 9 1 6 1 1 3 10 1 3 8 |1 8 3 8 2 1 1 1 2 4 10 12 23 2 3 6 |3 14 15 3 12 2 8 18 8 1 1 6 1 5 1 1 |1 1 7 1 18 7 11 16 1 14 14 1 1 1 1 1 |1 2 8 15 28 1 9 8 9 16 12 1 1 1 1 1 |2 8 4 9 1 13 4 11 1 1 3 1 6 6 1 1 |5 15 3 1 6 59 271 177 24 3 16 1 4 7 13 1 |3 14 14 1 3 7 98 43 11 3 4 3 7 1 5 11 |2 2 5 2 1 1 10 7 17 12 2 13 2 8 9 3 |2 9 20 4 1 12 1 3 1 9 16 1 6 2 14 1 |1 1 7 5 1 1 1 7 1 15 4 1 1 1 1 16 |9 6 5 1 1 9 4 13 4 1 1 2 1 2 3 4 |
14247: 1 1 6 9 6 2 9 1 6 1 1 3 10 1 3 8 |1 8 3 8 2 1 1 1 2 4 10 12 23 2 3 6 |3 14 15 3 12 2 8 18 8 1 1 6 1 5 1 1 |1 1 7 1 18 7 11 16 1 14 14 1 1 1 1 1 |1 2 8 15 28 1 9 8 9 16 12 1 1 1 1 1 |2 8 4 9 1 13 4 11 1 1 3 1 6 6 1 1 |5 15 3 1 6 59 271 177 24 3 16 1 4 7 13 1 |3 14 14 1 3 7 98 43 11 3 4 3 7 1 5 11 |2 2 5 2 1 1 10 7 17 12 2 13 2 8 9 3 |2 9 20 4 1 12 1 3 1 9 16 1 6 2 14 1 |1 1 7 5 1 1 1 7 1 15 4 1 1 1 1 16 |9 6 5 1 1 9 4 13 4 1 1 2 1 2 3 4 |
14258: 1 1 6 9 6 2 9 1 6 1 1 3 10 1 3 8 |1 8 3 8 2 1 1 1 2 4 10 12 23 2 3 6 |3 14 15 3 12 2 8 18 8 1 1 6 1 5 1 1 |1 1 7 1 18 7 11 16 1 14 14 1 1 1 1 1 |1 2 8 15 28 1 9 8 9 16 12 1 1 1 1 1 |1 7 7 9 1 1 1 15 9 1 1 1 2 5 1 1 |5 15 3 1 6 59 271 177 24 3 16 1 4 7 13 1 |3 14 14 1 3 7 98 43 11 3 4 3 7 1 5 11 |2 2 5 2 1 1 10 7 17 12 2 13 2 8 9 3 |2 9 20 4 1 12 1 3 1 9 16 1 6 2 14 1 |1 1 7 5 1 1 1 7 1 15 4 1 1 1 1 16 |9 6 5 1 1 9 4 13 4 1 1 2 1 2 3 4 |
14269: 1 1 6 9 6 2 9 1 6 1 1 3 10 1 3 8 |1 8 3 8 2 1 1 1 2 4 10 12 23 2 3 6 |3 14 15 3 12 2 8 18 8 1 1 6 1 5 1 1 |1 1 7 1 18 7 11 16 1 14 14 1 1 1 1 1 |1 2 8 15 28 1 9 8 9 16 12 1 1 1 1 1 |1 7 7 9 1 1 1 15 9 1 1 1 2 5 1 1 |5 15 3 1 6 59 271 177 24 3 16 1 4 7 13 1 |3 14 14 1 3 7 98 43 11 3 4 3 7 1 5 11 |2 2 5 2 1 1 10 7 17 12 2 13 2 8 9 3 |2 9 20 4 1 12 1 3 1 9 16 1 6 2 14 1 |1 1 7 5 1 1 1 7 1 15 4 1 1 1 1 16 |12 1 5 1 1 7 1 13 5 1 1 2 2 2 3 1 |
14279: 1 1 6 9 6 2 9 1 6 1 1 3 10 1 3 8 |1 8 3 8 2 1 1 1 2 4 10 12 23 2 3 6 |3 14 15 3 12 2 8 18 8 1 1 6 1 5 1 1 |1 1 7 1 18 7 11 16 1 14 14 1 1 1 1 1 |1 2 8 15 28 1 9 8 9 16 12 1 1 1 1 1 |1 7 7 9 1 1 1 15 9 1 1 1 2 5 1 1 |5 15 3 1 6 59 271 177 24 3 16 1 4 7 13 1 |3 14 14 1 3 7 98 43 11 3 4 3 7 1 5 11 |2 2 5 2 1 1 10 7 17 12 2 13 2 8 9 3 |2 9 20 4 1 12 1 3 1 9 16 1 6 2 14 1 |1 1 7 5 1 1 1 7 1 15 4 1 1 1 1 16 |12 1 5 1 1 7 1 13 5 1 1 2 2 2 3 1 |
14290: 1 1 6 9 6 2 9 1 6 1 1 3 10 1 3 8 |1 8 3 8 2 1 1 1 2 4 10 12 23 2 3 6 |3 14 15 3 12 2 8 18 8 1 1 6 1 5 1 1 |1 1 7 1 18 7 11 16 1 14 14 1 1 1 1 1 |1 2 8 15 28 1 9 8 9 16 12 1 1 1 1 1 |1 7 7 9 1 1 1 15 9 1 1 1 2 5 1 1 |5 15 3 1 6 59 271 177 24 3 16 1 4 7 13 1 |3 14 14 1 3 7 98 43 11 3 4 3 7 1 5 11 |2 2 5 2 1 1 10 7 17 12 2 13 2 8 9 3 |2 9 20 4 1 12 1 3 1 9 16 1 6 2 14 1 |1 1 7 5 1 1 1 7 1 15 4 1 1 1 1 16 |12 1 5 1 1 7 1 13 5 1 1 2 2 2 3 1 |
14300: 1 1 6 9 6 2 9 1 6 1 1 3 10 1 3 8 |1 8 3 8 2 1 1 1 2 4 10 12 23 2 3 6 |3 14 15 3 12 2 8 18 8 1 1 6 1 5 1 1 |1 1 7 1 18 7 11 16 1 14 14 1 1 1 1 1 |1 2 8 15 28 1 9 8 9 16 12 1 1 1 1 1 |1 7 7 9 1 1 1 15 9 1 1 1 2 5 1 1 |5 15 3 1 6 59 271 177 24 3 16 1 4 7 13 1 |3 14 14 1 3 7 98 43 11 3 4 3 7 1 5 11 |2 2 5 2 1 1 10 7 17 12 2 13 2 8 9 3 |2 9 20 4 1 12 1 3 1 9 16 1 6 2 14 1 |1 1 7 5 1 1 1 7 1 15 4 1 1 1 1 16 |12 1 5 1 1 7 1 13 5 1 1 2 2 2 3 1 |
14311: 1 1 6 9 6 2 9 1 6 1 1 3 10 1 3 8 |1 8 3 8 2 1 1 1 2 4 10 12 23 2 3 6 |3 14 15 3 12 2 8 18 8 1 1 6 1 5 1 1 |1 1 7 1 18 7 11 16 1 14 14 1 1 1 1 1 |1 2 8 15 28 1 9 8 9 16 12 1 1 1 1 1 |1 7 7 9 1 1 1 15 9 1 1 1 2 5 1 1 |5 15 3 1 6 59 271 177 24 3 16 1 4 7 13 1 |3 14 14 1 3 7 98 43 11 3 4 3 7 1 5 11 |2 2 5 2 1 1 10 7 17 12 2 13 2 8 9 3 |2 9 20 4 1 12 1 3 1 9 16 1 6 2 14 1 |1 1 7 5 1 1 1 7 1 15 4 1 1 1 1 16 |12 1 5 1 1 7 1 13 5 1 1 2 2 2 3 1 |
14322: 1 1 6 9 6 2 9 1 6 1 1 3 10 1 3 8 |1 8 3 8 2 1 1 1 2 4 10 12 23 2 3 6 |3 14 15 3 12 2 8 18 8 1 1 6 1 5 1 1 |1 1 7 1 18 7 11 16 1 14 14 1 1 1 1 1 |1 2 8 15 28 1 9 8 9 16 12 1 1 1 1 1 |1 7 7 9 1 1 1 15 9 1 1 1 2 5 1 1 |6 6 11 3 7 1 11 2 23 8 9 1 3 1 1 1 |3 14 14 1 3 7 98 43 11 3 4 3 7 1 5 11 |2 2 5 2 1 1 10 7 17 12 2 13 2 8 9 3 |2 9 20 4 1 12 1 3 1 9 16 1 6 2 14 1 |1 1 7 5 1 1 1 7 1 15 4 1 1 1 1 16 |12 1 5 1 1 7 1 13 5 1 1 2 2 2 3 1 |
14333: 1 1 6 9 6 2 9 1 6 1 1 3 10 1 3 8 |1 8 3 8 2 1 1 1 2 4 10 12 23 2 3 6 |3 14 15 3 12 2 8 18 8 1 1 6 1 5 1 1 |1 1 7 1 18 7 11 16 1 14 14 1 1 1 1 1 |1 2 8 15 28 1 9 8 9 16 12 1 1 1 1 1 |1 7 7 9 1 1 1 15 9 1 1 1 2 5 1 1 |6 6 11 3 7 1 11 2 23 8 9 1 3 1 1 1 |3 14 14 1 3 7 98 43 11 3 4 3 7 1 5 11 |2 2 5 2 1 1 10 7 17 12 2 13 2 8 9 3 |2 9 20 4 1 12 1 3 1 9 16 1 6 2 14 1 |1 1 7 5 1 1 1 7 1 15 4 1 1 1 1 16 |12 1 5 1 1 7 1 13 5 1 1 2 2 2 3 1 |
14343: 1 1 6 9 6 2 9 1 6 1 1 3 10 1 3 8 |1 8 3 8 2 1 1 1 2 4 10 12 23 2 3 6 |3 14 15 3 12 2 8 18 8 1 1 6 1 5 1 1 |1 1 7 1 18 7 11 16 1 14 14 1 1 1 1 1 |1 2 8 15 28 1 9 8 9 16 12 1 1 1 1 1 |1 7 7 9 1 1 1 15 9 1 1 1 2 5 1 1 |6 6 11 3 7 1 11 2 23 8 9 1 3 1 1 1 |3 14 14 1 3 7 98 43 11 3 4 3 7 1 5 11 |2 2 5 2 1 1 10 7 17 12 2 13 2 8 9 3 |2 9 20 4 1 12 1 3 1 9 16 1 6 2 14 1 |1 1 7 5 1 1 1 7 1 15 4 1 1 1 1 16 |12 1 5 1 1 7 1 13 5 1 1 2 2 2 3 1 |
14354: 1 1 6 9 6 2 9 1 6 1 1 3 10 1 3 8 |1 8 3 8 2 1 1 1 2 4 10 12 23 2 3 6 |3 14 15 3 12 2 8 18 8 1 1 6 1 5 1 1 |1 1 7 1 18 7 11 16 1 14 14 1 1 1 1 1 |1 2 8 15 28 1 9 8 9 16 12 1 1 1 1 1 |1 7 7 9 1 1 1 15 9 1 1 1 2 5 1 1 |6 6 11 3 7 1 11 2 23 8 9 1 3 1 1 1 |3 14 14 1 3 7 98 43 11 3 4 3 7 1 5 11 |2 2 5 2 1 1 10 7 17 12 2 13 2 8 9 3 |2 9 20 4 1 12 1 3 1 9 16 1 6 2 14 1 |1 1 7 5 1 1 1 7 1 15 4 1 1 1 1 16 |12 1 5 1 1 7 1 13 5 1 1 2 2 2 3 1 |
14365: 1 1 6 9 6 2 9 1 6 1 1 3 10 1 3 8 |1 8 3 8 2 1 1 1 2 4 10 12 23 2 3 6 |3 14 15 3 12 2 8 18 8 1 1 6 1 5 1 1 |1 1 7 1 18 7 11 16 1 14 14 1 1 1 1 1 |1 2 8 15 28 1 9 8 9 16 12 1 1 1 1 1 |1 7 7 9 1 1 1 15 9 1 1 1 2 5 1 1 |6 6 11 3 7 1 11 2 23 8 9 1 3 1 1 1 |3 14 14 1 3 7 98 43 11 3 4 3 7 1 5 11 |2 2 5 2 1 1 10 7 17 12 2 13 2 8 9 3 |2 9 20 4 1 12 1 3 1 9 16 1 6 2 14 1 |1 1 7 5 1 1 1 7 1 15 4 1 1 1 1 16 |12 1 5 1 1 7 1 13 5 1 1 2 2 2 3 1 |
14375: 1 1 6 9 6 2 9 1 6 1 1 3 10 1 3 8 |1 8 3 8 2 1 1 1 2 4 10 12 23 2 3 6 |3 14 15 3 12 2 8 18 8 1 1 6 1 5 1 1 |1 1 7 1 18 7 11 16 1 14 14 1 1 1 1 1 |1 2 8 15 28 1 9 8 9 16 12 1 1 1 1 1 |1 7 7 9 1 1 1 15 9 1 1 1 2 5 1 1 |6 6 11 3 7 1 11 2 23 8 9 1 3 1 1 1 |3 14 14 1 3 7 98 43 11 3 4 3 7 1 5 11 |2 2 5 2 1 1 10 7 17 12 2 13 2 8 9 3 |2 9 20 4 1 12 1 3 1 9 16 1 6 2 14 1 |1 1 7 5 1 1 1 7 1 15 4 1 1 1 1 16 |12 1 5 1 1 7 1 13 5 1 1 2 2 2 3 1 |
14386: 1 1 6 9 6 2 9 1 6 1 1 3 10 1 3 8 |1 8 3 8 2 1 1 1 2 4 10 12 23 2 3 6 |3 14 15 3 12 2 8 18 8 1 1 6 1 5 1 1 |1 1 7 1 18 7 11 16 1 14 14 1 1 1 1 1 |1 2 8 15 28 1 9 8 9 16 12 1 1 1 1 1 |1 7 7 9 1 1 1 15 9 1 1 1 2 5 1 1 |6 6 11 3 7 1 11 2 23 8 9 1 3 1 1 1 |3 14 14 1 3 7 98 43 11 3 4 3 7 1 5 11 |2 2 5 2 1 1 10 7 17 12 2 13 2 8 9 3 |2 9 20 4 1 12 1 3 1 9 16 1 6 2 14 1 |1 1 7 5 1 1 1 7 1 15 4 1 1 1 1 16 |12 1 5 1 1 7 1 13 5 1 1 2 2 2 3 1 |
14396: 1 1 6 9 6 2 9 1 6 1 1 3 10 1 3 8 |1 8 3 8 2 1 1 1 2 4 10 12 23 2 3 6 |3 14 15 3 12 2 8 18 8 1 1 6 1 5 1 1 |1 1 7 1 18 7 11 16 1 14 14 1 1 1 1 1 |1 2 8 15 28 1 9 8 9 16 12 1 1 1 1 1 |1 7 7 9 1 1 1 15 9 1 1 1 2 5 1 1 |6 6 11 3 7 1 11 2 23 8 9 1 3 1 1 1 |3 14 14 1 3 7 98 43 11 3 4 3 7 1 5 11 |2 2 5 2 1 1 10 7 17 12 2 13 2 8 9 3 |2 9 20 4 1 12 1 3 1 9 16 1 6 2 14 1 |1 1 7 5 1 1 1 7 1 15 4 1 1 1 1 16 |12 1 5 1 1 7 1 13 5 1 1 2 2 2 3 1 |
14407: 1 1 6 9 6 2 9 1 6 1 1 3 10 1 3 8 |1 8 3 8 2 1 1 1 2 4 10 12 23 2 3 6 |3 14 15 3 12 2 8 18 8 1 1 6 1 5 1 1 |1 1 7 1 18 7 11 16 1 14 14 1 1 1 1 1 |1 2 8 15 28 1 9 8 9 16 12 1 1 1 1 1 |1 7 7 9 1 1 1 15 9 1 1 1 2 5 1 1 |6 6 11 3 7 1 11 2 23 8 9 1 3 1 1 1 |3 14 14 1 3 7 98 43 11 3 4 3 7 1 5 11 |2 2 5 2 1 1 10 7 17 12 2 13 2 8 9 3 |2 9 20 4 1 12 1 3 1 9 16 1 6 2 14 1 |1 1 7 5 1 1 1 7 1 15 4 1 1 1 1 16 |12 1 5 1 1 7 1 13 5 1 1 2 2 2 3 1 |
14418: 1 1 6 9 6 2 9 1 6 1 1 3 10 1 3 8 |1 8 3 8 2 1 1 1 2 4 10 12 23 2 3 6 |3 14 15 3 12 2 8 18 8 1 1 6 1 5 1 1 |1 1 7 1 18 7 11 16 1 14 14 1 1 1 1 1 |1 2 8 15 28 1 9 8 9 16 12 1 1 1 1 1 |1 7 7 9 1 1 1 15 9 1 1 1 2 5 1 1 |10 15 3 18 1 1 22 59 174 85 24 4 17 1 3 1 |3 14 14 1 3 7 98 43 11 3 4 3 7 1 5 11 |2 2 5 2 1 1 10 7 17 12 2 13 2 8 9 3 |2 9 20 4 1 12 1 3 1 9 16 1 6 2 14 1 |1 1 7 5 1 1 1 7 1 15 4 1 1 1 1 16 |12 1 5 1 1 7 1 13 5 1 1 2 2 2 3 1 |
14429: 1 1 6 9 6 2 9 1 6 1 1 3 10 1 3 8 |1 8 3 8 2 1 1 1 2 4 10 12 23 2 3 6 |3 14 15 3 12 2 8 18 8 1 1 6 1 5 1 1 |1 1 7 1 18 7 11 16 1 14 14 1 1 1 1 1 |1 2 8 15 28 1 9 8 9 16 12 1 1 1 1 1 |1 7 7 9 1 1 1 15 9 1 1 1 2 5 1 1 |10 15 3 18 1 1 22 59 174 85 24 4 17 1 3 1 |3 14 14 1 3 7 98 43 11 3 4 3 7 1 5 11 |2 2 5 2 1 1 10 7 17 12 2 13 2 8 9 3 |2 9 20 4 1 12 1 3 1 9 16 1 6 2 14 1 |1 1 7 5 1 1 1 7 1 15 4 1 1 1 1 16 |12 1 5 1 1 7 1 13 5 1 1 2 2 2 3 1 |
14440: 1 1 6 9 6 2 9 1 6 1 1 3 10 1 3 8 |1 8 3 8 2 1 1 1 2 4 10 12 23 2 3 6 |3 14 15 3 12 2 8 18 8 1 1 6 1 5 1 1 |1 1 7 1 18 7 11 16 1 14 14 1 1 1 1 1 |1 2 8 15 28 1 9 8 9 16 12 1 1 1 1 1 |1 7 7 9 1 1 1 15 9 1 1 1 2 5 1 1 |10 15 3 18 1 1 22 59 174 85 24 4 17 1 3 1 |3 14 14 1 3 7 98 43 11 3 4 3 7 1 5 11 |2 2 5 2 1 1 10 7 17 12 2 13 2 8 9 3 |2 9 20 4 1 12 1 3 1 9 16 1 6 2 14 1 |1 1 7 5 1 1 1 7 1 15 4 1 1 1 1 16 |12 1 5 1 1 7 1 13 5 1 1 2 2 2 3 1 |
14450: 1 1 6 9 6 2 9 1 6 1 1 3 10 1 3 8 |1 8 3 8 2 1 1 1 2 4 10 12 23 2 3 6 |3 14 15 3 12 2 8 18 8 1 1 6 1 5 1 1 |1 1 7 1 18 7 11 16 1 14 14 1 1 1 1 1 |1 2 8 15 28 1 9 8 9 16 12 1 1 1 1 1 |1 7 7 9 1 1 1 15 9 1 1 1 2 5 1 1 |10 15 3 18 1 1 22 59 174 85 24 4 17 1 3 1 |3 14 14 1 3 7 98 43 11 3 4 3 7 1 5 11 |2 2 5 2 1 1 10 7 17 12 2 13 2 8 9 3 |2 9 20 4 1 12 1 3 1 9 16 1 6 2 14 1 |1 1 7 5 1 1 1 7 1 15 4 1 1 1 1 16 |12 1 5 1 1 7 1 13 5 1 1 2 2 2 3 1 |
14461: 1 1 6 9 6 2 9 1 6 1 1 3 10 1 3 8 |1 8 3 8 2 1 1 1 2 4 10 12 23 2 3 6 |3 14 15 3 12 2 8 18 8 1 1 6 1 5 1 1 |1 1 7 1 18 7 11 16 1 14 14 1 1 1 1 1 |1 2 8 15 28 1 9 8 9 16 12 1 1 1 1 1 |1 7 7 9 1 1 1 15 9 1 1 1 2 5 1 1 |10 15 3 18 1 1 22 59 174 85 24 4 17 1 3 1 |3 14 14 1 3 7 98 43 11 3 4 3 7 1 5 11 |2 2 5 2 1 1 10 7 17 12 2 13 2 8 9 3 |2 9 20 4 1 12 1 3 1 9 16 1 6 2 14 1 |1 1 7 5 1 1 1 7 1 15 4 1 1 1 1 16 |12 1 5 1 1 7 1 13 5 1 1 2 2 2 3 1 |
14471: 1 1 6 9 6 2 9 1 6 1 1 3 10 1 3 8 |1 8 3 8 2 1 1 1 2 4 10 12 23 2 3 6 |3 14 15 3 12 2 8 18 8 1 1 6 1 5 1 1 |1 1 7 1 18 7 11 16 1 14 14 1 1 1 1 1 |1 2 8 15 28 1 9 8 9 16 12 1 1 1 1 1 |1 7 7 9 1 1 1 15 9 1 1 1 2 5 1 1 |10 15 3 18 1 1 22 59 174 85 24 4 17 1 3 1 |3 14 14 1 3 7 98 43 11 3 4 3 7 1 5 11 |2 2 5 2 1 1 10 7 17 12 2 13 2 8 9 3 |2 9 20 4 1 12 1 3 1 9 16 1 6 2 14 1 |1 1 7 5 1 1 1 7 1 15 4 1 1 1 1 16 |12 1 5 1 1 7 1 13 5 1 1 2 2 2 3 1 |
14482: 1 1 6 9 6 2 9 1 6 1 1 3 10 1 3 8 |1 8 3 8 2 1 1 1 2 4 10 12 23 2 3 6 |3 14 15 3 12 2 8 18 8 1 1 6 1 5 1 1 |1 1 7 1 18 7 11 16 1 14 14 1 1 1 1 1 |1 2 8 15 28 1 9 8 9 16 12 1 1 1 1 1 |1 7 7 9 1 1 1 15 9 1 1 1 2 5 1 1 |10 15 3 18 1 1 22 59 174 85 24 4 17 1 3 1 |3 14 14 1 3 7 98 43 11 3 4 3 7 1 5 11 |2 2 5 2 1 1 10 7 17 12 2 13 2 8 9 3 |2 9 20 4 1 12 1 3 1 9 16 1 6 2 14 1 |1 1 7 5 1 1 1 7 1 15 4 1 1 1 1 16 |12 1 5 1 1 7 1 13 5 1 1 2 2 2 3 1 |
14493: 1 1 6 9 6 2 9 1 6 1 1 3 10 1 3 8 |1 8 3 8 2 1 1 1 2 4 10 12 23 2 3 6 |3 14 15 3 12 2 8 18 8 1 1 6 1 5 1 1 |1 1 7 1 18 7 11 16 1 14 14 1 1 1 1 1 |1 2 8 15 28 1 9 8 9 16 12 1 1 1 1 1 |1 7 7 9 1 1 1 15 9 1 1 1 2 5 1 1 |10 15 3 18 1 1 22 59 174 85 24 4 17 1 3 1 |3 14 14 1 3 7 98 43 11 3 4 3 7 1 5 11 |2 2 5 2 1 1 10 7 17 12 2 13 2 8 9 3 |2 9 20 4 1 12 1 3 1 9 16 1 6 2 14 1 |1 1 7 5 1 1 1 7 1 15 4 1 1 1 1 16 |12 1 5 1 1 7 1 13 5 1 1 2 2 2 3 1 |
14504: 1 1 6 9 6 2 9 1 6 1 1 3 10 1 3 8 |1 8 3 8 2 1 1 1 2 4 10 12 23 2 3 6 |3 14 15 3 12 2 8 18 8 1 1 6 1 5 1 1 |1 1 7 1 18 7 11 16 1 14 14 1 1 1 1 1 |1 2 8 15 28 1 9 8 9 16 12 1 1 1 1 1 |1 7 7 9 1 1 1 15 9 1 1 1 2 5 1 1 |10 15 3 18 1 1 22 59 174 85 24 4 17 1 3 1 |3 14 14 1 3 7 98 43 11 3 4 3 7 1 5 11 |2 2 5 2 1 1 10 7 17 12 2 13 2 8 9 3 |2 9 20 4 1 12 1 3 1 9 16 1 6 2 14 1 |1 1 7 5 1 1 1 7 1 15 4 1 1 1 1 16 |12 1 5 1 1 7 1 13 5 1 1 2 2 2 3 1 |
14514: 1 1 6 9 6 2 9 1 6 1 1 3 10 1 3 8 |1 8 3 8 2 1 1 1 2 4 10 12 23 2 3 6 |3 14 15 3 12 2 8 18 8 1 1 6 1 5 1 1 |1 2 14 3 11 1 9 14 16 15 11 1 1 1 4 1 |1 2 8 15 28 1 9 8 9 16 12 1 1 1 1 1 |1 7 7 9 1 1 1 15 9 1 1 1 2 5 1 1 |10 15 3 18 1 1 22 59 174 85 24 4 17 1 3 1 |3 14 14 1 3 7 98 43 11 3 4 3 7 1 5 11 |2 2 5 2 1 1 10 7 17 12 2 13 2 8 9 3 |2 9 20 4 1 12 1 3 1 9 16 1 6 2 14 1 |1 1 7 5 1 1 1 7 1 15 4 1 1 1 1 16 |12 1 5 1 1 7 1 13 5 1 1 2 2 2 3 1 |
14525: 1 1 6 9 6 2 9 1 6 1 1 3 10 1 3 8 |1 8 3 8 2 1 1 1 2 4 10 12 23 2 3 6 |3 14 15 3 12 2 8 18 8 1 1 6 1 5 1 1 |1 2 14 3 11 1 9 14 16 15 11 1 1 1 4 1 |1 2 8 15 28 1 9 8 9 16 12 1 1 1 1 1 |1 7 7 9 1 1 1 15 9 1 1 1 2 5 1 1 |10 15 3 18 1 1 22 59 174 85 24 4 17 1 3 1 |3 14 14 1 3 7 98 43 11 3 4 3 7 1 5 11 |2 2 5 2 1 1 10 7 17 12 2 13 2 8 9 3 |2 9 20 4 1 12 1 3 1 9 16 1 6 2 14 1 |2 1 6 1 14 12 2 7 1 4 8 1 1 1 1 15 |12 1 5 1 1 7 1 13 5 1 1 2 2 2 3 1 |
14535: 1 1 6 9 6 2 9 1 6 1 1 3 10 1 3 8 |1 8 3 8 2 1 1 1 2 4 10 12 23 2 3 6 |3 14 15 3 12 2 8 18 8 1 1 6 1 5 1 1 |1 2 14 3 11 1 9 14 16 15 11 1 1 1 4 1 |1 2 8 15 28 1 9 8 9 16 12 1 1 1 1 1 |1 7 7 9 1 1 1 15 9 1 1 1 2 5 1 1 |10 15 3 18 1 1 22 59 174 85 24 4 17 1 3 1 |3 14 14 1 3 7 98 43 11 3 4 3 7 1 5 11 |2 2 5 2 1 1 10 7 17 12 2 13 2 8 9 3 |2 9 20 4 1 12 1 3 1 9 16 1 6 2 14 1 |2 1 6 1 14 12 2 7 1 4 8 1 1 1 1 15 |12 1 5 1 1 7 1 13 5 1 1 2 2 2 3 1 |
14546: 1 1 6 9 6 2 9 1 6 1 1 3 10 1 3 8 |1 18 1 2 3 1 1 1 16 21 10 11 24 2 3 6 |3 14 15 3 12 2 8 18 8 1 1 6 1 5 1 1 |1 2 14 3 11 1 9 14 16 15 11 1 1 1 4 1 |1 2 8 15 28 1 9 8 9 16 12 1 1 1 1 1 |1 7 7 9 1 1 1 15 9 1 1 1 2 5 1 1 |10 15 3 18 1 1 22 59 174 85 24 4 17 1 3 1 |3 14 14 1 3 7 98 43 11 3 4 3 7 1 5 11 |2 2 5 2 1 1 10 7 17 12 2 13 2 8 9 3 |2 9 20 4 1 12 1 3 1 9 16 1 6 2 14 1 |2 1 6 1 14 12 2 7 1 4 8 1 1 1 1 15 |12 1 5 1 1 7 1 13 5 1 1 2 2 2 3 1 |
14556: 1 1 6 9 6 2 9 1 6 1 1 3 10 1 3 8 |1 18 1 2 3 1 1 1 16 21 10 11 24 2 3 6 |3 14 15 3 12 2 8 18 8 1 1 6 1 5 1 1 |1 2 14 3 11 1 9 14 16 15 11 1 1 1 4 1 |1 2 8 15 28 1 9 8 9 16 12 1 1 1 1 1 |1 7 7 9 1 1 1 15 9 1 1 1 2 5 1 1 |10 15 3 18 1 1 22 59 174 85 24 4 17 1 3 1 |3 14 14 1 3 7 98 43 11 3 4 3 7 1 5 11 |2 9 5 1 2 1 18 20 37 56 18 22 2 1 17 3 |2 9 20 4 1 12 1 3 1 9 16 1 6 2 14 1 |2 1 6 1 14 12 2 7 1 4 8 1 1 1 1 15 |12 1 5 1 1 7 1 13 5 1 1 2 2 2 3 1 |
14567: 1 1 6 9 6 2 9 1 6 1 1 3 10 1 3 8 |1 18 1 2 3 1 1 1 16 21 10 11 24 2 3 6 |3 14 15 3 12 2 8 18 8 1 1 6 1 5 1 1 |1 2 14 3 11 1 9 14 16 15 11 1 1 1 4 1 |1 2 8 15 28 1 9 8 9 16 12 1 1 1 1 1 |1 7 7 9 1 1 1 15 9 1 1 1 2 5 1 1 |10 15 3 18 1 1 22 59 174 85 24 4 17 1 3 1 |3 14 14 1 3 7 98 43 11 3 4 3 7 1 5 11 |2 9 5 1 2 1 18 20 37 56 18 22 2 1 17 3 |3 11 3 9 1 1 1 1 9 14 22 1 7 3 15 1 |2 1 6 1 14 12 2 7 1 4 8 1 1 1 1 15 |12 1 5 1 1 7 1 13 5 1 1 2 2 2 3 1 |
14577: 1 1 6 9 6 2 9 1 6 1 1 3 10 1 3 8 |7 8 2 9 1 2 1 1 15 4 10 12 23 1 1 2 |3 14 15 3 12 2 8 18 8 1 1 6 1 5 1 1 |1 2 14 3 11 1 9 14 16 15 11 1 1 1 4 1 |1 2 8 15 28 1 9 8 9 16 12 1 1 1 1 1 |1 7 7 9 1 1 1 15 9 1 1 1 2 5 1 1 |10 15 3 18 1 1 22 59 174 85 24 4 17 1 3 1 |3 14 14 1 3 7 98 43 11 3 4 3 7 1 5 11 |2 9 5 1 2 1 18 20 37 56 18 22 2 1 17 3 |3 11 3 9 1 1 1 1 9 14 22 1 7 3 15 1 |2 1 6 1 14 12 2 7 1 4 8 1 1 1 1 15 |12 1 5 1 1 7 1 13 5 1 1 2 2 2 3 1 |
14588: 1 1 6 9 6 2 9 1 6 1 1 3 10 1 3 8 |7 8 2 9 1 2 1 1 15 4 10 12 23 1 1 2 |3 14 16 13 7 1 16 19 4 1 1 1 7 6 1 3 |1 2 14 3 11 1 9 14 16 15 11 1 1 1 4 1 |1 2 8 15 28 1 9 8 9 16 12 1 1 1 1 1 |1 7 7 9 1 1 1 15 9 1 1 1 2 5 1 1 |10 15 3 18 1 1 22 59 174 85 24 4 17 1 3 1 |3 14 14 1 3 7 98 43 11 3 4 3 7 1 5 11 |2 9 5 1 2 1 18 20 37 56 18 22 2 1 17 3 |3 11 3 9 1 1 1 1 9 14 22 1 7 3 15 1 |2 1 6 1 14 12 2 7 1 4 8 1 1 1 1 15 |12 1 5 1 1 7 1 13 5 1 1 2 2 2 3 1 |
14599: 1 1 6 9 6 2 9 1 6 1 1 3 10 1 3 8 |7 8 2 9 1 2 1 1 15 4 10 12 23 1 1 2 |3 14 16 13 7 1 16 19 4 1 1 1 7 6 1 3 |1 2 14 3 11 1 9 14 16 15 11 1 1 1 4 1 |1 2 8 15 28 1 9 8 9 16 12 1 1 1 1 1 |1 7 7 9 1 1 1 15 9 1 1 1 2 5 1 1 |10 15 3 18 1 1 22 59 174 85 24 4 17 1 3 1 |3 14 14 1 3 7 98 43 11 3 4 3 7 1 5 11 |2 9 5 1 2 1 18 20 37 56 18 22 2 1 17 3 |3 11 3 9 1 1 1 1 9 14 22 1 7 3 15 1 |2 1 6 1 14 12 2 7 1 4 8 1 1 1 1 15 |12 1 5 1 1 7 1 13 5 1 1 2 2 2 3 1 |
14609: 1 2 15 1 7 17 4 2 7 1 1 2 9 1 4 7 |7 8 2 9 1 2 1 1 15 4 10 12 23 1 1 2 |3 14 16 13 7 1 16 19 4 1 1 1 7 6 1 3 |1 2 14 3 11 1 9 14 16 15 11 1 1 1 4 1 |1 2 8 15 28 1 9 8 9 16 12 1 1 1 1 1 |1 7 7 9 1 1 1 15 9 1 1 1 2 5 1 1 |10 15 3 18 1 1 22 59 174 85 24 4 17 1 3 1 |3 14 14 1 3 7 98 43 11 3 4 3 7 1 5 11 |2 9 5 1 2 1 18 20 37 56 18 22 2 1 17 3 |3 11 3 9 1 1 1 1 9 14 22 1 7 3 15 1 |2 1 6 1 14 12 2 7 1 4 8 1 1 1 1 15 |12 1 5 1 1 7 1 13 5 1 1 2 2 2 3 1 |
14620: 1 2 15 1 7 17 4 2 7 1 1 2 9 1 4 7 |7 8 2 9 1 2 1 1 15 4 10 12 23 1 1 2 |3 14 16 13 7 1 16 19 4 1 1 1 7 6 1 3 |1 2 14 3 11 1 9 14 16 15 11 1 1 1 4 1 |1 2 8 15 28 1 9 8 9 16 12 1 1 1 1 1 |1 7 7 9 1 1 1 15 9 1 1 1 2 5 1 1 |10 15 3 18 1 1 22 59 174 85 24 4 17 1 3 1 |4 2 2 1 4 1 10 23 37 71 61 12 5 2 4 13 |2 9 5 1 2 1 18 20 37 56 18 22 2 1 17 3 |3 11 3 9 1 1 1 1 9 14 22 1 7 3 15 1 |2 1 6 1 14 12 2 7 1 4 8 1 1 1 1 15 |12 1 5 1 1 7 1 13 5 1 1 2 2 2 3 1 |
14630: 1 2 15 1 7 17 4 2 7 1 1 2 9 1 4 7 |7 8 2 9 1 2 1 1 15 4 10 12 23 1 1 2 |3 14 16 13 7 1 16 19 4 1 1 1 7 6 1 3 |1 2 14 3 11 1 9 14 16 15 11 1 1 1 4 1 |1 2 8 15 28 1 9 8 9 16 12 1 1 1 1 1 |1 7 7 9 1 1 1 15 9 1 1 1 2 5 1 1 |10 15 3 18 1 1 22 59 174 85 24 4 17 1 3 1 |4 2 2 1 4 1 10 23 37 71 61 12 5 2 4 13 |2 9 5 1 2 1 18 20 37 56 18 22 2 1 17 3 |3 11 3 9 1 1 1 1 9 14 22 1 7 3 15 1 |2 1 6 1 14 12 2 7 1 4 8 1 1 1 1 15 |12 1 5 1 1 7 1 13 5 1 1 2 2 2 3 1 |
14641: 1 2 15 1 7 17 4 2 7 1 1 2 9 1 4 7 |7 8 2 9 1 2 1 1 15 4 10 12 23 1 1 2 |3 14 16 13 7 1 16 19 4 1 1 1 7 6 1 3 |1 2 14 3 11 1 9 14 16 15 11 1 1 1 4 1 |1 2 8 15 28 1 9 8 9 16 12 1 1 1 1 1 |1 7 7 9 1 1 1 15 9 1 1 1 2 5 1 1 |10 15 3 18 1 1 22 59 174 85 24 4 17 1 3 1 |4 2 2 1 4 1 10 23 37 71 61 12 5 2 4 13 |2 9 5 1 2 1 18 20 37 56 18 22 2 1 17 3 |3 11 3 9 1 1 1 1 9 14 22 1 7 3 15 1 |2 1 6 1 14 12 2 7 1 4 8 1 1 1 1 15 |12 1 5 1 1 7 1 13 5 1 1 2 2 2 3 1 |
14651: 1 9 14 1 7 18 9 2 7 1 2 2 9 1 18 8 |7 8 2 9 1 2 1 1 15 4 10 12 23 1 1 2 |3 14 16 13 7 1 16 19 4 1 1 1 7 6 1 3 |1 2 14 3 11 1 9 14 16 15 11 1 1 1 4 1 |1 2 8 15 28 1 9 8 9 16 12 1 1 1 1 1 |1 7 7 9 1 1 1 15 9 1 1 1 2 5 1 1 |10 15 3 18 1 1 22 59 174 85 24 4 17 1 3 1 |4 2 2 1 4 1 10 23 37 71 61 12 5 2 4 13 |2 9 5 1 2 1 18 20 37 56 18 22 2 1 17 3 |3 11 3 9 1 1 1 1 9 14 22 1 7 3 15 1 |2 1 6 1 14 12 2 7 1 4 8 1 1 1 1 15 |12 1 5 1 1 7 1 13 5 1 1 2 2 2 3 1 |
14661: 1 9 14 1 7 18 9 2 7 1 2 2 9 1 18 8 |7 8 2 9 1 2 1 1 15 4 10 12 23 1 1 2 |3 14 16 13 7 1 16 19 4 1 1 1 7 6 1 3 |1 2 14 3 11 1 9 14 16 15 11 1 1 1 4 1 |1 2 8 15 28 1 9 8 9 16 12 1 1 1 1 1 |1 7 7 9 1 1 1 15 9 1 1 1 2 5 1 1 |10 15 3 18 1 1 22 59 174 85 24 4 17 1 3 1 |4 2 2 1 4 1 10 23 37 71 61 12 5 2 4 13 |2 9 5 1 2 1 18 20 37 56 18 22 2 1 17 3 |3 11 3 9 1 1 1 1 9 14 22 1 7 3 15 1 |2 1 6 1 14 12 2 7 1 4 8 1 1 1 1 15 |12 1 5 1 1 7 1 13 5 1 1 2 2 2 3 1 |
14672: 1 9 14 1 7 18 9 2 7 1 2 2 9 1 18 8 |7 8 2 9 1 2 1 1 15 4 10 12 23 1 1 2 |3 14 16 13 7 1 16 19 4 1 1 1 7 6 1 3 |1 2 14 3 11 1 9 14 16 15 11 1 1 1 4 1 |1 2 8 15 28 1 9 8 9 16 12 1 1 1 1 1 |1 7 7 9 1 1 1 15 9 1 1 1 2 5 1 1 |10 15 3 18 1 1 22 59 174 85 24 4 17 1 3 1 |4 2 2 1 4 1 10 23 37 71 61 12 5 2 4 13 |2 9 5 1 2 1 18 20 37 56 18 22 2 1 17 3 |3 11 3 9 1 1 1 1 9 14 22 1 7 3 15 1 |2 1 6 1 14 12 2 7 1 4 8 1 1 1 1 15 |12 1 5 1 1 7 1 13 5 1 1 2 2 2 3 1 |
14682: 1 9 14 1 7 18 9 2 7 1 2 2 9 1 18 8 |7 8 2 9 1 2 1 1 15 4 10 12 23 1 1 2 |3 14 16 13 7 1 16 19 4 1 1 1 7 6 1 3 |1 2 14 3 11 1 9 14 16 15 11 1 1 1 4 1 |1 2 8 15 28 1 9 8 9 16 12 1 1 1 1 1 |1 7 7 9 1 1 1 15 9 1 1 1 2 5 1 1 |6 14 8 8 2 1 1 13 24 7 14 1 18 1 1 1 |4 2 2 1 4 1 10 23 37 71 61 12 5 2 4 13 |2 9 5 1 2 1 18 20 37 56 18 22 2 1 17 3 |3 11 3 9 1 1 1 1 9 14 22 1 7 3 15 1 |2 1 6 1 14 12 2 7 1 4 8 1 1 1 1 15 |12 1 5 1 1 7 1 13 5 1 1 2 2 2 3 1 |
14693: 1 9 14 1 7 18 9 2 7 1 2 2 9 1 18 8 |7 8 2 9 1 2 1 1 15 4 10 12 23 1 1 2 |3 14 16 13 7 1 16 19 4 1 1 1 7 6 1 3 |1 2 14 3 11 1 9 14 16 15 11 1 1 1 4 1 |1 2 8 15 28 1 9 8 9 16 12 1 1 1 1 1 |1 7 7 9 1 1 1 15 9 1 1 1 2 5 1 1 |6 14 8 8 2 1 1 13 24 7 14 1 18 1 1 1 |4 2 2 1 4 1 10 23 37 71 61 12 5 2 4 13 |2 9 5 1 2 1 18 20 37 56 18 22 2 1 17 3 |3 11 3 9 1 1 1 1 9 14 22 1 7 3 15 1 |2 1 6 1 14 12 2 7 1 4 8 1 1 1 1 15 |12 1 5 1 1 7 1 13 5 1 1 2 2 2 3 1 |
14704: 1 9 14 1 7 18 9 2 7 1 2 2 9 1 18 8 |7 8 2 9 1 2 1 1 15 4 10 12 23 1 1 2 |3 14 16 13 7 1 16 19 4 1 1 1 7 6 1 3 |1 2 14 3 11 1 9 14 16 15 11 1 1 1 4 1 |1 2 8 15 28 1 9 8 9 16 12 1 1 1 1 1 |1 7 7 9 1 1 1 15 9 1 1 1 2 5 1 1 |6 14 8 8 2 1 1 13 24 7 14 1 18 1 1 1 |4 2 2 1 4 1 10 23 37 71 61 12 5 2 4 13 |2 9 5 1 2 1 18 20 37 56 18 22 2 1 17 3 |3 11 3 9 1 1 1 1 9 14 22 1 7 3 15 1 |2 1 6 1 14 12 2 7 1 4 8 1 1 1 1 15 |12 1 5 1 1 7 1 13 5 1 1 2 2 2 3 1 |
14714: 1 9 14 1 7 18 9 2 7 1 2 2 9 1 18 8 |7 8 2 9 1 2 1 1 15 4 10 12 23 1 1 2 |3 14 16 13 7 1 16 19 4 1 1 1 7 6 1 3 |1 2 14 3 11 1 9 14 16 15 11 1 1 1 4 1 |1 2 8 15 28 1 9 8 9 16 12 1 1 1 1 1 |1 7 7 9 1 1 1 15 9 1 1 1 2 5 1 1 |6 14 8 8 2 1 1 13 24 7 14 1 18 1 1 1 |4 2 2 1 4 1 10 23 37 71 61 12 5 2 4 13 |2 9 5 1 2 1 18 20 37 56 18 22 2 1 17 3 |3 11 3 9 1 1 1 1 9 14 22 1 7 3 15 1 |2 1 6 1 14 12 2 7 1 4 8 1 1 1 1 15 |12 1 5 1 1 7 1 13 5 1 1 2 2 2 3 1 |
14725: 1 9 14 1 7 18 9 2 7 1 2 2 9 1 18 8 |7 8 2 9 1 2 1 1 15 4 10 12 23 1 1 2 |3 14 16 13 7 1 16 19 4 1 1 1 7 6 1 3 |1 2 14 3 11 1 9 14 16 15 11 1 1 1 4 1 |1 2 8 15 28 1 9 8 9 16 12 1 1 1 1 1 |1 7 7 9 1 1 1 15 9 1 1 1 2 5 1 1 |6 14 8 8 2 1 1 13 24 7 14 1 18 1 1 1 |4 2 2 1 4 1 10 23 37 71 61 12 5 2 4 13 |2 9 5 1 2 1 18 20 37 56 18 22 2 1 17 3 |3 11 3 9 1 1 1 1 9 14 22 1 7 3 15 1 |2 1 6 1 14 12 2 7 1 4 8 1 1 1 1 15 |12 1 5 1 1 7 1 13 5 1 1 2 2 2 3 1 |
14736: 1 9 14 1 7 18 9 2 7 1 2 2 9 1 18 8 |7 8 2 9 1 2 1 1 15 4 10 12 23 1 1 2 |3 14 16 13 7 1 16 19 4 1 1 1 7 6 1 3 |1 2 14 3 11 1 9 14 16 15 11 1 1 1 4 1 |1 2 8 15 28 1 9 8 9 16 12 1 1 1 1 1 |1 7 7 9 1 1 1 15 9 1 1 1 2 5 1 1 |6 14 8 8 2 1 1 13 24 7 14 1 18 1 1 1 |4 2 2 1 4 1 10 23 37 71 61 12 5 2 4 13 |2 9 5 1 2 1 18 20 37 56 18 22 2 1 17 3 |3 11 3 9 1 1 1 1 9 14 22 1 7 3 15 1 |2 1 6 1 14 12 2 7 1 4 8 1 1 1 1 15 |12 1 5 1 1 7 1 13 5 1 1 2 2 2 3 1 |
14746: 1 9 14 1 7 18 9 2 7 1 2 2 9 1 18 8 |7 8 2 9 1 2 1 1 15 4 10 12 23 1 1 2 |3 14 16 13 7 1 16 19 4 1 1 1 7 6 1 3 |1 2 14 3 11 1 9 14 16 15 11 1 1 1 4 1 |1 2 8 15 28 1 9 8 9 16 12 1 1 1 1 1 |2 13 4 13 1 2 2 17 6 5 1 1 2 6 1 1 |6 14 8 8 2 1 1 13 24 7 14 1 18 1 1 1 |4 2 2 1 4 1 10 23 37 71 61 12 5 2 4 13 |2 9 5 1 2 1 18 20 37 56 18 22 2 1 17 3 |3 11 3 9 1 1 1 1 9 14 22 1 7 3 15 1 |2 1 6 1 14 12 2 7 1 4 8 1 1 1 1 15 |12 1 5 1 1 7 1 13 5 1 1 2 2 2 3 1 |
14757: 1 9 14 1 7 18 9 2 7 1 2 2 9 1 18 8 |7 8 2 9 1 2 1 1 15 4 10 12 23 1 1 2 |3 14 16 13 7 1 16 19 4 1 1 1 7 6 1 3 |1 2 14 3 11 1 9 14 16 15 11 1 1 1 4 1 |1 2 8 15 28 1 9 8 9 16 12 1 1 1 1 1 |2 13 4 13 1 2 2 17 6 5 1 1 2 6 1 1 |6 14 8 8 2 1 1 13 24 7 14 1 18 1 1 1 |4 2 2 1 4 1 10 23 37 71 61 12 5 2 4 13 |2 9 5 1 2 1 18 20 37 56 18 22 2 1 17 3 |3 11 3 9 1 1 1 1 9 14 22 1 7 3 15 1 |2 1 6 1 14 12 2 7 1 4 8 1 1 1 1 15 |12 1 5 1 1 7 1 13 5 1 1 2 2 2 3 1 |
14768: 1 9 14 1 7 18 9 2 7 1 2 2 9 1 18 8 |7 8 2 9 1 2 1 1 15 4 10 12 23 1 1 2 |3 14 16 13 7 1 16 19 4 1 1 1 7 6 1 3 |1 2 14 3 11 1 9 14 16 15 11 1 1 1 4 1 |1 2 8 15 28 1 9 8 9 16 12 1 1 1 1 1 |2 13 4 13 1 2 2 17 6 5 1 1 2 6 1 1 |6 14 8 8 2 1 1 13 24 7 14 1 18 1 1 1 |4 2 2 1 4 1 10 23 37 71 61 12 5 2 4 13 |2 9 5 1 2 1 18 20 37 56 18 22 2 1 17 3 |3 11 3 9 1 1 1 1 9 14 22 1 7 3 15 1 |2 1 6 1 14 12 2 7 1 4 8 1 1 1 1 15 |12 1 5 1 1 7 1 13 5 1 1 2 2 2 3 1 |
14778: 1 9 14 1 7 18 9 2 7 1 2 2 9 1 18 8 |7 8 2 9 1 2 1 1 15 4 10 12 23 1 1 2 |3 14 16 13 7 1 16 19 4 1 1 1 7 6 1 3 |1 2 14 3 11 1 9 14 16 15 11 1 1 1 4 1 |1 2 8 15 28 1 9 8 9 16 12 1 1 1 1 1 |2 7 3 6 1 3 2 10 1 1 1 1 1 1 2 1 |6 14 8 8 2 1 1 13 24 7 14 1 18 1 1 1 |4 2 2 1 4 1 10 23 37 71 61 12 5 2 4 13 |2 9 5 1 2 1 18 20 37 56 18 22 2 1 17 3 |3 11 3 9 1 1 1 1 9 14 22 1 7 3 15 1 |2 1 6 1 14 12 2 7 1 4 8 1 1 1 1 15 |12 1 5 1 1 7 1 13 5 1 1 2 2 2 3 1 |
14788: 1 9 14 1 7 18 9 2 7 1 2 2 9 1 18 8 |7 8 2 9 1 2 1 1 15 4 10 12 23 1 1 2 |3 14 16 13 7 1 16 19 4 1 1 1 7 6 1 3 |1 2 14 3 11 1 9 14 16 15 11 1 1 1 4 1 |1 2 8 15 28 1 9 8 9 16 12 1 1 1 1 1 |2 7 3 6 1 3 2 10 1 1 1 1 1 1 2 1 |6 14 8 8 2 1 1 13 24 7 14 1 18 1 1 1 |4 2 2 1 4 1 10 23 37 71 61 12 5 2 4 13 |2 9 5 1 2 1 18 20 37 56 18 22 2 1 17 3 |3 11 3 9 1 1 1 1 9 14 22 1 7 3 15 1 |2 1 6 1 14 12 2 7 1 4 8 1 1 1 1 15 |12 1 5 1 1 7 1 13 5 1 1 2 2 2 3 1 |
14798: 1 9 14 1 7 18 9 2 7 1 2 2 9 1 18 8 |7 8 2 9 1 2 1 1 15 4 10 12 23 1 1 2 |3 14 16 13 7 1 16 19 4 1 1 1 7 6 1 3 |1 2 14 3 11 1 9 14 16 15 11 1 1 1 4 1 |1 2 8 15 28 1 9 8 9 16 12 1 1 1 1 1 |2 7 3 6 1 3 2 10 1 1 1 1 1 1 2 1 |6 14 8 8 2 1 1 13 24 7 14 1 18 1 1 1 |4 2 2 1 4 1 10 23 37 71 61 12 5 2 4 13 |2 9 5 1 2 1 18 20 37 56 18 22 2 1 17 3 |3 11 3 9 1 1 1 1 9 14 22 1 7 3 15 1 |2 1 6 1 14 12 2 7 1 4 8 1 1 1 1 15 |12 1 5 1 1 7 1 13 5 1 1 2 2 2 3 1 |
14809: 1 9 14 1 7 18 9 2 7 1 2 2 9 1 18 8 |7 8 2 9 1 2 1 1 15 4 10 12 23 1 1 2 |3 14 16 13 7 1 16 19 4 1 1 1 7 6 1 3 |1 2 14 3 11 1 9 14 16 15 11 1 1 1 4 1 |1 2 8 15 28 1 9 8 9 16 12 1 1 1 1 1 |2 7 3 6 1 3 2 10 1 1 1 1 1 1 2 1 |6 14 8 8 2 1 1 13 24 7 14 1 18 1 1 1 |4 2 2 1 4 1 10 23 37 71 61 12 5 2 4 13 |2 9 5 1 2 1 18 20 37 56 18 22 2 1 17 3 |3 11 3 9 1 1 1 1 9 14 22 1 7 3 15 1 |2 1 6 1 14 12 2 7 1 4 8 1 1 1 1 15 |12 1 5 1 1 7 1 13 5 1 1 2 2 2 3 1 |
14820: 1 9 14 1 7 18 9 2 7 1 2 2 9 1 18 8 |7 8 2 9 1 2 1 1 15 4 10 12 23 1 1 2 |3 14 16 13 7 1 16 19 4 1 1 1 7 6 1 3 |1 2 14 3 11 1 9 14 16 15 11 1 1 1 4 1 |1 2 8 15 28 1 9 8 9 16 12 1 1 1 1 1 |2 7 3 6 1 3 2 10 1 1 1 1 1 1 2 1 |6 14 8 8 2 1 1 13 24 7 14 1 18 1 1 1 |4 2 2 1 4 1 10 23 37 71 61 12 5 2 4 13 |2 9 5 1 2 1 18 20 37 56 18 22 2 1 17 3 |3 11 3 9 1 1 1 1 9 14 22 1 7 3 15 1 |2 1 6 1 14 12 2 7 1 4 8 1 1 1 1 15 |12 1 5 1 1 7 1 13 5 1 1 2 2 2 3 1 |
14831: 1 9 14 1 7 18 9 2 7 1 2 2 9 1 18 8 |7 8 2 9 1 2 1 1 15 4 10 12 23 1 1 2 |3 14 16 13 7 1 16 19 4 1 1 1 7 6 1 3 |1 2 14 3 11 1 9 14 16 15 11 1 1 1 4 1 |1 2 8 15 28 1 9 8 9 16 12 1 1 1 1 1 |2 7 3 6 1 3 2 10 1 1 1 1 1 1 2 1 |6 14 8 8 2 1 1 13 24 7 14 1 18 1 1 1 |4 2 2 1 4 1 10 23 37 71 61 12 5 2 4 13 |2 9 5 1 2 1 18 20 37 56 18 22 2 1 17 3 |3 11 3 9 1 1 1 1 9 14 22 1 7 3 15 1 |2 1 6 1 14 12 2 7 1 4 8 1 1 1 1 15 |12 1 5 1 1 7 1 13 5 1 1 2 2 2 3 1 |
14842: 1 9 14 1 7 18 9 2 7 1 2 2 9 1 18 8 |7 8 2 9 1 2 1 1 15 4 10 12 23 1 1 2 |4 6 1 2 10 4 15 19 4 1 12 1 1 7 1 3 |1 2 14 3 11 1 9 14 16 15 11 1 1 1 4 1 |1 2 8 15 28 1 9 8 9 16 12 1 1 1 1 1 |2 7 3 6 1 3 2 10 1 1 1 1 1 1 2 1 |6 14 8 8 2 1 1 13 24 7 14 1 18 1 1 1 |4 2 2 1 4 1 10 23 37 71 61 12 5 2 4 13 |2 9 5 1 2 1 18 20 37 56 18 22 2 1 17 3 |3 11 3 9 1 1 1 1 9 14 22 1 7 3 15 1 |2 1 6 1 14 12 2 7 1 4 8 1 1 1 1 15 |12 1 5 1 1 7 1 13 5 1 1 2 2 2 3 1 |
14853: 1 9 14 1 7 18 9 2 7 1 2 2 9 1 18 8 |7 8 2 9 1 2 1 1 15 4 10 12 23 1 1 2 |4 6 1 2 10 4 15 19 4 1 12 1 1 7 1 3 |1 2 14 3 11 1 9 14 16 15 11 1 1 1 4 1 |1 2 8 15 28 1 9 8 9 16 12 1 1 1 1 1 |2 7 3 6 1 3 2 10 1 1 1 1 1 1 2 1 |6 14 8 8 2 1 1 13 24 7 14 1 18 1 1 1 |4 2 2 1 4 1 10 23 37 71 61 12 5 2 4 13 |2 9 5 1 2 1 18 20 37 56 18 22 2 1 17 3 |3 11 3 9 1 1 1 1 9 14 22 1 7 3 15 1 |2 1 6 1 14 12 2 7 1 4 8 1 1 1 1 15 |12 1 5 1 1 7 1 13 5 1 1 2 2 2 3 1 |
14864: 1 9 14 1 7 18 9 2 7 1 2 2 9 1 18 8 |7 8 2 9 1 2 1 1 15 4 10 12 23 1 1 2 |4 6 1 2 10 4 15 19 4 1 12 1 1 7 1 3 |1 2 14 3 11 1 9 14 16 15 11 1 1 1 4 1 |1 2 8 15 28 1 9 8 9 16 12 1 1 1 1 1 |2 7 3 6 1 3 2 10 1 1 1 1 1 1 2 1 |6 14 8 8 2 1 1 13 24 7 14 1 18 1 1 1 |4 2 2 1 4 1 10 23 37 71 61 12 5 2 4 13 |2 9 5 1 2 1 18 20 37 56 18 22 2 1 17 3 |3 11 3 9 1 1 1 1 9 14 22 1 7 3 15 1 |2 1 6 1 14 12 2 7 1 4 8 1 1 1 1 15 |12 1 5 1 1 7 1 13 5 1 1 2 2 2 3 1 |
14874: 1 9 14 1 7 18 9 2 7 1 2 2 9 1 18 8 |7 8 2 9 1 2 1 1 15 4 10 12 23 1 1 2 |1 2 14 2 9 4 15 17 8 3 8 1 1 5 1 3 |1 2 14 3 11 1 9 14 16 15 11 1 1 1 4 1 |1 2 8 15 28 1 9 8 9 16 12 1 1 1 1 1 |2 7 3 6 1 3 2 10 1 1 1 1 1 1 2 1 |6 14 8 8 2 1 1 13 24 7 14 1 18 1 1 1 |4 2 2 1 4 1 10 23 37 71 61 12 5 2 4 13 |2 9 5 1 2 1 18 20 37 56 18 22 2 1 17 3 |3 11 3 9 1 1 1 1 9 14 22 1 7 3 15 1 |2 1 6 1 14 12 2 7 1 4 8 1 1 1 1 15 |12 1 5 1 1 7 1 13 5 1 1 2 2 2 3 1 |
14885: 1 9 14 1 7 18 9 2 7 1 2 2 9 1 18 8 |7 8 2 9 1 2 1 1 15 4 10 12 23 1 1 2 |1 2 14 2 9 4 15 17 8 3 8 1 1 5 1 3 |1 2 14 3 11 1 9 14 16 15 11 1 1 1 4 1 |1 2 8 15 28 1 9 8 9 16 12 1 1 1 1 1 |2 7 3 6 1 3 2 10 1 1 1 1 1 1 2 1 |6 14 8 8 2 1 1 13 24 7 14 1 18 1 1 1 |4 2 2 1 4 1 10 23 37 71 61 12 5 2 4 13 |6 7 8 1 16 3 14 19 22 96 255 133 10 1 3 1 |3 11 3 9 1 1 1 1 9 14 22 1 7 3 15 1 |2 1 6 1 14 12 2 7 1 4 8 1 1 1 1 15 |12 1 5 1 1 7 1 13 5 1 1 2 2 2 3 1 |
14895: 1 9 14 1 7 18 9 2 7 1 2 2 9 1 18 8 |7 8 2 9 1 2 1 1 15 4 10 12 23 1 1 2 |1 2 14 2 9 4 15 17 8 3 8 1 1 5 1 3 |1 2 14 3 11 1 9 14 16 15 11 1 1 1 4 1 |1 2 8 15 28 1 9 8 9 16 12 1 1 1 1 1 |2 7 3 6 1 3 2 10 1 1 1 1 1 1 2 1 |6 14 8 8 2 1 1 13 24 7 14 1 18 1 1 1 |4 2 2 1 4 1 10 23 37 71 61 12 5 2 4 13 |6 7 8 1 16 3 14 19 22 96 255 133 10 1 3 1 |3 11 3 9 1 1 1 1 9 14 22 1 7 3 15 1 |2 1 6 1 14 12 2 7 1 4 8 1 1 1 1 15 |12 1 5 1 1 7 1 13 5 1 1 2 2 2 3 1 |
14905: 1 9 14 1 7 18 9 2 7 1 2 2 9 1 18 8 |7 8 2 9 1 2 1 1 15 4 10 12 23 1 1 2 |1 2 14 2 9 4 15 17 8 3 8 1 1 5 1 3 |1 2 14 3 11 1 9 14 16 15 11 1 1 1 4 1 |1 2 8 15 28 1 9 8 9 16 12 1 1 1 1 1 |2 7 3 6 1 3 2 10 1 1 1 1 1 1 2 1 |6 14 8 8 2 1 1 13 24 7 14 1 18 1 1 1 |4 2 2 1 4 1 10 23 37 71 61 12 5 2 4 13 |6 7 8 1 16 3 14 19 22 96 255 133 10 1 3 1 |3 11 3 9 1 1 1 1 9 14 22 1 7 3 15 1 |2 1 6 1 14 12 2 7 1 4 8 1 1 1 1 15 |12 1 5 1 1 7 1 13 5 1 1 2 2 2 3 1 |
14916: 1 4 11 1 6 12 1 1 1 3 7 1 3 1 10 7 |7 8 2 9 1 2 1 1 15 4 10 12 23 1 1 2 |1 2 14 2 9 4 15 17 8 3 8 1 1 5 1 3 |1 2 14 3 11 1 9 14 16 15 11 1 1 1 4 1 |1 2 8 15 28 1 9 8 9 16 12 1 1 1 1 1 |2 7 3 6 1 3 2 10 1 1 1 1 1 1 2 1 |6 14 8 8 2 1 1 13 24 7 14 1 18 1 1 1 |4 2 2 1 4 1 10 23 37 71 61 12 5 2 4 13 |6 7 8 1 16 3 14 19 22 96 255 133 10 1 3 1 |3 11 3 9 1 1 1 1 9 14 22 1 7 3 15 1 |2 1 6 1 14 12 2 7 1 4 8 1 1 1 1 15 |12 1 5 1 1 7 1 13 5 1 1 2 2 2 3 1 |
14926: 1 4 11 1 6 12 1 1 1 3 7 1 3 1 10 7 |7 8 2 9 1 2 1 1 15 4 10 12 23 1 1 2 |1 2 14 2 9 4 15 17 8 3 8 1 1 5 1 3 |1 2 14 3 11 1 9 14 16 15 11 1 1 1 4 1 |1 2 8 15 28 1 9 8 9 16 12 1 1 1 1 1 |2 7 3 6 1 3 2 10 1 1 1 1 1 1 2 1 |6 14 8 8 2 1 1 13 24 7 14 1 18 1 1 1 |4 2 2 1 4 1 10 23 37 71 61 12 5 2 4 13 |6 7 8 1 16 3 14 19 22 96 255 133 10 1 3 1 |3 11 3 9 1 1 1 1 9 14 22 1 7 3 15 1 |2 1 6 1 14 12 2 7 1 4 8 1 1 1 1 15 |12 1 5 1 1 7 1 13 5 1 1 2 2 2 3 1 |
14936: 1 4 11 1 6 12 1 1 1 3 7 1 3 1 10 7 |7 8 2 9 1 2 1 1 15 4 10 12 23 1 1 2 |1 2 14 2 9 4 15 17 8 3 8 1 1 5 1 3 |1 2 14 3 11 1 9 14 16 15 11 1 1 1 4 1 |1 2 8 15 28 1 9 8 9 16 12 1 1 1 1 1 |2 7 3 6 1 3 2 10 1 1 1 1 1 1 2 1 |6 14 8 8 2 1 1 13 24 7 14 1 18 1 1 1 |4 2 2 1 4 1 10 23 37 71 61 12 5 2 4 13 |6 7 8 1 16 3 14 19 22 96 255 133 10 1 3 1 |3 11 3 9 1 1 1 1 9 14 22 1 7 3 15 1 |2 1 6 1 14 12 2 7 1 4 8 1 1 1 1 15 |12 1 5 1 1 7 1 13 5 1 1 2 2 2 3 1 |
14947: 1 4 11 1 6 12 1 1 1 3 7 1 3 1 10 7 |7 8 2 9 1 2 1 1 15 4 10 12 23 1 1 2 |1 2 14 2 9 4 15 17 8 3 8 1 1 5 1 3 |1 2 14 3 11 1 9 14 16 15 11 1 1 1 4 1 |1 2 8 15 28 1 9 8 9 16 12 1 1 1 1 1 |2 7 3 6 1 3 2 10 1 1 1 1 1 1 2 1 |1 6 1 8 4 1 2 10 15 1 9 1 18 1 3 1 |4 2 2 1 4 1 10 23 37 71 61 12 5 2 4 13 |6 7 8 1 16 3 14 19 22 96 255 133 10 1 3 1 |3 11 3 9 1 1 1 1 9 14 22 1 7 3 15 1 |2 1 6 1 14 12 2 7 1 4 8 1 1 1 1 15 |12 1 5 1 1 7 1 13 5 1 1 2 2 2 3 1 |
14957: 1 4 11 1 6 12 1 1 1 3 7 1 3 1 10 7 |7 8 2 9 1 2 1 1 15 4 10 12 23 1 1 2 |1 2 14 2 9 4 15 17 8 3 8 1 1 5 1 3 |1 2 14 3 11 1 9 14 16 15 11 1 1 1 4 1 |1 2 8 15 28 1 9 8 9 16 12 1 1 1 1 1 |2 7 3 6 1 3 2 10 1 1 1 1 1 1 2 1 |1 6 1 8 4 1 2 10 15 1 9 1 18 1 3 1 |4 2 2 1 4 1 10 23 37 71 61 12 5 2 4 13 |6 7 8 1 16 3 14 19 22 96 255 133 10 1 3 1 |3 11 3 9 1 1 1 1 9 14 22 1 7 3 15 1 |2 1 6 1 14 12 2 7 1 4 8 1 1 1 1 15 |12 1 5 1 1 7 1 13 5 1 1 2 2 2 3 1 |
14968: 1 4 11 1 6 12 1 1 1 3 7 1 3 1 10 7 |7 8 2 9 1 2 1 1 15 4 10 12 23 1 1 2 |1 2 14 2 9 4 15 17 8 3 8 1 1 5 1 3 |1 2 14 3 11 1 9 14 16 15 11 1 1 1 4 1 |1 2 8 15 28 1 9 8 9 16 12 1 1 1 1 1 |2 7 3 6 1 3 2 10 1 1 1 1 1 1 2 1 |1 6 1 8 4 1 2 10 15 1 9 1 18 1 3 1 |4 2 2 1 4 1 10 23 37 71 61 12 5 2 4 13 |6 7 8 1 16 3 14 19 22 96 255 133 10 1 3 1 |3 11 3 9 1 1 1 1 9 14 22 1 7 3 15 1 |2 1 6 1 14 12 2 7 1 4 8 1 1 1 1 15 |12 1 5 1 1 7 1 13 5 1 1 2 2 2 3 1 |
14978: 1 4 11 1 6 12 1 1 1 3 7 1 3 1 10 7 |7 8 2 9 1 2 1 1 15 4 10 12 23 1 1 2 |1 2 14 2 9 4 15 17 8 3 8 1 1 5 1 3 |1 2 14 3 11 1 9 14 16 15 11 1 1 1 4 1 |1 1 1 1 1 1 1 3 6 15 6 3 5 1 3 4 |2 7 3 6 1 3 2 10 1 1 1 1 1 1 2 1 |1 6 1 8 4 1 2 10 15 1 9 1 18 1 3 1 |4 2 2 1 4 1 10 23 37 71 61 12 5 2 4 13 |6 7 8 1 16 3 14 19 22 96 255 133 10 1 3 1 |3 11 3 9 1 1 1 1 9 14 22 1 7 3 15 1 |2 1 6 1 14 12 2 7 1 4 8 1 1 1 1 15 |12 1 5 1 1 7 1 13 5 1 1 2 2 2 3 1 |
14989: 1 4 11 1 6 12 1 1 1 3 7 1 3 1 10 7 |7 8 2 9 1 2 1 1 15 4 10 12 23 1 1 2 |1 2 14 2 9 4 15 17 8 3 8 1 1 5 1 3 |1 2 14 3 11 1 9 14 16 15 11 1 1 1 4 1 |1 1 1 1 1 1 1 3 6 15 6 3 5 1 3 4 |2 7 3 6 1 3 2 10 1 1 1 1 1 1 2 1 |1 6 1 8 4 1 2 10 15 1 9 1 18 1 3 1 |4 2 2 1 4 1 10 23 37 71 61 12 5 2 4 13 |6 7 8 1 16 3 14 19 22 96 255 133 10 1 3 1 |3 11 3 9 1 1 1 1 9 14 22 1 7 3 15 1 |2 1 6 1 14 12 2 7 1 4 8 1 1 1 1 15 |12 1 5 1 1 7 1 13 5 1 1 2 2 2 3 1 |
14999: 1 4 11 1 6 12 1 1 1 3 7 1 3 1 10 7 |7 8 2 9 1 2 1 1 15 4 10 12 23 1 1 2 |1 2 14 2 9 4 15 17 8 3 8 1 1 5 1 3 |1 2 14 3 11 1 9 14 16 15 11 1 1 1 4 1 |1 1 1 1 1 1 1 3 6 15 6 3 5 1 3 4 |2 7 3 6 1 3 2 10 1 1 1 1 1 1 2 1 |1 6 1 8 4 1 2 10 15 1 9 1 18 1 3 1 |4 2 2 1 4 1 10 23 37 71 61 12 5 2 4 13 |6 7 8 1 16 3 14 19 22 96 255 133 10 1 3 1 |3 11 3 9 1 1 1 1 9 14 22 1 7 3 15 1 |2 1 6 1 14 12 2 7 1 4 8 1 1 1 1 15 |12 1 5 1 1 7 1 13 5 1 1 2 2 2 3 1 |
15009: 1 2 14 1 1 18 9 2 7 1 2 2 10 1 2 7 |7 8 2 9 1 2 1 1 15 4 10 12 23 1 1 2 |1 2 14 2 9 4 15 17 8 3 8 1 1 5 1 3 |1 2 14 3 11 1 9 14 16 15 11 1 1 1 4 1 |1 1 1 1 1 1 1 3 6 15 6 3 5 1 3 4 |2 7 3 6 1 3 2 10 1 1 1 1 1 1 2 1 |1 6 1 8 4 1 2 10 15 1 9 1 18 1 3 1 |4 2 2 1 4 1 10 23 37 71 61 12 5 2 4 13 |6 7 8 1 16 3 14 19 22 96 255 133 10 1 3 1 |3 11 3 9 1 1 1 1 9 14 22 1 7 3 15 1 |2 1 6 1 14 12 2 7 1 4 8 1 1 1 1 15 |12 1 5 1 1 7 1 13 5 1 1 2 2 2 3 1 |
15020: 1 2 14 1 1 18 9 2 7 1 2 2 10 1 2 7 |7 8 2 9 1 2 1 1 15 4 10 12 23 1 1 2 |1 2 14 2 9 4 15 17 8 3 8 1 1 5 1 3 |1 2 14 3 11 1 9 14 16 15 11 1 1 1 4 1 |1 1 1 1 1 1 1 3 6 15 6 3 5 1 3 4 |2 7 3 6 1 3 2 10 1 1 1 1 1 1 2 1 |1 6 1 8 4 1 2 10 15 1 9 1 18 1 3 1 |4 2 2 1 4 1 10 23 37 71 61 12 5 2 4 13 |6 7 8 1 16 3 14 19 22 96 255 133 10 1 3 1 |3 11 3 9 1 1 1 1 9 14 22 1 7 3 15 1 |2 1 6 1 14 12 2 7 1 4 8 1 1 1 1 15 |12 1 5 1 1 7 1 13 5 1 1 2 2 2 3 1 |
15031: 1 2 14 1 1 18 9 2 7 1 2 2 10 1 2 7 |7 8 2 9 1 2 1 1 15 4 10 12 23 1 1 2 |1 2 14 2 9 4 15 17 8 3 8 1 1 5 1 3 |1 2 14 3 11 1 9 14 16 15 11 1 1 1 4 1 |1 1 1 1 1 1 1 3 6 15 6 3 5 1 3 4 |2 7 3 6 1 3 2 10 1 1 1 1 1 1 2 1 |1 6 1 8 4 1 2 10 15 1 9 1 18 1 3 1 |4 2 2 1 4 1 10 23 37 71 61 12 5 2 4 13 |6 7 8 1 16 3 14 19 22 96 255 133 10 1 3 1 |3 11 3 9 1 1 1 1 9 14 22 1 7 3 15 1 |2 1 6 1 14 12 2 7 1 4 8 1 1 1 1 15 |12 1 5 1 1 7 1 13 5 1 1 2 2 2 3 1 |
15042: 1 2 14 1 1 18 9 2 7 1 2 2 10 1 2 7 |7 8 2 9 1 2 1 1 15 4 10 12 23 1 1 2 |1 14 16 13 7 1 14 12 8 3 1 5 5 5 1 2 |1 2 14 3 11 1 9 14 16 15 11 1 1 1 4 1 |1 1 1 1 1 1 1 3 6 15 6 3 5 1 3 4 |2 7 3 6 1 3 2 10 1 1 1 1 1 1 2 1 |1 6 1 8 4 1 2 10 15 1 9 1 18 1 3 1 |4 2 2 1 4 1 10 23 37 71 61 12 5 2 4 13 |6 7 8 1 16 3 14 19 22 96 255 133 10 1 3 1 |3 11 3 9 1 1 1 1 9 14 22 1 7 3 15 1 |2 1 6 1 14 12 2 7 1 4 8 1 1 1 1 15 |12 1 5 1 1 7 1 13 5 1 1 2 2 2 3 1 |
15052: 1 2 14 1 1 18 9 2 7 1 2 2 10 1 2 7 |7 8 2 9 1 2 1 1 15 4 10 12 23 1 1 2 |1 14 16 13 7 1 14 12 8 3 1 5 5 5 1 2 |1 2 13 1 17 1 3 12 1 8 14 1 1 1 5 1 |1 1 1 1 1 1 1 3 6 15 6 3 5 1 3 4 |2 7 3 6 1 3 2 10 1 1 1 1 1 1 2 1 |1 6 1 8 4 1 2 10 15 1 9 1 18 1 3 1 |4 2 2 1 4 1 10 23 37 71 61 12 5 2 4 13 |6 7 8 1 16 3 14 19 22 96 255 133 10 1 3 1 |3 11 3 9 1 1 1 1 9 14 22 1 7 3 15 1 |2 1 6 1 14 12 2 7 1 4 8 1 1 1 1 15 |12 1 5 1 1 7 1 13 5 1 1 2 2 2 3 1 |
15063: 1 2 14 1 1 18 9 2 7 1 2 2 10 1 2 7 |7 8 2 9 1 2 1 1 15 4 10 12 23 1 1 2 |1 14 16 13 7 1 14 12 8 3 1 5 5 5 1 2 |1 2 13 1 17 1 3 12 1 8 14 1 1 1 5 1 |1 1 1 1 1 1 1 3 6 15 6 3 5 1 3 4 |2 7 3 6 1 3 2 10 1 1 1 1 1 1 2 1 |1 6 1 8 4 1 2 10 15 1 9 1 18 1 3 1 |4 2 2 1 4 1 10 23 37 71 61 12 5 2 4 13 |6 7 8 1 16 3 14 19 22 96 255 133 10 1 3 1 |3 11 3 9 1 1 1 1 9 14 22 1 7 3 15 1 |2 1 6 1 14 12 2 7 1 4 8 1 1 1 1 15 |12 1 5 1 1 7 1 13 5 1 1 2 2 2 3 1 |
15074: 1 2 14 1 1 18 9 2 7 1 2 2 10 1 2 7 |8 5 2 8 1 1 1 1 2 5 9 13 23 1 5 7 |1 14 16 13 7 1 14 12 8 3 1 5 5 5 1 2 |1 2 13 1 17 1 3 12 1 8 14 1 1 1 5 1 |1 1 1 1 1 1 1 3 6 15 6 3 5 1 3 4 |2 7 3 6 1 3 2 10 1 1 1 1 1 1 2 1 |1 6 1 8 4 1 2 10 15 1 9 1 18 1 3 1 |4 2 2 1 4 1 10 23 37 71 61 12 5 2 4 13 |6 7 8 1 16 3 14 19 22 96 255 133 10 1 3 1 |3 11 3 9 1 1 1 1 9 14 22 1 7 3 15 1 |2 1 6 1 14 12 2 7 1 4 8 1 1 1 1 15 |12 1 5 1 1 7 1 13 5 1 1 2 2 2 3 1 |
15085: 1 2 14 1 1 18 9 2 7 1 2 2 10 1 2 7 |8 5 2 8 1 1 1 1 2 5 9 13 23 1 5 7 |1 14 16 13 7 1 14 12 8 3 1 5 5 5 1 2 |1 2 13 1 17 1 3 12 1 8 14 1 1 1 5 1 |1 1 1 1 1 1 1 3 6 15 6 3 5 1 3 4 |2 7 3 6 1 3 2 10 1 1 1 1 1 1 2 1 |1 6 1 8 4 1 2 10 15 1 9 1 18 1 3 1 |4 2 2 1 4 1 10 23 37 71 61 12 5 2 4 13 |6 7 8 1 16 3 14 19 22 96 255 133 10 1 3 1 |3 11 3 9 1 1 1 1 9 14 22 1 7 3 15 1 |2 1 6 1 14 12 2 7 1 4 8 1 1 1 1 15 |12 1 2 2 1 1 1 13 4 1 1 12 1 1 4 5 |
15095: 1 2 14 1 1 18 9 2 7 1 2 2 10 1 2 7 |8 5 2 8 1 1 1 1 2 5 9 13 23 1 5 7 |1 14 16 13 7 1 14 12 8 3 1 5 5 5 1 2 |1 2 13 1 17 1 3 12 1 8 14 1 1 1 5 1 |1 1 1 1 1 1 1 3 6 15 6 3 5 1 3 4 |2 7 3 6 1 3 2 10 1 1 1 1 1 1 2 1 |1 6 1 8 4 1 2 10 15 1 9 1 18 1 3 1 |4 2 2 1 4 1 10 23 37 71 61 12 5 2 4 13 |6 7 8 1 16 3 14 19 22 96 255 133 10 1 3 1 |3 11 3 9 1 1 1 1 9 14 22 1 7 3 15 1 |2 1 6 1 14 12 2 7 1 4 8 1 1 1 1 15 |12 1 2 2 1 1 1 13 4 1 1 12 1 1 4 5 |
15106: 1 2 14 1 1 18 9 2 7 1 2 2 10 1 2 7 |1 7 2 9 1 2 1 1 15 5 10 11 24 2 1 5 |1 14 16 13 7 1 14 12 8 3 1 5 5 5 1 2 |1 2 13 1 17 1 3 12 1 8 14 1 1 1 5 1 |1 1 1 1 1 1 1 3 6 15 6 3 5 1 3 4 |2 7 3 6 1 3 2 10 1 1 1 1 1 1 2 1 |1 6 1 8 4 1 2 10 15 1 9 1 18 1 3 1 |4 2 2 1 4 1 10 23 37 71 61 12 5 2 4 13 |6 7 8 1 16 3 14 19 22 96 255 133 10 1 3 1 |3 11 3 9 1 1 1 1 9 14 22 1 7 3 15 1 |2 1 6 1 14 12 2 7 1 4 8 1 1 1 1 15 |12 1 2 2 1 1 1 13 4 1 1 12 1 1 4 5 |
15116: 1 2 14 1 1 18 9 2 7 1 2 2 10 1 2 7 |1 7 2 9 1 2 1 1 15 5 10 11 24 2 1 5 |2 2 14 3 11 1 8 19 4 1 3 1 4 6 1 3 |1 2 13 1 17 1 3 12 1 8 14 1 1 1 5 1 |1 1 1 1 1 1 1 3 6 15 6 3 5 1 3 4 |2 7 3 6 1 3 2 10 1 1 1 1 1 1 2 1 |1 6 1 8 4 1 2 10 15 1 9 1 18 1 3 1 |4 2 2 1 4 1 10 23 37 71 61 12 5 2 4 13 |6 7 8 1 16 3 14 19 22 96 255 133 10 1 3 1 |3 11 3 9 1 1 1 1 9 14 22 1 7 3 15 1 |2 1 6 1 14 12 2 7 1 4 8 1 1 1 1 15 |12 1 2 2 1 1 1 13 4 1 1 12 1 1 4 5 |
15127: 1 2 14 1 1 18 9 2 7 1 2 2 10 1 2 7 |1 7 2 9 1 2 1 1 15 5 10 11 24 2 1 5 |2 2 14 3 11 1 8 19 4 1 3 1 4 6 1 3 |1 2 13 1 17 1 3 12 1 8 14 1 1 1 5 1 |1 1 1 1 1 1 1 3 6 15 6 3 5 1 3 4 |2 7 3 6 1 3 2 10 1 1 1 1 1 1 2 1 |1 6 1 8 4 1 2 10 15 1 9 1 18 1 3 1 |4 2 2 1 4 1 10 23 37 71 61 12 5 2 4 13 |6 7 8 1 16 3 14 19 22 96 255 133 10 1 3 1 |3 11 3 9 1 1 1 1 9 14 22 1 7 3 15 1 |2 1 6 1 14 12 2 7 1 4 8 1 1 1 1 15 |12 1 2 2 1 1 1 13 4 1 1 12 1 1 4 5 |
15138: 1 2 14 1 1 18 9 2 7 1 2 2 10 1 2 7 |1 7 2 9 1 2 1 1 15 5 10 11 24 2 1 5 |2 2 14 3 11 1 8 19 4 1 3 1 4 6 1 3 |1 2 13 1 17 1 3 12 1 8 14 1 1 1 5 1 |1 1 1 1 1 1 1 3 6 15 6 3 5 1 3 4 |2 7 3 6 1 3 2 10 1 1 1 1 1 1 2 1 |1 6 1 8 4 1 2 10 15 1 9 1 18 1 3 1 |4 2 2 1 4 1 10 23 37 71 61 12 5 2 4 13 |6 7 8 1 16 3 14 19 22 96 255 133 10 1 3 1 |3 11 3 9 1 1 1 1 9 14 22 1 7 3 15 1 |2 1 6 1 14 12 2 7 1 4 8 1 1 1 1 15 |12 1 2 2 1 1 1 13 4 1 1 12 1 1 4 5 |
15148: 1 2 14 1 1 18 9 2 7 1 2 2 10 1 2 7 |1 7 2 9 1 2 1 1 15 5 10 11 24 2 1 5 |2 2 14 3 11 1 8 19 4 1 3 1 4 6 1 3 |1 2 13 1 17 1 3 12 1 8 14 1 1 1 5 1 |1 1 1 1 1 1 1 3 6 15 6 3 5 1 3 4 |2 8 3 8 1 1 1 13 9 1 3 1 11 9 1 1 |1 6 1 8 4 1 2 10 15 1 9 1 18 1 3 1 |4 2 2 1 4 1 10 23 37 71 61 12 5 2 4 13 |6 7 8 1 16 3 14 19 22 96 255 133 10 1 3 1 |3 11 3 9 1 1 1 1 9 14 22 1 7 3 15 1 |2 1 6 1 14 12 2 7 1 4 8 1 1 1 1 15 |12 1 2 2 1 1 1 13 4 1 1 12 1 1 4 5 |
15158: 1 2 14 1 1 18 9 2 7 1 2 2 10 1 2 7 |1 7 2 9 1 2 1 1 15 5 10 11 24 2 1 5 |2 2 14 3 11 1 8 19 4 1 3 1 4 6 1 3 |1 2 13 1 17 1 3 12 1 8 14 1 1 1 5 1 |1 1 1 1 1 1 1 3 6 15 6 3 5 1 3 4 |2 8 3 8 1 1 1 13 9 1 3 1 11 9 1 1 |1 6 1 8 4 1 2 10 15 1 9 1 18 1 3 1 |4 2 2 1 4 1 10 23 37 71 61 12 5 2 4 13 |6 7 8 1 16 3 14 19 22 96 255 133 10 1 3 1 |3 11 3 9 1 1 1 1 9 14 22 1 7 3 15 1 |2 1 6 1 14 12 2 7 1 4 8 1 1 1 1 15 |12 1 2 2 1 1 1 13 4 1 1 12 1 1 4 5 |
15168: 1 2 14 1 1 18 9 2 7 1 2 2 10 1 2 7 |1 7 2 9 1 2 1 1 15 5 10 11 24 2 1 5 |2 2 14 3 11 1 8 19 4 1 3 1 4 6 1 3 |1 2 13 1 17 1 3 12 1 8 14 1 1 1 5 1 |1 1 1 1 1 1 1 3 6 15 6 3 5 1 3 4 |2 8 3 8 1 1 1 13 9 1 3 1 11 9 1 1 |1 6 1 8 4 1 2 10 15 1 9 1 18 1 3 1 |4 2 2 1 4 1 10 23 37 71 61 12 5 2 4 13 |6 7 8 1 16 3 14 19 22 96 255 133 10 1 3 1 |3 11 3 9 1 1 1 1 9 14 22 1 7 3 15 1 |2 1 6 1 14 12 2 7 1 4 8 1 1 1 1 15 |12 1 2 2 1 1 1 13 4 1 1 12 1 1 4 5 |
15179: 1 2 14 1 1 18 9 2 7 1 2 2 10 1 2 7 |1 7 2 9 1 2 1 1 15 5 10 11 24 2 1 5 |2 2 14 3 11 1 8 19 4 1 3 1 4 6 1 3 |1 3 15 1 6 1 1 14 5 14 7 8 5 1 9 1 |1 1 1 1 1 1 1 3 6 15 6 3 5 1 3 4 |2 8 3 8 1 1 1 13 9 1 3 1 11 9 1 1 |1 6 1 8 4 1 2 10 15 1 9 1 18 1 3 1 |4 2 2 1 4 1 10 23 37 71 61 12 5 2 4 13 |6 7 8 1 16 3 14 19 22 96 255 133 10 1 3 1 |3 11 3 9 1 1 1 1 9 14 22 1 7 3 15 1 |2 1 6 1 14 12 2 7 1 4 8 1 1 1 1 15 |12 1 2 2 1 1 1 13 4 1 1 12 1 1 4 5 |
15190: 1 2 14 1 1 18 9 2 7 1 2 2 10 1 2 7 |1 7 2 9 1 2 1 1 15 5 10 11 24 2 1 5 |2 2 14 3 11 1 8 19 4 1 3 1 4 6 1 3 |1 3 15 1 6 1 1 14 5 14 7 8 5 1 9 1 |1 1 1 1 1 1 1 3 6 15 6 3 5 1 3 4 |2 8 3 8 1 1 1 13 9 1 3 1 11 9 1 1 |1 6 1 8 4 1 2 10 15 1 9 1 18 1 3 1 |4 2 2 1 4 1 10 23 37 71 61 12 5 2 4 13 |6 7 8 1 16 3 14 19 22 96 255 133 10 1 3 1 |3 11 3 9 1 1 1 1 9 14 22 1 7 3 15 1 |2 1 6 1 14 12 2 7 1 4 8 1 1 1 1 15 |12 1 2 2 1 1 1 13 4 1 1 12 1 1 4 5 |
15201: 1 2 14 1 1 18 9 2 7 1 2 2 10 1 2 7 |1 7 2 9 1 2 1 1 15 5 10 11 24 2 1 5 |2 2 14 3 11 1 8 19 4 1 3 1 4 6 1 3 |1 3 15 1 6 1 1 14 5 14 7 8 5 1 9 1 |1 1 1 1 1 1 1 3 6 15 6 3 5 1 3 4 |2 8 3 8 1 1 1 13 9 1 3 1 11 9 1 1 |1 6 1 8 4 1 2 10 15 1 9 1 18 1 3 1 |4 2 2 1 4 1 10 23 37 71 61 12 5 2 4 13 |6 7 8 1 16 3 14 19 22 96 255 133 10 1 3 1 |3 11 3 9 1 1 1 1 9 14 22 1 7 3 15 1 |2 1 6 1 14 12 2 7 1 4 8 1 1 1 1 15 |12 1 2 2 1 1 1 13 4 1 1 12 1 1 4 5 |
15211: 1 2 14 1 1 18 9 2 7 1 2 2 10 1 2 7 |1 7 2 9 1 2 1 1 15 5 10 11 24 2 1 5 |2 2 14 3 11 1 8 19 4 1 3 1 4 6 1 3 |1 2 15 1 16 1 1 13 7 13 16 2 1 9 4 1 |1 1 1 1 1 1 1 3 6 15 6 3 5 1 3 4 |2 8 3 8 1 1 1 13 9 1 3 1 11 9 1 1 |1 6 1 8 4 1 2 10 15 1 9 1 18 1 3 1 |4 2 2 1 4 1 10 23 37 71 61 12 5 2 4 13 |6 7 8 1 16 3 14 19 22 96 255 133 10 1 3 1 |3 11 3 9 1 1 1 1 9 14 22 1 7 3 15 1 |2 1 6 1 14 12 2 7 1 4 8 1 1 1 1 15 |12 1 2 2 1 1 1 13 4 1 1 12 1 1 4 5 |
15222: 1 2 14 1 1 18 9 2 7 1 2 2 10 1 2 7 |1 7 2 9 1 2 1 1 15 5 10 11 24 2 1 5 |2 2 14 3 11 1 8 19 4 1 3 1 4 6 1 3 |1 2 15 1 16 1 1 13 7 13 16 2 1 9 4 1 |1 1 1 12 17 1 2 2 6 15 6 1 16 8 3 8 |2 8 3 8 1 1 1 13 9 1 3 1 11 9 1 1 |1 6 1 8 4 1 2 10 15 1 9 1 18 1 3 1 |4 2 2 1 4 1 10 23 37 71 61 12 5 2 4 13 |6 7 8 1 16 3 14 19 22 96 255 133 10 1 3 1 |3 11 3 9 1 1 1 1 9 14 22 1 7 3 15 1 |2 1 6 1 14 12 2 7 1 4 8 1 1 1 1 15 |12 1 2 2 1 1 1 13 4 1 1 12 1 1 4 5 |
15233: 1 2 14 1 1 18 9 2 7 1 2 2 10 1 2 7 |1 7 2 9 1 2 1 1 15 5 10 11 24 2 1 5 |2 2 14 3 11 1 8 19 4 1 3 1 4 6 1 3 |1 2 15 1 16 1 1 13 7 13 16 2 1 9 4 1 |1 1 1 12 17 1 2 2 6 15 6 1 16 8 3 8 |2 8 3 8 1 1 1 13 9 1 3 1 11 9 1 1 |1 6 1 8 4 1 2 10 15 1 9 1 18 1 3 1 |4 2 2 1 4 1 10 23 37 71 61 12 5 2 4 13 |6 7 8 1 16 3 14 19 22 96 255 133 10 1 3 1 |3 11 3 9 1 1 1 1 9 14 22 1 7 3 15 1 |2 1 6 1 14 12 2 7 1 4 8 1 1 1 1 15 |12 1 2 2 1 1 1 13 4 1 1 12 1 1 4 5 |
15243: 1 2 14 1 1 18 9 2 7 1 2 2 10 1 2 7 |1 7 2 9 1 2 1 1 15 5 10 11 24 2 1 5 |2 2 14 3 11 1 8 19 4 1 3 1 4 6 1 3 |1 2 15 1 16 1 1 13 7 13 16 2 1 9 4 1 |1 1 1 12 17 1 2 2 6 15 6 1 16 8 3 8 |2 8 3 8 1 1 1 13 9 1 3 1 11 9 1 1 |1 6 1 8 4 1 2 10 15 1 9 1 18 1 3 1 |4 2 2 1 4 1 10 23 37 71 61 12 5 2 4 13 |6 7 8 1 16 3 14 19 22 96 255 133 10 1 3 1 |3 11 3 9 1 1 1 1 9 14 22 1 7 3 15 1 |2 1 6 1 14 12 2 7 1 4 8 1 1 1 1 15 |12 1 2 2 1 1 1 13 4 1 1 12 1 1 4 5 |
15254: 1 2 14 1 1 18 9 2 7 1 2 2 10 1 2 7 |1 7 2 9 1 2 1 1 15 5 10 11 24 2 1 5 |2 2 14 3 11 1 8 19 4 1 3 1 4 6 1 3 |1 2 15 1 16 1 1 13 7 13 16 2 1 9 4 1 |1 1 1 12 17 1 2 2 6 15 6 1 16 8 3 8 |2 8 3 8 1 1 1 13 9 1 3 1 11 9 1 1 |1 6 1 8 4 1 2 10 15 1 9 1 18 1 3 1 |4 2 2 1 4 1 10 23 37 71 61 12 5 2 4 13 |6 7 8 1 16 3 14 19 22 96 255 133 10 1 3 1 |3 11 3 9 1 1 1 1 9 14 22 1 7 3 15 1 |2 1 6 1 14 12 2 7 1 4 8 1 1 1 1 15 |12 1 2 2 1 1 1 13 4 1 1 12 1 1 4 5 |
15265: 1 2 14 1 1 18 9 2 7 1 2 2 10 1 2 7 |1 7 2 9 1 2 1 1 15 5 10 11 24 2 1 5 |2 2 14 3 11 1 8 19 4 1 3 1 4 6 1 3 |1 2 15 1 16 1 1 13 7 13 16 2 1 9 4 1 |1 1 1 12 17 1 2 2 6 15 6 1 16 8 3 8 |2 8 3 8 1 1 1 13 9 1 3 1 11 9 1 1 |1 6 1 8 4 1 2 10 15 1 9 1 18 1 3 1 |4 2 2 1 4 1 10 23 37 71 61 12 5 2 4 13 |6 7 8 1 16 3 14 19 22 96 255 133 10 1 3 1 |3 11 3 9 1 1 1 1 9 14 22 1 7 3 15 1 |2 1 6 1 14 12 2 7 1 4 8 1 1 1 1 15 |12 1 2 2 1 1 1 13 4 1 1 12 1 1 4 5 |
15275: 1 2 14 1 1 18 9 2 7 1 2 2 10 1 2 7 |1 7 2 9 1 2 1 1 15 5 10 11 24 2 1 5 |2 2 14 3 11 1 8 19 4 1 3 1 4 6 1 3 |1 2 15 1 16 1 1 13 7 13 16 2 1 9 4 1 |1 1 1 12 17 1 2 2 6 15 6 1 16 8 3 8 |2 8 3 8 1 1 1 13 9 1 3 1 11 9 1 1 |1 6 1 8 4 1 2 10 15 1 9 1 18 1 3 1 |4 2 2 1 4 1 10 23 37 71 61 12 5 2 4 13 |6 7 8 1 16 3 14 19 22 96 255 133 10 1 3 1 |3 11 3 9 1 1 1 1 9 14 22 1 7 3 15 1 |2 1 6 1 14 12 2 7 1 4 8 1 1 1 1 15 |12 1 2 2 1 1 1 13 4 1 1 12 1 1 4 5 |
15286: 1 2 14 1 1 18 9 2 7 1 2 2 10 1 2 7 |1 7 2 9 1 2 1 1 15 5 10 11 24 2 1 5 |2 2 14 3 11 1 8 19 4 1 3 1 4 6 1 3 |1 2 15 1 16 1 1 13 7 13 16 2 1 9 4 1 |1 1 1 12 17 1 2 2 6 15 6 1 16 8 3 8 |2 8 3 8 1 1 1 13 9 1 3 1 11 9 1 1 |1 6 1 8 4 1 2 10 15 1 9 1 18 1 3 1 |4 2 2 1 4 1 10 23 37 71 61 12 5 2 4 13 |6 7 8 1 16 3 14 19 22 96 255 133 10 1 3 1 |3 11 3 9 1 1 1 1 9 14 22 1 7 3 15 1 |2 1 6 1 14 12 2 7 1 4 8 1 1 1 1 15 |12 1 2 2 1 1 1 13 4 1 1 12 1 1 4 5 |
15296: 1 2 14 1 1 18 9 2 7 1 2 2 10 1 2 7 |1 7 2 9 1 2 1 1 15 5 10 11 24 2 1 5 |2 2 14 3 11 1 8 19 4 1 3 1 4 6 1 3 |1 2 15 1 16 1 1 13 7 13 16 2 1 9 4 1 |1 1 1 12 17 1 2 2 6 15 6 1 16 8 3 8 |2 8 3 8 1 1 1 13 9 1 3 1 11 9 1 1 |1 6 1 8 4 1 2 10 15 1 9 1 18 1 3 1 |4 2 2 1 4 1 10 23 37 71 61 12 5 2 4 13 |6 7 8 1 16 3 14 19 22 96 255 133 10 1 3 1 |3 11 3 9 1 1 1 1 9 14 22 1 7 3 15 1 |2 1 6 1 14 12 2 7 1 4 8 1 1 1 1 15 |12 1 2 2 1 1 1 13 4 1 1 12 1 1 4 5 |
15307: 1 2 14 1 1 18 9 2 7 1 2 2 10 1 2 7 |1 7 2 9 1 2 1 1 15 5 10 11 24 2 1 5 |2 2 14 3 11 1 8 19 4 1 3 1 4 6 1 3 |1 2 15 1 16 1 1 13 7 13 16 2 1 9 4 1 |1 1 1 12 17 1 2 2 6 15 6 1 16 8 3 8 |2 8 3 8 1 1 1 13 9 1 3 1 11 9 1 1 |1 6 1 8 4 1 2 10 15 1 9 1 18 1 3 1 |4 2 2 1 4 1 10 23 37 71 61 12 5 2 4 13 |6 7 8 1 16 3 14 19 22 96 255 133 10 1 3 1 |3 11 3 9 1 1 1 1 9 14 22 1 7 3 15 1 |2 1 6 1 14 12 2 7 1 4 8 1 1 1 1 15 |12 1 2 2 1 1 1 13 4 1 1 12 1 1 4 5 |
15319: 1 2 14 1 1 18 9 2 7 1 2 2 10 1 2 7 |1 7 2 9 1 2 1 1 15 5 10 11 24 2 1 5 |2 2 14 3 11 1 8 19 4 1 3 1 4 6 1 3 |1 2 15 1 16 1 1 13 7 13 16 2 1 9 4 1 |1 1 1 12 17 1 2 2 6 15 6 1 16 8 3 8 |2 8 3 8 1 1 1 13 9 1 3 1 11 9 1 1 |1 6 1 8 4 1 2 10 15 1 9 1 18 1 3 1 |4 2 2 1 4 1 10 23 37 71 61 12 5 2 4 13 |6 7 8 1 16 3 14 19 22 96 255 133 10 1 3 1 |3 11 3 9 1 1 1 1 9 14 22 1 7 3 15 1 |2 1 6 1 14 12 2 7 1 4 8 1 1 1 1 15 |12 1 2 2 1 1 1 13 4 1 1 12 1 1 4 5 |
15329: 1 2 14 1 1 18 9 2 7 1 2 2 10 1 2 7 |1 7 2 9 1 2 1 1 15 5 10 11 24 2 1 5 |2 2 14 3 11 1 8 19 4 1 3 1 4 6 1 3 |1 2 15 1 16 1 1 13 7 13 16 2 1 9 4 1 |1 1 1 12 17 1 2 2 6 15 6 1 16 8 3 8 |2 8 3 8 1 1 1 13 9 1 3 1 11 9 1 1 |1 6 1 8 4 1 2 10 15 1 9 1 18 1 3 1 |4 2 2 1 4 1 10 23 37 71 61 12 5 2 4 13 |6 7 8 1 16 3 14 19 22 96 255 133 10 1 3 1 |3 11 3 9 1 1 1 1 9 14 22 1 7 3 15 1 |2 1 6 1 14 12 2 7 1 4 8 1 1 1 1 15 |12 1 2 2 1 1 1 13 4 1 1 12 1 1 4 5 |
15340: 1 2 14 1 1 18 9 2 7 1 2 2 10 1 2 7 |1 7 2 9 1 2 1 1 15 5 10 11 24 2 1 5 |2 2 14 3 11 1 8 19 4 1 3 1 4 6 1 3 |1 2 15 1 16 1 1 13 7 13 16 2 1 9 4 1 |1 1 1 1 6 1 9 2 7 2 12 1 15 10 1 1 |2 8 3 8 1 1 1 13 9 1 3 1 11 9 1 1 |1 6 1 8 4 1 2 10 15 1 9 1 18 1 3 1 |4 2 2 1 4 1 10 23 37 71 61 12 5 2 4 13 |6 7 8 1 16 3 14 19 22 96 255 133 10 1 3 1 |3 11 3 9 1 1 1 1 9 14 22 1 7 3 15 1 |2 1 6 1 14 12 2 7 1 4 8 1 1 1 1 15 |12 1 2 2 1 1 1 13 4 1 1 12 1 1 4 5 |
15350: 1 2 14 1 1 18 9 2 7 1 2 2 10 1 2 7 |1 7 2 9 1 2 1 1 15 5 10 11 24 2 1 5 |2 2 14 3 11 1 8 19 4 1 3 1 4 6 1 3 |1 2 15 1 16 1 1 13 7 13 16 2 1 9 4 1 |1 1 1 1 6 1 9 2 7 2 12 1 15 10 1 1 |2 12 3 8 1 1 1 12 11 2 3 1 12 11 1 1 |1 6 1 8 4 1 2 10 15 1 9 1 18 1 3 1 |4 2 2 1 4 1 10 23 37 71 61 12 5 2 4 13 |6 7 8 1 16 3 14 19 22 96 255 133 10 1 3 1 |3 11 3 9 1 1 1 1 9 14 22 1 7 3 15 1 |2 1 6 1 14 12 2 7 1 4 8 1 1 1 1 15 |12 1 2 2 1 1 1 13 4 1 1 12 1 1 4 5 |
15360: 1 2 14 1 1 18 9 2 7 1 2 2 10 1 2 7 |1 7 2 9 1 2 1 1 15 5 10 11 24 2 1 5 |2 2 14 3 11 1 8 19 4 1 3 1 4 6 1 3 |1 2 15 1 16 1 1 13 7 13 16 2 1 9 4 1 |1 1 1 1 6 1 9 2 7 2 12 1 15 10 1 1 |2 12 3 8 1 1 1 12 11 2 3 1 12 11 1 1 |1 6 1 8 4 1 2 10 15 1 9 1 18 1 3 1 |4 2 2 1 4 1 10 23 37 71 61 12 5 2 4 13 |6 7 8 1 16 3 14 19 22 96 255 133 10 1 3 1 |3 11 3 9 1 1 1 1 9 14 22 1 7 3 15 1 |2 1 6 1 14 12 2 7 1 4 8 1 1 1 1 15 |12 1 2 2 1 1 1 13 4 1 1 12 1 1 4 5 |
15371: 1 2 14 1 1 18 9 2 7 1 2 2 10 1 2 7 |1 7 2 9 1 2 1 1 15 5 10 11 24 2 1 5 |2 2 14 3 11 1 8 19 4 1 3 1 4 6 1 3 |1 2 15 1 16 1 1 13 7 13 16 2 1 9 4 1 |1 1 1 1 6 1 9 2 7 2 12 1 15 10 1 1 |2 12 3 8 1 1 1 12 11 2 3 1 12 11 1 1 |1 6 1 8 4 1 2 10 15 1 9 1 18 1 3 1 |4 2 2 1 4 1 10 23 37 71 61 12 5 2 4 13 |6 7 8 1 16 3 14 19 22 96 255 133 10 1 3 1 |3 11 3 9 1 1 1 1 9 14 22 1 7 3 15 1 |2 1 6 1 14 12 2 7 1 4 8 1 1 1 1 15 |12 1 2 2 1 1 1 13 4 1 1 12 1 1 4 5 |
15381: 1 2 14 1 1 18 9 2 7 1 2 2 10 1 2 7 |1 7 2 9 1 2 1 1 15 5 10 11 24 2 1 5 |2 2 14 3 11 1 8 19 4 1 3 1 4 6 1 3 |1 2 15 1 16 1 1 13 7 13 16 2 1 9 4 1 |1 1 1 1 6 1 9 2 7 2 12 1 15 10 1 1 |2 12 3 8 1 1 1 12 11 2 3 1 12 11 1 1 |1 6 1 8 4 1 2 10 15 1 9 1 18 1 3 1 |4 2 2 1 4 1 10 23 37 71 61 12 5 2 4 13 |1 8 4 2 4 2 17 8 20 16 1 24 50 31 15 1 |3 11 3 9 1 1 1 1 9 14 22 1 7 3 15 1 |2 1 6 1 14 12 2 7 1 4 8 1 1 1 1 15 |12 1 2 2 1 1 1 13 4 1 1 12 1 1 4 5 |
15392: 1 2 14 1 1 18 9 2 7 1 2 2 10 1 2 7 |1 7 2 9 1 2 1 1 15 5 10 11 24 2 1 5 |2 2 14 3 11 1 8 19 4 1 3 1 4 6 1 3 |1 2 15 1 16 1 1 13 7 13 16 2 1 9 4 1 |1 1 1 1 6 1 9 2 7 2 12 1 15 10 1 1 |2 12 3 8 1 1 1 12 11 2 3 1 12 11 1 1 |1 6 1 8 4 1 2 10 15 1 9 1 18 1 3 1 |4 2 2 1 4 1 10 23 37 71 61 12 5 2 4 13 |1 8 4 2 4 2 17 8 20 16 1 24 50 31 15 1 |3 11 3 9 1 1 1 1 9 14 22 1 7 3 15 1 |2 1 6 1 14 12 2 7 1 4 8 1 1 1 1 15 |12 1 2 2 1 1 1 13 4 1 1 12 1 1 4 5 |
15403: 1 2 14 1 1 18 9 2 7 1 2 2 10 1 2 7 |7 6 2 6 1 1 1 1 10 5 1 14 23 1 1 5 |2 2 14 3 11 1 8 19 4 1 3 1 4 6 1 3 |1 2 15 1 16 1 1 13 7 13 16 2 1 9 4 1 |1 1 1 1 6 1 9 2 7 2 12 1 15 10 1 1 |2 12 3 8 1 1 1 12 11 2 3 1 12 11 1 1 |1 6 1 8 4 1 2 10 15 1 9 1 18 1 3 1 |4 2 2 1 4 1 10 23 37 71 61 12 5 2 4 13 |1 8 4 2 4 2 17 8 20 16 1 24 50 31 15 1 |3 11 3 9 1 1 1 1 9 14 22 1 7 3 15 1 |2 1 6 1 14 12 2 7 1 4 8 1 1 1 1 15 |12 1 2 2 1 1 1 13 4 1 1 12 1 1 4 5 |
15414: 1 2 14 1 1 18 9 2 7 1 2 2 10 1 2 7 |7 6 2 6 1 1 1 1 10 5 1 14 23 1 1 5 |2 2 14 3 11 1 8 19 4 1 3 1 4 6 1 3 |1 2 15 1 16 1 1 13 7 13 16 2 1 9 4 1 |1 1 1 1 6 1 9 2 7 2 12 1 15 10 1 1 |2 12 3 8 1 1 1 12 11 2 3 1 12 11 1 1 |1 6 1 8 4 1 2 10 15 1 9 1 18 1 3 1 |4 2 2 1 4 1 10 23 37 71 61 12 5 2 4 13 |6 7 5 1 3 1 17 9 16 5 4 20 11 16 14 1 |3 11 3 9 1 1 1 1 9 14 22 1 7 3 15 1 |2 1 6 1 14 12 2 7 1 4 8 1 1 1 1 15 |12 1 2 2 1 1 1 13 4 1 1 12 1 1 4 5 |
15424: 1 2 14 1 1 18 9 2 7 1 2 2 10 1 2 7 |7 6 2 6 1 1 1 1 10 5 1 14 23 1 1 5 |2 2 14 3 11 1 8 19 4 1 3 1 4 6 1 3 |1 2 15 1 16 1 1 13 7 13 16 2 1 9 4 1 |1 1 1 1 6 1 9 2 7 2 12 1 15 10 1 1 |2 12 3 8 1 1 1 12 11 2 3 1 12 11 1 1 |1 6 1 8 4 1 2 10 15 1 9 1 18 1 3 1 |4 2 2 1 4 1 10 23 37 71 61 12 5 2 4 13 |6 7 5 1 3 1 17 9 16 5 4 20 11 16 14 1 |3 11 3 9 1 1 1 1 9 14 22 1 7 3 15 1 |2 1 6 1 14 12 2 7 1 4 8 1 1 1 1 15 |12 1 2 2 1 1 1 13 4 1 1 12 1 1 4 5 |
15434: 1 2 14 1 1 18 9 2 7 1 2 2 10 1 2 7 |7 6 2 6 1 1 1 1 10 5 1 14 23 1 1 5 |2 2 14 3 11 1 8 19 4 1 3 1 4 6 1 3 |1 2 15 1 16 1 1 13 7 13 16 2 1 9 4 1 |1 1 1 1 6 1 9 2 7 2 12 1 15 10 1 1 |2 12 3 8 1 1 1 12 11 2 3 1 12 11 1 1 |1 6 1 8 4 1 2 10 15 1 9 1 18 1 3 1 |4 2 2 1 4 1 10 23 37 71 61 12 5 2 4 13 |6 7 5 1 3 1 17 9 16 5 4 20 11 16 14 1 |3 11 3 9 1 1 1 1 9 14 22 1 7 3 15 1 |2 1 6 1 14 12 2 7 1 4 8 1 1 1 1 15 |12 1 2 2 1 1 1 13 4 1 1 12 1 1 4 5 |
15445: 1 2 14 1 1 18 9 2 7 1 2 2 10 1 2 7 |7 6 2 6 1 1 1 1 10 5 1 14 23 1 1 5 |2 2 14 3 11 1 8 19 4 1 3 1 4 6 1 3 |1 2 15 1 16 1 1 13 7 13 16 2 1 9 4 1 |1 1 1 1 6 1 9 2 7 2 12 1 15 10 1 1 |2 12 3 8 1 1 1 12 11 2 3 1 12 11 1 1 |1 6 1 8 4 1 2 10 15 1 9 1 18 1 3 1 |4 2 2 1 4 1 10 23 37 71 61 12 5 2 4 13 |6 7 5 1 3 1 17 9 16 5 4 20 11 16 14 1 |3 11 3 9 1 1 1 1 9 14 22 1 7 3 15 1 |2 1 6 1 14 12 2 7 1 4 8 1 1 1 1 15 |12 1 2 2 1 1 1 13 4 1 1 12 1 1 4 5 |
15455: 1 2 14 1 1 18 9 2 7 1 2 2 10 1 2 7 |7 6 2 6 1 1 1 1 10 5 1 14 23 1 1 5 |2 2 14 3 11 1 8 19 4 1 3 1 4 6 1 3 |1 2 15 1 16 1 1 13 7 13 16 2 1 9 4 1 |1 1 1 1 6 1 9 2 7 2 12 1 15 10 1 1 |2 12 3 8 1 1 1 12 11 2 3 1 12 11 1 1 |1 6 1 8 4 1 2 10 15 1 9 1 18 1 3 1 |4 2 2 1 4 1 10 23 37 71 61 12 5 2 4 13 |6 7 5 1 3 1 17 9 16 5 4 20 11 16 14 1 |3 11 3 9 1 1 1 1 9 14 22 1 7 3 15 1 |2 1 6 1 14 12 2 7 1 4 8 1 1 1 1 15 |12 1 2 2 1 1 1 13 4 1 1 12 1 1 4 5 |
15466: 1 2 14 1 1 18 9 2 7 1 2 2 10 1 2 7 |7 6 2 6 1 1 1 1 10 5 1 14 23 1 1 5 |2 2 14 3 11 1 8 19 4 1 3 1 4 6 1 3 |1 2 15 1 16 1 1 13 7 13 16 2 1 9 4 1 |1 1 1 1 6 1 9 2 7 2 12 1 15 10 1 1 |2 12 3 8 1 1 1 12 11 2 3 1 12 11 1 1 |1 6 1 8 4 1 2 10 15 1 9 1 18 1 3 1 |4 2 2 1 4 1 10 23 37 71 61 12 5 2 4 13 |6 7 5 1 3 1 17 9 16 5 4 20 11 16 14 1 |3 11 3 9 1 1 1 1 9 14 22 1 7 3 15 1 |2 1 6 1 14 12 2 7 1 4 8 1 1 1 1 15 |12 1 2 2 1 1 1 13 4 1 1 12 1 1 4 5 |
15477: 1 2 14 1 1 18 9 2 7 1 2 2 10 1 2 7 |7 6 2 6 1 1 1 1 10 5 1 14 23 1 1 5 |2 2 14 3 11 1 8 19 4 1 3 1 4 6 1 3 |1 2 15 1 16 1 1 13 7 13 16 2 1 9 4 1 |1 1 1 1 6 1 9 2 7 2 12 1 15 10 1 1 |2 8 4 8 4 8 1 12 10 1 3 1 11 6 1 1 |1 6 1 8 4 1 2 10 15 1 9 1 18 1 3 1 |4 2 2 1 4 1 10 23 37 71 61 12 5 2 4 13 |6 7 5 1 3 1 17 9 16 5 4 20 11 16 14 1 |3 11 3 9 1 1 1 1 9 14 22 1 7 3 15 1 |2 1 6 1 14 12 2 7 1 4 8 1 1 1 1 15 |12 1 2 2 1 1 1 13 4 1 1 12 1 1 4 5 |
15487: 1 2 14 1 1 18 9 2 7 1 2 2 10 1 2 7 |7 6 2 6 1 1 1 1 10 5 1 14 23 1 1 5 |2 2 14 3 11 1 8 19 4 1 3 1 4 6 1 3 |1 2 15 1 16 1 1 13 7 13 16 2 1 9 4 1 |1 1 1 1 6 1 9 2 7 2 12 1 15 10 1 1 |2 8 4 8 4 8 1 12 10 1 3 1 11 6 1 1 |1 6 1 8 4 1 2 10 15 1 9 1 18 1 3 1 |4 2 2 1 4 1 10 23 37 71 61 12 5 2 4 13 |6 7 5 1 3 1 17 9 16 5 4 20 11 16 14 1 |3 11 3 9 1 1 1 1 9 14 22 1 7 3 15 1 |2 1 6 1 14 12 2 7 1 4 8 1 1 1 1 15 |12 1 2 2 1 1 1 13 4 1 1 12 1 1 4 5 |
15498: 1 2 14 1 1 18 9 2 7 1 2 2 10 1 2 7 |7 6 2 6 1 1 1 1 10 5 1 14 23 1 1 5 |2 2 14 3 11 1 8 19 4 1 3 1 4 6 1 3 |1 2 15 1 16 1 1 13 7 13 16 2 1 9 4 1 |1 1 1 1 6 1 9 2 7 2 12 1 15 10 1 1 |2 8 4 8 4 8 1 12 10 1 3 1 11 6 1 1 |1 6 1 8 4 1 2 10 15 1 9 1 18 1 3 1 |4 2 2 1 4 1 10 23 37 71 61 12 5 2 4 13 |6 7 5 1 3 1 17 9 16 5 4 20 11 16 14 1 |3 11 3 9 1 1 1 1 9 14 22 1 7 3 15 1 |2 1 6 1 14 12 2 7 1 4 8 1 1 1 1 15 |12 1 2 2 1 1 1 13 4 1 1 12 1 1 4 5 |
15508: 1 2 14 1 1 18 9 2 7 1 2 2 10 1 2 7 |7 6 2 6 1 1 1 1 10 5 1 14 23 1 1 5 |2 2 14 3 11 1 8 19 4 1 3 1 4 6 1 3 |1 2 15 1 16 1 1 13 7 13 16 2 1 9 4 1 |1 1 1 1 6 1 9 2 7 2 12 1 15 10 1 1 |3 8 3 10 1 1 3 15 9 1 4 1 9 12 1 1 |1 6 1 8 4 1 2 10 15 1 9 1 18 1 3 1 |4 2 2 1 4 1 10 23 37 71 61 12 5 2 4 13 |6 7 5 1 3 1 17 9 16 5 4 20 11 16 14 1 |3 11 3 9 1 1 1 1 9 14 22 1 7 3 15 1 |2 1 6 1 14 12 2 7 1 4 8 1 1 1 1 15 |12 1 2 2 1 1 1 13 4 1 1 12 1 1 4 5 |
15519: 1 2 14 1 1 18 9 2 7 1 2 2 10 1 2 7 |7 6 2 6 1 1 1 1 10 5 1 14 23 1 1 5 |2 2 14 3 11 1 8 19 4 1 3 1 4 6 1 3 |1 2 15 1 16 1 1 13 7 13 16 2 1 9 4 1 |1 1 1 1 6 1 9 2 7 2 12 1 15 10 1 1 |3 8 3 10 1 1 3 15 9 1 4 1 9 12 1 1 |1 6 1 8 4 1 2 10 15 1 9 1 18 1 3 1 |4 2 2 1 4 1 10 23 37 71 61 12 5 2 4 13 |6 7 5 1 3 1 17 9 16 5 4 20 11 16 14 1 |3 11 3 9 1 1 1 1 9 14 22 1 7 3 15 1 |2 1 6 1 14 12 2 7 1 4 8 1 1 1 1 15 |20 1 13 18 3 8 5 8 7 8 1 14 17 78 15 1 |
15529: 1 2 14 1 1 18 9 2 7 1 2 2 10 1 2 7 |7 6 2 6 1 1 1 1 10 5 1 14 23 1 1 5 |2 2 14 3 11 1 8 19 4 1 3 1 4 6 1 3 |1 2 15 1 16 1 1 13 7 13 16 2 1 9 4 1 |1 1 1 1 6 1 9 2 7 2 12 1 15 10 1 1 |3 8 3 10 1 1 3 15 9 1 4 1 9 12 1 1 |1 6 1 8 4 1 2 10 15 1 9 1 18 1 3 1 |4 2 2 1 4 1 10 23 37 71 61 12 5 2 4 13 |6 7 5 1 3 1 17 9 16 5 4 20 11 16 14 1 |3 11 3 9 1 1 1 1 9 14 22 1 7 3 15 1 |2 1 6 1 14 12 2 7 1 4 8 1 1 1 1 15 |20 1 13 18 3 8 5 8 7 8 1 14 17 78 15 1 |
15539: 1 2 14 1 1 18 9 2 7 1 2 2 10 1 2 7 |7 6 2 6 1 1 1 1 10 5 1 14 23 1 1 5 |2 2 14 3 11 1 8 19 4 1 3 1 4 6 1 3 |1 2 15 1 16 1 1 13 7 13 16 2 1 9 4 1 |1 1 1 1 6 1 9 2 7 2 12 1 15 10 1 1 |3 8 3 10 1 1 3 15 9 1 4 1 9 12 1 1 |1 6 1 8 4 1 2 10 15 1 9 1 18 1 3 1 |4 2 2 1 4 1 10 23 37 71 61 12 5 2 4 13 |6 7 5 1 3 1 17 9 16 5 4 20 11 16 14 1 |3 11 3 9 1 1 1 1 9 14 22 1 7 3 15 1 |2 1 6 1 14 12 2 7 1 4 8 1 1 1 1 15 |20 1 13 18 3 8 5 8 7 8 1 14 17 78 15 1 |
15550: 1 2 14 1 1 18 9 2 7 1 2 2 10 1 2 7 |7 6 2 6 1 1 1 1 10 5 1 14 23 1 1 5 |2 2 14 3 11 1 8 19 4 1 3 1 4 6 1 3 |1 2 15 1 16 1 1 13 7 13 16 2 1 9 4 1 |1 1 1 1 6 1 9 2 7 2 12 1 15 10 1 1 |3 8 3 10 1 1 3 15 9 1 4 1 9 12 1 1 |1 6 1 8 4 1 2 10 15 1 9 1 18 1 3 1 |4 2 2 1 4 1 10 23 37 71 61 12 5 2 4 13 |6 7 5 1 3 1 17 9 16 5 4 20 11 16 14 1 |3 11 3 9 1 1 1 1 9 14 22 1 7 3 15 1 |2 1 6 1 14 12 2 7 1 4 8 1 1 1 1 15 |21 1 15 18 2 8 1 15 15 1 1 11 8 63 6 1 |
15560: 1 2 14 1 1 18 9 2 7 1 2 2 10 1 2 7 |7 6 2 6 1 1 1 1 10 5 1 14 23 1 1 5 |2 2 14 3 11 1 8 19 4 1 3 1 4 6 1 3 |1 2 15 1 16 1 1 13 7 13 16 2 1 9 4 1 |1 1 1 1 6 1 9 2 7 2 12 1 15 10 1 1 |3 8 3 10 1 1 3 15 9 1 4 1 9 12 1 1 |1 6 1 8 4 1 2 10 15 1 9 1 18 1 3 1 |4 2 2 1 4 1 10 23 37 71 61 12 5 2 4 13 |6 7 5 1 3 1 17 9 16 5 4 20 11 16 14 1 |3 11 3 9 1 1 1 1 9 14 22 1 7 3 15 1 |2 1 6 1 14 12 2 7 1 4 8 1 1 1 1 15 |21 1 15 18 2 8 1 15 15 1 1 11 8 63 6 1 |
15571: 1 2 14 1 1 18 9 2 7 1 2 2 10 1 2 7 |7 6 2 6 1 1 1 1 10 5 1 14 23 1 1 5 |2 2 14 3 11 1 8 19 4 1 3 1 4 6 1 3 |1 2 15 1 16 1 1 13 7 13 16 2 1 9 4 1 |1 1 1 16 17 1 2 3 6 15 11 1 15 11 1 3 |3 8 3 10 1 1 3 15 9 1 4 1 9 12 1 1 |1 6 1 8 4 1 2 10 15 1 9 1 18 1 3 1 |4 2 2 1 4 1 10 23 37 71 61 12 5 2 4 13 |6 7 5 1 3 1 17 9 16 5 4 20 11 16 14 1 |3 11 3 9 1 1 1 1 9 14 22 1 7 3 15 1 |2 1 6 1 14 12 2 7 1 4 8 1 1 1 1 15 |21 1 15 18 2 8 1 15 15 1 1 11 8 63 6 1 |
15582: 1 2 14 1 1 18 9 2 7 1 2 2 10 1 2 7 |7 6 2 6 1 1 1 1 10 5 1 14 23 1 1 5 |2 2 14 3 11 1 8 19 4 1 3 1 4 6 1 3 |1 2 15 1 16 1 1 13 7 13 16 2 1 9 4 1 |1 1 1 16 17 1 2 3 6 15 11 1 15 11 1 3 |3 8 3 10 1 1 3 15 9 1 4 1 9 12 1 1 |1 6 1 8 4 1 2 10 15 1 9 1 18 1 3 1 |4 2 2 1 4 1 10 23 37 71 61 12 5 2 4 13 |6 7 5 1 3 1 17 9 16 5 4 20 11 16 14 1 |3 11 3 9 1 1 1 1 9 14 22 1 7 3 15 1 |2 1 6 1 14 12 2 7 1 4 8 1 1 1 1 15 |20 1 1 19 3 8 1 9 20 1 1 14 15 58 21 1 |
15592: 1 2 14 1 1 18 9 2 7 1 2 2 10 1 2 7 |7 6 2 6 1 1 1 1 10 5 1 14 23 1 1 5 |2 2 14 3 11 1 8 19 4 1 3 1 4 6 1 3 |1 2 15 1 16 1 1 13 7 13 16 2 1 9 4 1 |1 1 1 16 17 1 2 3 6 15 11 1 15 11 1 3 |3 8 3 10 1 1 3 15 9 1 4 1 9 12 1 1 |1 6 1 8 4 1 2 10 15 1 9 1 18 1 3 1 |4 2 2 1 4 1 10 23 37 71 61 12 5 2 4 13 |6 7 5 1 3 1 17 9 16 5 4 20 11 16 14 1 |3 11 3 9 1 1 1 1 9 14 22 1 7 3 15 1 |2 1 6 1 14 12 2 7 1 4 8 1 1 1 1 15 |20 1 1 19 3 8 1 9 20 1 1 14 15 58 21 1 |
15603: 1 2 14 1 1 18 9 2 7 1 2 2 10 1 2 7 |7 6 2 6 1 1 1 1 10 5 1 14 23 1 1 5 |2 2 14 3 11 1 8 19 4 1 3 1 4 6 1 3 |1 2 15 1 16 1 1 13 7 13 16 2 1 9 4 1 |1 1 1 9 18 1 1 3 7 16 12 1 15 12 1 3 |3 8 3 10 1 1 3 15 9 1 4 1 9 12 1 1 |1 6 1 8 4 1 2 10 15 1 9 1 18 1 3 1 |4 2 2 1 4 1 10 23 37 71 61 12 5 2 4 13 |6 7 5 1 3 1 17 9 16 5 4 20 11 16 14 1 |3 11 3 9 1 1 1 1 9 14 22 1 7 3 15 1 |2 1 6 1 14 12 2 7 1 4 8 1 1 1 1 15 |20 1 1 19 3 8 1 9 20 1 1 14 15 58 21 1 |
15614: 1 2 14 1 1 18 9 2 7 1 2 2 10 1 2 7 |7 6 2 6 1 1 1 1 10 5 1 14 23 1 1 5 |2 2 14 3 11 1 8 19 4 1 3 1 4 6 1 3 |1 2 15 1 16 1 1 13 7 13 16 2 1 9 4 1 |1 1 1 9 18 1 1 3 7 16 12 1 15 12 1 3 |2 8 3 7 1 1 1 14 10 2 3 1 10 12 1 1 |1 6 1 8 4 1 2 10 15 1 9 1 18 1 3 1 |4 2 2 1 4 1 10 23 37 71 61 12 5 2 4 13 |6 7 5 1 3 1 17 9 16 5 4 20 11 16 14 1 |3 11 3 9 1 1 1 1 9 14 22 1 7 3 15 1 |2 1 6 1 14 12 2 7 1 4 8 1 1 1 1 15 |20 1 1 19 3 8 1 9 20 1 1 14 15 58 21 1 |
15625: 1 2 14 1 1 18 9 2 7 1 2 2 10 1 2 7 |7 6 2 6 1 1 1 1 10 5 1 14 23 1 1 5 |2 2 14 3 11 1 8 19 4 1 3 1 4 6 1 3 |1 2 15 1 16 1 1 13 7 13 16 2 1 9 4 1 |1 1 1 9 18 1 1 3 7 16 12 1 15 12 1 3 |2 8 3 7 1 1 1 14 10 2 3 1 10 12 1 1 |1 6 1 8 4 1 2 10 15 1 9 1 18 1 3 1 |4 2 2 1 4 1 10 23 37 71 61 12 5 2 4 13 |6 7 5 1 3 1 17 9 16 5 4 20 11 16 14 1 |3 11 3 9 1 1 1 1 9 14 22 1 7 3 15 1 |2 1 6 1 14 12 2 7 1 4 8 1 1 1 1 15 |20 1 1 19 3 8 1 9 20 1 1 14 15 58 21 1 |
15635: 1 2 14 1 1 18 9 2 7 1 2 2 10 1 2 7 |7 6 2 6 1 1 1 1 10 5 1 14 23 1 1 5 |4 6 15 6 11 1 4 20 8 1 2 1 8 12 3 4 |1 2 15 1 16 1 1 13 7 13 16 2 1 9 4 1 |1 1 1 9 18 1 1 3 7 16 12 1 15 12 1 3 |2 8 3 7 1 1 1 14 10 2 3 1 10 12 1 1 |1 6 1 8 4 1 2 10 15 1 9 1 18 1 3 1 |4 2 2 1 4 1 10 23 37 71 61 12 5 2 4 13 |6 7 5 1 3 1 17 9 16 5 4 20 11 16 14 1 |3 11 3 9 1 1 1 1 9 14 22 1 7 3 15 1 |2 1 6 1 14 12 2 7 1 4 8 1 1 1 1 15 |20 1 1 19 3 8 1 9 20 1 1 14 15 58 21 1 |
15645: 1 2 14 1 1 18 9 2 7 1 2 2 10 1 2 7 |7 6 2 6 1 1 1 1 10 5 1 14 23 1 1 5 |4 6 15 6 11 1 4 20 8 1 2 1 8 12 3 4 |1 2 16 1 17 1 1 13 1 13 16 7 7 15 20 1 |1 1 1 9 18 1 1 3 7 16 12 1 15 12 1 3 |2 8 3 7 1 1 1 14 10 2 3 1 10 12 1 1 |1 6 1 8 4 1 2 10 15 1 9 1 18 1 3 1 |4 2 2 1 4 1 10 23 37 71 61 12 5 2 4 13 |6 7 5 1 3 1 17 9 16 5 4 20 11 16 14 1 |3 11 3 9 1 1 1 1 9 14 22 1 7 3 15 1 |2 1 6 1 14 12 2 7 1 4 8 1 1 1 1 15 |20 1 1 19 3 8 1 9 20 1 1 14 15 58 21 1 |
15656: 1 2 14 1 1 18 9 2 7 1 2 2 10 1 2 7 |7 6 2 6 1 1 1 1 10 5 1 14 23 1 1 5 |4 6 15 6 11 1 4 20 8 1 2 1 8 12 3 4 |1 2 16 1 17 1 1 13 1 13 16 7 7 15 20 1 |1 1 1 9 18 1 1 3 7 16 12 1 15 12 1 3 |2 8 3 7 1 1 1 14 10 2 3 1 10 12 1 1 |1 6 1 8 4 1 2 10 15 1 9 1 18 1 3 1 |4 2 2 1 4 1 10 23 37 71 61 12 5 2 4 13 |6 7 5 1 3 1 17 9 16 5 4 20 11 16 14 1 |3 11 3 9 1 1 1 1 9 14 22 1 7 3 15 1 |2 1 6 1 14 12 2 7 1 4 8 1 1 1 1 15 |20 1 1 19 3 8 1 9 20 1 1 14 15 58 21 1 |
15667: 1 2 14 1 1 18 9 2 7 1 2 2 10 1 2 7 |14 9 1 7 4 1 1 1 9 4 1 15 23 5 6 13 |4 6 15 6 11 1 4 20 8 1 2 1 8 12 3 4 |1 2 16 1 17 1 1 13 1 13 16 7 7 15 20 1 |1 1 1 9 18 1 1 3 7 16 12 1 15 12 1 3 |2 8 3 7 1 1 1 14 10 2 3 1 10 12 1 1 |1 6 1 8 4 1 2 10 15 1 9 1 18 1 3 1 |4 2 2 1 4 1 10 23 37 71 61 12 5 2 4 13 |6 7 5 1 3 1 17 9 16 5 4 20 11 16 14 1 |3 11 3 9 1 1 1 1 9 14 22 1 7 3 15 1 |2 1 6 1 14 12 2 7 1 4 8 1 1 1 1 15 |20 1 1 19 3 8 1 9 20 1 1 14 15 58 21 1 |
15678: 1 2 14 1 1 18 9 2 7 1 2 2 10 1 2 7 |14 9 1 7 4 1 1 1 9 4 1 15 23 5 6 13 |4 6 15 6 11 1 4 20 8 1 2 1 8 12 3 4 |1 2 16 1 17 1 1 13 1 13 16 7 7 15 20 1 |1 1 1 9 18 1 1 3 7 16 12 1 15 12 1 3 |2 8 3 7 1 1 1 14 10 2 3 1 10 12 1 1 |1 6 1 8 4 1 2 10 15 1 9 1 18 1 3 1 |4 2 2 1 4 1 10 23 37 71 61 12 5 2 4 13 |6 7 5 1 3 1 17 9 16 5 4 20 11 16 14 1 |1 15 19 6 1 14 3 1 1 1 5 17 58 179 124 1 |2 1 6 1 14 12 2 7 1 4 8 1 1 1 1 15 |20 1 1 19 3 8 1 9 20 1 1 14 15 58 21 1 |
15689: 1 2 14 1 1 18 9 2 7 1 2 2 10 1 2 7 |14 9 1 7 4 1 1 1 9 4 1 15 23 5 6 13 |4 6 15 6 11 1 4 20 8 1 2 1 8 12 3 4 |1 2 16 1 17 1 1 13 1 13 16 7 7 15 20 1 |1 1 1 9 18 1 1 3 7 16 12 1 15 12 1 3 |2 8 3 7 1 1 1 14 10 2 3 1 10 12 1 1 |1 6 1 8 4 1 2 10 15 1 9 1 18 1 3 1 |4 2 2 1 4 1 10 23 37 71 61 12 5 2 4 13 |6 7 5 1 3 1 17 9 16 5 4 20 11 16 14 1 |1 15 19 6 1 14 3 1 1 1 5 17 58 179 124 1 |2 1 6 1 14 12 2 7 1 4 8 1 1 1 1 15 |20 1 1 19 3 8 1 9 20 1 1 14 15 58 21 1 |
15699: 1 2 14 1 1 18 9 2 7 1 2 2 10 1 2 7 |14 9 1 7 4 1 1 1 9 4 1 15 23 5 6 13 |4 6 15 6 11 1 4 20 8 1 2 1 8 12 3 4 |1 2 16 1 17 1 1 13 1 13 16 7 7 15 20 1 |1 1 1 9 18 1 1 3 7 16 12 1 15 12 1 3 |2 8 3 7 1 1 1 14 10 2 3 1 10 12 1 1 |1 6 1 8 4 1 2 10 15 1 9 1 18 1 3 1 |4 2 2 1 4 1 10 23 37 71 61 12 5 2 4 13 |6 7 5 1 3 1 17 9 16 5 4 20 11 16 14 1 |1 15 19 6 1 14 3 1 1 1 5 17 58 179 124 1 |2 1 6 1 14 12 2 7 1 4 8 1 1 1 1 15 |20 1 1 19 3 8 1 9 20 1 1 14 15 58 21 1 |
15711: 1 2 14 1 1 18 9 2 7 1 2 2 10 1 2 7 |14 9 1 7 4 1 1 1 9 4 1 15 23 5 6 13 |4 6 15 6 11 1 4 20 8 1 2 1 8 12 3 4 |1 2 16 1 17 1 1 13 1 13 16 7 7 15 20 1 |1 1 1 9 18 1 1 3 7 16 12 1 15 12 1 3 |2 8 3 7 1 1 1 14 10 2 3 1 10 12 1 1 |1 6 1 8 4 1 2 10 15 1 9 1 18 1 3 1 |3 7 9 1 1 1 7 18 19 8 19 1 2 1 1 11 |6 7 5 1 3 1 17 9 16 5 4 20 11 16 14 1 |1 15 19 6 1 14 3 1 1 1 5 17 58 179 124 1 |2 1 6 1 14 12 2 7 1 4 8 1 1 1 1 15 |20 1 1 19 3 8 1 9 20 1 1 14 15 58 21 1 |
15721: 1 2 14 1 1 18 9 2 7 1 2 2 10 1 2 7 |14 9 1 7 4 1 1 1 9 4 1 15 23 5 6 13 |4 6 15 6 11 1 4 20 8 1 2 1 8 12 3 4 |1 2 16 1 17 1 1 13 1 13 16 7 7 15 20 1 |1 1 1 9 18 1 1 3 7 16 12 1 15 12 1 3 |2 8 3 7 1 1 1 14 10 2 3 1 10 12 1 1 |1 6 1 8 4 1 2 10 15 1 9 1 18 1 3 1 |3 7 9 1 1 1 7 18 19 8 19 1 2 1 1 11 |6 7 5 1 3 1 17 9 16 5 4 20 11 16 14 1 |1 15 19 6 1 14 3 1 1 1 5 17 58 179 124 1 |2 1 6 1 14 12 2 7 1 4 8 1 1 1 1 15 |20 1 1 19 3 8 1 9 20 1 1 14 15 58 21 1 |
15731: 1 2 14 1 1 18 9 2 7 1 2 2 10 1 2 7 |14 9 1 7 4 1 1 1 9 4 1 15 23 5 6 13 |4 6 15 6 11 1 4 20 8 1 2 1 8 12 3 4 |1 2 16 1 17 1 1 13 1 13 16 7 7 15 20 1 |1 1 1 9 18 1 1 3 7 16 12 1 15 12 1 3 |2 8 3 7 1 1 1 14 10 2 3 1 10 12 1 1 |1 6 1 8 4 1 2 10 15 1 9 1 18 1 3 1 |3 7 9 1 1 1 7 18 19 8 19 1 2 1 1 11 |6 7 5 1 3 1 17 9 16 5 4 20 11 16 14 1 |1 15 19 6 1 14 3 1 1 1 5 17 58 179 124 1 |2 1 6 1 14 12 2 7 1 4 8 1 1 1 1 15 |20 1 1 19 3 8 1 9 20 1 1 14 15 58 21 1 |
15742: 1 2 14 1 1 18 9 2 7 1 2 2 10 1 2 7 |14 9 1 7 4 1 1 1 9 4 1 15 23 5 6 13 |4 6 15 6 11 1 4 20 8 1 2 1 8 12 3 4 |1 2 16 1 17 1 1 13 1 13 16 7 7 15 20 1 |1 1 1 9 18 1 1 3 7 16 12 1 15 12 1 3 |3 12 3 7 1 1 1 13 11 1 3 1 10 11 1 1 |1 6 1 8 4 1 2 10 15 1 9 1 18 1 3 1 |3 7 9 1 1 1 7 18 19 8 19 1 2 1 1 11 |6 7 5 1 3 1 17 9 16 5 4 20 11 16 14 1 |1 15 19 6 1 14 3 1 1 1 5 17 58 179 124 1 |2 1 6 1 14 12 2 7 1 4 8 1 1 1 1 15 |20 1 1 19 3 8 1 9 20 1 1 14 15 58 21 1 |
15752: 1 2 14 1 1 18 9 2 7 1 2 2 10 1 2 7 |14 9 1 7 4 1 1 1 9 4 1 15 23 5 6 13 |4 6 15 6 11 1 4 20 8 1 2 1 8 12 3 4 |1 2 16 1 17 1 1 13 1 13 16 7 7 15 20 1 |1 1 1 9 18 1 1 3 7 16 12 1 15 12 1 3 |3 12 3 7 1 1 1 13 11 1 3 1 10 11 1 1 |1 6 1 8 4 1 2 10 15 1 9 1 18 1 3 1 |3 7 9 1 1 1 7 18 19 8 19 1 2 1 1 11 |6 7 5 1 3 1 17 9 16 5 4 20 11 16 14 1 |1 15 19 6 1 14 3 1 1 1 5 17 58 179 124 1 |2 1 6 1 14 12 2 7 1 4 8 1 1 1 1 15 |20 1 1 19 3 8 1 9 20 1 1 14 15 58 21 1 |
15762: 1 2 14 1 1 18 9 2 7 1 2 2 10 1 2 7 |14 9 1 7 4 1 1 1 9 4 1 15 23 5 6 13 |4 6 15 6 11 1 4 20 8 1 2 1 8 12 3 4 |1 2 16 1 17 1 1 13 1 13 16 7 7 15 20 1 |1 1 1 9 18 1 1 3 7 16 12 1 15 12 1 3 |3 12 3 7 1 1 1 13 11 1 3 1 10 11 1 1 |1 6 1 8 4 1 2 10 15 1 9 1 18 1 3 1 |3 7 9 1 1 1 7 18 19 8 19 1 2 1 1 11 |6 7 5 1 3 1 17 9 16 5 4 20 11 16 14 1 |1 15 19 6 1 14 3 1 1 1 5 17 58 179 124 1 |2 1 6 1 14 12 2 7 1 4 8 1 1 1 1 15 |20 1 1 19 3 8 1 9 20 1 1 14 15 58 21 1 |
15773: 1 2 14 1 1 18 9 2 7 1 2 2 10 1 2 7 |14 9 1 7 4 1 1 1 9 4 1 15 23 5 6 13 |4 6 15 6 11 1 4 20 8 1 2 1 8 12 3 4 |1 2 16 1 17 1 1 13 1 13 16 7 7 15 20 1 |1 1 1 9 18 1 1 3 7 16 12 1 15 12 1 3 |2 8 3 8 1 9 1 14 10 2 3 1 9 1 1 1 |1 6 1 8 4 1 2 10 15 1 9 1 18 1 3 1 |3 7 9 1 1 1 7 18 19 8 19 1 2 1 1 11 |6 7 5 1 3 1 17 9 16 5 4 20 11 16 14 1 |1 15 19 6 1 14 3 1 1 1 5 17 58 179 124 1 |2 1 6 1 14 12 2 7 1 4 8 1 1 1 1 15 |20 1 1 19 3 8 1 9 20 1 1 14 15 58 21 1 |
15784: 1 2 14 1 1 18 9 2 7 1 2 2 10 1 2 7 |14 9 1 7 4 1 1 1 9 4 1 15 23 5 6 13 |4 6 15 6 11 1 4 20 8 1 2 1 8 12 3 4 |1 2 16 1 17 1 1 13 1 13 16 7 7 15 20 1 |1 1 1 9 18 1 1 3 7 16 12 1 15 12 1 3 |2 8 3 8 1 9 1 14 10 2 3 1 9 1 1 1 |1 6 1 8 4 1 2 10 15 1 9 1 18 1 3 1 |3 7 9 1 1 1 7 18 19 8 19 1 2 1 1 11 |6 7 5 1 3 1 17 9 16 5 4 20 11 16 14 1 |1 15 19 6 1 14 3 1 1 1 5 17 58 179 124 1 |2 1 6 1 14 12 2 7 1 4 8 1 1 1 1 15 |20 1 1 19 3 8 1 9 20 1 1 14 15 58 21 1 |
15794: 1 2 14 1 1 18 9 2 7 1 2 2 10 1 2 7 |14 9 1 7 4 1 1 1 9 4 1 15 23 5 6 13 |4 6 15 6 11 1 4 20 8 1 2 1 8 12 3 4 |1 2 16 1 17 1 1 13 1 13 16 7 7 15 20 1 |1 1 1 9 18 1 1 3 7 16 12 1 15 12 1 3 |2 8 3 8 1 9 1 14 10 2 3 1 9 1 1 1 |1 6 1 8 4 1 2 10 15 1 9 1 18 1 3 1 |3 7 9 1 1 1 7 18 19 8 19 1 2 1 1 11 |6 7 5 1 3 1 17 9 16 5 4 20 11 16 14 1 |1 15 19 6 1 14 3 1 1 1 5 17 58 179 124 1 |2 1 6 1 14 12 2 7 1 4 8 1 1 1 1 15 |20 1 1 19 3 8 1 9 20 1 1 14 15 58 21 1 |
15805: 1 2 14 1 1 18 9 2 7 1 2 2 10 1 2 7 |14 9 1 7 4 1 1 1 9 4 1 15 23 5 6 13 |4 6 15 6 11 1 4 20 8 1 2 1 8 12 3 4 |1 2 16 1 17 1 1 13 1 13 16 7 7 15 20 1 |1 1 1 9 18 1 1 3 7 16 12 1 15 12 1 3 |2 8 3 8 1 9 1 14 10 2 3 1 9 1 1 1 |1 6 1 8 4 1 2 10 15 1 9 1 18 1 3 1 |3 7 9 1 1 1 7 18 19 8 19 1 2 1 1 11 |6 7 5 1 3 1 17 9 16 5 4 20 11 16 14 1 |1 15 19 6 1 14 3 1 1 1 5 17 58 179 124 1 |2 1 6 1 14 12 2 7 1 4 8 1 1 1 1 15 |20 1 1 19 3 8 1 9 20 1 1 14 15 58 21 1 |
15816: 1 2 14 1 1 18 9 2 7 1 2 2 10 1 2 7 |14 9 1 7 4 1 1 1 9 4 1 15 23 5 6 13 |4 6 15 6 11 1 4 20 8 1 2 1 8 12 3 4 |1 2 16 1 17 1 1 13 1 13 16 7 7 15 20 1 |1 1 1 9 18 1 1 3 7 16 12 1 15 12 1 3 |2 8 3 8 1 9 1 14 10 2 3 1 9 1 1 1 |1 6 1 8 4 1 2 10 15 1 9 1 18 1 3 1 |3 7 9 1 1 1 7 18 19 8 19 1 2 1 1 11 |6 7 5 1 3 1 17 9 16 5 4 20 11 16 14 1 |1 15 19 6 1 14 3 1 1 1 5 17 58 179 124 1 |2 1 6 1 14 12 2 7 1 4 8 1 1 1 1 15 |19 1 6 2 1 8 4 14 14 1 1 7 1 1 5 1 |
15826: 1 2 14 1 1 18 9 2 7 1 2 2 10 1 2 7 |14 9 1 7 4 1 1 1 9 4 1 15 23 5 6 13 |4 6 15 6 11 1 4 20 8 1 2 1 8 12 3 4 |1 2 16 1 17 1 1 13 1 13 16 7 7 15 20 1 |1 1 1 9 18 1 1 3 7 16 12 1 15 12 1 3 |2 8 3 8 1 9 1 14 10 2 3 1 9 1 1 1 |1 6 1 8 4 1 2 10 15 1 9 1 18 1 3 1 |3 7 9 1 1 1 7 18 19 8 19 1 2 1 1 11 |6 7 5 1 3 1 17 9 16 5 4 20 11 16 14 1 |1 15 19 6 1 14 3 1 1 1 5 17 58 179 124 1 |2 1 6 1 14 12 2 7 1 4 8 1 1 1 1 15 |19 1 6 2 1 8 4 14 14 1 1 7 1 1 5 1 |
15837: 1 2 14 1 1 18 9 2 7 1 2 2 10 1 2 7 |14 9 1 7 4 1 1 1 9 4 1 15 23 5 6 13 |4 6 15 6 11 1 4 20 8 1 2 1 8 12 3 4 |1 2 16 1 17 1 1 13 1 13 16 7 7 15 20 1 |1 1 1 9 18 1 1 3 7 16 12 1 15 12 1 3 |2 8 3 8 1 9 1 14 10 2 3 1 9 1 1 1 |1 6 1 8 4 1 2 10 15 1 9 1 18 1 3 1 |3 7 9 1 1 1 7 18 19 8 19 1 2 1 1 11 |6 7 5 1 3 1 17 9 16 5 4 20 11 16 14 1 |1 15 19 6 1 14 3 1 1 1 5 17 58 179 124 1 |2 1 6 1 14 12 2 7 1 4 8 1 1 1 1 15 |19 1 6 2 1 8 4 14 14 1 1 7 1 1 5 1 |
15848: 1 2 14 1 1 18 9 2 7 1 2 2 10 1 2 7 |14 9 1 7 4 1 1 1 9 4 1 15 23 5 6 13 |4 6 15 6 11 1 4 20 8 1 2 1 8 12 3 4 |1 2 16 1 17 1 1 13 1 13 16 7 7 15 20 1 |1 1 1 9 18 1 1 3 7 16 12 1 15 12 1 3 |2 8 3 8 1 9 1 14 10 2 3 1 9 1 1 1 |1 6 1 8 4 1 2 10 15 1 9 1 18 1 3 1 |3 7 9 1 1 1 7 18 19 8 19 1 2 1 1 11 |6 7 5 1 3 1 17 9 16 5 4 20 11 16 14 1 |1 15 19 6 1 14 3 1 1 1 5 17 58 179 124 1 |2 1 6 1 14 12 2 7 1 4 8 1 1 1 1 15 |20 1 1 2 2 8 3 14 5 1 1 7 1 1 1 1 |
15858: 1 2 14 1 1 18 9 2 7 1 2 2 10 1 2 7 |14 9 1 7 4 1 1 1 9 4 1 15 23 5 6 13 |4 6 15 6 11 1 4 20 8 1 2 1 8 12 3 4 |1 2 16 1 17 1 1 13 1 13 16 7 7 15 20 1 |1 1 1 9 18 1 1 3 7 16 12 1 15 12 1 3 |2 8 3 8 1 9 1 14 10 2 3 1 9 1 1 1 |1 6 1 8 4 1 2 10 15 1 9 1 18 1 3 1 |3 7 9 1 1 1 7 18 19 8 19 1 2 1 1 11 |6 7 5 1 3 1 17 9 16 5 4 20 11 16 14 1 |1 15 19 6 1 14 3 1 1 1 5 17 58 179 124 1 |2 1 6 1 14 12 2 7 1 4 8 1 1 1 1 15 |20 1 1 2 2 8 3 14 5 1 1 7 1 1 1 1 |
15869: 1 3 1 1 6 13 1 3 8 2 1 3 12 3 25 13 |14 9 1 7 4 1 1 1 9 4 1 15 23 5 6 13 |4 6 15 6 11 1 4 20 8 1 2 1 8 12 3 4 |1 2 16 1 17 1 1 13 1 13 16 7 7 15 20 1 |1 1 1 9 18 1 1 3 7 16 12 1 15 12 1 3 |2 8 3 8 1 9 1 14 10 2 3 1 9 1 1 1 |1 6 1 8 4 1 2 10 15 1 9 1 18 1 3 1 |3 7 9 1 1 1 7 18 19 8 19 1 2 1 1 11 |6 7 5 1 3 1 17 9 16 5 4 20 11 16 14 1 |1 15 19 6 1 14 3 1 1 1 5 17 58 179 124 1 |2 1 6 1 14 12 2 7 1 4 8 1 1 1 1 15 |20 1 1 2 2 8 3 14 5 1 1 7 1 1 1 1 |
15879: 1 3 1 1 6 13 1 3 8 2 1 3 12 3 25 13 |14 9 1 7 4 1 1 1 9 4 1 15 23 5 6 13 |4 6 15 6 11 1 4 20 8 1 2 1 8 12 3 4 |1 2 16 1 17 1 1 13 1 13 16 7 7 15 20 1 |1 1 1 9 18 1 1 3 7 16 12 1 15 12 1 3 |2 8 3 8 1 9 1 14 10 2 3 1 9 1 1 1 |1 6 1 8 4 1 2 10 15 1 9 1 18 1 3 1 |3 7 9 1 1 1 7 18 19 8 19 1 2 1 1 11 |6 7 5 1 3 1 17 9 16 5 4 20 11 16 14 1 |1 15 19 6 1 14 3 1 1 1 5 17 58 179 124 1 |2 1 8 14 15 13 4 8 1 15 16 9 6 1 12 17 |20 1 1 2 2 8 3 14 5 1 1 7 1 1 1 1 |
15889: 1 3 1 1 6 13 1 3 8 2 1 3 12 3 25 13 |14 9 1 7 4 1 1 1 9 4 1 15 23 5 6 13 |4 6 15 6 11 1 4 20 8 1 2 1 8 12 3 4 |1 2 16 1 17 1 1 13 1 13 16 7 7 15 20 1 |1 1 1 9 18 1 1 3 7 16 12 1 15 12 1 3 |2 8 3 8 1 9 1 14 10 2 3 1 9 1 1 1 |1 6 1 8 4 1 2 10 15 1 9 1 18 1 3 1 |3 7 9 1 1 1 7 18 19 8 19 1 2 1 1 11 |6 7 5 1 3 1 17 9 16 5 4 20 11 16 14 1 |1 15 19 6 1 14 3 1 1 1 5 17 58 179 124 1 |2 1 8 14 15 13 4 8 1 15 16 9 6 1 12 17 |20 1 1 2 2 8 3 14 5 1 1 7 1 1 1 1 |
15901: 1 3 1 1 6 13 1 3 8 2 1 3 12 3 25 13 |14 9 1 7 4 1 1 1 9 4 1 15 23 5 6 13 |4 6 15 6 11 1 4 20 8 1 2 1 8 12 3 4 |1 2 16 1 17 1 1 13 1 13 16 7 7 15 20 1 |1 1 1 9 18 1 1 3 7 16 12 1 15 12 1 3 |2 8 3 8 1 9 1 14 10 2 3 1 9 1 1 1 |1 6 1 8 4 1 2 10 15 1 9 1 18 1 3 1 |3 7 9 1 1 1 7 18 19 8 19 1 2 1 1 11 |6 7 5 1 3 1 17 9 16 5 4 20 11 16 14 1 |1 15 19 6 1 14 3 1 1 1 5 17 58 179 124 1 |2 1 8 14 15 13 4 8 1 15 16 9 6 1 12 17 |20 1 1 2 2 8 3 14 5 1 1 7 1 1 1 1 |
15911: 1 3 1 1 6 13 1 3 8 2 1 3 12 3 25 13 |14 9 1 7 4 1 1 1 9 4 1 15 23 5 6 13 |4 6 15 6 11 1 4 20 8 1 2 1 8 12 3 4 |1 2 16 1 17 1 1 13 1 13 16 7 7 15 20 1 |1 1 1 9 18 1 1 3 7 16 12 1 15 12 1 3 |2 8 3 8 1 9 1 14 10 2 3 1 9 1 1 1 |1 6 1 8 4 1 2 10 15 1 9 1 18 1 3 1 |3 7 9 1 1 1 7 18 19 8 19 1 2 1 1 11 |6 7 5 1 3 1 17 9 16 5 4 20 11 16 14 1 |1 15 19 6 1 14 3 1 1 1 5 17 58 179 124 1 |1 1 9 5 15 14 4 8 1 15 17 10 9 1 8 24 |20 1 1 2 2 8 3 14 5 1 1 7 1 1 1 1 |
15922: 1 3 1 1 6 13 1 3 8 2 1 3 12 3 25 13 |14 9 1 7 4 1 1 1 9 4 1 15 23 5 6 13 |4 6 15 6 11 1 4 20 8 1 2 1 8 12 3 4 |1 2 16 1 17 1 1 13 1 13 16 7 7 15 20 1 |1 1 1 9 18 1 1 3 7 16 12 1 15 12 1 3 |2 8 3 8 1 9 1 14 10 2 3 1 9 1 1 1 |1 6 1 8 4 1 2 10 15 1 9 1 18 1 3 1 |3 7 9 1 1 1 7 18 19 8 19 1 2 1 1 11 |6 7 5 1 3 1 17 9 16 5 4 20 11 16 14 1 |1 15 19 6 1 14 3 1 1 1 5 17 58 179 124 1 |1 1 9 5 15 14 4 8 1 15 17 10 9 1 8 24 |20 1 1 2 2 8 3 14 5 1 1 7 1 1 1 1 |
15933: 1 3 1 1 6 13 1 3 8 2 1 3 12 3 25 13 |14 9 1 7 4 1 1 1 9 4 1 15 23 5 6 13 |4 6 15 6 11 1 4 20 8 1 2 1 8 12 3 4 |1 2 16 1 17 1 1 13 1 13 16 7 7 15 20 1 |1 1 1 9 18 1 1 3 7 16 12 1 15 12 1 3 |2 8 3 8 1 9 1 14 10 2 3 1 9 1 1 1 |1 6 1 8 4 1 2 10 15 1 9 1 18 1 3 1 |3 7 9 1 1 1 7 18 19 8 19 1 2 1 1 11 |6 7 5 1 3 1 17 9 16 5 4 20 11 16 14 1 |1 15 19 6 1 14 3 1 1 1 5 17 58 179 124 1 |1 1 9 5 15 14 4 8 1 15 17 10 9 1 8 24 |20 1 1 2 2 8 3 14 5 1 1 7 1 1 1 1 |
15943: 1 3 1 1 6 13 1 3 8 2 1 3 12 3 25 13 |14 9 1 7 4 1 1 1 9 4 1 15 23 5 6 13 |4 6 15 6 11 1 4 20 8 1 2 1 8 12 3 4 |1 2 16 1 17 1 1 13 1 13 16 7 7 15 20 1 |1 1 1 9 18 1 1 3 7 16 12 1 15 12 1 3 |2 8 3 8 1 9 1 14 10 2 3 1 9 1 1 1 |1 6 1 8 4 1 2 10 15 1 9 1 18 1 3 1 |3 7 9 1 1 1 7 18 19 8 19 1 2 1 1 11 |6 7 5 1 3 1 17 9 16 5 4 20 11 16 14 1 |1 12 13 4 1 1 1 1 1 1 5 11 12 15 45 17 |1 1 9 5 15 14 4 8 1 15 17 10 9 1 8 24 |20 1 1 2 2 8 3 14 5 1 1 7 1 1 1 1 |
15953: 1 3 1 1 6 13 1 3 8 2 1 3 12 3 25 13 |14 9 1 7 4 1 1 1 9 4 1 15 23 5 6 13 |4 6 15 6 11 1 4 20 8 1 2 1 8 12 3 4 |1 2 16 1 17 1 1 13 1 13 16 7 7 15 20 1 |1 1 1 9 18 1 1 3 7 16 12 1 15 12 1 3 |2 8 3 8 1 9 1 14 10 2 3 1 9 1 1 1 |1 6 1 8 4 1 2 10 15 1 9 1 18 1 3 1 |3 7 9 1 1 1 7 18 19 8 19 1 2 1 1 11 |6 7 5 1 3 1 17 9 16 5 4 20 11 16 14 1 |1 12 13 4 1 1 1 1 1 1 5 11 12 15 45 17 |1 1 9 5 15 14 4 8 1 15 17 10 9 1 8 24 |20 1 1 2 2 8 3 14 5 1 1 7 1 1 1 1 |
15965: 1 3 1 1 6 13 1 3 8 2 1 3 12 3 25 13 |14 9 1 7 4 1 1 1 9 4 1 15 23 5 6 13 |4 6 15 6 11 1 4 20 8 1 2 1 8 12 3 4 |1 2 16 1 17 1 1 13 1 13 16 7 7 15 20 1 |1 1 1 9 18 1 1 3 7 16 12 1 15 12 1 3 |2 8 3 8 1 9 1 14 10 2 3 1 9 1 1 1 |1 6 1 8 4 1 2 10 15 1 9 1 18 1 3 1 |3 7 9 1 1 1 7 18 19 8 19 1 2 1 1 11 |6 7 5 1 3 1 17 9 16 5 4 20 11 16 14 1 |1 12 13 4 1 1 1 1 1 1 5 11 12 15 45 17 |1 1 9 5 15 14 4 8 1 15 17 10 9 1 8 24 |20 1 1 2 2 8 3 14 5 1 1 7 1 1 1 1 |
15975: 1 3 1 1 6 13 1 3 8 2 1 3 12 3 25 13 |14 9 1 7 4 1 1 1 9 4 1 15 23 5 6 13 |4 6 15 6 11 1 4 20 8 1 2 1 8 12 3 4 |1 2 16 1 17 1 1 13 1 13 16 7 7 15 20 1 |1 1 1 9 18 1 1 3 7 16 12 1 15 12 1 3 |2 8 3 8 1 9 1 14 10 2 3 1 9 1 1 1 |1 6 1 8 4 1 2 10 15 1 9 1 18 1 3 1 |3 7 9 1 1 1 7 18 19 8 19 1 2 1 1 11 |6 7 5 1 3 1 17 9 16 5 4 20 11 16 14 1 |9 11 17 2 1 1 1 1 1 1 4 1 14 27 79 32 |1 1 9 5 15 14 4 8 1 15 17 10 9 1 8 24 |20 1 1 2 2 8 3 14 5 1 1 7 1 1 1 1 |
15985: 1 3 1 1 6 13 1 3 8 2 1 3 12 3 25 13 |14 9 1 7 4 1 1 1 9 4 1 15 23 5 6 13 |4 6 15 6 11 1 4 20 8 1 2 1 8 12 3 4 |1 2 16 1 17 1 1 13 1 13 16 7 7 15 20 1 |1 1 1 9 18 1 1 3 7 16 12 1 15 12 1 3 |2 8 3 8 1 9 1 14 10 2 3 1 9 1 1 1 |1 6 1 8 4 1 2 10 15 1 9 1 18 1 3 1 |3 7 9 1 1 1 7 18 19 8 19 1 2 1 1 11 |6 7 5 1 3 1 17 9 16 5 4 20 11 16 14 1 |9 11 17 2 1 1 1 1 1 1 4 1 14 27 79 32 |1 1 9 5 15 14 4 8 1 15 17 10 9 1 8 24 |20 1 1 2 2 8 3 14 5 1 1 7 1 1 1 1 |
15995: 1 3 1 1 6 13 1 3 8 2 1 3 12 3 25 13 |14 9 1 7 4 1 1 1 9 4 1 15 23 5 6 13 |4 6 15 6 11 1 4 20 8 1 2 1 8 12 3 4 |1 2 16 1 17 1 1 13 1 13 16 7 7 15 20 1 |1 1 1 9 18 1 1 3 7 16 12 1 15 12 1 3 |2 8 3 8 1 9 1 14 10 2 3 1 9 1 1 1 |1 6 1 8 4 1 2 10 15 1 9 1 18 1 3 1 |3 7 9 1 1 1 7 18 19 8 19 1 2 1 1 11 |6 7 5 1 3 1 17 9 16 5 4 20 11 16 14 1 |9 11 17 2 1 1 1 1 1 1 4 1 14 27 79 32 |1 1 9 5 15 14 4 8 1 15 17 10 9 1 8 24 |20 1 1 2 2 8 3 14 5 1 1 7 1 1 1 1 |
16006: 1 3 1 1 6 13 1 3 8 2 1 3 12 3 25 13 |14 9 1 7 4 1 1 1 9 4 1 15 23 5 6 13 |4 6 15 6 11 1 4 20 8 1 2 1 8 12 3 4 |1 2 16 1 17 1 1 13 1 13 16 7 7 15 20 1 |1 1 1 9 18 1 1 3 7 16 12 1 15 12 1 3 |2 8 3 8 1 9 1 14 10 2 3 1 9 1 1 1 |1 6 1 8 4 1 2 10 15 1 9 1 18 1 3 1 |3 7 9 1 1 1 7 18 19 8 19 1 2 1 1 11 |6 7 5 1 3 1 17 9 16 5 4 20 11 16 14 1 |1 17 18 9 3 8 1 1 1 1 17 8 14 23 86 32 |1 1 9 5 15 14 4 8 1 15 17 10 9 1 8 24 |20 1 1 2 2 8 3 14 5 1 1 7 1 1 1 1 |
16017: 1 3 1 1 6 13 1 3 8 2 1 3 12 3 25 13 |14 9 1 7 4 1 1 1 9 4 1 15 23 5 6 13 |4 6 15 6 11 1 4 20 8 1 2 1 8 12 3 4 |1 2 16 1 17 1 1 13 1 13 16 7 7 15 20 1 |1 1 1 9 18 1 1 3 7 16 12 1 15 12 1 3 |2 8 3 8 1 9 1 14 10 2 3 1 9 1 1 1 |1 6 1 8 4 1 2 10 15 1 9 1 18 1 3 1 |3 7 9 1 1 1 7 18 19 8 19 1 2 1 1 11 |6 7 5 1 3 1 17 9 16 5 4 20 11 16 14 1 |1 17 18 9 3 8 1 1 1 1 17 8 14 23 86 32 |1 1 1 13 3 7 1 1 1 18 14 1 20 87 263 253 |20 1 1 2 2 8 3 14 5 1 1 7 1 1 1 1 |
16028: 1 3 1 1 6 13 1 3 8 2 1 3 12 3 25 13 |14 9 1 7 4 1 1 1 9 4 1 15 23 5 6 13 |4 6 15 6 11 1 4 20 8 1 2 1 8 12 3 4 |1 2 16 1 17 1 1 13 1 13 16 7 7 15 20 1 |1 1 1 9 18 1 1 3 7 16 12 1 15 12 1 3 |2 8 3 8 1 9 1 14 10 2 3 1 9 1 1 1 |1 6 1 8 4 1 2 10 15 1 9 1 18 1 3 1 |3 7 9 1 1 1 7 18 19 8 19 1 2 1 1 11 |6 7 5 1 3 1 17 9 16 5 4 20 11 16 14 1 |1 17 18 9 3 8 1 1 1 1 17 8 14 23 86 32 |1 1 1 13 3 7 1 1 1 18 14 1 20 87 263 253 |20 1 1 2 2 8 3 14 5 1 1 7 1 1 1 1 |
16039: 1 3 1 1 6 13 1 3 8 2 1 3 12 3 25 13 |14 9 1 7 4 1 1 1 9 4 1 15 23 5 6 13 |4 6 15 6 11 1 4 20 8 1 2 1 8 12 3 4 |1 2 16 1 17 1 1 13 1 13 16 7 7 15 20 1 |1 1 1 9 18 1 1 3 7 16 12 1 15 12 1 3 |2 8 3 8 1 9 1 14 10 2 3 1 9 1 1 1 |1 6 1 8 4 1 2 10 15 1 9 1 18 1 3 1 |3 7 9 1 1 1 7 18 19 8 19 1 2 1 1 11 |2 8 2 2 3 2 14 12 19 13 4 18 11 17 20 1 |1 17 18 9 3 8 1 1 1 1 17 8 14 23 86 32 |1 1 1 13 3 7 1 1 1 18 14 1 20 87 263 253 |20 1 1 2 2 8 3 14 5 1 1 7 1 1 1 1 |
16050: 1 3 1 1 6 13 1 3 8 2 1 3 12 3 25 13 |14 9 1 7 4 1 1 1 9 4 1 15 23 5 6 13 |4 6 15 6 11 1 4 20 8 1 2 1 8 12 3 4 |1 2 16 1 17 1 1 13 1 13 16 7 7 15 20 1 |1 1 1 9 18 1 1 3 7 16 12 1 15 12 1 3 |2 8 3 8 1 9 1 14 10 2 3 1 9 1 1 1 |1 6 1 8 4 1 2 10 15 1 9 1 18 1 3 1 |3 7 9 1 1 1 7 18 19 8 19 1 2 1 1 11 |2 8 2 2 3 2 14 12 19 13 4 18 11 17 20 1 |1 17 18 9 3 8 1 1 1 1 17 8 14 23 86 32 |1 1 1 13 3 7 1 1 1 18 14 1 20 87 263 253 |20 1 1 2 2 8 3 14 5 1 1 7 1 1 1 1 |
16061: 1 3 1 1 6 13 1 3 8 2 1 3 12 3 25 13 |14 9 1 7 4 1 1 1 9 4 1 15 23 5 6 13 |4 6 15 6 11 1 4 20 8 1 2 1 8 12 3 4 |1 2 16 1 17 1 1 13 1 13 16 7 7 15 20 1 |1 1 1 9 18 1 1 3 7 16 12 1 15 12 1 3 |2 8 3 8 1 9 1 14 10 2 3 1 9 1 1 1 |1 6 1 8 4 1 2 10 15 1 9 1 18 1 3 1 |3 7 9 1 1 1 7 18 19 8 19 1 2 1 1 11 |2 8 2 2 3 2 14 12 19 13 4 18 11 17 20 1 |1 17 18 9 3 8 1 1 1 1 17 8 14 23 86 32 |1 1 1 13 3 7 1 1 1 18 14 1 20 87 263 253 |20 1 1 2 2 8 3 14 5 1 1 7 1 1 1 1 |
16072: 1 3 1 1 6 13 1 3 8 2 1 3 12 3 25 13 |14 9 1 7 4 1 1 1 9 4 1 15 23 5 6 13 |4 6 15 6 11 1 4 20 8 1 2 1 8 12 3 4 |1 2 16 1 17 1 1 13 1 13 16 7 7 15 20 1 |1 1 1 9 18 1 1 3 7 16 12 1 15 12 1 3 |2 8 3 8 1 9 1 14 10 2 3 1 9 1 1 1 |1 6 1 8 4 1 2 10 15 1 9 1 18 1 3 1 |3 7 9 1 1 1 7 18 19 8 19 1 2 1 1 11 |2 8 2 2 3 2 14 12 19 13 4 18 11 17 20 1 |1 17 18 8 1 15 3 1 1 1 17 9 13 12 60 24 |1 1 1 13 3 7 1 1 1 18 14 1 20 87 263 253 |20 1 1 2 2 8 3 14 5 1 1 7 1 1 1 1 |
16083: 1 3 1 1 6 13 1 3 8 2 1 3 12 3 25 13 |14 9 1 7 4 1 1 1 9 4 1 15 23 5 6 13 |4 6 15 6 11 1 4 20 8 1 2 1 8 12 3 4 |1 2 16 1 17 1 1 13 1 13 16 7 7 15 20 1 |1 1 1 9 18 1 1 3 7 16 12 1 15 12 1 3 |2 8 3 8 1 9 1 14 10 2 3 1 9 1 1 1 |1 6 1 8 4 1 2 10 15 1 9 1 18 1 3 1 |3 7 9 1 1 1 7 18 19 8 19 1 2 1 1 11 |2 8 2 2 3 2 14 12 19 13 4 18 11 17 20 1 |1 17 18 8 1 15 3 1 1 1 17 9 13 12 60 24 |1 1 1 13 3 7 1 1 1 18 14 1 20 87 263 253 |20 1 1 2 2 8 3 14 5 1 1 7 1 1 1 1 |
16094: 1 3 1 1 6 13 1 3 8 2 1 3 12 3 25 13 |14 9 1 7 4 1 1 1 9 4 1 15 23 5 6 13 |4 6 15 6 11 1 4 20 8 1 2 1 8 12 3 4 |1 2 16 1 17 1 1 13 1 13 16 7 7 15 20 1 |1 1 1 9 18 1 1 3 7 16 12 1 15 12 1 3 |2 8 3 8 1 9 1 14 10 2 3 1 9 1 1 1 |1 6 1 8 4 1 2 10 15 1 9 1 18 1 3 1 |3 7 9 1 1 1 7 18 19 8 19 1 2 1 1 11 |2 8 2 2 3 2 14 12 19 13 4 18 11 17 20 1 |1 17 18 8 1 15 3 1 1 1 17 9 13 12 60 24 |1 1 1 13 3 7 1 1 1 18 14 1 20 87 263 253 |20 1 1 2 2 8 3 14 5 1 1 7 1 1 1 1 |
16105: 1 3 1 1 6 13 1 3 8 2 1 3 12 3 25 13 |14 9 1 7 4 1 1 1 9 4 1 15 23 5 6 13 |4 6 15 6 11 1 4 20 8 1 2 1 8 12 3 4 |1 2 16 1 17 1 1 13 1 13 16 7 7 15 20 1 |1 1 1 9 18 1 1 3 7 16 12 1 15 12 1 3 |2 8 3 8 1 9 1 14 10 2 3 1 9 1 1 1 |1 6 1 8 4 1 2 10 15 1 9 1 18 1 3 1 |5 7 7 1 1 2 8 17 20 9 19 1 9 3 3 6 |2 8 2 2 3 2 14 12 19 13 4 18 11 17 20 1 |1 17 18 8 1 15 3 1 1 1 17 9 13 12 60 24 |1 1 1 13 3 7 1 1 1 18 14 1 20 87 263 253 |20 1 1 2 2 8 3 14 5 1 1 7 1 1 1 1 |
16116: 1 3 1 1 6 13 1 3 8 2 1 3 12 3 25 13 |14 9 1 7 4 1 1 1 9 4 1 15 23 5 6 13 |4 6 15 6 11 1 4 20 8 1 2 1 8 12 3 4 |1 2 16 1 17 1 1 13 1 13 16 7 7 15 20 1 |1 1 1 9 18 1 1 3 7 16 12 1 15 12 1 3 |2 8 3 8 1 9 1 14 10 2 3 1 9 1 1 1 |1 6 1 8 4 1 2 10 15 1 9 1 18 1 3 1 |5 7 7 1 1 2 8 17 20 9 19 1 9 3 3 6 |2 8 2 2 3 2 14 12 19 13 4 18 11 17 20 1 |1 17 18 8 1 15 3 1 1 1 17 9 13 12 60 24 |1 1 1 13 3 7 1 1 1 18 14 1 20 87 263 253 |20 1 1 2 2 8 3 14 5 1 1 7 1 1 1 1 |
16127: 1 3 1 1 6 13 1 3 8 2 1 3 12 3 25 13 |14 9 1 7 4 1 1 1 9 4 1 15 23 5 6 13 |4 6 15 6 11 1 4 20 8 1 2 1 8 12 3 4 |1 2 16 1 17 1 1 13 1 13 16 7 7 15 20 1 |1 1 1 9 18 1 1 3 7 16 12 1 15 12 1 3 |2 8 3 8 1 9 1 14 10 2 3 1 9 1 1 1 |1 6 1 8 4 1 2 10 15 1 9 1 18 1 3 1 |5 7 7 1 1 2 8 17 20 9 19 1 9 3 3 6 |2 8 2 2 3 2 14 12 19 13 4 18 11 17 20 1 |1 17 18 8 1 15 3 1 1 1 17 9 13 12 60 24 |1 1 1 13 3 7 1 1 1 18 14 1 20 87 263 253 |20 1 1 2 2 8 3 14 5 1 1 7 1 1 1 1 |
16138: 1 3 1 1 6 13 1 3 8 2 1 3 12 3 25 13 |14 9 1 7 4 1 1 1 9 4 1 15 23 5 6 13 |4 6 15 6 11 1 4 20 8 1 2 1 8 12 3 4 |1 2 16 1 17 1 1 13 1 13 16 7 7 15 20 1 |1 1 1 9 18 1 1 3 7 16 12 1 15 12 1 3 |2 8 3 8 1 9 1 14 10 2 3 1 9 1 1 1 |1 6 1 8 4 1 2 10 15 1 9 1 18 1 3 1 |4 8 15 1 3 2 8 17 18 9 18 1 11 1 9 5 |2 8 2 2 3 2 14 12 19 13 4 18 11 17 20 1 |1 17 18 8 1 15 3 1 1 1 17 9 13 12 60 24 |1 1 1 13 3 7 1 1 1 18 14 1 20 87 263 253 |20 1 1 2 2 8 3 14 5 1 1 7 1 1 1 1 |
16149: 1 3 1 1 6 13 1 3 8 2 1 3 12 3 25 13 |14 9 1 7 4 1 1 1 9 4 1 15 23 5 6 13 |4 6 15 6 11 1 4 20 8 1 2 1 8 12 3 4 |1 2 16 1 17 1 1 13 1 13 16 7 7 15 20 1 |1 1 1 9 18 1 1 3 7 16 12 1 15 12 1 3 |2 8 3 8 1 9 1 14 10 2 3 1 9 1 1 1 |1 6 1 8 4 1 2 10 15 1 9 1 18 1 3 1 |4 8 15 1 3 2 8 17 18 9 18 1 11 1 9 5 |2 8 2 2 3 2 14 12 19 13 4 18 11 17 20 1 |1 17 18 8 1 15 3 1 1 1 17 9 13 12 60 24 |1 1 1 13 3 7 1 1 1 18 14 1 20 87 263 253 |20 1 1 2 2 8 3 14 5 1 1 7 1 1 1 1 |
16160: 1 3 1 1 6 13 1 3 8 2 1 3 12 3 25 13 |14 9 1 7 4 1 1 1 9 4 1 15 23 5 6 13 |4 6 15 6 11 1 4 20 8 1 2 1 8 12 3 4 |1 2 16 1 17 1 1 13 1 13 16 7 7 15 20 1 |1 1 1 9 18 1 1 3 7 16 12 1 15 12 1 3 |2 8 3 8 1 9 1 14 10 2 3 1 9 1 1 1 |1 6 1 8 4 1 2 10 15 1 9 1 18 1 3 1 |4 8 15 1 3 2 8 17 18 9 18 1 11 1 9 5 |2 8 2 2 3 2 14 12 19 13 4 18 11 17 20 1 |1 17 18 8 1 15 3 1 1 1 17 9 13 12 60 24 |1 1 1 13 3 7 1 1 1 18 14 1 20 87 263 253 |20 1 1 2 2 8 3 14 5 1 1 7 1 1 1 1 |
16171: 1 3 1 1 6 13 1 3 8 2 1 3 12 3 25 13 |14 9 1 7 4 1 1 1 9 4 1 15 23 5 6 13 |4 6 15 6 11 1 4 20 8 1 2 1 8 12 3 4 |1 2 16 1 17 1 1 13 1 13 16 7 7 15 20 1 |1 1 1 9 18 1 1 3 7 16 12 1 15 12 1 3 |2 8 3 8 1 9 1 14 10 2 3 1 9 1 1 1 |8 6 8 1 3 1 1 12 13 1 5 1 6 1 17 10 |4 8 15 1 3 2 8 17 18 9 18 1 11 1 9 5 |2 8 2 2 3 2 14 12 19 13 4 18 11 17 20 1 |1 17 18 8 1 15 3 1 1 1 17 9 13 12 60 24 |1 1 1 13 3 7 1 1 1 18 14 1 20 87 263 253 |20 1 1 2 2 8 3 14 5 1 1 7 1 1 1 1 |
16182: 1 3 1 1 6 13 1 3 8 2 1 3 12 3 25 13 |14 9 1 7 4 1 1 1 9 4 1 15 23 5 6 13 |4 6 15 6 11 1 4 20 8 1 2 1 8 12 3 4 |1 2 16 1 17 1 1 13 1 13 16 7 7 15 20 1 |1 1 1 9 18 1 1 3 7 16 12 1 15 12 1 3 |2 8 3 8 1 9 1 14 10 2 3 1 9 1 1 1 |8 6 8 1 3 1 1 12 13 1 5 1 6 1 17 10 |4 8 15 1 3 2 8 17 18 9 18 1 11 1 9 5 |2 8 2 2 3 2 14 12 19 13 4 18 11 17 20 1 |1 17 18 8 1 15 3 1 1 1 17 9 13 12 60 24 |1 1 1 13 3 7 1 1 1 18 14 1 20 87 263 253 |20 1 1 2 2 8 3 14 5 1 1 7 1 1 1 1 |
16193: 1 3 1 1 6 13 1 3 8 2 1 3 12 3 25 13 |14 9 1 7 4 1 1 1 9 4 1 15 23 5 6 13 |4 6 15 6 11 1 4 20 8 1 2 1 8 12 3 4 |1 2 16 1 17 1 1 13 1 13 16 7 7 15 20 1 |1 1 1 9 18 1 1 3 7 16 12 1 15 12 1 3 |2 8 3 8 1 9 1 14 10 2 3 1 9 1 1 1 |8 6 8 1 3 1 1 12 13 1 5 1 6 1 17 10 |4 8 15 1 3 2 8 17 18 9 18 1 11 1 9 5 |2 8 2 2 3 2 14 12 19 13 4 18 11 17 20 1 |1 17 18 8 1 15 3 1 1 1 17 9 13 12 60 24 |1 1 1 13 3 7 1 1 1 18 14 1 20 87 263 253 |20 1 1 2 2 8 3 14 5 1 1 7 1 1 1 1 |
16204: 1 3 1 1 6 13 1 3 8 2 1 3 12 3 25 13 |14 9 1 7 4 1 1 1 9 4 1 15 23 5 6 13 |4 6 15 6 11 1 4 20 8 1 2 1 8 12 3 4 |1 2 16 1 17 1 1 13 1 13 16 7 7 15 20 1 |1 1 1 9 18 1 1 3 7 16 12 1 15 12 1 3 |2 8 3 8 1 9 1 14 10 2 3 1 9 1 1 1 |7 6 8 1 6 1 11 2 2 1 18 4 18 1 8 10 |4 8 15 1 3 2 8 17 18 9 18 1 11 1 9 5 |2 8 2 2 3 2 14 12 19 13 4 18 11 17 20 1 |1 17 18 8 1 15 3 1 1 1 17 9 13 12 60 24 |1 1 1 13 3 7 1 1 1 18 14 1 20 87 263 253 |20 1 1 2 2 8 3 14 5 1 1 7 1 1 1 1 |
16215: 1 3 1 1 6 13 1 3 8 2 1 3 12 3 25 13 |14 9 1 7 4 1 1 1 9 4 1 15 23 5 6 13 |4 6 15 6 11 1 4 20 8 1 2 1 8 12 3 4 |1 2 16 1 17 1 1 13 1 13 16 7 7 15 20 1 |1 1 1 9 18 1 1 3 7 16 12 1 15 12 1 3 |2 8 3 8 1 9 1 14 10 2 3 1 9 1 1 1 |7 6 8 1 6 1 11 2 2 1 18 4 18 1 8 10 |4 8 15 1 3 2 8 17 18 9 18 1 11 1 9 5 |2 8 2 2 3 2 14 12 19 13 4 18 11 17 20 1 |1 17 18 8 1 15 3 1 1 1 17 9 13 12 60 24 |1 1 1 13 3 7 1 1 1 18 14 1 20 87 263 253 |20 1 1 2 2 8 3 14 5 1 1 7 1 1 1 1 |
16226: 1 3 1 1 6 13 1 3 8 2 1 3 12 3 25 13 |14 9 1 7 4 1 1 1 9 4 1 15 23 5 6 13 |4 6 15 6 11 1 4 20 8 1 2 1 8 12 3 4 |1 2 16 1 17 1 1 13 1 13 16 7 7 15 20 1 |1 1 1 9 18 1 1 3 7 16 12 1 15 12 1 3 |2 8 3 8 1 9 1 14 10 2 3 1 9 1 1 1 |7 6 8 1 6 1 11 2 2 1 18 4 18 1 8 10 |4 8 15 1 3 2 8 17 18 9 18 1 11 1 9 5 |2 8 2 2 3 2 14 12 19 13 4 18 11 17 20 1 |1 17 18 8 1 15 3 1 1 1 17 9 13 12 60 24 |1 1 1 13 3 7 1 1 1 18 14 1 20 87 263 253 |20 1 1 2 2 8 3 14 5 1 1 7 1 1 1 1 |
16237: 1 3 1 1 6 13 1 3 8 2 1 3 12 3 25 13 |14 9 1 7 4 1 1 1 9 4 1 15 23 5 6 13 |4 6 15 6 11 1 4 20 8 1 2 1 8 12 3 4 |1 2 16 1 17 1 1 13 1 13 16 7 7 15 20 1 |1 1 1 9 18 1 1 3 7 16 12 1 15 12 1 3 |2 8 3 8 1 9 1 14 10 2 3 1 9 1 1 1 |7 6 8 1 6 1 11 2 2 1 18 4 18 1 8 10 |4 8 15 1 3 2 8 17 18 9 18 1 11 1 9 5 |2 8 2 2 3 2 14 12 19 13 4 18 11 17 20 1 |1 17 18 8 1 15 3 1 1 1 17 9 13 12 60 24 |1 1 1 13 3 7 1 1 1 18 14 1 20 87 263 253 |20 1 1 2 2 8 3 14 5 1 1 7 1 1 1 1 |
16248: 1 3 1 1 6 13 1 3 8 2 1 3 12 3 25 13 |14 9 1 7 4 1 1 1 9 4 1 15 23 5 6 13 |4 6 15 6 11 1 4 20 8 1 2 1 8 12 3 4 |1 2 16 1 17 1 1 13 1 13 16 7 7 15 20 1 |1 1 1 9 18 1 1 3 7 16 12 1 15 12 1 3 |2 8 3 8 1 9 1 14 10 2 3 1 9 1 1 1 |7 6 8 1 6 1 11 2 2 1 18 4 18 1 8 10 |4 8 15 1 3 2 8 17 18 9 18 1 11 1 9 5 |2 8 2 2 3 2 14 12 19 13 4 18 11 17 20 1 |1 17 18 8 1 15 3 1 1 1 17 9 13 12 60 24 |1 1 1 13 3 7 1 1 1 18 14 1 20 87 263 253 |20 1 1 2 2 8 3 14 5 1 1 7 1 1 1 1 |
16259: 1 3 1 1 6 13 1 3 8 2 1 3 12 3 25 13 |14 9 1 7 4 1 1 1 9 4 1 15 23 5 6 13 |4 6 15 6 11 1 4 20 8 1 2 1 8 12 3 4 |1 2 16 1 17 1 1 13 1 13 16 7 7 15 20 1 |1 1 7 9 20 1 2 3 7 11 12 1 2 8 1 2 |2 8 3 8 1 9 1 14 10 2 3 1 9 1 1 1 |7 6 8 1 6 1 11 2 2 1 18 4 18 1 8 10 |4 8 15 1 3 2 8 17 18 9 18 1 11 1 9 5 |2 8 2 2 3 2 14 12 19 13 4 18 11 17 20 1 |1 17 18 8 1 15 3 1 1 1 17 9 13 12 60 24 |1 1 1 13 3 7 1 1 1 18 14 1 20 87 263 253 |20 1 1 2 2 8 3 14 5 1 1 7 1 1 1 1 |
16270: 1 3 1 1 6 13 1 3 8 2 1 3 12 3 25 13 |14 9 1 7 4 1 1 1 9 4 1 15 23 5 6 13 |4 6 15 6 11 1 4 20 8 1 2 1 8 12 3 4 |1 2 16 1 17 1 1 13 1 13 16 7 7 15 20 1 |1 1 7 9 20 1 2 3 7 11 12 1 2 8 1 2 |2 8 3 8 1 9 1 14 10 2 3 1 9 1 1 1 |7 6 8 1 6 1 11 2 2 1 18 4 18 1 8 10 |4 8 15 1 3 2 8 17 18 9 18 1 11 1 9 5 |2 8 2 2 3 2 14 12 19 13 4 18 11 17 20 1 |1 17 18 8 1 15 3 1 1 1 17 9 13 12 60 24 |1 1 1 13 3 7 1 1 1 18 14 1 20 87 263 253 |20 1 1 2 2 8 3 14 5 1 1 7 1 1 1 1 |
16281: 1 3 1 1 6 13 1 3 8 2 1 3 12 3 25 13 |14 9 1 7 4 1 1 1 9 4 1 15 23 5 6 13 |4 6 15 6 11 1 4 20 8 1 2 1 8 12 3 4 |1 2 16 1 17 1 1 13 1 13 16 7 7 15 20 1 |1 1 7 9 20 1 2 3 7 11 12 1 2 8 1 2 |2 8 3 8 1 9 1 14 10 2 3 1 9 1 1 1 |7 6 8 1 6 1 11 2 2 1 18 4 18 1 8 10 |4 8 15 1 3 2 8 17 18 9 18 1 11 1 9 5 |2 8 2 2 3 2 14 12 19 13 4 18 11 17 20 1 |1 17 18 8 1 15 3 1 1 1 17 9 13 12 60 24 |1 1 1 13 3 7 1 1 1 18 14 1 20 87 263 253 |20 1 1 2 2 8 3 14 5 1 1 7 1 1 1 1 |
16292: 1 3 1 1 6 13 1 3 8 2 1 3 12 3 25 13 |14 9 1 7 4 1 1 1 9 4 1 15 23 5 6 13 |4 6 15 6 11 1 4 20 8 1 2 1 8 12 3 4 |1 2 16 1 17 1 1 13 1 13 16 7 7 15 20 1 |1 3 1 2 17 1 1 3 7 15 12 1 14 8 1 2 |2 8 3 8 1 9 1 14 10 2 3 1 9 1 1 1 |7 6 8 1 6 1 11 2 2 1 18 4 18 1 8 10 |4 8 15 1 3 2 8 17 18 9 18 1 11 1 9 5 |2 8 2 2 3 2 14 12 19 13 4 18 11 17 20 1 |1 17 18 8 1 15 3 1 1 1 17 9 13 12 60 24 |1 1 1 13 3 7 1 1 1 18 14 1 20 87 263 253 |20 1 1 2 2 8 3 14 5 1 1 7 1 1 1 1 |
16303: 1 3 1 1 6 13 1 3 8 2 1 3 12 3 25 13 |14 9 1 7 4 1 1 1 9 4 1 15 23 5 6 13 |4 6 15 6 11 1 4 20 8 1 2 1 8 12 3 4 |1 2 16 1 17 1 1 13 1 13 16 7 7 15 20 1 |1 3 1 2 17 1 1 3 7 15 12 1 14 8 1 2 |2 8 3 9 3 14 1 13 11 1 2 1 10 1 1 1 |7 6 8 1 6 1 11 2 2 1 18 4 18 1 8 10 |4 8 15 1 3 2 8 17 18 9 18 1 11 1 9 5 |2 8 2 2 3 2 14 12 19 13 4 18 11 17 20 1 |1 17 18 8 1 15 3 1 1 1 17 9 13 12 60 24 |1 1 1 13 3 7 1 1 1 18 14 1 20 87 263 253 |20 1 1 2 2 8 3 14 5 1 1 7 1 1 1 1 |
16314: 1 3 1 1 6 13 1 3 8 2 1 3 12 3 25 13 |14 9 1 7 4 1 1 1 9 4 1 15 23 5 6 13 |4 6 15 6 11 1 4 20 8 1 2 1 8 12 3 4 |1 2 16 1 17 1 1 13 1 13 16 7 7 15 20 1 |1 3 1 2 17 1 1 3 7 15 12 1 14 8 1 2 |2 8 3 9 3 14 1 13 11 1 2 1 10 1 1 1 |7 6 8 1 6 1 11 2 2 1 18 4 18 1 8 10 |4 8 15 1 3 2 8 17 18 9 18 1 11 1 9 5 |2 8 2 2 3 2 14 12 19 13 4 18 11 17 20 1 |1 17 18 8 1 15 3 1 1 1 17 9 13 12 60 24 |1 1 1 13 3 7 1 1 1 18 14 1 20 87 263 253 |20 1 1 2 2 8 3 14 5 1 1 7 1 1 1 1 |
16325: 1 3 1 1 6 13 1 3 8 2 1 3 12 3 25 13 |14 9 1 7 4 1 1 1 9 4 1 15 23 5 6 13 |4 6 15 6 11 1 4 20 8 1 2 1 8 12 3 4 |1 2 16 1 17 1 1 13 1 13 16 7 7 15 20 1 |1 2 7 14 19 1 10 2 7 16 13 1 13 10 7 6 |2 8 3 9 3 14 1 13 11 1 2 1 10 1 1 1 |7 6 8 1 6 1 11 2 2 1 18 4 18 1 8 10 |4 8 15 1 3 2 8 17 18 9 18 1 11 1 9 5 |2 8 2 2 3 2 14 12 19 13 4 18 11 17 20 1 |1 17 18 8 1 15 3 1 1 1 17 9 13 12 60 24 |1 1 1 13 3 7 1 1 1 18 14 1 20 87 263 253 |20 1 1 2 2 8 3 14 5 1 1 7 1 1 1 1 |
16335: 1 3 1 1 6 13 1 3 8 2 1 3 12 3 25 13 |14 9 1 7 4 1 1 1 9 4 1 15 23 5 6 13 |4 6 15 6 11 1 4 20 8 1 2 1 8 12 3 4 |1 2 16 1 17 1 1 13 1 13 16 7 7 15 20 1 |1 2 7 14 19 1 10 2 7 16 13 1 13 10 7 6 |1 16 1 7 1 1 2 13 1 5 3 1 9 9 1 10 |7 6 8 1 6 1 11 2 2 1 18 4 18 1 8 10 |4 8 15 1 3 2 8 17 18 9 18 1 11 1 9 5 |2 8 2 2 3 2 14 12 19 13 4 18 11 17 20 1 |1 17 18 8 1 15 3 1 1 1 17 9 13 12 60 24 |1 1 1 13 3 7 1 1 1 18 14 1 20 87 263 253 |20 1 1 2 2 8 3 14 5 1 1 7 1 1 1 1 |
16346: 1 3 1 1 6 13 1 3 8 2 1 3 12 3 25 13 |14 9 1 7 4 1 1 1 9 4 1 15 23 5 6 13 |4 6 15 6 11 1 4 20 8 1 2 1 8 12 3 4 |1 2 16 1 17 1 1 13 1 13 16 7 7 15 20 1 |1 2 7 14 19 1 10 2 7 16 13 1 13 10 7 6 |1 16 1 7 1 1 2 13 1 5 3 1 9 9 1 10 |7 6 8 1 6 1 11 2 2 1 18 4 18 1 8 10 |4 8 15 1 3 2 8 17 18 9 18 1 11 1 9 5 |2 8 2 2 3 2 14 12 19 13 4 18 11 17 20 1 |1 17 18 8 1 15 3 1 1 1 17 9 13 12 60 24 |1 1 1 13 3 7 1 1 1 18 14 1 20 87 263 253 |20 1 1 2 2 8 3 14 5 1 1 7 1 1 1 1 |
16357: 1 3 1 1 6 13 1 3 8 2 1 3 12 3 25 13 |14 9 1 7 4 1 1 1 9 4 1 15 23 5 6 13 |4 6 15 6 11 1 4 20 8 1 2 1 8 12 3 4 |1 2 16 1 17 1 1 13 1 13 16 7 7 15 20 1 |1 2 7 14 19 1 10 2 7 16 13 1 13 10 7 6 |1 16 1 7 1 1 2 13 1 5 3 1 9 9 1 10 |7 6 8 1 6 1 11 2 2 1 18 4 18 1 8 10 |4 8 15 1 3 2 8 17 18 9 18 1 11 1 9 5 |2 8 2 2 3 2 14 12 19 13 4 18 11 17 20 1 |1 17 18 8 1 15 3 1 1 1 17 9 13 12 60 24 |1 1 1 13 3 7 1 1 1 18 14 1 20 87 263 253 |20 1 1 2 2 8 3 14 5 1 1 7 1 1 1 1 |
16368: 1 3 1 1 6 13 1 3 8 2 1 3 12 3 25 13 |14 9 1 7 4 1 1 1 9 4 1 15 23 5 6 13 |4 6 15 6 11 1 4 20 8 1 2 1 8 12 3 4 |1 2 16 1 17 1 1 13 1 13 16 7 7 15 20 1 |1 2 7 14 19 1 10 2 7 16 13 1 13 10 7 6 |1 16 1 7 1 1 2 13 1 5 3 1 9 9 1 10 |7 6 8 1 6 1 11 2 2 1 18 4 18 1 8 10 |4 8 15 1 3 2 8 17 18 9 18 1 11 1 9 5 |2 8 2 2 3 2 14 12 19 13 4 18 11 17 20 1 |1 17 18 8 1 15 3 1 1 1 17 9 13 12 60 24 |1 1 1 13 3 7 1 1 1 18 14 1 20 87 263 253 |20 1 1 2 2 8 3 14 5 1 1 7 1 1 1 1 |
16379: 1 3 1 1 6 13 1 3 8 2 1 3 12 3 25 13 |14 9 1 7 4 1 1 1 9 4 1 15 23 5 6 13 |4 6 15 6 11 1 4 20 8 1 2 1 8 12 3 4 |1 2 16 1 17 1 1 13 1 13 16 7 7 15 20 1 |1 2 7 14 19 1 10 2 7 16 13 1 13 10 7 6 |1 16 1 7 1 1 2 13 1 5 3 1 9 9 1 10 |7 6 8 1 6 1 11 2 2 1 18 4 18 1 8 10 |4 8 15 1 3 2 8 17 18 9 18 1 11 1 9 5 |2 8 2 2 3 2 14 12 19 13 4 18 11 17 20 1 |1 17 18 8 1 15 3 1 1 1 17 9 13 12 60 24 |1 1 1 13 3 7 1 1 1 18 14 1 20 87 263 253 |20 1 1 2 2 8 3 14 5 1 1 7 1 1 1 1 |
16390: 1 3 1 1 6 13 1 3 8 2 1 3 12 3 25 13 |14 9 1 7 4 1 1 1 9 4 1 15 23 5 6 13 |4 6 15 6 11 1 4 20 8 1 2 1 8 12 3 4 |1 2 16 1 17 1 1 13 1 13 16 7 7 15 20 1 |1 2 7 14 19 1 10 2 7 16 13 1 13 10 7 6 |2 9 1 7 1 3 1 15 4 6 3 1 9 11 1 1 |7 6 8 1 6 1 11 2 2 1 18 4 18 1 8 10 |4 8 15 1 3 2 8 17 18 9 18 1 11 1 9 5 |2 8 2 2 3 2 14 12 19 13 4 18 11 17 20 1 |1 17 18 8 1 15 3 1 1 1 17 9 13 12 60 24 |1 1 1 13 3 7 1 1 1 18 14 1 20 87 263 253 |20 1 1 2 2 8 3 14 5 1 1 7 1 1 1 1 |
16401: 1 3 1 1 6 13 1 3 8 2 1 3 12 3 25 13 |14 9 1 7 4 1 1 1 9 4 1 15 23 5 6 13 |4 6 15 6 11 1 4 20 8 1 2 1 8 12 3 4 |1 2 16 1 17 1 1 13 1 13 16 7 7 15 20 1 |1 2 7 14 19 1 10 2 7 16 13 1 13 10 7 6 |2 9 1 7 1 3 1 15 4 6 3 1 9 11 1 1 |8 6 9 2 5 1 1 12 8 1 4 1 5 6 16 11 |4 8 15 1 3 2 8 17 18 9 18 1 11 1 9 5 |2 8 2 2 3 2 14 12 19 13 4 18 11 17 20 1 |1 17 18 8 1 15 3 1 1 1 17 9 13 12 60 24 |1 1 1 13 3 7 1 1 1 18 14 1 20 87 263 253 |20 1 1 2 2 8 3 14 5 1 1 7 1 1 1 1 |
16412: 1 3 1 1 6 13 1 3 8 2 1 3 12 3 25 13 |14 9 1 7 4 1 1 1 9 4 1 15 23 5 6 13 |4 6 15 6 11 1 4 20 8 1 2 1 8 12 3 4 |1 2 16 1 17 1 1 13 1 13 16 7 7 15 20 1 |1 2 7 14 19 1 10 2 7 16 13 1 13 10 7 6 |2 9 1 7 1 3 1 15 4 6 3 1 9 11 1 1 |8 6 9 2 5 1 1 12 8 1 4 1 5 6 16 11 |4 8 15 1 3 2 8 17 18 9 18 1 11 1 9 5 |2 8 2 2 3 2 14 12 19 13 4 18 11 17 20 1 |1 17 18 8 1 15 3 1 1 1 17 9 13 12 60 24 |1 1 1 13 3 7 1 1 1 18 14 1 20 87 263 253 |20 1 1 2 2 8 3 14 5 1 1 7 1 1 1 1 |
16423: 1 3 1 1 6 13 1 3 8 2 1 3 12 3 25 13 |14 9 1 7 4 1 1 1 9 4 1 15 23 5 6 13 |1 5 18 7 11 3 12 21 9 4 7 1 2 1 11 6 |1 2 16 1 17 1 1 13 1 13 16 7 7 15 20 1 |1 2 7 14 19 1 10 2 7 16 13 1 13 10 7 6 |2 9 1 7 1 3 1 15 4 6 3 1 9 11 1 1 |8 6 9 2 5 1 1 12 8 1 4 1 5 6 16 11 |4 8 15 1 3 2 8 17 18 9 18 1 11 1 9 5 |2 8 2 2 3 2 14 12 19 13 4 18 11 17 20 1 |1 17 18 8 1 15 3 1 1 1 17 9 13 12 60 24 |1 1 1 13 3 7 1 1 1 18 14 1 20 87 263 253 |20 1 1 2 2 8 3 14 5 1 1 7 1 1 1 1 |
16434: 1 3 1 1 6 13 1 3 8 2 1 3 12 3 25 13 |14 9 1 7 4 1 1 1 9 4 1 15 23 5 6 13 |1 5 18 7 11 3 12 21 9 4 7 1 2 1 11 6 |1 2 16 1 17 1 1 13 1 13 16 7 7 15 20 1 |1 2 7 14 19 1 10 2 7 16 13 1 13 10 7 6 |2 9 1 7 1 3 1 15 4 6 3 1 9 11 1 1 |8 6 9 2 5 1 1 12 8 1 4 1 5 6 16 11 |4 8 15 1 3 2 8 17 18 9 18 1 11 1 9 5 |2 8 2 2 3 2 14 12 19 13 4 18 11 17 20 1 |1 17 18 8 1 15 3 1 1 1 17 9 13 12 60 24 |1 1 1 13 3 7 1 1 1 18 14 1 20 87 263 253 |19 6 10 10 4 1 1 16 10 1 1 6 7 17 67 268 |
16445: 1 3 1 1 6 13 1 3 8 2 1 3 12 3 25 13 |14 9 1 7 4 1 1 1 9 4 1 15 23 5 6 13 |1 5 18 7 11 3 12 21 9 4 7 1 2 1 11 6 |1 2 16 1 17 1 1 13 1 13 16 7 7 15 20 1 |1 2 7 14 19 1 10 2 7 16 13 1 13 10 7 6 |2 9 1 7 1 3 1 15 4 6 3 1 9 11 1 1 |8 6 9 2 5 1 1 12 8 1 4 1 5 6 16 11 |4 8 15 1 3 2 8 17 18 9 18 1 11 1 9 5 |2 8 2 2 3 2 14 12 19 13 4 18 11 17 20 1 |1 17 18 8 1 15 3 1 1 1 17 9 13 12 60 24 |1 1 1 13 3 7 1 1 1 18 14 1 20 87 263 253 |19 6 10 10 4 1 1 16 10 1 1 6 7 17 67 268 |
16456: 1 3 1 1 6 13 1 3 8 2 1 3 12 3 25 13 |14 9 1 7 4 1 1 1 9 4 1 15 23 5 6 13 |6 16 1 6 11 3 12 21 8 3 8 1 1 11 10 1 |1 2 16 1 17 1 1 13 1 13 16 7 7 15 20 1 |1 2 7 14 19 1 10 2 7 16 13 1 13 10 7 6 |2 9 1 7 1 3 1 15 4 6 3 1 9 11 1 1 |8 6 9 2 5 1 1 12 8 1 4 1 5 6 16 11 |4 8 15 1 3 2 8 17 18 9 18 1 11 1 9 5 |2 8 2 2 3 2 14 12 19 13 4 18 11 17 20 1 |1 17 18 8 1 15 3 1 1 1 17 9 13 12 60 24 |1 1 1 13 3 7 1 1 1 18 14 1 20 87 263 253 |19 6 10 10 4 1 1 16 10 1 1 6 7 17 67 268 |
16467: 1 3 1 1 6 13 1 3 8 2 1 3 12 3 25 13 |14 9 1 7 4 1 1 1 9 4 1 15 23 5 6 13 |6 16 1 6 11 3 12 21 8 3 8 1 1 11 10 1 |1 2 16 1 17 1 1 13 1 13 16 7 7 15 20 1 |1 2 7 14 19 1 10 2 7 16 13 1 13 10 7 6 |2 9 1 7 1 3 1 15 4 6 3 1 9 11 1 1 |8 6 9 2 5 1 1 12 8 1 4 1 5 6 16 11 |4 8 15 1 3 2 8 17 18 9 18 1 11 1 9 5 |2 8 2 2 3 2 14 12 19 13 4 18 11 17 20 1 |1 11 18 8 3 9 1 1 1 1 4 12 11 18 61 44 |1 1 1 13 3 7 1 1 1 18 14 1 20 87 263 253 |19 6 10 10 4 1 1 16 10 1 1 6 7 17 67 268 |
16478: 1 3 1 1 6 13 1 3 8 2 1 3 12 3 25 13 |14 9 1 7 4 1 1 1 9 4 1 15 23 5 6 13 |6 16 1 6 11 3 12 21 8 3 8 1 1 11 10 1 |1 2 16 1 17 1 1 13 1 13 16 7 7 15 20 1 |1 2 7 14 19 1 10 2 7 16 13 1 13 10 7 6 |2 9 1 7 1 3 1 15 4 6 3 1 9 11 1 1 |8 6 9 2 5 1 1 12 8 1 4 1 5 6 16 11 |4 8 15 1 3 2 8 17 18 9 18 1 11 1 9 5 |2 8 2 2 3 2 14 12 19 13 4 18 11 17 20 1 |1 11 18 8 3 9 1 1 1 1 4 12 11 18 61 44 |6 2 3 16 12 8 1 1 1 6 11 10 11 19 164 294 |19 6 10 10 4 1 1 16 10 1 1 6 7 17 67 268 |
16489: 2 9 1 1 7 26 1 1 1 1 12 2 17 3 13 13 |14 9 1 7 4 1 1 1 9 4 1 15 23 5 6 13 |6 16 1 6 11 3 12 21 8 3 8 1 1 11 10 1 |1 2 16 1 17 1 1 13 1 13 16 7 7 15 20 1 |1 2 7 14 19 1 10 2 7 16 13 1 13 10 7 6 |2 9 1 7 1 3 1 15 4 6 3 1 9 11 1 1 |8 6 9 2 5 1 1 12 8 1 4 1 5 6 16 11 |4 8 15 1 3 2 8 17 18 9 18 1 11 1 9 5 |2 8 2 2 3 2 14 12 19 13 4 18 11 17 20 1 |1 11 18 8 3 9 1 1 1 1 4 12 11 18 61 44 |6 2 3 16 12 8 1 1 1 6 11 10 11 19 164 294 |19 6 10 10 4 1 1 16 10 1 1 6 7 17 67 268 |
16500: 2 9 1 1 7 26 1 1 1 1 12 2 17 3 13 13 |14 9 1 7 4 1 1 1 9 4 1 15 23 5 6 13 |6 16 1 6 11 3 12 21 8 3 8 1 1 11 10 1 |1 2 16 1 17 1 1 13 1 13 16 7 7 15 20 1 |1 2 7 14 19 1 10 2 7 16 13 1 13 10 7 6 |2 9 1 7 1 3 1 15 4 6 3 1 9 11 1 1 |8 6 9 2 5 1 1 12 8 1 4 1 5 6 16 11 |4 8 15 1 3 2 8 17 18 9 18 1 11 1 9 5 |1 8 6 1 7 2 17 7 7 19 4 19 11 16 19 4 |1 11 18 8 3 9 1 1 1 1 4 12 11 18 61 44 |6 2 3 16 12 8 1 1 1 6 11 10 11 19 164 294 |19 6 10 10 4 1 1 16 10 1 1 6 7 17 67 268 |
16511: 2 9 1 1 7 26 1 1 1 1 12 2 17 3 13 13 |14 9 1 7 4 1 1 1 9 4 1 15 23 5 6 13 |6 16 1 6 11 3 12 21 8 3 8 1 1 11 10 1 |1 2 16 1 17 1 1 13 1 13 16 7 7 15 20 1 |1 2 7 14 19 1 10 2 7 16 13 1 13 10 7 6 |2 9 1 7 1 3 1 15 4 6 3 1 9 11 1 1 |8 6 9 2 5 1 1 12 8 1 4 1 5 6 16 11 |4 8 15 1 3 2 8 17 18 9 18 1 11 1 9 5 |1 8 6 1 7 2 17 7 7 19 4 19 11 16 19 4 |1 11 18 8 3 9 1 1 1 1 4 12 11 18 61 44 |6 2 3 16 12 8 1 1 1 6 11 10 11 19 164 294 |19 6 10 10 4 1 1 16 10 1 1 6 7 17 67 268 |
16522: 2 9 1 1 7 26 1 1 1 1 12 2 17 3 13 13 |14 9 1 7 4 1 1 1 9 4 1 15 23 5 6 13 |6 16 1 6 11 3 12 21 8 3 8 1 1 11 10 1 |1 2 16 1 17 1 1 13 1 13 16 7 7 15 20 1 |1 2 7 14 19 1 10 2 7 16 13 1 13 10 7 6 |2 9 1 7 1 3 1 15 4 6 3 1 9 11 1 1 |8 6 9 2 5 1 1 12 8 1 4 1 5 6 16 11 |4 8 15 1 3 2 8 17 18 9 18 1 11 1 9 5 |1 8 6 1 7 2 17 7 7 19 4 19 11 16 19 4 |1 11 18 8 3 9 1 1 1 1 4 12 11 18 61 44 |6 2 3 16 12 8 1 1 1 6 11 10 11 19 164 294 |19 6 10 10 4 1 1 16 10 1 1 6 7 17 67 268 |
16533: 2 9 1 1 7 26 1 1 1 1 12 2 17 3 13 13 |14 9 1 7 4 1 1 1 9 4 1 15 23 5 6 13 |6 16 1 6 11 3 12 21 8 3 8 1 1 11 10 1 |1 2 16 1 17 1 1 13 1 13 16 7 7 15 20 1 |1 2 7 14 19 1 10 2 7 16 13 1 13 10 7 6 |2 9 1 7 1 3 1 15 4 6 3 1 9 11 1 1 |8 6 10 2 1 1 1 12 15 2 17 4 9 1 17 11 |4 8 15 1 3 2 8 17 18 9 18 1 11 1 9 5 |1 8 6 1 7 2 17 7 7 19 4 19 11 16 19 4 |1 11 18 8 3 9 1 1 1 1 4 12 11 18 61 44 |6 2 3 16 12 8 1 1 1 6 11 10 11 19 164 294 |19 6 10 10 4 1 1 16 10 1 1 6 7 17 67 268 |
16544: 2 9 1 1 7 26 1 1 1 1 12 2 17 3 13 13 |14 9 1 7 4 1 1 1 9 4 1 15 23 5 6 13 |6 16 1 6 11 3 12 21 8 3 8 1 1 11 10 1 |1 2 16 1 17 1 1 13 1 13 16 7 7 15 20 1 |1 2 7 14 19 1 10 2 7 16 13 1 13 10 7 6 |2 9 1 7 1 3 1 15 4 6 3 1 9 11 1 1 |8 6 10 2 1 1 1 12 15 2 17 4 9 1 17 11 |4 8 15 1 3 2 8 17 18 9 18 1 11 1 9 5 |1 8 6 1 7 2 17 7 7 19 4 19 11 16 19 4 |1 11 18 8 3 9 1 1 1 1 4 12 11 18 61 44 |6 2 3 16 12 8 1 1 1 6 11 10 11 19 164 294 |19 6 10 10 4 1 1 16 10 1 1 6 7 17 67 268 |
16555: 2 9 1 1 7 26 1 1 1 1 12 2 17 3 13 13 |14 9 1 7 4 1 1 1 9 4 1 15 23 5 6 13 |6 16 1 6 11 3 12 21 8 3 8 1 1 11 10 1 |1 2 16 1 17 1 1 13 1 13 16 7 7 15 20 1 |1 2 7 14 19 1 10 2 7 16 13 1 13 10 7 6 |2 9 1 7 1 3 1 15 4 6 3 1 9 11 1 1 |8 6 10 2 1 1 1 12 15 2 17 4 9 1 17 11 |4 8 15 1 3 2 8 17 18 9 18 1 11 1 9 5 |1 8 6 1 7 2 17 7 7 19 4 19 11 16 19 4 |1 11 18 8 3 9 1 1 1 1 4 12 11 18 61 44 |6 2 3 16 12 8 1 1 1 6 11 10 11 19 164 294 |19 6 10 10 4 1 1 16 10 1 1 6 7 17 67 268 |
16566: 2 9 1 1 7 26 1 1 1 1 12 2 17 3 13 13 |14 9 1 7 4 1 1 1 9 4 1 15 23 5 6 13 |6 16 1 6 11 3 12 21 8 3 8 1 1 11 10 1 |1 2 16 1 17 1 1 13 1 13 16 7 7 15 20 1 |1 2 7 14 19 1 10 2 7 16 13 1 13 10 7 6 |2 9 1 7 1 3 1 15 4 6 3 1 9 11 1 1 |8 6 10 2 1 1 1 12 15 2 17 4 9 1 17 11 |4 8 15 1 3 2 8 17 18 9 18 1 11 1 9 5 |1 8 6 1 7 2 17 7 7 19 4 19 11 16 19 4 |1 11 18 8 3 9 1 1 1 1 4 12 11 18 61 44 |6 2 3 16 12 8 1 1 1 6 11 10 11 19 164 294 |19 6 10 10 4 1 1 16 10 1 1 6 7 17 67 268 |
16577: 2 9 1 1 7 26 1 1 1 1 12 2 17 3 13 13 |14 9 1 7 4 1 1 1 9 4 1 15 23 5 6 13 |6 16 1 6 11 3 12 21 8 3 8 1 1 11 10 1 |1 2 16 1 17 1 1 13 1 13 16 7 7 15 20 1 |1 2 7 14 19 1 10 2 7 16 13 1 13 10 7 6 |2 9 1 7 1 3 1 15 4 6 3 1 9 11 1 1 |8 6 10 2 1 1 1 12 15 2 17 4 9 1 17 11 |4 8 15 1 3 2 8 17 18 9 18 1 11 1 9 5 |1 8 6 1 7 2 17 7 7 19 4 19 11 16 19 4 |1 11 18 8 3 9 1 1 1 1 4 12 11 18 61 44 |6 2 3 16 12 8 1 1 1 6 11 10 11 19 164 294 |19 6 10 10 4 1 1 16 10 1 1 6 7 17 67 268 |
16588: 2 9 1 1 7 26 1 1 1 1 12 2 17 3 13 13 |14 9 1 7 4 1 1 1 9 4 1 15 23 5 6 13 |6 16 1 6 11 3 12 21 8 3 8 1 1 11 10 1 |1 2 16 1 17 1 1 13 1 13 16 7 7 15 20 1 |1 2 7 14 19 1 10 2 7 16 13 1 13 10 7 6 |2 9 1 7 1 3 1 15 4 6 3 1 9 11 1 1 |8 6 10 2 1 1 1 12 15 2 17 4 9 1 17 11 |4 8 15 1 3 2 8 17 18 9 18 1 11 1 9 5 |1 8 6 1 7 2 17 7 7 19 4 19 11 16 19 4 |1 11 18 8 3 9 1 1 1 1 4 12 11 18 61 44 |6 2 3 16 12 8 1 1 1 6 11 10 11 19 164 294 |19 6 10 10 4 1 1 16 10 1 1 6 7 17 67 268 |
16599: 2 9 1 1 7 26 1 1 1 1 12 2 17 3 13 13 |14 9 1 7 4 1 1 1 9 4 1 15 23 5 6 13 |6 16 1 6 11 3 12 21 8 3 8 1 1 11 10 1 |1 2 16 1 17 1 1 13 1 13 16 7 7 15 20 1 |1 2 7 14 19 1 10 2 7 16 13 1 13 10 7 6 |1 8 3 6 1 1 1 13 11 1 2 1 9 1 1 1 |8 6 10 2 1 1 1 12 15 2 17 4 9 1 17 11 |4 8 15 1 3 2 8 17 18 9 18 1 11 1 9 5 |1 8 6 1 7 2 17 7 7 19 4 19 11 16 19 4 |1 11 18 8 3 9 1 1 1 1 4 12 11 18 61 44 |6 2 3 16 12 8 1 1 1 6 11 10 11 19 164 294 |19 6 10 10 4 1 1 16 10 1 1 6 7 17 67 268 |
16610: 2 9 1 1 7 26 1 1 1 1 12 2 17 3 13 13 |14 9 1 7 4 1 1 1 9 4 1 15 23 5 6 13 |6 16 1 6 11 3 12 21 8 3 8 1 1 11 10 1 |1 2 16 1 17 1 1 13 1 13 16 7 7 15 20 1 |1 2 7 14 19 1 10 2 7 16 13 1 13 10 7 6 |1 8 3 6 1 1 1 13 11 1 2 1 9 1 1 1 |8 6 10 2 1 1 1 12 15 2 17 4 9 1 17 11 |4 8 15 1 3 2 8 17 18 9 18 1 11 1 9 5 |1 8 6 1 7 2 17 7 7 19 4 19 11 16 19 4 |1 11 18 8 3 9 1 1 1 1 4 12 11 18 61 44 |6 2 3 16 12 8 1 1 1 6 11 10 11 19 164 294 |19 6 10 10 4 1 1 16 10 1 1 6 7 17 67 268 |
16621: 2 9 1 1 7 26 1 1 1 1 12 2 17 3 13 13 |14 9 1 7 4 1 1 1 9 4 1 15 23 5 6 13 |6 16 1 6 11 3 12 21 8 3 8 1 1 11 10 1 |1 2 16 1 17 1 1 13 1 13 16 7 7 15 20 1 |1 2 7 14 19 1 10 2 7 16 13 1 13 10 7 6 |1 8 3 6 1 1 1 13 11 1 2 1 9 1 1 1 |8 6 10 2 1 1 1 12 15 2 17 4 9 1 17 11 |4 8 15 1 3 2 8 17 18 9 18 1 11 1 9 5 |1 8 6 1 7 2 17 7 7 19 4 19 11 16 19 4 |1 11 18 8 3 9 1 1 1 1 4 12 11 18 61 44 |6 2 3 16 12 8 1 1 1 6 11 10 11 19 164 294 |19 6 10 10 4 1 1 16 10 1 1 6 7 17 67 268 |
16632: 2 9 1 1 7 26 1 1 1 1 12 2 17 3 13 13 |14 9 1 7 4 1 1 1 9 4 1 15 23 5 6 13 |6 16 1 6 11 3 12 21 8 3 8 1 1 11 10 1 |1 2 16 1 17 1 1 13 1 13 16 7 7 15 20 1 |1 2 7 14 19 1 10 2 7 16 13 1 13 10 7 6 |1 8 3 7 4 5 1 13 11 1 1 1 1 1 1 1 |8 6 10 2 1 1 1 12 15 2 17 4 9 1 17 11 |4 8 15 1 3 2 8 17 18 9 18 1 11 1 9 5 |1 8 6 1 7 2 17 7 7 19 4 19 11 16 19 4 |1 11 18 8 3 9 1 1 1 1 4 12 11 18 61 44 |6 2 3 16 12 8 1 1 1 6 11 10 11 19 164 294 |19 6 10 10 4 1 1 16 10 1 1 6 7 17 67 268 |
16643: 2 9 1 1 7 26 1 1 1 1 12 2 17 3 13 13 |14 9 1 7 4 1 1 1 9 4 1 15 23 5 6 13 |6 16 1 6 11 3 12 21 8 3 8 1 1 11 10 1 |1 2 16 1 17 1 1 13 1 13 16 7 7 15 20 1 |1 2 7 14 19 1 10 2 7 16 13 1 13 10 7 6 |1 8 3 7 4 5 1 13 11 1 1 1 1 1 1 1 |8 6 10 2 1 1 1 12 15 2 17 4 9 1 17 11 |4 8 15 1 3 2 8 17 18 9 18 1 11 1 9 5 |1 8 6 1 7 2 17 7 7 19 4 19 11 16 19 4 |1 11 18 8 3 9 1 1 1 1 4 12 11 18 61 44 |6 2 3 16 12 8 1 1 1 6 11 10 11 19 164 294 |19 6 10 10 4 1 1 16 10 1 1 6 7 17 67 268 |
16654: 2 9 1 1 7 26 1 1 1 1 12 2 17 3 13 13 |14 9 1 7 4 1 1 1 9 4 1 15 23 5 6 13 |6 16 1 6 11 3 12 21 8 3 8 1 1 11 10 1 |1 2 16 1 17 1 1 13 1 13 16 7 7 15 20 1 |1 2 7 14 19 1 10 2 7 16 13 1 13 10 7 6 |1 8 3 7 4 5 1 13 11 1 1 1 1 1 1 1 |8 6 10 2 1 1 1 12 15 2 17 4 9 1 17 11 |4 8 15 1 3 2 8 17 18 9 18 1 11 1 9 5 |1 8 6 1 7 2 17 7 7 19 4 19 11 16 19 4 |1 11 18 8 3 9 1 1 1 1 4 12 11 18 61 44 |6 2 3 16 12 8 1 1 1 6 11 10 11 19 164 294 |19 6 10 10 4 1 1 16 10 1 1 6 7 17 67 268 |
16665: 2 9 1 1 7 26 1 1 1 1 12 2 17 3 13 13 |14 9 1 7 4 1 1 1 9 4 1 15 23 5 6 13 |6 16 1 6 11 3 12 21 8 3 8 1 1 11 10 1 |1 2 16 1 17 1 1 13 1 13 16 7 7 15 20 1 |1 1 1 10 5 1 1 3 6 11 6 3 5 8 1 2 |1 8 3 7 4 5 1 13 11 1 1 1 1 1 1 1 |8 6 10 2 1 1 1 12 15 2 17 4 9 1 17 11 |4 8 15 1 3 2 8 17 18 9 18 1 11 1 9 5 |1 8 6 1 7 2 17 7 7 19 4 19 11 16 19 4 |1 11 18 8 3 9 1 1 1 1 4 12 11 18 61 44 |6 2 3 16 12 8 1 1 1 6 11 10 11 19 164 294 |19 6 10 10 4 1 1 16 10 1 1 6 7 17 67 268 |
16676: 2 9 1 1 7 26 1 1 1 1 12 2 17 3 13 13 |14 9 1 7 4 1 1 1 9 4 1 15 23 5 6 13 |6 16 1 6 11 3 12 21 8 3 8 1 1 11 10 1 |1 2 16 1 17 1 1 13 1 13 16 7 7 15 20 1 |1 1 1 10 5 1 1 3 6 11 6 3 5 8 1 2 |1 8 3 7 4 5 1 13 11 1 1 1 1 1 1 1 |8 6 10 2 1 1 1 12 15 2 17 4 9 1 17 11 |4 8 15 1 3 2 8 17 18 9 18 1 11 1 9 5 |1 8 6 1 7 2 17 7 7 19 4 19 11 16 19 4 |1 11 18 8 3 9 1 1 1 1 4 12 11 18 61 44 |6 2 3 16 12 8 1 1 1 6 11 10 11 19 164 294 |19 6 10 10 4 1 1 16 10 1 1 6 7 17 67 268 |
16687: 2 9 1 1 7 26 1 1 1 1 12 2 17 3 13 13 |14 9 1 7 4 1 1 1 9 4 1 15 23 5 6 13 |6 16 1 6 11 3 12 21 8 3 8 1 1 11 10 1 |1 2 16 1 17 1 1 13 1 13 16 7 7 15 20 1 |1 1 1 10 5 1 1 3 6 11 6 3 5 8 1 2 |1 8 3 7 4 5 1 13 11 1 1 1 1 1 1 1 |8 6 10 2 1 1 1 12 15 2 17 4 9 1 17 11 |4 8 15 1 3 2 8 17 18 9 18 1 11 1 9 5 |1 8 6 1 7 2 17 7 7 19 4 19 11 16 19 4 |1 11 18 8 3 9 1 1 1 1 4 12 11 18 61 44 |6 2 3 16 12 8 1 1 1 6 11 10 11 19 164 294 |19 6 10 10 4 1 1 16 10 1 1 6 7 17 67 268 |
16698: 2 9 1 1 7 26 1 1 1 1 12 2 17 3 13 13 |14 9 1 7 4 1 1 1 9 4 1 15 23 5 6 13 |6 16 1 6 11 3 12 21 8 3 8 1 1 11 10 1 |1 2 16 1 17 1 1 13 1 13 16 7 7 15 20 1 |1 1 1 2 6 1 1 3 7 11 1 1 1 1 1 2 |1 8 3 7 4 5 1 13 11 1 1 1 1 1 1 1 |8 6 10 2 1 1 1 12 15 2 17 4 9 1 17 11 |4 8 15 1 3 2 8 17 18 9 18 1 11 1 9 5 |1 8 6 1 7 2 17 7 7 19 4 19 11 16 19 4 |1 11 18 8 3 9 1 1 1 1 4 12 11 18 61 44 |6 2 3 16 12 8 1 1 1 6 11 10 11 19 164 294 |19 6 10 10 4 1 1 16 10 1 1 6 7 17 67 268 |
16708: 2 9 1 1 7 26 1 1 1 1 12 2 17 3 13 13 |14 9 1 7 4 1 1 1 9 4 1 15 23 5 6 13 |6 16 1 6 11 3 12 21 8 3 8 1 1 11 10 1 |1 2 16 1 17 1 1 13 1 13 16 7 7 15 20 1 |1 1 1 2 6 1 1 3 7 11 1 1 1 1 1 2 |1 8 3 7 4 5 1 13 11 1 1 1 1 1 1 1 |8 6 10 2 1 1 1 12 15 2 17 4 9 1 17 11 |4 8 15 1 3 2 8 17 18 9 18 1 11 1 9 5 |1 8 6 1 7 2 17 7 7 19 4 19 11 16 19 4 |1 11 18 8 3 9 1 1 1 1 4 12 11 18 61 44 |6 2 3 16 12 8 1 1 1 6 11 10 11 19 164 294 |19 6 10 10 4 1 1 16 10 1 1 6 7 17 67 268 |
16719: 2 9 1 1 7 26 1 1 1 1 12 2 17 3 13 13 |14 9 1 7 4 1 1 1 9 4 1 15 23 5 6 13 |6 16 1 6 11 3 12 21 8 3 8 1 1 11 10 1 |1 2 16 1 17 1 1 13 1 13 16 7 7 15 20 1 |1 1 1 2 6 1 1 3 7 11 1 1 1 1 1 2 |1 8 3 7 4 5 1 13 11 1 1 1 1 1 1 1 |8 6 10 2 1 1 1 12 15 2 17 4 9 1 17 11 |4 8 15 1 3 2 8 17 18 9 18 1 11 1 9 5 |1 8 6 1 7 2 17 7 7 19 4 19 11 16 19 4 |1 11 18 8 3 9 1 1 1 1 4 12 11 18 61 44 |6 2 3 16 12 8 1 1 1 6 11 10 11 19 164 294 |19 6 10 10 4 1 1 16 10 1 1 6 7 17 67 268 |
16730: 2 9 1 1 7 26 1 1 1 1 12 2 17 3 13 13 |14 9 1 7 4 1 1 1 9 4 1 15 23 5 6 13 |6 16 1 6 11 3 12 21 8 3 8 1 1 11 10 1 |1 2 16 1 17 1 1 13 1 13 16 7 7 15 20 1 |1 1 1 2 6 1 1 3 7 11 1 1 1 1 1 2 |1 8 3 7 4 5 1 13 11 1 1 1 1 1 1 1 |8 6 10 2 1 1 1 12 15 2 17 4 9 1 17 11 |4 8 15 1 3 2 8 17 18 9 18 1 11 1 9 5 |1 8 6 1 7 2 17 7 7 19 4 19 11 16 19 4 |1 11 18 8 3 9 1 1 1 1 4 12 11 18 61 44 |6 2 3 16 12 8 1 1 1 6 11 10 11 19 164 294 |19 6 10 10 4 1 1 16 10 1 1 6 7 17 67 268 |
16741: 2 9 1 1 7 26 1 1 1 1 12 2 17 3 13 13 |14 9 1 7 4 1 1 1 9 4 1 15 23 5 6 13 |6 16 1 6 11 3 12 21 8 3 8 1 1 11 10 1 |1 2 16 1 17 1 1 13 1 13 16 7 7 15 20 1 |1 1 1 2 6 1 1 3 7 11 1 1 1 1 1 2 |1 8 3 7 4 5 1 13 11 1 1 1 1 1 1 1 |8 6 10 2 1 1 1 12 15 2 17 4 9 1 17 11 |4 8 15 1 3 2 8 17 18 9 18 1 11 1 9 5 |1 8 6 1 7 2 17 7 7 19 4 19 11 16 19 4 |1 11 18 8 3 9 1 1 1 1 4 12 11 18 61 44 |6 2 3 16 12 8 1 1 1 6 11 10 11 19 164 294 |19 6 10 10 4 1 1 16 10 1 1 6 7 17 67 268 |
16752: 2 9 1 1 7 26 1 1 1 1 12 2 17 3 13 13 |14 9 1 7 4 1 1 1 9 4 1 15 23 5 6 13 |6 16 1 6 11 3 12 21 8 3 8 1 1 11 10 1 |1 2 16 1 17 1 1 13 1 13 16 7 7 15 20 1 |1 1 1 2 6 1 1 3 7 11 1 1 1 1 1 2 |1 8 3 7 4 5 1 13 11 1 1 1 1 1 1 1 |8 6 10 2 1 1 1 12 15 2 17 4 9 1 17 11 |4 8 15 1 3 2 8 17 18 9 18 1 11 1 9 5 |1 8 6 1 7 2 17 7 7 19 4 19 11 16 19 4 |1 11 18 8 3 9 1 1 1 1 4 12 11 18 61 44 |6 2 3 16 12 8 1 1 1 6 11 10 11 19 164 294 |19 6 10 10 4 1 1 16 10 1 1 6 7 17 67 268 |
16763: 2 9 1 1 7 26 1 1 1 1 12 2 17 3 13 13 |14 9 1 7 4 1 1 1 9 4 1 15 23 5 6 13 |6 16 1 6 11 3 12 21 8 3 8 1 1 11 10 1 |1 2 16 1 17 1 1 13 1 13 16 7 7 15 20 1 |1 1 1 2 6 1 1 3 7 11 1 1 1 1 1 2 |1 8 3 7 4 5 1 13 11 1 1 1 1 1 1 1 |8 6 10 2 1 1 1 12 15 2 17 4 9 1 17 11 |3 13 1 1 1 1 8 16 16 1 13 4 8 1 5 13 |1 8 6 1 7 2 17 7 7 19 4 19 11 16 19 4 |1 11 18 8 3 9 1 1 1 1 4 12 11 18 61 44 |6 2 3 16 12 8 1 1 1 6 11 10 11 19 164 294 |19 6 10 10 4 1 1 16 10 1 1 6 7 17 67 268 |
16774: 2 9 1 1 7 26 1 1 1 1 12 2 17 3 13 13 |14 9 1 7 4 1 1 1 9 4 1 15 23 5 6 13 |6 16 1 6 11 3 12 21 8 3 8 1 1 11 10 1 |1 2 16 1 17 1 1 13 1 13 16 7 7 15 20 1 |1 1 1 2 6 1 1 3 7 11 1 1 1 1 1 2 |1 8 3 7 4 5 1 13 11 1 1 1 1 1 1 1 |8 6 10 2 1 1 1 12 15 2 17 4 9 1 17 11 |3 13 1 1 1 1 8 16 16 1 13 4 8 1 5 13 |2 8 1 1 4 1 11 6 17 4 2 11 1 1 7 6 |1 11 18 8 3 9 1 1 1 1 4 12 11 18 61 44 |6 2 3 16 12 8 1 1 1 6 11 10 11 19 164 294 |19 6 10 10 4 1 1 16 10 1 1 6 7 17 67 268 |
16785: 2 9 1 1 7 26 1 1 1 1 12 2 17 3 13 13 |14 9 1 7 4 1 1 1 9 4 1 15 23 5 6 13 |6 16 1 6 11 3 12 21 8 3 8 1 1 11 10 1 |1 2 16 1 17 1 1 13 1 13 16 7 7 15 20 1 |1 1 1 2 6 1 1 3 7 11 1 1 1 1 1 2 |1 8 3 7 4 5 1 13 11 1 1 1 1 1 1 1 |8 6 10 2 1 1 1 12 15 2 17 4 9 1 17 11 |3 13 1 1 1 1 8 16 16 1 13 4 8 1 5 13 |2 8 1 1 4 1 11 6 17 4 2 11 1 1 7 6 |1 11 18 8 3 9 1 1 1 1 4 12 11 18 61 44 |6 2 3 16 12 8 1 1 1 6 11 10 11 19 164 294 |19 6 10 10 4 1 1 16 10 1 1 6 7 17 67 268 |
16796: 2 9 1 1 7 26 1 1 1 1 12 2 17 3 13 13 |14 9 1 7 4 1 1 1 9 4 1 15 23 5 6 13 |6 16 1 6 11 3 12 21 8 3 8 1 1 11 10 1 |1 2 16 1 17 1 1 13 1 13 16 7 7 15 20 1 |1 1 1 2 6 1 1 3 7 11 1 1 1 1 1 2 |1 8 3 7 4 5 1 13 11 1 1 1 1 1 1 1 |8 6 10 2 1 1 1 12 15 2 17 4 9 1 17 11 |3 13 1 1 1 1 8 16 16 1 13 4 8 1 5 13 |2 8 1 1 4 1 11 6 17 4 2 11 1 1 7 6 |1 11 18 8 3 9 1 1 1 1 4 12 11 18 61 44 |6 2 3 16 12 8 1 1 1 6 11 10 11 19 164 294 |19 6 10 10 4 1 1 16 10 1 1 6 7 17 67 268 |
16807: 2 9 1 1 7 26 1 1 1 1 12 2 17 3 13 13 |14 9 1 7 4 1 1 1 9 4 1 15 23 5 6 13 |6 16 1 6 11 3 12 21 8 3 8 1 1 11 10 1 |1 2 16 1 17 1 1 13 1 13 16 7 7 15 20 1 |1 1 1 2 6 1 1 3 7 11 1 1 1 1 1 2 |1 8 3 7 4 5 1 13 11 1 1 1 1 1 1 1 |8 6 10 2 1 1 1 12 15 2 17 4 9 1 17 11 |3 13 1 1 1 1 8 16 16 1 13 4 8 1 5 13 |2 8 1 1 4 1 11 6 17 4 2 11 1 1 7 6 |1 11 18 8 3 9 1 1 1 1 4 12 11 18 61 44 |6 2 3 16 12 8 1 1 1 6 11 10 11 19 164 294 |19 6 10 10 4 1 1 16 10 1 1 6 7 17 67 268 |
16818: 2 9 1 1 7 26 1 1 1 1 12 2 17 3 13 13 |14 9 1 7 4 1 1 1 9 4 1 15 23 5 6 13 |6 16 1 6 11 3 12 21 8 3 8 1 1 11 10 1 |1 2 16 1 17 1 1 13 1 13 16 7 7 15 20 1 |1 1 1 2 6 1 1 3 7 11 1 1 1 1 1 2 |1 8 3 7 4 5 1 13 11 1 1 1 1 1 1 1 |8 6 10 2 1 1 1 12 15 2 17 4 9 1 17 11 |3 13 1 1 1 1 8 16 16 1 13 4 8 1 5 13 |2 8 1 1 4 1 11 6 17 4 2 11 1 1 7 6 |1 11 18 8 3 9 1 1 1 1 4 12 11 18 61 44 |6 2 3 16 12 8 1 1 1 6 11 10 11 19 164 294 |19 6 10 10 4 1 1 16 10 1 1 6 7 17 67 268 |
16829: 2 9 1 1 7 26 1 1 1 1 12 2 17 3 13 13 |14 9 1 7 4 1 1 1 9 4 1 15 23 5 6 13 |6 16 1 6 11 3 12 21 8 3 8 1 1 11 10 1 |1 2 16 1 17 1 1 13 1 13 16 7 7 15 20 1 |1 1 1 2 6 1 1 3 7 11 1 1 1 1 1 2 |1 8 3 7 4 5 1 13 11 1 1 1 1 1 1 1 |8 6 1 1 6 1 1 12 8 1 17 3 17 1 2 1 |3 13 1 1 1 1 8 16 16 1 13 4 8 1 5 13 |2 8 1 1 4 1 11 6 17 4 2 11 1 1 7 6 |1 11 18 8 3 9 1 1 1 1 4 12 11 18 61 44 |6 2 3 16 12 8 1 1 1 6 11 10 11 19 164 294 |19 6 10 10 4 1 1 16 10 1 1 6 7 17 67 268 |
16840: 2 9 1 1 7 26 1 1 1 1 12 2 17 3 13 13 |14 9 1 7 4 1 1 1 9 4 1 15 23 5 6 13 |6 16 1 6 11 3 12 21 8 3 8 1 1 11 10 1 |1 2 16 1 17 1 1 13 1 13 16 7 7 15 20 1 |1 1 1 2 6 1 1 3 7 11 1 1 1 1 1 2 |1 8 3 7 4 5 1 13 11 1 1 1 1 1 1 1 |8 6 1 1 6 1 1 12 8 1 17 3 17 1 2 1 |1 13 1 1 1 2 8 16 16 1 5 4 8 1 1 13 |2 8 1 1 4 1 11 6 17 4 2 11 1 1 7 6 |1 11 18 8 3 9 1 1 1 1 4 12 11 18 61 44 |6 2 3 16 12 8 1 1 1 6 11 10 11 19 164 294 |19 6 10 10 4 1 1 16 10 1 1 6 7 17 67 268 |
16851: 2 9 1 1 7 26 1 1 1 1 12 2 17 3 13 13 |14 9 1 7 4 1 1 1 9 4 1 15 23 5 6 13 |6 16 1 6 11 3 12 21 8 3 8 1 1 11 10 1 |1 2 16 1 17 1 1 13 1 13 16 7 7 15 20 1 |1 1 1 2 6 1 1 3 7 11 1 1 1 1 1 2 |1 8 3 7 4 5 1 13 11 1 1 1 1 1 1 1 |8 6 1 1 6 1 1 12 8 1 17 3 17 1 2 1 |1 13 1 1 1 2 8 16 16 1 5 4 8 1 1 13 |2 8 1 1 4 1 11 6 17 4 2 11 1 1 7 6 |1 11 18 8 3 9 1 1 1 1 4 12 11 18 61 44 |6 2 3 16 12 8 1 1 1 6 11 10 11 19 164 294 |19 6 10 10 4 1 1 16 10 1 1 6 7 17 67 268 |
16862: 2 9 1 1 7 26 1 1 1 1 12 2 17 3 13 13 |14 9 1 7 4 1 1 1 9 4 1 15 23 5 6 13 |6 16 1 6 11 3 12 21 8 3 8 1 1 11 10 1 |1 2 16 1 17 1 1 13 1 13 16 7 7 15 20 1 |1 1 1 2 6 1 1 3 7 11 1 1 1 1 1 2 |1 8 3 7 4 5 1 13 11 1 1 1 1 1 1 1 |8 6 1 1 6 1 1 12 8 1 17 3 17 1 2 1 |1 13 1 1 1 2 8 16 16 1 5 4 8 1 1 13 |2 8 1 1 4 1 11 6 17 4 2 11 1 1 7 6 |1 11 18 8 3 9 1 1 1 1 4 12 11 18 61 44 |6 2 3 16 12 8 1 1 1 6 11 10 11 19 164 294 |19 6 10 10 4 1 1 16 10 1 1 6 7 17 67 268 |
16873: 2 9 1 1 7 26 1 1 1 1 12 2 17 3 13 13 |14 9 1 7 4 1 1 1 9 4 1 15 23 5 6 13 |6 16 1 6 11 3 12 21 8 3 8 1 1 11 10 1 |1 2 16 1 17 1 1 13 1 13 16 7 7 15 20 1 |1 1 1 2 6 1 1 3 7 11 1 1 1 1 1 2 |1 8 3 7 4 5 1 13 11 1 1 1 1 1 1 1 |8 6 1 1 6 1 1 12 8 1 17 3 17 1 2 1 |1 13 1 1 1 2 8 16 16 1 5 4 8 1 1 13 |2 8 1 1 4 1 11 6 17 4 2 11 1 1 7 6 |1 11 18 8 3 9 1 1 1 1 4 12 11 18 61 44 |6 2 3 16 12 8 1 1 1 6 11 10 11 19 164 294 |19 6 10 10 4 1 1 16 10 1 1 6 7 17 67 268 |
16884: 2 9 1 1 7 26 1 1 1 1 12 2 17 3 13 13 |14 9 1 7 4 1 1 1 9 4 1 15 23 5 6 13 |6 16 1 6 11 3 12 21 8 3 8 1 1 11 10 1 |1 2 16 1 17 1 1 13 1 13 16 7 7 15 20 1 |1 1 1 2 6 1 1 3 7 11 1 1 1 1 1 2 |1 8 3 7 4 5 1 13 11 1 1 1 1 1 1 1 |8 6 1 1 6 1 1 12 8 1 17 3 17 1 2 1 |1 13 1 1 1 2 8 16 16 1 5 4 8 1 1 13 |2 8 1 1 4 1 11 6 17 4 2 11 1 1 7 6 |1 11 18 8 3 9 1 1 1 1 4 12 11 18 61 44 |6 2 3 16 12 8 1 1 1 6 11 10 11 19 164 294 |19 6 10 10 4 1 1 16 10 1 1 6 7 17 67 268 |
16895: 2 9 1 1 7 26 1 1 1 1 12 2 17 3 13 13 |14 9 1 7 4 1 1 1 9 4 1 15 23 5 6 13 |3 14 15 12 7 1 5 18 3 1 6 1 5 1 1 4 |1 2 16 1 17 1 1 13 1 13 16 7 7 15 20 1 |1 1 1 2 6 1 1 3 7 11 1 1 1 1 1 2 |1 8 3 7 4 5 1 13 11 1 1 1 1 1 1 1 |8 6 1 1 6 1 1 12 8 1 17 3 17 1 2 1 |1 13 1 1 1 2 8 16 16 1 5 4 8 1 1 13 |2 8 1 1 4 1 11 6 17 4 2 11 1 1 7 6 |1 11 18 8 3 9 1 1 1 1 4 12 11 18 61 44 |6 2 3 16 12 8 1 1 1 6 11 10 11 19 164 294 |19 6 10 10 4 1 1 16 10 1 1 6 7 17 67 268 |
16906: 2 9 1 1 7 26 1 1 1 1 12 2 17 3 13 13 |14 9 1 7 4 1 1 1 9 4 1 15 23 5 6 13 |3 14 15 12 7 1 5 18 3 1 6 1 5 1 1 4 |1 9 11 2 16 2 1 11 1 13 15 1 1 1 1 1 |1 1 1 2 6 1 1 3 7 11 1 1 1 1 1 2 |1 8 3 7 4 5 1 13 11 1 1 1 1 1 1 1 |8 6 1 1 6 1 1 12 8 1 17 3 17 1 2 1 |1 13 1 1 1 2 8 16 16 1 5 4 8 1 1 13 |2 8 1 1 4 1 11 6 17 4 2 11 1 1 7 6 |1 11 18 8 3 9 1 1 1 1 4 12 11 18 61 44 |6 2 3 16 12 8 1 1 1 6 11 10 11 19 164 294 |19 6 10 10 4 1 1 16 10 1 1 6 7 17 67 268 |
16917: 2 9 1 1 7 26 1 1 1 1 12 2 17 3 13 13 |14 9 1 7 4 1 1 1 9 4 1 15 23 5 6 13 |3 14 15 12 7 1 5 18 3 1 6 1 5 1 1 4 |1 9 11 2 16 2 1 11 1 13 15 1 1 1 1 1 |1 1 1 2 6 1 1 3 7 11 1 1 1 1 1 2 |1 8 3 7 4 5 1 13 11 1 1 1 1 1 1 1 |8 6 1 1 6 1 1 12 8 1 17 3 17 1 2 1 |1 13 1 1 1 2 8 16 16 1 5 4 8 1 1 13 |2 8 1 1 4 1 11 6 17 4 2 11 1 1 7 6 |1 11 18 8 3 9 1 1 1 1 4 12 11 18 61 44 |6 2 3 16 12 8 1 1 1 6 11 10 11 19 164 294 |19 6 10 10 4 1 1 16 10 1 1 6 7 17 67 268 |
16928: 2 9 1 1 7 26 1 1 1 1 12 2 17 3 13 13 |14 9 1 7 4 1 1 1 9 4 1 15 23 5 6 13 |3 14 15 12 7 1 5 18 3 1 6 1 5 1 1 4 |1 2 14 1 18 1 1 13 1 13 12 1 1 1 1 1 |1 1 1 2 6 1 1 3 7 11 1 1 1 1 1 2 |1 8 3 7 4 5 1 13 11 1 1 1 1 1 1 1 |8 6 1 1 6 1 1 12 8 1 17 3 17 1 2 1 |1 13 1 1 1 2 8 16 16 1 5 4 8 1 1 13 |2 8 1 1 4 1 11 6 17 4 2 11 1 1 7 6 |1 11 18 8 3 9 1 1 1 1 4 12 11 18 61 44 |6 2 3 16 12 8 1 1 1 6 11 10 11 19 164 294 |19 6 10 10 4 1 1 16 10 1 1 6 7 17 67 268 |
16939: 2 9 1 1 7 26 1 1 1 1 12 2 17 3 13 13 |14 9 1 7 4 1 1 1 9 4 1 15 23 5 6 13 |3 14 15 12 7 1 5 18 3 1 6 1 5 1 1 4 |1 2 14 1 18 1 1 13 1 13 12 1 1 1 1 1 |1 1 1 9 2 2 2 3 2 9 5 1 1 7 1 3 |1 8 3 7 4 5 1 13 11 1 1 1 1 1 1 1 |8 6 1 1 6 1 1 12 8 1 17 3 17 1 2 1 |1 13 1 1 1 2 8 16 16 1 5 4 8 1 1 13 |2 8 1 1 4 1 11 6 17 4 2 11 1 1 7 6 |1 11 18 8 3 9 1 1 1 1 4 12 11 18 61 44 |6 2 3 16 12 8 1 1 1 6 11 10 11 19 164 294 |19 6 10 10 4 1 1 16 10 1 1 6 7 17 67 268 |
16950: 2 9 1 1 7 26 1 1 1 1 12 2 17 3 13 13 |14 9 1 7 4 1 1 1 9 4 1 15 23 5 6 13 |3 14 15 12 7 1 5 18 3 1 6 1 5 1 1 4 |1 2 14 1 18 1 1 13 1 13 12 1 1 1 1 1 |1 1 1 9 2 2 2 3 2 9 5 1 1 7 1 3 |1 8 3 7 4 5 1 13 11 1 1 1 1 1 1 1 |8 6 1 1 6 1 1 12 8 1 17 3 17 1 2 1 |1 13 1 1 1 2 8 16 16 1 5 4 8 1 1 13 |2 8 1 1 4 1 11 6 17 4 2 11 1 1 7 6 |1 11 18 8 3 9 1 1 1 1 4 12 11 18 61 44 |6 2 3 16 12 8 1 1 1 6 11 10 11 19 164 294 |19 6 10 10 4 1 1 16 10 1 1 6 7 17 67 268 |
16961: 2 9 1 1 7 26 1 1 1 1 12 2 17 3 13 13 |14 9 1 7 4 1 1 1 9 4 1 15 23 5 6 13 |3 14 15 12 7 1 5 18 3 1 6 1 5 1 1 4 |1 2 14 1 18 1 1 13 1 13 12 1 1 1 1 1 |1 1 1 9 2 2 2 3 2 9 5 1 1 7 1 3 |1 8 3 7 4 5 1 13 11 1 1 1 1 1 1 1 |8 6 1 1 6 1 1 12 8 1 17 3 17 1 2 1 |1 13 1 1 1 2 8 16 16 1 5 4 8 1 1 13 |2 8 1 1 4 1 11 6 17 4 2 11 1 1 7 6 |1 11 18 8 3 9 1 1 1 1 4 12 11 18 61 44 |6 2 3 16 12 8 1 1 1 6 11 10 11 19 164 294 |19 6 10 10 4 1 1 16 10 1 1 6 7 17 67 268 |
16972: 2 9 1 1 7 26 1 1 1 1 12 2 17 3 13 13 |14 9 1 7 4 1 1 1 9 4 1 15 23 5 6 13 |3 14 15 12 7 1 5 18 3 1 6 1 5 1 1 4 |1 2 14 1 18 1 1 13 1 13 12 1 1 1 1 1 |1 1 1 9 2 2 2 3 2 9 5 1 1 7 1 3 |1 8 3 7 4 5 1 13 11 1 1 1 1 1 1 1 |8 6 1 1 6 1 1 12 8 1 17 3 17 1 2 1 |1 13 1 1 1 2 8 16 16 1 5 4 8 1 1 13 |2 8 1 1 4 1 11 6 17 4 2 11 1 1 7 6 |1 11 18 8 3 9 1 1 1 1 4 12 11 18 61 44 |6 2 3 16 12 8 1 1 1 6 11 10 11 19 164 294 |19 6 10 10 4 1 1 16 10 1 1 6 7 17 67 268 |
16983: 2 9 1 1 7 26 1 1 1 1 12 2 17 3 13 13 |14 9 1 7 4 1 1 1 9 4 1 15 23 5 6 13 |3 14 15 12 7 1 5 18 3 1 6 1 5 1 1 4 |1 2 14 1 18 1 1 13 1 13 12 1 1 1 1 1 |1 1 1 9 2 2 2 3 2 9 5 1 1 7 1 3 |1 8 3 7 4 5 1 13 11 1 1 1 1 1 1 1 |8 6 1 1 6 1 1 12 8 1 17 3 17 1 2 1 |1 13 1 1 1 2 8 16 16 1 5 4 8 1 1 13 |2 8 1 1 4 1 11 6 17 4 2 11 1 1 7 6 |1 11 18 8 3 9 1 1 1 1 4 12 11 18 61 44 |6 2 3 16 12 8 1 1 1 6 11 10 11 19 164 294 |19 6 10 10 4 1 1 16 10 1 1 6 7 17 67 268 |
16994: 2 9 1 1 7 26 1 1 1 1 12 2 17 3 13 13 |14 9 1 7 4 1 1 1 9 4 1 15 23 5 6 13 |3 14 15 12 7 1 5 18 3 1 6 1 5 1 1 4 |1 2 14 1 18 1 1 13 1 13 12 1 1 1 1 1 |1 1 1 9 2 2 2 3 2 9 5 1 1 7 1 3 |1 8 3 7 4 5 1 13 11 1 1 1 1 1 1 1 |6 6 3 9 3 1 1 12 14 1 18 3 15 1 2 1 |1 13 1 1 1 2 8 16 16 1 5 4 8 1 1 13 |2 8 1 1 4 1 11 6 17 4 2 11 1 1 7 6 |1 11 18 8 3 9 1 1 1 1 4 12 11 18 61 44 |6 2 3 16 12 8 1 1 1 6 11 10 11 19 164 294 |19 6 10 10 4 1 1 16 10 1 1 6 7 17 67 268 |
17005: 2 9 1 1 7 26 1 1 1 1 12 2 17 3 13 13 |14 9 1 7 4 1 1 1 9 4 1 15 23 5 6 13 |3 14 15 12 7 1 5 18 3 1 6 1 5 1 1 4 |1 2 14 1 18 1 1 13 1 13 12 1 1 1 1 1 |1 1 1 9 2 2 2 3 2 9 5 1 1 7 1 3 |1 8 3 7 4 5 1 13 11 1 1 1 1 1 1 1 |6 6 3 9 3 1 1 12 14 1 18 3 15 1 2 1 |2 13 9 1 1 2 8 16 8 1 5 3 7 1 4 13 |2 8 1 1 4 1 11 6 17 4 2 11 1 1 7 6 |1 11 18 8 3 9 1 1 1 1 4 12 11 18 61 44 |6 2 3 16 12 8 1 1 1 6 11 10 11 19 164 294 |19 6 10 10 4 1 1 16 10 1 1 6 7 17 67 268 |
17016: 2 9 1 1 7 26 1 1 1 1 12 2 17 3 13 13 |14 9 1 7 4 1 1 1 9 4 1 15 23 5 6 13 |3 14 15 12 7 1 5 18 3 1 6 1 5 1 1 4 |1 2 14 1 18 1 1 13 1 13 12 1 1 1 1 1 |1 1 1 9 2 2 2 3 2 9 5 1 1 7 1 3 |1 8 3 7 4 5 1 13 11 1 1 1 1 1 1 1 |6 6 3 9 3 1 1 12 14 1 18 3 15 1 2 1 |2 13 9 1 1 2 8 16 8 1 5 3 7 1 4 13 |2 8 1 1 4 1 11 6 17 4 2 11 1 1 7 6 |1 11 18 8 3 9 1 1 1 1 4 12 11 18 61 44 |6 2 3 16 12 8 1 1 1 6 11 10 11 19 164 294 |19 6 10 10 4 1 1 16 10 1 1 6 7 17 67 268 |
17027: 2 9 1 1 7 26 1 1 1 1 12 2 17 3 13 13 |14 9 1 7 4 1 1 1 9 4 1 15 23 5 6 13 |3 14 15 12 7 1 5 18 3 1 6 1 5 1 1 4 |1 2 14 1 18 1 1 13 1 13 12 1 1 1 1 1 |1 1 1 9 2 2 2 3 2 9 5 1 1 7 1 3 |1 7 1 6 4 9 1 12 11 2 1 1 1 6 1 1 |6 6 3 9 3 1 1 12 14 1 18 3 15 1 2 1 |2 13 9 1 1 2 8 16 8 1 5 3 7 1 4 13 |2 8 1 1 4 1 11 6 17 4 2 11 1 1 7 6 |1 11 18 8 3 9 1 1 1 1 4 12 11 18 61 44 |6 2 3 16 12 8 1 1 1 6 11 10 11 19 164 294 |19 6 10 10 4 1 1 16 10 1 1 6 7 17 67 268 |
17038: 2 9 1 1 7 26 1 1 1 1 12 2 17 3 13 13 |14 9 1 7 4 1 1 1 9 4 1 15 23 5 6 13 |3 14 15 12 7 1 5 18 3 1 6 1 5 1 1 4 |1 2 14 1 18 1 1 13 1 13 12 1 1 1 1 1 |1 1 1 9 2 2 2 3 2 9 5 1 1 7 1 3 |1 7 1 6 4 9 1 12 11 2 1 1 1 6 1 1 |6 6 3 9 3 1 1 12 14 1 18 3 15 1 2 1 |2 13 9 1 1 2 8 16 8 1 5 3 7 1 4 13 |2 8 1 1 4 1 11 6 17 4 2 11 1 1 7 6 |1 11 18 8 3 9 1 1 1 1 4 12 11 18 61 44 |6 2 3 16 12 8 1 1 1 6 11 10 11 19 164 294 |19 6 10 10 4 1 1 16 10 1 1 6 7 17 67 268 |
17049: 2 9 1 1 7 26 1 1 1 1 12 2 17 3 13 13 |14 9 1 7 4 1 1 1 9 4 1 15 23 5 6 13 |3 14 15 12 7 1 5 18 3 1 6 1 5 1 1 4 |1 2 14 1 18 1 1 13 1 13 12 1 1 1 1 1 |1 1 1 9 2 2 2 3 2 9 5 1 1 7 1 3 |1 7 1 6 4 9 1 12 11 2 1 1 1 6 1 1 |6 6 3 9 3 1 1 12 14 1 18 3 15 1 2 1 |2 13 9 1 1 2 8 16 8 1 5 3 7 1 4 13 |2 8 1 1 4 1 11 6 17 4 2 11 1 1 7 6 |1 11 18 8 3 9 1 1 1 1 4 12 11 18 61 44 |6 2 3 16 12 8 1 1 1 6 11 10 11 19 164 294 |19 6 10 10 4 1 1 16 10 1 1 6 7 17 67 268 |
17060: 2 9 1 1 7 26 1 1 1 1 12 2 17 3 13 13 |14 9 1 7 4 1 1 1 9 4 1 15 23 5 6 13 |3 14 15 12 7 1 5 18 3 1 6 1 5 1 1 4 |1 2 13 2 15 2 2 7 5 1 14 4 8 1 5 1 |1 1 1 9 2 2 2 3 2 9 5 1 1 7 1 3 |1 7 1 6 4 9 1 12 11 2 1 1 1 6 1 1 |6 6 3 9 3 1 1 12 14 1 18 3 15 1 2 1 |2 13 9 1 1 2 8 16 8 1 5 3 7 1 4 13 |2 8 1 1 4 1 11 6 17 4 2 11 1 1 7 6 |1 11 18 8 3 9 1 1 1 1 4 12 11 18 61 44 |6 2 3 16 12 8 1 1 1 6 11 10 11 19 164 294 |19 6 10 10 4 1 1 16 10 1 1 6 7 17 67 268 |
17070: 2 9 1 1 7 26 1 1 1 1 12 2 17 3 13 13 |14 9 1 7 4 1 1 1 9 4 1 15 23 5 6 13 |3 14 15 12 7 1 5 18 3 1 6 1 5 1 1 4 |1 2 13 2 15 2 2 7 5 1 14 4 8 1 5 1 |1 1 1 9 2 2 2 3 2 9 5 1 1 7 1 3 |1 7 1 6 4 9 1 12 11 2 1 1 1 6 1 1 |6 6 3 9 3 1 1 12 14 1 18 3 15 1 2 1 |2 13 9 1 1 2 8 16 8 1 5 3 7 1 4 13 |2 8 1 1 4 1 11 6 17 4 2 11 1 1 7 6 |1 11 18 8 3 9 1 1 1 1 4 12 11 18 61 44 |6 2 3 16 12 8 1 1 1 6 11 10 11 19 164 294 |19 6 10 10 4 1 1 16 10 1 1 6 7 17 67 268 |
17081: 2 9 1 1 7 26 1 1 1 1 12 2 17 3 13 13 |14 9 1 7 4 1 1 1 9 4 1 15 23 5 6 13 |3 14 15 12 7 1 5 18 3 1 6 1 5 1 1 4 |1 2 13 2 15 2 2 7 5 1 14 4 8 1 5 1 |1 1 1 9 2 2 2 3 2 9 5 1 1 7 1 3 |1 7 1 6 4 9 1 12 11 2 1 1 1 6 1 1 |6 6 3 9 3 1 1 12 14 1 18 3 15 1 2 1 |2 13 9 1 1 2 8 16 8 1 5 3 7 1 4 13 |2 8 1 1 4 1 11 6 17 4 2 11 1 1 7 6 |1 11 18 8 3 9 1 1 1 1 4 12 11 18 61 44 |6 2 3 16 12 8 1 1 1 6 11 10 11 19 164 294 |19 6 10 10 4 1 1 16 10 1 1 6 7 17 67 268 |
17092: 2 9 1 1 7 26 1 1 1 1 12 2 17 3 13 13 |14 9 1 7 4 1 1 1 9 4 1 15 23 5 6 13 |3 14 15 12 7 1 5 18 3 1 6 1 5 1 1 4 |1 2 13 2 15 2 2 7 5 1 14 4 8 1 5 1 |1 1 1 1 1 2 1 2 5 11 1 1 1 1 1 1 |1 7 1 6 4 9 1 12 11 2 1 1 1 6 1 1 |6 6 3 9 3 1 1 12 14 1 18 3 15 1 2 1 |2 13 9 1 1 2 8 16 8 1 5 3 7 1 4 13 |2 8 1 1 4 1 11 6 17 4 2 11 1 1 7 6 |1 11 18 8 3 9 1 1 1 1 4 12 11 18 61 44 |6 2 3 16 12 8 1 1 1 6 11 10 11 19 164 294 |19 6 10 10 4 1 1 16 10 1 1 6 7 17 67 268 |
17103: 2 9 1 1 7 26 1 1 1 1 12 2 17 3 13 13 |14 9 1 7 4 1 1 1 9 4 1 15 23 5 6 13 |3 14 15 12 7 1 5 18 3 1 6 1 5 1 1 4 |1 2 13 2 15 2 2 7 5 1 14 4 8 1 5 1 |1 1 1 1 1 2 1 2 5 11 1 1 1 1 1 1 |1 7 1 6 4 9 1 12 11 2 1 1 1 6 1 1 |6 6 3 9 3 1 1 12 14 1 18 3 15 1 2 1 |2 13 9 1 1 2 8 16 8 1 5 3 7 1 4 13 |2 8 1 1 4 1 11 6 17 4 2 11 1 1 7 6 |1 11 18 8 3 9 1 1 1 1 4 12 11 18 61 44 |6 2 3 16 12 8 1 1 1 6 11 10 11 19 164 294 |19 6 10 10 4 1 1 16 10 1 1 6 7 17 67 268 |
17114: 2 9 1 1 7 26 1 1 1 1 12 2 17 3 13 13 |14 9 1 7 4 1 1 1 9 4 1 15 23 5 6 13 |3 14 15 12 7 1 5 18 3 1 6 1 5 1 1 4 |1 2 13 2 15 2 2 7 5 1 14 4 8 1 5 1 |1 1 1 1 1 2 1 2 5 11 1 1 1 1 1 1 |1 7 1 6 4 9 1 12 11 2 1 1 1 6 1 1 |6 6 3 9 3 1 1 12 14 1 18 3 15 1 2 1 |2 13 9 1 1 2 8 16 8 1 5 3 7 1 4 13 |2 8 1 1 4 1 11 6 17 4 2 11 1 1 7 6 |1 11 18 8 3 9 1 1 1 1 4 12 11 18 61 44 |6 2 3 16 12 8 1 1 1 6 11 10 11 19 164 294 |19 6 10 10 4 1 1 16 10 1 1 6 7 17 67 268 |
17125: 2 9 1 1 7 26 1 1 1 1 12 2 17 3 13 13 |14 9 1 7 4 1 1 1 9 4 1 15 23 5 6 13 |1 2 1 2 9 3 14 17 1 3 2 6 3 5 1 4 |1 2 13 2 15 2 2 7 5 1 14 4 8 1 5 1 |1 1 1 1 1 2 1 2 5 11 1 1 1 1 1 1 |1 7 1 6 4 9 1 12 11 2 1 1 1 6 1 1 |6 6 3 9 3 1 1 12 14 1 18 3 15 1 2 1 |2 13 9 1 1 2 8 16 8 1 5 3 7 1 4 13 |2 8 1 1 4 1 11 6 17 4 2 11 1 1 7 6 |1 11 18 8 3 9 1 1 1 1 4 12 11 18 61 44 |6 2 3 16 12 8 1 1 1 6 11 10 11 19 164 294 |19 6 10 10 4 1 1 16 10 1 1 6 7 17 67 268 |
17136: 2 9 1 1 7 26 1 1 1 1 12 2 17 3 13 13 |14 9 1 7 4 1 1 1 9 4 1 15 23 5 6 13 |1 2 1 2 9 3 14 17 1 3 2 6 3 5 1 4 |1 2 13 2 15 2 2 7 5 1 14 4 8 1 5 1 |1 1 1 1 1 2 1 2 5 11 1 1 1 1 1 1 |1 7 1 6 4 9 1 12 11 2 1 1 1 6 1 1 |6 6 3 9 3 1 1 12 14 1 18 3 15 1 2 1 |2 13 9 1 1 2 8 16 8 1 5 3 7 1 4 13 |2 8 1 1 4 1 11 6 17 4 2 11 1 1 7 6 |1 11 18 8 3 9 1 1 1 1 4 12 11 18 61 44 |6 2 3 16 12 8 1 1 1 6 11 10 11 19 164 294 |16 1 1 2 1 1 1 14 4 1 1 2 2 1 1 5 |
17147: 2 9 1 1 7 26 1 1 1 1 12 2 17 3 13 13 |14 9 1 7 4 1 1 1 9 4 1 15 23 5 6 13 |1 2 1 2 9 3 14 17 1 3 2 6 3 5 1 4 |1 2 13 2 15 2 2 7 5 1 14 4 8 1 5 1 |1 1 1 1 1 2 1 2 5 11 1 1 1 1 1 1 |1 7 1 6 4 9 1 12 11 2 1 1 1 6 1 1 |6 6 3 9 3 1 1 12 14 1 18 3 15 1 2 1 |2 13 9 1 1 2 8 16 8 1 5 3 7 1 4 13 |2 8 1 1 4 1 11 6 17 4 2 11 1 1 7 6 |1 11 18 8 3 9 1 1 1 1 4 12 11 18 61 44 |6 2 3 16 12 8 1 1 1 6 11 10 11 19 164 294 |16 1 1 2 1 1 1 14 4 1 1 2 2 1 1 5 |
17158: 2 9 1 1 7 26 1 1 1 1 12 2 17 3 13 13 |14 9 1 7 4 1 1 1 9 4 1 15 23 5 6 13 |1 1 13 2 1 1 7 17 2 1 2 4 5 5 2 1 |1 2 13 2 15 2 2 7 5 1 14 4 8 1 5 1 |1 1 1 1 1 2 1 2 5 11 1 1 1 1 1 1 |1 7 1 6 4 9 1 12 11 2 1 1 1 6 1 1 |6 6 3 9 3 1 1 12 14 1 18 3 15 1 2 1 |2 13 9 1 1 2 8 16 8 1 5 3 7 1 4 13 |2 8 1 1 4 1 11 6 17 4 2 11 1 1 7 6 |1 11 18 8 3 9 1 1 1 1 4 12 11 18 61 44 |6 2 3 16 12 8 1 1 1 6 11 10 11 19 164 294 |16 1 1 2 1 1 1 14 4 1 1 2 2 1 1 5 |
17169: 2 9 1 1 7 26 1 1 1 1 12 2 17 3 13 13 |14 9 1 7 4 1 1 1 9 4 1 15 23 5 6 13 |1 1 13 2 1 1 7 17 2 1 2 4 5 5 2 1 |1 2 13 2 15 2 2 7 5 1 14 4 8 1 5 1 |1 1 1 1 1 2 1 2 5 11 1 1 1 1 1 1 |1 7 1 6 4 9 1 12 11 2 1 1 1 6 1 1 |6 6 3 9 3 1 1 12 14 1 18 3 15 1 2 1 |2 13 9 1 1 2 8 16 8 1 5 3 7 1 4 13 |2 8 1 1 4 1 11 6 17 4 2 11 1 1 7 6 |1 11 18 8 3 9 1 1 1 1 4 12 11 18 61 44 |1 1 2 1 1 1 3 6 2 5 3 1 2 1 5 14 |16 1 1 2 1 1 1 14 4 1 1 2 2 1 1 5 |
17180: 2 9 1 1 7 26 1 1 1 1 12 2 17 3 13 13 |14 9 1 7 4 1 1 1 9 4 1 15 23 5 6 13 |1 1 13 2 1 1 7 17 2 1 2 4 5 5 2 1 |1 2 13 2 15 2 2 7 5 1 14 4 8 1 5 1 |1 1 1 1 1 2 1 2 5 11 1 1 1 1 1 1 |1 7 1 6 4 9 1 12 11 2 1 1 1 6 1 1 |6 6 3 9 3 1 1 12 14 1 18 3 15 1 2 1 |2 13 9 1 1 2 8 16 8 1 5 3 7 1 4 13 |2 8 1 1 4 1 11 6 17 4 2 11 1 1 7 6 |1 11 18 8 3 9 1 1 1 1 4 12 11 18 61 44 |1 1 2 1 1 1 3 6 2 5 3 1 2 1 5 14 |16 1 1 2 1 1 1 14 4 1 1 2 2 1 1 5 |
17191: 2 9 1 1 7 26 1 1 1 1 12 2 17 3 13 13 |14 9 1 7 4 1 1 1 9 4 1 15 23 5 6 13 |1 1 13 2 1 1 7 17 2 1 2 4 5 5 2 1 |1 1 13 1 4 3 1 12 1 1 12 1 1 6 10 1 |1 1 1 1 1 2 1 2 5 11 1 1 1 1 1 1 |1 7 1 6 4 9 1 12 11 2 1 1 1 6 1 1 |6 6 3 9 3 1 1 12 14 1 18 3 15 1 2 1 |2 13 9 1 1 2 8 16 8 1 5 3 7 1 4 13 |2 8 1 1 4 1 11 6 17 4 2 11 1 1 7 6 |1 11 18 8 3 9 1 1 1 1 4 12 11 18 61 44 |1 1 2 1 1 1 3 6 2 5 3 1 2 1 5 14 |16 1 1 2 1 1 1 14 4 1 1 2 2 1 1 5 |
17202: 2 9 1 1 7 26 1 1 1 1 12 2 17 3 13 13 |14 9 1 7 4 1 1 1 9 4 1 15 23 5 6 13 |1 1 13 2 1 1 7 17 2 1 2 4 5 5 2 1 |1 1 13 1 4 3 1 12 1 1 12 1 1 6 10 1 |1 1 1 1 1 2 1 2 5 11 1 1 1 1 1 1 |1 7 1 6 4 9 1 12 11 2 1 1 1 6 1 1 |6 6 3 9 3 1 1 12 14 1 18 3 15 1 2 1 |2 13 9 1 1 2 8 16 8 1 5 3 7 1 4 13 |2 8 1 1 4 1 11 6 17 4 2 11 1 1 7 6 |1 11 18 8 3 9 1 1 1 1 4 12 11 18 61 44 |1 1 8 1 1 1 3 6 1 1 3 1 1 1 4 15 |16 1 1 2 1 1 1 14 4 1 1 2 2 1 1 5 |
17213: 2 9 1 1 7 26 1 1 1 1 12 2 17 3 13 13 |14 9 1 7 4 1 1 1 9 4 1 15 23 5 6 13 |1 1 13 2 1 1 7 17 2 1 2 4 5 5 2 1 |1 1 13 1 4 3 1 12 1 1 12 1 1 6 10 1 |1 1 1 1 1 2 1 2 5 11 1 1 1 1 1 1 |1 7 1 6 4 9 1 12 11 2 1 1 1 6 1 1 |6 6 3 9 3 1 1 12 14 1 18 3 15 1 2 1 |2 13 9 1 1 2 8 16 8 1 5 3 7 1 4 13 |2 8 1 1 4 1 11 6 17 4 2 11 1 1 7 6 |1 11 18 8 3 9 1 1 1 1 4 12 11 18 61 44 |1 1 8 1 1 1 3 6 1 1 3 1 1 1 4 15 |16 1 1 2 1 1 1 14 4 1 1 2 2 1 1 5 |
17224: 2 9 1 1 7 26 1 1 1 1 12 2 17 3 13 13 |1 4 1 9 1 1 3 2 1 4 10 11 15 4 1 5 |1 1 13 2 1 1 7 17 2 1 2 4 5 5 2 1 |1 1 13 1 4 3 1 12 1 1 12 1 1 6 10 1 |1 1 1 1 1 2 1 2 5 11 1 1 1 1 1 1 |1 7 1 6 4 9 1 12 11 2 1 1 1 6 1 1 |6 6 3 9 3 1 1 12 14 1 18 3 15 1 2 1 |2 13 9 1 1 2 8 16 8 1 5 3 7 1 4 13 |2 8 1 1 4 1 11 6 17 4 2 11 1 1 7 6 |1 11 18 8 3 9 1 1 1 1 4 12 11 18 61 44 |1 1 8 1 1 1 3 6 1 1 3 1 1 1 4 15 |16 1 1 2 1 1 1 14 4 1 1 2 2 1 1 5 |
17235: 2 9 1 1 7 26 1 1 1 1 12 2 17 3 13 13 |1 4 1 9 1 1 3 2 1 4 10 11 15 4 1 5 |1 1 13 2 1 1 7 17 2 1 2 4 5 5 2 1 |1 1 13 1 4 3 1 12 1 1 12 1 1 6 10 1 |1 1 1 1 1 2 1 2 5 11 1 1 1 1 1 1 |1 7 1 6 4 9 1 12 11 2 1 1 1 6 1 1 |6 6 3 9 3 1 1 12 14 1 18 3 15 1 2 1 |2 13 9 1 1 2 8 16 8 1 5 3 7 1 4 13 |2 8 1 1 4 1 11 6 17 4 2 11 1 1 7 6 |1 10 7 1 2 6 2 6 2 6 14 1 6 1 15 1 |1 1 8 1 1 1 3 6 1 1 3 1 1 1 4 15 |16 1 1 2 1 1 1 14 4 1 1 2 2 1 1 5 |
17246: 2 9 1 1 7 26 1 1 1 1 12 2 17 3 13 13 |1 4 1 9 1 1 3 2 1 4 10 11 15 4 1 5 |1 1 13 2 1 1 7 17 2 1 2 4 5 5 2 1 |1 1 13 1 4 3 1 12 1 1 12 1 1 6 10 1 |1 1 1 1 1 2 1 2 5 11 1 1 1 1 1 1 |1 7 1 6 4 9 1 12 11 2 1 1 1 6 1 1 |6 6 3 9 3 1 1 12 14 1 18 3 15 1 2 1 |2 13 9 1 1 2 8 16 8 1 5 3 7 1 4 13 |2 8 1 1 4 1 11 6 17 4 2 11 1 1 7 6 |1 10 7 1 2 6 2 6 2 6 14 1 6 1 15 1 |1 1 8 1 1 1 3 6 1 1 3 1 1 1 4 15 |16 1 1 2 1 1 1 14 4 1 1 2 2 1 1 5 |
17257: 2 9 1 1 7 26 1 1 1 1 12 2 17 3 13 13 |1 4 1 9 1 1 3 2 1 4 10 11 15 4 1 5 |1 1 13 2 1 1 7 17 2 1 2 4 5 5 2 1 |1 1 13 1 4 3 1 12 1 1 12 1 1 6 10 1 |1 1 1 1 1 2 1 2 5 11 1 1 1 1 1 1 |1 7 1 6 4 9 1 12 11 2 1 1 1 6 1 1 |6 6 3 9 3 1 1 12 14 1 18 3 15 1 2 1 |2 13 9 1 1 2 8 16 8 1 5 3 7 1 4 13 |2 8 1 1 4 1 11 6 17 4 2 11 1 1 7 6 |1 10 7 1 2 6 2 6 2 6 14 1 6 1 15 1 |1 1 8 1 1 1 3 6 1 1 3 1 1 1 4 15 |16 1 1 2 1 1 1 14 4 1 1 2 2 1 1 5 |
17268: 2 9 1 1 7 26 1 1 1 1 12 2 17 3 13 13 |1 4 1 9 1 1 3 2 1 4 10 11 15 4 1 5 |1 1 13 2 1 1 7 17 2 1 2 4 5 5 2 1 |1 1 13 1 4 3 1 12 1 1 12 1 1 6 10 1 |1 1 1 1 1 2 1 2 5 11 1 1 1 1 1 1 |1 7 1 6 4 9 1 12 11 2 1 1 1 6 1 1 |6 6 3 9 3 1 1 12 14 1 18 3 15 1 2 1 |2 13 9 1 1 2 8 16 8 1 5 3 7 1 4 13 |2 8 1 1 4 1 11 6 17 4 2 11 1 1 7 6 |1 12 8 1 1 1 1 6 2 6 13 1 5 2 15 1 |1 1 8 1 1 1 3 6 1 1 3 1 1 1 4 15 |16 1 1 2 1 1 1 14 4 1 1 2 2 1 1 5 |
17279: 2 9 1 1 7 26 1 1 1 1 12 2 17 3 13 13 |1 4 1 9 1 1 3 2 1 4 10 11 15 4 1 5 |1 1 13 2 1 1 7 17 2 1 2 4 5 5 2 1 |1 1 13 1 4 3 1 12 1 1 12 1 1 6 10 1 |1 1 1 1 1 2 1 2 5 11 1 1 1 1 1 1 |1 7 1 6 4 9 1 12 11 2 1 1 1 6 1 1 |6 6 3 9 3 1 1 12 14 1 18 3 15 1 2 1 |2 13 9 1 1 2 8 16 8 1 5 3 7 1 4 13 |2 8 1 1 4 1 11 6 17 4 2 11 1 1 7 6 |1 12 8 1 1 1 1 6 2 6 13 1 5 2 15 1 |1 1 8 1 1 1 3 6 1 1 3 1 1 1 4 15 |16 1 1 2 1 1 1 14 4 1 1 2 2 1 1 5 |
17290: 1 1 15 1 1 2 9 2 6 1 1 1 5 1 4 3 |1 4 1 9 1 1 3 2 1 4 10 11 15 4 1 5 |1 1 13 2 1 1 7 17 2 1 2 4 5 5 2 1 |1 1 13 1 4 3 1 12 1 1 12 1 1 6 10 1 |1 1 1 1 1 2 1 2 5 11 1 1 1 1 1 1 |1 7 1 6 4 9 1 12 11 2 1 1 1 6 1 1 |6 6 3 9 3 1 1 12 14 1 18 3 15 1 2 1 |2 13 9 1 1 2 8 16 8 1 5 3 7 1 4 13 |2 8 1 1 4 1 11 6 17 4 2 11 1 1 7 6 |1 12 8 1 1 1 1 6 2 6 13 1 5 2 15 1 |1 1 8 1 1 1 3 6 1 1 3 1 1 1 4 15 |16 1 1 2 1 1 1 14 4 1 1 2 2 1 1 5 |
17301: 1 1 15 1 1 2 9 2 6 1 1 1 5 1 4 3 |1 4 1 9 1 1 3 2 1 4 10 11 15 4 1 5 |1 1 13 2 1 1 7 17 2 1 2 4 5 5 2 1 |1 1 13 1 4 3 1 12 1 1 12 1 1 6 10 1 |1 1 1 1 1 2 1 2 5 11 1 1 1 1 1 1 |1 7 1 6 4 9 1 12 11 2 1 1 1 6 1 1 |6 6 3 9 3 1 1 12 14 1 18 3 15 1 2 1 |2 13 9 1 1 2 8 16 8 1 5 3 7 1 4 13 |2 8 1 1 4 1 11 6 17 4 2 11 1 1 7 6 |2 10 7 4 1 2 2 5 2 6 13 1 6 2 3 1 |1 1 8 1 1 1 3 6 1 1 3 1 1 1 4 15 |16 1 1 2 1 1 1 14 4 1 1 2 2 1 1 5 |
17312: 1 1 15 1 1 2 9 2 6 1 1 1 5 1 4 3 |1 4 1 9 1 1 3 2 1 4 10 11 15 4 1 5 |1 1 13 2 1 1 7 17 2 1 2 4 5 5 2 1 |1 1 13 1 4 3 1 12 1 1 12 1 1 6 10 1 |1 1 1 1 1 2 1 2 5 11 1 1 1 1 1 1 |1 7 1 6 4 9 1 12 11 2 1 1 1 6 1 1 |6 6 3 9 3 1 1 12 14 1 18 3 15 1 2 1 |2 13 9 1 1 2 8 16 8 1 5 3 7 1 4 13 |2 8 1 1 4 1 11 6 17 4 2 11 1 1 7 6 |2 10 7 4 1 2 2 5 2 6 13 1 6 2 3 1 |1 1 2 1 1 1 3 6 1 1 4 1 1 1 4 15 |16 1 1 2 1 1 1 14 4 1 1 2 2 1 1 5 |
17323: 1 3 13 1 1 17 1 1 6 1 4 2 3 1 10 3 |1 4 1 9 1 1 3 2 1 4 10 11 15 4 1 5 |1 1 13 2 1 1 7 17 2 1 2 4 5 5 2 1 |1 1 13 1 4 3 1 12 1 1 12 1 1 6 10 1 |1 1 1 1 1 2 1 2 5 11 1 1 1 1 1 1 |1 7 1 6 4 9 1 12 11 2 1 1 1 6 1 1 |6 6 3 9 3 1 1 12 14 1 18 3 15 1 2 1 |2 13 9 1 1 2 8 16 8 1 5 3 7 1 4 13 |2 8 1 1 4 1 11 6 17 4 2 11 1 1 7 6 |2 10 7 4 1 2 2 5 2 6 13 1 6 2 3 1 |1 1 2 1 1 1 3 6 1 1 4 1 1 1 4 15 |16 1 1 2 1 1 1 14 4 1 1 2 2 1 1 5 |
17334: 1 3 13 1 1 17 1 1 6 1 4 2 3 1 10 3 |1 4 1 9 1 1 3 2 1 4 10 11 15 4 1 5 |1 1 13 2 1 1 7 17 2 1 2 4 5 5 2 1 |1 1 13 1 4 3 1 12 1 1 12 1 1 6 10 1 |1 1 1 1 1 2 1 2 5 11 1 1 1 1 1 1 |1 7 1 6 4 9 1 12 11 2 1 1 1 6 1 1 |6 6 3 9 3 1 1 12 14 1 18 3 15 1 2 1 |2 13 9 1 1 2 8 16 8 1 5 3 7 1 4 13 |2 8 1 1 4 1 11 6 17 4 2 11 1 1 7 6 |2 10 7 4 1 2 2 5 2 6 13 1 6 2 3 1 |1 1 1 8 14 1 3 6 3 5 3 1 1 1 4 14 |16 1 1 2 1 1 1 14 4 1 1 2 2 1 1 5 |
17345: 1 3 13 1 1 17 1 1 6 1 4 2 3 1 10 3 |1 4 1 9 1 1 3 2 1 4 10 11 15 4 1 5 |1 1 13 2 1 1 7 17 2 1 2 4 5 5 2 1 |1 1 13 1 4 3 1 12 1 1 12 1 1 6 10 1 |1 1 1 1 1 2 1 2 5 11 1 1 1 1 1 1 |1 7 1 6 4 9 1 12 11 2 1 1 1 6 1 1 |6 6 3 9 3 1 1 12 14 1 18 3 15 1 2 1 |2 13 9 1 1 2 8 16 8 1 5 3 7 1 4 13 |2 8 1 1 4 1 11 6 17 4 2 11 1 1 7 6 |2 10 7 4 1 2 2 5 2 6 13 1 6 2 3 1 |1 1 1 8 14 1 3 6 3 5 3 1 1 1 4 14 |16 1 1 2 1 1 1 14 4 1 1 2 2 1 1 5 |
17356: 1 3 13 1 1 17 1 1 6 1 4 2 3 1 10 3 |1 4 1 9 1 1 3 2 1 4 10 11 15 4 1 5 |1 1 13 2 1 1 7 17 2 1 2 4 5 5 2 1 |1 1 13 1 4 3 1 12 1 1 12 1 1 6 10 1 |1 1 1 1 1 2 1 2 5 11 1 1 1 1 1 1 |1 7 1 6 4 9 1 12 11 2 1 1 1 6 1 1 |6 6 3 9 3 1 1 12 14 1 18 3 15 1 2 1 |2 13 9 1 1 2 8 16 8 1 5 3 7 1 4 13 |2 8 1 1 4 1 11 6 17 4 2 11 1 1 7 6 |2 10 7 4 1 2 2 5 2 6 13 1 6 2 3 1 |1 1 1 8 14 1 3 6 3 5 3 1 1 1 4 14 |16 1 1 2 1 1 1 14 4 1 1 2 2 1 1 5 |
17367: 1 3 13 1 1 17 1 1 6 1 4 2 3 1 10 3 |1 4 1 9 1 1 3 2 1 4 10 11 15 4 1 5 |1 1 13 2 1 1 7 17 2 1 2 4 5 5 2 1 |1 1 13 1 4 3 1 12 1 1 12 1 1 6 10 1 |1 1 1 1 1 2 1 2 5 11 1 1 1 1 1 1 |1 7 1 6 4 9 1 12 11 2 1 1 1 6 1 1 |6 6 3 9 3 1 1 12 14 1 18 3 15 1 2 1 |2 13 9 1 1 2 8 16 8 1 5 3 7 1 4 13 |1 1 1 1 1 1 15 13 10 1 1 5 1 1 13 1 |2 10 7 4 1 2 2 5 2 6 13 1 6 2 3 1 |1 1 1 8 14 1 3 6 3 5 3 1 1 1 4 14 |16 1 1 2 1 1 1 14 4 1 1 2 2 1 1 5 |
17378: 1 3 13 1 1 17 1 1 6 1 4 2 3 1 10 3 |1 4 1 9 1 1 3 2 1 4 10 11 15 4 1 5 |1 1 13 2 1 1 7 17 2 1 2 4 5 5 2 1 |1 1 13 1 4 3 1 12 1 1 12 1 1 6 10 1 |1 1 1 1 1 2 1 2 5 11 1 1 1 1 1 1 |1 7 1 6 4 9 1 12 11 2 1 1 1 6 1 1 |6 6 3 9 3 1 1 12 14 1 18 3 15 1 2 1 |2 13 9 1 1 2 8 16 8 1 5 3 7 1 4 13 |1 1 1 1 1 1 15 13 10 1 1 5 1 1 13 1 |1 11 8 1 1 2 1 6 2 5 13 1 5 2 3 1 |1 1 1 8 14 1 3 6 3 5 3 1 1 1 4 14 |16 1 1 2 1 1 1 14 4 1 1 2 2 1 1 5 |
17389: 1 3 13 1 1 17 1 1 6 1 4 2 3 1 10 3 |1 4 1 9 1 1 3 2 1 4 10 11 15 4 1 5 |1 1 13 2 1 1 7 17 2 1 2 4 5 5 2 1 |1 1 13 1 4 3 1 12 1 1 12 1 1 6 10 1 |1 1 1 1 1 2 1 2 5 11 1 1 1 1 1 1 |1 7 1 6 4 9 1 12 11 2 1 1 1 6 1 1 |6 6 3 9 3 1 1 12 14 1 18 3 15 1 2 1 |2 13 9 1 1 2 8 16 8 1 5 3 7 1 4 13 |1 1 1 1 1 1 15 13 10 1 1 5 1 1 13 1 |1 11 8 1 1 2 1 6 2 5 13 1 5 2 3 1 |1 1 1 8 14 1 3 6 3 5 3 1 1 1 4 14 |16 1 1 2 1 1 1 14 4 1 1 2 2 1 1 5 |
17400: 1 3 13 1 1 17 1 1 6 1 4 2 3 1 10 3 |1 4 1 9 1 1 3 2 1 4 10 11 15 4 1 5 |1 1 13 2 1 1 7 17 2 1 2 4 5 5 2 1 |1 1 13 1 4 3 1 12 1 1 12 1 1 6 10 1 |1 1 1 1 1 2 1 2 5 11 1 1 1 1 1 1 |1 7 1 6 4 9 1 12 11 2 1 1 1 6 1 1 |6 6 3 9 3 1 1 12 14 1 18 3 15 1 2 1 |2 13 9 1 1 2 8 16 8 1 5 3 7 1 4 13 |1 1 1 1 1 1 15 13 10 1 1 5 1 1 13 1 |1 11 8 1 1 2 1 6 2 5 13 1 5 2 3 1 |1 1 1 8 14 1 3 6 3 5 3 1 1 1 4 14 |16 1 1 2 1 1 1 14 4 1 1 2 2 1 1 5 |
17411: 1 3 13 1 1 17 1 1 6 1 4 2 3 1 10 3 |1 4 1 9 1 1 3 2 1 4 10 11 15 4 1 5 |1 1 13 2 1 1 7 17 2 1 2 4 5 5 2 1 |1 1 13 1 4 3 1 12 1 1 12 1 1 6 10 1 |1 1 1 1 1 2 1 2 5 11 1 1 1 1 1 1 |1 7 1 6 4 9 1 12 11 2 1 1 1 6 1 1 |6 6 3 9 3 1 1 12 14 1 18 3 15 1 2 1 |2 13 9 1 1 2 8 16 8 1 5 3 7 1 4 13 |1 1 1 1 1 1 15 13 10 1 1 5 1 1 13 1 |1 11 8 1 1 2 1 6 2 5 13 1 5 2 3 1 |1 1 1 8 14 1 3 6 3 5 3 1 1 1 4 14 |16 1 1 2 1 1 1 14 4 1 1 2 2 1 1 5 |
17422: 1 3 13 1 1 17 1 1 6 1 4 2 3 1 10 3 |1 4 1 9 1 1 3 2 1 4 10 11 15 4 1 5 |1 1 13 2 1 1 7 17 2 1 2 4 5 5 2 1 |1 1 13 1 4 3 1 12 1 1 12 1 1 6 10 1 |1 1 1 1 1 2 1 2 5 11 1 1 1 1 1 1 |1 7 1 6 4 9 1 12 11 2 1 1 1 6 1 1 |6 6 3 9 3 1 1 12 14 1 18 3 15 1 2 1 |2 13 9 1 1 2 8 16 8 1 5 3 7 1 4 13 |1 1 1 1 1 1 15 13 10 1 1 5 1 1 13 1 |1 11 8 1 1 2 1 6 2 5 13 1 5 2 3 1 |1 1 1 8 14 1 3 6 3 5 3 1 1 1 4 14 |16 1 1 2 1 1 1 14 4 1 1 2 2 1 1 5 |
17433: 1 3 13 1 1 17 1 1 6 1 4 2 3 1 10 3 |1 4 1 9 1 1 3 2 1 4 10 11 15 4 1 5 |1 1 13 2 1 1 7 17 2 1 2 4 5 5 2 1 |1 1 13 1 4 3 1 12 1 1 12 1 1 6 10 1 |1 1 1 1 1 2 1 2 5 11 1 1 1 1 1 1 |1 7 1 6 4 9 1 12 11 2 1 1 1 6 1 1 |6 6 3 9 3 1 1 12 14 1 18 3 15 1 2 1 |2 13 9 1 1 2 8 16 8 1 5 3 7 1 4 13 |1 1 1 1 1 1 15 13 10 1 1 5 1 1 13 1 |1 8 6 1 1 1 1 6 1 6 14 1 6 2 3 1 |1 1 1 8 14 1 3 6 3 5 3 1 1 1 4 14 |16 1 1 2 1 1 1 14 4 1 1 2 2 1 1 5 |
17443: 1 3 13 1 1 17 1 1 6 1 4 2 3 1 10 3 |1 4 1 9 1 1 3 2 1 4 10 11 15 4 1 5 |1 1 13 2 1 1 7 17 2 1 2 4 5 5 2 1 |1 1 13 1 4 3 1 12 1 1 12 1 1 6 10 1 |1 1 1 1 1 2 1 2 5 11 1 1 1 1 1 1 |1 7 1 6 4 9 1 12 11 2 1 1 1 6 1 1 |6 6 3 9 3 1 1 12 14 1 18 3 15 1 2 1 |2 13 9 1 1 2 8 16 8 1 5 3 7 1 4 13 |1 1 1 1 1 1 15 13 10 1 1 5 1 1 13 1 |1 8 6 1 1 1 1 6 1 6 14 1 6 2 3 1 |1 1 1 2 1 1 3 5 1 5 3 1 1 1 4 14 |16 1 1 2 1 1 1 14 4 1 1 2 2 1 1 5 |
17454: 1 1 16 1 1 16 10 1 7 1 2 1 8 1 15 7 |1 4 1 9 1 1 3 2 1 4 10 11 15 4 1 5 |1 1 13 2 1 1 7 17 2 1 2 4 5 5 2 1 |1 1 13 1 4 3 1 12 1 1 12 1 1 6 10 1 |1 1 1 1 1 2 1 2 5 11 1 1 1 1 1 1 |1 7 1 6 4 9 1 12 11 2 1 1 1 6 1 1 |6 6 3 9 3 1 1 12 14 1 18 3 15 1 2 1 |2 13 9 1 1 2 8 16 8 1 5 3 7 1 4 13 |1 1 1 1 1 1 15 13 10 1 1 5 1 1 13 1 |1 8 6 1 1 1 1 6 1 6 14 1 6 2 3 1 |1 1 1 2 1 1 3 5 1 5 3 1 1 1 4 14 |16 1 1 2 1 1 1 14 4 1 1 2 2 1 1 5 |
17465: 1 1 16 1 1 16 10 1 7 1 2 1 8 1 15 7 |1 4 1 9 1 1 3 2 1 4 10 11 15 4 1 5 |1 1 13 2 1 1 7 17 2 1 2 4 5 5 2 1 |1 1 13 1 4 3 1 12 1 1 12 1 1 6 10 1 |1 1 1 1 1 2 1 2 5 11 1 1 1 1 1 1 |1 7 1 6 4 9 1 12 11 2 1 1 1 6 1 1 |6 6 3 9 3 1 1 12 14 1 18 3 15 1 2 1 |2 13 9 1 1 2 8 16 8 1 5 3 7 1 4 13 |1 1 10 1 7 1 15 12 5 1 1 5 1 9 8 1 |1 8 6 1 1 1 1 6 1 6 14 1 6 2 3 1 |1 1 1 2 1 1 3 5 1 5 3 1 1 1 4 14 |16 1 1 2 1 1 1 14 4 1 1 2 2 1 1 5 |
17476: 1 1 16 1 1 16 10 1 7 1 2 1 8 1 15 7 |1 4 1 9 1 1 3 2 1 4 10 11 15 4 1 5 |1 1 13 2 1 1 7 17 2 1 2 4 5 5 2 1 |1 1 13 1 4 3 1 12 1 1 12 1 1 6 10 1 |1 1 1 1 1 2 1 2 5 11 1 1 1 1 1 1 |1 7 1 6 4 9 1 12 11 2 1 1 1 6 1 1 |6 6 3 9 3 1 1 12 14 1 18 3 15 1 2 1 |2 13 9 1 1 2 8 16 8 1 5 3 7 1 4 13 |1 1 10 1 7 1 15 12 5 1 1 5 1 9 8 1 |1 8 6 1 1 1 1 6 1 6 14 1 6 2 3 1 |1 1 1 2 1 1 3 5 1 5 3 1 1 1 4 14 |16 1 1 2 1 1 1 14 4 1 1 2 2 1 1 5 |
17487: 1 1 16 1 1 16 10 1 7 1 2 1 8 1 15 7 |1 4 1 9 1 1 3 2 1 4 10 11 15 4 1 5 |1 1 13 2 1 1 7 17 2 1 2 4 5 5 2 1 |1 1 13 1 4 3 1 12 1 1 12 1 1 6 10 1 |1 1 1 1 1 2 1 2 5 11 1 1 1 1 1 1 |1 7 1 6 4 9 1 12 11 2 1 1 1 6 1 1 |6 6 3 9 3 1 1 12 14 1 18 3 15 1 2 1 |2 13 9 1 1 2 8 16 8 1 5 3 7 1 4 13 |1 1 10 1 7 1 15 12 5 1 1 5 1 9 8 1 |1 8 6 1 1 1 1 6 1 6 14 1 6 2 3 1 |1 1 1 2 1 1 3 5 1 5 3 1 1 1 4 14 |16 1 1 2 1 1 1 14 4 1 1 2 2 1 1 5 |
17498: 1 1 16 1 1 16 10 1 7 1 2 1 8 1 15 7 |1 4 1 9 1 1 3 2 1 4 10 11 15 4 1 5 |1 1 13 2 1 1 7 17 2 1 2 4 5 5 2 1 |1 1 13 1 4 3 1 12 1 1 12 1 1 6 10 1 |1 1 1 1 1 2 1 2 5 11 1 1 1 1 1 1 |1 7 1 6 4 9 1 12 11 2 1 1 1 6 1 1 |6 6 3 9 3 1 1 12 14 1 18 3 15 1 2 1 |2 13 9 1 1 2 8 16 8 1 5 3 7 1 4 13 |1 1 1 1 2 1 15 13 5 1 1 5 1 8 7 1 |1 8 6 1 1 1 1 6 1 6 14 1 6 2 3 1 |1 1 1 2 1 1 3 5 1 5 3 1 1 1 4 14 |16 1 1 2 1 1 1 14 4 1 1 2 2 1 1 5 |
17509: 1 1 16 1 1 16 10 1 7 1 2 1 8 1 15 7 |1 4 1 9 1 1 3 2 1 4 10 11 15 4 1 5 |1 1 13 2 1 1 7 17 2 1 2 4 5 5 2 1 |1 1 13 1 4 3 1 12 1 1 12 1 1 6 10 1 |1 1 1 1 1 2 1 2 5 11 1 1 1 1 1 1 |1 7 1 6 4 9 1 12 11 2 1 1 1 6 1 1 |6 6 3 9 3 1 1 12 14 1 18 3 15 1 2 1 |2 13 9 1 1 2 8 16 8 1 5 3 7 1 4 13 |1 1 1 1 2 1 15 13 5 1 1 5 1 8 7 1 |1 8 3 4 1 6 2 6 1 5 13 1 6 2 1 1 |1 1 1 2 1 1 3 5 1 5 3 1 1 1 4 14 |16 1 1 2 1 1 1 14 4 1 1 2 2 1 1 5 |
17520: 1 1 16 1 1 16 10 1 7 1 2 1 8 1 15 7 |1 4 1 9 1 1 3 2 1 4 10 11 15 4 1 5 |1 1 13 2 1 1 7 17 2 1 2 4 5 5 2 1 |1 1 13 1 4 3 1 12 1 1 12 1 1 6 10 1 |1 1 1 1 1 2 1 2 5 11 1 1 1 1 1 1 |1 7 1 6 4 9 1 12 11 2 1 1 1 6 1 1 |6 6 3 9 3 1 1 12 14 1 18 3 15 1 2 1 |2 13 9 1 1 2 8 16 8 1 5 3 7 1 4 13 |1 1 1 1 2 1 15 13 5 1 1 5 1 8 7 1 |1 8 3 4 1 6 2 6 1 5 13 1 6 2 1 1 |1 1 1 2 1 1 3 5 1 5 3 1 1 1 4 14 |16 1 1 2 1 1 1 14 4 1 1 2 2 1 1 5 |
17531: 1 1 16 1 1 16 10 1 7 1 2 1 8 1 15 7 |1 4 1 9 1 1 3 2 1 4 10 11 15 4 1 5 |1 1 13 2 1 1 7 17 2 1 2 4 5 5 2 1 |1 1 13 1 4 3 1 12 1 1 12 1 1 6 10 1 |1 1 1 1 1 2 1 2 5 11 1 1 1 1 1 1 |1 7 1 6 4 9 1 12 11 2 1 1 1 6 1 1 |6 6 3 9 3 1 1 12 14 1 18 3 15 1 2 1 |2 13 9 1 1 2 8 16 8 1 5 3 7 1 4 13 |1 1 1 1 2 1 15 13 5 1 1 5 1 8 7 1 |1 8 3 4 1 6 2 6 1 5 13 1 6 2 1 1 |1 1 1 2 1 1 3 5 1 5 3 1 1 1 4 14 |16 1 1 2 1 1 1 14 4 1 1 2 2 1 1 5 |
17542: 1 1 16 1 1 16 10 1 7 1 2 1 8 1 15 7 |1 4 1 9 1 1 3 2 1 4 10 11 15 4 1 5 |1 1 13 2 1 1 7 17 2 1 2 4 5 5 2 1 |1 1 13 1 4 3 1 12 1 1 12 1 1 6 10 1 |1 1 1 1 1 2 1 2 5 11 1 1 1 1 1 1 |1 7 1 6 4 9 1 12 11 2 1 1 1 6 1 1 |6 6 3 9 3 1 1 12 14 1 18 3 15 1 2 1 |2 13 9 1 1 2 8 16 8 1 5 3 7 1 4 13 |1 1 1 1 2 1 15 13 5 1 1 5 1 8 7 1 |1 8 3 4 1 6 2 6 1 5 13 1 6 2 1 1 |1 1 1 2 1 1 3 5 1 5 3 1 1 1 4 14 |16 1 1 2 1 1 1 14 4 1 1 2 2 1 1 5 |
17553: 1 1 16 1 1 16 10 1 7 1 2 1 8 1 15 7 |1 4 1 9 1 1 3 2 1 4 10 11 15 4 1 5 |1 1 13 2 1 1 7 17 2 1 2 4 5 5 2 1 |1 1 13 1 4 3 1 12 1 1 12 1 1 6 10 1 |1 1 1 1 1 2 1 2 5 11 1 1 1 1 1 1 |1 7 1 6 4 9 1 12 11 2 1 1 1 6 1 1 |6 6 3 9 3 1 1 12 14 1 18 3 15 1 2 1 |2 13 9 1 1 2 8 16 8 1 5 3 7 1 4 13 |1 1 1 1 2 1 15 13 5 1 1 5 1 8 7 1 |1 8 3 4 1 6 2 6 1 5 13 1 6 2 1 1 |1 1 1 2 1 1 3 5 1 5 3 1 1 1 4 14 |16 1 1 2 1 1 1 14 4 1 1 2 2 1 1 5 |
17564: 1 1 16 1 1 16 10 1 7 1 2 1 8 1 15 7 |1 4 1 9 1 1 3 2 1 4 10 11 15 4 1 5 |1 1 13 2 1 1 7 17 2 1 2 4 5 5 2 1 |1 1 13 1 4 3 1 12 1 1 12 1 1 6 10 1 |1 1 1 1 1 2 1 2 5 11 1 1 1 1 1 1 |1 7 1 6 4 9 1 12 11 2 1 1 1 6 1 1 |6 6 3 9 3 1 1 12 14 1 18 3 15 1 2 1 |2 13 9 1 1 2 8 16 8 1 5 3 7 1 4 13 |1 1 1 1 2 1 15 13 5 1 1 5 1 8 7 1 |5 10 8 2 2 1 1 6 1 7 2 1 4 1 3 1 |1 1 1 2 1 1 3 5 1 5 3 1 1 1 4 14 |16 1 1 2 1 1 1 14 4 1 1 2 2 1 1 5 |
17575: 1 1 16 1 1 16 10 1 7 1 2 1 8 1 15 7 |1 4 1 9 1 1 3 2 1 4 10 11 15 4 1 5 |1 1 13 2 1 1 7 17 2 1 2 4 5 5 2 1 |1 1 13 1 4 3 1 12 1 1 12 1 1 6 10 1 |1 1 1 1 1 2 1 2 5 11 1 1 1 1 1 1 |1 7 1 6 4 9 1 12 11 2 1 1 1 6 1 1 |6 6 3 9 3 1 1 12 14 1 18 3 15 1 2 1 |2 13 9 1 1 2 8 16 8 1 5 3 7 1 4 13 |1 1 1 1 2 1 15 13 5 1 1 5 1 8 7 1 |5 10 8 2 2 1 1 6 1 7 2 1 4 1 3 1 |1 1 1 1 1 13 3 5 1 6 4 1 1 1 4 14 |16 1 1 2 1 1 1 14 4 1 1 2 2 1 1 5 |
17586: 1 1 1 1 8 16 9 1 6 1 2 2 5 1 3 1 |1 4 1 9 1 1 3 2 1 4 10 11 15 4 1 5 |1 1 13 2 1 1 7 17 2 1 2 4 5 5 2 1 |1 1 13 1 4 3 1 12 1 1 12 1 1 6 10 1 |1 1 1 1 1 2 1 2 5 11 1 1 1 1 1 1 |1 7 1 6 4 9 1 12 11 2 1 1 1 6 1 1 |6 6 3 9 3 1 1 12 14 1 18 3 15 1 2 1 |2 13 9 1 1 2 8 16 8 1 5 3 7 1 4 13 |1 1 1 1 2 1 15 13 5 1 1 5 1 8 7 1 |5 10 8 2 2 1 1 6 1 7 2 1 4 1 3 1 |1 1 1 1 1 13 3 5 1 6 4 1 1 1 4 14 |16 1 1 2 1 1 1 14 4 1 1 2 2 1 1 5 |
17597: 1 1 1 1 8 16 9 1 6 1 2 2 5 1 3 1 |1 4 1 9 1 1 3 2 1 4 10 11 15 4 1 5 |1 1 13 2 1 1 7 17 2 1 2 4 5 5 2 1 |1 1 13 1 4 3 1 12 1 1 12 1 1 6 10 1 |1 1 1 1 1 2 1 2 5 11 1 1 1 1 1 1 |1 7 1 6 4 9 1 12 11 2 1 1 1 6 1 1 |6 6 3 9 3 1 1 12 14 1 18 3 15 1 2 1 |2 13 9 1 1 2 8 16 8 1 5 3 7 1 4 13 |1 1 1 1 1 1 15 12 6 1 1 5 1 8 7 1 |5 10 8 2 2 1 1 6 1 7 2 1 4 1 3 1 |1 1 1 1 1 13 3 5 1 6 4 1 1 1 4 14 |16 1 1 2 1 1 1 14 4 1 1 2 2 1 1 5 |
17608: 1 1 1 1 8 16 9 1 6 1 2 2 5 1 3 1 |1 4 1 9 1 1 3 2 1 4 10 11 15 4 1 5 |1 1 13 2 1 1 7 17 2 1 2 4 5 5 2 1 |1 1 13 1 4 3 1 12 1 1 12 1 1 6 10 1 |1 1 1 1 1 2 1 2 5 11 1 1 1 1 1 1 |1 7 1 6 4 9 1 12 11 2 1 1 1 6 1 1 |6 6 3 9 3 1 1 12 14 1 18 3 15 1 2 1 |2 13 9 1 1 2 8 16 8 1 5 3 7 1 4 13 |1 1 1 1 1 1 15 12 6 1 1 5 1 8 7 1 |5 10 8 2 2 1 1 6 1 7 2 1 4 1 3 1 |1 1 1 1 1 13 3 5 1 6 4 1 1 1 4 14 |16 1 1 2 1 1 1 14 4 1 1 2 2 1 1 5 |
17619: 1 1 1 1 8 16 9 1 6 1 2 2 5 1 3 1 |1 4 1 9 1 1 3 2 1 4 10 11 15 4 1 5 |1 1 13 2 1 1 7 17 2 1 2 4 5 5 2 1 |1 1 13 1 4 3 1 12 1 1 12 1 1 6 10 1 |1 1 1 1 1 2 1 2 5 11 1 1 1 1 1 1 |1 7 1 6 4 9 1 12 11 2 1 1 1 6 1 1 |6 6 3 9 3 1 1 12 14 1 18 3 15 1 2 1 |2 13 9 1 1 2 8 16 8 1 5 3 7 1 4 13 |1 1 1 1 1 1 15 12 6 1 1 5 1 8 7 1 |5 10 8 2 2 1 1 6 1 7 2 1 4 1 3 1 |1 1 1 1 1 13 3 5 1 6 4 1 1 1 4 14 |16 1 1 2 1 1 1 14 4 1 1 2 2 1 1 5 |
17630: 1 1 1 1 8 16 9 1 6 1 2 2 5 1 3 1 |1 4 1 9 1 1 3 2 1 4 10 11 15 4 1 5 |1 1 13 2 1 1 7 17 2 1 2 4 5 5 2 1 |1 1 13 1 4 3 1 12 1 1 12 1 1 6 10 1 |1 1 1 1 1 2 1 2 5 11 1 1 1 1 1 1 |1 7 1 6 4 9 1 12 11 2 1 1 1 6 1 1 |6 6 3 9 3 1 1 12 14 1 18 3 15 1 2 1 |2 13 9 1 1 2 8 16 8 1 5 3 7 1 4 13 |1 2 1 1 5 1 15 12 6 1 1 5 1 9 7 1 |5 10 8 2 2 1 1 6 1 7 2 1 4 1 3 1 |1 1 1 1 1 13 3 5 1 6 4 1 1 1 4 14 |16 1 1 2 1 1 1 14 4 1 1 2 2 1 1 5 |
17641: 1 1 1 1 8 16 9 1 6 1 2 2 5 1 3 1 |1 4 1 9 1 1 3 2 1 4 10 11 15 4 1 5 |1 1 13 2 1 1 7 17 2 1 2 4 5 5 2 1 |1 1 13 1 4 3 1 12 1 1 12 1 1 6 10 1 |1 1 1 1 1 2 1 2 5 11 1 1 1 1 1 1 |1 7 1 6 4 9 1 12 11 2 1 1 1 6 1 1 |6 6 3 9 3 1 1 12 14 1 18 3 15 1 2 1 |2 13 9 1 1 2 8 16 8 1 5 3 7 1 4 13 |1 2 1 1 5 1 15 12 6 1 1 5 1 9 7 1 |1 9 5 1 1 1 1 6 1 6 2 1 5 2 3 1 |1 1 1 1 1 13 3 5 1 6 4 1 1 1 4 14 |16 1 1 2 1 1 1 14 4 1 1 2 2 1 1 5 |
17652: 1 1 1 1 8 16 9 1 6 1 2 2 5 1 3 1 |1 4 1 9 1 1 3 2 1 4 10 11 15 4 1 5 |1 1 13 2 1 1 7 17 2 1 2 4 5 5 2 1 |1 1 13 1 4 3 1 12 1 1 12 1 1 6 10 1 |1 1 1 1 1 2 1 2 5 11 1 1 1 1 1 1 |1 7 1 6 4 9 1 12 11 2 1 1 1 6 1 1 |6 6 3 9 3 1 1 12 14 1 18 3 15 1 2 1 |2 13 9 1 1 2 8 16 8 1 5 3 7 1 4 13 |1 2 1 1 5 1 15 12 6 1 1 5 1 9 7 1 |1 9 5 1 1 1 1 6 1 6 2 1 5 2 3 1 |1 1 1 1 1 13 3 5 1 6 4 1 1 1 4 14 |16 1 1 2 1 1 1 14 4 1 1 2 2 1 1 5 |
17663: 1 1 1 1 8 16 9 1 6 1 2 2 5 1 3 1 |1 4 1 9 1 1 3 2 1 4 10 11 15 4 1 5 |1 1 13 2 1 1 7 17 2 1 2 4 5 5 2 1 |1 1 13 1 4 3 1 12 1 1 12 1 1 6 10 1 |1 1 1 1 1 2 1 2 5 11 1 1 1 1 1 1 |1 7 1 6 4 9 1 12 11 2 1 1 1 6 1 1 |6 6 3 9 3 1 1 12 14 1 18 3 15 1 2 1 |2 13 9 1 1 2 8 16 8 1 5 3 7 1 4 13 |1 2 1 1 5 1 15 12 6 1 1 5 1 9 7 1 |1 9 5 1 1 1 1 6 1 6 2 1 5 2 3 1 |1 1 1 1 1 13 3 5 1 6 4 1 1 1 4 14 |16 1 1 2 1 1 1 14 4 1 1 2 2 1 1 5 |
17674: 1 1 1 1 8 16 9 1 6 1 2 2 5 1 3 1 |1 4 1 9 1 1 3 2 1 4 10 11 15 4 1 5 |1 1 13 2 1 1 7 17 2 1 2 4 5 5 2 1 |1 1 13 1 4 3 1 12 1 1 12 1 1 6 10 1 |1 1 1 1 1 2 1 2 5 11 1 1 1 1 1 1 |1 7 1 6 4 9 1 12 11 2 1 1 1 6 1 1 |6 6 3 9 3 1 1 12 14 1 18 3 15 1 2 1 |2 13 9 1 1 2 8 16 8 1 5 3 7 1 4 13 |1 2 1 1 5 1 15 12 6 1 1 5 1 9 7 1 |1 9 5 1 1 1 1 6 1 6 2 1 5 2 3 1 |1 1 1 1 1 13 3 5 1 6 4 1 1 1 4 14 |16 1 1 2 1 1 1 14 4 1 1 2 2 1 1 5 |
17685: 1 1 1 1 8 16 9 1 6 1 2 2 5 1 3 1 |1 4 1 9 1 1 3 2 1 4 10 11 15 4 1 5 |1 1 13 2 1 1 7 17 2 1 2 4 5 5 2 1 |1 1 13 1 4 3 1 12 1 1 12 1 1 6 10 1 |1 1 1 1 1 2 1 2 5 11 1 1 1 1 1 1 |1 7 1 6 4 9 1 12 11 2 1 1 1 6 1 1 |6 6 3 9 3 1 1 12 14 1 18 3 15 1 2 1 |2 13 9 1 1 2 8 16 8 1 5 3 7 1 4 13 |1 2 1 1 5 1 15 12 6 1 1 5 1 9 7 1 |1 9 5 1 1 1 1 6 1 6 2 1 5 2 3 1 |1 1 1 1 1 13 3 5 1 6 4 1 1 1 4 14 |16 1 1 2 1 1 1 14 4 1 1 2 2 1 1 5 |
17696: 1 1 1 1 8 16 9 1 6 1 2 2 5 1 3 1 |1 4 1 9 1 1 3 2 1 4 10 11 15 4 1 5 |1 1 13 2 1 1 7 17 2 1 2 4 5 5 2 1 |1 1 13 1 4 3 1 12 1 1 12 1 1 6 10 1 |1 1 1 1 1 2 1 2 5 11 1 1 1 1 1 1 |1 7 1 6 4 9 1 12 11 2 1 1 1 6 1 1 |6 6 3 9 3 1 1 12 14 1 18 3 15 1 2 1 |2 13 9 1 1 2 8 16 8 1 5 3 7 1 4 13 |1 2 1 1 5 1 15 12 6 1 1 5 1 9 7 1 |1 9 5 1 1 1 1 6 1 6 2 1 5 2 3 1 |1 1 1 1 1 13 3 5 1 6 4 1 1 1 4 14 |16 1 1 2 1 1 1 14 4 1 1 2 2 1 1 5 |
17707: 1 1 1 1 8 16 9 1 6 1 2 2 5 1 3 1 |1 4 1 9 1 1 3 2 1 4 10 11 15 4 1 5 |1 1 13 2 1 1 7 17 2 1 2 4 5 5 2 1 |1 1 13 1 4 3 1 12 1 1 12 1 1 6 10 1 |1 1 1 1 1 2 1 2 5 11 1 1 1 1 1 1 |1 7 1 6 4 9 1 12 11 2 1 1 1 6 1 1 |6 6 3 9 3 1 1 12 14 1 18 3 15 1 2 1 |2 13 9 1 1 2 8 16 8 1 5 3 7 1 4 13 |1 2 1 1 5 1 15 12 6 1 1 5 1 9 7 1 |1 9 5 1 1 1 1 6 1 6 2 1 5 2 3 1 |1 1 1 1 1 13 3 5 1 6 4 1 1 1 4 14 |16 1 1 2 1 1 1 14 4 1 1 2 2 1 1 5 |
17718: 1 1 1 1 6 15 9 1 3 1 2 1 1 1 12 1 |1 4 1 9 1 1 3 2 1 4 10 11 15 4 1 5 |1 1 13 2 1 1 7 17 2 1 2 4 5 5 2 1 |1 1 13 1 4 3 1 12 1 1 12 1 1 6 10 1 |1 1 1 1 1 2 1 2 5 11 1 1 1 1 1 1 |1 7 1 6 4 9 1 12 11 2 1 1 1 6 1 1 |6 6 3 9 3 1 1 12 14 1 18 3 15 1 2 1 |2 13 9 1 1 2 8 16 8 1 5 3 7 1 4 13 |1 2 1 1 5 1 15 12 6 1 1 5 1 9 7 1 |1 9 5 1 1 1 1 6 1 6 2 1 5 2 3 1 |1 1 1 1 1 13 3 5 1 6 4 1 1 1 4 14 |16 1 1 2 1 1 1 14 4 1 1 2 2 1 1 5 |
17729: 1 1 1 1 6 15 9 1 3 1 2 1 1 1 12 1 |1 4 1 9 1 1 3 2 1 4 10 11 15 4 1 5 |1 1 13 2 1 1 7 17 2 1 2 4 5 5 2 1 |1 1 13 1 4 3 1 12 1 1 12 1 1 6 10 1 |1 1 1 1 1 2 1 2 5 11 1 1 1 1 1 1 |1 7 1 6 4 9 1 12 11 2 1 1 1 6 1 1 |6 6 3 9 3 1 1 12 14 1 18 3 15 1 2 1 |2 13 9 1 1 2 8 16 8 1 5 3 7 1 4 13 |1 2 1 1 5 1 15 12 6 1 1 5 1 9 7 1 |1 9 3 1 1 1 1 5 1 6 2 1 5 1 1 1 |1 1 1 1 1 13 3 5 1 6 4 1 1 1 4 14 |16 1 1 2 1 1 1 14 4 1 1 2 2 1 1 5 |
17740: 1 1 1 1 6 15 9 1 3 1 2 1 1 1 12 1 |1 4 1 9 1 1 3 2 1 4 10 11 15 4 1 5 |1 1 13 2 1 1 7 17 2 1 2 4 5 5 2 1 |1 1 13 1 4 3 1 12 1 1 12 1 1 6 10 1 |1 1 1 1 1 2 1 2 5 11 1 1 1 1 1 1 |1 7 1 6 4 9 1 12 11 2 1 1 1 6 1 1 |6 6 3 9 3 1 1 12 14 1 18 3 15 1 2 1 |2 13 9 1 1 2 8 16 8 1 5 3 7 1 4 13 |1 2 1 1 5 1 15 12 6 1 1 5 1 9 7 1 |1 9 3 1 1 1 1 5 1 6 2 1 5 1 1 1 |1 1 1 1 1 1 1 1 2 10 2 1 1 1 4 10 |16 1 1 2 1 1 1 14 4 1 1 2 2 1 1 5 |
17751: 1 1 1 1 6 15 9 1 3 1 2 1 1 1 12 1 |1 4 1 9 1 1 3 2 1 4 10 11 15 4 1 5 |1 13 8 1 1 1 8 2 1 1 2 1 1 1 1 1 |1 1 13 1 4 3 1 12 1 1 12 1 1 6 10 1 |1 1 1 1 1 2 1 2 5 11 1 1 1 1 1 1 |1 7 1 6 4 9 1 12 11 2 1 1 1 6 1 1 |6 6 3 9 3 1 1 12 14 1 18 3 15 1 2 1 |2 13 9 1 1 2 8 16 8 1 5 3 7 1 4 13 |1 2 1 1 5 1 15 12 6 1 1 5 1 9 7 1 |1 9 3 1 1 1 1 5 1 6 2 1 5 1 1 1 |1 1 1 1 1 1 1 1 2 10 2 1 1 1 4 10 |16 1 1 2 1 1 1 14 4 1 1 2 2 1 1 5 |
17762: 1 1 1 1 6 15 9 1 3 1 2 1 1 1 12 1 |1 4 1 9 1 1 3 2 1 4 10 11 15 4 1 5 |1 13 8 1 1 1 8 2 1 1 2 1 1 1 1 1 |1 1 1 1 1 1 1 7 10 5 4 1 8 1 15 1 |1 1 1 1 1 2 1 2 5 11 1 1 1 1 1 1 |1 7 1 6 4 9 1 12 11 2 1 1 1 6 1 1 |6 6 3 9 3 1 1 12 14 1 18 3 15 1 2 1 |2 13 9 1 1 2 8 16 8 1 5 3 7 1 4 13 |1 2 1 1 5 1 15 12 6 1 1 5 1 9 7 1 |1 9 3 1 1 1 1 5 1 6 2 1 5 1 1 1 |1 1 1 1 1 1 1 1 2 10 2 1 1 1 4 10 |16 1 1 2 1 1 1 14 4 1 1 2 2 1 1 5 |
17773: 1 1 1 1 6 15 9 1 3 1 2 1 1 1 12 1 |1 4 1 9 1 1 3 2 1 4 10 11 15 4 1 5 |1 13 8 1 1 1 8 2 1 1 2 1 1 1 1 1 |1 1 1 1 1 1 1 7 10 5 4 1 8 1 15 1 |1 1 1 1 1 2 1 2 5 11 1 1 1 1 1 1 |1 7 1 6 4 9 1 12 11 2 1 1 1 6 1 1 |6 6 3 9 3 1 1 12 14 1 18 3 15 1 2 1 |2 13 9 1 1 2 8 16 8 1 5 3 7 1 4 13 |1 2 1 1 5 1 15 12 6 1 1 5 1 9 7 1 |1 9 3 1 1 1 1 5 1 6 2 1 5 1 1 1 |1 1 1 1 1 1 1 1 2 10 2 1 1 1 4 10 |16 1 1 2 1 1 1 14 4 1 1 2 2 1 1 5 |
17784: 1 1 1 1 6 15 9 1 3 1 2 1 1 1 12 1 |1 4 1 9 1 1 3 2 1 4 10 11 15 4 1 5 |1 13 8 1 1 1 8 2 1 1 2 1 1 1 1 1 |1 1 1 1 1 1 1 7 10 5 4 1 8 1 15 1 |1 1 1 1 1 2 1 2 5 11 1 1 1 1 1 1 |1 7 1 6 4 9 1 12 11 2 1 1 1 6 1 1 |6 6 3 9 3 1 1 12 14 1 18 3 15 1 2 1 |2 13 9 1 1 2 8 16 8 1 5 3 7 1 4 13 |1 2 1 1 5 1 15 12 6 1 1 5 1 9 7 1 |1 9 3 1 1 1 1 5 1 6 2 1 5 1 1 1 |1 1 1 1 1 1 1 1 2 10 2 1 1 1 4 10 |16 1 1 2 1 1 1 14 4 1 1 2 2 1 1 5 |
17795: 1 1 1 1 6 15 9 1 3 1 2 1 1 1 12 1 |1 4 1 9 1 1 3 2 1 4 10 11 15 4 1 5 |1 13 8 1 1 1 8 2 1 1 2 1 1 1 1 1 |1 1 1 1 1 1 1 7 10 5 4 1 8 1 15 1 |1 1 1 1 1 2 1 2 5 11 1 1 1 1 1 1 |1 7 1 6 4 9 1 12 11 2 1 1 1 6 1 1 |6 6 3 9 3 1 1 12 14 1 18 3 15 1 2 1 |2 13 9 1 1 2 8 16 8 1 5 3 7 1 4 13 |1 1 1 1 2 1 15 13 5 1 1 5 1 9 8 1 |1 9 3 1 1 1 1 5 1 6 2 1 5 1 1 1 |1 1 1 1 1 1 1 1 2 10 2 1 1 1 4 10 |16 1 1 2 1 1 1 14 4 1 1 2 2 1 1 5 |
17806: 1 1 1 1 6 15 9 1 3 1 2 1 1 1 12 1 |1 4 1 9 1 1 3 2 1 4 10 11 15 4 1 5 |1 13 8 1 1 1 8 2 1 1 2 1 1 1 1 1 |1 1 1 1 1 1 1 7 10 5 4 1 8 1 15 1 |1 1 1 1 1 2 1 2 5 11 1 1 1 1 1 1 |1 7 1 6 4 9 1 12 11 2 1 1 1 6 1 1 |6 6 3 9 3 1 1 12 14 1 18 3 15 1 2 1 |2 13 9 1 1 2 8 16 8 1 5 3 7 1 4 13 |1 1 1 1 2 1 15 13 5 1 1 5 1 9 8 1 |1 8 5 1 1 1 1 3 1 6 2 1 1 1 2 1 |1 1 1 1 1 1 1 1 2 10 2 1 1 1 4 10 |16 1 1 2 1 1 1 14 4 1 1 2 2 1 1 5 |
17816: 1 1 1 1 6 15 9 1 3 1 2 1 1 1 12 1 |1 4 1 9 1 1 3 2 1 4 10 11 15 4 1 5 |1 13 8 1 1 1 8 2 1 1 2 1 1 1 1 1 |1 1 1 1 1 1 1 7 10 5 4 1 8 1 15 1 |1 1 1 1 1 2 1 2 5 11 1 1 1 1 1 1 |1 7 1 6 4 9 1 12 11 2 1 1 1 6 1 1 |6 6 3 9 3 1 1 12 14 1 18 3 15 1 2 1 |2 13 9 1 1 2 8 16 8 1 5 3 7 1 4 13 |1 1 1 1 2 1 15 13 5 1 1 5 1 9 8 1 |1 8 5 1 1 1 1 3 1 6 2 1 1 1 2 1 |1 1 1 1 1 1 1 1 2 10 2 1 1 1 4 10 |16 1 1 2 1 1 1 14 4 1 1 2 2 1 1 5 |
17827: 1 1 1 1 6 15 9 1 3 1 2 1 1 1 12 1 |1 4 1 9 1 1 3 2 1 4 10 11 15 4 1 5 |1 13 8 1 1 1 8 2 1 1 2 1 1 1 1 1 |1 1 1 1 1 1 1 7 10 5 4 1 8 1 15 1 |1 1 1 1 1 2 1 2 5 11 1 1 1 1 1 1 |1 7 1 6 4 9 1 12 11 2 1 1 1 6 1 1 |6 6 3 9 3 1 1 12 14 1 18 3 15 1 2 1 |2 13 9 1 1 2 8 16 8 1 5 3 7 1 4 13 |1 1 1 1 2 1 15 13 5 1 1 5 1 9 8 1 |1 8 5 1 1 1 1 3 1 6 2 1 1 1 2 1 |1 1 1 1 1 1 1 1 2 10 2 1 1 1 4 10 |16 1 1 2 1 1 1 14 4 1 1 2 2 1 1 5 |
17838: 1 1 1 1 6 15 9 1 3 1 2 1 1 1 12 1 |1 4 1 9 1 1 3 2 1 4 10 11 15 4 1 5 |1 13 8 1 1 1 8 2 1 1 2 1 1 1 1 1 |1 1 1 1 1 1 1 7 10 5 4 1 8 1 15 1 |1 1 1 1 1 2 1 2 5 11 1 1 1 1 1 1 |1 7 1 6 4 9 1 12 11 2 1 1 1 6 1 1 |6 6 3 9 3 1 1 12 14 1 18 3 15 1 2 1 |2 13 9 1 1 2 8 16 8 1 5 3 7 1 4 13 |1 1 1 1 2 1 15 13 5 1 1 5 1 9 8 1 |1 8 5 1 1 1 1 3 1 6 2 1 1 1 2 1 |1 1 1 1 1 1 1 1 2 10 2 1 1 1 4 10 |16 1 1 2 1 1 1 14 4 1 1 2 2 1 1 5 |
17849: 1 1 1 1 6 15 9 1 3 1 2 1 1 1 12 1 |1 4 1 9 1 1 3 2 1 4 10 11 15 4 1 5 |1 13 8 1 1 1 8 2 1 1 2 1 1 1 1 1 |1 1 1 1 1 1 1 7 10 5 4 1 8 1 15 1 |1 1 1 1 1 2 1 2 5 11 1 1 1 1 1 1 |1 7 1 6 4 9 1 12 11 2 1 1 1 6 1 1 |6 6 3 9 3 1 1 12 14 1 18 3 15 1 2 1 |2 13 9 1 1 2 8 16 8 1 5 3 7 1 4 13 |1 1 1 1 2 1 15 13 5 1 1 5 1 9 8 1 |1 8 5 1 1 1 1 3 1 6 2 1 1 1 2 1 |1 1 1 1 1 1 1 1 2 10 2 1 1 1 4 10 |16 1 1 2 1 1 1 14 4 1 1 2 2 1 1 5 |
17860: 1 1 1 1 6 15 9 1 3 1 2 1 1 1 12 1 |1 4 1 9 1 1 3 2 1 4 10 11 15 4 1 5 |1 13 8 1 1 1 8 2 1 1 2 1 1 1 1 1 |1 1 1 1 1 1 1 7 10 5 4 1 8 1 15 1 |1 1 1 1 1 2 1 2 5 11 1 1 1 1 1 1 |1 7 1 6 4 9 1 12 11 2 1 1 1 6 1 1 |6 6 3 9 3 1 1 12 14 1 18 3 15 1 2 1 |1 1 1 1 2 1 6 16 1 1 4 1 1 1 2 3 |1 1 1 1 2 1 15 13 5 1 1 5 1 9 8 1 |1 8 5 1 1 1 1 3 1 6 2 1 1 1 2 1 |1 1 1 1 1 1 1 1 2 10 2 1 1 1 4 10 |16 1 1 2 1 1 1 14 4 1 1 2 2 1 1 5 |
17871: 1 1 1 1 6 15 9 1 3 1 2 1 1 1 12 1 |1 4 1 9 1 1 3 2 1 4 10 11 15 4 1 5 |1 13 8 1 1 1 8 2 1 1 2 1 1 1 1 1 |1 1 1 1 1 1 1 7 10 5 4 1 8 1 15 1 |1 1 1 1 1 2 1 2 5 11 1 1 1 1 1 1 |1 7 1 6 4 9 1 12 11 2 1 1 1 6 1 1 |6 6 3 9 3 1 1 12 14 1 18 3 15 1 2 1 |1 1 1 1 2 1 6 16 1 1 4 1 1 1 2 3 |1 1 1 1 2 1 15 13 5 1 1 5 1 9 8 1 |1 8 5 1 1 1 1 3 1 6 2 1 1 1 2 1 |1 1 1 1 1 1 1 1 2 10 2 1 1 1 4 10 |16 1 1 2 1 1 1 14 4 1 1 2 2 1 1 5 |
17882: 1 1 1 1 6 15 9 1 3 1 2 1 1 1 12 1 |1 4 1 9 1 1 3 2 1 4 10 11 15 4 1 5 |1 13 8 1 1 1 8 2 1 1 2 1 1 1 1 1 |1 1 1 1 1 1 1 7 10 5 4 1 8 1 15 1 |1 1 1 1 1 2 1 2 5 11 1 1 1 1 1 1 |1 7 1 6 4 9 1 12 11 2 1 1 1 6 1 1 |6 6 3 9 3 1 1 12 14 1 18 3 15 1 2 1 |1 1 1 1 2 1 6 16 1 1 4 1 1 1 2 3 |1 1 1 1 2 1 15 13 5 1 1 5 1 9 8 1 |1 8 5 1 1 1 1 3 1 6 2 1 1 1 2 1 |1 1 1 1 1 1 1 1 2 10 2 1 1 1 4 10 |16 1 1 2 1 1 1 14 4 1 1 2 2 1 1 5 |
17893: 1 1 1 1 6 15 9 1 3 1 2 1 1 1 12 1 |1 4 1 9 1 1 3 2 1 4 10 11 15 4 1 5 |1 13 8 1 1 1 8 2 1 1 2 1 1 1 1 1 |1 1 1 1 1 1 1 7 10 5 4 1 8 1 15 1 |1 1 1 1 1 2 1 2 5 11 1 1 1 1 1 1 |1 7 1 6 4 9 1 12 11 2 1 1 1 6 1 1 |6 6 3 9 3 1 1 12 14 1 18 3 15 1 2 1 |1 1 1 1 2 1 6 16 1 1 4 1 1 1 2 3 |1 1 1 1 2 1 15 13 5 1 1 5 1 9 8 1 |1 8 5 1 1 1 1 3 1 6 2 1 1 1 2 1 |1 1 1 1 1 1 1 1 2 10 2 1 1 1 4 10 |16 1 1 2 1 1 1 14 4 1 1 2 2 1 1 5 |
17904: 1 1 1 1 6 15 9 1 3 1 2 1 1 1 12 1 |1 4 1 9 1 1 3 2 1 4 10 11 15 4 1 5 |1 13 8 1 1 1 8 2 1 1 2 1 1 1 1 1 |1 1 1 1 1 1 1 7 10 5 4 1 8 1 15 1 |1 1 1 1 1 2 1 2 5 11 1 1 1 1 1 1 |1 7 1 6 4 9 1 12 11 2 1 1 1 6 1 1 |6 6 3 9 3 1 1 12 14 1 18 3 15 1 2 1 |1 1 1 1 2 1 6 16 1 1 4 1 1 1 2 3 |1 1 1 1 2 1 15 13 5 1 1 5 1 9 8 1 |1 8 5 1 1 1 1 3 1 6 2 1 1 1 2 1 |1 1 1 1 1 1 1 1 2 10 2 1 1 1 4 10 |16 1 1 2 1 1 1 14 4 1 1 2 2 1 1 5 |
17915: 1 1 1 1 6 15 9 1 3 1 2 1 1 1 12 1 |1 4 1 9 1 1 3 2 1 4 10 11 15 4 1 5 |1 13 8 1 1 1 8 2 1 1 2 1 1 1 1 1 |1 1 1 1 1 1 1 7 10 5 4 1 8 1 15 1 |1 1 1 1 1 2 1 2 5 11 1 1 1 1 1 1 |1 7 1 6 4 9 1 12 11 2 1 1 1 6 1 1 |6 6 3 9 3 1 1 12 14 1 18 3 15 1 2 1 |1 1 1 1 2 1 6 16 1 1 4 1 1 1 2 3 |1 1 1 1 2 1 15 13 5 1 1 5 1 9 8 1 |1 8 5 1 1 1 1 3 1 6 2 1 1 1 2 1 |1 1 1 1 1 1 1 1 2 10 2 1 1 1 4 10 |16 1 1 2 1 1 1 14 4 1 1 2 2 1 1 5 |
17926: 1 1 1 1 6 15 9 1 3 1 2 1 1 1 12 1 |1 4 1 9 1 1 3 2 1 4 10 11 15 4 1 5 |1 13 8 1 1 1 8 2 1 1 2 1 1 1 1 1 |1 1 1 1 1 1 1 7 10 5 4 1 8 1 15 1 |1 1 2 2 13 1 1 2 6 1 1 1 6 5 3 2 |1 7 1 6 4 9 1 12 11 2 1 1 1 6 1 1 |6 6 3 9 3 1 1 12 14 1 18 3 15 1 2 1 |1 1 1 1 2 1 6 16 1 1 4 1 1 1 2 3 |1 1 1 1 2 1 15 13 5 1 1 5 1 9 8 1 |1 8 5 1 1 1 1 3 1 6 2 1 1 1 2 1 |1 1 1 1 1 1 1 1 2 10 2 1 1 1 4 10 |16 1 1 2 1 1 1 14 4 1 1 2 2 1 1 5 |
17937: 1 1 1 1 6 15 9 1 3 1 2 1 1 1 12 1 |1 4 1 9 1 1 3 2 1 4 10 11 15 4 1 5 |1 13 8 1 1 1 8 2 1 1 2 1 1 1 1 1 |1 1 1 1 1 1 1 7 10 5 4 1 8 1 15 1 |1 1 2 2 13 1 1 2 6 1 1 1 6 5 3 2 |1 7 1 6 4 9 1 12 11 2 1 1 1 6 1 1 |6 6 3 9 3 1 1 12 14 1 18 3 15 1 2 1 |1 1 1 1 2 1 6 16 1 1 4 1 1 1 2 3 |1 1 1 1 2 1 15 13 5 1 1 5 1 9 8 1 |1 8 5 1 1 1 1 3 1 6 2 1 1 1 2 1 |1 1 1 1 1 1 1 1 2 10 2 1 1 1 4 10 |16 1 1 2 1 1 1 14 4 1 1 2 2 1 1 5 |
17948: 1 1 1 1 6 15 9 1 3 1 2 1 1 1 12 1 |1 4 1 9 1 1 3 2 1 4 10 11 15 4 1 5 |1 13 8 1 1 1 8 2 1 1 2 1 1 1 1 1 |1 1 1 1 1 1 1 7 10 5 4 1 8 1 15 1 |1 1 2 2 13 1 1 2 6 1 1 1 6 5 3 2 |1 7 1 6 4 9 1 12 11 2 1 1 1 6 1 1 |6 6 3 9 3 1 1 12 14 1 18 3 15 1 2 1 |1 1 1 1 2 1 6 16 1 1 4 1 1 1 2 3 |1 1 1 1 2 1 15 13 5 1 1 5 1 9 8 1 |1 8 5 1 1 1 1 3 1 6 2 1 1 1 2 1 |1 1 1 1 1 1 1 1 2 10 2 1 1 1 4 10 |16 1 1 2 1 1 1 14 4 1 1 2 2 1 1 5 |
17959: 1 1 1 1 6 15 9 1 3 1 2 1 1 1 12 1 |1 4 1 9 1 1 3 2 1 4 10 11 15 4 1 5 |1 13 8 1 1 1 8 2 1 1 2 1 1 1 1 1 |1 1 1 1 1 1 1 7 10 5 4 1 8 1 15 1 |1 1 2 2 13 1 1 2 6 1 1 1 6 5 3 2 |1 7 1 6 4 9 1 12 11 2 1 1 1 6 1 1 |6 6 3 9 3 1 1 12 14 1 18 3 15 1 2 1 |1 1 1 1 2 1 6 16 1 1 4 1 1 1 2 3 |1 1 1 1 2 1 15 13 5 1 1 5 1 9 8 1 |1 8 5 1 1 1 1 3 1 6 2 1 1 1 2 1 |1 1 1 1 1 1 1 1 2 10 2 1 1 1 4 10 |16 1 1 2 1 1 1 14 4 1 1 2 2 1 1 5 |
17970: 1 1 1 1 6 15 9 1 3 1 2 1 1 1 12 1 |1 4 1 9 1 1 3 2 1 4 10 11 15 4 1 5 |1 13 8 1 1 1 8 2 1 1 2 1 1 1 1 1 |1 1 1 1 1 1 1 7 10 5 4 1 8 1 15 1 |1 1 2 2 13 1 1 2 6 1 1 1 6 5 3 2 |1 7 1 6 4 9 1 12 11 2 1 1 1 6 1 1 |6 6 3 9 3 1 1 12 14 1 18 3 15 1 2 1 |1 1 1 1 2 1 6 16 1 1 4 1 1 1 2 3 |1 1 1 1 2 1 15 13 5 1 1 5 1 9 8 1 |1 8 5 1 1 1 1 3 1 6 2 1 1 1 2 1 |1 1 1 1 1 1 1 1 2 10 2 1 1 1 4 10 |16 1 1 2 1 1 1 14 4 1 1 2 2 1 1 5 |
17981: 1 1 1 1 6 15 9 1 3 1 2 1 1 1 12 1 |1 4 1 9 1 1 3 2 1 4 10 11 15 4 1 5 |1 13 8 1 1 1 8 2 1 1 2 1 1 1 1 1 |1 1 1 1 1 1 1 7 10 5 4 1 8 1 15 1 |1 1 2 2 13 1 1 2 6 1 1 1 6 5 3 2 |1 7 1 6 4 9 1 12 11 2 1 1 1 6 1 1 |6 6 3 9 3 1 1 12 14 1 18 3 15 1 2 1 |1 1 1 1 2 1 6 16 1 1 4 1 1 1 2 3 |1 1 1 1 2 1 15 13 5 1 1 5 1 9 8 1 |1 8 5 1 1 1 1 3 1 6 2 1 1 1 2 1 |1 1 1 1 1 1 1 1 2 10 2 1 1 1 4 10 |16 1 1 2 1 1 1 14 4 1 1 2 2 1 1 5 |
17992: 1 1 1 1 6 15 9 1 3 1 2 1 1 1 12 1 |1 4 1 9 1 1 3 2 1 4 10 11 15 4 1 5 |1 13 8 1 1 1 8 2 1 1 2 1 1 1 1 1 |1 1 1 1 1 1 1 7 10 5 4 1 8 1 15 1 |1 1 2 2 13 1 1 2 6 1 1 1 6 5 3 2 |1 1 4 12 2 5 1 1 9 1 1 1 3 2 1 3 |6 6 3 9 3 1 1 12 14 1 18 3 15 1 2 1 |1 1 1 1 2 1 6 16 1 1 4 1 1 1 2 3 |1 1 1 1 2 1 15 13 5 1 1 5 1 9 8 1 |1 8 5 1 1 1 1 3 1 6 2 1 1 1 2 1 |1 1 1 1 1 1 1 1 2 10 2 1 1 1 4 10 |16 1 1 2 1 1 1 14 4 1 1 2 2 1 1 5 |
18003: 1 1 1 1 6 15 9 1 3 1 2 1 1 1 12 1 |1 4 1 9 1 1 3 2 1 4 10 11 15 4 1 5 |1 13 8 1 1 1 8 2 1 1 2 1 1 1 1 1 |1 1 1 1 1 1 1 7 10 5 4 1 8 1 15 1 |1 1 2 2 13 1 1 2 6 1 1 1 6 5 3 2 |1 1 4 12 2 5 1 1 9 1 1 1 3 2 1 3 |6 6 3 9 3 1 1 12 14 1 18 3 15 1 2 1 |1 1 1 1 2 1 6 16 1 1 4 1 1 1 2 3 |1 1 1 1 2 1 15 13 5 1 1 5 1 9 8 1 |1 8 5 1 1 1 1 3 1 6 2 1 1 1 2 1 |1 1 1 1 1 1 1 1 2 10 2 1 1 1 4 10 |16 1 1 2 1 1 1 14 4 1 1 2 2 1 1 5 |
18014: 1 1 1 1 6 15 9 1 3 1 2 1 1 1 12 1 |1 4 1 9 1 1 3 2 1 4 10 11 15 4 1 5 |1 13 8 1 1 1 8 2 1 1 2 1 1 1 1 1 |1 1 1 1 1 1 1 7 10 5 4 1 8 1 15 1 |1 1 2 2 13 1 1 2 6 1 1 1 6 5 3 2 |1 1 4 12 2 5 1 1 9 1 1 1 3 2 1 3 |6 6 3 9 3 1 1 12 14 1 18 3 15 1 2 1 |1 1 1 1 2 1 6 16 1 1 4 1 1 1 2 3 |1 1 1 1 2 1 15 13 5 1 1 5 1 9 8 1 |1 8 5 1 1 1 1 3 1 6 2 1 1 1 2 1 |1 1 1 1 1 1 1 1 2 10 2 1 1 1 4 10 |16 1 1 2 1 1 1 14 4 1 1 2 2 1 1 5 |
18025: 1 1 1 1 6 15 9 1 3 1 2 1 1 1 12 1 |1 4 1 9 1 1 3 2 1 4 10 11 15 4 1 5 |1 13 8 1 1 1 8 2 1 1 2 1 1 1 1 1 |1 1 4 1 2 1 2 3 13 5 1 1 1 4 13 1 |1 1 2 2 13 1 1 2 6 1 1 1 6 5 3 2 |1 1 4 12 2 5 1 1 9 1 1 1 3 2 1 3 |6 6 3 9 3 1 1 12 14 1 18 3 15 1 2 1 |1 1 1 1 2 1 6 16 1 1 4 1 1 1 2 3 |1 1 1 1 2 1 15 13 5 1 1 5 1 9 8 1 |1 8 5 1 1 1 1 3 1 6 2 1 1 1 2 1 |1 1 1 1 1 1 1 1 2 10 2 1 1 1 4 10 |16 1 1 2 1 1 1 14 4 1 1 2 2 1 1 5 |
18036: 1 1 1 1 6 15 9 1 3 1 2 1 1 1 12 1 |1 4 1 9 1 1 3 2 1 4 10 11 15 4 1 5 |1 13 8 1 1 1 8 2 1 1 2 1 1 1 1 1 |1 1 4 1 2 1 2 3 13 5 1 1 1 4 13 1 |1 1 2 2 13 1 1 2 6 1 1 1 6 5 3 2 |1 1 4 12 2 5 1 1 9 1 1 1 3 2 1 3 |6 6 3 9 3 1 1 12 14 1 18 3 15 1 2 1 |1 1 1 1 2 1 6 16 1 1 4 1 1 1 2 3 |1 1 1 1 2 1 15 13 5 1 1 5 1 9 8 1 |1 8 5 1 1 1 1 3 1 6 2 1 1 1 2 1 |1 1 1 1 1 1 1 1 2 10 2 1 1 1 4 10 |16 1 1 2 1 1 1 14 4 1 1 2 2 1 1 5 |
18047: 1 1 1 1 6 15 9 1 3 1 2 1 1 1 12 1 |1 4 1 9 1 1 3 2 1 4 10 11 15 4 1 5 |1 13 8 1 1 1 8 2 1 1 2 1 1 1 1 1 |1 1 4 1 2 1 2 3 13 5 1 1 1 4 13 1 |1 1 2 2 13 1 1 2 6 1 1 1 6 5 3 2 |1 1 4 12 2 5 1 1 9 1 1 1 3 2 1 3 |6 6 3 9 3 1 1 12 14 1 18 3 15 1 2 1 |1 1 1 1 2 1 6 16 1 1 4 1 1 1 2 3 |1 1 1 1 2 1 15 13 5 1 1 5 1 9 8 1 |1 8 5 1 1 1 1 3 1 6 2 1 1 1 2 1 |1 1 1 1 1 1 1 1 2 10 2 1 1 1 4 10 |16 1 1 2 1 1 1 14 4 1 1 2 2 1 1 5 |
18058: 1 1 1 1 6 15 9 1 3 1 2 1 1 1 12 1 |1 4 1 9 1 1 3 2 1 4 10 11 15 4 1 5 |1 13 8 1 1 1 8 2 1 1 2 1 1 1 1 1 |1 1 4 1 2 1 2 3 13 5 1 1 1 4 13 1 |1 1 2 2 13 1 1 2 6 1 1 1 6 5 3 2 |1 1 4 12 2 5 1 1 9 1 1 1 3 2 1 3 |6 6 3 9 3 1 1 12 14 1 18 3 15 1 2 1 |1 1 1 1 2 1 6 16 1 1 4 1 1 1 2 3 |1 1 1 1 2 1 15 13 5 1 1 5 1 9 8 1 |1 8 5 1 1 1 1 3 1 6 2 1 1 1 2 1 |1 1 1 1 1 1 1 1 2 10 2 1 1 1 4 10 |16 1 1 2 1 1 1 14 4 1 1 2 2 1 1 5 |
18069: 1 1 1 1 6 15 9 1 3 1 2 1 1 1 12 1 |1 4 1 9 1 1 3 2 1 4 10 11 15 4 1 5 |1 13 8 1 1 1 8 2 1 1 2 1 1 1 1 1 |1 1 4 1 2 1 2 3 13 5 1 1 1 4 13 1 |1 1 2 2 13 1 1 2 6 1 1 1 6 5 3 2 |1 1 4 12 2 5 1 1 9 1 1 1 3 2 1 3 |6 6 3 9 3 1 1 12 14 1 18 3 15 1 2 1 |1 1 1 1 2 1 6 16 1 1 4 1 1 1 2 3 |1 1 1 1 2 1 15 13 5 1 1 5 1 9 8 1 |1 8 5 1 1 1 1 3 1 6 2 1 1 1 2 1 |1 1 1 1 1 1 1 1 2 10 2 1 1 1 4 10 |8 1 5 1 1 1 1 13 4 1 1 1 1 1 2 5 |
18080: 1 1 1 1 6 15 9 1 3 1 2 1 1 1 12 1 |1 4 1 9 1 1 3 2 1 4 10 11 15 4 1 5 |1 13 8 1 1 1 8 2 1 1 2 1 1 1 1 1 |1 1 4 1 2 1 2 3 13 5 1 1 1 4 13 1 |1 1 2 2 13 1 1 2 6 1 1 1 6 5 3 2 |1 1 4 12 2 5 1 1 9 1 1 1 3 2 1 3 |6 6 3 9 3 1 1 12 14 1 18 3 15 1 2 1 |1 1 1 1 2 1 6 16 1 1 4 1 1 1 2 3 |1 1 1 1 2 1 15 13 5 1 1 5 1 9 8 1 |1 8 5 1 1 1 1 3 1 6 2 1 1 1 2 1 |1 1 1 1 1 1 1 1 2 10 2 1 1 1 4 10 |8 1 5 1 1 1 1 13 4 1 1 1 1 1 2 5 |
18091: 1 1 1 1 6 15 9 1 3 1 2 1 1 1 12 1 |1 4 1 9 1 1 3 2 1 4 10 11 15 4 1 5 |1 12 16 1 1 1 4 3 3 2 1 5 1 3 1 1 |1 1 4 1 2 1 2 3 13 5 1 1 1 4 13 1 |1 1 2 2 13 1 1 2 6 1 1 1 6 5 3 2 |1 1 4 12 2 5 1 1 9 1 1 1 3 2 1 3 |6 6 3 9 3 1 1 12 14 1 18 3 15 1 2 1 |1 1 1 1 2 1 6 16 1 1 4 1 1 1 2 3 |1 1 1 1 2 1 15 13 5 1 1 5 1 9 8 1 |1 8 5 1 1 1 1 3 1 6 2 1 1 1 2 1 |1 1 1 1 1 1 1 1 2 10 2 1 1 1 4 10 |8 1 5 1 1 1 1 13 4 1 1 1 1 1 2 5 |
18102: 1 1 1 1 6 15 9 1 3 1 2 1 1 1 12 1 |1 4 1 9 1 1 3 2 1 4 10 11 15 4 1 5 |1 12 16 1 1 1 4 3 3 2 1 5 1 3 1 1 |1 1 4 1 2 1 2 3 13 5 1 1 1 4 13 1 |1 1 2 2 13 1 1 2 6 1 1 1 6 5 3 2 |1 1 4 12 2 5 1 1 9 1 1 1 3 2 1 3 |6 6 3 9 3 1 1 12 14 1 18 3 15 1 2 1 |1 1 1 1 2 1 6 16 1 1 4 1 1 1 2 3 |1 1 1 1 2 1 15 13 5 1 1 5 1 9 8 1 |1 8 5 1 1 1 1 3 1 6 2 1 1 1 2 1 |1 1 1 1 1 1 1 1 2 10 2 1 1 1 4 10 |3 1 1 1 1 1 1 13 3 1 1 2 1 2 1 6 |
18113: 1 1 1 1 6 15 9 1 3 1 2 1 1 1 12 1 |1 4 1 9 1 1 3 2 1 4 10 11 15 4 1 5 |1 12 16 1 1 1 4 3 3 2 1 5 1 3 1 1 |1 1 4 1 2 1 2 3 13 5 1 1 1 4 13 1 |1 1 2 2 13 1 1 2 6 1 1 1 6 5 3 2 |1 1 4 12 2 5 1 1 9 1 1 1 3 2 1 3 |6 6 3 9 3 1 1 12 14 1 18 3 15 1 2 1 |1 1 1 1 2 1 6 16 1 1 4 1 1 1 2 3 |1 1 1 1 2 1 15 13 5 1 1 5 1 9 8 1 |1 8 5 1 1 1 1 3 1 6 2 1 1 1 2 1 |1 1 1 1 1 1 1 1 2 10 2 1 1 1 4 10 |3 1 1 1 1 1 1 13 3 1 1 2 1 2 1 6 |
18124: 1 1 1 1 6 15 9 1 3 1 2 1 1 1 12 1 |1 4 1 9 1 1 3 2 1 4 10 11 15 4 1 5 |1 13 13 1 1 1 13 2 1 1 1 3 1 3 1 1 |1 1 4 1 2 1 2 3 13 5 1 1 1 4 13 1 |1 1 2 2 13 1 1 2 6 1 1 1 6 5 3 2 |1 1 4 12 2 5 1 1 9 1 1 1 3 2 1 3 |6 6 3 9 3 1 1 12 14 1 18 3 15 1 2 1 |1 1 1 1 2 1 6 16 1 1 4 1 1 1 2 3 |1 1 1 1 2 1 15 13 5 1 1 5 1 9 8 1 |1 8 5 1 1 1 1 3 1 6 2 1 1 1 2 1 |1 1 1 1 1 1 1 1 2 10 2 1 1 1 4 10 |3 1 1 1 1 1 1 13 3 1 1 2 1 2 1 6 |
18135: 1 1 1 1 6 15 9 1 3 1 2 1 1 1 12 1 |1 4 1 9 1 1 3 2 1 4 10 11 15 4 1 5 |1 13 13 1 1 1 13 2 1 1 1 3 1 3 1 1 |1 1 4 1 2 1 2 3 13 5 1 1 1 4 13 1 |1 1 2 2 13 1 1 2 6 1 1 1 6 5 3 2 |1 1 4 12 2 5 1 1 9 1 1 1 3 2 1 3 |6 6 3 9 3 1 1 12 14 1 18 3 15 1 2 1 |1 1 1 1 2 1 6 16 1 1 4 1 1 1 2 3 |1 1 1 1 2 1 15 13 5 1 1 5 1 9 8 1 |1 8 5 1 1 1 1 3 1 6 2 1 1 1 2 1 |1 1 1 1 1 1 1 1 2 10 2 1 1 1 4 10 |3 1 1 1 1 1 1 13 3 1 1 2 1 2 1 6 |
18146: 1 1 1 1 6 15 9 1 3 1 2 1 1 1 12 1 |1 4 1 9 1 1 3 2 1 4 10 11 15 4 1 5 |1 13 13 1 1 1 13 2 1 1 1 3 1 3 1 1 |1 1 4 1 2 1 2 3 13 5 1 1 1 4 13 1 |1 1 2 2 13 1 1 2 6 1 1 1 6 5 3 2 |1 1 4 12 2 5 1 1 9 1 1 1 3 2 1 3 |6 6 3 9 3 1 1 12 14 1 18 3 15 1 2 1 |1 1 1 1 2 1 6 16 1 1 4 1 1 1 2 3 |1 1 1 1 2 1 15 13 5 1 1 5 1 9 8 1 |1 8 5 1 1 1 1 3 1 6 2 1 1 1 2 1 |1 1 1 1 1 1 1 1 2 10 2 1 1 1 4 10 |3 1 1 1 1 1 1 13 3 1 1 2 1 2 1 6 |
18157: 1 1 1 1 6 15 9 1 3 1 2 1 1 1 12 1 |1 4 1 9 1 1 3 2 1 4 10 11 15 4 1 5 |1 13 13 1 1 1 13 2 1 1 1 3 1 3 1 1 |1 1 1 1 2 1 1 1 12 3 10 1 1 6 8 1 |1 1 2 2 13 1 1 2 6 1 1 1 6 5 3 2 |1 1 4 12 2 5 1 1 9 1 1 1 3 2 1 3 |6 6 3 9 3 1 1 12 14 1 18 3 15 1 2 1 |1 1 1 1 2 1 6 16 1 1 4 1 1 1 2 3 |1 1 1 1 2 1 15 13 5 1 1 5 1 9 8 1 |1 8 5 1 1 1 1 3 1 6 2 1 1 1 2 1 |1 1 1 1 1 1 1 1 2 10 2 1 1 1 4 10 |3 1 1 1 1 1 1 13 3 1 1 2 1 2 1 6 |
18168: 1 1 1 1 6 15 9 1 3 1 2 1 1 1 12 1 |1 4 1 9 1 1 3 2 1 4 10 11 15 4 1 5 |1 13 13 1 1 1 13 2 1 1 1 3 1 3 1 1 |1 1 1 1 2 1 1 1 12 3 10 1 1 6 8 1 |1 1 2 2 13 1 1 2 6 1 1 1 6 5 3 2 |1 1 4 12 2 5 1 1 9 1 1 1 3 2 1 3 |6 6 3 9 3 1 1 12 14 1 18 3 15 1 2 1 |1 1 1 1 2 1 6 16 1 1 4 1 1 1 2 3 |1 1 1 1 2 1 15 13 5 1 1 5 1 9 8 1 |1 8 5 1 1 1 1 3 1 6 2 1 1 1 2 1 |1 1 2 1 1 14 3 6 2 5 3 1 1 1 5 15 |3 1 1 1 1 1 1 13 3 1 1 2 1 2 1 6 |
18179: 1 1 1 1 6 15 9 1 3 1 2 1 1 1 12 1 |1 4 1 9 1 1 3 2 1 4 10 11 15 4 1 5 |1 13 13 1 1 1 13 2 1 1 1 3 1 3 1 1 |1 1 1 1 2 1 1 1 12 3 10 1 1 6 8 1 |1 1 2 2 13 1 1 2 6 1 1 1 6 5 3 2 |1 1 4 12 2 5 1 1 9 1 1 1 3 2 1 3 |6 6 3 9 3 1 1 12 14 1 18 3 15 1 2 1 |1 1 1 1 2 1 6 16 1 1 4 1 1 1 2 3 |1 1 1 1 2 1 15 13 5 1 1 5 1 9 8 1 |1 8 5 1 1 1 1 3 1 6 2 1 1 1 2 1 |1 1 2 1 1 14 3 6 2 5 3 1 1 1 5 15 |3 1 1 1 1 1 1 13 3 1 1 2 1 2 1 6 |
18190: 1 1 1 1 6 15 9 1 3 1 2 1 1 1 12 1 |1 4 1 1 1 1 1 1 1 13 9 12 9 3 1 1 |1 13 13 1 1 1 13 2 1 1 1 3 1 3 1 1 |1 1 1 1 2 1 1 1 12 3 10 1 1 6 8 1 |1 1 2 2 13 1 1 2 6 1 1 1 6 5 3 2 |1 1 4 12 2 5 1 1 9 1 1 1 3 2 1 3 |6 6 3 9 3 1 1 12 14 1 18 3 15 1 2 1 |1 1 1 1 2 1 6 16 1 1 4 1 1 1 2 3 |1 1 1 1 2 1 15 13 5 1 1 5 1 9 8 1 |1 8 5 1 1 1 1 3 1 6 2 1 1 1 2 1 |1 1 2 1 1 14 3 6 2 5 3 1 1 1 5 15 |3 1 1 1 1 1 1 13 3 1 1 2 1 2 1 6 |
18200: 1 1 1 1 6 15 9 1 3 1 2 1 1 1 12 1 |1 4 1 1 1 1 1 1 1 13 9 12 9 3 1 1 |1 13 13 1 1 1 13 2 1 1 1 3 1 3 1 1 |1 1 1 1 2 1 1 1 12 3 10 1 1 6 8 1 |1 1 2 2 13 1 1 2 6 1 1 1 6 5 3 2 |1 1 4 12 2 5 1 1 9 1 1 1 3 2 1 3 |6 6 3 9 3 1 1 12 14 1 18 3 15 1 2 1 |1 1 1 1 2 1 6 16 1 1 4 1 1 1 2 3 |1 1 1 1 2 1 15 13 5 1 1 5 1 9 8 1 |1 8 2 1 1 4 1 6 1 5 2 1 5 2 3 1 |1 1 2 1 1 14 3 6 2 5 3 1 1 1 5 15 |3 1 1 1 1 1 1 13 3 1 1 2 1 2 1 6 |
18211: 1 1 1 1 6 15 9 1 3 1 2 1 1 1 12 1 |1 4 1 1 1 1 1 1 1 13 9 12 9 3 1 1 |1 13 13 1 1 1 13 2 1 1 1 3 1 3 1 1 |1 1 1 1 2 1 1 1 12 3 10 1 1 6 8 1 |1 1 2 2 13 1 1 2 6 1 1 1 6 5 3 2 |1 1 4 12 2 5 1 1 9 1 1 1 3 2 1 3 |6 6 3 9 3 1 1 12 14 1 18 3 15 1 2 1 |1 1 1 1 2 1 6 16 1 1 4 1 1 1 2 3 |1 1 1 1 2 1 15 13 5 1 1 5 1 9 8 1 |1 8 2 1 1 4 1 6 1 5 2 1 5 2 3 1 |1 1 2 1 1 14 3 6 2 5 3 1 1 1 5 15 |3 1 1 1 1 1 1 13 3 1 1 2 1 2 1 6 |
18222: 1 1 1 1 6 15 9 1 3 1 2 1 1 1 12 1 |1 4 1 1 1 1 1 1 1 13 9 12 9 3 1 1 |1 13 8 1 1 2 13 6 1 1 2 3 1 1 1 1 |1 1 1 1 2 1 1 1 12 3 10 1 1 6 8 1 |1 1 2 2 13 1 1 2 6 1 1 1 6 5 3 2 |1 1 4 12 2 5 1 1 9 1 1 1 3 2 1 3 |6 6 3 9 3 1 1 12 14 1 18 3 15 1 2 1 |1 1 1 1 2 1 6 16 1 1 4 1 1 1 2 3 |1 1 1 1 2 1 15 13 5 1 1 5 1 9 8 1 |1 8 2 1 1 4 1 6 1 5 2 1 5 2 3 1 |1 1 2 1 1 14 3 6 2 5 3 1 1 1 5 15 |3 1 1 1 1 1 1 13 3 1 1 2 1 2 1 6 |
18233: 1 1 1 1 6 15 9 1 3 1 2 1 1 1 12 1 |1 4 1 1 1 1 1 1 1 13 9 12 9 3 1 1 |1 13 8 1 1 2 13 6 1 1 2 3 1 1 1 1 |1 1 1 1 2 1 1 1 12 3 10 1 1 6 8 1 |1 1 2 2 13 1 1 2 6 1 1 1 6 5 3 2 |1 1 4 12 2 5 1 1 9 1 1 1 3 2 1 3 |6 6 3 9 3 1 1 12 14 1 18 3 15 1 2 1 |1 1 1 1 2 1 6 16 1 1 4 1 1 1 2 3 |1 1 1 1 2 1 15 13 5 1 1 5 1 9 8 1 |1 9 1 1 1 5 1 6 1 6 2 1 5 2 15 1 |1 1 2 1 1 14 3 6 2 5 3 1 1 1 5 15 |3 1 1 1 1 1 1 13 3 1 1 2 1 2 1 6 |
18244: 1 1 1 1 6 15 9 1 3 1 2 1 1 1 12 1 |1 4 1 1 1 1 1 1 1 13 9 12 9 3 1 1 |1 13 8 1 1 2 13 6 1 1 2 3 1 1 1 1 |1 1 1 1 2 1 1 1 12 3 10 1 1 6 8 1 |1 1 2 2 13 1 1 2 6 1 1 1 6 5 3 2 |1 1 4 12 2 5 1 1 9 1 1 1 3 2 1 3 |6 6 3 9 3 1 1 12 14 1 18 3 15 1 2 1 |1 1 1 1 2 1 6 16 1 1 4 1 1 1 2 3 |1 1 1 1 2 1 15 13 5 1 1 5 1 9 8 1 |1 9 1 1 1 5 1 6 1 6 2 1 5 2 15 1 |1 1 2 1 1 14 3 6 2 5 3 1 1 1 5 15 |3 1 1 1 1 1 1 13 3 1 1 2 1 2 1 6 |
18255: 1 1 1 1 6 15 9 1 3 1 2 1 1 1 12 1 |1 4 1 1 1 1 1 1 1 13 9 12 9 3 1 1 |1 1 1 1 1 1 5 8 1 2 1 1 1 1 1 1 |1 1 1 1 2 1 1 1 12 3 10 1 1 6 8 1 |1 1 2 2 13 1 1 2 6 1 1 1 6 5 3 2 |1 1 4 12 2 5 1 1 9 1 1 1 3 2 1 3 |6 6 3 9 3 1 1 12 14 1 18 3 15 1 2 1 |1 1 1 1 2 1 6 16 1 1 4 1 1 1 2 3 |1 1 1 1 2 1 15 13 5 1 1 5 1 9 8 1 |1 9 1 1 1 5 1 6 1 6 2 1 5 2 15 1 |1 1 2 1 1 14 3 6 2 5 3 1 1 1 5 15 |3 1 1 1 1 1 1 13 3 1 1 2 1 2 1 6 |
18266: 1 1 1 1 6 15 9 1 3 1 2 1 1 1 12 1 |1 4 1 1 1 1 1 1 1 13 9 12 9 3 1 1 |1 1 1 1 1 1 5 8 1 2 1 1 1 1 1 1 |1 1 1 1 2 1 1 1 12 3 10 1 1 6 8 1 |1 1 2 2 13 1 1 2 6 1 1 1 6 5 3 2 |1 1 4 12 2 5 1 1 9 1 1 1 3 2 1 3 |6 6 3 9 3 1 1 12 14 1 18 3 15 1 2 1 |1 1 1 1 2 1 6 16 1 1 4 1 1 1 2 3 |1 1 1 1 2 1 15 13 5 1 1 5 1 9 8 1 |1 9 1 1 1 5 1 6 1 6 2 1 5 2 15 1 |1 1 2 1 1 13 3 5 4 5 3 1 2 1 5 14 |3 1 1 1 1 1 1 13 3 1 1 2 1 2 1 6 |
18277: 1 1 1 1 6 15 9 1 3 1 2 1 1 1 12 1 |1 4 1 1 1 1 1 1 1 13 9 12 9 3 1 1 |1 1 1 1 1 1 5 8 1 2 1 1 1 1 1 1 |1 1 1 1 2 1 1 1 12 3 10 1 1 6 8 1 |1 1 2 2 13 1 1 2 6 1 1 1 6 5 3 2 |1 1 4 12 2 5 1 1 9 1 1 1 3 2 1 3 |6 6 3 9 3 1 1 12 14 1 18 3 15 1 2 1 |1 1 1 1 2 1 6 16 1 1 4 1 1 1 2 3 |1 1 1 1 2 1 15 13 5 1 1 5 1 9 8 1 |1 9 1 1 1 5 1 6 1 6 2 1 5 2 15 1 |1 1 2 1 1 13 3 5 4 5 3 1 2 1 5 14 |3 1 1 1 1 1 1 13 3 1 1 2 1 2 1 6 |
18288: 1 1 1 1 6 15 9 1 3 1 2 1 1 1 12 1 |1 4 1 1 1 1 1 1 1 13 9 12 9 3 1 1 |1 1 1 1 1 1 5 8 1 2 1 1 1 1 1 1 |1 1 1 1 2 1 1 1 12 3 10 1 1 6 8 1 |1 1 2 2 13 1 1 2 6 1 1 1 6 5 3 2 |1 1 4 12 2 5 1 1 9 1 1 1 3 2 1 3 |6 6 3 9 3 1 1 12 14 1 18 3 15 1 2 1 |1 1 1 1 2 1 6 16 1 1 4 1 1 1 2 3 |1 1 1 1 2 1 15 13 5 1 1 5 1 9 8 1 |1 9 1 1 1 5 1 6 1 6 2 1 5 2 15 1 |1 1 2 1 1 13 3 5 4 5 3 1 2 1 5 14 |3 1 1 1 1 1 1 13 3 1 1 2 1 2 1 6 |
18299: 1 1 1 1 6 15 9 1 3 1 2 1 1 1 12 1 |1 4 1 1 1 1 1 1 1 13 9 12 9 3 1 1 |1 1 1 1 1 1 5 8 1 2 1 1 1 1 1 1 |1 1 1 1 2 1 1 1 12 3 10 1 1 6 8 1 |1 1 2 2 13 1 1 2 6 1 1 1 6 5 3 2 |1 1 4 12 2 5 1 1 9 1 1 1 3 2 1 3 |6 6 3 9 3 1 1 12 14 1 18 3 15 1 2 1 |1 1 1 1 2 1 6 16 1 1 4 1 1 1 2 3 |1 1 1 1 2 1 15 13 5 1 1 5 1 9 8 1 |1 9 1 1 1 5 1 6 1 6 2 1 5 2 15 1 |1 1 2 1 1 13 3 5 4 5 3 1 2 1 5 14 |3 1 1 1 1 1 1 13 3 1 1 2 1 2 1 6 |
18310: 1 1 1 1 6 15 9 1 3 1 2 1 1 1 12 1 |1 4 1 1 1 1 1 1 1 13 9 12 9 3 1 1 |1 1 1 1 1 1 5 8 1 2 1 1 1 1 1 1 |1 1 1 1 2 1 1 1 12 3 10 1 1 6 8 1 |1 1 2 2 13 1 1 2 6 1 1 1 6 5 3 2 |1 1 4 12 2 5 1 1 9 1 1 1 3 2 1 3 |6 6 3 9 3 1 1 12 14 1 18 3 15 1 2 1 |1 1 1 1 2 1 6 16 1 1 4 1 1 1 2 3 |1 1 1 1 2 1 15 13 5 1 1 5 1 9 8 1 |1 9 1 1 1 5 1 6 1 6 2 1 5 2 15 1 |1 1 2 1 1 13 3 5 4 5 3 1 2 1 5 14 |3 1 1 1 1 1 1 13 3 1 1 2 1 2 1 6 |
18321: 1 1 1 1 6 15 9 1 3 1 2 1 1 1 12 1 |1 4 1 1 1 1 1 1 1 13 9 12 9 3 1 1 |1 1 1 1 1 1 5 8 1 2 1 1 1 1 1 1 |1 1 1 1 2 1 1 1 12 3 10 1 1 6 8 1 |1 1 2 2 13 1 1 2 6 1 1 1 6 5 3 2 |1 1 1 3 2 6 1 1 8 3 1 1 3 2 1 1 |6 6 3 9 3 1 1 12 14 1 18 3 15 1 2 1 |1 1 1 1 2 1 6 16 1 1 4 1 1 1 2 3 |1 1 1 1 2 1 15 13 5 1 1 5 1 9 8 1 |1 9 1 1 1 5 1 6 1 6 2 1 5 2 15 1 |1 1 2 1 1 13 3 5 4 5 3 1 2 1 5 14 |3 1 1 1 1 1 1 13 3 1 1 2 1 2 1 6 |
18332: 1 1 1 1 6 15 9 1 3 1 2 1 1 1 12 1 |1 4 1 1 1 1 1 1 1 13 9 12 9 3 1 1 |1 1 1 1 1 1 5 8 1 2 1 1 1 1 1 1 |1 1 1 1 2 1 1 1 12 3 10 1 1 6 8 1 |1 1 2 2 13 1 1 2 6 1 1 1 6 5 3 2 |1 1 1 3 2 6 1 1 8 3 1 1 3 2 1 1 |6 6 3 9 3 1 1 12 14 1 18 3 15 1 2 1 |1 1 1 1 2 1 6 16 1 1 4 1 1 1 2 3 |1 1 1 1 2 1 15 13 5 1 1 5 1 9 8 1 |1 9 1 1 1 5 1 6 1 6 2 1 5 2 15 1 |1 1 2 1 1 13 3 5 4 5 3 1 2 1 5 14 |3 1 1 1 1 1 1 13 3 1 1 2 1 2 1 6 |
18343: 1 1 1 1 6 15 9 1 3 1 2 1 1 1 12 1 |1 4 1 1 1 1 1 1 1 13 9 12 9 3 1 1 |1 1 1 1 1 1 5 8 1 2 1 1 1 1 1 1 |1 1 1 1 2 1 1 1 12 3 10 1 1 6 8 1 |1 1 2 2 13 1 1 2 6 1 1 1 6 5 3 2 |1 1 1 3 2 6 1 1 8 3 1 1 3 2 1 1 |6 6 3 9 3 1 1 12 14 1 18 3 15 1 2 1 |1 1 1 1 2 1 6 16 1 1 4 1 1 1 2 3 |1 1 1 1 2 1 15 13 5 1 1 5 1 9 8 1 |1 9 1 1 1 5 1 6 1 6 2 1 5 2 15 1 |1 1 2 1 1 13 3 5 4 5 3 1 2 1 5 14 |3 1 1 1 1 1 1 13 3 1 1 2 1 2 1 6 |
18354: 1 1 1 1 6 15 9 1 3 1 2 1 1 1 12 1 |1 4 1 1 1 1 1 1 1 13 9 12 9 3 1 1 |1 1 1 1 1 1 5 8 1 2 1 1 1 1 1 1 |1 1 1 1 2 1 1 1 12 3 10 1 1 6 8 1 |1 1 2 2 13 1 1 2 6 1 1 1 6 5 3 2 |1 1 1 3 2 6 1 1 8 3 1 1 3 2 1 1 |6 6 3 9 3 1 1 12 14 1 18 3 15 1 2 1 |1 1 1 1 2 1 6 16 1 1 4 1 1 1 2 3 |1 1 1 1 2 1 15 13 5 1 1 5 1 9 8 1 |1 9 1 1 1 5 1 6 1 6 2 1 5 2 15 1 |1 1 2 1 1 13 3 5 4 5 3 1 2 1 5 14 |3 1 1 1 1 1 1 13 3 1 1 2 1 2 1 6 |
18365: 1 1 1 1 6 15 9 1 3 1 2 1 1 1 12 1 |1 4 1 1 1 1 1 1 1 13 9 12 9 3 1 1 |1 1 1 1 1 1 5 8 1 2 1 1 1 1 1 1 |1 1 1 1 2 1 1 1 12 3 10 1 1 6 8 1 |1 1 2 2 13 1 1 2 6 1 1 1 6 5 3 2 |1 1 1 3 2 6 1 1 8 3 1 1 3 2 1 1 |6 6 3 9 3 1 1 12 14 1 18 3 15 1 2 1 |1 1 1 1 2 1 6 16 1 1 4 1 1 1 2 3 |1 1 1 1 2 1 15 13 5 1 1 5 1 9 8 1 |1 9 1 1 1 5 1 6 1 6 2 1 5 2 15 1 |1 1 2 1 1 13 3 5 4 5 3 1 2 1 5 14 |3 1 1 1 1 1 1 13 3 1 1 2 1 2 1 6 |
18376: 1 1 1 1 6 15 9 1 3 1 2 1 1 1 12 1 |1 4 1 1 1 1 1 1 1 13 9 12 9 3 1 1 |1 1 1 1 1 1 5 8 1 2 1 1 1 1 1 1 |1 1 1 1 2 1 1 1 12 3 10 1 1 6 8 1 |1 1 2 2 13 1 1 2 6 1 1 1 6 5 3 2 |1 1 1 3 2 6 1 1 8 3 1 1 3 2 1 1 |6 6 3 9 3 1 1 12 14 1 18 3 15 1 2 1 |1 1 1 1 2 1 6 16 1 1 4 1 1 1 2 3 |1 1 1 1 2 1 15 13 5 1 1 5 1 9 8 1 |1 9 1 1 1 5 1 6 1 6 2 1 5 2 15 1 |1 1 2 1 1 13 3 5 4 5 3 1 2 1 5 14 |3 1 1 1 1 1 1 13 3 1 1 2 1 2 1 6 |
18387: 1 1 1 1 6 15 9 1 3 1 2 1 1 1 12 1 |1 4 1 1 1 1 1 1 1 13 9 12 9 3 1 1 |1 1 1 1 1 1 5 8 1 2 1 1 1 1 1 1 |1 1 1 1 6 1 3 1 1 1 6 1 8 2 13 1 |1 1 2 2 13 1 1 2 6 1 1 1 6 5 3 2 |1 1 1 3 2 6 1 1 8 3 1 1 3 2 1 1 |6 6 3 9 3 1 1 12 14 1 18 3 15 1 2 1 |1 1 1 1 2 1 6 16 1 1 4 1 1 1 2 3 |1 1 1 1 2 1 15 13 5 1 1 5 1 9 8 1 |1 9 1 1 1 5 1 6 1 6 2 1 5 2 15 1 |1 1 2 1 1 13 3 5 4 5 3 1 2 1 5 14 |3 1 1 1 1 1 1 13 3 1 1 2 1 2 1 6 |
18398: 1 1 1 1 6 15 9 1 3 1 2 1 1 1 12 1 |1 4 1 1 1 1 1 1 1 13 9 12 9 3 1 1 |1 1 1 1 1 1 5 8 1 2 1 1 1 1 1 1 |1 1 1 1 6 1 3 1 1 1 6 1 8 2 13 1 |1 1 2 2 13 1 1 2 6 1 1 1 6 5 3 2 |1 1 1 3 2 6 1 1 8 3 1 1 3 2 1 1 |6 6 3 9 3 1 1 12 14 1 18 3 15 1 2 1 |1 1 1 1 2 1 6 16 1 1 4 1 1 1 2 3 |1 1 1 1 2 1 15 13 5 1 1 5 1 9 8 1 |1 9 1 1 1 5 1 6 1 6 2 1 5 2 15 1 |1 1 2 1 1 13 3 5 4 5 3 1 2 1 5 14 |3 1 1 1 1 1 1 13 3 1 1 2 1 2 1 6 |
18409: 1 1 1 1 6 15 9 1 3 1 2 1 1 1 12 1 |1 4 1 1 1 1 1 1 1 13 9 12 9 3 1 1 |1 1 1 1 1 1 5 8 1 2 1 1 1 1 1 1 |1 1 1 1 6 1 3 1 1 1 6 1 8 2 13 1 |1 1 2 2 13 1 1 2 6 1 1 1 6 5 3 2 |1 1 1 3 2 6 1 1 8 3 1 1 3 2 1 1 |6 6 3 9 3 1 1 12 14 1 18 3 15 1 2 1 |1 1 1 1 2 1 6 16 1 1 4 1 1 1 2 3 |1 1 1 1 2 1 15 13 5 1 1 5 1 9 8 1 |1 9 1 1 1 5 1 6 1 6 2 1 5 2 15 1 |1 1 2 1 1 13 3 5 4 5 3 1 2 1 5 14 |3 1 1 1 1 1 1 13 3 1 1 2 1 2 1 6 |
18420: 1 1 1 1 6 15 9 1 3 1 2 1 1 1 12 1 |1 4 1 1 1 1 1 1 1 13 9 12 9 3 1 1 |1 1 1 1 1 1 5 8 1 2 1 1 1 1 1 1 |1 1 1 1 6 1 3 1 1 1 6 1 8 2 13 1 |1 1 1 2 14 1 1 1 1 1 1 1 7 1 3 7 |1 1 1 3 2 6 1 1 8 3 1 1 3 2 1 1 |6 6 3 9 3 1 1 12 14 1 18 3 15 1 2 1 |1 1 1 1 2 1 6 16 1 1 4 1 1 1 2 3 |1 1 1 1 2 1 15 13 5 1 1 5 1 9 8 1 |1 9 1 1 1 5 1 6 1 6 2 1 5 2 15 1 |1 1 2 1 1 13 3 5 4 5 3 1 2 1 5 14 |3 1 1 1 1 1 1 13 3 1 1 2 1 2 1 6 |
18431: 1 1 1 1 6 15 9 1 3 1 2 1 1 1 12 1 |1 4 1 1 1 1 1 1 1 13 9 12 9 3 1 1 |1 1 1 1 1 1 5 8 1 2 1 1 1 1 1 1 |1 1 1 1 6 1 3 1 1 1 6 1 8 2 13 1 |1 1 1 2 14 1 1 1 1 1 1 1 7 1 3 7 |1 1 1 3 2 6 1 1 8 3 1 1 3 2 1 1 |6 6 3 9 3 1 1 12 14 1 18 3 15 1 2 1 |1 1 1 1 2 1 6 16 1 1 4 1 1 1 2 3 |1 1 1 1 2 1 15 13 5 1 1 5 1 9 8 1 |1 9 1 1 1 5 1 6 1 6 2 1 5 2 15 1 |1 1 2 1 1 13 3 5 4 5 3 1 2 1 5 14 |8 1 1 1 9 1 1 6 1 1 1 2 1 1 2 4 |
18442: 1 1 1 1 6 15 9 1 3 1 2 1 1 1 12 1 |1 4 1 1 1 1 1 1 1 13 9 12 9 3 1 1 |1 1 1 1 1 1 5 8 1 2 1 1 1 1 1 1 |1 1 1 1 6 1 3 1 1 1 6 1 8 2 13 1 |1 1 1 2 14 1 1 1 1 1 1 1 7 1 3 7 |1 1 1 3 2 6 1 1 8 3 1 1 3 2 1 1 |6 6 3 9 3 1 1 12 14 1 18 3 15 1 2 1 |1 1 1 1 2 1 6 16 1 1 4 1 1 1 2 3 |1 1 1 1 2 1 15 13 5 1 1 5 1 9 8 1 |1 9 1 1 1 5 1 6 1 6 2 1 5 2 15 1 |1 1 2 1 1 13 3 5 4 5 3 1 2 1 5 14 |8 1 1 1 9 1 1 6 1 1 1 2 1 1 2 4 |
18453: 1 1 1 1 6 15 9 1 3 1 2 1 1 1 12 1 |1 4 1 1 1 1 1 1 1 13 9 12 9 3 1 1 |1 14 10 3 9 1 3 3 1 2 1 5 1 4 1 1 |1 1 1 1 6 1 3 1 1 1 6 1 8 2 13 1 |1 1 1 2 14 1 1 1 1 1 1 1 7 1 3 7 |1 1 1 3 2 6 1 1 8 3 1 1 3 2 1 1 |6 6 3 9 3 1 1 12 14 1 18 3 15 1 2 1 |1 1 1 1 2 1 6 16 1 1 4 1 1 1 2 3 |1 1 1 1 2 1 15 13 5 1 1 5 1 9 8 1 |1 9 1 1 1 5 1 6 1 6 2 1 5 2 15 1 |1 1 2 1 1 13 3 5 4 5 3 1 2 1 5 14 |8 1 1 1 9 1 1 6 1 1 1 2 1 1 2 4 |
18464: 1 1 1 1 6 15 9 1 3 1 2 1 1 1 12 1 |1 4 1 1 1 1 1 1 1 13 9 12 9 3 1 1 |1 14 10 3 9 1 3 3 1 2 1 5 1 4 1 1 |1 1 1 1 6 1 3 1 1 1 6 1 8 2 13 1 |1 1 1 2 14 1 1 1 1 1 1 1 7 1 3 7 |1 1 1 3 2 6 1 1 8 3 1 1 3 2 1 1 |6 6 3 9 3 1 1 12 14 1 18 3 15 1 2 1 |1 1 1 1 2 1 6 16 1 1 4 1 1 1 2 3 |1 1 1 1 2 1 15 13 5 1 1 5 1 9 8 1 |1 9 1 1 1 5 1 6 1 6 2 1 5 2 15 1 |1 1 2 1 1 13 3 5 4 5 3 1 2 1 5 14 |5 1 5 1 1 1 1 1 1 1 1 1 2 1 2 1 |
18475: 1 1 1 1 6 15 9 1 3 1 2 1 1 1 12 1 |1 4 1 1 1 1 1 1 1 13 9 12 9 3 1 1 |1 14 10 3 9 1 3 3 1 2 1 5 1 4 1 1 |1 1 1 1 6 1 3 1 1 1 6 1 8 2 13 1 |1 1 1 2 14 1 1 1 1 1 1 1 7 1 3 7 |1 1 1 3 2 6 1 1 8 3 1 1 3 2 1 1 |6 6 3 9 3 1 1 12 14 1 18 3 15 1 2 1 |1 1 1 1 2 1 6 16 1 1 4 1 1 1 2 3 |1 1 1 1 2 1 15 13 5 1 1 5 1 9 8 1 |1 9 1 1 1 5 1 6 1 6 2 1 5 2 15 1 |1 1 2 1 1 13 3 5 4 5 3 1 2 1 5 14 |5 1 5 1 1 1 1 1 1 1 1 1 2 1 2 1 |
18486: 1 1 1 1 6 15 9 1 3 1 2 1 1 1 12 1 |1 4 1 1 1 1 1 1 1 13 9 12 9 3 1 1 |1 14 13 1 1 1 6 3 1 2 1 4 1 2 1 1 |1 1 1 1 6 1 3 1 1 1 6 1 8 2 13 1 |1 1 1 2 14 1 1 1 1 1 1 1 7 1 3 7 |1 1 1 3 2 6 1 1 8 3 1 1 3 2 1 1 |6 6 3 9 3 1 1 12 14 1 18 3 15 1 2 1 |1 1 1 1 2 1 6 16 1 1 4 1 1 1 2 3 |1 1 1 1 2 1 15 13 5 1 1 5 1 9 8 1 |1 9 1 1 1 5 1 6 1 6 2 1 5 2 15 1 |1 1 2 1 1 13 3 5 4 5 3 1 2 1 5 14 |5 1 5 1 1 1 1 1 1 1 1 1 2 1 2 1 |
18497: 1 1 1 1 6 15 9 1 3 1 2 1 1 1 12 1 |1 4 1 1 1 1 1 1 1 13 9 12 9 3 1 1 |1 14 13 1 1 1 6 3 1 2 1 4 1 2 1 1 |1 1 1 1 6 1 3 1 1 1 6 1 8 2 13 1 |1 1 1 2 14 1 1 1 1 1 1 1 7 1 3 7 |1 1 1 3 2 6 1 1 8 3 1 1 3 2 1 1 |6 6 3 9 3 1 1 12 14 1 18 3 15 1 2 1 |1 1 1 1 2 1 6 16 1 1 4 1 1 1 2 3 |1 7 1 2 3 1 2 13 10 1 1 5 1 8 13 1 |1 9 1 1 1 5 1 6 1 6 2 1 5 2 15 1 |1 1 2 1 1 13 3 5 4 5 3 1 2 1 5 14 |5 1 5 1 1 1 1 1 1 1 1 1 2 1 2 1 |
18508: 1 1 1 1 6 15 9 1 3 1 2 1 1 1 12 1 |1 4 1 1 1 1 1 1 1 13 9 12 9 3 1 1 |1 14 13 1 1 1 6 3 1 2 1 4 1 2 1 1 |1 1 1 1 6 1 3 1 1 1 6 1 8 2 13 1 |1 1 1 2 14 1 1 1 1 1 1 1 7 1 3 7 |1 1 1 3 2 6 1 1 8 3 1 1 3 2 1 1 |6 6 3 9 3 1 1 12 14 1 18 3 15 1 2 1 |1 1 1 1 2 1 6 16 1 1 4 1 1 1 2 3 |1 7 1 2 3 1 2 13 10 1 1 5 1 8 13 1 |1 9 1 1 1 5 1 6 1 6 2 1 5 2 15 1 |1 1 2 1 1 13 3 5 4 5 3 1 2 1 5 14 |5 1 5 1 1 1 1 1 1 1 1 1 2 1 2 1 |
18519: 1 1 1 1 6 15 9 1 3 1 2 1 1 1 12 1 |1 4 1 1 1 1 1 1 1 13 9 12 9 3 1 1 |1 6 2 1 1 2 11 14 1 2 1 4 1 2 1 1 |1 1 1 1 6 1 3 1 1 1 6 1 8 2 13 1 |1 1 1 2 14 1 1 1 1 1 1 1 7 1 3 7 |1 1 1 3 2 6 1 1 8 3 1 1 3 2 1 1 |6 6 3 9 3 1 1 12 14 1 18 3 15 1 2 1 |1 1 1 1 2 1 6 16 1 1 4 1 1 1 2 3 |1 7 1 2 3 1 2 13 10 1 1 5 1 8 13 1 |1 9 1 1 1 5 1 6 1 6 2 1 5 2 15 1 |1 1 2 1 1 13 3 5 4 5 3 1 2 1 5 14 |5 1 5 1 1 1 1 1 1 1 1 1 2 1 2 1 |
18530: 1 1 1 1 6 15 9 1 3 1 2 1 1 1 12 1 |1 4 1 1 1 1 1 1 1 13 9 12 9 3 1 1 |1 6 2 1 1 2 11 14 1 2 1 4 1 2 1 1 |1 1 2 1 1 1 2 7 13 4 1 1 1 3 4 1 |1 1 1 2 14 1 1 1 1 1 1 1 7 1 3 7 |1 1 1 3 2 6 1 1 8 3 1 1 3 2 1 1 |6 6 3 9 3 1 1 12 14 1 18 3 15 1 2 1 |1 1 1 1 2 1 6 16 1 1 4 1 1 1 2 3 |1 7 1 2 3 1 2 13 10 1 1 5 1 8 13 1 |1 9 1 1 1 5 1 6 1 6 2 1 5 2 15 1 |1 1 2 1 1 13 3 5 4 5 3 1 2 1 5 14 |5 1 5 1 1 1 1 1 1 1 1 1 2 1 2 1 |
18541: 1 1 1 1 6 15 9 1 3 1 2 1 1 1 12 1 |1 4 1 1 1 1 1 1 1 13 9 12 9 3 1 1 |1 6 2 1 1 2 11 14 1 2 1 4 1 2 1 1 |1 1 2 1 1 1 2 7 13 4 1 1 1 3 4 1 |1 1 1 2 14 1 1 1 1 1 1 1 7 1 3 7 |1 1 1 3 2 6 1 1 8 3 1 1 3 2 1 1 |6 6 3 9 3 1 1 12 14 1 18 3 15 1 2 1 |1 1 1 1 2 1 6 16 1 1 4 1 1 1 2 3 |1 7 1 2 3 1 2 13 10 1 1 5 1 8 13 1 |1 9 1 1 1 5 1 6 1 6 2 1 5 2 15 1 |1 1 2 1 1 13 3 5 4 5 3 1 2 1 5 14 |5 1 5 1 1 1 1 1 1 1 1 1 2 1 2 1 |
18552: 1 1 1 1 6 15 9 1 3 1 2 1 1 1 12 1 |10 10 1 9 1 1 3 1 1 4 9 11 10 3 1 1 |1 6 2 1 1 2 11 14 1 2 1 4 1 2 1 1 |1 1 2 1 1 1 2 7 13 4 1 1 1 3 4 1 |1 1 1 2 14 1 1 1 1 1 1 1 7 1 3 7 |1 1 1 3 2 6 1 1 8 3 1 1 3 2 1 1 |6 6 3 9 3 1 1 12 14 1 18 3 15 1 2 1 |1 1 1 1 2 1 6 16 1 1 4 1 1 1 2 3 |1 7 1 2 3 1 2 13 10 1 1 5 1 8 13 1 |1 9 1 1 1 5 1 6 1 6 2 1 5 2 15 1 |1 1 2 1 1 13 3 5 4 5 3 1 2 1 5 14 |5 1 5 1 1 1 1 1 1 1 1 1 2 1 2 1 |
18563: 1 1 1 1 6 15 9 1 3 1 2 1 1 1 12 1 |10 10 1 9 1 1 3 1 1 4 9 11 10 3 1 1 |1 6 2 1 1 2 11 14 1 2 1 4 1 2 1 1 |1 1 2 1 1 1 2 7 13 4 1 1 1 3 4 1 |1 1 1 2 14 1 1 1 1 1 1 1 7 1 3 7 |1 1 1 3 2 6 1 1 8 3 1 1 3 2 1 1 |6 6 3 9 3 1 1 12 14 1 18 3 15 1 2 1 |1 1 1 1 2 1 6 16 1 1 4 1 1 1 2 3 |1 7 1 2 3 1 2 13 10 1 1 5 1 8 13 1 |1 9 5 1 1 1 1 7 2 7 8 2 1 1 15 1 |1 1 2 1 1 13 3 5 4 5 3 1 2 1 5 14 |5 1 5 1 1 1 1 1 1 1 1 1 2 1 2 1 |
18573: 1 1 1 1 6 15 9 1 3 1 2 1 1 1 12 1 |10 10 1 9 1 1 3 1 1 4 9 11 10 3 1 1 |1 6 2 1 1 2 11 14 1 2 1 4 1 2 1 1 |1 1 2 1 1 1 2 7 13 4 1 1 1 3 4 1 |1 1 1 2 14 1 1 1 1 1 1 1 7 1 3 7 |1 1 1 3 2 6 1 1 8 3 1 1 3 2 1 1 |6 6 3 9 3 1 1 12 14 1 18 3 15 1 2 1 |1 1 1 1 2 1 6 16 1 1 4 1 1 1 2 3 |1 7 1 2 3 1 2 13 10 1 1 5 1 8 13 1 |1 9 5 1 1 1 1 7 2 7 8 2 1 1 15 1 |1 1 2 1 1 13 3 5 4 5 3 1 2 1 5 14 |5 1 5 1 1 1 1 1 1 1 1 1 2 1 2 1 |
18584: 1 1 1 1 6 15 9 1 3 1 2 1 1 1 12 1 |10 10 1 9 1 1 3 1 1 4 9 11 10 3 1 1 |1 6 2 1 1 2 11 14 1 2 1 4 1 2 1 1 |1 1 2 1 1 1 2 7 13 4 1 1 1 3 4 1 |1 1 1 2 14 1 1 1 1 1 1 1 7 1 3 7 |1 1 1 3 2 6 1 1 8 3 1 1 3 2 1 1 |6 6 3 9 3 1 1 12 14 1 18 3 15 1 2 1 |1 1 1 1 2 1 6 16 1 1 4 1 1 1 2 3 |1 7 1 2 3 1 2 13 10 1 1 5 1 8 13 1 |1 9 5 1 1 1 1 7 2 7 8 2 1 1 15 1 |1 1 2 1 1 13 3 5 4 5 3 1 2 1 5 14 |5 1 5 1 1 1 1 1 1 1 1 1 2 1 2 1 |
18595: 1 1 1 1 6 15 9 1 3 1 2 1 1 1 12 1 |10 10 1 9 1 1 3 1 1 4 9 11 10 3 1 1 |1 6 2 1 1 2 11 14 1 2 1 4 1 2 1 1 |1 1 2 1 1 1 2 7 13 4 1 1 1 3 4 1 |1 1 1 2 14 1 1 1 1 1 1 1 7 1 3 7 |1 1 1 3 2 6 1 1 8 3 1 1 3 2 1 1 |6 6 3 9 3 1 1 12 14 1 18 3 15 1 2 1 |1 1 1 1 2 1 1 18 2 1 5 1 1 1 4 2 |1 7 1 2 3 1 2 13 10 1 1 5 1 8 13 1 |1 9 5 1 1 1 1 7 2 7 8 2 1 1 15 1 |1 1 2 1 1 13 3 5 4 5 3 1 2 1 5 14 |5 1 5 1 1 1 1 1 1 1 1 1 2 1 2 1 |
18606: 1 1 1 1 6 15 9 1 3 1 2 1 1 1 12 1 |10 10 1 9 1 1 3 1 1 4 9 11 10 3 1 1 |1 6 2 1 1 2 11 14 1 2 1 4 1 2 1 1 |1 1 2 1 1 1 2 7 13 4 1 1 1 3 4 1 |1 1 1 2 14 1 1 1 1 1 1 1 7 1 3 7 |1 1 1 3 2 6 1 1 8 3 1 1 3 2 1 1 |6 6 3 9 3 1 1 12 14 1 18 3 15 1 2 1 |1 1 1 1 2 1 1 18 2 1 5 1 1 1 4 2 |1 7 1 2 3 1 2 13 10 1 1 5 1 8 13 1 |1 9 5 1 1 1 1 7 2 7 8 2 1 1 15 1 |1 1 2 1 1 13 3 5 4 5 3 1 2 1 5 14 |5 1 5 1 1 1 1 1 1 1 1 1 2 1 2 1 |
18618: 1 1 1 1 5 1 10 1 3 1 1 1 11 1 3 2 |10 10 1 9 1 1 3 1 1 4 9 11 10 3 1 1 |1 6 2 1 1 2 11 14 1 2 1 4 1 2 1 1 |1 1 2 1 1 1 2 7 13 4 1 1 1 3 4 1 |1 1 1 2 14 1 1 1 1 1 1 1 7 1 3 7 |1 1 1 3 2 6 1 1 8 3 1 1 3 2 1 1 |6 6 3 9 3 1 1 12 14 1 18 3 15 1 2 1 |1 1 1 1 2 1 1 18 2 1 5 1 1 1 4 2 |1 7 1 2 3 1 2 13 10 1 1 5 1 8 13 1 |1 9 5 1 1 1 1 7 2 7 8 2 1 1 15 1 |1 1 2 1 1 13 3 5 4 5 3 1 2 1 5 14 |5 1 5 1 1 1 1 1 1 1 1 1 2 1 2 1 |
18628: 1 1 1 1 5 1 10 1 3 1 1 1 11 1 3 2 |10 10 1 9 1 1 3 1 1 4 9 11 10 3 1 1 |1 6 2 1 1 2 11 14 1 2 1 4 1 2 1 1 |1 1 2 1 1 1 2 7 13 4 1 1 1 3 4 1 |1 1 1 2 14 1 1 1 1 1 1 1 7 1 3 7 |1 1 1 3 2 6 1 1 8 3 1 1 3 2 1 1 |6 6 3 9 3 1 1 12 14 1 18 3 15 1 2 1 |1 1 1 1 2 1 1 16 1 1 3 1 1 1 3 3 |1 7 1 2 3 1 2 13 10 1 1 5 1 8 13 1 |1 9 5 1 1 1 1 7 2 7 8 2 1 1 15 1 |1 1 2 1 1 13 3 5 4 5 3 1 2 1 5 14 |5 1 5 1 1 1 1 1 1 1 1 1 2 1 2 1 |
18639: 1 1 1 1 5 1 10 1 3 1 1 1 11 1 3 2 |10 10 1 9 1 1 3 1 1 4 9 11 10 3 1 1 |1 6 2 1 1 2 11 14 1 2 1 4 1 2 1 1 |1 1 2 1 1 1 2 7 13 4 1 1 1 3 4 1 |1 1 1 2 14 1 1 1 1 1 1 1 7 1 3 7 |1 1 1 3 2 6 1 1 8 3 1 1 3 2 1 1 |6 6 3 9 3 1 1 12 14 1 18 3 15 1 2 1 |1 1 1 1 2 1 1 16 1 1 3 1 1 1 3 3 |1 7 1 2 3 1 2 13 10 1 1 5 1 8 13 1 |1 9 5 1 1 1 1 7 2 7 8 2 1 1 15 1 |1 1 2 1 1 13 3 5 4 5 3 1 2 1 5 14 |5 1 5 1 1 1 1 1 1 1 1 1 2 1 2 1 |
18650: 1 1 1 1 5 1 10 1 3 1 1 1 11 1 3 2 |10 10 1 9 1 1 3 1 1 4 9 11 10 3 1 1 |1 6 2 1 1 2 11 14 1 2 1 4 1 2 1 1 |1 1 2 1 1 1 2 7 13 4 1 1 1 3 4 1 |1 1 1 2 14 1 1 1 1 1 1 1 7 1 3 7 |1 1 1 3 2 6 1 1 8 3 1 1 3 2 1 1 |6 6 3 9 3 1 1 12 14 1 18 3 15 1 2 1 |1 1 1 1 2 1 1 16 1 1 3 1 1 1 3 3 |1 7 1 2 3 1 2 13 10 1 1 5 1 8 13 1 |1 9 5 1 1 1 1 7 2 7 8 2 1 1 15 1 |1 1 2 1 1 13 3 5 4 5 3 1 2 1 5 14 |5 1 5 1 1 1 1 1 1 1 1 1 2 1 2 1 |
18661: 1 3 6 1 1 3 9 1 7 1 1 1 9 1 15 14 |10 10 1 9 1 1 3 1 1 4 9 11 10 3 1 1 |1 6 2 1 1 2 11 14 1 2 1 4 1 2 1 1 |1 1 2 1 1 1 2 7 13 4 1 1 1 3 4 1 |1 1 1 2 14 1 1 1 1 1 1 1 7 1 3 7 |1 1 1 3 2 6 1 1 8 3 1 1 3 2 1 1 |6 6 3 9 3 1 1 12 14 1 18 3 15 1 2 1 |1 1 1 1 2 1 1 16 1 1 3 1 1 1 3 3 |1 7 1 2 3 1 2 13 10 1 1 5 1 8 13 1 |1 9 5 1 1 1 1 7 2 7 8 2 1 1 15 1 |1 1 2 1 1 13 3 5 4 5 3 1 2 1 5 14 |5 1 5 1 1 1 1 1 1 1 1 1 2 1 2 1 |
18672: 1 3 6 1 1 3 9 1 7 1 1 1 9 1 15 14 |10 10 1 9 1 1 3 1 1 4 9 11 10 3 1 1 |1 6 2 1 1 2 11 14 1 2 1 4 1 2 1 1 |1 1 2 1 1 1 2 7 13 4 1 1 1 3 4 1 |1 1 1 2 14 1 1 1 1 1 1 1 7 1 3 7 |1 1 1 3 2 6 1 1 8 3 1 1 3 2 1 1 |6 6 3 9 3 1 1 12 14 1 18 3 15 1 2 1 |1 1 1 1 2 1 1 16 1 1 3 1 1 1 3 3 |1 7 1 2 3 1 2 13 10 1 1 5 1 8 13 1 |1 9 5 1 1 1 1 7 2 7 8 2 1 1 15 1 |1 1 2 1 1 13 3 5 4 5 3 1 2 1 5 14 |5 1 5 1 1 1 1 1 1 1 1 1 2 1 2 1 |
18682: 1 3 6 1 1 3 9 1 7 1 1 1 9 1 15 14 |10 10 1 9 1 1 3 1 1 4 9 11 10 3 1 1 |1 6 2 1 1 2 11 14 1 2 1 4 1 2 1 1 |1 1 2 1 1 1 2 7 13 4 1 1 1 3 4 1 |1 1 1 2 14 1 1 1 1 1 1 1 7 1 3 7 |1 1 1 3 2 6 1 1 8 3 1 1 3 2 1 1 |6 6 3 9 3 1 1 12 14 1 18 3 15 1 2 1 |1 1 1 1 2 1 1 16 1 1 3 1 1 1 3 3 |1 7 1 2 3 1 2 13 10 1 1 5 1 8 13 1 |1 9 5 1 1 1 1 7 2 7 8 2 1 1 15 1 |1 1 2 1 1 13 3 5 4 5 3 1 2 1 5 14 |5 1 5 1 1 1 1 1 1 1 1 1 2 1 2 1 |
18693: 1 3 6 1 1 3 9 1 7 1 1 1 9 1 15 14 |10 10 1 9 1 1 3 1 1 4 9 11 10 3 1 1 |1 6 2 1 1 2 11 14 1 2 1 4 1 2 1 1 |1 1 2 1 1 1 2 7 13 4 1 1 1 3 4 1 |1 1 1 2 14 1 1 1 1 1 1 1 7 1 3 7 |1 1 1 3 2 6 1 1 8 3 1 1 3 2 1 1 |1 2 1 7 3 1 1 12 12 1 1 7 4 1 14 1 |1 1 1 1 2 1 1 16 1 1 3 1 1 1 3 3 |1 7 1 2 3 1 2 13 10 1 1 5 1 8 13 1 |1 9 5 1 1 1 1 7 2 7 8 2 1 1 15 1 |1 1 2 1 1 13 3 5 4 5 3 1 2 1 5 14 |5 1 5 1 1 1 1 1 1 1 1 1 2 1 2 1 |
18703: 1 3 6 1 1 3 9 1 7 1 1 1 9 1 15 14 |10 10 1 9 1 1 3 1 1 4 9 11 10 3 1 1 |1 6 2 1 1 2 11 14 1 2 1 4 1 2 1 1 |1 1 2 1 1 1 2 7 13 4 1 1 1 3 4 1 |1 1 1 2 14 1 1 1 1 1 1 1 7 1 3 7 |1 1 1 3 2 6 1 1 8 3 1 1 3 2 1 1 |1 2 1 7 3 1 1 12 12 1 1 7 4 1 14 1 |1 1 1 1 2 1 1 16 1 1 3 1 1 1 3 3 |1 7 1 2 3 1 2 13 10 1 1 5 1 8 13 1 |1 9 5 1 1 1 1 7 2 7 8 2 1 1 15 1 |1 1 2 1 1 13 3 5 4 5 3 1 2 1 5 14 |5 1 5 1 1 1 1 1 1 1 1 1 2 1 2 1 |
18714: 1 3 6 1 1 3 9 1 7 1 1 1 9 1 15 14 |10 10 1 9 1 1 3 1 1 4 9 11 10 3 1 1 |1 6 2 1 1 2 11 14 1 2 1 4 1 2 1 1 |1 1 2 1 1 1 2 7 13 4 1 1 1 3 4 1 |1 1 1 2 14 1 1 1 1 1 1 1 7 1 3 7 |1 1 1 3 2 6 1 1 8 3 1 1 3 2 1 1 |1 2 1 7 3 1 1 12 12 1 1 7 4 1 14 1 |1 1 1 1 2 1 1 16 1 1 3 1 1 1 3 3 |1 7 1 2 3 1 2 13 10 1 1 5 1 8 13 1 |1 9 5 1 1 1 1 7 2 7 8 2 1 1 15 1 |1 1 2 1 1 13 3 5 4 5 3 1 2 1 5 14 |5 1 5 1 1 1 1 1 1 1 1 1 2 1 2 1 |
18724: 1 3 6 1 1 3 9 1 7 1 1 1 9 1 15 14 |10 10 1 9 1 1 3 1 1 4 9 11 10 3 1 1 |1 6 2 1 1 2 11 14 1 2 1 4 1 2 1 1 |1 1 2 1 1 1 2 7 13 4 1 1 1 3 4 1 |1 1 1 2 14 1 1 1 1 1 1 1 7 1 3 7 |1 1 1 3 2 6 1 1 8 3 1 1 3 2 1 1 |1 2 1 7 3 1 1 12 12 1 1 7 4 1 14 1 |1 1 1 1 2 1 1 16 1 1 3 1 1 1 3 3 |1 7 1 2 3 1 2 13 10 1 1 5 1 8 13 1 |1 9 5 1 1 1 1 7 2 7 8 2 1 1 15 1 |1 1 2 1 1 13 3 5 4 5 3 1 2 1 5 14 |5 1 5 1 1 1 1 1 1 1 1 1 2 1 2 1 |
18735: 1 3 6 1 1 3 9 1 7 1 1 1 9 1 15 14 |10 10 1 9 1 1 3 1 1 4 9 11 10 3 1 1 |1 6 2 1 1 2 11 14 1 2 1 4 1 2 1 1 |1 1 2 1 1 1 2 7 13 4 1 1 1 3 4 1 |1 1 1 2 14 1 1 1 1 1 1 1 7 1 3 7 |1 1 1 3 2 6 1 1 8 3 1 1 3 2 1 1 |1 2 1 7 3 1 1 12 12 1 1 7 4 1 14 1 |1 1 1 1 2 1 1 16 1 1 3 1 1 1 3 3 |1 7 1 2 3 1 2 13 10 1 1 5 1 8 13 1 |1 9 5 1 1 1 1 7 2 7 8 2 1 1 15 1 |1 1 2 1 1 13 3 5 4 5 3 1 2 1 5 14 |5 1 5 1 1 1 1 1 1 1 1 1 2 1 2 1 |
18745: 1 3 6 1 1 3 9 1 7 1 1 1 9 1 15 14 |10 10 1 9 1 1 3 1 1 4 9 11 10 3 1 1 |1 6 2 1 1 2 11 14 1 2 1 4 1 2 1 1 |1 1 2 1 1 1 2 7 13 4 1 1 1 3 4 1 |1 1 1 2 14 1 1 1 1 1 1 1 7 1 3 7 |1 1 1 3 2 6 1 1 8 3 1 1 3 2 1 1 |1 2 1 7 3 1 1 12 12 1 1 7 4 1 14 1 |1 1 1 1 2 1 1 16 1 1 3 1 1 1 3 3 |1 7 1 2 3 1 2 13 10 1 1 5 1 8 13 1 |1 9 5 1 1 1 1 7 2 7 8 2 1 1 15 1 |1 1 2 1 1 13 3 5 4 5 3 1 2 1 5 14 |5 1 5 1 1 1 1 1 1 1 1 1 2 1 2 1 |
18756: 1 3 6 1 1 3 9 1 7 1 1 1 9 1 15 14 |10 10 1 9 1 1 3 1 1 4 9 11 10 3 1 1 |1 6 2 1 1 2 11 14 1 2 1 4 1 2 1 1 |1 1 2 1 1 1 2 7 13 4 1 1 1 3 4 1 |1 1 1 2 14 1 1 1 1 1 1 1 7 1 3 7 |1 1 1 3 2 6 1 1 8 3 1 1 3 2 1 1 |1 2 1 7 3 1 1 12 12 1 1 7 4 1 14 1 |1 1 1 1 2 1 1 16 1 1 3 1 1 1 3 3 |1 7 1 2 3 1 2 13 10 1 1 5 1 8 13 1 |1 9 5 1 1 1 1 7 2 7 8 2 1 1 15 1 |1 1 2 1 1 13 3 5 4 5 3 1 2 1 5 14 |5 1 5 1 1 1 1 1 1 1 1 1 2 1 2 1 |
18767: 1 3 6 1 1 3 9 1 7 1 1 1 9 1 15 14 |10 10 1 9 1 1 3 1 1 4 9 11 10 3 1 1 |1 6 2 1 1 2 11 14 1 2 1 4 1 2 1 1 |1 1 2 1 1 1 2 7 13 4 1 1 1 3 4 1 |1 1 1 2 14 1 1 1 1 1 1 1 7 1 3 7 |1 1 1 3 2 6 1 1 8 3 1 1 3 2 1 1 |1 2 1 7 3 1 1 12 12 1 1 7 4 1 14 1 |1 1 1 1 2 1 1 16 1 1 3 1 1 1 3 3 |1 7 1 2 3 1 2 13 10 1 1 5 1 8 13 1 |1 9 5 1 1 1 1 7 2 7 8 2 1 1 15 1 |1 1 1 1 2 13 3 6 1 6 3 1 1 1 4 14 |5 1 5 1 1 1 1 1 1 1 1 1 2 1 2 1 |
18777: 1 3 6 1 1 3 9 1 7 1 1 1 9 1 15 14 |10 10 1 9 1 1 3 1 1 4 9 11 10 3 1 1 |1 6 2 1 1 2 11 14 1 2 1 4 1 2 1 1 |1 1 2 1 1 1 2 7 13 4 1 1 1 3 4 1 |1 1 1 2 14 1 1 1 1 1 1 1 7 1 3 7 |1 1 1 3 2 6 1 1 8 3 1 1 3 2 1 1 |1 2 1 7 3 1 1 12 12 1 1 7 4 1 14 1 |1 1 1 1 2 1 1 16 1 1 3 1 1 1 3 3 |1 7 1 2 3 1 2 13 10 1 1 5 1 8 13 1 |1 9 5 1 1 1 1 7 2 7 8 2 1 1 15 1 |1 1 1 1 2 13 3 6 1 6 3 1 1 1 4 14 |5 1 5 1 1 1 1 1 1 1 1 1 2 1 2 1 |
18788: 1 3 6 1 1 3 9 1 7 1 1 1 9 1 15 14 |10 10 1 9 1 1 3 1 1 4 9 11 10 3 1 1 |1 6 2 1 1 2 11 14 1 2 1 4 1 2 1 1 |1 1 2 1 1 1 2 7 13 4 1 1 1 3 4 1 |1 1 1 2 14 1 1 1 1 1 1 1 7 1 3 7 |1 1 1 3 2 6 1 1 8 3 1 1 3 2 1 1 |1 2 1 7 3 1 1 12 12 1 1 7 4 1 14 1 |1 1 1 1 2 1 1 16 1 1 3 1 1 1 3 3 |1 7 1 2 3 1 2 13 10 1 1 5 1 8 13 1 |1 9 5 1 1 1 1 7 2 7 8 2 1 1 15 1 |1 1 1 1 2 13 3 6 1 6 3 1 1 1 4 14 |5 1 5 1 1 1 1 1 1 1 1 1 2 1 2 1 |
18798: 1 3 6 1 1 3 9 1 7 1 1 1 9 1 15 14 |10 10 1 9 1 1 3 1 1 4 9 11 10 3 1 1 |1 6 2 1 1 2 11 14 1 2 1 4 1 2 1 1 |1 1 2 1 1 1 2 7 13 4 1 1 1 3 4 1 |1 1 1 2 14 1 1 1 1 1 1 1 7 1 3 7 |1 1 1 3 2 6 1 1 8 3 1 1 3 2 1 1 |1 2 1 7 3 1 1 12 12 1 1 7 4 1 14 1 |1 1 1 1 2 1 1 16 1 1 3 1 1 1 3 3 |1 7 1 2 3 1 2 13 10 1 1 5 1 8 13 1 |1 9 5 1 1 1 1 7 2 7 8 2 1 1 15 1 |1 1 2 1 1 1 1 1 2 9 1 1 1 1 5 14 |5 1 5 1 1 1 1 1 1 1 1 1 2 1 2 1 |
18809: 1 3 6 1 1 3 9 1 7 1 1 1 9 1 15 14 |10 10 1 9 1 1 3 1 1 4 9 11 10 3 1 1 |1 6 2 1 1 2 11 14 1 2 1 4 1 2 1 1 |1 1 2 1 1 1 2 7 13 4 1 1 1 3 4 1 |1 1 1 2 14 1 1 1 1 1 1 1 7 1 3 7 |1 1 1 3 2 6 1 1 8 3 1 1 3 2 1 1 |1 2 1 7 3 1 1 12 12 1 1 7 4 1 14 1 |1 1 1 1 2 1 1 16 1 1 3 1 1 1 3 3 |1 7 1 2 3 1 2 13 10 1 1 5 1 8 13 1 |1 9 5 1 1 1 1 7 2 7 8 2 1 1 15 1 |1 1 2 1 1 1 1 1 2 9 1 1 1 1 5 14 |5 1 5 1 1 1 1 1 1 1 1 1 2 1 2 1 |
18819: 1 3 6 1 1 3 9 1 7 1 1 1 9 1 15 14 |10 11 1 5 1 1 1 1 1 16 8 12 9 3 1 1 |1 6 2 1 1 2 11 14 1 2 1 4 1 2 1 1 |1 1 2 1 1 1 2 7 13 4 1 1 1 3 4 1 |1 1 1 2 14 1 1 1 1 1 1 1 7 1 3 7 |1 1 1 3 2 6 1 1 8 3 1 1 3 2 1 1 |1 2 1 7 3 1 1 12 12 1 1 7 4 1 14 1 |1 1 1 1 2 1 1 16 1 1 3 1 1 1 3 3 |1 7 1 2 3 1 2 13 10 1 1 5 1 8 13 1 |1 9 5 1 1 1 1 7 2 7 8 2 1 1 15 1 |1 1 2 1 1 1 1 1 2 9 1 1 1 1 5 14 |5 1 5 1 1 1 1 1 1 1 1 1 2 1 2 1 |
18830: 1 3 6 1 1 3 9 1 7 1 1 1 9 1 15 14 |10 11 1 5 1 1 1 1 1 16 8 12 9 3 1 1 |1 6 2 1 1 2 11 14 1 2 1 4 1 2 1 1 |1 1 2 1 1 1 2 7 13 4 1 1 1 3 4 1 |1 1 1 2 14 1 1 1 1 1 1 1 7 1 3 7 |1 1 1 3 2 6 1 1 8 3 1 1 3 2 1 1 |1 2 1 7 3 1 1 12 12 1 1 7 4 1 14 1 |1 1 1 1 2 1 1 16 1 1 3 1 1 1 3 3 |1 1 8 1 7 1 1 1 1 1 1 1 1 8 9 1 |1 9 5 1 1 1 1 7 2 7 8 2 1 1 15 1 |1 1 2 1 1 1 1 1 2 9 1 1 1 1 5 14 |5 1 5 1 1 1 1 1 1 1 1 1 2 1 2 1 |
18840: 1 3 6 1 1 3 9 1 7 1 1 1 9 1 15 14 |10 11 1 5 1 1 1 1 1 16 8 12 9 3 1 1 |1 6 2 1 1 2 11 14 1 2 1 4 1 2 1 1 |1 1 2 1 1 1 2 7 13 4 1 1 1 3 4 1 |1 1 1 2 14 1 1 1 1 1 1 1 7 1 3 7 |1 1 1 3 2 6 1 1 8 3 1 1 3 2 1 1 |1 2 1 7 3 1 1 12 12 1 1 7 4 1 14 1 |1 1 1 1 2 1 1 16 1 1 3 1 1 1 3 3 |1 1 8 1 7 1 1 1 1 1 1 1 1 8 9 1 |1 8 2 1 1 1 1 5 2 5 2 1 5 2 2 1 |1 1 2 1 1 1 1 1 2 9 1 1 1 1 5 14 |5 1 5 1 1 1 1 1 1 1 1 1 2 1 2 1 |
18851: 1 3 6 1 1 3 9 1 7 1 1 1 9 1 15 14 |10 11 1 5 1 1 1 1 1 16 8 12 9 3 1 1 |1 6 2 1 1 2 11 14 1 2 1 4 1 2 1 1 |1 1 2 1 1 1 2 7 13 4 1 1 1 3 4 1 |1 1 1 2 14 1 1 1 1 1 1 1 7 1 3 7 |1 1 1 3 2 6 1 1 8 3 1 1 3 2 1 1 |1 2 1 7 3 1 1 12 12 1 1 7 4 1 14 1 |1 1 1 1 2 1 1 16 1 1 3 1 1 1 3 3 |1 1 8 1 7 1 1 1 1 1 1 1 1 8 9 1 |1 8 2 1 1 1 1 5 2 5 2 1 5 2 2 1 |1 1 2 1 1 1 1 1 2 9 1 1 1 1 5 14 |5 1 5 1 1 1 1 1 1 1 1 1 2 1 2 1 |
18862: 1 3 6 1 1 3 9 1 7 1 1 1 9 1 15 14 |10 11 1 5 1 1 1 1 1 16 8 12 9 3 1 1 |1 6 2 1 1 2 11 14 1 2 1 4 1 2 1 1 |1 1 2 1 1 1 2 7 13 4 1 1 1 3 4 1 |1 1 1 2 14 1 1 1 1 1 1 1 7 1 3 7 |1 1 1 3 2 6 1 1 8 3 1 1 3 2 1 1 |1 2 1 7 3 1 1 12 12 1 1 7 4 1 14 1 |1 1 1 1 2 1 1 16 1 1 3 1 1 1 3 3 |1 1 8 1 7 1 1 1 1 1 1 1 1 8 9 1 |1 8 2 1 1 1 1 5 2 5 2 1 5 2 2 1 |1 1 2 1 1 1 1 1 2 9 1 1 1 1 5 14 |5 1 5 1 1 1 1 1 1 1 1 1 2 1 2 1 |
18872: 1 3 6 1 1 3 9 1 7 1 1 1 9 1 15 14 |10 11 1 5 1 1 1 1 1 16 8 12 9 3 1 1 |1 6 2 1 1 2 11 14 1 2 1 4 1 2 1 1 |1 1 2 1 1 1 2 7 13 4 1 1 1 3 4 1 |1 1 1 2 14 1 1 1 1 1 1 1 7 1 3 7 |1 1 1 3 2 6 1 1 8 3 1 1 3 2 1 1 |1 2 1 7 3 1 1 12 12 1 1 7 4 1 14 1 |1 1 1 1 2 1 1 16 1 1 3 1 1 1 3 3 |1 1 8 1 7 1 1 1 1 1 1 1 1 8 9 1 |1 8 2 1 1 1 1 5 2 5 2 1 5 2 2 1 |1 1 2 1 1 1 1 1 2 9 1 1 1 1 5 14 |5 1 5 1 1 1 1 1 1 1 1 1 2 1 2 1 |
18883: 1 3 6 1 1 3 9 1 7 1 1 1 9 1 15 14 |10 11 1 5 1 1 1 1 1 16 8 12 9 3 1 1 |1 6 2 1 1 2 11 14 1 2 1 4 1 2 1 1 |1 1 2 1 1 1 2 7 13 4 1 1 1 3 4 1 |1 1 1 2 14 1 1 1 1 1 1 1 7 1 3 7 |1 1 1 3 2 6 1 1 8 3 1 1 3 2 1 1 |1 2 1 7 3 1 1 12 12 1 1 7 4 1 14 1 |1 1 1 1 2 1 1 16 1 1 3 1 1 1 3 3 |1 1 8 1 7 1 1 1 1 1 1 1 1 8 9 1 |1 8 2 1 1 1 1 5 2 5 2 1 5 2 2 1 |1 1 2 1 1 1 1 1 2 9 1 1 1 1 5 14 |5 1 5 1 1 1 1 1 1 1 1 1 2 1 2 1 |
18894: 1 3 6 1 1 3 9 1 7 1 1 1 9 1 15 14 |10 11 1 5 1 1 1 1 1 16 8 12 9 3 1 1 |1 6 2 1 1 2 11 14 1 2 1 4 1 2 1 1 |1 1 2 1 1 1 2 7 13 4 1 1 1 3 4 1 |1 1 1 2 14 1 1 1 1 1 1 1 7 1 3 7 |1 1 1 1 1 9 1 1 7 3 1 1 1 4 1 1 |1 2 1 7 3 1 1 12 12 1 1 7 4 1 14 1 |1 1 1 1 2 1 1 16 1 1 3 1 1 1 3 3 |1 1 8 1 7 1 1 1 1 1 1 1 1 8 9 1 |1 8 2 1 1 1 1 5 2 5 2 1 5 2 2 1 |1 1 2 1 1 1 1 1 2 9 1 1 1 1 5 14 |5 1 5 1 1 1 1 1 1 1 1 1 2 1 2 1 |
18904: 1 3 6 1 1 3 9 1 7 1 1 1 9 1 15 14 |10 11 1 5 1 1 1 1 1 16 8 12 9 3 1 1 |1 6 2 1 1 2 11 14 1 2 1 4 1 2 1 1 |1 1 2 1 1 1 2 7 13 4 1 1 1 3 4 1 |1 1 1 2 14 1 1 1 1 1 1 1 7 1 3 7 |1 1 1 1 1 9 1 1 7 3 1 1 1 4 1 1 |1 2 1 7 3 1 1 12 12 1 1 7 4 1 14 1 |1 1 1 1 2 1 1 16 1 1 3 1 1 1 3 3 |1 1 8 1 7 1 1 1 1 1 1 1 1 8 9 1 |1 8 2 1 1 1 1 5 2 5 2 1 5 2 2 1 |1 1 2 1 1 1 1 1 2 9 1 1 1 1 5 14 |5 1 5 1 1 1 1 1 1 1 1 1 2 1 2 1 |
18916: 1 3 6 1 1 3 9 1 7 1 1 1 9 1 15 14 |10 11 1 5 1 1 1 1 1 16 8 12 9 3 1 1 |1 6 2 1 1 2 11 14 1 2 1 4 1 2 1 1 |1 1 2 1 1 1 2 7 13 4 1 1 1 3 4 1 |1 1 1 2 14 1 1 1 1 1 1 1 7 1 3 7 |1 1 1 1 1 9 1 1 7 3 1 1 1 4 1 1 |1 2 1 7 3 1 1 12 12 1 1 7 4 1 14 1 |1 1 1 1 2 1 1 16 1 1 3 1 1 1 3 3 |1 1 8 1 7 1 1 1 1 1 1 1 1 8 9 1 |1 8 2 1 1 1 1 5 2 5 2 1 5 2 2 1 |1 1 2 1 1 1 1 1 2 9 1 1 1 1 5 14 |5 1 5 1 1 1 1 1 1 1 1 1 2 1 2 1 |
18926: 1 3 6 1 1 3 9 1 7 1 1 1 9 1 15 14 |10 11 1 5 1 1 1 1 1 16 8 12 9 3 1 1 |1 6 2 1 1 2 11 14 1 2 1 4 1 2 1 1 |1 1 2 1 1 1 2 7 13 4 1 1 1 3 4 1 |1 1 1 2 14 1 1 1 1 1 1 1 7 1 3 7 |1 8 2 2 1 7 1 2 3 1 2 1 5 1 1 1 |1 2 1 7 3 1 1 12 12 1 1 7 4 1 14 1 |1 1 1 1 2 1 1 16 1 1 3 1 1 1 3 3 |1 1 8 1 7 1 1 1 1 1 1 1 1 8 9 1 |1 8 2 1 1 1 1 5 2 5 2 1 5 2 2 1 |1 1 2 1 1 1 1 1 2 9 1 1 1 1 5 14 |5 1 5 1 1 1 1 1 1 1 1 1 2 1 2 1 |
18937: 1 3 6 1 1 3 9 1 7 1 1 1 9 1 15 14 |10 11 1 5 1 1 1 1 1 16 8 12 9 3 1 1 |1 6 2 1 1 2 11 14 1 2 1 4 1 2 1 1 |1 1 2 1 1 1 2 7 13 4 1 1 1 3 4 1 |1 1 1 2 14 1 1 1 1 1 1 1 7 1 3 7 |1 8 2 2 1 7 1 2 3 1 2 1 5 1 1 1 |1 2 1 7 3 1 1 12 12 1 1 7 4 1 14 1 |1 1 1 1 2 1 1 16 1 1 3 1 1 1 3 3 |1 1 8 1 7 1 1 1 1 1 1 1 1 8 9 1 |1 8 2 1 1 1 1 5 2 5 2 1 5 2 2 1 |1 1 2 1 1 1 1 1 2 9 1 1 1 1 5 14 |15 1 1 1 10 1 3 8 11 1 1 1 1 1 1 7 |
18947: 1 3 6 1 1 3 9 1 7 1 1 1 9 1 15 14 |10 11 1 5 1 1 1 1 1 16 8 12 9 3 1 1 |1 6 2 1 1 2 11 14 1 2 1 4 1 2 1 1 |1 1 2 1 1 1 2 7 13 4 1 1 1 3 4 1 |1 1 1 2 14 1 1 1 1 1 1 1 7 1 3 7 |1 8 2 2 1 7 1 2 3 1 2 1 5 1 1 1 |1 2 1 7 3 1 1 12 12 1 1 7 4 1 14 1 |1 1 1 1 2 1 1 16 1 1 3 1 1 1 3 3 |1 1 8 1 7 1 1 1 1 1 1 1 1 8 9 1 |1 8 2 1 1 1 1 5 2 5 2 1 5 2 2 1 |1 1 2 1 1 1 1 1 2 9 1 1 1 1 5 14 |15 1 1 1 10 1 3 8 11 1 1 1 1 1 1 7 |
18957: 1 3 6 1 1 3 9 1 7 1 1 1 9 1 15 14 |10 11 1 5 1 1 1 1 1 16 8 12 9 3 1 1 |1 6 2 1 1 2 11 14 1 2 1 4 1 2 1 1 |1 1 2 1 1 1 2 7 13 4 1 1 1 3 4 1 |1 1 1 2 14 1 1 1 1 1 1 1 7 1 3 7 |1 8 2 2 1 7 1 2 3 1 2 1 5 1 1 1 |1 2 1 7 3 1 1 12 12 1 1 7 4 1 14 1 |1 1 1 1 2 1 1 16 1 1 3 1 1 1 3 3 |1 1 8 1 7 1 1 1 1 1 1 1 1 8 9 1 |1 8 2 1 1 1 1 5 2 5 2 1 5 2 2 1 |1 1 2 1 1 1 1 1 2 9 1 1 1 1 5 14 |15 1 1 1 10 1 3 8 11 1 1 1 1 1 1 7 |
18967: 1 3 6 1 1 3 9 1 7 1 1 1 9 1 15 14 |10 11 1 5 1 1 1 1 1 16 8 12 9 3 1 1 |1 6 2 1 1 2 11 14 1 2 1 4 1 2 1 1 |1 1 2 1 1 1 2 7 13 4 1 1 1 3 4 1 |1 1 1 2 14 1 1 1 1 1 1 1 7 1 3 7 |1 8 2 2 1 7 1 2 3 1 2 1 5 1 1 1 |1 2 1 7 3 1 1 12 12 1 1 7 4 1 14 1 |1 1 1 1 2 1 1 16 1 1 3 1 1 1 3 3 |1 1 8 1 7 1 1 1 1 1 1 1 1 8 9 1 |1 8 2 1 1 1 1 5 2 5 2 1 5 2 2 1 |1 1 2 1 1 1 1 1 2 9 1 1 1 1 5 14 |15 1 1 1 10 1 3 8 11 1 1 1 1 1 1 7 |
18979: 1 3 6 1 1 3 9 1 7 1 1 1 9 1 15 14 |10 11 1 5 1 1 1 1 1 16 8 12 9 3 1 1 |1 6 2 1 1 2 11 14 1 2 1 4 1 2 1 1 |1 1 2 1 1 1 2 7 13 4 1 1 1 3 4 1 |1 1 1 2 14 1 1 1 1 1 1 1 7 1 3 7 |1 8 2 2 1 7 1 2 3 1 2 1 5 1 1 1 |1 2 1 7 3 1 1 12 12 1 1 7 4 1 14 1 |1 1 1 1 2 1 1 16 1 1 3 1 1 1 3 3 |1 1 8 1 7 1 1 1 1 1 1 1 1 8 9 1 |1 8 2 1 1 1 1 5 2 5 2 1 5 2 2 1 |1 1 2 1 1 1 1 1 2 9 1 1 1 1 5 14 |15 1 1 1 10 1 3 8 11 1 1 1 1 1 1 7 |
18989: 1 3 6 1 1 3 9 1 7 1 1 1 9 1 15 14 |10 11 1 5 1 1 1 1 1 16 8 12 9 3 1 1 |1 6 2 1 1 2 11 14 1 2 1 4 1 2 1 1 |1 1 2 1 1 1 2 7 13 4 1 1 1 3 4 1 |1 1 1 2 14 1 1 1 1 1 1 1 7 1 3 7 |1 8 2 2 1 7 1 2 3 1 2 1 5 1 1 1 |1 2 1 2 3 1 2 2 2 1 1 1 1 1 14 1 |1 1 1 1 2 1 1 16 1 1 3 1 1 1 3 3 |1 1 8 1 7 1 1 1 1 1 1 1 1 8 9 1 |1 8 2 1 1 1 1 5 2 5 2 1 5 2 2 1 |1 1 2 1 1 1 1 1 2 9 1 1 1 1 5 14 |15 1 1 1 10 1 3 8 11 1 1 1 1 1 1 7 |
19000: 1 3 6 1 1 3 9 1 7 1 1 1 9 1 15 14 |10 11 1 5 1 1 1 1 1 16 8 12 9 3 1 1 |1 6 2 1 1 2 11 14 1 2 1 4 1 2 1 1 |1 1 2 1 1 1 2 7 13 4 1 1 1 3 4 1 |1 1 1 2 14 1 1 1 1 1 1 1 7 1 3 7 |1 8 2 2 1 7 1 2 3 1 2 1 5 1 1 1 |1 2 1 2 3 1 2 2 2 1 1 1 1 1 14 1 |1 1 1 1 2 1 1 16 1 1 3 1 1 1 3 3 |1 1 8 1 7 1 1 1 1 1 1 1 1 8 9 1 |1 8 2 1 1 1 1 5 2 5 2 1 5 2 2 1 |1 1 2 1 1 1 1 1 2 9 1 1 1 1 5 14 |15 1 1 1 10 1 3 8 11 1 1 1 1 1 1 7 |
19011: 1 3 6 1 1 3 9 1 7 1 1 1 9 1 15 14 |10 11 1 5 1 1 1 1 1 16 8 12 9 3 1 1 |1 6 2 1 1 2 11 14 1 2 1 4 1 2 1 1 |1 1 2 1 1 1 2 7 13 4 1 1 1 3 4 1 |1 1 1 2 14 1 1 1 1 1 1 1 7 1 3 7 |1 8 2 2 1 7 1 2 3 1 2 1 5 1 1 1 |1 2 1 2 3 1 2 2 2 1 1 1 1 1 14 1 |1 1 1 1 2 1 1 16 1 1 3 1 1 1 3 3 |1 1 8 1 7 1 1 1 1 1 1 1 1 8 9 1 |1 8 2 1 1 1 1 5 2 5 2 1 5 2 2 1 |1 1 2 1 1 1 1 1 2 9 1 1 1 1 5 14 |15 1 1 1 10 1 3 8 11 1 1 1 1 1 1 7 |
19022: 1 3 6 1 1 3 9 1 7 1 1 1 9 1 15 14 |10 11 1 5 1 1 1 1 1 16 8 12 9 3 1 1 |1 6 2 1 1 2 11 14 1 2 1 4 1 2 1 1 |1 1 2 1 1 1 2 7 13 4 1 1 1 3 4 1 |1 1 1 1 13 1 1 1 7 1 1 1 6 3 1 2 |1 8 2 2 1 7 1 2 3 1 2 1 5 1 1 1 |1 2 1 2 3 1 2 2 2 1 1 1 1 1 14 1 |1 1 1 1 2 1 1 16 1 1 3 1 1 1 3 3 |1 1 8 1 7 1 1 1 1 1 1 1 1 8 9 1 |1 8 2 1 1 1 1 5 2 5 2 1 5 2 2 1 |1 1 2 1 1 1 1 1 2 9 1 1 1 1 5 14 |15 1 1 1 10 1 3 8 11 1 1 1 1 1 1 7 |
19032: 1 3 6 1 1 3 9 1 7 1 1 1 9 1 15 14 |10 11 1 5 1 1 1 1 1 16 8 12 9 3 1 1 |1 6 2 1 1 2 11 14 1 2 1 4 1 2 1 1 |1 1 2 1 1 1 2 7 13 4 1 1 1 3 4 1 |1 1 1 1 13 1 1 1 7 1 1 1 6 3 1 2 |1 8 2 2 1 7 1 2 3 1 2 1 5 1 1 1 |1 2 1 2 3 1 2 2 2 1 1 1 1 1 14 1 |1 1 1 1 2 1 1 16 1 1 3 1 1 1 3 3 |1 1 8 1 7 1 1 1 1 1 1 1 1 8 9 1 |1 8 2 1 1 1 1 5 2 5 2 1 5 2 2 1 |1 1 2 1 1 1 1 1 2 9 1 1 1 1 5 14 |15 1 1 1 10 1 3 8 11 1 1 1 1 1 1 7 |
19043: 1 3 6 1 1 3 9 1 7 1 1 1 9 1 15 14 |10 11 1 5 1 1 1 1 1 16 8 12 9 3 1 1 |1 6 2 1 1 2 11 14 1 2 1 4 1 2 1 1 |1 1 2 1 1 1 2 7 13 4 1 1 1 3 4 1 |1 1 1 1 13 1 1 1 7 1 1 1 6 3 1 2 |1 8 2 2 1 7 1 2 3 1 2 1 5 1 1 1 |1 2 1 2 3 1 2 2 2 1 1 1 1 1 14 1 |1 1 1 1 2 1 1 16 1 1 3 1 1 1 3 3 |1 1 8 1 7 1 1 1 1 1 1 1 1 8 9 1 |1 8 2 1 1 1 1 5 2 5 2 1 5 2 2 1 |1 1 2 1 1 1 1 1 2 9 1 1 1 1 5 14 |15 1 1 1 10 1 3 8 11 1 1 1 1 1 1 7 |
19054: 1 3 6 1 1 3 9 1 7 1 1 1 9 1 15 14 |10 11 1 5 1 1 1 1 1 16 8 12 9 3 1 1 |1 6 2 1 1 2 11 14 1 2 1 4 1 2 1 1 |1 1 2 1 1 1 2 7 13 4 1 1 1 3 4 1 |1 1 1 1 13 1 1 1 7 1 1 1 6 3 1 2 |1 1 1 1 2 7 1 1 2 1 1 1 2 1 1 1 |1 2 1 2 3 1 2 2 2 1 1 1 1 1 14 1 |1 1 1 1 2 1 1 16 1 1 3 1 1 1 3 3 |1 1 8 1 7 1 1 1 1 1 1 1 1 8 9 1 |1 8 2 1 1 1 1 5 2 5 2 1 5 2 2 1 |1 1 2 1 1 1 1 1 2 9 1 1 1 1 5 14 |15 1 1 1 10 1 3 8 11 1 1 1 1 1 1 7 |
19064: 1 3 6 1 1 3 9 1 7 1 1 1 9 1 15 14 |10 11 1 5 1 1 1 1 1 16 8 12 9 3 1 1 |1 6 2 1 1 2 11 14 1 2 1 4 1 2 1 1 |1 1 2 1 1 1 2 7 13 4 1 1 1 3 4 1 |1 1 1 1 13 1 1 1 7 1 1 1 6 3 1 2 |1 1 1 1 2 7 1 1 2 1 1 1 2 1 1 1 |1 2 1 2 3 1 2 2 2 1 1 1 1 1 14 1 |1 1 1 1 2 1 1 16 1 1 3 1 1 1 3 3 |1 1 8 1 7 1 1 1 1 1 1 1 1 8 9 1 |1 8 2 1 1 1 1 5 2 5 2 1 5 2 2 1 |1 1 2 1 1 1 1 1 2 9 1 1 1 1 5 14 |15 1 1 1 10 1 3 8 11 1 1 1 1 1 1 7 |
19076: 1 3 6 1 1 3 9 1 7 1 1 1 9 1 15 14 |10 11 1 5 1 1 1 1 1 16 8 12 9 3 1 1 |1 6 2 1 1 2 11 14 1 2 1 4 1 2 1 1 |1 1 2 1 1 1 2 7 13 4 1 1 1 3 4 1 |1 1 1 1 13 1 1 1 7 1 1 1 6 3 1 2 |1 1 1 1 2 7 1 1 2 1 1 1 2 1 1 1 |1 2 1 2 3 1 2 2 2 1 1 1 1 1 14 1 |1 1 1 1 2 1 1 16 1 1 3 1 1 1 3 3 |1 1 8 1 7 1 1 1 1 1 1 1 1 8 9 1 |1 8 2 1 1 1 1 5 2 5 2 1 5 2 2 1 |1 1 2 1 1 1 1 1 2 9 1 1 1 1 5 14 |15 1 1 1 10 1 3 8 11 1 1 1 1 1 1 7 |
19086: 1 3 6 1 1 3 9 1 7 1 1 1 9 1 15 14 |10 11 1 5 1 1 1 1 1 16 8 12 9 3 1 1 |1 6 2 1 1 2 11 14 1 2 1 4 1 2 1 1 |1 1 2 1 1 1 2 7 13 4 1 1 1 3 4 1 |1 1 1 1 13 1 1 1 7 1 1 1 6 3 1 2 |1 1 1 1 2 7 1 1 2 1 1 1 2 1 1 1 |1 2 1 2 3 1 2 2 2 1 1 1 1 1 14 1 |1 1 1 1 2 1 1 16 1 1 3 1 1 1 3 3 |1 1 8 1 7 1 1 1 1 1 1 1 1 8 9 1 |1 8 2 1 1 1 1 5 2 5 2 1 5 2 2 1 |1 1 2 1 1 1 1 1 2 9 1 1 1 1 5 14 |15 1 1 1 10 1 3 8 11 1 1 1 1 1 1 7 |
19097: 1 3 6 1 1 3 9 1 7 1 1 1 9 1 15 14 |10 11 1 5 1 1 1 1 1 16 8 12 9 3 1 1 |1 6 2 1 1 2 11 14 1 2 1 4 1 2 1 1 |1 1 2 1 1 1 2 7 13 4 1 1 1 3 4 1 |1 1 1 1 13 1 1 1 7 1 1 1 6 3 1 2 |1 1 1 1 2 7 1 1 2 1 1 1 2 1 1 1 |1 2 1 2 3 1 2 2 2 1 1 1 1 1 14 1 |1 1 1 1 2 1 1 16 1 1 3 1 1 1 3 3 |1 1 8 1 7 1 1 1 1 1 1 1 1 8 9 1 |1 8 2 1 1 1 1 5 2 5 2 1 5 2 2 1 |1 1 2 1 1 1 1 1 2 9 1 1 1 1 5 14 |14 5 2 1 10 1 1 1 1 1 1 1 1 1 1 1 |
19108: 1 3 6 1 1 3 9 1 7 1 1 1 9 1 15 14 |10 11 1 5 1 1 1 1 1 16 8 12 9 3 1 1 |1 6 2 1 1 2 11 14 1 2 1 4 1 2 1 1 |1 1 2 1 1 1 2 7 13 4 1 1 1 3 4 1 |1 1 1 1 13 1 1 1 7 1 1 1 6 3 1 2 |1 1 1 1 2 7 1 1 2 1 1 1 2 1 1 1 |1 2 1 2 3 1 2 2 2 1 1 1 1 1 14 1 |1 1 1 1 2 1 1 16 1 1 3 1 1 1 3 3 |1 1 8 1 7 1 1 1 1 1 1 1 1 8 9 1 |1 8 2 1 1 1 1 5 2 5 2 1 5 2 2 1 |1 1 2 1 1 1 1 1 2 9 1 1 1 1 5 14 |14 5 2 1 10 1 1 1 1 1 1 1 1 1 1 1 |
19118: 1 3 6 1 1 3 9 1 7 1 1 1 9 1 15 14 |10 11 1 5 1 1 1 1 1 16 8 12 9 3 1 1 |1 13 8 1 1 1 5 14 1 1 1 2 1 5 1 1 |1 1 2 1 1 1 2 7 13 4 1 1 1 3 4 1 |1 1 1 1 13 1 1 1 7 1 1 1 6 3 1 2 |1 1 1 1 2 7 1 1 2 1 1 1 2 1 1 1 |1 2 1 2 3 1 2 2 2 1 1 1 1 1 14 1 |1 1 1 1 2 1 1 16 1 1 3 1 1 1 3 3 |1 1 8 1 7 1 1 1 1 1 1 1 1 8 9 1 |1 8 2 1 1 1 1 5 2 5 2 1 5 2 2 1 |1 1 2 1 1 1 1 1 2 9 1 1 1 1 5 14 |14 5 2 1 10 1 1 1 1 1 1 1 1 1 1 1 |
19129: 1 3 6 1 1 3 9 1 7 1 1 1 9 1 15 14 |10 11 1 5 1 1 1 1 1 16 8 12 9 3 1 1 |1 13 8 1 1 1 5 14 1 1 1 2 1 5 1 1 |1 1 2 1 1 1 2 7 13 4 1 1 1 3 4 1 |1 1 1 1 13 1 1 1 7 1 1 1 6 3 1 2 |1 1 1 1 2 7 1 1 2 1 1 1 2 1 1 1 |1 2 1 2 3 1 2 2 2 1 1 1 1 1 14 1 |1 1 1 1 2 1 1 16 1 1 3 1 1 1 3 3 |1 1 8 1 7 1 1 1 1 1 1 1 1 8 9 1 |1 10 5 1 1 1 1 5 2 5 14 1 5 2 3 1 |1 1 2 1 1 1 1 1 2 9 1 1 1 1 5 14 |14 5 2 1 10 1 1 1 1 1 1 1 1 1 1 1 |
19139: 1 3 6 1 1 3 9 1 7 1 1 1 9 1 15 14 |10 11 1 5 1 1 1 1 1 16 8 12 9 3 1 1 |1 13 8 1 1 1 5 14 1 1 1 2 1 5 1 1 |1 1 2 1 1 1 2 7 13 4 1 1 1 3 4 1 |1 1 1 1 13 1 1 1 7 1 1 1 6 3 1 2 |1 1 1 1 2 7 1 1 2 1 1 1 2 1 1 1 |1 2 1 2 3 1 2 2 2 1 1 1 1 1 14 1 |1 1 1 1 2 1 1 16 1 1 3 1 1 1 3 3 |1 1 8 1 7 1 1 1 1 1 1 1 1 8 9 1 |1 10 5 1 1 1 1 5 2 5 14 1 5 2 3 1 |1 1 2 1 1 1 1 1 2 9 1 1 1 1 5 14 |14 5 2 1 10 1 1 1 1 1 1 1 1 1 1 1 |
19150: 1 3 6 1 1 3 9 1 7 1 1 1 9 1 15 14 |10 11 1 5 1 1 1 1 1 16 8 12 9 3 1 1 |1 11 9 1 1 1 1 2 2 2 1 1 1 3 1 1 |1 1 2 1 1 1 2 7 13 4 1 1 1 3 4 1 |1 1 1 1 13 1 1 1 7 1 1 1 6 3 1 2 |1 1 1 1 2 7 1 1 2 1 1 1 2 1 1 1 |1 2 1 2 3 1 2 2 2 1 1 1 1 1 14 1 |1 1 1 1 2 1 1 16 1 1 3 1 1 1 3 3 |1 1 8 1 7 1 1 1 1 1 1 1 1 8 9 1 |1 10 5 1 1 1 1 5 2 5 14 1 5 2 3 1 |1 1 2 1 1 1 1 1 2 9 1 1 1 1 5 14 |14 5 2 1 10 1 1 1 1 1 1 1 1 1 1 1 |
19160: 1 3 6 1 1 3 9 1 7 1 1 1 9 1 15 14 |10 11 1 5 1 1 1 1 1 16 8 12 9 3 1 1 |1 11 9 1 1 1 1 2 2 2 1 1 1 3 1 1 |1 1 2 1 1 1 2 7 13 4 1 1 1 3 4 1 |1 1 1 1 13 1 1 1 7 1 1 1 6 3 1 2 |1 1 1 1 2 7 1 1 2 1 1 1 2 1 1 1 |1 2 1 2 3 1 2 2 2 1 1 1 1 1 14 1 |1 1 1 1 2 1 1 16 1 1 3 1 1 1 3 3 |1 1 7 1 1 1 3 12 5 1 1 5 1 8 7 1 |1 10 5 1 1 1 1 5 2 5 14 1 5 2 3 1 |1 1 2 1 1 1 1 1 2 9 1 1 1 1 5 14 |14 5 2 1 10 1 1 1 1 1 1 1 1 1 1 1 |
19172: 1 3 6 1 1 3 9 1 7 1 1 1 9 1 15 14 |10 11 1 5 1 1 1 1 1 16 8 12 9 3 1 1 |1 11 9 1 1 1 1 2 2 2 1 1 1 3 1 1 |1 1 2 1 1 1 2 7 13 4 1 1 1 3 4 1 |1 1 1 1 13 1 1 1 7 1 1 1 6 3 1 2 |1 1 1 1 2 7 1 1 2 1 1 1 2 1 1 1 |1 2 1 2 3 1 2 2 2 1 1 1 1 1 14 1 |1 1 1 1 2 1 1 16 1 1 3 1 1 1 3 3 |1 1 7 1 1 1 3 12 5 1 1 5 1 8 7 1 |1 10 5 1 1 1 1 5 2 5 14 1 5 2 3 1 |1 1 2 1 1 1 1 1 2 9 1 1 1 1 5 14 |14 5 2 1 10 1 1 1 1 1 1 1 1 1 1 1 |
19182: 1 3 6 1 1 3 9 1 7 1 1 1 9 1 15 14 |10 11 1 5 1 1 1 1 1 16 8 12 9 3 1 1 |1 11 9 1 1 1 1 2 2 2 1 1 1 3 1 1 |1 1 2 1 1 1 2 7 13 4 1 1 1 3 4 1 |1 1 1 1 13 1 1 1 7 1 1 1 6 3 1 2 |1 1 1 1 2 7 1 1 2 1 1 1 2 1 1 1 |1 2 1 2 3 1 2 2 2 1 1 1 1 1 14 1 |1 1 1 1 2 1 1 16 1 1 3 1 1 1 3 3 |1 1 7 1 1 1 3 12 5 1 1 5 1 8 7 1 |1 10 5 1 1 1 1 5 2 5 14 1 5 2 3 1 |1 1 2 1 1 1 1 1 2 9 1 1 1 1 5 14 |14 5 2 1 10 1 1 1 1 1 1 1 1 1 1 1 |
19193: 1 3 6 1 1 3 9 1 7 1 1 1 9 1 15 14 |10 11 1 5 1 1 1 1 1 16 8 12 9 3 1 1 |1 11 9 1 1 1 1 2 2 2 1 1 1 3 1 1 |1 1 2 1 1 1 2 7 13 4 1 1 1 3 4 1 |1 1 1 1 13 1 1 1 7 1 1 1 6 3 1 2 |1 1 1 1 2 7 1 1 2 1 1 1 2 1 1 1 |1 2 1 2 3 1 2 2 2 1 1 1 1 1 14 1 |1 1 1 1 2 1 1 16 1 1 3 1 1 1 3 3 |1 1 7 1 1 1 3 12 5 1 1 5 1 8 7 1 |1 10 5 1 1 1 1 5 2 5 14 1 5 2 3 1 |1 1 1 5 1 1 3 5 1 5 3 1 1 1 4 14 |14 5 2 1 10 1 1 1 1 1 1 1 1 1 1 1 |
19204: 1 3 6 1 1 3 9 1 7 1 1 1 9 1 15 14 |10 11 1 5 1 1 1 1 1 16 8 12 9 3 1 1 |1 11 9 1 1 1 1 2 2 2 1 1 1 3 1 1 |1 1 2 1 1 1 2 7 13 4 1 1 1 3 4 1 |1 1 1 1 13 1 1 1 7 1 1 1 6 3 1 2 |1 1 1 1 2 7 1 1 2 1 1 1 2 1 1 1 |1 2 1 2 3 1 2 2 2 1 1 1 1 1 14 1 |1 1 1 1 2 1 1 16 1 1 3 1 1 1 3 3 |1 1 7 1 1 1 3 12 5 1 1 5 1 8 7 1 |1 10 5 1 1 1 1 5 2 5 14 1 5 2 3 1 |1 1 1 5 1 1 3 5 1 5 3 1 1 1 4 14 |14 5 2 1 10 1 1 1 1 1 1 1 1 1 1 1 |
19215: 1 3 6 1 1 3 9 1 7 1 1 1 9 1 15 14 |10 11 1 5 1 1 1 1 1 16 8 12 9 3 1 1 |1 11 9 1 1 1 1 2 2 2 1 1 1 3 1 1 |1 1 2 1 1 1 2 7 13 4 1 1 1 3 4 1 |1 1 1 1 13 1 1 1 7 1 1 1 6 3 1 2 |1 1 1 1 2 7 1 1 2 1 1 1 2 1 1 1 |1 2 1 2 3 1 2 2 2 1 1 1 1 1 14 1 |1 1 1 1 2 1 1 16 1 1 3 1 1 1 3 3 |1 1 7 1 1 1 3 12 5 1 1 5 1 8 7 1 |1 10 5 1 1 1 1 5 2 5 14 1 5 2 3 1 |1 1 1 5 1 1 3 5 1 5 3 1 1 1 4 14 |14 5 2 1 10 1 1 1 1 1 1 1 1 1 1 1 |
19226: 1 3 6 1 1 3 9 1 7 1 1 1 9 1 15 14 |10 11 1 5 1 1 1 1 1 16 8 12 9 3 1 1 |1 11 9 1 1 1 1 2 2 2 1 1 1 3 1 1 |1 1 2 1 1 1 2 7 13 4 1 1 1 3 4 1 |1 1 1 1 13 1 1 1 7 1 1 1 6 3 1 2 |1 1 1 1 2 7 1 1 2 1 1 1 2 1 1 1 |1 2 1 2 3 1 2 2 2 1 1 1 1 1 14 1 |1 1 1 1 2 1 1 16 1 1 3 1 1 1 3 3 |1 1 1 1 6 1 3 12 6 1 1 5 1 1 1 1 |1 10 5 1 1 1 1 5 2 5 14 1 5 2 3 1 |1 1 1 5 1 1 3 5 1 5 3 1 1 1 4 14 |14 5 2 1 10 1 1 1 1 1 1 1 1 1 1 1 |
19236: 1 3 6 1 1 3 9 1 7 1 1 1 9 1 15 14 |10 11 1 5 1 1 1 1 1 16 8 12 9 3 1 1 |1 11 9 1 1 1 1 2 2 2 1 1 1 3 1 1 |1 1 2 1 1 1 2 7 13 4 1 1 1 3 4 1 |1 1 1 1 13 1 1 1 7 1 1 1 6 3 1 2 |1 1 1 1 2 7 1 1 2 1 1 1 2 1 1 1 |1 2 1 2 3 1 2 2 2 1 1 1 1 1 14 1 |1 1 1 1 2 1 1 16 1 1 3 1 1 1 3 3 |1 1 1 1 6 1 3 12 6 1 1 5 1 1 1 1 |1 9 5 1 1 1 3 5 1 7 2 1 6 1 15 1 |1 1 1 5 1 1 3 5 1 5 3 1 1 1 4 14 |14 5 2 1 10 1 1 1 1 1 1 1 1 1 1 1 |
19247: 1 3 6 1 1 3 9 1 7 1 1 1 9 1 15 14 |10 11 1 5 1 1 1 1 1 16 8 12 9 3 1 1 |1 11 9 1 1 1 1 2 2 2 1 1 1 3 1 1 |1 1 2 1 1 1 2 7 13 4 1 1 1 3 4 1 |1 1 1 1 13 1 1 1 7 1 1 1 6 3 1 2 |1 1 1 1 2 7 1 1 2 1 1 1 2 1 1 1 |1 2 1 2 3 1 2 2 2 1 1 1 1 1 14 1 |1 1 1 1 2 1 1 16 1 1 3 1 1 1 3 3 |1 1 1 1 6 1 3 12 6 1 1 5 1 1 1 1 |1 9 5 1 1 1 3 5 1 7 2 1 6 1 15 1 |1 1 1 5 1 1 3 5 1 5 3 1 1 1 4 14 |14 5 2 1 10 1 1 1 1 1 1 1 1 1 1 1 |
19257: 1 3 6 1 1 3 9 1 7 1 1 1 9 1 15 14 |10 11 1 5 1 1 1 1 1 16 8 12 9 3 1 1 |1 11 9 1 1 1 1 2 2 2 1 1 1 3 1 1 |1 1 2 1 1 1 2 7 13 4 1 1 1 3 4 1 |1 1 1 1 13 1 1 1 7 1 1 1 6 3 1 2 |1 1 1 1 2 7 1 1 2 1 1 1 2 1 1 1 |1 2 1 2 3 1 2 2 2 1 1 1 1 1 14 1 |1 1 1 1 2 1 1 16 1 1 3 1 1 1 3 3 |1 1 1 1 6 1 3 12 6 1 1 5 1 1 1 1 |1 9 5 1 1 1 3 5 1 7 2 1 6 1 15 1 |1 1 1 5 1 1 3 5 1 5 3 1 1 1 4 14 |14 5 2 1 10 1 1 1 1 1 1 1 1 1 1 1 |
19267: 1 3 6 1 1 3 9 1 7 1 1 1 9 1 15 14 |10 11 1 5 1 1 1 1 1 16 8 12 9 3 1 1 |1 11 9 1 1 1 1 2 2 2 1 1 1 3 1 1 |1 1 2 1 1 1 2 7 13 4 1 1 1 3 4 1 |1 1 1 1 13 1 1 1 7 1 1 1 6 3 1 2 |1 1 1 1 2 7 1 1 2 1 1 1 2 1 1 1 |1 2 1 2 3 1 2 2 2 1 1 1 1 1 14 1 |1 1 1 1 2 1 1 16 1 1 3 1 1 1 3 3 |1 1 1 1 6 1 3 12 6 1 1 5 1 1 1 1 |1 9 5 1 1 1 3 5 1 7 2 1 6 1 15 1 |1 1 1 5 1 1 3 5 1 5 3 1 1 1 4 14 |14 5 2 1 10 1 1 1 1 1 1 1 1 1 1 1 |
19278: 1 3 6 1 1 3 9 1 7 1 1 1 9 1 15 14 |10 11 1 5 1 1 1 1 1 16 8 12 9 3 1 1 |1 11 9 1 1 1 1 2 2 2 1 1 1 3 1 1 |1 1 2 1 1 1 2 7 13 4 1 1 1 3 4 1 |1 1 1 1 13 1 1 1 7 1 1 1 6 3 1 2 |1 1 1 1 2 7 1 1 2 1 1 1 2 1 1 1 |1 2 1 2 3 1 2 2 2 1 1 1 1 1 14 1 |1 1 1 1 2 1 1 16 1 1 3 1 1 1 3 3 |1 1 1 1 6 1 3 12 6 1 1 5 1 1 1 1 |1 9 5 1 1 1 3 5 1 7 2 1 6 1 15 1 |1 1 1 5 1 1 3 5 1 5 3 1 1 1 4 14 |14 5 2 1 10 1 1 1 1 1 1 1 1 1 1 1 |
19288: 1 3 6 1 1 3 9 1 7 1 1 1 9 1 15 14 |10 11 1 5 1 1 1 1 1 16 8 12 9 3 1 1 |1 11 9 1 1 1 1 2 2 2 1 1 1 3 1 1 |1 1 2 1 1 1 2 7 13 4 1 1 1 3 4 1 |1 1 1 5 6 2 1 1 1 1 6 1 1 4 1 7 |1 1 1 1 2 7 1 1 2 1 1 1 2 1 1 1 |1 2 1 2 3 1 2 2 2 1 1 1 1 1 14 1 |1 1 1 1 2 1 1 16 1 1 3 1 1 1 3 3 |1 1 1 1 6 1 3 12 6 1 1 5 1 1 1 1 |1 9 5 1 1 1 3 5 1 7 2 1 6 1 15 1 |1 1 1 5 1 1 3 5 1 5 3 1 1 1 4 14 |14 5 2 1 10 1 1 1 1 1 1 1 1 1 1 1 |
19298: 1 3 6 1 1 3 9 1 7 1 1 1 9 1 15 14 |10 11 1 5 1 1 1 1 1 16 8 12 9 3 1 1 |1 11 9 1 1 1 1 2 2 2 1 1 1 3 1 1 |1 1 2 1 1 1 2 7 13 4 1 1 1 3 4 1 |1 1 1 5 6 2 1 1 1 1 6 1 1 4 1 7 |1 11 1 2 1 5 1 1 8 1 1 1 3 2 1 1 |1 2 1 2 3 1 2 2 2 1 1 1 1 1 14 1 |1 1 1 1 2 1 1 16 1 1 3 1 1 1 3 3 |1 1 1 1 6 1 3 12 6 1 1 5 1 1 1 1 |1 9 5 1 1 1 3 5 1 7 2 1 6 1 15 1 |1 1 1 5 1 1 3 5 1 5 3 1 1 1 4 14 |14 5 2 1 10 1 1 1 1 1 1 1 1 1 1 1 |
19309: 1 3 6 1 1 3 9 1 7 1 1 1 9 1 15 14 |10 11 1 5 1 1 1 1 1 16 8 12 9 3 1 1 |1 11 9 1 1 1 1 2 2 2 1 1 1 3 1 1 |1 1 2 1 1 1 2 7 13 4 1 1 1 3 4 1 |1 1 1 5 6 2 1 1 1 1 6 1 1 4 1 7 |1 11 1 2 1 5 1 1 8 1 1 1 3 2 1 1 |1 2 1 2 3 1 2 2 2 1 1 1 1 1 14 1 |1 1 1 1 2 1 1 16 1 1 3 1 1 1 3 3 |1 1 1 1 6 1 3 12 6 1 1 5 1 1 1 1 |1 9 5 1 1 1 3 5 1 7 2 1 6 1 15 1 |1 1 1 5 1 1 3 5 1 5 3 1 1 1 4 14 |14 5 2 1 10 1 1 1 1 1 1 1 1 1 1 1 |
19319: 1 3 6 1 1 3 9 1 7 1 1 1 9 1 15 14 |10 11 1 5 1 1 1 1 1 16 8 12 9 3 1 1 |1 11 9 1 1 1 1 2 2 2 1 1 1 3 1 1 |1 1 1 1 1 1 1 1 12 3 1 1 1 4 15 1 |1 1 1 5 6 2 1 1 1 1 6 1 1 4 1 7 |1 11 1 2 1 5 1 1 8 1 1 1 3 2 1 1 |1 2 1 2 3 1 2 2 2 1 1 1 1 1 14 1 |1 1 1 1 2 1 1 16 1 1 3 1 1 1 3 3 |1 1 1 1 6 1 3 12 6 1 1 5 1 1 1 1 |1 9 5 1 1 1 3 5 1 7 2 1 6 1 15 1 |1 1 1 5 1 1 3 5 1 5 3 1 1 1 4 14 |14 5 2 1 10 1 1 1 1 1 1 1 1 1 1 1 |
19330: 1 3 6 1 1 3 9 1 7 1 1 1 9 1 15 14 |10 11 1 5 1 1 1 1 1 16 8 12 9 3 1 1 |1 11 9 1 1 1 1 2 2 2 1 1 1 3 1 1 |1 1 1 1 1 1 1 1 12 3 1 1 1 4 15 1 |1 1 1 5 6 2 1 1 1 1 6 1 1 4 1 7 |1 11 1 2 1 5 1 1 8 1 1 1 3 2 1 1 |1 2 1 2 3 1 2 2 2 1 1 1 1 1 14 1 |1 1 1 1 2 1 1 16 1 1 3 1 1 1 3 3 |1 1 1 1 6 1 3 12 6 1 1 5 1 1 1 1 |1 9 5 1 1 1 3 5 1 7 2 1 6 1 15 1 |1 1 1 5 1 1 3 5 1 5 3 1 1 1 4 14 |14 5 2 1 10 1 1 1 1 1 1 1 1 1 1 1 |
19340: 1 3 6 1 1 3 9 1 7 1 1 1 9 1 15 14 |10 11 1 5 1 1 1 1 1 16 8 12 9 3 1 1 |1 11 9 1 1 1 1 2 2 2 1 1 1 3 1 1 |1 1 1 1 1 1 1 1 12 3 1 1 1 4 15 1 |1 1 1 5 6 2 1 1 1 1 6 1 1 4 1 7 |1 11 1 2 1 5 1 1 8 1 1 1 3 2 1 1 |1 2 1 2 3 1 2 2 2 1 1 1 1 1 14 1 |1 1 1 1 2 1 1 16 1 1 3 1 1 1 3 3 |1 1 1 1 6 1 3 12 6 1 1 5 1 1 1 1 |1 9 5 1 1 1 3 5 1 7 2 1 6 1 15 1 |1 1 1 5 1 1 3 5 1 5 3 1 1 1 4 14 |14 5 2 1 10 1 1 1 1 1 1 1 1 1 1 1 |
19352: 1 3 6 1 1 3 9 1 7 1 1 1 9 1 15 14 |8 12 1 9 1 1 1 1 1 14 9 12 7 1 1 1 |1 11 9 1 1 1 1 2 2 2 1 1 1 3 1 1 |1 1 1 1 1 1 1 1 12 3 1 1 1 4 15 1 |1 1 1 5 6 2 1 1 1 1 6 1 1 4 1 7 |1 11 1 2 1 5 1 1 8 1 1 1 3 2 1 1 |1 2 1 2 3 1 2 2 2 1 1 1 1 1 14 1 |1 1 1 1 2 1 1 16 1 1 3 1 1 1 3 3 |1 1 1 1 6 1 3 12 6 1 1 5 1 1 1 1 |1 9 5 1 1 1 3 5 1 7 2 1 6 1 15 1 |1 1 1 5 1 1 3 5 1 5 3 1 1 1 4 14 |14 5 2 1 10 1 1 1 1 1 1 1 1 1 1 1 |
19362: 1 3 6 1 1 3 9 1 7 1 1 1 9 1 15 14 |8 12 1 9 1 1 1 1 1 14 9 12 7 1 1 1 |1 11 9 1 1 1 1 2 2 2 1 1 1 3 1 1 |1 1 1 1 1 1 1 1 12 3 1 1 1 4 15 1 |1 1 1 5 6 2 1 1 1 1 6 1 1 4 1 7 |1 11 1 2 1 5 1 1 8 1 1 1 3 2 1 1 |1 2 1 2 3 1 2 2 2 1 1 1 1 1 14 1 |1 1 1 1 2 1 1 16 1 1 3 1 1 1 3 3 |1 1 1 1 6 1 3 12 6 1 1 5 1 1 1 1 |1 9 5 1 1 1 3 5 1 7 2 1 6 1 15 1 |1 1 1 5 1 1 3 5 1 5 3 1 1 1 4 14 |14 5 2 1 10 1 1 1 1 1 1 1 1 1 1 1 |
19373: 1 3 6 1 1 3 9 1 7 1 1 1 9 1 15 14 |8 12 1 9 1 1 1 1 1 14 9 12 7 1 1 1 |1 11 9 1 1 1 1 2 2 2 1 1 1 3 1 1 |1 1 1 1 1 1 1 1 12 3 1 1 1 4 15 1 |1 1 1 5 6 2 1 1 1 1 6 1 1 4 1 7 |1 11 1 2 1 5 1 1 8 1 1 1 3 2 1 1 |1 2 1 2 3 1 2 2 2 1 1 1 1 1 14 1 |1 1 1 1 2 1 1 16 1 1 3 1 1 1 3 3 |1 1 1 1 6 1 3 12 6 1 1 5 1 1 1 1 |1 9 5 1 1 1 3 5 1 7 2 1 6 1 15 1 |1 1 1 5 1 1 3 5 1 5 3 1 1 1 4 14 |14 5 2 1 10 1 1 1 1 1 1 1 1 1 1 1 |
19384: 1 3 6 1 1 3 9 1 7 1 1 1 9 1 15 14 |8 12 1 9 1 1 1 1 1 14 9 12 7 1 1 1 |1 10 7 1 1 1 5 3 1 1 1 3 1 3 1 1 |1 1 1 1 1 1 1 1 12 3 1 1 1 4 15 1 |1 1 1 5 6 2 1 1 1 1 6 1 1 4 1 7 |1 11 1 2 1 5 1 1 8 1 1 1 3 2 1 1 |1 2 1 2 3 1 2 2 2 1 1 1 1 1 14 1 |1 1 1 1 2 1 1 16 1 1 3 1 1 1 3 3 |1 1 1 1 6 1 3 12 6 1 1 5 1 1 1 1 |1 9 5 1 1 1 3 5 1 7 2 1 6 1 15 1 |1 1 1 5 1 1 3 5 1 5 3 1 1 1 4 14 |14 5 2 1 10 1 1 1 1 1 1 1 1 1 1 1 |
19394: 1 3 6 1 1 3 9 1 7 1 1 1 9 1 15 14 |8 12 1 9 1 1 1 1 1 14 9 12 7 1 1 1 |1 10 7 1 1 1 5 3 1 1 1 3 1 3 1 1 |1 1 1 1 1 1 1 1 12 3 1 1 1 4 15 1 |1 1 1 5 6 2 1 1 1 1 6 1 1 4 1 7 |1 11 1 2 1 5 1 1 8 1 1 1 3 2 1 1 |1 2 1 2 3 1 2 2 2 1 1 1 1 1 14 1 |1 1 1 1 2 1 1 16 1 1 3 1 1 1 3 3 |1 1 1 1 6 1 3 12 6 1 1 5 1 1 1 1 |1 9 5 1 1 1 3 5 1 7 2 1 6 1 15 1 |1 1 1 5 1 1 3 5 1 5 3 1 1 1 4 14 |14 5 2 1 10 1 1 1 1 1 1 1 1 1 1 1 |
19405: 1 3 6 1 1 3 9 1 7 1 1 1 9 1 15 14 |8 12 1 9 1 1 1 1 1 14 9 12 7 1 1 1 |1 10 7 1 1 1 5 3 1 1 1 3 1 3 1 1 |1 1 1 1 1 1 1 1 12 3 1 1 1 4 15 1 |1 1 1 5 6 2 1 1 1 1 6 1 1 4 1 7 |1 11 1 2 1 5 1 1 8 1 1 1 3 2 1 1 |1 2 1 2 3 1 2 2 2 1 1 1 1 1 14 1 |1 1 1 1 2 1 1 16 1 1 3 1 1 1 3 3 |1 1 1 1 6 1 3 12 6 1 1 5 1 1 1 1 |1 9 5 1 1 1 3 5 1 7 2 1 6 1 15 1 |1 1 1 5 1 1 3 5 1 5 3 1 1 1 4 14 |14 5 2 1 10 1 1 1 1 1 1 1 1 1 1 1 |
19415: 1 1 13 1 6 15 8 1 7 1 1 2 4 1 17 12 |8 12 1 9 1 1 1 1 1 14 9 12 7 1 1 1 |1 10 7 1 1 1 5 3 1 1 1 3 1 3 1 1 |1 1 1 1 1 1 1 1 12 3 1 1 1 4 15 1 |1 1 1 5 6 2 1 1 1 1 6 1 1 4 1 7 |1 11 1 2 1 5 1 1 8 1 1 1 3 2 1 1 |1 2 1 2 3 1 2 2 2 1 1 1 1 1 14 1 |1 1 1 1 2 1 1 16 1 1 3 1 1 1 3 3 |1 1 1 1 6 1 3 12 6 1 1 5 1 1 1 1 |1 9 5 1 1 1 3 5 1 7 2 1 6 1 15 1 |1 1 1 5 1 1 3 5 1 5 3 1 1 1 4 14 |14 5 2 1 10 1 1 1 1 1 1 1 1 1 1 1 |
19425: 1 1 13 1 6 15 8 1 7 1 1 2 4 1 17 12 |8 12 1 9 1 1 1 1 1 14 9 12 7 1 1 1 |1 10 7 1 1 1 5 3 1 1 1 3 1 3 1 1 |1 1 1 1 1 1 1 1 12 3 1 1 1 4 15 1 |1 1 1 5 6 2 1 1 1 1 6 1 1 4 1 7 |1 11 1 2 1 5 1 1 8 1 1 1 3 2 1 1 |1 2 1 2 3 1 2 2 2 1 1 1 1 1 14 1 |1 1 1 1 2 1 1 16 1 1 3 1 1 1 3 3 |1 1 1 1 6 1 3 12 6 1 1 5 1 1 1 1 |1 9 5 1 1 1 3 5 1 7 2 1 6 1 15 1 |1 1 1 1 1 14 4 5 1 5 3 1 1 1 4 14 |14 5 2 1 10 1 1 1 1 1 1 1 1 1 1 1 |
19436: 1 1 13 1 6 15 8 1 7 1 1 2 4 1 17 12 |8 12 1 9 1 1 1 1 1 14 9 12 7 1 1 1 |1 10 7 1 1 1 5 3 1 1 1 3 1 3 1 1 |1 1 1 1 1 1 1 1 12 3 1 1 1 4 15 1 |1 1 1 5 6 2 1 1 1 1 6 1 1 4 1 7 |1 11 1 2 1 5 1 1 8 1 1 1 3 2 1 1 |1 2 1 2 3 1 2 2 2 1 1 1 1 1 14 1 |1 1 1 1 2 1 1 16 1 1 3 1 1 1 3 3 |1 1 1 1 6 1 3 12 6 1 1 5 1 1 1 1 |1 9 5 1 1 1 3 5 1 7 2 1 6 1 15 1 |1 1 1 1 1 14 4 5 1 5 3 1 1 1 4 14 |14 5 2 1 10 1 1 1 1 1 1 1 1 1 1 1 |
19446: 1 1 13 1 6 15 8 1 7 1 1 2 4 1 17 12 |8 12 1 9 1 1 1 1 1 14 9 12 7 1 1 1 |1 10 7 1 1 1 5 3 1 1 1 3 1 3 1 1 |1 1 1 1 1 1 1 1 12 3 1 1 1 4 15 1 |1 1 1 5 6 2 1 1 1 1 6 1 1 4 1 7 |1 11 1 2 1 5 1 1 8 1 1 1 3 2 1 1 |1 2 1 2 3 1 2 2 2 1 1 1 1 1 14 1 |1 1 1 1 2 1 1 16 1 1 3 1 1 1 3 3 |1 1 1 1 6 1 3 12 6 1 1 5 1 1 1 1 |1 9 5 1 1 1 3 5 1 7 2 1 6 1 15 1 |1 1 1 1 1 14 4 5 1 5 3 1 1 1 4 14 |14 5 2 1 10 1 1 1 1 1 1 1 1 1 1 1 |
19457: 1 1 13 1 6 15 8 1 7 1 1 2 4 1 17 12 |8 12 1 9 1 1 1 1 1 14 9 12 7 1 1 1 |1 10 7 1 1 1 5 3 1 1 1 3 1 3 1 1 |1 1 1 1 1 1 1 1 12 3 1 1 1 4 15 1 |1 1 1 5 6 2 1 1 1 1 6 1 1 4 1 7 |1 11 1 2 1 5 1 1 8 1 1 1 3 2 1 1 |1 2 1 2 3 1 2 2 2 1 1 1 1 1 14 1 |1 1 1 1 2 1 1 16 1 1 3 1 1 1 3 3 |1 1 1 1 6 1 3 12 6 1 1 5 1 1 1 1 |1 9 5 1 1 1 3 5 1 7 2 1 6 1 15 1 |1 1 1 1 1 14 4 5 1 5 3 1 1 1 4 14 |14 5 2 1 10 1 1 1 1 1 1 1 1 1 1 1 |
19468: 1 1 13 1 6 15 8 1 7 1 1 2 4 1 17 12 |8 12 1 9 1 1 1 1 1 14 9 12 7 1 1 1 |1 10 7 1 1 1 5 3 1 1 1 3 1 3 1 1 |1 1 1 1 1 1 1 1 12 3 1 1 1 4 15 1 |1 1 1 5 6 2 1 1 1 1 6 1 1 4 1 7 |1 11 1 2 1 5 1 1 8 1 1 1 3 2 1 1 |1 2 1 2 3 1 2 2 2 1 1 1 1 1 14 1 |1 1 1 1 2 1 1 16 1 1 3 1 1 1 3 3 |1 1 1 1 6 1 3 12 6 1 1 5 1 1 1 1 |1 9 5 1 1 1 3 5 1 7 2 1 6 1 15 1 |1 1 1 1 1 14 4 5 1 5 3 1 1 1 4 14 |14 5 2 1 10 1 1 1 1 1 1 1 1 1 1 1 |
19479: 1 1 13 1 6 15 8 1 7 1 1 2 4 1 17 12 |8 12 1 9 1 1 1 1 1 14 9 12 7 1 1 1 |1 10 7 1 1 1 5 3 1 1 1 3 1 3 1 1 |1 1 1 1 1 1 1 1 12 3 1 1 1 4 15 1 |1 1 1 5 6 2 1 1 1 1 6 1 1 4 1 7 |1 11 1 2 1 5 1 1 8 1 1 1 3 2 1 1 |1 2 1 2 3 1 2 2 2 1 1 1 1 1 14 1 |1 1 1 1 2 1 1 16 1 1 3 1 1 1 3 3 |1 1 1 1 6 1 3 12 6 1 1 5 1 1 1 1 |1 9 5 1 1 1 3 5 1 7 2 1 6 1 15 1 |1 1 1 1 1 14 4 5 1 5 3 1 1 1 4 14 |14 5 2 1 10 1 1 1 1 1 1 1 1 1 1 1 |
19489: 1 1 13 1 6 15 8 1 7 1 1 2 4 1 17 12 |8 12 1 9 1 1 1 1 1 14 9 12 7 1 1 1 |1 10 7 1 1 1 5 3 1 1 1 3 1 3 1 1 |1 1 1 1 1 1 1 1 12 3 1 1 1 4 15 1 |1 1 1 5 6 2 1 1 1 1 6 1 1 4 1 7 |1 11 1 2 1 5 1 1 8 1 1 1 3 2 1 1 |1 2 1 2 3 1 2 2 2 1 1 1 1 1 14 1 |1 1 1 1 2 1 1 16 1 1 3 1 1 1 3 3 |1 6 1 1 1 1 3 13 5 1 1 5 1 8 8 1 |1 9 5 1 1 1 3 5 1 7 2 1 6 1 15 1 |1 1 1 1 1 14 4 5 1 5 3 1 1 1 4 14 |14 5 2 1 10 1 1 1 1 1 1 1 1 1 1 1 |
19499: 1 1 13 1 6 15 8 1 7 1 1 2 4 1 17 12 |8 12 1 9 1 1 1 1 1 14 9 12 7 1 1 1 |1 10 7 1 1 1 5 3 1 1 1 3 1 3 1 1 |1 1 1 1 1 1 1 1 12 3 1 1 1 4 15 1 |1 1 1 5 6 2 1 1 1 1 6 1 1 4 1 7 |1 11 1 2 1 5 1 1 8 1 1 1 3 2 1 1 |1 2 1 2 3 1 2 2 2 1 1 1 1 1 14 1 |1 1 1 1 2 1 1 16 1 1 3 1 1 1 3 3 |1 6 1 1 1 1 3 13 5 1 1 5 1 8 8 1 |1 1 1 1 1 1 1 5 2 5 13 1 5 2 3 1 |1 1 1 1 1 14 4 5 1 5 3 1 1 1 4 14 |14 5 2 1 10 1 1 1 1 1 1 1 1 1 1 1 |
19510: 1 1 13 1 6 15 8 1 7 1 1 2 4 1 17 12 |8 12 1 9 1 1 1 1 1 14 9 12 7 1 1 1 |1 10 7 1 1 1 5 3 1 1 1 3 1 3 1 1 |1 1 1 1 1 1 1 1 12 3 1 1 1 4 15 1 |1 1 1 5 6 2 1 1 1 1 6 1 1 4 1 7 |1 11 1 2 1 5 1 1 8 1 1 1 3 2 1 1 |1 2 1 2 3 1 2 2 2 1 1 1 1 1 14 1 |1 1 1 1 2 1 1 16 1 1 3 1 1 1 3 3 |1 6 1 1 1 1 3 13 5 1 1 5 1 8 8 1 |1 1 1 1 1 1 1 5 2 5 13 1 5 2 3 1 |1 1 1 1 1 14 4 5 1 5 3 1 1 1 4 14 |14 5 2 1 10 1 1 1 1 1 1 1 1 1 1 1 |
19521: 1 1 13 1 6 15 8 1 7 1 1 2 4 1 17 12 |8 12 1 9 1 1 1 1 1 14 9 12 7 1 1 1 |1 10 7 1 1 1 5 3 1 1 1 3 1 3 1 1 |1 1 1 1 1 1 1 1 12 3 1 1 1 4 15 1 |1 1 1 5 6 2 1 1 1 1 6 1 1 4 1 7 |1 11 1 2 1 5 1 1 8 1 1 1 3 2 1 1 |1 2 1 2 3 1 2 2 2 1 1 1 1 1 14 1 |1 1 1 1 2 1 1 16 1 1 3 1 1 1 3 3 |1 6 1 1 1 1 3 13 5 1 1 5 1 8 8 1 |1 1 1 1 1 1 1 5 2 5 13 1 5 2 3 1 |1 1 1 1 1 14 4 5 1 5 3 1 1 1 4 14 |14 5 2 1 10 1 1 1 1 1 1 1 1 1 1 1 |
19531: 1 1 13 1 6 15 8 1 7 1 1 2 4 1 17 12 |8 12 1 9 1 1 1 1 1 14 9 12 7 1 1 1 |1 10 7 1 1 1 5 3 1 1 1 3 1 3 1 1 |1 1 1 1 1 1 1 1 12 3 1 1 1 4 15 1 |1 1 1 5 6 2 1 1 1 1 6 1 1 4 1 7 |1 11 1 2 1 5 1 1 8 1 1 1 3 2 1 1 |1 2 1 2 3 1 2 2 2 1 1 1 1 1 14 1 |1 1 1 1 2 1 1 16 1 1 3 1 1 1 3 3 |1 6 1 1 1 1 3 13 5 1 1 5 1 8 8 1 |1 1 1 1 1 1 1 5 2 5 13 1 5 2 3 1 |1 1 1 1 1 14 4 5 1 5 3 1 1 1 4 14 |14 5 2 1 10 1 1 1 1 1 1 1 1 1 1 1 |
19542: 1 1 13 1 6 15 8 1 7 1 1 2 4 1 17 12 |8 12 1 9 1 1 1 1 1 14 9 12 7 1 1 1 |1 10 7 1 1 1 5 3 1 1 1 3 1 3 1 1 |1 1 1 1 1 1 1 1 12 3 1 1 1 4 15 1 |1 1 1 5 6 2 1 1 1 1 6 1 1 4 1 7 |1 11 1 2 1 5 1 1 8 1 1 1 3 2 1 1 |1 2 1 2 3 1 2 2 2 1 1 1 1 1 14 1 |1 1 1 1 2 1 1 16 1 1 3 1 1 1 3 3 |1 6 1 1 1 1 3 13 5 1 1 5 1 8 8 1 |1 1 1 1 1 1 1 5 2 5 13 1 5 2 3 1 |1 1 1 1 1 14 4 5 1 5 3 1 1 1 4 14 |14 5 2 1 10 1 1 1 1 1 1 1 1 1 1 1 |
19552: 1 1 13 1 6 15 8 1 7 1 1 2 4 1 17 12 |8 12 1 9 1 1 1 1 1 14 9 12 7 1 1 1 |1 10 7 1 1 1 5 3 1 1 1 3 1 3 1 1 |1 1 1 1 1 1 1 1 12 3 1 1 1 4 15 1 |1 1 1 5 6 2 1 1 1 1 6 1 1 4 1 7 |1 11 1 2 1 5 1 1 8 1 1 1 3 2 1 1 |1 2 1 2 3 1 2 2 2 1 1 1 1 1 14 1 |1 1 1 1 2 1 1 16 1 1 3 1 1 1 3 3 |1 6 1 1 1 1 3 13 5 1 1 5 1 8 8 1 |1 1 1 1 1 1 1 5 2 5 13 1 5 2 3 1 |1 1 1 1 1 14 4 5 1 5 3 1 1 1 4 14 |14 5 2 1 10 1 1 1 1 1 1 1 1 1 1 1 |
19563: 1 1 13 1 6 15 8 1 7 1 1 2 4 1 17 12 |8 12 1 9 1 1 1 1 1 14 9 12 7 1 1 1 |1 10 7 1 1 1 5 3 1 1 1 3 1 3 1 1 |1 1 1 1 1 1 1 1 12 3 1 1 1 4 15 1 |1 1 1 5 6 2 1 1 1 1 6 1 1 4 1 7 |1 11 1 2 1 5 1 1 8 1 1 1 3 2 1 1 |1 2 1 2 3 1 2 2 2 1 1 1 1 1 14 1 |1 1 1 1 2 1 1 16 1 1 3 1 1 1 3 3 |1 6 1 1 1 1 3 13 5 1 1 5 1 8 8 1 |1 1 1 1 1 1 1 5 2 5 13 1 5 2 3 1 |1 1 1 1 1 14 4 5 1 5 3 1 1 1 4 14 |14 5 2 1 10 1 1 1 1 1 1 1 1 1 1 1 |
19573: 1 1 13 1 6 15 8 1 7 1 1 2 4 1 17 12 |8 12 1 9 1 1 1 1 1 14 9 12 7 1 1 1 |1 10 7 1 1 1 5 3 1 1 1 3 1 3 1 1 |1 1 1 1 1 1 1 1 12 3 1 1 1 4 15 1 |1 1 1 5 6 2 1 1 1 1 6 1 1 4 1 7 |1 11 1 2 1 5 1 1 8 1 1 1 3 2 1 1 |1 2 1 2 3 1 2 2 2 1 1 1 1 1 14 1 |1 1 1 1 2 1 1 16 1 1 3 1 1 1 3 3 |1 6 1 1 1 1 3 13 5 1 1 5 1 8 8 1 |1 1 1 1 1 1 1 5 2 5 13 1 5 2 3 1 |1 1 1 1 1 14 4 5 1 5 3 1 1 1 4 14 |14 5 2 1 10 1 1 1 1 1 1 1 1 1 1 1 |
