right Sync information: global sync logger time 17:37:10.405 equals 1000
69: 1 2 1 1 1 1 10 1 1 1 1 1 1 1 6 4 |4 7 1 1 1 1 1 1 1 1 2 14 15 1 1 13 |1 2 1 2 2 6 10 1 1 3 5 1 1 3 1 1 |1 1 2 2 9 3 2 6 1 4 10 13 1 1 1 1 |1 8 1 1 1 2 3 1 8 3 14 2 2 3 2 7 |0 0 0 0 0 0 0 0 0 0 0 0 0 0 0 0 |0 0 0 0 0 0 0 0 0 0 0 0 0 0 0 0 |0 0 0 0 0 0 0 0 0 0 0 0 0 0 0 0 |0 0 0 0 0 0 0 0 0 0 0 0 0 0 0 0 |0 0 0 0 0 0 0 0 0 0 0 0 0 0 0 0 |0 0 0 0 0 0 0 0 0 0 0 0 0 0 0 0 |0 0 0 0 0 0 0 0 0 0 0 0 0 0 0 0 |
80: 1 2 1 1 1 1 10 1 1 1 1 1 1 1 6 4 |4 7 1 1 1 1 1 1 1 1 2 14 15 1 1 13 |1 2 1 2 2 6 10 1 1 3 5 1 1 3 1 1 |1 1 2 2 9 3 2 6 1 4 10 13 1 1 1 1 |1 8 1 1 1 2 3 1 8 3 14 2 2 3 2 7 |1 1 1 1 2 1 1 1 3 3 1 1 1 4 1 1 |7 4 15 4 1 1 1 11 1 2 7 8 1 8 1 1 |1 1 1 1 2 2 7 8 12 7 5 3 1 1 2 1 |1 2 1 2 2 1 2 1 1 1 1 1 1 6 1 13 |1 1 1 1 1 1 1 6 2 2 1 1 4 11 1 1 |1 6 7 6 1 1 2 1 3 13 5 1 1 1 2 1 |8 1 1 1 2 1 1 1 6 16 11 5 1 5 17 12 |
91: 1 2 1 1 1 1 10 1 1 1 1 1 1 1 6 4 |4 7 1 1 1 1 1 1 1 1 2 14 15 1 1 13 |1 2 1 2 2 6 10 1 1 3 5 1 1 3 1 1 |1 1 2 2 9 3 2 6 1 4 10 13 1 1 1 1 |1 8 1 1 1 2 3 1 8 3 14 2 2 3 2 7 |1 1 1 1 2 1 1 1 3 3 1 1 1 4 1 1 |7 4 15 4 1 1 1 11 1 2 7 8 1 8 1 1 |1 1 1 1 2 2 7 8 12 7 5 3 1 1 2 1 |1 2 1 2 2 1 2 1 1 1 1 1 1 6 1 13 |1 1 1 1 1 1 1 6 2 2 1 1 4 11 1 1 |1 6 7 6 1 1 2 1 3 13 5 1 1 1 2 1 |8 1 1 1 2 1 1 1 6 16 11 5 1 5 17 12 |
101: 1 3 1 1 1 1 10 2 3 1 1 2 6 1 3 3 |1 14 1 1 1 1 9 4 1 1 1 13 8 1 5 6 |1 13 13 15 1 7 1 1 1 1 2 1 1 3 1 1 |1 1 12 1 2 3 1 6 1 2 1 1 1 2 1 1 |1 6 1 1 1 2 1 2 2 2 9 1 1 4 1 1 |1 1 1 1 2 1 1 1 3 3 1 1 1 4 1 1 |7 4 15 4 1 1 1 11 1 2 7 8 1 8 1 1 |1 1 1 1 2 2 7 8 12 7 5 3 1 1 2 1 |1 2 1 2 2 1 2 1 1 1 1 1 1 6 1 13 |1 1 1 1 1 1 1 6 2 2 1 1 4 11 1 1 |1 6 7 6 1 1 2 1 3 13 5 1 1 1 2 1 |8 1 1 1 2 1 1 1 6 16 11 5 1 5 17 12 |
112: 1 3 1 1 1 1 10 2 3 1 1 2 6 1 3 3 |1 14 1 1 1 1 9 4 1 1 1 13 8 1 5 6 |1 13 13 15 1 7 1 1 1 1 2 1 1 3 1 1 |1 1 12 1 2 3 1 6 1 2 1 1 1 2 1 1 |1 6 1 1 1 2 1 2 2 2 9 1 1 4 1 1 |1 1 1 1 1 1 1 1 9 4 1 2 1 4 3 1 |1 1 2 8 4 1 1 11 1 1 5 15 7 1 1 1 |1 1 1 1 2 1 1 1 5 1 4 1 1 1 1 1 |1 1 1 1 2 1 15 13 7 1 1 5 1 13 1 3 |1 1 11 6 11 5 1 5 1 1 14 1 6 12 3 1 |1 7 6 2 1 1 2 7 1 2 7 1 1 1 7 14 |8 1 1 1 1 8 5 1 4 2 9 1 1 2 17 9 |
123: 1 3 1 1 1 1 10 2 3 1 1 2 6 1 3 3 |1 14 1 1 1 1 9 4 1 1 1 13 8 1 5 6 |1 13 13 15 1 7 1 1 1 1 2 1 1 3 1 1 |1 1 12 1 2 3 1 6 1 2 1 1 1 2 1 1 |1 6 1 1 1 2 1 2 2 2 9 1 1 4 1 1 |1 1 1 1 1 1 1 1 9 4 1 2 1 4 3 1 |1 1 2 8 4 1 1 11 1 1 5 15 7 1 1 1 |1 1 1 1 2 1 1 1 5 1 4 1 1 1 1 1 |1 1 1 1 2 1 15 13 7 1 1 5 1 13 1 3 |1 1 11 6 11 5 1 5 1 1 14 1 6 12 3 1 |1 7 6 2 1 1 2 7 1 2 7 1 1 1 7 14 |8 1 1 1 1 8 5 1 4 2 9 1 1 2 17 9 |
133: 1 1 1 1 1 1 8 1 1 2 1 1 7 1 3 2 |1 1 1 1 1 1 3 1 1 3 2 8 4 1 1 1 |1 2 13 2 1 6 7 1 1 5 1 2 1 3 1 1 |1 1 13 1 1 2 6 10 1 1 1 5 1 1 4 1 |1 6 1 1 1 2 1 2 2 2 9 1 1 4 1 1 |1 1 1 1 1 1 1 1 9 4 1 2 1 4 3 1 |1 1 2 8 4 1 1 11 1 1 5 15 7 1 1 1 |1 1 1 1 2 1 1 1 5 1 4 1 1 1 1 1 |1 1 1 1 2 1 15 13 7 1 1 5 1 13 1 3 |1 1 11 6 11 5 1 5 1 1 14 1 6 12 3 1 |1 7 6 2 1 1 2 7 1 2 7 1 1 1 7 14 |8 1 1 1 1 8 5 1 4 2 9 1 1 2 17 9 |
144: 1 1 1 1 1 1 8 1 1 2 1 1 7 1 3 2 |1 1 1 1 1 1 3 1 1 3 2 8 4 1 1 1 |1 2 13 2 1 6 7 1 1 5 1 2 1 3 1 1 |1 1 13 1 1 2 6 10 1 1 1 5 1 1 4 1 |1 7 2 3 1 2 1 2 1 1 2 2 1 5 2 3 |1 13 1 1 2 1 1 1 10 1 1 1 3 6 1 2 |1 1 1 6 4 1 1 10 1 1 5 16 2 1 1 1 |1 1 11 1 4 1 6 12 1 1 5 1 1 1 3 1 |1 1 6 1 2 1 3 13 7 1 1 5 1 13 1 16 |1 1 1 1 1 1 1 6 1 1 3 1 6 12 3 1 |2 1 1 2 2 1 2 7 3 8 7 1 1 1 1 15 |8 1 1 1 1 8 5 1 4 2 9 1 1 2 17 9 |
155: 1 1 1 1 1 1 8 1 1 2 1 1 7 1 3 2 |1 1 1 1 1 1 3 1 1 3 2 8 4 1 1 1 |1 2 13 2 1 6 7 1 1 5 1 2 1 3 1 1 |1 1 13 1 1 2 6 10 1 1 1 5 1 1 4 1 |1 7 2 3 1 2 1 2 1 1 2 2 1 5 2 3 |1 13 1 1 2 1 1 1 10 1 1 1 3 6 1 2 |1 1 1 6 4 1 1 10 1 1 5 16 2 1 1 1 |1 1 11 1 4 1 6 12 1 1 5 1 1 1 3 1 |1 1 6 1 2 1 3 13 7 1 1 5 1 13 1 16 |1 1 1 1 1 1 1 6 1 1 3 1 6 12 3 1 |2 1 1 2 2 1 2 7 3 8 7 1 1 1 1 15 |9 1 1 1 1 1 1 1 5 16 11 1 1 5 17 12 |
166: 1 3 1 1 1 1 9 1 4 1 1 1 1 1 2 4 |4 7 1 1 3 1 1 1 1 1 1 1 9 2 1 1 |1 2 13 2 1 6 7 1 1 5 1 2 1 3 1 1 |1 1 13 1 1 2 6 10 1 1 1 5 1 1 4 1 |1 7 2 3 1 2 1 2 1 1 2 2 1 5 2 3 |1 13 1 1 2 1 1 1 10 1 1 1 3 6 1 2 |1 1 1 6 4 1 1 10 1 1 5 16 2 1 1 1 |1 1 11 1 4 1 6 12 1 1 5 1 1 1 3 1 |1 1 6 1 2 1 3 13 7 1 1 5 1 13 1 16 |1 1 1 1 1 1 1 6 1 1 3 1 6 12 3 1 |2 1 1 2 2 1 2 7 3 8 7 1 1 1 1 15 |9 1 1 1 1 1 1 1 5 16 11 1 1 5 17 12 |
176: 1 3 1 1 1 1 9 1 4 1 1 1 1 1 2 4 |4 7 1 1 3 1 1 1 1 1 1 1 9 2 1 1 |1 13 8 15 8 7 3 1 1 4 2 3 1 2 1 1 |1 4 13 1 1 3 1 2 1 1 1 10 1 2 1 1 |1 1 4 1 1 2 9 2 1 2 7 2 1 3 1 2 |1 1 1 12 2 1 1 1 9 2 1 2 2 5 3 1 |1 5 4 2 2 2 1 10 1 1 4 15 10 1 1 1 |1 1 11 1 1 1 7 11 1 1 1 1 1 1 1 1 |1 1 13 1 5 1 15 13 8 1 1 6 1 12 1 11 |1 1 1 1 1 1 1 6 1 1 3 1 6 12 3 1 |2 1 1 2 2 1 2 7 3 8 7 1 1 1 1 15 |9 1 1 1 1 1 1 1 5 16 11 1 1 5 17 12 |
188: 1 3 1 1 1 1 9 1 4 1 1 1 1 1 2 4 |4 7 1 1 3 1 1 1 1 1 1 1 9 2 1 1 |1 13 8 15 8 7 3 1 1 4 2 3 1 2 1 1 |1 4 13 1 1 3 1 2 1 1 1 10 1 2 1 1 |1 1 4 1 1 2 9 2 1 2 7 2 1 3 1 2 |1 1 1 12 2 1 1 1 9 2 1 2 2 5 3 1 |1 5 4 2 2 2 1 10 1 1 4 15 10 1 1 1 |1 1 11 1 1 1 7 11 1 1 1 1 1 1 1 1 |1 1 13 1 5 1 15 13 8 1 1 6 1 12 1 11 |1 2 1 2 1 2 2 6 2 1 14 1 6 12 15 1 |1 7 1 2 1 2 2 6 2 8 7 1 1 1 8 14 |8 1 1 5 1 1 1 1 1 15 9 6 1 1 17 9 |
198: 1 2 1 2 1 1 9 2 3 1 1 1 1 1 16 7 |1 14 1 1 1 1 3 1 1 2 1 12 9 1 1 1 |1 13 8 15 8 7 3 1 1 4 2 3 1 2 1 1 |1 4 13 1 1 3 1 2 1 1 1 10 1 2 1 1 |1 1 4 1 1 2 9 2 1 2 7 2 1 3 1 2 |1 1 1 12 2 1 1 1 9 2 1 2 2 5 3 1 |1 5 4 2 2 2 1 10 1 1 4 15 10 1 1 1 |1 1 11 1 1 1 7 11 1 1 1 1 1 1 1 1 |1 1 13 1 5 1 15 13 8 1 1 6 1 12 1 11 |1 2 1 2 1 2 2 6 2 1 14 1 6 12 15 1 |1 7 1 2 1 2 2 6 2 8 7 1 1 1 8 14 |8 1 1 5 1 1 1 1 1 15 9 6 1 1 17 9 |
209: 1 2 1 2 1 1 9 2 3 1 1 1 1 1 16 7 |1 14 1 1 1 1 3 1 1 2 1 12 9 1 1 1 |1 14 7 1 2 6 1 1 1 4 1 1 2 1 2 1 |1 1 2 1 1 3 1 3 1 1 1 10 1 2 1 1 |1 1 3 1 1 2 1 2 1 1 8 1 1 2 3 2 |1 1 1 1 1 1 1 1 9 2 1 2 1 6 1 1 |1 4 2 8 5 1 1 11 1 1 1 15 8 1 1 1 |1 2 1 1 1 1 1 1 1 1 1 2 1 1 2 1 |1 1 6 1 2 1 14 13 7 1 1 6 1 13 1 2 |1 1 1 3 10 1 2 6 2 1 14 1 5 12 3 1 |1 7 1 2 1 2 2 6 2 8 7 1 1 1 8 14 |8 1 1 5 1 1 1 1 1 15 9 6 1 1 17 9 |
221: 1 2 1 2 1 1 9 2 3 1 1 1 1 1 16 7 |1 14 1 1 1 1 3 1 1 2 1 12 9 1 1 1 |1 14 7 1 2 6 1 1 1 4 1 1 2 1 2 1 |1 1 2 1 1 3 1 3 1 1 1 10 1 2 1 1 |1 1 3 1 1 2 1 2 1 1 8 1 1 2 3 2 |1 1 1 1 1 1 1 1 9 2 1 2 1 6 1 1 |1 4 2 8 5 1 1 11 1 1 1 15 8 1 1 1 |1 2 1 1 1 1 1 1 1 1 1 2 1 1 2 1 |1 1 6 1 2 1 14 13 7 1 1 6 1 13 1 2 |1 1 1 3 10 1 2 6 2 1 14 1 5 12 3 1 |1 7 1 2 2 1 2 7 3 8 7 1 6 1 6 14 |8 1 1 6 1 8 1 1 1 1 8 1 2 5 4 11 |
232: 1 1 1 1 1 1 8 1 7 1 1 1 1 1 3 3 |1 1 1 1 1 1 3 1 1 1 3 7 10 2 2 1 |1 7 14 1 2 1 15 1 1 4 1 2 1 3 1 1 |1 1 2 1 1 3 1 3 1 1 1 10 1 2 1 1 |1 1 3 1 1 2 1 2 1 1 8 1 1 2 3 2 |1 1 1 1 1 1 1 1 9 2 1 2 1 6 1 1 |1 4 2 8 5 1 1 11 1 1 1 15 8 1 1 1 |1 2 1 1 1 1 1 1 1 1 1 2 1 1 2 1 |1 1 6 1 2 1 14 13 7 1 1 6 1 13 1 2 |1 1 1 3 10 1 2 6 2 1 14 1 5 12 3 1 |1 7 1 2 2 1 2 7 3 8 7 1 6 1 6 14 |8 1 1 6 1 8 1 1 1 1 8 1 2 5 4 11 |
242: 1 1 1 1 1 1 8 1 7 1 1 1 1 1 3 3 |1 1 1 1 1 1 3 1 1 1 3 7 10 2 2 1 |1 7 14 1 2 1 15 1 1 4 1 2 1 3 1 1 |1 1 13 1 1 1 1 5 1 1 3 10 1 1 3 1 |1 1 2 3 1 2 1 2 1 11 4 1 1 3 1 1 |1 15 1 1 1 1 1 1 10 1 1 2 1 7 1 1 |1 1 2 10 2 1 1 10 1 1 6 16 2 1 1 1 |1 1 10 1 3 2 1 1 1 1 4 1 1 1 3 2 |1 1 6 2 1 1 3 13 6 1 1 6 1 12 1 3 |1 1 1 1 1 1 2 6 2 1 15 1 6 12 1 1 |1 7 1 2 2 1 2 7 3 8 7 1 6 1 6 14 |8 1 1 6 1 8 1 1 1 1 8 1 2 5 4 11 |
253: 1 1 1 1 1 1 8 1 7 1 1 1 1 1 3 3 |1 1 1 1 1 1 3 1 1 1 3 7 10 2 2 1 |1 7 14 1 2 1 15 1 1 4 1 2 1 3 1 1 |1 1 13 1 1 1 1 5 1 1 3 10 1 1 3 1 |1 1 2 3 1 2 1 2 1 11 4 1 1 3 1 1 |1 15 1 1 1 1 1 1 10 1 1 2 1 7 1 1 |1 1 2 10 2 1 1 10 1 1 6 16 2 1 1 1 |1 1 10 1 3 2 1 1 1 1 4 1 1 1 3 2 |1 1 6 2 1 1 3 13 6 1 1 6 1 12 1 3 |1 1 1 1 1 1 2 6 2 1 15 1 6 12 1 1 |1 7 1 7 1 1 2 6 2 1 7 1 1 1 1 15 |8 2 1 1 1 7 1 1 1 16 11 5 1 5 5 17 |
263: 1 1 1 1 1 1 9 1 6 1 1 1 1 1 16 7 |1 1 1 1 1 1 3 1 1 1 3 7 10 2 2 1 |1 7 14 1 2 1 15 1 1 4 1 2 1 3 1 1 |1 1 13 1 1 1 1 5 1 1 3 10 1 1 3 1 |1 1 2 3 1 2 1 2 1 11 4 1 1 3 1 1 |1 15 1 1 1 1 1 1 10 1 1 2 1 7 1 1 |1 1 2 10 2 1 1 10 1 1 6 16 2 1 1 1 |1 1 10 1 3 2 1 1 1 1 4 1 1 1 3 2 |1 1 6 2 1 1 3 13 6 1 1 6 1 12 1 3 |1 1 1 1 1 1 2 6 2 1 15 1 6 12 1 1 |1 7 1 7 1 1 2 6 2 1 7 1 1 1 1 15 |8 2 1 1 1 7 1 1 1 16 11 5 1 5 5 17 |
274: 1 1 1 1 1 1 9 1 6 1 1 1 1 1 16 7 |1 1 2 1 1 1 3 1 1 1 2 1 14 1 2 1 |1 14 7 14 7 7 11 1 1 3 1 3 1 2 1 1 |1 7 1 1 1 2 1 17 1 1 1 10 1 2 1 1 |1 7 1 1 1 1 2 1 1 2 1 3 1 1 2 1 |1 1 1 3 2 1 1 12 8 3 1 1 1 5 1 1 |1 5 3 2 2 1 1 9 1 1 6 15 7 1 1 1 |1 1 1 1 3 3 7 12 1 1 4 1 1 1 3 6 |1 1 2 2 4 1 3 13 7 1 1 6 1 12 2 2 |1 1 1 1 1 1 2 6 2 1 15 1 6 12 1 1 |1 7 1 7 1 1 2 6 2 1 7 1 1 1 1 15 |8 2 1 1 1 7 1 1 1 16 11 5 1 5 5 17 |
284: 1 1 1 1 1 1 9 1 6 1 1 1 1 1 16 7 |1 1 2 1 1 1 3 1 1 1 2 1 14 1 2 1 |1 14 7 14 7 7 11 1 1 3 1 3 1 2 1 1 |1 7 1 1 1 2 1 17 1 1 1 10 1 2 1 1 |1 7 1 1 1 1 2 1 1 2 1 3 1 1 2 1 |1 1 1 3 2 1 1 12 8 3 1 1 1 5 1 1 |1 5 3 2 2 1 1 9 1 1 6 15 7 1 1 1 |1 1 1 1 3 3 7 12 1 1 4 1 1 1 3 6 |1 1 2 2 4 1 3 13 7 1 1 6 1 12 2 2 |1 1 1 1 10 2 1 7 2 1 3 2 1 7 3 1 |1 7 1 6 1 14 3 6 2 1 7 1 1 1 1 15 |16 7 1 5 1 1 1 1 5 1 8 1 1 5 17 10 |
294: 1 1 1 1 3 1 9 1 8 1 1 1 1 1 16 14 |1 1 2 1 1 1 3 1 1 1 2 1 14 1 2 1 |1 14 7 14 7 7 11 1 1 3 1 3 1 2 1 1 |1 7 1 1 1 2 1 17 1 1 1 10 1 2 1 1 |1 7 1 1 1 1 2 1 1 2 1 3 1 1 2 1 |1 1 1 3 2 1 1 12 8 3 1 1 1 5 1 1 |1 5 3 2 2 1 1 9 1 1 6 15 7 1 1 1 |1 1 1 1 3 3 7 12 1 1 4 1 1 1 3 6 |1 1 2 2 4 1 3 13 7 1 1 6 1 12 2 2 |1 1 1 1 10 2 1 7 2 1 3 2 1 7 3 1 |1 7 1 6 1 14 3 6 2 1 7 1 1 1 1 15 |16 7 1 5 1 1 1 1 5 1 8 1 1 5 17 10 |
305: 1 1 1 1 3 1 9 1 8 1 1 1 1 1 16 14 |1 11 1 1 1 1 8 3 1 4 2 12 7 2 3 5 |1 13 7 1 9 1 19 1 1 3 1 1 1 1 1 4 |1 1 1 1 1 4 1 5 1 2 1 11 1 2 1 1 |1 8 2 1 1 3 1 1 1 1 8 1 1 4 2 2 |1 1 1 1 1 1 1 1 10 1 1 1 1 7 1 1 |1 1 17 5 5 1 1 11 1 1 5 16 8 1 1 1 |1 1 1 1 3 3 7 12 1 1 4 1 1 1 3 6 |1 1 2 2 4 1 3 13 7 1 1 6 1 12 2 2 |1 1 1 1 10 2 1 7 2 1 3 2 1 7 3 1 |1 7 1 6 1 14 3 6 2 1 7 1 1 1 1 15 |16 7 1 5 1 1 1 1 5 1 8 1 1 5 17 10 |
315: 1 1 1 1 3 1 9 1 8 1 1 1 1 1 16 14 |1 11 1 1 1 1 8 3 1 4 2 12 7 2 3 5 |1 13 7 1 9 1 19 1 1 3 1 1 1 1 1 4 |1 1 1 1 1 4 1 5 1 2 1 11 1 2 1 1 |1 8 2 1 1 3 1 1 1 1 8 1 1 4 2 2 |1 1 1 1 1 1 1 1 10 1 1 1 1 7 1 1 |1 1 17 5 5 1 1 11 1 1 5 16 8 1 1 1 |1 12 1 1 3 2 1 11 1 1 2 1 1 1 3 1 |1 1 5 1 1 1 15 13 6 1 1 5 1 12 1 10 |1 1 8 5 1 1 3 5 1 1 14 1 5 12 1 1 |1 7 1 2 1 1 1 9 3 13 5 1 1 1 1 3 |1 1 1 5 1 7 1 1 5 16 9 1 2 5 5 12 |
326: 1 1 1 1 3 1 9 1 8 1 1 1 1 1 16 14 |1 11 1 1 1 1 8 3 1 4 2 12 7 2 3 5 |1 13 7 1 9 1 19 1 1 3 1 1 1 1 1 4 |1 1 1 1 1 4 1 5 1 2 1 11 1 2 1 1 |1 8 2 1 1 3 1 1 1 1 8 1 1 4 2 2 |1 1 1 1 1 1 1 1 10 1 1 1 1 7 1 1 |1 1 17 5 5 1 1 11 1 1 5 16 8 1 1 1 |1 12 1 1 3 2 1 11 1 1 2 1 1 1 3 1 |1 1 5 1 1 1 15 13 6 1 1 5 1 12 1 10 |1 1 8 5 1 1 3 5 1 1 14 1 5 12 1 1 |1 7 1 2 1 1 1 9 3 13 5 1 1 1 1 3 |1 1 1 5 1 7 1 1 5 16 9 1 2 5 5 12 |
337: 1 2 1 2 1 1 2 2 5 1 1 1 1 1 2 3 |1 1 1 1 1 1 4 2 1 2 1 14 10 2 4 5 |1 14 14 1 2 7 6 1 1 3 1 3 2 1 2 1 |1 1 1 1 1 1 1 2 1 2 1 1 1 3 1 1 |1 2 3 1 1 2 2 1 1 1 1 2 5 4 1 2 |1 13 1 1 1 1 1 1 9 3 1 2 1 6 1 4 |1 1 4 8 4 1 1 11 1 1 2 15 3 1 1 1 |1 12 1 1 3 2 1 11 1 1 2 1 1 1 3 1 |1 1 5 1 1 1 15 13 6 1 1 5 1 12 1 10 |1 1 8 5 1 1 3 5 1 1 14 1 5 12 1 1 |1 7 1 2 1 1 1 9 3 13 5 1 1 1 1 3 |1 1 1 5 1 7 1 1 5 16 9 1 2 5 5 12 |
348: 1 2 1 2 1 1 2 2 5 1 1 1 1 1 2 3 |1 1 1 1 1 1 4 2 1 2 1 14 10 2 4 5 |1 14 14 1 2 7 6 1 1 3 1 3 2 1 2 1 |1 1 1 1 1 1 1 2 1 2 1 1 1 3 1 1 |1 2 3 1 1 2 2 1 1 1 1 2 5 4 1 2 |1 13 1 1 1 1 1 1 9 3 1 2 1 6 1 4 |1 1 4 8 4 1 1 11 1 1 2 15 3 1 1 1 |1 1 8 1 3 2 1 12 13 7 4 1 1 1 2 1 |1 1 7 1 1 1 14 13 7 1 1 6 1 12 1 11 |1 2 1 1 1 1 1 6 1 1 14 1 5 11 3 1 |1 7 1 2 15 1 2 6 2 8 3 1 1 1 7 15 |5 1 1 5 1 1 1 2 2 16 10 2 1 5 17 17 |
358: 1 2 1 2 1 1 2 2 5 1 1 1 1 1 2 3 |1 1 1 1 1 1 4 2 1 2 1 14 10 2 4 5 |1 14 14 1 2 7 6 1 1 3 1 3 2 1 2 1 |1 1 1 1 1 1 1 2 1 2 1 1 1 3 1 1 |1 2 3 1 1 2 2 1 1 1 1 2 5 4 1 2 |1 13 1 1 1 1 1 1 9 3 1 2 1 6 1 4 |1 1 4 8 4 1 1 11 1 1 2 15 3 1 1 1 |1 1 8 1 3 2 1 12 13 7 4 1 1 1 2 1 |1 1 7 1 1 1 14 13 7 1 1 6 1 12 1 11 |1 2 1 1 1 1 1 6 1 1 14 1 5 11 3 1 |1 7 1 2 15 1 2 6 2 8 3 1 1 1 7 15 |5 1 1 5 1 1 1 2 2 16 10 2 1 5 17 17 |
369: 1 1 1 1 1 1 9 1 8 1 1 1 1 1 16 6 |1 1 1 1 2 1 14 1 1 1 3 13 16 1 4 1 |1 13 8 1 9 7 12 1 4 3 1 2 1 1 1 1 |1 6 14 1 1 1 1 5 1 1 1 9 1 1 3 1 |1 1 1 1 1 1 1 2 2 11 7 1 1 5 2 1 |1 4 1 2 2 1 1 1 9 3 1 1 2 4 2 2 |1 1 4 8 4 1 1 11 1 1 2 15 3 1 1 1 |1 1 8 1 3 2 1 12 13 7 4 1 1 1 2 1 |1 1 7 1 1 1 14 13 7 1 1 6 1 12 1 11 |1 2 1 1 1 1 1 6 1 1 14 1 5 11 3 1 |1 7 1 2 15 1 2 6 2 8 3 1 1 1 7 15 |5 1 1 5 1 1 1 2 2 16 10 2 1 5 17 17 |
379: 1 1 1 1 1 1 9 1 8 1 1 1 1 1 16 6 |1 1 1 1 2 1 14 1 1 1 3 13 16 1 4 1 |1 13 8 1 9 7 12 1 4 3 1 2 1 1 1 1 |1 6 14 1 1 1 1 5 1 1 1 9 1 1 3 1 |1 1 1 1 1 1 1 2 2 11 7 1 1 5 2 1 |1 4 1 2 2 1 1 1 9 3 1 1 2 4 2 2 |2 11 3 11 2 2 1 11 1 1 1 16 6 1 1 1 |1 1 11 1 1 3 6 12 13 7 4 1 1 1 3 3 |2 1 5 2 2 1 3 12 7 1 1 5 1 12 1 11 |1 1 1 1 11 1 1 2 2 1 2 2 6 12 15 1 |2 7 1 3 1 13 2 7 2 8 7 1 1 1 7 14 |8 1 2 5 3 1 1 7 5 15 9 7 1 1 17 15 |
390: 1 1 1 1 1 1 9 1 8 1 1 1 1 1 16 6 |1 1 1 1 2 1 14 1 1 1 3 13 16 1 4 1 |1 13 8 1 9 7 12 1 4 3 1 2 1 1 1 1 |1 6 14 1 1 1 1 5 1 1 1 9 1 1 3 1 |1 1 1 1 1 1 1 2 2 11 7 1 1 5 2 1 |1 4 1 2 2 1 1 1 9 3 1 1 2 4 2 2 |2 11 3 11 2 2 1 11 1 1 1 16 6 1 1 1 |1 1 11 1 1 3 6 12 13 7 4 1 1 1 3 3 |2 1 5 2 2 1 3 12 7 1 1 5 1 12 1 11 |1 1 1 1 11 1 1 2 2 1 2 2 6 12 15 1 |2 7 1 3 1 13 2 7 2 8 7 1 1 1 7 14 |8 1 2 5 3 1 1 7 5 15 9 7 1 1 17 15 |
401: 1 5 1 1 2 1 9 2 6 1 1 2 1 1 16 14 |4 10 2 1 1 1 9 3 1 1 1 14 8 2 1 1 |1 14 8 1 1 1 14 1 1 2 1 2 1 1 1 2 |1 4 10 1 1 1 1 6 1 2 1 9 1 2 1 1 |1 1 2 1 1 3 1 2 3 1 10 1 1 4 1 2 |1 1 1 1 1 4 1 1 9 1 1 1 2 3 3 1 |2 11 3 11 2 2 1 11 1 1 1 16 6 1 1 1 |1 1 11 1 1 3 6 12 13 7 4 1 1 1 3 3 |2 1 5 2 2 1 3 12 7 1 1 5 1 12 1 11 |1 1 1 1 11 1 1 2 2 1 2 2 6 12 15 1 |2 7 1 3 1 13 2 7 2 8 7 1 1 1 7 14 |8 1 2 5 3 1 1 7 5 15 9 7 1 1 17 15 |
412: 1 5 1 1 2 1 9 2 6 1 1 2 1 1 16 14 |4 10 2 1 1 1 9 3 1 1 1 14 8 2 1 1 |1 14 8 1 1 1 14 1 1 2 1 2 1 1 1 2 |1 4 10 1 1 1 1 6 1 2 1 9 1 2 1 1 |1 1 2 1 1 3 1 2 3 1 10 1 1 4 1 2 |1 1 1 1 1 4 1 1 9 1 1 1 2 3 3 1 |1 1 12 4 5 1 1 10 1 1 6 16 8 1 1 1 |1 8 1 1 1 1 1 12 1 1 4 1 1 1 2 1 |1 1 1 1 1 1 15 13 11 1 1 5 1 4 2 9 |1 1 3 2 10 1 2 5 1 1 15 1 5 12 3 1 |1 7 6 2 1 1 1 1 4 12 6 1 10 1 1 2 |8 7 1 5 1 6 1 7 5 1 7 1 1 5 17 10 |
422: 1 5 1 1 2 1 9 2 6 1 1 2 1 1 16 14 |4 10 2 1 1 1 9 3 1 1 1 14 8 2 1 1 |1 14 8 1 1 1 14 1 1 2 1 2 1 1 1 2 |1 4 10 1 1 1 1 6 1 2 1 9 1 2 1 1 |1 1 2 1 1 3 1 2 3 1 10 1 1 4 1 2 |1 1 1 1 1 4 1 1 9 1 1 1 2 3 3 1 |1 1 12 4 5 1 1 10 1 1 6 16 8 1 1 1 |1 8 1 1 1 1 1 12 1 1 4 1 1 1 2 1 |1 1 1 1 1 1 15 13 11 1 1 5 1 4 2 9 |1 1 3 2 10 1 2 5 1 1 15 1 5 12 3 1 |1 7 6 2 1 1 1 1 4 12 6 1 10 1 1 2 |8 7 1 5 1 6 1 7 5 1 7 1 1 5 17 10 |
433: 1 1 1 1 1 1 11 1 7 1 1 1 4 1 1 3 |3 8 1 1 1 1 4 1 1 1 1 12 9 1 6 6 |3 13 1 1 2 6 6 1 1 5 1 3 1 1 1 1 |1 1 2 1 1 1 5 11 1 2 1 1 1 1 2 1 |1 1 1 1 1 2 1 1 1 1 9 1 1 4 2 1 |1 5 1 1 1 1 1 1 8 2 1 2 3 3 2 1 |1 1 12 4 5 1 1 10 1 1 6 16 8 1 1 1 |1 8 1 1 1 1 1 12 1 1 4 1 1 1 2 1 |1 1 1 1 1 1 15 13 11 1 1 5 1 4 2 9 |1 1 3 2 10 1 2 5 1 1 15 1 5 12 3 1 |1 7 6 2 1 1 1 1 4 12 6 1 10 1 1 2 |8 7 1 5 1 6 1 7 5 1 7 1 1 5 17 10 |
444: 1 1 1 1 1 1 11 1 7 1 1 1 4 1 1 3 |3 8 1 1 1 1 4 1 1 1 1 12 9 1 6 6 |3 13 1 1 2 6 6 1 1 5 1 3 1 1 1 1 |1 1 2 1 1 1 5 11 1 2 1 1 1 1 2 1 |1 1 1 1 1 2 1 1 1 1 9 1 1 4 2 1 |1 5 1 1 1 1 1 1 8 2 1 2 3 3 2 1 |1 1 1 9 3 1 1 10 1 1 1 15 8 1 1 1 |1 1 1 1 3 1 1 12 1 1 4 3 1 1 2 7 |2 1 1 1 1 1 1 1 5 2 1 1 1 11 1 10 |1 1 1 1 1 1 2 6 2 1 14 1 6 11 15 1 |1 1 11 7 1 13 2 6 2 8 7 1 2 1 1 15 |1 1 1 1 2 1 1 1 1 16 11 4 1 5 17 16 |
454: 1 1 1 1 1 1 11 1 7 1 1 1 4 1 1 3 |3 8 1 1 1 1 4 1 1 1 1 12 9 1 6 6 |3 13 1 1 2 6 6 1 1 5 1 3 1 1 1 1 |1 1 2 1 1 1 5 11 1 2 1 1 1 1 2 1 |1 1 1 1 1 2 1 1 1 1 9 1 1 4 2 1 |1 5 1 1 1 1 1 1 8 2 1 2 3 3 2 1 |1 1 1 9 3 1 1 10 1 1 1 15 8 1 1 1 |1 1 1 1 3 1 1 12 1 1 4 3 1 1 2 7 |2 1 1 1 1 1 1 1 5 2 1 1 1 11 1 10 |1 1 1 1 1 1 2 6 2 1 14 1 6 11 15 1 |1 1 11 7 1 13 2 6 2 8 7 1 2 1 1 15 |1 1 1 1 2 1 1 1 1 16 11 4 1 5 17 16 |
466: 1 1 1 1 1 1 10 1 7 1 1 1 1 1 16 7 |1 1 1 1 1 1 8 4 1 2 1 1 15 1 2 7 |1 14 13 1 12 6 5 1 1 4 1 2 1 2 2 1 |1 1 2 1 1 1 5 11 1 2 1 1 1 1 2 1 |1 1 1 1 1 2 1 1 1 1 9 1 1 4 2 1 |1 5 1 1 1 1 1 1 8 2 1 2 3 3 2 1 |1 1 1 9 3 1 1 10 1 1 1 15 8 1 1 1 |1 1 1 1 3 1 1 12 1 1 4 3 1 1 2 7 |2 1 1 1 1 1 1 1 5 2 1 1 1 11 1 10 |1 1 1 1 1 1 2 6 2 1 14 1 6 11 15 1 |1 1 11 7 1 13 2 6 2 8 7 1 2 1 1 15 |1 1 1 1 2 1 1 1 1 16 11 4 1 5 17 16 |
476: 1 1 1 1 1 1 10 1 7 1 1 1 1 1 16 7 |1 1 1 1 1 1 8 4 1 2 1 1 15 1 2 7 |1 14 13 1 12 6 5 1 1 4 1 2 1 2 2 1 |1 1 3 1 1 3 2 2 1 2 1 11 1 3 1 1 |1 2 1 1 1 2 2 2 1 1 9 1 1 4 2 1 |1 1 1 2 2 2 1 1 8 3 1 1 2 4 2 1 |2 11 4 8 1 3 1 11 1 1 1 14 7 1 1 1 |1 1 1 1 2 2 7 1 2 1 1 1 1 1 3 1 |1 1 12 1 3 1 2 12 7 1 1 5 1 10 1 2 |2 2 4 1 1 1 2 6 2 1 16 1 5 12 2 1 |1 6 1 3 1 14 2 6 2 8 7 1 1 1 6 10 |15 1 4 9 1 1 1 1 4 1 8 1 2 5 17 10 |
488: 1 1 1 1 1 1 10 1 7 1 1 1 1 1 16 7 |1 1 1 1 1 1 8 4 1 2 1 1 15 1 2 7 |1 14 13 1 12 6 5 1 1 4 1 2 1 2 2 1 |1 1 3 1 1 3 2 2 1 2 1 11 1 3 1 1 |1 2 1 1 1 2 2 2 1 1 9 1 1 4 2 1 |1 1 1 2 2 2 1 1 8 3 1 1 2 4 2 1 |2 11 4 8 1 3 1 11 1 1 1 14 7 1 1 1 |1 1 1 1 2 2 7 1 2 1 1 1 1 1 3 1 |1 1 12 1 3 1 2 12 7 1 1 5 1 10 1 2 |2 2 4 1 1 1 2 6 2 1 16 1 5 12 2 1 |1 6 1 3 1 14 2 6 2 8 7 1 1 1 6 10 |15 1 4 9 1 1 1 1 4 1 8 1 2 5 17 10 |
498: 1 1 1 1 2 1 7 1 8 1 1 2 1 1 3 3 |4 11 1 1 1 1 9 3 1 1 2 12 13 3 3 5 |1 1 2 2 1 1 18 1 1 1 4 1 1 1 1 5 |1 1 1 1 1 4 1 5 1 2 5 6 1 2 1 1 |1 1 2 1 1 1 1 3 2 1 7 2 7 3 1 2 |1 1 1 2 2 2 1 1 8 3 1 1 2 4 2 1 |2 11 4 8 1 3 1 11 1 1 1 14 7 1 1 1 |1 1 1 1 2 2 7 1 2 1 1 1 1 1 3 1 |1 1 12 1 3 1 2 12 7 1 1 5 1 10 1 2 |2 2 4 1 1 1 2 6 2 1 16 1 5 12 2 1 |1 6 1 3 1 14 2 6 2 8 7 1 1 1 6 10 |15 1 4 9 1 1 1 1 4 1 8 1 2 5 17 10 |
508: 1 1 1 1 2 1 7 1 8 1 1 2 1 1 3 3 |4 11 1 1 1 1 9 3 1 1 2 12 13 3 3 5 |1 1 2 2 1 1 18 1 1 1 4 1 1 1 1 5 |1 1 1 1 1 4 1 5 1 2 5 6 1 2 1 1 |1 1 2 1 1 1 1 3 2 1 7 2 7 3 1 2 |1 5 1 1 1 1 1 1 9 1 1 2 1 4 2 1 |6 1 16 11 3 1 2 1 1 1 5 15 4 1 1 1 |1 8 1 1 3 2 1 11 2 1 1 1 1 1 2 2 |1 1 1 1 1 1 15 13 5 1 1 5 1 13 1 3 |1 1 1 2 1 1 1 5 1 1 14 1 6 12 3 1 |1 7 2 1 1 1 1 10 1 5 6 1 1 1 7 9 |8 1 1 5 1 6 1 1 4 15 10 1 2 5 17 12 |
519: 1 1 1 1 2 1 7 1 8 1 1 2 1 1 3 3 |4 11 1 1 1 1 9 3 1 1 2 12 13 3 3 5 |1 1 2 2 1 1 18 1 1 1 4 1 1 1 1 5 |1 1 1 1 1 4 1 5 1 2 5 6 1 2 1 1 |1 1 2 1 1 1 1 3 2 1 7 2 7 3 1 2 |1 5 1 1 1 1 1 1 9 1 1 2 1 4 2 1 |6 1 16 11 3 1 2 1 1 1 5 15 4 1 1 1 |1 8 1 1 3 2 1 11 2 1 1 1 1 1 2 2 |1 1 1 1 1 1 15 13 5 1 1 5 1 13 1 3 |1 1 1 2 1 1 1 5 1 1 14 1 6 12 3 1 |1 7 2 1 1 1 1 10 1 5 6 1 1 1 7 9 |8 1 1 5 1 6 1 1 4 15 10 1 2 5 17 12 |
529: 1 2 1 1 1 1 10 3 5 1 1 1 8 1 6 4 |1 1 1 1 1 1 3 1 1 1 1 12 9 1 1 4 |1 3 13 1 2 7 14 1 1 2 1 3 1 3 1 1 |1 1 1 1 1 4 1 5 1 2 5 6 1 2 1 1 |1 1 2 1 1 1 1 3 2 1 7 2 7 3 1 2 |1 5 1 1 1 1 1 1 9 1 1 2 1 4 2 1 |6 1 16 11 3 1 2 1 1 1 5 15 4 1 1 1 |1 8 1 1 3 2 1 11 2 1 1 1 1 1 2 2 |1 1 1 1 1 1 15 13 5 1 1 5 1 13 1 3 |1 1 1 2 1 1 1 5 1 1 14 1 6 12 3 1 |1 7 2 1 1 1 1 10 1 5 6 1 1 1 7 9 |8 1 1 5 1 6 1 1 4 15 10 1 2 5 17 12 |
539: 1 2 1 1 1 1 10 3 5 1 1 1 8 1 6 4 |1 1 1 1 1 1 3 1 1 1 1 12 9 1 1 4 |1 3 13 1 2 7 14 1 1 2 1 3 1 3 1 1 |1 1 1 1 1 1 1 8 1 2 1 10 1 3 1 1 |1 1 2 2 1 3 1 2 2 1 9 1 9 2 1 3 |1 12 1 1 1 2 1 1 7 1 1 2 2 3 3 1 |1 1 1 5 3 3 2 1 1 1 8 15 7 1 1 1 |1 1 8 1 3 2 7 13 6 1 1 2 1 1 2 1 |6 5 1 1 3 1 2 2 1 2 2 4 1 11 2 13 |1 1 2 2 1 1 3 5 1 1 14 1 5 11 2 1 |1 1 8 2 2 1 2 6 5 9 7 1 10 1 1 15 |8 1 1 5 1 6 1 1 4 15 10 1 2 5 17 12 |
550: 1 2 1 1 1 1 10 3 5 1 1 1 8 1 6 4 |1 1 1 1 1 1 3 1 1 1 1 12 9 1 1 4 |1 3 13 1 2 7 14 1 1 2 1 3 1 3 1 1 |1 1 1 1 1 1 1 8 1 2 1 10 1 3 1 1 |1 1 2 2 1 3 1 2 2 1 9 1 9 2 1 3 |1 12 1 1 1 2 1 1 7 1 1 2 2 3 3 1 |1 1 1 5 3 3 2 1 1 1 8 15 7 1 1 1 |1 1 8 1 3 2 7 13 6 1 1 2 1 1 2 1 |6 5 1 1 3 1 2 2 1 2 2 4 1 11 2 13 |1 1 2 2 1 1 3 5 1 1 14 1 5 11 2 1 |1 1 8 2 2 1 2 6 5 9 7 1 10 1 1 15 |16 1 1 5 1 1 1 1 9 16 11 5 1 5 17 10 |
561: 1 2 1 1 1 1 9 1 6 1 1 1 1 1 17 7 |1 1 1 1 1 1 3 1 1 1 1 12 9 1 1 4 |1 3 13 1 2 7 14 1 1 2 1 3 1 3 1 1 |1 1 1 1 1 1 1 8 1 2 1 10 1 3 1 1 |1 1 2 2 1 3 1 2 2 1 9 1 9 2 1 3 |1 12 1 1 1 2 1 1 7 1 1 2 2 3 3 1 |1 1 1 5 3 3 2 1 1 1 8 15 7 1 1 1 |1 1 8 1 3 2 7 13 6 1 1 2 1 1 2 1 |6 5 1 1 3 1 2 2 1 2 2 4 1 11 2 13 |1 1 2 2 1 1 3 5 1 1 14 1 5 11 2 1 |1 1 8 2 2 1 2 6 5 9 7 1 10 1 1 15 |16 1 1 5 1 1 1 1 9 16 11 5 1 5 17 10 |
571: 1 2 1 1 1 1 9 1 6 1 1 1 1 1 17 7 |1 1 1 1 1 1 1 1 1 1 2 1 9 1 3 5 |1 13 14 15 7 6 2 1 2 1 1 3 1 2 1 1 |1 7 9 1 1 1 3 5 1 1 1 11 1 2 1 1 |1 8 2 1 1 1 1 3 1 2 10 1 1 6 1 1 |1 1 1 1 2 2 1 1 9 4 1 1 4 4 1 3 |1 1 4 1 4 1 1 11 1 1 1 15 4 1 1 1 |1 1 1 2 1 1 1 11 6 1 1 1 1 1 3 1 |1 1 11 2 3 1 14 12 6 1 1 6 1 12 1 4 |1 1 2 1 1 1 1 5 2 1 14 1 5 12 15 1 |1 7 1 2 1 14 3 7 3 9 7 1 11 1 7 14 |16 1 1 5 1 1 1 1 9 16 11 5 1 5 17 10 |
581: 1 2 1 1 1 1 9 1 6 1 1 1 1 1 17 7 |1 1 1 1 1 1 1 1 1 1 2 1 9 1 3 5 |1 13 14 15 7 6 2 1 2 1 1 3 1 2 1 1 |1 7 9 1 1 1 3 5 1 1 1 11 1 2 1 1 |1 8 2 1 1 1 1 3 1 2 10 1 1 6 1 1 |1 1 1 1 2 2 1 1 9 4 1 1 4 4 1 3 |1 1 4 1 4 1 1 11 1 1 1 15 4 1 1 1 |1 1 1 2 1 1 1 11 6 1 1 1 1 1 3 1 |1 1 11 2 3 1 14 12 6 1 1 6 1 12 1 4 |1 1 2 1 1 1 1 5 2 1 14 1 5 12 15 1 |1 7 1 2 1 14 3 7 3 9 7 1 11 1 7 14 |8 7 1 6 2 2 1 1 4 1 8 1 2 5 17 10 |
592: 1 2 1 1 1 1 9 1 6 1 1 1 1 1 17 7 |1 1 1 1 1 1 1 1 1 1 2 1 9 1 3 5 |1 13 14 15 7 6 2 1 2 1 1 3 1 2 1 1 |1 7 9 1 1 1 3 5 1 1 1 11 1 2 1 1 |1 8 2 1 1 1 1 3 1 2 10 1 1 6 1 1 |1 1 1 1 2 2 1 1 9 4 1 1 4 4 1 3 |1 1 4 1 4 1 1 11 1 1 1 15 4 1 1 1 |1 1 1 2 1 1 1 11 6 1 1 1 1 1 3 1 |1 1 11 2 3 1 14 12 6 1 1 6 1 12 1 4 |1 1 2 1 1 1 1 5 2 1 14 1 5 12 15 1 |1 7 1 2 1 14 3 7 3 9 7 1 11 1 7 14 |8 7 1 6 2 2 1 1 4 1 8 1 2 5 17 10 |
603: 1 3 1 1 1 1 9 1 8 1 1 1 1 1 15 8 |1 13 1 1 1 1 8 3 1 1 1 8 8 1 4 5 |1 1 2 1 1 1 3 1 1 1 1 1 1 5 1 1 |1 1 1 1 1 2 2 17 1 1 1 4 1 2 1 1 |1 3 2 1 1 2 1 1 1 11 5 2 6 2 3 1 |1 2 1 1 1 1 1 12 3 1 1 2 3 4 3 1 |1 1 2 1 1 1 1 10 1 1 5 16 9 1 1 1 |1 1 1 1 1 1 1 11 1 1 4 2 1 1 2 1 |2 1 6 2 1 1 3 13 6 1 1 6 1 12 1 3 |1 1 9 5 11 1 1 6 1 1 14 1 6 12 2 1 |1 7 1 2 1 14 3 7 3 9 7 1 11 1 7 14 |8 7 1 6 2 2 1 1 4 1 8 1 2 5 17 10 |
613: 1 3 1 1 1 1 9 1 8 1 1 1 1 1 15 8 |1 13 1 1 1 1 8 3 1 1 1 8 8 1 4 5 |1 1 2 1 1 1 3 1 1 1 1 1 1 5 1 1 |1 1 1 1 1 2 2 17 1 1 1 4 1 2 1 1 |1 3 2 1 1 2 1 1 1 11 5 2 6 2 3 1 |1 2 1 1 1 1 1 12 3 1 1 2 3 4 3 1 |1 1 2 1 1 1 1 10 1 1 5 16 9 1 1 1 |1 1 1 1 1 1 1 11 1 1 4 2 1 1 2 1 |2 1 6 2 1 1 3 13 6 1 1 6 1 12 1 3 |1 1 9 5 11 1 1 6 1 1 14 1 6 12 2 1 |2 7 7 2 1 1 2 7 5 8 7 1 6 1 6 14 |15 1 1 1 1 8 6 1 4 1 8 1 1 5 18 9 |
623: 1 3 1 1 1 1 9 1 8 1 1 1 1 1 15 8 |1 13 1 1 1 1 8 3 1 1 1 8 8 1 4 5 |1 1 2 1 1 1 3 1 1 1 1 1 1 5 1 1 |1 1 1 1 1 2 2 17 1 1 1 4 1 2 1 1 |1 3 2 1 1 2 1 1 1 11 5 2 6 2 3 1 |1 2 1 1 1 1 1 12 3 1 1 2 3 4 3 1 |1 1 2 1 1 1 1 10 1 1 5 16 9 1 1 1 |1 1 1 1 1 1 1 11 1 1 4 2 1 1 2 1 |2 1 6 2 1 1 3 13 6 1 1 6 1 12 1 3 |1 1 9 5 11 1 1 6 1 1 14 1 6 12 2 1 |2 7 7 2 1 1 2 7 5 8 7 1 6 1 6 14 |15 1 1 1 1 8 6 1 4 1 8 1 1 5 18 9 |
634: 1 2 1 1 1 1 7 1 7 1 1 1 8 1 2 3 |1 1 1 1 3 1 3 1 1 1 2 14 9 1 2 1 |1 11 14 2 2 1 2 1 1 3 2 2 1 1 1 2 |1 1 14 1 1 1 7 15 1 3 10 1 1 1 1 2 |1 1 2 1 1 3 1 2 1 2 10 1 6 2 1 1 |1 14 1 1 1 2 1 1 8 2 1 2 2 3 2 1 |1 1 15 4 3 1 1 10 1 1 1 16 1 1 1 1 |1 1 1 1 3 1 1 11 13 7 4 1 1 1 3 2 |2 1 6 2 1 1 3 13 6 1 1 6 1 12 1 3 |1 1 9 5 11 1 1 6 1 1 14 1 6 12 2 1 |2 7 7 2 1 1 2 7 5 8 7 1 6 1 6 14 |15 1 1 1 1 8 6 1 4 1 8 1 1 5 18 9 |
644: 1 2 1 1 1 1 7 1 7 1 1 1 8 1 2 3 |1 1 1 1 3 1 3 1 1 1 2 14 9 1 2 1 |1 11 14 2 2 1 2 1 1 3 2 2 1 1 1 2 |1 1 14 1 1 1 7 15 1 3 10 1 1 1 1 2 |1 1 2 1 1 3 1 2 1 2 10 1 6 2 1 1 |1 14 1 1 1 2 1 1 8 2 1 2 2 3 2 1 |1 1 15 4 3 1 1 10 1 1 1 16 1 1 1 1 |1 1 1 1 3 1 1 11 13 7 4 1 1 1 3 2 |1 1 1 1 1 1 3 12 7 1 1 6 1 12 1 12 |1 1 2 1 1 1 2 5 2 1 14 1 6 12 2 1 |1 6 1 2 2 1 2 6 2 9 7 1 4 1 7 14 |1 1 1 5 1 1 1 1 5 2 2 2 1 5 17 16 |
655: 1 2 1 1 1 1 7 1 7 1 1 1 8 1 2 3 |1 1 1 1 3 1 3 1 1 1 2 14 9 1 2 1 |1 11 14 2 2 1 2 1 1 3 2 2 1 1 1 2 |1 1 14 1 1 1 7 15 1 3 10 1 1 1 1 2 |1 1 2 1 1 3 1 2 1 2 10 1 6 2 1 1 |1 14 1 1 1 2 1 1 8 2 1 2 2 3 2 1 |1 1 15 4 3 1 1 10 1 1 1 16 1 1 1 1 |1 1 1 1 3 1 1 11 13 7 4 1 1 1 3 2 |1 1 1 1 1 1 3 12 7 1 1 6 1 12 1 12 |1 1 2 1 1 1 2 5 2 1 14 1 6 12 2 1 |1 6 1 2 2 1 2 6 2 9 7 1 4 1 7 14 |1 1 1 5 1 1 1 1 5 2 2 2 1 5 17 16 |
666: 1 1 1 1 1 1 9 1 2 1 1 1 2 1 3 1 |4 8 1 1 1 1 2 1 1 2 1 2 16 1 3 7 |1 1 1 14 1 7 6 1 1 3 1 2 1 3 1 1 |1 6 1 2 1 1 2 5 1 2 1 12 1 2 1 1 |1 1 2 1 1 1 1 3 2 1 8 1 8 3 1 2 |1 12 1 2 1 1 1 1 8 1 1 2 2 4 5 1 |1 1 2 5 2 1 2 1 1 1 1 15 9 1 1 1 |1 1 1 1 1 2 6 11 1 1 4 2 1 1 3 1 |1 1 1 1 1 1 3 12 7 1 1 6 1 12 1 12 |1 1 2 1 1 1 2 5 2 1 14 1 6 12 2 1 |1 6 1 2 2 1 2 6 2 9 7 1 4 1 7 14 |1 1 1 5 1 1 1 1 5 2 2 2 1 5 17 16 |
676: 1 1 1 1 1 1 9 1 2 1 1 1 2 1 3 1 |4 8 1 1 1 1 2 1 1 2 1 2 16 1 3 7 |1 1 1 14 1 7 6 1 1 3 1 2 1 3 1 1 |1 6 1 2 1 1 2 5 1 2 1 12 1 2 1 1 |1 1 2 1 1 1 1 3 2 1 8 1 8 3 1 2 |1 12 1 2 1 1 1 1 8 1 1 2 2 4 5 1 |1 1 2 5 2 1 2 1 1 1 1 15 9 1 1 1 |1 1 1 1 1 2 6 11 1 1 4 2 1 1 3 1 |1 1 11 1 4 1 2 12 6 1 1 5 1 10 2 11 |1 1 1 1 10 1 2 7 2 1 3 2 1 7 3 1 |1 7 1 1 1 14 3 7 4 9 7 1 9 1 1 14 |1 1 1 5 2 2 1 1 4 1 8 1 1 1 17 11 |
687: 1 1 1 1 1 1 9 1 2 1 1 1 2 1 3 1 |4 8 1 1 1 1 2 1 1 2 1 2 16 1 3 7 |1 1 1 14 1 7 6 1 1 3 1 2 1 3 1 1 |1 6 1 2 1 1 2 5 1 2 1 12 1 2 1 1 |1 1 2 1 1 1 1 3 2 1 8 1 8 3 1 2 |1 12 1 2 1 1 1 1 8 1 1 2 2 4 5 1 |1 1 2 5 2 1 2 1 1 1 1 15 9 1 1 1 |1 1 1 1 1 2 6 11 1 1 4 2 1 1 3 1 |1 1 11 1 4 1 2 12 6 1 1 5 1 10 2 11 |1 1 1 1 10 1 2 7 2 1 3 2 1 7 3 1 |1 7 1 1 1 14 3 7 4 9 7 1 9 1 1 14 |1 1 1 5 2 2 1 1 4 1 8 1 1 1 17 11 |
697: 1 3 1 1 1 1 8 1 7 1 1 1 1 1 2 3 |1 1 2 1 1 1 9 3 1 1 2 7 8 2 3 11 |2 13 7 1 10 1 20 1 1 3 2 1 1 1 3 2 |1 1 1 1 1 1 1 10 1 1 1 5 1 3 1 1 |1 6 1 1 1 2 2 2 1 1 9 1 1 4 1 1 |1 4 1 1 1 1 1 1 9 1 1 2 1 6 3 1 |6 1 14 5 5 1 1 11 1 1 1 15 9 1 1 1 |1 1 1 1 1 2 6 11 1 1 4 2 1 1 3 1 |1 1 11 1 4 1 2 12 6 1 1 5 1 10 2 11 |1 1 1 1 10 1 2 7 2 1 3 2 1 7 3 1 |1 7 1 1 1 14 3 7 4 9 7 1 9 1 1 14 |1 1 1 5 2 2 1 1 4 1 8 1 1 1 17 11 |
708: 1 3 1 1 1 1 8 1 7 1 1 1 1 1 2 3 |1 1 2 1 1 1 9 3 1 1 2 7 8 2 3 11 |2 13 7 1 10 1 20 1 1 3 2 1 1 1 3 2 |1 1 1 1 1 1 1 10 1 1 1 5 1 3 1 1 |1 6 1 1 1 2 2 2 1 1 9 1 1 4 1 1 |1 4 1 1 1 1 1 1 9 1 1 2 1 6 3 1 |6 1 14 5 5 1 1 11 1 1 1 15 9 1 1 1 |1 1 1 1 1 1 1 1 2 1 4 1 1 1 2 1 |1 1 1 1 1 1 3 13 10 1 1 6 1 12 1 2 |1 1 1 1 10 1 3 5 2 1 15 1 5 12 3 1 |2 1 6 2 2 1 1 3 3 13 5 1 1 1 6 14 |7 8 1 5 1 7 6 1 1 1 1 1 2 5 5 17 |
718: 1 3 1 1 1 1 8 1 7 1 1 1 1 1 2 3 |1 1 2 1 1 1 9 3 1 1 2 7 8 2 3 11 |2 13 7 1 10 1 20 1 1 3 2 1 1 1 3 2 |1 1 1 1 1 1 1 10 1 1 1 5 1 3 1 1 |1 6 1 1 1 2 2 2 1 1 9 1 1 4 1 1 |1 4 1 1 1 1 1 1 9 1 1 2 1 6 3 1 |6 1 14 5 5 1 1 11 1 1 1 15 9 1 1 1 |1 1 1 1 1 1 1 1 2 1 4 1 1 1 2 1 |1 1 1 1 1 1 3 13 10 1 1 6 1 12 1 2 |1 1 1 1 10 1 3 5 2 1 15 1 5 12 3 1 |2 1 6 2 2 1 1 3 3 13 5 1 1 1 6 14 |7 8 1 5 1 7 6 1 1 1 1 1 2 5 5 17 |
730: 1 3 1 1 1 1 10 1 5 1 1 1 1 1 1 3 |1 1 1 1 1 1 4 1 1 3 2 11 14 2 1 4 |5 1 13 1 1 5 7 1 1 2 1 2 5 3 2 1 |1 1 1 1 1 1 6 9 1 2 1 9 1 1 1 1 |1 1 2 2 1 3 2 2 2 11 5 2 6 1 3 2 |1 4 1 1 1 1 1 1 9 1 1 2 1 6 3 1 |6 1 14 5 5 1 1 11 1 1 1 15 9 1 1 1 |1 1 1 1 1 1 1 1 2 1 4 1 1 1 2 1 |1 1 1 1 1 1 3 13 10 1 1 6 1 12 1 2 |1 1 1 1 10 1 3 5 2 1 15 1 5 12 3 1 |2 1 6 2 2 1 1 3 3 13 5 1 1 1 6 14 |7 8 1 5 1 7 6 1 1 1 1 1 2 5 5 17 |
740: 1 3 1 1 1 1 10 1 5 1 1 1 1 1 1 3 |1 1 1 1 1 1 4 1 1 3 2 11 14 2 1 4 |5 1 13 1 1 5 7 1 1 2 1 2 5 3 2 1 |1 1 1 1 1 1 6 9 1 2 1 9 1 1 1 1 |1 1 2 2 1 3 2 2 2 11 5 2 6 1 3 2 |1 6 2 1 1 1 1 1 8 3 1 2 1 5 1 3 |1 1 2 11 2 1 1 11 1 1 5 15 3 1 1 1 |1 1 9 1 2 1 7 13 2 1 4 1 1 1 2 1 |1 1 6 1 1 1 15 13 6 1 1 6 1 12 1 11 |1 1 1 1 1 1 1 6 1 1 14 1 5 12 3 1 |1 7 2 6 2 1 2 6 2 8 4 1 1 1 7 14 |8 1 1 5 1 1 1 3 13 2 1 1 1 5 5 16 |
750: 1 3 1 1 1 1 10 1 5 1 1 1 1 1 1 3 |1 1 1 1 1 1 4 1 1 3 2 11 14 2 1 4 |5 1 13 1 1 5 7 1 1 2 1 2 5 3 2 1 |1 1 1 1 1 1 6 9 1 2 1 9 1 1 1 1 |1 1 2 2 1 3 2 2 2 11 5 2 6 1 3 2 |1 6 2 1 1 1 1 1 8 3 1 2 1 5 1 3 |1 1 2 11 2 1 1 11 1 1 5 15 3 1 1 1 |1 1 9 1 2 1 7 13 2 1 4 1 1 1 2 1 |1 1 6 1 1 1 15 13 6 1 1 6 1 12 1 11 |1 1 1 1 1 1 1 6 1 1 14 1 5 12 3 1 |1 7 2 6 2 1 2 6 2 8 4 1 1 1 7 14 |8 1 1 5 1 1 1 3 13 2 1 1 1 5 5 16 |
761: 1 1 1 1 1 1 9 1 6 1 1 1 2 1 3 2 |1 15 1 1 1 1 1 1 1 1 1 12 10 3 4 5 |1 1 2 15 1 9 4 1 3 3 1 2 2 1 1 1 |1 7 2 1 1 2 3 17 1 2 1 11 1 2 1 1 |1 7 2 1 1 1 2 2 2 10 8 1 1 4 1 1 |1 6 2 1 1 1 1 1 8 3 1 2 1 5 1 3 |1 1 2 11 2 1 1 11 1 1 5 15 3 1 1 1 |1 1 9 1 2 1 7 13 2 1 4 1 1 1 2 1 |1 1 6 1 1 1 15 13 6 1 1 6 1 12 1 11 |1 1 1 1 1 1 1 6 1 1 14 1 5 12 3 1 |1 7 2 6 2 1 2 6 2 8 4 1 1 1 7 14 |8 1 1 5 1 1 1 3 13 2 1 1 1 5 5 16 |
771: 1 1 1 1 1 1 9 1 6 1 1 1 2 1 3 2 |1 15 1 1 1 1 1 1 1 1 1 12 10 3 4 5 |1 1 2 15 1 9 4 1 3 3 1 2 2 1 1 1 |1 7 2 1 1 2 3 17 1 2 1 11 1 2 1 1 |1 7 2 1 1 1 2 2 2 10 8 1 1 4 1 1 |1 1 1 1 2 1 1 1 9 1 1 2 1 7 2 1 |7 1 3 9 4 1 1 11 1 1 5 15 3 1 1 1 |1 1 1 1 1 2 7 11 1 1 1 1 1 1 3 2 |1 1 11 1 5 1 14 12 6 1 1 5 1 11 1 11 |1 1 3 1 10 1 1 2 1 1 3 1 6 12 3 1 |1 7 1 2 1 1 2 7 5 8 7 1 1 1 1 14 |16 1 1 6 1 1 1 1 1 1 7 1 2 5 5 17 |
782: 1 1 1 1 1 1 9 1 6 1 1 1 2 1 3 2 |1 15 1 1 1 1 1 1 1 1 1 12 10 3 4 5 |1 1 2 15 1 9 4 1 3 3 1 2 2 1 1 1 |1 7 2 1 1 2 3 17 1 2 1 11 1 2 1 1 |1 7 2 1 1 1 2 2 2 10 8 1 1 4 1 1 |1 1 1 1 2 1 1 1 9 1 1 2 1 7 2 1 |7 1 3 9 4 1 1 11 1 1 5 15 3 1 1 1 |1 1 1 1 1 2 7 11 1 1 1 1 1 1 3 2 |1 1 11 1 5 1 14 12 6 1 1 5 1 11 1 11 |1 1 3 1 10 1 1 2 1 1 3 1 6 12 3 1 |1 7 1 2 1 1 2 7 5 8 7 1 1 1 1 14 |16 1 1 6 1 1 1 1 1 1 7 1 2 5 5 17 |
793: 1 1 1 1 1 1 10 2 6 1 1 1 1 1 15 15 |3 10 1 1 2 1 4 1 1 1 2 7 8 1 1 1 |1 15 13 1 1 1 14 1 1 2 1 3 1 1 1 1 |1 7 2 1 1 2 3 17 1 2 1 11 1 2 1 1 |1 7 2 1 1 1 2 2 2 10 8 1 1 4 1 1 |1 1 1 1 2 1 1 1 9 1 1 2 1 7 2 1 |7 1 3 9 4 1 1 11 1 1 5 15 3 1 1 1 |1 1 1 1 1 2 7 11 1 1 1 1 1 1 3 2 |1 1 11 1 5 1 14 12 6 1 1 5 1 11 1 11 |1 1 3 1 10 1 1 2 1 1 3 1 6 12 3 1 |1 7 1 2 1 1 2 7 5 8 7 1 1 1 1 14 |16 1 1 6 1 1 1 1 1 1 7 1 2 5 5 17 |
803: 1 1 1 1 1 1 10 2 6 1 1 1 1 1 15 15 |3 10 1 1 2 1 4 1 1 1 2 7 8 1 1 1 |1 15 13 1 1 1 14 1 1 2 1 3 1 1 1 1 |1 1 1 3 1 1 1 17 1 1 1 9 1 4 1 1 |1 1 1 1 1 2 1 2 1 1 1 3 7 2 2 2 |1 1 1 1 1 3 1 1 9 1 1 1 1 6 1 1 |1 4 12 10 2 1 1 9 1 1 5 15 3 1 1 1 |2 1 1 1 2 2 6 13 12 10 7 3 1 1 1 1 |1 1 1 1 1 1 3 13 8 1 1 5 1 10 1 2 |1 1 2 1 10 1 1 5 1 1 15 1 5 12 4 1 |1 7 1 1 2 1 1 9 2 1 5 1 1 1 8 14 |16 1 1 6 1 1 1 1 1 1 7 1 2 5 5 17 |
814: 1 1 1 1 1 1 10 2 6 1 1 1 1 1 15 15 |3 10 1 1 2 1 4 1 1 1 2 7 8 1 1 1 |1 15 13 1 1 1 14 1 1 2 1 3 1 1 1 1 |1 1 1 3 1 1 1 17 1 1 1 9 1 4 1 1 |1 1 1 1 1 2 1 2 1 1 1 3 7 2 2 2 |1 1 1 1 1 3 1 1 9 1 1 1 1 6 1 1 |1 4 12 10 2 1 1 9 1 1 5 15 3 1 1 1 |2 1 1 1 2 2 6 13 12 10 7 3 1 1 1 1 |1 1 1 1 1 1 3 13 8 1 1 5 1 10 1 2 |1 1 2 1 10 1 1 5 1 1 15 1 5 12 4 1 |1 7 1 1 2 1 1 9 2 1 5 1 1 1 8 14 |7 1 1 2 1 2 1 1 1 1 7 1 1 5 17 10 |
824: 1 1 1 1 1 1 10 2 6 1 1 1 1 1 15 15 |3 10 1 1 2 1 4 1 1 1 2 7 8 1 1 1 |1 15 13 1 1 1 14 1 1 2 1 3 1 1 1 1 |1 1 1 3 1 1 1 17 1 1 1 9 1 4 1 1 |1 1 1 1 1 2 1 2 1 1 1 3 7 2 2 2 |1 1 1 1 1 3 1 1 9 1 1 1 1 6 1 1 |1 4 12 10 2 1 1 9 1 1 5 15 3 1 1 1 |2 1 1 1 2 2 6 13 12 10 7 3 1 1 1 1 |1 1 1 1 1 1 3 13 8 1 1 5 1 10 1 2 |1 1 2 1 10 1 1 5 1 1 15 1 5 12 4 1 |1 7 1 1 2 1 1 9 2 1 5 1 1 1 8 14 |7 1 1 2 1 2 1 1 1 1 7 1 1 5 17 10 |
856: 1 2 1 1 1 1 1 3 1 1 1 1 5 1 1 7 |1 1 1 1 2 1 1 1 1 2 1 2 10 1 4 11 |1 15 13 1 1 1 14 1 1 2 1 3 1 1 1 1 |1 1 1 3 1 1 1 17 1 1 1 9 1 4 1 1 |1 1 1 1 1 2 1 2 1 1 1 3 7 2 2 2 |1 1 1 1 1 3 1 1 9 1 1 1 1 6 1 1 |1 4 12 10 2 1 1 9 1 1 5 15 3 1 1 1 |2 1 1 1 2 2 6 13 12 10 7 3 1 1 1 1 |1 1 1 1 1 1 3 13 8 1 1 5 1 10 1 2 |1 1 2 1 10 1 1 5 1 1 15 1 5 12 4 1 |1 7 1 1 2 1 1 9 2 1 5 1 1 1 8 14 |7 1 1 2 1 2 1 1 1 1 7 1 1 5 17 10 |
866: 1 2 1 1 1 1 1 3 1 1 1 1 5 1 1 7 |1 1 1 1 2 1 1 1 1 2 1 2 10 1 4 11 |1 1 1 1 1 9 9 1 3 3 2 1 2 4 1 1 |1 5 1 1 1 1 3 5 1 1 1 1 5 1 2 1 |1 1 1 1 1 2 2 2 1 1 6 1 2 3 1 7 |1 1 1 1 1 1 1 1 3 1 1 1 1 1 1 2 |1 4 1 5 4 1 1 10 1 1 1 1 2 3 1 1 |1 1 1 1 1 1 1 8 5 4 1 1 1 1 1 1 |2 1 6 1 2 1 2 1 1 2 1 1 1 5 1 16 |1 1 1 1 10 1 1 6 1 2 2 1 6 12 1 1 |1 7 2 3 2 13 2 2 3 17 4 1 1 2 2 1 |7 1 1 2 1 2 1 1 1 1 7 1 1 5 17 10 |
877: 1 2 1 1 1 1 1 3 1 1 1 1 5 1 1 7 |1 1 1 1 2 1 1 1 1 2 1 2 10 1 4 11 |1 1 1 1 1 9 9 1 3 3 2 1 2 4 1 1 |1 5 1 1 1 1 3 5 1 1 1 1 5 1 2 1 |1 1 1 1 1 2 2 2 1 1 6 1 2 3 1 7 |1 1 1 1 1 1 1 1 3 1 1 1 1 1 1 2 |1 4 1 5 4 1 1 10 1 1 1 1 2 3 1 1 |1 1 1 1 1 1 1 8 5 4 1 1 1 1 1 1 |2 1 6 1 2 1 2 1 1 2 1 1 1 5 1 16 |1 1 1 1 10 1 1 6 1 2 2 1 6 12 1 1 |1 7 2 3 2 13 2 2 3 17 4 1 1 2 2 1 |8 1 1 1 1 1 1 1 2 1 1 5 1 5 16 2 |
888: 1 2 1 1 1 1 8 1 6 1 1 1 1 1 17 7 |1 1 2 1 1 1 4 1 1 1 3 14 14 3 1 1 |1 1 1 1 1 9 9 1 3 3 2 1 2 4 1 1 |1 5 1 1 1 1 3 5 1 1 1 1 5 1 2 1 |1 1 1 1 1 2 2 2 1 1 6 1 2 3 1 7 |1 1 1 1 1 1 1 1 3 1 1 1 1 1 1 2 |1 4 1 5 4 1 1 10 1 1 1 1 2 3 1 1 |1 1 1 1 1 1 1 8 5 4 1 1 1 1 1 1 |2 1 6 1 2 1 2 1 1 2 1 1 1 5 1 16 |1 1 1 1 10 1 1 6 1 2 2 1 6 12 1 1 |1 7 2 3 2 13 2 2 3 17 4 1 1 2 2 1 |8 1 1 1 1 1 1 1 2 1 1 5 1 5 16 2 |
899: 1 2 1 1 1 1 8 1 6 1 1 1 1 1 17 7 |1 1 2 1 1 1 4 1 1 1 3 14 14 3 1 1 |1 14 1 3 2 1 16 1 1 2 1 3 1 4 1 1 |1 4 2 1 1 1 1 17 1 2 1 4 1 4 1 1 |1 1 2 1 1 1 1 2 2 1 9 1 1 5 1 1 |1 1 2 1 2 2 1 1 7 2 1 2 1 8 1 1 |1 4 16 3 1 2 1 10 1 4 1 1 2 1 1 1 |1 1 1 2 2 2 6 12 2 1 1 1 1 1 4 1 |2 1 6 1 2 1 2 1 1 2 1 1 1 5 1 16 |1 1 1 1 10 1 1 6 1 2 2 1 6 12 1 1 |1 7 2 3 2 13 2 2 3 17 4 1 1 2 2 1 |8 1 1 1 1 1 1 1 2 1 1 5 1 5 16 2 |
910: 1 2 1 1 1 1 8 1 6 1 1 1 1 1 17 7 |1 1 2 1 1 1 4 1 1 1 3 14 14 3 1 1 |1 14 1 3 2 1 16 1 1 2 1 3 1 4 1 1 |1 4 2 1 1 1 1 17 1 2 1 4 1 4 1 1 |1 1 2 1 1 1 1 2 2 1 9 1 1 5 1 1 |1 1 2 1 2 2 1 1 7 2 1 2 1 8 1 1 |1 4 16 3 1 2 1 10 1 4 1 1 2 1 1 1 |1 1 1 2 2 2 6 12 2 1 1 1 1 1 4 1 |1 1 5 1 1 1 15 12 7 1 1 5 1 12 1 11 |1 1 1 1 10 1 2 6 2 1 1 1 6 12 3 1 |2 1 1 1 15 1 2 7 1 3 4 1 9 1 8 14 |8 7 1 5 1 1 1 1 5 15 9 7 1 5 17 16 |
921: 1 3 1 1 1 1 10 1 6 1 1 1 4 1 3 2 |1 1 2 1 1 1 4 1 1 1 3 14 14 3 1 1 |1 14 1 3 2 1 16 1 1 2 1 3 1 4 1 1 |1 4 2 1 1 1 1 17 1 2 1 4 1 4 1 1 |1 1 2 1 1 1 1 2 2 1 9 1 1 5 1 1 |1 1 2 1 2 2 1 1 7 2 1 2 1 8 1 1 |1 4 16 3 1 2 1 10 1 4 1 1 2 1 1 1 |1 1 1 2 2 2 6 12 2 1 1 1 1 1 4 1 |1 1 5 1 1 1 15 12 7 1 1 5 1 12 1 11 |1 1 1 1 10 1 2 6 2 1 1 1 6 12 3 1 |2 1 1 1 15 1 2 7 1 3 4 1 9 1 8 14 |8 7 1 5 1 1 1 1 5 15 9 7 1 5 17 16 |
931: 1 3 1 1 1 1 10 1 6 1 1 1 4 1 3 2 |1 9 1 1 1 1 8 3 1 1 1 14 16 3 2 5 |1 1 1 1 1 9 16 1 1 5 1 4 1 5 1 1 |1 1 1 1 9 2 2 10 1 1 1 1 1 2 1 1 |1 2 2 1 1 2 2 3 3 1 6 1 7 4 1 1 |1 5 1 1 1 3 1 1 3 2 1 1 2 4 3 1 |6 13 18 11 2 1 2 1 1 1 5 16 8 1 1 1 |1 1 1 1 2 2 1 13 14 11 5 1 1 1 2 7 |1 1 5 1 1 1 15 12 7 1 1 5 1 12 1 11 |1 1 1 1 10 1 2 6 2 1 1 1 6 12 3 1 |2 1 1 1 15 1 2 7 1 3 4 1 9 1 8 14 |8 7 1 5 1 1 1 1 5 15 9 7 1 5 17 16 |
942: 1 3 1 1 1 1 10 1 6 1 1 1 4 1 3 2 |1 9 1 1 1 1 8 3 1 1 1 14 16 3 2 5 |1 1 1 1 1 9 16 1 1 5 1 4 1 5 1 1 |1 1 1 1 9 2 2 10 1 1 1 1 1 2 1 1 |1 2 2 1 1 2 2 3 3 1 6 1 7 4 1 1 |1 5 1 1 1 3 1 1 3 2 1 1 2 4 3 1 |6 13 18 11 2 1 2 1 1 1 5 16 8 1 1 1 |1 1 1 1 2 2 1 13 14 11 5 1 1 1 2 7 |1 1 1 1 5 1 3 12 7 1 1 6 1 12 1 11 |1 1 2 2 10 1 1 6 2 1 14 1 6 12 3 1 |1 6 1 2 2 1 1 8 2 2 5 1 7 1 1 2 |5 1 1 1 1 1 1 1 5 15 8 1 1 5 17 10 |
953: 1 3 1 1 1 1 10 1 6 1 1 1 4 1 3 2 |1 9 1 1 1 1 8 3 1 1 1 14 16 3 2 5 |1 1 1 1 1 9 16 1 1 5 1 4 1 5 1 1 |1 1 1 1 9 2 2 10 1 1 1 1 1 2 1 1 |1 2 2 1 1 2 2 3 3 1 6 1 7 4 1 1 |1 5 1 1 1 3 1 1 3 2 1 1 2 4 3 1 |6 13 18 11 2 1 2 1 1 1 5 16 8 1 1 1 |1 1 1 1 2 2 1 13 14 11 5 1 1 1 2 7 |1 1 1 1 5 1 3 12 7 1 1 6 1 12 1 11 |1 1 2 2 10 1 1 6 2 1 14 1 6 12 3 1 |1 6 1 2 2 1 1 8 2 2 5 1 7 1 1 2 |5 1 1 1 1 1 1 1 5 15 8 1 1 5 17 10 |
964: 2 1 1 1 1 1 10 1 6 1 1 2 2 1 15 8 |1 1 1 1 1 1 8 4 1 2 3 5 10 2 3 5 |11 4 1 2 10 7 9 2 1 1 1 2 2 1 1 4 |1 3 1 2 1 1 4 12 1 2 8 11 1 3 1 1 |1 8 1 1 1 1 1 2 2 1 9 1 1 4 1 2 |1 7 1 1 2 1 1 11 1 1 1 1 1 7 2 1 |1 4 2 10 6 1 1 11 1 1 5 15 9 1 1 1 |1 1 1 2 3 2 8 13 1 2 4 1 1 1 3 7 |1 1 1 1 5 1 3 12 7 1 1 6 1 12 1 11 |1 1 2 2 10 1 1 6 2 1 14 1 6 12 3 1 |1 6 1 2 2 1 1 8 2 2 5 1 7 1 1 2 |5 1 1 1 1 1 1 1 5 15 8 1 1 5 17 10 |
974: 2 1 1 1 1 1 10 1 6 1 1 2 2 1 15 8 |1 1 1 1 1 1 8 4 1 2 3 5 10 2 3 5 |11 4 1 2 10 7 9 2 1 1 1 2 2 1 1 4 |1 3 1 2 1 1 4 12 1 2 8 11 1 3 1 1 |1 8 1 1 1 1 1 2 2 1 9 1 1 4 1 2 |1 7 1 1 2 1 1 11 1 1 1 1 1 7 2 1 |1 4 2 10 6 1 1 11 1 1 5 15 9 1 1 1 |1 1 1 2 3 2 8 13 1 2 4 1 1 1 3 7 |1 1 2 1 1 1 16 1 2 2 1 1 1 12 2 14 |1 1 1 1 12 7 2 5 1 1 14 1 6 12 15 1 |2 8 1 2 1 1 2 7 1 17 7 1 1 1 9 14 |7 8 1 5 1 1 1 7 5 1 7 1 1 5 5 16 |
985: 2 1 1 1 1 1 10 1 6 1 1 2 2 1 15 8 |1 1 1 1 1 1 8 4 1 2 3 5 10 2 3 5 |11 4 1 2 10 7 9 2 1 1 1 2 2 1 1 4 |1 3 1 2 1 1 4 12 1 2 8 11 1 3 1 1 |1 8 1 1 1 1 1 2 2 1 9 1 1 4 1 2 |1 7 1 1 2 1 1 11 1 1 1 1 1 7 2 1 |1 4 2 10 6 1 1 11 1 1 5 15 9 1 1 1 |1 1 1 2 3 2 8 13 1 2 4 1 1 1 3 7 |1 1 2 1 1 1 16 1 2 2 1 1 1 12 2 14 |1 1 1 1 12 7 2 5 1 1 14 1 6 12 15 1 |2 8 1 2 1 1 2 7 1 17 7 1 1 1 9 14 |7 8 1 5 1 1 1 7 5 1 7 1 1 5 5 16 |
996: 1 4 1 1 1 1 9 1 6 1 1 1 5 1 3 3 |1 1 1 1 1 3 4 1 1 1 3 7 9 1 6 6 |1 1 1 2 10 8 7 1 1 3 1 3 1 5 1 1 |1 1 1 2 8 4 1 9 1 1 1 2 1 3 1 1 |1 2 2 1 1 1 1 2 2 1 1 3 7 3 2 1 |1 13 4 5 2 2 1 1 9 1 1 2 1 7 2 1 |1 4 2 10 6 1 1 11 1 1 5 15 9 1 1 1 |1 1 1 2 3 2 8 13 1 2 4 1 1 1 3 7 |1 1 2 1 1 1 16 1 2 2 1 1 1 12 2 14 |1 1 1 1 12 7 2 5 1 1 14 1 6 12 15 1 |2 8 1 2 1 1 2 7 1 17 7 1 1 1 9 14 |7 8 1 5 1 1 1 7 5 1 7 1 1 5 5 16 |
1006: 1 4 1 1 1 1 9 1 6 1 1 1 5 1 3 3 |1 1 1 1 1 3 4 1 1 1 3 7 9 1 6 6 |1 1 1 2 10 8 7 1 1 3 1 3 1 5 1 1 |1 1 1 2 8 4 1 9 1 1 1 2 1 3 1 1 |1 2 2 1 1 1 1 2 2 1 1 3 7 3 2 1 |1 13 4 5 2 2 1 1 9 1 1 2 1 7 2 1 |6 1 1 10 2 2 1 10 1 3 1 8 1 1 1 1 |1 8 1 1 5 2 6 12 5 1 4 1 1 1 4 1 |1 1 4 1 3 1 15 13 10 1 1 6 1 12 1 4 |1 1 1 2 1 1 1 8 1 2 3 1 5 12 3 1 |1 6 1 1 2 1 2 6 2 8 7 1 1 1 6 14 |15 1 1 6 1 7 1 1 4 2 7 1 2 5 17 17 |
1017: 1 4 1 1 1 1 9 1 6 1 1 1 5 1 3 3 |1 1 1 1 1 3 4 1 1 1 3 7 9 1 6 6 |1 1 1 2 10 8 7 1 1 3 1 3 1 5 1 1 |1 1 1 2 8 4 1 9 1 1 1 2 1 3 1 1 |1 2 2 1 1 1 1 2 2 1 1 3 7 3 2 1 |1 13 4 5 2 2 1 1 9 1 1 2 1 7 2 1 |6 1 1 10 2 2 1 10 1 3 1 8 1 1 1 1 |1 8 1 1 5 2 6 12 5 1 4 1 1 1 4 1 |1 1 4 1 3 1 15 13 10 1 1 6 1 12 1 4 |1 1 1 2 1 1 1 8 1 2 3 1 5 12 3 1 |1 6 1 1 2 1 2 6 2 8 7 1 1 1 6 14 |15 1 1 6 1 7 1 1 4 2 7 1 2 5 17 17 |
1028: 1 4 1 1 1 1 9 2 6 1 1 1 2 1 3 4 |5 9 1 1 2 1 4 1 1 1 2 14 14 1 5 6 |1 1 13 1 1 9 15 1 1 4 1 1 1 4 1 1 |1 5 1 3 11 3 3 15 1 2 1 3 1 3 1 1 |1 1 1 1 1 3 2 5 7 6 8 4 1 5 1 1 |1 13 4 5 2 2 1 1 9 1 1 2 1 7 2 1 |6 1 1 10 2 2 1 10 1 3 1 8 1 1 1 1 |1 8 1 1 5 2 6 12 5 1 4 1 1 1 4 1 |1 1 4 1 3 1 15 13 10 1 1 6 1 12 1 4 |1 1 1 2 1 1 1 8 1 2 3 1 5 12 3 1 |1 6 1 1 2 1 2 6 2 8 7 1 1 1 6 14 |15 1 1 6 1 7 1 1 4 2 7 1 2 5 17 17 |
1039: 1 4 1 1 1 1 9 2 6 1 1 1 2 1 3 4 |5 9 1 1 2 1 4 1 1 1 2 14 14 1 5 6 |1 1 13 1 1 9 15 1 1 4 1 1 1 4 1 1 |1 5 1 3 11 3 3 15 1 2 1 3 1 3 1 1 |1 1 1 1 1 3 2 5 7 6 8 4 1 5 1 1 |1 6 1 2 1 5 1 12 8 4 1 1 2 7 1 1 |6 1 23 10 4 1 1 11 1 1 1 16 10 1 1 1 |1 1 1 1 2 1 1 13 5 4 5 1 5 1 3 1 |2 1 6 1 1 1 15 13 8 1 1 7 1 12 1 11 |1 1 2 2 10 1 1 6 2 1 15 1 6 12 3 1 |1 7 7 2 2 1 1 9 2 13 2 1 8 1 1 2 |12 1 1 5 1 1 1 7 5 1 8 1 2 4 17 10 |
1050: 1 4 1 1 1 1 9 2 6 1 1 1 2 1 3 4 |5 9 1 1 2 1 4 1 1 1 2 14 14 1 5 6 |1 1 13 1 1 9 15 1 1 4 1 1 1 4 1 1 |1 5 1 3 11 3 3 15 1 2 1 3 1 3 1 1 |1 1 1 1 1 3 2 5 7 6 8 4 1 5 1 1 |1 6 1 2 1 5 1 12 8 4 1 1 2 7 1 1 |6 1 23 10 4 1 1 11 1 1 1 16 10 1 1 1 |1 1 1 1 2 1 1 13 5 4 5 1 5 1 3 1 |2 1 6 1 1 1 15 13 8 1 1 7 1 12 1 11 |1 1 2 2 10 1 1 6 2 1 15 1 6 12 3 1 |1 7 7 2 2 1 1 9 2 13 2 1 8 1 1 2 |12 1 1 5 1 1 1 7 5 1 8 1 2 4 17 10 |
1061: 1 4 1 2 1 3 9 1 8 1 1 1 6 1 16 8 |1 1 1 1 1 2 4 1 1 3 2 13 22 1 7 5 |6 2 14 2 10 8 15 1 1 2 3 2 1 5 1 2 |1 5 1 3 11 3 3 15 1 2 1 3 1 3 1 1 |1 1 1 1 1 3 2 5 7 6 8 4 1 5 1 1 |1 6 1 2 1 5 1 12 8 4 1 1 2 7 1 1 |6 1 23 10 4 1 1 11 1 1 1 16 10 1 1 1 |1 1 1 1 2 1 1 13 5 4 5 1 5 1 3 1 |2 1 6 1 1 1 15 13 8 1 1 7 1 12 1 11 |1 1 2 2 10 1 1 6 2 1 15 1 6 12 3 1 |1 7 7 2 2 1 1 9 2 13 2 1 8 1 1 2 |12 1 1 5 1 1 1 7 5 1 8 1 2 4 17 10 |
1071: 1 4 1 2 1 3 9 1 8 1 1 1 6 1 16 8 |1 1 1 1 1 2 4 1 1 3 2 13 22 1 7 5 |6 2 14 2 10 8 15 1 1 2 3 2 1 5 1 2 |1 1 12 1 1 1 6 16 1 1 1 2 1 4 1 2 |1 8 1 1 1 3 1 2 2 1 1 3 4 5 2 3 |1 12 1 1 2 3 1 11 9 2 1 2 1 1 2 2 |7 1 3 1 1 3 1 11 1 1 6 17 10 1 1 1 |1 1 1 2 2 2 7 14 7 1 4 2 1 1 3 6 |2 2 7 1 4 1 16 1 6 2 1 2 1 6 1 15 |1 1 1 1 12 2 1 6 2 1 14 1 6 12 3 1 |1 1 8 2 2 1 2 7 2 9 19 1 1 1 9 15 |12 1 1 5 1 1 1 7 5 1 8 1 2 4 17 10 |
1082: 1 4 1 2 1 3 9 1 8 1 1 1 6 1 16 8 |1 1 1 1 1 2 4 1 1 3 2 13 22 1 7 5 |6 2 14 2 10 8 15 1 1 2 3 2 1 5 1 2 |1 1 12 1 1 1 6 16 1 1 1 2 1 4 1 2 |1 8 1 1 1 3 1 2 2 1 1 3 4 5 2 3 |1 12 1 1 2 3 1 11 9 2 1 2 1 1 2 2 |7 1 3 1 1 3 1 11 1 1 6 17 10 1 1 1 |1 1 1 2 2 2 7 14 7 1 4 2 1 1 3 6 |2 2 7 1 4 1 16 1 6 2 1 2 1 6 1 15 |1 1 1 1 12 2 1 6 2 1 14 1 6 12 3 1 |1 1 8 2 2 1 2 7 2 9 19 1 1 1 9 15 |8 1 1 6 1 1 1 3 1 2 8 1 1 5 18 15 |
1093: 2 5 1 2 1 1 9 2 3 1 1 1 5 1 16 9 |1 1 1 1 1 2 4 1 1 3 2 13 22 1 7 5 |6 2 14 2 10 8 15 1 1 2 3 2 1 5 1 2 |1 1 12 1 1 1 6 16 1 1 1 2 1 4 1 2 |1 8 1 1 1 3 1 2 2 1 1 3 4 5 2 3 |1 12 1 1 2 3 1 11 9 2 1 2 1 1 2 2 |7 1 3 1 1 3 1 11 1 1 6 17 10 1 1 1 |1 1 1 2 2 2 7 14 7 1 4 2 1 1 3 6 |2 2 7 1 4 1 16 1 6 2 1 2 1 6 1 15 |1 1 1 1 12 2 1 6 2 1 14 1 6 12 3 1 |1 1 8 2 2 1 2 7 2 9 19 1 1 1 9 15 |8 1 1 6 1 1 1 3 1 2 8 1 1 5 18 15 |
1104: 2 5 1 2 1 1 9 2 3 1 1 1 5 1 16 9 |1 1 2 1 1 1 8 4 1 2 1 8 23 1 1 6 |8 15 17 3 10 8 14 1 3 4 1 1 1 1 1 3 |1 1 13 2 11 3 1 21 1 11 10 14 1 3 1 1 |1 2 2 1 1 1 1 3 2 2 9 3 1 1 1 1 |1 9 3 8 3 4 1 12 10 1 1 2 1 1 4 1 |1 1 7 11 4 1 1 10 1 1 1 9 1 1 1 4 |2 1 1 1 1 2 7 13 11 2 5 2 5 1 4 7 |1 8 7 2 4 1 2 13 17 1 1 6 2 5 2 9 |1 1 1 1 12 2 1 6 2 1 14 1 6 12 3 1 |1 1 8 2 2 1 2 7 2 9 19 1 1 1 9 15 |8 1 1 6 1 1 1 3 1 2 8 1 1 5 18 15 |
1114: 2 5 1 2 1 1 9 2 3 1 1 1 5 1 16 9 |1 1 2 1 1 1 8 4 1 2 1 8 23 1 1 6 |8 15 17 3 10 8 14 1 3 4 1 1 1 1 1 3 |1 1 13 2 11 3 1 21 1 11 10 14 1 3 1 1 |1 2 2 1 1 1 1 3 2 2 9 3 1 1 1 1 |1 9 3 8 3 4 1 12 10 1 1 2 1 1 4 1 |1 1 7 11 4 1 1 10 1 1 1 9 1 1 1 4 |2 1 1 1 1 2 7 13 11 2 5 2 5 1 4 7 |1 8 7 2 4 1 2 13 17 1 1 6 2 5 2 9 |1 2 4 2 11 6 2 7 2 1 16 1 6 12 3 1 |1 7 7 4 3 1 2 7 1 2 19 1 1 1 1 16 |10 1 1 6 1 8 7 7 5 2 8 1 2 5 18 15 |
1124: 1 11 1 1 1 3 9 1 6 1 1 1 5 1 3 8 |9 2 2 1 1 2 8 15 1 1 3 16 10 1 4 11 |8 15 17 3 10 8 14 1 3 4 1 1 1 1 1 3 |1 1 13 2 11 3 1 21 1 11 10 14 1 3 1 1 |1 2 2 1 1 1 1 3 2 2 9 3 1 1 1 1 |1 9 3 8 3 4 1 12 10 1 1 2 1 1 4 1 |1 1 7 11 4 1 1 10 1 1 1 9 1 1 1 4 |2 1 1 1 1 2 7 13 11 2 5 2 5 1 4 7 |1 8 7 2 4 1 2 13 17 1 1 6 2 5 2 9 |1 2 4 2 11 6 2 7 2 1 16 1 6 12 3 1 |1 7 7 4 3 1 2 7 1 2 19 1 1 1 1 16 |10 1 1 6 1 8 7 7 5 2 8 1 2 5 18 15 |
1135: 1 11 1 1 1 3 9 1 6 1 1 1 5 1 3 8 |9 2 2 1 1 2 8 15 1 1 3 16 10 1 4 11 |7 2 14 1 8 1 16 7 3 1 3 3 1 6 1 4 |1 1 17 2 10 4 3 21 1 6 7 5 1 1 1 2 |1 1 1 1 1 1 3 1 8 6 2 1 1 1 1 1 |1 13 2 6 2 5 1 1 11 1 1 3 1 7 3 1 |1 1 21 10 5 2 1 11 1 1 14 16 10 1 1 1 |1 2 1 1 4 1 4 14 12 4 5 1 5 1 1 8 |2 2 6 1 1 1 15 13 16 1 2 13 1 12 2 10 |1 2 4 2 11 6 2 7 2 1 16 1 6 12 3 1 |1 7 7 4 3 1 2 7 1 2 19 1 1 1 1 16 |10 1 1 6 1 8 7 7 5 2 8 1 2 5 18 15 |
1146: 1 11 1 1 1 3 9 1 6 1 1 1 5 1 3 8 |9 2 2 1 1 2 8 15 1 1 3 16 10 1 4 11 |7 2 14 1 8 1 16 7 3 1 3 3 1 6 1 4 |1 1 17 2 10 4 3 21 1 6 7 5 1 1 1 2 |1 1 1 1 1 1 3 1 8 6 2 1 1 1 1 1 |1 13 2 6 2 5 1 1 11 1 1 3 1 7 3 1 |1 1 21 10 5 2 1 11 1 1 14 16 10 1 1 1 |1 2 1 1 4 1 4 14 12 4 5 1 5 1 1 8 |2 2 6 1 1 1 15 13 16 1 2 13 1 12 2 10 |1 9 7 1 11 1 3 7 2 1 17 1 6 12 15 1 |3 1 8 7 2 1 3 8 1 17 8 1 1 1 8 16 |21 1 1 8 1 7 1 3 5 2 10 2 2 6 18 15 |
1156: 1 11 1 1 1 3 9 1 6 1 1 1 5 1 3 8 |9 2 2 1 1 2 8 15 1 1 3 16 10 1 4 11 |7 2 14 1 8 1 16 7 3 1 3 3 1 6 1 4 |1 1 17 2 10 4 3 21 1 6 7 5 1 1 1 2 |1 1 1 1 1 1 3 1 8 6 2 1 1 1 1 1 |1 13 2 6 2 5 1 1 11 1 1 3 1 7 3 1 |1 1 21 10 5 2 1 11 1 1 14 16 10 1 1 1 |1 2 1 1 4 1 4 14 12 4 5 1 5 1 1 8 |2 2 6 1 1 1 15 13 16 1 2 13 1 12 2 10 |1 9 7 1 11 1 3 7 2 1 17 1 6 12 15 1 |3 1 8 7 2 1 3 8 1 17 8 1 1 1 8 16 |21 1 1 8 1 7 1 3 5 2 10 2 2 6 18 15 |
1167: 1 11 1 1 1 3 10 2 6 1 1 1 7 1 4 9 |2 3 3 1 2 1 9 4 1 1 3 13 22 1 1 5 |8 7 15 2 10 9 5 9 1 1 1 1 1 5 1 3 |1 5 14 2 1 4 4 22 1 6 1 3 1 1 1 1 |1 7 3 1 1 2 2 3 7 11 3 4 1 1 3 3 |1 11 2 6 3 3 1 12 9 3 1 3 2 6 2 2 |7 5 4 1 1 1 1 11 1 1 15 3 2 1 1 1 |1 2 1 1 4 1 4 14 12 4 5 1 5 1 1 8 |2 2 6 1 1 1 15 13 16 1 2 13 1 12 2 10 |1 9 7 1 11 1 3 7 2 1 17 1 6 12 15 1 |3 1 8 7 2 1 3 8 1 17 8 1 1 1 8 16 |21 1 1 8 1 7 1 3 5 2 10 2 2 6 18 15 |
1177: 1 11 1 1 1 3 10 2 6 1 1 1 7 1 4 9 |2 3 3 1 2 1 9 4 1 1 3 13 22 1 1 5 |8 7 15 2 10 9 5 9 1 1 1 1 1 5 1 3 |1 5 14 2 1 4 4 22 1 6 1 3 1 1 1 1 |1 7 3 1 1 2 2 3 7 11 3 4 1 1 3 3 |1 11 2 6 3 3 1 12 9 3 1 3 2 6 2 2 |7 5 4 1 1 1 1 11 1 1 15 3 2 1 1 1 |1 12 1 1 3 2 7 13 11 1 4 1 5 1 3 7 |3 7 6 1 3 1 15 1 16 1 2 6 1 3 4 16 |1 1 2 1 12 2 1 6 3 1 15 1 6 12 3 1 |1 1 8 9 3 9 2 8 1 18 7 1 1 1 1 18 |13 1 1 7 1 2 1 7 6 1 8 1 2 6 13 8 |
1188: 1 11 1 1 1 3 10 2 6 1 1 1 7 1 4 9 |2 3 3 1 2 1 9 4 1 1 3 13 22 1 1 5 |8 7 15 2 10 9 5 9 1 1 1 1 1 5 1 3 |1 5 14 2 1 4 4 22 1 6 1 3 1 1 1 1 |1 7 3 1 1 2 2 3 7 11 3 4 1 1 3 3 |1 11 2 6 3 3 1 12 9 3 1 3 2 6 2 2 |7 5 4 1 1 1 1 11 1 1 15 3 2 1 1 1 |1 12 1 1 3 2 7 13 11 1 4 1 5 1 3 7 |3 7 6 1 3 1 15 1 16 1 2 6 1 3 4 16 |1 1 2 1 12 2 1 6 3 1 15 1 6 12 3 1 |1 1 8 9 3 9 2 8 1 18 7 1 1 1 1 18 |13 1 1 7 1 2 1 7 6 1 8 1 2 6 13 8 |
1199: 1 1 2 1 1 1 2 1 7 1 1 1 1 1 22 8 |1 2 2 1 1 1 1 1 1 3 3 12 24 1 5 7 |10 3 16 3 11 3 7 5 2 6 1 6 1 3 1 4 |1 5 14 2 12 3 1 21 1 11 10 5 1 2 1 1 |1 1 1 1 1 1 1 3 7 11 3 3 4 1 1 1 |2 1 3 8 2 4 1 1 10 2 1 1 1 8 2 1 |7 5 4 1 1 1 1 11 1 1 15 3 2 1 1 1 |1 12 1 1 3 2 7 13 11 1 4 1 5 1 3 7 |3 7 6 1 3 1 15 1 16 1 2 6 1 3 4 16 |1 1 2 1 12 2 1 6 3 1 15 1 6 12 3 1 |1 1 8 9 3 9 2 8 1 18 7 1 1 1 1 18 |13 1 1 7 1 2 1 7 6 1 8 1 2 6 13 8 |
1210: 1 1 2 1 1 1 2 1 7 1 1 1 1 1 22 8 |1 2 2 1 1 1 1 1 1 3 3 12 24 1 5 7 |10 3 16 3 11 3 7 5 2 6 1 6 1 3 1 4 |1 5 14 2 12 3 1 21 1 11 10 5 1 2 1 1 |1 1 1 1 1 1 1 3 7 11 3 3 4 1 1 1 |2 1 3 8 2 4 1 1 10 2 1 1 1 8 2 1 |7 5 7 12 4 2 1 10 1 3 7 14 2 1 1 5 |2 1 1 1 1 2 7 13 6 1 4 2 5 1 2 8 |1 10 7 2 4 1 15 1 5 1 1 6 2 12 2 15 |1 1 7 3 12 1 1 6 2 1 15 1 6 12 15 1 |3 2 1 10 6 14 3 7 1 17 19 1 2 1 1 16 |9 1 1 7 1 2 1 7 6 1 10 6 3 6 17 15 |
1221: 1 1 2 1 1 1 2 1 7 1 1 1 1 1 22 8 |1 2 2 1 1 1 1 1 1 3 3 12 24 1 5 7 |10 3 16 3 11 3 7 5 2 6 1 6 1 3 1 4 |1 5 14 2 12 3 1 21 1 11 10 5 1 2 1 1 |1 1 1 1 1 1 1 3 7 11 3 3 4 1 1 1 |2 1 3 8 2 4 1 1 10 2 1 1 1 8 2 1 |7 5 7 12 4 2 1 10 1 3 7 14 2 1 1 5 |2 1 1 1 1 2 7 13 6 1 4 2 5 1 2 8 |1 10 7 2 4 1 15 1 5 1 1 6 2 12 2 15 |1 1 7 3 12 1 1 6 2 1 15 1 6 12 15 1 |3 2 1 10 6 14 3 7 1 17 19 1 2 1 1 16 |9 1 1 7 1 2 1 7 6 1 10 6 3 6 17 15 |
1232: 1 12 2 1 2 2 3 1 1 1 1 2 5 1 3 8 |1 5 2 1 1 1 1 1 1 1 1 13 24 1 1 5 |8 6 15 13 8 9 15 1 3 1 3 1 6 6 1 3 |1 1 15 1 1 1 5 21 1 7 10 16 1 4 1 2 |1 1 1 1 1 1 9 3 7 15 8 2 1 1 1 1 |2 11 2 12 1 4 1 1 10 1 1 3 1 7 2 1 |1 1 5 11 5 1 1 11 1 1 6 17 14 1 1 1 |1 1 1 2 2 1 9 12 12 1 1 2 1 1 3 7 |1 10 7 2 4 1 15 1 5 1 1 6 2 12 2 15 |1 1 7 3 12 1 1 6 2 1 15 1 6 12 15 1 |3 2 1 10 6 14 3 7 1 17 19 1 2 1 1 16 |9 1 1 7 1 2 1 7 6 1 10 6 3 6 17 15 |
1243: 1 12 2 1 2 2 3 1 1 1 1 2 5 1 3 8 |1 5 2 1 1 1 1 1 1 1 1 13 24 1 1 5 |8 6 15 13 8 9 15 1 3 1 3 1 6 6 1 3 |1 1 15 1 1 1 5 21 1 7 10 16 1 4 1 2 |1 1 1 1 1 1 9 3 7 15 8 2 1 1 1 1 |2 11 2 12 1 4 1 1 10 1 1 3 1 7 2 1 |1 1 5 11 5 1 1 11 1 1 6 17 14 1 1 1 |1 1 1 2 2 1 9 12 12 1 1 2 1 1 3 7 |2 1 12 1 1 1 15 13 11 1 1 6 2 12 1 16 |1 8 7 3 11 1 1 6 2 1 16 1 6 12 3 1 |2 2 8 9 15 1 2 7 1 17 7 1 1 1 1 15 |12 1 1 22 1 1 1 7 5 2 8 1 1 1 17 15 |
1254: 1 12 2 1 2 2 3 1 1 1 1 2 5 1 3 8 |1 5 2 1 1 1 1 1 1 1 1 13 24 1 1 5 |8 6 15 13 8 9 15 1 3 1 3 1 6 6 1 3 |1 1 15 1 1 1 5 21 1 7 10 16 1 4 1 2 |1 1 1 1 1 1 9 3 7 15 8 2 1 1 1 1 |2 11 2 12 1 4 1 1 10 1 1 3 1 7 2 1 |1 1 5 11 5 1 1 11 1 1 6 17 14 1 1 1 |1 1 1 2 2 1 9 12 12 1 1 2 1 1 3 7 |2 1 12 1 1 1 15 13 11 1 1 6 2 12 1 16 |1 8 7 3 11 1 1 6 2 1 16 1 6 12 3 1 |2 2 8 9 15 1 2 7 1 17 7 1 1 1 1 15 |12 1 1 22 1 1 1 7 5 2 8 1 1 1 17 15 |
1264: 2 3 1 1 1 1 9 2 6 1 1 2 7 1 3 8 |8 2 4 1 1 1 1 1 1 1 3 12 22 1 1 6 |9 7 13 2 11 1 1 6 6 1 1 4 5 4 1 4 |1 5 14 2 3 1 6 23 1 1 9 1 1 3 1 1 |1 1 1 1 1 1 9 3 7 15 8 2 1 1 1 1 |2 11 2 12 1 4 1 1 10 1 1 3 1 7 2 1 |1 1 5 11 5 1 1 11 1 1 6 17 14 1 1 1 |1 1 1 2 2 1 9 12 12 1 1 2 1 1 3 7 |2 1 12 1 1 1 15 13 11 1 1 6 2 12 1 16 |1 8 7 3 11 1 1 6 2 1 16 1 6 12 3 1 |2 2 8 9 15 1 2 7 1 17 7 1 1 1 1 15 |12 1 1 22 1 1 1 7 5 2 8 1 1 1 17 15 |
1275: 2 3 1 1 1 1 9 2 6 1 1 2 7 1 3 8 |8 2 4 1 1 1 1 1 1 1 3 12 22 1 1 6 |9 7 13 2 11 1 1 6 6 1 1 4 5 4 1 4 |1 5 14 2 3 1 6 23 1 1 9 1 1 3 1 1 |1 1 1 1 1 2 1 3 2 11 1 4 1 1 1 1 |2 11 1 2 3 4 1 12 9 1 3 4 1 6 3 1 |6 5 6 9 1 1 1 11 1 1 14 16 10 1 1 1 |1 2 1 1 6 1 6 14 10 1 5 2 5 1 4 7 |1 1 7 2 4 1 15 14 12 1 1 6 1 1 1 16 |2 2 10 8 11 2 1 6 2 1 17 1 6 13 14 1 |1 7 7 8 2 2 2 7 1 18 8 1 1 1 1 15 |13 1 1 5 1 1 1 3 5 1 8 2 2 5 18 15 |
1286: 2 3 1 1 1 1 9 2 6 1 1 2 7 1 3 8 |8 2 4 1 1 1 1 1 1 1 3 12 22 1 1 6 |9 7 13 2 11 1 1 6 6 1 1 4 5 4 1 4 |1 5 14 2 3 1 6 23 1 1 9 1 1 3 1 1 |1 1 1 1 1 2 1 3 2 11 1 4 1 1 1 1 |2 11 1 2 3 4 1 12 9 1 3 4 1 6 3 1 |6 5 6 9 1 1 1 11 1 1 14 16 10 1 1 1 |1 2 1 1 6 1 6 14 10 1 5 2 5 1 4 7 |1 1 7 2 4 1 15 14 12 1 1 6 1 1 1 16 |2 2 10 8 11 2 1 6 2 1 17 1 6 13 14 1 |1 7 7 8 2 2 2 7 1 18 8 1 1 1 1 15 |13 1 1 5 1 1 1 3 5 1 8 2 2 5 18 15 |
1296: 1 11 1 1 2 2 9 1 7 1 1 1 1 1 12 8 |8 2 2 1 1 1 9 4 1 1 3 13 23 1 1 6 |8 16 13 3 11 9 15 6 8 5 1 4 6 6 1 3 |1 5 14 2 3 1 6 23 1 1 9 1 1 3 1 1 |1 1 1 1 1 2 1 3 2 11 1 4 1 1 1 1 |2 11 1 2 3 4 1 12 9 1 3 4 1 6 3 1 |6 5 6 9 1 1 1 11 1 1 14 16 10 1 1 1 |1 2 1 1 6 1 6 14 10 1 5 2 5 1 4 7 |1 1 7 2 4 1 15 14 12 1 1 6 1 1 1 16 |2 2 10 8 11 2 1 6 2 1 17 1 6 13 14 1 |1 7 7 8 2 2 2 7 1 18 8 1 1 1 1 15 |13 1 1 5 1 1 1 3 5 1 8 2 2 5 18 15 |
1307: 1 11 1 1 2 2 9 1 7 1 1 1 1 1 12 8 |8 2 2 1 1 1 9 4 1 1 3 13 23 1 1 6 |8 16 13 3 11 9 15 6 8 5 1 4 6 6 1 3 |1 5 14 2 11 2 1 16 1 1 2 5 1 1 1 1 |1 3 3 1 1 3 1 2 3 12 1 3 1 5 1 1 |1 8 2 6 2 4 1 12 10 1 1 3 2 6 2 1 |6 5 3 12 3 2 7 10 1 1 1 8 2 1 1 3 |1 1 1 1 3 1 6 14 7 2 3 2 1 1 3 7 |1 9 7 1 2 1 15 13 16 4 1 13 1 12 1 16 |2 3 3 1 11 1 1 7 1 3 16 1 5 12 3 1 |3 1 1 9 15 1 2 7 1 17 7 1 1 1 1 17 |6 1 1 6 1 1 1 3 5 2 7 1 2 6 18 16 |
1318: 1 11 1 1 2 2 9 1 7 1 1 1 1 1 12 8 |8 2 2 1 1 1 9 4 1 1 3 13 23 1 1 6 |8 16 13 3 11 9 15 6 8 5 1 4 6 6 1 3 |1 5 14 2 11 2 1 16 1 1 2 5 1 1 1 1 |1 3 3 1 1 3 1 2 3 12 1 3 1 5 1 1 |1 8 2 6 2 4 1 12 10 1 1 3 2 6 2 1 |6 5 3 12 3 2 7 10 1 1 1 8 2 1 1 3 |1 1 1 1 3 1 6 14 7 2 3 2 1 1 3 7 |1 9 7 1 2 1 15 13 16 4 1 13 1 12 1 16 |2 3 3 1 11 1 1 7 1 3 16 1 5 12 3 1 |3 1 1 9 15 1 2 7 1 17 7 1 1 1 1 17 |6 1 1 6 1 1 1 3 5 2 7 1 2 6 18 16 |
1328: 1 10 4 1 1 1 9 3 6 1 1 2 5 2 17 9 |8 2 1 8 3 1 7 8 1 1 1 2 23 1 1 5 |9 5 14 2 12 1 16 7 2 4 2 1 1 4 1 3 |1 5 14 2 11 2 1 16 1 1 2 5 1 1 1 1 |1 3 3 1 1 3 1 2 3 12 1 3 1 5 1 1 |1 8 2 6 2 4 1 12 10 1 1 3 2 6 2 1 |6 5 3 12 3 2 7 10 1 1 1 8 2 1 1 3 |1 1 1 1 3 1 6 14 7 2 3 2 1 1 3 7 |1 9 7 1 2 1 15 13 16 4 1 13 1 12 1 16 |2 3 3 1 11 1 1 7 1 3 16 1 5 12 3 1 |3 1 1 9 15 1 2 7 1 17 7 1 1 1 1 17 |6 1 1 6 1 1 1 3 5 2 7 1 2 6 18 16 |
1339: 1 10 4 1 1 1 9 3 6 1 1 2 5 2 17 9 |8 2 1 8 3 1 7 8 1 1 1 2 23 1 1 5 |9 5 14 2 12 1 16 7 2 4 2 1 1 4 1 3 |1 3 16 1 1 1 1 20 1 5 7 3 1 1 1 2 |1 3 3 1 1 3 4 3 3 6 8 2 6 1 2 7 |1 11 2 9 1 2 1 12 11 1 1 3 1 7 3 1 |7 5 2 12 3 1 1 11 1 1 13 16 10 1 1 1 |1 1 1 2 3 1 8 11 2 1 4 2 1 1 3 6 |2 1 7 2 1 1 14 13 16 1 1 6 1 12 1 11 |1 2 4 1 11 2 1 7 2 2 16 1 6 12 15 1 |1 7 7 2 2 1 2 7 1 17 8 1 9 1 9 15 |6 1 1 6 1 1 1 3 5 2 7 1 2 6 18 16 |
1349: 1 10 4 1 1 1 9 3 6 1 1 2 5 2 17 9 |8 2 1 8 3 1 7 8 1 1 1 2 23 1 1 5 |9 5 14 2 12 1 16 7 2 4 2 1 1 4 1 3 |1 3 16 1 1 1 1 20 1 5 7 3 1 1 1 2 |1 3 3 1 1 3 4 3 3 6 8 2 6 1 2 7 |1 11 2 9 1 2 1 12 11 1 1 3 1 7 3 1 |7 5 2 12 3 1 1 11 1 1 13 16 10 1 1 1 |1 1 1 2 3 1 8 11 2 1 4 2 1 1 3 6 |2 1 7 2 1 1 14 13 16 1 1 6 1 12 1 11 |1 2 4 1 11 2 1 7 2 2 16 1 6 12 15 1 |1 7 7 2 2 1 2 7 1 17 8 1 9 1 9 15 |11 1 1 14 1 1 1 7 5 1 8 1 1 1 17 15 |
1359: 1 4 1 1 1 3 10 2 6 1 1 2 5 1 3 8 |8 2 1 8 3 1 7 8 1 1 1 2 23 1 1 5 |9 5 14 2 12 1 16 7 2 4 2 1 1 4 1 3 |1 3 16 1 1 1 1 20 1 5 7 3 1 1 1 2 |1 3 3 1 1 3 4 3 3 6 8 2 6 1 2 7 |1 11 2 9 1 2 1 12 11 1 1 3 1 7 3 1 |7 5 2 12 3 1 1 11 1 1 13 16 10 1 1 1 |1 1 1 2 3 1 8 11 2 1 4 2 1 1 3 6 |2 1 7 2 1 1 14 13 16 1 1 6 1 12 1 11 |1 2 4 1 11 2 1 7 2 2 16 1 6 12 15 1 |1 7 7 2 2 1 2 7 1 17 8 1 9 1 9 15 |11 1 1 14 1 1 1 7 5 1 8 1 1 1 17 15 |
1370: 1 4 1 1 1 3 10 2 6 1 1 2 5 1 3 8 |1 1 1 1 1 2 4 1 1 1 3 12 22 1 1 6 |7 7 13 2 11 9 9 7 1 4 2 1 1 2 1 5 |1 1 15 1 11 1 3 21 1 6 1 4 1 1 1 1 |1 1 4 1 1 3 2 2 2 10 3 3 7 1 1 1 |1 10 2 2 2 1 1 1 10 1 1 3 1 8 1 1 |1 5 3 3 4 1 1 11 1 1 13 15 9 1 1 1 |1 13 1 1 5 1 7 13 2 1 4 1 1 1 4 8 |2 2 6 2 4 2 15 12 10 1 1 6 1 7 2 16 |1 2 4 1 11 2 1 7 2 2 16 1 6 12 15 1 |1 7 7 2 2 1 2 7 1 17 8 1 9 1 9 15 |11 1 1 14 1 1 1 7 5 1 8 1 1 1 17 15 |
1380: 1 4 1 1 1 3 10 2 6 1 1 2 5 1 3 8 |1 1 1 1 1 2 4 1 1 1 3 12 22 1 1 6 |7 7 13 2 11 9 9 7 1 4 2 1 1 2 1 5 |1 1 15 1 11 1 3 21 1 6 1 4 1 1 1 1 |1 1 4 1 1 3 2 2 2 10 3 3 7 1 1 1 |1 10 2 2 2 1 1 1 10 1 1 3 1 8 1 1 |1 5 3 3 4 1 1 11 1 1 13 15 9 1 1 1 |1 13 1 1 5 1 7 13 2 1 4 1 1 1 4 8 |2 2 6 2 4 2 15 12 10 1 1 6 1 7 2 16 |1 2 1 3 12 1 2 7 2 1 17 1 6 12 15 1 |4 1 1 2 2 2 2 8 1 2 19 1 1 1 8 14 |9 1 1 6 1 8 6 3 5 1 8 1 2 5 17 9 |
1390: 1 4 1 1 1 3 10 2 6 1 1 2 5 1 3 8 |1 1 1 1 1 2 4 1 1 1 3 12 22 1 1 6 |7 7 13 2 11 9 9 7 1 4 2 1 1 2 1 5 |1 1 15 1 11 1 3 21 1 6 1 4 1 1 1 1 |1 1 4 1 1 3 2 2 2 10 3 3 7 1 1 1 |1 10 2 2 2 1 1 1 10 1 1 3 1 8 1 1 |1 5 3 3 4 1 1 11 1 1 13 15 9 1 1 1 |1 13 1 1 5 1 7 13 2 1 4 1 1 1 4 8 |2 2 6 2 4 2 15 12 10 1 1 6 1 7 2 16 |1 2 1 3 12 1 2 7 2 1 17 1 6 12 15 1 |4 1 1 2 2 2 2 8 1 2 19 1 1 1 8 14 |9 1 1 6 1 8 6 3 5 1 8 1 2 5 17 9 |
1400: 2 3 2 1 1 2 1 1 1 3 1 1 5 1 3 9 |8 2 3 2 1 1 9 4 1 2 2 13 25 1 5 6 |9 10 16 13 8 9 15 1 2 5 1 4 2 4 1 3 |1 5 14 2 11 3 7 21 1 1 11 15 1 3 1 1 |1 1 1 1 1 2 2 3 3 11 1 3 1 1 1 1 |1 20 2 5 2 1 1 12 9 3 1 3 1 7 1 1 |6 5 8 10 3 1 1 11 1 1 1 15 10 1 1 1 |1 13 1 1 5 1 7 13 2 1 4 1 1 1 4 8 |2 2 6 2 4 2 15 12 10 1 1 6 1 7 2 16 |1 2 1 3 12 1 2 7 2 1 17 1 6 12 15 1 |4 1 1 2 2 2 2 8 1 2 19 1 1 1 8 14 |9 1 1 6 1 8 6 3 5 1 8 1 2 5 17 9 |
1411: 2 3 2 1 1 2 1 1 1 3 1 1 5 1 3 9 |8 2 3 2 1 1 9 4 1 2 2 13 25 1 5 6 |9 10 16 13 8 9 15 1 2 5 1 4 2 4 1 3 |1 5 14 2 11 3 7 21 1 1 11 15 1 3 1 1 |1 1 1 1 1 2 2 3 3 11 1 3 1 1 1 1 |1 20 2 5 2 1 1 12 9 3 1 3 1 7 1 1 |6 5 8 10 3 1 1 11 1 1 1 15 10 1 1 1 |1 1 10 1 4 1 6 13 12 1 4 2 5 1 2 6 |1 8 6 2 1 1 15 13 16 1 1 6 2 11 1 16 |1 2 3 2 1 1 1 6 2 1 14 1 6 12 3 1 |2 1 1 2 1 1 2 7 1 2 8 1 1 1 1 16 |13 1 1 6 1 1 1 1 2 2 1 5 2 5 18 10 |
1422: 2 3 2 1 1 2 1 1 1 3 1 1 5 1 3 9 |8 2 3 2 1 1 9 4 1 2 2 13 25 1 5 6 |9 10 16 13 8 9 15 1 2 5 1 4 2 4 1 3 |1 5 14 2 11 3 7 21 1 1 11 15 1 3 1 1 |1 1 1 1 1 2 2 3 3 11 1 3 1 1 1 1 |1 20 2 5 2 1 1 12 9 3 1 3 1 7 1 1 |6 5 8 10 3 1 1 11 1 1 1 15 10 1 1 1 |1 1 10 1 4 1 6 13 12 1 4 2 5 1 2 6 |1 8 6 2 1 1 15 13 16 1 1 6 2 11 1 16 |1 2 3 2 1 1 1 6 2 1 14 1 6 12 3 1 |2 1 1 2 1 1 2 7 1 2 8 1 1 1 1 16 |13 1 1 6 1 1 1 1 2 2 1 5 2 5 18 10 |
1433: 1 1 1 2 1 2 9 2 6 1 1 2 6 1 3 9 |1 1 2 1 1 1 1 8 1 1 2 2 11 1 1 5 |1 1 14 2 14 3 16 8 1 1 2 4 1 4 1 5 |1 1 15 1 1 3 3 16 1 6 1 14 1 3 1 1 |1 2 3 1 1 3 10 2 3 2 8 1 1 4 2 6 |1 5 2 4 3 1 1 1 10 1 1 2 1 1 1 1 |1 5 8 12 2 2 2 11 1 1 1 16 9 1 1 1 |1 1 10 1 4 1 6 13 12 1 4 2 5 1 2 6 |1 8 6 2 1 1 15 13 16 1 1 6 2 11 1 16 |1 2 3 2 1 1 1 6 2 1 14 1 6 12 3 1 |2 1 1 2 1 1 2 7 1 2 8 1 1 1 1 16 |13 1 1 6 1 1 1 1 2 2 1 5 2 5 18 10 |
1444: 1 1 1 2 1 2 9 2 6 1 1 2 6 1 3 9 |1 1 2 1 1 1 1 8 1 1 2 2 11 1 1 5 |1 1 14 2 14 3 16 8 1 1 2 4 1 4 1 5 |1 1 15 1 1 3 3 16 1 6 1 14 1 3 1 1 |1 2 3 1 1 3 10 2 3 2 8 1 1 4 2 6 |1 5 2 4 3 1 1 1 10 1 1 2 1 1 1 1 |1 5 8 12 2 2 2 11 1 1 1 16 9 1 1 1 |1 1 1 1 1 1 1 13 9 1 4 2 1 1 3 6 |1 1 13 1 4 1 15 13 12 1 1 6 1 10 1 16 |1 2 4 2 10 7 2 6 2 1 14 1 5 12 3 1 |2 6 6 2 1 1 2 6 1 2 4 1 1 1 1 15 |8 1 1 6 1 1 1 8 4 1 9 1 2 5 17 10 |
1454: 1 1 1 2 1 2 9 2 6 1 1 2 6 1 3 9 |1 1 2 1 1 1 1 8 1 1 2 2 11 1 1 5 |1 1 14 2 14 3 16 8 1 1 2 4 1 4 1 5 |1 1 15 1 1 3 3 16 1 6 1 14 1 3 1 1 |1 2 3 1 1 3 10 2 3 2 8 1 1 4 2 6 |1 5 2 4 3 1 1 1 10 1 1 2 1 1 1 1 |1 5 8 12 2 2 2 11 1 1 1 16 9 1 1 1 |1 1 1 1 1 1 1 13 9 1 4 2 1 1 3 6 |1 1 13 1 4 1 15 13 12 1 1 6 1 10 1 16 |1 2 4 2 10 7 2 6 2 1 14 1 5 12 3 1 |2 6 6 2 1 1 2 6 1 2 4 1 1 1 1 15 |8 1 1 6 1 1 1 8 4 1 9 1 2 5 17 10 |
1485: 1 4 1 1 1 1 7 1 1 3 1 2 5 3 17 8 |1 1 2 1 1 1 1 8 1 1 2 2 11 1 1 5 |1 1 14 2 14 3 16 8 1 1 2 4 1 4 1 5 |1 1 15 1 1 3 3 16 1 6 1 14 1 3 1 1 |1 2 3 1 1 3 10 2 3 2 8 1 1 4 2 6 |1 5 2 4 3 1 1 1 10 1 1 2 1 1 1 1 |1 5 8 12 2 2 2 11 1 1 1 16 9 1 1 1 |1 1 1 1 1 1 1 13 9 1 4 2 1 1 3 6 |1 1 13 1 4 1 15 13 12 1 1 6 1 10 1 16 |1 2 4 2 10 7 2 6 2 1 14 1 5 12 3 1 |2 6 6 2 1 1 2 6 1 2 4 1 1 1 1 15 |8 1 1 6 1 1 1 8 4 1 9 1 2 5 17 10 |
1496: 1 4 1 1 1 1 7 1 1 3 1 2 5 3 17 8 |2 1 2 1 1 2 2 2 1 1 1 2 19 1 1 1 |8 2 14 1 11 7 10 1 1 4 2 2 1 2 1 3 |1 1 15 1 1 3 3 16 1 1 10 8 5 1 1 3 |1 1 3 1 1 3 3 2 7 4 8 2 6 1 1 1 |1 10 2 1 1 2 1 1 9 3 1 3 2 4 2 1 |7 4 9 11 3 2 9 10 1 1 1 8 2 10 1 1 |1 12 1 2 2 3 1 12 2 4 5 2 6 1 2 1 |2 7 7 1 4 1 2 1 6 2 1 4 2 12 2 14 |1 2 4 2 10 7 2 6 2 1 14 1 5 12 3 1 |2 6 6 2 1 1 2 6 1 2 4 1 1 1 1 15 |8 1 1 6 1 1 1 8 4 1 9 1 2 5 17 10 |
1506: 1 4 1 1 1 1 7 1 1 3 1 2 5 3 17 8 |2 1 2 1 1 2 2 2 1 1 1 2 19 1 1 1 |8 2 14 1 11 7 10 1 1 4 2 2 1 2 1 3 |1 1 15 1 1 3 3 16 1 1 10 8 5 1 1 3 |1 1 3 1 1 3 3 2 7 4 8 2 6 1 1 1 |1 10 2 1 1 2 1 1 9 3 1 3 2 4 2 1 |7 4 9 11 3 2 9 10 1 1 1 8 2 10 1 1 |1 12 1 2 2 3 1 12 2 4 5 2 6 1 2 1 |2 7 7 1 4 1 2 1 6 2 1 4 2 12 2 14 |1 1 4 1 12 1 2 6 1 2 3 1 1 12 2 2 |2 7 3 2 2 14 2 2 3 17 6 1 1 2 2 2 |13 1 1 1 1 1 6 2 2 2 1 5 1 6 17 13 |
1517: 1 4 1 1 1 1 7 1 1 3 1 2 5 3 17 8 |2 1 2 1 1 2 2 2 1 1 1 2 19 1 1 1 |8 2 14 1 11 7 10 1 1 4 2 2 1 2 1 3 |1 1 15 1 1 3 3 16 1 1 10 8 5 1 1 3 |1 1 3 1 1 3 3 2 7 4 8 2 6 1 1 1 |1 10 2 1 1 2 1 1 9 3 1 3 2 4 2 1 |7 4 9 11 3 2 9 10 1 1 1 8 2 10 1 1 |1 12 1 2 2 3 1 12 2 4 5 2 6 1 2 1 |2 7 7 1 4 1 2 1 6 2 1 4 2 12 2 14 |1 1 4 1 12 1 2 6 1 2 3 1 1 12 2 2 |2 7 3 2 2 14 2 2 3 17 6 1 1 2 2 2 |13 1 1 1 1 1 6 2 2 2 1 5 1 6 17 13 |
1528: 1 10 1 1 1 1 1 3 6 1 1 2 5 1 3 4 |1 2 2 2 1 1 8 4 1 1 3 13 22 1 1 4 |1 14 15 13 7 8 15 1 3 1 4 3 1 5 1 3 |1 1 14 2 9 4 1 20 1 1 1 3 1 4 1 1 |1 2 1 7 1 2 2 3 7 10 3 3 1 1 3 7 |2 14 1 6 3 1 1 12 10 2 1 1 1 8 2 1 |6 4 16 12 1 1 1 11 1 1 1 16 15 1 1 1 |1 12 1 2 2 3 1 12 2 4 5 2 6 1 2 1 |2 7 7 1 4 1 2 1 6 2 1 4 2 12 2 14 |1 1 4 1 12 1 2 6 1 2 3 1 1 12 2 2 |2 7 3 2 2 14 2 2 3 17 6 1 1 2 2 2 |13 1 1 1 1 1 6 2 2 2 1 5 1 6 17 13 |
1538: 1 10 1 1 1 1 1 3 6 1 1 2 5 1 3 4 |1 2 2 2 1 1 8 4 1 1 3 13 22 1 1 4 |1 14 15 13 7 8 15 1 3 1 4 3 1 5 1 3 |1 1 14 2 9 4 1 20 1 1 1 3 1 4 1 1 |1 2 1 7 1 2 2 3 7 10 3 3 1 1 3 7 |2 14 1 6 3 1 1 12 10 2 1 1 1 8 2 1 |6 4 16 12 1 1 1 11 1 1 1 16 15 1 1 1 |1 1 3 1 1 2 6 13 4 5 4 2 6 1 3 7 |1 1 6 1 4 1 2 2 18 2 1 11 2 12 2 16 |1 1 1 1 1 1 1 6 2 1 16 1 6 12 15 1 |2 1 7 8 2 13 2 7 4 8 7 1 1 1 8 15 |8 1 1 5 1 1 6 2 2 2 1 5 1 5 18 10 |
1549: 1 10 1 1 1 1 1 3 6 1 1 2 5 1 3 4 |1 2 2 2 1 1 8 4 1 1 3 13 22 1 1 4 |1 14 15 13 7 8 15 1 3 1 4 3 1 5 1 3 |1 1 14 2 9 4 1 20 1 1 1 3 1 4 1 1 |1 2 1 7 1 2 2 3 7 10 3 3 1 1 3 7 |2 14 1 6 3 1 1 12 10 2 1 1 1 8 2 1 |6 4 16 12 1 1 1 11 1 1 1 16 15 1 1 1 |1 1 3 1 1 2 6 13 4 5 4 2 6 1 3 7 |1 1 6 1 4 1 2 2 18 2 1 11 2 12 2 16 |1 1 1 1 1 1 1 6 2 1 16 1 6 12 15 1 |2 1 7 8 2 13 2 7 4 8 7 1 1 1 8 15 |8 1 1 5 1 1 6 2 2 2 1 5 1 5 18 10 |
1560: 1 10 3 1 1 1 3 1 1 1 1 1 6 1 2 9 |1 5 3 1 1 1 4 1 1 3 3 12 21 1 1 5 |8 5 3 4 10 9 16 5 2 5 1 5 5 5 1 3 |1 11 14 1 1 4 3 21 1 2 8 1 1 1 1 2 |1 3 1 1 1 1 1 3 3 11 11 3 1 1 1 1 |1 11 1 2 2 3 1 1 10 1 1 3 2 6 2 2 |6 4 16 12 1 1 1 11 1 1 1 16 15 1 1 1 |1 1 3 1 1 2 6 13 4 5 4 2 6 1 3 7 |1 1 6 1 4 1 2 2 18 2 1 11 2 12 2 16 |1 1 1 1 1 1 1 6 2 1 16 1 6 12 15 1 |2 1 7 8 2 13 2 7 4 8 7 1 1 1 8 15 |8 1 1 5 1 1 6 2 2 2 1 5 1 5 18 10 |
1570: 1 10 3 1 1 1 3 1 1 1 1 1 6 1 2 9 |1 5 3 1 1 1 4 1 1 3 3 12 21 1 1 5 |8 5 3 4 10 9 16 5 2 5 1 5 5 5 1 3 |1 11 14 1 1 4 3 21 1 2 8 1 1 1 1 2 |1 3 1 1 1 1 1 3 3 11 11 3 1 1 1 1 |1 11 1 2 2 3 1 1 10 1 1 3 2 6 2 2 |1 1 7 12 3 1 1 10 1 2 6 14 10 1 1 1 |1 1 1 1 2 3 7 13 11 2 1 3 5 1 4 6 |2 2 7 2 4 1 15 13 16 1 1 6 2 1 1 17 |1 3 4 3 10 2 1 6 2 2 7 1 6 12 3 1 |3 1 8 2 3 2 2 7 1 17 8 1 1 1 1 15 |8 1 1 6 1 8 5 1 5 2 7 1 1 6 17 10 |
1581: 1 10 3 1 1 1 3 1 1 1 1 1 6 1 2 9 |1 5 3 1 1 1 4 1 1 3 3 12 21 1 1 5 |8 5 3 4 10 9 16 5 2 5 1 5 5 5 1 3 |1 11 14 1 1 4 3 21 1 2 8 1 1 1 1 2 |1 3 1 1 1 1 1 3 3 11 11 3 1 1 1 1 |1 11 1 2 2 3 1 1 10 1 1 3 2 6 2 2 |1 1 7 12 3 1 1 10 1 2 6 14 10 1 1 1 |1 1 1 1 2 3 7 13 11 2 1 3 5 1 4 6 |2 2 7 2 4 1 15 13 16 1 1 6 2 1 1 17 |1 3 4 3 10 2 1 6 2 2 7 1 6 12 3 1 |3 1 8 2 3 2 2 7 1 17 8 1 1 1 1 15 |8 1 1 6 1 8 5 1 5 2 7 1 1 6 17 10 |
1592: 2 8 1 1 2 1 10 3 6 1 1 1 6 1 3 9 |1 6 3 1 3 1 9 4 1 1 3 13 22 1 7 7 |8 2 14 2 11 8 16 2 3 6 1 4 1 5 1 3 |1 5 1 1 1 5 1 7 1 1 11 9 1 1 1 1 |1 6 1 1 1 3 2 2 3 11 1 2 1 5 1 6 |1 12 3 12 1 1 1 1 11 3 1 2 1 8 2 1 |1 1 7 12 3 1 1 10 1 2 6 14 10 1 1 1 |1 1 1 1 2 3 7 13 11 2 1 3 5 1 4 6 |2 2 7 2 4 1 15 13 16 1 1 6 2 1 1 17 |1 3 4 3 10 2 1 6 2 2 7 1 6 12 3 1 |3 1 8 2 3 2 2 7 1 17 8 1 1 1 1 15 |8 1 1 6 1 8 5 1 5 2 7 1 1 6 17 10 |
1602: 2 8 1 1 2 1 10 3 6 1 1 1 6 1 3 9 |1 6 3 1 3 1 9 4 1 1 3 13 22 1 7 7 |8 2 14 2 11 8 16 2 3 6 1 4 1 5 1 3 |1 5 1 1 1 5 1 7 1 1 11 9 1 1 1 1 |1 6 1 1 1 3 2 2 3 11 1 2 1 5 1 6 |1 12 3 12 1 1 1 1 11 3 1 2 1 8 2 1 |8 4 4 1 5 2 1 11 1 1 13 10 2 1 1 1 |3 12 1 1 2 2 1 15 14 4 5 2 5 1 3 8 |2 2 6 2 2 1 15 13 10 1 1 5 1 2 3 10 |1 1 16 2 10 1 3 6 2 1 16 1 6 12 14 1 |1 7 2 2 2 1 1 2 2 5 5 1 10 1 1 15 |8 2 1 1 1 1 1 7 5 1 9 2 2 6 17 10 |
1612: 2 8 1 1 2 1 10 3 6 1 1 1 6 1 3 9 |1 6 3 1 3 1 9 4 1 1 3 13 22 1 7 7 |8 2 14 2 11 8 16 2 3 6 1 4 1 5 1 3 |1 5 1 1 1 5 1 7 1 1 11 9 1 1 1 1 |1 6 1 1 1 3 2 2 3 11 1 2 1 5 1 6 |1 12 3 12 1 1 1 1 11 3 1 2 1 8 2 1 |8 4 4 1 5 2 1 11 1 1 13 10 2 1 1 1 |3 12 1 1 2 2 1 15 14 4 5 2 5 1 3 8 |2 2 6 2 2 1 15 13 10 1 1 5 1 2 3 10 |1 1 16 2 10 1 3 6 2 1 16 1 6 12 14 1 |1 7 2 2 2 1 1 2 2 5 5 1 10 1 1 15 |8 2 1 1 1 1 1 7 5 1 9 2 2 6 17 10 |
1622: 2 9 1 1 1 1 9 3 6 1 1 2 5 1 4 8 |7 5 1 1 2 1 4 1 1 1 1 14 21 1 1 5 |8 2 14 2 11 8 16 2 3 6 1 4 1 5 1 3 |1 5 1 1 1 5 1 7 1 1 11 9 1 1 1 1 |1 6 1 1 1 3 2 2 3 11 1 2 1 5 1 6 |1 12 3 12 1 1 1 1 11 3 1 2 1 8 2 1 |8 4 4 1 5 2 1 11 1 1 13 10 2 1 1 1 |3 12 1 1 2 2 1 15 14 4 5 2 5 1 3 8 |2 2 6 2 2 1 15 13 10 1 1 5 1 2 3 10 |1 1 16 2 10 1 3 6 2 1 16 1 6 12 14 1 |1 7 2 2 2 1 1 2 2 5 5 1 10 1 1 15 |8 2 1 1 1 1 1 7 5 1 9 2 2 6 17 10 |
1633: 2 9 1 1 1 1 9 3 6 1 1 2 5 1 4 8 |7 5 1 1 2 1 4 1 1 1 1 14 21 1 1 5 |1 6 15 1 10 9 13 1 1 7 1 4 1 5 1 3 |1 5 12 2 1 5 4 16 1 5 8 3 1 1 1 1 |1 1 1 8 1 2 1 2 3 1 9 3 3 1 1 1 |3 12 2 2 2 5 1 13 8 1 2 4 1 4 2 1 |1 5 2 11 1 1 1 11 1 1 1 16 15 1 1 1 |1 1 1 2 3 1 5 12 2 1 4 1 1 1 4 6 |2 1 7 2 3 1 1 1 17 2 1 1 3 10 1 17 |1 2 3 4 3 1 1 7 2 1 14 1 6 12 3 1 |2 4 6 2 2 1 2 7 2 16 7 1 1 1 7 15 |8 2 1 1 1 1 1 7 5 1 9 2 2 6 17 10 |
1643: 2 9 1 1 1 1 9 3 6 1 1 2 5 1 4 8 |7 5 1 1 2 1 4 1 1 1 1 14 21 1 1 5 |1 6 15 1 10 9 13 1 1 7 1 4 1 5 1 3 |1 5 12 2 1 5 4 16 1 5 8 3 1 1 1 1 |1 1 1 8 1 2 1 2 3 1 9 3 3 1 1 1 |3 12 2 2 2 5 1 13 8 1 2 4 1 4 2 1 |1 5 2 11 1 1 1 11 1 1 1 16 15 1 1 1 |1 1 1 2 3 1 5 12 2 1 4 1 1 1 4 6 |2 1 7 2 3 1 1 1 17 2 1 1 3 10 1 17 |1 2 3 4 3 1 1 7 2 1 14 1 6 12 3 1 |2 4 6 2 2 1 2 7 2 16 7 1 1 1 7 15 |11 8 1 5 1 7 7 2 2 2 1 1 2 1 18 11 |
1653: 2 9 1 1 1 1 9 3 6 1 1 2 5 1 4 8 |7 5 1 1 2 1 4 1 1 1 1 14 21 1 1 5 |1 6 15 1 10 9 13 1 1 7 1 4 1 5 1 3 |1 5 12 2 1 5 4 16 1 5 8 3 1 1 1 1 |1 1 1 8 1 2 1 2 3 1 9 3 3 1 1 1 |3 12 2 2 2 5 1 13 8 1 2 4 1 4 2 1 |1 5 2 11 1 1 1 11 1 1 1 16 15 1 1 1 |1 1 1 2 3 1 5 12 2 1 4 1 1 1 4 6 |2 1 7 2 3 1 1 1 17 2 1 1 3 10 1 17 |1 2 3 4 3 1 1 7 2 1 14 1 6 12 3 1 |2 4 6 2 2 1 2 7 2 16 7 1 1 1 7 15 |11 8 1 5 1 7 7 2 2 2 1 1 2 1 18 11 |
1665: 1 3 3 1 2 1 9 3 6 1 1 2 6 1 4 9 |2 1 2 1 3 1 4 1 1 1 3 12 22 1 1 6 |9 13 3 4 12 3 16 6 1 4 1 5 1 4 1 4 |1 5 14 2 11 3 3 20 1 1 9 8 1 5 1 1 |1 2 1 1 1 1 1 3 7 2 1 3 1 1 1 1 |1 5 1 1 1 3 1 1 10 1 1 3 1 1 1 1 |7 4 4 11 3 1 2 11 1 1 1 15 9 1 1 1 |1 1 1 2 3 1 5 12 2 1 4 1 1 1 4 6 |2 1 7 2 3 1 1 1 17 2 1 1 3 10 1 17 |1 2 3 4 3 1 1 7 2 1 14 1 6 12 3 1 |2 4 6 2 2 1 2 7 2 16 7 1 1 1 7 15 |11 8 1 5 1 7 7 2 2 2 1 1 2 1 18 11 |
1676: 1 3 3 1 2 1 9 3 6 1 1 2 6 1 4 9 |2 1 2 1 3 1 4 1 1 1 3 12 22 1 1 6 |9 13 3 4 12 3 16 6 1 4 1 5 1 4 1 4 |1 5 14 2 11 3 3 20 1 1 9 8 1 5 1 1 |1 2 1 1 1 1 1 3 7 2 1 3 1 1 1 1 |1 5 1 1 1 3 1 1 10 1 1 3 1 1 1 1 |7 4 4 11 3 1 2 11 1 1 1 15 9 1 1 1 |2 2 1 2 1 3 7 14 8 1 4 2 5 1 4 8 |2 1 6 1 5 1 15 13 11 1 1 6 3 12 1 16 |1 2 4 1 10 2 1 8 2 2 7 1 6 12 15 1 |2 1 8 1 4 2 2 7 1 17 7 1 1 1 1 14 |8 1 1 6 2 2 1 1 5 2 8 1 1 5 19 15 |
1687: 1 4 1 1 1 2 10 3 7 1 1 2 5 2 4 4 |2 1 2 1 3 1 4 1 1 1 3 12 22 1 1 6 |9 13 3 4 12 3 16 6 1 4 1 5 1 4 1 4 |1 5 14 2 11 3 3 20 1 1 9 8 1 5 1 1 |1 2 1 1 1 1 1 3 7 2 1 3 1 1 1 1 |1 5 1 1 1 3 1 1 10 1 1 3 1 1 1 1 |7 4 4 11 3 1 2 11 1 1 1 15 9 1 1 1 |2 2 1 2 1 3 7 14 8 1 4 2 5 1 4 8 |2 1 6 1 5 1 15 13 11 1 1 6 3 12 1 16 |1 2 4 1 10 2 1 8 2 2 7 1 6 12 15 1 |2 1 8 1 4 2 2 7 1 17 7 1 1 1 1 14 |8 1 1 6 2 2 1 1 5 2 8 1 1 5 19 15 |
1698: 1 4 1 1 1 2 10 3 7 1 1 2 5 2 4 4 |2 13 3 1 1 1 8 4 1 1 3 13 23 1 1 6 |8 2 14 1 12 7 15 1 4 1 2 4 1 5 1 3 |1 5 1 1 2 1 5 21 1 6 1 9 1 1 1 2 |2 5 1 1 1 3 1 2 8 11 9 3 4 1 1 1 |1 7 2 5 1 1 1 11 10 1 1 2 1 7 2 1 |1 4 5 12 4 1 1 11 1 1 6 16 10 1 1 1 |1 1 1 1 1 3 1 15 12 4 5 2 1 1 3 7 |2 1 6 1 5 1 15 13 11 1 1 6 3 12 1 16 |1 2 4 1 10 2 1 8 2 2 7 1 6 12 15 1 |2 1 8 1 4 2 2 7 1 17 7 1 1 1 1 14 |8 1 1 6 2 2 1 1 5 2 8 1 1 5 19 15 |
1709: 1 4 1 1 1 2 10 3 7 1 1 2 5 2 4 4 |2 13 3 1 1 1 8 4 1 1 3 13 23 1 1 6 |8 2 14 1 12 7 15 1 4 1 2 4 1 5 1 3 |1 5 1 1 2 1 5 21 1 6 1 9 1 1 1 2 |2 5 1 1 1 3 1 2 8 11 9 3 4 1 1 1 |1 7 2 5 1 1 1 11 10 1 1 2 1 7 2 1 |1 4 5 12 4 1 1 11 1 1 6 16 10 1 1 1 |1 1 1 1 1 3 1 15 12 4 5 2 1 1 3 7 |2 1 6 2 2 1 15 1 16 1 1 6 2 12 1 11 |1 1 15 3 12 1 1 6 2 2 17 1 6 12 14 1 |2 7 6 2 2 1 1 2 2 17 5 1 1 1 1 15 |9 2 2 1 1 8 6 1 1 2 7 1 2 5 5 17 |
1720: 1 4 1 1 1 2 10 3 7 1 1 2 5 2 4 4 |2 13 3 1 1 1 8 4 1 1 3 13 23 1 1 6 |8 2 14 1 12 7 15 1 4 1 2 4 1 5 1 3 |1 5 1 1 2 1 5 21 1 6 1 9 1 1 1 2 |2 5 1 1 1 3 1 2 8 11 9 3 4 1 1 1 |1 7 2 5 1 1 1 11 10 1 1 2 1 7 2 1 |1 4 5 12 4 1 1 11 1 1 6 16 10 1 1 1 |1 1 1 1 1 3 1 15 12 4 5 2 1 1 3 7 |2 1 6 2 2 1 15 1 16 1 1 6 2 12 1 11 |1 1 15 3 12 1 1 6 2 2 17 1 6 12 14 1 |2 7 6 2 2 1 1 2 2 17 5 1 1 1 1 15 |9 2 2 1 1 8 6 1 1 2 7 1 2 5 5 17 |
1731: 1 3 1 1 1 1 3 3 7 2 1 2 5 1 2 8 |1 5 1 1 1 1 4 1 1 1 3 13 23 1 1 5 |7 1 14 2 10 8 17 6 3 4 1 5 1 4 1 4 |1 6 13 2 9 1 6 22 1 6 10 5 1 1 1 2 |1 2 2 5 1 2 1 3 7 1 1 1 1 5 1 3 |1 4 1 1 2 4 1 13 9 2 1 4 1 6 2 1 |1 4 5 12 4 1 1 11 1 1 6 16 10 1 1 1 |1 1 1 1 1 3 1 15 12 4 5 2 1 1 3 7 |2 1 6 2 2 1 15 1 16 1 1 6 2 12 1 11 |1 1 15 3 12 1 1 6 2 2 17 1 6 12 14 1 |2 7 6 2 2 1 1 2 2 17 5 1 1 1 1 15 |9 2 2 1 1 8 6 1 1 2 7 1 2 5 5 17 |
1742: 1 3 1 1 1 1 3 3 7 2 1 2 5 1 2 8 |1 5 1 1 1 1 4 1 1 1 3 13 23 1 1 5 |7 1 14 2 10 8 17 6 3 4 1 5 1 4 1 4 |1 6 13 2 9 1 6 22 1 6 10 5 1 1 1 2 |1 2 2 5 1 2 1 3 7 1 1 1 1 5 1 3 |1 4 1 1 2 4 1 13 9 2 1 4 1 6 2 1 |1 4 7 9 1 1 1 11 1 1 1 16 15 1 1 1 |1 1 3 1 4 1 6 13 2 2 5 2 6 1 3 8 |2 1 6 2 5 1 1 1 6 2 1 2 1 11 2 16 |1 2 7 1 3 1 1 7 2 1 16 1 6 11 3 1 |2 1 8 2 2 1 2 7 2 16 7 1 1 1 7 14 |1 1 1 7 1 1 8 2 1 3 2 6 1 1 17 11 |
1753: 1 3 1 1 1 1 3 3 7 2 1 2 5 1 2 8 |1 5 1 1 1 1 4 1 1 1 3 13 23 1 1 5 |7 1 14 2 10 8 17 6 3 4 1 5 1 4 1 4 |1 6 13 2 9 1 6 22 1 6 10 5 1 1 1 2 |1 2 2 5 1 2 1 3 7 1 1 1 1 5 1 3 |1 4 1 1 2 4 1 13 9 2 1 4 1 6 2 1 |1 4 7 9 1 1 1 11 1 1 1 16 15 1 1 1 |1 1 3 1 4 1 6 13 2 2 5 2 6 1 3 8 |2 1 6 2 5 1 1 1 6 2 1 2 1 11 2 16 |1 2 7 1 3 1 1 7 2 1 16 1 6 11 3 1 |2 1 8 2 2 1 2 7 2 16 7 1 1 1 7 14 |1 1 1 7 1 1 8 2 1 3 2 6 1 1 17 11 |
1763: 1 1 2 1 1 1 1 2 6 1 1 1 13 1 4 18 |1 2 3 2 3 1 4 1 1 1 3 8 22 1 1 5 |8 2 1 3 11 9 15 4 2 5 1 3 4 6 1 2 |1 5 12 2 10 3 4 22 1 6 8 4 1 4 1 1 |1 2 2 1 1 1 1 3 7 1 3 3 1 1 3 6 |2 11 1 1 2 3 1 12 10 2 1 3 1 8 2 1 |1 4 7 9 1 1 1 11 1 1 1 16 15 1 1 1 |1 1 3 1 4 1 6 13 2 2 5 2 6 1 3 8 |2 1 6 2 5 1 1 1 6 2 1 2 1 11 2 16 |1 2 7 1 3 1 1 7 2 1 16 1 6 11 3 1 |2 1 8 2 2 1 2 7 2 16 7 1 1 1 7 14 |1 1 1 7 1 1 8 2 1 3 2 6 1 1 17 11 |
1774: 1 1 2 1 1 1 1 2 6 1 1 1 13 1 4 18 |1 2 3 2 3 1 4 1 1 1 3 8 22 1 1 5 |8 2 1 3 11 9 15 4 2 5 1 3 4 6 1 2 |1 5 12 2 10 3 4 22 1 6 8 4 1 4 1 1 |1 2 2 1 1 1 1 3 7 1 3 3 1 1 3 6 |2 11 1 1 2 3 1 12 10 2 1 3 1 8 2 1 |7 5 2 11 4 1 1 11 1 1 1 13 1 1 1 1 |1 8 1 2 2 2 8 11 6 2 1 2 1 1 3 6 |3 1 5 2 4 1 3 13 11 1 1 6 2 11 2 15 |1 2 4 1 12 6 1 8 2 2 11 1 6 12 14 1 |2 7 1 1 15 3 2 7 1 17 8 1 1 1 1 15 |9 1 1 6 1 1 1 1 5 2 9 6 1 5 18 15 |
1784: 1 1 2 1 1 1 1 2 6 1 1 1 13 1 4 18 |1 2 3 2 3 1 4 1 1 1 3 8 22 1 1 5 |8 2 1 3 11 9 15 4 2 5 1 3 4 6 1 2 |1 5 12 2 10 3 4 22 1 6 8 4 1 4 1 1 |1 2 2 1 1 1 1 3 7 1 3 3 1 1 3 6 |2 11 1 1 2 3 1 12 10 2 1 3 1 8 2 1 |7 5 2 11 4 1 1 11 1 1 1 13 1 1 1 1 |1 8 1 2 2 2 8 11 6 2 1 2 1 1 3 6 |3 1 5 2 4 1 3 13 11 1 1 6 2 11 2 15 |1 2 4 1 12 6 1 8 2 2 11 1 6 12 14 1 |2 7 1 1 15 3 2 7 1 17 8 1 1 1 1 15 |9 1 1 6 1 1 1 1 5 2 9 6 1 5 18 15 |
1795: 2 4 1 1 1 2 4 3 6 1 1 2 7 1 2 4 |1 13 2 1 1 1 9 4 1 1 4 12 23 1 1 7 |7 2 14 2 11 8 15 5 4 1 4 3 1 5 1 4 |1 5 1 3 11 4 1 11 1 3 8 4 1 1 1 2 |1 5 1 1 1 2 1 3 3 12 1 5 1 1 3 7 |2 11 1 1 2 3 1 12 10 2 1 3 1 8 2 1 |7 5 2 11 4 1 1 11 1 1 1 13 1 1 1 1 |1 8 1 2 2 2 8 11 6 2 1 2 1 1 3 6 |3 1 5 2 4 1 3 13 11 1 1 6 2 11 2 15 |1 2 4 1 12 6 1 8 2 2 11 1 6 12 14 1 |2 7 1 1 15 3 2 7 1 17 8 1 1 1 1 15 |9 1 1 6 1 1 1 1 5 2 9 6 1 5 18 15 |
1806: 2 4 1 1 1 2 4 3 6 1 1 2 7 1 2 4 |1 13 2 1 1 1 9 4 1 1 4 12 23 1 1 7 |7 2 14 2 11 8 15 5 4 1 4 3 1 5 1 4 |1 5 1 3 11 4 1 11 1 3 8 4 1 1 1 2 |1 5 1 1 1 2 1 3 3 12 1 5 1 1 3 7 |1 11 1 1 1 5 1 1 10 2 1 3 2 7 3 1 |1 5 10 1 6 1 1 10 1 1 7 17 10 1 1 2 |1 1 1 1 3 1 1 15 11 5 5 2 6 1 3 6 |1 1 2 1 1 1 15 14 11 1 2 6 2 11 2 10 |2 1 14 3 11 2 1 6 2 2 16 1 6 12 3 1 |2 7 1 2 2 1 1 2 4 17 6 1 1 1 1 15 |9 2 3 1 1 7 1 7 5 2 8 1 2 6 18 15 |
1816: 2 4 1 1 1 2 4 3 6 1 1 2 7 1 2 4 |1 13 2 1 1 1 9 4 1 1 4 12 23 1 1 7 |7 2 14 2 11 8 15 5 4 1 4 3 1 5 1 4 |1 5 1 3 11 4 1 11 1 3 8 4 1 1 1 2 |1 5 1 1 1 2 1 3 3 12 1 5 1 1 3 7 |1 11 1 1 1 5 1 1 10 2 1 3 2 7 3 1 |1 5 10 1 6 1 1 10 1 1 7 17 10 1 1 2 |1 1 1 1 3 1 1 15 11 5 5 2 6 1 3 6 |1 1 2 1 1 1 15 14 11 1 2 6 2 11 2 10 |2 1 14 3 11 2 1 6 2 2 16 1 6 12 3 1 |2 7 1 2 2 1 1 2 4 17 6 1 1 1 1 15 |9 2 3 1 1 7 1 7 5 2 8 1 2 6 18 15 |
1827: 2 3 1 2 2 1 10 3 6 1 1 2 4 1 4 7 |1 5 2 1 1 1 4 1 1 3 3 6 22 2 5 6 |7 7 14 2 10 9 15 1 1 1 3 4 5 7 1 3 |1 5 1 3 11 4 1 11 1 3 8 4 1 1 1 2 |1 5 1 1 1 2 1 3 3 12 1 5 1 1 3 7 |1 11 1 1 1 5 1 1 10 2 1 3 2 7 3 1 |1 5 10 1 6 1 1 10 1 1 7 17 10 1 1 2 |1 1 1 1 3 1 1 15 11 5 5 2 6 1 3 6 |1 1 2 1 1 1 15 14 11 1 2 6 2 11 2 10 |2 1 14 3 11 2 1 6 2 2 16 1 6 12 3 1 |2 7 1 2 2 1 1 2 4 17 6 1 1 1 1 15 |9 2 3 1 1 7 1 7 5 2 8 1 2 6 18 15 |
1838: 2 3 1 2 2 1 10 3 6 1 1 2 4 1 4 7 |1 5 2 1 1 1 4 1 1 3 3 6 22 2 5 6 |7 7 14 2 10 9 15 1 1 1 3 4 5 7 1 3 |1 1 13 3 10 1 1 20 1 6 8 6 1 4 1 2 |1 1 1 1 1 2 1 3 3 2 1 4 4 1 1 1 |1 5 2 12 1 1 1 13 8 2 2 1 1 1 4 1 |1 4 9 11 1 1 1 11 1 1 15 16 11 1 1 2 |2 1 1 1 6 1 7 14 8 1 4 2 6 1 3 7 |2 2 6 1 3 1 1 1 6 2 1 5 1 1 2 17 |1 2 4 16 7 1 1 6 2 2 16 1 6 12 3 1 |2 1 6 2 3 2 2 7 2 16 8 1 1 1 1 16 |8 7 1 5 1 1 7 2 2 2 3 5 1 2 17 11 |
1850: 2 3 1 2 2 1 10 3 6 1 1 2 4 1 4 7 |1 5 2 1 1 1 4 1 1 3 3 6 22 2 5 6 |7 7 14 2 10 9 15 1 1 1 3 4 5 7 1 3 |1 1 13 3 10 1 1 20 1 6 8 6 1 4 1 2 |1 1 1 1 1 2 1 3 3 2 1 4 4 1 1 1 |1 5 2 12 1 1 1 13 8 2 2 1 1 1 4 1 |1 4 9 11 1 1 1 11 1 1 15 16 11 1 1 2 |2 1 1 1 6 1 7 14 8 1 4 2 6 1 3 7 |2 2 6 1 3 1 1 1 6 2 1 5 1 1 2 17 |1 2 4 16 7 1 1 6 2 2 16 1 6 12 3 1 |2 1 6 2 3 2 2 7 2 16 8 1 1 1 1 16 |8 7 1 5 1 1 7 2 2 2 3 5 1 2 17 11 |
1860: 1 11 1 1 1 3 10 2 7 1 1 2 5 1 2 9 |1 2 2 1 1 2 4 1 1 1 4 7 23 1 1 5 |6 6 1 2 10 8 15 5 3 1 1 5 2 6 1 4 |1 1 13 3 10 1 1 20 1 6 8 6 1 4 1 2 |1 1 1 1 1 2 1 3 3 2 1 4 4 1 1 1 |1 5 2 12 1 1 1 13 8 2 2 1 1 1 4 1 |1 4 9 11 1 1 1 11 1 1 15 16 11 1 1 2 |2 1 1 1 6 1 7 14 8 1 4 2 6 1 3 7 |2 2 6 1 3 1 1 1 6 2 1 5 1 1 2 17 |1 2 4 16 7 1 1 6 2 2 16 1 6 12 3 1 |2 1 6 2 3 2 2 7 2 16 8 1 1 1 1 16 |8 7 1 5 1 1 7 2 2 2 3 5 1 2 17 11 |
1871: 1 11 1 1 1 3 10 2 7 1 1 2 5 1 2 9 |1 2 2 1 1 2 4 1 1 1 4 7 23 1 1 5 |6 6 1 2 10 8 15 5 3 1 1 5 2 6 1 4 |1 1 13 2 11 2 5 16 1 1 10 15 1 1 1 1 |1 3 1 1 1 1 1 3 3 12 1 5 1 1 1 1 |1 11 5 7 2 5 1 1 11 2 1 1 1 7 3 1 |1 4 4 12 4 1 1 11 1 1 1 14 2 1 1 2 |1 8 1 2 4 3 7 14 18 1 4 2 5 1 3 8 |1 1 5 2 5 1 15 13 11 1 1 6 2 5 3 14 |2 2 4 2 11 1 1 8 3 2 9 1 5 13 3 1 |1 7 3 1 14 8 2 7 1 2 8 1 1 1 6 15 |1 3 1 5 2 1 1 7 5 2 9 5 2 5 17 15 |
1881: 1 11 1 1 1 3 10 2 7 1 1 2 5 1 2 9 |1 2 2 1 1 2 4 1 1 1 4 7 23 1 1 5 |6 6 1 2 10 8 15 5 3 1 1 5 2 6 1 4 |1 1 13 2 11 2 5 16 1 1 10 15 1 1 1 1 |1 3 1 1 1 1 1 3 3 12 1 5 1 1 1 1 |1 11 5 7 2 5 1 1 11 2 1 1 1 7 3 1 |1 4 4 12 4 1 1 11 1 1 1 14 2 1 1 2 |1 8 1 2 4 3 7 14 18 1 4 2 5 1 3 8 |1 1 5 2 5 1 15 13 11 1 1 6 2 5 3 14 |2 2 4 2 11 1 1 8 3 2 9 1 5 13 3 1 |1 7 3 1 14 8 2 7 1 2 8 1 1 1 6 15 |1 3 1 5 2 1 1 7 5 2 9 5 2 5 17 15 |
1892: 2 10 1 1 1 1 3 3 6 1 1 1 6 1 3 8 |3 9 2 1 1 2 4 1 1 1 3 7 23 1 4 7 |6 6 1 2 10 8 15 5 3 1 1 5 2 6 1 4 |1 1 13 2 11 2 5 16 1 1 10 15 1 1 1 1 |1 3 1 1 1 1 1 3 3 12 1 5 1 1 1 1 |1 11 5 7 2 5 1 1 11 2 1 1 1 7 3 1 |1 4 4 12 4 1 1 11 1 1 1 14 2 1 1 2 |1 8 1 2 4 3 7 14 18 1 4 2 5 1 3 8 |1 1 5 2 5 1 15 13 11 1 1 6 2 5 3 14 |2 2 4 2 11 1 1 8 3 2 9 1 5 13 3 1 |1 7 3 1 14 8 2 7 1 2 8 1 1 1 6 15 |1 3 1 5 2 1 1 7 5 2 9 5 2 5 17 15 |
1903: 2 10 1 1 1 1 3 3 6 1 1 1 6 1 3 8 |3 9 2 1 1 2 4 1 1 1 3 7 23 1 4 7 |7 6 15 2 10 1 16 5 3 1 1 4 6 4 1 3 |1 5 11 2 11 1 6 20 1 1 8 6 1 1 1 2 |1 1 1 1 1 3 3 3 7 2 16 1 1 1 1 1 |2 12 2 7 1 1 1 11 11 1 1 2 6 1 3 1 |8 1 25 4 5 2 2 11 1 1 1 17 15 1 1 3 |1 1 1 1 2 2 6 8 6 4 5 2 5 1 4 7 |2 1 6 1 9 1 15 13 10 1 1 6 2 6 3 15 |1 1 2 3 11 1 1 6 3 1 15 1 5 12 15 1 |3 1 9 2 2 13 4 3 4 13 12 1 8 1 1 15 |1 3 1 5 2 1 1 7 5 2 9 5 2 5 17 15 |
1914: 2 10 1 1 1 1 3 3 6 1 1 1 6 1 3 8 |3 9 2 1 1 2 4 1 1 1 3 7 23 1 4 7 |7 6 15 2 10 1 16 5 3 1 1 4 6 4 1 3 |1 5 11 2 11 1 6 20 1 1 8 6 1 1 1 2 |1 1 1 1 1 3 3 3 7 2 16 1 1 1 1 1 |2 12 2 7 1 1 1 11 11 1 1 2 6 1 3 1 |8 1 25 4 5 2 2 11 1 1 1 17 15 1 1 3 |1 1 1 1 2 2 6 8 6 4 5 2 5 1 4 7 |2 1 6 1 9 1 15 13 10 1 1 6 2 6 3 15 |1 1 2 3 11 1 1 6 3 1 15 1 5 12 15 1 |3 1 9 2 2 13 4 3 4 13 12 1 8 1 1 15 |12 1 1 1 1 7 1 7 1 1 10 1 2 5 17 9 |
1924: 2 10 1 1 1 1 3 3 6 1 1 1 6 1 3 8 |3 9 2 1 1 2 4 1 1 1 3 7 23 1 4 7 |7 6 15 2 10 1 16 5 3 1 1 4 6 4 1 3 |1 5 11 2 11 1 6 20 1 1 8 6 1 1 1 2 |1 1 1 1 1 3 3 3 7 2 16 1 1 1 1 1 |2 12 2 7 1 1 1 11 11 1 1 2 6 1 3 1 |8 1 25 4 5 2 2 11 1 1 1 17 15 1 1 3 |1 1 1 1 2 2 6 8 6 4 5 2 5 1 4 7 |2 1 6 1 9 1 15 13 10 1 1 6 2 6 3 15 |1 1 2 3 11 1 1 6 3 1 15 1 5 12 15 1 |3 1 9 2 2 13 4 3 4 13 12 1 8 1 1 15 |12 1 1 1 1 7 1 7 1 1 10 1 2 5 17 9 |
1934: 1 11 1 1 1 1 3 1 6 1 1 2 5 1 3 4 |1 6 1 1 1 2 4 1 1 3 3 13 24 1 1 5 |11 14 14 2 11 7 15 1 2 5 1 4 1 6 1 4 |1 4 13 2 8 1 5 20 1 1 10 5 1 4 1 1 |1 2 3 1 1 2 2 3 6 2 4 1 1 1 3 6 |2 10 2 5 2 2 1 13 7 2 2 3 2 8 2 1 |6 4 7 12 5 1 1 11 2 2 6 17 16 1 1 1 |1 1 1 1 4 2 7 12 4 2 5 3 5 1 4 8 |2 1 6 1 9 1 15 13 10 1 1 6 2 6 3 15 |1 1 2 3 11 1 1 6 3 1 15 1 5 12 15 1 |3 1 9 2 2 13 4 3 4 13 12 1 8 1 1 15 |12 1 1 1 1 7 1 7 1 1 10 1 2 5 17 9 |
1946: 1 11 1 1 1 1 3 1 6 1 1 2 5 1 3 4 |1 6 1 1 1 2 4 1 1 3 3 13 24 1 1 5 |11 14 14 2 11 7 15 1 2 5 1 4 1 6 1 4 |1 4 13 2 8 1 5 20 1 1 10 5 1 4 1 1 |1 2 3 1 1 2 2 3 6 2 4 1 1 1 3 6 |2 10 2 5 2 2 1 13 7 2 2 3 2 8 2 1 |6 4 7 12 5 1 1 11 2 2 6 17 16 1 1 1 |1 1 1 1 4 2 7 12 4 2 5 3 5 1 4 8 |2 2 6 1 1 1 1 1 2 2 1 1 1 1 2 17 |1 2 4 16 9 1 1 6 2 2 16 1 6 12 3 1 |2 8 6 2 3 1 2 7 2 9 8 1 1 1 8 15 |8 1 1 5 1 1 1 8 4 2 9 2 2 6 18 15 |
1957: 1 11 1 1 1 1 3 1 6 1 1 2 5 1 3 4 |1 6 1 1 1 2 4 1 1 3 3 13 24 1 1 5 |11 14 14 2 11 7 15 1 2 5 1 4 1 6 1 4 |1 4 13 2 8 1 5 20 1 1 10 5 1 4 1 1 |1 2 3 1 1 2 2 3 6 2 4 1 1 1 3 6 |2 10 2 5 2 2 1 13 7 2 2 3 2 8 2 1 |6 4 7 12 5 1 1 11 2 2 6 17 16 1 1 1 |1 1 1 1 4 2 7 12 4 2 5 3 5 1 4 8 |2 2 6 1 1 1 1 1 2 2 1 1 1 1 2 17 |1 2 4 16 9 1 1 6 2 2 16 1 6 12 3 1 |2 8 6 2 3 1 2 7 2 9 8 1 1 1 8 15 |8 1 1 5 1 1 1 8 4 2 9 2 2 6 18 15 |
1967: 1 11 1 1 2 1 9 2 7 1 1 2 6 1 3 8 |1 2 2 1 1 1 8 7 1 1 3 14 23 1 1 6 |7 1 1 2 11 9 15 4 3 1 1 5 1 4 1 3 |1 4 14 2 11 3 4 18 1 1 11 14 1 5 1 2 |1 1 1 1 1 1 1 3 7 11 3 2 1 7 1 1 |1 11 4 7 2 2 1 12 8 1 1 3 5 8 2 1 |1 5 8 11 3 1 1 10 1 4 1 13 3 1 1 1 |1 1 1 1 6 1 7 13 12 1 1 2 1 2 3 7 |2 2 6 1 1 1 1 1 2 2 1 1 1 1 2 17 |1 2 4 16 9 1 1 6 2 2 16 1 6 12 3 1 |2 8 6 2 3 1 2 7 2 9 8 1 1 1 8 15 |8 1 1 5 1 1 1 8 4 2 9 2 2 6 18 15 |
1978: 1 11 1 1 2 1 9 2 7 1 1 2 6 1 3 8 |1 2 2 1 1 1 8 7 1 1 3 14 23 1 1 6 |7 1 1 2 11 9 15 4 3 1 1 5 1 4 1 3 |1 4 14 2 11 3 4 18 1 1 11 14 1 5 1 2 |1 1 1 1 1 1 1 3 7 11 3 2 1 7 1 1 |1 11 4 7 2 2 1 12 8 1 1 3 5 8 2 1 |1 5 8 11 3 1 1 10 1 4 1 13 3 1 1 1 |1 1 1 1 6 1 7 13 12 1 1 2 1 2 3 7 |1 1 4 2 4 1 15 13 10 1 1 13 1 7 3 17 |1 3 4 1 10 2 1 8 1 1 7 1 5 18 3 1 |2 1 7 1 15 14 2 6 2 8 7 1 1 1 1 16 |8 1 1 5 1 7 6 7 5 1 10 1 2 5 17 16 |
1988: 1 11 1 1 2 1 9 2 7 1 1 2 6 1 3 8 |1 2 2 1 1 1 8 7 1 1 3 14 23 1 1 6 |7 1 1 2 11 9 15 4 3 1 1 5 1 4 1 3 |1 4 14 2 11 3 4 18 1 1 11 14 1 5 1 2 |1 1 1 1 1 1 1 3 7 11 3 2 1 7 1 1 |1 11 4 7 2 2 1 12 8 1 1 3 5 8 2 1 |1 5 8 11 3 1 1 10 1 4 1 13 3 1 1 1 |1 1 1 1 6 1 7 13 12 1 1 2 1 2 3 7 |1 1 4 2 4 1 15 13 10 1 1 13 1 7 3 17 |1 3 4 1 10 2 1 8 1 1 7 1 5 18 3 1 |2 1 7 1 15 14 2 6 2 8 7 1 1 1 1 16 |8 1 1 5 1 7 6 7 5 1 10 1 2 5 17 16 |
1999: 2 8 1 1 1 1 9 3 6 1 1 2 6 1 3 8 |3 7 2 1 1 2 4 1 1 1 3 13 22 1 1 6 |7 2 14 2 1 1 15 1 3 1 2 2 5 5 1 2 |1 4 15 3 10 4 3 20 1 1 9 8 1 1 1 1 |1 5 1 1 1 3 1 3 7 6 7 3 1 1 1 1 |1 4 2 6 3 4 1 11 9 1 1 3 2 8 1 1 |7 1 22 9 4 1 1 11 1 1 14 16 10 1 1 1 |1 1 1 1 3 1 1 8 2 4 7 1 5 1 1 8 |1 1 4 2 4 1 15 13 10 1 1 13 1 7 3 17 |1 3 4 1 10 2 1 8 1 1 7 1 5 18 3 1 |2 1 7 1 15 14 2 6 2 8 7 1 1 1 1 16 |8 1 1 5 1 7 6 7 5 1 10 1 2 5 17 16 |
2010: 2 8 1 1 1 1 9 3 6 1 1 2 6 1 3 8 |3 7 2 1 1 2 4 1 1 1 3 13 22 1 1 6 |7 2 14 2 1 1 15 1 3 1 2 2 5 5 1 2 |1 4 15 3 10 4 3 20 1 1 9 8 1 1 1 1 |1 5 1 1 1 3 1 3 7 6 7 3 1 1 1 1 |1 4 2 6 3 4 1 11 9 1 1 3 2 8 1 1 |7 1 22 9 4 1 1 11 1 1 14 16 10 1 1 1 |1 1 1 1 3 1 1 8 2 4 7 1 5 1 1 8 |2 1 6 1 1 1 15 13 11 1 1 13 2 6 3 10 |1 2 7 1 11 6 1 7 1 2 16 1 5 12 14 1 |1 7 6 2 2 2 2 7 1 18 7 1 1 1 8 15 |12 1 1 6 1 7 1 1 5 1 9 1 2 5 18 15 |
2021: 2 8 1 1 1 1 9 3 6 1 1 2 6 1 3 8 |3 7 2 1 1 2 4 1 1 1 3 13 22 1 1 6 |7 2 14 2 1 1 15 1 3 1 2 2 5 5 1 2 |1 4 15 3 10 4 3 20 1 1 9 8 1 1 1 1 |1 5 1 1 1 3 1 3 7 6 7 3 1 1 1 1 |1 4 2 6 3 4 1 11 9 1 1 3 2 8 1 1 |7 1 22 9 4 1 1 11 1 1 14 16 10 1 1 1 |1 1 1 1 3 1 1 8 2 4 7 1 5 1 1 8 |2 1 6 1 1 1 15 13 11 1 1 13 2 6 3 10 |1 2 7 1 11 6 1 7 1 2 16 1 5 12 14 1 |1 7 6 2 2 2 2 7 1 18 7 1 1 1 8 15 |12 1 1 6 1 7 1 1 5 1 9 1 2 5 18 15 |
2032: 2 3 1 1 1 3 10 3 6 1 1 2 6 1 5 5 |1 1 1 1 1 1 9 4 1 1 3 12 11 1 1 5 |7 1 14 2 11 8 14 1 1 2 1 5 7 4 1 3 |1 3 14 2 7 4 5 21 1 5 8 8 1 3 1 2 |1 4 1 1 1 2 1 2 2 11 9 4 1 1 1 1 |1 10 2 6 2 2 1 13 3 2 1 3 6 1 3 1 |7 1 22 9 4 1 1 11 1 1 14 16 10 1 1 1 |1 1 1 1 3 1 1 8 2 4 7 1 5 1 1 8 |2 1 6 1 1 1 15 13 11 1 1 13 2 6 3 10 |1 2 7 1 11 6 1 7 1 2 16 1 5 12 14 1 |1 7 6 2 2 2 2 7 1 18 7 1 1 1 8 15 |12 1 1 6 1 7 1 1 5 1 9 1 2 5 18 15 |
2043: 2 3 1 1 1 3 10 3 6 1 1 2 6 1 5 5 |1 1 1 1 1 1 9 4 1 1 3 12 11 1 1 5 |7 1 14 2 11 8 14 1 1 2 1 5 7 4 1 3 |1 3 14 2 7 4 5 21 1 5 8 8 1 3 1 2 |1 4 1 1 1 2 1 2 2 11 9 4 1 1 1 1 |1 10 2 6 2 2 1 13 3 2 1 3 6 1 3 1 |7 3 6 12 6 1 1 11 1 1 9 18 16 1 1 1 |1 1 2 2 4 2 7 13 12 1 5 2 1 1 4 7 |2 1 7 2 4 1 16 8 6 2 1 1 2 6 2 10 |1 3 4 1 1 1 1 7 2 2 16 1 6 12 3 1 |1 7 6 6 2 1 2 7 3 8 8 1 1 1 1 17 |7 1 1 5 1 1 1 7 1 1 8 1 1 5 18 15 |
2054: 2 3 1 1 1 3 10 3 6 1 1 2 6 1 5 5 |1 1 1 1 1 1 9 4 1 1 3 12 11 1 1 5 |7 1 14 2 11 8 14 1 1 2 1 5 7 4 1 3 |1 3 14 2 7 4 5 21 1 5 8 8 1 3 1 2 |1 4 1 1 1 2 1 2 2 11 9 4 1 1 1 1 |1 10 2 6 2 2 1 13 3 2 1 3 6 1 3 1 |7 3 6 12 6 1 1 11 1 1 9 18 16 1 1 1 |1 1 2 2 4 2 7 13 12 1 5 2 1 1 4 7 |2 1 7 2 4 1 16 8 6 2 1 1 2 6 2 10 |1 3 4 1 1 1 1 7 2 2 16 1 6 12 3 1 |1 7 6 6 2 1 2 7 3 8 8 1 1 1 1 17 |7 1 1 5 1 1 1 7 1 1 8 1 1 5 18 15 |
2065: 1 11 2 1 1 1 10 1 6 1 1 1 6 1 16 11 |1 1 2 1 1 1 9 7 1 1 3 12 23 1 1 5 |6 1 1 2 11 9 14 1 3 3 1 5 1 6 1 3 |1 6 13 2 11 4 1 26 1 1 3 14 1 1 1 2 |1 1 3 1 1 3 1 3 7 2 2 3 2 1 1 1 |2 6 1 1 2 4 1 1 11 2 1 3 6 7 3 1 |1 5 8 11 4 1 1 10 1 3 6 14 11 1 1 1 |1 1 2 2 4 2 7 13 12 1 5 2 1 1 4 7 |2 1 7 2 4 1 16 8 6 2 1 1 2 6 2 10 |1 3 4 1 1 1 1 7 2 2 16 1 6 12 3 1 |1 7 6 6 2 1 2 7 3 8 8 1 1 1 1 17 |7 1 1 5 1 1 1 7 1 1 8 1 1 5 18 15 |
2076: 1 11 2 1 1 1 10 1 6 1 1 1 6 1 16 11 |1 1 2 1 1 1 9 7 1 1 3 12 23 1 1 5 |6 1 1 2 11 9 14 1 3 3 1 5 1 6 1 3 |1 6 13 2 11 4 1 26 1 1 3 14 1 1 1 2 |1 1 3 1 1 3 1 3 7 2 2 3 2 1 1 1 |2 6 1 1 2 4 1 1 11 2 1 3 6 7 3 1 |1 5 8 11 4 1 1 10 1 3 6 14 11 1 1 1 |1 1 1 1 5 1 6 14 8 2 5 2 5 1 4 7 |1 4 5 2 5 1 15 13 10 3 2 6 3 12 1 16 |1 2 7 3 11 1 1 7 2 2 14 1 5 13 3 1 |1 7 7 1 15 1 2 7 1 18 19 1 1 1 1 16 |5 1 1 6 1 1 1 7 5 1 9 6 1 1 13 16 |
2087: 1 11 2 1 1 1 10 1 6 1 1 1 6 1 16 11 |1 1 2 1 1 1 9 7 1 1 3 12 23 1 1 5 |6 1 1 2 11 9 14 1 3 3 1 5 1 6 1 3 |1 6 13 2 11 4 1 26 1 1 3 14 1 1 1 2 |1 1 3 1 1 3 1 3 7 2 2 3 2 1 1 1 |2 6 1 1 2 4 1 1 11 2 1 3 6 7 3 1 |1 5 8 11 4 1 1 10 1 3 6 14 11 1 1 1 |1 1 1 1 5 1 6 14 8 2 5 2 5 1 4 7 |1 4 5 2 5 1 15 13 10 3 2 6 3 12 1 16 |1 2 7 3 11 1 1 7 2 2 14 1 5 13 3 1 |1 7 7 1 15 1 2 7 1 18 19 1 1 1 1 16 |5 1 1 6 1 1 1 7 5 1 9 6 1 1 13 16 |
2098: 1 4 1 1 1 2 4 1 1 1 1 2 6 1 3 9 |9 6 2 1 1 2 7 15 1 1 4 16 16 1 2 5 |9 5 14 2 1 8 16 6 8 6 1 4 3 6 1 3 |1 5 17 3 10 4 6 22 1 6 9 5 1 1 1 2 |1 6 1 1 1 1 3 3 7 3 7 2 1 7 1 1 |2 6 1 1 2 4 1 1 11 2 1 3 6 7 3 1 |1 5 8 11 4 1 1 10 1 3 6 14 11 1 1 1 |1 1 1 1 5 1 6 14 8 2 5 2 5 1 4 7 |1 4 5 2 5 1 15 13 10 3 2 6 3 12 1 16 |1 2 7 3 11 1 1 7 2 2 14 1 5 13 3 1 |1 7 7 1 15 1 2 7 1 18 19 1 1 1 1 16 |5 1 1 6 1 1 1 7 5 1 9 6 1 1 13 16 |
2109: 1 4 1 1 1 2 4 1 1 1 1 2 6 1 3 9 |9 6 2 1 1 2 7 15 1 1 4 16 16 1 2 5 |9 5 14 2 1 8 16 6 8 6 1 4 3 6 1 3 |1 5 17 3 10 4 6 22 1 6 9 5 1 1 1 2 |1 6 1 1 1 1 3 3 7 3 7 2 1 7 1 1 |1 10 1 6 1 4 1 12 10 1 1 1 1 8 2 1 |8 1 21 10 5 1 1 11 1 1 1 16 15 1 1 2 |1 1 1 1 4 1 9 14 12 4 5 2 5 1 1 9 |3 2 10 1 1 1 15 1 16 1 1 6 2 1 2 16 |1 3 7 3 11 6 1 7 1 4 17 1 6 12 3 1 |1 7 1 7 2 1 2 8 1 17 19 1 1 1 1 16 |20 1 1 8 1 2 1 7 1 2 9 3 2 6 17 15 |
2120: 1 4 1 1 1 2 4 1 1 1 1 2 6 1 3 9 |9 6 2 1 1 2 7 15 1 1 4 16 16 1 2 5 |9 5 14 2 1 8 16 6 8 6 1 4 3 6 1 3 |1 5 17 3 10 4 6 22 1 6 9 5 1 1 1 2 |1 6 1 1 1 1 3 3 7 3 7 2 1 7 1 1 |1 10 1 6 1 4 1 12 10 1 1 1 1 8 2 1 |8 1 21 10 5 1 1 11 1 1 1 16 15 1 1 2 |1 1 1 1 4 1 9 14 12 4 5 2 5 1 1 9 |3 2 10 1 1 1 15 1 16 1 1 6 2 1 2 16 |1 3 7 3 11 6 1 7 1 4 17 1 6 12 3 1 |1 7 1 7 2 1 2 8 1 17 19 1 1 1 1 16 |20 1 1 8 1 2 1 7 1 2 9 3 2 6 17 15 |
2153: 2 10 1 1 2 2 9 1 1 3 1 1 8 3 16 22 |8 3 2 1 1 1 1 2 5 1 1 2 25 1 4 11 |9 5 14 2 1 8 16 6 8 6 1 4 3 6 1 3 |1 5 17 3 10 4 6 22 1 6 9 5 1 1 1 2 |1 6 1 1 1 1 3 3 7 3 7 2 1 7 1 1 |1 10 1 6 1 4 1 12 10 1 1 1 1 8 2 1 |8 1 21 10 5 1 1 11 1 1 1 16 15 1 1 2 |1 1 1 1 4 1 9 14 12 4 5 2 5 1 1 9 |3 2 10 1 1 1 15 1 16 1 1 6 2 1 2 16 |1 3 7 3 11 6 1 7 1 4 17 1 6 12 3 1 |1 7 1 7 2 1 2 8 1 17 19 1 1 1 1 16 |20 1 1 8 1 2 1 7 1 2 9 3 2 6 17 15 |
2164: 2 10 1 1 2 2 9 1 1 3 1 1 8 3 16 22 |8 3 2 1 1 1 1 2 5 1 1 2 25 1 4 11 |8 3 14 2 10 9 16 1 1 1 1 5 5 2 1 2 |1 6 13 3 11 3 5 17 1 11 12 15 6 6 1 2 |1 1 1 1 1 3 3 3 7 7 8 2 6 1 1 1 |2 11 3 6 1 2 1 12 9 3 2 1 4 1 4 1 |1 4 8 12 3 1 1 10 1 1 5 14 9 9 1 1 |2 1 1 2 1 2 1 8 5 4 5 3 6 2 2 1 |2 2 7 1 2 1 16 1 6 2 2 11 1 5 3 14 |1 3 6 2 11 6 1 7 1 3 15 1 1 17 10 1 |3 1 1 2 3 13 2 2 3 17 11 1 1 3 2 15 |20 1 1 8 1 2 1 7 1 2 9 3 2 6 17 15 |
2175: 2 10 1 1 2 2 9 1 1 3 1 1 8 3 16 22 |8 3 2 1 1 1 1 2 5 1 1 2 25 1 4 11 |8 3 14 2 10 9 16 1 1 1 1 5 5 2 1 2 |1 6 13 3 11 3 5 17 1 11 12 15 6 6 1 2 |1 1 1 1 1 3 3 3 7 7 8 2 6 1 1 1 |2 11 3 6 1 2 1 12 9 3 2 1 4 1 4 1 |1 4 8 12 3 1 1 10 1 1 5 14 9 9 1 1 |2 1 1 2 1 2 1 8 5 4 5 3 6 2 2 1 |2 2 7 1 2 1 16 1 6 2 2 11 1 5 3 14 |1 3 6 2 11 6 1 7 1 3 15 1 1 17 10 1 |3 1 1 2 3 13 2 2 3 17 11 1 1 3 2 15 |9 1 1 7 1 7 6 1 2 3 2 7 1 9 18 19 |
2186: 2 10 1 1 2 2 6 1 1 3 1 1 1 1 4 9 |8 5 2 1 3 1 1 1 1 1 4 13 23 1 1 5 |10 14 17 13 9 9 16 8 2 1 1 1 1 6 1 2 |1 6 13 3 11 3 5 17 1 11 12 15 6 6 1 2 |1 1 1 1 1 3 3 3 7 7 8 2 6 1 1 1 |2 11 3 6 1 2 1 12 9 3 2 1 4 1 4 1 |1 4 8 12 3 1 1 10 1 1 5 14 9 9 1 1 |2 1 1 2 1 2 1 8 5 4 5 3 6 2 2 1 |2 2 7 1 2 1 16 1 6 2 2 11 1 5 3 14 |1 3 6 2 11 6 1 7 1 3 15 1 1 17 10 1 |3 1 1 2 3 13 2 2 3 17 11 1 1 3 2 15 |9 1 1 7 1 7 6 1 2 3 2 7 1 9 18 19 |
2197: 2 10 1 1 2 2 6 1 1 3 1 1 1 1 4 9 |8 5 2 1 3 1 1 1 1 1 4 13 23 1 1 5 |10 14 17 13 9 9 16 8 2 1 1 1 1 6 1 2 |1 6 14 1 1 5 11 21 1 6 9 3 1 1 1 1 |1 1 1 1 5 3 1 3 3 12 3 3 5 1 1 2 |1 20 3 7 3 3 1 1 10 2 1 2 5 7 3 1 |7 5 9 1 6 1 1 10 1 1 14 16 15 1 1 1 |2 13 1 1 6 1 1 14 17 2 4 2 6 1 4 7 |1 9 6 2 4 1 15 13 13 3 2 17 2 7 4 16 |1 1 2 2 2 1 1 7 3 2 16 1 7 13 14 1 |2 1 1 7 15 8 2 8 1 18 8 1 2 1 1 16 |13 1 1 6 1 7 7 10 13 3 11 6 1 1 19 16 |
2208: 2 10 1 1 2 2 6 1 1 3 1 1 1 1 4 9 |8 5 2 1 3 1 1 1 1 1 4 13 23 1 1 5 |10 14 17 13 9 9 16 8 2 1 1 1 1 6 1 2 |1 6 14 1 1 5 11 21 1 6 9 3 1 1 1 1 |1 1 1 1 5 3 1 3 3 12 3 3 5 1 1 2 |1 20 3 7 3 3 1 1 10 2 1 2 5 7 3 1 |7 5 9 1 6 1 1 10 1 1 14 16 15 1 1 1 |2 13 1 1 6 1 1 14 17 2 4 2 6 1 4 7 |1 9 6 2 4 1 15 13 13 3 2 17 2 7 4 16 |1 1 2 2 2 1 1 7 3 2 16 1 7 13 14 1 |2 1 1 7 15 8 2 8 1 18 8 1 2 1 1 16 |13 1 1 6 1 7 7 10 13 3 11 6 1 1 19 16 |
2219: 2 1 1 1 1 1 10 3 7 2 1 3 8 1 9 17 |1 6 2 1 2 2 9 2 1 1 1 15 18 1 1 1 |9 7 15 12 9 1 17 7 3 1 1 1 1 6 1 5 |1 6 14 1 1 5 11 21 1 6 9 3 1 1 1 1 |1 1 1 1 5 3 1 3 3 12 3 3 5 1 1 2 |1 20 3 7 3 3 1 1 10 2 1 2 5 7 3 1 |7 5 9 1 6 1 1 10 1 1 14 16 15 1 1 1 |2 13 1 1 6 1 1 14 17 2 4 2 6 1 4 7 |1 9 6 2 4 1 15 13 13 3 2 17 2 7 4 16 |1 1 2 2 2 1 1 7 3 2 16 1 7 13 14 1 |2 1 1 7 15 8 2 8 1 18 8 1 2 1 1 16 |13 1 1 6 1 7 7 10 13 3 11 6 1 1 19 16 |
2229: 2 1 1 1 1 1 10 3 7 2 1 3 8 1 9 17 |1 6 2 1 2 2 9 2 1 1 1 15 18 1 1 1 |9 7 15 12 9 1 17 7 3 1 1 1 1 6 1 5 |1 11 15 1 1 4 1 20 1 11 9 8 1 1 1 2 |1 6 1 1 1 1 2 3 7 11 9 4 4 1 1 1 |1 12 3 8 3 1 1 1 11 1 1 1 1 8 3 1 |7 5 15 1 6 1 1 11 1 1 14 10 3 1 1 1 |2 1 1 1 5 1 7 14 12 1 5 2 6 1 3 8 |2 2 4 2 1 1 15 13 13 1 2 17 2 11 4 16 |1 3 7 2 12 5 1 9 1 2 8 1 6 12 15 1 |2 1 1 7 15 8 2 8 1 18 8 1 2 1 1 16 |13 1 1 6 1 7 7 10 13 3 11 6 1 1 19 16 |
2240: 2 1 1 1 1 1 10 3 7 2 1 3 8 1 9 17 |1 6 2 1 2 2 9 2 1 1 1 15 18 1 1 1 |9 7 15 12 9 1 17 7 3 1 1 1 1 6 1 5 |1 11 15 1 1 4 1 20 1 11 9 8 1 1 1 2 |1 6 1 1 1 1 2 3 7 11 9 4 4 1 1 1 |1 12 3 8 3 1 1 1 11 1 1 1 1 8 3 1 |7 5 15 1 6 1 1 11 1 1 14 10 3 1 1 1 |2 1 1 1 5 1 7 14 12 1 5 2 6 1 3 8 |2 2 4 2 1 1 15 13 13 1 2 17 2 11 4 16 |1 3 7 2 12 5 1 9 1 2 8 1 6 12 15 1 |3 1 8 9 1 15 1 7 1 17 19 1 16 1 1 1 |13 7 3 6 1 7 1 1 5 3 9 8 3 6 19 8 |
2251: 2 4 4 1 1 1 9 1 1 1 1 1 1 1 19 14 |8 3 1 1 1 1 1 1 1 1 3 13 23 1 1 6 |9 14 15 13 9 8 16 7 3 1 1 1 7 7 1 4 |1 11 15 1 1 4 1 20 1 11 9 8 1 1 1 2 |1 6 1 1 1 1 2 3 7 11 9 4 4 1 1 1 |1 12 3 8 3 1 1 1 11 1 1 1 1 8 3 1 |7 5 15 1 6 1 1 11 1 1 14 10 3 1 1 1 |2 1 1 1 5 1 7 14 12 1 5 2 6 1 3 8 |2 2 4 2 1 1 15 13 13 1 2 17 2 11 4 16 |1 3 7 2 12 5 1 9 1 2 8 1 6 12 15 1 |3 1 8 9 1 15 1 7 1 17 19 1 16 1 1 1 |13 7 3 6 1 7 1 1 5 3 9 8 3 6 19 8 |
2262: 2 4 4 1 1 1 9 1 1 1 1 1 1 1 19 14 |8 3 1 1 1 1 1 1 1 1 3 13 23 1 1 6 |9 14 15 13 9 8 16 7 3 1 1 1 7 7 1 4 |1 5 15 1 10 1 1 20 1 7 10 15 1 1 1 2 |1 7 1 1 1 2 3 3 7 12 9 5 4 1 1 13 |1 12 2 7 3 1 1 11 11 1 1 1 1 1 1 1 |7 5 17 9 6 1 1 11 1 1 16 17 16 1 1 1 |2 12 1 1 6 2 7 13 18 1 6 3 5 1 4 8 |4 8 7 2 3 2 15 1 17 1 1 13 1 3 1 5 |1 3 4 4 1 1 1 8 1 4 17 1 6 17 15 1 |4 1 9 9 15 8 1 4 4 17 8 1 16 2 15 10 |13 7 3 6 1 7 1 1 5 3 9 8 3 6 19 8 |
2273: 2 4 4 1 1 1 9 1 1 1 1 1 1 1 19 14 |8 3 1 1 1 1 1 1 1 1 3 13 23 1 1 6 |9 14 15 13 9 8 16 7 3 1 1 1 7 7 1 4 |1 5 15 1 10 1 1 20 1 7 10 15 1 1 1 2 |1 7 1 1 1 2 3 3 7 12 9 5 4 1 1 13 |1 12 2 7 3 1 1 11 11 1 1 1 1 1 1 1 |7 5 17 9 6 1 1 11 1 1 16 17 16 1 1 1 |2 12 1 1 6 2 7 13 18 1 6 3 5 1 4 8 |4 8 7 2 3 2 15 1 17 1 1 13 1 3 1 5 |1 3 4 4 1 1 1 8 1 4 17 1 6 17 15 1 |4 1 9 9 15 8 1 4 4 17 8 1 16 2 15 10 |13 1 1 7 1 8 7 7 6 2 10 6 1 1 19 9 |
2284: 2 3 1 1 1 1 11 1 1 3 1 1 7 3 26 15 |8 5 2 1 1 1 1 1 1 1 4 13 12 1 1 6 |11 17 15 6 12 3 17 10 3 1 1 1 6 7 1 3 |1 6 14 3 12 1 2 22 1 6 9 10 1 1 1 2 |1 7 1 1 1 2 3 3 7 12 9 5 4 1 1 13 |1 12 2 7 3 1 1 11 11 1 1 1 1 1 1 1 |7 5 17 9 6 1 1 11 1 1 16 17 16 1 1 1 |2 12 1 1 6 2 7 13 18 1 6 3 5 1 4 8 |4 8 7 2 3 2 15 1 17 1 1 13 1 3 1 5 |1 3 4 4 1 1 1 8 1 4 17 1 6 17 15 1 |4 1 9 9 15 8 1 4 4 17 8 1 16 2 15 10 |13 1 1 7 1 8 7 7 6 2 10 6 1 1 19 9 |
2295: 2 3 1 1 1 1 11 1 1 3 1 1 7 3 26 15 |8 5 2 1 1 1 1 1 1 1 4 13 12 1 1 6 |11 17 15 6 12 3 17 10 3 1 1 1 6 7 1 3 |1 6 14 3 12 1 2 22 1 6 9 10 1 1 1 2 |1 7 1 16 4 1 1 4 7 12 15 4 4 1 1 2 |1 18 3 8 3 1 1 12 11 1 1 1 1 1 1 1 |7 5 22 4 6 1 1 11 1 1 15 10 17 1 1 2 |1 13 1 1 6 1 7 14 17 1 6 2 6 1 5 8 |7 1 10 1 1 1 18 9 4 3 4 18 1 4 4 15 |1 2 9 3 1 1 1 7 1 4 16 6 6 18 16 8 |3 1 11 16 8 15 1 7 1 18 20 1 16 1 14 6 |13 1 1 7 1 8 7 7 6 2 10 6 1 1 19 9 |
2306: 2 3 1 1 1 1 11 1 1 3 1 1 7 3 26 15 |8 5 2 1 1 1 1 1 1 1 4 13 12 1 1 6 |11 17 15 6 12 3 17 10 3 1 1 1 6 7 1 3 |1 6 14 3 12 1 2 22 1 6 9 10 1 1 1 2 |1 7 1 16 4 1 1 4 7 12 15 4 4 1 1 2 |1 18 3 8 3 1 1 12 11 1 1 1 1 1 1 1 |7 5 22 4 6 1 1 11 1 1 15 10 17 1 1 2 |1 13 1 1 6 1 7 14 17 1 6 2 6 1 5 8 |7 1 10 1 1 1 18 9 4 3 4 18 1 4 4 15 |1 2 9 3 1 1 1 7 1 4 16 6 6 18 16 8 |3 1 11 16 8 15 1 7 1 18 20 1 16 1 14 6 |19 1 1 7 1 8 1 1 13 7 2 7 1 1 20 10 |
2317: 2 11 1 1 1 1 1 4 7 2 1 2 6 2 19 17 |9 6 1 1 1 1 8 1 5 1 4 14 25 1 1 19 |11 17 15 6 12 3 17 10 3 1 1 1 6 7 1 3 |1 6 14 3 12 1 2 22 1 6 9 10 1 1 1 2 |1 7 1 16 4 1 1 4 7 12 15 4 4 1 1 2 |1 18 3 8 3 1 1 12 11 1 1 1 1 1 1 1 |7 5 22 4 6 1 1 11 1 1 15 10 17 1 1 2 |1 13 1 1 6 1 7 14 17 1 6 2 6 1 5 8 |7 1 10 1 1 1 18 9 4 3 4 18 1 4 4 15 |1 2 9 3 1 1 1 7 1 4 16 6 6 18 16 8 |3 1 11 16 8 15 1 7 1 18 20 1 16 1 14 6 |19 1 1 7 1 8 1 1 13 7 2 7 1 1 20 10 |
2328: 2 11 1 1 1 1 1 4 7 2 1 2 6 2 19 17 |9 6 1 1 1 1 8 1 5 1 4 14 25 1 1 19 |11 15 15 13 9 1 16 9 3 1 1 1 8 1 1 6 |1 11 12 3 12 1 1 22 1 6 10 9 1 1 1 1 |1 1 1 8 1 1 2 4 7 12 9 1 1 1 1 2 |2 11 1 6 3 1 1 14 9 1 1 3 6 8 3 1 |10 12 9 12 5 1 1 11 1 1 12 17 16 1 1 1 |2 2 1 1 6 1 7 13 17 2 6 4 6 1 4 8 |3 8 10 2 1 1 15 1 20 6 2 18 4 11 4 10 |1 2 9 8 12 7 2 1 3 2 16 1 7 17 15 1 |3 1 11 16 8 15 1 7 1 18 20 1 16 1 14 6 |19 1 1 7 1 8 1 1 13 7 2 7 1 1 20 10 |
2339: 2 11 1 1 1 1 1 4 7 2 1 2 6 2 19 17 |9 6 1 1 1 1 8 1 5 1 4 14 25 1 1 19 |11 15 15 13 9 1 16 9 3 1 1 1 8 1 1 6 |1 11 12 3 12 1 1 22 1 6 10 9 1 1 1 1 |1 1 1 8 1 1 2 4 7 12 9 1 1 1 1 2 |2 11 1 6 3 1 1 14 9 1 1 3 6 8 3 1 |10 12 9 12 5 1 1 11 1 1 12 17 16 1 1 1 |2 2 1 1 6 1 7 13 17 2 6 4 6 1 4 8 |3 8 10 2 1 1 15 1 20 6 2 18 4 11 4 10 |1 2 9 8 12 7 2 1 3 2 16 1 7 17 15 1 |1 1 9 14 14 14 1 6 3 17 20 1 14 1 1 7 |21 1 1 22 1 8 7 8 5 3 10 7 1 1 6 5 |
2350: 1 1 1 1 1 3 1 3 8 2 1 1 13 1 8 23 |9 7 1 1 2 1 1 2 1 2 1 15 20 1 1 19 |10 20 16 6 13 5 20 7 8 1 6 1 8 1 6 3 |1 11 12 3 12 1 1 22 1 6 10 9 1 1 1 1 |1 1 1 8 1 1 2 4 7 12 9 1 1 1 1 2 |2 11 1 6 3 1 1 14 9 1 1 3 6 8 3 1 |10 12 9 12 5 1 1 11 1 1 12 17 16 1 1 1 |2 2 1 1 6 1 7 13 17 2 6 4 6 1 4 8 |3 8 10 2 1 1 15 1 20 6 2 18 4 11 4 10 |1 2 9 8 12 7 2 1 3 2 16 1 7 17 15 1 |1 1 9 14 14 14 1 6 3 17 20 1 14 1 1 7 |21 1 1 22 1 8 7 8 5 3 10 7 1 1 6 5 |
2361: 1 1 1 1 1 3 1 3 8 2 1 1 13 1 8 23 |9 7 1 1 2 1 1 2 1 2 1 15 20 1 1 19 |10 20 16 6 13 5 20 7 8 1 6 1 8 1 6 3 |1 6 14 5 12 2 2 23 1 6 12 18 1 1 1 1 |1 8 1 1 4 2 3 3 7 11 11 1 13 1 1 2 |2 17 1 5 1 1 1 13 9 1 1 1 7 1 1 1 |8 5 6 2 6 1 1 11 1 1 17 10 16 1 1 1 |5 7 1 1 1 3 8 10 6 4 20 1 1 1 1 11 |3 8 6 2 2 2 16 1 19 6 2 17 1 4 4 12 |1 3 9 3 12 7 1 8 1 4 17 2 7 18 15 8 |1 1 9 14 14 14 1 6 3 17 20 1 14 1 1 7 |21 1 1 22 1 8 7 8 5 3 10 7 1 1 6 5 |
2372: 1 1 1 1 1 3 1 3 8 2 1 1 13 1 8 23 |9 7 1 1 2 1 1 2 1 2 1 15 20 1 1 19 |10 20 16 6 13 5 20 7 8 1 6 1 8 1 6 3 |1 6 14 5 12 2 2 23 1 6 12 18 1 1 1 1 |1 8 1 1 4 2 3 3 7 11 11 1 13 1 1 2 |2 17 1 5 1 1 1 13 9 1 1 1 7 1 1 1 |8 5 6 2 6 1 1 11 1 1 17 10 16 1 1 1 |5 7 1 1 1 3 8 10 6 4 20 1 1 1 1 11 |3 8 6 2 2 2 16 1 19 6 2 17 1 4 4 12 |1 3 9 3 12 7 1 8 1 4 17 2 7 18 15 8 |4 2 8 14 15 13 1 3 4 18 20 1 17 2 16 13 |20 1 1 7 1 8 7 3 6 3 10 8 1 1 20 17 |
2383: 2 8 3 1 1 2 8 5 8 1 1 1 13 1 18 23 |9 7 1 1 2 1 1 2 1 2 1 15 20 1 1 19 |10 20 16 6 13 5 20 7 8 1 6 1 8 1 6 3 |1 6 14 5 12 2 2 23 1 6 12 18 1 1 1 1 |1 8 1 1 4 2 3 3 7 11 11 1 13 1 1 2 |2 17 1 5 1 1 1 13 9 1 1 1 7 1 1 1 |8 5 6 2 6 1 1 11 1 1 17 10 16 1 1 1 |5 7 1 1 1 3 8 10 6 4 20 1 1 1 1 11 |3 8 6 2 2 2 16 1 19 6 2 17 1 4 4 12 |1 3 9 3 12 7 1 8 1 4 17 2 7 18 15 8 |4 2 8 14 15 13 1 3 4 18 20 1 17 2 16 13 |20 1 1 7 1 8 7 3 6 3 10 8 1 1 20 17 |
2394: 2 8 3 1 1 2 8 5 8 1 1 1 13 1 18 23 |9 6 1 1 2 1 1 3 6 1 4 14 21 1 8 14 |5 22 13 6 12 3 6 6 8 1 6 1 8 1 1 5 |1 6 17 2 12 4 3 24 1 12 13 16 1 7 1 2 |1 7 1 13 6 1 2 4 7 12 9 1 1 9 1 2 |4 18 1 5 3 1 1 13 11 1 1 1 1 1 1 1 |7 5 18 1 1 1 1 11 1 1 15 16 17 1 1 1 |2 13 4 1 1 1 7 14 18 2 5 2 7 1 1 7 |3 7 7 1 1 2 1 2 18 3 2 11 4 7 5 16 |1 3 9 3 12 7 1 8 1 4 17 2 7 18 15 8 |4 2 8 14 15 13 1 3 4 18 20 1 17 2 16 13 |20 1 1 7 1 8 7 3 6 3 10 8 1 1 20 17 |
2405: 2 8 3 1 1 2 8 5 8 1 1 1 13 1 18 23 |9 6 1 1 2 1 1 3 6 1 4 14 21 1 8 14 |5 22 13 6 12 3 6 6 8 1 6 1 8 1 1 5 |1 6 17 2 12 4 3 24 1 12 13 16 1 7 1 2 |1 7 1 13 6 1 2 4 7 12 9 1 1 9 1 2 |4 18 1 5 3 1 1 13 11 1 1 1 1 1 1 1 |7 5 18 1 1 1 1 11 1 1 15 16 17 1 1 1 |2 13 4 1 1 1 7 14 18 2 5 2 7 1 1 7 |3 7 7 1 1 2 1 2 18 3 2 11 4 7 5 16 |1 2 8 3 12 7 1 8 1 5 17 6 1 20 12 1 |4 1 11 15 16 14 3 9 1 18 21 9 10 1 14 17 |22 1 1 7 1 8 2 2 14 7 12 14 7 13 18 26 |
2416: 3 11 1 1 1 2 1 3 8 1 1 1 13 1 18 23 |9 6 1 1 2 1 1 3 6 1 4 14 21 1 8 14 |5 22 13 6 12 3 6 6 8 1 6 1 8 1 1 5 |1 6 17 2 12 4 3 24 1 12 13 16 1 7 1 2 |1 7 1 13 6 1 2 4 7 12 9 1 1 9 1 2 |4 18 1 5 3 1 1 13 11 1 1 1 1 1 1 1 |7 5 18 1 1 1 1 11 1 1 15 16 17 1 1 1 |2 13 4 1 1 1 7 14 18 2 5 2 7 1 1 7 |3 7 7 1 1 2 1 2 18 3 2 11 4 7 5 16 |1 2 8 3 12 7 1 8 1 5 17 6 1 20 12 1 |4 1 11 15 16 14 3 9 1 18 21 9 10 1 14 17 |22 1 1 7 1 8 2 2 14 7 12 14 7 13 18 26 |
2427: 3 11 1 1 1 2 1 3 8 1 1 1 13 1 18 23 |7 3 1 1 3 1 14 3 6 3 4 14 19 1 7 19 |11 14 16 7 13 6 13 6 8 1 1 1 10 1 1 4 |1 11 11 1 10 1 2 21 1 11 10 15 1 1 1 1 |1 7 1 8 4 1 1 4 7 12 11 1 1 8 1 2 |2 12 1 11 1 1 1 13 11 1 2 1 8 1 1 1 |13 12 24 4 7 1 8 1 2 1 1 14 15 2 1 1 |2 13 3 1 2 1 8 12 18 11 5 2 7 1 5 10 |5 1 7 1 1 1 16 7 18 6 3 18 1 5 1 6 |1 2 8 3 12 7 1 8 1 5 17 6 1 20 12 1 |4 1 11 15 16 14 3 9 1 18 21 9 10 1 14 17 |22 1 1 7 1 8 2 2 14 7 12 14 7 13 18 26 |
2438: 3 11 1 1 1 2 1 3 8 1 1 1 13 1 18 23 |7 3 1 1 3 1 14 3 6 3 4 14 19 1 7 19 |11 14 16 7 13 6 13 6 8 1 1 1 10 1 1 4 |1 11 11 1 10 1 2 21 1 11 10 15 1 1 1 1 |1 7 1 8 4 1 1 4 7 12 11 1 1 8 1 2 |2 12 1 11 1 1 1 13 11 1 2 1 8 1 1 1 |13 12 24 4 7 1 8 1 2 1 1 14 15 2 1 1 |2 13 3 1 2 1 8 12 18 11 5 2 7 1 5 10 |5 1 7 1 1 1 16 7 18 6 3 18 1 5 1 6 |1 3 8 8 3 1 1 1 1 4 16 6 1 22 13 10 |1 1 10 15 18 14 1 8 1 19 22 10 16 3 18 42 |24 3 12 17 1 9 4 10 14 23 6 15 4 7 40 192 |
2449: 3 11 1 1 1 2 1 3 8 1 1 1 13 1 18 23 |7 3 1 1 3 1 14 3 6 3 4 14 19 1 7 19 |11 14 16 7 13 6 13 6 8 1 1 1 10 1 1 4 |1 11 11 1 10 1 2 21 1 11 10 15 1 1 1 1 |1 7 1 8 4 1 1 4 7 12 11 1 1 8 1 2 |2 12 1 11 1 1 1 13 11 1 2 1 8 1 1 1 |13 12 24 4 7 1 8 1 2 1 1 14 15 2 1 1 |2 13 3 1 2 1 8 12 18 11 5 2 7 1 5 10 |5 1 7 1 1 1 16 7 18 6 3 18 1 5 1 6 |1 3 8 8 3 1 1 1 1 4 16 6 1 22 13 10 |1 1 10 15 18 14 1 8 1 19 22 10 16 3 18 42 |24 3 12 17 1 9 4 10 14 23 6 15 4 7 40 192 |
2460: 1 10 1 1 1 8 1 1 1 1 1 1 14 8 25 18 |3 16 1 1 3 1 1 3 7 9 1 16 23 8 12 8 |12 20 16 7 1 1 9 9 9 6 7 1 8 5 9 1 |1 12 17 1 12 2 10 24 4 13 6 18 4 9 9 7 |1 14 7 14 6 1 3 4 8 17 9 1 14 10 1 10 |1 20 1 5 1 1 1 13 10 1 3 1 8 1 1 11 |8 5 4 3 1 1 1 11 1 1 16 10 18 1 1 10 |4 8 3 1 1 1 7 17 20 13 19 1 8 1 1 1 |5 1 7 1 1 1 16 7 18 6 3 18 1 5 1 6 |1 3 8 8 3 1 1 1 1 4 16 6 1 22 13 10 |1 1 10 15 18 14 1 8 1 19 22 10 16 3 18 42 |24 3 12 17 1 9 4 10 14 23 6 15 4 7 40 192 |
2471: 1 10 1 1 1 8 1 1 1 1 1 1 14 8 25 18 |3 16 1 1 3 1 1 3 7 9 1 16 23 8 12 8 |12 20 16 7 1 1 9 9 9 6 7 1 8 5 9 1 |1 12 17 1 12 2 10 24 4 13 6 18 4 9 9 7 |1 14 7 14 6 1 3 4 8 17 9 1 14 10 1 10 |1 20 1 5 1 1 1 13 10 1 3 1 8 1 1 11 |8 5 4 3 1 1 1 11 1 1 16 10 18 1 1 10 |4 8 3 1 1 1 7 17 20 13 19 1 8 1 1 1 |6 6 12 1 1 3 16 7 20 10 4 19 1 6 1 26 |8 1 19 8 4 1 1 1 1 1 17 8 5 22 18 16 |5 6 11 16 17 15 1 1 1 20 22 8 17 7 45 92 |20 8 6 16 1 1 1 10 16 12 4 12 5 13 111 273 |
2482: 4 11 1 1 1 9 12 1 1 1 5 1 14 8 7 13 |3 16 1 1 3 1 1 3 7 9 1 16 23 8 12 8 |12 20 16 7 1 1 9 9 9 6 7 1 8 5 9 1 |1 12 17 1 12 2 10 24 4 13 6 18 4 9 9 7 |1 14 7 14 6 1 3 4 8 17 9 1 14 10 1 10 |1 20 1 5 1 1 1 13 10 1 3 1 8 1 1 11 |8 5 4 3 1 1 1 11 1 1 16 10 18 1 1 10 |4 8 3 1 1 1 7 17 20 13 19 1 8 1 1 1 |6 6 12 1 1 3 16 7 20 10 4 19 1 6 1 26 |8 1 19 8 4 1 1 1 1 1 17 8 5 22 18 16 |5 6 11 16 17 15 1 1 1 20 22 8 17 7 45 92 |20 8 6 16 1 1 1 10 16 12 4 12 5 13 111 273 |
2493: 4 11 1 1 1 9 12 1 1 1 5 1 14 8 7 13 |9 7 1 1 8 1 7 10 8 4 1 16 23 7 7 8 |13 20 18 7 1 2 3 1 10 8 1 1 1 11 10 1 |1 7 17 2 9 6 10 23 1 12 13 17 7 10 8 8 |1 7 7 8 8 1 1 4 8 19 16 1 14 8 1 2 |1 20 1 6 1 5 7 13 4 6 3 4 7 11 7 10 |8 5 24 7 1 1 2 11 1 1 16 11 18 1 1 11 |3 16 4 1 1 1 7 14 20 12 19 1 7 3 1 1 |6 6 10 1 3 1 16 8 20 14 3 18 1 4 1 26 |7 3 9 9 1 13 1 8 1 4 12 10 5 14 19 19 |5 6 11 16 17 15 1 1 1 20 22 8 17 7 45 92 |20 8 6 16 1 1 1 10 16 12 4 12 5 13 111 273 |
2504: 4 11 1 1 1 9 12 1 1 1 5 1 14 8 7 13 |9 7 1 1 8 1 7 10 8 4 1 16 23 7 7 8 |13 20 18 7 1 2 3 1 10 8 1 1 1 11 10 1 |1 7 17 2 9 6 10 23 1 12 13 17 7 10 8 8 |1 7 7 8 8 1 1 4 8 19 16 1 14 8 1 2 |1 20 1 6 1 5 7 13 4 6 3 4 7 11 7 10 |8 5 24 7 1 1 2 11 1 1 16 11 18 1 1 11 |3 16 4 1 1 1 7 14 20 12 19 1 7 3 1 1 |6 6 10 1 3 1 16 8 20 14 3 18 1 4 1 26 |7 3 9 9 1 13 1 8 1 4 12 10 5 14 19 19 |1 6 1 23 10 16 1 1 1 21 17 9 22 9 84 140 |16 8 12 23 1 1 1 1 7 9 4 2 1 10 140 289 |
2515: 1 11 1 1 1 13 9 1 1 1 6 1 14 3 25 17 |9 7 1 1 8 1 7 10 8 4 1 16 23 7 7 8 |13 20 18 7 1 2 3 1 10 8 1 1 1 11 10 1 |1 7 17 2 9 6 10 23 1 12 13 17 7 10 8 8 |1 7 7 8 8 1 1 4 8 19 16 1 14 8 1 2 |1 20 1 6 1 5 7 13 4 6 3 4 7 11 7 10 |8 5 24 7 1 1 2 11 1 1 16 11 18 1 1 11 |3 16 4 1 1 1 7 14 20 12 19 1 7 3 1 1 |6 6 10 1 3 1 16 8 20 14 3 18 1 4 1 26 |7 3 9 9 1 13 1 8 1 4 12 10 5 14 19 19 |1 6 1 23 10 16 1 1 1 21 17 9 22 9 84 140 |16 8 12 23 1 1 1 1 7 9 4 2 1 10 140 289 |
2526: 1 11 1 1 1 13 9 1 1 1 6 1 14 3 25 17 |10 6 1 1 2 1 2 3 7 8 1 16 23 7 12 7 |11 15 16 6 1 2 11 9 11 8 11 3 10 9 8 6 |1 11 15 1 1 8 3 23 1 12 2 17 6 7 8 3 |1 7 1 8 6 1 2 5 8 16 16 1 12 8 1 10 |1 20 1 6 1 1 1 13 11 2 3 1 8 10 1 10 |10 14 24 4 1 1 2 11 1 1 3 5 18 1 2 11 |2 11 9 1 1 3 9 13 19 12 18 1 9 1 1 3 |6 6 7 1 3 2 20 8 18 4 4 18 4 19 9 25 |7 3 9 9 1 13 1 8 1 4 12 10 5 14 19 19 |1 6 1 23 10 16 1 1 1 21 17 9 22 9 84 140 |16 8 12 23 1 1 1 1 7 9 4 2 1 10 140 289 |
2537: 1 11 1 1 1 13 9 1 1 1 6 1 14 3 25 17 |10 6 1 1 2 1 2 3 7 8 1 16 23 7 12 7 |11 15 16 6 1 2 11 9 11 8 11 3 10 9 8 6 |1 11 15 1 1 8 3 23 1 12 2 17 6 7 8 3 |1 7 1 8 6 1 2 5 8 16 16 1 12 8 1 10 |1 20 1 6 1 1 1 13 11 2 3 1 8 10 1 10 |10 14 24 4 1 1 2 11 1 1 3 5 18 1 2 11 |2 11 9 1 1 3 9 13 19 12 18 1 9 1 1 3 |6 6 7 1 3 2 20 8 18 4 4 18 4 19 9 25 |6 3 14 1 8 1 1 1 1 4 12 9 6 12 20 17 |4 8 1 23 10 16 1 9 1 21 17 8 26 11 94 149 |14 8 5 28 2 7 9 1 8 24 12 2 7 18 145 288 |
2548: 2 11 1 1 1 1 1 1 1 2 3 1 13 1 26 17 |10 6 1 1 2 1 2 3 7 8 1 16 23 7 12 7 |11 15 16 6 1 2 11 9 11 8 11 3 10 9 8 6 |1 11 15 1 1 8 3 23 1 12 2 17 6 7 8 3 |1 7 1 8 6 1 2 5 8 16 16 1 12 8 1 10 |1 20 1 6 1 1 1 13 11 2 3 1 8 10 1 10 |10 14 24 4 1 1 2 11 1 1 3 5 18 1 2 11 |2 11 9 1 1 3 9 13 19 12 18 1 9 1 1 3 |6 6 7 1 3 2 20 8 18 4 4 18 4 19 9 25 |6 3 14 1 8 1 1 1 1 4 12 9 6 12 20 17 |4 8 1 23 10 16 1 9 1 21 17 8 26 11 94 149 |14 8 5 28 2 7 9 1 8 24 12 2 7 18 145 288 |
2559: 2 11 1 1 1 1 1 1 1 2 3 1 13 1 26 17 |9 3 1 14 1 1 1 3 7 4 1 16 22 1 8 8 |1 21 13 6 1 3 10 9 9 1 5 1 2 1 10 1 |1 13 13 1 9 8 3 25 1 12 13 17 6 8 1 10 |1 7 1 14 6 1 2 4 8 17 11 1 13 11 1 10 |3 17 1 6 1 1 1 14 4 1 3 1 8 11 1 11 |8 5 24 4 6 1 1 11 1 1 16 10 18 1 7 8 |4 6 14 1 1 1 7 15 20 16 18 1 8 2 1 10 |6 7 10 1 1 2 14 5 18 11 4 18 8 6 1 26 |6 3 14 1 8 1 1 1 1 4 12 9 6 12 20 17 |4 8 1 23 10 16 1 9 1 21 17 8 26 11 94 149 |14 8 5 28 2 7 9 1 8 24 12 2 7 18 145 288 |
2570: 2 11 1 1 1 1 1 1 1 2 3 1 13 1 26 17 |9 3 1 14 1 1 1 3 7 4 1 16 22 1 8 8 |1 21 13 6 1 3 10 9 9 1 5 1 2 1 10 1 |1 13 13 1 9 8 3 25 1 12 13 17 6 8 1 10 |1 7 1 14 6 1 2 4 8 17 11 1 13 11 1 10 |3 17 1 6 1 1 1 14 4 1 3 1 8 11 1 11 |8 5 24 4 6 1 1 11 1 1 16 10 18 1 7 8 |4 6 14 1 1 1 7 15 20 16 18 1 8 2 1 10 |6 7 10 1 1 2 14 5 18 11 4 18 8 6 1 26 |1 8 15 2 10 2 1 1 1 1 18 7 1 12 20 13 |1 1 1 10 16 12 4 3 1 21 16 9 23 5 94 148 |16 6 6 28 4 8 4 1 21 15 5 3 1 15 144 288 |
2581: 2 11 1 8 1 3 1 1 1 4 1 1 11 1 10 17 |9 6 1 1 1 1 2 3 7 4 1 16 23 3 12 8 |1 21 13 6 1 3 10 9 9 1 5 1 2 1 10 1 |1 13 13 1 9 8 3 25 1 12 13 17 6 8 1 10 |1 7 1 14 6 1 2 4 8 17 11 1 13 11 1 10 |3 17 1 6 1 1 1 14 4 1 3 1 8 11 1 11 |8 5 24 4 6 1 1 11 1 1 16 10 18 1 7 8 |4 6 14 1 1 1 7 15 20 16 18 1 8 2 1 10 |6 7 10 1 1 2 14 5 18 11 4 18 8 6 1 26 |1 8 15 2 10 2 1 1 1 1 18 7 1 12 20 13 |1 1 1 10 16 12 4 3 1 21 16 9 23 5 94 148 |16 6 6 28 4 8 4 1 21 15 5 3 1 15 144 288 |
2591: 2 11 1 8 1 3 1 1 1 4 1 1 11 1 10 17 |9 6 1 1 1 1 2 3 7 4 1 16 23 3 12 8 |12 22 15 3 13 7 10 9 8 1 6 1 2 1 9 1 |1 8 1 1 12 1 3 24 1 12 2 17 6 7 9 9 |1 7 1 16 7 2 12 1 9 17 16 1 13 11 1 6 |2 18 1 6 1 1 1 13 9 1 2 1 9 12 1 11 |8 5 24 6 6 1 2 11 1 1 3 8 6 1 1 11 |3 13 12 1 1 1 8 13 15 13 18 1 9 1 1 10 |6 7 10 1 1 2 14 5 18 11 4 18 8 6 1 26 |1 8 15 2 10 2 1 1 1 1 18 7 1 12 20 13 |1 1 1 10 16 12 4 3 1 21 16 9 23 5 94 148 |16 6 6 28 4 8 4 1 21 15 5 3 1 15 144 288 |
2602: 2 11 1 8 1 3 1 1 1 4 1 1 11 1 10 17 |9 6 1 1 1 1 2 3 7 4 1 16 23 3 12 8 |12 22 15 3 13 7 10 9 8 1 6 1 2 1 9 1 |1 8 1 1 12 1 3 24 1 12 2 17 6 7 9 9 |1 7 1 16 7 2 12 1 9 17 16 1 13 11 1 6 |2 18 1 6 1 1 1 13 9 1 2 1 9 12 1 11 |8 5 24 6 6 1 2 11 1 1 3 8 6 1 1 11 |3 13 12 1 1 1 8 13 15 13 18 1 9 1 1 10 |4 7 10 2 3 2 16 7 19 15 3 18 9 6 10 13 |6 3 15 8 1 13 4 1 1 1 2 11 7 13 25 13 |1 1 1 4 17 15 1 1 3 19 17 8 24 12 119 171 |16 7 10 23 2 1 1 10 11 14 7 15 11 22 147 288 |
2613: 2 2 1 1 1 1 8 1 1 3 1 1 13 3 24 18 |9 6 1 1 1 1 2 3 7 4 1 16 23 3 12 8 |12 22 15 3 13 7 10 9 8 1 6 1 2 1 9 1 |1 8 1 1 12 1 3 24 1 12 2 17 6 7 9 9 |1 7 1 16 7 2 12 1 9 17 16 1 13 11 1 6 |2 18 1 6 1 1 1 13 9 1 2 1 9 12 1 11 |8 5 24 6 6 1 2 11 1 1 3 8 6 1 1 11 |3 13 12 1 1 1 8 13 15 13 18 1 9 1 1 10 |4 7 10 2 3 2 16 7 19 15 3 18 9 6 10 13 |6 3 15 8 1 13 4 1 1 1 2 11 7 13 25 13 |1 1 1 4 17 15 1 1 3 19 17 8 24 12 119 171 |16 7 10 23 2 1 1 10 11 14 7 15 11 22 147 288 |
2624: 2 2 1 1 1 1 8 1 1 3 1 1 13 3 24 18 |10 6 4 7 1 1 1 11 8 8 4 14 23 3 8 9 |7 22 13 3 1 1 13 10 3 1 7 1 2 1 9 1 |1 7 1 4 12 9 10 15 1 12 13 19 5 7 1 11 |1 7 1 14 6 1 1 4 8 17 16 1 13 10 1 11 |1 18 1 6 1 1 7 15 10 2 4 1 9 11 1 1 |8 13 25 6 4 1 10 1 1 1 3 4 6 1 1 11 |3 8 5 1 2 3 9 13 19 12 19 1 10 3 1 1 |4 8 11 1 1 2 12 6 20 11 4 20 11 12 8 26 |1 2 16 6 3 1 1 1 1 1 18 4 3 15 15 12 |1 1 1 4 17 15 1 1 3 19 17 8 24 12 119 171 |16 7 10 23 2 1 1 10 11 14 7 15 11 22 147 288 |
2635: 2 2 1 1 1 1 8 1 1 3 1 1 13 3 24 18 |10 6 4 7 1 1 1 11 8 8 4 14 23 3 8 9 |7 22 13 3 1 1 13 10 3 1 7 1 2 1 9 1 |1 7 1 4 12 9 10 15 1 12 13 19 5 7 1 11 |1 7 1 14 6 1 1 4 8 17 16 1 13 10 1 11 |1 18 1 6 1 1 7 15 10 2 4 1 9 11 1 1 |8 13 25 6 4 1 10 1 1 1 3 4 6 1 1 11 |3 8 5 1 2 3 9 13 19 12 19 1 10 3 1 1 |4 8 11 1 1 2 12 6 20 11 4 20 11 12 8 26 |1 2 16 6 3 1 1 1 1 1 18 4 3 15 15 12 |5 5 1 9 17 11 1 1 4 19 18 9 23 17 135 195 |22 9 7 15 1 8 10 1 10 10 3 14 1 26 188 284 |
2646: 2 10 1 1 1 1 1 1 1 1 8 3 13 1 15 17 |10 6 1 1 1 1 1 3 8 8 1 16 23 3 8 9 |4 24 15 7 1 2 9 9 8 5 7 1 2 1 1 7 |1 7 1 4 12 9 10 15 1 12 13 19 5 7 1 11 |1 7 1 14 6 1 1 4 8 17 16 1 13 10 1 11 |1 18 1 6 1 1 7 15 10 2 4 1 9 11 1 1 |8 13 25 6 4 1 10 1 1 1 3 4 6 1 1 11 |3 8 5 1 2 3 9 13 19 12 19 1 10 3 1 1 |4 8 11 1 1 2 12 6 20 11 4 20 11 12 8 26 |1 2 16 6 3 1 1 1 1 1 18 4 3 15 15 12 |5 5 1 9 17 11 1 1 4 19 18 9 23 17 135 195 |22 9 7 15 1 8 10 1 10 10 3 14 1 26 188 284 |
2657: 2 10 1 1 1 1 1 1 1 1 8 3 13 1 15 17 |10 6 1 1 1 1 1 3 8 8 1 16 23 3 8 9 |4 24 15 7 1 2 9 9 8 5 7 1 2 1 1 7 |1 7 1 1 11 1 10 24 1 13 12 18 4 9 3 11 |1 8 1 15 7 1 4 4 8 17 11 1 13 12 2 21 |1 19 1 5 1 1 1 14 9 1 4 1 9 10 1 1 |10 11 25 5 1 1 8 11 1 2 2 8 6 10 1 11 |3 2 6 1 1 1 8 14 19 16 19 1 10 1 1 11 |2 8 11 1 1 2 12 6 20 10 5 15 10 13 10 11 |1 2 16 6 3 1 1 1 1 1 18 4 3 15 15 12 |5 5 1 9 17 11 1 1 4 19 18 9 23 17 135 195 |22 9 7 15 1 8 10 1 10 10 3 14 1 26 188 284 |
2668: 2 10 1 1 1 1 1 1 1 1 8 3 13 1 15 17 |10 6 1 1 1 1 1 3 8 8 1 16 23 3 8 9 |4 24 15 7 1 2 9 9 8 5 7 1 2 1 1 7 |1 7 1 1 11 1 10 24 1 13 12 18 4 9 3 11 |1 8 1 15 7 1 4 4 8 17 11 1 13 12 2 21 |1 19 1 5 1 1 1 14 9 1 4 1 9 10 1 1 |10 11 25 5 1 1 8 11 1 2 2 8 6 10 1 11 |3 2 6 1 1 1 8 14 19 16 19 1 10 1 1 11 |2 8 11 1 1 2 12 6 20 10 5 15 10 13 10 11 |1 3 7 7 1 14 3 1 3 1 6 11 13 27 36 25 |1 1 1 9 1 17 1 1 4 19 17 10 25 15 170 213 |15 7 12 23 1 1 6 13 19 13 1 1 7 28 200 273 |
2679: 3 5 1 8 1 3 13 1 1 1 6 1 14 8 8 17 |9 6 1 1 8 1 13 9 7 9 1 16 24 9 12 9 |4 24 15 7 1 2 9 9 8 5 7 1 2 1 1 7 |1 7 1 1 11 1 10 24 1 13 12 18 4 9 3 11 |1 8 1 15 7 1 4 4 8 17 11 1 13 12 2 21 |1 19 1 5 1 1 1 14 9 1 4 1 9 10 1 1 |10 11 25 5 1 1 8 11 1 2 2 8 6 10 1 11 |3 2 6 1 1 1 8 14 19 16 19 1 10 1 1 11 |2 8 11 1 1 2 12 6 20 10 5 15 10 13 10 11 |1 3 7 7 1 14 3 1 3 1 6 11 13 27 36 25 |1 1 1 9 1 17 1 1 4 19 17 10 25 15 170 213 |15 7 12 23 1 1 6 13 19 13 1 1 7 28 200 273 |
2690: 3 5 1 8 1 3 13 1 1 1 6 1 14 8 8 17 |9 6 1 1 8 1 13 9 7 9 1 16 24 9 12 9 |8 6 17 6 13 8 14 10 8 5 8 8 2 1 1 6 |1 13 17 1 11 1 3 24 4 12 2 19 5 5 2 11 |1 7 1 15 6 2 2 1 10 17 17 1 14 12 3 21 |2 12 3 11 1 1 1 14 10 5 3 1 9 13 5 11 |8 5 23 5 5 1 10 1 1 1 3 8 6 7 6 9 |4 2 15 1 1 1 8 13 21 16 19 1 1 5 3 10 |4 7 11 1 3 2 10 13 19 10 4 21 7 18 10 25 |1 4 8 8 11 7 1 8 1 1 18 4 4 28 37 20 |1 7 10 17 7 15 1 9 4 7 12 1 23 18 170 221 |15 7 12 23 1 1 6 13 19 13 1 1 7 28 200 273 |
2701: 3 5 1 8 1 3 13 1 1 1 6 1 14 8 8 17 |9 6 1 1 8 1 13 9 7 9 1 16 24 9 12 9 |8 6 17 6 13 8 14 10 8 5 8 8 2 1 1 6 |1 13 17 1 11 1 3 24 4 12 2 19 5 5 2 11 |1 7 1 15 6 2 2 1 10 17 17 1 14 12 3 21 |2 12 3 11 1 1 1 14 10 5 3 1 9 13 5 11 |8 5 23 5 5 1 10 1 1 1 3 8 6 7 6 9 |4 2 15 1 1 1 8 13 21 16 19 1 1 5 3 10 |4 7 11 1 3 2 10 13 19 10 4 21 7 18 10 25 |1 4 8 8 11 7 1 8 1 1 18 4 4 28 37 20 |1 7 10 17 7 15 1 9 4 7 12 1 23 18 170 221 |13 7 5 15 1 1 8 11 15 11 1 5 9 31 175 288 |
2712: 3 11 1 1 1 1 1 1 1 1 8 4 14 8 13 13 |10 6 1 1 1 1 13 11 7 8 1 16 23 3 13 13 |4 12 8 7 1 1 14 10 8 1 8 1 12 10 1 6 |1 13 17 1 11 1 3 24 4 12 2 19 5 5 2 11 |1 7 1 15 6 2 2 1 10 17 17 1 14 12 3 21 |2 12 3 11 1 1 1 14 10 5 3 1 9 13 5 11 |8 5 23 5 5 1 10 1 1 1 3 8 6 7 6 9 |4 2 15 1 1 1 8 13 21 16 19 1 1 5 3 10 |4 7 11 1 3 2 10 13 19 10 4 21 7 18 10 25 |1 4 8 8 11 7 1 8 1 1 18 4 4 28 37 20 |1 7 10 17 7 15 1 9 4 7 12 1 23 18 170 221 |13 7 5 15 1 1 8 11 15 11 1 5 9 31 175 288 |
2723: 3 11 1 1 1 1 1 1 1 1 8 4 14 8 13 13 |10 6 1 1 1 1 13 11 7 8 1 16 23 3 13 13 |4 12 8 7 1 1 14 10 8 1 8 1 12 10 1 6 |1 7 1 1 11 3 2 12 5 13 17 19 1 7 1 10 |1 8 7 1 7 2 2 1 10 17 11 1 14 10 2 21 |2 14 1 5 1 1 1 14 10 1 3 1 9 12 1 11 |8 5 23 10 1 1 8 1 1 1 3 4 4 7 2 11 |4 12 2 1 1 3 8 6 21 17 19 1 1 3 1 11 |1 1 5 1 1 2 17 7 8 16 4 20 6 19 10 13 |1 3 9 9 3 1 1 1 1 1 6 12 12 27 24 29 |2 1 6 22 4 3 1 1 1 7 11 1 24 17 129 206 |19 7 11 23 1 1 1 1 11 14 1 2 1 16 149 272 |
2734: 3 11 1 1 1 1 1 1 1 1 8 4 14 8 13 13 |10 6 1 1 1 1 13 11 7 8 1 16 23 3 13 13 |4 12 8 7 1 1 14 10 8 1 8 1 12 10 1 6 |1 7 1 1 11 3 2 12 5 13 17 19 1 7 1 10 |1 8 7 1 7 2 2 1 10 17 11 1 14 10 2 21 |2 14 1 5 1 1 1 14 10 1 3 1 9 12 1 11 |8 5 23 10 1 1 8 1 1 1 3 4 4 7 2 11 |4 12 2 1 1 3 8 6 21 17 19 1 1 3 1 11 |1 1 5 1 1 2 17 7 8 16 4 20 6 19 10 13 |1 3 9 9 3 1 1 1 1 1 6 12 12 27 24 29 |2 1 6 22 4 3 1 1 1 7 11 1 24 17 129 206 |19 7 11 23 1 1 1 1 11 14 1 2 1 16 149 272 |
2745: 4 10 1 1 1 8 2 1 1 1 8 2 12 1 9 17 |10 6 1 1 1 1 13 11 7 8 1 16 23 3 13 13 |4 12 8 7 1 1 14 10 8 1 8 1 12 10 1 6 |1 7 1 1 11 3 2 12 5 13 17 19 1 7 1 10 |1 8 7 1 7 2 2 1 10 17 11 1 14 10 2 21 |2 14 1 5 1 1 1 14 10 1 3 1 9 12 1 11 |8 5 23 10 1 1 8 1 1 1 3 4 4 7 2 11 |4 12 2 1 1 3 8 6 21 17 19 1 1 3 1 11 |1 1 5 1 1 2 17 7 8 16 4 20 6 19 10 13 |1 3 9 9 3 1 1 1 1 1 6 12 12 27 24 29 |2 1 6 22 4 3 1 1 1 7 11 1 24 17 129 206 |19 7 11 23 1 1 1 1 11 14 1 2 1 16 149 272 |
2756: 4 10 1 1 1 8 2 1 1 1 8 2 12 1 9 17 |10 7 1 1 1 1 1 3 8 8 1 16 23 7 8 8 |11 23 17 7 13 6 8 8 8 1 6 1 11 9 8 1 |1 11 11 1 11 1 9 23 1 13 12 19 4 8 6 1 |1 8 1 15 1 1 1 5 7 16 11 1 2 10 1 14 |1 17 1 5 1 4 1 14 10 1 1 1 9 1 1 1 |8 5 24 11 5 1 2 11 1 1 17 11 6 7 1 1 |3 10 1 1 3 1 8 8 19 12 19 1 8 1 4 4 |1 7 10 2 4 1 4 6 18 3 4 19 4 19 4 24 |1 2 8 3 1 14 2 1 1 1 17 8 5 9 7 2 |2 1 6 22 4 3 1 1 1 7 11 1 24 17 129 206 |19 7 11 23 1 1 1 1 11 14 1 2 1 16 149 272 |
2767: 4 10 1 1 1 8 2 1 1 1 8 2 12 1 9 17 |10 7 1 1 1 1 1 3 8 8 1 16 23 7 8 8 |11 23 17 7 13 6 8 8 8 1 6 1 11 9 8 1 |1 11 11 1 11 1 9 23 1 13 12 19 4 8 6 1 |1 8 1 15 1 1 1 5 7 16 11 1 2 10 1 14 |1 17 1 5 1 4 1 14 10 1 1 1 9 1 1 1 |8 5 24 11 5 1 2 11 1 1 17 11 6 7 1 1 |3 10 1 1 3 1 8 8 19 12 19 1 8 1 4 4 |1 7 10 2 4 1 4 6 18 3 4 19 4 19 4 24 |1 2 8 3 1 14 2 1 1 1 17 8 5 9 7 2 |1 1 11 15 14 15 1 7 1 20 16 9 17 1 5 24 |24 5 1 22 1 8 1 5 17 14 3 13 7 13 21 16 |
2778: 2 1 1 1 1 3 1 5 8 1 1 1 13 1 9 19 |10 7 1 1 1 1 1 3 8 8 1 16 23 7 8 8 |11 23 17 7 13 6 8 8 8 1 6 1 11 9 8 1 |1 11 11 1 11 1 9 23 1 13 12 19 4 8 6 1 |1 8 1 15 1 1 1 5 7 16 11 1 2 10 1 14 |1 17 1 5 1 4 1 14 10 1 1 1 9 1 1 1 |8 5 24 11 5 1 2 11 1 1 17 11 6 7 1 1 |3 10 1 1 3 1 8 8 19 12 19 1 8 1 4 4 |1 7 10 2 4 1 4 6 18 3 4 19 4 19 4 24 |1 2 8 3 1 14 2 1 1 1 17 8 5 9 7 2 |1 1 11 15 14 15 1 7 1 20 16 9 17 1 5 24 |24 5 1 22 1 8 1 5 17 14 3 13 7 13 21 16 |
2789: 2 1 1 1 1 3 1 5 8 1 1 1 13 1 9 19 |9 6 1 1 1 1 13 3 6 3 1 15 19 1 1 18 |11 13 15 4 12 7 6 8 3 1 1 1 8 1 2 5 |1 12 11 4 12 2 1 22 1 11 12 18 1 7 1 1 |1 7 1 1 1 1 2 4 8 16 9 1 13 9 1 3 |2 11 1 11 1 1 1 14 9 1 1 1 8 1 1 1 |11 11 17 13 6 1 1 11 1 1 17 11 16 1 1 1 |2 13 1 1 1 1 8 14 19 6 5 3 7 1 1 8 |3 8 11 1 1 1 15 1 20 10 3 18 1 5 1 6 |1 3 7 8 1 1 2 1 1 4 16 5 1 21 13 7 |4 2 8 14 16 15 1 7 1 19 21 9 11 1 14 17 |24 5 1 22 1 8 1 5 17 14 3 13 7 13 21 16 |
2800: 2 1 1 1 1 3 1 5 8 1 1 1 13 1 9 19 |9 6 1 1 1 1 13 3 6 3 1 15 19 1 1 18 |11 13 15 4 12 7 6 8 3 1 1 1 8 1 2 5 |1 12 11 4 12 2 1 22 1 11 12 18 1 7 1 1 |1 7 1 1 1 1 2 4 8 16 9 1 13 9 1 3 |2 11 1 11 1 1 1 14 9 1 1 1 8 1 1 1 |11 11 17 13 6 1 1 11 1 1 17 11 16 1 1 1 |2 13 1 1 1 1 8 14 19 6 5 3 7 1 1 8 |3 8 11 1 1 1 15 1 20 10 3 18 1 5 1 6 |1 3 7 8 1 1 2 1 1 4 16 5 1 21 13 7 |4 2 8 14 16 15 1 7 1 19 21 9 11 1 14 17 |20 1 10 7 1 7 8 7 6 3 10 7 1 1 20 12 |
2811: 1 1 1 1 1 1 1 2 7 1 1 1 14 3 19 15 |9 6 1 1 1 1 13 3 6 3 1 15 19 1 1 18 |11 13 15 4 12 7 6 8 3 1 1 1 8 1 2 5 |1 12 11 4 12 2 1 22 1 11 12 18 1 7 1 1 |1 7 1 1 1 1 2 4 8 16 9 1 13 9 1 3 |2 11 1 11 1 1 1 14 9 1 1 1 8 1 1 1 |11 11 17 13 6 1 1 11 1 1 17 11 16 1 1 1 |2 13 1 1 1 1 8 14 19 6 5 3 7 1 1 8 |3 8 11 1 1 1 15 1 20 10 3 18 1 5 1 6 |1 3 7 8 1 1 2 1 1 4 16 5 1 21 13 7 |4 2 8 14 16 15 1 7 1 19 21 9 11 1 14 17 |20 1 10 7 1 7 8 7 6 3 10 7 1 1 20 12 |
2822: 1 1 1 1 1 1 1 2 7 1 1 1 14 3 19 15 |2 6 1 1 2 1 1 1 6 1 4 14 23 1 1 6 |9 14 15 6 12 5 12 7 3 1 1 1 8 1 1 4 |1 5 4 1 2 1 2 21 1 11 12 17 1 1 1 1 |1 7 1 8 1 1 1 4 7 12 9 1 2 9 1 1 |2 11 2 6 4 4 1 13 11 1 1 1 1 1 1 1 |8 5 8 1 6 1 1 11 1 1 3 3 7 1 1 1 |3 2 1 1 1 3 1 15 18 4 6 3 8 1 1 7 |3 6 7 2 1 2 15 1 13 4 3 18 1 5 1 11 |1 3 7 8 1 1 2 1 1 4 16 5 1 21 13 7 |4 2 8 14 16 15 1 7 1 19 21 9 11 1 14 17 |20 1 10 7 1 7 8 7 6 3 10 7 1 1 20 12 |
2833: 1 1 1 1 1 1 1 2 7 1 1 1 14 3 19 15 |2 6 1 1 2 1 1 1 6 1 4 14 23 1 1 6 |9 14 15 6 12 5 12 7 3 1 1 1 8 1 1 4 |1 5 4 1 2 1 2 21 1 11 12 17 1 1 1 1 |1 7 1 8 1 1 1 4 7 12 9 1 2 9 1 1 |2 11 2 6 4 4 1 13 11 1 1 1 1 1 1 1 |8 5 8 1 6 1 1 11 1 1 3 3 7 1 1 1 |3 2 1 1 1 3 1 15 18 4 6 3 8 1 1 7 |3 6 7 2 1 2 15 1 13 4 3 18 1 5 1 11 |1 1 16 4 1 1 1 7 2 2 12 1 1 21 13 6 |4 2 9 15 15 14 1 3 4 18 12 1 17 2 16 17 |13 1 1 1 1 8 6 7 6 2 11 6 1 1 20 10 |
2844: 1 1 1 1 1 1 1 2 7 1 1 1 14 3 19 15 |2 6 1 1 2 1 1 1 6 1 4 14 23 1 1 6 |9 14 15 6 12 5 12 7 3 1 1 1 8 1 1 4 |1 5 4 1 2 1 2 21 1 11 12 17 1 1 1 1 |1 7 1 8 1 1 1 4 7 12 9 1 2 9 1 1 |2 11 2 6 4 4 1 13 11 1 1 1 1 1 1 1 |8 5 8 1 6 1 1 11 1 1 3 3 7 1 1 1 |3 2 1 1 1 3 1 15 18 4 6 3 8 1 1 7 |3 6 7 2 1 2 15 1 13 4 3 18 1 5 1 11 |1 1 16 4 1 1 1 7 2 2 12 1 1 21 13 6 |4 2 9 15 15 14 1 3 4 18 12 1 17 2 16 17 |13 1 1 1 1 8 6 7 6 2 11 6 1 1 20 10 |
2855: 2 3 3 1 1 1 1 4 7 2 1 3 7 1 4 18 |9 6 2 2 3 1 1 2 6 3 4 14 19 1 7 18 |6 15 16 13 9 9 11 4 3 1 1 1 8 1 1 4 |1 5 16 1 12 4 2 22 1 1 11 17 1 1 1 1 |1 1 1 5 1 2 1 4 7 12 11 1 1 8 1 13 |4 12 3 6 3 1 1 12 11 1 1 1 8 1 1 1 |8 5 9 13 2 1 1 11 2 1 16 10 18 1 1 1 |2 2 4 1 1 3 8 12 17 6 5 3 9 2 1 8 |3 6 7 2 1 2 15 1 13 4 3 18 1 5 1 11 |1 1 16 4 1 1 1 7 2 2 12 1 1 21 13 6 |4 2 9 15 15 14 1 3 4 18 12 1 17 2 16 17 |13 1 1 1 1 8 6 7 6 2 11 6 1 1 20 10 |
2866: 2 3 3 1 1 1 1 4 7 2 1 3 7 1 4 18 |9 6 2 2 3 1 1 2 6 3 4 14 19 1 7 18 |6 15 16 13 9 9 11 4 3 1 1 1 8 1 1 4 |1 5 16 1 12 4 2 22 1 1 11 17 1 1 1 1 |1 1 1 5 1 2 1 4 7 12 11 1 1 8 1 13 |4 12 3 6 3 1 1 12 11 1 1 1 8 1 1 1 |8 5 9 13 2 1 1 11 2 1 16 10 18 1 1 1 |2 2 4 1 1 3 8 12 17 6 5 3 9 2 1 8 |3 7 6 2 3 1 10 6 18 2 4 12 1 6 1 11 |1 1 3 3 12 7 1 7 1 1 17 6 1 22 18 1 |3 6 9 14 16 13 1 7 1 19 22 9 12 1 11 21 |20 1 1 8 1 8 9 2 13 7 13 7 1 12 24 9 |
2877: 2 3 3 1 1 1 1 4 7 2 1 3 7 1 4 18 |9 6 2 2 3 1 1 2 6 3 4 14 19 1 7 18 |6 15 16 13 9 9 11 4 3 1 1 1 8 1 1 4 |1 5 16 1 12 4 2 22 1 1 11 17 1 1 1 1 |1 1 1 5 1 2 1 4 7 12 11 1 1 8 1 13 |4 12 3 6 3 1 1 12 11 1 1 1 8 1 1 1 |8 5 9 13 2 1 1 11 2 1 16 10 18 1 1 1 |2 2 4 1 1 3 8 12 17 6 5 3 9 2 1 8 |3 7 6 2 3 1 10 6 18 2 4 12 1 6 1 11 |1 1 3 3 12 7 1 7 1 1 17 6 1 22 18 1 |3 6 9 14 16 13 1 7 1 19 22 9 12 1 11 21 |20 1 1 8 1 8 9 2 13 7 13 7 1 12 24 9 |
2888: 1 3 4 1 1 1 9 1 1 3 1 3 6 2 20 15 |9 6 1 1 2 1 1 1 2 1 1 15 24 1 1 13 |10 15 14 7 12 4 16 7 8 1 1 1 7 6 1 5 |1 6 15 3 12 1 1 21 1 7 13 16 1 1 1 1 |1 1 1 8 1 1 1 4 8 17 14 1 13 8 1 13 |2 10 2 8 1 4 1 13 11 1 1 1 8 1 1 1 |7 5 22 4 6 1 1 11 1 2 16 9 6 7 1 1 |3 1 1 1 1 1 8 12 18 11 19 1 8 3 1 10 |3 7 6 2 3 1 10 6 18 2 4 12 1 6 1 11 |1 1 3 3 12 7 1 7 1 1 17 6 1 22 18 1 |3 6 9 14 16 13 1 7 1 19 22 9 12 1 11 21 |20 1 1 8 1 8 9 2 13 7 13 7 1 12 24 9 |
2899: 1 3 4 1 1 1 9 1 1 3 1 3 6 2 20 15 |9 6 1 1 2 1 1 1 2 1 1 15 24 1 1 13 |10 15 14 7 12 4 16 7 8 1 1 1 7 6 1 5 |1 6 15 3 12 1 1 21 1 7 13 16 1 1 1 1 |1 1 1 8 1 1 1 4 8 17 14 1 13 8 1 13 |2 10 2 8 1 4 1 13 11 1 1 1 8 1 1 1 |7 5 22 4 6 1 1 11 1 2 16 9 6 7 1 1 |3 1 1 1 1 1 8 12 18 11 19 1 8 3 1 10 |5 6 12 1 1 2 16 1 19 10 3 19 11 20 1 17 |1 2 14 8 4 1 1 1 2 1 5 8 11 15 28 39 |5 2 10 15 17 5 3 2 5 17 16 7 8 1 26 75 |20 1 1 22 1 8 8 8 6 3 10 12 1 1 8 27 |
2910: 1 3 4 1 1 1 9 1 1 3 1 3 6 2 20 15 |9 6 1 1 2 1 1 1 2 1 1 15 24 1 1 13 |10 15 14 7 12 4 16 7 8 1 1 1 7 6 1 5 |1 6 15 3 12 1 1 21 1 7 13 16 1 1 1 1 |1 1 1 8 1 1 1 4 8 17 14 1 13 8 1 13 |2 10 2 8 1 4 1 13 11 1 1 1 8 1 1 1 |7 5 22 4 6 1 1 11 1 2 16 9 6 7 1 1 |3 1 1 1 1 1 8 12 18 11 19 1 8 3 1 10 |5 6 12 1 1 2 16 1 19 10 3 19 11 20 1 17 |1 2 14 8 4 1 1 1 2 1 5 8 11 15 28 39 |5 2 10 15 17 5 3 2 5 17 16 7 8 1 26 75 |20 1 1 22 1 8 8 8 6 3 10 12 1 1 8 27 |
2921: 1 1 1 9 2 1 1 4 8 2 1 3 7 1 9 8 |1 6 1 1 2 1 1 1 6 8 1 15 19 1 7 8 |10 15 12 3 13 6 9 9 4 4 6 1 10 10 10 2 |1 6 1 1 10 1 1 25 1 6 2 17 1 6 8 8 |1 7 1 8 1 1 11 1 9 16 17 2 8 9 6 21 |2 17 3 12 1 4 1 14 10 1 4 1 10 8 1 11 |7 5 26 4 5 1 1 11 2 3 2 4 9 8 7 10 |4 8 2 1 1 1 6 15 21 17 19 1 2 1 1 19 |5 6 12 1 1 2 16 1 19 10 3 19 11 20 1 17 |1 2 14 8 4 1 1 1 2 1 5 8 11 15 28 39 |5 2 10 15 17 5 3 2 5 17 16 7 8 1 26 75 |20 1 1 22 1 8 8 8 6 3 10 12 1 1 8 27 |
2932: 1 1 1 9 2 1 1 4 8 2 1 3 7 1 9 8 |1 6 1 1 2 1 1 1 6 8 1 15 19 1 7 8 |10 15 12 3 13 6 9 9 4 4 6 1 10 10 10 2 |1 6 1 1 10 1 1 25 1 6 2 17 1 6 8 8 |1 7 1 8 1 1 11 1 9 16 17 2 8 9 6 21 |2 17 3 12 1 4 1 14 10 1 4 1 10 8 1 11 |7 5 26 4 5 1 1 11 2 3 2 4 9 8 7 10 |4 8 2 1 1 1 6 15 21 17 19 1 2 1 1 19 |4 1 7 3 4 2 18 7 8 17 1 9 4 28 80 66 |6 1 7 10 22 10 10 12 9 11 23 1 14 46 246 269 |1 7 1 32 8 4 1 16 4 13 15 6 25 4 116 274 |22 6 1 20 1 8 7 7 16 11 11 13 1 15 30 62 |
2943: 1 1 1 9 2 1 1 4 8 2 1 3 7 1 9 8 |1 6 1 1 2 1 1 1 6 8 1 15 19 1 7 8 |10 15 12 3 13 6 9 9 4 4 6 1 10 10 10 2 |1 6 1 1 10 1 1 25 1 6 2 17 1 6 8 8 |1 7 1 8 1 1 11 1 9 16 17 2 8 9 6 21 |2 17 3 12 1 4 1 14 10 1 4 1 10 8 1 11 |7 5 26 4 5 1 1 11 2 3 2 4 9 8 7 10 |4 8 2 1 1 1 6 15 21 17 19 1 2 1 1 19 |4 1 7 3 4 2 18 7 8 17 1 9 4 28 80 66 |6 1 7 10 22 10 10 12 9 11 23 1 14 46 246 269 |1 7 1 32 8 4 1 16 4 13 15 6 25 4 116 274 |22 6 1 20 1 8 7 7 16 11 11 13 1 15 30 62 |
2954: 1 1 1 1 3 1 1 3 9 1 1 1 14 3 8 13 |9 5 1 1 1 1 1 10 7 3 1 15 22 3 8 9 |11 14 17 6 13 3 19 9 10 7 10 1 9 2 9 11 |1 7 15 1 8 1 3 23 1 12 2 16 6 7 1 10 |1 7 1 8 4 1 3 4 7 16 15 1 13 11 2 22 |2 18 1 5 1 1 1 13 9 1 4 1 9 15 1 11 |7 5 9 3 6 1 1 11 1 1 3 8 10 1 1 12 |1 13 2 1 1 1 8 8 20 18 19 1 3 9 3 10 |7 1 13 1 1 1 16 6 21 15 1 11 19 37 120 99 |6 1 7 10 22 10 10 12 9 11 23 1 14 46 246 269 |1 7 1 32 8 4 1 16 4 13 15 6 25 4 116 274 |22 6 1 20 1 8 7 7 16 11 11 13 1 15 30 62 |
2964: 1 1 1 1 3 1 1 3 9 1 1 1 14 3 8 13 |9 5 1 1 1 1 1 10 7 3 1 15 22 3 8 9 |11 14 17 6 13 3 19 9 10 7 10 1 9 2 9 11 |1 7 15 1 8 1 3 23 1 12 2 16 6 7 1 10 |1 7 1 8 4 1 3 4 7 16 15 1 13 11 2 22 |2 18 1 5 1 1 1 13 9 1 4 1 9 15 1 11 |7 5 9 3 6 1 1 11 1 1 3 8 10 1 1 12 |1 13 2 1 1 1 8 8 20 18 19 1 3 9 3 10 |7 1 13 1 1 1 16 6 21 15 1 11 19 37 120 99 |7 1 14 10 6 15 8 15 4 6 19 13 12 71 265 257 |1 7 1 16 3 7 5 11 10 13 14 9 19 4 138 287 |23 7 2 8 1 8 2 7 6 17 4 11 1 15 30 54 |
2975: 1 1 1 1 3 1 1 3 9 1 1 1 14 3 8 13 |9 5 1 1 1 1 1 10 7 3 1 15 22 3 8 9 |11 14 17 6 13 3 19 9 10 7 10 1 9 2 9 11 |1 7 15 1 8 1 3 23 1 12 2 16 6 7 1 10 |1 7 1 8 4 1 3 4 7 16 15 1 13 11 2 22 |2 18 1 5 1 1 1 13 9 1 4 1 9 15 1 11 |7 5 9 3 6 1 1 11 1 1 3 8 10 1 1 12 |1 13 2 1 1 1 8 8 20 18 19 1 3 9 3 10 |7 1 13 1 1 1 16 6 21 15 1 11 19 37 120 99 |7 1 14 10 6 15 8 15 4 6 19 13 12 71 265 257 |1 7 1 16 3 7 5 11 10 13 14 9 19 4 138 287 |23 7 2 8 1 8 2 7 6 17 4 11 1 15 30 54 |
2986: 2 3 1 1 1 1 1 4 7 3 1 1 14 2 24 18 |1 15 1 1 2 1 1 3 6 3 3 14 20 4 13 15 |12 13 17 6 13 1 9 7 8 1 7 1 9 13 1 6 |1 7 15 1 11 2 3 22 1 13 3 17 6 10 8 1 |1 7 1 9 1 1 1 4 8 18 11 1 14 12 3 23 |2 13 1 5 4 5 1 14 9 1 4 1 9 10 5 1 |8 5 21 6 7 1 2 11 2 1 7 9 10 1 1 12 |2 13 14 1 1 3 9 17 21 18 20 1 15 10 11 11 |7 1 13 1 1 1 16 6 21 15 1 11 19 37 120 99 |7 1 14 10 6 15 8 15 4 6 19 13 12 71 265 257 |1 7 1 16 3 7 5 11 10 13 14 9 19 4 138 287 |23 7 2 8 1 8 2 7 6 17 4 11 1 15 30 54 |
2997: 2 3 1 1 1 1 1 4 7 3 1 1 14 2 24 18 |1 15 1 1 2 1 1 3 6 3 3 14 20 4 13 15 |12 13 17 6 13 1 9 7 8 1 7 1 9 13 1 6 |1 7 15 1 11 2 3 22 1 13 3 17 6 10 8 1 |1 7 1 9 1 1 1 4 8 18 11 1 14 12 3 23 |2 13 1 5 4 5 1 14 9 1 4 1 9 10 5 1 |8 5 21 6 7 1 2 11 2 1 7 9 10 1 1 12 |2 13 14 1 1 3 9 17 21 18 20 1 15 10 11 11 |5 4 19 1 2 4 18 11 9 18 5 11 19 52 159 120 |9 5 17 10 7 4 1 1 4 10 24 16 8 92 272 273 |2 1 1 16 8 7 1 10 4 13 14 9 25 15 136 281 |22 4 1 8 1 9 2 8 21 15 12 14 1 14 35 63 |
3008: 2 3 1 1 1 1 1 4 7 3 1 1 14 2 24 18 |1 15 1 1 2 1 1 3 6 3 3 14 20 4 13 15 |12 13 17 6 13 1 9 7 8 1 7 1 9 13 1 6 |1 7 15 1 11 2 3 22 1 13 3 17 6 10 8 1 |1 7 1 9 1 1 1 4 8 18 11 1 14 12 3 23 |2 13 1 5 4 5 1 14 9 1 4 1 9 10 5 1 |8 5 21 6 7 1 2 11 2 1 7 9 10 1 1 12 |2 13 14 1 1 3 9 17 21 18 20 1 15 10 11 11 |5 4 19 1 2 4 18 11 9 18 5 11 19 52 159 120 |9 5 17 10 7 4 1 1 4 10 24 16 8 92 272 273 |2 1 1 16 8 7 1 10 4 13 14 9 25 15 136 281 |22 4 1 8 1 9 2 8 21 15 12 14 1 14 35 63 |
3019: 2 4 1 1 1 1 1 5 8 3 1 1 13 3 17 18 |4 15 1 1 3 1 1 2 7 8 1 16 20 7 12 9 |3 16 12 6 13 1 9 8 8 1 8 1 10 9 1 6 |1 7 2 1 10 1 2 24 1 13 6 18 1 8 3 1 |1 7 1 8 7 1 11 5 8 16 16 1 14 4 1 22 |1 20 1 6 2 8 1 14 9 1 5 1 10 16 1 1 |8 5 22 6 6 1 1 11 2 1 4 8 11 1 1 12 |3 14 7 1 1 1 9 10 20 18 20 1 15 9 17 19 |8 8 5 1 1 4 18 11 8 17 1 11 18 57 168 129 |6 4 12 9 7 8 12 15 11 2 12 4 10 97 271 269 |2 1 1 16 8 7 1 10 4 13 14 9 25 15 136 281 |22 4 1 8 1 9 2 8 21 15 12 14 1 14 35 63 |
3030: 2 4 1 1 1 1 1 5 8 3 1 1 13 3 17 18 |4 15 1 1 3 1 1 2 7 8 1 16 20 7 12 9 |3 16 12 6 13 1 9 8 8 1 8 1 10 9 1 6 |1 7 2 1 10 1 2 24 1 13 6 18 1 8 3 1 |1 7 1 8 7 1 11 5 8 16 16 1 14 4 1 22 |1 20 1 6 2 8 1 14 9 1 5 1 10 16 1 1 |8 5 22 6 6 1 1 11 2 1 4 8 11 1 1 12 |3 14 7 1 1 1 9 10 20 18 20 1 15 9 17 19 |8 8 5 1 1 4 18 11 8 17 1 11 18 57 168 129 |6 4 12 9 7 8 12 15 11 2 12 4 10 97 271 269 |1 1 1 15 7 3 1 9 1 8 15 9 25 12 143 283 |21 1 1 6 1 8 3 9 21 16 4 13 1 5 28 56 |
3041: 1 1 1 1 2 2 10 1 1 1 1 1 13 4 9 13 |4 15 1 1 3 1 1 2 7 8 1 16 20 7 12 9 |3 16 12 6 13 1 9 8 8 1 8 1 10 9 1 6 |1 7 2 1 10 1 2 24 1 13 6 18 1 8 3 1 |1 7 1 8 7 1 11 5 8 16 16 1 14 4 1 22 |1 20 1 6 2 8 1 14 9 1 5 1 10 16 1 1 |8 5 22 6 6 1 1 11 2 1 4 8 11 1 1 12 |3 14 7 1 1 1 9 10 20 18 20 1 15 9 17 19 |8 8 5 1 1 4 18 11 8 17 1 11 18 57 168 129 |6 4 12 9 7 8 12 15 11 2 12 4 10 97 271 269 |1 1 1 15 7 3 1 9 1 8 15 9 25 12 143 283 |21 1 1 6 1 8 3 9 21 16 4 13 1 5 28 56 |
3052: 1 1 1 1 2 2 10 1 1 1 1 1 13 4 9 13 |9 12 1 1 3 1 1 3 6 9 4 14 23 3 12 9 |12 13 15 6 13 8 9 7 7 1 12 3 9 2 1 11 |1 6 15 1 11 2 2 22 1 11 12 18 5 9 7 1 |1 10 1 9 5 1 3 4 8 17 16 1 14 12 3 23 |2 17 2 8 1 2 1 14 10 5 1 1 9 11 5 1 |10 13 24 11 1 1 1 11 1 1 7 10 11 1 1 1 |1 13 10 1 1 1 8 14 15 19 19 8 14 10 15 20 |1 1 6 1 12 4 16 13 8 17 4 20 19 62 172 114 |6 4 12 9 7 8 12 15 11 2 12 4 10 97 271 269 |1 1 1 15 7 3 1 9 1 8 15 9 25 12 143 283 |21 1 1 6 1 8 3 9 21 16 4 13 1 5 28 56 |
3063: 1 1 1 1 2 2 10 1 1 1 1 1 13 4 9 13 |9 12 1 1 3 1 1 3 6 9 4 14 23 3 12 9 |12 13 15 6 13 8 9 7 7 1 12 3 9 2 1 11 |1 6 15 1 11 2 2 22 1 11 12 18 5 9 7 1 |1 10 1 9 5 1 3 4 8 17 16 1 14 12 3 23 |2 17 2 8 1 2 1 14 10 5 1 1 9 11 5 1 |10 13 24 11 1 1 1 11 1 1 7 10 11 1 1 1 |1 13 10 1 1 1 8 14 15 19 19 8 14 10 15 20 |1 1 6 1 12 4 16 13 8 17 4 20 19 62 172 114 |1 1 13 15 22 8 1 1 1 10 19 16 18 109 277 273 |1 1 20 22 3 17 4 9 1 13 15 10 25 20 145 287 |22 7 3 22 1 8 3 8 6 15 12 13 5 1 29 69 |
3074: 2 5 1 1 1 1 1 2 8 2 1 1 13 7 15 14 |9 12 1 1 3 1 1 3 6 9 4 14 23 3 12 9 |12 13 15 6 13 8 9 7 7 1 12 3 9 2 1 11 |1 6 15 1 11 2 2 22 1 11 12 18 5 9 7 1 |1 10 1 9 5 1 3 4 8 17 16 1 14 12 3 23 |2 17 2 8 1 2 1 14 10 5 1 1 9 11 5 1 |10 13 24 11 1 1 1 11 1 1 7 10 11 1 1 1 |1 13 10 1 1 1 8 14 15 19 19 8 14 10 15 20 |1 1 6 1 12 4 16 13 8 17 4 20 19 62 172 114 |1 1 13 15 22 8 1 1 1 10 19 16 18 109 277 273 |1 1 20 22 3 17 4 9 1 13 15 10 25 20 145 287 |22 7 3 22 1 8 3 8 6 15 12 13 5 1 29 69 |
3085: 2 5 1 1 1 1 1 2 8 2 1 1 13 7 15 14 |1 15 1 1 1 1 1 1 6 8 1 16 23 3 12 10 |12 18 16 6 13 1 9 9 8 1 8 1 1 10 1 1 |1 7 14 1 10 1 2 23 1 13 3 17 5 2 2 1 |1 14 8 9 5 1 11 4 8 17 16 1 14 11 4 23 |1 20 1 5 3 4 1 13 10 1 1 1 11 13 6 1 |8 5 16 1 1 1 11 1 1 2 3 8 11 3 1 11 |5 12 3 1 1 1 8 16 21 18 20 4 17 6 16 10 |5 3 18 1 1 4 18 12 8 17 1 20 20 71 176 112 |13 6 16 21 20 13 10 17 10 10 18 2 23 123 265 272 |9 1 1 8 19 13 1 1 1 25 18 1 22 12 150 282 |22 7 3 22 1 8 3 8 6 15 12 13 5 1 29 69 |
3096: 2 5 1 1 1 1 1 2 8 2 1 1 13 7 15 14 |1 15 1 1 1 1 1 1 6 8 1 16 23 3 12 10 |12 18 16 6 13 1 9 9 8 1 8 1 1 10 1 1 |1 7 14 1 10 1 2 23 1 13 3 17 5 2 2 1 |1 14 8 9 5 1 11 4 8 17 16 1 14 11 4 23 |1 20 1 5 3 4 1 13 10 1 1 1 11 13 6 1 |8 5 16 1 1 1 11 1 1 2 3 8 11 3 1 11 |5 12 3 1 1 1 8 16 21 18 20 4 17 6 16 10 |5 3 18 1 1 4 18 12 8 17 1 20 20 71 176 112 |13 6 16 21 20 13 10 17 10 10 18 2 23 123 265 272 |9 1 1 8 19 13 1 1 1 25 18 1 22 12 150 282 |23 7 1 7 1 8 8 8 15 17 4 13 8 8 29 71 |
3107: 3 9 1 1 1 1 1 3 9 1 1 1 13 1 18 17 |13 14 1 1 3 1 16 15 5 1 5 13 27 1 5 7 |12 18 16 6 13 1 9 9 8 1 8 1 1 10 1 1 |1 7 14 1 10 1 2 23 1 13 3 17 5 2 2 1 |1 14 8 9 5 1 11 4 8 17 16 1 14 11 4 23 |1 20 1 5 3 4 1 13 10 1 1 1 11 13 6 1 |8 5 16 1 1 1 11 1 1 2 3 8 11 3 1 11 |5 12 3 1 1 1 8 16 21 18 20 4 17 6 16 10 |5 3 18 1 1 4 18 12 8 17 1 20 20 71 176 112 |13 6 16 21 20 13 10 17 10 10 18 2 23 123 265 272 |9 1 1 8 19 13 1 1 1 25 18 1 22 12 150 282 |23 7 1 7 1 8 8 8 15 17 4 13 8 8 29 71 |
3118: 3 9 1 1 1 1 1 3 9 1 1 1 13 1 18 17 |13 14 1 1 3 1 16 15 5 1 5 13 27 1 5 7 |11 14 17 6 10 9 14 8 8 5 7 1 2 12 8 11 |1 8 19 1 10 2 2 23 1 13 13 18 5 10 10 1 |1 1 1 8 5 1 9 1 11 18 17 1 14 2 5 22 |3 13 3 8 1 1 1 14 9 5 1 1 10 13 6 11 |8 1 11 1 7 1 3 1 1 3 9 10 24 2 1 12 |4 12 9 1 1 3 8 9 19 18 20 9 17 11 17 25 |6 1 19 1 13 1 17 12 12 17 1 15 7 65 183 118 |9 1 18 16 20 1 11 13 11 5 19 3 7 123 272 270 |9 1 1 8 19 13 1 1 1 25 18 1 22 12 150 282 |23 7 1 7 1 8 8 8 15 17 4 13 8 8 29 71 |
3129: 3 9 1 1 1 1 1 3 9 1 1 1 13 1 18 17 |13 14 1 1 3 1 16 15 5 1 5 13 27 1 5 7 |11 14 17 6 10 9 14 8 8 5 7 1 2 12 8 11 |1 8 19 1 10 2 2 23 1 13 13 18 5 10 10 1 |1 1 1 8 5 1 9 1 11 18 17 1 14 2 5 22 |3 13 3 8 1 1 1 14 9 5 1 1 10 13 6 11 |8 1 11 1 7 1 3 1 1 3 9 10 24 2 1 12 |4 12 9 1 1 3 8 9 19 18 20 9 17 11 17 25 |6 1 19 1 13 1 17 12 12 17 1 15 7 65 183 118 |9 1 18 16 20 1 11 13 11 5 19 3 7 123 272 270 |2 1 1 13 8 16 9 1 1 9 14 1 25 19 151 296 |20 1 10 9 1 8 9 11 16 15 12 15 8 7 28 63 |
3140: 2 10 1 1 1 1 1 4 7 3 5 3 13 3 15 18 |1 6 1 1 3 1 5 3 6 8 1 16 24 4 8 9 |12 14 17 6 1 1 14 9 8 5 7 1 10 12 3 6 |1 8 19 1 10 2 2 23 1 13 13 18 5 10 10 1 |1 1 1 8 5 1 9 1 11 18 17 1 14 2 5 22 |3 13 3 8 1 1 1 14 9 5 1 1 10 13 6 11 |8 1 11 1 7 1 3 1 1 3 9 10 24 2 1 12 |4 12 9 1 1 3 8 9 19 18 20 9 17 11 17 25 |6 1 19 1 13 1 17 12 12 17 1 15 7 65 183 118 |9 1 18 16 20 1 11 13 11 5 19 3 7 123 272 270 |2 1 1 13 8 16 9 1 1 9 14 1 25 19 151 296 |20 1 10 9 1 8 9 11 16 15 12 15 8 7 28 63 |
3151: 2 10 1 1 1 1 1 4 7 3 5 3 13 3 15 18 |1 6 1 1 3 1 5 3 6 8 1 16 24 4 8 9 |12 14 17 6 1 1 14 9 8 5 7 1 10 12 3 6 |1 7 3 1 12 2 2 14 1 13 3 19 4 9 11 1 |1 13 4 13 4 1 3 4 8 19 17 2 14 14 3 23 |2 18 1 5 1 9 1 14 10 5 1 1 10 13 6 1 |8 13 23 2 6 1 1 11 2 3 2 9 25 8 1 11 |4 7 9 1 11 1 8 9 21 18 21 4 16 6 11 10 |6 1 6 1 1 3 18 8 12 16 1 11 18 53 148 118 |9 3 6 8 6 6 9 15 10 6 12 5 9 91 266 272 |2 1 1 13 8 16 9 1 1 9 14 1 25 19 151 296 |20 1 10 9 1 8 9 11 16 15 12 15 8 7 28 63 |
3162: 2 10 1 1 1 1 1 4 7 3 5 3 13 3 15 18 |1 6 1 1 3 1 5 3 6 8 1 16 24 4 8 9 |12 14 17 6 1 1 14 9 8 5 7 1 10 12 3 6 |1 7 3 1 12 2 2 14 1 13 3 19 4 9 11 1 |1 13 4 13 4 1 3 4 8 19 17 2 14 14 3 23 |2 18 1 5 1 9 1 14 10 5 1 1 10 13 6 1 |8 13 23 2 6 1 1 11 2 3 2 9 25 8 1 11 |4 7 9 1 11 1 8 9 21 18 21 4 16 6 11 10 |6 1 6 1 1 3 18 8 12 16 1 11 18 53 148 118 |9 3 6 8 6 6 9 15 10 6 12 5 9 91 266 272 |8 1 1 15 7 2 1 1 1 7 20 8 25 11 145 282 |24 8 1 6 1 8 2 8 16 22 6 13 1 5 28 64 |
3173: 1 2 3 1 1 1 1 1 1 1 5 1 13 5 17 13 |9 7 1 1 3 1 10 4 1 8 3 15 22 7 13 15 |11 14 16 6 9 9 13 9 8 5 1 1 1 10 1 11 |1 7 3 1 12 2 2 14 1 13 3 19 4 9 11 1 |1 13 4 13 4 1 3 4 8 19 17 2 14 14 3 23 |2 18 1 5 1 9 1 14 10 5 1 1 10 13 6 1 |8 13 23 2 6 1 1 11 2 3 2 9 25 8 1 11 |4 7 9 1 11 1 8 9 21 18 21 4 16 6 11 10 |6 1 6 1 1 3 18 8 12 16 1 11 18 53 148 118 |9 3 6 8 6 6 9 15 10 6 12 5 9 91 266 272 |8 1 1 15 7 2 1 1 1 7 20 8 25 11 145 282 |24 8 1 6 1 8 2 8 16 22 6 13 1 5 28 64 |
3184: 1 2 3 1 1 1 1 1 1 1 5 1 13 5 17 13 |9 7 1 1 3 1 10 4 1 8 3 15 22 7 13 15 |11 14 16 6 9 9 13 9 8 5 1 1 1 10 1 11 |1 1 10 1 11 3 3 24 1 12 13 17 8 8 3 1 |1 8 8 8 6 1 9 1 10 18 17 2 14 12 1 23 |2 13 1 2 9 1 1 15 9 6 1 1 10 10 5 1 |8 12 11 1 7 1 1 11 2 3 7 9 10 1 1 11 |4 8 2 1 1 1 9 16 21 18 20 3 15 11 16 26 |7 7 11 1 12 1 17 12 8 1 4 15 8 22 110 124 |1 12 19 15 7 6 1 1 10 5 11 3 16 45 238 279 |2 7 1 15 4 14 8 1 1 8 14 1 22 12 104 273 |24 8 1 6 1 8 2 8 16 22 6 13 1 5 28 64 |
3195: 1 2 3 1 1 1 1 1 1 1 5 1 13 5 17 13 |9 7 1 1 3 1 10 4 1 8 3 15 22 7 13 15 |11 14 16 6 9 9 13 9 8 5 1 1 1 10 1 11 |1 1 10 1 11 3 3 24 1 12 13 17 8 8 3 1 |1 8 8 8 6 1 9 1 10 18 17 2 14 12 1 23 |2 13 1 2 9 1 1 15 9 6 1 1 10 10 5 1 |8 12 11 1 7 1 1 11 2 3 7 9 10 1 1 11 |4 8 2 1 1 1 9 16 21 18 20 3 15 11 16 26 |7 7 11 1 12 1 17 12 8 1 4 15 8 22 110 124 |1 12 19 15 7 6 1 1 10 5 11 3 16 45 238 279 |2 7 1 15 4 14 8 1 1 8 14 1 22 12 104 273 |22 8 2 4 1 8 2 8 6 4 10 8 1 9 24 40 |
3206: 2 3 1 1 1 7 1 1 1 1 1 1 15 4 25 18 |9 5 1 1 1 1 1 11 8 7 4 15 23 1 13 14 |13 14 16 6 11 8 14 9 9 8 6 1 2 9 1 6 |1 1 9 1 11 7 10 18 1 13 2 18 5 4 1 10 |1 8 8 8 6 1 9 1 10 18 17 2 14 12 1 23 |2 13 1 2 9 1 1 15 9 6 1 1 10 10 5 1 |8 12 11 1 7 1 1 11 2 3 7 9 10 1 1 11 |4 8 2 1 1 1 9 16 21 18 20 3 15 11 16 26 |7 7 11 1 12 1 17 12 8 1 4 15 8 22 110 124 |1 12 19 15 7 6 1 1 10 5 11 3 16 45 238 279 |2 7 1 15 4 14 8 1 1 8 14 1 22 12 104 273 |22 8 2 4 1 8 2 8 6 4 10 8 1 9 24 40 |
3217: 2 3 1 1 1 7 1 1 1 1 1 1 15 4 25 18 |9 5 1 1 1 1 1 11 8 7 4 15 23 1 13 14 |13 14 16 6 11 8 14 9 9 8 6 1 2 9 1 6 |1 1 9 1 11 7 10 18 1 13 2 18 5 4 1 10 |1 7 1 8 6 1 10 1 9 19 17 1 12 11 2 21 |1 19 1 1 9 1 1 14 10 1 5 1 9 13 2 11 |10 13 11 1 6 1 11 1 1 2 8 8 11 9 9 10 |4 7 8 1 1 3 10 14 19 17 19 1 4 1 1 4 |4 1 6 1 2 2 16 7 9 16 1 22 11 13 18 36 |1 7 18 16 17 14 9 1 3 1 20 2 4 28 87 179 |1 1 10 22 15 14 1 8 1 20 17 8 16 1 13 68 |22 8 2 4 1 8 2 8 6 4 10 8 1 9 24 40 |
3228: 2 3 1 1 1 7 1 1 1 1 1 1 15 4 25 18 |9 5 1 1 1 1 1 11 8 7 4 15 23 1 13 14 |13 14 16 6 11 8 14 9 9 8 6 1 2 9 1 6 |1 1 9 1 11 7 10 18 1 13 2 18 5 4 1 10 |1 7 1 8 6 1 10 1 9 19 17 1 12 11 2 21 |1 19 1 1 9 1 1 14 10 1 5 1 9 13 2 11 |10 13 11 1 6 1 11 1 1 2 8 8 11 9 9 10 |4 7 8 1 1 3 10 14 19 17 19 1 4 1 1 4 |4 1 6 1 2 2 16 7 9 16 1 22 11 13 18 36 |1 7 18 16 17 14 9 1 3 1 20 2 4 28 87 179 |1 1 10 22 15 14 1 8 1 20 17 8 16 1 13 68 |20 1 1 22 1 8 7 7 6 2 10 7 1 1 6 13 |
3239: 1 1 3 1 1 1 1 4 8 2 1 1 13 1 18 24 |1 15 1 1 3 1 1 3 1 2 1 15 19 1 1 18 |13 14 16 6 11 8 14 9 9 8 6 1 2 9 1 6 |1 1 9 1 11 7 10 18 1 13 2 18 5 4 1 10 |1 7 1 8 6 1 10 1 9 19 17 1 12 11 2 21 |1 19 1 1 9 1 1 14 10 1 5 1 9 13 2 11 |10 13 11 1 6 1 11 1 1 2 8 8 11 9 9 10 |4 7 8 1 1 3 10 14 19 17 19 1 4 1 1 4 |4 1 6 1 2 2 16 7 9 16 1 22 11 13 18 36 |1 7 18 16 17 14 9 1 3 1 20 2 4 28 87 179 |1 1 10 22 15 14 1 8 1 20 17 8 16 1 13 68 |20 1 1 22 1 8 7 7 6 2 10 7 1 1 6 13 |
3250: 1 1 3 1 1 1 1 4 8 2 1 1 13 1 18 24 |1 15 1 1 3 1 1 3 1 2 1 15 19 1 1 18 |11 15 17 7 1 8 16 7 8 1 1 1 9 2 1 1 |1 6 2 1 11 3 10 23 1 12 2 18 1 6 1 1 |1 1 1 1 1 1 2 4 7 16 16 1 14 10 1 13 |1 11 2 8 1 9 1 13 9 1 2 1 8 11 1 1 |9 12 22 1 6 1 1 11 1 1 3 4 5 7 1 1 |3 13 2 1 1 3 2 16 19 5 19 1 8 3 1 10 |5 8 7 2 1 2 16 7 21 10 3 18 1 17 1 26 |7 1 16 6 12 12 1 8 3 3 11 9 1 21 13 9 |1 1 10 22 15 14 1 8 1 20 17 8 16 1 13 68 |20 1 1 22 1 8 7 7 6 2 10 7 1 1 6 13 |
3261: 1 1 3 1 1 1 1 4 8 2 1 1 13 1 18 24 |1 15 1 1 3 1 1 3 1 2 1 15 19 1 1 18 |11 15 17 7 1 8 16 7 8 1 1 1 9 2 1 1 |1 6 2 1 11 3 10 23 1 12 2 18 1 6 1 1 |1 1 1 1 1 1 2 4 7 16 16 1 14 10 1 13 |1 11 2 8 1 9 1 13 9 1 2 1 8 11 1 1 |9 12 22 1 6 1 1 11 1 1 3 4 5 7 1 1 |3 13 2 1 1 3 2 16 19 5 19 1 8 3 1 10 |5 8 7 2 1 2 16 7 21 10 3 18 1 17 1 26 |7 1 16 6 12 12 1 8 3 3 11 9 1 21 13 9 |3 2 9 14 16 12 2 3 4 17 12 1 6 1 13 6 |20 1 1 1 1 8 7 7 5 3 10 6 1 1 19 16 |
3272: 1 1 3 1 1 1 1 4 8 2 1 1 13 1 18 24 |1 15 1 1 3 1 1 3 1 2 1 15 19 1 1 18 |11 15 17 7 1 8 16 7 8 1 1 1 9 2 1 1 |1 6 2 1 11 3 10 23 1 12 2 18 1 6 1 1 |1 1 1 1 1 1 2 4 7 16 16 1 14 10 1 13 |1 11 2 8 1 9 1 13 9 1 2 1 8 11 1 1 |9 12 22 1 6 1 1 11 1 1 3 4 5 7 1 1 |3 13 2 1 1 3 2 16 19 5 19 1 8 3 1 10 |5 8 7 2 1 2 16 7 21 10 3 18 1 17 1 26 |7 1 16 6 12 12 1 8 3 3 11 9 1 21 13 9 |3 2 9 14 16 12 2 3 4 17 12 1 6 1 13 6 |20 1 1 1 1 8 7 7 5 3 10 6 1 1 19 16 |
3305: 1 11 1 1 2 1 7 1 1 4 1 1 13 1 18 9 |2 5 1 1 2 1 1 1 4 1 2 14 23 1 4 11 |10 14 15 3 12 2 16 1 1 1 1 1 5 3 2 2 |1 6 14 1 1 1 1 16 1 11 12 15 7 5 6 1 |1 5 1 1 1 1 10 1 9 14 9 1 8 4 1 1 |2 10 2 7 1 4 1 12 11 1 3 1 8 1 1 1 |8 5 18 1 6 1 1 10 1 1 5 15 15 8 1 1 |3 13 2 1 1 3 2 16 19 5 19 1 8 3 1 10 |5 8 7 2 1 2 16 7 21 10 3 18 1 17 1 26 |7 1 16 6 12 12 1 8 3 3 11 9 1 21 13 9 |3 2 9 14 16 12 2 3 4 17 12 1 6 1 13 6 |20 1 1 1 1 8 7 7 5 3 10 6 1 1 19 16 |
3316: 1 11 1 1 2 1 7 1 1 4 1 1 13 1 18 9 |2 5 1 1 2 1 1 1 4 1 2 14 23 1 4 11 |10 14 15 3 12 2 16 1 1 1 1 1 5 3 2 2 |1 6 14 1 1 1 1 16 1 11 12 15 7 5 6 1 |1 5 1 1 1 1 10 1 9 14 9 1 8 4 1 1 |2 10 2 7 1 4 1 12 11 1 3 1 8 1 1 1 |8 5 18 1 6 1 1 10 1 1 5 15 15 8 1 1 |2 1 1 1 1 3 8 15 13 4 11 3 7 1 1 10 |3 1 7 2 1 1 16 8 18 2 2 8 1 18 1 7 |1 3 7 3 11 7 1 8 1 2 16 1 1 18 10 1 |2 1 8 6 15 13 2 3 3 17 7 1 1 2 3 2 |13 1 1 6 1 7 6 2 13 3 2 5 1 7 18 12 |
3327: 1 11 1 1 2 1 7 1 1 4 1 1 13 1 18 9 |2 5 1 1 2 1 1 1 4 1 2 14 23 1 4 11 |10 14 15 3 12 2 16 1 1 1 1 1 5 3 2 2 |1 6 14 1 1 1 1 16 1 11 12 15 7 5 6 1 |1 5 1 1 1 1 10 1 9 14 9 1 8 4 1 1 |2 10 2 7 1 4 1 12 11 1 3 1 8 1 1 1 |8 5 18 1 6 1 1 10 1 1 5 15 15 8 1 1 |2 1 1 1 1 3 8 15 13 4 11 3 7 1 1 10 |3 1 7 2 1 1 16 8 18 2 2 8 1 18 1 7 |1 3 7 3 11 7 1 8 1 2 16 1 1 18 10 1 |2 1 8 6 15 13 2 3 3 17 7 1 1 2 3 2 |13 1 1 6 1 7 6 2 13 3 2 5 1 7 18 12 |
3338: 2 2 2 1 2 1 9 1 1 4 1 1 13 3 20 15 |9 2 2 1 3 1 1 1 1 3 4 15 19 1 1 5 |8 1 16 13 9 1 17 9 1 1 1 1 9 7 1 4 |1 6 14 3 12 1 1 24 1 12 1 15 7 1 6 1 |1 1 1 1 4 1 1 4 7 12 9 1 13 10 1 2 |1 21 3 6 3 4 1 14 12 1 1 1 8 11 1 4 |8 5 24 10 1 1 4 11 1 1 3 4 6 8 1 10 |4 7 1 1 1 1 8 14 18 11 18 4 9 4 1 1 |3 1 7 2 1 1 16 8 18 2 2 8 1 18 1 7 |1 3 7 3 11 7 1 8 1 2 16 1 1 18 10 1 |2 1 8 6 15 13 2 3 3 17 7 1 1 2 3 2 |13 1 1 6 1 7 6 2 13 3 2 5 1 7 18 12 |
3348: 2 2 2 1 2 1 9 1 1 4 1 1 13 3 20 15 |9 2 2 1 3 1 1 1 1 3 4 15 19 1 1 5 |8 1 16 13 9 1 17 9 1 1 1 1 9 7 1 4 |1 6 14 3 12 1 1 24 1 12 1 15 7 1 6 1 |1 1 1 1 4 1 1 4 7 12 9 1 13 10 1 2 |1 21 3 6 3 4 1 14 12 1 1 1 8 11 1 4 |8 5 24 10 1 1 4 11 1 1 3 4 6 8 1 10 |4 7 1 1 1 1 8 14 18 11 18 4 9 4 1 1 |1 8 9 2 1 1 17 7 20 10 3 18 1 5 1 25 |2 2 7 3 11 7 1 7 1 5 11 1 1 20 19 8 |3 1 1 6 15 13 3 8 1 18 19 1 15 1 1 15 |12 1 1 5 1 1 1 1 7 2 2 6 1 1 18 15 |
3359: 2 2 2 1 2 1 9 1 1 4 1 1 13 3 20 15 |9 2 2 1 3 1 1 1 1 3 4 15 19 1 1 5 |8 1 16 13 9 1 17 9 1 1 1 1 9 7 1 4 |1 6 14 3 12 1 1 24 1 12 1 15 7 1 6 1 |1 1 1 1 4 1 1 4 7 12 9 1 13 10 1 2 |1 21 3 6 3 4 1 14 12 1 1 1 8 11 1 4 |8 5 24 10 1 1 4 11 1 1 3 4 6 8 1 10 |4 7 1 1 1 1 8 14 18 11 18 4 9 4 1 1 |1 8 9 2 1 1 17 7 20 10 3 18 1 5 1 25 |2 2 7 3 11 7 1 7 1 5 11 1 1 20 19 8 |3 1 1 6 15 13 3 8 1 18 19 1 15 1 1 15 |12 1 1 5 1 1 1 1 7 2 2 6 1 1 18 15 |
3370: 1 1 1 1 1 2 4 3 7 1 1 1 13 4 25 15 |9 2 1 1 2 1 16 1 6 1 3 14 25 1 1 18 |10 14 15 13 9 1 18 10 3 1 2 4 1 1 2 4 |1 9 16 1 12 1 2 22 1 12 11 18 6 7 6 1 |1 8 1 7 4 3 10 3 8 12 16 1 14 1 1 13 |1 19 1 8 1 1 1 14 10 1 4 1 9 14 5 10 |8 5 24 10 1 1 4 11 1 1 3 4 6 8 1 10 |4 7 1 1 1 1 8 14 18 11 18 4 9 4 1 1 |1 8 9 2 1 1 17 7 20 10 3 18 1 5 1 25 |2 2 7 3 11 7 1 7 1 5 11 1 1 20 19 8 |3 1 1 6 15 13 3 8 1 18 19 1 15 1 1 15 |12 1 1 5 1 1 1 1 7 2 2 6 1 1 18 15 |
3381: 1 1 1 1 1 2 4 3 7 1 1 1 13 4 25 15 |9 2 1 1 2 1 16 1 6 1 3 14 25 1 1 18 |10 14 15 13 9 1 18 10 3 1 2 4 1 1 2 4 |1 9 16 1 12 1 2 22 1 12 11 18 6 7 6 1 |1 8 1 7 4 3 10 3 8 12 16 1 14 1 1 13 |1 19 1 8 1 1 1 14 10 1 4 1 9 14 5 10 |1 5 22 4 6 1 1 11 1 1 2 8 24 5 20 5 |4 12 14 1 11 1 8 8 21 17 18 1 14 16 72 90 |1 1 5 1 11 1 17 8 22 15 4 21 5 12 68 178 |1 3 8 8 1 1 1 1 1 1 18 6 1 22 27 25 |1 1 9 15 1 15 1 6 1 18 20 1 15 2 16 23 |12 1 1 6 1 6 1 8 5 2 10 6 1 1 6 11 |
3392: 1 1 1 1 1 2 4 3 7 1 1 1 13 4 25 15 |9 2 1 1 2 1 16 1 6 1 3 14 25 1 1 18 |10 14 15 13 9 1 18 10 3 1 2 4 1 1 2 4 |1 9 16 1 12 1 2 22 1 12 11 18 6 7 6 1 |1 8 1 7 4 3 10 3 8 12 16 1 14 1 1 13 |1 19 1 8 1 1 1 14 10 1 4 1 9 14 5 10 |1 5 22 4 6 1 1 11 1 1 2 8 24 5 20 5 |4 12 14 1 11 1 8 8 21 17 18 1 14 16 72 90 |1 1 5 1 11 1 17 8 22 15 4 21 5 12 68 178 |1 3 8 8 1 1 1 1 1 1 18 6 1 22 27 25 |1 1 9 15 1 15 1 6 1 18 20 1 15 2 16 23 |12 1 1 6 1 6 1 8 5 2 10 6 1 1 6 11 |
3403: 1 11 1 1 2 1 1 3 8 2 1 3 12 1 25 17 |8 5 1 1 3 1 1 2 6 3 4 15 19 3 8 7 |10 15 16 6 12 4 12 8 9 8 9 4 9 1 1 9 |1 6 17 1 11 3 2 24 1 12 3 18 5 10 12 12 |1 9 1 1 7 1 11 3 8 19 17 2 15 11 9 22 |3 17 3 12 1 3 1 15 9 5 1 1 11 19 12 5 |7 14 23 5 6 1 2 11 1 3 8 23 24 39 72 19 |1 3 5 1 5 1 9 21 27 23 22 10 15 114 269 238 |1 1 5 1 11 1 17 8 22 15 4 21 5 12 68 178 |1 3 8 8 1 1 1 1 1 1 18 6 1 22 27 25 |1 1 9 15 1 15 1 6 1 18 20 1 15 2 16 23 |12 1 1 6 1 6 1 8 5 2 10 6 1 1 6 11 |
3414: 1 11 1 1 2 1 1 3 8 2 1 3 12 1 25 17 |8 5 1 1 3 1 1 2 6 3 4 15 19 3 8 7 |10 15 16 6 12 4 12 8 9 8 9 4 9 1 1 9 |1 6 17 1 11 3 2 24 1 12 3 18 5 10 12 12 |1 9 1 1 7 1 11 3 8 19 17 2 15 11 9 22 |3 17 3 12 1 3 1 15 9 5 1 1 11 19 12 5 |7 14 23 5 6 1 2 11 1 3 8 23 24 39 72 19 |1 3 5 1 5 1 9 21 27 23 22 10 15 114 269 238 |14 12 15 9 8 1 7 21 26 11 1 29 7 52 199 274 |1 4 6 18 11 1 1 1 1 1 6 11 6 13 31 77 |3 1 8 9 15 14 1 1 3 17 12 1 17 3 10 27 |13 1 1 7 1 8 7 3 6 1 9 6 1 1 6 25 |
3425: 1 11 1 1 2 1 1 3 8 2 1 3 12 1 25 17 |8 5 1 1 3 1 1 2 6 3 4 15 19 3 8 7 |10 15 16 6 12 4 12 8 9 8 9 4 9 1 1 9 |1 6 17 1 11 3 2 24 1 12 3 18 5 10 12 12 |1 9 1 1 7 1 11 3 8 19 17 2 15 11 9 22 |3 17 3 12 1 3 1 15 9 5 1 1 11 19 12 5 |7 14 23 5 6 1 2 11 1 3 8 23 24 39 72 19 |1 3 5 1 5 1 9 21 27 23 22 10 15 114 269 238 |14 12 15 9 8 1 7 21 26 11 1 29 7 52 199 274 |1 4 6 18 11 1 1 1 1 1 6 11 6 13 31 77 |3 1 8 9 15 14 1 1 3 17 12 1 17 3 10 27 |13 1 1 7 1 8 7 3 6 1 9 6 1 1 6 25 |
3436: 2 1 1 1 1 6 10 1 1 2 1 1 13 1 9 14 |9 3 1 1 4 1 1 1 6 3 1 16 19 8 13 8 |10 6 16 6 12 6 15 1 8 9 11 4 1 10 3 6 |1 12 13 4 11 1 3 24 1 12 3 19 5 2 3 1 |1 1 8 8 5 1 3 5 7 17 10 9 16 17 11 22 |3 13 1 6 1 1 7 16 5 8 4 7 4 23 11 3 |8 5 23 11 1 1 1 11 2 1 10 26 32 63 104 34 |1 3 5 1 5 1 9 21 27 23 22 10 15 114 269 238 |14 12 15 9 8 1 7 21 26 11 1 29 7 52 199 274 |1 4 6 18 11 1 1 1 1 1 6 11 6 13 31 77 |3 1 8 9 15 14 1 1 3 17 12 1 17 3 10 27 |13 1 1 7 1 8 7 3 6 1 9 6 1 1 6 25 |
3447: 2 1 1 1 1 6 10 1 1 2 1 1 13 1 9 14 |9 3 1 1 4 1 1 1 6 3 1 16 19 8 13 8 |10 6 16 6 12 6 15 1 8 9 11 4 1 10 3 6 |1 12 13 4 11 1 3 24 1 12 3 19 5 2 3 1 |1 1 8 8 5 1 3 5 7 17 10 9 16 17 11 22 |3 13 1 6 1 1 7 16 5 8 4 7 4 23 11 3 |8 5 23 11 1 1 1 11 2 1 10 26 32 63 104 34 |3 20 16 15 12 13 6 17 13 8 10 1 33 173 262 258 |16 9 20 3 1 4 16 19 27 12 1 29 14 75 233 271 |1 8 15 9 9 1 1 1 1 5 13 13 7 27 55 101 |1 1 9 9 15 13 2 8 1 18 20 8 17 3 11 27 |13 1 1 6 1 1 1 3 4 2 10 6 1 1 6 25 |
3458: 2 1 1 1 1 6 10 1 1 2 1 1 13 1 9 14 |9 3 1 1 4 1 1 1 6 3 1 16 19 8 13 8 |10 6 16 6 12 6 15 1 8 9 11 4 1 10 3 6 |1 12 13 4 11 1 3 24 1 12 3 19 5 2 3 1 |1 1 8 8 5 1 3 5 7 17 10 9 16 17 11 22 |3 13 1 6 1 1 7 16 5 8 4 7 4 23 11 3 |8 5 23 11 1 1 1 11 2 1 10 26 32 63 104 34 |3 20 16 15 12 13 6 17 13 8 10 1 33 173 262 258 |16 9 20 3 1 4 16 19 27 12 1 29 14 75 233 271 |1 8 15 9 9 1 1 1 1 5 13 13 7 27 55 101 |1 1 9 9 15 13 2 8 1 18 20 8 17 3 11 27 |13 1 1 6 1 1 1 3 4 2 10 6 1 1 6 25 |
3469: 1 1 3 1 1 7 1 3 7 2 1 1 13 10 25 13 |10 8 1 1 3 1 1 2 6 4 1 15 22 8 8 9 |12 13 16 6 12 7 8 1 10 7 11 3 2 12 7 5 |1 6 14 1 13 2 3 17 1 12 3 18 5 11 2 11 |1 1 7 8 6 1 2 4 8 17 19 7 16 18 10 21 |2 13 1 5 1 5 7 13 4 8 1 8 5 24 15 1 |9 14 17 1 1 1 2 1 1 10 15 12 25 71 123 39 |3 20 16 15 12 13 6 17 13 8 10 1 33 173 262 258 |16 9 20 3 1 4 16 19 27 12 1 29 14 75 233 271 |1 8 15 9 9 1 1 1 1 5 13 13 7 27 55 101 |1 1 9 9 15 13 2 8 1 18 20 8 17 3 11 27 |13 1 1 6 1 1 1 3 4 2 10 6 1 1 6 25 |
3480: 1 1 3 1 1 7 1 3 7 2 1 1 13 10 25 13 |10 8 1 1 3 1 1 2 6 4 1 15 22 8 8 9 |12 13 16 6 12 7 8 1 10 7 11 3 2 12 7 5 |1 6 14 1 13 2 3 17 1 12 3 18 5 11 2 11 |1 1 7 8 6 1 2 4 8 17 19 7 16 18 10 21 |2 13 1 5 1 5 7 13 4 8 1 8 5 24 15 1 |9 14 17 1 1 1 2 1 1 10 15 12 25 71 123 39 |1 25 9 1 5 1 1 23 23 6 16 4 25 193 268 246 |11 12 16 2 26 1 16 21 20 5 8 31 15 99 252 274 |7 3 10 23 11 13 1 1 1 1 5 10 6 16 65 91 |1 1 9 14 3 2 3 8 1 19 21 9 16 3 11 8 |13 1 1 7 1 7 1 7 6 2 10 6 1 1 6 26 |
3491: 1 1 3 1 1 7 1 3 7 2 1 1 13 10 25 13 |10 8 1 1 3 1 1 2 6 4 1 15 22 8 8 9 |12 13 16 6 12 7 8 1 10 7 11 3 2 12 7 5 |1 6 14 1 13 2 3 17 1 12 3 18 5 11 2 11 |1 1 7 8 6 1 2 4 8 17 19 7 16 18 10 21 |2 13 1 5 1 5 7 13 4 8 1 8 5 24 15 1 |9 14 17 1 1 1 2 1 1 10 15 12 25 71 123 39 |1 25 9 1 5 1 1 23 23 6 16 4 25 193 268 246 |11 12 16 2 26 1 16 21 20 5 8 31 15 99 252 274 |7 3 10 23 11 13 1 1 1 1 5 10 6 16 65 91 |1 1 9 14 3 2 3 8 1 19 21 9 16 3 11 8 |13 1 1 7 1 7 1 7 6 2 10 6 1 1 6 26 |
3502: 2 4 1 1 1 1 1 3 7 2 1 1 13 8 18 17 |8 6 1 4 2 1 1 2 6 3 1 17 19 9 13 8 |11 12 16 6 13 6 7 5 9 1 10 5 1 14 8 6 |1 5 16 1 7 7 3 24 1 14 12 17 5 14 17 1 |1 8 1 13 6 1 2 1 10 18 19 7 16 19 8 23 |2 17 3 13 1 1 1 15 5 8 1 9 3 25 4 4 |11 13 11 3 1 1 12 1 1 11 15 12 27 82 141 52 |10 4 7 1 1 1 12 18 27 14 16 3 34 207 257 246 |11 12 16 2 26 1 16 21 20 5 8 31 15 99 252 274 |7 3 10 23 11 13 1 1 1 1 5 10 6 16 65 91 |1 1 9 14 3 2 3 8 1 19 21 9 16 3 11 8 |13 1 1 7 1 7 1 7 6 2 10 6 1 1 6 26 |
3513: 2 4 1 1 1 1 1 3 7 2 1 1 13 8 18 17 |8 6 1 4 2 1 1 2 6 3 1 17 19 9 13 8 |11 12 16 6 13 6 7 5 9 1 10 5 1 14 8 6 |1 5 16 1 7 7 3 24 1 14 12 17 5 14 17 1 |1 8 1 13 6 1 2 1 10 18 19 7 16 19 8 23 |2 17 3 13 1 1 1 15 5 8 1 9 3 25 4 4 |11 13 11 3 1 1 12 1 1 11 15 12 27 82 141 52 |10 4 7 1 1 1 12 18 27 14 16 3 34 207 257 246 |12 11 19 3 8 1 5 20 17 20 9 25 19 124 254 268 |1 9 14 6 9 1 1 1 1 1 6 10 12 27 70 97 |3 8 7 15 15 12 2 8 1 19 21 9 9 1 11 27 |21 1 1 7 1 7 8 7 5 2 10 7 1 1 7 26 |
3524: 3 4 1 1 1 1 1 5 9 3 1 1 13 4 9 13 |8 6 1 4 2 1 1 2 6 3 1 17 19 9 13 8 |11 12 16 6 13 6 7 5 9 1 10 5 1 14 8 6 |1 5 16 1 7 7 3 24 1 14 12 17 5 14 17 1 |1 8 1 13 6 1 2 1 10 18 19 7 16 19 8 23 |2 17 3 13 1 1 1 15 5 8 1 9 3 25 4 4 |11 13 11 3 1 1 12 1 1 11 15 12 27 82 141 52 |10 4 7 1 1 1 12 18 27 14 16 3 34 207 257 246 |12 11 19 3 8 1 5 20 17 20 9 25 19 124 254 268 |1 9 14 6 9 1 1 1 1 1 6 10 12 27 70 97 |3 8 7 15 15 12 2 8 1 19 21 9 9 1 11 27 |21 1 1 7 1 7 8 7 5 2 10 7 1 1 7 26 |
3535: 3 4 1 1 1 1 1 5 9 3 1 1 13 4 9 13 |9 6 1 1 2 1 1 2 7 9 1 15 23 11 7 9 |12 12 15 6 12 1 14 8 8 5 8 1 1 12 8 6 |1 11 10 4 12 2 3 25 4 13 12 20 6 10 15 11 |1 13 7 13 8 1 2 4 8 18 19 7 16 18 10 22 |2 13 1 5 1 1 1 7 13 6 1 10 6 29 4 4 |9 18 20 17 1 1 12 1 1 3 23 19 28 110 148 53 |5 8 8 2 5 1 1 24 21 26 10 11 49 224 260 249 |12 11 19 3 8 1 5 20 17 20 9 25 19 124 254 268 |1 9 14 6 9 1 1 1 1 1 6 10 12 27 70 97 |3 8 7 15 15 12 2 8 1 19 21 9 9 1 11 27 |21 1 1 7 1 7 8 7 5 2 10 7 1 1 7 26 |
3546: 3 4 1 1 1 1 1 5 9 3 1 1 13 4 9 13 |9 6 1 1 2 1 1 2 7 9 1 15 23 11 7 9 |12 12 15 6 12 1 14 8 8 5 8 1 1 12 8 6 |1 11 10 4 12 2 3 25 4 13 12 20 6 10 15 11 |1 13 7 13 8 1 2 4 8 18 19 7 16 18 10 22 |2 13 1 5 1 1 1 7 13 6 1 10 6 29 4 4 |9 18 20 17 1 1 12 1 1 3 23 19 28 110 148 53 |5 8 8 2 5 1 1 24 21 26 10 11 49 224 260 249 |12 7 21 1 1 1 19 18 28 13 10 21 17 126 252 280 |1 2 11 8 3 1 1 1 1 1 6 12 7 27 58 103 |3 1 8 8 8 13 1 8 3 17 12 1 5 1 11 27 |13 1 1 6 1 7 7 3 5 2 10 7 3 12 12 26 |
3557: 2 3 4 1 1 1 1 4 8 3 1 1 14 10 25 13 |9 6 1 1 2 1 1 2 7 9 1 15 23 11 7 9 |12 12 15 6 12 1 14 8 8 5 8 1 1 12 8 6 |1 11 10 4 12 2 3 25 4 13 12 20 6 10 15 11 |1 13 7 13 8 1 2 4 8 18 19 7 16 18 10 22 |2 13 1 5 1 1 1 7 13 6 1 10 6 29 4 4 |9 18 20 17 1 1 12 1 1 3 23 19 28 110 148 53 |5 8 8 2 5 1 1 24 21 26 10 11 49 224 260 249 |12 7 21 1 1 1 19 18 28 13 10 21 17 126 252 280 |1 2 11 8 3 1 1 1 1 1 6 12 7 27 58 103 |3 1 8 8 8 13 1 8 3 17 12 1 5 1 11 27 |13 1 1 6 1 7 7 3 5 2 10 7 3 12 12 26 |
3568: 2 3 4 1 1 1 1 4 8 3 1 1 14 10 25 13 |1 7 1 1 1 1 1 2 6 8 4 14 23 9 13 14 |11 14 16 13 9 10 17 7 10 6 7 1 1 14 10 11 |1 6 1 1 11 3 2 24 1 14 13 8 1 15 17 1 |1 7 1 1 5 1 3 5 8 17 7 9 4 19 9 23 |1 19 1 5 1 2 1 15 10 9 1 9 4 29 15 4 |1 15 22 12 5 1 1 13 1 8 19 17 32 128 161 54 |2 3 5 1 2 9 10 17 15 13 13 1 50 247 268 261 |10 10 18 1 8 1 9 21 22 13 1 18 14 124 260 276 |1 2 11 8 3 1 1 1 1 1 6 12 7 27 58 103 |3 1 8 8 8 13 1 8 3 17 12 1 5 1 11 27 |13 1 1 6 1 7 7 3 5 2 10 7 3 12 12 26 |
3579: 2 3 4 1 1 1 1 4 8 3 1 1 14 10 25 13 |1 7 1 1 1 1 1 2 6 8 4 14 23 9 13 14 |11 14 16 13 9 10 17 7 10 6 7 1 1 14 10 11 |1 6 1 1 11 3 2 24 1 14 13 8 1 15 17 1 |1 7 1 1 5 1 3 5 8 17 7 9 4 19 9 23 |1 19 1 5 1 2 1 15 10 9 1 9 4 29 15 4 |1 15 22 12 5 1 1 13 1 8 19 17 32 128 161 54 |2 3 5 1 2 9 10 17 15 13 13 1 50 247 268 261 |10 10 18 1 8 1 9 21 22 13 1 18 14 124 260 276 |1 2 15 21 10 1 1 1 1 1 18 8 11 27 65 102 |3 1 9 14 15 14 1 1 3 18 12 1 17 1 15 20 |14 1 1 5 1 8 7 7 6 2 10 7 1 14 13 20 |
3590: 2 3 4 1 1 1 1 4 8 3 1 1 14 10 25 13 |1 7 1 1 1 1 1 2 6 8 4 14 23 9 13 14 |11 14 16 13 9 10 17 7 10 6 7 1 1 14 10 11 |1 6 1 1 11 3 2 24 1 14 13 8 1 15 17 1 |1 7 1 1 5 1 3 5 8 17 7 9 4 19 9 23 |1 19 1 5 1 2 1 15 10 9 1 9 4 29 15 4 |1 15 22 12 5 1 1 13 1 8 19 17 32 128 161 54 |2 3 5 1 2 9 10 17 15 13 13 1 50 247 268 261 |10 10 18 1 8 1 9 21 22 13 1 18 14 124 260 276 |1 2 15 21 10 1 1 1 1 1 18 8 11 27 65 102 |3 1 9 14 15 14 1 1 3 18 12 1 17 1 15 20 |14 1 1 5 1 8 7 7 6 2 10 7 1 14 13 20 |
3601: 1 1 4 1 1 1 1 4 7 4 3 1 14 9 25 17 |9 13 1 1 2 1 1 10 6 8 1 16 22 10 6 9 |12 13 16 6 12 8 19 9 9 9 12 2 10 12 14 11 |1 5 15 1 12 2 3 14 1 14 12 20 5 4 12 1 |1 9 7 8 5 1 10 1 10 20 13 10 16 18 10 25 |2 18 2 6 1 2 1 15 3 9 1 12 9 30 12 3 |8 14 18 20 1 8 5 12 2 10 18 16 29 119 156 42 |4 14 7 1 13 8 2 10 15 9 10 4 50 237 267 259 |10 10 18 1 8 1 9 21 22 13 1 18 14 124 260 276 |1 2 15 21 10 1 1 1 1 1 18 8 11 27 65 102 |3 1 9 14 15 14 1 1 3 18 12 1 17 1 15 20 |14 1 1 5 1 8 7 7 6 2 10 7 1 14 13 20 |
3612: 1 1 4 1 1 1 1 4 7 4 3 1 14 9 25 17 |9 13 1 1 2 1 1 10 6 8 1 16 22 10 6 9 |12 13 16 6 12 8 19 9 9 9 12 2 10 12 14 11 |1 5 15 1 12 2 3 14 1 14 12 20 5 4 12 1 |1 9 7 8 5 1 10 1 10 20 13 10 16 18 10 25 |2 18 2 6 1 2 1 15 3 9 1 12 9 30 12 3 |8 14 18 20 1 8 5 12 2 10 18 16 29 119 156 42 |4 14 7 1 13 8 2 10 15 9 10 4 50 237 267 259 |11 10 15 1 15 4 5 20 27 12 1 21 15 124 257 278 |6 3 3 22 7 1 1 1 1 1 6 1 1 27 64 102 |4 1 8 14 15 8 4 4 4 17 13 2 3 2 11 26 |13 1 1 7 1 8 8 2 5 2 10 7 1 8 12 25 |
3623: 2 3 1 1 1 1 1 3 4 1 4 1 13 10 24 13 |9 13 1 1 2 1 1 10 6 8 1 16 22 10 6 9 |12 13 16 6 12 8 19 9 9 9 12 2 10 12 14 11 |1 5 15 1 12 2 3 14 1 14 12 20 5 4 12 1 |1 9 7 8 5 1 10 1 10 20 13 10 16 18 10 25 |2 18 2 6 1 2 1 15 3 9 1 12 9 30 12 3 |8 14 18 20 1 8 5 12 2 10 18 16 29 119 156 42 |4 14 7 1 13 8 2 10 15 9 10 4 50 237 267 259 |11 10 15 1 15 4 5 20 27 12 1 21 15 124 257 278 |6 3 3 22 7 1 1 1 1 1 6 1 1 27 64 102 |4 1 8 14 15 8 4 4 4 17 13 2 3 2 11 26 |13 1 1 7 1 8 8 2 5 2 10 7 1 8 12 25 |
3634: 2 3 1 1 1 1 1 3 4 1 4 1 13 10 24 13 |11 6 1 1 2 1 15 15 4 1 5 12 13 2 5 7 |11 15 15 6 9 13 8 8 8 4 8 1 2 15 8 6 |1 6 20 1 10 1 10 24 1 14 11 19 6 12 11 1 |1 7 1 8 5 1 3 1 10 12 19 8 4 18 10 23 |1 20 1 5 1 1 1 14 10 6 3 10 6 30 4 3 |7 12 20 11 5 1 12 2 1 10 22 17 42 107 155 47 |9 6 10 7 11 1 17 22 27 23 24 6 33 224 256 263 |11 10 15 1 15 4 5 20 27 12 1 21 15 124 257 278 |6 3 3 22 7 1 1 1 1 1 6 1 1 27 64 102 |4 1 8 14 15 8 4 4 4 17 13 2 3 2 11 26 |13 1 1 7 1 8 8 2 5 2 10 7 1 8 12 25 |
3645: 2 3 1 1 1 1 1 3 4 1 4 1 13 10 24 13 |11 6 1 1 2 1 15 15 4 1 5 12 13 2 5 7 |11 15 15 6 9 13 8 8 8 4 8 1 2 15 8 6 |1 6 20 1 10 1 10 24 1 14 11 19 6 12 11 1 |1 7 1 8 5 1 3 1 10 12 19 8 4 18 10 23 |1 20 1 5 1 1 1 14 10 6 3 10 6 30 4 3 |7 12 20 11 5 1 12 2 1 10 22 17 42 107 155 47 |9 6 10 7 11 1 17 22 27 23 24 6 33 224 256 263 |12 10 21 1 11 1 6 21 27 12 1 29 20 131 258 276 |1 9 14 17 11 1 1 1 1 1 5 11 14 27 65 103 |4 2 8 15 15 8 3 8 1 19 20 6 17 4 11 26 |20 1 1 8 1 8 6 7 5 3 9 6 1 1 7 27 |
3656: 2 3 1 1 1 1 1 3 4 1 4 1 13 10 24 13 |11 6 1 1 2 1 15 15 4 1 5 12 13 2 5 7 |11 15 15 6 9 13 8 8 8 4 8 1 2 15 8 6 |1 6 20 1 10 1 10 24 1 14 11 19 6 12 11 1 |1 7 1 8 5 1 3 1 10 12 19 8 4 18 10 23 |1 20 1 5 1 1 1 14 10 6 3 10 6 30 4 3 |7 12 20 11 5 1 12 2 1 10 22 17 42 107 155 47 |9 6 10 7 11 1 17 22 27 23 24 6 33 224 256 263 |12 10 21 1 11 1 6 21 27 12 1 29 20 131 258 276 |1 9 14 17 11 1 1 1 1 1 5 11 14 27 65 103 |4 2 8 15 15 8 3 8 1 19 20 6 17 4 11 26 |20 1 1 8 1 8 6 7 5 3 9 6 1 1 7 27 |
3667: 2 8 1 1 1 3 1 4 9 1 1 3 7 10 25 13 |8 6 1 1 3 1 13 9 8 6 3 16 23 10 7 9 |10 14 16 13 11 6 9 10 8 5 8 1 1 1 3 1 |1 12 18 1 11 2 11 14 1 14 13 19 6 10 3 1 |1 1 1 8 4 1 13 1 10 17 19 8 15 18 11 23 |2 19 1 5 1 1 1 15 4 8 1 11 9 29 4 1 |7 12 20 11 5 1 12 2 1 10 22 17 42 107 155 47 |9 6 10 7 11 1 17 22 27 23 24 6 33 224 256 263 |12 10 21 1 11 1 6 21 27 12 1 29 20 131 258 276 |1 9 14 17 11 1 1 1 1 1 5 11 14 27 65 103 |4 2 8 15 15 8 3 8 1 19 20 6 17 4 11 26 |20 1 1 8 1 8 6 7 5 3 9 6 1 1 7 27 |
3678: 2 8 1 1 1 3 1 4 9 1 1 3 7 10 25 13 |8 6 1 1 3 1 13 9 8 6 3 16 23 10 7 9 |10 14 16 13 11 6 9 10 8 5 8 1 1 1 3 1 |1 12 18 1 11 2 11 14 1 14 13 19 6 10 3 1 |1 1 1 8 4 1 13 1 10 17 19 8 15 18 11 23 |2 19 1 5 1 1 1 15 4 8 1 11 9 29 4 1 |6 21 17 17 1 1 11 1 1 11 22 19 27 110 143 40 |10 10 11 1 15 1 1 13 20 9 27 4 45 233 266 254 |10 10 17 3 11 3 6 21 26 11 9 20 11 126 259 278 |1 9 15 21 12 1 1 1 1 1 5 11 7 28 69 102 |3 2 8 15 1 14 3 8 1 17 21 9 14 3 11 26 |12 1 1 7 1 8 6 7 5 2 10 7 1 1 7 26 |
3689: 2 8 1 1 1 3 1 4 9 1 1 3 7 10 25 13 |8 6 1 1 3 1 13 9 8 6 3 16 23 10 7 9 |10 14 16 13 11 6 9 10 8 5 8 1 1 1 3 1 |1 12 18 1 11 2 11 14 1 14 13 19 6 10 3 1 |1 1 1 8 4 1 13 1 10 17 19 8 15 18 11 23 |2 19 1 5 1 1 1 15 4 8 1 11 9 29 4 1 |6 21 17 17 1 1 11 1 1 11 22 19 27 110 143 40 |10 10 11 1 15 1 1 13 20 9 27 4 45 233 266 254 |10 10 17 3 11 3 6 21 26 11 9 20 11 126 259 278 |1 9 15 21 12 1 1 1 1 1 5 11 7 28 69 102 |3 2 8 15 1 14 3 8 1 17 21 9 14 3 11 26 |12 1 1 7 1 8 6 7 5 2 10 7 1 1 7 26 |
3700: 1 10 3 1 1 1 10 1 1 2 5 1 14 10 24 14 |2 6 3 1 3 1 6 3 8 8 1 16 23 9 7 9 |10 20 13 7 13 8 6 9 8 4 9 1 7 4 1 11 |1 12 12 1 11 1 3 15 4 16 12 20 7 14 11 1 |1 7 1 1 1 7 12 1 10 19 13 11 2 20 6 23 |2 17 1 6 7 8 1 14 10 9 7 10 9 30 5 3 |6 21 17 17 1 1 11 1 1 11 22 19 27 110 143 40 |10 10 11 1 15 1 1 13 20 9 27 4 45 233 266 254 |10 10 17 3 11 3 6 21 26 11 9 20 11 126 259 278 |1 9 15 21 12 1 1 1 1 1 5 11 7 28 69 102 |3 2 8 15 1 14 3 8 1 17 21 9 14 3 11 26 |12 1 1 7 1 8 6 7 5 2 10 7 1 1 7 26 |
3711: 1 10 3 1 1 1 10 1 1 2 5 1 14 10 24 14 |2 6 3 1 3 1 6 3 8 8 1 16 23 9 7 9 |10 20 13 7 13 8 6 9 8 4 9 1 7 4 1 11 |1 12 12 1 11 1 3 15 4 16 12 20 7 14 11 1 |1 7 1 1 1 7 12 1 10 19 13 11 2 20 6 23 |2 17 1 6 7 8 1 14 10 9 7 10 9 30 5 3 |12 19 23 11 1 1 1 12 1 11 15 13 25 74 133 53 |4 18 19 12 5 3 1 21 26 15 22 5 35 188 266 266 |1 3 15 12 14 2 9 21 25 15 1 16 7 88 236 285 |1 9 15 22 12 13 1 1 1 1 5 8 6 13 47 84 |3 2 9 8 17 14 1 6 1 18 20 1 18 3 10 27 |13 1 10 7 1 2 1 3 6 2 10 7 1 1 7 27 |
3721: 1 10 3 1 1 1 10 1 1 2 5 1 14 10 24 14 |2 6 3 1 3 1 6 3 8 8 1 16 23 9 7 9 |10 20 13 7 13 8 6 9 8 4 9 1 7 4 1 11 |1 12 12 1 11 1 3 15 4 16 12 20 7 14 11 1 |1 7 1 1 1 7 12 1 10 19 13 11 2 20 6 23 |2 17 1 6 7 8 1 14 10 9 7 10 9 30 5 3 |12 19 23 11 1 1 1 12 1 11 15 13 25 74 133 53 |4 18 19 12 5 3 1 21 26 15 22 5 35 188 266 266 |1 3 15 12 14 2 9 21 25 15 1 16 7 88 236 285 |1 9 15 22 12 13 1 1 1 1 5 8 6 13 47 84 |3 2 9 8 17 14 1 6 1 18 20 1 18 3 10 27 |13 1 10 7 1 2 1 3 6 2 10 7 1 1 7 27 |
3732: 3 3 1 1 1 2 1 5 13 3 1 1 13 8 14 13 |9 6 1 1 1 1 4 2 7 4 1 16 24 10 11 10 |11 16 17 7 13 7 10 1 9 5 8 8 2 13 4 6 |1 12 12 1 11 1 3 15 4 16 12 20 7 14 11 1 |1 7 1 1 1 7 12 1 10 19 13 11 2 20 6 23 |2 17 1 6 7 8 1 14 10 9 7 10 9 30 5 3 |12 19 23 11 1 1 1 12 1 11 15 13 25 74 133 53 |4 18 19 12 5 3 1 21 26 15 22 5 35 188 266 266 |1 3 15 12 14 2 9 21 25 15 1 16 7 88 236 285 |1 9 15 22 12 13 1 1 1 1 5 8 6 13 47 84 |3 2 9 8 17 14 1 6 1 18 20 1 18 3 10 27 |13 1 10 7 1 2 1 3 6 2 10 7 1 1 7 27 |
3743: 3 3 1 1 1 2 1 5 13 3 1 1 13 8 14 13 |9 6 1 1 1 1 4 2 7 4 1 16 24 10 11 10 |11 16 17 7 13 7 10 1 9 5 8 8 2 13 4 6 |1 7 15 1 12 2 5 23 5 13 19 19 6 10 3 1 |1 7 6 13 1 1 12 1 11 19 12 10 3 16 11 22 |1 3 1 6 1 1 1 13 10 7 1 9 1 17 4 3 |8 13 11 3 1 1 11 1 1 9 10 24 25 32 73 53 |3 4 8 1 7 9 1 24 27 10 21 12 23 56 266 253 |11 14 19 8 8 1 19 20 28 14 1 11 8 30 163 268 |1 2 9 8 1 1 1 8 1 4 12 10 4 9 26 27 |4 2 9 17 15 2 2 9 1 18 19 1 16 1 17 17 |7 1 1 5 1 8 7 8 5 1 9 6 2 6 6 10 |
3754: 3 3 1 1 1 2 1 5 13 3 1 1 13 8 14 13 |9 6 1 1 1 1 4 2 7 4 1 16 24 10 11 10 |11 16 17 7 13 7 10 1 9 5 8 8 2 13 4 6 |1 7 15 1 12 2 5 23 5 13 19 19 6 10 3 1 |1 7 6 13 1 1 12 1 11 19 12 10 3 16 11 22 |1 3 1 6 1 1 1 13 10 7 1 9 1 17 4 3 |8 13 11 3 1 1 11 1 1 9 10 24 25 32 73 53 |3 4 8 1 7 9 1 24 27 10 21 12 23 56 266 253 |11 14 19 8 8 1 19 20 28 14 1 11 8 30 163 268 |1 2 9 8 1 1 1 8 1 4 12 10 4 9 26 27 |4 2 9 17 15 2 2 9 1 18 19 1 16 1 17 17 |7 1 1 5 1 8 7 8 5 1 9 6 2 6 6 10 |
3765: 1 1 1 1 1 1 1 1 1 5 5 1 14 1 25 21 |9 14 3 1 3 1 1 3 6 3 1 16 19 6 7 19 |10 1 1 3 13 3 17 10 2 4 8 1 11 10 6 1 |1 6 15 1 12 1 5 18 4 14 17 18 8 8 8 3 |1 1 1 1 6 1 1 4 8 17 16 1 15 12 1 14 |1 3 1 6 1 1 1 13 10 7 1 9 1 17 4 3 |8 13 11 3 1 1 11 1 1 9 10 24 25 32 73 53 |3 4 8 1 7 9 1 24 27 10 21 12 23 56 266 253 |11 14 19 8 8 1 19 20 28 14 1 11 8 30 163 268 |1 2 9 8 1 1 1 8 1 4 12 10 4 9 26 27 |4 2 9 17 15 2 2 9 1 18 19 1 16 1 17 17 |7 1 1 5 1 8 7 8 5 1 9 6 2 6 6 10 |
3776: 1 1 1 1 1 1 1 1 1 5 5 1 14 1 25 21 |9 14 3 1 3 1 1 3 6 3 1 16 19 6 7 19 |10 1 1 3 13 3 17 10 2 4 8 1 11 10 6 1 |1 6 15 1 12 1 5 18 4 14 17 18 8 8 8 3 |1 1 1 1 6 1 1 4 8 17 16 1 15 12 1 14 |2 18 1 5 1 1 1 13 9 1 1 1 10 14 1 10 |7 5 23 5 6 1 9 1 1 3 7 8 11 4 1 11 |4 7 9 1 2 1 8 13 20 16 19 1 1 1 1 8 |1 8 7 2 1 1 15 1 20 6 3 19 1 17 8 26 |1 3 8 2 13 5 1 8 1 5 12 9 1 21 12 2 |3 1 1 23 7 14 1 7 1 18 21 1 15 2 8 15 |7 1 1 5 1 8 7 8 5 1 9 6 2 6 6 10 |
3787: 1 1 1 1 1 1 1 1 1 5 5 1 14 1 25 21 |9 14 3 1 3 1 1 3 6 3 1 16 19 6 7 19 |10 1 1 3 13 3 17 10 2 4 8 1 11 10 6 1 |1 6 15 1 12 1 5 18 4 14 17 18 8 8 8 3 |1 1 1 1 6 1 1 4 8 17 16 1 15 12 1 14 |2 18 1 5 1 1 1 13 9 1 1 1 10 14 1 10 |7 5 23 5 6 1 9 1 1 3 7 8 11 4 1 11 |4 7 9 1 2 1 8 13 20 16 19 1 1 1 1 8 |1 8 7 2 1 1 15 1 20 6 3 19 1 17 8 26 |1 3 8 2 13 5 1 8 1 5 12 9 1 21 12 2 |3 1 1 23 7 14 1 7 1 18 21 1 15 2 8 15 |13 1 1 5 1 7 1 2 5 2 10 8 1 1 17 15 |
3798: 1 1 1 1 1 1 1 4 7 1 1 1 13 1 22 17 |9 6 1 1 2 1 14 9 8 2 2 15 23 1 12 6 |9 14 16 13 10 3 13 7 4 1 1 1 9 1 1 4 |1 6 15 1 12 1 5 18 4 14 17 18 8 8 8 3 |1 1 1 1 6 1 1 4 8 17 16 1 15 12 1 14 |2 18 1 5 1 1 1 13 9 1 1 1 10 14 1 10 |7 5 23 5 6 1 9 1 1 3 7 8 11 4 1 11 |4 7 9 1 2 1 8 13 20 16 19 1 1 1 1 8 |1 8 7 2 1 1 15 1 20 6 3 19 1 17 8 26 |1 3 8 2 13 5 1 8 1 5 12 9 1 21 12 2 |3 1 1 23 7 14 1 7 1 18 21 1 15 2 8 15 |13 1 1 5 1 7 1 2 5 2 10 8 1 1 17 15 |
3809: 1 1 1 1 1 1 1 4 7 1 1 1 13 1 22 17 |9 6 1 1 2 1 14 9 8 2 2 15 23 1 12 6 |9 14 16 13 10 3 13 7 4 1 1 1 9 1 1 4 |1 8 15 1 12 2 2 24 1 12 11 18 1 7 2 1 |1 7 1 7 5 1 11 2 7 16 10 1 13 10 1 13 |2 12 2 7 1 4 1 13 11 1 4 1 9 13 1 3 |1 5 17 13 6 1 1 11 1 1 3 9 6 8 1 9 |2 2 1 1 1 1 8 13 18 12 13 1 7 2 1 10 |2 7 5 1 1 2 15 1 20 6 2 18 1 5 1 19 |1 2 7 3 1 1 1 7 1 4 17 1 6 13 11 1 |2 2 8 8 1 16 1 7 1 18 20 1 15 1 1 16 |19 1 1 6 1 1 1 8 5 1 9 2 3 6 17 16 |
3820: 1 1 1 1 1 1 1 4 7 1 1 1 13 1 22 17 |9 6 1 1 2 1 14 9 8 2 2 15 23 1 12 6 |9 14 16 13 10 3 13 7 4 1 1 1 9 1 1 4 |1 8 15 1 12 2 2 24 1 12 11 18 1 7 2 1 |1 7 1 7 5 1 11 2 7 16 10 1 13 10 1 13 |2 12 2 7 1 4 1 13 11 1 4 1 9 13 1 3 |1 5 17 13 6 1 1 11 1 1 3 9 6 8 1 9 |2 2 1 1 1 1 8 13 18 12 13 1 7 2 1 10 |2 7 5 1 1 2 15 1 20 6 2 18 1 5 1 19 |1 2 7 3 1 1 1 7 1 4 17 1 6 13 11 1 |2 2 8 8 1 16 1 7 1 18 20 1 15 1 1 16 |19 1 1 6 1 1 1 8 5 1 9 2 3 6 17 16 |
3831: 2 11 2 1 1 1 9 3 8 1 1 4 6 4 22 9 |9 6 1 1 1 1 1 1 1 1 4 14 19 1 7 14 |9 6 16 13 9 1 11 10 7 1 1 3 6 6 1 1 |1 6 15 1 10 1 1 23 1 7 12 18 6 8 1 1 |1 7 1 7 5 1 11 2 7 16 10 1 13 10 1 13 |2 12 2 7 1 4 1 13 11 1 4 1 9 13 1 3 |1 5 17 13 6 1 1 11 1 1 3 9 6 8 1 9 |2 2 1 1 1 1 8 13 18 12 13 1 7 2 1 10 |2 7 5 1 1 2 15 1 20 6 2 18 1 5 1 19 |1 2 7 3 1 1 1 7 1 4 17 1 6 13 11 1 |2 2 8 8 1 16 1 7 1 18 20 1 15 1 1 16 |19 1 1 6 1 1 1 8 5 1 9 2 3 6 17 16 |
3842: 2 11 2 1 1 1 9 3 8 1 1 4 6 4 22 9 |9 6 1 1 1 1 1 1 1 1 4 14 19 1 7 14 |9 6 16 13 9 1 11 10 7 1 1 3 6 6 1 1 |1 6 15 1 10 1 1 23 1 7 12 18 6 8 1 1 |1 6 1 7 1 1 1 4 8 12 16 1 13 11 1 14 |2 13 2 7 1 3 1 13 11 1 1 1 9 13 1 4 |8 5 2 1 6 1 1 11 1 1 16 17 12 8 1 9 |1 12 1 1 1 3 8 13 19 11 6 4 8 1 1 9 |3 6 7 2 1 3 15 1 18 1 3 18 1 4 2 15 |1 2 4 3 12 5 1 7 1 4 17 1 6 13 15 1 |1 7 7 2 2 2 1 4 4 17 7 1 1 1 8 15 |13 1 2 6 1 8 7 7 5 3 9 1 3 5 17 10 |
3853: 2 11 2 1 1 1 9 3 8 1 1 4 6 4 22 9 |9 6 1 1 1 1 1 1 1 1 4 14 19 1 7 14 |9 6 16 13 9 1 11 10 7 1 1 3 6 6 1 1 |1 6 15 1 10 1 1 23 1 7 12 18 6 8 1 1 |1 6 1 7 1 1 1 4 8 12 16 1 13 11 1 14 |2 13 2 7 1 3 1 13 11 1 1 1 9 13 1 4 |8 5 2 1 6 1 1 11 1 1 16 17 12 8 1 9 |1 12 1 1 1 3 8 13 19 11 6 4 8 1 1 9 |3 6 7 2 1 3 15 1 18 1 3 18 1 4 2 15 |1 2 4 3 12 5 1 7 1 4 17 1 6 13 15 1 |1 7 7 2 2 2 1 4 4 17 7 1 1 1 8 15 |13 1 2 6 1 8 7 7 5 3 9 1 3 5 17 10 |
3864: 1 1 2 1 1 2 9 1 1 3 1 1 7 3 24 9 |8 5 2 1 2 1 1 2 6 2 1 15 19 1 1 6 |9 6 16 13 9 1 11 10 7 1 1 3 6 6 1 1 |1 6 15 1 10 1 1 23 1 7 12 18 6 8 1 1 |1 6 1 7 1 1 1 4 8 12 16 1 13 11 1 14 |2 13 2 7 1 3 1 13 11 1 1 1 9 13 1 4 |8 5 2 1 6 1 1 11 1 1 16 17 12 8 1 9 |1 12 1 1 1 3 8 13 19 11 6 4 8 1 1 9 |3 6 7 2 1 3 15 1 18 1 3 18 1 4 2 15 |1 2 4 3 12 5 1 7 1 4 17 1 6 13 15 1 |1 7 7 2 2 2 1 4 4 17 7 1 1 1 8 15 |13 1 2 6 1 8 7 7 5 3 9 1 3 5 17 10 |
3875: 1 1 2 1 1 2 9 1 1 3 1 1 7 3 24 9 |8 5 2 1 2 1 1 2 6 2 1 15 19 1 1 6 |9 16 16 6 12 4 6 6 4 1 1 1 10 1 1 5 |1 6 14 1 11 1 10 23 1 13 3 17 5 8 7 1 |1 1 1 15 5 1 1 4 8 16 16 1 15 12 2 16 |1 17 1 5 1 1 1 13 12 1 3 1 10 14 1 9 |8 4 23 5 5 1 1 11 1 1 3 4 10 8 7 8 |3 13 1 1 1 3 8 13 17 6 6 5 9 2 3 4 |1 2 7 2 4 1 16 9 6 2 4 18 1 3 1 4 |1 2 7 2 1 12 1 7 1 3 17 1 6 12 15 1 |2 1 11 7 3 1 2 7 1 18 19 1 1 1 1 15 |11 1 1 5 1 1 1 2 13 2 1 6 2 6 17 15 |
3886: 1 1 2 1 1 2 9 1 1 3 1 1 7 3 24 9 |8 5 2 1 2 1 1 2 6 2 1 15 19 1 1 6 |9 16 16 6 12 4 6 6 4 1 1 1 10 1 1 5 |1 6 14 1 11 1 10 23 1 13 3 17 5 8 7 1 |1 1 1 15 5 1 1 4 8 16 16 1 15 12 2 16 |1 17 1 5 1 1 1 13 12 1 3 1 10 14 1 9 |8 4 23 5 5 1 1 11 1 1 3 4 10 8 7 8 |3 13 1 1 1 3 8 13 17 6 6 5 9 2 3 4 |1 2 7 2 4 1 16 9 6 2 4 18 1 3 1 4 |1 2 7 2 1 12 1 7 1 3 17 1 6 12 15 1 |2 1 11 7 3 1 2 7 1 18 19 1 1 1 1 15 |11 1 1 5 1 1 1 2 13 2 1 6 2 6 17 15 |
3897: 1 5 2 1 1 1 9 3 7 1 1 3 7 2 19 11 |8 5 2 1 2 1 1 2 6 2 1 15 19 1 1 6 |9 16 16 6 12 4 6 6 4 1 1 1 10 1 1 5 |1 6 14 1 11 1 10 23 1 13 3 17 5 8 7 1 |1 1 1 15 5 1 1 4 8 16 16 1 15 12 2 16 |1 17 1 5 1 1 1 13 12 1 3 1 10 14 1 9 |8 4 23 5 5 1 1 11 1 1 3 4 10 8 7 8 |3 13 1 1 1 3 8 13 17 6 6 5 9 2 3 4 |1 2 7 2 4 1 16 9 6 2 4 18 1 3 1 4 |1 2 7 2 1 12 1 7 1 3 17 1 6 12 15 1 |2 1 11 7 3 1 2 7 1 18 19 1 1 1 1 15 |11 1 1 5 1 1 1 2 13 2 1 6 2 6 17 15 |
3908: 1 5 2 1 1 1 9 3 7 1 1 3 7 2 19 11 |1 6 3 1 2 1 8 1 6 8 4 15 19 1 1 18 |11 14 15 12 9 1 5 8 8 8 7 1 1 1 2 6 |1 12 16 1 12 1 1 25 1 12 3 19 5 10 3 1 |1 7 1 1 4 1 10 5 8 16 17 1 16 13 4 17 |1 18 3 11 1 1 1 14 10 7 5 2 10 20 12 4 |9 5 23 6 1 1 10 11 2 1 3 8 11 16 6 18 |4 12 2 1 6 1 8 14 18 17 19 1 9 1 12 14 |3 8 7 1 1 2 16 13 17 5 2 17 1 5 1 11 |2 2 8 2 12 6 3 8 1 2 16 1 7 13 15 1 |2 7 7 9 1 14 3 7 3 16 19 1 14 1 1 15 |11 1 1 5 1 1 1 2 13 2 1 6 2 6 17 15 |
3919: 1 5 2 1 1 1 9 3 7 1 1 3 7 2 19 11 |1 6 3 1 2 1 8 1 6 8 4 15 19 1 1 18 |11 14 15 12 9 1 5 8 8 8 7 1 1 1 2 6 |1 12 16 1 12 1 1 25 1 12 3 19 5 10 3 1 |1 7 1 1 4 1 10 5 8 16 17 1 16 13 4 17 |1 18 3 11 1 1 1 14 10 7 5 2 10 20 12 4 |9 5 23 6 1 1 10 11 2 1 3 8 11 16 6 18 |4 12 2 1 6 1 8 14 18 17 19 1 9 1 12 14 |3 8 7 1 1 2 16 13 17 5 2 17 1 5 1 11 |2 2 8 2 12 6 3 8 1 2 16 1 7 13 15 1 |2 7 7 9 1 14 3 7 3 16 19 1 14 1 1 15 |12 1 2 6 1 7 1 2 5 2 10 6 2 6 18 15 |
3930: 1 12 1 1 1 1 1 3 8 3 1 1 13 1 10 23 |1 6 3 1 2 1 8 1 6 8 4 15 19 1 1 18 |11 14 15 12 9 1 5 8 8 8 7 1 1 1 2 6 |1 12 16 1 12 1 1 25 1 12 3 19 5 10 3 1 |1 7 1 1 4 1 10 5 8 16 17 1 16 13 4 17 |1 18 3 11 1 1 1 14 10 7 5 2 10 20 12 4 |9 5 23 6 1 1 10 11 2 1 3 8 11 16 6 18 |4 12 2 1 6 1 8 14 18 17 19 1 9 1 12 14 |3 8 7 1 1 2 16 13 17 5 2 17 1 5 1 11 |2 2 8 2 12 6 3 8 1 2 16 1 7 13 15 1 |2 7 7 9 1 14 3 7 3 16 19 1 14 1 1 15 |12 1 2 6 1 7 1 2 5 2 10 6 2 6 18 15 |
3941: 1 12 1 1 1 1 1 3 8 3 1 1 13 1 10 23 |1 7 1 1 3 1 5 1 6 8 1 16 19 1 7 19 |10 15 16 6 13 5 15 1 9 5 7 1 5 10 10 1 |1 6 15 4 6 1 10 24 1 14 18 8 1 4 10 9 |1 7 1 8 5 1 11 1 10 19 12 10 12 22 3 9 |2 17 1 6 1 15 1 14 10 5 1 10 16 47 124 78 |14 18 9 6 13 9 10 1 9 10 24 23 33 69 261 257 |1 16 16 8 13 1 1 15 11 19 21 8 18 16 131 198 |4 2 10 1 1 1 16 1 19 6 3 18 1 18 13 30 |1 1 17 4 11 1 2 7 1 4 18 1 6 18 4 9 |2 7 6 8 15 1 1 1 2 17 12 1 14 2 16 16 |11 1 1 2 1 8 7 3 6 2 9 6 1 1 6 11 |
3952: 1 12 1 1 1 1 1 3 8 3 1 1 13 1 10 23 |1 7 1 1 3 1 5 1 6 8 1 16 19 1 7 19 |10 15 16 6 13 5 15 1 9 5 7 1 5 10 10 1 |1 6 15 4 6 1 10 24 1 14 18 8 1 4 10 9 |1 7 1 8 5 1 11 1 10 19 12 10 12 22 3 9 |2 17 1 6 1 15 1 14 10 5 1 10 16 47 124 78 |14 18 9 6 13 9 10 1 9 10 24 23 33 69 261 257 |1 16 16 8 13 1 1 15 11 19 21 8 18 16 131 198 |4 2 10 1 1 1 16 1 19 6 3 18 1 18 13 30 |1 1 17 4 11 1 2 7 1 4 18 1 6 18 4 9 |2 7 6 8 15 1 1 1 2 17 12 1 14 2 16 16 |11 1 1 2 1 8 7 3 6 2 9 6 1 1 6 11 |
3963: 2 1 4 1 1 3 9 1 1 1 1 1 13 9 14 13 |9 6 1 1 1 1 1 3 6 8 1 16 25 9 12 8 |10 15 16 6 13 5 15 1 9 5 7 1 5 10 10 1 |1 6 15 4 6 1 10 24 1 14 18 8 1 4 10 9 |1 7 1 8 5 1 11 1 10 19 12 10 12 22 3 9 |2 17 1 6 1 15 1 14 10 5 1 10 16 47 124 78 |14 18 9 6 13 9 10 1 9 10 24 23 33 69 261 257 |1 16 16 8 13 1 1 15 11 19 21 8 18 16 131 198 |4 2 10 1 1 1 16 1 19 6 3 18 1 18 13 30 |1 1 17 4 11 1 2 7 1 4 18 1 6 18 4 9 |2 7 6 8 15 1 1 1 2 17 12 1 14 2 16 16 |11 1 1 2 1 8 7 3 6 2 9 6 1 1 6 11 |
3974: 2 1 4 1 1 3 9 1 1 1 1 1 13 9 14 13 |9 6 1 1 1 1 1 3 6 8 1 16 25 9 12 8 |6 21 11 6 12 7 5 9 3 5 10 9 6 4 1 6 |1 5 6 1 11 1 10 14 1 15 18 11 1 15 16 1 |1 7 1 14 7 6 11 1 10 20 13 12 22 20 16 30 |2 19 12 22 11 1 1 17 4 12 9 10 20 194 211 99 |17 7 17 26 13 3 9 9 13 8 26 31 52 200 258 254 |1 5 5 1 2 1 1 20 14 21 21 7 14 26 179 248 |3 8 11 3 4 1 15 3 19 10 4 19 10 19 9 25 |1 1 3 3 9 7 1 7 1 4 11 1 1 22 14 11 |3 3 8 8 15 8 2 8 1 18 21 1 16 3 10 11 |9 1 1 6 1 1 1 3 12 3 3 7 1 1 5 20 |
3985: 2 1 4 1 1 3 9 1 1 1 1 1 13 9 14 13 |9 6 1 1 1 1 1 3 6 8 1 16 25 9 12 8 |6 21 11 6 12 7 5 9 3 5 10 9 6 4 1 6 |1 5 6 1 11 1 10 14 1 15 18 11 1 15 16 1 |1 7 1 14 7 6 11 1 10 20 13 12 22 20 16 30 |2 19 12 22 11 1 1 17 4 12 9 10 20 194 211 99 |17 7 17 26 13 3 9 9 13 8 26 31 52 200 258 254 |1 5 5 1 2 1 1 20 14 21 21 7 14 26 179 248 |3 8 11 3 4 1 15 3 19 10 4 19 10 19 9 25 |1 1 3 3 9 7 1 7 1 4 11 1 1 22 14 11 |3 3 8 8 15 8 2 8 1 18 21 1 16 3 10 11 |9 1 1 6 1 1 1 3 12 3 3 7 1 1 5 20 |
3996: 3 1 4 1 1 1 1 1 1 4 1 1 14 10 24 13 |9 6 1 1 4 1 1 3 7 9 1 16 24 11 6 8 |6 21 11 6 12 7 5 9 3 5 10 9 6 4 1 6 |1 5 6 1 11 1 10 14 1 15 18 11 1 15 16 1 |1 7 1 14 7 6 11 1 10 20 13 12 22 20 16 30 |2 19 12 22 11 1 1 17 4 12 9 10 20 194 211 99 |17 7 17 26 13 3 9 9 13 8 26 31 52 200 258 254 |1 5 5 1 2 1 1 20 14 21 21 7 14 26 179 248 |3 8 11 3 4 1 15 3 19 10 4 19 10 19 9 25 |1 1 3 3 9 7 1 7 1 4 11 1 1 22 14 11 |3 3 8 8 15 8 2 8 1 18 21 1 16 3 10 11 |9 1 1 6 1 1 1 3 12 3 3 7 1 1 5 20 |
4007: 3 1 4 1 1 1 1 1 1 4 1 1 14 10 24 13 |9 6 1 1 4 1 1 3 7 9 1 16 24 11 6 8 |11 5 5 6 1 1 10 9 9 6 9 9 15 9 1 6 |1 7 17 2 7 8 1 14 6 3 22 15 9 17 18 5 |1 9 1 7 1 6 3 1 10 14 10 1 24 33 7 17 |5 23 10 21 9 6 8 20 1 12 10 13 37 228 246 127 |18 14 31 21 11 1 1 1 1 1 13 34 67 235 260 254 |1 6 4 1 14 3 1 9 26 14 21 11 22 44 187 248 |1 8 10 1 2 2 16 7 8 16 3 18 1 22 12 24 |1 2 7 2 1 1 1 7 1 4 17 6 1 22 18 10 |3 2 1 17 7 1 3 8 1 17 20 1 15 3 10 11 |23 1 1 5 1 8 4 2 1 1 1 1 1 13 24 16 |
4018: 3 1 4 1 1 1 1 1 1 4 1 1 14 10 24 13 |9 6 1 1 4 1 1 3 7 9 1 16 24 11 6 8 |11 5 5 6 1 1 10 9 9 6 9 9 15 9 1 6 |1 7 17 2 7 8 1 14 6 3 22 15 9 17 18 5 |1 9 1 7 1 6 3 1 10 14 10 1 24 33 7 17 |5 23 10 21 9 6 8 20 1 12 10 13 37 228 246 127 |18 14 31 21 11 1 1 1 1 1 13 34 67 235 260 254 |1 6 4 1 14 3 1 9 26 14 21 11 22 44 187 248 |1 8 10 1 2 2 16 7 8 16 3 18 1 22 12 24 |1 2 7 2 1 1 1 7 1 4 17 6 1 22 18 10 |3 2 1 17 7 1 3 8 1 17 20 1 15 3 10 11 |23 1 1 5 1 8 4 2 1 1 1 1 1 13 24 16 |
4029: 3 1 3 1 1 1 7 4 13 1 1 1 13 11 23 14 |9 6 1 1 4 1 1 3 7 9 1 16 24 11 6 8 |11 5 5 6 1 1 10 9 9 6 9 9 15 9 1 6 |1 7 17 2 7 8 1 14 6 3 22 15 9 17 18 5 |1 9 1 7 1 6 3 1 10 14 10 1 24 33 7 17 |5 23 10 21 9 6 8 20 1 12 10 13 37 228 246 127 |18 14 31 21 11 1 1 1 1 1 13 34 67 235 260 254 |1 6 4 1 14 3 1 9 26 14 21 11 22 44 187 248 |1 8 10 1 2 2 16 7 8 16 3 18 1 22 12 24 |1 2 7 2 1 1 1 7 1 4 17 6 1 22 18 10 |3 2 1 17 7 1 3 8 1 17 20 1 15 3 10 11 |23 1 1 5 1 8 4 2 1 1 1 1 1 13 24 16 |
4040: 3 1 3 1 1 1 7 4 13 1 1 1 13 11 23 14 |9 7 3 3 3 1 1 1 8 8 1 16 24 13 7 10 |6 20 16 7 13 7 6 8 8 6 12 9 15 8 11 1 |1 7 16 1 12 4 2 17 4 4 21 18 14 20 13 1 |1 9 1 15 7 2 11 1 10 13 23 5 31 44 25 29 |6 21 13 23 9 5 1 21 15 17 8 18 71 258 266 164 |10 23 22 16 13 4 1 1 1 1 27 32 76 246 258 256 |1 4 9 1 14 2 10 15 21 21 18 6 7 64 197 228 |4 8 10 1 1 2 15 6 19 10 3 18 10 21 9 33 |2 2 7 3 13 7 1 7 1 4 17 1 1 8 4 11 |3 6 7 13 2 1 2 8 1 18 19 1 3 1 15 16 |23 1 1 5 1 8 4 2 1 1 1 1 1 13 24 16 |
4051: 3 1 3 1 1 1 7 4 13 1 1 1 13 11 23 14 |9 7 3 3 3 1 1 1 8 8 1 16 24 13 7 10 |6 20 16 7 13 7 6 8 8 6 12 9 15 8 11 1 |1 7 16 1 12 4 2 17 4 4 21 18 14 20 13 1 |1 9 1 15 7 2 11 1 10 13 23 5 31 44 25 29 |6 21 13 23 9 5 1 21 15 17 8 18 71 258 266 164 |10 23 22 16 13 4 1 1 1 1 27 32 76 246 258 256 |1 4 9 1 14 2 10 15 21 21 18 6 7 64 197 228 |4 8 10 1 1 2 15 6 19 10 3 18 10 21 9 33 |2 2 7 3 13 7 1 7 1 4 17 1 1 8 4 11 |3 6 7 13 2 1 2 8 1 18 19 1 3 1 15 16 |12 1 1 6 1 7 8 2 13 3 3 6 1 15 25 19 |
4062: 2 3 4 1 1 2 5 1 1 4 4 1 13 8 20 17 |9 5 1 1 3 1 1 2 6 8 1 17 24 1 12 8 |8 5 16 6 13 8 6 10 9 5 10 10 15 18 11 6 |1 7 16 1 12 4 2 17 4 4 21 18 14 20 13 1 |1 9 1 15 7 2 11 1 10 13 23 5 31 44 25 29 |6 21 13 23 9 5 1 21 15 17 8 18 71 258 266 164 |10 23 22 16 13 4 1 1 1 1 27 32 76 246 258 256 |1 4 9 1 14 2 10 15 21 21 18 6 7 64 197 228 |4 8 10 1 1 2 15 6 19 10 3 18 10 21 9 33 |2 2 7 3 13 7 1 7 1 4 17 1 1 8 4 11 |3 6 7 13 2 1 2 8 1 18 19 1 3 1 15 16 |12 1 1 6 1 7 8 2 13 3 3 6 1 15 25 19 |
4073: 2 3 4 1 1 2 5 1 1 4 4 1 13 8 20 17 |9 5 1 1 3 1 1 2 6 8 1 17 24 1 12 8 |8 5 16 6 13 8 6 10 9 5 10 10 15 18 11 6 |1 11 10 4 12 1 10 17 4 5 19 13 14 17 13 1 |1 8 1 16 6 5 11 1 10 16 11 6 22 53 22 28 |5 11 1 18 18 14 1 18 16 9 1 21 79 278 266 178 |15 12 30 26 12 1 4 1 1 18 17 18 85 252 266 259 |2 4 5 1 15 2 3 16 27 7 9 11 22 58 199 236 |8 7 6 1 3 2 11 3 20 10 4 17 10 15 1 33 |1 2 3 2 8 1 1 8 1 4 17 1 1 22 14 11 |3 3 1 7 3 14 3 7 1 18 20 1 16 3 9 11 |13 1 1 6 1 1 4 1 6 7 12 7 1 6 12 19 |
4084: 2 3 4 1 1 2 5 1 1 4 4 1 13 8 20 17 |9 5 1 1 3 1 1 2 6 8 1 17 24 1 12 8 |8 5 16 6 13 8 6 10 9 5 10 10 15 18 11 6 |1 11 10 4 12 1 10 17 4 5 19 13 14 17 13 1 |1 8 1 16 6 5 11 1 10 16 11 6 22 53 22 28 |5 11 1 18 18 14 1 18 16 9 1 21 79 278 266 178 |15 12 30 26 12 1 4 1 1 18 17 18 85 252 266 259 |2 4 5 1 15 2 3 16 27 7 9 11 22 58 199 236 |8 7 6 1 3 2 11 3 20 10 4 17 10 15 1 33 |1 2 3 2 8 1 1 8 1 4 17 1 1 22 14 11 |3 3 1 7 3 14 3 7 1 18 20 1 16 3 9 11 |13 1 1 6 1 1 4 1 6 7 12 7 1 6 12 19 |
4094: 1 1 4 1 1 10 5 1 1 3 5 1 14 4 17 13 |8 6 1 1 2 1 1 2 7 8 1 16 24 11 6 9 |11 11 16 6 13 7 16 5 11 10 11 11 15 18 11 6 |1 7 17 1 12 3 3 27 5 15 19 12 15 15 10 1 |1 8 1 16 6 5 11 1 10 16 11 6 22 53 22 28 |5 11 1 18 18 14 1 18 16 9 1 21 79 278 266 178 |15 12 30 26 12 1 4 1 1 18 17 18 85 252 266 259 |2 4 5 1 15 2 3 16 27 7 9 11 22 58 199 236 |8 7 6 1 3 2 11 3 20 10 4 17 10 15 1 33 |1 2 3 2 8 1 1 8 1 4 17 1 1 22 14 11 |3 3 1 7 3 14 3 7 1 18 20 1 16 3 9 11 |13 1 1 6 1 1 4 1 6 7 12 7 1 6 12 19 |
4105: 1 1 4 1 1 10 5 1 1 3 5 1 14 4 17 13 |8 6 1 1 2 1 1 2 7 8 1 16 24 11 6 9 |11 11 16 6 13 7 16 5 11 10 11 11 15 18 11 6 |1 7 17 1 12 3 3 27 5 15 19 12 15 15 10 1 |1 7 9 6 7 1 3 4 9 19 13 4 22 47 21 30 |1 17 15 22 17 14 8 11 16 10 12 19 77 274 267 183 |8 13 17 17 11 1 3 12 6 17 12 33 85 241 243 266 |5 11 24 1 2 8 1 20 28 18 21 13 23 65 192 229 |2 8 9 2 1 1 16 1 20 10 3 19 11 21 9 24 |1 2 4 2 11 7 1 7 1 4 17 1 1 21 14 1 |1 1 9 8 2 13 3 7 1 18 19 1 16 3 16 19 |13 1 1 7 1 1 1 8 5 1 9 7 1 1 6 20 |
4116: 1 1 4 1 1 10 5 1 1 3 5 1 14 4 17 13 |8 6 1 1 2 1 1 2 7 8 1 16 24 11 6 9 |11 11 16 6 13 7 16 5 11 10 11 11 15 18 11 6 |1 7 17 1 12 3 3 27 5 15 19 12 15 15 10 1 |1 7 9 6 7 1 3 4 9 19 13 4 22 47 21 30 |1 17 15 22 17 14 8 11 16 10 12 19 77 274 267 183 |8 13 17 17 11 1 3 12 6 17 12 33 85 241 243 266 |5 11 24 1 2 8 1 20 28 18 21 13 23 65 192 229 |2 8 9 2 1 1 16 1 20 10 3 19 11 21 9 24 |1 2 4 2 11 7 1 7 1 4 17 1 1 21 14 1 |1 1 9 8 2 13 3 7 1 18 19 1 16 3 16 19 |13 1 1 7 1 1 1 8 5 1 9 7 1 1 6 20 |
4127: 1 1 1 1 1 1 1 1 1 1 4 1 15 11 25 14 |9 6 2 5 3 1 1 3 8 9 1 16 24 13 7 8 |2 16 12 3 13 7 17 1 7 11 15 13 8 4 3 3 |1 7 17 1 12 3 3 27 5 15 19 12 15 15 10 1 |1 7 9 6 7 1 3 4 9 19 13 4 22 47 21 30 |1 17 15 22 17 14 8 11 16 10 12 19 77 274 267 183 |8 13 17 17 11 1 3 12 6 17 12 33 85 241 243 266 |5 11 24 1 2 8 1 20 28 18 21 13 23 65 192 229 |2 8 9 2 1 1 16 1 20 10 3 19 11 21 9 24 |1 2 4 2 11 7 1 7 1 4 17 1 1 21 14 1 |1 1 9 8 2 13 3 7 1 18 19 1 16 3 16 19 |13 1 1 7 1 1 1 8 5 1 9 7 1 1 6 20 |
4138: 1 1 1 1 1 1 1 1 1 1 4 1 15 11 25 14 |9 6 2 5 3 1 1 3 8 9 1 16 24 13 7 8 |2 16 12 3 13 7 17 1 7 11 15 13 8 4 3 3 |1 11 12 4 8 8 2 17 5 8 19 11 15 14 8 1 |1 8 1 14 7 1 11 5 9 14 10 6 22 48 35 29 |6 26 11 8 17 14 8 24 10 7 1 5 84 265 256 179 |18 14 26 18 3 1 7 12 9 19 19 22 72 235 256 258 |1 15 14 1 5 1 1 21 14 21 21 3 14 61 200 237 |5 7 7 1 1 1 17 9 17 3 3 17 10 16 2 20 |1 3 7 1 1 1 1 8 1 3 17 1 1 22 14 1 |2 8 7 8 15 13 3 8 1 18 20 1 6 1 14 18 |12 1 1 5 1 1 1 2 5 3 11 6 1 8 12 20 |
4149: 1 1 1 1 1 1 1 1 1 1 4 1 15 11 25 14 |9 6 2 5 3 1 1 3 8 9 1 16 24 13 7 8 |2 16 12 3 13 7 17 1 7 11 15 13 8 4 3 3 |1 11 12 4 8 8 2 17 5 8 19 11 15 14 8 1 |1 8 1 14 7 1 11 5 9 14 10 6 22 48 35 29 |6 26 11 8 17 14 8 24 10 7 1 5 84 265 256 179 |18 14 26 18 3 1 7 12 9 19 19 22 72 235 256 258 |1 15 14 1 5 1 1 21 14 21 21 3 14 61 200 237 |5 7 7 1 1 1 17 9 17 3 3 17 10 16 2 20 |1 3 7 1 1 1 1 8 1 3 17 1 1 22 14 1 |2 8 7 8 15 13 3 8 1 18 20 1 6 1 14 18 |12 1 1 5 1 1 1 2 5 3 11 6 1 8 12 20 |
4160: 3 4 1 1 1 6 1 1 1 1 1 1 14 11 24 13 |9 7 1 1 3 1 1 2 1 3 1 16 28 1 12 9 |12 12 16 7 13 2 14 1 10 5 1 11 12 19 1 6 |1 6 17 1 10 7 3 14 4 8 20 15 16 20 14 1 |1 13 8 1 7 1 11 1 10 13 25 18 22 61 35 30 |6 26 11 8 17 14 8 24 10 7 1 5 84 265 256 179 |18 14 26 18 3 1 7 12 9 19 19 22 72 235 256 258 |1 15 14 1 5 1 1 21 14 21 21 3 14 61 200 237 |5 7 7 1 1 1 17 9 17 3 3 17 10 16 2 20 |1 3 7 1 1 1 1 8 1 3 17 1 1 22 14 1 |2 8 7 8 15 13 3 8 1 18 20 1 6 1 14 18 |12 1 1 5 1 1 1 2 5 3 11 6 1 8 12 20 |
4171: 3 4 1 1 1 6 1 1 1 1 1 1 14 11 24 13 |9 7 1 1 3 1 1 2 1 3 1 16 28 1 12 9 |12 12 16 7 13 2 14 1 10 5 1 11 12 19 1 6 |1 6 17 1 10 7 3 14 4 8 20 15 16 20 14 1 |1 13 8 1 7 1 11 1 10 13 25 18 22 61 35 30 |1 22 12 17 14 13 1 12 3 18 7 20 83 277 264 192 |3 14 10 21 3 9 9 1 13 7 12 25 72 253 256 258 |11 5 9 1 2 1 1 21 21 10 21 11 21 73 198 233 |3 9 10 2 1 3 17 8 8 16 3 19 10 21 9 24 |1 2 3 3 12 6 1 7 1 4 17 1 1 22 14 1 |3 1 8 7 2 2 1 3 3 17 12 1 7 1 14 17 |12 1 1 6 1 8 7 2 5 2 8 1 1 1 6 19 |
4182: 3 4 1 1 1 6 1 1 1 1 1 1 14 11 24 13 |9 7 1 1 3 1 1 2 1 3 1 16 28 1 12 9 |12 12 16 7 13 2 14 1 10 5 1 11 12 19 1 6 |1 6 17 1 10 7 3 14 4 8 20 15 16 20 14 1 |1 13 8 1 7 1 11 1 10 13 25 18 22 61 35 30 |1 22 12 17 14 13 1 12 3 18 7 20 83 277 264 192 |3 14 10 21 3 9 9 1 13 7 12 25 72 253 256 258 |11 5 9 1 2 1 1 21 21 10 21 11 21 73 198 233 |3 9 10 2 1 3 17 8 8 16 3 19 10 21 9 24 |1 2 3 3 12 6 1 7 1 4 17 1 1 22 14 1 |3 1 8 7 2 2 1 3 3 17 12 1 7 1 14 17 |12 1 1 6 1 8 7 2 5 2 8 1 1 1 6 19 |
4193: 2 2 3 1 1 2 1 5 13 1 5 1 14 6 18 17 |9 6 1 1 1 1 14 17 1 9 1 17 24 13 7 9 |13 14 16 6 10 8 9 1 12 11 2 10 14 18 11 7 |1 1 10 4 7 1 10 19 4 14 20 13 16 20 12 1 |1 1 7 13 8 2 9 1 11 13 11 6 26 46 22 29 |5 20 12 16 19 21 1 25 9 20 2 19 78 274 267 182 |3 14 10 21 3 9 9 1 13 7 12 25 72 253 256 258 |11 5 9 1 2 1 1 21 21 10 21 11 21 73 198 233 |3 9 10 2 1 3 17 8 8 16 3 19 10 21 9 24 |1 2 3 3 12 6 1 7 1 4 17 1 1 22 14 1 |3 1 8 7 2 2 1 3 3 17 12 1 7 1 14 17 |12 1 1 6 1 8 7 2 5 2 8 1 1 1 6 19 |
4204: 2 2 3 1 1 2 1 5 13 1 5 1 14 6 18 17 |9 6 1 1 1 1 14 17 1 9 1 17 24 13 7 9 |13 14 16 6 10 8 9 1 12 11 2 10 14 18 11 7 |1 1 10 4 7 1 10 19 4 14 20 13 16 20 12 1 |1 1 7 13 8 2 9 1 11 13 11 6 26 46 22 29 |5 20 12 16 19 21 1 25 9 20 2 19 78 274 267 182 |18 13 32 25 7 1 9 1 1 11 11 31 85 242 256 261 |12 5 10 1 7 1 1 17 11 20 16 10 16 71 204 255 |5 7 11 1 11 2 17 7 20 10 3 18 10 19 12 26 |2 2 7 4 12 7 1 8 1 4 17 2 1 22 14 1 |4 1 9 9 15 4 2 8 1 17 13 1 16 3 10 11 |13 1 1 22 1 8 7 2 5 3 10 6 1 7 12 20 |
4215: 2 2 3 1 1 2 1 5 13 1 5 1 14 6 18 17 |9 6 1 1 1 1 14 17 1 9 1 17 24 13 7 9 |13 14 16 6 10 8 9 1 12 11 2 10 14 18 11 7 |1 1 10 4 7 1 10 19 4 14 20 13 16 20 12 1 |1 1 7 13 8 2 9 1 11 13 11 6 26 46 22 29 |5 20 12 16 19 21 1 25 9 20 2 19 78 274 267 182 |18 13 32 25 7 1 9 1 1 11 11 31 85 242 256 261 |12 5 10 1 7 1 1 17 11 20 16 10 16 71 204 255 |5 7 11 1 11 2 17 7 20 10 3 18 10 19 12 26 |2 2 7 4 12 7 1 8 1 4 17 2 1 22 14 1 |4 1 9 9 15 4 2 8 1 17 13 1 16 3 10 11 |13 1 1 22 1 8 7 2 5 3 10 6 1 7 12 20 |
4226: 2 1 3 2 1 3 1 1 1 1 6 1 14 11 25 13 |9 6 1 1 1 1 2 16 7 9 1 7 31 11 12 9 |12 15 16 6 11 16 21 3 1 10 5 11 15 19 12 6 |1 7 13 1 11 7 11 18 6 8 21 19 15 12 20 5 |1 1 7 13 8 2 9 1 11 13 11 6 26 46 22 29 |5 20 12 16 19 21 1 25 9 20 2 19 78 274 267 182 |18 13 32 25 7 1 9 1 1 11 11 31 85 242 256 261 |12 5 10 1 7 1 1 17 11 20 16 10 16 71 204 255 |5 7 11 1 11 2 17 7 20 10 3 18 10 19 12 26 |2 2 7 4 12 7 1 8 1 4 17 2 1 22 14 1 |4 1 9 9 15 4 2 8 1 17 13 1 16 3 10 11 |13 1 1 22 1 8 7 2 5 3 10 6 1 7 12 20 |
4237: 2 1 3 2 1 3 1 1 1 1 6 1 14 11 25 13 |9 6 1 1 1 1 2 16 7 9 1 7 31 11 12 9 |12 15 16 6 11 16 21 3 1 10 5 11 15 19 12 6 |1 7 13 1 11 7 11 18 6 8 21 19 15 12 20 5 |1 1 7 13 6 1 9 2 11 17 16 5 25 42 16 29 |6 25 8 5 1 1 1 19 10 22 9 9 76 273 259 183 |2 15 21 9 13 3 3 1 12 9 9 13 68 242 241 267 |1 16 12 1 13 1 2 21 15 20 22 10 21 63 193 254 |5 6 10 2 10 2 16 7 20 10 3 19 6 22 9 25 |1 1 15 4 1 1 1 8 1 4 18 1 1 13 4 10 |3 2 9 9 15 1 3 8 1 18 19 1 16 3 10 24 |12 1 1 5 1 8 7 7 5 2 10 6 3 12 11 20 |
4248: 2 1 3 2 1 3 1 1 1 1 6 1 14 11 25 13 |9 6 1 1 1 1 2 16 7 9 1 7 31 11 12 9 |12 15 16 6 11 16 21 3 1 10 5 11 15 19 12 6 |1 7 13 1 11 7 11 18 6 8 21 19 15 12 20 5 |1 1 7 13 6 1 9 2 11 17 16 5 25 42 16 29 |6 25 8 5 1 1 1 19 10 22 9 9 76 273 259 183 |2 15 21 9 13 3 3 1 12 9 9 13 68 242 241 267 |1 16 12 1 13 1 2 21 15 20 22 10 21 63 193 254 |5 6 10 2 10 2 16 7 20 10 3 19 6 22 9 25 |1 1 15 4 1 1 1 8 1 4 18 1 1 13 4 10 |3 2 9 9 15 1 3 8 1 18 19 1 16 3 10 24 |12 1 1 5 1 8 7 7 5 2 10 6 3 12 11 20 |
4259: 2 10 3 1 1 6 1 1 1 3 1 1 14 5 26 17 |9 6 1 1 3 1 14 14 1 11 1 4 32 7 12 9 |12 15 16 6 11 16 21 3 1 10 5 11 15 19 12 6 |1 7 13 1 11 7 11 18 6 8 21 19 15 12 20 5 |1 1 7 13 6 1 9 2 11 17 16 5 25 42 16 29 |6 25 8 5 1 1 1 19 10 22 9 9 76 273 259 183 |2 15 21 9 13 3 3 1 12 9 9 13 68 242 241 267 |1 16 12 1 13 1 2 21 15 20 22 10 21 63 193 254 |5 6 10 2 10 2 16 7 20 10 3 19 6 22 9 25 |1 1 15 4 1 1 1 8 1 4 18 1 1 13 4 10 |3 2 9 9 15 1 3 8 1 18 19 1 16 3 10 24 |12 1 1 5 1 8 7 7 5 2 10 6 3 12 11 20 |
4270: 2 10 3 1 1 6 1 1 1 3 1 1 14 5 26 17 |9 6 1 1 3 1 14 14 1 11 1 4 32 7 12 9 |12 12 16 13 12 8 14 9 11 12 12 11 15 15 11 6 |1 13 16 1 12 8 4 28 6 8 22 19 16 17 7 4 |1 8 7 1 5 1 1 1 9 13 15 17 23 55 28 31 |5 25 7 20 16 6 1 19 3 18 10 19 60 266 267 189 |7 12 22 13 9 1 4 1 9 16 17 16 61 223 260 265 |1 4 4 1 11 1 2 22 25 20 21 10 21 53 175 229 |4 9 8 1 1 1 16 7 21 10 3 19 11 21 8 20 |1 3 9 3 11 7 1 7 1 4 17 1 1 21 14 1 |3 2 9 9 15 1 3 8 1 18 19 1 16 3 10 24 |12 1 1 5 1 8 7 7 5 2 10 6 3 12 11 20 |
4281: 2 10 3 1 1 6 1 1 1 3 1 1 14 5 26 17 |9 6 1 1 3 1 14 14 1 11 1 4 32 7 12 9 |12 12 16 13 12 8 14 9 11 12 12 11 15 15 11 6 |1 13 16 1 12 8 4 28 6 8 22 19 16 17 7 4 |1 8 7 1 5 1 1 1 9 13 15 17 23 55 28 31 |5 25 7 20 16 6 1 19 3 18 10 19 60 266 267 189 |7 12 22 13 9 1 4 1 9 16 17 16 61 223 260 265 |1 4 4 1 11 1 2 22 25 20 21 10 21 53 175 229 |4 9 8 1 1 1 16 7 21 10 3 19 11 21 8 20 |1 3 9 3 11 7 1 7 1 4 17 1 1 21 14 1 |2 7 8 14 2 16 1 7 1 18 20 1 16 3 10 24 |12 1 1 7 1 7 6 2 6 2 9 6 1 8 11 25 |
4292: 2 10 3 1 1 6 1 1 1 3 1 1 14 5 26 17 |9 6 1 1 3 1 14 14 1 11 1 4 32 7 12 9 |12 12 16 13 12 8 14 9 11 12 12 11 15 15 11 6 |1 13 16 1 12 8 4 28 6 8 22 19 16 17 7 4 |1 8 7 1 5 1 1 1 9 13 15 17 23 55 28 31 |5 25 7 20 16 6 1 19 3 18 10 19 60 266 267 189 |7 12 22 13 9 1 4 1 9 16 17 16 61 223 260 265 |1 4 4 1 11 1 2 22 25 20 21 10 21 53 175 229 |4 9 8 1 1 1 16 7 21 10 3 19 11 21 8 20 |1 3 9 3 11 7 1 7 1 4 17 1 1 21 14 1 |2 7 8 14 2 16 1 7 1 18 20 1 16 3 10 24 |12 1 1 7 1 7 6 2 6 2 9 6 1 8 11 25 |
4325: 1 11 2 1 1 1 11 1 1 4 1 1 13 3 22 23 |8 5 1 1 3 1 2 3 7 2 3 14 12 1 1 6 |11 7 16 6 12 6 8 8 6 1 10 10 10 6 7 4 |1 5 16 2 12 2 5 24 1 13 18 17 8 11 5 1 |1 1 1 7 1 1 8 4 8 18 18 1 13 8 1 13 |3 11 3 8 1 1 1 12 10 2 3 2 9 14 3 1 |8 3 22 5 6 1 1 11 1 1 15 9 4 1 1 1 |1 4 4 1 11 1 2 22 25 20 21 10 21 53 175 229 |4 9 8 1 1 1 16 7 21 10 3 19 11 21 8 20 |1 3 9 3 11 7 1 7 1 4 17 1 1 21 14 1 |2 7 8 14 2 16 1 7 1 18 20 1 16 3 10 24 |12 1 1 7 1 7 6 2 6 2 9 6 1 8 11 25 |
4336: 1 11 2 1 1 1 11 1 1 4 1 1 13 3 22 23 |8 5 1 1 3 1 2 3 7 2 3 14 12 1 1 6 |11 7 16 6 12 6 8 8 6 1 10 10 10 6 7 4 |1 5 16 2 12 2 5 24 1 13 18 17 8 11 5 1 |1 1 1 7 1 1 8 4 8 18 18 1 13 8 1 13 |3 11 3 8 1 1 1 12 10 2 3 2 9 14 3 1 |8 3 22 5 6 1 1 11 1 1 15 9 4 1 1 1 |2 13 2 1 1 3 6 14 13 4 5 3 7 1 3 1 |3 2 7 2 1 1 15 1 17 2 1 11 1 17 2 7 |1 2 8 3 11 2 1 8 1 2 7 1 1 17 1 1 |1 7 6 6 3 2 1 2 3 17 7 1 8 1 1 2 |8 1 1 5 1 1 5 1 6 3 2 6 1 8 19 12 |
4347: 1 11 2 1 1 1 11 1 1 4 1 1 13 3 22 23 |8 5 1 1 3 1 2 3 7 2 3 14 12 1 1 6 |11 7 16 6 12 6 8 8 6 1 10 10 10 6 7 4 |1 5 16 2 12 2 5 24 1 13 18 17 8 11 5 1 |1 1 1 7 1 1 8 4 8 18 18 1 13 8 1 13 |3 11 3 8 1 1 1 12 10 2 3 2 9 14 3 1 |8 3 22 5 6 1 1 11 1 1 15 9 4 1 1 1 |2 13 2 1 1 3 6 14 13 4 5 3 7 1 3 1 |3 2 7 2 1 1 15 1 17 2 1 11 1 17 2 7 |1 2 8 3 11 2 1 8 1 2 7 1 1 17 1 1 |1 7 6 6 3 2 1 2 3 17 7 1 8 1 1 2 |8 1 1 5 1 1 5 1 6 3 2 6 1 8 19 12 |
4358: 1 1 3 1 1 2 8 1 1 4 1 1 8 2 23 15 |8 5 2 1 1 1 1 3 6 3 4 14 19 7 1 6 |7 22 12 3 12 8 5 8 3 1 7 1 10 2 1 1 |1 5 15 1 2 1 3 22 1 11 2 18 5 5 3 1 |1 1 4 6 6 1 1 4 7 12 10 1 14 12 1 15 |3 11 3 8 1 1 1 12 10 2 3 2 9 14 3 1 |8 3 22 5 6 1 1 11 1 1 15 9 4 1 1 1 |2 13 2 1 1 3 6 14 13 4 5 3 7 1 3 1 |3 2 7 2 1 1 15 1 17 2 1 11 1 17 2 7 |1 2 8 3 11 2 1 8 1 2 7 1 1 17 1 1 |1 7 6 6 3 2 1 2 3 17 7 1 8 1 1 2 |8 1 1 5 1 1 5 1 6 3 2 6 1 8 19 12 |
4369: 1 1 3 1 1 2 8 1 1 4 1 1 8 2 23 15 |8 5 2 1 1 1 1 3 6 3 4 14 19 7 1 6 |7 22 12 3 12 8 5 8 3 1 7 1 10 2 1 1 |1 5 15 1 2 1 3 22 1 11 2 18 5 5 3 1 |1 1 4 6 6 1 1 4 7 12 10 1 14 12 1 15 |1 20 1 5 1 1 1 13 12 1 2 1 9 11 1 3 |8 4 15 11 5 1 1 11 1 1 3 4 17 1 1 1 |1 1 1 1 1 3 7 13 18 2 13 2 7 1 3 7 |3 8 7 2 1 1 3 2 17 2 2 11 3 7 2 11 |1 2 7 1 1 1 1 6 3 2 17 1 6 12 15 1 |3 9 8 9 3 2 2 8 1 18 19 1 1 1 1 16 |13 1 1 6 2 6 1 2 5 2 2 6 2 5 18 10 |
4380: 1 1 3 1 1 2 8 1 1 4 1 1 8 2 23 15 |8 5 2 1 1 1 1 3 6 3 4 14 19 7 1 6 |7 22 12 3 12 8 5 8 3 1 7 1 10 2 1 1 |1 5 15 1 2 1 3 22 1 11 2 18 5 5 3 1 |1 1 4 6 6 1 1 4 7 12 10 1 14 12 1 15 |1 20 1 5 1 1 1 13 12 1 2 1 9 11 1 3 |8 4 15 11 5 1 1 11 1 1 3 4 17 1 1 1 |1 1 1 1 1 3 7 13 18 2 13 2 7 1 3 7 |3 8 7 2 1 1 3 2 17 2 2 11 3 7 2 11 |1 2 7 1 1 1 1 6 3 2 17 1 6 12 15 1 |3 9 8 9 3 2 2 8 1 18 19 1 1 1 1 16 |13 1 1 6 2 6 1 2 5 2 2 6 2 5 18 10 |
4391: 2 1 4 1 1 1 1 2 8 1 1 1 13 1 8 18 |8 2 1 1 2 1 9 2 6 3 4 15 19 1 7 18 |11 14 15 13 9 1 17 9 3 5 1 1 6 10 7 5 |1 11 15 1 12 2 1 24 1 13 3 18 5 8 10 1 |1 7 1 9 5 1 3 5 8 16 17 8 16 17 9 10 |1 20 1 5 1 1 1 13 12 1 2 1 9 11 1 3 |8 4 15 11 5 1 1 11 1 1 3 4 17 1 1 1 |1 1 1 1 1 3 7 13 18 2 13 2 7 1 3 7 |3 8 7 2 1 1 3 2 17 2 2 11 3 7 2 11 |1 2 7 1 1 1 1 6 3 2 17 1 6 12 15 1 |3 9 8 9 3 2 2 8 1 18 19 1 1 1 1 16 |13 1 1 6 2 6 1 2 5 2 2 6 2 5 18 10 |
4402: 2 1 4 1 1 1 1 2 8 1 1 1 13 1 8 18 |8 2 1 1 2 1 9 2 6 3 4 15 19 1 7 18 |11 14 15 13 9 1 17 9 3 5 1 1 6 10 7 5 |1 11 15 1 12 2 1 24 1 13 3 18 5 8 10 1 |1 7 1 9 5 1 3 5 8 16 17 8 16 17 9 10 |2 17 1 13 1 5 1 13 11 1 1 1 10 14 1 11 |6 5 22 4 1 1 10 11 1 1 15 10 18 1 1 1 |1 2 1 1 3 3 8 12 17 2 13 3 6 1 3 8 |2 2 11 1 1 1 15 13 12 1 2 17 2 7 2 9 |2 2 7 3 10 2 1 7 2 3 14 1 6 12 15 1 |1 7 7 2 2 1 2 8 1 18 7 1 1 1 1 14 |13 1 1 6 2 6 1 2 5 2 2 6 2 5 18 10 |
4413: 2 1 4 1 1 1 1 2 8 1 1 1 13 1 8 18 |8 2 1 1 2 1 9 2 6 3 4 15 19 1 7 18 |11 14 15 13 9 1 17 9 3 5 1 1 6 10 7 5 |1 11 15 1 12 2 1 24 1 13 3 18 5 8 10 1 |1 7 1 9 5 1 3 5 8 16 17 8 16 17 9 10 |2 17 1 13 1 5 1 13 11 1 1 1 10 14 1 11 |6 5 22 4 1 1 10 11 1 1 15 10 18 1 1 1 |1 2 1 1 3 3 8 12 17 2 13 3 6 1 3 8 |2 2 11 1 1 1 15 13 12 1 2 17 2 7 2 9 |2 2 7 3 10 2 1 7 2 3 14 1 6 12 15 1 |1 7 7 2 2 1 2 8 1 18 7 1 1 1 1 14 |12 1 2 6 1 1 1 7 5 2 10 3 1 1 17 10 |
4424: 1 1 3 1 1 1 1 4 8 1 1 1 14 1 6 23 |5 15 1 1 2 1 4 2 6 4 1 16 24 7 8 20 |11 16 16 6 13 1 13 8 8 5 8 8 15 13 8 5 |1 6 4 1 10 1 3 23 1 3 7 12 1 19 12 1 |1 7 1 9 5 1 3 5 8 16 17 8 16 17 9 10 |2 17 1 13 1 5 1 13 11 1 1 1 10 14 1 11 |6 5 22 4 1 1 10 11 1 1 15 10 18 1 1 1 |1 2 1 1 3 3 8 12 17 2 13 3 6 1 3 8 |2 2 11 1 1 1 15 13 12 1 2 17 2 7 2 9 |2 2 7 3 10 2 1 7 2 3 14 1 6 12 15 1 |1 7 7 2 2 1 2 8 1 18 7 1 1 1 1 14 |12 1 2 6 1 1 1 7 5 2 10 3 1 1 17 10 |
4435: 1 1 3 1 1 1 1 4 8 1 1 1 14 1 6 23 |5 15 1 1 2 1 4 2 6 4 1 16 24 7 8 20 |11 16 16 6 13 1 13 8 8 5 8 8 15 13 8 5 |1 6 4 1 10 1 3 23 1 3 7 12 1 19 12 1 |1 8 6 13 6 1 10 3 9 19 17 8 8 26 17 26 |1 20 1 6 1 10 1 14 10 1 1 1 1 17 17 19 |8 5 6 1 7 1 2 11 1 1 3 8 9 1 1 12 |2 13 1 1 1 3 1 16 19 5 6 4 8 1 4 8 |2 2 6 2 2 1 16 14 18 6 2 13 1 1 4 14 |1 1 16 2 11 6 3 6 2 1 16 1 6 12 3 1 |2 7 2 6 15 1 1 3 3 17 6 1 2 1 1 16 |12 1 2 6 1 1 1 7 5 2 10 3 1 1 17 10 |
4446: 1 1 3 1 1 1 1 4 8 1 1 1 14 1 6 23 |5 15 1 1 2 1 4 2 6 4 1 16 24 7 8 20 |11 16 16 6 13 1 13 8 8 5 8 8 15 13 8 5 |1 6 4 1 10 1 3 23 1 3 7 12 1 19 12 1 |1 8 6 13 6 1 10 3 9 19 17 8 8 26 17 26 |1 20 1 6 1 10 1 14 10 1 1 1 1 17 17 19 |8 5 6 1 7 1 2 11 1 1 3 8 9 1 1 12 |2 13 1 1 1 3 1 16 19 5 6 4 8 1 4 8 |2 2 6 2 2 1 16 14 18 6 2 13 1 1 4 14 |1 1 16 2 11 6 3 6 2 1 16 1 6 12 3 1 |2 7 2 6 15 1 1 3 3 17 6 1 2 1 1 16 |13 1 1 2 1 1 1 8 5 2 9 3 2 5 18 8 |
4457: 1 1 4 1 1 4 8 5 9 1 2 1 13 3 26 23 |8 5 1 1 1 1 4 11 8 9 1 16 29 12 7 21 |6 5 17 6 13 7 9 9 10 11 15 5 17 19 19 4 |1 7 1 1 11 8 12 25 6 14 22 27 21 36 41 27 |1 8 6 13 6 1 10 3 9 19 17 8 8 26 17 26 |1 20 1 6 1 10 1 14 10 1 1 1 1 17 17 19 |8 5 6 1 7 1 2 11 1 1 3 8 9 1 1 12 |2 13 1 1 1 3 1 16 19 5 6 4 8 1 4 8 |2 2 6 2 2 1 16 14 18 6 2 13 1 1 4 14 |1 1 16 2 11 6 3 6 2 1 16 1 6 12 3 1 |2 7 2 6 15 1 1 3 3 17 6 1 2 1 1 16 |13 1 1 2 1 1 1 8 5 2 9 3 2 5 18 8 |
4467: 1 1 4 1 1 4 8 5 9 1 2 1 13 3 26 23 |8 5 1 1 1 1 4 11 8 9 1 16 29 12 7 21 |6 5 17 6 13 7 9 9 10 11 15 5 17 19 19 4 |1 7 1 1 11 8 12 25 6 14 22 27 21 36 41 27 |4 16 8 8 17 5 17 8 13 19 24 11 40 173 260 209 |10 29 19 18 23 19 6 15 7 9 10 4 14 109 245 288 |9 12 24 9 5 6 12 1 1 2 8 9 25 12 55 80 |3 2 4 1 2 3 8 13 18 6 7 1 7 1 10 15 |2 7 6 2 1 1 2 6 17 3 1 5 1 5 1 24 |1 2 7 2 2 1 1 7 2 2 17 1 6 19 12 8 |2 1 10 10 15 1 2 8 1 19 8 1 14 1 13 12 |12 1 1 7 1 8 1 2 5 2 12 6 3 6 5 11 |
4478: 1 1 4 1 1 4 8 5 9 1 2 1 13 3 26 23 |8 5 1 1 1 1 4 11 8 9 1 16 29 12 7 21 |6 5 17 6 13 7 9 9 10 11 15 5 17 19 19 4 |1 7 1 1 11 8 12 25 6 14 22 27 21 36 41 27 |4 16 8 8 17 5 17 8 13 19 24 11 40 173 260 209 |10 29 19 18 23 19 6 15 7 9 10 4 14 109 245 288 |9 12 24 9 5 6 12 1 1 2 8 9 25 12 55 80 |3 2 4 1 2 3 8 13 18 6 7 1 7 1 10 15 |2 7 6 2 1 1 2 6 17 3 1 5 1 5 1 24 |1 2 7 2 2 1 1 7 2 2 17 1 6 19 12 8 |2 1 10 10 15 1 2 8 1 19 8 1 14 1 13 12 |12 1 1 7 1 8 1 2 5 2 12 6 3 6 5 11 |
4489: 1 1 4 1 1 1 1 1 1 1 7 2 14 11 25 13 |9 6 1 1 1 1 6 3 1 4 1 5 32 4 8 8 |13 11 1 7 12 9 8 9 11 12 12 20 18 22 12 10 |1 13 16 1 11 4 15 25 6 7 11 17 18 99 93 22 |7 22 10 7 1 2 17 3 1 10 23 19 84 270 267 244 |10 29 19 18 23 19 6 15 7 9 10 4 14 109 245 288 |9 12 24 9 5 6 12 1 1 2 8 9 25 12 55 80 |3 2 4 1 2 3 8 13 18 6 7 1 7 1 10 15 |2 7 6 2 1 1 2 6 17 3 1 5 1 5 1 24 |1 2 7 2 2 1 1 7 2 2 17 1 6 19 12 8 |2 1 10 10 15 1 2 8 1 19 8 1 14 1 13 12 |12 1 1 7 1 8 1 2 5 2 12 6 3 6 5 11 |
4500: 1 1 4 1 1 1 1 1 1 1 7 2 14 11 25 13 |9 6 1 1 1 1 6 3 1 4 1 5 32 4 8 8 |13 11 1 7 12 9 8 9 11 12 12 20 18 22 12 10 |1 13 16 1 11 4 15 25 6 7 11 17 18 99 93 22 |7 22 10 7 1 2 17 3 1 10 23 19 84 270 267 244 |6 22 17 16 11 6 1 13 18 19 8 4 21 158 267 287 |10 6 12 5 1 1 3 11 2 11 14 9 25 16 79 123 |4 8 11 1 1 3 8 13 17 18 18 4 1 5 4 19 |1 7 11 2 1 1 15 1 18 6 2 18 1 6 1 25 |1 3 4 1 2 1 1 7 1 4 17 1 7 21 13 9 |3 2 1 7 2 14 3 7 1 17 19 1 16 3 16 17 |12 1 1 5 1 1 1 4 6 2 12 7 1 1 6 20 |
4511: 1 1 4 1 1 1 1 1 1 1 7 2 14 11 25 13 |9 6 1 1 1 1 6 3 1 4 1 5 32 4 8 8 |13 11 1 7 12 9 8 9 11 12 12 20 18 22 12 10 |1 13 16 1 11 4 15 25 6 7 11 17 18 99 93 22 |7 22 10 7 1 2 17 3 1 10 23 19 84 270 267 244 |6 22 17 16 11 6 1 13 18 19 8 4 21 158 267 287 |10 6 12 5 1 1 3 11 2 11 14 9 25 16 79 123 |4 8 11 1 1 3 8 13 17 18 18 4 1 5 4 19 |1 7 11 2 1 1 15 1 18 6 2 18 1 6 1 25 |1 3 4 1 2 1 1 7 1 4 17 1 7 21 13 9 |3 2 1 7 2 14 3 7 1 17 19 1 16 3 16 17 |12 1 1 5 1 1 1 4 6 2 12 7 1 1 6 20 |
4522: 2 3 1 1 1 10 1 1 1 1 5 1 15 5 9 13 |9 6 1 1 1 1 7 16 1 4 1 4 33 7 12 9 |4 16 16 6 1 1 11 1 12 11 18 22 13 22 14 12 |1 12 13 4 5 11 9 29 5 14 11 20 26 140 118 31 |7 17 19 15 10 1 4 10 3 26 18 9 104 281 262 244 |6 22 17 16 11 6 1 13 18 19 8 4 21 158 267 287 |10 6 12 5 1 1 3 11 2 11 14 9 25 16 79 123 |4 8 11 1 1 3 8 13 17 18 18 4 1 5 4 19 |1 7 11 2 1 1 15 1 18 6 2 18 1 6 1 25 |1 3 4 1 2 1 1 7 1 4 17 1 7 21 13 9 |3 2 1 7 2 14 3 7 1 17 19 1 16 3 16 17 |12 1 1 5 1 1 1 4 6 2 12 7 1 1 6 20 |
4533: 2 3 1 1 1 10 1 1 1 1 5 1 15 5 9 13 |9 6 1 1 1 1 7 16 1 4 1 4 33 7 12 9 |4 16 16 6 1 1 11 1 12 11 18 22 13 22 14 12 |1 12 13 4 5 11 9 29 5 14 11 20 26 140 118 31 |7 17 19 15 10 1 4 10 3 26 18 9 104 281 262 244 |6 24 11 13 13 6 1 24 10 11 9 8 36 187 257 289 |10 13 10 4 3 1 1 11 1 1 8 24 25 22 85 125 |3 1 2 1 1 1 8 14 18 12 18 4 3 1 11 16 |2 7 7 2 1 1 16 2 17 2 2 11 1 21 3 24 |1 3 7 1 1 1 1 7 1 5 16 1 1 21 13 8 |2 1 8 7 3 1 2 7 1 2 19 1 15 3 16 17 |12 1 1 5 1 7 7 7 5 2 10 6 1 1 5 11 |
4544: 2 3 1 1 1 10 1 1 1 1 5 1 15 5 9 13 |9 6 1 1 1 1 7 16 1 4 1 4 33 7 12 9 |4 16 16 6 1 1 11 1 12 11 18 22 13 22 14 12 |1 12 13 4 5 11 9 29 5 14 11 20 26 140 118 31 |7 17 19 15 10 1 4 10 3 26 18 9 104 281 262 244 |6 24 11 13 13 6 1 24 10 11 9 8 36 187 257 289 |10 13 10 4 3 1 1 11 1 1 8 24 25 22 85 125 |3 1 2 1 1 1 8 14 18 12 18 4 3 1 11 16 |2 7 7 2 1 1 16 2 17 2 2 11 1 21 3 24 |1 3 7 1 1 1 1 7 1 5 16 1 1 21 13 8 |2 1 8 7 3 1 2 7 1 2 19 1 15 3 16 17 |12 1 1 5 1 7 7 7 5 2 10 6 1 1 5 11 |
4555: 3 4 1 1 1 1 1 1 1 1 7 1 14 5 18 25 |1 6 1 1 3 1 1 3 7 9 1 5 31 6 13 10 |3 16 12 7 1 2 14 3 11 13 18 21 12 15 18 11 |1 11 8 3 2 1 3 30 5 5 11 20 40 146 120 33 |7 17 19 15 10 1 4 10 3 26 18 9 104 281 262 244 |6 24 11 13 13 6 1 24 10 11 9 8 36 187 257 289 |10 13 10 4 3 1 1 11 1 1 8 24 25 22 85 125 |3 1 2 1 1 1 8 14 18 12 18 4 3 1 11 16 |2 7 7 2 1 1 16 2 17 2 2 11 1 21 3 24 |1 3 7 1 1 1 1 7 1 5 16 1 1 21 13 8 |2 1 8 7 3 1 2 7 1 2 19 1 15 3 16 17 |12 1 1 5 1 7 7 7 5 2 10 6 1 1 5 11 |
4566: 3 4 1 1 1 1 1 1 1 1 7 1 14 5 18 25 |1 6 1 1 3 1 1 3 7 9 1 5 31 6 13 10 |3 16 12 7 1 2 14 3 11 13 18 21 12 15 18 11 |1 11 8 3 2 1 3 30 5 5 11 20 40 146 120 33 |4 13 17 8 6 3 18 10 10 25 28 18 116 280 265 247 |8 28 18 11 17 11 14 22 5 17 8 11 28 218 268 286 |6 13 27 12 1 1 1 11 3 12 12 23 20 31 94 131 |4 15 2 1 1 1 1 16 19 5 19 1 1 1 10 19 |3 2 10 2 4 2 16 1 17 1 2 18 1 6 1 25 |2 1 14 3 1 1 1 7 3 2 17 1 7 19 13 9 |2 1 9 8 2 14 3 3 3 17 7 1 9 1 1 5 |13 1 1 5 1 7 1 7 5 2 9 5 1 8 12 26 |
4577: 3 4 1 1 1 1 1 1 1 1 7 1 14 5 18 25 |1 6 1 1 3 1 1 3 7 9 1 5 31 6 13 10 |3 16 12 7 1 2 14 3 11 13 18 21 12 15 18 11 |1 11 8 3 2 1 3 30 5 5 11 20 40 146 120 33 |4 13 17 8 6 3 18 10 10 25 28 18 116 280 265 247 |8 28 18 11 17 11 14 22 5 17 8 11 28 218 268 286 |6 13 27 12 1 1 1 11 3 12 12 23 20 31 94 131 |4 15 2 1 1 1 1 16 19 5 19 1 1 1 10 19 |3 2 10 2 4 2 16 1 17 1 2 18 1 6 1 25 |2 1 14 3 1 1 1 7 3 2 17 1 7 19 13 9 |2 1 9 8 2 14 3 3 3 17 7 1 9 1 1 5 |13 1 1 5 1 7 1 7 5 2 9 5 1 8 12 26 |
4588: 2 1 1 1 1 1 1 1 1 1 6 2 15 5 18 13 |9 3 1 1 3 1 13 16 6 9 3 9 32 9 14 15 |13 14 16 7 14 9 6 10 11 12 16 9 18 18 10 11 |1 10 16 1 1 1 2 25 6 16 12 32 46 153 135 30 |1 26 17 21 17 16 18 10 12 27 25 18 136 270 263 258 |8 16 14 11 28 20 13 16 5 7 3 19 47 221 257 287 |6 13 27 12 1 1 1 11 3 12 12 23 20 31 94 131 |4 15 2 1 1 1 1 16 19 5 19 1 1 1 10 19 |3 2 10 2 4 2 16 1 17 1 2 18 1 6 1 25 |2 1 14 3 1 1 1 7 3 2 17 1 7 19 13 9 |2 1 9 8 2 14 3 3 3 17 7 1 9 1 1 5 |13 1 1 5 1 7 1 7 5 2 9 5 1 8 12 26 |
4599: 2 1 1 1 1 1 1 1 1 1 6 2 15 5 18 13 |9 3 1 1 3 1 13 16 6 9 3 9 32 9 14 15 |13 14 16 7 14 9 6 10 11 12 16 9 18 18 10 11 |1 10 16 1 1 1 2 25 6 16 12 32 46 153 135 30 |1 26 17 21 17 16 18 10 12 27 25 18 136 270 263 258 |8 16 14 11 28 20 13 16 5 7 3 19 47 221 257 287 |9 22 18 5 1 9 9 2 1 1 9 24 21 35 95 128 |3 13 1 1 1 1 9 13 18 12 18 4 4 1 11 17 |3 7 7 3 1 1 15 1 13 1 3 17 1 5 1 19 |1 2 7 2 11 6 1 8 1 3 16 6 1 22 13 8 |4 1 8 9 2 14 2 7 1 18 19 1 17 3 16 17 |11 1 1 7 1 8 7 7 5 1 10 6 1 1 6 20 |
4610: 2 1 1 1 1 1 1 1 1 1 6 2 15 5 18 13 |9 3 1 1 3 1 13 16 6 9 3 9 32 9 14 15 |13 14 16 7 14 9 6 10 11 12 16 9 18 18 10 11 |1 10 16 1 1 1 2 25 6 16 12 32 46 153 135 30 |1 26 17 21 17 16 18 10 12 27 25 18 136 270 263 258 |8 16 14 11 28 20 13 16 5 7 3 19 47 221 257 287 |9 22 18 5 1 9 9 2 1 1 9 24 21 35 95 128 |3 13 1 1 1 1 9 13 18 12 18 4 4 1 11 17 |3 7 7 3 1 1 15 1 13 1 3 17 1 5 1 19 |1 2 7 2 11 6 1 8 1 3 16 6 1 22 13 8 |4 1 8 9 2 14 2 7 1 18 19 1 17 3 16 17 |11 1 1 7 1 8 7 7 5 1 10 6 1 1 6 20 |
4621: 1 13 1 1 1 1 1 1 1 1 7 1 14 6 17 13 |10 3 1 1 3 1 16 9 1 4 4 4 32 11 13 15 |11 14 17 8 13 8 14 12 1 11 13 20 13 15 19 11 |1 10 16 1 1 1 2 25 6 16 12 32 46 153 135 30 |1 26 17 21 17 16 18 10 12 27 25 18 136 270 263 258 |8 16 14 11 28 20 13 16 5 7 3 19 47 221 257 287 |9 22 18 5 1 9 9 2 1 1 9 24 21 35 95 128 |3 13 1 1 1 1 9 13 18 12 18 4 4 1 11 17 |3 7 7 3 1 1 15 1 13 1 3 17 1 5 1 19 |1 2 7 2 11 6 1 8 1 3 16 6 1 22 13 8 |4 1 8 9 2 14 2 7 1 18 19 1 17 3 16 17 |11 1 1 7 1 8 7 7 5 1 10 6 1 1 6 20 |
4632: 1 13 1 1 1 1 1 1 1 1 7 1 14 6 17 13 |10 3 1 1 3 1 16 9 1 4 4 4 32 11 13 15 |11 14 17 8 13 8 14 12 1 11 13 20 13 15 19 11 |1 13 16 1 2 8 1 24 1 7 10 21 31 154 135 34 |7 25 9 3 12 12 12 2 17 27 25 16 137 278 265 255 |8 21 1 29 19 20 14 22 17 14 1 5 52 220 260 283 |9 20 18 17 2 8 8 7 1 1 8 25 24 18 92 129 |2 2 10 1 2 1 8 14 20 11 13 4 5 1 12 18 |2 8 11 2 1 1 15 1 18 10 3 17 1 17 1 24 |1 2 4 2 11 6 1 1 1 4 16 1 7 19 13 9 |3 1 8 4 16 8 2 7 1 17 19 1 17 3 16 16 |12 5 1 6 1 8 6 2 5 2 10 2 1 8 12 20 |
4643: 1 13 1 1 1 1 1 1 1 1 7 1 14 6 17 13 |10 3 1 1 3 1 16 9 1 4 4 4 32 11 13 15 |11 14 17 8 13 8 14 12 1 11 13 20 13 15 19 11 |1 13 16 1 2 8 1 24 1 7 10 21 31 154 135 34 |7 25 9 3 12 12 12 2 17 27 25 16 137 278 265 255 |8 21 1 29 19 20 14 22 17 14 1 5 52 220 260 283 |9 20 18 17 2 8 8 7 1 1 8 25 24 18 92 129 |2 2 10 1 2 1 8 14 20 11 13 4 5 1 12 18 |2 8 11 2 1 1 15 1 18 10 3 17 1 17 1 24 |1 2 4 2 11 6 1 1 1 4 16 1 7 19 13 9 |3 1 8 4 16 8 2 7 1 17 19 1 17 3 16 16 |12 5 1 6 1 8 6 2 5 2 10 2 1 8 12 20 |
4654: 1 1 1 1 1 1 1 1 1 1 1 1 14 6 27 14 |10 3 1 1 3 1 16 9 1 4 4 4 32 11 13 15 |11 14 17 8 13 8 14 12 1 11 13 20 13 15 19 11 |1 13 16 1 2 8 1 24 1 7 10 21 31 154 135 34 |7 25 9 3 12 12 12 2 17 27 25 16 137 278 265 255 |8 21 1 29 19 20 14 22 17 14 1 5 52 220 260 283 |9 20 18 17 2 8 8 7 1 1 8 25 24 18 92 129 |2 2 10 1 2 1 8 14 20 11 13 4 5 1 12 18 |2 8 11 2 1 1 15 1 18 10 3 17 1 17 1 24 |1 2 4 2 11 6 1 1 1 4 16 1 7 19 13 9 |3 1 8 4 16 8 2 7 1 17 19 1 17 3 16 16 |12 5 1 6 1 8 6 2 5 2 10 2 1 8 12 20 |
4665: 1 1 1 1 1 1 1 1 1 1 1 1 14 6 27 14 |9 6 1 1 3 1 15 9 1 4 3 5 32 11 14 15 |11 14 17 14 10 7 10 2 12 12 18 15 10 15 19 12 |1 6 2 1 1 7 11 30 4 21 16 32 41 152 131 19 |6 25 14 22 19 9 20 8 1 24 21 19 128 280 255 260 |1 30 9 29 29 17 1 13 18 20 1 6 50 216 267 287 |10 20 17 5 5 1 12 1 1 9 16 25 19 31 103 134 |4 7 3 1 3 1 8 15 19 12 6 4 3 1 12 18 |3 8 13 1 1 1 16 7 19 10 3 18 1 18 1 24 |1 2 9 3 11 7 1 1 1 2 16 1 1 21 14 9 |3 1 8 4 16 8 2 7 1 17 19 1 17 3 16 16 |12 5 1 6 1 8 6 2 5 2 10 2 1 8 12 20 |
4676: 1 1 1 1 1 1 1 1 1 1 1 1 14 6 27 14 |9 6 1 1 3 1 15 9 1 4 3 5 32 11 14 15 |11 14 17 14 10 7 10 2 12 12 18 15 10 15 19 12 |1 6 2 1 1 7 11 30 4 21 16 32 41 152 131 19 |6 25 14 22 19 9 20 8 1 24 21 19 128 280 255 260 |1 30 9 29 29 17 1 13 18 20 1 6 50 216 267 287 |10 20 17 5 5 1 12 1 1 9 16 25 19 31 103 134 |4 7 3 1 3 1 8 15 19 12 6 4 3 1 12 18 |3 8 13 1 1 1 16 7 19 10 3 18 1 18 1 24 |1 2 9 3 11 7 1 1 1 2 16 1 1 21 14 9 |3 2 8 6 3 13 3 8 1 18 16 1 17 3 16 13 |12 1 1 6 1 8 7 3 1 3 10 2 1 1 6 25 |
4687: 3 4 1 1 1 2 1 1 1 3 3 9 14 6 32 31 |9 6 1 1 3 1 15 9 1 4 3 5 32 11 14 15 |11 14 17 14 10 7 10 2 12 12 18 15 10 15 19 12 |1 6 2 1 1 7 11 30 4 21 16 32 41 152 131 19 |6 25 14 22 19 9 20 8 1 24 21 19 128 280 255 260 |1 30 9 29 29 17 1 13 18 20 1 6 50 216 267 287 |10 20 17 5 5 1 12 1 1 9 16 25 19 31 103 134 |4 7 3 1 3 1 8 15 19 12 6 4 3 1 12 18 |3 8 13 1 1 1 16 7 19 10 3 18 1 18 1 24 |1 2 9 3 11 7 1 1 1 2 16 1 1 21 14 9 |3 2 8 6 3 13 3 8 1 18 16 1 17 3 16 13 |12 1 1 6 1 8 7 3 1 3 10 2 1 1 6 25 |
4698: 3 4 1 1 1 2 1 1 1 3 3 9 14 6 32 31 |10 6 1 1 1 1 15 8 1 9 8 4 32 12 13 15 |11 12 7 6 13 7 14 1 12 8 17 9 17 18 18 13 |3 13 17 1 1 8 3 24 6 15 12 22 39 139 129 35 |7 17 12 7 16 2 18 6 3 13 17 16 128 280 264 259 |10 29 20 24 13 18 1 25 10 20 10 13 51 225 264 281 |3 20 18 18 5 1 1 10 1 12 14 16 24 26 97 136 |3 13 9 1 3 3 9 13 19 12 18 3 3 1 11 14 |1 9 7 1 1 2 15 1 18 1 2 17 1 5 1 25 |1 2 9 3 11 7 1 1 1 2 16 1 1 21 14 9 |3 2 8 6 3 13 3 8 1 18 16 1 17 3 16 13 |12 1 1 6 1 8 7 3 1 3 10 2 1 1 6 25 |
4709: 3 4 1 1 1 2 1 1 1 3 3 9 14 6 32 31 |10 6 1 1 1 1 15 8 1 9 8 4 32 12 13 15 |11 12 7 6 13 7 14 1 12 8 17 9 17 18 18 13 |3 13 17 1 1 8 3 24 6 15 12 22 39 139 129 35 |7 17 12 7 16 2 18 6 3 13 17 16 128 280 264 259 |10 29 20 24 13 18 1 25 10 20 10 13 51 225 264 281 |3 20 18 18 5 1 1 10 1 12 14 16 24 26 97 136 |3 13 9 1 3 3 9 13 19 12 18 3 3 1 11 14 |1 9 7 1 1 2 15 1 18 1 2 17 1 5 1 25 |2 2 7 3 12 1 1 7 1 4 18 1 1 21 13 8 |2 7 2 17 7 14 3 7 1 18 20 1 17 3 16 17 |8 1 1 6 1 8 7 8 5 2 9 2 1 7 13 25 |
4720: 3 4 1 1 1 7 1 1 1 3 3 9 14 5 31 18 |10 6 1 1 1 1 15 8 1 9 8 4 32 12 13 15 |11 12 7 6 13 7 14 1 12 8 17 9 17 18 18 13 |3 13 17 1 1 8 3 24 6 15 12 22 39 139 129 35 |7 17 12 7 16 2 18 6 3 13 17 16 128 280 264 259 |10 29 20 24 13 18 1 25 10 20 10 13 51 225 264 281 |3 20 18 18 5 1 1 10 1 12 14 16 24 26 97 136 |3 13 9 1 3 3 9 13 19 12 18 3 3 1 11 14 |1 9 7 1 1 2 15 1 18 1 2 17 1 5 1 25 |2 2 7 3 12 1 1 7 1 4 18 1 1 21 13 8 |2 7 2 17 7 14 3 7 1 18 20 1 17 3 16 17 |8 1 1 6 1 8 7 8 5 2 9 2 1 7 13 25 |
4731: 3 4 1 1 1 7 1 1 1 3 3 9 14 5 31 18 |9 7 1 1 3 1 6 15 1 4 4 4 32 4 13 15 |9 14 1 7 13 8 14 13 12 13 21 17 17 18 19 12 |1 12 16 1 12 8 1 25 6 14 11 22 25 139 118 34 |8 23 10 18 22 3 5 9 23 25 26 15 104 279 265 253 |6 34 12 28 9 20 14 23 16 17 11 3 27 217 262 287 |14 13 11 17 2 1 2 11 9 1 9 23 20 14 95 156 |4 12 2 1 5 1 8 13 17 12 13 1 1 1 11 15 |1 1 5 1 1 1 3 13 18 6 2 18 1 6 1 25 |2 2 7 3 12 1 1 7 1 4 18 1 1 21 13 8 |2 7 2 17 7 14 3 7 1 18 20 1 17 3 16 17 |8 1 1 6 1 8 7 8 5 2 9 2 1 7 13 25 |
4742: 3 4 1 1 1 7 1 1 1 3 3 9 14 5 31 18 |9 7 1 1 3 1 6 15 1 4 4 4 32 4 13 15 |9 14 1 7 13 8 14 13 12 13 21 17 17 18 19 12 |1 12 16 1 12 8 1 25 6 14 11 22 25 139 118 34 |8 23 10 18 22 3 5 9 23 25 26 15 104 279 265 253 |6 34 12 28 9 20 14 23 16 17 11 3 27 217 262 287 |14 13 11 17 2 1 2 11 9 1 9 23 20 14 95 156 |4 12 2 1 5 1 8 13 17 12 13 1 1 1 11 15 |1 1 5 1 1 1 3 13 18 6 2 18 1 6 1 25 |1 3 7 2 11 1 1 7 1 5 17 1 6 19 13 9 |4 2 1 23 7 14 2 8 1 17 20 1 15 2 10 23 |8 1 1 6 1 7 1 3 5 3 8 6 1 1 5 20 |
4753: 2 4 1 1 1 1 13 1 1 3 1 1 14 5 14 16 |9 6 1 1 1 1 1 11 1 8 3 7 32 11 12 14 |9 14 1 7 13 8 14 13 12 13 21 17 17 18 19 12 |1 12 16 1 12 8 1 25 6 14 11 22 25 139 118 34 |8 23 10 18 22 3 5 9 23 25 26 15 104 279 265 253 |6 34 12 28 9 20 14 23 16 17 11 3 27 217 262 287 |14 13 11 17 2 1 2 11 9 1 9 23 20 14 95 156 |4 12 2 1 5 1 8 13 17 12 13 1 1 1 11 15 |1 1 5 1 1 1 3 13 18 6 2 18 1 6 1 25 |1 3 7 2 11 1 1 7 1 5 17 1 6 19 13 9 |4 2 1 23 7 14 2 8 1 17 20 1 15 2 10 23 |8 1 1 6 1 7 1 3 5 3 8 6 1 1 5 20 |
4764: 2 4 1 1 1 1 13 1 1 3 1 1 14 5 14 16 |9 6 1 1 1 1 1 11 1 8 3 7 32 11 12 14 |7 21 16 6 1 2 13 2 12 13 19 14 18 18 18 12 |3 5 1 1 1 10 11 30 6 12 10 16 31 122 121 29 |5 24 7 10 1 1 17 10 4 25 25 20 72 262 269 264 |9 33 12 12 10 18 1 13 17 16 9 8 16 182 267 292 |9 20 16 5 1 9 11 2 1 11 14 24 20 11 86 135 |4 8 17 1 1 1 7 14 18 11 18 1 8 2 11 13 |1 1 5 1 1 1 3 13 18 6 2 18 1 6 1 25 |1 3 7 2 11 1 1 7 1 5 17 1 6 19 13 9 |4 2 1 23 7 14 2 8 1 17 20 1 15 2 10 23 |8 1 1 6 1 7 1 3 5 3 8 6 1 1 5 20 |
4775: 2 4 1 1 1 1 13 1 1 3 1 1 14 5 14 16 |9 6 1 1 1 1 1 11 1 8 3 7 32 11 12 14 |7 21 16 6 1 2 13 2 12 13 19 14 18 18 18 12 |3 5 1 1 1 10 11 30 6 12 10 16 31 122 121 29 |5 24 7 10 1 1 17 10 4 25 25 20 72 262 269 264 |9 33 12 12 10 18 1 13 17 16 9 8 16 182 267 292 |9 20 16 5 1 9 11 2 1 11 14 24 20 11 86 135 |4 8 17 1 1 1 7 14 18 11 18 1 8 2 11 13 |3 7 7 2 1 1 2 2 17 2 2 11 1 5 1 19 |1 2 4 2 1 1 1 8 1 4 16 1 6 21 13 10 |2 5 8 10 3 13 2 8 1 18 8 1 14 2 16 18 |20 1 1 6 1 7 8 3 13 2 3 6 1 14 24 12 |
4786: 2 4 1 1 1 1 13 1 1 3 1 1 14 5 14 16 |9 6 1 1 1 1 1 11 1 8 3 7 32 11 12 14 |7 21 16 6 1 2 13 2 12 13 19 14 18 18 18 12 |3 5 1 1 1 10 11 30 6 12 10 16 31 122 121 29 |5 24 7 10 1 1 17 10 4 25 25 20 72 262 269 264 |9 33 12 12 10 18 1 13 17 16 9 8 16 182 267 292 |9 20 16 5 1 9 11 2 1 11 14 24 20 11 86 135 |4 8 17 1 1 1 7 14 18 11 18 1 8 2 11 13 |3 7 7 2 1 1 2 2 17 2 2 11 1 5 1 19 |1 2 4 2 1 1 1 8 1 4 16 1 6 21 13 10 |2 5 8 10 3 13 2 8 1 18 8 1 14 2 16 18 |20 1 1 6 1 7 8 3 13 2 3 6 1 14 24 12 |
4797: 2 3 1 1 1 9 8 1 1 1 1 1 14 5 26 17 |9 7 1 1 1 1 5 3 1 9 4 4 32 5 13 15 |12 13 15 7 1 14 8 1 11 11 17 20 12 21 14 12 |1 12 16 1 12 9 11 29 6 19 21 27 23 59 86 29 |7 16 17 8 2 1 17 8 3 27 25 17 35 175 270 253 |7 17 20 30 11 18 3 11 8 7 8 11 23 125 264 285 |12 14 21 1 2 1 2 11 3 3 9 10 26 17 70 107 |4 16 2 1 1 3 8 14 19 11 6 1 7 4 9 16 |3 7 7 2 1 1 2 2 17 2 2 11 1 5 1 19 |1 2 4 2 1 1 1 8 1 4 16 1 6 21 13 10 |2 5 8 10 3 13 2 8 1 18 8 1 14 2 16 18 |20 1 1 6 1 7 8 3 13 2 3 6 1 14 24 12 |
4808: 2 3 1 1 1 9 8 1 1 1 1 1 14 5 26 17 |9 7 1 1 1 1 5 3 1 9 4 4 32 5 13 15 |12 13 15 7 1 14 8 1 11 11 17 20 12 21 14 12 |1 12 16 1 12 9 11 29 6 19 21 27 23 59 86 29 |7 16 17 8 2 1 17 8 3 27 25 17 35 175 270 253 |7 17 20 30 11 18 3 11 8 7 8 11 23 125 264 285 |12 14 21 1 2 1 2 11 3 3 9 10 26 17 70 107 |4 16 2 1 1 3 8 14 19 11 6 1 7 4 9 16 |3 2 6 2 1 1 16 6 18 1 2 13 1 5 1 24 |1 2 4 4 12 1 1 7 1 4 17 1 6 17 17 10 |1 7 7 7 15 2 2 7 1 2 8 1 15 1 15 12 |13 1 1 6 1 2 1 8 5 2 8 6 1 1 6 10 |
4819: 1 1 3 1 1 2 10 1 1 1 7 1 14 7 18 24 |9 7 1 1 1 1 5 3 1 9 4 4 32 5 13 15 |12 13 15 7 1 14 8 1 11 11 17 20 12 21 14 12 |1 12 16 1 12 9 11 29 6 19 21 27 23 59 86 29 |7 16 17 8 2 1 17 8 3 27 25 17 35 175 270 253 |7 17 20 30 11 18 3 11 8 7 8 11 23 125 264 285 |12 14 21 1 2 1 2 11 3 3 9 10 26 17 70 107 |4 16 2 1 1 3 8 14 19 11 6 1 7 4 9 16 |3 2 6 2 1 1 16 6 18 1 2 13 1 5 1 24 |1 2 4 4 12 1 1 7 1 4 17 1 6 17 17 10 |1 7 7 7 15 2 2 7 1 2 8 1 15 1 15 12 |13 1 1 6 1 2 1 8 5 2 8 6 1 1 6 10 |
4830: 1 1 3 1 1 2 10 1 1 1 7 1 14 7 18 24 |1 6 1 1 4 1 1 3 8 9 1 3 31 7 12 21 |10 15 16 6 13 4 9 1 9 10 6 13 14 19 1 1 |1 12 15 1 12 3 10 27 4 1 18 11 17 18 26 5 |4 6 9 14 1 6 12 1 10 20 13 11 16 21 12 37 |1 20 2 7 3 9 1 15 4 9 1 1 1 17 8 14 |8 5 19 2 1 1 1 11 2 1 3 8 6 1 1 12 |2 2 1 1 1 2 3 3 19 5 6 1 7 1 5 8 |2 2 6 2 3 1 15 1 18 9 2 13 1 1 3 14 |1 2 4 4 12 1 1 7 1 4 17 1 6 17 17 10 |1 7 7 7 15 2 2 7 1 2 8 1 15 1 15 12 |13 1 1 6 1 2 1 8 5 2 8 6 1 1 6 10 |
4840: 1 1 3 1 1 2 10 1 1 1 7 1 14 7 18 24 |1 6 1 1 4 1 1 3 8 9 1 3 31 7 12 21 |10 15 16 6 13 4 9 1 9 10 6 13 14 19 1 1 |1 12 15 1 12 3 10 27 4 1 18 11 17 18 26 5 |4 6 9 14 1 6 12 1 10 20 13 11 16 21 12 37 |1 20 2 7 3 9 1 15 4 9 1 1 1 17 8 14 |8 5 19 2 1 1 1 11 2 1 3 8 6 1 1 12 |2 2 1 1 1 2 3 3 19 5 6 1 7 1 5 8 |2 2 6 2 3 1 15 1 18 9 2 13 1 1 3 14 |1 1 16 5 12 5 1 6 2 2 17 1 6 13 15 1 |2 1 8 7 2 2 2 3 3 17 7 1 6 1 1 16 |12 1 1 1 1 7 7 3 5 2 9 6 2 6 18 15 |
4851: 1 1 4 1 1 1 4 3 7 1 1 1 13 1 4 19 |1 6 1 1 4 1 1 3 8 9 1 3 31 7 12 21 |10 15 16 6 13 4 9 1 9 10 6 13 14 19 1 1 |1 12 15 1 12 3 10 27 4 1 18 11 17 18 26 5 |4 6 9 14 1 6 12 1 10 20 13 11 16 21 12 37 |1 20 2 7 3 9 1 15 4 9 1 1 1 17 8 14 |8 5 19 2 1 1 1 11 2 1 3 8 6 1 1 12 |2 2 1 1 1 2 3 3 19 5 6 1 7 1 5 8 |2 2 6 2 3 1 15 1 18 9 2 13 1 1 3 14 |1 1 16 5 12 5 1 6 2 2 17 1 6 13 15 1 |2 1 8 7 2 2 2 3 3 17 7 1 6 1 1 16 |12 1 1 1 1 7 7 3 5 2 9 6 2 6 18 15 |
4862: 1 1 4 1 1 1 4 3 7 1 1 1 13 1 4 19 |9 1 2 1 2 1 1 2 7 9 1 16 23 3 7 18 |8 16 11 6 13 6 17 10 8 6 8 8 7 10 8 4 |1 6 17 2 12 8 3 24 1 15 17 20 1 14 11 7 |1 1 1 14 7 2 1 1 10 18 18 8 4 19 4 1 |2 13 1 5 1 1 1 15 11 7 3 2 10 15 4 11 |8 5 17 1 4 1 1 11 1 1 16 11 5 1 1 1 |2 2 1 1 1 2 3 3 19 5 6 1 7 1 5 8 |2 2 6 2 3 1 15 1 18 9 2 13 1 1 3 14 |1 1 16 5 12 5 1 6 2 2 17 1 6 13 15 1 |2 1 8 7 2 2 2 3 3 17 7 1 6 1 1 16 |12 1 1 1 1 7 7 3 5 2 9 6 2 6 18 15 |
4873: 1 1 4 1 1 1 4 3 7 1 1 1 13 1 4 19 |9 1 2 1 2 1 1 2 7 9 1 16 23 3 7 18 |8 16 11 6 13 6 17 10 8 6 8 8 7 10 8 4 |1 6 17 2 12 8 3 24 1 15 17 20 1 14 11 7 |1 1 1 14 7 2 1 1 10 18 18 8 4 19 4 1 |2 13 1 5 1 1 1 15 11 7 3 2 10 15 4 11 |8 5 17 1 4 1 1 11 1 1 16 11 5 1 1 1 |2 10 5 1 6 1 7 14 18 5 6 3 7 1 3 8 |3 2 6 2 5 1 1 2 17 2 1 11 1 4 3 13 |1 2 2 2 1 1 3 7 1 3 17 1 6 12 15 1 |3 4 7 8 15 2 2 7 1 17 8 1 1 1 9 15 |9 1 1 5 1 1 8 2 13 2 1 6 3 1 17 11 |
4884: 1 1 4 1 1 1 4 3 7 1 1 1 13 1 4 19 |9 1 2 1 2 1 1 2 7 9 1 16 23 3 7 18 |8 16 11 6 13 6 17 10 8 6 8 8 7 10 8 4 |1 6 17 2 12 8 3 24 1 15 17 20 1 14 11 7 |1 1 1 14 7 2 1 1 10 18 18 8 4 19 4 1 |2 13 1 5 1 1 1 15 11 7 3 2 10 15 4 11 |8 5 17 1 4 1 1 11 1 1 16 11 5 1 1 1 |2 10 5 1 6 1 7 14 18 5 6 3 7 1 3 8 |3 2 6 2 5 1 1 2 17 2 1 11 1 4 3 13 |1 2 2 2 1 1 3 7 1 3 17 1 6 12 15 1 |3 4 7 8 15 2 2 7 1 17 8 1 1 1 9 15 |9 1 1 5 1 1 8 2 13 2 1 6 3 1 17 11 |
4895: 1 1 3 1 1 1 1 2 7 1 1 1 13 1 10 17 |2 6 3 1 2 1 1 16 7 4 1 16 23 8 7 19 |11 12 10 6 12 4 9 8 8 6 8 8 7 1 1 1 |1 6 16 1 2 1 10 25 4 15 19 19 1 14 18 9 |1 8 1 9 1 7 3 5 8 19 18 3 4 19 10 18 |2 13 1 6 1 1 1 14 10 1 4 2 11 14 5 11 |7 5 8 13 6 1 1 11 2 1 14 9 5 7 1 1 |2 2 1 1 8 1 7 14 13 2 4 4 7 1 3 6 |3 2 6 2 5 1 1 2 17 2 1 11 1 4 3 13 |1 2 2 2 1 1 3 7 1 3 17 1 6 12 15 1 |3 4 7 8 15 2 2 7 1 17 8 1 1 1 9 15 |9 1 1 5 1 1 8 2 13 2 1 6 3 1 17 11 |
4906: 1 1 3 1 1 1 1 2 7 1 1 1 13 1 10 17 |2 6 3 1 2 1 1 16 7 4 1 16 23 8 7 19 |11 12 10 6 12 4 9 8 8 6 8 8 7 1 1 1 |1 6 16 1 2 1 10 25 4 15 19 19 1 14 18 9 |1 8 1 9 1 7 3 5 8 19 18 3 4 19 10 18 |2 13 1 6 1 1 1 14 10 1 4 2 11 14 5 11 |7 5 8 13 6 1 1 11 2 1 14 9 5 7 1 1 |2 2 1 1 8 1 7 14 13 2 4 4 7 1 3 6 |1 1 12 2 4 1 3 13 16 3 1 7 3 7 2 2 |1 3 4 2 12 1 1 8 1 2 7 1 1 17 3 1 |2 1 1 1 15 8 2 8 1 18 8 1 1 1 1 17 |8 1 1 6 1 1 1 3 5 2 8 1 1 1 17 17 |
4917: 1 1 3 1 1 1 1 2 7 1 1 1 13 1 10 17 |2 6 3 1 2 1 1 16 7 4 1 16 23 8 7 19 |11 12 10 6 12 4 9 8 8 6 8 8 7 1 1 1 |1 6 16 1 2 1 10 25 4 15 19 19 1 14 18 9 |1 8 1 9 1 7 3 5 8 19 18 3 4 19 10 18 |2 13 1 6 1 1 1 14 10 1 4 2 11 14 5 11 |7 5 8 13 6 1 1 11 2 1 14 9 5 7 1 1 |2 2 1 1 8 1 7 14 13 2 4 4 7 1 3 6 |1 1 12 2 4 1 3 13 16 3 1 7 3 7 2 2 |1 3 4 2 12 1 1 8 1 2 7 1 1 17 3 1 |2 1 1 1 15 8 2 8 1 18 8 1 1 1 1 17 |8 1 1 6 1 1 1 3 5 2 8 1 1 1 17 17 |
4928: 1 11 1 1 1 1 10 1 1 1 6 1 14 2 10 18 |3 6 1 1 3 1 1 3 7 9 1 7 31 8 7 19 |11 16 17 6 11 14 10 10 10 11 2 13 16 20 19 1 |1 7 16 1 12 7 3 18 5 4 16 11 17 26 22 14 |1 9 7 14 1 1 10 1 10 13 11 10 15 18 34 41 |2 18 1 6 1 1 1 13 10 6 3 2 10 24 11 5 |8 5 11 11 6 1 1 11 1 1 3 5 5 8 1 1 |2 2 1 1 1 3 1 13 7 4 5 1 6 2 4 8 |2 2 7 1 1 1 15 14 11 1 2 18 3 6 2 9 |1 1 2 2 11 5 1 6 2 1 15 1 6 13 15 1 |2 1 1 1 15 8 2 8 1 18 8 1 1 1 1 17 |8 1 1 6 1 1 1 3 5 2 8 1 1 1 17 17 |
4939: 1 11 1 1 1 1 10 1 1 1 6 1 14 2 10 18 |3 6 1 1 3 1 1 3 7 9 1 7 31 8 7 19 |11 16 17 6 11 14 10 10 10 11 2 13 16 20 19 1 |1 7 16 1 12 7 3 18 5 4 16 11 17 26 22 14 |1 9 7 14 1 1 10 1 10 13 11 10 15 18 34 41 |2 18 1 6 1 1 1 13 10 6 3 2 10 24 11 5 |8 5 11 11 6 1 1 11 1 1 3 5 5 8 1 1 |2 2 1 1 1 3 1 13 7 4 5 1 6 2 4 8 |2 2 7 1 1 1 15 14 11 1 2 18 3 6 2 9 |1 1 2 2 11 5 1 6 2 1 15 1 6 13 15 1 |3 1 8 7 2 1 3 7 1 17 7 1 1 1 1 17 |12 6 1 5 1 7 1 1 5 2 9 1 2 6 19 8 |
4950: 1 11 1 1 1 1 10 1 1 1 6 1 14 2 10 18 |3 6 1 1 3 1 1 3 7 9 1 7 31 8 7 19 |11 16 17 6 11 14 10 10 10 11 2 13 16 20 19 1 |1 7 16 1 12 7 3 18 5 4 16 11 17 26 22 14 |1 9 7 14 1 1 10 1 10 13 11 10 15 18 34 41 |2 18 1 6 1 1 1 13 10 6 3 2 10 24 11 5 |8 5 11 11 6 1 1 11 1 1 3 5 5 8 1 1 |2 2 1 1 1 3 1 13 7 4 5 1 6 2 4 8 |2 2 7 1 1 1 15 14 11 1 2 18 3 6 2 9 |1 1 2 2 11 5 1 6 2 1 15 1 6 13 15 1 |3 1 8 7 2 1 3 7 1 17 7 1 1 1 1 17 |12 6 1 5 1 7 1 1 5 2 9 1 2 6 19 8 |
4961: 1 1 1 1 1 10 1 1 1 1 4 1 14 9 13 12 |8 3 1 1 1 1 1 15 1 9 4 5 32 10 13 9 |12 19 13 3 1 3 12 9 10 11 17 12 11 23 30 7 |1 21 23 10 2 13 11 18 6 23 18 25 38 165 228 144 |6 10 19 10 2 1 17 10 1 20 23 5 33 139 267 275 |1 8 1 15 1 1 7 9 12 9 1 1 1 30 62 91 |8 5 22 11 1 1 1 11 1 1 17 11 6 9 2 12 |2 12 1 1 1 3 8 13 17 2 6 3 7 2 1 1 |3 2 7 2 1 1 16 9 17 2 2 11 1 17 1 22 |1 1 2 2 11 5 1 6 2 1 15 1 6 13 15 1 |3 1 8 7 2 1 3 7 1 17 7 1 1 1 1 17 |12 6 1 5 1 7 1 1 5 2 9 1 2 6 19 8 |
4972: 1 1 1 1 1 10 1 1 1 1 4 1 14 9 13 12 |8 3 1 1 1 1 1 15 1 9 4 5 32 10 13 9 |12 19 13 3 1 3 12 9 10 11 17 12 11 23 30 7 |1 21 23 10 2 13 11 18 6 23 18 25 38 165 228 144 |6 10 19 10 2 1 17 10 1 20 23 5 33 139 267 275 |1 8 1 15 1 1 7 9 12 9 1 1 1 30 62 91 |8 5 22 11 1 1 1 11 1 1 17 11 6 9 2 12 |2 12 1 1 1 3 8 13 17 2 6 3 7 2 1 1 |3 2 7 2 1 1 16 9 17 2 2 11 1 17 1 22 |1 2 2 1 11 5 1 7 1 3 16 1 7 17 16 8 |1 1 8 5 2 14 3 7 1 18 8 1 14 2 16 12 |13 1 1 5 1 1 1 2 5 2 10 2 1 1 5 10 |
4983: 1 1 4 1 1 1 8 1 1 5 1 1 15 7 18 12 |8 3 1 1 1 1 1 15 1 9 4 5 32 10 13 9 |12 19 13 3 1 3 12 9 10 11 17 12 11 23 30 7 |1 21 23 10 2 13 11 18 6 23 18 25 38 165 228 144 |6 10 19 10 2 1 17 10 1 20 23 5 33 139 267 275 |1 8 1 15 1 1 7 9 12 9 1 1 1 30 62 91 |8 5 22 11 1 1 1 11 1 1 17 11 6 9 2 12 |2 12 1 1 1 3 8 13 17 2 6 3 7 2 1 1 |3 2 7 2 1 1 16 9 17 2 2 11 1 17 1 22 |1 2 2 1 11 5 1 7 1 3 16 1 7 17 16 8 |1 1 8 5 2 14 3 7 1 18 8 1 14 2 16 12 |13 1 1 5 1 1 1 2 5 2 10 2 1 1 5 10 |
4994: 1 1 4 1 1 1 8 1 1 5 1 1 15 7 18 12 |9 6 3 6 1 1 2 3 1 8 9 9 32 17 14 19 |6 21 13 7 1 1 9 9 1 11 19 15 31 65 41 19 |4 23 18 4 6 18 12 29 1 19 12 18 101 269 272 212 |7 25 16 23 21 3 7 12 12 27 25 16 49 195 259 287 |1 9 1 20 8 10 1 4 3 11 1 10 5 29 97 124 |8 5 23 6 3 1 1 11 1 1 3 18 17 2 1 1 |3 7 3 1 1 2 8 12 18 5 6 3 7 2 3 5 |2 8 6 2 1 1 1 1 17 2 2 8 1 5 1 11 |1 8 8 3 13 5 1 7 1 4 17 1 7 19 12 3 |2 5 7 8 3 2 2 8 1 17 20 1 6 1 13 11 |13 1 1 5 1 1 1 2 5 2 10 2 1 1 5 10 |
5005: 1 1 4 1 1 1 8 1 1 5 1 1 15 7 18 12 |9 6 3 6 1 1 2 3 1 8 9 9 32 17 14 19 |6 21 13 7 1 1 9 9 1 11 19 15 31 65 41 19 |4 23 18 4 6 18 12 29 1 19 12 18 101 269 272 212 |7 25 16 23 21 3 7 12 12 27 25 16 49 195 259 287 |1 9 1 20 8 10 1 4 3 11 1 10 5 29 97 124 |8 5 23 6 3 1 1 11 1 1 3 18 17 2 1 1 |3 7 3 1 1 2 8 12 18 5 6 3 7 2 3 5 |2 8 6 2 1 1 1 1 17 2 2 8 1 5 1 11 |1 8 8 3 13 5 1 7 1 4 17 1 7 19 12 3 |2 5 7 8 3 2 2 8 1 17 20 1 6 1 13 11 |13 1 1 6 1 7 8 3 12 2 2 6 1 13 24 10 |
5016: 1 1 4 1 1 1 8 1 1 5 1 1 15 7 18 12 |9 6 3 6 1 1 2 3 1 8 9 9 32 17 14 19 |6 21 13 7 1 1 9 9 1 11 19 15 31 65 41 19 |4 23 18 4 6 18 12 29 1 19 12 18 101 269 272 212 |7 25 16 23 21 3 7 12 12 27 25 16 49 195 259 287 |1 9 1 20 8 10 1 4 3 11 1 10 5 29 97 124 |8 5 23 6 3 1 1 11 1 1 3 18 17 2 1 1 |3 7 3 1 1 2 8 12 18 5 6 3 7 2 3 5 |2 8 6 2 1 1 1 1 17 2 2 8 1 5 1 11 |1 8 8 3 13 5 1 7 1 4 17 1 7 19 12 3 |2 5 7 8 3 2 2 8 1 17 20 1 6 1 13 11 |13 1 1 6 1 7 8 3 12 2 2 6 1 13 24 10 |
5027: 1 1 4 1 1 1 1 1 1 9 1 1 2 1 19 13 |9 6 3 6 1 1 1 4 1 9 11 16 33 19 16 20 |11 20 16 7 1 2 9 3 12 12 19 25 39 125 88 19 |7 8 26 7 10 22 14 33 9 22 26 33 135 268 267 229 |6 16 1 8 29 7 2 10 3 25 19 19 67 220 259 286 |1 4 7 19 9 9 7 11 1 9 1 4 3 19 112 110 |8 5 16 1 4 1 1 11 1 1 7 4 9 1 1 13 |3 1 3 1 1 3 8 14 16 1 7 5 4 5 1 1 |2 2 7 1 4 1 1 2 6 2 2 11 1 5 1 19 |1 2 4 1 1 1 2 8 2 2 17 1 7 20 12 3 |2 5 7 8 3 2 2 8 1 17 20 1 6 1 13 11 |13 1 1 6 1 7 8 3 12 2 2 6 1 13 24 10 |
5038: 1 1 4 1 1 1 1 1 1 9 1 1 2 1 19 13 |9 6 3 6 1 1 1 4 1 9 11 16 33 19 16 20 |11 20 16 7 1 2 9 3 12 12 19 25 39 125 88 19 |7 8 26 7 10 22 14 33 9 22 26 33 135 268 267 229 |6 16 1 8 29 7 2 10 3 25 19 19 67 220 259 286 |1 4 7 19 9 9 7 11 1 9 1 4 3 19 112 110 |8 5 16 1 4 1 1 11 1 1 7 4 9 1 1 13 |3 1 3 1 1 3 8 14 16 1 7 5 4 5 1 1 |2 2 7 1 4 1 1 2 6 2 2 11 1 5 1 19 |1 2 4 1 1 1 2 8 2 2 17 1 7 20 12 3 |2 1 10 8 15 13 2 8 1 18 8 1 15 4 16 16 |9 1 1 6 1 1 8 2 5 3 2 7 1 14 24 10 |
5049: 1 1 4 1 1 1 1 1 1 9 1 1 2 1 19 13 |9 6 3 6 1 1 1 4 1 9 11 16 33 19 16 20 |11 20 16 7 1 2 9 3 12 12 19 25 39 125 88 19 |7 8 26 7 10 22 14 33 9 22 26 33 135 268 267 229 |6 16 1 8 29 7 2 10 3 25 19 19 67 220 259 286 |1 4 7 19 9 9 7 11 1 9 1 4 3 19 112 110 |8 5 16 1 4 1 1 11 1 1 7 4 9 1 1 13 |3 1 3 1 1 3 8 14 16 1 7 5 4 5 1 1 |2 2 7 1 4 1 1 2 6 2 2 11 1 5 1 19 |1 2 4 1 1 1 2 8 2 2 17 1 7 20 12 3 |2 1 10 8 15 13 2 8 1 18 8 1 15 4 16 16 |9 1 1 6 1 1 8 2 5 3 2 7 1 14 24 10 |
5060: 2 3 1 1 1 10 8 1 1 1 1 1 5 5 18 13 |9 3 1 1 1 1 1 15 1 5 11 17 33 25 6 10 |12 21 17 7 1 2 7 8 11 5 20 23 35 143 109 14 |6 23 30 1 7 12 5 24 9 17 28 49 135 273 266 227 |8 21 20 16 14 8 18 7 1 27 28 21 71 234 273 288 |1 18 7 20 8 9 10 10 3 8 1 4 4 23 114 128 |8 5 23 1 7 1 1 11 1 1 16 11 10 1 1 12 |2 2 1 1 1 3 8 12 17 2 18 4 9 3 1 1 |2 1 6 2 5 1 15 13 17 1 2 17 1 5 1 19 |1 2 4 5 11 6 1 7 2 1 16 1 1 21 13 8 |2 1 10 8 15 13 2 8 1 18 8 1 15 4 16 16 |9 1 1 6 1 1 8 2 5 3 2 7 1 14 24 10 |
5071: 2 3 1 1 1 10 8 1 1 1 1 1 5 5 18 13 |9 3 1 1 1 1 1 15 1 5 11 17 33 25 6 10 |12 21 17 7 1 2 7 8 11 5 20 23 35 143 109 14 |6 23 30 1 7 12 5 24 9 17 28 49 135 273 266 227 |8 21 20 16 14 8 18 7 1 27 28 21 71 234 273 288 |1 18 7 20 8 9 10 10 3 8 1 4 4 23 114 128 |8 5 23 1 7 1 1 11 1 1 16 11 10 1 1 12 |2 2 1 1 1 3 8 12 17 2 18 4 9 3 1 1 |2 1 6 2 5 1 15 13 17 1 2 17 1 5 1 19 |1 2 4 5 11 6 1 7 2 1 16 1 1 21 13 8 |1 1 8 9 15 8 2 8 1 17 8 1 15 2 15 13 |8 7 2 5 1 8 1 9 16 7 9 6 1 7 6 11 |
5082: 1 2 1 1 1 7 1 1 1 1 1 1 2 4 18 17 |9 3 1 1 1 1 1 15 1 5 11 17 33 25 6 10 |12 21 17 7 1 2 7 8 11 5 20 23 35 143 109 14 |6 23 30 1 7 12 5 24 9 17 28 49 135 273 266 227 |8 21 20 16 14 8 18 7 1 27 28 21 71 234 273 288 |1 18 7 20 8 9 10 10 3 8 1 4 4 23 114 128 |8 5 23 1 7 1 1 11 1 1 16 11 10 1 1 12 |2 2 1 1 1 3 8 12 17 2 18 4 9 3 1 1 |2 1 6 2 5 1 15 13 17 1 2 17 1 5 1 19 |1 2 4 5 11 6 1 7 2 1 16 1 1 21 13 8 |1 1 8 9 15 8 2 8 1 17 8 1 15 2 15 13 |8 7 2 5 1 8 1 9 16 7 9 6 1 7 6 11 |
5093: 1 2 1 1 1 7 1 1 1 1 1 1 2 4 18 17 |13 15 1 1 1 1 15 10 8 8 10 22 33 20 16 20 |10 4 17 7 11 15 21 2 1 13 19 24 50 155 110 11 |6 18 11 4 8 18 8 26 8 20 25 32 135 276 269 249 |3 28 19 15 8 15 6 2 4 27 25 18 68 228 264 290 |1 5 1 19 7 9 1 16 4 10 2 1 1 24 119 120 |7 4 22 4 6 1 1 11 1 1 17 11 9 1 1 12 |2 2 1 1 1 3 6 14 18 4 6 1 7 5 2 1 |1 7 6 1 2 1 15 1 18 10 2 17 1 5 1 25 |1 2 4 5 11 6 1 7 2 1 16 1 1 21 13 8 |1 1 8 9 15 8 2 8 1 17 8 1 15 2 15 13 |8 7 2 5 1 8 1 9 16 7 9 6 1 7 6 11 |
5104: 1 2 1 1 1 7 1 1 1 1 1 1 2 4 18 17 |13 15 1 1 1 1 15 10 8 8 10 22 33 20 16 20 |10 4 17 7 11 15 21 2 1 13 19 24 50 155 110 11 |6 18 11 4 8 18 8 26 8 20 25 32 135 276 269 249 |3 28 19 15 8 15 6 2 4 27 25 18 68 228 264 290 |1 5 1 19 7 9 1 16 4 10 2 1 1 24 119 120 |7 4 22 4 6 1 1 11 1 1 17 11 9 1 1 12 |2 2 1 1 1 3 6 14 18 4 6 1 7 5 2 1 |1 7 6 1 2 1 15 1 18 10 2 17 1 5 1 25 |1 1 2 2 11 7 1 7 1 4 16 1 1 21 13 8 |2 1 9 9 15 1 3 8 1 17 7 1 15 2 16 17 |13 8 1 5 1 7 7 2 1 3 8 1 1 1 6 11 |
5115: 1 2 1 1 1 7 1 1 1 1 1 1 2 4 18 17 |13 15 1 1 1 1 15 10 8 8 10 22 33 20 16 20 |10 4 17 7 11 15 21 2 1 13 19 24 50 155 110 11 |6 18 11 4 8 18 8 26 8 20 25 32 135 276 269 249 |3 28 19 15 8 15 6 2 4 27 25 18 68 228 264 290 |1 5 1 19 7 9 1 16 4 10 2 1 1 24 119 120 |7 4 22 4 6 1 1 11 1 1 17 11 9 1 1 12 |2 2 1 1 1 3 6 14 18 4 6 1 7 5 2 1 |1 7 6 1 2 1 15 1 18 10 2 17 1 5 1 25 |1 1 2 2 11 7 1 7 1 4 16 1 1 21 13 8 |2 1 9 9 15 1 3 8 1 17 7 1 15 2 16 17 |13 8 1 5 1 7 7 2 1 3 8 1 1 1 6 11 |
5126: 1 1 1 1 1 3 1 1 1 1 1 1 5 1 19 14 |8 16 1 1 3 1 16 9 1 9 11 17 20 20 6 11 |10 21 17 8 1 14 17 13 4 11 17 25 49 154 105 10 |4 29 16 18 20 21 9 25 1 23 26 34 136 273 258 247 |2 24 18 11 9 1 20 8 5 25 13 20 81 238 251 285 |1 18 2 19 10 11 6 13 6 9 1 9 3 25 115 144 |12 12 24 5 6 1 1 11 1 1 16 11 11 2 1 1 |1 2 1 1 2 1 7 14 8 12 5 3 8 1 1 1 |2 2 11 2 1 1 15 1 13 1 1 6 1 6 1 19 |1 1 2 2 11 7 1 7 1 4 16 1 1 21 13 8 |2 1 9 9 15 1 3 8 1 17 7 1 15 2 16 17 |13 8 1 5 1 7 7 2 1 3 8 1 1 1 6 11 |
5137: 1 1 1 1 1 3 1 1 1 1 1 1 5 1 19 14 |8 16 1 1 3 1 16 9 1 9 11 17 20 20 6 11 |10 21 17 8 1 14 17 13 4 11 17 25 49 154 105 10 |4 29 16 18 20 21 9 25 1 23 26 34 136 273 258 247 |2 24 18 11 9 1 20 8 5 25 13 20 81 238 251 285 |1 18 2 19 10 11 6 13 6 9 1 9 3 25 115 144 |12 12 24 5 6 1 1 11 1 1 16 11 11 2 1 1 |1 2 1 1 2 1 7 14 8 12 5 3 8 1 1 1 |2 2 11 2 1 1 15 1 13 1 1 6 1 6 1 19 |1 1 7 1 11 2 2 1 2 1 7 1 1 21 13 8 |3 2 8 9 3 14 2 7 1 17 20 1 4 1 14 16 |11 1 2 7 1 2 1 8 1 2 9 2 1 1 6 11 |
5148: 1 1 1 1 1 3 1 1 1 1 1 1 5 1 19 14 |8 16 1 1 3 1 16 9 1 9 11 17 20 20 6 11 |10 21 17 8 1 14 17 13 4 11 17 25 49 154 105 10 |4 29 16 18 20 21 9 25 1 23 26 34 136 273 258 247 |2 24 18 11 9 1 20 8 5 25 13 20 81 238 251 285 |1 18 2 19 10 11 6 13 6 9 1 9 3 25 115 144 |12 12 24 5 6 1 1 11 1 1 16 11 11 2 1 1 |1 2 1 1 2 1 7 14 8 12 5 3 8 1 1 1 |2 2 11 2 1 1 15 1 13 1 1 6 1 6 1 19 |1 1 7 1 11 2 2 1 2 1 7 1 1 21 13 8 |3 2 8 9 3 14 2 7 1 17 20 1 4 1 14 16 |11 1 2 7 1 2 1 8 1 2 9 2 1 1 6 11 |
5159: 2 3 4 1 1 7 1 1 1 3 3 9 14 11 32 31 |9 6 1 1 1 1 16 8 1 4 11 16 24 20 4 14 |11 11 9 7 13 8 10 1 9 12 17 29 49 143 108 22 |3 22 22 11 20 20 10 25 8 22 26 35 130 273 259 244 |2 18 18 11 24 2 18 11 16 25 19 9 80 232 264 297 |1 20 8 20 8 11 1 15 4 11 4 1 1 32 125 146 |9 1 18 1 6 2 11 1 1 1 17 10 9 2 1 13 |1 1 1 1 1 3 7 14 17 2 6 3 8 1 1 1 |2 2 11 2 1 1 15 1 13 1 1 6 1 6 1 19 |1 1 7 1 11 2 2 1 2 1 7 1 1 21 13 8 |3 2 8 9 3 14 2 7 1 17 20 1 4 1 14 16 |11 1 2 7 1 2 1 8 1 2 9 2 1 1 6 11 |
5170: 2 3 4 1 1 7 1 1 1 3 3 9 14 11 32 31 |9 6 1 1 1 1 16 8 1 4 11 16 24 20 4 14 |11 11 9 7 13 8 10 1 9 12 17 29 49 143 108 22 |3 22 22 11 20 20 10 25 8 22 26 35 130 273 259 244 |2 18 18 11 24 2 18 11 16 25 19 9 80 232 264 297 |1 20 8 20 8 11 1 15 4 11 4 1 1 32 125 146 |9 1 18 1 6 2 11 1 1 1 17 10 9 2 1 13 |1 1 1 1 1 3 7 14 17 2 6 3 8 1 1 1 |1 8 9 2 1 1 15 13 17 1 2 18 1 18 1 11 |1 2 7 2 12 1 1 6 2 2 17 1 1 21 13 8 |2 2 1 23 7 13 2 8 1 18 19 1 16 2 17 13 |9 1 1 6 1 1 1 3 6 2 9 3 1 7 12 20 |
5181: 2 3 4 1 1 7 1 1 1 3 3 9 14 11 32 31 |9 6 1 1 1 1 16 8 1 4 11 16 24 20 4 14 |11 11 9 7 13 8 10 1 9 12 17 29 49 143 108 22 |3 22 22 11 20 20 10 25 8 22 26 35 130 273 259 244 |2 18 18 11 24 2 18 11 16 25 19 9 80 232 264 297 |1 20 8 20 8 11 1 15 4 11 4 1 1 32 125 146 |9 1 18 1 6 2 11 1 1 1 17 10 9 2 1 13 |1 1 1 1 1 3 7 14 17 2 6 3 8 1 1 1 |1 8 9 2 1 1 15 13 17 1 2 18 1 18 1 11 |1 2 7 2 12 1 1 6 2 2 17 1 1 21 13 8 |2 2 1 23 7 13 2 8 1 18 19 1 16 2 17 13 |9 1 1 6 1 1 1 3 6 2 9 3 1 7 12 20 |
5192: 2 1 1 1 1 1 6 1 1 9 1 1 1 4 18 13 |9 6 1 1 1 1 5 16 1 9 12 17 20 12 14 20 |9 21 21 7 1 15 13 2 1 10 12 30 41 140 104 15 |6 22 31 7 18 10 15 30 10 21 25 35 136 271 268 238 |9 20 18 21 24 14 17 11 12 25 21 19 82 232 265 277 |1 8 8 21 4 9 1 3 11 7 1 11 6 24 117 152 |7 5 24 5 5 2 1 11 1 1 16 15 9 1 1 1 |3 13 3 1 1 3 8 12 17 13 4 3 8 1 1 1 |1 8 9 2 1 1 15 13 17 1 2 18 1 18 1 11 |1 2 7 2 12 1 1 6 2 2 17 1 1 21 13 8 |2 2 1 23 7 13 2 8 1 18 19 1 16 2 17 13 |9 1 1 6 1 1 1 3 6 2 9 3 1 7 12 20 |
5202: 2 1 1 1 1 1 6 1 1 9 1 1 1 4 18 13 |9 6 1 1 1 1 5 16 1 9 12 17 20 12 14 20 |9 21 21 7 1 15 13 2 1 10 12 30 41 140 104 15 |6 22 31 7 18 10 15 30 10 21 25 35 136 271 268 238 |9 20 18 21 24 14 17 11 12 25 21 19 82 232 265 277 |1 8 8 21 4 9 1 3 11 7 1 11 6 24 117 152 |7 5 24 5 5 2 1 11 1 1 16 15 9 1 1 1 |3 13 3 1 1 3 8 12 17 13 4 3 8 1 1 1 |1 2 9 2 1 1 2 2 17 3 2 8 1 5 1 24 |1 2 7 1 2 6 1 7 1 3 17 1 7 18 13 8 |3 1 9 7 14 14 3 8 1 17 20 1 16 3 16 13 |12 1 1 6 1 7 6 2 6 3 2 6 1 1 6 11 |
5213: 2 1 1 1 1 1 6 1 1 9 1 1 1 4 18 13 |9 6 1 1 1 1 5 16 1 9 12 17 20 12 14 20 |9 21 21 7 1 15 13 2 1 10 12 30 41 140 104 15 |6 22 31 7 18 10 15 30 10 21 25 35 136 271 268 238 |9 20 18 21 24 14 17 11 12 25 21 19 82 232 265 277 |1 8 8 21 4 9 1 3 11 7 1 11 6 24 117 152 |7 5 24 5 5 2 1 11 1 1 16 15 9 1 1 1 |3 13 3 1 1 3 8 12 17 13 4 3 8 1 1 1 |1 2 9 2 1 1 2 2 17 3 2 8 1 5 1 24 |1 2 7 1 2 6 1 7 1 3 17 1 7 18 13 8 |3 1 9 7 14 14 3 8 1 17 20 1 16 3 16 13 |12 1 1 6 1 7 6 2 6 3 2 6 1 1 6 11 |
5224: 1 2 4 1 1 1 1 1 1 4 1 1 15 11 26 18 |9 6 1 1 1 1 16 9 1 8 12 16 33 20 14 19 |4 21 22 8 1 16 14 15 4 11 19 28 34 141 102 15 |5 24 24 6 20 17 1 33 4 23 24 22 122 264 270 243 |4 25 10 22 14 2 19 11 12 27 19 19 65 223 260 279 |4 17 1 20 9 9 7 14 4 8 1 10 1 32 111 134 |8 3 22 5 4 1 1 11 1 1 15 10 10 1 1 13 |1 13 1 1 1 3 9 12 18 2 5 4 7 1 1 1 |2 7 7 2 1 1 2 2 17 2 1 5 1 4 1 23 |1 2 7 1 2 6 1 7 1 3 17 1 7 18 13 8 |3 1 9 7 14 14 3 8 1 17 20 1 16 3 16 13 |12 1 1 6 1 7 6 2 6 3 2 6 1 1 6 11 |
5235: 1 2 4 1 1 1 1 1 1 4 1 1 15 11 26 18 |9 6 1 1 1 1 16 9 1 8 12 16 33 20 14 19 |4 21 22 8 1 16 14 15 4 11 19 28 34 141 102 15 |5 24 24 6 20 17 1 33 4 23 24 22 122 264 270 243 |4 25 10 22 14 2 19 11 12 27 19 19 65 223 260 279 |4 17 1 20 9 9 7 14 4 8 1 10 1 32 111 134 |8 3 22 5 4 1 1 11 1 1 15 10 10 1 1 13 |1 13 1 1 1 3 9 12 18 2 5 4 7 1 1 1 |2 7 7 2 1 1 2 2 17 2 1 5 1 4 1 23 |1 2 7 2 1 1 1 7 1 4 16 1 6 19 13 8 |3 1 10 8 15 1 3 8 1 18 8 1 16 2 15 14 |14 1 1 6 1 7 7 2 13 2 2 7 1 13 25 12 |
5246: 2 4 1 1 2 7 1 5 13 4 1 1 1 6 19 17 |9 6 1 1 1 1 16 9 1 8 12 16 33 20 14 19 |4 21 22 8 1 16 14 15 4 11 19 28 34 141 102 15 |5 24 24 6 20 17 1 33 4 23 24 22 122 264 270 243 |4 25 10 22 14 2 19 11 12 27 19 19 65 223 260 279 |4 17 1 20 9 9 7 14 4 8 1 10 1 32 111 134 |8 3 22 5 4 1 1 11 1 1 15 10 10 1 1 13 |1 13 1 1 1 3 9 12 18 2 5 4 7 1 1 1 |2 7 7 2 1 1 2 2 17 2 1 5 1 4 1 23 |1 2 7 2 1 1 1 7 1 4 16 1 6 19 13 8 |3 1 10 8 15 1 3 8 1 18 8 1 16 2 15 14 |14 1 1 6 1 7 7 2 13 2 2 7 1 13 25 12 |
5257: 2 4 1 1 2 7 1 5 13 4 1 1 1 6 19 17 |9 11 1 1 1 1 2 15 1 9 11 16 33 18 15 19 |13 14 1 7 1 3 13 1 11 11 18 26 24 77 84 9 |9 24 20 1 24 22 1 20 1 11 19 20 48 225 279 240 |8 26 30 14 14 1 18 11 17 25 24 18 42 163 265 295 |1 9 1 7 8 7 9 13 4 10 1 9 1 30 79 100 |7 4 22 7 6 1 1 11 1 1 3 4 8 9 8 10 |1 13 1 1 1 2 8 12 16 1 6 3 6 4 1 1 |2 1 7 2 5 1 15 1 17 1 2 13 4 11 1 11 |1 2 7 2 1 1 1 7 1 4 16 1 6 19 13 8 |3 1 10 8 15 1 3 8 1 18 8 1 16 2 15 14 |14 1 1 6 1 7 7 2 13 2 2 7 1 13 25 12 |
5268: 2 4 1 1 2 7 1 5 13 4 1 1 1 6 19 17 |9 11 1 1 1 1 2 15 1 9 11 16 33 18 15 19 |13 14 1 7 1 3 13 1 11 11 18 26 24 77 84 9 |9 24 20 1 24 22 1 20 1 11 19 20 48 225 279 240 |8 26 30 14 14 1 18 11 17 25 24 18 42 163 265 295 |1 9 1 7 8 7 9 13 4 10 1 9 1 30 79 100 |7 4 22 7 6 1 1 11 1 1 3 4 8 9 8 10 |1 13 1 1 1 2 8 12 16 1 6 3 6 4 1 1 |2 1 7 2 5 1 15 1 17 1 2 13 4 11 1 11 |2 3 2 8 11 2 1 6 1 4 16 1 6 13 16 10 |5 2 8 9 3 14 1 1 2 5 6 1 1 2 8 1 |13 1 1 6 1 7 1 8 5 2 9 2 1 1 6 10 |
5279: 2 4 1 1 2 7 1 5 13 4 1 1 1 6 19 17 |9 11 1 1 1 1 2 15 1 9 11 16 33 18 15 19 |13 14 1 7 1 3 13 1 11 11 18 26 24 77 84 9 |9 24 20 1 24 22 1 20 1 11 19 20 48 225 279 240 |8 26 30 14 14 1 18 11 17 25 24 18 42 163 265 295 |1 9 1 7 8 7 9 13 4 10 1 9 1 30 79 100 |7 4 22 7 6 1 1 11 1 1 3 4 8 9 8 10 |1 13 1 1 1 2 8 12 16 1 6 3 6 4 1 1 |2 1 7 2 5 1 15 1 17 1 2 13 4 11 1 11 |2 3 2 8 11 2 1 6 1 4 16 1 6 13 16 10 |5 2 8 9 3 14 1 1 2 5 6 1 1 2 8 1 |13 1 1 6 1 7 1 8 5 2 9 2 1 1 6 10 |
5290: 1 1 5 1 1 6 7 1 1 1 1 1 15 11 24 12 |9 2 1 1 2 1 2 3 1 4 1 8 32 19 13 15 |11 15 1 6 1 14 16 4 11 11 17 15 12 31 24 19 |5 15 21 4 9 8 11 19 7 9 21 28 31 101 213 153 |7 23 2 7 9 8 3 9 4 17 16 6 18 51 229 222 |1 21 3 6 1 6 7 15 10 6 5 2 11 23 20 44 |7 4 10 10 1 1 1 11 1 1 16 11 18 6 2 10 |1 13 2 1 6 2 8 11 17 2 6 2 6 1 4 8 |3 2 7 1 1 1 15 13 16 1 2 17 2 7 3 9 |1 2 3 4 11 6 1 8 1 3 16 1 6 12 15 1 |5 2 8 9 3 14 1 1 2 5 6 1 1 2 8 1 |13 1 1 6 1 7 1 8 5 2 9 2 1 1 6 10 |
5301: 1 1 5 1 1 6 7 1 1 1 1 1 15 11 24 12 |9 2 1 1 2 1 2 3 1 4 1 8 32 19 13 15 |11 15 1 6 1 14 16 4 11 11 17 15 12 31 24 19 |5 15 21 4 9 8 11 19 7 9 21 28 31 101 213 153 |7 23 2 7 9 8 3 9 4 17 16 6 18 51 229 222 |1 21 3 6 1 6 7 15 10 6 5 2 11 23 20 44 |7 4 10 10 1 1 1 11 1 1 16 11 18 6 2 10 |1 13 2 1 6 2 8 11 17 2 6 2 6 1 4 8 |3 2 7 1 1 1 15 13 16 1 2 17 2 7 3 9 |1 2 3 4 11 6 1 8 1 3 16 1 6 12 15 1 |3 7 2 6 3 14 2 8 1 17 8 1 2 1 1 16 |8 1 1 5 1 8 7 2 5 2 9 1 2 6 18 10 |
5312: 1 1 1 1 1 1 1 4 9 4 4 1 14 8 19 15 |9 2 1 1 2 1 2 3 1 4 1 8 32 19 13 15 |11 15 1 6 1 14 16 4 11 11 17 15 12 31 24 19 |5 15 21 4 9 8 11 19 7 9 21 28 31 101 213 153 |7 23 2 7 9 8 3 9 4 17 16 6 18 51 229 222 |1 21 3 6 1 6 7 15 10 6 5 2 11 23 20 44 |7 4 10 10 1 1 1 11 1 1 16 11 18 6 2 10 |1 13 2 1 6 2 8 11 17 2 6 2 6 1 4 8 |3 2 7 1 1 1 15 13 16 1 2 17 2 7 3 9 |1 2 3 4 11 6 1 8 1 3 16 1 6 12 15 1 |3 7 2 6 3 14 2 8 1 17 8 1 2 1 1 16 |8 1 1 5 1 8 7 2 5 2 9 1 2 6 18 10 |
5323: 1 1 1 1 1 1 1 4 9 4 4 1 14 8 19 15 |2 8 1 1 1 1 5 3 1 8 1 4 31 6 6 21 |12 14 16 7 1 1 14 2 10 11 11 13 17 18 25 12 |1 7 18 2 1 8 10 25 1 15 14 8 16 19 33 27 |1 14 7 14 8 2 12 4 9 18 2 9 4 13 4 30 |2 11 2 9 1 7 1 13 12 1 3 1 10 13 1 9 |7 5 5 1 6 1 1 11 1 1 17 10 16 1 1 1 |2 1 1 2 4 2 6 13 7 5 11 2 6 1 4 6 |3 2 7 1 1 1 15 13 16 1 2 17 2 7 3 9 |1 2 3 4 11 6 1 8 1 3 16 1 6 12 15 1 |3 7 2 6 3 14 2 8 1 17 8 1 2 1 1 16 |8 1 1 5 1 8 7 2 5 2 9 1 2 6 18 10 |
5334: 1 1 1 1 1 1 1 4 9 4 4 1 14 8 19 15 |2 8 1 1 1 1 5 3 1 8 1 4 31 6 6 21 |12 14 16 7 1 1 14 2 10 11 11 13 17 18 25 12 |1 7 18 2 1 8 10 25 1 15 14 8 16 19 33 27 |1 14 7 14 8 2 12 4 9 18 2 9 4 13 4 30 |2 11 2 9 1 7 1 13 12 1 3 1 10 13 1 9 |7 5 5 1 6 1 1 11 1 1 17 10 16 1 1 1 |2 1 1 2 4 2 6 13 7 5 11 2 6 1 4 6 |2 3 6 2 1 1 4 13 16 1 1 6 3 6 1 3 |1 2 16 3 10 1 1 7 1 4 16 1 6 12 15 1 |2 7 1 7 3 1 1 1 3 17 6 1 14 1 1 14 |12 1 1 2 1 7 1 7 5 1 8 1 2 4 18 15 |
5345: 1 1 1 1 1 1 1 4 9 4 4 1 14 8 19 15 |2 8 1 1 1 1 5 3 1 8 1 4 31 6 6 21 |12 14 16 7 1 1 14 2 10 11 11 13 17 18 25 12 |1 7 18 2 1 8 10 25 1 15 14 8 16 19 33 27 |1 14 7 14 8 2 12 4 9 18 2 9 4 13 4 30 |2 11 2 9 1 7 1 13 12 1 3 1 10 13 1 9 |7 5 5 1 6 1 1 11 1 1 17 10 16 1 1 1 |2 1 1 2 4 2 6 13 7 5 11 2 6 1 4 6 |2 3 6 2 1 1 4 13 16 1 1 6 3 6 1 3 |1 2 16 3 10 1 1 7 1 4 16 1 6 12 15 1 |2 7 1 7 3 1 1 1 3 17 6 1 14 1 1 14 |12 1 1 2 1 7 1 7 5 1 8 1 2 4 18 15 |
5378: 1 2 1 1 1 2 1 1 1 1 1 10 8 11 36 15 |9 7 1 1 3 1 16 16 1 1 1 22 31 36 36 32 |16 22 22 7 1 16 24 1 11 11 17 18 11 26 104 90 |1 7 18 2 1 8 10 25 1 15 14 8 16 19 33 27 |1 14 7 14 8 2 12 4 9 18 2 9 4 13 4 30 |2 11 2 9 1 7 1 13 12 1 3 1 10 13 1 9 |7 5 5 1 6 1 1 11 1 1 17 10 16 1 1 1 |2 1 1 2 4 2 6 13 7 5 11 2 6 1 4 6 |2 3 6 2 1 1 4 13 16 1 1 6 3 6 1 3 |1 2 16 3 10 1 1 7 1 4 16 1 6 12 15 1 |2 7 1 7 3 1 1 1 3 17 6 1 14 1 1 14 |12 1 1 2 1 7 1 7 5 1 8 1 2 4 18 15 |
5389: 1 2 1 1 1 2 1 1 1 1 1 10 8 11 36 15 |9 7 1 1 3 1 16 16 1 1 1 22 31 36 36 32 |16 22 22 7 1 16 24 1 11 11 17 18 11 26 104 90 |1 6 2 1 12 7 6 12 5 15 18 21 12 19 31 44 |1 7 1 8 7 1 9 3 8 16 17 1 13 7 8 10 |2 11 2 2 1 5 1 12 9 1 2 3 1 1 1 1 |1 5 7 13 4 1 1 10 1 1 1 14 17 1 1 1 |1 2 1 2 4 2 1 14 5 4 6 4 5 1 2 5 |2 2 7 1 1 1 16 1 6 2 1 1 2 5 4 14 |1 2 7 1 11 2 1 7 1 3 14 1 1 17 3 1 |2 7 1 7 3 1 1 1 3 17 6 1 14 1 1 14 |12 1 1 2 1 7 1 7 5 1 8 1 2 4 18 15 |
5400: 1 2 1 1 1 2 1 1 1 1 1 10 8 11 36 15 |9 7 1 1 3 1 16 16 1 1 1 22 31 36 36 32 |16 22 22 7 1 16 24 1 11 11 17 18 11 26 104 90 |1 6 2 1 12 7 6 12 5 15 18 21 12 19 31 44 |1 7 1 8 7 1 9 3 8 16 17 1 13 7 8 10 |2 11 2 2 1 5 1 12 9 1 2 3 1 1 1 1 |1 5 7 13 4 1 1 10 1 1 1 14 17 1 1 1 |1 2 1 2 4 2 1 14 5 4 6 4 5 1 2 5 |2 2 7 1 1 1 16 1 6 2 1 1 2 5 4 14 |1 2 7 1 11 2 1 7 1 3 14 1 1 17 3 1 |2 1 8 8 3 13 2 2 2 12 7 1 2 2 6 16 |12 8 1 6 1 8 7 2 5 2 2 5 1 7 5 1 |
5411: 3 10 1 1 1 9 4 4 1 3 8 11 20 10 49 31 |9 7 1 1 3 1 16 16 1 1 1 22 31 36 36 32 |16 22 22 7 1 16 24 1 11 11 17 18 11 26 104 90 |1 6 2 1 12 7 6 12 5 15 18 21 12 19 31 44 |1 7 1 8 7 1 9 3 8 16 17 1 13 7 8 10 |2 11 2 2 1 5 1 12 9 1 2 3 1 1 1 1 |1 5 7 13 4 1 1 10 1 1 1 14 17 1 1 1 |1 2 1 2 4 2 1 14 5 4 6 4 5 1 2 5 |2 2 7 1 1 1 16 1 6 2 1 1 2 5 4 14 |1 2 7 1 11 2 1 7 1 3 14 1 1 17 3 1 |2 1 8 8 3 13 2 2 2 12 7 1 2 2 6 16 |12 8 1 6 1 8 7 2 5 2 2 5 1 7 5 1 |
5422: 3 10 1 1 1 9 4 4 1 3 8 11 20 10 49 31 |9 22 11 12 6 8 8 17 7 1 11 23 40 66 153 148 |17 11 13 21 17 22 24 5 4 2 19 21 16 78 238 277 |1 8 7 1 12 9 1 25 6 2 20 13 13 19 42 72 |1 1 1 1 1 1 1 4 7 17 10 1 12 1 4 22 |2 10 3 7 3 1 1 12 11 1 1 1 8 1 1 4 |6 5 17 13 4 1 11 1 3 1 12 16 11 1 1 1 |1 1 1 1 4 2 7 14 16 2 4 3 5 2 1 10 |1 9 6 2 5 1 15 1 17 1 1 13 2 8 4 13 |1 2 7 1 11 2 1 7 1 3 14 1 1 17 3 1 |2 1 8 8 3 13 2 2 2 12 7 1 2 2 6 16 |12 8 1 6 1 8 7 2 5 2 2 5 1 7 5 1 |
5433: 3 10 1 1 1 9 4 4 1 3 8 11 20 10 49 31 |9 22 11 12 6 8 8 17 7 1 11 23 40 66 153 148 |17 11 13 21 17 22 24 5 4 2 19 21 16 78 238 277 |1 8 7 1 12 9 1 25 6 2 20 13 13 19 42 72 |1 1 1 1 1 1 1 4 7 17 10 1 12 1 4 22 |2 10 3 7 3 1 1 12 11 1 1 1 8 1 1 4 |6 5 17 13 4 1 11 1 3 1 12 16 11 1 1 1 |1 1 1 1 4 2 7 14 16 2 4 3 5 2 1 10 |1 9 6 2 5 1 15 1 17 1 1 13 2 8 4 13 |1 2 9 1 11 1 1 7 2 2 16 1 5 18 17 9 |1 6 2 18 8 13 2 8 1 17 19 1 1 1 13 7 |8 1 1 6 1 7 1 7 13 3 8 1 3 6 5 10 |
5444: 2 18 4 8 1 9 12 1 1 9 12 9 21 46 67 34 |17 23 10 20 13 8 23 13 14 10 12 25 48 183 264 231 |17 11 13 21 17 22 24 5 4 2 19 21 16 78 238 277 |1 8 7 1 12 9 1 25 6 2 20 13 13 19 42 72 |1 1 1 1 1 1 1 4 7 17 10 1 12 1 4 22 |2 10 3 7 3 1 1 12 11 1 1 1 8 1 1 4 |6 5 17 13 4 1 11 1 3 1 12 16 11 1 1 1 |1 1 1 1 4 2 7 14 16 2 4 3 5 2 1 10 |1 9 6 2 5 1 15 1 17 1 1 13 2 8 4 13 |1 2 9 1 11 1 1 7 2 2 16 1 5 18 17 9 |1 6 2 18 8 13 2 8 1 17 19 1 1 1 13 7 |8 1 1 6 1 7 1 7 13 3 8 1 3 6 5 10 |
5455: 2 18 4 8 1 9 12 1 1 9 12 9 21 46 67 34 |17 23 10 20 13 8 23 13 14 10 12 25 48 183 264 231 |18 24 23 24 17 24 21 10 4 11 9 27 32 156 272 277 |3 1 9 1 12 7 10 18 1 4 18 20 11 26 44 91 |1 7 1 8 1 8 3 4 3 16 10 1 15 16 10 24 |2 12 2 8 1 1 1 12 11 1 1 1 8 12 1 10 |7 5 16 12 5 1 1 11 1 1 1 15 16 1 1 9 |1 1 1 1 1 3 7 14 12 1 5 2 7 1 3 4 |2 1 5 2 5 1 15 14 17 1 1 6 3 11 1 10 |1 2 9 1 11 1 1 7 2 2 16 1 5 18 17 9 |1 6 2 18 8 13 2 8 1 17 19 1 1 1 13 7 |8 1 1 6 1 7 1 7 13 3 8 1 3 6 5 10 |
5466: 2 18 4 8 1 9 12 1 1 9 12 9 21 46 67 34 |17 23 10 20 13 8 23 13 14 10 12 25 48 183 264 231 |18 24 23 24 17 24 21 10 4 11 9 27 32 156 272 277 |3 1 9 1 12 7 10 18 1 4 18 20 11 26 44 91 |1 7 1 8 1 8 3 4 3 16 10 1 15 16 10 24 |2 12 2 8 1 1 1 12 11 1 1 1 8 12 1 10 |7 5 16 12 5 1 1 11 1 1 1 15 16 1 1 9 |1 1 1 1 1 3 7 14 12 1 5 2 7 1 3 4 |2 1 5 2 5 1 15 14 17 1 1 6 3 11 1 10 |2 3 9 3 12 2 1 8 2 3 15 1 6 18 16 9 |2 1 8 9 4 1 2 7 1 17 8 1 14 1 13 11 |12 1 1 6 1 7 1 3 5 2 10 2 1 1 4 11 |
5477: 2 18 4 8 1 9 12 1 1 9 12 9 21 46 67 34 |17 23 10 20 13 8 23 13 14 10 12 25 48 183 264 231 |18 24 23 24 17 24 21 10 4 11 9 27 32 156 272 277 |3 1 9 1 12 7 10 18 1 4 18 20 11 26 44 91 |1 7 1 8 1 8 3 4 3 16 10 1 15 16 10 24 |2 12 2 8 1 1 1 12 11 1 1 1 8 12 1 10 |7 5 16 12 5 1 1 11 1 1 1 15 16 1 1 9 |1 1 1 1 1 3 7 14 12 1 5 2 7 1 3 4 |2 1 5 2 5 1 15 14 17 1 1 6 3 11 1 10 |2 3 9 3 12 2 1 8 2 3 15 1 6 18 16 9 |2 1 8 9 4 1 2 7 1 17 8 1 14 1 13 11 |12 1 1 6 1 7 1 3 5 2 10 2 1 1 4 11 |
5488: 3 11 3 1 1 10 1 1 13 1 15 6 30 57 73 28 |1 17 6 22 18 1 22 9 1 12 4 31 107 265 258 238 |17 13 30 11 19 22 26 13 16 16 25 27 56 206 273 272 |1 1 10 1 1 9 13 24 5 15 20 19 13 19 95 119 |1 1 1 1 7 1 2 5 8 16 17 2 15 12 11 25 |1 22 3 7 1 3 1 13 11 1 1 1 9 14 1 10 |2 5 9 12 5 1 1 11 1 1 17 10 18 7 1 10 |1 13 1 3 3 1 7 13 8 2 4 3 7 1 1 10 |2 1 5 2 5 1 15 14 17 1 1 6 3 11 1 10 |2 3 9 3 12 2 1 8 2 3 15 1 6 18 16 9 |2 1 8 9 4 1 2 7 1 17 8 1 14 1 13 11 |12 1 1 6 1 7 1 3 5 2 10 2 1 1 4 11 |
5499: 3 11 3 1 1 10 1 1 13 1 15 6 30 57 73 28 |1 17 6 22 18 1 22 9 1 12 4 31 107 265 258 238 |17 13 30 11 19 22 26 13 16 16 25 27 56 206 273 272 |1 1 10 1 1 9 13 24 5 15 20 19 13 19 95 119 |1 1 1 1 7 1 2 5 8 16 17 2 15 12 11 25 |1 22 3 7 1 3 1 13 11 1 1 1 9 14 1 10 |2 5 9 12 5 1 1 11 1 1 17 10 18 7 1 10 |1 13 1 3 3 1 7 13 8 2 4 3 7 1 1 10 |1 8 6 1 1 1 15 13 11 1 1 6 1 5 1 18 |1 2 7 3 11 8 1 7 2 2 16 1 6 18 17 10 |1 7 1 8 7 2 2 7 1 18 8 1 6 1 14 13 |22 1 1 7 1 2 7 2 2 1 13 7 1 14 20 11 |
5510: 3 11 3 1 1 10 1 1 13 1 15 6 30 57 73 28 |1 17 6 22 18 1 22 9 1 12 4 31 107 265 258 238 |17 13 30 11 19 22 26 13 16 16 25 27 56 206 273 272 |1 1 10 1 1 9 13 24 5 15 20 19 13 19 95 119 |1 1 1 1 7 1 2 5 8 16 17 2 15 12 11 25 |1 22 3 7 1 3 1 13 11 1 1 1 9 14 1 10 |2 5 9 12 5 1 1 11 1 1 17 10 18 7 1 10 |1 13 1 3 3 1 7 13 8 2 4 3 7 1 1 10 |1 8 6 1 1 1 15 13 11 1 1 6 1 5 1 18 |1 2 7 3 11 8 1 7 2 2 16 1 6 18 17 10 |1 7 1 8 7 2 2 7 1 18 8 1 6 1 14 13 |22 1 1 7 1 2 7 2 2 1 13 7 1 14 20 11 |
5521: 1 13 8 9 3 10 3 9 1 1 17 11 17 78 92 34 |19 28 1 8 1 1 9 10 15 20 10 22 142 264 256 249 |16 22 31 10 20 27 25 14 7 16 11 23 60 233 267 272 |1 12 16 1 1 6 1 24 5 15 19 12 17 27 95 126 |1 7 1 1 10 1 2 4 7 16 11 1 16 18 10 24 |2 3 2 8 1 1 1 11 11 1 1 1 9 13 2 11 |2 5 9 12 5 1 1 11 1 1 17 10 18 7 1 10 |1 13 1 3 3 1 7 13 8 2 4 3 7 1 1 10 |1 8 6 1 1 1 15 13 11 1 1 6 1 5 1 18 |1 2 7 3 11 8 1 7 2 2 16 1 6 18 17 10 |1 7 1 8 7 2 2 7 1 18 8 1 6 1 14 13 |22 1 1 7 1 2 7 2 2 1 13 7 1 14 20 11 |
5532: 1 13 8 9 3 10 3 9 1 1 17 11 17 78 92 34 |19 28 1 8 1 1 9 10 15 20 10 22 142 264 256 249 |16 22 31 10 20 27 25 14 7 16 11 23 60 233 267 272 |1 12 16 1 1 6 1 24 5 15 19 12 17 27 95 126 |1 7 1 1 10 1 2 4 7 16 11 1 16 18 10 24 |2 3 2 8 1 1 1 11 11 1 1 1 9 13 2 11 |1 5 9 12 5 2 10 1 2 1 1 16 15 3 8 2 |1 2 1 1 1 3 8 12 2 1 5 3 7 1 3 4 |1 9 9 2 1 1 15 13 13 1 2 13 1 5 1 11 |2 2 7 3 11 1 1 7 2 2 16 1 7 19 13 8 |2 1 1 18 8 14 1 7 1 18 8 1 16 2 16 17 |6 1 1 6 1 6 1 7 5 1 8 5 1 1 6 20 |
5543: 1 13 8 9 3 10 3 9 1 1 17 11 17 78 92 34 |19 28 1 8 1 1 9 10 15 20 10 22 142 264 256 249 |16 22 31 10 20 27 25 14 7 16 11 23 60 233 267 272 |1 12 16 1 1 6 1 24 5 15 19 12 17 27 95 126 |1 7 1 1 10 1 2 4 7 16 11 1 16 18 10 24 |2 3 2 8 1 1 1 11 11 1 1 1 9 13 2 11 |1 5 9 12 5 2 10 1 2 1 1 16 15 3 8 2 |1 2 1 1 1 3 8 12 2 1 5 3 7 1 3 4 |1 9 9 2 1 1 15 13 13 1 2 13 1 5 1 11 |2 2 7 3 11 1 1 7 2 2 16 1 7 19 13 8 |2 1 1 18 8 14 1 7 1 18 8 1 16 2 16 17 |6 1 1 6 1 6 1 7 5 1 8 5 1 1 6 20 |
5554: 4 18 4 1 1 10 8 9 1 1 17 10 18 84 86 27 |17 12 1 24 7 1 7 6 15 5 1 18 143 265 246 259 |22 21 30 11 11 24 19 1 4 1 12 27 78 229 271 282 |1 14 17 1 1 8 4 24 5 2 18 12 16 28 111 134 |1 7 1 1 10 1 2 4 7 16 11 1 16 18 10 24 |2 3 2 8 1 1 1 11 11 1 1 1 9 13 2 11 |1 5 9 12 5 2 10 1 2 1 1 16 15 3 8 2 |1 2 1 1 1 3 8 12 2 1 5 3 7 1 3 4 |1 9 9 2 1 1 15 13 13 1 2 13 1 5 1 11 |2 2 7 3 11 1 1 7 2 2 16 1 7 19 13 8 |2 1 1 18 8 14 1 7 1 18 8 1 16 2 16 17 |6 1 1 6 1 6 1 7 5 1 8 5 1 1 6 20 |
5565: 4 18 4 1 1 10 8 9 1 1 17 10 18 84 86 27 |17 12 1 24 7 1 7 6 15 5 1 18 143 265 246 259 |22 21 30 11 11 24 19 1 4 1 12 27 78 229 271 282 |1 14 17 1 1 8 4 24 5 2 18 12 16 28 111 134 |1 1 1 1 8 1 2 4 8 17 17 1 16 17 10 19 |1 12 2 7 1 4 1 12 11 1 1 1 9 13 1 10 |7 5 9 1 6 1 12 1 3 1 16 10 3 1 1 10 |3 8 1 1 1 3 9 12 16 2 4 2 8 2 3 4 |1 9 6 1 5 1 3 13 17 1 1 6 3 12 1 10 |2 2 4 2 12 1 1 7 1 4 17 1 6 19 13 8 |3 1 1 3 15 14 1 7 1 18 7 1 16 2 15 16 |8 1 1 6 1 7 1 7 5 2 8 1 1 1 5 19 |
5576: 4 18 4 1 1 10 8 9 1 1 17 10 18 84 86 27 |17 12 1 24 7 1 7 6 15 5 1 18 143 265 246 259 |22 21 30 11 11 24 19 1 4 1 12 27 78 229 271 282 |1 14 17 1 1 8 4 24 5 2 18 12 16 28 111 134 |1 1 1 1 8 1 2 4 8 17 17 1 16 17 10 19 |1 12 2 7 1 4 1 12 11 1 1 1 9 13 1 10 |7 5 9 1 6 1 12 1 3 1 16 10 3 1 1 10 |3 8 1 1 1 3 9 12 16 2 4 2 8 2 3 4 |1 9 6 1 5 1 3 13 17 1 1 6 3 12 1 10 |2 2 4 2 12 1 1 7 1 4 17 1 6 19 13 8 |3 1 1 3 15 14 1 7 1 18 7 1 16 2 15 16 |8 1 1 6 1 7 1 7 5 2 8 1 1 1 5 19 |
5586: 4 12 7 1 1 8 16 4 14 11 15 11 32 79 88 41 |19 22 3 9 10 1 9 8 12 10 4 32 138 263 250 237 |17 28 31 24 20 21 27 23 1 5 15 28 73 233 271 277 |3 1 9 1 1 9 11 31 6 15 18 21 14 27 120 149 |1 1 1 1 8 1 2 4 8 17 17 1 16 17 10 19 |1 12 2 7 1 4 1 12 11 1 1 1 9 13 1 10 |7 5 9 1 6 1 12 1 3 1 16 10 3 1 1 10 |3 8 1 1 1 3 9 12 16 2 4 2 8 2 3 4 |1 9 6 1 5 1 3 13 17 1 1 6 3 12 1 10 |2 2 4 2 12 1 1 7 1 4 17 1 6 19 13 8 |3 1 1 3 15 14 1 7 1 18 7 1 16 2 15 16 |8 1 1 6 1 7 1 7 5 2 8 1 1 1 5 19 |
5597: 4 12 7 1 1 8 16 4 14 11 15 11 32 79 88 41 |19 22 3 9 10 1 9 8 12 10 4 32 138 263 250 237 |17 28 31 24 20 21 27 23 1 5 15 28 73 233 271 277 |3 1 9 1 1 9 11 31 6 15 18 21 14 27 120 149 |1 7 1 8 6 1 1 4 8 16 15 1 16 20 8 21 |2 4 1 5 2 1 1 12 11 1 2 1 9 15 2 10 |7 4 8 12 5 1 1 10 1 1 1 14 16 9 6 2 |2 2 1 1 2 3 7 12 12 5 5 2 6 1 1 10 |1 8 7 2 1 1 15 13 13 1 2 13 1 5 1 19 |2 2 3 3 11 4 1 7 2 1 17 1 7 19 13 8 |2 7 8 12 3 1 2 8 1 17 8 1 15 2 16 17 |9 1 1 6 1 7 1 4 15 8 5 1 1 1 7 10 |
5608: 4 12 7 1 1 8 16 4 14 11 15 11 32 79 88 41 |19 22 3 9 10 1 9 8 12 10 4 32 138 263 250 237 |17 28 31 24 20 21 27 23 1 5 15 28 73 233 271 277 |3 1 9 1 1 9 11 31 6 15 18 21 14 27 120 149 |1 7 1 8 6 1 1 4 8 16 15 1 16 20 8 21 |2 4 1 5 2 1 1 12 11 1 2 1 9 15 2 10 |7 4 8 12 5 1 1 10 1 1 1 14 16 9 6 2 |2 2 1 1 2 3 7 12 12 5 5 2 6 1 1 10 |1 8 7 2 1 1 15 13 13 1 2 13 1 5 1 19 |2 2 3 3 11 4 1 7 2 1 17 1 7 19 13 8 |2 7 8 12 3 1 2 8 1 17 8 1 15 2 16 17 |9 1 1 6 1 7 1 4 15 8 5 1 1 1 7 10 |
5619: 4 9 10 8 1 1 6 1 1 9 16 11 29 58 70 40 |11 25 5 9 3 2 7 4 16 14 4 31 97 263 256 250 |16 30 20 23 18 26 21 5 4 14 12 25 58 232 272 277 |5 1 9 1 1 10 12 30 6 2 6 11 15 27 109 177 |1 7 1 5 7 1 3 4 7 17 10 1 15 16 1 13 |2 4 1 5 2 1 1 12 11 1 2 1 9 15 2 10 |7 4 8 12 5 1 1 10 1 1 1 14 16 9 6 2 |2 2 1 1 2 3 7 12 12 5 5 2 6 1 1 10 |1 8 7 2 1 1 15 13 13 1 2 13 1 5 1 19 |2 2 3 3 11 4 1 7 2 1 17 1 7 19 13 8 |2 7 8 12 3 1 2 8 1 17 8 1 15 2 16 17 |9 1 1 6 1 7 1 4 15 8 5 1 1 1 7 10 |
5630: 4 9 10 8 1 1 6 1 1 9 16 11 29 58 70 40 |11 25 5 9 3 2 7 4 16 14 4 31 97 263 256 250 |16 30 20 23 18 26 21 5 4 14 12 25 58 232 272 277 |5 1 9 1 1 10 12 30 6 2 6 11 15 27 109 177 |1 7 1 5 7 1 3 4 7 17 10 1 15 16 1 13 |1 13 3 7 3 1 7 15 8 1 4 2 8 14 7 10 |7 4 8 1 3 1 1 11 1 1 15 16 11 7 2 10 |2 1 3 1 1 2 5 13 12 5 5 2 6 4 1 1 |3 7 7 2 1 1 1 2 16 2 1 4 3 12 1 24 |2 2 4 1 13 6 1 7 1 3 17 1 6 18 13 8 |2 6 6 2 15 2 2 7 1 18 7 1 1 1 13 8 |12 1 1 7 1 1 7 2 12 2 2 6 2 10 19 10 |
5641: 4 9 10 8 1 1 6 1 1 9 16 11 29 58 70 40 |11 25 5 9 3 2 7 4 16 14 4 31 97 263 256 250 |16 30 20 23 18 26 21 5 4 14 12 25 58 232 272 277 |5 1 9 1 1 10 12 30 6 2 6 11 15 27 109 177 |1 7 1 5 7 1 3 4 7 17 10 1 15 16 1 13 |1 13 3 7 3 1 7 15 8 1 4 2 8 14 7 10 |7 4 8 1 3 1 1 11 1 1 15 16 11 7 2 10 |2 1 3 1 1 2 5 13 12 5 5 2 6 4 1 1 |3 7 7 2 1 1 1 2 16 2 1 4 3 12 1 24 |2 2 4 1 13 6 1 7 1 3 17 1 6 18 13 8 |2 6 6 2 15 2 2 7 1 18 7 1 1 1 13 8 |12 1 1 7 1 1 7 2 12 2 2 6 2 10 19 10 |
5652: 3 12 1 1 1 11 14 1 1 1 13 11 21 37 61 39 |12 16 15 9 10 1 21 10 1 17 5 26 48 186 251 228 |17 29 19 23 18 23 24 17 9 5 20 21 18 159 279 286 |5 6 10 1 4 10 10 19 6 6 6 11 15 24 88 175 |1 2 1 8 4 1 1 4 8 12 17 1 14 11 10 29 |1 13 3 7 3 1 7 15 8 1 4 2 8 14 7 10 |7 4 8 1 3 1 1 11 1 1 15 16 11 7 2 10 |2 1 3 1 1 2 5 13 12 5 5 2 6 4 1 1 |3 7 7 2 1 1 1 2 16 2 1 4 3 12 1 24 |2 2 4 1 13 6 1 7 1 3 17 1 6 18 13 8 |2 6 6 2 15 2 2 7 1 18 7 1 1 1 13 8 |12 1 1 7 1 1 7 2 12 2 2 6 2 10 19 10 |
5663: 3 12 1 1 1 11 14 1 1 1 13 11 21 37 61 39 |12 16 15 9 10 1 21 10 1 17 5 26 48 186 251 228 |17 29 19 23 18 23 24 17 9 5 20 21 18 159 279 286 |5 6 10 1 4 10 10 19 6 6 6 11 15 24 88 175 |1 2 1 8 4 1 1 4 8 12 17 1 14 11 10 29 |1 12 3 7 1 1 1 13 11 1 2 1 1 12 1 10 |7 5 4 14 5 1 1 11 1 1 14 10 3 1 1 10 |1 12 1 1 6 2 6 14 13 5 6 2 6 1 1 1 |3 6 7 2 4 2 16 7 11 1 1 6 2 8 1 19 |1 2 2 4 10 5 1 7 2 1 15 1 6 12 17 9 |6 1 7 2 2 13 1 1 1 5 8 1 1 1 8 1 |13 1 1 7 1 8 7 7 6 2 8 1 1 1 9 10 |
5674: 3 12 1 1 1 11 14 1 1 1 13 11 21 37 61 39 |12 16 15 9 10 1 21 10 1 17 5 26 48 186 251 228 |17 29 19 23 18 23 24 17 9 5 20 21 18 159 279 286 |5 6 10 1 4 10 10 19 6 6 6 11 15 24 88 175 |1 2 1 8 4 1 1 4 8 12 17 1 14 11 10 29 |1 12 3 7 1 1 1 13 11 1 2 1 1 12 1 10 |7 5 4 14 5 1 1 11 1 1 14 10 3 1 1 10 |1 12 1 1 6 2 6 14 13 5 6 2 6 1 1 1 |3 6 7 2 4 2 16 7 11 1 1 6 2 8 1 19 |1 2 2 4 10 5 1 7 2 1 15 1 6 12 17 9 |6 1 7 2 2 13 1 1 1 5 8 1 1 1 8 1 |13 1 1 7 1 8 7 7 6 2 8 1 1 1 9 10 |
5685: 3 10 1 9 1 10 13 1 1 4 1 1 19 29 41 26 |8 8 12 6 8 9 16 5 12 11 9 24 39 36 153 233 |16 23 19 25 21 25 21 17 5 13 15 13 8 44 203 290 |1 1 2 1 1 9 4 28 4 16 13 20 6 10 40 92 |1 7 1 7 4 1 2 5 7 16 10 1 13 2 1 23 |2 12 2 7 1 1 1 12 11 1 1 1 8 1 1 10 |7 5 4 14 5 1 1 11 1 1 14 10 3 1 1 10 |1 12 1 1 6 2 6 14 13 5 6 2 6 1 1 1 |3 6 7 2 4 2 16 7 11 1 1 6 2 8 1 19 |1 2 2 4 10 5 1 7 2 1 15 1 6 12 17 9 |6 1 7 2 2 13 1 1 1 5 8 1 1 1 8 1 |13 1 1 7 1 8 7 7 6 2 8 1 1 1 9 10 |
5696: 3 10 1 9 1 10 13 1 1 4 1 1 19 29 41 26 |8 8 12 6 8 9 16 5 12 11 9 24 39 36 153 233 |16 23 19 25 21 25 21 17 5 13 15 13 8 44 203 290 |1 1 2 1 1 9 4 28 4 16 13 20 6 10 40 92 |1 7 1 7 4 1 2 5 7 16 10 1 13 2 1 23 |2 12 2 7 1 1 1 12 11 1 1 1 8 1 1 10 |6 5 23 1 6 1 1 11 1 1 16 10 3 1 1 1 |1 12 1 1 6 2 1 14 13 5 5 2 5 1 3 9 |2 6 7 1 4 1 14 13 16 1 1 6 2 3 1 17 |1 1 14 4 11 6 1 6 2 1 15 1 6 12 15 1 |2 1 8 2 3 14 2 2 3 17 7 1 1 1 1 16 |13 1 1 1 1 7 1 7 5 3 9 2 1 1 18 15 |
5707: 3 10 1 9 1 10 13 1 1 4 1 1 19 29 41 26 |8 8 12 6 8 9 16 5 12 11 9 24 39 36 153 233 |16 23 19 25 21 25 21 17 5 13 15 13 8 44 203 290 |1 1 2 1 1 9 4 28 4 16 13 20 6 10 40 92 |1 7 1 7 4 1 2 5 7 16 10 1 13 2 1 23 |2 12 2 7 1 1 1 12 11 1 1 1 8 1 1 10 |6 5 23 1 6 1 1 11 1 1 16 10 3 1 1 1 |1 12 1 1 6 2 1 14 13 5 5 2 5 1 3 9 |2 6 7 1 4 1 14 13 16 1 1 6 2 3 1 17 |1 1 14 4 11 6 1 6 2 1 15 1 6 12 15 1 |2 1 8 2 3 14 2 2 3 17 7 1 1 1 1 16 |13 1 1 1 1 7 1 7 5 3 9 2 1 1 18 15 |
5718: 2 10 1 9 1 7 1 1 1 3 1 1 5 13 26 26 |5 15 1 1 7 1 1 3 1 9 1 4 33 27 23 30 |11 20 13 6 13 15 14 10 9 6 11 10 16 13 20 6 |1 7 12 1 11 1 3 23 1 6 13 13 1 4 11 1 |1 1 1 8 4 1 9 4 8 17 17 1 14 1 1 2 |1 11 2 2 1 1 1 12 10 1 1 3 6 7 2 2 |6 5 23 1 6 1 1 11 1 1 16 10 3 1 1 1 |1 12 1 1 6 2 1 14 13 5 5 2 5 1 3 9 |2 6 7 1 4 1 14 13 16 1 1 6 2 3 1 17 |1 1 14 4 11 6 1 6 2 1 15 1 6 12 15 1 |2 1 8 2 3 14 2 2 3 17 7 1 1 1 1 16 |13 1 1 1 1 7 1 7 5 3 9 2 1 1 18 15 |
5729: 2 10 1 9 1 7 1 1 1 3 1 1 5 13 26 26 |5 15 1 1 7 1 1 3 1 9 1 4 33 27 23 30 |11 20 13 6 13 15 14 10 9 6 11 10 16 13 20 6 |1 7 12 1 11 1 3 23 1 6 13 13 1 4 11 1 |1 1 1 8 4 1 9 4 8 17 17 1 14 1 1 2 |1 11 2 2 1 1 1 12 10 1 1 3 6 7 2 2 |7 1 26 10 4 1 1 11 1 1 15 16 10 1 1 1 |1 1 1 1 2 3 1 14 13 4 5 2 5 1 2 2 |2 7 6 2 6 1 15 13 13 1 1 6 1 12 1 3 |1 1 2 2 10 1 3 7 2 1 15 1 5 12 4 1 |1 1 6 6 2 14 3 3 3 17 7 1 1 1 6 2 |9 1 1 4 1 1 1 2 2 2 9 3 1 1 17 10 |
5740: 2 10 1 9 1 7 1 1 1 3 1 1 5 13 26 26 |5 15 1 1 7 1 1 3 1 9 1 4 33 27 23 30 |11 20 13 6 13 15 14 10 9 6 11 10 16 13 20 6 |1 7 12 1 11 1 3 23 1 6 13 13 1 4 11 1 |1 1 1 8 4 1 9 4 8 17 17 1 14 1 1 2 |1 11 2 2 1 1 1 12 10 1 1 3 6 7 2 2 |7 1 26 10 4 1 1 11 1 1 15 16 10 1 1 1 |1 1 1 1 2 3 1 14 13 4 5 2 5 1 2 2 |2 7 6 2 6 1 15 13 13 1 1 6 1 12 1 3 |1 1 2 2 10 1 3 7 2 1 15 1 5 12 4 1 |1 1 6 6 2 14 3 3 3 17 7 1 1 1 6 2 |9 1 1 4 1 1 1 2 2 2 9 3 1 1 17 10 |
5751: 1 1 4 1 1 1 1 4 8 1 1 1 14 9 25 23 |9 6 1 5 4 1 1 2 6 7 1 16 24 9 6 21 |12 12 16 13 9 1 8 10 3 1 12 3 9 11 8 1 |1 6 14 3 7 7 2 21 1 6 12 18 1 6 1 1 |1 2 1 1 1 3 1 4 7 11 9 1 13 1 1 1 |1 11 2 2 1 1 1 12 10 1 1 3 6 7 2 2 |7 1 26 10 4 1 1 11 1 1 15 16 10 1 1 1 |1 1 1 1 2 3 1 14 13 4 5 2 5 1 2 2 |2 7 6 2 6 1 15 13 13 1 1 6 1 12 1 3 |1 1 2 2 10 1 3 7 2 1 15 1 5 12 4 1 |1 1 6 6 2 14 3 3 3 17 7 1 1 1 6 2 |9 1 1 4 1 1 1 2 2 2 9 3 1 1 17 10 |
5762: 1 1 4 1 1 1 1 4 8 1 1 1 14 9 25 23 |9 6 1 5 4 1 1 2 6 7 1 16 24 9 6 21 |12 12 16 13 9 1 8 10 3 1 12 3 9 11 8 1 |1 6 14 3 7 7 2 21 1 6 12 18 1 6 1 1 |1 2 1 1 1 3 1 4 7 11 9 1 13 1 1 1 |2 12 2 7 3 4 1 13 9 1 2 3 2 7 1 1 |1 1 2 12 6 1 1 11 1 1 15 16 11 1 1 1 |1 1 2 2 3 2 7 13 11 1 4 1 1 1 2 1 |2 7 1 1 3 1 16 7 5 3 1 1 1 6 1 14 |1 2 4 1 1 1 1 6 2 1 14 1 5 12 3 1 |1 8 7 2 2 1 2 7 1 18 3 1 1 1 1 15 |12 1 1 6 1 1 1 7 5 1 10 1 1 5 17 15 |
5773: 1 1 4 1 1 1 1 4 8 1 1 1 14 9 25 23 |9 6 1 5 4 1 1 2 6 7 1 16 24 9 6 21 |12 12 16 13 9 1 8 10 3 1 12 3 9 11 8 1 |1 6 14 3 7 7 2 21 1 6 12 18 1 6 1 1 |1 2 1 1 1 3 1 4 7 11 9 1 13 1 1 1 |2 12 2 7 3 4 1 13 9 1 2 3 2 7 1 1 |1 1 2 12 6 1 1 11 1 1 15 16 11 1 1 1 |1 1 2 2 3 2 7 13 11 1 4 1 1 1 2 1 |2 7 1 1 3 1 16 7 5 3 1 1 1 6 1 14 |1 2 4 1 1 1 1 6 2 1 14 1 5 12 3 1 |1 8 7 2 2 1 2 7 1 18 3 1 1 1 1 15 |12 1 1 6 1 1 1 7 5 1 10 1 1 5 17 15 |
5784: 2 3 3 1 1 1 1 1 1 1 8 1 14 8 9 25 |9 6 1 1 1 1 1 2 6 3 1 6 23 8 8 20 |11 7 18 6 12 3 18 9 2 1 1 1 7 1 1 1 |1 6 14 3 7 7 2 21 1 6 12 18 1 6 1 1 |1 2 1 1 1 3 1 4 7 11 9 1 13 1 1 1 |2 12 2 7 3 4 1 13 9 1 2 3 2 7 1 1 |1 1 2 12 6 1 1 11 1 1 15 16 11 1 1 1 |1 1 2 2 3 2 7 13 11 1 4 1 1 1 2 1 |2 7 1 1 3 1 16 7 5 3 1 1 1 6 1 14 |1 2 4 1 1 1 1 6 2 1 14 1 5 12 3 1 |1 8 7 2 2 1 2 7 1 18 3 1 1 1 1 15 |12 1 1 6 1 1 1 7 5 1 10 1 1 5 17 15 |
5795: 2 3 3 1 1 1 1 1 1 1 8 1 14 8 9 25 |9 6 1 1 1 1 1 2 6 3 1 6 23 8 8 20 |11 7 18 6 12 3 18 9 2 1 1 1 7 1 1 1 |1 4 15 2 11 1 1 22 1 11 12 15 1 1 1 1 |1 7 1 1 7 1 1 4 7 11 9 1 2 1 3 3 |1 3 3 6 3 3 1 11 9 1 1 3 1 7 2 1 |1 5 2 12 3 3 3 10 1 1 1 12 10 1 1 4 |1 1 1 1 4 2 7 14 12 1 4 2 5 1 3 2 |1 8 7 1 3 1 15 13 12 1 1 6 2 12 1 1 |1 2 4 1 11 3 1 6 2 1 15 1 5 12 2 1 |1 7 2 9 15 1 2 7 2 8 19 1 1 1 7 14 |6 1 1 6 1 1 1 8 5 1 8 1 3 5 17 10 |
5806: 2 3 3 1 1 1 1 1 1 1 8 1 14 8 9 25 |9 6 1 1 1 1 1 2 6 3 1 6 23 8 8 20 |11 7 18 6 12 3 18 9 2 1 1 1 7 1 1 1 |1 4 15 2 11 1 1 22 1 11 12 15 1 1 1 1 |1 7 1 1 7 1 1 4 7 11 9 1 2 1 3 3 |1 3 3 6 3 3 1 11 9 1 1 3 1 7 2 1 |1 5 2 12 3 3 3 10 1 1 1 12 10 1 1 4 |1 1 1 1 4 2 7 14 12 1 4 2 5 1 3 2 |1 8 7 1 3 1 15 13 12 1 1 6 2 12 1 1 |1 2 4 1 11 3 1 6 2 1 15 1 5 12 2 1 |1 7 2 9 15 1 2 7 2 8 19 1 1 1 7 14 |6 1 1 6 1 1 1 8 5 1 8 1 3 5 17 10 |
5817: 3 1 1 1 2 6 1 1 1 1 6 1 15 10 33 17 |10 6 1 1 3 1 1 16 3 3 1 7 32 1 13 15 |11 15 17 6 13 7 6 9 3 1 6 1 6 11 1 1 |1 1 17 1 10 1 1 22 1 6 11 18 1 1 1 1 |1 7 1 1 7 1 1 4 7 11 9 1 2 1 3 3 |1 3 3 6 3 3 1 11 9 1 1 3 1 7 2 1 |1 5 2 12 3 3 3 10 1 1 1 12 10 1 1 4 |1 1 1 1 4 2 7 14 12 1 4 2 5 1 3 2 |1 8 7 1 3 1 15 13 12 1 1 6 2 12 1 1 |1 2 4 1 11 3 1 6 2 1 15 1 5 12 2 1 |1 7 2 9 15 1 2 7 2 8 19 1 1 1 7 14 |6 1 1 6 1 1 1 8 5 1 8 1 3 5 17 10 |
5828: 3 1 1 1 2 6 1 1 1 1 6 1 15 10 33 17 |10 6 1 1 3 1 1 16 3 3 1 7 32 1 13 15 |11 15 17 6 13 7 6 9 3 1 6 1 6 11 1 1 |1 1 17 1 10 1 1 22 1 6 11 18 1 1 1 1 |1 1 1 7 1 1 11 1 8 4 8 1 1 1 1 2 |1 12 2 10 1 3 1 12 10 1 1 1 1 7 2 1 |6 1 22 10 3 1 1 11 1 1 1 16 10 1 1 1 |1 1 1 1 5 1 7 14 8 1 4 1 5 1 3 7 |2 2 6 2 1 1 15 13 7 1 1 6 1 5 1 3 |1 2 7 1 1 1 1 6 2 1 15 1 6 11 3 1 |1 6 6 6 2 1 2 7 1 17 8 1 1 1 1 2 |9 1 1 6 2 6 1 8 5 1 8 1 2 5 18 15 |
5839: 3 1 1 1 2 6 1 1 1 1 6 1 15 10 33 17 |10 6 1 1 3 1 1 16 3 3 1 7 32 1 13 15 |11 15 17 6 13 7 6 9 3 1 6 1 6 11 1 1 |1 1 17 1 10 1 1 22 1 6 11 18 1 1 1 1 |1 1 1 7 1 1 11 1 8 4 8 1 1 1 1 2 |1 12 2 10 1 3 1 12 10 1 1 1 1 7 2 1 |6 1 22 10 3 1 1 11 1 1 1 16 10 1 1 1 |1 1 1 1 5 1 7 14 8 1 4 1 5 1 3 7 |2 2 6 2 1 1 15 13 7 1 1 6 1 5 1 3 |1 2 7 1 1 1 1 6 2 1 15 1 6 11 3 1 |1 6 6 6 2 1 2 7 1 17 8 1 1 1 1 2 |9 1 1 6 2 6 1 8 5 1 8 1 2 5 18 15 |
5850: 3 8 1 1 1 10 13 1 1 5 1 1 6 6 34 19 |10 13 1 1 2 1 15 3 8 9 1 4 32 19 23 34 |11 15 17 6 13 7 6 9 3 1 6 1 6 11 1 1 |1 1 17 1 10 1 1 22 1 6 11 18 1 1 1 1 |1 1 1 7 1 1 11 1 8 4 8 1 1 1 1 2 |1 12 2 10 1 3 1 12 10 1 1 1 1 7 2 1 |6 1 22 10 3 1 1 11 1 1 1 16 10 1 1 1 |1 1 1 1 5 1 7 14 8 1 4 1 5 1 3 7 |2 2 6 2 1 1 15 13 7 1 1 6 1 5 1 3 |1 2 7 1 1 1 1 6 2 1 15 1 6 11 3 1 |1 6 6 6 2 1 2 7 1 17 8 1 1 1 1 2 |9 1 1 6 2 6 1 8 5 1 8 1 2 5 18 15 |
5861: 3 8 1 1 1 10 13 1 1 5 1 1 6 6 34 19 |10 13 1 1 2 1 15 3 8 9 1 4 32 19 23 34 |10 15 16 6 13 7 6 1 8 9 12 9 7 14 8 11 |1 5 15 1 11 1 1 22 1 11 11 16 1 8 2 1 |1 1 6 1 1 3 3 3 2 11 9 1 13 1 1 1 |1 11 2 6 2 2 1 12 9 1 2 3 1 4 1 1 |7 5 6 9 5 2 2 11 1 1 13 16 10 1 1 1 |1 2 1 1 5 1 1 13 6 2 4 2 5 1 3 2 |2 2 7 1 4 1 15 13 12 1 1 6 1 13 1 3 |1 2 10 10 12 2 2 6 2 1 15 1 6 12 3 1 |1 7 6 6 2 2 2 7 2 8 7 1 1 1 1 14 |12 7 1 5 1 3 1 1 5 2 9 3 2 6 18 16 |
5872: 3 8 1 1 1 10 13 1 1 5 1 1 6 6 34 19 |10 13 1 1 2 1 15 3 8 9 1 4 32 19 23 34 |10 15 16 6 13 7 6 1 8 9 12 9 7 14 8 11 |1 5 15 1 11 1 1 22 1 11 11 16 1 8 2 1 |1 1 6 1 1 3 3 3 2 11 9 1 13 1 1 1 |1 11 2 6 2 2 1 12 9 1 2 3 1 4 1 1 |7 5 6 9 5 2 2 11 1 1 13 16 10 1 1 1 |1 2 1 1 5 1 1 13 6 2 4 2 5 1 3 2 |2 2 7 1 4 1 15 13 12 1 1 6 1 13 1 3 |1 2 10 10 12 2 2 6 2 1 15 1 6 12 3 1 |1 7 6 6 2 2 2 7 2 8 7 1 1 1 1 14 |12 7 1 5 1 3 1 1 5 2 9 3 2 6 18 16 |
5883: 6 17 10 7 1 11 8 9 2 1 15 10 20 38 83 69 |11 15 1 1 1 2 14 11 1 4 1 4 33 26 36 69 |11 6 1 6 13 8 9 8 3 1 8 1 7 3 18 12 |1 5 15 1 11 1 1 22 1 11 11 16 1 8 2 1 |1 1 6 1 1 3 3 3 2 11 9 1 13 1 1 1 |1 11 2 6 2 2 1 12 9 1 2 3 1 4 1 1 |7 5 6 9 5 2 2 11 1 1 13 16 10 1 1 1 |1 2 1 1 5 1 1 13 6 2 4 2 5 1 3 2 |2 2 7 1 4 1 15 13 12 1 1 6 1 13 1 3 |1 2 10 10 12 2 2 6 2 1 15 1 6 12 3 1 |1 7 6 6 2 2 2 7 2 8 7 1 1 1 1 14 |12 7 1 5 1 3 1 1 5 2 9 3 2 6 18 16 |
5894: 6 17 10 7 1 11 8 9 2 1 15 10 20 38 83 69 |11 15 1 1 1 2 14 11 1 4 1 4 33 26 36 69 |11 6 1 6 13 8 9 8 3 1 8 1 7 3 18 12 |1 7 14 4 12 1 2 23 1 11 5 17 1 7 7 1 |1 1 1 1 7 1 1 4 7 12 9 1 13 1 1 15 |1 10 2 6 3 3 1 12 10 1 1 1 1 8 3 1 |7 5 9 10 4 1 4 11 1 1 8 16 9 1 1 1 |1 1 1 1 1 3 7 13 6 1 4 2 6 1 5 8 |1 7 6 2 5 1 15 13 16 3 1 6 1 6 4 12 |1 2 4 3 11 1 2 7 3 1 16 1 5 12 15 1 |2 7 1 23 7 14 2 7 1 17 8 1 1 1 14 1 |7 1 1 6 1 1 1 1 1 2 9 2 2 6 5 10 |
5905: 6 17 10 7 1 11 8 9 2 1 15 10 20 38 83 69 |11 15 1 1 1 2 14 11 1 4 1 4 33 26 36 69 |11 6 1 6 13 8 9 8 3 1 8 1 7 3 18 12 |1 7 14 4 12 1 2 23 1 11 5 17 1 7 7 1 |1 1 1 1 7 1 1 4 7 12 9 1 13 1 1 15 |1 10 2 6 3 3 1 12 10 1 1 1 1 8 3 1 |7 5 9 10 4 1 4 11 1 1 8 16 9 1 1 1 |1 1 1 1 1 3 7 13 6 1 4 2 6 1 5 8 |1 7 6 2 5 1 15 13 16 3 1 6 1 6 4 12 |1 2 4 3 11 1 2 7 3 1 16 1 5 12 15 1 |2 7 1 23 7 14 2 7 1 17 8 1 1 1 14 1 |7 1 1 6 1 1 1 1 1 2 9 2 2 6 5 10 |
5916: 5 21 4 4 2 19 17 11 12 1 8 3 32 154 286 282 |12 16 11 7 8 8 12 13 1 12 9 23 32 26 129 214 |10 15 16 7 14 7 5 9 9 1 8 1 7 19 19 15 |1 7 14 4 12 1 2 23 1 11 5 17 1 7 7 1 |1 1 1 1 7 1 1 4 7 12 9 1 13 1 1 15 |1 10 2 6 3 3 1 12 10 1 1 1 1 8 3 1 |7 5 9 10 4 1 4 11 1 1 8 16 9 1 1 1 |1 1 1 1 1 3 7 13 6 1 4 2 6 1 5 8 |1 7 6 2 5 1 15 13 16 3 1 6 1 6 4 12 |1 2 4 3 11 1 2 7 3 1 16 1 5 12 15 1 |2 7 1 23 7 14 2 7 1 17 8 1 1 1 14 1 |7 1 1 6 1 1 1 1 1 2 9 2 2 6 5 10 |
5927: 5 21 4 4 2 19 17 11 12 1 8 3 32 154 286 282 |12 16 11 7 8 8 12 13 1 12 9 23 32 26 129 214 |10 15 16 7 14 7 5 9 9 1 8 1 7 19 19 15 |1 2 17 2 12 1 3 23 1 12 11 17 6 9 10 3 |1 6 1 8 1 1 11 2 7 16 17 1 1 8 5 5 |2 11 2 9 2 5 1 11 11 1 1 2 2 1 1 8 |7 6 7 1 6 1 1 11 1 1 15 17 15 1 1 9 |3 1 1 1 5 1 8 12 13 2 5 3 5 2 2 4 |2 7 1 2 1 1 15 13 11 1 2 13 1 11 1 11 |1 2 3 3 11 6 1 7 1 3 15 1 6 18 15 3 |3 2 8 8 15 9 3 7 1 18 8 1 1 1 13 8 |7 1 1 6 1 1 1 1 1 2 9 2 2 6 5 10 |
5938: 5 21 4 4 2 19 17 11 12 1 8 3 32 154 286 282 |12 16 11 7 8 8 12 13 1 12 9 23 32 26 129 214 |10 15 16 7 14 7 5 9 9 1 8 1 7 19 19 15 |1 2 17 2 12 1 3 23 1 12 11 17 6 9 10 3 |1 6 1 8 1 1 11 2 7 16 17 1 1 8 5 5 |2 11 2 9 2 5 1 11 11 1 1 2 2 1 1 8 |7 6 7 1 6 1 1 11 1 1 15 17 15 1 1 9 |3 1 1 1 5 1 8 12 13 2 5 3 5 2 2 4 |2 7 1 2 1 1 15 13 11 1 2 13 1 11 1 11 |1 2 3 3 11 6 1 7 1 3 15 1 6 18 15 3 |3 2 8 8 15 9 3 7 1 18 8 1 1 1 13 8 |12 1 2 15 1 1 1 2 5 2 9 2 3 6 6 10 |
5949: 1 12 8 1 12 16 1 12 17 12 10 3 41 245 273 267 |19 7 9 6 1 9 15 6 1 9 9 22 31 65 168 222 |12 20 12 7 11 9 9 9 8 5 7 9 15 19 19 19 |1 2 17 2 12 1 3 23 1 12 11 17 6 9 10 3 |1 6 1 8 1 1 11 2 7 16 17 1 1 8 5 5 |2 11 2 9 2 5 1 11 11 1 1 2 2 1 1 8 |7 6 7 1 6 1 1 11 1 1 15 17 15 1 1 9 |3 1 1 1 5 1 8 12 13 2 5 3 5 2 2 4 |2 7 1 2 1 1 15 13 11 1 2 13 1 11 1 11 |1 2 3 3 11 6 1 7 1 3 15 1 6 18 15 3 |3 2 8 8 15 9 3 7 1 18 8 1 1 1 13 8 |12 1 2 15 1 1 1 2 5 2 9 2 3 6 6 10 |
5959: 1 12 8 1 12 16 1 12 17 12 10 3 41 245 273 267 |19 7 9 6 1 9 15 6 1 9 9 22 31 65 168 222 |12 20 12 7 11 9 9 9 8 5 7 9 15 19 19 19 |1 7 19 1 1 1 3 24 1 12 12 17 7 6 1 10 |1 1 1 1 1 1 8 1 9 15 16 1 13 11 1 4 |2 11 2 7 1 4 1 13 11 1 1 1 1 11 1 8 |7 1 21 11 5 1 1 10 1 1 7 3 3 1 1 10 |4 1 1 1 1 2 9 15 17 4 5 2 5 3 2 2 |2 2 7 1 1 1 15 13 17 1 1 7 1 11 1 10 |2 9 4 2 12 2 1 6 1 3 16 1 6 19 12 8 |2 1 9 9 3 1 3 8 1 17 8 1 14 1 13 7 |12 1 2 15 1 1 1 2 5 2 9 2 3 6 6 10 |
5970: 1 12 8 1 12 16 1 12 17 12 10 3 41 245 273 267 |19 7 9 6 1 9 15 6 1 9 9 22 31 65 168 222 |12 20 12 7 11 9 9 9 8 5 7 9 15 19 19 19 |1 7 19 1 1 1 3 24 1 12 12 17 7 6 1 10 |1 1 1 1 1 1 8 1 9 15 16 1 13 11 1 4 |2 11 2 7 1 4 1 13 11 1 1 1 1 11 1 8 |7 1 21 11 5 1 1 10 1 1 7 3 3 1 1 10 |4 1 1 1 1 2 9 15 17 4 5 2 5 3 2 2 |2 2 7 1 1 1 15 13 17 1 1 7 1 11 1 10 |2 9 4 2 12 2 1 6 1 3 16 1 6 19 12 8 |2 1 9 9 3 1 3 8 1 17 8 1 14 1 13 7 |13 1 1 9 1 8 6 3 5 2 9 6 1 1 6 11 |
5981: 5 19 1 4 1 1 5 11 10 1 16 20 67 257 284 282 |6 13 9 1 1 1 16 15 1 9 9 16 23 69 175 211 |13 14 16 6 1 3 9 10 9 5 9 8 15 22 19 15 |1 6 1 1 10 1 1 22 1 5 12 17 7 1 1 10 |1 1 1 1 1 1 8 1 9 15 16 1 13 11 1 4 |2 11 2 7 1 4 1 13 11 1 1 1 1 11 1 8 |7 1 21 11 5 1 1 10 1 1 7 3 3 1 1 10 |4 1 1 1 1 2 9 15 17 4 5 2 5 3 2 2 |2 2 7 1 1 1 15 13 17 1 1 7 1 11 1 10 |2 9 4 2 12 2 1 6 1 3 16 1 6 19 12 8 |2 1 9 9 3 1 3 8 1 17 8 1 14 1 13 7 |13 1 1 9 1 8 6 3 5 2 9 6 1 1 6 11 |
5992: 5 19 1 4 1 1 5 11 10 1 16 20 67 257 284 282 |6 13 9 1 1 1 16 15 1 9 9 16 23 69 175 211 |13 14 16 6 1 3 9 10 9 5 9 8 15 22 19 15 |1 6 1 1 10 1 1 22 1 5 12 17 7 1 1 10 |1 7 1 8 1 1 10 3 7 3 17 1 7 10 1 6 |1 12 2 7 1 1 1 13 11 1 1 2 5 11 1 10 |8 4 25 5 6 1 1 11 1 1 14 10 2 1 1 10 |3 13 2 1 1 3 1 13 6 4 4 2 6 2 1 10 |2 6 7 1 7 1 15 13 18 6 1 6 2 12 1 10 |1 1 2 2 11 6 2 6 1 3 16 1 6 18 17 8 |3 1 8 6 3 14 1 9 3 17 12 1 1 2 13 3 |18 1 1 4 1 1 1 2 5 2 10 1 1 1 9 11 |
6003: 5 19 1 4 1 1 5 11 10 1 16 20 67 257 284 282 |6 13 9 1 1 1 16 15 1 9 9 16 23 69 175 211 |13 14 16 6 1 3 9 10 9 5 9 8 15 22 19 15 |1 6 1 1 10 1 1 22 1 5 12 17 7 1 1 10 |1 7 1 8 1 1 10 3 7 3 17 1 7 10 1 6 |1 12 2 7 1 1 1 13 11 1 1 2 5 11 1 10 |8 4 25 5 6 1 1 11 1 1 14 10 2 1 1 10 |3 13 2 1 1 3 1 13 6 4 4 2 6 2 1 10 |2 6 7 1 7 1 15 13 18 6 1 6 2 12 1 10 |1 1 2 2 11 6 2 6 1 3 16 1 6 18 17 8 |3 1 8 6 3 14 1 9 3 17 12 1 1 2 13 3 |18 1 1 4 1 1 1 2 5 2 10 1 1 1 9 11 |
6014: 4 13 1 1 1 20 12 10 10 11 6 4 66 249 273 276 |11 17 8 5 9 7 6 19 1 10 4 23 33 71 157 224 |12 13 16 7 10 7 14 7 10 5 8 1 15 20 19 14 |1 1 10 1 10 1 3 21 1 12 12 18 7 7 1 11 |1 1 1 8 1 1 9 2 8 15 17 2 11 10 1 17 |2 12 2 6 1 1 1 13 11 1 1 1 7 11 1 4 |7 1 21 4 6 1 1 11 1 1 7 17 17 1 1 8 |3 13 2 1 1 3 1 13 6 4 4 2 6 2 1 10 |2 6 7 1 7 1 15 13 18 6 1 6 2 12 1 10 |1 1 2 2 11 6 2 6 1 3 16 1 6 18 17 8 |3 1 8 6 3 14 1 9 3 17 12 1 1 2 13 3 |18 1 1 4 1 1 1 2 5 2 10 1 1 1 9 11 |
6025: 4 13 1 1 1 20 12 10 10 11 6 4 66 249 273 276 |11 17 8 5 9 7 6 19 1 10 4 23 33 71 157 224 |12 13 16 7 10 7 14 7 10 5 8 1 15 20 19 14 |1 1 10 1 10 1 3 21 1 12 12 18 7 7 1 11 |1 1 1 8 1 1 9 2 8 15 17 2 11 10 1 17 |2 12 2 6 1 1 1 13 11 1 1 1 7 11 1 4 |7 1 21 4 6 1 1 11 1 1 7 17 17 1 1 8 |3 7 11 1 4 2 9 14 12 5 5 2 5 4 2 2 |1 8 7 1 1 1 15 13 15 3 2 13 3 12 1 11 |1 3 7 4 11 2 1 8 1 4 16 1 6 18 17 9 |3 1 8 6 15 6 2 8 1 18 8 1 1 1 13 7 |12 1 1 22 1 6 1 7 5 1 9 2 1 1 6 9 |
6036: 4 13 1 1 1 20 12 10 10 11 6 4 66 249 273 276 |11 17 8 5 9 7 6 19 1 10 4 23 33 71 157 224 |12 13 16 7 10 7 14 7 10 5 8 1 15 20 19 14 |1 1 10 1 10 1 3 21 1 12 12 18 7 7 1 11 |1 1 1 8 1 1 9 2 8 15 17 2 11 10 1 17 |2 12 2 6 1 1 1 13 11 1 1 1 7 11 1 4 |7 1 21 4 6 1 1 11 1 1 7 17 17 1 1 8 |3 7 11 1 4 2 9 14 12 5 5 2 5 4 2 2 |1 8 7 1 1 1 15 13 15 3 2 13 3 12 1 11 |1 3 7 4 11 2 1 8 1 4 16 1 6 18 17 9 |3 1 8 6 15 6 2 8 1 18 8 1 1 1 13 7 |12 1 1 22 1 6 1 7 5 1 9 2 1 1 6 9 |
6047: 5 16 9 1 1 15 17 12 13 19 14 15 55 243 287 279 |11 15 8 2 1 8 14 19 5 11 1 23 33 65 167 211 |12 15 17 6 9 13 13 9 10 6 7 8 15 20 19 15 |1 1 3 1 10 1 3 22 1 11 11 17 5 1 1 9 |1 1 1 1 5 1 7 1 9 14 8 1 14 9 1 18 |2 12 2 6 1 1 1 13 11 1 1 1 7 11 1 4 |7 1 21 4 6 1 1 11 1 1 7 17 17 1 1 8 |3 7 11 1 4 2 9 14 12 5 5 2 5 4 2 2 |1 8 7 1 1 1 15 13 15 3 2 13 3 12 1 11 |1 3 7 4 11 2 1 8 1 4 16 1 6 18 17 9 |3 1 8 6 15 6 2 8 1 18 8 1 1 1 13 7 |12 1 1 22 1 6 1 7 5 1 9 2 1 1 6 9 |
6058: 5 16 9 1 1 15 17 12 13 19 14 15 55 243 287 279 |11 15 8 2 1 8 14 19 5 11 1 23 33 65 167 211 |12 15 17 6 9 13 13 9 10 6 7 8 15 20 19 15 |1 1 3 1 10 1 3 22 1 11 11 17 5 1 1 9 |1 1 1 1 5 1 7 1 9 14 8 1 14 9 1 18 |2 17 2 7 1 5 1 12 11 1 1 1 8 11 1 9 |6 1 23 11 5 1 2 11 1 1 14 10 15 1 1 1 |2 2 1 1 5 3 9 14 13 4 7 1 5 4 2 1 |2 6 6 1 1 1 15 13 17 1 1 6 4 11 1 11 |1 9 7 2 12 1 1 7 3 2 17 1 6 17 16 10 |2 1 8 8 2 12 2 8 1 18 19 1 1 1 13 7 |12 7 1 8 1 7 1 7 5 2 10 6 2 6 20 12 |
6069: 5 16 9 1 1 15 17 12 13 19 14 15 55 243 287 279 |11 15 8 2 1 8 14 19 5 11 1 23 33 65 167 211 |12 15 17 6 9 13 13 9 10 6 7 8 15 20 19 15 |1 1 3 1 10 1 3 22 1 11 11 17 5 1 1 9 |1 1 1 1 5 1 7 1 9 14 8 1 14 9 1 18 |2 17 2 7 1 5 1 12 11 1 1 1 8 11 1 9 |6 1 23 11 5 1 2 11 1 1 14 10 15 1 1 1 |2 2 1 1 5 3 9 14 13 4 7 1 5 4 2 1 |2 6 6 1 1 1 15 13 17 1 1 6 4 11 1 11 |1 9 7 2 12 1 1 7 3 2 17 1 6 17 16 10 |2 1 8 8 2 12 2 8 1 18 19 1 1 1 13 7 |12 7 1 8 1 7 1 7 5 2 10 6 2 6 20 12 |
6080: 4 3 1 1 1 18 16 10 9 13 15 1 38 230 281 265 |16 21 2 1 7 1 19 13 1 1 1 23 29 52 148 205 |13 12 16 6 1 1 9 8 8 5 6 8 14 19 19 14 |1 14 17 1 10 1 3 23 1 12 12 18 6 10 3 10 |1 6 1 1 1 1 1 4 2 12 11 1 13 10 1 18 |1 11 2 9 3 4 1 12 11 1 1 2 7 11 1 9 |6 1 23 11 5 1 2 11 1 1 14 10 15 1 1 1 |2 2 1 1 5 3 9 14 13 4 7 1 5 4 2 1 |2 6 6 1 1 1 15 13 17 1 1 6 4 11 1 11 |1 9 7 2 12 1 1 7 3 2 17 1 6 17 16 10 |2 1 8 8 2 12 2 8 1 18 19 1 1 1 13 7 |12 7 1 8 1 7 1 7 5 2 10 6 2 6 20 12 |
6091: 4 3 1 1 1 18 16 10 9 13 15 1 38 230 281 265 |16 21 2 1 7 1 19 13 1 1 1 23 29 52 148 205 |13 12 16 6 1 1 9 8 8 5 6 8 14 19 19 14 |1 14 17 1 10 1 3 23 1 12 12 18 6 10 3 10 |1 6 1 1 1 1 1 4 2 12 11 1 13 10 1 18 |1 11 2 9 3 4 1 12 11 1 1 2 7 11 1 9 |6 5 18 1 6 1 1 11 1 1 16 17 15 1 1 9 |2 1 1 1 7 1 7 14 12 5 5 3 7 1 1 9 |3 2 5 2 1 1 15 13 13 1 1 6 2 11 1 18 |1 1 1 2 10 7 1 7 1 3 9 1 6 19 12 8 |2 7 7 10 1 14 2 8 1 18 8 1 1 1 14 13 |20 1 1 6 1 1 1 7 6 3 8 1 1 6 6 10 |
6102: 4 3 1 1 1 18 16 10 9 13 15 1 38 230 281 265 |16 21 2 1 7 1 19 13 1 1 1 23 29 52 148 205 |13 12 16 6 1 1 9 8 8 5 6 8 14 19 19 14 |1 14 17 1 10 1 3 23 1 12 12 18 6 10 3 10 |1 6 1 1 1 1 1 4 2 12 11 1 13 10 1 18 |1 11 2 9 3 4 1 12 11 1 1 2 7 11 1 9 |6 5 18 1 6 1 1 11 1 1 16 17 15 1 1 9 |2 1 1 1 7 1 7 14 12 5 5 3 7 1 1 9 |3 2 5 2 1 1 15 13 13 1 1 6 2 11 1 18 |1 1 1 2 10 7 1 7 1 3 9 1 6 19 12 8 |2 7 7 10 1 14 2 8 1 18 8 1 1 1 14 13 |20 1 1 6 1 1 1 7 6 3 8 1 1 6 6 10 |
6113: 4 17 14 1 10 16 18 8 14 10 10 1 32 204 286 282 |13 15 1 1 1 1 14 18 1 9 1 20 33 38 131 217 |12 14 17 6 14 8 8 8 8 1 8 1 6 19 18 14 |1 1 9 4 12 3 2 24 1 11 2 17 6 10 4 10 |1 7 1 1 5 1 12 2 7 4 17 2 6 9 1 5 |2 12 2 11 2 1 1 12 11 1 1 1 8 1 1 4 |8 6 17 1 6 1 1 11 1 1 16 16 16 1 1 9 |2 1 1 1 7 1 7 14 12 5 5 3 7 1 1 9 |3 2 5 2 1 1 15 13 13 1 1 6 2 11 1 18 |1 1 1 2 10 7 1 7 1 3 9 1 6 19 12 8 |2 7 7 10 1 14 2 8 1 18 8 1 1 1 14 13 |20 1 1 6 1 1 1 7 6 3 8 1 1 6 6 10 |
6124: 4 17 14 1 10 16 18 8 14 10 10 1 32 204 286 282 |13 15 1 1 1 1 14 18 1 9 1 20 33 38 131 217 |12 14 17 6 14 8 8 8 8 1 8 1 6 19 18 14 |1 1 9 4 12 3 2 24 1 11 2 17 6 10 4 10 |1 7 1 1 5 1 12 2 7 4 17 2 6 9 1 5 |2 12 2 11 2 1 1 12 11 1 1 1 8 1 1 4 |8 6 17 1 6 1 1 11 1 1 16 16 16 1 1 9 |3 1 1 2 4 1 9 12 17 2 6 2 6 1 1 10 |3 2 13 1 1 1 15 13 11 1 2 13 3 7 3 19 |1 3 7 3 12 2 1 6 3 2 16 1 6 17 16 9 |2 1 8 2 3 1 3 8 1 18 20 1 1 1 13 7 |13 1 1 7 1 7 7 3 5 2 10 3 2 6 20 12 |
6135: 4 17 14 1 10 16 18 8 14 10 10 1 32 204 286 282 |13 15 1 1 1 1 14 18 1 9 1 20 33 38 131 217 |12 14 17 6 14 8 8 8 8 1 8 1 6 19 18 14 |1 1 9 4 12 3 2 24 1 11 2 17 6 10 4 10 |1 7 1 1 5 1 12 2 7 4 17 2 6 9 1 5 |2 12 2 11 2 1 1 12 11 1 1 1 8 1 1 4 |8 6 17 1 6 1 1 11 1 1 16 16 16 1 1 9 |3 1 1 2 4 1 9 12 17 2 6 2 6 1 1 10 |3 2 13 1 1 1 15 13 11 1 2 13 3 7 3 19 |1 3 7 3 12 2 1 6 3 2 16 1 6 17 16 9 |2 1 8 2 3 1 3 8 1 18 20 1 1 1 13 7 |13 1 1 7 1 7 7 3 5 2 10 3 2 6 20 12 |
6146: 1 1 13 1 9 11 15 10 16 12 16 12 32 205 285 277 |13 15 9 7 1 1 10 17 11 9 10 12 24 32 139 211 |13 15 17 7 1 3 10 9 9 10 8 8 15 19 19 19 |1 12 11 3 12 2 2 22 1 12 13 18 6 1 1 11 |1 6 1 1 6 1 2 4 7 12 10 4 4 10 1 17 |2 12 2 11 2 1 1 12 11 1 1 1 8 1 1 4 |8 6 17 1 6 1 1 11 1 1 16 16 16 1 1 9 |3 1 1 2 4 1 9 12 17 2 6 2 6 1 1 10 |3 2 13 1 1 1 15 13 11 1 2 13 3 7 3 19 |1 3 7 3 12 2 1 6 3 2 16 1 6 17 16 9 |2 1 8 2 3 1 3 8 1 18 20 1 1 1 13 7 |13 1 1 7 1 7 7 3 5 2 10 3 2 6 20 12 |
6157: 1 1 13 1 9 11 15 10 16 12 16 12 32 205 285 277 |13 15 9 7 1 1 10 17 11 9 10 12 24 32 139 211 |13 15 17 7 1 3 10 9 9 10 8 8 15 19 19 19 |1 12 11 3 12 2 2 22 1 12 13 18 6 1 1 11 |1 6 1 1 6 1 2 4 7 12 10 4 4 10 1 17 |2 11 2 6 3 4 1 11 11 1 1 1 1 11 1 9 |6 5 17 1 5 1 1 10 1 1 6 17 11 1 1 9 |2 2 1 1 1 1 7 14 12 2 5 2 5 2 5 4 |2 2 6 2 1 1 15 13 13 1 2 13 2 11 1 10 |1 2 7 3 12 1 3 8 1 3 16 1 6 13 16 9 |2 1 9 9 1 14 3 7 1 18 8 1 1 1 14 11 |21 1 2 6 1 8 5 1 6 2 10 3 1 1 20 16 |
6168: 1 1 13 1 9 11 15 10 16 12 16 12 32 205 285 277 |13 15 9 7 1 1 10 17 11 9 10 12 24 32 139 211 |13 15 17 7 1 3 10 9 9 10 8 8 15 19 19 19 |1 12 11 3 12 2 2 22 1 12 13 18 6 1 1 11 |1 6 1 1 6 1 2 4 7 12 10 4 4 10 1 17 |2 11 2 6 3 4 1 11 11 1 1 1 1 11 1 9 |6 5 17 1 5 1 1 10 1 1 6 17 11 1 1 9 |2 2 1 1 1 1 7 14 12 2 5 2 5 2 5 4 |2 2 6 2 1 1 15 13 13 1 2 13 2 11 1 10 |1 2 7 3 12 1 3 8 1 3 16 1 6 13 16 9 |2 1 9 9 1 14 3 7 1 18 8 1 1 1 14 11 |21 1 2 6 1 8 5 1 6 2 10 3 1 1 20 16 |
6179: 5 16 18 1 1 16 26 1 20 12 9 10 29 174 286 285 |1 17 2 1 1 7 8 18 4 11 3 22 33 29 139 205 |11 14 16 13 4 1 9 10 8 9 7 2 7 19 12 14 |1 11 17 1 11 1 1 21 1 13 9 17 1 9 1 10 |1 7 1 8 1 1 11 3 7 12 10 1 1 8 1 2 |2 11 2 6 3 4 1 11 11 1 1 1 1 11 1 9 |6 5 17 1 5 1 1 10 1 1 6 17 11 1 1 9 |2 2 1 1 1 1 7 14 12 2 5 2 5 2 5 4 |2 2 6 2 1 1 15 13 13 1 2 13 2 11 1 10 |1 2 7 3 12 1 3 8 1 3 16 1 6 13 16 9 |2 1 9 9 1 14 3 7 1 18 8 1 1 1 14 11 |21 1 2 6 1 8 5 1 6 2 10 3 1 1 20 16 |
6190: 5 16 18 1 1 16 26 1 20 12 9 10 29 174 286 285 |1 17 2 1 1 7 8 18 4 11 3 22 33 29 139 205 |11 14 16 13 4 1 9 10 8 9 7 2 7 19 12 14 |1 11 17 1 11 1 1 21 1 13 9 17 1 9 1 10 |1 7 1 8 1 1 11 3 7 12 10 1 1 8 1 2 |2 12 3 7 1 4 1 12 11 1 1 3 2 1 1 4 |6 5 17 1 5 1 1 11 1 1 14 16 9 1 1 9 |1 12 1 1 6 1 8 12 12 5 5 2 5 1 4 4 |3 2 1 1 1 1 4 13 16 1 2 13 1 7 1 10 |3 2 4 2 12 2 1 7 2 2 17 1 6 12 16 8 |3 7 6 7 1 15 3 7 1 18 8 1 1 1 12 10 |21 1 2 6 1 8 5 1 6 2 10 3 1 1 20 16 |
6201: 5 16 18 1 1 16 26 1 20 12 9 10 29 174 286 285 |1 17 2 1 1 7 8 18 4 11 3 22 33 29 139 205 |11 14 16 13 4 1 9 10 8 9 7 2 7 19 12 14 |1 11 17 1 11 1 1 21 1 13 9 17 1 9 1 10 |1 7 1 8 1 1 11 3 7 12 10 1 1 8 1 2 |2 12 3 7 1 4 1 12 11 1 1 3 2 1 1 4 |6 5 17 1 5 1 1 11 1 1 14 16 9 1 1 9 |1 12 1 1 6 1 8 12 12 5 5 2 5 1 4 4 |3 2 1 1 1 1 4 13 16 1 2 13 1 7 1 10 |3 2 4 2 12 2 1 7 2 2 17 1 6 12 16 8 |3 7 6 7 1 15 3 7 1 18 8 1 1 1 12 10 |13 1 1 6 1 8 7 7 5 2 9 5 2 5 20 12 |
6212: 5 16 18 1 1 16 26 1 20 12 9 10 29 174 286 285 |1 17 2 1 1 7 8 18 4 11 3 22 33 29 139 205 |11 14 16 13 4 1 9 10 8 9 7 2 7 19 12 14 |1 11 17 1 11 1 1 21 1 13 9 17 1 9 1 10 |1 7 1 8 1 1 11 3 7 12 10 1 1 8 1 2 |2 12 3 7 1 4 1 12 11 1 1 3 2 1 1 4 |6 5 17 1 5 1 1 11 1 1 14 16 9 1 1 9 |1 12 1 1 6 1 8 12 12 5 5 2 5 1 4 4 |3 2 1 1 1 1 4 13 16 1 2 13 1 7 1 10 |3 2 4 2 12 2 1 7 2 2 17 1 6 12 16 8 |3 7 6 7 1 15 3 7 1 18 8 1 1 1 12 10 |13 1 1 6 1 8 7 7 5 2 9 5 2 5 20 12 |
6245: 1 1 1 1 1 1 1 1 1 4 7 4 3 11 21 24 |9 7 1 1 3 1 1 3 7 8 3 16 27 9 12 19 |10 14 15 6 12 3 9 9 8 9 12 3 2 12 5 5 |1 6 15 1 2 5 3 23 1 13 1 16 7 8 1 2 |1 1 1 1 1 3 3 3 7 16 16 1 1 3 2 2 |2 10 1 2 2 3 1 12 8 3 2 2 1 4 1 1 |6 5 17 1 5 1 1 11 1 1 14 16 9 1 1 9 |1 12 1 1 6 1 8 12 12 5 5 2 5 1 4 4 |3 2 1 1 1 1 4 13 16 1 2 13 1 7 1 10 |3 2 4 2 12 2 1 7 2 2 17 1 6 12 16 8 |3 7 6 7 1 15 3 7 1 18 8 1 1 1 12 10 |13 1 1 6 1 8 7 7 5 2 9 5 2 5 20 12 |
6256: 1 1 1 1 1 1 1 1 1 4 7 4 3 11 21 24 |9 7 1 1 3 1 1 3 7 8 3 16 27 9 12 19 |10 14 15 6 12 3 9 9 8 9 12 3 2 12 5 5 |1 6 15 1 2 5 3 23 1 13 1 16 7 8 1 2 |1 1 1 1 1 3 3 3 7 16 16 1 1 3 2 2 |2 10 1 2 2 3 1 12 8 3 2 2 1 4 1 1 |6 1 2 12 4 1 1 10 1 3 6 13 3 10 1 1 |1 1 1 1 3 2 1 8 5 4 5 2 6 2 1 1 |1 1 7 1 3 1 2 1 7 2 1 4 1 5 2 3 |1 2 3 2 11 1 1 2 1 2 7 1 1 12 2 1 |1 7 6 3 2 1 2 2 2 13 7 1 8 3 2 1 |9 1 1 6 1 1 6 1 2 3 12 5 1 6 18 12 |
6267: 1 1 1 1 1 1 1 1 1 4 7 4 3 11 21 24 |9 7 1 1 3 1 1 3 7 8 3 16 27 9 12 19 |10 14 15 6 12 3 9 9 8 9 12 3 2 12 5 5 |1 6 15 1 2 5 3 23 1 13 1 16 7 8 1 2 |1 1 1 1 1 3 3 3 7 16 16 1 1 3 2 2 |2 10 1 2 2 3 1 12 8 3 2 2 1 4 1 1 |6 1 2 12 4 1 1 10 1 3 6 13 3 10 1 1 |1 1 1 1 3 2 1 8 5 4 5 2 6 2 1 1 |1 1 7 1 3 1 2 1 7 2 1 4 1 5 2 3 |1 2 3 2 11 1 1 2 1 2 7 1 1 12 2 1 |1 7 6 3 2 1 2 2 2 13 7 1 8 3 2 1 |9 1 1 6 1 1 6 1 2 3 12 5 1 6 18 12 |
6278: 1 11 4 1 1 1 1 4 9 1 6 1 15 9 24 16 |9 6 1 1 3 1 1 3 7 8 1 7 31 1 12 20 |9 13 16 7 13 6 5 6 8 1 6 9 7 8 1 1 |1 7 16 1 11 1 1 22 1 10 13 18 6 8 1 1 |1 1 1 1 1 3 3 3 7 16 16 1 1 3 2 2 |2 10 1 2 2 3 1 12 8 3 2 2 1 4 1 1 |6 1 2 12 4 1 1 10 1 3 6 13 3 10 1 1 |1 1 1 1 3 2 1 8 5 4 5 2 6 2 1 1 |1 1 7 1 3 1 2 1 7 2 1 4 1 5 2 3 |1 2 3 2 11 1 1 2 1 2 7 1 1 12 2 1 |1 7 6 3 2 1 2 2 2 13 7 1 8 3 2 1 |9 1 1 6 1 1 6 1 2 3 12 5 1 6 18 12 |
6289: 1 11 4 1 1 1 1 4 9 1 6 1 15 9 24 16 |9 6 1 1 3 1 1 3 7 8 1 7 31 1 12 20 |9 13 16 7 13 6 5 6 8 1 6 9 7 8 1 1 |1 7 16 1 11 1 1 22 1 10 13 18 6 8 1 1 |1 1 1 1 1 1 1 3 7 11 10 1 1 1 1 1 |2 11 1 5 3 4 1 12 10 1 1 1 1 7 1 1 |7 4 4 12 4 2 1 11 1 1 5 14 15 1 1 1 |1 1 1 2 1 2 7 12 2 2 4 1 5 1 4 1 |2 1 5 1 4 1 3 13 11 1 1 6 2 11 1 4 |1 2 4 1 11 1 1 8 2 2 6 1 6 12 3 1 |1 7 2 1 3 2 2 7 1 2 8 1 1 1 1 14 |9 5 2 6 1 7 1 3 5 2 9 1 3 5 18 10 |
6300: 1 11 4 1 1 1 1 4 9 1 6 1 15 9 24 16 |9 6 1 1 3 1 1 3 7 8 1 7 31 1 12 20 |9 13 16 7 13 6 5 6 8 1 6 9 7 8 1 1 |1 7 16 1 11 1 1 22 1 10 13 18 6 8 1 1 |1 1 1 1 1 1 1 3 7 11 10 1 1 1 1 1 |2 11 1 5 3 4 1 12 10 1 1 1 1 7 1 1 |7 4 4 12 4 2 1 11 1 1 5 14 15 1 1 1 |1 1 1 2 1 2 7 12 2 2 4 1 5 1 4 1 |2 1 5 1 4 1 3 13 11 1 1 6 2 11 1 4 |1 2 4 1 11 1 1 8 2 2 6 1 6 12 3 1 |1 7 2 1 3 2 2 7 1 2 8 1 1 1 1 14 |9 5 2 6 1 7 1 3 5 2 9 1 3 5 18 10 |
6311: 1 1 4 1 1 1 1 3 9 1 7 2 15 9 18 18 |1 7 1 1 2 1 1 2 1 4 1 4 32 9 7 21 |10 13 16 6 11 7 14 8 8 5 10 12 16 19 3 1 |1 5 1 1 11 1 2 19 1 12 3 8 1 14 1 1 |1 7 1 8 1 1 1 4 8 17 11 1 14 9 1 1 |1 11 2 6 1 1 1 12 10 1 1 1 1 8 2 2 |7 4 4 12 4 2 1 11 1 1 5 14 15 1 1 1 |1 1 1 2 1 2 7 12 2 2 4 1 5 1 4 1 |2 1 5 1 4 1 3 13 11 1 1 6 2 11 1 4 |1 2 4 1 11 1 1 8 2 2 6 1 6 12 3 1 |1 7 2 1 3 2 2 7 1 2 8 1 1 1 1 14 |9 5 2 6 1 7 1 3 5 2 9 1 3 5 18 10 |
6322: 1 1 4 1 1 1 1 3 9 1 7 2 15 9 18 18 |1 7 1 1 2 1 1 2 1 4 1 4 32 9 7 21 |10 13 16 6 11 7 14 8 8 5 10 12 16 19 3 1 |1 5 1 1 11 1 2 19 1 12 3 8 1 14 1 1 |1 7 1 8 1 1 1 4 8 17 11 1 14 9 1 1 |1 11 2 6 1 1 1 12 10 1 1 1 1 8 2 2 |6 4 12 1 6 2 1 11 1 1 15 10 7 1 1 1 |1 1 1 1 6 2 1 15 12 1 5 2 5 1 2 2 |1 8 6 2 4 1 15 13 15 1 1 6 2 1 2 3 |1 1 2 1 11 2 3 7 1 2 16 1 6 12 3 1 |2 1 1 2 2 2 2 2 3 13 7 1 8 1 1 2 |12 1 1 1 1 7 1 1 5 2 10 3 2 5 18 15 |
6332: 1 1 4 1 1 1 1 3 9 1 7 2 15 9 18 18 |1 7 1 1 2 1 1 2 1 4 1 4 32 9 7 21 |10 13 16 6 11 7 14 8 8 5 10 12 16 19 3 1 |1 5 1 1 11 1 2 19 1 12 3 8 1 14 1 1 |1 7 1 8 1 1 1 4 8 17 11 1 14 9 1 1 |1 11 2 6 1 1 1 12 10 1 1 1 1 8 2 2 |6 4 12 1 6 2 1 11 1 1 15 10 7 1 1 1 |1 1 1 1 6 2 1 15 12 1 5 2 5 1 2 2 |1 8 6 2 4 1 15 13 15 1 1 6 2 1 2 3 |1 1 2 1 11 2 3 7 1 2 16 1 6 12 3 1 |2 1 1 2 2 2 2 2 3 13 7 1 8 1 1 2 |12 1 1 1 1 7 1 1 5 2 10 3 2 5 18 15 |
6343: 2 1 3 1 1 1 1 1 1 1 12 1 4 12 18 19 |10 5 4 7 1 1 1 3 1 10 1 16 47 23 15 17 |10 22 16 7 13 8 13 1 11 10 17 26 42 48 28 1 |1 5 1 1 11 1 2 19 1 12 3 8 1 14 1 1 |1 7 1 8 1 1 1 4 8 17 11 1 14 9 1 1 |1 11 2 6 1 1 1 12 10 1 1 1 1 8 2 2 |6 4 12 1 6 2 1 11 1 1 15 10 7 1 1 1 |1 1 1 1 6 2 1 15 12 1 5 2 5 1 2 2 |1 8 6 2 4 1 15 13 15 1 1 6 2 1 2 3 |1 1 2 1 11 2 3 7 1 2 16 1 6 12 3 1 |2 1 1 2 2 2 2 2 3 13 7 1 8 1 1 2 |12 1 1 1 1 7 1 1 5 2 10 3 2 5 18 15 |
6354: 2 1 3 1 1 1 1 1 1 1 12 1 4 12 18 19 |10 5 4 7 1 1 1 3 1 10 1 16 47 23 15 17 |10 22 16 7 13 8 13 1 11 10 17 26 42 48 28 1 |1 4 15 3 12 5 2 24 1 14 19 14 22 33 20 4 |1 1 1 1 1 1 1 4 7 12 16 2 4 12 1 1 |1 10 2 6 2 4 1 14 10 1 2 1 10 14 2 1 |7 5 3 12 1 1 1 11 1 1 16 11 9 1 1 1 |1 10 4 1 4 1 7 13 8 1 4 4 4 4 1 1 |2 2 6 2 3 1 1 2 6 2 1 12 1 4 3 4 |1 1 2 1 1 1 1 7 2 1 14 9 1 20 16 1 |1 5 7 6 1 14 2 7 1 17 8 6 8 1 1 14 |8 5 1 5 1 7 7 3 12 2 2 12 1 13 17 17 |
6365: 2 1 3 1 1 1 1 1 1 1 12 1 4 12 18 19 |10 5 4 7 1 1 1 3 1 10 1 16 47 23 15 17 |10 22 16 7 13 8 13 1 11 10 17 26 42 48 28 1 |1 4 15 3 12 5 2 24 1 14 19 14 22 33 20 4 |1 1 1 1 1 1 1 4 7 12 16 2 4 12 1 1 |1 10 2 6 2 4 1 14 10 1 2 1 10 14 2 1 |7 5 3 12 1 1 1 11 1 1 16 11 9 1 1 1 |1 10 4 1 4 1 7 13 8 1 4 4 4 4 1 1 |2 2 6 2 3 1 1 2 6 2 1 12 1 4 3 4 |1 1 2 1 1 1 1 7 2 1 14 9 1 20 16 1 |1 5 7 6 1 14 2 7 1 17 8 6 8 1 1 14 |8 5 1 5 1 7 7 3 12 2 2 12 1 13 17 17 |
6376: 1 11 1 1 1 7 13 1 13 13 15 12 29 21 19 25 |2 7 1 3 11 6 15 16 11 8 42 234 243 157 22 28 |2 8 18 23 17 22 24 16 6 18 24 196 264 265 130 1 |1 4 15 3 12 5 2 24 1 14 19 14 22 33 20 4 |1 1 1 1 1 1 1 4 7 12 16 2 4 12 1 1 |1 10 2 6 2 4 1 14 10 1 2 1 10 14 2 1 |7 5 3 12 1 1 1 11 1 1 16 11 9 1 1 1 |1 10 4 1 4 1 7 13 8 1 4 4 4 4 1 1 |2 2 6 2 3 1 1 2 6 2 1 12 1 4 3 4 |1 1 2 1 1 1 1 7 2 1 14 9 1 20 16 1 |1 5 7 6 1 14 2 7 1 17 8 6 8 1 1 14 |8 5 1 5 1 7 7 3 12 2 2 12 1 13 17 17 |
6387: 1 11 1 1 1 7 13 1 13 13 15 12 29 21 19 25 |2 7 1 3 11 6 15 16 11 8 42 234 243 157 22 28 |2 8 18 23 17 22 24 16 6 18 24 196 264 265 130 1 |6 15 12 1 1 8 13 26 6 14 20 26 135 155 42 4 |1 1 1 1 1 1 1 1 9 17 17 10 15 12 1 1 |2 7 4 7 2 1 1 1 11 1 2 1 11 12 1 1 |7 4 8 13 4 1 1 11 1 1 5 5 10 1 1 1 |1 8 1 1 6 1 8 11 16 2 6 1 1 4 1 1 |4 1 5 2 4 1 14 13 16 1 2 19 9 12 2 5 |1 1 2 2 1 1 1 7 2 3 16 5 1 19 16 1 |1 5 7 6 1 14 2 7 1 17 8 6 8 1 1 14 |8 5 1 5 1 7 7 3 12 2 2 12 1 13 17 17 |
6398: 1 11 1 1 1 7 13 1 13 13 15 12 29 21 19 25 |2 7 1 3 11 6 15 16 11 8 42 234 243 157 22 28 |2 8 18 23 17 22 24 16 6 18 24 196 264 265 130 1 |6 15 12 1 1 8 13 26 6 14 20 26 135 155 42 4 |1 1 1 1 1 1 1 1 9 17 17 10 15 12 1 1 |2 7 4 7 2 1 1 1 11 1 2 1 11 12 1 1 |7 4 8 13 4 1 1 11 1 1 5 5 10 1 1 1 |1 8 1 1 6 1 8 11 16 2 6 1 1 4 1 1 |4 1 5 2 4 1 14 13 16 1 2 19 9 12 2 5 |1 1 2 2 1 1 1 7 2 3 16 5 1 19 16 1 |2 1 8 1 15 12 2 7 1 18 20 8 16 1 1 2 |12 1 1 5 1 1 1 7 5 2 10 14 1 1 18 10 |
6409: 1 12 1 1 1 8 13 1 14 1 21 24 29 18 13 25 |12 14 11 6 9 7 22 7 14 12 61 253 249 164 32 19 |17 23 8 21 22 26 18 15 10 20 75 249 260 268 135 2 |6 15 12 1 1 8 13 26 6 14 20 26 135 155 42 4 |1 1 1 1 1 1 1 1 9 17 17 10 15 12 1 1 |2 7 4 7 2 1 1 1 11 1 2 1 11 12 1 1 |7 4 8 13 4 1 1 11 1 1 5 5 10 1 1 1 |1 8 1 1 6 1 8 11 16 2 6 1 1 4 1 1 |4 1 5 2 4 1 14 13 16 1 2 19 9 12 2 5 |1 1 2 2 1 1 1 7 2 3 16 5 1 19 16 1 |2 1 8 1 15 12 2 7 1 18 20 8 16 1 1 2 |12 1 1 5 1 1 1 7 5 2 10 14 1 1 18 10 |
6420: 1 12 1 1 1 8 13 1 14 1 21 24 29 18 13 25 |12 14 11 6 9 7 22 7 14 12 61 253 249 164 32 19 |17 23 8 21 22 26 18 15 10 20 75 249 260 268 135 2 |1 13 21 1 12 11 9 21 6 12 25 43 151 168 42 5 |1 1 1 1 1 2 2 4 8 17 3 11 16 14 4 1 |2 10 3 8 2 2 1 1 10 1 1 1 11 15 1 1 |7 1 3 12 4 1 1 11 1 1 6 5 9 7 1 4 |1 1 1 2 1 3 8 13 12 5 13 1 1 5 1 1 |2 1 5 1 4 1 15 13 11 1 2 19 10 11 3 3 |1 2 4 3 10 2 1 8 2 3 16 7 5 20 18 1 |1 7 1 2 3 14 1 6 2 16 20 8 16 1 1 3 |12 1 1 5 1 1 1 7 5 2 10 14 1 1 18 10 |
6431: 1 12 1 1 1 8 13 1 14 1 21 24 29 18 13 25 |12 14 11 6 9 7 22 7 14 12 61 253 249 164 32 19 |17 23 8 21 22 26 18 15 10 20 75 249 260 268 135 2 |1 13 21 1 12 11 9 21 6 12 25 43 151 168 42 5 |1 1 1 1 1 2 2 4 8 17 3 11 16 14 4 1 |2 10 3 8 2 2 1 1 10 1 1 1 11 15 1 1 |7 1 3 12 4 1 1 11 1 1 6 5 9 7 1 4 |1 1 1 2 1 3 8 13 12 5 13 1 1 5 1 1 |2 1 5 1 4 1 15 13 11 1 2 19 10 11 3 3 |1 2 4 3 10 2 1 8 2 3 16 7 5 20 18 1 |1 7 1 2 3 14 1 6 2 16 20 8 16 1 1 3 |8 6 2 6 1 7 6 3 5 1 10 14 1 1 19 9 |
6442: 3 12 1 1 1 10 7 1 17 8 21 16 30 19 25 23 |18 13 11 7 11 7 10 11 13 14 91 262 261 159 27 14 |17 23 8 21 22 26 18 15 10 20 75 249 260 268 135 2 |1 13 21 1 12 11 9 21 6 12 25 43 151 168 42 5 |1 1 1 1 1 2 2 4 8 17 3 11 16 14 4 1 |2 10 3 8 2 2 1 1 10 1 1 1 11 15 1 1 |7 1 3 12 4 1 1 11 1 1 6 5 9 7 1 4 |1 1 1 2 1 3 8 13 12 5 13 1 1 5 1 1 |2 1 5 1 4 1 15 13 11 1 2 19 10 11 3 3 |1 2 4 3 10 2 1 8 2 3 16 7 5 20 18 1 |1 7 1 2 3 14 1 6 2 16 20 8 16 1 1 3 |8 6 2 6 1 7 6 3 5 1 10 14 1 1 19 9 |
6453: 3 12 1 1 1 10 7 1 17 8 21 16 30 19 25 23 |18 13 11 7 11 7 10 11 13 14 91 262 261 159 27 14 |1 11 24 21 17 16 12 15 1 9 104 258 267 253 127 13 |1 6 23 1 11 8 4 30 5 19 28 85 162 174 41 3 |1 1 1 13 5 1 1 4 8 19 12 1 10 14 1 1 |1 20 2 8 3 3 1 12 11 1 3 1 11 10 5 1 |6 5 8 11 4 1 3 11 1 1 15 16 10 7 1 1 |1 13 9 1 6 1 7 13 16 2 18 1 1 4 1 2 |3 8 7 2 3 1 15 13 16 1 2 19 11 12 1 1 |1 3 4 1 1 1 3 7 2 2 18 9 5 21 17 1 |3 1 7 6 3 2 2 7 1 13 20 7 8 1 1 2 |8 6 2 6 1 7 6 3 5 1 10 14 1 1 19 9 |
6464: 3 12 1 1 1 10 7 1 17 8 21 16 30 19 25 23 |18 13 11 7 11 7 10 11 13 14 91 262 261 159 27 14 |1 11 24 21 17 16 12 15 1 9 104 258 267 253 127 13 |1 6 23 1 11 8 4 30 5 19 28 85 162 174 41 3 |1 1 1 13 5 1 1 4 8 19 12 1 10 14 1 1 |1 20 2 8 3 3 1 12 11 1 3 1 11 10 5 1 |6 5 8 11 4 1 3 11 1 1 15 16 10 7 1 1 |1 13 9 1 6 1 7 13 16 2 18 1 1 4 1 2 |3 8 7 2 3 1 15 13 16 1 2 19 11 12 1 1 |1 3 4 1 1 1 3 7 2 2 18 9 5 21 17 1 |3 1 7 6 3 2 2 7 1 13 20 7 8 1 1 2 |11 1 1 6 1 1 1 4 12 3 4 13 1 1 19 9 |
6475: 2 10 1 1 1 6 13 1 15 8 12 37 25 10 18 25 |9 16 6 9 6 9 22 9 15 28 117 256 261 159 11 5 |2 28 22 17 19 20 16 11 3 11 131 248 259 266 100 3 |1 6 23 1 11 8 4 30 5 19 28 85 162 174 41 3 |1 1 1 13 5 1 1 4 8 19 12 1 10 14 1 1 |1 20 2 8 3 3 1 12 11 1 3 1 11 10 5 1 |6 5 8 11 4 1 3 11 1 1 15 16 10 7 1 1 |1 13 9 1 6 1 7 13 16 2 18 1 1 4 1 2 |3 8 7 2 3 1 15 13 16 1 2 19 11 12 1 1 |1 3 4 1 1 1 3 7 2 2 18 9 5 21 17 1 |3 1 7 6 3 2 2 7 1 13 20 7 8 1 1 2 |11 1 1 6 1 1 1 4 12 3 4 13 1 1 19 9 |
6486: 2 10 1 1 1 6 13 1 15 8 12 37 25 10 18 25 |9 16 6 9 6 9 22 9 15 28 117 256 261 159 11 5 |2 28 22 17 19 20 16 11 3 11 131 248 259 266 100 3 |5 24 22 1 6 1 12 30 6 13 30 102 185 171 35 11 |1 1 1 13 1 1 1 4 8 17 10 1 22 13 1 1 |2 11 2 6 3 4 1 12 10 1 1 4 1 15 3 1 |1 5 7 6 6 1 1 11 1 2 15 11 10 8 1 3 |1 2 1 1 5 2 7 13 8 5 13 1 8 1 3 3 |1 2 6 2 4 1 15 14 12 1 3 19 10 12 3 4 |1 1 1 5 11 2 1 7 2 2 11 10 5 21 18 1 |3 1 7 6 3 2 2 7 1 13 20 7 8 1 1 2 |11 1 1 6 1 1 1 4 12 3 4 13 1 1 19 9 |
6497: 2 10 1 1 1 6 13 1 15 8 12 37 25 10 18 25 |9 16 6 9 6 9 22 9 15 28 117 256 261 159 11 5 |2 28 22 17 19 20 16 11 3 11 131 248 259 266 100 3 |5 24 22 1 6 1 12 30 6 13 30 102 185 171 35 11 |1 1 1 13 1 1 1 4 8 17 10 1 22 13 1 1 |2 11 2 6 3 4 1 12 10 1 1 4 1 15 3 1 |1 5 7 6 6 1 1 11 1 2 15 11 10 8 1 3 |1 2 1 1 5 2 7 13 8 5 13 1 8 1 3 3 |1 2 6 2 4 1 15 14 12 1 3 19 10 12 3 4 |1 1 1 5 11 2 1 7 2 2 11 10 5 21 18 1 |1 7 1 2 2 14 2 6 2 8 21 10 15 1 8 14 |11 6 1 6 3 3 1 7 5 2 11 14 6 1 18 15 |
6508: 2 10 1 1 1 9 13 10 16 8 11 37 25 4 13 25 |4 8 1 8 11 8 7 8 14 25 120 251 249 165 21 27 |2 21 26 15 20 19 15 18 11 12 134 249 249 263 102 1 |5 24 22 1 6 1 12 30 6 13 30 102 185 171 35 11 |1 1 1 13 1 1 1 4 8 17 10 1 22 13 1 1 |2 11 2 6 3 4 1 12 10 1 1 4 1 15 3 1 |1 5 7 6 6 1 1 11 1 2 15 11 10 8 1 3 |1 2 1 1 5 2 7 13 8 5 13 1 8 1 3 3 |1 2 6 2 4 1 15 14 12 1 3 19 10 12 3 4 |1 1 1 5 11 2 1 7 2 2 11 10 5 21 18 1 |1 7 1 2 2 14 2 6 2 8 21 10 15 1 8 14 |11 6 1 6 3 3 1 7 5 2 11 14 6 1 18 15 |
6519: 2 10 1 1 1 9 13 10 16 8 11 37 25 4 13 25 |4 8 1 8 11 8 7 8 14 25 120 251 249 165 21 27 |2 21 26 15 20 19 15 18 11 12 134 249 249 263 102 1 |4 9 19 8 19 10 13 30 1 19 27 110 194 177 42 5 |1 1 1 7 5 1 13 1 9 19 14 1 10 9 7 11 |2 12 3 10 2 1 1 13 11 1 4 2 11 9 1 1 |8 2 18 12 5 2 1 11 1 1 3 8 11 8 1 1 |2 12 1 1 1 1 9 12 13 5 14 1 10 2 1 2 |2 2 6 1 3 1 15 1 12 1 2 19 11 12 2 1 |1 2 3 2 11 2 1 6 2 1 12 11 6 21 17 1 |1 7 6 2 2 1 3 8 1 18 20 7 4 1 1 14 |11 6 1 6 3 3 1 7 5 2 11 14 6 1 18 15 |
6530: 2 10 1 1 1 9 13 10 16 8 11 37 25 4 13 25 |4 8 1 8 11 8 7 8 14 25 120 251 249 165 21 27 |2 21 26 15 20 19 15 18 11 12 134 249 249 263 102 1 |4 9 19 8 19 10 13 30 1 19 27 110 194 177 42 5 |1 1 1 7 5 1 13 1 9 19 14 1 10 9 7 11 |2 12 3 10 2 1 1 13 11 1 4 2 11 9 1 1 |8 2 18 12 5 2 1 11 1 1 3 8 11 8 1 1 |2 12 1 1 1 1 9 12 13 5 14 1 10 2 1 2 |2 2 6 1 3 1 15 1 12 1 2 19 11 12 2 1 |1 2 3 2 11 2 1 6 2 1 12 11 6 21 17 1 |1 7 6 2 2 1 3 8 1 18 20 7 4 1 1 14 |9 1 2 14 1 6 1 3 1 1 11 14 1 1 18 10 |
6541: 3 8 1 8 1 10 4 10 16 7 24 33 29 19 31 25 |2 10 11 9 10 7 22 9 16 25 120 266 246 156 15 13 |16 11 10 23 12 10 12 17 12 16 138 254 264 267 114 15 |4 9 19 8 19 10 13 30 1 19 27 110 194 177 42 5 |1 1 1 7 5 1 13 1 9 19 14 1 10 9 7 11 |2 12 3 10 2 1 1 13 11 1 4 2 11 9 1 1 |8 2 18 12 5 2 1 11 1 1 3 8 11 8 1 1 |2 12 1 1 1 1 9 12 13 5 14 1 10 2 1 2 |2 2 6 1 3 1 15 1 12 1 2 19 11 12 2 1 |1 2 3 2 11 2 1 6 2 1 12 11 6 21 17 1 |1 7 6 2 2 1 3 8 1 18 20 7 4 1 1 14 |9 1 2 14 1 6 1 3 1 1 11 14 1 1 18 10 |
6552: 3 8 1 8 1 10 4 10 16 7 24 33 29 19 31 25 |2 10 11 9 10 7 22 9 16 25 120 266 246 156 15 13 |16 11 10 23 12 10 12 17 12 16 138 254 264 267 114 15 |4 3 22 12 13 11 1 16 7 10 16 100 186 191 43 13 |1 7 1 1 1 1 1 4 9 19 16 1 22 14 1 1 |2 6 3 6 2 5 1 12 12 1 4 2 11 11 1 1 |7 4 8 11 4 1 9 10 1 1 15 17 8 8 1 3 |1 8 1 1 4 2 7 13 12 2 14 1 9 3 1 1 |1 9 6 2 4 1 3 12 11 1 3 19 10 12 3 5 |1 2 7 2 11 4 1 6 2 1 17 8 1 20 18 1 |1 6 1 8 6 9 2 7 1 17 20 8 16 1 1 2 |9 1 2 14 1 6 1 3 1 1 11 14 1 1 18 10 |
6563: 3 8 1 8 1 10 4 10 16 7 24 33 29 19 31 25 |2 10 11 9 10 7 22 9 16 25 120 266 246 156 15 13 |16 11 10 23 12 10 12 17 12 16 138 254 264 267 114 15 |4 3 22 12 13 11 1 16 7 10 16 100 186 191 43 13 |1 7 1 1 1 1 1 4 9 19 16 1 22 14 1 1 |2 6 3 6 2 5 1 12 12 1 4 2 11 11 1 1 |7 4 8 11 4 1 9 10 1 1 15 17 8 8 1 3 |1 8 1 1 4 2 7 13 12 2 14 1 9 3 1 1 |1 9 6 2 4 1 3 12 11 1 3 19 10 12 3 5 |1 2 7 2 11 4 1 6 2 1 17 8 1 20 18 1 |1 6 1 8 6 9 2 7 1 17 20 8 16 1 1 2 |8 1 1 5 1 7 1 7 5 3 10 14 1 1 18 10 |
6574: 2 11 1 1 1 10 9 10 16 7 22 25 29 18 24 24 |2 5 11 12 10 8 10 21 15 23 77 248 242 153 13 10 |16 11 10 23 12 10 12 17 12 16 138 254 264 267 114 15 |4 3 22 12 13 11 1 16 7 10 16 100 186 191 43 13 |1 7 1 1 1 1 1 4 9 19 16 1 22 14 1 1 |2 6 3 6 2 5 1 12 12 1 4 2 11 11 1 1 |7 4 8 11 4 1 9 10 1 1 15 17 8 8 1 3 |1 8 1 1 4 2 7 13 12 2 14 1 9 3 1 1 |1 9 6 2 4 1 3 12 11 1 3 19 10 12 3 5 |1 2 7 2 11 4 1 6 2 1 17 8 1 20 18 1 |1 6 1 8 6 9 2 7 1 17 20 8 16 1 1 2 |8 1 1 5 1 7 1 7 5 3 10 14 1 1 18 10 |
6585: 2 11 1 1 1 10 9 10 16 7 22 25 29 18 24 24 |2 5 11 12 10 8 10 21 15 23 77 248 242 153 13 10 |16 23 23 22 18 22 23 17 16 9 115 264 260 253 131 8 |3 15 14 3 21 8 12 18 6 21 29 101 188 205 52 5 |1 7 1 8 1 1 2 1 9 19 13 1 22 26 4 13 |2 11 3 7 2 3 7 13 10 2 3 8 1 5 3 1 |7 5 2 8 5 1 1 11 1 1 17 11 24 8 1 4 |1 9 1 1 1 1 7 13 18 2 13 1 1 4 1 2 |2 1 6 2 5 1 15 13 12 1 2 18 8 5 3 8 |1 2 10 8 10 2 1 7 2 2 17 9 5 21 17 1 |1 7 6 6 2 1 2 7 1 2 20 7 9 1 1 14 |8 1 1 5 1 7 1 7 5 3 10 14 1 1 18 10 |
6596: 2 11 1 1 1 10 9 10 16 7 22 25 29 18 24 24 |2 5 11 12 10 8 10 21 15 23 77 248 242 153 13 10 |16 23 23 22 18 22 23 17 16 9 115 264 260 253 131 8 |3 15 14 3 21 8 12 18 6 21 29 101 188 205 52 5 |1 7 1 8 1 1 2 1 9 19 13 1 22 26 4 13 |2 11 3 7 2 3 7 13 10 2 3 8 1 5 3 1 |7 5 2 8 5 1 1 11 1 1 17 11 24 8 1 4 |1 9 1 1 1 1 7 13 18 2 13 1 1 4 1 2 |2 1 6 2 5 1 15 13 12 1 2 18 8 5 3 8 |1 2 10 8 10 2 1 7 2 2 17 9 5 21 17 1 |1 7 6 6 2 1 2 7 1 2 20 7 9 1 1 14 |8 1 1 7 1 8 7 3 5 2 10 12 1 1 18 10 |
6607: 2 10 1 1 1 10 13 9 15 7 9 8 28 7 13 23 |12 24 9 10 6 8 14 5 1 12 52 214 226 147 19 13 |16 20 24 10 19 11 25 17 11 21 77 256 264 265 126 1 |3 15 14 3 21 8 12 18 6 21 29 101 188 205 52 5 |1 7 1 8 1 1 2 1 9 19 13 1 22 26 4 13 |2 11 3 7 2 3 7 13 10 2 3 8 1 5 3 1 |7 5 2 8 5 1 1 11 1 1 17 11 24 8 1 4 |1 9 1 1 1 1 7 13 18 2 13 1 1 4 1 2 |2 1 6 2 5 1 15 13 12 1 2 18 8 5 3 8 |1 2 10 8 10 2 1 7 2 2 17 9 5 21 17 1 |1 7 6 6 2 1 2 7 1 2 20 7 9 1 1 14 |8 1 1 7 1 8 7 3 5 2 10 12 1 1 18 10 |
6618: 2 10 1 1 1 10 13 9 15 7 9 8 28 7 13 23 |12 24 9 10 6 8 14 5 1 12 52 214 226 147 19 13 |16 20 24 10 19 11 25 17 11 21 77 256 264 265 126 1 |4 14 17 9 13 11 10 29 6 13 15 72 176 187 43 6 |1 7 1 8 6 1 10 2 8 18 13 12 23 20 3 13 |2 17 3 13 2 5 1 13 11 1 4 2 11 14 1 1 |7 1 9 12 5 1 1 11 1 1 16 11 10 7 1 1 |1 1 1 1 6 1 9 12 17 2 5 1 1 3 1 1 |3 1 7 1 1 1 15 13 17 1 2 18 1 5 4 4 |1 3 9 1 11 6 1 6 1 4 17 8 5 21 17 1 |1 7 6 6 2 1 2 7 1 2 20 7 9 1 1 14 |8 1 1 7 1 8 7 3 5 2 10 12 1 1 18 10 |
6629: 2 10 1 1 1 10 13 9 15 7 9 8 28 7 13 23 |12 24 9 10 6 8 14 5 1 12 52 214 226 147 19 13 |16 20 24 10 19 11 25 17 11 21 77 256 264 265 126 1 |4 14 17 9 13 11 10 29 6 13 15 72 176 187 43 6 |1 7 1 8 6 1 10 2 8 18 13 12 23 20 3 13 |2 17 3 13 2 5 1 13 11 1 4 2 11 14 1 1 |7 1 9 12 5 1 1 11 1 1 16 11 10 7 1 1 |1 1 1 1 6 1 9 12 17 2 5 1 1 3 1 1 |3 1 7 1 1 1 15 13 17 1 2 18 1 5 4 4 |1 3 9 1 11 6 1 6 1 4 17 8 5 21 17 1 |2 1 7 2 2 1 3 8 1 18 8 1 4 1 1 16 |8 1 1 22 1 1 1 7 5 2 10 12 1 1 18 10 |
6640: 3 9 1 1 1 8 14 3 14 12 10 2 21 12 23 15 |12 24 9 10 6 8 14 5 1 12 52 214 226 147 19 13 |16 20 24 10 19 11 25 17 11 21 77 256 264 265 126 1 |4 14 17 9 13 11 10 29 6 13 15 72 176 187 43 6 |1 7 1 8 6 1 10 2 8 18 13 12 23 20 3 13 |2 17 3 13 2 5 1 13 11 1 4 2 11 14 1 1 |7 1 9 12 5 1 1 11 1 1 16 11 10 7 1 1 |1 1 1 1 6 1 9 12 17 2 5 1 1 3 1 1 |3 1 7 1 1 1 15 13 17 1 2 18 1 5 4 4 |1 3 9 1 11 6 1 6 1 4 17 8 5 21 17 1 |2 1 7 2 2 1 3 8 1 18 8 1 4 1 1 16 |8 1 1 22 1 1 1 7 5 2 10 12 1 1 18 10 |
6651: 3 9 1 1 1 8 14 3 14 12 10 2 21 12 23 15 |12 17 1 1 1 3 4 17 3 16 13 98 160 60 8 20 |8 22 19 9 1 5 24 18 6 17 35 131 270 225 35 12 |1 12 16 1 11 8 6 26 6 8 16 29 99 96 28 7 |1 7 7 9 1 1 2 1 10 19 18 1 21 13 1 1 |2 6 1 5 3 1 1 12 11 1 4 1 10 13 2 1 |7 5 10 12 4 1 1 10 1 1 1 16 11 1 1 1 |3 2 1 1 1 3 8 12 16 1 13 4 7 1 2 1 |3 1 7 1 1 1 15 13 17 1 2 18 1 5 4 4 |1 3 9 1 11 6 1 6 1 4 17 8 5 21 17 1 |2 1 7 2 2 1 3 8 1 18 8 1 4 1 1 16 |8 1 1 22 1 1 1 7 5 2 10 12 1 1 18 10 |
6662: 3 9 1 1 1 8 14 3 14 12 10 2 21 12 23 15 |12 17 1 1 1 3 4 17 3 16 13 98 160 60 8 20 |8 22 19 9 1 5 24 18 6 17 35 131 270 225 35 12 |1 12 16 1 11 8 6 26 6 8 16 29 99 96 28 7 |1 7 7 9 1 1 2 1 10 19 18 1 21 13 1 1 |2 6 1 5 3 1 1 12 11 1 4 1 10 13 2 1 |7 5 10 12 4 1 1 10 1 1 1 16 11 1 1 1 |3 2 1 1 1 3 8 12 16 1 13 4 7 1 2 1 |2 4 5 1 4 1 15 1 16 1 2 18 3 6 2 1 |1 2 4 2 11 7 4 9 2 2 8 1 1 4 3 1 |2 7 6 1 15 8 2 8 1 18 7 1 1 1 7 9 |16 5 1 5 1 1 1 7 5 3 9 5 1 1 18 9 |
6673: 3 9 1 1 1 8 14 3 14 12 10 2 21 12 23 15 |12 17 1 1 1 3 4 17 3 16 13 98 160 60 8 20 |8 22 19 9 1 5 24 18 6 17 35 131 270 225 35 12 |1 12 16 1 11 8 6 26 6 8 16 29 99 96 28 7 |1 7 7 9 1 1 2 1 10 19 18 1 21 13 1 1 |2 6 1 5 3 1 1 12 11 1 4 1 10 13 2 1 |7 5 10 12 4 1 1 10 1 1 1 16 11 1 1 1 |3 2 1 1 1 3 8 12 16 1 13 4 7 1 2 1 |2 4 5 1 4 1 15 1 16 1 2 18 3 6 2 1 |1 2 4 2 11 7 4 9 2 2 8 1 1 4 3 1 |2 7 6 1 15 8 2 8 1 18 7 1 1 1 7 9 |16 5 1 5 1 1 1 7 5 3 9 5 1 1 18 9 |
6684: 1 3 1 1 1 3 1 1 1 5 1 1 14 1 3 17 |9 2 1 1 1 1 16 15 1 11 1 23 32 9 4 14 |12 15 15 7 13 7 13 9 11 8 13 22 23 20 9 3 |1 12 11 1 12 2 11 14 5 14 13 20 10 21 9 1 |1 1 1 8 6 1 1 1 10 19 16 12 11 12 1 1 |1 12 1 7 3 1 1 13 9 1 3 2 9 10 4 1 |7 4 4 12 3 2 1 11 1 1 13 16 18 1 1 1 |1 13 1 2 1 1 7 13 12 1 6 2 5 1 4 1 |1 2 5 1 3 1 2 13 11 1 1 13 1 12 1 1 |1 2 4 2 11 7 4 9 2 2 8 1 1 4 3 1 |2 7 6 1 15 8 2 8 1 18 7 1 1 1 7 9 |16 5 1 5 1 1 1 7 5 3 9 5 1 1 18 9 |
6695: 1 3 1 1 1 3 1 1 1 5 1 1 14 1 3 17 |9 2 1 1 1 1 16 15 1 11 1 23 32 9 4 14 |12 15 15 7 13 7 13 9 11 8 13 22 23 20 9 3 |1 12 11 1 12 2 11 14 5 14 13 20 10 21 9 1 |1 1 1 8 6 1 1 1 10 19 16 12 11 12 1 1 |1 12 1 7 3 1 1 13 9 1 3 2 9 10 4 1 |7 4 4 12 3 2 1 11 1 1 13 16 18 1 1 1 |1 13 1 2 1 1 7 13 12 1 6 2 5 1 4 1 |1 2 5 1 3 1 2 13 11 1 1 13 1 12 1 1 |1 2 9 1 10 1 1 8 3 2 7 1 6 12 1 1 |2 7 7 3 16 1 2 7 1 17 8 1 1 1 7 10 |12 1 2 6 1 1 1 7 2 2 8 1 3 5 17 9 |
6706: 1 1 4 1 1 1 1 1 1 1 5 1 13 3 18 4 |9 2 1 1 1 1 16 15 1 11 1 23 32 9 4 14 |12 15 15 7 13 7 13 9 11 8 13 22 23 20 9 3 |1 12 11 1 12 2 11 14 5 14 13 20 10 21 9 1 |1 1 1 8 6 1 1 1 10 19 16 12 11 12 1 1 |1 12 1 7 3 1 1 13 9 1 3 2 9 10 4 1 |7 4 4 12 3 2 1 11 1 1 13 16 18 1 1 1 |1 13 1 2 1 1 7 13 12 1 6 2 5 1 4 1 |1 2 5 1 3 1 2 13 11 1 1 13 1 12 1 1 |1 2 9 1 10 1 1 8 3 2 7 1 6 12 1 1 |2 7 7 3 16 1 2 7 1 17 8 1 1 1 7 10 |12 1 2 6 1 1 1 7 2 2 8 1 3 5 17 9 |
6716: 1 1 4 1 1 1 1 1 1 1 5 1 13 3 18 4 |1 5 1 1 3 1 2 16 1 9 1 4 19 2 1 5 |10 16 16 3 12 9 13 1 12 11 5 12 9 1 1 4 |1 6 1 1 11 2 11 18 4 5 20 18 13 8 5 1 |1 1 1 8 3 1 11 1 10 18 13 10 14 10 1 1 |2 17 3 6 1 1 1 12 3 7 3 1 9 3 5 2 |7 4 23 4 5 1 1 11 1 1 15 11 17 1 1 1 |2 1 1 1 4 2 6 15 13 4 5 3 5 1 2 3 |2 2 6 1 6 1 15 13 18 6 1 6 2 12 1 3 |1 2 9 1 10 1 1 8 3 2 7 1 6 12 1 1 |2 7 7 3 16 1 2 7 1 17 8 1 1 1 7 10 |12 1 2 6 1 1 1 7 2 2 8 1 3 5 17 9 |
6727: 1 1 4 1 1 1 1 1 1 1 5 1 13 3 18 4 |1 5 1 1 3 1 2 16 1 9 1 4 19 2 1 5 |10 16 16 3 12 9 13 1 12 11 5 12 9 1 1 4 |1 6 1 1 11 2 11 18 4 5 20 18 13 8 5 1 |1 1 1 8 3 1 11 1 10 18 13 10 14 10 1 1 |2 17 3 6 1 1 1 12 3 7 3 1 9 3 5 2 |7 4 23 4 5 1 1 11 1 1 15 11 17 1 1 1 |2 1 1 1 4 2 6 15 13 4 5 3 5 1 2 3 |2 2 6 1 6 1 15 13 18 6 1 6 2 12 1 3 |1 1 8 1 11 6 2 7 2 2 16 1 6 12 3 1 |2 1 8 6 2 14 3 2 4 17 7 1 1 1 1 2 |8 1 1 4 1 8 5 8 5 2 8 2 2 5 18 10 |
6738: 1 1 4 1 1 1 1 1 1 1 5 1 13 3 18 4 |1 5 1 1 3 1 2 16 1 9 1 4 19 2 1 5 |10 16 16 3 12 9 13 1 12 11 5 12 9 1 1 4 |1 6 1 1 11 2 11 18 4 5 20 18 13 8 5 1 |1 1 1 8 3 1 11 1 10 18 13 10 14 10 1 1 |2 17 3 6 1 1 1 12 3 7 3 1 9 3 5 2 |7 4 23 4 5 1 1 11 1 1 15 11 17 1 1 1 |2 1 1 1 4 2 6 15 13 4 5 3 5 1 2 3 |2 2 6 1 6 1 15 13 18 6 1 6 2 12 1 3 |1 1 8 1 11 6 2 7 2 2 16 1 6 12 3 1 |2 1 8 6 2 14 3 2 4 17 7 1 1 1 1 2 |8 1 1 4 1 8 5 8 5 2 8 2 2 5 18 10 |
6749: 2 10 2 1 1 6 8 5 8 1 1 1 13 2 17 8 |8 2 1 4 2 1 5 3 6 3 1 16 22 1 1 1 |13 12 17 6 13 8 18 1 8 11 18 15 3 1 1 5 |1 7 16 1 9 6 2 15 6 12 21 18 2 9 1 1 |1 1 1 1 5 1 2 1 10 20 16 12 15 11 1 1 |2 11 2 8 1 4 1 13 1 7 5 3 10 2 3 2 |1 5 3 12 6 1 1 11 1 1 3 4 16 1 1 1 |1 6 1 1 2 1 8 14 17 6 6 4 5 1 3 1 |2 2 6 1 6 1 15 13 18 6 1 6 2 12 1 3 |1 1 8 1 11 6 2 7 2 2 16 1 6 12 3 1 |2 1 8 6 2 14 3 2 4 17 7 1 1 1 1 2 |8 1 1 4 1 8 5 8 5 2 8 2 2 5 18 10 |
6760: 2 10 2 1 1 6 8 5 8 1 1 1 13 2 17 8 |8 2 1 4 2 1 5 3 6 3 1 16 22 1 1 1 |13 12 17 6 13 8 18 1 8 11 18 15 3 1 1 5 |1 7 16 1 9 6 2 15 6 12 21 18 2 9 1 1 |1 1 1 1 5 1 2 1 10 20 16 12 15 11 1 1 |2 11 2 8 1 4 1 13 1 7 5 3 10 2 3 2 |1 5 3 12 6 1 1 11 1 1 3 4 16 1 1 1 |1 6 1 1 2 1 8 14 17 6 6 4 5 1 3 1 |1 2 7 2 4 1 16 7 18 2 1 8 3 6 1 13 |1 2 4 1 12 6 1 7 2 2 16 1 6 12 1 1 |1 8 6 6 2 2 2 8 1 17 19 1 1 1 7 14 |9 1 1 6 1 1 1 2 5 1 10 5 2 6 17 10 |
6771: 2 10 2 1 1 6 8 5 8 1 1 1 13 2 17 8 |8 2 1 4 2 1 5 3 6 3 1 16 22 1 1 1 |13 12 17 6 13 8 18 1 8 11 18 15 3 1 1 5 |1 7 16 1 9 6 2 15 6 12 21 18 2 9 1 1 |1 1 1 1 5 1 2 1 10 20 16 12 15 11 1 1 |2 11 2 8 1 4 1 13 1 7 5 3 10 2 3 2 |1 5 3 12 6 1 1 11 1 1 3 4 16 1 1 1 |1 6 1 1 2 1 8 14 17 6 6 4 5 1 3 1 |1 2 7 2 4 1 16 7 18 2 1 8 3 6 1 13 |1 2 4 1 12 6 1 7 2 2 16 1 6 12 1 1 |1 8 6 6 2 2 2 8 1 17 19 1 1 1 7 14 |9 1 1 6 1 1 1 2 5 1 10 5 2 6 17 10 |
6782: 1 1 1 1 1 7 1 5 14 1 6 1 13 1 3 4 |9 6 1 1 1 2 15 14 1 9 3 16 24 1 1 5 |11 20 16 6 1 3 15 16 4 10 28 26 16 10 1 4 |1 11 12 1 12 9 12 32 7 24 116 128 24 15 6 1 |1 7 1 8 1 1 13 1 1 33 77 130 41 17 1 2 |1 6 3 7 1 5 1 14 3 3 11 7 3 1 1 1 |6 5 7 1 6 1 1 10 1 1 3 9 5 1 1 1 |1 1 1 2 3 3 8 12 17 13 19 1 6 1 3 1 |1 2 7 2 4 1 16 7 18 2 1 8 3 6 1 13 |1 2 4 1 12 6 1 7 2 2 16 1 6 12 1 1 |1 8 6 6 2 2 2 8 1 17 19 1 1 1 7 14 |9 1 1 6 1 1 1 2 5 1 10 5 2 6 17 10 |
6793: 1 1 1 1 1 7 1 5 14 1 6 1 13 1 3 4 |9 6 1 1 1 2 15 14 1 9 3 16 24 1 1 5 |11 20 16 6 1 3 15 16 4 10 28 26 16 10 1 4 |1 11 12 1 12 9 12 32 7 24 116 128 24 15 6 1 |1 7 1 8 1 1 13 1 1 33 77 130 41 17 1 2 |1 6 3 7 1 5 1 14 3 3 11 7 3 1 1 1 |6 5 7 1 6 1 1 10 1 1 3 9 5 1 1 1 |1 1 1 2 3 3 8 12 17 13 19 1 6 1 3 1 |1 1 2 1 4 1 15 13 17 15 4 19 1 4 2 2 |1 2 3 1 10 1 1 7 2 2 13 11 1 19 3 1 |2 1 7 2 3 13 2 8 1 19 22 10 7 1 1 14 |16 1 1 7 1 8 5 7 5 14 1 1 1 1 17 10 |
6804: 1 1 1 1 1 7 1 5 14 1 6 1 13 1 3 4 |9 6 1 1 1 2 15 14 1 9 3 16 24 1 1 5 |11 20 16 6 1 3 15 16 4 10 28 26 16 10 1 4 |1 11 12 1 12 9 12 32 7 24 116 128 24 15 6 1 |1 7 1 8 1 1 13 1 1 33 77 130 41 17 1 2 |1 6 3 7 1 5 1 14 3 3 11 7 3 1 1 1 |6 5 7 1 6 1 1 10 1 1 3 9 5 1 1 1 |1 1 1 2 3 3 8 12 17 13 19 1 6 1 3 1 |1 1 2 1 4 1 15 13 17 15 4 19 1 4 2 2 |1 2 3 1 10 1 1 7 2 2 13 11 1 19 3 1 |2 1 7 2 3 13 2 8 1 19 22 10 7 1 1 14 |16 1 1 7 1 8 5 7 5 14 1 1 1 1 17 10 |
6815: 1 3 2 1 1 8 1 1 1 12 6 1 14 2 23 8 |9 7 1 1 1 1 8 7 13 17 2 21 23 1 1 6 |13 21 17 8 1 6 24 17 24 106 146 52 16 10 1 1 |5 22 20 10 14 16 4 33 30 199 266 259 116 20 20 4 |6 22 5 5 18 8 6 13 18 82 229 265 130 8 1 4 |1 20 1 2 1 1 1 15 4 10 11 45 11 12 4 1 |7 1 22 3 6 1 1 11 1 10 22 24 16 1 1 1 |1 1 1 3 4 2 9 15 18 18 21 1 6 1 2 1 |2 2 6 1 1 1 15 1 18 10 1 19 1 1 1 1 |1 2 3 1 10 1 1 7 2 2 13 11 1 19 3 1 |2 1 7 2 3 13 2 8 1 19 22 10 7 1 1 14 |16 1 1 7 1 8 5 7 5 14 1 1 1 1 17 10 |
6826: 1 3 2 1 1 8 1 1 1 12 6 1 14 2 23 8 |9 7 1 1 1 1 8 7 13 17 2 21 23 1 1 6 |13 21 17 8 1 6 24 17 24 106 146 52 16 10 1 1 |5 22 20 10 14 16 4 33 30 199 266 259 116 20 20 4 |6 22 5 5 18 8 6 13 18 82 229 265 130 8 1 4 |1 20 1 2 1 1 1 15 4 10 11 45 11 12 4 1 |7 1 22 3 6 1 1 11 1 10 22 24 16 1 1 1 |1 1 1 3 4 2 9 15 18 18 21 1 6 1 2 1 |2 2 6 1 1 1 15 1 18 10 1 19 1 1 1 1 |1 3 4 2 10 1 1 7 1 1 5 10 1 7 3 1 |2 1 7 2 2 1 2 7 1 20 17 7 15 1 9 14 |9 1 1 7 1 8 6 1 5 16 1 12 1 6 18 15 |
6837: 1 3 2 1 1 8 1 1 1 12 6 1 14 2 23 8 |9 7 1 1 1 1 8 7 13 17 2 21 23 1 1 6 |13 21 17 8 1 6 24 17 24 106 146 52 16 10 1 1 |5 22 20 10 14 16 4 33 30 199 266 259 116 20 20 4 |6 22 5 5 18 8 6 13 18 82 229 265 130 8 1 4 |1 20 1 2 1 1 1 15 4 10 11 45 11 12 4 1 |7 1 22 3 6 1 1 11 1 10 22 24 16 1 1 1 |1 1 1 3 4 2 9 15 18 18 21 1 6 1 2 1 |2 2 6 1 1 1 15 1 18 10 1 19 1 1 1 1 |1 3 4 2 10 1 1 7 1 1 5 10 1 7 3 1 |2 1 7 2 2 1 2 7 1 20 17 7 15 1 9 14 |9 1 1 7 1 8 6 1 5 16 1 12 1 6 18 15 |
6848: 2 4 1 1 2 8 1 1 1 12 15 2 14 3 18 8 |4 7 1 1 1 2 8 7 13 11 3 8 18 1 1 5 |8 23 21 7 1 23 22 23 29 149 163 71 16 12 8 5 |3 22 24 8 20 20 9 34 45 248 272 271 134 12 11 1 |3 5 1 1 6 10 7 10 19 103 240 260 138 15 8 22 |1 12 3 8 2 1 1 13 5 21 18 39 19 11 4 1 |7 1 11 12 5 1 1 11 1 1 24 25 16 1 1 1 |1 13 1 2 3 2 1 14 20 18 21 1 7 1 3 1 |2 2 7 1 1 2 15 14 18 15 4 20 1 1 1 1 |1 1 4 2 10 2 1 7 1 1 6 9 1 19 3 1 |2 7 1 2 1 1 4 8 1 19 18 8 14 1 1 15 |9 1 1 7 1 8 6 1 5 16 1 12 1 6 18 15 |
6859: 2 4 1 1 2 8 1 1 1 12 15 2 14 3 18 8 |4 7 1 1 1 2 8 7 13 11 3 8 18 1 1 5 |8 23 21 7 1 23 22 23 29 149 163 71 16 12 8 5 |3 22 24 8 20 20 9 34 45 248 272 271 134 12 11 1 |3 5 1 1 6 10 7 10 19 103 240 260 138 15 8 22 |1 12 3 8 2 1 1 13 5 21 18 39 19 11 4 1 |7 1 11 12 5 1 1 11 1 1 24 25 16 1 1 1 |1 13 1 2 3 2 1 14 20 18 21 1 7 1 3 1 |2 2 7 1 1 2 15 14 18 15 4 20 1 1 1 1 |1 1 4 2 10 2 1 7 1 1 6 9 1 19 3 1 |2 7 1 2 1 1 4 8 1 19 18 8 14 1 1 15 |12 2 1 4 1 7 1 7 5 15 12 13 1 1 17 10 |
6870: 2 4 1 1 2 8 1 1 1 12 15 2 14 3 18 8 |4 7 1 1 1 2 8 7 13 11 3 8 18 1 1 5 |8 23 21 7 1 23 22 23 29 149 163 71 16 12 8 5 |3 22 24 8 20 20 9 34 45 248 272 271 134 12 11 1 |3 5 1 1 6 10 7 10 19 103 240 260 138 15 8 22 |1 12 3 8 2 1 1 13 5 21 18 39 19 11 4 1 |7 1 11 12 5 1 1 11 1 1 24 25 16 1 1 1 |1 13 1 2 3 2 1 14 20 18 21 1 7 1 3 1 |2 2 7 1 1 2 15 14 18 15 4 20 1 1 1 1 |1 1 4 2 10 2 1 7 1 1 6 9 1 19 3 1 |2 7 1 2 1 1 4 8 1 19 18 8 14 1 1 15 |12 2 1 4 1 7 1 7 5 15 12 13 1 1 17 10 |
6881: 1 1 1 10 1 7 5 1 1 12 14 2 14 4 18 9 |1 6 1 1 4 1 8 17 10 18 4 9 31 1 1 5 |2 11 10 7 5 7 24 24 28 148 167 79 14 14 7 1 |1 17 20 6 12 13 5 39 52 261 265 272 131 12 19 5 |7 6 10 8 17 8 15 12 20 100 239 267 144 11 8 11 |3 13 1 6 1 5 1 15 3 19 8 34 7 11 1 1 |7 5 24 10 4 1 1 11 1 1 23 24 17 1 2 1 |3 2 1 1 5 2 1 15 17 18 22 1 7 1 3 1 |2 2 7 1 4 1 15 13 17 15 1 22 2 12 1 1 |1 1 3 1 11 7 1 7 1 1 5 11 1 7 15 1 |2 7 1 2 1 1 4 8 1 19 18 8 14 1 1 15 |12 2 1 4 1 7 1 7 5 15 12 13 1 1 17 10 |
6892: 1 1 1 10 1 7 5 1 1 12 14 2 14 4 18 9 |1 6 1 1 4 1 8 17 10 18 4 9 31 1 1 5 |2 11 10 7 5 7 24 24 28 148 167 79 14 14 7 1 |1 17 20 6 12 13 5 39 52 261 265 272 131 12 19 5 |7 6 10 8 17 8 15 12 20 100 239 267 144 11 8 11 |3 13 1 6 1 5 1 15 3 19 8 34 7 11 1 1 |7 5 24 10 4 1 1 11 1 1 23 24 17 1 2 1 |3 2 1 1 5 2 1 15 17 18 22 1 7 1 3 1 |2 2 7 1 4 1 15 13 17 15 1 22 2 12 1 1 |1 1 3 1 11 7 1 7 1 1 5 11 1 7 15 1 |2 1 8 7 2 1 3 3 3 18 17 7 1 1 1 2 |8 1 1 4 1 8 6 7 5 15 1 12 1 1 18 10 |
6903: 1 1 1 10 1 7 5 1 1 12 14 2 14 4 18 9 |1 6 1 1 4 1 8 17 10 18 4 9 31 1 1 5 |2 11 10 7 5 7 24 24 28 148 167 79 14 14 7 1 |1 17 20 6 12 13 5 39 52 261 265 272 131 12 19 5 |7 6 10 8 17 8 15 12 20 100 239 267 144 11 8 11 |3 13 1 6 1 5 1 15 3 19 8 34 7 11 1 1 |7 5 24 10 4 1 1 11 1 1 23 24 17 1 2 1 |3 2 1 1 5 2 1 15 17 18 22 1 7 1 3 1 |2 2 7 1 4 1 15 13 17 15 1 22 2 12 1 1 |1 1 3 1 11 7 1 7 1 1 5 11 1 7 15 1 |2 1 8 7 2 1 3 3 3 18 17 7 1 1 1 2 |8 1 1 4 1 8 6 7 5 15 1 12 1 1 18 10 |
6914: 3 5 1 1 1 9 5 1 12 12 13 1 14 1 3 8 |9 6 1 1 1 1 9 10 16 13 5 9 18 1 1 5 |1 12 21 2 18 7 25 22 21 153 187 94 17 13 8 1 |1 13 24 5 4 21 22 42 70 267 259 268 131 7 18 4 |4 10 1 3 16 8 10 11 20 113 230 266 148 13 4 23 |1 20 2 15 1 1 1 15 8 11 12 48 9 12 1 1 |7 5 8 12 5 1 1 11 1 1 23 25 17 1 1 1 |1 12 1 1 1 3 8 14 19 18 18 1 7 1 4 1 |2 1 7 2 4 1 15 1 19 15 4 19 3 4 1 1 |1 2 7 1 11 2 1 1 1 1 14 8 1 19 3 1 |2 1 8 7 2 1 3 3 3 18 17 7 1 1 1 2 |8 1 1 4 1 8 6 7 5 15 1 12 1 1 18 10 |
6925: 3 5 1 1 1 9 5 1 12 12 13 1 14 1 3 8 |9 6 1 1 1 1 9 10 16 13 5 9 18 1 1 5 |1 12 21 2 18 7 25 22 21 153 187 94 17 13 8 1 |1 13 24 5 4 21 22 42 70 267 259 268 131 7 18 4 |4 10 1 3 16 8 10 11 20 113 230 266 148 13 4 23 |1 20 2 15 1 1 1 15 8 11 12 48 9 12 1 1 |7 5 8 12 5 1 1 11 1 1 23 25 17 1 1 1 |1 12 1 1 1 3 8 14 19 18 18 1 7 1 4 1 |2 1 7 2 4 1 15 1 19 15 4 19 3 4 1 1 |1 2 7 1 11 2 1 1 1 1 14 8 1 19 3 1 |2 7 2 6 1 1 2 7 1 21 17 7 8 1 8 9 |9 1 2 6 3 1 1 1 5 22 4 11 3 5 18 10 |
6936: 3 5 1 1 1 9 5 1 12 12 13 1 14 1 3 8 |9 6 1 1 1 1 9 10 16 13 5 9 18 1 1 5 |1 12 21 2 18 7 25 22 21 153 187 94 17 13 8 1 |1 13 24 5 4 21 22 42 70 267 259 268 131 7 18 4 |4 10 1 3 16 8 10 11 20 113 230 266 148 13 4 23 |1 20 2 15 1 1 1 15 8 11 12 48 9 12 1 1 |7 5 8 12 5 1 1 11 1 1 23 25 17 1 1 1 |1 12 1 1 1 3 8 14 19 18 18 1 7 1 4 1 |2 1 7 2 4 1 15 1 19 15 4 19 3 4 1 1 |1 2 7 1 11 2 1 1 1 1 14 8 1 19 3 1 |2 7 2 6 1 1 2 7 1 21 17 7 8 1 8 9 |9 1 2 6 3 1 1 1 5 22 4 11 3 5 18 10 |
6947: 2 1 2 1 1 7 12 4 14 9 15 8 15 1 4 4 |8 7 1 1 1 2 8 11 4 20 4 9 31 8 1 5 |1 4 20 8 18 17 26 23 25 164 189 97 15 14 4 1 |5 15 21 9 20 17 9 36 69 260 271 251 115 18 19 11 |5 15 13 1 19 6 18 12 14 137 251 266 143 14 9 16 |1 4 3 8 3 4 1 14 10 20 27 50 20 7 1 1 |9 4 8 12 4 1 1 10 4 1 24 18 8 1 1 1 |3 1 1 1 4 1 7 14 19 18 19 8 7 1 2 1 |1 7 6 1 4 1 15 1 19 15 1 21 2 1 2 1 |1 2 7 1 11 2 1 1 1 1 14 8 1 19 3 1 |2 7 2 6 1 1 2 7 1 21 17 7 8 1 8 9 |9 1 2 6 3 1 1 1 5 22 4 11 3 5 18 10 |
6958: 2 1 2 1 1 7 12 4 14 9 15 8 15 1 4 4 |8 7 1 1 1 2 8 11 4 20 4 9 31 8 1 5 |1 4 20 8 18 17 26 23 25 164 189 97 15 14 4 1 |5 15 21 9 20 17 9 36 69 260 271 251 115 18 19 11 |5 15 13 1 19 6 18 12 14 137 251 266 143 14 9 16 |1 4 3 8 3 4 1 14 10 20 27 50 20 7 1 1 |9 4 8 12 4 1 1 10 4 1 24 18 8 1 1 1 |3 1 1 1 4 1 7 14 19 18 19 8 7 1 2 1 |1 7 6 1 4 1 15 1 19 15 1 21 2 1 2 1 |1 2 4 2 1 1 1 6 1 1 7 11 1 14 15 1 |3 1 1 6 3 14 3 6 3 18 16 7 15 1 8 9 |20 1 1 6 1 7 1 6 13 23 7 13 1 1 17 10 |
6969: 2 1 2 1 1 7 12 4 14 9 15 8 15 1 4 4 |8 7 1 1 1 2 8 11 4 20 4 9 31 8 1 5 |1 4 20 8 18 17 26 23 25 164 189 97 15 14 4 1 |5 15 21 9 20 17 9 36 69 260 271 251 115 18 19 11 |5 15 13 1 19 6 18 12 14 137 251 266 143 14 9 16 |1 4 3 8 3 4 1 14 10 20 27 50 20 7 1 1 |9 4 8 12 4 1 1 10 4 1 24 18 8 1 1 1 |3 1 1 1 4 1 7 14 19 18 19 8 7 1 2 1 |1 7 6 1 4 1 15 1 19 15 1 21 2 1 2 1 |1 2 4 2 1 1 1 6 1 1 7 11 1 14 15 1 |3 1 1 6 3 14 3 6 3 18 16 7 15 1 8 9 |20 1 1 6 1 7 1 6 13 23 7 13 1 1 17 10 |
6980: 3 4 1 1 1 8 3 10 2 1 16 10 8 4 24 22 |8 7 1 1 1 1 8 11 4 24 5 8 23 1 1 5 |10 22 24 9 6 10 25 23 41 183 188 83 17 13 8 3 |3 13 12 1 20 15 1 41 94 269 272 271 123 18 9 12 |6 5 11 13 13 7 17 11 17 146 265 265 141 19 8 21 |2 10 3 12 1 1 1 7 12 21 18 61 16 12 3 2 |7 5 17 1 6 2 10 1 3 4 8 25 12 3 1 4 |1 12 1 1 1 3 8 14 20 18 18 1 7 1 2 2 |1 7 6 2 5 1 15 14 13 16 1 21 2 12 1 3 |1 2 4 2 1 1 1 6 1 1 7 11 1 14 15 1 |3 1 1 6 3 14 3 6 3 18 16 7 15 1 8 9 |20 1 1 6 1 7 1 6 13 23 7 13 1 1 17 10 |
6991: 3 4 1 1 1 8 3 10 2 1 16 10 8 4 24 22 |8 7 1 1 1 1 8 11 4 24 5 8 23 1 1 5 |10 22 24 9 6 10 25 23 41 183 188 83 17 13 8 3 |3 13 12 1 20 15 1 41 94 269 272 271 123 18 9 12 |6 5 11 13 13 7 17 11 17 146 265 265 141 19 8 21 |2 10 3 12 1 1 1 7 12 21 18 61 16 12 3 2 |7 5 17 1 6 2 10 1 3 4 8 25 12 3 1 4 |1 12 1 1 1 3 8 14 20 18 18 1 7 1 2 2 |1 7 6 2 5 1 15 14 13 16 1 21 2 12 1 3 |2 2 4 2 2 1 1 6 2 1 10 11 1 19 3 1 |2 7 1 7 15 8 2 7 1 20 17 8 13 1 7 9 |16 1 1 5 1 7 1 7 6 15 13 10 1 1 18 10 |
7002: 3 4 1 1 1 8 3 10 2 1 16 10 8 4 24 22 |8 7 1 1 1 1 8 11 4 24 5 8 23 1 1 5 |10 22 24 9 6 10 25 23 41 183 188 83 17 13 8 3 |3 13 12 1 20 15 1 41 94 269 272 271 123 18 9 12 |6 5 11 13 13 7 17 11 17 146 265 265 141 19 8 21 |2 10 3 12 1 1 1 7 12 21 18 61 16 12 3 2 |7 5 17 1 6 2 10 1 3 4 8 25 12 3 1 4 |1 12 1 1 1 3 8 14 20 18 18 1 7 1 2 2 |1 7 6 2 5 1 15 14 13 16 1 21 2 12 1 3 |2 2 4 2 2 1 1 6 2 1 10 11 1 19 3 1 |2 7 1 7 15 8 2 7 1 20 17 8 13 1 7 9 |16 1 1 5 1 7 1 7 6 15 13 10 1 1 18 10 |
7012: 2 3 1 1 1 12 14 1 13 11 8 1 5 2 22 9 |11 7 1 6 10 5 9 11 7 23 5 10 23 1 1 6 |10 13 20 9 6 11 17 18 31 183 190 88 15 11 8 1 |6 22 23 11 12 10 5 37 92 261 271 270 123 17 17 5 |1 18 2 5 17 8 16 2 18 144 251 261 138 26 8 22 |1 13 1 2 1 1 1 16 6 24 27 49 18 11 4 1 |7 5 18 12 6 1 1 11 2 1 23 24 17 1 1 1 |1 1 1 1 1 3 8 13 21 18 18 1 6 1 3 1 |1 7 6 2 5 1 15 14 13 16 1 21 2 12 1 3 |2 2 4 2 2 1 1 6 2 1 10 11 1 19 3 1 |2 7 1 7 15 8 2 7 1 20 17 8 13 1 7 9 |16 1 1 5 1 7 1 7 6 15 13 10 1 1 18 10 |
7023: 2 3 1 1 1 12 14 1 13 11 8 1 5 2 22 9 |11 7 1 6 10 5 9 11 7 23 5 10 23 1 1 6 |10 13 20 9 6 11 17 18 31 183 190 88 15 11 8 1 |6 22 23 11 12 10 5 37 92 261 271 270 123 17 17 5 |1 18 2 5 17 8 16 2 18 144 251 261 138 26 8 22 |1 13 1 2 1 1 1 16 6 24 27 49 18 11 4 1 |7 5 18 12 6 1 1 11 2 1 23 24 17 1 1 1 |1 1 1 1 1 3 8 13 21 18 18 1 6 1 3 1 |1 3 7 2 1 1 16 2 18 15 1 20 1 1 1 7 |1 3 4 1 11 2 2 7 1 1 6 11 1 14 3 1 |1 8 7 2 3 13 2 8 1 21 18 7 16 1 1 2 |8 8 2 7 1 1 1 7 6 16 4 12 1 1 17 15 |
7033: 2 3 1 1 1 12 14 1 13 11 8 1 5 2 22 9 |11 7 1 6 10 5 9 11 7 23 5 10 23 1 1 6 |10 13 20 9 6 11 17 18 31 183 190 88 15 11 8 1 |6 22 23 11 12 10 5 37 92 261 271 270 123 17 17 5 |1 18 2 5 17 8 16 2 18 144 251 261 138 26 8 22 |1 13 1 2 1 1 1 16 6 24 27 49 18 11 4 1 |7 5 18 12 6 1 1 11 2 1 23 24 17 1 1 1 |1 1 1 1 1 3 8 13 21 18 18 1 6 1 3 1 |1 3 7 2 1 1 16 2 18 15 1 20 1 1 1 7 |1 3 4 1 11 2 2 7 1 1 6 11 1 14 3 1 |1 8 7 2 3 13 2 8 1 21 18 7 16 1 1 2 |8 8 2 7 1 1 1 7 6 16 4 12 1 1 17 15 |
7044: 2 10 1 1 1 11 13 8 2 12 15 1 14 1 4 9 |10 4 1 1 9 5 9 7 15 12 5 10 31 1 1 6 |10 13 20 8 2 10 14 26 35 165 182 75 16 12 7 1 |4 16 24 4 13 10 2 39 68 271 264 276 131 8 9 1 |3 19 1 4 11 10 7 12 17 135 244 264 129 19 6 6 |2 11 2 10 1 3 6 15 10 21 27 51 15 1 1 1 |7 5 10 13 5 1 1 11 2 1 24 18 9 1 1 1 |1 13 1 1 1 3 8 12 20 18 20 4 6 1 3 7 |1 3 7 2 1 1 16 2 18 15 1 20 1 1 1 7 |1 3 4 1 11 2 2 7 1 1 6 11 1 14 3 1 |1 8 7 2 3 13 2 8 1 21 18 7 16 1 1 2 |8 8 2 7 1 1 1 7 6 16 4 12 1 1 17 15 |
7054: 2 10 1 1 1 11 13 8 2 12 15 1 14 1 4 9 |10 4 1 1 9 5 9 7 15 12 5 10 31 1 1 6 |10 13 20 8 2 10 14 26 35 165 182 75 16 12 7 1 |4 16 24 4 13 10 2 39 68 271 264 276 131 8 9 1 |3 19 1 4 11 10 7 12 17 135 244 264 129 19 6 6 |2 11 2 10 1 3 6 15 10 21 27 51 15 1 1 1 |7 5 10 13 5 1 1 11 2 1 24 18 9 1 1 1 |1 13 1 1 1 3 8 12 20 18 20 4 6 1 3 7 |3 1 1 1 2 1 15 1 18 15 1 20 2 4 2 2 |1 2 2 3 11 2 1 7 1 1 10 10 1 19 2 1 |4 7 7 6 2 2 3 8 1 20 17 8 13 1 7 14 |12 1 1 6 1 8 1 3 6 16 1 13 1 6 18 10 |
7065: 2 10 1 1 1 11 13 8 2 12 15 1 14 1 4 9 |10 4 1 1 9 5 9 7 15 12 5 10 31 1 1 6 |10 13 20 8 2 10 14 26 35 165 182 75 16 12 7 1 |4 16 24 4 13 10 2 39 68 271 264 276 131 8 9 1 |3 19 1 4 11 10 7 12 17 135 244 264 129 19 6 6 |2 11 2 10 1 3 6 15 10 21 27 51 15 1 1 1 |7 5 10 13 5 1 1 11 2 1 24 18 9 1 1 1 |1 13 1 1 1 3 8 12 20 18 20 4 6 1 3 7 |3 1 1 1 2 1 15 1 18 15 1 20 2 4 2 2 |1 2 2 3 11 2 1 7 1 1 10 10 1 19 2 1 |4 7 7 6 2 2 3 8 1 20 17 8 13 1 7 14 |12 1 1 6 1 8 1 3 6 16 1 13 1 6 18 10 |
7076: 1 3 1 1 1 10 8 1 1 9 13 1 13 1 18 9 |9 7 1 1 1 2 8 7 14 6 3 8 31 1 1 5 |11 13 1 4 12 15 21 12 24 49 80 35 15 11 1 5 |5 16 24 9 15 16 5 38 31 130 274 232 38 17 4 10 |1 9 8 3 2 6 3 1 21 57 163 180 50 12 1 16 |2 12 3 7 1 1 8 9 16 20 20 25 3 1 1 1 |6 5 3 1 6 1 1 11 2 11 17 9 19 1 1 1 |1 13 1 1 6 1 7 14 20 16 19 4 6 1 4 1 |3 1 1 1 2 1 15 1 18 15 1 20 2 4 2 2 |1 2 2 3 11 2 1 7 1 1 10 10 1 19 2 1 |4 7 7 6 2 2 3 8 1 20 17 8 13 1 7 14 |12 1 1 6 1 8 1 3 6 16 1 13 1 6 18 10 |
7088: 1 3 1 1 1 10 8 1 1 9 13 1 13 1 18 9 |9 7 1 1 1 2 8 7 14 6 3 8 31 1 1 5 |11 13 1 4 12 15 21 12 24 49 80 35 15 11 1 5 |5 16 24 9 15 16 5 38 31 130 274 232 38 17 4 10 |1 9 8 3 2 6 3 1 21 57 163 180 50 12 1 16 |2 12 3 7 1 1 8 9 16 20 20 25 3 1 1 1 |6 5 3 1 6 1 1 11 2 11 17 9 19 1 1 1 |1 13 1 1 6 1 7 14 20 16 19 4 6 1 4 1 |1 7 6 2 3 2 16 7 18 14 2 18 2 12 1 2 |1 1 2 3 11 2 1 8 1 4 18 1 6 11 3 1 |2 1 8 6 2 1 1 1 4 17 12 1 1 1 1 2 |12 1 1 5 1 7 1 8 6 3 8 1 1 6 5 17 |
7098: 1 3 1 1 1 10 8 1 1 9 13 1 13 1 18 9 |9 7 1 1 1 2 8 7 14 6 3 8 31 1 1 5 |11 13 1 4 12 15 21 12 24 49 80 35 15 11 1 5 |5 16 24 9 15 16 5 38 31 130 274 232 38 17 4 10 |1 9 8 3 2 6 3 1 21 57 163 180 50 12 1 16 |2 12 3 7 1 1 8 9 16 20 20 25 3 1 1 1 |6 5 3 1 6 1 1 11 2 11 17 9 19 1 1 1 |1 13 1 1 6 1 7 14 20 16 19 4 6 1 4 1 |1 7 6 2 3 2 16 7 18 14 2 18 2 12 1 2 |1 1 2 3 11 2 1 8 1 4 18 1 6 11 3 1 |2 1 8 6 2 1 1 1 4 17 12 1 1 1 1 2 |12 1 1 5 1 7 1 8 6 3 8 1 1 6 5 17 |
7109: 2 3 4 1 1 7 1 1 1 3 1 1 13 1 3 9 |1 7 1 1 1 1 14 17 1 4 1 16 24 1 1 2 |12 16 17 6 1 1 24 9 12 8 11 9 5 5 1 3 |1 7 16 1 1 10 12 33 3 20 6 20 5 7 1 2 |1 8 1 14 7 6 3 1 5 17 13 11 12 9 1 1 |1 17 4 8 1 11 9 4 15 20 11 2 10 3 4 1 |6 5 3 1 6 1 1 11 2 11 17 9 19 1 1 1 |1 13 1 1 6 1 7 14 20 16 19 4 6 1 4 1 |1 7 6 2 3 2 16 7 18 14 2 18 2 12 1 2 |1 1 2 3 11 2 1 8 1 4 18 1 6 11 3 1 |2 1 8 6 2 1 1 1 4 17 12 1 1 1 1 2 |12 1 1 5 1 7 1 8 6 3 8 1 1 6 5 17 |
7120: 2 3 4 1 1 7 1 1 1 3 1 1 13 1 3 9 |1 7 1 1 1 1 14 17 1 4 1 16 24 1 1 2 |12 16 17 6 1 1 24 9 12 8 11 9 5 5 1 3 |1 7 16 1 1 10 12 33 3 20 6 20 5 7 1 2 |1 8 1 14 7 6 3 1 5 17 13 11 12 9 1 1 |1 17 4 8 1 11 9 4 15 20 11 2 10 3 4 1 |7 5 6 1 1 1 11 1 1 10 16 8 18 1 1 1 |1 2 1 1 1 3 2 16 21 17 19 1 6 1 4 1 |3 2 9 2 1 2 15 1 19 10 2 13 3 11 1 2 |1 1 16 2 11 2 1 7 1 4 15 1 6 12 3 1 |3 1 8 8 2 1 1 3 3 17 12 1 14 1 9 14 |9 7 1 1 1 1 1 1 5 2 9 6 1 1 17 15 |
7130: 2 3 4 1 1 7 1 1 1 3 1 1 13 1 3 9 |1 7 1 1 1 1 14 17 1 4 1 16 24 1 1 2 |12 16 17 6 1 1 24 9 12 8 11 9 5 5 1 3 |1 7 16 1 1 10 12 33 3 20 6 20 5 7 1 2 |1 8 1 14 7 6 3 1 5 17 13 11 12 9 1 1 |1 17 4 8 1 11 9 4 15 20 11 2 10 3 4 1 |7 5 6 1 1 1 11 1 1 10 16 8 18 1 1 1 |1 2 1 1 1 3 2 16 21 17 19 1 6 1 4 1 |3 2 9 2 1 2 15 1 19 10 2 13 3 11 1 2 |1 1 16 2 11 2 1 7 1 4 15 1 6 12 3 1 |3 1 8 8 2 1 1 3 3 17 12 1 14 1 9 14 |9 7 1 1 1 1 1 1 5 2 9 6 1 1 17 15 |
7172: 1 11 2 1 1 1 1 1 1 3 1 1 13 1 1 3 |9 5 1 1 1 1 15 14 8 7 2 14 16 1 3 7 |11 13 16 6 1 14 23 9 11 10 9 1 1 1 2 1 |1 7 17 1 1 1 5 33 2 7 19 16 6 1 1 3 |1 8 7 14 2 8 12 18 29 33 12 9 8 1 3 2 |2 13 1 6 10 3 1 32 36 44 19 8 10 1 2 1 |7 5 7 1 7 1 1 1 18 17 31 18 16 7 1 3 |1 2 1 1 1 3 2 16 21 17 19 1 6 1 4 1 |3 2 9 2 1 2 15 1 19 10 2 13 3 11 1 2 |1 1 16 2 11 2 1 7 1 4 15 1 6 12 3 1 |3 1 8 8 2 1 1 3 3 17 12 1 14 1 9 14 |9 7 1 1 1 1 1 1 5 2 9 6 1 1 17 15 |
7183: 1 11 2 1 1 1 1 1 1 3 1 1 13 1 1 3 |9 5 1 1 1 1 15 14 8 7 2 14 16 1 3 7 |11 13 16 6 1 14 23 9 11 10 9 1 1 1 2 1 |1 7 17 1 1 1 5 33 2 7 19 16 6 1 1 3 |1 8 7 14 2 8 12 18 29 33 12 9 8 1 3 2 |2 13 1 6 10 3 1 32 36 44 19 8 10 1 2 1 |7 5 7 1 7 1 1 1 18 17 31 18 16 7 1 3 |3 1 1 1 1 1 7 10 11 9 21 3 6 1 1 1 |2 1 6 2 1 1 16 9 19 15 3 8 2 5 2 7 |1 1 2 4 12 7 2 7 1 1 8 1 1 11 1 1 |2 7 1 2 2 1 2 2 4 18 20 1 1 2 1 2 |12 1 1 6 1 7 6 3 14 24 12 6 1 8 16 18 |
7193: 1 11 2 1 1 1 1 1 1 3 1 1 13 1 1 3 |9 5 1 1 1 1 15 14 8 7 2 14 16 1 3 7 |11 13 16 6 1 14 23 9 11 10 9 1 1 1 2 1 |1 7 17 1 1 1 5 33 2 7 19 16 6 1 1 3 |1 8 7 14 2 8 12 18 29 33 12 9 8 1 3 2 |2 13 1 6 10 3 1 32 36 44 19 8 10 1 2 1 |7 5 7 1 7 1 1 1 18 17 31 18 16 7 1 3 |3 1 1 1 1 1 7 10 11 9 21 3 6 1 1 1 |2 1 6 2 1 1 16 9 19 15 3 8 2 5 2 7 |1 1 2 4 12 7 2 7 1 1 8 1 1 11 1 1 |2 7 1 2 2 1 2 2 4 18 20 1 1 2 1 2 |12 1 1 6 1 7 6 3 14 24 12 6 1 8 16 18 |
7203: 1 2 3 1 1 1 1 1 1 4 4 1 1 1 11 8 |9 6 1 1 1 2 17 14 1 4 1 14 24 1 1 5 |12 13 10 7 1 10 24 18 5 12 9 5 7 6 1 1 |1 7 17 1 1 1 5 33 2 7 19 16 6 1 1 3 |1 8 7 14 2 8 12 18 29 33 12 9 8 1 3 2 |2 13 1 6 10 3 1 32 36 44 19 8 10 1 2 1 |7 5 7 1 7 1 1 1 18 17 31 18 16 7 1 3 |3 1 1 1 1 1 7 10 11 9 21 3 6 1 1 1 |2 1 6 2 1 1 16 9 19 15 3 8 2 5 2 7 |1 1 2 4 12 7 2 7 1 1 8 1 1 11 1 1 |2 7 1 2 2 1 2 2 4 18 20 1 1 2 1 2 |12 1 1 6 1 7 6 3 14 24 12 6 1 8 16 18 |
7214: 1 2 3 1 1 1 1 1 1 4 4 1 1 1 11 8 |9 6 1 1 1 2 17 14 1 4 1 14 24 1 1 5 |12 13 10 7 1 10 24 18 5 12 9 5 7 6 1 1 |1 12 16 1 5 9 12 42 25 23 20 16 1 1 1 2 |3 17 2 15 22 15 21 172 256 205 41 9 11 4 1 22 |4 11 1 9 4 20 4 106 275 281 166 16 2 1 1 16 |7 12 25 11 1 1 7 1 78 169 79 23 16 1 1 1 |1 1 1 1 3 3 9 17 17 18 9 1 6 1 3 1 |1 1 5 2 1 1 15 6 21 6 4 17 3 7 1 1 |1 2 4 3 10 1 1 1 1 1 18 1 5 12 15 1 |2 6 1 8 3 14 3 2 1 21 22 8 1 1 1 14 |1 1 1 6 1 1 1 9 14 23 4 1 2 5 18 10 |
7224: 1 2 3 1 1 1 1 1 1 4 4 1 1 1 11 8 |9 6 1 1 1 2 17 14 1 4 1 14 24 1 1 5 |12 13 10 7 1 10 24 18 5 12 9 5 7 6 1 1 |1 12 16 1 5 9 12 42 25 23 20 16 1 1 1 2 |3 17 2 15 22 15 21 172 256 205 41 9 11 4 1 22 |4 11 1 9 4 20 4 106 275 281 166 16 2 1 1 16 |7 12 25 11 1 1 7 1 78 169 79 23 16 1 1 1 |1 1 1 1 3 3 9 17 17 18 9 1 6 1 3 1 |1 1 5 2 1 1 15 6 21 6 4 17 3 7 1 1 |1 2 4 3 10 1 1 1 1 1 18 1 5 12 15 1 |2 6 1 8 3 14 3 2 1 21 22 8 1 1 1 14 |1 1 1 6 1 1 1 9 14 23 4 1 2 5 18 10 |
7235: 3 1 1 1 1 2 1 9 1 3 7 1 7 1 10 8 |9 6 1 1 1 2 17 14 1 4 1 14 24 1 1 5 |12 13 10 7 1 10 24 18 5 12 9 5 7 6 1 1 |1 12 16 1 5 9 12 42 25 23 20 16 1 1 1 2 |3 17 2 15 22 15 21 172 256 205 41 9 11 4 1 22 |4 11 1 9 4 20 4 106 275 281 166 16 2 1 1 16 |7 12 25 11 1 1 7 1 78 169 79 23 16 1 1 1 |1 1 1 1 3 3 9 17 17 18 9 1 6 1 3 1 |1 1 5 2 1 1 15 6 21 6 4 17 3 7 1 1 |1 2 4 3 10 1 1 1 1 1 18 1 5 12 15 1 |2 6 1 8 3 14 3 2 1 21 22 8 1 1 1 14 |1 1 1 6 1 1 1 9 14 23 4 1 2 5 18 10 |
7247: 3 1 1 1 1 2 1 9 1 3 7 1 7 1 10 8 |9 6 1 1 1 6 7 17 6 9 1 16 24 1 8 7 |10 16 18 7 1 22 24 16 11 13 11 1 8 4 1 4 |1 13 15 1 5 22 19 69 83 23 20 17 1 1 1 1 |5 18 4 8 12 15 36 214 270 241 85 1 17 7 1 24 |10 23 10 25 20 23 15 140 259 272 201 21 5 9 5 1 |9 11 21 18 7 2 4 1 70 177 85 26 9 2 1 1 |1 1 1 1 9 1 9 19 30 24 21 1 6 1 3 2 |2 9 7 2 5 1 15 7 21 19 1 6 1 1 1 2 |1 2 8 2 12 1 1 1 3 1 18 1 6 12 15 1 |2 6 1 8 3 14 3 2 1 21 22 8 1 1 1 14 |1 1 1 6 1 1 1 9 14 23 4 1 2 5 18 10 |
7258: 3 1 1 1 1 2 1 9 1 3 7 1 7 1 10 8 |9 6 1 1 1 6 7 17 6 9 1 16 24 1 8 7 |10 16 18 7 1 22 24 16 11 13 11 1 8 4 1 4 |1 13 15 1 5 22 19 69 83 23 20 17 1 1 1 1 |5 18 4 8 12 15 36 214 270 241 85 1 17 7 1 24 |10 23 10 25 20 23 15 140 259 272 201 21 5 9 5 1 |9 11 21 18 7 2 4 1 70 177 85 26 9 2 1 1 |1 1 1 1 9 1 9 19 30 24 21 1 6 1 3 2 |2 9 7 2 5 1 15 7 21 19 1 6 1 1 1 2 |1 2 8 2 12 1 1 1 3 1 18 1 6 12 15 1 |2 1 1 9 15 12 2 3 1 7 21 2 1 1 1 2 |10 1 1 6 1 1 1 8 21 21 4 1 2 5 4 17 |
7268: 2 1 4 1 1 10 3 9 1 3 6 1 1 1 22 9 |9 6 1 1 1 6 7 17 6 9 1 16 24 1 8 7 |10 16 18 7 1 22 24 16 11 13 11 1 8 4 1 4 |1 13 15 1 5 22 19 69 83 23 20 17 1 1 1 1 |5 18 4 8 12 15 36 214 270 241 85 1 17 7 1 24 |10 23 10 25 20 23 15 140 259 272 201 21 5 9 5 1 |9 11 21 18 7 2 4 1 70 177 85 26 9 2 1 1 |1 1 1 1 9 1 9 19 30 24 21 1 6 1 3 2 |2 9 7 2 5 1 15 7 21 19 1 6 1 1 1 2 |1 2 8 2 12 1 1 1 3 1 18 1 6 12 15 1 |2 1 1 9 15 12 2 3 1 7 21 2 1 1 1 2 |10 1 1 6 1 1 1 8 21 21 4 1 2 5 4 17 |
7278: 2 1 4 1 1 10 3 9 1 3 6 1 1 1 22 9 |9 6 1 14 2 2 17 18 7 9 1 16 24 1 1 6 |3 21 16 7 1 21 25 17 17 13 11 1 8 2 1 5 |1 1 21 1 5 14 12 91 120 37 19 17 1 4 1 1 |6 17 2 2 11 16 35 230 257 261 93 11 16 16 5 10 |5 24 12 22 13 3 12 131 271 277 214 19 1 14 1 1 |9 13 26 11 1 1 10 10 55 152 80 12 17 10 1 1 |2 2 2 1 4 1 10 18 29 29 10 4 6 1 4 6 |2 9 7 2 5 1 15 7 21 19 1 6 1 1 1 2 |1 2 8 2 12 1 1 1 3 1 18 1 6 12 15 1 |2 1 1 9 15 12 2 3 1 7 21 2 1 1 1 2 |10 1 1 6 1 1 1 8 21 21 4 1 2 5 4 17 |
7288: 2 1 4 1 1 10 3 9 1 3 6 1 1 1 22 9 |9 6 1 14 2 2 17 18 7 9 1 16 24 1 1 6 |3 21 16 7 1 21 25 17 17 13 11 1 8 2 1 5 |1 1 21 1 5 14 12 91 120 37 19 17 1 4 1 1 |6 17 2 2 11 16 35 230 257 261 93 11 16 16 5 10 |5 24 12 22 13 3 12 131 271 277 214 19 1 14 1 1 |9 13 26 11 1 1 10 10 55 152 80 12 17 10 1 1 |2 2 2 1 4 1 10 18 29 29 10 4 6 1 4 6 |2 10 7 2 4 1 15 6 21 18 3 17 1 11 1 11 |1 2 4 3 11 1 1 1 1 1 18 1 6 12 3 1 |3 1 8 9 6 14 1 9 4 8 21 7 1 1 7 14 |5 1 1 6 2 1 1 9 14 23 4 1 1 1 17 18 |
7299: 2 1 4 1 1 10 3 9 1 3 6 1 1 1 22 9 |9 6 1 14 2 2 17 18 7 9 1 16 24 1 1 6 |3 21 16 7 1 21 25 17 17 13 11 1 8 2 1 5 |1 1 21 1 5 14 12 91 120 37 19 17 1 4 1 1 |6 17 2 2 11 16 35 230 257 261 93 11 16 16 5 10 |5 24 12 22 13 3 12 131 271 277 214 19 1 14 1 1 |9 13 26 11 1 1 10 10 55 152 80 12 17 10 1 1 |2 2 2 1 4 1 10 18 29 29 10 4 6 1 4 6 |2 10 7 2 4 1 15 6 21 18 3 17 1 11 1 11 |1 2 4 3 11 1 1 1 1 1 18 1 6 12 3 1 |3 1 8 9 6 14 1 9 4 8 21 7 1 1 7 14 |5 1 1 6 2 1 1 9 14 23 4 1 1 1 17 18 |
7309: 1 1 4 1 1 7 1 1 14 1 7 1 11 3 16 2 |8 6 1 1 5 2 4 19 8 9 1 15 23 1 6 7 |10 8 8 7 1 21 26 23 18 9 9 1 8 2 1 4 |3 14 17 3 18 24 27 116 129 38 22 18 7 2 8 1 |6 17 19 13 23 15 35 241 265 264 111 3 17 12 3 21 |5 29 5 10 18 18 10 143 269 272 217 18 8 8 1 1 |7 13 25 11 1 1 5 1 71 164 91 23 13 7 1 1 |2 2 2 1 4 1 10 18 29 29 10 4 6 1 4 6 |2 10 7 2 4 1 15 6 21 18 3 17 1 11 1 11 |1 2 4 3 11 1 1 1 1 1 18 1 6 12 3 1 |3 1 8 9 6 14 1 9 4 8 21 7 1 1 7 14 |5 1 1 6 2 1 1 9 14 23 4 1 1 1 17 18 |
7320: 1 1 4 1 1 7 1 1 14 1 7 1 11 3 16 2 |8 6 1 1 5 2 4 19 8 9 1 15 23 1 6 7 |10 8 8 7 1 21 26 23 18 9 9 1 8 2 1 4 |3 14 17 3 18 24 27 116 129 38 22 18 7 2 8 1 |6 17 19 13 23 15 35 241 265 264 111 3 17 12 3 21 |5 29 5 10 18 18 10 143 269 272 217 18 8 8 1 1 |7 13 25 11 1 1 5 1 71 164 91 23 13 7 1 1 |2 13 1 2 1 4 9 22 25 28 21 1 6 1 3 2 |1 9 7 2 1 1 16 11 21 19 1 18 2 6 1 3 |1 2 7 3 11 2 1 1 1 1 18 1 6 12 15 1 |2 7 1 7 7 14 2 3 1 9 23 3 1 1 1 14 |10 1 1 6 1 1 1 9 15 22 4 1 2 5 18 15 |
7331: 1 1 4 1 1 7 1 1 14 1 7 1 11 3 16 2 |8 6 1 1 5 2 4 19 8 9 1 15 23 1 6 7 |10 8 8 7 1 21 26 23 18 9 9 1 8 2 1 4 |3 14 17 3 18 24 27 116 129 38 22 18 7 2 8 1 |6 17 19 13 23 15 35 241 265 264 111 3 17 12 3 21 |5 29 5 10 18 18 10 143 269 272 217 18 8 8 1 1 |7 13 25 11 1 1 5 1 71 164 91 23 13 7 1 1 |2 13 1 2 1 4 9 22 25 28 21 1 6 1 3 2 |1 9 7 2 1 1 16 11 21 19 1 18 2 6 1 3 |1 2 7 3 11 2 1 1 1 1 18 1 6 12 15 1 |2 7 1 7 7 14 2 3 1 9 23 3 1 1 1 14 |10 1 1 6 1 1 1 9 15 22 4 1 2 5 18 15 |
7341: 2 3 1 1 1 1 1 1 13 9 7 2 5 3 16 4 |9 6 3 6 1 3 16 12 1 9 1 15 24 1 1 6 |11 21 17 7 5 23 26 17 18 12 11 1 6 3 1 4 |1 13 23 1 4 26 29 109 129 34 3 17 6 4 2 1 |6 5 11 3 7 14 41 231 250 258 110 17 17 11 1 20 |5 29 5 10 18 18 10 143 269 272 217 18 8 8 1 1 |7 13 25 11 1 1 5 1 71 164 91 23 13 7 1 1 |2 13 1 2 1 4 9 22 25 28 21 1 6 1 3 2 |1 9 7 2 1 1 16 11 21 19 1 18 2 6 1 3 |1 2 7 3 11 2 1 1 1 1 18 1 6 12 15 1 |2 7 1 7 7 14 2 3 1 9 23 3 1 1 1 14 |10 1 1 6 1 1 1 9 15 22 4 1 2 5 18 15 |
7352: 2 3 1 1 1 1 1 1 13 9 7 2 5 3 16 4 |9 6 3 6 1 3 16 12 1 9 1 15 24 1 1 6 |11 21 17 7 5 23 26 17 18 12 11 1 6 3 1 4 |1 13 23 1 4 26 29 109 129 34 3 17 6 4 2 1 |6 5 11 3 7 14 41 231 250 258 110 17 17 11 1 20 |5 25 9 22 13 22 16 152 267 265 205 20 5 8 4 11 |9 19 21 13 1 9 5 1 58 170 91 25 12 1 1 1 |2 1 10 1 1 1 8 21 23 16 9 1 6 1 4 1 |3 2 6 1 4 1 7 14 20 19 1 4 2 11 1 2 |1 2 4 1 3 1 1 1 3 1 18 1 6 12 3 1 |1 7 5 2 2 13 3 3 1 6 21 3 2 1 8 10 |7 1 1 6 1 8 1 11 15 22 4 1 1 5 19 10 |
7363: 2 3 1 1 1 1 1 1 13 9 7 2 5 3 16 4 |9 6 3 6 1 3 16 12 1 9 1 15 24 1 1 6 |11 21 17 7 5 23 26 17 18 12 11 1 6 3 1 4 |1 13 23 1 4 26 29 109 129 34 3 17 6 4 2 1 |6 5 11 3 7 14 41 231 250 258 110 17 17 11 1 20 |5 25 9 22 13 22 16 152 267 265 205 20 5 8 4 11 |9 19 21 13 1 9 5 1 58 170 91 25 12 1 1 1 |2 1 10 1 1 1 8 21 23 16 9 1 6 1 4 1 |3 2 6 1 4 1 7 14 20 19 1 4 2 11 1 2 |1 2 4 1 3 1 1 1 3 1 18 1 6 12 3 1 |1 7 5 2 2 13 3 3 1 6 21 3 2 1 8 10 |7 1 1 6 1 8 1 11 15 22 4 1 1 5 19 10 |
7374: 3 11 1 1 1 2 1 1 1 1 7 2 7 1 3 9 |9 6 1 1 1 7 3 6 11 9 1 16 24 1 1 5 |12 19 8 7 1 24 21 19 12 12 5 1 8 1 1 4 |1 12 13 4 20 20 13 91 112 38 13 17 4 1 1 1 |9 15 1 17 10 14 29 240 259 250 102 12 14 1 1 6 |5 25 9 22 13 22 16 152 267 265 205 20 5 8 4 11 |9 19 21 13 1 9 5 1 58 170 91 25 12 1 1 1 |2 1 10 1 1 1 8 21 23 16 9 1 6 1 4 1 |3 2 6 1 4 1 7 14 20 19 1 4 2 11 1 2 |1 2 4 1 3 1 1 1 3 1 18 1 6 12 3 1 |1 7 5 2 2 13 3 3 1 6 21 3 2 1 8 10 |7 1 1 6 1 8 1 11 15 22 4 1 1 5 19 10 |
7384: 3 11 1 1 1 2 1 1 1 1 7 2 7 1 3 9 |9 6 1 1 1 7 3 6 11 9 1 16 24 1 1 5 |12 19 8 7 1 24 21 19 12 12 5 1 8 1 1 4 |1 12 13 4 20 20 13 91 112 38 13 17 4 1 1 1 |9 15 1 17 10 14 29 240 259 250 102 12 14 1 1 6 |6 27 11 22 16 20 17 149 270 263 220 20 5 8 1 1 |8 1 16 4 1 8 1 1 61 179 105 13 19 1 1 1 |3 14 4 1 1 1 5 14 29 22 9 1 6 1 4 2 |3 2 10 1 4 2 15 7 26 6 4 17 4 6 3 8 |1 1 3 2 11 7 1 1 3 1 18 1 7 12 3 1 |2 7 1 8 2 1 3 3 1 7 21 7 1 1 8 9 |8 1 1 5 1 6 1 9 15 23 11 7 2 6 5 17 |
7395: 3 11 1 1 1 2 1 1 1 1 7 2 7 1 3 9 |9 6 1 1 1 7 3 6 11 9 1 16 24 1 1 5 |12 19 8 7 1 24 21 19 12 12 5 1 8 1 1 4 |1 12 13 4 20 20 13 91 112 38 13 17 4 1 1 1 |9 15 1 17 10 14 29 240 259 250 102 12 14 1 1 6 |6 27 11 22 16 20 17 149 270 263 220 20 5 8 1 1 |8 1 16 4 1 8 1 1 61 179 105 13 19 1 1 1 |3 14 4 1 1 1 5 14 29 22 9 1 6 1 4 2 |3 2 10 1 4 2 15 7 26 6 4 17 4 6 3 8 |1 1 3 2 11 7 1 1 3 1 18 1 7 12 3 1 |2 7 1 8 2 1 3 3 1 7 21 7 1 1 8 9 |8 1 1 5 1 6 1 9 15 23 11 7 2 6 5 17 |
7406: 1 11 1 1 1 6 1 1 14 9 4 1 12 2 18 9 |9 6 1 1 8 1 8 19 7 9 3 14 22 1 1 6 |11 15 17 7 5 23 26 14 12 12 11 2 9 4 1 3 |2 13 21 1 6 24 13 72 109 32 14 15 4 1 1 1 |9 15 1 17 10 14 29 240 259 250 102 12 14 1 1 6 |6 27 11 22 16 20 17 149 270 263 220 20 5 8 1 1 |8 1 16 4 1 8 1 1 61 179 105 13 19 1 1 1 |3 14 4 1 1 1 5 14 29 22 9 1 6 1 4 2 |3 2 10 1 4 2 15 7 26 6 4 17 4 6 3 8 |1 1 3 2 11 7 1 1 3 1 18 1 7 12 3 1 |2 7 1 8 2 1 3 3 1 7 21 7 1 1 8 9 |8 1 1 5 1 6 1 9 15 23 11 7 2 6 5 17 |
7417: 1 11 1 1 1 6 1 1 14 9 4 1 12 2 18 9 |9 6 1 1 8 1 8 19 7 9 3 14 22 1 1 6 |11 15 17 7 5 23 26 14 12 12 11 2 9 4 1 3 |2 13 21 1 6 24 13 72 109 32 14 15 4 1 1 1 |5 26 4 10 6 17 42 224 260 238 82 1 15 9 5 22 |6 25 9 16 16 10 4 132 258 263 209 20 6 7 3 1 |8 13 10 5 1 1 1 1 59 177 107 14 6 1 1 1 |3 1 1 1 1 1 10 20 30 24 9 1 6 1 4 7 |2 2 11 1 6 1 15 6 13 19 1 18 2 6 2 3 |1 2 7 3 11 5 1 1 1 2 19 1 6 12 3 1 |1 1 9 7 5 15 3 3 1 21 22 8 2 1 7 15 |8 1 1 5 1 6 1 9 15 23 11 7 2 6 5 17 |
7427: 1 11 1 1 1 6 1 1 14 9 4 1 12 2 18 9 |9 6 1 1 8 1 8 19 7 9 3 14 22 1 1 6 |11 15 17 7 5 23 26 14 12 12 11 2 9 4 1 3 |2 13 21 1 6 24 13 72 109 32 14 15 4 1 1 1 |5 26 4 10 6 17 42 224 260 238 82 1 15 9 5 22 |6 25 9 16 16 10 4 132 258 263 209 20 6 7 3 1 |8 13 10 5 1 1 1 1 59 177 107 14 6 1 1 1 |3 1 1 1 1 1 10 20 30 24 9 1 6 1 4 7 |2 2 11 1 6 1 15 6 13 19 1 18 2 6 2 3 |1 2 7 3 11 5 1 1 1 2 19 1 6 12 3 1 |1 1 9 7 5 15 3 3 1 21 22 8 2 1 7 15 |9 5 1 7 1 7 8 8 14 22 11 1 2 6 17 9 |
7438: 3 2 4 1 1 3 1 1 1 4 5 2 7 1 4 8 |9 6 1 1 1 6 5 17 6 9 1 15 24 1 4 6 |11 15 17 7 5 23 26 14 12 12 11 2 9 4 1 3 |2 13 21 1 6 24 13 72 109 32 14 15 4 1 1 1 |5 26 4 10 6 17 42 224 260 238 82 1 15 9 5 22 |6 25 9 16 16 10 4 132 258 263 209 20 6 7 3 1 |8 13 10 5 1 1 1 1 59 177 107 14 6 1 1 1 |3 1 1 1 1 1 10 20 30 24 9 1 6 1 4 7 |2 2 11 1 6 1 15 6 13 19 1 18 2 6 2 3 |1 2 7 3 11 5 1 1 1 2 19 1 6 12 3 1 |1 1 9 7 5 15 3 3 1 21 22 8 2 1 7 15 |9 5 1 7 1 7 8 8 14 22 11 1 2 6 17 9 |
7448: 3 2 4 1 1 3 1 1 1 4 5 2 7 1 4 8 |9 6 1 1 1 6 5 17 6 9 1 15 24 1 4 6 |11 15 2 7 4 22 24 13 4 12 7 1 7 5 1 2 |1 13 15 1 6 14 17 53 58 15 20 19 1 4 1 1 |4 10 3 5 10 17 23 181 259 233 76 13 15 14 7 6 |9 17 6 21 17 10 6 116 257 271 217 5 8 15 1 6 |11 12 13 1 1 7 4 1 66 182 96 12 4 10 1 1 |2 2 1 1 4 1 9 14 30 25 9 1 6 1 3 1 |1 9 10 2 4 1 16 7 14 18 1 7 2 12 1 3 |1 2 7 3 11 5 1 1 1 2 19 1 6 12 3 1 |1 1 9 7 5 15 3 3 1 21 22 8 2 1 7 15 |9 5 1 7 1 7 8 8 14 22 11 1 2 6 17 9 |
7459: 3 2 4 1 1 3 1 1 1 4 5 2 7 1 4 8 |9 6 1 1 1 6 5 17 6 9 1 15 24 1 4 6 |11 15 2 7 4 22 24 13 4 12 7 1 7 5 1 2 |1 13 15 1 6 14 17 53 58 15 20 19 1 4 1 1 |4 10 3 5 10 17 23 181 259 233 76 13 15 14 7 6 |9 17 6 21 17 10 6 116 257 271 217 5 8 15 1 6 |11 12 13 1 1 7 4 1 66 182 96 12 4 10 1 1 |2 2 1 1 4 1 9 14 30 25 9 1 6 1 3 1 |1 9 10 2 4 1 16 7 14 18 1 7 2 12 1 3 |1 2 7 1 11 1 1 1 8 1 18 1 6 12 3 1 |2 7 6 4 15 8 2 9 1 21 22 2 1 1 6 14 |6 1 1 6 1 7 1 8 20 24 11 5 1 1 17 10 |
7470: 3 2 4 1 1 3 1 1 1 4 5 2 7 1 4 8 |9 6 1 1 1 6 5 17 6 9 1 15 24 1 4 6 |11 15 2 7 4 22 24 13 4 12 7 1 7 5 1 2 |1 13 15 1 6 14 17 53 58 15 20 19 1 4 1 1 |4 10 3 5 10 17 23 181 259 233 76 13 15 14 7 6 |9 17 6 21 17 10 6 116 257 271 217 5 8 15 1 6 |11 12 13 1 1 7 4 1 66 182 96 12 4 10 1 1 |2 2 1 1 4 1 9 14 30 25 9 1 6 1 3 1 |1 9 10 2 4 1 16 7 14 18 1 7 2 12 1 3 |1 2 7 1 11 1 1 1 8 1 18 1 6 12 3 1 |2 7 6 4 15 8 2 9 1 21 22 2 1 1 6 14 |6 1 1 6 1 7 1 8 20 24 11 5 1 1 17 10 |
7480: 2 1 4 1 1 1 1 1 1 9 1 3 7 1 2 4 |9 6 1 14 1 2 4 15 1 4 1 15 23 1 4 6 |10 21 14 7 1 6 23 17 4 11 7 1 1 6 1 4 |1 12 16 1 5 20 8 42 15 19 19 16 1 4 1 1 |1 14 9 15 16 3 12 37 108 87 25 1 14 1 1 2 |1 7 3 22 11 20 9 57 177 159 29 9 8 7 1 1 |9 4 22 10 1 1 13 5 49 62 25 8 16 1 1 3 |2 2 1 1 4 1 9 14 30 25 9 1 6 1 3 1 |1 9 10 2 4 1 16 7 14 18 1 7 2 12 1 3 |1 2 7 1 11 1 1 1 8 1 18 1 6 12 3 1 |2 7 6 4 15 8 2 9 1 21 22 2 1 1 6 14 |6 1 1 6 1 7 1 8 20 24 11 5 1 1 17 10 |
7491: 2 1 4 1 1 1 1 1 1 9 1 3 7 1 2 4 |9 6 1 14 1 2 4 15 1 4 1 15 23 1 4 6 |10 21 14 7 1 6 23 17 4 11 7 1 1 6 1 4 |1 12 16 1 5 20 8 42 15 19 19 16 1 4 1 1 |1 14 9 15 16 3 12 37 108 87 25 1 14 1 1 2 |1 7 3 22 11 20 9 57 177 159 29 9 8 7 1 1 |9 4 22 10 1 1 13 5 49 62 25 8 16 1 1 3 |3 2 1 1 9 1 10 22 20 17 22 1 6 1 4 1 |3 9 7 2 1 1 16 11 9 17 3 17 2 6 2 3 |1 2 7 3 11 1 1 8 1 5 17 1 6 12 3 1 |2 7 7 8 15 8 3 8 1 19 20 1 1 1 7 14 |7 1 1 5 1 1 1 7 6 2 8 1 2 6 17 17 |
7501: 2 1 4 1 1 1 1 1 1 9 1 3 7 1 2 4 |9 6 1 14 1 2 4 15 1 4 1 15 23 1 4 6 |10 21 14 7 1 6 23 17 4 11 7 1 1 6 1 4 |1 12 16 1 5 20 8 42 15 19 19 16 1 4 1 1 |1 14 9 15 16 3 12 37 108 87 25 1 14 1 1 2 |1 7 3 22 11 20 9 57 177 159 29 9 8 7 1 1 |9 4 22 10 1 1 13 5 49 62 25 8 16 1 1 3 |3 2 1 1 9 1 10 22 20 17 22 1 6 1 4 1 |3 9 7 2 1 1 16 11 9 17 3 17 2 6 2 3 |1 2 7 3 11 1 1 8 1 5 17 1 6 12 3 1 |2 7 7 8 15 8 3 8 1 19 20 1 1 1 7 14 |7 1 1 5 1 1 1 7 6 2 8 1 2 6 17 17 |
7512: 1 1 1 1 1 1 10 3 7 1 1 2 6 1 16 8 |9 7 1 1 2 1 1 2 7 2 3 13 24 1 4 7 |12 12 14 6 1 15 14 1 10 1 1 4 1 4 2 1 |1 12 16 1 1 11 10 26 6 12 13 10 1 1 1 1 |1 7 7 14 1 8 9 10 11 19 11 1 13 1 3 3 |1 7 3 22 11 20 9 57 177 159 29 9 8 7 1 1 |9 4 22 10 1 1 13 5 49 62 25 8 16 1 1 3 |3 2 1 1 9 1 10 22 20 17 22 1 6 1 4 1 |3 9 7 2 1 1 16 11 9 17 3 17 2 6 2 3 |1 2 7 3 11 1 1 8 1 5 17 1 6 12 3 1 |2 7 7 8 15 8 3 8 1 19 20 1 1 1 7 14 |7 1 1 5 1 1 1 7 6 2 8 1 2 6 17 17 |
7522: 1 1 1 1 1 1 10 3 7 1 1 2 6 1 16 8 |9 7 1 1 2 1 1 2 7 2 3 13 24 1 4 7 |12 12 14 6 1 15 14 1 10 1 1 4 1 4 2 1 |1 12 16 1 1 11 10 26 6 12 13 10 1 1 1 1 |1 7 7 14 1 8 9 10 11 19 11 1 13 1 3 3 |2 19 4 6 10 19 1 33 11 17 1 1 1 6 1 2 |7 5 25 10 1 9 1 12 25 19 10 15 17 1 1 1 |1 2 2 3 8 1 1 22 28 13 19 3 6 1 3 2 |3 1 7 2 1 2 17 11 12 17 2 13 2 11 1 2 |1 2 2 2 1 1 8 1 1 3 16 1 5 13 4 1 |2 7 1 1 15 13 2 8 1 18 19 1 1 1 7 10 |8 1 1 4 1 7 7 7 6 2 8 2 1 1 17 10 |
7532: 1 1 1 1 1 1 10 3 7 1 1 2 6 1 16 8 |9 7 1 1 2 1 1 2 7 2 3 13 24 1 4 7 |12 12 14 6 1 15 14 1 10 1 1 4 1 4 2 1 |1 12 16 1 1 11 10 26 6 12 13 10 1 1 1 1 |1 7 7 14 1 8 9 10 11 19 11 1 13 1 3 3 |2 19 4 6 10 19 1 33 11 17 1 1 1 6 1 2 |7 5 25 10 1 9 1 12 25 19 10 15 17 1 1 1 |1 2 2 3 8 1 1 22 28 13 19 3 6 1 3 2 |3 1 7 2 1 2 17 11 12 17 2 13 2 11 1 2 |1 2 2 2 1 1 8 1 1 3 16 1 5 13 4 1 |2 7 1 1 15 13 2 8 1 18 19 1 1 1 7 10 |8 1 1 4 1 7 7 7 6 2 8 2 1 1 17 10 |
7544: 2 4 1 1 1 1 1 2 6 1 1 2 6 1 3 2 |8 6 2 1 2 1 1 2 6 1 1 2 23 1 4 6 |9 14 16 6 10 9 10 8 3 1 2 2 1 2 2 2 |1 5 3 1 12 10 11 24 1 11 9 3 1 4 1 1 |1 7 7 14 1 8 9 10 11 19 11 1 13 1 3 3 |2 19 4 6 10 19 1 33 11 17 1 1 1 6 1 2 |7 5 25 10 1 9 1 12 25 19 10 15 17 1 1 1 |1 2 2 3 8 1 1 22 28 13 19 3 6 1 3 2 |3 1 7 2 1 2 17 11 12 17 2 13 2 11 1 2 |1 2 2 2 1 1 8 1 1 3 16 1 5 13 4 1 |2 7 1 1 15 13 2 8 1 18 19 1 1 1 7 10 |8 1 1 4 1 7 7 7 6 2 8 2 1 1 17 10 |
7554: 2 4 1 1 1 1 1 2 6 1 1 2 6 1 3 2 |8 6 2 1 2 1 1 2 6 1 1 2 23 1 4 6 |9 14 16 6 10 9 10 8 3 1 2 2 1 2 2 2 |1 5 3 1 12 10 11 24 1 11 9 3 1 4 1 1 |1 14 7 14 7 8 10 2 10 17 16 1 2 1 1 1 |2 12 1 6 13 9 1 20 4 7 3 1 1 7 1 1 |7 12 10 2 1 1 2 12 11 4 2 3 2 1 1 1 |3 1 1 1 2 1 1 22 25 19 19 3 1 1 1 6 |2 9 7 1 4 2 18 11 12 16 1 7 1 12 2 4 |1 9 7 3 1 1 1 1 1 4 18 1 6 12 15 1 |3 1 8 9 2 1 3 9 1 18 19 1 1 1 6 14 |12 1 1 23 1 6 1 7 5 3 8 1 2 5 17 16 |
7565: 2 4 1 1 1 1 1 2 6 1 1 2 6 1 3 2 |8 6 2 1 2 1 1 2 6 1 1 2 23 1 4 6 |9 14 16 6 10 9 10 8 3 1 2 2 1 2 2 2 |1 5 3 1 12 10 11 24 1 11 9 3 1 4 1 1 |1 14 7 14 7 8 10 2 10 17 16 1 2 1 1 1 |2 12 1 6 13 9 1 20 4 7 3 1 1 7 1 1 |7 12 10 2 1 1 2 12 11 4 2 3 2 1 1 1 |3 1 1 1 2 1 1 22 25 19 19 3 1 1 1 6 |2 9 7 1 4 2 18 11 12 16 1 7 1 12 2 4 |1 9 7 3 1 1 1 1 1 4 18 1 6 12 15 1 |3 1 8 9 2 1 3 9 1 18 19 1 1 1 6 14 |12 1 1 23 1 6 1 7 5 3 8 1 2 5 17 16 |
7575: 1 10 1 1 1 6 1 2 6 1 1 2 5 1 3 3 |8 3 4 5 1 1 1 2 6 1 3 13 22 1 7 5 |9 14 16 6 10 9 10 8 3 1 2 2 1 2 2 2 |1 5 3 1 12 10 11 24 1 11 9 3 1 4 1 1 |1 14 7 14 7 8 10 2 10 17 16 1 2 1 1 1 |2 12 1 6 13 9 1 20 4 7 3 1 1 7 1 1 |7 12 10 2 1 1 2 12 11 4 2 3 2 1 1 1 |3 1 1 1 2 1 1 22 25 19 19 3 1 1 1 6 |2 9 7 1 4 2 18 11 12 16 1 7 1 12 2 4 |1 9 7 3 1 1 1 1 1 4 18 1 6 12 15 1 |3 1 8 9 2 1 3 9 1 18 19 1 1 1 6 14 |12 1 1 23 1 6 1 7 5 3 8 1 2 5 17 16 |
7585: 1 10 1 1 1 6 1 2 6 1 1 2 5 1 3 3 |8 3 4 5 1 1 1 2 6 1 3 13 22 1 7 5 |9 15 16 6 13 7 14 9 8 1 1 4 1 2 2 1 |1 7 2 1 1 13 11 25 1 7 8 8 1 4 1 1 |1 7 8 15 15 8 5 1 10 17 2 3 1 1 1 1 |2 18 3 7 1 20 3 11 3 6 3 3 2 5 2 1 |7 5 24 3 3 1 11 3 12 3 16 16 16 1 1 2 |2 14 3 1 13 2 4 21 30 18 12 3 6 1 4 2 |3 8 10 2 10 1 13 21 24 16 2 13 1 5 3 3 |1 1 4 5 1 1 1 1 1 4 17 1 6 12 15 1 |1 7 8 9 15 16 1 7 1 17 19 1 1 1 1 14 |12 1 1 23 1 6 1 7 5 3 8 1 2 5 17 16 |
7596: 1 10 1 1 1 6 1 2 6 1 1 2 5 1 3 3 |8 3 4 5 1 1 1 2 6 1 3 13 22 1 7 5 |9 15 16 6 13 7 14 9 8 1 1 4 1 2 2 1 |1 7 2 1 1 13 11 25 1 7 8 8 1 4 1 1 |1 7 8 15 15 8 5 1 10 17 2 3 1 1 1 1 |2 18 3 7 1 20 3 11 3 6 3 3 2 5 2 1 |7 5 24 3 3 1 11 3 12 3 16 16 16 1 1 2 |2 14 3 1 13 2 4 21 30 18 12 3 6 1 4 2 |3 8 10 2 10 1 13 21 24 16 2 13 1 5 3 3 |1 1 4 5 1 1 1 1 1 4 17 1 6 12 15 1 |1 7 8 9 15 16 1 7 1 17 19 1 1 1 1 14 |13 1 1 8 1 8 1 8 16 7 9 6 1 1 18 10 |
7607: 1 10 1 1 1 6 1 2 6 1 1 2 5 1 3 3 |8 3 4 5 1 1 1 2 6 1 3 13 22 1 7 5 |9 15 16 6 13 7 14 9 8 1 1 4 1 2 2 1 |1 7 2 1 1 13 11 25 1 7 8 8 1 4 1 1 |1 7 8 15 15 8 5 1 10 17 2 3 1 1 1 1 |2 18 3 7 1 20 3 11 3 6 3 3 2 5 2 1 |7 5 24 3 3 1 11 3 12 3 16 16 16 1 1 2 |2 14 3 1 13 2 4 21 30 18 12 3 6 1 4 2 |3 8 10 2 10 1 13 21 24 16 2 13 1 5 3 3 |1 1 4 5 1 1 1 1 1 4 17 1 6 12 15 1 |1 7 8 9 15 16 1 7 1 17 19 1 1 1 1 14 |13 1 1 8 1 8 1 8 16 7 9 6 1 1 18 10 |
7618: 2 1 3 1 1 1 1 1 7 1 1 1 1 1 10 4 |8 6 1 1 1 1 2 1 5 1 3 7 21 1 6 6 |11 7 9 7 1 2 14 9 3 1 1 4 1 4 1 2 |1 12 17 1 1 12 3 24 1 1 12 11 1 2 1 1 |1 8 9 14 17 2 9 1 10 16 9 1 1 5 2 3 |1 19 10 9 14 37 39 37 16 1 1 1 1 7 1 2 |11 20 18 21 29 69 244 163 28 1 3 8 2 8 1 1 |5 15 13 1 21 55 222 263 96 12 21 3 7 1 5 11 |1 1 6 1 11 4 58 100 25 17 1 19 3 6 1 2 |1 2 7 8 1 14 5 17 2 4 17 1 5 12 3 1 |1 7 8 9 15 16 1 7 1 17 19 1 1 1 1 14 |13 1 1 8 1 8 1 8 16 7 9 6 1 1 18 10 |
7628: 2 1 3 1 1 1 1 1 7 1 1 1 1 1 10 4 |8 6 1 1 1 1 2 1 5 1 3 7 21 1 6 6 |11 7 9 7 1 2 14 9 3 1 1 4 1 4 1 2 |1 12 17 1 1 12 3 24 1 1 12 11 1 2 1 1 |1 8 9 14 17 2 9 1 10 16 9 1 1 5 2 3 |1 19 10 9 14 37 39 37 16 1 1 1 1 7 1 2 |11 20 18 21 29 69 244 163 28 1 3 8 2 8 1 1 |5 15 13 1 21 55 222 263 96 12 21 3 7 1 5 11 |1 1 6 1 11 4 58 100 25 17 1 19 3 6 1 2 |1 2 7 8 1 14 5 17 2 4 17 1 5 12 3 1 |3 1 1 9 16 10 1 1 3 8 20 1 1 1 7 14 |1 1 1 7 1 9 3 9 16 9 7 1 1 5 17 16 |
7639: 2 1 3 1 1 1 1 1 7 1 1 1 1 1 10 4 |8 6 1 1 1 1 2 1 5 1 3 7 21 1 6 6 |11 7 9 7 1 2 14 9 3 1 1 4 1 4 1 2 |1 12 17 1 1 12 3 24 1 1 12 11 1 2 1 1 |1 8 9 14 17 2 9 1 10 16 9 1 1 5 2 3 |1 19 10 9 14 37 39 37 16 1 1 1 1 7 1 2 |11 20 18 21 29 69 244 163 28 1 3 8 2 8 1 1 |5 15 13 1 21 55 222 263 96 12 21 3 7 1 5 11 |1 1 6 1 11 4 58 100 25 17 1 19 3 6 1 2 |1 2 7 8 1 14 5 17 2 4 17 1 5 12 3 1 |3 1 1 9 16 10 1 1 3 8 20 1 1 1 7 14 |1 1 1 7 1 9 3 9 16 9 7 1 1 5 17 16 |
7649: 2 5 1 1 1 10 13 1 1 1 1 2 6 1 3 4 |8 6 1 1 3 1 2 17 3 1 1 2 22 2 1 4 |3 16 17 7 2 5 24 8 10 1 2 4 5 2 1 3 |1 10 22 4 9 15 13 32 1 6 8 7 1 4 1 2 |1 16 5 8 22 17 20 3 11 17 17 1 1 1 1 1 |1 12 3 12 40 141 128 34 16 9 2 1 8 1 3 1 |8 5 16 18 44 235 259 212 42 5 27 18 5 7 1 11 |1 16 16 5 21 110 251 266 124 11 20 2 8 4 3 1 |4 9 11 1 1 10 76 120 54 15 3 13 1 1 2 9 |1 3 10 3 3 15 5 3 8 2 17 1 6 12 15 1 |3 1 1 9 16 10 1 1 3 8 20 1 1 1 7 14 |1 1 1 7 1 9 3 9 16 9 7 1 1 5 17 16 |
7659: 2 5 1 1 1 10 13 1 1 1 1 2 6 1 3 4 |8 6 1 1 3 1 2 17 3 1 1 2 22 2 1 4 |3 16 17 7 2 5 24 8 10 1 2 4 5 2 1 3 |1 10 22 4 9 15 13 32 1 6 8 7 1 4 1 2 |1 16 5 8 22 17 20 3 11 17 17 1 1 1 1 1 |1 12 3 12 40 141 128 34 16 9 2 1 8 1 3 1 |8 5 16 18 44 235 259 212 42 5 27 18 5 7 1 11 |1 16 16 5 21 110 251 266 124 11 20 2 8 4 3 1 |4 9 11 1 1 10 76 120 54 15 3 13 1 1 2 9 |1 3 10 3 3 15 5 3 8 2 17 1 6 12 15 1 |3 2 8 8 15 17 8 1 4 16 19 1 1 1 8 14 |12 1 1 15 1 8 3 10 16 8 9 6 2 5 18 15 |
7671: 2 5 1 1 1 10 13 1 1 1 1 2 6 1 3 4 |8 6 1 1 3 1 2 17 3 1 1 2 22 2 1 4 |3 16 17 7 2 5 24 8 10 1 2 4 5 2 1 3 |1 10 22 4 9 15 13 32 1 6 8 7 1 4 1 2 |1 16 5 8 22 17 20 3 11 17 17 1 1 1 1 1 |1 12 3 12 40 141 128 34 16 9 2 1 8 1 3 1 |8 5 16 18 44 235 259 212 42 5 27 18 5 7 1 11 |1 16 16 5 21 110 251 266 124 11 20 2 8 4 3 1 |4 9 11 1 1 10 76 120 54 15 3 13 1 1 2 9 |1 3 10 3 3 15 5 3 8 2 17 1 6 12 15 1 |3 2 8 8 15 17 8 1 4 16 19 1 1 1 8 14 |12 1 1 15 1 8 3 10 16 8 9 6 2 5 18 15 |
7682: 3 10 1 1 1 10 13 1 1 1 1 1 5 1 16 8 |9 6 1 1 1 2 4 19 5 1 3 5 22 1 1 5 |4 21 21 7 11 17 24 10 10 1 2 3 2 4 1 1 |1 12 23 12 19 14 2 32 1 6 8 4 1 2 1 1 |1 15 6 8 13 6 19 9 10 17 17 2 6 1 1 1 |1 20 3 17 54 156 178 64 2 9 1 1 10 12 1 1 |13 17 22 15 37 242 256 237 48 4 16 17 20 8 1 1 |3 14 12 11 17 111 247 254 147 25 21 3 9 1 3 2 |3 8 11 1 1 11 67 132 47 17 2 18 1 1 1 17 |1 3 10 3 3 15 5 3 8 2 17 1 6 12 15 1 |3 2 8 8 15 17 8 1 4 16 19 1 1 1 8 14 |12 1 1 15 1 8 3 10 16 8 9 6 2 5 18 15 |
7692: 3 10 1 1 1 10 13 1 1 1 1 1 5 1 16 8 |9 6 1 1 1 2 4 19 5 1 3 5 22 1 1 5 |4 21 21 7 11 17 24 10 10 1 2 3 2 4 1 1 |1 12 23 12 19 14 2 32 1 6 8 4 1 2 1 1 |1 15 6 8 13 6 19 9 10 17 17 2 6 1 1 1 |1 20 3 17 54 156 178 64 2 9 1 1 10 12 1 1 |13 17 22 15 37 242 256 237 48 4 16 17 20 8 1 1 |3 14 12 11 17 111 247 254 147 25 21 3 9 1 3 2 |3 8 11 1 1 11 67 132 47 17 2 18 1 1 1 17 |2 8 14 4 1 7 12 10 9 3 16 1 6 12 3 1 |4 1 8 7 16 13 1 1 4 8 8 1 1 1 1 16 |12 1 1 23 1 8 4 10 16 7 10 3 2 5 17 10 |
7703: 3 10 1 1 1 10 13 1 1 1 1 1 5 1 16 8 |9 6 1 1 1 2 4 19 5 1 3 5 22 1 1 5 |4 21 21 7 11 17 24 10 10 1 2 3 2 4 1 1 |1 12 23 12 19 14 2 32 1 6 8 4 1 2 1 1 |1 15 6 8 13 6 19 9 10 17 17 2 6 1 1 1 |1 20 3 17 54 156 178 64 2 9 1 1 10 12 1 1 |13 17 22 15 37 242 256 237 48 4 16 17 20 8 1 1 |3 14 12 11 17 111 247 254 147 25 21 3 9 1 3 2 |3 8 11 1 1 11 67 132 47 17 2 18 1 1 1 17 |2 8 14 4 1 7 12 10 9 3 16 1 6 12 3 1 |4 1 8 7 16 13 1 1 4 8 8 1 1 1 1 16 |12 1 1 23 1 8 4 10 16 7 10 3 2 5 17 10 |
7713: 2 3 6 1 1 5 13 1 1 2 1 1 6 1 16 8 |9 6 1 1 3 1 17 16 7 2 1 14 22 3 1 6 |4 16 21 8 1 10 24 15 10 1 1 5 6 6 1 5 |1 13 23 5 20 24 4 31 1 6 9 13 1 1 1 1 |1 15 5 9 23 10 12 9 10 16 16 1 13 1 1 1 |4 26 18 27 45 192 199 97 12 1 1 1 10 8 1 3 |12 11 30 19 43 244 251 229 69 4 23 10 5 8 6 1 |1 15 14 1 4 104 253 264 163 28 19 1 1 3 1 1 |5 8 11 1 1 1 62 116 48 17 2 13 4 10 1 9 |2 8 14 4 1 7 12 10 9 3 16 1 6 12 3 1 |4 1 8 7 16 13 1 1 4 8 8 1 1 1 1 16 |12 1 1 23 1 8 4 10 16 7 10 3 2 5 17 10 |
7723: 2 3 6 1 1 5 13 1 1 2 1 1 6 1 16 8 |9 6 1 1 3 1 17 16 7 2 1 14 22 3 1 6 |4 16 21 8 1 10 24 15 10 1 1 5 6 6 1 5 |1 13 23 5 20 24 4 31 1 6 9 13 1 1 1 1 |1 15 5 9 23 10 12 9 10 16 16 1 13 1 1 1 |4 26 18 27 45 192 199 97 12 1 1 1 10 8 1 3 |12 11 30 19 43 244 251 229 69 4 23 10 5 8 6 1 |1 15 14 1 4 104 253 264 163 28 19 1 1 3 1 1 |5 8 11 1 1 1 62 116 48 17 2 13 4 10 1 9 |1 3 9 8 3 3 11 10 4 4 18 1 6 12 3 1 |4 1 7 8 16 16 8 1 4 17 20 1 2 1 1 16 |8 1 3 12 1 8 4 9 21 8 9 1 1 1 18 10 |
7734: 2 3 6 1 1 5 13 1 1 2 1 1 6 1 16 8 |9 6 1 1 3 1 17 16 7 2 1 14 22 3 1 6 |4 16 21 8 1 10 24 15 10 1 1 5 6 6 1 5 |1 13 23 5 20 24 4 31 1 6 9 13 1 1 1 1 |1 15 5 9 23 10 12 9 10 16 16 1 13 1 1 1 |4 26 18 27 45 192 199 97 12 1 1 1 10 8 1 3 |12 11 30 19 43 244 251 229 69 4 23 10 5 8 6 1 |1 15 14 1 4 104 253 264 163 28 19 1 1 3 1 1 |5 8 11 1 1 1 62 116 48 17 2 13 4 10 1 9 |1 3 9 8 3 3 11 10 4 4 18 1 6 12 3 1 |4 1 7 8 16 16 8 1 4 17 20 1 2 1 1 16 |8 1 3 12 1 8 4 9 21 8 9 1 1 1 18 10 |
7745: 1 1 1 1 1 5 14 2 1 2 1 2 6 1 4 4 |11 15 1 1 1 1 8 7 7 1 4 16 12 1 5 12 |13 19 20 7 1 21 24 15 10 1 1 4 5 4 1 3 |1 14 26 5 19 20 13 30 1 6 9 16 1 1 1 2 |3 4 12 15 31 11 7 9 11 17 17 1 1 1 1 1 |6 21 18 13 47 198 204 97 11 11 1 1 9 14 1 10 |8 19 21 12 54 239 257 240 65 1 15 18 20 5 1 1 |1 17 16 3 21 108 251 254 164 27 21 7 8 4 1 22 |1 8 10 1 14 4 62 131 54 15 3 18 1 1 2 16 |3 3 15 8 4 6 11 12 10 2 17 1 6 12 3 1 |4 1 7 8 16 16 8 1 4 17 20 1 2 1 1 16 |8 1 3 12 1 8 4 9 21 8 9 1 1 1 18 10 |
7755: 1 1 1 1 1 5 14 2 1 2 1 2 6 1 4 4 |11 15 1 1 1 1 8 7 7 1 4 16 12 1 5 12 |13 19 20 7 1 21 24 15 10 1 1 4 5 4 1 3 |1 14 26 5 19 20 13 30 1 6 9 16 1 1 1 2 |3 4 12 15 31 11 7 9 11 17 17 1 1 1 1 1 |6 21 18 13 47 198 204 97 11 11 1 1 9 14 1 10 |8 19 21 12 54 239 257 240 65 1 15 18 20 5 1 1 |1 17 16 3 21 108 251 254 164 27 21 7 8 4 1 22 |1 8 10 1 14 4 62 131 54 15 3 18 1 1 2 16 |3 3 15 8 4 6 11 12 10 2 17 1 6 12 3 1 |3 1 9 10 16 10 1 1 3 8 20 1 1 1 1 14 |8 1 1 8 1 8 3 9 21 15 10 3 2 6 17 15 |
7766: 1 1 1 1 1 5 14 2 1 2 1 2 6 1 4 4 |11 15 1 1 1 1 8 7 7 1 4 16 12 1 5 12 |13 19 20 7 1 21 24 15 10 1 1 4 5 4 1 3 |1 14 26 5 19 20 13 30 1 6 9 16 1 1 1 2 |3 4 12 15 31 11 7 9 11 17 17 1 1 1 1 1 |6 21 18 13 47 198 204 97 11 11 1 1 9 14 1 10 |8 19 21 12 54 239 257 240 65 1 15 18 20 5 1 1 |1 17 16 3 21 108 251 254 164 27 21 7 8 4 1 22 |1 8 10 1 14 4 62 131 54 15 3 18 1 1 2 16 |3 3 15 8 4 6 11 12 10 2 17 1 6 12 3 1 |3 1 9 10 16 10 1 1 3 8 20 1 1 1 1 14 |8 1 1 8 1 8 3 9 21 15 10 3 2 6 17 15 |
7777: 1 1 1 1 1 10 13 1 1 1 1 1 1 1 18 7 |8 6 1 2 3 2 8 19 3 7 1 3 23 1 6 6 |4 22 16 7 1 10 24 10 10 1 1 4 1 4 1 3 |1 13 24 11 14 9 3 33 4 14 11 15 1 1 1 2 |4 15 5 8 23 11 18 8 11 17 17 1 1 1 3 8 |4 21 19 31 53 180 205 87 11 12 1 1 10 14 1 3 |9 19 23 20 51 234 257 237 65 5 6 14 10 7 1 8 |5 7 25 3 18 114 249 256 173 25 18 11 9 1 1 13 |1 8 10 1 14 4 62 131 54 15 3 18 1 1 2 16 |3 3 15 8 4 6 11 12 10 2 17 1 6 12 3 1 |3 1 9 10 16 10 1 1 3 8 20 1 1 1 1 14 |8 1 1 8 1 8 3 9 21 15 10 3 2 6 17 15 |
7788: 1 1 1 1 1 10 13 1 1 1 1 1 1 1 18 7 |8 6 1 2 3 2 8 19 3 7 1 3 23 1 6 6 |4 22 16 7 1 10 24 10 10 1 1 4 1 4 1 3 |1 13 24 11 14 9 3 33 4 14 11 15 1 1 1 2 |4 15 5 8 23 11 18 8 11 17 17 1 1 1 3 8 |4 21 19 31 53 180 205 87 11 12 1 1 10 14 1 3 |9 19 23 20 51 234 257 237 65 5 6 14 10 7 1 8 |5 7 25 3 18 114 249 256 173 25 18 11 9 1 1 13 |5 7 11 1 12 3 76 133 48 17 2 18 1 1 3 11 |3 9 8 9 4 7 11 12 8 3 17 1 6 12 15 1 |3 2 8 13 15 15 4 1 4 16 8 1 1 1 1 14 |13 1 1 24 1 8 4 9 16 8 10 1 2 6 17 10 |
7800: 1 1 1 1 1 10 13 1 1 1 1 1 1 1 18 7 |8 6 1 2 3 2 8 19 3 7 1 3 23 1 6 6 |4 22 16 7 1 10 24 10 10 1 1 4 1 4 1 3 |1 13 24 11 14 9 3 33 4 14 11 15 1 1 1 2 |4 15 5 8 23 11 18 8 11 17 17 1 1 1 3 8 |4 21 19 31 53 180 205 87 11 12 1 1 10 14 1 3 |9 19 23 20 51 234 257 237 65 5 6 14 10 7 1 8 |5 7 25 3 18 114 249 256 173 25 18 11 9 1 1 13 |5 7 11 1 12 3 76 133 48 17 2 18 1 1 3 11 |3 9 8 9 4 7 11 12 8 3 17 1 6 12 15 1 |3 2 8 13 15 15 4 1 4 16 8 1 1 1 1 14 |13 1 1 24 1 8 4 9 16 8 10 1 2 6 17 10 |
7810: 2 1 1 1 1 11 12 1 1 2 1 2 7 1 4 3 |9 6 1 1 1 1 18 17 5 7 1 15 11 1 3 12 |11 20 1 2 5 5 24 15 10 1 2 1 1 5 1 4 |1 17 22 10 20 20 14 30 1 6 11 16 1 1 1 1 |1 1 1 8 14 6 8 11 10 16 14 1 1 1 1 1 |1 22 11 23 52 159 186 87 11 7 1 1 8 16 1 1 |2 8 17 15 35 237 252 238 62 4 7 9 5 8 1 9 |5 4 17 4 7 107 254 267 185 24 9 1 10 1 1 1 |5 7 11 1 12 3 76 133 48 17 2 18 1 1 3 11 |3 9 8 9 4 7 11 12 8 3 17 1 6 12 15 1 |3 2 8 13 15 15 4 1 4 16 8 1 1 1 1 14 |13 1 1 24 1 8 4 9 16 8 10 1 2 6 17 10 |
7820: 2 1 1 1 1 11 12 1 1 2 1 2 7 1 4 3 |9 6 1 1 1 1 18 17 5 7 1 15 11 1 3 12 |11 20 1 2 5 5 24 15 10 1 2 1 1 5 1 4 |1 17 22 10 20 20 14 30 1 6 11 16 1 1 1 1 |1 1 1 8 14 6 8 11 10 16 14 1 1 1 1 1 |1 22 11 23 52 159 186 87 11 7 1 1 8 16 1 1 |2 8 17 15 35 237 252 238 62 4 7 9 5 8 1 9 |5 4 17 4 7 107 254 267 185 24 9 1 10 1 1 1 |4 7 9 1 15 3 62 120 60 15 1 19 4 11 3 15 |1 3 10 8 1 15 5 4 3 3 17 1 5 12 15 1 |2 2 7 8 1 7 1 1 3 17 7 1 1 1 1 15 |12 1 1 6 1 9 3 10 16 8 8 1 1 1 18 15 |
7831: 2 1 1 1 1 11 12 1 1 2 1 2 7 1 4 3 |9 6 1 1 1 1 18 17 5 7 1 15 11 1 3 12 |11 20 1 2 5 5 24 15 10 1 2 1 1 5 1 4 |1 17 22 10 20 20 14 30 1 6 11 16 1 1 1 1 |1 1 1 8 14 6 8 11 10 16 14 1 1 1 1 1 |1 22 11 23 52 159 186 87 11 7 1 1 8 16 1 1 |2 8 17 15 35 237 252 238 62 4 7 9 5 8 1 9 |5 4 17 4 7 107 254 267 185 24 9 1 10 1 1 1 |4 7 9 1 15 3 62 120 60 15 1 19 4 11 3 15 |1 3 10 8 1 15 5 4 3 3 17 1 5 12 15 1 |2 2 7 8 1 7 1 1 3 17 7 1 1 1 1 15 |12 1 1 6 1 9 3 10 16 8 8 1 1 1 18 15 |
7841: 1 3 1 1 1 9 13 1 1 2 1 3 6 1 4 4 |9 6 1 1 4 8 15 16 8 3 4 14 14 1 1 6 |10 20 9 7 1 5 24 14 10 1 2 1 8 5 1 4 |1 1 11 9 19 18 2 32 6 12 12 11 1 1 1 1 |1 16 5 9 23 13 9 10 10 17 2 3 6 1 1 1 |1 4 18 29 39 158 175 70 17 9 1 1 9 5 4 1 |2 8 17 15 35 237 252 238 62 4 7 9 5 8 1 9 |5 4 17 4 7 107 254 267 185 24 9 1 10 1 1 1 |4 7 9 1 15 3 62 120 60 15 1 19 4 11 3 15 |1 3 10 8 1 15 5 4 3 3 17 1 5 12 15 1 |2 2 7 8 1 7 1 1 3 17 7 1 1 1 1 15 |12 1 1 6 1 9 3 10 16 8 8 1 1 1 18 15 |
7851: 1 3 1 1 1 9 13 1 1 2 1 3 6 1 4 4 |9 6 1 1 4 8 15 16 8 3 4 14 14 1 1 6 |10 20 9 7 1 5 24 14 10 1 2 1 8 5 1 4 |1 1 11 9 19 18 2 32 6 12 12 11 1 1 1 1 |1 16 5 9 23 13 9 10 10 17 2 3 6 1 1 1 |1 4 18 29 39 158 175 70 17 9 1 1 9 5 4 1 |5 22 23 21 41 216 244 237 57 4 6 4 11 1 1 9 |1 4 4 1 21 96 253 253 185 27 19 1 1 1 1 11 |3 1 17 1 2 3 76 126 55 18 2 18 1 2 1 17 |1 2 2 8 4 16 10 6 10 6 17 1 1 12 3 1 |2 1 9 5 16 15 8 2 3 16 8 1 1 1 1 14 |9 1 1 7 1 9 4 9 16 9 7 1 2 6 17 15 |
7862: 1 3 1 1 1 9 13 1 1 2 1 3 6 1 4 4 |9 6 1 1 4 8 15 16 8 3 4 14 14 1 1 6 |10 20 9 7 1 5 24 14 10 1 2 1 8 5 1 4 |1 1 11 9 19 18 2 32 6 12 12 11 1 1 1 1 |1 16 5 9 23 13 9 10 10 17 2 3 6 1 1 1 |1 4 18 29 39 158 175 70 17 9 1 1 9 5 4 1 |5 22 23 21 41 216 244 237 57 4 6 4 11 1 1 9 |1 4 4 1 21 96 253 253 185 27 19 1 1 1 1 11 |3 1 17 1 2 3 76 126 55 18 2 18 1 2 1 17 |1 2 2 8 4 16 10 6 10 6 17 1 1 12 3 1 |2 1 9 5 16 15 8 2 3 16 8 1 1 1 1 14 |9 1 1 7 1 9 4 9 16 9 7 1 2 6 17 15 |
7873: 2 1 3 1 1 8 15 1 1 3 1 1 1 1 10 8 |8 7 1 1 1 1 8 17 5 3 3 13 22 1 1 2 |11 7 1 7 1 5 23 3 9 1 2 5 1 5 1 3 |1 14 21 10 19 8 4 32 4 6 10 15 1 4 1 2 |1 15 10 23 25 4 8 10 10 16 10 4 4 1 2 3 |1 4 18 29 39 158 175 70 17 9 1 1 9 5 4 1 |5 22 23 21 41 216 244 237 57 4 6 4 11 1 1 9 |1 4 4 1 21 96 253 253 185 27 19 1 1 1 1 11 |3 1 17 1 2 3 76 126 55 18 2 18 1 2 1 17 |1 2 2 8 4 16 10 6 10 6 17 1 1 12 3 1 |2 1 9 5 16 15 8 2 3 16 8 1 1 1 1 14 |9 1 1 7 1 9 4 9 16 9 7 1 2 6 17 15 |
7883: 2 1 3 1 1 8 15 1 1 3 1 1 1 1 10 8 |8 7 1 1 1 1 8 17 5 3 3 13 22 1 1 2 |11 7 1 7 1 5 23 3 9 1 2 5 1 5 1 3 |1 14 21 10 19 8 4 32 4 6 10 15 1 4 1 2 |1 15 10 23 25 4 8 10 10 16 10 4 4 1 2 3 |1 19 14 29 30 134 153 58 12 11 3 1 9 2 1 1 |10 13 24 10 24 191 263 234 48 23 14 10 9 1 1 9 |4 11 15 5 7 82 246 267 175 26 21 3 11 1 1 1 |3 8 11 1 5 1 58 140 63 17 4 11 1 1 3 10 |1 3 9 4 9 3 11 12 9 2 17 1 6 12 14 1 |3 8 8 8 7 17 7 1 4 16 19 1 1 1 8 15 |11 1 1 6 1 8 1 1 16 3 3 5 1 1 18 15 |
7894: 2 1 3 1 1 8 15 1 1 3 1 1 1 1 10 8 |8 7 1 1 1 1 8 17 5 3 3 13 22 1 1 2 |11 7 1 7 1 5 23 3 9 1 2 5 1 5 1 3 |1 14 21 10 19 8 4 32 4 6 10 15 1 4 1 2 |1 15 10 23 25 4 8 10 10 16 10 4 4 1 2 3 |1 19 14 29 30 134 153 58 12 11 3 1 9 2 1 1 |10 13 24 10 24 191 263 234 48 23 14 10 9 1 1 9 |4 11 15 5 7 82 246 267 175 26 21 3 11 1 1 1 |3 8 11 1 5 1 58 140 63 17 4 11 1 1 3 10 |1 3 9 4 9 3 11 12 9 2 17 1 6 12 14 1 |3 8 8 8 7 17 7 1 4 16 19 1 1 1 8 15 |11 1 1 6 1 8 1 1 16 3 3 5 1 1 18 15 |
7904: 2 3 1 1 1 11 14 1 1 1 1 1 6 1 16 8 |9 6 1 1 1 1 5 16 6 1 4 13 21 1 7 6 |11 13 5 7 1 15 24 10 10 3 1 4 1 4 1 4 |1 14 21 10 19 8 4 32 4 6 10 15 1 4 1 2 |1 15 10 23 25 4 8 10 10 16 10 4 4 1 2 3 |1 19 14 29 30 134 153 58 12 11 3 1 9 2 1 1 |10 13 24 10 24 191 263 234 48 23 14 10 9 1 1 9 |4 11 15 5 7 82 246 267 175 26 21 3 11 1 1 1 |3 8 11 1 5 1 58 140 63 17 4 11 1 1 3 10 |1 3 9 4 9 3 11 12 9 2 17 1 6 12 14 1 |3 8 8 8 7 17 7 1 4 16 19 1 1 1 8 15 |11 1 1 6 1 8 1 1 16 3 3 5 1 1 18 15 |
7914: 2 3 1 1 1 11 14 1 1 1 1 1 6 1 16 8 |9 6 1 1 1 1 5 16 6 1 4 13 21 1 7 6 |11 13 5 7 1 15 24 10 10 3 1 4 1 4 1 4 |1 13 17 1 2 15 14 32 1 11 7 3 1 4 1 2 |1 1 4 5 11 16 20 4 10 17 9 1 1 1 4 6 |1 8 10 14 32 31 68 34 2 7 3 2 5 7 1 1 |11 14 17 13 17 69 254 205 30 1 7 26 13 8 1 1 |1 17 10 9 13 47 190 250 81 10 19 1 8 2 1 9 |2 9 10 1 1 1 32 64 37 15 3 17 3 6 1 11 |1 2 4 7 3 14 11 16 1 5 17 1 6 12 15 1 |3 8 8 8 7 17 7 1 4 16 19 1 1 1 8 15 |11 1 1 6 1 8 1 1 16 3 3 5 1 1 18 15 |
7925: 2 3 1 1 1 11 14 1 1 1 1 1 6 1 16 8 |9 6 1 1 1 1 5 16 6 1 4 13 21 1 7 6 |11 13 5 7 1 15 24 10 10 3 1 4 1 4 1 4 |1 13 17 1 2 15 14 32 1 11 7 3 1 4 1 2 |1 1 4 5 11 16 20 4 10 17 9 1 1 1 4 6 |1 8 10 14 32 31 68 34 2 7 3 2 5 7 1 1 |11 14 17 13 17 69 254 205 30 1 7 26 13 8 1 1 |1 17 10 9 13 47 190 250 81 10 19 1 8 2 1 9 |2 9 10 1 1 1 32 64 37 15 3 17 3 6 1 11 |1 2 4 7 3 14 11 16 1 5 17 1 6 12 15 1 |1 1 7 7 15 14 1 8 1 18 20 1 1 1 8 10 |11 1 1 7 1 7 1 8 6 1 9 2 2 5 18 15 |
7936: 2 3 1 1 1 11 14 1 1 1 1 1 6 1 16 8 |9 6 1 1 1 1 5 16 6 1 4 13 21 1 7 6 |11 13 5 7 1 15 24 10 10 3 1 4 1 4 1 4 |1 13 17 1 2 15 14 32 1 11 7 3 1 4 1 2 |1 1 4 5 11 16 20 4 10 17 9 1 1 1 4 6 |1 8 10 14 32 31 68 34 2 7 3 2 5 7 1 1 |11 14 17 13 17 69 254 205 30 1 7 26 13 8 1 1 |1 17 10 9 13 47 190 250 81 10 19 1 8 2 1 9 |2 9 10 1 1 1 32 64 37 15 3 17 3 6 1 11 |1 2 4 7 3 14 11 16 1 5 17 1 6 12 15 1 |1 1 7 7 15 14 1 8 1 18 20 1 1 1 8 10 |11 1 1 7 1 7 1 8 6 1 9 2 2 5 18 15 |
7968: 1 10 1 1 1 2 7 1 1 1 1 1 1 1 9 2 |7 5 3 1 1 1 2 1 1 1 1 14 6 2 3 1 |9 15 11 3 12 3 18 1 7 1 1 3 1 1 1 1 |1 12 11 1 11 1 5 21 1 1 11 10 1 1 1 1 |1 8 1 15 3 1 11 2 7 3 7 3 3 3 1 1 |1 19 8 20 9 13 5 14 10 1 2 2 1 3 4 1 |11 14 17 13 17 69 254 205 30 1 7 26 13 8 1 1 |1 17 10 9 13 47 190 250 81 10 19 1 8 2 1 9 |2 9 10 1 1 1 32 64 37 15 3 17 3 6 1 11 |1 2 4 7 3 14 11 16 1 5 17 1 6 12 15 1 |1 1 7 7 15 14 1 8 1 18 20 1 1 1 8 10 |11 1 1 7 1 7 1 8 6 1 9 2 2 5 18 15 |
7979: 1 10 1 1 1 2 7 1 1 1 1 1 1 1 9 2 |7 5 3 1 1 1 2 1 1 1 1 14 6 2 3 1 |9 15 11 3 12 3 18 1 7 1 1 3 1 1 1 1 |1 12 11 1 11 1 5 21 1 1 11 10 1 1 1 1 |1 8 1 15 3 1 11 2 7 3 7 3 3 3 1 1 |1 19 8 20 9 13 5 14 10 1 2 2 1 3 4 1 |8 14 16 1 3 11 8 11 1 1 1 13 17 1 1 3 |4 12 16 8 9 11 5 3 19 5 5 2 6 2 1 1 |3 8 12 1 1 1 6 13 18 3 1 10 3 7 2 7 |1 2 9 22 18 14 10 1 1 3 17 1 1 11 1 3 |3 1 8 15 16 15 3 1 4 17 6 1 1 2 1 2 |9 1 1 7 1 8 1 3 13 3 2 5 1 6 18 12 |
7989: 1 10 1 1 1 2 7 1 1 1 1 1 1 1 9 2 |7 5 3 1 1 1 2 1 1 1 1 14 6 2 3 1 |9 15 11 3 12 3 18 1 7 1 1 3 1 1 1 1 |1 12 11 1 11 1 5 21 1 1 11 10 1 1 1 1 |1 8 1 15 3 1 11 2 7 3 7 3 3 3 1 1 |1 19 8 20 9 13 5 14 10 1 2 2 1 3 4 1 |8 14 16 1 3 11 8 11 1 1 1 13 17 1 1 3 |4 12 16 8 9 11 5 3 19 5 5 2 6 2 1 1 |3 8 12 1 1 1 6 13 18 3 1 10 3 7 2 7 |1 2 9 22 18 14 10 1 1 3 17 1 1 11 1 3 |3 1 8 15 16 15 3 1 4 17 6 1 1 2 1 2 |9 1 1 7 1 8 1 3 13 3 2 5 1 6 18 12 |
7999: 2 9 1 1 1 2 1 4 2 2 1 1 1 1 3 4 |8 2 3 1 4 1 1 1 1 1 3 11 22 1 8 6 |10 1 1 3 13 7 16 7 1 1 1 4 1 4 3 3 |1 7 1 1 12 2 1 22 1 1 11 11 1 1 1 2 |1 8 1 15 3 1 11 2 7 3 7 3 3 3 1 1 |1 19 8 20 9 13 5 14 10 1 2 2 1 3 4 1 |8 14 16 1 3 11 8 11 1 1 1 13 17 1 1 3 |4 12 16 8 9 11 5 3 19 5 5 2 6 2 1 1 |3 8 12 1 1 1 6 13 18 3 1 10 3 7 2 7 |1 2 9 22 18 14 10 1 1 3 17 1 1 11 1 3 |3 1 8 15 16 15 3 1 4 17 6 1 1 2 1 2 |9 1 1 7 1 8 1 3 13 3 2 5 1 6 18 12 |
8010: 2 9 1 1 1 2 1 4 2 2 1 1 1 1 3 4 |8 2 3 1 4 1 1 1 1 1 3 11 22 1 8 6 |10 1 1 3 13 7 16 7 1 1 1 4 1 4 3 3 |1 7 1 1 12 2 1 22 1 1 11 11 1 1 1 2 |1 14 9 5 15 6 1 4 7 2 9 4 1 4 1 2 |2 21 10 21 5 10 1 13 12 1 1 3 6 6 2 1 |11 21 22 21 20 9 5 11 2 1 12 16 10 1 1 1 |4 3 9 27 29 19 9 15 18 12 5 3 6 1 3 7 |2 1 21 10 19 16 16 5 21 14 1 7 4 12 1 16 |1 3 15 11 37 20 12 8 1 4 17 1 6 12 14 1 |3 1 1 9 4 6 1 8 1 18 20 1 14 1 1 15 |23 6 1 22 1 9 3 2 8 2 12 7 2 5 19 10 |
8021: 2 9 1 1 1 2 1 4 2 2 1 1 1 1 3 4 |8 2 3 1 4 1 1 1 1 1 3 11 22 1 8 6 |10 1 1 3 13 7 16 7 1 1 1 4 1 4 3 3 |1 7 1 1 12 2 1 22 1 1 11 11 1 1 1 2 |1 14 9 5 15 6 1 4 7 2 9 4 1 4 1 2 |2 21 10 21 5 10 1 13 12 1 1 3 6 6 2 1 |11 21 22 21 20 9 5 11 2 1 12 16 10 1 1 1 |4 3 9 27 29 19 9 15 18 12 5 3 6 1 3 7 |2 1 21 10 19 16 16 5 21 14 1 7 4 12 1 16 |1 3 15 11 37 20 12 8 1 4 17 1 6 12 14 1 |3 1 1 9 4 6 1 8 1 18 20 1 14 1 1 15 |23 6 1 22 1 9 3 2 8 2 12 7 2 5 19 10 |
8032: 2 1 1 1 1 2 1 2 6 1 1 1 7 1 3 3 |9 5 1 1 1 1 15 2 1 1 1 2 6 1 1 1 |10 1 1 3 13 7 16 7 1 1 1 4 1 4 3 3 |1 7 1 1 12 2 1 22 1 1 11 11 1 1 1 2 |1 14 9 5 15 6 1 4 7 2 9 4 1 4 1 2 |2 21 10 21 5 10 1 13 12 1 1 3 6 6 2 1 |11 21 22 21 20 9 5 11 2 1 12 16 10 1 1 1 |4 3 9 27 29 19 9 15 18 12 5 3 6 1 3 7 |2 1 21 10 19 16 16 5 21 14 1 7 4 12 1 16 |1 3 15 11 37 20 12 8 1 4 17 1 6 12 14 1 |3 1 1 9 4 6 1 8 1 18 20 1 14 1 1 15 |23 6 1 22 1 9 3 2 8 2 12 7 2 5 19 10 |
8042: 2 1 1 1 1 2 1 2 6 1 1 1 7 1 3 3 |9 5 1 1 1 1 15 2 1 1 1 2 6 1 1 1 |11 13 16 7 5 14 17 6 3 5 1 3 1 3 1 3 |1 10 9 1 1 8 3 23 1 5 9 2 1 3 1 1 |4 5 9 9 17 5 1 4 7 12 3 4 1 1 1 1 |6 26 20 32 25 19 1 13 8 1 1 1 1 1 4 1 |7 29 41 66 54 8 13 1 1 1 14 16 12 1 1 2 |3 16 42 252 251 124 16 20 10 19 18 1 8 3 1 1 |3 16 26 177 262 257 64 21 19 18 2 21 8 4 1 16 |1 3 13 47 171 175 28 2 1 5 14 11 3 19 16 1 |4 2 9 24 25 24 8 7 1 19 19 1 1 1 1 16 |23 6 1 22 1 9 3 2 8 2 12 7 2 5 19 10 |
8052: 2 1 1 1 1 2 1 2 6 1 1 1 7 1 3 3 |9 5 1 1 1 1 15 2 1 1 1 2 6 1 1 1 |11 13 16 7 5 14 17 6 3 5 1 3 1 3 1 3 |1 10 9 1 1 8 3 23 1 5 9 2 1 3 1 1 |4 5 9 9 17 5 1 4 7 12 3 4 1 1 1 1 |6 26 20 32 25 19 1 13 8 1 1 1 1 1 4 1 |7 29 41 66 54 8 13 1 1 1 14 16 12 1 1 2 |3 16 42 252 251 124 16 20 10 19 18 1 8 3 1 1 |3 16 26 177 262 257 64 21 19 18 2 21 8 4 1 16 |1 3 13 47 171 175 28 2 1 5 14 11 3 19 16 1 |4 2 9 24 25 24 8 7 1 19 19 1 1 1 1 16 |20 1 1 13 1 9 8 7 6 2 9 6 2 6 18 15 |
8063: 1 11 1 10 3 9 10 2 7 1 1 2 7 1 3 1 |9 6 1 1 1 1 1 3 1 1 1 2 24 1 5 6 |11 13 16 7 5 14 17 6 3 5 1 3 1 3 1 3 |1 10 9 1 1 8 3 23 1 5 9 2 1 3 1 1 |4 5 9 9 17 5 1 4 7 12 3 4 1 1 1 1 |6 26 20 32 25 19 1 13 8 1 1 1 1 1 4 1 |7 29 41 66 54 8 13 1 1 1 14 16 12 1 1 2 |3 16 42 252 251 124 16 20 10 19 18 1 8 3 1 1 |3 16 26 177 262 257 64 21 19 18 2 21 8 4 1 16 |1 3 13 47 171 175 28 2 1 5 14 11 3 19 16 1 |4 2 9 24 25 24 8 7 1 19 19 1 1 1 1 16 |20 1 1 13 1 9 8 7 6 2 9 6 2 6 18 15 |
8073: 1 11 1 10 3 9 10 2 7 1 1 2 7 1 3 1 |9 6 1 1 1 1 1 3 1 1 1 2 24 1 5 6 |11 15 1 7 1 17 12 6 8 1 3 3 6 6 1 2 |4 14 22 9 18 11 2 23 1 11 10 14 1 4 1 1 |5 15 4 8 17 7 6 1 9 3 8 4 1 1 1 1 |6 20 28 25 21 20 2 13 10 1 1 3 8 7 4 1 |16 12 44 144 92 2 1 13 3 1 2 4 3 1 1 1 |2 17 83 271 252 128 14 21 22 21 18 1 1 1 7 7 |1 11 26 195 261 256 92 15 21 18 1 22 10 18 1 6 |1 1 19 46 164 184 31 8 11 1 17 7 4 18 17 1 |4 2 9 24 25 24 8 7 1 19 19 1 1 1 1 16 |20 1 1 13 1 9 8 7 6 2 9 6 2 6 18 15 |
8083: 1 11 1 10 3 9 10 2 7 1 1 2 7 1 3 1 |9 6 1 1 1 1 1 3 1 1 1 2 24 1 5 6 |11 15 1 7 1 17 12 6 8 1 3 3 6 6 1 2 |4 14 22 9 18 11 2 23 1 11 10 14 1 4 1 1 |5 15 4 8 17 7 6 1 9 3 8 4 1 1 1 1 |6 20 28 25 21 20 2 13 10 1 1 3 8 7 4 1 |16 12 44 144 92 2 1 13 3 1 2 4 3 1 1 1 |2 17 83 271 252 128 14 21 22 21 18 1 1 1 7 7 |1 11 26 195 261 256 92 15 21 18 1 22 10 18 1 6 |1 1 19 46 164 184 31 8 11 1 17 7 4 18 17 1 |3 2 10 24 16 20 1 8 1 18 22 1 1 1 1 17 |20 1 1 17 4 9 3 8 5 2 10 2 2 6 17 15 |
8094: 1 11 1 10 3 9 10 2 7 1 1 2 7 1 3 1 |9 6 1 1 1 1 1 3 1 1 1 2 24 1 5 6 |11 15 1 7 1 17 12 6 8 1 3 3 6 6 1 2 |4 14 22 9 18 11 2 23 1 11 10 14 1 4 1 1 |5 15 4 8 17 7 6 1 9 3 8 4 1 1 1 1 |6 20 28 25 21 20 2 13 10 1 1 3 8 7 4 1 |16 12 44 144 92 2 1 13 3 1 2 4 3 1 1 1 |2 17 83 271 252 128 14 21 22 21 18 1 1 1 7 7 |1 11 26 195 261 256 92 15 21 18 1 22 10 18 1 6 |1 1 19 46 164 184 31 8 11 1 17 7 4 18 17 1 |3 2 10 24 16 20 1 8 1 18 22 1 1 1 1 17 |20 1 1 17 4 9 3 8 5 2 10 2 2 6 17 15 |
8104: 1 1 3 10 8 6 1 2 3 1 1 2 6 1 4 4 |8 6 1 1 1 1 1 1 5 1 3 13 22 1 1 4 |12 21 17 8 1 7 14 6 8 1 1 4 1 4 1 4 |1 3 20 8 19 11 10 24 1 5 9 4 1 1 1 1 |5 18 2 9 3 8 11 1 9 15 8 1 1 1 1 1 |5 27 29 30 22 20 5 14 9 1 1 1 8 9 3 1 |16 17 50 172 117 15 5 12 2 1 15 11 18 1 2 1 |2 24 103 274 259 163 16 21 18 7 5 2 9 4 1 11 |1 11 26 195 261 256 92 15 21 18 1 22 10 18 1 6 |1 1 19 46 164 184 31 8 11 1 17 7 4 18 17 1 |3 2 10 24 16 20 1 8 1 18 22 1 1 1 1 17 |20 1 1 17 4 9 3 8 5 2 10 2 2 6 17 15 |
8114: 1 1 3 10 8 6 1 2 3 1 1 2 6 1 4 4 |8 6 1 1 1 1 1 1 5 1 3 13 22 1 1 4 |12 21 17 8 1 7 14 6 8 1 1 4 1 4 1 4 |1 3 20 8 19 11 10 24 1 5 9 4 1 1 1 1 |5 18 2 9 3 8 11 1 9 15 8 1 1 1 1 1 |5 27 29 30 22 20 5 14 9 1 1 1 8 9 3 1 |16 17 50 172 117 15 5 12 2 1 15 11 18 1 2 1 |2 24 103 274 259 163 16 21 18 7 5 2 9 4 1 11 |3 11 36 212 262 250 99 21 21 16 1 21 11 18 1 23 |7 8 12 47 172 182 24 13 1 5 12 10 1 19 19 1 |1 1 1 32 21 22 1 1 1 19 19 1 1 1 6 14 |12 1 1 8 1 9 3 8 5 2 9 2 1 4 19 10 |
8125: 1 1 3 10 8 6 1 2 3 1 1 2 6 1 4 4 |8 6 1 1 1 1 1 1 5 1 3 13 22 1 1 4 |12 21 17 8 1 7 14 6 8 1 1 4 1 4 1 4 |1 3 20 8 19 11 10 24 1 5 9 4 1 1 1 1 |5 18 2 9 3 8 11 1 9 15 8 1 1 1 1 1 |5 27 29 30 22 20 5 14 9 1 1 1 8 9 3 1 |16 17 50 172 117 15 5 12 2 1 15 11 18 1 2 1 |2 24 103 274 259 163 16 21 18 7 5 2 9 4 1 11 |3 11 36 212 262 250 99 21 21 16 1 21 11 18 1 23 |7 8 12 47 172 182 24 13 1 5 12 10 1 19 19 1 |1 1 1 32 21 22 1 1 1 19 19 1 1 1 6 14 |12 1 1 8 1 9 3 8 5 2 9 2 1 4 19 10 |
8136: 1 5 4 9 8 9 4 2 7 2 1 2 6 1 3 8 |9 6 1 5 9 1 13 9 5 6 2 14 24 1 1 4 |4 21 21 8 11 17 16 6 4 1 1 1 1 4 1 4 |1 1 22 10 20 8 3 24 1 6 9 4 1 4 1 2 |4 16 16 8 16 6 14 2 7 15 17 2 2 1 1 6 |6 27 29 27 29 19 9 13 10 1 1 1 1 1 4 1 |16 17 50 172 117 15 5 12 2 1 15 11 18 1 2 1 |2 24 103 274 259 163 16 21 18 7 5 2 9 4 1 11 |3 11 36 212 262 250 99 21 21 16 1 21 11 18 1 23 |7 8 12 47 172 182 24 13 1 5 12 10 1 19 19 1 |1 1 1 32 21 22 1 1 1 19 19 1 1 1 6 14 |12 1 1 8 1 9 3 8 5 2 9 2 1 4 19 10 |
8147: 1 5 4 9 8 9 4 2 7 2 1 2 6 1 3 8 |9 6 1 5 9 1 13 9 5 6 2 14 24 1 1 4 |4 21 21 8 11 17 16 6 4 1 1 1 1 4 1 4 |1 1 22 10 20 8 3 24 1 6 9 4 1 4 1 2 |4 16 16 8 16 6 14 2 7 15 17 2 2 1 1 6 |6 27 29 27 29 19 9 13 10 1 1 1 1 1 4 1 |16 22 50 177 109 15 1 11 1 1 3 4 18 1 1 1 |2 19 110 271 262 173 7 24 28 19 21 1 7 1 1 8 |1 8 31 219 258 259 115 18 13 17 4 20 21 13 16 16 |1 1 19 39 164 193 37 13 1 1 18 6 1 20 16 2 |5 2 1 17 7 23 8 8 1 17 20 1 2 1 1 17 |14 1 4 23 3 1 1 8 5 2 11 6 2 5 18 15 |
8158: 1 5 4 9 8 9 4 2 7 2 1 2 6 1 3 8 |9 6 1 5 9 1 13 9 5 6 2 14 24 1 1 4 |4 21 21 8 11 17 16 6 4 1 1 1 1 4 1 4 |1 1 22 10 20 8 3 24 1 6 9 4 1 4 1 2 |4 16 16 8 16 6 14 2 7 15 17 2 2 1 1 6 |6 27 29 27 29 19 9 13 10 1 1 1 1 1 4 1 |16 22 50 177 109 15 1 11 1 1 3 4 18 1 1 1 |2 19 110 271 262 173 7 24 28 19 21 1 7 1 1 8 |1 8 31 219 258 259 115 18 13 17 4 20 21 13 16 16 |1 1 19 39 164 193 37 13 1 1 18 6 1 20 16 2 |5 2 1 17 7 23 8 8 1 17 20 1 2 1 1 17 |14 1 4 23 3 1 1 8 5 2 11 6 2 5 18 15 |
8169: 1 1 1 9 8 9 7 2 7 1 1 1 6 1 3 17 |8 6 1 1 1 8 1 1 1 1 4 14 23 1 1 4 |12 20 10 9 9 16 13 6 8 1 1 1 5 7 1 4 |6 16 22 9 20 7 3 22 1 5 11 8 1 1 1 1 |6 19 15 8 13 1 13 3 7 16 9 4 6 1 1 1 |6 28 31 36 27 19 8 14 10 1 1 1 9 9 2 1 |16 22 50 177 109 15 1 11 1 1 3 4 18 1 1 1 |2 19 110 271 262 173 7 24 28 19 21 1 7 1 1 8 |1 8 31 219 258 259 115 18 13 17 4 20 21 13 16 16 |1 1 19 39 164 193 37 13 1 1 18 6 1 20 16 2 |5 2 1 17 7 23 8 8 1 17 20 1 2 1 1 17 |14 1 4 23 3 1 1 8 5 2 11 6 2 5 18 15 |
8179: 1 1 1 9 8 9 7 2 7 1 1 1 6 1 3 17 |8 6 1 1 1 8 1 1 1 1 4 14 23 1 1 4 |12 20 10 9 9 16 13 6 8 1 1 1 5 7 1 4 |6 16 22 9 20 7 3 22 1 5 11 8 1 1 1 1 |6 19 15 8 13 1 13 3 7 16 9 4 6 1 1 1 |6 28 31 36 27 19 8 14 10 1 1 1 9 9 2 1 |16 29 55 189 111 15 3 11 1 1 14 10 18 1 1 1 |3 22 106 271 264 172 18 12 7 17 19 8 1 1 4 11 |4 6 36 226 259 263 115 12 28 17 3 15 12 13 3 24 |1 1 16 38 166 196 33 10 3 1 4 1 1 17 16 1 |5 2 1 24 26 23 8 8 1 18 19 1 2 1 1 16 |13 1 9 13 1 1 1 9 16 3 9 2 2 6 18 10 |
8190: 1 1 1 9 8 9 7 2 7 1 1 1 6 1 3 17 |8 6 1 1 1 8 1 1 1 1 4 14 23 1 1 4 |12 20 10 9 9 16 13 6 8 1 1 1 5 7 1 4 |6 16 22 9 20 7 3 22 1 5 11 8 1 1 1 1 |6 19 15 8 13 1 13 3 7 16 9 4 6 1 1 1 |6 28 31 36 27 19 8 14 10 1 1 1 9 9 2 1 |16 29 55 189 111 15 3 11 1 1 14 10 18 1 1 1 |3 22 106 271 264 172 18 12 7 17 19 8 1 1 4 11 |4 6 36 226 259 263 115 12 28 17 3 15 12 13 3 24 |1 1 16 38 166 196 33 10 3 1 4 1 1 17 16 1 |5 2 1 24 26 23 8 8 1 18 19 1 2 1 1 16 |13 1 9 13 1 1 1 9 16 3 9 2 2 6 18 10 |
8201: 1 1 4 1 1 1 13 2 6 1 1 2 6 1 3 4 |9 5 1 17 11 1 1 3 6 1 3 13 22 1 1 5 |6 22 22 8 5 17 13 4 4 1 3 1 1 4 1 3 |3 2 11 10 19 12 11 24 1 7 10 16 1 1 1 1 |5 24 5 10 18 7 11 1 7 12 10 5 2 1 1 1 |6 28 31 36 27 19 8 14 10 1 1 1 9 9 2 1 |16 29 55 189 111 15 3 11 1 1 14 10 18 1 1 1 |3 22 106 271 264 172 18 12 7 17 19 8 1 1 4 11 |4 6 36 226 259 263 115 12 28 17 3 15 12 13 3 24 |1 1 16 38 166 196 33 10 3 1 4 1 1 17 16 1 |5 2 1 24 26 23 8 8 1 18 19 1 2 1 1 16 |13 1 9 13 1 1 1 9 16 3 9 2 2 6 18 10 |
8211: 1 1 4 1 1 1 13 2 6 1 1 2 6 1 3 4 |9 5 1 17 11 1 1 3 6 1 3 13 22 1 1 5 |6 22 22 8 5 17 13 4 4 1 3 1 1 4 1 3 |3 2 11 10 19 12 11 24 1 7 10 16 1 1 1 1 |5 24 5 10 18 7 11 1 7 12 10 5 2 1 1 1 |8 30 27 37 26 20 9 12 11 1 1 1 8 1 1 1 |15 14 50 168 117 16 5 11 2 1 16 10 18 1 1 1 |1 18 103 277 259 172 10 23 25 8 20 2 12 2 8 5 |16 16 29 220 250 259 114 19 27 6 1 6 5 19 2 7 |1 10 12 45 166 210 56 14 3 5 18 9 4 21 19 8 |4 1 1 24 11 23 8 7 1 18 20 2 13 1 1 16 |20 1 1 14 1 1 1 4 13 3 1 6 1 1 17 10 |
8222: 1 1 4 1 1 1 13 2 6 1 1 2 6 1 3 4 |9 5 1 17 11 1 1 3 6 1 3 13 22 1 1 5 |6 22 22 8 5 17 13 4 4 1 3 1 1 4 1 3 |3 2 11 10 19 12 11 24 1 7 10 16 1 1 1 1 |5 24 5 10 18 7 11 1 7 12 10 5 2 1 1 1 |8 30 27 37 26 20 9 12 11 1 1 1 8 1 1 1 |15 14 50 168 117 16 5 11 2 1 16 10 18 1 1 1 |1 18 103 277 259 172 10 23 25 8 20 2 12 2 8 5 |16 16 29 220 250 259 114 19 27 6 1 6 5 19 2 7 |1 10 12 45 166 210 56 14 3 5 18 9 4 21 19 8 |4 1 1 24 11 23 8 7 1 18 20 2 13 1 1 16 |20 1 1 14 1 1 1 4 13 3 1 6 1 1 17 10 |
8233: 1 1 1 10 4 10 5 2 7 1 1 3 6 1 16 9 |8 5 1 4 1 2 1 1 7 1 4 15 22 1 7 6 |12 15 17 8 5 16 19 7 7 1 1 5 1 1 1 5 |4 13 21 2 20 12 3 23 1 7 9 9 1 3 1 1 |4 19 14 9 17 7 10 5 7 17 10 1 1 1 3 7 |8 30 27 37 26 20 9 12 11 1 1 1 8 1 1 1 |15 14 50 168 117 16 5 11 2 1 16 10 18 1 1 1 |1 18 103 277 259 172 10 23 25 8 20 2 12 2 8 5 |16 16 29 220 250 259 114 19 27 6 1 6 5 19 2 7 |1 10 12 45 166 210 56 14 3 5 18 9 4 21 19 8 |4 1 1 24 11 23 8 7 1 18 20 2 13 1 1 16 |20 1 1 14 1 1 1 4 13 3 1 6 1 1 17 10 |
8243: 1 1 1 10 4 10 5 2 7 1 1 3 6 1 16 9 |8 5 1 4 1 2 1 1 7 1 4 15 22 1 7 6 |12 15 17 8 5 16 19 7 7 1 1 5 1 1 1 5 |4 13 21 2 20 12 3 23 1 7 9 9 1 3 1 1 |4 19 14 9 17 7 10 5 7 17 10 1 1 1 3 7 |6 20 28 35 26 1 9 12 10 1 2 1 1 1 3 1 |14 30 51 154 116 15 5 11 1 1 15 11 4 1 1 1 |1 23 84 276 266 179 10 22 16 19 17 9 1 3 1 1 |7 17 31 196 255 251 117 22 20 17 1 21 6 16 14 16 |1 1 15 46 166 210 52 1 1 1 19 1 1 21 17 8 |1 1 11 24 16 23 4 8 1 19 20 1 1 1 1 17 |20 1 1 14 1 1 1 4 13 3 1 6 1 1 17 10 |
8254: 1 1 1 10 4 10 5 2 7 1 1 3 6 1 16 9 |8 5 1 4 1 2 1 1 7 1 4 15 22 1 7 6 |12 15 17 8 5 16 19 7 7 1 1 5 1 1 1 5 |4 13 21 2 20 12 3 23 1 7 9 9 1 3 1 1 |4 19 14 9 17 7 10 5 7 17 10 1 1 1 3 7 |6 20 28 35 26 1 9 12 10 1 2 1 1 1 3 1 |14 30 51 154 116 15 5 11 1 1 15 11 4 1 1 1 |1 23 84 276 266 179 10 22 16 19 17 9 1 3 1 1 |7 17 31 196 255 251 117 22 20 17 1 21 6 16 14 16 |1 1 15 46 166 210 52 1 1 1 19 1 1 21 17 8 |1 1 11 24 16 23 4 8 1 19 20 1 1 1 1 17 |21 1 1 13 8 8 1 8 6 2 9 6 3 5 19 15 |
8264: 1 11 1 1 1 12 4 2 6 1 1 3 6 1 3 3 |8 13 1 1 1 1 1 1 4 1 3 13 9 2 4 6 |11 14 1 8 5 15 19 8 1 1 1 4 1 3 1 4 |1 1 10 2 18 12 10 22 1 1 8 5 1 2 1 2 |4 19 14 9 17 7 10 5 7 17 10 1 1 1 3 7 |6 20 28 35 26 1 9 12 10 1 2 1 1 1 3 1 |14 30 51 154 116 15 5 11 1 1 15 11 4 1 1 1 |1 23 84 276 266 179 10 22 16 19 17 9 1 3 1 1 |7 17 31 196 255 251 117 22 20 17 1 21 6 16 14 16 |1 1 15 46 166 210 52 1 1 1 19 1 1 21 17 8 |1 1 11 24 16 23 4 8 1 19 20 1 1 1 1 17 |21 1 1 13 8 8 1 8 6 2 9 6 3 5 19 15 |
8274: 1 11 1 1 1 12 4 2 6 1 1 3 6 1 3 3 |8 13 1 1 1 1 1 1 4 1 3 13 9 2 4 6 |11 14 1 8 5 15 19 8 1 1 1 4 1 3 1 4 |1 1 10 2 18 12 10 22 1 1 8 5 1 2 1 2 |1 18 1 5 17 7 9 4 8 12 10 4 4 1 1 1 |6 12 14 22 26 4 1 14 9 1 1 2 5 7 1 1 |15 28 48 108 83 1 1 11 1 1 4 3 16 1 1 1 |1 16 47 279 268 144 16 20 21 21 18 1 1 3 1 1 |3 11 25 203 262 259 122 14 21 17 1 20 6 4 1 24 |7 1 7 47 179 211 45 17 2 1 4 9 1 19 12 2 |1 1 11 31 31 24 9 4 4 17 6 1 1 1 1 15 |21 1 1 13 8 8 1 8 6 2 9 6 3 5 19 15 |
8285: 1 11 1 1 1 12 4 2 6 1 1 3 6 1 3 3 |8 13 1 1 1 1 1 1 4 1 3 13 9 2 4 6 |11 14 1 8 5 15 19 8 1 1 1 4 1 3 1 4 |1 1 10 2 18 12 10 22 1 1 8 5 1 2 1 2 |1 18 1 5 17 7 9 4 8 12 10 4 4 1 1 1 |6 12 14 22 26 4 1 14 9 1 1 2 5 7 1 1 |15 28 48 108 83 1 1 11 1 1 4 3 16 1 1 1 |1 16 47 279 268 144 16 20 21 21 18 1 1 3 1 1 |3 11 25 203 262 259 122 14 21 17 1 20 6 4 1 24 |7 1 7 47 179 211 45 17 2 1 4 9 1 19 12 2 |1 1 11 31 31 24 9 4 4 17 6 1 1 1 1 15 |20 1 9 13 7 8 1 7 5 1 9 1 2 5 18 15 |
8296: 3 2 2 1 1 12 5 1 7 2 1 2 6 1 3 3 |9 6 1 1 1 1 1 1 1 1 3 11 22 1 1 1 |4 22 16 7 5 14 19 8 3 4 1 5 1 3 1 4 |1 14 17 1 2 1 3 22 1 7 1 7 1 3 1 1 |1 18 1 5 17 7 9 4 8 12 10 4 4 1 1 1 |6 12 14 22 26 4 1 14 9 1 1 2 5 7 1 1 |15 28 48 108 83 1 1 11 1 1 4 3 16 1 1 1 |1 16 47 279 268 144 16 20 21 21 18 1 1 3 1 1 |3 11 25 203 262 259 122 14 21 17 1 20 6 4 1 24 |7 1 7 47 179 211 45 17 2 1 4 9 1 19 12 2 |1 1 11 31 31 24 9 4 4 17 6 1 1 1 1 15 |20 1 9 13 7 8 1 7 5 1 9 1 2 5 18 15 |
8307: 3 2 2 1 1 12 5 1 7 2 1 2 6 1 3 3 |9 6 1 1 1 1 1 1 1 1 3 11 22 1 1 1 |4 22 16 7 5 14 19 8 3 4 1 5 1 3 1 4 |1 14 17 1 2 1 3 22 1 7 1 7 1 3 1 1 |4 17 13 10 17 7 9 4 8 12 9 1 1 1 3 7 |1 21 20 29 17 19 5 15 10 1 3 1 8 5 4 1 |17 13 28 49 29 1 12 1 1 1 3 3 2 1 1 1 |2 12 40 188 243 96 10 18 16 20 12 1 5 4 1 7 |10 3 19 126 257 240 42 21 16 16 1 19 5 18 1 21 |8 10 13 27 173 154 29 7 1 1 8 10 1 19 19 1 |4 7 1 25 31 22 2 8 1 18 20 1 15 1 1 17 |20 1 9 13 7 8 1 7 5 1 9 1 2 5 18 15 |
8318: 3 2 2 1 1 12 5 1 7 2 1 2 6 1 3 3 |9 6 1 1 1 1 1 1 1 1 3 11 22 1 1 1 |4 22 16 7 5 14 19 8 3 4 1 5 1 3 1 4 |1 14 17 1 2 1 3 22 1 7 1 7 1 3 1 1 |4 17 13 10 17 7 9 4 8 12 9 1 1 1 3 7 |1 21 20 29 17 19 5 15 10 1 3 1 8 5 4 1 |17 13 28 49 29 1 12 1 1 1 3 3 2 1 1 1 |2 12 40 188 243 96 10 18 16 20 12 1 5 4 1 7 |10 3 19 126 257 240 42 21 16 16 1 19 5 18 1 21 |8 10 13 27 173 154 29 7 1 1 8 10 1 19 19 1 |4 7 1 25 31 22 2 8 1 18 20 1 15 1 1 17 |20 1 1 8 1 8 2 8 5 2 9 2 1 6 18 15 |
8329: 2 2 2 1 1 1 1 3 6 1 1 2 3 1 3 4 |8 6 2 6 1 1 9 4 1 1 3 13 23 1 1 2 |4 22 16 7 5 14 19 8 3 4 1 5 1 3 1 4 |1 14 17 1 2 1 3 22 1 7 1 7 1 3 1 1 |4 17 13 10 17 7 9 4 8 12 9 1 1 1 3 7 |1 21 20 29 17 19 5 15 10 1 3 1 8 5 4 1 |17 13 28 49 29 1 12 1 1 1 3 3 2 1 1 1 |2 12 40 188 243 96 10 18 16 20 12 1 5 4 1 7 |10 3 19 126 257 240 42 21 16 16 1 19 5 18 1 21 |8 10 13 27 173 154 29 7 1 1 8 10 1 19 19 1 |4 7 1 25 31 22 2 8 1 18 20 1 15 1 1 17 |20 1 1 8 1 8 2 8 5 2 9 2 1 6 18 15 |
8340: 2 2 2 1 1 1 1 3 6 1 1 2 3 1 3 4 |8 6 2 6 1 1 9 4 1 1 3 13 23 1 1 2 |6 15 16 6 1 1 18 5 8 5 1 4 1 5 1 1 |1 12 16 1 1 11 3 21 1 6 1 8 1 3 1 1 |3 15 5 3 14 6 1 4 7 12 1 3 1 1 3 3 |7 21 11 16 1 10 6 15 8 3 2 3 1 3 1 1 |7 8 24 19 12 7 9 11 1 1 14 16 16 1 2 1 |6 16 19 28 29 9 9 14 18 6 14 3 6 1 3 7 |4 11 27 36 61 21 17 13 19 9 3 12 1 1 3 15 |8 1 8 34 41 32 11 3 1 4 18 1 6 12 4 1 |4 7 1 25 31 22 2 8 1 18 20 1 15 1 1 17 |20 1 1 8 1 8 2 8 5 2 9 2 1 6 18 15 |
8350: 2 2 2 1 1 1 1 3 6 1 1 2 3 1 3 4 |8 6 2 6 1 1 9 4 1 1 3 13 23 1 1 2 |6 15 16 6 1 1 18 5 8 5 1 4 1 5 1 1 |1 12 16 1 1 11 3 21 1 6 1 8 1 3 1 1 |3 15 5 3 14 6 1 4 7 12 1 3 1 1 3 3 |7 21 11 16 1 10 6 15 8 3 2 3 1 3 1 1 |7 8 24 19 12 7 9 11 1 1 14 16 16 1 2 1 |6 16 19 28 29 9 9 14 18 6 14 3 6 1 3 7 |4 11 27 36 61 21 17 13 19 9 3 12 1 1 3 15 |8 1 8 34 41 32 11 3 1 4 18 1 6 12 4 1 |1 1 1 19 22 8 1 8 1 18 19 1 1 1 1 16 |20 1 1 22 6 9 2 3 13 3 2 7 2 6 18 12 |
8361: 2 2 2 1 1 1 1 3 6 1 1 2 3 1 3 4 |8 6 2 6 1 1 9 4 1 1 3 13 23 1 1 2 |6 15 16 6 1 1 18 5 8 5 1 4 1 5 1 1 |1 12 16 1 1 11 3 21 1 6 1 8 1 3 1 1 |3 15 5 3 14 6 1 4 7 12 1 3 1 1 3 3 |7 21 11 16 1 10 6 15 8 3 2 3 1 3 1 1 |7 8 24 19 12 7 9 11 1 1 14 16 16 1 2 1 |6 16 19 28 29 9 9 14 18 6 14 3 6 1 3 7 |4 11 27 36 61 21 17 13 19 9 3 12 1 1 3 15 |8 1 8 34 41 32 11 3 1 4 18 1 6 12 4 1 |1 1 1 19 22 8 1 8 1 18 19 1 1 1 1 16 |20 1 1 22 6 9 2 3 13 3 2 7 2 6 18 12 |
8371: 1 1 3 1 1 2 10 2 6 1 1 2 6 1 16 7 |9 5 3 1 1 1 4 2 1 4 4 11 13 1 4 6 |10 15 1 7 13 3 17 8 1 3 1 1 1 3 1 1 |1 11 11 1 11 1 5 24 1 1 10 1 1 1 1 1 |1 8 1 9 1 1 3 4 3 11 3 3 6 1 1 1 |1 12 13 20 1 1 1 11 10 1 1 3 2 5 1 1 |14 22 19 1 1 1 1 11 1 1 1 14 10 1 1 5 |1 5 22 16 8 1 8 14 18 2 6 3 5 1 4 7 |4 11 27 36 61 21 17 13 19 9 3 12 1 1 3 15 |8 1 8 34 41 32 11 3 1 4 18 1 6 12 4 1 |1 1 1 19 22 8 1 8 1 18 19 1 1 1 1 16 |20 1 1 22 6 9 2 3 13 3 2 7 2 6 18 12 |
8382: 1 1 3 1 1 2 10 2 6 1 1 2 6 1 16 7 |9 5 3 1 1 1 4 2 1 4 4 11 13 1 4 6 |10 15 1 7 13 3 17 8 1 3 1 1 1 3 1 1 |1 11 11 1 11 1 5 24 1 1 10 1 1 1 1 1 |1 8 1 9 1 1 3 4 3 11 3 3 6 1 1 1 |1 12 13 20 1 1 1 11 10 1 1 3 2 5 1 1 |14 22 19 1 1 1 1 11 1 1 1 14 10 1 1 5 |1 5 22 16 8 1 8 14 18 2 6 3 5 1 4 7 |11 9 15 27 13 1 17 8 19 15 2 18 3 7 2 4 |9 2 11 26 35 13 1 1 1 3 16 1 1 17 3 1 |1 1 1 12 10 3 1 7 1 18 19 1 15 1 1 17 |21 1 13 21 10 9 8 2 6 3 10 6 1 1 19 15 |
8392: 1 1 3 1 1 2 10 2 6 1 1 2 6 1 16 7 |9 5 3 1 1 1 4 2 1 4 4 11 13 1 4 6 |10 15 1 7 13 3 17 8 1 3 1 1 1 3 1 1 |1 11 11 1 11 1 5 24 1 1 10 1 1 1 1 1 |1 8 1 9 1 1 3 4 3 11 3 3 6 1 1 1 |1 12 13 20 1 1 1 11 10 1 1 3 2 5 1 1 |14 22 19 1 1 1 1 11 1 1 1 14 10 1 1 5 |1 5 22 16 8 1 8 14 18 2 6 3 5 1 4 7 |11 9 15 27 13 1 17 8 19 15 2 18 3 7 2 4 |9 2 11 26 35 13 1 1 1 3 16 1 1 17 3 1 |1 1 1 12 10 3 1 7 1 18 19 1 15 1 1 17 |21 1 13 21 10 9 8 2 6 3 10 6 1 1 19 15 |
8403: 1 4 1 1 1 2 4 1 6 1 1 2 5 1 17 7 |3 7 1 1 1 1 9 4 1 1 3 14 23 1 3 8 |10 14 16 13 1 1 17 8 4 1 2 3 4 3 1 3 |1 7 18 1 1 4 1 20 1 1 8 4 1 3 1 1 |1 8 7 14 4 1 1 4 7 2 16 2 2 5 1 3 |1 21 3 7 1 1 1 13 10 1 1 1 1 7 1 2 |13 12 16 5 1 1 2 11 1 1 8 17 11 1 1 1 |1 8 9 9 12 1 7 14 18 5 5 3 5 1 1 8 |11 9 15 27 13 1 17 8 19 15 2 18 3 7 2 4 |9 2 11 26 35 13 1 1 1 3 16 1 1 17 3 1 |1 1 1 12 10 3 1 7 1 18 19 1 15 1 1 17 |21 1 13 21 10 9 8 2 6 3 10 6 1 1 19 15 |
8413: 1 4 1 1 1 2 4 1 6 1 1 2 5 1 17 7 |3 7 1 1 1 1 9 4 1 1 3 14 23 1 3 8 |10 14 16 13 1 1 17 8 4 1 2 3 4 3 1 3 |1 7 18 1 1 4 1 20 1 1 8 4 1 3 1 1 |1 8 7 14 4 1 1 4 7 2 16 2 2 5 1 3 |1 21 3 7 1 1 1 13 10 1 1 1 1 7 1 2 |13 12 16 5 1 1 2 11 1 1 8 17 11 1 1 1 |1 8 9 9 12 1 7 14 18 5 5 3 5 1 1 8 |13 5 27 2 12 3 16 8 19 6 2 18 2 7 3 8 |9 14 23 33 29 14 3 7 1 4 17 1 6 12 15 1 |1 7 18 33 23 14 1 8 1 18 19 1 1 1 1 17 |23 8 12 26 1 8 8 8 6 2 9 5 3 6 17 15 |
8424: 1 4 1 1 1 2 4 1 6 1 1 2 5 1 17 7 |3 7 1 1 1 1 9 4 1 1 3 14 23 1 3 8 |10 14 16 13 1 1 17 8 4 1 2 3 4 3 1 3 |1 7 18 1 1 4 1 20 1 1 8 4 1 3 1 1 |1 8 7 14 4 1 1 4 7 2 16 2 2 5 1 3 |1 21 3 7 1 1 1 13 10 1 1 1 1 7 1 2 |13 12 16 5 1 1 2 11 1 1 8 17 11 1 1 1 |1 8 9 9 12 1 7 14 18 5 5 3 5 1 1 8 |13 5 27 2 12 3 16 8 19 6 2 18 2 7 3 8 |9 14 23 33 29 14 3 7 1 4 17 1 6 12 15 1 |1 7 18 33 23 14 1 8 1 18 19 1 1 1 1 17 |23 8 12 26 1 8 8 8 6 2 9 5 3 6 17 15 |
8434: 1 10 1 1 1 1 10 2 6 1 1 2 6 1 17 13 |8 3 1 1 1 1 9 4 1 3 2 14 21 3 4 6 |9 6 16 6 12 2 18 9 1 3 1 3 1 2 1 1 |1 6 17 1 1 1 2 22 1 1 1 1 1 2 1 1 |1 1 8 14 5 1 1 3 3 11 2 4 6 1 3 3 |1 9 1 7 1 1 4 13 9 1 2 3 2 5 3 1 |13 12 16 5 1 1 2 11 1 1 8 17 11 1 1 1 |1 8 9 9 12 1 7 14 18 5 5 3 5 1 1 8 |13 5 27 2 12 3 16 8 19 6 2 18 2 7 3 8 |9 14 23 33 29 14 3 7 1 4 17 1 6 12 15 1 |1 7 18 33 23 14 1 8 1 18 19 1 1 1 1 17 |23 8 12 26 1 8 8 8 6 2 9 5 3 6 17 15 |
8445: 1 10 1 1 1 1 10 2 6 1 1 2 6 1 17 13 |8 3 1 1 1 1 9 4 1 3 2 14 21 3 4 6 |9 6 16 6 12 2 18 9 1 3 1 3 1 2 1 1 |1 6 17 1 1 1 2 22 1 1 1 1 1 2 1 1 |1 1 8 14 5 1 1 3 3 11 2 4 6 1 3 3 |1 9 1 7 1 1 4 13 9 1 2 3 2 5 3 1 |15 22 22 4 1 1 1 11 2 1 16 10 16 1 1 1 |11 9 23 3 14 1 8 12 17 2 4 2 6 1 3 7 |12 35 64 20 2 3 12 2 18 3 2 11 1 4 1 4 |7 31 203 185 22 13 8 1 1 5 17 10 5 20 13 1 |1 15 109 191 35 3 1 7 11 19 22 9 13 1 14 18 |23 8 13 47 3 7 3 7 6 2 10 6 1 1 18 8 |
8456: 1 10 1 1 1 1 10 2 6 1 1 2 6 1 17 13 |8 3 1 1 1 1 9 4 1 3 2 14 21 3 4 6 |9 6 16 6 12 2 18 9 1 3 1 3 1 2 1 1 |1 6 17 1 1 1 2 22 1 1 1 1 1 2 1 1 |1 1 8 14 5 1 1 3 3 11 2 4 6 1 3 3 |1 9 1 7 1 1 4 13 9 1 2 3 2 5 3 1 |15 22 22 4 1 1 1 11 2 1 16 10 16 1 1 1 |11 9 23 3 14 1 8 12 17 2 4 2 6 1 3 7 |12 35 64 20 2 3 12 2 18 3 2 11 1 4 1 4 |7 31 203 185 22 13 8 1 1 5 17 10 5 20 13 1 |1 15 109 191 35 3 1 7 11 19 22 9 13 1 14 18 |23 8 13 47 3 7 3 7 6 2 10 6 1 1 18 8 |
8467: 1 1 1 1 1 2 4 1 7 1 1 1 5 1 3 4 |9 6 1 1 3 1 1 1 1 1 2 14 23 1 6 6 |11 21 22 7 12 2 16 5 3 1 2 3 1 2 1 1 |1 6 17 1 1 1 2 22 1 1 1 1 1 2 1 1 |1 1 8 14 5 1 1 3 3 11 2 4 6 1 3 3 |1 9 1 7 1 1 4 13 9 1 2 3 2 5 3 1 |15 22 22 4 1 1 1 11 2 1 16 10 16 1 1 1 |11 9 23 3 14 1 8 12 17 2 4 2 6 1 3 7 |12 35 64 20 2 3 12 2 18 3 2 11 1 4 1 4 |7 31 203 185 22 13 8 1 1 5 17 10 5 20 13 1 |1 15 109 191 35 3 1 7 11 19 22 9 13 1 14 18 |23 8 13 47 3 7 3 7 6 2 10 6 1 1 18 8 |
8478: 1 1 1 1 1 2 4 1 7 1 1 1 5 1 3 4 |9 6 1 1 3 1 1 1 1 1 2 14 23 1 6 6 |11 21 22 7 12 2 16 5 3 1 2 3 1 2 1 1 |1 2 22 1 2 1 4 23 1 1 11 7 1 4 1 2 |1 15 6 17 4 1 1 3 7 11 2 3 2 1 3 1 |1 21 13 22 7 1 1 12 11 1 1 3 6 7 1 2 |16 22 32 12 1 1 5 10 1 1 1 15 15 1 1 2 |12 22 31 1 14 1 8 7 18 2 6 2 8 1 4 6 |26 135 207 64 6 4 17 10 8 17 1 20 8 5 3 12 |17 134 263 262 50 8 1 17 3 1 7 1 1 20 15 1 |10 29 198 265 77 9 1 1 1 20 21 9 14 1 12 18 |19 1 32 65 8 1 8 8 6 2 10 7 1 1 19 16 |
8488: 1 1 1 1 1 2 4 1 7 1 1 1 5 1 3 4 |9 6 1 1 3 1 1 1 1 1 2 14 23 1 6 6 |11 21 22 7 12 2 16 5 3 1 2 3 1 2 1 1 |1 2 22 1 2 1 4 23 1 1 11 7 1 4 1 2 |1 15 6 17 4 1 1 3 7 11 2 3 2 1 3 1 |1 21 13 22 7 1 1 12 11 1 1 3 6 7 1 2 |16 22 32 12 1 1 5 10 1 1 1 15 15 1 1 2 |12 22 31 1 14 1 8 7 18 2 6 2 8 1 4 6 |26 135 207 64 6 4 17 10 8 17 1 20 8 5 3 12 |17 134 263 262 50 8 1 17 3 1 7 1 1 20 15 1 |10 29 198 265 77 9 1 1 1 20 21 9 14 1 12 18 |19 1 32 65 8 1 8 8 6 2 10 7 1 1 19 16 |
8499: 1 18 9 9 1 1 10 3 7 1 1 1 6 1 16 8 |9 6 1 1 3 1 1 1 1 1 2 14 23 1 6 6 |11 21 22 7 12 2 16 5 3 1 2 3 1 2 1 1 |1 2 22 1 2 1 4 23 1 1 11 7 1 4 1 2 |1 15 6 17 4 1 1 3 7 11 2 3 2 1 3 1 |1 21 13 22 7 1 1 12 11 1 1 3 6 7 1 2 |16 22 32 12 1 1 5 10 1 1 1 15 15 1 1 2 |12 22 31 1 14 1 8 7 18 2 6 2 8 1 4 6 |26 135 207 64 6 4 17 10 8 17 1 20 8 5 3 12 |17 134 263 262 50 8 1 17 3 1 7 1 1 20 15 1 |10 29 198 265 77 9 1 1 1 20 21 9 14 1 12 18 |19 1 32 65 8 1 8 8 6 2 10 7 1 1 19 16 |
8509: 1 18 9 9 1 1 10 3 7 1 1 1 6 1 16 8 |8 15 1 16 1 1 9 7 1 1 2 12 9 3 3 5 |10 10 10 9 13 3 16 9 1 1 4 1 1 4 1 1 |1 14 22 1 11 1 5 22 1 1 9 7 1 1 2 1 |1 4 14 17 6 2 2 4 7 11 3 4 1 1 1 1 |1 25 5 22 8 1 1 12 10 1 1 3 6 8 2 2 |17 28 24 13 1 1 1 11 1 1 1 14 16 1 1 1 |19 43 35 17 3 1 9 13 21 11 18 3 7 1 4 2 |34 198 258 87 8 1 18 13 12 17 1 20 9 11 1 11 |12 174 254 266 61 11 1 10 4 1 4 7 1 8 18 3 |14 51 217 275 96 4 1 8 1 8 10 11 15 2 10 8 |19 1 32 65 8 1 8 8 6 2 10 7 1 1 19 16 |
8520: 1 18 9 9 1 1 10 3 7 1 1 1 6 1 16 8 |8 15 1 16 1 1 9 7 1 1 2 12 9 3 3 5 |10 10 10 9 13 3 16 9 1 1 4 1 1 4 1 1 |1 14 22 1 11 1 5 22 1 1 9 7 1 1 2 1 |1 4 14 17 6 2 2 4 7 11 3 4 1 1 1 1 |1 25 5 22 8 1 1 12 10 1 1 3 6 8 2 2 |17 28 24 13 1 1 1 11 1 1 1 14 16 1 1 1 |19 43 35 17 3 1 9 13 21 11 18 3 7 1 4 2 |34 198 258 87 8 1 18 13 12 17 1 20 9 11 1 11 |12 174 254 266 61 11 1 10 4 1 4 7 1 8 18 3 |14 51 217 275 96 4 1 8 1 8 10 11 15 2 10 8 |9 7 40 81 1 9 8 9 16 13 11 6 1 1 11 5 |
8531: 1 18 9 1 1 1 9 2 6 1 1 2 5 1 16 9 |8 15 1 16 1 1 9 7 1 1 2 12 9 3 3 5 |10 10 10 9 13 3 16 9 1 1 4 1 1 4 1 1 |1 14 22 1 11 1 5 22 1 1 9 7 1 1 2 1 |1 4 14 17 6 2 2 4 7 11 3 4 1 1 1 1 |1 25 5 22 8 1 1 12 10 1 1 3 6 8 2 2 |17 28 24 13 1 1 1 11 1 1 1 14 16 1 1 1 |19 43 35 17 3 1 9 13 21 11 18 3 7 1 4 2 |34 198 258 87 8 1 18 13 12 17 1 20 9 11 1 11 |12 174 254 266 61 11 1 10 4 1 4 7 1 8 18 3 |14 51 217 275 96 4 1 8 1 8 10 11 15 2 10 8 |9 7 40 81 1 9 8 9 16 13 11 6 1 1 11 5 |
8542: 1 18 9 1 1 1 9 2 6 1 1 2 5 1 16 9 |9 16 8 8 1 1 5 1 1 1 3 13 14 1 1 1 |12 14 10 10 13 7 17 8 1 1 3 5 1 4 1 2 |1 15 23 8 11 3 1 21 1 1 9 3 1 4 1 1 |1 16 1 17 7 1 2 4 2 11 3 1 1 8 1 1 |5 27 5 8 10 1 1 12 11 1 1 1 1 7 2 2 |19 21 20 9 1 1 1 11 1 1 5 15 17 1 1 1 |21 51 49 5 9 1 9 13 19 12 5 1 8 1 4 9 |34 221 262 130 13 1 11 1 20 17 2 20 10 18 1 26 |12 174 254 266 61 11 1 10 4 1 4 7 1 8 18 3 |14 51 217 275 96 4 1 8 1 8 10 11 15 2 10 8 |9 7 40 81 1 9 8 9 16 13 11 6 1 1 11 5 |
8552: 1 18 9 1 1 1 9 2 6 1 1 2 5 1 16 9 |9 16 8 8 1 1 5 1 1 1 3 13 14 1 1 1 |12 14 10 10 13 7 17 8 1 1 3 5 1 4 1 2 |1 15 23 8 11 3 1 21 1 1 9 3 1 4 1 1 |1 16 1 17 7 1 2 4 2 11 3 1 1 8 1 1 |5 27 5 8 10 1 1 12 11 1 1 1 1 7 2 2 |19 21 20 9 1 1 1 11 1 1 5 15 17 1 1 1 |21 51 49 5 9 1 9 13 19 12 5 1 8 1 4 9 |34 221 262 130 13 1 11 1 20 17 2 20 10 18 1 26 |9 182 264 277 73 6 5 8 1 1 6 7 1 20 13 8 |8 60 230 282 114 6 1 8 1 20 16 1 17 1 8 12 |23 5 26 75 3 8 3 1 6 14 11 12 1 1 17 16 |
8563: 1 18 9 1 1 1 9 2 6 1 1 2 5 1 16 9 |9 16 8 8 1 1 5 1 1 1 3 13 14 1 1 1 |12 14 10 10 13 7 17 8 1 1 3 5 1 4 1 2 |1 15 23 8 11 3 1 21 1 1 9 3 1 4 1 1 |1 16 1 17 7 1 2 4 2 11 3 1 1 8 1 1 |5 27 5 8 10 1 1 12 11 1 1 1 1 7 2 2 |19 21 20 9 1 1 1 11 1 1 5 15 17 1 1 1 |21 51 49 5 9 1 9 13 19 12 5 1 8 1 4 9 |34 221 262 130 13 1 11 1 20 17 2 20 10 18 1 26 |9 182 264 277 73 6 5 8 1 1 6 7 1 20 13 8 |8 60 230 282 114 6 1 8 1 20 16 1 17 1 8 12 |23 5 26 75 3 8 3 1 6 14 11 12 1 1 17 16 |
8573: 1 8 11 2 1 1 4 1 6 1 1 1 6 1 3 2 |8 15 8 4 3 2 11 1 4 1 1 2 5 1 4 11 |12 21 24 7 1 1 6 5 8 5 1 4 5 5 1 4 |1 20 23 9 7 1 1 20 1 1 11 4 1 1 1 1 |3 15 3 3 1 1 10 4 7 11 3 3 1 1 1 1 |1 27 15 10 7 1 1 13 11 3 1 1 1 7 2 2 |16 16 24 6 1 1 11 1 1 1 17 10 7 1 1 1 |20 52 56 5 14 2 8 13 19 12 6 1 6 1 4 10 |35 219 268 143 7 1 19 17 13 18 2 21 7 6 1 11 |9 182 264 277 73 6 5 8 1 1 6 7 1 20 13 8 |8 60 230 282 114 6 1 8 1 20 16 1 17 1 8 12 |23 5 26 75 3 8 3 1 6 14 11 12 1 1 17 16 |
8584: 1 8 11 2 1 1 4 1 6 1 1 1 6 1 3 2 |8 15 8 4 3 2 11 1 4 1 1 2 5 1 4 11 |12 21 24 7 1 1 6 5 8 5 1 4 5 5 1 4 |1 20 23 9 7 1 1 20 1 1 11 4 1 1 1 1 |3 15 3 3 1 1 10 4 7 11 3 3 1 1 1 1 |1 27 15 10 7 1 1 13 11 3 1 1 1 7 2 2 |16 16 24 6 1 1 11 1 1 1 17 10 7 1 1 1 |20 52 56 5 14 2 8 13 19 12 6 1 6 1 4 10 |35 219 268 143 7 1 19 17 13 18 2 21 7 6 1 11 |21 186 256 284 101 9 11 4 1 1 4 9 5 21 13 3 |1 44 213 292 131 6 1 1 4 19 17 1 3 1 1 10 |24 8 32 79 5 8 1 7 6 3 11 12 1 1 19 16 |
8594: 1 8 11 2 1 1 4 1 6 1 1 1 6 1 3 2 |8 15 8 4 3 2 11 1 4 1 1 2 5 1 4 11 |12 21 24 7 1 1 6 5 8 5 1 4 5 5 1 4 |1 20 23 9 7 1 1 20 1 1 11 4 1 1 1 1 |3 15 3 3 1 1 10 4 7 11 3 3 1 1 1 1 |1 27 15 10 7 1 1 13 11 3 1 1 1 7 2 2 |16 16 24 6 1 1 11 1 1 1 17 10 7 1 1 1 |20 52 56 5 14 2 8 13 19 12 6 1 6 1 4 10 |35 219 268 143 7 1 19 17 13 18 2 21 7 6 1 11 |21 186 256 284 101 9 11 4 1 1 4 9 5 21 13 3 |1 44 213 292 131 6 1 1 4 19 17 1 3 1 1 10 |24 8 32 79 5 8 1 7 6 3 11 12 1 1 19 16 |
8605: 1 10 11 2 1 1 3 3 7 1 1 1 6 1 3 3 |8 16 7 1 1 1 1 1 1 1 3 13 23 1 1 1 |11 14 22 8 13 2 16 9 2 1 1 4 1 4 2 1 |1 15 23 10 7 1 1 24 1 11 11 11 1 3 1 1 |1 16 4 3 7 1 1 3 7 12 1 1 1 1 1 1 |6 21 15 22 7 1 1 11 11 1 1 1 1 8 2 2 |19 23 23 9 1 1 5 11 1 1 5 15 16 1 1 1 |21 59 59 16 9 1 9 13 20 12 6 1 6 1 4 8 |35 219 268 143 7 1 19 17 13 18 2 21 7 6 1 11 |21 186 256 284 101 9 11 4 1 1 4 9 5 21 13 3 |1 44 213 292 131 6 1 1 4 19 17 1 3 1 1 10 |24 8 32 79 5 8 1 7 6 3 11 12 1 1 19 16 |
8616: 1 10 11 2 1 1 3 3 7 1 1 1 6 1 3 3 |8 16 7 1 1 1 1 1 1 1 3 13 23 1 1 1 |11 14 22 8 13 2 16 9 2 1 1 4 1 4 2 1 |1 15 23 10 7 1 1 24 1 11 11 11 1 3 1 1 |1 16 4 3 7 1 1 3 7 12 1 1 1 1 1 1 |6 21 15 22 7 1 1 11 11 1 1 1 1 8 2 2 |19 23 23 9 1 1 5 11 1 1 5 15 16 1 1 1 |21 59 59 16 9 1 9 13 20 12 6 1 6 1 4 8 |32 209 275 142 20 3 18 12 7 16 3 29 9 12 1 7 |12 172 257 285 104 7 9 8 10 1 19 7 1 17 13 2 |2 53 221 274 132 3 1 9 4 21 17 1 17 1 13 6 |21 1 26 81 1 8 8 8 16 15 12 7 1 1 18 10 |
8627: 1 10 11 2 1 1 3 3 7 1 1 1 6 1 3 3 |8 16 7 1 1 1 1 1 1 1 3 13 23 1 1 1 |11 14 22 8 13 2 16 9 2 1 1 4 1 4 2 1 |1 15 23 10 7 1 1 24 1 11 11 11 1 3 1 1 |1 16 4 3 7 1 1 3 7 12 1 1 1 1 1 1 |6 21 15 22 7 1 1 11 11 1 1 1 1 8 2 2 |19 23 23 9 1 1 5 11 1 1 5 15 16 1 1 1 |21 59 59 16 9 1 9 13 20 12 6 1 6 1 4 8 |32 209 275 142 20 3 18 12 7 16 3 29 9 12 1 7 |12 172 257 285 104 7 9 8 10 1 19 7 1 17 13 2 |2 53 221 274 132 3 1 9 4 21 17 1 17 1 13 6 |21 1 26 81 1 8 8 8 16 15 12 7 1 1 18 10 |
8638: 1 11 10 9 1 1 1 1 1 3 1 2 1 1 10 8 |8 15 7 15 2 1 9 8 1 1 3 12 23 1 5 5 |8 20 22 7 13 3 14 7 4 1 1 1 1 4 1 2 |1 15 23 8 12 1 3 22 1 5 8 8 1 1 1 1 |4 15 12 10 1 1 1 4 7 12 9 4 1 1 1 1 |5 28 18 22 10 1 1 15 8 1 1 1 1 1 2 1 |19 29 29 17 1 8 10 11 1 1 15 10 16 1 1 1 |19 50 59 12 14 1 8 13 17 6 18 4 7 1 5 8 |32 209 275 142 20 3 18 12 7 16 3 29 9 12 1 7 |12 172 257 285 104 7 9 8 10 1 19 7 1 17 13 2 |2 53 221 274 132 3 1 9 4 21 17 1 17 1 13 6 |21 1 26 81 1 8 8 8 16 15 12 7 1 1 18 10 |
8648: 1 11 10 9 1 1 1 1 1 3 1 2 1 1 10 8 |8 15 7 15 2 1 9 8 1 1 3 12 23 1 5 5 |8 20 22 7 13 3 14 7 4 1 1 1 1 4 1 2 |1 15 23 8 12 1 3 22 1 5 8 8 1 1 1 1 |4 15 12 10 1 1 1 4 7 12 9 4 1 1 1 1 |5 28 18 22 10 1 1 15 8 1 1 1 1 1 2 1 |19 29 29 17 1 8 10 11 1 1 15 10 16 1 1 1 |19 50 59 12 14 1 8 13 17 6 18 4 7 1 5 8 |26 221 273 138 7 1 17 19 25 18 4 19 10 13 1 17 |1 168 266 276 95 6 1 1 1 1 6 1 1 21 15 10 |2 42 228 294 138 8 1 8 4 20 16 1 16 2 9 6 |9 1 38 94 12 8 4 3 13 24 7 1 1 1 19 8 |
8659: 1 11 10 9 1 1 1 1 1 3 1 2 1 1 10 8 |8 15 7 15 2 1 9 8 1 1 3 12 23 1 5 5 |8 20 22 7 13 3 14 7 4 1 1 1 1 4 1 2 |1 15 23 8 12 1 3 22 1 5 8 8 1 1 1 1 |4 15 12 10 1 1 1 4 7 12 9 4 1 1 1 1 |5 28 18 22 10 1 1 15 8 1 1 1 1 1 2 1 |19 29 29 17 1 8 10 11 1 1 15 10 16 1 1 1 |19 50 59 12 14 1 8 13 17 6 18 4 7 1 5 8 |26 221 273 138 7 1 17 19 25 18 4 19 10 13 1 17 |1 168 266 276 95 6 1 1 1 1 6 1 1 21 15 10 |2 42 228 294 138 8 1 8 4 20 16 1 16 2 9 6 |9 1 38 94 12 8 4 3 13 24 7 1 1 1 19 8 |
8669: 1 12 10 8 1 1 10 3 8 1 1 1 6 1 3 4 |8 7 13 13 1 1 1 1 1 1 4 12 22 2 1 4 |11 6 21 8 13 3 1 7 3 1 1 3 1 3 1 4 |1 14 23 1 14 3 1 21 1 6 9 4 1 2 1 1 |1 3 1 4 6 1 3 4 3 12 9 2 1 1 1 1 |6 28 17 23 7 1 7 13 10 1 2 3 1 4 2 1 |18 22 19 5 4 1 11 1 1 1 14 10 15 1 1 1 |20 45 50 5 5 1 8 13 21 12 18 3 6 1 4 8 |26 221 273 138 7 1 17 19 25 18 4 19 10 13 1 17 |1 168 266 276 95 6 1 1 1 1 6 1 1 21 15 10 |2 42 228 294 138 8 1 8 4 20 16 1 16 2 9 6 |9 1 38 94 12 8 4 3 13 24 7 1 1 1 19 8 |
8680: 1 12 10 8 1 1 10 3 8 1 1 1 6 1 3 4 |8 7 13 13 1 1 1 1 1 1 4 12 22 2 1 4 |11 6 21 8 13 3 1 7 3 1 1 3 1 3 1 4 |1 14 23 1 14 3 1 21 1 6 9 4 1 2 1 1 |1 3 1 4 6 1 3 4 3 12 9 2 1 1 1 1 |6 28 17 23 7 1 7 13 10 1 2 3 1 4 2 1 |18 22 19 5 4 1 11 1 1 1 14 10 15 1 1 1 |20 45 50 5 5 1 8 13 21 12 18 3 6 1 4 8 |23 211 271 143 6 2 13 17 19 16 1 8 1 4 1 23 |17 166 260 283 104 7 6 6 1 5 24 4 6 22 16 1 |1 50 220 282 131 12 1 1 1 8 23 10 18 2 9 6 |13 1 24 97 12 8 2 8 14 10 10 5 1 1 19 9 |
8691: 1 12 10 8 1 1 10 3 8 1 1 1 6 1 3 4 |8 7 13 13 1 1 1 1 1 1 4 12 22 2 1 4 |11 6 21 8 13 3 1 7 3 1 1 3 1 3 1 4 |1 14 23 1 14 3 1 21 1 6 9 4 1 2 1 1 |1 3 1 4 6 1 3 4 3 12 9 2 1 1 1 1 |6 28 17 23 7 1 7 13 10 1 2 3 1 4 2 1 |18 22 19 5 4 1 11 1 1 1 14 10 15 1 1 1 |20 45 50 5 5 1 8 13 21 12 18 3 6 1 4 8 |23 211 271 143 6 2 13 17 19 16 1 8 1 4 1 23 |17 166 260 283 104 7 6 6 1 5 24 4 6 22 16 1 |1 50 220 282 131 12 1 1 1 8 23 10 18 2 9 6 |13 1 24 97 12 8 2 8 14 10 10 5 1 1 19 9 |
8702: 2 3 1 10 1 1 4 2 7 1 1 2 5 1 4 3 |4 15 7 1 2 1 9 4 1 1 3 13 22 3 1 5 |11 10 21 8 10 1 7 5 9 1 1 4 2 4 1 3 |1 6 24 1 11 1 1 20 1 5 8 8 1 1 1 2 |3 16 11 15 7 1 8 1 9 2 17 1 1 1 1 1 |1 26 17 22 8 1 1 13 9 1 1 1 8 8 2 1 |19 21 24 10 1 1 1 11 1 1 14 15 11 1 2 1 |20 45 50 5 5 1 8 13 21 12 18 3 6 1 4 8 |23 211 271 143 6 2 13 17 19 16 1 8 1 4 1 23 |17 166 260 283 104 7 6 6 1 5 24 4 6 22 16 1 |1 50 220 282 131 12 1 1 1 8 23 10 18 2 9 6 |13 1 24 97 12 8 2 8 14 10 10 5 1 1 19 9 |
8712: 2 3 1 10 1 1 4 2 7 1 1 2 5 1 4 3 |4 15 7 1 2 1 9 4 1 1 3 13 22 3 1 5 |11 10 21 8 10 1 7 5 9 1 1 4 2 4 1 3 |1 6 24 1 11 1 1 20 1 5 8 8 1 1 1 2 |3 16 11 15 7 1 8 1 9 2 17 1 1 1 1 1 |1 26 17 22 8 1 1 13 9 1 1 1 8 8 2 1 |19 21 24 10 1 1 1 11 1 1 14 15 11 1 2 1 |19 42 44 6 14 1 5 16 18 5 5 3 7 1 4 9 |28 195 263 116 7 1 17 12 9 16 1 21 6 5 1 12 |7 171 258 284 88 3 9 7 1 5 12 1 1 6 17 9 |10 43 223 292 138 4 1 8 1 6 9 6 15 3 13 16 |13 1 38 88 7 9 2 9 16 9 10 8 1 1 19 9 |
8722: 2 3 1 10 1 1 4 2 7 1 1 2 5 1 4 3 |4 15 7 1 2 1 9 4 1 1 3 13 22 3 1 5 |11 10 21 8 10 1 7 5 9 1 1 4 2 4 1 3 |1 6 24 1 11 1 1 20 1 5 8 8 1 1 1 2 |3 16 11 15 7 1 8 1 9 2 17 1 1 1 1 1 |1 26 17 22 8 1 1 13 9 1 1 1 8 8 2 1 |19 21 24 10 1 1 1 11 1 1 14 15 11 1 2 1 |19 42 44 6 14 1 5 16 18 5 5 3 7 1 4 9 |28 195 263 116 7 1 17 12 9 16 1 21 6 5 1 12 |7 171 258 284 88 3 9 7 1 5 12 1 1 6 17 9 |10 43 223 292 138 4 1 8 1 6 9 6 15 3 13 16 |13 1 38 88 7 9 2 9 16 9 10 8 1 1 19 9 |
8733: 2 9 9 10 1 2 3 2 6 1 1 2 6 1 4 3 |1 15 8 15 1 1 9 4 1 1 3 11 23 3 3 7 |10 22 24 7 12 8 17 8 2 1 1 4 1 3 1 2 |1 14 19 3 11 1 1 20 1 6 8 7 1 1 1 1 |1 15 9 3 8 1 10 6 7 4 16 3 1 1 1 1 |1 21 12 21 1 1 1 13 10 1 1 2 9 7 3 1 |17 13 24 9 1 1 1 11 1 1 16 16 16 1 1 1 |19 42 44 6 14 1 5 16 18 5 5 3 7 1 4 9 |28 195 263 116 7 1 17 12 9 16 1 21 6 5 1 12 |7 171 258 284 88 3 9 7 1 5 12 1 1 6 17 9 |10 43 223 292 138 4 1 8 1 6 9 6 15 3 13 16 |13 1 38 88 7 9 2 9 16 9 10 8 1 1 19 9 |
8744: 2 9 9 10 1 2 3 2 6 1 1 2 6 1 4 3 |1 15 8 15 1 1 9 4 1 1 3 11 23 3 3 7 |10 22 24 7 12 8 17 8 2 1 1 4 1 3 1 2 |1 14 19 3 11 1 1 20 1 6 8 7 1 1 1 1 |1 15 9 3 8 1 10 6 7 4 16 3 1 1 1 1 |1 21 12 21 1 1 1 13 10 1 1 2 9 7 3 1 |17 13 24 9 1 1 1 11 1 1 16 16 16 1 1 1 |6 35 32 17 12 1 6 16 19 5 5 1 5 1 3 7 |15 129 232 95 6 4 18 15 12 17 3 19 9 5 4 14 |17 134 265 271 78 13 1 1 1 1 6 1 1 20 12 1 |2 51 221 286 122 10 1 2 4 9 8 1 3 1 1 9 |23 8 40 88 4 8 2 8 15 14 11 7 1 1 18 8 |
8754: 2 9 9 10 1 2 3 2 6 1 1 2 6 1 4 3 |1 15 8 15 1 1 9 4 1 1 3 11 23 3 3 7 |10 22 24 7 12 8 17 8 2 1 1 4 1 3 1 2 |1 14 19 3 11 1 1 20 1 6 8 7 1 1 1 1 |1 15 9 3 8 1 10 6 7 4 16 3 1 1 1 1 |1 21 12 21 1 1 1 13 10 1 1 2 9 7 3 1 |17 13 24 9 1 1 1 11 1 1 16 16 16 1 1 1 |6 35 32 17 12 1 6 16 19 5 5 1 5 1 3 7 |15 129 232 95 6 4 18 15 12 17 3 19 9 5 4 14 |17 134 265 271 78 13 1 1 1 1 6 1 1 20 12 1 |2 51 221 286 122 10 1 2 4 9 8 1 3 1 1 9 |23 8 40 88 4 8 2 8 15 14 11 7 1 1 18 8 |
8765: 1 1 1 7 1 2 5 2 6 1 1 3 7 1 4 3 |4 16 6 15 1 1 1 1 1 1 3 13 24 1 4 6 |9 17 22 7 12 5 17 8 2 5 2 3 1 2 1 2 |1 14 22 9 12 1 1 21 1 1 8 4 1 4 1 1 |1 16 5 3 7 1 1 3 2 11 3 2 1 1 3 1 |1 21 12 21 1 1 1 13 10 1 1 2 9 7 3 1 |17 13 24 9 1 1 1 11 1 1 16 16 16 1 1 1 |6 35 32 17 12 1 6 16 19 5 5 1 5 1 3 7 |15 129 232 95 6 4 18 15 12 17 3 19 9 5 4 14 |17 134 265 271 78 13 1 1 1 1 6 1 1 20 12 1 |2 51 221 286 122 10 1 2 4 9 8 1 3 1 1 9 |23 8 40 88 4 8 2 8 15 14 11 7 1 1 18 8 |
8776: 1 1 1 7 1 2 5 2 6 1 1 3 7 1 4 3 |4 16 6 15 1 1 1 1 1 1 3 13 24 1 4 6 |9 17 22 7 12 5 17 8 2 5 2 3 1 2 1 2 |1 14 22 9 12 1 1 21 1 1 8 4 1 4 1 1 |1 16 5 3 7 1 1 3 2 11 3 2 1 1 3 1 |4 9 11 19 1 1 1 12 11 1 1 3 5 7 2 1 |16 9 18 20 1 1 1 11 1 1 13 16 16 1 1 1 |12 18 26 3 12 1 8 15 18 5 7 3 7 1 4 7 |20 39 96 28 3 3 17 6 22 10 2 17 1 1 3 15 |19 53 206 185 35 4 1 1 1 5 13 9 1 20 19 3 |11 18 105 130 34 11 1 1 1 19 20 1 16 2 7 7 |16 1 16 48 8 8 3 7 14 9 9 12 1 1 18 9 |
8787: 1 1 1 7 1 2 5 2 6 1 1 3 7 1 4 3 |4 16 6 15 1 1 1 1 1 1 3 13 24 1 4 6 |9 17 22 7 12 5 17 8 2 5 2 3 1 2 1 2 |1 14 22 9 12 1 1 21 1 1 8 4 1 4 1 1 |1 16 5 3 7 1 1 3 2 11 3 2 1 1 3 1 |4 9 11 19 1 1 1 12 11 1 1 3 5 7 2 1 |16 9 18 20 1 1 1 11 1 1 13 16 16 1 1 1 |12 18 26 3 12 1 8 15 18 5 7 3 7 1 4 7 |20 39 96 28 3 3 17 6 22 10 2 17 1 1 3 15 |19 53 206 185 35 4 1 1 1 5 13 9 1 20 19 3 |11 18 105 130 34 11 1 1 1 19 20 1 16 2 7 7 |16 1 16 48 8 8 3 7 14 9 9 12 1 1 18 9 |
8798: 1 10 1 1 1 1 9 3 6 1 1 2 4 1 16 7 |5 14 1 1 1 2 4 1 1 3 3 12 22 2 1 2 |10 15 15 13 8 1 5 6 1 6 1 4 1 2 1 1 |1 5 4 4 11 3 1 19 1 1 8 4 1 2 2 1 |1 16 5 3 7 1 1 3 2 11 3 2 1 1 3 1 |4 9 11 19 1 1 1 12 11 1 1 3 5 7 2 1 |16 9 18 20 1 1 1 11 1 1 13 16 16 1 1 1 |12 18 26 3 12 1 8 15 18 5 7 3 7 1 4 7 |20 39 96 28 3 3 17 6 22 10 2 17 1 1 3 15 |19 53 206 185 35 4 1 1 1 5 13 9 1 20 19 3 |11 18 105 130 34 11 1 1 1 19 20 1 16 2 7 7 |16 1 16 48 8 8 3 7 14 9 9 12 1 1 18 9 |
8809: 1 10 1 1 1 1 9 3 6 1 1 2 4 1 16 7 |5 14 1 1 1 2 4 1 1 3 3 12 22 2 1 2 |10 15 15 13 8 1 5 6 1 6 1 4 1 2 1 1 |1 5 4 4 11 3 1 19 1 1 8 4 1 2 2 1 |1 7 1 7 1 1 1 2 8 12 1 3 1 5 1 6 |1 14 1 5 2 6 1 1 11 1 1 2 2 7 1 3 |11 12 15 1 6 1 1 11 1 1 6 16 10 1 1 1 |4 15 9 1 1 3 1 15 6 5 5 2 6 1 4 6 |10 8 19 1 1 1 16 7 19 9 2 13 3 6 2 16 |1 11 7 23 11 1 1 8 1 4 18 1 6 12 15 1 |9 16 15 14 16 15 1 1 4 18 12 1 15 1 1 17 |16 1 5 8 1 9 7 7 6 16 9 1 1 1 19 15 |
8819: 1 10 1 1 1 1 9 3 6 1 1 2 4 1 16 7 |5 14 1 1 1 2 4 1 1 3 3 12 22 2 1 2 |10 15 15 13 8 1 5 6 1 6 1 4 1 2 1 1 |1 5 4 4 11 3 1 19 1 1 8 4 1 2 2 1 |1 7 1 7 1 1 1 2 8 12 1 3 1 5 1 6 |1 14 1 5 2 6 1 1 11 1 1 2 2 7 1 3 |11 12 15 1 6 1 1 11 1 1 6 16 10 1 1 1 |4 15 9 1 1 3 1 15 6 5 5 2 6 1 4 6 |10 8 19 1 1 1 16 7 19 9 2 13 3 6 2 16 |1 11 7 23 11 1 1 8 1 4 18 1 6 12 15 1 |9 16 15 14 16 15 1 1 4 18 12 1 15 1 1 17 |16 1 5 8 1 9 7 7 6 16 9 1 1 1 19 15 |
8830: 1 10 1 1 1 1 9 3 6 1 1 2 4 1 16 7 |5 14 1 1 1 2 4 1 1 3 3 12 22 2 1 2 |10 15 15 13 8 1 5 6 1 6 1 4 1 2 1 1 |1 5 4 4 11 3 1 19 1 1 8 4 1 2 2 1 |1 7 1 7 1 1 1 2 8 12 1 3 1 5 1 6 |1 14 1 5 2 6 1 1 11 1 1 2 2 7 1 3 |11 12 15 1 6 1 1 11 1 1 6 16 10 1 1 1 |4 15 9 1 1 3 1 15 6 5 5 2 6 1 4 6 |10 8 19 1 1 1 16 7 19 9 2 13 3 6 2 16 |1 11 7 23 11 1 1 8 1 4 18 1 6 12 15 1 |9 16 15 14 16 15 1 1 4 18 12 1 15 1 1 17 |16 1 5 8 1 9 7 7 6 16 9 1 1 1 19 15 |
8862: 1 4 1 1 1 1 7 1 7 2 1 1 2 2 5 1 |8 2 2 1 1 1 2 1 1 1 1 2 16 1 3 7 |12 8 14 2 11 1 16 6 3 1 1 5 1 1 2 1 |3 6 14 2 11 1 1 10 1 1 11 2 6 1 1 2 |3 7 1 1 5 3 3 3 7 3 8 4 3 3 2 2 |1 4 2 7 3 4 1 12 8 2 1 3 1 4 1 1 |11 12 15 1 6 1 1 11 1 1 6 16 10 1 1 1 |4 15 9 1 1 3 1 15 6 5 5 2 6 1 4 6 |10 8 19 1 1 1 16 7 19 9 2 13 3 6 2 16 |1 11 7 23 11 1 1 8 1 4 18 1 6 12 15 1 |9 16 15 14 16 15 1 1 4 18 12 1 15 1 1 17 |16 1 5 8 1 9 7 7 6 16 9 1 1 1 19 15 |
8873: 1 4 1 1 1 1 7 1 7 2 1 1 2 2 5 1 |8 2 2 1 1 1 2 1 1 1 1 2 16 1 3 7 |12 8 14 2 11 1 16 6 3 1 1 5 1 1 2 1 |3 6 14 2 11 1 1 10 1 1 11 2 6 1 1 2 |3 7 1 1 5 3 3 3 7 3 8 4 3 3 2 2 |1 4 2 7 3 4 1 12 8 2 1 3 1 4 1 1 |16 14 22 5 6 1 1 10 1 1 1 14 9 8 1 4 |4 16 7 1 1 3 6 13 13 4 5 1 1 2 2 1 |12 9 17 2 1 1 16 8 19 2 2 12 1 6 2 8 |33 5 18 15 1 1 1 1 1 6 16 1 1 17 10 1 |237 87 16 32 17 7 3 8 1 12 10 9 15 1 12 19 |266 204 20 12 1 7 3 13 15 20 3 15 4 13 10 7 |
8884: 1 4 1 1 1 1 7 1 7 2 1 1 2 2 5 1 |8 2 2 1 1 1 2 1 1 1 1 2 16 1 3 7 |12 8 14 2 11 1 16 6 3 1 1 5 1 1 2 1 |3 6 14 2 11 1 1 10 1 1 11 2 6 1 1 2 |3 7 1 1 5 3 3 3 7 3 8 4 3 3 2 2 |1 4 2 7 3 4 1 12 8 2 1 3 1 4 1 1 |16 14 22 5 6 1 1 10 1 1 1 14 9 8 1 4 |4 16 7 1 1 3 6 13 13 4 5 1 1 2 2 1 |12 9 17 2 1 1 16 8 19 2 2 12 1 6 2 8 |33 5 18 15 1 1 1 1 1 6 16 1 1 17 10 1 |237 87 16 32 17 7 3 8 1 12 10 9 15 1 12 19 |266 204 20 12 1 7 3 13 15 20 3 15 4 13 10 7 |
8895: 5 10 3 1 1 1 2 1 7 1 1 1 1 1 10 4 |11 15 2 1 1 1 1 2 1 1 3 11 22 1 5 6 |17 15 2 2 11 7 16 8 8 1 1 4 1 4 1 3 |3 6 14 2 11 1 1 10 1 1 11 2 6 1 1 2 |3 7 1 1 5 3 3 3 7 3 8 4 3 3 2 2 |1 4 2 7 3 4 1 12 8 2 1 3 1 4 1 1 |16 14 22 5 6 1 1 10 1 1 1 14 9 8 1 4 |4 16 7 1 1 3 6 13 13 4 5 1 1 2 2 1 |12 9 17 2 1 1 16 8 19 2 2 12 1 6 2 8 |33 5 18 15 1 1 1 1 1 6 16 1 1 17 10 1 |237 87 16 32 17 7 3 8 1 12 10 9 15 1 12 19 |266 204 20 12 1 7 3 13 15 20 3 15 4 13 10 7 |
8906: 5 10 3 1 1 1 2 1 7 1 1 1 1 1 10 4 |11 15 2 1 1 1 1 2 1 1 3 11 22 1 5 6 |17 15 2 2 11 7 16 8 8 1 1 4 1 4 1 3 |5 13 12 3 12 1 1 23 1 11 12 15 1 1 1 2 |7 16 2 1 10 1 1 3 7 11 1 4 6 1 1 1 |6 20 1 2 3 1 1 11 11 1 1 1 1 9 2 1 |17 19 23 4 6 1 11 1 3 1 1 14 8 1 1 4 |12 17 9 1 2 1 8 14 17 5 3 2 6 1 3 7 |12 18 12 1 1 2 15 14 19 10 2 18 1 4 3 17 |69 18 18 8 5 12 8 1 1 1 6 10 4 21 19 6 |253 103 4 18 17 8 1 1 1 21 23 7 10 1 13 7 |274 213 22 20 4 1 1 1 8 11 4 14 2 7 22 22 |
8917: 5 10 3 1 1 1 2 1 7 1 1 1 1 1 10 4 |11 15 2 1 1 1 1 2 1 1 3 11 22 1 5 6 |17 15 2 2 11 7 16 8 8 1 1 4 1 4 1 3 |5 13 12 3 12 1 1 23 1 11 12 15 1 1 1 2 |7 16 2 1 10 1 1 3 7 11 1 4 6 1 1 1 |6 20 1 2 3 1 1 11 11 1 1 1 1 9 2 1 |17 19 23 4 6 1 11 1 3 1 1 14 8 1 1 4 |12 17 9 1 2 1 8 14 17 5 3 2 6 1 3 7 |12 18 12 1 1 2 15 14 19 10 2 18 1 4 3 17 |69 18 18 8 5 12 8 1 1 1 6 10 4 21 19 6 |253 103 4 18 17 8 1 1 1 21 23 7 10 1 13 7 |274 213 22 20 4 1 1 1 8 11 4 14 2 7 22 22 |
8927: 2 13 3 1 2 1 9 3 7 1 1 2 5 1 3 4 |11 15 2 1 1 1 1 2 1 1 3 11 22 1 5 6 |17 15 2 2 11 7 16 8 8 1 1 4 1 4 1 3 |5 13 12 3 12 1 1 23 1 11 12 15 1 1 1 2 |7 16 2 1 10 1 1 3 7 11 1 4 6 1 1 1 |6 20 1 2 3 1 1 11 11 1 1 1 1 9 2 1 |17 19 23 4 6 1 11 1 3 1 1 14 8 1 1 4 |12 17 9 1 2 1 8 14 17 5 3 2 6 1 3 7 |12 18 12 1 1 2 15 14 19 10 2 18 1 4 3 17 |69 18 18 8 5 12 8 1 1 1 6 10 4 21 19 6 |253 103 4 18 17 8 1 1 1 21 23 7 10 1 13 7 |274 213 22 20 4 1 1 1 8 11 4 14 2 7 22 22 |
8938: 2 13 3 1 2 1 9 3 7 1 1 2 5 1 3 4 |12 15 3 1 3 1 8 1 1 1 3 13 9 3 4 6 |16 22 16 14 9 1 6 6 3 5 3 4 1 5 1 2 |3 2 15 1 2 1 1 21 1 7 9 4 1 1 1 1 |5 4 1 8 1 1 1 4 7 12 3 3 1 1 4 2 |6 12 1 12 1 1 1 11 11 1 1 2 2 8 2 1 |20 20 17 1 7 1 8 1 1 2 8 14 8 3 1 5 |11 4 15 1 1 1 8 13 12 12 6 3 6 1 3 6 |12 11 18 1 2 1 16 7 14 15 2 18 3 7 2 15 |84 19 19 14 9 13 1 9 1 1 18 1 1 21 12 1 |253 103 4 18 17 8 1 1 1 21 23 7 10 1 13 7 |274 213 22 20 4 1 1 1 8 11 4 14 2 7 22 22 |
8949: 2 13 3 1 2 1 9 3 7 1 1 2 5 1 3 4 |12 15 3 1 3 1 8 1 1 1 3 13 9 3 4 6 |16 22 16 14 9 1 6 6 3 5 3 4 1 5 1 2 |3 2 15 1 2 1 1 21 1 7 9 4 1 1 1 1 |5 4 1 8 1 1 1 4 7 12 3 3 1 1 4 2 |6 12 1 12 1 1 1 11 11 1 1 2 2 8 2 1 |20 20 17 1 7 1 8 1 1 2 8 14 8 3 1 5 |11 4 15 1 1 1 8 13 12 12 6 3 6 1 3 6 |12 11 18 1 2 1 16 7 14 15 2 18 3 7 2 15 |84 19 19 14 9 13 1 9 1 1 18 1 1 21 12 1 |274 112 3 11 6 7 1 1 1 21 18 10 15 1 9 23 |275 215 28 21 1 1 1 5 14 10 1 1 1 8 15 12 |
8959: 2 12 2 1 2 1 1 2 6 2 1 2 5 1 3 8 |12 15 3 1 3 1 8 1 1 1 3 13 9 3 4 6 |16 22 16 14 9 1 6 6 3 5 3 4 1 5 1 2 |3 2 15 1 2 1 1 21 1 7 9 4 1 1 1 1 |5 4 1 8 1 1 1 4 7 12 3 3 1 1 4 2 |6 12 1 12 1 1 1 11 11 1 1 2 2 8 2 1 |20 20 17 1 7 1 8 1 1 2 8 14 8 3 1 5 |11 4 15 1 1 1 8 13 12 12 6 3 6 1 3 6 |12 11 18 1 2 1 16 7 14 15 2 18 3 7 2 15 |84 19 19 14 9 13 1 9 1 1 18 1 1 21 12 1 |274 112 3 11 6 7 1 1 1 21 18 10 15 1 9 23 |275 215 28 21 1 1 1 5 14 10 1 1 1 8 15 12 |
8970: 2 12 2 1 2 1 1 2 6 2 1 2 5 1 3 8 |3 16 1 1 1 1 1 1 1 1 4 13 23 2 3 6 |16 22 6 6 13 1 5 6 4 5 3 4 1 3 1 2 |6 2 15 1 11 1 5 23 1 5 8 9 1 4 1 1 |6 16 3 1 1 1 2 3 7 11 3 4 6 1 1 1 |7 12 1 6 1 4 1 12 11 1 1 3 5 8 1 1 |18 19 22 5 7 1 1 11 1 1 1 14 17 1 1 1 |13 5 15 1 4 1 8 14 18 11 5 4 6 1 3 6 |18 1 18 1 1 3 17 7 19 10 3 18 1 1 4 16 |84 19 19 14 9 13 1 9 1 1 18 1 1 21 12 1 |274 112 3 11 6 7 1 1 1 21 18 10 15 1 9 23 |275 215 28 21 1 1 1 5 14 10 1 1 1 8 15 12 |
8982: 2 12 2 1 2 1 1 2 6 2 1 2 5 1 3 8 |3 16 1 1 1 1 1 1 1 1 4 13 23 2 3 6 |16 22 6 6 13 1 5 6 4 5 3 4 1 3 1 2 |6 2 15 1 11 1 5 23 1 5 8 9 1 4 1 1 |6 16 3 1 1 1 2 3 7 11 3 4 6 1 1 1 |7 12 1 6 1 4 1 12 11 1 1 3 5 8 1 1 |18 19 22 5 7 1 1 11 1 1 1 14 17 1 1 1 |13 5 15 1 4 1 8 14 18 11 5 4 6 1 3 6 |18 1 18 1 1 3 17 7 19 10 3 18 1 1 4 16 |91 11 7 22 17 15 1 1 1 1 5 6 1 20 5 1 |276 127 15 9 7 8 1 1 5 12 24 10 11 1 14 12 |276 228 29 24 2 1 1 9 15 25 6 1 6 15 10 25 |
8993: 4 1 2 1 2 1 10 2 7 1 1 2 6 1 3 4 |3 15 1 1 1 2 10 10 1 1 1 14 18 2 5 13 |16 22 6 6 13 1 5 6 4 5 3 4 1 3 1 2 |6 2 15 1 11 1 5 23 1 5 8 9 1 4 1 1 |6 16 3 1 1 1 2 3 7 11 3 4 6 1 1 1 |7 12 1 6 1 4 1 12 11 1 1 3 5 8 1 1 |18 19 22 5 7 1 1 11 1 1 1 14 17 1 1 1 |13 5 15 1 4 1 8 14 18 11 5 4 6 1 3 6 |18 1 18 1 1 3 17 7 19 10 3 18 1 1 4 16 |91 11 7 22 17 15 1 1 1 1 5 6 1 20 5 1 |276 127 15 9 7 8 1 1 5 12 24 10 11 1 14 12 |276 228 29 24 2 1 1 9 15 25 6 1 6 15 10 25 |
9003: 4 1 2 1 2 1 10 2 7 1 1 2 6 1 3 4 |3 15 1 1 1 2 10 10 1 1 1 14 18 2 5 13 |17 6 15 12 9 3 17 8 3 1 1 6 5 4 1 3 |5 16 16 2 11 1 1 21 1 1 9 3 1 3 1 1 |7 15 7 1 5 1 3 3 7 12 9 1 12 1 3 6 |6 12 4 13 1 1 1 13 11 2 1 1 1 8 3 1 |11 7 24 5 7 1 1 11 1 1 13 10 16 1 1 1 |13 12 14 1 1 1 8 13 19 11 6 4 8 1 4 7 |18 11 5 1 10 2 17 7 8 1 3 17 3 8 4 16 |91 11 7 22 17 15 1 1 1 1 5 6 1 20 5 1 |276 127 15 9 7 8 1 1 5 12 24 10 11 1 14 12 |276 228 29 24 2 1 1 9 15 25 6 1 6 15 10 25 |
9014: 4 1 2 1 2 1 10 2 7 1 1 2 6 1 3 4 |3 15 1 1 1 2 10 10 1 1 1 14 18 2 5 13 |17 6 15 12 9 3 17 8 3 1 1 6 5 4 1 3 |5 16 16 2 11 1 1 21 1 1 9 3 1 3 1 1 |7 15 7 1 5 1 3 3 7 12 9 1 12 1 3 6 |6 12 4 13 1 1 1 13 11 2 1 1 1 8 3 1 |11 7 24 5 7 1 1 11 1 1 13 10 16 1 1 1 |13 12 14 1 1 1 8 13 19 11 6 4 8 1 4 7 |18 11 5 1 10 2 17 7 8 1 3 17 3 8 4 16 |98 20 17 15 18 13 1 12 2 1 4 7 1 20 12 1 |276 126 10 16 7 16 1 1 4 13 23 11 10 1 13 7 |269 228 21 30 2 9 3 10 16 24 5 16 1 8 11 26 |
9025: 4 4 1 1 1 1 9 3 6 1 1 2 5 1 3 3 |2 7 3 1 1 1 13 1 1 1 1 14 23 1 1 5 |17 6 15 12 9 3 17 8 3 1 1 6 5 4 1 3 |5 16 16 2 11 1 1 21 1 1 9 3 1 3 1 1 |7 15 7 1 5 1 3 3 7 12 9 1 12 1 3 6 |6 12 4 13 1 1 1 13 11 2 1 1 1 8 3 1 |11 7 24 5 7 1 1 11 1 1 13 10 16 1 1 1 |13 12 14 1 1 1 8 13 19 11 6 4 8 1 4 7 |18 11 5 1 10 2 17 7 8 1 3 17 3 8 4 16 |98 20 17 15 18 13 1 12 2 1 4 7 1 20 12 1 |276 126 10 16 7 16 1 1 4 13 23 11 10 1 13 7 |269 228 21 30 2 9 3 10 16 24 5 16 1 8 11 26 |
9036: 4 4 1 1 1 1 9 3 6 1 1 2 5 1 3 3 |2 7 3 1 1 1 13 1 1 1 1 14 23 1 1 5 |17 22 16 13 10 1 16 9 1 1 3 1 1 4 1 4 |6 8 17 1 11 1 3 20 1 5 10 10 1 4 1 1 |6 1 1 14 1 3 9 4 7 12 9 1 1 1 1 1 |7 12 3 6 1 1 1 13 10 1 1 1 1 8 2 1 |6 7 24 5 6 1 1 11 1 1 12 9 2 1 1 2 |12 4 2 1 1 2 9 13 19 12 6 4 6 1 4 8 |18 10 12 1 1 1 17 7 20 10 3 18 1 1 1 16 |101 19 19 15 11 12 1 1 2 1 5 10 4 21 13 1 |276 126 10 16 7 16 1 1 4 13 23 11 10 1 13 7 |269 228 21 30 2 9 3 10 16 24 5 16 1 8 11 26 |
9047: 4 4 1 1 1 1 9 3 6 1 1 2 5 1 3 3 |2 7 3 1 1 1 13 1 1 1 1 14 23 1 1 5 |17 22 16 13 10 1 16 9 1 1 3 1 1 4 1 4 |6 8 17 1 11 1 3 20 1 5 10 10 1 4 1 1 |6 1 1 14 1 3 9 4 7 12 9 1 1 1 1 1 |7 12 3 6 1 1 1 13 10 1 1 1 1 8 2 1 |6 7 24 5 6 1 1 11 1 1 12 9 2 1 1 2 |12 4 2 1 1 2 9 13 19 12 6 4 6 1 4 8 |18 10 12 1 1 1 17 7 20 10 3 18 1 1 1 16 |101 19 19 15 11 12 1 1 2 1 5 10 4 21 13 1 |276 120 1 14 17 16 1 1 1 20 21 8 7 1 9 25 |262 201 29 29 1 10 3 10 14 15 4 16 1 8 13 26 |
9058: 4 4 1 1 1 1 9 3 6 1 1 2 5 1 3 3 |2 7 3 1 1 1 13 1 1 1 1 14 23 1 1 5 |17 22 16 13 10 1 16 9 1 1 3 1 1 4 1 4 |6 8 17 1 11 1 3 20 1 5 10 10 1 4 1 1 |6 1 1 14 1 3 9 4 7 12 9 1 1 1 1 1 |7 12 3 6 1 1 1 13 10 1 1 1 1 8 2 1 |6 7 24 5 6 1 1 11 1 1 12 9 2 1 1 2 |12 4 2 1 1 2 9 13 19 12 6 4 6 1 4 8 |18 10 12 1 1 1 17 7 20 10 3 18 1 1 1 16 |101 19 19 15 11 12 1 1 2 1 5 10 4 21 13 1 |276 120 1 14 17 16 1 1 1 20 21 8 7 1 9 25 |262 201 29 29 1 10 3 10 14 15 4 16 1 8 13 26 |
9069: 1 1 3 1 1 2 10 3 7 1 1 1 6 1 3 3 |2 7 3 4 2 2 10 9 1 1 1 10 10 1 1 3 |16 6 16 13 10 4 17 10 2 1 1 1 5 5 1 4 |5 22 15 1 6 1 1 21 1 6 8 9 1 4 1 2 |6 16 3 1 6 1 3 4 7 16 3 1 1 1 3 2 |8 12 3 13 1 1 1 13 11 1 1 1 1 6 1 1 |13 21 22 5 1 1 1 11 1 1 14 16 11 1 1 1 |12 11 10 1 1 1 8 13 18 5 14 2 7 2 4 7 |18 10 12 1 1 1 17 7 20 10 3 18 1 1 1 16 |101 19 19 15 11 12 1 1 2 1 5 10 4 21 13 1 |276 120 1 14 17 16 1 1 1 20 21 8 7 1 9 25 |262 201 29 29 1 10 3 10 14 15 4 16 1 8 13 26 |
9080: 1 1 3 1 1 2 10 3 7 1 1 1 6 1 3 3 |2 7 3 4 2 2 10 9 1 1 1 10 10 1 1 3 |16 6 16 13 10 4 17 10 2 1 1 1 5 5 1 4 |5 22 15 1 6 1 1 21 1 6 8 9 1 4 1 2 |6 16 3 1 6 1 3 4 7 16 3 1 1 1 3 2 |8 12 3 13 1 1 1 13 11 1 1 1 1 6 1 1 |13 21 22 5 1 1 1 11 1 1 14 16 11 1 1 1 |12 11 10 1 1 1 8 13 18 5 14 2 7 2 4 7 |18 11 9 1 2 2 17 7 20 6 3 18 1 1 2 15 |102 18 19 14 19 13 8 10 1 1 5 7 5 20 12 2 |277 120 4 8 7 16 1 1 1 21 16 7 16 1 13 10 |276 221 22 11 1 1 1 1 7 22 6 6 1 7 14 25 |
9091: 5 11 4 1 2 2 10 3 6 1 1 2 5 1 3 3 |2 7 3 4 2 2 10 9 1 1 1 10 10 1 1 3 |16 6 16 13 10 4 17 10 2 1 1 1 5 5 1 4 |5 22 15 1 6 1 1 21 1 6 8 9 1 4 1 2 |6 16 3 1 6 1 3 4 7 16 3 1 1 1 3 2 |8 12 3 13 1 1 1 13 11 1 1 1 1 6 1 1 |13 21 22 5 1 1 1 11 1 1 14 16 11 1 1 1 |12 11 10 1 1 1 8 13 18 5 14 2 7 2 4 7 |18 11 9 1 2 2 17 7 20 6 3 18 1 1 2 15 |102 18 19 14 19 13 8 10 1 1 5 7 5 20 12 2 |277 120 4 8 7 16 1 1 1 21 16 7 16 1 13 10 |276 221 22 11 1 1 1 1 7 22 6 6 1 7 14 25 |
9102: 5 11 4 1 2 2 10 3 6 1 1 2 5 1 3 3 |8 14 2 1 1 1 9 9 1 1 1 2 22 1 1 5 |16 23 11 3 12 7 5 7 8 1 4 3 6 4 1 4 |7 6 10 3 12 1 1 21 1 7 9 9 1 4 1 1 |5 15 2 8 3 1 10 3 8 3 16 4 4 1 3 3 |7 12 3 12 9 1 1 13 11 2 1 1 1 8 2 1 |17 22 17 1 6 1 1 11 1 1 16 10 2 1 1 1 |14 12 14 1 2 3 10 13 18 11 6 4 5 1 4 7 |18 16 11 1 4 3 16 7 21 10 3 18 1 4 4 10 |102 18 19 14 19 13 8 10 1 1 5 7 5 20 12 2 |277 120 4 8 7 16 1 1 1 21 16 7 16 1 13 10 |276 221 22 11 1 1 1 1 7 22 6 6 1 7 14 25 |
9113: 5 11 4 1 2 2 10 3 6 1 1 2 5 1 3 3 |8 14 2 1 1 1 9 9 1 1 1 2 22 1 1 5 |16 23 11 3 12 7 5 7 8 1 4 3 6 4 1 4 |7 6 10 3 12 1 1 21 1 7 9 9 1 4 1 1 |5 15 2 8 3 1 10 3 8 3 16 4 4 1 3 3 |7 12 3 12 9 1 1 13 11 2 1 1 1 8 2 1 |17 22 17 1 6 1 1 11 1 1 16 10 2 1 1 1 |14 12 14 1 2 3 10 13 18 11 6 4 5 1 4 7 |18 16 11 1 4 3 16 7 21 10 3 18 1 4 4 10 |100 21 17 13 19 13 8 1 1 1 6 11 5 21 18 9 |269 116 3 11 3 14 3 9 4 7 23 4 4 1 14 17 |275 222 12 30 8 4 1 9 17 16 1 16 7 9 4 27 |
9124: 5 11 4 1 2 2 10 3 6 1 1 2 5 1 3 3 |8 14 2 1 1 1 9 9 1 1 1 2 22 1 1 5 |16 23 11 3 12 7 5 7 8 1 4 3 6 4 1 4 |7 6 10 3 12 1 1 21 1 7 9 9 1 4 1 1 |5 15 2 8 3 1 10 3 8 3 16 4 4 1 3 3 |7 12 3 12 9 1 1 13 11 2 1 1 1 8 2 1 |17 22 17 1 6 1 1 11 1 1 16 10 2 1 1 1 |14 12 14 1 2 3 10 13 18 11 6 4 5 1 4 7 |18 16 11 1 4 3 16 7 21 10 3 18 1 4 4 10 |100 21 17 13 19 13 8 1 1 1 6 11 5 21 18 9 |269 116 3 11 3 14 3 9 4 7 23 4 4 1 14 17 |275 222 12 30 8 4 1 9 17 16 1 16 7 9 4 27 |
9135: 3 10 1 1 1 1 8 3 6 1 1 2 6 1 3 4 |2 20 1 1 2 1 1 8 5 1 1 14 23 1 4 6 |17 22 16 6 13 3 17 8 2 1 3 4 1 7 1 3 |6 9 17 1 11 1 1 20 1 6 11 10 1 4 1 2 |6 5 1 8 4 1 12 2 7 16 9 1 1 4 2 2 |6 18 1 1 1 5 1 13 11 1 1 1 1 6 1 1 |16 12 11 1 6 1 1 11 1 1 15 16 11 1 1 1 |14 12 14 1 2 3 10 13 18 11 6 4 5 1 4 7 |18 16 11 1 4 3 16 7 21 10 3 18 1 4 4 10 |100 21 17 13 19 13 8 1 1 1 6 11 5 21 18 9 |269 116 3 11 3 14 3 9 4 7 23 4 4 1 14 17 |275 222 12 30 8 4 1 9 17 16 1 16 7 9 4 27 |
9146: 3 10 1 1 1 1 8 3 6 1 1 2 6 1 3 4 |2 20 1 1 2 1 1 8 5 1 1 14 23 1 4 6 |17 22 16 6 13 3 17 8 2 1 3 4 1 7 1 3 |6 9 17 1 11 1 1 20 1 6 11 10 1 4 1 2 |6 5 1 8 4 1 12 2 7 16 9 1 1 4 2 2 |6 18 1 1 1 5 1 13 11 1 1 1 1 6 1 1 |16 12 11 1 6 1 1 11 1 1 15 16 11 1 1 1 |13 5 14 1 1 1 9 13 18 5 6 3 6 1 3 7 |12 17 7 1 1 2 16 1 20 10 3 17 1 4 3 15 |73 21 17 9 8 14 8 1 1 5 11 1 1 20 18 8 |267 121 16 15 4 17 3 1 1 9 9 9 16 1 17 18 |269 226 28 30 1 9 12 1 11 28 12 14 7 7 13 13 |
9157: 3 10 1 1 1 1 8 3 6 1 1 2 6 1 3 4 |2 20 1 1 2 1 1 8 5 1 1 14 23 1 4 6 |17 22 16 6 13 3 17 8 2 1 3 4 1 7 1 3 |6 9 17 1 11 1 1 20 1 6 11 10 1 4 1 2 |6 5 1 8 4 1 12 2 7 16 9 1 1 4 2 2 |6 18 1 1 1 5 1 13 11 1 1 1 1 6 1 1 |16 12 11 1 6 1 1 11 1 1 15 16 11 1 1 1 |13 5 14 1 1 1 9 13 18 5 6 3 6 1 3 7 |12 17 7 1 1 2 16 1 20 10 3 17 1 4 3 15 |73 21 17 9 8 14 8 1 1 5 11 1 1 20 18 8 |267 121 16 15 4 17 3 1 1 9 9 9 16 1 17 18 |269 226 28 30 1 9 12 1 11 28 12 14 7 7 13 13 |
9168: 2 1 1 1 1 2 3 2 7 1 1 2 5 1 3 3 |11 14 1 1 1 1 13 1 1 1 1 1 22 3 4 7 |16 16 15 13 9 9 15 8 1 6 2 4 1 5 1 3 |4 14 11 4 12 1 1 21 1 6 8 1 1 3 1 1 |5 9 1 1 1 1 10 1 7 15 16 1 1 3 1 1 |6 18 1 1 1 5 1 13 11 1 1 1 1 6 1 1 |16 12 11 1 6 1 1 11 1 1 15 16 11 1 1 1 |13 5 14 1 1 1 9 13 18 5 6 3 6 1 3 7 |12 17 7 1 1 2 16 1 20 10 3 17 1 4 3 15 |73 21 17 9 8 14 8 1 1 5 11 1 1 20 18 8 |267 121 16 15 4 17 3 1 1 9 9 9 16 1 17 18 |269 226 28 30 1 9 12 1 11 28 12 14 7 7 13 13 |
9179: 2 1 1 1 1 2 3 2 7 1 1 2 5 1 3 3 |11 14 1 1 1 1 13 1 1 1 1 1 22 3 4 7 |16 16 15 13 9 9 15 8 1 6 2 4 1 5 1 3 |4 14 11 4 12 1 1 21 1 6 8 1 1 3 1 1 |5 9 1 1 1 1 10 1 7 15 16 1 1 3 1 1 |1 8 3 5 1 4 1 11 11 1 1 3 2 7 1 1 |3 15 18 1 6 1 1 11 2 1 15 16 10 1 1 1 |3 14 4 1 6 1 8 13 18 2 5 2 5 1 3 7 |11 1 2 1 1 1 15 1 21 10 2 13 4 7 3 10 |23 17 15 9 1 1 1 1 1 5 16 1 1 19 15 1 |74 18 1 4 16 17 1 8 1 20 16 6 3 1 13 1 |63 17 1 12 9 9 3 9 21 22 4 14 1 1 20 16 |
9190: 2 1 1 1 1 2 3 2 7 1 1 2 5 1 3 3 |11 14 1 1 1 1 13 1 1 1 1 1 22 3 4 7 |16 16 15 13 9 9 15 8 1 6 2 4 1 5 1 3 |4 14 11 4 12 1 1 21 1 6 8 1 1 3 1 1 |5 9 1 1 1 1 10 1 7 15 16 1 1 3 1 1 |1 8 3 5 1 4 1 11 11 1 1 3 2 7 1 1 |3 15 18 1 6 1 1 11 2 1 15 16 10 1 1 1 |3 14 4 1 6 1 8 13 18 2 5 2 5 1 3 7 |11 1 2 1 1 1 15 1 21 10 2 13 4 7 3 10 |23 17 15 9 1 1 1 1 1 5 16 1 1 19 15 1 |74 18 1 4 16 17 1 8 1 20 16 6 3 1 13 1 |63 17 1 12 9 9 3 9 21 22 4 14 1 1 20 16 |
9201: 1 10 1 1 2 1 8 3 6 1 1 2 5 1 17 7 |1 13 1 8 3 1 4 1 1 3 2 13 9 1 5 5 |9 2 15 2 10 9 17 1 1 3 2 1 1 1 1 4 |1 5 14 1 1 4 3 21 1 1 8 3 1 3 1 1 |1 8 1 1 1 1 1 3 3 11 10 1 6 1 3 3 |2 12 3 7 3 1 1 12 9 1 1 3 1 6 1 1 |3 15 18 1 6 1 1 11 2 1 15 16 10 1 1 1 |3 14 4 1 6 1 8 13 18 2 5 2 5 1 3 7 |11 1 2 1 1 1 15 1 21 10 2 13 4 7 3 10 |23 17 15 9 1 1 1 1 1 5 16 1 1 19 15 1 |74 18 1 4 16 17 1 8 1 20 16 6 3 1 13 1 |63 17 1 12 9 9 3 9 21 22 4 14 1 1 20 16 |
9212: 1 10 1 1 2 1 8 3 6 1 1 2 5 1 17 7 |1 13 1 8 3 1 4 1 1 3 2 13 9 1 5 5 |9 2 15 2 10 9 17 1 1 3 2 1 1 1 1 4 |1 5 14 1 1 4 3 21 1 1 8 3 1 3 1 1 |1 8 1 1 1 1 1 3 3 11 10 1 6 1 3 3 |2 12 3 7 3 1 1 12 9 1 1 3 1 6 1 1 |8 5 4 1 6 1 1 11 1 1 7 17 15 1 1 1 |1 13 8 1 5 1 6 13 12 2 5 2 5 1 3 2 |2 1 5 2 5 2 15 1 16 1 2 13 3 7 2 9 |10 9 5 4 1 1 1 7 1 4 18 1 6 11 3 1 |11 7 11 15 16 13 1 1 4 18 8 1 15 1 1 18 |20 7 4 22 1 8 8 8 6 3 10 6 1 1 19 16 |
9222: 1 10 1 1 2 1 8 3 6 1 1 2 5 1 17 7 |1 13 1 8 3 1 4 1 1 3 2 13 9 1 5 5 |9 2 15 2 10 9 17 1 1 3 2 1 1 1 1 4 |1 5 14 1 1 4 3 21 1 1 8 3 1 3 1 1 |1 8 1 1 1 1 1 3 3 11 10 1 6 1 3 3 |2 12 3 7 3 1 1 12 9 1 1 3 1 6 1 1 |8 5 4 1 6 1 1 11 1 1 7 17 15 1 1 1 |1 13 8 1 5 1 6 13 12 2 5 2 5 1 3 2 |2 1 5 2 5 2 15 1 16 1 2 13 3 7 2 9 |10 9 5 4 1 1 1 7 1 4 18 1 6 11 3 1 |11 7 11 15 16 13 1 1 4 18 8 1 15 1 1 18 |20 7 4 22 1 8 8 8 6 3 10 6 1 1 19 16 |
9233: 1 2 2 1 1 1 1 3 1 2 1 2 7 1 9 4 |1 1 2 1 2 1 9 4 1 1 3 12 9 3 3 5 |1 14 13 2 10 7 14 1 1 5 1 3 1 1 2 1 |1 5 2 2 11 1 4 17 1 6 1 2 1 2 1 2 |1 8 1 1 1 1 1 3 3 11 10 1 6 1 3 3 |2 12 3 7 3 1 1 12 9 1 1 3 1 6 1 1 |8 5 4 1 6 1 1 11 1 1 7 17 15 1 1 1 |1 13 8 1 5 1 6 13 12 2 5 2 5 1 3 2 |2 1 5 2 5 2 15 1 16 1 2 13 3 7 2 9 |10 9 5 4 1 1 1 7 1 4 18 1 6 11 3 1 |11 7 11 15 16 13 1 1 4 18 8 1 15 1 1 18 |20 7 4 22 1 8 8 8 6 3 10 6 1 1 19 16 |
9244: 1 2 2 1 1 1 1 3 1 2 1 2 7 1 9 4 |1 1 2 1 2 1 9 4 1 1 3 12 9 3 3 5 |1 14 13 2 10 7 14 1 1 5 1 3 1 1 2 1 |1 5 2 2 11 1 4 17 1 6 1 2 1 2 1 2 |1 6 3 2 1 2 1 2 3 10 1 4 1 5 1 3 |1 12 2 7 2 3 1 1 11 2 1 3 1 7 2 2 |8 4 17 12 2 1 1 11 1 1 1 16 10 1 1 1 |4 8 13 1 1 2 7 14 12 1 4 3 6 1 3 1 |3 1 5 2 5 1 10 2 17 2 2 4 2 7 3 10 |1 10 8 8 8 8 1 8 1 3 17 1 6 12 3 1 |10 1 1 17 8 15 1 6 1 19 20 1 1 1 1 16 |16 5 10 8 1 8 1 3 13 6 12 7 1 1 18 16 |
9255: 1 2 2 1 1 1 1 3 1 2 1 2 7 1 9 4 |1 1 2 1 2 1 9 4 1 1 3 12 9 3 3 5 |1 14 13 2 10 7 14 1 1 5 1 3 1 1 2 1 |1 5 2 2 11 1 4 17 1 6 1 2 1 2 1 2 |1 6 3 2 1 2 1 2 3 10 1 4 1 5 1 3 |1 12 2 7 2 3 1 1 11 2 1 3 1 7 2 2 |8 4 17 12 2 1 1 11 1 1 1 16 10 1 1 1 |4 8 13 1 1 2 7 14 12 1 4 3 6 1 3 1 |3 1 5 2 5 1 10 2 17 2 2 4 2 7 3 10 |1 10 8 8 8 8 1 8 1 3 17 1 6 12 3 1 |10 1 1 17 8 15 1 6 1 19 20 1 1 1 1 16 |16 5 10 8 1 8 1 3 13 6 12 7 1 1 18 16 |
9266: 1 4 1 1 1 1 9 3 6 1 1 2 5 1 16 7 |1 1 2 1 1 1 9 4 1 1 3 12 10 2 4 6 |9 2 12 2 10 1 15 5 1 5 2 1 1 3 2 1 |1 7 16 1 1 3 1 20 1 2 1 1 1 3 1 2 |1 6 3 2 1 2 1 2 3 10 1 4 1 5 1 3 |1 12 2 7 2 3 1 1 11 2 1 3 1 7 2 2 |8 4 17 12 2 1 1 11 1 1 1 16 10 1 1 1 |4 8 13 1 1 2 7 14 12 1 4 3 6 1 3 1 |3 1 5 2 5 1 10 2 17 2 2 4 2 7 3 10 |1 10 8 8 8 8 1 8 1 3 17 1 6 12 3 1 |10 1 1 17 8 15 1 6 1 19 20 1 1 1 1 16 |16 5 10 8 1 8 1 3 13 6 12 7 1 1 18 16 |
9277: 1 4 1 1 1 1 9 3 6 1 1 2 5 1 16 7 |1 1 2 1 1 1 9 4 1 1 3 12 10 2 4 6 |9 2 12 2 10 1 15 5 1 5 2 1 1 3 2 1 |1 7 16 1 1 3 1 20 1 2 1 1 1 3 1 2 |1 1 1 1 1 1 1 3 3 11 2 2 1 5 2 1 |2 17 1 2 2 4 1 1 9 1 1 2 1 7 1 2 |12 13 22 4 6 1 1 11 1 1 14 16 10 1 1 1 |4 17 5 1 1 1 7 14 16 2 4 3 6 1 4 7 |11 8 18 1 2 1 16 7 20 6 1 13 4 7 2 14 |11 5 19 7 1 1 1 1 1 2 8 1 7 13 14 1 |18 16 4 23 7 16 1 7 1 18 20 1 16 1 1 17 |16 1 14 15 1 8 1 7 5 3 10 5 2 6 18 16 |
9288: 1 4 1 1 1 1 9 3 6 1 1 2 5 1 16 7 |1 1 2 1 1 1 9 4 1 1 3 12 10 2 4 6 |9 2 12 2 10 1 15 5 1 5 2 1 1 3 2 1 |1 7 16 1 1 3 1 20 1 2 1 1 1 3 1 2 |1 1 1 1 1 1 1 3 3 11 2 2 1 5 2 1 |2 17 1 2 2 4 1 1 9 1 1 2 1 7 1 2 |12 13 22 4 6 1 1 11 1 1 14 16 10 1 1 1 |4 17 5 1 1 1 7 14 16 2 4 3 6 1 4 7 |11 8 18 1 2 1 16 7 20 6 1 13 4 7 2 14 |11 5 19 7 1 1 1 1 1 2 8 1 7 13 14 1 |18 16 4 23 7 16 1 7 1 18 20 1 16 1 1 17 |16 1 14 15 1 8 1 7 5 3 10 5 2 6 18 16 |
9299: 1 11 1 1 1 1 9 3 6 1 1 1 1 1 17 7 |2 3 2 1 3 1 4 1 1 4 3 11 22 3 3 5 |10 2 15 2 10 6 5 1 4 6 1 4 1 3 1 1 |1 7 16 1 1 3 1 20 1 2 1 1 1 3 1 2 |1 1 1 1 1 1 1 3 3 11 2 2 1 5 2 1 |2 17 1 2 2 4 1 1 9 1 1 2 1 7 1 2 |12 13 22 4 6 1 1 11 1 1 14 16 10 1 1 1 |4 17 5 1 1 1 7 14 16 2 4 3 6 1 4 7 |11 8 18 1 2 1 16 7 20 6 1 13 4 7 2 14 |11 5 19 7 1 1 1 1 1 2 8 1 7 13 14 1 |18 16 4 23 7 16 1 7 1 18 20 1 16 1 1 17 |16 1 14 15 1 8 1 7 5 3 10 5 2 6 18 16 |
9310: 1 11 1 1 1 1 9 3 6 1 1 1 1 1 17 7 |2 3 2 1 3 1 4 1 1 4 3 11 22 3 3 5 |10 2 15 2 10 6 5 1 4 6 1 4 1 3 1 1 |1 1 14 3 12 2 4 21 1 1 8 1 1 2 1 1 |1 6 1 1 1 3 3 3 3 2 3 3 7 4 1 2 |1 21 1 2 3 4 1 1 12 1 1 3 2 8 2 1 |16 14 13 2 6 1 1 11 1 1 7 17 11 1 1 1 |25 16 16 1 1 1 8 14 18 12 5 4 7 1 3 8 |143 66 15 1 12 2 16 12 12 17 1 19 8 6 1 11 |262 191 24 16 19 14 11 15 3 10 19 3 1 21 14 1 |152 130 19 18 4 16 3 8 1 20 21 6 4 1 13 6 |30 2 13 15 1 8 8 7 5 3 10 6 2 6 19 15 |
9321: 1 11 1 1 1 1 9 3 6 1 1 1 1 1 17 7 |2 3 2 1 3 1 4 1 1 4 3 11 22 3 3 5 |10 2 15 2 10 6 5 1 4 6 1 4 1 3 1 1 |1 1 14 3 12 2 4 21 1 1 8 1 1 2 1 1 |1 6 1 1 1 3 3 3 3 2 3 3 7 4 1 2 |1 21 1 2 3 4 1 1 12 1 1 3 2 8 2 1 |16 14 13 2 6 1 1 11 1 1 7 17 11 1 1 1 |25 16 16 1 1 1 8 14 18 12 5 4 7 1 3 8 |143 66 15 1 12 2 16 12 12 17 1 19 8 6 1 11 |262 191 24 16 19 14 11 15 3 10 19 3 1 21 14 1 |152 130 19 18 4 16 3 8 1 20 21 6 4 1 13 6 |30 2 13 15 1 8 8 7 5 3 10 6 2 6 19 15 |
9332: 4 10 2 1 1 1 1 2 7 1 1 2 6 1 2 3 |1 15 2 1 1 1 1 1 1 1 3 13 23 3 1 5 |8 13 16 6 12 8 16 6 3 5 3 3 1 5 1 1 |1 1 14 3 12 2 4 21 1 1 8 1 1 2 1 1 |1 6 1 1 1 3 3 3 3 2 3 3 7 4 1 2 |1 21 1 2 3 4 1 1 12 1 1 3 2 8 2 1 |16 14 13 2 6 1 1 11 1 1 7 17 11 1 1 1 |25 16 16 1 1 1 8 14 18 12 5 4 7 1 3 8 |143 66 15 1 12 2 16 12 12 17 1 19 8 6 1 11 |262 191 24 16 19 14 11 15 3 10 19 3 1 21 14 1 |152 130 19 18 4 16 3 8 1 20 21 6 4 1 13 6 |30 2 13 15 1 8 8 7 5 3 10 6 2 6 19 15 |
9343: 4 10 2 1 1 1 1 2 7 1 1 2 6 1 2 3 |1 15 2 1 1 1 1 1 1 1 3 13 23 3 1 5 |8 13 16 6 12 8 16 6 3 5 3 3 1 5 1 1 |7 7 15 1 11 1 1 21 1 6 9 8 1 1 1 2 |6 6 1 9 1 1 1 4 3 11 2 4 1 5 1 3 |8 19 1 5 1 5 1 12 11 1 1 1 1 7 1 1 |13 8 12 1 5 1 1 11 1 2 7 3 7 1 1 1 |87 25 10 1 13 1 9 8 21 17 18 1 7 1 1 9 |276 126 31 3 15 3 5 21 21 19 4 8 2 18 9 24 |262 248 37 22 16 9 11 15 11 6 23 3 1 12 11 10 |169 172 22 14 3 17 1 1 1 20 23 10 10 1 1 1 |30 2 13 15 1 8 8 7 5 3 10 6 2 6 19 15 |
9354: 4 10 2 1 1 1 1 2 7 1 1 2 6 1 2 3 |1 15 2 1 1 1 1 1 1 1 3 13 23 3 1 5 |8 13 16 6 12 8 16 6 3 5 3 3 1 5 1 1 |7 7 15 1 11 1 1 21 1 6 9 8 1 1 1 2 |6 6 1 9 1 1 1 4 3 11 2 4 1 5 1 3 |8 19 1 5 1 5 1 12 11 1 1 1 1 7 1 1 |13 8 12 1 5 1 1 11 1 2 7 3 7 1 1 1 |87 25 10 1 13 1 9 8 21 17 18 1 7 1 1 9 |276 126 31 3 15 3 5 21 21 19 4 8 2 18 9 24 |262 248 37 22 16 9 11 15 11 6 23 3 1 12 11 10 |169 172 22 14 3 17 1 1 1 20 23 10 10 1 1 1 |32 17 9 21 1 7 1 9 13 6 12 7 1 1 18 9 |
9365: 1 12 1 2 1 3 9 1 1 1 1 1 1 1 10 8 |3 15 1 1 1 1 9 4 1 1 3 8 23 1 1 2 |17 23 17 3 12 2 16 5 4 1 1 5 6 3 2 1 |7 7 15 1 11 1 1 21 1 6 9 8 1 1 1 2 |6 6 1 9 1 1 1 4 3 11 2 4 1 5 1 3 |8 19 1 5 1 5 1 12 11 1 1 1 1 7 1 1 |13 8 12 1 5 1 1 11 1 2 7 3 7 1 1 1 |87 25 10 1 13 1 9 8 21 17 18 1 7 1 1 9 |276 126 31 3 15 3 5 21 21 19 4 8 2 18 9 24 |262 248 37 22 16 9 11 15 11 6 23 3 1 12 11 10 |169 172 22 14 3 17 1 1 1 20 23 10 10 1 1 1 |32 17 9 21 1 7 1 9 13 6 12 7 1 1 18 9 |
9376: 1 12 1 2 1 3 9 1 1 1 1 1 1 1 10 8 |3 15 1 1 1 1 9 4 1 1 3 8 23 1 1 2 |17 23 17 3 12 2 16 5 4 1 1 5 6 3 2 1 |7 12 17 1 11 2 1 22 1 1 3 15 1 1 1 1 |7 8 1 1 8 1 1 4 7 12 9 4 1 1 1 1 |9 19 1 7 1 1 1 13 11 1 1 1 1 8 2 1 |29 20 11 1 6 1 6 11 1 1 1 14 15 1 1 1 |128 28 9 1 1 1 10 8 9 20 18 1 9 2 3 4 |275 171 28 1 1 1 5 19 19 9 1 8 11 15 1 24 |262 248 37 22 16 9 11 15 11 6 23 3 1 12 11 10 |169 172 22 14 3 17 1 1 1 20 23 10 10 1 1 1 |32 17 9 21 1 7 1 9 13 6 12 7 1 1 18 9 |
9387: 1 12 1 2 1 3 9 1 1 1 1 1 1 1 10 8 |3 15 1 1 1 1 9 4 1 1 3 8 23 1 1 2 |17 23 17 3 12 2 16 5 4 1 1 5 6 3 2 1 |7 12 17 1 11 2 1 22 1 1 3 15 1 1 1 1 |7 8 1 1 8 1 1 4 7 12 9 4 1 1 1 1 |9 19 1 7 1 1 1 13 11 1 1 1 1 8 2 1 |29 20 11 1 6 1 6 11 1 1 1 14 15 1 1 1 |128 28 9 1 1 1 10 8 9 20 18 1 9 2 3 4 |275 171 28 1 1 1 5 19 19 9 1 8 11 15 1 24 |259 252 56 16 21 14 9 15 9 14 28 3 1 12 16 3 |163 158 9 17 15 11 3 2 1 19 22 3 4 1 14 1 |29 13 1 21 1 7 8 7 5 3 10 6 1 1 19 16 |
9398: 3 19 1 1 1 1 10 3 7 1 1 1 7 1 3 5 |3 15 1 1 1 1 9 4 1 1 3 8 23 1 1 2 |17 23 17 3 12 2 16 5 4 1 1 5 6 3 2 1 |7 12 17 1 11 2 1 22 1 1 3 15 1 1 1 1 |7 8 1 1 8 1 1 4 7 12 9 4 1 1 1 1 |9 19 1 7 1 1 1 13 11 1 1 1 1 8 2 1 |29 20 11 1 6 1 6 11 1 1 1 14 15 1 1 1 |128 28 9 1 1 1 10 8 9 20 18 1 9 2 3 4 |275 171 28 1 1 1 5 19 19 9 1 8 11 15 1 24 |259 252 56 16 21 14 9 15 9 14 28 3 1 12 16 3 |163 158 9 17 15 11 3 2 1 19 22 3 4 1 14 1 |29 13 1 21 1 7 8 7 5 3 10 6 1 1 19 16 |
9409: 3 19 1 1 1 1 10 3 7 1 1 1 7 1 3 5 |9 16 1 1 1 1 8 1 1 1 4 13 21 3 6 6 |17 10 3 7 12 1 18 9 3 1 3 4 1 4 1 1 |5 15 17 1 10 1 1 21 1 6 9 8 1 3 1 1 |8 14 1 1 1 1 1 4 7 16 2 1 13 1 1 1 |9 26 5 6 1 1 1 13 11 1 1 1 1 1 1 1 |23 21 16 1 1 1 1 11 2 1 13 16 18 1 1 1 |158 22 10 7 10 2 11 10 11 20 19 4 1 2 1 1 |274 177 31 3 1 1 6 19 20 6 1 10 10 19 3 25 |259 252 56 16 21 14 9 15 9 14 28 3 1 12 16 3 |163 158 9 17 15 11 3 2 1 19 22 3 4 1 14 1 |29 13 1 21 1 7 8 7 5 3 10 6 1 1 19 16 |
9420: 3 19 1 1 1 1 10 3 7 1 1 1 7 1 3 5 |9 16 1 1 1 1 8 1 1 1 4 13 21 3 6 6 |17 10 3 7 12 1 18 9 3 1 3 4 1 4 1 1 |5 15 17 1 10 1 1 21 1 6 9 8 1 3 1 1 |8 14 1 1 1 1 1 4 7 16 2 1 13 1 1 1 |9 26 5 6 1 1 1 13 11 1 1 1 1 1 1 1 |23 21 16 1 1 1 1 11 2 1 13 16 18 1 1 1 |158 22 10 7 10 2 11 10 11 20 19 4 1 2 1 1 |274 177 31 3 1 1 6 19 20 6 1 10 10 19 3 25 |260 257 70 17 1 7 6 10 9 8 11 10 6 21 19 9 |147 159 27 18 4 7 4 3 1 21 20 5 17 2 13 5 |30 4 1 23 1 8 8 7 5 3 10 7 3 6 18 16 |
9431: 3 19 1 1 1 1 10 3 7 1 1 1 7 1 3 5 |9 16 1 1 1 1 8 1 1 1 4 13 21 3 6 6 |17 10 3 7 12 1 18 9 3 1 3 4 1 4 1 1 |5 15 17 1 10 1 1 21 1 6 9 8 1 3 1 1 |8 14 1 1 1 1 1 4 7 16 2 1 13 1 1 1 |9 26 5 6 1 1 1 13 11 1 1 1 1 1 1 1 |23 21 16 1 1 1 1 11 2 1 13 16 18 1 1 1 |158 22 10 7 10 2 11 10 11 20 19 4 1 2 1 1 |274 177 31 3 1 1 6 19 20 6 1 10 10 19 3 25 |260 257 70 17 1 7 6 10 9 8 11 10 6 21 19 9 |147 159 27 18 4 7 4 3 1 21 20 5 17 2 13 5 |30 4 1 23 1 8 8 7 5 3 10 7 3 6 18 16 |
9442: 3 10 1 1 1 3 4 2 6 1 1 4 5 1 3 4 |16 16 1 1 1 1 1 1 1 1 3 13 23 1 1 5 |16 14 16 12 10 7 16 8 1 1 4 3 1 4 1 1 |4 11 15 1 9 1 1 21 1 1 9 8 1 4 1 3 |9 14 1 8 4 1 3 4 7 12 10 4 1 1 1 1 |9 26 1 7 1 1 1 13 9 1 1 1 1 8 2 2 |27 23 17 2 1 1 11 1 1 1 4 4 18 1 1 3 |158 22 10 7 10 2 11 10 11 20 19 4 1 2 1 1 |274 177 31 3 1 1 6 19 20 6 1 10 10 19 3 25 |260 257 70 17 1 7 6 10 9 8 11 10 6 21 19 9 |147 159 27 18 4 7 4 3 1 21 20 5 17 2 13 5 |30 4 1 23 1 8 8 7 5 3 10 7 3 6 18 16 |
9453: 3 10 1 1 1 3 4 2 6 1 1 4 5 1 3 4 |16 16 1 1 1 1 1 1 1 1 3 13 23 1 1 5 |16 14 16 12 10 7 16 8 1 1 4 3 1 4 1 1 |4 11 15 1 9 1 1 21 1 1 9 8 1 4 1 3 |9 14 1 8 4 1 3 4 7 12 10 4 1 1 1 1 |9 26 1 7 1 1 1 13 9 1 1 1 1 8 2 2 |27 23 17 2 1 1 11 1 1 1 4 4 18 1 1 3 |173 27 9 8 11 4 11 17 14 20 17 1 1 5 1 1 |274 190 31 4 12 2 19 18 21 18 1 10 11 17 1 25 |260 271 70 17 7 14 11 9 11 5 11 10 11 20 17 8 |164 171 27 17 16 15 1 9 1 23 17 7 14 2 10 4 |31 2 4 22 1 8 8 8 6 3 10 8 1 1 19 16 |
9464: 3 10 1 1 1 3 4 2 6 1 1 4 5 1 3 4 |16 16 1 1 1 1 1 1 1 1 3 13 23 1 1 5 |16 14 16 12 10 7 16 8 1 1 4 3 1 4 1 1 |4 11 15 1 9 1 1 21 1 1 9 8 1 4 1 3 |9 14 1 8 4 1 3 4 7 12 10 4 1 1 1 1 |9 26 1 7 1 1 1 13 9 1 1 1 1 8 2 2 |27 23 17 2 1 1 11 1 1 1 4 4 18 1 1 3 |173 27 9 8 11 4 11 17 14 20 17 1 1 5 1 1 |274 190 31 4 12 2 19 18 21 18 1 10 11 17 1 25 |260 271 70 17 7 14 11 9 11 5 11 10 11 20 17 8 |164 171 27 17 16 15 1 9 1 23 17 7 14 2 10 4 |31 2 4 22 1 8 8 8 6 3 10 8 1 1 19 16 |
9497: 4 13 1 1 1 2 8 1 1 3 1 1 1 2 5 2 |16 16 1 8 1 1 1 1 1 1 1 2 24 1 3 11 |17 14 16 6 3 1 18 1 1 1 1 1 1 2 3 1 |7 13 17 1 11 1 6 21 1 11 12 11 5 1 1 3 |9 14 1 8 4 1 3 4 7 12 10 4 1 1 1 1 |9 26 1 7 1 1 1 13 9 1 1 1 1 8 2 2 |27 23 17 2 1 1 11 1 1 1 4 4 18 1 1 3 |173 27 9 8 11 4 11 17 14 20 17 1 1 5 1 1 |274 190 31 4 12 2 19 18 21 18 1 10 11 17 1 25 |260 271 70 17 7 14 11 9 11 5 11 10 11 20 17 8 |164 171 27 17 16 15 1 9 1 23 17 7 14 2 10 4 |31 2 4 22 1 8 8 8 6 3 10 8 1 1 19 16 |
9508: 4 13 1 1 1 2 8 1 1 3 1 1 1 2 5 2 |16 16 1 8 1 1 1 1 1 1 1 2 24 1 3 11 |17 14 16 6 3 1 18 1 1 1 1 1 1 2 3 1 |7 13 17 1 11 1 6 21 1 11 12 11 5 1 1 3 |7 15 1 1 4 1 4 3 8 15 17 2 6 1 2 5 |10 26 2 6 1 4 1 12 11 1 2 4 1 1 2 1 |33 21 12 2 6 1 3 11 1 1 6 15 16 6 1 4 |165 34 9 1 5 1 11 11 11 19 20 1 1 1 1 1 |283 196 27 10 6 1 19 19 20 19 12 8 1 7 1 24 |253 265 72 32 19 9 11 9 4 12 19 9 14 29 19 1 |138 181 17 15 17 11 1 1 1 19 21 6 14 1 1 1 |31 2 4 22 1 8 8 8 6 3 10 8 1 1 19 16 |
9519: 4 13 1 1 1 2 8 1 1 3 1 1 1 2 5 2 |16 16 1 8 1 1 1 1 1 1 1 2 24 1 3 11 |17 14 16 6 3 1 18 1 1 1 1 1 1 2 3 1 |7 13 17 1 11 1 6 21 1 11 12 11 5 1 1 3 |7 15 1 1 4 1 4 3 8 15 17 2 6 1 2 5 |10 26 2 6 1 4 1 12 11 1 2 4 1 1 2 1 |33 21 12 2 6 1 3 11 1 1 6 15 16 6 1 4 |165 34 9 1 5 1 11 11 11 19 20 1 1 1 1 1 |283 196 27 10 6 1 19 19 20 19 12 8 1 7 1 24 |253 265 72 32 19 9 11 9 4 12 19 9 14 29 19 1 |138 181 17 15 17 11 1 1 1 19 21 6 14 1 1 1 |30 13 13 15 1 6 6 3 13 3 12 7 1 14 13 2 |
9530: 4 12 3 1 4 2 4 2 7 1 1 2 5 1 2 4 |9 14 1 1 1 1 9 4 1 1 3 12 23 2 4 5 |16 10 16 13 7 1 19 6 6 4 1 5 1 1 1 6 |7 13 17 1 11 1 6 21 1 11 12 11 5 1 1 3 |7 15 1 1 4 1 4 3 8 15 17 2 6 1 2 5 |10 26 2 6 1 4 1 12 11 1 2 4 1 1 2 1 |33 21 12 2 6 1 3 11 1 1 6 15 16 6 1 4 |165 34 9 1 5 1 11 11 11 19 20 1 1 1 1 1 |283 196 27 10 6 1 19 19 20 19 12 8 1 7 1 24 |253 265 72 32 19 9 11 9 4 12 19 9 14 29 19 1 |138 181 17 15 17 11 1 1 1 19 21 6 14 1 1 1 |30 13 13 15 1 6 6 3 13 3 12 7 1 14 13 2 |
9541: 4 12 3 1 4 2 4 2 7 1 1 2 5 1 2 4 |9 14 1 1 1 1 9 4 1 1 3 12 23 2 4 5 |16 10 16 13 7 1 19 6 6 4 1 5 1 1 1 6 |6 13 2 1 11 1 2 21 1 1 4 8 1 4 1 2 |7 19 8 8 4 1 2 4 7 12 3 3 2 1 1 1 |9 20 1 6 1 1 1 13 9 1 2 1 1 1 4 2 |29 19 12 5 1 1 2 11 1 1 17 10 16 1 1 2 |93 22 9 1 10 1 9 8 21 17 18 1 7 1 1 9 |284 163 30 4 5 1 6 20 25 6 1 9 10 19 4 24 |255 265 55 15 7 2 9 13 9 4 25 8 1 9 17 4 |138 181 17 15 17 11 1 1 1 19 21 6 14 1 1 1 |30 13 13 15 1 6 6 3 13 3 12 7 1 14 13 2 |
9552: 4 12 3 1 4 2 4 2 7 1 1 2 5 1 2 4 |9 14 1 1 1 1 9 4 1 1 3 12 23 2 4 5 |16 10 16 13 7 1 19 6 6 4 1 5 1 1 1 6 |6 13 2 1 11 1 2 21 1 1 4 8 1 4 1 2 |7 19 8 8 4 1 2 4 7 12 3 3 2 1 1 1 |9 20 1 6 1 1 1 13 9 1 2 1 1 1 4 2 |29 19 12 5 1 1 2 11 1 1 17 10 16 1 1 2 |93 22 9 1 10 1 9 8 21 17 18 1 7 1 1 9 |284 163 30 4 5 1 6 20 25 6 1 9 10 19 4 24 |255 265 55 15 7 2 9 13 9 4 25 8 1 9 17 4 |119 154 23 10 17 15 4 10 1 17 23 7 1 1 8 16 |22 1 9 7 1 8 7 8 6 2 10 7 3 5 18 16 |
9563: 2 10 3 1 1 1 9 3 6 1 1 2 6 1 3 4 |11 19 1 1 2 1 4 1 1 1 3 12 22 3 4 6 |8 22 16 13 8 3 5 5 8 1 4 3 1 3 1 1 |6 13 2 1 11 1 2 21 1 1 4 8 1 4 1 2 |7 19 8 8 4 1 2 4 7 12 3 3 2 1 1 1 |9 20 1 6 1 1 1 13 9 1 2 1 1 1 4 2 |29 19 12 5 1 1 2 11 1 1 17 10 16 1 1 2 |93 22 9 1 10 1 9 8 21 17 18 1 7 1 1 9 |284 163 30 4 5 1 6 20 25 6 1 9 10 19 4 24 |255 265 55 15 7 2 9 13 9 4 25 8 1 9 17 4 |119 154 23 10 17 15 4 10 1 17 23 7 1 1 8 16 |22 1 9 7 1 8 7 8 6 2 10 7 3 5 18 16 |
9574: 2 10 3 1 1 1 9 3 6 1 1 2 6 1 3 4 |11 19 1 1 2 1 4 1 1 1 3 12 22 3 4 6 |8 22 16 13 8 3 5 5 8 1 4 3 1 3 1 1 |6 13 16 1 2 1 2 19 1 5 9 4 1 4 1 2 |4 9 1 8 1 1 1 4 7 11 10 3 1 1 1 1 |7 12 1 5 3 1 1 12 10 1 1 3 2 7 1 1 |13 12 25 11 1 1 1 11 1 1 16 10 16 1 1 1 |38 13 9 1 2 1 7 14 19 12 19 3 8 1 4 8 |99 68 14 1 1 3 18 8 8 16 4 18 1 4 4 12 |58 46 12 23 11 1 1 1 1 4 17 2 1 21 5 1 |7 16 1 8 9 14 3 4 4 17 7 1 1 1 1 17 |22 1 9 7 1 8 7 8 6 2 10 7 3 5 18 16 |
9585: 2 10 3 1 1 1 9 3 6 1 1 2 6 1 3 4 |11 19 1 1 2 1 4 1 1 1 3 12 22 3 4 6 |8 22 16 13 8 3 5 5 8 1 4 3 1 3 1 1 |6 13 16 1 2 1 2 19 1 5 9 4 1 4 1 2 |4 9 1 8 1 1 1 4 7 11 10 3 1 1 1 1 |7 12 1 5 3 1 1 12 10 1 1 3 2 7 1 1 |13 12 25 11 1 1 1 11 1 1 16 10 16 1 1 1 |38 13 9 1 2 1 7 14 19 12 19 3 8 1 4 8 |99 68 14 1 1 3 18 8 8 16 4 18 1 4 4 12 |58 46 12 23 11 1 1 1 1 4 17 2 1 21 5 1 |7 16 1 8 9 14 3 4 4 17 7 1 1 1 1 17 |23 7 2 7 1 7 7 3 5 2 10 3 3 5 18 15 |
9595: 1 4 1 1 1 1 1 2 7 1 1 2 1 1 16 7 |1 2 2 1 1 1 9 4 1 1 3 11 10 2 1 1 |7 21 17 13 1 9 15 1 1 5 1 4 1 1 1 3 |6 13 16 1 2 1 2 19 1 5 9 4 1 4 1 2 |4 9 1 8 1 1 1 4 7 11 10 3 1 1 1 1 |7 12 1 5 3 1 1 12 10 1 1 3 2 7 1 1 |13 12 25 11 1 1 1 11 1 1 16 10 16 1 1 1 |38 13 9 1 2 1 7 14 19 12 19 3 8 1 4 8 |99 68 14 1 1 3 18 8 8 16 4 18 1 4 4 12 |58 46 12 23 11 1 1 1 1 4 17 2 1 21 5 1 |7 16 1 8 9 14 3 4 4 17 7 1 1 1 1 17 |23 7 2 7 1 7 7 3 5 2 10 3 3 5 18 15 |
9606: 1 4 1 1 1 1 1 2 7 1 1 2 1 1 16 7 |1 2 2 1 1 1 9 4 1 1 3 11 10 2 1 1 |7 21 17 13 1 9 15 1 1 5 1 4 1 1 1 3 |1 5 14 1 1 1 1 21 1 7 9 5 1 2 1 1 |1 7 3 6 1 1 1 3 7 2 2 3 1 1 4 3 |2 18 1 5 3 4 1 11 10 1 1 3 1 8 1 2 |8 14 17 1 1 1 1 11 1 1 8 16 15 1 1 1 |2 17 14 1 1 3 7 12 17 5 5 2 6 1 2 1 |10 1 17 1 1 2 16 2 17 2 1 11 2 12 1 12 |58 46 12 23 11 1 1 1 1 4 17 2 1 21 5 1 |7 16 1 8 9 14 3 4 4 17 7 1 1 1 1 17 |23 7 2 7 1 7 7 3 5 2 10 3 3 5 18 15 |
9617: 1 4 1 1 1 1 1 2 7 1 1 2 1 1 16 7 |1 2 2 1 1 1 9 4 1 1 3 11 10 2 1 1 |7 21 17 13 1 9 15 1 1 5 1 4 1 1 1 3 |1 5 14 1 1 1 1 21 1 7 9 5 1 2 1 1 |1 7 3 6 1 1 1 3 7 2 2 3 1 1 4 3 |2 18 1 5 3 4 1 11 10 1 1 3 1 8 1 2 |8 14 17 1 1 1 1 11 1 1 8 16 15 1 1 1 |2 17 14 1 1 3 7 12 17 5 5 2 6 1 2 1 |10 1 17 1 1 2 16 2 17 2 1 11 2 12 1 12 |8 9 15 4 9 7 1 8 1 4 16 1 6 12 15 1 |4 2 9 13 15 8 2 8 1 17 7 1 1 1 7 15 |12 1 1 7 1 7 1 2 13 3 2 5 1 1 18 14 |
9628: 1 1 1 1 1 1 10 2 7 1 1 1 2 1 3 2 |1 2 2 1 1 1 9 4 1 1 3 11 10 2 1 1 |7 21 17 13 1 9 15 1 1 5 1 4 1 1 1 3 |1 5 14 1 1 1 1 21 1 7 9 5 1 2 1 1 |1 7 3 6 1 1 1 3 7 2 2 3 1 1 4 3 |2 18 1 5 3 4 1 11 10 1 1 3 1 8 1 2 |8 14 17 1 1 1 1 11 1 1 8 16 15 1 1 1 |2 17 14 1 1 3 7 12 17 5 5 2 6 1 2 1 |10 1 17 1 1 2 16 2 17 2 1 11 2 12 1 12 |8 9 15 4 9 7 1 8 1 4 16 1 6 12 15 1 |4 2 9 13 15 8 2 8 1 17 7 1 1 1 7 15 |12 1 1 7 1 7 1 2 13 3 2 5 1 1 18 14 |
9639: 1 1 1 1 1 1 10 2 7 1 1 1 2 1 3 2 |1 1 2 1 1 1 9 4 1 1 3 6 9 3 4 5 |10 2 2 4 11 8 16 6 3 5 2 3 1 2 1 1 |1 6 14 3 11 5 4 19 1 6 1 1 1 2 1 1 |1 7 1 7 1 1 1 3 2 2 1 3 1 5 2 1 |1 19 1 6 3 4 1 13 11 1 1 3 1 7 1 1 |15 14 17 1 6 1 1 11 1 1 1 14 15 1 2 1 |6 15 9 1 3 1 7 14 17 5 4 3 6 1 3 1 |4 1 21 1 1 1 15 1 17 1 1 6 2 7 2 9 |8 9 15 4 9 7 1 8 1 4 16 1 6 12 15 1 |4 2 9 13 15 8 2 8 1 17 7 1 1 1 7 15 |12 1 1 7 1 7 1 2 13 3 2 5 1 1 18 14 |
9650: 1 1 1 1 1 1 10 2 7 1 1 1 2 1 3 2 |1 1 2 1 1 1 9 4 1 1 3 6 9 3 4 5 |10 2 2 4 11 8 16 6 3 5 2 3 1 2 1 1 |1 6 14 3 11 5 4 19 1 6 1 1 1 2 1 1 |1 7 1 7 1 1 1 3 2 2 1 3 1 5 2 1 |1 19 1 6 3 4 1 13 11 1 1 3 1 7 1 1 |15 14 17 1 6 1 1 11 1 1 1 14 15 1 2 1 |6 15 9 1 3 1 7 14 17 5 4 3 6 1 3 1 |4 1 21 1 1 1 15 1 17 1 1 6 2 7 2 9 |1 3 7 2 11 2 1 1 4 2 7 1 6 12 3 1 |3 2 8 9 4 14 2 8 1 2 19 1 13 1 1 14 |13 1 2 5 1 1 1 7 5 2 8 1 2 5 18 15 |
9661: 2 3 1 1 2 1 9 2 6 1 1 2 1 1 3 4 |1 6 2 1 1 2 5 1 1 1 3 12 14 2 1 5 |10 2 2 4 11 8 16 6 3 5 2 3 1 2 1 1 |1 6 14 3 11 5 4 19 1 6 1 1 1 2 1 1 |1 7 1 7 1 1 1 3 2 2 1 3 1 5 2 1 |1 19 1 6 3 4 1 13 11 1 1 3 1 7 1 1 |15 14 17 1 6 1 1 11 1 1 1 14 15 1 2 1 |6 15 9 1 3 1 7 14 17 5 4 3 6 1 3 1 |4 1 21 1 1 1 15 1 17 1 1 6 2 7 2 9 |1 3 7 2 11 2 1 1 4 2 7 1 6 12 3 1 |3 2 8 9 4 14 2 8 1 2 19 1 13 1 1 14 |13 1 2 5 1 1 1 7 5 2 8 1 2 5 18 15 |
9672: 2 3 1 1 2 1 9 2 6 1 1 2 1 1 3 4 |1 6 2 1 1 2 5 1 1 1 3 12 14 2 1 5 |9 6 15 13 8 1 17 5 3 5 1 1 1 4 1 1 |1 6 14 1 2 1 5 20 1 3 7 10 1 2 1 2 |3 14 8 1 4 3 2 3 7 11 3 1 1 1 1 1 |7 21 8 5 1 7 1 13 11 1 1 1 1 7 2 1 |17 28 16 5 1 1 10 11 1 1 16 17 16 1 1 2 |4 10 9 1 1 1 1 15 18 5 5 1 6 1 5 6 |4 1 21 1 1 1 15 1 17 1 1 6 2 7 2 9 |1 3 7 2 11 2 1 1 4 2 7 1 6 12 3 1 |3 2 8 9 4 14 2 8 1 2 19 1 13 1 1 14 |13 1 2 5 1 1 1 7 5 2 8 1 2 5 18 15 |
9683: 2 3 1 1 2 1 9 2 6 1 1 2 1 1 3 4 |1 6 2 1 1 2 5 1 1 1 3 12 14 2 1 5 |9 6 15 13 8 1 17 5 3 5 1 1 1 4 1 1 |1 6 14 1 2 1 5 20 1 3 7 10 1 2 1 2 |3 14 8 1 4 3 2 3 7 11 3 1 1 1 1 1 |7 21 8 5 1 7 1 13 11 1 1 1 1 7 2 1 |17 28 16 5 1 1 10 11 1 1 16 17 16 1 1 2 |4 10 9 1 1 1 1 15 18 5 5 1 6 1 5 6 |2 1 6 2 1 1 15 1 17 3 1 6 1 6 2 3 |1 2 16 2 11 1 1 7 2 2 16 1 6 12 3 1 |3 1 8 7 2 1 1 3 4 13 6 1 1 1 7 10 |12 1 1 1 1 8 6 8 5 2 1 1 1 1 17 9 |
9694: 2 3 1 1 2 1 9 2 6 1 1 2 1 1 3 4 |1 6 2 1 1 2 5 1 1 1 3 12 14 2 1 5 |9 6 15 13 8 1 17 5 3 5 1 1 1 4 1 1 |1 6 14 1 2 1 5 20 1 3 7 10 1 2 1 2 |3 14 8 1 4 3 2 3 7 11 3 1 1 1 1 1 |7 21 8 5 1 7 1 13 11 1 1 1 1 7 2 1 |17 28 16 5 1 1 10 11 1 1 16 17 16 1 1 2 |4 10 9 1 1 1 1 15 18 5 5 1 6 1 5 6 |2 1 6 2 1 1 15 1 17 3 1 6 1 6 2 3 |1 2 16 2 11 1 1 7 2 2 16 1 6 12 3 1 |3 1 8 7 2 1 1 3 4 13 6 1 1 1 7 10 |12 1 1 1 1 8 6 8 5 2 1 1 1 1 17 9 |
9705: 2 9 1 1 1 1 1 2 6 1 1 2 6 1 3 3 |8 5 2 1 1 1 9 4 1 1 2 14 21 1 3 5 |6 21 17 6 11 2 17 5 3 5 2 3 1 4 1 1 |3 13 15 1 2 1 1 22 1 1 9 4 1 2 1 2 |7 9 6 15 4 1 1 3 7 11 10 1 1 1 1 1 |19 38 2 15 1 1 7 14 8 1 2 1 2 5 3 1 |54 49 24 12 4 1 1 11 1 1 16 10 18 1 1 1 |28 35 15 1 1 3 9 12 18 2 5 2 5 1 4 7 |2 1 6 2 1 1 15 1 17 3 1 6 1 6 2 3 |1 2 16 2 11 1 1 7 2 2 16 1 6 12 3 1 |3 1 8 7 2 1 1 3 4 13 6 1 1 1 7 10 |12 1 1 1 1 8 6 8 5 2 1 1 1 1 17 9 |
9716: 2 9 1 1 1 1 1 2 6 1 1 2 6 1 3 3 |8 5 2 1 1 1 9 4 1 1 2 14 21 1 3 5 |6 21 17 6 11 2 17 5 3 5 2 3 1 4 1 1 |3 13 15 1 2 1 1 22 1 1 9 4 1 2 1 2 |7 9 6 15 4 1 1 3 7 11 10 1 1 1 1 1 |19 38 2 15 1 1 7 14 8 1 2 1 2 5 3 1 |54 49 24 12 4 1 1 11 1 1 16 10 18 1 1 1 |28 35 15 1 1 3 9 12 18 2 5 2 5 1 4 7 |4 1 6 2 1 1 1 2 6 2 2 8 2 12 1 3 |1 3 7 1 4 6 1 6 2 2 17 1 6 12 14 1 |4 1 8 8 15 1 2 7 1 18 7 1 1 1 1 2 |22 4 1 6 1 8 8 1 2 2 2 5 2 2 17 11 |
9727: 2 9 1 1 1 1 1 2 6 1 1 2 6 1 3 3 |8 5 2 1 1 1 9 4 1 1 2 14 21 1 3 5 |6 21 17 6 11 2 17 5 3 5 2 3 1 4 1 1 |3 13 15 1 2 1 1 22 1 1 9 4 1 2 1 2 |7 9 6 15 4 1 1 3 7 11 10 1 1 1 1 1 |19 38 2 15 1 1 7 14 8 1 2 1 2 5 3 1 |54 49 24 12 4 1 1 11 1 1 16 10 18 1 1 1 |28 35 15 1 1 3 9 12 18 2 5 2 5 1 4 7 |4 1 6 2 1 1 1 2 6 2 2 8 2 12 1 3 |1 3 7 1 4 6 1 6 2 2 17 1 6 12 14 1 |4 1 8 8 15 1 2 7 1 18 7 1 1 1 1 2 |22 4 1 6 1 8 8 1 2 2 2 5 2 2 17 11 |
9738: 2 7 1 1 1 2 8 3 6 1 1 2 5 1 3 4 |11 15 1 8 3 1 9 4 1 1 3 13 9 2 1 1 |17 6 12 7 13 3 15 7 4 4 2 3 3 4 1 3 |9 20 1 1 10 1 1 10 1 7 9 7 1 4 1 1 |36 32 10 6 1 7 12 3 7 16 11 1 13 1 1 1 |257 131 15 10 19 19 6 20 10 2 1 9 3 15 1 1 |277 233 50 27 9 7 9 1 11 4 12 23 19 1 10 8 |118 126 17 1 1 1 11 13 21 11 19 1 5 2 3 9 |4 1 6 2 1 1 1 2 6 2 2 8 2 12 1 3 |1 3 7 1 4 6 1 6 2 2 17 1 6 12 14 1 |4 1 8 8 15 1 2 7 1 18 7 1 1 1 1 2 |22 4 1 6 1 8 8 1 2 2 2 5 2 2 17 11 |
9749: 2 7 1 1 1 2 8 3 6 1 1 2 5 1 3 4 |11 15 1 8 3 1 9 4 1 1 3 13 9 2 1 1 |17 6 12 7 13 3 15 7 4 4 2 3 3 4 1 3 |9 20 1 1 10 1 1 10 1 7 9 7 1 4 1 1 |36 32 10 6 1 7 12 3 7 16 11 1 13 1 1 1 |257 131 15 10 19 19 6 20 10 2 1 9 3 15 1 1 |277 233 50 27 9 7 9 1 11 4 12 23 19 1 10 8 |118 126 17 1 1 1 11 13 21 11 19 1 5 2 3 9 |12 1 18 1 1 1 15 1 18 1 2 18 4 2 1 3 |1 9 7 2 11 6 1 8 1 2 7 1 6 12 3 1 |1 1 9 7 16 12 3 7 1 3 8 1 1 1 9 15 |14 1 1 6 1 1 1 1 5 1 9 2 2 5 17 15 |
9760: 2 7 1 1 1 2 8 3 6 1 1 2 5 1 3 4 |11 15 1 8 3 1 9 4 1 1 3 13 9 2 1 1 |17 6 12 7 13 3 15 7 4 4 2 3 3 4 1 3 |9 20 1 1 10 1 1 10 1 7 9 7 1 4 1 1 |36 32 10 6 1 7 12 3 7 16 11 1 13 1 1 1 |257 131 15 10 19 19 6 20 10 2 1 9 3 15 1 1 |277 233 50 27 9 7 9 1 11 4 12 23 19 1 10 8 |118 126 17 1 1 1 11 13 21 11 19 1 5 2 3 9 |12 1 18 1 1 1 15 1 18 1 2 18 4 2 1 3 |1 9 7 2 11 6 1 8 1 2 7 1 6 12 3 1 |1 1 9 7 16 12 3 7 1 3 8 1 1 1 9 15 |14 1 1 6 1 1 1 1 5 1 9 2 2 5 17 15 |
9771: 3 1 1 1 1 2 10 2 6 1 1 3 6 1 3 4 |16 19 2 1 1 1 1 2 1 1 1 2 23 1 1 5 |17 22 11 3 14 3 17 7 8 5 1 5 1 6 1 2 |4 13 2 1 1 1 1 21 1 7 9 8 1 1 1 2 |73 34 6 14 7 1 13 1 10 12 17 1 1 10 1 14 |281 152 28 11 11 19 1 20 11 1 1 11 5 20 6 11 |277 233 50 27 9 7 9 1 11 4 12 23 19 1 10 8 |118 126 17 1 1 1 11 13 21 11 19 1 5 2 3 9 |12 1 18 1 1 1 15 1 18 1 2 18 4 2 1 3 |1 9 7 2 11 6 1 8 1 2 7 1 6 12 3 1 |1 1 9 7 16 12 3 7 1 3 8 1 1 1 9 15 |14 1 1 6 1 1 1 1 5 1 9 2 2 5 17 15 |
9782: 3 1 1 1 1 2 10 2 6 1 1 3 6 1 3 4 |16 19 2 1 1 1 1 2 1 1 1 2 23 1 1 5 |17 22 11 3 14 3 17 7 8 5 1 5 1 6 1 2 |4 13 2 1 1 1 1 21 1 7 9 8 1 1 1 2 |73 34 6 14 7 1 13 1 10 12 17 1 1 10 1 14 |281 152 28 11 11 19 1 20 11 1 1 11 5 20 6 11 |280 233 49 28 8 1 1 12 8 11 22 23 18 1 1 12 |143 120 17 1 3 2 10 8 9 18 14 3 8 2 4 4 |12 11 11 1 1 1 16 1 13 1 2 13 3 7 2 10 |6 1 3 1 11 6 1 7 1 4 16 1 6 12 14 1 |1 1 8 10 2 3 3 8 1 2 8 1 1 1 1 16 |13 1 1 7 1 7 1 7 5 2 9 6 2 5 18 15 |
9793: 3 1 1 1 1 2 10 2 6 1 1 3 6 1 3 4 |16 19 2 1 1 1 1 2 1 1 1 2 23 1 1 5 |17 22 11 3 14 3 17 7 8 5 1 5 1 6 1 2 |4 13 2 1 1 1 1 21 1 7 9 8 1 1 1 2 |73 34 6 14 7 1 13 1 10 12 17 1 1 10 1 14 |281 152 28 11 11 19 1 20 11 1 1 11 5 20 6 11 |280 233 49 28 8 1 1 12 8 11 22 23 18 1 1 12 |143 120 17 1 3 2 10 8 9 18 14 3 8 2 4 4 |12 11 11 1 1 1 16 1 13 1 2 13 3 7 2 10 |6 1 3 1 11 6 1 7 1 4 16 1 6 12 14 1 |1 1 8 10 2 3 3 8 1 2 8 1 1 1 1 16 |13 1 1 7 1 7 1 7 5 2 9 6 2 5 18 15 |
9804: 4 1 1 1 1 1 9 3 7 1 1 3 5 1 16 8 |2 16 1 1 1 1 1 9 7 1 1 9 23 1 5 7 |18 10 16 13 10 1 5 8 4 1 2 1 1 5 1 4 |10 15 10 1 11 1 2 23 1 6 12 16 1 3 1 1 |107 25 4 16 7 6 1 1 11 13 18 1 1 10 6 17 |281 152 28 11 11 19 1 20 11 1 1 11 5 20 6 11 |280 233 49 28 8 1 1 12 8 11 22 23 18 1 1 12 |143 120 17 1 3 2 10 8 9 18 14 3 8 2 4 4 |12 11 11 1 1 1 16 1 13 1 2 13 3 7 2 10 |6 1 3 1 11 6 1 7 1 4 16 1 6 12 14 1 |1 1 8 10 2 3 3 8 1 2 8 1 1 1 1 16 |13 1 1 7 1 7 1 7 5 2 9 6 2 5 18 15 |
9815: 4 1 1 1 1 1 9 3 7 1 1 3 5 1 16 8 |2 16 1 1 1 1 1 9 7 1 1 9 23 1 5 7 |18 10 16 13 10 1 5 8 4 1 2 1 1 5 1 4 |10 15 10 1 11 1 2 23 1 6 12 16 1 3 1 1 |107 25 4 16 7 6 1 1 11 13 18 1 1 10 6 17 |287 160 30 14 4 21 6 22 10 1 2 1 11 15 5 11 |271 241 50 20 15 1 1 12 6 1 9 8 10 10 6 8 |132 111 10 1 1 1 8 13 21 16 18 1 7 1 5 9 |12 16 8 1 1 1 15 1 18 5 2 14 2 8 3 10 |5 1 2 2 10 7 1 7 1 3 17 1 6 12 3 1 |2 1 7 6 2 16 2 8 1 18 7 1 1 1 9 9 |16 5 1 7 1 6 1 8 5 2 9 6 1 1 18 16 |
9826: 4 1 1 1 1 1 9 3 7 1 1 3 5 1 16 8 |2 16 1 1 1 1 1 9 7 1 1 9 23 1 5 7 |18 10 16 13 10 1 5 8 4 1 2 1 1 5 1 4 |10 15 10 1 11 1 2 23 1 6 12 16 1 3 1 1 |107 25 4 16 7 6 1 1 11 13 18 1 1 10 6 17 |287 160 30 14 4 21 6 22 10 1 2 1 11 15 5 11 |271 241 50 20 15 1 1 12 6 1 9 8 10 10 6 8 |132 111 10 1 1 1 8 13 21 16 18 1 7 1 5 9 |12 16 8 1 1 1 15 1 18 5 2 14 2 8 3 10 |5 1 2 2 10 7 1 7 1 3 17 1 6 12 3 1 |2 1 7 6 2 16 2 8 1 18 7 1 1 1 9 9 |16 5 1 7 1 6 1 8 5 2 9 6 1 1 18 16 |
9837: 4 5 6 1 1 1 3 2 6 1 1 2 6 1 4 8 |10 16 1 1 1 2 1 8 1 1 1 14 23 1 1 5 |17 10 16 13 10 1 17 10 3 1 2 1 6 6 1 3 |12 12 10 1 11 2 3 22 1 6 10 14 1 1 1 1 |125 27 15 4 17 6 7 1 11 13 18 3 8 13 5 10 |289 188 29 18 4 21 6 25 9 15 1 11 12 14 1 1 |271 241 50 20 15 1 1 12 6 1 9 8 10 10 6 8 |132 111 10 1 1 1 8 13 21 16 18 1 7 1 5 9 |12 16 8 1 1 1 15 1 18 5 2 14 2 8 3 10 |5 1 2 2 10 7 1 7 1 3 17 1 6 12 3 1 |2 1 7 6 2 16 2 8 1 18 7 1 1 1 9 9 |16 5 1 7 1 6 1 8 5 2 9 6 1 1 18 16 |
9848: 4 5 6 1 1 1 3 2 6 1 1 2 6 1 4 8 |10 16 1 1 1 2 1 8 1 1 1 14 23 1 1 5 |17 10 16 13 10 1 17 10 3 1 2 1 6 6 1 3 |12 12 10 1 11 2 3 22 1 6 10 14 1 1 1 1 |125 27 15 4 17 6 7 1 11 13 18 3 8 13 5 10 |289 188 29 18 4 21 6 25 9 15 1 11 12 14 1 1 |280 241 49 18 4 9 7 12 10 11 16 24 24 1 8 9 |122 98 21 1 10 1 10 14 15 18 18 5 7 2 4 7 |12 11 11 3 3 1 3 1 18 6 2 13 2 7 1 11 |5 1 16 2 11 6 1 7 1 4 16 1 6 13 3 1 |2 1 9 8 3 2 2 8 1 18 19 1 1 1 8 15 |17 1 1 22 1 7 7 3 5 1 4 7 2 5 17 15 |
9859: 4 5 6 1 1 1 3 2 6 1 1 2 6 1 4 8 |10 16 1 1 1 2 1 8 1 1 1 14 23 1 1 5 |17 10 16 13 10 1 17 10 3 1 2 1 6 6 1 3 |12 12 10 1 11 2 3 22 1 6 10 14 1 1 1 1 |125 27 15 4 17 6 7 1 11 13 18 3 8 13 5 10 |289 188 29 18 4 21 6 25 9 15 1 11 12 14 1 1 |280 241 49 18 4 9 7 12 10 11 16 24 24 1 8 9 |122 98 21 1 10 1 10 14 15 18 18 5 7 2 4 7 |12 11 11 3 3 1 3 1 18 6 2 13 2 7 1 11 |5 1 16 2 11 6 1 7 1 4 16 1 6 13 3 1 |2 1 9 8 3 2 2 8 1 18 19 1 1 1 8 15 |17 1 1 22 1 7 7 3 5 1 4 7 2 5 17 15 |
9870: 4 11 1 1 1 1 9 4 7 1 1 2 7 1 3 3 |16 15 1 1 1 2 1 1 6 1 1 13 23 1 1 5 |18 6 16 6 7 1 17 8 3 1 1 1 1 6 1 2 |13 22 18 1 11 3 1 24 1 6 12 10 1 1 1 1 |152 36 17 3 15 8 3 1 10 13 19 3 16 12 4 22 |288 184 29 18 23 14 1 19 16 1 1 10 11 11 4 1 |280 241 49 18 4 9 7 12 10 11 16 24 24 1 8 9 |122 98 21 1 10 1 10 14 15 18 18 5 7 2 4 7 |12 11 11 3 3 1 3 1 18 6 2 13 2 7 1 11 |5 1 16 2 11 6 1 7 1 4 16 1 6 13 3 1 |2 1 9 8 3 2 2 8 1 18 19 1 1 1 8 15 |17 1 1 22 1 7 7 3 5 1 4 7 2 5 17 15 |
9881: 4 11 1 1 1 1 9 4 7 1 1 2 7 1 3 3 |16 15 1 1 1 2 1 1 6 1 1 13 23 1 1 5 |18 6 16 6 7 1 17 8 3 1 1 1 1 6 1 2 |13 22 18 1 11 3 1 24 1 6 12 10 1 1 1 1 |152 36 17 3 15 8 3 1 10 13 19 3 16 12 4 22 |288 184 29 18 23 14 1 19 16 1 1 10 11 11 4 1 |285 239 40 12 1 9 9 1 2 1 9 26 18 1 8 9 |113 110 15 1 2 1 10 9 20 5 18 1 6 4 2 10 |18 12 11 1 3 1 15 1 20 9 1 13 3 7 3 9 |11 4 2 2 12 5 1 7 2 2 16 1 6 12 14 1 |2 1 8 2 15 4 3 8 1 18 19 1 1 1 1 15 |13 5 1 24 1 7 7 8 5 2 8 1 1 1 17 10 |
9892: 4 11 1 1 1 1 9 4 7 1 1 2 7 1 3 3 |16 15 1 1 1 2 1 1 6 1 1 13 23 1 1 5 |18 6 16 6 7 1 17 8 3 1 1 1 1 6 1 2 |13 22 18 1 11 3 1 24 1 6 12 10 1 1 1 1 |152 36 17 3 15 8 3 1 10 13 19 3 16 12 4 22 |288 184 29 18 23 14 1 19 16 1 1 10 11 11 4 1 |285 239 40 12 1 9 9 1 2 1 9 26 18 1 8 9 |113 110 15 1 2 1 10 9 20 5 18 1 6 4 2 10 |18 12 11 1 3 1 15 1 20 9 1 13 3 7 3 9 |11 4 2 2 12 5 1 7 2 2 16 1 6 12 14 1 |2 1 8 2 15 4 3 8 1 18 19 1 1 1 1 15 |13 5 1 24 1 7 7 8 5 2 8 1 1 1 17 10 |
9903: 4 11 1 1 1 2 4 2 7 1 1 2 6 1 16 8 |18 20 1 1 1 1 1 1 6 2 4 13 24 1 5 8 |18 14 15 7 11 9 17 7 4 1 1 6 8 5 1 5 |13 11 1 1 11 3 10 25 1 7 11 18 1 1 1 1 |147 33 15 4 15 9 7 1 11 13 8 9 16 11 1 9 |284 181 30 22 17 18 2 20 12 1 1 9 11 16 1 1 |285 239 40 12 1 9 9 1 2 1 9 26 18 1 8 9 |113 110 15 1 2 1 10 9 20 5 18 1 6 4 2 10 |18 12 11 1 3 1 15 1 20 9 1 13 3 7 3 9 |11 4 2 2 12 5 1 7 2 2 16 1 6 12 14 1 |2 1 8 2 15 4 3 8 1 18 19 1 1 1 1 15 |13 5 1 24 1 7 7 8 5 2 8 1 1 1 17 10 |
9914: 4 11 1 1 1 2 4 2 7 1 1 2 6 1 16 8 |18 20 1 1 1 1 1 1 6 2 4 13 24 1 5 8 |18 14 15 7 11 9 17 7 4 1 1 6 8 5 1 5 |13 11 1 1 11 3 10 25 1 7 11 18 1 1 1 1 |147 33 15 4 15 9 7 1 11 13 8 9 16 11 1 9 |284 181 30 22 17 18 2 20 12 1 1 9 11 16 1 1 |278 239 49 18 15 4 14 1 5 1 10 6 10 1 1 9 |113 103 22 1 13 1 8 9 19 5 11 1 6 2 4 9 |12 16 12 1 13 1 16 7 17 1 2 18 2 7 2 9 |10 8 9 3 12 6 1 7 1 4 16 1 6 12 15 1 |1 1 9 7 15 4 3 8 1 18 8 1 1 1 1 16 |17 5 1 5 1 8 7 3 5 2 8 5 1 1 17 15 |
9925: 4 11 1 1 1 2 4 2 7 1 1 2 6 1 16 8 |18 20 1 1 1 1 1 1 6 2 4 13 24 1 5 8 |18 14 15 7 11 9 17 7 4 1 1 6 8 5 1 5 |13 11 1 1 11 3 10 25 1 7 11 18 1 1 1 1 |147 33 15 4 15 9 7 1 11 13 8 9 16 11 1 9 |284 181 30 22 17 18 2 20 12 1 1 9 11 16 1 1 |278 239 49 18 15 4 14 1 5 1 10 6 10 1 1 9 |113 103 22 1 13 1 8 9 19 5 11 1 6 2 4 9 |12 16 12 1 13 1 16 7 17 1 2 18 2 7 2 9 |10 8 9 3 12 6 1 7 1 4 16 1 6 12 15 1 |1 1 9 7 15 4 3 8 1 18 8 1 1 1 1 16 |17 5 1 5 1 8 7 3 5 2 8 5 1 1 17 15 |
9936: 1 11 3 1 1 1 8 3 7 1 1 2 6 1 3 4 |9 22 1 1 1 1 9 4 1 1 3 12 23 1 1 5 |18 14 16 6 12 7 17 8 8 1 2 1 1 5 1 5 |12 22 16 4 7 1 1 23 1 6 10 15 1 1 1 1 |117 36 15 4 14 7 3 1 10 20 17 2 16 11 1 15 |291 181 18 14 19 14 1 20 9 2 8 9 2 8 1 9 |278 251 41 15 1 4 3 11 6 1 23 17 10 1 8 9 |113 103 22 1 13 1 8 9 19 5 11 1 6 2 4 9 |12 16 12 1 13 1 16 7 17 1 2 18 2 7 2 9 |10 8 9 3 12 6 1 7 1 4 16 1 6 12 15 1 |1 1 9 7 15 4 3 8 1 18 8 1 1 1 1 16 |17 5 1 5 1 8 7 3 5 2 8 5 1 1 17 15 |
9947: 1 11 3 1 1 1 8 3 7 1 1 2 6 1 3 4 |9 22 1 1 1 1 9 4 1 1 3 12 23 1 1 5 |18 14 16 6 12 7 17 8 8 1 2 1 1 5 1 5 |12 22 16 4 7 1 1 23 1 6 10 15 1 1 1 1 |117 36 15 4 14 7 3 1 10 20 17 2 16 11 1 15 |291 181 18 14 19 14 1 20 9 2 8 9 2 8 1 9 |278 251 41 15 1 4 3 11 6 1 23 17 10 1 8 9 |123 127 15 1 3 1 7 16 17 16 6 4 8 1 4 8 |12 17 10 2 1 2 16 1 18 6 1 13 2 1 3 10 |10 2 4 3 13 7 1 6 2 2 16 1 5 12 2 1 |1 1 8 9 15 2 1 4 3 17 11 1 14 1 1 16 |13 5 1 6 1 7 7 7 5 2 10 6 2 6 19 15 |
9958: 1 11 3 1 1 1 8 3 7 1 1 2 6 1 3 4 |9 22 1 1 1 1 9 4 1 1 3 12 23 1 1 5 |18 14 16 6 12 7 17 8 8 1 2 1 1 5 1 5 |12 22 16 4 7 1 1 23 1 6 10 15 1 1 1 1 |117 36 15 4 14 7 3 1 10 20 17 2 16 11 1 15 |291 181 18 14 19 14 1 20 9 2 8 9 2 8 1 9 |278 251 41 15 1 4 3 11 6 1 23 17 10 1 8 9 |123 127 15 1 3 1 7 16 17 16 6 4 8 1 4 8 |12 17 10 2 1 2 16 1 18 6 1 13 2 1 3 10 |10 2 4 3 13 7 1 6 2 2 16 1 5 12 2 1 |1 1 8 9 15 2 1 4 3 17 11 1 14 1 1 16 |13 5 1 6 1 7 7 7 5 2 10 6 2 6 19 15 |
9968: 3 12 4 1 1 2 9 3 7 1 1 2 6 1 3 9 |4 22 1 1 1 1 9 7 1 1 3 13 23 1 3 6 |17 14 15 6 12 3 12 7 8 1 1 5 1 7 1 2 |11 23 13 1 11 3 3 22 1 5 9 8 1 1 1 1 |82 27 4 16 2 8 12 3 8 17 16 1 14 10 1 14 |287 185 17 28 8 22 8 12 17 13 2 11 6 22 4 1 |278 251 41 15 1 4 3 11 6 1 23 17 10 1 8 9 |123 127 15 1 3 1 7 16 17 16 6 4 8 1 4 8 |12 17 10 2 1 2 16 1 18 6 1 13 2 1 3 10 |10 2 4 3 13 7 1 6 2 2 16 1 5 12 2 1 |1 1 8 9 15 2 1 4 3 17 11 1 14 1 1 16 |13 5 1 6 1 7 7 7 5 2 10 6 2 6 19 15 |
9979: 3 12 4 1 1 2 9 3 7 1 1 2 6 1 3 9 |4 22 1 1 1 1 9 7 1 1 3 13 23 1 3 6 |17 14 15 6 12 3 12 7 8 1 1 5 1 7 1 2 |11 23 13 1 11 3 3 22 1 5 9 8 1 1 1 1 |82 27 4 16 2 8 12 3 8 17 16 1 14 10 1 14 |287 185 17 28 8 22 8 12 17 13 2 11 6 22 4 1 |280 256 40 27 13 5 2 1 11 16 5 17 20 10 1 11 |114 128 16 1 9 1 9 17 21 17 18 1 6 1 1 6 |11 17 12 2 2 2 17 7 18 6 2 6 1 6 3 9 |10 9 15 2 11 6 1 7 3 2 17 1 6 12 15 1 |1 1 10 9 2 1 1 3 4 17 7 1 1 1 8 15 |13 1 1 2 1 8 7 7 5 2 9 3 2 5 18 15 |
9990: 3 12 4 1 1 2 9 3 7 1 1 2 6 1 3 9 |4 22 1 1 1 1 9 7 1 1 3 13 23 1 3 6 |17 14 15 6 12 3 12 7 8 1 1 5 1 7 1 2 |11 23 13 1 11 3 3 22 1 5 9 8 1 1 1 1 |82 27 4 16 2 8 12 3 8 17 16 1 14 10 1 14 |287 185 17 28 8 22 8 12 17 13 2 11 6 22 4 1 |280 256 40 27 13 5 2 1 11 16 5 17 20 10 1 11 |114 128 16 1 9 1 9 17 21 17 18 1 6 1 1 6 |11 17 12 2 2 2 17 7 18 6 2 6 1 6 3 9 |10 9 15 2 11 6 1 7 3 2 17 1 6 12 15 1 |1 1 10 9 2 1 1 3 4 17 7 1 1 1 8 15 |13 1 1 2 1 8 7 7 5 2 9 3 2 5 18 15 |
10001: 3 3 2 1 1 2 8 3 6 1 1 2 5 1 3 4 |9 16 1 1 1 1 1 1 1 1 3 11 11 1 1 5 |17 23 12 3 12 1 16 9 2 6 1 4 4 5 1 2 |4 21 13 1 11 1 1 23 1 6 11 15 1 1 1 1 |42 22 10 6 8 6 11 3 8 16 3 1 2 7 1 15 |242 172 28 9 7 20 2 18 4 3 1 1 1 8 1 1 |235 203 39 18 2 9 5 11 8 10 15 10 10 9 1 8 |37 27 5 1 1 3 1 15 19 5 5 2 6 1 5 7 |11 17 12 2 2 2 17 7 18 6 2 6 1 6 3 9 |10 9 15 2 11 6 1 7 3 2 17 1 6 12 15 1 |1 1 10 9 2 1 1 3 4 17 7 1 1 1 8 15 |13 1 1 2 1 8 7 7 5 2 9 3 2 5 18 15 |
10012: 3 3 2 1 1 2 8 3 6 1 1 2 5 1 3 4 |9 16 1 1 1 1 1 1 1 1 3 11 11 1 1 5 |17 23 12 3 12 1 16 9 2 6 1 4 4 5 1 2 |4 21 13 1 11 1 1 23 1 6 11 15 1 1 1 1 |42 22 10 6 8 6 11 3 8 16 3 1 2 7 1 15 |242 172 28 9 7 20 2 18 4 3 1 1 1 8 1 1 |235 203 39 18 2 9 5 11 8 10 15 10 10 9 1 8 |37 27 5 1 1 3 1 15 19 5 5 2 6 1 5 7 |12 1 5 2 2 1 15 1 15 1 1 6 3 6 2 12 |7 2 17 1 11 2 1 6 2 1 16 1 6 12 15 1 |1 1 8 8 2 1 1 3 2 17 6 1 1 1 1 14 |23 5 1 2 1 8 6 3 5 2 10 2 2 5 17 15 |
10023: 2 2 2 1 1 2 4 1 6 1 1 2 7 1 3 3 |9 16 1 1 1 1 1 1 1 1 3 11 11 1 1 5 |17 23 12 3 12 1 16 9 2 6 1 4 4 5 1 2 |4 21 13 1 11 1 1 23 1 6 11 15 1 1 1 1 |42 22 10 6 8 6 11 3 8 16 3 1 2 7 1 15 |242 172 28 9 7 20 2 18 4 3 1 1 1 8 1 1 |235 203 39 18 2 9 5 11 8 10 15 10 10 9 1 8 |37 27 5 1 1 3 1 15 19 5 5 2 6 1 5 7 |12 1 5 2 2 1 15 1 15 1 1 6 3 6 2 12 |7 2 17 1 11 2 1 6 2 1 16 1 6 12 15 1 |1 1 8 8 2 1 1 3 2 17 6 1 1 1 1 14 |23 5 1 2 1 8 6 3 5 2 10 2 2 5 17 15 |
10034: 2 2 2 1 1 2 4 1 6 1 1 2 7 1 3 3 |9 5 1 1 1 1 4 1 1 1 3 11 22 1 7 7 |4 22 17 13 8 1 11 2 1 1 1 7 1 1 1 6 |1 17 2 1 8 1 1 19 1 7 9 7 1 1 1 2 |22 35 5 15 1 1 2 4 7 16 14 1 1 7 1 1 |35 54 17 21 7 4 6 14 10 1 1 1 8 1 1 1 |30 23 16 4 7 1 1 11 1 1 12 16 15 1 1 1 |4 16 7 1 1 3 8 11 2 1 5 1 5 1 3 2 |2 2 6 1 5 1 15 13 16 1 1 6 1 11 1 3 |7 2 17 1 11 2 1 6 2 1 16 1 6 12 15 1 |1 1 8 8 2 1 1 3 2 17 6 1 1 1 1 14 |23 5 1 2 1 8 6 3 5 2 10 2 2 5 17 15 |
10045: 2 2 2 1 1 2 4 1 6 1 1 2 7 1 3 3 |9 5 1 1 1 1 4 1 1 1 3 11 22 1 7 7 |4 22 17 13 8 1 11 2 1 1 1 7 1 1 1 6 |1 17 2 1 8 1 1 19 1 7 9 7 1 1 1 2 |22 35 5 15 1 1 2 4 7 16 14 1 1 7 1 1 |35 54 17 21 7 4 6 14 10 1 1 1 8 1 1 1 |30 23 16 4 7 1 1 11 1 1 12 16 15 1 1 1 |4 16 7 1 1 3 8 11 2 1 5 1 5 1 3 2 |2 2 6 1 5 1 15 13 16 1 1 6 1 11 1 3 |1 1 1 4 12 6 1 7 2 1 15 1 6 12 15 1 |4 1 8 2 2 13 2 7 1 18 7 1 1 1 8 14 |12 1 1 6 1 8 7 3 5 1 9 1 2 5 5 11 |
10056: 2 2 2 1 1 2 4 1 6 1 1 2 7 1 3 3 |9 5 1 1 1 1 4 1 1 1 3 11 22 1 7 7 |4 22 17 13 8 1 11 2 1 1 1 7 1 1 1 6 |1 17 2 1 8 1 1 19 1 7 9 7 1 1 1 2 |22 35 5 15 1 1 2 4 7 16 14 1 1 7 1 1 |35 54 17 21 7 4 6 14 10 1 1 1 8 1 1 1 |30 23 16 4 7 1 1 11 1 1 12 16 15 1 1 1 |4 16 7 1 1 3 8 11 2 1 5 1 5 1 3 2 |2 2 6 1 5 1 15 13 16 1 1 6 1 11 1 3 |1 1 1 4 12 6 1 7 2 1 15 1 6 12 15 1 |4 1 8 2 2 13 2 7 1 18 7 1 1 1 8 14 |12 1 1 6 1 8 7 3 5 1 9 1 2 5 5 11 |
10067: 2 3 1 1 1 1 6 1 1 2 1 1 6 1 3 4 |9 6 3 1 1 2 4 1 1 1 3 13 14 1 1 5 |4 8 16 6 12 2 16 8 1 5 1 5 1 4 1 3 |6 13 6 1 1 4 8 21 1 1 8 4 1 4 1 1 |11 23 9 11 6 1 1 4 7 11 1 4 1 1 1 1 |9 35 11 12 1 1 1 12 10 1 1 3 2 8 1 1 |15 21 17 1 7 1 1 11 1 1 16 16 7 1 1 1 |4 16 7 1 1 3 8 11 2 1 5 1 5 1 3 2 |2 2 6 1 5 1 15 13 16 1 1 6 1 11 1 3 |1 1 1 4 12 6 1 7 2 1 15 1 6 12 15 1 |4 1 8 2 2 13 2 7 1 18 7 1 1 1 8 14 |12 1 1 6 1 8 7 3 5 1 9 1 2 5 5 11 |
10078: 2 3 1 1 1 1 6 1 1 2 1 1 6 1 3 4 |9 6 3 1 1 2 4 1 1 1 3 13 14 1 1 5 |4 8 16 6 12 2 16 8 1 5 1 5 1 4 1 3 |6 13 6 1 1 4 8 21 1 1 8 4 1 4 1 1 |11 23 9 11 6 1 1 4 7 11 1 4 1 1 1 1 |9 35 11 12 1 1 1 12 10 1 1 3 2 8 1 1 |15 21 17 1 7 1 1 11 1 1 16 16 7 1 1 1 |4 12 1 1 5 2 7 13 12 1 4 2 6 1 3 1 |1 6 7 1 4 1 15 13 10 1 1 6 1 11 1 2 |1 1 4 2 1 1 1 7 2 2 16 1 6 12 15 1 |1 7 1 6 15 2 2 7 1 2 7 1 1 1 7 14 |12 1 1 6 1 8 1 3 13 2 1 6 2 5 17 10 |
10089: 2 3 1 1 1 1 6 1 1 2 1 1 6 1 3 4 |9 6 3 1 1 2 4 1 1 1 3 13 14 1 1 5 |4 8 16 6 12 2 16 8 1 5 1 5 1 4 1 3 |6 13 6 1 1 4 8 21 1 1 8 4 1 4 1 1 |11 23 9 11 6 1 1 4 7 11 1 4 1 1 1 1 |9 35 11 12 1 1 1 12 10 1 1 3 2 8 1 1 |15 21 17 1 7 1 1 11 1 1 16 16 7 1 1 1 |4 12 1 1 5 2 7 13 12 1 4 2 6 1 3 1 |1 6 7 1 4 1 15 13 10 1 1 6 1 11 1 2 |1 1 4 2 1 1 1 7 2 2 16 1 6 12 15 1 |1 7 1 6 15 2 2 7 1 2 7 1 1 1 7 14 |12 1 1 6 1 8 1 3 13 2 1 6 2 5 17 10 |
10100: 2 2 1 1 1 1 1 1 7 1 1 2 7 1 16 8 |9 6 1 1 1 1 1 1 1 1 3 12 22 3 4 7 |9 6 17 13 9 9 11 5 4 1 3 4 1 5 1 3 |7 23 11 1 11 1 1 21 1 6 11 8 1 4 1 2 |14 35 9 15 7 1 1 4 7 12 3 1 1 1 1 1 |7 36 10 21 2 1 1 12 11 1 1 1 1 7 2 1 |10 20 17 1 6 1 1 11 1 1 15 10 2 1 1 1 |4 13 2 2 1 3 7 14 12 1 4 2 5 1 3 1 |1 6 7 1 4 1 15 13 10 1 1 6 1 11 1 2 |1 1 4 2 1 1 1 7 2 2 16 1 6 12 15 1 |1 7 1 6 15 2 2 7 1 2 7 1 1 1 7 14 |12 1 1 6 1 8 1 3 13 2 1 6 2 5 17 10 |
10111: 2 2 1 1 1 1 1 1 7 1 1 2 7 1 16 8 |9 6 1 1 1 1 1 1 1 1 3 12 22 3 4 7 |9 6 17 13 9 9 11 5 4 1 3 4 1 5 1 3 |7 23 11 1 11 1 1 21 1 6 11 8 1 4 1 2 |14 35 9 15 7 1 1 4 7 12 3 1 1 1 1 1 |7 36 10 21 2 1 1 12 11 1 1 1 1 7 2 1 |10 20 17 1 6 1 1 11 1 1 15 10 2 1 1 1 |4 13 2 2 1 3 7 14 12 1 4 2 5 1 3 1 |2 7 6 1 6 1 15 13 7 1 1 6 2 11 1 3 |1 3 3 2 10 2 1 8 2 2 3 1 6 12 2 1 |1 7 1 1 1 14 2 8 1 17 7 1 1 1 1 16 |12 1 2 6 1 1 1 7 5 2 9 2 2 6 17 15 |
10122: 2 2 1 1 1 1 1 1 7 1 1 2 7 1 16 8 |9 6 1 1 1 1 1 1 1 1 3 12 22 3 4 7 |9 6 17 13 9 9 11 5 4 1 3 4 1 5 1 3 |7 23 11 1 11 1 1 21 1 6 11 8 1 4 1 2 |14 35 9 15 7 1 1 4 7 12 3 1 1 1 1 1 |7 36 10 21 2 1 1 12 11 1 1 1 1 7 2 1 |10 20 17 1 6 1 1 11 1 1 15 10 2 1 1 1 |4 13 2 2 1 3 7 14 12 1 4 2 5 1 3 1 |2 7 6 1 6 1 15 13 7 1 1 6 2 11 1 3 |1 3 3 2 10 2 1 8 2 2 3 1 6 12 2 1 |1 7 1 1 1 14 2 8 1 17 7 1 1 1 1 16 |12 1 2 6 1 1 1 7 5 2 9 2 2 6 17 15 |
10133: 2 10 3 1 1 2 9 2 6 1 1 2 5 1 5 4 |2 9 1 1 1 1 1 1 1 1 3 14 23 1 1 5 |17 30 9 6 13 1 10 7 8 5 3 1 1 6 1 4 |131 123 35 11 12 10 10 19 1 15 7 20 5 11 7 1 |195 253 35 12 11 7 4 1 1 18 18 7 15 12 1 10 |44 67 1 6 1 1 1 13 11 1 2 1 1 8 3 1 |17 7 4 1 5 1 1 11 1 1 16 16 9 1 1 1 |4 16 4 1 5 2 6 13 2 4 8 3 1 1 2 1 |2 7 6 1 6 1 15 13 7 1 1 6 2 11 1 3 |1 3 3 2 10 2 1 8 2 2 3 1 6 12 2 1 |1 7 1 1 1 14 2 8 1 17 7 1 1 1 1 16 |12 1 2 6 1 1 1 7 5 2 9 2 2 6 17 15 |
10144: 2 10 3 1 1 2 9 2 6 1 1 2 5 1 5 4 |2 9 1 1 1 1 1 1 1 1 3 14 23 1 1 5 |17 30 9 6 13 1 10 7 8 5 3 1 1 6 1 4 |131 123 35 11 12 10 10 19 1 15 7 20 5 11 7 1 |195 253 35 12 11 7 4 1 1 18 18 7 15 12 1 10 |44 67 1 6 1 1 1 13 11 1 2 1 1 8 3 1 |17 7 4 1 5 1 1 11 1 1 16 16 9 1 1 1 |4 16 4 1 5 2 6 13 2 4 8 3 1 1 2 1 |1 9 1 2 1 1 15 13 12 1 2 13 1 11 1 3 |7 3 9 1 11 1 1 6 2 2 16 1 6 12 15 1 |1 1 7 2 1 1 1 1 4 17 2 1 1 1 8 9 |23 6 1 5 1 7 1 8 5 1 9 2 2 5 17 10 |
10155: 2 10 3 1 1 2 9 2 6 1 1 2 5 1 5 4 |2 9 1 1 1 1 1 1 1 1 3 14 23 1 1 5 |17 30 9 6 13 1 10 7 8 5 3 1 1 6 1 4 |131 123 35 11 12 10 10 19 1 15 7 20 5 11 7 1 |195 253 35 12 11 7 4 1 1 18 18 7 15 12 1 10 |44 67 1 6 1 1 1 13 11 1 2 1 1 8 3 1 |17 7 4 1 5 1 1 11 1 1 16 16 9 1 1 1 |4 16 4 1 5 2 6 13 2 4 8 3 1 1 2 1 |1 9 1 2 1 1 15 13 12 1 2 13 1 11 1 3 |7 3 9 1 11 1 1 6 2 2 16 1 6 12 15 1 |1 1 7 2 1 1 1 1 4 17 2 1 1 1 8 9 |23 6 1 5 1 7 1 8 5 1 9 2 2 5 17 10 |
10166: 5 12 1 1 1 5 4 2 7 1 1 2 6 1 3 3 |20 22 1 1 2 1 9 7 5 1 3 14 24 1 5 6 |32 45 21 7 1 2 10 3 9 1 1 1 1 1 2 4 |232 177 35 11 16 17 3 29 6 7 22 19 8 15 16 1 |247 281 43 19 16 1 4 9 12 13 9 1 17 10 9 21 |54 68 3 7 1 1 1 15 10 1 3 1 1 1 1 1 |17 7 10 13 5 1 1 11 1 1 15 16 11 1 1 1 |1 13 3 1 5 2 7 14 11 1 4 2 5 1 4 1 |4 1 5 1 3 1 16 8 5 2 1 1 2 6 3 14 |7 3 9 1 11 1 1 6 2 2 16 1 6 12 15 1 |1 1 7 2 1 1 1 1 4 17 2 1 1 1 8 9 |23 6 1 5 1 7 1 8 5 1 9 2 2 5 17 10 |
10177: 5 12 1 1 1 5 4 2 7 1 1 2 6 1 3 3 |20 22 1 1 2 1 9 7 5 1 3 14 24 1 5 6 |32 45 21 7 1 2 10 3 9 1 1 1 1 1 2 4 |232 177 35 11 16 17 3 29 6 7 22 19 8 15 16 1 |247 281 43 19 16 1 4 9 12 13 9 1 17 10 9 21 |54 68 3 7 1 1 1 15 10 1 3 1 1 1 1 1 |17 7 10 13 5 1 1 11 1 1 15 16 11 1 1 1 |1 13 3 1 5 2 7 14 11 1 4 2 5 1 4 1 |4 1 5 1 3 1 16 8 5 2 1 1 2 6 3 14 |9 8 4 1 11 1 1 7 2 2 16 1 6 12 3 1 |5 8 8 8 2 1 2 7 1 17 19 1 1 1 8 14 |23 8 1 5 1 5 1 7 5 1 8 1 2 5 17 18 |
10188: 5 12 1 1 1 5 4 2 7 1 1 2 6 1 3 3 |20 22 1 1 2 1 9 7 5 1 3 14 24 1 5 6 |32 45 21 7 1 2 10 3 9 1 1 1 1 1 2 4 |232 177 35 11 16 17 3 29 6 7 22 19 8 15 16 1 |247 281 43 19 16 1 4 9 12 13 9 1 17 10 9 21 |54 68 3 7 1 1 1 15 10 1 3 1 1 1 1 1 |17 7 10 13 5 1 1 11 1 1 15 16 11 1 1 1 |1 13 3 1 5 2 7 14 11 1 4 2 5 1 4 1 |4 1 5 1 3 1 16 8 5 2 1 1 2 6 3 14 |9 8 4 1 11 1 1 7 2 2 16 1 6 12 3 1 |5 8 8 8 2 1 2 7 1 17 19 1 1 1 8 14 |23 8 1 5 1 5 1 7 5 1 8 1 2 5 17 18 |
10199: 5 10 4 1 1 1 1 2 7 1 1 3 6 1 4 8 |13 8 1 1 1 1 1 1 1 1 4 14 25 1 1 5 |111 47 23 7 1 3 22 1 7 1 13 4 9 1 8 1 |277 219 50 18 14 11 13 28 8 13 13 11 13 10 19 17 |270 272 50 16 20 5 19 13 11 13 9 11 10 20 9 22 |60 78 2 7 1 1 1 14 10 2 1 4 5 1 1 1 |17 8 11 1 8 1 1 10 1 1 8 17 11 1 1 1 |2 16 4 1 7 2 7 14 12 1 6 2 5 1 2 7 |4 1 5 1 3 1 16 8 5 2 1 1 2 6 3 14 |9 8 4 1 11 1 1 7 2 2 16 1 6 12 3 1 |5 8 8 8 2 1 2 7 1 17 19 1 1 1 8 14 |23 8 1 5 1 5 1 7 5 1 8 1 2 5 17 18 |
10210: 5 10 4 1 1 1 1 2 7 1 1 3 6 1 4 8 |13 8 1 1 1 1 1 1 1 1 4 14 25 1 1 5 |111 47 23 7 1 3 22 1 7 1 13 4 9 1 8 1 |277 219 50 18 14 11 13 28 8 13 13 11 13 10 19 17 |270 272 50 16 20 5 19 13 11 13 9 11 10 20 9 22 |60 78 2 7 1 1 1 14 10 2 1 4 5 1 1 1 |17 8 11 1 8 1 1 10 1 1 8 17 11 1 1 1 |2 16 4 1 7 2 7 14 12 1 6 2 5 1 2 7 |4 1 5 2 5 1 16 1 6 3 1 1 1 12 2 14 |10 9 3 1 1 1 1 6 1 4 16 1 6 12 15 1 |1 1 8 6 2 14 1 7 1 18 8 1 1 1 1 16 |13 1 1 6 1 1 1 2 5 1 8 1 2 6 18 15 |
10221: 5 10 4 1 1 1 1 2 7 1 1 3 6 1 4 8 |13 8 1 1 1 1 1 1 1 1 4 14 25 1 1 5 |111 47 23 7 1 3 22 1 7 1 13 4 9 1 8 1 |277 219 50 18 14 11 13 28 8 13 13 11 13 10 19 17 |270 272 50 16 20 5 19 13 11 13 9 11 10 20 9 22 |60 78 2 7 1 1 1 14 10 2 1 4 5 1 1 1 |17 8 11 1 8 1 1 10 1 1 8 17 11 1 1 1 |2 16 4 1 7 2 7 14 12 1 6 2 5 1 2 7 |4 1 5 2 5 1 16 1 6 3 1 1 1 12 2 14 |10 9 3 1 1 1 1 6 1 4 16 1 6 12 15 1 |1 1 8 6 2 14 1 7 1 18 8 1 1 1 1 16 |13 1 1 6 1 1 1 2 5 1 8 1 2 6 18 15 |
10232: 5 17 1 1 1 8 1 1 7 2 1 1 6 1 3 8 |27 13 1 1 1 1 1 1 5 1 1 15 25 1 1 13 |153 49 15 8 16 16 17 11 11 10 10 9 13 12 11 1 |275 225 47 5 17 14 14 33 3 15 20 18 1 16 18 10 |274 256 43 14 2 9 11 13 12 17 15 1 3 8 10 23 |75 70 13 6 1 1 6 13 11 2 3 1 8 1 1 1 |19 9 11 12 1 1 1 11 1 1 16 16 15 1 1 1 |3 16 7 1 5 1 7 14 16 2 4 2 1 1 3 7 |11 1 5 1 4 1 16 1 18 10 2 12 1 5 2 8 |10 1 1 1 12 2 1 6 2 2 16 1 6 12 2 1 |1 1 8 6 2 14 1 7 1 18 8 1 1 1 1 16 |13 1 1 6 1 1 1 2 5 1 8 1 2 6 18 15 |
10243: 5 17 1 1 1 8 1 1 7 2 1 1 6 1 3 8 |27 13 1 1 1 1 1 1 5 1 1 15 25 1 1 13 |153 49 15 8 16 16 17 11 11 10 10 9 13 12 11 1 |275 225 47 5 17 14 14 33 3 15 20 18 1 16 18 10 |274 256 43 14 2 9 11 13 12 17 15 1 3 8 10 23 |75 70 13 6 1 1 6 13 11 2 3 1 8 1 1 1 |19 9 11 12 1 1 1 11 1 1 16 16 15 1 1 1 |3 16 7 1 5 1 7 14 16 2 4 2 1 1 3 7 |11 1 5 1 4 1 16 1 18 10 2 12 1 5 2 8 |10 1 1 1 12 2 1 6 2 2 16 1 6 12 2 1 |4 6 9 7 2 14 2 7 3 9 19 1 1 1 1 14 |16 1 1 5 1 1 1 7 5 2 8 1 1 1 18 15 |
10254: 5 17 1 1 1 8 1 1 7 2 1 1 6 1 3 8 |27 13 1 1 1 1 1 1 5 1 1 15 25 1 1 13 |153 49 15 8 16 16 17 11 11 10 10 9 13 12 11 1 |275 225 47 5 17 14 14 33 3 15 20 18 1 16 18 10 |274 256 43 14 2 9 11 13 12 17 15 1 3 8 10 23 |75 70 13 6 1 1 6 13 11 2 3 1 8 1 1 1 |19 9 11 12 1 1 1 11 1 1 16 16 15 1 1 1 |3 16 7 1 5 1 7 14 16 2 4 2 1 1 3 7 |11 1 5 1 4 1 16 1 18 10 2 12 1 5 2 8 |10 1 1 1 12 2 1 6 2 2 16 1 6 12 2 1 |4 6 9 7 2 14 2 7 3 9 19 1 1 1 1 14 |16 1 1 5 1 1 1 7 5 2 8 1 1 1 18 15 |
10265: 5 11 1 1 1 1 1 3 7 1 1 2 6 1 3 9 |28 13 1 1 2 1 1 1 5 1 1 16 18 1 1 13 |160 56 24 9 5 17 16 10 12 11 4 14 12 14 9 1 |281 226 42 19 16 16 7 33 6 19 9 8 13 17 10 3 |275 257 45 14 6 10 10 1 1 12 11 10 11 19 3 10 |77 67 6 19 1 1 6 9 11 6 1 4 9 1 4 1 |19 8 25 5 1 1 1 11 1 1 7 17 10 1 1 1 |3 13 7 1 1 3 6 14 16 2 4 3 6 1 3 1 |12 1 5 1 5 1 16 8 6 2 1 5 2 6 2 13 |10 1 1 1 12 2 1 6 2 2 16 1 6 12 2 1 |4 6 9 7 2 14 2 7 3 9 19 1 1 1 1 14 |16 1 1 5 1 1 1 7 5 2 8 1 1 1 18 15 |
10276: 5 11 1 1 1 1 1 3 7 1 1 2 6 1 3 9 |28 13 1 1 2 1 1 1 5 1 1 16 18 1 1 13 |160 56 24 9 5 17 16 10 12 11 4 14 12 14 9 1 |281 226 42 19 16 16 7 33 6 19 9 8 13 17 10 3 |275 257 45 14 6 10 10 1 1 12 11 10 11 19 3 10 |77 67 6 19 1 1 6 9 11 6 1 4 9 1 4 1 |19 8 25 5 1 1 1 11 1 1 7 17 10 1 1 1 |3 13 7 1 1 3 6 14 16 2 4 3 6 1 3 1 |12 1 5 1 5 1 16 8 6 2 1 5 2 6 2 13 |9 3 7 1 12 5 1 7 2 1 16 1 6 12 15 1 |5 7 8 2 2 1 2 8 1 18 8 1 1 1 1 14 |16 1 1 5 1 1 1 7 5 3 8 1 1 1 17 16 |
10287: 5 11 1 1 1 1 1 3 7 1 1 2 6 1 3 9 |28 13 1 1 2 1 1 1 5 1 1 16 18 1 1 13 |160 56 24 9 5 17 16 10 12 11 4 14 12 14 9 1 |281 226 42 19 16 16 7 33 6 19 9 8 13 17 10 3 |275 257 45 14 6 10 10 1 1 12 11 10 11 19 3 10 |77 67 6 19 1 1 6 9 11 6 1 4 9 1 4 1 |19 8 25 5 1 1 1 11 1 1 7 17 10 1 1 1 |3 13 7 1 1 3 6 14 16 2 4 3 6 1 3 1 |12 1 5 1 5 1 16 8 6 2 1 5 2 6 2 13 |9 3 7 1 12 5 1 7 2 1 16 1 6 12 15 1 |5 7 8 2 2 1 2 8 1 18 8 1 1 1 1 14 |16 1 1 5 1 1 1 7 5 3 8 1 1 1 17 16 |
10298: 5 18 1 1 1 2 5 3 7 2 1 2 6 1 4 9 |30 22 1 1 1 1 1 2 5 2 1 16 23 1 1 6 |173 55 9 22 17 5 24 10 12 9 4 11 14 3 11 1 |273 228 41 1 9 7 5 26 1 6 13 13 7 3 17 4 |271 260 41 11 7 1 9 1 1 8 11 10 9 18 8 23 |62 60 13 12 1 1 1 13 10 1 3 1 8 1 1 1 |20 14 22 4 4 1 1 11 1 1 16 10 1 1 1 1 |3 14 13 1 6 1 7 13 17 1 4 2 5 1 3 7 |12 1 5 2 5 1 3 2 5 2 1 1 1 3 3 10 |9 3 7 1 12 5 1 7 2 1 16 1 6 12 15 1 |5 7 8 2 2 1 2 8 1 18 8 1 1 1 1 14 |16 1 1 5 1 1 1 7 5 3 8 1 1 1 17 16 |
10309: 5 18 1 1 1 2 5 3 7 2 1 2 6 1 4 9 |30 22 1 1 1 1 1 2 5 2 1 16 23 1 1 6 |173 55 9 22 17 5 24 10 12 9 4 11 14 3 11 1 |273 228 41 1 9 7 5 26 1 6 13 13 7 3 17 4 |271 260 41 11 7 1 9 1 1 8 11 10 9 18 8 23 |62 60 13 12 1 1 1 13 10 1 3 1 8 1 1 1 |20 14 22 4 4 1 1 11 1 1 16 10 1 1 1 1 |3 14 13 1 6 1 7 13 17 1 4 2 5 1 3 7 |12 1 5 2 5 1 3 2 5 2 1 1 1 3 3 10 |10 9 6 1 1 1 1 7 1 4 16 1 6 12 15 1 |1 1 10 7 3 2 3 8 1 17 8 1 1 1 1 16 |16 1 1 6 1 7 1 3 13 2 12 6 2 5 18 16 |
10320: 5 18 1 1 1 2 5 3 7 2 1 2 6 1 4 9 |30 22 1 1 1 1 1 2 5 2 1 16 23 1 1 6 |173 55 9 22 17 5 24 10 12 9 4 11 14 3 11 1 |273 228 41 1 9 7 5 26 1 6 13 13 7 3 17 4 |271 260 41 11 7 1 9 1 1 8 11 10 9 18 8 23 |62 60 13 12 1 1 1 13 10 1 3 1 8 1 1 1 |20 14 22 4 4 1 1 11 1 1 16 10 1 1 1 1 |3 14 13 1 6 1 7 13 17 1 4 2 5 1 3 7 |12 1 5 2 5 1 3 2 5 2 1 1 1 3 3 10 |10 9 6 1 1 1 1 7 1 4 16 1 6 12 15 1 |1 1 10 7 3 2 3 8 1 17 8 1 1 1 1 16 |16 1 1 6 1 7 1 3 13 2 12 6 2 5 18 16 |
10331: 6 10 1 1 1 2 9 1 1 2 1 1 1 1 11 8 |31 24 1 1 1 1 1 1 7 3 1 16 20 1 7 19 |188 63 13 9 10 8 14 16 12 11 11 11 14 1 1 10 |279 229 51 17 10 3 15 31 2 2 20 9 13 11 1 1 |270 261 43 14 18 5 17 1 1 8 5 8 17 19 2 23 |50 61 10 6 1 1 1 13 9 1 1 1 1 1 4 1 |18 9 25 4 6 1 1 11 1 1 15 10 2 1 1 1 |3 14 13 1 6 1 7 13 17 1 4 2 5 1 3 7 |12 1 5 2 5 1 3 2 5 2 1 1 1 3 3 10 |10 9 6 1 1 1 1 7 1 4 16 1 6 12 15 1 |1 1 10 7 3 2 3 8 1 17 8 1 1 1 1 16 |16 1 1 6 1 7 1 3 13 2 12 6 2 5 18 16 |
10341: 6 10 1 1 1 2 9 1 1 2 1 1 1 1 11 8 |31 24 1 1 1 1 1 1 7 3 1 16 20 1 7 19 |188 63 13 9 10 8 14 16 12 11 11 11 14 1 1 10 |279 229 51 17 10 3 15 31 2 2 20 9 13 11 1 1 |270 261 43 14 18 5 17 1 1 8 5 8 17 19 2 23 |50 61 10 6 1 1 1 13 9 1 1 1 1 1 4 1 |18 9 25 4 6 1 1 11 1 1 15 10 2 1 1 1 |2 15 2 1 1 3 7 13 6 5 6 2 5 1 3 7 |12 1 5 2 1 1 14 2 17 2 1 4 2 6 1 3 |9 9 4 2 1 1 1 7 1 4 16 1 5 12 3 1 |1 1 11 7 2 14 3 7 1 18 8 1 1 1 1 16 |16 5 1 6 3 1 1 3 13 3 2 5 2 5 18 15 |
10352: 6 10 1 1 1 2 9 1 1 2 1 1 1 1 11 8 |31 24 1 1 1 1 1 1 7 3 1 16 20 1 7 19 |188 63 13 9 10 8 14 16 12 11 11 11 14 1 1 10 |279 229 51 17 10 3 15 31 2 2 20 9 13 11 1 1 |270 261 43 14 18 5 17 1 1 8 5 8 17 19 2 23 |50 61 10 6 1 1 1 13 9 1 1 1 1 1 4 1 |18 9 25 4 6 1 1 11 1 1 15 10 2 1 1 1 |2 15 2 1 1 3 7 13 6 5 6 2 5 1 3 7 |12 1 5 2 1 1 14 2 17 2 1 4 2 6 1 3 |9 9 4 2 1 1 1 7 1 4 16 1 5 12 3 1 |1 1 11 7 2 14 3 7 1 18 8 1 1 1 1 16 |16 5 1 6 3 1 1 3 13 3 2 5 2 5 18 15 |
10363: 6 11 1 1 1 1 2 1 1 3 1 1 1 1 24 10 |22 13 1 4 8 1 1 3 6 4 3 15 19 1 7 14 |196 63 29 9 5 9 24 15 3 11 10 11 14 14 3 10 |278 235 51 16 4 15 7 32 8 14 22 15 1 10 12 4 |267 255 43 23 2 9 9 3 11 21 13 11 11 17 1 21 |50 61 10 6 1 1 1 12 12 1 1 1 8 1 1 1 |18 9 25 4 6 1 1 11 1 1 15 10 2 1 1 1 |2 15 2 1 1 3 7 13 6 5 6 2 5 1 3 7 |12 1 5 2 1 1 14 2 17 2 1 4 2 6 1 3 |9 9 4 2 1 1 1 7 1 4 16 1 5 12 3 1 |1 1 11 7 2 14 3 7 1 18 8 1 1 1 1 16 |16 5 1 6 3 1 1 3 13 3 2 5 2 5 18 15 |
10374: 6 11 1 1 1 1 2 1 1 3 1 1 1 1 24 10 |22 13 1 4 8 1 1 3 6 4 3 15 19 1 7 14 |196 63 29 9 5 9 24 15 3 11 10 11 14 14 3 10 |278 235 51 16 4 15 7 32 8 14 22 15 1 10 12 4 |267 255 43 23 2 9 9 3 11 21 13 11 11 17 1 21 |50 61 10 6 1 1 1 12 12 1 1 1 8 1 1 1 |19 15 24 4 6 1 1 11 1 1 6 17 10 1 1 1 |1 16 1 1 1 3 8 12 16 2 4 2 5 1 3 1 |14 1 5 2 5 1 15 13 16 1 1 5 1 13 1 3 |10 9 4 1 1 1 1 7 2 2 17 1 6 12 3 1 |1 1 11 8 2 15 3 8 1 18 8 1 1 1 1 15 |13 1 1 6 1 8 1 3 12 3 2 6 1 1 18 15 |
10385: 6 11 1 1 1 1 2 1 1 3 1 1 1 1 24 10 |22 13 1 4 8 1 1 3 6 4 3 15 19 1 7 14 |196 63 29 9 5 9 24 15 3 11 10 11 14 14 3 10 |278 235 51 16 4 15 7 32 8 14 22 15 1 10 12 4 |267 255 43 23 2 9 9 3 11 21 13 11 11 17 1 21 |50 61 10 6 1 1 1 12 12 1 1 1 8 1 1 1 |19 15 24 4 6 1 1 11 1 1 6 17 10 1 1 1 |1 16 1 1 1 3 8 12 16 2 4 2 5 1 3 1 |14 1 5 2 5 1 15 13 16 1 1 5 1 13 1 3 |10 9 4 1 1 1 1 7 2 2 17 1 6 12 3 1 |1 1 11 8 2 15 3 8 1 18 8 1 1 1 1 15 |13 1 1 6 1 8 1 3 12 3 2 6 1 1 18 15 |
10396: 6 17 1 1 1 1 1 1 7 1 1 1 1 2 11 8 |28 21 1 1 1 1 1 2 7 3 4 11 25 1 1 18 |162 56 25 8 5 16 23 10 12 11 1 8 7 15 3 1 |281 226 51 18 19 19 10 25 7 18 21 25 18 15 12 1 |267 255 43 23 2 9 9 3 11 21 13 11 11 17 1 21 |50 61 10 6 1 1 1 12 12 1 1 1 8 1 1 1 |19 15 24 4 6 1 1 11 1 1 6 17 10 1 1 1 |1 16 1 1 1 3 8 12 16 2 4 2 5 1 3 1 |14 1 5 2 5 1 15 13 16 1 1 5 1 13 1 3 |10 9 4 1 1 1 1 7 2 2 17 1 6 12 3 1 |1 1 11 8 2 15 3 8 1 18 8 1 1 1 1 15 |13 1 1 6 1 8 1 3 12 3 2 6 1 1 18 15 |
10407: 6 17 1 1 1 1 1 1 7 1 1 1 1 2 11 8 |28 21 1 1 1 1 1 2 7 3 4 11 25 1 1 18 |162 56 25 8 5 16 23 10 12 11 1 8 7 15 3 1 |281 226 51 18 19 19 10 25 7 18 21 25 18 15 12 1 |262 264 50 11 16 1 17 1 1 22 17 10 12 19 9 14 |51 48 16 7 1 1 1 13 8 1 1 1 8 1 4 1 |19 7 25 5 6 2 7 10 1 1 1 15 9 1 1 4 |1 16 4 1 2 2 8 14 17 1 3 2 1 1 4 7 |8 3 5 2 4 1 15 13 12 1 1 6 1 6 2 3 |9 3 7 1 10 1 2 7 2 1 15 1 5 12 15 1 |1 1 1 9 7 1 2 7 3 9 20 1 1 1 8 14 |19 1 1 6 1 1 1 7 5 2 9 5 2 5 16 15 |
10418: 6 17 1 1 1 1 1 1 7 1 1 1 1 2 11 8 |28 21 1 1 1 1 1 2 7 3 4 11 25 1 1 18 |162 56 25 8 5 16 23 10 12 11 1 8 7 15 3 1 |281 226 51 18 19 19 10 25 7 18 21 25 18 15 12 1 |262 264 50 11 16 1 17 1 1 22 17 10 12 19 9 14 |51 48 16 7 1 1 1 13 8 1 1 1 8 1 4 1 |19 7 25 5 6 2 7 10 1 1 1 15 9 1 1 4 |1 16 4 1 2 2 8 14 17 1 3 2 1 1 4 7 |8 3 5 2 4 1 15 13 12 1 1 6 1 6 2 3 |9 3 7 1 10 1 2 7 2 1 15 1 5 12 15 1 |1 1 1 9 7 1 2 7 3 9 20 1 1 1 8 14 |19 1 1 6 1 1 1 7 5 2 9 5 2 5 16 15 |
10429: 6 17 1 1 1 1 1 1 7 1 1 1 1 2 11 8 |28 21 1 1 1 1 1 2 7 3 4 11 25 1 1 18 |162 56 25 8 5 16 23 10 12 11 1 8 7 15 3 1 |281 226 51 18 19 19 10 25 7 18 21 25 18 15 12 1 |262 264 50 11 16 1 17 1 1 22 17 10 12 19 9 14 |51 48 16 7 1 1 1 13 8 1 1 1 8 1 4 1 |19 7 25 5 6 2 7 10 1 1 1 15 9 1 1 4 |1 16 4 1 2 2 8 14 17 1 3 2 1 1 4 7 |8 3 5 2 4 1 15 13 12 1 1 6 1 6 2 3 |9 3 7 1 10 1 2 7 2 1 15 1 5 12 15 1 |1 1 1 9 7 1 2 7 3 9 20 1 1 1 8 14 |19 1 1 6 1 1 1 7 5 2 9 5 2 5 16 15 |
10451: 4 12 1 1 1 1 10 1 1 1 1 2 7 1 16 9 |30 22 1 1 2 1 2 2 6 2 3 15 24 1 1 5 |40 57 24 8 1 1 11 9 8 1 1 1 6 4 1 5 |24 38 23 1 12 2 6 22 1 12 13 15 6 5 1 1 |262 264 50 11 16 1 17 1 1 22 17 10 12 19 9 14 |51 48 16 7 1 1 1 13 8 1 1 1 8 1 4 1 |19 7 25 5 6 2 7 10 1 1 1 15 9 1 1 4 |1 16 4 1 2 2 8 14 17 1 3 2 1 1 4 7 |8 3 5 2 4 1 15 13 12 1 1 6 1 6 2 3 |9 3 7 1 10 1 2 7 2 1 15 1 5 12 15 1 |1 1 1 9 7 1 2 7 3 9 20 1 1 1 8 14 |19 1 1 6 1 1 1 7 5 2 9 5 2 5 16 15 |
10462: 4 12 1 1 1 1 10 1 1 1 1 2 7 1 16 9 |30 22 1 1 2 1 2 2 6 2 3 15 24 1 1 5 |40 57 24 8 1 1 11 9 8 1 1 1 6 4 1 5 |24 38 23 1 12 2 6 22 1 12 13 15 6 5 1 1 |5 16 7 8 1 1 4 2 7 3 7 1 1 1 2 2 |2 17 2 7 2 3 1 11 8 1 1 4 1 2 2 1 |6 5 3 11 3 2 1 10 1 3 1 8 2 8 1 1 |1 1 1 1 3 2 1 8 5 4 5 2 6 1 1 1 |2 1 6 2 4 1 3 1 1 2 1 4 1 5 2 7 |2 1 1 1 10 1 2 6 2 1 3 1 6 13 1 2 |2 7 2 2 2 2 2 2 2 1 6 1 7 2 1 2 |12 7 1 5 1 8 7 2 5 2 1 5 1 7 16 18 |
10473: 4 12 1 1 1 1 10 1 1 1 1 2 7 1 16 9 |30 22 1 1 2 1 2 2 6 2 3 15 24 1 1 5 |40 57 24 8 1 1 11 9 8 1 1 1 6 4 1 5 |24 38 23 1 12 2 6 22 1 12 13 15 6 5 1 1 |5 16 7 8 1 1 4 2 7 3 7 1 1 1 2 2 |2 17 2 7 2 3 1 11 8 1 1 4 1 2 2 1 |6 5 3 11 3 2 1 10 1 3 1 8 2 8 1 1 |1 1 1 1 3 2 1 8 5 4 5 2 6 1 1 1 |2 1 6 2 4 1 3 1 1 2 1 4 1 5 2 7 |2 1 1 1 10 1 2 6 2 1 3 1 6 13 1 2 |2 7 2 2 2 2 2 2 2 1 6 1 7 2 1 2 |12 7 1 5 1 8 7 2 5 2 1 5 1 7 16 18 |
10484: 1 6 1 1 1 1 9 1 1 4 1 1 13 1 18 8 |62 56 5 1 10 1 2 4 7 8 1 16 19 1 7 19 |139 149 31 9 1 14 14 2 10 6 9 1 6 11 10 1 |19 21 10 1 10 1 1 22 1 11 11 15 5 1 1 1 |5 16 7 8 1 1 4 2 7 3 7 1 1 1 2 2 |2 17 2 7 2 3 1 11 8 1 1 4 1 2 2 1 |6 5 3 11 3 2 1 10 1 3 1 8 2 8 1 1 |1 1 1 1 3 2 1 8 5 4 5 2 6 1 1 1 |2 1 6 2 4 1 3 1 1 2 1 4 1 5 2 7 |2 1 1 1 10 1 2 6 2 1 3 1 6 13 1 2 |2 7 2 2 2 2 2 2 2 1 6 1 7 2 1 2 |12 7 1 5 1 8 7 2 5 2 1 5 1 7 16 18 |
10495: 1 6 1 1 1 1 9 1 1 4 1 1 13 1 18 8 |62 56 5 1 10 1 2 4 7 8 1 16 19 1 7 19 |139 149 31 9 1 14 14 2 10 6 9 1 6 11 10 1 |19 21 10 1 10 1 1 22 1 11 11 15 5 1 1 1 |3 9 1 1 4 1 1 3 7 2 9 2 4 1 2 2 |3 14 2 7 2 3 1 1 9 1 1 2 1 7 1 1 |8 5 6 11 3 1 1 11 1 1 6 17 8 1 1 1 |5 8 1 2 2 2 6 13 2 1 5 1 1 1 3 1 |1 9 7 2 1 1 15 13 11 1 2 6 1 11 1 2 |1 2 3 1 1 1 3 6 2 2 16 1 6 12 3 1 |5 2 1 2 2 2 2 7 1 17 8 1 1 1 7 14 |22 6 1 6 1 7 1 3 5 2 2 6 2 6 18 10 |
10506: 1 6 1 1 1 1 9 1 1 4 1 1 13 1 18 8 |62 56 5 1 10 1 2 4 7 8 1 16 19 1 7 19 |139 149 31 9 1 14 14 2 10 6 9 1 6 11 10 1 |19 21 10 1 10 1 1 22 1 11 11 15 5 1 1 1 |3 9 1 1 4 1 1 3 7 2 9 2 4 1 2 2 |3 14 2 7 2 3 1 1 9 1 1 2 1 7 1 1 |8 5 6 11 3 1 1 11 1 1 6 17 8 1 1 1 |5 8 1 2 2 2 6 13 2 1 5 1 1 1 3 1 |1 9 7 2 1 1 15 13 11 1 2 6 1 11 1 2 |1 2 3 1 1 1 3 6 2 2 16 1 6 12 3 1 |5 2 1 2 2 2 2 7 1 17 8 1 1 1 7 14 |22 6 1 6 1 7 1 3 5 2 2 6 2 6 18 10 |
10517: 11 24 10 1 2 2 1 3 8 4 1 3 7 3 18 18 |195 157 4 6 1 7 11 5 1 10 1 7 14 7 7 21 |229 208 38 7 18 5 15 14 13 11 1 8 15 12 3 1 |24 39 21 1 11 1 2 22 1 6 11 15 1 1 1 1 |3 9 1 1 4 1 1 3 7 2 9 2 4 1 2 2 |3 14 2 7 2 3 1 1 9 1 1 2 1 7 1 1 |8 5 6 11 3 1 1 11 1 1 6 17 8 1 1 1 |5 8 1 2 2 2 6 13 2 1 5 1 1 1 3 1 |1 9 7 2 1 1 15 13 11 1 2 6 1 11 1 2 |1 2 3 1 1 1 3 6 2 2 16 1 6 12 3 1 |5 2 1 2 2 2 2 7 1 17 8 1 1 1 7 14 |22 6 1 6 1 7 1 3 5 2 2 6 2 6 18 10 |
10528: 11 24 10 1 2 2 1 3 8 4 1 3 7 3 18 18 |195 157 4 6 1 7 11 5 1 10 1 7 14 7 7 21 |229 208 38 7 18 5 15 14 13 11 1 8 15 12 3 1 |24 39 21 1 11 1 2 22 1 6 11 15 1 1 1 1 |5 1 1 1 1 1 4 3 7 1 9 1 1 1 3 2 |1 4 2 9 3 2 1 1 11 2 1 2 1 7 1 1 |7 13 7 11 3 3 1 11 1 1 6 16 10 1 1 1 |5 13 1 2 4 3 7 13 4 1 1 2 1 1 4 1 |2 7 5 2 4 1 15 13 11 1 1 6 1 6 1 1 |9 2 4 1 10 1 1 8 2 2 7 1 5 11 3 1 |1 1 8 1 1 14 2 8 1 18 7 1 1 1 8 14 |23 2 1 6 1 1 1 3 4 1 8 1 1 4 17 15 |
10539: 11 24 10 1 2 2 1 3 8 4 1 3 7 3 18 18 |195 157 4 6 1 7 11 5 1 10 1 7 14 7 7 21 |229 208 38 7 18 5 15 14 13 11 1 8 15 12 3 1 |24 39 21 1 11 1 2 22 1 6 11 15 1 1 1 1 |5 1 1 1 1 1 4 3 7 1 9 1 1 1 3 2 |1 4 2 9 3 2 1 1 11 2 1 2 1 7 1 1 |7 13 7 11 3 3 1 11 1 1 6 16 10 1 1 1 |5 13 1 2 4 3 7 13 4 1 1 2 1 1 4 1 |2 7 5 2 4 1 15 13 11 1 1 6 1 6 1 1 |9 2 4 1 10 1 1 8 2 2 7 1 5 11 3 1 |1 1 8 1 1 14 2 8 1 18 7 1 1 1 8 14 |23 2 1 6 1 1 1 3 4 1 8 1 1 4 17 15 |
10550: 33 24 10 2 1 7 1 3 13 1 1 1 14 3 25 16 |277 209 25 8 11 1 8 19 13 11 9 4 31 4 13 18 |257 200 39 23 13 27 24 15 3 12 9 3 17 14 3 11 |24 39 21 1 11 1 2 22 1 6 11 15 1 1 1 1 |5 1 1 1 1 1 4 3 7 1 9 1 1 1 3 2 |1 4 2 9 3 2 1 1 11 2 1 2 1 7 1 1 |7 13 7 11 3 3 1 11 1 1 6 16 10 1 1 1 |5 13 1 2 4 3 7 13 4 1 1 2 1 1 4 1 |2 7 5 2 4 1 15 13 11 1 1 6 1 6 1 1 |9 2 4 1 10 1 1 8 2 2 7 1 5 11 3 1 |1 1 8 1 1 14 2 8 1 18 7 1 1 1 8 14 |23 2 1 6 1 1 1 3 4 1 8 1 1 4 17 15 |
10561: 33 24 10 2 1 7 1 3 13 1 1 1 14 3 25 16 |277 209 25 8 11 1 8 19 13 11 9 4 31 4 13 18 |257 200 39 23 13 27 24 15 3 12 9 3 17 14 3 11 |33 27 1 1 10 1 3 24 1 7 12 16 1 1 1 1 |9 9 1 1 1 1 5 1 8 7 16 1 1 3 1 6 |5 8 2 6 1 1 1 12 10 1 1 2 5 6 3 1 |14 5 26 4 5 1 1 11 1 1 8 15 10 1 1 1 |6 12 1 1 5 1 1 13 7 4 5 2 1 1 3 2 |2 9 6 2 5 1 15 13 11 1 1 6 2 12 1 3 |8 1 3 1 11 2 1 7 2 1 16 1 6 12 3 1 |1 1 7 2 2 14 3 3 3 13 5 1 1 1 6 14 |23 2 1 6 1 1 1 3 4 1 8 1 1 4 17 15 |
10572: 33 24 10 2 1 7 1 3 13 1 1 1 14 3 25 16 |277 209 25 8 11 1 8 19 13 11 9 4 31 4 13 18 |257 200 39 23 13 27 24 15 3 12 9 3 17 14 3 11 |33 27 1 1 10 1 3 24 1 7 12 16 1 1 1 1 |9 9 1 1 1 1 5 1 8 7 16 1 1 3 1 6 |5 8 2 6 1 1 1 12 10 1 1 2 5 6 3 1 |14 5 26 4 5 1 1 11 1 1 8 15 10 1 1 1 |6 12 1 1 5 1 1 13 7 4 5 2 1 1 3 2 |2 9 6 2 5 1 15 13 11 1 1 6 2 12 1 3 |8 1 3 1 11 2 1 7 2 1 16 1 6 12 3 1 |1 1 7 2 2 14 3 3 3 13 5 1 1 1 6 14 |24 5 1 4 1 8 8 3 5 2 10 2 2 6 17 15 |
10583: 113 38 1 10 3 7 13 1 1 1 5 1 14 2 19 16 |293 218 26 11 1 1 10 11 1 1 1 4 30 3 7 10 |279 207 39 10 1 21 26 7 11 12 8 13 16 11 1 15 |37 26 4 1 10 2 3 25 1 11 13 15 1 1 1 1 |9 9 1 1 1 1 5 1 8 7 16 1 1 3 1 6 |5 8 2 6 1 1 1 12 10 1 1 2 5 6 3 1 |14 5 26 4 5 1 1 11 1 1 8 15 10 1 1 1 |6 12 1 1 5 1 1 13 7 4 5 2 1 1 3 2 |2 9 6 2 5 1 15 13 11 1 1 6 2 12 1 3 |8 1 3 1 11 2 1 7 2 1 16 1 6 12 3 1 |1 1 7 2 2 14 3 3 3 13 5 1 1 1 6 14 |24 5 1 4 1 8 8 3 5 2 10 2 2 6 17 15 |
10594: 113 38 1 10 3 7 13 1 1 1 5 1 14 2 19 16 |293 218 26 11 1 1 10 11 1 1 1 4 30 3 7 10 |279 207 39 10 1 21 26 7 11 12 8 13 16 11 1 15 |37 26 4 1 10 2 3 25 1 11 13 15 1 1 1 1 |6 15 8 1 1 2 2 1 9 14 16 1 1 6 1 1 |6 8 2 5 2 4 1 12 10 1 1 3 1 6 1 1 |15 4 23 10 5 2 1 11 1 1 14 16 9 1 1 1 |1 14 1 2 3 1 1 8 6 4 5 2 1 1 1 1 |4 8 6 1 1 1 15 1 13 1 1 6 1 12 1 2 |8 9 4 2 1 5 2 6 2 2 16 1 6 12 14 1 |1 1 8 7 14 1 2 8 1 18 7 1 1 1 1 16 |24 5 1 4 1 8 8 3 5 2 10 2 2 6 17 15 |
10605: 113 38 1 10 3 7 13 1 1 1 5 1 14 2 19 16 |293 218 26 11 1 1 10 11 1 1 1 4 30 3 7 10 |279 207 39 10 1 21 26 7 11 12 8 13 16 11 1 15 |37 26 4 1 10 2 3 25 1 11 13 15 1 1 1 1 |6 15 8 1 1 2 2 1 9 14 16 1 1 6 1 1 |6 8 2 5 2 4 1 12 10 1 1 3 1 6 1 1 |15 4 23 10 5 2 1 11 1 1 14 16 9 1 1 1 |1 14 1 2 3 1 1 8 6 4 5 2 1 1 1 1 |4 8 6 1 1 1 15 1 13 1 1 6 1 12 1 2 |8 9 4 2 1 5 2 6 2 2 16 1 6 12 14 1 |1 1 8 7 14 1 2 8 1 18 7 1 1 1 1 16 |13 1 1 7 1 7 1 8 6 1 8 1 2 5 17 15 |
10616: 132 35 9 1 1 10 13 1 1 1 1 1 14 8 23 24 |292 213 26 23 7 8 15 7 1 1 1 21 31 6 15 19 |281 208 34 8 10 24 19 17 10 15 14 12 11 4 3 11 |30 26 23 1 11 2 10 23 1 11 12 14 1 1 1 1 |6 15 8 1 1 2 2 1 9 14 16 1 1 6 1 1 |6 8 2 5 2 4 1 12 10 1 1 3 1 6 1 1 |15 4 23 10 5 2 1 11 1 1 14 16 9 1 1 1 |1 14 1 2 3 1 1 8 6 4 5 2 1 1 1 1 |4 8 6 1 1 1 15 1 13 1 1 6 1 12 1 2 |8 9 4 2 1 5 2 6 2 2 16 1 6 12 14 1 |1 1 8 7 14 1 2 8 1 18 7 1 1 1 1 16 |13 1 1 7 1 7 1 8 6 1 8 1 2 5 17 15 |
10627: 132 35 9 1 1 10 13 1 1 1 1 1 14 8 23 24 |292 213 26 23 7 8 15 7 1 1 1 21 31 6 15 19 |281 208 34 8 10 24 19 17 10 15 14 12 11 4 3 11 |30 26 23 1 11 2 10 23 1 11 12 14 1 1 1 1 |7 1 1 1 1 1 8 1 9 14 8 3 1 1 3 3 |6 8 2 6 1 5 1 12 10 1 1 2 1 6 2 1 |13 2 22 12 4 1 1 11 1 1 7 16 8 1 1 1 |6 14 10 1 3 2 8 14 12 4 5 2 1 1 1 7 |4 8 13 1 1 1 15 13 11 1 1 6 1 12 1 1 |1 8 3 2 11 6 1 7 1 3 15 1 6 12 15 1 |1 1 8 2 2 1 2 8 1 17 8 1 1 1 1 2 |13 1 5 15 1 2 1 2 4 1 10 3 2 6 18 15 |
10638: 132 35 9 1 1 10 13 1 1 1 1 1 14 8 23 24 |292 213 26 23 7 8 15 7 1 1 1 21 31 6 15 19 |281 208 34 8 10 24 19 17 10 15 14 12 11 4 3 11 |30 26 23 1 11 2 10 23 1 11 12 14 1 1 1 1 |7 1 1 1 1 1 8 1 9 14 8 3 1 1 3 3 |6 8 2 6 1 5 1 12 10 1 1 2 1 6 2 1 |13 2 22 12 4 1 1 11 1 1 7 16 8 1 1 1 |6 14 10 1 3 2 8 14 12 4 5 2 1 1 1 7 |4 8 13 1 1 1 15 13 11 1 1 6 1 12 1 1 |1 8 3 2 11 6 1 7 1 3 15 1 6 12 15 1 |1 1 8 2 2 1 2 8 1 17 8 1 1 1 1 2 |13 1 5 15 1 2 1 2 4 1 10 3 2 6 18 15 |
10649: 140 39 6 10 8 1 5 1 1 1 1 1 15 4 22 23 |293 223 23 23 7 10 15 6 7 9 9 4 32 16 13 16 |272 202 37 22 6 21 15 15 14 10 1 2 15 8 2 6 |30 26 23 1 11 2 10 23 1 11 12 14 1 1 1 1 |7 1 1 1 1 1 8 1 9 14 8 3 1 1 3 3 |6 8 2 6 1 5 1 12 10 1 1 2 1 6 2 1 |13 2 22 12 4 1 1 11 1 1 7 16 8 1 1 1 |6 14 10 1 3 2 8 14 12 4 5 2 1 1 1 7 |4 8 13 1 1 1 15 13 11 1 1 6 1 12 1 1 |1 8 3 2 11 6 1 7 1 3 15 1 6 12 15 1 |1 1 8 2 2 1 2 8 1 17 8 1 1 1 1 2 |13 1 5 15 1 2 1 2 4 1 10 3 2 6 18 15 |
10660: 140 39 6 10 8 1 5 1 1 1 1 1 15 4 22 23 |293 223 23 23 7 10 15 6 7 9 9 4 32 16 13 16 |272 202 37 22 6 21 15 15 14 10 1 2 15 8 2 6 |31 26 12 1 11 3 2 24 1 7 12 18 5 1 1 1 |6 5 1 8 1 1 1 1 9 3 9 1 1 1 1 1 |6 9 3 7 4 1 1 1 11 1 1 3 1 8 2 1 |14 1 24 10 4 1 1 11 1 1 8 16 15 1 1 1 |1 13 1 3 2 2 1 14 12 4 5 3 1 1 1 1 |3 8 6 1 1 1 15 13 11 1 1 6 2 10 1 2 |9 4 8 1 11 1 1 7 2 1 16 1 6 12 3 1 |1 1 8 2 2 1 3 7 3 16 7 1 5 1 1 15 |13 1 1 7 1 7 1 7 5 2 8 1 1 1 17 9 |
10671: 140 39 6 10 8 1 5 1 1 1 1 1 15 4 22 23 |293 223 23 23 7 10 15 6 7 9 9 4 32 16 13 16 |272 202 37 22 6 21 15 15 14 10 1 2 15 8 2 6 |31 26 12 1 11 3 2 24 1 7 12 18 5 1 1 1 |6 5 1 8 1 1 1 1 9 3 9 1 1 1 1 1 |6 9 3 7 4 1 1 1 11 1 1 3 1 8 2 1 |14 1 24 10 4 1 1 11 1 1 8 16 15 1 1 1 |1 13 1 3 2 2 1 14 12 4 5 3 1 1 1 1 |3 8 6 1 1 1 15 13 11 1 1 6 2 10 1 2 |9 4 8 1 11 1 1 7 2 1 16 1 6 12 3 1 |1 1 8 2 2 1 3 7 3 16 7 1 5 1 1 15 |13 1 1 7 1 7 1 7 5 2 8 1 1 1 17 9 |
10682: 146 52 17 7 11 10 14 3 13 1 1 1 15 8 21 25 |283 233 28 7 1 1 21 7 1 10 10 15 32 6 13 20 |270 210 40 23 11 8 24 14 1 11 1 2 15 8 1 8 |24 27 3 1 11 2 2 22 1 6 12 17 1 8 1 1 |4 4 1 1 1 1 1 3 7 12 3 4 1 1 1 1 |6 9 3 7 4 1 1 1 11 1 1 3 1 8 2 1 |14 1 24 10 4 1 1 11 1 1 8 16 15 1 1 1 |1 13 1 3 2 2 1 14 12 4 5 3 1 1 1 1 |3 8 6 1 1 1 15 13 11 1 1 6 2 10 1 2 |9 4 8 1 11 1 1 7 2 1 16 1 6 12 3 1 |1 1 8 2 2 1 3 7 3 16 7 1 5 1 1 15 |13 1 1 7 1 7 1 7 5 2 8 1 1 1 17 9 |
10693: 146 52 17 7 11 10 14 3 13 1 1 1 15 8 21 25 |283 233 28 7 1 1 21 7 1 10 10 15 32 6 13 20 |270 210 40 23 11 8 24 14 1 11 1 2 15 8 1 8 |24 27 3 1 11 2 2 22 1 6 12 17 1 8 1 1 |4 4 1 1 1 1 1 3 7 12 3 4 1 1 1 1 |6 9 2 6 1 1 1 1 10 1 1 3 1 6 1 1 |15 13 7 1 6 1 1 10 1 1 7 16 15 1 1 1 |1 13 1 2 3 2 1 15 6 5 5 3 1 1 3 2 |11 1 2 2 1 1 3 13 12 1 2 13 1 12 1 2 |9 3 10 3 2 1 1 6 1 3 15 1 6 12 3 1 |1 1 8 7 2 14 1 3 3 17 6 1 1 1 1 16 |13 1 1 7 1 7 1 7 5 2 8 1 1 1 17 9 |
10704: 146 52 17 7 11 10 14 3 13 1 1 1 15 8 21 25 |283 233 28 7 1 1 21 7 1 10 10 15 32 6 13 20 |270 210 40 23 11 8 24 14 1 11 1 2 15 8 1 8 |24 27 3 1 11 2 2 22 1 6 12 17 1 8 1 1 |4 4 1 1 1 1 1 3 7 12 3 4 1 1 1 1 |6 9 2 6 1 1 1 1 10 1 1 3 1 6 1 1 |15 13 7 1 6 1 1 10 1 1 7 16 15 1 1 1 |1 13 1 2 3 2 1 15 6 5 5 3 1 1 3 2 |11 1 2 2 1 1 3 13 12 1 2 13 1 12 1 2 |9 3 10 3 2 1 1 6 1 3 15 1 6 12 3 1 |1 1 8 7 2 14 1 3 3 17 6 1 1 1 1 16 |24 6 1 1 1 7 1 2 5 1 9 1 3 6 17 15 |
10715: 164 45 6 12 7 1 6 1 1 4 1 1 1 10 13 12 |287 222 27 16 1 10 23 19 7 10 9 8 32 1 7 16 |265 198 27 9 10 12 24 14 3 11 13 11 14 13 3 1 |22 26 12 1 11 2 2 23 1 6 10 16 1 1 1 1 |4 4 1 1 1 1 1 3 7 12 3 4 1 1 1 1 |6 9 2 6 1 1 1 1 10 1 1 3 1 6 1 1 |15 13 7 1 6 1 1 10 1 1 7 16 15 1 1 1 |1 13 1 2 3 2 1 15 6 5 5 3 1 1 3 2 |11 1 2 2 1 1 3 13 12 1 2 13 1 12 1 2 |9 3 10 3 2 1 1 6 1 3 15 1 6 12 3 1 |1 1 8 7 2 14 1 3 3 17 6 1 1 1 1 16 |24 6 1 1 1 7 1 2 5 1 9 1 3 6 17 15 |
10725: 164 45 6 12 7 1 6 1 1 4 1 1 1 10 13 12 |287 222 27 16 1 10 23 19 7 10 9 8 32 1 7 16 |265 198 27 9 10 12 24 14 3 11 13 11 14 13 3 1 |22 26 12 1 11 2 2 23 1 6 10 16 1 1 1 1 |7 4 1 1 1 1 9 4 8 15 16 1 1 1 4 3 |6 9 3 7 1 1 1 12 11 1 1 2 2 7 2 1 |14 13 26 4 6 1 1 11 1 1 13 16 10 1 1 1 |1 13 1 1 3 2 1 14 12 5 5 3 6 1 3 1 |4 1 5 1 8 1 15 13 11 1 1 6 1 11 1 3 |9 1 2 1 10 2 3 7 1 4 16 1 5 12 15 1 |1 1 8 7 2 1 4 2 3 17 6 1 1 1 6 2 |9 1 1 3 1 8 7 2 5 2 9 6 2 5 17 10 |
10736: 164 45 6 12 7 1 6 1 1 4 1 1 1 10 13 12 |287 222 27 16 1 10 23 19 7 10 9 8 32 1 7 16 |265 198 27 9 10 12 24 14 3 11 13 11 14 13 3 1 |22 26 12 1 11 2 2 23 1 6 10 16 1 1 1 1 |7 4 1 1 1 1 9 4 8 15 16 1 1 1 4 3 |6 9 3 7 1 1 1 12 11 1 1 2 2 7 2 1 |14 13 26 4 6 1 1 11 1 1 13 16 10 1 1 1 |1 13 1 1 3 2 1 14 12 5 5 3 6 1 3 1 |4 1 5 1 8 1 15 13 11 1 1 6 1 11 1 3 |9 1 2 1 10 2 3 7 1 4 16 1 5 12 15 1 |1 1 8 7 2 1 4 2 3 17 6 1 1 1 6 2 |9 1 1 3 1 8 7 2 5 2 9 6 2 5 17 10 |
10747: 144 52 12 8 9 6 13 1 1 3 1 1 2 10 12 11 |290 232 22 22 10 9 19 6 1 1 10 9 31 10 7 8 |267 189 35 9 1 8 25 15 1 11 4 1 4 6 16 11 |23 25 3 1 11 2 2 24 1 12 11 13 1 1 1 2 |5 4 1 1 1 1 1 3 3 11 1 3 1 1 3 3 |5 9 3 6 2 1 1 12 10 1 1 1 1 8 2 1 |14 13 26 4 6 1 1 11 1 1 13 16 10 1 1 1 |1 13 1 1 3 2 1 14 12 5 5 3 6 1 3 1 |4 1 5 1 8 1 15 13 11 1 1 6 1 11 1 3 |9 1 2 1 10 2 3 7 1 4 16 1 5 12 15 1 |1 1 8 7 2 1 4 2 3 17 6 1 1 1 6 2 |9 1 1 3 1 8 7 2 5 2 9 6 2 5 17 10 |
10758: 144 52 12 8 9 6 13 1 1 3 1 1 2 10 12 11 |290 232 22 22 10 9 19 6 1 1 10 9 31 10 7 8 |267 189 35 9 1 8 25 15 1 11 4 1 4 6 16 11 |23 25 3 1 11 2 2 24 1 12 11 13 1 1 1 2 |5 4 1 1 1 1 1 3 3 11 1 3 1 1 3 3 |5 9 3 6 2 1 1 12 10 1 1 1 1 8 2 1 |15 14 3 11 5 1 1 11 1 1 13 17 15 1 1 1 |6 13 1 2 3 2 1 15 6 4 5 2 6 1 3 6 |11 8 6 2 1 1 15 1 1 1 1 6 2 12 1 10 |7 2 17 5 11 6 1 7 2 2 16 1 6 12 3 1 |1 1 8 8 2 2 1 3 3 17 6 1 1 1 9 15 |24 6 1 1 1 1 1 3 5 2 9 6 2 5 18 10 |
10769: 144 52 12 8 9 6 13 1 1 3 1 1 2 10 12 11 |290 232 22 22 10 9 19 6 1 1 10 9 31 10 7 8 |267 189 35 9 1 8 25 15 1 11 4 1 4 6 16 11 |23 25 3 1 11 2 2 24 1 12 11 13 1 1 1 2 |5 4 1 1 1 1 1 3 3 11 1 3 1 1 3 3 |5 9 3 6 2 1 1 12 10 1 1 1 1 8 2 1 |15 14 3 11 5 1 1 11 1 1 13 17 15 1 1 1 |6 13 1 2 3 2 1 15 6 4 5 2 6 1 3 6 |11 8 6 2 1 1 15 1 1 1 1 6 2 12 1 10 |7 2 17 5 11 6 1 7 2 2 16 1 6 12 3 1 |1 1 8 8 2 2 1 3 3 17 6 1 1 1 9 15 |24 6 1 1 1 1 1 3 5 2 9 6 2 5 18 10 |
10780: 124 37 12 1 1 9 5 1 1 1 7 1 15 2 19 23 |293 224 29 14 11 1 2 7 15 5 1 8 32 15 8 15 |250 210 32 9 9 10 20 9 3 9 5 14 6 14 7 12 |19 20 10 2 8 1 3 21 1 6 9 9 1 1 1 2 |6 7 7 8 1 3 1 3 7 12 1 4 1 1 1 1 |5 9 3 6 2 1 1 12 10 1 1 1 1 8 2 1 |15 14 3 11 5 1 1 11 1 1 13 17 15 1 1 1 |6 13 1 2 3 2 1 15 6 4 5 2 6 1 3 6 |11 8 6 2 1 1 15 1 1 1 1 6 2 12 1 10 |7 2 17 5 11 6 1 7 2 2 16 1 6 12 3 1 |1 1 8 8 2 2 1 3 3 17 6 1 1 1 9 15 |24 6 1 1 1 1 1 3 5 2 9 6 2 5 18 10 |
10791: 124 37 12 1 1 9 5 1 1 1 7 1 15 2 19 23 |293 224 29 14 11 1 2 7 15 5 1 8 32 15 8 15 |250 210 32 9 9 10 20 9 3 9 5 14 6 14 7 12 |19 20 10 2 8 1 3 21 1 6 9 9 1 1 1 2 |6 7 7 8 1 3 1 3 7 12 1 4 1 1 1 1 |1 9 4 6 2 2 1 11 11 1 1 3 1 7 1 1 |4 5 4 11 5 1 1 11 1 1 14 16 11 1 1 1 |2 14 3 2 2 2 7 12 4 1 5 1 1 1 3 2 |1 8 6 2 4 1 15 13 10 1 1 6 1 2 2 3 |7 2 8 5 10 1 1 6 2 1 15 1 6 12 14 1 |1 1 8 2 1 13 2 7 4 9 7 1 1 1 8 15 |23 6 1 6 1 8 6 2 5 1 8 1 2 5 18 10 |
10802: 124 37 12 1 1 9 5 1 1 1 7 1 15 2 19 23 |293 224 29 14 11 1 2 7 15 5 1 8 32 15 8 15 |250 210 32 9 9 10 20 9 3 9 5 14 6 14 7 12 |19 20 10 2 8 1 3 21 1 6 9 9 1 1 1 2 |6 7 7 8 1 3 1 3 7 12 1 4 1 1 1 1 |1 9 4 6 2 2 1 11 11 1 1 3 1 7 1 1 |4 5 4 11 5 1 1 11 1 1 14 16 11 1 1 1 |2 14 3 2 2 2 7 12 4 1 5 1 1 1 3 2 |1 8 6 2 4 1 15 13 10 1 1 6 1 2 2 3 |7 2 8 5 10 1 1 6 2 1 15 1 6 12 14 1 |1 1 8 2 1 13 2 7 4 9 7 1 1 1 8 15 |23 6 1 6 1 8 6 2 5 1 8 1 2 5 18 10 |
10813: 16 28 11 1 2 8 1 1 1 2 1 1 14 4 25 14 |205 208 27 11 8 1 4 18 6 4 1 17 24 12 3 16 |152 163 19 8 1 3 26 8 11 10 2 1 10 1 8 1 |1 11 9 1 12 2 1 21 1 7 9 4 1 3 1 2 |1 16 2 1 1 3 1 2 9 2 2 3 1 4 1 2 |1 9 4 6 2 2 1 11 11 1 1 3 1 7 1 1 |4 5 4 11 5 1 1 11 1 1 14 16 11 1 1 1 |2 14 3 2 2 2 7 12 4 1 5 1 1 1 3 2 |1 8 6 2 4 1 15 13 10 1 1 6 1 2 2 3 |7 2 8 5 10 1 1 6 2 1 15 1 6 12 14 1 |1 1 8 2 1 13 2 7 4 9 7 1 1 1 8 15 |23 6 1 6 1 8 6 2 5 1 8 1 2 5 18 10 |
10824: 16 28 11 1 2 8 1 1 1 2 1 1 14 4 25 14 |205 208 27 11 8 1 4 18 6 4 1 17 24 12 3 16 |152 163 19 8 1 3 26 8 11 10 2 1 10 1 8 1 |1 11 9 1 12 2 1 21 1 7 9 4 1 3 1 2 |1 16 2 1 1 3 1 2 9 2 2 3 1 4 1 2 |1 21 3 6 3 1 1 1 11 2 1 3 2 5 3 1 |8 5 3 1 5 1 1 11 1 1 15 15 10 1 1 1 |1 13 1 1 2 2 1 11 5 1 4 2 1 1 3 3 |3 2 12 1 1 2 15 13 15 1 1 6 2 10 1 1 |2 2 3 1 1 2 1 6 1 1 15 1 6 12 3 1 |1 1 8 1 2 1 1 3 3 12 6 1 1 1 9 14 |8 6 1 6 1 6 1 1 5 1 9 1 1 5 17 14 |
10835: 16 28 11 1 2 8 1 1 1 2 1 1 14 4 25 14 |205 208 27 11 8 1 4 18 6 4 1 17 24 12 3 16 |152 163 19 8 1 3 26 8 11 10 2 1 10 1 8 1 |1 11 9 1 12 2 1 21 1 7 9 4 1 3 1 2 |1 16 2 1 1 3 1 2 9 2 2 3 1 4 1 2 |1 21 3 6 3 1 1 1 11 2 1 3 2 5 3 1 |8 5 3 1 5 1 1 11 1 1 15 15 10 1 1 1 |1 13 1 1 2 2 1 11 5 1 4 2 1 1 3 3 |3 2 12 1 1 2 15 13 15 1 1 6 2 10 1 1 |2 2 3 1 1 2 1 6 1 1 15 1 6 12 3 1 |1 1 8 1 2 1 1 3 3 12 6 1 1 1 9 14 |8 6 1 6 1 6 1 1 5 1 9 1 1 5 17 14 |
10846: 10 26 9 1 1 9 1 2 8 2 1 1 13 3 23 17 |29 32 5 1 1 1 1 2 7 1 4 14 19 1 1 6 |19 29 21 7 13 3 18 5 8 1 1 1 7 6 1 3 |1 13 11 3 3 1 1 20 1 5 8 4 1 3 1 2 |1 16 2 1 1 3 1 2 9 2 2 3 1 4 1 2 |1 21 3 6 3 1 1 1 11 2 1 3 2 5 3 1 |8 5 3 1 5 1 1 11 1 1 15 15 10 1 1 1 |1 13 1 1 2 2 1 11 5 1 4 2 1 1 3 3 |3 2 12 1 1 2 15 13 15 1 1 6 2 10 1 1 |2 2 3 1 1 2 1 6 1 1 15 1 6 12 3 1 |1 1 8 1 2 1 1 3 3 12 6 1 1 1 9 14 |8 6 1 6 1 6 1 1 5 1 9 1 1 5 17 14 |
10857: 10 26 9 1 1 9 1 2 8 2 1 1 13 3 23 17 |29 32 5 1 1 1 1 2 7 1 4 14 19 1 1 6 |19 29 21 7 13 3 18 5 8 1 1 1 7 6 1 3 |1 13 11 3 3 1 1 20 1 5 8 4 1 3 1 2 |1 10 8 1 1 2 2 3 3 1 9 3 7 1 3 2 |2 11 2 6 2 2 1 12 9 1 1 3 1 4 2 3 |1 4 1 2 1 2 1 11 1 1 4 16 8 1 1 1 |1 6 1 1 3 2 7 13 4 1 4 2 1 1 3 2 |1 1 4 2 4 1 16 1 2 2 1 1 1 1 2 8 |1 1 2 1 11 7 1 6 2 1 14 1 6 12 15 1 |1 8 1 2 2 1 2 6 2 8 8 1 1 1 8 10 |8 1 1 5 2 1 1 7 6 2 10 1 1 5 18 15 |
10868: 10 26 9 1 1 9 1 2 8 2 1 1 13 3 23 17 |29 32 5 1 1 1 1 2 7 1 4 14 19 1 1 6 |19 29 21 7 13 3 18 5 8 1 1 1 7 6 1 3 |1 13 11 3 3 1 1 20 1 5 8 4 1 3 1 2 |1 10 8 1 1 2 2 3 3 1 9 3 7 1 3 2 |2 11 2 6 2 2 1 12 9 1 1 3 1 4 2 3 |1 4 1 2 1 2 1 11 1 1 4 16 8 1 1 1 |1 6 1 1 3 2 7 13 4 1 4 2 1 1 3 2 |1 1 4 2 4 1 16 1 2 2 1 1 1 1 2 8 |1 1 2 1 11 7 1 6 2 1 14 1 6 12 15 1 |1 8 1 2 2 1 2 6 2 8 8 1 1 1 8 10 |8 1 1 5 2 1 1 7 6 2 10 1 1 5 18 15 |
10879: 1 2 9 1 1 1 1 1 7 1 1 1 1 2 23 9 |19 12 1 1 1 1 1 2 5 1 3 13 23 1 1 6 |9 14 2 6 13 3 16 6 3 5 1 4 7 3 2 2 |1 12 16 1 1 4 1 22 1 1 11 4 1 2 1 1 |1 10 8 1 1 2 2 3 3 1 9 3 7 1 3 2 |2 11 2 6 2 2 1 12 9 1 1 3 1 4 2 3 |1 4 1 2 1 2 1 11 1 1 4 16 8 1 1 1 |1 6 1 1 3 2 7 13 4 1 4 2 1 1 3 2 |1 1 4 2 4 1 16 1 2 2 1 1 1 1 2 8 |1 1 2 1 11 7 1 6 2 1 14 1 6 12 15 1 |1 8 1 2 2 1 2 6 2 8 8 1 1 1 8 10 |8 1 1 5 2 1 1 7 6 2 10 1 1 5 18 15 |
10890: 1 2 9 1 1 1 1 1 7 1 1 1 1 2 23 9 |19 12 1 1 1 1 1 2 5 1 3 13 23 1 1 6 |9 14 2 6 13 3 16 6 3 5 1 4 7 3 2 2 |1 12 16 1 1 4 1 22 1 1 11 4 1 2 1 1 |1 6 1 1 1 3 2 3 7 11 1 3 1 5 1 1 |1 1 3 5 2 3 1 1 9 1 1 1 3 5 1 1 |1 4 4 11 3 1 1 10 1 2 5 8 2 1 1 3 |1 1 1 1 1 2 7 13 7 2 4 2 5 1 3 1 |1 3 6 1 3 1 15 13 7 1 1 6 1 4 1 2 |1 1 1 1 10 1 1 7 2 1 15 1 5 12 15 1 |1 6 1 8 3 1 2 7 1 17 8 1 1 1 7 14 |8 1 1 5 2 1 1 7 6 2 10 1 1 5 18 15 |
10901: 1 2 9 1 1 1 1 1 7 1 1 1 1 2 23 9 |19 12 1 1 1 1 1 2 5 1 3 13 23 1 1 6 |9 14 2 6 13 3 16 6 3 5 1 4 7 3 2 2 |1 12 16 1 1 4 1 22 1 1 11 4 1 2 1 1 |1 6 1 1 1 3 2 3 7 11 1 3 1 5 1 1 |1 1 3 5 2 3 1 1 9 1 1 1 3 5 1 1 |1 4 4 11 3 1 1 10 1 2 5 8 2 1 1 3 |1 1 1 1 1 2 7 13 7 2 4 2 5 1 3 1 |1 3 6 1 3 1 15 13 7 1 1 6 1 4 1 2 |1 1 1 1 10 1 1 7 2 1 15 1 5 12 15 1 |1 6 1 8 3 1 2 7 1 17 8 1 1 1 7 14 |6 1 1 5 1 1 1 8 5 2 7 1 2 5 17 16 |
10912: 11 20 11 1 1 1 1 4 8 1 1 3 12 1 9 23 |29 30 1 1 2 1 1 2 5 7 1 15 19 1 1 6 |18 18 9 6 11 4 17 7 3 1 1 4 2 5 1 3 |1 12 16 1 1 4 1 22 1 1 11 4 1 2 1 1 |1 6 1 1 1 3 2 3 7 11 1 3 1 5 1 1 |1 1 3 5 2 3 1 1 9 1 1 1 3 5 1 1 |1 4 4 11 3 1 1 10 1 2 5 8 2 1 1 3 |1 1 1 1 1 2 7 13 7 2 4 2 5 1 3 1 |1 3 6 1 3 1 15 13 7 1 1 6 1 4 1 2 |1 1 1 1 10 1 1 7 2 1 15 1 5 12 15 1 |1 6 1 8 3 1 2 7 1 17 8 1 1 1 7 14 |6 1 1 5 1 1 1 8 5 2 7 1 2 5 17 16 |
10923: 11 20 11 1 1 1 1 4 8 1 1 3 12 1 9 23 |29 30 1 1 2 1 1 2 5 7 1 15 19 1 1 6 |18 18 9 6 11 4 17 7 3 1 1 4 2 5 1 3 |1 4 9 3 11 1 4 21 1 6 8 3 1 3 1 1 |1 1 1 1 1 3 7 3 7 4 8 2 1 1 1 1 |1 11 2 10 1 3 1 1 9 3 1 3 3 4 4 1 |7 1 9 5 4 1 2 11 1 1 1 16 9 1 1 1 |4 7 1 2 1 1 8 14 7 1 5 1 1 1 2 1 |3 8 7 1 5 1 3 13 7 1 1 6 1 12 1 1 |1 9 3 1 10 5 3 6 2 2 16 1 6 12 3 1 |4 2 8 1 15 1 2 7 1 1 7 1 1 1 1 14 |21 1 1 7 1 3 1 1 4 1 9 2 2 5 18 10 |
10934: 11 20 11 1 1 1 1 4 8 1 1 3 12 1 9 23 |29 30 1 1 2 1 1 2 5 7 1 15 19 1 1 6 |18 18 9 6 11 4 17 7 3 1 1 4 2 5 1 3 |1 4 9 3 11 1 4 21 1 6 8 3 1 3 1 1 |1 1 1 1 1 3 7 3 7 4 8 2 1 1 1 1 |1 11 2 10 1 3 1 1 9 3 1 3 3 4 4 1 |7 1 9 5 4 1 2 11 1 1 1 16 9 1 1 1 |4 7 1 2 1 1 8 14 7 1 5 1 1 1 2 1 |3 8 7 1 5 1 3 13 7 1 1 6 1 12 1 1 |1 9 3 1 10 5 3 6 2 2 16 1 6 12 3 1 |4 2 8 1 15 1 2 7 1 1 7 1 1 1 1 14 |21 1 1 7 1 3 1 1 4 1 9 2 2 5 18 10 |
10945: 151 189 28 8 7 1 14 3 13 1 1 1 15 11 24 17 |221 239 37 9 8 1 16 17 5 4 1 3 16 8 13 13 |32 44 10 7 13 8 16 8 4 1 1 1 7 6 1 4 |6 12 15 1 11 1 1 21 1 1 8 16 1 2 1 1 |4 13 3 1 1 3 1 3 3 12 2 2 6 3 1 2 |1 11 2 10 1 3 1 1 9 3 1 3 3 4 4 1 |7 1 9 5 4 1 2 11 1 1 1 16 9 1 1 1 |4 7 1 2 1 1 8 14 7 1 5 1 1 1 2 1 |3 8 7 1 5 1 3 13 7 1 1 6 1 12 1 1 |1 9 3 1 10 5 3 6 2 2 16 1 6 12 3 1 |4 2 8 1 15 1 2 7 1 1 7 1 1 1 1 14 |21 1 1 7 1 3 1 1 4 1 9 2 2 5 18 10 |
10956: 151 189 28 8 7 1 14 3 13 1 1 1 15 11 24 17 |221 239 37 9 8 1 16 17 5 4 1 3 16 8 13 13 |32 44 10 7 13 8 16 8 4 1 1 1 7 6 1 4 |6 12 15 1 11 1 1 21 1 1 8 16 1 2 1 1 |4 13 3 1 1 3 1 3 3 12 2 2 6 3 1 2 |1 4 2 2 2 1 6 1 8 2 1 5 1 4 1 1 |9 13 4 8 5 1 1 11 1 1 1 15 9 1 1 1 |4 16 2 2 3 2 7 12 5 1 4 1 1 1 3 1 |1 9 6 2 3 1 15 13 11 1 1 6 1 13 1 2 |7 3 1 8 10 2 1 6 2 1 15 1 6 12 3 1 |3 3 8 2 2 1 2 6 1 17 8 1 1 1 7 15 |21 1 1 7 1 3 1 1 4 1 9 2 2 5 18 10 |
10967: 151 189 28 8 7 1 14 3 13 1 1 1 15 11 24 17 |221 239 37 9 8 1 16 17 5 4 1 3 16 8 13 13 |32 44 10 7 13 8 16 8 4 1 1 1 7 6 1 4 |6 12 15 1 11 1 1 21 1 1 8 16 1 2 1 1 |4 13 3 1 1 3 1 3 3 12 2 2 6 3 1 2 |1 4 2 2 2 1 6 1 8 2 1 5 1 4 1 1 |9 13 4 8 5 1 1 11 1 1 1 15 9 1 1 1 |4 16 2 2 3 2 7 12 5 1 4 1 1 1 3 1 |1 9 6 2 3 1 15 13 11 1 1 6 1 13 1 2 |7 3 1 8 10 2 1 6 2 1 15 1 6 12 3 1 |3 3 8 2 2 1 2 6 1 17 8 1 1 1 7 15 |24 6 1 6 1 9 6 8 5 2 9 2 2 5 5 17 |
10978: 250 188 29 4 10 6 16 8 14 12 15 3 6 1 25 17 |267 243 20 10 9 2 16 18 7 9 10 16 14 3 13 9 |40 57 24 6 12 7 4 6 9 1 1 1 1 1 1 3 |7 13 1 4 11 1 1 22 1 1 9 4 1 4 1 2 |4 13 3 1 1 3 1 3 3 12 2 2 6 3 1 2 |1 4 2 2 2 1 6 1 8 2 1 5 1 4 1 1 |9 13 4 8 5 1 1 11 1 1 1 15 9 1 1 1 |4 16 2 2 3 2 7 12 5 1 4 1 1 1 3 1 |1 9 6 2 3 1 15 13 11 1 1 6 1 13 1 2 |7 3 1 8 10 2 1 6 2 1 15 1 6 12 3 1 |3 3 8 2 2 1 2 6 1 17 8 1 1 1 7 15 |24 6 1 6 1 9 6 8 5 2 9 2 2 5 5 17 |
10989: 250 188 29 4 10 6 16 8 14 12 15 3 6 1 25 17 |267 243 20 10 9 2 16 18 7 9 10 16 14 3 13 9 |40 57 24 6 12 7 4 6 9 1 1 1 1 1 1 3 |7 13 1 4 11 1 1 22 1 1 9 4 1 4 1 2 |5 15 1 2 1 1 1 4 7 1 1 3 1 1 1 1 |7 9 2 6 3 2 2 12 5 2 2 3 1 1 1 1 |15 14 9 12 1 1 1 11 2 1 14 15 10 1 1 1 |1 14 5 2 3 2 7 13 2 2 4 2 1 1 2 2 |1 8 6 1 2 1 1 2 17 1 1 1 1 7 2 8 |8 3 3 1 3 1 1 6 2 1 16 1 6 12 14 1 |1 5 6 6 2 14 3 8 1 2 8 1 1 1 7 14 |13 1 1 6 1 1 8 2 2 1 2 5 3 1 17 11 |
11000: 250 188 29 4 10 6 16 8 14 12 15 3 6 1 25 17 |267 243 20 10 9 2 16 18 7 9 10 16 14 3 13 9 |40 57 24 6 12 7 4 6 9 1 1 1 1 1 1 3 |7 13 1 4 11 1 1 22 1 1 9 4 1 4 1 2 |5 15 1 2 1 1 1 4 7 1 1 3 1 1 1 1 |7 9 2 6 3 2 2 12 5 2 2 3 1 1 1 1 |15 14 9 12 1 1 1 11 2 1 14 15 10 1 1 1 |1 14 5 2 3 2 7 13 2 2 4 2 1 1 2 2 |1 8 6 1 2 1 1 2 17 1 1 1 1 7 2 8 |8 3 3 1 3 1 1 6 2 1 16 1 6 12 14 1 |1 5 6 6 2 14 3 8 1 2 8 1 1 1 7 14 |13 1 1 6 1 1 8 2 2 1 2 5 3 1 17 11 |
11011: 251 186 26 20 1 5 7 10 9 13 15 4 6 5 27 24 |270 251 36 14 10 8 15 18 5 9 10 11 32 12 13 15 |52 54 21 6 13 6 6 5 3 1 1 1 8 2 1 5 |7 14 16 1 1 5 5 21 1 10 8 9 1 5 1 1 |5 15 1 2 1 1 1 4 7 1 1 3 1 1 1 1 |7 9 2 6 3 2 2 12 5 2 2 3 1 1 1 1 |15 14 9 12 1 1 1 11 2 1 14 15 10 1 1 1 |1 14 5 2 3 2 7 13 2 2 4 2 1 1 2 2 |1 8 6 1 2 1 1 2 17 1 1 1 1 7 2 8 |8 3 3 1 3 1 1 6 2 1 16 1 6 12 14 1 |1 5 6 6 2 14 3 8 1 2 8 1 1 1 7 14 |13 1 1 6 1 1 8 2 2 1 2 5 3 1 17 11 |
11022: 251 186 26 20 1 5 7 10 9 13 15 4 6 5 27 24 |270 251 36 14 10 8 15 18 5 9 10 11 32 12 13 15 |52 54 21 6 13 6 6 5 3 1 1 1 8 2 1 5 |7 14 16 1 1 5 5 21 1 10 8 9 1 5 1 1 |5 14 1 2 1 1 1 3 7 11 9 3 1 1 4 3 |7 11 2 6 2 4 1 1 10 2 1 1 1 8 1 1 |8 13 3 12 1 1 1 11 1 1 15 16 9 1 1 1 |6 14 14 1 2 2 7 13 8 2 4 2 1 1 3 6 |3 8 6 1 4 1 1 2 6 2 1 1 2 11 1 3 |9 3 4 2 1 1 1 7 2 1 14 1 6 12 3 1 |1 6 8 7 2 1 2 7 2 18 8 1 1 1 7 14 |13 1 1 6 1 1 8 2 2 1 2 5 3 1 17 11 |
11033: 251 186 26 20 1 5 7 10 9 13 15 4 6 5 27 24 |270 251 36 14 10 8 15 18 5 9 10 11 32 12 13 15 |52 54 21 6 13 6 6 5 3 1 1 1 8 2 1 5 |7 14 16 1 1 5 5 21 1 10 8 9 1 5 1 1 |5 14 1 2 1 1 1 3 7 11 9 3 1 1 4 3 |7 11 2 6 2 4 1 1 10 2 1 1 1 8 1 1 |8 13 3 12 1 1 1 11 1 1 15 16 9 1 1 1 |6 14 14 1 2 2 7 13 8 2 4 2 1 1 3 6 |3 8 6 1 4 1 1 2 6 2 1 1 2 11 1 3 |9 3 4 2 1 1 1 7 2 1 14 1 6 12 3 1 |1 6 8 7 2 1 2 7 2 18 8 1 1 1 7 14 |24 6 1 6 1 7 8 2 13 2 2 6 2 2 17 11 |
11044: 266 192 16 10 11 18 17 9 16 11 1 10 12 12 24 32 |281 240 26 7 10 9 14 6 11 9 9 12 32 8 12 10 |56 55 25 7 12 7 9 7 3 1 1 1 7 4 1 5 |7 14 16 1 1 5 5 21 1 10 8 9 1 5 1 1 |5 14 1 2 1 1 1 3 7 11 9 3 1 1 4 3 |7 11 2 6 2 4 1 1 10 2 1 1 1 8 1 1 |8 13 3 12 1 1 1 11 1 1 15 16 9 1 1 1 |6 14 14 1 2 2 7 13 8 2 4 2 1 1 3 6 |3 8 6 1 4 1 1 2 6 2 1 1 2 11 1 3 |9 3 4 2 1 1 1 7 2 1 14 1 6 12 3 1 |1 6 8 7 2 1 2 7 2 18 8 1 1 1 7 14 |24 6 1 6 1 7 8 2 13 2 2 6 2 2 17 11 |
11055: 266 192 16 10 11 18 17 9 16 11 1 10 12 12 24 32 |281 240 26 7 10 9 14 6 11 9 9 12 32 8 12 10 |56 55 25 7 12 7 9 7 3 1 1 1 7 4 1 5 |7 14 1 4 12 1 2 21 1 1 12 16 1 1 1 2 |4 15 4 1 6 1 1 4 7 2 9 1 1 1 1 1 |1 21 1 1 1 5 1 12 9 1 1 2 1 7 1 1 |8 14 9 12 4 1 2 11 1 1 6 18 9 1 1 1 |5 14 4 1 5 1 7 14 11 1 4 2 1 1 3 1 |5 3 2 2 3 1 2 13 12 1 1 6 1 12 1 11 |8 9 4 2 10 1 1 7 3 1 16 1 6 12 3 1 |1 1 1 9 6 13 2 8 1 18 7 1 1 1 8 14 |13 1 1 6 2 7 1 7 5 2 7 1 2 5 17 10 |
11066: 266 192 16 10 11 18 17 9 16 11 1 10 12 12 24 32 |281 240 26 7 10 9 14 6 11 9 9 12 32 8 12 10 |56 55 25 7 12 7 9 7 3 1 1 1 7 4 1 5 |7 14 1 4 12 1 2 21 1 1 12 16 1 1 1 2 |4 15 4 1 6 1 1 4 7 2 9 1 1 1 1 1 |1 21 1 1 1 5 1 12 9 1 1 2 1 7 1 1 |8 14 9 12 4 1 2 11 1 1 6 18 9 1 1 1 |5 14 4 1 5 1 7 14 11 1 4 2 1 1 3 1 |5 3 2 2 3 1 2 13 12 1 1 6 1 12 1 11 |8 9 4 2 10 1 1 7 3 1 16 1 6 12 3 1 |1 1 1 9 6 13 2 8 1 18 7 1 1 1 8 14 |13 1 1 6 2 7 1 7 5 2 7 1 2 5 17 10 |
11077: 259 194 16 1 9 17 16 10 16 11 13 9 11 1 36 23 |281 240 26 7 10 9 14 6 11 9 9 12 32 8 12 10 |56 55 25 7 12 7 9 7 3 1 1 1 7 4 1 5 |7 14 1 4 12 1 2 21 1 1 12 16 1 1 1 2 |4 15 4 1 6 1 1 4 7 2 9 1 1 1 1 1 |1 21 1 1 1 5 1 12 9 1 1 2 1 7 1 1 |8 14 9 12 4 1 2 11 1 1 6 18 9 1 1 1 |5 14 4 1 5 1 7 14 11 1 4 2 1 1 3 1 |5 3 2 2 3 1 2 13 12 1 1 6 1 12 1 11 |8 9 4 2 10 1 1 7 3 1 16 1 6 12 3 1 |1 1 1 9 6 13 2 8 1 18 7 1 1 1 8 14 |13 1 1 6 2 7 1 7 5 2 7 1 2 5 17 10 |
11088: 259 194 16 1 9 17 16 10 16 11 13 9 11 1 36 23 |273 240 28 22 14 9 14 11 1 10 11 12 32 10 6 9 |51 43 23 6 1 1 9 8 8 1 6 1 8 7 1 6 |1 22 16 1 12 1 1 22 1 11 12 14 2 4 1 1 |6 15 3 1 5 1 1 3 8 11 2 4 1 1 1 1 |1 12 2 6 3 4 1 1 11 2 1 2 1 7 1 2 |14 13 22 9 4 1 1 11 1 1 6 16 8 1 1 1 |1 13 1 4 1 2 7 14 8 1 5 2 5 1 3 2 |3 2 5 2 4 1 14 13 11 1 1 6 1 1 3 8 |9 9 4 3 2 1 1 7 1 4 16 1 6 12 15 1 |1 1 1 9 6 13 2 8 1 18 7 1 1 1 8 14 |13 1 1 6 2 7 1 7 5 2 7 1 2 5 17 10 |
11098: 259 194 16 1 9 17 16 10 16 11 13 9 11 1 36 23 |273 240 28 22 14 9 14 11 1 10 11 12 32 10 6 9 |51 43 23 6 1 1 9 8 8 1 6 1 8 7 1 6 |1 22 16 1 12 1 1 22 1 11 12 14 2 4 1 1 |6 15 3 1 5 1 1 3 8 11 2 4 1 1 1 1 |1 12 2 6 3 4 1 1 11 2 1 2 1 7 1 2 |14 13 22 9 4 1 1 11 1 1 6 16 8 1 1 1 |1 13 1 4 1 2 7 14 8 1 5 2 5 1 3 2 |3 2 5 2 4 1 14 13 11 1 1 6 1 1 3 8 |9 9 4 3 2 1 1 7 1 4 16 1 6 12 15 1 |1 1 1 7 2 2 2 6 2 16 19 1 5 1 1 16 |9 1 1 5 1 6 1 1 6 2 12 5 1 5 17 10 |
11109: 259 194 16 1 9 17 16 10 16 11 13 9 11 1 36 23 |273 240 28 22 14 9 14 11 1 10 11 12 32 10 6 9 |51 43 23 6 1 1 9 8 8 1 6 1 8 7 1 6 |1 22 16 1 12 1 1 22 1 11 12 14 2 4 1 1 |6 15 3 1 5 1 1 3 8 11 2 4 1 1 1 1 |1 12 2 6 3 4 1 1 11 2 1 2 1 7 1 2 |14 13 22 9 4 1 1 11 1 1 6 16 8 1 1 1 |1 13 1 4 1 2 7 14 8 1 5 2 5 1 3 2 |3 2 5 2 4 1 14 13 11 1 1 6 1 1 3 8 |9 9 4 3 2 1 1 7 1 4 16 1 6 12 15 1 |1 1 1 7 2 2 2 6 2 16 19 1 5 1 1 16 |9 1 1 5 1 6 1 1 6 2 12 5 1 5 17 10 |
11120: 265 205 17 4 1 5 16 6 13 11 7 10 11 5 32 24 |281 260 34 10 2 2 21 6 1 5 8 7 31 20 5 20 |47 48 21 7 13 3 6 7 8 1 1 1 7 7 1 6 |7 14 17 1 11 1 5 24 1 1 12 7 1 4 1 2 |4 15 3 1 1 1 1 3 7 12 2 4 1 1 2 3 |5 14 1 5 2 4 1 1 11 1 1 3 1 7 1 1 |6 14 8 12 5 1 5 10 1 1 1 14 10 1 1 1 |6 14 10 1 2 2 7 14 12 1 5 1 1 1 4 6 |3 8 7 1 4 1 15 12 12 1 1 6 1 12 1 2 |9 9 4 3 2 1 1 7 1 4 16 1 6 12 15 1 |1 1 1 7 2 2 2 6 2 16 19 1 5 1 1 16 |9 1 1 5 1 6 1 1 6 2 12 5 1 5 17 10 |
11131: 265 205 17 4 1 5 16 6 13 11 7 10 11 5 32 24 |281 260 34 10 2 2 21 6 1 5 8 7 31 20 5 20 |47 48 21 7 13 3 6 7 8 1 1 1 7 7 1 6 |7 14 17 1 11 1 5 24 1 1 12 7 1 4 1 2 |4 15 3 1 1 1 1 3 7 12 2 4 1 1 2 3 |5 14 1 5 2 4 1 1 11 1 1 3 1 7 1 1 |6 14 8 12 5 1 5 10 1 1 1 14 10 1 1 1 |6 14 10 1 2 2 7 14 12 1 5 1 1 1 4 6 |3 8 7 1 4 1 15 12 12 1 1 6 1 12 1 2 |7 8 4 1 10 7 2 7 1 2 17 1 4 5 16 1 |1 1 8 2 15 7 2 7 2 8 7 1 1 1 8 14 |13 5 1 6 1 1 1 7 5 2 8 1 2 4 18 10 |
11142: 265 205 17 4 1 5 16 6 13 11 7 10 11 5 32 24 |281 260 34 10 2 2 21 6 1 5 8 7 31 20 5 20 |47 48 21 7 13 3 6 7 8 1 1 1 7 7 1 6 |7 14 17 1 11 1 5 24 1 1 12 7 1 4 1 2 |4 15 3 1 1 1 1 3 7 12 2 4 1 1 2 3 |5 14 1 5 2 4 1 1 11 1 1 3 1 7 1 1 |6 14 8 12 5 1 5 10 1 1 1 14 10 1 1 1 |6 14 10 1 2 2 7 14 12 1 5 1 1 1 4 6 |3 8 7 1 4 1 15 12 12 1 1 6 1 12 1 2 |7 8 4 1 10 7 2 7 1 2 17 1 4 5 16 1 |1 1 8 2 15 7 2 7 2 8 7 1 1 1 8 14 |13 5 1 6 1 1 1 7 5 2 8 1 2 4 18 10 |
11153: 247 207 24 1 10 16 16 8 14 11 13 8 5 10 23 25 |260 266 30 8 1 1 11 12 1 9 5 4 19 18 15 14 |51 55 7 7 13 7 6 8 3 1 1 1 7 1 1 5 |7 21 11 4 11 1 1 22 1 1 12 15 1 3 1 1 |4 14 3 1 1 1 1 3 3 2 3 2 7 1 1 1 |1 22 4 6 2 3 1 1 11 2 1 2 1 8 2 1 |5 13 9 11 4 1 1 10 1 2 5 13 2 1 1 1 |6 14 10 1 2 2 7 14 12 1 5 1 1 1 4 6 |3 8 7 1 4 1 15 12 12 1 1 6 1 12 1 2 |7 8 4 1 10 7 2 7 1 2 17 1 4 5 16 1 |1 1 8 2 15 7 2 7 2 8 7 1 1 1 8 14 |13 5 1 6 1 1 1 7 5 2 8 1 2 4 18 10 |
11164: 247 207 24 1 10 16 16 8 14 11 13 8 5 10 23 25 |260 266 30 8 1 1 11 12 1 9 5 4 19 18 15 14 |51 55 7 7 13 7 6 8 3 1 1 1 7 1 1 5 |7 21 11 4 11 1 1 22 1 1 12 15 1 3 1 1 |4 14 3 1 1 1 1 3 3 2 3 2 7 1 1 1 |1 22 4 6 2 3 1 1 11 2 1 2 1 8 2 1 |5 13 9 11 4 1 1 10 1 2 5 13 2 1 1 1 |5 14 2 1 5 1 1 13 1 1 4 2 5 1 3 2 |6 6 10 1 2 1 15 13 15 1 2 6 2 12 1 2 |7 3 7 1 10 2 1 8 1 2 7 1 4 11 3 1 |1 1 8 1 15 7 2 7 1 3 7 1 1 1 8 10 |22 6 1 6 1 1 1 7 5 2 9 6 1 5 17 17 |
11175: 247 207 24 1 10 16 16 8 14 11 13 8 5 10 23 25 |260 266 30 8 1 1 11 12 1 9 5 4 19 18 15 14 |51 55 7 7 13 7 6 8 3 1 1 1 7 1 1 5 |7 21 11 4 11 1 1 22 1 1 12 15 1 3 1 1 |4 14 3 1 1 1 1 3 3 2 3 2 7 1 1 1 |1 22 4 6 2 3 1 1 11 2 1 2 1 8 2 1 |5 13 9 11 4 1 1 10 1 2 5 13 2 1 1 1 |5 14 2 1 5 1 1 13 1 1 4 2 5 1 3 2 |6 6 10 1 2 1 15 13 15 1 2 6 2 12 1 2 |7 3 7 1 10 2 1 8 1 2 7 1 4 11 3 1 |1 1 8 1 15 7 2 7 1 3 7 1 1 1 8 10 |22 6 1 6 1 1 1 7 5 2 9 6 1 5 17 17 |
11186: 84 164 31 9 3 9 8 5 13 1 5 1 14 3 18 25 |167 270 61 12 9 7 2 17 4 9 5 10 19 1 8 11 |34 73 29 2 1 1 9 7 9 1 4 1 7 6 1 4 |5 14 11 4 11 1 6 21 1 5 9 7 1 3 1 1 |1 8 1 1 1 2 10 3 7 3 15 2 2 3 1 1 |1 12 2 5 2 3 1 1 9 3 1 2 1 6 2 2 |1 5 4 11 4 1 1 11 1 1 5 15 9 1 1 1 |1 1 1 2 1 1 7 13 1 1 4 2 1 1 3 2 |6 6 10 1 2 1 15 13 15 1 2 6 2 12 1 2 |7 3 7 1 10 2 1 8 1 2 7 1 4 11 3 1 |1 1 8 1 15 7 2 7 1 3 7 1 1 1 8 10 |22 6 1 6 1 1 1 7 5 2 9 6 1 5 17 17 |
11197: 84 164 31 9 3 9 8 5 13 1 5 1 14 3 18 25 |167 270 61 12 9 7 2 17 4 9 5 10 19 1 8 11 |34 73 29 2 1 1 9 7 9 1 4 1 7 6 1 4 |5 14 11 4 11 1 6 21 1 5 9 7 1 3 1 1 |1 8 1 1 1 2 10 3 7 3 15 2 2 3 1 1 |1 12 2 5 2 3 1 1 9 3 1 2 1 6 2 2 |1 5 4 11 4 1 1 11 1 1 5 15 9 1 1 1 |1 1 1 2 1 1 7 13 1 1 4 2 1 1 3 2 |1 2 11 1 4 1 15 13 7 1 1 6 1 4 3 4 |1 1 2 1 1 1 2 6 2 1 16 1 6 12 3 1 |1 7 1 2 1 15 2 6 1 2 7 1 6 1 1 2 |12 7 1 6 1 1 1 7 1 1 8 1 2 5 17 10 |
11208: 84 164 31 9 3 9 8 5 13 1 5 1 14 3 18 25 |167 270 61 12 9 7 2 17 4 9 5 10 19 1 8 11 |34 73 29 2 1 1 9 7 9 1 4 1 7 6 1 4 |5 14 11 4 11 1 6 21 1 5 9 7 1 3 1 1 |1 8 1 1 1 2 10 3 7 3 15 2 2 3 1 1 |1 12 2 5 2 3 1 1 9 3 1 2 1 6 2 2 |1 5 4 11 4 1 1 11 1 1 5 15 9 1 1 1 |1 1 1 2 1 1 7 13 1 1 4 2 1 1 3 2 |1 2 11 1 4 1 15 13 7 1 1 6 1 4 3 4 |1 1 2 1 1 1 2 6 2 1 16 1 6 12 3 1 |1 7 1 2 1 15 2 6 1 2 7 1 6 1 1 2 |12 7 1 6 1 1 1 7 1 1 8 1 2 5 17 10 |
11219: 2 4 2 1 1 2 4 2 6 1 1 2 6 1 15 7 |9 7 1 16 2 1 1 3 1 1 1 2 23 1 6 6 |12 22 22 7 9 1 17 5 3 1 1 4 1 5 1 4 |1 7 11 1 11 2 1 20 1 5 8 8 1 3 1 2 |1 7 1 8 1 1 3 3 7 6 7 3 4 1 1 1 |1 12 3 7 1 4 1 1 11 1 1 2 1 6 4 1 |1 1 23 10 4 1 1 10 1 1 1 15 8 1 1 1 |1 1 1 1 6 1 2 8 5 4 5 2 1 1 1 6 |1 2 11 1 4 1 15 13 7 1 1 6 1 4 3 4 |1 1 2 1 1 1 2 6 2 1 16 1 6 12 3 1 |1 7 1 2 1 15 2 6 1 2 7 1 6 1 1 2 |12 7 1 6 1 1 1 7 1 1 8 1 2 5 17 10 |
11230: 2 4 2 1 1 2 4 2 6 1 1 2 6 1 15 7 |9 7 1 16 2 1 1 3 1 1 1 2 23 1 6 6 |12 22 22 7 9 1 17 5 3 1 1 4 1 5 1 4 |1 7 11 1 11 2 1 20 1 5 8 8 1 3 1 2 |1 7 1 8 1 1 3 3 7 6 7 3 4 1 1 1 |1 12 3 7 1 4 1 1 11 1 1 2 1 6 4 1 |1 1 23 10 4 1 1 10 1 1 1 15 8 1 1 1 |1 1 1 1 6 1 2 8 5 4 5 2 1 1 1 6 |1 1 13 1 1 1 3 13 11 1 1 6 1 10 1 2 |1 3 4 1 11 2 3 6 2 1 15 1 5 12 3 1 |1 7 2 6 2 1 2 7 1 17 8 1 1 1 6 15 |4 1 1 9 1 1 1 1 4 1 10 2 2 5 17 10 |
11241: 2 4 2 1 1 2 4 2 6 1 1 2 6 1 15 7 |9 7 1 16 2 1 1 3 1 1 1 2 23 1 6 6 |12 22 22 7 9 1 17 5 3 1 1 4 1 5 1 4 |1 7 11 1 11 2 1 20 1 5 8 8 1 3 1 2 |1 7 1 8 1 1 3 3 7 6 7 3 4 1 1 1 |1 12 3 7 1 4 1 1 11 1 1 2 1 6 4 1 |1 1 23 10 4 1 1 10 1 1 1 15 8 1 1 1 |1 1 1 1 6 1 2 8 5 4 5 2 1 1 1 6 |1 1 13 1 1 1 3 13 11 1 1 6 1 10 1 2 |1 3 4 1 11 2 3 6 2 1 15 1 5 12 3 1 |1 7 2 6 2 1 2 7 1 17 8 1 1 1 6 15 |4 1 1 9 1 1 1 1 4 1 10 2 2 5 17 10 |
11252: 2 9 1 1 1 1 10 3 6 1 1 1 5 1 3 4 |8 1 1 1 2 1 1 1 1 1 3 13 23 1 3 6 |10 15 17 6 12 3 1 7 1 3 1 4 1 3 2 1 |1 7 6 3 9 1 6 23 1 1 8 3 1 3 1 1 |1 1 7 8 4 1 1 3 3 12 2 3 1 5 2 3 |1 12 3 12 3 2 6 1 7 2 1 3 1 3 3 1 |1 4 21 2 5 2 1 11 1 1 1 17 9 1 1 1 |1 2 1 2 3 3 7 13 7 1 4 2 1 1 3 1 |1 1 13 1 1 1 3 13 11 1 1 6 1 10 1 2 |1 3 4 1 11 2 3 6 2 1 15 1 5 12 3 1 |1 7 2 6 2 1 2 7 1 17 8 1 1 1 6 15 |4 1 1 9 1 1 1 1 4 1 10 2 2 5 17 10 |
11263: 2 9 1 1 1 1 10 3 6 1 1 1 5 1 3 4 |8 1 1 1 2 1 1 1 1 1 3 13 23 1 3 6 |10 15 17 6 12 3 1 7 1 3 1 4 1 3 2 1 |1 7 6 3 9 1 6 23 1 1 8 3 1 3 1 1 |1 1 7 8 4 1 1 3 3 12 2 3 1 5 2 3 |1 12 3 12 3 2 6 1 7 2 1 3 1 3 3 1 |1 4 21 2 5 2 1 11 1 1 1 17 9 1 1 1 |1 2 1 2 3 3 7 13 7 1 4 2 1 1 3 1 |1 2 6 2 4 1 15 13 15 1 1 6 1 13 1 2 |1 2 3 4 11 5 2 6 2 1 16 1 6 12 3 1 |1 7 1 2 2 13 2 7 4 8 7 1 1 1 1 15 |2 6 1 5 1 3 1 7 5 1 10 6 2 5 18 10 |
11274: 2 9 1 1 1 1 10 3 6 1 1 1 5 1 3 4 |8 1 1 1 2 1 1 1 1 1 3 13 23 1 3 6 |10 15 17 6 12 3 1 7 1 3 1 4 1 3 2 1 |1 7 6 3 9 1 6 23 1 1 8 3 1 3 1 1 |1 1 7 8 4 1 1 3 3 12 2 3 1 5 2 3 |1 12 3 12 3 2 6 1 7 2 1 3 1 3 3 1 |1 4 21 2 5 2 1 11 1 1 1 17 9 1 1 1 |1 2 1 2 3 3 7 13 7 1 4 2 1 1 3 1 |1 2 6 2 4 1 15 13 15 1 1 6 1 13 1 2 |1 2 3 4 11 5 2 6 2 1 16 1 6 12 3 1 |1 7 1 2 2 13 2 7 4 8 7 1 1 1 1 15 |2 6 1 5 1 3 1 7 5 1 10 6 2 5 18 10 |
11285: 2 1 3 1 1 1 2 1 1 3 1 3 6 1 3 4 |8 7 1 1 1 1 1 1 1 1 3 13 23 1 5 5 |11 11 8 7 1 1 18 8 1 1 2 3 2 3 3 1 |1 7 10 1 13 1 8 21 1 1 10 15 1 2 1 2 |1 8 8 13 1 1 1 3 7 11 1 4 1 1 3 1 |1 21 1 5 1 4 1 12 11 1 1 2 2 7 1 1 |1 4 21 2 5 2 1 11 1 1 1 17 9 1 1 1 |1 2 1 2 3 3 7 13 7 1 4 2 1 1 3 1 |1 2 6 2 4 1 15 13 15 1 1 6 1 13 1 2 |1 2 3 4 11 5 2 6 2 1 16 1 6 12 3 1 |1 7 1 2 2 13 2 7 4 8 7 1 1 1 1 15 |2 6 1 5 1 3 1 7 5 1 10 6 2 5 18 10 |
11296: 2 1 3 1 1 1 2 1 1 3 1 3 6 1 3 4 |8 7 1 1 1 1 1 1 1 1 3 13 23 1 5 5 |11 11 8 7 1 1 18 8 1 1 2 3 2 3 3 1 |1 7 10 1 13 1 8 21 1 1 10 15 1 2 1 2 |1 8 8 13 1 1 1 3 7 11 1 4 1 1 3 1 |1 21 1 5 1 4 1 12 11 1 1 2 2 7 1 1 |7 5 9 1 6 1 3 11 1 1 8 15 6 1 1 1 |1 1 1 1 6 1 8 11 2 2 5 3 1 1 3 5 |1 1 1 1 4 1 15 13 12 1 1 6 2 11 1 1 |1 1 2 1 1 1 1 6 2 1 14 1 6 12 15 1 |2 1 6 2 15 8 2 8 1 2 7 1 1 1 7 14 |9 7 1 6 1 1 1 1 5 2 1 7 2 5 18 10 |
11307: 2 1 3 1 1 1 2 1 1 3 1 3 6 1 3 4 |8 7 1 1 1 1 1 1 1 1 3 13 23 1 5 5 |11 11 8 7 1 1 18 8 1 1 2 3 2 3 3 1 |1 7 10 1 13 1 8 21 1 1 10 15 1 2 1 2 |1 8 8 13 1 1 1 3 7 11 1 4 1 1 3 1 |1 21 1 5 1 4 1 12 11 1 1 2 2 7 1 1 |7 5 9 1 6 1 3 11 1 1 8 15 6 1 1 1 |1 1 1 1 6 1 8 11 2 2 5 3 1 1 3 5 |1 1 1 1 4 1 15 13 12 1 1 6 2 11 1 1 |1 1 2 1 1 1 1 6 2 1 14 1 6 12 15 1 |2 1 6 2 15 8 2 8 1 2 7 1 1 1 7 14 |9 7 1 6 1 1 1 1 5 2 1 7 2 5 18 10 |
11318: 2 3 1 1 1 1 9 3 6 2 1 3 6 1 3 5 |9 16 9 1 1 1 14 8 7 2 1 10 23 3 1 5 |8 21 17 9 5 2 6 9 3 1 1 1 5 4 1 3 |4 21 39 27 20 9 3 22 1 6 9 16 1 1 1 2 |1 17 15 9 16 1 11 3 7 11 9 3 2 1 1 1 |2 19 7 20 8 1 1 1 10 2 1 2 1 6 2 1 |1 13 23 5 6 1 1 11 1 1 1 16 10 1 1 1 |1 1 1 1 6 1 8 11 2 2 5 3 1 1 3 5 |1 1 1 1 4 1 15 13 12 1 1 6 2 11 1 1 |1 1 2 1 1 1 1 6 2 1 14 1 6 12 15 1 |2 1 6 2 15 8 2 8 1 2 7 1 1 1 7 14 |9 7 1 6 1 1 1 1 5 2 1 7 2 5 18 10 |
11329: 2 3 1 1 1 1 9 3 6 2 1 3 6 1 3 5 |9 16 9 1 1 1 14 8 7 2 1 10 23 3 1 5 |8 21 17 9 5 2 6 9 3 1 1 1 5 4 1 3 |4 21 39 27 20 9 3 22 1 6 9 16 1 1 1 2 |1 17 15 9 16 1 11 3 7 11 9 3 2 1 1 1 |2 19 7 20 8 1 1 1 10 2 1 2 1 6 2 1 |1 13 23 5 6 1 1 11 1 1 1 16 10 1 1 1 |1 13 2 1 6 1 7 13 8 1 5 3 1 1 2 1 |1 1 1 1 6 1 15 13 10 1 1 5 1 11 1 2 |1 3 15 8 12 6 3 6 3 1 15 1 6 12 3 1 |1 7 9 17 2 14 2 7 1 2 7 1 1 1 8 14 |8 1 12 21 1 1 1 2 5 1 8 1 1 5 17 16 |
11340: 2 3 1 1 1 1 9 3 6 2 1 3 6 1 3 5 |9 16 9 1 1 1 14 8 7 2 1 10 23 3 1 5 |8 21 17 9 5 2 6 9 3 1 1 1 5 4 1 3 |4 21 39 27 20 9 3 22 1 6 9 16 1 1 1 2 |1 17 15 9 16 1 11 3 7 11 9 3 2 1 1 1 |2 19 7 20 8 1 1 1 10 2 1 2 1 6 2 1 |1 13 23 5 6 1 1 11 1 1 1 16 10 1 1 1 |1 13 2 1 6 1 7 13 8 1 5 3 1 1 2 1 |1 1 1 1 6 1 15 13 10 1 1 5 1 11 1 2 |1 3 15 8 12 6 3 6 3 1 15 1 6 12 3 1 |1 7 9 17 2 14 2 7 1 2 7 1 1 1 8 14 |8 1 12 21 1 1 1 2 5 1 8 1 1 5 17 16 |
11351: 2 19 19 4 2 2 10 3 8 1 1 2 6 1 4 9 |21 52 62 17 8 1 1 2 6 2 1 15 11 1 1 6 |9 132 287 243 36 10 26 9 3 11 6 10 10 12 1 1 |4 64 260 286 77 20 13 27 4 7 18 8 1 11 1 1 |1 32 61 89 11 7 1 4 8 12 10 1 1 1 1 1 |2 17 17 10 7 1 1 12 10 1 1 1 1 7 2 2 |1 13 23 5 6 1 1 11 1 1 1 16 10 1 1 1 |1 13 2 1 6 1 7 13 8 1 5 3 1 1 2 1 |1 1 1 1 6 1 15 13 10 1 1 5 1 11 1 2 |1 3 15 8 12 6 3 6 3 1 15 1 6 12 3 1 |1 7 9 17 2 14 2 7 1 2 7 1 1 1 8 14 |8 1 12 21 1 1 1 2 5 1 8 1 1 5 17 16 |
11362: 2 19 19 4 2 2 10 3 8 1 1 2 6 1 4 9 |21 52 62 17 8 1 1 2 6 2 1 15 11 1 1 6 |9 132 287 243 36 10 26 9 3 11 6 10 10 12 1 1 |4 64 260 286 77 20 13 27 4 7 18 8 1 11 1 1 |1 32 61 89 11 7 1 4 8 12 10 1 1 1 1 1 |2 17 17 10 7 1 1 12 10 1 1 1 1 7 2 2 |7 13 17 21 1 1 1 11 1 1 15 16 7 1 1 1 |1 14 10 1 1 2 7 12 1 1 5 2 1 1 3 1 |2 9 12 1 1 2 14 13 11 1 1 6 1 12 1 3 |1 3 12 22 6 1 1 6 2 2 15 1 5 12 3 1 |4 2 1 23 6 2 1 1 1 5 7 1 1 1 6 2 |8 1 12 13 1 8 6 7 5 2 9 6 1 6 17 10 |
11373: 2 19 19 4 2 2 10 3 8 1 1 2 6 1 4 9 |21 52 62 17 8 1 1 2 6 2 1 15 11 1 1 6 |9 132 287 243 36 10 26 9 3 11 6 10 10 12 1 1 |4 64 260 286 77 20 13 27 4 7 18 8 1 11 1 1 |1 32 61 89 11 7 1 4 8 12 10 1 1 1 1 1 |2 17 17 10 7 1 1 12 10 1 1 1 1 7 2 2 |7 13 17 21 1 1 1 11 1 1 15 16 7 1 1 1 |1 14 10 1 1 2 7 12 1 1 5 2 1 1 3 1 |2 9 12 1 1 2 14 13 11 1 1 6 1 12 1 3 |1 3 12 22 6 1 1 6 2 2 15 1 5 12 3 1 |4 2 1 23 6 2 1 1 1 5 7 1 1 1 6 2 |8 1 12 13 1 8 6 7 5 2 9 6 1 6 17 10 |
11384: 4 27 18 1 1 12 4 4 8 1 1 2 6 1 2 9 |28 122 129 39 5 1 15 8 6 4 1 16 23 3 1 19 |25 216 287 264 26 23 17 4 3 11 11 12 9 13 6 6 |9 92 287 277 58 12 10 18 1 13 20 19 1 7 1 10 |5 19 51 83 14 3 11 3 7 12 9 4 6 1 3 6 |2 19 13 9 1 1 1 13 9 1 2 2 2 7 1 1 |7 13 16 4 1 2 1 11 1 1 1 16 10 1 1 1 |3 13 10 1 7 2 7 13 8 2 4 1 1 1 3 1 |2 9 12 1 1 2 14 13 11 1 1 6 1 12 1 3 |1 3 12 22 6 1 1 6 2 2 15 1 5 12 3 1 |4 2 1 23 6 2 1 1 1 5 7 1 1 1 6 2 |8 1 12 13 1 8 6 7 5 2 9 6 1 6 17 10 |
11395: 4 27 18 1 1 12 4 4 8 1 1 2 6 1 2 9 |28 122 129 39 5 1 15 8 6 4 1 16 23 3 1 19 |25 216 287 264 26 23 17 4 3 11 11 12 9 13 6 6 |9 92 287 277 58 12 10 18 1 13 20 19 1 7 1 10 |5 19 51 83 14 3 11 3 7 12 9 4 6 1 3 6 |2 19 13 9 1 1 1 13 9 1 2 2 2 7 1 1 |7 13 16 4 1 2 1 11 1 1 1 16 10 1 1 1 |3 13 10 1 7 2 7 13 8 2 4 1 1 1 3 1 |2 1 21 1 6 1 16 8 5 2 1 2 2 6 2 7 |1 9 14 1 12 2 1 6 2 1 16 1 6 11 3 1 |1 1 1 23 8 1 2 6 3 8 7 1 1 1 8 14 |12 1 12 14 1 1 1 2 5 2 7 1 1 5 18 15 |
11406: 4 27 18 1 1 12 4 4 8 1 1 2 6 1 2 9 |28 122 129 39 5 1 15 8 6 4 1 16 23 3 1 19 |25 216 287 264 26 23 17 4 3 11 11 12 9 13 6 6 |9 92 287 277 58 12 10 18 1 13 20 19 1 7 1 10 |5 19 51 83 14 3 11 3 7 12 9 4 6 1 3 6 |2 19 13 9 1 1 1 13 9 1 2 2 2 7 1 1 |7 13 16 4 1 2 1 11 1 1 1 16 10 1 1 1 |3 13 10 1 7 2 7 13 8 2 4 1 1 1 3 1 |2 1 21 1 6 1 16 8 5 2 1 2 2 6 2 7 |1 9 14 1 12 2 1 6 2 1 16 1 6 11 3 1 |1 1 1 23 8 1 2 6 3 8 7 1 1 1 8 14 |12 1 12 14 1 1 1 2 5 2 7 1 1 5 18 15 |
11439: 6 26 9 1 1 1 1 1 1 5 1 1 13 2 22 9 |28 122 129 39 5 1 15 8 6 4 1 16 23 3 1 19 |25 216 287 264 26 23 17 4 3 11 11 12 9 13 6 6 |9 92 287 277 58 12 10 18 1 13 20 19 1 7 1 10 |5 19 51 83 14 3 11 3 7 12 9 4 6 1 3 6 |2 19 13 9 1 1 1 13 9 1 2 2 2 7 1 1 |7 13 16 4 1 2 1 11 1 1 1 16 10 1 1 1 |3 13 10 1 7 2 7 13 8 2 4 1 1 1 3 1 |2 1 21 1 6 1 16 8 5 2 1 2 2 6 2 7 |1 9 14 1 12 2 1 6 2 1 16 1 6 11 3 1 |1 1 1 23 8 1 2 6 3 8 7 1 1 1 8 14 |12 1 12 14 1 1 1 2 5 2 7 1 1 5 18 15 |
11450: 6 26 9 1 1 1 1 1 1 5 1 1 13 2 22 9 |43 210 188 33 10 6 4 15 1 9 2 14 30 7 11 21 |35 248 287 275 43 24 23 10 1 12 16 13 9 14 4 4 |10 115 283 283 71 21 12 25 6 22 20 13 1 11 3 9 |3 33 57 72 13 1 11 2 8 3 16 1 1 1 1 1 |1 19 19 9 1 4 1 12 9 1 2 3 1 6 2 1 |6 19 19 5 1 1 1 10 1 1 1 14 10 9 1 1 |2 14 10 1 1 3 1 8 6 4 5 2 1 1 1 2 |2 1 18 1 1 1 15 1 17 2 1 1 1 7 1 1 |1 9 14 1 12 2 1 6 2 1 16 1 6 11 3 1 |1 1 1 23 8 1 2 6 3 8 7 1 1 1 8 14 |12 1 12 14 1 1 1 2 5 2 7 1 1 5 18 15 |
11461: 6 26 9 1 1 1 1 1 1 5 1 1 13 2 22 9 |43 210 188 33 10 6 4 15 1 9 2 14 30 7 11 21 |35 248 287 275 43 24 23 10 1 12 16 13 9 14 4 4 |10 115 283 283 71 21 12 25 6 22 20 13 1 11 3 9 |3 33 57 72 13 1 11 2 8 3 16 1 1 1 1 1 |1 19 19 9 1 4 1 12 9 1 2 3 1 6 2 1 |6 19 19 5 1 1 1 10 1 1 1 14 10 9 1 1 |2 14 10 1 1 3 1 8 6 4 5 2 1 1 1 2 |2 1 18 1 1 1 15 1 17 2 1 1 1 7 1 1 |1 1 18 10 11 1 1 8 2 2 7 1 5 12 1 2 |1 1 1 24 7 14 1 8 3 13 6 1 1 2 1 2 |9 1 13 13 1 1 1 1 6 2 2 5 1 6 17 13 |
11471: 1 15 11 1 1 7 1 4 8 3 1 1 13 1 19 17 |28 176 157 41 6 9 15 10 7 2 1 6 18 3 12 22 |35 248 287 275 43 24 23 10 1 12 16 13 9 14 4 4 |10 115 283 283 71 21 12 25 6 22 20 13 1 11 3 9 |3 33 57 72 13 1 11 2 8 3 16 1 1 1 1 1 |1 19 19 9 1 4 1 12 9 1 2 3 1 6 2 1 |6 19 19 5 1 1 1 10 1 1 1 14 10 9 1 1 |2 14 10 1 1 3 1 8 6 4 5 2 1 1 1 2 |2 1 18 1 1 1 15 1 17 2 1 1 1 7 1 1 |1 1 18 10 11 1 1 8 2 2 7 1 5 12 1 2 |1 1 1 24 7 14 1 8 3 13 6 1 1 2 1 2 |9 1 13 13 1 1 1 1 6 2 2 5 1 6 17 13 |
11482: 1 15 11 1 1 7 1 4 8 3 1 1 13 1 19 17 |28 176 157 41 6 9 15 10 7 2 1 6 18 3 12 22 |33 243 285 274 43 23 8 12 3 12 17 15 11 2 2 7 |10 94 286 283 80 15 14 31 6 8 19 20 1 3 10 10 |4 21 62 77 11 6 11 1 9 17 3 3 2 1 1 1 |2 19 13 9 8 1 7 13 9 1 2 3 1 4 1 1 |7 14 19 9 1 1 1 11 1 1 8 17 10 1 1 1 |1 16 10 1 1 2 6 13 9 2 5 2 1 1 3 7 |2 1 18 1 1 1 15 1 17 2 1 1 1 7 1 1 |1 1 18 10 11 1 1 8 2 2 7 1 5 12 1 2 |1 1 1 24 7 14 1 8 3 13 6 1 1 2 1 2 |9 1 13 13 1 1 1 1 6 2 2 5 1 6 17 13 |
11493: 1 15 11 1 1 7 1 4 8 3 1 1 13 1 19 17 |28 176 157 41 6 9 15 10 7 2 1 6 18 3 12 22 |33 243 285 274 43 23 8 12 3 12 17 15 11 2 2 7 |10 94 286 283 80 15 14 31 6 8 19 20 1 3 10 10 |4 21 62 77 11 6 11 1 9 17 3 3 2 1 1 1 |2 19 13 9 8 1 7 13 9 1 2 3 1 4 1 1 |7 14 19 9 1 1 1 11 1 1 8 17 10 1 1 1 |1 16 10 1 1 2 6 13 9 2 5 2 1 1 3 7 |2 8 12 1 6 1 15 13 10 1 1 6 1 11 1 3 |2 2 16 18 6 1 1 7 1 2 16 1 5 12 4 1 |1 1 1 24 7 13 2 7 1 17 8 1 1 1 1 14 |8 1 14 13 1 1 1 1 4 2 8 6 1 5 17 15 |
11504: 3 6 18 5 1 8 1 4 7 3 1 2 6 1 3 8 |28 176 157 41 6 9 15 10 7 2 1 6 18 3 12 22 |33 243 285 274 43 23 8 12 3 12 17 15 11 2 2 7 |10 94 286 283 80 15 14 31 6 8 19 20 1 3 10 10 |4 21 62 77 11 6 11 1 9 17 3 3 2 1 1 1 |2 19 13 9 8 1 7 13 9 1 2 3 1 4 1 1 |7 14 19 9 1 1 1 11 1 1 8 17 10 1 1 1 |1 16 10 1 1 2 6 13 9 2 5 2 1 1 3 7 |2 8 12 1 6 1 15 13 10 1 1 6 1 11 1 3 |2 2 16 18 6 1 1 7 1 2 16 1 5 12 4 1 |1 1 1 24 7 13 2 7 1 17 8 1 1 1 1 14 |8 1 14 13 1 1 1 1 4 2 8 6 1 5 17 15 |
11515: 3 6 18 5 1 8 1 4 7 3 1 2 6 1 3 8 |21 54 64 20 7 3 5 2 6 3 4 13 25 1 1 18 |16 97 257 249 36 21 7 1 12 11 11 12 8 12 1 1 |3 47 215 291 100 10 13 29 6 12 12 20 1 3 1 8 |1 20 51 87 14 7 10 4 7 12 3 1 13 1 1 1 |2 12 6 9 8 5 1 11 9 3 2 3 2 2 1 1 |7 4 12 3 1 1 1 11 1 1 12 17 10 1 1 1 |1 9 16 1 1 3 7 13 6 1 4 2 1 1 3 6 |2 1 11 1 1 1 15 13 16 1 1 6 1 3 2 1 |1 1 3 9 1 1 1 6 2 1 15 1 6 12 3 1 |1 1 1 24 7 13 2 7 1 17 8 1 1 1 1 14 |8 1 14 13 1 1 1 1 4 2 8 6 1 5 17 15 |
11526: 3 6 18 5 1 8 1 4 7 3 1 2 6 1 3 8 |21 54 64 20 7 3 5 2 6 3 4 13 25 1 1 18 |16 97 257 249 36 21 7 1 12 11 11 12 8 12 1 1 |3 47 215 291 100 10 13 29 6 12 12 20 1 3 1 8 |1 20 51 87 14 7 10 4 7 12 3 1 13 1 1 1 |2 12 6 9 8 5 1 11 9 3 2 3 2 2 1 1 |7 4 12 3 1 1 1 11 1 1 12 17 10 1 1 1 |1 9 16 1 1 3 7 13 6 1 4 2 1 1 3 6 |2 1 11 1 1 1 15 13 16 1 1 6 1 3 2 1 |1 1 3 9 1 1 1 6 2 1 15 1 6 12 3 1 |1 7 8 16 6 14 3 7 1 2 7 1 1 1 1 2 |12 8 1 7 1 3 1 7 1 1 9 2 2 5 18 10 |
11537: 2 4 1 1 1 1 1 2 7 1 1 2 5 1 4 4 |21 54 64 20 7 3 5 2 6 3 4 13 25 1 1 18 |16 97 257 249 36 21 7 1 12 11 11 12 8 12 1 1 |3 47 215 291 100 10 13 29 6 12 12 20 1 3 1 8 |1 20 51 87 14 7 10 4 7 12 3 1 13 1 1 1 |2 12 6 9 8 5 1 11 9 3 2 3 2 2 1 1 |7 4 12 3 1 1 1 11 1 1 12 17 10 1 1 1 |1 9 16 1 1 3 7 13 6 1 4 2 1 1 3 6 |2 1 11 1 1 1 15 13 16 1 1 6 1 3 2 1 |1 1 3 9 1 1 1 6 2 1 15 1 6 12 3 1 |1 7 8 16 6 14 3 7 1 2 7 1 1 1 1 2 |12 8 1 7 1 3 1 7 1 1 9 2 2 5 18 10 |
11548: 2 4 1 1 1 1 1 2 7 1 1 2 5 1 4 4 |9 16 7 21 10 1 1 1 1 1 3 13 23 1 1 5 |2 23 39 13 9 16 17 7 9 1 1 5 6 1 1 4 |4 21 36 34 46 26 11 23 1 11 10 9 1 1 1 1 |1 16 25 16 31 1 13 3 7 11 3 1 1 1 3 7 |1 4 9 9 16 10 1 13 9 3 1 2 1 7 2 1 |7 5 11 1 6 1 1 11 1 1 15 16 9 1 1 1 |1 1 2 1 1 3 7 13 8 2 4 2 1 1 4 2 |2 1 11 1 1 1 15 13 16 1 1 6 1 3 2 1 |1 1 3 9 1 1 1 6 2 1 15 1 6 12 3 1 |1 7 8 16 6 14 3 7 1 2 7 1 1 1 1 2 |12 8 1 7 1 3 1 7 1 1 9 2 2 5 18 10 |
11559: 2 4 1 1 1 1 1 2 7 1 1 2 5 1 4 4 |9 16 7 21 10 1 1 1 1 1 3 13 23 1 1 5 |2 23 39 13 9 16 17 7 9 1 1 5 6 1 1 4 |4 21 36 34 46 26 11 23 1 11 10 9 1 1 1 1 |1 16 25 16 31 1 13 3 7 11 3 1 1 1 3 7 |1 4 9 9 16 10 1 13 9 3 1 2 1 7 2 1 |7 5 11 1 6 1 1 11 1 1 15 16 9 1 1 1 |1 1 2 1 1 3 7 13 8 2 4 2 1 1 4 2 |1 1 12 1 1 1 1 1 2 2 1 5 1 10 1 1 |1 1 2 1 1 1 2 7 2 2 16 1 6 12 15 1 |1 6 7 2 15 14 2 7 1 17 19 1 1 1 6 14 |8 8 1 5 1 1 1 7 5 1 10 2 2 5 17 17 |
11570: 2 4 1 1 1 1 1 2 7 1 1 2 5 1 4 4 |9 16 7 21 10 1 1 1 1 1 3 13 23 1 1 5 |2 23 39 13 9 16 17 7 9 1 1 5 6 1 1 4 |4 21 36 34 46 26 11 23 1 11 10 9 1 1 1 1 |1 16 25 16 31 1 13 3 7 11 3 1 1 1 3 7 |1 4 9 9 16 10 1 13 9 3 1 2 1 7 2 1 |7 5 11 1 6 1 1 11 1 1 15 16 9 1 1 1 |1 1 2 1 1 3 7 13 8 2 4 2 1 1 4 2 |1 1 12 1 1 1 1 1 2 2 1 5 1 10 1 1 |1 1 2 1 1 1 2 7 2 2 16 1 6 12 15 1 |1 6 7 2 15 14 2 7 1 17 19 1 1 1 6 14 |8 8 1 5 1 1 1 7 5 1 10 2 2 5 17 17 |
11581: 1 2 4 1 1 1 9 2 6 1 1 2 6 1 3 4 |2 4 1 1 1 1 1 1 1 1 3 12 23 3 5 6 |9 21 12 7 1 3 6 7 3 1 3 3 6 5 3 3 |1 13 18 9 18 1 11 23 1 11 13 17 1 3 1 1 |1 7 9 15 6 1 1 4 3 12 2 3 1 1 3 1 |2 13 11 20 1 11 1 13 11 3 1 3 2 6 1 2 |1 5 24 5 1 1 1 10 1 1 1 14 1 1 1 1 |1 1 2 1 1 3 7 13 8 2 4 2 1 1 4 2 |1 1 12 1 1 1 1 1 2 2 1 5 1 10 1 1 |1 1 2 1 1 1 2 7 2 2 16 1 6 12 15 1 |1 6 7 2 15 14 2 7 1 17 19 1 1 1 6 14 |8 8 1 5 1 1 1 7 5 1 10 2 2 5 17 17 |
11592: 1 2 4 1 1 1 9 2 6 1 1 2 6 1 3 4 |2 4 1 1 1 1 1 1 1 1 3 12 23 3 5 6 |9 21 12 7 1 3 6 7 3 1 3 3 6 5 3 3 |1 13 18 9 18 1 11 23 1 11 13 17 1 3 1 1 |1 7 9 15 6 1 1 4 3 12 2 3 1 1 3 1 |2 13 11 20 1 11 1 13 11 3 1 3 2 6 1 2 |1 5 24 5 1 1 1 10 1 1 1 14 1 1 1 1 |1 8 1 1 1 1 7 14 8 1 5 1 1 1 2 1 |1 1 5 1 5 1 15 13 11 1 1 6 2 11 1 3 |1 1 1 2 11 6 1 8 1 1 2 2 1 4 3 1 |1 1 2 1 15 13 2 7 1 3 7 1 1 1 1 14 |16 1 1 6 1 6 1 2 5 1 9 3 2 5 17 9 |
11603: 1 2 4 1 1 1 9 2 6 1 1 2 6 1 3 4 |2 4 1 1 1 1 1 1 1 1 3 12 23 3 5 6 |9 21 12 7 1 3 6 7 3 1 3 3 6 5 3 3 |1 13 18 9 18 1 11 23 1 11 13 17 1 3 1 1 |1 7 9 15 6 1 1 4 3 12 2 3 1 1 3 1 |2 13 11 20 1 11 1 13 11 3 1 3 2 6 1 2 |1 5 24 5 1 1 1 10 1 1 1 14 1 1 1 1 |1 8 1 1 1 1 7 14 8 1 5 1 1 1 2 1 |1 1 5 1 5 1 15 13 11 1 1 6 2 11 1 3 |1 1 1 2 11 6 1 8 1 1 2 2 1 4 3 1 |1 1 2 1 15 13 2 7 1 3 7 1 1 1 1 14 |16 1 1 6 1 6 1 2 5 1 9 3 2 5 17 9 |
11614: 2 8 1 1 1 1 10 3 3 1 1 1 6 1 16 9 |1 6 1 1 1 1 1 2 5 1 3 13 23 1 1 4 |9 16 17 6 11 16 16 8 2 5 1 5 6 4 1 1 |1 7 18 9 20 7 10 23 1 7 11 11 1 4 1 2 |1 8 8 3 18 8 11 2 9 15 16 3 1 4 1 2 |2 17 1 20 11 17 8 13 9 1 1 1 1 7 2 1 |1 1 12 1 1 1 11 1 1 1 14 16 15 1 1 1 |1 1 1 1 1 3 1 13 13 4 5 3 1 1 3 1 |1 1 5 1 5 1 15 13 11 1 1 6 2 11 1 3 |1 1 1 2 11 6 1 8 1 1 2 2 1 4 3 1 |1 1 2 1 15 13 2 7 1 3 7 1 1 1 1 14 |16 1 1 6 1 6 1 2 5 1 9 3 2 5 17 9 |
11625: 2 8 1 1 1 1 10 3 3 1 1 1 6 1 16 9 |1 6 1 1 1 1 1 2 5 1 3 13 23 1 1 4 |9 16 17 6 11 16 16 8 2 5 1 5 6 4 1 1 |1 7 18 9 20 7 10 23 1 7 11 11 1 4 1 2 |1 8 8 3 18 8 11 2 9 15 16 3 1 4 1 2 |2 17 1 20 11 17 8 13 9 1 1 1 1 7 2 1 |1 1 12 1 1 1 11 1 1 1 14 16 15 1 1 1 |1 1 1 1 1 3 1 13 13 4 5 3 1 1 3 1 |2 2 6 1 3 1 15 13 16 1 1 6 2 11 1 2 |1 2 3 2 11 5 1 6 2 1 14 1 5 12 3 1 |1 2 6 2 2 15 1 7 4 16 8 1 1 1 1 16 |8 1 1 6 1 8 7 3 1 1 9 1 2 5 4 17 |
11636: 2 8 1 1 1 1 10 3 3 1 1 1 6 1 16 9 |1 6 1 1 1 1 1 2 5 1 3 13 23 1 1 4 |9 16 17 6 11 16 16 8 2 5 1 5 6 4 1 1 |1 7 18 9 20 7 10 23 1 7 11 11 1 4 1 2 |1 8 8 3 18 8 11 2 9 15 16 3 1 4 1 2 |2 17 1 20 11 17 8 13 9 1 1 1 1 7 2 1 |1 1 12 1 1 1 11 1 1 1 14 16 15 1 1 1 |1 1 1 1 1 3 1 13 13 4 5 3 1 1 3 1 |2 2 6 1 3 1 15 13 16 1 1 6 2 11 1 2 |1 2 3 2 11 5 1 6 2 1 14 1 5 12 3 1 |1 2 6 2 2 15 1 7 4 16 8 1 1 1 1 16 |8 1 1 6 1 8 7 3 1 1 9 1 2 5 4 17 |
11647: 1 11 1 1 1 9 10 3 6 1 1 1 5 1 4 3 |2 3 1 1 1 1 1 3 6 1 4 13 23 1 1 1 |10 21 22 22 20 17 18 1 7 1 1 1 8 7 1 3 |1 12 24 20 43 35 9 18 1 7 10 14 1 1 1 2 |1 1 13 25 53 42 15 1 9 17 3 5 2 9 1 1 |1 18 7 22 32 30 5 14 11 1 2 3 1 8 2 1 |1 1 12 1 1 1 11 1 1 1 14 16 15 1 1 1 |1 1 1 1 1 3 1 13 13 4 5 3 1 1 3 1 |2 2 6 1 3 1 15 13 16 1 1 6 2 11 1 2 |1 2 3 2 11 5 1 6 2 1 14 1 5 12 3 1 |1 2 6 2 2 15 1 7 4 16 8 1 1 1 1 16 |8 1 1 6 1 8 7 3 1 1 9 1 2 5 4 17 |
11658: 1 11 1 1 1 9 10 3 6 1 1 1 5 1 4 3 |2 3 1 1 1 1 1 3 6 1 4 13 23 1 1 1 |10 21 22 22 20 17 18 1 7 1 1 1 8 7 1 3 |1 12 24 20 43 35 9 18 1 7 10 14 1 1 1 2 |1 1 13 25 53 42 15 1 9 17 3 5 2 9 1 1 |1 18 7 22 32 30 5 14 11 1 2 3 1 8 2 1 |7 5 22 6 5 8 9 1 1 1 13 16 10 1 1 1 |1 13 1 1 13 1 7 13 8 1 1 1 1 1 2 1 |2 2 6 2 9 1 16 1 11 1 1 6 1 11 1 1 |1 2 4 1 9 1 1 6 2 1 14 1 6 12 15 1 |1 7 2 7 16 15 1 6 3 16 7 1 1 1 8 14 |1 7 2 7 1 8 7 3 5 2 9 1 1 1 18 10 |
11669: 1 11 1 1 1 9 10 3 6 1 1 1 5 1 4 3 |2 3 1 1 1 1 1 3 6 1 4 13 23 1 1 1 |10 21 22 22 20 17 18 1 7 1 1 1 8 7 1 3 |1 12 24 20 43 35 9 18 1 7 10 14 1 1 1 2 |1 1 13 25 53 42 15 1 9 17 3 5 2 9 1 1 |1 18 7 22 32 30 5 14 11 1 2 3 1 8 2 1 |7 5 22 6 5 8 9 1 1 1 13 16 10 1 1 1 |1 13 1 1 13 1 7 13 8 1 1 1 1 1 2 1 |2 2 6 2 9 1 16 1 11 1 1 6 1 11 1 1 |1 2 4 1 9 1 1 6 2 1 14 1 6 12 15 1 |1 7 2 7 16 15 1 6 3 16 7 1 1 1 8 14 |1 7 2 7 1 8 7 3 5 2 9 1 1 1 18 10 |
11680: 2 3 1 8 1 1 1 1 7 1 1 1 6 2 11 8 |9 6 1 5 1 1 1 2 5 2 4 14 25 1 1 6 |13 16 18 11 29 32 24 7 8 1 1 1 8 6 1 5 |5 14 23 94 264 160 11 32 5 14 16 20 5 10 9 7 |4 23 19 67 255 272 91 11 6 8 9 9 15 10 1 11 |1 12 11 25 92 146 10 3 11 1 1 3 4 1 3 1 |7 5 22 6 5 8 9 1 1 1 13 16 10 1 1 1 |1 13 1 1 13 1 7 13 8 1 1 1 1 1 2 1 |2 2 6 2 9 1 16 1 11 1 1 6 1 11 1 1 |1 2 4 1 9 1 1 6 2 1 14 1 6 12 15 1 |1 7 2 7 16 15 1 6 3 16 7 1 1 1 8 14 |1 7 2 7 1 8 7 3 5 2 9 1 1 1 18 10 |
11691: 2 3 1 8 1 1 1 1 7 1 1 1 6 2 11 8 |9 6 1 5 1 1 1 2 5 2 4 14 25 1 1 6 |13 16 18 11 29 32 24 7 8 1 1 1 8 6 1 5 |5 14 23 94 264 160 11 32 5 14 16 20 5 10 9 7 |4 23 19 67 255 272 91 11 6 8 9 9 15 10 1 11 |1 12 11 25 92 146 10 3 11 1 1 3 4 1 3 1 |6 5 11 18 12 2 3 11 1 1 1 14 6 1 1 5 |1 1 1 1 5 1 8 12 8 1 4 2 1 1 2 2 |1 9 7 1 14 1 15 14 13 1 1 6 2 11 1 11 |1 2 2 8 19 6 1 6 1 1 15 1 6 12 15 1 |1 6 1 24 10 17 1 7 1 2 8 1 1 1 6 14 |5 1 1 7 1 8 7 2 5 2 9 5 1 5 17 14 |
11702: 2 3 1 8 1 1 1 1 7 1 1 1 6 2 11 8 |9 6 1 5 1 1 1 2 5 2 4 14 25 1 1 6 |13 16 18 11 29 32 24 7 8 1 1 1 8 6 1 5 |5 14 23 94 264 160 11 32 5 14 16 20 5 10 9 7 |4 23 19 67 255 272 91 11 6 8 9 9 15 10 1 11 |1 12 11 25 92 146 10 3 11 1 1 3 4 1 3 1 |6 5 11 18 12 2 3 11 1 1 1 14 6 1 1 5 |1 1 1 1 5 1 8 12 8 1 4 2 1 1 2 2 |1 9 7 1 14 1 15 14 13 1 1 6 2 11 1 11 |1 2 2 8 19 6 1 6 1 1 15 1 6 12 15 1 |1 6 1 24 10 17 1 7 1 2 8 1 1 1 6 14 |5 1 1 7 1 8 7 2 5 2 9 5 1 5 17 14 |
11713: 1 1 1 10 10 7 1 4 7 2 1 3 7 1 18 8 |9 6 9 8 17 10 9 4 6 1 3 14 24 1 1 6 |12 16 17 20 63 23 24 9 8 1 3 1 1 1 1 5 |1 20 49 153 288 183 24 34 8 8 13 19 6 11 4 10 |4 23 19 67 255 272 91 11 6 8 9 9 15 10 1 11 |1 12 11 25 92 146 10 3 11 1 1 3 4 1 3 1 |6 5 11 18 12 2 3 11 1 1 1 14 6 1 1 5 |1 1 1 1 5 1 8 12 8 1 4 2 1 1 2 2 |1 9 7 1 14 1 15 14 13 1 1 6 2 11 1 11 |1 2 2 8 19 6 1 6 1 1 15 1 6 12 15 1 |1 6 1 24 10 17 1 7 1 2 8 1 1 1 6 14 |5 1 1 7 1 8 7 2 5 2 9 5 1 5 17 14 |
11724: 1 1 1 10 10 7 1 4 7 2 1 3 7 1 18 8 |9 6 9 8 17 10 9 4 6 1 3 14 24 1 1 6 |12 16 17 20 63 23 24 9 8 1 3 1 1 1 1 5 |1 20 49 153 288 183 24 34 8 8 13 19 6 11 4 10 |7 24 26 99 268 267 116 11 1 4 10 1 16 12 3 21 |1 8 1 35 116 158 24 12 9 1 2 1 8 1 4 1 |11 12 11 19 13 2 1 11 1 1 13 17 9 1 1 1 |1 12 1 1 12 3 9 12 6 1 4 2 1 1 3 1 |1 1 7 1 14 1 15 13 12 1 1 6 3 11 1 2 |1 2 4 8 19 13 1 1 3 3 15 1 6 12 3 1 |1 7 6 9 9 7 2 7 1 3 7 1 1 1 1 16 |9 1 2 22 5 3 1 3 4 2 8 1 2 5 17 10 |
11735: 1 1 1 10 10 7 1 4 7 2 1 3 7 1 18 8 |9 6 9 8 17 10 9 4 6 1 3 14 24 1 1 6 |12 16 17 20 63 23 24 9 8 1 3 1 1 1 1 5 |1 20 49 153 288 183 24 34 8 8 13 19 6 11 4 10 |7 24 26 99 268 267 116 11 1 4 10 1 16 12 3 21 |1 8 1 35 116 158 24 12 9 1 2 1 8 1 4 1 |11 12 11 19 13 2 1 11 1 1 13 17 9 1 1 1 |1 12 1 1 12 3 9 12 6 1 4 2 1 1 3 1 |1 1 7 1 14 1 15 13 12 1 1 6 3 11 1 2 |1 2 4 8 19 13 1 1 3 3 15 1 6 12 3 1 |1 7 6 9 9 7 2 7 1 3 7 1 1 1 1 16 |9 1 2 22 5 3 1 3 4 2 8 1 2 5 17 10 |
11746: 1 12 1 9 10 8 1 3 8 3 1 2 7 5 23 16 |9 15 9 20 19 10 8 3 6 1 4 15 24 1 1 13 |12 16 17 20 63 23 24 9 8 1 3 1 1 1 1 5 |1 20 49 153 288 183 24 34 8 8 13 19 6 11 4 10 |7 24 26 99 268 267 116 11 1 4 10 1 16 12 3 21 |1 8 1 35 116 158 24 12 9 1 2 1 8 1 4 1 |11 12 11 19 13 2 1 11 1 1 13 17 9 1 1 1 |1 12 1 1 12 3 9 12 6 1 4 2 1 1 3 1 |1 1 7 1 14 1 15 13 12 1 1 6 3 11 1 2 |1 2 4 8 19 13 1 1 3 3 15 1 6 12 3 1 |1 7 6 9 9 7 2 7 1 3 7 1 1 1 1 16 |9 1 2 22 5 3 1 3 4 2 8 1 2 5 17 10 |
11757: 1 12 1 9 10 8 1 3 8 3 1 2 7 5 23 16 |9 15 9 20 19 10 8 3 6 1 4 15 24 1 1 13 |13 19 32 53 91 41 21 1 10 1 1 1 8 6 1 3 |1 13 32 205 286 220 25 24 7 19 5 5 1 15 4 1 |5 14 27 93 270 266 137 10 1 20 13 9 16 11 3 21 |1 9 11 23 102 157 25 11 12 1 1 1 8 1 1 1 |1 4 25 18 9 2 12 1 2 1 12 17 10 1 1 1 |1 1 2 1 14 4 9 13 16 1 4 3 5 1 4 6 |2 8 6 1 14 1 15 13 13 1 1 6 1 5 1 10 |1 1 3 8 18 13 1 10 2 2 2 1 6 12 15 1 |1 7 6 23 6 7 2 7 1 17 7 1 1 1 9 15 |8 1 2 22 6 9 7 7 4 2 9 2 2 5 18 15 |
11768: 1 12 1 9 10 8 1 3 8 3 1 2 7 5 23 16 |9 15 9 20 19 10 8 3 6 1 4 15 24 1 1 13 |13 19 32 53 91 41 21 1 10 1 1 1 8 6 1 3 |1 13 32 205 286 220 25 24 7 19 5 5 1 15 4 1 |5 14 27 93 270 266 137 10 1 20 13 9 16 11 3 21 |1 9 11 23 102 157 25 11 12 1 1 1 8 1 1 1 |1 4 25 18 9 2 12 1 2 1 12 17 10 1 1 1 |1 1 2 1 14 4 9 13 16 1 4 3 5 1 4 6 |2 8 6 1 14 1 15 13 13 1 1 6 1 5 1 10 |1 1 3 8 18 13 1 10 2 2 2 1 6 12 15 1 |1 7 6 23 6 7 2 7 1 17 7 1 1 1 9 15 |8 1 2 22 6 9 7 7 4 2 9 2 2 5 18 15 |
11779: 1 12 1 9 10 8 1 3 8 3 1 2 7 5 23 16 |9 15 9 20 19 10 8 3 6 1 4 15 24 1 1 13 |13 19 32 53 91 41 21 1 10 1 1 1 8 6 1 3 |1 13 32 205 286 220 25 24 7 19 5 5 1 15 4 1 |5 14 27 93 270 266 137 10 1 20 13 9 16 11 3 21 |1 9 11 23 102 157 25 11 12 1 1 1 8 1 1 1 |1 4 25 18 9 2 12 1 2 1 12 17 10 1 1 1 |1 1 2 1 14 4 9 13 16 1 4 3 5 1 4 6 |2 8 6 1 14 1 15 13 13 1 1 6 1 5 1 10 |1 1 3 8 18 13 1 10 2 2 2 1 6 12 15 1 |1 7 6 23 6 7 2 7 1 17 7 1 1 1 9 15 |8 1 2 22 6 9 7 7 4 2 9 2 2 5 18 15 |
11790: 1 3 1 11 10 11 1 4 7 1 1 2 6 1 5 8 |9 16 8 23 17 2 15 8 6 1 3 14 19 1 1 13 |12 19 33 58 93 41 24 9 9 4 1 1 9 1 1 5 |1 20 41 233 287 205 22 28 8 5 9 21 1 4 11 11 |6 22 19 103 268 268 121 12 14 20 16 7 15 17 4 23 |2 12 5 14 120 153 25 13 12 1 3 1 8 1 1 1 |7 5 12 19 12 2 9 1 1 1 1 14 10 1 1 1 |1 2 2 1 2 1 9 12 16 1 4 3 1 1 4 2 |2 1 7 1 4 4 16 13 16 1 1 6 2 12 1 1 |1 2 4 9 20 13 8 8 1 2 3 1 5 11 2 1 |1 7 6 23 6 7 2 7 1 17 7 1 1 1 9 15 |8 1 2 22 6 9 7 7 4 2 9 2 2 5 18 15 |
11801: 1 3 1 11 10 11 1 4 7 1 1 2 6 1 5 8 |9 16 8 23 17 2 15 8 6 1 3 14 19 1 1 13 |12 19 33 58 93 41 24 9 9 4 1 1 9 1 1 5 |1 20 41 233 287 205 22 28 8 5 9 21 1 4 11 11 |6 22 19 103 268 268 121 12 14 20 16 7 15 17 4 23 |2 12 5 14 120 153 25 13 12 1 3 1 8 1 1 1 |7 5 12 19 12 2 9 1 1 1 1 14 10 1 1 1 |1 2 2 1 2 1 9 12 16 1 4 3 1 1 4 2 |2 1 7 1 4 4 16 13 16 1 1 6 2 12 1 1 |1 2 4 9 20 13 8 8 1 2 3 1 5 11 2 1 |1 7 2 15 12 7 2 7 1 18 7 1 1 1 1 17 |16 5 1 22 1 8 7 3 5 1 9 2 3 5 18 15 |
11812: 1 3 1 11 10 11 1 4 7 1 1 2 6 1 5 8 |9 16 8 23 17 2 15 8 6 1 3 14 19 1 1 13 |12 19 33 58 93 41 24 9 9 4 1 1 9 1 1 5 |1 20 41 233 287 205 22 28 8 5 9 21 1 4 11 11 |6 22 19 103 268 268 121 12 14 20 16 7 15 17 4 23 |2 12 5 14 120 153 25 13 12 1 3 1 8 1 1 1 |7 5 12 19 12 2 9 1 1 1 1 14 10 1 1 1 |1 2 2 1 2 1 9 12 16 1 4 3 1 1 4 2 |2 1 7 1 4 4 16 13 16 1 1 6 2 12 1 1 |1 2 4 9 20 13 8 8 1 2 3 1 5 11 2 1 |1 7 2 15 12 7 2 7 1 18 7 1 1 1 1 17 |16 5 1 22 1 8 7 3 5 1 9 2 3 5 18 15 |
11823: 1 9 1 12 4 1 1 3 8 2 1 2 6 1 16 10 |9 15 11 15 18 4 15 7 1 2 4 12 19 1 1 5 |13 16 28 51 88 39 24 1 10 1 6 1 9 4 1 5 |7 22 51 229 280 194 31 31 3 13 7 20 2 1 7 4 |6 23 20 105 261 273 128 7 1 19 13 1 16 7 3 10 |1 4 6 32 117 154 18 9 1 7 3 1 8 1 1 1 |7 5 11 19 18 10 10 1 2 1 1 15 15 1 1 4 |2 1 1 1 3 1 9 12 17 1 5 2 5 1 4 2 |2 1 7 1 4 4 16 13 16 1 1 6 2 12 1 1 |1 2 4 9 20 13 8 8 1 2 3 1 5 11 2 1 |1 7 2 15 12 7 2 7 1 18 7 1 1 1 1 17 |16 5 1 22 1 8 7 3 5 1 9 2 3 5 18 15 |
11834: 1 9 1 12 4 1 1 3 8 2 1 2 6 1 16 10 |9 15 11 15 18 4 15 7 1 2 4 12 19 1 1 5 |13 16 28 51 88 39 24 1 10 1 6 1 9 4 1 5 |7 22 51 229 280 194 31 31 3 13 7 20 2 1 7 4 |6 23 20 105 261 273 128 7 1 19 13 1 16 7 3 10 |1 4 6 32 117 154 18 9 1 7 3 1 8 1 1 1 |7 5 11 19 18 10 10 1 2 1 1 15 15 1 1 4 |2 1 1 1 3 1 9 12 17 1 5 2 5 1 4 2 |1 1 5 1 5 3 16 7 17 1 1 6 1 13 1 4 |1 2 2 9 18 13 1 8 1 2 7 1 5 11 3 1 |1 7 6 6 7 7 3 7 1 17 7 1 1 1 8 9 |9 8 2 22 5 1 1 3 5 2 9 1 2 5 18 9 |
11844: 1 9 1 12 4 1 1 3 8 2 1 2 6 1 16 10 |9 15 11 15 18 4 15 7 1 2 4 12 19 1 1 5 |13 16 28 51 88 39 24 1 10 1 6 1 9 4 1 5 |7 22 51 229 280 194 31 31 3 13 7 20 2 1 7 4 |6 23 20 105 261 273 128 7 1 19 13 1 16 7 3 10 |1 4 6 32 117 154 18 9 1 7 3 1 8 1 1 1 |7 5 11 19 18 10 10 1 2 1 1 15 15 1 1 4 |2 1 1 1 3 1 9 12 17 1 5 2 5 1 4 2 |1 1 5 1 5 3 16 7 17 1 1 6 1 13 1 4 |1 2 2 9 18 13 1 8 1 2 7 1 5 11 3 1 |1 7 6 6 7 7 3 7 1 17 7 1 1 1 8 9 |9 8 2 22 5 1 1 3 5 2 9 1 2 5 18 9 |
11855: 1 1 9 11 10 11 1 3 7 1 1 1 13 1 3 9 |8 6 11 14 15 11 16 8 5 3 3 12 24 1 1 2 |13 16 29 39 88 33 24 1 8 1 1 1 9 1 1 6 |4 23 42 192 291 202 31 32 8 8 18 14 1 9 12 9 |5 18 26 95 264 271 129 2 15 12 13 8 13 5 1 22 |2 18 12 37 126 154 35 10 12 1 3 1 9 1 1 1 |7 5 11 19 18 10 10 1 2 1 1 15 15 1 1 4 |2 1 1 1 3 1 9 12 17 1 5 2 5 1 4 2 |1 1 5 1 5 3 16 7 17 1 1 6 1 13 1 4 |1 2 2 9 18 13 1 8 1 2 7 1 5 11 3 1 |1 7 6 6 7 7 3 7 1 17 7 1 1 1 8 9 |9 8 2 22 5 1 1 3 5 2 9 1 2 5 18 9 |
11866: 1 1 9 11 10 11 1 3 7 1 1 1 13 1 3 9 |8 6 11 14 15 11 16 8 5 3 3 12 24 1 1 2 |13 16 29 39 88 33 24 1 8 1 1 1 9 1 1 6 |4 23 42 192 291 202 31 32 8 8 18 14 1 9 12 9 |5 18 26 95 264 271 129 2 15 12 13 8 13 5 1 22 |2 18 12 37 126 154 35 10 12 1 3 1 9 1 1 1 |7 5 11 18 13 3 1 11 1 1 7 2 2 1 1 1 |1 2 2 1 14 4 9 11 11 2 5 2 5 1 3 6 |2 2 11 1 1 4 16 14 11 1 1 6 2 2 1 11 |1 1 3 8 19 13 1 7 2 2 14 1 5 12 15 1 |2 7 6 7 15 10 3 8 1 2 7 1 1 1 7 10 |8 1 2 7 1 8 8 2 5 1 9 1 3 5 17 15 |
11877: 1 1 9 11 10 11 1 3 7 1 1 1 13 1 3 9 |8 6 11 14 15 11 16 8 5 3 3 12 24 1 1 2 |13 16 29 39 88 33 24 1 8 1 1 1 9 1 1 6 |4 23 42 192 291 202 31 32 8 8 18 14 1 9 12 9 |5 18 26 95 264 271 129 2 15 12 13 8 13 5 1 22 |2 18 12 37 126 154 35 10 12 1 3 1 9 1 1 1 |7 5 11 18 13 3 1 11 1 1 7 2 2 1 1 1 |1 2 2 1 14 4 9 11 11 2 5 2 5 1 3 6 |2 2 11 1 1 4 16 14 11 1 1 6 2 2 1 11 |1 1 3 8 19 13 1 7 2 2 14 1 5 12 15 1 |2 7 6 7 15 10 3 8 1 2 7 1 1 1 7 10 |8 1 2 7 1 8 8 2 5 1 9 1 3 5 17 15 |
11888: 1 2 1 8 1 1 1 3 7 1 1 2 6 1 4 8 |9 6 9 8 12 1 1 11 6 1 2 15 23 1 1 5 |11 15 23 16 39 38 16 8 5 1 1 4 7 6 1 4 |5 23 29 102 269 199 30 33 6 14 18 19 6 6 7 8 |6 17 11 81 247 262 140 3 1 20 17 9 16 17 4 7 |1 22 13 31 96 162 26 7 1 7 3 1 1 1 4 1 |1 5 10 5 12 2 6 1 2 1 1 13 1 1 1 1 |1 2 2 1 14 4 9 11 11 2 5 2 5 1 3 6 |2 2 11 1 1 4 16 14 11 1 1 6 2 2 1 11 |1 1 3 8 19 13 1 7 2 2 14 1 5 12 15 1 |2 7 6 7 15 10 3 8 1 2 7 1 1 1 7 10 |8 1 2 7 1 8 8 2 5 1 9 1 3 5 17 15 |
11899: 1 2 1 8 1 1 1 3 7 1 1 2 6 1 4 8 |9 6 9 8 12 1 1 11 6 1 2 15 23 1 1 5 |11 15 23 16 39 38 16 8 5 1 1 4 7 6 1 4 |5 23 29 102 269 199 30 33 6 14 18 19 6 6 7 8 |6 17 11 81 247 262 140 3 1 20 17 9 16 17 4 7 |1 22 13 31 96 162 26 7 1 7 3 1 1 1 4 1 |1 5 10 5 12 2 6 1 2 1 1 13 1 1 1 1 |1 1 2 1 6 1 10 12 8 1 5 2 1 1 3 2 |1 1 4 2 12 1 15 13 11 1 1 6 1 13 1 3 |1 1 2 3 18 13 9 8 1 1 7 1 5 12 3 1 |1 7 2 5 3 17 1 6 2 8 8 1 1 1 8 9 |17 5 1 6 1 9 7 3 5 1 9 2 2 5 18 10 |
11910: 1 2 1 8 1 1 1 3 7 1 1 2 6 1 4 8 |9 6 9 8 12 1 1 11 6 1 2 15 23 1 1 5 |11 15 23 16 39 38 16 8 5 1 1 4 7 6 1 4 |5 23 29 102 269 199 30 33 6 14 18 19 6 6 7 8 |6 17 11 81 247 262 140 3 1 20 17 9 16 17 4 7 |1 22 13 31 96 162 26 7 1 7 3 1 1 1 4 1 |1 5 10 5 12 2 6 1 2 1 1 13 1 1 1 1 |1 1 2 1 6 1 10 12 8 1 5 2 1 1 3 2 |1 1 4 2 12 1 15 13 11 1 1 6 1 13 1 3 |1 1 2 3 18 13 9 8 1 1 7 1 5 12 3 1 |1 7 2 5 3 17 1 6 2 8 8 1 1 1 8 9 |17 5 1 6 1 9 7 3 5 1 9 2 2 5 18 10 |
11921: 1 1 1 1 1 1 1 2 6 1 1 2 5 2 3 8 |8 7 1 4 8 3 16 8 1 1 3 14 20 1 1 13 |11 19 23 10 22 20 24 1 10 2 1 4 8 5 1 3 |4 14 17 37 185 159 30 31 6 13 13 18 7 7 1 1 |4 18 17 47 178 279 141 8 1 18 12 1 15 7 1 6 |1 12 11 29 64 157 39 3 11 1 1 1 1 8 4 1 |1 5 10 5 12 2 6 1 2 1 1 13 1 1 1 1 |1 1 2 1 6 1 10 12 8 1 5 2 1 1 3 2 |1 1 4 2 12 1 15 13 11 1 1 6 1 13 1 3 |1 1 2 3 18 13 9 8 1 1 7 1 5 12 3 1 |1 7 2 5 3 17 1 6 2 8 8 1 1 1 8 9 |17 5 1 6 1 9 7 3 5 1 9 2 2 5 18 10 |
11932: 1 1 1 1 1 1 1 2 6 1 1 2 5 2 3 8 |8 7 1 4 8 3 16 8 1 1 3 14 20 1 1 13 |11 19 23 10 22 20 24 1 10 2 1 4 8 5 1 3 |4 14 17 37 185 159 30 31 6 13 13 18 7 7 1 1 |4 18 17 47 178 279 141 8 1 18 12 1 15 7 1 6 |1 12 11 29 64 157 39 3 11 1 1 1 1 8 4 1 |6 5 22 10 14 10 1 10 1 1 1 13 2 1 1 1 |1 12 2 2 13 2 9 13 11 1 4 1 1 1 3 6 |1 1 7 2 4 2 16 7 5 1 1 6 2 2 1 3 |1 2 1 4 12 3 1 7 2 1 14 1 6 12 15 1 |1 7 7 3 15 14 1 6 3 8 7 1 1 1 1 16 |14 4 1 5 1 8 6 3 5 2 9 1 2 5 17 18 |
11943: 1 1 1 1 1 1 1 2 6 1 1 2 5 2 3 8 |8 7 1 4 8 3 16 8 1 1 3 14 20 1 1 13 |11 19 23 10 22 20 24 1 10 2 1 4 8 5 1 3 |4 14 17 37 185 159 30 31 6 13 13 18 7 7 1 1 |4 18 17 47 178 279 141 8 1 18 12 1 15 7 1 6 |1 12 11 29 64 157 39 3 11 1 1 1 1 8 4 1 |6 5 22 10 14 10 1 10 1 1 1 13 2 1 1 1 |1 12 2 2 13 2 9 13 11 1 4 1 1 1 3 6 |1 1 7 2 4 2 16 7 5 1 1 6 2 2 1 3 |1 2 1 4 12 3 1 7 2 1 14 1 6 12 15 1 |1 7 7 3 15 14 1 6 3 8 7 1 1 1 1 16 |14 4 1 5 1 8 6 3 5 2 9 1 2 5 17 18 |
11954: 2 2 1 1 1 1 1 1 1 2 1 1 1 1 3 5 |8 3 1 1 1 1 1 2 1 1 3 11 23 1 1 5 |11 12 5 8 6 5 14 9 3 6 1 5 1 4 1 1 |1 12 10 10 26 26 11 25 4 1 12 16 6 1 1 1 |1 7 9 3 23 12 12 1 9 17 9 1 1 1 1 1 |1 5 1 21 19 27 18 22 9 1 1 2 1 8 2 1 |6 5 22 10 14 10 1 10 1 1 1 13 2 1 1 1 |1 12 2 2 13 2 9 13 11 1 4 1 1 1 3 6 |1 1 7 2 4 2 16 7 5 1 1 6 2 2 1 3 |1 2 1 4 12 3 1 7 2 1 14 1 6 12 15 1 |1 7 7 3 15 14 1 6 3 8 7 1 1 1 1 16 |14 4 1 5 1 8 6 3 5 2 9 1 2 5 17 18 |
11965: 2 2 1 1 1 1 1 1 1 2 1 1 1 1 3 5 |8 3 1 1 1 1 1 2 1 1 3 11 23 1 1 5 |11 12 5 8 6 5 14 9 3 6 1 5 1 4 1 1 |1 12 10 10 26 26 11 25 4 1 12 16 6 1 1 1 |1 7 9 3 23 12 12 1 9 17 9 1 1 1 1 1 |1 5 1 21 19 27 18 22 9 1 1 2 1 8 2 1 |7 5 22 9 2 8 4 11 2 1 14 16 8 1 1 1 |1 1 1 1 1 1 9 12 8 2 4 3 1 1 2 1 |1 2 7 2 1 1 15 7 4 1 1 6 1 10 1 2 |1 1 2 1 1 1 1 7 2 1 15 1 6 11 3 1 |1 7 1 2 3 2 2 8 1 2 8 1 1 1 8 14 |8 1 1 7 1 8 2 4 13 2 3 5 2 4 17 16 |
11976: 2 2 1 1 1 1 1 1 1 2 1 1 1 1 3 5 |8 3 1 1 1 1 1 2 1 1 3 11 23 1 1 5 |11 12 5 8 6 5 14 9 3 6 1 5 1 4 1 1 |1 12 10 10 26 26 11 25 4 1 12 16 6 1 1 1 |1 7 9 3 23 12 12 1 9 17 9 1 1 1 1 1 |1 5 1 21 19 27 18 22 9 1 1 2 1 8 2 1 |7 5 22 9 2 8 4 11 2 1 14 16 8 1 1 1 |1 1 1 1 1 1 9 12 8 2 4 3 1 1 2 1 |1 2 7 2 1 1 15 7 4 1 1 6 1 10 1 2 |1 1 2 1 1 1 1 7 2 1 15 1 6 11 3 1 |1 7 1 2 3 2 2 8 1 2 8 1 1 1 8 14 |8 1 1 7 1 8 2 4 13 2 3 5 2 4 17 16 |
11987: 1 1 4 1 1 1 10 3 6 1 1 2 6 1 16 8 |8 1 1 1 1 1 16 9 5 1 1 14 10 1 3 11 |7 15 17 6 1 16 21 10 1 1 3 1 1 5 1 3 |1 7 6 1 18 10 14 24 1 5 9 8 1 2 1 2 |1 1 8 3 18 6 21 1 10 16 3 4 1 1 1 1 |2 17 1 22 17 22 13 18 3 1 1 3 2 8 2 2 |7 5 22 9 2 8 4 11 2 1 14 16 8 1 1 1 |1 1 1 1 1 1 9 12 8 2 4 3 1 1 2 1 |1 2 7 2 1 1 15 7 4 1 1 6 1 10 1 2 |1 1 2 1 1 1 1 7 2 1 15 1 6 11 3 1 |1 7 1 2 3 2 2 8 1 2 8 1 1 1 8 14 |8 1 1 7 1 8 2 4 13 2 3 5 2 4 17 16 |
11998: 1 1 4 1 1 1 10 3 6 1 1 2 6 1 16 8 |8 1 1 1 1 1 16 9 5 1 1 14 10 1 3 11 |7 15 17 6 1 16 21 10 1 1 3 1 1 5 1 3 |1 7 6 1 18 10 14 24 1 5 9 8 1 2 1 2 |1 1 8 3 18 6 21 1 10 16 3 4 1 1 1 1 |2 17 1 22 17 22 13 18 3 1 1 3 2 8 2 2 |6 5 24 11 1 9 6 11 1 1 15 9 2 1 1 1 |1 12 1 1 2 1 10 13 16 5 6 2 5 1 3 6 |3 2 6 2 1 1 16 1 17 1 1 6 1 12 1 3 |1 1 7 2 11 7 1 10 1 2 7 1 5 12 15 1 |2 7 6 6 1 14 1 6 2 16 19 1 1 1 1 14 |8 7 2 6 1 6 1 1 5 2 9 2 2 1 17 9 |
12009: 1 1 4 1 1 1 10 3 6 1 1 2 6 1 16 8 |8 1 1 1 1 1 16 9 5 1 1 14 10 1 3 11 |7 15 17 6 1 16 21 10 1 1 3 1 1 5 1 3 |1 7 6 1 18 10 14 24 1 5 9 8 1 2 1 2 |1 1 8 3 18 6 21 1 10 16 3 4 1 1 1 1 |2 17 1 22 17 22 13 18 3 1 1 3 2 8 2 2 |6 5 24 11 1 9 6 11 1 1 15 9 2 1 1 1 |1 12 1 1 2 1 10 13 16 5 6 2 5 1 3 6 |3 2 6 2 1 1 16 1 17 1 1 6 1 12 1 3 |1 1 7 2 11 7 1 10 1 2 7 1 5 12 15 1 |2 7 6 6 1 14 1 6 2 16 19 1 1 1 1 14 |8 7 2 6 1 6 1 1 5 2 9 2 2 1 17 9 |
12020: 1 10 1 1 1 2 10 1 1 1 1 2 5 1 2 4 |1 6 1 1 1 1 13 2 1 1 4 14 24 1 5 6 |8 13 1 7 4 13 15 9 8 1 1 5 5 4 1 4 |1 12 17 12 21 26 14 29 1 6 10 9 1 1 1 2 |1 14 9 8 18 15 28 9 9 17 10 4 5 1 3 7 |1 20 3 22 26 37 32 32 4 7 1 3 6 8 1 1 |6 5 5 17 9 2 6 12 1 1 15 16 9 1 1 1 |1 12 1 1 2 1 10 13 16 5 6 2 5 1 3 6 |3 2 6 2 1 1 16 1 17 1 1 6 1 12 1 3 |1 1 7 2 11 7 1 10 1 2 7 1 5 12 15 1 |2 7 6 6 1 14 1 6 2 16 19 1 1 1 1 14 |8 7 2 6 1 6 1 1 5 2 9 2 2 1 17 9 |
12031: 1 10 1 1 1 2 10 1 1 1 1 2 5 1 2 4 |1 6 1 1 1 1 13 2 1 1 4 14 24 1 5 6 |8 13 1 7 4 13 15 9 8 1 1 5 5 4 1 4 |1 12 17 12 21 26 14 29 1 6 10 9 1 1 1 2 |1 14 9 8 18 15 28 9 9 17 10 4 5 1 3 7 |1 20 3 22 26 37 32 32 4 7 1 3 6 8 1 1 |6 5 5 17 9 2 6 12 1 1 15 16 9 1 1 1 |5 7 1 1 2 1 1 16 17 4 19 3 5 1 3 5 |1 2 6 2 1 3 16 7 18 6 1 6 1 12 1 3 |1 1 4 2 12 7 1 7 1 4 16 1 6 11 1 1 |1 7 2 2 15 15 1 3 2 13 6 1 1 1 1 14 |8 1 1 6 1 8 7 7 5 2 9 3 2 5 18 11 |
12042: 1 10 1 1 1 2 10 1 1 1 1 2 5 1 2 4 |1 6 1 1 1 1 13 2 1 1 4 14 24 1 5 6 |8 13 1 7 4 13 15 9 8 1 1 5 5 4 1 4 |1 12 17 12 21 26 14 29 1 6 10 9 1 1 1 2 |1 14 9 8 18 15 28 9 9 17 10 4 5 1 3 7 |1 20 3 22 26 37 32 32 4 7 1 3 6 8 1 1 |6 5 5 17 9 2 6 12 1 1 15 16 9 1 1 1 |5 7 1 1 2 1 1 16 17 4 19 3 5 1 3 5 |1 2 6 2 1 3 16 7 18 6 1 6 1 12 1 3 |1 1 4 2 12 7 1 7 1 4 16 1 6 11 1 1 |1 7 2 2 15 15 1 3 2 13 6 1 1 1 1 14 |8 1 1 6 1 8 7 7 5 2 9 3 2 5 18 11 |
12053: 1 1 1 1 1 8 14 4 6 1 1 3 7 1 3 10 |9 5 1 2 11 7 15 8 5 1 3 13 24 1 1 5 |3 10 10 10 20 25 24 8 9 1 1 1 6 6 1 4 |1 14 24 12 63 61 28 33 1 12 11 15 1 1 1 1 |4 16 17 20 128 269 217 41 15 9 11 10 17 12 1 10 |1 20 3 22 26 37 32 32 4 7 1 3 6 8 1 1 |6 5 5 17 9 2 6 12 1 1 15 16 9 1 1 1 |5 7 1 1 2 1 1 16 17 4 19 3 5 1 3 5 |1 2 6 2 1 3 16 7 18 6 1 6 1 12 1 3 |1 1 4 2 12 7 1 7 1 4 16 1 6 11 1 1 |1 7 2 2 15 15 1 3 2 13 6 1 1 1 1 14 |8 1 1 6 1 8 7 7 5 2 9 3 2 5 18 11 |
12064: 1 1 1 1 1 8 14 4 6 1 1 3 7 1 3 10 |9 5 1 2 11 7 15 8 5 1 3 13 24 1 1 5 |3 10 10 10 20 25 24 8 9 1 1 1 6 6 1 4 |1 14 24 12 63 61 28 33 1 12 11 15 1 1 1 1 |4 16 17 20 128 269 217 41 15 9 11 10 17 12 1 10 |1 20 13 29 57 214 262 101 10 11 1 1 9 12 4 9 |7 5 11 4 15 45 56 17 1 1 16 10 2 1 1 1 |1 13 1 1 14 8 2 7 17 2 4 1 1 1 5 1 |1 8 7 2 6 4 13 6 17 2 1 1 2 12 1 3 |1 1 1 2 12 14 9 8 3 2 16 1 5 12 2 1 |1 1 7 9 16 11 1 6 2 16 8 1 1 1 1 3 |9 1 1 6 1 8 4 1 2 2 2 5 2 6 5 18 |
12075: 1 1 1 1 1 8 14 4 6 1 1 3 7 1 3 10 |9 5 1 2 11 7 15 8 5 1 3 13 24 1 1 5 |3 10 10 10 20 25 24 8 9 1 1 1 6 6 1 4 |1 14 24 12 63 61 28 33 1 12 11 15 1 1 1 1 |4 16 17 20 128 269 217 41 15 9 11 10 17 12 1 10 |1 20 13 29 57 214 262 101 10 11 1 1 9 12 4 9 |7 5 11 4 15 45 56 17 1 1 16 10 2 1 1 1 |1 13 1 1 14 8 2 7 17 2 4 1 1 1 5 1 |1 8 7 2 6 4 13 6 17 2 1 1 2 12 1 3 |1 1 1 2 12 14 9 8 3 2 16 1 5 12 2 1 |1 1 7 9 16 11 1 6 2 16 8 1 1 1 1 3 |9 1 1 6 1 8 4 1 2 2 2 5 2 6 5 18 |
12108: 1 1 1 8 1 4 3 1 1 4 1 1 12 4 16 8 |9 5 1 2 11 7 15 8 5 1 3 13 24 1 1 5 |3 10 10 10 20 25 24 8 9 1 1 1 6 6 1 4 |1 14 24 12 63 61 28 33 1 12 11 15 1 1 1 1 |4 16 17 20 128 269 217 41 15 9 11 10 17 12 1 10 |1 20 13 29 57 214 262 101 10 11 1 1 9 12 4 9 |7 5 11 4 15 45 56 17 1 1 16 10 2 1 1 1 |1 13 1 1 14 8 2 7 17 2 4 1 1 1 5 1 |1 8 7 2 6 4 13 6 17 2 1 1 2 12 1 3 |1 1 1 2 12 14 9 8 3 2 16 1 5 12 2 1 |1 1 7 9 16 11 1 6 2 16 8 1 1 1 1 3 |9 1 1 6 1 8 4 1 2 2 2 5 2 6 5 18 |
12119: 1 1 1 8 1 4 3 1 1 4 1 1 12 4 16 8 |9 6 1 1 10 2 8 14 7 2 3 14 18 1 1 5 |11 21 24 13 13 33 24 5 7 1 1 1 7 4 1 3 |3 14 15 26 128 165 48 32 1 14 15 16 7 1 6 10 |7 14 1 15 188 269 272 91 5 10 9 9 14 11 8 14 |5 19 11 27 54 222 261 148 5 4 1 6 12 10 1 1 |8 5 24 12 8 41 68 7 1 1 4 15 10 11 1 3 |1 1 1 1 13 8 2 3 18 4 11 2 5 1 2 1 |1 8 7 2 6 4 13 6 17 2 1 1 2 12 1 3 |1 1 1 2 12 14 9 8 3 2 16 1 5 12 2 1 |1 1 7 9 16 11 1 6 2 16 8 1 1 1 1 3 |9 1 1 6 1 8 4 1 2 2 2 5 2 6 5 18 |
12130: 1 1 1 8 1 4 3 1 1 4 1 1 12 4 16 8 |9 6 1 1 10 2 8 14 7 2 3 14 18 1 1 5 |11 21 24 13 13 33 24 5 7 1 1 1 7 4 1 3 |3 14 15 26 128 165 48 32 1 14 15 16 7 1 6 10 |7 14 1 15 188 269 272 91 5 10 9 9 14 11 8 14 |5 19 11 27 54 222 261 148 5 4 1 6 12 10 1 1 |8 5 24 12 8 41 68 7 1 1 4 15 10 11 1 3 |1 1 1 1 13 8 2 3 18 4 11 2 5 1 2 1 |1 1 7 2 9 1 5 5 17 2 1 1 1 12 2 8 |1 1 2 2 3 15 10 1 3 1 7 1 1 12 2 2 |1 7 2 2 16 11 1 1 2 17 5 1 10 2 1 3 |8 7 3 6 1 9 4 1 13 2 2 5 1 5 18 13 |
12141: 1 1 1 8 1 4 3 1 1 4 1 1 12 4 16 8 |9 6 1 1 10 2 8 14 7 2 3 14 18 1 1 5 |11 21 24 13 13 33 24 5 7 1 1 1 7 4 1 3 |3 14 15 26 128 165 48 32 1 14 15 16 7 1 6 10 |7 14 1 15 188 269 272 91 5 10 9 9 14 11 8 14 |5 19 11 27 54 222 261 148 5 4 1 6 12 10 1 1 |8 5 24 12 8 41 68 7 1 1 4 15 10 11 1 3 |1 1 1 1 13 8 2 3 18 4 11 2 5 1 2 1 |1 1 7 2 9 1 5 5 17 2 1 1 1 12 2 8 |1 1 2 2 3 15 10 1 3 1 7 1 1 12 2 2 |1 7 2 2 16 11 1 1 2 17 5 1 10 2 1 3 |8 7 3 6 1 9 4 1 13 2 2 5 1 5 18 13 |
12152: 1 1 1 1 1 4 3 1 7 1 1 1 1 2 22 8 |8 3 1 1 8 1 8 4 6 4 4 14 25 1 1 5 |11 12 23 9 9 32 25 10 9 1 1 1 1 5 1 5 |3 3 24 15 94 164 46 31 5 14 11 12 1 7 5 1 |1 19 12 30 167 259 253 93 19 23 14 1 15 12 8 22 |1 23 20 29 59 233 270 165 5 13 1 1 11 14 1 11 |8 5 11 4 1 37 83 17 1 1 16 10 2 1 1 1 |2 2 2 1 14 7 3 5 18 1 4 2 6 1 3 1 |1 1 7 2 9 1 5 5 17 2 1 1 1 12 2 8 |1 1 2 2 3 15 10 1 3 1 7 1 1 12 2 2 |1 7 2 2 16 11 1 1 2 17 5 1 10 2 1 3 |8 7 3 6 1 9 4 1 13 2 2 5 1 5 18 13 |
12163: 1 1 1 1 1 4 3 1 7 1 1 1 1 2 22 8 |8 3 1 1 8 1 8 4 6 4 4 14 25 1 1 5 |11 12 23 9 9 32 25 10 9 1 1 1 1 5 1 5 |3 3 24 15 94 164 46 31 5 14 11 12 1 7 5 1 |1 19 12 30 167 259 253 93 19 23 14 1 15 12 8 22 |1 23 20 29 59 233 270 165 5 13 1 1 11 14 1 11 |8 5 11 4 1 37 83 17 1 1 16 10 2 1 1 1 |2 2 2 1 14 7 3 5 18 1 4 2 6 1 3 1 |1 9 10 2 9 1 19 8 18 9 1 6 1 11 1 11 |1 2 4 1 1 11 10 2 2 1 15 1 6 12 3 1 |1 7 2 18 13 17 1 8 1 6 19 1 1 1 8 14 |15 4 1 7 1 8 4 9 16 9 9 1 2 5 17 10 |
12174: 1 11 1 1 1 9 13 1 1 1 1 1 5 1 4 8 |8 3 1 1 8 1 8 4 6 4 4 14 25 1 1 5 |11 12 23 9 9 32 25 10 9 1 1 1 1 5 1 5 |3 3 24 15 94 164 46 31 5 14 11 12 1 7 5 1 |1 19 12 30 167 259 253 93 19 23 14 1 15 12 8 22 |1 23 20 29 59 233 270 165 5 13 1 1 11 14 1 11 |8 5 11 4 1 37 83 17 1 1 16 10 2 1 1 1 |2 2 2 1 14 7 3 5 18 1 4 2 6 1 3 1 |1 9 10 2 9 1 19 8 18 9 1 6 1 11 1 11 |1 2 4 1 1 11 10 2 2 1 15 1 6 12 3 1 |1 7 2 18 13 17 1 8 1 6 19 1 1 1 8 14 |15 4 1 7 1 8 4 9 16 9 9 1 2 5 17 10 |
12185: 1 11 1 1 1 9 13 1 1 1 1 1 5 1 4 8 |9 6 1 2 12 2 8 11 6 4 4 14 25 1 6 7 |5 22 22 9 20 30 24 9 8 1 2 1 8 5 1 4 |1 15 23 12 60 93 36 34 4 7 11 15 1 1 1 1 |6 23 2 21 108 259 257 97 11 6 15 9 12 5 1 21 |1 19 1 30 49 197 273 186 8 2 1 9 11 14 8 12 |8 5 11 4 1 54 98 23 1 1 15 16 16 1 1 1 |2 2 2 1 14 7 3 5 18 1 4 2 6 1 3 1 |1 9 10 2 9 1 19 8 18 9 1 6 1 11 1 11 |1 2 4 1 1 11 10 2 2 1 15 1 6 12 3 1 |1 7 2 18 13 17 1 8 1 6 19 1 1 1 8 14 |15 4 1 7 1 8 4 9 16 9 9 1 2 5 17 10 |
12196: 1 11 1 1 1 9 13 1 1 1 1 1 5 1 4 8 |9 6 1 2 12 2 8 11 6 4 4 14 25 1 6 7 |5 22 22 9 20 30 24 9 8 1 2 1 8 5 1 4 |1 15 23 12 60 93 36 34 4 7 11 15 1 1 1 1 |6 23 2 21 108 259 257 97 11 6 15 9 12 5 1 21 |1 19 1 30 49 197 273 186 8 2 1 9 11 14 8 12 |8 5 11 4 1 54 98 23 1 1 15 16 16 1 1 1 |1 2 3 1 13 4 4 12 20 12 4 3 1 1 3 6 |2 2 7 2 3 1 17 13 18 2 1 2 1 11 1 2 |1 1 1 2 12 13 9 2 1 2 16 1 6 12 3 1 |1 1 7 8 15 15 1 7 1 18 8 1 1 1 9 14 |8 8 1 6 1 8 4 10 13 7 1 6 3 5 18 11 |
12207: 1 11 1 1 1 9 13 1 1 1 1 1 5 1 4 8 |9 6 1 2 12 2 8 11 6 4 4 14 25 1 6 7 |5 22 22 9 20 30 24 9 8 1 2 1 8 5 1 4 |1 15 23 12 60 93 36 34 4 7 11 15 1 1 1 1 |6 23 2 21 108 259 257 97 11 6 15 9 12 5 1 21 |1 19 1 30 49 197 273 186 8 2 1 9 11 14 8 12 |8 5 11 4 1 54 98 23 1 1 15 16 16 1 1 1 |1 2 3 1 13 4 4 12 20 12 4 3 1 1 3 6 |2 2 7 2 3 1 17 13 18 2 1 2 1 11 1 2 |1 1 1 2 12 13 9 2 1 2 16 1 6 12 3 1 |1 1 7 8 15 15 1 7 1 18 8 1 1 1 9 14 |8 8 1 6 1 8 4 10 13 7 1 6 3 5 18 11 |
12217: 2 9 1 1 1 10 14 1 1 2 1 3 5 1 6 4 |1 3 1 15 8 9 9 4 5 1 3 14 25 1 5 10 |10 15 17 7 5 26 21 10 8 1 1 5 7 6 1 3 |1 7 10 9 36 43 30 33 1 12 11 15 1 1 1 1 |8 4 15 23 37 152 206 96 1 18 16 6 15 9 1 16 |1 23 8 11 39 131 279 186 18 4 1 2 5 13 1 10 |8 5 12 1 14 37 104 39 5 1 15 10 8 1 1 1 |1 2 1 1 13 2 4 12 20 11 1 2 5 1 3 1 |2 2 7 2 3 1 17 13 18 2 1 2 1 11 1 2 |1 1 1 2 12 13 9 2 1 2 16 1 6 12 3 1 |1 1 7 8 15 15 1 7 1 18 8 1 1 1 9 14 |8 8 1 6 1 8 4 10 13 7 1 6 3 5 18 11 |
12228: 2 9 1 1 1 10 14 1 1 2 1 3 5 1 6 4 |1 3 1 15 8 9 9 4 5 1 3 14 25 1 5 10 |10 15 17 7 5 26 21 10 8 1 1 5 7 6 1 3 |1 7 10 9 36 43 30 33 1 12 11 15 1 1 1 1 |8 4 15 23 37 152 206 96 1 18 16 6 15 9 1 16 |1 23 8 11 39 131 279 186 18 4 1 2 5 13 1 10 |8 5 12 1 14 37 104 39 5 1 15 10 8 1 1 1 |1 2 1 1 13 2 4 12 20 11 1 2 5 1 3 1 |1 1 6 1 1 1 14 5 19 6 2 13 1 7 2 1 |1 1 1 9 1 1 1 1 1 2 16 1 6 12 3 1 |1 7 5 2 2 15 1 8 1 17 9 1 1 1 9 14 |7 1 1 5 1 8 1 8 5 2 8 1 2 1 17 12 |
12239: 1 11 2 1 1 9 13 1 1 1 1 2 7 1 4 3 |1 3 1 15 8 9 9 4 5 1 3 14 25 1 5 10 |10 15 17 7 5 26 21 10 8 1 1 5 7 6 1 3 |1 7 10 9 36 43 30 33 1 12 11 15 1 1 1 1 |8 4 15 23 37 152 206 96 1 18 16 6 15 9 1 16 |1 23 8 11 39 131 279 186 18 4 1 2 5 13 1 10 |8 5 12 1 14 37 104 39 5 1 15 10 8 1 1 1 |1 2 1 1 13 2 4 12 20 11 1 2 5 1 3 1 |1 1 6 1 1 1 14 5 19 6 2 13 1 7 2 1 |1 1 1 9 1 1 1 1 1 2 16 1 6 12 3 1 |1 7 5 2 2 15 1 8 1 17 9 1 1 1 9 14 |7 1 1 5 1 8 1 8 5 2 8 1 2 1 17 12 |
12250: 1 11 2 1 1 9 13 1 1 1 1 2 7 1 4 3 |1 3 1 1 1 1 3 15 6 2 3 13 23 1 4 6 |10 6 1 7 1 4 22 11 9 1 1 1 8 6 1 4 |1 7 10 1 9 26 8 35 4 12 11 17 1 1 1 1 |1 6 8 3 11 15 81 38 4 17 11 1 1 8 1 1 |1 10 9 9 26 39 180 115 25 8 3 1 10 3 3 1 |8 3 24 3 1 15 62 48 23 1 16 10 2 1 1 1 |1 13 1 1 10 1 3 17 9 17 6 3 6 1 3 1 |1 1 6 1 1 1 14 5 19 6 2 13 1 7 2 1 |1 1 1 9 1 1 1 1 1 2 16 1 6 12 3 1 |1 7 5 2 2 15 1 8 1 17 9 1 1 1 9 14 |7 1 1 5 1 8 1 8 5 2 8 1 2 1 17 12 |
12261: 1 11 2 1 1 9 13 1 1 1 1 2 7 1 4 3 |1 3 1 1 1 1 3 15 6 2 3 13 23 1 4 6 |10 6 1 7 1 4 22 11 9 1 1 1 8 6 1 4 |1 7 10 1 9 26 8 35 4 12 11 17 1 1 1 1 |1 6 8 3 11 15 81 38 4 17 11 1 1 8 1 1 |1 10 9 9 26 39 180 115 25 8 3 1 10 3 3 1 |8 3 24 3 1 15 62 48 23 1 16 10 2 1 1 1 |1 13 1 1 10 1 3 17 9 17 6 3 6 1 3 1 |1 2 6 1 1 1 18 11 20 6 1 6 2 1 2 9 |1 1 1 4 1 1 1 8 1 3 15 1 6 11 3 1 |1 7 2 7 2 14 1 7 1 17 7 1 1 1 9 14 |9 1 1 6 1 7 1 7 5 1 9 1 2 5 5 16 |
12272: 1 11 2 1 1 9 13 1 1 1 1 2 7 1 4 3 |1 3 1 1 1 1 3 15 6 2 3 13 23 1 4 6 |10 6 1 7 1 4 22 11 9 1 1 1 8 6 1 4 |1 7 10 1 9 26 8 35 4 12 11 17 1 1 1 1 |1 6 8 3 11 15 81 38 4 17 11 1 1 8 1 1 |1 10 9 9 26 39 180 115 25 8 3 1 10 3 3 1 |8 3 24 3 1 15 62 48 23 1 16 10 2 1 1 1 |1 13 1 1 10 1 3 17 9 17 6 3 6 1 3 1 |1 2 6 1 1 1 18 11 20 6 1 6 2 1 2 9 |1 1 1 4 1 1 1 8 1 3 15 1 6 11 3 1 |1 7 2 7 2 14 1 7 1 17 7 1 1 1 9 14 |9 1 1 6 1 7 1 7 5 1 9 1 2 5 5 16 |
12283: 1 10 1 1 1 9 1 4 8 1 1 2 6 1 3 9 |1 2 1 1 3 1 4 3 6 1 3 14 23 2 4 6 |9 13 16 6 1 15 22 1 11 7 1 1 8 4 1 2 |1 11 17 1 9 19 14 31 4 7 11 11 1 4 1 1 |1 7 8 16 15 3 9 4 1 17 11 1 13 1 1 1 |2 18 1 6 1 15 23 52 18 10 3 1 1 6 3 1 |6 5 24 6 4 1 19 7 10 11 12 10 2 1 1 1 |3 7 2 1 2 1 1 13 10 18 6 2 5 1 4 2 |1 2 6 1 1 1 18 11 20 6 1 6 2 1 2 9 |1 1 1 4 1 1 1 8 1 3 15 1 6 11 3 1 |1 7 2 7 2 14 1 7 1 17 7 1 1 1 9 14 |9 1 1 6 1 7 1 7 5 1 9 1 2 5 5 16 |
12294: 1 10 1 1 1 9 1 4 8 1 1 2 6 1 3 9 |1 2 1 1 3 1 4 3 6 1 3 14 23 2 4 6 |9 13 16 6 1 15 22 1 11 7 1 1 8 4 1 2 |1 11 17 1 9 19 14 31 4 7 11 11 1 4 1 1 |1 7 8 16 15 3 9 4 1 17 11 1 13 1 1 1 |2 18 1 6 1 15 23 52 18 10 3 1 1 6 3 1 |6 5 24 6 4 1 19 7 10 11 12 10 2 1 1 1 |3 7 2 1 2 1 1 13 10 18 6 2 5 1 4 2 |2 2 7 2 1 1 18 12 18 9 2 5 1 5 2 13 |1 2 4 1 11 7 1 8 1 3 15 1 6 11 3 1 |1 8 7 6 3 14 3 8 1 18 8 1 1 1 8 14 |12 7 1 5 1 6 1 8 5 1 9 2 1 5 17 10 |
12305: 1 10 1 1 1 9 1 4 8 1 1 2 6 1 3 9 |1 2 1 1 3 1 4 3 6 1 3 14 23 2 4 6 |9 13 16 6 1 15 22 1 11 7 1 1 8 4 1 2 |1 11 17 1 9 19 14 31 4 7 11 11 1 4 1 1 |1 7 8 16 15 3 9 4 1 17 11 1 13 1 1 1 |2 18 1 6 1 15 23 52 18 10 3 1 1 6 3 1 |6 5 24 6 4 1 19 7 10 11 12 10 2 1 1 1 |3 7 2 1 2 1 1 13 10 18 6 2 5 1 4 2 |2 2 7 2 1 1 18 12 18 9 2 5 1 5 2 13 |1 2 4 1 11 7 1 8 1 3 15 1 6 11 3 1 |1 8 7 6 3 14 3 8 1 18 8 1 1 1 8 14 |12 7 1 5 1 6 1 8 5 1 9 2 1 5 17 10 |
12316: 2 10 1 1 1 1 1 3 7 1 1 2 6 1 1 3 |1 1 1 1 2 1 1 2 5 2 4 13 23 1 1 6 |8 6 4 7 1 3 14 1 9 1 4 3 1 6 1 3 |1 5 17 1 12 12 5 31 4 13 12 14 1 1 1 1 |1 7 1 15 9 7 16 11 11 17 11 4 4 1 1 1 |1 5 1 6 11 14 18 39 18 10 2 1 1 8 1 1 |6 5 24 6 4 1 19 7 10 11 12 10 2 1 1 1 |3 7 2 1 2 1 1 13 10 18 6 2 5 1 4 2 |2 2 7 2 1 1 18 12 18 9 2 5 1 5 2 13 |1 2 4 1 11 7 1 8 1 3 15 1 6 11 3 1 |1 8 7 6 3 14 3 8 1 18 8 1 1 1 8 14 |12 7 1 5 1 6 1 8 5 1 9 2 1 5 17 10 |
12327: 2 10 1 1 1 1 1 3 7 1 1 2 6 1 1 3 |1 1 1 1 2 1 1 2 5 2 4 13 23 1 1 6 |8 6 4 7 1 3 14 1 9 1 4 3 1 6 1 3 |1 5 17 1 12 12 5 31 4 13 12 14 1 1 1 1 |1 7 1 15 9 7 16 11 11 17 11 4 4 1 1 1 |1 5 1 6 11 14 18 39 18 10 2 1 1 8 1 1 |6 5 24 5 1 9 13 13 21 9 14 15 15 1 1 1 |2 1 1 2 11 1 11 18 13 19 6 2 5 1 2 1 |1 6 5 2 5 1 17 7 8 1 2 13 3 2 1 2 |1 1 4 1 1 1 1 1 1 4 17 1 6 12 3 1 |1 2 6 3 15 2 2 8 1 17 19 1 1 1 1 3 |15 1 1 6 1 1 1 3 6 2 9 1 2 5 17 18 |
12338: 2 10 1 1 1 1 1 3 7 1 1 2 6 1 1 3 |1 1 1 1 2 1 1 2 5 2 4 13 23 1 1 6 |8 6 4 7 1 3 14 1 9 1 4 3 1 6 1 3 |1 5 17 1 12 12 5 31 4 13 12 14 1 1 1 1 |1 7 1 15 9 7 16 11 11 17 11 4 4 1 1 1 |1 5 1 6 11 14 18 39 18 10 2 1 1 8 1 1 |6 5 24 5 1 9 13 13 21 9 14 15 15 1 1 1 |2 1 1 2 11 1 11 18 13 19 6 2 5 1 2 1 |1 6 5 2 5 1 17 7 8 1 2 13 3 2 1 2 |1 1 4 1 1 1 1 1 1 4 17 1 6 12 3 1 |1 2 6 3 15 2 2 8 1 17 19 1 1 1 1 3 |15 1 1 6 1 1 1 3 6 2 9 1 2 5 17 18 |
12349: 1 10 1 1 1 1 10 1 1 1 1 2 6 1 3 8 |1 2 2 4 4 1 1 12 7 2 1 15 22 1 1 5 |8 14 16 6 11 14 14 1 8 1 1 5 1 6 1 3 |1 1 10 1 12 11 13 30 5 12 11 12 1 1 1 2 |1 1 1 14 9 9 16 10 9 19 18 2 5 1 1 1 |2 13 1 7 4 20 12 38 25 15 4 1 1 8 2 1 |7 1 24 6 1 11 24 16 38 9 3 4 16 1 1 4 |2 1 1 2 11 1 11 18 13 19 6 2 5 1 2 1 |1 6 5 2 5 1 17 7 8 1 2 13 3 2 1 2 |1 1 4 1 1 1 1 1 1 4 17 1 6 12 3 1 |1 2 6 3 15 2 2 8 1 17 19 1 1 1 1 3 |15 1 1 6 1 1 1 3 6 2 9 1 2 5 17 18 |
12360: 1 10 1 1 1 1 10 1 1 1 1 2 6 1 3 8 |1 2 2 4 4 1 1 12 7 2 1 15 22 1 1 5 |8 14 16 6 11 14 14 1 8 1 1 5 1 6 1 3 |1 1 10 1 12 11 13 30 5 12 11 12 1 1 1 2 |1 1 1 14 9 9 16 10 9 19 18 2 5 1 1 1 |2 13 1 7 4 20 12 38 25 15 4 1 1 8 2 1 |7 1 24 6 1 11 24 16 38 9 3 4 16 1 1 4 |1 13 1 1 1 1 2 22 28 19 19 1 5 1 1 1 |1 2 9 1 3 3 18 12 12 16 2 13 2 2 2 2 |1 3 6 3 12 7 1 1 1 5 16 1 6 12 3 1 |1 6 1 7 16 5 3 1 3 8 7 1 1 1 1 15 |8 8 1 22 1 8 7 8 6 2 8 1 2 5 17 10 |
12371: 1 10 1 1 1 1 10 1 1 1 1 2 6 1 3 8 |1 2 2 4 4 1 1 12 7 2 1 15 22 1 1 5 |8 14 16 6 11 14 14 1 8 1 1 5 1 6 1 3 |1 1 10 1 12 11 13 30 5 12 11 12 1 1 1 2 |1 1 1 14 9 9 16 10 9 19 18 2 5 1 1 1 |2 13 1 7 4 20 12 38 25 15 4 1 1 8 2 1 |7 1 24 6 1 11 24 16 38 9 3 4 16 1 1 4 |1 13 1 1 1 1 2 22 28 19 19 1 5 1 1 1 |1 2 9 1 3 3 18 12 12 16 2 13 2 2 2 2 |1 3 6 3 12 7 1 1 1 5 16 1 6 12 3 1 |1 6 1 7 16 5 3 1 3 8 7 1 1 1 1 15 |8 8 1 22 1 8 7 8 6 2 8 1 2 5 17 10 |
12382: 2 9 1 1 1 2 1 1 1 1 1 2 7 1 3 5 |2 1 1 1 1 1 14 15 9 3 3 14 24 1 1 5 |7 14 16 7 1 16 14 11 11 8 1 5 6 6 1 3 |1 5 2 1 20 17 5 34 5 13 12 16 1 1 1 1 |1 11 8 17 17 17 51 47 20 14 17 1 12 8 3 3 |1 18 12 18 28 28 196 268 162 32 1 3 10 14 7 11 |7 1 24 6 1 11 24 16 38 9 3 4 16 1 1 4 |1 13 1 1 1 1 2 22 28 19 19 1 5 1 1 1 |1 2 9 1 3 3 18 12 12 16 2 13 2 2 2 2 |1 3 6 3 12 7 1 1 1 5 16 1 6 12 3 1 |1 6 1 7 16 5 3 1 3 8 7 1 1 1 1 15 |8 8 1 22 1 8 7 8 6 2 8 1 2 5 17 10 |
12393: 2 9 1 1 1 2 1 1 1 1 1 2 7 1 3 5 |2 1 1 1 1 1 14 15 9 3 3 14 24 1 1 5 |7 14 16 7 1 16 14 11 11 8 1 5 6 6 1 3 |1 5 2 1 20 17 5 34 5 13 12 16 1 1 1 1 |1 11 8 17 17 17 51 47 20 14 17 1 12 8 3 3 |1 18 12 18 28 28 196 268 162 32 1 3 10 14 7 11 |10 21 18 1 14 15 87 248 239 40 23 15 5 1 1 10 |1 9 9 1 1 1 20 97 100 26 13 4 6 1 4 8 |2 7 7 2 1 1 7 9 27 15 3 13 1 12 1 3 |1 3 10 9 12 6 1 1 10 2 17 1 6 12 15 1 |1 7 6 6 15 14 1 1 1 18 8 1 1 1 1 14 |13 1 1 6 1 7 1 5 15 7 9 1 1 1 17 10 |
12404: 2 9 1 1 1 2 1 1 1 1 1 2 7 1 3 5 |2 1 1 1 1 1 14 15 9 3 3 14 24 1 1 5 |7 14 16 7 1 16 14 11 11 8 1 5 6 6 1 3 |1 5 2 1 20 17 5 34 5 13 12 16 1 1 1 1 |1 11 8 17 17 17 51 47 20 14 17 1 12 8 3 3 |1 18 12 18 28 28 196 268 162 32 1 3 10 14 7 11 |10 21 18 1 14 15 87 248 239 40 23 15 5 1 1 10 |1 9 9 1 1 1 20 97 100 26 13 4 6 1 4 8 |2 7 7 2 1 1 7 9 27 15 3 13 1 12 1 3 |1 3 10 9 12 6 1 1 10 2 17 1 6 12 15 1 |1 7 6 6 15 14 1 1 1 18 8 1 1 1 1 14 |13 1 1 6 1 7 1 5 15 7 9 1 1 1 17 10 |
12415: 1 1 4 1 1 1 13 1 1 1 1 3 6 1 3 9 |1 6 1 13 3 1 4 18 7 2 3 13 23 1 1 6 |12 14 16 7 1 17 18 11 9 2 10 1 1 3 1 5 |1 7 2 1 2 25 7 26 7 11 11 17 1 1 1 1 |1 7 12 14 13 11 123 113 20 20 17 1 12 9 1 1 |1 18 1 15 28 45 249 268 195 30 10 9 5 22 1 4 |13 15 24 12 2 4 104 253 246 51 22 17 5 7 1 9 |3 1 15 1 13 2 21 102 103 28 14 4 7 1 3 6 |2 7 7 2 1 1 7 9 27 15 3 13 1 12 1 3 |1 3 10 9 12 6 1 1 10 2 17 1 6 12 15 1 |1 7 6 6 15 14 1 1 1 18 8 1 1 1 1 14 |13 1 1 6 1 7 1 5 15 7 9 1 1 1 17 10 |
12426: 1 1 4 1 1 1 13 1 1 1 1 3 6 1 3 9 |1 6 1 13 3 1 4 18 7 2 3 13 23 1 1 6 |12 14 16 7 1 17 18 11 9 2 10 1 1 3 1 5 |1 7 2 1 2 25 7 26 7 11 11 17 1 1 1 1 |1 7 12 14 13 11 123 113 20 20 17 1 12 9 1 1 |1 18 1 15 28 45 249 268 195 30 10 9 5 22 1 4 |13 15 24 12 2 4 104 253 246 51 22 17 5 7 1 9 |3 1 15 1 13 2 21 102 103 28 14 4 7 1 3 6 |3 2 6 2 1 3 18 10 26 15 2 8 2 9 3 12 |1 1 4 1 1 2 9 9 5 4 17 1 5 12 3 1 |1 8 5 7 2 14 1 1 1 17 7 1 1 1 1 14 |8 1 1 6 1 1 9 5 15 10 10 6 2 5 18 15 |
12437: 1 1 4 1 1 1 13 1 1 1 1 3 6 1 3 9 |1 6 1 13 3 1 4 18 7 2 3 13 23 1 1 6 |12 14 16 7 1 17 18 11 9 2 10 1 1 3 1 5 |1 7 2 1 2 25 7 26 7 11 11 17 1 1 1 1 |1 7 12 14 13 11 123 113 20 20 17 1 12 9 1 1 |1 18 1 15 28 45 249 268 195 30 10 9 5 22 1 4 |13 15 24 12 2 4 104 253 246 51 22 17 5 7 1 9 |3 1 15 1 13 2 21 102 103 28 14 4 7 1 3 6 |3 2 6 2 1 3 18 10 26 15 2 8 2 9 3 12 |1 1 4 1 1 2 9 9 5 4 17 1 5 12 3 1 |1 8 5 7 2 14 1 1 1 17 7 1 1 1 1 14 |8 1 1 6 1 1 9 5 15 10 10 6 2 5 18 15 |
12448: 1 10 1 1 2 7 14 3 1 2 1 3 5 1 2 17 |7 4 1 1 4 1 5 18 1 1 3 14 18 1 1 5 |10 15 8 7 2 5 27 16 1 9 1 5 1 1 1 6 |1 6 7 1 20 25 13 26 7 11 10 14 1 1 1 1 |1 18 5 4 15 20 141 121 26 9 18 1 14 10 1 13 |4 19 2 28 29 48 270 267 213 24 1 1 9 12 12 1 |15 20 17 16 1 16 122 240 248 57 14 25 19 7 1 8 |3 1 15 1 13 2 21 102 103 28 14 4 7 1 3 6 |3 2 6 2 1 3 18 10 26 15 2 8 2 9 3 12 |1 1 4 1 1 2 9 9 5 4 17 1 5 12 3 1 |1 8 5 7 2 14 1 1 1 17 7 1 1 1 1 14 |8 1 1 6 1 1 9 5 15 10 10 6 2 5 18 15 |
12459: 1 10 1 1 2 7 14 3 1 2 1 3 5 1 2 17 |7 4 1 1 4 1 5 18 1 1 3 14 18 1 1 5 |10 15 8 7 2 5 27 16 1 9 1 5 1 1 1 6 |1 6 7 1 20 25 13 26 7 11 10 14 1 1 1 1 |1 18 5 4 15 20 141 121 26 9 18 1 14 10 1 13 |4 19 2 28 29 48 270 267 213 24 1 1 9 12 12 1 |15 20 17 16 1 16 122 240 248 57 14 25 19 7 1 8 |1 13 13 1 12 2 6 108 114 29 17 4 6 1 5 7 |1 6 6 2 1 4 12 9 28 15 2 13 2 6 1 3 |1 2 8 6 12 7 1 13 3 4 17 1 6 12 3 1 |4 1 8 6 15 13 4 9 1 9 6 1 8 1 1 2 |6 1 1 6 1 8 4 10 22 7 9 1 2 5 18 10 |
12470: 1 10 1 1 2 7 14 3 1 2 1 3 5 1 2 17 |7 4 1 1 4 1 5 18 1 1 3 14 18 1 1 5 |10 15 8 7 2 5 27 16 1 9 1 5 1 1 1 6 |1 6 7 1 20 25 13 26 7 11 10 14 1 1 1 1 |1 18 5 4 15 20 141 121 26 9 18 1 14 10 1 13 |4 19 2 28 29 48 270 267 213 24 1 1 9 12 12 1 |15 20 17 16 1 16 122 240 248 57 14 25 19 7 1 8 |1 13 13 1 12 2 6 108 114 29 17 4 6 1 5 7 |1 6 6 2 1 4 12 9 28 15 2 13 2 6 1 3 |1 2 8 6 12 7 1 13 3 4 17 1 6 12 3 1 |4 1 8 6 15 13 4 9 1 9 6 1 8 1 1 2 |6 1 1 6 1 8 4 10 22 7 9 1 2 5 18 10 |
12481: 2 2 3 2 1 2 14 3 1 2 1 1 7 1 3 8 |1 6 1 1 1 1 3 17 5 2 4 14 24 1 1 6 |11 13 17 6 1 11 24 17 4 4 1 1 8 4 1 4 |1 8 1 1 19 25 21 32 6 12 8 17 5 1 1 1 |1 16 10 15 21 20 142 127 29 14 18 1 14 10 1 14 |5 27 12 10 4 61 266 262 221 40 7 1 4 13 1 11 |13 20 29 14 1 15 124 238 248 79 16 9 8 1 11 1 |6 8 2 1 12 2 7 110 122 27 19 4 7 1 4 7 |1 6 6 2 1 4 12 9 28 15 2 13 2 6 1 3 |1 2 8 6 12 7 1 13 3 4 17 1 6 12 3 1 |4 1 8 6 15 13 4 9 1 9 6 1 8 1 1 2 |6 1 1 6 1 8 4 10 22 7 9 1 2 5 18 10 |
12492: 2 2 3 2 1 2 14 3 1 2 1 1 7 1 3 8 |1 6 1 1 1 1 3 17 5 2 4 14 24 1 1 6 |11 13 17 6 1 11 24 17 4 4 1 1 8 4 1 4 |1 8 1 1 19 25 21 32 6 12 8 17 5 1 1 1 |1 16 10 15 21 20 142 127 29 14 18 1 14 10 1 14 |5 27 12 10 4 61 266 262 221 40 7 1 4 13 1 11 |13 20 29 14 1 15 124 238 248 79 16 9 8 1 11 1 |6 8 2 1 12 2 7 110 122 27 19 4 7 1 4 7 |3 2 6 1 1 4 13 9 27 10 1 13 1 12 1 9 |1 1 3 2 10 7 1 1 9 2 17 1 6 12 2 1 |1 6 6 6 2 14 4 9 1 17 7 1 1 1 6 14 |12 1 1 4 1 8 3 10 21 8 10 2 2 6 17 10 |
12503: 2 2 3 2 1 2 14 3 1 2 1 1 7 1 3 8 |1 6 1 1 1 1 3 17 5 2 4 14 24 1 1 6 |11 13 17 6 1 11 24 17 4 4 1 1 8 4 1 4 |1 8 1 1 19 25 21 32 6 12 8 17 5 1 1 1 |1 16 10 15 21 20 142 127 29 14 18 1 14 10 1 14 |5 27 12 10 4 61 266 262 221 40 7 1 4 13 1 11 |13 20 29 14 1 15 124 238 248 79 16 9 8 1 11 1 |6 8 2 1 12 2 7 110 122 27 19 4 7 1 4 7 |3 2 6 1 1 4 13 9 27 10 1 13 1 12 1 9 |1 1 3 2 10 7 1 1 9 2 17 1 6 12 2 1 |1 6 6 6 2 14 4 9 1 17 7 1 1 1 6 14 |12 1 1 4 1 8 3 10 21 8 10 2 2 6 17 10 |
12514: 1 11 1 1 1 6 5 1 1 2 1 2 7 1 2 9 |1 5 1 1 1 2 6 5 1 3 1 14 24 1 1 5 |10 13 17 7 2 6 24 16 11 5 1 4 6 4 1 3 |1 4 10 1 19 24 12 22 7 12 10 16 1 1 3 1 |1 15 10 15 14 26 135 133 21 12 18 1 1 9 1 16 |5 27 11 7 17 51 257 266 202 27 8 8 2 15 3 1 |11 16 35 13 1 17 128 241 262 65 22 24 15 1 1 1 |3 1 2 1 12 2 11 98 118 30 18 4 5 1 4 8 |3 2 6 1 1 4 13 9 27 10 1 13 1 12 1 9 |1 1 3 2 10 7 1 1 9 2 17 1 6 12 2 1 |1 6 6 6 2 14 4 9 1 17 7 1 1 1 6 14 |12 1 1 4 1 8 3 10 21 8 10 2 2 6 17 10 |
12525: 1 11 1 1 1 6 5 1 1 2 1 2 7 1 2 9 |1 5 1 1 1 2 6 5 1 3 1 14 24 1 1 5 |10 13 17 7 2 6 24 16 11 5 1 4 6 4 1 3 |1 4 10 1 19 24 12 22 7 12 10 16 1 1 3 1 |1 15 10 15 14 26 135 133 21 12 18 1 1 9 1 16 |5 27 11 7 17 51 257 266 202 27 8 8 2 15 3 1 |11 16 35 13 1 17 128 241 262 65 22 24 15 1 1 1 |3 1 2 1 12 2 11 98 118 30 18 4 5 1 4 8 |2 8 12 1 1 3 13 9 29 14 2 13 2 3 2 10 |1 1 4 3 11 11 1 13 10 2 16 1 6 12 3 1 |1 7 7 2 3 15 1 1 1 18 8 1 1 1 1 16 |8 1 1 15 1 7 3 10 14 2 4 3 2 5 18 15 |
12536: 1 11 1 1 1 6 5 1 1 2 1 2 7 1 2 9 |1 5 1 1 1 2 6 5 1 3 1 14 24 1 1 5 |10 13 17 7 2 6 24 16 11 5 1 4 6 4 1 3 |1 4 10 1 19 24 12 22 7 12 10 16 1 1 3 1 |1 15 10 15 14 26 135 133 21 12 18 1 1 9 1 16 |5 27 11 7 17 51 257 266 202 27 8 8 2 15 3 1 |11 16 35 13 1 17 128 241 262 65 22 24 15 1 1 1 |3 1 2 1 12 2 11 98 118 30 18 4 5 1 4 8 |2 8 12 1 1 3 13 9 29 14 2 13 2 3 2 10 |1 1 4 3 11 11 1 13 10 2 16 1 6 12 3 1 |1 7 7 2 3 15 1 1 1 18 8 1 1 1 1 16 |8 1 1 15 1 7 3 10 14 2 4 3 2 5 18 15 |
12547: 1 11 1 1 1 1 5 1 1 1 1 2 7 1 4 8 |1 5 1 1 1 1 3 6 1 8 2 14 23 1 1 5 |10 14 16 6 1 17 23 17 4 4 1 5 5 4 1 4 |1 8 10 1 6 20 9 26 7 12 12 11 1 3 1 1 |1 9 8 17 17 16 89 101 13 6 19 1 13 7 1 1 |6 22 11 23 27 38 227 274 195 24 8 10 10 10 1 12 |12 18 22 6 12 14 102 248 262 89 18 11 6 1 1 1 |3 9 9 1 13 1 17 102 138 34 19 5 1 2 1 9 |2 8 12 1 1 3 13 9 29 14 2 13 2 3 2 10 |1 1 4 3 11 11 1 13 10 2 16 1 6 12 3 1 |1 7 7 2 3 15 1 1 1 18 8 1 1 1 1 16 |8 1 1 15 1 7 3 10 14 2 4 3 2 5 18 15 |
12558: 1 11 1 1 1 1 5 1 1 1 1 2 7 1 4 8 |1 5 1 1 1 1 3 6 1 8 2 14 23 1 1 5 |10 14 16 6 1 17 23 17 4 4 1 5 5 4 1 4 |1 8 10 1 6 20 9 26 7 12 12 11 1 3 1 1 |1 9 8 17 17 16 89 101 13 6 19 1 13 7 1 1 |6 22 11 23 27 38 227 274 195 24 8 10 10 10 1 12 |12 18 22 6 12 14 102 248 262 89 18 11 6 1 1 1 |3 9 9 1 13 1 17 102 138 34 19 5 1 2 1 9 |2 2 6 1 1 2 12 9 29 15 2 13 1 12 1 11 |1 3 7 1 11 7 1 1 11 2 16 1 6 12 15 1 |1 7 1 6 15 1 1 1 1 19 7 1 1 1 8 15 |9 1 1 22 1 7 2 9 14 3 9 1 2 6 17 10 |
12569: 1 10 1 1 1 1 1 1 1 2 1 1 6 1 2 9 |1 5 1 1 1 1 3 6 1 8 2 14 23 1 1 5 |10 14 16 6 1 17 23 17 4 4 1 5 5 4 1 4 |1 8 10 1 6 20 9 26 7 12 12 11 1 3 1 1 |1 9 8 17 17 16 89 101 13 6 19 1 13 7 1 1 |6 22 11 23 27 38 227 274 195 24 8 10 10 10 1 12 |12 18 22 6 12 14 102 248 262 89 18 11 6 1 1 1 |3 9 9 1 13 1 17 102 138 34 19 5 1 2 1 9 |2 2 6 1 1 2 12 9 29 15 2 13 1 12 1 11 |1 3 7 1 11 7 1 1 11 2 16 1 6 12 15 1 |1 7 1 6 15 1 1 1 1 19 7 1 1 1 8 15 |9 1 1 22 1 7 2 9 14 3 9 1 2 6 17 10 |
12580: 1 10 1 1 1 1 1 1 1 2 1 1 6 1 2 9 |1 2 3 1 4 1 14 17 5 2 3 13 23 1 4 4 |10 14 16 7 13 16 23 16 3 1 1 1 8 5 1 3 |1 12 13 1 1 5 3 35 8 13 11 16 1 1 1 1 |1 9 7 15 15 13 16 36 20 14 17 1 1 1 2 8 |5 20 12 9 5 27 126 258 179 29 3 1 10 9 1 8 |3 5 26 1 13 10 55 222 254 94 21 9 6 6 1 1 |3 9 9 1 13 1 17 102 138 34 19 5 1 2 1 9 |2 2 6 1 1 2 12 9 29 15 2 13 1 12 1 11 |1 3 7 1 11 7 1 1 11 2 16 1 6 12 15 1 |1 7 1 6 15 1 1 1 1 19 7 1 1 1 8 15 |9 1 1 22 1 7 2 9 14 3 9 1 2 6 17 10 |
12590: 1 10 1 1 1 1 1 1 1 2 1 1 6 1 2 9 |1 2 3 1 4 1 14 17 5 2 3 13 23 1 4 4 |10 14 16 7 13 16 23 16 3 1 1 1 8 5 1 3 |1 12 13 1 1 5 3 35 8 13 11 16 1 1 1 1 |1 9 7 15 15 13 16 36 20 14 17 1 1 1 2 8 |5 20 12 9 5 27 126 258 179 29 3 1 10 9 1 8 |3 5 26 1 13 10 55 222 254 94 21 9 6 6 1 1 |3 16 7 1 12 2 14 103 158 38 19 3 7 1 3 8 |2 7 7 1 5 3 18 16 16 17 3 13 2 7 2 3 |1 1 4 1 11 2 1 1 10 2 17 1 6 12 3 1 |1 7 2 2 3 2 1 8 1 10 7 1 1 1 1 2 |9 2 1 5 1 7 1 4 21 10 8 1 2 5 17 10 |
12601: 1 10 1 1 1 1 1 1 1 2 1 1 6 1 2 9 |1 2 3 1 4 1 14 17 5 2 3 13 23 1 4 4 |10 14 16 7 13 16 23 16 3 1 1 1 8 5 1 3 |1 12 13 1 1 5 3 35 8 13 11 16 1 1 1 1 |1 9 7 15 15 13 16 36 20 14 17 1 1 1 2 8 |5 20 12 9 5 27 126 258 179 29 3 1 10 9 1 8 |3 5 26 1 13 10 55 222 254 94 21 9 6 6 1 1 |3 16 7 1 12 2 14 103 158 38 19 3 7 1 3 8 |2 7 7 1 5 3 18 16 16 17 3 13 2 7 2 3 |1 1 4 1 11 2 1 1 10 2 17 1 6 12 3 1 |1 7 2 2 3 2 1 8 1 10 7 1 1 1 1 2 |9 2 1 5 1 7 1 4 21 10 8 1 2 5 17 10 |
12612: 1 4 1 1 1 1 10 2 1 3 1 2 5 1 3 4 |1 5 1 1 2 1 1 15 1 3 3 12 23 1 1 5 |8 3 15 6 10 13 16 10 1 5 1 4 1 4 1 3 |1 6 18 1 13 10 13 32 6 12 9 7 1 3 1 2 |1 1 8 15 4 9 17 10 19 14 16 1 1 1 1 1 |1 19 3 21 8 21 32 119 141 25 1 1 8 5 1 1 |6 11 24 20 5 1 46 136 269 93 23 10 4 7 1 9 |3 12 16 1 12 2 16 76 168 53 20 1 6 1 1 10 |2 7 7 1 5 3 18 16 16 17 3 13 2 7 2 3 |1 1 4 1 11 2 1 1 10 2 17 1 6 12 3 1 |1 7 2 2 3 2 1 8 1 10 7 1 1 1 1 2 |9 2 1 5 1 7 1 4 21 10 8 1 2 5 17 10 |
12623: 1 4 1 1 1 1 10 2 1 3 1 2 5 1 3 4 |1 5 1 1 2 1 1 15 1 3 3 12 23 1 1 5 |8 3 15 6 10 13 16 10 1 5 1 4 1 4 1 3 |1 6 18 1 13 10 13 32 6 12 9 7 1 3 1 2 |1 1 8 15 4 9 17 10 19 14 16 1 1 1 1 1 |1 19 3 21 8 21 32 119 141 25 1 1 8 5 1 1 |6 11 24 20 5 1 46 136 269 93 23 10 4 7 1 9 |3 12 16 1 12 2 16 76 168 53 20 1 6 1 1 10 |2 7 7 1 3 2 18 15 17 18 1 13 1 6 2 3 |1 3 2 3 13 7 1 1 9 1 15 1 6 12 15 1 |1 7 7 2 2 1 3 3 1 18 20 1 1 1 1 14 |9 1 1 7 1 7 1 8 14 4 9 3 2 5 17 15 |
12634: 1 11 1 1 1 1 9 1 1 1 1 1 7 1 5 3 |1 5 1 1 2 1 1 15 1 3 3 12 23 1 1 5 |8 3 15 6 10 13 16 10 1 5 1 4 1 4 1 3 |1 6 18 1 13 10 13 32 6 12 9 7 1 3 1 2 |1 1 8 15 4 9 17 10 19 14 16 1 1 1 1 1 |1 19 3 21 8 21 32 119 141 25 1 1 8 5 1 1 |6 11 24 20 5 1 46 136 269 93 23 10 4 7 1 9 |3 12 16 1 12 2 16 76 168 53 20 1 6 1 1 10 |2 7 7 1 3 2 18 15 17 18 1 13 1 6 2 3 |1 3 2 3 13 7 1 1 9 1 15 1 6 12 15 1 |1 7 7 2 2 1 3 3 1 18 20 1 1 1 1 14 |9 1 1 7 1 7 1 8 14 4 9 3 2 5 17 15 |
12645: 1 11 1 1 1 1 9 1 1 1 1 1 7 1 5 3 |1 3 3 3 2 1 2 9 1 8 3 13 23 1 5 5 |7 5 15 3 11 8 14 3 12 5 1 4 5 5 1 3 |1 1 2 4 7 8 10 30 7 12 11 15 1 4 1 2 |1 6 1 14 8 6 3 10 11 8 16 1 1 1 3 7 |2 12 1 3 3 3 16 48 35 25 1 1 1 1 4 1 |9 16 16 3 3 9 15 54 181 77 17 8 5 1 1 1 |3 12 9 1 11 1 8 42 125 79 16 1 6 1 3 8 |2 7 7 1 3 2 18 15 17 18 1 13 1 6 2 3 |1 3 2 3 13 7 1 1 9 1 15 1 6 12 15 1 |1 7 7 2 2 1 3 3 1 18 20 1 1 1 1 14 |9 1 1 7 1 7 1 8 14 4 9 3 2 5 17 15 |
12656: 1 11 1 1 1 1 9 1 1 1 1 1 7 1 5 3 |1 3 3 3 2 1 2 9 1 8 3 13 23 1 5 5 |7 5 15 3 11 8 14 3 12 5 1 4 5 5 1 3 |1 1 2 4 7 8 10 30 7 12 11 15 1 4 1 2 |1 6 1 14 8 6 3 10 11 8 16 1 1 1 3 7 |2 12 1 3 3 3 16 48 35 25 1 1 1 1 4 1 |9 16 16 3 3 9 15 54 181 77 17 8 5 1 1 1 |3 12 9 1 11 1 8 42 125 79 16 1 6 1 3 8 |2 6 7 1 4 2 18 20 32 27 1 6 3 12 1 15 |1 8 4 2 12 7 1 1 3 1 17 1 6 12 14 1 |1 1 8 6 15 12 3 9 1 18 19 1 1 1 1 14 |12 1 4 14 1 6 1 8 6 2 10 7 3 6 18 15 |
12667: 1 10 1 1 1 1 10 1 1 2 1 1 4 1 16 8 |1 3 3 3 2 1 2 9 1 8 3 13 23 1 5 5 |7 5 15 3 11 8 14 3 12 5 1 4 5 5 1 3 |1 1 2 4 7 8 10 30 7 12 11 15 1 4 1 2 |1 6 1 14 8 6 3 10 11 8 16 1 1 1 3 7 |2 12 1 3 3 3 16 48 35 25 1 1 1 1 4 1 |9 16 16 3 3 9 15 54 181 77 17 8 5 1 1 1 |3 12 9 1 11 1 8 42 125 79 16 1 6 1 3 8 |2 6 7 1 4 2 18 20 32 27 1 6 3 12 1 15 |1 8 4 2 12 7 1 1 3 1 17 1 6 12 14 1 |1 1 8 6 15 12 3 9 1 18 19 1 1 1 1 14 |12 1 4 14 1 6 1 8 6 2 10 7 3 6 18 15 |
12678: 1 10 1 1 1 1 10 1 1 2 1 1 4 1 16 8 |1 6 2 1 2 1 1 1 5 2 4 13 23 1 5 7 |7 2 14 2 12 1 9 8 4 1 3 1 1 6 1 1 |1 6 15 1 10 7 3 24 4 10 11 11 1 4 1 1 |1 7 1 8 6 1 12 1 10 19 16 3 1 1 1 1 |1 12 3 7 1 14 6 9 11 8 4 1 1 8 1 2 |6 13 8 2 1 1 1 12 8 18 15 3 17 1 1 1 |1 13 2 1 1 1 10 22 29 25 22 1 6 1 4 7 |3 2 6 2 1 3 18 17 26 11 1 19 2 6 2 11 |1 8 4 2 12 7 1 1 3 1 17 1 6 12 14 1 |1 1 8 6 15 12 3 9 1 18 19 1 1 1 1 14 |12 1 4 14 1 6 1 8 6 2 10 7 3 6 18 15 |
12689: 1 10 1 1 1 1 10 1 1 2 1 1 4 1 16 8 |1 6 2 1 2 1 1 1 5 2 4 13 23 1 5 7 |7 2 14 2 12 1 9 8 4 1 3 1 1 6 1 1 |1 6 15 1 10 7 3 24 4 10 11 11 1 4 1 1 |1 7 1 8 6 1 12 1 10 19 16 3 1 1 1 1 |1 12 3 7 1 14 6 9 11 8 4 1 1 8 1 2 |6 13 8 2 1 1 1 12 8 18 15 3 17 1 1 1 |1 13 2 1 1 1 10 22 29 25 22 1 6 1 4 7 |3 2 6 2 1 3 18 17 26 11 1 19 2 6 2 11 |1 1 16 3 12 6 1 1 1 1 18 6 6 12 15 1 |2 7 6 6 3 1 1 4 4 18 7 1 14 1 1 14 |8 1 1 2 1 7 7 7 6 3 10 3 2 6 18 15 |
12700: 1 11 1 1 1 1 4 3 3 1 1 1 4 1 2 3 |1 6 2 1 2 1 1 1 5 2 4 13 23 1 5 7 |7 2 14 2 12 1 9 8 4 1 3 1 1 6 1 1 |1 6 15 1 10 7 3 24 4 10 11 11 1 4 1 1 |1 7 1 8 6 1 12 1 10 19 16 3 1 1 1 1 |1 12 3 7 1 14 6 9 11 8 4 1 1 8 1 2 |6 13 8 2 1 1 1 12 8 18 15 3 17 1 1 1 |1 13 2 1 1 1 10 22 29 25 22 1 6 1 4 7 |3 2 6 2 1 3 18 17 26 11 1 19 2 6 2 11 |1 1 16 3 12 6 1 1 1 1 18 6 6 12 15 1 |2 7 6 6 3 1 1 4 4 18 7 1 14 1 1 14 |8 1 1 2 1 7 7 7 6 3 10 3 2 6 18 15 |
12711: 1 11 1 1 1 1 4 3 3 1 1 1 4 1 2 3 |1 1 1 1 2 1 1 1 1 1 3 14 23 1 4 6 |5 13 14 2 11 3 17 8 2 1 1 4 4 4 1 4 |1 5 15 1 11 5 2 23 1 6 9 17 1 4 1 2 |1 1 1 8 5 1 10 1 10 17 16 4 5 1 3 3 |1 12 1 5 1 1 6 17 6 7 2 3 2 7 2 1 |7 4 17 1 4 1 11 1 1 9 15 10 2 1 1 1 |1 13 2 1 1 1 10 22 29 25 22 1 6 1 4 7 |3 2 6 2 1 3 18 17 26 11 1 19 2 6 2 11 |1 1 16 3 12 6 1 1 1 1 18 6 6 12 15 1 |2 7 6 6 3 1 1 4 4 18 7 1 14 1 1 14 |8 1 1 2 1 7 7 7 6 3 10 3 2 6 18 15 |
12722: 1 11 1 1 1 1 4 3 3 1 1 1 4 1 2 3 |1 1 1 1 2 1 1 1 1 1 3 14 23 1 4 6 |5 13 14 2 11 3 17 8 2 1 1 4 4 4 1 4 |1 5 15 1 11 5 2 23 1 6 9 17 1 4 1 2 |1 1 1 8 5 1 10 1 10 17 16 4 5 1 3 3 |1 12 1 5 1 1 6 17 6 7 2 3 2 7 2 1 |7 4 17 1 4 1 11 1 1 9 15 10 2 1 1 1 |3 1 3 1 1 1 10 9 10 21 18 1 6 1 4 7 |2 2 7 2 1 2 8 17 10 16 1 7 5 7 1 10 |1 2 7 2 15 7 1 1 1 1 18 1 6 12 3 1 |1 2 9 9 15 8 3 8 1 19 21 8 13 1 1 15 |12 1 1 6 1 7 9 2 13 9 12 7 1 8 5 16 |
12733: 1 11 1 1 1 1 4 3 3 1 1 1 4 1 2 3 |1 1 1 1 2 1 1 1 1 1 3 14 23 1 4 6 |5 13 14 2 11 3 17 8 2 1 1 4 4 4 1 4 |1 5 15 1 11 5 2 23 1 6 9 17 1 4 1 2 |1 1 1 8 5 1 10 1 10 17 16 4 5 1 3 3 |1 12 1 5 1 1 6 17 6 7 2 3 2 7 2 1 |7 4 17 1 4 1 11 1 1 9 15 10 2 1 1 1 |3 1 3 1 1 1 10 9 10 21 18 1 6 1 4 7 |2 2 7 2 1 2 8 17 10 16 1 7 5 7 1 10 |1 2 7 2 15 7 1 1 1 1 18 1 6 12 3 1 |1 2 9 9 15 8 3 8 1 19 21 8 13 1 1 15 |12 1 1 6 1 7 9 2 13 9 12 7 1 8 5 16 |
12744: 1 11 1 1 1 1 10 3 6 1 1 1 5 1 16 8 |1 5 2 1 1 2 5 2 6 2 3 13 22 1 1 5 |8 14 1 6 12 8 6 7 9 1 1 5 1 5 1 3 |3 6 14 1 9 1 6 24 1 1 2 16 6 1 1 3 |1 6 1 8 1 7 12 3 8 18 10 1 1 1 4 6 |2 11 1 5 1 1 1 15 10 5 3 1 1 8 2 2 |7 5 24 5 1 1 9 2 1 2 3 16 17 1 1 1 |2 12 2 1 1 1 10 20 27 25 22 2 6 1 3 6 |2 2 7 2 1 2 8 17 10 16 1 7 5 7 1 10 |1 2 7 2 15 7 1 1 1 1 18 1 6 12 3 1 |1 2 9 9 15 8 3 8 1 19 21 8 13 1 1 15 |12 1 1 6 1 7 9 2 13 9 12 7 1 8 5 16 |
12755: 1 11 1 1 1 1 10 3 6 1 1 1 5 1 16 8 |1 5 2 1 1 2 5 2 6 2 3 13 22 1 1 5 |8 14 1 6 12 8 6 7 9 1 1 5 1 5 1 3 |3 6 14 1 9 1 6 24 1 1 2 16 6 1 1 3 |1 6 1 8 1 7 12 3 8 18 10 1 1 1 4 6 |2 11 1 5 1 1 1 15 10 5 3 1 1 8 2 2 |7 5 24 5 1 1 9 2 1 2 3 16 17 1 1 1 |2 12 2 1 1 1 10 20 27 25 22 2 6 1 3 6 |2 1 5 1 3 3 16 18 28 23 1 20 2 1 2 10 |1 2 4 2 12 8 1 1 4 12 18 6 1 5 15 1 |2 7 7 1 15 13 3 9 1 19 23 9 9 1 8 14 |8 1 1 6 1 8 7 8 6 3 8 1 2 6 18 10 |
12766: 1 11 1 1 1 1 10 3 6 1 1 1 5 1 16 8 |1 5 2 1 1 2 5 2 6 2 3 13 22 1 1 5 |8 14 1 6 12 8 6 7 9 1 1 5 1 5 1 3 |3 6 14 1 9 1 6 24 1 1 2 16 6 1 1 3 |1 6 1 8 1 7 12 3 8 18 10 1 1 1 4 6 |2 11 1 5 1 1 1 15 10 5 3 1 1 8 2 2 |7 5 24 5 1 1 9 2 1 2 3 16 17 1 1 1 |2 12 2 1 1 1 10 20 27 25 22 2 6 1 3 6 |2 1 5 1 3 3 16 18 28 23 1 20 2 1 2 10 |1 2 4 2 12 8 1 1 4 12 18 6 1 5 15 1 |2 7 7 1 15 13 3 9 1 19 23 9 9 1 8 14 |8 1 1 6 1 8 7 8 6 3 8 1 2 6 18 10 |
12777: 1 9 1 1 1 2 5 2 7 1 1 3 6 1 3 5 |1 3 3 1 2 1 1 2 6 8 3 15 23 1 1 6 |9 14 16 7 13 9 14 9 8 5 5 1 1 5 1 3 |1 5 16 1 11 8 11 17 5 4 2 16 1 1 1 1 |1 7 1 15 3 8 7 1 1 11 17 1 1 1 1 1 |1 20 1 7 8 14 1 33 16 11 1 1 1 1 1 1 |8 6 12 5 1 1 19 28 139 77 16 10 5 1 1 1 |4 11 4 1 13 1 15 94 253 265 155 3 2 4 1 1 |2 1 5 1 3 3 16 18 28 23 1 20 2 1 2 10 |1 2 4 2 12 8 1 1 4 12 18 6 1 5 15 1 |2 7 7 1 15 13 3 9 1 19 23 9 9 1 8 14 |8 1 1 6 1 8 7 8 6 3 8 1 2 6 18 10 |
12788: 1 9 1 1 1 2 5 2 7 1 1 3 6 1 3 5 |1 3 3 1 2 1 1 2 6 8 3 15 23 1 1 6 |9 14 16 7 13 9 14 9 8 5 5 1 1 5 1 3 |1 5 16 1 11 8 11 17 5 4 2 16 1 1 1 1 |1 7 1 15 3 8 7 1 1 11 17 1 1 1 1 1 |1 20 1 7 8 14 1 33 16 11 1 1 1 1 1 1 |8 6 12 5 1 1 19 28 139 77 16 10 5 1 1 1 |4 11 4 1 13 1 15 94 253 265 155 3 2 4 1 1 |1 1 20 1 14 2 6 29 135 264 193 37 11 6 1 11 |1 1 16 8 1 1 1 14 15 72 61 3 7 13 15 1 |2 1 9 8 15 1 1 1 1 13 30 7 1 1 1 17 |12 1 1 6 1 7 7 9 15 10 11 12 2 5 17 10 |
12799: 1 9 1 1 1 2 5 2 7 1 1 3 6 1 3 5 |1 3 3 1 2 1 1 2 6 8 3 15 23 1 1 6 |9 14 16 7 13 9 14 9 8 5 5 1 1 5 1 3 |1 5 16 1 11 8 11 17 5 4 2 16 1 1 1 1 |1 7 1 15 3 8 7 1 1 11 17 1 1 1 1 1 |1 20 1 7 8 14 1 33 16 11 1 1 1 1 1 1 |8 6 12 5 1 1 19 28 139 77 16 10 5 1 1 1 |4 11 4 1 13 1 15 94 253 265 155 3 2 4 1 1 |1 1 20 1 14 2 6 29 135 264 193 37 11 6 1 11 |1 1 16 8 1 1 1 14 15 72 61 3 7 13 15 1 |2 1 9 8 15 1 1 1 1 13 30 7 1 1 1 17 |12 1 1 6 1 7 7 9 15 10 11 12 2 5 17 10 |
12810: 1 10 2 1 2 9 1 1 1 4 6 2 7 1 2 9 |1 2 3 4 3 1 1 2 1 9 1 16 24 1 1 1 |10 7 17 6 1 2 17 1 11 11 11 1 7 4 1 3 |1 6 17 1 10 11 12 30 7 9 6 9 1 1 1 2 |1 1 9 14 8 8 9 10 1 18 7 1 13 1 1 1 |2 18 1 20 11 18 14 38 25 25 1 5 7 1 1 1 |7 14 23 14 11 2 15 62 189 117 18 25 17 7 1 9 |5 16 16 3 11 8 18 109 273 274 195 21 16 1 1 1 |5 9 13 3 10 1 6 22 152 273 219 27 1 17 1 8 |1 1 16 8 1 1 1 14 15 72 61 3 7 13 15 1 |2 1 9 8 15 1 1 1 1 13 30 7 1 1 1 17 |12 1 1 6 1 7 7 9 15 10 11 12 2 5 17 10 |
12821: 1 10 2 1 2 9 1 1 1 4 6 2 7 1 2 9 |1 2 3 4 3 1 1 2 1 9 1 16 24 1 1 1 |10 7 17 6 1 2 17 1 11 11 11 1 7 4 1 3 |1 6 17 1 10 11 12 30 7 9 6 9 1 1 1 2 |1 1 9 14 8 8 9 10 1 18 7 1 13 1 1 1 |2 18 1 20 11 18 14 38 25 25 1 5 7 1 1 1 |7 14 23 14 11 2 15 62 189 117 18 25 17 7 1 9 |5 16 16 3 11 8 18 109 273 274 195 21 16 1 1 1 |5 9 13 3 10 1 6 22 152 273 219 27 1 17 1 8 |1 2 3 1 1 1 1 14 7 65 54 3 1 19 3 1 |1 1 8 9 15 13 3 4 1 22 11 7 1 1 1 16 |8 7 1 5 1 5 1 9 15 10 1 1 1 1 17 15 |
12832: 1 11 2 1 1 1 1 1 1 9 7 2 5 1 3 8 |1 2 3 4 3 1 1 2 1 9 1 16 24 1 1 1 |10 7 17 6 1 2 17 1 11 11 11 1 7 4 1 3 |1 6 17 1 10 11 12 30 7 9 6 9 1 1 1 2 |1 1 9 14 8 8 9 10 1 18 7 1 13 1 1 1 |2 18 1 20 11 18 14 38 25 25 1 5 7 1 1 1 |7 14 23 14 11 2 15 62 189 117 18 25 17 7 1 9 |5 16 16 3 11 8 18 109 273 274 195 21 16 1 1 1 |5 9 13 3 10 1 6 22 152 273 219 27 1 17 1 8 |1 2 3 1 1 1 1 14 7 65 54 3 1 19 3 1 |1 1 8 9 15 13 3 4 1 22 11 7 1 1 1 16 |8 7 1 5 1 5 1 9 15 10 1 1 1 1 17 15 |
12843: 1 11 2 1 1 1 1 1 1 9 7 2 5 1 3 8 |2 5 2 5 1 1 1 3 1 9 1 15 24 1 1 5 |13 13 17 6 1 2 12 10 3 11 8 1 9 6 1 3 |1 12 11 1 11 7 12 31 8 12 7 16 1 1 1 2 |1 7 1 16 13 9 17 11 11 19 9 1 13 1 1 2 |2 13 1 7 11 19 15 42 20 27 1 1 1 1 1 1 |10 14 12 8 13 4 26 71 240 168 23 25 17 8 1 1 |5 15 5 10 14 10 14 112 266 272 211 21 15 1 5 1 |6 1 20 1 14 1 17 29 150 273 224 30 6 9 5 16 |1 2 9 2 5 1 1 1 6 44 54 4 1 14 14 1 |1 7 8 9 2 14 1 1 1 22 14 1 1 1 8 14 |8 7 1 5 1 5 1 9 15 10 1 1 1 1 17 15 |
12854: 1 11 2 1 1 1 1 1 1 9 7 2 5 1 3 8 |2 5 2 5 1 1 1 3 1 9 1 15 24 1 1 5 |13 13 17 6 1 2 12 10 3 11 8 1 9 6 1 3 |1 12 11 1 11 7 12 31 8 12 7 16 1 1 1 2 |1 7 1 16 13 9 17 11 11 19 9 1 13 1 1 2 |2 13 1 7 11 19 15 42 20 27 1 1 1 1 1 1 |10 14 12 8 13 4 26 71 240 168 23 25 17 8 1 1 |5 15 5 10 14 10 14 112 266 272 211 21 15 1 5 1 |6 1 20 1 14 1 17 29 150 273 224 30 6 9 5 16 |1 2 9 2 5 1 1 1 6 44 54 4 1 14 14 1 |1 7 8 9 2 14 1 1 1 22 14 1 1 1 8 14 |9 1 1 6 1 1 1 10 15 11 1 1 3 5 17 15 |
12865: 1 11 2 1 1 1 1 1 1 9 7 2 5 1 3 8 |2 5 2 5 1 1 1 3 1 9 1 15 24 1 1 5 |13 13 17 6 1 2 12 10 3 11 8 1 9 6 1 3 |1 12 11 1 11 7 12 31 8 12 7 16 1 1 1 2 |1 7 1 16 13 9 17 11 11 19 9 1 13 1 1 2 |2 13 1 7 11 19 15 42 20 27 1 1 1 1 1 1 |10 14 12 8 13 4 26 71 240 168 23 25 17 8 1 1 |5 15 5 10 14 10 14 112 266 272 211 21 15 1 5 1 |6 1 20 1 14 1 17 29 150 273 224 30 6 9 5 16 |1 2 9 2 5 1 1 1 6 44 54 4 1 14 14 1 |1 7 8 9 2 14 1 1 1 22 14 1 1 1 8 14 |9 1 1 6 1 1 1 10 15 11 1 1 3 5 17 15 |
12876: 1 4 1 1 1 8 1 1 1 9 5 2 6 1 4 9 |8 5 1 1 2 1 1 15 1 9 3 15 24 2 1 5 |8 7 16 6 13 8 11 9 12 11 11 1 1 5 1 4 |1 5 17 1 2 1 12 31 7 9 3 16 1 1 1 1 |1 1 9 6 15 9 16 11 11 19 9 1 13 1 1 2 |2 19 1 19 11 19 16 50 33 27 2 5 2 6 3 1 |5 13 17 3 1 1 38 88 238 170 30 22 18 1 1 9 |1 26 8 1 13 6 5 119 273 270 210 21 16 4 1 1 |3 1 19 1 13 3 17 18 174 269 226 45 10 5 1 11 |1 2 9 4 1 1 1 14 15 44 59 10 1 19 17 1 |1 7 8 9 2 14 1 1 1 22 14 1 1 1 8 14 |9 1 1 6 1 1 1 10 15 11 1 1 3 5 17 15 |
12887: 1 4 1 1 1 8 1 1 1 9 5 2 6 1 4 9 |8 5 1 1 2 1 1 15 1 9 3 15 24 2 1 5 |8 7 16 6 13 8 11 9 12 11 11 1 1 5 1 4 |1 5 17 1 2 1 12 31 7 9 3 16 1 1 1 1 |1 1 9 6 15 9 16 11 11 19 9 1 13 1 1 2 |2 19 1 19 11 19 16 50 33 27 2 5 2 6 3 1 |5 13 17 3 1 1 38 88 238 170 30 22 18 1 1 9 |1 26 8 1 13 6 5 119 273 270 210 21 16 4 1 1 |3 1 19 1 13 3 17 18 174 269 226 45 10 5 1 11 |1 2 9 4 1 1 1 14 15 44 59 10 1 19 17 1 |1 1 9 14 3 14 3 3 1 22 16 1 14 1 1 16 |12 1 1 7 1 7 8 10 15 11 12 6 2 6 18 10 |
12898: 1 4 1 1 1 8 1 1 1 9 5 2 6 1 4 9 |8 5 1 1 2 1 1 15 1 9 3 15 24 2 1 5 |8 7 16 6 13 8 11 9 12 11 11 1 1 5 1 4 |1 5 17 1 2 1 12 31 7 9 3 16 1 1 1 1 |1 1 9 6 15 9 16 11 11 19 9 1 13 1 1 2 |2 19 1 19 11 19 16 50 33 27 2 5 2 6 3 1 |5 13 17 3 1 1 38 88 238 170 30 22 18 1 1 9 |1 26 8 1 13 6 5 119 273 270 210 21 16 4 1 1 |3 1 19 1 13 3 17 18 174 269 226 45 10 5 1 11 |1 2 9 4 1 1 1 14 15 44 59 10 1 19 17 1 |1 1 9 14 3 14 3 3 1 22 16 1 14 1 1 16 |12 1 1 7 1 7 8 10 15 11 12 6 2 6 18 10 |
12909: 2 3 1 1 1 1 1 1 1 11 4 2 6 1 4 9 |8 1 1 1 3 1 1 11 1 9 1 16 19 1 1 2 |9 15 16 6 1 2 3 1 4 13 6 1 5 5 1 3 |1 11 12 3 12 12 12 30 7 11 7 18 1 4 1 1 |1 1 7 15 8 8 9 11 11 12 18 1 13 1 1 1 |2 17 1 7 11 13 5 36 32 26 1 1 3 1 2 1 |15 15 25 9 10 4 25 81 235 168 33 10 11 9 1 1 |1 6 3 1 6 1 11 115 259 270 208 20 11 4 1 9 |3 1 22 2 11 2 13 18 173 270 231 47 4 5 1 10 |1 2 10 15 1 2 1 15 15 52 48 3 1 18 14 1 |1 1 9 14 3 14 3 3 1 22 16 1 14 1 1 16 |12 1 1 7 1 7 8 10 15 11 12 6 2 6 18 10 |
12920: 2 3 1 1 1 1 1 1 1 11 4 2 6 1 4 9 |8 1 1 1 3 1 1 11 1 9 1 16 19 1 1 2 |9 15 16 6 1 2 3 1 4 13 6 1 5 5 1 3 |1 11 12 3 12 12 12 30 7 11 7 18 1 4 1 1 |1 1 7 15 8 8 9 11 11 12 18 1 13 1 1 1 |2 17 1 7 11 13 5 36 32 26 1 1 3 1 2 1 |15 15 25 9 10 4 25 81 235 168 33 10 11 9 1 1 |1 6 3 1 6 1 11 115 259 270 208 20 11 4 1 9 |3 1 22 2 11 2 13 18 173 270 231 47 4 5 1 10 |1 2 10 15 1 2 1 15 15 52 48 3 1 18 14 1 |1 7 6 6 15 8 4 2 1 21 15 6 7 1 1 17 |9 1 1 5 2 8 8 8 16 10 1 1 3 5 18 10 |
12931: 2 3 1 1 1 1 1 1 1 11 4 2 6 1 4 9 |8 1 1 1 3 1 1 11 1 9 1 16 19 1 1 2 |9 15 16 6 1 2 3 1 4 13 6 1 5 5 1 3 |1 11 12 3 12 12 12 30 7 11 7 18 1 4 1 1 |1 1 7 15 8 8 9 11 11 12 18 1 13 1 1 1 |2 17 1 7 11 13 5 36 32 26 1 1 3 1 2 1 |15 15 25 9 10 4 25 81 235 168 33 10 11 9 1 1 |1 6 3 1 6 1 11 115 259 270 208 20 11 4 1 9 |3 1 22 2 11 2 13 18 173 270 231 47 4 5 1 10 |1 2 10 15 1 2 1 15 15 52 48 3 1 18 14 1 |1 7 6 6 15 8 4 2 1 21 15 6 7 1 1 17 |9 1 1 5 2 8 8 8 16 10 1 1 3 5 18 10 |
12942: 2 9 1 1 1 7 1 4 14 9 4 1 13 1 4 9 |1 1 1 1 1 1 5 15 1 4 1 16 26 1 1 5 |10 6 16 6 1 1 9 1 1 12 12 1 5 4 1 5 |1 6 18 1 13 10 11 31 5 12 18 16 1 1 1 1 |1 1 7 15 1 8 6 10 3 9 9 1 1 1 1 1 |2 17 1 7 11 19 15 40 21 27 2 1 4 7 2 1 |12 19 18 18 11 1 27 63 214 155 31 24 13 7 2 3 |4 26 13 6 5 10 20 104 277 274 214 5 7 1 3 10 |3 1 12 1 4 2 21 17 156 259 247 51 11 18 1 10 |1 8 7 4 1 1 1 1 8 72 61 4 7 12 15 1 |1 7 6 7 3 14 3 3 1 21 15 1 1 1 1 16 |9 1 1 5 2 8 8 8 16 10 1 1 3 5 18 10 |
12953: 2 9 1 1 1 7 1 4 14 9 4 1 13 1 4 9 |1 1 1 1 1 1 5 15 1 4 1 16 26 1 1 5 |10 6 16 6 1 1 9 1 1 12 12 1 5 4 1 5 |1 6 18 1 13 10 11 31 5 12 18 16 1 1 1 1 |1 1 7 15 1 8 6 10 3 9 9 1 1 1 1 1 |2 17 1 7 11 19 15 40 21 27 2 1 4 7 2 1 |12 19 18 18 11 1 27 63 214 155 31 24 13 7 2 3 |4 26 13 6 5 10 20 104 277 274 214 5 7 1 3 10 |3 1 12 1 4 2 21 17 156 259 247 51 11 18 1 10 |1 8 7 4 1 1 1 1 8 72 61 4 7 12 15 1 |1 7 6 7 3 14 3 3 1 21 15 1 1 1 1 16 |8 1 1 7 1 7 1 8 15 25 4 1 3 5 18 10 |
12963: 1 4 1 1 1 1 1 5 14 4 6 2 5 1 4 4 |1 1 1 1 1 1 5 15 1 4 1 16 26 1 1 5 |10 6 16 6 1 1 9 1 1 12 12 1 5 4 1 5 |1 6 18 1 13 10 11 31 5 12 18 16 1 1 1 1 |1 1 7 15 1 8 6 10 3 9 9 1 1 1 1 1 |2 17 1 7 11 19 15 40 21 27 2 1 4 7 2 1 |12 19 18 18 11 1 27 63 214 155 31 24 13 7 2 3 |4 26 13 6 5 10 20 104 277 274 214 5 7 1 3 10 |3 1 12 1 4 2 21 17 156 259 247 51 11 18 1 10 |1 8 7 4 1 1 1 1 8 72 61 4 7 12 15 1 |1 7 6 7 3 14 3 3 1 21 15 1 1 1 1 16 |8 1 1 7 1 7 1 8 15 25 4 1 3 5 18 10 |
12974: 1 4 1 1 1 1 1 5 14 4 6 2 5 1 4 4 |1 5 3 1 2 1 1 3 1 8 1 15 23 1 1 5 |9 7 16 6 13 2 14 3 3 11 6 1 5 5 1 4 |1 6 2 1 12 9 11 28 7 8 7 17 1 1 1 1 |1 7 7 14 3 8 5 1 4 8 18 1 1 1 1 1 |1 12 1 7 1 18 1 22 24 20 1 1 8 1 1 1 |9 20 22 12 5 8 18 32 156 115 21 22 12 1 1 1 |1 17 16 2 15 1 1 51 248 274 224 21 13 3 1 2 |4 6 20 6 3 1 7 27 98 253 252 63 7 18 1 8 |1 1 15 3 12 12 1 1 20 58 78 18 1 19 18 1 |1 7 6 2 15 12 1 4 1 28 27 1 15 1 1 17 |8 1 1 7 1 7 1 8 15 25 4 1 3 5 18 10 |
12985: 1 4 1 1 1 1 1 5 14 4 6 2 5 1 4 4 |1 5 3 1 2 1 1 3 1 8 1 15 23 1 1 5 |9 7 16 6 13 2 14 3 3 11 6 1 5 5 1 4 |1 6 2 1 12 9 11 28 7 8 7 17 1 1 1 1 |1 7 7 14 3 8 5 1 4 8 18 1 1 1 1 1 |1 12 1 7 1 18 1 22 24 20 1 1 8 1 1 1 |9 20 22 12 5 8 18 32 156 115 21 22 12 1 1 1 |1 17 16 2 15 1 1 51 248 274 224 21 13 3 1 2 |4 6 20 6 3 1 7 27 98 253 252 63 7 18 1 8 |1 1 15 3 12 12 1 1 20 58 78 18 1 19 18 1 |1 7 6 2 15 12 1 4 1 28 27 1 15 1 1 17 |16 1 1 1 1 7 8 2 15 15 1 1 1 1 17 10 |
12996: 1 4 1 1 1 1 1 5 14 4 6 2 5 1 4 4 |1 5 3 1 2 1 1 3 1 8 1 15 23 1 1 5 |9 7 16 6 13 2 14 3 3 11 6 1 5 5 1 4 |1 6 2 1 12 9 11 28 7 8 7 17 1 1 1 1 |1 7 7 14 3 8 5 1 4 8 18 1 1 1 1 1 |1 12 1 7 1 18 1 22 24 20 1 1 8 1 1 1 |9 20 22 12 5 8 18 32 156 115 21 22 12 1 1 1 |1 17 16 2 15 1 1 51 248 274 224 21 13 3 1 2 |4 6 20 6 3 1 7 27 98 253 252 63 7 18 1 8 |1 1 15 3 12 12 1 1 20 58 78 18 1 19 18 1 |1 7 6 2 15 12 1 4 1 28 27 1 15 1 1 17 |16 1 1 1 1 7 8 2 15 15 1 1 1 1 17 10 |
13007: 2 9 1 1 1 2 4 4 13 4 6 2 5 1 3 8 |1 3 3 1 2 1 1 2 8 9 1 16 23 1 4 7 |8 2 16 6 12 9 13 8 8 10 8 1 1 5 1 3 |1 6 14 1 11 7 11 27 5 7 7 17 1 4 1 1 |1 1 6 13 7 1 1 1 11 13 18 1 13 1 1 1 |2 13 1 2 1 10 8 23 11 21 1 1 9 1 4 1 |7 1 12 1 1 1 2 1 30 31 34 24 11 1 1 1 |3 14 9 1 11 1 9 30 56 125 133 21 1 1 4 6 |3 7 10 2 9 4 18 20 32 76 88 49 1 5 4 11 |1 2 7 3 1 1 1 1 10 14 43 18 1 19 17 1 |1 7 6 2 15 7 1 7 1 20 18 8 15 1 7 15 |2 1 1 5 1 1 1 8 6 14 10 6 1 1 18 16 |
13018: 2 9 1 1 1 2 4 4 13 4 6 2 5 1 3 8 |1 3 3 1 2 1 1 2 8 9 1 16 23 1 4 7 |8 2 16 6 12 9 13 8 8 10 8 1 1 5 1 3 |1 6 14 1 11 7 11 27 5 7 7 17 1 4 1 1 |1 1 6 13 7 1 1 1 11 13 18 1 13 1 1 1 |2 13 1 2 1 10 8 23 11 21 1 1 9 1 4 1 |7 1 12 1 1 1 2 1 30 31 34 24 11 1 1 1 |3 14 9 1 11 1 9 30 56 125 133 21 1 1 4 6 |3 7 10 2 9 4 18 20 32 76 88 49 1 5 4 11 |1 2 7 3 1 1 1 1 10 14 43 18 1 19 17 1 |1 7 6 2 15 7 1 7 1 20 18 8 15 1 7 15 |2 1 1 5 1 1 1 8 6 14 10 6 1 1 18 16 |
13029: 1 10 3 1 1 7 1 4 7 1 1 1 13 1 3 4 |1 3 3 1 2 1 1 2 8 9 1 16 23 1 4 7 |8 2 16 6 12 9 13 8 8 10 8 1 1 5 1 3 |1 6 14 1 11 7 11 27 5 7 7 17 1 4 1 1 |1 1 6 13 7 1 1 1 11 13 18 1 13 1 1 1 |2 13 1 2 1 10 8 23 11 21 1 1 9 1 4 1 |7 1 12 1 1 1 2 1 30 31 34 24 11 1 1 1 |3 14 9 1 11 1 9 30 56 125 133 21 1 1 4 6 |3 7 10 2 9 4 18 20 32 76 88 49 1 5 4 11 |1 2 7 3 1 1 1 1 10 14 43 18 1 19 17 1 |1 7 6 2 15 7 1 7 1 20 18 8 15 1 7 15 |2 1 1 5 1 1 1 8 6 14 10 6 1 1 18 16 |
13040: 1 10 3 1 1 7 1 4 7 1 1 1 13 1 3 4 |1 1 4 4 3 1 1 3 6 4 4 14 23 1 1 6 |8 7 16 6 1 1 8 1 8 8 11 1 5 5 1 3 |1 7 14 1 11 5 10 24 1 10 2 16 1 4 1 2 |1 1 7 8 6 2 12 1 10 18 11 1 1 1 3 7 |1 19 1 5 1 8 10 10 3 9 1 1 3 6 1 1 |7 5 22 2 1 1 11 1 10 3 23 11 18 1 1 1 |1 2 2 1 1 1 10 9 14 10 9 8 8 1 3 6 |2 1 10 2 1 1 16 11 19 7 1 15 1 1 4 11 |1 2 4 3 12 7 1 1 1 1 18 1 1 19 17 1 |1 7 6 2 15 7 1 7 1 20 18 8 15 1 7 15 |2 1 1 5 1 1 1 8 6 14 10 6 1 1 18 16 |
13051: 1 10 3 1 1 7 1 4 7 1 1 1 13 1 3 4 |1 1 4 4 3 1 1 3 6 4 4 14 23 1 1 6 |8 7 16 6 1 1 8 1 8 8 11 1 5 5 1 3 |1 7 14 1 11 5 10 24 1 10 2 16 1 4 1 2 |1 1 7 8 6 2 12 1 10 18 11 1 1 1 3 7 |1 19 1 5 1 8 10 10 3 9 1 1 3 6 1 1 |7 5 22 2 1 1 11 1 10 3 23 11 18 1 1 1 |1 2 2 1 1 1 10 9 14 10 9 8 8 1 3 6 |2 1 10 2 1 1 16 11 19 7 1 15 1 1 4 11 |1 2 4 3 12 7 1 1 1 1 18 1 1 19 17 1 |1 1 7 6 15 9 3 9 1 19 22 9 9 1 7 15 |9 1 1 6 1 8 1 3 6 14 9 7 1 1 18 15 |
13062: 1 10 3 1 1 7 1 4 7 1 1 1 13 1 3 4 |1 1 4 4 3 1 1 3 6 4 4 14 23 1 1 6 |8 7 16 6 1 1 8 1 8 8 11 1 5 5 1 3 |1 7 14 1 11 5 10 24 1 10 2 16 1 4 1 2 |1 1 7 8 6 2 12 1 10 18 11 1 1 1 3 7 |1 19 1 5 1 8 10 10 3 9 1 1 3 6 1 1 |7 5 22 2 1 1 11 1 10 3 23 11 18 1 1 1 |1 2 2 1 1 1 10 9 14 10 9 8 8 1 3 6 |2 1 10 2 1 1 16 11 19 7 1 15 1 1 4 11 |1 2 4 3 12 7 1 1 1 1 18 1 1 19 17 1 |1 1 7 6 15 9 3 9 1 19 22 9 9 1 7 15 |9 1 1 6 1 8 1 3 6 14 9 7 1 1 18 15 |
13073: 2 2 2 1 1 1 8 1 1 2 1 1 1 1 2 4 |1 4 2 1 4 1 1 1 5 1 1 14 22 1 3 6 |7 9 11 2 12 7 17 9 1 1 1 4 6 4 1 1 |1 6 15 1 11 1 1 23 1 11 2 15 6 2 1 3 |1 1 1 1 8 1 11 4 8 17 11 1 13 1 1 1 |2 19 1 5 1 1 1 14 9 1 2 1 1 1 3 1 |1 5 21 5 1 1 8 1 1 4 8 4 15 1 1 1 |1 12 1 1 1 1 9 14 15 20 19 4 7 1 4 7 |1 7 6 2 1 1 15 1 9 17 1 22 8 1 3 10 |1 2 4 3 12 7 1 1 1 1 18 1 1 19 17 1 |1 1 7 6 15 9 3 9 1 19 22 9 9 1 7 15 |9 1 1 6 1 8 1 3 6 14 9 7 1 1 18 15 |
13084: 2 2 2 1 1 1 8 1 1 2 1 1 1 1 2 4 |1 4 2 1 4 1 1 1 5 1 1 14 22 1 3 6 |7 9 11 2 12 7 17 9 1 1 1 4 6 4 1 1 |1 6 15 1 11 1 1 23 1 11 2 15 6 2 1 3 |1 1 1 1 8 1 11 4 8 17 11 1 13 1 1 1 |2 19 1 5 1 1 1 14 9 1 2 1 1 1 3 1 |1 5 21 5 1 1 8 1 1 4 8 4 15 1 1 1 |1 12 1 1 1 1 9 14 15 20 19 4 7 1 4 7 |1 7 6 2 1 1 15 1 9 17 1 22 8 1 3 10 |2 2 9 3 12 7 1 1 1 1 5 11 5 19 16 1 |2 7 1 7 15 9 3 8 1 20 22 10 10 1 1 17 |11 1 1 6 1 8 6 11 13 7 13 7 3 6 18 15 |
13095: 1 1 1 1 1 1 5 4 7 3 1 1 7 1 3 3 |1 4 2 1 4 1 1 1 5 1 1 14 22 1 3 6 |7 9 11 2 12 7 17 9 1 1 1 4 6 4 1 1 |1 6 15 1 11 1 1 23 1 11 2 15 6 2 1 3 |1 1 1 1 8 1 11 4 8 17 11 1 13 1 1 1 |2 19 1 5 1 1 1 14 9 1 2 1 1 1 3 1 |1 5 21 5 1 1 8 1 1 4 8 4 15 1 1 1 |1 12 1 1 1 1 9 14 15 20 19 4 7 1 4 7 |1 7 6 2 1 1 15 1 9 17 1 22 8 1 3 10 |2 2 9 3 12 7 1 1 1 1 5 11 5 19 16 1 |2 7 1 7 15 9 3 8 1 20 22 10 10 1 1 17 |11 1 1 6 1 8 6 11 13 7 13 7 3 6 18 15 |
13106: 1 1 1 1 1 1 5 4 7 3 1 1 7 1 3 3 |1 1 1 1 2 1 8 2 6 1 1 9 22 1 1 5 |8 14 15 13 11 3 8 8 4 1 1 1 6 6 1 2 |1 5 17 1 12 3 3 23 1 12 12 17 1 1 1 1 |1 1 1 13 5 1 1 1 10 18 17 1 1 1 2 2 |2 13 2 5 1 1 1 14 10 6 3 1 8 1 4 1 |7 5 22 5 6 1 12 1 1 10 14 8 18 1 1 1 |1 12 1 1 1 2 9 8 10 8 22 9 1 3 2 7 |3 7 13 1 1 3 17 7 9 19 4 11 11 12 3 16 |2 2 9 3 12 7 1 1 1 1 5 11 5 19 16 1 |2 7 1 7 15 9 3 8 1 20 22 10 10 1 1 17 |11 1 1 6 1 8 6 11 13 7 13 7 3 6 18 15 |
13117: 1 1 1 1 1 1 5 4 7 3 1 1 7 1 3 3 |1 1 1 1 2 1 8 2 6 1 1 9 22 1 1 5 |8 14 15 13 11 3 8 8 4 1 1 1 6 6 1 2 |1 5 17 1 12 3 3 23 1 12 12 17 1 1 1 1 |1 1 1 13 5 1 1 1 10 18 17 1 1 1 2 2 |2 13 2 5 1 1 1 14 10 6 3 1 8 1 4 1 |7 5 22 5 6 1 12 1 1 10 14 8 18 1 1 1 |1 12 1 1 1 2 9 8 10 8 22 9 1 3 2 7 |3 7 13 1 1 3 17 7 9 19 4 11 11 12 3 16 |1 3 4 3 1 1 1 1 1 1 11 1 1 20 17 2 |2 1 8 6 1 16 1 8 1 20 18 7 8 1 1 17 |8 1 1 6 1 7 1 7 6 2 10 12 1 1 19 15 |
13128: 1 11 1 1 1 1 1 4 7 2 1 3 6 1 2 9 |1 9 1 1 1 1 1 2 5 1 3 14 19 1 1 5 |8 14 15 13 11 3 8 8 4 1 1 1 6 6 1 2 |1 5 17 1 12 3 3 23 1 12 12 17 1 1 1 1 |1 1 1 13 5 1 1 1 10 18 17 1 1 1 2 2 |2 13 2 5 1 1 1 14 10 6 3 1 8 1 4 1 |7 5 22 5 6 1 12 1 1 10 14 8 18 1 1 1 |1 12 1 1 1 2 9 8 10 8 22 9 1 3 2 7 |3 7 13 1 1 3 17 7 9 19 4 11 11 12 3 16 |1 3 4 3 1 1 1 1 1 1 11 1 1 20 17 2 |2 1 8 6 1 16 1 8 1 20 18 7 8 1 1 17 |8 1 1 6 1 7 1 7 6 2 10 12 1 1 19 15 |
13139: 1 11 1 1 1 1 1 4 7 2 1 3 6 1 2 9 |1 9 1 1 1 1 1 2 5 1 3 14 19 1 1 5 |8 2 15 6 13 7 13 8 4 1 1 1 8 3 1 3 |1 5 16 1 1 1 3 14 1 12 9 16 1 1 1 2 |1 7 7 13 7 1 12 1 10 17 16 1 1 1 1 1 |1 12 4 8 1 6 7 4 1 8 1 1 9 1 4 1 |7 5 23 2 1 1 11 2 1 1 24 16 6 1 1 1 |1 13 14 1 2 1 9 8 14 10 9 12 14 4 2 7 |2 7 7 2 1 1 15 8 13 6 10 20 8 6 4 10 |1 2 1 9 1 1 1 1 1 1 24 17 14 21 12 1 |2 1 8 6 1 16 1 8 1 20 18 7 8 1 1 17 |8 1 1 6 1 7 1 7 6 2 10 12 1 1 19 15 |
13150: 1 11 1 1 1 1 1 4 7 2 1 3 6 1 2 9 |1 9 1 1 1 1 1 2 5 1 3 14 19 1 1 5 |8 2 15 6 13 7 13 8 4 1 1 1 8 3 1 3 |1 5 16 1 1 1 3 14 1 12 9 16 1 1 1 2 |1 7 7 13 7 1 12 1 10 17 16 1 1 1 1 1 |1 12 4 8 1 6 7 4 1 8 1 1 9 1 4 1 |7 5 23 2 1 1 11 2 1 1 24 16 6 1 1 1 |1 13 14 1 2 1 9 8 14 10 9 12 14 4 2 7 |2 7 7 2 1 1 15 8 13 6 10 20 8 6 4 10 |1 2 1 9 1 1 1 1 1 1 24 17 14 21 12 1 |1 7 7 6 2 14 1 7 1 20 16 9 16 1 1 16 |12 8 1 7 1 6 1 7 6 3 10 7 1 1 19 16 |
13161: 2 4 5 1 1 1 1 1 1 4 1 1 13 1 4 8 |1 9 1 1 1 1 1 2 5 1 3 14 19 1 1 5 |8 2 15 6 13 7 13 8 4 1 1 1 8 3 1 3 |1 5 16 1 1 1 3 14 1 12 9 16 1 1 1 2 |1 7 7 13 7 1 12 1 10 17 16 1 1 1 1 1 |1 12 4 8 1 6 7 4 1 8 1 1 9 1 4 1 |7 5 23 2 1 1 11 2 1 1 24 16 6 1 1 1 |1 13 14 1 2 1 9 8 14 10 9 12 14 4 2 7 |2 7 7 2 1 1 15 8 13 6 10 20 8 6 4 10 |1 2 1 9 1 1 1 1 1 1 24 17 14 21 12 1 |1 7 7 6 2 14 1 7 1 20 16 9 16 1 1 16 |12 8 1 7 1 6 1 7 6 3 10 7 1 1 19 16 |
13172: 2 4 5 1 1 1 1 1 1 4 1 1 13 1 4 8 |8 2 1 1 1 1 5 3 6 3 1 15 23 1 1 5 |9 2 17 6 12 8 10 8 3 9 1 1 8 5 1 3 |1 5 17 2 7 1 14 24 5 14 16 17 5 3 1 1 |1 7 1 6 1 7 12 1 10 19 16 1 1 1 1 1 |1 5 1 5 8 1 9 8 5 10 1 1 8 1 5 1 |7 5 24 6 1 1 1 11 6 17 18 24 15 1 1 1 |3 13 1 1 11 1 10 16 26 17 30 27 9 1 3 8 |2 7 7 2 1 1 15 8 13 6 10 20 8 6 4 10 |1 2 1 9 1 1 1 1 1 1 24 17 14 21 12 1 |1 7 7 6 2 14 1 7 1 20 16 9 16 1 1 16 |12 8 1 7 1 6 1 7 6 3 10 7 1 1 19 16 |
13183: 2 4 5 1 1 1 1 1 1 4 1 1 13 1 4 8 |8 2 1 1 1 1 5 3 6 3 1 15 23 1 1 5 |9 2 17 6 12 8 10 8 3 9 1 1 8 5 1 3 |1 5 17 2 7 1 14 24 5 14 16 17 5 3 1 1 |1 7 1 6 1 7 12 1 10 19 16 1 1 1 1 1 |1 5 1 5 8 1 9 8 5 10 1 1 8 1 5 1 |7 5 24 6 1 1 1 11 6 17 18 24 15 1 1 1 |3 13 1 1 11 1 10 16 26 17 30 27 9 1 3 8 |1 8 10 3 5 3 18 11 28 22 54 125 47 8 1 5 |1 3 6 3 13 8 1 1 2 12 34 69 57 22 17 8 |2 1 1 8 15 13 2 8 1 20 22 8 11 1 13 17 |11 1 1 6 1 8 8 5 14 17 11 14 8 6 18 16 |
13194: 1 1 1 1 1 1 1 4 8 1 1 1 14 1 8 9 |1 2 3 1 3 1 17 15 1 9 1 9 17 1 3 3 |9 7 16 6 1 14 13 1 10 6 9 9 7 1 1 4 |1 5 17 2 7 1 14 24 5 14 16 17 5 3 1 1 |1 7 1 6 1 7 12 1 10 19 16 1 1 1 1 1 |1 5 1 5 8 1 9 8 5 10 1 1 8 1 5 1 |7 5 24 6 1 1 1 11 6 17 18 24 15 1 1 1 |3 13 1 1 11 1 10 16 26 17 30 27 9 1 3 8 |1 8 10 3 5 3 18 11 28 22 54 125 47 8 1 5 |1 3 6 3 13 8 1 1 2 12 34 69 57 22 17 8 |2 1 1 8 15 13 2 8 1 20 22 8 11 1 13 17 |11 1 1 6 1 8 8 5 14 17 11 14 8 6 18 16 |
13205: 1 1 1 1 1 1 1 4 8 1 1 1 14 1 8 9 |1 2 3 1 3 1 17 15 1 9 1 9 17 1 3 3 |9 7 16 6 1 14 13 1 10 6 9 9 7 1 1 4 |1 15 12 1 12 10 11 28 5 15 14 8 1 7 1 2 |1 7 1 14 2 1 3 1 1 18 14 9 14 11 2 3 |2 12 1 20 9 14 1 22 12 19 11 9 9 11 1 1 |7 5 24 10 1 1 12 7 19 29 66 42 24 7 1 1 |4 15 16 7 13 3 1 12 37 111 273 224 95 1 1 1 |1 4 10 8 4 1 18 7 16 72 234 261 236 61 1 7 |1 4 10 23 11 1 1 10 5 12 76 186 194 33 17 1 |3 1 8 8 1 14 1 8 1 7 16 10 24 2 14 18 |11 1 1 6 1 8 8 5 14 17 11 14 8 6 18 16 |
13216: 1 1 1 1 1 1 1 4 8 1 1 1 14 1 8 9 |1 2 3 1 3 1 17 15 1 9 1 9 17 1 3 3 |9 7 16 6 1 14 13 1 10 6 9 9 7 1 1 4 |1 15 12 1 12 10 11 28 5 15 14 8 1 7 1 2 |1 7 1 14 2 1 3 1 1 18 14 9 14 11 2 3 |2 12 1 20 9 14 1 22 12 19 11 9 9 11 1 1 |7 5 24 10 1 1 12 7 19 29 66 42 24 7 1 1 |4 15 16 7 13 3 1 12 37 111 273 224 95 1 1 1 |1 4 10 8 4 1 18 7 16 72 234 261 236 61 1 7 |1 4 10 23 11 1 1 10 5 12 76 186 194 33 17 1 |3 1 8 8 1 14 1 8 1 7 16 10 24 2 14 18 |13 2 2 7 1 8 7 7 6 15 1 3 1 1 18 15 |
13227: 1 11 1 1 1 2 1 4 9 1 1 1 15 1 4 17 |1 2 3 1 3 1 17 15 1 9 1 9 17 1 3 3 |9 7 16 6 1 14 13 1 10 6 9 9 7 1 1 4 |1 15 12 1 12 10 11 28 5 15 14 8 1 7 1 2 |1 7 1 14 2 1 3 1 1 18 14 9 14 11 2 3 |2 12 1 20 9 14 1 22 12 19 11 9 9 11 1 1 |7 5 24 10 1 1 12 7 19 29 66 42 24 7 1 1 |4 15 16 7 13 3 1 12 37 111 273 224 95 1 1 1 |1 4 10 8 4 1 18 7 16 72 234 261 236 61 1 7 |1 4 10 23 11 1 1 10 5 12 76 186 194 33 17 1 |3 1 8 8 1 14 1 8 1 7 16 10 24 2 14 18 |13 2 2 7 1 8 7 7 6 15 1 3 1 1 18 15 |
13238: 1 11 1 1 1 2 1 4 9 1 1 1 15 1 4 17 |8 5 1 1 2 1 2 17 9 8 1 5 23 1 1 6 |10 13 16 7 11 15 20 1 10 6 11 9 15 1 1 4 |1 5 9 1 12 9 11 30 5 4 13 8 1 1 1 1 |1 1 7 14 2 8 1 1 1 12 7 10 14 9 1 1 |2 13 1 3 12 8 1 13 18 20 11 8 11 7 1 1 |8 4 12 2 1 7 13 8 21 25 76 48 26 1 1 1 |1 15 8 10 13 4 4 10 36 107 275 242 102 9 3 3 |7 2 18 1 2 2 14 19 22 72 241 261 258 80 12 13 |1 4 10 23 11 1 1 10 5 12 76 186 194 33 17 1 |3 1 8 8 1 14 1 8 1 7 16 10 24 2 14 18 |13 2 2 7 1 8 7 7 6 15 1 3 1 1 18 15 |
13249: 1 11 1 1 1 2 1 4 9 1 1 1 15 1 4 17 |8 5 1 1 2 1 2 17 9 8 1 5 23 1 1 6 |10 13 16 7 11 15 20 1 10 6 11 9 15 1 1 4 |1 5 9 1 12 9 11 30 5 4 13 8 1 1 1 1 |1 1 7 14 2 8 1 1 1 12 7 10 14 9 1 1 |2 13 1 3 12 8 1 13 18 20 11 8 11 7 1 1 |8 4 12 2 1 7 13 8 21 25 76 48 26 1 1 1 |1 15 8 10 13 4 4 10 36 107 275 242 102 9 3 3 |7 2 18 1 2 2 14 19 22 72 241 261 258 80 12 13 |1 9 8 17 5 13 8 1 11 12 85 209 221 49 4 1 |3 1 8 7 15 7 2 8 1 8 29 19 39 2 1 17 |12 1 1 22 1 8 7 8 6 14 4 3 1 1 19 16 |
13260: 1 11 1 1 1 2 1 4 9 1 1 1 15 1 4 17 |8 5 1 1 2 1 2 17 9 8 1 5 23 1 1 6 |10 13 16 7 11 15 20 1 10 6 11 9 15 1 1 4 |1 5 9 1 12 9 11 30 5 4 13 8 1 1 1 1 |1 1 7 14 2 8 1 1 1 12 7 10 14 9 1 1 |2 13 1 3 12 8 1 13 18 20 11 8 11 7 1 1 |8 4 12 2 1 7 13 8 21 25 76 48 26 1 1 1 |1 15 8 10 13 4 4 10 36 107 275 242 102 9 3 3 |7 2 18 1 2 2 14 19 22 72 241 261 258 80 12 13 |1 9 8 17 5 13 8 1 11 12 85 209 221 49 4 1 |3 1 8 7 15 7 2 8 1 8 29 19 39 2 1 17 |12 1 1 22 1 8 7 8 6 14 4 3 1 1 19 16 |
13293: 2 9 1 1 1 1 1 1 1 4 7 8 6 1 11 7 |1 3 1 1 3 1 14 8 1 6 1 8 30 1 1 4 |10 14 16 13 10 7 17 9 9 9 7 14 9 1 1 4 |1 5 15 2 7 7 12 24 6 14 18 12 1 7 1 3 |1 1 1 1 8 2 1 1 11 18 14 10 14 11 1 1 |2 12 1 6 7 8 9 15 4 18 3 9 9 7 3 1 |8 4 12 2 1 7 13 8 21 25 76 48 26 1 1 1 |1 15 8 10 13 4 4 10 36 107 275 242 102 9 3 3 |7 2 18 1 2 2 14 19 22 72 241 261 258 80 12 13 |1 9 8 17 5 13 8 1 11 12 85 209 221 49 4 1 |3 1 8 7 15 7 2 8 1 8 29 19 39 2 1 17 |12 1 1 22 1 8 7 8 6 14 4 3 1 1 19 16 |
13304: 2 9 1 1 1 1 1 1 1 4 7 8 6 1 11 7 |1 3 1 1 3 1 14 8 1 6 1 8 30 1 1 4 |10 14 16 13 10 7 17 9 9 9 7 14 9 1 1 4 |1 5 15 2 7 7 12 24 6 14 18 12 1 7 1 3 |1 1 1 1 8 2 1 1 11 18 14 10 14 11 1 1 |2 12 1 6 7 8 9 15 4 18 3 9 9 7 3 1 |8 5 25 9 1 1 1 12 8 13 34 26 17 11 1 1 |1 15 14 1 12 9 5 15 26 29 147 204 99 10 1 11 |5 1 8 3 12 1 1 21 15 36 173 274 259 133 3 23 |1 1 17 15 9 13 8 8 5 14 60 182 251 132 12 11 |2 1 8 8 15 14 1 1 3 19 23 11 42 10 3 16 |8 7 2 6 1 8 1 1 6 9 1 15 4 14 14 3 |
13315: 2 9 1 1 1 1 1 1 1 4 7 8 6 1 11 7 |1 3 1 1 3 1 14 8 1 6 1 8 30 1 1 4 |10 14 16 13 10 7 17 9 9 9 7 14 9 1 1 4 |1 5 15 2 7 7 12 24 6 14 18 12 1 7 1 3 |1 1 1 1 8 2 1 1 11 18 14 10 14 11 1 1 |2 12 1 6 7 8 9 15 4 18 3 9 9 7 3 1 |8 5 25 9 1 1 1 12 8 13 34 26 17 11 1 1 |1 15 14 1 12 9 5 15 26 29 147 204 99 10 1 11 |5 1 8 3 12 1 1 21 15 36 173 274 259 133 3 23 |1 1 17 15 9 13 8 8 5 14 60 182 251 132 12 11 |2 1 8 8 15 14 1 1 3 19 23 11 42 10 3 16 |8 7 2 6 1 8 1 1 6 9 1 15 4 14 14 3 |
13326: 2 11 1 1 1 1 9 1 1 3 1 1 15 1 2 5 |1 5 1 1 3 1 1 9 1 7 5 11 31 1 1 2 |9 2 15 6 14 8 14 10 8 4 8 9 7 1 1 3 |1 5 15 2 7 7 12 24 6 14 18 12 1 7 1 3 |1 1 1 1 8 2 1 1 11 18 14 10 14 11 1 1 |2 12 1 6 7 8 9 15 4 18 3 9 9 7 3 1 |8 5 25 9 1 1 1 12 8 13 34 26 17 11 1 1 |1 15 14 1 12 9 5 15 26 29 147 204 99 10 1 11 |5 1 8 3 12 1 1 21 15 36 173 274 259 133 3 23 |1 1 17 15 9 13 8 8 5 14 60 182 251 132 12 11 |2 1 8 8 15 14 1 1 3 19 23 11 42 10 3 16 |8 7 2 6 1 8 1 1 6 9 1 15 4 14 14 3 |
13337: 2 11 1 1 1 1 9 1 1 3 1 1 15 1 2 5 |1 5 1 1 3 1 1 9 1 7 5 11 31 1 1 2 |9 2 15 6 14 8 14 10 8 4 8 9 7 1 1 3 |1 3 17 1 12 7 2 18 1 13 6 20 7 10 1 2 |1 5 1 8 6 2 13 1 10 12 18 7 8 8 3 7 |2 17 1 1 7 1 1 15 5 15 1 1 11 8 3 1 |8 5 24 6 1 1 11 1 10 16 17 20 12 1 1 1 |3 13 13 1 11 1 10 9 21 30 74 131 99 8 1 7 |3 1 16 2 12 1 18 19 22 20 107 275 265 134 1 23 |1 9 14 14 4 1 1 15 3 14 43 148 252 135 4 8 |3 2 8 10 3 15 3 9 1 20 29 5 50 9 14 18 |13 1 1 7 1 7 7 7 6 14 11 11 7 6 19 16 |
13347: 2 11 1 1 1 1 9 1 1 3 1 1 15 1 2 5 |1 5 1 1 3 1 1 9 1 7 5 11 31 1 1 2 |9 2 15 6 14 8 14 10 8 4 8 9 7 1 1 3 |1 3 17 1 12 7 2 18 1 13 6 20 7 10 1 2 |1 5 1 8 6 2 13 1 10 12 18 7 8 8 3 7 |2 17 1 1 7 1 1 15 5 15 1 1 11 8 3 1 |8 5 24 6 1 1 11 1 10 16 17 20 12 1 1 1 |3 13 13 1 11 1 10 9 21 30 74 131 99 8 1 7 |3 1 16 2 12 1 18 19 22 20 107 275 265 134 1 23 |1 9 14 14 4 1 1 15 3 14 43 148 252 135 4 8 |3 2 8 10 3 15 3 9 1 20 29 5 50 9 14 18 |13 1 1 7 1 7 7 7 6 14 11 11 7 6 19 16 |
13358: 1 1 2 1 1 1 10 3 7 2 2 1 14 1 3 4 |1 5 2 1 2 1 1 2 6 3 3 15 25 1 1 5 |9 2 1 3 12 6 8 8 4 1 8 8 15 1 1 4 |1 3 17 1 12 7 2 18 1 13 6 20 7 10 1 2 |1 5 1 8 6 2 13 1 10 12 18 7 8 8 3 7 |2 17 1 1 7 1 1 15 5 15 1 1 11 8 3 1 |8 5 24 6 1 1 11 1 10 16 17 20 12 1 1 1 |3 13 13 1 11 1 10 9 21 30 74 131 99 8 1 7 |3 1 16 2 12 1 18 19 22 20 107 275 265 134 1 23 |1 9 14 14 4 1 1 15 3 14 43 148 252 135 4 8 |3 2 8 10 3 15 3 9 1 20 29 5 50 9 14 18 |13 1 1 7 1 7 7 7 6 14 11 11 7 6 19 16 |
13369: 1 1 2 1 1 1 10 3 7 2 2 1 14 1 3 4 |1 5 2 1 2 1 1 2 6 3 3 15 25 1 1 5 |9 2 1 3 12 6 8 8 4 1 8 8 15 1 1 4 |1 6 14 4 12 2 6 15 6 13 10 19 5 7 1 2 |1 1 1 1 1 1 13 1 10 19 17 2 15 7 1 1 |2 11 1 6 1 7 1 14 11 11 1 9 10 11 3 1 |8 5 16 2 7 1 9 1 1 4 14 13 25 7 1 1 |3 2 1 3 6 1 9 8 10 9 30 38 41 3 1 6 |6 1 19 1 1 3 14 5 9 8 29 163 155 48 1 7 |1 2 9 8 1 1 1 9 1 14 34 94 124 48 7 9 |3 2 8 10 3 15 3 9 1 20 29 5 50 9 14 18 |13 1 1 7 1 7 7 7 6 14 11 11 7 6 19 16 |
13380: 1 1 2 1 1 1 10 3 7 2 2 1 14 1 3 4 |1 5 2 1 2 1 1 2 6 3 3 15 25 1 1 5 |9 2 1 3 12 6 8 8 4 1 8 8 15 1 1 4 |1 6 14 4 12 2 6 15 6 13 10 19 5 7 1 2 |1 1 1 1 1 1 13 1 10 19 17 2 15 7 1 1 |2 11 1 6 1 7 1 14 11 11 1 9 10 11 3 1 |8 5 16 2 7 1 9 1 1 4 14 13 25 7 1 1 |3 2 1 3 6 1 9 8 10 9 30 38 41 3 1 6 |6 1 19 1 1 3 14 5 9 8 29 163 155 48 1 7 |1 2 9 8 1 1 1 9 1 14 34 94 124 48 7 9 |3 2 9 4 15 13 1 7 1 20 22 17 42 4 1 1 |8 1 1 6 1 7 1 7 6 14 11 10 1 1 19 16 |
13391: 1 1 4 1 1 1 10 1 1 1 1 3 7 3 17 8 |1 5 2 1 2 1 1 2 6 3 3 15 25 1 1 5 |9 2 1 3 12 6 8 8 4 1 8 8 15 1 1 4 |1 6 14 4 12 2 6 15 6 13 10 19 5 7 1 2 |1 1 1 1 1 1 13 1 10 19 17 2 15 7 1 1 |2 11 1 6 1 7 1 14 11 11 1 9 10 11 3 1 |8 5 16 2 7 1 9 1 1 4 14 13 25 7 1 1 |3 2 1 3 6 1 9 8 10 9 30 38 41 3 1 6 |6 1 19 1 1 3 14 5 9 8 29 163 155 48 1 7 |1 2 9 8 1 1 1 9 1 14 34 94 124 48 7 9 |3 2 9 4 15 13 1 7 1 20 22 17 42 4 1 1 |8 1 1 6 1 7 1 7 6 14 11 10 1 1 19 16 |
13402: 1 1 4 1 1 1 10 1 1 1 1 3 7 3 17 8 |1 3 3 1 2 1 1 2 6 3 3 14 24 1 1 5 |8 7 1 3 12 7 17 10 3 1 7 1 9 4 1 3 |1 6 16 1 12 6 3 24 1 12 2 17 1 1 1 1 |1 6 1 7 1 7 3 1 9 18 16 1 13 1 1 1 |2 11 5 6 1 1 1 14 10 6 4 1 8 1 4 1 |7 4 16 1 1 1 1 12 2 3 2 4 6 1 1 1 |2 1 1 1 1 1 8 14 15 20 18 8 2 3 2 8 |3 7 10 2 1 1 16 7 9 16 1 26 9 20 1 17 |1 2 9 8 1 1 1 9 1 14 34 94 124 48 7 9 |3 2 9 4 15 13 1 7 1 20 22 17 42 4 1 1 |8 1 1 6 1 7 1 7 6 14 11 10 1 1 19 16 |
13413: 1 1 4 1 1 1 10 1 1 1 1 3 7 3 17 8 |1 3 3 1 2 1 1 2 6 3 3 14 24 1 1 5 |8 7 1 3 12 7 17 10 3 1 7 1 9 4 1 3 |1 6 16 1 12 6 3 24 1 12 2 17 1 1 1 1 |1 6 1 7 1 7 3 1 9 18 16 1 13 1 1 1 |2 11 5 6 1 1 1 14 10 6 4 1 8 1 4 1 |7 4 16 1 1 1 1 12 2 3 2 4 6 1 1 1 |2 1 1 1 1 1 8 14 15 20 18 8 2 3 2 8 |3 7 10 2 1 1 16 7 9 16 1 26 9 20 1 17 |1 2 7 2 1 1 1 1 1 1 10 1 14 26 18 1 |3 2 9 7 16 13 2 8 1 18 22 4 9 1 15 16 |9 1 1 5 1 1 1 7 6 3 11 12 1 1 20 8 |
13424: 1 10 1 1 1 1 1 4 7 1 1 2 7 2 19 9 |1 2 2 1 2 1 1 2 6 4 4 14 25 1 1 6 |8 7 1 3 12 7 17 10 3 1 7 1 9 4 1 3 |1 6 16 1 12 6 3 24 1 12 2 17 1 1 1 1 |1 6 1 7 1 7 3 1 9 18 16 1 13 1 1 1 |2 11 5 6 1 1 1 14 10 6 4 1 8 1 4 1 |7 4 16 1 1 1 1 12 2 3 2 4 6 1 1 1 |2 1 1 1 1 1 8 14 15 20 18 8 2 3 2 8 |3 7 10 2 1 1 16 7 9 16 1 26 9 20 1 17 |1 2 7 2 1 1 1 1 1 1 10 1 14 26 18 1 |3 2 9 7 16 13 2 8 1 18 22 4 9 1 15 16 |9 1 1 5 1 1 1 7 6 3 11 12 1 1 20 8 |
13435: 1 10 1 1 1 1 1 4 7 1 1 2 7 2 19 9 |1 2 2 1 2 1 1 2 6 4 4 14 25 1 1 6 |7 14 15 13 1 4 13 9 8 1 1 1 8 1 1 4 |1 5 11 1 10 1 3 22 1 12 10 16 1 1 1 2 |1 1 1 8 1 1 10 6 8 17 17 1 1 7 1 1 |1 11 3 8 1 1 1 13 10 1 2 1 8 1 1 1 |6 15 24 5 7 1 1 11 1 1 3 7 18 1 1 1 |1 2 1 1 1 3 1 15 20 5 11 1 7 1 5 8 |3 2 10 1 5 2 16 8 8 16 3 19 8 5 3 17 |1 2 7 2 1 1 1 1 1 1 10 1 14 26 18 1 |3 2 9 7 16 13 2 8 1 18 22 4 9 1 15 16 |9 1 1 5 1 1 1 7 6 3 11 12 1 1 20 8 |
13446: 1 10 1 1 1 1 1 4 7 1 1 2 7 2 19 9 |1 2 2 1 2 1 1 2 6 4 4 14 25 1 1 6 |7 14 15 13 1 4 13 9 8 1 1 1 8 1 1 4 |1 5 11 1 10 1 3 22 1 12 10 16 1 1 1 2 |1 1 1 8 1 1 10 6 8 17 17 1 1 7 1 1 |1 11 3 8 1 1 1 13 10 1 2 1 8 1 1 1 |6 15 24 5 7 1 1 11 1 1 3 7 18 1 1 1 |1 2 1 1 1 3 1 15 20 5 11 1 7 1 5 8 |3 2 10 1 5 2 16 8 8 16 3 19 8 5 3 17 |1 1 2 3 12 7 1 9 1 5 11 10 1 20 12 1 |2 2 8 7 15 13 1 1 4 18 22 2 17 1 1 16 |9 1 1 5 1 8 1 8 5 3 10 12 1 1 19 8 |
13457: 1 10 1 1 1 1 1 4 7 1 1 2 7 2 19 9 |1 2 2 1 2 1 1 2 6 4 4 14 25 1 1 6 |7 14 15 13 1 4 13 9 8 1 1 1 8 1 1 4 |1 5 11 1 10 1 3 22 1 12 10 16 1 1 1 2 |1 1 1 8 1 1 10 6 8 17 17 1 1 7 1 1 |1 11 3 8 1 1 1 13 10 1 2 1 8 1 1 1 |6 15 24 5 7 1 1 11 1 1 3 7 18 1 1 1 |1 2 1 1 1 3 1 15 20 5 11 1 7 1 5 8 |3 2 10 1 5 2 16 8 8 16 3 19 8 5 3 17 |1 1 2 3 12 7 1 9 1 5 11 10 1 20 12 1 |2 2 8 7 15 13 1 1 4 18 22 2 17 1 1 16 |9 1 1 5 1 8 1 8 5 3 10 12 1 1 19 8 |
13468: 2 10 1 1 1 9 1 1 1 2 1 3 7 1 3 9 |2 5 1 1 1 1 1 2 7 3 4 14 19 1 1 5 |9 14 15 6 12 7 6 10 9 1 10 1 8 6 1 3 |1 7 15 3 8 1 3 23 1 11 13 14 1 1 1 1 |1 1 7 1 5 1 11 4 7 17 11 1 1 7 1 1 |2 11 2 8 1 1 6 15 11 7 3 1 8 1 1 1 |7 3 7 12 1 1 1 11 1 1 3 4 19 1 1 1 |1 7 2 1 1 3 9 13 19 17 19 1 7 2 2 7 |3 2 10 1 5 2 16 8 8 16 3 19 8 5 3 17 |1 1 2 3 12 7 1 9 1 5 11 10 1 20 12 1 |2 2 8 7 15 13 1 1 4 18 22 2 17 1 1 16 |9 1 1 5 1 8 1 8 5 3 10 12 1 1 19 8 |
13479: 2 10 1 1 1 9 1 1 1 2 1 3 7 1 3 9 |2 5 1 1 1 1 1 2 7 3 4 14 19 1 1 5 |9 14 15 6 12 7 6 10 9 1 10 1 8 6 1 3 |1 7 15 3 8 1 3 23 1 11 13 14 1 1 1 1 |1 1 7 1 5 1 11 4 7 17 11 1 1 7 1 1 |2 11 2 8 1 1 6 15 11 7 3 1 8 1 1 1 |7 3 7 12 1 1 1 11 1 1 3 4 19 1 1 1 |1 7 2 1 1 3 9 13 19 17 19 1 7 2 2 7 |3 2 6 2 1 2 17 8 20 11 3 20 9 10 1 9 |1 2 4 1 1 1 1 1 1 1 5 11 6 22 12 1 |1 1 8 7 15 14 3 8 1 19 23 10 16 2 15 16 |13 1 1 7 1 6 1 9 16 9 10 8 1 1 19 8 |
13490: 2 10 1 1 1 9 1 1 1 2 1 3 7 1 3 9 |2 5 1 1 1 1 1 2 7 3 4 14 19 1 1 5 |9 14 15 6 12 7 6 10 9 1 10 1 8 6 1 3 |1 7 15 3 8 1 3 23 1 11 13 14 1 1 1 1 |1 1 7 1 5 1 11 4 7 17 11 1 1 7 1 1 |2 11 2 8 1 1 6 15 11 7 3 1 8 1 1 1 |7 3 7 12 1 1 1 11 1 1 3 4 19 1 1 1 |1 7 2 1 1 3 9 13 19 17 19 1 7 2 2 7 |3 2 6 2 1 2 17 8 20 11 3 20 9 10 1 9 |1 2 4 1 1 1 1 1 1 1 5 11 6 22 12 1 |1 1 8 7 15 14 3 8 1 19 23 10 16 2 15 16 |13 1 1 7 1 6 1 9 16 9 10 8 1 1 19 8 |
13501: 2 2 4 1 1 1 1 1 8 1 1 1 7 1 23 9 |2 3 3 4 1 1 1 3 7 4 4 13 19 1 1 14 |8 3 17 6 13 6 6 9 3 1 8 1 9 4 1 3 |1 6 15 1 12 3 3 20 5 13 10 16 5 1 1 2 |1 7 1 1 11 6 12 1 10 18 11 1 1 8 1 2 |2 1 1 6 1 1 1 15 3 8 4 1 9 10 5 2 |7 3 23 5 6 1 12 1 1 11 14 9 5 9 1 1 |2 1 1 1 10 1 9 8 10 21 21 9 16 1 4 8 |3 2 6 2 1 2 17 8 20 11 3 20 9 10 1 9 |1 2 4 1 1 1 1 1 1 1 5 11 6 22 12 1 |1 1 8 7 15 14 3 8 1 19 23 10 16 2 15 16 |13 1 1 7 1 6 1 9 16 9 10 8 1 1 19 8 |
13512: 2 2 4 1 1 1 1 1 8 1 1 1 7 1 23 9 |2 3 3 4 1 1 1 3 7 4 4 13 19 1 1 14 |8 3 17 6 13 6 6 9 3 1 8 1 9 4 1 3 |1 6 15 1 12 3 3 20 5 13 10 16 5 1 1 2 |1 7 1 1 11 6 12 1 10 18 11 1 1 8 1 2 |2 1 1 6 1 1 1 15 3 8 4 1 9 10 5 2 |7 3 23 5 6 1 12 1 1 11 14 9 5 9 1 1 |2 1 1 1 10 1 9 8 10 21 21 9 16 1 4 8 |2 1 5 2 3 2 16 10 12 18 1 32 14 21 3 6 |1 2 7 8 1 1 1 1 1 1 22 6 32 36 19 2 |4 2 8 10 9 14 1 8 1 19 22 1 33 10 16 13 |9 1 1 6 1 8 8 8 6 15 11 14 11 7 6 6 |
13523: 2 2 4 1 1 1 1 1 8 1 1 1 7 1 23 9 |2 3 3 4 1 1 1 3 7 4 4 13 19 1 1 14 |8 3 17 6 13 6 6 9 3 1 8 1 9 4 1 3 |1 6 15 1 12 3 3 20 5 13 10 16 5 1 1 2 |1 7 1 1 11 6 12 1 10 18 11 1 1 8 1 2 |2 1 1 6 1 1 1 15 3 8 4 1 9 10 5 2 |7 3 23 5 6 1 12 1 1 11 14 9 5 9 1 1 |2 1 1 1 10 1 9 8 10 21 21 9 16 1 4 8 |2 1 5 2 3 2 16 10 12 18 1 32 14 21 3 6 |1 2 7 8 1 1 1 1 1 1 22 6 32 36 19 2 |4 2 8 10 9 14 1 8 1 19 22 1 33 10 16 13 |9 1 1 6 1 8 8 8 6 15 11 14 11 7 6 6 |
13534: 2 3 1 1 1 2 1 1 1 1 4 1 14 8 3 18 |8 2 1 1 3 1 2 14 8 8 3 15 23 8 7 13 |10 15 16 7 12 8 14 1 10 6 5 1 7 1 1 4 |1 1 9 1 12 7 11 29 3 15 12 18 6 3 1 1 |1 1 1 14 1 1 1 1 11 13 18 2 16 11 1 1 |2 13 2 11 5 9 9 17 16 3 3 1 11 10 1 1 |8 2 11 1 1 1 13 1 12 18 23 13 25 4 1 1 |3 2 2 1 2 3 4 7 26 29 26 17 42 10 1 10 |2 1 5 2 3 2 16 10 12 18 1 32 14 21 3 6 |1 2 7 8 1 1 1 1 1 1 22 6 32 36 19 2 |4 2 8 10 9 14 1 8 1 19 22 1 33 10 16 13 |9 1 1 6 1 8 8 8 6 15 11 14 11 7 6 6 |
13545: 2 3 1 1 1 2 1 1 1 1 4 1 14 8 3 18 |8 2 1 1 3 1 2 14 8 8 3 15 23 8 7 13 |10 15 16 7 12 8 14 1 10 6 5 1 7 1 1 4 |1 1 9 1 12 7 11 29 3 15 12 18 6 3 1 1 |1 1 1 14 1 1 1 1 11 13 18 2 16 11 1 1 |2 13 2 11 5 9 9 17 16 3 3 1 11 10 1 1 |8 2 11 1 1 1 13 1 12 18 23 13 25 4 1 1 |3 2 2 1 2 3 4 7 26 29 26 17 42 10 1 10 |3 1 18 1 12 1 5 20 27 25 16 168 240 131 1 10 |1 10 15 17 11 14 9 1 4 14 21 130 259 263 139 9 |4 2 1 17 14 1 1 1 1 21 22 6 134 222 104 8 |21 1 1 2 1 8 7 8 15 16 1 3 7 23 15 10 |
13556: 1 1 1 1 1 7 1 1 1 1 4 1 2 12 18 18 |8 2 1 1 3 1 2 14 8 8 3 15 23 8 7 13 |10 15 16 7 12 8 14 1 10 6 5 1 7 1 1 4 |1 1 9 1 12 7 11 29 3 15 12 18 6 3 1 1 |1 1 1 14 1 1 1 1 11 13 18 2 16 11 1 1 |2 13 2 11 5 9 9 17 16 3 3 1 11 10 1 1 |8 2 11 1 1 1 13 1 12 18 23 13 25 4 1 1 |3 2 2 1 2 3 4 7 26 29 26 17 42 10 1 10 |3 1 18 1 12 1 5 20 27 25 16 168 240 131 1 10 |1 10 15 17 11 14 9 1 4 14 21 130 259 263 139 9 |4 2 1 17 14 1 1 1 1 21 22 6 134 222 104 8 |21 1 1 2 1 8 7 8 15 16 1 3 7 23 15 10 |
13567: 1 1 1 1 1 7 1 1 1 1 4 1 2 12 18 18 |10 6 1 1 1 1 17 16 7 2 5 16 17 7 12 19 |10 14 17 6 9 15 15 1 12 10 9 9 15 13 2 6 |1 6 2 1 12 10 10 27 5 16 13 20 1 4 2 1 |1 7 6 14 1 7 11 3 11 13 18 3 16 12 1 2 |1 12 1 16 1 9 1 19 16 16 8 9 10 14 1 1 |7 2 10 1 1 1 1 12 7 20 23 16 25 8 1 1 |3 2 2 1 2 3 4 7 26 29 26 17 42 10 1 10 |3 1 18 1 12 1 5 20 27 25 16 168 240 131 1 10 |1 10 15 17 11 14 9 1 4 14 21 130 259 263 139 9 |4 2 1 17 14 1 1 1 1 21 22 6 134 222 104 8 |21 1 1 2 1 8 7 8 15 16 1 3 7 23 15 10 |
13578: 1 1 1 1 1 7 1 1 1 1 4 1 2 12 18 18 |10 6 1 1 1 1 17 16 7 2 5 16 17 7 12 19 |10 14 17 6 9 15 15 1 12 10 9 9 15 13 2 6 |1 6 2 1 12 10 10 27 5 16 13 20 1 4 2 1 |1 7 6 14 1 7 11 3 11 13 18 3 16 12 1 2 |1 12 1 16 1 9 1 19 16 16 8 9 10 14 1 1 |7 2 10 1 1 1 1 12 7 20 23 16 25 8 1 1 |2 13 2 1 10 1 11 15 26 29 26 27 36 11 6 13 |6 3 6 1 11 1 18 17 27 18 19 166 254 149 11 24 |1 3 16 15 1 1 1 12 8 2 33 134 252 275 150 11 |4 3 1 9 9 11 2 3 1 19 23 18 134 241 145 20 |20 1 1 24 1 7 2 8 6 14 1 3 6 33 28 9 |
13589: 1 1 1 1 1 7 1 1 1 1 4 1 2 12 18 18 |10 6 1 1 1 1 17 16 7 2 5 16 17 7 12 19 |10 14 17 6 9 15 15 1 12 10 9 9 15 13 2 6 |1 6 2 1 12 10 10 27 5 16 13 20 1 4 2 1 |1 7 6 14 1 7 11 3 11 13 18 3 16 12 1 2 |1 12 1 16 1 9 1 19 16 16 8 9 10 14 1 1 |7 2 10 1 1 1 1 12 7 20 23 16 25 8 1 1 |2 13 2 1 10 1 11 15 26 29 26 27 36 11 6 13 |6 3 6 1 11 1 18 17 27 18 19 166 254 149 11 24 |1 3 16 15 1 1 1 12 8 2 33 134 252 275 150 11 |4 3 1 9 9 11 2 3 1 19 23 18 134 241 145 20 |20 1 1 24 1 7 2 8 6 14 1 3 6 33 28 9 |
13600: 1 12 1 1 1 10 8 1 1 1 6 1 16 5 25 15 |9 6 1 1 1 1 16 8 8 9 1 7 31 10 6 13 |10 21 12 8 1 14 15 2 10 5 8 8 15 3 4 5 |1 13 12 1 12 8 11 29 1 16 17 20 2 4 8 1 |1 1 1 14 8 6 1 1 11 20 11 9 17 12 1 2 |2 12 2 12 1 10 9 21 10 16 1 4 11 10 5 1 |12 11 25 5 1 1 1 1 11 8 14 16 25 6 9 1 |3 8 15 1 1 1 10 13 26 28 31 26 37 10 1 8 |6 3 6 1 11 1 18 17 27 18 19 166 254 149 11 24 |1 3 16 15 1 1 1 12 8 2 33 134 252 275 150 11 |4 3 1 9 9 11 2 3 1 19 23 18 134 241 145 20 |20 1 1 24 1 7 2 8 6 14 1 3 6 33 28 9 |
13611: 1 12 1 1 1 10 8 1 1 1 6 1 16 5 25 15 |9 6 1 1 1 1 16 8 8 9 1 7 31 10 6 13 |10 21 12 8 1 14 15 2 10 5 8 8 15 3 4 5 |1 13 12 1 12 8 11 29 1 16 17 20 2 4 8 1 |1 1 1 14 8 6 1 1 11 20 11 9 17 12 1 2 |2 12 2 12 1 10 9 21 10 16 1 4 11 10 5 1 |12 11 25 5 1 1 1 1 11 8 14 16 25 6 9 1 |3 8 15 1 1 1 10 13 26 28 31 26 37 10 1 8 |5 1 21 1 13 3 4 6 21 8 18 134 254 147 1 18 |1 10 9 4 1 2 1 4 1 1 16 109 260 268 162 18 |3 6 7 17 15 5 1 7 5 19 21 19 132 242 149 14 |20 1 2 7 1 8 8 8 6 15 11 11 7 34 28 16 |
13622: 1 12 1 1 1 10 8 1 1 1 6 1 16 5 25 15 |9 6 1 1 1 1 16 8 8 9 1 7 31 10 6 13 |10 21 12 8 1 14 15 2 10 5 8 8 15 3 4 5 |1 13 12 1 12 8 11 29 1 16 17 20 2 4 8 1 |1 1 1 14 8 6 1 1 11 20 11 9 17 12 1 2 |2 12 2 12 1 10 9 21 10 16 1 4 11 10 5 1 |12 11 25 5 1 1 1 1 11 8 14 16 25 6 9 1 |3 8 15 1 1 1 10 13 26 28 31 26 37 10 1 8 |5 1 21 1 13 3 4 6 21 8 18 134 254 147 1 18 |1 10 9 4 1 2 1 4 1 1 16 109 260 268 162 18 |3 6 7 17 15 5 1 7 5 19 21 19 132 242 149 14 |20 1 2 7 1 8 8 8 6 15 11 11 7 34 28 16 |
13633: 2 1 1 1 1 7 11 4 1 1 1 1 1 8 8 23 |8 6 1 1 1 1 15 8 8 8 1 6 32 8 6 18 |10 17 17 7 1 14 15 1 11 5 6 9 15 14 7 3 |1 6 17 3 8 1 12 30 5 12 12 19 1 4 9 1 |1 1 7 15 1 7 3 1 11 19 17 2 17 17 1 2 |1 21 1 7 1 9 9 9 16 16 4 9 10 18 1 1 |8 13 23 6 1 1 12 1 12 9 16 16 25 7 1 1 |3 8 7 1 10 1 8 10 10 26 29 19 44 11 1 9 |5 1 21 1 13 3 4 6 21 8 18 134 254 147 1 18 |1 10 9 4 1 2 1 4 1 1 16 109 260 268 162 18 |3 6 7 17 15 5 1 7 5 19 21 19 132 242 149 14 |20 1 2 7 1 8 8 8 6 15 11 11 7 34 28 16 |
13644: 2 1 1 1 1 7 11 4 1 1 1 1 1 8 8 23 |8 6 1 1 1 1 15 8 8 8 1 6 32 8 6 18 |10 17 17 7 1 14 15 1 11 5 6 9 15 14 7 3 |1 6 17 3 8 1 12 30 5 12 12 19 1 4 9 1 |1 1 7 15 1 7 3 1 11 19 17 2 17 17 1 2 |1 21 1 7 1 9 9 9 16 16 4 9 10 18 1 1 |8 13 23 6 1 1 12 1 12 9 16 16 25 7 1 1 |3 8 7 1 10 1 8 10 10 26 29 19 44 11 1 9 |9 2 17 1 13 3 18 18 27 22 6 140 248 144 1 24 |1 1 16 19 6 7 1 13 1 1 20 117 263 271 180 12 |5 4 4 9 17 11 2 3 4 20 17 5 121 240 172 28 |20 1 1 7 1 7 7 3 16 15 1 15 15 41 34 12 |
13655: 2 1 1 1 1 7 11 4 1 1 1 1 1 8 8 23 |8 6 1 1 1 1 15 8 8 8 1 6 32 8 6 18 |10 17 17 7 1 14 15 1 11 5 6 9 15 14 7 3 |1 6 17 3 8 1 12 30 5 12 12 19 1 4 9 1 |1 1 7 15 1 7 3 1 11 19 17 2 17 17 1 2 |1 21 1 7 1 9 9 9 16 16 4 9 10 18 1 1 |8 13 23 6 1 1 12 1 12 9 16 16 25 7 1 1 |3 8 7 1 10 1 8 10 10 26 29 19 44 11 1 9 |9 2 17 1 13 3 18 18 27 22 6 140 248 144 1 24 |1 1 16 19 6 7 1 13 1 1 20 117 263 271 180 12 |5 4 4 9 17 11 2 3 4 20 17 5 121 240 172 28 |20 1 1 7 1 7 7 3 16 15 1 15 15 41 34 12 |
13666: 1 3 1 1 1 7 1 1 1 1 6 8 2 9 19 22 |9 6 1 1 1 1 7 10 8 8 1 17 29 11 6 18 |11 17 16 7 1 3 15 12 11 6 8 8 15 15 7 4 |1 6 16 2 8 6 11 29 6 13 12 20 1 5 8 1 |1 8 1 16 2 7 1 1 10 19 17 9 16 11 1 2 |1 18 1 6 8 9 8 12 12 1 1 1 11 14 1 1 |7 5 22 5 1 1 1 11 6 19 23 19 11 1 1 1 |2 1 8 1 3 1 9 10 14 25 14 20 40 9 1 7 |9 2 17 1 13 3 18 18 27 22 6 140 248 144 1 24 |1 1 16 19 6 7 1 13 1 1 20 117 263 271 180 12 |5 4 4 9 17 11 2 3 4 20 17 5 121 240 172 28 |20 1 1 7 1 7 7 3 16 15 1 15 15 41 34 12 |
13677: 1 3 1 1 1 7 1 1 1 1 6 8 2 9 19 22 |9 6 1 1 1 1 7 10 8 8 1 17 29 11 6 18 |11 17 16 7 1 3 15 12 11 6 8 8 15 15 7 4 |1 6 16 2 8 6 11 29 6 13 12 20 1 5 8 1 |1 8 1 16 2 7 1 1 10 19 17 9 16 11 1 2 |1 18 1 6 8 9 8 12 12 1 1 1 11 14 1 1 |7 5 22 5 1 1 1 11 6 19 23 19 11 1 1 1 |2 1 8 1 3 1 9 10 14 25 14 20 40 9 1 7 |6 6 13 1 1 3 17 18 20 7 4 117 242 142 6 25 |1 7 15 7 1 14 4 1 1 7 15 101 259 277 166 19 |1 8 5 5 15 13 1 7 4 7 10 19 127 242 157 29 |20 1 1 7 1 8 1 1 21 14 1 14 15 39 29 15 |
13688: 3 8 1 1 1 9 12 1 1 1 1 1 2 1 25 16 |9 6 1 1 1 1 7 10 8 8 1 17 29 11 6 18 |11 17 16 7 1 3 15 12 11 6 8 8 15 15 7 4 |1 6 16 2 8 6 11 29 6 13 12 20 1 5 8 1 |1 8 1 16 2 7 1 1 10 19 17 9 16 11 1 2 |1 18 1 6 8 9 8 12 12 1 1 1 11 14 1 1 |7 5 22 5 1 1 1 11 6 19 23 19 11 1 1 1 |2 1 8 1 3 1 9 10 14 25 14 20 40 9 1 7 |6 6 13 1 1 3 17 18 20 7 4 117 242 142 6 25 |1 7 15 7 1 14 4 1 1 7 15 101 259 277 166 19 |1 8 5 5 15 13 1 7 4 7 10 19 127 242 157 29 |20 1 1 7 1 8 1 1 21 14 1 14 15 39 29 15 |
13699: 3 8 1 1 1 9 12 1 1 1 1 1 2 1 25 16 |8 3 1 1 3 2 16 8 7 5 1 15 25 10 6 19 |9 16 17 7 1 2 4 1 10 10 12 4 15 12 8 3 |1 5 1 1 13 8 11 27 4 16 11 19 1 5 9 1 |1 1 7 15 2 7 13 1 1 17 18 1 16 11 1 2 |2 12 3 11 1 1 1 4 1 11 1 1 12 11 1 1 |7 5 23 9 2 1 12 1 4 5 25 18 25 4 1 1 |2 1 8 1 3 1 9 10 14 25 14 20 40 9 1 7 |6 6 13 1 1 3 17 18 20 7 4 117 242 142 6 25 |1 7 15 7 1 14 4 1 1 7 15 101 259 277 166 19 |1 8 5 5 15 13 1 7 4 7 10 19 127 242 157 29 |20 1 1 7 1 8 1 1 21 14 1 14 15 39 29 15 |
13709: 3 8 1 1 1 9 12 1 1 1 1 1 2 1 25 16 |8 3 1 1 3 2 16 8 7 5 1 15 25 10 6 19 |9 16 17 7 1 2 4 1 10 10 12 4 15 12 8 3 |1 5 1 1 13 8 11 27 4 16 11 19 1 5 9 1 |1 1 7 15 2 7 13 1 1 17 18 1 16 11 1 2 |2 12 3 11 1 1 1 4 1 11 1 1 12 11 1 1 |7 5 23 9 2 1 12 1 4 5 25 18 25 4 1 1 |3 3 15 1 1 1 9 9 10 11 9 18 33 9 1 8 |2 9 12 1 10 1 18 18 27 13 12 67 182 146 13 18 |1 3 9 24 17 15 8 1 1 1 26 65 259 277 166 4 |1 1 9 16 15 10 4 3 1 4 15 17 107 240 148 9 |18 1 1 21 1 7 8 8 16 10 12 11 7 26 20 18 |
13720: 3 8 1 1 1 9 12 1 1 1 1 1 2 1 25 16 |8 3 1 1 3 2 16 8 7 5 1 15 25 10 6 19 |9 16 17 7 1 2 4 1 10 10 12 4 15 12 8 3 |1 5 1 1 13 8 11 27 4 16 11 19 1 5 9 1 |1 1 7 15 2 7 13 1 1 17 18 1 16 11 1 2 |2 12 3 11 1 1 1 4 1 11 1 1 12 11 1 1 |7 5 23 9 2 1 12 1 4 5 25 18 25 4 1 1 |3 3 15 1 1 1 9 9 10 11 9 18 33 9 1 8 |2 9 12 1 10 1 18 18 27 13 12 67 182 146 13 18 |1 3 9 24 17 15 8 1 1 1 26 65 259 277 166 4 |1 1 9 16 15 10 4 3 1 4 15 17 107 240 148 9 |18 1 1 21 1 7 8 8 16 10 12 11 7 26 20 18 |
13731: 2 4 1 1 1 1 1 1 1 1 1 1 14 10 19 18 |9 5 1 1 1 1 1 11 6 8 1 16 30 11 6 18 |11 12 16 6 13 9 20 1 11 5 11 2 10 11 7 5 |1 6 17 1 9 8 10 28 4 14 12 19 5 11 2 1 |1 8 7 8 8 2 13 1 10 19 17 1 15 11 1 2 |2 17 1 6 1 1 8 9 3 9 1 1 11 9 1 1 |7 5 23 12 1 1 11 1 1 1 23 18 12 1 1 1 |1 13 2 1 1 1 9 8 10 20 20 10 15 1 1 8 |2 9 12 1 10 1 18 18 27 13 12 67 182 146 13 18 |1 3 9 24 17 15 8 1 1 1 26 65 259 277 166 4 |1 1 9 16 15 10 4 3 1 4 15 17 107 240 148 9 |18 1 1 21 1 7 8 8 16 10 12 11 7 26 20 18 |
13742: 2 4 1 1 1 1 1 1 1 1 1 1 14 10 19 18 |9 5 1 1 1 1 1 11 6 8 1 16 30 11 6 18 |11 12 16 6 13 9 20 1 11 5 11 2 10 11 7 5 |1 6 17 1 9 8 10 28 4 14 12 19 5 11 2 1 |1 8 7 8 8 2 13 1 10 19 17 1 15 11 1 2 |2 17 1 6 1 1 8 9 3 9 1 1 11 9 1 1 |7 5 23 12 1 1 11 1 1 1 23 18 12 1 1 1 |1 13 2 1 1 1 9 8 10 20 20 10 15 1 1 8 |5 8 7 1 1 4 17 11 13 6 1 28 39 40 10 17 |4 2 2 8 1 12 1 1 1 1 24 25 92 116 29 1 |4 2 9 15 13 15 1 1 5 19 16 9 40 22 19 22 |20 1 1 7 1 8 8 8 16 14 11 15 5 7 8 9 |
13753: 2 4 1 1 1 1 1 1 1 1 1 1 14 10 19 18 |9 5 1 1 1 1 1 11 6 8 1 16 30 11 6 18 |11 12 16 6 13 9 20 1 11 5 11 2 10 11 7 5 |1 6 17 1 9 8 10 28 4 14 12 19 5 11 2 1 |1 8 7 8 8 2 13 1 10 19 17 1 15 11 1 2 |2 17 1 6 1 1 8 9 3 9 1 1 11 9 1 1 |7 5 23 12 1 1 11 1 1 1 23 18 12 1 1 1 |1 13 2 1 1 1 9 8 10 20 20 10 15 1 1 8 |5 8 7 1 1 4 17 11 13 6 1 28 39 40 10 17 |4 2 2 8 1 12 1 1 1 1 24 25 92 116 29 1 |4 2 9 15 13 15 1 1 5 19 16 9 40 22 19 22 |20 1 1 7 1 8 8 8 16 14 11 15 5 7 8 9 |
13764: 1 2 1 1 1 10 1 4 8 1 5 1 13 1 9 17 |9 3 1 5 1 1 1 2 7 4 1 15 24 1 1 14 |12 11 16 7 1 1 17 8 10 7 10 1 1 1 1 6 |1 6 16 2 10 6 11 14 1 13 13 16 4 1 1 1 |1 1 1 2 5 6 11 1 10 19 16 1 1 1 1 1 |2 13 2 8 1 1 5 15 4 7 3 1 8 1 1 1 |7 5 23 12 1 1 11 1 1 1 23 18 12 1 1 1 |1 13 2 1 1 1 9 8 10 20 20 10 15 1 1 8 |5 8 7 1 1 4 17 11 13 6 1 28 39 40 10 17 |4 2 2 8 1 12 1 1 1 1 24 25 92 116 29 1 |4 2 9 15 13 15 1 1 5 19 16 9 40 22 19 22 |20 1 1 7 1 8 8 8 16 14 11 15 5 7 8 9 |
13775: 1 2 1 1 1 10 1 4 8 1 5 1 13 1 9 17 |9 3 1 5 1 1 1 2 7 4 1 15 24 1 1 14 |12 11 16 7 1 1 17 8 10 7 10 1 1 1 1 6 |1 6 16 2 10 6 11 14 1 13 13 16 4 1 1 1 |1 1 1 2 5 6 11 1 10 19 16 1 1 1 1 1 |2 13 2 8 1 1 5 15 4 7 3 1 8 1 1 1 |7 5 23 5 1 1 10 11 1 1 3 5 5 1 1 1 |2 1 2 1 3 1 8 13 20 17 19 1 9 1 4 8 |3 8 6 2 1 1 13 6 20 15 5 20 10 18 2 9 |1 2 7 1 2 1 1 1 1 1 7 1 1 22 12 1 |3 9 8 15 15 13 2 9 1 19 17 9 23 1 16 10 |13 1 1 8 1 5 1 8 6 13 11 12 1 1 20 9 |
13786: 1 2 1 1 1 10 1 4 8 1 5 1 13 1 9 17 |9 3 1 5 1 1 1 2 7 4 1 15 24 1 1 14 |12 11 16 7 1 1 17 8 10 7 10 1 1 1 1 6 |1 6 16 2 10 6 11 14 1 13 13 16 4 1 1 1 |1 1 1 2 5 6 11 1 10 19 16 1 1 1 1 1 |2 13 2 8 1 1 5 15 4 7 3 1 8 1 1 1 |7 5 23 5 1 1 10 11 1 1 3 5 5 1 1 1 |2 1 2 1 3 1 8 13 20 17 19 1 9 1 4 8 |3 8 6 2 1 1 13 6 20 15 5 20 10 18 2 9 |1 2 7 1 2 1 1 1 1 1 7 1 1 22 12 1 |3 9 8 15 15 13 2 9 1 19 17 9 23 1 16 10 |13 1 1 8 1 5 1 8 6 13 11 12 1 1 20 9 |
13797: 3 4 1 1 1 1 1 1 1 2 6 2 7 3 25 15 |8 6 1 1 1 1 1 3 7 4 1 15 19 1 1 6 |10 15 18 6 13 8 10 8 9 1 1 1 9 4 1 5 |1 6 17 1 6 1 1 14 5 11 5 16 1 1 1 1 |1 7 1 1 10 2 2 1 8 17 18 1 1 7 1 1 |2 7 1 6 1 1 1 14 3 7 1 1 8 1 1 1 |7 4 23 5 1 1 11 1 4 2 15 10 11 8 1 5 |1 12 1 1 1 3 9 13 20 12 18 1 7 1 4 8 |3 8 6 2 1 1 13 6 20 15 5 20 10 18 2 9 |1 2 7 1 2 1 1 1 1 1 7 1 1 22 12 1 |3 9 8 15 15 13 2 9 1 19 17 9 23 1 16 10 |13 1 1 8 1 5 1 8 6 13 11 12 1 1 20 9 |
13808: 3 4 1 1 1 1 1 1 1 2 6 2 7 3 25 15 |8 6 1 1 1 1 1 3 7 4 1 15 19 1 1 6 |10 15 18 6 13 8 10 8 9 1 1 1 9 4 1 5 |1 6 17 1 6 1 1 14 5 11 5 16 1 1 1 1 |1 7 1 1 10 2 2 1 8 17 18 1 1 7 1 1 |2 7 1 6 1 1 1 14 3 7 1 1 8 1 1 1 |7 4 23 5 1 1 11 1 4 2 15 10 11 8 1 5 |1 12 1 1 1 3 9 13 20 12 18 1 7 1 4 8 |1 1 5 2 1 2 16 7 8 4 3 19 1 5 1 18 |1 2 7 3 1 1 1 1 1 5 12 9 1 21 13 1 |4 2 9 25 8 1 3 9 1 19 17 7 8 1 13 1 |10 1 1 7 1 8 7 7 6 3 10 12 1 1 19 10 |
13819: 3 4 1 1 1 1 1 1 1 2 6 2 7 3 25 15 |8 6 1 1 1 1 1 3 7 4 1 15 19 1 1 6 |10 15 18 6 13 8 10 8 9 1 1 1 9 4 1 5 |1 6 17 1 6 1 1 14 5 11 5 16 1 1 1 1 |1 7 1 1 10 2 2 1 8 17 18 1 1 7 1 1 |2 7 1 6 1 1 1 14 3 7 1 1 8 1 1 1 |7 4 23 5 1 1 11 1 4 2 15 10 11 8 1 5 |1 12 1 1 1 3 9 13 20 12 18 1 7 1 4 8 |1 1 5 2 1 2 16 7 8 4 3 19 1 5 1 18 |1 2 7 3 1 1 1 1 1 5 12 9 1 21 13 1 |4 2 9 25 8 1 3 9 1 19 17 7 8 1 13 1 |10 1 1 7 1 8 7 7 6 3 10 12 1 1 19 10 |
13830: 2 3 1 1 1 2 1 5 3 2 1 3 12 4 19 15 |9 6 1 1 1 1 1 15 6 7 3 14 22 1 1 6 |10 14 16 6 13 8 10 10 3 1 6 1 9 5 1 4 |1 1 2 4 7 7 10 17 1 12 12 17 1 1 1 1 |1 1 1 8 6 1 13 1 10 17 17 1 1 1 1 1 |2 12 3 11 8 1 8 15 9 1 3 1 8 1 4 1 |7 6 17 1 7 1 1 1 1 1 16 11 19 1 1 1 |1 12 1 1 1 3 9 13 20 12 18 1 7 1 4 8 |1 1 5 2 1 2 16 7 8 4 3 19 1 5 1 18 |1 2 7 3 1 1 1 1 1 5 12 9 1 21 13 1 |4 2 9 25 8 1 3 9 1 19 17 7 8 1 13 1 |10 1 1 7 1 8 7 7 6 3 10 12 1 1 19 10 |
13841: 2 3 1 1 1 2 1 5 3 2 1 3 12 4 19 15 |9 6 1 1 1 1 1 15 6 7 3 14 22 1 1 6 |10 14 16 6 13 8 10 10 3 1 6 1 9 5 1 4 |1 1 2 4 7 7 10 17 1 12 12 17 1 1 1 1 |1 1 1 8 6 1 13 1 10 17 17 1 1 1 1 1 |2 12 3 11 8 1 8 15 9 1 3 1 8 1 4 1 |7 6 17 1 7 1 1 1 1 1 16 11 19 1 1 1 |3 8 2 1 1 2 10 13 19 17 19 1 7 2 5 8 |3 2 7 1 3 2 15 1 8 16 3 18 1 5 1 17 |1 7 9 3 12 7 1 1 1 1 18 8 5 22 18 7 |3 1 9 13 15 14 1 8 1 20 16 7 5 1 16 12 |20 1 1 22 1 8 7 7 6 14 10 12 1 7 19 9 |
13852: 2 3 1 1 1 2 1 5 3 2 1 3 12 4 19 15 |9 6 1 1 1 1 1 15 6 7 3 14 22 1 1 6 |10 14 16 6 13 8 10 10 3 1 6 1 9 5 1 4 |1 1 2 4 7 7 10 17 1 12 12 17 1 1 1 1 |1 1 1 8 6 1 13 1 10 17 17 1 1 1 1 1 |2 12 3 11 8 1 8 15 9 1 3 1 8 1 4 1 |7 6 17 1 7 1 1 1 1 1 16 11 19 1 1 1 |3 8 2 1 1 2 10 13 19 17 19 1 7 2 5 8 |3 2 7 1 3 2 15 1 8 16 3 18 1 5 1 17 |1 7 9 3 12 7 1 1 1 1 18 8 5 22 18 7 |3 1 9 13 15 14 1 8 1 20 16 7 5 1 16 12 |20 1 1 22 1 8 7 7 6 14 10 12 1 7 19 9 |
13863: 2 3 1 1 1 9 8 5 13 1 2 3 7 1 23 18 |9 2 1 1 1 1 1 3 8 9 4 14 19 3 7 13 |11 12 16 7 1 1 15 3 9 1 11 3 9 4 1 4 |1 7 17 1 13 9 10 14 1 12 12 17 2 1 1 1 |1 1 7 14 8 2 12 4 8 18 16 1 13 8 1 1 |1 12 3 12 1 5 9 10 3 1 3 1 3 1 3 1 |8 5 22 2 7 1 1 11 2 1 4 8 18 1 1 1 |1 13 3 1 1 1 9 13 20 12 18 1 8 1 2 8 |2 7 10 2 1 1 16 4 21 14 4 18 1 6 1 6 |1 2 10 9 1 1 1 1 1 5 13 10 5 21 13 1 |3 1 9 13 15 14 1 8 1 20 16 7 5 1 16 12 |20 1 1 22 1 8 7 7 6 14 10 12 1 7 19 9 |
13874: 2 3 1 1 1 9 8 5 13 1 2 3 7 1 23 18 |9 2 1 1 1 1 1 3 8 9 4 14 19 3 7 13 |11 12 16 7 1 1 15 3 9 1 11 3 9 4 1 4 |1 7 17 1 13 9 10 14 1 12 12 17 2 1 1 1 |1 1 7 14 8 2 12 4 8 18 16 1 13 8 1 1 |1 12 3 12 1 5 9 10 3 1 3 1 3 1 3 1 |8 5 22 2 7 1 1 11 2 1 4 8 18 1 1 1 |1 13 3 1 1 1 9 13 20 12 18 1 8 1 2 8 |2 7 10 2 1 1 16 4 21 14 4 18 1 6 1 6 |1 2 10 9 1 1 1 1 1 5 13 10 5 21 13 1 |1 1 8 14 15 12 3 9 1 19 16 7 4 1 17 12 |20 1 1 7 1 8 6 8 6 4 11 13 1 13 12 10 |
13885: 2 3 1 1 1 9 8 5 13 1 2 3 7 1 23 18 |9 2 1 1 1 1 1 3 8 9 4 14 19 3 7 13 |11 12 16 7 1 1 15 3 9 1 11 3 9 4 1 4 |1 7 17 1 13 9 10 14 1 12 12 17 2 1 1 1 |1 1 7 14 8 2 12 4 8 18 16 1 13 8 1 1 |1 12 3 12 1 5 9 10 3 1 3 1 3 1 3 1 |8 5 22 2 7 1 1 11 2 1 4 8 18 1 1 1 |1 13 3 1 1 1 9 13 20 12 18 1 8 1 2 8 |2 7 10 2 1 1 16 4 21 14 4 18 1 6 1 6 |1 2 10 9 1 1 1 1 1 5 13 10 5 21 13 1 |1 1 8 14 15 12 3 9 1 19 16 7 4 1 17 12 |20 1 1 7 1 8 6 8 6 4 11 13 1 13 12 10 |
13896: 2 2 1 1 1 7 1 1 1 1 8 1 14 1 8 18 |9 6 1 1 1 1 14 8 7 4 1 16 20 1 1 19 |10 4 16 6 1 2 13 1 10 5 1 1 8 5 2 5 |1 6 18 1 11 3 8 14 6 13 17 17 7 7 7 1 |1 1 1 1 8 2 1 1 10 19 15 1 14 9 1 2 |1 5 3 11 1 1 7 15 10 6 5 1 9 10 1 1 |8 5 23 5 1 1 11 1 1 11 14 10 4 1 1 1 |4 12 2 1 2 1 8 8 9 20 20 9 2 1 1 7 |1 9 10 1 1 2 17 7 12 17 1 29 19 21 9 11 |1 2 7 8 3 2 1 1 1 1 18 18 30 54 48 18 |1 1 8 14 15 12 3 9 1 19 16 7 4 1 17 12 |20 1 1 7 1 8 6 8 6 4 11 13 1 13 12 10 |
13907: 2 2 1 1 1 7 1 1 1 1 8 1 14 1 8 18 |9 6 1 1 1 1 14 8 7 4 1 16 20 1 1 19 |10 4 16 6 1 2 13 1 10 5 1 1 8 5 2 5 |1 6 18 1 11 3 8 14 6 13 17 17 7 7 7 1 |1 1 1 1 8 2 1 1 10 19 15 1 14 9 1 2 |1 5 3 11 1 1 7 15 10 6 5 1 9 10 1 1 |8 5 23 5 1 1 11 1 1 11 14 10 4 1 1 1 |4 12 2 1 2 1 8 8 9 20 20 9 2 1 1 7 |1 9 10 1 1 2 17 7 12 17 1 29 19 21 9 11 |1 2 7 8 3 2 1 1 1 1 18 18 30 54 48 18 |1 1 6 16 17 10 4 3 4 18 17 1 25 116 216 63 |22 7 10 21 1 8 1 14 20 21 8 14 10 39 123 58 |
13918: 2 2 1 1 1 7 1 1 1 1 8 1 14 1 8 18 |9 6 1 1 1 1 14 8 7 4 1 16 20 1 1 19 |10 4 16 6 1 2 13 1 10 5 1 1 8 5 2 5 |1 6 18 1 11 3 8 14 6 13 17 17 7 7 7 1 |1 1 1 1 8 2 1 1 10 19 15 1 14 9 1 2 |1 5 3 11 1 1 7 15 10 6 5 1 9 10 1 1 |8 5 23 5 1 1 11 1 1 11 14 10 4 1 1 1 |4 12 2 1 2 1 8 8 9 20 20 9 2 1 1 7 |1 9 10 1 1 2 17 7 12 17 1 29 19 21 9 11 |1 2 7 8 3 2 1 1 1 1 18 18 30 54 48 18 |1 1 6 16 17 10 4 3 4 18 17 1 25 116 216 63 |22 7 10 21 1 8 1 14 20 21 8 14 10 39 123 58 |
13929: 3 5 12 8 1 8 1 1 1 1 5 1 15 10 24 25 |10 6 1 1 1 7 13 13 1 9 1 16 29 11 6 7 |11 14 17 6 1 15 13 12 11 11 8 1 7 15 5 1 |1 9 15 1 1 9 12 29 5 13 13 18 5 14 1 1 |1 7 7 14 7 6 1 1 11 14 18 2 12 2 8 16 |2 17 1 5 10 11 8 13 11 2 7 1 10 11 4 9 |8 15 10 1 1 1 12 1 11 10 13 13 25 8 3 9 |4 12 9 1 3 2 4 4 25 26 28 19 25 10 3 1 |5 7 10 1 11 2 19 11 21 7 13 45 74 131 30 22 |1 1 1 24 7 1 1 11 11 1 13 26 183 263 241 64 |5 7 10 17 17 17 2 1 4 13 11 3 93 237 256 218 |22 7 10 21 1 8 1 14 20 21 8 14 10 39 123 58 |
13940: 3 5 12 8 1 8 1 1 1 1 5 1 15 10 24 25 |10 6 1 1 1 7 13 13 1 9 1 16 29 11 6 7 |11 14 17 6 1 15 13 12 11 11 8 1 7 15 5 1 |1 9 15 1 1 9 12 29 5 13 13 18 5 14 1 1 |1 7 7 14 7 6 1 1 11 14 18 2 12 2 8 16 |2 17 1 5 10 11 8 13 11 2 7 1 10 11 4 9 |8 15 10 1 1 1 12 1 11 10 13 13 25 8 3 9 |4 12 9 1 3 2 4 4 25 26 28 19 25 10 3 1 |5 7 10 1 11 2 19 11 21 7 13 45 74 131 30 22 |1 1 1 24 7 1 1 11 11 1 13 26 183 263 241 64 |5 7 10 17 17 17 2 1 4 13 11 3 93 237 256 218 |24 9 2 12 10 8 2 8 21 18 1 1 1 78 183 125 |
13951: 2 10 2 2 1 8 14 1 1 1 5 1 15 11 24 12 |10 6 1 1 1 7 13 13 1 9 1 16 29 11 6 7 |11 14 17 6 1 15 13 12 11 11 8 1 7 15 5 1 |1 9 15 1 1 9 12 29 5 13 13 18 5 14 1 1 |1 7 7 14 7 6 1 1 11 14 18 2 12 2 8 16 |2 17 1 5 10 11 8 13 11 2 7 1 10 11 4 9 |8 15 10 1 1 1 12 1 11 10 13 13 25 8 3 9 |4 12 9 1 3 2 4 4 25 26 28 19 25 10 3 1 |5 7 10 1 11 2 19 11 21 7 13 45 74 131 30 22 |1 1 1 24 7 1 1 11 11 1 13 26 183 263 241 64 |5 7 10 17 17 17 2 1 4 13 11 3 93 237 256 218 |24 9 2 12 10 8 2 8 21 18 1 1 1 78 183 125 |
13962: 2 10 2 2 1 8 14 1 1 1 5 1 15 11 24 12 |12 6 1 1 9 1 17 8 1 4 1 17 24 13 6 7 |12 14 17 7 12 16 21 3 9 5 10 8 7 13 5 1 |1 11 16 1 12 10 11 29 5 14 12 19 6 11 2 1 |1 7 1 13 9 2 11 3 11 13 18 3 15 12 5 17 |1 21 1 7 1 10 10 13 5 1 1 1 11 13 1 9 |8 4 11 1 1 1 12 1 9 12 24 18 25 7 7 3 |3 9 10 1 10 1 5 3 11 12 15 5 24 10 8 1 |3 9 10 2 9 2 17 11 12 7 11 35 72 139 31 24 |1 4 12 24 16 14 4 1 3 1 27 28 154 269 242 76 |1 1 9 16 11 13 1 1 5 14 9 6 79 242 254 233 |24 9 2 12 10 8 2 8 21 18 1 1 1 78 183 125 |
13973: 2 10 2 2 1 8 14 1 1 1 5 1 15 11 24 12 |12 6 1 1 9 1 17 8 1 4 1 17 24 13 6 7 |12 14 17 7 12 16 21 3 9 5 10 8 7 13 5 1 |1 11 16 1 12 10 11 29 5 14 12 19 6 11 2 1 |1 7 1 13 9 2 11 3 11 13 18 3 15 12 5 17 |1 21 1 7 1 10 10 13 5 1 1 1 11 13 1 9 |8 4 11 1 1 1 12 1 9 12 24 18 25 7 7 3 |3 9 10 1 10 1 5 3 11 12 15 5 24 10 8 1 |3 9 10 2 9 2 17 11 12 7 11 35 72 139 31 24 |1 4 12 24 16 14 4 1 3 1 27 28 154 269 242 76 |1 1 9 16 11 13 1 1 5 14 9 6 79 242 254 233 |23 8 9 14 1 9 4 9 14 22 5 2 1 92 191 151 |
13984: 2 10 2 2 1 8 14 1 1 1 5 1 15 11 24 12 |12 6 1 1 9 1 17 8 1 4 1 17 24 13 6 7 |12 14 17 7 12 16 21 3 9 5 10 8 7 13 5 1 |1 11 16 1 12 10 11 29 5 14 12 19 6 11 2 1 |1 7 1 13 9 2 11 3 11 13 18 3 15 12 5 17 |1 21 1 7 1 10 10 13 5 1 1 1 11 13 1 9 |8 4 11 1 1 1 12 1 9 12 24 18 25 7 7 3 |3 9 10 1 10 1 5 3 11 12 15 5 24 10 8 1 |3 9 10 2 9 2 17 11 12 7 11 35 72 139 31 24 |1 4 12 24 16 14 4 1 3 1 27 28 154 269 242 76 |1 1 9 16 11 13 1 1 5 14 9 6 79 242 254 233 |23 8 9 14 1 9 4 9 14 22 5 2 1 92 191 151 |
13995: 2 12 1 1 1 9 12 1 1 1 6 1 15 12 26 13 |10 16 1 1 3 1 16 8 1 4 1 16 29 12 7 7 |11 15 17 6 1 1 23 10 1 9 9 1 6 14 4 1 |1 13 10 1 1 8 12 29 5 14 13 19 5 1 1 9 |1 7 7 13 7 6 1 1 10 13 17 2 15 11 1 2 |1 20 1 5 1 1 7 6 5 1 1 1 11 15 1 9 |8 5 14 3 1 1 12 1 1 1 24 24 23 2 9 1 |6 8 1 1 1 1 9 11 22 18 21 1 10 11 9 14 |3 8 11 1 1 3 18 11 12 18 10 28 34 114 29 25 |1 10 17 14 8 14 1 1 1 1 17 20 120 262 247 68 |1 1 9 16 11 13 1 1 5 14 9 6 79 242 254 233 |23 8 9 14 1 9 4 9 14 22 5 2 1 92 191 151 |
14005: 2 12 1 1 1 9 12 1 1 1 6 1 15 12 26 13 |10 16 1 1 3 1 16 8 1 4 1 16 29 12 7 7 |11 15 17 6 1 1 23 10 1 9 9 1 6 14 4 1 |1 13 10 1 1 8 12 29 5 14 13 19 5 1 1 9 |1 7 7 13 7 6 1 1 10 13 17 2 15 11 1 2 |1 20 1 5 1 1 7 6 5 1 1 1 11 15 1 9 |8 5 14 3 1 1 12 1 1 1 24 24 23 2 9 1 |6 8 1 1 1 1 9 11 22 18 21 1 10 11 9 14 |3 8 11 1 1 3 18 11 12 18 10 28 34 114 29 25 |1 10 17 14 8 14 1 1 1 1 17 20 120 262 247 68 |4 6 1 14 6 11 1 4 1 10 15 1 63 240 254 244 |23 10 10 17 2 2 1 4 20 16 1 2 1 93 214 182 |
14016: 2 12 1 1 1 9 12 1 1 1 6 1 15 12 26 13 |10 16 1 1 3 1 16 8 1 4 1 16 29 12 7 7 |11 15 17 6 1 1 23 10 1 9 9 1 6 14 4 1 |1 13 10 1 1 8 12 29 5 14 13 19 5 1 1 9 |1 7 7 13 7 6 1 1 10 13 17 2 15 11 1 2 |1 20 1 5 1 1 7 6 5 1 1 1 11 15 1 9 |8 5 14 3 1 1 12 1 1 1 24 24 23 2 9 1 |6 8 1 1 1 1 9 11 22 18 21 1 10 11 9 14 |3 8 11 1 1 3 18 11 12 18 10 28 34 114 29 25 |1 10 17 14 8 14 1 1 1 1 17 20 120 262 247 68 |4 6 1 14 6 11 1 4 1 10 15 1 63 240 254 244 |23 10 10 17 2 2 1 4 20 16 1 2 1 93 214 182 |
14027: 2 9 1 9 1 11 8 1 1 1 4 1 14 6 8 12 |1 6 1 1 3 1 13 9 1 9 1 16 24 11 6 8 |12 13 17 6 1 16 15 3 10 5 9 8 6 14 4 1 |1 7 11 1 12 7 10 29 1 13 11 17 5 11 3 9 |1 8 1 14 8 1 12 1 10 19 17 2 14 11 1 16 |2 17 3 11 2 9 8 7 4 11 1 1 10 14 5 10 |9 14 26 6 1 1 11 1 1 1 23 16 11 2 10 3 |3 13 1 1 10 1 8 10 11 20 16 11 18 3 9 1 |3 8 10 2 6 2 17 11 8 18 9 19 25 73 17 26 |1 1 18 20 13 13 1 1 1 6 17 14 90 257 221 58 |4 6 1 14 6 11 1 4 1 10 15 1 63 240 254 244 |23 10 10 17 2 2 1 4 20 16 1 2 1 93 214 182 |
14038: 2 9 1 9 1 11 8 1 1 1 4 1 14 6 8 12 |1 6 1 1 3 1 13 9 1 9 1 16 24 11 6 8 |12 13 17 6 1 16 15 3 10 5 9 8 6 14 4 1 |1 7 11 1 12 7 10 29 1 13 11 17 5 11 3 9 |1 8 1 14 8 1 12 1 10 19 17 2 14 11 1 16 |2 17 3 11 2 9 8 7 4 11 1 1 10 14 5 10 |9 14 26 6 1 1 11 1 1 1 23 16 11 2 10 3 |3 13 1 1 10 1 8 10 11 20 16 11 18 3 9 1 |3 8 10 2 6 2 17 11 8 18 9 19 25 73 17 26 |1 1 18 20 13 13 1 1 1 6 17 14 90 257 221 58 |3 2 8 25 15 15 3 1 1 8 19 1 40 231 260 252 |24 9 4 6 1 1 1 6 10 23 6 2 1 82 214 204 |
14048: 2 9 1 9 1 11 8 1 1 1 4 1 14 6 8 12 |1 6 1 1 3 1 13 9 1 9 1 16 24 11 6 8 |12 13 17 6 1 16 15 3 10 5 9 8 6 14 4 1 |1 7 11 1 12 7 10 29 1 13 11 17 5 11 3 9 |1 8 1 14 8 1 12 1 10 19 17 2 14 11 1 16 |2 17 3 11 2 9 8 7 4 11 1 1 10 14 5 10 |9 14 26 6 1 1 11 1 1 1 23 16 11 2 10 3 |3 13 1 1 10 1 8 10 11 20 16 11 18 3 9 1 |3 8 10 2 6 2 17 11 8 18 9 19 25 73 17 26 |1 1 18 20 13 13 1 1 1 6 17 14 90 257 221 58 |3 2 8 25 15 15 3 1 1 8 19 1 40 231 260 252 |24 9 4 6 1 1 1 6 10 23 6 2 1 82 214 204 |
14058: 2 10 1 7 1 9 15 1 1 1 5 1 14 5 14 12 |1 16 1 1 3 1 15 3 1 4 1 17 23 10 6 8 |11 14 17 6 1 1 15 1 10 6 8 1 10 10 10 1 |1 6 16 1 12 7 11 21 5 12 3 17 5 4 3 9 |1 7 1 9 6 2 1 1 10 19 16 1 15 11 4 6 |2 17 1 5 1 10 1 15 11 10 1 1 9 13 1 10 |8 5 8 2 1 1 2 11 3 3 23 24 19 1 7 3 |4 14 14 1 1 1 8 12 22 19 20 11 12 1 11 6 |4 8 10 1 1 2 18 8 9 16 1 30 20 40 9 17 |1 1 18 20 13 13 1 1 1 6 17 14 90 257 221 58 |3 2 8 25 15 15 3 1 1 8 19 1 40 231 260 252 |24 9 4 6 1 1 1 6 10 23 6 2 1 82 214 204 |
14069: 2 10 1 7 1 9 15 1 1 1 5 1 14 5 14 12 |1 16 1 1 3 1 15 3 1 4 1 17 23 10 6 8 |11 14 17 6 1 1 15 1 10 6 8 1 10 10 10 1 |1 6 16 1 12 7 11 21 5 12 3 17 5 4 3 9 |1 7 1 9 6 2 1 1 10 19 16 1 15 11 4 6 |2 17 1 5 1 10 1 15 11 10 1 1 9 13 1 10 |8 5 8 2 1 1 2 11 3 3 23 24 19 1 7 3 |4 14 14 1 1 1 8 12 22 19 20 11 12 1 11 6 |4 8 10 1 1 2 18 8 9 16 1 30 20 40 9 17 |1 3 16 14 18 8 1 1 1 1 10 19 57 238 206 68 |1 7 1 10 8 3 1 16 1 20 22 2 35 200 264 271 |14 5 1 8 4 1 1 10 14 16 11 10 7 63 217 210 |
14081: 2 10 1 7 1 9 15 1 1 1 5 1 14 5 14 12 |1 16 1 1 3 1 15 3 1 4 1 17 23 10 6 8 |11 14 17 6 1 1 15 1 10 6 8 1 10 10 10 1 |1 6 16 1 12 7 11 21 5 12 3 17 5 4 3 9 |1 7 1 9 6 2 1 1 10 19 16 1 15 11 4 6 |2 17 1 5 1 10 1 15 11 10 1 1 9 13 1 10 |8 5 8 2 1 1 2 11 3 3 23 24 19 1 7 3 |4 14 14 1 1 1 8 12 22 19 20 11 12 1 11 6 |4 8 10 1 1 2 18 8 9 16 1 30 20 40 9 17 |1 3 16 14 18 8 1 1 1 1 10 19 57 238 206 68 |1 7 1 10 8 3 1 16 1 20 22 2 35 200 264 271 |14 5 1 8 4 1 1 10 14 16 11 10 7 63 217 210 |
14092: 2 10 1 8 1 6 1 1 1 1 6 1 14 10 24 12 |10 7 1 1 1 1 16 17 6 9 5 9 17 9 6 9 |12 14 17 6 10 15 21 3 10 6 8 1 1 11 1 1 |1 6 3 1 12 7 3 18 1 14 13 17 5 1 1 8 |1 7 6 2 1 6 9 2 11 18 17 1 15 7 5 1 |2 17 1 5 11 4 1 15 10 7 1 1 10 14 1 10 |8 2 11 1 6 1 12 1 1 11 21 10 10 1 7 1 |2 13 2 1 1 1 10 9 21 18 22 10 15 4 9 13 |5 1 5 1 12 1 17 8 8 17 1 29 19 35 21 24 |1 3 16 14 18 8 1 1 1 1 10 19 57 238 206 68 |1 7 1 10 8 3 1 16 1 20 22 2 35 200 264 271 |14 5 1 8 4 1 1 10 14 16 11 10 7 63 217 210 |
14102: 2 10 1 8 1 6 1 1 1 1 6 1 14 10 24 12 |10 7 1 1 1 1 16 17 6 9 5 9 17 9 6 9 |12 14 17 6 10 15 21 3 10 6 8 1 1 11 1 1 |1 6 3 1 12 7 3 18 1 14 13 17 5 1 1 8 |1 7 6 2 1 6 9 2 11 18 17 1 15 7 5 1 |2 17 1 5 11 4 1 15 10 7 1 1 10 14 1 10 |8 2 11 1 6 1 12 1 1 11 21 10 10 1 7 1 |2 13 2 1 1 1 10 9 21 18 22 10 15 4 9 13 |5 1 5 1 12 1 17 8 8 17 1 29 19 35 21 24 |3 5 16 23 11 13 8 1 1 1 19 17 31 189 194 67 |1 1 1 15 3 15 3 1 1 9 16 1 17 179 256 261 |22 9 11 31 7 8 1 1 7 24 11 1 1 55 190 215 |
14112: 2 10 1 8 1 6 1 1 1 1 6 1 14 10 24 12 |10 7 1 1 1 1 16 17 6 9 5 9 17 9 6 9 |12 14 17 6 10 15 21 3 10 6 8 1 1 11 1 1 |1 6 3 1 12 7 3 18 1 14 13 17 5 1 1 8 |1 7 6 2 1 6 9 2 11 18 17 1 15 7 5 1 |2 17 1 5 11 4 1 15 10 7 1 1 10 14 1 10 |8 2 11 1 6 1 12 1 1 11 21 10 10 1 7 1 |2 13 2 1 1 1 10 9 21 18 22 10 15 4 9 13 |5 1 5 1 12 1 17 8 8 17 1 29 19 35 21 24 |3 5 16 23 11 13 8 1 1 1 19 17 31 189 194 67 |1 1 1 15 3 15 3 1 1 9 16 1 17 179 256 261 |22 9 11 31 7 8 1 1 7 24 11 1 1 55 190 215 |
14123: 3 8 1 10 3 7 1 1 1 1 7 1 14 11 25 12 |10 7 1 1 3 1 15 8 1 3 1 16 23 10 6 22 |13 13 16 7 14 17 21 3 10 6 8 8 10 11 3 1 |1 12 13 1 12 7 12 28 5 15 12 18 4 11 8 9 |1 7 1 1 7 2 11 3 11 12 18 2 14 10 1 1 |1 19 1 5 1 8 9 9 2 12 2 1 9 10 1 8 |8 5 24 6 1 1 10 1 1 10 22 16 12 1 8 1 |3 2 2 1 2 1 5 2 22 18 22 9 15 1 1 9 |5 1 5 1 12 1 17 8 8 17 1 29 19 35 21 24 |3 5 16 23 11 13 8 1 1 1 19 17 31 189 194 67 |1 1 1 15 3 15 3 1 1 9 16 1 17 179 256 261 |22 9 11 31 7 8 1 1 7 24 11 1 1 55 190 215 |
14133: 3 8 1 10 3 7 1 1 1 1 7 1 14 11 25 12 |10 7 1 1 3 1 15 8 1 3 1 16 23 10 6 22 |13 13 16 7 14 17 21 3 10 6 8 8 10 11 3 1 |1 12 13 1 12 7 12 28 5 15 12 18 4 11 8 9 |1 7 1 1 7 2 11 3 11 12 18 2 14 10 1 1 |1 19 1 5 1 8 9 9 2 12 2 1 9 10 1 8 |8 5 24 6 1 1 10 1 1 10 22 16 12 1 8 1 |3 2 2 1 2 1 5 2 22 18 22 9 15 1 1 9 |4 8 10 3 11 3 17 11 9 18 2 30 14 28 9 26 |1 2 15 22 10 13 8 1 1 1 19 17 32 99 138 34 |1 1 9 16 2 16 4 1 1 8 14 10 27 111 263 152 |24 10 11 19 7 3 1 4 21 21 5 2 1 32 121 83 |
14144: 3 8 1 10 3 7 1 1 1 1 7 1 14 11 25 12 |10 7 1 1 3 1 15 8 1 3 1 16 23 10 6 22 |13 13 16 7 14 17 21 3 10 6 8 8 10 11 3 1 |1 12 13 1 12 7 12 28 5 15 12 18 4 11 8 9 |1 7 1 1 7 2 11 3 11 12 18 2 14 10 1 1 |1 19 1 5 1 8 9 9 2 12 2 1 9 10 1 8 |8 5 24 6 1 1 10 1 1 10 22 16 12 1 8 1 |3 2 2 1 2 1 5 2 22 18 22 9 15 1 1 9 |4 8 10 3 11 3 17 11 9 18 2 30 14 28 9 26 |1 2 15 22 10 13 8 1 1 1 19 17 32 99 138 34 |1 1 9 16 2 16 4 1 1 8 14 10 27 111 263 152 |24 10 11 19 7 3 1 4 21 21 5 2 1 32 121 83 |
14154: 4 11 1 10 7 10 8 1 1 1 1 1 14 8 24 23 |5 20 1 15 9 1 16 10 1 4 1 16 23 4 1 20 |11 14 1 7 11 15 21 1 11 11 8 1 1 1 2 6 |1 11 14 1 12 8 10 28 1 14 9 18 4 7 6 1 |1 7 1 14 7 6 8 2 11 18 17 1 12 10 1 1 |2 18 1 6 1 8 8 15 10 7 1 1 10 11 1 1 |8 5 24 6 1 1 10 1 1 10 22 16 12 1 8 1 |3 2 2 1 2 1 5 2 22 18 22 9 15 1 1 9 |4 8 10 3 11 3 17 11 9 18 2 30 14 28 9 26 |1 2 15 22 10 13 8 1 1 1 19 17 32 99 138 34 |1 1 9 16 2 16 4 1 1 8 14 10 27 111 263 152 |24 10 11 19 7 3 1 4 21 21 5 2 1 32 121 83 |
14165: 4 11 1 10 7 10 8 1 1 1 1 1 14 8 24 23 |5 20 1 15 9 1 16 10 1 4 1 16 23 4 1 20 |11 14 1 7 11 15 21 1 11 11 8 1 1 1 2 6 |1 11 14 1 12 8 10 28 1 14 9 18 4 7 6 1 |1 7 1 14 7 6 8 2 11 18 17 1 12 10 1 1 |2 18 1 6 1 8 8 15 10 7 1 1 10 11 1 1 |8 4 15 3 6 1 12 1 1 11 15 8 9 8 1 1 |2 2 9 1 1 1 9 9 21 18 21 2 9 1 1 10 |3 7 7 1 5 3 17 11 7 17 1 9 10 17 1 11 |1 4 14 8 1 2 1 1 1 1 7 1 5 12 19 10 |1 1 9 16 14 15 1 9 1 20 17 9 23 7 3 25 |21 1 1 23 1 8 2 8 21 15 12 13 8 7 28 25 |
14175: 4 11 1 10 7 10 8 1 1 1 1 1 14 8 24 23 |5 20 1 15 9 1 16 10 1 4 1 16 23 4 1 20 |11 14 1 7 11 15 21 1 11 11 8 1 1 1 2 6 |1 11 14 1 12 8 10 28 1 14 9 18 4 7 6 1 |1 7 1 14 7 6 8 2 11 18 17 1 12 10 1 1 |2 18 1 6 1 8 8 15 10 7 1 1 10 11 1 1 |8 4 15 3 6 1 12 1 1 11 15 8 9 8 1 1 |2 2 9 1 1 1 9 9 21 18 21 2 9 1 1 10 |3 7 7 1 5 3 17 11 7 17 1 9 10 17 1 11 |1 4 14 8 1 2 1 1 1 1 7 1 5 12 19 10 |1 1 9 16 14 15 1 9 1 20 17 9 23 7 3 25 |21 1 1 23 1 8 2 8 21 15 12 13 8 7 28 25 |
14186: 3 12 9 9 1 11 8 1 1 1 7 1 14 8 19 22 |10 6 11 1 1 1 4 15 1 4 1 16 23 1 7 19 |3 21 16 7 1 14 17 10 11 10 8 10 1 6 1 6 |1 12 15 1 15 11 11 27 4 12 3 18 4 1 1 1 |1 7 1 14 7 6 8 2 11 18 17 1 12 10 1 1 |2 18 1 6 1 8 8 15 10 7 1 1 10 11 1 1 |8 4 15 3 6 1 12 1 1 11 15 8 9 8 1 1 |2 2 9 1 1 1 9 9 21 18 21 2 9 1 1 10 |3 7 7 1 5 3 17 11 7 17 1 9 10 17 1 11 |1 4 14 8 1 2 1 1 1 1 7 1 5 12 19 10 |1 1 9 16 14 15 1 9 1 20 17 9 23 7 3 25 |21 1 1 23 1 8 2 8 21 15 12 13 8 7 28 25 |
14196: 3 12 9 9 1 11 8 1 1 1 7 1 14 8 19 22 |10 6 11 1 1 1 4 15 1 4 1 16 23 1 7 19 |3 21 16 7 1 14 17 10 11 10 8 10 1 6 1 6 |1 12 15 1 15 11 11 27 4 12 3 18 4 1 1 1 |1 1 8 8 8 6 1 1 10 19 16 1 13 10 1 2 |1 20 1 6 1 1 9 10 3 7 4 1 1 1 3 1 |8 5 25 8 1 1 3 1 1 2 7 4 5 7 1 1 |1 15 3 1 1 3 9 14 15 18 19 1 1 3 2 8 |4 8 10 1 1 1 15 4 8 16 4 19 7 6 1 6 |1 3 9 9 1 1 1 1 1 1 6 11 4 22 13 1 |1 1 9 15 2 14 1 9 1 20 16 7 9 2 17 17 |21 6 1 8 1 8 8 8 21 15 12 14 1 8 13 11 |
14207: 3 12 9 9 1 11 8 1 1 1 7 1 14 8 19 22 |10 6 11 1 1 1 4 15 1 4 1 16 23 1 7 19 |3 21 16 7 1 14 17 10 11 10 8 10 1 6 1 6 |1 12 15 1 15 11 11 27 4 12 3 18 4 1 1 1 |1 1 8 8 8 6 1 1 10 19 16 1 13 10 1 2 |1 20 1 6 1 1 9 10 3 7 4 1 1 1 3 1 |8 5 25 8 1 1 3 1 1 2 7 4 5 7 1 1 |1 15 3 1 1 3 9 14 15 18 19 1 1 3 2 8 |4 8 10 1 1 1 15 4 8 16 4 19 7 6 1 6 |1 3 9 9 1 1 1 1 1 1 6 11 4 22 13 1 |1 1 9 15 2 14 1 9 1 20 16 7 9 2 17 17 |21 6 1 8 1 8 8 8 21 15 12 14 1 8 13 11 |
14219: 4 18 4 10 3 10 3 9 1 3 4 9 13 1 26 21 |11 15 1 1 1 1 4 16 1 3 1 16 24 7 8 20 |12 13 20 7 1 14 15 12 10 6 9 1 1 9 6 5 |1 12 15 1 13 9 1 25 5 13 15 17 7 9 1 1 |1 1 8 8 8 6 1 1 10 19 16 1 13 10 1 2 |1 20 1 6 1 1 9 10 3 7 4 1 1 1 3 1 |8 5 25 8 1 1 3 1 1 2 7 4 5 7 1 1 |1 15 3 1 1 3 9 14 15 18 19 1 1 3 2 8 |4 8 10 1 1 1 15 4 8 16 4 19 7 6 1 6 |1 3 9 9 1 1 1 1 1 1 6 11 4 22 13 1 |1 1 9 15 2 14 1 9 1 20 16 7 9 2 17 17 |21 6 1 8 1 8 8 8 21 15 12 14 1 8 13 11 |
14230: 4 18 4 10 3 10 3 9 1 3 4 9 13 1 26 21 |11 15 1 1 1 1 4 16 1 3 1 16 24 7 8 20 |12 13 20 7 1 14 15 12 10 6 9 1 1 9 6 5 |1 12 15 1 13 9 1 25 5 13 15 17 7 9 1 1 |1 1 1 1 13 6 13 1 10 19 16 1 12 9 1 2 |3 14 1 6 1 8 1 15 5 8 1 1 10 7 1 1 |7 13 24 5 6 1 12 1 1 4 9 9 6 1 1 1 |2 13 2 1 1 1 9 14 15 20 18 4 9 1 3 8 |2 1 5 1 1 1 17 7 9 16 4 20 6 18 1 10 |1 3 8 8 1 1 1 1 1 1 7 1 1 9 18 9 |3 2 7 9 16 14 4 8 1 19 17 11 17 1 2 25 |20 1 1 21 1 8 7 10 16 15 1 15 1 1 29 26 |
14240: 4 18 4 10 3 10 3 9 1 3 4 9 13 1 26 21 |11 15 1 1 1 1 4 16 1 3 1 16 24 7 8 20 |12 13 20 7 1 14 15 12 10 6 9 1 1 9 6 5 |1 12 15 1 13 9 1 25 5 13 15 17 7 9 1 1 |1 1 1 1 13 6 13 1 10 19 16 1 12 9 1 2 |3 14 1 6 1 8 1 15 5 8 1 1 10 7 1 1 |7 13 24 5 6 1 12 1 1 4 9 9 6 1 1 1 |2 13 2 1 1 1 9 14 15 20 18 4 9 1 3 8 |2 1 5 1 1 1 17 7 9 16 4 20 6 18 1 10 |1 3 8 8 1 1 1 1 1 1 7 1 1 9 18 9 |3 2 7 9 16 14 4 8 1 19 17 11 17 1 2 25 |20 1 1 21 1 8 7 10 16 15 1 15 1 1 29 26 |
14250: 1 18 10 11 8 1 14 1 12 5 1 1 14 8 8 11 |13 15 1 4 1 1 14 13 1 11 1 5 31 10 6 21 |4 6 2 7 3 16 21 12 11 10 9 9 2 10 9 4 |1 12 15 1 13 9 1 25 5 13 15 17 7 9 1 1 |1 1 1 1 13 6 13 1 10 19 16 1 12 9 1 2 |3 14 1 6 1 8 1 15 5 8 1 1 10 7 1 1 |7 13 24 5 6 1 12 1 1 4 9 9 6 1 1 1 |2 13 2 1 1 1 9 14 15 20 18 4 9 1 3 8 |2 1 5 1 1 1 17 7 9 16 4 20 6 18 1 10 |1 3 8 8 1 1 1 1 1 1 7 1 1 9 18 9 |3 2 7 9 16 14 4 8 1 19 17 11 17 1 2 25 |20 1 1 21 1 8 7 10 16 15 1 15 1 1 29 26 |
14261: 1 18 10 11 8 1 14 1 12 5 1 1 14 8 8 11 |13 15 1 4 1 1 14 13 1 11 1 5 31 10 6 21 |4 6 2 7 3 16 21 12 11 10 9 9 2 10 9 4 |1 10 21 1 13 10 12 30 6 14 12 19 5 9 8 1 |1 12 1 15 3 7 1 1 11 14 18 2 8 10 6 14 |1 20 1 1 9 14 6 6 12 11 1 1 10 11 1 1 |8 7 23 5 1 1 11 1 1 1 22 9 9 1 1 1 |2 1 2 1 1 2 5 5 10 8 9 9 2 4 1 9 |3 8 10 1 11 3 17 11 12 19 4 18 19 21 2 19 |1 9 8 9 1 1 1 1 1 1 23 18 15 35 14 1 |1 1 10 16 16 16 1 1 1 8 14 2 26 75 145 69 |22 7 3 15 1 9 3 1 7 21 7 14 10 94 253 201 |
14271: 1 18 10 11 8 1 14 1 12 5 1 1 14 8 8 11 |13 15 1 4 1 1 14 13 1 11 1 5 31 10 6 21 |4 6 2 7 3 16 21 12 11 10 9 9 2 10 9 4 |1 10 21 1 13 10 12 30 6 14 12 19 5 9 8 1 |1 12 1 15 3 7 1 1 11 14 18 2 8 10 6 14 |1 20 1 1 9 14 6 6 12 11 1 1 10 11 1 1 |8 7 23 5 1 1 11 1 1 1 22 9 9 1 1 1 |2 1 2 1 1 2 5 5 10 8 9 9 2 4 1 9 |3 8 10 1 11 3 17 11 12 19 4 18 19 21 2 19 |1 9 8 9 1 1 1 1 1 1 23 18 15 35 14 1 |1 1 10 16 16 16 1 1 1 8 14 2 26 75 145 69 |22 7 3 15 1 9 3 1 7 21 7 14 10 94 253 201 |
14282: 1 7 1 12 11 17 15 8 14 10 7 1 15 11 26 26 |9 15 3 5 8 7 7 18 7 9 1 4 31 1 13 13 |9 13 20 8 1 8 11 10 12 11 11 12 7 4 2 6 |1 15 17 1 5 5 13 32 5 9 16 8 9 11 3 9 |1 10 9 15 13 8 5 1 1 19 13 8 15 12 1 11 |1 20 1 1 9 14 6 6 12 11 1 1 10 11 1 1 |8 7 23 5 1 1 11 1 1 1 22 9 9 1 1 1 |2 1 2 1 1 2 5 5 10 8 9 9 2 4 1 9 |3 8 10 1 11 3 17 11 12 19 4 18 19 21 2 19 |1 9 8 9 1 1 1 1 1 1 23 18 15 35 14 1 |1 1 10 16 16 16 1 1 1 8 14 2 26 75 145 69 |22 7 3 15 1 9 3 1 7 21 7 14 10 94 253 201 |
14292: 1 7 1 12 11 17 15 8 14 10 7 1 15 11 26 26 |9 15 3 5 8 7 7 18 7 9 1 4 31 1 13 13 |9 13 20 8 1 8 11 10 12 11 11 12 7 4 2 6 |1 15 17 1 5 5 13 32 5 9 16 8 9 11 3 9 |1 10 9 15 13 8 5 1 1 19 13 8 15 12 1 11 |1 20 1 14 9 5 1 22 11 17 3 1 10 14 1 10 |10 12 11 1 1 1 12 1 11 11 24 18 24 1 7 1 |3 13 14 1 1 1 10 9 26 24 13 5 16 4 1 1 |4 6 6 1 1 3 17 12 22 7 13 45 36 26 10 19 |1 1 8 17 7 1 1 1 1 10 26 34 49 103 86 17 |2 1 10 16 15 13 3 3 3 17 17 1 52 243 255 177 |22 7 3 15 1 9 3 1 7 21 7 14 10 94 253 201 |
14302: 1 7 1 12 11 17 15 8 14 10 7 1 15 11 26 26 |9 15 3 5 8 7 7 18 7 9 1 4 31 1 13 13 |9 13 20 8 1 8 11 10 12 11 11 12 7 4 2 6 |1 15 17 1 5 5 13 32 5 9 16 8 9 11 3 9 |1 10 9 15 13 8 5 1 1 19 13 8 15 12 1 11 |1 20 1 14 9 5 1 22 11 17 3 1 10 14 1 10 |10 12 11 1 1 1 12 1 11 11 24 18 24 1 7 1 |3 13 14 1 1 1 10 9 26 24 13 5 16 4 1 1 |4 6 6 1 1 3 17 12 22 7 13 45 36 26 10 19 |1 1 8 17 7 1 1 1 1 10 26 34 49 103 86 17 |2 1 10 16 15 13 3 3 3 17 17 1 52 243 255 177 |21 10 11 30 2 10 3 4 7 10 5 9 15 160 258 270 |
14313: 6 18 5 11 3 20 16 9 15 11 13 1 2 5 32 19 |3 8 11 7 10 7 3 9 1 9 1 5 32 5 13 15 |8 14 21 8 5 6 26 17 12 10 11 13 14 18 17 5 |1 15 17 1 5 5 13 32 5 9 16 8 9 11 3 9 |1 10 9 15 13 8 5 1 1 19 13 8 15 12 1 11 |1 20 1 14 9 5 1 22 11 17 3 1 10 14 1 10 |10 12 11 1 1 1 12 1 11 11 24 18 24 1 7 1 |3 13 14 1 1 1 10 9 26 24 13 5 16 4 1 1 |4 6 6 1 1 3 17 12 22 7 13 45 36 26 10 19 |1 1 8 17 7 1 1 1 1 10 26 34 49 103 86 17 |2 1 10 16 15 13 3 3 3 17 17 1 52 243 255 177 |21 10 11 30 2 10 3 4 7 10 5 9 15 160 258 270 |
14323: 6 18 5 11 3 20 16 9 15 11 13 1 2 5 32 19 |3 8 11 7 10 7 3 9 1 9 1 5 32 5 13 15 |8 14 21 8 5 6 26 17 12 10 11 13 14 18 17 5 |1 2 10 1 2 15 15 32 5 9 13 19 6 11 4 1 |1 1 9 8 1 8 6 1 1 9 10 9 16 12 4 5 |2 13 1 19 1 11 1 22 6 9 1 1 10 14 5 11 |7 13 24 11 5 8 11 1 12 10 13 13 24 1 8 9 |4 14 13 1 2 1 10 9 25 10 14 4 10 1 5 10 |4 7 12 1 1 1 12 5 19 7 10 35 37 29 13 24 |1 1 8 17 7 1 1 1 1 10 26 34 49 103 86 17 |2 1 10 16 15 13 3 3 3 17 17 1 52 243 255 177 |21 10 11 30 2 10 3 4 7 10 5 9 15 160 258 270 |
14334: 6 18 5 11 3 20 16 9 15 11 13 1 2 5 32 19 |3 8 11 7 10 7 3 9 1 9 1 5 32 5 13 15 |8 14 21 8 5 6 26 17 12 10 11 13 14 18 17 5 |1 2 10 1 2 15 15 32 5 9 13 19 6 11 4 1 |1 1 9 8 1 8 6 1 1 9 10 9 16 12 4 5 |2 13 1 19 1 11 1 22 6 9 1 1 10 14 5 11 |7 13 24 11 5 8 11 1 12 10 13 13 24 1 8 9 |4 14 13 1 2 1 10 9 25 10 14 4 10 1 5 10 |4 7 12 1 1 1 12 5 19 7 10 35 37 29 13 24 |1 2 9 21 10 1 1 1 3 1 18 29 40 120 122 21 |1 8 7 23 7 14 1 7 1 14 22 6 48 230 255 227 |23 10 11 24 1 1 1 1 8 22 11 2 2 153 257 271 |
14344: 6 18 5 11 3 20 16 9 15 11 13 1 2 5 32 19 |3 8 11 7 10 7 3 9 1 9 1 5 32 5 13 15 |8 14 21 8 5 6 26 17 12 10 11 13 14 18 17 5 |1 2 10 1 2 15 15 32 5 9 13 19 6 11 4 1 |1 1 9 8 1 8 6 1 1 9 10 9 16 12 4 5 |2 13 1 19 1 11 1 22 6 9 1 1 10 14 5 11 |7 13 24 11 5 8 11 1 12 10 13 13 24 1 8 9 |4 14 13 1 2 1 10 9 25 10 14 4 10 1 5 10 |4 7 12 1 1 1 12 5 19 7 10 35 37 29 13 24 |1 2 9 21 10 1 1 1 3 1 18 29 40 120 122 21 |1 8 7 23 7 14 1 7 1 14 22 6 48 230 255 227 |23 10 11 24 1 1 1 1 8 22 11 2 2 153 257 271 |
14376: 6 13 1 11 11 16 17 10 17 10 6 9 6 11 35 18 |4 8 10 7 9 7 7 7 7 1 1 7 32 9 14 22 |8 14 21 8 5 6 26 17 12 10 11 13 14 18 17 5 |1 2 10 1 2 15 15 32 5 9 13 19 6 11 4 1 |1 1 9 8 1 8 6 1 1 9 10 9 16 12 4 5 |2 13 1 19 1 11 1 22 6 9 1 1 10 14 5 11 |7 13 24 11 5 8 11 1 12 10 13 13 24 1 8 9 |4 14 13 1 2 1 10 9 25 10 14 4 10 1 5 10 |4 7 12 1 1 1 12 5 19 7 10 35 37 29 13 24 |1 2 9 21 10 1 1 1 3 1 18 29 40 120 122 21 |1 8 7 23 7 14 1 7 1 14 22 6 48 230 255 227 |23 10 11 24 1 1 1 1 8 22 11 2 2 153 257 271 |
14386: 6 13 1 11 11 16 17 10 17 10 6 9 6 11 35 18 |4 8 10 7 9 7 7 7 7 1 1 7 32 9 14 22 |16 11 22 8 5 6 26 10 11 11 15 11 9 4 14 11 |1 3 11 1 1 2 14 32 5 8 19 14 1 11 13 1 |1 15 10 6 10 6 4 1 11 14 18 3 14 12 9 15 |1 21 1 6 8 10 1 9 3 8 1 7 11 10 9 10 |8 5 11 1 1 1 10 1 1 1 9 25 17 3 10 2 |5 8 3 1 11 1 9 10 10 19 17 11 10 1 9 11 |3 1 17 1 1 3 17 13 9 16 1 28 16 27 11 19 |1 8 15 7 1 1 1 1 1 1 15 15 18 45 85 23 |3 1 10 16 6 12 1 1 4 19 22 3 18 98 254 216 |23 10 11 24 1 1 1 1 8 22 11 2 2 153 257 271 |
14397: 6 13 1 11 11 16 17 10 17 10 6 9 6 11 35 18 |4 8 10 7 9 7 7 7 7 1 1 7 32 9 14 22 |16 11 22 8 5 6 26 10 11 11 15 11 9 4 14 11 |1 3 11 1 1 2 14 32 5 8 19 14 1 11 13 1 |1 15 10 6 10 6 4 1 11 14 18 3 14 12 9 15 |1 21 1 6 8 10 1 9 3 8 1 7 11 10 9 10 |8 5 11 1 1 1 10 1 1 1 9 25 17 3 10 2 |5 8 3 1 11 1 9 10 10 19 17 11 10 1 9 11 |3 1 17 1 1 3 17 13 9 16 1 28 16 27 11 19 |1 8 15 7 1 1 1 1 1 1 15 15 18 45 85 23 |3 1 10 16 6 12 1 1 4 19 22 3 18 98 254 216 |21 6 11 22 1 1 1 1 9 9 4 1 1 84 248 267 |
14408: 1 6 1 12 11 19 18 9 15 12 7 1 5 12 27 23 |16 10 1 7 9 8 14 6 1 9 8 8 33 4 13 19 |18 14 20 8 4 9 26 16 11 12 12 13 8 13 14 11 |1 3 11 1 1 2 14 32 5 8 19 14 1 11 13 1 |1 15 10 6 10 6 4 1 11 14 18 3 14 12 9 15 |1 21 1 6 8 10 1 9 3 8 1 7 11 10 9 10 |8 5 11 1 1 1 10 1 1 1 9 25 17 3 10 2 |5 8 3 1 11 1 9 10 10 19 17 11 10 1 9 11 |3 1 17 1 1 3 17 13 9 16 1 28 16 27 11 19 |1 8 15 7 1 1 1 1 1 1 15 15 18 45 85 23 |3 1 10 16 6 12 1 1 4 19 22 3 18 98 254 216 |21 6 11 22 1 1 1 1 9 9 4 1 1 84 248 267 |
14419: 1 6 1 12 11 19 18 9 15 12 7 1 5 12 27 23 |16 10 1 7 9 8 14 6 1 9 8 8 33 4 13 19 |18 14 20 8 4 9 26 16 11 12 12 13 8 13 14 11 |1 2 10 1 10 15 12 31 6 9 17 20 6 10 11 1 |1 7 11 17 5 3 1 1 11 15 8 1 16 12 9 11 |1 19 1 5 8 10 5 16 5 3 1 1 10 15 3 11 |8 13 11 1 1 1 12 1 4 1 23 18 11 1 7 8 |4 6 17 1 3 1 9 8 10 8 21 1 17 2 4 13 |5 7 10 1 12 3 18 12 9 17 3 26 6 26 12 24 |1 3 15 1 4 12 1 1 1 1 19 18 23 38 77 33 |3 1 10 16 6 12 1 1 4 19 22 3 18 98 254 216 |21 6 11 22 1 1 1 1 9 9 4 1 1 84 248 267 |
14430: 1 6 1 12 11 19 18 9 15 12 7 1 5 12 27 23 |16 10 1 7 9 8 14 6 1 9 8 8 33 4 13 19 |18 14 20 8 4 9 26 16 11 12 12 13 8 13 14 11 |1 2 10 1 10 15 12 31 6 9 17 20 6 10 11 1 |1 7 11 17 5 3 1 1 11 15 8 1 16 12 9 11 |1 19 1 5 8 10 5 16 5 3 1 1 10 15 3 11 |8 13 11 1 1 1 12 1 4 1 23 18 11 1 7 8 |4 6 17 1 3 1 9 8 10 8 21 1 17 2 4 13 |5 7 10 1 12 3 18 12 9 17 3 26 6 26 12 24 |1 3 15 1 4 12 1 1 1 1 19 18 23 38 77 33 |2 6 1 4 3 15 1 8 3 19 16 1 24 88 261 228 |11 7 12 24 5 4 4 1 11 9 3 15 7 49 225 267 |
14441: 6 12 5 1 1 16 15 7 15 9 13 1 6 1 34 24 |10 17 13 1 8 7 8 19 7 9 9 4 32 15 13 19 |4 14 21 7 5 5 23 11 1 1 9 12 14 15 17 11 |1 2 10 1 10 15 12 31 6 9 17 20 6 10 11 1 |1 7 11 17 5 3 1 1 11 15 8 1 16 12 9 11 |1 19 1 5 8 10 5 16 5 3 1 1 10 15 3 11 |8 13 11 1 1 1 12 1 4 1 23 18 11 1 7 8 |4 6 17 1 3 1 9 8 10 8 21 1 17 2 4 13 |5 7 10 1 12 3 18 12 9 17 3 26 6 26 12 24 |1 3 15 1 4 12 1 1 1 1 19 18 23 38 77 33 |2 6 1 4 3 15 1 8 3 19 16 1 24 88 261 228 |11 7 12 24 5 4 4 1 11 9 3 15 7 49 225 267 |
14451: 6 12 5 1 1 16 15 7 15 9 13 1 6 1 34 24 |10 17 13 1 8 7 8 19 7 9 9 4 32 15 13 19 |4 14 21 7 5 5 23 11 1 1 9 12 14 15 17 11 |3 2 10 5 20 1 12 31 5 12 16 12 1 3 10 1 |1 14 9 6 3 2 1 1 11 20 11 9 15 8 1 22 |1 21 1 6 1 8 1 5 4 3 1 1 11 13 8 10 |8 6 25 2 1 1 11 1 1 1 22 24 19 9 9 1 |3 16 14 1 1 1 9 10 10 21 10 11 12 1 10 1 |5 7 11 1 3 1 18 11 20 17 3 30 14 13 12 24 |1 9 8 17 11 1 1 1 1 1 18 17 23 36 69 26 |2 6 1 4 3 15 1 8 3 19 16 1 24 88 261 228 |11 7 12 24 5 4 4 1 11 9 3 15 7 49 225 267 |
14462: 6 12 5 1 1 16 15 7 15 9 13 1 6 1 34 24 |10 17 13 1 8 7 8 19 7 9 9 4 32 15 13 19 |4 14 21 7 5 5 23 11 1 1 9 12 14 15 17 11 |3 2 10 5 20 1 12 31 5 12 16 12 1 3 10 1 |1 14 9 6 3 2 1 1 11 20 11 9 15 8 1 22 |1 21 1 6 1 8 1 5 4 3 1 1 11 13 8 10 |8 6 25 2 1 1 11 1 1 1 22 24 19 9 9 1 |3 16 14 1 1 1 9 10 10 21 10 11 12 1 10 1 |5 7 11 1 3 1 18 11 20 17 3 30 14 13 12 24 |1 9 8 17 11 1 1 1 1 1 18 17 23 36 69 26 |1 1 9 16 17 13 1 7 1 20 16 8 19 62 262 221 |13 6 6 23 1 1 1 8 14 22 6 1 8 63 232 275 |
14473: 1 7 4 10 6 16 16 8 14 9 8 1 5 1 27 24 |9 22 9 11 8 8 10 18 7 10 9 4 31 4 13 15 |9 14 9 8 1 17 25 18 4 11 1 8 15 4 11 7 |3 2 10 5 20 1 12 31 5 12 16 12 1 3 10 1 |1 14 9 6 3 2 1 1 11 20 11 9 15 8 1 22 |1 21 1 6 1 8 1 5 4 3 1 1 11 13 8 10 |8 6 25 2 1 1 11 1 1 1 22 24 19 9 9 1 |3 16 14 1 1 1 9 10 10 21 10 11 12 1 10 1 |5 7 11 1 3 1 18 11 20 17 3 30 14 13 12 24 |1 9 8 17 11 1 1 1 1 1 18 17 23 36 69 26 |1 1 9 16 17 13 1 7 1 20 16 8 19 62 262 221 |13 6 6 23 1 1 1 8 14 22 6 1 8 63 232 275 |
14483: 1 7 4 10 6 16 16 8 14 9 8 1 5 1 27 24 |9 22 9 11 8 8 10 18 7 10 9 4 31 4 13 15 |9 14 9 8 1 17 25 18 4 11 1 8 15 4 11 7 |3 2 10 1 1 2 13 31 5 9 16 8 1 4 10 11 |1 14 9 6 1 7 3 1 11 14 10 9 14 10 1 6 |1 5 1 7 8 8 10 9 17 2 1 1 10 13 3 11 |9 5 24 12 1 1 12 1 9 1 23 22 24 9 6 8 |2 14 14 1 11 1 9 9 10 21 20 11 16 1 4 10 |3 8 12 1 1 4 18 11 12 19 2 30 14 14 11 24 |1 9 8 17 11 1 1 1 1 1 18 17 23 36 69 26 |1 1 9 16 17 13 1 7 1 20 16 8 19 62 262 221 |13 6 6 23 1 1 1 8 14 22 6 1 8 63 232 275 |
14494: 1 7 4 10 6 16 16 8 14 9 8 1 5 1 27 24 |9 22 9 11 8 8 10 18 7 10 9 4 31 4 13 15 |9 14 9 8 1 17 25 18 4 11 1 8 15 4 11 7 |3 2 10 1 1 2 13 31 5 9 16 8 1 4 10 11 |1 14 9 6 1 7 3 1 11 14 10 9 14 10 1 6 |1 5 1 7 8 8 10 9 17 2 1 1 10 13 3 11 |9 5 24 12 1 1 12 1 9 1 23 22 24 9 6 8 |2 14 14 1 11 1 9 9 10 21 20 11 16 1 4 10 |3 8 12 1 1 4 18 11 12 19 2 30 14 14 11 24 |6 3 8 9 8 16 8 1 1 1 18 17 23 31 65 36 |2 3 9 15 3 14 1 1 4 19 21 9 19 62 262 247 |24 10 11 22 1 1 1 1 21 17 3 5 8 62 229 269 |
14505: 6 9 13 9 10 17 13 9 13 12 6 1 5 1 28 23 |12 15 12 6 8 9 11 18 8 9 1 4 32 8 7 8 |9 14 9 8 1 17 25 18 4 11 1 8 15 4 11 7 |3 2 10 1 1 2 13 31 5 9 16 8 1 4 10 11 |1 14 9 6 1 7 3 1 11 14 10 9 14 10 1 6 |1 5 1 7 8 8 10 9 17 2 1 1 10 13 3 11 |9 5 24 12 1 1 12 1 9 1 23 22 24 9 6 8 |2 14 14 1 11 1 9 9 10 21 20 11 16 1 4 10 |3 8 12 1 1 4 18 11 12 19 2 30 14 14 11 24 |6 3 8 9 8 16 8 1 1 1 18 17 23 31 65 36 |2 3 9 15 3 14 1 1 4 19 21 9 19 62 262 247 |24 10 11 22 1 1 1 1 21 17 3 5 8 62 229 269 |
14516: 6 9 13 9 10 17 13 9 13 12 6 1 5 1 28 23 |12 15 12 6 8 9 11 18 8 9 1 4 32 8 7 8 |8 6 9 7 1 17 16 17 6 12 12 11 14 14 8 11 |1 13 16 1 1 1 11 30 6 7 7 19 5 8 4 10 |1 1 9 7 1 7 3 1 12 13 7 1 14 11 1 11 |1 21 1 6 1 10 8 15 1 11 1 1 9 14 2 11 |8 5 24 3 1 1 11 1 1 11 23 22 11 9 2 10 |4 13 10 1 2 1 9 9 9 20 19 10 17 3 4 1 |4 8 10 1 1 2 19 10 9 18 1 21 17 10 11 25 |1 3 10 6 2 1 1 1 1 1 7 17 6 35 37 28 |1 1 3 9 3 15 1 10 1 20 16 1 16 45 165 204 |24 10 11 22 1 1 1 1 21 17 3 5 8 62 229 269 |
14527: 6 9 13 9 10 17 13 9 13 12 6 1 5 1 28 23 |12 15 12 6 8 9 11 18 8 9 1 4 32 8 7 8 |8 6 9 7 1 17 16 17 6 12 12 11 14 14 8 11 |1 13 16 1 1 1 11 30 6 7 7 19 5 8 4 10 |1 1 9 7 1 7 3 1 12 13 7 1 14 11 1 11 |1 21 1 6 1 10 8 15 1 11 1 1 9 14 2 11 |8 5 24 3 1 1 11 1 1 11 23 22 11 9 2 10 |4 13 10 1 2 1 9 9 9 20 19 10 17 3 4 1 |4 8 10 1 1 2 19 10 9 18 1 21 17 10 11 25 |1 3 10 6 2 1 1 1 1 1 7 17 6 35 37 28 |1 1 3 9 3 15 1 10 1 20 16 1 16 45 165 204 |16 6 6 14 3 1 1 1 7 10 5 3 1 34 225 280 |
14537: 3 19 5 9 1 1 14 3 1 10 6 1 14 8 14 13 |10 7 11 7 8 1 3 16 2 4 1 16 23 3 12 7 |8 6 9 7 1 17 16 17 6 12 12 11 14 14 8 11 |1 13 16 1 1 1 11 30 6 7 7 19 5 8 4 10 |1 1 9 7 1 7 3 1 12 13 7 1 14 11 1 11 |1 21 1 6 1 10 8 15 1 11 1 1 9 14 2 11 |8 5 24 3 1 1 11 1 1 11 23 22 11 9 2 10 |4 13 10 1 2 1 9 9 9 20 19 10 17 3 4 1 |4 8 10 1 1 2 19 10 9 18 1 21 17 10 11 25 |1 3 10 6 2 1 1 1 1 1 7 17 6 35 37 28 |1 1 3 9 3 15 1 10 1 20 16 1 16 45 165 204 |16 6 6 14 3 1 1 1 7 10 5 3 1 34 225 280 |
14548: 3 19 5 9 1 1 14 3 1 10 6 1 14 8 14 13 |10 7 11 7 8 1 3 16 2 4 1 16 23 3 12 7 |12 14 1 7 1 3 4 1 11 10 7 9 1 1 9 4 |1 7 17 2 10 8 11 28 3 14 12 18 5 8 6 1 |1 1 7 9 6 6 12 1 10 19 17 1 13 7 1 13 |2 18 1 5 1 1 10 11 11 8 3 1 4 1 1 1 |1 5 23 1 1 1 1 11 3 2 4 8 18 2 1 1 |3 13 1 1 1 1 8 14 21 12 18 1 8 1 1 8 |4 8 10 1 1 2 19 10 9 18 1 21 17 10 11 25 |1 3 10 6 2 1 1 1 1 1 7 17 6 35 37 28 |1 1 3 9 3 15 1 10 1 20 16 1 16 45 165 204 |16 6 6 14 3 1 1 1 7 10 5 3 1 34 225 280 |
14558: 3 19 5 9 1 1 14 3 1 10 6 1 14 8 14 13 |10 7 11 7 8 1 3 16 2 4 1 16 23 3 12 7 |12 14 1 7 1 3 4 1 11 10 7 9 1 1 9 4 |1 7 17 2 10 8 11 28 3 14 12 18 5 8 6 1 |1 1 7 9 6 6 12 1 10 19 17 1 13 7 1 13 |2 18 1 5 1 1 10 11 11 8 3 1 4 1 1 1 |1 5 23 1 1 1 1 11 3 2 4 8 18 2 1 1 |3 13 1 1 1 1 8 14 21 12 18 1 8 1 1 8 |2 7 7 2 1 1 16 7 21 10 3 18 1 5 4 16 |2 2 4 5 1 1 1 1 1 4 12 1 7 13 15 7 |1 1 7 10 15 13 1 6 1 18 21 9 16 1 8 18 |20 1 1 6 1 1 1 8 6 3 10 7 1 1 19 15 |
14569: 3 19 5 9 1 1 14 3 1 10 6 1 14 8 14 13 |10 7 11 7 8 1 3 16 2 4 1 16 23 3 12 7 |12 14 1 7 1 3 4 1 11 10 7 9 1 1 9 4 |1 7 17 2 10 8 11 28 3 14 12 18 5 8 6 1 |1 1 7 9 6 6 12 1 10 19 17 1 13 7 1 13 |2 18 1 5 1 1 10 11 11 8 3 1 4 1 1 1 |1 5 23 1 1 1 1 11 3 2 4 8 18 2 1 1 |3 13 1 1 1 1 8 14 21 12 18 1 8 1 1 8 |2 7 7 2 1 1 16 7 21 10 3 18 1 5 4 16 |2 2 4 5 1 1 1 1 1 4 12 1 7 13 15 7 |1 1 7 10 15 13 1 6 1 18 21 9 16 1 8 18 |20 1 1 6 1 1 1 8 6 3 10 7 1 1 19 15 |
14580: 2 2 4 1 1 1 1 1 1 4 1 1 12 1 3 17 |9 2 1 1 3 1 1 1 6 3 3 15 25 1 1 6 |8 14 16 13 9 1 18 9 3 1 1 5 7 6 1 2 |1 4 14 3 11 2 10 24 1 6 9 5 1 1 1 2 |1 1 1 1 1 1 1 4 7 11 1 3 1 1 1 1 |1 18 2 6 3 4 1 1 11 1 1 3 6 7 1 1 |7 5 2 12 5 1 8 11 1 1 13 17 8 1 1 1 |1 1 10 1 5 1 6 14 8 2 3 2 1 1 3 2 |2 7 7 2 1 1 16 7 21 10 3 18 1 5 4 16 |2 2 4 5 1 1 1 1 1 4 12 1 7 13 15 7 |1 1 7 10 15 13 1 6 1 18 21 9 16 1 8 18 |20 1 1 6 1 1 1 8 6 3 10 7 1 1 19 15 |
14590: 2 2 4 1 1 1 1 1 1 4 1 1 12 1 3 17 |9 2 1 1 3 1 1 1 6 3 3 15 25 1 1 6 |8 14 16 13 9 1 18 9 3 1 1 5 7 6 1 2 |1 4 14 3 11 2 10 24 1 6 9 5 1 1 1 2 |1 1 1 1 1 1 1 4 7 11 1 3 1 1 1 1 |1 18 2 6 3 4 1 1 11 1 1 3 6 7 1 1 |7 5 2 12 5 1 8 11 1 1 13 17 8 1 1 1 |1 1 10 1 5 1 6 14 8 2 3 2 1 1 3 2 |1 7 6 2 3 1 3 12 11 1 1 5 1 11 1 2 |1 2 3 1 1 1 1 6 2 1 14 1 5 11 1 1 |1 7 1 6 3 2 2 8 1 2 8 1 1 1 7 14 |8 1 2 6 2 2 1 3 13 1 2 5 2 5 5 11 |
14601: 2 2 4 1 1 1 1 1 1 4 1 1 12 1 3 17 |9 2 1 1 3 1 1 1 6 3 3 15 25 1 1 6 |8 14 16 13 9 1 18 9 3 1 1 5 7 6 1 2 |1 4 14 3 11 2 10 24 1 6 9 5 1 1 1 2 |1 1 1 1 1 1 1 4 7 11 1 3 1 1 1 1 |1 18 2 6 3 4 1 1 11 1 1 3 6 7 1 1 |7 5 2 12 5 1 8 11 1 1 13 17 8 1 1 1 |1 1 10 1 5 1 6 14 8 2 3 2 1 1 3 2 |1 7 6 2 3 1 3 12 11 1 1 5 1 11 1 2 |1 2 3 1 1 1 1 6 2 1 14 1 5 11 1 1 |1 7 1 6 3 2 2 8 1 2 8 1 1 1 7 14 |8 1 2 6 2 2 1 3 13 1 2 5 2 5 5 11 |
14612: 1 1 3 1 1 1 9 3 6 1 1 1 6 1 16 6 |1 1 2 1 3 1 1 2 1 1 3 13 10 3 3 6 |1 1 13 15 7 8 14 1 2 4 1 3 1 2 1 1 |1 6 13 1 1 2 3 11 1 1 1 1 1 1 2 1 |1 1 3 1 1 1 1 2 7 11 1 3 1 5 1 2 |1 1 1 5 1 3 1 1 10 1 1 2 1 5 1 4 |7 5 2 12 5 1 8 11 1 1 13 17 8 1 1 1 |1 1 10 1 5 1 6 14 8 2 3 2 1 1 3 2 |1 7 6 2 3 1 3 12 11 1 1 5 1 11 1 2 |1 2 3 1 1 1 1 6 2 1 14 1 5 11 1 1 |1 7 1 6 3 2 2 8 1 2 8 1 1 1 7 14 |8 1 2 6 2 2 1 3 13 1 2 5 2 5 5 11 |
14623: 1 1 3 1 1 1 9 3 6 1 1 1 6 1 16 6 |1 1 2 1 3 1 1 2 1 1 3 13 10 3 3 6 |1 1 13 15 7 8 14 1 2 4 1 3 1 2 1 1 |1 6 13 1 1 2 3 11 1 1 1 1 1 1 2 1 |1 1 3 1 1 1 1 2 7 11 1 3 1 5 1 2 |1 1 1 5 1 3 1 1 10 1 1 2 1 5 1 4 |1 4 1 12 4 1 1 11 1 1 5 15 7 1 1 1 |1 8 1 1 1 1 7 12 2 2 1 1 1 1 3 1 |1 1 11 1 5 1 3 12 7 1 1 5 1 12 1 2 |1 1 1 1 1 1 1 9 1 1 2 1 5 12 15 1 |1 7 1 2 1 14 3 7 1 2 8 1 9 1 6 9 |5 1 1 5 3 3 1 7 2 15 9 2 2 5 5 11 |
14634: 1 1 3 1 1 1 9 3 6 1 1 1 6 1 16 6 |1 1 2 1 3 1 1 2 1 1 3 13 10 3 3 6 |1 1 13 15 7 8 14 1 2 4 1 3 1 2 1 1 |1 6 13 1 1 2 3 11 1 1 1 1 1 1 2 1 |1 1 3 1 1 1 1 2 7 11 1 3 1 5 1 2 |1 1 1 5 1 3 1 1 10 1 1 2 1 5 1 4 |1 4 1 12 4 1 1 11 1 1 5 15 7 1 1 1 |1 8 1 1 1 1 7 12 2 2 1 1 1 1 3 1 |1 1 11 1 5 1 3 12 7 1 1 5 1 12 1 2 |1 1 1 1 1 1 1 9 1 1 2 1 5 12 15 1 |1 7 1 2 1 14 3 7 1 2 8 1 9 1 6 9 |5 1 1 5 3 3 1 7 2 15 9 2 2 5 5 11 |
14644: 1 3 1 1 1 1 9 2 3 1 1 1 1 1 3 3 |1 15 1 1 2 1 4 1 1 1 1 13 8 1 1 1 |1 13 14 1 1 7 17 7 1 4 1 2 1 1 1 1 |1 1 1 1 1 3 3 2 1 2 1 1 1 1 2 1 |1 1 1 1 1 1 1 2 2 2 9 2 6 2 1 1 |1 1 1 1 1 1 1 1 8 2 1 3 1 7 1 1 |1 4 1 12 4 1 1 11 1 1 5 15 7 1 1 1 |1 8 1 1 1 1 7 12 2 2 1 1 1 1 3 1 |1 1 11 1 5 1 3 12 7 1 1 5 1 12 1 2 |1 1 1 1 1 1 1 9 1 1 2 1 5 12 15 1 |1 7 1 2 1 14 3 7 1 2 8 1 9 1 6 9 |5 1 1 5 3 3 1 7 2 15 9 2 2 5 5 11 |
14654: 1 3 1 1 1 1 9 2 3 1 1 1 1 1 3 3 |1 15 1 1 2 1 4 1 1 1 1 13 8 1 1 1 |1 13 14 1 1 7 17 7 1 4 1 2 1 1 1 1 |1 1 1 1 1 3 3 2 1 2 1 1 1 1 2 1 |1 1 1 1 1 1 1 2 2 2 9 2 6 2 1 1 |1 1 1 1 1 1 1 1 8 2 1 3 1 7 1 1 |1 1 8 1 4 1 1 11 1 1 6 15 9 1 1 1 |2 1 1 1 1 2 6 12 2 1 1 1 1 1 3 2 |1 1 1 1 1 1 15 13 10 1 1 5 1 12 1 2 |1 1 1 1 10 2 1 5 2 1 14 1 5 11 1 1 |1 1 2 3 2 1 1 1 2 13 6 1 8 1 8 9 |15 1 1 1 1 6 1 1 1 1 1 1 1 5 5 11 |
14665: 1 3 1 1 1 1 9 2 3 1 1 1 1 1 3 3 |1 15 1 1 2 1 4 1 1 1 1 13 8 1 1 1 |1 13 14 1 1 7 17 7 1 4 1 2 1 1 1 1 |1 1 1 1 1 3 3 2 1 2 1 1 1 1 2 1 |1 1 1 1 1 1 1 2 2 2 9 2 6 2 1 1 |1 1 1 1 1 1 1 1 8 2 1 3 1 7 1 1 |1 1 8 1 4 1 1 11 1 1 6 15 9 1 1 1 |2 1 1 1 1 2 6 12 2 1 1 1 1 1 3 2 |1 1 1 1 1 1 15 13 10 1 1 5 1 12 1 2 |1 1 1 1 10 2 1 5 2 1 14 1 5 11 1 1 |1 1 2 3 2 1 1 1 2 13 6 1 8 1 8 9 |15 1 1 1 1 6 1 1 1 1 1 1 1 5 5 11 |
14675: 1 1 1 1 1 1 10 1 6 1 1 1 7 1 1 3 |4 7 1 1 1 1 3 1 1 2 2 5 6 2 1 1 |4 8 1 1 2 1 6 1 1 2 3 2 1 1 1 1 |1 1 1 1 1 3 3 2 1 2 1 1 1 1 2 1 |1 1 1 1 1 1 1 2 2 2 9 2 6 2 1 1 |1 1 1 1 1 1 1 1 8 2 1 3 1 7 1 1 |1 1 8 1 4 1 1 11 1 1 6 15 9 1 1 1 |2 1 1 1 1 2 6 12 2 1 1 1 1 1 3 2 |1 1 1 1 1 1 15 13 10 1 1 5 1 12 1 2 |1 1 1 1 10 2 1 5 2 1 14 1 5 11 1 1 |1 1 2 3 2 1 1 1 2 13 6 1 8 1 8 9 |15 1 1 1 1 6 1 1 1 1 1 1 1 5 5 11 |
14686: 1 1 1 1 1 1 10 1 6 1 1 1 7 1 1 3 |4 7 1 1 1 1 3 1 1 2 2 5 6 2 1 1 |4 8 1 1 2 1 6 1 1 2 3 2 1 1 1 1 |1 1 1 1 1 1 6 12 1 1 1 12 1 1 2 1 |1 7 2 2 1 3 2 2 1 1 10 1 1 4 1 6 |1 1 1 12 1 2 1 1 7 1 1 1 1 7 1 1 |6 1 16 4 3 4 1 10 1 1 4 15 4 1 1 1 |1 1 7 1 2 2 1 11 1 1 1 1 1 1 2 1 |2 7 6 1 2 1 14 2 1 2 2 5 1 11 1 7 |1 1 1 1 1 1 1 5 2 1 14 2 6 12 3 1 |1 1 7 2 1 1 2 7 1 3 7 1 1 1 6 9 |7 1 1 6 1 1 1 1 5 2 1 5 1 2 5 11 |
14696: 1 1 1 1 1 1 10 1 6 1 1 1 7 1 1 3 |4 7 1 1 1 1 3 1 1 2 2 5 6 2 1 1 |4 8 1 1 2 1 6 1 1 2 3 2 1 1 1 1 |1 1 1 1 1 1 6 12 1 1 1 12 1 1 2 1 |1 7 2 2 1 3 2 2 1 1 10 1 1 4 1 6 |1 1 1 12 1 2 1 1 7 1 1 1 1 7 1 1 |6 1 16 4 3 4 1 10 1 1 4 15 4 1 1 1 |1 1 7 1 2 2 1 11 1 1 1 1 1 1 2 1 |2 7 6 1 2 1 14 2 1 2 2 5 1 11 1 7 |1 1 1 1 1 1 1 5 2 1 14 2 6 12 3 1 |1 1 7 2 1 1 2 7 1 3 7 1 1 1 6 9 |7 1 1 6 1 1 1 1 5 2 1 5 1 2 5 11 |
14707: 1 1 1 1 1 1 9 1 3 1 1 1 1 1 16 14 |4 7 1 1 1 1 3 1 1 2 2 5 6 2 1 1 |4 8 1 1 2 1 6 1 1 2 3 2 1 1 1 1 |1 1 1 1 1 1 6 12 1 1 1 12 1 1 2 1 |1 7 2 2 1 3 2 2 1 1 10 1 1 4 1 6 |1 1 1 12 1 2 1 1 7 1 1 1 1 7 1 1 |6 1 16 4 3 4 1 10 1 1 4 15 4 1 1 1 |1 1 7 1 2 2 1 11 1 1 1 1 1 1 2 1 |2 7 6 1 2 1 14 2 1 2 2 5 1 11 1 7 |1 1 1 1 1 1 1 5 2 1 14 2 6 12 3 1 |1 1 7 2 1 1 2 7 1 3 7 1 1 1 6 9 |7 1 1 6 1 1 1 1 5 2 1 5 1 2 5 11 |
14718: 1 1 1 1 1 1 9 1 3 1 1 1 1 1 16 14 |3 7 1 1 1 1 9 4 1 2 1 13 7 1 1 1 |1 13 7 14 1 6 6 1 1 3 1 3 1 3 1 1 |1 4 2 1 1 1 2 5 1 1 1 10 1 2 2 1 |1 1 1 1 1 1 1 2 1 11 4 2 5 2 1 6 |1 12 1 2 2 1 1 1 8 3 1 2 2 3 2 1 |1 1 1 1 2 1 1 11 1 1 5 16 7 1 1 1 |1 1 1 1 1 1 6 12 1 1 1 1 1 1 3 1 |1 1 1 2 1 1 15 12 6 1 1 5 1 12 1 2 |1 1 1 1 1 1 1 7 2 2 2 1 5 12 3 1 |1 1 7 2 1 1 2 7 1 3 7 1 1 1 6 9 |7 1 1 6 1 1 1 1 5 2 1 5 1 2 5 11 |
14729: 1 1 1 1 1 1 9 1 3 1 1 1 1 1 16 14 |3 7 1 1 1 1 9 4 1 2 1 13 7 1 1 1 |1 13 7 14 1 6 6 1 1 3 1 3 1 3 1 1 |1 4 2 1 1 1 2 5 1 1 1 10 1 2 2 1 |1 1 1 1 1 1 1 2 1 11 4 2 5 2 1 6 |1 12 1 2 2 1 1 1 8 3 1 2 2 3 2 1 |1 1 1 1 2 1 1 11 1 1 5 16 7 1 1 1 |1 1 1 1 1 1 6 12 1 1 1 1 1 1 3 1 |1 1 1 2 1 1 15 12 6 1 1 5 1 12 1 2 |1 1 1 1 1 1 1 7 2 2 2 1 5 12 3 1 |1 7 1 2 1 14 2 6 2 2 8 1 9 1 7 9 |16 1 2 5 1 1 1 1 2 1 9 1 2 5 17 11 |
14740: 1 1 1 1 1 1 7 1 8 1 1 1 1 1 12 16 |3 7 1 1 1 1 9 4 1 2 1 13 7 1 1 1 |1 13 7 14 1 6 6 1 1 3 1 3 1 3 1 1 |1 4 2 1 1 1 2 5 1 1 1 10 1 2 2 1 |1 1 1 1 1 1 1 2 1 11 4 2 5 2 1 6 |1 12 1 2 2 1 1 1 8 3 1 2 2 3 2 1 |1 1 1 1 2 1 1 11 1 1 5 16 7 1 1 1 |1 1 1 1 1 1 6 12 1 1 1 1 1 1 3 1 |1 1 1 2 1 1 15 12 6 1 1 5 1 12 1 2 |1 1 1 1 1 1 1 7 2 2 2 1 5 12 3 1 |1 7 1 2 1 14 2 6 2 2 8 1 9 1 7 9 |16 1 2 5 1 1 1 1 2 1 9 1 2 5 17 11 |
14750: 1 1 1 1 1 1 7 1 8 1 1 1 1 1 12 16 |3 15 1 1 1 1 8 4 1 2 2 13 8 1 1 1 |3 11 8 1 1 1 14 1 1 3 1 2 1 1 1 1 |1 1 1 3 1 2 2 2 1 2 1 10 1 1 3 1 |1 1 2 1 1 2 1 2 1 1 9 1 1 5 1 1 |1 1 1 1 1 6 1 1 9 1 1 1 3 4 3 1 |1 1 5 11 2 1 1 10 1 1 1 15 4 1 1 1 |3 1 1 1 2 1 6 13 12 6 5 2 1 1 3 1 |1 1 1 1 1 1 15 13 7 1 1 5 1 13 1 3 |1 1 1 1 1 1 1 7 2 2 2 1 5 12 3 1 |1 7 1 2 1 14 2 6 2 2 8 1 9 1 7 9 |16 1 2 5 1 1 1 1 2 1 9 1 2 5 17 11 |
14760: 1 1 1 1 1 1 7 1 8 1 1 1 1 1 12 16 |3 15 1 1 1 1 8 4 1 2 2 13 8 1 1 1 |3 11 8 1 1 1 14 1 1 3 1 2 1 1 1 1 |1 1 1 3 1 2 2 2 1 2 1 10 1 1 3 1 |1 1 2 1 1 2 1 2 1 1 9 1 1 5 1 1 |1 1 1 1 1 6 1 1 9 1 1 1 3 4 3 1 |1 1 5 11 2 1 1 10 1 1 1 15 4 1 1 1 |3 1 1 1 2 1 6 13 12 6 5 2 1 1 3 1 |1 1 1 1 1 1 15 13 7 1 1 5 1 13 1 3 |1 1 4 2 11 1 1 5 1 1 2 1 5 11 2 1 |1 7 1 1 1 13 1 9 1 1 5 1 8 1 6 10 |9 1 1 1 1 1 1 1 1 1 9 1 1 5 5 11 |
14770: 1 1 1 1 1 1 7 1 8 1 1 1 1 1 12 16 |3 15 1 1 1 1 8 4 1 2 2 13 8 1 1 1 |3 11 8 1 1 1 14 1 1 3 1 2 1 1 1 1 |1 1 1 3 1 2 2 2 1 2 1 10 1 1 3 1 |1 1 2 1 1 2 1 2 1 1 9 1 1 5 1 1 |1 1 1 1 1 6 1 1 9 1 1 1 3 4 3 1 |1 1 5 11 2 1 1 10 1 1 1 15 4 1 1 1 |3 1 1 1 2 1 6 13 12 6 5 2 1 1 3 1 |1 1 1 1 1 1 15 13 7 1 1 5 1 13 1 3 |1 1 4 2 11 1 1 5 1 1 2 1 5 11 2 1 |1 7 1 1 1 13 1 9 1 1 5 1 8 1 6 10 |9 1 1 1 1 1 1 1 1 1 9 1 1 5 5 11 |
14781: 1 1 1 1 1 1 1 3 2 1 1 2 1 1 5 3 |1 1 1 1 1 2 4 1 1 1 1 12 9 1 3 13 |3 7 1 1 1 5 2 1 1 2 1 3 2 1 1 1 |1 1 1 1 1 1 3 17 1 2 5 6 1 2 2 1 |1 7 1 1 1 1 1 1 1 1 9 1 1 4 1 6 |1 1 1 1 1 1 1 1 8 1 1 1 3 4 2 1 |1 1 15 9 1 1 1 10 1 1 5 15 8 1 1 1 |3 1 1 1 2 1 6 13 12 6 5 2 1 1 3 1 |1 1 1 1 1 1 15 13 7 1 1 5 1 13 1 3 |1 1 4 2 11 1 1 5 1 1 2 1 5 11 2 1 |1 7 1 1 1 13 1 9 1 1 5 1 8 1 6 10 |9 1 1 1 1 1 1 1 1 1 9 1 1 5 5 11 |
14792: 1 1 1 1 1 1 1 3 2 1 1 2 1 1 5 3 |1 1 1 1 1 2 4 1 1 1 1 12 9 1 3 13 |3 7 1 1 1 5 2 1 1 2 1 3 2 1 1 1 |1 1 1 1 1 1 3 17 1 2 5 6 1 2 2 1 |1 7 1 1 1 1 1 1 1 1 9 1 1 4 1 6 |1 1 1 1 1 1 1 1 8 1 1 1 3 4 2 1 |1 1 15 9 1 1 1 10 1 1 5 15 8 1 1 1 |1 1 1 2 1 2 1 12 1 1 4 1 1 1 1 1 |1 1 1 1 1 1 1 2 6 1 1 1 1 12 1 1 |1 1 1 1 1 1 2 5 2 1 3 1 5 12 3 1 |1 1 9 6 1 1 2 6 2 8 7 1 1 1 7 10 |16 1 1 1 1 1 1 1 2 1 2 1 2 2 4 11 |
14803: 1 1 1 1 1 1 1 3 2 1 1 2 1 1 5 3 |1 1 1 1 1 2 4 1 1 1 1 12 9 1 3 13 |3 7 1 1 1 5 2 1 1 2 1 3 2 1 1 1 |1 1 1 1 1 1 3 17 1 2 5 6 1 2 2 1 |1 7 1 1 1 1 1 1 1 1 9 1 1 4 1 6 |1 1 1 1 1 1 1 1 8 1 1 1 3 4 2 1 |1 1 15 9 1 1 1 10 1 1 5 15 8 1 1 1 |1 1 1 2 1 2 1 12 1 1 4 1 1 1 1 1 |1 1 1 1 1 1 1 2 6 1 1 1 1 12 1 1 |1 1 1 1 1 1 2 5 2 1 3 1 5 12 3 1 |1 1 9 6 1 1 2 6 2 8 7 1 1 1 7 10 |16 1 1 1 1 1 1 1 2 1 2 1 2 2 4 11 |
14813: 1 1 1 1 1 1 9 1 3 1 1 1 1 1 16 7 |1 1 1 1 1 1 9 4 1 2 2 14 6 1 1 1 |2 12 9 15 1 6 12 1 1 4 1 3 1 1 1 1 |1 4 2 1 1 2 1 5 1 1 1 1 1 1 2 1 |1 1 2 1 1 1 1 2 2 1 8 1 1 4 1 5 |1 1 1 1 1 1 1 1 8 1 1 1 3 4 2 1 |1 1 15 9 1 1 1 10 1 1 5 15 8 1 1 1 |1 1 1 2 1 2 1 12 1 1 4 1 1 1 1 1 |1 1 1 1 1 1 1 2 6 1 1 1 1 12 1 1 |1 1 1 1 1 1 2 5 2 1 3 1 5 12 3 1 |1 1 9 6 1 1 2 6 2 8 7 1 1 1 7 10 |16 1 1 1 1 1 1 1 2 1 2 1 2 2 4 11 |
14823: 1 1 1 1 1 1 9 1 3 1 1 1 1 1 16 7 |1 1 1 1 1 1 9 4 1 2 2 14 6 1 1 1 |2 12 9 15 1 6 12 1 1 4 1 3 1 1 1 1 |1 4 2 1 1 2 1 5 1 1 1 1 1 1 2 1 |1 1 2 1 1 1 1 2 2 1 8 1 1 4 1 5 |1 1 1 6 1 1 1 1 7 2 1 2 1 6 4 1 |1 4 3 1 1 1 1 10 1 1 5 15 4 1 1 1 |1 1 1 1 1 1 1 12 1 1 4 1 1 1 1 2 |1 1 2 1 1 1 15 13 7 1 1 6 1 12 1 1 |1 1 1 1 1 1 1 7 2 1 3 1 1 7 1 1 |1 7 1 2 1 13 2 7 4 9 3 1 4 1 6 9 |15 1 1 5 1 1 1 1 1 15 9 1 1 5 4 10 |
14834: 1 1 1 1 1 1 9 1 3 1 1 1 1 1 16 7 |1 1 1 1 1 1 9 4 1 2 2 14 6 1 1 1 |2 12 9 15 1 6 12 1 1 4 1 3 1 1 1 1 |1 4 2 1 1 2 1 5 1 1 1 1 1 1 2 1 |1 1 2 1 1 1 1 2 2 1 8 1 1 4 1 5 |1 1 1 6 1 1 1 1 7 2 1 2 1 6 4 1 |1 4 3 1 1 1 1 10 1 1 5 15 4 1 1 1 |1 1 1 1 1 1 1 12 1 1 4 1 1 1 1 2 |1 1 2 1 1 1 15 13 7 1 1 6 1 12 1 1 |1 1 1 1 1 1 1 7 2 1 3 1 1 7 1 1 |1 7 1 2 1 13 2 7 4 9 3 1 4 1 6 9 |15 1 1 5 1 1 1 1 1 15 9 1 1 5 4 10 |
14845: 1 1 1 1 1 1 9 1 6 1 1 1 1 1 17 13 |3 2 2 1 1 2 8 3 1 1 1 13 9 1 1 1 |3 11 13 2 2 1 6 1 3 3 1 1 1 1 1 1 |1 1 1 2 1 1 1 10 1 2 1 1 1 1 2 1 |1 1 3 1 1 2 1 1 1 1 9 1 1 4 1 1 |1 1 1 6 1 1 1 1 7 2 1 2 1 6 4 1 |1 4 3 1 1 1 1 10 1 1 5 15 4 1 1 1 |1 1 1 1 1 1 1 12 1 1 4 1 1 1 1 2 |1 1 2 1 1 1 15 13 7 1 1 6 1 12 1 1 |1 1 1 1 1 1 1 7 2 1 3 1 1 7 1 1 |1 7 1 2 1 13 2 7 4 9 3 1 4 1 6 9 |15 1 1 5 1 1 1 1 1 15 9 1 1 5 4 10 |
14855: 1 1 1 1 1 1 9 1 6 1 1 1 1 1 17 13 |3 2 2 1 1 2 8 3 1 1 1 13 9 1 1 1 |3 11 13 2 2 1 6 1 3 3 1 1 1 1 1 1 |1 1 1 2 1 1 1 10 1 2 1 1 1 1 2 1 |1 1 3 1 1 2 1 1 1 1 9 1 1 4 1 1 |1 12 1 1 2 5 1 1 8 2 1 1 3 4 2 1 |1 1 13 10 3 1 2 1 1 1 6 14 3 1 1 1 |2 1 10 1 1 2 6 12 12 10 1 2 1 1 2 1 |1 2 2 1 1 1 15 12 6 1 1 5 1 12 1 2 |1 1 3 1 1 2 3 5 1 1 3 1 5 12 1 1 |1 6 1 2 2 1 1 1 2 13 5 1 6 1 6 14 |7 1 1 2 5 2 1 1 1 1 1 1 2 5 5 12 |
14866: 1 1 1 1 1 1 9 1 6 1 1 1 1 1 17 13 |3 2 2 1 1 2 8 3 1 1 1 13 9 1 1 1 |3 11 13 2 2 1 6 1 3 3 1 1 1 1 1 1 |1 1 1 2 1 1 1 10 1 2 1 1 1 1 2 1 |1 1 3 1 1 2 1 1 1 1 9 1 1 4 1 1 |1 12 1 1 2 5 1 1 8 2 1 1 3 4 2 1 |1 1 13 10 3 1 2 1 1 1 6 14 3 1 1 1 |2 1 10 1 1 2 6 12 12 10 1 2 1 1 2 1 |1 2 2 1 1 1 15 12 6 1 1 5 1 12 1 2 |1 1 3 1 1 2 3 5 1 1 3 1 5 12 1 1 |1 6 1 2 2 1 1 1 2 13 5 1 6 1 6 14 |7 1 1 2 5 2 1 1 1 1 1 1 2 5 5 12 |
14877: 1 1 1 1 1 1 3 1 7 1 1 1 5 1 16 7 |3 7 1 1 1 1 3 1 1 1 1 13 10 1 1 1 |1 6 3 1 2 6 6 1 2 3 2 2 1 1 1 1 |1 1 1 2 1 1 1 10 1 2 1 1 1 1 2 1 |1 1 3 1 1 2 1 1 1 1 9 1 1 4 1 1 |1 12 1 1 2 5 1 1 8 2 1 1 3 4 2 1 |1 1 13 10 3 1 2 1 1 1 6 14 3 1 1 1 |2 1 10 1 1 2 6 12 12 10 1 2 1 1 2 1 |1 2 2 1 1 1 15 12 6 1 1 5 1 12 1 2 |1 1 3 1 1 2 3 5 1 1 3 1 5 12 1 1 |1 6 1 2 2 1 1 1 2 13 5 1 6 1 6 14 |7 1 1 2 5 2 1 1 1 1 1 1 2 5 5 12 |
14888: 1 1 1 1 1 1 3 1 7 1 1 1 5 1 16 7 |3 7 1 1 1 1 3 1 1 1 1 13 10 1 1 1 |1 6 3 1 2 6 6 1 2 3 2 2 1 1 1 1 |1 1 1 1 1 4 2 6 1 1 1 10 1 1 2 1 |1 1 1 1 1 2 1 2 1 11 5 3 5 1 1 6 |1 12 1 1 1 1 1 1 8 1 1 2 1 2 2 1 |1 1 2 2 1 3 1 11 1 1 5 14 3 1 1 1 |1 1 11 1 1 2 6 12 13 7 1 1 1 1 1 2 |1 2 1 1 1 1 1 1 1 1 1 1 1 12 1 1 |1 1 2 1 1 1 1 6 2 1 3 1 5 12 3 1 |1 1 7 7 2 1 2 6 2 8 3 1 8 1 7 5 |7 1 1 2 5 2 1 1 1 1 1 1 2 5 5 12 |
14898: 1 1 1 1 1 1 3 1 7 1 1 1 5 1 16 7 |3 7 1 1 1 1 3 1 1 1 1 13 10 1 1 1 |1 6 3 1 2 6 6 1 2 3 2 2 1 1 1 1 |1 1 1 1 1 4 2 6 1 1 1 10 1 1 2 1 |1 1 1 1 1 2 1 2 1 11 5 3 5 1 1 6 |1 12 1 1 1 1 1 1 8 1 1 2 1 2 2 1 |1 1 2 2 1 3 1 11 1 1 5 14 3 1 1 1 |1 1 11 1 1 2 6 12 13 7 1 1 1 1 1 2 |1 2 1 1 1 1 1 1 1 1 1 1 1 12 1 1 |1 1 2 1 1 1 1 6 2 1 3 1 5 12 3 1 |1 1 7 7 2 1 2 6 2 8 3 1 8 1 7 5 |15 1 1 6 1 2 7 2 2 2 1 5 1 1 3 3 |
14909: 1 5 1 2 1 1 9 1 8 1 1 1 1 1 12 2 |3 7 1 1 1 1 3 1 1 1 1 13 10 1 1 1 |1 6 3 1 2 6 6 1 2 3 2 2 1 1 1 1 |1 1 1 1 1 4 2 6 1 1 1 10 1 1 2 1 |1 1 1 1 1 2 1 2 1 11 5 3 5 1 1 6 |1 12 1 1 1 1 1 1 8 1 1 2 1 2 2 1 |1 1 2 2 1 3 1 11 1 1 5 14 3 1 1 1 |1 1 11 1 1 2 6 12 13 7 1 1 1 1 1 2 |1 2 1 1 1 1 1 1 1 1 1 1 1 12 1 1 |1 1 2 1 1 1 1 6 2 1 3 1 5 12 3 1 |1 1 7 7 2 1 2 6 2 8 3 1 8 1 7 5 |15 1 1 6 1 2 7 2 2 2 1 5 1 1 3 3 |
14919: 1 5 1 2 1 1 9 1 8 1 1 1 1 1 12 2 |4 7 1 1 1 1 9 4 1 3 2 6 7 1 1 1 |3 6 10 13 1 6 7 1 1 2 1 2 1 1 1 1 |1 1 1 1 1 3 1 7 1 2 1 10 1 1 1 1 |1 7 1 1 1 3 1 2 1 11 5 2 5 3 1 6 |1 1 1 1 2 1 1 1 7 1 1 1 2 3 2 3 |7 4 1 11 4 1 1 11 1 1 2 8 1 1 1 2 |1 1 1 1 1 2 6 12 13 8 1 1 1 1 2 1 |1 1 2 1 1 1 3 12 6 1 1 5 1 12 1 2 |1 1 1 1 1 1 1 6 2 1 2 1 5 11 1 1 |1 7 1 1 3 1 2 7 2 8 3 1 10 1 6 9 |15 1 1 6 1 2 7 2 2 2 1 5 1 1 3 3 |
14930: 1 5 1 2 1 1 9 1 8 1 1 1 1 1 12 2 |4 7 1 1 1 1 9 4 1 3 2 6 7 1 1 1 |3 6 10 13 1 6 7 1 1 2 1 2 1 1 1 1 |1 1 1 1 1 3 1 7 1 2 1 10 1 1 1 1 |1 7 1 1 1 3 1 2 1 11 5 2 5 3 1 6 |1 1 1 1 2 1 1 1 7 1 1 1 2 3 2 3 |7 4 1 11 4 1 1 11 1 1 2 8 1 1 1 2 |1 1 1 1 1 2 6 12 13 8 1 1 1 1 2 1 |1 1 2 1 1 1 3 12 6 1 1 5 1 12 1 2 |1 1 1 1 1 1 1 6 2 1 2 1 5 11 1 1 |1 7 1 1 3 1 2 7 2 8 3 1 10 1 6 9 |8 1 1 6 1 1 1 1 1 15 9 1 1 5 5 11 |
14941: 1 5 1 2 1 1 9 1 8 1 1 1 1 1 12 2 |4 7 1 1 1 1 9 4 1 3 2 6 7 1 1 1 |3 6 10 13 1 6 7 1 1 2 1 2 1 1 1 1 |1 1 1 1 1 3 1 7 1 2 1 10 1 1 1 1 |1 7 1 1 1 3 1 2 1 11 5 2 5 3 1 6 |1 1 1 1 2 1 1 1 7 1 1 1 2 3 2 3 |7 4 1 11 4 1 1 11 1 1 2 8 1 1 1 2 |1 1 1 1 1 2 6 12 13 8 1 1 1 1 2 1 |1 1 2 1 1 1 3 12 6 1 1 5 1 12 1 2 |1 1 1 1 1 1 1 6 2 1 2 1 5 11 1 1 |1 7 1 1 3 1 2 7 2 8 3 1 10 1 6 9 |8 1 1 6 1 1 1 1 1 15 9 1 1 5 5 11 |
14951: 1 1 1 1 1 1 9 1 3 1 1 1 1 1 17 7 |2 2 2 1 1 1 4 1 1 3 2 5 16 1 5 13 |1 13 12 1 1 1 14 1 1 2 1 2 2 1 1 1 |1 1 1 3 1 1 3 2 1 2 1 10 1 1 2 1 |1 1 2 1 1 1 1 2 2 11 4 1 9 2 1 6 |1 1 1 1 1 4 1 1 9 1 1 1 2 3 1 2 |1 1 13 10 3 2 1 10 1 1 4 15 7 1 1 1 |1 1 1 1 3 1 1 9 2 1 2 1 1 1 3 1 |1 1 2 1 1 1 3 12 6 1 1 5 1 12 1 2 |1 1 1 1 1 1 1 6 2 1 2 1 5 11 1 1 |1 7 1 1 3 1 2 7 2 8 3 1 10 1 6 9 |8 1 1 6 1 1 1 1 1 15 9 1 1 5 5 11 |
14962: 1 1 1 1 1 1 9 1 3 1 1 1 1 1 17 7 |2 2 2 1 1 1 4 1 1 3 2 5 16 1 5 13 |1 13 12 1 1 1 14 1 1 2 1 2 2 1 1 1 |1 1 1 3 1 1 3 2 1 2 1 10 1 1 2 1 |1 1 2 1 1 1 1 2 2 11 4 1 9 2 1 6 |1 1 1 1 1 4 1 1 9 1 1 1 2 3 1 2 |1 1 13 10 3 2 1 10 1 1 4 15 7 1 1 1 |1 1 1 1 3 1 1 9 2 1 2 1 1 1 3 1 |1 1 1 1 1 1 2 12 6 1 1 5 1 11 1 1 |1 1 3 1 10 1 3 5 1 1 14 1 5 12 2 1 |1 7 1 2 2 1 1 8 3 12 3 1 1 1 6 9 |7 1 1 1 1 1 1 1 5 1 7 1 1 2 5 12 |
14973: 1 1 1 1 1 1 9 1 3 1 1 1 1 1 17 7 |2 2 2 1 1 1 4 1 1 3 2 5 16 1 5 13 |1 13 12 1 1 1 14 1 1 2 1 2 2 1 1 1 |1 1 1 3 1 1 3 2 1 2 1 10 1 1 2 1 |1 1 2 1 1 1 1 2 2 11 4 1 9 2 1 6 |1 1 1 1 1 4 1 1 9 1 1 1 2 3 1 2 |1 1 13 10 3 2 1 10 1 1 4 15 7 1 1 1 |1 1 1 1 3 1 1 9 2 1 2 1 1 1 3 1 |1 1 1 1 1 1 2 12 6 1 1 5 1 11 1 1 |1 1 3 1 10 1 3 5 1 1 14 1 5 12 2 1 |1 7 1 2 2 1 1 8 3 12 3 1 1 1 6 9 |7 1 1 1 1 1 1 1 5 1 7 1 1 2 5 12 |
14984: 1 1 1 1 1 1 10 2 3 1 1 1 2 1 13 2 |3 7 1 1 2 1 8 4 1 1 2 6 7 1 4 11 |1 2 1 1 2 1 7 1 1 2 1 2 1 1 1 1 |1 1 1 1 1 3 5 12 1 2 1 10 1 1 2 1 |1 1 1 1 1 2 2 2 1 1 9 1 1 5 1 8 |1 1 1 1 1 1 1 1 4 2 1 2 1 6 1 3 |1 1 2 2 1 1 3 1 1 1 4 15 3 1 1 1 |1 1 1 1 1 1 1 11 13 7 4 1 1 1 1 1 |1 1 1 1 1 1 2 12 6 1 1 5 1 11 1 1 |1 1 3 1 10 1 3 5 1 1 14 1 5 12 2 1 |1 7 1 2 2 1 1 8 3 12 3 1 1 1 6 9 |7 1 1 1 1 1 1 1 5 1 7 1 1 2 5 12 |
14995: 1 1 1 1 1 1 10 2 3 1 1 1 2 1 13 2 |3 7 1 1 2 1 8 4 1 1 2 6 7 1 4 11 |1 2 1 1 2 1 7 1 1 2 1 2 1 1 1 1 |1 1 1 1 1 3 5 12 1 2 1 10 1 1 2 1 |1 1 1 1 1 2 2 2 1 1 9 1 1 5 1 8 |1 1 1 1 1 1 1 1 4 2 1 2 1 6 1 3 |1 1 2 2 1 1 3 1 1 1 4 15 3 1 1 1 |1 1 1 1 1 1 1 11 13 7 4 1 1 1 1 1 |1 1 13 1 4 1 1 1 1 1 1 1 1 12 1 1 |1 1 2 1 1 1 1 6 1 1 2 1 5 12 2 1 |1 1 7 7 2 1 2 6 1 2 7 1 5 1 7 9 |14 1 1 5 1 1 5 1 2 2 1 5 1 2 3 2 |
15005: 1 1 1 1 1 1 10 2 3 1 1 1 2 1 13 2 |3 7 1 1 2 1 8 4 1 1 2 6 7 1 4 11 |1 2 1 1 2 1 7 1 1 2 1 2 1 1 1 1 |1 1 1 1 1 3 5 12 1 2 1 10 1 1 2 1 |1 1 1 1 1 2 2 2 1 1 9 1 1 5 1 8 |1 1 1 1 1 1 1 1 4 2 1 2 1 6 1 3 |1 1 2 2 1 1 3 1 1 1 4 15 3 1 1 1 |1 1 1 1 1 1 1 11 13 7 4 1 1 1 1 1 |1 1 13 1 4 1 1 1 1 1 1 1 1 12 1 1 |1 1 2 1 1 1 1 6 1 1 2 1 5 12 2 1 |1 1 7 7 2 1 2 6 1 2 7 1 5 1 7 9 |14 1 1 5 1 1 5 1 2 2 1 5 1 2 3 2 |
15016: 1 10 1 1 1 1 9 2 6 1 1 1 6 1 15 14 |4 8 1 1 1 1 4 2 1 1 2 12 1 1 1 1 |1 13 9 13 1 1 6 1 1 2 1 3 1 2 1 1 |1 1 1 1 1 1 3 17 1 2 1 10 1 1 1 1 |1 8 2 1 1 1 1 2 1 1 9 1 1 4 2 6 |1 1 1 1 1 1 1 1 8 2 1 1 1 3 1 2 |1 1 2 8 4 1 1 1 1 1 2 1 1 1 1 1 |1 1 1 1 1 1 1 11 1 1 1 1 1 1 1 1 |1 1 13 1 4 1 1 1 1 1 1 1 1 12 1 1 |1 1 2 1 1 1 1 6 1 1 2 1 5 12 2 1 |1 1 7 7 2 1 2 6 1 2 7 1 5 1 7 9 |14 1 1 5 1 1 5 1 2 2 1 5 1 2 3 2 |
15027: 1 10 1 1 1 1 9 2 6 1 1 1 6 1 15 14 |4 8 1 1 1 1 4 2 1 1 2 12 1 1 1 1 |1 13 9 13 1 1 6 1 1 2 1 3 1 2 1 1 |1 1 1 1 1 1 3 17 1 2 1 10 1 1 1 1 |1 8 2 1 1 1 1 2 1 1 9 1 1 4 2 6 |1 1 1 1 1 1 1 1 8 2 1 1 1 3 1 2 |1 1 2 8 4 1 1 1 1 1 2 1 1 1 1 1 |1 1 1 1 1 1 1 11 1 1 1 1 1 1 1 1 |1 1 4 1 3 1 15 12 6 1 1 5 1 12 1 1 |1 1 1 1 1 1 1 8 1 1 2 1 5 11 2 1 |1 7 1 17 4 1 2 7 1 2 3 1 9 1 7 14 |8 1 1 6 2 7 1 1 1 1 8 1 2 5 5 10 |
15038: 1 10 1 1 1 1 9 2 6 1 1 1 6 1 15 14 |4 8 1 1 1 1 4 2 1 1 2 12 1 1 1 1 |1 13 9 13 1 1 6 1 1 2 1 3 1 2 1 1 |1 1 1 1 1 1 3 17 1 2 1 10 1 1 1 1 |1 8 2 1 1 1 1 2 1 1 9 1 1 4 2 6 |1 1 1 1 1 1 1 1 8 2 1 1 1 3 1 2 |1 1 2 8 4 1 1 1 1 1 2 1 1 1 1 1 |1 1 1 1 1 1 1 11 1 1 1 1 1 1 1 1 |1 1 4 1 3 1 15 12 6 1 1 5 1 12 1 1 |1 1 1 1 1 1 1 8 1 1 2 1 5 11 2 1 |1 7 1 17 4 1 2 7 1 2 3 1 9 1 7 14 |8 1 1 6 2 7 1 1 1 1 8 1 2 5 5 10 |
15048: 1 3 1 1 1 1 10 2 6 1 1 1 2 1 3 15 |1 2 1 1 1 1 8 4 1 1 3 7 14 1 1 1 |2 12 9 1 1 1 7 1 1 2 1 3 1 1 1 1 |1 1 9 1 11 1 1 3 1 1 1 10 1 2 1 1 |1 2 1 1 1 2 1 2 1 1 7 1 1 4 1 1 |1 1 1 1 1 1 1 1 8 2 1 2 1 6 1 2 |1 1 2 8 4 1 1 1 1 1 2 1 1 1 1 1 |1 1 1 1 1 1 1 11 1 1 1 1 1 1 1 1 |1 1 4 1 3 1 15 12 6 1 1 5 1 12 1 1 |1 1 1 1 1 1 1 8 1 1 2 1 5 11 2 1 |1 7 1 17 4 1 2 7 1 2 3 1 9 1 7 14 |8 1 1 6 2 7 1 1 1 1 8 1 2 5 5 10 |
15059: 1 3 1 1 1 1 10 2 6 1 1 1 2 1 3 15 |1 2 1 1 1 1 8 4 1 1 3 7 14 1 1 1 |2 12 9 1 1 1 7 1 1 2 1 3 1 1 1 1 |1 1 9 1 11 1 1 3 1 1 1 10 1 2 1 1 |1 2 1 1 1 2 1 2 1 1 7 1 1 4 1 1 |1 1 1 1 1 1 1 1 8 2 1 2 1 6 1 2 |1 1 4 1 2 2 1 11 1 1 4 15 8 1 1 1 |1 1 1 1 2 2 1 9 1 1 1 1 1 1 3 1 |1 1 1 1 1 1 14 12 6 1 1 5 1 12 1 2 |1 1 2 1 2 5 2 5 1 1 3 1 5 12 2 1 |1 6 1 1 1 13 1 2 2 12 5 1 1 1 6 10 |16 1 1 1 1 7 1 1 1 1 1 1 1 1 17 9 |
15070: 1 3 1 1 1 1 10 2 6 1 1 1 2 1 3 15 |1 2 1 1 1 1 8 4 1 1 3 7 14 1 1 1 |2 12 9 1 1 1 7 1 1 2 1 3 1 1 1 1 |1 1 9 1 11 1 1 3 1 1 1 10 1 2 1 1 |1 2 1 1 1 2 1 2 1 1 7 1 1 4 1 1 |1 1 1 1 1 1 1 1 8 2 1 2 1 6 1 2 |1 1 4 1 2 2 1 11 1 1 4 15 8 1 1 1 |1 1 1 1 2 2 1 9 1 1 1 1 1 1 3 1 |1 1 1 1 1 1 14 12 6 1 1 5 1 12 1 2 |1 1 2 1 2 5 2 5 1 1 3 1 5 12 2 1 |1 6 1 1 1 13 1 2 2 12 5 1 1 1 6 10 |16 1 1 1 1 7 1 1 1 1 1 1 1 1 17 9 |
15080: 1 3 1 1 1 1 10 2 6 1 1 1 2 1 3 15 |1 2 1 1 1 1 8 4 1 1 3 7 14 1 1 1 |2 12 9 1 1 1 7 1 1 2 1 3 1 1 1 1 |1 1 9 1 11 1 1 3 1 1 1 10 1 2 1 1 |1 2 1 1 1 2 1 2 1 1 7 1 1 4 1 1 |1 1 1 1 1 1 1 1 8 2 1 2 1 6 1 2 |1 1 4 1 2 2 1 11 1 1 4 15 8 1 1 1 |1 1 1 1 2 2 1 9 1 1 1 1 1 1 3 1 |1 1 1 1 1 1 14 12 6 1 1 5 1 12 1 2 |1 1 2 1 2 5 2 5 1 1 3 1 5 12 2 1 |1 6 1 1 1 13 1 2 2 12 5 1 1 1 6 10 |16 1 1 1 1 7 1 1 1 1 1 1 1 1 17 9 |
15101: 1 1 1 2 1 1 10 4 1 1 1 1 1 1 1 1 |1 2 1 1 1 1 8 4 1 1 3 7 14 1 1 1 |2 12 9 1 1 1 7 1 1 2 1 3 1 1 1 1 |1 1 9 1 11 1 1 3 1 1 1 10 1 2 1 1 |1 2 1 1 1 2 1 2 1 1 7 1 1 4 1 1 |1 1 1 1 1 1 1 1 8 2 1 2 1 6 1 2 |1 1 4 1 2 2 1 11 1 1 4 15 8 1 1 1 |1 1 1 1 2 2 1 9 1 1 1 1 1 1 3 1 |1 1 1 1 1 1 14 12 6 1 1 5 1 12 1 2 |1 1 2 1 2 5 2 5 1 1 3 1 5 12 2 1 |1 6 1 1 1 13 1 2 2 12 5 1 1 1 6 10 |16 1 1 1 1 7 1 1 1 1 1 1 1 1 17 9 |
15111: 1 1 1 2 1 1 10 4 1 1 1 1 1 1 1 1 |4 7 1 1 1 2 7 3 1 1 1 1 16 1 1 1 |1 13 9 1 1 5 1 1 1 1 2 1 1 1 1 1 |1 2 1 1 1 1 5 9 1 1 1 2 5 1 2 1 |1 1 3 1 1 2 3 2 1 1 2 1 8 4 2 6 |1 1 1 1 1 1 1 1 7 1 1 1 1 2 1 2 |1 1 16 10 3 1 1 10 1 1 1 1 1 3 1 1 |1 1 1 1 2 2 1 9 1 1 1 1 1 1 3 1 |1 1 1 1 1 1 14 12 6 1 1 5 1 12 1 2 |1 1 2 1 2 5 2 5 1 1 3 1 5 12 2 1 |1 6 1 1 1 13 1 2 2 12 5 1 1 1 6 10 |16 1 1 1 1 7 1 1 1 1 1 1 1 1 17 9 |
15122: 1 1 1 2 1 1 10 4 1 1 1 1 1 1 1 1 |4 7 1 1 1 2 7 3 1 1 1 1 16 1 1 1 |1 13 9 1 1 5 1 1 1 1 2 1 1 1 1 1 |1 2 1 1 1 1 5 9 1 1 1 2 5 1 2 1 |1 1 3 1 1 2 3 2 1 1 2 1 8 4 2 6 |1 1 1 1 1 1 1 1 7 1 1 1 1 2 1 2 |1 1 16 10 3 1 1 10 1 1 1 1 1 3 1 1 |1 1 1 2 2 1 1 8 1 1 1 1 1 1 1 4 |1 1 1 1 2 1 14 1 1 1 1 1 1 1 1 1 |1 1 1 1 1 1 2 5 1 2 2 1 4 12 2 1 |1 6 1 2 1 1 2 1 2 1 4 1 8 1 6 11 |1 1 1 5 1 1 6 2 2 16 12 5 1 5 17 11 |
15132: 1 1 1 2 1 1 10 4 1 1 1 1 1 1 1 1 |4 7 1 1 1 2 7 3 1 1 1 1 16 1 1 1 |1 13 9 1 1 5 1 1 1 1 2 1 1 1 1 1 |1 2 1 1 1 1 5 9 1 1 1 2 5 1 2 1 |1 1 3 1 1 2 3 2 1 1 2 1 8 4 2 6 |1 1 1 1 1 1 1 1 7 1 1 1 1 2 1 2 |1 1 16 10 3 1 1 10 1 1 1 1 1 3 1 1 |1 1 1 2 2 1 1 8 1 1 1 1 1 1 1 4 |1 1 1 1 2 1 14 1 1 1 1 1 1 1 1 1 |1 1 1 1 1 1 2 5 1 2 2 1 4 12 2 1 |1 6 1 2 1 1 2 1 2 1 4 1 8 1 6 11 |1 1 1 5 1 1 6 2 2 16 12 5 1 5 17 11 |
15142: 1 4 1 1 1 1 9 1 8 1 1 1 1 1 17 7 |4 7 1 1 1 1 9 4 1 1 1 1 14 2 1 12 |2 12 8 2 1 1 6 1 1 2 1 3 1 1 1 1 |1 1 1 1 1 2 1 17 1 1 1 12 1 2 2 1 |1 7 1 1 1 3 2 1 1 1 1 1 1 3 1 6 |1 1 1 1 1 1 1 1 7 1 1 1 1 2 1 2 |1 1 16 10 3 1 1 10 1 1 1 1 1 3 1 1 |1 1 1 2 2 1 1 8 1 1 1 1 1 1 1 4 |1 1 1 1 2 1 14 1 1 1 1 1 1 1 1 1 |1 1 1 1 1 1 2 5 1 2 2 1 4 12 2 1 |1 6 1 2 1 1 2 1 2 1 4 1 8 1 6 11 |1 1 1 5 1 1 6 2 2 16 12 5 1 5 17 11 |
15153: 1 4 1 1 1 1 9 1 8 1 1 1 1 1 17 7 |4 7 1 1 1 1 9 4 1 1 1 1 14 2 1 12 |2 12 8 2 1 1 6 1 1 2 1 3 1 1 1 1 |1 1 1 1 1 2 1 17 1 1 1 12 1 2 2 1 |1 7 1 1 1 3 2 1 1 1 1 1 1 3 1 6 |1 11 3 6 1 2 1 1 3 1 1 1 1 6 1 2 |1 1 3 9 4 1 1 10 1 2 2 1 1 1 1 1 |1 1 1 1 6 1 1 12 1 1 1 1 1 1 1 2 |1 1 4 1 1 1 3 13 8 1 1 5 1 12 1 1 |1 1 3 1 1 7 3 6 2 1 3 1 5 12 3 1 |1 7 1 2 2 1 2 6 1 8 8 1 1 1 6 14 |15 1 1 6 1 1 1 1 1 15 8 6 1 1 5 11 |
15163: 1 4 1 1 1 1 9 1 8 1 1 1 1 1 17 7 |4 7 1 1 1 1 9 4 1 1 1 1 14 2 1 12 |2 12 8 2 1 1 6 1 1 2 1 3 1 1 1 1 |1 1 1 1 1 2 1 17 1 1 1 12 1 2 2 1 |1 7 1 1 1 3 2 1 1 1 1 1 1 3 1 6 |1 11 3 6 1 2 1 1 3 1 1 1 1 6 1 2 |1 1 3 9 4 1 1 10 1 2 2 1 1 1 1 1 |1 1 1 1 6 1 1 12 1 1 1 1 1 1 1 2 |1 1 4 1 1 1 3 13 8 1 1 5 1 12 1 1 |1 1 3 1 1 7 3 6 2 1 3 1 5 12 3 1 |1 7 1 2 2 1 2 6 1 8 8 1 1 1 6 14 |15 1 1 6 1 1 1 1 1 15 8 6 1 1 5 11 |
15173: 1 1 1 1 1 1 9 1 7 1 1 1 1 1 3 16 |4 7 1 1 1 1 1 11 1 3 1 2 8 1 1 1 |1 13 8 1 1 7 14 1 1 2 1 2 2 1 1 1 |1 1 1 1 1 2 1 17 1 1 1 12 1 2 2 1 |1 7 1 1 1 3 2 1 1 1 1 1 1 3 1 6 |1 11 3 6 1 2 1 1 3 1 1 1 1 6 1 2 |1 1 3 9 4 1 1 10 1 2 2 1 1 1 1 1 |1 1 1 1 6 1 1 12 1 1 1 1 1 1 1 2 |1 1 4 1 1 1 3 13 8 1 1 5 1 12 1 1 |1 1 3 1 1 7 3 6 2 1 3 1 5 12 3 1 |1 7 1 2 2 1 2 6 1 8 8 1 1 1 6 14 |15 1 1 6 1 1 1 1 1 15 8 6 1 1 5 11 |
15184: 1 1 1 1 1 1 9 1 7 1 1 1 1 1 3 16 |4 7 1 1 1 1 1 11 1 3 1 2 8 1 1 1 |1 13 8 1 1 7 14 1 1 2 1 2 2 1 1 1 |1 6 17 1 1 1 2 5 1 2 1 10 1 1 2 1 |1 7 1 1 1 1 1 1 7 2 2 1 5 2 1 6 |1 1 1 1 3 3 1 1 3 1 1 1 3 3 1 2 |1 11 16 5 3 1 1 1 1 1 5 14 8 1 1 1 |1 1 1 1 2 1 2 13 2 1 2 1 1 1 1 1 |1 1 1 1 5 1 3 12 7 1 1 5 1 12 1 3 |1 1 1 1 10 2 1 6 1 1 14 1 5 8 2 1 |1 6 2 2 1 1 2 7 4 8 8 1 9 1 6 9 |15 1 1 6 1 1 1 1 1 15 8 6 1 1 5 11 |
15195: 1 1 1 1 1 1 9 1 7 1 1 1 1 1 3 16 |4 7 1 1 1 1 1 11 1 3 1 2 8 1 1 1 |1 13 8 1 1 7 14 1 1 2 1 2 2 1 1 1 |1 6 17 1 1 1 2 5 1 2 1 10 1 1 2 1 |1 7 1 1 1 1 1 1 7 2 2 1 5 2 1 6 |1 1 1 1 3 3 1 1 3 1 1 1 3 3 1 2 |1 11 16 5 3 1 1 1 1 1 5 14 8 1 1 1 |1 1 1 1 2 1 2 13 2 1 2 1 1 1 1 1 |1 1 1 1 5 1 3 12 7 1 1 5 1 12 1 3 |1 1 1 1 10 2 1 6 1 1 14 1 5 8 2 1 |1 6 2 2 1 1 2 7 4 8 8 1 9 1 6 9 |5 2 1 6 3 1 1 1 1 1 8 1 2 5 17 8 |
15205: 1 1 1 1 1 1 9 2 3 1 1 1 1 1 17 6 |4 7 1 1 1 1 1 11 1 3 1 2 8 1 1 1 |1 13 8 1 1 7 14 1 1 2 1 2 2 1 1 1 |1 6 17 1 1 1 2 5 1 2 1 10 1 1 2 1 |1 7 1 1 1 1 1 1 7 2 2 1 5 2 1 6 |1 1 1 1 3 3 1 1 3 1 1 1 3 3 1 2 |1 11 16 5 3 1 1 1 1 1 5 14 8 1 1 1 |1 1 1 1 2 1 2 13 2 1 2 1 1 1 1 1 |1 1 1 1 5 1 3 12 7 1 1 5 1 12 1 3 |1 1 1 1 10 2 1 6 1 1 14 1 5 8 2 1 |1 6 2 2 1 1 2 7 4 8 8 1 9 1 6 9 |5 2 1 6 3 1 1 1 1 1 8 1 2 5 17 8 |
15216: 1 1 1 1 1 1 9 2 3 1 1 1 1 1 17 6 |4 14 1 1 1 1 4 1 1 1 2 13 8 1 1 1 |3 6 2 1 2 7 8 1 1 4 1 1 3 1 1 1 |1 1 1 1 1 3 3 10 1 2 1 9 1 1 2 1 |1 1 1 1 1 2 1 1 1 1 9 1 8 3 1 1 |1 10 1 1 1 1 1 12 1 1 2 1 1 1 1 3 |1 1 16 1 4 1 1 10 1 1 5 15 8 1 1 1 |1 1 1 1 1 2 1 12 1 1 1 1 1 1 1 2 |1 1 1 1 1 1 15 13 7 1 1 5 1 12 1 2 |1 1 1 1 10 2 1 6 1 1 14 1 5 8 2 1 |1 6 2 2 1 1 2 7 4 8 8 1 9 1 6 9 |5 2 1 6 3 1 1 1 1 1 8 1 2 5 17 8 |
15227: 1 1 1 1 1 1 9 2 3 1 1 1 1 1 17 6 |4 14 1 1 1 1 4 1 1 1 2 13 8 1 1 1 |3 6 2 1 2 7 8 1 1 4 1 1 3 1 1 1 |1 1 1 1 1 3 3 10 1 2 1 9 1 1 2 1 |1 1 1 1 1 2 1 1 1 1 9 1 8 3 1 1 |1 10 1 1 1 1 1 12 1 1 2 1 1 1 1 3 |1 1 16 1 4 1 1 10 1 1 5 15 8 1 1 1 |1 1 1 1 1 2 1 12 1 1 1 1 1 1 1 2 |1 1 1 1 1 1 15 13 7 1 1 5 1 12 1 2 |1 1 1 2 10 2 1 6 1 1 3 1 5 11 3 1 |1 6 5 1 2 2 2 7 1 1 7 1 9 1 6 10 |16 1 1 1 3 2 1 1 5 15 8 1 2 5 5 11 |
15238: 1 3 1 1 1 1 1 1 4 1 1 1 1 1 1 3 |4 14 1 1 1 1 4 1 1 1 2 13 8 1 1 1 |3 6 2 1 2 7 8 1 1 4 1 1 3 1 1 1 |1 1 1 1 1 3 3 10 1 2 1 9 1 1 2 1 |1 1 1 1 1 2 1 1 1 1 9 1 8 3 1 1 |1 10 1 1 1 1 1 12 1 1 2 1 1 1 1 3 |1 1 16 1 4 1 1 10 1 1 5 15 8 1 1 1 |1 1 1 1 1 2 1 12 1 1 1 1 1 1 1 2 |1 1 1 1 1 1 15 13 7 1 1 5 1 12 1 2 |1 1 1 2 10 2 1 6 1 1 3 1 5 11 3 1 |1 6 5 1 2 2 2 7 1 1 7 1 9 1 6 10 |16 1 1 1 3 2 1 1 5 15 8 1 2 5 5 11 |
15248: 1 3 1 1 1 1 1 1 4 1 1 1 1 1 1 3 |3 8 1 1 1 2 4 1 1 2 1 1 7 2 1 1 |2 8 15 2 1 6 1 1 1 3 1 3 2 1 1 1 |1 1 1 1 1 2 1 15 1 1 1 11 1 1 2 1 |1 6 2 1 1 2 1 2 1 1 10 2 8 2 1 1 |1 7 2 12 2 1 1 1 2 2 1 1 1 5 1 1 |1 1 1 1 3 1 4 10 1 1 1 1 1 3 1 4 |1 1 1 1 1 2 1 12 1 1 1 1 1 1 1 2 |1 1 1 1 1 1 15 13 7 1 1 5 1 12 1 2 |1 1 1 2 10 2 1 6 1 1 3 1 5 11 3 1 |1 6 5 1 2 2 2 7 1 1 7 1 9 1 6 10 |16 1 1 1 3 2 1 1 5 15 8 1 2 5 5 11 |
15258: 1 3 1 1 1 1 1 1 4 1 1 1 1 1 1 3 |3 8 1 1 1 2 4 1 1 2 1 1 7 2 1 1 |2 8 15 2 1 6 1 1 1 3 1 3 2 1 1 1 |1 1 1 1 1 2 1 15 1 1 1 11 1 1 2 1 |1 6 2 1 1 2 1 2 1 1 10 2 8 2 1 1 |1 7 2 12 2 1 1 1 2 2 1 1 1 5 1 1 |1 1 1 1 3 1 4 10 1 1 1 1 1 3 1 4 |1 1 1 1 5 2 7 12 1 1 1 1 1 1 2 1 |1 3 6 1 2 1 3 13 7 1 1 5 1 12 1 1 |1 1 2 1 1 1 1 6 1 1 14 1 5 11 2 1 |1 5 1 7 2 1 2 6 4 9 7 1 1 1 6 14 |1 1 1 6 2 3 1 1 1 1 8 1 1 5 17 8 |
15269: 1 3 1 1 1 1 1 1 4 1 1 1 1 1 1 3 |3 8 1 1 1 2 4 1 1 2 1 1 7 2 1 1 |2 8 15 2 1 6 1 1 1 3 1 3 2 1 1 1 |1 1 1 1 1 2 1 15 1 1 1 11 1 1 2 1 |1 6 2 1 1 2 1 2 1 1 10 2 8 2 1 1 |1 7 2 12 2 1 1 1 2 2 1 1 1 5 1 1 |1 1 1 1 3 1 4 10 1 1 1 1 1 3 1 4 |1 1 1 1 5 2 7 12 1 1 1 1 1 1 2 1 |1 3 6 1 2 1 3 13 7 1 1 5 1 12 1 1 |1 1 2 1 1 1 1 6 1 1 14 1 5 11 2 1 |1 5 1 7 2 1 2 6 4 9 7 1 1 1 6 14 |1 1 1 6 2 3 1 1 1 1 8 1 1 5 17 8 |
15280: 1 1 1 1 1 1 9 1 6 1 1 1 1 1 16 14 |3 7 1 1 1 1 7 5 1 1 1 1 8 1 1 1 |1 11 8 1 1 6 7 1 1 3 2 2 1 1 1 2 |1 6 15 2 9 2 3 6 1 3 1 11 1 2 2 1 |1 1 2 1 1 1 8 2 7 1 1 2 7 2 2 1 |1 1 1 14 1 1 1 1 9 2 1 1 3 5 2 1 |1 11 14 4 3 1 1 10 1 1 5 16 8 1 1 1 |1 1 1 1 5 2 7 12 1 1 1 1 1 1 2 1 |1 3 6 1 2 1 3 13 7 1 1 5 1 12 1 1 |1 1 2 1 1 1 1 6 1 1 14 1 5 11 2 1 |1 5 1 7 2 1 2 6 4 9 7 1 1 1 6 14 |1 1 1 6 2 3 1 1 1 1 8 1 1 5 17 8 |
15290: 1 1 1 1 1 1 9 1 6 1 1 1 1 1 16 14 |3 7 1 1 1 1 7 5 1 1 1 1 8 1 1 1 |1 11 8 1 1 6 7 1 1 3 2 2 1 1 1 2 |1 6 15 2 9 2 3 6 1 3 1 11 1 2 2 1 |1 1 2 1 1 1 8 2 7 1 1 2 7 2 2 1 |1 1 1 14 1 1 1 1 9 2 1 1 3 5 2 1 |1 11 14 4 3 1 1 10 1 1 5 16 8 1 1 1 |1 1 1 1 1 2 2 8 1 1 1 1 1 1 3 1 |1 1 6 1 5 1 3 13 11 1 1 5 1 12 1 1 |1 2 3 1 1 1 3 6 2 1 3 1 6 12 3 1 |1 7 2 2 2 1 2 6 1 1 8 1 8 1 1 2 |15 1 1 2 1 1 1 1 5 1 8 1 1 5 5 11 |
15301: 1 1 1 1 1 1 9 1 6 1 1 1 1 1 16 14 |3 7 1 1 1 1 7 5 1 1 1 1 8 1 1 1 |1 11 8 1 1 6 7 1 1 3 2 2 1 1 1 2 |1 6 15 2 9 2 3 6 1 3 1 11 1 2 2 1 |1 1 2 1 1 1 8 2 7 1 1 2 7 2 2 1 |1 1 1 14 1 1 1 1 9 2 1 1 3 5 2 1 |1 11 14 4 3 1 1 10 1 1 5 16 8 1 1 1 |1 1 1 1 1 2 2 8 1 1 1 1 1 1 3 1 |1 1 6 1 5 1 3 13 11 1 1 5 1 12 1 1 |1 2 3 1 1 1 3 6 2 1 3 1 6 12 3 1 |1 7 2 2 2 1 2 6 1 1 8 1 8 1 1 2 |15 1 1 2 1 1 1 1 5 1 8 1 1 5 5 11 |
15311: 1 1 1 1 1 1 9 1 6 1 1 1 5 1 15 14 |4 14 1 1 1 1 4 1 1 1 2 13 9 1 4 11 |3 11 13 1 2 7 6 1 1 1 2 1 1 1 1 1 |1 4 1 1 3 3 2 2 1 2 1 10 1 2 1 1 |1 2 1 1 1 1 2 1 1 12 8 2 5 2 2 1 |1 1 1 14 1 1 1 1 9 2 1 1 3 5 2 1 |1 11 14 4 3 1 1 10 1 1 5 16 8 1 1 1 |1 1 1 1 1 2 2 8 1 1 1 1 1 1 3 1 |1 1 6 1 5 1 3 13 11 1 1 5 1 12 1 1 |1 2 3 1 1 1 3 6 2 1 3 1 6 12 3 1 |1 7 2 2 2 1 2 6 1 1 8 1 8 1 1 2 |15 1 1 2 1 1 1 1 5 1 8 1 1 5 5 11 |
15322: 1 1 1 1 1 1 9 1 6 1 1 1 5 1 15 14 |4 14 1 1 1 1 4 1 1 1 2 13 9 1 4 11 |3 11 13 1 2 7 6 1 1 1 2 1 1 1 1 1 |1 4 1 1 3 3 2 2 1 2 1 10 1 2 1 1 |1 2 1 1 1 1 2 1 1 12 8 2 5 2 2 1 |1 1 1 1 2 1 3 1 3 2 1 3 1 3 1 1 |1 4 2 1 5 1 1 11 1 1 5 15 10 1 1 1 |1 2 1 2 1 1 1 11 1 1 1 1 1 1 3 1 |1 1 2 1 2 1 15 13 7 1 1 5 1 12 1 1 |1 1 11 7 10 6 2 5 1 1 14 1 5 12 15 1 |1 7 1 2 1 2 2 6 3 8 7 1 10 1 7 9 |15 1 1 2 1 1 1 1 5 1 8 1 1 5 5 11 |
15332: 1 1 1 1 1 1 9 1 6 1 1 1 5 1 15 14 |4 14 1 1 1 1 4 1 1 1 2 13 9 1 4 11 |3 11 13 1 2 7 6 1 1 1 2 1 1 1 1 1 |1 4 1 1 3 3 2 2 1 2 1 10 1 2 1 1 |1 2 1 1 1 1 2 1 1 12 8 2 5 2 2 1 |1 1 1 1 2 1 3 1 3 2 1 3 1 3 1 1 |1 4 2 1 5 1 1 11 1 1 5 15 10 1 1 1 |1 2 1 2 1 1 1 11 1 1 1 1 1 1 3 1 |1 1 2 1 2 1 15 13 7 1 1 5 1 12 1 1 |1 1 11 7 10 6 2 5 1 1 14 1 5 12 15 1 |1 7 1 2 1 2 2 6 3 8 7 1 10 1 7 9 |16 1 1 1 2 2 1 7 5 1 8 1 1 5 17 16 |
15343: 1 3 1 1 1 1 10 3 1 2 1 1 1 1 1 2 |2 13 1 1 1 2 4 1 1 1 2 14 8 1 6 5 |1 4 12 1 2 5 6 2 1 5 1 2 3 1 1 1 |1 4 1 1 3 3 2 2 1 2 1 10 1 2 1 1 |1 2 1 1 1 1 2 1 1 12 8 2 5 2 2 1 |1 1 1 1 2 1 3 1 3 2 1 3 1 3 1 1 |1 4 2 1 5 1 1 11 1 1 5 15 10 1 1 1 |1 2 1 2 1 1 1 11 1 1 1 1 1 1 3 1 |1 1 2 1 2 1 15 13 7 1 1 5 1 12 1 1 |1 1 11 7 10 6 2 5 1 1 14 1 5 12 15 1 |1 7 1 2 1 2 2 6 3 8 7 1 10 1 7 9 |16 1 1 1 2 2 1 7 5 1 8 1 1 5 17 16 |
15353: 1 3 1 1 1 1 10 3 1 2 1 1 1 1 1 2 |2 13 1 1 1 2 4 1 1 1 2 14 8 1 6 5 |1 4 12 1 2 5 6 2 1 5 1 2 3 1 1 1 |1 1 1 2 1 2 3 4 1 1 1 10 1 1 3 2 |1 7 2 6 1 2 1 2 3 1 8 2 7 2 1 1 |1 7 1 1 1 1 1 1 9 1 1 2 2 5 1 1 |1 4 1 12 2 1 1 11 1 1 5 16 7 1 1 1 |1 1 1 1 1 2 6 1 1 1 4 2 1 1 2 1 |1 1 6 2 2 1 15 12 8 1 1 5 1 13 1 3 |1 1 1 1 10 7 1 6 2 1 14 1 5 12 1 1 |1 1 1 6 2 1 2 6 1 1 8 1 5 1 7 15 |16 1 1 1 2 2 1 7 5 1 8 1 1 5 17 16 |
15364: 1 3 1 1 1 1 10 3 1 2 1 1 1 1 1 2 |2 13 1 1 1 2 4 1 1 1 2 14 8 1 6 5 |1 4 12 1 2 5 6 2 1 5 1 2 3 1 1 1 |1 1 1 2 1 2 3 4 1 1 1 10 1 1 3 2 |1 7 2 6 1 2 1 2 3 1 8 2 7 2 1 1 |1 7 1 1 1 1 1 1 9 1 1 2 2 5 1 1 |1 4 1 12 2 1 1 11 1 1 5 16 7 1 1 1 |1 1 1 1 1 2 6 1 1 1 4 2 1 1 2 1 |1 1 6 2 2 1 15 12 8 1 1 5 1 13 1 3 |1 1 1 1 10 7 1 6 2 1 14 1 5 12 1 1 |1 1 1 6 2 1 2 6 1 1 8 1 5 1 7 15 |18 1 1 1 1 1 1 1 5 1 9 2 1 2 17 11 |
15374: 1 1 2 1 1 1 10 1 8 1 1 1 1 1 3 1 |3 7 1 2 1 2 7 4 1 1 1 1 10 1 1 1 |1 4 12 1 2 5 6 2 1 5 1 2 3 1 1 1 |1 1 1 2 1 2 3 4 1 1 1 10 1 1 3 2 |1 7 2 6 1 2 1 2 3 1 8 2 7 2 1 1 |1 7 1 1 1 1 1 1 9 1 1 2 2 5 1 1 |1 4 1 12 2 1 1 11 1 1 5 16 7 1 1 1 |1 1 1 1 1 2 6 1 1 1 4 2 1 1 2 1 |1 1 6 2 2 1 15 12 8 1 1 5 1 13 1 3 |1 1 1 1 10 7 1 6 2 1 14 1 5 12 1 1 |1 1 1 6 2 1 2 6 1 1 8 1 5 1 7 15 |18 1 1 1 1 1 1 1 5 1 9 2 1 2 17 11 |
15385: 1 1 2 1 1 1 10 1 8 1 1 1 1 1 3 1 |3 7 1 2 1 2 7 4 1 1 1 1 10 1 1 1 |1 13 6 1 11 6 4 1 1 3 1 3 1 2 1 1 |1 1 13 2 9 2 2 10 1 2 1 1 1 2 1 1 |1 1 2 1 1 2 2 1 2 2 5 1 2 1 1 2 |1 4 1 11 1 2 1 1 8 2 1 2 1 7 1 1 |1 1 3 2 2 2 1 10 1 1 5 16 7 1 1 1 |1 1 1 1 3 1 7 13 7 1 1 1 1 1 3 1 |1 2 6 1 3 1 15 13 7 1 1 5 1 12 1 1 |1 1 1 1 10 7 1 6 2 1 14 1 5 12 1 1 |1 1 1 6 2 1 2 6 1 1 8 1 5 1 7 15 |18 1 1 1 1 1 1 1 5 1 9 2 1 2 17 11 |
15395: 1 1 2 1 1 1 10 1 8 1 1 1 1 1 3 1 |3 7 1 2 1 2 7 4 1 1 1 1 10 1 1 1 |1 13 6 1 11 6 4 1 1 3 1 3 1 2 1 1 |1 1 13 2 9 2 2 10 1 2 1 1 1 2 1 1 |1 1 2 1 1 2 2 1 2 2 5 1 2 1 1 2 |1 4 1 11 1 2 1 1 8 2 1 2 1 7 1 1 |1 1 3 2 2 2 1 10 1 1 5 16 7 1 1 1 |1 1 1 1 3 1 7 13 7 1 1 1 1 1 3 1 |1 2 6 1 3 1 15 13 7 1 1 5 1 12 1 1 |1 1 2 1 1 1 3 5 1 1 14 1 5 12 3 1 |1 7 1 1 2 1 2 6 2 16 7 1 5 1 6 10 |7 7 1 7 1 1 1 1 5 1 7 1 1 5 4 11 |
15406: 1 1 1 1 1 1 9 1 3 1 1 1 1 1 3 3 |1 14 1 2 1 1 4 1 1 1 2 1 9 1 1 1 |1 13 6 1 11 6 4 1 1 3 1 3 1 2 1 1 |1 1 13 2 9 2 2 10 1 2 1 1 1 2 1 1 |1 1 2 1 1 2 2 1 2 2 5 1 2 1 1 2 |1 4 1 11 1 2 1 1 8 2 1 2 1 7 1 1 |1 1 3 2 2 2 1 10 1 1 5 16 7 1 1 1 |1 1 1 1 3 1 7 13 7 1 1 1 1 1 3 1 |1 2 6 1 3 1 15 13 7 1 1 5 1 12 1 1 |1 1 2 1 1 1 3 5 1 1 14 1 5 12 3 1 |1 7 1 1 2 1 2 6 2 16 7 1 5 1 6 10 |7 7 1 7 1 1 1 1 5 1 7 1 1 5 4 11 |
15416: 1 1 1 1 1 1 9 1 3 1 1 1 1 1 3 3 |1 14 1 2 1 1 4 1 1 1 2 1 9 1 1 1 |3 12 13 1 2 6 5 1 3 3 1 2 1 3 1 1 |1 1 2 1 2 3 2 6 1 2 1 1 1 1 1 1 |1 4 1 1 1 3 2 2 1 1 8 1 1 3 1 1 |1 1 1 1 1 1 1 1 1 1 2 1 2 3 1 1 |1 1 1 2 5 1 1 10 1 1 5 16 8 1 1 1 |1 1 1 1 1 2 1 12 13 7 4 1 1 1 2 1 |1 2 6 1 3 1 15 13 7 1 1 5 1 12 1 1 |1 1 2 1 1 1 3 5 1 1 14 1 5 12 3 1 |1 7 1 1 2 1 2 6 2 16 7 1 5 1 6 10 |7 7 1 7 1 1 1 1 5 1 7 1 1 5 4 11 |
15426: 1 1 1 1 1 1 9 1 3 1 1 1 1 1 3 3 |1 14 1 2 1 1 4 1 1 1 2 1 9 1 1 1 |3 12 13 1 2 6 5 1 3 3 1 2 1 3 1 1 |1 1 2 1 2 3 2 6 1 2 1 1 1 1 1 1 |1 4 1 1 1 3 2 2 1 1 8 1 1 3 1 1 |1 1 1 1 1 1 1 1 1 1 2 1 2 3 1 1 |1 1 1 2 5 1 1 10 1 1 5 16 8 1 1 1 |1 1 1 1 1 2 1 12 13 7 4 1 1 1 2 1 |1 7 6 2 1 1 15 13 7 1 1 5 1 12 1 2 |1 1 10 7 11 1 2 6 1 1 15 1 5 12 3 1 |1 6 1 2 2 1 2 6 2 8 7 1 1 1 6 9 |15 2 1 1 1 3 1 1 5 1 7 1 3 5 17 10 |
15438: 1 1 1 1 1 1 7 3 2 1 1 1 1 1 17 14 |1 14 1 2 1 1 4 1 1 1 2 1 9 1 1 1 |3 12 13 1 2 6 5 1 3 3 1 2 1 3 1 1 |1 1 2 1 2 3 2 6 1 2 1 1 1 1 1 1 |1 4 1 1 1 3 2 2 1 1 8 1 1 3 1 1 |1 1 1 1 1 1 1 1 1 1 2 1 2 3 1 1 |1 1 1 2 5 1 1 10 1 1 5 16 8 1 1 1 |1 1 1 1 1 2 1 12 13 7 4 1 1 1 2 1 |1 7 6 2 1 1 15 13 7 1 1 5 1 12 1 2 |1 1 10 7 11 1 2 6 1 1 15 1 5 12 3 1 |1 6 1 2 2 1 2 6 2 8 7 1 1 1 6 9 |15 2 1 1 1 3 1 1 5 1 7 1 3 5 17 10 |
15448: 1 1 1 1 1 1 7 3 2 1 1 1 1 1 17 14 |4 7 1 1 5 1 4 1 1 1 2 11 1 1 1 1 |1 4 1 1 10 1 2 1 1 4 1 3 1 2 1 1 |1 4 1 1 1 2 6 11 1 1 11 11 1 1 3 1 |1 7 1 1 1 2 1 2 2 2 8 1 6 3 1 1 |1 13 1 1 2 1 1 1 10 1 1 2 3 4 3 1 |1 1 3 2 3 1 1 11 1 1 1 16 7 1 1 1 |1 1 11 1 2 1 6 13 1 1 4 1 1 1 1 1 |1 1 6 1 1 1 15 13 6 1 1 5 1 12 1 2 |1 1 1 1 2 1 1 6 2 1 15 2 5 11 2 1 |1 6 1 2 2 1 2 6 2 8 7 1 1 1 6 9 |15 2 1 1 1 3 1 1 5 1 7 1 3 5 17 10 |
15459: 1 1 1 1 1 1 7 3 2 1 1 1 1 1 17 14 |4 7 1 1 5 1 4 1 1 1 2 11 1 1 1 1 |1 4 1 1 10 1 2 1 1 4 1 3 1 2 1 1 |1 4 1 1 1 2 6 11 1 1 11 11 1 1 3 1 |1 7 1 1 1 2 1 2 2 2 8 1 6 3 1 1 |1 13 1 1 2 1 1 1 10 1 1 2 3 4 3 1 |1 1 3 2 3 1 1 11 1 1 1 16 7 1 1 1 |1 1 11 1 2 1 6 13 1 1 4 1 1 1 1 1 |1 1 6 1 1 1 15 13 6 1 1 5 1 12 1 2 |1 1 1 1 2 1 1 6 2 1 15 2 5 11 2 1 |1 6 1 6 2 2 2 7 4 8 7 1 9 1 6 8 |14 1 1 1 1 1 6 1 13 13 10 7 1 1 1 6 |
15470: 1 1 3 1 1 1 8 2 6 1 1 1 1 1 15 7 |4 7 1 1 5 1 4 1 1 1 2 11 1 1 1 1 |1 4 1 1 10 1 2 1 1 4 1 3 1 2 1 1 |1 4 1 1 1 2 6 11 1 1 11 11 1 1 3 1 |1 7 1 1 1 2 1 2 2 2 8 1 6 3 1 1 |1 13 1 1 2 1 1 1 10 1 1 2 3 4 3 1 |1 1 3 2 3 1 1 11 1 1 1 16 7 1 1 1 |1 1 11 1 2 1 6 13 1 1 4 1 1 1 1 1 |1 1 6 1 1 1 15 13 6 1 1 5 1 12 1 2 |1 1 1 1 2 1 1 6 2 1 15 2 5 11 2 1 |1 6 1 6 2 2 2 7 4 8 7 1 9 1 6 8 |14 1 1 1 1 1 6 1 13 13 10 7 1 1 1 6 |
15481: 1 1 3 1 1 1 8 2 6 1 1 1 1 1 15 7 |4 8 1 1 1 1 6 7 1 1 1 2 9 2 1 1 |1 14 15 1 4 8 13 1 1 3 1 1 3 1 1 1 |1 1 2 1 1 1 2 17 1 1 1 5 1 2 2 1 |1 8 1 1 1 2 4 2 1 1 6 1 1 1 1 1 |1 1 1 12 1 2 1 1 10 1 1 1 2 3 2 1 |1 1 8 12 3 1 1 10 1 1 5 15 9 1 1 1 |1 1 1 1 2 1 1 13 1 1 4 1 1 1 3 3 |1 1 15 1 1 1 3 12 8 1 1 5 1 12 1 2 |1 1 2 1 1 1 3 5 2 1 14 1 6 12 1 1 |1 7 1 2 2 1 2 6 3 16 7 1 8 1 6 10 |14 1 1 1 1 1 6 1 13 13 10 7 1 1 1 6 |
15491: 1 1 3 1 1 1 8 2 6 1 1 1 1 1 15 7 |4 8 1 1 1 1 6 7 1 1 1 2 9 2 1 1 |1 14 15 1 4 8 13 1 1 3 1 1 3 1 1 1 |1 1 2 1 1 1 2 17 1 1 1 5 1 2 2 1 |1 8 1 1 1 2 4 2 1 1 6 1 1 1 1 1 |1 1 1 12 1 2 1 1 10 1 1 1 2 3 2 1 |1 1 8 12 3 1 1 10 1 1 5 15 9 1 1 1 |1 1 1 1 2 1 1 13 1 1 4 1 1 1 3 3 |1 1 15 1 1 1 3 12 8 1 1 5 1 12 1 2 |1 1 2 1 1 1 3 5 2 1 14 1 6 12 1 1 |1 7 1 2 2 1 2 6 3 16 7 1 8 1 6 10 |14 1 1 5 1 1 1 1 1 15 9 1 1 5 5 11 |
15502: 1 1 3 1 1 1 8 2 6 1 1 1 1 1 15 7 |4 8 1 1 1 1 6 7 1 1 1 2 9 2 1 1 |1 14 15 1 4 8 13 1 1 3 1 1 3 1 1 1 |1 1 2 1 1 1 2 17 1 1 1 5 1 2 2 1 |1 8 1 1 1 2 4 2 1 1 6 1 1 1 1 1 |1 1 1 12 1 2 1 1 10 1 1 1 2 3 2 1 |1 1 8 12 3 1 1 10 1 1 5 15 9 1 1 1 |1 1 1 1 2 1 1 13 1 1 4 1 1 1 3 3 |1 1 15 1 1 1 3 12 8 1 1 5 1 12 1 2 |1 1 2 1 1 1 3 5 2 1 14 1 6 12 1 1 |1 7 1 2 2 1 2 6 3 16 7 1 8 1 6 10 |14 1 1 5 1 1 1 1 1 15 9 1 1 5 5 11 |
15512: 1 1 1 1 1 1 9 2 3 1 1 1 1 1 16 9 |1 15 1 1 2 1 4 1 1 3 1 14 9 1 4 5 |1 14 11 1 9 5 1 1 2 4 1 1 1 1 2 1 |1 1 2 1 10 1 3 2 1 6 1 10 1 2 1 1 |1 6 1 1 1 3 1 2 1 1 10 1 1 4 2 1 |1 3 1 1 1 1 5 1 7 1 1 1 1 2 1 1 |1 4 2 7 4 1 1 10 1 1 4 15 7 1 1 1 |1 1 1 1 2 1 1 13 1 1 4 1 1 1 3 3 |1 1 15 1 1 1 3 12 8 1 1 5 1 12 1 2 |1 1 2 1 1 1 3 5 2 1 14 1 6 12 1 1 |1 7 1 2 2 1 2 6 3 16 7 1 8 1 6 10 |14 1 1 5 1 1 1 1 1 15 9 1 1 5 5 11 |
15523: 1 1 1 1 1 1 9 2 3 1 1 1 1 1 16 9 |1 15 1 1 2 1 4 1 1 3 1 14 9 1 4 5 |1 14 11 1 9 5 1 1 2 4 1 1 1 1 2 1 |1 1 2 1 10 1 3 2 1 6 1 10 1 2 1 1 |1 6 1 1 1 3 1 2 1 1 10 1 1 4 2 1 |1 3 1 1 1 1 5 1 7 1 1 1 1 2 1 1 |1 4 2 7 4 1 1 10 1 1 4 15 7 1 1 1 |1 2 1 1 2 1 7 1 1 1 1 2 1 1 3 1 |1 1 7 1 3 1 15 13 11 1 1 5 1 12 1 1 |1 1 10 6 1 2 1 6 1 1 14 1 5 12 2 1 |1 7 1 1 1 2 2 7 4 8 3 1 8 1 7 9 |1 1 1 1 1 3 1 1 4 1 8 1 1 1 5 11 |
15534: 1 1 1 1 1 1 9 2 3 1 1 1 1 1 16 9 |1 15 1 1 2 1 4 1 1 3 1 14 9 1 4 5 |1 14 11 1 9 5 1 1 2 4 1 1 1 1 2 1 |1 1 2 1 10 1 3 2 1 6 1 10 1 2 1 1 |1 6 1 1 1 3 1 2 1 1 10 1 1 4 2 1 |1 3 1 1 1 1 5 1 7 1 1 1 1 2 1 1 |1 4 2 7 4 1 1 10 1 1 4 15 7 1 1 1 |1 2 1 1 2 1 7 1 1 1 1 2 1 1 3 1 |1 1 7 1 3 1 15 13 11 1 1 5 1 12 1 1 |1 1 10 6 1 2 1 6 1 1 14 1 5 12 2 1 |1 7 1 1 1 2 2 7 4 8 3 1 8 1 7 9 |1 1 1 1 1 3 1 1 4 1 8 1 1 1 5 11 |
15545: 1 4 1 1 1 1 11 1 1 1 1 1 1 1 1 1 |1 1 1 1 3 1 4 1 1 1 1 14 15 1 1 1 |1 1 14 1 9 8 14 1 1 4 1 3 1 2 1 1 |1 5 1 2 1 3 2 4 1 1 1 11 1 2 2 1 |1 1 3 5 1 2 1 2 1 1 1 2 7 3 1 1 |1 3 1 1 1 1 5 1 7 1 1 1 1 2 1 1 |1 4 2 7 4 1 1 10 1 1 4 15 7 1 1 1 |1 2 1 1 2 1 7 1 1 1 1 2 1 1 3 1 |1 1 7 1 3 1 15 13 11 1 1 5 1 12 1 1 |1 1 10 6 1 2 1 6 1 1 14 1 5 12 2 1 |1 7 1 1 1 2 2 7 4 8 3 1 8 1 7 9 |1 1 1 1 1 3 1 1 4 1 8 1 1 1 5 11 |
15556: 1 4 1 1 1 1 11 1 1 1 1 1 1 1 1 1 |1 1 1 1 3 1 4 1 1 1 1 14 15 1 1 1 |1 1 14 1 9 8 14 1 1 4 1 3 1 2 1 1 |1 5 1 2 1 3 2 4 1 1 1 11 1 2 2 1 |1 1 3 5 1 2 1 2 1 1 1 2 7 3 1 1 |1 14 2 5 2 1 1 1 9 2 1 2 1 7 1 3 |1 4 15 10 2 1 1 11 1 1 5 15 9 1 1 1 |1 1 1 1 5 1 7 12 13 6 4 1 1 1 3 1 |1 6 12 1 4 1 15 13 11 1 1 5 1 12 1 3 |1 1 1 1 1 2 1 7 2 1 14 1 5 12 3 1 |1 7 1 8 6 13 2 7 2 9 7 1 4 1 6 9 |18 1 1 6 1 1 1 1 1 15 8 1 1 1 4 11 |
15566: 1 4 1 1 1 1 11 1 1 1 1 1 1 1 1 1 |1 1 1 1 3 1 4 1 1 1 1 14 15 1 1 1 |1 1 14 1 9 8 14 1 1 4 1 3 1 2 1 1 |1 5 1 2 1 3 2 4 1 1 1 11 1 2 2 1 |1 1 3 5 1 2 1 2 1 1 1 2 7 3 1 1 |1 14 2 5 2 1 1 1 9 2 1 2 1 7 1 3 |1 4 15 10 2 1 1 11 1 1 5 15 9 1 1 1 |1 1 1 1 5 1 7 12 13 6 4 1 1 1 3 1 |1 6 12 1 4 1 15 13 11 1 1 5 1 12 1 3 |1 1 1 1 1 2 1 7 2 1 14 1 5 12 3 1 |1 7 1 8 6 13 2 7 2 9 7 1 4 1 6 9 |18 1 1 6 1 1 1 1 1 15 8 1 1 1 4 11 |
15577: 1 1 3 1 1 1 9 1 7 1 1 1 1 1 3 3 |1 15 1 1 1 1 1 1 1 1 2 1 8 1 5 5 |6 14 8 2 11 5 15 1 1 3 1 3 2 1 1 1 |1 3 15 3 9 3 2 5 1 2 1 11 1 1 2 1 |1 1 2 1 1 1 4 2 2 2 2 1 1 2 1 1 |1 14 2 5 2 1 1 1 9 2 1 2 1 7 1 3 |1 4 15 10 2 1 1 11 1 1 5 15 9 1 1 1 |1 1 1 1 5 1 7 12 13 6 4 1 1 1 3 1 |1 6 12 1 4 1 15 13 11 1 1 5 1 12 1 3 |1 1 1 1 1 2 1 7 2 1 14 1 5 12 3 1 |1 7 1 8 6 13 2 7 2 9 7 1 4 1 6 9 |18 1 1 6 1 1 1 1 1 15 8 1 1 1 4 11 |
15588: 1 1 3 1 1 1 9 1 7 1 1 1 1 1 3 3 |1 15 1 1 1 1 1 1 1 1 2 1 8 1 5 5 |6 14 8 2 11 5 15 1 1 3 1 3 2 1 1 1 |1 3 15 3 9 3 2 5 1 2 1 11 1 1 2 1 |1 1 2 1 1 1 4 2 2 2 2 1 1 2 1 1 |1 4 1 1 3 1 1 1 9 1 1 2 2 4 2 1 |1 5 2 9 4 1 3 1 1 1 5 15 7 1 1 1 |1 1 1 1 3 1 7 12 1 1 4 1 1 1 2 2 |1 1 1 1 7 1 3 13 7 1 1 6 1 12 1 2 |1 1 1 1 1 2 1 5 1 3 3 1 5 12 1 1 |1 7 1 2 1 1 3 6 1 2 8 1 8 1 7 9 |15 1 1 13 1 1 1 1 1 14 8 1 1 1 5 10 |
15599: 1 1 3 1 1 1 9 1 7 1 1 1 1 1 3 3 |1 15 1 1 1 1 1 1 1 1 2 1 8 1 5 5 |6 14 8 2 11 5 15 1 1 3 1 3 2 1 1 1 |1 3 15 3 9 3 2 5 1 2 1 11 1 1 2 1 |1 1 2 1 1 1 4 2 2 2 2 1 1 2 1 1 |1 4 1 1 3 1 1 1 9 1 1 2 2 4 2 1 |1 5 2 9 4 1 3 1 1 1 5 15 7 1 1 1 |1 1 1 1 3 1 7 12 1 1 4 1 1 1 2 2 |1 1 1 1 7 1 3 13 7 1 1 6 1 12 1 2 |1 1 1 1 1 2 1 5 1 3 3 1 5 12 1 1 |1 7 1 2 1 1 3 6 1 2 8 1 8 1 7 9 |15 1 1 13 1 1 1 1 1 14 8 1 1 1 5 10 |
15609: 1 3 1 1 1 2 9 2 3 1 1 1 5 1 16 14 |1 12 1 1 1 2 4 1 1 1 3 12 10 2 1 1 |3 6 2 1 2 8 2 1 1 4 1 1 1 1 1 1 |1 3 15 3 9 3 2 5 1 2 1 11 1 1 2 1 |1 1 2 1 1 1 4 2 2 2 2 1 1 2 1 1 |1 4 1 1 3 1 1 1 9 1 1 2 2 4 2 1 |1 5 2 9 4 1 3 1 1 1 5 15 7 1 1 1 |1 1 1 1 3 1 7 12 1 1 4 1 1 1 2 2 |1 1 1 1 7 1 3 13 7 1 1 6 1 12 1 2 |1 1 1 1 1 2 1 5 1 3 3 1 5 12 1 1 |1 7 1 2 1 1 3 6 1 2 8 1 8 1 7 9 |15 1 1 13 1 1 1 1 1 14 8 1 1 1 5 10 |
15619: 1 3 1 1 1 2 9 2 3 1 1 1 5 1 16 14 |1 12 1 1 1 2 4 1 1 1 3 12 10 2 1 1 |3 6 2 1 2 8 2 1 1 4 1 1 1 1 1 1 |1 1 1 1 1 4 2 2 1 2 1 11 1 1 1 1 |1 8 3 1 1 1 1 2 1 1 1 3 7 2 1 1 |1 1 1 1 1 1 1 1 8 1 1 2 1 5 3 1 |1 1 15 3 5 1 1 11 1 1 4 15 7 1 1 1 |1 1 1 1 3 2 6 13 1 1 1 1 1 1 2 1 |1 1 1 1 1 1 15 13 7 1 1 5 1 12 1 2 |1 1 1 3 11 1 1 6 2 1 14 1 5 11 1 1 |1 7 1 2 1 1 2 7 4 8 3 1 8 1 6 10 |15 1 1 13 1 1 1 1 1 14 8 1 1 1 5 10 |
15630: 1 3 1 1 1 2 9 2 3 1 1 1 5 1 16 14 |1 12 1 1 1 2 4 1 1 1 3 12 10 2 1 1 |3 6 2 1 2 8 2 1 1 4 1 1 1 1 1 1 |1 1 1 1 1 4 2 2 1 2 1 11 1 1 1 1 |1 8 3 1 1 1 1 2 1 1 1 3 7 2 1 1 |1 1 1 1 1 1 1 1 8 1 1 2 1 5 3 1 |1 1 15 3 5 1 1 11 1 1 4 15 7 1 1 1 |1 1 1 1 3 2 6 13 1 1 1 1 1 1 2 1 |1 1 1 1 1 1 15 13 7 1 1 5 1 12 1 2 |1 1 1 3 11 1 1 6 2 1 14 1 5 11 1 1 |1 7 1 2 1 1 2 7 4 8 3 1 8 1 6 10 |15 1 1 1 1 7 1 1 1 15 8 8 1 1 4 10 |
15640: 1 4 1 1 1 1 8 1 7 1 1 1 1 1 3 1 |1 12 1 1 1 2 4 1 1 1 3 12 10 2 1 1 |3 6 2 1 2 8 2 1 1 4 1 1 1 1 1 1 |1 1 1 1 1 4 2 2 1 2 1 11 1 1 1 1 |1 8 3 1 1 1 1 2 1 1 1 3 7 2 1 1 |1 1 1 1 1 1 1 1 8 1 1 2 1 5 3 1 |1 1 15 3 5 1 1 11 1 1 4 15 7 1 1 1 |1 1 1 1 3 2 6 13 1 1 1 1 1 1 2 1 |1 1 1 1 1 1 15 13 7 1 1 5 1 12 1 2 |1 1 1 3 11 1 1 6 2 1 14 1 5 11 1 1 |1 7 1 2 1 1 2 7 4 8 3 1 8 1 6 10 |15 1 1 1 1 7 1 1 1 15 8 8 1 1 4 10 |
15651: 1 4 1 1 1 1 8 1 7 1 1 1 1 1 3 1 |1 1 1 1 2 2 4 1 1 2 2 13 13 1 1 1 |1 1 13 1 1 6 6 1 1 2 2 3 1 1 1 1 |1 1 1 1 1 2 3 16 1 1 1 11 1 1 4 1 |1 1 4 5 1 2 1 2 2 1 1 2 8 2 1 1 |1 5 1 1 1 2 1 1 8 2 1 1 1 3 2 3 |1 1 15 4 2 1 1 11 1 1 5 14 2 1 1 1 |1 8 1 3 1 1 1 1 13 7 1 1 1 1 2 2 |1 5 12 1 3 1 15 12 6 1 1 5 1 12 1 2 |1 1 1 1 1 1 1 5 1 3 3 3 5 12 2 1 |1 7 1 2 1 1 2 6 1 2 7 1 1 1 7 9 |15 1 1 1 1 7 1 1 1 15 8 8 1 1 4 10 |
15662: 1 4 1 1 1 1 8 1 7 1 1 1 1 1 3 1 |1 1 1 1 2 2 4 1 1 2 2 13 13 1 1 1 |1 1 13 1 1 6 6 1 1 2 2 3 1 1 1 1 |1 1 1 1 1 2 3 16 1 1 1 11 1 1 4 1 |1 1 4 5 1 2 1 2 2 1 1 2 8 2 1 1 |1 5 1 1 1 2 1 1 8 2 1 1 1 3 2 3 |1 1 15 4 2 1 1 11 1 1 5 14 2 1 1 1 |1 8 1 3 1 1 1 1 13 7 1 1 1 1 2 2 |1 5 12 1 3 1 15 12 6 1 1 5 1 12 1 2 |1 1 1 1 1 1 1 5 1 3 3 3 5 12 2 1 |1 7 1 2 1 1 2 6 1 2 7 1 1 1 7 9 |11 1 1 5 1 1 6 1 14 12 9 7 1 1 15 6 |
15672: 1 4 1 1 1 1 8 1 7 1 1 1 1 1 3 1 |1 1 1 1 2 2 4 1 1 2 2 13 13 1 1 1 |1 1 13 1 1 6 6 1 1 2 2 3 1 1 1 1 |1 1 1 1 1 2 3 16 1 1 1 11 1 1 4 1 |1 1 4 5 1 2 1 2 2 1 1 2 8 2 1 1 |1 5 1 1 1 2 1 1 8 2 1 1 1 3 2 3 |1 1 15 4 2 1 1 11 1 1 5 14 2 1 1 1 |1 8 1 3 1 1 1 1 13 7 1 1 1 1 2 2 |1 5 12 1 3 1 15 12 6 1 1 5 1 12 1 2 |1 1 1 1 1 1 1 5 1 3 3 3 5 12 2 1 |1 7 1 2 1 1 2 6 1 2 7 1 1 1 7 9 |11 1 1 5 1 1 6 1 14 12 9 7 1 1 15 6 |
15683: 1 1 3 1 1 1 8 2 3 1 1 2 2 1 17 7 |3 8 1 1 1 2 5 6 1 1 1 1 2 1 5 5 |1 14 8 1 12 8 13 1 1 4 1 3 1 2 1 1 |1 1 7 1 1 2 1 10 1 1 1 1 1 2 2 1 |1 6 1 1 1 3 9 2 1 1 1 1 1 1 1 1 |1 1 1 1 2 1 1 1 8 2 1 2 1 4 2 1 |1 5 4 1 3 1 1 11 1 1 1 15 9 1 1 1 |1 1 1 1 1 1 6 13 2 1 1 2 1 1 1 2 |1 1 12 1 5 1 2 12 7 1 1 5 1 12 1 1 |1 1 1 1 10 1 1 5 1 2 14 2 6 12 2 1 |1 7 1 2 1 1 2 6 1 2 7 1 1 1 7 9 |11 1 1 5 1 1 6 1 14 12 9 7 1 1 15 6 |
15694: 1 1 3 1 1 1 8 2 3 1 1 2 2 1 17 7 |3 8 1 1 1 2 5 6 1 1 1 1 2 1 5 5 |1 14 8 1 12 8 13 1 1 4 1 3 1 2 1 1 |1 1 7 1 1 2 1 10 1 1 1 1 1 2 2 1 |1 6 1 1 1 3 9 2 1 1 1 1 1 1 1 1 |1 1 1 1 2 1 1 1 8 2 1 2 1 4 2 1 |1 5 4 1 3 1 1 11 1 1 1 15 9 1 1 1 |1 1 1 1 1 1 6 13 2 1 1 2 1 1 1 2 |1 1 12 1 5 1 2 12 7 1 1 5 1 12 1 1 |1 1 1 1 10 1 1 5 1 2 14 2 6 12 2 1 |1 7 2 1 1 2 2 6 2 8 3 1 8 1 6 9 |14 1 1 1 2 1 1 7 1 15 8 1 2 5 5 10 |
15705: 1 4 1 1 1 1 9 2 3 1 1 1 6 1 15 13 |4 6 1 1 1 1 4 1 1 2 1 1 6 1 1 1 |3 13 8 2 2 7 1 1 1 3 2 1 1 1 3 1 |1 1 7 1 1 2 1 10 1 1 1 1 1 2 2 1 |1 6 1 1 1 3 9 2 1 1 1 1 1 1 1 1 |1 1 1 1 2 1 1 1 8 2 1 2 1 4 2 1 |1 5 4 1 3 1 1 11 1 1 1 15 9 1 1 1 |1 1 1 1 1 1 6 13 2 1 1 2 1 1 1 2 |1 1 12 1 5 1 2 12 7 1 1 5 1 12 1 1 |1 1 1 1 10 1 1 5 1 2 14 2 6 12 2 1 |1 7 2 1 1 2 2 6 2 8 3 1 8 1 6 9 |14 1 1 1 2 1 1 7 1 15 8 1 2 5 5 10 |
15716: 1 4 1 1 1 1 9 2 3 1 1 1 6 1 15 13 |4 6 1 1 1 1 4 1 1 2 1 1 6 1 1 1 |3 13 8 2 2 7 1 1 1 3 2 1 1 1 3 1 |1 1 1 1 9 1 1 2 1 1 1 11 1 2 1 1 |1 10 1 1 1 1 1 2 1 1 8 1 1 4 1 5 |1 12 1 1 1 1 1 1 4 1 1 2 1 6 2 3 |1 1 15 3 4 1 1 10 1 1 1 15 8 1 1 1 |1 2 1 1 1 1 6 1 1 1 1 1 1 1 2 3 |1 1 1 1 3 1 15 12 7 1 1 5 1 12 1 1 |1 1 8 12 7 1 2 5 1 1 3 1 5 12 2 1 |1 7 2 1 1 2 2 6 2 8 3 1 8 1 6 9 |14 1 1 1 2 1 1 7 1 15 8 1 2 5 5 10 |
15727: 1 4 1 1 1 1 9 2 3 1 1 1 6 1 15 13 |4 6 1 1 1 1 4 1 1 2 1 1 6 1 1 1 |3 13 8 2 2 7 1 1 1 3 2 1 1 1 3 1 |1 1 1 1 9 1 1 2 1 1 1 11 1 2 1 1 |1 10 1 1 1 1 1 2 1 1 8 1 1 4 1 5 |1 12 1 1 1 1 1 1 4 1 1 2 1 6 2 3 |1 1 15 3 4 1 1 10 1 1 1 15 8 1 1 1 |1 2 1 1 1 1 6 1 1 1 1 1 1 1 2 3 |1 1 1 1 3 1 15 12 7 1 1 5 1 12 1 1 |1 1 8 12 7 1 2 5 1 1 3 1 5 12 2 1 |2 6 1 1 1 1 2 6 1 2 7 1 5 1 6 9 |7 1 1 5 1 2 1 7 1 1 7 8 1 1 5 11 |
15737: 1 1 1 2 1 1 1 3 6 1 1 1 7 1 17 13 |4 6 1 1 1 1 4 1 1 2 1 1 6 1 1 1 |3 13 8 2 2 7 1 1 1 3 2 1 1 1 3 1 |1 1 1 1 9 1 1 2 1 1 1 11 1 2 1 1 |1 10 1 1 1 1 1 2 1 1 8 1 1 4 1 5 |1 12 1 1 1 1 1 1 4 1 1 2 1 6 2 3 |1 1 15 3 4 1 1 10 1 1 1 15 8 1 1 1 |1 2 1 1 1 1 6 1 1 1 1 1 1 1 2 3 |1 1 1 1 3 1 15 12 7 1 1 5 1 12 1 1 |1 1 8 12 7 1 2 5 1 1 3 1 5 12 2 1 |2 6 1 1 1 1 2 6 1 2 7 1 5 1 6 9 |7 1 1 5 1 2 1 7 1 1 7 8 1 1 5 11 |
15748: 1 1 1 2 1 1 1 3 6 1 1 1 7 1 17 13 |3 7 1 1 1 1 3 1 1 3 1 13 16 1 1 1 |3 10 13 1 10 5 6 1 2 4 1 2 1 2 1 1 |1 1 1 1 1 1 1 6 1 2 1 10 1 2 2 1 |1 7 1 1 1 3 1 2 1 1 8 1 1 4 1 6 |1 13 1 1 2 1 1 1 10 1 1 2 1 6 2 1 |1 1 15 3 4 1 4 1 1 1 1 16 2 1 1 1 |1 1 10 1 1 1 1 1 1 1 1 1 1 1 3 1 |1 1 1 1 3 1 15 12 7 1 1 5 1 12 1 1 |1 1 8 12 7 1 2 5 1 1 3 1 5 12 2 1 |2 6 1 1 1 1 2 6 1 2 7 1 5 1 6 9 |7 1 1 5 1 2 1 7 1 1 7 8 1 1 5 11 |
15758: 1 1 1 2 1 1 1 3 6 1 1 1 7 1 17 13 |3 7 1 1 1 1 3 1 1 3 1 13 16 1 1 1 |3 10 13 1 10 5 6 1 2 4 1 2 1 2 1 1 |1 1 1 1 1 1 1 6 1 2 1 10 1 2 2 1 |1 7 1 1 1 3 1 2 1 1 8 1 1 4 1 6 |1 13 1 1 2 1 1 1 10 1 1 2 1 6 2 1 |1 1 15 3 4 1 4 1 1 1 1 16 2 1 1 1 |1 1 10 1 1 1 1 1 1 1 1 1 1 1 3 1 |1 1 13 1 3 1 3 13 6 1 1 5 1 12 1 1 |1 1 1 1 1 1 3 5 1 1 3 3 5 11 3 1 |1 6 1 1 2 1 2 6 1 1 7 1 1 1 7 9 |16 1 1 1 1 1 1 1 5 16 11 2 1 1 17 10 |
15769: 1 1 1 2 1 1 1 3 6 1 1 1 7 1 17 13 |3 7 1 1 1 1 3 1 1 3 1 13 16 1 1 1 |3 10 13 1 10 5 6 1 2 4 1 2 1 2 1 1 |1 1 1 1 1 1 1 6 1 2 1 10 1 2 2 1 |1 7 1 1 1 3 1 2 1 1 8 1 1 4 1 6 |1 13 1 1 2 1 1 1 10 1 1 2 1 6 2 1 |1 1 15 3 4 1 4 1 1 1 1 16 2 1 1 1 |1 1 10 1 1 1 1 1 1 1 1 1 1 1 3 1 |1 1 13 1 3 1 3 13 6 1 1 5 1 12 1 1 |1 1 1 1 1 1 3 5 1 1 3 3 5 11 3 1 |1 6 1 1 2 1 2 6 1 1 7 1 1 1 7 9 |16 1 1 1 1 1 1 1 5 16 11 2 1 1 17 10 |
15800: 1 1 1 1 1 1 10 1 7 1 1 1 1 1 8 15 |4 8 1 1 1 1 1 1 1 1 1 1 5 1 1 1 |3 10 13 1 10 5 6 1 2 4 1 2 1 2 1 1 |1 1 1 1 1 1 1 6 1 2 1 10 1 2 2 1 |1 7 1 1 1 3 1 2 1 1 8 1 1 4 1 6 |1 13 1 1 2 1 1 1 10 1 1 2 1 6 2 1 |1 1 15 3 4 1 4 1 1 1 1 16 2 1 1 1 |1 1 10 1 1 1 1 1 1 1 1 1 1 1 3 1 |1 1 13 1 3 1 3 13 6 1 1 5 1 12 1 1 |1 1 1 1 1 1 3 5 1 1 3 3 5 11 3 1 |1 6 1 1 2 1 2 6 1 1 7 1 1 1 7 9 |16 1 1 1 1 1 1 1 5 16 11 2 1 1 17 10 |
15810: 1 1 1 1 1 1 10 1 7 1 1 1 1 1 8 15 |4 8 1 1 1 1 1 1 1 1 1 1 5 1 1 1 |1 13 6 1 1 2 3 2 1 2 1 1 1 1 1 1 |1 1 1 1 1 1 2 18 1 3 1 10 1 1 2 1 |1 7 2 7 1 1 8 1 1 1 1 2 2 1 1 6 |1 1 1 1 1 1 1 1 1 1 1 1 1 1 1 1 |1 1 1 1 1 1 1 9 1 1 1 7 1 2 1 1 |1 1 1 1 1 1 1 7 1 1 1 1 1 1 2 1 |1 1 1 1 1 1 1 1 1 1 1 1 1 1 1 1 |1 1 1 1 1 1 3 5 1 1 3 3 5 11 3 1 |1 6 1 1 2 1 2 6 1 1 7 1 1 1 7 9 |16 1 1 1 1 1 1 1 5 16 11 2 1 1 17 10 |
15821: 1 1 1 1 1 1 10 1 7 1 1 1 1 1 8 15 |4 8 1 1 1 1 1 1 1 1 1 1 5 1 1 1 |1 13 6 1 1 2 3 2 1 2 1 1 1 1 1 1 |1 1 1 1 1 1 2 18 1 3 1 10 1 1 2 1 |1 7 2 7 1 1 8 1 1 1 1 2 2 1 1 6 |1 1 1 1 1 1 1 1 1 1 1 1 1 1 1 1 |1 1 1 1 1 1 1 9 1 1 1 7 1 2 1 1 |1 1 1 1 1 1 1 7 1 1 1 1 1 1 2 1 |1 1 1 1 1 1 1 1 1 1 1 1 1 1 1 1 |1 1 1 1 1 1 2 6 1 1 2 1 1 1 1 1 |1 7 1 1 1 1 1 1 2 1 1 1 1 1 7 9 |15 1 1 5 1 1 5 1 1 16 10 1 1 5 17 9 |
15831: 1 1 1 1 1 1 10 1 7 1 1 1 1 1 8 15 |4 8 1 1 1 1 1 1 1 1 1 1 5 1 1 1 |1 13 6 1 1 2 3 2 1 2 1 1 1 1 1 1 |1 1 1 1 1 1 2 18 1 3 1 10 1 1 2 1 |1 7 2 7 1 1 8 1 1 1 1 2 2 1 1 6 |1 1 1 1 1 1 1 1 1 1 1 1 1 1 1 1 |1 1 1 1 1 1 1 9 1 1 1 7 1 2 1 1 |1 1 1 1 1 1 1 7 1 1 1 1 1 1 2 1 |1 1 1 1 1 1 1 1 1 1 1 1 1 1 1 1 |1 1 1 1 1 1 2 6 1 1 2 1 1 1 1 1 |1 7 1 1 1 1 1 1 2 1 1 1 1 1 7 9 |15 1 1 5 1 1 5 1 1 16 10 1 1 5 17 9 |
15842: 1 2 1 1 1 1 9 1 7 1 1 1 1 1 3 2 |1 2 1 1 1 1 3 1 1 2 1 12 8 1 1 1 |1 13 8 1 2 1 6 1 1 2 1 2 1 1 1 1 |1 1 10 2 9 2 3 6 1 1 1 10 1 1 2 1 |1 1 1 1 1 2 1 2 1 1 9 1 1 4 2 1 |1 1 1 1 1 5 1 1 8 2 1 1 1 5 1 1 |1 1 3 12 2 1 1 10 1 1 2 15 2 1 1 1 |1 1 1 1 1 1 1 10 3 12 7 1 1 1 3 1 |1 1 1 1 1 1 1 1 1 1 1 1 1 1 1 1 |1 1 1 1 1 1 2 6 1 1 2 1 1 1 1 1 |1 7 1 1 1 1 1 1 2 1 1 1 1 1 7 9 |15 1 1 5 1 1 5 1 1 16 10 1 1 5 17 9 |
15852: 1 2 1 1 1 1 9 1 7 1 1 1 1 1 3 2 |1 2 1 1 1 1 3 1 1 2 1 12 8 1 1 1 |1 13 8 1 2 1 6 1 1 2 1 2 1 1 1 1 |1 1 10 2 9 2 3 6 1 1 1 10 1 1 2 1 |1 1 1 1 1 2 1 2 1 1 9 1 1 4 2 1 |1 1 1 1 1 5 1 1 8 2 1 1 1 5 1 1 |1 1 3 12 2 1 1 10 1 1 2 15 2 1 1 1 |1 1 1 1 1 1 1 10 3 12 7 1 1 1 3 1 |1 1 1 1 1 1 14 12 6 1 1 5 1 12 1 1 |1 1 4 1 1 1 2 4 1 3 3 1 6 12 1 1 |1 7 1 2 1 1 1 2 2 1 4 1 1 1 6 8 |14 1 1 1 3 1 1 8 1 15 7 1 1 1 5 12 |
15863: 1 2 1 1 1 1 9 1 7 1 1 1 1 1 3 2 |1 2 1 1 1 1 3 1 1 2 1 12 8 1 1 1 |1 13 8 1 2 1 6 1 1 2 1 2 1 1 1 1 |1 1 10 2 9 2 3 6 1 1 1 10 1 1 2 1 |1 1 1 1 1 2 1 2 1 1 9 1 1 4 2 1 |1 1 1 1 1 5 1 1 8 2 1 1 1 5 1 1 |1 1 3 12 2 1 1 10 1 1 2 15 2 1 1 1 |1 1 1 1 1 1 1 10 3 12 7 1 1 1 3 1 |1 1 1 1 1 1 14 12 6 1 1 5 1 12 1 1 |1 1 4 1 1 1 2 4 1 3 3 1 6 12 1 1 |1 7 1 2 1 1 1 2 2 1 4 1 1 1 6 8 |14 1 1 1 3 1 1 8 1 15 7 1 1 1 5 12 |
15873: 1 1 1 1 1 1 10 1 3 1 1 1 1 1 16 7 |4 13 1 1 2 1 4 1 1 2 1 13 8 2 1 1 |1 12 9 1 1 6 2 1 1 3 1 2 2 1 1 1 |1 1 2 1 1 5 5 11 1 5 1 10 1 1 1 1 |1 1 1 1 1 2 1 1 1 11 6 3 7 1 1 1 |3 6 1 1 1 1 1 1 2 1 1 1 1 2 1 1 |1 1 3 12 2 1 1 10 1 1 2 15 2 1 1 1 |1 1 1 1 1 1 1 10 3 12 7 1 1 1 3 1 |1 1 1 1 1 1 14 12 6 1 1 5 1 12 1 1 |1 1 4 1 1 1 2 4 1 3 3 1 6 12 1 1 |1 7 1 2 1 1 1 2 2 1 4 1 1 1 6 8 |14 1 1 1 3 1 1 8 1 15 7 1 1 1 5 12 |
15883: 1 1 1 1 1 1 10 1 3 1 1 1 1 1 16 7 |4 13 1 1 2 1 4 1 1 2 1 13 8 2 1 1 |1 12 9 1 1 6 2 1 1 3 1 2 2 1 1 1 |1 1 2 1 1 5 5 11 1 5 1 10 1 1 1 1 |1 1 1 1 1 2 1 1 1 11 6 3 7 1 1 1 |3 6 1 1 1 1 1 1 2 1 1 1 1 2 1 1 |1 1 2 8 1 2 1 10 1 1 2 14 8 1 1 1 |1 1 1 1 1 1 1 11 1 1 1 2 1 1 2 1 |1 1 6 1 1 1 1 1 5 1 1 1 1 12 1 1 |1 1 1 1 1 1 1 6 1 1 3 1 5 8 1 1 |1 1 7 1 1 1 2 6 1 2 4 1 1 1 7 9 |14 1 1 5 2 1 1 1 1 1 1 1 1 1 3 5 |
15894: 1 1 1 1 1 1 10 1 3 1 1 1 1 1 16 7 |4 13 1 1 2 1 4 1 1 2 1 13 8 2 1 1 |1 12 9 1 1 6 2 1 1 3 1 2 2 1 1 1 |1 1 2 1 1 5 5 11 1 5 1 10 1 1 1 1 |1 1 1 1 1 2 1 1 1 11 6 3 7 1 1 1 |3 6 1 1 1 1 1 1 2 1 1 1 1 2 1 1 |1 1 2 8 1 2 1 10 1 1 2 14 8 1 1 1 |1 1 1 1 1 1 1 11 1 1 1 2 1 1 2 1 |1 1 6 1 1 1 1 1 5 1 1 1 1 12 1 1 |1 1 1 1 1 1 1 6 1 1 3 1 5 8 1 1 |1 1 7 1 1 1 2 6 1 2 4 1 1 1 7 9 |14 1 1 5 2 1 1 1 1 1 1 1 1 1 3 5 |
15904: 1 2 1 2 1 1 9 1 7 1 1 1 2 1 15 14 |3 8 1 1 1 1 4 1 1 1 2 6 7 2 1 1 |2 13 3 2 2 7 7 1 1 3 1 2 1 2 1 1 |1 4 1 1 1 2 3 11 1 2 1 9 1 1 2 1 |1 1 1 1 1 2 1 1 1 11 6 3 7 1 1 1 |3 6 1 1 1 1 1 1 2 1 1 1 1 2 1 1 |1 1 2 8 1 2 1 10 1 1 2 14 8 1 1 1 |1 1 1 1 1 1 1 11 1 1 1 2 1 1 2 1 |1 1 6 1 1 1 1 1 5 1 1 1 1 12 1 1 |1 1 1 1 1 1 1 6 1 1 3 1 5 8 1 1 |1 1 7 1 1 1 2 6 1 2 4 1 1 1 7 9 |14 1 1 5 2 1 1 1 1 1 1 1 1 1 3 5 |
15915: 1 2 1 2 1 1 9 1 7 1 1 1 2 1 15 14 |3 8 1 1 1 1 4 1 1 1 2 6 7 2 1 1 |2 13 3 2 2 7 7 1 1 3 1 2 1 2 1 1 |1 4 1 1 1 2 3 11 1 2 1 9 1 1 2 1 |1 1 2 1 1 1 1 2 1 1 9 1 1 4 1 2 |1 1 1 1 2 2 1 1 9 1 1 1 1 4 2 2 |1 1 16 4 3 1 2 1 1 2 6 8 1 1 1 1 |1 1 1 1 1 1 1 12 1 1 1 2 1 1 3 1 |1 1 1 1 2 1 3 12 6 1 1 5 1 12 1 1 |1 1 1 1 1 1 1 6 1 1 3 1 5 11 1 1 |1 7 1 1 2 1 2 6 2 1 7 1 1 1 6 14 |14 1 1 5 2 1 1 1 1 1 1 1 1 1 3 5 |
15925: 1 2 1 2 1 1 9 1 7 1 1 1 2 1 15 14 |3 8 1 1 1 1 4 1 1 1 2 6 7 2 1 1 |2 13 3 2 2 7 7 1 1 3 1 2 1 2 1 1 |1 4 1 1 1 2 3 11 1 2 1 9 1 1 2 1 |1 1 2 1 1 1 1 2 1 1 9 1 1 4 1 2 |1 1 1 1 2 2 1 1 9 1 1 1 1 4 2 2 |1 1 16 4 3 1 2 1 1 2 6 8 1 1 1 1 |1 1 1 1 1 1 1 12 1 1 1 2 1 1 3 1 |1 1 1 1 2 1 3 12 6 1 1 5 1 12 1 1 |1 1 1 1 1 1 1 6 1 1 3 1 5 11 1 1 |1 7 1 1 2 1 2 6 2 1 7 1 1 1 6 14 |7 1 1 1 1 1 1 1 1 15 8 1 1 1 17 9 |
15936: 1 2 1 1 1 1 9 1 6 1 1 2 6 1 17 14 |1 1 1 1 1 1 9 3 1 1 1 12 2 1 1 1 |2 13 3 2 2 7 7 1 1 3 1 2 1 2 1 1 |1 4 1 1 1 2 3 11 1 2 1 9 1 1 2 1 |1 1 2 1 1 1 1 2 1 1 9 1 1 4 1 2 |1 1 1 1 2 2 1 1 9 1 1 1 1 4 2 2 |1 1 16 4 3 1 2 1 1 2 6 8 1 1 1 1 |1 1 1 1 1 1 1 12 1 1 1 2 1 1 3 1 |1 1 1 1 2 1 3 12 6 1 1 5 1 12 1 1 |1 1 1 1 1 1 1 6 1 1 3 1 5 11 1 1 |1 7 1 1 2 1 2 6 2 1 7 1 1 1 6 14 |7 1 1 1 1 1 1 1 1 15 8 1 1 1 17 9 |
15946: 1 2 1 1 1 1 9 1 6 1 1 2 6 1 17 14 |1 1 1 1 1 1 9 3 1 1 1 12 2 1 1 1 |3 11 7 1 1 6 7 1 1 4 1 2 1 1 1 1 |1 4 7 1 1 1 1 6 1 2 1 10 1 1 2 1 |1 1 2 1 1 2 1 2 1 1 9 1 1 3 1 2 |1 1 1 1 1 1 1 1 7 1 1 1 1 5 2 3 |1 1 8 9 4 1 1 10 1 1 5 15 8 1 1 1 |1 1 1 1 1 1 1 9 1 1 2 1 1 1 3 1 |1 1 1 1 1 1 15 12 6 1 1 5 1 12 1 1 |1 1 1 1 1 1 3 5 1 1 3 1 5 11 2 1 |1 6 1 2 1 1 1 8 1 1 1 1 5 1 7 9 |7 1 1 1 1 1 1 1 1 15 8 1 1 1 17 9 |
15957: 1 2 1 1 1 1 9 1 6 1 1 2 6 1 17 14 |1 1 1 1 1 1 9 3 1 1 1 12 2 1 1 1 |3 11 7 1 1 6 7 1 1 4 1 2 1 1 1 1 |1 4 7 1 1 1 1 6 1 2 1 10 1 1 2 1 |1 1 2 1 1 2 1 2 1 1 9 1 1 3 1 2 |1 1 1 1 1 1 1 1 7 1 1 1 1 5 2 3 |1 1 8 9 4 1 1 10 1 1 5 15 8 1 1 1 |1 1 1 1 1 1 1 9 1 1 2 1 1 1 3 1 |1 1 1 1 1 1 15 12 6 1 1 5 1 12 1 1 |1 1 1 1 1 1 3 5 1 1 3 1 5 11 2 1 |1 6 1 2 1 1 1 8 1 1 1 1 5 1 7 9 |14 1 1 1 1 1 1 1 1 15 7 1 1 1 5 10 |
15967: 1 2 1 1 1 1 9 1 6 1 1 2 6 1 17 14 |1 1 1 1 1 1 9 3 1 1 1 12 2 1 1 1 |3 11 7 1 1 6 7 1 1 4 1 2 1 1 1 1 |1 4 7 1 1 1 1 6 1 2 1 10 1 1 2 1 |1 1 2 1 1 2 1 2 1 1 9 1 1 3 1 2 |1 1 1 1 1 1 1 1 7 1 1 1 1 5 2 3 |1 1 8 9 4 1 1 10 1 1 5 15 8 1 1 1 |1 1 1 1 1 1 1 9 1 1 2 1 1 1 3 1 |1 1 1 1 1 1 15 12 6 1 1 5 1 12 1 1 |1 1 1 1 1 1 3 5 1 1 3 1 5 11 2 1 |1 6 1 2 1 1 1 8 1 1 1 1 5 1 7 9 |14 1 1 1 1 1 1 1 1 15 7 1 1 1 5 10 |
15978: 1 3 1 1 1 1 9 2 3 1 1 1 1 1 17 14 |1 1 1 1 1 1 4 1 1 2 1 12 8 1 3 13 |1 7 1 1 1 6 1 1 1 2 2 2 1 1 1 1 |1 1 1 1 1 5 3 15 1 2 1 12 1 3 1 1 |1 6 1 1 1 1 1 2 1 11 5 3 6 2 1 1 |3 6 1 1 1 1 2 12 1 1 1 2 1 2 1 1 |1 1 2 8 1 2 1 10 1 1 4 14 3 1 1 1 |1 11 10 1 1 1 1 1 13 7 1 1 1 1 3 1 |1 1 1 1 1 1 15 12 6 1 1 5 1 12 1 1 |1 1 1 1 1 1 3 5 1 1 3 1 5 11 2 1 |1 6 1 2 1 1 1 8 1 1 1 1 5 1 7 9 |14 1 1 1 1 1 1 1 1 15 7 1 1 1 5 10 |
15988: 1 3 1 1 1 1 9 2 3 1 1 1 1 1 17 14 |1 1 1 1 1 1 4 1 1 2 1 12 8 1 3 13 |1 7 1 1 1 6 1 1 1 2 2 2 1 1 1 1 |1 1 1 1 1 5 3 15 1 2 1 12 1 3 1 1 |1 6 1 1 1 1 1 2 1 11 5 3 6 2 1 1 |3 6 1 1 1 1 2 12 1 1 1 2 1 2 1 1 |1 1 2 8 1 2 1 10 1 1 4 14 3 1 1 1 |1 11 10 1 1 1 1 1 13 7 1 1 1 1 3 1 |1 1 2 1 1 1 1 1 2 1 1 1 1 11 1 2 |1 1 1 1 1 1 1 6 1 1 3 1 5 11 3 1 |1 1 1 1 1 13 2 6 1 1 3 1 7 1 6 9 |15 1 1 1 1 1 1 1 1 16 10 1 1 1 16 17 |
15999: 1 3 1 1 1 1 9 2 3 1 1 1 1 1 17 14 |1 1 1 1 1 1 4 1 1 2 1 12 8 1 3 13 |1 7 1 1 1 6 1 1 1 2 2 2 1 1 1 1 |1 1 1 1 1 5 3 15 1 2 1 12 1 3 1 1 |1 6 1 1 1 1 1 2 1 11 5 3 6 2 1 1 |3 6 1 1 1 1 2 12 1 1 1 2 1 2 1 1 |1 1 2 8 1 2 1 10 1 1 4 14 3 1 1 1 |1 11 10 1 1 1 1 1 13 7 1 1 1 1 3 1 |1 1 2 1 1 1 1 1 2 1 1 1 1 11 1 2 |1 1 1 1 1 1 1 6 1 1 3 1 5 11 3 1 |1 1 1 1 1 13 2 6 1 1 3 1 7 1 6 9 |15 1 1 1 1 1 1 1 1 16 10 1 1 1 16 17 |
16009: 1 4 1 1 1 1 9 1 8 1 1 1 1 1 16 1 |4 7 1 1 1 1 4 1 1 1 1 1 4 2 1 1 |3 13 3 3 9 1 6 1 1 4 1 3 2 1 1 2 |1 1 2 1 1 2 1 7 1 1 1 10 1 1 2 1 |1 1 2 1 1 1 1 2 1 1 8 1 1 4 1 1 |1 1 1 2 2 1 1 1 8 2 1 1 1 6 1 2 |1 1 2 8 1 2 1 10 1 1 4 14 3 1 1 1 |1 11 10 1 1 1 1 1 13 7 1 1 1 1 3 1 |1 1 2 1 1 1 1 1 2 1 1 1 1 11 1 2 |1 1 1 1 1 1 1 6 1 1 3 1 5 11 3 1 |1 1 1 1 1 13 2 6 1 1 3 1 7 1 6 9 |15 1 1 1 1 1 1 1 1 16 10 1 1 1 16 17 |
16019: 1 4 1 1 1 1 9 1 8 1 1 1 1 1 16 1 |4 7 1 1 1 1 4 1 1 1 1 1 4 2 1 1 |3 13 3 3 9 1 6 1 1 4 1 3 2 1 1 2 |1 1 2 1 1 2 1 7 1 1 1 10 1 1 2 1 |1 1 2 1 1 1 1 2 1 1 8 1 1 4 1 1 |1 1 1 2 2 1 1 1 8 2 1 1 1 6 1 2 |1 1 2 5 2 1 1 10 1 1 1 8 1 1 1 1 |1 1 1 2 1 2 2 12 13 7 1 1 1 1 2 1 |1 1 5 1 3 1 15 12 5 1 1 5 1 12 1 1 |1 1 1 1 2 1 1 6 1 1 2 1 5 11 2 1 |1 7 1 1 15 1 2 6 2 1 3 1 7 1 6 8 |15 1 1 1 1 1 1 1 1 15 3 1 1 1 17 2 |
16030: 1 4 1 1 1 1 9 1 8 1 1 1 1 1 16 1 |4 7 1 1 1 1 4 1 1 1 1 1 4 2 1 1 |3 13 3 3 9 1 6 1 1 4 1 3 2 1 1 2 |1 1 2 1 1 2 1 7 1 1 1 10 1 1 2 1 |1 1 2 1 1 1 1 2 1 1 8 1 1 4 1 1 |1 1 1 2 2 1 1 1 8 2 1 1 1 6 1 2 |1 1 2 5 2 1 1 10 1 1 1 8 1 1 1 1 |1 1 1 2 1 2 2 12 13 7 1 1 1 1 2 1 |1 1 5 1 3 1 15 12 5 1 1 5 1 12 1 1 |1 1 1 1 2 1 1 6 1 1 2 1 5 11 2 1 |1 7 1 1 15 1 2 6 2 1 3 1 7 1 6 8 |15 1 1 1 1 1 1 1 1 15 3 1 1 1 17 2 |
16041: 1 1 1 1 1 1 8 2 3 1 1 1 1 1 2 15 |1 1 1 1 1 1 9 3 1 2 2 7 8 2 1 1 |1 13 8 1 1 9 8 4 1 3 2 1 1 2 1 1 |1 1 1 2 9 1 1 6 1 2 1 11 1 1 2 1 |1 8 2 1 1 2 2 3 2 2 1 1 8 1 1 2 |1 1 1 1 1 4 1 1 9 2 1 1 1 3 1 2 |1 1 2 5 2 1 1 10 1 1 1 8 1 1 1 1 |1 1 1 2 1 2 2 12 13 7 1 1 1 1 2 1 |1 1 5 1 3 1 15 12 5 1 1 5 1 12 1 1 |1 1 1 1 2 1 1 6 1 1 2 1 5 11 2 1 |1 7 1 1 15 1 2 6 2 1 3 1 7 1 6 8 |15 1 1 1 1 1 1 1 1 15 3 1 1 1 17 2 |
16051: 1 1 1 1 1 1 8 2 3 1 1 1 1 1 2 15 |1 1 1 1 1 1 9 3 1 2 2 7 8 2 1 1 |1 13 8 1 1 9 8 4 1 3 2 1 1 2 1 1 |1 1 1 2 9 1 1 6 1 2 1 11 1 1 2 1 |1 8 2 1 1 2 2 3 2 2 1 1 8 1 1 2 |1 1 1 1 1 4 1 1 9 2 1 1 1 3 1 2 |1 1 11 5 4 1 1 1 1 1 5 15 4 1 1 1 |1 8 1 1 1 1 1 8 1 4 1 1 1 1 2 2 |1 1 1 1 7 1 14 13 6 1 1 5 1 12 1 1 |1 1 2 1 1 1 1 4 1 4 16 1 5 12 3 1 |1 1 1 1 2 1 3 2 1 1 1 1 6 1 7 10 |15 1 1 1 1 1 1 1 1 15 8 1 1 2 5 11 |
16062: 1 1 1 1 1 1 8 2 3 1 1 1 1 1 2 15 |1 1 1 1 1 1 9 3 1 2 2 7 8 2 1 1 |1 13 8 1 1 9 8 4 1 3 2 1 1 2 1 1 |1 1 1 2 9 1 1 6 1 2 1 11 1 1 2 1 |1 8 2 1 1 2 2 3 2 2 1 1 8 1 1 2 |1 1 1 1 1 4 1 1 9 2 1 1 1 3 1 2 |1 1 11 5 4 1 1 1 1 1 5 15 4 1 1 1 |1 8 1 1 1 1 1 8 1 4 1 1 1 1 2 2 |1 1 1 1 7 1 14 13 6 1 1 5 1 12 1 1 |1 1 2 1 1 1 1 4 1 4 16 1 5 12 3 1 |1 1 1 1 2 1 3 2 1 1 1 1 6 1 7 10 |15 1 1 1 1 1 1 1 1 15 8 1 1 2 5 11 |
16073: 1 2 1 1 1 1 9 2 3 1 1 1 1 1 16 13 |4 7 1 1 1 1 9 3 1 3 2 12 8 1 6 5 |1 14 13 1 2 6 6 1 1 3 1 2 1 2 1 1 |1 1 1 1 1 6 2 18 1 2 1 11 1 2 2 1 |1 8 2 1 1 2 2 3 2 2 1 1 8 1 1 2 |1 1 1 1 1 4 1 1 9 2 1 1 1 3 1 2 |1 1 11 5 4 1 1 1 1 1 5 15 4 1 1 1 |1 8 1 1 1 1 1 8 1 4 1 1 1 1 2 2 |1 1 1 1 7 1 14 13 6 1 1 5 1 12 1 1 |1 1 2 1 1 1 1 4 1 4 16 1 5 12 3 1 |1 1 1 1 2 1 3 2 1 1 1 1 6 1 7 10 |15 1 1 1 1 1 1 1 1 15 8 1 1 2 5 11 |
16083: 1 2 1 1 1 1 9 2 3 1 1 1 1 1 16 13 |4 7 1 1 1 1 9 3 1 3 2 12 8 1 6 5 |1 14 13 1 2 6 6 1 1 3 1 2 1 2 1 1 |1 1 1 1 1 6 2 18 1 2 1 11 1 2 2 1 |1 1 1 1 1 3 1 2 1 1 8 1 1 4 1 1 |1 1 1 1 1 2 1 13 3 1 1 2 1 3 2 1 |1 1 2 1 1 1 1 10 1 1 2 15 2 1 1 1 |1 10 2 1 1 1 2 1 1 1 1 1 1 1 2 1 |1 1 14 1 1 1 1 1 1 1 1 1 1 12 1 1 |1 1 1 1 1 1 1 5 1 1 3 1 5 11 2 1 |1 1 1 1 1 1 2 7 4 8 4 1 1 1 6 9 |15 1 1 1 1 1 1 1 1 15 8 1 1 2 5 11 |
16094: 1 2 1 1 1 1 9 2 3 1 1 1 1 1 16 13 |4 7 1 1 1 1 9 3 1 3 2 12 8 1 6 5 |1 14 13 1 2 6 6 1 1 3 1 2 1 2 1 1 |1 1 1 1 1 6 2 18 1 2 1 11 1 2 2 1 |1 1 1 1 1 3 1 2 1 1 8 1 1 4 1 1 |1 1 1 1 1 2 1 13 3 1 1 2 1 3 2 1 |1 1 2 1 1 1 1 10 1 1 2 15 2 1 1 1 |1 10 2 1 1 1 2 1 1 1 1 1 1 1 2 1 |1 1 14 1 1 1 1 1 1 1 1 1 1 12 1 1 |1 1 1 1 1 1 1 5 1 1 3 1 5 11 2 1 |1 1 1 1 1 1 2 7 4 8 4 1 1 1 6 9 |15 1 1 1 1 1 2 1 1 16 10 2 1 1 1 1 |
16105: 1 5 1 3 1 1 8 2 3 1 1 1 1 1 17 13 |4 8 1 1 1 1 3 1 1 1 2 12 8 1 5 5 |1 14 13 1 2 6 6 1 1 3 1 2 1 2 1 1 |1 1 1 1 1 6 2 18 1 2 1 11 1 2 2 1 |1 1 1 1 1 3 1 2 1 1 8 1 1 4 1 1 |1 1 1 1 1 2 1 13 3 1 1 2 1 3 2 1 |1 1 2 1 1 1 1 10 1 1 2 15 2 1 1 1 |1 10 2 1 1 1 2 1 1 1 1 1 1 1 2 1 |1 1 14 1 1 1 1 1 1 1 1 1 1 12 1 1 |1 1 1 1 1 1 1 5 1 1 3 1 5 11 2 1 |1 1 1 1 1 1 2 7 4 8 4 1 1 1 6 9 |15 1 1 1 1 1 2 1 1 16 10 2 1 1 1 1 |
16116: 1 5 1 3 1 1 8 2 3 1 1 1 1 1 17 13 |4 8 1 1 1 1 3 1 1 1 2 12 8 1 5 5 |4 11 7 13 1 6 7 1 1 2 2 2 1 3 2 1 |1 1 1 1 1 1 2 6 1 2 4 6 1 1 2 1 |1 7 2 1 1 1 1 1 2 1 7 2 1 4 2 6 |1 12 2 1 1 1 1 1 8 2 1 1 1 5 2 3 |1 1 1 5 2 1 1 1 1 1 1 1 1 1 1 1 |1 1 1 1 1 1 6 11 5 1 1 1 1 1 3 2 |1 1 4 1 1 1 15 12 6 1 1 5 1 12 1 1 |1 1 2 1 10 1 1 2 2 1 2 1 5 12 4 1 |1 7 1 15 7 1 2 7 5 8 3 1 9 1 7 9 |15 1 1 1 2 1 1 1 1 14 8 1 1 1 4 1 |
16127: 1 5 1 3 1 1 8 2 3 1 1 1 1 1 17 13 |4 8 1 1 1 1 3 1 1 1 2 12 8 1 5 5 |4 11 7 13 1 6 7 1 1 2 2 2 1 3 2 1 |1 1 1 1 1 1 2 6 1 2 4 6 1 1 2 1 |1 7 2 1 1 1 1 1 2 1 7 2 1 4 2 6 |1 12 2 1 1 1 1 1 8 2 1 1 1 5 2 3 |1 1 1 5 2 1 1 1 1 1 1 1 1 1 1 1 |1 1 1 1 1 1 6 11 5 1 1 1 1 1 3 2 |1 1 4 1 1 1 15 12 6 1 1 5 1 12 1 1 |1 1 2 1 10 1 1 2 2 1 2 1 5 12 4 1 |1 7 1 15 7 1 2 7 5 8 3 1 9 1 7 9 |15 1 1 1 2 1 1 1 1 14 8 1 1 1 4 1 |
16138: 1 1 1 3 1 1 10 1 3 1 1 1 4 1 13 3 |1 9 1 1 1 1 3 1 1 2 2 7 1 1 1 1 |1 13 7 2 1 7 2 1 1 4 1 3 1 1 2 1 |1 1 1 1 1 1 2 6 1 2 4 6 1 1 2 1 |1 7 2 1 1 1 1 1 2 1 7 2 1 4 2 6 |1 12 2 1 1 1 1 1 8 2 1 1 1 5 2 3 |1 1 1 5 2 1 1 1 1 1 1 1 1 1 1 1 |1 1 1 1 1 1 6 11 5 1 1 1 1 1 3 2 |1 1 4 1 1 1 15 12 6 1 1 5 1 12 1 1 |1 1 2 1 10 1 1 2 2 1 2 1 5 12 4 1 |1 7 1 15 7 1 2 7 5 8 3 1 9 1 7 9 |15 1 1 1 2 1 1 1 1 14 8 1 1 1 4 1 |
16149: 1 1 1 3 1 1 10 1 3 1 1 1 4 1 13 3 |1 9 1 1 1 1 3 1 1 2 2 7 1 1 1 1 |1 13 7 2 1 7 2 1 1 4 1 3 1 1 2 1 |1 1 5 1 1 1 3 14 1 1 1 9 1 2 2 1 |1 6 1 1 1 2 1 3 3 10 12 1 6 2 1 6 |1 1 1 1 1 4 1 1 7 1 1 1 1 4 2 1 |1 13 15 11 3 1 2 1 1 1 6 15 8 1 1 1 |1 1 1 1 1 1 1 7 2 1 1 1 1 1 2 2 |1 2 1 1 7 1 14 12 6 1 1 5 1 12 1 1 |1 1 1 1 1 1 3 5 2 1 14 1 6 11 15 1 |1 7 1 2 1 1 3 1 1 5 2 1 6 1 6 11 |15 1 1 1 2 1 1 1 1 14 8 1 1 1 4 1 |
16160: 1 1 1 3 1 1 10 1 3 1 1 1 4 1 13 3 |1 9 1 1 1 1 3 1 1 2 2 7 1 1 1 1 |1 13 7 2 1 7 2 1 1 4 1 3 1 1 2 1 |1 1 5 1 1 1 3 14 1 1 1 9 1 2 2 1 |1 6 1 1 1 2 1 3 3 10 12 1 6 2 1 6 |1 1 1 1 1 4 1 1 7 1 1 1 1 4 2 1 |1 13 15 11 3 1 2 1 1 1 6 15 8 1 1 1 |1 1 1 1 1 1 1 7 2 1 1 1 1 1 2 2 |1 2 1 1 7 1 14 12 6 1 1 5 1 12 1 1 |1 1 1 1 1 1 3 5 2 1 14 1 6 11 15 1 |1 7 1 2 1 1 3 1 1 5 2 1 6 1 6 11 |15 1 1 1 1 1 1 1 1 15 9 1 1 2 5 11 |
16170: 1 4 1 1 1 1 9 2 3 1 1 2 2 1 16 14 |1 9 1 1 1 1 3 1 1 2 2 7 1 1 1 1 |1 13 7 2 1 7 2 1 1 4 1 3 1 1 2 1 |1 1 5 1 1 1 3 14 1 1 1 9 1 2 2 1 |1 6 1 1 1 2 1 3 3 10 12 1 6 2 1 6 |1 1 1 1 1 4 1 1 7 1 1 1 1 4 2 1 |1 13 15 11 3 1 2 1 1 1 6 15 8 1 1 1 |1 1 1 1 1 1 1 7 2 1 1 1 1 1 2 2 |1 2 1 1 7 1 14 12 6 1 1 5 1 12 1 1 |1 1 1 1 1 1 3 5 2 1 14 1 6 11 15 1 |1 7 1 2 1 1 3 1 1 5 2 1 6 1 6 11 |15 1 1 1 1 1 1 1 1 15 9 1 1 2 5 11 |
16181: 1 4 1 1 1 1 9 2 3 1 1 2 2 1 16 14 |4 7 1 1 1 1 8 4 1 1 2 14 9 1 1 1 |8 1 1 1 1 6 1 1 1 1 2 2 1 1 3 1 |1 1 1 1 1 2 1 6 1 1 1 9 1 2 1 1 |1 1 4 1 1 1 1 2 1 1 6 2 6 2 1 6 |1 1 1 1 1 2 1 11 2 1 1 1 1 3 2 1 |1 4 2 1 4 2 2 1 1 1 1 15 9 1 1 1 |1 1 1 2 1 1 1 1 1 1 3 1 1 1 2 2 |1 1 1 1 1 1 15 1 1 1 1 1 1 12 1 12 |1 1 1 1 1 1 3 5 2 1 14 1 6 11 15 1 |1 7 1 2 1 1 3 1 1 5 2 1 6 1 6 11 |15 1 1 1 1 1 1 1 1 15 9 1 1 2 5 11 |
16192: 1 4 1 1 1 1 9 2 3 1 1 2 2 1 16 14 |4 7 1 1 1 1 8 4 1 1 2 14 9 1 1 1 |8 1 1 1 1 6 1 1 1 1 2 2 1 1 3 1 |1 1 1 1 1 2 1 6 1 1 1 9 1 2 1 1 |1 1 4 1 1 1 1 2 1 1 6 2 6 2 1 6 |1 1 1 1 1 2 1 11 2 1 1 1 1 3 2 1 |1 4 2 1 4 2 2 1 1 1 1 15 9 1 1 1 |1 1 1 2 1 1 1 1 1 1 3 1 1 1 2 2 |1 1 1 1 1 1 15 1 1 1 1 1 1 12 1 12 |1 1 1 14 10 1 1 4 1 2 3 1 5 12 1 1 |1 8 1 2 1 1 2 6 2 8 7 1 5 1 7 14 |15 1 1 1 1 1 5 3 1 14 9 1 1 5 5 10 |
16202: 1 4 1 1 1 1 9 2 3 1 1 2 2 1 16 14 |4 7 1 1 1 1 8 4 1 1 2 14 9 1 1 1 |8 1 1 1 1 6 1 1 1 1 2 2 1 1 3 1 |1 1 1 1 1 2 1 6 1 1 1 9 1 2 1 1 |1 1 4 1 1 1 1 2 1 1 6 2 6 2 1 6 |1 1 1 1 1 2 1 11 2 1 1 1 1 3 2 1 |1 4 2 1 4 2 2 1 1 1 1 15 9 1 1 1 |1 1 1 2 1 1 1 1 1 1 3 1 1 1 2 2 |1 1 1 1 1 1 15 1 1 1 1 1 1 12 1 12 |1 1 1 14 10 1 1 4 1 2 3 1 5 12 1 1 |1 8 1 2 1 1 2 6 2 8 7 1 5 1 7 14 |15 1 1 1 1 1 5 3 1 14 9 1 1 5 5 10 |
16213: 1 2 1 1 1 1 8 1 3 1 1 1 6 1 3 1 |4 7 1 1 1 2 3 1 1 3 2 14 15 1 1 1 |3 12 1 2 10 7 7 1 4 4 1 2 2 1 1 1 |1 1 1 1 1 2 1 7 1 1 1 1 1 1 2 1 |1 1 2 1 1 1 1 2 1 1 8 1 1 4 1 1 |1 12 2 1 1 2 1 1 8 1 1 1 1 7 1 1 |1 1 2 8 3 1 1 10 1 1 1 8 1 1 1 1 |1 1 1 1 3 2 1 12 1 1 4 1 1 1 2 1 |1 1 1 1 1 1 14 12 7 1 1 5 1 12 1 1 |1 1 1 14 10 1 1 4 1 2 3 1 5 12 1 1 |1 8 1 2 1 1 2 6 2 8 7 1 5 1 7 14 |15 1 1 1 1 1 5 3 1 14 9 1 1 5 5 10 |
16224: 1 2 1 1 1 1 8 1 3 1 1 1 6 1 3 1 |4 7 1 1 1 2 3 1 1 3 2 14 15 1 1 1 |3 12 1 2 10 7 7 1 4 4 1 2 2 1 1 1 |1 1 1 1 1 2 1 7 1 1 1 1 1 1 2 1 |1 1 2 1 1 1 1 2 1 1 8 1 1 4 1 1 |1 12 2 1 1 2 1 1 8 1 1 1 1 7 1 1 |1 1 2 8 3 1 1 10 1 1 1 8 1 1 1 1 |1 1 1 1 3 2 1 12 1 1 4 1 1 1 2 1 |1 1 1 1 1 1 14 12 7 1 1 5 1 12 1 1 |1 1 1 1 1 1 1 1 1 1 1 1 6 7 2 2 |1 7 1 1 2 2 2 6 1 1 3 1 1 1 6 9 |14 1 1 1 1 2 1 1 1 1 1 1 1 1 5 11 |
16234: 1 2 1 1 1 1 8 1 3 1 1 1 6 1 3 1 |4 7 1 1 1 2 3 1 1 3 2 14 15 1 1 1 |3 12 1 2 10 7 7 1 4 4 1 2 2 1 1 1 |1 1 1 1 1 2 1 7 1 1 1 1 1 1 2 1 |1 1 2 1 1 1 1 2 1 1 8 1 1 4 1 1 |1 12 2 1 1 2 1 1 8 1 1 1 1 7 1 1 |1 1 2 8 3 1 1 10 1 1 1 8 1 1 1 1 |1 1 1 1 3 2 1 12 1 1 4 1 1 1 2 1 |1 1 1 1 1 1 14 12 7 1 1 5 1 12 1 1 |1 1 1 1 1 1 1 1 1 1 1 1 6 7 2 2 |1 7 1 1 2 2 2 6 1 1 3 1 1 1 6 9 |14 1 1 1 1 2 1 1 1 1 1 1 1 1 5 11 |
16245: 1 1 1 1 1 1 10 1 6 1 1 1 2 1 3 2 |1 1 1 1 1 1 8 3 1 2 2 14 8 1 1 1 |4 12 6 1 1 8 9 1 1 3 1 2 1 2 1 1 |1 1 1 1 1 2 1 6 1 1 1 12 1 2 2 1 |1 1 1 1 1 1 4 3 3 2 7 2 6 5 1 1 |1 1 2 11 1 3 1 1 7 1 1 1 3 3 2 4 |1 1 18 9 1 1 1 10 1 1 1 14 9 1 1 1 |1 1 1 1 3 2 1 12 1 1 4 1 1 1 2 1 |1 1 1 1 1 1 14 12 7 1 1 5 1 12 1 1 |1 1 1 1 1 1 1 1 1 1 1 1 6 7 2 2 |1 7 1 1 2 2 2 6 1 1 3 1 1 1 6 9 |14 1 1 1 1 2 1 1 1 1 1 1 1 1 5 11 |
16256: 1 1 1 1 1 1 10 1 6 1 1 1 2 1 3 2 |1 1 1 1 1 1 8 3 1 2 2 14 8 1 1 1 |4 12 6 1 1 8 9 1 1 3 1 2 1 2 1 1 |1 1 1 1 1 2 1 6 1 1 1 12 1 2 2 1 |1 1 1 1 1 1 4 3 3 2 7 2 6 5 1 1 |1 1 2 11 1 3 1 1 7 1 1 1 3 3 2 4 |1 1 18 9 1 1 1 10 1 1 1 14 9 1 1 1 |1 1 1 1 2 1 1 8 1 1 1 1 1 1 2 2 |1 1 6 1 8 1 3 12 6 1 1 5 1 12 1 2 |1 1 1 2 1 1 1 5 1 1 3 1 5 12 2 1 |1 7 1 1 1 1 1 8 1 1 5 1 1 1 1 2 |15 1 1 4 1 7 1 1 1 14 3 1 1 5 5 10 |
16267: 1 1 1 1 1 1 10 1 6 1 1 1 2 1 3 2 |1 1 1 1 1 1 8 3 1 2 2 14 8 1 1 1 |4 12 6 1 1 8 9 1 1 3 1 2 1 2 1 1 |1 1 1 1 1 2 1 6 1 1 1 12 1 2 2 1 |1 1 1 1 1 1 4 3 3 2 7 2 6 5 1 1 |1 1 2 11 1 3 1 1 7 1 1 1 3 3 2 4 |1 1 18 9 1 1 1 10 1 1 1 14 9 1 1 1 |1 1 1 1 2 1 1 8 1 1 1 1 1 1 2 2 |1 1 6 1 8 1 3 12 6 1 1 5 1 12 1 2 |1 1 1 2 1 1 1 5 1 1 3 1 5 12 2 1 |1 7 1 1 1 1 1 8 1 1 5 1 1 1 1 2 |15 1 1 4 1 7 1 1 1 14 3 1 1 5 5 10 |
16277: 1 1 1 2 1 3 8 1 8 1 1 1 1 1 16 14 |3 6 1 1 1 1 8 3 1 1 1 1 5 1 3 6 |3 12 9 1 1 5 10 4 1 2 1 1 1 1 1 1 |1 1 1 1 1 2 1 5 1 2 1 10 1 1 2 1 |1 7 1 1 1 2 1 1 1 1 8 1 8 1 1 6 |1 1 1 1 1 1 1 11 1 2 1 2 3 1 2 2 |1 1 18 9 1 1 1 10 1 1 1 14 9 1 1 1 |1 1 1 1 2 1 1 8 1 1 1 1 1 1 2 2 |1 1 6 1 8 1 3 12 6 1 1 5 1 12 1 2 |1 1 1 2 1 1 1 5 1 1 3 1 5 12 2 1 |1 7 1 1 1 1 1 8 1 1 5 1 1 1 1 2 |15 1 1 4 1 7 1 1 1 14 3 1 1 5 5 10 |
16287: 1 1 1 2 1 3 8 1 8 1 1 1 1 1 16 14 |3 6 1 1 1 1 8 3 1 1 1 1 5 1 3 6 |3 12 9 1 1 5 10 4 1 2 1 1 1 1 1 1 |1 1 1 1 1 2 1 5 1 2 1 10 1 1 2 1 |1 7 1 1 1 2 1 1 1 1 8 1 8 1 1 6 |1 1 1 1 1 1 1 11 1 2 1 2 3 1 2 2 |1 4 1 1 5 1 1 10 1 1 1 16 9 1 1 1 |1 1 1 1 1 2 6 11 13 8 1 1 1 1 2 1 |1 1 13 1 1 1 16 1 1 1 1 1 1 10 1 2 |1 1 1 1 11 1 1 6 1 1 14 1 5 11 3 1 |1 8 1 1 1 1 2 6 1 2 7 1 8 1 6 9 |15 1 1 5 1 1 6 2 1 15 8 1 1 1 5 10 |
16297: 1 1 1 2 1 3 8 1 8 1 1 1 1 1 16 14 |3 6 1 1 1 1 8 3 1 1 1 1 5 1 3 6 |3 12 9 1 1 5 10 4 1 2 1 1 1 1 1 1 |1 1 1 1 1 2 1 5 1 2 1 10 1 1 2 1 |1 7 1 1 1 2 1 1 1 1 8 1 8 1 1 6 |1 1 1 1 1 1 1 11 1 2 1 2 3 1 2 2 |1 4 1 1 5 1 1 10 1 1 1 16 9 1 1 1 |1 1 1 1 1 2 6 11 13 8 1 1 1 1 2 1 |1 1 13 1 1 1 16 1 1 1 1 1 1 10 1 2 |1 1 1 1 11 1 1 6 1 1 14 1 5 11 3 1 |1 8 1 1 1 1 2 6 1 2 7 1 8 1 6 9 |15 1 1 5 1 1 6 2 1 15 8 1 1 1 5 10 |
16308: 1 2 1 2 1 1 8 1 6 1 1 2 1 1 16 14 |4 7 1 1 1 1 9 4 1 4 1 12 9 2 1 13 |1 14 8 2 2 6 5 1 1 1 2 2 2 1 1 1 |1 1 2 1 1 3 1 16 1 1 1 2 1 1 3 1 |1 7 1 1 1 2 1 1 1 1 8 1 8 1 1 6 |1 1 1 1 1 1 1 11 1 2 1 2 3 1 2 2 |1 4 1 1 5 1 1 10 1 1 1 16 9 1 1 1 |1 1 1 1 1 2 6 11 13 8 1 1 1 1 2 1 |1 1 13 1 1 1 16 1 1 1 1 1 1 10 1 2 |1 1 1 1 11 1 1 6 1 1 14 1 5 11 3 1 |1 8 1 1 1 1 2 6 1 2 7 1 8 1 6 9 |15 1 1 5 1 1 6 2 1 15 8 1 1 1 5 10 |
16318: 1 2 1 2 1 1 8 1 6 1 1 2 1 1 16 14 |4 7 1 1 1 1 9 4 1 4 1 12 9 2 1 13 |1 14 8 2 2 6 5 1 1 1 2 2 2 1 1 1 |1 1 2 1 1 3 1 16 1 1 1 2 1 1 3 1 |1 8 2 1 1 3 1 2 1 1 11 1 1 4 1 1 |1 9 2 12 1 1 1 1 8 1 1 1 1 6 1 1 |1 1 15 4 3 1 1 1 1 2 1 8 1 1 1 1 |1 1 1 1 5 1 1 12 1 1 1 1 1 1 2 2 |1 1 1 1 1 1 2 12 6 1 1 5 1 12 1 1 |1 1 1 1 10 7 1 6 1 1 14 1 5 11 3 1 |1 6 2 2 1 1 2 6 2 8 3 1 6 1 6 9 |15 1 1 5 1 1 6 2 1 15 8 1 1 1 5 10 |
16329: 1 2 1 2 1 1 8 1 6 1 1 2 1 1 16 14 |4 7 1 1 1 1 9 4 1 4 1 12 9 2 1 13 |1 14 8 2 2 6 5 1 1 1 2 2 2 1 1 1 |1 1 2 1 1 3 1 16 1 1 1 2 1 1 3 1 |1 8 2 1 1 3 1 2 1 1 11 1 1 4 1 1 |1 9 2 12 1 1 1 1 8 1 1 1 1 6 1 1 |1 1 15 4 3 1 1 1 1 2 1 8 1 1 1 1 |1 1 1 1 5 1 1 12 1 1 1 1 1 1 2 2 |1 1 1 1 1 1 2 12 6 1 1 5 1 12 1 1 |1 1 1 1 10 7 1 6 1 1 14 1 5 11 3 1 |1 6 2 2 1 1 2 6 2 8 3 1 6 1 6 9 |13 7 1 1 1 1 1 1 1 1 1 1 1 2 17 9 |
16340: 1 1 1 2 1 1 9 1 3 1 1 1 5 1 18 2 |6 8 1 1 1 1 8 4 1 3 1 14 8 1 1 1 |1 14 8 2 2 6 5 1 1 1 2 2 2 1 1 1 |1 1 2 1 1 3 1 16 1 1 1 2 1 1 3 1 |1 8 2 1 1 3 1 2 1 1 11 1 1 4 1 1 |1 9 2 12 1 1 1 1 8 1 1 1 1 6 1 1 |1 1 15 4 3 1 1 1 1 2 1 8 1 1 1 1 |1 1 1 1 5 1 1 12 1 1 1 1 1 1 2 2 |1 1 1 1 1 1 2 12 6 1 1 5 1 12 1 1 |1 1 1 1 10 7 1 6 1 1 14 1 5 11 3 1 |1 6 2 2 1 1 2 6 2 8 3 1 6 1 6 9 |13 7 1 1 1 1 1 1 1 1 1 1 1 2 17 9 |
16351: 1 1 1 2 1 1 9 1 3 1 1 1 5 1 18 2 |6 8 1 1 1 1 8 4 1 3 1 14 8 1 1 1 |1 13 9 1 1 8 15 1 1 4 1 3 2 1 1 1 |1 1 3 1 1 2 3 5 1 2 4 11 1 1 3 1 |1 1 2 1 1 1 1 3 3 1 6 1 6 1 3 1 |1 1 1 1 1 2 1 1 2 1 1 1 4 3 2 1 |1 11 20 1 3 1 1 10 1 1 5 14 8 1 1 1 |1 1 1 1 1 1 1 8 1 4 1 1 1 1 1 1 |1 1 1 1 1 1 3 12 7 1 1 5 1 12 1 1 |1 1 1 15 8 1 1 4 1 1 3 1 5 12 3 1 |1 6 1 1 1 1 2 7 1 1 3 1 8 1 8 10 |13 7 1 1 1 1 1 1 1 1 1 1 1 2 17 9 |
16362: 1 1 1 2 1 1 9 1 3 1 1 1 5 1 18 2 |6 8 1 1 1 1 8 4 1 3 1 14 8 1 1 1 |1 13 9 1 1 8 15 1 1 4 1 3 2 1 1 1 |1 1 3 1 1 2 3 5 1 2 4 11 1 1 3 1 |1 1 2 1 1 1 1 3 3 1 6 1 6 1 3 1 |1 1 1 1 1 2 1 1 2 1 1 1 4 3 2 1 |1 11 20 1 3 1 1 10 1 1 5 14 8 1 1 1 |1 1 1 1 1 1 1 8 1 4 1 1 1 1 1 1 |1 1 1 1 1 1 3 12 7 1 1 5 1 12 1 1 |1 1 1 15 8 1 1 4 1 1 3 1 5 12 3 1 |1 6 1 1 1 1 2 7 1 1 3 1 8 1 8 10 |14 1 1 5 2 7 1 1 1 14 7 1 1 1 5 11 |
16372: 1 1 1 2 1 1 9 1 3 1 1 1 5 1 18 2 |6 8 1 1 1 1 8 4 1 3 1 14 8 1 1 1 |1 13 9 1 1 8 15 1 1 4 1 3 2 1 1 1 |1 1 3 1 1 2 3 5 1 2 4 11 1 1 3 1 |1 1 2 1 1 1 1 3 3 1 6 1 6 1 3 1 |1 1 1 1 1 2 1 1 2 1 1 1 4 3 2 1 |1 11 20 1 3 1 1 10 1 1 5 14 8 1 1 1 |1 1 1 1 1 1 1 8 1 4 1 1 1 1 1 1 |1 1 1 1 1 1 3 12 7 1 1 5 1 12 1 1 |1 1 1 15 8 1 1 4 1 1 3 1 5 12 3 1 |1 6 1 1 1 1 2 7 1 1 3 1 8 1 8 10 |14 1 1 5 2 7 1 1 1 14 7 1 1 1 5 11 |
16403: 1 1 1 2 1 1 1 3 1 1 1 1 1 1 1 1 |3 8 1 1 1 1 7 3 1 3 2 1 17 1 3 1 |1 13 7 1 1 7 1 1 1 1 1 1 1 1 1 1 |1 1 1 1 1 2 3 9 2 3 2 11 1 1 4 1 |1 1 2 1 1 1 1 3 3 1 6 1 6 1 3 1 |1 1 1 1 1 2 1 1 2 1 1 1 4 3 2 1 |1 11 20 1 3 1 1 10 1 1 5 14 8 1 1 1 |1 1 1 1 1 1 1 8 1 4 1 1 1 1 1 1 |1 1 1 1 1 1 3 12 7 1 1 5 1 12 1 1 |1 1 1 15 8 1 1 4 1 1 3 1 5 12 3 1 |1 6 1 1 1 1 2 7 1 1 3 1 8 1 8 10 |14 1 1 5 2 7 1 1 1 14 7 1 1 1 5 11 |
16414: 1 1 1 2 1 1 1 3 1 1 1 1 1 1 1 1 |3 8 1 1 1 1 7 3 1 3 2 1 17 1 3 1 |1 13 7 1 1 7 1 1 1 1 1 1 1 1 1 1 |1 1 1 1 1 2 3 9 2 3 2 11 1 1 4 1 |1 9 1 1 1 1 4 2 2 1 1 2 2 2 1 7 |1 1 1 1 1 2 1 1 1 1 1 1 1 2 1 1 |1 1 1 10 2 1 1 10 1 2 1 7 1 8 2 1 |1 8 1 1 1 1 1 8 14 10 2 1 1 1 1 4 |1 1 12 1 5 1 1 1 2 1 1 1 1 1 1 1 |1 1 2 1 1 1 1 6 1 1 2 1 1 11 2 1 |1 1 1 1 1 1 2 9 1 1 2 1 1 1 6 10 |15 1 1 1 1 1 1 1 2 17 10 5 1 1 2 1 |
16424: 1 1 1 2 1 1 1 3 1 1 1 1 1 1 1 1 |3 8 1 1 1 1 7 3 1 3 2 1 17 1 3 1 |1 13 7 1 1 7 1 1 1 1 1 1 1 1 1 1 |1 1 1 1 1 2 3 9 2 3 2 11 1 1 4 1 |1 9 1 1 1 1 4 2 2 1 1 2 2 2 1 7 |1 1 1 1 1 2 1 1 1 1 1 1 1 2 1 1 |1 1 1 10 2 1 1 10 1 2 1 7 1 8 2 1 |1 8 1 1 1 1 1 8 14 10 2 1 1 1 1 4 |1 1 12 1 5 1 1 1 2 1 1 1 1 1 1 1 |1 1 2 1 1 1 1 6 1 1 2 1 1 11 2 1 |1 1 1 1 1 1 2 9 1 1 2 1 1 1 6 10 |15 1 1 1 1 1 1 1 2 17 10 5 1 1 2 1 |
16434: 1 1 1 1 1 1 6 1 7 1 1 1 1 1 3 2 |1 15 1 1 1 1 3 1 1 2 2 14 9 1 1 1 |3 2 13 1 2 7 6 1 1 2 1 3 1 1 1 1 |1 1 1 1 1 2 3 9 2 3 2 11 1 1 4 1 |1 9 1 1 1 1 4 2 2 1 1 2 2 2 1 7 |1 1 1 1 1 2 1 1 1 1 1 1 1 2 1 1 |1 1 1 10 2 1 1 10 1 2 1 7 1 8 2 1 |1 8 1 1 1 1 1 8 14 10 2 1 1 1 1 4 |1 1 12 1 5 1 1 1 2 1 1 1 1 1 1 1 |1 1 2 1 1 1 1 6 1 1 2 1 1 11 2 1 |1 1 1 1 1 1 2 9 1 1 2 1 1 1 6 10 |15 1 1 1 1 1 1 1 2 17 10 5 1 1 2 1 |
16445: 1 1 1 1 1 1 6 1 7 1 1 1 1 1 3 2 |1 15 1 1 1 1 3 1 1 2 2 14 9 1 1 1 |3 2 13 1 2 7 6 1 1 2 1 3 1 1 1 1 |1 1 1 1 1 1 6 9 1 1 1 10 1 1 2 2 |1 5 1 3 1 3 1 1 1 1 7 1 1 4 1 1 |1 15 1 1 1 1 1 1 8 1 1 1 1 4 2 3 |1 1 16 4 3 1 1 11 1 1 5 14 8 1 1 1 |1 1 1 2 3 1 7 11 1 1 4 1 1 1 2 1 |1 1 1 1 1 1 3 12 6 1 1 5 1 12 1 1 |1 1 1 1 1 1 2 5 1 1 3 2 1 7 1 1 |1 7 1 2 2 1 2 6 1 1 3 1 6 1 6 10 |19 1 1 1 1 1 7 1 12 13 9 7 1 1 3 6 |
16456: 1 1 1 1 1 1 6 1 7 1 1 1 1 1 3 2 |1 15 1 1 1 1 3 1 1 2 2 14 9 1 1 1 |3 2 13 1 2 7 6 1 1 2 1 3 1 1 1 1 |1 1 1 1 1 1 6 9 1 1 1 10 1 1 2 2 |1 5 1 3 1 3 1 1 1 1 7 1 1 4 1 1 |1 15 1 1 1 1 1 1 8 1 1 1 1 4 2 3 |1 1 16 4 3 1 1 11 1 1 5 14 8 1 1 1 |1 1 1 2 3 1 7 11 1 1 4 1 1 1 2 1 |1 1 1 1 1 1 3 12 6 1 1 5 1 12 1 1 |1 1 1 1 1 1 2 5 1 1 3 2 1 7 1 1 |1 7 1 2 2 1 2 6 1 1 3 1 6 1 6 10 |19 1 1 1 1 1 7 1 12 13 9 7 1 1 3 6 |
16466: 1 1 1 1 1 1 9 2 3 1 1 1 7 1 17 14 |1 15 1 1 1 1 3 1 1 2 2 14 9 1 1 1 |3 2 13 1 2 7 6 1 1 2 1 3 1 1 1 1 |1 1 1 1 1 1 6 9 1 1 1 10 1 1 2 2 |1 5 1 3 1 3 1 1 1 1 7 1 1 4 1 1 |1 15 1 1 1 1 1 1 8 1 1 1 1 4 2 3 |1 1 16 4 3 1 1 11 1 1 5 14 8 1 1 1 |1 1 1 2 3 1 7 11 1 1 4 1 1 1 2 1 |1 1 1 1 1 1 3 12 6 1 1 5 1 12 1 1 |1 1 1 1 1 1 2 5 1 1 3 2 1 7 1 1 |1 7 1 2 2 1 2 6 1 1 3 1 6 1 6 10 |19 1 1 1 1 1 7 1 12 13 9 7 1 1 3 6 |
16477: 1 1 1 1 1 1 9 2 3 1 1 1 7 1 17 14 |1 1 1 1 1 2 8 1 1 1 1 1 14 1 3 6 |3 12 7 14 7 6 9 1 1 3 1 3 2 1 1 1 |1 2 2 1 1 1 4 12 1 1 1 10 1 1 2 1 |1 1 1 1 1 1 1 2 1 1 1 1 1 4 1 2 |1 1 1 2 2 1 1 1 8 1 1 1 1 5 2 3 |1 1 2 5 1 1 1 1 1 1 1 15 8 1 1 1 |1 1 1 1 1 2 6 13 1 1 4 1 1 1 1 1 |1 1 1 1 1 1 3 12 6 1 1 5 1 12 1 1 |1 1 1 1 1 1 2 5 1 1 3 2 1 7 1 1 |1 7 1 2 2 1 2 6 1 1 3 1 6 1 6 10 |19 1 1 1 1 1 7 1 12 13 9 7 1 1 3 6 |
16487: 1 1 1 1 1 1 9 2 3 1 1 1 7 1 17 14 |1 1 1 1 1 2 8 1 1 1 1 1 14 1 3 6 |3 12 7 14 7 6 9 1 1 3 1 3 2 1 1 1 |1 2 2 1 1 1 4 12 1 1 1 10 1 1 2 1 |1 1 1 1 1 1 1 2 1 1 1 1 1 4 1 2 |1 1 1 2 2 1 1 1 8 1 1 1 1 5 2 3 |1 1 2 5 1 1 1 1 1 1 1 15 8 1 1 1 |1 1 1 1 1 2 6 13 1 1 4 1 1 1 1 1 |1 1 12 1 6 1 14 12 6 1 1 5 1 12 1 1 |1 1 2 1 1 1 1 6 1 1 3 2 6 12 1 1 |1 2 2 2 1 1 2 6 2 8 3 1 7 1 7 10 |15 1 1 1 1 1 1 7 1 15 7 1 1 1 5 11 |
16498: 1 1 1 1 3 1 9 2 7 1 1 1 1 1 15 13 |1 1 1 1 1 2 8 1 1 1 1 1 14 1 3 6 |3 12 7 14 7 6 9 1 1 3 1 3 2 1 1 1 |1 2 2 1 1 1 4 12 1 1 1 10 1 1 2 1 |1 1 1 1 1 1 1 2 1 1 1 1 1 4 1 2 |1 1 1 2 2 1 1 1 8 1 1 1 1 5 2 3 |1 1 2 5 1 1 1 1 1 1 1 15 8 1 1 1 |1 1 1 1 1 2 6 13 1 1 4 1 1 1 1 1 |1 1 12 1 6 1 14 12 6 1 1 5 1 12 1 1 |1 1 2 1 1 1 1 6 1 1 3 2 6 12 1 1 |1 2 2 2 1 1 2 6 2 8 3 1 7 1 7 10 |15 1 1 1 1 1 1 7 1 15 7 1 1 1 5 11 |
16509: 1 1 1 1 3 1 9 2 7 1 1 1 1 1 15 13 |1 11 1 2 1 1 8 4 1 2 2 14 15 1 5 5 |1 13 7 1 2 7 18 1 2 3 2 1 1 1 3 2 |1 4 1 1 1 1 3 10 1 1 5 6 1 1 2 1 |1 1 2 1 1 2 1 2 1 1 10 1 1 4 1 1 |1 1 1 1 1 1 1 1 10 1 1 1 1 6 1 1 |1 1 16 5 5 1 2 1 1 1 1 15 8 1 1 1 |1 1 1 1 1 2 1 10 13 7 3 1 1 1 2 2 |1 1 1 1 1 1 4 12 6 1 1 6 1 12 1 1 |1 1 2 1 1 1 1 6 1 1 3 2 6 12 1 1 |1 2 2 2 1 1 2 6 2 8 3 1 7 1 7 10 |15 1 1 1 1 1 1 7 1 15 7 1 1 1 5 11 |
16520: 1 1 1 1 3 1 9 2 7 1 1 1 1 1 15 13 |1 11 1 2 1 1 8 4 1 2 2 14 15 1 5 5 |1 13 7 1 2 7 18 1 2 3 2 1 1 1 3 2 |1 4 1 1 1 1 3 10 1 1 5 6 1 1 2 1 |1 1 2 1 1 2 1 2 1 1 10 1 1 4 1 1 |1 1 1 1 1 1 1 1 10 1 1 1 1 6 1 1 |1 1 16 5 5 1 2 1 1 1 1 15 8 1 1 1 |1 1 1 1 1 2 1 10 13 7 3 1 1 1 2 2 |1 1 1 1 1 1 4 12 6 1 1 6 1 12 1 1 |1 1 8 11 7 1 1 6 1 1 3 1 5 12 2 1 |1 7 1 2 1 1 1 9 2 1 1 1 1 1 6 9 |15 1 1 5 1 1 1 1 1 1 1 1 1 5 5 10 |
16530: 1 3 1 1 1 1 2 3 1 1 1 3 2 1 15 14 |1 11 1 2 1 1 8 4 1 2 2 14 15 1 5 5 |1 13 7 1 2 7 18 1 2 3 2 1 1 1 3 2 |1 4 1 1 1 1 3 10 1 1 5 6 1 1 2 1 |1 1 2 1 1 2 1 2 1 1 10 1 1 4 1 1 |1 1 1 1 1 1 1 1 10 1 1 1 1 6 1 1 |1 1 16 5 5 1 2 1 1 1 1 15 8 1 1 1 |1 1 1 1 1 2 1 10 13 7 3 1 1 1 2 2 |1 1 1 1 1 1 4 12 6 1 1 6 1 12 1 1 |1 1 8 11 7 1 1 6 1 1 3 1 5 12 2 1 |1 7 1 2 1 1 1 9 2 1 1 1 1 1 6 9 |15 1 1 5 1 1 1 1 1 1 1 1 1 5 5 10 |
16541: 1 3 1 1 1 1 2 3 1 1 1 3 2 1 15 14 |1 1 1 1 1 1 9 4 1 1 1 12 16 1 1 1 |3 9 13 1 2 5 5 1 3 3 1 2 1 2 1 2 |1 1 2 1 1 2 1 20 1 2 1 9 1 1 2 1 |1 7 1 1 1 1 1 2 2 10 9 2 6 1 1 1 |1 20 2 11 1 2 1 1 8 3 1 1 3 4 1 1 |1 1 2 5 2 1 2 1 1 1 5 14 2 1 1 1 |1 1 9 1 1 2 1 1 13 6 4 1 1 1 1 1 |1 1 1 1 1 1 3 12 6 1 1 5 1 12 1 1 |1 1 8 11 7 1 1 6 1 1 3 1 5 12 2 1 |1 7 1 2 1 1 1 9 2 1 1 1 1 1 6 9 |15 1 1 5 1 1 1 1 1 1 1 1 1 5 5 10 |
16552: 1 3 1 1 1 1 2 3 1 1 1 3 2 1 15 14 |1 1 1 1 1 1 9 4 1 1 1 12 16 1 1 1 |3 9 13 1 2 5 5 1 3 3 1 2 1 2 1 2 |1 1 2 1 1 2 1 20 1 2 1 9 1 1 2 1 |1 7 1 1 1 1 1 2 2 10 9 2 6 1 1 1 |1 20 2 11 1 2 1 1 8 3 1 1 3 4 1 1 |1 1 2 5 2 1 2 1 1 1 5 14 2 1 1 1 |1 1 9 1 1 2 1 1 13 6 4 1 1 1 1 1 |1 1 1 1 1 1 3 12 6 1 1 5 1 12 1 1 |1 1 1 1 1 1 1 5 1 1 14 3 6 12 2 1 |1 7 1 1 1 2 2 6 1 1 3 1 9 1 6 9 |14 1 1 5 1 1 1 1 1 16 10 2 1 1 5 11 |
16563: 1 3 1 1 1 1 2 3 1 1 1 3 2 1 15 14 |1 1 1 1 1 1 9 4 1 1 1 12 16 1 1 1 |3 9 13 1 2 5 5 1 3 3 1 2 1 2 1 2 |1 1 2 1 1 2 1 20 1 2 1 9 1 1 2 1 |1 7 1 1 1 1 1 2 2 10 9 2 6 1 1 1 |1 20 2 11 1 2 1 1 8 3 1 1 3 4 1 1 |1 1 2 5 2 1 2 1 1 1 5 14 2 1 1 1 |1 1 9 1 1 2 1 1 13 6 4 1 1 1 1 1 |1 1 1 1 1 1 3 12 6 1 1 5 1 12 1 1 |1 1 1 1 1 1 1 5 1 1 14 3 6 12 2 1 |1 7 1 1 1 2 2 6 1 1 3 1 9 1 6 9 |14 1 1 5 1 1 1 1 1 16 10 2 1 1 5 11 |
16573: 1 1 1 1 1 1 8 1 8 1 1 1 2 1 17 14 |1 1 1 1 1 1 2 2 1 1 1 1 13 1 3 8 |3 11 13 14 1 1 6 1 3 3 1 3 1 1 1 1 |1 1 2 1 1 1 2 6 1 2 4 4 1 1 2 1 |1 1 2 1 1 1 1 3 1 2 8 1 1 5 1 1 |1 1 1 2 2 1 1 1 11 1 1 2 1 4 1 3 |1 10 16 2 5 1 1 10 1 1 2 14 8 1 1 1 |1 1 9 1 1 2 1 1 13 6 4 1 1 1 1 1 |1 1 1 1 1 1 3 12 6 1 1 5 1 12 1 1 |1 1 1 1 1 1 1 5 1 1 14 3 6 12 2 1 |1 7 1 1 1 2 2 6 1 1 3 1 9 1 6 9 |14 1 1 5 1 1 1 1 1 16 10 2 1 1 5 11 |
16584: 1 1 1 1 1 1 8 1 8 1 1 1 2 1 17 14 |1 1 1 1 1 1 2 2 1 1 1 1 13 1 3 8 |3 11 13 14 1 1 6 1 3 3 1 3 1 1 1 1 |1 1 2 1 1 1 2 6 1 2 4 4 1 1 2 1 |1 1 2 1 1 1 1 3 1 2 8 1 1 5 1 1 |1 1 1 2 2 1 1 1 11 1 1 2 1 4 1 3 |1 10 16 2 5 1 1 10 1 1 2 14 8 1 1 1 |1 1 1 1 1 2 1 12 1 1 1 1 1 1 4 3 |1 1 11 1 4 1 3 12 7 1 1 5 1 14 1 1 |2 1 3 1 10 1 1 7 1 1 2 1 1 1 2 2 |1 7 1 1 1 1 2 6 2 8 7 1 1 1 6 9 |15 1 2 1 2 1 1 1 1 15 7 1 1 2 5 11 |
16595: 1 1 1 1 1 1 8 1 8 1 1 1 2 1 17 14 |1 1 1 1 1 1 2 2 1 1 1 1 13 1 3 8 |3 11 13 14 1 1 6 1 3 3 1 3 1 1 1 1 |1 1 2 1 1 1 2 6 1 2 4 4 1 1 2 1 |1 1 2 1 1 1 1 3 1 2 8 1 1 5 1 1 |1 1 1 2 2 1 1 1 11 1 1 2 1 4 1 3 |1 10 16 2 5 1 1 10 1 1 2 14 8 1 1 1 |1 1 1 1 1 2 1 12 1 1 1 1 1 1 4 3 |1 1 11 1 4 1 3 12 7 1 1 5 1 14 1 1 |2 1 3 1 10 1 1 7 1 1 2 1 1 1 2 2 |1 7 1 1 1 1 2 6 2 8 7 1 1 1 6 9 |15 1 2 1 2 1 1 1 1 15 7 1 1 2 5 11 |
16606: 1 1 1 1 1 1 9 2 6 1 1 2 1 1 15 13 |4 13 1 1 1 1 3 1 1 2 2 13 5 1 1 12 |1 14 12 1 9 1 17 1 1 4 1 2 1 3 1 1 |1 1 1 1 1 2 1 2 1 2 3 10 1 1 2 1 |1 1 4 1 1 3 1 2 1 1 10 1 8 1 1 1 |1 1 1 1 1 1 1 12 3 1 1 1 2 4 4 1 |1 10 16 2 5 1 1 10 1 1 2 14 8 1 1 1 |1 1 1 1 1 2 1 12 1 1 1 1 1 1 4 3 |1 1 11 1 4 1 3 12 7 1 1 5 1 14 1 1 |2 1 3 1 10 1 1 7 1 1 2 1 1 1 2 2 |1 7 1 1 1 1 2 6 2 8 7 1 1 1 6 9 |15 1 2 1 2 1 1 1 1 15 7 1 1 2 5 11 |
16616: 1 1 1 1 1 1 9 2 6 1 1 2 1 1 15 13 |4 13 1 1 1 1 3 1 1 2 2 13 5 1 1 12 |1 14 12 1 9 1 17 1 1 4 1 2 1 3 1 1 |1 1 1 1 1 2 1 2 1 2 3 10 1 1 2 1 |1 1 4 1 1 3 1 2 1 1 10 1 8 1 1 1 |1 1 1 1 1 1 1 12 3 1 1 1 2 4 4 1 |1 1 1 1 5 1 1 11 1 1 1 16 8 1 1 1 |1 8 1 1 1 1 1 12 13 7 1 1 1 1 3 1 |1 1 1 1 1 1 11 12 7 1 1 5 1 10 1 1 |1 1 1 1 1 1 1 5 1 1 15 1 5 11 2 1 |1 1 2 2 1 1 1 2 2 12 1 1 6 1 7 9 |15 1 1 5 1 1 1 1 1 15 9 1 1 5 5 12 |
16627: 1 1 1 1 1 1 9 2 6 1 1 2 1 1 15 13 |4 13 1 1 1 1 3 1 1 2 2 13 5 1 1 12 |1 14 12 1 9 1 17 1 1 4 1 2 1 3 1 1 |1 1 1 1 1 2 1 2 1 2 3 10 1 1 2 1 |1 1 4 1 1 3 1 2 1 1 10 1 8 1 1 1 |1 1 1 1 1 1 1 12 3 1 1 1 2 4 4 1 |1 1 1 1 5 1 1 11 1 1 1 16 8 1 1 1 |1 8 1 1 1 1 1 12 13 7 1 1 1 1 3 1 |1 1 1 1 1 1 11 12 7 1 1 5 1 10 1 1 |1 1 1 1 1 1 1 5 1 1 15 1 5 11 2 1 |1 1 2 2 1 1 1 2 2 12 1 1 6 1 7 9 |15 1 1 5 1 1 1 1 1 15 9 1 1 5 5 12 |
16638: 1 1 1 1 1 1 11 3 1 1 1 1 1 1 6 3 |1 1 1 1 1 1 4 1 1 2 2 12 8 2 1 13 |2 15 2 1 2 5 15 2 1 2 1 1 1 1 1 1 |1 1 1 1 1 1 5 11 1 1 1 9 1 2 2 1 |1 7 1 9 1 3 1 2 1 1 1 3 1 4 1 1 |1 1 1 1 1 2 1 1 9 2 1 1 1 5 3 1 |1 1 15 10 2 1 2 1 1 1 2 15 10 1 1 1 |1 1 1 1 1 2 1 1 13 8 4 1 1 1 2 1 |1 1 1 1 1 1 11 12 7 1 1 5 1 10 1 1 |1 1 1 1 1 1 1 5 1 1 15 1 5 11 2 1 |1 1 2 2 1 1 1 2 2 12 1 1 6 1 7 9 |15 1 1 5 1 1 1 1 1 15 9 1 1 5 5 12 |
16649: 1 1 1 1 1 1 11 3 1 1 1 1 1 1 6 3 |1 1 1 1 1 1 4 1 1 2 2 12 8 2 1 13 |2 15 2 1 2 5 15 2 1 2 1 1 1 1 1 1 |1 1 1 1 1 1 5 11 1 1 1 9 1 2 2 1 |1 7 1 9 1 3 1 2 1 1 1 3 1 4 1 1 |1 1 1 1 1 2 1 1 9 2 1 1 1 5 3 1 |1 1 15 10 2 1 2 1 1 1 2 15 10 1 1 1 |1 1 1 1 1 2 1 1 13 8 4 1 1 1 2 1 |1 1 1 1 2 1 1 2 1 1 1 1 1 12 1 1 |1 1 1 1 1 1 1 5 1 1 3 1 6 12 3 1 |1 1 1 2 1 1 2 6 2 8 3 1 8 1 7 9 |15 1 1 5 1 1 1 1 1 2 1 1 1 5 5 10 |
16659: 1 1 1 1 1 1 11 3 1 1 1 1 1 1 6 3 |1 1 1 1 1 1 4 1 1 2 2 12 8 2 1 13 |2 15 2 1 2 5 15 2 1 2 1 1 1 1 1 1 |1 1 1 1 1 1 5 11 1 1 1 9 1 2 2 1 |1 7 1 9 1 3 1 2 1 1 1 3 1 4 1 1 |1 1 1 1 1 2 1 1 9 2 1 1 1 5 3 1 |1 1 15 10 2 1 2 1 1 1 2 15 10 1 1 1 |1 1 1 1 1 2 1 1 13 8 4 1 1 1 2 1 |1 1 1 1 2 1 1 2 1 1 1 1 1 12 1 1 |1 1 1 1 1 1 1 5 1 1 3 1 6 12 3 1 |1 1 1 2 1 1 2 6 2 8 3 1 8 1 7 9 |15 1 1 5 1 1 1 1 1 2 1 1 1 5 5 10 |
16670: 1 1 1 1 1 1 9 2 3 1 1 1 1 1 16 14 |1 1 1 1 1 1 9 4 1 1 2 1 9 2 1 1 |1 12 12 15 8 7 4 1 4 5 1 2 1 2 1 1 |1 5 2 1 1 2 1 5 1 2 1 1 1 1 2 1 |1 1 1 1 1 1 1 2 1 1 7 1 1 3 1 1 |1 12 1 5 1 1 1 1 8 1 1 2 1 3 1 1 |1 1 15 10 2 1 2 1 1 1 2 15 10 1 1 1 |1 1 1 1 1 2 1 1 13 8 4 1 1 1 2 1 |1 1 1 1 2 1 1 2 1 1 1 1 1 12 1 1 |1 1 1 1 1 1 1 5 1 1 3 1 6 12 3 1 |1 1 1 2 1 1 2 6 2 8 3 1 8 1 7 9 |15 1 1 5 1 1 1 1 1 2 1 1 1 5 5 10 |
16681: 1 1 1 1 1 1 9 2 3 1 1 1 1 1 16 14 |1 1 1 1 1 1 9 4 1 1 2 1 9 2 1 1 |1 12 12 15 8 7 4 1 4 5 1 2 1 2 1 1 |1 5 2 1 1 2 1 5 1 2 1 1 1 1 2 1 |1 1 1 1 1 1 1 2 1 1 7 1 1 3 1 1 |1 12 1 5 1 1 1 1 8 1 1 2 1 3 1 1 |1 1 1 9 4 1 1 10 1 1 1 15 3 1 1 1 |1 1 1 1 1 2 7 12 13 8 1 1 1 1 2 1 |1 1 5 1 3 1 15 12 7 1 1 5 1 12 1 1 |1 1 1 1 1 1 1 9 1 1 3 1 5 12 1 1 |1 7 1 1 1 1 2 6 2 8 3 1 5 1 6 10 |15 1 1 5 1 1 1 1 1 15 7 1 1 5 4 11 |
16692: 1 1 1 1 1 1 9 2 3 1 1 1 1 1 16 14 |1 1 1 1 1 1 9 4 1 1 2 1 9 2 1 1 |1 12 12 15 8 7 4 1 4 5 1 2 1 2 1 1 |1 5 2 1 1 2 1 5 1 2 1 1 1 1 2 1 |1 1 1 1 1 1 1 2 1 1 7 1 1 3 1 1 |1 12 1 5 1 1 1 1 8 1 1 2 1 3 1 1 |1 1 1 9 4 1 1 10 1 1 1 15 3 1 1 1 |1 1 1 1 1 2 7 12 13 8 1 1 1 1 2 1 |1 1 5 1 3 1 15 12 7 1 1 5 1 12 1 1 |1 1 1 1 1 1 1 9 1 1 3 1 5 12 1 1 |1 7 1 1 1 1 2 6 2 8 3 1 5 1 6 10 |15 1 1 5 1 1 1 1 1 15 7 1 1 5 4 11 |
16703: 1 1 1 1 1 1 8 1 6 1 1 1 1 1 3 2 |4 8 1 1 1 1 8 4 1 2 2 5 9 1 1 1 |1 14 7 1 10 1 16 5 1 4 1 1 1 1 1 1 |1 1 1 1 1 2 4 11 1 2 1 1 1 1 3 1 |1 1 1 1 1 2 1 2 1 1 9 1 1 5 2 1 |1 12 1 5 1 1 1 1 8 1 1 2 1 3 1 1 |1 1 1 9 4 1 1 10 1 1 1 15 3 1 1 1 |1 1 1 1 1 2 7 12 13 8 1 1 1 1 2 1 |1 1 5 1 3 1 15 12 7 1 1 5 1 12 1 1 |1 1 1 1 1 1 1 9 1 1 3 1 5 12 1 1 |1 7 1 1 1 1 2 6 2 8 3 1 5 1 6 10 |15 1 1 5 1 1 1 1 1 15 7 1 1 5 4 11 |
16714: 1 1 1 1 1 1 8 1 6 1 1 1 1 1 3 2 |4 8 1 1 1 1 8 4 1 2 2 5 9 1 1 1 |1 14 7 1 10 1 16 5 1 4 1 1 1 1 1 1 |1 1 1 1 1 2 4 11 1 2 1 1 1 1 3 1 |1 1 1 1 1 2 1 2 1 1 9 1 1 5 2 1 |1 4 1 1 1 2 1 12 8 3 1 1 1 4 2 1 |1 1 7 12 3 2 1 11 1 1 5 15 7 1 1 1 |1 8 1 1 1 1 1 1 1 1 1 1 1 1 1 2 |1 1 1 1 1 1 3 12 7 1 1 5 1 12 1 1 |1 1 2 1 10 1 2 5 2 1 1 1 5 12 1 1 |1 6 1 1 1 1 1 9 2 13 2 1 9 1 6 9 |15 1 1 6 1 1 1 1 1 15 8 1 1 1 5 11 |
16724: 1 1 1 1 1 1 8 1 6 1 1 1 1 1 3 2 |4 8 1 1 1 1 8 4 1 2 2 5 9 1 1 1 |1 14 7 1 10 1 16 5 1 4 1 1 1 1 1 1 |1 1 1 1 1 2 4 11 1 2 1 1 1 1 3 1 |1 1 1 1 1 2 1 2 1 1 9 1 1 5 2 1 |1 4 1 1 1 2 1 12 8 3 1 1 1 4 2 1 |1 1 7 12 3 2 1 11 1 1 5 15 7 1 1 1 |1 8 1 1 1 1 1 1 1 1 1 1 1 1 1 2 |1 1 1 1 1 1 3 12 7 1 1 5 1 12 1 1 |1 1 2 1 10 1 2 5 2 1 1 1 5 12 1 1 |1 6 1 1 1 1 1 9 2 13 2 1 9 1 6 9 |15 1 1 6 1 1 1 1 1 15 8 1 1 1 5 11 |
16735: 1 3 1 1 1 1 1 2 3 1 1 2 1 1 5 3 |1 15 1 1 1 1 8 4 1 1 2 13 14 2 1 1 |4 7 2 1 1 6 5 1 1 3 2 1 3 1 1 1 |1 1 1 1 1 2 4 11 1 2 1 1 1 1 3 1 |1 1 1 1 1 2 1 2 1 1 9 1 1 5 2 1 |1 4 1 1 1 2 1 12 8 3 1 1 1 4 2 1 |1 1 7 12 3 2 1 11 1 1 5 15 7 1 1 1 |1 8 1 1 1 1 1 1 1 1 1 1 1 1 1 2 |1 1 1 1 1 1 3 12 7 1 1 5 1 12 1 1 |1 1 2 1 10 1 2 5 2 1 1 1 5 12 1 1 |1 6 1 1 1 1 1 9 2 13 2 1 9 1 6 9 |15 1 1 6 1 1 1 1 1 15 8 1 1 1 5 11 |
16746: 1 3 1 1 1 1 1 2 3 1 1 2 1 1 5 3 |1 15 1 1 1 1 8 4 1 1 2 13 14 2 1 1 |4 7 2 1 1 6 5 1 1 3 2 1 3 1 1 1 |1 1 1 2 1 1 4 10 1 2 1 8 1 1 1 1 |1 7 1 1 1 2 2 2 1 12 8 1 1 4 2 1 |1 1 1 1 1 2 1 1 9 1 1 1 1 4 2 1 |1 1 2 1 1 1 1 11 1 1 4 16 8 1 1 1 |1 1 1 1 2 1 1 12 1 1 1 1 1 1 1 2 |1 1 12 1 1 1 1 2 2 1 1 13 1 12 1 1 |1 1 2 1 1 1 1 5 1 1 3 1 5 12 2 1 |1 1 8 8 1 1 2 6 2 8 7 1 4 1 6 10 |15 1 1 6 1 1 1 1 1 15 8 1 1 1 5 11 |
16756: 1 3 1 1 1 1 1 2 3 1 1 2 1 1 5 3 |1 15 1 1 1 1 8 4 1 1 2 13 14 2 1 1 |4 7 2 1 1 6 5 1 1 3 2 1 3 1 1 1 |1 1 1 2 1 1 4 10 1 2 1 8 1 1 1 1 |1 7 1 1 1 2 2 2 1 12 8 1 1 4 2 1 |1 1 1 1 1 2 1 1 9 1 1 1 1 4 2 1 |1 1 2 1 1 1 1 11 1 1 4 16 8 1 1 1 |1 1 1 1 2 1 1 12 1 1 1 1 1 1 1 2 |1 1 12 1 1 1 1 2 2 1 1 13 1 12 1 1 |1 1 2 1 1 1 1 5 1 1 3 1 5 12 2 1 |1 1 8 8 1 1 2 6 2 8 7 1 4 1 6 10 |14 1 1 1 1 1 1 1 1 16 10 1 1 1 4 10 |
16767: 1 4 1 1 1 1 9 2 6 1 1 1 6 1 15 14 |3 7 1 1 1 1 9 4 1 1 3 6 15 1 1 1 |1 13 9 3 9 5 7 1 1 3 1 2 1 1 1 1 |1 1 1 2 1 1 4 10 1 2 1 8 1 1 1 1 |1 7 1 1 1 2 2 2 1 12 8 1 1 4 2 1 |1 1 1 1 1 2 1 1 9 1 1 1 1 4 2 1 |1 1 2 1 1 1 1 11 1 1 4 16 8 1 1 1 |1 1 1 1 2 1 1 12 1 1 1 1 1 1 1 2 |1 1 12 1 1 1 1 2 2 1 1 13 1 12 1 1 |1 1 2 1 1 1 1 5 1 1 3 1 5 12 2 1 |1 1 8 8 1 1 2 6 2 8 7 1 4 1 6 10 |14 1 1 1 1 1 1 1 1 16 10 1 1 1 4 10 |
16778: 1 4 1 1 1 1 9 2 6 1 1 1 6 1 15 14 |3 7 1 1 1 1 9 4 1 1 3 6 15 1 1 1 |1 13 9 3 9 5 7 1 1 3 1 2 1 1 1 1 |1 1 2 1 1 2 4 10 1 2 1 10 1 1 3 1 |1 1 1 1 1 1 1 2 1 1 8 1 9 2 1 1 |1 1 1 1 1 1 1 1 8 1 1 1 1 5 2 1 |9 4 1 5 2 1 1 11 1 2 1 9 1 1 1 4 |1 1 1 1 1 2 1 11 13 7 1 1 1 1 1 1 |1 1 2 1 2 1 15 12 7 1 1 5 1 12 1 1 |1 1 1 1 1 1 1 6 2 1 1 2 1 6 3 1 |1 6 2 1 4 1 2 6 2 1 3 1 5 1 7 14 |14 1 1 1 1 1 1 1 1 16 10 1 1 1 4 10 |
16789: 1 4 1 1 1 1 9 2 6 1 1 1 6 1 15 14 |3 7 1 1 1 1 9 4 1 1 3 6 15 1 1 1 |1 13 9 3 9 5 7 1 1 3 1 2 1 1 1 1 |1 1 2 1 1 2 4 10 1 2 1 10 1 1 3 1 |1 1 1 1 1 1 1 2 1 1 8 1 9 2 1 1 |1 1 1 1 1 1 1 1 8 1 1 1 1 5 2 1 |9 4 1 5 2 1 1 11 1 2 1 9 1 1 1 4 |1 1 1 1 1 2 1 11 13 7 1 1 1 1 1 1 |1 1 2 1 2 1 15 12 7 1 1 5 1 12 1 1 |1 1 1 1 1 1 1 6 2 1 1 2 1 6 3 1 |1 6 2 1 4 1 2 6 2 1 3 1 5 1 7 14 |15 1 1 5 1 1 1 1 1 15 9 1 1 1 4 10 |
16799: 1 1 1 1 1 1 9 3 6 1 1 1 3 1 16 14 |4 3 2 1 1 1 4 1 1 1 2 14 8 3 1 1 |1 13 9 3 9 5 7 1 1 3 1 2 1 1 1 1 |1 1 2 1 1 2 4 10 1 2 1 10 1 1 3 1 |1 1 1 1 1 1 1 2 1 1 8 1 9 2 1 1 |1 1 1 1 1 1 1 1 8 1 1 1 1 5 2 1 |9 4 1 5 2 1 1 11 1 2 1 9 1 1 1 4 |1 1 1 1 1 2 1 11 13 7 1 1 1 1 1 1 |1 1 2 1 2 1 15 12 7 1 1 5 1 12 1 1 |1 1 1 1 1 1 1 6 2 1 1 2 1 6 3 1 |1 6 2 1 4 1 2 6 2 1 3 1 5 1 7 14 |15 1 1 5 1 1 1 1 1 15 9 1 1 1 4 10 |
16810: 1 1 1 1 1 1 9 3 6 1 1 1 3 1 16 14 |4 3 2 1 1 1 4 1 1 1 2 14 8 3 1 1 |1 14 8 1 1 1 15 1 1 5 1 3 1 1 1 1 |1 1 1 2 1 2 1 5 1 2 1 12 1 1 2 1 |1 1 3 1 1 1 1 1 1 1 8 1 9 1 1 1 |1 1 1 1 1 3 1 1 4 3 1 1 1 6 1 1 |1 1 12 10 4 1 1 11 1 1 2 15 8 1 1 1 |3 1 1 1 1 1 6 11 13 6 1 3 1 1 1 1 |1 1 1 1 1 1 3 13 6 1 1 5 1 12 1 1 |1 1 4 1 1 1 1 4 1 3 3 1 5 12 1 1 |1 6 1 1 1 1 1 8 2 12 5 1 6 1 6 9 |15 1 1 5 1 1 1 1 1 15 9 1 1 1 4 10 |
16821: 1 1 1 1 1 1 9 3 6 1 1 1 3 1 16 14 |4 3 2 1 1 1 4 1 1 1 2 14 8 3 1 1 |1 14 8 1 1 1 15 1 1 5 1 3 1 1 1 1 |1 1 1 2 1 2 1 5 1 2 1 12 1 1 2 1 |1 1 3 1 1 1 1 1 1 1 8 1 9 1 1 1 |1 1 1 1 1 3 1 1 4 3 1 1 1 6 1 1 |1 1 12 10 4 1 1 11 1 1 2 15 8 1 1 1 |3 1 1 1 1 1 6 11 13 6 1 3 1 1 1 1 |1 1 1 1 1 1 3 13 6 1 1 5 1 12 1 1 |1 1 4 1 1 1 1 4 1 3 3 1 5 12 1 1 |1 6 1 1 1 1 1 8 2 12 5 1 6 1 6 9 |15 1 1 1 1 1 1 1 1 15 8 1 1 5 4 10 |
16831: 1 1 1 1 1 1 9 3 6 1 1 1 3 1 16 14 |4 3 2 1 1 1 4 1 1 1 2 14 8 3 1 1 |1 14 8 1 1 1 15 1 1 5 1 3 1 1 1 1 |1 1 1 2 1 2 1 5 1 2 1 12 1 1 2 1 |1 1 3 1 1 1 1 1 1 1 8 1 9 1 1 1 |1 1 1 1 1 3 1 1 4 3 1 1 1 6 1 1 |1 1 12 10 4 1 1 11 1 1 2 15 8 1 1 1 |3 1 1 1 1 1 6 11 13 6 1 3 1 1 1 1 |1 1 1 1 1 1 3 13 6 1 1 5 1 12 1 1 |1 1 4 1 1 1 1 4 1 3 3 1 5 12 1 1 |1 6 1 1 1 1 1 8 2 12 5 1 6 1 6 9 |15 1 1 1 1 1 1 1 1 15 8 1 1 5 4 10 |
16841: 1 1 1 1 1 1 9 1 6 1 1 1 1 1 13 3 |4 7 1 1 1 1 3 1 1 1 2 13 9 1 1 1 |3 8 3 1 10 5 7 1 1 3 2 2 3 1 1 1 |1 1 1 2 1 1 6 10 1 1 1 9 1 1 2 1 |1 1 1 1 1 2 1 2 1 1 1 2 9 2 1 1 |1 4 1 1 1 1 1 1 7 2 1 1 1 5 1 2 |1 4 16 4 1 1 3 1 1 1 2 15 9 1 1 1 |3 1 1 1 1 1 6 11 13 6 1 3 1 1 1 1 |1 1 1 1 1 1 3 13 6 1 1 5 1 12 1 1 |1 1 4 1 1 1 1 4 1 3 3 1 5 12 1 1 |1 6 1 1 1 1 1 8 2 12 5 1 6 1 6 9 |15 1 1 1 1 1 1 1 1 15 8 1 1 5 4 10 |
16852: 1 1 1 1 1 1 9 1 6 1 1 1 1 1 13 3 |4 7 1 1 1 1 3 1 1 1 2 13 9 1 1 1 |3 8 3 1 10 5 7 1 1 3 2 2 3 1 1 1 |1 1 1 2 1 1 6 10 1 1 1 9 1 1 2 1 |1 1 1 1 1 2 1 2 1 1 1 2 9 2 1 1 |1 4 1 1 1 1 1 1 7 2 1 1 1 5 1 2 |1 4 16 4 1 1 3 1 1 1 2 15 9 1 1 1 |1 1 10 1 1 1 1 1 1 1 3 1 1 1 2 1 |1 1 1 1 1 1 1 1 2 1 1 1 1 12 1 1 |1 1 1 1 1 1 1 5 1 1 14 1 6 12 1 1 |1 1 7 1 1 1 2 7 2 2 3 1 1 1 7 9 |14 1 1 1 1 1 1 1 2 2 1 2 1 5 4 11 |
16862: 1 1 1 1 1 1 9 1 6 1 1 1 1 1 13 3 |4 7 1 1 1 1 3 1 1 1 2 13 9 1 1 1 |3 8 3 1 10 5 7 1 1 3 2 2 3 1 1 1 |1 1 1 2 1 1 6 10 1 1 1 9 1 1 2 1 |1 1 1 1 1 2 1 2 1 1 1 2 9 2 1 1 |1 4 1 1 1 1 1 1 7 2 1 1 1 5 1 2 |1 4 16 4 1 1 3 1 1 1 2 15 9 1 1 1 |1 1 10 1 1 1 1 1 1 1 3 1 1 1 2 1 |1 1 1 1 1 1 1 1 2 1 1 1 1 12 1 1 |1 1 1 1 1 1 1 5 1 1 14 1 6 12 1 1 |1 1 7 1 1 1 2 7 2 2 3 1 1 1 7 9 |14 1 1 1 1 1 1 1 2 2 1 2 1 5 4 11 |
16873: 1 5 1 1 1 1 9 2 6 1 1 1 1 1 17 8 |1 15 1 1 1 1 9 4 1 2 1 12 7 1 1 1 |1 13 14 3 10 4 7 1 1 3 2 1 2 1 1 1 |1 1 12 1 1 1 4 7 1 1 4 5 1 1 2 1 |1 7 2 1 1 3 2 2 1 1 10 2 8 3 1 1 |1 1 1 5 1 2 1 1 9 1 1 1 1 4 2 1 |1 4 16 4 1 1 3 1 1 1 2 15 9 1 1 1 |1 1 10 1 1 1 1 1 1 1 3 1 1 1 2 1 |1 1 1 1 1 1 1 1 2 1 1 1 1 12 1 1 |1 1 1 1 1 1 1 5 1 1 14 1 6 12 1 1 |1 1 7 1 1 1 2 7 2 2 3 1 1 1 7 9 |14 1 1 1 1 1 1 1 2 2 1 2 1 5 4 11 |
16884: 1 5 1 1 1 1 9 2 6 1 1 1 1 1 17 8 |1 15 1 1 1 1 9 4 1 2 1 12 7 1 1 1 |1 13 14 3 10 4 7 1 1 3 2 1 2 1 1 1 |1 1 12 1 1 1 4 7 1 1 4 5 1 1 2 1 |1 7 2 1 1 3 2 2 1 1 10 2 8 3 1 1 |1 1 1 5 1 2 1 1 9 1 1 1 1 4 2 1 |8 1 1 8 4 1 1 11 1 2 1 9 1 1 1 3 |1 1 1 1 1 1 6 11 1 1 1 1 1 1 1 2 |1 1 5 1 2 1 3 12 6 1 1 5 1 12 1 1 |1 1 1 1 1 1 1 7 2 1 1 1 5 12 2 1 |1 6 1 2 3 1 2 6 4 8 7 1 9 1 6 9 |14 1 1 1 1 1 1 1 1 15 7 1 1 5 17 11 |
16894: 1 5 1 1 1 1 9 2 6 1 1 1 1 1 17 8 |1 15 1 1 1 1 9 4 1 2 1 12 7 1 1 1 |1 13 14 3 10 4 7 1 1 3 2 1 2 1 1 1 |1 1 12 1 1 1 4 7 1 1 4 5 1 1 2 1 |1 7 2 1 1 3 2 2 1 1 10 2 8 3 1 1 |1 1 1 5 1 2 1 1 9 1 1 1 1 4 2 1 |8 1 1 8 4 1 1 11 1 2 1 9 1 1 1 3 |1 1 1 1 1 1 6 11 1 1 1 1 1 1 1 2 |1 1 5 1 2 1 3 12 6 1 1 5 1 12 1 1 |1 1 1 1 1 1 1 7 2 1 1 1 5 12 2 1 |1 6 1 2 3 1 2 6 4 8 7 1 9 1 6 9 |14 1 1 1 1 1 1 1 1 15 7 1 1 5 17 11 |
16904: 1 2 1 1 1 1 9 1 8 1 1 2 1 1 16 13 |1 2 1 1 1 1 3 1 1 3 2 13 9 2 3 5 |1 12 7 15 1 1 6 1 1 3 1 3 1 2 1 2 |1 1 1 3 4 4 2 6 1 2 1 9 1 3 1 1 |1 7 2 1 1 3 2 2 1 1 10 2 8 3 1 1 |1 1 1 5 1 2 1 1 9 1 1 1 1 4 2 1 |8 1 1 8 4 1 1 11 1 2 1 9 1 1 1 3 |1 1 1 1 1 1 6 11 1 1 1 1 1 1 1 2 |1 1 5 1 2 1 3 12 6 1 1 5 1 12 1 1 |1 1 1 1 1 1 1 7 2 1 1 1 5 12 2 1 |1 6 1 2 3 1 2 6 4 8 7 1 9 1 6 9 |14 1 1 1 1 1 1 1 1 15 7 1 1 5 17 11 |
16915: 1 2 1 1 1 1 9 1 8 1 1 2 1 1 16 13 |1 2 1 1 1 1 3 1 1 3 2 13 9 2 3 5 |1 12 7 15 1 1 6 1 1 3 1 3 1 2 1 2 |1 1 1 3 4 4 2 6 1 2 1 9 1 3 1 1 |1 1 2 1 1 2 1 1 1 1 1 2 5 4 1 1 |1 1 1 1 1 3 1 1 7 3 1 2 2 2 2 1 |1 1 3 5 2 1 1 11 1 1 1 15 8 1 1 1 |1 1 1 1 1 2 1 8 2 1 2 1 1 1 1 1 |1 1 1 1 1 1 15 12 7 1 1 5 1 12 1 1 |1 1 2 1 1 1 1 5 1 1 3 1 5 12 2 1 |1 6 1 1 1 1 1 8 1 1 2 1 7 1 6 9 |14 1 1 1 1 1 1 7 1 15 9 1 1 2 17 10 |
16925: 1 2 1 1 1 1 9 1 8 1 1 2 1 1 16 13 |1 2 1 1 1 1 3 1 1 3 2 13 9 2 3 5 |1 12 7 15 1 1 6 1 1 3 1 3 1 2 1 2 |1 1 1 3 4 4 2 6 1 2 1 9 1 3 1 1 |1 1 2 1 1 2 1 1 1 1 1 2 5 4 1 1 |1 1 1 1 1 3 1 1 7 3 1 2 2 2 2 1 |1 1 3 5 2 1 1 11 1 1 1 15 8 1 1 1 |1 1 1 1 1 2 1 8 2 1 2 1 1 1 1 1 |1 1 1 1 1 1 15 12 7 1 1 5 1 12 1 1 |1 1 2 1 1 1 1 5 1 1 3 1 5 12 2 1 |1 6 1 1 1 1 1 8 1 1 2 1 7 1 6 9 |14 1 1 1 1 1 1 7 1 15 9 1 1 2 17 10 |
16936: 1 2 1 1 1 1 9 2 3 1 1 1 1 1 3 2 |1 1 1 1 1 1 9 3 1 3 2 12 10 1 1 1 |1 12 7 15 1 1 6 1 1 3 1 3 1 2 1 2 |1 1 1 3 4 4 2 6 1 2 1 9 1 3 1 1 |1 1 2 1 1 2 1 1 1 1 1 2 5 4 1 1 |1 1 1 1 1 3 1 1 7 3 1 2 2 2 2 1 |1 1 3 5 2 1 1 11 1 1 1 15 8 1 1 1 |1 1 1 1 1 2 1 8 2 1 2 1 1 1 1 1 |1 1 1 1 1 1 15 12 7 1 1 5 1 12 1 1 |1 1 2 1 1 1 1 5 1 1 3 1 5 12 2 1 |1 6 1 1 1 1 1 8 1 1 2 1 7 1 6 9 |14 1 1 1 1 1 1 7 1 15 9 1 1 2 17 10 |
16946: 1 2 1 1 1 1 9 2 3 1 1 1 1 1 3 2 |1 1 1 1 1 1 9 3 1 3 2 12 10 1 1 1 |1 13 8 2 1 5 2 1 1 3 1 3 1 2 1 2 |1 1 1 1 1 3 2 7 1 1 1 10 1 2 2 1 |1 7 1 7 1 1 1 2 1 11 8 1 10 1 2 6 |1 1 1 1 1 1 1 1 8 2 1 1 3 3 2 1 |1 1 14 3 1 1 1 10 1 1 1 15 8 1 1 1 |1 1 1 2 1 1 6 1 1 1 1 1 1 1 2 1 |1 1 1 1 1 1 1 1 2 1 1 1 1 12 1 2 |1 1 1 1 1 1 3 6 1 1 3 1 6 12 3 1 |1 1 8 6 1 1 2 7 4 8 4 1 5 1 6 9 |14 1 1 1 1 1 1 7 1 15 9 1 1 2 17 10 |
16956: 1 2 1 1 1 1 9 2 3 1 1 1 1 1 3 2 |1 1 1 1 1 1 9 3 1 3 2 12 10 1 1 1 |1 13 8 2 1 5 2 1 1 3 1 3 1 2 1 2 |1 1 1 1 1 3 2 7 1 1 1 10 1 2 2 1 |1 7 1 7 1 1 1 2 1 11 8 1 10 1 2 6 |1 1 1 1 1 1 1 1 8 2 1 1 3 3 2 1 |1 1 14 3 1 1 1 10 1 1 1 15 8 1 1 1 |1 1 1 2 1 1 6 1 1 1 1 1 1 1 2 1 |1 1 1 1 1 1 1 1 2 1 1 1 1 12 1 2 |1 1 1 1 1 1 3 6 1 1 3 1 6 12 3 1 |1 1 8 6 1 1 2 7 4 8 4 1 5 1 6 9 |15 1 1 1 1 1 5 1 1 16 11 2 1 1 15 2 |
16967: 1 2 1 1 1 1 9 2 3 1 1 1 1 1 3 2 |1 1 1 1 1 1 9 3 1 3 2 12 10 1 1 1 |1 13 8 2 1 5 2 1 1 3 1 3 1 2 1 2 |1 1 1 1 1 3 2 7 1 1 1 10 1 2 2 1 |1 7 1 7 1 1 1 2 1 11 8 1 10 1 2 6 |1 1 1 1 1 1 1 1 8 2 1 1 3 3 2 1 |1 1 14 3 1 1 1 10 1 1 1 15 8 1 1 1 |1 1 1 2 1 1 6 1 1 1 1 1 1 1 2 1 |1 1 1 1 1 1 1 1 2 1 1 1 1 12 1 2 |1 1 1 1 1 1 3 6 1 1 3 1 6 12 3 1 |1 1 8 6 1 1 2 7 4 8 4 1 5 1 6 9 |15 1 1 1 1 1 5 1 1 16 11 2 1 1 15 2 |
16978: 1 5 1 1 1 1 9 2 6 1 1 2 5 1 17 14 |3 7 1 1 1 1 9 7 1 1 1 1 17 1 1 1 |1 12 8 2 1 7 6 1 1 3 1 3 1 2 1 1 |1 1 1 1 1 1 3 2 1 2 4 10 1 1 2 1 |1 1 1 1 1 3 1 2 1 1 9 1 1 4 1 1 |1 1 1 1 1 1 1 1 7 1 1 1 3 4 1 2 |7 4 1 5 3 1 1 11 1 2 2 1 1 1 1 3 |1 1 1 1 1 1 1 12 1 1 4 1 1 1 2 3 |1 1 2 1 1 1 3 12 6 1 1 6 1 12 1 1 |1 1 1 1 1 1 1 6 1 1 1 1 6 12 2 1 |1 1 8 6 1 1 2 7 4 8 4 1 5 1 6 9 |15 1 1 1 1 1 5 1 1 16 11 2 1 1 15 2 |
16988: 1 5 1 1 1 1 9 2 6 1 1 2 5 1 17 14 |3 7 1 1 1 1 9 7 1 1 1 1 17 1 1 1 |1 12 8 2 1 7 6 1 1 3 1 3 1 2 1 1 |1 1 1 1 1 1 3 2 1 2 4 10 1 1 2 1 |1 1 1 1 1 3 1 2 1 1 9 1 1 4 1 1 |1 1 1 1 1 1 1 1 7 1 1 1 3 4 1 2 |7 4 1 5 3 1 1 11 1 2 2 1 1 1 1 3 |1 1 1 1 1 1 1 12 1 1 4 1 1 1 2 3 |1 1 2 1 1 1 3 12 6 1 1 6 1 12 1 1 |1 1 1 1 1 1 1 6 1 1 1 1 6 12 2 1 |1 7 1 1 3 1 2 6 2 8 3 1 5 1 7 9 |15 1 1 5 1 1 1 1 1 15 8 1 1 5 4 10 |
16999: 1 5 1 1 1 1 9 2 6 1 1 2 5 1 17 14 |3 7 1 1 1 1 9 7 1 1 1 1 17 1 1 1 |1 12 8 2 1 7 6 1 1 3 1 3 1 2 1 1 |1 1 1 1 1 1 3 2 1 2 4 10 1 1 2 1 |1 1 1 1 1 3 1 2 1 1 9 1 1 4 1 1 |1 1 1 1 1 1 1 1 7 1 1 1 3 4 1 2 |7 4 1 5 3 1 1 11 1 2 2 1 1 1 1 3 |1 1 1 1 1 1 1 12 1 1 4 1 1 1 2 3 |1 1 2 1 1 1 3 12 6 1 1 6 1 12 1 1 |1 1 1 1 1 1 1 6 1 1 1 1 6 12 2 1 |1 7 1 1 3 1 2 6 2 8 3 1 5 1 7 9 |15 1 1 5 1 1 1 1 1 15 8 1 1 5 4 10 |
